; generated by PrusaSlicer 2.9.0 on 2025-11-25 at 14:07:29 UTC

; 

; external perimeters extrusion width = 0.45mm
; perimeters extrusion width = 0.45mm
; infill extrusion width = 0.45mm
; solid infill extrusion width = 0.45mm
; top infill extrusion width = 0.40mm
; support material extrusion width = 0.35mm
; first layer extrusion width = 0.42mm

; external perimeters extrusion width = 0.45mm
; perimeters extrusion width = 0.45mm
; infill extrusion width = 0.45mm
; solid infill extrusion width = 0.45mm
; top infill extrusion width = 0.40mm
; support material extrusion width = 0.35mm
; first layer extrusion width = 0.42mm

; external perimeters extrusion width = 0.45mm
; perimeters extrusion width = 0.45mm
; infill extrusion width = 0.45mm
; solid infill extrusion width = 0.45mm
; top infill extrusion width = 0.40mm
; support material extrusion width = 0.35mm
; first layer extrusion width = 0.42mm

; external perimeters extrusion width = 0.45mm
; perimeters extrusion width = 0.45mm
; infill extrusion width = 0.45mm
; solid infill extrusion width = 0.45mm
; top infill extrusion width = 0.40mm
; support material extrusion width = 0.35mm
; first layer extrusion width = 0.42mm

M190 S60 ; set bed temperature and wait for it to be reached
M104 S210 ; set temperature
;TYPE:Custom
G28 ; home all axes
G1 Z5 F5000 ; lift nozzle
M109 S210 ; set temperature and wait for it to be reached
G21 ; set units to millimeters
G90 ; use absolute coordinates
M82 ; use absolute distances for extrusion
G92 E0
; Filament gcode
M107
;LAYER_CHANGE
;Z:0.35
;HEIGHT:0.35
G1 E-2 F2400
G1 Z.35 F7800
G1 X94.125 Y78.525
G1 E.00001 F2400
;TYPE:Skirt/Brim
;WIDTH:0.42
G1 F1800
G1 X95.191 Y77.481 E.07488
G1 X96.853 Y76.32 E.17662
G1 X97.954 Y75.796 E.23781
G1 X99.914 Y75.234 E.34014
G1 X101.085 Y75.102 E.39928
G1 X102.921 Y75.169 E.49148
G1 X114.577 Y77.505 E1.08808
G1 X122.932 Y79.87 E1.52386
G1 X125.458 Y80.835 E1.65957
G1 X129.671 Y82.924 E1.89557
G1 X130.505 Y83.423 E1.94434
G1 X131.917 Y84.488 E2.0331
G1 X132.849 Y85.419 E2.09921
G1 X133.497 Y86.195 E2.14995
G1 X134.26 Y87.353 E2.21955
G1 X134.835 Y88.486 E2.28331
G1 X135.329 Y89.82 E2.3547
G1 X135.724 Y91.756 E2.45386
G1 X135.8 Y93.608 E2.54688
G1 X132.097 Y134.099 E4.58744
G1 X131.926 Y135.081 E4.63746
G1 X131.699 Y135.957 E4.68287
G1 X130.968 Y137.781 E4.78149
G1 X130.04 Y139.31 E4.87125
G1 X128.902 Y140.687 E4.9609
G1 X127.887 Y141.609 E5.02972
G1 X126.57 Y142.514 E5.10992
G1 X125.397 Y143.13 E5.17641
G1 X124.105 Y143.619 E5.24574
G1 X122.079 Y144.063 E5.34983
G1 X120.315 Y144.145 E5.43845
G1 X119.233 Y144.067 E5.49289
G1 X112.847 Y142.991 E5.81789
G1 X104.034 Y140.461 E6.27804
G1 X93.925 Y136.64 E6.8204
G1 X92.151 Y135.777 E6.91941
G1 X90.453 Y134.502 E7.02597
G1 X89.541 Y133.53 E7.09286
G1 X88.283 Y131.526 E7.21161
G1 X87.769 Y130.193 E7.28331
G1 X87.357 Y128.096 E7.39056
G1 X87.308 Y125.624 E7.51464
G1 X87.307 Y98.476 E8.87709
G1 X87.425 Y97.271 E8.93785
G1 X87.792 Y95.548 E9.02626
G1 X91.419 Y83.067 E9.67854
G1 X92.033 Y81.648 E9.75613
G1 X93.129 Y79.794 E9.86422
G1 X94.088 Y78.572 E9.94218
G1 E7.94218 F2400
G92 E0
G1 X94.088 Y78.572 F7800
G92 E0
G1 X102.413 Y81.354
G1 E2 F2400
;TYPE:Support material
G1 F1800
G1 X103.122 Y81.544 E2.03684
G1 X103.943 Y82.084 E2.08616
G1 X104.565 Y82.014 E2.11757
G1 X105.904 Y82.323 E2.18654
G1 X106.732 Y82.867 E2.23626
G1 X107.34 Y82.798 E2.26697
G1 X108.679 Y83.108 E2.33595
G1 X109.505 Y83.65 E2.38553
G1 X110.115 Y83.582 E2.41633
G1 X111.078 Y83.79 E2.46577
G1 X111.299 Y83.635 E2.47932
G1 X112.912 Y83.449 E2.56081
G1 X114.392 Y84.009 E2.64022
G1 X114.688 Y84.341 E2.66254
G1 X115.696 Y84.228 E2.71344
G1 X117.17 Y84.787 E2.79255
G1 X117.474 Y85.128 E2.81548
G1 X118.47 Y85.017 E2.86577
G1 X119.943 Y85.576 E2.94484
G1 X120.247 Y85.917 E2.96777
G1 X121.243 Y85.806 E3.01806
G1 X122.716 Y86.365 E3.09713
G1 X123.783 Y87.562 E3.1776
G1 X123.843 Y87.807 E3.19026
G1 X124.641 Y87.788 E3.23032
G1 X125.245 Y87.878 E3.26097
G1 X126.315 Y88.181 E3.31678
G1 X126.929 Y88.454 E3.3505
G1 X128.11 Y89.374 E3.42563
G1 X128.757 Y90.15 E3.47633
G1 X129.332 Y91.282 E3.54005
G1 X129.572 Y92.266 E3.59088
G1 X129.645 Y93.141 E3.63495
G1 X129.577 Y94.028 E3.6796
G1 X129.351 Y94.905 E3.72505
G1 X128.986 Y95.699 E3.76891
G1 X128.532 Y96.379 E3.80994
G1 X127.896 Y97.102 E3.85827
G1 X126.618 Y97.94 E3.93497
G1 X125.323 Y98.373 E4.0035
G1 X123.846 Y98.467 E4.07777
G1 X122.982 Y98.293 E4.122
G1 X122.242 Y98.067 E4.16083
G1 X121.218 Y97.525 E4.21898
G1 X120.902 Y97.26 E4.23968
G1 X119.763 Y97.715 E4.30123
G1 X118.164 Y97.548 E4.38191
G1 X117.143 Y96.865 E4.44356
G1 X116.99 Y96.926 E4.45183
G1 X115.39 Y96.759 E4.53256
G1 X114.37 Y96.076 E4.59417
G1 X114.217 Y96.137 E4.60244
G1 X112.617 Y95.97 E4.68317
G1 X111.597 Y95.287 E4.74478
G1 X111.443 Y95.348 E4.75309
G1 X109.844 Y95.18 E4.83378
G1 X108.507 Y94.286 E4.9145
G1 X108.25 Y93.811 E4.9416
G1 X107.927 Y93.764 E4.95798
G1 X106.746 Y93.09 E5.02622
G1 X106.43 Y93.157 E5.04243
G1 X105.152 Y92.971 E5.10724
G1 X103.973 Y92.297 E5.1754
G1 X103.654 Y92.364 E5.19176
G1 X102.376 Y92.177 E5.25658
G1 X101.182 Y91.484 E5.32586
G1 X99.735 Y91.359 E5.39875
G1 X98.581 Y90.771 E5.46375
G1 X97.669 Y89.8 E5.5306
G1 X97.156 Y88.467 E5.60228
G1 X97.266 Y86.993 E5.67646
G1 X97.106 Y85.995 E5.72719
G1 X97.346 Y84.789 E5.7889
G1 X98.055 Y83.65 E5.85623
G1 X98.284 Y83.487 E5.87034
G1 X98.442 Y82.936 E5.89911
G1 X99.509 Y81.892 E5.97403
G1 X100.609 Y81.368 E6.03518
G1 X101.78 Y81.235 E6.09433
G1 X102.362 Y81.345 E6.12406
G1 X102.362 Y81.345 F7800
G1 X111.818 Y88.041
G1 F1800
G1 X112.087 Y87.94 E6.13848
G1 X122.498 Y90.902 E6.6817
G1 X122.673 Y91.217 E6.69978
G1 X121.986 Y93.632 E6.82579
G1 X121.671 Y93.808 E6.8439
G1 X111.265 Y90.847 E7.38687
G1 X111.092 Y90.632 E7.40072
G1 X111.134 Y89.643 E7.4504
G1 X111.295 Y89.03 E7.48221
G1 X111.79 Y88.085 E7.53575
G1 X111.79 Y88.085 F7800
G1 X101.162 Y85.217
G1 F1800
G1 X101.444 Y85.127 E7.55061
G1 X102.68 Y85.475 E7.61505
G1 X102.359 Y85.682 E7.63422
G1 X103.384 Y85.97 E7.68765
G1 X103.231 Y85.63 E7.70636
G1 X105.459 Y86.258 E7.82253
G1 X105.137 Y86.464 E7.84171
G1 X106.16 Y86.757 E7.89511
G1 X106.006 Y86.415 E7.91393
G1 X108.217 Y87.053 E8.02942
G1 X107.898 Y87.258 E8.04845
G1 X108.943 Y87.559 E8.10303
G1 X108.789 Y87.218 E8.12181
G1 X110.975 Y87.847 E8.23597
G1 X110.655 Y88.052 E8.25504
G1 X111.203 Y88.21 E8.28366
G1 X110.647 Y90.165 E8.38566
G1 X110.101 Y90.008 E8.41417
G1 X110.19 Y90.331 E8.43098
G1 X108.159 Y89.747 E8.53704
G1 X108.359 Y89.507 E8.55272
G1 X107.327 Y89.21 E8.60661
G1 X107.418 Y89.533 E8.62345
G1 X105.39 Y88.95 E8.72935
G1 X105.591 Y88.71 E8.74506
G1 X104.554 Y88.412 E8.79921
G1 X104.646 Y88.736 E8.81611
G1 X102.62 Y88.153 E8.92191
G1 X102.822 Y87.914 E8.93761
G1 X101.841 Y87.632 E8.98884
G1 X101.943 Y87.958 E9.00598
G1 X100.731 Y87.609 E9.06928
G1 X100.535 Y87.369 E9.08483
G1 X100.49 Y86.8 E9.11347
G1 X100.727 Y85.906 E9.15989
G1 X101.13 Y85.236 E9.19913
G1 E7.19913 F2400
G92 E0
G1 X101.13 Y85.236 F7800
G1 X129.201 Y94.86
G1 E2 F2400
G1 F1800
G1 X129.201 Y92.052 E2.14092
G1 X129.039 Y91.39 E2.17512
G1 X128.817 Y90.953 E2.19972
G1 X128.817 Y95.322 E2.41898
G1 X128.434 Y95.967 E2.45663
G1 X128.434 Y90.247 E2.74369
G1 X128.051 Y89.788 E2.77369
G1 X128.051 Y96.456 E3.10833
G1 X127.668 Y96.884 E3.13715
G1 X127.668 Y89.388 E3.51334
G1 X127.285 Y89.087 E3.53779
G1 X127.285 Y97.161 E3.94299
G1 X126.901 Y97.423 E3.96632
G1 X126.901 Y88.815 E4.39832
G1 X126.518 Y88.611 E4.4201
G1 X126.518 Y97.639 E4.87318
G1 X126.135 Y97.807 E4.89417
G1 X126.135 Y88.448 E5.36386
G1 X125.752 Y88.317 E5.38417
G1 X125.752 Y97.933 E5.86676
G1 X125.368 Y98.039 E5.88675
G1 X125.368 Y88.222 E6.37943
G1 X124.985 Y88.153 E6.39896
G1 X124.985 Y98.11 E6.89866
G1 X124.602 Y98.145 E6.91796
G1 X124.602 Y88.098 E7.42218
G1 X124.219 Y88.098 E7.4414
G1 X124.219 Y98.151 E7.94592
G1 X123.836 Y98.148 E7.96514
G1 X123.836 Y88.119 E8.46845
G1 X123.604 Y88.133 E8.48011
G1 X123.452 Y87.658 E8.50514
G1 X123.452 Y98.071 E9.02773
G1 X123.069 Y97.994 E9.04734
G1 X123.069 Y87.228 E9.58764
G1 X122.686 Y86.798 E9.61654
G1 X122.686 Y90.633 E9.809
G1 X122.303 Y90.524 E9.82898
G1 X122.303 Y86.54 E10.02892
G1 X121.92 Y86.395 E10.04947
G1 X121.92 Y90.415 E10.25122
G1 X121.536 Y90.305 E10.27127
G1 X121.536 Y86.25 E10.47477
G1 X121.203 Y86.123 E10.49266
G1 X121.153 Y90.196 E10.69708
G1 X120.77 Y90.087 E10.71706
G1 X120.77 Y86.171 E10.91359
G1 X120.387 Y86.214 E10.93293
G1 X120.387 Y89.978 E11.12183
G1 X120.004 Y89.869 E11.14181
G1 X120.004 Y86.111 E11.33041
G1 X119.762 Y85.839 E11.34868
G1 X119.62 Y85.786 E11.35629
G1 X119.62 Y89.76 E11.55573
G1 X119.237 Y89.651 E11.57571
G1 X119.237 Y85.64 E11.77701
G1 X118.854 Y85.495 E11.79756
G1 X118.854 Y89.542 E12.00066
G1 X118.471 Y89.433 E12.02064
G1 X118.43 Y85.334 E12.22636
G1 X118.087 Y85.372 E12.24368
G1 X118.087 Y89.324 E12.44201
G1 X117.704 Y89.215 E12.46199
G1 X117.704 Y85.415 E12.6527
G1 X117.321 Y85.423 E12.67193
G1 X117.321 Y89.106 E12.85676
G1 X116.938 Y88.997 E12.87674
G1 X116.938 Y85.031 E13.07578
G1 X116.555 Y84.886 E13.09633
G1 X116.555 Y88.888 E13.29717
G1 X116.171 Y88.779 E13.3172
G1 X116.171 Y84.74 E13.5199
G1 X115.788 Y84.595 E13.54045
G1 X115.788 Y88.67 E13.74496
G1 X115.405 Y88.561 E13.76494
G1 X115.405 Y84.573 E13.96508
G1 X115.022 Y84.616 E13.98442
G1 X115.022 Y88.452 E14.17693
G1 X114.639 Y88.343 E14.19691
G1 X114.639 Y84.659 E14.38179
G1 X114.563 Y84.667 E14.38563
G1 X114.255 Y84.322 E14.40884
G1 X114.255 Y88.234 E14.60517
G1 X113.872 Y88.125 E14.62515
G1 X113.872 Y84.144 E14.82494
G1 X113.489 Y83.999 E14.84549
G1 X113.489 Y88.016 E15.04709
G1 X113.106 Y87.907 E15.06707
G1 X113.106 Y83.854 E15.27047
G1 X112.873 Y83.766 E15.28297
G1 X112.723 Y83.783 E15.29055
G1 X112.723 Y87.798 E15.49205
G1 X112.339 Y87.689 E15.51208
G1 X112.339 Y83.827 E15.7059
G1 X111.956 Y83.872 E15.72525
G1 X111.956 Y87.823 E15.92353
G1 E13.92353 F2400
G92 E0
G1 X111.956 Y87.823 F7800
G1 X122.686 Y98.041
G1 E2 F2400
G1 F1800
G1 X122.686 Y92.305 E2.28787
G1 X122.303 Y93.652 E2.35815
G1 X122.303 Y97.748 E2.56371
G1 X121.92 Y97.546 E2.58544
G1 X121.92 Y94.025 E2.76214
G1 X121.71 Y94.141 E2.77418
G1 X121.536 Y94.092 E2.78325
G1 X121.536 Y97.343 E2.9464
G1 X121.153 Y97.065 E2.97015
G1 X121.153 Y93.983 E3.12482
G1 X120.77 Y93.874 E3.1448
G1 X120.77 Y96.979 E3.30063
G1 X120.387 Y97.132 E3.32133
G1 X120.387 Y93.765 E3.49031
G1 X120.004 Y93.656 E3.51029
G1 X120.004 Y97.285 E3.69241
G1 X119.62 Y97.388 E3.71236
G1 X119.62 Y93.547 E3.90512
G1 X119.237 Y93.438 E3.9251
G1 X119.237 Y97.348 E4.12133
G1 X118.854 Y97.308 E4.14066
G1 X118.854 Y93.329 E4.34035
G1 X118.471 Y93.22 E4.36033
G1 X118.471 Y97.268 E4.56348
G1 X118.272 Y97.247 E4.57352
G1 X118.087 Y97.123 E4.5847
G1 X118.087 Y93.111 E4.78605
G1 X117.704 Y93.002 E4.80603
G1 X117.704 Y96.867 E5
G1 X117.321 Y96.611 E5.02312
G1 X117.321 Y92.893 E5.20971
G1 X116.938 Y92.784 E5.22969
G1 X116.938 Y96.609 E5.42165
G1 X116.555 Y96.569 E5.44098
G1 X116.555 Y92.675 E5.6364
G1 X116.171 Y92.566 E5.65643
G1 X116.171 Y96.528 E5.85527
G1 X115.788 Y96.488 E5.8746
G1 X115.788 Y92.457 E6.0769
G1 X115.405 Y92.348 E6.09688
G1 X115.405 Y96.395 E6.29998
G1 X115.022 Y96.139 E6.3231
G1 X115.022 Y92.239 E6.51883
G1 X114.639 Y92.13 E6.53881
G1 X114.639 Y95.882 E6.72711
G1 X114.407 Y95.727 E6.74111
G1 X114.255 Y95.788 E6.74933
G1 X114.255 Y92.021 E6.93838
G1 X113.872 Y91.912 E6.95836
G1 X113.872 Y95.789 E7.15293
G1 X113.489 Y95.749 E7.17226
G1 X113.489 Y91.803 E7.37029
G1 X113.106 Y91.693 E7.39029
G1 X113.106 Y95.709 E7.59184
G1 X112.723 Y95.667 E7.61118
G1 X112.723 Y91.584 E7.81609
G1 X112.339 Y91.475 E7.83612
G1 X112.339 Y95.41 E8.0336
G1 X111.956 Y95.154 E8.05672
G1 X111.956 Y91.366 E8.24682
G1 X111.573 Y91.257 E8.2668
G1 X111.573 Y94.962 E8.45274
G1 X111.19 Y95.01 E8.47211
G1 X111.19 Y91.148 E8.66593
G1 X111.086 Y91.119 E8.67135
G1 X110.806 Y90.772 E8.69373
G1 X110.806 Y94.969 E8.90436
G1 X110.423 Y94.929 E8.92369
G1 X110.423 Y90.721 E9.13487
G1 X110.04 Y90.611 E9.15487
G1 X110.04 Y94.889 E9.36957
G1 X109.657 Y94.682 E9.39142
G1 X109.657 Y90.501 E9.60125
G1 X109.274 Y90.39 E9.62126
G1 X109.274 Y94.426 E9.82381
G1 X108.89 Y94.169 E9.847
G1 X108.89 Y90.28 E10.04217
G1 X108.507 Y90.17 E10.06217
G1 X108.507 Y93.635 E10.23606
G1 X108.449 Y93.526 E10.24226
G1 X108.124 Y93.479 E10.25874
G1 X108.124 Y90.06 E10.43033
G1 X107.741 Y89.949 E10.45034
G1 X107.741 Y93.312 E10.61912
G1 X107.358 Y93.107 E10.64092
G1 X107.358 Y89.839 E10.80493
G1 X106.974 Y89.729 E10.82498
G1 X106.974 Y92.88 E10.98312
G1 X106.855 Y92.75 E10.99196
G1 X106.591 Y92.806 E11.0055
G1 X106.591 Y89.619 E11.16544
G1 X106.208 Y89.508 E11.18545
G1 X106.208 Y92.811 E11.35121
G1 X105.825 Y92.755 E11.37064
G1 X105.825 Y89.398 E11.53911
G1 X105.442 Y89.288 E11.55911
G1 X105.442 Y92.699 E11.73029
G1 X105.25 Y92.671 E11.74003
G1 X105.058 Y92.568 E11.75096
G1 X105.058 Y89.177 E11.92114
G1 X104.675 Y89.067 E11.94114
G1 X104.675 Y92.362 E12.1065
G1 X104.292 Y92.156 E12.12833
G1 X104.292 Y88.957 E12.28887
G1 X103.909 Y88.847 E12.30887
G1 X103.909 Y91.993 E12.46675
G1 X103.525 Y92.032 E12.48612
G1 X103.525 Y88.736 E12.65153
G1 X103.142 Y88.626 E12.67153
G1 X103.142 Y91.976 E12.83965
G1 X102.759 Y91.919 E12.85908
G1 X102.759 Y88.516 E13.02986
G1 X102.376 Y88.406 E13.04986
G1 X102.376 Y91.824 E13.2214
G1 X101.993 Y91.618 E13.24323
G1 X101.993 Y88.295 E13.41
G1 X101.609 Y88.185 E13.43005
G1 X101.609 Y91.411 E13.59195
G1 X101.226 Y91.151 E13.61518
G1 X101.226 Y88.075 E13.76955
G1 X100.843 Y87.965 E13.78955
G1 X100.843 Y91.175 E13.95065
G1 X100.46 Y91.131 E13.97
G1 X100.46 Y87.768 E14.13878
G1 X100.233 Y87.49 E14.15679
G1 X100.223 Y87.363 E14.16318
G1 X100.149 Y87.376 E14.16695
G1 X100.157 Y86.522 E14.20981
G1 X100.238 Y86.514 E14.21389
G1 X100.46 Y85.744 E14.25411
G1 X100.46 Y81.783 E14.4529
G1 X100.843 Y81.653 E14.4732
G1 X100.843 Y85.049 E14.64363
G1 X101.083 Y84.615 E14.66852
G1 X101.226 Y84.825 E14.68127
G1 X101.226 Y81.61 E14.84262
G1 X101.609 Y81.567 E14.86196
G1 X101.609 Y84.851 E15.02677
G1 X101.993 Y84.959 E15.04679
G1 X101.993 Y81.591 E15.21582
G1 X102.376 Y81.666 E15.23541
G1 X102.376 Y85.067 E15.40609
G1 X102.759 Y85.175 E15.42606
G1 X102.759 Y81.768 E15.59704
G1 X103.142 Y81.929 E15.61789
G1 X103.142 Y85.283 E15.78621
G1 X103.525 Y85.391 E15.80618
G1 X103.525 Y82.181 E15.96728
G1 X103.909 Y82.4 E15.98947
G1 X103.909 Y85.499 E16.145
G1 X104.292 Y85.607 E16.16497
G1 X104.292 Y82.357 E16.32807
G1 X104.675 Y82.351 E16.34729
G1 X104.675 Y85.715 E16.51612
G1 X105.058 Y85.823 E16.53609
G1 X105.058 Y82.423 E16.70672
G1 X105.442 Y82.52 E16.7266
G1 X105.442 Y85.931 E16.89778
G1 X105.825 Y86.039 E16.91775
G1 X105.825 Y82.643 E17.08818
G1 X106.208 Y82.894 E17.11116
G1 X106.208 Y86.151 E17.27462
G1 X106.591 Y86.261 E17.29462
G1 X106.591 Y83.146 E17.45095
G1 X106.974 Y83.152 E17.47017
G1 X106.974 Y86.371 E17.63172
G1 X107.358 Y86.482 E17.65178
G1 X107.358 Y83.118 E17.82061
G1 X107.741 Y83.19 E17.84017
G1 X107.741 Y86.592 E18.0109
G1 X108.124 Y86.703 E18.03091
G1 X108.124 Y83.28 E18.2027
G1 X108.507 Y83.383 E18.2226
G1 X108.507 Y86.813 E18.39474
G1 X108.89 Y86.924 E18.41475
G1 X108.89 Y83.618 E18.58066
G1 X109.274 Y83.87 E18.60371
G1 X109.274 Y87.034 E18.7625
G1 X109.657 Y87.145 E18.78251
G1 X109.657 Y83.946 E18.94305
G1 X110.04 Y83.903 E18.96239
G1 X110.04 Y87.255 E19.13061
G1 X110.423 Y87.365 E19.15061
G1 X110.423 Y83.956 E19.32169
G1 X110.806 Y84.039 E19.34136
G1 X110.806 Y87.476 E19.51385
G1 X111.19 Y87.586 E19.5339
G1 X111.19 Y84.091 E19.7093
G1 X111.573 Y83.916 E19.73043
G1 X111.573 Y88.136 E19.94221
G1 E17.94221 F2400
G92 E0
G1 X111.573 Y88.136 F7800
G1 X100.077 Y91.243
G1 E2 F2400
G1 F1800
G1 X100.077 Y81.965 E2.46562
G1 X99.693 Y82.148 E2.48697
G1 X99.693 Y90.99 E2.93071
G1 X99.31 Y90.794 E2.9523
G1 X99.31 Y82.521 E3.36749
G1 X98.927 Y82.896 E3.39439
G1 X98.927 Y90.599 E3.78097
G1 X98.544 Y90.278 E3.80605
G1 X98.544 Y83.684 E4.13698
G1 X98.286 Y83.867 E4.15285
G1 X98.161 Y84.068 E4.16473
G1 X98.161 Y89.87 E4.45591
G1 X97.937 Y89.632 E4.47231
G1 X97.777 Y89.217 E4.49463
G1 X97.777 Y84.39 E4.73688
G1 E2.73688 F2400
G92 E0
G1 X97.777 Y84.39 F7800
G1 X101.857 Y85.696
G1 E2 F2400
;TYPE:Support material interface
;WIDTH:0.35
G1 F1800
G1 X101.551 Y85.39 E2.01731
G1 X101.551 Y85.39 F7800
G1 X101.29 Y85.937
G1 F1800
G1 X103.119 Y87.766 E2.12077
G1 X103.119 Y87.766 F7800
G1 X102.551 Y87.602
G1 F1800
G1 X101.037 Y86.088 E2.20641
G1 X100.938 Y86.393 E2.21924
G1 X101.797 Y87.251 E2.2678
G1 X101.398 Y87.137 E2.2844
G1 X101.349 Y87.208 E2.28785
G1 X101.147 Y87.006 E2.29928
G1 X101.161 Y87.182 E2.30634
G1 X100.87 Y87.122 E2.31822
G1 X101.267 Y87.53 E2.34099
G1 E.34099 F2400
G92 E0
G1 X101.267 Y87.53 F7800
G1 X108.852 Y89.46
G1 E2 F2400
G1 F1800
G1 X109.207 Y89.815 E2.02008
G1 X109.207 Y89.815 F7800
G1 X109.774 Y89.978
G1 F1800
G1 X106.811 Y87.015 E2.18769
G1 X106.717 Y86.988 E2.1916
G1 X106.82 Y87.093 E2.19748
G1 X106.661 Y87.269 E2.20697
G1 X108.602 Y89.21 E2.31677
G1 X108.035 Y89.046 E2.34038
G1 X106.093 Y87.105 E2.45021
G1 X105.526 Y86.942 E2.47381
G1 X107.468 Y88.883 E2.58364
G1 X106.901 Y88.72 E2.60724
G1 X104.776 Y86.596 E2.72742
G1 X104.776 Y86.596 F7800
G1 X104.103 Y88.346
G1 F1800
G1 X101.53 Y85.773 E2.87297
G1 X101.623 Y85.624 E2.88
G1 X101.617 Y85.839 E2.8886
G1 X102.15 Y85.989 E2.91075
G1 X104.069 Y87.908 E3.01931
G1 X104.632 Y88.067 E3.04271
G1 X102.713 Y86.148 E3.15127
G1 X103.275 Y86.306 E3.17462
G1 X105.199 Y88.231 E3.28349
G1 X105.766 Y88.394 E3.30709
G1 X103.837 Y86.465 E3.41621
G1 X103.926 Y86.49 E3.41991
G1 X104.038 Y86.301 E3.4287
G1 X103.935 Y86.195 E3.43461
G1 X103.986 Y86.21 E3.43674
G1 X106.938 Y89.162 E3.60373
G1 X106.938 Y89.162 F7800
G1 X106.371 Y88.999
G1 F1800
G1 X106.052 Y88.68 E3.62178
G1 E1.62178 F2400
G92 E0
G1 X106.052 Y88.68 F7800
G1 X107.608 Y87.408
G1 E2 F2400
G1 F1800
G1 X109.736 Y89.536 E2.12038
G1 X110.303 Y89.699 E2.14398
G1 X108.363 Y87.759 E2.25372
G1 X108.931 Y87.923 E2.27737
G1 X110.478 Y89.47 E2.36488
G1 X110.567 Y89.155 E2.37797
G1 X109.498 Y88.086 E2.43844
G1 X109.616 Y87.899 E2.44728
G1 X109.513 Y87.793 E2.45319
G1 X109.648 Y87.832 E2.45881
G1 X110.761 Y88.945 E2.52177
G1 X110.761 Y88.945 F7800
G1 X110.85 Y88.63
G1 F1800
G1 X110.445 Y88.225 E2.54468
G1 E.54468 F2400
G92 E0
G1 X110.445 Y88.225 F7800
G1 X121.092 Y91.891
G1 E2 F2400
;TYPE:Perimeter
;WIDTH:0.42346
G1 F1800
G1 X121.044 Y92.059 E2.00886
G1 X120.996 Y92.226 E2.01767
G1 X112.473 Y89.801 E2.46684
G1 X112.564 Y89.465 E2.48449
G1 X121.034 Y91.875 E2.93087
G1 X121.034 Y91.875 F7800
G1 X121.52 Y91.653
;WIDTH:0.42
G1 F1800
G1 X121.377 Y92.154 E2.95702
G1 X121.235 Y92.654 E2.98311
G1 X112.096 Y90.054 E3.45996
G1 X112.18 Y89.55 E3.4856
G1 X112.369 Y89.049 E3.51247
G1 X121.462 Y91.636 E3.98692
G1 X121.462 Y91.636 F7800
G1 X121.946 Y91.415
;TYPE:External perimeter
G1 F1800
G1 X121.709 Y92.248 E4.03038
G1 X121.472 Y93.081 E4.07384
G1 X111.734 Y90.31 E4.58195
G1 X111.782 Y89.711 E4.61211
G1 X111.923 Y89.205 E4.63847
G1 X112.199 Y88.642 E4.66994
G1 X121.888 Y91.399 E5.17549
G1 X121.837 Y91.796 F7800
G1 E3.17549 F2400
G92 E0
G92 E0
G1 X98.786 Y93.835 F7800
G1 E2 F2400
;TYPE:Support material
;WIDTH:0.42
G1 F1800
G1 X99.495 Y94.025 E2.03684
G1 X100.316 Y94.565 E2.08616
G1 X100.938 Y94.495 E2.11757
G1 X102.276 Y94.804 E2.18649
G1 X103.105 Y95.348 E2.23625
G1 X103.713 Y95.279 E2.26696
G1 X105.051 Y95.589 E2.33589
G1 X105.878 Y96.131 E2.38551
G1 X106.488 Y96.063 E2.41631
G1 X107.45 Y96.271 E2.4657
G1 X107.672 Y96.116 E2.47929
G1 X109.285 Y95.929 E2.56078
G1 X110.765 Y96.49 E2.64021
G1 X111.061 Y96.822 E2.66253
G1 X112.069 Y96.709 E2.71343
G1 X113.543 Y97.268 E2.79254
G1 X113.847 Y97.609 E2.81547
G1 X114.843 Y97.498 E2.86576
G1 X116.316 Y98.057 E2.94483
G1 X116.62 Y98.398 E2.96776
G1 X117.616 Y98.287 E3.01805
G1 X119.089 Y98.846 E3.09712
G1 X120.155 Y100.043 E3.17756
G1 X120.216 Y100.288 E3.19023
G1 X121.014 Y100.269 E3.23029
G1 X121.618 Y100.359 E3.26094
G1 X122.688 Y100.662 E3.31675
G1 X123.302 Y100.935 E3.35047
G1 X124.482 Y101.854 E3.42553
G1 X125.13 Y102.631 E3.47631
G1 X125.705 Y103.763 E3.54003
G1 X125.945 Y104.747 E3.59086
G1 X126.018 Y105.622 E3.63493
G1 X125.95 Y106.509 E3.67958
G1 X125.724 Y107.385 E3.72498
G1 X125.359 Y108.18 E3.76888
G1 X124.905 Y108.86 E3.80991
G1 X124.269 Y109.583 E3.85824
G1 X122.99 Y110.421 E3.93498
G1 X121.695 Y110.854 E4.00351
G1 X120.219 Y110.948 E4.07773
G1 X119.354 Y110.774 E4.12201
G1 X118.615 Y110.548 E4.16079
G1 X117.591 Y110.006 E4.21894
G1 X117.275 Y109.741 E4.23964
G1 X116.136 Y110.196 E4.30119
G1 X114.537 Y110.028 E4.38188
G1 X113.516 Y109.346 E4.4435
G1 X113.363 Y109.407 E4.45177
G1 X111.763 Y109.239 E4.53251
G1 X110.743 Y108.557 E4.59409
G1 X110.59 Y108.618 E4.60236
G1 X108.99 Y108.45 E4.6831
G1 X107.97 Y107.768 E4.74468
G1 X107.816 Y107.829 E4.75299
G1 X106.217 Y107.661 E4.83368
G1 X104.88 Y106.767 E4.9144
G1 X104.623 Y106.292 E4.9415
G1 X104.3 Y106.245 E4.95788
G1 X103.119 Y105.571 E5.02612
G1 X102.803 Y105.638 E5.04233
G1 X101.524 Y105.451 E5.1072
G1 X100.346 Y104.778 E5.17529
G1 X100.027 Y104.845 E5.19165
G1 X98.749 Y104.658 E5.25647
G1 X97.555 Y103.965 E5.32575
G1 X96.108 Y103.84 E5.39864
G1 X94.954 Y103.252 E5.46364
G1 X94.042 Y102.281 E5.53049
G1 X93.528 Y100.947 E5.60224
G1 X93.639 Y99.474 E5.67637
G1 X93.479 Y98.476 E5.7271
G1 X93.719 Y97.27 E5.78881
G1 X94.428 Y96.131 E5.85614
G1 X94.657 Y95.968 E5.87025
G1 X94.815 Y95.417 E5.89902
G1 X95.882 Y94.373 E5.97394
G1 X96.982 Y93.848 E6.03511
G1 X98.153 Y93.716 E6.09425
G1 X98.735 Y93.825 E6.12397
G1 X98.735 Y93.825 F7800
G1 X108.19 Y100.522
G1 F1800
G1 X108.46 Y100.42 E6.13845
G1 X118.871 Y103.383 E6.68168
G1 X119.046 Y103.697 E6.69972
G1 X118.359 Y106.113 E6.82578
G1 X118.044 Y106.289 E6.84389
G1 X107.638 Y103.328 E7.38686
G1 X107.465 Y103.113 E7.40071
G1 X107.507 Y102.124 E7.45039
G1 X107.668 Y101.511 E7.4822
G1 X108.163 Y100.566 E7.53574
G1 X108.163 Y100.566 F7800
G1 X97.534 Y97.698
G1 F1800
G1 X97.817 Y97.608 E7.55064
G1 X99.052 Y97.956 E7.61503
G1 X98.732 Y98.163 E7.63416
G1 X99.757 Y98.451 E7.68759
G1 X99.603 Y98.111 E7.70632
G1 X101.832 Y98.739 E7.82254
G1 X101.51 Y98.945 E7.84172
G1 X102.533 Y99.238 E7.89512
G1 X102.379 Y98.896 E7.91394
G1 X104.59 Y99.534 E8.02943
G1 X104.27 Y99.739 E8.0485
G1 X105.316 Y100.04 E8.10312
G1 X105.162 Y99.698 E8.12194
G1 X107.347 Y100.328 E8.23606
G1 X107.027 Y100.533 E8.25513
G1 X107.576 Y100.691 E8.2838
G1 X107.02 Y102.646 E8.3858
G1 X106.473 Y102.489 E8.41436
G1 X106.563 Y102.812 E8.43119
G1 X104.532 Y102.228 E8.53725
G1 X104.732 Y101.988 E8.55293
G1 X103.7 Y101.691 E8.60682
G1 X103.791 Y102.014 E8.62366
G1 X101.763 Y101.431 E8.72956
G1 X101.963 Y101.191 E8.74524
G1 X100.926 Y100.893 E8.79939
G1 X101.019 Y101.217 E8.81631
G1 X98.993 Y100.634 E8.92211
G1 X99.195 Y100.395 E8.93781
G1 X98.214 Y100.112 E8.98905
G1 X98.316 Y100.439 E9.00624
G1 X97.104 Y100.09 E9.06954
G1 X96.908 Y99.85 E9.08509
G1 X96.863 Y99.281 E9.11373
G1 X97.1 Y98.387 E9.16015
G1 X97.503 Y97.717 E9.19939
G1 E7.19939 F2400
G92 E0
G1 X97.503 Y97.717 F7800
G1 X125.573 Y107.341
G1 E2 F2400
G1 F1800
G1 X125.573 Y104.533 E2.14092
G1 X125.412 Y103.871 E2.17511
G1 X125.19 Y103.434 E2.19971
G1 X125.19 Y107.803 E2.41897
G1 X124.807 Y108.448 E2.45662
G1 X124.807 Y102.728 E2.74368
G1 X124.424 Y102.269 E2.77368
G1 X124.424 Y108.937 E3.10832
G1 X124.041 Y109.365 E3.13714
G1 X124.041 Y101.869 E3.51333
G1 X123.657 Y101.568 E3.53782
G1 X123.657 Y109.642 E3.94302
G1 X123.274 Y109.904 E3.96631
G1 X123.274 Y101.296 E4.39831
G1 X122.891 Y101.092 E4.42009
G1 X122.891 Y110.12 E4.87317
G1 X122.508 Y110.288 E4.89416
G1 X122.508 Y100.928 E5.3639
G1 X122.124 Y100.798 E5.38425
G1 X122.124 Y110.414 E5.86684
G1 X121.741 Y110.519 E5.88677
G1 X121.741 Y100.703 E6.37939
G1 X121.358 Y100.634 E6.39892
G1 X121.358 Y110.591 E6.89862
G1 X120.975 Y110.626 E6.91792
G1 X120.975 Y100.579 E7.42214
G1 X120.592 Y100.579 E7.44136
G1 X120.592 Y110.632 E7.94588
G1 X120.208 Y110.629 E7.96515
G1 X120.208 Y100.599 E8.46851
G1 X119.977 Y100.614 E8.48013
G1 X119.825 Y100.139 E8.50516
G1 X119.825 Y110.552 E9.02775
G1 X119.442 Y110.475 E9.04736
G1 X119.442 Y99.709 E9.58766
G1 X119.059 Y99.278 E9.6166
G1 X119.059 Y103.113 E9.80906
G1 X118.676 Y103.004 E9.82904
G1 X118.676 Y99.021 E10.02893
G1 X118.292 Y98.876 E10.04953
G1 X118.292 Y102.895 E10.25123
G1 X117.909 Y102.786 E10.27121
G1 X117.909 Y98.73 E10.47476
G1 X117.576 Y98.604 E10.49263
G1 X117.526 Y102.677 E10.69705
G1 X117.143 Y102.568 E10.71703
G1 X117.143 Y98.652 E10.91356
G1 X116.76 Y98.695 E10.9329
G1 X116.76 Y102.459 E11.1218
G1 X116.376 Y102.35 E11.14183
G1 X116.376 Y98.591 E11.33048
G1 X116.135 Y98.32 E11.34868
G1 X115.993 Y98.266 E11.3563
G1 X115.993 Y102.241 E11.55579
G1 X115.61 Y102.132 E11.57577
G1 X115.61 Y98.121 E11.77707
G1 X115.227 Y97.976 E11.79762
G1 X115.227 Y102.023 E12.00072
G1 X114.843 Y101.914 E12.02075
G1 X114.803 Y97.815 E12.22647
G1 X114.46 Y97.853 E12.24379
G1 X114.46 Y101.805 E12.44212
G1 X114.077 Y101.696 E12.4621
G1 X114.077 Y97.896 E12.65281
G1 X113.694 Y97.904 E12.67204
G1 X113.694 Y101.587 E12.85687
G1 X113.311 Y101.478 E12.87685
G1 X113.311 Y97.512 E13.07589
G1 X112.927 Y97.366 E13.09651
G1 X112.927 Y101.369 E13.2974
G1 X112.544 Y101.26 E13.31738
G1 X112.544 Y97.221 E13.52008
G1 X112.161 Y97.076 E13.54063
G1 X112.161 Y101.151 E13.74514
G1 X111.778 Y101.042 E13.76512
G1 X111.778 Y97.054 E13.96526
G1 X111.395 Y97.097 E13.9846
G1 X111.395 Y100.933 E14.17711
G1 X111.011 Y100.824 E14.19714
G1 X111.011 Y97.139 E14.38208
G1 X110.936 Y97.148 E14.38587
G1 X110.628 Y96.803 E14.40908
G1 X110.628 Y100.715 E14.60541
G1 X110.245 Y100.606 E14.62539
G1 X110.245 Y96.625 E14.82518
G1 X109.862 Y96.48 E14.84573
G1 X109.862 Y100.497 E15.04733
G1 X109.479 Y100.388 E15.06731
G1 X109.479 Y96.335 E15.27071
G1 X109.246 Y96.246 E15.28323
G1 X109.095 Y96.264 E15.29086
G1 X109.095 Y100.279 E15.49236
G1 X108.712 Y100.17 E15.51234
G1 X108.712 Y96.308 E15.70616
G1 X108.329 Y96.352 E15.72551
G1 X108.329 Y100.304 E15.92384
G1 E13.92384 F2400
G92 E0
G1 X119.059 Y110.521 F7800
G1 E2 F2400
G1 F1800
G1 X119.059 Y104.786 E2.28782
G1 X118.676 Y106.133 E2.3581
G1 X118.676 Y110.229 E2.56366
G1 X118.292 Y110.026 E2.58546
G1 X118.292 Y106.505 E2.76216
G1 X118.082 Y106.622 E2.77422
G1 X117.909 Y106.573 E2.78324
G1 X117.909 Y109.824 E2.94639
G1 X117.526 Y109.546 E2.97014
G1 X117.526 Y106.464 E3.12481
G1 X117.143 Y106.355 E3.14479
G1 X117.143 Y109.459 E3.30057
G1 X116.76 Y109.613 E3.32129
G1 X116.76 Y106.246 E3.49027
G1 X116.376 Y106.137 E3.5103
G1 X116.376 Y109.766 E3.69242
G1 X115.993 Y109.869 E3.71232
G1 X115.993 Y106.028 E3.90508
G1 X115.61 Y105.919 E3.92506
G1 X115.61 Y109.829 E4.12129
G1 X115.227 Y109.789 E4.14062
G1 X115.227 Y105.81 E4.34031
G1 X114.843 Y105.701 E4.36034
G1 X114.843 Y109.749 E4.56349
G1 X114.645 Y109.728 E4.57348
G1 X114.46 Y109.604 E4.58466
G1 X114.46 Y105.592 E4.78601
G1 X114.077 Y105.483 E4.80599
G1 X114.077 Y109.348 E4.99996
G1 X113.694 Y109.091 E5.02311
G1 X113.694 Y105.374 E5.20965
G1 X113.311 Y105.265 E5.22963
G1 X113.311 Y109.09 E5.42159
G1 X112.927 Y109.049 E5.44097
G1 X112.927 Y105.156 E5.63634
G1 X112.544 Y105.047 E5.65632
G1 X112.544 Y109.009 E5.85516
G1 X112.161 Y108.969 E5.87449
G1 X112.161 Y104.938 E6.07679
G1 X111.778 Y104.829 E6.09677
G1 X111.778 Y108.876 E6.29987
G1 X111.395 Y108.619 E6.32302
G1 X111.395 Y104.719 E6.51875
G1 X111.011 Y104.61 E6.53878
G1 X111.011 Y108.363 E6.72713
G1 X110.779 Y108.208 E6.74113
G1 X110.628 Y108.268 E6.74928
G1 X110.628 Y104.501 E6.93833
G1 X110.245 Y104.392 E6.95831
G1 X110.245 Y108.27 E7.15293
G1 X109.862 Y108.23 E7.17226
G1 X109.862 Y104.283 E7.37034
G1 X109.479 Y104.174 E7.39032
G1 X109.479 Y108.19 E7.59187
G1 X109.095 Y108.147 E7.61126
G1 X109.095 Y104.065 E7.81612
G1 X108.712 Y103.956 E7.8361
G1 X108.712 Y107.891 E8.03358
G1 X108.329 Y107.635 E8.0567
G1 X108.329 Y103.847 E8.2468
G1 X107.946 Y103.738 E8.26678
G1 X107.946 Y107.443 E8.45272
G1 X107.563 Y107.49 E8.47209
G1 X107.563 Y103.629 E8.66586
G1 X107.458 Y103.6 E8.67133
G1 X107.179 Y103.253 E8.69368
G1 X107.179 Y107.45 E8.90431
G1 X106.796 Y107.41 E8.92364
G1 X106.796 Y103.202 E9.13482
G1 X106.413 Y103.092 E9.15482
G1 X106.413 Y107.37 E9.36952
G1 X106.03 Y107.163 E9.39137
G1 X106.03 Y102.981 E9.60125
G1 X105.646 Y102.871 E9.6213
G1 X105.646 Y106.906 E9.8238
G1 X105.263 Y106.65 E9.84692
G1 X105.263 Y102.761 E10.04209
G1 X104.88 Y102.651 E10.06209
G1 X104.88 Y106.116 E10.23598
G1 X104.821 Y106.007 E10.2422
G1 X104.497 Y105.96 E10.25863
G1 X104.497 Y102.54 E10.43027
G1 X104.114 Y102.43 E10.45027
G1 X104.114 Y105.793 E10.61905
G1 X103.73 Y105.588 E10.6409
G1 X103.73 Y102.32 E10.80491
G1 X103.347 Y102.21 E10.82491
G1 X103.347 Y105.36 E10.983
G1 X103.228 Y105.23 E10.99184
G1 X102.964 Y105.286 E11.00538
G1 X102.964 Y102.099 E11.16532
G1 X102.581 Y101.989 E11.18532
G1 X102.581 Y105.292 E11.35108
G1 X102.198 Y105.236 E11.37051
G1 X102.198 Y101.879 E11.53898
G1 X101.814 Y101.769 E11.55903
G1 X101.814 Y105.18 E11.73021
G1 X101.623 Y105.152 E11.7399
G1 X101.431 Y105.049 E11.75083
G1 X101.431 Y101.658 E11.92101
G1 X101.048 Y101.548 E11.94101
G1 X101.048 Y104.843 E12.10637
G1 X100.665 Y104.637 E12.1282
G1 X100.665 Y101.438 E12.28874
G1 X100.282 Y101.328 E12.30874
G1 X100.282 Y104.474 E12.46662
G1 X99.898 Y104.513 E12.48599
G1 X99.898 Y101.217 E12.6514
G1 X99.515 Y101.107 E12.6714
G1 X99.515 Y104.456 E12.83947
G1 X99.132 Y104.4 E12.8589
G1 X99.132 Y100.997 E13.02968
G1 X98.749 Y100.886 E13.04969
G1 X98.749 Y104.305 E13.22128
G1 X98.365 Y104.099 E13.24315
G1 X98.365 Y100.776 E13.40992
G1 X97.982 Y100.666 E13.42992
G1 X97.982 Y103.892 E13.59182
G1 X97.599 Y103.632 E13.61505
G1 X97.599 Y100.556 E13.76942
G1 X97.216 Y100.445 E13.78943
G1 X97.216 Y103.656 E13.95058
G1 X96.833 Y103.611 E13.96993
G1 X96.833 Y100.249 E14.13866
G1 X96.606 Y99.971 E14.15667
G1 X96.596 Y99.844 E14.16306
G1 X96.521 Y99.857 E14.16688
G1 X96.53 Y99.003 E14.20974
G1 X96.611 Y98.995 E14.21382
G1 X96.833 Y98.225 E14.25404
G1 X96.833 Y94.263 E14.45288
G1 X97.216 Y94.134 E14.47316
G1 X97.216 Y97.53 E14.64359
G1 X97.456 Y97.096 E14.66848
G1 X97.599 Y97.306 E14.68123
G1 X97.599 Y94.091 E14.84258
G1 X97.982 Y94.047 E14.86193
G1 X97.982 Y97.332 E15.02679
G1 X98.365 Y97.44 E15.04676
G1 X98.365 Y94.072 E15.21579
G1 X98.749 Y94.146 E15.23542
G1 X98.749 Y97.548 E15.40615
G1 X99.132 Y97.656 E15.42612
G1 X99.132 Y94.249 E15.5971
G1 X99.515 Y94.41 E15.61795
G1 X99.515 Y97.764 E15.78627
G1 X99.898 Y97.872 E15.80624
G1 X99.898 Y94.662 E15.96734
G1 X100.282 Y94.881 E15.98953
G1 X100.282 Y97.98 E16.14506
G1 X100.665 Y98.088 E16.16503
G1 X100.665 Y94.838 E16.32813
G1 X101.048 Y94.831 E16.34735
G1 X101.048 Y98.196 E16.51623
G1 X101.431 Y98.304 E16.5362
G1 X101.431 Y94.904 E16.70683
G1 X101.814 Y95.001 E16.72666
G1 X101.814 Y98.412 E16.89784
G1 X102.198 Y98.52 E16.91786
G1 X102.198 Y95.124 E17.08829
G1 X102.581 Y95.375 E17.11127
G1 X102.581 Y98.631 E17.27468
G1 X102.964 Y98.742 E17.29469
G1 X102.964 Y95.627 E17.45102
G1 X103.347 Y95.633 E17.47024
G1 X103.347 Y98.852 E17.63179
G1 X103.73 Y98.963 E17.6518
G1 X103.73 Y95.598 E17.82068
G1 X104.114 Y95.671 E17.8403
G1 X104.114 Y99.073 E18.01103
G1 X104.497 Y99.184 E18.03104
G1 X104.497 Y95.761 E18.20283
G1 X104.88 Y95.864 E18.22273
G1 X104.88 Y99.294 E18.39487
G1 X105.263 Y99.404 E18.41487
G1 X105.263 Y96.099 E18.58073
G1 X105.646 Y96.351 E18.60374
G1 X105.646 Y99.515 E18.76253
G1 X106.03 Y99.625 E18.78258
G1 X106.03 Y96.427 E18.94307
G1 X106.413 Y96.383 E18.96242
G1 X106.413 Y99.736 E19.13069
G1 X106.796 Y99.846 E19.15069
G1 X106.796 Y96.437 E19.32177
G1 X107.179 Y96.52 E19.34144
G1 X107.179 Y99.957 E19.51393
G1 X107.563 Y100.067 E19.53398
G1 X107.563 Y96.571 E19.70943
G1 X107.946 Y96.397 E19.73054
G1 X107.946 Y100.616 E19.94227
G1 E17.94227 F2400
G92 E0
G1 X107.946 Y100.616 F7800
G1 X96.449 Y103.723
G1 E2 F2400
G1 F1800
G1 X96.449 Y94.446 E2.46557
G1 X96.066 Y94.629 E2.48687
G1 X96.066 Y103.471 E2.93061
G1 X95.683 Y103.275 E2.9522
G1 X95.683 Y95.002 E3.36739
G1 X95.3 Y95.377 E3.39429
G1 X95.3 Y103.08 E3.78087
G1 X94.917 Y102.759 E3.80595
G1 X94.917 Y96.165 E4.13688
G1 X94.658 Y96.348 E4.1528
G1 X94.533 Y96.549 E4.16468
G1 X94.533 Y102.35 E4.45581
G1 X94.31 Y102.112 E4.47218
G1 X94.15 Y101.698 E4.49445
G1 X94.15 Y96.871 E4.7367
G1 E2.7367 F2400
G92 E0
G1 X94.15 Y96.871 F7800
G1 X98.23 Y98.177
G1 E2 F2400
;TYPE:Support material interface
;WIDTH:0.35
G1 F1800
G1 X97.924 Y97.871 E2.01731
G1 X97.924 Y97.871 F7800
G1 X97.662 Y98.417
G1 F1800
G1 X99.491 Y100.246 E2.12077
G1 X99.491 Y100.246 F7800
G1 X98.924 Y100.083
G1 F1800
G1 X97.41 Y98.569 E2.20641
G1 X97.311 Y98.873 E2.2192
G1 X98.169 Y99.732 E2.26776
G1 X97.771 Y99.618 E2.28432
G1 X97.722 Y99.689 E2.28777
G1 X97.52 Y99.487 E2.2992
G1 X97.534 Y99.663 E2.30626
G1 X97.243 Y99.603 E2.31814
G1 X97.64 Y100.011 E2.34091
G1 E.34091 F2400
G92 E0
G1 X97.64 Y100.011 F7800
G1 X105.225 Y101.941
G1 E2 F2400
G1 F1800
G1 X105.58 Y102.296 E2.02008
G1 X105.58 Y102.296 F7800
G1 X106.147 Y102.459
G1 F1800
G1 X103.184 Y99.495 E2.18772
G1 X103.09 Y99.468 E2.19163
G1 X103.193 Y99.574 E2.19754
G1 X103.034 Y99.749 E2.207
G1 X104.975 Y101.691 E2.31683
G1 X104.408 Y101.527 E2.34044
G1 X102.466 Y99.586 E2.45027
G1 X101.899 Y99.422 E2.47388
G1 X103.84 Y101.364 E2.58371
G1 X103.273 Y101.201 E2.60731
G1 X101.149 Y99.076 E2.72749
G1 X101.149 Y99.076 F7800
G1 X100.476 Y100.827
G1 F1800
G1 X97.903 Y98.254 E2.87304
G1 X97.996 Y98.105 E2.88007
G1 X97.99 Y98.32 E2.88867
G1 X98.523 Y98.47 E2.91082
G1 X100.442 Y100.389 E3.01938
G1 X101.005 Y100.548 E3.04278
G1 X99.085 Y98.629 E3.15136
G1 X99.648 Y98.787 E3.17475
G1 X101.572 Y100.711 E3.28359
G1 X102.139 Y100.875 E3.3072
G1 X100.21 Y98.946 E3.41632
G1 X100.299 Y98.971 E3.42002
G1 X100.411 Y98.782 E3.42881
G1 X100.308 Y98.676 E3.43472
G1 X100.359 Y98.691 E3.43685
G1 X103.311 Y101.643 E3.60384
G1 X103.311 Y101.643 F7800
G1 X102.744 Y101.48
G1 F1800
G1 X102.425 Y101.161 E3.62189
G1 E1.62189 F2400
G92 E0
G1 X102.425 Y101.161 F7800
G1 X103.981 Y99.889
G1 E2 F2400
G1 F1800
G1 X106.109 Y102.017 E2.12038
G1 X106.676 Y102.18 E2.14398
G1 X104.736 Y100.24 E2.25372
G1 X105.303 Y100.404 E2.27733
G1 X106.851 Y101.951 E2.36487
G1 X106.94 Y101.636 E2.37796
G1 X105.871 Y100.567 E2.43843
G1 X105.989 Y100.38 E2.44727
G1 X105.886 Y100.274 E2.45318
G1 X106.021 Y100.313 E2.4588
G1 X107.134 Y101.426 E2.52176
G1 X107.134 Y101.426 F7800
G1 X107.223 Y101.111
G1 F1800
G1 X106.818 Y100.706 E2.54467
G1 E.54467 F2400
G92 E0
G1 X106.818 Y100.706 F7800
G1 X117.464 Y104.372
G1 E2 F2400
;TYPE:Perimeter
;WIDTH:0.42346
G1 F1800
G1 X117.417 Y104.54 E2.00884
G1 X117.369 Y104.707 E2.01765
G1 X108.846 Y102.282 E2.46682
G1 X108.937 Y101.946 E2.48447
G1 X117.407 Y104.356 E2.93085
G1 X117.407 Y104.356 F7800
G1 X117.893 Y104.134
;WIDTH:0.42
G1 F1800
G1 X117.75 Y104.634 E2.95695
G1 X117.608 Y105.135 E2.98308
G1 X108.468 Y102.535 E3.45998
G1 X108.553 Y102.031 E3.48563
G1 X108.742 Y101.53 E3.5125
G1 X117.835 Y104.117 E3.98695
G1 X118.319 Y103.896 F7800
;TYPE:External perimeter
G1 F1800
G1 X118.082 Y104.729 E4.03041
G1 X117.845 Y105.561 E4.07383
G1 X108.107 Y102.791 E4.58193
G1 X108.155 Y102.192 E4.61209
G1 X108.296 Y101.685 E4.6385
G1 X108.572 Y101.123 E4.66992
G1 X118.261 Y103.88 E5.17547
G1 X118.21 Y104.276 F7800
G1 E3.17547 F2400
G92 E0
G92 E0
G1 X98.786 Y107.348 F7800
G1 E2 F2400
;TYPE:Support material
;WIDTH:0.42
G1 F1800
G1 X99.495 Y107.538 E2.03684
G1 X100.316 Y108.078 E2.08616
G1 X100.938 Y108.008 E2.11757
G1 X102.276 Y108.317 E2.18649
G1 X103.105 Y108.861 E2.23625
G1 X103.713 Y108.792 E2.26696
G1 X105.051 Y109.102 E2.33589
G1 X105.878 Y109.644 E2.38551
G1 X106.488 Y109.575 E2.41632
G1 X107.45 Y109.784 E2.46573
G1 X107.672 Y109.629 E2.47932
G1 X109.285 Y109.442 E2.56081
G1 X110.765 Y110.002 E2.64022
G1 X111.061 Y110.334 E2.66254
G1 X112.069 Y110.222 E2.71344
G1 X113.543 Y110.781 E2.79255
G1 X113.847 Y111.122 E2.81548
G1 X114.843 Y111.011 E2.86577
G1 X116.316 Y111.57 E2.94484
G1 X116.62 Y111.911 E2.96777
G1 X117.616 Y111.8 E3.01806
G1 X119.089 Y112.359 E3.09713
G1 X120.155 Y113.556 E3.17757
G1 X120.216 Y113.801 E3.19024
G1 X121.014 Y113.782 E3.2303
G1 X121.618 Y113.872 E3.26095
G1 X122.688 Y114.175 E3.31676
G1 X123.302 Y114.447 E3.35046
G1 X124.482 Y115.367 E3.42555
G1 X125.13 Y116.143 E3.47629
G1 X125.705 Y117.276 E3.54005
G1 X125.945 Y118.259 E3.59083
G1 X126.018 Y119.135 E3.63495
G1 X125.95 Y120.022 E3.6796
G1 X125.724 Y120.898 E3.725
G1 X125.359 Y121.692 E3.76886
G1 X124.905 Y122.373 E3.80994
G1 X124.269 Y123.096 E3.85827
G1 X122.99 Y123.933 E3.93498
G1 X121.695 Y124.367 E4.00352
G1 X120.219 Y124.461 E4.07774
G1 X119.354 Y124.287 E4.12202
G1 X118.615 Y124.061 E4.1608
G1 X117.591 Y123.519 E4.21895
G1 X117.275 Y123.254 E4.23965
G1 X116.136 Y123.709 E4.3012
G1 X114.537 Y123.541 E4.38189
G1 X113.516 Y122.859 E4.44351
G1 X113.363 Y122.92 E4.45178
G1 X111.763 Y122.752 E4.53252
G1 X110.743 Y122.07 E4.5941
G1 X110.59 Y122.131 E4.60237
G1 X108.99 Y121.963 E4.68311
G1 X107.97 Y121.281 E4.74469
G1 X107.816 Y121.342 E4.753
G1 X106.217 Y121.174 E4.83369
G1 X104.88 Y120.28 E4.91441
G1 X104.623 Y119.805 E4.94151
G1 X104.3 Y119.758 E4.95789
G1 X103.119 Y119.084 E5.02613
G1 X102.803 Y119.151 E5.04234
G1 X101.524 Y118.964 E5.10721
G1 X100.346 Y118.291 E5.1753
G1 X100.027 Y118.358 E5.19166
G1 X98.749 Y118.171 E5.25648
G1 X97.555 Y117.477 E5.32579
G1 X96.108 Y117.353 E5.39868
G1 X94.954 Y116.765 E5.46368
G1 X94.042 Y115.793 E5.53057
G1 X93.528 Y114.46 E5.60227
G1 X93.639 Y112.987 E5.6764
G1 X93.479 Y111.988 E5.72717
G1 X93.719 Y110.783 E5.78883
G1 X94.428 Y109.644 E5.85616
G1 X94.657 Y109.481 E5.87027
G1 X94.815 Y108.93 E5.89904
G1 X95.882 Y107.886 E5.97396
G1 X96.982 Y107.361 E6.03513
G1 X98.153 Y107.229 E6.09427
G1 X98.735 Y107.338 E6.12399
G1 X98.735 Y107.338 F7800
G1 X108.19 Y114.035
G1 F1800
G1 X108.46 Y113.933 E6.13847
G1 X118.871 Y116.895 E6.68169
G1 X119.046 Y117.21 E6.69977
G1 X118.359 Y119.626 E6.82583
G1 X118.044 Y119.801 E6.84391
G1 X107.638 Y116.841 E7.38686
G1 X107.465 Y116.625 E7.40075
G1 X107.507 Y115.637 E7.45038
G1 X107.668 Y115.024 E7.48219
G1 X108.163 Y114.079 E7.53573
G1 X108.163 Y114.079 F7800
G1 X97.534 Y111.211
G1 F1800
G1 X97.817 Y111.121 E7.55063
G1 X99.052 Y111.469 E7.61502
G1 X98.732 Y111.675 E7.63412
G1 X99.757 Y111.964 E7.68757
G1 X99.603 Y111.624 E7.7063
G1 X101.832 Y112.252 E7.82252
G1 X101.51 Y112.458 E7.8417
G1 X102.533 Y112.751 E7.8951
G1 X102.379 Y112.409 E7.91392
G1 X104.59 Y113.046 E8.02939
G1 X104.27 Y113.251 E8.04846
G1 X105.316 Y113.553 E8.1031
G1 X105.162 Y113.211 E8.12192
G1 X107.347 Y113.841 E8.23604
G1 X107.027 Y114.046 E8.25511
G1 X107.576 Y114.204 E8.28378
G1 X107.02 Y116.159 E8.38578
G1 X106.473 Y116.002 E8.41434
G1 X106.563 Y116.325 E8.43117
G1 X104.532 Y115.74 E8.53724
G1 X104.732 Y115.501 E8.55288
G1 X103.7 Y115.204 E8.60677
G1 X103.791 Y115.527 E8.62361
G1 X101.763 Y114.944 E8.72951
G1 X101.963 Y114.704 E8.74519
G1 X100.926 Y114.406 E8.79934
G1 X101.019 Y114.729 E8.81621
G1 X98.993 Y114.147 E8.922
G1 X99.195 Y113.907 E8.93774
G1 X98.214 Y113.625 E8.98897
G1 X98.316 Y113.952 E9.00616
G1 X97.104 Y113.603 E9.06946
G1 X96.908 Y113.363 E9.08501
G1 X96.863 Y112.794 E9.11365
G1 X97.1 Y111.9 E9.16007
G1 X97.503 Y111.23 E9.19931
G1 E7.19931 F2400
G92 E0
G1 X97.503 Y111.23 F7800
G1 X125.573 Y120.853
G1 E2 F2400
G1 F1800
G1 X125.573 Y118.045 E2.14092
G1 X125.412 Y117.384 E2.17506
G1 X125.19 Y116.947 E2.19966
G1 X125.19 Y121.316 E2.41892
G1 X124.807 Y121.961 E2.45657
G1 X124.807 Y116.241 E2.74363
G1 X124.424 Y115.782 E2.77363
G1 X124.424 Y122.45 E3.10827
G1 X124.041 Y122.878 E3.13709
G1 X124.041 Y115.382 E3.51328
G1 X123.657 Y115.081 E3.53777
G1 X123.657 Y123.155 E3.94297
G1 X123.274 Y123.417 E3.96626
G1 X123.274 Y114.808 E4.39831
G1 X122.891 Y114.604 E4.42009
G1 X122.891 Y123.633 E4.87322
G1 X122.508 Y123.801 E4.89421
G1 X122.508 Y114.441 E5.36395
G1 X122.124 Y114.311 E5.3843
G1 X122.124 Y123.927 E5.86689
G1 X121.741 Y124.032 E5.88682
G1 X121.741 Y114.216 E6.37944
G1 X121.358 Y114.147 E6.39897
G1 X121.358 Y124.103 E6.89862
G1 X120.975 Y124.138 E6.91792
G1 X120.975 Y114.092 E7.42209
G1 X120.592 Y114.092 E7.44131
G1 X120.592 Y124.144 E7.94578
G1 X120.208 Y124.142 E7.96505
G1 X120.208 Y114.112 E8.46841
G1 X119.977 Y114.126 E8.48002
G1 X119.825 Y113.652 E8.505
G1 X119.825 Y124.065 E9.02759
G1 X119.442 Y123.988 E9.0472
G1 X119.442 Y113.222 E9.5875
G1 X119.059 Y112.791 E9.61644
G1 X119.059 Y116.626 E9.8089
G1 X118.676 Y116.517 E9.82888
G1 X118.676 Y112.534 E10.02877
G1 X118.292 Y112.389 E10.04937
G1 X118.292 Y116.408 E10.25107
G1 X117.909 Y116.299 E10.27105
G1 X117.909 Y112.243 E10.4746
G1 X117.576 Y112.117 E10.49247
G1 X117.526 Y116.19 E10.69689
G1 X117.143 Y116.081 E10.71687
G1 X117.143 Y112.165 E10.9134
G1 X116.76 Y112.208 E10.93274
G1 X116.76 Y115.972 E11.12164
G1 X116.376 Y115.863 E11.14167
G1 X116.376 Y112.104 E11.33032
G1 X116.135 Y111.833 E11.34852
G1 X115.993 Y111.779 E11.35614
G1 X115.993 Y115.754 E11.55563
G1 X115.61 Y115.645 E11.57561
G1 X115.61 Y111.634 E11.77691
G1 X115.227 Y111.489 E11.79746
G1 X115.227 Y115.536 E12.00056
G1 X114.843 Y115.427 E12.02059
G1 X114.803 Y111.328 E12.22631
G1 X114.46 Y111.366 E12.24363
G1 X114.46 Y115.318 E12.44196
G1 X114.077 Y115.209 E12.46194
G1 X114.077 Y111.409 E12.65265
G1 X113.694 Y111.417 E12.67188
G1 X113.694 Y115.1 E12.85671
G1 X113.311 Y114.991 E12.87669
G1 X113.311 Y111.025 E13.07573
G1 X112.927 Y110.879 E13.09635
G1 X112.927 Y114.882 E13.29724
G1 X112.544 Y114.773 E13.31722
G1 X112.544 Y110.734 E13.51992
G1 X112.161 Y110.589 E13.54047
G1 X112.161 Y114.664 E13.74498
G1 X111.778 Y114.555 E13.76496
G1 X111.778 Y110.567 E13.9651
G1 X111.395 Y110.61 E13.98444
G1 X111.395 Y114.446 E14.17695
G1 X111.011 Y114.337 E14.19698
G1 X111.011 Y110.652 E14.38192
G1 X110.936 Y110.661 E14.38571
G1 X110.628 Y110.315 E14.40896
G1 X110.628 Y114.228 E14.60534
G1 X110.245 Y114.119 E14.62532
G1 X110.245 Y110.137 E14.82516
G1 X109.862 Y109.992 E14.84571
G1 X109.862 Y114.009 E15.04731
G1 X109.479 Y113.9 E15.06729
G1 X109.479 Y109.847 E15.27069
G1 X109.246 Y109.759 E15.28319
G1 X109.095 Y109.777 E15.29082
G1 X109.095 Y113.791 E15.49227
G1 X108.712 Y113.682 E15.51225
G1 X108.712 Y109.821 E15.70602
G1 X108.329 Y109.865 E15.72537
G1 X108.329 Y113.817 E15.9237
G1 E13.9237 F2400
G92 E0
G1 X108.329 Y113.817 F7800
G1 X119.059 Y124.034
G1 E2 F2400
G1 F1800
G1 X119.059 Y118.299 E2.28782
G1 X118.676 Y119.646 E2.3581
G1 X118.676 Y123.742 E2.56366
G1 X118.292 Y123.539 E2.58546
G1 X118.292 Y120.018 E2.76216
G1 X118.082 Y120.135 E2.77422
G1 X117.909 Y120.086 E2.78324
G1 X117.909 Y123.336 E2.94634
G1 X117.526 Y123.059 E2.97006
G1 X117.526 Y119.977 E3.12473
G1 X117.143 Y119.868 E3.14471
G1 X117.143 Y122.972 E3.30049
G1 X116.76 Y123.126 E3.32121
G1 X116.76 Y119.759 E3.49019
G1 X116.376 Y119.65 E3.51022
G1 X116.376 Y123.279 E3.69234
G1 X115.993 Y123.382 E3.71224
G1 X115.993 Y119.541 E3.905
G1 X115.61 Y119.432 E3.92498
G1 X115.61 Y123.342 E4.12121
G1 X115.227 Y123.302 E4.14054
G1 X115.227 Y119.323 E4.34023
G1 X114.843 Y119.214 E4.36026
G1 X114.843 Y123.261 E4.56336
G1 X114.645 Y123.241 E4.57335
G1 X114.46 Y123.117 E4.58453
G1 X114.46 Y119.105 E4.78588
G1 X114.077 Y118.996 E4.80586
G1 X114.077 Y122.861 E4.99983
G1 X113.694 Y122.604 E5.02298
G1 X113.694 Y118.887 E5.20952
G1 X113.311 Y118.778 E5.2295
G1 X113.311 Y122.603 E5.42146
G1 X112.927 Y122.562 E5.44084
G1 X112.927 Y118.668 E5.63626
G1 X112.544 Y118.559 E5.65624
G1 X112.544 Y122.522 E5.85513
G1 X112.161 Y122.482 E5.87446
G1 X112.161 Y118.45 E6.07681
G1 X111.778 Y118.341 E6.09679
G1 X111.778 Y122.389 E6.29994
G1 X111.395 Y122.132 E6.32309
G1 X111.395 Y118.232 E6.51882
G1 X111.011 Y118.123 E6.53885
G1 X111.011 Y121.876 E6.7272
G1 X110.779 Y121.721 E6.7412
G1 X110.628 Y121.781 E6.74935
G1 X110.628 Y118.014 E6.9384
G1 X110.245 Y117.905 E6.95838
G1 X110.245 Y121.783 E7.153
G1 X109.862 Y121.743 E7.17233
G1 X109.862 Y117.796 E7.37041
G1 X109.479 Y117.687 E7.39039
G1 X109.479 Y121.702 E7.59189
G1 X109.095 Y121.66 E7.61128
G1 X109.095 Y117.578 E7.81614
G1 X108.712 Y117.469 E7.83612
G1 X108.712 Y121.404 E8.0336
G1 X108.329 Y121.148 E8.05672
G1 X108.329 Y117.36 E8.24682
G1 X107.946 Y117.251 E8.2668
G1 X107.946 Y120.956 E8.45274
G1 X107.563 Y121.003 E8.47211
G1 X107.563 Y117.142 E8.66588
G1 X107.458 Y117.112 E8.67136
G1 X107.179 Y116.766 E8.69367
G1 X107.179 Y120.963 E8.9043
G1 X106.796 Y120.923 E8.92363
G1 X106.796 Y116.715 E9.13481
G1 X106.413 Y116.605 E9.15481
G1 X106.413 Y120.883 E9.36951
G1 X106.03 Y120.676 E9.39136
G1 X106.03 Y116.494 E9.60124
G1 X105.646 Y116.384 E9.62129
G1 X105.646 Y120.419 E9.82379
G1 X105.263 Y120.163 E9.84691
G1 X105.263 Y116.274 E10.04208
G1 X104.88 Y116.164 E10.06208
G1 X104.88 Y119.629 E10.23597
G1 X104.821 Y119.52 E10.24219
G1 X104.497 Y119.473 E10.25862
G1 X104.497 Y116.053 E10.43026
G1 X104.114 Y115.943 E10.45026
G1 X104.114 Y119.306 E10.61904
G1 X103.73 Y119.101 E10.64089
G1 X103.73 Y115.833 E10.8049
G1 X103.347 Y115.722 E10.82491
G1 X103.347 Y118.873 E10.98305
G1 X103.228 Y118.743 E10.99189
G1 X102.964 Y118.799 E11.00543
G1 X102.964 Y115.612 E11.16537
G1 X102.581 Y115.502 E11.18537
G1 X102.581 Y118.805 E11.35113
G1 X102.198 Y118.749 E11.37056
G1 X102.198 Y115.392 E11.53903
G1 X101.814 Y115.281 E11.55909
G1 X101.814 Y118.693 E11.73032
G1 X101.623 Y118.665 E11.74001
G1 X101.431 Y118.562 E11.75094
G1 X101.431 Y115.171 E11.92112
G1 X101.048 Y115.061 E11.94112
G1 X101.048 Y118.356 E12.10648
G1 X100.665 Y118.15 E12.12831
G1 X100.665 Y114.951 E12.28885
G1 X100.282 Y114.84 E12.30886
G1 X100.282 Y117.987 E12.4668
G1 X99.898 Y118.026 E12.48617
G1 X99.898 Y114.73 E12.65158
G1 X99.515 Y114.62 E12.67158
G1 X99.515 Y117.969 E12.83965
G1 X99.132 Y117.913 E12.85908
G1 X99.132 Y114.51 E13.02986
G1 X98.749 Y114.399 E13.04987
G1 X98.749 Y117.818 E13.22146
G1 X98.365 Y117.611 E13.24335
G1 X98.365 Y114.289 E13.41007
G1 X97.982 Y114.179 E13.43007
G1 X97.982 Y117.405 E13.59197
G1 X97.599 Y117.145 E13.6152
G1 X97.599 Y114.069 E13.76957
G1 X97.216 Y113.958 E13.78958
G1 X97.216 Y117.168 E13.95068
G1 X96.833 Y117.124 E13.97003
G1 X96.833 Y113.762 E14.13876
G1 X96.606 Y113.484 E14.15677
G1 X96.596 Y113.357 E14.16316
G1 X96.521 Y113.37 E14.16698
G1 X96.53 Y112.516 E14.20984
G1 X96.611 Y112.508 E14.21392
G1 X96.833 Y111.738 E14.25414
G1 X96.833 Y107.776 E14.45298
G1 X97.216 Y107.647 E14.47326
G1 X97.216 Y111.043 E14.64369
G1 X97.456 Y110.608 E14.66862
G1 X97.599 Y110.819 E14.68141
G1 X97.599 Y107.604 E14.84276
G1 X97.982 Y107.56 E14.86211
G1 X97.982 Y110.845 E15.02697
G1 X98.365 Y110.953 E15.04694
G1 X98.365 Y107.585 E15.21597
G1 X98.749 Y107.659 E15.2356
G1 X98.749 Y111.061 E15.40633
G1 X99.132 Y111.169 E15.4263
G1 X99.132 Y107.762 E15.59728
G1 X99.515 Y107.922 E15.61811
G1 X99.515 Y111.277 E15.78648
G1 X99.898 Y111.385 E15.80645
G1 X99.898 Y108.174 E15.9676
G1 X100.282 Y108.394 E15.98981
G1 X100.282 Y111.493 E16.14534
G1 X100.665 Y111.601 E16.16531
G1 X100.665 Y108.351 E16.32841
G1 X101.048 Y108.344 E16.34763
G1 X101.048 Y111.709 E16.51651
G1 X101.431 Y111.817 E16.53648
G1 X101.431 Y108.417 E16.70711
G1 X101.814 Y108.514 E16.72694
G1 X101.814 Y111.924 E16.89807
G1 X102.198 Y112.032 E16.91809
G1 X102.198 Y108.636 E17.08852
G1 X102.581 Y108.888 E17.11153
G1 X102.581 Y112.144 E17.27494
G1 X102.964 Y112.255 E17.29495
G1 X102.964 Y109.139 E17.45133
G1 X103.347 Y109.146 E17.47055
G1 X103.347 Y112.365 E17.6321
G1 X103.73 Y112.476 E17.65211
G1 X103.73 Y109.111 E17.82099
G1 X104.114 Y109.184 E17.84061
G1 X104.114 Y112.586 E18.01134
G1 X104.497 Y112.696 E18.03134
G1 X104.497 Y109.274 E18.20308
G1 X104.88 Y109.377 E18.22298
G1 X104.88 Y112.807 E18.39512
G1 X105.263 Y112.917 E18.41512
G1 X105.263 Y109.612 E18.58098
G1 X105.646 Y109.864 E18.60399
G1 X105.646 Y113.028 E18.76278
G1 X106.03 Y113.138 E18.78283
G1 X106.03 Y109.939 E18.94337
G1 X106.413 Y109.896 E18.96271
G1 X106.413 Y113.249 E19.13098
G1 X106.796 Y113.359 E19.15098
G1 X106.796 Y109.95 E19.32206
G1 X107.179 Y110.032 E19.34172
G1 X107.179 Y113.47 E19.51426
G1 X107.563 Y113.58 E19.53431
G1 X107.563 Y110.084 E19.70976
G1 X107.946 Y109.91 E19.73087
G1 X107.946 Y114.129 E19.9426
G1 E17.9426 F2400
G92 E0
G1 X107.946 Y114.129 F7800
G1 X96.449 Y117.236
G1 E2 F2400
G1 F1800
G1 X96.449 Y107.959 E2.46557
G1 X96.066 Y108.142 E2.48687
G1 X96.066 Y116.983 E2.93056
G1 X95.683 Y116.788 E2.95213
G1 X95.683 Y108.514 E3.36737
G1 X95.3 Y108.89 E3.39431
G1 X95.3 Y116.593 E3.78089
G1 X94.917 Y116.272 E3.80597
G1 X94.917 Y109.678 E4.1369
G1 X94.658 Y109.861 E4.15282
G1 X94.533 Y110.062 E4.1647
G1 X94.533 Y115.863 E4.45583
G1 X94.31 Y115.625 E4.4722
G1 X94.15 Y115.211 E4.49447
G1 X94.15 Y110.384 E4.73672
G1 E2.73672 F2400
G92 E0
G1 X94.15 Y110.384 F7800
G1 X98.23 Y111.69
G1 E2 F2400
;TYPE:Support material interface
;WIDTH:0.35
G1 F1800
G1 X97.924 Y111.384 E2.01731
G1 X97.924 Y111.384 F7800
G1 X97.662 Y111.93
G1 F1800
G1 X99.491 Y113.759 E2.12077
G1 X99.491 Y113.759 F7800
G1 X98.924 Y113.596
G1 F1800
G1 X97.41 Y112.081 E2.20644
G1 X97.311 Y112.386 E2.21927
G1 X98.169 Y113.245 E2.26783
G1 X97.771 Y113.131 E2.28439
G1 X97.722 Y113.202 E2.28784
G1 X97.52 Y113 E2.29927
G1 X97.534 Y113.176 E2.30633
G1 X97.243 Y113.116 E2.31821
G1 X97.64 Y113.524 E2.34098
G1 E.34098 F2400
G92 E0
G1 X97.64 Y113.524 F7800
G1 X105.225 Y115.454
G1 E2 F2400
G1 F1800
G1 X105.58 Y115.808 E2.02005
G1 X105.58 Y115.808 F7800
G1 X106.147 Y115.972
G1 F1800
G1 X103.184 Y113.008 E2.18769
G1 X103.09 Y112.981 E2.1916
G1 X103.193 Y113.087 E2.19751
G1 X103.034 Y113.262 E2.20697
G1 X104.975 Y115.203 E2.31677
G1 X104.408 Y115.04 E2.34037
G1 X102.466 Y113.099 E2.4502
G1 X101.899 Y112.935 E2.47381
G1 X103.84 Y114.877 E2.58364
G1 X103.273 Y114.714 E2.60724
G1 X101.149 Y112.589 E2.72742
G1 X101.149 Y112.589 F7800
G1 X100.476 Y114.34
G1 F1800
G1 X97.903 Y111.767 E2.87297
G1 X97.996 Y111.618 E2.88
G1 X97.99 Y111.833 E2.8886
G1 X98.523 Y111.983 E2.91075
G1 X100.442 Y113.902 E3.01931
G1 X101.005 Y114.061 E3.04271
G1 X99.085 Y112.142 E3.15129
G1 X99.648 Y112.3 E3.17468
G1 X101.572 Y114.224 E3.28352
G1 X102.139 Y114.387 E3.30712
G1 X100.21 Y112.458 E3.41624
G1 X100.299 Y112.483 E3.41994
G1 X100.411 Y112.295 E3.42869
G1 X100.308 Y112.189 E3.4346
G1 X100.359 Y112.204 E3.43673
G1 X103.311 Y115.156 E3.60372
G1 X103.311 Y115.156 F7800
G1 X102.744 Y114.993
G1 F1800
G1 X102.425 Y114.673 E3.62179
G1 E1.62179 F2400
G92 E0
G1 X102.425 Y114.673 F7800
G1 X103.981 Y113.401
G1 E2 F2400
G1 F1800
G1 X106.109 Y115.53 E2.12041
G1 X106.676 Y115.693 E2.14401
G1 X104.736 Y113.753 E2.25375
G1 X105.303 Y113.916 E2.27735
G1 X106.851 Y115.464 E2.36492
G1 X106.94 Y115.149 E2.37801
G1 X105.871 Y114.08 E2.43848
G1 X105.989 Y113.893 E2.44732
G1 X105.886 Y113.787 E2.45323
G1 X106.021 Y113.826 E2.45885
G1 X107.134 Y114.939 E2.52181
G1 X107.134 Y114.939 F7800
G1 X107.223 Y114.624
G1 F1800
G1 X106.818 Y114.219 E2.54472
G1 E.54472 F2400
G92 E0
G1 X106.818 Y114.219 F7800
G1 X117.464 Y117.885
G1 E2 F2400
;TYPE:Perimeter
;WIDTH:0.42346
G1 F1800
G1 X117.417 Y118.052 E2.00879
G1 X117.369 Y118.22 E2.01765
G1 X108.846 Y115.795 E2.46682
G1 X108.937 Y115.459 E2.48447
G1 X117.407 Y117.868 E2.93084
G1 X117.407 Y117.868 F7800
G1 X117.893 Y117.646
;WIDTH:0.42
G1 F1800
G1 X117.75 Y118.147 E2.95699
G1 X117.608 Y118.648 E2.98312
G1 X108.468 Y116.048 E3.46002
G1 X108.553 Y115.544 E3.48567
G1 X108.742 Y115.043 E3.51254
G1 X117.835 Y117.63 E3.98699
G1 X117.835 Y117.63 F7800
G1 X118.319 Y117.409
;TYPE:External perimeter
G1 F1800
G1 X118.082 Y118.242 E4.03045
G1 X117.845 Y119.074 E4.07387
G1 X108.107 Y116.304 E4.58197
G1 X108.155 Y115.704 E4.61218
G1 X108.296 Y115.198 E4.63854
G1 X108.572 Y114.636 E4.66996
G1 X118.261 Y117.393 E5.17551
G1 X118.21 Y117.789 F7800
G1 E3.17551 F2400
G92 E0
G92 E0
G1 X98.786 Y120.861 F7800
G1 E2 F2400
;TYPE:Support material
;WIDTH:0.42
G1 F1800
G1 X99.495 Y121.05 E2.03682
G1 X100.316 Y121.591 E2.08616
G1 X100.938 Y121.52 E2.11758
G1 X102.276 Y121.83 E2.18651
G1 X103.105 Y122.373 E2.23624
G1 X103.713 Y122.305 E2.26694
G1 X105.051 Y122.614 E2.33586
G1 X105.878 Y123.157 E2.38551
G1 X106.488 Y123.088 E2.41632
G1 X107.45 Y123.297 E2.46573
G1 X107.672 Y123.142 E2.47932
G1 X109.285 Y122.955 E2.56081
G1 X110.765 Y123.515 E2.64022
G1 X111.061 Y123.847 E2.66254
G1 X112.069 Y123.735 E2.71344
G1 X113.543 Y124.294 E2.79255
G1 X113.847 Y124.635 E2.81548
G1 X114.843 Y124.524 E2.86577
G1 X116.316 Y125.083 E2.94484
G1 X116.62 Y125.424 E2.96777
G1 X117.616 Y125.313 E3.01806
G1 X119.089 Y125.872 E3.09713
G1 X120.155 Y127.069 E3.17757
G1 X120.216 Y127.314 E3.19024
G1 X121.014 Y127.295 E3.2303
G1 X121.618 Y127.385 E3.26095
G1 X122.688 Y127.688 E3.31676
G1 X123.302 Y127.96 E3.35046
G1 X124.482 Y128.88 E3.42555
G1 X125.13 Y129.656 E3.47629
G1 X125.705 Y130.789 E3.54005
G1 X125.945 Y131.772 E3.59083
G1 X126.018 Y132.648 E3.63495
G1 X125.95 Y133.535 E3.6796
G1 X125.724 Y134.411 E3.725
G1 X125.359 Y135.205 E3.76886
G1 X124.905 Y135.886 E3.80994
G1 X124.269 Y136.609 E3.85827
G1 X122.99 Y137.446 E3.93498
G1 X121.695 Y137.88 E4.00352
G1 X120.219 Y137.974 E4.07774
G1 X119.354 Y137.8 E4.12202
G1 X118.615 Y137.574 E4.1608
G1 X117.591 Y137.032 E4.21895
G1 X117.275 Y136.766 E4.23968
G1 X116.136 Y137.222 E4.30125
G1 X114.537 Y137.054 E4.38194
G1 X113.516 Y136.372 E4.44356
G1 X113.363 Y136.433 E4.45183
G1 X111.763 Y136.265 E4.53257
G1 X110.743 Y135.583 E4.59415
G1 X110.59 Y135.644 E4.60242
G1 X108.99 Y135.476 E4.68316
G1 X107.97 Y134.794 E4.74474
G1 X107.816 Y134.855 E4.75305
G1 X106.217 Y134.687 E4.83374
G1 X104.88 Y133.793 E4.91446
G1 X104.623 Y133.318 E4.94156
G1 X104.3 Y133.271 E4.95794
G1 X103.119 Y132.597 E5.02618
G1 X102.803 Y132.664 E5.04239
G1 X101.524 Y132.477 E5.10726
G1 X100.346 Y131.804 E5.17535
G1 X100.027 Y131.871 E5.19171
G1 X98.749 Y131.683 E5.25654
G1 X97.555 Y130.99 E5.32582
G1 X96.108 Y130.866 E5.39871
G1 X94.954 Y130.278 E5.46371
G1 X94.042 Y129.306 E5.5306
G1 X93.528 Y127.973 E5.6023
G1 X93.639 Y126.5 E5.67643
G1 X93.479 Y125.501 E5.7272
G1 X93.719 Y124.296 E5.78886
G1 X94.428 Y123.157 E5.85619
G1 X94.657 Y122.994 E5.8703
G1 X94.815 Y122.443 E5.89907
G1 X95.882 Y121.399 E5.97399
G1 X96.982 Y120.874 E6.03516
G1 X98.153 Y120.742 E6.0943
G1 X98.735 Y120.851 E6.12402
G1 X98.735 Y120.851 F7800
G1 X108.19 Y127.548
G1 F1800
G1 X108.46 Y127.446 E6.1385
G1 X118.871 Y130.408 E6.68172
G1 X119.046 Y130.723 E6.6998
G1 X118.359 Y133.139 E6.82586
G1 X118.044 Y133.314 E6.84394
G1 X107.638 Y130.354 E7.38689
G1 X107.465 Y130.138 E7.40078
G1 X107.507 Y129.149 E7.45046
G1 X107.668 Y128.536 E7.48227
G1 X108.163 Y127.592 E7.53576
G1 X108.163 Y127.592 F7800
G1 X97.534 Y124.724
G1 F1800
G1 X97.817 Y124.634 E7.55066
G1 X99.052 Y124.982 E7.61505
G1 X98.732 Y125.188 E7.63415
G1 X99.757 Y125.477 E7.6876
G1 X99.603 Y125.137 E7.70633
G1 X101.832 Y125.765 E7.82255
G1 X101.51 Y125.971 E7.84173
G1 X102.533 Y126.264 E7.89513
G1 X102.379 Y125.922 E7.91395
G1 X104.59 Y126.559 E8.02942
G1 X104.27 Y126.764 E8.04849
G1 X105.316 Y127.066 E8.10313
G1 X105.162 Y126.724 E8.12195
G1 X107.347 Y127.354 E8.23607
G1 X107.027 Y127.559 E8.25514
G1 X107.576 Y127.717 E8.28381
G1 X107.02 Y129.672 E8.38581
G1 X106.473 Y129.515 E8.41437
G1 X106.563 Y129.838 E8.4312
G1 X104.532 Y129.253 E8.53727
G1 X104.732 Y129.014 E8.55291
G1 X103.7 Y128.717 E8.6068
G1 X103.791 Y129.04 E8.62364
G1 X101.763 Y128.456 E8.72955
G1 X101.963 Y128.217 E8.74519
G1 X100.926 Y127.919 E8.79934
G1 X101.019 Y128.242 E8.81621
G1 X98.993 Y127.659 E8.92201
G1 X99.195 Y127.42 E8.93771
G1 X98.214 Y127.138 E8.98894
G1 X98.316 Y127.465 E9.00613
G1 X97.104 Y127.116 E9.06943
G1 X96.908 Y126.876 E9.08498
G1 X96.863 Y126.307 E9.11362
G1 X97.1 Y125.413 E9.16004
G1 X97.503 Y124.742 E9.19932
G1 E7.19932 F2400
G92 E0
G1 X97.503 Y124.742 F7800
G1 X125.573 Y134.366
G1 E2 F2400
G1 F1800
G1 X125.573 Y131.558 E2.14092
G1 X125.412 Y130.897 E2.17506
G1 X125.19 Y130.46 E2.19966
G1 X125.19 Y134.829 E2.41892
G1 X124.807 Y135.473 E2.45652
G1 X124.807 Y129.754 E2.74353
G1 X124.424 Y129.294 E2.77357
G1 X124.424 Y135.963 E3.10826
G1 X124.041 Y136.391 E3.13708
G1 X124.041 Y128.895 E3.51327
G1 X123.657 Y128.594 E3.53776
G1 X123.657 Y136.668 E3.94296
G1 X123.274 Y136.93 E3.96625
G1 X123.274 Y128.321 E4.3983
G1 X122.891 Y128.117 E4.42008
G1 X122.891 Y137.146 E4.87321
G1 X122.508 Y137.314 E4.8942
G1 X122.508 Y127.954 E5.36394
G1 X122.124 Y127.823 E5.3843
G1 X122.124 Y137.44 E5.86694
G1 X121.741 Y137.545 E5.88687
G1 X121.741 Y127.729 E6.37949
G1 X121.358 Y127.66 E6.39902
G1 X121.358 Y137.616 E6.89867
G1 X120.975 Y137.651 E6.91797
G1 X120.975 Y127.605 E7.42214
G1 X120.592 Y127.605 E7.44136
G1 X120.592 Y137.657 E7.94583
G1 X120.208 Y137.655 E7.9651
G1 X120.208 Y127.625 E8.46846
G1 X119.977 Y127.639 E8.48007
G1 X119.825 Y127.165 E8.50505
G1 X119.825 Y137.578 E9.02764
G1 X119.442 Y137.501 E9.04725
G1 X119.442 Y126.734 E9.5876
G1 X119.059 Y126.304 E9.6165
G1 X119.059 Y130.139 E9.80896
G1 X118.676 Y130.03 E9.82894
G1 X118.676 Y126.047 E10.02883
G1 X118.292 Y125.901 E10.04945
G1 X118.292 Y129.921 E10.2512
G1 X117.909 Y129.812 E10.27118
G1 X117.909 Y125.756 E10.47473
G1 X117.576 Y125.63 E10.4926
G1 X117.526 Y129.703 E10.69702
G1 X117.143 Y129.594 E10.717
G1 X117.143 Y125.678 E10.91353
G1 X116.76 Y125.721 E10.93287
G1 X116.76 Y129.485 E11.12177
G1 X116.376 Y129.376 E11.1418
G1 X116.376 Y125.617 E11.33045
G1 X116.135 Y125.346 E11.34865
G1 X115.993 Y125.292 E11.35627
G1 X115.993 Y129.267 E11.55576
G1 X115.61 Y129.158 E11.57574
G1 X115.61 Y125.147 E11.77704
G1 X115.227 Y125.002 E11.79759
G1 X115.227 Y129.049 E12.00069
G1 X114.843 Y128.94 E12.02072
G1 X114.803 Y124.841 E12.22644
G1 X114.46 Y124.879 E12.24376
G1 X114.46 Y128.831 E12.44209
G1 X114.077 Y128.722 E12.46207
G1 X114.077 Y124.922 E12.65278
G1 X113.694 Y124.93 E12.67201
G1 X113.694 Y128.613 E12.85684
G1 X113.311 Y128.504 E12.87682
G1 X113.311 Y124.538 E13.07586
G1 X112.927 Y124.392 E13.09648
G1 X112.927 Y128.395 E13.29737
G1 X112.544 Y128.286 E13.31735
G1 X112.544 Y124.247 E13.52005
G1 X112.161 Y124.102 E13.5406
G1 X112.161 Y128.177 E13.74511
G1 X111.778 Y128.068 E13.76509
G1 X111.778 Y124.08 E13.96523
G1 X111.395 Y124.122 E13.98457
G1 X111.395 Y127.958 E14.17708
G1 X111.011 Y127.849 E14.19711
G1 X111.011 Y124.165 E14.38199
G1 X110.936 Y124.174 E14.38578
G1 X110.628 Y123.828 E14.40903
G1 X110.628 Y127.74 E14.60536
G1 X110.245 Y127.631 E14.62534
G1 X110.245 Y123.65 E14.82513
G1 X109.862 Y123.505 E14.84568
G1 X109.862 Y127.522 E15.04728
G1 X109.479 Y127.413 E15.06726
G1 X109.479 Y123.36 E15.27066
G1 X109.246 Y123.272 E15.28316
G1 X109.095 Y123.29 E15.29079
G1 X109.095 Y127.304 E15.49224
G1 X108.712 Y127.195 E15.51222
G1 X108.712 Y123.334 E15.70599
G1 X108.329 Y123.378 E15.72534
G1 X108.329 Y127.33 E15.92367
G1 E13.92367 F2400
G92 E0
G1 X108.329 Y127.33 F7800
G1 X119.059 Y137.547
G1 E2 F2400
G1 F1800
G1 X119.059 Y131.812 E2.28782
G1 X118.676 Y133.159 E2.3581
G1 X118.676 Y137.255 E2.56366
G1 X118.292 Y137.052 E2.58546
G1 X118.292 Y133.531 E2.76216
G1 X118.082 Y133.648 E2.77422
G1 X117.909 Y133.599 E2.78324
G1 X117.909 Y136.849 E2.94634
G1 X117.526 Y136.572 E2.97006
G1 X117.526 Y133.49 E3.12473
G1 X117.143 Y133.381 E3.14471
G1 X117.143 Y136.485 E3.30049
G1 X116.76 Y136.638 E3.32119
G1 X116.76 Y133.272 E3.49012
G1 X116.376 Y133.163 E3.51015
G1 X116.376 Y136.792 E3.69227
G1 X115.993 Y136.895 E3.71217
G1 X115.993 Y133.054 E3.90493
G1 X115.61 Y132.945 E3.92491
G1 X115.61 Y136.855 E4.12114
G1 X115.227 Y136.815 E4.14047
G1 X115.227 Y132.836 E4.34016
G1 X114.843 Y132.727 E4.36019
G1 X114.843 Y136.774 E4.56329
G1 X114.645 Y136.754 E4.57328
G1 X114.46 Y136.63 E4.58446
G1 X114.46 Y132.617 E4.78586
G1 X114.077 Y132.508 E4.80584
G1 X114.077 Y136.373 E4.99981
G1 X113.694 Y136.117 E5.02293
G1 X113.694 Y132.399 E5.20952
G1 X113.311 Y132.29 E5.2295
G1 X113.311 Y136.115 E5.42146
G1 X112.927 Y136.075 E5.44084
G1 X112.927 Y132.181 E5.63626
G1 X112.544 Y132.072 E5.65624
G1 X112.544 Y136.035 E5.85513
G1 X112.161 Y135.995 E5.87446
G1 X112.161 Y131.963 E6.07681
G1 X111.778 Y131.854 E6.09679
G1 X111.778 Y135.901 E6.29989
G1 X111.395 Y135.645 E6.32301
G1 X111.395 Y131.745 E6.51874
G1 X111.011 Y131.636 E6.53877
G1 X111.011 Y135.389 E6.72712
G1 X110.779 Y135.234 E6.74112
G1 X110.628 Y135.294 E6.74927
G1 X110.628 Y131.527 E6.93832
G1 X110.245 Y131.418 E6.9583
G1 X110.245 Y135.296 E7.15292
G1 X109.862 Y135.255 E7.17225
G1 X109.862 Y131.309 E7.37028
G1 X109.479 Y131.2 E7.39026
G1 X109.479 Y135.215 E7.59176
G1 X109.095 Y135.173 E7.61115
G1 X109.095 Y131.091 E7.81601
G1 X108.712 Y130.982 E7.83599
G1 X108.712 Y134.917 E8.03347
G1 X108.329 Y134.66 E8.05662
G1 X108.329 Y130.873 E8.24667
G1 X107.946 Y130.764 E8.26665
G1 X107.946 Y134.469 E8.45259
G1 X107.563 Y134.516 E8.47196
G1 X107.563 Y130.655 E8.66573
G1 X107.458 Y130.625 E8.67121
G1 X107.179 Y130.279 E8.69352
G1 X107.179 Y134.476 E8.90415
G1 X106.796 Y134.436 E8.92348
G1 X106.796 Y130.228 E9.13466
G1 X106.413 Y130.117 E9.15467
G1 X106.413 Y134.396 E9.36942
G1 X106.03 Y134.188 E9.39129
G1 X106.03 Y130.007 E9.60112
G1 X105.646 Y129.897 E9.62117
G1 X105.646 Y133.932 E9.82367
G1 X105.263 Y133.676 E9.84679
G1 X105.263 Y129.787 E10.04196
G1 X104.88 Y129.676 E10.06197
G1 X104.88 Y133.141 E10.23586
G1 X104.821 Y133.033 E10.24204
G1 X104.497 Y132.986 E10.25847
G1 X104.497 Y129.566 E10.43011
G1 X104.114 Y129.456 E10.45011
G1 X104.114 Y132.819 E10.61889
G1 X103.73 Y132.613 E10.64076
G1 X103.73 Y129.346 E10.80472
G1 X103.347 Y129.235 E10.82473
G1 X103.347 Y132.386 E10.98287
G1 X103.228 Y132.256 E10.99171
G1 X102.964 Y132.312 E11.00525
G1 X102.964 Y129.125 E11.16519
G1 X102.581 Y129.015 E11.18519
G1 X102.581 Y132.318 E11.35095
G1 X102.198 Y132.262 E11.37038
G1 X102.198 Y128.905 E11.53885
G1 X101.814 Y128.794 E11.55891
G1 X101.814 Y132.206 E11.73014
G1 X101.623 Y132.178 E11.73983
G1 X101.431 Y132.075 E11.75076
G1 X101.431 Y128.684 E11.92094
G1 X101.048 Y128.574 E11.94094
G1 X101.048 Y131.869 E12.1063
G1 X100.665 Y131.663 E12.12813
G1 X100.665 Y128.463 E12.28872
G1 X100.282 Y128.353 E12.30872
G1 X100.282 Y131.5 E12.46666
G1 X99.898 Y131.538 E12.48603
G1 X99.898 Y128.243 E12.65139
G1 X99.515 Y128.133 E12.67139
G1 X99.515 Y131.482 E12.83946
G1 X99.132 Y131.426 E12.85889
G1 X99.132 Y128.022 E13.02972
G1 X98.749 Y127.912 E13.04972
G1 X98.749 Y131.331 E13.22131
G1 X98.365 Y131.124 E13.2432
G1 X98.365 Y127.802 E13.40992
G1 X97.982 Y127.692 E13.42992
G1 X97.982 Y130.918 E13.59182
G1 X97.599 Y130.658 E13.61505
G1 X97.599 Y127.581 E13.76947
G1 X97.216 Y127.471 E13.78947
G1 X97.216 Y130.681 E13.95057
G1 X96.833 Y130.637 E13.96992
G1 X96.833 Y127.274 E14.1387
G1 X96.606 Y126.997 E14.15667
G1 X96.596 Y126.869 E14.16311
G1 X96.521 Y126.883 E14.16694
G1 X96.53 Y126.029 E14.2098
G1 X96.611 Y126.021 E14.21388
G1 X96.833 Y125.251 E14.2541
G1 X96.833 Y121.289 E14.45294
G1 X97.216 Y121.16 E14.47322
G1 X97.216 Y124.556 E14.64365
G1 X97.456 Y124.121 E14.66858
G1 X97.599 Y124.332 E14.68137
G1 X97.599 Y121.117 E14.84272
G1 X97.982 Y121.073 E14.86207
G1 X97.982 Y124.358 E15.02693
G1 X98.365 Y124.466 E15.0469
G1 X98.365 Y121.097 E15.21598
G1 X98.749 Y121.172 E15.23562
G1 X98.749 Y124.574 E15.40635
G1 X99.132 Y124.682 E15.42632
G1 X99.132 Y121.275 E15.5973
G1 X99.515 Y121.435 E15.61813
G1 X99.515 Y124.79 E15.7865
G1 X99.898 Y124.898 E15.80647
G1 X99.898 Y121.687 E15.96762
G1 X100.282 Y121.907 E15.98983
G1 X100.282 Y125.006 E16.14536
G1 X100.665 Y125.113 E16.16532
G1 X100.665 Y121.864 E16.32837
G1 X101.048 Y121.857 E16.34759
G1 X101.048 Y125.221 E16.51642
G1 X101.431 Y125.329 E16.53639
G1 X101.431 Y121.93 E16.70697
G1 X101.814 Y122.027 E16.7268
G1 X101.814 Y125.437 E16.89793
G1 X102.198 Y125.545 E16.91795
G1 X102.198 Y122.149 E17.08838
G1 X102.581 Y122.401 E17.11139
G1 X102.581 Y125.657 E17.2748
G1 X102.964 Y125.768 E17.29481
G1 X102.964 Y122.652 E17.45119
G1 X103.347 Y122.659 E17.47041
G1 X103.347 Y125.878 E17.63196
G1 X103.73 Y125.988 E17.65196
G1 X103.73 Y122.624 E17.82079
G1 X104.114 Y122.697 E17.84041
G1 X104.114 Y126.099 E18.01114
G1 X104.497 Y126.209 E18.03114
G1 X104.497 Y122.787 E18.20288
G1 X104.88 Y122.89 E18.22278
G1 X104.88 Y126.32 E18.39492
G1 X105.263 Y126.43 E18.41492
G1 X105.263 Y123.125 E18.58078
G1 X105.646 Y123.376 E18.60376
G1 X105.646 Y126.541 E18.7626
G1 X106.03 Y126.651 E18.78265
G1 X106.03 Y123.452 E18.94319
G1 X106.413 Y123.409 E18.96253
G1 X106.413 Y126.762 E19.1308
G1 X106.796 Y126.872 E19.1508
G1 X106.796 Y123.463 E19.32188
G1 X107.179 Y123.545 E19.34154
G1 X107.179 Y126.982 E19.51403
G1 X107.563 Y127.093 E19.53409
G1 X107.563 Y123.597 E19.70954
G1 X107.946 Y123.422 E19.73067
G1 X107.946 Y127.642 E19.94245
G1 E17.94245 F2400
G92 E0
G1 X107.946 Y127.642 F7800
G1 X96.449 Y130.749
G1 E2 F2400
G1 F1800
G1 X96.449 Y121.472 E2.46557
G1 X96.066 Y121.654 E2.48685
G1 X96.066 Y130.496 E2.93059
G1 X95.683 Y130.301 E2.95216
G1 X95.683 Y122.027 E3.3674
G1 X95.3 Y122.402 E3.3943
G1 X95.3 Y130.106 E3.78093
G1 X94.917 Y129.784 E3.80604
G1 X94.917 Y123.191 E4.13692
G1 X94.658 Y123.374 E4.15284
G1 X94.533 Y123.575 E4.16472
G1 X94.533 Y129.376 E4.45585
G1 X94.31 Y129.138 E4.47222
G1 X94.15 Y128.723 E4.49454
G1 X94.15 Y123.897 E4.73674
G1 E2.73674 F2400
G92 E0
G1 X94.15 Y123.897 F7800
G1 X98.23 Y125.203
G1 E2 F2400
;TYPE:Support material interface
;WIDTH:0.35
G1 F1800
G1 X97.924 Y124.897 E2.01731
G1 X97.662 Y125.443 F7800
G1 F1800
G1 X99.491 Y127.272 E2.12077
G1 X99.491 Y127.272 F7800
G1 X98.924 Y127.109
G1 F1800
G1 X97.41 Y125.594 E2.20644
G1 X97.311 Y125.899 E2.21927
G1 X98.169 Y126.758 E2.26783
G1 X97.771 Y126.643 E2.2844
G1 X97.722 Y126.715 E2.28788
G1 X97.52 Y126.512 E2.29934
G1 X97.534 Y126.689 E2.30644
G1 X97.243 Y126.629 E2.31832
G1 X97.64 Y127.037 E2.34109
G1 E.34109 F2400
G92 E0
G1 X97.64 Y127.037 F7800
G1 X105.225 Y128.967
G1 E2 F2400
G1 F1800
G1 X105.58 Y129.321 E2.02005
G1 X105.58 Y129.321 F7800
G1 X106.147 Y129.484
G1 F1800
G1 X103.184 Y126.521 E2.18766
G1 X103.09 Y126.494 E2.19157
G1 X103.193 Y126.6 E2.19748
G1 X103.034 Y126.775 E2.20694
G1 X104.975 Y128.716 E2.31674
G1 X104.408 Y128.553 E2.34034
G1 X102.466 Y126.612 E2.45017
G1 X101.899 Y126.448 E2.47378
G1 X103.84 Y128.39 E2.58361
G1 X103.273 Y128.227 E2.60721
G1 X101.149 Y126.102 E2.72739
G1 X101.149 Y126.102 F7800
G1 X100.476 Y127.853
G1 F1800
G1 X97.903 Y125.279 E2.87297
G1 X97.996 Y125.131 E2.87996
G1 X97.99 Y125.346 E2.88856
G1 X98.523 Y125.496 E2.91071
G1 X100.442 Y127.415 E3.01927
G1 X101.005 Y127.574 E3.04267
G1 X99.085 Y125.654 E3.15128
G1 X99.648 Y125.813 E3.17468
G1 X101.572 Y127.737 E3.28352
G1 X102.139 Y127.9 E3.30712
G1 X100.21 Y125.971 E3.41624
G1 X100.299 Y125.996 E3.41994
G1 X100.411 Y125.808 E3.42869
G1 X100.308 Y125.702 E3.4346
G1 X100.359 Y125.717 E3.43673
G1 X103.311 Y128.669 E3.60372
G1 X103.311 Y128.669 F7800
G1 X102.744 Y128.505
G1 F1800
G1 X102.425 Y128.186 E3.62177
G1 E1.62177 F2400
G92 E0
G1 X102.425 Y128.186 F7800
G1 X103.981 Y126.914
G1 E2 F2400
G1 F1800
G1 X106.109 Y129.043 E2.12041
G1 X106.676 Y129.206 E2.14401
G1 X104.736 Y127.266 E2.25375
G1 X105.303 Y127.429 E2.27735
G1 X106.851 Y128.976 E2.36489
G1 X106.94 Y128.662 E2.37794
G1 X105.871 Y127.593 E2.43841
G1 X105.989 Y127.406 E2.44725
G1 X105.886 Y127.3 E2.45316
G1 X106.021 Y127.339 E2.45878
G1 X107.134 Y128.452 E2.52174
G1 X107.134 Y128.452 F7800
G1 X107.223 Y128.137
G1 F1800
G1 X106.818 Y127.732 E2.54465
G1 E.54465 F2400
G92 E0
G1 X117.464 Y131.398 F7800
G1 E2 F2400
;TYPE:Perimeter
;WIDTH:0.42346
G1 F1800
G1 X117.417 Y131.565 E2.00879
G1 X117.369 Y131.733 E2.01765
G1 X108.846 Y129.308 E2.46682
G1 X108.937 Y128.971 E2.48451
G1 X117.407 Y131.381 E2.93089
G1 X117.407 Y131.381 F7800
G1 X117.893 Y131.159
;WIDTH:0.42
G1 F1800
G1 X117.75 Y131.66 E2.95704
G1 X117.608 Y132.161 E2.98317
G1 X108.468 Y129.561 E3.46007
G1 X108.553 Y129.057 E3.48572
G1 X108.742 Y128.556 E3.51259
G1 X117.835 Y131.143 E3.98704
G1 X117.835 Y131.143 F7800
G1 X118.319 Y130.922
;TYPE:External perimeter
G1 F1800
G1 X118.082 Y131.755 E4.0305
G1 X117.845 Y132.587 E4.07392
G1 X108.107 Y129.816 E4.58203
G1 X108.155 Y129.217 E4.61219
G1 X108.296 Y128.711 E4.63855
G1 X108.572 Y128.149 E4.66997
G1 X118.261 Y130.905 E5.17551
G1 X118.21 Y131.302 F7800
;LAYER_CHANGE
;Z:0.65
;HEIGHT:0.3
G1 Z.65 F7800
G1 E3.17551 F2400
G92 E0
G92 E0
G1 X101.243 Y85.95 F7800
G1 E2 F2400
;TYPE:Support material interface
;WIDTH:0.35
G1 F3600
G1 X100.804 Y86.388 E2.02209
G1 X100.804 Y86.388 F7800
G1 X100.636 Y85.603
;TYPE:Support material
G1 F3600
G1 X100.886 Y85.685 E2.03146
G1 X100.582 Y86.546 E2.06399
G1 X100.255 Y86.37 E2.07722
G1 X100.159 Y86.002 E2.09077
G1 X100.249 Y85.783 E2.0992
G1 X100.594 Y85.598 E2.11315
G1 X100.594 Y85.598 F7800
G1 X101.831 Y85.766
;TYPE:Support material interface
G1 F3600
G1 X101.209 Y86.388 E2.14449
G1 X101.158 Y86.843 E2.1608
G1 X102.042 Y85.959 E2.20534
G1 X102.357 Y86.048 E2.217
G1 X100.962 Y87.442 E2.28725
G1 X100.962 Y87.442 F7800
G1 X100.545 Y87.88
;TYPE:Support material
G1 F3600
G1 X100.972 Y88.006 E2.30311
G1 X100.779 Y88.101 E2.31077
G1 X100.565 Y87.965 E2.3198
G1 X100.566 Y87.31 E2.34313
G1 X100.751 Y87.579 E2.35476
G1 X101.395 Y87.764 E2.37863
G1 X101.404 Y87.83 E2.381
G1 X101.348 Y88.075 E2.38995
G1 X101.01 Y88.417 E2.40708
G1 X100.771 Y88.457 E2.41571
G1 X100.365 Y88.286 E2.4314
G1 X100.186 Y87.88 E2.44721
G1 X100.236 Y87.611 E2.45696
G1 X100.562 Y87.268 E2.47382
G1 E.47382 F2400
G92 E0
G1 X100.562 Y87.268 F7800
G1 X102.776 Y86.032
G1 E2 F2400
;TYPE:Support material interface
G1 F3600
G1 X101.61 Y87.198 E2.05874
G1 X101.924 Y87.288 E2.07038
G1 X102.987 Y86.225 E2.12393
G1 X103.302 Y86.314 E2.13559
G1 X102.238 Y87.378 E2.18919
G1 X102.551 Y87.469 E2.2008
G1 X103.617 Y86.403 E2.25451
G1 X103.933 Y86.492 E2.26621
G1 X102.865 Y87.559 E2.31999
G1 X103.179 Y87.649 E2.33163
G1 X104.248 Y86.58 E2.38549
G1 X104.563 Y86.669 E2.39715
G1 X103.389 Y87.843 E2.4563
G1 X103.389 Y87.843 F7800
G1 X103.291 Y88.674
;TYPE:Support material
G1 F3600
G1 X103.746 Y88.805 E2.47317
G1 X103.612 Y88.937 E2.47987
G1 X103.35 Y88.882 E2.48941
G1 X103.154 Y88.27 E2.5123
G1 X104.114 Y88.546 E2.54788
G1 X104.137 Y88.692 E2.55315
G1 X103.946 Y89.134 E2.5703
G1 X103.747 Y89.268 E2.57885
G1 X103.292 Y89.262 E2.59506
G1 X102.978 Y88.964 E2.61048
G1 X102.926 Y88.714 E2.61958
G1 X103.112 Y88.258 E2.63712
G1 E.63712 F2400
G92 E0
G1 X103.112 Y88.258 F7800
G1 X104.062 Y86.362
G1 E2 F2400
;TYPE:Support material interface
G1 F3600
G1 X104.268 Y86.156 E2.01038
G1 X104.268 Y86.156 F7800
G1 X104.432 Y85.411
;TYPE:Support material
G1 F3600
G1 X104.582 Y85.474 E2.01618
G1 X104.651 Y85.703 E2.0247
G1 X104.189 Y85.573 E2.0418
G1 X104.259 Y85.466 E2.04636
G1 X104.432 Y85.411 E2.05283
G1 X104.479 Y85.064 E2.0653
G1 X104.828 Y85.214 E2.07883
G1 X104.962 Y85.407 E2.0872
G1 X104.978 Y85.882 E2.10413
G1 X104.823 Y86.116 E2.11413
G1 X103.83 Y85.836 E2.15088
G1 X103.852 Y85.449 E2.16469
G1 X104.006 Y85.213 E2.17473
G1 X104.437 Y85.055 E2.19108
G1 X104.437 Y85.055 F7800
G1 X104.982 Y86.654
;TYPE:Support material interface
G1 F3600
G1 X103.575 Y88.061 E2.26196
G1 X103.889 Y88.151 E2.2736
G1 X103.772 Y88.066 E2.27875
G1 X103.878 Y87.85 E2.28732
G1 X104.12 Y87.92 E2.29629
G1 X105.193 Y86.847 E2.35035
G1 X105.507 Y86.936 E2.36198
G1 X104.433 Y88.01 E2.41609
G1 X104.747 Y88.1 E2.42773
G1 X105.821 Y87.027 E2.48181
G1 X106.135 Y87.117 E2.49345
G1 X105.061 Y88.191 E2.54756
G1 X105.374 Y88.281 E2.55916
G1 X106.448 Y87.207 E2.61327
G1 X106.762 Y87.298 E2.62492
G1 X105.688 Y88.371 E2.679
G1 X106.002 Y88.462 E2.69065
G1 X107.075 Y87.388 E2.74473
G1 X107.389 Y87.478 E2.75637
G1 X106.315 Y88.552 E2.81048
G1 X106.433 Y88.586 E2.81485
G1 X106.422 Y88.812 E2.82291
G1 X106.278 Y88.838 E2.82812
G1 X106.398 Y88.873 E2.83257
G1 X107.702 Y87.569 E2.89827
G1 X108.016 Y87.659 E2.90991
G1 X106.943 Y88.732 E2.96397
G1 X107.256 Y88.823 E2.97558
G1 X108.329 Y87.75 E3.02964
G1 X108.643 Y87.84 E3.04128
G1 X107.57 Y88.913 E3.09534
G1 X107.884 Y89.003 E3.10698
G1 X108.957 Y87.93 E3.16104
G1 X109.27 Y88.021 E3.17265
G1 X108.197 Y89.093 E3.22668
G1 X108.511 Y89.184 E3.23833
G1 X109.584 Y88.111 E3.29239
G1 X109.897 Y88.201 E3.30399
G1 X108.825 Y89.274 E3.35802
G1 X109.138 Y89.364 E3.36962
G1 X110.211 Y88.292 E3.42365
G1 X110.524 Y88.382 E3.43525
G1 X109.118 Y89.789 E3.50611
G1 X109.118 Y89.789 F7800
G1 X108.833 Y90.268
;TYPE:Support material
G1 F3600
G1 X109.285 Y90.398 E3.52286
G1 X109.066 Y90.538 E3.53212
G1 X108.895 Y90.468 E3.5387
G1 X108.693 Y89.864 E3.56139
G1 X109.66 Y90.142 E3.59723
G1 X109.682 Y90.278 E3.60214
G1 X109.491 Y90.718 E3.61923
G1 X109.292 Y90.852 E3.62778
G1 X108.837 Y90.847 E3.64399
G1 X108.523 Y90.548 E3.65944
G1 X108.471 Y90.297 E3.66857
G1 X108.651 Y89.852 E3.68567
G1 X108.651 Y89.852 F7800
G1 X110.289 Y89.829
;TYPE:Support material interface
G1 F3600
G1 X110.41 Y89.708 E3.69177
G1 X110.57 Y89.144 E3.71265
G1 X110.08 Y89.635 E3.73736
G1 X109.766 Y89.545 E3.749
G1 X110.918 Y88.393 E3.80704
G1 X110.918 Y88.393 F7800
G1 X109.98 Y86.979
;TYPE:Support material
G1 F3600
G1 X110.184 Y87.118 E3.81583
G1 X110.196 Y87.295 E3.82215
G1 X109.727 Y87.16 E3.83954
G1 X109.808 Y87.034 E3.84488
G1 X109.98 Y86.979 E3.85131
G1 X110.028 Y86.631 E3.86382
G1 X110.378 Y86.782 E3.8774
G1 X110.511 Y86.975 E3.88575
G1 X110.527 Y87.45 E3.90268
G1 X110.347 Y87.703 E3.91374
G1 X109.382 Y87.418 E3.94959
G1 X109.401 Y87.017 E3.96389
G1 X109.555 Y86.781 E3.97393
G1 X109.986 Y86.623 E3.99028
G1 E1.99028 F2400
G92 E0
G1 X109.986 Y86.623 F7800
G1 X112.549 Y86.537
G1 E2 F2400
G1 F3600
G1 X112.706 Y86.651 E2.00691
G1 X112.737 Y86.769 E2.01126
G1 X112.707 Y86.888 E2.01563
G1 X112.508 Y87.012 E2.02398
G1 X112.384 Y86.985 E2.0285
G1 X112.252 Y86.796 E2.03671
G1 X112.283 Y86.644 E2.04224
G1 X112.508 Y86.526 E2.05129
G1 E.05129 F2400
G92 E0
G1 X112.508 Y86.526 F7800
G1 X115.327 Y87.314
G1 E2 F2400
G1 F3600
G1 X115.484 Y87.428 E2.00691
G1 X115.515 Y87.546 E2.01126
G1 X115.484 Y87.665 E2.01564
G1 X115.285 Y87.789 E2.02399
G1 X115.163 Y87.762 E2.02844
G1 X115.031 Y87.573 E2.03665
G1 X115.062 Y87.42 E2.04221
G1 X115.285 Y87.303 E2.05118
G1 E.05118 F2400
G92 E0
G1 X115.285 Y87.303 F7800
G1 X118.1 Y88.103
G1 E2 F2400
G1 F3600
G1 X118.258 Y88.217 E2.00694
G1 X118.289 Y88.335 E2.01129
G1 X118.258 Y88.454 E2.01567
G1 X118.058 Y88.578 E2.02405
G1 X117.936 Y88.551 E2.0285
G1 X117.804 Y88.362 E2.03671
G1 X117.835 Y88.209 E2.04227
G1 X118.058 Y88.092 E2.05124
G1 E.05124 F2400
G92 E0
G1 X118.058 Y88.092 F7800
G1 X120.873 Y88.892
G1 E2 F2400
G1 F3600
G1 X121.031 Y89.006 E2.00694
G1 X121.062 Y89.124 E2.01129
G1 X121.031 Y89.243 E2.01567
G1 X120.832 Y89.367 E2.02402
G1 X120.71 Y89.341 E2.02846
G1 X120.578 Y89.151 E2.0367
G1 X120.608 Y88.998 E2.04225
G1 X120.832 Y88.881 E2.05125
G1 E.05125 F2400
G92 E0
G1 X120.832 Y88.881 F7800
G1 X123.101 Y92.143
G1 E2 F2400
G1 F3600
G1 X123.285 Y91.704 E2.01696
G1 X123.624 Y91.539 E2.03039
G1 X124.131 Y91.458 E2.04868
G1 X124.134 Y91.108 E2.06115
G1 X124.964 Y91.19 E2.09086
G1 X125.695 Y91.612 E2.12093
G1 X126.189 Y92.297 E2.15102
G1 X126.36 Y93.128 E2.18124
G1 X126.175 Y93.961 E2.21164
G1 X125.664 Y94.651 E2.24223
G1 X124.919 Y95.069 E2.27266
G1 X124.076 Y95.147 E2.30282
G1 X123.243 Y94.854 E2.33428
G1 X122.737 Y94.423 E2.35796
G1 X122.395 Y93.96 E2.37847
G1 X122.289 Y93.716 E2.38795
G1 X122.907 Y91.545 E2.46836
G1 X123.5 Y91.211 E2.49261
G1 X124.091 Y91.108 E2.51398
G1 X124.091 Y91.108 F7800
G1 X124.639 Y90.763
G1 F3600
G1 X125.528 Y91.058 E2.54735
G1 X125.931 Y91.35 E2.56508
G1 X126.264 Y91.722 E2.58287
G1 X126.511 Y92.155 E2.60063
G1 X126.663 Y92.632 E2.61846
G1 X126.712 Y93.131 E2.63632
G1 X126.655 Y93.63 E2.65421
G1 X126.495 Y94.107 E2.67213
G1 X126.24 Y94.542 E2.69009
G1 X125.563 Y95.158 E2.7227
G1 X125.024 Y95.405 E2.74382
G1 X124.521 Y95.504 E2.76208
G1 X124.025 Y95.495 E2.77975
G1 X123.527 Y95.378 E2.79797
G1 X122.79 Y94.956 E2.82822
G1 X122.22 Y94.35 E2.85786
G1 X121.918 Y93.741 E2.88208
G1 X122.604 Y91.332 E2.97131
G1 X123.376 Y90.882 E3.00314
G1 X124.072 Y90.758 E3.02832
G1 X124.596 Y90.762 E3.04699
G1 E1.04699 F2400
G92 E0
G1 X124.596 Y90.762 F7800
G1 X119.331 Y94.167
G1 E2 F2400
G1 F3600
G1 X119.516 Y94.28 E2.00772
G1 X119.547 Y94.397 E2.01203
G1 X119.516 Y94.517 E2.01645
G1 X119.317 Y94.641 E2.0248
G1 X119.103 Y94.533 E2.03334
G1 X119.058 Y94.403 E2.03824
G1 X119.103 Y94.263 E2.04348
G1 X119.29 Y94.155 E2.05117
G1 E.05117 F2400
G92 E0
G1 X119.29 Y94.155 F7800
G1 X116.557 Y93.378
G1 E2 F2400
G1 F3600
G1 X116.743 Y93.491 E2.00775
G1 X116.774 Y93.608 E2.01206
G1 X116.742 Y93.728 E2.01648
G1 X116.543 Y93.852 E2.02483
G1 X116.33 Y93.744 E2.03334
G1 X116.285 Y93.614 E2.03824
G1 X116.33 Y93.474 E2.04348
G1 X116.516 Y93.366 E2.05114
G1 E.05114 F2400
G92 E0
G1 X116.516 Y93.366 F7800
G1 X113.784 Y92.589
G1 E2 F2400
G1 F3600
G1 X113.97 Y92.702 E2.00775
G1 X114 Y92.819 E2.01205
G1 X113.969 Y92.939 E2.01647
G1 X113.77 Y93.063 E2.02482
G1 X113.557 Y92.955 E2.03333
G1 X113.512 Y92.825 E2.03823
G1 X113.557 Y92.685 E2.04347
G1 X113.743 Y92.577 E2.05113
G1 E.05113 F2400
G92 E0
G1 X111.038 Y91.799 F7800
G1 E2 F2400
G1 F3600
G1 X111.196 Y91.912 E2.00692
G1 X111.227 Y92.031 E2.0113
G1 X111.196 Y92.15 E2.01568
G1 X110.997 Y92.274 E2.02403
G1 X110.875 Y92.247 E2.02848
G1 X110.743 Y92.058 E2.03669
G1 X110.773 Y91.905 E2.04224
G1 X110.997 Y91.788 E2.05124
G1 E.05124 F2400
G92 E0
G1 X110.997 Y91.788 F7800
G1 X106.062 Y89.471
G1 E2 F2400
G1 F3600
G1 X106.516 Y89.601 E2.01682
G1 X106.384 Y89.729 E2.02337
G1 X106.123 Y89.675 E2.03286
G1 X105.923 Y89.067 E2.05566
G1 X106.887 Y89.344 E2.09139
G1 X106.909 Y89.485 E2.09647
G1 X106.718 Y89.926 E2.11359
G1 X106.52 Y90.06 E2.12211
G1 X106.065 Y90.055 E2.13832
G1 X105.75 Y89.756 E2.15379
G1 X105.698 Y89.505 E2.16292
G1 X105.882 Y89.055 E2.18024
G1 E.18024 F2400
G92 E0
G1 X106.874 Y87.185 F7800
G1 E2 F2400
;TYPE:Support material interface
G1 F3600
G1 X107.096 Y86.963 E2.01118
G1 X107.096 Y86.963 F7800
G1 X107.206 Y86.195
;TYPE:Support material
G1 F3600
G1 X107.357 Y86.258 E2.01701
G1 X107.424 Y86.496 E2.02582
G1 X106.96 Y86.363 E2.04302
G1 X107.034 Y86.251 E2.0478
G1 X107.206 Y86.195 E2.05424
G1 X107.254 Y85.848 E2.06672
G1 X107.603 Y85.999 E2.08027
G1 X107.736 Y86.191 E2.08859
G1 X107.752 Y86.666 E2.10552
G1 X107.588 Y86.908 E2.11593
G1 X106.606 Y86.625 E2.15234
G1 X106.627 Y86.234 E2.16629
G1 X106.781 Y85.997 E2.17636
G1 X107.212 Y85.84 E2.1927
G1 E.1927 F2400
G92 E0
G1 X107.212 Y85.84 F7800
G1 X101.646 Y84.632
G1 E2 F2400
G1 F3600
G1 X101.799 Y84.695 E2.00589
G1 X101.869 Y84.92 E2.01428
G1 X101.396 Y84.812 E2.03156
G1 X101.475 Y84.688 E2.0368
G1 X101.646 Y84.632 E2.04321
G1 X101.693 Y84.285 E2.05568
G1 X102.046 Y84.436 E2.06936
G1 X102.179 Y84.63 E2.07774
G1 X102.231 Y84.866 E2.08635
G1 X102.074 Y85.311 E2.10316
G1 X101.445 Y85.164 E2.12617
G1 X101.155 Y85.28 E2.1373
G1 X101.026 Y84.914 E2.15112
G1 X101.07 Y84.669 E2.15999
G1 X101.223 Y84.435 E2.16995
G1 X101.651 Y84.277 E2.1862
G1 E.1862 F2400
G92 E0
G1 X101.651 Y84.277 F7800
G1 X120.978 Y91.292
G1 E2 F2400
;TYPE:Perimeter
;WIDTH:0.45
G1 F900
G1 X120.778 Y91.75 E2.02404
G1 X120.637 Y92.268 E2.04986
G1 X120.579 Y92.744 E2.07292
G1 X112.221 Y90.367 E2.49085
G1 X112.238 Y89.821 E2.51712
G1 X112.36 Y89.368 E2.53968
G1 X112.664 Y88.825 E2.56961
G1 X121.018 Y91.202 E2.98736
G1 X121.002 Y91.237 E2.98921
G1 X121.002 Y91.237 F7800
G1 X121.327 Y91.457
G1 F900
G1 X121.15 Y91.851 E3.00998
G1 X120.991 Y92.468 E3.04063
G1 X120.947 Y93.25 E3.0783
G1 X111.854 Y90.663 E3.533
G1 X111.824 Y90.199 E3.55536
G1 X111.854 Y89.786 E3.57528
G1 X111.946 Y89.383 E3.59516
G1 X112.183 Y88.853 E3.62308
G1 X112.518 Y88.383 E3.65084
G1 X121.605 Y90.968 E4.10523
G1 X121.41 Y91.274 E4.12268
G1 X121.352 Y91.402 E4.12944
G1 X121.352 Y91.402 F7800
G1 X121.675 Y91.621
;TYPE:External perimeter
G1 F900
G1 X121.522 Y91.952 E4.14698
G1 X121.375 Y92.503 E4.17441
G1 X121.324 Y93.065 E4.20155
G1 X121.334 Y93.467 E4.22089
;TYPE:Overhang perimeter
;WIDTH:0.4
;HEIGHT:0.4
G1 X121.268 Y93.742 E4.23567
G1 X111.519 Y90.968 E4.76522
G1 X111.467 Y90.66 E4.78154
;TYPE:External perimeter
;WIDTH:0.45
;HEIGHT:0.3
G1 X111.439 Y90.224 E4.80255
G1 X111.47 Y89.752 E4.8253
G1 X111.573 Y89.284 E4.84835
G1 X111.775 Y88.795 E4.8738
G1 X112.083 Y88.306 E4.9016
G1 X112.166 Y88.206 E4.90785
;TYPE:Overhang perimeter
;WIDTH:0.4
;HEIGHT:0.4
G1 X112.385 Y87.944 E4.92569
G1 X122.129 Y90.716 E5.45496
G1 X122.061 Y90.957 E5.46804
G1 X122.037 Y91.015 E5.47132
;TYPE:External perimeter
;WIDTH:0.45
;HEIGHT:0.3
G1 X121.759 Y91.438 E5.49567
G1 X121.7 Y91.566 E5.50245
G1 X121.537 Y91.932 F7800
G1 X119.963 Y92.232
;TYPE:Top solid infill
;WIDTH:0.409352
G1 F900
G1 X120.527 Y91.668 E5.53677
G1 X120.561 Y91.586 E5.54059
G1 X120.219 Y91.488 E5.5559
G1 X119.705 Y92.002 E5.58718
G1 X119.325 Y91.894 E5.60418
G1 X119.839 Y91.38 E5.63546
G1 X119.459 Y91.272 E5.65246
G1 X118.946 Y91.786 E5.68371
G1 X118.566 Y91.678 E5.70071
G1 X119.08 Y91.164 E5.73199
G1 X118.7 Y91.056 E5.74899
G1 X118.186 Y91.57 E5.78027
G1 X117.806 Y91.462 E5.79727
G1 X118.32 Y90.948 E5.82855
G1 X117.94 Y90.84 E5.84555
G1 X117.426 Y91.354 E5.87683
G1 X117.047 Y91.246 E5.89379
G1 X117.56 Y90.732 E5.92504
G1 X117.181 Y90.624 E5.942
G1 X116.667 Y91.138 E5.97328
G1 X116.287 Y91.03 E5.99028
G1 X116.801 Y90.516 E6.02156
G1 X116.421 Y90.408 E6.03856
G1 X115.907 Y90.922 E6.06984
G1 X115.527 Y90.814 E6.08684
G1 X116.041 Y90.3 E6.11812
G1 X115.661 Y90.192 E6.13512
G1 X114.977 Y90.876 E6.17674
G1 X114.597 Y90.768 E6.19374
G1 X115.327 Y90.038 E6.23816
G1 X115.306 Y89.852 E6.24621
G1 X115.088 Y89.79 E6.25596
G1 X114.218 Y90.66 E6.3089
G1 X113.838 Y90.552 E6.3259
G1 X114.708 Y89.681 E6.37887
G1 X114.328 Y89.573 E6.39587
G1 X113.458 Y90.444 E6.44884
G1 X113.318 Y90.404 E6.4551
G1 X113.439 Y89.975 E6.47428
G1 X114.071 Y89.343 E6.51274
G1 X114.071 Y89.343 F7800
G1 X112.823 Y89.217
;TYPE:Solid infill
;WIDTH:0.538529
G1 F1200
G1 X113.214 Y89.328 E6.53678
G1 X112.95 Y90.228 E6.59225
;WIDTH:0.537317
G1 X112.552 Y90.115 E6.61665
G1 X112.565 Y89.931 E6.62753
;WIDTH:0.538529
G1 X112.64 Y89.571 E6.64928
G1 X112.735 Y89.389 E6.66142
G1 E4.66142 F2400
G92 E0
G1 X112.735 Y89.389 F7800
G92 E0
G1 X97.616 Y98.431
G1 E2 F2400
;TYPE:Support material interface
;WIDTH:0.35
G1 F3600
G1 X97.177 Y98.869 E2.02209
G1 X97.177 Y98.869 F7800
G1 X97.009 Y98.084
;TYPE:Support material
G1 F3600
G1 X97.259 Y98.166 E2.03146
G1 X96.955 Y99.027 E2.06399
G1 X96.628 Y98.851 E2.07722
G1 X96.532 Y98.483 E2.09077
G1 X96.621 Y98.264 E2.09919
G1 X96.966 Y98.079 E2.11314
G1 X96.966 Y98.079 F7800
G1 X98.203 Y98.247
;TYPE:Support material interface
G1 F3600
G1 X97.582 Y98.868 E2.14443
G1 X97.531 Y99.324 E2.16078
G1 X98.414 Y98.44 E2.20529
G1 X98.73 Y98.528 E2.21698
G1 X97.335 Y99.923 E2.28726
G1 X97.335 Y99.923 F7800
G1 X96.918 Y100.36
;TYPE:Support material
G1 F3600
G1 X97.345 Y100.487 E2.30313
G1 X97.152 Y100.582 E2.31079
G1 X96.938 Y100.446 E2.31982
G1 X96.939 Y99.791 E2.34315
G1 X97.124 Y100.059 E2.35475
G1 X97.767 Y100.245 E2.3786
G1 X97.777 Y100.31 E2.38094
G1 X97.721 Y100.556 E2.38993
G1 X97.383 Y100.897 E2.40703
G1 X97.144 Y100.938 E2.41567
G1 X96.738 Y100.767 E2.43136
G1 X96.559 Y100.361 E2.44717
G1 X96.609 Y100.092 E2.45692
G1 X96.935 Y99.748 E2.4738
G1 E.4738 F2400
G92 E0
G1 X96.935 Y99.748 F7800
G1 X99.149 Y98.513
G1 E2 F2400
;TYPE:Support material interface
G1 F3600
G1 X97.983 Y99.679 E2.05874
G1 X98.297 Y99.769 E2.07038
G1 X99.36 Y98.706 E2.12393
G1 X99.675 Y98.795 E2.13559
G1 X98.611 Y99.859 E2.18919
G1 X98.924 Y99.95 E2.2008
G1 X99.99 Y98.884 E2.25451
G1 X100.305 Y98.972 E2.26616
G1 X99.238 Y100.04 E2.31994
G1 X99.552 Y100.13 E2.33158
G1 X100.62 Y99.061 E2.38541
G1 X100.936 Y99.15 E2.39711
G1 X99.761 Y100.324 E2.45628
G1 X99.761 Y100.324 F7800
G1 X99.664 Y101.154
;TYPE:Support material
G1 F3600
G1 X100.119 Y101.285 E2.47315
G1 X99.985 Y101.418 E2.47988
G1 X99.723 Y101.363 E2.48942
G1 X99.526 Y100.751 E2.51232
G1 X100.487 Y101.027 E2.54794
G1 X100.51 Y101.173 E2.55321
G1 X100.319 Y101.615 E2.57036
G1 X100.12 Y101.749 E2.57891
G1 X99.665 Y101.743 E2.59512
G1 X99.35 Y101.445 E2.61057
G1 X99.299 Y101.195 E2.61966
G1 X99.485 Y100.739 E2.6372
G1 E.6372 F2400
G92 E0
G1 X99.485 Y100.739 F7800
G1 X100.435 Y98.843
G1 E2 F2400
;TYPE:Support material interface
G1 F3600
G1 X100.641 Y98.637 E2.01038
G1 X100.641 Y98.637 F7800
G1 X100.804 Y97.892
;TYPE:Support material
G1 F3600
G1 X100.955 Y97.954 E2.0162
G1 X101.024 Y98.184 E2.02475
G1 X100.562 Y98.054 E2.04185
G1 X100.632 Y97.947 E2.04641
G1 X100.804 Y97.892 E2.05284
G1 X100.852 Y97.544 E2.06535
G1 X101.201 Y97.695 E2.0789
G1 X101.335 Y97.888 E2.08727
G1 X101.35 Y98.362 E2.10416
G1 X101.196 Y98.596 E2.11414
G1 X100.203 Y98.317 E2.15088
G1 X100.225 Y97.93 E2.16469
G1 X100.379 Y97.693 E2.17476
G1 X100.81 Y97.536 E2.1911
G1 X100.81 Y97.536 F7800
G1 X101.355 Y99.135
;TYPE:Support material interface
G1 F3600
G1 X99.948 Y100.541 E2.26196
G1 X100.262 Y100.632 E2.27361
G1 X100.145 Y100.547 E2.27876
G1 X100.25 Y100.331 E2.28732
G1 X100.493 Y100.401 E2.29633
G1 X101.566 Y99.327 E2.35041
G1 X101.88 Y99.417 E2.36205
G1 X100.806 Y100.491 E2.41616
G1 X101.12 Y100.581 E2.4278
G1 X102.194 Y99.507 E2.48191
G1 X102.507 Y99.598 E2.49352
G1 X101.434 Y100.672 E2.5476
G1 X101.747 Y100.762 E2.5592
G1 X102.821 Y99.688 E2.61331
G1 X103.134 Y99.779 E2.62492
G1 X102.061 Y100.852 E2.67898
G1 X102.375 Y100.942 E2.69062
G1 X103.448 Y99.869 E2.74468
G1 X103.762 Y99.959 E2.75632
G1 X102.688 Y101.033 E2.81043
G1 X102.806 Y101.067 E2.8148
G1 X102.795 Y101.293 E2.82286
G1 X102.651 Y101.319 E2.82807
G1 X102.771 Y101.354 E2.83252
G1 X104.075 Y100.05 E2.89822
G1 X104.389 Y100.14 E2.90986
G1 X103.316 Y101.213 E2.96392
G1 X103.629 Y101.303 E2.97552
G1 X104.702 Y100.23 E3.02958
G1 X105.016 Y100.321 E3.04123
G1 X103.943 Y101.394 E3.09529
G1 X104.257 Y101.484 E3.10693
G1 X105.329 Y100.411 E3.16096
G1 X105.643 Y100.501 E3.1726
G1 X104.57 Y101.574 E3.22666
G1 X104.884 Y101.664 E3.2383
G1 X105.957 Y100.592 E3.29233
G1 X106.27 Y100.682 E3.30393
G1 X105.198 Y101.755 E3.35796
G1 X105.511 Y101.845 E3.36956
G1 X106.584 Y100.773 E3.42359
G1 X106.897 Y100.863 E3.43519
G1 X105.49 Y102.27 E3.50607
G1 X105.49 Y102.27 F7800
G1 X105.206 Y102.749
;TYPE:Support material
G1 F3600
G1 X105.658 Y102.879 E3.52282
G1 X105.439 Y103.019 E3.53208
G1 X105.268 Y102.948 E3.53868
G1 X105.065 Y102.345 E3.56135
G1 X106.033 Y102.623 E3.59723
G1 X106.054 Y102.758 E3.6021
G1 X105.864 Y103.199 E3.61921
G1 X105.665 Y103.333 E3.62776
G1 X105.21 Y103.328 E3.64397
G1 X104.895 Y103.029 E3.65944
G1 X104.843 Y102.778 E3.66857
G1 X105.024 Y102.333 E3.68568
G1 X105.024 Y102.333 F7800
G1 X106.662 Y102.31
;TYPE:Support material interface
G1 F3600
G1 X106.783 Y102.189 E3.69178
G1 X106.943 Y101.625 E3.71266
G1 X106.452 Y102.116 E3.7374
G1 X106.139 Y102.025 E3.74901
G1 X107.291 Y100.873 E3.80705
G1 X107.291 Y100.873 F7800
G1 X106.353 Y99.459
;TYPE:Support material
G1 F3600
G1 X106.557 Y99.599 E3.81586
G1 X106.569 Y99.776 E3.82218
G1 X106.1 Y99.641 E3.83957
G1 X106.181 Y99.515 E3.84491
G1 X106.353 Y99.459 E3.85135
G1 X106.401 Y99.112 E3.86383
G1 X106.751 Y99.263 E3.87741
G1 X106.884 Y99.456 E3.88576
G1 X106.9 Y99.93 E3.90266
G1 X106.72 Y100.184 E3.91375
G1 X105.755 Y99.898 E3.94961
G1 X105.774 Y99.498 E3.96388
G1 X105.928 Y99.262 E3.97392
G1 X106.359 Y99.104 E3.99027
G1 E1.99027 F2400
G92 E0
G1 X106.359 Y99.104 F7800
G1 X108.922 Y99.018
G1 E2 F2400
G1 F3600
G1 X109.079 Y99.131 E2.00689
G1 X109.11 Y99.25 E2.01127
G1 X109.079 Y99.368 E2.01562
G1 X108.881 Y99.493 E2.02396
G1 X108.756 Y99.466 E2.02852
G1 X108.625 Y99.277 E2.03671
G1 X108.655 Y99.125 E2.04223
G1 X108.881 Y99.007 E2.05131
G1 E.05131 F2400
G92 E0
G1 X108.881 Y99.007 F7800
G1 X111.699 Y99.795
G1 E2 F2400
G1 F3600
G1 X111.857 Y99.908 E2.00692
G1 X111.888 Y100.027 E2.0113
G1 X111.857 Y100.146 E2.01568
G1 X111.658 Y100.27 E2.02403
G1 X111.536 Y100.243 E2.02848
G1 X111.404 Y100.054 E2.03669
G1 X111.435 Y99.901 E2.04225
G1 X111.658 Y99.784 E2.05122
G1 E.05122 F2400
G92 E0
G1 X114.473 Y100.584 F7800
G1 E2 F2400
G1 F3600
G1 X114.63 Y100.697 E2.00689
G1 X114.661 Y100.816 E2.01127
G1 X114.63 Y100.935 E2.01565
G1 X114.431 Y101.059 E2.024
G1 X114.309 Y101.032 E2.02845
G1 X114.177 Y100.843 E2.03666
G1 X114.208 Y100.69 E2.04222
G1 X114.431 Y100.573 E2.05119
G1 E.05119 F2400
G92 E0
G1 X114.431 Y100.573 F7800
G1 X117.246 Y101.373
G1 E2 F2400
G1 F3600
G1 X117.404 Y101.487 E2.00694
G1 X117.435 Y101.605 E2.01129
G1 X117.404 Y101.724 E2.01567
G1 X117.205 Y101.848 E2.02402
G1 X117.082 Y101.821 E2.02851
G1 X116.95 Y101.632 E2.03672
G1 X116.981 Y101.479 E2.04228
G1 X117.205 Y101.362 E2.05128
G1 E.05128 F2400
G92 E0
G1 X117.205 Y101.362 F7800
G1 X119.474 Y104.623
G1 E2 F2400
G1 F3600
G1 X119.658 Y104.185 E2.01692
G1 X119.997 Y104.02 E2.03035
G1 X120.504 Y103.939 E2.04864
G1 X120.507 Y103.589 E2.06111
G1 X121.336 Y103.671 E2.09079
G1 X122.068 Y104.092 E2.12087
G1 X122.562 Y104.777 E2.15096
G1 X122.732 Y105.609 E2.18121
G1 X122.548 Y106.442 E2.2116
G1 X122.037 Y107.132 E2.24219
G1 X121.292 Y107.55 E2.27262
G1 X120.448 Y107.628 E2.30281
G1 X119.616 Y107.335 E2.33423
G1 X119.11 Y106.904 E2.35791
G1 X118.767 Y106.441 E2.37844
G1 X118.662 Y106.197 E2.3879
G1 X119.28 Y104.026 E2.46831
G1 X119.873 Y103.691 E2.49257
G1 X120.464 Y103.589 E2.51394
G1 X120.464 Y103.589 F7800
G1 X121.012 Y103.243
G1 F3600
G1 X121.901 Y103.538 E2.54731
G1 X122.304 Y103.831 E2.56506
G1 X122.637 Y104.202 E2.58282
G1 X122.884 Y104.636 E2.60061
G1 X123.036 Y105.113 E2.61844
G1 X123.084 Y105.612 E2.6363
G1 X123.028 Y106.111 E2.65419
G1 X122.868 Y106.588 E2.67211
G1 X122.612 Y107.022 E2.69006
G1 X121.936 Y107.638 E2.72264
G1 X121.397 Y107.886 E2.74378
G1 X120.894 Y107.985 E2.76204
G1 X120.398 Y107.976 E2.77971
G1 X119.9 Y107.859 E2.79793
G1 X119.162 Y107.437 E2.82822
G1 X118.593 Y106.831 E2.85783
G1 X118.291 Y106.222 E2.88205
G1 X118.977 Y103.813 E2.97128
G1 X119.748 Y103.362 E3.0031
G1 X120.445 Y103.239 E3.02831
G1 X120.969 Y103.243 E3.04698
G1 E1.04698 F2400
G92 E0
G1 X120.969 Y103.243 F7800
G1 X115.704 Y106.648
G1 E2 F2400
G1 F3600
G1 X115.889 Y106.761 E2.00772
G1 X115.92 Y106.878 E2.01203
G1 X115.888 Y106.998 E2.01645
G1 X115.689 Y107.122 E2.0248
G1 X115.476 Y107.014 E2.03331
G1 X115.431 Y106.884 E2.03821
G1 X115.476 Y106.744 E2.04345
G1 X115.662 Y106.636 E2.05111
G1 E.05111 F2400
G92 E0
G1 X115.662 Y106.636 F7800
G1 X112.93 Y105.859
G1 E2 F2400
G1 F3600
G1 X113.116 Y105.972 E2.00775
G1 X113.147 Y106.089 E2.01206
G1 X113.115 Y106.209 E2.01648
G1 X112.916 Y106.333 E2.02483
G1 X112.703 Y106.225 E2.03334
G1 X112.658 Y106.095 E2.03824
G1 X112.703 Y105.955 E2.04348
G1 X112.889 Y105.847 E2.05114
G1 E.05114 F2400
G92 E0
G1 X112.889 Y105.847 F7800
G1 X110.157 Y105.07
G1 E2 F2400
G1 F3600
G1 X110.342 Y105.183 E2.00772
G1 X110.373 Y105.3 E2.01203
G1 X110.342 Y105.419 E2.01641
G1 X110.143 Y105.544 E2.02478
G1 X109.93 Y105.436 E2.03329
G1 X109.885 Y105.306 E2.03819
G1 X109.93 Y105.166 E2.04343
G1 X110.116 Y105.058 E2.05109
G1 E.05109 F2400
G92 E0
G1 X110.116 Y105.058 F7800
G1 X107.411 Y104.28
G1 E2 F2400
G1 F3600
G1 X107.569 Y104.393 E2.00692
G1 X107.6 Y104.512 E2.0113
G1 X107.569 Y104.63 E2.01565
G1 X107.37 Y104.755 E2.02402
G1 X107.247 Y104.728 E2.02851
G1 X107.116 Y104.539 E2.0367
G1 X107.146 Y104.386 E2.04225
G1 X107.37 Y104.269 E2.05125
G1 E.05125 F2400
G92 E0
G1 X107.37 Y104.269 F7800
G1 X102.435 Y101.952
G1 E2 F2400
G1 F3600
G1 X102.889 Y102.082 E2.01682
G1 X102.757 Y102.21 E2.02337
G1 X102.496 Y102.156 E2.03286
G1 X102.296 Y101.548 E2.05566
G1 X103.26 Y101.825 E2.09139
G1 X103.282 Y101.966 E2.09647
G1 X103.091 Y102.407 E2.11359
G1 X102.892 Y102.541 E2.12214
G1 X102.437 Y102.536 E2.13835
G1 X102.123 Y102.237 E2.1538
G1 X102.071 Y101.986 E2.16293
G1 X102.255 Y101.536 E2.18025
G1 E.18025 F2400
G92 E0
G1 X102.255 Y101.536 F7800
G1 X103.247 Y99.666
G1 E2 F2400
;TYPE:Support material interface
G1 F3600
G1 X103.469 Y99.444 E2.01118
G1 X103.579 Y98.676 F7800
;TYPE:Support material
G1 F3600
G1 X103.73 Y98.739 E2.01701
G1 X103.797 Y98.977 E2.02582
G1 X103.333 Y98.844 E2.04302
G1 X103.406 Y98.731 E2.04781
G1 X103.579 Y98.676 E2.05428
G1 X103.626 Y98.329 E2.06675
G1 X103.976 Y98.48 E2.08033
G1 X104.109 Y98.672 E2.08865
G1 X104.125 Y99.147 E2.10558
G1 X103.961 Y99.389 E2.11599
G1 X102.978 Y99.106 E2.15243
G1 X103 Y98.715 E2.16638
G1 X103.154 Y98.478 E2.17645
G1 X103.584 Y98.321 E2.19276
G1 E.19276 F2400
G92 E0
G1 X103.584 Y98.321 F7800
G1 X98.019 Y97.113
G1 E2 F2400
G1 F3600
G1 X98.171 Y97.176 E2.00586
G1 X98.242 Y97.401 E2.01427
G1 X97.768 Y97.293 E2.03159
G1 X97.848 Y97.169 E2.03685
G1 X98.019 Y97.113 E2.04326
G1 X98.066 Y96.765 E2.05577
G1 X98.418 Y96.917 E2.06943
G1 X98.552 Y97.111 E2.07783
G1 X98.604 Y97.347 E2.08644
G1 X98.447 Y97.792 E2.10325
G1 X97.818 Y97.645 E2.12626
G1 X97.528 Y97.761 E2.13739
G1 X97.399 Y97.394 E2.15125
G1 X97.443 Y97.15 E2.16008
G1 X97.595 Y96.916 E2.17002
G1 X98.024 Y96.757 E2.18632
G1 E.18632 F2400
G92 E0
G1 X98.024 Y96.757 F7800
G1 X117.351 Y103.773
G1 E2 F2400
;TYPE:Perimeter
;WIDTH:0.45
G1 F900
G1 X117.15 Y104.231 E2.02406
G1 X117.01 Y104.748 E2.04982
G1 X116.952 Y105.225 E2.07293
G1 X108.594 Y102.847 E2.49087
G1 X108.611 Y102.302 E2.5171
G1 X108.733 Y101.849 E2.53966
G1 X109.036 Y101.306 E2.56957
G1 X117.391 Y103.683 E2.98736
G1 X117.375 Y103.718 E2.98921
G1 X117.375 Y103.718 F7800
G1 X117.7 Y103.938
G1 F900
G1 X117.522 Y104.332 E3.01
G1 X117.364 Y104.949 E3.04063
G1 X117.32 Y105.731 E3.0783
G1 X108.227 Y103.144 E3.533
G1 X108.197 Y102.68 E3.55536
G1 X108.227 Y102.267 E3.57528
G1 X108.319 Y101.864 E3.59516
G1 X108.556 Y101.334 E3.62308
G1 X108.891 Y100.864 E3.65084
G1 X117.978 Y103.449 E4.10523
G1 X117.782 Y103.755 E4.12271
G1 X117.725 Y103.883 E4.12945
G1 X117.725 Y103.883 F7800
G1 X118.047 Y104.101
;TYPE:External perimeter
G1 F900
G1 X117.895 Y104.433 E4.14701
G1 X117.748 Y104.984 E4.17444
G1 X117.697 Y105.545 E4.20153
G1 X117.707 Y105.948 E4.22092
;TYPE:Overhang perimeter
;WIDTH:0.4
;HEIGHT:0.4
G1 X117.641 Y106.223 E4.2357
G1 X107.891 Y103.449 E4.7653
G1 X107.84 Y103.141 E4.78161
;TYPE:External perimeter
;WIDTH:0.45
;HEIGHT:0.3
G1 X107.812 Y102.705 E4.80262
G1 X107.842 Y102.233 E4.82537
G1 X107.946 Y101.764 E4.84848
G1 X108.148 Y101.276 E4.87388
G1 X108.456 Y100.786 E4.90172
G1 X108.539 Y100.687 E4.90793
;TYPE:Overhang perimeter
;WIDTH:0.4
;HEIGHT:0.4
G1 X108.758 Y100.425 E4.92577
G1 X118.502 Y103.197 E5.45504
G1 X118.434 Y103.438 E5.46812
G1 X118.409 Y103.496 E5.47142
;TYPE:External perimeter
;WIDTH:0.45
;HEIGHT:0.3
G1 X118.132 Y103.918 E5.4957
G1 X118.072 Y104.047 E5.50254
G1 X117.91 Y104.412 F7800
G1 X116.336 Y104.713
;TYPE:Top solid infill
;WIDTH:0.409352
G1 F900
G1 X116.9 Y104.149 E5.53686
G1 X116.934 Y104.067 E5.54068
G1 X116.592 Y103.969 E5.55599
G1 X116.078 Y104.483 E5.58727
G1 X115.698 Y104.375 E5.60427
G1 X116.212 Y103.861 E5.63555
G1 X115.832 Y103.753 E5.65255
G1 X115.318 Y104.267 E5.68383
G1 X114.939 Y104.159 E5.70079
G1 X115.452 Y103.645 E5.73204
G1 X115.073 Y103.537 E5.749
G1 X114.559 Y104.051 E5.78028
G1 X114.179 Y103.943 E5.79728
G1 X114.693 Y103.429 E5.82856
G1 X114.313 Y103.321 E5.84556
G1 X113.799 Y103.835 E5.87684
G1 X113.419 Y103.727 E5.89384
G1 X113.933 Y103.213 E5.92512
G1 X113.553 Y103.105 E5.94212
G1 X113.04 Y103.619 E5.97337
G1 X112.66 Y103.51 E5.99038
G1 X113.174 Y102.997 E6.02163
G1 X112.794 Y102.889 E6.03863
G1 X112.28 Y103.402 E6.06988
G1 X111.9 Y103.294 E6.08688
G1 X112.414 Y102.78 E6.11816
G1 X112.034 Y102.672 E6.13516
G1 X111.35 Y103.357 E6.17681
G1 X110.97 Y103.249 E6.19381
G1 X111.7 Y102.519 E6.23823
G1 X111.679 Y102.332 E6.24633
G1 X111.461 Y102.27 E6.25608
G1 X110.59 Y103.141 E6.30908
G1 X110.211 Y103.033 E6.32604
G1 X111.081 Y102.162 E6.37901
G1 X110.701 Y102.054 E6.39601
G1 X109.831 Y102.924 E6.44895
G1 X109.691 Y102.885 E6.4552
G1 X109.812 Y102.456 E6.47438
G1 X110.443 Y101.824 E6.51281
G1 X110.443 Y101.824 F7800
G1 X109.196 Y101.698
;TYPE:Solid infill
;WIDTH:0.538529
G1 F1200
G1 X109.587 Y101.809 E6.53685
G1 X109.323 Y102.709 E6.59232
;WIDTH:0.537317
G1 X108.925 Y102.595 E6.61674
G1 X108.938 Y102.412 E6.62756
;WIDTH:0.538529
G1 X109.013 Y102.052 E6.64931
G1 X109.108 Y101.869 E6.6615
G1 E4.6615 F2400
G92 E0
G1 X109.108 Y101.869 F7800
G92 E0
G1 X97.616 Y111.943
G1 E2 F2400
;TYPE:Support material interface
;WIDTH:0.35
G1 F3600
G1 X97.177 Y112.382 E2.02212
G1 X97.177 Y112.382 F7800
G1 X97.009 Y111.597
;TYPE:Support material
G1 F3600
G1 X97.259 Y111.679 E2.03149
G1 X96.955 Y112.54 E2.06402
G1 X96.628 Y112.364 E2.07725
G1 X96.532 Y111.996 E2.0908
G1 X96.621 Y111.776 E2.09925
G1 X96.966 Y111.592 E2.11318
G1 X96.966 Y111.592 F7800
G1 X98.203 Y111.76
;TYPE:Support material interface
G1 F3600
G1 X97.582 Y112.381 E2.14447
G1 X97.531 Y112.836 E2.16078
G1 X98.414 Y111.953 E2.20527
G1 X98.73 Y112.041 E2.21696
G1 X97.335 Y113.436 E2.28724
G1 X97.335 Y113.436 F7800
G1 X96.918 Y113.873
;TYPE:Support material
G1 F3600
G1 X97.345 Y114 E2.30311
G1 X97.152 Y114.095 E2.31077
G1 X96.938 Y113.959 E2.3198
G1 X96.939 Y113.304 E2.34313
G1 X97.124 Y113.572 E2.35473
G1 X97.767 Y113.757 E2.37857
G1 X97.777 Y113.823 E2.38095
G1 X97.721 Y114.069 E2.38994
G1 X97.383 Y114.41 E2.40704
G1 X97.144 Y114.451 E2.41568
G1 X96.738 Y114.28 E2.43137
G1 X96.559 Y113.873 E2.44721
G1 X96.609 Y113.605 E2.45692
G1 X96.935 Y113.261 E2.4738
G1 E.4738 F2400
G92 E0
G1 X96.935 Y113.261 F7800
G1 X99.149 Y112.026
G1 E2 F2400
;TYPE:Support material interface
G1 F3600
G1 X97.983 Y113.192 E2.05874
G1 X98.297 Y113.282 E2.07038
G1 X99.36 Y112.219 E2.12393
G1 X99.675 Y112.308 E2.13559
G1 X98.611 Y113.372 E2.18919
G1 X98.924 Y113.462 E2.20079
G1 X99.99 Y112.396 E2.2545
G1 X100.305 Y112.485 E2.26616
G1 X99.238 Y113.553 E2.31994
G1 X99.552 Y113.643 E2.33158
G1 X100.62 Y112.574 E2.38541
G1 X100.936 Y112.663 E2.39711
G1 X99.761 Y113.837 E2.45628
G1 X99.761 Y113.837 F7800
G1 X99.664 Y114.667
;TYPE:Support material
G1 F3600
G1 X100.119 Y114.798 E2.47315
G1 X99.985 Y114.93 E2.47985
G1 X99.723 Y114.876 E2.48938
G1 X99.526 Y114.264 E2.51228
G1 X100.487 Y114.54 E2.5479
G1 X100.51 Y114.686 E2.55317
G1 X100.319 Y115.128 E2.57032
G1 X100.12 Y115.262 E2.57887
G1 X99.665 Y115.256 E2.59508
G1 X99.35 Y114.958 E2.61053
G1 X99.299 Y114.707 E2.61965
G1 X99.485 Y114.252 E2.63716
G1 E.63716 F2400
G92 E0
G1 X99.485 Y114.252 F7800
G1 X100.435 Y112.356
G1 E2 F2400
;TYPE:Support material interface
G1 F3600
G1 X100.641 Y112.15 E2.01038
G1 X100.641 Y112.15 F7800
G1 X100.804 Y111.404
;TYPE:Support material
G1 F3600
G1 X100.955 Y111.467 E2.01621
G1 X101.024 Y111.697 E2.02476
G1 X100.562 Y111.567 E2.04186
G1 X100.632 Y111.46 E2.04642
G1 X100.804 Y111.404 E2.05286
G1 X100.852 Y111.057 E2.06534
G1 X101.201 Y111.208 E2.07889
G1 X101.335 Y111.4 E2.08723
G1 X101.35 Y111.875 E2.10416
G1 X101.196 Y112.109 E2.11414
G1 X100.203 Y111.83 E2.15088
G1 X100.225 Y111.443 E2.16469
G1 X100.379 Y111.206 E2.17476
G1 X100.81 Y111.049 E2.1911
G1 X100.81 Y111.049 F7800
G1 X101.355 Y112.647
;TYPE:Support material interface
G1 F3600
G1 X99.948 Y114.054 E2.26198
G1 X100.262 Y114.144 E2.27362
G1 X100.145 Y114.059 E2.27877
G1 X100.25 Y113.844 E2.28729
G1 X100.493 Y113.914 E2.2963
G1 X101.566 Y112.84 E2.35038
G1 X101.88 Y112.93 E2.36202
G1 X100.806 Y114.004 E2.41613
G1 X101.12 Y114.094 E2.42777
G1 X102.194 Y113.02 E2.48188
G1 X102.507 Y113.111 E2.49349
G1 X101.434 Y114.184 E2.54755
G1 X101.747 Y114.275 E2.55916
G1 X102.821 Y113.201 E2.61327
G1 X103.134 Y113.291 E2.62487
G1 X102.061 Y114.365 E2.67895
G1 X102.375 Y114.455 E2.69059
G1 X103.448 Y113.382 E2.74465
G1 X103.762 Y113.472 E2.75629
G1 X102.688 Y114.545 E2.81037
G1 X102.806 Y114.579 E2.81474
G1 X102.795 Y114.805 E2.8228
G1 X102.651 Y114.832 E2.82802
G1 X102.771 Y114.867 E2.83247
G1 X104.075 Y113.562 E2.89819
G1 X104.389 Y113.653 E2.90984
G1 X103.316 Y114.726 E2.9639
G1 X103.629 Y114.816 E2.9755
G1 X104.702 Y113.743 E3.02956
G1 X105.016 Y113.834 E3.04121
G1 X103.943 Y114.907 E3.09527
G1 X104.257 Y114.997 E3.10691
G1 X105.329 Y113.924 E3.16094
G1 X105.643 Y114.014 E3.17258
G1 X104.57 Y115.087 E3.22664
G1 X104.884 Y115.177 E3.23828
G1 X105.957 Y114.105 E3.29231
G1 X106.27 Y114.195 E3.30391
G1 X105.198 Y115.268 E3.35794
G1 X105.511 Y115.358 E3.36954
G1 X106.584 Y114.285 E3.4236
G1 X106.897 Y114.376 E3.43521
G1 X105.49 Y115.783 E3.50609
G1 X105.49 Y115.783 F7800
G1 X105.206 Y116.262
;TYPE:Support material
G1 F3600
G1 X105.658 Y116.392 E3.52284
G1 X105.439 Y116.532 E3.5321
G1 X105.268 Y116.461 E3.5387
G1 X105.065 Y115.857 E3.5614
G1 X106.033 Y116.136 E3.59729
G1 X106.054 Y116.271 E3.60216
G1 X105.864 Y116.712 E3.61927
G1 X105.665 Y116.846 E3.62782
G1 X105.21 Y116.841 E3.64403
G1 X104.895 Y116.542 E3.6595
G1 X104.843 Y116.29 E3.66867
G1 X105.024 Y115.846 E3.68575
G1 X105.024 Y115.846 F7800
G1 X106.662 Y115.823
;TYPE:Support material interface
G1 F3600
G1 X106.783 Y115.702 E3.69185
G1 X106.943 Y115.138 E3.71273
G1 X106.452 Y115.629 E3.73747
G1 X106.139 Y115.538 E3.74908
G1 X107.291 Y114.386 E3.80712
G1 X107.291 Y114.386 F7800
G1 X106.353 Y112.972
;TYPE:Support material
G1 F3600
G1 X106.557 Y113.112 E3.81593
G1 X106.569 Y113.289 E3.82225
G1 X106.1 Y113.154 E3.83964
G1 X106.181 Y113.028 E3.84498
G1 X106.353 Y112.972 E3.85142
G1 X106.401 Y112.625 E3.8639
G1 X106.751 Y112.776 E3.87748
G1 X106.884 Y112.969 E3.88583
G1 X106.9 Y113.443 E3.90273
G1 X106.72 Y113.697 E3.91382
G1 X105.755 Y113.411 E3.94968
G1 X105.774 Y113.011 E3.96395
G1 X105.928 Y112.774 E3.97402
G1 X106.359 Y112.617 E3.99036
G1 E1.99036 F2400
G92 E0
G1 X106.359 Y112.617 F7800
G1 X108.922 Y112.531
G1 E2 F2400
G1 F3600
G1 X109.079 Y112.644 E2.00689
G1 X109.11 Y112.763 E2.01127
G1 X109.079 Y112.881 E2.01562
G1 X108.881 Y113.006 E2.02396
G1 X108.756 Y112.979 E2.02852
G1 X108.625 Y112.79 E2.03671
G1 X108.655 Y112.638 E2.04223
G1 X108.881 Y112.52 E2.05131
G1 E.05131 F2400
G92 E0
G1 X108.881 Y112.52 F7800
G1 X111.699 Y113.308
G1 E2 F2400
G1 F3600
G1 X111.857 Y113.421 E2.00692
G1 X111.888 Y113.54 E2.0113
G1 X111.857 Y113.659 E2.01568
G1 X111.658 Y113.783 E2.02403
G1 X111.536 Y113.756 E2.02848
G1 X111.404 Y113.567 E2.03669
G1 X111.435 Y113.414 E2.04225
G1 X111.658 Y113.297 E2.05122
G1 E.05122 F2400
G92 E0
G1 X111.658 Y113.297 F7800
G1 X114.473 Y114.097
G1 E2 F2400
G1 F3600
G1 X114.63 Y114.21 E2.00689
G1 X114.661 Y114.329 E2.01127
G1 X114.63 Y114.448 E2.01565
G1 X114.431 Y114.572 E2.024
G1 X114.309 Y114.545 E2.02845
G1 X114.177 Y114.356 E2.03666
G1 X114.208 Y114.203 E2.04222
G1 X114.431 Y114.086 E2.05119
G1 E.05119 F2400
G92 E0
G1 X114.431 Y114.086 F7800
G1 X117.246 Y114.886
G1 E2 F2400
G1 F3600
G1 X117.404 Y114.999 E2.00692
G1 X117.435 Y115.118 E2.0113
G1 X117.404 Y115.237 E2.01568
G1 X117.205 Y115.361 E2.02403
G1 X117.082 Y115.334 E2.02852
G1 X116.95 Y115.145 E2.03673
G1 X116.981 Y114.992 E2.04229
G1 X117.205 Y114.875 E2.05129
G1 E.05129 F2400
G92 E0
G1 X117.205 Y114.875 F7800
G1 X119.474 Y118.136
G1 E2 F2400
G1 F3600
G1 X119.658 Y117.698 E2.01692
G1 X119.997 Y117.533 E2.03035
G1 X120.504 Y117.452 E2.04864
G1 X120.507 Y117.102 E2.06111
G1 X121.336 Y117.184 E2.09079
G1 X122.068 Y117.605 E2.12087
G1 X122.562 Y118.29 E2.15096
G1 X122.732 Y119.122 E2.18121
G1 X122.548 Y119.955 E2.2116
G1 X122.037 Y120.645 E2.24219
G1 X121.292 Y121.063 E2.27262
G1 X120.448 Y121.141 E2.30281
G1 X119.616 Y120.848 E2.33423
G1 X119.11 Y120.417 E2.35791
G1 X118.767 Y119.953 E2.37847
G1 X118.662 Y119.71 E2.3879
G1 X119.28 Y117.539 E2.46831
G1 X119.873 Y117.204 E2.49257
G1 X120.464 Y117.102 E2.51394
G1 X120.464 Y117.102 F7800
G1 X121.012 Y116.756
G1 F3600
G1 X121.901 Y117.051 E2.54731
G1 X122.304 Y117.344 E2.56506
G1 X122.637 Y117.715 E2.58282
G1 X122.884 Y118.149 E2.60061
G1 X123.036 Y118.626 E2.61844
G1 X123.084 Y119.125 E2.6363
G1 X123.028 Y119.624 E2.65419
G1 X122.868 Y120.101 E2.67211
G1 X122.612 Y120.535 E2.69006
G1 X121.936 Y121.151 E2.72264
G1 X121.397 Y121.399 E2.74378
G1 X120.894 Y121.498 E2.76204
G1 X120.398 Y121.489 E2.77971
G1 X119.9 Y121.371 E2.79794
G1 X119.162 Y120.95 E2.82821
G1 X118.593 Y120.344 E2.85782
G1 X118.291 Y119.734 E2.88207
G1 X118.977 Y117.326 E2.97127
G1 X119.748 Y116.875 E3.00309
G1 X120.445 Y116.752 E3.0283
G1 X120.969 Y116.756 E3.04697
G1 E1.04697 F2400
G92 E0
G1 X120.969 Y116.756 F7800
G1 X115.704 Y120.161
G1 E2 F2400
G1 F3600
G1 X115.889 Y120.274 E2.00772
G1 X115.92 Y120.391 E2.01203
G1 X115.888 Y120.51 E2.01642
G1 X115.689 Y120.635 E2.02479
G1 X115.476 Y120.527 E2.0333
G1 X115.431 Y120.397 E2.0382
G1 X115.476 Y120.257 E2.04344
G1 X115.662 Y120.149 E2.0511
G1 E.0511 F2400
G92 E0
G1 X115.662 Y120.149 F7800
G1 X112.93 Y119.371
G1 E2 F2400
G1 F3600
G1 X113.116 Y119.485 E2.00777
G1 X113.147 Y119.602 E2.01208
G1 X113.115 Y119.721 E2.01647
G1 X112.916 Y119.846 E2.02484
G1 X112.703 Y119.738 E2.03335
G1 X112.658 Y119.608 E2.03825
G1 X112.703 Y119.468 E2.04349
G1 X112.889 Y119.36 E2.05115
G1 E.05115 F2400
G92 E0
G1 X112.889 Y119.36 F7800
G1 X110.157 Y118.582
G1 E2 F2400
G1 F3600
G1 X110.342 Y118.696 E2.00774
G1 X110.373 Y118.813 E2.01205
G1 X110.342 Y118.932 E2.01643
G1 X110.143 Y119.057 E2.0248
G1 X109.93 Y118.949 E2.03331
G1 X109.885 Y118.819 E2.03821
G1 X109.93 Y118.678 E2.04348
G1 X110.116 Y118.571 E2.05112
G1 E.05112 F2400
G92 E0
G1 X110.116 Y118.571 F7800
G1 X107.411 Y117.793
G1 E2 F2400
G1 F3600
G1 X107.569 Y117.906 E2.00692
G1 X107.6 Y118.025 E2.0113
G1 X107.569 Y118.143 E2.01565
G1 X107.37 Y118.268 E2.02402
G1 X107.247 Y118.241 E2.02851
G1 X107.116 Y118.052 E2.0367
G1 X107.146 Y117.899 E2.04225
G1 X107.37 Y117.782 E2.05125
G1 E.05125 F2400
G92 E0
G1 X107.37 Y117.782 F7800
G1 X102.435 Y115.465
G1 E2 F2400
G1 F3600
G1 X102.889 Y115.595 E2.01682
G1 X102.757 Y115.723 E2.02337
G1 X102.496 Y115.669 E2.03286
G1 X102.296 Y115.06 E2.0557
G1 X103.26 Y115.338 E2.09144
G1 X103.282 Y115.479 E2.09652
G1 X103.091 Y115.92 E2.11364
G1 X102.892 Y116.054 E2.12219
G1 X102.437 Y116.049 E2.1384
G1 X102.123 Y115.75 E2.15385
G1 X102.071 Y115.499 E2.16298
G1 X102.255 Y115.049 E2.1803
G1 E.1803 F2400
G92 E0
G1 X102.255 Y115.049 F7800
G1 X103.247 Y113.179
G1 E2 F2400
;TYPE:Support material interface
G1 F3600
G1 X103.469 Y112.957 E2.01118
G1 X103.469 Y112.957 F7800
G1 X103.579 Y112.189
;TYPE:Support material
G1 F3600
G1 X103.73 Y112.252 E2.01701
G1 X103.797 Y112.49 E2.02582
G1 X103.333 Y112.356 E2.04303
G1 X103.406 Y112.244 E2.04779
G1 X103.579 Y112.189 E2.05426
G1 X103.626 Y111.842 E2.06673
G1 X103.976 Y111.993 E2.08031
G1 X104.109 Y112.185 E2.08863
G1 X104.125 Y112.66 E2.10556
G1 X103.961 Y112.902 E2.11597
G1 X102.978 Y112.618 E2.15242
G1 X103 Y112.228 E2.16634
G1 X103.154 Y111.991 E2.17641
G1 X103.584 Y111.834 E2.19272
G1 E.19272 F2400
G92 E0
G1 X103.584 Y111.834 F7800
G1 X98.019 Y110.626
G1 E2 F2400
G1 F3600
G1 X98.171 Y110.689 E2.00586
G1 X98.242 Y110.913 E2.01423
G1 X97.768 Y110.806 E2.03154
G1 X97.848 Y110.682 E2.0368
G1 X98.019 Y110.626 E2.04321
G1 X98.066 Y110.278 E2.05572
G1 X98.418 Y110.43 E2.06938
G1 X98.552 Y110.624 E2.07778
G1 X98.604 Y110.859 E2.08635
G1 X98.447 Y111.305 E2.10319
G1 X97.818 Y111.158 E2.1262
G1 X97.528 Y111.274 E2.13733
G1 X97.399 Y110.907 E2.15119
G1 X97.443 Y110.662 E2.16006
G1 X97.595 Y110.428 E2.17
G1 X98.024 Y110.27 E2.18629
G1 E.18629 F2400
G92 E0
G1 X98.024 Y110.27 F7800
G1 X117.351 Y117.286
G1 E2 F2400
;TYPE:Perimeter
;WIDTH:0.45
G1 F900
G1 X117.15 Y117.744 E2.02406
G1 X117.01 Y118.261 E2.04982
G1 X116.952 Y118.738 E2.07293
G1 X108.594 Y116.36 E2.49087
G1 X108.611 Y115.815 E2.5171
G1 X108.733 Y115.362 E2.53966
G1 X109.036 Y114.819 E2.56957
G1 X117.391 Y117.196 E2.98736
G1 X117.375 Y117.231 E2.98921
G1 X117.7 Y117.451 F7800
G1 F900
G1 X117.522 Y117.845 E3.01
G1 X117.364 Y118.461 E3.04059
G1 X117.32 Y119.244 E3.07831
G1 X108.227 Y116.657 E3.53301
G1 X108.197 Y116.193 E3.55537
G1 X108.227 Y115.78 E3.57529
G1 X108.319 Y115.377 E3.59517
G1 X108.556 Y114.847 E3.62309
G1 X108.891 Y114.376 E3.65089
G1 X117.978 Y116.962 E4.1053
G1 X117.782 Y117.268 E4.12278
G1 X117.725 Y117.396 E4.12952
G1 X117.725 Y117.396 F7800
G1 X118.047 Y117.614
;TYPE:External perimeter
G1 F900
G1 X117.895 Y117.946 E4.14708
G1 X117.748 Y118.497 E4.17451
G1 X117.697 Y119.058 E4.2016
G1 X117.707 Y119.461 E4.22099
;TYPE:Overhang perimeter
;WIDTH:0.4
;HEIGHT:0.4
G1 X117.641 Y119.736 E4.23577
G1 X107.891 Y116.962 E4.76537
G1 X107.84 Y116.654 E4.78168
;TYPE:External perimeter
;WIDTH:0.45
;HEIGHT:0.3
G1 X107.812 Y116.217 E4.80274
G1 X107.842 Y115.745 E4.82549
G1 X107.946 Y115.277 E4.84855
G1 X108.148 Y114.788 E4.874
G1 X108.456 Y114.299 E4.9018
G1 X108.539 Y114.2 E4.90801
;TYPE:Overhang perimeter
;WIDTH:0.4
;HEIGHT:0.4
G1 X108.758 Y113.938 E4.92585
G1 X118.502 Y116.71 E5.45512
G1 X118.434 Y116.95 E5.46815
G1 X118.409 Y117.009 E5.4715
;TYPE:External perimeter
;WIDTH:0.45
;HEIGHT:0.3
G1 X118.132 Y117.431 E5.49578
G1 X118.072 Y117.56 E5.50262
G1 X117.91 Y117.925 F7800
G1 X116.336 Y118.226
;TYPE:Top solid infill
;WIDTH:0.409352
G1 F900
G1 X116.9 Y117.662 E5.53694
G1 X116.934 Y117.579 E5.5408
G1 X116.592 Y117.482 E5.5561
G1 X116.078 Y117.996 E5.58738
G1 X115.698 Y117.888 E5.60438
G1 X116.212 Y117.374 E5.63566
G1 X115.832 Y117.266 E5.65266
G1 X115.318 Y117.78 E5.68394
G1 X114.939 Y117.672 E5.7009
G1 X115.452 Y117.158 E5.73215
G1 X115.073 Y117.05 E5.74911
G1 X114.559 Y117.564 E5.78039
G1 X114.179 Y117.456 E5.79739
G1 X114.693 Y116.942 E5.82867
G1 X114.313 Y116.834 E5.84567
G1 X113.799 Y117.348 E5.87695
G1 X113.419 Y117.239 E5.89396
G1 X113.933 Y116.726 E5.92521
G1 X113.553 Y116.618 E5.94221
G1 X113.04 Y117.131 E5.97343
G1 X112.66 Y117.023 E5.99043
G1 X113.174 Y116.509 E6.02171
G1 X112.794 Y116.401 E6.03871
G1 X112.28 Y116.915 E6.06999
G1 X111.9 Y116.807 E6.08699
G1 X112.414 Y116.293 E6.11827
G1 X112.034 Y116.185 E6.13527
G1 X111.35 Y116.87 E6.17692
G1 X110.97 Y116.762 E6.19392
G1 X111.7 Y116.031 E6.23837
G1 X111.679 Y115.845 E6.24642
G1 X111.461 Y115.783 E6.25617
G1 X110.59 Y116.653 E6.30914
G1 X110.211 Y116.545 E6.3261
G1 X111.081 Y115.675 E6.37904
G1 X110.701 Y115.567 E6.39604
G1 X109.831 Y116.437 E6.44898
G1 X109.691 Y116.397 E6.45524
G1 X109.812 Y115.968 E6.47442
G1 X110.443 Y115.337 E6.51282
G1 X110.443 Y115.337 F7800
G1 X109.196 Y115.211
;TYPE:Solid infill
;WIDTH:0.538529
G1 F1200
G1 X109.587 Y115.322 E6.53686
G1 X109.323 Y116.221 E6.59227
;WIDTH:0.537317
G1 X108.925 Y116.108 E6.61667
G1 X108.938 Y115.925 E6.62749
;WIDTH:0.538529
G1 X109.013 Y115.565 E6.64924
G1 X109.108 Y115.382 E6.66143
G1 E4.66143 F2400
G92 E0
G1 X109.108 Y115.382 F7800
G92 E0
G1 X97.616 Y125.456
G1 E2 F2400
;TYPE:Support material interface
;WIDTH:0.35
G1 F3600
G1 X97.177 Y125.895 E2.02212
G1 X97.177 Y125.895 F7800
G1 X97.009 Y125.11
;TYPE:Support material
G1 F3600
G1 X97.259 Y125.191 E2.03148
G1 X96.955 Y126.053 E2.06404
G1 X96.628 Y125.876 E2.07729
G1 X96.532 Y125.509 E2.0908
G1 X96.621 Y125.289 E2.09925
G1 X96.966 Y125.105 E2.11318
G1 X96.966 Y125.105 F7800
G1 X98.203 Y125.272
;TYPE:Support material interface
G1 F3600
G1 X97.582 Y125.894 E2.14449
G1 X97.531 Y126.349 E2.1608
G1 X98.414 Y125.465 E2.20531
G1 X98.73 Y125.554 E2.21701
G1 X97.335 Y126.949 E2.28729
G1 X97.335 Y126.949 F7800
G1 X96.918 Y127.386
;TYPE:Support material
G1 F3600
G1 X97.345 Y127.513 E2.30316
G1 X97.152 Y127.608 E2.31082
G1 X96.938 Y127.472 E2.31985
G1 X96.939 Y126.817 E2.34318
G1 X97.124 Y127.085 E2.35478
G1 X97.767 Y127.27 E2.37862
G1 X97.777 Y127.336 E2.381
G1 X97.721 Y127.582 E2.38999
G1 X97.383 Y127.923 E2.40709
G1 X97.144 Y127.964 E2.41573
G1 X96.738 Y127.793 E2.43142
G1 X96.559 Y127.386 E2.44726
G1 X96.609 Y127.118 E2.45697
G1 X96.935 Y126.774 E2.47385
G1 E.47385 F2400
G92 E0
G1 X96.935 Y126.774 F7800
G1 X99.149 Y125.539
G1 E2 F2400
;TYPE:Support material interface
G1 F3600
G1 X97.983 Y126.704 E2.05872
G1 X98.297 Y126.795 E2.07037
G1 X99.36 Y125.732 E2.12392
G1 X99.675 Y125.821 E2.13558
G1 X98.611 Y126.885 E2.18918
G1 X98.924 Y126.975 E2.20078
G1 X99.99 Y125.909 E2.25449
G1 X100.305 Y125.998 E2.26615
G1 X99.238 Y127.066 E2.31993
G1 X99.552 Y127.156 E2.33157
G1 X100.62 Y126.087 E2.3854
G1 X100.936 Y126.176 E2.3971
G1 X99.761 Y127.35 E2.45627
G1 X99.761 Y127.35 F7800
G1 X99.664 Y128.18
;TYPE:Support material
G1 F3600
G1 X100.119 Y128.311 E2.47314
G1 X99.985 Y128.443 E2.47984
G1 X99.723 Y128.389 E2.48937
G1 X99.526 Y127.776 E2.51231
G1 X100.487 Y128.053 E2.54794
G1 X100.51 Y128.199 E2.55321
G1 X100.319 Y128.641 E2.57036
G1 X100.12 Y128.774 E2.57889
G1 X99.665 Y128.769 E2.5951
G1 X99.35 Y128.471 E2.61055
G1 X99.299 Y128.22 E2.61967
G1 X99.485 Y127.765 E2.63718
G1 E.63718 F2400
G92 E0
G1 X99.485 Y127.765 F7800
G1 X100.435 Y125.869
G1 E2 F2400
;TYPE:Support material interface
G1 F3600
G1 X100.641 Y125.662 E2.0104
G1 X100.641 Y125.662 F7800
G1 X100.804 Y124.917
;TYPE:Support material
G1 F3600
G1 X100.955 Y124.98 E2.01623
G1 X101.024 Y125.21 E2.02478
G1 X100.562 Y125.08 E2.04188
G1 X100.632 Y124.972 E2.04646
G1 X100.804 Y124.917 E2.05289
G1 X100.852 Y124.57 E2.06537
G1 X101.201 Y124.721 E2.07892
G1 X101.335 Y124.913 E2.08726
G1 X101.35 Y125.388 E2.10419
G1 X101.196 Y125.622 E2.11417
G1 X100.203 Y125.342 E2.15092
G1 X100.225 Y124.956 E2.16469
G1 X100.379 Y124.719 E2.17476
G1 X100.81 Y124.562 E2.1911
G1 X101.355 Y126.16 F7800
;TYPE:Support material interface
G1 F3600
G1 X99.948 Y127.567 E2.26198
G1 X100.262 Y127.657 E2.27362
G1 X100.145 Y127.572 E2.27877
G1 X100.25 Y127.357 E2.28729
G1 X100.493 Y127.427 E2.2963
G1 X101.566 Y126.353 E2.35038
G1 X101.88 Y126.443 E2.36202
G1 X100.806 Y127.517 E2.41613
G1 X101.12 Y127.607 E2.42777
G1 X102.194 Y126.533 E2.48188
G1 X102.507 Y126.624 E2.49349
G1 X101.434 Y127.697 E2.54755
G1 X101.747 Y127.788 E2.55916
G1 X102.821 Y126.714 E2.61327
G1 X103.134 Y126.804 E2.62487
G1 X102.061 Y127.878 E2.67895
G1 X102.375 Y127.968 E2.69059
G1 X103.448 Y126.895 E2.74465
G1 X103.762 Y126.985 E2.75629
G1 X102.688 Y128.058 E2.81037
G1 X102.806 Y128.092 E2.81474
G1 X102.795 Y128.318 E2.8228
G1 X102.651 Y128.345 E2.82802
G1 X102.771 Y128.379 E2.83246
G1 X104.075 Y127.075 E2.89816
G1 X104.389 Y127.166 E2.90981
G1 X103.316 Y128.239 E2.96387
G1 X103.629 Y128.329 E2.97547
G1 X104.702 Y127.256 E3.02953
G1 X105.016 Y127.346 E3.04117
G1 X103.943 Y128.419 E3.09523
G1 X104.257 Y128.51 E3.10688
G1 X105.329 Y127.437 E3.16091
G1 X105.643 Y127.527 E3.17255
G1 X104.57 Y128.6 E3.22661
G1 X104.884 Y128.69 E3.23825
G1 X105.957 Y127.618 E3.29228
G1 X106.27 Y127.708 E3.30388
G1 X105.198 Y128.78 E3.35789
G1 X105.511 Y128.871 E3.3695
G1 X106.584 Y127.798 E3.42356
G1 X106.897 Y127.889 E3.43517
G1 X105.49 Y129.296 E3.50605
G1 X105.49 Y129.296 F7800
G1 X105.206 Y129.775
;TYPE:Support material
G1 F3600
G1 X105.658 Y129.905 E3.5228
G1 X105.439 Y130.045 E3.53206
G1 X105.268 Y129.974 E3.53866
G1 X105.065 Y129.37 E3.56136
G1 X106.033 Y129.649 E3.59725
G1 X106.054 Y129.784 E3.60212
G1 X105.864 Y130.225 E3.61923
G1 X105.665 Y130.358 E3.62776
G1 X105.21 Y130.354 E3.64397
G1 X104.895 Y130.055 E3.65944
G1 X104.843 Y129.803 E3.66861
G1 X105.024 Y129.358 E3.68572
G1 X105.024 Y129.358 F7800
G1 X106.662 Y129.336
;TYPE:Support material interface
G1 F3600
G1 X106.783 Y129.215 E3.69182
G1 X106.943 Y128.65 E3.71274
G1 X106.452 Y129.141 E3.73748
G1 X106.139 Y129.051 E3.74908
G1 X107.291 Y127.899 E3.80712
G1 X107.291 Y127.899 F7800
G1 X106.353 Y126.485
;TYPE:Support material
G1 F3600
G1 X106.557 Y126.625 E3.81593
G1 X106.569 Y126.802 E3.82225
G1 X106.1 Y126.667 E3.83964
G1 X106.181 Y126.54 E3.84501
G1 X106.353 Y126.485 E3.85144
G1 X106.401 Y126.138 E3.86392
G1 X106.751 Y126.289 E3.8775
G1 X106.884 Y126.481 E3.88582
G1 X106.9 Y126.956 E3.90275
G1 X106.72 Y127.21 E3.91384
G1 X105.755 Y126.924 E3.9497
G1 X105.774 Y126.524 E3.96397
G1 X105.928 Y126.287 E3.97404
G1 X106.359 Y126.13 E3.99038
G1 E1.99038 F2400
G92 E0
G1 X106.359 Y126.13 F7800
G1 X108.922 Y126.044
G1 E2 F2400
G1 F3600
G1 X109.079 Y126.157 E2.00689
G1 X109.11 Y126.276 E2.01127
G1 X109.079 Y126.394 E2.01562
G1 X108.881 Y126.519 E2.02396
G1 X108.756 Y126.492 E2.02852
G1 X108.625 Y126.303 E2.03671
G1 X108.655 Y126.15 E2.04226
G1 X108.881 Y126.033 E2.05133
G1 E.05133 F2400
G92 E0
G1 X108.881 Y126.033 F7800
G1 X111.699 Y126.821
G1 E2 F2400
G1 F3600
G1 X111.857 Y126.934 E2.00692
G1 X111.888 Y127.053 E2.0113
G1 X111.857 Y127.171 E2.01565
G1 X111.658 Y127.296 E2.02402
G1 X111.536 Y127.269 E2.02847
G1 X111.404 Y127.08 E2.03668
G1 X111.435 Y126.927 E2.04224
G1 X111.658 Y126.81 E2.05121
G1 E.05121 F2400
G92 E0
G1 X111.658 Y126.81 F7800
G1 X114.473 Y127.61
G1 E2 F2400
G1 F3600
G1 X114.63 Y127.723 E2.00689
G1 X114.661 Y127.842 E2.01127
G1 X114.63 Y127.96 E2.01562
G1 X114.431 Y128.085 E2.02399
G1 X114.309 Y128.058 E2.02844
G1 X114.177 Y127.869 E2.03665
G1 X114.208 Y127.716 E2.04221
G1 X114.431 Y127.599 E2.05118
G1 E.05118 F2400
G92 E0
G1 X114.431 Y127.599 F7800
G1 X117.246 Y128.399
G1 E2 F2400
G1 F3600
G1 X117.404 Y128.512 E2.00692
G1 X117.435 Y128.631 E2.0113
G1 X117.404 Y128.749 E2.01565
G1 X117.205 Y128.874 E2.02402
G1 X117.082 Y128.847 E2.02851
G1 X116.95 Y128.658 E2.03672
G1 X116.981 Y128.505 E2.04228
G1 X117.205 Y128.388 E2.05128
G1 E.05128 F2400
G92 E0
G1 X117.205 Y128.388 F7800
G1 X119.474 Y131.649
G1 E2 F2400
G1 F3600
G1 X119.658 Y131.211 E2.01692
G1 X119.997 Y131.046 E2.03035
G1 X120.504 Y130.965 E2.04864
G1 X120.507 Y130.615 E2.06111
G1 X121.336 Y130.697 E2.09079
G1 X122.068 Y131.118 E2.12087
G1 X122.562 Y131.803 E2.15096
G1 X122.732 Y132.635 E2.18121
G1 X122.548 Y133.468 E2.2116
G1 X122.037 Y134.158 E2.24219
G1 X121.292 Y134.576 E2.27262
G1 X120.448 Y134.654 E2.30281
G1 X119.616 Y134.361 E2.33423
G1 X119.11 Y133.93 E2.35791
G1 X118.767 Y133.466 E2.37847
G1 X118.662 Y133.223 E2.3879
G1 X119.28 Y131.052 E2.46831
G1 X119.873 Y130.717 E2.49257
G1 X120.464 Y130.615 E2.51394
G1 X120.464 Y130.615 F7800
G1 X121.012 Y130.269
G1 F3600
G1 X121.901 Y130.564 E2.54731
G1 X122.304 Y130.857 E2.56506
G1 X122.637 Y131.228 E2.58282
G1 X122.884 Y131.662 E2.60061
G1 X123.036 Y132.139 E2.61844
G1 X123.084 Y132.638 E2.6363
G1 X123.028 Y133.137 E2.65419
G1 X122.868 Y133.614 E2.67211
G1 X122.612 Y134.048 E2.69006
G1 X121.936 Y134.664 E2.72264
G1 X121.397 Y134.912 E2.74378
G1 X120.894 Y135.011 E2.76204
G1 X120.398 Y135.002 E2.77971
G1 X119.9 Y134.884 E2.79794
G1 X119.162 Y134.463 E2.82821
G1 X118.593 Y133.857 E2.85782
G1 X118.291 Y133.247 E2.88207
G1 X118.977 Y130.839 E2.97127
G1 X119.748 Y130.388 E3.00309
G1 X120.445 Y130.264 E3.02831
G1 X120.969 Y130.269 E3.04698
G1 E1.04698 F2400
G92 E0
G1 X120.969 Y130.269 F7800
G1 X115.704 Y133.673
G1 E2 F2400
G1 F3600
G1 X115.889 Y133.786 E2.00772
G1 X115.92 Y133.903 E2.01203
G1 X115.888 Y134.023 E2.01645
G1 X115.689 Y134.148 E2.02482
G1 X115.476 Y134.04 E2.03333
G1 X115.431 Y133.91 E2.03823
G1 X115.476 Y133.769 E2.0435
G1 X115.662 Y133.662 E2.05114
G1 E.05114 F2400
G92 E0
G1 X115.662 Y133.662 F7800
G1 X112.93 Y132.884
G1 E2 F2400
G1 F3600
G1 X113.116 Y132.997 E2.00775
G1 X113.147 Y133.114 E2.01206
G1 X113.115 Y133.234 E2.01648
G1 X112.916 Y133.359 E2.02485
G1 X112.703 Y133.251 E2.03336
G1 X112.658 Y133.121 E2.03826
G1 X112.703 Y132.98 E2.04353
G1 X112.889 Y132.873 E2.05117
G1 E.05117 F2400
G92 E0
G1 X112.889 Y132.873 F7800
G1 X110.157 Y132.095
G1 E2 F2400
G1 F3600
G1 X110.342 Y132.208 E2.00772
G1 X110.373 Y132.325 E2.01203
G1 X110.342 Y132.445 E2.01645
G1 X110.143 Y132.57 E2.02482
G1 X109.93 Y132.462 E2.03333
G1 X109.885 Y132.332 E2.03823
G1 X109.93 Y132.191 E2.0435
G1 X110.116 Y132.084 E2.05114
G1 E.05114 F2400
G92 E0
G1 X110.116 Y132.084 F7800
G1 X107.411 Y131.306
G1 E2 F2400
G1 F3600
G1 X107.569 Y131.419 E2.00692
G1 X107.6 Y131.538 E2.0113
G1 X107.569 Y131.656 E2.01565
G1 X107.37 Y131.781 E2.02402
G1 X107.247 Y131.754 E2.02851
G1 X107.116 Y131.565 E2.0367
G1 X107.146 Y131.411 E2.04229
G1 X107.37 Y131.294 E2.05129
G1 E.05129 F2400
G92 E0
G1 X107.37 Y131.294 F7800
G1 X102.435 Y128.978
G1 E2 F2400
G1 F3600
G1 X102.889 Y129.108 E2.01682
G1 X102.757 Y129.235 E2.02335
G1 X102.496 Y129.181 E2.03284
G1 X102.296 Y128.573 E2.05564
G1 X103.26 Y128.851 E2.09138
G1 X103.282 Y128.991 E2.09643
G1 X103.091 Y129.433 E2.11358
G1 X102.892 Y129.566 E2.12211
G1 X102.437 Y129.561 E2.13832
G1 X102.123 Y129.263 E2.15374
G1 X102.071 Y129.012 E2.16287
G1 X102.255 Y128.562 E2.18019
G1 E.18019 F2400
G92 E0
G1 X102.255 Y128.562 F7800
G1 X103.247 Y126.692
G1 E2 F2400
;TYPE:Support material interface
G1 F3600
G1 X103.469 Y126.47 E2.01118
G1 X103.469 Y126.47 F7800
G1 X103.579 Y125.702
;TYPE:Support material
G1 F3600
G1 X103.73 Y125.765 E2.01701
G1 X103.797 Y126.003 E2.02582
G1 X103.333 Y125.869 E2.04303
G1 X103.406 Y125.757 E2.04779
G1 X103.579 Y125.702 E2.05426
G1 X103.626 Y125.355 E2.06673
G1 X103.976 Y125.505 E2.0803
G1 X104.109 Y125.698 E2.08865
G1 X104.125 Y126.173 E2.10558
G1 X103.961 Y126.414 E2.11596
G1 X102.978 Y126.131 E2.1524
G1 X103 Y125.74 E2.16635
G1 X103.154 Y125.504 E2.17639
G1 X103.584 Y125.347 E2.1927
G1 E.1927 F2400
G92 E0
G1 X103.584 Y125.347 F7800
G1 X98.019 Y124.139
G1 E2 F2400
G1 F3600
G1 X98.171 Y124.201 E2.00585
G1 X98.242 Y124.426 E2.01426
G1 X97.768 Y124.319 E2.03157
G1 X97.848 Y124.194 E2.03686
G1 X98.019 Y124.139 E2.04326
G1 X98.066 Y123.791 E2.05577
G1 X98.418 Y123.943 E2.06943
G1 X98.552 Y124.137 E2.07783
G1 X98.604 Y124.372 E2.0864
G1 X98.447 Y124.818 E2.10324
G1 X97.818 Y124.67 E2.12626
G1 X97.528 Y124.787 E2.1374
G1 X97.399 Y124.42 E2.15126
G1 X97.443 Y124.175 E2.16013
G1 X97.595 Y123.941 E2.17007
G1 X98.024 Y123.783 E2.18636
G1 E.18636 F2400
G92 E0
G1 X98.024 Y123.783 F7800
G1 X117.351 Y130.799
G1 E2 F2400
;TYPE:Perimeter
;WIDTH:0.45
G1 F900
G1 X117.15 Y131.257 E2.02406
G1 X117.01 Y131.774 E2.04982
G1 X116.952 Y132.251 E2.07293
G1 X108.594 Y129.873 E2.49087
G1 X108.611 Y129.327 E2.51714
G1 X108.733 Y128.875 E2.53966
G1 X109.036 Y128.332 E2.56957
G1 X117.391 Y130.709 E2.98736
G1 X117.375 Y130.744 E2.98921
G1 X117.375 Y130.744 F7800
G1 X117.7 Y130.963
G1 F900
G1 X117.522 Y131.358 E3.01005
G1 X117.364 Y131.974 E3.04064
G1 X117.32 Y132.757 E3.07836
G1 X108.227 Y130.169 E3.53307
G1 X108.197 Y129.706 E3.55539
G1 X108.227 Y129.293 E3.57531
G1 X108.319 Y128.89 E3.59519
G1 X108.556 Y128.36 E3.62311
G1 X108.891 Y127.889 E3.65091
G1 X117.978 Y130.475 E4.10532
G1 X117.782 Y130.781 E4.1228
G1 X117.725 Y130.909 E4.12954
G1 X117.725 Y130.909 F7800
G1 X118.047 Y131.127
;TYPE:External perimeter
G1 F900
G1 X117.895 Y131.459 E4.1471
G1 X117.748 Y132.009 E4.17448
G1 X117.697 Y132.571 E4.20162
G1 X117.707 Y132.974 E4.22101
;TYPE:Overhang perimeter
;WIDTH:0.4
;HEIGHT:0.4
G1 X117.641 Y133.249 E4.23579
G1 X107.891 Y130.475 E4.76539
G1 X107.84 Y130.167 E4.7817
;TYPE:External perimeter
;WIDTH:0.45
;HEIGHT:0.3
G1 X107.812 Y129.73 E4.80276
G1 X107.842 Y129.258 E4.82551
G1 X107.946 Y128.79 E4.84857
G1 X108.148 Y128.301 E4.87402
G1 X108.456 Y127.812 E4.90182
G1 X108.539 Y127.713 E4.90803
;TYPE:Overhang perimeter
;WIDTH:0.4
;HEIGHT:0.4
G1 X108.758 Y127.451 E4.92587
G1 X118.502 Y130.223 E5.45514
G1 X118.434 Y130.463 E5.46817
G1 X118.409 Y130.521 E5.47147
;TYPE:External perimeter
;WIDTH:0.45
;HEIGHT:0.3
G1 X118.132 Y130.944 E5.49579
G1 X118.072 Y131.073 E5.50263
G1 X117.91 Y131.438 F7800
G1 X116.336 Y131.739
;TYPE:Top solid infill
;WIDTH:0.409352
G1 F900
G1 X116.9 Y131.175 E5.53695
G1 X116.934 Y131.092 E5.54081
G1 X116.592 Y130.995 E5.55611
G1 X116.078 Y131.509 E5.58739
G1 X115.698 Y131.401 E5.60439
G1 X116.212 Y130.887 E5.63567
G1 X115.832 Y130.779 E5.65267
G1 X115.318 Y131.293 E5.68395
G1 X114.939 Y131.185 E5.70091
G1 X115.452 Y130.671 E5.73216
G1 X115.073 Y130.563 E5.74912
G1 X114.559 Y131.077 E5.7804
G1 X114.179 Y130.968 E5.79741
G1 X114.693 Y130.455 E5.82866
G1 X114.313 Y130.347 E5.84566
G1 X113.799 Y130.86 E5.87691
G1 X113.419 Y130.752 E5.89391
G1 X113.933 Y130.238 E5.92519
G1 X113.553 Y130.13 E5.94219
G1 X113.04 Y130.644 E5.97344
G1 X112.66 Y130.536 E5.99044
G1 X113.174 Y130.022 E6.02172
G1 X112.794 Y129.914 E6.03872
G1 X112.28 Y130.428 E6.07
G1 X111.9 Y130.32 E6.087
G1 X112.414 Y129.806 E6.11828
G1 X112.034 Y129.698 E6.13528
G1 X111.35 Y130.382 E6.1769
G1 X110.97 Y130.274 E6.1939
G1 X111.7 Y129.544 E6.23832
G1 X111.679 Y129.358 E6.24637
G1 X111.461 Y129.296 E6.25612
G1 X110.59 Y130.166 E6.30909
G1 X110.211 Y130.058 E6.32605
G1 X111.081 Y129.188 E6.37899
G1 X110.701 Y129.08 E6.39599
G1 X109.831 Y129.95 E6.44893
G1 X109.691 Y129.91 E6.45519
G1 X109.812 Y129.481 E6.47437
G1 X110.443 Y128.85 E6.51277
G1 X110.443 Y128.85 F7800
G1 X109.196 Y128.724
;TYPE:Solid infill
;WIDTH:0.538529
G1 F1200
G1 X109.587 Y128.835 E6.53681
G1 X109.323 Y129.734 E6.59222
;WIDTH:0.537317
G1 X108.925 Y129.621 E6.61662
G1 X108.938 Y129.437 E6.6275
;WIDTH:0.538529
G1 X109.013 Y129.078 E6.64919
G1 X109.108 Y128.895 E6.66138
;LAYER_CHANGE
;Z:0.95
;HEIGHT:0.3
G1 Z.95 F7800
G1 E4.66138 F2400
G92 E0
G1 X109.108 Y128.895 F7800
G92 E0
G1 X110.85 Y88.63
G1 E2 F2400
;TYPE:Support material interface
;WIDTH:0.35
G1 F3600
G1 X110.633 Y88.413 E2.01093
G1 X110.066 Y88.25 E2.03195
G1 X110.657 Y88.841 E2.06172
G1 X110.567 Y89.155 E2.07336
G1 X109.498 Y88.086 E2.12722
G1 X108.931 Y87.923 E2.14824
G1 X110.478 Y89.47 E2.22618
G1 X110.404 Y89.728 E2.23574
G1 X108.363 Y87.759 E2.33677
G1 X107.796 Y87.596 E2.35779
G1 X109.736 Y89.536 E2.45553
G1 X109.169 Y89.373 E2.47655
G1 X107.228 Y87.432 E2.57434
G1 X106.661 Y87.269 E2.59536
G1 X108.602 Y89.21 E2.69315
G1 X108.035 Y89.046 E2.71418
G1 X106.093 Y87.105 E2.81199
G1 X105.526 Y86.942 E2.83301
G1 X107.468 Y88.883 E2.93082
G1 X106.901 Y88.72 E2.95184
G1 X104.962 Y86.781 E3.04953
G1 X104.4 Y86.623 E3.07033
G1 X106.333 Y88.557 E3.16774
G1 X105.766 Y88.394 E3.18876
G1 X103.837 Y86.465 E3.28594
G1 X103.275 Y86.306 E3.30675
G1 X105.199 Y88.231 E3.40371
G1 X104.632 Y88.067 E3.42474
G1 X102.713 Y86.148 E3.52142
G1 X102.15 Y85.989 E3.54226
G1 X104.065 Y87.904 E3.63874
G1 X103.498 Y87.741 E3.65976
G1 X101.588 Y85.831 E3.75599
G1 X101.507 Y85.808 E3.75899
G1 X101.384 Y86.031 E3.76806
G1 X102.931 Y87.578 E3.846
G1 X102.364 Y87.415 E3.86702
G1 X100.937 Y85.988 E3.93891
G1 X100.937 Y85.988 F7800
G1 X100.612 Y85.676
;TYPE:Support material
G1 F3600
G1 X100.85 Y85.75 E3.94779
G1 X100.564 Y86.468 E3.97532
G1 X100.286 Y86.284 E3.9872
G1 X100.227 Y86.033 E3.99639
G1 X100.286 Y85.863 E4.0028
G1 X100.569 Y85.676 E4.01488
G1 X100.569 Y85.676 F7800
G1 X101.625 Y84.669
G1 F3600
G1 X101.778 Y84.758 E4.02119
G1 X101.794 Y84.899 E4.02625
G1 X101.476 Y84.809 E4.03802
G1 X101.625 Y84.669 E4.0453
G1 X101.635 Y84.318 E4.05781
G1 X101.962 Y84.429 E4.07011
G1 X102.094 Y84.593 E4.07761
G1 X102.133 Y85.022 E4.09296
G1 X101.924 Y85.299 E4.10532
G1 X101.445 Y85.164 E4.12305
G1 X101.239 Y85.229 E4.13075
G1 X101.14 Y85.054 E4.13791
G1 X101.11 Y84.853 E4.14515
G1 X101.252 Y84.488 E4.1591
G1 X101.593 Y84.313 E4.17275
G1 E2.17275 F2400
G92 E0
G1 X101.593 Y84.313 F7800
G1 X101.417 Y87.276
G1 E2 F2400
;TYPE:Support material interface
G1 F3600
G1 X101.147 Y87.006 E2.0136
G1 X101.179 Y86.634 E2.0269
G1 X101.984 Y87.439 E2.06746
G1 X101.984 Y87.439 F7800
G1 X100.601 Y87.9
;TYPE:Support material
G1 F3600
G1 X100.903 Y87.987 E2.07866
G1 X100.725 Y88.077 E2.08577
G1 X100.61 Y87.972 E2.09132
G1 X100.616 Y87.413 E2.11123
G1 X100.751 Y87.579 E2.11885
G1 X101.288 Y87.733 E2.13875
G1 X101.308 Y87.911 E2.14513
G1 X101.087 Y88.312 E2.16144
G1 X100.891 Y88.415 E2.16933
G1 X100.531 Y88.383 E2.18221
G1 X100.359 Y88.246 E2.19004
G1 X100.246 Y87.892 E2.20328
G1 X100.381 Y87.525 E2.21721
G1 X100.589 Y87.38 E2.22624
G1 E.22624 F2400
G92 E0
G1 X100.589 Y87.38 F7800
G1 X103.356 Y88.692
G1 E2 F2400
G1 F3600
G1 X103.664 Y88.805 E2.01169
G1 X103.544 Y88.906 E2.01728
G1 X103.383 Y88.856 E2.02329
G1 X103.263 Y88.301 E2.04352
G1 X104.01 Y88.516 E2.07121
G1 X104.045 Y88.755 E2.07981
G1 X103.837 Y89.147 E2.09562
G1 X103.646 Y89.248 E2.10332
G1 X103.26 Y89.209 E2.11714
G1 X103.106 Y89.081 E2.12427
G1 X102.992 Y88.723 E2.13765
G1 X103.032 Y88.532 E2.1446
G1 X103.222 Y88.29 E2.15556
G1 E.15556 F2400
G92 E0
G1 X103.222 Y88.29 F7800
G1 X104.413 Y85.445
G1 E2 F2400
G1 F3600
G1 X104.562 Y85.533 E2.00616
G1 X104.578 Y85.683 E2.01153
G1 X104.259 Y85.593 E2.02334
G1 X104.413 Y85.445 E2.03095
G1 X104.424 Y85.094 E2.04346
G1 X104.747 Y85.205 E2.05563
G1 X104.878 Y85.368 E2.06308
G1 X104.918 Y85.797 E2.07843
G1 X104.702 Y86.081 E2.09114
G1 X103.922 Y85.83 E2.12033
G1 X103.894 Y85.629 E2.12756
G1 X104.038 Y85.264 E2.14154
G1 X104.381 Y85.09 E2.15524
G1 E.15524 F2400
G92 E0
G1 X104.381 Y85.09 F7800
G1 X107.187 Y86.23
G1 E2 F2400
G1 F3600
G1 X107.337 Y86.318 E2.0062
G1 X107.351 Y86.475 E2.01182
G1 X107.032 Y86.383 E2.02365
G1 X107.187 Y86.23 E2.03141
G1 X107.198 Y85.879 E2.04392
G1 X107.521 Y85.99 E2.05609
G1 X107.653 Y86.152 E2.06353
G1 X107.693 Y86.582 E2.07891
G1 X107.468 Y86.873 E2.09201
G1 X106.697 Y86.615 E2.12097
G1 X106.668 Y86.414 E2.1282
G1 X106.812 Y86.049 E2.14218
G1 X107.155 Y85.874 E2.1559
G1 E.1559 F2400
G92 E0
G1 X107.155 Y85.874 F7800
G1 X109.961 Y87.013
G1 E2 F2400
G1 F3600
G1 X110.111 Y87.102 E2.00621
G1 X110.12 Y87.273 E2.01231
G1 X109.803 Y87.182 E2.02406
G1 X109.961 Y87.013 E2.0323
G1 X109.972 Y86.662 E2.04481
G1 X110.296 Y86.773 E2.05701
G1 X110.427 Y86.936 E2.06446
G1 X110.467 Y87.366 E2.07984
G1 X110.227 Y87.668 E2.09358
G1 X109.472 Y87.398 E2.12214
G1 X109.443 Y87.197 E2.12937
G1 X109.587 Y86.832 E2.14335
G1 X109.929 Y86.658 E2.15702
G1 E.15702 F2400
G92 E0
G1 X109.929 Y86.658 F7800
G1 X108.899 Y90.287
G1 E2 F2400
G1 F3600
G1 X109.209 Y90.389 E2.01163
G1 X109.09 Y90.488 E2.01714
G1 X108.928 Y90.439 E2.02317
G1 X108.804 Y89.896 E2.04301
G1 X109.563 Y90.114 E2.07114
G1 X109.589 Y90.339 E2.07921
G1 X109.383 Y90.729 E2.09492
G1 X109.192 Y90.83 E2.10262
G1 X108.803 Y90.79 E2.11655
G1 X108.652 Y90.664 E2.12356
G1 X108.537 Y90.305 E2.13699
G1 X108.641 Y89.993 E2.14871
G1 X108.763 Y89.884 E2.15454
G1 E.15454 F2400
G92 E0
G1 X108.763 Y89.884 F7800
G1 X106.127 Y89.49
G1 E2 F2400
G1 F3600
G1 X106.437 Y89.597 E2.01168
G1 X106.317 Y89.697 E2.01724
G1 X106.156 Y89.648 E2.02324
G1 X106.036 Y89.099 E2.04326
G1 X106.787 Y89.315 E2.0711
G1 X106.817 Y89.547 E2.07943
G1 X106.61 Y89.938 E2.09519
G1 X106.419 Y90.039 E2.10289
G1 X106.032 Y90 E2.11675
G1 X105.879 Y89.873 E2.12383
G1 X105.764 Y89.514 E2.13726
G1 X105.868 Y89.201 E2.14901
G1 X105.995 Y89.087 E2.15509
G1 E.15509 F2400
G92 E0
G1 X105.995 Y89.087 F7800
G1 X122.942 Y92.047
G1 E2 F2400
G1 F3600
G1 X123.231 Y91.647 E2.01758
G1 X123.571 Y91.49 E2.03092
G1 X124.065 Y91.4 E2.04881
G1 X124.077 Y91.051 E2.06125
G1 X124.967 Y91.18 E2.09329
G1 X125.706 Y91.614 E2.12382
G1 X126.213 Y92.307 E2.15441
G1 X126.395 Y93.14 E2.18478
G1 X126.223 Y93.971 E2.21501
G1 X125.733 Y94.649 E2.24481
G1 X124.984 Y95.081 E2.27561
G1 X124.116 Y95.164 E2.30667
G1 X123.671 Y95.064 E2.32292
G1 X123.136 Y94.822 E2.34384
G1 X122.552 Y94.327 E2.37111
G1 X122.344 Y94.033 E2.38394
G1 X122.258 Y93.828 E2.39186
G1 X122.331 Y93.569 E2.40145
G1 X122.34 Y92.659 E2.43387
G1 X122.618 Y91.903 E2.46256
G1 X123.046 Y91.348 E2.48753
G1 X123.473 Y91.154 E2.50424
G1 X124.034 Y91.049 E2.52457
G1 X124.034 Y91.049 F7800
G1 X124.216 Y90.705
G1 F3600
G1 X125.083 Y90.848 E2.55587
G1 X125.536 Y91.056 E2.57363
G1 X125.942 Y91.353 E2.59155
G1 X126.28 Y91.727 E2.60951
G1 X126.533 Y92.162 E2.62744
G1 X126.692 Y92.639 E2.64535
G1 X126.747 Y93.138 E2.66323
G1 X126.698 Y93.637 E2.68109
G1 X126.545 Y94.113 E2.6989
G1 X126.296 Y94.547 E2.71672
G1 X125.969 Y94.91 E2.73412
G1 X125.553 Y95.213 E2.75245
G1 X125.091 Y95.416 E2.77043
G1 X124.593 Y95.518 E2.78854
G1 X123.678 Y95.428 E2.82129
G1 X122.959 Y95.126 E2.84907
G1 X122.284 Y94.554 E2.88059
G1 X121.887 Y93.85 E2.90938
G1 X121.978 Y93.531 E2.9212
G1 X121.994 Y92.597 E2.95448
G1 X122.115 Y92.152 E2.97091
G1 X122.635 Y91.222 E3.00887
G1 X123.374 Y90.817 E3.03889
G1 X124.173 Y90.704 E3.06764
G1 E1.06764 F2400
G92 E0
G1 X124.173 Y90.704 F7800
G1 X114.221 Y91.323
G1 E2 F2400
;TYPE:Perimeter
;WIDTH:0.45
G1 F900
G1 X114.309 Y91.403 E2.00572
G1 X112.042 Y90.758 E2.11908
G1 X112.001 Y90.581 E2.12782
G1 X112.562 Y88.609 E2.22643
G1 X112.718 Y88.408 E2.23867
G1 X114.949 Y89.043 E2.35024
G1 X114.707 Y89.111 E2.36233
G1 X114.363 Y89.614 E2.39164
G1 X114.08 Y90.61 E2.44144
G1 X114.107 Y91.219 E2.47076
G1 X114.176 Y91.282 E2.47525
G1 X114.176 Y91.282 F7800
G1 X114.531 Y91.145
;WIDTH:0.480575
G1 F900
G1 X114.654 Y91.27 E2.48435
;WIDTH:0.511151
G1 X114.84 Y91.459 E2.49913
G1 X120.642 Y93.11 E2.83527
G1 X120.677 Y93.584 E2.86175
G1 X114.718 Y91.889 E3.20698
G1 X114.314 Y91.79 E3.23016
;WIDTH:0.480575
G1 X113.909 Y91.691 E3.2518
;WIDTH:0.45
G1 X111.719 Y91.067 E3.36132
G1 X111.603 Y90.572 E3.38577
G1 X112.234 Y88.352 E3.49677
G1 X112.603 Y87.975 E3.52214
G1 X114.785 Y88.595 E3.63124
;WIDTH:0.482851
G1 X115.183 Y88.726 E3.65311
;WIDTH:0.515702
G1 X115.581 Y88.856 E3.67668
G1 X121.545 Y90.553 E4.02573
G1 X121.258 Y90.94 E4.05285
G1 X115.458 Y89.29 E4.39229
;WIDTH:0.522042
G1 X115.354 Y89.267 E4.39837
G1 X115.147 Y89.342 E4.41094
;WIDTH:0.486021
G1 X114.94 Y89.418 E4.42254
;WIDTH:0.45
G1 X114.734 Y89.72 E4.44012
G1 X114.451 Y90.715 E4.48987
G1 X114.467 Y91.081 E4.50749
;WIDTH:0.480575
G1 X114.489 Y91.102 E4.50907
G1 X114.489 Y91.102 F7800
G1 X114.851 Y90.964
;TYPE:External perimeter
;WIDTH:0.45
G1 F1800
G1 X114.954 Y91.059 E4.51581
G1 X121.057 Y92.795 E4.82099
G1 X121.068 Y93.239 E4.84235
G1 X121.182 Y94.003 E4.8795
G1 X121.152 Y94.151 E4.88676
;TYPE:Overhang perimeter
;WIDTH:0.4
;HEIGHT:0.4
G1 F3600
G1 X111.395 Y91.375 E5.41674
;TYPE:External perimeter
;WIDTH:0.45
;HEIGHT:0.3
G1 F1800
G1 X111.204 Y90.562 E5.45691
G1 X111.89 Y88.152 E5.57743
G1 X112.488 Y87.541 E5.61855
G1 X122.243 Y90.316 E6.10635
G1 X122.212 Y90.424 E6.11175
G1 X121.802 Y90.894 E6.14175
G1 X121.445 Y91.429 E6.17268
G1 X115.343 Y89.693 E6.47781
G1 X115.174 Y89.725 E6.48608
G1 X115.105 Y89.825 E6.49192
G1 X114.822 Y90.821 E6.54172
G1 X114.826 Y90.915 E6.54625
G1 X115.174 Y91.113 F7800
G1 E4.54625 F2400
G92 E0
G1 X112.323 Y90.538 F7800
G1 E2 F2400
;TYPE:Solid infill
G1 F1200
G1 X112.826 Y88.74 E2.0898
G1 X114.321 Y89.165 E2.16455
G1 X114.081 Y89.55 E2.18637
G1 X113.806 Y90.515 E2.23463
G1 X113.816 Y90.962 E2.25613
G1 X112.508 Y90.59 E2.32154
G1 X112.88 Y90.226 E2.34657
;WIDTH:0.58436
G1 X113.139 Y89.3 E2.40893
G1 X113.641 Y89.442 E2.44276
G1 X113.378 Y90.367 E2.50513
;WIDTH:0.58336
G1 X113.065 Y90.279 E2.52618
G1 E.52618 F2400
G92 E0
G1 X113.065 Y90.279 F7800
G92 E0
G1 X107.223 Y101.111
G1 E2 F2400
;TYPE:Support material interface
;WIDTH:0.35
G1 F3600
G1 X107.006 Y100.894 E2.01093
G1 X106.438 Y100.731 E2.03198
G1 X107.029 Y101.322 E2.06175
G1 X106.94 Y101.636 E2.07338
G1 X105.871 Y100.567 E2.12724
G1 X105.303 Y100.404 E2.14829
G1 X106.851 Y101.951 E2.22625
G1 X106.777 Y102.209 E2.23581
G1 X104.736 Y100.24 E2.33684
G1 X104.169 Y100.077 E2.35786
G1 X106.109 Y102.017 E2.4556
G1 X105.542 Y101.854 E2.47662
G1 X103.601 Y99.913 E2.57441
G1 X103.034 Y99.749 E2.59544
G1 X104.975 Y101.691 E2.69325
G1 X104.408 Y101.527 E2.71428
G1 X102.466 Y99.586 E2.81209
G1 X101.899 Y99.422 E2.83312
G1 X103.84 Y101.364 E2.93093
G1 X103.273 Y101.201 E2.95195
G1 X101.335 Y99.262 E3.04961
G1 X100.772 Y99.104 E3.07044
G1 X102.706 Y101.038 E3.16787
G1 X102.139 Y100.875 E3.18889
G1 X100.21 Y98.946 E3.28607
G1 X99.648 Y98.787 E3.30688
G1 X101.572 Y100.711 E3.40381
G1 X101.005 Y100.548 E3.42483
G1 X99.085 Y98.629 E3.52153
G1 X98.523 Y98.47 E3.54234
G1 X100.438 Y100.385 E3.63882
G1 X99.871 Y100.222 E3.65984
G1 X97.961 Y98.312 E3.75607
G1 X97.88 Y98.289 E3.75907
G1 X97.757 Y98.512 E3.76814
G1 X99.304 Y100.059 E3.84608
G1 X98.737 Y99.896 E3.8671
G1 X97.309 Y98.468 E3.93904
G1 X97.309 Y98.468 F7800
G1 X96.984 Y98.157
;TYPE:Support material
G1 F3600
G1 X97.223 Y98.231 E3.94795
G1 X96.936 Y98.949 E3.9755
G1 X96.659 Y98.765 E3.98735
G1 X96.6 Y98.514 E3.99654
G1 X96.659 Y98.343 E4.00298
G1 X96.941 Y98.157 E4.01501
G1 X96.941 Y98.157 F7800
G1 X97.998 Y97.15
G1 F3600
G1 X98.151 Y97.239 E4.02132
G1 X98.167 Y97.379 E4.02634
G1 X97.849 Y97.29 E4.0381
G1 X97.998 Y97.15 E4.04538
G1 X98.008 Y96.799 E4.05789
G1 X98.335 Y96.91 E4.07019
G1 X98.467 Y97.074 E4.07769
G1 X98.506 Y97.503 E4.09304
G1 X98.297 Y97.78 E4.1054
G1 X97.818 Y97.645 E4.12313
G1 X97.612 Y97.71 E4.13083
G1 X97.513 Y97.535 E4.13799
G1 X97.483 Y97.334 E4.14523
G1 X97.625 Y96.969 E4.15918
G1 X97.966 Y96.794 E4.17283
G1 E2.17283 F2400
G92 E0
G1 X97.966 Y96.794 F7800
G1 X97.79 Y99.757
G1 E2 F2400
;TYPE:Support material interface
G1 F3600
G1 X97.52 Y99.487 E2.0136
G1 X97.552 Y99.115 E2.0269
G1 X98.357 Y99.92 E2.06746
G1 X98.357 Y99.92 F7800
G1 X96.974 Y100.38
;TYPE:Support material
G1 F3600
G1 X97.276 Y100.467 E2.07866
G1 X97.098 Y100.558 E2.08578
G1 X96.983 Y100.453 E2.09133
G1 X96.989 Y99.894 E2.11124
G1 X97.124 Y100.059 E2.11883
G1 X97.661 Y100.214 E2.13874
G1 X97.681 Y100.391 E2.14509
G1 X97.459 Y100.793 E2.16145
G1 X97.264 Y100.896 E2.16931
G1 X96.903 Y100.864 E2.18222
G1 X96.731 Y100.726 E2.19008
G1 X96.619 Y100.373 E2.20327
G1 X96.754 Y100.006 E2.2172
G1 X96.962 Y99.86 E2.22625
G1 E.22625 F2400
G92 E0
G1 X96.962 Y99.86 F7800
G1 X99.729 Y101.173
G1 E2 F2400
G1 F3600
G1 X100.037 Y101.286 E2.01169
G1 X99.917 Y101.387 E2.01728
G1 X99.756 Y101.337 E2.02329
G1 X99.636 Y100.782 E2.04352
G1 X100.383 Y100.997 E2.07121
G1 X100.418 Y101.236 E2.07981
G1 X100.209 Y101.628 E2.09564
G1 X100.018 Y101.729 E2.10334
G1 X99.633 Y101.69 E2.11713
G1 X99.479 Y101.562 E2.12426
G1 X99.364 Y101.204 E2.13766
G1 X99.405 Y101.012 E2.14465
G1 X99.595 Y100.77 E2.15561
G1 E.15561 F2400
G92 E0
G1 X99.595 Y100.77 F7800
G1 X100.786 Y97.926
G1 E2 F2400
G1 F3600
G1 X100.935 Y98.014 E2.00616
G1 X100.95 Y98.164 E2.01153
G1 X100.631 Y98.074 E2.02334
G1 X100.786 Y97.926 E2.03097
G1 X100.796 Y97.575 E2.04348
G1 X101.119 Y97.686 E2.05565
G1 X101.251 Y97.848 E2.06309
G1 X101.291 Y98.278 E2.07847
G1 X101.075 Y98.562 E2.09118
G1 X100.295 Y98.311 E2.12037
G1 X100.266 Y98.11 E2.1276
G1 X100.411 Y97.745 E2.14159
G1 X100.754 Y97.571 E2.15529
G1 E.15529 F2400
G92 E0
G1 X100.754 Y97.571 F7800
G1 X103.56 Y98.71
G1 E2 F2400
G1 F3600
G1 X103.709 Y98.799 E2.00618
G1 X103.724 Y98.956 E2.0118
G1 X103.405 Y98.864 E2.02363
G1 X103.56 Y98.71 E2.03141
G1 X103.571 Y98.36 E2.04388
G1 X103.894 Y98.47 E2.05604
G1 X104.025 Y98.633 E2.06349
G1 X104.065 Y99.063 E2.07887
G1 X103.841 Y99.354 E2.09195
G1 X103.07 Y99.095 E2.12092
G1 X103.041 Y98.895 E2.12812
G1 X103.185 Y98.53 E2.1421
G1 X103.528 Y98.355 E2.15582
G1 E.15582 F2400
G92 E0
G1 X103.528 Y98.355 F7800
G1 X106.334 Y99.494
G1 E2 F2400
G1 F3600
G1 X106.484 Y99.583 E2.00621
G1 X106.493 Y99.754 E2.01231
G1 X106.176 Y99.663 E2.02406
G1 X106.334 Y99.494 E2.0323
G1 X106.345 Y99.143 E2.04481
G1 X106.669 Y99.254 E2.05701
G1 X106.8 Y99.417 E2.06446
G1 X106.84 Y99.846 E2.07981
G1 X106.6 Y100.149 E2.09358
G1 X105.845 Y99.879 E2.12214
G1 X105.816 Y99.678 E2.12937
G1 X105.96 Y99.313 E2.14335
G1 X106.302 Y99.139 E2.15702
G1 E.15702 F2400
G92 E0
G1 X106.302 Y99.139 F7800
G1 X105.272 Y102.768
G1 E2 F2400
G1 F3600
G1 X105.582 Y102.869 E2.01161
G1 X105.463 Y102.969 E2.01715
G1 X105.301 Y102.92 E2.02318
G1 X105.177 Y102.377 E2.04302
G1 X105.936 Y102.595 E2.07115
G1 X105.962 Y102.819 E2.07918
G1 X105.755 Y103.21 E2.09494
G1 X105.565 Y103.311 E2.10261
G1 X105.176 Y103.271 E2.11654
G1 X105.025 Y103.145 E2.12355
G1 X104.91 Y102.786 E2.13698
G1 X105.013 Y102.474 E2.14868
G1 X105.135 Y102.365 E2.15451
G1 E.15451 F2400
G92 E0
G1 X105.135 Y102.365 F7800
G1 X102.5 Y101.971
G1 E2 F2400
G1 F3600
G1 X102.809 Y102.078 E2.01165
G1 X102.69 Y102.178 E2.01719
G1 X102.528 Y102.128 E2.02323
G1 X102.409 Y101.58 E2.04321
G1 X103.159 Y101.796 E2.07101
G1 X103.19 Y102.028 E2.07935
G1 X102.982 Y102.419 E2.09513
G1 X102.792 Y102.52 E2.1028
G1 X102.404 Y102.481 E2.11669
G1 X102.252 Y102.354 E2.12375
G1 X102.137 Y101.995 E2.13718
G1 X102.241 Y101.682 E2.14893
G1 X102.367 Y101.568 E2.15498
G1 E.15498 F2400
G92 E0
G1 X102.367 Y101.568 F7800
G1 X119.315 Y104.528
G1 E2 F2400
G1 F3600
G1 X119.604 Y104.128 E2.01758
G1 X119.944 Y103.971 E2.03092
G1 X120.438 Y103.881 E2.04881
G1 X120.449 Y103.532 E2.06125
G1 X121.34 Y103.66 E2.09332
G1 X122.079 Y104.095 E2.12387
G1 X122.585 Y104.787 E2.15441
G1 X122.768 Y105.621 E2.18483
G1 X122.596 Y106.452 E2.21506
G1 X122.106 Y107.13 E2.24486
G1 X121.357 Y107.561 E2.27564
G1 X120.489 Y107.645 E2.30671
G1 X120.044 Y107.545 E2.32296
G1 X119.509 Y107.303 E2.34388
G1 X118.924 Y106.807 E2.3712
G1 X118.717 Y106.514 E2.38398
G1 X118.63 Y106.309 E2.39191
G1 X118.704 Y106.05 E2.40151
G1 X118.713 Y105.14 E2.43393
G1 X118.991 Y104.384 E2.46262
G1 X119.419 Y103.828 E2.48762
G1 X119.845 Y103.634 E2.5043
G1 X120.407 Y103.53 E2.52466
G1 X120.407 Y103.53 F7800
G1 X120.589 Y103.186
G1 F3600
G1 X121.456 Y103.328 E2.55596
G1 X121.909 Y103.536 E2.57372
G1 X122.315 Y103.833 E2.59164
G1 X122.652 Y104.207 E2.60957
G1 X122.906 Y104.643 E2.62755
G1 X123.064 Y105.12 E2.64545
G1 X123.12 Y105.619 E2.66334
G1 X123.071 Y106.118 E2.6812
G1 X122.918 Y106.594 E2.69901
G1 X122.668 Y107.028 E2.71685
G1 X122.342 Y107.391 E2.73423
G1 X121.925 Y107.694 E2.75259
G1 X121.464 Y107.897 E2.77053
G1 X120.966 Y107.999 E2.78864
G1 X120.051 Y107.909 E2.82139
G1 X119.332 Y107.607 E2.84917
G1 X118.657 Y107.035 E2.88069
G1 X118.26 Y106.331 E2.90948
G1 X118.351 Y106.012 E2.9213
G1 X118.367 Y105.078 E2.95458
G1 X118.488 Y104.633 E2.97101
G1 X119.008 Y103.702 E3.009
G1 X119.747 Y103.298 E3.039
G1 X120.546 Y103.184 E3.06775
G1 E1.06775 F2400
G92 E0
G1 X120.546 Y103.184 F7800
G1 X110.594 Y103.804
G1 E2 F2400
;TYPE:Perimeter
;WIDTH:0.45
G1 F900
G1 X110.682 Y103.884 E2.00572
G1 X108.415 Y103.239 E2.11908
G1 X108.374 Y103.062 E2.12782
G1 X108.935 Y101.09 E2.22643
G1 X109.091 Y100.889 E2.23867
G1 X111.322 Y101.524 E2.35024
G1 X111.08 Y101.591 E2.36232
G1 X110.736 Y102.095 E2.39167
G1 X110.453 Y103.09 E2.44142
G1 X110.48 Y103.7 E2.47079
G1 X110.549 Y103.763 E2.47528
G1 X110.549 Y103.763 F7800
G1 X110.904 Y103.626
;WIDTH:0.480575
G1 F900
G1 X111.027 Y103.751 E2.48438
;WIDTH:0.511151
G1 X111.213 Y103.94 E2.49916
G1 X117.015 Y105.591 E2.8353
G1 X117.05 Y106.065 E2.86178
G1 X111.091 Y104.37 E3.20701
G1 X110.687 Y104.271 E3.23019
;WIDTH:0.480575
G1 X110.282 Y104.171 E3.25184
;WIDTH:0.45
G1 X108.091 Y103.548 E3.3614
G1 X107.975 Y103.052 E3.3859
G1 X108.607 Y100.833 E3.49687
G1 X108.976 Y100.455 E3.52228
G1 X111.158 Y101.076 E3.63139
;WIDTH:0.482851
G1 X111.556 Y101.207 E3.65326
;WIDTH:0.515702
G1 X111.954 Y101.337 E3.67683
G1 X117.917 Y103.034 E4.02582
G1 X117.631 Y103.421 E4.05291
G1 X111.83 Y101.771 E4.39241
;WIDTH:0.522042
G1 X111.727 Y101.748 E4.39843
G1 X111.52 Y101.823 E4.411
;WIDTH:0.486021
G1 X111.313 Y101.898 E4.42258
;WIDTH:0.45
G1 X111.107 Y102.201 E4.4402
G1 X110.824 Y103.196 E4.48995
G1 X110.84 Y103.561 E4.50752
;WIDTH:0.480575
G1 X110.861 Y103.583 E4.5091
G1 X110.861 Y103.583 F7800
G1 X111.224 Y103.445
;TYPE:External perimeter
;WIDTH:0.45
G1 F1800
G1 X111.327 Y103.54 E4.51584
G1 X117.43 Y105.276 E4.82102
G1 X117.441 Y105.719 E4.84233
G1 X117.555 Y106.483 E4.87948
G1 X117.525 Y106.632 E4.88679
;TYPE:Overhang perimeter
;WIDTH:0.4
;HEIGHT:0.4
G1 F3600
G1 X107.767 Y103.856 E5.41682
;TYPE:External perimeter
;WIDTH:0.45
;HEIGHT:0.3
G1 F1800
G1 X107.577 Y103.043 E5.45698
G1 X108.263 Y100.633 E5.5775
G1 X108.861 Y100.022 E5.61862
G1 X118.616 Y102.797 E6.10642
G1 X118.585 Y102.904 E6.11178
G1 X118.174 Y103.375 E6.14185
G1 X117.818 Y103.91 E6.17276
G1 X111.716 Y102.173 E6.4779
G1 X111.546 Y102.205 E6.48622
G1 X111.478 Y102.306 E6.49208
G1 X111.194 Y103.301 E6.54185
G1 X111.199 Y103.396 E6.54643
G1 X111.546 Y103.593 F7800
G1 E4.54643 F2400
G92 E0
G1 X108.696 Y103.018 F7800
G1 E2 F2400
;TYPE:Solid infill
G1 F1200
G1 X109.199 Y101.22 E2.0898
G1 X110.694 Y101.646 E2.16457
G1 X110.453 Y102.031 E2.18642
G1 X110.179 Y102.996 E2.23467
G1 X110.189 Y103.443 E2.25617
G1 X108.881 Y103.071 E2.32158
G1 X109.253 Y102.707 E2.34661
;WIDTH:0.58436
G1 X109.512 Y101.78 E2.40903
G1 X110.013 Y101.923 E2.44282
G1 X109.751 Y102.848 E2.50517
;WIDTH:0.58336
G1 X109.438 Y102.759 E2.52623
G1 E.52623 F2400
G92 E0
G1 X109.438 Y102.759 F7800
G92 E0
G1 X107.223 Y114.624
G1 E2 F2400
;TYPE:Support material interface
;WIDTH:0.35
G1 F3600
G1 X107.006 Y114.407 E2.01093
G1 X106.438 Y114.244 E2.03198
G1 X107.029 Y114.835 E2.06175
G1 X106.94 Y115.149 E2.07338
G1 X105.871 Y114.08 E2.12724
G1 X105.303 Y113.916 E2.1483
G1 X106.851 Y115.464 E2.22629
G1 X106.777 Y115.722 E2.23585
G1 X104.736 Y113.753 E2.33688
G1 X104.169 Y113.589 E2.35791
G1 X106.109 Y115.53 E2.45567
G1 X105.542 Y115.367 E2.47669
G1 X103.601 Y113.426 E2.57448
G1 X103.034 Y113.262 E2.59551
G1 X104.975 Y115.203 E2.6933
G1 X104.408 Y115.04 E2.71432
G1 X102.466 Y113.099 E2.81213
G1 X101.899 Y112.935 E2.83316
G1 X103.84 Y114.877 E2.93097
G1 X103.273 Y114.714 E2.95199
G1 X101.335 Y112.775 E3.04965
G1 X100.772 Y112.617 E3.07048
G1 X102.706 Y114.551 E3.16791
G1 X102.139 Y114.387 E3.18894
G1 X100.21 Y112.458 E3.28612
G1 X99.648 Y112.3 E3.30692
G1 X101.572 Y114.224 E3.40385
G1 X101.005 Y114.061 E3.42487
G1 X99.085 Y112.142 E3.52157
G1 X98.523 Y111.983 E3.54238
G1 X100.438 Y113.898 E3.63886
G1 X99.871 Y113.735 E3.65988
G1 X97.961 Y111.825 E3.75611
G1 X97.88 Y111.802 E3.75911
G1 X97.757 Y112.025 E3.76818
G1 X99.304 Y113.572 E3.84612
G1 X98.737 Y113.408 E3.86715
G1 X97.309 Y111.981 E3.93907
G1 X97.309 Y111.981 F7800
G1 X96.984 Y111.67
;TYPE:Support material
G1 F3600
G1 X97.223 Y111.744 E3.94798
G1 X96.936 Y112.462 E3.97553
G1 X96.659 Y112.278 E3.98738
G1 X96.6 Y112.027 E3.99657
G1 X96.659 Y111.856 E4.00301
G1 X96.941 Y111.67 E4.01504
G1 X96.941 Y111.67 F7800
G1 X97.998 Y110.662
G1 F3600
G1 X98.151 Y110.752 E4.02136
G1 X98.167 Y110.892 E4.02638
G1 X97.849 Y110.803 E4.03814
G1 X97.998 Y110.662 E4.04545
G1 X98.008 Y110.312 E4.05792
G1 X98.335 Y110.423 E4.07022
G1 X98.467 Y110.587 E4.07772
G1 X98.506 Y111.016 E4.09307
G1 X98.297 Y111.293 E4.10543
G1 X97.818 Y111.158 E4.12316
G1 X97.612 Y111.223 E4.13086
G1 X97.513 Y111.048 E4.13802
G1 X97.483 Y110.847 E4.14526
G1 X97.625 Y110.482 E4.15921
G1 X97.966 Y110.307 E4.17286
G1 E2.17286 F2400
G92 E0
G1 X97.966 Y110.307 F7800
G1 X97.79 Y113.27
G1 E2 F2400
;TYPE:Support material interface
G1 F3600
G1 X97.52 Y113 E2.0136
G1 X97.552 Y112.628 E2.0269
G1 X98.357 Y113.433 E2.06746
G1 X98.357 Y113.433 F7800
G1 X96.974 Y113.893
;TYPE:Support material
G1 F3600
G1 X97.276 Y113.98 E2.07866
G1 X97.098 Y114.071 E2.08578
G1 X96.983 Y113.966 E2.09133
G1 X96.989 Y113.407 E2.11124
G1 X97.124 Y113.572 E2.11883
G1 X97.661 Y113.727 E2.13874
G1 X97.681 Y113.904 E2.14509
G1 X97.459 Y114.306 E2.16145
G1 X97.264 Y114.409 E2.16931
G1 X96.903 Y114.377 E2.18222
G1 X96.731 Y114.239 E2.19008
G1 X96.619 Y113.886 E2.20327
G1 X96.754 Y113.519 E2.2172
G1 X96.962 Y113.373 E2.22625
G1 E.22625 F2400
G92 E0
G1 X96.962 Y113.373 F7800
G1 X99.729 Y114.686
G1 E2 F2400
G1 F3600
G1 X100.037 Y114.799 E2.01169
G1 X99.917 Y114.9 E2.01728
G1 X99.756 Y114.85 E2.02329
G1 X99.636 Y114.295 E2.04352
G1 X100.383 Y114.51 E2.07121
G1 X100.418 Y114.749 E2.07981
G1 X100.209 Y115.141 E2.09564
G1 X100.018 Y115.242 E2.10334
G1 X99.633 Y115.203 E2.11713
G1 X99.479 Y115.075 E2.12426
G1 X99.364 Y114.717 E2.13766
G1 X99.405 Y114.525 E2.14465
G1 X99.595 Y114.283 E2.15561
G1 E.15561 F2400
G92 E0
G1 X99.595 Y114.283 F7800
G1 X100.786 Y111.439
G1 E2 F2400
G1 F3600
G1 X100.935 Y111.527 E2.00616
G1 X100.95 Y111.676 E2.01149
G1 X100.631 Y111.587 E2.02329
G1 X100.786 Y111.439 E2.03092
G1 X100.796 Y111.088 E2.04343
G1 X101.119 Y111.198 E2.05559
G1 X101.251 Y111.361 E2.06306
G1 X101.291 Y111.791 E2.07844
G1 X101.075 Y112.075 E2.09115
G1 X100.295 Y111.824 E2.12034
G1 X100.266 Y111.623 E2.12757
G1 X100.411 Y111.258 E2.14156
G1 X100.754 Y111.083 E2.15528
G1 E.15528 F2400
G92 E0
G1 X100.754 Y111.083 F7800
G1 X103.56 Y112.223
G1 E2 F2400
G1 F3600
G1 X103.709 Y112.312 E2.00618
G1 X103.724 Y112.469 E2.0118
G1 X103.405 Y112.377 E2.02363
G1 X103.56 Y112.223 E2.03141
G1 X103.571 Y111.873 E2.04388
G1 X103.894 Y111.983 E2.05604
G1 X104.025 Y112.146 E2.06349
G1 X104.065 Y112.576 E2.07887
G1 X103.841 Y112.867 E2.09195
G1 X103.07 Y112.608 E2.12092
G1 X103.041 Y112.408 E2.12812
G1 X103.185 Y112.042 E2.14213
G1 X103.528 Y111.868 E2.15583
G1 E.15583 F2400
G92 E0
G1 X103.528 Y111.868 F7800
G1 X106.334 Y113.007
G1 E2 F2400
G1 F3600
G1 X106.484 Y113.096 E2.00621
G1 X106.493 Y113.267 E2.01231
G1 X106.176 Y113.176 E2.02406
G1 X106.334 Y113.007 E2.0323
G1 X106.345 Y112.656 E2.04481
G1 X106.669 Y112.767 E2.05701
G1 X106.8 Y112.93 E2.06446
G1 X106.84 Y113.359 E2.07981
G1 X106.6 Y113.662 E2.09358
G1 X105.845 Y113.392 E2.12214
G1 X105.816 Y113.191 E2.12937
G1 X105.96 Y112.826 E2.14335
G1 X106.302 Y112.652 E2.15702
G1 E.15702 F2400
G92 E0
G1 X106.302 Y112.652 F7800
G1 X105.272 Y116.281
G1 E2 F2400
G1 F3600
G1 X105.582 Y116.382 E2.01161
G1 X105.463 Y116.482 E2.01715
G1 X105.301 Y116.433 E2.02318
G1 X105.177 Y115.889 E2.04306
G1 X105.936 Y116.108 E2.0712
G1 X105.962 Y116.332 E2.07923
G1 X105.755 Y116.723 E2.09499
G1 X105.565 Y116.824 E2.10266
G1 X105.176 Y116.784 E2.11659
G1 X105.025 Y116.658 E2.1236
G1 X104.91 Y116.298 E2.13706
G1 X105.013 Y115.987 E2.14873
G1 X105.135 Y115.878 E2.15456
G1 E.15456 F2400
G92 E0
G1 X105.135 Y115.878 F7800
G1 X102.5 Y115.483
G1 E2 F2400
G1 F3600
G1 X102.809 Y115.591 E2.01166
G1 X102.69 Y115.691 E2.0172
G1 X102.528 Y115.641 E2.02324
G1 X102.409 Y115.093 E2.04322
G1 X103.159 Y115.309 E2.07102
G1 X103.19 Y115.541 E2.07936
G1 X102.982 Y115.932 E2.09514
G1 X102.792 Y116.033 E2.10281
G1 X102.404 Y115.994 E2.1167
G1 X102.252 Y115.866 E2.12378
G1 X102.137 Y115.508 E2.13718
G1 X102.241 Y115.195 E2.14893
G1 X102.367 Y115.081 E2.15498
G1 E.15498 F2400
G92 E0
G1 X102.367 Y115.081 F7800
G1 X119.315 Y118.041
G1 E2 F2400
G1 F3600
G1 X119.604 Y117.641 E2.01758
G1 X119.944 Y117.484 E2.03092
G1 X120.438 Y117.394 E2.04881
G1 X120.449 Y117.044 E2.06128
G1 X121.34 Y117.173 E2.09335
G1 X122.079 Y117.607 E2.12388
G1 X122.585 Y118.3 E2.15445
G1 X122.768 Y119.134 E2.18487
G1 X122.596 Y119.965 E2.2151
G1 X122.106 Y120.643 E2.2449
G1 X121.357 Y121.074 E2.27568
G1 X120.489 Y121.158 E2.30675
G1 X120.044 Y121.057 E2.32301
G1 X119.509 Y120.816 E2.34391
G1 X118.924 Y120.32 E2.37123
G1 X118.717 Y120.027 E2.38401
G1 X118.63 Y119.822 E2.39194
G1 X118.704 Y119.563 E2.40154
G1 X118.713 Y118.653 E2.43396
G1 X118.991 Y117.896 E2.46269
G1 X119.419 Y117.341 E2.48766
G1 X119.845 Y117.147 E2.50434
G1 X120.407 Y117.043 E2.5247
G1 X120.407 Y117.043 F7800
G1 X120.589 Y116.699
G1 F3600
G1 X121.456 Y116.841 E2.556
G1 X121.909 Y117.049 E2.57376
G1 X122.315 Y117.346 E2.59168
G1 X122.652 Y117.72 E2.60961
G1 X122.906 Y118.155 E2.62755
G1 X123.064 Y118.633 E2.64548
G1 X123.12 Y119.132 E2.66337
G1 X123.071 Y119.63 E2.6812
G1 X122.918 Y120.107 E2.69905
G1 X122.668 Y120.541 E2.71689
G1 X122.342 Y120.904 E2.73427
G1 X121.925 Y121.207 E2.75263
G1 X121.464 Y121.41 E2.77057
G1 X120.966 Y121.512 E2.78868
G1 X120.051 Y121.422 E2.82143
G1 X119.332 Y121.12 E2.84921
G1 X118.657 Y120.548 E2.88073
G1 X118.26 Y119.844 E2.90952
G1 X118.351 Y119.525 E2.92134
G1 X118.367 Y118.591 E2.95462
G1 X118.488 Y118.145 E2.97108
G1 X119.008 Y117.215 E3.00904
G1 X119.747 Y116.811 E3.03904
G1 X120.546 Y116.697 E3.06779
G1 E1.06779 F2400
G92 E0
G1 X120.546 Y116.697 F7800
G1 X110.594 Y117.316
G1 E2 F2400
;TYPE:Perimeter
;WIDTH:0.45
G1 F900
G1 X110.682 Y117.397 E2.00575
G1 X108.415 Y116.752 E2.11911
G1 X108.374 Y116.575 E2.12785
G1 X108.935 Y114.603 E2.22646
G1 X109.091 Y114.402 E2.2387
G1 X111.322 Y115.037 E2.35027
G1 X111.08 Y115.104 E2.36235
G1 X110.736 Y115.608 E2.3917
G1 X110.453 Y116.603 E2.44145
G1 X110.48 Y117.212 E2.47077
G1 X110.549 Y117.276 E2.4753
G1 X110.549 Y117.276 F7800
G1 X110.904 Y117.139
;WIDTH:0.480575
G1 F900
G1 X111.027 Y117.264 E2.4844
;WIDTH:0.511151
G1 X111.213 Y117.453 E2.49918
G1 X117.015 Y119.104 E2.83532
G1 X117.05 Y119.578 E2.8618
G1 X111.091 Y117.883 E3.20703
G1 X110.687 Y117.783 E3.23022
;WIDTH:0.480575
G1 X110.282 Y117.684 E3.25186
;WIDTH:0.45
G1 X108.091 Y117.061 E3.36142
G1 X107.975 Y116.565 E3.38592
G1 X108.607 Y114.345 E3.49694
G1 X108.976 Y113.968 E3.52231
G1 X111.158 Y114.589 E3.63142
;WIDTH:0.482851
G1 X111.556 Y114.719 E3.65327
;WIDTH:0.515702
G1 X111.954 Y114.85 E3.67686
G1 X117.917 Y116.546 E4.02584
G1 X117.631 Y116.934 E4.05297
G1 X111.83 Y115.284 E4.39247
;WIDTH:0.522042
G1 X111.727 Y115.261 E4.39849
G1 X111.52 Y115.336 E4.41106
;WIDTH:0.486021
G1 X111.313 Y115.411 E4.42264
;WIDTH:0.45
G1 X111.107 Y115.713 E4.44022
G1 X110.824 Y116.709 E4.49002
G1 X110.84 Y117.074 E4.50759
;WIDTH:0.480575
G1 X110.861 Y117.096 E4.50917
G1 X110.861 Y117.096 F7800
G1 X111.224 Y116.958
;TYPE:External perimeter
;WIDTH:0.45
G1 F1800
G1 X111.327 Y117.053 E4.51591
G1 X117.43 Y118.789 E4.82109
G1 X117.441 Y119.232 E4.8424
G1 X117.555 Y119.996 E4.87955
G1 X117.525 Y120.145 E4.88686
;TYPE:Overhang perimeter
;WIDTH:0.4
;HEIGHT:0.4
G1 F3600
G1 X107.767 Y117.369 E5.41689
;TYPE:External perimeter
;WIDTH:0.45
;HEIGHT:0.3
G1 F1800
G1 X107.577 Y116.556 E5.45705
G1 X108.263 Y114.146 E5.57757
G1 X108.861 Y113.535 E5.61869
G1 X118.616 Y116.31 E6.10649
G1 X118.585 Y116.417 E6.11185
G1 X118.174 Y116.888 E6.14192
G1 X117.818 Y117.422 E6.17279
G1 X111.716 Y115.686 E6.47792
G1 X111.546 Y115.718 E6.48624
G1 X111.478 Y115.819 E6.4921
G1 X111.194 Y116.814 E6.54187
G1 X111.199 Y116.909 E6.54645
G1 X111.546 Y117.106 F7800
G1 E4.54645 F2400
G92 E0
G1 X108.696 Y116.531 F7800
G1 E2 F2400
;TYPE:Solid infill
G1 F1200
G1 X109.199 Y114.733 E2.0898
G1 X110.694 Y115.159 E2.16457
G1 X110.453 Y115.544 E2.18642
G1 X110.179 Y116.509 E2.23467
G1 X110.189 Y116.956 E2.25617
G1 X108.881 Y116.584 E2.32158
G1 X109.253 Y116.219 E2.34665
;WIDTH:0.58436
G1 X109.512 Y115.293 E2.40901
G1 X110.013 Y115.436 E2.4428
G1 X109.751 Y116.361 E2.50515
;WIDTH:0.58336
G1 X109.438 Y116.272 E2.52621
G1 E.52621 F2400
G92 E0
G1 X109.438 Y116.272 F7800
G92 E0
G1 X107.223 Y128.137
G1 E2 F2400
;TYPE:Support material interface
;WIDTH:0.35
G1 F3600
G1 X107.006 Y127.92 E2.01093
G1 X106.438 Y127.756 E2.03199
G1 X107.029 Y128.347 E2.06176
G1 X106.94 Y128.662 E2.07342
G1 X105.871 Y127.593 E2.12728
G1 X105.303 Y127.429 E2.14834
G1 X106.851 Y128.976 E2.2263
G1 X106.777 Y129.235 E2.2359
G1 X104.736 Y127.266 E2.33693
G1 X104.169 Y127.102 E2.35796
G1 X106.109 Y129.043 E2.45572
G1 X105.542 Y128.879 E2.47675
G1 X103.601 Y126.939 E2.57451
G1 X103.034 Y126.775 E2.59554
G1 X104.975 Y128.716 E2.69333
G1 X104.408 Y128.553 E2.71435
G1 X102.466 Y126.612 E2.81216
G1 X101.899 Y126.448 E2.83319
G1 X103.84 Y128.39 E2.931
G1 X103.273 Y128.227 E2.95202
G1 X101.335 Y126.288 E3.04968
G1 X100.772 Y126.13 E3.07051
G1 X102.706 Y128.064 E3.16794
G1 X102.139 Y127.9 E3.18897
G1 X100.21 Y125.971 E3.28615
G1 X99.648 Y125.813 E3.30695
G1 X101.572 Y127.737 E3.40388
G1 X101.005 Y127.574 E3.4249
G1 X99.085 Y125.654 E3.52163
G1 X98.523 Y125.496 E3.54243
G1 X100.438 Y127.411 E3.63891
G1 X99.871 Y127.248 E3.65993
G1 X97.961 Y125.338 E3.75616
G1 X97.88 Y125.315 E3.75916
G1 X97.757 Y125.538 E3.76823
G1 X99.304 Y127.084 E3.84614
G1 X98.737 Y126.921 E3.86716
G1 X97.309 Y125.494 E3.93908
G1 X97.309 Y125.494 F7800
G1 X96.984 Y125.183
;TYPE:Support material
G1 F3600
G1 X97.223 Y125.257 E3.94799
G1 X96.936 Y125.975 E3.97554
G1 X96.659 Y125.791 E3.98739
G1 X96.6 Y125.54 E3.99658
G1 X96.659 Y125.369 E4.00302
G1 X96.941 Y125.182 E4.01507
G1 X96.941 Y125.182 F7800
G1 X97.998 Y124.175
G1 F3600
G1 X98.151 Y124.265 E4.02139
G1 X98.167 Y124.405 E4.02641
G1 X97.849 Y124.316 E4.03817
G1 X97.998 Y124.175 E4.04548
G1 X98.008 Y123.824 E4.05799
G1 X98.335 Y123.936 E4.0703
G1 X98.467 Y124.099 E4.07777
G1 X98.506 Y124.529 E4.09315
G1 X98.297 Y124.806 E4.10551
G1 X97.818 Y124.67 E4.12325
G1 X97.612 Y124.736 E4.13096
G1 X97.513 Y124.56 E4.13815
G1 X97.483 Y124.36 E4.14535
G1 X97.625 Y123.995 E4.1593
G1 X97.966 Y123.82 E4.17295
G1 E2.17295 F2400
G92 E0
G1 X97.966 Y123.82 F7800
G1 X97.79 Y126.783
G1 E2 F2400
;TYPE:Support material interface
G1 F3600
G1 X97.52 Y126.512 E2.01363
G1 X97.552 Y126.141 E2.0269
G1 X98.357 Y126.946 E2.06746
G1 X98.357 Y126.946 F7800
G1 X96.974 Y127.406
;TYPE:Support material
G1 F3600
G1 X97.276 Y127.493 E2.07866
G1 X97.098 Y127.584 E2.08578
G1 X96.983 Y127.479 E2.09133
G1 X96.989 Y126.919 E2.11128
G1 X97.124 Y127.085 E2.1189
G1 X97.661 Y127.24 E2.13881
G1 X97.681 Y127.417 E2.14516
G1 X97.459 Y127.819 E2.16152
G1 X97.264 Y127.921 E2.16936
G1 X96.903 Y127.89 E2.18227
G1 X96.731 Y127.752 E2.19013
G1 X96.619 Y127.398 E2.20336
G1 X96.754 Y127.031 E2.21729
G1 X96.962 Y126.886 E2.22632
G1 E.22632 F2400
G92 E0
G1 X96.962 Y126.886 F7800
G1 X99.729 Y128.199
G1 E2 F2400
G1 F3600
G1 X100.037 Y128.312 E2.01169
G1 X99.917 Y128.413 E2.01728
G1 X99.756 Y128.363 E2.02329
G1 X99.636 Y127.808 E2.04352
G1 X100.383 Y128.023 E2.07121
G1 X100.418 Y128.262 E2.07981
G1 X100.209 Y128.653 E2.0956
G1 X100.018 Y128.755 E2.10331
G1 X99.633 Y128.716 E2.1171
G1 X99.479 Y128.588 E2.12423
G1 X99.364 Y128.229 E2.13766
G1 X99.405 Y128.038 E2.14462
G1 X99.595 Y127.796 E2.15558
G1 E.15558 F2400
G92 E0
G1 X99.595 Y127.796 F7800
G1 X100.786 Y124.951
G1 E2 F2400
G1 F3600
G1 X100.935 Y125.04 E2.00618
G1 X100.95 Y125.189 E2.01151
G1 X100.631 Y125.099 E2.02332
G1 X100.786 Y124.951 E2.03095
G1 X100.796 Y124.601 E2.04342
G1 X101.119 Y124.711 E2.05558
G1 X101.251 Y124.874 E2.06305
G1 X101.291 Y125.304 E2.07843
G1 X101.075 Y125.588 E2.09114
G1 X100.295 Y125.336 E2.12034
G1 X100.266 Y125.136 E2.12754
G1 X100.411 Y124.771 E2.14153
G1 X100.754 Y124.596 E2.15525
G1 E.15525 F2400
G92 E0
G1 X100.754 Y124.596 F7800
G1 X103.56 Y125.736
G1 E2 F2400
G1 F3600
G1 X103.709 Y125.825 E2.00618
G1 X103.724 Y125.982 E2.0118
G1 X103.405 Y125.89 E2.02363
G1 X103.56 Y125.736 E2.03141
G1 X103.571 Y125.385 E2.04392
G1 X103.894 Y125.496 E2.05609
G1 X104.025 Y125.659 E2.06354
G1 X104.065 Y126.088 E2.07889
G1 X103.841 Y126.38 E2.092
G1 X103.07 Y126.121 E2.12097
G1 X103.041 Y125.92 E2.1282
G1 X103.185 Y125.555 E2.14218
G1 X103.528 Y125.381 E2.15588
G1 E.15588 F2400
G92 E0
G1 X106.334 Y126.52 F7800
G1 E2 F2400
G1 F3600
G1 X106.484 Y126.608 E2.0062
G1 X106.493 Y126.78 E2.01234
G1 X106.176 Y126.689 E2.02409
G1 X106.334 Y126.52 E2.03233
G1 X106.345 Y126.169 E2.04484
G1 X106.669 Y126.28 E2.05704
G1 X106.8 Y126.443 E2.06449
G1 X106.84 Y126.872 E2.07984
G1 X106.6 Y127.175 E2.09361
G1 X105.845 Y126.905 E2.12217
G1 X105.816 Y126.704 E2.1294
G1 X105.96 Y126.339 E2.14338
G1 X106.302 Y126.165 E2.15705
G1 E.15705 F2400
G92 E0
G1 X106.302 Y126.165 F7800
G1 X105.272 Y129.794
G1 E2 F2400
G1 F3600
G1 X105.582 Y129.895 E2.01161
G1 X105.463 Y129.995 E2.01715
G1 X105.301 Y129.946 E2.02318
G1 X105.177 Y129.402 E2.04306
G1 X105.936 Y129.621 E2.0712
G1 X105.962 Y129.845 E2.07923
G1 X105.755 Y130.236 E2.09499
G1 X105.565 Y130.337 E2.10266
G1 X105.176 Y130.297 E2.11659
G1 X105.025 Y130.171 E2.1236
G1 X104.91 Y129.811 E2.13706
G1 X105.013 Y129.499 E2.14876
G1 X105.135 Y129.39 E2.15459
G1 E.15459 F2400
G92 E0
G1 X105.135 Y129.39 F7800
G1 X102.5 Y128.996
G1 E2 F2400
G1 F3600
G1 X102.809 Y129.103 E2.01165
G1 X102.69 Y129.204 E2.01721
G1 X102.528 Y129.154 E2.02325
G1 X102.409 Y128.606 E2.04323
G1 X103.159 Y128.822 E2.07103
G1 X103.19 Y129.053 E2.07933
G1 X102.982 Y129.444 E2.09511
G1 X102.792 Y129.546 E2.10279
G1 X102.404 Y129.506 E2.11669
G1 X102.252 Y129.379 E2.12375
G1 X102.137 Y129.02 E2.13718
G1 X102.241 Y128.708 E2.1489
G1 X102.367 Y128.594 E2.15495
G1 E.15495 F2400
G92 E0
G1 X102.367 Y128.594 F7800
G1 X119.315 Y131.554
G1 E2 F2400
G1 F3600
G1 X119.604 Y131.154 E2.01758
G1 X119.944 Y130.997 E2.03092
G1 X120.438 Y130.907 E2.04881
G1 X120.449 Y130.557 E2.06128
G1 X121.34 Y130.686 E2.09335
G1 X122.079 Y131.12 E2.12388
G1 X122.585 Y131.813 E2.15445
G1 X122.768 Y132.647 E2.18487
G1 X122.596 Y133.478 E2.2151
G1 X122.106 Y134.155 E2.24487
G1 X121.357 Y134.587 E2.27567
G1 X120.489 Y134.67 E2.30673
G1 X120.044 Y134.57 E2.32298
G1 X119.509 Y134.329 E2.34388
G1 X118.924 Y133.833 E2.3712
G1 X118.717 Y133.54 E2.38398
G1 X118.63 Y133.334 E2.39195
G1 X118.704 Y133.076 E2.40151
G1 X118.713 Y132.166 E2.43393
G1 X118.991 Y131.409 E2.46266
G1 X119.419 Y130.854 E2.48763
G1 X119.845 Y130.66 E2.50431
G1 X120.407 Y130.556 E2.52467
G1 X120.407 Y130.556 F7800
G1 X120.589 Y130.212
G1 F3600
G1 X121.456 Y130.354 E2.55597
G1 X121.909 Y130.562 E2.57373
G1 X122.315 Y130.859 E2.59165
G1 X122.652 Y131.233 E2.60958
G1 X122.906 Y131.668 E2.62752
G1 X123.064 Y132.146 E2.64545
G1 X123.12 Y132.645 E2.66334
G1 X123.071 Y133.143 E2.68117
G1 X122.918 Y133.62 E2.69902
G1 X122.668 Y134.054 E2.71686
G1 X122.342 Y134.417 E2.73424
G1 X121.925 Y134.72 E2.7526
G1 X121.464 Y134.923 E2.77054
G1 X120.966 Y135.025 E2.78865
G1 X120.051 Y134.935 E2.8214
G1 X119.332 Y134.632 E2.8492
G1 X118.657 Y134.061 E2.8807
G1 X118.26 Y133.357 E2.90949
G1 X118.351 Y133.038 E2.92131
G1 X118.367 Y132.104 E2.95459
G1 X118.488 Y131.658 E2.97105
G1 X119.008 Y130.728 E3.00901
G1 X119.747 Y130.324 E3.03901
G1 X120.546 Y130.21 E3.06776
G1 E1.06776 F2400
G92 E0
G1 X120.546 Y130.21 F7800
G1 X110.594 Y130.829
G1 E2 F2400
;TYPE:Perimeter
;WIDTH:0.45
G1 F900
G1 X110.682 Y130.91 E2.00575
G1 X108.415 Y130.265 E2.11911
G1 X108.374 Y130.088 E2.12785
G1 X108.935 Y128.116 E2.22646
G1 X109.091 Y127.915 E2.2387
G1 X111.322 Y128.549 E2.35025
G1 X111.08 Y128.617 E2.36234
G1 X110.736 Y129.121 E2.39169
G1 X110.453 Y130.116 E2.44144
G1 X110.48 Y130.725 E2.47076
G1 X110.549 Y130.789 E2.47529
G1 X110.549 Y130.789 F7800
G1 X110.904 Y130.652
;WIDTH:0.480575
G1 F900
G1 X111.027 Y130.776 E2.48436
;WIDTH:0.511151
G1 X111.213 Y130.966 E2.49918
G1 X117.015 Y132.616 E2.83531
G1 X117.05 Y133.091 E2.86185
G1 X111.091 Y131.395 E3.20709
G1 X110.687 Y131.296 E3.23027
;WIDTH:0.480575
G1 X110.282 Y131.197 E3.25191
;WIDTH:0.45
G1 X108.091 Y130.574 E3.36147
G1 X107.975 Y130.078 E3.38597
G1 X108.607 Y127.858 E3.49699
G1 X108.976 Y127.481 E3.52236
G1 X111.158 Y128.102 E3.63147
;WIDTH:0.482851
G1 X111.556 Y128.232 E3.65332
;WIDTH:0.515702
G1 X111.954 Y128.363 E3.67691
G1 X117.917 Y130.059 E4.02589
G1 X117.631 Y130.447 E4.05302
G1 X111.83 Y128.797 E4.39252
;WIDTH:0.522042
G1 X111.727 Y128.773 E4.39856
G1 X111.52 Y128.849 E4.41115
;WIDTH:0.486021
G1 X111.313 Y128.924 E4.42273
;WIDTH:0.45
G1 X111.107 Y129.226 E4.44031
G1 X110.824 Y130.222 E4.49011
G1 X110.84 Y130.587 E4.50768
;WIDTH:0.480575
G1 X110.861 Y130.609 E4.50926
G1 X110.861 Y130.609 F7800
G1 X111.224 Y130.471
;TYPE:External perimeter
;WIDTH:0.45
G1 F1800
G1 X111.327 Y130.565 E4.51597
G1 X117.43 Y132.302 E4.82116
G1 X117.441 Y132.745 E4.84247
G1 X117.555 Y133.509 E4.87962
G1 X117.525 Y133.658 E4.88693
;TYPE:Overhang perimeter
;WIDTH:0.4
;HEIGHT:0.4
G1 F3600
G1 X107.767 Y130.882 E5.41696
;TYPE:External perimeter
;WIDTH:0.45
;HEIGHT:0.3
G1 F1800
G1 X107.577 Y130.069 E5.45712
G1 X108.263 Y127.659 E5.57764
G1 X108.861 Y127.047 E5.61879
G1 X118.616 Y129.823 E6.1066
G1 X118.585 Y129.93 E6.11196
G1 X118.174 Y130.401 E6.14203
G1 X117.818 Y130.935 E6.1729
G1 X111.716 Y129.199 E6.47803
G1 X111.546 Y129.231 E6.48635
G1 X111.478 Y129.332 E6.49221
G1 X111.194 Y130.327 E6.54198
G1 X111.199 Y130.422 E6.54656
G1 X111.546 Y130.619 F7800
G1 E4.54656 F2400
G92 E0
G1 X108.696 Y130.044 F7800
G1 E2 F2400
;TYPE:Solid infill
G1 F1200
G1 X109.199 Y128.246 E2.0898
G1 X110.694 Y128.672 E2.16457
G1 X110.453 Y129.057 E2.18642
G1 X110.179 Y130.022 E2.23467
G1 X110.189 Y130.469 E2.25617
G1 X108.881 Y130.097 E2.32158
G1 X109.253 Y129.732 E2.34665
;WIDTH:0.58436
G1 X109.512 Y128.806 E2.40901
G1 X110.013 Y128.949 E2.4428
G1 X109.751 Y129.874 E2.50515
;WIDTH:0.58336
G1 X109.438 Y129.785 E2.52621
M106 S175.95
;LAYER_CHANGE
;Z:1.25
;HEIGHT:0.3
G1 Z1.25 F7800
G1 E.52621 F2400
G92 E0
G92 E0
G1 X122.851 Y91.885 F7800
G1 E2 F2400
;TYPE:Support material
;WIDTH:0.35
G1 F3600
G1 X123.209 Y91.603 E2.01623
G1 X123.544 Y91.461 E2.02919
G1 X124.108 Y91.38 E2.04949
G1 X124.118 Y91.03 E2.06196
G1 X124.895 Y91.157 E2.09001
G1 X125.304 Y91.347 E2.10608
G1 X125.928 Y91.922 E2.13631
G1 X126.273 Y92.703 E2.16673
G1 X126.274 Y93.546 E2.19676
G1 X125.923 Y94.324 E2.22717
G1 X125.281 Y94.887 E2.25759
G1 X124.443 Y95.139 E2.28876
G1 X123.974 Y95.123 E2.30548
G1 X123.437 Y94.99 E2.32519
G1 X122.685 Y94.547 E2.35628
G1 X122.413 Y94.256 E2.37047
G1 X122.096 Y93.597 E2.39652
G1 X122.041 Y92.749 E2.42679
G1 X122.155 Y92.318 E2.44267
G1 X122.459 Y91.79 E2.46437
G1 X123.04 Y91.294 E2.49158
G1 X123.435 Y91.127 E2.50686
G1 X124.075 Y91.028 E2.52993
G1 X124.075 Y91.028 F7800
G1 X124.46 Y90.69
G1 F3600
G1 X125.011 Y90.826 E2.55015
G1 X125.484 Y91.045 E2.56872
G1 X125.881 Y91.343 E2.5864
G1 X126.213 Y91.717 E2.60422
G1 X126.463 Y92.153 E2.62212
G1 X126.617 Y92.63 E2.63998
G1 X126.633 Y93.497 E2.67087
G1 X126.459 Y94.101 E2.69326
G1 X126.206 Y94.534 E2.71113
G1 X125.865 Y94.904 E2.72905
G1 X125.452 Y95.195 E2.74705
G1 X124.981 Y95.394 E2.76527
G1 X124.469 Y95.49 E2.78383
G1 X123.925 Y95.472 E2.80322
G1 X123.317 Y95.321 E2.82554
G1 X122.856 Y95.096 E2.84381
G1 X122.132 Y94.467 E2.87798
G1 X121.758 Y93.693 E2.9086
G1 X121.695 Y92.688 E2.94447
G1 X121.948 Y91.933 E2.97284
G1 X122.488 Y91.251 E3.00383
G1 X123.326 Y90.794 E3.03783
G1 X123.761 Y90.69 E3.05376
G1 X124.417 Y90.688 E3.07713
G1 E1.07713 F2400
G92 E0
G1 X124.417 Y90.688 F7800
G1 X109.982 Y87.049
G1 E2 F2400
G1 F3600
G1 X110.022 Y87.138 E2.00348
G1 X109.952 Y87.204 E2.00691
G1 X109.955 Y86.699 E2.0249
G1 X110.057 Y86.7 E2.02853
G1 X110.219 Y86.771 E2.03483
G1 X110.382 Y87.068 E2.0469
G1 X110.362 Y87.251 E2.05346
G1 X110.17 Y87.564 E2.06654
G1 X109.919 Y87.693 E2.07659
G1 X109.701 Y87.565 E2.0856
G1 X109.584 Y87.203 E2.09915
G1 X109.652 Y86.876 E2.11105
G1 X109.912 Y86.699 E2.12225
G1 E.12225 F2400
G92 E0
G1 X109.912 Y86.699 F7800
G1 X107.207 Y86.265
G1 E2 F2400
G1 F3600
G1 X107.248 Y86.354 E2.00349
G1 X107.178 Y86.421 E2.00694
G1 X107.18 Y85.915 E2.02497
G1 X107.283 Y85.915 E2.02864
G1 X107.444 Y85.986 E2.03491
G1 X107.608 Y86.284 E2.04703
G1 X107.587 Y86.467 E2.05359
G1 X107.395 Y86.78 E2.06667
G1 X107.145 Y86.91 E2.07671
G1 X106.927 Y86.782 E2.08572
G1 X106.809 Y86.418 E2.09935
G1 X106.877 Y86.092 E2.11121
G1 X107.137 Y85.915 E2.12241
G1 E.12241 F2400
G92 E0
G1 X107.137 Y85.915 F7800
G1 X104.433 Y85.48
G1 E2 F2400
G1 F3600
G1 X104.473 Y85.57 E2.00351
G1 X104.403 Y85.636 E2.00694
G1 X104.406 Y85.13 E2.02497
G1 X104.509 Y85.131 E2.02864
G1 X104.669 Y85.201 E2.03486
G1 X104.833 Y85.499 E2.04698
G1 X104.813 Y85.682 E2.05354
G1 X104.62 Y85.996 E2.06667
G1 X104.37 Y86.126 E2.07671
G1 X104.152 Y85.998 E2.08572
G1 X104.034 Y85.633 E2.09939
G1 X104.103 Y85.307 E2.11126
G1 X104.363 Y85.13 E2.12246
G1 E.12246 F2400
G92 E0
G1 X104.363 Y85.13 F7800
G1 X101.644 Y84.706
G1 E2 F2400
G1 F3600
G1 X101.686 Y84.795 E2.00351
G1 X101.62 Y84.858 E2.00676
G1 X101.617 Y84.356 E2.02464
G1 X101.717 Y84.357 E2.0282
G1 X101.882 Y84.428 E2.0346
G1 X102.046 Y84.727 E2.04675
G1 X102.025 Y84.909 E2.05328
G1 X101.843 Y85.214 E2.06593
G1 X101.593 Y85.343 E2.07595
G1 X101.373 Y85.212 E2.08507
G1 X101.249 Y84.857 E2.09847
G1 X101.315 Y84.533 E2.11025
G1 X101.575 Y84.356 E2.12145
G1 X101.575 Y84.356 F7800
G1 X100.649 Y85.796
G1 F3600
G1 X100.797 Y85.85 E2.12706
G1 X100.901 Y86.041 E2.13481
G1 X100.826 Y86.267 E2.14329
G1 X100.611 Y86.354 E2.15155
G1 X100.431 Y86.269 E2.15864
G1 X100.349 Y86.076 E2.16611
G1 X100.469 Y85.846 E2.17535
G1 X100.606 Y85.796 E2.18055
G1 E.18055 F2400
G92 E0
G1 X100.606 Y85.796 F7800
G1 X100.776 Y87.886
G1 E2 F2400
G1 F3600
G1 X100.693 Y88.051 E2.00658
G1 X100.882 Y87.446 E2.02916
G1 X100.984 Y87.478 E2.03297
G1 X101.123 Y87.735 E2.04338
G1 X101.077 Y88.19 E2.05967
G1 X100.785 Y88.404 E2.07257
G1 X100.481 Y88.339 E2.08364
G1 X100.377 Y88.223 E2.08919
G1 X100.331 Y87.913 E2.10035
G1 X100.488 Y87.642 E2.11151
G1 X100.841 Y87.435 E2.12609
G1 E.12609 F2400
G92 E0
G1 X100.841 Y87.435 F7800
G1 X103.522 Y88.717
G1 E2 F2400
G1 F3600
G1 X103.459 Y88.87 E2.00589
G1 X103.667 Y88.263 E2.02875
G1 X103.74 Y88.285 E2.03147
G1 X103.877 Y88.506 E2.04073
G1 X103.831 Y89.01 E2.05876
G1 X103.709 Y89.148 E2.06532
G1 X103.383 Y89.22 E2.07721
G1 X103.134 Y89.038 E2.0882
G1 X103.088 Y88.727 E2.0994
G1 X103.246 Y88.47 E2.11015
G1 X103.626 Y88.251 E2.12577
G1 E.12577 F2400
G92 E0
G1 X103.626 Y88.251 F7800
G1 X106.294 Y89.509
G1 E2 F2400
G1 F3600
G1 X106.232 Y89.66 E2.00582
G1 X106.439 Y89.058 E2.0285
G1 X106.512 Y89.08 E2.03122
G1 X106.649 Y89.302 E2.04051
G1 X106.604 Y89.801 E2.05836
G1 X106.482 Y89.938 E2.0649
G1 X106.156 Y90.01 E2.07679
G1 X105.907 Y89.828 E2.08778
G1 X105.862 Y89.509 E2.09926
G1 X106.019 Y89.261 E2.10972
G1 X106.398 Y89.046 E2.12524
G1 E.12524 F2400
G92 E0
G1 X106.398 Y89.046 F7800
G1 X109.067 Y90.302
G1 E2 F2400
G1 F3600
G1 X108.996 Y90.446 E2.00572
G1 X109.211 Y89.854 E2.02816
G1 X109.284 Y89.876 E2.03088
G1 X109.42 Y90.098 E2.04015
G1 X109.377 Y90.591 E2.05778
G1 X109.255 Y90.728 E2.06432
G1 X108.93 Y90.8 E2.07618
G1 X108.68 Y90.618 E2.0872
G1 X108.635 Y90.299 E2.09868
G1 X108.792 Y90.052 E2.10911
G1 X109.17 Y89.842 E2.12451
G1 E.12451 F2400
G92 E0
G1 X109.17 Y89.842 F7800
G1 X113.97 Y91.645
G1 E2 F2400
;TYPE:Perimeter
;WIDTH:0.45
G1 F900
G1 X111.935 Y91.066 E2.10176
G1 X111.881 Y91.001 E2.10582
G1 X112.692 Y88.152 E2.24829
G1 X112.745 Y88.09 E2.25221
G1 X114.784 Y88.671 E2.35418
G1 X114.595 Y88.798 E2.36513
G1 X113.848 Y91.425 E2.49649
G1 X113.941 Y91.593 E2.50573
G1 X114.42 Y91.887 F7800
G1 F900
G1 X114.619 Y92.239 E2.52518
G1 X111.597 Y91.371 E2.6764
G1 X111.478 Y91.009 E2.69473
G1 X112.359 Y87.912 E2.84959
G1 X112.653 Y87.663 E2.86812
G1 X115.582 Y88.492 E3.01453
G1 X114.966 Y88.904 E3.05017
G1 X114.219 Y91.531 E3.18153
G1 X114.39 Y91.835 E3.19831
G1 E1.19831 F2400
G92 E0
G1 X114.39 Y91.835 F7800
G1 X120.569 Y93.932
G1 E2 F2400
;WIDTH:0.435151
G1 F900
G1 X114.619 Y92.239 E2.28608
G1 E.28608 F2400
G92 E0
G1 X114.619 Y92.239 F7800
G1 X115.582 Y88.492
G1 E2 F2400
;WIDTH:0.440369
G1 F900
G1 X115.678 Y88.515 E2.00463
;WIDTH:0.431741
G1 X121.608 Y90.202 E2.28712
G1 E.28712 F2400
G92 E0
G1 X121.608 Y90.202 F7800
G1 X114.656 Y91.756
G1 E2 F2400
;TYPE:External perimeter
;WIDTH:0.45
G1 F1800
G1 X114.722 Y91.875 E2.00654
G1 X120.88 Y93.627 E2.31447
G1 X121.078 Y94.384 E2.3521
G1 X121.063 Y94.465 E2.35606
G1 X111.294 Y91.686 E2.84456
G1 X111.075 Y91.017 E2.87842
G1 X112.021 Y87.693 E3.04464
G1 X112.56 Y87.236 E3.07863
G1 X122.329 Y90.015 E3.56713
G1 X122.318 Y90.053 E3.56903
G1 X121.726 Y90.627 E3.60869
G1 X115.575 Y88.877 E3.91627
G1 X115.337 Y89.009 E3.92936
G1 X114.59 Y91.637 E4.06076
G1 X114.627 Y91.703 E4.0644
G1 X114.955 Y91.932 F7800
G1 E2.0644 F2400
G92 E0
G1 X112.911 Y88.438 F7800
G1 E2 F2400
;TYPE:Solid infill
G1 F1200
G1 X114.286 Y88.829 E2.06875
G1 X113.6 Y91.239 E2.18927
G1 X112.225 Y90.848 E2.25802
G1 X112.858 Y88.624 E2.36923
G1 X113.223 Y88.999 E2.3944
;WIDTH:0.586119
G1 X113.725 Y89.142 E2.42837
G1 X113.288 Y90.679 E2.53235
G1 X112.786 Y90.536 E2.56632
G1 X113.171 Y89.184 E2.6578
G1 E.6578 F2400
G92 E0
G1 X113.171 Y89.184 F7800
G92 E0
G1 X119.224 Y104.366
G1 E2 F2400
;TYPE:Support material
;WIDTH:0.35
G1 F3600
G1 X119.582 Y104.083 E2.01626
G1 X119.917 Y103.942 E2.02921
G1 X120.481 Y103.86 E2.04951
G1 X120.491 Y103.511 E2.06195
G1 X121.267 Y103.638 E2.08996
G1 X121.677 Y103.828 E2.10606
G1 X122.3 Y104.403 E2.13626
G1 X122.646 Y105.183 E2.16666
G1 X122.647 Y106.027 E2.19673
G1 X122.296 Y106.805 E2.22714
G1 X121.654 Y107.368 E2.25756
G1 X120.815 Y107.619 E2.28876
G1 X120.346 Y107.604 E2.30548
G1 X119.81 Y107.471 E2.32515
G1 X119.058 Y107.028 E2.35624
G1 X118.786 Y106.736 E2.37046
G1 X118.468 Y106.078 E2.39649
G1 X118.414 Y105.23 E2.42676
G1 X118.527 Y104.799 E2.44263
G1 X118.832 Y104.271 E2.46435
G1 X119.413 Y103.775 E2.49156
G1 X119.808 Y103.608 E2.50684
G1 X120.448 Y103.509 E2.52991
G1 X120.448 Y103.509 F7800
G1 X120.833 Y103.17
G1 F3600
G1 X121.384 Y103.306 E2.55013
G1 X121.857 Y103.526 E2.56871
G1 X122.254 Y103.823 E2.58637
G1 X122.586 Y104.198 E2.60421
G1 X122.835 Y104.633 E2.62207
G1 X122.99 Y105.111 E2.63997
G1 X123.006 Y105.978 E2.67086
G1 X122.832 Y106.582 E2.69325
G1 X122.579 Y107.015 E2.71112
G1 X122.238 Y107.385 E2.72904
G1 X121.825 Y107.676 E2.74704
G1 X121.354 Y107.875 E2.76526
G1 X120.842 Y107.971 E2.78382
G1 X120.298 Y107.952 E2.80321
G1 X119.69 Y107.802 E2.82552
G1 X119.228 Y107.577 E2.84383
G1 X118.505 Y106.948 E2.87797
G1 X118.131 Y106.174 E2.90859
G1 X118.068 Y105.169 E2.94446
G1 X118.32 Y104.414 E2.97281
G1 X118.861 Y103.731 E3.00385
G1 X119.699 Y103.274 E3.03785
G1 X120.134 Y103.171 E3.05377
G1 X120.79 Y103.169 E3.07714
G1 E1.07714 F2400
G92 E0
G1 X120.79 Y103.169 F7800
G1 X106.354 Y99.53
G1 E2 F2400
G1 F3600
G1 X106.395 Y99.619 E2.00349
G1 X106.325 Y99.685 E2.00692
G1 X106.328 Y99.18 E2.02491
G1 X106.43 Y99.18 E2.02854
G1 X106.591 Y99.251 E2.03481
G1 X106.755 Y99.549 E2.04693
G1 X106.734 Y99.732 E2.05349
G1 X106.542 Y100.045 E2.06657
G1 X106.292 Y100.174 E2.07659
G1 X106.074 Y100.046 E2.0856
G1 X105.956 Y99.683 E2.0992
G1 X106.024 Y99.357 E2.11106
G1 X106.285 Y99.18 E2.12229
G1 E.12229 F2400
G92 E0
G1 X106.285 Y99.18 F7800
G1 X103.58 Y98.746
G1 E2 F2400
G1 F3600
G1 X103.62 Y98.835 E2.00348
G1 X103.55 Y98.902 E2.00693
G1 X103.553 Y98.396 E2.02496
G1 X103.656 Y98.396 E2.02863
G1 X103.817 Y98.467 E2.0349
G1 X103.98 Y98.765 E2.047
G1 X103.96 Y98.948 E2.05356
G1 X103.768 Y99.261 E2.06664
G1 X103.517 Y99.39 E2.07669
G1 X103.3 Y99.262 E2.08567
G1 X103.182 Y98.899 E2.09927
G1 X103.25 Y98.573 E2.11113
G1 X103.51 Y98.395 E2.12235
G1 E.12235 F2400
G92 E0
G1 X103.51 Y98.395 F7800
G1 X100.805 Y97.961
G1 E2 F2400
G1 F3600
G1 X100.846 Y98.05 E2.00349
G1 X100.776 Y98.117 E2.00694
G1 X100.779 Y97.611 E2.02497
G1 X100.881 Y97.611 E2.0286
G1 X101.042 Y97.682 E2.03487
G1 X101.206 Y97.98 E2.04699
G1 X101.186 Y98.163 E2.05355
G1 X100.993 Y98.477 E2.06668
G1 X100.743 Y98.606 E2.0767
G1 X100.525 Y98.478 E2.08571
G1 X100.407 Y98.114 E2.09934
G1 X100.476 Y97.788 E2.11121
G1 X100.736 Y97.611 E2.12241
G1 E.12241 F2400
G92 E0
G1 X100.736 Y97.611 F7800
G1 X98.017 Y97.187
G1 E2 F2400
G1 F3600
G1 X98.059 Y97.276 E2.00351
G1 X97.992 Y97.338 E2.00676
G1 X97.99 Y96.837 E2.02461
G1 X98.09 Y96.837 E2.02817
G1 X98.255 Y96.909 E2.03458
G1 X98.419 Y97.207 E2.0467
G1 X98.398 Y97.39 E2.05326
G1 X98.216 Y97.695 E2.06591
G1 X97.966 Y97.823 E2.07592
G1 X97.746 Y97.693 E2.08502
G1 X97.621 Y97.338 E2.09843
G1 X97.688 Y97.014 E2.11022
G1 X97.947 Y96.837 E2.1214
G1 X97.947 Y96.837 F7800
G1 X97.022 Y98.277
G1 F3600
G1 X97.17 Y98.331 E2.12701
G1 X97.274 Y98.522 E2.13476
G1 X97.199 Y98.748 E2.14324
G1 X96.984 Y98.834 E2.15149
G1 X96.804 Y98.75 E2.15857
G1 X96.721 Y98.556 E2.16609
G1 X96.842 Y98.327 E2.17532
G1 X96.979 Y98.277 E2.18052
G1 E.18052 F2400
G92 E0
G1 X96.979 Y98.277 F7800
G1 X97.149 Y100.367
G1 E2 F2400
G1 F3600
G1 X97.066 Y100.532 E2.00658
G1 X97.255 Y99.926 E2.02919
G1 X97.356 Y99.959 E2.03298
G1 X97.496 Y100.216 E2.04341
G1 X97.45 Y100.671 E2.0597
G1 X97.158 Y100.885 E2.0726
G1 X96.854 Y100.82 E2.08367
G1 X96.75 Y100.704 E2.08922
G1 X96.704 Y100.393 E2.10042
G1 X96.861 Y100.123 E2.11155
G1 X97.213 Y99.915 E2.12612
G1 E.12612 F2400
G92 E0
G1 X97.213 Y99.915 F7800
G1 X99.894 Y101.198
G1 E2 F2400
G1 F3600
G1 X99.832 Y101.351 E2.00588
G1 X100.04 Y100.744 E2.02874
G1 X100.113 Y100.765 E2.03145
G1 X100.25 Y100.987 E2.04074
G1 X100.204 Y101.491 E2.05877
G1 X100.082 Y101.629 E2.06533
G1 X99.756 Y101.701 E2.07722
G1 X99.507 Y101.519 E2.08821
G1 X99.461 Y101.208 E2.09941
G1 X99.619 Y100.951 E2.11016
G1 X99.999 Y100.732 E2.12578
G1 E.12578 F2400
G92 E0
G1 X99.999 Y100.732 F7800
G1 X102.667 Y101.99
G1 E2 F2400
G1 F3600
G1 X102.605 Y102.141 E2.00582
G1 X102.812 Y101.539 E2.0285
G1 X102.885 Y101.561 E2.03122
G1 X103.021 Y101.783 E2.04049
G1 X102.977 Y102.281 E2.0583
G1 X102.855 Y102.419 E2.06486
G1 X102.529 Y102.491 E2.07675
G1 X102.28 Y102.309 E2.08774
G1 X102.235 Y101.99 E2.09922
G1 X102.392 Y101.742 E2.10968
G1 X102.771 Y101.527 E2.1252
G1 E.1252 F2400
G92 E0
G1 X102.771 Y101.527 F7800
G1 X105.44 Y102.783
G1 E2 F2400
G1 F3600
G1 X105.369 Y102.926 E2.00569
G1 X105.584 Y102.335 E2.02809
G1 X105.656 Y102.357 E2.03077
G1 X105.793 Y102.579 E2.04006
G1 X105.75 Y103.071 E2.05765
G1 X105.628 Y103.209 E2.06421
G1 X105.303 Y103.281 E2.07607
G1 X105.053 Y103.098 E2.08711
G1 X105.008 Y102.779 E2.09859
G1 X105.164 Y102.533 E2.10897
G1 X105.543 Y102.322 E2.12442
G1 E.12442 F2400
G92 E0
G1 X105.543 Y102.322 F7800
G1 X110.343 Y104.126
G1 E2 F2400
;TYPE:Perimeter
;WIDTH:0.45
G1 F900
G1 X108.308 Y103.547 E2.10176
G1 X108.254 Y103.482 E2.10582
G1 X109.065 Y100.633 E2.24829
G1 X109.118 Y100.571 E2.25221
G1 X111.157 Y101.151 E2.35417
G1 X110.968 Y101.279 E2.36515
G1 X110.221 Y103.906 E2.49651
G1 X110.314 Y104.074 E2.50575
G1 X110.314 Y104.074 F7800
G1 X110.793 Y104.368
G1 F900
G1 X110.992 Y104.719 E2.52516
G1 X107.969 Y103.852 E2.67642
G1 X107.851 Y103.49 E2.69473
G1 X108.732 Y100.393 E2.84959
G1 X109.026 Y100.144 E2.86812
G1 X111.955 Y100.972 E3.01452
G1 X111.339 Y101.385 E3.05019
G1 X110.591 Y104.012 E3.18156
G1 X110.763 Y104.316 E3.19836
G1 E1.19836 F2400
G92 E0
G1 X110.763 Y104.316 F7800
G1 X116.942 Y106.412
G1 E2 F2400
;WIDTH:0.435151
G1 F900
G1 X110.992 Y104.719 E2.28608
G1 E.28608 F2400
G92 E0
G1 X110.992 Y104.719 F7800
G1 X111.955 Y100.972
G1 E2 F2400
;WIDTH:0.440369
G1 F900
G1 X112.051 Y100.995 E2.00463
;WIDTH:0.431741
G1 X117.981 Y102.683 E2.28713
G1 E.28713 F2400
G92 E0
G1 X117.981 Y102.683 F7800
G1 X111.029 Y104.236
G1 E2 F2400
;TYPE:External perimeter
;WIDTH:0.45
G1 F1800
G1 X111.095 Y104.356 E2.00659
G1 X117.253 Y106.108 E2.31452
G1 X117.451 Y106.864 E2.35211
G1 X117.435 Y106.946 E2.35613
G1 X107.667 Y104.167 E2.84458
G1 X107.448 Y103.497 E2.87848
G1 X108.393 Y100.174 E3.04464
G1 X108.933 Y99.717 E3.07866
G1 X118.701 Y102.496 E3.56711
G1 X118.691 Y102.534 E3.569
G1 X118.099 Y103.108 E3.60866
G1 X111.948 Y101.358 E3.91624
G1 X111.71 Y101.49 E3.92933
G1 X110.962 Y104.117 E4.0607
G1 X111 Y104.184 E4.0644
G1 X111.328 Y104.413 F7800
G1 E2.0644 F2400
G92 E0
G1 X109.284 Y100.919 F7800
G1 E2 F2400
;TYPE:Solid infill
G1 F1200
G1 X110.658 Y101.31 E2.06871
G1 X109.973 Y103.72 E2.18921
G1 X108.598 Y103.329 E2.25796
G1 X109.231 Y101.105 E2.36917
G1 X109.596 Y101.48 E2.39434
;WIDTH:0.586119
G1 X110.098 Y101.623 E2.42831
G1 X109.661 Y103.16 E2.53229
G1 X109.159 Y103.017 E2.56626
G1 X109.543 Y101.665 E2.65772
G1 E.65772 F2400
G92 E0
G1 X109.543 Y101.665 F7800
G92 E0
G1 X119.224 Y117.879
G1 E2 F2400
;TYPE:Support material
;WIDTH:0.35
G1 F3600
G1 X119.582 Y117.596 E2.01626
G1 X119.917 Y117.455 E2.02921
G1 X120.481 Y117.373 E2.04951
G1 X120.491 Y117.023 E2.06198
G1 X121.267 Y117.151 E2.09
G1 X121.677 Y117.341 E2.1061
G1 X122.3 Y117.916 E2.1363
G1 X122.646 Y118.696 E2.1667
G1 X122.647 Y119.54 E2.19677
G1 X122.296 Y120.318 E2.22718
G1 X121.654 Y120.881 E2.2576
G1 X120.815 Y121.132 E2.2888
G1 X120.346 Y121.117 E2.30552
G1 X119.81 Y120.984 E2.32519
G1 X119.058 Y120.54 E2.3563
G1 X118.786 Y120.249 E2.37049
G1 X118.468 Y119.59 E2.39656
G1 X118.414 Y118.742 E2.42683
G1 X118.527 Y118.311 E2.4427
G1 X118.832 Y117.784 E2.46439
G1 X119.413 Y117.288 E2.4916
G1 X119.808 Y117.121 E2.50688
G1 X120.448 Y117.022 E2.52995
G1 X120.448 Y117.022 F7800
G1 X120.833 Y116.683
G1 F3600
G1 X121.384 Y116.819 E2.55017
G1 X121.857 Y117.038 E2.56874
G1 X122.254 Y117.336 E2.58642
G1 X122.586 Y117.711 E2.60426
G1 X122.835 Y118.146 E2.62212
G1 X122.99 Y118.623 E2.63999
G1 X123.006 Y119.491 E2.67092
G1 X122.832 Y120.095 E2.69331
G1 X122.579 Y120.527 E2.71114
G1 X122.238 Y120.898 E2.72909
G1 X121.825 Y121.189 E2.74709
G1 X121.354 Y121.388 E2.76531
G1 X120.842 Y121.483 E2.78386
G1 X120.298 Y121.465 E2.80325
G1 X119.69 Y121.315 E2.82556
G1 X119.228 Y121.09 E2.84387
G1 X118.505 Y120.461 E2.87801
G1 X118.131 Y119.687 E2.90863
G1 X118.068 Y118.682 E2.9445
G1 X118.32 Y117.927 E2.97285
G1 X118.861 Y117.244 E3.00389
G1 X119.699 Y116.787 E3.03789
G1 X120.134 Y116.684 E3.05381
G1 X120.79 Y116.682 E3.07718
G1 E1.07718 F2400
G92 E0
G1 X106.354 Y113.043 F7800
G1 E2 F2400
G1 F3600
G1 X106.395 Y113.132 E2.00349
G1 X106.325 Y113.198 E2.00692
G1 X106.328 Y112.693 E2.02491
G1 X106.43 Y112.693 E2.02854
G1 X106.591 Y112.764 E2.03481
G1 X106.755 Y113.062 E2.04693
G1 X106.734 Y113.245 E2.05349
G1 X106.542 Y113.558 E2.06657
G1 X106.292 Y113.687 E2.07659
G1 X106.074 Y113.559 E2.0856
G1 X105.956 Y113.196 E2.0992
G1 X106.024 Y112.87 E2.11106
G1 X106.285 Y112.692 E2.12231
G1 E.12231 F2400
G92 E0
G1 X106.285 Y112.692 F7800
G1 X103.58 Y112.259
G1 E2 F2400
G1 F3600
G1 X103.62 Y112.348 E2.00348
G1 X103.55 Y112.414 E2.00691
G1 X103.553 Y111.909 E2.0249
G1 X103.656 Y111.909 E2.02857
G1 X103.817 Y111.98 E2.03484
G1 X103.98 Y112.278 E2.04694
G1 X103.96 Y112.461 E2.0535
G1 X103.768 Y112.774 E2.06658
G1 X103.517 Y112.903 E2.07663
G1 X103.3 Y112.775 E2.08561
G1 X103.182 Y112.412 E2.09921
G1 X103.25 Y112.085 E2.11111
G1 X103.51 Y111.908 E2.12231
G1 E.12231 F2400
G92 E0
G1 X103.51 Y111.908 F7800
G1 X100.805 Y111.474
G1 E2 F2400
G1 F3600
G1 X100.846 Y111.563 E2.00349
G1 X100.776 Y111.63 E2.00694
G1 X100.779 Y111.124 E2.02497
G1 X100.881 Y111.124 E2.0286
G1 X101.042 Y111.195 E2.03487
G1 X101.206 Y111.493 E2.04699
G1 X101.186 Y111.676 E2.05355
G1 X100.993 Y111.99 E2.06668
G1 X100.743 Y112.119 E2.0767
G1 X100.525 Y111.991 E2.08571
G1 X100.407 Y111.627 E2.09934
G1 X100.476 Y111.3 E2.11125
G1 X100.736 Y111.123 E2.12245
G1 E.12245 F2400
G92 E0
G1 X100.736 Y111.123 F7800
G1 X98.017 Y110.7
G1 E2 F2400
G1 F3600
G1 X98.059 Y110.789 E2.00351
G1 X97.992 Y110.851 E2.00676
G1 X97.99 Y110.35 E2.02461
G1 X98.09 Y110.35 E2.02817
G1 X98.255 Y110.422 E2.03458
G1 X98.419 Y110.72 E2.0467
G1 X98.398 Y110.903 E2.05326
G1 X98.216 Y111.207 E2.06588
G1 X97.966 Y111.336 E2.0759
G1 X97.746 Y111.206 E2.085
G1 X97.621 Y110.851 E2.09841
G1 X97.688 Y110.527 E2.1102
G1 X97.947 Y110.35 E2.12138
G1 X97.947 Y110.35 F7800
G1 X97.022 Y111.79
G1 F3600
G1 X97.17 Y111.844 E2.12699
G1 X97.274 Y112.035 E2.13474
G1 X97.199 Y112.261 E2.14322
G1 X96.984 Y112.347 E2.15147
G1 X96.804 Y112.263 E2.15855
G1 X96.721 Y112.069 E2.16607
G1 X96.842 Y111.84 E2.1753
G1 X96.979 Y111.789 E2.18051
G1 E.18051 F2400
G92 E0
G1 X96.979 Y111.789 F7800
G1 X97.149 Y113.879
G1 E2 F2400
G1 F3600
G1 X97.066 Y114.045 E2.00661
G1 X97.255 Y113.439 E2.02922
G1 X97.356 Y113.472 E2.03301
G1 X97.496 Y113.728 E2.0434
G1 X97.45 Y114.184 E2.05973
G1 X97.158 Y114.398 E2.07263
G1 X96.854 Y114.333 E2.0837
G1 X96.75 Y114.216 E2.08928
G1 X96.704 Y113.906 E2.10044
G1 X96.861 Y113.636 E2.11157
G1 X97.213 Y113.428 E2.12614
G1 E.12614 F2400
G92 E0
G1 X97.213 Y113.428 F7800
G1 X99.894 Y114.711
G1 E2 F2400
G1 F3600
G1 X99.832 Y114.864 E2.00588
G1 X100.04 Y114.257 E2.02874
G1 X100.113 Y114.278 E2.03145
G1 X100.25 Y114.5 E2.04074
G1 X100.204 Y115.004 E2.05877
G1 X100.082 Y115.142 E2.06533
G1 X99.756 Y115.214 E2.07722
G1 X99.507 Y115.032 E2.08821
G1 X99.461 Y114.721 E2.09941
G1 X99.619 Y114.464 E2.11016
G1 X99.999 Y114.244 E2.1258
G1 E.1258 F2400
G92 E0
G1 X99.999 Y114.244 F7800
G1 X102.667 Y115.503
G1 E2 F2400
G1 F3600
G1 X102.605 Y115.654 E2.00582
G1 X102.812 Y115.052 E2.0285
G1 X102.885 Y115.074 E2.03122
G1 X103.021 Y115.296 E2.04049
G1 X102.977 Y115.794 E2.0583
G1 X102.855 Y115.932 E2.06486
G1 X102.529 Y116.004 E2.07675
G1 X102.28 Y115.821 E2.08776
G1 X102.235 Y115.502 E2.09924
G1 X102.392 Y115.255 E2.10967
G1 X102.771 Y115.04 E2.12519
G1 E.12519 F2400
G92 E0
G1 X102.771 Y115.04 F7800
G1 X105.44 Y116.296
G1 E2 F2400
G1 F3600
G1 X105.369 Y116.439 E2.00569
G1 X105.584 Y115.848 E2.02809
G1 X105.656 Y115.87 E2.03077
G1 X105.793 Y116.091 E2.04003
G1 X105.75 Y116.584 E2.05766
G1 X105.628 Y116.722 E2.06422
G1 X105.303 Y116.794 E2.07608
G1 X105.053 Y116.611 E2.08712
G1 X105.008 Y116.292 E2.0986
G1 X105.164 Y116.046 E2.10898
G1 X105.543 Y115.835 E2.12443
G1 E.12443 F2400
G92 E0
G1 X105.543 Y115.835 F7800
G1 X110.343 Y117.639
G1 E2 F2400
;TYPE:Perimeter
;WIDTH:0.45
G1 F900
G1 X108.308 Y117.06 E2.10176
G1 X108.254 Y116.995 E2.10582
G1 X109.065 Y114.145 E2.24834
G1 X109.118 Y114.084 E2.25223
G1 X111.157 Y114.664 E2.35419
G1 X110.968 Y114.792 E2.36517
G1 X110.221 Y117.419 E2.49653
G1 X110.314 Y117.587 E2.50577
G1 X110.314 Y117.587 F7800
G1 X110.793 Y117.881
G1 F900
G1 X110.992 Y118.232 E2.52518
G1 X107.969 Y117.365 E2.67644
G1 X107.851 Y117.002 E2.6948
G1 X108.732 Y113.906 E2.84962
G1 X109.026 Y113.657 E2.86815
G1 X111.955 Y114.485 E3.01455
G1 X111.339 Y114.898 E3.05022
G1 X110.591 Y117.525 E3.18159
G1 X110.763 Y117.829 E3.19839
G1 E1.19839 F2400
G92 E0
G1 X110.763 Y117.829 F7800
G1 X116.942 Y119.925
G1 E2 F2400
;WIDTH:0.435151
G1 F900
G1 X110.992 Y118.232 E2.28608
G1 E.28608 F2400
G92 E0
G1 X110.992 Y118.232 F7800
G1 X111.955 Y114.485
G1 E2 F2400
;WIDTH:0.440369
G1 F900
G1 X112.051 Y114.508 E2.00463
;WIDTH:0.431741
G1 X117.981 Y116.196 E2.28713
G1 E.28713 F2400
G92 E0
G1 X117.981 Y116.196 F7800
G1 X111.029 Y117.749
G1 E2 F2400
;TYPE:External perimeter
;WIDTH:0.45
G1 F1800
G1 X111.095 Y117.868 E2.00654
G1 X117.253 Y119.621 E2.31449
G1 X117.451 Y120.377 E2.35208
G1 X117.435 Y120.459 E2.3561
G1 X107.667 Y117.679 E2.84456
G1 X107.448 Y117.01 E2.87842
G1 X108.393 Y113.687 E3.04458
G1 X108.933 Y113.23 E3.0786
G1 X118.701 Y116.009 E3.56705
G1 X118.691 Y116.047 E3.56894
G1 X118.099 Y116.62 E3.60857
G1 X111.948 Y114.87 E3.91615
G1 X111.71 Y115.003 E3.92926
G1 X110.962 Y117.63 E4.06063
G1 X110.999 Y117.697 E4.06431
G1 X111.328 Y117.926 F7800
G1 E2.06431 F2400
G92 E0
G1 X109.284 Y114.432 F7800
G1 E2 F2400
;TYPE:Solid infill
G1 F1200
G1 X110.658 Y114.823 E2.06871
G1 X109.973 Y117.233 E2.18921
G1 X108.598 Y116.842 E2.25796
G1 X109.231 Y114.618 E2.36917
G1 X109.596 Y114.993 E2.39434
;WIDTH:0.586119
G1 X110.098 Y115.135 E2.42829
G1 X109.661 Y116.673 E2.53234
G1 X109.159 Y116.53 E2.56631
G1 X109.543 Y115.178 E2.65777
G1 E.65777 F2400
G92 E0
G1 X109.543 Y115.178 F7800
G92 E0
G1 X119.224 Y131.392
G1 E2 F2400
;TYPE:Support material
;WIDTH:0.35
G1 F3600
G1 X119.582 Y131.109 E2.01626
G1 X119.917 Y130.968 E2.02921
G1 X120.481 Y130.886 E2.04951
G1 X120.491 Y130.536 E2.06198
G1 X121.267 Y130.664 E2.09
G1 X121.677 Y130.853 E2.10608
G1 X122.3 Y131.429 E2.13631
G1 X122.646 Y132.209 E2.16671
G1 X122.647 Y133.053 E2.19678
G1 X122.296 Y133.831 E2.22719
G1 X121.654 Y134.394 E2.25761
G1 X120.815 Y134.645 E2.28881
G1 X120.346 Y134.63 E2.30553
G1 X119.81 Y134.497 E2.3252
G1 X119.058 Y134.053 E2.35631
G1 X118.786 Y133.762 E2.3705
G1 X118.468 Y133.103 E2.39657
G1 X118.414 Y132.255 E2.42684
G1 X118.527 Y131.824 E2.44271
G1 X118.832 Y131.297 E2.4644
G1 X119.413 Y130.801 E2.49161
G1 X119.808 Y130.634 E2.50689
G1 X120.448 Y130.535 E2.52996
G1 X120.833 Y130.196 F7800
G1 F3600
G1 X121.384 Y130.332 E2.55018
G1 X121.857 Y130.551 E2.56875
G1 X122.254 Y130.849 E2.58643
G1 X122.586 Y131.224 E2.60427
G1 X122.835 Y131.659 E2.62213
G1 X122.99 Y132.136 E2.64
G1 X123.006 Y133.004 E2.67093
G1 X122.832 Y133.608 E2.69332
G1 X122.579 Y134.04 E2.71115
G1 X122.238 Y134.41 E2.72907
G1 X121.825 Y134.702 E2.74709
G1 X121.354 Y134.901 E2.76531
G1 X120.842 Y134.996 E2.78386
G1 X120.298 Y134.978 E2.80325
G1 X119.69 Y134.828 E2.82556
G1 X119.228 Y134.603 E2.84387
G1 X118.505 Y133.974 E2.87801
G1 X118.131 Y133.2 E2.90863
G1 X118.068 Y132.194 E2.94454
G1 X118.32 Y131.439 E2.97289
G1 X118.861 Y130.757 E3.0039
G1 X119.699 Y130.3 E3.0379
G1 X120.134 Y130.197 E3.05382
G1 X120.79 Y130.195 E3.07719
G1 E1.07719 F2400
G92 E0
G1 X106.354 Y126.556 F7800
G1 E2 F2400
G1 F3600
G1 X106.395 Y126.645 E2.00349
G1 X106.325 Y126.711 E2.00692
G1 X106.328 Y126.206 E2.02491
G1 X106.43 Y126.206 E2.02854
G1 X106.591 Y126.277 E2.03481
G1 X106.755 Y126.575 E2.04693
G1 X106.734 Y126.758 E2.05349
G1 X106.542 Y127.07 E2.06654
G1 X106.292 Y127.2 E2.07658
G1 X106.074 Y127.072 E2.08559
G1 X105.956 Y126.709 E2.09919
G1 X106.024 Y126.382 E2.11109
G1 X106.285 Y126.205 E2.12232
G1 E.12232 F2400
G92 E0
G1 X106.285 Y126.205 F7800
G1 X103.58 Y125.772
G1 E2 F2400
G1 F3600
G1 X103.62 Y125.861 E2.00348
G1 X103.55 Y125.927 E2.00691
G1 X103.553 Y125.421 E2.02494
G1 X103.656 Y125.422 E2.02861
G1 X103.817 Y125.493 E2.03488
G1 X103.98 Y125.79 E2.04695
G1 X103.96 Y125.973 E2.05351
G1 X103.768 Y126.287 E2.06662
G1 X103.517 Y126.416 E2.07667
G1 X103.3 Y126.288 E2.08565
G1 X103.182 Y125.925 E2.09925
G1 X103.25 Y125.598 E2.11115
G1 X103.51 Y125.421 E2.12235
G1 E.12235 F2400
G92 E0
G1 X103.51 Y125.421 F7800
G1 X100.805 Y124.987
G1 E2 F2400
G1 F3600
G1 X100.846 Y125.076 E2.00349
G1 X100.776 Y125.143 E2.00694
G1 X100.779 Y124.636 E2.025
G1 X100.881 Y124.637 E2.02863
G1 X101.042 Y124.708 E2.0349
G1 X101.206 Y125.005 E2.04699
G1 X101.186 Y125.189 E2.05358
G1 X100.993 Y125.503 E2.06671
G1 X100.743 Y125.632 E2.07673
G1 X100.525 Y125.504 E2.08574
G1 X100.407 Y125.14 E2.09937
G1 X100.476 Y124.813 E2.11128
G1 X100.736 Y124.636 E2.12248
G1 E.12248 F2400
G92 E0
G1 X100.736 Y124.636 F7800
G1 X98.017 Y124.213
G1 E2 F2400
G1 F3600
G1 X98.059 Y124.302 E2.00351
G1 X97.992 Y124.364 E2.00676
G1 X97.99 Y123.863 E2.02461
G1 X98.09 Y123.863 E2.02817
G1 X98.255 Y123.935 E2.03458
G1 X98.419 Y124.233 E2.0467
G1 X98.398 Y124.416 E2.05326
G1 X98.216 Y124.72 E2.06588
G1 X97.966 Y124.849 E2.0759
G1 X97.746 Y124.719 E2.085
G1 X97.621 Y124.364 E2.09841
G1 X97.688 Y124.04 E2.1102
G1 X97.947 Y123.863 E2.12138
G1 X97.947 Y123.863 F7800
G1 X97.022 Y125.303
G1 F3600
G1 X97.17 Y125.357 E2.12699
G1 X97.274 Y125.548 E2.13474
G1 X97.199 Y125.774 E2.14322
G1 X96.984 Y125.86 E2.15147
G1 X96.804 Y125.776 E2.15855
G1 X96.721 Y125.582 E2.16607
G1 X96.842 Y125.353 E2.1753
G1 X96.979 Y125.302 E2.18051
G1 E.18051 F2400
G92 E0
G1 X96.979 Y125.302 F7800
G1 X97.149 Y127.392
G1 E2 F2400
G1 F3600
G1 X97.066 Y127.558 E2.00661
G1 X97.255 Y126.952 E2.02922
G1 X97.356 Y126.985 E2.03301
G1 X97.496 Y127.241 E2.0434
G1 X97.45 Y127.697 E2.05973
G1 X97.158 Y127.911 E2.07263
G1 X96.854 Y127.846 E2.0837
G1 X96.75 Y127.729 E2.08928
G1 X96.704 Y127.419 E2.10044
G1 X96.861 Y127.149 E2.11157
G1 X97.213 Y126.941 E2.12614
G1 E.12614 F2400
G92 E0
G1 X97.213 Y126.941 F7800
G1 X99.894 Y128.224
G1 E2 F2400
G1 F3600
G1 X99.832 Y128.376 E2.00585
G1 X100.04 Y127.769 E2.02871
G1 X100.113 Y127.791 E2.03143
G1 X100.25 Y128.013 E2.04072
G1 X100.204 Y128.517 E2.05875
G1 X100.082 Y128.655 E2.06531
G1 X99.756 Y128.726 E2.0772
G1 X99.507 Y128.544 E2.08819
G1 X99.461 Y128.233 E2.09939
G1 X99.619 Y127.977 E2.11011
G1 X99.999 Y127.757 E2.12575
G1 E.12575 F2400
G92 E0
G1 X99.999 Y127.757 F7800
G1 X102.667 Y129.016
G1 E2 F2400
G1 F3600
G1 X102.605 Y129.166 E2.00578
G1 X102.812 Y128.565 E2.02842
G1 X102.885 Y128.587 E2.03114
G1 X103.021 Y128.809 E2.04041
G1 X102.977 Y129.307 E2.05822
G1 X102.855 Y129.445 E2.06478
G1 X102.529 Y129.516 E2.07667
G1 X102.28 Y129.334 E2.08766
G1 X102.235 Y129.015 E2.09914
G1 X102.392 Y128.768 E2.10957
G1 X102.771 Y128.553 E2.12509
G1 E.12509 F2400
G92 E0
G1 X102.771 Y128.553 F7800
G1 X105.44 Y129.809
G1 E2 F2400
G1 F3600
G1 X105.369 Y129.952 E2.00569
G1 X105.584 Y129.361 E2.02809
G1 X105.656 Y129.382 E2.03076
G1 X105.793 Y129.604 E2.04005
G1 X105.75 Y130.097 E2.05768
G1 X105.628 Y130.234 E2.06422
G1 X105.303 Y130.306 E2.07608
G1 X105.053 Y130.124 E2.0871
G1 X105.008 Y129.805 E2.09858
G1 X105.164 Y129.559 E2.10896
G1 X105.543 Y129.348 E2.12441
G1 E.12441 F2400
G92 E0
G1 X105.543 Y129.348 F7800
G1 X110.343 Y131.152
G1 E2 F2400
;TYPE:Perimeter
;WIDTH:0.45
G1 F900
G1 X108.308 Y130.573 E2.10176
G1 X108.254 Y130.508 E2.10582
G1 X109.065 Y127.658 E2.24834
G1 X109.118 Y127.597 E2.25223
G1 X111.157 Y128.177 E2.35419
G1 X110.968 Y128.305 E2.36517
G1 X110.221 Y130.932 E2.49653
G1 X110.314 Y131.1 E2.50577
G1 X110.314 Y131.1 F7800
G1 X110.793 Y131.394
G1 F900
G1 X110.992 Y131.745 E2.52518
G1 X107.969 Y130.877 E2.67645
G1 X107.851 Y130.515 E2.69476
G1 X108.732 Y127.418 E2.84962
G1 X109.026 Y127.17 E2.86812
G1 X111.955 Y127.998 E3.01452
G1 X111.339 Y128.41 E3.05016
G1 X110.591 Y131.038 E3.18158
G1 X110.763 Y131.341 E3.19834
G1 E1.19834 F2400
G92 E0
G1 X110.763 Y131.341 F7800
G1 X116.942 Y133.438
G1 E2 F2400
;WIDTH:0.435151
G1 F900
G1 X110.992 Y131.745 E2.28608
G1 E.28608 F2400
G92 E0
G1 X110.992 Y131.745 F7800
G1 X111.955 Y127.998
G1 E2 F2400
;WIDTH:0.440369
G1 F900
G1 X112.051 Y128.021 E2.00463
;WIDTH:0.431741
G1 X117.981 Y129.708 E2.28712
G1 E.28712 F2400
G92 E0
G1 X117.981 Y129.708 F7800
G1 X111.029 Y131.262
G1 E2 F2400
;TYPE:External perimeter
;WIDTH:0.45
G1 F1800
G1 X111.095 Y131.381 E2.00654
G1 X117.253 Y133.133 E2.31447
G1 X117.451 Y133.89 E2.3521
G1 X117.435 Y133.972 E2.35612
G1 X107.667 Y131.192 E2.84458
G1 X107.448 Y130.523 E2.87844
G1 X108.393 Y127.2 E3.0446
G1 X108.933 Y126.743 E3.07862
G1 X118.701 Y129.522 E3.56707
G1 X118.691 Y129.559 E3.56891
G1 X118.099 Y130.133 E3.60857
G1 X111.948 Y128.383 E3.91615
G1 X111.71 Y128.516 E3.92926
G1 X110.962 Y131.143 E4.06063
G1 X110.999 Y131.21 E4.06431
G1 X111.328 Y131.439 F7800
G1 E2.06431 F2400
G92 E0
G1 X109.284 Y127.945 F7800
G1 E2 F2400
;TYPE:Solid infill
G1 F1200
G1 X110.658 Y128.336 E2.06871
G1 X109.973 Y130.746 E2.18921
G1 X108.598 Y130.355 E2.25796
G1 X109.231 Y128.13 E2.36922
G1 X109.596 Y128.505 E2.39439
;WIDTH:0.586119
G1 X110.098 Y128.648 E2.42836
G1 X109.661 Y130.185 E2.53234
G1 X109.159 Y130.043 E2.56629
G1 X109.543 Y128.691 E2.65775
M106 S170.85
;LAYER_CHANGE
;Z:1.55
;HEIGHT:0.3
G1 Z1.55 F7800
G1 E.65775 F2400
G92 E0
G1 X109.543 Y128.691 F7800
G92 E0
G1 X122.467 Y92.379
G1 E2 F2400
;TYPE:Support material
;WIDTH:0.35
G1 F3600
G1 X122.782 Y91.896 E2.02054
G1 X123.069 Y91.655 E2.03389
G1 X123.432 Y91.467 E2.04845
G1 X123.866 Y91.365 E2.06433
G1 X123.87 Y91.015 E2.0768
G1 X124.779 Y91.136 E2.10947
G1 X125.586 Y91.597 E2.14258
G1 X126.069 Y92.283 E2.17247
G1 X126.239 Y93.115 E2.20272
G1 X126.054 Y93.942 E2.23291
G1 X125.545 Y94.619 E2.26308
G1 X124.776 Y95.033 E2.29419
G1 X124.318 Y95.107 E2.31072
G1 X123.761 Y95.072 E2.3306
G1 X123.39 Y94.991 E2.34413
G1 X122.769 Y94.65 E2.36937
G1 X122.253 Y94.073 E2.39695
G1 X121.977 Y93.25 E2.42787
G1 X122 Y92.422 E2.45738
G1 X122.528 Y91.652 E2.49064
G1 X122.871 Y91.365 E2.50657
G1 X123.321 Y91.134 E2.52459
G1 X123.828 Y91.014 E2.54315
G1 X123.828 Y91.014 F7800
G1 X124.041 Y90.667
G1 F3600
G1 X124.889 Y90.801 E2.57373
G1 X125.382 Y91.023 E2.59299
G1 X125.823 Y91.335 E2.61223
G1 X126.147 Y91.708 E2.62983
G1 X126.392 Y92.143 E2.64762
G1 X126.542 Y92.62 E2.66543
G1 X126.591 Y93.118 E2.68326
G1 X126.534 Y93.615 E2.70108
G1 X126.374 Y94.089 E2.7189
G1 X125.954 Y94.701 E2.74534
G1 X125.351 Y95.177 E2.77271
G1 X124.871 Y95.372 E2.79117
G1 X124.335 Y95.459 E2.81051
G1 X123.281 Y95.325 E2.84836
G1 X122.554 Y94.927 E2.87789
G1 X121.95 Y94.253 E2.91013
G1 X121.734 Y93.781 E2.92862
G1 X121.626 Y93.282 E2.94681
G1 X121.651 Y92.372 E2.97924
G1 X122.274 Y91.408 E3.02013
G1 X122.673 Y91.074 E3.03867
G1 X123.21 Y90.801 E3.06013
G1 X123.998 Y90.667 E3.0886
G1 E1.0886 F2400
G92 E0
G1 X123.998 Y90.667 F7800
G1 X110.056 Y86.743
G1 E2 F2400
G1 F3600
G1 X110.227 Y86.851 E2.0072
G1 X110.275 Y86.992 E2.01251
G1 X110.174 Y87.254 E2.02251
G1 X109.729 Y87.128 E2.03899
G1 X109.759 Y86.864 E2.04846
G1 X110.014 Y86.731 E2.05871
G1 E.05871 F2400
G92 E0
G1 X110.014 Y86.731 F7800
G1 X107.281 Y85.958
G1 E2 F2400
G1 F3600
G1 X107.452 Y86.066 E2.0072
G1 X107.5 Y86.208 E2.01254
G1 X107.399 Y86.47 E2.02254
G1 X106.955 Y86.344 E2.03898
G1 X106.985 Y86.079 E2.04848
G1 X107.24 Y85.946 E2.05873
G1 E.05873 F2400
G92 E0
G1 X107.24 Y85.946 F7800
G1 X104.507 Y85.173
G1 E2 F2400
G1 F3600
G1 X104.678 Y85.281 E2.0072
G1 X104.726 Y85.422 E2.01251
G1 X104.623 Y85.685 E2.02257
G1 X104.18 Y85.56 E2.03897
G1 X104.211 Y85.294 E2.04851
G1 X104.465 Y85.161 E2.05872
G1 E.05872 F2400
G92 E0
G1 X104.465 Y85.161 F7800
G1 X101.721 Y84.377
G1 E2 F2400
G1 F3600
G1 X101.918 Y84.509 E2.00845
G1 X101.94 Y84.796 E2.0187
G1 X101.86 Y84.905 E2.02352
G1 X101.501 Y84.935 E2.03635
G1 X101.391 Y84.831 E2.04174
G1 X101.363 Y84.569 E2.05113
G1 X101.441 Y84.449 E2.05623
G1 X101.679 Y84.369 E2.06517
G1 E.06517 F2400
G92 E0
G1 X101.679 Y84.369 F7800
G1 X100.69 Y87.821
G1 E2 F2400
G1 F3600
G1 X100.971 Y88.1 E2.01411
G1 X100.807 Y88.348 E2.0247
G1 X100.649 Y88.387 E2.0305
G1 X100.443 Y88.267 E2.03899
G1 X100.397 Y88.136 E2.04394
G1 X100.493 Y87.867 E2.05411
G1 X100.661 Y87.79 E2.06069
G1 E.06069 F2400
G92 E0
G1 X100.661 Y87.79 F7800
G1 X103.294 Y88.698
G1 E2 F2400
G1 F3600
G1 X103.712 Y88.817 E2.01548
G1 X103.682 Y89.046 E2.02371
G1 X103.579 Y89.145 E2.0288
G1 X103.413 Y89.184 E2.03487
G1 X103.206 Y89.06 E2.04347
G1 X103.163 Y88.93 E2.04835
G1 X103.252 Y88.687 E2.05757
G1 E.05757 F2400
G92 E0
G1 X103.252 Y88.687 F7800
G1 X106.068 Y89.487
G1 E2 F2400
G1 F3600
G1 X106.484 Y89.605 E2.0154
G1 X106.456 Y89.835 E2.02365
G1 X106.353 Y89.933 E2.02871
G1 X106.186 Y89.973 E2.03483
G1 X105.979 Y89.848 E2.04344
G1 X105.936 Y89.718 E2.04832
G1 X106.027 Y89.475 E2.05756
G1 E.05756 F2400
G92 E0
G1 X106.027 Y89.475 F7800
G1 X108.842 Y90.275
G1 E2 F2400
G1 F3600
G1 X109.256 Y90.393 E2.01534
G1 X109.229 Y90.624 E2.02363
G1 X109.127 Y90.722 E2.02867
G1 X108.959 Y90.762 E2.03482
G1 X108.752 Y90.637 E2.04343
G1 X108.709 Y90.507 E2.04831
G1 X108.801 Y90.263 E2.0576
G1 E.0576 F2400
G92 E0
G1 X108.801 Y90.263 F7800
G1 X113.733 Y91.849
G1 E2 F2400
;TYPE:Perimeter
;WIDTH:0.45
G1 F900
G1 X111.797 Y91.298 E2.09681
G1 X112.072 Y90.332 E2.14512
G1 X112.107 Y89.947 E2.16371
G1 X112.034 Y89.672 E2.17739
G1 X111.783 Y89.431 E2.19413
G1 X112.123 Y89.359 E2.21085
G1 X112.33 Y89.163 E2.22456
G1 X112.498 Y88.832 E2.24241
G1 X112.782 Y87.836 E2.29222
G1 X114.713 Y88.385 E2.38878
G1 X113.749 Y91.791 E2.55903
G1 X113.749 Y91.791 F7800
G1 X114.299 Y92.305
G1 F900
G1 X114.369 Y92.431 E2.56596
G1 X111.504 Y91.615 E2.70924
G1 X111.389 Y91.322 E2.72438
G1 X111.701 Y90.227 E2.77914
G1 X111.724 Y89.99 E2.79059
G1 X111.68 Y89.824 E2.79885
;WIDTH:0.450486
G1 X111.304 Y89.496 E2.82288
;WIDTH:0.450669
G1 X111.084 Y89.432 E2.83392
;TYPE:Overhang perimeter
;WIDTH:0.4
;HEIGHT:0.4
M106 S255
G1 X101.647 Y86.724 E3.34685
G1 X101.74 Y86.357 E3.36663
G1 X111.19 Y89.061 E3.88016
M106 S170.85
;TYPE:Perimeter
;WIDTH:0.450669
;HEIGHT:0.3
G1 X111.411 Y89.125 E3.89125
;WIDTH:0.450486
G1 X111.902 Y89.043 E3.91522
;WIDTH:0.45
G1 X112.026 Y88.925 E3.92345
G1 X112.127 Y88.727 E3.93414
G1 X112.448 Y87.599 E3.99055
G1 X112.7 Y87.411 E4.00567
G1 X115.498 Y88.208 E4.1456
G1 X115.085 Y88.487 E4.16957
G1 X114.1 Y91.947 E4.3426
G1 X114.27 Y92.252 E4.35939
G1 X114.27 Y92.252 F7800
G1 X114.524 Y92.179
;TYPE:External perimeter
;WIDTH:0.499563
G1 F1800
G1 X114.531 Y92.196 E4.36039
;WIDTH:0.549126
G1 X114.59 Y92.339 E4.36974
G1 X120.736 Y94.088 E4.75608
G1 X120.935 Y94.648 E4.79201
G1 X114.458 Y92.805 E5.19915
G1 X113.985 Y92.696 E5.2285
;WIDTH:0.499563
G1 X113.511 Y92.587 E5.2549
;WIDTH:0.45
G1 X111.216 Y91.934 E5.36966
G1 X110.982 Y91.342 E5.40028
G1 X111.33 Y90.121 E5.46134
G1 X111.326 Y89.977 E5.46827
G1 X111.202 Y89.868 E5.47621
G1 X110.978 Y89.804 E5.48741
;TYPE:Overhang perimeter
;WIDTH:0.4
;HEIGHT:0.4
M106 S255
G1 F3600
G1 X101.248 Y87.008 E6.01632
G1 X101.27 Y86.617 E6.03678
G1 X101.38 Y86.226 E6.058
G1 X101.558 Y85.908 E6.07704
G1 X105.317 Y86.967 E6.28107
G1 X111.295 Y88.69 E6.6061
M106 S170.85
;TYPE:External perimeter
;WIDTH:0.45
;HEIGHT:0.3
G1 F1800
G1 X111.518 Y88.754 E6.61726
G1 X111.682 Y88.727 E6.62525
G1 X111.757 Y88.621 E6.6315
G1 X112.113 Y87.367 E6.6942
G1 X112.622 Y86.988 E6.72472
G1 X114.927 Y87.644 E6.83998
;WIDTH:0.497388
G1 X115.383 Y87.798 E6.86597
;WIDTH:0.544777
G1 X115.838 Y87.953 E6.89477
G1 X122.312 Y89.795 E7.29807
;WIDTH:0.544776
G1 X121.853 Y90.164 E7.33336
G1 X115.707 Y88.415 E7.71623
;WIDTH:0.548418
G1 X115.666 Y88.405 E7.71878
G1 X115.561 Y88.499 E7.72729
;WIDTH:0.499209
G1 X115.456 Y88.593 E7.73493
;WIDTH:0.45
G1 X114.471 Y92.053 E7.90796
;WIDTH:0.499563
G1 X114.501 Y92.124 E7.91214
G1 X114.798 Y92.391 F7800
G1 E5.91214 F2400
G92 E0
G1 X112.351 Y89.768 F7800
G1 E2 F2400
;TYPE:Solid infill
;WIDTH:0.45
G1 F1200
G1 X112.393 Y89.951 E2.00903
G1 X112.35 Y90.411 E2.03125
G1 X112.154 Y91.099 E2.06566
G1 X113.529 Y91.49 E2.13441
G1 X114.355 Y88.584 E2.27971
G1 X112.981 Y88.193 E2.34842
G1 X112.778 Y88.908 E2.38417
G1 X112.539 Y89.36 E2.40876
G1 X112.307 Y89.58 E2.42414
G1 X112.738 Y89.703 E2.4457
G1 X112.861 Y89.579 E2.4541
;WIDTH:0.498194
G1 X112.965 Y89.435 E2.46371
;WIDTH:0.546388
G1 X113.069 Y89.292 E2.47434
;WIDTH:0.594582
G1 X113.172 Y89.149 E2.48599
G1 X113.293 Y88.754 E2.51331
;WIDTH:0.586118
G1 X113.795 Y88.896 E2.54726
;WIDTH:0.594582
G1 X113.664 Y89.342 E2.578
G1 X113.632 Y89.541 E2.59133
;WIDTH:0.546388
G1 X113.6 Y89.741 E2.60351
;WIDTH:0.498194
G1 X113.569 Y89.94 E2.61441
G1 X113.49 Y90.127 E2.62539
;WIDTH:0.54645
G1 X113.412 Y90.314 E2.63757
;WIDTH:0.594676
G1 X113.334 Y90.501 E2.65097
G1 X113.217 Y90.929 E2.68032
;WIDTH:0.586117
G1 X112.715 Y90.787 E2.71427
;WIDTH:0.594676
G1 X112.815 Y90.407 E2.74026
G1 X112.796 Y90.236 E2.75164
;WIDTH:0.559588
G1 X112.778 Y90.065 E2.76226
;WIDTH:0.5245
G1 X112.759 Y89.895 E2.77208
;WIDTH:0.45
G1 X113.165 Y89.778 E2.7924
;WIDTH:0.489077
G1 X113.128 Y89.816 E2.79521
G1 X113.142 Y89.867 E2.79801
G1 X113.193 Y89.881 E2.80081
G1 X113.23 Y89.843 E2.80362
G1 X113.217 Y89.792 E2.80641
G1 E.80641 F2400
G92 E0
G1 X113.217 Y89.792 F7800
G92 E0
G1 X118.84 Y104.86
G1 E2 F2400
;TYPE:Support material
;WIDTH:0.35
G1 F3600
G1 X119.154 Y104.377 E2.02052
G1 X119.442 Y104.136 E2.0339
G1 X119.805 Y103.948 E2.04846
G1 X120.238 Y103.846 E2.06431
G1 X120.243 Y103.496 E2.07678
G1 X121.152 Y103.616 E2.10944
G1 X121.959 Y104.077 E2.14255
G1 X122.442 Y104.764 E2.17247
G1 X122.612 Y105.596 E2.20272
G1 X122.427 Y106.423 E2.23291
G1 X121.918 Y107.099 E2.26306
G1 X121.149 Y107.514 E2.29419
G1 X120.691 Y107.588 E2.31072
G1 X120.133 Y107.552 E2.33064
G1 X119.763 Y107.472 E2.34413
G1 X119.142 Y107.131 E2.36937
G1 X118.626 Y106.554 E2.39695
G1 X118.35 Y105.731 E2.42787
G1 X118.373 Y104.902 E2.45741
G1 X118.901 Y104.133 E2.49064
G1 X119.244 Y103.845 E2.5066
G1 X119.694 Y103.615 E2.5246
G1 X120.2 Y103.495 E2.54313
G1 X120.2 Y103.495 F7800
G1 X120.414 Y103.148
G1 F3600
G1 X121.261 Y103.282 E2.57368
G1 X121.755 Y103.504 E2.59297
G1 X122.196 Y103.816 E2.61221
G1 X122.52 Y104.189 E2.62981
G1 X122.765 Y104.624 E2.6476
G1 X122.915 Y105.101 E2.66541
G1 X122.964 Y105.599 E2.68324
G1 X122.907 Y106.096 E2.70106
G1 X122.747 Y106.57 E2.71888
G1 X122.326 Y107.182 E2.74534
G1 X121.723 Y107.658 E2.77271
G1 X121.244 Y107.853 E2.79113
G1 X120.708 Y107.94 E2.81047
G1 X119.653 Y107.806 E2.84836
G1 X118.926 Y107.408 E2.87789
G1 X118.323 Y106.734 E2.91011
G1 X118.107 Y106.262 E2.9286
G1 X117.999 Y105.763 E2.94679
G1 X118.024 Y104.853 E2.97922
G1 X118.647 Y103.889 E3.02011
G1 X119.046 Y103.555 E3.03865
G1 X119.583 Y103.281 E3.06013
G1 X120.371 Y103.148 E3.0886
G1 E1.0886 F2400
G92 E0
G1 X120.371 Y103.148 F7800
G1 X106.428 Y99.224
G1 E2 F2400
G1 F3600
G1 X106.6 Y99.332 E2.00724
G1 X106.648 Y99.473 E2.01255
G1 X106.546 Y99.735 E2.02257
G1 X106.102 Y99.609 E2.03901
G1 X106.132 Y99.345 E2.04848
G1 X106.387 Y99.212 E2.05873
G1 E.05873 F2400
G92 E0
G1 X106.387 Y99.212 F7800
G1 X103.654 Y98.439
G1 E2 F2400
G1 F3600
G1 X103.825 Y98.547 E2.0072
G1 X103.873 Y98.688 E2.01251
G1 X103.771 Y98.951 E2.02256
G1 X103.327 Y98.825 E2.039
G1 X103.358 Y98.56 E2.0485
G1 X103.613 Y98.427 E2.05875
G1 E.05875 F2400
G92 E0
G1 X103.613 Y98.427 F7800
G1 X100.879 Y97.653
G1 E2 F2400
G1 F3600
G1 X101.051 Y97.762 E2.00725
G1 X101.099 Y97.903 E2.01256
G1 X100.996 Y98.166 E2.02262
G1 X100.553 Y98.041 E2.03902
G1 X100.584 Y97.775 E2.04856
G1 X100.838 Y97.642 E2.05877
G1 E.05877 F2400
G92 E0
G1 X100.838 Y97.642 F7800
G1 X98.094 Y96.858
G1 E2 F2400
G1 F3600
G1 X98.291 Y96.99 E2.00845
G1 X98.313 Y97.276 E2.01867
G1 X98.232 Y97.386 E2.02354
G1 X97.874 Y97.416 E2.03634
G1 X97.764 Y97.312 E2.04173
G1 X97.736 Y97.049 E2.05115
G1 X97.814 Y96.93 E2.05622
G1 X98.052 Y96.85 E2.06516
G1 E.06516 F2400
G92 E0
G1 X98.052 Y96.85 F7800
G1 X97.063 Y100.301
G1 E2 F2400
G1 F3600
G1 X97.344 Y100.581 E2.01413
G1 X97.18 Y100.829 E2.02472
G1 X97.022 Y100.868 E2.03052
G1 X96.816 Y100.748 E2.03901
G1 X96.77 Y100.617 E2.04396
G1 X96.866 Y100.348 E2.05413
G1 X97.033 Y100.271 E2.06068
G1 E.06068 F2400
G92 E0
G1 X97.033 Y100.271 F7800
G1 X99.666 Y101.179
G1 E2 F2400
G1 F3600
G1 X100.085 Y101.298 E2.01552
G1 X100.055 Y101.527 E2.02375
G1 X99.952 Y101.626 E2.02884
G1 X99.786 Y101.665 E2.03491
G1 X99.579 Y101.541 E2.04351
G1 X99.535 Y101.411 E2.0484
G1 X99.625 Y101.168 E2.05763
G1 E.05763 F2400
G92 E0
G1 X99.625 Y101.168 F7800
G1 X102.441 Y101.968
G1 E2 F2400
G1 F3600
G1 X102.857 Y102.086 E2.0154
G1 X102.829 Y102.316 E2.02365
G1 X102.726 Y102.414 E2.02871
G1 X102.559 Y102.454 E2.03483
G1 X102.352 Y102.329 E2.04344
G1 X102.309 Y102.199 E2.04832
G1 X102.399 Y101.956 E2.05755
G1 E.05755 F2400
G92 E0
G1 X102.399 Y101.956 F7800
G1 X105.215 Y102.756
G1 E2 F2400
G1 F3600
G1 X105.629 Y102.873 E2.01533
G1 X105.602 Y103.105 E2.02365
G1 X105.5 Y103.203 E2.02869
G1 X105.332 Y103.243 E2.03484
G1 X105.125 Y103.118 E2.04345
G1 X105.082 Y102.988 E2.04833
G1 X105.174 Y102.744 E2.05762
G1 E.05762 F2400
G92 E0
G1 X105.174 Y102.744 F7800
G1 X110.106 Y104.329
G1 E2 F2400
;TYPE:Perimeter
;WIDTH:0.45
G1 F900
G1 X108.17 Y103.779 E2.0968
G1 X108.444 Y102.813 E2.14509
G1 X108.48 Y102.428 E2.16369
G1 X108.407 Y102.153 E2.17737
G1 X108.156 Y101.912 E2.19411
G1 X108.496 Y101.84 E2.21083
G1 X108.703 Y101.644 E2.22454
G1 X108.871 Y101.313 E2.24239
G1 X109.155 Y100.317 E2.2922
G1 X111.086 Y100.866 E2.38876
G1 X110.122 Y104.272 E2.55901
G1 X110.122 Y104.272 F7800
G1 X110.672 Y104.786
G1 F900
G1 X110.742 Y104.911 E2.5659
G1 X107.877 Y104.096 E2.70916
G1 X107.762 Y103.803 E2.7243
G1 X108.073 Y102.708 E2.77905
G1 X108.096 Y102.47 E2.79055
G1 X108.053 Y102.305 E2.79875
;WIDTH:0.450486
G1 X107.677 Y101.977 E2.82278
;WIDTH:0.450669
G1 X107.457 Y101.913 E2.83382
;TYPE:Overhang perimeter
;WIDTH:0.4
;HEIGHT:0.4
M106 S255
G1 X98.02 Y99.205 E3.34675
G1 X98.113 Y98.838 E3.36653
G1 X107.562 Y101.542 E3.88001
M106 S170.85
;TYPE:Perimeter
;WIDTH:0.450669
;HEIGHT:0.3
G1 X107.784 Y101.605 E3.89113
;WIDTH:0.450486
G1 X108.275 Y101.524 E3.91509
;WIDTH:0.45
G1 X108.399 Y101.406 E3.92332
G1 X108.5 Y101.208 E3.93401
G1 X108.821 Y100.079 E3.99046
G1 X109.073 Y99.892 E4.00555
G1 X111.871 Y100.688 E4.14546
G1 X111.457 Y100.968 E4.1695
G1 X110.473 Y104.428 E4.34251
G1 X110.643 Y104.733 E4.3593
G1 X110.643 Y104.733 F7800
G1 X110.897 Y104.66
;TYPE:External perimeter
;WIDTH:0.499563
G1 F1800
G1 X110.903 Y104.677 E4.36028
;WIDTH:0.549126
G1 X110.963 Y104.82 E4.36966
G1 X117.109 Y106.568 E4.75598
G1 X117.308 Y107.129 E4.79197
G1 X110.83 Y105.286 E5.19917
G1 X110.357 Y105.177 E5.22852
;WIDTH:0.499563
G1 X109.884 Y105.068 E5.25487
;WIDTH:0.45
G1 X107.588 Y104.415 E5.36968
G1 X107.355 Y103.823 E5.40028
G1 X107.703 Y102.602 E5.46134
G1 X107.699 Y102.458 E5.46827
G1 X107.575 Y102.349 E5.47621
G1 X107.351 Y102.284 E5.48743
;TYPE:Overhang perimeter
;WIDTH:0.4
;HEIGHT:0.4
M106 S255
G1 F3600
G1 X97.621 Y99.489 E6.01633
G1 X97.642 Y99.098 E6.03679
G1 X97.753 Y98.707 E6.05802
G1 X97.931 Y98.389 E6.07706
G1 X101.69 Y99.448 E6.28109
G1 X107.668 Y101.171 E6.60612
M106 S170.85
;TYPE:External perimeter
;WIDTH:0.45
;HEIGHT:0.3
G1 F1800
G1 X107.891 Y101.235 E6.61728
G1 X108.054 Y101.207 E6.62523
G1 X108.129 Y101.102 E6.63144
G1 X108.486 Y99.848 E6.69415
G1 X108.995 Y99.469 E6.72467
G1 X111.3 Y100.125 E6.83993
;WIDTH:0.497388
G1 X111.755 Y100.279 E6.86587
;WIDTH:0.544777
G1 X112.211 Y100.434 E6.89473
G1 X118.685 Y102.275 E7.29802
;WIDTH:0.544776
G1 X118.226 Y102.644 E7.33331
G1 X112.08 Y100.896 E7.71617
;WIDTH:0.548418
G1 X112.039 Y100.886 E7.71872
G1 X111.934 Y100.98 E7.72723
;WIDTH:0.499209
G1 X111.828 Y101.074 E7.73491
;WIDTH:0.45
G1 X110.844 Y104.534 E7.90792
;WIDTH:0.499563
G1 X110.874 Y104.605 E7.9121
G1 X111.171 Y104.872 F7800
G1 E5.9121 F2400
G92 E0
G1 X108.723 Y102.249 F7800
G1 E2 F2400
;TYPE:Solid infill
;WIDTH:0.45
G1 F1200
G1 X108.766 Y102.432 E2.00904
G1 X108.723 Y102.892 E2.03126
G1 X108.527 Y103.58 E2.06567
G1 X109.902 Y103.971 E2.13442
G1 X110.728 Y101.065 E2.27972
G1 X109.354 Y100.674 E2.34843
G1 X109.15 Y101.388 E2.38415
G1 X108.912 Y101.841 E2.40876
G1 X108.68 Y102.061 E2.42414
G1 X109.111 Y102.184 E2.4457
G1 X109.234 Y102.059 E2.45413
;WIDTH:0.498194
G1 X109.338 Y101.916 E2.4637
;WIDTH:0.546388
G1 X109.441 Y101.773 E2.47429
;WIDTH:0.594582
G1 X109.545 Y101.63 E2.48598
G1 X109.666 Y101.234 E2.51336
;WIDTH:0.586118
G1 X110.168 Y101.377 E2.54733
;WIDTH:0.594582
G1 X110.037 Y101.823 E2.57807
G1 X110.005 Y102.022 E2.5914
;WIDTH:0.546388
G1 X109.973 Y102.222 E2.60358
;WIDTH:0.498194
G1 X109.942 Y102.421 E2.61448
G1 X109.863 Y102.608 E2.62546
;WIDTH:0.54645
G1 X109.785 Y102.795 E2.63764
;WIDTH:0.594676
G1 X109.707 Y102.982 E2.65104
G1 X109.589 Y103.41 E2.6804
;WIDTH:0.586117
G1 X109.088 Y103.267 E2.7143
;WIDTH:0.594676
G1 X109.187 Y102.887 E2.74027
G1 X109.169 Y102.717 E2.75158
;WIDTH:0.559588
G1 X109.15 Y102.546 E2.76221
;WIDTH:0.5245
G1 X109.132 Y102.376 E2.77202
;WIDTH:0.45
G1 X109.538 Y102.259 E2.79234
;WIDTH:0.489077
G1 X109.501 Y102.296 E2.79511
G1 X109.514 Y102.348 E2.79795
G1 X109.566 Y102.361 E2.80079
G1 X109.603 Y102.324 E2.80356
G1 X109.589 Y102.273 E2.80636
G1 E.80636 F2400
G92 E0
G1 X109.589 Y102.273 F7800
G92 E0
G1 X118.84 Y118.373
G1 E2 F2400
;TYPE:Support material
;WIDTH:0.35
G1 F3600
G1 X119.154 Y117.89 E2.02052
G1 X119.442 Y117.649 E2.0339
G1 X119.805 Y117.461 E2.04846
G1 X120.238 Y117.358 E2.06432
G1 X120.243 Y117.008 E2.07679
G1 X121.152 Y117.129 E2.10946
G1 X121.959 Y117.59 E2.14257
G1 X122.442 Y118.277 E2.17249
G1 X122.612 Y119.109 E2.20274
G1 X122.427 Y119.935 E2.23289
G1 X121.918 Y120.612 E2.26306
G1 X121.149 Y121.027 E2.29419
G1 X120.691 Y121.101 E2.31072
G1 X120.133 Y121.065 E2.33064
G1 X119.763 Y120.985 E2.34413
G1 X119.142 Y120.644 E2.36937
G1 X118.626 Y120.067 E2.39695
G1 X118.35 Y119.243 E2.42791
G1 X118.373 Y118.415 E2.45742
G1 X118.901 Y117.646 E2.49065
G1 X119.244 Y117.358 E2.50661
G1 X119.694 Y117.128 E2.52461
G1 X120.2 Y117.008 E2.54314
G1 X120.2 Y117.008 F7800
G1 X120.414 Y116.661
G1 F3600
G1 X121.261 Y116.795 E2.57369
G1 X121.755 Y117.017 E2.59298
G1 X122.196 Y117.329 E2.61222
G1 X122.52 Y117.702 E2.62982
G1 X122.765 Y118.137 E2.64761
G1 X122.915 Y118.614 E2.66542
G1 X122.964 Y119.112 E2.68325
G1 X122.907 Y119.609 E2.70107
G1 X122.747 Y120.083 E2.71889
G1 X122.326 Y120.695 E2.74535
G1 X121.723 Y121.171 E2.77272
G1 X121.244 Y121.366 E2.79114
G1 X120.708 Y121.453 E2.81048
G1 X119.653 Y121.319 E2.84837
G1 X118.926 Y120.921 E2.8779
G1 X118.323 Y120.246 E2.91014
G1 X118.107 Y119.775 E2.9286
G1 X117.999 Y119.276 E2.94679
G1 X118.024 Y118.366 E2.97922
G1 X118.647 Y117.402 E3.02011
G1 X119.046 Y117.068 E3.03865
G1 X119.583 Y116.794 E3.06013
G1 X120.371 Y116.66 E3.0886
G1 E1.0886 F2400
G92 E0
G1 X120.371 Y116.66 F7800
G1 X106.428 Y112.736
G1 E2 F2400
G1 F3600
G1 X106.6 Y112.845 E2.00725
G1 X106.648 Y112.986 E2.01256
G1 X106.546 Y113.247 E2.02254
G1 X106.102 Y113.122 E2.03897
G1 X106.132 Y112.858 E2.04844
G1 X106.387 Y112.725 E2.05869
G1 E.05869 F2400
G92 E0
G1 X106.387 Y112.725 F7800
G1 X103.654 Y111.952
G1 E2 F2400
G1 F3600
G1 X103.825 Y112.06 E2.0072
G1 X103.873 Y112.201 E2.01251
G1 X103.771 Y112.463 E2.02253
G1 X103.327 Y112.338 E2.03896
G1 X103.358 Y112.073 E2.04846
G1 X103.613 Y111.94 E2.05871
G1 E.05871 F2400
G92 E0
G1 X103.613 Y111.94 F7800
G1 X100.879 Y111.166
G1 E2 F2400
G1 F3600
G1 X101.051 Y111.275 E2.00725
G1 X101.099 Y111.416 E2.01256
G1 X100.996 Y111.679 E2.02262
G1 X100.553 Y111.554 E2.03902
G1 X100.584 Y111.288 E2.04856
G1 X100.838 Y111.154 E2.05879
G1 E.05879 F2400
G92 E0
G1 X100.838 Y111.154 F7800
G1 X98.094 Y110.37
G1 E2 F2400
G1 F3600
G1 X98.291 Y110.503 E2.00847
G1 X98.313 Y110.789 E2.01869
G1 X98.232 Y110.899 E2.02356
G1 X97.874 Y110.929 E2.03636
G1 X97.764 Y110.825 E2.04175
G1 X97.736 Y110.562 E2.05117
G1 X97.814 Y110.443 E2.05624
G1 X98.052 Y110.363 E2.06518
G1 E.06518 F2400
G92 E0
G1 X97.063 Y113.814 F7800
G1 E2 F2400
G1 F3600
G1 X97.344 Y114.093 E2.01411
G1 X97.18 Y114.342 E2.02473
G1 X97.022 Y114.381 E2.03053
G1 X96.816 Y114.261 E2.03902
G1 X96.77 Y114.13 E2.04397
G1 X96.866 Y113.861 E2.05414
G1 X97.033 Y113.784 E2.06069
G1 E.06069 F2400
G92 E0
G1 X97.033 Y113.784 F7800
G1 X99.666 Y114.692
G1 E2 F2400
G1 F3600
G1 X100.085 Y114.811 E2.01552
G1 X100.055 Y115.04 E2.02375
G1 X99.952 Y115.138 E2.02881
G1 X99.786 Y115.178 E2.03489
G1 X99.579 Y115.053 E2.0435
G1 X99.535 Y114.923 E2.04839
G1 X99.625 Y114.68 E2.05762
G1 E.05762 F2400
G92 E0
G1 X99.625 Y114.68 F7800
G1 X102.441 Y115.48
G1 E2 F2400
G1 F3600
G1 X102.857 Y115.599 E2.01541
G1 X102.829 Y115.829 E2.02366
G1 X102.726 Y115.927 E2.02872
G1 X102.559 Y115.967 E2.03484
G1 X102.352 Y115.842 E2.04345
G1 X102.309 Y115.712 E2.04833
G1 X102.399 Y115.469 E2.05756
G1 E.05756 F2400
G92 E0
G1 X102.399 Y115.469 F7800
G1 X105.215 Y116.269
G1 E2 F2400
G1 F3600
G1 X105.629 Y116.386 E2.01533
G1 X105.602 Y116.617 E2.02362
G1 X105.5 Y116.716 E2.02868
G1 X105.332 Y116.755 E2.03482
G1 X105.125 Y116.63 E2.04343
G1 X105.082 Y116.501 E2.04827
G1 X105.174 Y116.257 E2.05756
G1 E.05756 F2400
G92 E0
G1 X105.174 Y116.257 F7800
G1 X110.106 Y117.842
G1 E2 F2400
;TYPE:Perimeter
;WIDTH:0.45
G1 F900
G1 X108.17 Y117.291 E2.09681
G1 X108.444 Y116.326 E2.14506
G1 X108.48 Y115.941 E2.16366
G1 X108.407 Y115.666 E2.17734
G1 X108.156 Y115.425 E2.19408
G1 X108.496 Y115.353 E2.2108
G1 X108.703 Y115.157 E2.22451
G1 X108.871 Y114.826 E2.24236
G1 X109.155 Y113.829 E2.29222
G1 X111.086 Y114.379 E2.38879
G1 X110.122 Y117.785 E2.55904
G1 X110.122 Y117.785 F7800
G1 X110.672 Y118.298
G1 F900
G1 X110.742 Y118.424 E2.56597
G1 X107.877 Y117.609 E2.70923
G1 X107.762 Y117.316 E2.72437
G1 X108.073 Y116.22 E2.77916
G1 X108.096 Y115.983 E2.79061
G1 X108.053 Y115.818 E2.79881
;WIDTH:0.450486
G1 X107.677 Y115.489 E2.82287
;WIDTH:0.450669
G1 X107.457 Y115.426 E2.8339
;TYPE:Overhang perimeter
;WIDTH:0.4
;HEIGHT:0.4
M106 S255
G1 X98.02 Y112.718 E3.34683
G1 X98.113 Y112.351 E3.36661
G1 X107.562 Y115.055 E3.88009
M106 S170.85
;TYPE:Perimeter
;WIDTH:0.450669
;HEIGHT:0.3
G1 X107.784 Y115.118 E3.89121
;WIDTH:0.450486
G1 X108.275 Y115.036 E3.91518
;WIDTH:0.45
G1 X108.399 Y114.919 E3.92338
G1 X108.5 Y114.721 E3.93407
G1 X108.821 Y113.592 E3.99052
G1 X109.073 Y113.405 E4.00561
G1 X111.871 Y114.201 E4.14552
G1 X111.457 Y114.481 E4.16956
G1 X110.473 Y117.941 E4.34257
G1 X110.643 Y118.246 E4.35936
G1 X110.643 Y118.246 F7800
G1 X110.897 Y118.173
;TYPE:External perimeter
;WIDTH:0.499563
G1 F1800
G1 X110.903 Y118.19 E4.36034
;WIDTH:0.549126
G1 X110.963 Y118.333 E4.36972
G1 X117.109 Y120.081 E4.75604
G1 X117.308 Y120.642 E4.79203
G1 X110.83 Y118.799 E5.19923
G1 X110.357 Y118.69 E5.22858
;WIDTH:0.499563
G1 X109.884 Y118.581 E5.25493
;WIDTH:0.45
G1 X107.588 Y117.928 E5.36974
G1 X107.355 Y117.336 E5.40034
G1 X107.703 Y116.115 E5.4614
G1 X107.699 Y115.971 E5.46833
G1 X107.575 Y115.862 E5.47627
G1 X107.351 Y115.797 E5.48749
;TYPE:Overhang perimeter
;WIDTH:0.4
;HEIGHT:0.4
M106 S255
G1 F3600
G1 X97.621 Y113.002 E6.01639
G1 X97.642 Y112.611 E6.03685
G1 X97.753 Y112.22 E6.05808
G1 X97.931 Y111.902 E6.07712
G1 X101.69 Y112.961 E6.28115
G1 X107.668 Y114.683 E6.60617
M106 S170.85
;TYPE:External perimeter
;WIDTH:0.45
;HEIGHT:0.3
G1 F1800
G1 X107.891 Y114.748 E6.61734
G1 X108.054 Y114.72 E6.62529
G1 X108.129 Y114.615 E6.6315
G1 X108.486 Y113.361 E6.69421
G1 X108.995 Y112.982 E6.72473
G1 X111.3 Y113.638 E6.83999
;WIDTH:0.497388
G1 X111.755 Y113.792 E6.86593
;WIDTH:0.544777
G1 X112.211 Y113.946 E6.89477
G1 X118.685 Y115.788 E7.29807
;WIDTH:0.544776
G1 X118.226 Y116.157 E7.33336
G1 X112.08 Y114.408 E7.71623
;WIDTH:0.548418
G1 X112.039 Y114.399 E7.71876
G1 X111.934 Y114.493 E7.72727
;WIDTH:0.499209
G1 X111.828 Y114.587 E7.73495
;WIDTH:0.45
G1 X110.844 Y118.047 E7.90796
;WIDTH:0.499563
G1 X110.874 Y118.118 E7.91214
G1 X111.171 Y118.385 F7800
G1 E5.91214 F2400
G92 E0
G1 X108.723 Y115.762 F7800
G1 E2 F2400
;TYPE:Solid infill
;WIDTH:0.45
G1 F1200
G1 X108.766 Y115.944 E2.00899
G1 X108.723 Y116.405 E2.03126
G1 X108.527 Y117.092 E2.06562
G1 X109.902 Y117.484 E2.13439
G1 X110.728 Y114.578 E2.27969
G1 X109.354 Y114.187 E2.3484
G1 X109.15 Y114.901 E2.38412
G1 X108.912 Y115.354 E2.40873
G1 X108.68 Y115.574 E2.42411
G1 X109.111 Y115.697 E2.44567
G1 X109.234 Y115.572 E2.4541
;WIDTH:0.498194
G1 X109.338 Y115.429 E2.46367
;WIDTH:0.546388
G1 X109.441 Y115.286 E2.47426
;WIDTH:0.594582
G1 X109.545 Y115.143 E2.48595
G1 X109.666 Y114.747 E2.51333
;WIDTH:0.586118
G1 X110.168 Y114.89 E2.5473
;WIDTH:0.594582
G1 X110.037 Y115.336 E2.57804
G1 X110.005 Y115.535 E2.59137
;WIDTH:0.546388
G1 X109.973 Y115.734 E2.60349
;WIDTH:0.498194
G1 X109.942 Y115.934 E2.61444
G1 X109.863 Y116.121 E2.62542
;WIDTH:0.54645
G1 X109.785 Y116.308 E2.6376
;WIDTH:0.594676
G1 X109.707 Y116.495 E2.651
G1 X109.589 Y116.923 E2.68036
;WIDTH:0.586117
G1 X109.088 Y116.78 E2.71426
;WIDTH:0.594676
G1 X109.187 Y116.4 E2.74023
G1 X109.169 Y116.23 E2.75154
;WIDTH:0.559588
G1 X109.15 Y116.059 E2.76217
;WIDTH:0.5245
G1 X109.132 Y115.888 E2.77204
;WIDTH:0.45
G1 X109.538 Y115.772 E2.79235
;WIDTH:0.489077
G1 X109.501 Y115.809 E2.79512
G1 X109.514 Y115.861 E2.79796
G1 X109.566 Y115.874 E2.8008
G1 X109.603 Y115.837 E2.80357
G1 X109.589 Y115.785 E2.80642
G1 E.80642 F2400
G92 E0
G1 X109.589 Y115.785 F7800
G92 E0
G1 X118.84 Y131.886
G1 E2 F2400
;TYPE:Support material
;WIDTH:0.35
G1 F3600
G1 X119.154 Y131.403 E2.02052
G1 X119.442 Y131.162 E2.0339
G1 X119.805 Y130.974 E2.04846
G1 X120.238 Y130.871 E2.06432
G1 X120.243 Y130.521 E2.07679
G1 X121.152 Y130.642 E2.10946
G1 X121.959 Y131.103 E2.14257
G1 X122.442 Y131.79 E2.17249
G1 X122.612 Y132.622 E2.20274
G1 X122.427 Y133.448 E2.23289
G1 X121.918 Y134.125 E2.26306
G1 X121.149 Y134.539 E2.29417
G1 X120.691 Y134.614 E2.3107
G1 X120.133 Y134.578 E2.33062
G1 X119.763 Y134.497 E2.34411
G1 X119.142 Y134.157 E2.36933
G1 X118.626 Y133.579 E2.39693
G1 X118.35 Y132.756 E2.42785
G1 X118.373 Y131.928 E2.45736
G1 X118.901 Y131.159 E2.49059
G1 X119.244 Y130.871 E2.50655
G1 X119.694 Y130.641 E2.52455
G1 X120.2 Y130.521 E2.54308
G1 X120.2 Y130.521 F7800
G1 X120.414 Y130.174
G1 F3600
G1 X121.261 Y130.308 E2.57363
G1 X121.755 Y130.53 E2.59292
G1 X122.196 Y130.842 E2.61216
G1 X122.52 Y131.214 E2.62973
G1 X122.765 Y131.65 E2.64755
G1 X122.915 Y132.127 E2.66536
G1 X122.964 Y132.625 E2.68319
G1 X122.907 Y133.121 E2.70098
G1 X122.747 Y133.596 E2.71884
G1 X122.326 Y134.208 E2.7453
G1 X121.723 Y134.684 E2.77267
G1 X121.244 Y134.879 E2.79109
G1 X120.708 Y134.965 E2.81043
G1 X119.653 Y134.832 E2.84831
G1 X118.926 Y134.434 E2.87784
G1 X118.323 Y133.759 E2.91008
G1 X118.107 Y133.288 E2.92854
G1 X117.999 Y132.789 E2.94673
G1 X118.024 Y131.879 E2.97916
G1 X118.647 Y130.915 E3.02005
G1 X119.046 Y130.581 E3.03859
G1 X119.583 Y130.307 E3.06007
G1 X120.371 Y130.173 E3.08854
G1 E1.08854 F2400
G92 E0
G1 X120.371 Y130.173 F7800
G1 X106.428 Y126.249
G1 E2 F2400
G1 F3600
G1 X106.6 Y126.358 E2.00725
G1 X106.648 Y126.499 E2.01256
G1 X106.546 Y126.76 E2.02254
G1 X106.102 Y126.635 E2.03897
G1 X106.132 Y126.371 E2.04844
G1 X106.387 Y126.237 E2.0587
G1 E.0587 F2400
G92 E0
G1 X106.387 Y126.237 F7800
G1 X103.654 Y125.464
G1 E2 F2400
G1 F3600
G1 X103.825 Y125.573 E2.00722
G1 X103.873 Y125.714 E2.01253
G1 X103.771 Y125.976 E2.02255
G1 X103.327 Y125.851 E2.03898
G1 X103.358 Y125.586 E2.04848
G1 X103.613 Y125.452 E2.05874
G1 E.05874 F2400
G92 E0
G1 X103.613 Y125.452 F7800
G1 X100.879 Y124.679
G1 E2 F2400
G1 F3600
G1 X101.051 Y124.788 E2.00725
G1 X101.099 Y124.929 E2.01256
G1 X100.996 Y125.192 E2.02262
G1 X100.553 Y125.067 E2.03902
G1 X100.584 Y124.801 E2.04856
G1 X100.838 Y124.667 E2.05879
G1 E.05879 F2400
G92 E0
G1 X100.838 Y124.667 F7800
G1 X98.094 Y123.883
G1 E2 F2400
G1 F3600
G1 X98.291 Y124.016 E2.00847
G1 X98.313 Y124.302 E2.01869
G1 X98.232 Y124.411 E2.02353
G1 X97.874 Y124.441 E2.03633
G1 X97.764 Y124.338 E2.0417
G1 X97.736 Y124.075 E2.05112
G1 X97.814 Y123.955 E2.05622
G1 X98.052 Y123.876 E2.06515
G1 E.06515 F2400
G92 E0
G1 X97.063 Y127.327 F7800
G1 E2 F2400
G1 F3600
G1 X97.344 Y127.606 E2.01411
G1 X97.18 Y127.854 E2.0247
G1 X97.022 Y127.894 E2.03051
G1 X96.816 Y127.774 E2.039
G1 X96.77 Y127.643 E2.04395
G1 X96.866 Y127.374 E2.05412
G1 X97.033 Y127.296 E2.06069
G1 E.06069 F2400
G92 E0
G1 X97.033 Y127.296 F7800
G1 X99.666 Y128.205
G1 E2 F2400
G1 F3600
G1 X100.085 Y128.324 E2.01552
G1 X100.055 Y128.553 E2.02375
G1 X99.952 Y128.651 E2.02881
G1 X99.786 Y128.691 E2.03489
G1 X99.579 Y128.566 E2.0435
G1 X99.535 Y128.436 E2.04839
G1 X99.625 Y128.193 E2.05762
G1 E.05762 F2400
G92 E0
G1 X99.625 Y128.193 F7800
G1 X102.441 Y128.993
G1 E2 F2400
G1 F3600
G1 X102.857 Y129.112 E2.01541
G1 X102.829 Y129.341 E2.02363
G1 X102.726 Y129.44 E2.02872
G1 X102.559 Y129.48 E2.03484
G1 X102.352 Y129.355 E2.04345
G1 X102.309 Y129.225 E2.04833
G1 X102.399 Y128.982 E2.05756
G1 E.05756 F2400
G92 E0
G1 X102.399 Y128.982 F7800
G1 X105.215 Y129.781
G1 E2 F2400
G1 F3600
G1 X105.629 Y129.899 E2.01534
G1 X105.602 Y130.13 E2.02363
G1 X105.5 Y130.228 E2.02867
G1 X105.332 Y130.268 E2.03482
G1 X105.125 Y130.143 E2.04343
G1 X105.082 Y130.013 E2.04831
G1 X105.174 Y129.77 E2.05757
G1 E.05757 F2400
G92 E0
G1 X105.174 Y129.77 F7800
G1 X110.106 Y131.355
G1 E2 F2400
;TYPE:Perimeter
;WIDTH:0.45
G1 F900
G1 X108.17 Y130.804 E2.09681
G1 X108.444 Y129.839 E2.14506
G1 X108.48 Y129.454 E2.16366
G1 X108.407 Y129.178 E2.17739
G1 X108.156 Y128.938 E2.19409
G1 X108.496 Y128.865 E2.21082
G1 X108.703 Y128.67 E2.2245
G1 X108.871 Y128.339 E2.24235
G1 X109.155 Y127.342 E2.29221
G1 X111.086 Y127.892 E2.38878
G1 X110.122 Y131.297 E2.55899
G1 X110.122 Y131.297 F7800
G1 X110.672 Y131.811
G1 F900
G1 X110.742 Y131.937 E2.56592
G1 X107.877 Y131.122 E2.70918
G1 X107.762 Y130.829 E2.72432
G1 X108.073 Y129.733 E2.77911
G1 X108.096 Y129.496 E2.79056
G1 X108.053 Y129.331 E2.79876
;WIDTH:0.450486
G1 X107.677 Y129.002 E2.82282
;WIDTH:0.450669
G1 X107.457 Y128.939 E2.83385
;TYPE:Overhang perimeter
;WIDTH:0.4
;HEIGHT:0.4
M106 S255
G1 X98.02 Y126.231 E3.34678
G1 X98.113 Y125.863 E3.36661
G1 X107.562 Y128.567 E3.88009
M106 S170.85
;TYPE:Perimeter
;WIDTH:0.450669
;HEIGHT:0.3
G1 X107.784 Y128.631 E3.89122
;WIDTH:0.450486
G1 X108.275 Y128.549 E3.91519
;WIDTH:0.45
G1 X108.399 Y128.432 E3.92339
G1 X108.5 Y128.233 E3.93412
G1 X108.821 Y127.105 E3.99053
G1 X109.073 Y126.918 E4.00562
G1 X111.871 Y127.714 E4.14553
G1 X111.457 Y127.994 E4.16957
G1 X110.473 Y131.454 E4.34258
G1 X110.643 Y131.759 E4.35937
G1 X110.643 Y131.759 F7800
G1 X110.897 Y131.686
;TYPE:External perimeter
;WIDTH:0.499563
G1 F1800
G1 X110.903 Y131.702 E4.3603
;WIDTH:0.549126
G1 X110.963 Y131.845 E4.36968
G1 X117.109 Y133.594 E4.75602
G1 X117.308 Y134.155 E4.79201
G1 X110.83 Y132.312 E5.19921
G1 X110.357 Y132.203 E5.22856
;WIDTH:0.499563
G1 X109.884 Y132.094 E5.25491
;WIDTH:0.45
G1 X107.588 Y131.441 E5.36972
G1 X107.355 Y130.849 E5.40032
G1 X107.703 Y129.628 E5.46138
G1 X107.699 Y129.483 E5.46836
G1 X107.575 Y129.374 E5.4763
G1 X107.351 Y129.31 E5.4875
;TYPE:Overhang perimeter
;WIDTH:0.4
;HEIGHT:0.4
M106 S255
G1 F3600
G1 X97.621 Y126.515 E6.0164
G1 X97.642 Y126.124 E6.03686
G1 X97.753 Y125.732 E6.05815
G1 X97.931 Y125.415 E6.07714
G1 X101.69 Y126.474 E6.28117
G1 X107.668 Y128.196 E6.60619
M106 S170.85
;TYPE:External perimeter
;WIDTH:0.45
;HEIGHT:0.3
G1 F1800
G1 X107.891 Y128.26 E6.61735
G1 X108.054 Y128.233 E6.6253
G1 X108.129 Y128.128 E6.63151
G1 X108.486 Y126.874 E6.69422
G1 X108.995 Y126.495 E6.72474
G1 X111.3 Y127.151 E6.84
;WIDTH:0.497388
G1 X111.755 Y127.305 E6.86594
;WIDTH:0.544777
G1 X112.211 Y127.459 E6.89478
G1 X118.685 Y129.301 E7.29808
;WIDTH:0.544776
G1 X118.226 Y129.67 E7.33337
G1 X112.079 Y127.921 E7.7163
;WIDTH:0.548418
G1 X112.039 Y127.912 E7.71878
G1 X111.934 Y128.006 E7.72729
;WIDTH:0.499209
G1 X111.828 Y128.1 E7.73497
;WIDTH:0.45
G1 X110.844 Y131.56 E7.90798
;WIDTH:0.499563
G1 X110.874 Y131.631 E7.91216
G1 X111.171 Y131.898 F7800
G1 E5.91216 F2400
G92 E0
G1 X108.723 Y129.275 F7800
G1 E2 F2400
;TYPE:Solid infill
;WIDTH:0.45
G1 F1200
G1 X108.766 Y129.457 E2.00899
G1 X108.723 Y129.918 E2.03126
G1 X108.527 Y130.605 E2.06562
G1 X109.902 Y130.996 E2.13437
G1 X110.728 Y128.091 E2.27963
G1 X109.354 Y127.7 E2.34834
G1 X109.15 Y128.414 E2.38406
G1 X108.912 Y128.867 E2.40867
G1 X108.68 Y129.087 E2.42405
G1 X109.111 Y129.21 E2.44561
G1 X109.234 Y129.085 E2.45404
;WIDTH:0.498194
G1 X109.338 Y128.942 E2.46361
;WIDTH:0.546388
G1 X109.441 Y128.799 E2.4742
;WIDTH:0.594582
G1 X109.545 Y128.656 E2.48589
G1 X109.666 Y128.26 E2.51327
;WIDTH:0.586118
G1 X110.168 Y128.403 E2.54724
;WIDTH:0.594582
G1 X110.037 Y128.848 E2.57792
G1 X110.005 Y129.048 E2.59131
;WIDTH:0.546388
G1 X109.973 Y129.247 E2.60343
;WIDTH:0.498194
G1 X109.942 Y129.447 E2.61438
G1 X109.863 Y129.634 E2.62536
;WIDTH:0.54645
G1 X109.785 Y129.821 E2.63754
;WIDTH:0.594676
G1 X109.707 Y130.008 E2.65094
G1 X109.589 Y130.436 E2.6803
;WIDTH:0.586117
G1 X109.088 Y130.293 E2.7142
;WIDTH:0.594676
G1 X109.187 Y129.913 E2.74017
G1 X109.169 Y129.743 E2.75148
;WIDTH:0.559588
G1 X109.15 Y129.572 E2.76211
;WIDTH:0.5245
G1 X109.132 Y129.401 E2.77198
;WIDTH:0.45
G1 X109.538 Y129.285 E2.79229
;WIDTH:0.489077
G1 X109.501 Y129.322 E2.79506
G1 X109.514 Y129.373 E2.79785
G1 X109.566 Y129.387 E2.8007
G1 X109.603 Y129.35 E2.80347
G1 X109.589 Y129.298 E2.80632
M106 S163.2
;LAYER_CHANGE
;Z:1.85
;HEIGHT:0.3
G1 Z1.85 F7800
G1 E.80632 F2400
G92 E0
G1 X109.589 Y129.298 F7800
G92 E0
G1 X122.896 Y91.821
G1 E2 F2400
;TYPE:Support material
;WIDTH:0.35
G1 F3600
G1 X123.332 Y91.496 E2.01937
G1 X124.142 Y91.37 E2.04857
G1 X124.188 Y91.023 E2.06104
G1 X124.626 Y91.101 E2.07689
G1 X125.03 Y91.279 E2.09262
G1 X125.788 Y91.914 E2.12785
G1 X126.123 Y92.678 E2.15757
G1 X126.109 Y93.525 E2.18775
G1 X125.747 Y94.292 E2.21796
G1 X125.094 Y94.842 E2.24837
G1 X124.228 Y95.076 E2.28033
G1 X123.703 Y95.055 E2.29905
G1 X123.207 Y94.915 E2.31741
G1 X122.801 Y94.693 E2.33389
G1 X122.46 Y94.398 E2.34995
G1 X122.276 Y94.114 E2.36201
G1 X122.053 Y93.388 E2.38907
G1 X122.029 Y92.91 E2.40612
G1 X121.668 Y92.445 E2.42709
G1 X121.668 Y92.315 E2.43172
G1 X122.344 Y91.955 E2.459
G1 X122.984 Y91.283 E2.49206
G1 X123.636 Y91.046 E2.51677
G1 X124.146 Y91.018 E2.53497
G1 X124.146 Y91.018 F7800
G1 X124.393 Y90.698
G1 F3600
G1 X125.202 Y90.973 E2.56541
G1 X125.691 Y91.312 E2.58661
G1 X126.069 Y91.701 E2.60593
G1 X126.322 Y92.136 E2.62386
G1 X126.468 Y92.611 E2.64156
G1 X126.513 Y93.108 E2.65934
G1 X126.452 Y93.604 E2.67714
G1 X126.288 Y94.077 E2.69497
G1 X126.026 Y94.507 E2.71291
G1 X125.676 Y94.873 E2.73095
G1 X125.252 Y95.158 E2.74915
G1 X124.253 Y95.427 E2.78601
G1 X123.648 Y95.403 E2.80758
G1 X123.074 Y95.241 E2.82883
G1 X122.6 Y94.982 E2.84807
G1 X122.126 Y94.535 E2.87128
G1 X121.8 Y93.869 E2.8977
G1 X121.686 Y93.057 E2.92691
G1 X121.45 Y92.807 E2.93916
G1 X121.318 Y92.522 E2.95035
G1 X121.318 Y92.267 E2.95943
G1 X121.436 Y92.05 E2.96823
G1 X122.118 Y91.676 E2.99594
G1 X122.612 Y91.118 E3.02249
G1 X123.071 Y90.842 E3.04157
G1 X123.578 Y90.699 E3.06034
G1 X124.351 Y90.692 E3.08788
G1 E1.08788 F2400
G92 E0
G1 X124.351 Y90.692 F7800
G1 X113.676 Y92.03
G1 E2 F2400
;TYPE:Perimeter
;WIDTH:0.45
G1 F900
G1 X111.745 Y91.481 E2.09656
G1 X111.964 Y90.662 E2.13734
G1 X111.905 Y90.211 E2.15922
G1 X111.739 Y89.932 E2.17483
;WIDTH:0.490648
G1 X111.649 Y89.844 E2.18152
;WIDTH:0.531296
G1 X111.558 Y89.756 E2.18889
;WIDTH:0.571944
G1 X111.468 Y89.668 E2.19686
;WIDTH:0.612592
G1 X111.378 Y89.58 E2.20547
G1 X111.29 Y89.554 E2.21174
;WIDTH:0.60757
G1 X102.022 Y86.923 E2.86445
;WIDTH:0.602441
G1 X101.806 Y86.862 E2.87951
G1 X101.822 Y86.649 E2.89384
G1 X101.953 Y86.345 E2.91605
G1 X102.169 Y86.406 E2.93111
;WIDTH:0.60757
G1 X111.438 Y89.031 E3.58378
;WIDTH:0.612592
G1 X111.527 Y89.055 E3.59008
G1 X111.65 Y89.028 E3.59869
;WIDTH:0.571944
G1 X111.773 Y89.001 E3.60666
;WIDTH:0.531296
G1 X111.896 Y88.974 E3.61399
;WIDTH:0.490648
G1 X112.019 Y88.947 E3.62069
;WIDTH:0.45
G1 X112.307 Y88.797 E3.63631
G1 X112.592 Y88.449 E3.65794
G1 X112.839 Y87.635 E3.69885
G1 X114.77 Y88.184 E3.79541
G1 X113.692 Y91.973 E3.98488
G1 X113.692 Y91.973 F7800
G1 X114.203 Y92.581
G1 F900
G1 X111.437 Y91.794 E4.1232
G1 X111.326 Y91.545 E4.13631
G1 X111.562 Y90.715 E4.17781
G1 X111.545 Y90.349 E4.19543
G1 X111.445 Y90.182 E4.20479
G1 X111.164 Y90.001 E4.22087
G1 X101.377 Y87.22 E4.71023
G1 X101.342 Y86.864 E4.72743
G1 X101.373 Y86.515 E4.74428
G1 X101.499 Y86.201 E4.76055
G1 X101.792 Y85.819 E4.78371
G1 X111.565 Y88.585 E5.27222
G1 X111.901 Y88.579 E5.28838
G1 X112.074 Y88.489 E5.29776
G1 X112.281 Y88.187 E5.31537
G1 X112.516 Y87.362 E5.35663
G1 X112.743 Y87.207 E5.36985
G1 X115.474 Y87.984 E5.50641
G1 X115.169 Y88.19 E5.52411
G1 X114.016 Y92.245 E5.72687
G1 X114.174 Y92.529 E5.7425
G1 X114.174 Y92.529 F7800
G1 X114.447 Y92.473
;TYPE:External perimeter
;WIDTH:0.489726
G1 F1800
G1 X114.514 Y92.608 E5.7505
G1 X120.683 Y94.363 E6.09076
G1 X120.894 Y94.865 E6.11965
G1 X114.397 Y93.017 E6.478
G1 X113.574 Y92.803 E6.52311
;WIDTH:0.45
G1 X111.158 Y92.116 E6.64392
G1 X110.916 Y91.574 E6.67247
G1 X111.191 Y90.61 E6.72068
G1 X111.185 Y90.488 E6.72655
G1 X111.058 Y90.372 E6.73482
G1 X110.835 Y90.308 E6.74598
;TYPE:Overhang perimeter
;WIDTH:0.4
;HEIGHT:0.4
M106 S255
G1 F3600
G1 X101.054 Y87.529 E7.27721
G1 X101.033 Y87.388 E7.28466
M106 S163.2
;TYPE:External perimeter
;WIDTH:0.45
;HEIGHT:0.3
G1 F1800
G1 X100.958 Y86.896 E7.3086
G1 X100.98 Y86.551 E7.32523
G1 X101.08 Y86.187 E7.34339
G1 X101.309 Y85.773 E7.36615
G1 X101.585 Y85.474 E7.38572
;TYPE:Overhang perimeter
;WIDTH:0.4
;HEIGHT:0.4
M106 S255
G1 F3600
G1 X101.669 Y85.384 E7.39215
G1 X111.449 Y88.151 E7.92316
M106 S163.2
;TYPE:External perimeter
;WIDTH:0.45
;HEIGHT:0.3
G1 F1800
G1 X111.67 Y88.214 E7.93421
G1 X111.841 Y88.182 E7.94258
G1 X111.91 Y88.081 E7.94846
G1 X112.183 Y87.122 E7.99642
G1 X112.674 Y86.786 E8.02504
G1 X115.081 Y87.471 E8.14541
;WIDTH:0.494458
G1 X115.902 Y87.728 E8.19156
G1 X122.405 Y89.578 E8.55423
;WIDTH:0.494456
G1 X121.954 Y89.897 E8.58386
G1 X115.784 Y88.141 E8.92797
;WIDTH:0.497718
G1 X115.748 Y88.133 E8.92996
G1 X115.54 Y88.295 E8.94421
;WIDTH:0.45
G1 X114.386 Y92.351 E9.14703
;WIDTH:0.489726
G1 X114.42 Y92.419 E9.15106
G1 X114.737 Y92.663 F7800
G1 E7.15106 F2400
G92 E0
G1 X113.036 Y87.992 F7800
G1 E2 F2400
;TYPE:Solid infill
;WIDTH:0.45
G1 F1200
G1 X114.413 Y88.383 E2.06885
G1 X113.477 Y91.673 E2.23337
G1 X112.1 Y91.281 E2.30223
G1 X112.248 Y90.652 E2.33331
G1 X112.183 Y90.149 E2.3577
G1 X111.972 Y89.764 E2.37882
G1 X111.643 Y89.372 E2.40343
G1 X112.1 Y89.225 E2.42652
G1 X112.511 Y88.996 E2.44915
G1 X112.864 Y88.544 E2.47673
G1 X112.978 Y88.176 E2.49526
G1 X113.292 Y88.465 E2.51579
G1 X113.936 Y88.649 E2.548
G1 X113.211 Y91.197 E2.67541
G1 X112.568 Y91.014 E2.70756
G1 X112.617 Y90.822 E2.71709
G1 X112.631 Y90.603 E2.72764
G1 X112.532 Y89.967 E2.7586
G1 X112.304 Y89.567 E2.78074
G1 X112.629 Y89.387 E2.79861
G1 X112.809 Y89.241 E2.80976
G1 X113.2 Y88.738 E2.8404
G1 X113.23 Y88.648 E2.84496
G1 X113.51 Y88.888 E2.8627
;WIDTH:0.397327
G1 X113.435 Y89.096 E2.87188
;WIDTH:0.421094
G1 X113.003 Y90.554 E2.93954
G1 X112.934 Y90.051 E2.96213
G1 X112.817 Y89.706 E2.97834
G1 X113.096 Y89.476 E2.99443
G1 X113.399 Y89.046 E3.01783
G1 E1.01783 F2400
G92 E0
G1 X113.399 Y89.046 F7800
G92 E0
G1 X119.269 Y104.302
G1 E2 F2400
;TYPE:Support material
;WIDTH:0.35
G1 F3600
G1 X119.705 Y103.976 E2.01939
G1 X120.515 Y103.851 E2.04859
G1 X120.561 Y103.504 E2.06106
G1 X120.999 Y103.582 E2.07691
G1 X121.403 Y103.76 E2.09264
G1 X122.161 Y104.395 E2.12787
G1 X122.495 Y105.159 E2.15757
G1 X122.482 Y106.005 E2.18771
G1 X122.12 Y106.773 E2.21796
G1 X121.467 Y107.323 E2.24837
G1 X120.601 Y107.557 E2.28033
G1 X120.076 Y107.536 E2.29905
G1 X119.58 Y107.396 E2.31741
G1 X119.173 Y107.174 E2.33393
G1 X118.833 Y106.879 E2.34997
G1 X118.649 Y106.594 E2.36205
G1 X118.426 Y105.869 E2.38907
G1 X118.402 Y105.391 E2.40612
G1 X118.041 Y104.926 E2.42709
G1 X118.04 Y104.795 E2.43176
G1 X118.717 Y104.436 E2.45906
G1 X119.357 Y103.764 E2.49212
G1 X120.009 Y103.527 E2.51683
G1 X120.519 Y103.499 E2.53503
G1 X120.519 Y103.499 F7800
G1 X120.766 Y103.178
G1 F3600
G1 X121.575 Y103.454 E2.56548
G1 X122.064 Y103.793 E2.58668
G1 X122.442 Y104.182 E2.606
G1 X122.695 Y104.617 E2.62393
G1 X122.841 Y105.091 E2.6416
G1 X122.885 Y105.589 E2.65941
G1 X122.825 Y106.085 E2.67721
G1 X122.661 Y106.558 E2.69504
G1 X122.399 Y106.988 E2.71298
G1 X122.048 Y107.354 E2.73105
G1 X121.625 Y107.638 E2.7492
G1 X120.626 Y107.908 E2.78607
G1 X120.02 Y107.884 E2.80768
G1 X119.447 Y107.722 E2.82889
G1 X118.973 Y107.463 E2.84813
G1 X118.499 Y107.016 E2.87134
G1 X118.173 Y106.35 E2.89776
G1 X118.059 Y105.538 E2.92697
G1 X117.822 Y105.288 E2.93924
G1 X117.691 Y105.003 E2.95041
G1 X117.69 Y104.748 E2.95949
G1 X117.809 Y104.53 E2.96834
G1 X118.491 Y104.157 E2.99603
G1 X118.984 Y103.599 E3.02256
G1 X119.444 Y103.323 E3.04167
G1 X119.951 Y103.18 E3.06044
G1 X120.724 Y103.173 E3.08798
G1 E1.08798 F2400
G92 E0
G1 X120.724 Y103.173 F7800
G1 X110.048 Y104.511
G1 E2 F2400
;TYPE:Perimeter
;WIDTH:0.45
G1 F900
G1 X108.118 Y103.962 E2.09651
G1 X108.336 Y103.143 E2.13727
G1 X108.278 Y102.692 E2.15914
G1 X108.112 Y102.412 E2.1748
;WIDTH:0.490648
G1 X108.021 Y102.325 E2.18149
;WIDTH:0.531296
G1 X107.931 Y102.237 E2.18882
;WIDTH:0.571944
G1 X107.841 Y102.149 E2.19679
;WIDTH:0.612592
G1 X107.751 Y102.061 E2.2054
G1 X107.663 Y102.035 E2.21167
;WIDTH:0.60757
G1 X98.395 Y99.404 E2.86438
;WIDTH:0.602441
G1 X98.178 Y99.343 E2.87951
G1 X98.195 Y99.13 E2.89385
G1 X98.326 Y98.825 E2.91613
G1 X98.541 Y98.887 E2.93115
;WIDTH:0.60757
G1 X107.811 Y101.512 E3.58388
;WIDTH:0.612592
G1 X107.9 Y101.536 E3.59018
G1 X108.023 Y101.509 E3.59879
;WIDTH:0.571944
G1 X108.146 Y101.482 E3.60676
;WIDTH:0.531296
G1 X108.269 Y101.455 E3.61409
;WIDTH:0.490648
G1 X108.392 Y101.428 E3.62079
;WIDTH:0.45
G1 X108.68 Y101.278 E3.63641
G1 X108.965 Y100.93 E3.65804
G1 X109.212 Y100.116 E3.69895
G1 X111.143 Y100.665 E3.79551
G1 X110.065 Y104.454 E3.98498
G1 X110.065 Y104.454 F7800
G1 X110.576 Y105.062
G1 F900
G1 X107.809 Y104.275 E4.12334
G1 X107.698 Y104.026 E4.13645
G1 X107.934 Y103.196 E4.17795
G1 X107.918 Y102.83 E4.19557
G1 X107.818 Y102.663 E4.20493
G1 X107.537 Y102.482 E4.22101
G1 X97.75 Y99.701 E4.71037
G1 X97.715 Y99.345 E4.72757
G1 X97.745 Y98.996 E4.74442
G1 X97.872 Y98.682 E4.76071
G1 X98.165 Y98.3 E4.78387
G1 X107.938 Y101.065 E5.27237
G1 X108.274 Y101.06 E5.28853
G1 X108.447 Y100.97 E5.29791
G1 X108.654 Y100.668 E5.31552
G1 X108.889 Y99.843 E5.35678
G1 X109.116 Y99.687 E5.37003
G1 X111.847 Y100.465 E5.50661
G1 X111.542 Y100.671 E5.52431
G1 X110.388 Y104.726 E5.72709
G1 X110.546 Y105.01 E5.74272
G1 X110.546 Y105.01 F7800
G1 X110.82 Y104.954
;TYPE:External perimeter
;WIDTH:0.489726
G1 F1800
G1 X110.886 Y105.089 E5.75069
G1 X117.056 Y106.844 E6.091
G1 X117.266 Y107.346 E6.11987
G1 X110.77 Y105.498 E6.47817
G1 X109.946 Y105.284 E6.52333
;WIDTH:0.45
G1 X107.53 Y104.597 E6.64414
G1 X107.289 Y104.055 E6.67267
G1 X107.564 Y103.091 E6.72088
G1 X107.558 Y102.969 E6.72675
G1 X107.431 Y102.853 E6.73502
G1 X107.208 Y102.789 E6.74618
;TYPE:Overhang perimeter
;WIDTH:0.4
;HEIGHT:0.4
M106 S255
G1 F3600
G1 X97.427 Y100.01 E7.27741
G1 X97.405 Y99.869 E7.28487
M106 S163.2
;TYPE:External perimeter
;WIDTH:0.45
;HEIGHT:0.3
G1 F1800
G1 X97.331 Y99.377 E7.3088
G1 X97.353 Y99.032 E7.32543
G1 X97.453 Y98.668 E7.34359
G1 X97.682 Y98.254 E7.36635
G1 X97.958 Y97.955 E7.38592
;TYPE:Overhang perimeter
;WIDTH:0.4
;HEIGHT:0.4
M106 S255
G1 F3600
G1 X98.042 Y97.864 E7.39239
G1 X107.821 Y100.632 E7.92337
M106 S163.2
;TYPE:External perimeter
;WIDTH:0.45
;HEIGHT:0.3
G1 F1800
G1 X108.043 Y100.694 E7.93446
G1 X108.214 Y100.663 E7.94282
G1 X108.283 Y100.562 E7.9487
G1 X108.556 Y99.603 E7.99666
G1 X109.047 Y99.267 E8.02528
G1 X111.454 Y99.952 E8.14565
;WIDTH:0.494458
G1 X112.275 Y100.209 E8.1918
G1 X118.778 Y102.059 E8.55447
;WIDTH:0.494456
G1 X118.326 Y102.377 E8.58412
G1 X112.157 Y100.622 E8.92816
;WIDTH:0.497718
G1 X112.121 Y100.614 E8.93015
G1 X111.913 Y100.776 E8.9444
;WIDTH:0.45
G1 X110.759 Y104.831 E9.14718
;WIDTH:0.489726
G1 X110.793 Y104.9 E9.15126
G1 X111.11 Y105.144 F7800
G1 E7.15126 F2400
G92 E0
G1 X109.409 Y100.472 F7800
G1 E2 F2400
;TYPE:Solid infill
;WIDTH:0.45
G1 F1200
G1 X110.785 Y100.864 E2.06881
G1 X109.849 Y104.154 E2.23333
G1 X108.473 Y103.762 E2.30214
G1 X108.621 Y103.133 E2.33322
G1 X108.556 Y102.63 E2.35761
G1 X108.345 Y102.245 E2.37873
G1 X108.015 Y101.853 E2.40338
G1 X108.472 Y101.705 E2.42648
G1 X108.884 Y101.477 E2.44913
G1 X109.236 Y101.024 E2.47672
G1 X109.351 Y100.656 E2.49526
G1 X109.665 Y100.946 E2.51582
G1 X110.309 Y101.13 E2.54803
G1 X109.584 Y103.678 E2.67544
G1 X108.94 Y103.494 E2.70765
G1 X108.99 Y103.303 E2.71715
G1 X109.004 Y103.083 E2.72775
G1 X108.905 Y102.448 E2.75866
G1 X108.677 Y102.048 E2.7808
G1 X109.001 Y101.868 E2.79863
G1 X109.182 Y101.721 E2.80984
G1 X109.573 Y101.219 E2.84044
G1 X109.603 Y101.129 E2.845
G1 X109.883 Y101.369 E2.86274
;WIDTH:0.397327
G1 X109.808 Y101.577 E2.87192
;WIDTH:0.421094
G1 X109.376 Y103.035 E2.93958
G1 X109.306 Y102.532 E2.96217
G1 X109.189 Y102.187 E2.97838
G1 X109.469 Y101.957 E2.9945
G1 X109.772 Y101.527 E3.0179
G1 E1.0179 F2400
G92 E0
G1 X109.772 Y101.527 F7800
G92 E0
G1 X119.269 Y117.815
G1 E2 F2400
;TYPE:Support material
;WIDTH:0.35
G1 F3600
G1 X119.705 Y117.489 E2.01939
G1 X120.515 Y117.364 E2.04859
G1 X120.561 Y117.017 E2.06106
G1 X120.999 Y117.094 E2.0769
G1 X121.403 Y117.273 E2.09264
G1 X122.161 Y117.908 E2.12787
G1 X122.495 Y118.672 E2.15757
G1 X122.482 Y119.518 E2.18771
G1 X122.12 Y120.286 E2.21796
G1 X121.467 Y120.836 E2.24837
G1 X120.601 Y121.07 E2.28033
G1 X120.076 Y121.049 E2.29905
G1 X119.58 Y120.909 E2.31741
G1 X119.173 Y120.687 E2.33393
G1 X118.833 Y120.391 E2.34999
G1 X118.649 Y120.107 E2.36205
G1 X118.426 Y119.381 E2.38911
G1 X118.402 Y118.904 E2.40612
G1 X118.041 Y118.438 E2.42712
G1 X118.04 Y118.308 E2.43175
G1 X118.717 Y117.949 E2.45905
G1 X119.357 Y117.277 E2.49211
G1 X120.009 Y117.04 E2.51682
G1 X120.519 Y117.011 E2.53502
G1 X120.519 Y117.011 F7800
G1 X120.766 Y116.691
G1 F3600
G1 X121.575 Y116.967 E2.56547
G1 X122.064 Y117.306 E2.58667
G1 X122.442 Y117.695 E2.60599
G1 X122.695 Y118.13 E2.62392
G1 X122.841 Y118.604 E2.64159
G1 X122.885 Y119.102 E2.6594
G1 X122.825 Y119.598 E2.6772
G1 X122.661 Y120.071 E2.69503
G1 X122.399 Y120.501 E2.71297
G1 X122.048 Y120.867 E2.73104
G1 X121.625 Y121.151 E2.74919
G1 X120.626 Y121.421 E2.78606
G1 X120.02 Y121.397 E2.80767
G1 X119.447 Y121.235 E2.82888
G1 X118.973 Y120.976 E2.84812
G1 X118.499 Y120.529 E2.87133
G1 X118.173 Y119.863 E2.89775
G1 X118.059 Y119.051 E2.92696
G1 X117.822 Y118.801 E2.93923
G1 X117.691 Y118.516 E2.9504
G1 X117.69 Y118.261 E2.95948
G1 X117.809 Y118.043 E2.96833
G1 X118.491 Y117.67 E2.99602
G1 X118.984 Y117.112 E3.02255
G1 X119.444 Y116.836 E3.04166
G1 X119.951 Y116.693 E3.06043
G1 X120.724 Y116.686 E3.08797
G1 E1.08797 F2400
G92 E0
G1 X120.724 Y116.686 F7800
G1 X110.048 Y118.024
G1 E2 F2400
;TYPE:Perimeter
;WIDTH:0.45
G1 F900
G1 X108.118 Y117.475 E2.09651
G1 X108.336 Y116.656 E2.13727
G1 X108.278 Y116.205 E2.15914
G1 X108.112 Y115.925 E2.1748
;WIDTH:0.490648
G1 X108.021 Y115.837 E2.18153
;WIDTH:0.531296
G1 X107.931 Y115.75 E2.18882
;WIDTH:0.571944
G1 X107.841 Y115.662 E2.19679
;WIDTH:0.612592
G1 X107.751 Y115.574 E2.2054
G1 X107.663 Y115.548 E2.21167
;WIDTH:0.60757
G1 X98.395 Y112.917 E2.86438
;WIDTH:0.602441
G1 X98.178 Y112.856 E2.87951
G1 X98.195 Y112.643 E2.89385
G1 X98.326 Y112.338 E2.91613
G1 X98.541 Y112.399 E2.93113
;WIDTH:0.60757
G1 X107.811 Y115.025 E3.58388
;WIDTH:0.612592
G1 X107.9 Y115.049 E3.59018
G1 X108.023 Y115.022 E3.59879
;WIDTH:0.571944
G1 X108.146 Y114.995 E3.60676
;WIDTH:0.531296
G1 X108.269 Y114.968 E3.61409
;WIDTH:0.490648
G1 X108.392 Y114.94 E3.6208
;WIDTH:0.45
G1 X108.68 Y114.79 E3.63642
G1 X108.965 Y114.442 E3.65805
G1 X109.212 Y113.629 E3.69892
G1 X111.143 Y114.178 E3.79548
G1 X110.065 Y117.966 E3.9849
G1 X110.065 Y117.966 F7800
G1 X110.576 Y118.575
G1 F900
G1 X107.809 Y117.788 E4.12326
G1 X107.698 Y117.539 E4.13637
G1 X107.934 Y116.709 E4.17787
G1 X107.918 Y116.343 E4.19549
G1 X107.818 Y116.175 E4.20489
G1 X107.537 Y115.995 E4.22094
G1 X97.75 Y113.214 E4.7103
G1 X97.715 Y112.858 E4.7275
G1 X97.745 Y112.509 E4.74435
G1 X97.872 Y112.195 E4.76064
G1 X98.165 Y111.813 E4.7838
G1 X107.938 Y114.578 E5.2723
G1 X108.274 Y114.573 E5.28846
G1 X108.447 Y114.483 E5.29784
G1 X108.654 Y114.181 E5.31545
G1 X108.889 Y113.356 E5.35671
G1 X109.116 Y113.2 E5.36996
G1 X111.847 Y113.977 E5.50652
G1 X111.542 Y114.184 E5.52425
G1 X110.388 Y118.239 E5.72703
G1 X110.546 Y118.523 E5.74266
G1 X110.546 Y118.523 F7800
G1 X110.82 Y118.467
;TYPE:External perimeter
;WIDTH:0.489726
G1 F1800
G1 X110.886 Y118.602 E5.75063
G1 X117.056 Y120.357 E6.09094
G1 X117.266 Y120.859 E6.11981
G1 X110.77 Y119.011 E6.47811
G1 X109.946 Y118.797 E6.52327
;WIDTH:0.45
G1 X107.53 Y118.11 E6.64408
G1 X107.289 Y117.568 E6.67261
G1 X107.564 Y116.604 E6.72082
G1 X107.558 Y116.482 E6.72669
G1 X107.431 Y116.365 E6.735
G1 X107.208 Y116.302 E6.74615
;TYPE:Overhang perimeter
;WIDTH:0.4
;HEIGHT:0.4
M106 S255
G1 F3600
G1 X97.427 Y113.523 E7.27738
G1 X97.405 Y113.382 E7.28484
M106 S163.2
;TYPE:External perimeter
;WIDTH:0.45
;HEIGHT:0.3
G1 F1800
G1 X97.331 Y112.89 E7.30877
G1 X97.353 Y112.545 E7.3254
G1 X97.453 Y112.18 E7.3436
G1 X97.682 Y111.767 E7.36631
G1 X97.958 Y111.468 E7.38588
;TYPE:Overhang perimeter
;WIDTH:0.4
;HEIGHT:0.4
M106 S255
G1 F3600
G1 X98.042 Y111.377 E7.39235
G1 X107.821 Y114.145 E7.92333
M106 S163.2
;TYPE:External perimeter
;WIDTH:0.45
;HEIGHT:0.3
G1 F1800
G1 X108.043 Y114.207 E7.93442
G1 X108.214 Y114.176 E7.94278
G1 X108.283 Y114.075 E7.94866
G1 X108.556 Y113.116 E7.99662
G1 X109.047 Y112.78 E8.02524
G1 X111.454 Y113.465 E8.14561
;WIDTH:0.494458
G1 X112.275 Y113.721 E8.19174
G1 X118.778 Y115.572 E8.55443
;WIDTH:0.494456
G1 X118.326 Y115.89 E8.58408
G1 X112.157 Y114.135 E8.92812
;WIDTH:0.497718
G1 X112.121 Y114.126 E8.93013
G1 X111.913 Y114.289 E8.94441
;WIDTH:0.45
G1 X110.759 Y118.344 E9.14719
;WIDTH:0.489726
G1 X110.793 Y118.413 E9.15127
G1 X111.11 Y118.657 F7800
G1 E7.15127 F2400
G92 E0
G1 X109.409 Y113.985 F7800
G1 E2 F2400
;TYPE:Solid infill
;WIDTH:0.45
G1 F1200
G1 X110.785 Y114.377 E2.06881
G1 X109.849 Y117.667 E2.23333
G1 X108.473 Y117.275 E2.30214
G1 X108.621 Y116.646 E2.33322
G1 X108.556 Y116.143 E2.35761
G1 X108.345 Y115.758 E2.37873
G1 X108.015 Y115.366 E2.40338
G1 X108.472 Y115.218 E2.42648
G1 X108.884 Y114.99 E2.44913
G1 X109.236 Y114.537 E2.47672
G1 X109.351 Y114.169 E2.49526
G1 X109.665 Y114.459 E2.51582
G1 X110.309 Y114.642 E2.54802
G1 X109.584 Y117.19 E2.67543
G1 X108.94 Y117.007 E2.70763
G1 X108.99 Y116.816 E2.71713
G1 X109.004 Y116.596 E2.72773
G1 X108.905 Y115.961 E2.75864
G1 X108.677 Y115.561 E2.78078
G1 X109.001 Y115.381 E2.79861
G1 X109.182 Y115.234 E2.80982
G1 X109.573 Y114.732 E2.84042
G1 X109.603 Y114.642 E2.84498
G1 X109.883 Y114.882 E2.86272
;WIDTH:0.397327
G1 X109.808 Y115.09 E2.8719
;WIDTH:0.421094
G1 X109.376 Y116.548 E2.93956
G1 X109.306 Y116.045 E2.96215
G1 X109.189 Y115.7 E2.97836
G1 X109.469 Y115.469 E2.99451
G1 X109.772 Y115.04 E3.01788
G1 E1.01788 F2400
G92 E0
G1 X109.772 Y115.04 F7800
G92 E0
G1 X119.269 Y131.328
G1 E2 F2400
;TYPE:Support material
;WIDTH:0.35
G1 F3600
G1 X119.705 Y131.002 E2.01939
G1 X120.515 Y130.877 E2.04859
G1 X120.561 Y130.53 E2.06106
G1 X120.999 Y130.607 E2.0769
G1 X121.403 Y130.786 E2.09264
G1 X122.161 Y131.421 E2.12787
G1 X122.495 Y132.185 E2.15757
G1 X122.482 Y133.031 E2.18771
G1 X122.12 Y133.799 E2.21796
G1 X121.467 Y134.348 E2.24835
G1 X120.601 Y134.582 E2.28031
G1 X120.076 Y134.562 E2.29903
G1 X119.58 Y134.422 E2.31739
G1 X119.173 Y134.2 E2.33391
G1 X118.833 Y133.904 E2.34997
G1 X118.649 Y133.62 E2.36203
G1 X118.426 Y132.894 E2.38909
G1 X118.402 Y132.417 E2.4061
G1 X118.041 Y131.951 E2.4271
G1 X118.04 Y131.821 E2.43173
G1 X118.717 Y131.462 E2.45903
G1 X119.357 Y130.79 E2.49209
G1 X120.009 Y130.553 E2.5168
G1 X120.519 Y130.524 E2.535
G1 X120.519 Y130.524 F7800
G1 X120.766 Y130.204
G1 F3600
G1 X121.575 Y130.479 E2.56544
G1 X122.064 Y130.819 E2.58666
G1 X122.442 Y131.208 E2.60598
G1 X122.695 Y131.642 E2.62388
G1 X122.841 Y132.117 E2.64158
G1 X122.885 Y132.614 E2.65935
G1 X122.825 Y133.111 E2.67718
G1 X122.661 Y133.584 E2.69501
G1 X122.399 Y134.013 E2.71292
G1 X122.048 Y134.38 E2.73101
G1 X121.625 Y134.664 E2.74916
G1 X120.626 Y134.934 E2.78603
G1 X120.02 Y134.91 E2.80764
G1 X119.447 Y134.748 E2.82885
G1 X118.973 Y134.489 E2.84809
G1 X118.499 Y134.042 E2.8713
G1 X118.173 Y133.375 E2.89775
G1 X118.059 Y132.564 E2.92693
G1 X117.822 Y132.314 E2.9392
G1 X117.691 Y132.028 E2.95041
G1 X117.69 Y131.774 E2.95946
G1 X117.809 Y131.556 E2.96831
G1 X118.491 Y131.183 E2.996
G1 X118.984 Y130.625 E3.02253
G1 X119.444 Y130.348 E3.04166
G1 X119.951 Y130.206 E3.06042
G1 X120.724 Y130.198 E3.08796
G1 E1.08796 F2400
G92 E0
G1 X120.724 Y130.198 F7800
G1 X110.048 Y131.537
G1 E2 F2400
;TYPE:Perimeter
;WIDTH:0.45
G1 F900
G1 X108.118 Y130.988 E2.09651
G1 X108.336 Y130.169 E2.13727
G1 X108.278 Y129.717 E2.15919
G1 X108.112 Y129.438 E2.1748
;WIDTH:0.490648
G1 X108.021 Y129.35 E2.18153
;WIDTH:0.531296
G1 X107.931 Y129.263 E2.18882
;WIDTH:0.571944
G1 X107.841 Y129.175 E2.19679
;WIDTH:0.612592
G1 X107.751 Y129.087 E2.2054
G1 X107.663 Y129.061 E2.21167
;WIDTH:0.60757
G1 X98.395 Y126.43 E2.86438
;WIDTH:0.602441
G1 X98.178 Y126.368 E2.87953
G1 X98.195 Y126.156 E2.8938
G1 X98.326 Y125.851 E2.91608
G1 X98.541 Y125.912 E2.93108
;WIDTH:0.60757
G1 X107.811 Y128.538 E3.58383
;WIDTH:0.612592
G1 X107.9 Y128.562 E3.59013
G1 X108.023 Y128.535 E3.59874
;WIDTH:0.571944
G1 X108.146 Y128.507 E3.60673
;WIDTH:0.531296
G1 X108.269 Y128.48 E3.61406
;WIDTH:0.490648
G1 X108.392 Y128.453 E3.62076
;WIDTH:0.45
G1 X108.68 Y128.303 E3.63638
G1 X108.965 Y127.955 E3.65801
G1 X109.212 Y127.141 E3.69892
G1 X111.143 Y127.691 E3.79549
G1 X110.065 Y131.479 E3.98491
G1 X110.065 Y131.479 F7800
G1 X110.576 Y132.088
G1 F900
G1 X107.809 Y131.301 E4.12327
G1 X107.698 Y131.052 E4.13638
G1 X107.934 Y130.222 E4.17788
G1 X107.918 Y129.856 E4.1955
G1 X107.818 Y129.688 E4.2049
G1 X107.537 Y129.508 E4.22095
G1 X97.75 Y126.727 E4.71031
G1 X97.715 Y126.37 E4.72756
G1 X97.745 Y126.022 E4.74436
G1 X97.872 Y125.708 E4.76065
G1 X98.165 Y125.326 E4.78381
G1 X107.938 Y128.091 E5.27231
G1 X108.274 Y128.086 E5.28847
G1 X108.447 Y127.996 E5.29785
G1 X108.654 Y127.693 E5.3155
G1 X108.889 Y126.868 E5.35676
G1 X109.116 Y126.713 E5.36998
G1 X111.847 Y127.49 E5.50654
G1 X111.542 Y127.696 E5.52424
G1 X110.388 Y131.752 E5.72706
G1 X110.546 Y132.036 E5.74269
G1 X110.546 Y132.036 F7800
G1 X110.82 Y131.979
;TYPE:External perimeter
;WIDTH:0.489726
G1 F1800
G1 X110.886 Y132.114 E5.75066
G1 X117.056 Y133.87 E6.09099
G1 X117.266 Y134.372 E6.11986
G1 X110.77 Y132.524 E6.47816
G1 X109.946 Y132.31 E6.52332
;WIDTH:0.45
G1 X107.53 Y131.622 E6.64414
G1 X107.289 Y131.081 E6.67263
G1 X107.564 Y130.116 E6.72089
G1 X107.558 Y129.994 E6.72676
G1 X107.431 Y129.878 E6.73503
G1 X107.208 Y129.815 E6.74618
;TYPE:Overhang perimeter
;WIDTH:0.4
;HEIGHT:0.4
M106 S255
G1 F3600
G1 X97.427 Y127.036 E7.27741
G1 X97.405 Y126.895 E7.28487
M106 S163.2
;TYPE:External perimeter
;WIDTH:0.45
;HEIGHT:0.3
G1 F1800
G1 X97.331 Y126.403 E7.3088
G1 X97.353 Y126.058 E7.32543
G1 X97.453 Y125.693 E7.34363
G1 X97.682 Y125.28 E7.36634
G1 X97.958 Y124.981 E7.38591
;TYPE:Overhang perimeter
;WIDTH:0.4
;HEIGHT:0.4
M106 S255
G1 F3600
G1 X98.042 Y124.89 E7.39238
G1 X107.821 Y127.657 E7.92334
M106 S163.2
;TYPE:External perimeter
;WIDTH:0.45
;HEIGHT:0.3
G1 F1800
G1 X108.043 Y127.72 E7.93444
G1 X108.214 Y127.689 E7.9428
G1 X108.283 Y127.588 E7.94868
G1 X108.556 Y126.629 E7.99664
G1 X109.047 Y126.293 E8.02526
G1 X111.454 Y126.978 E8.14563
;WIDTH:0.494458
G1 X112.275 Y127.234 E8.19176
G1 X118.778 Y129.084 E8.55443
;WIDTH:0.494456
G1 X118.326 Y129.403 E8.58411
G1 X112.157 Y127.648 E8.92815
;WIDTH:0.497718
G1 X112.121 Y127.639 E8.93016
G1 X111.913 Y127.802 E8.94444
;WIDTH:0.45
G1 X110.759 Y131.857 E9.14722
;WIDTH:0.489726
G1 X110.793 Y131.926 E9.1513
G1 X111.11 Y132.17 F7800
G1 E7.1513 F2400
G92 E0
G1 X109.409 Y127.498 F7800
G1 E2 F2400
;TYPE:Solid infill
;WIDTH:0.45
G1 F1200
G1 X110.785 Y127.89 E2.06881
G1 X109.849 Y131.18 E2.23333
G1 X108.473 Y130.788 E2.30214
G1 X108.621 Y130.159 E2.33322
G1 X108.556 Y129.655 E2.35766
G1 X108.345 Y129.271 E2.37873
G1 X108.015 Y128.878 E2.40341
G1 X108.472 Y128.731 E2.4265
G1 X108.884 Y128.503 E2.44915
G1 X109.236 Y128.05 E2.47674
G1 X109.351 Y127.682 E2.49528
G1 X109.665 Y127.972 E2.51584
G1 X110.309 Y128.155 E2.54804
G1 X109.584 Y130.703 E2.67545
G1 X108.94 Y130.52 E2.70765
G1 X108.99 Y130.329 E2.71715
G1 X109.004 Y130.109 E2.72775
G1 X108.905 Y129.474 E2.75866
G1 X108.677 Y129.073 E2.78085
G1 X109.001 Y128.894 E2.79865
G1 X109.182 Y128.747 E2.80986
G1 X109.573 Y128.245 E2.84046
G1 X109.603 Y128.155 E2.84502
G1 X109.883 Y128.395 E2.86276
;WIDTH:0.397327
G1 X109.808 Y128.603 E2.87194
;WIDTH:0.421094
G1 X109.376 Y130.061 E2.9396
G1 X109.306 Y129.558 E2.96219
G1 X109.189 Y129.212 E2.97844
G1 X109.469 Y128.982 E2.99456
G1 X109.772 Y128.552 E3.01796
M106 S137.7
;LAYER_CHANGE
;Z:2.15
;HEIGHT:0.3
G1 Z2.15 F7800
G1 E1.01796 F2400
G92 E0
G1 X109.772 Y128.552 F7800
G92 E0
G1 X122.838 Y92.032
G1 E2 F2400
;TYPE:Support material
;WIDTH:0.35
G1 F3600
G1 X123.301 Y91.633 E2.02177
G1 X124.008 Y91.384 E2.04847
G1 X124.058 Y91.037 E2.06096
G1 X124.916 Y91.265 E2.09259
G1 X125.316 Y91.528 E2.10964
G1 X125.626 Y91.855 E2.12569
G1 X125.882 Y92.275 E2.14321
G1 X126.034 Y92.687 E2.15885
G1 X126.081 Y93.098 E2.17359
G1 X125.885 Y93.912 E2.20342
G1 X125.667 Y94.262 E2.21811
G1 X125.336 Y94.571 E2.23424
G1 X124.966 Y94.807 E2.24987
G1 X124.402 Y95.003 E2.27114
G1 X123.571 Y95.011 E2.30074
G1 X123.124 Y94.867 E2.31747
G1 X122.64 Y94.46 E2.34
G1 X122.436 Y94.188 E2.35211
G1 X122.13 Y93.32 E2.3849
G1 X121.342 Y92.345 E2.42956
G1 X121.342 Y92.211 E2.43433
G1 X121.505 Y92.093 E2.4415
G1 X122.58 Y91.795 E2.48124
G1 X123.111 Y91.337 E2.50622
G1 X123.585 Y91.108 E2.52497
G1 X124.016 Y91.031 E2.54057
G1 X124.016 Y91.031 F7800
G1 X124.274 Y90.715
G1 F3600
G1 X125.076 Y90.951 E2.57035
G1 X125.542 Y91.258 E2.59023
G1 X125.906 Y91.641 E2.60905
G1 X126.199 Y92.122 E2.62911
G1 X126.377 Y92.606 E2.64748
G1 X126.434 Y93.101 E2.66523
G1 X126.37 Y93.593 E2.6829
G1 X126.203 Y94.065 E2.70074
G1 X125.939 Y94.487 E2.71847
G1 X125.125 Y95.121 E2.75523
G1 X124.455 Y95.349 E2.78044
G1 X123.502 Y95.356 E2.81439
G1 X122.966 Y95.184 E2.83444
G1 X122.377 Y94.692 E2.86178
G1 X121.95 Y94 E2.89075
G1 X121.806 Y93.473 E2.91021
G1 X121.122 Y92.706 E2.94682
G1 X120.992 Y92.422 E2.95795
G1 X120.991 Y92.17 E2.96693
G1 X121.109 Y91.947 E2.97592
G1 X121.35 Y91.773 E2.98651
G1 X122.409 Y91.474 E3.02571
G1 X122.922 Y91.042 E3.0496
G1 X123.259 Y90.863 E3.06319
G1 X123.836 Y90.692 E3.08463
G1 X124.231 Y90.709 E3.09871
G1 E1.09871 F2400
G92 E0
G1 X124.231 Y90.709 F7800
G1 X113.651 Y92.117
G1 E2 F2400
;TYPE:Perimeter
;WIDTH:0.45
G1 F900
G1 X113.63 Y92.191 E2.0037
G1 X111.699 Y91.642 E2.10026
G1 X111.879 Y90.891 E2.1374
G1 X111.755 Y90.4 E2.16176
G1 X111.563 Y90.159 E2.17658
G1 X111.18 Y89.946 E2.19766
G1 X101.569 Y87.213 E2.67824
G1 X101.545 Y87.135 E2.68217
G1 X101.914 Y85.913 E2.74357
G1 X111.549 Y88.641 E3.2252
G1 X111.989 Y88.662 E3.24639
G1 X112.279 Y88.559 E3.26119
G1 X112.638 Y88.215 E3.2851
G1 X112.741 Y87.978 E3.29753
G1 X112.88 Y87.49 E3.32193
G1 X114.811 Y88.039 E3.41849
G1 X113.667 Y92.06 E3.61956
G1 X113.667 Y92.06 F7800
G1 X114.022 Y92.223
G1 F900
G1 X113.954 Y92.463 E3.63156
G1 X114.1 Y92.726 E3.64603
G1 X111.382 Y91.952 E3.78195
G1 X111.274 Y91.725 E3.79404
G1 X111.494 Y90.884 E3.83585
G1 X111.419 Y90.589 E3.85049
G1 X111.304 Y90.445 E3.85935
G1 X111.074 Y90.317 E3.87201
G1 X101.262 Y87.527 E4.36264
G1 X101.143 Y87.139 E4.38216
G1 X101.54 Y85.744 E4.45192
G1 X101.824 Y85.487 E4.47034
G1 X111.654 Y88.27 E4.96171
G1 X111.919 Y88.283 E4.97447
G1 X112.093 Y88.221 E4.98335
G1 X112.309 Y88.014 E4.99774
G1 X112.371 Y87.872 E5.00519
G1 X112.565 Y87.191 E5.03925
G1 X112.773 Y87.058 E5.05112
G1 X115.454 Y87.821 E5.18519
G1 X115.231 Y87.972 E5.19814
G1 X114.038 Y92.165 E5.40781
G1 X114.038 Y92.165 F7800
G1 X114.393 Y92.328
;TYPE:External perimeter
G1 F1800
G1 X114.324 Y92.568 E5.41982
;WIDTH:0.459961
G1 X114.456 Y92.811 E5.43346
G1 X120.638 Y94.57 E5.75058
G1 X120.861 Y95.045 E5.77647
G1 X113.585 Y92.98 E6.14964
;WIDTH:0.45
G1 X111.109 Y92.276 E6.27345
G1 X110.864 Y91.759 E6.30097
G1 X111.101 Y90.926 E6.34262
G1 X111.083 Y90.778 E6.34979
G1 X110.968 Y90.688 E6.35681
G1 X100.954 Y87.84 E6.85755
G1 X100.741 Y87.143 E6.8926
G1 X101.196 Y85.544 E6.97256
G1 X101.343 Y85.394 E6.98266
G1 X101.739 Y85.062 E7.00751
G1 X111.759 Y87.899 E7.50838
G1 X111.907 Y87.883 E7.51554
G1 X112 Y87.767 E7.52269
G1 X112.234 Y86.944 E7.56384
G1 X112.711 Y86.64 E7.59105
G1 X115.195 Y87.346 E7.71525
;WIDTH:0.456716
G1 X122.456 Y89.416 E8.08472
;WIDTH:0.456715
G1 X122.023 Y89.701 E8.11009
G1 X115.841 Y87.942 E8.42461
G1 X115.602 Y88.078 E8.43807
;WIDTH:0.45
G1 X114.409 Y92.271 E8.64774
G1 X114.397 Y92.671 F7800
G1 E6.64774 F2400
G92 E0
G1 X101.883 Y87.002 F7800
G1 E2 F2400
;TYPE:Solid infill
G1 F1200
G1 X102.093 Y86.264 E2.0369
G1 X111.556 Y88.939 E2.50987
G1 X112.007 Y88.948 E2.53157
G1 X112.453 Y88.783 E2.55444
G1 X112.905 Y88.321 E2.58553
G1 X113.069 Y87.844 E2.60979
G1 X114.454 Y88.238 E2.67905
G1 X113.431 Y91.834 E2.85887
G1 X112.047 Y91.44 E2.92808
G1 X112.161 Y90.852 E2.95689
G1 X112.022 Y90.302 E2.98417
G1 X111.779 Y89.97 E3.00396
G1 X111.342 Y89.696 E3.02877
G1 X102.069 Y87.055 E3.4925
G1 X102.358 Y86.738 E3.51313
;WIDTH:0.465397
G1 X111.449 Y89.318 E3.98579
;WIDTH:0.469875
G1 X111.663 Y89.432 E3.99805
;WIDTH:0.462326
G1 X111.931 Y89.597 E4.01367
;WIDTH:0.45
G1 X112.287 Y89.988 E4.0391
G1 X112.396 Y90.207 E4.05087
G1 X112.535 Y90.757 E4.07815
G1 X112.538 Y91.029 E4.09123
G1 X112.505 Y91.169 E4.09815
G1 X113.166 Y91.357 E4.1312
G1 X113.978 Y88.503 E4.27392
G1 X113.315 Y88.315 E4.30707
G1 X113.214 Y88.563 E4.31995
G1 X112.72 Y89.061 E4.35369
G1 X112.514 Y89.189 E4.36535
G1 X112.006 Y89.334 E4.39076
;WIDTH:0.469875
G1 X111.498 Y89.332 E4.41645
G1 X111.498 Y89.332 F7800
G1 X112.557 Y89.633
;WIDTH:0.544332
G1 F1200
G1 X112.81 Y89.528 E4.43285
G1 X113.377 Y89.031 E4.47799
G1 X112.936 Y90.581 E4.57446
G1 X112.717 Y89.855 E4.61985
G1 X112.67 Y89.789 E4.6247
G1 E2.6247 F2400
G92 E0
G1 X112.67 Y89.789 F7800
G92 E0
G1 X119.211 Y104.513
G1 E2 F2400
;TYPE:Support material
;WIDTH:0.35
G1 F3600
G1 X119.673 Y104.114 E2.02175
G1 X120.38 Y103.864 E2.04846
G1 X120.431 Y103.518 E2.06092
G1 X121.289 Y103.746 E2.09255
G1 X121.688 Y104.009 E2.10957
G1 X121.999 Y104.336 E2.12565
G1 X122.255 Y104.756 E2.14317
G1 X122.407 Y105.168 E2.15881
G1 X122.454 Y105.579 E2.17355
G1 X122.258 Y106.393 E2.20338
G1 X122.04 Y106.743 E2.21807
G1 X121.709 Y107.051 E2.23418
G1 X121.339 Y107.288 E2.24983
G1 X120.774 Y107.484 E2.27113
G1 X119.944 Y107.491 E2.3007
G1 X119.496 Y107.348 E2.31745
G1 X119.013 Y106.941 E2.33995
G1 X118.809 Y106.669 E2.35206
G1 X118.503 Y105.801 E2.38485
G1 X117.715 Y104.826 E2.42951
G1 X117.714 Y104.691 E2.43432
G1 X117.878 Y104.573 E2.44152
G1 X118.953 Y104.276 E2.48125
G1 X119.484 Y103.818 E2.50623
G1 X119.958 Y103.589 E2.52498
G1 X120.388 Y103.512 E2.54054
G1 X120.388 Y103.512 F7800
G1 X120.646 Y103.196
G1 F3600
G1 X121.449 Y103.432 E2.57036
G1 X121.914 Y103.739 E2.59021
G1 X122.279 Y104.122 E2.60906
G1 X122.572 Y104.603 E2.62912
G1 X122.75 Y105.086 E2.64746
G1 X122.807 Y105.581 E2.66521
G1 X122.743 Y106.074 E2.68292
G1 X122.575 Y106.546 E2.70077
G1 X122.312 Y106.968 E2.71848
G1 X121.498 Y107.602 E2.75524
G1 X120.828 Y107.83 E2.78045
G1 X119.875 Y107.837 E2.8144
G1 X119.339 Y107.665 E2.83445
G1 X118.75 Y107.173 E2.86179
G1 X118.323 Y106.481 E2.89076
G1 X118.179 Y105.953 E2.91026
G1 X117.494 Y105.187 E2.94687
G1 X117.365 Y104.902 E2.95801
G1 X117.364 Y104.651 E2.96695
G1 X117.482 Y104.427 E2.97597
G1 X117.723 Y104.253 E2.98656
G1 X118.782 Y103.955 E3.02575
G1 X119.295 Y103.522 E3.04966
G1 X119.632 Y103.344 E3.06324
G1 X120.209 Y103.173 E3.08468
G1 X120.604 Y103.19 E3.09876
G1 E1.09876 F2400
G92 E0
G1 X120.604 Y103.19 F7800
G1 X110.024 Y104.598
G1 E2 F2400
;TYPE:Perimeter
;WIDTH:0.45
G1 F900
G1 X110.003 Y104.672 E2.0037
G1 X108.072 Y104.123 E2.10026
G1 X108.252 Y103.372 E2.1374
G1 X108.128 Y102.88 E2.1618
G1 X107.936 Y102.64 E2.17658
G1 X107.553 Y102.427 E2.19766
G1 X97.942 Y99.694 E2.67824
G1 X97.918 Y99.616 E2.68217
G1 X98.287 Y98.394 E2.74357
G1 X107.922 Y101.122 E3.2252
G1 X108.362 Y101.143 E3.24639
G1 X108.652 Y101.04 E3.26119
G1 X109.011 Y100.695 E3.28514
G1 X109.114 Y100.459 E3.29752
G1 X109.253 Y99.97 E3.32197
G1 X111.184 Y100.52 E3.41854
G1 X110.04 Y104.54 E3.61956
G1 X110.04 Y104.54 F7800
G1 X110.395 Y104.704
G1 F900
G1 X110.326 Y104.944 E3.63157
G1 X110.473 Y105.207 E3.64606
G1 X107.755 Y104.433 E3.78198
G1 X107.647 Y104.206 E3.79407
G1 X107.867 Y103.365 E3.83588
G1 X107.792 Y103.07 E3.85052
G1 X107.677 Y102.926 E3.85938
G1 X107.447 Y102.798 E3.87204
G1 X97.634 Y100.008 E4.36272
G1 X97.516 Y99.62 E4.38223
G1 X97.912 Y98.225 E4.45198
G1 X98.197 Y97.968 E4.47044
G1 X108.027 Y100.751 E4.96181
G1 X108.292 Y100.764 E4.97457
G1 X108.466 Y100.702 E4.98345
G1 X108.681 Y100.495 E4.9978
G1 X108.743 Y100.353 E5.00525
G1 X108.937 Y99.672 E5.03931
G1 X109.145 Y99.539 E5.05118
G1 X111.827 Y100.302 E5.18529
G1 X111.604 Y100.453 E5.19824
G1 X110.411 Y104.646 E5.40791
G1 X110.765 Y104.809 F7800
;TYPE:External perimeter
G1 F1800
G1 X110.697 Y105.049 E5.41991
;WIDTH:0.459961
G1 X110.829 Y105.292 E5.43355
G1 X117.011 Y107.051 E5.75067
G1 X117.233 Y107.526 E5.77654
G1 X109.958 Y105.461 E6.14966
;WIDTH:0.45
G1 X107.481 Y104.756 E6.27353
G1 X107.237 Y104.24 E6.30098
G1 X107.474 Y103.407 E6.34263
G1 X107.456 Y103.259 E6.3498
G1 X107.341 Y103.169 E6.35682
G1 X97.327 Y100.321 E6.85756
G1 X97.113 Y99.624 E6.89263
G1 X97.568 Y98.025 E6.97259
G1 X97.716 Y97.875 E6.98273
G1 X98.112 Y97.543 E7.00758
G1 X108.132 Y100.38 E7.50845
G1 X108.28 Y100.364 E7.51561
G1 X108.372 Y100.248 E7.52273
G1 X108.607 Y99.425 E7.5639
G1 X109.084 Y99.121 E7.59111
G1 X111.568 Y99.827 E7.71531
;WIDTH:0.456716
G1 X118.829 Y101.897 E8.08478
;WIDTH:0.456715
G1 X118.396 Y102.181 E8.11012
G1 X112.214 Y100.422 E8.42464
G1 X111.975 Y100.558 E8.4381
;WIDTH:0.45
G1 X110.782 Y104.752 E8.64782
G1 X110.77 Y105.151 F7800
G1 E6.64782 F2400
G92 E0
G1 X98.256 Y99.483 F7800
G1 E2 F2400
;TYPE:Solid infill
G1 F1200
G1 X98.466 Y98.745 E2.0369
G1 X107.929 Y101.42 E2.50987
G1 X108.38 Y101.429 E2.53157
G1 X108.826 Y101.264 E2.55444
G1 X109.277 Y100.802 E2.58549
G1 X109.442 Y100.325 E2.60977
G1 X110.827 Y100.719 E2.67903
G1 X109.804 Y104.315 E2.85885
G1 X108.42 Y103.921 E2.92806
G1 X108.534 Y103.333 E2.95687
G1 X108.395 Y102.782 E2.9842
G1 X108.152 Y102.451 E3.00395
G1 X107.714 Y102.177 E3.0288
G1 X98.441 Y99.536 E3.49253
G1 X98.73 Y99.219 E3.51316
;WIDTH:0.465397
G1 X107.822 Y101.798 E3.98585
;WIDTH:0.469875
G1 X108.035 Y101.913 E3.99809
;WIDTH:0.462326
G1 X108.304 Y102.078 E4.01375
;WIDTH:0.45
G1 X108.66 Y102.469 E4.03918
G1 X108.768 Y102.688 E4.05092
G1 X108.907 Y103.238 E4.0782
G1 X108.91 Y103.51 E4.09128
G1 X108.878 Y103.65 E4.09819
G1 X109.538 Y103.838 E4.1312
G1 X110.35 Y100.984 E4.27392
G1 X109.688 Y100.796 E4.30702
G1 X109.587 Y101.044 E4.3199
G1 X109.093 Y101.542 E4.35364
G1 X108.887 Y101.669 E4.36528
G1 X108.379 Y101.814 E4.39069
;WIDTH:0.469875
G1 X107.871 Y101.812 E4.41638
G1 X107.871 Y101.812 F7800
G1 X108.93 Y102.114
;WIDTH:0.544332
G1 F1200
G1 X109.183 Y102.009 E4.43278
G1 X109.75 Y101.512 E4.47792
G1 X109.309 Y103.062 E4.57439
G1 X109.09 Y102.336 E4.61978
G1 X109.043 Y102.27 E4.62463
G1 E2.62463 F2400
G92 E0
G1 X109.043 Y102.27 F7800
G92 E0
G1 X119.211 Y118.026
G1 E2 F2400
;TYPE:Support material
;WIDTH:0.35
G1 F3600
G1 X119.673 Y117.627 E2.02175
G1 X120.38 Y117.377 E2.04846
G1 X120.431 Y117.031 E2.06092
G1 X121.289 Y117.259 E2.09255
G1 X121.688 Y117.522 E2.10957
G1 X121.999 Y117.849 E2.12565
G1 X122.255 Y118.268 E2.14314
G1 X122.407 Y118.681 E2.15882
G1 X122.454 Y119.092 E2.17356
G1 X122.258 Y119.906 E2.20339
G1 X122.04 Y120.256 E2.21808
G1 X121.709 Y120.564 E2.23419
G1 X121.339 Y120.8 E2.24982
G1 X120.774 Y120.997 E2.27114
G1 X119.944 Y121.004 E2.30071
G1 X119.496 Y120.861 E2.31746
G1 X119.013 Y120.454 E2.33996
G1 X118.809 Y120.182 E2.35207
G1 X118.503 Y119.313 E2.38489
G1 X117.715 Y118.339 E2.42952
G1 X117.714 Y118.204 E2.43433
G1 X117.878 Y118.086 E2.44153
G1 X118.953 Y117.789 E2.48126
G1 X119.484 Y117.331 E2.50624
G1 X119.958 Y117.102 E2.52499
G1 X120.388 Y117.025 E2.54055
G1 X120.388 Y117.025 F7800
G1 X120.646 Y116.709
G1 F3600
G1 X121.449 Y116.945 E2.57037
G1 X121.914 Y117.252 E2.59022
G1 X122.279 Y117.634 E2.60904
G1 X122.572 Y118.115 E2.6291
G1 X122.75 Y118.599 E2.64747
G1 X122.807 Y119.094 E2.66522
G1 X122.743 Y119.587 E2.68293
G1 X122.575 Y120.059 E2.70078
G1 X122.312 Y120.481 E2.71849
G1 X121.498 Y121.115 E2.75525
G1 X120.828 Y121.343 E2.78046
G1 X119.875 Y121.35 E2.81441
G1 X119.339 Y121.178 E2.83446
G1 X118.75 Y120.686 E2.8618
G1 X118.323 Y119.994 E2.89077
G1 X118.179 Y119.466 E2.91027
G1 X117.494 Y118.7 E2.94688
G1 X117.365 Y118.415 E2.95802
G1 X117.364 Y118.164 E2.96696
G1 X117.482 Y117.94 E2.97598
G1 X117.723 Y117.766 E2.98657
G1 X118.782 Y117.468 E3.02576
G1 X119.295 Y117.035 E3.04967
G1 X119.632 Y116.857 E3.06325
G1 X120.209 Y116.686 E3.08469
G1 X120.604 Y116.702 E3.09877
G1 E1.09877 F2400
G92 E0
G1 X120.604 Y116.702 F7800
G1 X110.024 Y118.111
G1 E2 F2400
;TYPE:Perimeter
;WIDTH:0.45
G1 F900
G1 X110.003 Y118.185 E2.0037
G1 X108.072 Y117.635 E2.10027
G1 X108.252 Y116.884 E2.13741
G1 X108.128 Y116.393 E2.16177
G1 X107.936 Y116.153 E2.17655
G1 X107.553 Y115.94 E2.19763
G1 X97.942 Y113.207 E2.67821
G1 X97.918 Y113.128 E2.68218
G1 X98.287 Y111.907 E2.74353
G1 X107.922 Y114.635 E3.22516
G1 X108.362 Y114.656 E3.24635
G1 X108.652 Y114.552 E3.26117
G1 X109.011 Y114.208 E3.28508
G1 X109.114 Y113.972 E3.29746
G1 X109.253 Y113.483 E3.32191
G1 X111.184 Y114.033 E3.41848
G1 X110.04 Y118.053 E3.6195
G1 X110.04 Y118.053 F7800
G1 X110.395 Y118.217
G1 F900
G1 X110.326 Y118.457 E3.63151
G1 X110.473 Y118.719 E3.64596
G1 X107.755 Y117.946 E3.78187
G1 X107.647 Y117.719 E3.79396
G1 X107.867 Y116.877 E3.83582
G1 X107.792 Y116.583 E3.85041
G1 X107.677 Y116.439 E3.85927
G1 X107.447 Y116.311 E3.87193
G1 X97.634 Y113.521 E4.36261
G1 X97.516 Y113.132 E4.38216
G1 X97.912 Y111.738 E4.45186
G1 X98.197 Y111.48 E4.47035
G1 X108.027 Y114.264 E4.96173
G1 X108.292 Y114.277 E4.97449
G1 X108.466 Y114.215 E4.98337
G1 X108.681 Y114.008 E4.99772
G1 X108.743 Y113.866 E5.00517
G1 X108.937 Y113.184 E5.03927
G1 X109.145 Y113.052 E5.05112
G1 X111.827 Y113.815 E5.18523
G1 X111.604 Y113.966 E5.19818
G1 X110.411 Y118.159 E5.40785
G1 X110.411 Y118.159 F7800
G1 X110.765 Y118.322
;TYPE:External perimeter
G1 F1800
G1 X110.697 Y118.562 E5.41985
;WIDTH:0.459961
G1 X110.829 Y118.805 E5.43349
G1 X117.011 Y120.564 E5.75061
G1 X117.233 Y121.039 E5.77648
G1 X109.958 Y118.974 E6.1496
;WIDTH:0.45
G1 X107.481 Y118.269 E6.27347
G1 X107.237 Y117.753 E6.30092
G1 X107.474 Y116.92 E6.34257
G1 X107.456 Y116.772 E6.34974
G1 X107.341 Y116.681 E6.35679
G1 X97.327 Y113.834 E6.85752
G1 X97.113 Y113.136 E6.89263
G1 X97.568 Y111.537 E6.97259
G1 X97.716 Y111.387 E6.98273
G1 X98.112 Y111.056 E7.00755
G1 X108.132 Y113.893 E7.50842
G1 X108.28 Y113.877 E7.51558
G1 X108.372 Y113.761 E7.5227
G1 X108.607 Y112.938 E7.56387
G1 X109.084 Y112.633 E7.5911
G1 X111.568 Y113.34 E7.71532
;WIDTH:0.456716
G1 X118.829 Y115.409 E8.08477
;WIDTH:0.456715
G1 X118.396 Y115.694 E8.11014
G1 X112.214 Y113.935 E8.42466
G1 X111.975 Y114.071 E8.43812
;WIDTH:0.45
G1 X110.782 Y118.264 E8.64779
G1 X110.77 Y118.664 F7800
G1 E6.64779 F2400
G92 E0
G1 X98.256 Y112.996 F7800
G1 E2 F2400
;TYPE:Solid infill
G1 F1200
G1 X98.466 Y112.258 E2.0369
G1 X107.929 Y114.933 E2.50987
G1 X108.38 Y114.942 E2.53157
G1 X108.826 Y114.777 E2.55444
G1 X109.277 Y114.315 E2.58549
G1 X109.442 Y113.838 E2.60977
G1 X110.827 Y114.232 E2.67903
G1 X109.804 Y117.827 E2.8588
G1 X108.42 Y117.434 E2.928
G1 X108.534 Y116.846 E2.95681
G1 X108.395 Y116.295 E2.98414
G1 X108.152 Y115.963 E3.00393
G1 X107.714 Y115.69 E3.02875
G1 X98.441 Y113.049 E3.49248
G1 X98.73 Y112.732 E3.51311
;WIDTH:0.465397
G1 X107.822 Y115.311 E3.9858
;WIDTH:0.469875
G1 X108.035 Y115.426 E3.99804
;WIDTH:0.462326
G1 X108.304 Y115.591 E4.0137
;WIDTH:0.45
G1 X108.66 Y115.982 E4.03913
G1 X108.768 Y116.201 E4.05087
G1 X108.907 Y116.751 E4.07815
G1 X108.91 Y117.023 E4.09123
G1 X108.878 Y117.163 E4.09814
G1 X109.538 Y117.351 E4.13115
G1 X110.35 Y114.497 E4.27387
G1 X109.688 Y114.309 E4.30697
G1 X109.587 Y114.556 E4.3198
G1 X109.093 Y115.055 E4.35357
G1 X108.887 Y115.182 E4.36521
G1 X108.379 Y115.327 E4.39062
;WIDTH:0.469875
G1 X107.871 Y115.325 E4.41631
G1 X107.871 Y115.325 F7800
G1 X108.93 Y115.627
;WIDTH:0.544332
G1 F1200
G1 X109.183 Y115.522 E4.43271
G1 X109.75 Y115.025 E4.47785
G1 X109.309 Y116.575 E4.57432
G1 X109.09 Y115.849 E4.61971
G1 X109.043 Y115.783 E4.62456
G1 E2.62456 F2400
G92 E0
G1 X109.043 Y115.783 F7800
G92 E0
G1 X119.211 Y131.539
G1 E2 F2400
;TYPE:Support material
;WIDTH:0.35
G1 F3600
G1 X119.673 Y131.14 E2.02175
G1 X120.38 Y130.89 E2.04846
G1 X120.431 Y130.544 E2.06092
G1 X121.289 Y130.772 E2.09255
G1 X121.688 Y131.035 E2.10957
G1 X121.999 Y131.361 E2.12562
G1 X122.255 Y131.781 E2.14314
G1 X122.407 Y132.194 E2.15882
G1 X122.454 Y132.605 E2.17356
G1 X122.258 Y133.419 E2.20339
G1 X122.04 Y133.769 E2.21808
G1 X121.709 Y134.077 E2.23419
G1 X121.339 Y134.313 E2.24982
G1 X120.774 Y134.51 E2.27114
G1 X119.944 Y134.517 E2.30071
G1 X119.496 Y134.374 E2.31746
G1 X119.013 Y133.967 E2.33996
G1 X118.809 Y133.694 E2.3521
G1 X118.503 Y132.826 E2.38489
G1 X117.715 Y131.852 E2.42952
G1 X117.714 Y131.717 E2.43433
G1 X117.878 Y131.599 E2.44153
G1 X118.953 Y131.302 E2.48126
G1 X119.484 Y130.844 E2.50624
G1 X119.958 Y130.615 E2.52499
G1 X120.388 Y130.538 E2.54055
G1 X120.388 Y130.538 F7800
G1 X120.646 Y130.221
G1 F3600
G1 X121.449 Y130.458 E2.57038
G1 X121.914 Y130.765 E2.59023
G1 X122.279 Y131.147 E2.60905
G1 X122.572 Y131.628 E2.62911
G1 X122.75 Y132.112 E2.64748
G1 X122.807 Y132.607 E2.66523
G1 X122.743 Y133.1 E2.68294
G1 X122.575 Y133.572 E2.70079
G1 X122.312 Y133.993 E2.71847
G1 X121.498 Y134.627 E2.75523
G1 X120.828 Y134.856 E2.78045
G1 X119.875 Y134.862 E2.8144
G1 X119.339 Y134.691 E2.83444
G1 X118.75 Y134.199 E2.86178
G1 X118.323 Y133.507 E2.89075
G1 X118.179 Y132.979 E2.91025
G1 X117.494 Y132.213 E2.94686
G1 X117.365 Y131.928 E2.958
G1 X117.364 Y131.677 E2.96694
G1 X117.482 Y131.453 E2.97596
G1 X117.723 Y131.279 E2.98655
G1 X118.782 Y130.981 E3.02574
G1 X119.295 Y130.548 E3.04965
G1 X119.632 Y130.37 E3.06323
G1 X120.209 Y130.199 E3.08467
G1 X120.604 Y130.215 E3.09875
G1 E1.09875 F2400
G92 E0
G1 X120.604 Y130.215 F7800
G1 X110.024 Y131.624
G1 E2 F2400
;TYPE:Perimeter
;WIDTH:0.45
G1 F900
G1 X110.003 Y131.698 E2.0037
G1 X108.072 Y131.148 E2.10027
G1 X108.252 Y130.397 E2.13741
G1 X108.128 Y129.906 E2.16177
G1 X107.936 Y129.666 E2.17655
G1 X107.553 Y129.453 E2.19763
G1 X97.942 Y126.72 E2.67821
G1 X97.918 Y126.641 E2.68218
G1 X98.287 Y125.42 E2.74353
G1 X107.922 Y128.148 E3.22516
G1 X108.362 Y128.169 E3.24635
G1 X108.652 Y128.065 E3.26117
G1 X109.011 Y127.721 E3.28508
G1 X109.114 Y127.484 E3.29751
G1 X109.253 Y126.996 E3.32191
G1 X111.184 Y127.546 E3.41848
G1 X110.04 Y131.566 E3.6195
G1 X110.04 Y131.566 F7800
G1 X110.395 Y131.729
G1 F900
G1 X110.326 Y131.969 E3.63151
G1 X110.473 Y132.232 E3.646
G1 X107.755 Y131.459 E3.78191
G1 X107.647 Y131.232 E3.794
G1 X107.867 Y130.39 E3.83586
G1 X107.792 Y130.096 E3.85045
G1 X107.677 Y129.951 E3.85935
G1 X107.447 Y129.824 E3.87199
G1 X97.634 Y127.033 E4.36268
G1 X97.516 Y126.645 E4.38219
G1 X97.912 Y125.251 E4.45189
G1 X98.197 Y124.993 E4.47038
G1 X108.027 Y127.777 E4.96176
G1 X108.292 Y127.789 E4.97452
G1 X108.466 Y127.727 E4.9834
G1 X108.681 Y127.521 E4.99772
G1 X108.743 Y127.379 E5.00517
G1 X108.937 Y126.697 E5.03927
G1 X109.145 Y126.565 E5.05112
G1 X111.827 Y127.328 E5.18523
G1 X111.604 Y127.479 E5.19818
G1 X110.411 Y131.672 E5.40785
G1 X110.411 Y131.672 F7800
G1 X110.765 Y131.835
;TYPE:External perimeter
G1 F1800
G1 X110.697 Y132.075 E5.41985
;WIDTH:0.459961
G1 X110.829 Y132.318 E5.43349
G1 X117.011 Y134.077 E5.75061
G1 X117.233 Y134.552 E5.77648
G1 X109.958 Y132.487 E6.1496
;WIDTH:0.45
G1 X107.481 Y131.782 E6.27347
G1 X107.237 Y131.266 E6.30092
G1 X107.474 Y130.432 E6.34262
G1 X107.456 Y130.285 E6.34974
G1 X107.341 Y130.194 E6.35679
G1 X97.327 Y127.347 E6.85752
G1 X97.113 Y126.649 E6.89263
G1 X97.568 Y125.05 E6.97259
G1 X97.716 Y124.9 E6.98273
G1 X98.112 Y124.568 E7.00758
G1 X108.132 Y127.406 E7.50846
G1 X108.28 Y127.39 E7.51562
G1 X108.372 Y127.273 E7.52278
G1 X108.607 Y126.451 E7.5639
G1 X109.084 Y126.146 E7.59113
G1 X111.568 Y126.853 E7.71535
;WIDTH:0.456716
G1 X118.829 Y128.922 E8.0848
;WIDTH:0.456715
G1 X118.396 Y129.207 E8.11017
G1 X112.214 Y127.448 E8.42469
G1 X111.975 Y127.584 E8.43815
;WIDTH:0.45
G1 X110.782 Y131.777 E8.64782
G1 X110.77 Y132.177 F7800
G1 E6.64782 F2400
G92 E0
G1 X98.256 Y126.509 F7800
G1 E2 F2400
;TYPE:Solid infill
G1 F1200
G1 X98.466 Y125.771 E2.0369
G1 X107.929 Y128.446 E2.50987
G1 X108.38 Y128.455 E2.53157
G1 X108.826 Y128.29 E2.55444
G1 X109.277 Y127.828 E2.58549
G1 X109.442 Y127.351 E2.60977
G1 X110.827 Y127.745 E2.67903
G1 X109.804 Y131.34 E2.8588
G1 X108.42 Y130.947 E2.928
G1 X108.534 Y130.359 E2.95681
G1 X108.395 Y129.808 E2.98414
G1 X108.152 Y129.476 E3.00393
G1 X107.714 Y129.203 E3.02875
G1 X98.441 Y126.561 E3.4925
G1 X98.73 Y126.245 E3.5131
;WIDTH:0.465397
G1 X107.822 Y128.824 E3.98579
;WIDTH:0.469875
G1 X108.035 Y128.939 E3.99803
;WIDTH:0.462326
G1 X108.304 Y129.104 E4.01369
;WIDTH:0.45
G1 X108.66 Y129.495 E4.03912
G1 X108.768 Y129.714 E4.05086
G1 X108.907 Y130.264 E4.07814
G1 X108.91 Y130.536 E4.09122
G1 X108.878 Y130.676 E4.09813
G1 X109.538 Y130.864 E4.13114
G1 X110.35 Y128.01 E4.27386
G1 X109.688 Y127.821 E4.30697
G1 X109.587 Y128.069 E4.31985
G1 X109.093 Y128.568 E4.35362
G1 X108.887 Y128.695 E4.36526
G1 X108.379 Y128.84 E4.39067
;WIDTH:0.469875
G1 X107.871 Y128.838 E4.41636
G1 X107.871 Y128.838 F7800
G1 X108.93 Y129.139
;WIDTH:0.544332
G1 F1200
G1 X109.183 Y129.035 E4.43273
G1 X109.75 Y128.538 E4.47787
G1 X109.309 Y130.088 E4.57434
G1 X109.09 Y129.362 E4.61973
G1 X109.043 Y129.296 E4.62458
M106 S127.5
;LAYER_CHANGE
;Z:2.45
;HEIGHT:0.3
G1 Z2.45 F7800
G1 E2.62458 F2400
G92 E0
G1 X109.043 Y129.296 F7800
G92 E0
G1 X122.965 Y91.992
G1 E2 F2400
;TYPE:Support material
;WIDTH:0.35
G1 F3600
G1 X123.567 Y91.636 E2.02491
G1 X124.243 Y91.51 E2.04941
G1 X124.249 Y91.16 E2.06188
G1 X124.805 Y91.267 E2.08205
G1 X125.505 Y91.827 E2.11398
G1 X125.891 Y92.62 E2.1454
G1 X125.894 Y93.466 E2.17554
G1 X125.646 Y94.05 E2.19814
G1 X125.204 Y94.562 E2.22224
G1 X124.397 Y94.953 E2.25419
G1 X123.917 Y95.003 E2.27138
G1 X123.343 Y94.833 E2.29271
G1 X122.805 Y94.465 E2.31593
G1 X122.415 Y93.944 E2.33911
G1 X122.232 Y93.492 E2.35648
G1 X121.705 Y93.07 E2.38053
G1 X121.024 Y92.248 E2.41856
G1 X121.024 Y92.108 E2.42355
G1 X121.185 Y91.989 E2.43068
G1 X121.657 Y91.917 E2.44769
G1 X122.309 Y91.692 E2.47226
G1 X122.776 Y91.697 E2.4889
G1 X123.418 Y91.318 E2.51546
G1 X124.206 Y91.159 E2.5441
G1 X124.206 Y91.159 F7800
G1 X124.437 Y90.813
G1 F3600
G1 X124.962 Y90.952 E2.56345
G1 X125.407 Y91.235 E2.58224
G1 X125.78 Y91.607 E2.60101
G1 X126.063 Y92.055 E2.61989
G1 X126.234 Y92.54 E2.63821
G1 X126.292 Y93.043 E2.65625
G1 X126.237 Y93.544 E2.6742
G1 X125.943 Y94.235 E2.70095
G1 X125.424 Y94.837 E2.72927
G1 X124.971 Y95.121 E2.74832
G1 X124.475 Y95.296 E2.76706
G1 X123.9 Y95.357 E2.78766
G1 X123.195 Y95.152 E2.81382
G1 X122.56 Y94.717 E2.84124
G1 X122.102 Y94.104 E2.8685
G1 X121.942 Y93.708 E2.88372
G1 X121.448 Y93.313 E2.90625
G1 X120.802 Y92.607 E2.94034
G1 X120.675 Y92.323 E2.95142
G1 X120.674 Y92.066 E2.96058
G1 X120.79 Y91.846 E2.96944
G1 X121.028 Y91.671 E2.97996
G1 X122.274 Y91.342 E3.02587
G1 X122.682 Y91.346 E3.04041
G1 X123.475 Y90.926 E3.07238
G1 X124.394 Y90.812 E3.10537
G1 E1.10537 F2400
G92 E0
G1 X124.394 Y90.812 F7800
G1 X113.597 Y92.308
G1 E2 F2400
;TYPE:Perimeter
;WIDTH:0.45
G1 F900
G1 X111.666 Y91.758 E2.09657
G1 X111.779 Y91.36 E2.11647
G1 X111.815 Y91.052 E2.13138
G1 X111.761 Y90.775 E2.14495
G1 X111.643 Y90.545 E2.15738
G1 X111.447 Y90.337 E2.17113
G1 X111.116 Y90.169 E2.18898
G1 X101.465 Y87.415 E2.67169
G1 X101.956 Y85.688 E2.75804
G1 X111.611 Y88.43 E3.24078
G1 X111.981 Y88.461 E3.25864
G1 X112.256 Y88.388 E3.27232
G1 X112.48 Y88.253 E3.2849
G1 X112.673 Y88.043 E3.29862
G1 X112.802 Y87.767 E3.31327
G1 X112.917 Y87.36 E3.33361
G1 X114.848 Y87.909 E3.43017
G1 X113.613 Y92.25 E3.64724
G1 X113.613 Y92.25 F7800
G1 X114.028 Y92.831
G1 F900
G1 X111.336 Y92.066 E3.78184
G1 X111.234 Y91.868 E3.79255
G1 X111.43 Y91.069 E3.83212
G1 X111.397 Y90.903 E3.84026
G1 X111.209 Y90.641 E3.85577
G1 X111.011 Y90.54 E3.86646
G1 X101.165 Y87.731 E4.35891
G1 X101.052 Y87.459 E4.37308
G1 X101.628 Y85.435 E4.47429
G1 X101.868 Y85.262 E4.48852
G1 X111.716 Y88.059 E4.98091
G1 X111.938 Y88.078 E4.99163
G1 X112.103 Y88.034 E4.99984
G1 X112.353 Y87.827 E5.01545
G1 X112.431 Y87.661 E5.02427
G1 X112.605 Y87.048 E5.05492
G1 X112.803 Y86.926 E5.06611
G1 X115.47 Y87.685 E5.19948
G1 X115.275 Y87.817 E5.21081
G1 X113.909 Y92.618 E5.45089
G1 X113.999 Y92.779 E5.45976
G1 X113.999 Y92.779 F7800
G1 X114.348 Y92.842
;TYPE:External perimeter
G1 F1800
G1 X114.414 Y92.957 E5.46614
;WIDTH:0.439828
G1 X120.604 Y94.718 E5.76751
G1 X120.832 Y95.173 E5.79134
G1 X114.312 Y93.318 E6.10877
;WIDTH:0.45
G1 X111.071 Y92.391 E6.2709
G1 X110.821 Y91.909 E6.29702
G1 X111.037 Y91.149 E6.33502
G1 X111.01 Y90.986 E6.34297
G1 X110.905 Y90.911 E6.34918
G1 X100.88 Y88.051 E6.85059
G1 X100.644 Y87.483 E6.88017
G1 X101.294 Y85.2 E6.99434
G1 X101.794 Y84.84 E7.02397
G1 X111.822 Y87.688 E7.52536
G1 X111.951 Y87.68 E7.53158
G1 X112.06 Y87.556 E7.53952
G1 X112.275 Y86.798 E7.57742
G1 X112.746 Y86.509 E7.604
G1 X115.987 Y87.428 E7.76603
;WIDTH:0.443468
G1 X122.51 Y89.284 E8.08669
G1 X122.073 Y89.553 E8.11095
G1 X115.884 Y87.793 E8.41518
;WIDTH:0.45
G1 X115.646 Y87.922 E8.4282
G1 X114.28 Y92.724 E8.66832
G1 X114.318 Y92.79 E8.67198
G1 X114.649 Y93.015 F7800
G1 E6.67198 F2400
G92 E0
G1 X102.155 Y86.045 F7800
G1 E2 F2400
;TYPE:Solid infill
G1 F1200
G1 X111.619 Y88.729 E2.47314
G1 X111.984 Y88.748 E2.49072
G1 X112.344 Y88.662 E2.50852
G1 X112.639 Y88.493 E2.52487
G1 X112.911 Y88.205 E2.54392
G1 X113.116 Y87.717 E2.56938
G1 X114.491 Y88.108 E2.63813
G1 X113.398 Y91.95 E2.83025
G1 X112.023 Y91.559 E2.899
G1 X112.102 Y91.069 E2.92287
G1 X112.04 Y90.705 E2.94063
G1 X111.893 Y90.402 E2.95683
G1 X111.646 Y90.13 E2.9745
G1 X111.28 Y89.919 E2.99482
G1 X101.822 Y87.217 E3.46792
G1 X102.103 Y86.231 E3.51723
G1 X102.446 Y86.545 E3.5396
;WIDTH:0.481074
G1 X102.432 Y86.541 E3.54036
G1 X102.318 Y86.941 E3.56198
G1 X102.518 Y86.998 E3.57279
;WIDTH:0.49064
G1 X111.391 Y89.529 E4.06334
G1 X111.926 Y89.865 E4.09693
;WIDTH:0.45
G1 X112.236 Y90.226 E4.11982
G1 X112.418 Y90.631 E4.14118
G1 X112.485 Y91.113 E4.16459
G1 X112.465 Y91.284 E4.17287
G1 X113.132 Y91.474 E4.20623
G1 X114.014 Y88.373 E4.36129
G1 X113.349 Y88.184 E4.39454
G1 X113.177 Y88.489 E4.41138
G1 X112.838 Y88.823 E4.43427
G1 X112.443 Y89.035 E4.45583
G1 X111.968 Y89.134 E4.47917
;WIDTH:0.49064
G1 X111.508 Y89.119 E4.50364
G1 X102.632 Y86.597 E4.99422
G1 E2.99422 F2400
G92 E0
G1 X102.632 Y86.597 F7800
G1 X112.084 Y89.505
G1 E2 F2400
;WIDTH:0.45
G1 F1200
G1 X112.541 Y89.407 E2.02248
G1 X112.793 Y89.301 E2.03563
G1 X113.248 Y88.981 E2.06238
G1 X113.532 Y88.66 E2.08299
G1 X112.871 Y90.984 E2.1992
G1 X112.856 Y90.861 E2.20516
G1 X112.708 Y90.302 E2.23297
G1 X112.422 Y89.828 E2.2596
G1 X112.223 Y89.638 E2.27283
G1 X112.863 Y89.751 E2.30409
;WIDTH:0.453143
G1 X112.816 Y89.763 E2.30644
G1 X112.795 Y89.682 E2.3105
G1 X112.876 Y89.704 E2.31457
G1 E.31457 F2400
G92 E0
G1 X112.876 Y89.704 F7800
G92 E0
G1 X119.338 Y104.473
G1 E2 F2400
;TYPE:Support material
;WIDTH:0.35
G1 F3600
G1 X119.94 Y104.117 E2.02491
G1 X120.616 Y103.991 E2.04941
G1 X120.622 Y103.641 E2.06188
G1 X121.178 Y103.748 E2.08205
G1 X121.878 Y104.308 E2.11398
G1 X122.264 Y105.1 E2.14537
G1 X122.267 Y105.947 E2.17554
G1 X122.019 Y106.531 E2.19814
G1 X121.577 Y107.042 E2.22221
G1 X120.77 Y107.433 E2.25416
G1 X120.29 Y107.484 E2.27136
G1 X119.716 Y107.314 E2.29269
G1 X119.178 Y106.946 E2.31591
G1 X118.788 Y106.425 E2.33909
G1 X118.605 Y105.973 E2.35646
G1 X118.077 Y105.551 E2.38054
G1 X117.397 Y104.728 E2.41857
G1 X117.397 Y104.589 E2.42352
G1 X117.558 Y104.47 E2.43065
G1 X118.03 Y104.398 E2.44766
G1 X118.682 Y104.173 E2.47223
G1 X119.149 Y104.178 E2.48887
G1 X119.79 Y103.799 E2.5154
G1 X120.579 Y103.64 E2.54407
G1 X120.579 Y103.64 F7800
G1 X120.81 Y103.294
G1 F3600
G1 X121.335 Y103.432 E2.56341
G1 X121.779 Y103.716 E2.58219
G1 X122.153 Y104.088 E2.60098
G1 X122.436 Y104.536 E2.61986
G1 X122.607 Y105.021 E2.63818
G1 X122.665 Y105.524 E2.65622
G1 X122.61 Y106.025 E2.67417
G1 X122.316 Y106.716 E2.70092
G1 X121.797 Y107.318 E2.72924
G1 X121.344 Y107.602 E2.74829
G1 X120.848 Y107.777 E2.76703
G1 X120.273 Y107.838 E2.78763
G1 X119.568 Y107.633 E2.81379
G1 X118.933 Y107.198 E2.84121
G1 X118.475 Y106.585 E2.86847
G1 X118.314 Y106.189 E2.8837
G1 X117.821 Y105.794 E2.9062
G1 X117.175 Y105.088 E2.94029
G1 X117.047 Y104.804 E2.95139
G1 X117.047 Y104.547 E2.96055
G1 X117.163 Y104.327 E2.96941
G1 X117.4 Y104.151 E2.97993
G1 X118.646 Y103.822 E3.02584
G1 X119.055 Y103.827 E3.04041
G1 X119.848 Y103.406 E3.07239
G1 X120.767 Y103.293 E3.10538
G1 E1.10538 F2400
G92 E0
G1 X120.767 Y103.293 F7800
G1 X109.97 Y104.789
G1 E2 F2400
;TYPE:Perimeter
;WIDTH:0.45
G1 F900
G1 X108.039 Y104.239 E2.09657
G1 X108.152 Y103.841 E2.11647
G1 X108.188 Y103.532 E2.13143
G1 X108.134 Y103.255 E2.145
G1 X108.015 Y103.025 E2.15746
G1 X107.82 Y102.818 E2.17114
G1 X107.489 Y102.65 E2.18899
G1 X97.838 Y99.896 E2.6717
G1 X98.329 Y98.169 E2.75805
G1 X107.984 Y100.911 E3.24079
G1 X108.353 Y100.942 E3.2586
G1 X108.629 Y100.869 E3.27233
G1 X108.852 Y100.734 E3.28487
G1 X109.045 Y100.524 E3.29859
G1 X109.174 Y100.248 E3.31324
G1 X109.29 Y99.841 E3.33359
G1 X111.221 Y100.39 E3.43015
G1 X109.986 Y104.731 E3.64722
G1 X109.986 Y104.731 F7800
G1 X110.401 Y105.312
G1 F900
G1 X107.709 Y104.546 E3.78184
G1 X107.607 Y104.349 E3.79251
G1 X107.803 Y103.55 E3.83208
G1 X107.77 Y103.384 E3.84022
G1 X107.582 Y103.122 E3.85573
G1 X107.383 Y103.021 E3.86646
G1 X97.538 Y100.212 E4.35887
G1 X97.424 Y99.94 E4.37305
G1 X98 Y97.915 E4.47431
G1 X98.24 Y97.743 E4.48851
G1 X108.089 Y100.54 E4.98094
G1 X108.311 Y100.559 E4.99166
G1 X108.476 Y100.515 E4.99987
G1 X108.726 Y100.308 E5.01548
G1 X108.803 Y100.142 E5.02428
G1 X108.978 Y99.529 E5.05494
G1 X109.176 Y99.407 E5.06613
G1 X111.843 Y100.166 E5.1995
G1 X111.648 Y100.297 E5.2108
G1 X110.282 Y105.099 E5.45092
G1 X110.372 Y105.26 E5.45979
G1 X110.372 Y105.26 F7800
G1 X110.721 Y105.323
;TYPE:External perimeter
G1 F1800
G1 X110.787 Y105.438 E5.46617
;WIDTH:0.439828
G1 X116.977 Y107.199 E5.76754
G1 X117.204 Y107.654 E5.79135
G1 X110.684 Y105.799 E6.10878
;WIDTH:0.45
G1 X107.444 Y104.872 E6.27087
G1 X107.194 Y104.39 E6.29699
G1 X107.41 Y103.63 E6.33499
G1 X107.383 Y103.467 E6.34294
G1 X107.278 Y103.392 E6.34915
G1 X97.253 Y100.532 E6.85056
G1 X97.017 Y99.963 E6.88019
G1 X97.666 Y97.681 E6.9943
G1 X98.167 Y97.321 E7.02397
G1 X108.194 Y100.169 E7.52531
G1 X108.324 Y100.161 E7.53157
G1 X108.433 Y100.036 E7.53955
G1 X108.648 Y99.279 E7.5774
G1 X109.119 Y98.99 E7.60398
G1 X112.36 Y99.909 E7.76601
;WIDTH:0.443468
G1 X118.882 Y101.765 E8.08663
G1 X118.445 Y102.034 E8.11089
G1 X112.257 Y100.273 E8.41509
;WIDTH:0.45
G1 X112.019 Y100.403 E8.42813
G1 X110.653 Y105.205 E8.66825
G1 X110.691 Y105.271 E8.67191
G1 X111.022 Y105.496 F7800
G1 E6.67191 F2400
G92 E0
G1 X98.528 Y98.526 F7800
G1 E2 F2400
;TYPE:Solid infill
G1 F1200
G1 X107.991 Y101.209 E2.47308
G1 X108.356 Y101.229 E2.49066
G1 X108.717 Y101.143 E2.50851
G1 X109.011 Y100.974 E2.52482
G1 X109.284 Y100.686 E2.54391
G1 X109.489 Y100.198 E2.56937
G1 X110.864 Y100.589 E2.63812
G1 X109.771 Y104.431 E2.83024
G1 X108.396 Y104.04 E2.89899
G1 X108.474 Y103.55 E2.92285
G1 X108.413 Y103.186 E2.9406
G1 X108.266 Y102.883 E2.9568
G1 X108.019 Y102.611 E2.97447
G1 X107.653 Y102.4 E2.99479
G1 X98.195 Y99.698 E3.46789
G1 X98.475 Y98.712 E3.51719
G1 X98.819 Y99.026 E3.53959
;WIDTH:0.481074
G1 X98.804 Y99.022 E3.5404
G1 X98.69 Y99.422 E3.56202
G1 X98.891 Y99.479 E3.57288
;WIDTH:0.49064
G1 X107.764 Y102.01 E4.06343
G1 X108.299 Y102.346 E4.09702
;WIDTH:0.45
G1 X108.609 Y102.707 E4.11991
G1 X108.791 Y103.112 E4.14127
G1 X108.857 Y103.594 E4.16467
G1 X108.838 Y103.765 E4.17295
G1 X109.505 Y103.955 E4.20631
G1 X110.387 Y100.854 E4.36137
G1 X109.722 Y100.665 E4.39462
G1 X109.55 Y100.97 E4.41146
G1 X109.211 Y101.304 E4.43435
G1 X108.816 Y101.515 E4.45589
G1 X108.341 Y101.615 E4.47924
;WIDTH:0.49064
G1 X107.881 Y101.6 E4.50371
G1 X99.005 Y99.078 E4.99429
G1 E2.99429 F2400
G92 E0
G1 X99.005 Y99.078 F7800
G1 X108.457 Y101.985
G1 E2 F2400
;WIDTH:0.45
G1 F1200
G1 X108.914 Y101.888 E2.02247
G1 X109.166 Y101.782 E2.03562
G1 X109.621 Y101.461 E2.0624
G1 X109.905 Y101.14 E2.08301
G1 X109.244 Y103.465 E2.19927
G1 X109.229 Y103.342 E2.20523
G1 X109.081 Y102.782 E2.23309
G1 X108.795 Y102.309 E2.25968
G1 X108.596 Y102.119 E2.27291
G1 X109.236 Y102.232 E2.30417
;WIDTH:0.453143
G1 X109.189 Y102.244 E2.30652
G1 X109.167 Y102.163 E2.31059
G1 X109.249 Y102.185 E2.31471
G1 E.31471 F2400
G92 E0
G1 X109.249 Y102.185 F7800
G92 E0
G1 X119.338 Y117.986
G1 E2 F2400
;TYPE:Support material
;WIDTH:0.35
G1 F3600
G1 X119.94 Y117.63 E2.02491
G1 X120.616 Y117.504 E2.04941
G1 X120.622 Y117.154 E2.06188
G1 X121.178 Y117.261 E2.08205
G1 X121.878 Y117.821 E2.11398
G1 X122.264 Y118.613 E2.14537
G1 X122.267 Y119.46 E2.17554
G1 X122.019 Y120.044 E2.19814
G1 X121.577 Y120.555 E2.22221
G1 X120.77 Y120.946 E2.25416
G1 X120.29 Y120.997 E2.27136
G1 X119.716 Y120.827 E2.29269
G1 X119.178 Y120.459 E2.31591
G1 X118.788 Y119.938 E2.33909
G1 X118.605 Y119.486 E2.35646
G1 X118.077 Y119.063 E2.38056
G1 X117.397 Y118.241 E2.41856
G1 X117.397 Y118.102 E2.42351
G1 X117.558 Y117.983 E2.43064
G1 X118.03 Y117.911 E2.44765
G1 X118.682 Y117.686 E2.47222
G1 X119.149 Y117.691 E2.48886
G1 X119.79 Y117.311 E2.51541
G1 X120.579 Y117.153 E2.54408
G1 X120.579 Y117.153 F7800
G1 X120.81 Y116.807
G1 F3600
G1 X121.335 Y116.945 E2.56342
G1 X121.779 Y117.228 E2.58218
G1 X122.153 Y117.601 E2.601
G1 X122.436 Y118.049 E2.61988
G1 X122.607 Y118.534 E2.6382
G1 X122.665 Y119.037 E2.65624
G1 X122.61 Y119.537 E2.67416
G1 X122.316 Y120.229 E2.70094
G1 X121.797 Y120.83 E2.72923
G1 X121.344 Y121.115 E2.7483
G1 X120.848 Y121.29 E2.76704
G1 X120.273 Y121.351 E2.78764
G1 X119.568 Y121.145 E2.81381
G1 X118.933 Y120.711 E2.84121
G1 X118.475 Y120.098 E2.86847
G1 X118.314 Y119.702 E2.8837
G1 X117.821 Y119.307 E2.9062
G1 X117.175 Y118.601 E2.94029
G1 X117.047 Y118.317 E2.95139
G1 X117.047 Y118.06 E2.96055
G1 X117.163 Y117.84 E2.96941
G1 X117.4 Y117.664 E2.97993
G1 X118.646 Y117.335 E3.02584
G1 X119.055 Y117.34 E3.04041
G1 X119.848 Y116.919 E3.07239
G1 X120.767 Y116.806 E3.10538
G1 E1.10538 F2400
G92 E0
G1 X120.767 Y116.806 F7800
G1 X109.97 Y118.301
G1 E2 F2400
;TYPE:Perimeter
;WIDTH:0.45
G1 F900
G1 X108.039 Y117.752 E2.09656
G1 X108.152 Y117.354 E2.11646
G1 X108.188 Y117.045 E2.13142
G1 X108.134 Y116.768 E2.14499
G1 X108.015 Y116.538 E2.15745
G1 X107.82 Y116.331 E2.17113
G1 X107.489 Y116.163 E2.18898
G1 X97.838 Y113.409 E2.67169
G1 X98.329 Y111.682 E2.75804
G1 X107.984 Y114.424 E3.24078
G1 X108.353 Y114.455 E3.25859
G1 X108.629 Y114.382 E3.27232
G1 X108.852 Y114.247 E3.28486
G1 X109.045 Y114.037 E3.29858
G1 X109.174 Y113.76 E3.31328
G1 X109.29 Y113.353 E3.33363
G1 X111.221 Y113.903 E3.4302
G1 X109.986 Y118.244 E3.64727
G1 X109.986 Y118.244 F7800
G1 X110.401 Y118.825
G1 F900
G1 X107.709 Y118.059 E3.78189
G1 X107.607 Y117.861 E3.7926
G1 X107.803 Y117.063 E3.83212
G1 X107.77 Y116.897 E3.84026
G1 X107.582 Y116.635 E3.85577
G1 X107.383 Y116.534 E3.8665
G1 X97.538 Y113.725 E4.35891
G1 X97.424 Y113.452 E4.37314
G1 X98 Y111.428 E4.47435
G1 X98.24 Y111.256 E4.48855
G1 X108.089 Y114.053 E4.98098
G1 X108.311 Y114.071 E4.99169
G1 X108.476 Y114.028 E4.99989
G1 X108.726 Y113.821 E5.0155
G1 X108.803 Y113.655 E5.0243
G1 X108.978 Y113.042 E5.05496
G1 X109.176 Y112.92 E5.06615
G1 X111.843 Y113.679 E5.19952
G1 X111.648 Y113.81 E5.21082
G1 X110.282 Y118.612 E5.45094
G1 X110.372 Y118.773 E5.45981
G1 X110.372 Y118.773 F7800
G1 X110.721 Y118.836
;TYPE:External perimeter
G1 F1800
G1 X110.787 Y118.951 E5.46619
;WIDTH:0.439828
G1 X116.977 Y120.712 E5.76756
G1 X117.204 Y121.167 E5.79137
G1 X110.684 Y119.312 E6.1088
;WIDTH:0.45
G1 X107.444 Y118.385 E6.27089
G1 X107.194 Y117.903 E6.29701
G1 X107.41 Y117.143 E6.33501
G1 X107.383 Y116.98 E6.34296
G1 X107.278 Y116.904 E6.34919
G1 X97.253 Y114.044 E6.8506
G1 X97.017 Y113.476 E6.88018
G1 X97.666 Y111.193 E6.99433
G1 X98.167 Y110.834 E7.02397
G1 X108.194 Y113.682 E7.52531
G1 X108.324 Y113.674 E7.53157
G1 X108.433 Y113.549 E7.53955
G1 X108.648 Y112.791 E7.57745
G1 X109.119 Y112.503 E7.604
G1 X112.36 Y113.422 E7.76603
;WIDTH:0.443468
G1 X118.882 Y115.277 E8.08663
G1 X118.445 Y115.547 E8.11092
G1 X112.257 Y113.786 E8.41512
;WIDTH:0.45
G1 X112.019 Y113.916 E8.42816
G1 X110.653 Y118.718 E8.66828
G1 X110.691 Y118.784 E8.67194
G1 X111.022 Y119.009 F7800
G1 E6.67194 F2400
G92 E0
G1 X98.528 Y112.039 F7800
G1 E2 F2400
;TYPE:Solid infill
G1 F1200
G1 X107.991 Y114.722 E2.47308
G1 X108.356 Y114.742 E2.49066
G1 X108.717 Y114.656 E2.50851
G1 X109.011 Y114.487 E2.52482
G1 X109.284 Y114.199 E2.54391
G1 X109.489 Y113.711 E2.56937
G1 X110.864 Y114.102 E2.63812
G1 X109.771 Y117.944 E2.83024
G1 X108.396 Y117.553 E2.89899
G1 X108.474 Y117.062 E2.9229
G1 X108.413 Y116.699 E2.9406
G1 X108.266 Y116.396 E2.9568
G1 X108.019 Y116.124 E2.97447
G1 X107.653 Y115.913 E2.99479
G1 X98.195 Y113.21 E3.4679
G1 X98.475 Y112.225 E3.51715
G1 X98.819 Y112.539 E3.53955
;WIDTH:0.481074
G1 X98.804 Y112.534 E3.54037
G1 X98.69 Y112.935 E3.56204
G1 X98.891 Y112.992 E3.5729
;WIDTH:0.49064
G1 X107.764 Y115.523 E4.06345
G1 X108.299 Y115.859 E4.09704
;WIDTH:0.45
G1 X108.609 Y116.22 E4.11993
G1 X108.791 Y116.625 E4.14129
G1 X108.857 Y117.107 E4.16469
G1 X108.838 Y117.278 E4.17297
G1 X109.505 Y117.468 E4.20633
G1 X110.387 Y114.367 E4.36139
G1 X109.722 Y114.178 E4.39464
G1 X109.55 Y114.483 E4.41148
G1 X109.211 Y114.817 E4.43437
G1 X108.816 Y115.028 E4.45591
G1 X108.341 Y115.127 E4.47925
;WIDTH:0.49064
G1 X107.881 Y115.113 E4.50372
G1 X99.005 Y112.591 E4.9943
G1 E2.9943 F2400
G92 E0
G1 X99.005 Y112.591 F7800
G1 X108.457 Y115.498
G1 E2 F2400
;WIDTH:0.45
G1 F1200
G1 X108.914 Y115.401 E2.02247
G1 X109.166 Y115.295 E2.03562
G1 X109.621 Y114.974 E2.0624
G1 X109.905 Y114.653 E2.08301
G1 X109.244 Y116.977 E2.19922
G1 X109.229 Y116.855 E2.20513
G1 X109.081 Y116.295 E2.23299
G1 X108.795 Y115.822 E2.25958
G1 X108.596 Y115.632 E2.27281
G1 X109.236 Y115.745 E2.30407
;WIDTH:0.453143
G1 X109.189 Y115.757 E2.30642
G1 X109.167 Y115.676 E2.31049
G1 X109.249 Y115.698 E2.31461
G1 E.31461 F2400
G92 E0
G1 X109.249 Y115.698 F7800
G92 E0
G1 X119.338 Y131.499
G1 E2 F2400
;TYPE:Support material
;WIDTH:0.35
G1 F3600
G1 X119.94 Y131.143 E2.02491
G1 X120.616 Y131.017 E2.04941
G1 X120.622 Y130.667 E2.06188
G1 X121.178 Y130.773 E2.08204
G1 X121.878 Y131.334 E2.114
G1 X122.264 Y132.126 E2.14539
G1 X122.267 Y132.973 E2.17556
G1 X122.019 Y133.557 E2.19816
G1 X121.577 Y134.068 E2.22223
G1 X120.77 Y134.459 E2.25418
G1 X120.29 Y134.51 E2.27138
G1 X119.716 Y134.34 E2.29271
G1 X119.178 Y133.972 E2.31593
G1 X118.788 Y133.451 E2.33911
G1 X118.605 Y132.999 E2.35648
G1 X118.077 Y132.576 E2.38058
G1 X117.397 Y131.754 E2.41858
G1 X117.397 Y131.615 E2.42353
G1 X117.558 Y131.496 E2.43066
G1 X118.03 Y131.424 E2.44767
G1 X118.682 Y131.199 E2.47224
G1 X119.149 Y131.204 E2.48888
G1 X119.79 Y130.824 E2.51543
G1 X120.579 Y130.666 E2.5441
G1 X120.81 Y130.32 F7800
G1 F3600
G1 X121.335 Y130.458 E2.56344
G1 X121.779 Y130.741 E2.5822
G1 X122.153 Y131.113 E2.60099
G1 X122.436 Y131.561 E2.61987
G1 X122.607 Y132.047 E2.63822
G1 X122.665 Y132.55 E2.65626
G1 X122.61 Y133.05 E2.67418
G1 X122.316 Y133.742 E2.70096
G1 X121.797 Y134.343 E2.72925
G1 X121.344 Y134.628 E2.74832
G1 X120.848 Y134.803 E2.76706
G1 X120.273 Y134.864 E2.78766
G1 X119.568 Y134.658 E2.81383
G1 X118.933 Y134.223 E2.84125
G1 X118.475 Y133.61 E2.86851
G1 X118.314 Y133.215 E2.88371
G1 X117.821 Y132.819 E2.90624
G1 X117.175 Y132.114 E2.9403
G1 X117.047 Y131.829 E2.95143
G1 X117.047 Y131.573 E2.96055
G1 X117.163 Y131.353 E2.96941
G1 X117.4 Y131.177 E2.97993
G1 X118.646 Y130.848 E3.02584
G1 X119.055 Y130.853 E3.04041
G1 X119.848 Y130.432 E3.07239
G1 X120.767 Y130.319 E3.10538
G1 E1.10538 F2400
G92 E0
G1 X120.767 Y130.319 F7800
G1 X109.97 Y131.814
G1 E2 F2400
;TYPE:Perimeter
;WIDTH:0.45
G1 F900
G1 X108.039 Y131.265 E2.09656
G1 X108.152 Y130.867 E2.11646
G1 X108.188 Y130.558 E2.13142
G1 X108.134 Y130.281 E2.14499
G1 X108.015 Y130.051 E2.15745
G1 X107.82 Y129.844 E2.17113
G1 X107.489 Y129.676 E2.18898
G1 X97.838 Y126.922 E2.67169
G1 X98.329 Y125.195 E2.75804
G1 X107.984 Y127.937 E3.24078
G1 X108.353 Y127.968 E3.25859
G1 X108.629 Y127.895 E3.27232
G1 X108.852 Y127.76 E3.28486
G1 X109.045 Y127.55 E3.29858
G1 X109.174 Y127.273 E3.31328
G1 X109.29 Y126.866 E3.33363
G1 X111.221 Y127.416 E3.4302
G1 X109.986 Y131.757 E3.64727
G1 X109.986 Y131.757 F7800
G1 X110.401 Y132.338
G1 F900
G1 X107.709 Y131.572 E3.78189
G1 X107.607 Y131.374 E3.7926
G1 X107.803 Y130.576 E3.83212
G1 X107.77 Y130.41 E3.84026
G1 X107.582 Y130.148 E3.85577
G1 X107.383 Y130.046 E3.86653
G1 X97.538 Y127.237 E4.35894
G1 X97.424 Y126.965 E4.37312
G1 X98 Y124.941 E4.47433
G1 X98.24 Y124.769 E4.48853
G1 X108.089 Y127.566 E4.98096
G1 X108.311 Y127.584 E4.99167
G1 X108.476 Y127.541 E4.99987
G1 X108.726 Y127.334 E5.01548
G1 X108.803 Y127.168 E5.02428
G1 X108.978 Y126.554 E5.05499
G1 X109.176 Y126.433 E5.06615
G1 X111.843 Y127.192 E5.19952
G1 X111.648 Y127.323 E5.21082
G1 X110.282 Y132.125 E5.45094
G1 X110.372 Y132.285 E5.45977
G1 X110.372 Y132.285 F7800
G1 X110.721 Y132.349
;TYPE:External perimeter
G1 F1800
G1 X110.787 Y132.464 E5.46615
;WIDTH:0.439828
G1 X116.977 Y134.225 E5.76752
G1 X117.204 Y134.68 E5.79133
G1 X110.684 Y132.825 E6.10876
;WIDTH:0.45
G1 X107.444 Y131.897 E6.27086
G1 X107.194 Y131.416 E6.29693
G1 X107.41 Y130.655 E6.33498
G1 X107.383 Y130.492 E6.34293
G1 X107.278 Y130.417 E6.34914
G1 X97.253 Y127.557 E6.85055
G1 X97.017 Y126.989 E6.88013
G1 X97.666 Y124.706 E6.99428
G1 X98.167 Y124.347 E7.02392
G1 X108.194 Y127.195 E7.52526
G1 X108.324 Y127.186 E7.53153
G1 X108.433 Y127.062 E7.53947
G1 X108.648 Y126.304 E7.57737
G1 X109.119 Y126.016 E7.60392
G1 X112.36 Y126.935 E7.76595
;WIDTH:0.443468
G1 X118.882 Y128.79 E8.08655
G1 X118.445 Y129.06 E8.11084
G1 X112.257 Y127.299 E8.41504
;WIDTH:0.45
G1 X112.019 Y127.429 E8.42808
G1 X110.653 Y132.23 E8.66816
G1 X110.691 Y132.297 E8.67186
G1 X111.022 Y132.522 F7800
G1 E6.67186 F2400
G92 E0
G1 X98.528 Y125.552 F7800
G1 E2 F2400
;TYPE:Solid infill
G1 F1200
G1 X107.991 Y128.235 E2.47308
G1 X108.356 Y128.255 E2.49066
G1 X108.717 Y128.168 E2.50852
G1 X109.011 Y128 E2.52481
G1 X109.284 Y127.712 E2.5439
G1 X109.489 Y127.224 E2.56936
G1 X110.864 Y127.615 E2.63811
G1 X109.771 Y131.457 E2.83023
G1 X108.396 Y131.066 E2.89898
G1 X108.474 Y130.575 E2.92289
G1 X108.413 Y130.212 E2.94059
G1 X108.266 Y129.909 E2.95679
G1 X108.019 Y129.637 E2.97446
G1 X107.653 Y129.426 E2.99478
G1 X98.195 Y126.723 E3.46789
G1 X98.475 Y125.737 E3.51719
G1 X98.819 Y126.051 E3.53959
;WIDTH:0.481074
G1 X98.804 Y126.047 E3.5404
G1 X98.69 Y126.448 E3.56207
G1 X98.891 Y126.505 E3.57293
;WIDTH:0.49064
G1 X107.764 Y129.036 E4.06348
G1 X108.299 Y129.372 E4.09707
;WIDTH:0.45
G1 X108.609 Y129.733 E4.11996
G1 X108.791 Y130.138 E4.14132
G1 X108.857 Y130.62 E4.16472
G1 X108.838 Y130.791 E4.173
G1 X109.505 Y130.981 E4.20636
G1 X110.387 Y127.88 E4.36142
G1 X109.722 Y127.691 E4.39467
G1 X109.55 Y127.995 E4.41147
G1 X109.211 Y128.33 E4.43439
G1 X108.816 Y128.541 E4.45593
G1 X108.341 Y128.64 E4.47927
;WIDTH:0.49064
G1 X107.881 Y128.626 E4.50374
G1 X99.005 Y126.104 E4.99432
G1 E2.99432 F2400
G92 E0
G1 X99.005 Y126.104 F7800
G1 X108.457 Y129.011
G1 E2 F2400
;WIDTH:0.45
G1 F1200
G1 X108.914 Y128.914 E2.02247
G1 X109.166 Y128.807 E2.03564
G1 X109.621 Y128.487 E2.06239
G1 X109.905 Y128.166 E2.083
G1 X109.244 Y130.49 E2.19921
G1 X109.229 Y130.368 E2.20512
G1 X109.081 Y129.808 E2.23298
G1 X108.795 Y129.335 E2.25957
G1 X108.596 Y129.145 E2.2728
G1 X109.236 Y129.257 E2.30405
;WIDTH:0.453143
G1 X109.189 Y129.27 E2.30641
G1 X109.167 Y129.189 E2.31048
G1 X109.249 Y129.211 E2.3146
M106 S117.3
;LAYER_CHANGE
;Z:2.75
;HEIGHT:0.3
G1 Z2.75 F7800
G1 E.3146 F2400
G92 E0
G1 X109.249 Y129.211 F7800
G92 E0
G1 X122.786 Y92.026
G1 E2 F2400
;TYPE:Support material
;WIDTH:0.35
G1 F3600
G1 X123.033 Y92.078 E2.00899
G1 X123.579 Y91.766 E2.03139
G1 X124.063 Y91.675 E2.04893
G1 X124.074 Y91.325 E2.0614
G1 X124.644 Y91.391 E2.08184
G1 X125.091 Y91.583 E2.09917
G1 X125.403 Y91.829 E2.11332
G1 X125.785 Y92.606 E2.14416
G1 X125.788 Y93.46 E2.17458
G1 X125.412 Y94.23 E2.20511
G1 X124.755 Y94.747 E2.23489
G1 X124.3 Y94.847 E2.25149
G1 X123.806 Y94.826 E2.2691
G1 X123.336 Y94.676 E2.28668
G1 X122.946 Y94.431 E2.30309
G1 X122.566 Y94.017 E2.32311
G1 X122.333 Y93.574 E2.34094
G1 X121.525 Y93.066 E2.37494
G1 X121.296 Y92.719 E2.38975
G1 X120.972 Y92.514 E2.40341
G1 X120.715 Y92.151 E2.41925
G1 X120.754 Y91.978 E2.42557
G1 X121.11 Y91.817 E2.43949
G1 X121.526 Y91.813 E2.45431
G1 X122.104 Y91.6 E2.47625
G1 X122.964 Y91.706 E2.50712
G1 X123.458 Y91.437 E2.52716
G1 X124.031 Y91.324 E2.54797
G1 X124.031 Y91.324 F7800
G1 X124.362 Y90.984
G1 F3600
G1 X124.746 Y91.053 E2.56187
G1 X125.27 Y91.279 E2.5822
G1 X125.677 Y91.608 E2.60084
G1 X125.955 Y92.043 E2.61923
G1 X126.128 Y92.526 E2.63751
G1 X126.188 Y93.033 E2.6557
G1 X126.132 Y93.539 E2.67384
G1 X125.797 Y94.277 E2.70271
G1 X125.318 Y94.813 E2.72832
G1 X124.891 Y95.074 E2.74615
G1 X124.503 Y95.169 E2.76038
G1 X123.745 Y95.172 E2.78738
G1 X123.177 Y94.989 E2.80864
G1 X122.73 Y94.709 E2.82743
G1 X122.271 Y94.207 E2.85166
G1 X122.073 Y93.832 E2.86677
G1 X121.543 Y93.547 E2.88821
G1 X121.019 Y92.958 E2.91629
G1 X120.491 Y92.509 E2.94098
G1 X120.365 Y92.225 E2.95205
G1 X120.365 Y91.967 E2.96124
G1 X120.48 Y91.746 E2.97012
G1 X120.714 Y91.57 E2.98055
G1 X121.057 Y91.467 E2.99331
G1 X121.432 Y91.464 E3.00667
G1 X122.074 Y91.25 E3.03078
G1 X122.894 Y91.333 E3.06014
G1 X123.59 Y91.028 E3.08721
G1 X124.319 Y90.983 E3.11323
G1 E1.11323 F2400
G92 E0
G1 X124.319 Y90.983 F7800
G1 X113.569 Y92.399
G1 E2 F2400
;TYPE:Perimeter
;WIDTH:0.45
G1 F900
G1 X111.64 Y91.85 E2.09646
G1 X111.736 Y91.511 E2.11341
G1 X111.77 Y91.167 E2.13004
G1 X111.7 Y90.878 E2.14434
G1 X111.563 Y90.647 E2.15726
G1 X111.37 Y90.463 E2.17009
G1 X111.073 Y90.32 E2.18594
G1 X101.421 Y87.569 E2.66866
G1 X102.002 Y85.529 E2.77068
G1 X111.652 Y88.283 E3.25334
G1 X111.98 Y88.318 E3.26921
G1 X112.241 Y88.263 E3.28204
G1 X112.48 Y88.138 E3.29501
G1 X112.692 Y87.928 E3.30936
G1 X112.843 Y87.62 E3.32586
G1 X112.941 Y87.278 E3.34297
G1 X114.872 Y87.827 E3.43953
G1 X113.587 Y92.343 E3.66536
G1 X113.587 Y92.343 F7800
G1 X113.926 Y92.559
G1 F900
G1 X113.874 Y92.742 E3.67451
G1 X113.97 Y92.914 E3.68398
G1 X111.308 Y92.156 E3.8171
G1 X111.206 Y91.965 E3.82751
G1 X111.365 Y91.406 E3.85546
G1 X111.385 Y91.199 E3.86546
G1 X111.343 Y91.026 E3.87402
G1 X111.146 Y90.777 E3.88929
G1 X110.967 Y90.691 E3.89884
G1 X101.101 Y87.878 E4.39227
G1 X100.995 Y87.659 E4.40397
G1 X101.685 Y85.234 E4.52523
G1 X101.895 Y85.098 E4.53726
G1 X111.757 Y87.912 E5.03052
G1 X111.955 Y87.933 E5.0401
G1 X112.254 Y87.825 E5.05539
G1 X112.382 Y87.699 E5.06403
G1 X112.472 Y87.514 E5.07392
G1 X112.634 Y86.947 E5.10228
G1 X112.817 Y86.842 E5.11243
G1 X115.458 Y87.593 E5.24449
G1 X115.311 Y87.693 E5.25304
G1 X113.943 Y92.501 E5.49347
G1 X113.943 Y92.501 F7800
G1 X114.297 Y92.664
;TYPE:External perimeter
G1 F1800
G1 X114.245 Y92.847 E5.50262
G1 X114.381 Y93.073 E5.51531
;WIDTH:0.423151
G1 X120.576 Y94.835 E5.80352
G1 X120.803 Y95.273 E5.8256
G1 X114.283 Y93.418 E6.12893
;WIDTH:0.45
G1 X111.044 Y92.482 E6.29109
G1 X110.793 Y92.008 E6.31689
G1 X110.994 Y91.3 E6.35229
G1 X110.987 Y91.174 E6.35836
G1 X110.862 Y91.062 E6.36643
G1 X100.83 Y88.202 E6.86816
G1 X100.583 Y87.695 E6.89528
G1 X101.353 Y84.989 E7.0306
G1 X101.833 Y84.679 E7.05808
G1 X111.863 Y87.541 E7.55974
G1 X112.029 Y87.512 E7.56784
G1 X112.102 Y87.409 E7.57391
G1 X112.306 Y86.691 E7.60981
G1 X112.766 Y86.426 E7.63534
G1 X116.014 Y87.336 E7.79757
;WIDTH:0.421959
G1 X122.538 Y89.192 E8.10008
;WIDTH:0.421958
G1 X122.112 Y89.442 E8.12211
G1 X115.916 Y87.679 E8.40941
;WIDTH:0.45
G1 X115.682 Y87.799 E8.42206
G1 X114.314 Y92.606 E8.66244
G1 X114.351 Y93.005 F7800
G1 E6.66244 F2400
G92 E0
G1 X101.779 Y87.37 F7800
G1 E2 F2400
;TYPE:Solid infill
G1 F1200
G1 X102.201 Y85.887 E2.07416
G1 X109.283 Y87.904 E2.42832
G1 X109.256 Y88.119 E2.43874
G1 X109.286 Y88.158 E2.44111
G1 X111.183 Y90.055 E2.57014
G1 X101.964 Y87.423 E3.03126
G1 X102.255 Y87.105 E3.05199
G1 X102.466 Y86.363 E3.08909
G1 X108.937 Y88.207 E3.41271
G1 X108.923 Y88.314 E3.4179
G1 X109.013 Y88.431 E3.425
G1 X109.858 Y89.276 E3.48248
G1 X102.44 Y87.158 E3.85352
G1 X102.731 Y86.84 E3.87425
;WIDTH:0.453729
G1 X108.589 Y88.511 E4.17007
G1 E2.17007 F2400
G92 E0
G1 X108.589 Y88.511 F7800
G1 X111.87 Y91.67
G1 E2 F2400
;WIDTH:0.404381
G1 F1200
G1 X111.85 Y91.741 E2.00313
G1 X111.922 Y91.722 E2.00629
G1 X111.911 Y91.681 E2.00809
;WIDTH:0.45
G1 X112.03 Y91.448 E2.02067
G1 X112.327 Y91.744 E2.04084
G1 X112.629 Y91.871 E2.0566
;WIDTH:0.404381
G1 X112.64 Y91.912 E2.0584
G1 X112.569 Y91.931 E2.06152
G1 X112.588 Y91.86 E2.06464
G1 X112.588 Y91.86 F7800
G1 X113.452 Y92.101
G1 F1200
G1 X113.463 Y92.142 E2.06644
G1 X113.391 Y92.161 E2.0696
G1 X113.411 Y92.09 E2.07273
;WIDTH:0.45
G1 X113.089 Y91.961 E2.08941
G1 X111.991 Y90.864 E2.16406
G1 X111.798 Y90.591 E2.18014
;WIDTH:0.404381
G1 X111.487 Y90.271 E2.19906
G1 E.19906 F2400
G92 E0
G1 X111.487 Y90.271 F7800
G1 X113.448 Y91.775
G1 E2 F2400
;WIDTH:0.45
G1 F1200
G1 X109.695 Y88.022 E2.25527
G1 X110.173 Y88.041 E2.27828
;WIDTH:0.404381
G1 X110.154 Y88.112 E2.2814
G1 X110.225 Y88.093 E2.28452
G1 X110.214 Y88.052 E2.28632
;WIDTH:0.45
G1 X110.457 Y88.239 E2.30107
G1 X113.568 Y91.35 E2.51268
G1 E.51268 F2400
G92 E0
G1 X113.568 Y91.35 F7800
G1 X111.356 Y88.592
G1 E2 F2400
G1 F1200
G1 X113.689 Y90.926 E2.15872
G1 X114.514 Y88.026 E2.30373
G1 X113.14 Y87.635 E2.37244
G1 X112.923 Y88.1 E2.39712
G1 X112.625 Y88.386 E2.41699
G1 X112.313 Y88.542 E2.43377
G1 X111.974 Y88.606 E2.45036
G1 X111.661 Y88.582 E2.46546
G1 X111.22 Y88.456 E2.48752
G1 X111.22 Y88.456 F7800
G1 X112.257 Y88.948
G1 F1200
G1 X112.391 Y88.92 E2.4941
G1 X112.804 Y88.728 E2.51601
G1 X113.175 Y88.397 E2.53992
G1 X113.357 Y88.098 E2.55676
G1 X114.038 Y88.291 E2.5908
G1 X113.498 Y90.189 E2.68571
G1 X112.393 Y89.084 E2.76087
G1 X112.927 Y89.087 E2.78655
;WIDTH:0.429947
G1 X113.111 Y88.977 E2.79632
G1 X113.542 Y88.541 E2.82427
G1 X113.574 Y88.55 E2.82579
G1 X113.312 Y89.471 E2.86945
G1 X113.064 Y89.224 E2.88541
G1 E.88541 F2400
G92 E0
G1 X113.064 Y89.224 F7800
G92 E0
G1 X119.159 Y104.507
G1 E2 F2400
;TYPE:Support material
;WIDTH:0.35
G1 F3600
G1 X119.406 Y104.559 E2.00899
G1 X119.952 Y104.246 E2.03141
G1 X120.435 Y104.156 E2.04891
G1 X120.447 Y103.806 E2.06139
G1 X121.017 Y103.872 E2.08183
G1 X121.464 Y104.064 E2.09916
G1 X121.775 Y104.309 E2.11326
G1 X122.158 Y105.087 E2.14415
G1 X122.161 Y105.941 E2.17457
G1 X121.785 Y106.71 E2.20506
G1 X121.127 Y107.228 E2.23489
G1 X120.673 Y107.328 E2.25145
G1 X120.179 Y107.306 E2.26907
G1 X119.708 Y107.157 E2.28667
G1 X119.319 Y106.912 E2.30305
G1 X118.939 Y106.497 E2.3231
G1 X118.706 Y106.055 E2.3409
G1 X117.898 Y105.547 E2.3749
G1 X117.668 Y105.2 E2.38973
G1 X117.345 Y104.995 E2.40336
G1 X117.088 Y104.632 E2.4192
G1 X117.127 Y104.459 E2.42552
G1 X117.483 Y104.298 E2.43944
G1 X117.899 Y104.294 E2.45426
G1 X118.477 Y104.08 E2.47622
G1 X119.337 Y104.187 E2.50709
G1 X119.83 Y103.918 E2.5271
G1 X120.404 Y103.804 E2.54795
G1 X120.404 Y103.804 F7800
G1 X120.735 Y103.465
G1 F3600
G1 X121.118 Y103.534 E2.56181
G1 X121.642 Y103.76 E2.58214
G1 X122.05 Y104.088 E2.60079
G1 X122.328 Y104.524 E2.61921
G1 X122.501 Y105.007 E2.63749
G1 X122.561 Y105.514 E2.65568
G1 X122.505 Y106.02 E2.67382
G1 X122.17 Y106.758 E2.70269
G1 X121.691 Y107.294 E2.7283
G1 X121.263 Y107.555 E2.74616
G1 X120.876 Y107.65 E2.76036
G1 X120.118 Y107.653 E2.78736
G1 X119.549 Y107.47 E2.80865
G1 X119.102 Y107.19 E2.82744
G1 X118.644 Y106.688 E2.85165
G1 X118.446 Y106.313 E2.86676
G1 X117.916 Y106.028 E2.8882
G1 X117.392 Y105.439 E2.91628
G1 X116.864 Y104.99 E2.94097
G1 X116.738 Y104.706 E2.95204
G1 X116.738 Y104.448 E2.96123
G1 X116.853 Y104.227 E2.97011
G1 X117.087 Y104.051 E2.98054
G1 X117.43 Y103.948 E2.9933
G1 X117.804 Y103.944 E3.00662
G1 X118.447 Y103.73 E3.03076
G1 X119.267 Y103.814 E3.06012
G1 X119.962 Y103.509 E3.08716
G1 X120.692 Y103.464 E3.11321
G1 E1.11321 F2400
G92 E0
G1 X120.692 Y103.464 F7800
G1 X109.942 Y104.88
G1 E2 F2400
;TYPE:Perimeter
;WIDTH:0.45
G1 F900
G1 X108.013 Y104.331 E2.09646
G1 X108.109 Y103.992 E2.11341
G1 X108.142 Y103.648 E2.13003
G1 X108.072 Y103.359 E2.14433
G1 X107.936 Y103.128 E2.15722
G1 X107.743 Y102.944 E2.17005
G1 X107.446 Y102.801 E2.1859
G1 X97.794 Y100.05 E2.66862
G1 X98.374 Y98.01 E2.77063
G1 X108.024 Y100.764 E3.25329
G1 X108.353 Y100.799 E3.2692
G1 X108.614 Y100.744 E3.28203
G1 X108.853 Y100.619 E3.295
G1 X109.065 Y100.409 E3.30935
G1 X109.216 Y100.101 E3.32585
G1 X109.314 Y99.758 E3.34301
G1 X111.244 Y100.308 E3.43953
G1 X109.96 Y104.824 E3.66534
G1 X109.96 Y104.824 F7800
G1 X110.299 Y105.039
G1 F900
G1 X110.247 Y105.223 E3.67454
G1 X110.343 Y105.394 E3.68397
G1 X107.68 Y104.637 E3.81713
G1 X107.579 Y104.446 E3.82752
G1 X107.738 Y103.887 E3.85547
G1 X107.758 Y103.68 E3.86547
G1 X107.716 Y103.507 E3.87403
G1 X107.518 Y103.258 E3.88933
G1 X107.34 Y103.172 E3.89884
G1 X97.474 Y100.359 E4.39227
G1 X97.367 Y100.14 E4.40399
G1 X98.057 Y97.715 E4.52525
G1 X98.268 Y97.579 E4.53732
G1 X108.13 Y100.393 E5.03058
G1 X108.327 Y100.414 E5.04011
G1 X108.627 Y100.306 E5.05545
G1 X108.754 Y100.18 E5.06405
G1 X108.845 Y99.995 E5.07397
G1 X109.007 Y99.428 E5.10233
G1 X109.19 Y99.322 E5.1125
G1 X111.831 Y100.074 E5.24457
G1 X111.683 Y100.174 E5.25316
G1 X110.316 Y104.982 E5.49357
G1 X110.316 Y104.982 F7800
G1 X110.67 Y105.145
;TYPE:External perimeter
G1 F1800
G1 X110.618 Y105.328 E5.50272
G1 X110.754 Y105.553 E5.51536
;WIDTH:0.423151
G1 X116.949 Y107.316 E5.80358
G1 X117.176 Y107.754 E5.82566
G1 X110.656 Y105.898 E6.12901
;WIDTH:0.45
G1 X107.417 Y104.963 E6.29116
G1 X107.166 Y104.489 E6.31696
G1 X107.367 Y103.781 E6.35236
G1 X107.36 Y103.654 E6.35848
G1 X107.235 Y103.543 E6.36652
G1 X97.203 Y100.683 E6.86825
G1 X96.956 Y100.176 E6.89537
G1 X97.726 Y97.47 E7.03069
G1 X98.206 Y97.16 E7.05817
G1 X108.236 Y100.022 E7.55983
G1 X108.402 Y99.993 E7.56793
G1 X108.474 Y99.89 E7.57397
G1 X108.679 Y99.172 E7.60988
G1 X109.139 Y98.907 E7.63541
G1 X112.387 Y99.816 E7.79763
;WIDTH:0.421959
G1 X118.911 Y101.673 E8.10015
;WIDTH:0.421958
G1 X118.485 Y101.923 E8.12218
G1 X112.289 Y100.16 E8.40948
;WIDTH:0.45
G1 X112.054 Y100.28 E8.42217
G1 X110.686 Y105.087 E8.66255
G1 X110.724 Y105.485 F7800
G1 E6.66255 F2400
G92 E0
G1 X98.151 Y99.851 F7800
G1 E2 F2400
;TYPE:Solid infill
G1 F1200
G1 X98.573 Y98.368 E2.07416
G1 X105.656 Y100.385 E2.42837
G1 X105.628 Y100.6 E2.4388
G1 X105.658 Y100.639 E2.44117
G1 X107.556 Y102.536 E2.57024
G1 X98.337 Y99.904 E3.03136
G1 X98.628 Y99.586 E3.05209
G1 X98.839 Y98.844 E3.08919
G1 X105.31 Y100.688 E3.41281
G1 X105.296 Y100.795 E3.418
G1 X105.386 Y100.912 E3.4251
G1 X106.231 Y101.757 E3.48258
G1 X98.813 Y99.639 E3.85362
G1 X99.104 Y99.321 E3.87435
;WIDTH:0.453729
G1 X104.962 Y100.991 E4.17016
G1 E2.17016 F2400
G92 E0
G1 X104.962 Y100.991 F7800
G1 X108.242 Y104.151
G1 E2 F2400
;WIDTH:0.404381
G1 F1200
G1 X108.223 Y104.222 E2.00312
G1 X108.294 Y104.203 E2.00624
G1 X108.283 Y104.162 E2.00804
;WIDTH:0.45
G1 X108.403 Y103.928 E2.02069
G1 X108.699 Y104.225 E2.04086
G1 X109.002 Y104.352 E2.05666
;WIDTH:0.404381
G1 X109.013 Y104.393 E2.05846
G1 X108.942 Y104.412 E2.06158
G1 X108.961 Y104.341 E2.0647
G1 X108.961 Y104.341 F7800
G1 X109.824 Y104.582
G1 F1200
G1 X109.835 Y104.623 E2.0665
G1 X109.764 Y104.642 E2.06962
G1 X109.783 Y104.571 E2.07274
;WIDTH:0.45
G1 X109.462 Y104.442 E2.08938
G1 X108.364 Y103.345 E2.16403
G1 X108.171 Y103.072 E2.18011
;WIDTH:0.404381
G1 X107.86 Y102.752 E2.19903
G1 E.19903 F2400
G92 E0
G1 X107.86 Y102.752 F7800
G1 X109.82 Y104.256
G1 E2 F2400
;WIDTH:0.45
G1 F1200
G1 X106.067 Y100.503 E2.25527
G1 X106.546 Y100.522 E2.27833
;WIDTH:0.404381
G1 X106.527 Y100.593 E2.28145
G1 X106.598 Y100.574 E2.28457
G1 X106.587 Y100.533 E2.28637
;WIDTH:0.45
G1 X106.83 Y100.72 E2.30112
G1 X109.941 Y103.831 E2.51273
G1 E.51273 F2400
G92 E0
G1 X109.941 Y103.831 F7800
G1 X107.729 Y101.073
G1 E2 F2400
G1 F1200
G1 X110.062 Y103.407 E2.15872
G1 X110.887 Y100.507 E2.30373
G1 X109.513 Y100.116 E2.37244
G1 X109.296 Y100.581 E2.39712
G1 X108.998 Y100.867 E2.41699
G1 X108.686 Y101.023 E2.43377
G1 X108.347 Y101.086 E2.45035
G1 X108.034 Y101.063 E2.46544
G1 X107.592 Y100.937 E2.48755
G1 X107.592 Y100.937 F7800
G1 X108.629 Y101.429
G1 F1200
G1 X108.764 Y101.4 E2.49419
G1 X109.177 Y101.208 E2.5161
G1 X109.547 Y100.877 E2.53998
G1 X109.73 Y100.579 E2.5568
G1 X110.411 Y100.772 E2.59084
G1 X109.871 Y102.67 E2.68575
G1 X108.766 Y101.565 E2.76091
G1 X109.3 Y101.568 E2.78659
;WIDTH:0.429947
G1 X109.483 Y101.457 E2.79635
G1 X109.915 Y101.022 E2.8243
G1 X109.947 Y101.031 E2.82582
G1 X109.684 Y101.952 E2.86949
G1 X109.437 Y101.704 E2.88545
G1 E.88545 F2400
G92 E0
G1 X109.437 Y101.704 F7800
G92 E0
G1 X119.159 Y118.02
G1 E2 F2400
;TYPE:Support material
;WIDTH:0.35
G1 F3600
G1 X119.406 Y118.072 E2.00899
G1 X119.952 Y117.759 E2.03141
G1 X120.435 Y117.669 E2.04891
G1 X120.447 Y117.319 E2.06139
G1 X121.017 Y117.384 E2.08183
G1 X121.464 Y117.577 E2.09917
G1 X121.775 Y117.822 E2.11327
G1 X122.158 Y118.6 E2.14416
G1 X122.161 Y119.454 E2.17458
G1 X121.785 Y120.223 E2.20507
G1 X121.127 Y120.741 E2.2349
G1 X120.673 Y120.841 E2.25146
G1 X120.179 Y120.819 E2.26908
G1 X119.708 Y120.669 E2.28669
G1 X119.319 Y120.425 E2.30305
G1 X118.939 Y120.01 E2.3231
G1 X118.706 Y119.568 E2.3409
G1 X117.898 Y119.06 E2.3749
G1 X117.668 Y118.712 E2.38976
G1 X117.345 Y118.508 E2.40337
G1 X117.088 Y118.144 E2.41924
G1 X117.127 Y117.971 E2.42556
G1 X117.483 Y117.811 E2.43946
G1 X117.899 Y117.806 E2.45428
G1 X118.477 Y117.593 E2.47622
G1 X119.337 Y117.7 E2.50709
G1 X119.83 Y117.431 E2.5271
G1 X120.404 Y117.317 E2.54795
G1 X120.404 Y117.317 F7800
G1 X120.735 Y116.978
G1 F3600
G1 X121.118 Y117.047 E2.56181
G1 X121.642 Y117.273 E2.58214
G1 X122.05 Y117.601 E2.60079
G1 X122.328 Y118.036 E2.61918
G1 X122.501 Y118.519 E2.63746
G1 X122.561 Y119.026 E2.65565
G1 X122.505 Y119.533 E2.67382
G1 X122.17 Y120.271 E2.70269
G1 X121.691 Y120.807 E2.7283
G1 X121.263 Y121.068 E2.74616
G1 X120.876 Y121.163 E2.76036
G1 X120.118 Y121.166 E2.78736
G1 X119.549 Y120.983 E2.80865
G1 X119.102 Y120.703 E2.82744
G1 X118.644 Y120.201 E2.85165
G1 X118.446 Y119.825 E2.86679
G1 X117.916 Y119.541 E2.88821
G1 X117.392 Y118.952 E2.91629
G1 X116.864 Y118.503 E2.94098
G1 X116.738 Y118.218 E2.95208
G1 X116.738 Y117.961 E2.96124
G1 X116.853 Y117.739 E2.97015
G1 X117.087 Y117.564 E2.98056
G1 X117.43 Y117.461 E2.99332
G1 X117.804 Y117.457 E3.00664
G1 X118.447 Y117.243 E3.03078
G1 X119.267 Y117.327 E3.06014
G1 X119.962 Y117.022 E3.08718
G1 X120.692 Y116.977 E3.11323
G1 E1.11323 F2400
G92 E0
G1 X120.692 Y116.977 F7800
G1 X109.942 Y118.392
G1 E2 F2400
;TYPE:Perimeter
;WIDTH:0.45
G1 F900
G1 X108.013 Y117.843 E2.09646
G1 X108.109 Y117.505 E2.11336
G1 X108.142 Y117.161 E2.12998
G1 X108.072 Y116.872 E2.14428
G1 X107.936 Y116.641 E2.15717
G1 X107.743 Y116.457 E2.17
G1 X107.446 Y116.314 E2.18585
G1 X97.794 Y113.562 E2.66858
G1 X98.374 Y111.523 E2.77054
G1 X108.024 Y114.277 E3.2532
G1 X108.353 Y114.312 E3.26911
G1 X108.614 Y114.257 E3.28194
G1 X108.853 Y114.132 E3.29491
G1 X109.065 Y113.922 E3.30926
G1 X109.216 Y113.613 E3.3258
G1 X109.314 Y113.271 E3.34291
G1 X111.244 Y113.821 E3.43943
G1 X109.96 Y118.337 E3.66524
G1 X109.96 Y118.337 F7800
G1 X110.299 Y118.552
G1 F900
G1 X110.247 Y118.735 E3.67439
G1 X110.343 Y118.907 E3.68386
G1 X107.68 Y118.15 E3.81702
G1 X107.579 Y117.959 E3.82741
G1 X107.738 Y117.399 E3.85541
G1 X107.758 Y117.193 E3.86536
G1 X107.716 Y117.02 E3.87392
G1 X107.518 Y116.771 E3.88922
G1 X107.34 Y116.685 E3.89873
G1 X97.474 Y113.872 E4.39216
G1 X97.367 Y113.653 E4.40388
G1 X98.057 Y111.228 E4.52514
G1 X98.268 Y111.092 E4.53721
G1 X108.13 Y113.906 E5.03047
G1 X108.327 Y113.927 E5.04
G1 X108.627 Y113.819 E5.05534
G1 X108.754 Y113.693 E5.06394
G1 X108.845 Y113.508 E5.07386
G1 X109.007 Y112.941 E5.10222
G1 X109.19 Y112.835 E5.11239
G1 X111.831 Y113.587 E5.24446
G1 X111.683 Y113.687 E5.25305
G1 X110.316 Y118.495 E5.49346
G1 X110.316 Y118.495 F7800
G1 X110.67 Y118.658
;TYPE:External perimeter
G1 F1800
G1 X110.618 Y118.841 E5.50261
G1 X110.754 Y119.066 E5.51525
;WIDTH:0.423151
G1 X116.949 Y120.829 E5.80347
G1 X117.176 Y121.266 E5.82551
G1 X110.656 Y119.411 E6.12884
;WIDTH:0.45
G1 X107.417 Y118.476 E6.29099
G1 X107.166 Y118.002 E6.31679
G1 X107.367 Y117.294 E6.35219
G1 X107.36 Y117.167 E6.35831
G1 X107.235 Y117.056 E6.36635
G1 X97.203 Y114.196 E6.86808
G1 X96.956 Y113.689 E6.8952
G1 X97.726 Y110.983 E7.03052
G1 X98.206 Y110.673 E7.058
G1 X108.236 Y113.535 E7.55966
G1 X108.402 Y113.506 E7.56776
G1 X108.474 Y113.402 E7.57384
G1 X108.679 Y112.685 E7.60971
G1 X109.139 Y112.42 E7.63524
G1 X112.387 Y113.329 E7.79746
;WIDTH:0.421959
G1 X118.911 Y115.186 E8.09998
;WIDTH:0.421958
G1 X118.485 Y115.436 E8.12201
G1 X112.289 Y113.673 E8.40931
;WIDTH:0.45
G1 X112.054 Y113.792 E8.42198
G1 X110.686 Y118.6 E8.66241
G1 X110.724 Y118.998 F7800
G1 E6.66241 F2400
G92 E0
G1 X98.151 Y113.364 F7800
G1 E2 F2400
;TYPE:Solid infill
G1 F1200
G1 X98.573 Y111.881 E2.07416
G1 X105.656 Y113.898 E2.42837
G1 X105.628 Y114.113 E2.4388
G1 X105.658 Y114.152 E2.44117
G1 X107.556 Y116.049 E2.57024
G1 X98.337 Y113.417 E3.03136
G1 X98.628 Y113.099 E3.05209
G1 X98.839 Y112.357 E3.08919
G1 X105.31 Y114.201 E3.41281
G1 X105.296 Y114.308 E3.418
G1 X105.386 Y114.424 E3.42506
G1 X106.231 Y115.27 E3.48257
G1 X98.813 Y113.152 E3.85361
G1 X99.104 Y112.834 E3.87434
;WIDTH:0.453729
G1 X104.962 Y114.504 E4.17015
G1 E2.17015 F2400
G92 E0
G1 X104.962 Y114.504 F7800
G1 X108.242 Y117.664
G1 E2 F2400
;WIDTH:0.404381
G1 F1200
G1 X108.223 Y117.735 E2.00312
G1 X108.294 Y117.716 E2.00624
G1 X108.283 Y117.675 E2.00804
;WIDTH:0.45
G1 X108.403 Y117.441 E2.02069
G1 X108.699 Y117.738 E2.04086
G1 X109.002 Y117.865 E2.05666
;WIDTH:0.404381
G1 X109.013 Y117.906 E2.05846
G1 X108.942 Y117.925 E2.06158
G1 X108.961 Y117.854 E2.0647
G1 X108.961 Y117.854 F7800
G1 X109.824 Y118.095
G1 F1200
G1 X109.835 Y118.136 E2.0665
G1 X109.764 Y118.155 E2.06962
G1 X109.783 Y118.084 E2.07274
;WIDTH:0.45
G1 X109.462 Y117.955 E2.08938
G1 X108.364 Y116.857 E2.16406
G1 X108.171 Y116.585 E2.1801
;WIDTH:0.404381
G1 X107.86 Y116.264 E2.19905
G1 E.19905 F2400
G92 E0
G1 X107.86 Y116.264 F7800
G1 X109.82 Y117.768
G1 E2 F2400
;WIDTH:0.45
G1 F1200
G1 X106.067 Y114.015 E2.25527
G1 X106.546 Y114.035 E2.27833
;WIDTH:0.404381
G1 X106.527 Y114.106 E2.28145
G1 X106.598 Y114.087 E2.28457
G1 X106.587 Y114.046 E2.28637
;WIDTH:0.45
G1 X106.83 Y114.233 E2.30112
G1 X109.941 Y117.344 E2.51273
G1 E.51273 F2400
G92 E0
G1 X109.941 Y117.344 F7800
G1 X107.729 Y114.586
G1 E2 F2400
G1 F1200
G1 X110.062 Y116.919 E2.15869
G1 X110.887 Y114.02 E2.30366
G1 X109.513 Y113.629 E2.37237
G1 X109.296 Y114.094 E2.39705
G1 X108.998 Y114.38 E2.41692
G1 X108.686 Y114.536 E2.4337
G1 X108.347 Y114.599 E2.45028
G1 X108.034 Y114.576 E2.46537
G1 X107.592 Y114.45 E2.48748
G1 X107.592 Y114.45 F7800
G1 X108.629 Y114.941
G1 F1200
G1 X108.764 Y114.913 E2.49411
G1 X109.177 Y114.721 E2.51602
G1 X109.547 Y114.39 E2.5399
G1 X109.73 Y114.091 E2.55676
G1 X110.411 Y114.285 E2.59082
G1 X109.871 Y116.183 E2.68573
G1 X108.766 Y115.078 E2.76089
G1 X109.3 Y115.081 E2.78657
;WIDTH:0.429947
G1 X109.483 Y114.97 E2.79633
G1 X109.915 Y114.535 E2.82428
G1 X109.947 Y114.544 E2.8258
G1 X109.684 Y115.465 E2.86947
G1 X109.437 Y115.217 E2.88543
G1 E.88543 F2400
G92 E0
G1 X109.437 Y115.217 F7800
G92 E0
G1 X119.159 Y131.533
G1 E2 F2400
;TYPE:Support material
;WIDTH:0.35
G1 F3600
G1 X119.406 Y131.585 E2.00899
G1 X119.952 Y131.272 E2.03141
G1 X120.435 Y131.181 E2.04892
G1 X120.447 Y130.832 E2.06136
G1 X121.017 Y130.897 E2.0818
G1 X121.464 Y131.09 E2.09914
G1 X121.775 Y131.335 E2.11324
G1 X122.158 Y132.113 E2.14413
G1 X122.161 Y132.967 E2.17455
G1 X121.785 Y133.736 E2.20504
G1 X121.127 Y134.254 E2.23487
G1 X120.673 Y134.354 E2.25143
G1 X120.179 Y134.332 E2.26905
G1 X119.708 Y134.182 E2.28666
G1 X119.319 Y133.938 E2.30302
G1 X118.939 Y133.523 E2.32307
G1 X118.706 Y133.081 E2.34087
G1 X117.898 Y132.573 E2.37487
G1 X117.668 Y132.225 E2.38973
G1 X117.345 Y132.021 E2.40334
G1 X117.088 Y131.657 E2.41921
G1 X117.127 Y131.484 E2.42553
G1 X117.483 Y131.323 E2.43945
G1 X117.899 Y131.319 E2.45427
G1 X118.477 Y131.106 E2.47621
G1 X119.337 Y131.212 E2.50708
G1 X119.83 Y130.943 E2.52709
G1 X120.404 Y130.83 E2.54793
G1 X120.404 Y130.83 F7800
G1 X120.735 Y130.491
G1 F3600
G1 X121.118 Y130.56 E2.56179
G1 X121.642 Y130.785 E2.58211
G1 X122.05 Y131.114 E2.60078
G1 X122.328 Y131.549 E2.61917
G1 X122.501 Y132.032 E2.63745
G1 X122.561 Y132.539 E2.65564
G1 X122.505 Y133.046 E2.67381
G1 X122.17 Y133.784 E2.70268
G1 X121.691 Y134.319 E2.72826
G1 X121.263 Y134.581 E2.74614
G1 X120.876 Y134.675 E2.76033
G1 X120.118 Y134.679 E2.78733
G1 X119.549 Y134.496 E2.80862
G1 X119.102 Y134.216 E2.82741
G1 X118.644 Y133.714 E2.85162
G1 X118.446 Y133.338 E2.86676
G1 X117.916 Y133.054 E2.88818
G1 X117.392 Y132.465 E2.91626
G1 X116.864 Y132.016 E2.94095
G1 X116.738 Y131.731 E2.95205
G1 X116.738 Y131.473 E2.96124
G1 X116.853 Y131.252 E2.97012
G1 X117.087 Y131.077 E2.98053
G1 X117.43 Y130.974 E2.99329
G1 X117.804 Y130.97 E3.00661
G1 X118.447 Y130.756 E3.03075
G1 X119.267 Y130.84 E3.06011
G1 X119.962 Y130.535 E3.08715
G1 X120.692 Y130.49 E3.1132
G1 E1.1132 F2400
G92 E0
G1 X120.692 Y130.49 F7800
G1 X109.942 Y131.905
G1 E2 F2400
;TYPE:Perimeter
;WIDTH:0.45
G1 F900
G1 X108.013 Y131.356 E2.09646
G1 X108.109 Y131.018 E2.11336
G1 X108.142 Y130.674 E2.12998
G1 X108.072 Y130.385 E2.14428
G1 X107.936 Y130.154 E2.15717
G1 X107.743 Y129.97 E2.17
G1 X107.446 Y129.827 E2.18585
G1 X97.794 Y127.075 E2.66858
G1 X98.374 Y125.036 E2.77054
G1 X108.024 Y127.79 E3.2532
G1 X108.353 Y127.824 E3.26911
G1 X108.614 Y127.77 E3.28193
G1 X108.853 Y127.644 E3.29492
G1 X109.065 Y127.435 E3.30924
G1 X109.216 Y127.126 E3.32578
G1 X109.314 Y126.784 E3.34289
G1 X111.244 Y127.334 E3.43941
G1 X109.96 Y131.849 E3.66518
G1 X109.96 Y131.849 F7800
G1 X110.299 Y132.065
G1 F900
G1 X110.247 Y132.248 E3.67433
G1 X110.343 Y132.42 E3.6838
G1 X107.68 Y131.663 E3.81696
G1 X107.579 Y131.471 E3.82739
G1 X107.738 Y130.912 E3.85534
G1 X107.758 Y130.706 E3.86529
G1 X107.716 Y130.533 E3.87385
G1 X107.518 Y130.284 E3.88915
G1 X107.34 Y130.198 E3.89866
G1 X97.474 Y127.385 E4.39209
G1 X97.367 Y127.166 E4.40381
G1 X98.057 Y124.741 E4.52507
G1 X98.268 Y124.605 E4.53714
G1 X108.13 Y127.419 E5.0304
G1 X108.327 Y127.44 E5.03993
G1 X108.627 Y127.332 E5.05527
G1 X108.754 Y127.206 E5.06387
G1 X108.845 Y127.021 E5.07379
G1 X109.007 Y126.454 E5.10215
G1 X109.19 Y126.348 E5.11232
G1 X111.831 Y127.1 E5.24439
G1 X111.683 Y127.2 E5.25298
G1 X110.316 Y132.007 E5.49335
G1 X110.316 Y132.007 F7800
G1 X110.67 Y132.171
;TYPE:External perimeter
G1 F1800
G1 X110.618 Y132.354 E5.5025
G1 X110.754 Y132.579 E5.51514
;WIDTH:0.423151
G1 X116.949 Y134.342 E5.80336
G1 X117.176 Y134.779 E5.8254
G1 X110.656 Y132.924 E6.12873
;WIDTH:0.45
G1 X107.417 Y131.989 E6.29088
G1 X107.166 Y131.515 E6.31668
G1 X107.367 Y130.807 E6.35208
G1 X107.36 Y130.68 E6.3582
G1 X107.235 Y130.569 E6.36624
G1 X97.203 Y127.709 E6.86797
G1 X96.956 Y127.202 E6.89509
G1 X97.726 Y124.495 E7.03045
G1 X98.206 Y124.186 E7.05791
G1 X108.236 Y127.048 E7.55957
G1 X108.402 Y127.019 E7.56767
G1 X108.474 Y126.915 E7.57375
G1 X108.679 Y126.198 E7.60962
G1 X109.139 Y125.933 E7.63515
G1 X112.387 Y126.842 E7.79737
;WIDTH:0.421959
G1 X118.911 Y128.699 E8.09989
;WIDTH:0.421958
G1 X118.485 Y128.949 E8.12192
G1 X112.289 Y127.186 E8.40922
;WIDTH:0.45
G1 X112.054 Y127.305 E8.42189
G1 X110.686 Y132.113 E8.66232
G1 X110.724 Y132.511 F7800
G1 E6.66232 F2400
G92 E0
G1 X98.151 Y126.876 F7800
G1 E2 F2400
;TYPE:Solid infill
G1 F1200
G1 X98.573 Y125.393 E2.07416
G1 X105.656 Y127.411 E2.42838
G1 X105.628 Y127.626 E2.43881
G1 X105.658 Y127.665 E2.44118
G1 X107.556 Y129.562 E2.57025
G1 X98.337 Y126.929 E3.03138
G1 X98.628 Y126.611 E3.05211
G1 X98.839 Y125.87 E3.08917
G1 X105.31 Y127.713 E3.41278
G1 X105.296 Y127.821 E3.41802
G1 X105.386 Y127.937 E3.42508
G1 X106.231 Y128.783 E3.48259
G1 X98.813 Y126.664 E3.85364
G1 X99.104 Y126.346 E3.87437
;WIDTH:0.453729
G1 X104.962 Y128.017 E4.17019
G1 E2.17019 F2400
G92 E0
G1 X104.962 Y128.017 F7800
G1 X108.242 Y131.176
G1 E2 F2400
;WIDTH:0.404381
G1 F1200
G1 X108.223 Y131.248 E2.00316
G1 X108.294 Y131.228 E2.00629
G1 X108.283 Y131.187 E2.00809
;WIDTH:0.45
G1 X108.403 Y130.954 E2.0207
G1 X108.699 Y131.251 E2.04087
G1 X109.002 Y131.378 E2.05667
;WIDTH:0.404381
G1 X109.013 Y131.419 E2.05847
G1 X108.942 Y131.438 E2.06159
G1 X108.961 Y131.367 E2.06471
G1 X108.961 Y131.367 F7800
G1 X109.824 Y131.608
G1 F1200
G1 X109.835 Y131.649 E2.06651
G1 X109.764 Y131.668 E2.06963
G1 X109.783 Y131.597 E2.07275
;WIDTH:0.45
G1 X109.462 Y131.468 E2.08939
G1 X108.364 Y130.37 E2.16407
G1 X108.171 Y130.098 E2.18011
;WIDTH:0.404381
G1 X107.86 Y129.777 E2.19906
G1 E.19906 F2400
G92 E0
G1 X107.86 Y129.777 F7800
G1 X109.82 Y131.281
G1 E2 F2400
;WIDTH:0.45
G1 F1200
G1 X106.067 Y127.528 E2.25527
G1 X106.546 Y127.548 E2.27833
;WIDTH:0.404381
G1 X106.527 Y127.619 E2.28145
G1 X106.598 Y127.6 E2.28457
G1 X106.587 Y127.559 E2.28637
;WIDTH:0.45
G1 X106.83 Y127.745 E2.30109
G1 X109.941 Y130.857 E2.51273
G1 E.51273 F2400
G92 E0
G1 X109.941 Y130.857 F7800
G1 X107.729 Y128.099
G1 E2 F2400
G1 F1200
G1 X110.062 Y130.432 E2.15869
G1 X110.887 Y127.533 E2.30366
G1 X109.513 Y127.142 E2.37237
G1 X109.296 Y127.606 E2.39701
G1 X108.998 Y127.893 E2.41691
G1 X108.686 Y128.049 E2.43369
G1 X108.347 Y128.112 E2.45027
G1 X108.034 Y128.088 E2.46537
G1 X107.592 Y127.963 E2.48746
G1 X107.592 Y127.963 F7800
G1 X108.629 Y128.454
G1 F1200
G1 X108.764 Y128.426 E2.49409
G1 X109.177 Y128.234 E2.516
G1 X109.547 Y127.903 E2.53988
G1 X109.73 Y127.604 E2.55674
G1 X110.411 Y127.798 E2.5908
G1 X109.871 Y129.696 E2.68571
G1 X108.766 Y128.591 E2.76087
G1 X109.3 Y128.594 E2.78655
;WIDTH:0.429947
G1 X109.483 Y128.483 E2.79631
G1 X109.915 Y128.047 E2.8243
G1 X109.947 Y128.056 E2.82582
G1 X109.684 Y128.978 E2.86954
G1 X109.437 Y128.73 E2.8855
M106 S112.2
;LAYER_CHANGE
;Z:3.05
;HEIGHT:0.3
G1 Z3.05 F7800
G1 E.8855 F2400
G92 E0
G1 X109.437 Y128.73 F7800
G92 E0
G1 X122.545 Y91.942
G1 E2 F2400
;TYPE:Support material
;WIDTH:0.35
G1 F3600
G1 X123.248 Y91.998 E2.02512
G1 X123.896 Y91.83 E2.04897
G1 X123.897 Y91.48 E2.06144
G1 X124.133 Y91.481 E2.06985
G1 X124.816 Y91.667 E2.09507
G1 X125.191 Y91.93 E2.11139
G1 X125.465 Y92.262 E2.12672
G1 X125.634 Y92.632 E2.14121
G1 X125.701 Y93.035 E2.15576
G1 X125.66 Y93.436 E2.17012
G1 X125.515 Y93.818 E2.18468
G1 X125.276 Y94.148 E2.1992
G1 X124.94 Y94.421 E2.21462
G1 X124.529 Y94.603 E2.23063
G1 X123.937 Y94.663 E2.25183
G1 X123.153 Y94.422 E2.28105
G1 X122.763 Y94.108 E2.29889
G1 X122.379 Y93.546 E2.32314
G1 X121.619 Y93.246 E2.35225
G1 X120.936 Y92.588 E2.38604
G1 X120.32 Y92.242 E2.41121
G1 X120.463 Y91.955 E2.42263
G1 X120.468 Y91.596 E2.43542
G1 X121.409 Y91.777 E2.46956
G1 X122.059 Y91.519 E2.49447
G1 X123.202 Y91.646 E2.53544
G1 X123.854 Y91.48 E2.55941
G1 X124.155 Y91.131 F7800
G1 F3600
G1 X124.987 Y91.359 E2.59014
G1 X125.43 Y91.671 E2.60944
G1 X125.858 Y92.271 E2.6357
G1 X126.054 Y93.024 E2.66342
G1 X126.004 Y93.518 E2.68111
G1 X125.826 Y93.984 E2.69888
G1 X125.618 Y94.276 E2.71165
G1 X125.124 Y94.721 E2.73534
G1 X124.632 Y94.941 E2.75454
G1 X123.9 Y95.012 E2.78074
G1 X123.509 Y94.951 E2.79484
G1 X122.966 Y94.72 E2.81586
G1 X122.505 Y94.345 E2.83703
G1 X122.153 Y93.842 E2.8589
G1 X121.43 Y93.54 E2.88681
G1 X120.73 Y92.872 E2.92128
G1 X120.131 Y92.537 E2.94573
G1 X120.008 Y92.326 E2.95443
G1 X120.01 Y92.081 E2.96316
G1 X120.176 Y91.549 E2.98301
G1 X120.394 Y91.321 E2.99425
G1 X120.654 Y91.285 E3.0036
G1 X121.369 Y91.409 E3.02945
G1 X122.027 Y91.166 E3.05444
G1 X123.156 Y91.293 E3.09491
G1 X123.498 Y91.184 E3.1077
G1 X124.112 Y91.131 E3.12965
G1 E1.12965 F2400
G92 E0
G1 X124.112 Y91.131 F7800
G1 X113.552 Y92.463
G1 E2 F2400
;TYPE:Perimeter
;WIDTH:0.45
G1 F900
G1 X111.622 Y91.914 E2.09651
G1 X111.709 Y91.607 E2.11186
G1 X111.74 Y91.244 E2.12938
G1 X111.66 Y90.946 E2.14422
G1 X111.51 Y90.712 E2.15759
G1 X111.321 Y90.544 E2.16975
G1 X111.045 Y90.416 E2.18438
G1 X101.39 Y87.678 E2.66706
G1 X102.03 Y85.431 E2.77943
G1 X111.68 Y88.179 E3.26201
G1 X111.983 Y88.215 E3.27669
G1 X112.233 Y88.172 E3.28889
G1 X112.483 Y88.053 E3.30221
G1 X112.709 Y87.841 E3.31711
G1 X112.873 Y87.516 E3.33462
G1 X112.96 Y87.209 E3.34997
G1 X114.891 Y87.758 E3.44653
G1 X113.569 Y92.406 E3.67895
G1 X113.569 Y92.406 F7800
G1 X113.934 Y92.973
G1 F900
G1 X111.285 Y92.219 E3.81142
G1 X111.186 Y92.036 E3.82143
G1 X111.338 Y91.502 E3.84813
G1 X111.357 Y91.284 E3.85865
G1 X111.308 Y91.105 E3.86758
G1 X111.105 Y90.864 E3.88274
G1 X110.94 Y90.787 E3.8915
G1 X101.059 Y87.985 E4.38548
G1 X100.957 Y87.792 E4.39598
G1 X101.72 Y85.109 E4.53014
G1 X101.911 Y84.996 E4.54081
G1 X111.786 Y87.808 E5.03464
G1 X111.968 Y87.83 E5.04346
G1 X112.268 Y87.732 E5.05864
G1 X112.403 Y87.606 E5.06752
G1 X112.502 Y87.41 E5.07808
G1 X112.653 Y86.878 E5.10468
G1 X112.837 Y86.773 E5.11487
G1 X115.467 Y87.521 E5.24638
G1 X115.334 Y87.611 E5.2541
G1 X113.851 Y92.824 E5.51478
G1 X113.905 Y92.92 E5.52008
G1 X113.905 Y92.92 F7800
G1 X114.294 Y93.045
;TYPE:External perimeter
G1 F1800
G1 X114.359 Y93.15 E5.52602
;WIDTH:0.413832
G1 X120.559 Y94.914 E5.80697
G1 X120.796 Y95.345 E5.82841
G1 X114.264 Y93.486 E6.12442
;WIDTH:0.45
G1 X113.596 Y93.278 E6.15807
G1 X111.024 Y92.546 E6.28669
G1 X110.772 Y92.082 E6.31209
G1 X110.967 Y91.396 E6.34639
G1 X110.957 Y91.264 E6.35276
G1 X110.834 Y91.158 E6.36057
G1 X100.794 Y88.311 E6.8625
G1 X100.544 Y87.835 E6.88836
G1 X101.391 Y84.856 E7.03732
G1 X101.857 Y84.58 E7.06337
G1 X111.891 Y87.437 E7.56515
G1 X112.053 Y87.412 E7.57303
G1 X112.131 Y87.305 E7.5794
G1 X112.325 Y86.622 E7.61355
G1 X112.785 Y86.357 E7.63908
G1 X115.355 Y87.089 E7.7676
G1 X116.034 Y87.264 E7.80132
;WIDTH:0.414936
G1 X122.564 Y89.121 E8.09815
G1 X122.137 Y89.365 E8.11965
G1 X115.938 Y87.601 E8.40145
;WIDTH:0.45
G1 X115.705 Y87.717 E8.41397
G1 X114.222 Y92.929 E8.6746
G1 X114.262 Y92.994 E8.67827
G1 X114.599 Y93.209 F7800
G1 E6.67827 F2400
G92 E0
G1 X102.229 Y85.788 F7800
G1 E2 F2400
;TYPE:Solid infill
G1 F1200
G1 X111.691 Y88.478 E2.47312
G1 X111.972 Y88.503 E2.48669
G1 X112.294 Y88.454 E2.50236
G1 X112.619 Y88.306 E2.51954
G1 X112.936 Y88.018 E2.54014
G1 X113.159 Y87.566 E2.56438
G1 X114.534 Y87.957 E2.63313
G1 X113.353 Y92.106 E2.84061
G1 X111.999 Y91.72 E2.90833
G1 X112.027 Y91.25 E2.93098
G1 X111.932 Y90.855 E2.95052
G1 X111.745 Y90.545 E2.96793
G1 X111.502 Y90.32 E2.98386
G1 X111.211 Y90.167 E2.99967
G1 X101.748 Y87.479 E3.47281
G1 X102.176 Y85.974 E3.54807
G1 X102.494 Y86.265 E3.5688
G1 X111.585 Y88.849 E4.02337
G1 X111.943 Y88.888 E4.04069
G1 X112.359 Y88.834 E4.06087
G1 X112.785 Y88.654 E4.08311
G1 X113.178 Y88.323 E4.10782
G1 X113.367 Y88.026 E4.12475
G1 X114.057 Y88.223 E4.15926
G1 X113.088 Y91.63 E4.32962
G1 X112.398 Y91.433 E4.36413
G1 X112.41 Y91.173 E4.37665
G1 X112.305 Y90.754 E4.39743
G1 X112.069 Y90.337 E4.42048
G1 X111.757 Y90.032 E4.44147
G1 X111.317 Y89.796 E4.46548
G1 X102.224 Y87.213 E4.92012
G1 X102.441 Y86.45 E4.95827
G1 X102.718 Y86.729 E4.97718
;WIDTH:0.364677
G1 X102.648 Y86.977 E4.98683
G1 X111.41 Y89.467 E5.328
;WIDTH:0.406955
G1 X111.614 Y89.538 E5.33723
;WIDTH:0.45
G1 X111.818 Y89.609 E5.34762
G1 X112.222 Y89.928 E5.37238
G1 X112.558 Y90.386 E5.3997
G1 X112.765 Y90.981 E5.43
G1 X112.806 Y91.148 E5.43827
G1 X112.964 Y90.656 E5.46312
G1 X113.581 Y88.488 E5.57153
G1 X113.194 Y88.836 E5.59656
G1 X112.678 Y89.133 E5.6252
G1 X112.15 Y89.261 E5.65133
G1 X111.673 Y89.235 E5.67431
;WIDTH:0.411009
G1 X111.492 Y89.179 E5.6825
;WIDTH:0.364677
G1 X102.874 Y86.729 E6.01807
G1 E4.01807 F2400
G92 E0
G1 X102.874 Y86.729 F7800
G1 X112.37 Y89.584
G1 E2 F2400
;WIDTH:0.390145
G1 F1200
G1 X112.485 Y89.564 E2.00474
G1 X112.953 Y89.395 E2.02496
G1 X112.766 Y90.051 E2.05268
G1 X112.694 Y89.938 E2.05812
G1 X112.5 Y89.726 E2.0698
G1 E.0698 F2400
G92 E0
G1 X112.5 Y89.726 F7800
G92 E0
G1 X118.918 Y104.423
G1 E2 F2400
;TYPE:Support material
;WIDTH:0.35
G1 F3600
G1 X119.62 Y104.479 E2.02509
G1 X120.268 Y104.311 E2.04894
G1 X120.27 Y103.961 E2.06141
G1 X120.506 Y103.962 E2.06982
G1 X121.189 Y104.147 E2.09503
G1 X121.564 Y104.411 E2.11137
G1 X121.838 Y104.743 E2.1267
G1 X122.007 Y105.112 E2.14116
G1 X122.073 Y105.516 E2.15574
G1 X122.033 Y105.917 E2.1701
G1 X121.888 Y106.299 E2.18466
G1 X121.649 Y106.628 E2.19915
G1 X121.312 Y106.901 E2.2146
G1 X120.902 Y107.084 E2.23059
G1 X120.31 Y107.144 E2.25179
G1 X119.525 Y106.903 E2.28104
G1 X119.136 Y106.589 E2.29885
G1 X118.751 Y106.027 E2.32312
G1 X117.992 Y105.726 E2.35221
G1 X117.308 Y105.069 E2.386
G1 X116.693 Y104.723 E2.41114
G1 X116.836 Y104.436 E2.42256
G1 X116.841 Y104.077 E2.43535
G1 X117.782 Y104.257 E2.46948
G1 X118.432 Y103.999 E2.49439
G1 X119.575 Y104.126 E2.53536
G1 X120.227 Y103.961 E2.55932
G1 X120.227 Y103.961 F7800
G1 X120.528 Y103.612
G1 F3600
G1 X121.36 Y103.84 E2.59005
G1 X121.803 Y104.152 E2.60935
G1 X122.23 Y104.752 E2.63558
G1 X122.426 Y105.505 E2.6633
G1 X122.377 Y105.998 E2.68095
G1 X122.199 Y106.465 E2.69875
G1 X121.991 Y106.757 E2.71152
G1 X121.497 Y107.202 E2.73521
G1 X121.005 Y107.422 E2.75441
G1 X120.273 Y107.493 E2.78061
G1 X119.881 Y107.432 E2.79474
G1 X119.339 Y107.201 E2.81573
G1 X118.877 Y106.826 E2.83693
G1 X118.526 Y106.323 E2.85878
G1 X117.803 Y106.021 E2.88669
G1 X117.103 Y105.353 E2.92116
G1 X116.504 Y105.017 E2.94563
G1 X116.381 Y104.806 E2.95433
G1 X116.382 Y104.562 E2.96302
G1 X116.549 Y104.03 E2.98288
G1 X116.767 Y103.801 E2.99414
G1 X117.027 Y103.766 E3.00349
G1 X117.742 Y103.89 E3.02934
G1 X118.399 Y103.647 E3.05429
G1 X119.529 Y103.774 E3.0948
G1 X119.87 Y103.664 E3.10756
G1 X120.485 Y103.612 E3.12955
G1 E1.12955 F2400
G92 E0
G1 X120.485 Y103.612 F7800
G1 X109.925 Y104.944
G1 E2 F2400
;TYPE:Perimeter
;WIDTH:0.45
G1 F900
G1 X107.994 Y104.395 E2.09656
G1 X108.082 Y104.088 E2.11192
G1 X108.113 Y103.725 E2.12944
G1 X108.033 Y103.426 E2.14433
G1 X107.883 Y103.193 E2.15766
G1 X107.694 Y103.025 E2.16982
G1 X107.418 Y102.897 E2.18445
G1 X97.763 Y100.159 E2.66713
G1 X98.402 Y97.912 E2.77949
G1 X108.053 Y100.66 E3.26212
G1 X108.356 Y100.696 E3.2768
G1 X108.606 Y100.653 E3.289
G1 X108.856 Y100.533 E3.30234
G1 X109.082 Y100.322 E3.31721
G1 X109.246 Y99.997 E3.33472
G1 X109.333 Y99.69 E3.35007
G1 X111.264 Y100.239 E3.44663
G1 X109.942 Y104.886 E3.679
G1 X109.942 Y104.886 F7800
G1 X110.307 Y105.454
G1 F900
G1 X107.658 Y104.7 E3.81147
G1 X107.559 Y104.517 E3.82148
G1 X107.711 Y103.983 E3.84818
G1 X107.73 Y103.765 E3.8587
G1 X107.681 Y103.586 E3.86763
G1 X107.478 Y103.345 E3.88279
G1 X107.313 Y103.268 E3.89155
G1 X97.431 Y100.466 E4.38558
G1 X97.33 Y100.272 E4.3961
G1 X98.093 Y97.59 E4.53021
G1 X98.283 Y97.477 E4.54084
G1 X108.159 Y100.289 E5.03472
G1 X108.341 Y100.311 E5.04354
G1 X108.641 Y100.213 E5.05872
G1 X108.776 Y100.086 E5.06763
G1 X108.875 Y99.891 E5.07815
G1 X109.026 Y99.359 E5.10475
G1 X109.209 Y99.254 E5.1149
G1 X111.839 Y100.002 E5.24641
G1 X111.707 Y100.092 E5.25409
G1 X110.224 Y105.305 E5.51477
G1 X110.277 Y105.401 E5.52004
G1 X110.277 Y105.401 F7800
G1 X110.667 Y105.526
;TYPE:External perimeter
G1 F1800
G1 X110.732 Y105.631 E5.52598
;WIDTH:0.413832
G1 X116.932 Y107.395 E5.80693
G1 X117.169 Y107.826 E5.82837
G1 X110.637 Y105.967 E6.12438
;WIDTH:0.45
G1 X109.969 Y105.758 E6.15804
G1 X107.397 Y105.027 E6.28664
G1 X107.145 Y104.563 E6.31204
G1 X107.34 Y103.877 E6.34634
G1 X107.33 Y103.745 E6.35271
G1 X107.207 Y103.639 E6.36052
G1 X97.167 Y100.792 E6.86245
G1 X96.917 Y100.315 E6.88835
G1 X97.764 Y97.337 E7.03726
G1 X98.229 Y97.061 E7.06327
G1 X108.264 Y99.918 E7.5651
G1 X108.426 Y99.893 E7.57298
G1 X108.504 Y99.786 E7.57935
G1 X108.698 Y99.103 E7.6135
G1 X109.158 Y98.838 E7.63903
G1 X111.728 Y99.569 E7.76754
G1 X112.407 Y99.744 E7.80126
;WIDTH:0.414936
G1 X118.937 Y101.602 E8.0981
G1 X118.51 Y101.845 E8.11958
G1 X112.311 Y100.082 E8.40137
;WIDTH:0.45
G1 X112.078 Y100.197 E8.41387
G1 X110.595 Y105.41 E8.67455
G1 X110.635 Y105.475 E8.67822
G1 X110.972 Y105.69 F7800
G1 E6.67822 F2400
G92 E0
G1 X98.601 Y98.269 F7800
G1 E2 F2400
;TYPE:Solid infill
G1 F1200
G1 X108.064 Y100.959 E2.47317
G1 X108.345 Y100.984 E2.48674
G1 X108.667 Y100.935 E2.50241
G1 X108.991 Y100.787 E2.51954
G1 X109.308 Y100.499 E2.54014
G1 X109.532 Y100.047 E2.5644
G1 X110.907 Y100.438 E2.63315
G1 X109.726 Y104.587 E2.84063
G1 X108.371 Y104.201 E2.90839
G1 X108.4 Y103.73 E2.93109
G1 X108.305 Y103.336 E2.95058
G1 X108.117 Y103.026 E2.96802
G1 X107.874 Y102.801 E2.98395
G1 X107.584 Y102.648 E2.99972
G1 X98.12 Y99.96 E3.47291
G1 X98.549 Y98.455 E3.54818
G1 X98.867 Y98.746 E3.56891
G1 X107.958 Y101.33 E4.02348
G1 X108.316 Y101.369 E4.0408
G1 X108.732 Y101.315 E4.06098
G1 X109.158 Y101.135 E4.08322
G1 X109.551 Y100.804 E4.10793
G1 X109.74 Y100.507 E4.12486
G1 X110.43 Y100.704 E4.15937
G1 X109.461 Y104.11 E4.32969
G1 X108.771 Y103.914 E4.36419
G1 X108.783 Y103.654 E4.37671
G1 X108.677 Y103.235 E4.3975
G1 X108.442 Y102.818 E4.42052
G1 X108.13 Y102.513 E4.44151
G1 X107.689 Y102.277 E4.46557
G1 X98.597 Y99.694 E4.92017
G1 X98.814 Y98.931 E4.95832
G1 X99.091 Y99.21 E4.97723
;WIDTH:0.364677
G1 X99.021 Y99.458 E4.98688
G1 X107.783 Y101.947 E5.32804
;WIDTH:0.406955
G1 X107.987 Y102.019 E5.33728
;WIDTH:0.45
G1 X108.191 Y102.09 E5.34767
G1 X108.595 Y102.409 E5.37243
G1 X108.931 Y102.867 E5.39975
G1 X109.138 Y103.462 E5.43005
G1 X109.179 Y103.629 E5.43832
G1 X109.337 Y103.136 E5.46322
G1 X109.954 Y100.969 E5.57159
G1 X109.567 Y101.317 E5.59662
G1 X109.05 Y101.614 E5.6253
G1 X108.523 Y101.742 E5.65138
G1 X108.046 Y101.716 E5.67436
;WIDTH:0.411009
G1 X107.865 Y101.659 E5.68256
;WIDTH:0.364677
G1 X99.247 Y99.21 E6.01812
G1 E4.01812 F2400
G92 E0
G1 X99.247 Y99.21 F7800
G1 X108.743 Y102.065
G1 E2 F2400
;WIDTH:0.390145
G1 F1200
G1 X108.858 Y102.045 E2.00474
G1 X109.326 Y101.876 E2.02496
G1 X109.139 Y102.532 E2.05268
G1 X109.066 Y102.419 E2.05815
G1 X108.873 Y102.207 E2.0698
G1 E.0698 F2400
G92 E0
G1 X108.873 Y102.207 F7800
G92 E0
G1 X118.918 Y117.936
G1 E2 F2400
;TYPE:Support material
;WIDTH:0.35
G1 F3600
G1 X119.62 Y117.992 E2.02509
G1 X120.268 Y117.824 E2.04894
G1 X120.27 Y117.474 E2.06141
G1 X120.506 Y117.475 E2.06982
G1 X121.189 Y117.66 E2.09503
G1 X121.564 Y117.924 E2.11137
G1 X121.838 Y118.256 E2.1267
G1 X122.007 Y118.625 E2.14116
G1 X122.073 Y119.029 E2.15574
G1 X122.033 Y119.43 E2.1701
G1 X121.888 Y119.811 E2.18462
G1 X121.649 Y120.141 E2.19914
G1 X121.312 Y120.414 E2.21459
G1 X120.902 Y120.597 E2.23058
G1 X120.31 Y120.657 E2.25178
G1 X119.525 Y120.416 E2.28103
G1 X119.136 Y120.102 E2.29884
G1 X118.751 Y119.54 E2.32311
G1 X117.992 Y119.239 E2.3522
G1 X117.308 Y118.582 E2.38599
G1 X116.693 Y118.236 E2.41113
G1 X116.836 Y117.949 E2.42255
G1 X116.841 Y117.589 E2.43538
G1 X117.782 Y117.77 E2.46952
G1 X118.432 Y117.512 E2.49443
G1 X119.575 Y117.639 E2.5354
G1 X120.227 Y117.474 E2.55936
G1 X120.227 Y117.474 F7800
G1 X120.528 Y117.125
G1 F3600
G1 X121.36 Y117.353 E2.59009
G1 X121.803 Y117.664 E2.60937
G1 X122.23 Y118.265 E2.63563
G1 X122.426 Y119.018 E2.66335
G1 X122.377 Y119.511 E2.681
G1 X122.199 Y119.978 E2.6988
G1 X121.991 Y120.27 E2.71157
G1 X121.497 Y120.715 E2.73526
G1 X121.005 Y120.935 E2.75446
G1 X120.273 Y121.006 E2.78066
G1 X119.881 Y120.945 E2.79479
G1 X119.339 Y120.714 E2.81578
G1 X118.877 Y120.338 E2.837
G1 X118.526 Y119.836 E2.85882
G1 X117.803 Y119.534 E2.88673
G1 X117.103 Y118.866 E2.9212
G1 X116.504 Y118.53 E2.94567
G1 X116.381 Y118.319 E2.95437
G1 X116.382 Y118.075 E2.96306
G1 X116.549 Y117.543 E2.98292
G1 X116.767 Y117.314 E2.99418
G1 X117.027 Y117.279 E3.00353
G1 X117.742 Y117.402 E3.02938
G1 X118.399 Y117.159 E3.05433
G1 X119.529 Y117.286 E3.09484
G1 X119.87 Y117.177 E3.10759
G1 X120.485 Y117.125 E3.12958
G1 E1.12958 F2400
G92 E0
G1 X120.485 Y117.125 F7800
G1 X109.925 Y118.457
G1 E2 F2400
;TYPE:Perimeter
;WIDTH:0.45
G1 F900
G1 X107.994 Y117.908 E2.09656
G1 X108.082 Y117.601 E2.11192
G1 X108.113 Y117.238 E2.12944
G1 X108.033 Y116.939 E2.14433
G1 X107.883 Y116.706 E2.15766
G1 X107.694 Y116.538 E2.16982
G1 X107.418 Y116.41 E2.18445
G1 X97.763 Y113.672 E2.66713
G1 X98.402 Y111.425 E2.77949
G1 X108.053 Y114.173 E3.26212
G1 X108.356 Y114.209 E3.2768
G1 X108.606 Y114.166 E3.289
G1 X108.856 Y114.046 E3.30234
G1 X109.082 Y113.835 E3.31721
G1 X109.246 Y113.51 E3.33472
G1 X109.333 Y113.203 E3.35007
G1 X111.264 Y113.752 E3.44663
G1 X109.942 Y118.399 E3.679
G1 X109.942 Y118.399 F7800
G1 X110.307 Y118.966
G1 F900
G1 X107.658 Y118.213 E3.81146
G1 X107.559 Y118.03 E3.82147
G1 X107.711 Y117.495 E3.84822
G1 X107.73 Y117.277 E3.85874
G1 X107.681 Y117.098 E3.86767
G1 X107.478 Y116.858 E3.88279
G1 X107.313 Y116.781 E3.89155
G1 X97.431 Y113.979 E4.38558
G1 X97.33 Y113.785 E4.3961
G1 X98.093 Y111.103 E4.53021
G1 X98.283 Y110.99 E4.54084
G1 X108.159 Y113.802 E5.03472
G1 X108.341 Y113.824 E5.04354
G1 X108.641 Y113.726 E5.05872
G1 X108.776 Y113.599 E5.06763
G1 X108.875 Y113.404 E5.07815
G1 X109.026 Y112.872 E5.10475
G1 X109.209 Y112.767 E5.1149
G1 X111.839 Y113.515 E5.24641
G1 X111.707 Y113.605 E5.25409
G1 X110.224 Y118.818 E5.51477
G1 X110.277 Y118.914 E5.52004
G1 X110.277 Y118.914 F7800
G1 X110.667 Y119.039
;TYPE:External perimeter
G1 F1800
G1 X110.732 Y119.144 E5.52598
;WIDTH:0.413832
G1 X116.932 Y120.908 E5.80693
G1 X117.169 Y121.339 E5.82837
G1 X110.637 Y119.48 E6.12438
;WIDTH:0.45
G1 X109.969 Y119.271 E6.15804
G1 X107.397 Y118.539 E6.28666
G1 X107.145 Y118.076 E6.31201
G1 X107.34 Y117.39 E6.34631
G1 X107.33 Y117.258 E6.35268
G1 X107.207 Y117.152 E6.36049
G1 X97.167 Y114.304 E6.86243
G1 X96.917 Y113.828 E6.88829
G1 X97.764 Y110.85 E7.0372
G1 X98.229 Y110.574 E7.06321
G1 X108.264 Y113.431 E7.56504
G1 X108.426 Y113.406 E7.57292
G1 X108.504 Y113.299 E7.57929
G1 X108.698 Y112.616 E7.61344
G1 X109.158 Y112.351 E7.63897
G1 X111.728 Y113.082 E7.76748
G1 X112.407 Y113.257 E7.8012
;WIDTH:0.414936
G1 X118.937 Y115.115 E8.09804
G1 X118.51 Y115.358 E8.11952
G1 X112.311 Y113.594 E8.40132
;WIDTH:0.45
G1 X112.078 Y113.71 E8.41384
G1 X110.595 Y118.923 E8.67452
G1 X110.635 Y118.988 E8.67819
G1 X110.972 Y119.203 F7800
G1 E6.67819 F2400
G92 E0
G1 X98.601 Y111.782 F7800
G1 E2 F2400
;TYPE:Solid infill
G1 F1200
G1 X108.064 Y114.472 E2.47317
G1 X108.345 Y114.497 E2.48674
G1 X108.667 Y114.447 E2.50241
G1 X108.991 Y114.3 E2.51952
G1 X109.308 Y114.012 E2.54012
G1 X109.532 Y113.56 E2.56438
G1 X110.907 Y113.951 E2.63313
G1 X109.726 Y118.1 E2.84061
G1 X108.371 Y117.714 E2.90837
G1 X108.4 Y117.243 E2.93107
G1 X108.305 Y116.849 E2.95056
G1 X108.117 Y116.539 E2.968
G1 X107.874 Y116.314 E2.98393
G1 X107.584 Y116.161 E2.9997
G1 X98.12 Y113.473 E3.47289
G1 X98.549 Y111.967 E3.5482
G1 X98.867 Y112.258 E3.56893
G1 X107.958 Y114.843 E4.02351
G1 X108.316 Y114.882 E4.04083
G1 X108.732 Y114.827 E4.06101
G1 X109.158 Y114.648 E4.08323
G1 X109.551 Y114.317 E4.10794
G1 X109.74 Y114.02 E4.12487
G1 X110.43 Y114.217 E4.15938
G1 X109.461 Y117.623 E4.3297
G1 X108.771 Y117.427 E4.3642
G1 X108.783 Y117.167 E4.37672
G1 X108.677 Y116.748 E4.39751
G1 X108.442 Y116.331 E4.42053
G1 X108.13 Y116.025 E4.44155
G1 X107.689 Y115.79 E4.46558
G1 X98.597 Y113.207 E4.92018
G1 X98.814 Y112.444 E4.95833
G1 X99.091 Y112.723 E4.97724
;WIDTH:0.364677
G1 X99.021 Y112.971 E4.98689
G1 X107.783 Y115.46 E5.32805
;WIDTH:0.406955
G1 X107.987 Y115.532 E5.33729
;WIDTH:0.45
G1 X108.191 Y115.603 E5.34768
G1 X108.595 Y115.922 E5.37244
G1 X108.931 Y116.379 E5.39972
G1 X109.138 Y116.975 E5.43007
G1 X109.179 Y117.142 E5.43834
G1 X109.337 Y116.649 E5.46324
G1 X109.954 Y114.482 E5.57161
G1 X109.567 Y114.83 E5.59664
G1 X109.05 Y115.127 E5.62532
G1 X108.523 Y115.255 E5.6514
G1 X108.046 Y115.228 E5.67438
;WIDTH:0.411009
G1 X107.865 Y115.172 E5.68257
;WIDTH:0.364677
G1 X99.247 Y112.723 E6.01813
G1 E4.01813 F2400
G92 E0
G1 X99.247 Y112.723 F7800
G1 X108.743 Y115.578
G1 E2 F2400
;WIDTH:0.390145
G1 F1200
G1 X108.858 Y115.558 E2.00474
G1 X109.326 Y115.389 E2.02496
G1 X109.139 Y116.045 E2.05268
G1 X109.066 Y115.931 E2.05818
G1 X108.873 Y115.72 E2.0698
G1 E.0698 F2400
G92 E0
G92 E0
G1 X118.918 Y131.449 F7800
G1 E2 F2400
;TYPE:Support material
;WIDTH:0.35
G1 F3600
G1 X119.62 Y131.505 E2.02509
G1 X120.268 Y131.337 E2.04894
G1 X120.27 Y130.987 E2.06141
G1 X120.506 Y130.988 E2.06982
G1 X121.189 Y131.173 E2.09503
G1 X121.564 Y131.437 E2.11137
G1 X121.838 Y131.768 E2.12668
G1 X122.007 Y132.138 E2.14117
G1 X122.073 Y132.542 E2.15575
G1 X122.033 Y132.943 E2.17011
G1 X121.888 Y133.324 E2.18463
G1 X121.649 Y133.654 E2.19915
G1 X121.312 Y133.927 E2.2146
G1 X120.902 Y134.11 E2.23059
G1 X120.31 Y134.17 E2.25179
G1 X119.525 Y133.928 E2.28105
G1 X119.136 Y133.615 E2.29884
G1 X118.751 Y133.053 E2.32311
G1 X117.992 Y132.752 E2.3522
G1 X117.308 Y132.095 E2.38599
G1 X116.693 Y131.749 E2.41113
G1 X116.836 Y131.462 E2.42255
G1 X116.841 Y131.102 E2.43538
G1 X117.782 Y131.283 E2.46952
G1 X118.432 Y131.025 E2.49443
G1 X119.575 Y131.152 E2.5354
G1 X120.227 Y130.987 E2.55936
G1 X120.227 Y130.987 F7800
G1 X120.528 Y130.638
G1 F3600
G1 X121.36 Y130.865 E2.59008
G1 X121.803 Y131.177 E2.60938
G1 X122.23 Y131.778 E2.63564
G1 X122.426 Y132.531 E2.66336
G1 X122.377 Y133.024 E2.68101
G1 X122.199 Y133.491 E2.69881
G1 X121.991 Y133.783 E2.71158
G1 X121.497 Y134.228 E2.73527
G1 X121.005 Y134.447 E2.75445
G1 X120.273 Y134.518 E2.78065
G1 X119.881 Y134.458 E2.79478
G1 X119.339 Y134.227 E2.81577
G1 X118.877 Y133.851 E2.83699
G1 X118.526 Y133.349 E2.85881
G1 X117.803 Y133.047 E2.88672
G1 X117.103 Y132.379 E2.92119
G1 X116.504 Y132.043 E2.94566
G1 X116.381 Y131.832 E2.95436
G1 X116.382 Y131.587 E2.96309
G1 X116.549 Y131.056 E2.98292
G1 X116.767 Y130.827 E2.99418
G1 X117.027 Y130.792 E3.00353
G1 X117.742 Y130.915 E3.02938
G1 X118.399 Y130.672 E3.05433
G1 X119.529 Y130.799 E3.09484
G1 X119.87 Y130.69 E3.10759
G1 X120.485 Y130.638 E3.12958
G1 E1.12958 F2400
G92 E0
G1 X120.485 Y130.638 F7800
G1 X109.925 Y131.97
G1 E2 F2400
;TYPE:Perimeter
;WIDTH:0.45
G1 F900
G1 X107.994 Y131.42 E2.09657
G1 X108.082 Y131.114 E2.11188
G1 X108.113 Y130.751 E2.1294
G1 X108.033 Y130.452 E2.14429
G1 X107.883 Y130.219 E2.15762
G1 X107.694 Y130.051 E2.16978
G1 X107.418 Y129.923 E2.18441
G1 X97.763 Y127.185 E2.66709
G1 X98.402 Y124.938 E2.77945
G1 X108.053 Y127.686 E3.26208
G1 X108.356 Y127.722 E3.27676
G1 X108.606 Y127.679 E3.28896
G1 X108.856 Y127.559 E3.3023
G1 X109.082 Y127.348 E3.31717
G1 X109.246 Y127.023 E3.33468
G1 X109.333 Y126.716 E3.35003
G1 X111.264 Y127.265 E3.44659
G1 X109.942 Y131.912 E3.67896
G1 X109.942 Y131.912 F7800
G1 X110.307 Y132.479
G1 F900
G1 X107.658 Y131.726 E3.81142
G1 X107.559 Y131.543 E3.82143
G1 X107.711 Y131.008 E3.84818
G1 X107.73 Y130.79 E3.8587
G1 X107.681 Y130.611 E3.86763
G1 X107.478 Y130.371 E3.88275
G1 X107.313 Y130.294 E3.89151
G1 X97.431 Y127.491 E4.38555
G1 X97.33 Y127.298 E4.39603
G1 X98.093 Y124.616 E4.53014
G1 X98.283 Y124.503 E4.54077
G1 X108.159 Y127.315 E5.03465
G1 X108.341 Y127.337 E5.04347
G1 X108.641 Y127.239 E5.05865
G1 X108.776 Y127.112 E5.06756
G1 X108.875 Y126.917 E5.07808
G1 X109.026 Y126.385 E5.10468
G1 X109.209 Y126.279 E5.11485
G1 X111.839 Y127.028 E5.24637
G1 X111.707 Y127.118 E5.25405
G1 X110.224 Y132.33 E5.51468
G1 X110.277 Y132.427 E5.52
G1 X110.277 Y132.427 F7800
G1 X110.667 Y132.552
;TYPE:External perimeter
G1 F1800
G1 X110.732 Y132.657 E5.52594
;WIDTH:0.413832
G1 X116.932 Y134.421 E5.80689
G1 X117.169 Y134.851 E5.82829
G1 X110.637 Y132.993 E6.12428
;WIDTH:0.45
G1 X109.969 Y132.784 E6.15794
G1 X107.397 Y132.052 E6.28656
G1 X107.145 Y131.589 E6.31191
G1 X107.34 Y130.903 E6.34621
G1 X107.33 Y130.77 E6.35262
G1 X107.207 Y130.665 E6.3604
G1 X97.167 Y127.817 E6.86234
G1 X96.917 Y127.341 E6.8882
G1 X97.764 Y124.363 E7.03711
G1 X98.229 Y124.086 E7.06314
G1 X108.264 Y126.944 E7.56498
G1 X108.426 Y126.919 E7.57286
G1 X108.504 Y126.811 E7.57927
G1 X108.698 Y126.129 E7.61337
G1 X109.158 Y125.864 E7.6389
G1 X111.728 Y126.595 E7.76741
G1 X112.407 Y126.77 E7.80113
;WIDTH:0.414936
G1 X118.937 Y128.628 E8.09797
G1 X118.51 Y128.871 E8.11945
G1 X112.311 Y127.107 E8.40125
;WIDTH:0.45
G1 X112.078 Y127.223 E8.41377
G1 X110.595 Y132.436 E8.67445
G1 X110.635 Y132.501 E8.67812
G1 X110.972 Y132.716 F7800
G1 E6.67812 F2400
G92 E0
G1 X98.601 Y125.295 F7800
G1 E2 F2400
;TYPE:Solid infill
G1 F1200
G1 X108.064 Y127.985 E2.47317
G1 X108.345 Y128.01 E2.48674
G1 X108.667 Y127.96 E2.50241
G1 X108.991 Y127.813 E2.51952
G1 X109.308 Y127.525 E2.54012
G1 X109.532 Y127.073 E2.56438
G1 X110.907 Y127.464 E2.63313
G1 X109.726 Y131.613 E2.84061
G1 X108.371 Y131.227 E2.90837
G1 X108.4 Y130.756 E2.93107
G1 X108.305 Y130.362 E2.95056
G1 X108.117 Y130.052 E2.968
G1 X107.874 Y129.827 E2.98393
G1 X107.584 Y129.674 E2.9997
G1 X98.12 Y126.985 E3.4729
G1 X98.549 Y125.48 E3.54817
G1 X98.867 Y125.771 E3.5689
G1 X107.958 Y128.356 E4.02348
G1 X108.316 Y128.394 E4.0408
G1 X108.732 Y128.34 E4.06098
G1 X109.158 Y128.16 E4.08322
G1 X109.551 Y127.829 E4.10793
G1 X109.74 Y127.533 E4.12482
G1 X110.43 Y127.729 E4.15932
G1 X109.461 Y131.136 E4.32968
G1 X108.771 Y130.94 E4.36418
G1 X108.783 Y130.68 E4.3767
G1 X108.677 Y130.261 E4.39749
G1 X108.442 Y129.844 E4.42051
G1 X108.13 Y129.538 E4.44153
G1 X107.689 Y129.303 E4.46556
G1 X98.597 Y126.72 E4.92016
G1 X98.814 Y125.957 E4.95831
G1 X99.091 Y126.236 E4.97722
;WIDTH:0.364677
G1 X99.021 Y126.484 E4.98687
G1 X107.783 Y128.973 E5.32803
;WIDTH:0.406955
G1 X107.987 Y129.044 E5.33726
;WIDTH:0.45
G1 X108.191 Y129.116 E5.34766
G1 X108.595 Y129.435 E5.37242
G1 X108.931 Y129.892 E5.3997
G1 X109.138 Y130.488 E5.43005
G1 X109.179 Y130.655 E5.43832
G1 X109.337 Y130.162 E5.46322
G1 X109.954 Y127.995 E5.57159
G1 X109.567 Y128.343 E5.59662
G1 X109.05 Y128.64 E5.6253
G1 X108.523 Y128.768 E5.65138
G1 X108.046 Y128.741 E5.67436
;WIDTH:0.411009
G1 X107.865 Y128.685 E5.68255
;WIDTH:0.364677
G1 X99.247 Y126.236 E6.01811
G1 E4.01811 F2400
G92 E0
G1 X99.247 Y126.236 F7800
G1 X108.743 Y129.091
G1 E2 F2400
;WIDTH:0.390145
G1 F1200
G1 X108.858 Y129.071 E2.00474
G1 X109.326 Y128.902 E2.02496
G1 X109.139 Y129.558 E2.05268
G1 X109.066 Y129.444 E2.05818
G1 X108.873 Y129.233 E2.0698
M106 S109.65
;LAYER_CHANGE
;Z:3.35
;HEIGHT:0.3
G1 Z3.35 F7800
G1 E.0698 F2400
G92 E0
G92 E0
G1 X121.456 Y92.569 F7800
G1 E2 F2400
;TYPE:Support material
;WIDTH:0.35
G1 F3600
G1 X121.287 Y92.351 E2.00983
G1 X120.805 Y92.183 E2.02801
G1 X120.461 Y92.206 E2.04029
G1 X120.567 Y92.094 E2.04578
G1 X120.464 Y91.332 E2.07317
G1 X121.107 Y91.672 E2.09908
G1 X122.226 Y91.499 E2.13942
G1 X122.824 Y91.708 E2.16199
G1 X123.931 Y91.623 E2.20154
G1 X124.557 Y91.762 E2.22438
G1 X124.916 Y91.989 E2.23951
G1 X125.191 Y92.296 E2.25419
G1 X125.364 Y92.647 E2.26813
G1 X125.398 Y93.355 E2.29338
G1 X125.25 Y93.751 E2.30844
G1 X125.016 Y94.054 E2.32208
G1 X124.691 Y94.294 E2.33647
G1 X123.999 Y94.476 E2.36196
G1 X123.45 Y94.397 E2.38172
G1 X122.96 Y94.138 E2.40146
G1 X122.567 Y93.724 E2.4218
G1 X121.597 Y93.265 E2.46003
G1 X121.074 Y92.648 E2.48884
G1 X120.757 Y92.537 E2.50081
G1 X120.167 Y92.499 E2.52187
G1 X120.013 Y92.398 E2.52843
G1 X120.008 Y92.26 E2.53335
G1 X120.217 Y91.955 E2.54652
G1 X120.217 Y91.495 E2.56291
G1 X120.282 Y91.351 E2.56854
G1 X120.422 Y91.321 E2.57364
G1 X120.422 Y91.321 F7800
G1 X120.622 Y91.01
G1 F3600
G1 X121.187 Y91.309 E2.59641
G1 X122.235 Y91.147 E2.63419
G1 X122.889 Y91.357 E2.65866
G1 X124.186 Y91.29 E2.70493
G1 X124.864 Y91.535 E2.73061
G1 X125.147 Y91.722 E2.74269
G1 X125.484 Y92.098 E2.76068
G1 X125.699 Y92.536 E2.77806
G1 X125.784 Y93.007 E2.79511
G1 X125.742 Y93.434 E2.81039
G1 X125.56 Y93.923 E2.82898
G1 X125.264 Y94.306 E2.84622
G1 X124.86 Y94.605 E2.86413
G1 X124.369 Y94.789 E2.88281
G1 X123.679 Y94.809 E2.9074
G1 X123.024 Y94.592 E2.93198
G1 X122.745 Y94.417 E2.94371
G1 X122.336 Y93.994 E2.96467
G1 X121.413 Y93.566 E3.00091
G1 X120.861 Y92.944 E3.03054
G1 X120.026 Y92.825 E3.06059
G1 X119.777 Y92.661 E3.07121
G1 X119.665 Y92.445 E3.07988
G1 X119.655 Y92.189 E3.08901
G1 X119.867 Y91.816 E3.10429
G1 X119.867 Y91.42 E3.1184
G1 X119.981 Y91.167 E3.12829
G1 X120.174 Y91.016 E3.13702
G1 X120.58 Y91 E3.15149
G1 E1.15149 F2400
G92 E0
G1 X120.58 Y91 F7800
G1 X113.543 Y92.498
G1 E2 F2400
;TYPE:Perimeter
;WIDTH:0.45
G1 F900
G1 X111.612 Y91.949 E2.09656
G1 X111.691 Y91.669 E2.11055
G1 X111.721 Y91.29 E2.12884
G1 X111.633 Y90.988 E2.14397
G1 X111.476 Y90.755 E2.15748
G1 X111.29 Y90.598 E2.16919
G1 X111.029 Y90.478 E2.18301
G1 X101.375 Y87.731 E2.66577
G1 X102.045 Y85.376 E2.78353
G1 X111.7 Y88.113 E3.2662
G1 X111.987 Y88.149 E3.28011
G1 X112.228 Y88.113 E3.29183
G1 X112.482 Y87.999 E3.30522
G1 X112.715 Y87.791 E3.32024
G1 X112.892 Y87.449 E3.33876
G1 X112.969 Y87.177 E3.35236
G1 X114.9 Y87.726 E3.44892
G1 X113.559 Y92.441 E3.68469
G1 X113.559 Y92.441 F7800
G1 X113.915 Y93.005
G1 F900
G1 X111.271 Y92.253 E3.8169
G1 X111.174 Y92.079 E3.82648
G1 X111.32 Y91.563 E3.85227
G1 X111.338 Y91.336 E3.86322
G1 X111.285 Y91.155 E3.87229
G1 X111.191 Y91.015 E3.8804
G1 X110.923 Y90.849 E3.89556
G1 X101.037 Y88.035 E4.38993
G1 X100.938 Y87.857 E4.39973
G1 X101.74 Y85.038 E4.54069
G1 X101.918 Y84.939 E4.55049
G1 X111.805 Y87.742 E5.04476
G1 X111.978 Y87.764 E5.05315
G1 X112.275 Y87.674 E5.06808
G1 X112.415 Y87.549 E5.07711
G1 X112.521 Y87.344 E5.08821
G1 X112.666 Y86.832 E5.1138
G1 X112.838 Y86.738 E5.12323
G1 X115.467 Y87.486 E5.25469
G1 X115.346 Y87.568 E5.26172
G1 X113.838 Y92.867 E5.5267
G1 X113.886 Y92.953 E5.53144
G1 X113.886 Y92.953 F7800
G1 X114.282 Y93.088
;TYPE:External perimeter
G1 F1800
G1 X114.348 Y93.191 E5.53732
;WIDTH:0.409482
G1 X120.548 Y94.955 E5.81478
G1 X120.778 Y95.38 E5.83558
G1 X114.253 Y93.523 E6.12759
;WIDTH:0.45
G1 X113.595 Y93.315 E6.16078
G1 X111.013 Y92.58 E6.2899
G1 X110.759 Y92.127 E6.31488
G1 X110.949 Y91.458 E6.34833
G1 X110.938 Y91.322 E6.35489
G1 X110.817 Y91.22 E6.3625
G1 X100.777 Y88.362 E6.86457
G1 X100.524 Y87.904 E6.88974
G1 X101.413 Y84.779 E7.04601
G1 X101.869 Y84.524 E7.07114
G1 X111.91 Y87.371 E7.57311
G1 X112.068 Y87.348 E7.58079
G1 X112.15 Y87.238 E7.58739
G1 X112.34 Y86.572 E7.6207
G1 X112.792 Y86.324 E7.6455
G1 X115.375 Y87.059 E7.77467
G1 X116.044 Y87.228 E7.80786
;WIDTH:0.409281
G1 X122.575 Y89.087 E8.09997
G1 X122.151 Y89.324 E8.12087
G1 X115.95 Y87.56 E8.39821
;WIDTH:0.45
G1 X115.717 Y87.673 E8.41066
G1 X114.209 Y92.973 E8.67569
G1 X114.25 Y93.037 E8.67935
G1 X114.589 Y93.251 F7800
G1 E6.67935 F2400
G92 E0
G1 X101.733 Y87.532 F7800
G1 E2 F2400
;TYPE:Solid infill
G1 F1200
G1 X102.244 Y85.733 E2.08995
G1 X108.742 Y87.572 E2.41476
G1 X108.744 Y87.824 E2.42688
G1 X111.131 Y90.211 E2.58924
G1 X101.918 Y87.585 E3.05
G1 X102.209 Y87.267 E3.07073
G1 X102.51 Y86.209 E3.12364
G1 X108.414 Y87.88 E3.41876
G1 X108.401 Y88.012 E3.42514
G1 X108.471 Y88.097 E3.43044
G1 X109.807 Y89.433 E3.52131
G1 X102.394 Y87.319 E3.89206
G1 X102.668 Y87.011 E3.91189
;WIDTH:0.422054
G1 X102.766 Y86.667 E3.92785
G1 X102.938 Y86.716 E3.93583
;WIDTH:0.42703
G1 X108.095 Y88.178 E4.17828
G1 X108.091 Y88.222 E4.18028
G1 X108.523 Y88.677 E4.20866
G1 X102.853 Y87.064 E4.4753
G1 E2.4753 F2400
G92 E0
G1 X102.853 Y87.064 F7800
G1 X112.006 Y91.657
G1 E2 F2400
;WIDTH:0.545527
G1 F1200
G1 X111.964 Y91.7 E2.00361
G1 X111.979 Y91.758 E2.00721
G1 X112.037 Y91.773 E2.01081
G1 X112.08 Y91.731 E2.01442
G1 X112.064 Y91.673 E2.01803
G1 X112.064 Y91.673 F7800
G1 X112.948 Y92.028
;WIDTH:0.45
G1 F1200
G1 X111.942 Y91.022 E2.08646
G1 X111.744 Y90.743 E2.10291
;WIDTH:0.404381
G1 X111.426 Y90.418 E2.12219
G1 E.12219 F2400
G92 E0
G1 X111.426 Y90.418 F7800
G1 X113.422 Y92.198
G1 E2 F2400
G1 F1200
G1 X113.433 Y92.239 E2.0018
G1 X113.362 Y92.258 E2.00492
G1 X113.381 Y92.187 E2.00804
;WIDTH:0.45
G1 X113.402 Y91.937 E2.02011
G1 X109.153 Y87.688 E2.30912
G1 X109.63 Y87.706 E2.33208
;WIDTH:0.404381
G1 X109.611 Y87.777 E2.3352
G1 X109.682 Y87.758 E2.33832
G1 X109.671 Y87.717 E2.34012
;WIDTH:0.45
G1 X109.914 Y87.903 E2.35484
G1 X113.522 Y91.512 E2.60029
G1 X113.643 Y91.088 E2.6215
G1 X110.674 Y88.119 E2.82345
G1 X110.432 Y87.932 E2.83816
;WIDTH:0.404381
G1 X110.443 Y87.973 E2.83996
G1 X110.371 Y87.992 E2.84312
G1 X110.39 Y87.921 E2.84624
G1 X110.39 Y87.921 F7800
G1 X111.151 Y88.139
G1 F1200
G1 X111.132 Y88.211 E2.8494
G1 X111.203 Y88.191 E2.85253
G1 X111.192 Y88.15 E2.85433
;WIDTH:0.45
G1 X111.435 Y88.334 E2.86899
G1 X113.764 Y90.663 E3.02741
G1 X113.885 Y90.238 E3.04866
G1 X112.074 Y88.427 E3.17184
G1 X112.598 Y88.261 E3.19828
G1 X112.916 Y87.996 E3.21819
G1 X113.169 Y87.534 E3.24352
G1 X114.543 Y87.925 E3.31223
G1 X114.006 Y89.814 E3.40668
G1 X112.628 Y88.436 E3.50041
G1 X113.092 Y88.355 E3.52306
G1 X113.173 Y88.284 E3.52824
G1 X113.367 Y87.991 E3.54514
G1 X114.067 Y88.19 E3.58014
G1 X113.814 Y89.077 E3.6245
G1 X113.229 Y88.492 E3.66429
G1 E1.66429 F2400
G92 E0
G1 X113.229 Y88.492 F7800
G92 E0
G1 X117.829 Y105.05
G1 E2 F2400
;TYPE:Support material
;WIDTH:0.35
G1 F3600
G1 X117.66 Y104.832 E2.00983
G1 X117.177 Y104.664 E2.02805
G1 X116.834 Y104.687 E2.0403
G1 X116.94 Y104.575 E2.04579
G1 X116.837 Y103.813 E2.07318
G1 X117.479 Y104.153 E2.09906
G1 X118.599 Y103.98 E2.13943
G1 X119.197 Y104.189 E2.162
G1 X120.304 Y104.104 E2.20155
G1 X120.93 Y104.243 E2.22439
G1 X121.289 Y104.47 E2.23952
G1 X121.564 Y104.777 E2.2542
G1 X121.736 Y105.128 E2.26812
G1 X121.771 Y105.835 E2.29334
G1 X121.623 Y106.232 E2.30843
G1 X121.389 Y106.535 E2.32207
G1 X121.064 Y106.775 E2.33646
G1 X120.372 Y106.957 E2.36195
G1 X119.823 Y106.878 E2.38171
G1 X119.332 Y106.619 E2.40149
G1 X118.94 Y106.205 E2.4218
G1 X117.969 Y105.746 E2.46006
G1 X117.447 Y105.129 E2.48885
G1 X117.13 Y105.018 E2.50082
G1 X116.54 Y104.979 E2.52188
G1 X116.386 Y104.878 E2.52844
G1 X116.381 Y104.74 E2.53336
G1 X116.59 Y104.436 E2.5465
G1 X116.59 Y103.976 E2.56289
G1 X116.655 Y103.832 E2.56852
G1 X116.795 Y103.802 E2.57362
G1 X116.795 Y103.802 F7800
G1 X116.995 Y103.491
G1 F3600
G1 X117.56 Y103.79 E2.59639
G1 X118.608 Y103.627 E2.63417
G1 X119.262 Y103.838 E2.65865
G1 X120.559 Y103.771 E2.70492
G1 X121.237 Y104.015 E2.73059
G1 X121.52 Y104.203 E2.74269
G1 X121.857 Y104.579 E2.76068
G1 X122.072 Y105.017 E2.77806
G1 X122.157 Y105.488 E2.79511
G1 X122.115 Y105.915 E2.81039
G1 X121.933 Y106.404 E2.82898
G1 X121.636 Y106.787 E2.84625
G1 X121.233 Y107.086 E2.86413
G1 X120.742 Y107.27 E2.88281
G1 X120.052 Y107.29 E2.9074
G1 X119.396 Y107.073 E2.93201
G1 X119.118 Y106.898 E2.94371
G1 X118.709 Y106.475 E2.96467
G1 X117.786 Y106.047 E3.00091
G1 X117.234 Y105.425 E3.03054
G1 X116.399 Y105.306 E3.06059
G1 X116.15 Y105.142 E3.07121
G1 X116.038 Y104.926 E3.07988
G1 X116.028 Y104.669 E3.08904
G1 X116.24 Y104.297 E3.10429
G1 X116.24 Y103.901 E3.1184
G1 X116.353 Y103.648 E3.12827
G1 X116.547 Y103.496 E3.13705
G1 X116.953 Y103.481 E3.15152
G1 E1.15152 F2400
G92 E0
G1 X116.953 Y103.481 F7800
G1 X109.915 Y104.979
G1 E2 F2400
;TYPE:Perimeter
;WIDTH:0.45
G1 F900
G1 X107.984 Y104.43 E2.09656
G1 X108.064 Y104.15 E2.11057
G1 X108.094 Y103.77 E2.1289
G1 X108.006 Y103.468 E2.14403
G1 X107.849 Y103.236 E2.1575
G1 X107.663 Y103.078 E2.16924
G1 X107.402 Y102.959 E2.18304
G1 X97.748 Y100.212 E2.6658
G1 X98.418 Y97.857 E2.78356
G1 X108.073 Y100.593 E3.26622
G1 X108.36 Y100.63 E3.28014
G1 X108.601 Y100.594 E3.29186
G1 X108.855 Y100.48 E3.30525
G1 X109.088 Y100.272 E3.32027
G1 X109.265 Y99.93 E3.33879
G1 X109.342 Y99.657 E3.35243
G1 X111.273 Y100.207 E3.449
G1 X109.932 Y104.921 E3.68472
G1 X109.932 Y104.921 F7800
G1 X110.288 Y105.486
G1 F900
G1 X107.644 Y104.734 E3.81693
G1 X107.547 Y104.56 E3.82651
G1 X107.693 Y104.044 E3.8523
G1 X107.711 Y103.817 E3.86325
G1 X107.658 Y103.635 E3.87237
G1 X107.564 Y103.496 E3.88044
G1 X107.296 Y103.33 E3.8956
G1 X97.41 Y100.516 E4.38997
G1 X97.311 Y100.338 E4.39977
G1 X98.113 Y97.519 E4.54073
G1 X98.29 Y97.42 E4.55048
G1 X108.178 Y100.222 E5.04478
G1 X108.351 Y100.245 E5.05317
G1 X108.648 Y100.155 E5.0681
G1 X108.787 Y100.03 E5.07709
G1 X108.894 Y99.825 E5.08821
G1 X109.039 Y99.313 E5.1138
G1 X109.211 Y99.219 E5.12323
G1 X111.84 Y99.967 E5.25469
G1 X111.719 Y100.049 E5.26172
G1 X110.211 Y105.348 E5.5267
G1 X110.259 Y105.434 E5.53144
G1 X110.259 Y105.434 F7800
G1 X110.655 Y105.569
;TYPE:External perimeter
G1 F1800
G1 X110.72 Y105.672 E5.5373
;WIDTH:0.409482
G1 X116.92 Y107.436 E5.81476
G1 X117.151 Y107.861 E5.83558
G1 X110.626 Y106.004 E6.12759
;WIDTH:0.45
G1 X109.968 Y105.796 E6.16078
G1 X107.385 Y105.061 E6.28995
G1 X107.132 Y104.608 E6.31491
G1 X107.322 Y103.939 E6.34836
G1 X107.311 Y103.803 E6.35492
G1 X107.19 Y103.701 E6.36253
G1 X97.15 Y100.843 E6.8646
G1 X96.897 Y100.385 E6.88977
G1 X97.786 Y97.26 E7.04604
G1 X98.242 Y97.005 E7.07117
G1 X108.283 Y99.851 E7.57313
G1 X108.441 Y99.829 E7.5808
G1 X108.523 Y99.719 E7.5874
G1 X108.713 Y99.052 E7.62076
G1 X109.165 Y98.805 E7.64553
G1 X111.748 Y99.54 E7.7747
G1 X112.417 Y99.709 E7.80789
;WIDTH:0.409281
G1 X118.948 Y101.567 E8.09999
G1 X118.524 Y101.805 E8.12091
G1 X112.323 Y100.041 E8.39825
;WIDTH:0.45
G1 X112.09 Y100.154 E8.4107
G1 X110.582 Y105.454 E8.67573
G1 X110.623 Y105.518 E8.67939
G1 X110.961 Y105.732 F7800
G1 E6.67939 F2400
G92 E0
G1 X98.105 Y100.013 F7800
G1 E2 F2400
;TYPE:Solid infill
G1 F1200
G1 X98.617 Y98.214 E2.08996
G1 X105.115 Y100.053 E2.41477
G1 X105.117 Y100.305 E2.42689
G1 X107.503 Y102.692 E2.58922
G1 X98.291 Y100.065 E3.04995
G1 X98.582 Y99.747 E3.07068
G1 X98.883 Y98.689 E3.12359
G1 X104.787 Y100.361 E3.41872
G1 X104.774 Y100.493 E3.4251
G1 X104.844 Y100.578 E3.4304
G1 X106.18 Y101.914 E3.52127
G1 X98.767 Y99.8 E3.89202
G1 X99.041 Y99.492 E3.91185
;WIDTH:0.422054
G1 X99.139 Y99.148 E3.92781
G1 X99.31 Y99.197 E3.93575
;WIDTH:0.42703
G1 X104.468 Y100.659 E4.17825
G1 X104.464 Y100.702 E4.1802
G1 X104.895 Y101.158 E4.20858
G1 X99.226 Y99.545 E4.47518
G1 E2.47518 F2400
G92 E0
G1 X99.226 Y99.545 F7800
G1 X108.379 Y104.138
G1 E2 F2400
;WIDTH:0.545527
G1 F1200
G1 X108.337 Y104.18 E2.00356
G1 X108.352 Y104.239 E2.00721
G1 X108.41 Y104.254 E2.01081
G1 X108.453 Y104.212 E2.01442
G1 X108.437 Y104.154 E2.01803
G1 X108.437 Y104.154 F7800
G1 X109.321 Y104.509
;WIDTH:0.45
G1 F1200
G1 X108.314 Y103.503 E2.08649
G1 X108.117 Y103.224 E2.10292
;WIDTH:0.404381
G1 X107.799 Y102.898 E2.12223
G1 E.12223 F2400
G92 E0
G1 X107.799 Y102.898 F7800
G1 X109.795 Y104.678
G1 E2 F2400
G1 F1200
G1 X109.806 Y104.719 E2.0018
G1 X109.735 Y104.739 E2.00493
G1 X109.754 Y104.667 E2.00809
;WIDTH:0.45
G1 X109.774 Y104.418 E2.0201
G1 X105.526 Y100.169 E2.30908
G1 X106.003 Y100.187 E2.33204
;WIDTH:0.404381
G1 X105.984 Y100.258 E2.33516
G1 X106.055 Y100.239 E2.33828
G1 X106.044 Y100.198 E2.34008
;WIDTH:0.45
G1 X106.286 Y100.384 E2.35476
G1 X109.895 Y103.993 E2.60024
G1 X110.016 Y103.568 E2.62149
G1 X107.047 Y100.599 E2.82344
G1 X106.804 Y100.413 E2.83816
;WIDTH:0.404381
G1 X106.815 Y100.454 E2.83996
G1 X106.744 Y100.473 E2.84308
G1 X106.763 Y100.402 E2.8462
G1 X106.763 Y100.402 F7800
G1 X107.524 Y100.62
G1 F1200
G1 X107.505 Y100.691 E2.84932
G1 X107.576 Y100.672 E2.85244
G1 X107.565 Y100.631 E2.85424
;WIDTH:0.45
G1 X107.808 Y100.815 E2.8689
G1 X110.137 Y103.144 E3.02732
G1 X110.258 Y102.719 E3.04857
G1 X108.446 Y100.908 E3.17179
G1 X108.971 Y100.742 E3.19827
G1 X109.289 Y100.477 E3.21818
G1 X109.542 Y100.015 E3.24351
G1 X110.916 Y100.406 E3.31222
G1 X110.378 Y102.295 E3.40669
G1 X109.001 Y100.917 E3.50039
G1 X109.465 Y100.836 E3.52304
G1 X109.545 Y100.764 E3.52822
G1 X109.74 Y100.472 E3.54511
G1 X110.439 Y100.671 E3.58007
G1 X110.187 Y101.558 E3.62442
G1 X109.601 Y100.972 E3.66428
G1 E1.66428 F2400
G92 E0
G1 X109.601 Y100.972 F7800
G92 E0
G1 X117.829 Y118.563
G1 E2 F2400
;TYPE:Support material
;WIDTH:0.35
G1 F3600
G1 X117.66 Y118.345 E2.00983
G1 X117.177 Y118.177 E2.02805
G1 X116.834 Y118.2 E2.0403
G1 X116.94 Y118.088 E2.04579
G1 X116.837 Y117.325 E2.07322
G1 X117.479 Y117.665 E2.0991
G1 X118.599 Y117.493 E2.13947
G1 X119.197 Y117.702 E2.16204
G1 X120.304 Y117.616 E2.20159
G1 X120.93 Y117.756 E2.22444
G1 X121.289 Y117.983 E2.23957
G1 X121.564 Y118.29 E2.25425
G1 X121.736 Y118.64 E2.26814
G1 X121.771 Y119.348 E2.29339
G1 X121.623 Y119.745 E2.30848
G1 X121.389 Y120.048 E2.32212
G1 X121.064 Y120.288 E2.33651
G1 X120.372 Y120.47 E2.362
G1 X119.823 Y120.391 E2.38176
G1 X119.332 Y120.132 E2.40154
G1 X118.94 Y119.718 E2.42185
G1 X117.969 Y119.259 E2.46011
G1 X117.447 Y118.642 E2.4889
G1 X117.13 Y118.531 E2.50087
G1 X116.54 Y118.492 E2.52193
G1 X116.386 Y118.391 E2.52849
G1 X116.381 Y118.253 E2.53341
G1 X116.59 Y117.949 E2.54655
G1 X116.59 Y117.489 E2.56294
G1 X116.655 Y117.344 E2.5686
G1 X116.795 Y117.315 E2.57369
G1 X116.795 Y117.315 F7800
G1 X116.995 Y117.004
G1 F3600
G1 X117.56 Y117.303 E2.59646
G1 X118.608 Y117.14 E2.63424
G1 X119.262 Y117.351 E2.65872
G1 X120.559 Y117.284 E2.70499
G1 X121.237 Y117.528 E2.73066
G1 X121.52 Y117.716 E2.74276
G1 X121.857 Y118.092 E2.76075
G1 X122.072 Y118.53 E2.77813
G1 X122.157 Y119 E2.79514
G1 X122.115 Y119.428 E2.81046
G1 X121.933 Y119.917 E2.82905
G1 X121.636 Y120.3 E2.84632
G1 X121.233 Y120.598 E2.86418
G1 X120.742 Y120.783 E2.88287
G1 X120.052 Y120.803 E2.90746
G1 X119.396 Y120.586 E2.93207
G1 X119.118 Y120.411 E2.94377
G1 X118.709 Y119.988 E2.96473
G1 X117.786 Y119.56 E3.00097
G1 X117.234 Y118.938 E3.0306
G1 X116.399 Y118.819 E3.06065
G1 X116.15 Y118.655 E3.07127
G1 X116.038 Y118.438 E3.07997
G1 X116.028 Y118.182 E3.0891
G1 X116.24 Y117.81 E3.10435
G1 X116.24 Y117.414 E3.11846
G1 X116.353 Y117.161 E3.12833
G1 X116.547 Y117.009 E3.13711
G1 X116.953 Y116.994 E3.15158
G1 E1.15158 F2400
G92 E0
G1 X116.953 Y116.994 F7800
G1 X109.915 Y118.492
G1 E2 F2400
;TYPE:Perimeter
;WIDTH:0.45
G1 F900
G1 X107.984 Y117.943 E2.09656
G1 X108.064 Y117.663 E2.11057
G1 X108.094 Y117.283 E2.1289
G1 X108.006 Y116.981 E2.14403
G1 X107.849 Y116.749 E2.1575
G1 X107.663 Y116.591 E2.16924
G1 X107.402 Y116.472 E2.18304
G1 X97.748 Y113.724 E2.66581
G1 X98.418 Y111.369 E2.78357
G1 X108.073 Y114.106 E3.26624
G1 X108.36 Y114.143 E3.28016
G1 X108.601 Y114.107 E3.29188
G1 X108.855 Y113.993 E3.30527
G1 X109.088 Y113.785 E3.32029
G1 X109.265 Y113.443 E3.33881
G1 X109.342 Y113.17 E3.35245
G1 X111.273 Y113.72 E3.44902
G1 X109.932 Y118.434 E3.68474
G1 X109.932 Y118.434 F7800
G1 X110.288 Y118.999
G1 F900
G1 X107.644 Y118.247 E3.81695
G1 X107.547 Y118.072 E3.82657
G1 X107.693 Y117.557 E3.85232
G1 X107.711 Y117.329 E3.86332
G1 X107.658 Y117.148 E3.87239
G1 X107.564 Y117.009 E3.88046
G1 X107.296 Y116.843 E3.89562
G1 X97.41 Y114.029 E4.38999
G1 X97.311 Y113.851 E4.39979
G1 X98.113 Y111.032 E4.54075
G1 X98.29 Y110.932 E4.55053
G1 X108.178 Y113.735 E5.04485
G1 X108.351 Y113.758 E5.05324
G1 X108.648 Y113.667 E5.06818
G1 X108.787 Y113.543 E5.07714
G1 X108.894 Y113.338 E5.08826
G1 X109.039 Y112.826 E5.11385
G1 X109.211 Y112.732 E5.12328
G1 X111.84 Y113.48 E5.25474
G1 X111.719 Y113.561 E5.26174
G1 X110.211 Y118.861 E5.52677
G1 X110.259 Y118.947 E5.53151
G1 X110.259 Y118.947 F7800
G1 X110.655 Y119.082
;TYPE:External perimeter
G1 F1800
G1 X110.72 Y119.185 E5.53737
;WIDTH:0.409482
G1 X116.92 Y120.949 E5.81483
G1 X117.151 Y121.374 E5.83565
G1 X110.626 Y119.517 E6.12766
;WIDTH:0.45
G1 X109.968 Y119.309 E6.16085
G1 X107.385 Y118.574 E6.29002
G1 X107.132 Y118.121 E6.31498
G1 X107.322 Y117.452 E6.34843
G1 X107.311 Y117.315 E6.35504
G1 X107.19 Y117.214 E6.36262
G1 X97.15 Y114.356 E6.86469
G1 X96.897 Y113.898 E6.88986
G1 X97.786 Y110.773 E7.04613
G1 X98.242 Y110.518 E7.07126
G1 X108.283 Y113.364 E7.57322
G1 X108.441 Y113.342 E7.58089
G1 X108.523 Y113.232 E7.58749
G1 X108.713 Y112.565 E7.62085
G1 X109.165 Y112.318 E7.64562
G1 X111.748 Y113.053 E7.77479
G1 X112.417 Y113.222 E7.80798
;WIDTH:0.409281
G1 X118.948 Y115.08 E8.10008
G1 X118.524 Y115.318 E8.121
G1 X112.323 Y113.554 E8.39834
;WIDTH:0.45
G1 X112.09 Y113.667 E8.41079
G1 X110.582 Y118.966 E8.67577
G1 X110.623 Y119.031 E8.67947
G1 X110.961 Y119.245 F7800
G1 E6.67947 F2400
G92 E0
G1 X98.105 Y113.525 F7800
G1 E2 F2400
;TYPE:Solid infill
G1 F1200
G1 X98.617 Y111.726 E2.08996
G1 X105.115 Y113.566 E2.41478
G1 X105.117 Y113.818 E2.4269
G1 X107.503 Y116.205 E2.58923
G1 X98.291 Y113.578 E3.04996
G1 X98.582 Y113.26 E3.07069
G1 X98.883 Y112.202 E3.1236
G1 X104.787 Y113.873 E3.41872
G1 X104.774 Y114.006 E3.42515
G1 X104.844 Y114.091 E3.43045
G1 X106.18 Y115.426 E3.52129
G1 X98.767 Y113.313 E3.89203
G1 X99.041 Y113.005 E3.91186
;WIDTH:0.422054
G1 X99.139 Y112.661 E3.92782
G1 X99.31 Y112.71 E3.93576
;WIDTH:0.42703
G1 X104.468 Y114.172 E4.17826
G1 X104.464 Y114.215 E4.18021
G1 X104.895 Y114.671 E4.20859
G1 X99.226 Y113.058 E4.47519
G1 E2.47519 F2400
G92 E0
G1 X99.226 Y113.058 F7800
G1 X108.379 Y117.651
G1 E2 F2400
;WIDTH:0.545527
G1 F1200
G1 X108.337 Y117.693 E2.00356
G1 X108.352 Y117.751 E2.00716
G1 X108.41 Y117.767 E2.01077
G1 X108.453 Y117.724 E2.01442
G1 X108.437 Y117.666 E2.01803
G1 X108.437 Y117.666 F7800
G1 X109.321 Y118.022
;WIDTH:0.45
G1 F1200
G1 X108.314 Y117.016 E2.08649
G1 X108.117 Y116.737 E2.10292
;WIDTH:0.404381
G1 X107.799 Y116.411 E2.12223
G1 E.12223 F2400
G92 E0
G1 X107.799 Y116.411 F7800
G1 X109.795 Y118.191
G1 E2 F2400
G1 F1200
G1 X109.806 Y118.232 E2.0018
G1 X109.735 Y118.251 E2.00492
G1 X109.754 Y118.18 E2.00804
;WIDTH:0.45
G1 X109.774 Y117.93 E2.0201
G1 X105.526 Y113.682 E2.30904
G1 X106.003 Y113.7 E2.332
;WIDTH:0.404381
G1 X105.984 Y113.771 E2.33512
G1 X106.055 Y113.752 E2.33824
G1 X106.044 Y113.711 E2.34004
;WIDTH:0.45
G1 X106.286 Y113.897 E2.35472
G1 X109.895 Y117.506 E2.6002
G1 X110.016 Y117.081 E2.62145
G1 X107.047 Y114.112 E2.8234
G1 X106.804 Y113.926 E2.83812
;WIDTH:0.404381
G1 X106.815 Y113.967 E2.83992
G1 X106.744 Y113.986 E2.84304
G1 X106.763 Y113.915 E2.84616
G1 X106.763 Y113.915 F7800
G1 X107.524 Y114.133
G1 F1200
G1 X107.505 Y114.204 E2.84928
G1 X107.576 Y114.185 E2.8524
G1 X107.565 Y114.144 E2.8542
;WIDTH:0.45
G1 X107.808 Y114.327 E2.86883
G1 X110.137 Y116.657 E3.02728
G1 X110.258 Y116.232 E3.04853
G1 X108.446 Y114.421 E3.17175
G1 X108.971 Y114.255 E3.19823
G1 X109.289 Y113.99 E3.21814
G1 X109.542 Y113.528 E3.24347
G1 X110.916 Y113.919 E3.31218
G1 X110.378 Y115.808 E3.40665
G1 X109.001 Y114.43 E3.50035
G1 X109.465 Y114.349 E3.523
G1 X109.545 Y114.277 E3.52818
G1 X109.74 Y113.985 E3.54507
G1 X110.439 Y114.184 E3.58003
G1 X110.187 Y115.071 E3.62438
G1 X109.601 Y114.485 E3.66424
G1 E1.66424 F2400
G92 E0
G1 X109.601 Y114.485 F7800
G92 E0
G1 X117.829 Y132.076
G1 E2 F2400
;TYPE:Support material
;WIDTH:0.35
G1 F3600
G1 X117.66 Y131.858 E2.00983
G1 X117.177 Y131.69 E2.02805
G1 X116.834 Y131.713 E2.0403
G1 X116.94 Y131.6 E2.04582
G1 X116.837 Y130.838 E2.07321
G1 X117.479 Y131.178 E2.09909
G1 X118.599 Y131.006 E2.13946
G1 X119.197 Y131.215 E2.16203
G1 X120.304 Y131.129 E2.20158
G1 X120.93 Y131.269 E2.22443
G1 X121.289 Y131.496 E2.23956
G1 X121.564 Y131.802 E2.25422
G1 X121.736 Y132.153 E2.26814
G1 X121.771 Y132.861 E2.29339
G1 X121.623 Y133.258 E2.30848
G1 X121.389 Y133.56 E2.32209
G1 X121.064 Y133.801 E2.3365
G1 X120.372 Y133.982 E2.36198
G1 X119.823 Y133.904 E2.38173
G1 X119.332 Y133.645 E2.40151
G1 X118.94 Y133.231 E2.42182
G1 X117.969 Y132.771 E2.4601
G1 X117.447 Y132.154 E2.48889
G1 X117.13 Y132.044 E2.50084
G1 X116.54 Y132.005 E2.5219
G1 X116.386 Y131.904 E2.52846
G1 X116.381 Y131.766 E2.53338
G1 X116.59 Y131.462 E2.54652
G1 X116.59 Y131.002 E2.56291
G1 X116.655 Y130.857 E2.56857
G1 X116.795 Y130.828 E2.57366
G1 X116.995 Y130.517 F7800
G1 F3600
G1 X117.56 Y130.816 E2.59643
G1 X118.608 Y130.653 E2.63421
G1 X119.262 Y130.864 E2.65869
G1 X120.559 Y130.797 E2.70496
G1 X121.237 Y131.041 E2.73063
G1 X121.52 Y131.229 E2.74273
G1 X121.857 Y131.605 E2.76072
G1 X122.072 Y132.043 E2.7781
G1 X122.157 Y132.513 E2.79511
G1 X122.115 Y132.941 E2.81043
G1 X121.933 Y133.429 E2.82898
G1 X121.636 Y133.813 E2.84627
G1 X121.233 Y134.111 E2.86413
G1 X120.742 Y134.296 E2.88282
G1 X120.052 Y134.316 E2.90741
G1 X119.396 Y134.099 E2.93202
G1 X119.118 Y133.924 E2.94372
G1 X118.709 Y133.501 E2.96468
G1 X117.786 Y133.073 E3.00092
G1 X117.234 Y132.451 E3.03055
G1 X116.399 Y132.332 E3.0606
G1 X116.15 Y132.168 E3.07122
G1 X116.038 Y131.951 E3.07992
G1 X116.028 Y131.695 E3.08905
G1 X116.24 Y131.323 E3.1043
G1 X116.24 Y130.927 E3.11841
G1 X116.353 Y130.674 E3.12828
G1 X116.547 Y130.522 E3.13706
G1 X116.953 Y130.507 E3.15153
G1 E1.15153 F2400
G92 E0
G1 X116.953 Y130.507 F7800
G1 X109.915 Y132.005
G1 E2 F2400
;TYPE:Perimeter
;WIDTH:0.45
G1 F900
G1 X107.984 Y131.455 E2.09657
G1 X108.064 Y131.176 E2.11053
G1 X108.094 Y130.796 E2.12886
G1 X108.006 Y130.494 E2.14399
G1 X107.849 Y130.262 E2.15746
G1 X107.663 Y130.104 E2.1692
G1 X107.402 Y129.985 E2.183
G1 X97.748 Y127.237 E2.66577
G1 X98.418 Y124.882 E2.78353
G1 X108.073 Y127.619 E3.2662
G1 X108.36 Y127.656 E3.28012
G1 X108.601 Y127.62 E3.29184
G1 X108.855 Y127.506 E3.30523
G1 X109.088 Y127.298 E3.32025
G1 X109.265 Y126.956 E3.33877
G1 X109.342 Y126.683 E3.35241
G1 X111.273 Y127.233 E3.44898
G1 X109.932 Y131.947 E3.6847
G1 X109.932 Y131.947 F7800
G1 X110.288 Y132.512
G1 F900
G1 X107.644 Y131.759 E3.81692
G1 X107.547 Y131.585 E3.8265
G1 X107.693 Y131.07 E3.85225
G1 X107.711 Y130.842 E3.86325
G1 X107.658 Y130.661 E3.87232
G1 X107.564 Y130.522 E3.88039
G1 X107.296 Y130.356 E3.89555
G1 X97.41 Y127.542 E4.38992
G1 X97.311 Y127.364 E4.39972
G1 X98.113 Y124.544 E4.54073
G1 X98.29 Y124.445 E4.55048
G1 X108.178 Y127.248 E5.0448
G1 X108.351 Y127.27 E5.05319
G1 X108.648 Y127.18 E5.06812
G1 X108.787 Y127.056 E5.07708
G1 X108.894 Y126.851 E5.0882
G1 X109.039 Y126.339 E5.11379
G1 X109.211 Y126.245 E5.12322
G1 X111.84 Y126.993 E5.25468
G1 X111.719 Y127.074 E5.26168
G1 X110.211 Y132.374 E5.52671
G1 X110.259 Y132.459 E5.53141
G1 X110.259 Y132.459 F7800
G1 X110.655 Y132.595
;TYPE:External perimeter
G1 F1800
G1 X110.72 Y132.698 E5.53727
;WIDTH:0.409482
G1 X116.92 Y134.462 E5.81473
G1 X117.151 Y134.886 E5.83551
G1 X110.626 Y133.03 E6.12751
;WIDTH:0.45
G1 X109.968 Y132.822 E6.1607
G1 X107.385 Y132.087 E6.28987
G1 X107.132 Y131.634 E6.31483
G1 X107.322 Y130.965 E6.34828
G1 X107.311 Y130.828 E6.35489
G1 X107.19 Y130.726 E6.3625
G1 X97.15 Y127.869 E6.86456
G1 X96.897 Y127.411 E6.88973
G1 X97.786 Y124.286 E7.046
G1 X98.242 Y124.031 E7.07113
G1 X108.283 Y126.877 E7.57309
G1 X108.441 Y126.855 E7.58076
G1 X108.523 Y126.745 E7.58736
G1 X108.713 Y126.078 E7.62072
G1 X109.165 Y125.831 E7.64549
G1 X111.748 Y126.566 E7.77466
G1 X112.417 Y126.735 E7.80785
;WIDTH:0.409281
G1 X118.948 Y128.593 E8.09995
G1 X118.524 Y128.831 E8.12087
G1 X112.323 Y127.067 E8.39821
;WIDTH:0.45
G1 X112.09 Y127.18 E8.41066
G1 X110.582 Y132.479 E8.67564
G1 X110.623 Y132.544 E8.67934
G1 X110.961 Y132.757 F7800
G1 E6.67934 F2400
G92 E0
G1 X98.105 Y127.038 F7800
G1 E2 F2400
;TYPE:Solid infill
G1 F1200
G1 X98.617 Y125.239 E2.08996
G1 X105.115 Y127.078 E2.41477
G1 X105.117 Y127.331 E2.42694
G1 X107.503 Y129.718 E2.58927
G1 X98.291 Y127.091 E3.05
G1 X98.582 Y126.773 E3.07073
G1 X98.883 Y125.715 E3.12364
G1 X104.787 Y127.386 E3.41876
G1 X104.774 Y127.519 E3.42519
G1 X104.844 Y127.604 E3.43049
G1 X106.18 Y128.939 E3.52133
G1 X98.767 Y126.826 E3.89207
G1 X99.041 Y126.518 E3.9119
;WIDTH:0.422054
G1 X99.139 Y126.174 E3.92786
G1 X99.31 Y126.222 E3.93578
;WIDTH:0.42703
G1 X104.468 Y127.685 E4.17829
G1 X104.464 Y127.728 E4.18024
G1 X104.895 Y128.184 E4.20862
G1 X99.226 Y126.57 E4.47523
G1 E2.47523 F2400
G92 E0
G1 X99.226 Y126.57 F7800
G1 X108.379 Y131.164
G1 E2 F2400
;WIDTH:0.545527
G1 F1200
G1 X108.337 Y131.206 E2.00356
G1 X108.352 Y131.264 E2.00716
G1 X108.41 Y131.28 E2.01077
G1 X108.453 Y131.237 E2.01442
G1 X108.437 Y131.179 E2.01803
G1 X108.437 Y131.179 F7800
G1 X109.321 Y131.535
;WIDTH:0.45
G1 F1200
G1 X108.314 Y130.529 E2.08649
G1 X108.117 Y130.25 E2.10292
;WIDTH:0.404381
G1 X107.799 Y129.924 E2.12223
G1 E.12223 F2400
G92 E0
G1 X107.799 Y129.924 F7800
G1 X109.795 Y131.704
G1 E2 F2400
G1 F1200
G1 X109.806 Y131.745 E2.0018
G1 X109.735 Y131.764 E2.00492
G1 X109.754 Y131.693 E2.00804
;WIDTH:0.45
G1 X109.774 Y131.443 E2.0201
G1 X105.526 Y127.195 E2.30904
G1 X106.003 Y127.213 E2.332
;WIDTH:0.404381
G1 X105.984 Y127.284 E2.33512
G1 X106.055 Y127.265 E2.33824
G1 X106.044 Y127.224 E2.34004
;WIDTH:0.45
G1 X106.286 Y127.41 E2.35472
G1 X109.895 Y131.019 E2.6002
G1 X110.016 Y130.594 E2.62145
G1 X107.047 Y127.625 E2.8234
G1 X106.804 Y127.439 E2.83812
;WIDTH:0.404381
G1 X106.815 Y127.48 E2.83992
G1 X106.744 Y127.499 E2.84304
G1 X106.763 Y127.428 E2.84616
G1 X106.763 Y127.428 F7800
G1 X107.524 Y127.646
G1 F1200
G1 X107.505 Y127.717 E2.84928
G1 X107.576 Y127.698 E2.8524
G1 X107.565 Y127.657 E2.8542
;WIDTH:0.45
G1 X107.808 Y127.84 E2.86883
G1 X110.137 Y130.17 E3.02728
G1 X110.258 Y129.745 E3.04853
G1 X108.446 Y127.934 E3.17175
G1 X108.971 Y127.768 E3.19823
G1 X109.289 Y127.503 E3.21814
G1 X109.542 Y127.041 E3.24347
G1 X110.916 Y127.432 E3.31218
G1 X110.378 Y129.32 E3.4066
G1 X109.001 Y127.943 E3.50026
G1 X109.465 Y127.862 E3.52291
G1 X109.545 Y127.79 E3.52809
G1 X109.74 Y127.498 E3.54498
G1 X110.439 Y127.697 E3.57994
G1 X110.187 Y128.584 E3.62429
G1 X109.601 Y127.998 E3.66415
M106 S112.2
;LAYER_CHANGE
;Z:3.65
;HEIGHT:0.3
G1 Z3.65 F7800
G1 E1.66415 F2400
G92 E0
G1 X109.601 Y127.998 F7800
G92 E0
G1 X120.658 Y92.33
G1 E2 F2400
;TYPE:Support material
;WIDTH:0.35
G1 F3600
G1 X120.145 Y92.307 E2.01829
G1 X120.405 Y91.88 E2.0361
G1 X120.383 Y91.117 E2.06329
G1 X120.7 Y91.237 E2.07536
G1 X121.068 Y91.59 E2.09353
G1 X122.425 Y91.584 E2.14187
G1 X122.707 Y91.741 E2.15337
G1 X123.245 Y91.827 E2.17278
G1 X123.867 Y91.764 E2.19505
G1 X124.284 Y91.861 E2.2103
G1 X124.641 Y92.059 E2.22484
G1 X124.91 Y92.333 E2.23852
G1 X125.093 Y92.702 E2.25319
G1 X125.117 Y93.346 E2.27615
G1 X124.982 Y93.667 E2.28856
G1 X124.752 Y93.944 E2.30139
G1 X124.434 Y94.153 E2.31495
G1 X123.789 Y94.278 E2.33836
G1 X123.188 Y94.129 E2.36042
G1 X122.833 Y93.888 E2.37571
G1 X122.493 Y93.513 E2.39374
G1 X121.76 Y93.298 E2.42095
G1 X121.1 Y92.774 E2.45097
G1 X120.566 Y92.669 E2.47036
G1 X120.129 Y92.681 E2.48593
G1 X119.848 Y92.517 E2.49752
G1 X119.787 Y92.296 E2.50569
G1 X119.843 Y92.074 E2.51385
G1 X120.044 Y91.786 E2.52636
G1 X120.057 Y91.308 E2.54339
G1 X120.126 Y91.19 E2.54826
G1 X120.341 Y91.113 E2.5564
G1 X120.341 Y91.113 F7800
G1 X120.499 Y90.776
G1 F3600
G1 X120.914 Y90.957 E2.57253
G1 X121.208 Y91.24 E2.58707
G1 X122.483 Y91.236 E2.63249
G1 X122.823 Y91.405 E2.64602
G1 X123.233 Y91.47 E2.66081
G1 X123.901 Y91.412 E2.6847
G1 X124.411 Y91.531 E2.70336
G1 X124.855 Y91.778 E2.72146
G1 X125.196 Y92.124 E2.73877
G1 X125.436 Y92.633 E2.75882
G1 X125.504 Y92.984 E2.77156
G1 X125.46 Y93.433 E2.78763
G1 X125.285 Y93.851 E2.80377
G1 X124.987 Y94.208 E2.82034
G1 X124.584 Y94.474 E2.83754
G1 X124.094 Y94.62 E2.85575
G1 X123.564 Y94.612 E2.87463
G1 X123.03 Y94.442 E2.89459
G1 X122.597 Y94.149 E2.91321
G1 X122.3 Y93.821 E2.92897
G1 X121.609 Y93.618 E2.95463
G1 X120.944 Y93.1 E2.98466
G1 X120.065 Y93.033 E3.01606
G1 X119.795 Y92.923 E3.02645
G1 X119.465 Y92.553 E3.04411
G1 X119.434 Y92.267 E3.05436
G1 X119.519 Y91.927 E3.06684
G1 X119.682 Y91.692 E3.07703
G1 X119.723 Y91.185 E3.09515
G1 X119.864 Y90.944 E3.1051
G1 X120.069 Y90.806 E3.1139
G1 X120.456 Y90.772 E3.12774
G1 E1.12774 F2400
G92 E0
G1 X120.456 Y90.772 F7800
G1 X113.538 Y92.514
G1 E2 F2400
;TYPE:Perimeter
;WIDTH:0.45
G1 F900
G1 X111.607 Y91.964 E2.09657
G1 X111.685 Y91.691 E2.11023
G1 X111.714 Y91.308 E2.1287
G1 X111.624 Y91.005 E2.1439
G1 X111.466 Y90.773 E2.1574
G1 X111.281 Y90.618 E2.16901
G1 X111.022 Y90.501 E2.18268
G1 X101.37 Y87.748 E2.66542
G1 X102.052 Y85.352 E2.78524
G1 X111.703 Y88.103 E3.26791
G1 X111.986 Y88.14 E3.28164
G1 X112.225 Y88.105 E3.29326
G1 X112.483 Y87.991 E3.30683
G1 X112.72 Y87.779 E3.32212
G1 X112.895 Y87.44 E3.34047
G1 X112.974 Y87.161 E3.35442
G1 X114.905 Y87.711 E3.45099
G1 X113.555 Y92.456 E3.68826
G1 X113.555 Y92.456 F7800
G1 X113.901 Y93.018
G1 F900
G1 X111.269 Y92.269 E3.81988
G1 X111.171 Y92.09 E3.8297
G1 X111.314 Y91.586 E3.8549
G1 X111.332 Y91.356 E3.866
G1 X111.278 Y91.174 E3.87513
G1 X111.182 Y91.035 E3.88325
G1 X110.916 Y90.871 E3.89828
G1 X101.031 Y88.052 E4.39267
G1 X100.933 Y87.876 E4.40236
G1 X101.748 Y85.01 E4.54567
G1 X101.923 Y84.914 E4.55527
G1 X111.809 Y87.732 E5.04969
G1 X111.978 Y87.754 E5.05789
G1 X112.277 Y87.665 E5.07289
G1 X112.419 Y87.538 E5.08205
G1 X112.524 Y87.334 E5.09309
G1 X112.669 Y86.824 E5.11859
G1 X112.847 Y86.724 E5.12841
G1 X115.462 Y87.468 E5.25917
G1 X115.354 Y87.542 E5.26547
G1 X113.831 Y92.893 E5.53306
G1 X113.871 Y92.965 E5.53702
G1 X113.871 Y92.965 F7800
G1 X114.276 Y93.113
;TYPE:External perimeter
G1 F1800
G1 X114.341 Y93.215 E5.54284
;WIDTH:0.404079
G1 X120.545 Y94.98 E5.81613
G1 X120.785 Y95.401 E5.83666
G1 X114.248 Y93.541 E6.12462
;WIDTH:0.45
G1 X113.601 Y93.333 E6.15731
G1 X111.009 Y92.596 E6.28692
G1 X110.756 Y92.137 E6.31213
G1 X110.943 Y91.48 E6.34498
G1 X110.931 Y91.343 E6.35159
G1 X110.811 Y91.242 E6.35913
G1 X100.772 Y88.379 E6.86122
G1 X100.518 Y87.924 E6.88628
G1 X101.421 Y84.75 E7.045
G1 X101.875 Y84.499 E7.06995
G1 X111.914 Y87.361 E7.57203
G1 X112.07 Y87.339 E7.57961
G1 X112.153 Y87.229 E7.58624
G1 X112.341 Y86.566 E7.61939
G1 X112.798 Y86.309 E7.64461
G1 X115.39 Y87.047 E7.77423
G1 X116.049 Y87.21 E7.80688
;WIDTH:0.40381
G1 X122.581 Y89.069 E8.0944
;WIDTH:0.403809
G1 X122.159 Y89.302 E8.11481
G1 X115.956 Y87.537 E8.38784
;WIDTH:0.45
G1 X115.725 Y87.647 E8.40015
G1 X114.202 Y92.999 E8.66778
G1 X114.243 Y93.063 E8.67144
G1 X114.583 Y93.274 F7800
G1 E6.67144 F2400
G92 E0
G1 X102.251 Y85.709 F7800
G1 E2 F2400
;TYPE:Solid infill
G1 F1200
G1 X111.714 Y88.402 E2.47321
G1 X111.97 Y88.428 E2.48559
G1 X112.277 Y88.388 E2.50048
G1 X112.611 Y88.248 E2.5179
G1 X112.921 Y87.983 E2.53752
G1 X113.175 Y87.519 E2.56296
G1 X114.547 Y87.91 E2.63158
G1 X113.339 Y92.156 E2.8439
G1 X111.965 Y91.765 E2.91261
G1 X112 Y91.309 E2.93461
G1 X111.894 Y90.908 E2.95456
G1 X111.694 Y90.599 E2.97226
G1 X111.456 Y90.389 E2.98753
G1 X111.188 Y90.252 E3.00201
G1 X101.728 Y87.549 E3.47521
G1 X102.198 Y85.894 E3.55796
G1 X102.517 Y86.185 E3.57873
G1 X111.608 Y88.773 E4.03335
G1 X111.937 Y88.812 E4.04928
G1 X112.332 Y88.77 E4.06839
G1 X112.768 Y88.6 E4.0909
G1 X113.178 Y88.27 E4.11621
G1 X113.373 Y87.976 E4.13318
G1 X114.071 Y88.175 E4.16809
G1 X113.074 Y91.68 E4.34336
G1 X112.374 Y91.481 E4.37836
G1 X112.382 Y91.222 E4.39082
G1 X112.264 Y90.798 E4.41199
G1 X112.012 Y90.381 E4.43542
G1 X111.704 Y90.094 E4.45567
G1 X111.294 Y89.881 E4.47789
G1 X102.204 Y87.284 E4.93258
G1 X102.464 Y86.371 E4.97824
G1 X102.778 Y86.661 E4.9988
;WIDTH:0.442964
G1 X102.676 Y87.021 E5.01647
G1 X102.858 Y87.073 E5.02541
;WIDTH:0.447285
G1 X111.398 Y89.511 E5.44956
;WIDTH:0.45
G1 X111.767 Y89.677 E5.46902
G1 X112.243 Y90.053 E5.49819
G1 X112.505 Y90.418 E5.5198
G1 X112.783 Y91.196 E5.55954
G1 X112.815 Y91.178 E5.56131
G1 X113.595 Y88.44 E5.69824
G1 X113.545 Y88.442 E5.70065
G1 X113.176 Y88.79 E5.72505
G1 X112.64 Y89.079 E5.75434
G1 X112.125 Y89.19 E5.77968
G1 X111.684 Y89.177 E5.8009
;WIDTH:0.448797
G1 X111.503 Y89.143 E5.80973
;WIDTH:0.447285
G1 X102.962 Y86.709 E6.23387
G1 E4.23387 F2400
G92 E0
G1 X102.962 Y86.709 F7800
G1 X112.249 Y89.554
G1 E2 F2400
;WIDTH:0.43608
G1 F1200
G1 X112.443 Y89.526 E2.00909
G1 X112.939 Y89.36 E2.03334
G1 X112.734 Y90.082 E2.06814
G1 X112.521 Y89.796 E2.08467
G1 X112.393 Y89.682 E2.09262
G1 E.09262 F2400
G92 E0
G1 X112.393 Y89.682 F7800
G92 E0
G1 X117.031 Y104.811
G1 E2 F2400
;TYPE:Support material
;WIDTH:0.35
G1 F3600
G1 X116.518 Y104.788 E2.01829
G1 X116.778 Y104.361 E2.0361
G1 X116.756 Y103.598 E2.06329
G1 X117.073 Y103.718 E2.07536
G1 X117.44 Y104.071 E2.0935
G1 X118.798 Y104.065 E2.14188
G1 X119.08 Y104.221 E2.15336
G1 X119.618 Y104.308 E2.17277
G1 X120.24 Y104.245 E2.19504
G1 X120.657 Y104.342 E2.21029
G1 X121.014 Y104.54 E2.22483
G1 X121.283 Y104.814 E2.23851
G1 X121.465 Y105.183 E2.25317
G1 X121.49 Y105.827 E2.27613
G1 X121.355 Y106.148 E2.28854
G1 X121.124 Y106.425 E2.30139
G1 X120.807 Y106.634 E2.31492
G1 X120.162 Y106.758 E2.33832
G1 X119.56 Y106.609 E2.36041
G1 X119.206 Y106.369 E2.37565
G1 X118.866 Y105.994 E2.39368
G1 X118.133 Y105.779 E2.42089
G1 X117.473 Y105.255 E2.45091
G1 X116.939 Y105.15 E2.4703
G1 X116.502 Y105.162 E2.48587
G1 X116.221 Y104.998 E2.49746
G1 X116.16 Y104.777 E2.50563
G1 X116.215 Y104.555 E2.51378
G1 X116.417 Y104.267 E2.52631
G1 X116.429 Y103.789 E2.54334
G1 X116.499 Y103.671 E2.54823
G1 X116.713 Y103.594 E2.55633
G1 X116.713 Y103.594 F7800
G1 X116.872 Y103.257
G1 F3600
G1 X117.287 Y103.438 E2.57246
G1 X117.581 Y103.72 E2.58697
G1 X118.856 Y103.717 E2.63239
G1 X119.196 Y103.886 E2.64592
G1 X119.606 Y103.951 E2.66071
G1 X120.274 Y103.893 E2.6846
G1 X120.784 Y104.012 E2.70326
G1 X121.228 Y104.258 E2.72134
G1 X121.569 Y104.605 E2.73867
G1 X121.808 Y105.114 E2.7587
G1 X121.877 Y105.465 E2.77144
G1 X121.833 Y105.914 E2.78751
G1 X121.657 Y106.332 E2.80367
G1 X121.36 Y106.689 E2.82021
G1 X120.956 Y106.955 E2.83744
G1 X120.467 Y107.1 E2.85561
G1 X119.936 Y107.093 E2.87453
G1 X119.403 Y106.923 E2.89446
G1 X118.97 Y106.629 E2.9131
G1 X118.673 Y106.302 E2.92884
G1 X117.982 Y106.099 E2.9545
G1 X117.316 Y105.581 E2.98456
G1 X116.438 Y105.514 E3.01593
G1 X116.168 Y105.403 E3.02633
G1 X115.838 Y105.034 E3.04397
G1 X115.807 Y104.747 E3.05425
G1 X115.891 Y104.408 E3.06669
G1 X116.055 Y104.173 E3.0769
G1 X116.095 Y103.666 E3.09502
G1 X116.237 Y103.425 E3.10498
G1 X116.441 Y103.287 E3.11375
G1 X116.829 Y103.253 E3.12763
G1 E1.12763 F2400
G92 E0
G1 X116.829 Y103.253 F7800
G1 X109.911 Y104.995
G1 E2 F2400
;TYPE:Perimeter
;WIDTH:0.45
G1 F900
G1 X107.98 Y104.445 E2.09657
G1 X108.058 Y104.172 E2.11023
G1 X108.087 Y103.789 E2.1287
G1 X107.997 Y103.486 E2.1439
G1 X107.838 Y103.254 E2.15743
G1 X107.653 Y103.099 E2.16904
G1 X107.395 Y102.981 E2.18269
G1 X97.743 Y100.229 E2.66542
G1 X98.425 Y97.832 E2.78528
G1 X108.076 Y100.584 E3.26796
G1 X108.358 Y100.621 E3.28164
G1 X108.597 Y100.586 E3.29326
G1 X108.856 Y100.471 E3.30689
G1 X109.092 Y100.26 E3.32212
G1 X109.267 Y99.921 E3.34047
G1 X109.347 Y99.642 E3.35443
G1 X111.278 Y100.192 E3.451
G1 X109.927 Y104.937 E3.68829
G1 X109.927 Y104.937 F7800
G1 X110.273 Y105.499
G1 F900
G1 X107.642 Y104.75 E3.81986
G1 X107.543 Y104.571 E3.8297
G1 X107.687 Y104.067 E3.85491
G1 X107.704 Y103.836 E3.86605
G1 X107.65 Y103.655 E3.87513
G1 X107.555 Y103.516 E3.88323
G1 X107.289 Y103.352 E3.89826
G1 X97.404 Y100.533 E4.39265
G1 X97.306 Y100.357 E4.40234
G1 X98.121 Y97.491 E4.54565
G1 X98.295 Y97.394 E4.55523
G1 X108.182 Y100.213 E5.04971
G1 X108.351 Y100.235 E5.05791
G1 X108.649 Y100.146 E5.07287
G1 X108.792 Y100.019 E5.08207
G1 X108.896 Y99.815 E5.09308
G1 X109.042 Y99.305 E5.11859
G1 X109.219 Y99.205 E5.12837
G1 X111.835 Y99.949 E5.25918
G1 X111.726 Y100.023 E5.26552
G1 X110.204 Y105.374 E5.53309
G1 X110.244 Y105.446 E5.53705
G1 X110.244 Y105.446 F7800
G1 X110.649 Y105.594
;TYPE:External perimeter
G1 F1800
G1 X110.714 Y105.695 E5.54283
;WIDTH:0.404079
G1 X116.917 Y107.461 E5.81609
G1 X117.158 Y107.882 E5.83664
G1 X110.621 Y106.022 E6.1246
;WIDTH:0.45
G1 X109.974 Y105.814 E6.15729
G1 X107.382 Y105.077 E6.2869
G1 X107.129 Y104.618 E6.31211
G1 X107.316 Y103.961 E6.34496
G1 X107.304 Y103.824 E6.35157
G1 X107.183 Y103.723 E6.35915
G1 X97.145 Y100.86 E6.8612
G1 X96.891 Y100.404 E6.8863
G1 X97.794 Y97.231 E7.04497
G1 X98.248 Y96.98 E7.06992
G1 X108.287 Y99.842 E7.572
G1 X108.443 Y99.82 E7.57958
G1 X108.526 Y99.71 E7.58621
G1 X108.714 Y99.047 E7.61936
G1 X109.171 Y98.79 E7.64458
G1 X111.763 Y99.528 E7.7742
G1 X112.422 Y99.691 E7.80685
;WIDTH:0.40381
G1 X118.954 Y101.55 E8.09437
;WIDTH:0.403809
G1 X118.532 Y101.783 E8.11478
G1 X112.329 Y100.018 E8.38781
;WIDTH:0.45
G1 X112.097 Y100.128 E8.40016
G1 X110.575 Y105.479 E8.66773
G1 X110.616 Y105.544 E8.67143
G1 X110.956 Y105.755 F7800
G1 E6.67143 F2400
G92 E0
G1 X98.624 Y98.19 F7800
G1 E2 F2400
;TYPE:Solid infill
G1 F1200
G1 X108.086 Y100.883 E2.47316
G1 X108.343 Y100.909 E2.48558
G1 X108.65 Y100.869 E2.50047
G1 X108.984 Y100.729 E2.51789
G1 X109.294 Y100.464 E2.53751
G1 X109.548 Y100 E2.56295
G1 X110.92 Y100.391 E2.63157
G1 X109.712 Y104.637 E2.84389
G1 X108.338 Y104.246 E2.9126
G1 X108.373 Y103.79 E2.9346
G1 X108.267 Y103.388 E2.9546
G1 X108.067 Y103.08 E2.97226
G1 X107.828 Y102.87 E2.98756
G1 X107.56 Y102.732 E3.00206
G1 X98.1 Y100.03 E3.47525
G1 X98.571 Y98.375 E3.55801
G1 X98.889 Y98.666 E3.57874
G1 X107.981 Y101.254 E4.0334
G1 X108.31 Y101.293 E4.04933
G1 X108.705 Y101.251 E4.06844
G1 X109.14 Y101.081 E4.0909
G1 X109.551 Y100.751 E4.11625
G1 X109.746 Y100.457 E4.13322
G1 X110.444 Y100.656 E4.16813
G1 X109.447 Y104.161 E4.3434
G1 X108.747 Y103.962 E4.3784
G1 X108.755 Y103.703 E4.39086
G1 X108.637 Y103.278 E4.41207
G1 X108.385 Y102.862 E4.43546
G1 X108.077 Y102.575 E4.45571
G1 X107.666 Y102.362 E4.47797
G1 X98.577 Y99.765 E4.93261
G1 X98.837 Y98.852 E4.97827
G1 X99.151 Y99.142 E4.99883
;WIDTH:0.442964
G1 X99.049 Y99.502 E5.0165
G1 X99.231 Y99.554 E5.02544
;WIDTH:0.447285
G1 X107.771 Y101.992 E5.44959
;WIDTH:0.45
G1 X108.14 Y102.158 E5.46905
G1 X108.616 Y102.534 E5.49822
G1 X108.878 Y102.899 E5.51983
G1 X109.156 Y103.677 E5.55957
G1 X109.188 Y103.659 E5.56134
G1 X109.967 Y100.921 E5.69825
G1 X109.918 Y100.923 E5.70061
G1 X109.549 Y101.271 E5.72501
G1 X109.013 Y101.56 E5.7543
G1 X108.498 Y101.67 E5.77963
G1 X108.057 Y101.658 E5.80085
;WIDTH:0.448797
G1 X107.876 Y101.624 E5.80968
;WIDTH:0.447285
G1 X99.334 Y99.19 E6.23387
G1 E4.23387 F2400
G92 E0
G1 X99.334 Y99.19 F7800
G1 X108.622 Y102.035
G1 E2 F2400
;WIDTH:0.43608
G1 F1200
G1 X108.815 Y102.007 E2.00904
G1 X109.312 Y101.841 E2.03333
G1 X109.107 Y102.563 E2.06813
G1 X108.894 Y102.277 E2.08466
G1 X108.766 Y102.163 E2.09261
G1 E.09261 F2400
G92 E0
G1 X108.766 Y102.163 F7800
G92 E0
G1 X117.031 Y118.324
G1 E2 F2400
;TYPE:Support material
;WIDTH:0.35
G1 F3600
G1 X116.518 Y118.301 E2.01829
G1 X116.778 Y117.873 E2.03613
G1 X116.756 Y117.11 E2.06332
G1 X117.073 Y117.231 E2.07541
G1 X117.44 Y117.584 E2.09355
G1 X118.798 Y117.578 E2.14193
G1 X119.08 Y117.734 E2.15341
G1 X119.618 Y117.821 E2.17282
G1 X120.24 Y117.758 E2.19509
G1 X120.657 Y117.855 E2.21034
G1 X121.014 Y118.053 E2.22488
G1 X121.283 Y118.327 E2.23856
G1 X121.465 Y118.696 E2.25322
G1 X121.49 Y119.34 E2.27618
G1 X121.355 Y119.661 E2.28859
G1 X121.124 Y119.938 E2.30144
G1 X120.807 Y120.147 E2.31497
G1 X120.162 Y120.271 E2.33837
G1 X119.56 Y120.122 E2.36046
G1 X119.206 Y119.882 E2.3757
G1 X118.866 Y119.507 E2.39373
G1 X118.133 Y119.292 E2.42094
G1 X117.473 Y118.768 E2.45096
G1 X116.939 Y118.663 E2.47035
G1 X116.502 Y118.675 E2.48592
G1 X116.221 Y118.511 E2.49751
G1 X116.16 Y118.29 E2.50568
G1 X116.215 Y118.068 E2.51383
G1 X116.417 Y117.779 E2.52639
G1 X116.429 Y117.302 E2.54339
G1 X116.499 Y117.184 E2.54828
G1 X116.713 Y117.106 E2.55639
G1 X116.713 Y117.106 F7800
G1 X116.872 Y116.77
G1 F3600
G1 X117.287 Y116.951 E2.57252
G1 X117.581 Y117.233 E2.58703
G1 X118.856 Y117.23 E2.63245
G1 X119.196 Y117.398 E2.64596
G1 X119.606 Y117.464 E2.66075
G1 X120.274 Y117.406 E2.68464
G1 X120.784 Y117.525 E2.7033
G1 X121.228 Y117.771 E2.72138
G1 X121.569 Y118.118 E2.73871
G1 X121.808 Y118.626 E2.75871
G1 X121.877 Y118.978 E2.77149
G1 X121.833 Y119.427 E2.78756
G1 X121.657 Y119.845 E2.80372
G1 X121.36 Y120.202 E2.82026
G1 X120.956 Y120.468 E2.83749
G1 X120.467 Y120.613 E2.85566
G1 X119.936 Y120.606 E2.87458
G1 X119.403 Y120.435 E2.89452
G1 X118.97 Y120.142 E2.91314
G1 X118.673 Y119.815 E2.92888
G1 X117.982 Y119.612 E2.95454
G1 X117.316 Y119.094 E2.9846
G1 X116.438 Y119.027 E3.01597
G1 X116.168 Y118.916 E3.02637
G1 X115.838 Y118.547 E3.04401
G1 X115.807 Y118.26 E3.05429
G1 X115.891 Y117.92 E3.06677
G1 X116.055 Y117.686 E3.07695
G1 X116.095 Y117.179 E3.09507
G1 X116.237 Y116.938 E3.10503
G1 X116.441 Y116.8 E3.1138
G1 X116.829 Y116.766 E3.12768
G1 E1.12768 F2400
G92 E0
G1 X116.829 Y116.766 F7800
G1 X109.911 Y118.507
G1 E2 F2400
;TYPE:Perimeter
;WIDTH:0.45
G1 F900
G1 X107.98 Y117.958 E2.09656
G1 X108.058 Y117.685 E2.11022
G1 X108.087 Y117.301 E2.12874
G1 X107.997 Y116.999 E2.1439
G1 X107.838 Y116.767 E2.15743
G1 X107.653 Y116.611 E2.16907
G1 X107.395 Y116.494 E2.1827
G1 X97.743 Y113.742 E2.66543
G1 X98.425 Y111.345 E2.78529
G1 X108.076 Y114.097 E3.26797
G1 X108.358 Y114.134 E3.28165
G1 X108.597 Y114.099 E3.29327
G1 X108.856 Y113.984 E3.3069
G1 X109.092 Y113.773 E3.32213
G1 X109.267 Y113.433 E3.34052
G1 X109.347 Y113.155 E3.35443
G1 X111.278 Y113.704 E3.45099
G1 X109.927 Y118.45 E3.68832
G1 X109.927 Y118.45 F7800
G1 X110.273 Y119.011
G1 F900
G1 X107.642 Y118.263 E3.81988
G1 X107.543 Y118.084 E3.82972
G1 X107.687 Y117.58 E3.85493
G1 X107.704 Y117.349 E3.86607
G1 X107.65 Y117.168 E3.87515
G1 X107.555 Y117.029 E3.88325
G1 X107.289 Y116.865 E3.89828
G1 X97.404 Y114.046 E4.39267
G1 X97.306 Y113.869 E4.4024
G1 X98.121 Y111.004 E4.54566
G1 X98.295 Y110.907 E4.55524
G1 X108.182 Y113.726 E5.04972
G1 X108.351 Y113.748 E5.05792
G1 X108.649 Y113.658 E5.07289
G1 X108.792 Y113.531 E5.08209
G1 X108.896 Y113.328 E5.09306
G1 X109.042 Y112.818 E5.11857
G1 X109.219 Y112.718 E5.12835
G1 X111.835 Y113.462 E5.25916
G1 X111.726 Y113.536 E5.2655
G1 X110.204 Y118.887 E5.53307
G1 X110.244 Y118.959 E5.53703
G1 X110.244 Y118.959 F7800
G1 X110.649 Y119.107
;TYPE:External perimeter
G1 F1800
G1 X110.714 Y119.208 E5.54281
;WIDTH:0.404079
G1 X116.917 Y120.973 E5.81606
G1 X117.158 Y121.395 E5.83665
G1 X110.621 Y119.535 E6.12461
;WIDTH:0.45
G1 X109.974 Y119.327 E6.1573
G1 X107.382 Y118.59 E6.28691
G1 X107.129 Y118.131 E6.31212
G1 X107.316 Y117.474 E6.34497
G1 X107.304 Y117.337 E6.35158
G1 X107.183 Y117.236 E6.35916
G1 X97.145 Y114.373 E6.86121
G1 X96.891 Y113.917 E6.88631
G1 X97.794 Y110.744 E7.04498
G1 X98.248 Y110.493 E7.06993
G1 X108.287 Y113.355 E7.57201
G1 X108.443 Y113.333 E7.57959
G1 X108.526 Y113.222 E7.58626
G1 X108.714 Y112.559 E7.61941
G1 X109.171 Y112.303 E7.6446
G1 X111.763 Y113.041 E7.77422
G1 X112.422 Y113.204 E7.80687
;WIDTH:0.40381
G1 X118.954 Y115.063 E8.09439
;WIDTH:0.403809
G1 X118.532 Y115.296 E8.1148
G1 X112.329 Y113.531 E8.38783
;WIDTH:0.45
G1 X112.097 Y113.641 E8.40018
G1 X110.575 Y118.992 E8.66775
G1 X110.616 Y119.057 E8.67145
G1 X110.956 Y119.268 F7800
G1 E6.67145 F2400
G92 E0
G1 X98.624 Y111.703 F7800
G1 E2 F2400
;TYPE:Solid infill
G1 F1200
G1 X108.086 Y114.396 E2.47316
G1 X108.343 Y114.421 E2.48558
G1 X108.65 Y114.382 E2.50046
G1 X108.984 Y114.241 E2.5179
G1 X109.294 Y113.977 E2.53748
G1 X109.548 Y113.513 E2.56292
G1 X110.92 Y113.903 E2.63152
G1 X109.712 Y118.15 E2.84389
G1 X108.338 Y117.759 E2.9126
G1 X108.373 Y117.302 E2.93464
G1 X108.267 Y116.901 E2.95459
G1 X108.067 Y116.592 E2.97229
G1 X107.828 Y116.383 E2.98756
G1 X107.56 Y116.245 E3.00206
G1 X98.1 Y113.543 E3.47525
G1 X98.571 Y111.888 E3.55801
G1 X98.889 Y112.179 E3.57874
G1 X107.981 Y114.767 E4.0334
G1 X108.31 Y114.806 E4.04933
G1 X108.705 Y114.763 E4.06844
G1 X109.14 Y114.594 E4.09089
G1 X109.551 Y114.264 E4.11624
G1 X109.746 Y113.97 E4.13321
G1 X110.444 Y114.169 E4.16812
G1 X109.447 Y117.674 E4.34339
G1 X108.747 Y117.474 E4.3784
G1 X108.755 Y117.216 E4.39081
G1 X108.637 Y116.791 E4.41202
G1 X108.385 Y116.375 E4.43541
G1 X108.077 Y116.088 E4.45566
G1 X107.666 Y115.874 E4.47795
G1 X98.577 Y113.278 E4.93258
G1 X98.837 Y112.365 E4.97824
G1 X99.151 Y112.655 E4.9988
;WIDTH:0.442964
G1 X99.049 Y113.015 E5.01647
G1 X99.231 Y113.067 E5.02541
;WIDTH:0.447285
G1 X107.771 Y115.505 E5.44956
;WIDTH:0.45
G1 X108.14 Y115.67 E5.469
G1 X108.616 Y116.047 E5.4982
G1 X108.878 Y116.412 E5.51981
G1 X109.156 Y117.19 E5.55955
G1 X109.188 Y117.172 E5.56132
G1 X109.967 Y114.434 E5.69823
G1 X109.918 Y114.436 E5.70059
G1 X109.549 Y114.784 E5.72499
G1 X109.013 Y115.072 E5.75426
G1 X108.498 Y115.183 E5.7796
G1 X108.057 Y115.17 E5.80082
;WIDTH:0.448797
G1 X107.876 Y115.136 E5.80965
;WIDTH:0.447285
G1 X99.334 Y112.703 E6.23382
G1 E4.23382 F2400
G92 E0
G1 X99.334 Y112.703 F7800
G1 X108.622 Y115.548
G1 E2 F2400
;WIDTH:0.43608
G1 F1200
G1 X108.815 Y115.52 E2.00904
G1 X109.312 Y115.354 E2.03333
G1 X109.107 Y116.076 E2.06813
G1 X108.894 Y115.79 E2.08466
G1 X108.766 Y115.676 E2.09261
G1 E.09261 F2400
G92 E0
G1 X108.766 Y115.676 F7800
G92 E0
G1 X117.031 Y131.837
G1 E2 F2400
;TYPE:Support material
;WIDTH:0.35
G1 F3600
G1 X116.518 Y131.813 E2.0183
G1 X116.778 Y131.386 E2.03611
G1 X116.756 Y130.623 E2.0633
G1 X117.073 Y130.743 E2.07537
G1 X117.44 Y131.097 E2.09353
G1 X118.798 Y131.091 E2.14191
G1 X119.08 Y131.247 E2.15339
G1 X119.618 Y131.333 E2.1728
G1 X120.24 Y131.27 E2.19507
G1 X120.657 Y131.367 E2.21032
G1 X121.014 Y131.566 E2.22488
G1 X121.283 Y131.84 E2.23856
G1 X121.465 Y132.209 E2.25322
G1 X121.49 Y132.853 E2.27618
G1 X121.355 Y133.174 E2.28859
G1 X121.124 Y133.451 E2.30144
G1 X120.807 Y133.66 E2.31497
G1 X120.162 Y133.784 E2.33837
G1 X119.56 Y133.635 E2.36046
G1 X119.206 Y133.395 E2.3757
G1 X118.866 Y133.02 E2.39373
G1 X118.133 Y132.804 E2.42095
G1 X117.473 Y132.281 E2.45095
G1 X116.939 Y132.175 E2.47034
G1 X116.502 Y132.188 E2.48591
G1 X116.221 Y132.024 E2.4975
G1 X116.16 Y131.802 E2.5057
G1 X116.215 Y131.581 E2.51381
G1 X116.417 Y131.292 E2.52637
G1 X116.429 Y130.814 E2.5434
G1 X116.499 Y130.697 E2.54826
G1 X116.713 Y130.619 E2.55637
G1 X116.713 Y130.619 F7800
G1 X116.872 Y130.283
G1 F3600
G1 X117.287 Y130.463 E2.57248
G1 X117.581 Y130.746 E2.58702
G1 X118.856 Y130.743 E2.63244
G1 X119.196 Y130.911 E2.64595
G1 X119.606 Y130.977 E2.66074
G1 X120.274 Y130.919 E2.68463
G1 X120.784 Y131.038 E2.70329
G1 X121.228 Y131.284 E2.72137
G1 X121.569 Y131.631 E2.7387
G1 X121.808 Y132.139 E2.7587
G1 X121.877 Y132.491 E2.77148
G1 X121.833 Y132.939 E2.78752
G1 X121.657 Y133.357 E2.80368
G1 X121.36 Y133.715 E2.82025
G1 X120.956 Y133.981 E2.83748
G1 X120.467 Y134.126 E2.85565
G1 X119.936 Y134.119 E2.87457
G1 X119.403 Y133.948 E2.89451
G1 X118.97 Y133.655 E2.91313
G1 X118.673 Y133.328 E2.92887
G1 X117.982 Y133.125 E2.95453
G1 X117.316 Y132.607 E2.98459
G1 X116.438 Y132.539 E3.01596
G1 X116.168 Y132.429 E3.02635
G1 X115.838 Y132.06 E3.04399
G1 X115.807 Y131.773 E3.05427
G1 X115.891 Y131.433 E3.06675
G1 X116.055 Y131.198 E3.07696
G1 X116.095 Y130.692 E3.09504
G1 X116.237 Y130.451 E3.105
G1 X116.441 Y130.313 E3.11377
G1 X116.829 Y130.279 E3.12765
G1 E1.12765 F2400
G92 E0
G1 X116.829 Y130.279 F7800
G1 X109.911 Y132.02
G1 E2 F2400
;TYPE:Perimeter
;WIDTH:0.45
G1 F900
G1 X107.98 Y131.471 E2.09656
G1 X108.058 Y131.198 E2.11022
G1 X108.087 Y130.814 E2.12874
G1 X107.997 Y130.512 E2.1439
G1 X107.838 Y130.28 E2.15743
G1 X107.653 Y130.124 E2.16907
G1 X107.395 Y130.007 E2.1827
G1 X97.743 Y127.254 E2.66544
G1 X98.425 Y124.858 E2.78526
G1 X108.076 Y127.61 E3.26794
G1 X108.358 Y127.646 E3.28161
G1 X108.597 Y127.612 E3.29322
G1 X108.856 Y127.497 E3.30685
G1 X109.092 Y127.285 E3.32211
G1 X109.267 Y126.946 E3.34046
G1 X109.347 Y126.668 E3.35437
G1 X111.278 Y127.217 E3.45093
G1 X109.927 Y131.963 E3.68826
G1 X109.927 Y131.963 F7800
G1 X110.273 Y132.524
G1 F900
G1 X107.642 Y131.776 E3.81982
G1 X107.543 Y131.597 E3.82966
G1 X107.687 Y131.092 E3.85492
G1 X107.704 Y130.862 E3.86601
G1 X107.65 Y130.681 E3.87509
G1 X107.555 Y130.542 E3.88319
G1 X107.289 Y130.378 E3.89822
G1 X97.404 Y127.559 E4.39261
G1 X97.306 Y127.382 E4.40234
G1 X98.121 Y124.516 E4.54565
G1 X98.295 Y124.42 E4.55521
G1 X108.182 Y127.239 E5.04969
G1 X108.351 Y127.261 E5.05789
G1 X108.649 Y127.171 E5.07286
G1 X108.792 Y127.044 E5.08206
G1 X108.896 Y126.841 E5.09303
G1 X109.042 Y126.331 E5.11854
G1 X109.219 Y126.231 E5.12832
G1 X111.835 Y126.975 E5.25913
G1 X111.726 Y127.048 E5.26544
G1 X110.204 Y132.4 E5.53306
G1 X110.244 Y132.472 E5.53702
G1 X110.244 Y132.472 F7800
G1 X110.649 Y132.62
;TYPE:External perimeter
G1 F1800
G1 X110.714 Y132.721 E5.5428
;WIDTH:0.404079
G1 X116.917 Y134.486 E5.81605
G1 X117.158 Y134.908 E5.83664
G1 X110.621 Y133.048 E6.1246
;WIDTH:0.45
G1 X109.974 Y132.84 E6.15729
G1 X107.382 Y132.103 E6.2869
G1 X107.129 Y131.644 E6.31211
G1 X107.316 Y130.987 E6.34496
G1 X107.304 Y130.85 E6.35157
G1 X107.183 Y130.749 E6.35915
G1 X97.145 Y127.886 E6.8612
G1 X96.891 Y127.43 E6.8863
G1 X97.794 Y124.257 E7.04497
G1 X98.248 Y124.006 E7.06992
G1 X108.287 Y126.868 E7.572
G1 X108.443 Y126.845 E7.57958
G1 X108.526 Y126.735 E7.58621
G1 X108.714 Y126.072 E7.61936
G1 X109.171 Y125.816 E7.64455
G1 X111.763 Y126.554 E7.77417
G1 X112.422 Y126.717 E7.80682
;WIDTH:0.40381
G1 X118.954 Y128.576 E8.09434
;WIDTH:0.403809
G1 X118.532 Y128.808 E8.11473
G1 X112.329 Y127.044 E8.38775
;WIDTH:0.45
G1 X112.097 Y127.154 E8.4001
G1 X110.575 Y132.505 E8.66767
G1 X110.616 Y132.57 E8.67137
G1 X110.956 Y132.781 F7800
G1 E6.67137 F2400
G92 E0
G1 X98.624 Y125.216 F7800
G1 E2 F2400
;TYPE:Solid infill
G1 F1200
G1 X108.086 Y127.909 E2.47316
G1 X108.343 Y127.934 E2.48558
G1 X108.65 Y127.895 E2.50046
G1 X108.984 Y127.754 E2.5179
G1 X109.294 Y127.49 E2.53748
G1 X109.548 Y127.026 E2.56292
G1 X110.92 Y127.416 E2.63152
G1 X109.712 Y131.663 E2.84389
G1 X108.338 Y131.272 E2.9126
G1 X108.373 Y130.815 E2.93464
G1 X108.267 Y130.414 E2.95459
G1 X108.067 Y130.105 E2.97229
G1 X107.828 Y129.896 E2.98756
G1 X107.56 Y129.758 E3.00206
G1 X98.1 Y127.056 E3.47525
G1 X98.571 Y125.401 E3.55801
G1 X98.889 Y125.692 E3.57874
G1 X107.981 Y128.28 E4.0334
G1 X108.31 Y128.318 E4.04933
G1 X108.705 Y128.276 E4.06844
G1 X109.14 Y128.107 E4.09089
G1 X109.551 Y127.777 E4.11624
G1 X109.746 Y127.483 E4.13321
G1 X110.444 Y127.682 E4.16812
G1 X109.447 Y131.186 E4.34334
G1 X108.747 Y130.987 E4.37834
G1 X108.755 Y130.729 E4.39075
G1 X108.637 Y130.304 E4.41196
G1 X108.385 Y129.888 E4.43535
G1 X108.077 Y129.6 E4.45563
G1 X107.666 Y129.387 E4.47789
G1 X98.577 Y126.791 E4.93252
G1 X98.837 Y125.877 E4.97822
G1 X99.151 Y126.167 E4.99878
;WIDTH:0.442964
G1 X99.049 Y126.528 E5.01649
G1 X99.231 Y126.58 E5.02543
;WIDTH:0.447285
G1 X107.771 Y129.017 E5.44956
;WIDTH:0.45
G1 X108.14 Y129.183 E5.46902
G1 X108.616 Y129.56 E5.49822
G1 X108.878 Y129.925 E5.51983
G1 X109.156 Y130.703 E5.55957
G1 X109.188 Y130.685 E5.56134
G1 X109.967 Y127.947 E5.69825
G1 X109.918 Y127.949 E5.70061
G1 X109.549 Y128.297 E5.72501
G1 X109.013 Y128.585 E5.75428
G1 X108.498 Y128.696 E5.77962
G1 X108.057 Y128.683 E5.80084
;WIDTH:0.448797
G1 X107.876 Y128.649 E5.80967
;WIDTH:0.447285
G1 X99.334 Y126.216 E6.23384
G1 E4.23384 F2400
G92 E0
G1 X99.334 Y126.216 F7800
G1 X108.622 Y129.061
G1 E2 F2400
;WIDTH:0.43608
G1 F1200
G1 X108.815 Y129.033 E2.00904
G1 X109.312 Y128.867 E2.03333
G1 X109.107 Y129.589 E2.06813
G1 X108.894 Y129.303 E2.08466
G1 X108.766 Y129.189 E2.09261
M106 S109.65
;LAYER_CHANGE
;Z:3.95
;HEIGHT:0.3
G1 Z3.95 F7800
G1 E.09261 F2400
G92 E0
G1 X108.766 Y129.189 F7800
G92 E0
G1 X120.19 Y92.402
G1 E2 F2400
;TYPE:Support material
;WIDTH:0.35
G1 F3600
G1 X119.99 Y92.369 E2.00722
G1 X120.265 Y91.977 E2.02428
G1 X120.197 Y90.941 E2.06127
G1 X120.742 Y91.185 E2.08254
G1 X120.967 Y91.498 E2.09627
G1 X122.046 Y91.639 E2.13504
G1 X123.051 Y91.954 E2.17256
G1 X123.705 Y91.895 E2.19595
G1 X124.181 Y92.034 E2.21362
G1 X124.616 Y92.371 E2.23322
G1 X124.787 Y92.667 E2.2454
G1 X124.825 Y93.281 E2.26732
G1 X124.695 Y93.577 E2.27884
G1 X124.474 Y93.819 E2.29051
G1 X124.164 Y93.996 E2.30323
G1 X123.576 Y94.064 E2.32432
G1 X123.084 Y93.916 E2.34262
G1 X122.563 Y93.481 E2.3668
G1 X121.742 Y93.151 E2.39832
G1 X121.186 Y92.827 E2.42124
G1 X120.644 Y92.654 E2.44151
G1 X120.106 Y92.752 E2.46099
G1 X119.722 Y92.647 E2.47517
G1 X119.568 Y92.45 E2.48408
G1 X119.914 Y91.868 E2.5082
G1 X119.938 Y91.101 E2.53554
G1 X120.012 Y90.951 E2.5415
G1 X120.155 Y90.932 E2.54664
G1 X120.155 Y90.932 F7800
G1 X120.219 Y90.588
G1 F3600
G1 X120.77 Y90.781 E2.56744
G1 X121.173 Y91.181 E2.58767
G1 X122.099 Y91.292 E2.62089
G1 X123.094 Y91.595 E2.65794
G1 X123.54 Y91.536 E2.67397
G1 X124.058 Y91.606 E2.69259
G1 X124.544 Y91.83 E2.71165
G1 X124.892 Y92.149 E2.72847
G1 X125.137 Y92.626 E2.74757
G1 X125.208 Y92.957 E2.75963
G1 X125.167 Y93.371 E2.77445
G1 X124.992 Y93.77 E2.78997
G1 X124.695 Y94.096 E2.80568
G1 X124.291 Y94.326 E2.82224
G1 X123.543 Y94.413 E2.84907
G1 X122.924 Y94.229 E2.87207
G1 X122.363 Y93.775 E2.89778
G1 X121.586 Y93.464 E2.92759
G1 X121.036 Y93.146 E2.95022
G1 X120.633 Y93.018 E2.96528
G1 X120.082 Y93.102 E2.98514
G1 X119.559 Y92.961 E3.00444
G1 X119.273 Y92.676 E3.01882
G1 X119.238 Y92.332 E3.03114
G1 X119.563 Y91.759 E3.05461
G1 X119.556 Y91.275 E3.07185
G1 X119.708 Y90.776 E3.09043
G1 X119.874 Y90.638 E3.09812
G1 X120.176 Y90.583 E3.10906
G1 E1.10906 F2400
G92 E0
G1 X120.176 Y90.583 F7800
G1 X113.543 Y92.497
G1 E2 F2400
;TYPE:Perimeter
;WIDTH:0.45
G1 F900
G1 X111.612 Y91.947 E2.09657
G1 X111.693 Y91.665 E2.11068
G1 X111.723 Y91.287 E2.12892
G1 X111.635 Y90.985 E2.14405
G1 X111.479 Y90.753 E2.1575
G1 X111.293 Y90.594 E2.16927
G1 X111.029 Y90.473 E2.18324
G1 X101.374 Y87.735 E2.66592
G1 X102.046 Y85.374 E2.78399
G1 X111.697 Y88.122 E3.26662
G1 X111.985 Y88.159 E3.28059
G1 X112.228 Y88.121 E3.29242
G1 X112.483 Y88.006 E3.30587
G1 X112.716 Y87.796 E3.32096
G1 X112.889 Y87.459 E3.33918
G1 X112.969 Y87.177 E3.35328
G1 X114.9 Y87.726 E3.44984
G1 X113.559 Y92.439 E3.68552
G1 X113.559 Y92.439 F7800
G1 X113.915 Y93.004
G1 F900
G1 X111.27 Y92.251 E3.81779
G1 X111.173 Y92.081 E3.8272
G1 X111.322 Y91.559 E3.85331
G1 X111.34 Y91.332 E3.86426
G1 X111.287 Y91.151 E3.87333
G1 X111.082 Y90.917 E3.88829
G1 X110.923 Y90.844 E3.8967
G1 X101.039 Y88.041 E4.39083
G1 X100.939 Y87.856 E4.40094
G1 X101.74 Y85.039 E4.5418
G1 X101.92 Y84.937 E4.55175
G1 X111.802 Y87.751 E5.04593
G1 X111.976 Y87.773 E5.05437
G1 X112.274 Y87.682 E5.06936
G1 X112.414 Y87.556 E5.07842
G1 X112.518 Y87.353 E5.08939
G1 X112.665 Y86.836 E5.11524
G1 X112.841 Y86.739 E5.12491
G1 X115.467 Y87.487 E5.25624
G1 X115.346 Y87.569 E5.26327
G1 X113.839 Y92.866 E5.52815
G1 X113.886 Y92.951 E5.53282
G1 X113.886 Y92.951 F7800
G1 X114.283 Y93.087
;TYPE:External perimeter
G1 F1800
G1 X114.348 Y93.19 E5.53868
;WIDTH:0.409183
G1 X120.548 Y94.955 E5.81591
G1 X120.781 Y95.379 E5.83672
G1 X114.254 Y93.522 E6.12856
;WIDTH:0.45
G1 X113.596 Y93.314 E6.16175
G1 X111.012 Y92.579 E6.29096
G1 X110.758 Y92.131 E6.31573
G1 X110.951 Y91.454 E6.34959
G1 X110.939 Y91.318 E6.35616
G1 X110.818 Y91.215 E6.3638
G1 X100.777 Y88.368 E6.86577
G1 X100.525 Y87.901 E6.89129
G1 X101.412 Y84.782 E7.04725
G1 X101.87 Y84.522 E7.07258
G1 X111.908 Y87.38 E7.57456
G1 X112.066 Y87.357 E7.58224
G1 X112.147 Y87.248 E7.58877
G1 X112.338 Y86.577 E7.62232
G1 X112.793 Y86.325 E7.64734
G1 X115.374 Y87.059 E7.7764
G1 X116.044 Y87.229 E7.80965
;WIDTH:0.409678
G1 X122.576 Y89.087 E8.10213
;WIDTH:0.409677
G1 X122.151 Y89.325 E8.12311
G1 X115.95 Y87.561 E8.40077
;WIDTH:0.45
G1 X115.717 Y87.674 E8.41322
G1 X114.21 Y92.972 E8.67814
G1 X114.251 Y93.036 E8.6818
G1 X114.589 Y93.25 F7800
G1 E6.6818 F2400
G92 E0
G1 X101.731 Y87.536 F7800
G1 E2 F2400
;TYPE:Solid infill
G1 F1200
G1 X102.245 Y85.731 E2.09027
G1 X108.743 Y87.578 E2.41518
G1 X108.745 Y87.832 E2.4274
G1 X111.116 Y90.202 E2.58864
G1 X101.917 Y87.589 E3.04858
G1 X102.208 Y87.271 E3.06931
G1 X102.51 Y86.207 E3.12251
G1 X108.414 Y87.886 E3.41773
G1 X108.401 Y88.018 E3.42411
G1 X108.472 Y88.104 E3.42947
G1 X109.794 Y89.426 E3.51939
G1 X102.393 Y87.323 E3.88944
G1 X102.668 Y87.014 E3.90934
;WIDTH:0.424246
G1 X102.767 Y86.668 E3.92549
G1 X108.096 Y88.183 E4.17416
;WIDTH:0.423762
G1 X108.092 Y88.226 E4.1761
G1 X108.517 Y88.676 E4.20384
G1 X107.894 Y88.499 E4.23287
;WIDTH:0.424228
G1 X102.854 Y87.067 E4.46803
G1 E2.46803 F2400
G92 E0
G1 X102.854 Y87.067 F7800
G1 X112.005 Y91.658
G1 E2 F2400
;WIDTH:0.540339
G1 F1200
G1 X111.963 Y91.7 E2.00353
G1 X111.978 Y91.758 E2.00709
G1 X112.035 Y91.773 E2.01059
G1 X112.078 Y91.731 E2.01416
G1 X112.062 Y91.674 E2.01767
G1 X112.062 Y91.674 F7800
G1 X112.937 Y92.024
;WIDTH:0.45
G1 F1200
G1 X111.948 Y91.034 E2.08497
G1 X111.756 Y90.762 E2.10098
;WIDTH:0.404381
G1 X111.426 Y90.417 E2.12123
G1 E.12123 F2400
G92 E0
G1 X111.426 Y90.417 F7800
G1 X113.423 Y92.197
G1 E2 F2400
G1 F1200
G1 X113.434 Y92.238 E2.0018
G1 X113.363 Y92.257 E2.00492
G1 X113.382 Y92.186 E2.00804
;WIDTH:0.45
G1 X113.4 Y91.941 E2.01986
G1 X109.154 Y87.695 E2.30867
G1 X109.632 Y87.714 E2.33168
;WIDTH:0.404381
G1 X109.613 Y87.785 E2.3348
G1 X109.684 Y87.766 E2.33792
G1 X109.673 Y87.725 E2.33972
;WIDTH:0.45
G1 X109.916 Y87.912 E2.35447
G1 X113.521 Y91.517 E2.59968
G1 X113.642 Y91.092 E2.62093
G1 X110.678 Y88.128 E2.82254
G1 X110.435 Y87.942 E2.83726
;WIDTH:0.404381
G1 X110.446 Y87.983 E2.83906
G1 X110.375 Y88.002 E2.84218
G1 X110.394 Y87.931 E2.8453
G1 X110.394 Y87.931 F7800
G1 X111.156 Y88.15
G1 F1200
G1 X111.137 Y88.221 E2.84842
G1 X111.208 Y88.202 E2.85154
G1 X111.197 Y88.161 E2.85334
;WIDTH:0.45
G1 X111.44 Y88.345 E2.868
G1 X113.763 Y90.668 E3.02601
G1 X113.883 Y90.243 E3.04725
G1 X112.076 Y88.436 E3.17016
G1 X112.6 Y88.268 E3.19663
G1 X112.918 Y88 E3.21663
G1 X113.171 Y87.535 E3.24209
G1 X114.543 Y87.925 E3.31069
G1 X114.004 Y89.819 E3.4054
G1 X112.629 Y88.444 E3.49893
G1 X113.092 Y88.361 E3.52155
G1 X113.176 Y88.286 E3.52697
G1 X113.369 Y87.992 E3.54389
G1 X114.067 Y88.191 E3.5788
G1 X113.813 Y89.082 E3.62336
G1 X113.229 Y88.498 E3.66308
G1 E1.66308 F2400
G92 E0
G1 X113.229 Y88.498 F7800
G92 E0
G1 X116.562 Y104.883
G1 E2 F2400
;TYPE:Support material
;WIDTH:0.35
G1 F3600
G1 X116.362 Y104.85 E2.00722
G1 X116.638 Y104.457 E2.02433
G1 X116.57 Y103.422 E2.06128
G1 X117.115 Y103.666 E2.08255
G1 X117.34 Y103.979 E2.09628
G1 X118.419 Y104.12 E2.13505
G1 X119.423 Y104.434 E2.17252
G1 X120.078 Y104.376 E2.19595
G1 X120.554 Y104.515 E2.21362
G1 X120.988 Y104.852 E2.23319
G1 X121.16 Y105.148 E2.24539
G1 X121.197 Y105.762 E2.2673
G1 X121.067 Y106.058 E2.27882
G1 X120.847 Y106.3 E2.29047
G1 X120.537 Y106.477 E2.30319
G1 X119.949 Y106.545 E2.32428
G1 X119.457 Y106.397 E2.34258
G1 X118.936 Y105.962 E2.36676
G1 X118.114 Y105.631 E2.39833
G1 X117.559 Y105.308 E2.42121
G1 X117.017 Y105.135 E2.44148
G1 X116.479 Y105.233 E2.46096
G1 X116.095 Y105.128 E2.47514
G1 X115.941 Y104.931 E2.48405
G1 X116.287 Y104.349 E2.50817
G1 X116.31 Y103.582 E2.53551
G1 X116.385 Y103.432 E2.54148
G1 X116.528 Y103.413 E2.54662
G1 X116.528 Y103.413 F7800
G1 X116.592 Y103.068
G1 F3600
G1 X117.143 Y103.262 E2.56743
G1 X117.546 Y103.662 E2.58766
G1 X118.472 Y103.773 E2.62088
G1 X119.467 Y104.076 E2.65793
G1 X119.913 Y104.017 E2.67396
G1 X120.431 Y104.087 E2.69258
G1 X120.917 Y104.311 E2.71164
G1 X121.265 Y104.63 E2.72846
G1 X121.51 Y105.107 E2.74756
G1 X121.581 Y105.438 E2.75962
G1 X121.54 Y105.852 E2.77444
G1 X121.365 Y106.251 E2.78996
G1 X121.068 Y106.577 E2.80567
G1 X120.664 Y106.807 E2.82223
G1 X119.916 Y106.894 E2.84906
G1 X119.296 Y106.71 E2.8721
G1 X118.736 Y106.256 E2.89778
G1 X117.959 Y105.945 E2.92759
G1 X117.409 Y105.627 E2.95022
G1 X117.006 Y105.499 E2.96528
G1 X116.455 Y105.583 E2.98514
G1 X115.932 Y105.442 E3.00444
G1 X115.646 Y105.157 E3.01882
G1 X115.611 Y104.813 E3.03114
G1 X115.935 Y104.24 E3.05459
G1 X115.929 Y103.755 E3.07187
G1 X116.081 Y103.256 E3.09045
G1 X116.247 Y103.119 E3.09812
G1 X116.549 Y103.064 E3.10906
G1 E1.10906 F2400
G92 E0
G1 X109.916 Y104.978 F7800
G1 E2 F2400
;TYPE:Perimeter
;WIDTH:0.45
G1 F900
G1 X107.985 Y104.428 E2.09657
G1 X108.065 Y104.145 E2.11071
G1 X108.095 Y103.768 E2.1289
G1 X108.008 Y103.466 E2.14402
G1 X107.852 Y103.234 E2.15747
G1 X107.665 Y103.075 E2.16928
G1 X107.402 Y102.954 E2.1832
G1 X97.747 Y100.216 E2.66588
G1 X98.419 Y97.855 E2.78395
G1 X108.069 Y100.602 E3.26652
G1 X108.358 Y100.639 E3.28053
G1 X108.601 Y100.602 E3.29235
G1 X108.855 Y100.487 E3.30576
G1 X109.088 Y100.277 E3.32085
G1 X109.262 Y99.939 E3.33913
G1 X109.342 Y99.658 E3.35318
G1 X111.273 Y100.207 E3.44974
G1 X109.932 Y104.92 E3.68542
G1 X109.932 Y104.92 F7800
G1 X110.288 Y105.484
G1 F900
G1 X107.642 Y104.732 E3.81772
G1 X107.546 Y104.562 E3.82711
G1 X107.694 Y104.04 E3.85321
G1 X107.712 Y103.813 E3.86416
G1 X107.66 Y103.632 E3.87322
G1 X107.454 Y103.397 E3.88825
G1 X107.296 Y103.325 E3.8966
G1 X97.412 Y100.522 E4.39073
G1 X97.312 Y100.336 E4.40089
G1 X98.113 Y97.52 E4.5417
G1 X98.293 Y97.418 E4.55165
G1 X108.175 Y100.232 E5.04583
G1 X108.349 Y100.254 E5.05427
G1 X108.647 Y100.162 E5.06927
G1 X108.787 Y100.036 E5.07833
G1 X108.891 Y99.834 E5.08926
G1 X109.038 Y99.317 E5.11511
G1 X109.213 Y99.22 E5.12473
G1 X111.84 Y99.967 E5.25609
G1 X111.719 Y100.049 E5.26312
G1 X110.212 Y105.347 E5.52804
G1 X110.259 Y105.432 E5.53271
G1 X110.259 Y105.432 F7800
G1 X110.655 Y105.568
;TYPE:External perimeter
G1 F1800
G1 X110.721 Y105.671 E5.53859
;WIDTH:0.409183
G1 X116.921 Y107.435 E5.81581
G1 X117.154 Y107.86 E5.83665
G1 X110.626 Y106.003 E6.12853
;WIDTH:0.45
G1 X109.969 Y105.794 E6.16169
G1 X107.385 Y105.059 E6.2909
G1 X107.131 Y104.612 E6.31563
G1 X107.324 Y103.934 E6.34953
G1 X107.312 Y103.799 E6.35605
G1 X107.191 Y103.696 E6.36369
G1 X97.15 Y100.849 E6.86566
G1 X96.898 Y100.382 E6.89118
G1 X97.785 Y97.263 E7.04714
G1 X98.243 Y97.003 E7.07247
G1 X108.281 Y99.861 E7.57445
G1 X108.439 Y99.838 E7.58213
G1 X108.52 Y99.728 E7.5887
G1 X108.711 Y99.058 E7.62221
G1 X109.165 Y98.805 E7.64721
G1 X111.747 Y99.54 E7.77633
G1 X112.417 Y99.71 E7.80958
;WIDTH:0.409678
G1 X118.948 Y101.568 E8.10201
;WIDTH:0.409677
G1 X118.523 Y101.806 E8.12299
G1 X112.322 Y100.042 E8.40065
;WIDTH:0.45
G1 X112.09 Y100.155 E8.41306
G1 X110.582 Y105.453 E8.678
G1 X110.623 Y105.517 E8.68166
G1 X110.962 Y105.731 F7800
G1 E6.68166 F2400
G92 E0
G1 X98.104 Y100.017 F7800
G1 E2 F2400
;TYPE:Solid infill
G1 F1200
G1 X98.618 Y98.212 E2.09027
G1 X105.116 Y100.059 E2.41518
G1 X105.118 Y100.312 E2.42735
G1 X107.488 Y102.683 E2.58859
G1 X98.29 Y100.07 E3.04849
G1 X98.581 Y99.752 E3.06922
G1 X98.883 Y98.688 E3.12242
G1 X104.787 Y100.367 E3.41764
G1 X104.774 Y100.499 E3.42402
G1 X104.845 Y100.585 E3.42938
G1 X106.167 Y101.907 E3.5193
G1 X98.766 Y99.804 E3.88935
G1 X99.041 Y99.495 E3.90925
;WIDTH:0.424246
G1 X99.14 Y99.149 E3.9254
G1 X104.469 Y100.664 E4.17407
;WIDTH:0.423762
G1 X104.465 Y100.707 E4.17601
G1 X104.89 Y101.157 E4.20375
G1 X104.267 Y100.98 E4.23278
;WIDTH:0.424228
G1 X99.227 Y99.548 E4.46794
G1 E2.46794 F2400
G92 E0
G1 X99.227 Y99.548 F7800
G1 X108.378 Y104.139
G1 E2 F2400
;WIDTH:0.540339
G1 F1200
G1 X108.335 Y104.181 E2.00357
G1 X108.351 Y104.239 E2.00714
G1 X108.408 Y104.254 E2.01064
G1 X108.45 Y104.212 E2.01417
G1 X108.435 Y104.155 E2.01767
G1 X108.435 Y104.155 F7800
G1 X109.31 Y104.505
;WIDTH:0.45
G1 F1200
G1 X108.321 Y103.515 E2.08497
G1 X108.128 Y103.242 E2.10105
;WIDTH:0.404381
G1 X107.799 Y102.898 E2.12124
G1 E.12124 F2400
G92 E0
G1 X107.799 Y102.898 F7800
G1 X109.796 Y104.678
G1 E2 F2400
G1 F1200
G1 X109.807 Y104.719 E2.0018
G1 X109.736 Y104.738 E2.00492
G1 X109.755 Y104.667 E2.00804
;WIDTH:0.45
G1 X109.773 Y104.422 E2.01986
G1 X105.527 Y100.176 E2.30867
G1 X106.005 Y100.195 E2.33168
;WIDTH:0.404381
G1 X105.986 Y100.266 E2.3348
G1 X106.057 Y100.247 E2.33792
G1 X106.046 Y100.206 E2.33972
;WIDTH:0.45
G1 X106.289 Y100.393 E2.35447
G1 X109.894 Y103.998 E2.59968
G1 X110.015 Y103.573 E2.62093
G1 X107.051 Y100.609 E2.82254
G1 X106.808 Y100.422 E2.83729
;WIDTH:0.404381
G1 X106.819 Y100.464 E2.83913
G1 X106.748 Y100.483 E2.84225
G1 X106.767 Y100.411 E2.84541
G1 X106.767 Y100.411 F7800
G1 X107.529 Y100.631
G1 F1200
G1 X107.51 Y100.702 E2.84853
G1 X107.581 Y100.683 E2.85165
G1 X107.57 Y100.642 E2.85345
;WIDTH:0.45
G1 X107.812 Y100.826 E2.86807
G1 X110.135 Y103.149 E3.02608
G1 X110.256 Y102.724 E3.04733
G1 X108.449 Y100.917 E3.17024
G1 X108.973 Y100.749 E3.19671
G1 X109.291 Y100.48 E3.21674
G1 X109.544 Y100.016 E3.24216
G1 X110.916 Y100.406 E3.31076
G1 X110.377 Y102.299 E3.40543
G1 X109.002 Y100.924 E3.49896
G1 X109.465 Y100.842 E3.52158
G1 X109.549 Y100.767 E3.527
G1 X109.742 Y100.473 E3.54392
G1 X110.439 Y100.671 E3.57877
G1 X110.186 Y101.563 E3.62336
G1 X109.602 Y100.979 E3.66308
G1 E1.66308 F2400
G92 E0
G1 X109.602 Y100.979 F7800
G92 E0
G1 X116.562 Y118.396
G1 E2 F2400
;TYPE:Support material
;WIDTH:0.35
G1 F3600
G1 X116.362 Y118.363 E2.00722
G1 X116.638 Y117.97 E2.02433
G1 X116.57 Y116.935 E2.06128
G1 X117.115 Y117.179 E2.08255
G1 X117.34 Y117.492 E2.09628
G1 X118.419 Y117.633 E2.13505
G1 X119.423 Y117.947 E2.17252
G1 X120.078 Y117.889 E2.19595
G1 X120.554 Y118.028 E2.21362
G1 X120.988 Y118.365 E2.23319
G1 X121.16 Y118.661 E2.24539
G1 X121.197 Y119.275 E2.2673
G1 X121.067 Y119.571 E2.27882
G1 X120.847 Y119.813 E2.29047
G1 X120.537 Y119.99 E2.30319
G1 X119.949 Y120.057 E2.32427
G1 X119.457 Y119.91 E2.34256
G1 X118.936 Y119.475 E2.36674
G1 X118.114 Y119.144 E2.39831
G1 X117.559 Y118.82 E2.4212
G1 X117.017 Y118.647 E2.44147
G1 X116.479 Y118.746 E2.46096
G1 X116.095 Y118.641 E2.47514
G1 X115.941 Y118.444 E2.48405
G1 X116.287 Y117.862 E2.50817
G1 X116.31 Y117.094 E2.53554
G1 X116.385 Y116.945 E2.54148
G1 X116.528 Y116.926 E2.54662
G1 X116.528 Y116.926 F7800
G1 X116.592 Y116.581
G1 F3600
G1 X117.143 Y116.775 E2.56743
G1 X117.546 Y117.175 E2.58766
G1 X118.472 Y117.286 E2.62088
G1 X119.467 Y117.589 E2.65793
G1 X119.913 Y117.53 E2.67396
G1 X120.431 Y117.6 E2.69258
G1 X120.917 Y117.824 E2.71164
G1 X121.265 Y118.143 E2.72846
G1 X121.51 Y118.62 E2.74756
G1 X121.581 Y118.951 E2.75962
G1 X121.54 Y119.364 E2.77441
G1 X121.365 Y119.764 E2.78996
G1 X121.068 Y120.09 E2.80567
G1 X120.664 Y120.32 E2.82223
G1 X119.916 Y120.407 E2.84906
G1 X119.296 Y120.223 E2.8721
G1 X118.736 Y119.769 E2.89778
G1 X117.959 Y119.458 E2.92759
G1 X117.409 Y119.14 E2.95022
G1 X117.006 Y119.011 E2.96529
G1 X116.455 Y119.096 E2.98515
G1 X115.932 Y118.954 E3.00446
G1 X115.646 Y118.67 E3.01882
G1 X115.611 Y118.326 E3.03114
G1 X115.935 Y117.753 E3.05459
G1 X115.929 Y117.268 E3.07187
G1 X116.081 Y116.769 E3.09045
G1 X116.247 Y116.632 E3.09812
G1 X116.549 Y116.577 E3.10906
G1 E1.10906 F2400
G92 E0
G1 X116.549 Y116.577 F7800
G1 X109.916 Y118.49
G1 E2 F2400
;TYPE:Perimeter
;WIDTH:0.45
G1 F900
G1 X107.985 Y117.941 E2.09656
G1 X108.065 Y117.658 E2.1107
G1 X108.095 Y117.281 E2.12889
G1 X108.008 Y116.979 E2.14401
G1 X107.852 Y116.747 E2.15746
G1 X107.665 Y116.587 E2.1693
G1 X107.402 Y116.467 E2.1832
G1 X97.747 Y113.729 E2.66588
G1 X98.419 Y111.368 E2.78395
G1 X108.069 Y114.115 E3.26652
G1 X108.358 Y114.152 E3.28053
G1 X108.601 Y114.115 E3.29235
G1 X108.855 Y114 E3.30576
G1 X109.088 Y113.79 E3.32085
G1 X109.262 Y113.452 E3.33913
G1 X109.342 Y113.17 E3.35323
G1 X111.273 Y113.72 E3.4498
G1 X109.932 Y118.433 E3.68548
G1 X109.932 Y118.433 F7800
G1 X110.288 Y118.997
G1 F900
G1 X107.642 Y118.245 E3.81778
G1 X107.546 Y118.075 E3.82717
G1 X107.694 Y117.553 E3.85327
G1 X107.712 Y117.326 E3.86422
G1 X107.66 Y117.145 E3.87328
G1 X107.454 Y116.91 E3.88831
G1 X107.296 Y116.838 E3.89666
G1 X97.412 Y114.035 E4.39079
G1 X97.312 Y113.849 E4.40095
G1 X98.113 Y111.033 E4.54176
G1 X98.293 Y110.931 E4.55171
G1 X108.175 Y113.744 E5.04588
G1 X108.349 Y113.767 E5.05432
G1 X108.647 Y113.675 E5.06932
G1 X108.787 Y113.549 E5.07838
G1 X108.891 Y113.347 E5.08931
G1 X109.038 Y112.83 E5.11516
G1 X109.213 Y112.733 E5.12478
G1 X111.84 Y113.48 E5.25614
G1 X111.719 Y113.562 E5.26317
G1 X110.212 Y118.86 E5.52809
G1 X110.259 Y118.945 E5.53276
G1 X110.259 Y118.945 F7800
G1 X110.655 Y119.081
;TYPE:External perimeter
G1 F1800
G1 X110.721 Y119.184 E5.53864
;WIDTH:0.409183
G1 X116.921 Y120.948 E5.81586
G1 X117.154 Y121.373 E5.8367
G1 X110.626 Y119.516 E6.12858
;WIDTH:0.45
G1 X109.969 Y119.307 E6.16174
G1 X107.385 Y118.572 E6.29095
G1 X107.131 Y118.125 E6.31568
G1 X107.324 Y117.447 E6.34958
G1 X107.312 Y117.311 E6.35615
G1 X107.191 Y117.209 E6.36376
G1 X97.15 Y114.361 E6.86575
G1 X96.898 Y113.894 E6.89127
G1 X97.785 Y110.776 E7.04719
G1 X98.243 Y110.516 E7.07252
G1 X108.281 Y113.374 E7.5745
G1 X108.439 Y113.351 E7.58218
G1 X108.52 Y113.241 E7.58875
G1 X108.711 Y112.571 E7.62226
G1 X109.165 Y112.318 E7.64726
G1 X111.747 Y113.053 E7.77638
G1 X112.417 Y113.222 E7.80961
;WIDTH:0.409678
G1 X118.948 Y115.081 E8.10206
;WIDTH:0.409677
G1 X118.523 Y115.319 E8.12304
G1 X112.322 Y113.555 E8.4007
;WIDTH:0.45
G1 X112.09 Y113.668 E8.41311
G1 X110.582 Y118.965 E8.678
G1 X110.623 Y119.03 E8.6817
G1 X110.962 Y119.244 F7800
G1 E6.6817 F2400
G92 E0
G1 X98.104 Y113.53 F7800
G1 E2 F2400
;TYPE:Solid infill
G1 F1200
G1 X98.618 Y111.725 E2.09027
G1 X105.116 Y113.572 E2.41518
G1 X105.118 Y113.825 E2.42735
G1 X107.488 Y116.196 E2.58859
G1 X98.29 Y113.583 E3.04849
G1 X98.581 Y113.264 E3.06926
G1 X98.883 Y112.201 E3.12241
G1 X104.787 Y113.879 E3.41762
G1 X104.774 Y114.012 E3.42405
G1 X104.845 Y114.098 E3.42941
G1 X106.167 Y115.419 E3.5193
G1 X98.766 Y113.317 E3.88934
G1 X99.041 Y113.008 E3.90924
;WIDTH:0.424246
G1 X99.14 Y112.662 E3.92539
G1 X104.469 Y114.176 E4.17404
;WIDTH:0.423762
G1 X104.465 Y114.219 E4.17598
G1 X104.89 Y114.67 E4.20376
G1 X104.267 Y114.492 E4.2328
;WIDTH:0.424228
G1 X99.227 Y113.06 E4.46796
G1 E2.46796 F2400
G92 E0
G1 X99.227 Y113.06 F7800
G1 X108.378 Y117.652
G1 E2 F2400
;WIDTH:0.540339
G1 F1200
G1 X108.335 Y117.694 E2.00357
G1 X108.351 Y117.752 E2.00714
G1 X108.408 Y117.767 E2.01064
G1 X108.45 Y117.725 E2.01417
G1 X108.435 Y117.667 E2.01773
G1 X108.435 Y117.667 F7800
G1 X109.31 Y118.017
;WIDTH:0.45
G1 F1200
G1 X108.321 Y117.028 E2.085
G1 X108.128 Y116.755 E2.10108
;WIDTH:0.404381
G1 X107.799 Y116.411 E2.12127
G1 E.12127 F2400
G92 E0
G1 X107.799 Y116.411 F7800
G1 X109.796 Y118.191
G1 E2 F2400
G1 F1200
G1 X109.807 Y118.232 E2.0018
G1 X109.736 Y118.251 E2.00492
G1 X109.755 Y118.18 E2.00804
;WIDTH:0.45
G1 X109.773 Y117.935 E2.01986
G1 X105.527 Y113.689 E2.30867
G1 X106.005 Y113.708 E2.33168
;WIDTH:0.404381
G1 X105.986 Y113.779 E2.3348
G1 X106.057 Y113.76 E2.33792
G1 X106.046 Y113.719 E2.33972
;WIDTH:0.45
G1 X106.289 Y113.905 E2.35444
G1 X109.894 Y117.511 E2.59968
G1 X110.015 Y117.086 E2.62093
G1 X107.051 Y114.122 E2.82254
G1 X106.808 Y113.935 E2.83729
;WIDTH:0.404381
G1 X106.819 Y113.976 E2.83909
G1 X106.748 Y113.995 E2.84221
G1 X106.767 Y113.924 E2.84533
G1 X106.767 Y113.924 F7800
G1 X107.529 Y114.144
G1 F1200
G1 X107.51 Y114.215 E2.84845
G1 X107.581 Y114.196 E2.85157
G1 X107.57 Y114.155 E2.85337
;WIDTH:0.45
G1 X107.812 Y114.338 E2.86796
G1 X110.135 Y116.661 E3.02597
G1 X110.256 Y116.237 E3.04718
G1 X108.449 Y114.429 E3.17012
G1 X108.973 Y114.261 E3.19659
G1 X109.291 Y113.993 E3.21659
G1 X109.544 Y113.529 E3.24201
G1 X110.916 Y113.919 E3.31061
G1 X110.377 Y115.812 E3.40528
G1 X109.002 Y114.437 E3.49881
G1 X109.465 Y114.355 E3.52143
G1 X109.549 Y114.28 E3.52685
G1 X109.742 Y113.986 E3.54377
G1 X110.439 Y114.184 E3.57862
G1 X110.186 Y115.076 E3.62321
G1 X109.602 Y114.491 E3.66297
G1 E1.66297 F2400
G92 E0
G1 X109.602 Y114.491 F7800
G92 E0
G1 X116.562 Y131.909
G1 E2 F2400
;TYPE:Support material
;WIDTH:0.35
G1 F3600
G1 X116.362 Y131.876 E2.00722
G1 X116.638 Y131.483 E2.02433
G1 X116.57 Y130.448 E2.06128
G1 X117.115 Y130.692 E2.08255
G1 X117.34 Y131.004 E2.09625
G1 X118.419 Y131.146 E2.13502
G1 X119.423 Y131.46 E2.17249
G1 X120.078 Y131.402 E2.19592
G1 X120.554 Y131.541 E2.21359
G1 X120.988 Y131.877 E2.23314
G1 X121.16 Y132.174 E2.24537
G1 X121.197 Y132.787 E2.26725
G1 X121.067 Y133.083 E2.27877
G1 X120.847 Y133.326 E2.29045
G1 X120.537 Y133.503 E2.30317
G1 X119.949 Y133.57 E2.32425
G1 X119.457 Y133.423 E2.34254
G1 X118.936 Y132.987 E2.36674
G1 X118.114 Y132.657 E2.39829
G1 X117.559 Y132.333 E2.42118
G1 X117.017 Y132.16 E2.44145
G1 X116.479 Y132.259 E2.46094
G1 X116.095 Y132.153 E2.47513
G1 X115.941 Y131.957 E2.48401
G1 X116.287 Y131.375 E2.50813
G1 X116.31 Y130.607 E2.5355
G1 X116.385 Y130.458 E2.54144
G1 X116.528 Y130.439 E2.54658
G1 X116.528 Y130.439 F7800
G1 X116.592 Y130.094
G1 F3600
G1 X117.143 Y130.287 E2.56738
G1 X117.546 Y130.687 E2.58761
G1 X118.472 Y130.798 E2.62083
G1 X119.467 Y131.101 E2.65788
G1 X119.913 Y131.043 E2.6739
G1 X120.431 Y131.113 E2.69252
G1 X120.917 Y131.337 E2.71158
G1 X121.265 Y131.656 E2.7284
G1 X121.51 Y132.133 E2.7475
G1 X121.581 Y132.464 E2.75956
G1 X121.54 Y132.877 E2.77435
G1 X121.365 Y133.277 E2.7899
G1 X121.068 Y133.602 E2.80558
G1 X120.664 Y133.833 E2.82216
G1 X119.916 Y133.92 E2.84899
G1 X119.296 Y133.735 E2.87204
G1 X118.736 Y133.281 E2.89772
G1 X117.959 Y132.971 E2.92752
G1 X117.409 Y132.653 E2.95015
G1 X117.006 Y132.524 E2.96522
G1 X116.455 Y132.609 E2.98508
G1 X115.932 Y132.467 E3.00439
G1 X115.646 Y132.183 E3.01875
G1 X115.611 Y131.839 E3.03107
G1 X115.935 Y131.266 E3.05452
G1 X115.929 Y130.781 E3.0718
G1 X116.081 Y130.282 E3.09038
G1 X116.247 Y130.144 E3.09807
G1 X116.549 Y130.09 E3.109
G1 E1.109 F2400
G92 E0
G1 X116.549 Y130.09 F7800
G1 X109.916 Y132.003
G1 E2 F2400
;TYPE:Perimeter
;WIDTH:0.45
G1 F900
G1 X107.985 Y131.454 E2.09656
G1 X108.065 Y131.171 E2.1107
G1 X108.095 Y130.793 E2.12894
G1 X108.008 Y130.492 E2.14401
G1 X107.852 Y130.259 E2.1575
G1 X107.665 Y130.1 E2.16931
G1 X107.402 Y129.98 E2.18321
G1 X97.747 Y127.242 E2.66589
G1 X98.419 Y124.88 E2.784
G1 X108.069 Y127.628 E3.26658
G1 X108.358 Y127.665 E3.28059
G1 X108.601 Y127.628 E3.29241
G1 X108.855 Y127.513 E3.30582
G1 X109.088 Y127.303 E3.32091
G1 X109.262 Y126.965 E3.33919
G1 X109.342 Y126.683 E3.35329
G1 X111.273 Y127.233 E3.44986
G1 X109.932 Y131.946 E3.68554
G1 X109.932 Y131.946 F7800
G1 X110.288 Y132.51
G1 F900
G1 X107.642 Y131.757 E3.81786
G1 X107.546 Y131.588 E3.82721
G1 X107.694 Y131.066 E3.85331
G1 X107.712 Y130.839 E3.86426
G1 X107.66 Y130.658 E3.87332
G1 X107.454 Y130.423 E3.88835
G1 X107.296 Y130.351 E3.8967
G1 X97.412 Y127.548 E4.39083
G1 X97.312 Y127.362 E4.40099
G1 X98.113 Y124.546 E4.5418
G1 X98.293 Y124.444 E4.55175
G1 X108.175 Y127.257 E5.04592
G1 X108.349 Y127.28 E5.05436
G1 X108.647 Y127.188 E5.06936
G1 X108.787 Y127.062 E5.07842
G1 X108.891 Y126.86 E5.08935
G1 X109.038 Y126.343 E5.1152
G1 X109.213 Y126.246 E5.12482
G1 X111.84 Y126.993 E5.25618
G1 X111.719 Y127.075 E5.26321
G1 X110.212 Y132.373 E5.52813
G1 X110.259 Y132.458 E5.5328
G1 X110.259 Y132.458 F7800
G1 X110.655 Y132.594
;TYPE:External perimeter
G1 F1800
G1 X110.721 Y132.697 E5.53868
;WIDTH:0.409183
G1 X116.921 Y134.461 E5.8159
G1 X117.154 Y134.886 E5.83674
G1 X110.626 Y133.029 E6.12862
;WIDTH:0.45
G1 X109.969 Y132.82 E6.16178
G1 X107.385 Y132.085 E6.29099
G1 X107.131 Y131.638 E6.31572
G1 X107.324 Y130.96 E6.34962
G1 X107.312 Y130.824 E6.35619
G1 X107.191 Y130.722 E6.3638
G1 X97.15 Y127.874 E6.86579
G1 X96.898 Y127.407 E6.89131
G1 X97.785 Y124.289 E7.04723
G1 X98.243 Y124.029 E7.07256
G1 X108.281 Y126.886 E7.57453
G1 X108.439 Y126.864 E7.5822
G1 X108.52 Y126.754 E7.58877
G1 X108.711 Y126.084 E7.62228
G1 X109.165 Y125.831 E7.64728
G1 X111.747 Y126.566 E7.7764
G1 X112.417 Y126.735 E7.80963
;WIDTH:0.409678
G1 X118.948 Y128.594 E8.10208
;WIDTH:0.409677
G1 X118.523 Y128.832 E8.12306
G1 X112.322 Y127.067 E8.40073
;WIDTH:0.45
G1 X112.09 Y127.181 E8.41316
G1 X110.582 Y132.478 E8.67805
G1 X110.623 Y132.543 E8.68175
G1 X110.962 Y132.756 F7800
G1 E6.68175 F2400
G92 E0
G1 X98.104 Y127.043 F7800
G1 E2 F2400
;TYPE:Solid infill
G1 F1200
G1 X98.618 Y125.238 E2.09027
G1 X105.116 Y127.085 E2.41518
G1 X105.118 Y127.338 E2.42735
G1 X107.488 Y129.709 E2.58859
G1 X98.29 Y127.095 E3.0485
G1 X98.581 Y126.777 E3.06923
G1 X98.883 Y125.714 E3.12238
G1 X104.787 Y127.392 E3.41759
G1 X104.774 Y127.524 E3.42397
G1 X104.845 Y127.611 E3.42937
G1 X106.167 Y128.932 E3.51926
G1 X98.766 Y126.83 E3.8893
G1 X99.041 Y126.521 E3.9092
;WIDTH:0.424246
G1 X99.14 Y126.174 E3.9254
G1 X104.469 Y127.689 E4.17407
;WIDTH:0.423762
G1 X104.465 Y127.732 E4.17601
G1 X104.89 Y128.182 E4.20375
G1 X104.267 Y128.005 E4.23278
;WIDTH:0.424228
G1 X99.227 Y126.573 E4.46794
G1 E2.46794 F2400
G92 E0
G1 X99.227 Y126.573 F7800
G1 X108.378 Y131.165
G1 E2 F2400
;WIDTH:0.540339
G1 F1200
G1 X108.335 Y131.207 E2.00357
G1 X108.351 Y131.264 E2.00708
G1 X108.408 Y131.28 E2.01059
G1 X108.45 Y131.238 E2.01412
G1 X108.435 Y131.18 E2.01768
G1 X108.435 Y131.18 F7800
G1 X109.31 Y131.53
;WIDTH:0.45
G1 F1200
G1 X108.321 Y130.541 E2.08495
G1 X108.128 Y130.268 E2.10103
;WIDTH:0.404381
G1 X107.799 Y129.924 E2.12122
G1 E.12122 F2400
G92 E0
G1 X107.799 Y129.924 F7800
G1 X109.796 Y131.704
G1 E2 F2400
G1 F1200
G1 X109.807 Y131.745 E2.0018
G1 X109.736 Y131.764 E2.00492
G1 X109.755 Y131.693 E2.00804
;WIDTH:0.45
G1 X109.773 Y131.448 E2.01986
G1 X105.527 Y127.202 E2.30867
G1 X106.005 Y127.221 E2.33168
;WIDTH:0.404381
G1 X105.986 Y127.292 E2.3348
G1 X106.057 Y127.273 E2.33792
G1 X106.046 Y127.232 E2.33972
;WIDTH:0.45
G1 X106.289 Y127.418 E2.35444
G1 X109.894 Y131.023 E2.59965
G1 X110.015 Y130.599 E2.62086
G1 X107.051 Y127.635 E2.82247
G1 X106.808 Y127.448 E2.83722
;WIDTH:0.404381
G1 X106.819 Y127.489 E2.83902
G1 X106.748 Y127.508 E2.84214
G1 X106.767 Y127.437 E2.84526
G1 X106.767 Y127.437 F7800
G1 X107.529 Y127.657
G1 F1200
G1 X107.51 Y127.728 E2.84838
G1 X107.581 Y127.709 E2.8515
G1 X107.57 Y127.668 E2.8533
;WIDTH:0.45
G1 X107.812 Y127.851 E2.86789
G1 X110.135 Y130.174 E3.0259
G1 X110.256 Y129.75 E3.04711
G1 X108.449 Y127.942 E3.17005
G1 X108.973 Y127.774 E3.19652
G1 X109.291 Y127.506 E3.21652
G1 X109.544 Y127.041 E3.24198
G1 X110.916 Y127.432 E3.3106
G1 X110.377 Y129.325 E3.40527
G1 X109.002 Y127.95 E3.4988
G1 X109.465 Y127.868 E3.52142
G1 X109.549 Y127.793 E3.52684
G1 X109.742 Y127.499 E3.54376
G1 X110.439 Y127.697 E3.57861
G1 X110.186 Y128.589 E3.6232
G1 X109.602 Y128.004 E3.66296
M106 S112.2
;LAYER_CHANGE
;Z:4.25
;HEIGHT:0.3
G1 Z4.25 F7800
G1 E1.66296 F2400
G92 E0
G1 X109.602 Y128.004 F7800
G92 E0
G1 X120.079 Y92.407
G1 E2 F2400
;TYPE:Support material
;WIDTH:0.35
G1 F3600
G1 X119.866 Y92.405 E2.00759
G1 X119.983 Y92.268 E2.01401
G1 X120.242 Y91.526 E2.04201
G1 X120.191 Y91.22 E2.05306
G1 X119.914 Y90.761 E2.07216
G1 X120.437 Y90.952 E2.09199
G1 X121.035 Y91.52 E2.12137
G1 X121.555 Y91.708 E2.14107
G1 X122.082 Y91.795 E2.1601
G1 X122.738 Y92.116 E2.18612
G1 X123.246 Y92.016 E2.20456
G1 X123.884 Y92.116 E2.22757
G1 X124.305 Y92.408 E2.24582
G1 X124.468 Y92.665 E2.25666
G1 X124.51 Y93.221 E2.27652
G1 X124.172 Y93.684 E2.29694
G1 X123.871 Y93.825 E2.30878
G1 X123.494 Y93.857 E2.32226
G1 X123.025 Y93.728 E2.33959
G1 X122.098 Y93.065 E2.38019
G1 X121.45 Y92.878 E2.40422
G1 X121.23 Y92.741 E2.41345
G1 X120.628 Y92.573 E2.43572
G1 X120.11 Y92.757 E2.4553
G1 X119.581 Y92.719 E2.47419
G1 X119.323 Y92.599 E2.48433
G1 X119.674 Y92.091 E2.50633
G1 X119.882 Y91.495 E2.52882
G1 X119.813 Y91.083 E2.5437
G1 X119.871 Y90.757 E2.5555
G1 X119.871 Y90.757 F7800
G1 X120.071 Y90.425
G1 F3600
G1 X120.63 Y90.657 E2.57706
G1 X121.228 Y91.218 E2.60627
G1 X121.621 Y91.36 E2.62116
G1 X122.205 Y91.466 E2.6423
G1 X122.786 Y91.75 E2.66534
G1 X123.212 Y91.666 E2.68081
G1 X123.702 Y91.69 E2.69829
G1 X124.288 Y91.935 E2.72092
G1 X124.692 Y92.359 E2.74178
G1 X124.892 Y92.924 E2.76313
G1 X124.852 Y93.317 E2.7772
G1 X124.68 Y93.675 E2.79135
G1 X124.199 Y94.065 E2.81341
G1 X123.923 Y94.172 E2.82396
G1 X123.463 Y94.206 E2.84039
G1 X122.88 Y94.049 E2.8619
G1 X121.959 Y93.39 E2.90224
G1 X121.307 Y93.201 E2.92642
G1 X121.088 Y93.065 E2.9356
G1 X120.663 Y92.947 E2.95131
G1 X120.348 Y93.073 E2.9634
G1 X119.726 Y93.104 E2.98559
G1 X119.23 Y92.942 E3.00418
G1 X119.072 Y92.77 E3.0125
G1 X119.021 Y92.58 E3.01951
G1 X119.058 Y92.354 E3.02767
G1 X119.365 Y91.915 E3.04675
G1 X119.522 Y91.465 E3.06373
G1 X119.468 Y90.852 E3.08565
G1 X119.679 Y90.483 E3.10079
G1 X120.028 Y90.421 E3.11342
G1 E1.11342 F2400
G92 E0
G1 X120.028 Y90.421 F7800
G1 X113.552 Y92.464
G1 E2 F2400
;TYPE:Perimeter
;WIDTH:0.45
G1 F900
G1 X111.621 Y91.915 E2.09656
G1 X111.709 Y91.608 E2.11192
G1 X111.74 Y91.245 E2.12944
G1 X111.659 Y90.946 E2.14434
G1 X111.509 Y90.712 E2.15771
G1 X111.321 Y90.545 E2.1698
G1 X111.046 Y90.417 E2.18439
G1 X101.393 Y87.669 E2.66711
G1 X102.028 Y85.437 E2.77872
G1 X111.682 Y88.174 E3.26134
G1 X111.985 Y88.21 E3.27602
G1 X112.233 Y88.168 E3.28812
G1 X112.482 Y88.049 E3.30139
G1 X112.707 Y87.841 E3.31613
G1 X112.874 Y87.511 E3.33392
G1 X112.959 Y87.213 E3.34882
G1 X114.89 Y87.763 E3.44539
G1 X113.569 Y92.407 E3.67761
G1 X113.569 Y92.407 F7800
G1 X113.937 Y92.975
G1 F900
G1 X111.287 Y92.221 E3.81012
G1 X111.186 Y92.034 E3.82034
G1 X111.338 Y91.502 E3.84695
G1 X111.357 Y91.285 E3.85743
G1 X111.308 Y91.105 E3.8664
G1 X111.105 Y90.864 E3.88156
G1 X110.94 Y90.788 E3.8903
G1 X101.06 Y87.976 E4.38437
G1 X100.959 Y87.786 E4.39472
G1 X101.719 Y85.114 E4.52833
G1 X101.908 Y85.002 E4.5389
G1 X111.788 Y87.803 E5.03282
G1 X111.97 Y87.825 E5.04164
G1 X112.268 Y87.728 E5.05671
G1 X112.403 Y87.603 E5.06556
G1 X112.503 Y87.405 E5.07623
G1 X112.653 Y86.879 E5.10254
G1 X112.834 Y86.777 E5.11253
G1 X115.464 Y87.525 E5.24404
G1 X115.333 Y87.614 E5.25166
G1 X113.852 Y92.821 E5.51203
G1 X113.908 Y92.922 E5.51758
G1 X113.908 Y92.922 F7800
G1 X114.294 Y93.043
;TYPE:External perimeter
G1 F1800
G1 X114.36 Y93.148 E5.52354
;WIDTH:0.415798
G1 X120.559 Y94.912 E5.80603
G1 X120.795 Y95.345 E5.82764
G1 X114.264 Y93.486 E6.12527
;WIDTH:0.45
G1 X113.592 Y93.278 E6.1591
G1 X111.024 Y92.547 E6.28752
G1 X110.773 Y92.079 E6.31306
G1 X110.967 Y91.397 E6.34716
G1 X110.957 Y91.264 E6.35357
G1 X110.834 Y91.159 E6.36135
G1 X100.796 Y88.302 E6.86332
G1 X100.545 Y87.83 E6.88903
G1 X101.39 Y84.86 E7.03755
G1 X101.854 Y84.586 E7.06347
G1 X111.893 Y87.432 E7.56534
G1 X112.054 Y87.407 E7.57318
G1 X112.133 Y87.3 E7.57958
G1 X112.325 Y86.622 E7.61347
G1 X112.784 Y86.362 E7.63884
G1 X115.355 Y87.093 E7.7674
G1 X116.033 Y87.267 E7.80107
;WIDTH:0.414143
G1 X122.556 Y89.123 E8.09693
G1 X122.136 Y89.367 E8.11812
G1 X115.937 Y87.604 E8.39927
;WIDTH:0.45
G1 X115.704 Y87.719 E8.41177
G1 X114.222 Y92.927 E8.6722
G1 X114.263 Y92.992 E8.6759
G1 X114.6 Y93.208 F7800
G1 E6.6759 F2400
G92 E0
G1 X102.227 Y85.794 F7800
G1 E2 F2400
;TYPE:Solid infill
G1 F1200
G1 X111.692 Y88.473 E2.47312
G1 X111.973 Y88.498 E2.48669
G1 X112.294 Y88.449 E2.50231
G1 X112.617 Y88.303 E2.51936
G1 X112.932 Y88.019 E2.53976
G1 X113.158 Y87.571 E2.56389
G1 X114.533 Y87.962 E2.63264
G1 X113.353 Y92.107 E2.83992
G1 X111.999 Y91.722 E2.90762
G1 X112.027 Y91.25 E2.93036
G1 X111.932 Y90.855 E2.9499
G1 X111.743 Y90.545 E2.96736
G1 X111.501 Y90.321 E2.98322
G1 X111.211 Y90.168 E2.99899
G1 X101.75 Y87.47 E3.47217
G1 X102.174 Y85.979 E3.54673
G1 X102.492 Y86.27 E3.56746
G1 X111.587 Y88.844 E4.02208
G1 X111.944 Y88.883 E4.03935
G1 X112.359 Y88.829 E4.05948
G1 X112.783 Y88.651 E4.0816
G1 X113.174 Y88.325 E4.10608
G1 X113.363 Y88.03 E4.12293
G1 X114.056 Y88.227 E4.15758
G1 X113.088 Y91.631 E4.32779
G1 X112.398 Y91.434 E4.3623
G1 X112.41 Y91.174 E4.37482
G1 X112.304 Y90.754 E4.39565
G1 X112.068 Y90.337 E4.4187
G1 X111.757 Y90.032 E4.43965
G1 X111.317 Y89.797 E4.46364
G1 X102.226 Y87.205 E4.91831
G1 X102.44 Y86.455 E4.95582
G1 X102.714 Y86.734 E4.97463
;WIDTH:0.358256
G1 X102.646 Y86.972 E4.9837
G1 X102.787 Y87.012 E4.98907
;WIDTH:0.366868
G1 X111.411 Y89.466 E5.32735
;WIDTH:0.408434
G1 X111.614 Y89.538 E5.33659
;WIDTH:0.45
G1 X111.818 Y89.609 E5.34698
G1 X112.22 Y89.927 E5.37163
G1 X112.557 Y90.385 E5.39898
G1 X112.765 Y90.982 E5.42939
G1 X112.806 Y91.149 E5.43766
G1 X112.964 Y90.655 E5.46261
G1 X113.58 Y88.492 E5.57078
G1 X113.54 Y88.494 E5.57271
G1 X113.189 Y88.836 E5.59628
G1 X112.676 Y89.129 E5.62469
G1 X112.151 Y89.256 E5.65067
G1 X111.674 Y89.23 E5.67365
;WIDTH:0.412195
G1 X111.494 Y89.175 E5.68182
;WIDTH:0.366868
G1 X102.868 Y86.729 E6.02009
G1 E4.02009 F2400
G92 E0
G1 X102.868 Y86.729 F7800
G1 X112.367 Y89.581
G1 E2 F2400
;WIDTH:0.391746
G1 F1200
G1 X112.485 Y89.56 E2.00489
G1 X112.953 Y89.392 E2.02519
G1 X112.766 Y90.05 E2.05312
G1 X112.693 Y89.936 E2.05865
G1 X112.497 Y89.723 E2.07047
G1 E.07047 F2400
G92 E0
G1 X112.497 Y89.723 F7800
G92 E0
G1 X116.452 Y104.887
G1 E2 F2400
;TYPE:Support material
;WIDTH:0.35
G1 F3600
G1 X116.239 Y104.886 E2.00759
G1 X116.355 Y104.749 E2.01398
G1 X116.615 Y104.007 E2.04199
G1 X116.563 Y103.7 E2.05308
G1 X116.287 Y103.242 E2.07213
G1 X116.81 Y103.432 E2.09195
G1 X117.408 Y104.001 E2.12136
G1 X117.928 Y104.189 E2.14106
G1 X118.455 Y104.276 E2.16009
G1 X119.111 Y104.597 E2.18611
G1 X119.619 Y104.497 E2.20455
G1 X120.257 Y104.597 E2.22756
G1 X120.678 Y104.889 E2.24581
G1 X120.841 Y105.146 E2.25665
G1 X120.883 Y105.701 E2.27648
G1 X120.545 Y106.164 E2.2969
G1 X120.244 Y106.306 E2.30876
G1 X119.866 Y106.338 E2.32227
G1 X119.398 Y106.209 E2.33956
G1 X118.47 Y105.546 E2.38019
G1 X117.823 Y105.359 E2.40418
G1 X117.603 Y105.222 E2.41341
G1 X117 Y105.054 E2.43571
G1 X116.483 Y105.238 E2.45526
G1 X115.954 Y105.2 E2.47415
G1 X115.696 Y105.08 E2.48429
G1 X116.046 Y104.572 E2.50627
G1 X116.255 Y103.976 E2.52877
G1 X116.185 Y103.564 E2.54366
G1 X116.244 Y103.238 E2.55546
G1 X116.244 Y103.238 F7800
G1 X116.444 Y102.905
G1 F3600
G1 X117.003 Y103.138 E2.57703
G1 X117.601 Y103.699 E2.60624
G1 X117.994 Y103.841 E2.62113
G1 X118.578 Y103.946 E2.64227
G1 X119.159 Y104.231 E2.66532
G1 X119.585 Y104.147 E2.68079
G1 X120.075 Y104.171 E2.69827
G1 X120.661 Y104.416 E2.7209
G1 X121.065 Y104.84 E2.74176
G1 X121.264 Y105.405 E2.7631
G1 X121.225 Y105.798 E2.77717
G1 X121.052 Y106.156 E2.79133
G1 X120.572 Y106.546 E2.81336
G1 X120.296 Y106.652 E2.82389
G1 X119.836 Y106.687 E2.84032
G1 X119.252 Y106.529 E2.86187
G1 X118.331 Y105.87 E2.90221
G1 X117.68 Y105.681 E2.92636
G1 X117.461 Y105.546 E2.93552
G1 X117.035 Y105.427 E2.95128
G1 X116.721 Y105.554 E2.96335
G1 X116.098 Y105.585 E2.98557
G1 X115.603 Y105.423 E3.00412
G1 X115.445 Y105.251 E3.01244
G1 X115.393 Y105.061 E3.01946
G1 X115.431 Y104.835 E3.02762
G1 X115.737 Y104.395 E3.04671
G1 X115.895 Y103.946 E3.06367
G1 X115.841 Y103.332 E3.08563
G1 X116.052 Y102.964 E3.10074
G1 X116.401 Y102.901 E3.11337
G1 E1.11337 F2400
G92 E0
G1 X116.401 Y102.901 F7800
G1 X109.925 Y104.945
G1 E2 F2400
;TYPE:Perimeter
;WIDTH:0.45
G1 F900
G1 X107.994 Y104.396 E2.09656
G1 X108.081 Y104.089 E2.11191
G1 X108.113 Y103.726 E2.12944
G1 X108.032 Y103.427 E2.14434
G1 X107.882 Y103.193 E2.15771
G1 X107.693 Y103.026 E2.16984
G1 X107.419 Y102.898 E2.18439
G1 X97.765 Y100.15 E2.66716
G1 X98.401 Y97.918 E2.77878
G1 X108.055 Y100.655 E3.2614
G1 X108.358 Y100.691 E3.27608
G1 X108.606 Y100.648 E3.28819
G1 X108.854 Y100.53 E3.3014
G1 X109.079 Y100.322 E3.31614
G1 X109.247 Y99.992 E3.33395
G1 X109.332 Y99.694 E3.34885
G1 X111.263 Y100.244 E3.44542
G1 X109.941 Y104.887 E3.67761
G1 X109.941 Y104.887 F7800
G1 X110.31 Y105.456
G1 F900
G1 X107.66 Y104.702 E3.81012
G1 X107.559 Y104.515 E3.82034
G1 X107.711 Y103.983 E3.84695
G1 X107.73 Y103.765 E3.85747
G1 X107.681 Y103.586 E3.8664
G1 X107.478 Y103.345 E3.88156
G1 X107.313 Y103.269 E3.8903
G1 X97.432 Y100.456 E4.38443
G1 X97.331 Y100.267 E4.39474
G1 X98.092 Y97.595 E4.52836
G1 X98.281 Y97.483 E4.53893
G1 X108.16 Y100.284 E5.0328
G1 X108.342 Y100.306 E5.04162
G1 X108.641 Y100.209 E5.05674
G1 X108.776 Y100.084 E5.06559
G1 X108.876 Y99.886 E5.07626
G1 X109.026 Y99.36 E5.10257
G1 X109.206 Y99.258 E5.11252
G1 X111.837 Y100.006 E5.24408
G1 X111.706 Y100.095 E5.2517
G1 X110.224 Y105.302 E5.51208
G1 X110.281 Y105.403 E5.51766
G1 X110.281 Y105.403 F7800
G1 X110.667 Y105.524
;TYPE:External perimeter
G1 F1800
G1 X110.733 Y105.629 E5.52362
;WIDTH:0.415798
G1 X116.932 Y107.393 E5.80611
G1 X117.168 Y107.826 E5.82772
G1 X110.636 Y105.967 E6.12539
;WIDTH:0.45
G1 X109.965 Y105.758 E6.15919
G1 X107.397 Y105.028 E6.2876
G1 X107.146 Y104.56 E6.31314
G1 X107.34 Y103.878 E6.34724
G1 X107.33 Y103.745 E6.35365
G1 X107.207 Y103.639 E6.36146
G1 X97.169 Y100.782 E6.86343
G1 X96.918 Y100.311 E6.8891
G1 X97.763 Y97.341 E7.03762
G1 X98.227 Y97.067 E7.06354
G1 X108.266 Y99.913 E7.56541
G1 X108.427 Y99.888 E7.57325
G1 X108.505 Y99.781 E7.57962
G1 X108.698 Y99.103 E7.61352
G1 X109.156 Y98.842 E7.63887
G1 X111.728 Y99.574 E7.76749
G1 X112.406 Y99.748 E7.80116
;WIDTH:0.414143
G1 X118.929 Y101.604 E8.09702
G1 X118.509 Y101.848 E8.11821
G1 X112.31 Y100.085 E8.39936
;WIDTH:0.45
G1 X112.077 Y100.2 E8.41186
G1 X110.595 Y105.407 E8.67224
G1 X110.636 Y105.473 E8.67598
G1 X110.972 Y105.688 F7800
G1 E6.67598 F2400
G92 E0
G1 X98.6 Y98.275 F7800
G1 E2 F2400
;TYPE:Solid infill
G1 F1200
G1 X108.065 Y100.954 E2.47312
G1 X108.346 Y100.979 E2.48669
G1 X108.667 Y100.93 E2.50231
G1 X108.99 Y100.784 E2.51936
G1 X109.305 Y100.5 E2.53976
G1 X109.531 Y100.051 E2.56394
G1 X110.905 Y100.443 E2.63266
G1 X109.726 Y104.588 E2.83993
G1 X108.372 Y104.202 E2.90765
G1 X108.4 Y103.731 E2.93034
G1 X108.305 Y103.336 E2.94988
G1 X108.116 Y103.026 E2.96734
G1 X107.874 Y102.801 E2.98323
G1 X107.584 Y102.649 E2.99898
G1 X98.123 Y99.951 E3.47216
G1 X98.547 Y98.46 E3.54672
G1 X98.865 Y98.751 E3.56745
G1 X107.96 Y101.325 E4.02207
G1 X108.317 Y101.364 E4.03934
G1 X108.732 Y101.31 E4.05947
G1 X109.155 Y101.132 E4.08154
G1 X109.546 Y100.805 E4.10606
G1 X109.736 Y100.511 E4.1229
G1 X110.429 Y100.708 E4.15755
G1 X109.461 Y104.111 E4.32772
G1 X108.771 Y103.915 E4.36222
G1 X108.783 Y103.655 E4.37474
G1 X108.677 Y103.235 E4.39557
G1 X108.441 Y102.817 E4.41866
G1 X108.13 Y102.513 E4.43958
G1 X107.69 Y102.278 E4.46357
G1 X98.599 Y99.686 E4.91824
G1 X98.813 Y98.936 E4.95575
G1 X99.087 Y99.214 E4.97452
;WIDTH:0.358256
G1 X99.019 Y99.452 E4.98359
G1 X99.16 Y99.493 E4.98897
;WIDTH:0.366868
G1 X107.784 Y101.947 E5.32725
;WIDTH:0.408434
G1 X107.987 Y102.019 E5.33649
;WIDTH:0.45
G1 X108.19 Y102.09 E5.34683
G1 X108.593 Y102.408 E5.37152
G1 X108.93 Y102.866 E5.39887
G1 X109.138 Y103.463 E5.42928
G1 X109.179 Y103.63 E5.43755
G1 X109.337 Y103.136 E5.4625
G1 X109.953 Y100.973 E5.57067
G1 X109.913 Y100.975 E5.5726
G1 X109.562 Y101.317 E5.59617
G1 X109.049 Y101.61 E5.62458
G1 X108.524 Y101.737 E5.65056
G1 X108.047 Y101.711 E5.67354
;WIDTH:0.412195
G1 X107.866 Y101.656 E5.68175
;WIDTH:0.366868
G1 X99.24 Y99.21 E6.02002
G1 E4.02002 F2400
G92 E0
G1 X99.24 Y99.21 F7800
G1 X108.739 Y102.062
G1 E2 F2400
;WIDTH:0.391746
G1 F1200
G1 X108.858 Y102.041 E2.00493
G1 X109.326 Y101.873 E2.02523
G1 X109.139 Y102.531 E2.05316
G1 X109.065 Y102.417 E2.05871
G1 X108.87 Y102.204 E2.0705
G1 E.0705 F2400
G92 E0
G1 X108.87 Y102.204 F7800
G92 E0
G1 X116.452 Y118.4
G1 E2 F2400
;TYPE:Support material
;WIDTH:0.35
G1 F3600
G1 X116.239 Y118.399 E2.00759
G1 X116.355 Y118.262 E2.01398
G1 X116.615 Y117.52 E2.04199
G1 X116.563 Y117.213 E2.05308
G1 X116.287 Y116.755 E2.07213
G1 X116.81 Y116.945 E2.09195
G1 X117.408 Y117.514 E2.12136
G1 X117.928 Y117.702 E2.14106
G1 X118.455 Y117.789 E2.16009
G1 X119.111 Y118.11 E2.18611
G1 X119.619 Y118.01 E2.20455
G1 X120.257 Y118.11 E2.22756
G1 X120.678 Y118.402 E2.24581
G1 X120.841 Y118.659 E2.25665
G1 X120.883 Y119.214 E2.27648
G1 X120.545 Y119.677 E2.2969
G1 X120.244 Y119.819 E2.30876
G1 X119.866 Y119.851 E2.32227
G1 X119.398 Y119.722 E2.33956
G1 X118.47 Y119.059 E2.38019
G1 X117.823 Y118.872 E2.40418
G1 X117.603 Y118.735 E2.41341
G1 X117 Y118.567 E2.43571
G1 X116.483 Y118.751 E2.45526
G1 X115.954 Y118.713 E2.47415
G1 X115.696 Y118.593 E2.48429
G1 X116.046 Y118.085 E2.50627
G1 X116.255 Y117.489 E2.52877
G1 X116.185 Y117.077 E2.54366
G1 X116.244 Y116.751 E2.55546
G1 X116.444 Y116.418 F7800
G1 F3600
G1 X117.003 Y116.651 E2.57703
G1 X117.601 Y117.212 E2.60624
G1 X117.994 Y117.354 E2.62113
G1 X118.578 Y117.459 E2.64227
G1 X119.159 Y117.744 E2.66532
G1 X119.585 Y117.66 E2.68079
G1 X120.075 Y117.684 E2.69827
G1 X120.661 Y117.929 E2.7209
G1 X121.065 Y118.353 E2.74176
G1 X121.264 Y118.918 E2.7631
G1 X121.225 Y119.311 E2.77717
G1 X121.052 Y119.669 E2.79133
G1 X120.572 Y120.059 E2.81336
G1 X120.296 Y120.165 E2.82389
G1 X119.836 Y120.2 E2.84032
G1 X119.252 Y120.042 E2.86187
G1 X118.331 Y119.383 E2.90221
G1 X117.68 Y119.194 E2.92636
G1 X117.461 Y119.059 E2.93552
G1 X117.035 Y118.94 E2.95128
G1 X116.721 Y119.067 E2.96335
G1 X116.098 Y119.098 E2.98557
G1 X115.603 Y118.936 E3.00412
G1 X115.445 Y118.764 E3.01244
G1 X115.393 Y118.574 E3.01946
G1 X115.431 Y118.347 E3.02766
G1 X115.737 Y117.908 E3.04672
G1 X115.895 Y117.458 E3.06371
G1 X115.841 Y116.845 E3.08563
G1 X116.052 Y116.477 E3.10074
G1 X116.401 Y116.414 E3.11337
G1 E1.11337 F2400
G92 E0
G1 X116.401 Y116.414 F7800
G1 X109.925 Y118.458
G1 E2 F2400
;TYPE:Perimeter
;WIDTH:0.45
G1 F900
G1 X107.994 Y117.909 E2.09656
G1 X108.081 Y117.601 E2.11195
G1 X108.113 Y117.239 E2.12943
G1 X108.032 Y116.939 E2.14438
G1 X107.882 Y116.706 E2.15771
G1 X107.693 Y116.538 E2.16987
G1 X107.419 Y116.411 E2.1844
G1 X97.765 Y113.663 E2.66717
G1 X98.401 Y111.431 E2.77879
G1 X108.055 Y114.168 E3.26141
G1 X108.358 Y114.204 E3.27609
G1 X108.606 Y114.161 E3.2882
G1 X108.854 Y114.043 E3.30141
G1 X109.079 Y113.834 E3.31618
G1 X109.247 Y113.505 E3.33395
G1 X109.332 Y113.207 E3.34885
G1 X111.263 Y113.756 E3.44541
G1 X109.941 Y118.4 E3.67764
G1 X109.941 Y118.4 F7800
G1 X110.31 Y118.969
G1 F900
G1 X107.66 Y118.214 E3.81017
G1 X107.559 Y118.028 E3.82035
G1 X107.711 Y117.496 E3.84696
G1 X107.73 Y117.278 E3.85748
G1 X107.681 Y117.099 E3.86641
G1 X107.478 Y116.858 E3.88157
G1 X107.313 Y116.781 E3.89033
G1 X97.432 Y113.969 E4.38444
G1 X97.331 Y113.779 E4.39479
G1 X98.092 Y111.108 E4.52837
G1 X98.281 Y110.996 E4.53894
G1 X108.16 Y113.797 E5.03281
G1 X108.342 Y113.819 E5.04163
G1 X108.641 Y113.722 E5.05675
G1 X108.776 Y113.597 E5.0656
G1 X108.876 Y113.399 E5.07627
G1 X109.026 Y112.873 E5.10258
G1 X109.206 Y112.77 E5.11255
G1 X111.837 Y113.519 E5.24412
G1 X111.706 Y113.607 E5.25171
G1 X110.224 Y118.815 E5.51214
G1 X110.281 Y118.916 E5.51772
G1 X110.281 Y118.916 F7800
G1 X110.667 Y119.036
;TYPE:External perimeter
G1 F1800
G1 X110.733 Y119.142 E5.52373
;WIDTH:0.415798
G1 X116.932 Y120.906 E5.80622
G1 X117.168 Y121.338 E5.8278
G1 X110.636 Y119.48 E6.12546
;WIDTH:0.45
G1 X109.965 Y119.271 E6.15926
G1 X107.397 Y118.541 E6.28767
G1 X107.146 Y118.073 E6.31321
G1 X107.34 Y117.39 E6.34736
G1 X107.33 Y117.258 E6.35373
G1 X107.207 Y117.152 E6.36154
G1 X97.169 Y114.295 E6.86351
G1 X96.918 Y113.823 E6.88922
G1 X97.763 Y110.854 E7.03769
G1 X98.227 Y110.58 E7.06361
G1 X108.266 Y113.426 E7.56548
G1 X108.427 Y113.401 E7.57332
G1 X108.505 Y113.293 E7.57973
G1 X108.698 Y112.616 E7.61359
G1 X109.156 Y112.355 E7.63894
G1 X111.728 Y113.087 E7.76756
G1 X112.406 Y113.261 E7.80123
;WIDTH:0.414143
G1 X118.929 Y115.117 E8.09709
G1 X118.509 Y115.361 E8.11828
G1 X112.31 Y113.598 E8.39943
;WIDTH:0.45
G1 X112.077 Y113.713 E8.41193
G1 X110.595 Y118.92 E8.67231
G1 X110.636 Y118.985 E8.67601
G1 X110.972 Y119.201 F7800
G1 E6.67601 F2400
G92 E0
G1 X98.6 Y111.788 F7800
G1 E2 F2400
;TYPE:Solid infill
G1 F1200
G1 X108.065 Y114.467 E2.47312
G1 X108.346 Y114.492 E2.48669
G1 X108.667 Y114.443 E2.50231
G1 X108.99 Y114.297 E2.51936
G1 X109.305 Y114.013 E2.53976
G1 X109.531 Y113.564 E2.56394
G1 X110.905 Y113.955 E2.63265
G1 X109.726 Y118.101 E2.83996
G1 X108.372 Y117.715 E2.90768
G1 X108.4 Y117.244 E2.93037
G1 X108.305 Y116.849 E2.94991
G1 X108.116 Y116.539 E2.96737
G1 X107.874 Y116.314 E2.98326
G1 X107.584 Y116.161 E2.99903
G1 X98.123 Y113.464 E3.4722
G1 X98.547 Y111.973 E3.54676
G1 X98.865 Y112.264 E3.56749
G1 X107.96 Y114.838 E4.02211
G1 X108.317 Y114.876 E4.03938
G1 X108.732 Y114.823 E4.0595
G1 X109.155 Y114.645 E4.08157
G1 X109.546 Y114.318 E4.10609
G1 X109.736 Y114.024 E4.12293
G1 X110.429 Y114.221 E4.15758
G1 X109.461 Y117.624 E4.32775
G1 X108.771 Y117.428 E4.36225
G1 X108.783 Y117.168 E4.37477
G1 X108.677 Y116.748 E4.3956
G1 X108.441 Y116.33 E4.41869
G1 X108.13 Y116.026 E4.43961
G1 X107.69 Y115.791 E4.4636
G1 X98.599 Y113.199 E4.91827
G1 X98.812 Y112.449 E4.95577
G1 X99.087 Y112.727 E4.97458
;WIDTH:0.358256
G1 X99.019 Y112.965 E4.98365
G1 X99.16 Y113.006 E4.98903
;WIDTH:0.366868
G1 X107.784 Y115.46 E5.32731
;WIDTH:0.408434
G1 X107.987 Y115.531 E5.33654
;WIDTH:0.45
G1 X108.19 Y115.603 E5.3469
G1 X108.593 Y115.921 E5.37159
G1 X108.93 Y116.379 E5.39894
G1 X109.138 Y116.975 E5.4293
G1 X109.179 Y117.143 E5.43762
G1 X109.337 Y116.649 E5.46257
G1 X109.953 Y114.486 E5.57074
G1 X109.913 Y114.488 E5.57267
G1 X109.562 Y114.83 E5.59624
G1 X109.049 Y115.123 E5.62465
G1 X108.524 Y115.25 E5.65063
G1 X108.047 Y115.224 E5.67361
;WIDTH:0.412195
G1 X107.866 Y115.169 E5.68182
;WIDTH:0.366868
G1 X99.24 Y112.723 E6.02009
G1 E4.02009 F2400
G92 E0
G1 X99.24 Y112.723 F7800
G1 X108.739 Y115.574
G1 E2 F2400
;WIDTH:0.391746
G1 F1200
G1 X108.858 Y115.554 E2.00493
G1 X109.326 Y115.386 E2.02523
G1 X109.139 Y116.044 E2.05316
G1 X109.065 Y115.93 E2.05871
G1 X108.87 Y115.716 E2.07053
G1 E.07053 F2400
G92 E0
G1 X108.87 Y115.716 F7800
G92 E0
G1 X116.452 Y131.913
G1 E2 F2400
;TYPE:Support material
;WIDTH:0.35
G1 F3600
G1 X116.239 Y131.912 E2.00759
G1 X116.355 Y131.775 E2.01398
G1 X116.615 Y131.032 E2.04202
G1 X116.563 Y130.726 E2.05308
G1 X116.287 Y130.268 E2.07213
G1 X116.81 Y130.458 E2.09195
G1 X117.408 Y131.027 E2.12136
G1 X117.928 Y131.215 E2.14106
G1 X118.455 Y131.301 E2.16008
G1 X119.111 Y131.623 E2.18611
G1 X119.619 Y131.523 E2.20455
G1 X120.257 Y131.622 E2.22755
G1 X120.678 Y131.915 E2.24582
G1 X120.841 Y132.172 E2.25666
G1 X120.883 Y132.727 E2.27649
G1 X120.545 Y133.19 E2.29691
G1 X120.244 Y133.332 E2.30877
G1 X119.866 Y133.364 E2.32228
G1 X119.398 Y133.235 E2.33957
G1 X118.47 Y132.572 E2.3802
G1 X117.823 Y132.384 E2.4042
G1 X117.603 Y132.248 E2.41341
G1 X117 Y132.08 E2.43571
G1 X116.483 Y132.263 E2.45525
G1 X115.954 Y132.226 E2.47414
G1 X115.696 Y132.106 E2.48428
G1 X116.046 Y131.598 E2.50626
G1 X116.255 Y131.002 E2.52876
G1 X116.185 Y130.59 E2.54365
G1 X116.244 Y130.264 E2.55545
G1 X116.444 Y129.931 F7800
G1 F3600
G1 X117.003 Y130.164 E2.57702
G1 X117.601 Y130.725 E2.60623
G1 X117.994 Y130.867 E2.62112
G1 X118.578 Y130.972 E2.64226
G1 X119.159 Y131.257 E2.66531
G1 X119.585 Y131.173 E2.68078
G1 X120.075 Y131.196 E2.69825
G1 X120.661 Y131.442 E2.72089
G1 X121.065 Y131.866 E2.74175
G1 X121.264 Y132.431 E2.76309
G1 X121.225 Y132.823 E2.77712
G1 X121.052 Y133.182 E2.79132
G1 X120.572 Y133.571 E2.81333
G1 X120.296 Y133.678 E2.82388
G1 X119.836 Y133.713 E2.84031
G1 X119.252 Y133.555 E2.86186
G1 X118.331 Y132.896 E2.9022
G1 X117.68 Y132.707 E2.92635
G1 X117.461 Y132.572 E2.93551
G1 X117.035 Y132.453 E2.95127
G1 X116.721 Y132.58 E2.96334
G1 X116.098 Y132.611 E2.98556
G1 X115.603 Y132.448 E3.00413
G1 X115.445 Y132.276 E3.01245
G1 X115.393 Y132.087 E3.01943
G1 X115.431 Y131.86 E3.02763
G1 X115.737 Y131.421 E3.04669
G1 X115.895 Y130.971 E3.06368
G1 X115.841 Y130.358 E3.0856
G1 X116.052 Y129.99 E3.10071
G1 X116.401 Y129.927 E3.11334
G1 E1.11334 F2400
G92 E0
G1 X116.401 Y129.927 F7800
G1 X109.925 Y131.971
G1 E2 F2400
;TYPE:Perimeter
;WIDTH:0.45
G1 F900
G1 X107.994 Y131.422 E2.09656
G1 X108.081 Y131.114 E2.11195
G1 X108.113 Y130.751 E2.12948
G1 X108.032 Y130.452 E2.14438
G1 X107.882 Y130.219 E2.15771
G1 X107.693 Y130.051 E2.16987
G1 X107.419 Y129.924 E2.1844
G1 X97.765 Y127.176 E2.66717
G1 X98.401 Y124.944 E2.77879
G1 X108.055 Y127.681 E3.26141
G1 X108.358 Y127.717 E3.27609
G1 X108.606 Y127.674 E3.2882
G1 X108.854 Y127.556 E3.30141
G1 X109.079 Y127.347 E3.31618
G1 X109.247 Y127.017 E3.33399
G1 X109.332 Y126.72 E3.34885
G1 X111.263 Y127.269 E3.44541
G1 X109.941 Y131.913 E3.67764
G1 X109.941 Y131.913 F7800
G1 X110.31 Y132.481
G1 F900
G1 X107.66 Y131.727 E3.81015
G1 X107.559 Y131.541 E3.82033
G1 X107.711 Y131.009 E3.84694
G1 X107.73 Y130.791 E3.85746
G1 X107.681 Y130.612 E3.86639
G1 X107.478 Y130.371 E3.88155
G1 X107.313 Y130.294 E3.89031
G1 X97.432 Y127.482 E4.38442
G1 X97.331 Y127.292 E4.39477
G1 X98.092 Y124.621 E4.52835
G1 X98.281 Y124.509 E4.53892
G1 X108.16 Y127.31 E5.03279
G1 X108.342 Y127.332 E5.04161
G1 X108.641 Y127.235 E5.05673
G1 X108.776 Y127.11 E5.06558
G1 X108.876 Y126.912 E5.07625
G1 X109.026 Y126.386 E5.10256
G1 X109.206 Y126.283 E5.11253
G1 X111.837 Y127.032 E5.2441
G1 X111.706 Y127.12 E5.25169
G1 X110.224 Y132.328 E5.51212
G1 X110.281 Y132.429 E5.5177
G1 X110.281 Y132.429 F7800
G1 X110.667 Y132.549
;TYPE:External perimeter
G1 F1800
G1 X110.733 Y132.655 E5.52371
;WIDTH:0.415798
G1 X116.932 Y134.419 E5.8062
G1 X117.168 Y134.851 E5.82778
G1 X110.636 Y132.993 E6.12544
;WIDTH:0.45
G1 X109.965 Y132.784 E6.15924
G1 X107.397 Y132.054 E6.28765
G1 X107.146 Y131.586 E6.31319
G1 X107.34 Y130.903 E6.34734
G1 X107.33 Y130.771 E6.35371
G1 X107.207 Y130.665 E6.36152
G1 X97.169 Y127.808 E6.86349
G1 X96.918 Y127.336 E6.8892
G1 X97.763 Y124.367 E7.03767
G1 X98.227 Y124.093 E7.06359
G1 X108.266 Y126.939 E7.56546
G1 X108.427 Y126.914 E7.5733
G1 X108.505 Y126.806 E7.57971
G1 X108.698 Y126.129 E7.61357
G1 X109.156 Y125.868 E7.63892
G1 X111.728 Y126.6 E7.76754
G1 X112.406 Y126.774 E7.80121
;WIDTH:0.414143
G1 X118.929 Y128.63 E8.09707
G1 X118.509 Y128.874 E8.11826
G1 X112.31 Y127.11 E8.39942
;WIDTH:0.45
G1 X112.077 Y127.226 E8.41194
G1 X110.595 Y132.433 E8.67232
G1 X110.636 Y132.498 E8.67602
G1 X110.972 Y132.714 F7800
G1 E6.67602 F2400
G92 E0
G1 X98.6 Y125.301 F7800
G1 E2 F2400
;TYPE:Solid infill
G1 F1200
G1 X108.065 Y127.98 E2.47312
G1 X108.346 Y128.005 E2.48669
G1 X108.667 Y127.956 E2.50231
G1 X108.99 Y127.81 E2.51936
G1 X109.305 Y127.526 E2.53976
G1 X109.531 Y127.077 E2.56394
G1 X110.905 Y127.468 E2.63265
G1 X109.726 Y131.614 E2.83996
G1 X108.372 Y131.228 E2.90768
G1 X108.4 Y130.757 E2.93037
G1 X108.305 Y130.362 E2.94991
G1 X108.116 Y130.051 E2.96741
G1 X107.874 Y129.827 E2.98327
G1 X107.584 Y129.674 E2.99904
G1 X98.123 Y126.977 E3.47221
G1 X98.547 Y125.486 E3.54677
G1 X98.865 Y125.777 E3.5675
G1 X107.96 Y128.351 E4.02212
G1 X108.317 Y128.389 E4.03939
G1 X108.732 Y128.336 E4.05951
G1 X109.155 Y128.158 E4.08158
G1 X109.546 Y127.831 E4.1061
G1 X109.736 Y127.537 E4.12294
G1 X110.429 Y127.734 E4.15759
G1 X109.461 Y131.137 E4.32776
G1 X108.771 Y130.941 E4.36226
G1 X108.783 Y130.681 E4.37478
G1 X108.677 Y130.261 E4.39561
G1 X108.441 Y129.843 E4.4187
G1 X108.13 Y129.538 E4.43965
G1 X107.69 Y129.304 E4.46362
G1 X98.599 Y126.712 E4.91829
G1 X98.812 Y125.962 E4.95579
G1 X99.087 Y126.24 E4.9746
;WIDTH:0.358256
G1 X99.019 Y126.478 E4.98367
G1 X99.16 Y126.518 E4.98904
;WIDTH:0.366868
G1 X107.784 Y128.973 E5.32733
;WIDTH:0.408434
G1 X107.987 Y129.044 E5.33656
;WIDTH:0.45
G1 X108.19 Y129.116 E5.34692
G1 X108.593 Y129.434 E5.37161
G1 X108.93 Y129.892 E5.39896
G1 X109.138 Y130.488 E5.42932
G1 X109.179 Y130.656 E5.43764
G1 X109.337 Y130.162 E5.46259
G1 X109.953 Y127.999 E5.57076
G1 X109.913 Y128 E5.57268
G1 X109.562 Y128.343 E5.59628
G1 X109.049 Y128.636 E5.62469
G1 X108.524 Y128.763 E5.65067
G1 X108.047 Y128.737 E5.67365
;WIDTH:0.412195
G1 X107.866 Y128.682 E5.68186
;WIDTH:0.366868
G1 X99.24 Y126.236 E6.02013
G1 E4.02013 F2400
G92 E0
G1 X99.24 Y126.236 F7800
G1 X108.739 Y129.087
G1 E2 F2400
;WIDTH:0.391746
G1 F1200
G1 X108.858 Y129.067 E2.00493
G1 X109.326 Y128.899 E2.02523
G1 X109.139 Y129.557 E2.05316
G1 X109.065 Y129.442 E2.05874
G1 X108.87 Y129.229 E2.07053
M106 S117.3
;LAYER_CHANGE
;Z:4.55
;HEIGHT:0.3
G1 Z4.55 F7800
G1 E.07053 F2400
G92 E0
G1 X108.87 Y129.229 F7800
G92 E0
G1 X120.186 Y92.099
G1 E2 F2400
;TYPE:Support material
;WIDTH:0.35
G1 F3600
G1 X120.212 Y91.294 E2.02869
G1 X119.71 Y90.537 E2.06105
G1 X120.086 Y90.698 E2.07562
G1 X120.409 Y90.969 E2.09064
G1 X120.799 Y91.512 E2.11446
G1 X121.309 Y91.855 E2.13635
G1 X121.91 Y91.954 E2.15805
G1 X122.195 Y92.128 E2.16995
G1 X122.806 Y92.202 E2.19188
G1 X123.323 Y92.132 E2.21047
G1 X123.672 Y92.239 E2.22347
G1 X123.937 Y92.416 E2.23482
G1 X124.128 Y92.674 E2.24626
G1 X124.17 Y93.139 E2.26289
G1 X123.834 Y93.534 E2.28136
G1 X123.324 Y93.624 E2.29981
G1 X122.794 Y93.459 E2.31958
G1 X122.584 Y93.286 E2.32927
G1 X122.414 Y92.982 E2.34168
G1 X121.22 Y92.524 E2.38724
G1 X120.612 Y92.428 E2.40917
G1 X119.794 Y92.753 E2.44053
G1 X119.092 Y92.729 E2.46555
G1 X119.442 Y92.295 E2.48541
G1 X119.838 Y92.037 E2.50225
G1 X119.86 Y91.331 E2.52741
G1 X119.671 Y90.52 E2.55708
G1 X119.671 Y90.52 F7800
G1 X119.916 Y90.244
G1 F3600
G1 X120.271 Y90.396 E2.57084
G1 X120.668 Y90.729 E2.5893
G1 X121.047 Y91.257 E2.61245
G1 X121.435 Y91.518 E2.62911
G1 X122.028 Y91.623 E2.65056
G1 X122.326 Y91.792 E2.66276
G1 X122.761 Y91.844 E2.67837
G1 X122.943 Y91.774 E2.68532
G1 X123.379 Y91.783 E2.70086
G1 X123.824 Y91.919 E2.71744
G1 X124.182 Y92.159 E2.73279
G1 X124.448 Y92.518 E2.74871
G1 X124.549 Y92.884 E2.76224
G1 X124.511 Y93.243 E2.7751
G1 X124.339 Y93.568 E2.7882
G1 X123.888 Y93.893 E2.808
G1 X123.292 Y93.974 E2.82943
G1 X122.618 Y93.766 E2.85456
G1 X122.298 Y93.491 E2.86959
G1 X122.166 Y93.257 E2.87916
G1 X121.766 Y93.085 E2.89467
G1 X121.471 Y93.054 E2.90524
G1 X121.108 Y92.861 E2.91989
G1 X120.675 Y92.792 E2.93551
G1 X120.159 Y93.035 E2.95583
G1 X119.603 Y93.129 E2.97592
G1 X119.19 Y93.075 E2.99076
G1 X118.941 Y92.935 E3.00094
G1 X118.831 Y92.761 E3.00827
G1 X118.89 Y92.406 E3.02109
G1 X119.223 Y92.02 E3.03925
G1 X119.494 Y91.844 E3.05076
G1 X119.509 Y91.378 E3.06737
G1 X119.359 Y90.831 E3.08758
G1 X119.398 Y90.478 E3.10023
G1 X119.515 Y90.304 E3.1077
G1 X119.873 Y90.243 E3.12064
G1 E1.12064 F2400
G92 E0
G1 X119.873 Y90.243 F7800
G1 X113.572 Y92.394
G1 E2 F2400
;TYPE:Perimeter
;WIDTH:0.45
G1 F900
G1 X111.641 Y91.845 E2.09656
G1 X111.737 Y91.51 E2.11332
G1 X111.77 Y91.164 E2.13004
G1 X111.7 Y90.876 E2.1443
G1 X111.564 Y90.646 E2.15715
G1 X111.371 Y90.462 E2.16998
G1 X111.074 Y90.319 E2.18583
G1 X101.423 Y87.564 E2.66855
G1 X102 Y85.536 E2.76996
G1 X111.651 Y88.286 E3.25262
G1 X111.98 Y88.321 E3.26853
G1 X112.241 Y88.266 E3.28136
G1 X112.48 Y88.14 E3.29435
G1 X112.692 Y87.93 E3.3087
G1 X112.842 Y87.623 E3.32513
G1 X112.941 Y87.277 E3.34244
G1 X114.872 Y87.827 E3.43901
G1 X113.589 Y92.336 E3.66449
G1 X113.589 Y92.336 F7800
G1 X113.969 Y92.908
G1 F900
G1 X111.307 Y92.151 E3.7976
G1 X111.207 Y91.963 E3.80784
G1 X111.366 Y91.404 E3.83579
G1 X111.386 Y91.196 E3.84584
G1 X111.344 Y91.024 E3.85436
G1 X111.146 Y90.776 E3.86962
G1 X110.968 Y90.69 E3.87913
G1 X101.101 Y87.873 E4.37266
G1 X100.995 Y87.657 E4.38423
G1 X101.683 Y85.239 E4.50514
G1 X101.892 Y85.105 E4.51708
G1 X111.757 Y87.915 E5.01043
G1 X111.954 Y87.936 E5.01996
G1 X112.254 Y87.828 E5.0353
G1 X112.381 Y87.701 E5.04394
G1 X112.472 Y87.517 E5.05381
G1 X112.632 Y86.952 E5.08205
G1 X112.82 Y86.842 E5.09253
G1 X115.461 Y87.594 E5.2246
G1 X115.31 Y87.696 E5.23336
G1 X113.875 Y92.739 E5.48554
G1 X113.94 Y92.856 E5.49198
G1 X113.94 Y92.856 F7800
G1 X114.317 Y92.961
;TYPE:External perimeter
G1 F1800
G1 X114.382 Y93.069 E5.49804
;WIDTH:0.421959
G1 X120.579 Y94.832 E5.78539
G1 X120.81 Y95.27 E5.80747
G1 X114.285 Y93.413 E6.11003
;WIDTH:0.45
G1 X111.045 Y92.477 E6.27224
G1 X110.793 Y92.008 E6.29785
G1 X110.995 Y91.299 E6.33331
G1 X110.987 Y91.172 E6.33943
G1 X110.862 Y91.06 E6.3475
G1 X100.831 Y88.197 E6.84922
G1 X100.584 Y87.694 E6.87617
G1 X101.352 Y84.993 E7.01123
G1 X101.831 Y84.686 E7.03859
G1 X111.862 Y87.545 E7.54026
G1 X112.028 Y87.515 E7.54837
G1 X112.101 Y87.412 E7.55444
G1 X112.304 Y86.698 E7.59014
G1 X112.767 Y86.426 E7.61597
G1 X116.014 Y87.336 E7.77816
;WIDTH:0.423461
G1 X122.542 Y89.194 E8.08214
G1 X122.111 Y89.444 E8.10446
G1 X115.915 Y87.681 E8.39297
;WIDTH:0.45
G1 X115.681 Y87.801 E8.40562
G1 X114.246 Y92.845 E8.65785
G1 X114.286 Y92.91 E8.66152
G1 X114.621 Y93.128 F7800
G1 E6.66152 F2400
G92 E0
G1 X101.78 Y87.365 F7800
G1 E2 F2400
;TYPE:Solid infill
G1 F1200
G1 X102.199 Y85.893 E2.07361
G1 X109.298 Y87.913 E2.4286
G1 X109.27 Y88.127 E2.43898
G1 X109.3 Y88.166 E2.44135
G1 X111.189 Y90.055 E2.56984
G1 X101.965 Y87.418 E3.03126
G1 X102.256 Y87.1 E3.05199
G1 X102.464 Y86.37 E3.0885
G1 X108.951 Y88.215 E3.41288
G1 X108.937 Y88.322 E3.41807
G1 X109.027 Y88.439 E3.42517
G1 X109.864 Y89.275 E3.48207
G1 X102.442 Y87.153 E3.85335
G1 X102.726 Y86.839 E3.87371
;WIDTH:0.446739
G1 X108.606 Y88.516 E4.16531
G1 E2.16531 F2400
G92 E0
G1 X108.606 Y88.516 F7800
G1 X111.871 Y91.665
G1 E2 F2400
;WIDTH:0.404381
G1 F1200
G1 X111.852 Y91.736 E2.00312
G1 X111.923 Y91.717 E2.00624
G1 X111.912 Y91.676 E2.00804
;WIDTH:0.45
G1 X112.03 Y91.442 E2.02064
G1 X112.328 Y91.739 E2.04088
G1 X112.63 Y91.866 E2.05664
;WIDTH:0.404381
G1 X112.641 Y91.907 E2.05844
G1 X112.57 Y91.926 E2.06156
G1 X112.589 Y91.855 E2.06468
G1 X112.589 Y91.855 F7800
G1 X113.453 Y92.096
G1 F1200
G1 X113.464 Y92.137 E2.06648
G1 X113.393 Y92.156 E2.0696
G1 X113.412 Y92.085 E2.07272
;WIDTH:0.45
G1 X113.09 Y91.956 E2.0894
G1 X111.99 Y90.857 E2.16419
G1 X111.796 Y90.584 E2.1803
;WIDTH:0.404381
G1 X111.489 Y90.268 E2.19898
G1 E.19898 F2400
G92 E0
G1 X111.489 Y90.268 F7800
G1 X113.449 Y91.77
G1 E2 F2400
;WIDTH:0.45
G1 F1200
G1 X109.709 Y88.03 E2.25439
G1 X110.188 Y88.049 E2.27745
;WIDTH:0.404381
G1 X110.169 Y88.12 E2.28057
G1 X110.24 Y88.101 E2.28369
G1 X110.229 Y88.06 E2.28549
;WIDTH:0.45
G1 X110.471 Y88.247 E2.3002
G1 X113.57 Y91.345 E2.51096
G1 E.51096 F2400
G92 E0
G1 X113.57 Y91.345 F7800
G1 X111.37 Y88.6
G1 E2 F2400
G1 F1200
G1 X113.691 Y90.921 E2.15787
G1 X114.514 Y88.026 E2.30263
G1 X113.14 Y87.635 E2.37134
G1 X112.924 Y88.101 E2.39604
G1 X112.625 Y88.388 E2.41597
G1 X112.313 Y88.545 E2.43277
G1 X111.974 Y88.609 E2.44936
G1 X111.66 Y88.585 E2.46451
G1 X111.233 Y88.464 E2.48586
G1 X111.233 Y88.464 F7800
G1 X112.264 Y88.949
G1 F1200
G1 X112.392 Y88.922 E2.49215
G1 X112.805 Y88.73 E2.51406
G1 X113.176 Y88.397 E2.53804
G1 X113.358 Y88.098 E2.55488
G1 X114.038 Y88.291 E2.58888
G1 X113.499 Y90.184 E2.68355
G1 X112.401 Y89.085 E2.75827
G1 X112.932 Y89.087 E2.78381
;WIDTH:0.428148
G1 X113.113 Y88.976 E2.79344
G1 X113.543 Y88.54 E2.82122
G1 X113.575 Y88.549 E2.82273
G1 X113.313 Y89.468 E2.86609
G1 X113.068 Y89.223 E2.88181
G1 E.88181 F2400
G92 E0
G92 E0
G1 X116.559 Y104.58 F7800
G1 E2 F2400
;TYPE:Support material
;WIDTH:0.35
G1 F3600
G1 X116.585 Y103.775 E2.02869
G1 X116.083 Y103.018 E2.06105
G1 X116.459 Y103.179 E2.07562
G1 X116.782 Y103.45 E2.09064
G1 X117.172 Y103.993 E2.11446
G1 X117.682 Y104.336 E2.13635
G1 X118.283 Y104.435 E2.15805
G1 X118.568 Y104.609 E2.16995
G1 X119.178 Y104.683 E2.19184
G1 X119.695 Y104.613 E2.21043
G1 X120.045 Y104.72 E2.22347
G1 X120.31 Y104.897 E2.23482
G1 X120.501 Y105.155 E2.24626
G1 X120.543 Y105.62 E2.26289
G1 X120.206 Y106.015 E2.28139
G1 X119.697 Y106.105 E2.2998
G1 X119.167 Y105.94 E2.31957
G1 X118.957 Y105.767 E2.32926
G1 X118.786 Y105.463 E2.34169
G1 X117.593 Y105.005 E2.38721
G1 X116.985 Y104.909 E2.40914
G1 X116.167 Y105.234 E2.4405
G1 X115.465 Y105.21 E2.46552
G1 X115.815 Y104.776 E2.48538
G1 X116.211 Y104.518 E2.50222
G1 X116.233 Y103.811 E2.52742
G1 X116.044 Y103.001 E2.55705
G1 X116.044 Y103.001 F7800
G1 X116.289 Y102.725
G1 F3600
G1 X116.644 Y102.877 E2.57081
G1 X117.041 Y103.21 E2.58927
G1 X117.42 Y103.737 E2.61239
G1 X117.808 Y103.999 E2.62907
G1 X118.4 Y104.104 E2.65049
G1 X118.699 Y104.272 E2.66271
G1 X119.134 Y104.325 E2.67832
G1 X119.316 Y104.255 E2.68527
G1 X119.751 Y104.264 E2.70077
G1 X120.197 Y104.4 E2.71738
G1 X120.555 Y104.64 E2.73273
G1 X120.821 Y104.999 E2.74865
G1 X120.922 Y105.365 E2.76218
G1 X120.884 Y105.724 E2.77504
G1 X120.711 Y106.049 E2.78816
G1 X120.261 Y106.374 E2.80793
G1 X119.665 Y106.455 E2.82936
G1 X118.991 Y106.246 E2.8545
G1 X118.67 Y105.972 E2.86953
G1 X118.539 Y105.738 E2.87908
G1 X118.139 Y105.566 E2.89459
G1 X117.844 Y105.534 E2.90516
G1 X117.48 Y105.341 E2.91984
G1 X117.047 Y105.273 E2.93545
G1 X116.532 Y105.516 E2.95574
G1 X115.975 Y105.61 E2.97586
G1 X115.563 Y105.555 E2.99067
G1 X115.314 Y105.416 E3.00083
G1 X115.204 Y105.241 E3.00819
G1 X115.263 Y104.887 E3.02097
G1 X115.596 Y104.501 E3.03913
G1 X115.867 Y104.324 E3.05066
G1 X115.882 Y103.858 E3.06727
G1 X115.732 Y103.312 E3.08744
G1 X115.771 Y102.959 E3.10009
G1 X115.887 Y102.785 E3.10754
G1 X116.246 Y102.724 E3.12051
G1 E1.12051 F2400
G92 E0
G1 X116.246 Y102.724 F7800
G1 X109.945 Y104.875
G1 E2 F2400
;TYPE:Perimeter
;WIDTH:0.45
G1 F900
G1 X108.014 Y104.326 E2.09656
G1 X108.109 Y103.991 E2.11331
G1 X108.143 Y103.644 E2.13008
G1 X108.073 Y103.357 E2.14429
G1 X107.937 Y103.127 E2.15714
G1 X107.744 Y102.943 E2.16997
G1 X107.447 Y102.8 E2.18582
G1 X97.796 Y100.045 E2.66854
G1 X98.372 Y98.017 E2.76994
G1 X108.024 Y100.767 E3.25264
G1 X108.353 Y100.802 E3.26855
G1 X108.614 Y100.747 E3.28138
G1 X108.853 Y100.621 E3.29437
G1 X109.065 Y100.411 E3.30872
G1 X109.215 Y100.104 E3.32515
G1 X109.314 Y99.758 E3.34246
G1 X111.244 Y100.308 E3.43898
G1 X109.961 Y104.817 E3.66446
G1 X109.961 Y104.817 F7800
G1 X110.342 Y105.389
G1 F900
G1 X107.68 Y104.631 E3.79758
G1 X107.579 Y104.444 E3.8078
G1 X107.739 Y103.885 E3.83577
G1 X107.758 Y103.677 E3.84582
G1 X107.716 Y103.505 E3.85434
G1 X107.519 Y103.257 E3.86957
G1 X107.341 Y103.17 E3.8791
G1 X97.474 Y100.354 E4.37262
G1 X97.368 Y100.138 E4.38419
G1 X98.056 Y97.719 E4.50515
G1 X98.265 Y97.585 E4.51709
G1 X108.13 Y100.396 E5.01045
G1 X108.327 Y100.417 E5.01998
G1 X108.627 Y100.309 E5.03532
G1 X108.754 Y100.182 E5.04396
G1 X108.844 Y99.998 E5.05381
G1 X109.005 Y99.433 E5.08207
G1 X109.193 Y99.323 E5.09255
G1 X111.834 Y100.074 E5.22461
G1 X111.683 Y100.177 E5.2334
G1 X110.248 Y105.22 E5.48558
G1 X110.313 Y105.336 E5.49198
G1 X110.313 Y105.336 F7800
G1 X110.689 Y105.442
;TYPE:External perimeter
G1 F1800
G1 X110.755 Y105.55 E5.49807
;WIDTH:0.421959
G1 X116.951 Y107.313 E5.78537
G1 X117.183 Y107.751 E5.80748
G1 X110.657 Y105.894 E6.11009
;WIDTH:0.45
G1 X107.417 Y104.958 E6.2723
G1 X107.166 Y104.489 E6.29788
G1 X107.368 Y103.779 E6.33338
G1 X107.36 Y103.653 E6.33945
G1 X107.235 Y103.541 E6.34752
G1 X97.204 Y100.678 E6.84924
G1 X96.957 Y100.175 E6.87619
G1 X97.725 Y97.474 E7.01125
G1 X98.204 Y97.167 E7.03861
G1 X108.235 Y100.025 E7.54027
G1 X108.401 Y99.996 E7.54837
G1 X108.473 Y99.893 E7.55441
G1 X108.677 Y99.179 E7.59013
G1 X109.14 Y98.907 E7.61596
G1 X112.386 Y99.817 E7.7781
;WIDTH:0.423461
G1 X118.915 Y101.674 E8.08211
G1 X118.484 Y101.925 E8.10445
G1 X112.288 Y100.162 E8.39296
;WIDTH:0.45
G1 X112.054 Y100.282 E8.40561
G1 X110.619 Y105.325 E8.65779
G1 X110.658 Y105.391 E8.66148
G1 X110.994 Y105.609 F7800
G1 E6.66148 F2400
G92 E0
G1 X98.153 Y99.846 F7800
G1 E2 F2400
;TYPE:Solid infill
G1 F1200
G1 X98.571 Y98.374 E2.0736
G1 X105.67 Y100.394 E2.42859
G1 X105.643 Y100.608 E2.43896
G1 X105.673 Y100.647 E2.44133
G1 X107.562 Y102.536 E2.56982
G1 X98.338 Y99.899 E3.03124
G1 X98.629 Y99.581 E3.05197
G1 X98.837 Y98.851 E3.08848
G1 X105.324 Y100.696 E3.41286
G1 X105.31 Y100.803 E3.41805
G1 X105.4 Y100.92 E3.42515
G1 X106.237 Y101.756 E3.48205
G1 X98.814 Y99.634 E3.85337
G1 X99.098 Y99.32 E3.87373
;WIDTH:0.446739
G1 X104.979 Y100.997 E4.16537
G1 E2.16537 F2400
G92 E0
G1 X104.979 Y100.997 F7800
G1 X108.244 Y104.146
G1 E2 F2400
;WIDTH:0.404381
G1 F1200
G1 X108.224 Y104.217 E2.00313
G1 X108.296 Y104.198 E2.00629
G1 X108.285 Y104.157 E2.00809
;WIDTH:0.45
G1 X108.403 Y103.923 E2.02069
G1 X108.701 Y104.22 E2.04093
G1 X109.003 Y104.347 E2.05669
;WIDTH:0.404381
G1 X109.014 Y104.388 E2.05849
G1 X108.943 Y104.407 E2.06161
G1 X108.962 Y104.336 E2.06473
G1 X108.962 Y104.336 F7800
G1 X109.826 Y104.577
G1 F1200
G1 X109.837 Y104.618 E2.06653
G1 X109.766 Y104.637 E2.06965
G1 X109.785 Y104.566 E2.07277
;WIDTH:0.45
G1 X109.463 Y104.437 E2.08945
G1 X108.363 Y103.337 E2.16427
G1 X108.169 Y103.065 E2.18034
;WIDTH:0.404381
G1 X107.861 Y102.749 E2.19905
G1 E.19905 F2400
G92 E0
G1 X107.861 Y102.749 F7800
G1 X109.822 Y104.251
G1 E2 F2400
;WIDTH:0.45
G1 F1200
G1 X106.082 Y100.511 E2.25439
G1 X106.56 Y100.53 E2.2774
;WIDTH:0.404381
G1 X106.541 Y100.601 E2.28052
G1 X106.612 Y100.582 E2.28364
G1 X106.601 Y100.541 E2.28544
;WIDTH:0.45
G1 X106.844 Y100.728 E2.30019
G1 X109.943 Y103.826 E2.51095
G1 E.51095 F2400
G92 E0
G1 X109.943 Y103.826 F7800
G1 X107.743 Y101.081
G1 E2 F2400
G1 F1200
G1 X110.063 Y103.402 E2.15784
G1 X110.887 Y100.507 E2.30261
G1 X109.513 Y100.116 E2.37132
G1 X109.296 Y100.582 E2.39604
G1 X108.998 Y100.869 E2.41594
G1 X108.686 Y101.026 E2.43274
G1 X108.347 Y101.09 E2.44933
G1 X108.033 Y101.066 E2.46448
G1 X107.606 Y100.944 E2.48584
G1 X107.606 Y100.944 F7800
G1 X108.637 Y101.43
G1 F1200
G1 X108.765 Y101.403 E2.49213
G1 X109.178 Y101.21 E2.51406
G1 X109.549 Y100.878 E2.53801
G1 X109.731 Y100.579 E2.55485
G1 X110.411 Y100.772 E2.58885
G1 X109.872 Y102.665 E2.68352
G1 X108.773 Y101.566 E2.75827
G1 X109.304 Y101.567 E2.78381
;WIDTH:0.428148
G1 X109.486 Y101.457 E2.79346
G1 X109.916 Y101.021 E2.82124
G1 X109.948 Y101.03 E2.82275
G1 X109.686 Y101.949 E2.86611
G1 X109.441 Y101.704 E2.88183
G1 E.88183 F2400
G92 E0
G1 X109.441 Y101.704 F7800
G92 E0
G1 X116.559 Y118.093
G1 E2 F2400
;TYPE:Support material
;WIDTH:0.35
G1 F3600
G1 X116.585 Y117.288 E2.02869
G1 X116.083 Y116.53 E2.06108
G1 X116.459 Y116.691 E2.07565
G1 X116.782 Y116.963 E2.09069
G1 X117.172 Y117.506 E2.11451
G1 X117.682 Y117.849 E2.1364
G1 X118.283 Y117.948 E2.1581
G1 X118.568 Y118.122 E2.17
G1 X119.178 Y118.196 E2.19189
G1 X119.695 Y118.125 E2.21048
G1 X120.045 Y118.233 E2.22353
G1 X120.31 Y118.41 E2.23488
G1 X120.501 Y118.667 E2.24629
G1 X120.543 Y119.133 E2.26296
G1 X120.206 Y119.528 E2.28146
G1 X119.697 Y119.618 E2.29987
G1 X119.167 Y119.453 E2.31964
G1 X118.957 Y119.28 E2.32933
G1 X118.786 Y118.976 E2.34176
G1 X117.593 Y118.518 E2.38728
G1 X116.985 Y118.421 E2.40921
G1 X116.167 Y118.747 E2.44058
G1 X115.465 Y118.723 E2.4656
G1 X115.815 Y118.289 E2.48546
G1 X116.211 Y118.03 E2.50232
G1 X116.233 Y117.324 E2.52748
G1 X116.044 Y116.514 E2.55711
G1 X116.044 Y116.514 F7800
G1 X116.289 Y116.238
G1 F3600
G1 X116.644 Y116.39 E2.57087
G1 X117.041 Y116.723 E2.58933
G1 X117.42 Y117.25 E2.61245
G1 X117.808 Y117.512 E2.62913
G1 X118.4 Y117.617 E2.65055
G1 X118.699 Y117.785 E2.66277
G1 X119.134 Y117.838 E2.67838
G1 X119.316 Y117.767 E2.68534
G1 X119.751 Y117.776 E2.70084
G1 X120.197 Y117.913 E2.71746
G1 X120.555 Y118.153 E2.73281
G1 X120.821 Y118.511 E2.7487
G1 X120.922 Y118.878 E2.76226
G1 X120.884 Y119.237 E2.77512
G1 X120.711 Y119.562 E2.78824
G1 X120.261 Y119.886 E2.80799
G1 X119.665 Y119.968 E2.82942
G1 X118.991 Y119.759 E2.85456
G1 X118.67 Y119.485 E2.86959
G1 X118.539 Y119.251 E2.87914
G1 X118.139 Y119.079 E2.89465
G1 X117.844 Y119.047 E2.90522
G1 X117.48 Y118.854 E2.9199
G1 X117.047 Y118.786 E2.93551
G1 X116.532 Y119.029 E2.9558
G1 X115.975 Y119.123 E2.97592
G1 X115.563 Y119.068 E2.99073
G1 X115.314 Y118.929 E3.00089
G1 X115.204 Y118.754 E3.00825
G1 X115.263 Y118.4 E3.02103
G1 X115.596 Y118.014 E3.03919
G1 X115.867 Y117.837 E3.05072
G1 X115.882 Y117.371 E3.06733
G1 X115.732 Y116.825 E3.0875
G1 X115.771 Y116.472 E3.10015
G1 X115.887 Y116.298 E3.1076
G1 X116.246 Y116.237 E3.12057
G1 E1.12057 F2400
G92 E0
G1 X116.246 Y116.237 F7800
G1 X109.945 Y118.388
G1 E2 F2400
;TYPE:Perimeter
;WIDTH:0.45
G1 F900
G1 X108.014 Y117.838 E2.09657
G1 X108.109 Y117.503 E2.11332
G1 X108.143 Y117.157 E2.13004
G1 X108.073 Y116.87 E2.14425
G1 X107.937 Y116.64 E2.1571
G1 X107.744 Y116.456 E2.16993
G1 X107.447 Y116.313 E2.18578
G1 X97.796 Y113.558 E2.6685
G1 X98.372 Y111.53 E2.7699
G1 X108.024 Y114.28 E3.2526
G1 X108.353 Y114.315 E3.26851
G1 X108.614 Y114.26 E3.28134
G1 X108.853 Y114.134 E3.29433
G1 X109.065 Y113.923 E3.30872
G1 X109.215 Y113.617 E3.32511
G1 X109.314 Y113.271 E3.34242
G1 X111.244 Y113.821 E3.43894
G1 X109.961 Y118.33 E3.66442
G1 X109.961 Y118.33 F7800
G1 X110.342 Y118.902
G1 F900
G1 X107.68 Y118.144 E3.79754
G1 X107.579 Y117.957 E3.80776
G1 X107.739 Y117.398 E3.83573
G1 X107.758 Y117.19 E3.84578
G1 X107.716 Y117.018 E3.8543
G1 X107.519 Y116.769 E3.86957
G1 X107.341 Y116.683 E3.87908
G1 X97.474 Y113.867 E4.3726
G1 X97.368 Y113.651 E4.38417
G1 X98.056 Y111.232 E4.50513
G1 X98.265 Y111.098 E4.51707
G1 X108.13 Y113.909 E5.01043
G1 X108.327 Y113.93 E5.01996
G1 X108.627 Y113.822 E5.0353
G1 X108.754 Y113.695 E5.04394
G1 X108.844 Y113.511 E5.05379
G1 X109.005 Y112.946 E5.08205
G1 X109.193 Y112.836 E5.09253
G1 X111.834 Y113.587 E5.22459
G1 X111.683 Y113.69 E5.23338
G1 X110.248 Y118.733 E5.48556
G1 X110.313 Y118.849 E5.49196
G1 X110.313 Y118.849 F7800
G1 X110.689 Y118.955
;TYPE:External perimeter
G1 F1800
G1 X110.755 Y119.063 E5.49805
;WIDTH:0.421959
G1 X116.951 Y120.826 E5.78535
G1 X117.183 Y121.264 E5.80746
G1 X110.657 Y119.407 E6.11007
;WIDTH:0.45
G1 X107.417 Y118.47 E6.27229
G1 X107.166 Y118.002 E6.29783
G1 X107.368 Y117.292 E6.33333
G1 X107.36 Y117.166 E6.3394
G1 X107.235 Y117.054 E6.34747
G1 X97.204 Y114.191 E6.84919
G1 X96.957 Y113.688 E6.87614
G1 X97.725 Y110.986 E7.01124
G1 X98.204 Y110.68 E7.03858
G1 X108.235 Y113.538 E7.54024
G1 X108.401 Y113.509 E7.54834
G1 X108.473 Y113.406 E7.55438
G1 X108.677 Y112.691 E7.59014
G1 X109.14 Y112.42 E7.61594
G1 X112.386 Y113.33 E7.77808
;WIDTH:0.423461
G1 X118.915 Y115.187 E8.08209
G1 X118.484 Y115.438 E8.10443
G1 X112.288 Y113.675 E8.39294
;WIDTH:0.45
G1 X112.054 Y113.795 E8.40559
G1 X110.619 Y118.838 E8.65777
G1 X110.658 Y118.904 E8.66146
G1 X110.994 Y119.122 F7800
G1 E6.66146 F2400
G92 E0
G1 X98.153 Y113.359 F7800
G1 E2 F2400
;TYPE:Solid infill
G1 F1200
G1 X98.571 Y111.887 E2.0736
G1 X105.67 Y113.907 E2.42859
G1 X105.643 Y114.121 E2.43896
G1 X105.673 Y114.16 E2.44133
G1 X107.562 Y116.049 E2.56982
G1 X98.338 Y113.412 E3.03124
G1 X98.629 Y113.094 E3.05197
G1 X98.837 Y112.363 E3.08852
G1 X105.324 Y114.209 E3.41291
G1 X105.31 Y114.316 E3.4181
G1 X105.4 Y114.433 E3.4252
G1 X106.237 Y115.269 E3.4821
G1 X98.814 Y113.147 E3.85342
G1 X99.098 Y112.833 E3.87378
;WIDTH:0.446739
G1 X104.979 Y114.51 E4.16542
G1 E2.16542 F2400
G92 E0
G1 X104.979 Y114.51 F7800
G1 X108.244 Y117.658
G1 E2 F2400
;WIDTH:0.404381
G1 F1200
G1 X108.224 Y117.73 E2.00317
G1 X108.296 Y117.711 E2.00633
G1 X108.285 Y117.669 E2.00817
;WIDTH:0.45
G1 X108.403 Y117.436 E2.02073
G1 X108.701 Y117.733 E2.04097
G1 X109.003 Y117.86 E2.05673
;WIDTH:0.404381
G1 X109.014 Y117.901 E2.05853
G1 X108.943 Y117.92 E2.06165
G1 X108.962 Y117.849 E2.06477
G1 X108.962 Y117.849 F7800
G1 X109.826 Y118.09
G1 F1200
G1 X109.837 Y118.131 E2.06657
G1 X109.766 Y118.15 E2.06969
G1 X109.785 Y118.079 E2.07281
;WIDTH:0.45
G1 X109.463 Y117.95 E2.08949
G1 X108.363 Y116.85 E2.16431
G1 X108.169 Y116.578 E2.18038
;WIDTH:0.404381
G1 X107.861 Y116.262 E2.19909
G1 E.19909 F2400
G92 E0
G1 X107.861 Y116.262 F7800
G1 X109.822 Y117.764
G1 E2 F2400
;WIDTH:0.45
G1 F1200
G1 X106.082 Y114.024 E2.25439
G1 X106.56 Y114.043 E2.2774
;WIDTH:0.404381
G1 X106.541 Y114.114 E2.28052
G1 X106.612 Y114.095 E2.28364
G1 X106.601 Y114.054 E2.28544
;WIDTH:0.45
G1 X106.844 Y114.241 E2.30019
G1 X109.943 Y117.339 E2.51095
G1 E.51095 F2400
G92 E0
G1 X109.943 Y117.339 F7800
G1 X107.743 Y114.594
G1 E2 F2400
G1 F1200
G1 X110.063 Y116.915 E2.15784
G1 X110.887 Y114.02 E2.30261
G1 X109.513 Y113.628 E2.37133
G1 X109.296 Y114.095 E2.3961
G1 X108.998 Y114.382 E2.416
G1 X108.686 Y114.539 E2.4328
G1 X108.347 Y114.602 E2.44938
G1 X108.033 Y114.579 E2.46452
G1 X107.606 Y114.457 E2.48588
G1 X107.606 Y114.457 F7800
G1 X108.637 Y114.943
G1 F1200
G1 X108.765 Y114.916 E2.49217
G1 X109.178 Y114.723 E2.5141
G1 X109.549 Y114.391 E2.53805
G1 X109.731 Y114.091 E2.55493
G1 X110.411 Y114.285 E2.58894
G1 X109.872 Y116.178 E2.68361
G1 X108.773 Y115.079 E2.75836
G1 X109.304 Y115.08 E2.7839
;WIDTH:0.428148
G1 X109.486 Y114.97 E2.79355
G1 X109.916 Y114.534 E2.82133
G1 X109.948 Y114.543 E2.82284
G1 X109.686 Y115.462 E2.8662
G1 X109.441 Y115.217 E2.88192
G1 E.88192 F2400
G92 E0
G1 X109.441 Y115.217 F7800
G92 E0
G1 X116.559 Y131.606
G1 E2 F2400
;TYPE:Support material
;WIDTH:0.35
G1 F3600
G1 X116.585 Y130.801 E2.02869
G1 X116.083 Y130.043 E2.06108
G1 X116.459 Y130.204 E2.07565
G1 X116.782 Y130.476 E2.09069
G1 X117.172 Y131.018 E2.11448
G1 X117.682 Y131.362 E2.13639
G1 X118.283 Y131.461 E2.15809
G1 X118.568 Y131.635 E2.16999
G1 X119.178 Y131.709 E2.19188
G1 X119.695 Y131.638 E2.21047
G1 X120.045 Y131.745 E2.22351
G1 X120.31 Y131.923 E2.23488
G1 X120.501 Y132.18 E2.24629
G1 X120.543 Y132.646 E2.26296
G1 X120.206 Y133.041 E2.28146
G1 X119.697 Y133.131 E2.29987
G1 X119.167 Y132.966 E2.31964
G1 X118.957 Y132.793 E2.32933
G1 X118.786 Y132.489 E2.34176
G1 X117.593 Y132.031 E2.38728
G1 X116.985 Y131.934 E2.40921
G1 X116.167 Y132.26 E2.44058
G1 X115.465 Y132.236 E2.4656
G1 X115.815 Y131.802 E2.48546
G1 X116.211 Y131.543 E2.50232
G1 X116.233 Y130.837 E2.52748
G1 X116.044 Y130.026 E2.55715
G1 X116.044 Y130.026 F7800
G1 X116.289 Y129.751
G1 F3600
G1 X116.644 Y129.903 E2.57091
G1 X117.041 Y130.236 E2.58937
G1 X117.42 Y130.763 E2.61249
G1 X117.808 Y131.025 E2.62917
G1 X118.4 Y131.13 E2.65059
G1 X118.699 Y131.298 E2.66281
G1 X119.134 Y131.351 E2.67842
G1 X119.316 Y131.28 E2.68538
G1 X119.751 Y131.289 E2.70088
G1 X120.197 Y131.426 E2.7175
G1 X120.555 Y131.666 E2.73285
G1 X120.821 Y132.024 E2.74874
G1 X120.922 Y132.391 E2.7623
G1 X120.884 Y132.75 E2.77516
G1 X120.711 Y133.075 E2.78828
G1 X120.261 Y133.399 E2.80803
G1 X119.665 Y133.48 E2.82946
G1 X118.991 Y133.272 E2.85459
G1 X118.67 Y132.998 E2.86962
G1 X118.539 Y132.764 E2.87917
G1 X118.139 Y132.592 E2.89468
G1 X117.844 Y132.56 E2.90525
G1 X117.48 Y132.367 E2.91993
G1 X117.047 Y132.298 E2.93555
G1 X116.532 Y132.542 E2.95585
G1 X115.975 Y132.636 E2.97597
G1 X115.563 Y132.581 E2.99078
G1 X115.314 Y132.442 E3.00094
G1 X115.204 Y132.267 E3.0083
G1 X115.263 Y131.913 E3.02108
G1 X115.596 Y131.527 E3.03924
G1 X115.867 Y131.35 E3.05077
G1 X115.882 Y130.884 E3.06738
G1 X115.732 Y130.338 E3.08755
G1 X115.771 Y129.985 E3.1002
G1 X115.887 Y129.811 E3.10765
G1 X116.246 Y129.749 E3.12063
G1 E1.12063 F2400
G92 E0
G1 X116.246 Y129.749 F7800
G1 X109.945 Y131.901
G1 E2 F2400
;TYPE:Perimeter
;WIDTH:0.45
G1 F900
G1 X108.014 Y131.351 E2.09657
G1 X108.109 Y131.016 E2.11332
G1 X108.143 Y130.67 E2.13004
G1 X108.073 Y130.383 E2.14425
G1 X107.937 Y130.153 E2.1571
G1 X107.744 Y129.969 E2.16993
G1 X107.447 Y129.825 E2.18581
G1 X97.796 Y127.07 E2.66853
G1 X98.372 Y125.043 E2.76988
G1 X108.024 Y127.793 E3.25258
G1 X108.353 Y127.828 E3.26849
G1 X108.614 Y127.773 E3.28132
G1 X108.853 Y127.647 E3.29431
G1 X109.065 Y127.436 E3.3087
G1 X109.215 Y127.13 E3.32509
G1 X109.314 Y126.784 E3.3424
G1 X111.244 Y127.333 E3.43891
G1 X109.961 Y131.843 E3.66443
G1 X109.961 Y131.843 F7800
G1 X110.342 Y132.414
G1 F900
G1 X107.68 Y131.657 E3.79754
G1 X107.579 Y131.47 E3.80776
G1 X107.739 Y130.911 E3.83573
G1 X107.758 Y130.703 E3.84578
G1 X107.716 Y130.531 E3.8543
G1 X107.519 Y130.282 E3.86957
G1 X107.341 Y130.196 E3.87908
G1 X97.474 Y127.38 E4.3726
G1 X97.368 Y127.164 E4.38417
G1 X98.056 Y124.745 E4.50513
G1 X98.265 Y124.611 E4.51707
G1 X108.13 Y127.422 E5.01043
G1 X108.327 Y127.443 E5.01996
G1 X108.627 Y127.334 E5.03531
G1 X108.754 Y127.208 E5.04391
G1 X108.844 Y127.024 E5.05376
G1 X109.005 Y126.459 E5.08202
G1 X109.193 Y126.349 E5.0925
G1 X111.834 Y127.1 E5.22456
G1 X111.683 Y127.202 E5.23332
G1 X110.248 Y132.246 E5.48555
G1 X110.313 Y132.362 E5.49195
G1 X110.313 Y132.362 F7800
G1 X110.689 Y132.468
;TYPE:External perimeter
G1 F1800
G1 X110.755 Y132.576 E5.49804
;WIDTH:0.421959
G1 X116.951 Y134.339 E5.78534
G1 X117.183 Y134.776 E5.80741
G1 X110.657 Y132.92 E6.11001
;WIDTH:0.45
G1 X107.417 Y131.983 E6.27223
G1 X107.166 Y131.515 E6.29777
G1 X107.368 Y130.805 E6.33327
G1 X107.36 Y130.679 E6.33934
G1 X107.235 Y130.567 E6.34741
G1 X97.204 Y127.703 E6.84915
G1 X96.957 Y127.2 E6.8761
G1 X97.725 Y124.499 E7.01116
G1 X98.204 Y124.193 E7.0385
G1 X108.235 Y127.051 E7.54016
G1 X108.401 Y127.022 E7.54826
G1 X108.473 Y126.918 E7.55434
G1 X108.677 Y126.204 E7.59006
G1 X109.14 Y125.933 E7.61586
G1 X112.386 Y126.843 E7.778
;WIDTH:0.423461
G1 X118.915 Y128.7 E8.08201
G1 X118.484 Y128.951 E8.10435
G1 X112.288 Y127.188 E8.39286
;WIDTH:0.45
G1 X112.054 Y127.308 E8.40551
G1 X110.619 Y132.351 E8.65769
G1 X110.658 Y132.416 E8.66134
G1 X110.994 Y132.635 F7800
G1 E6.66134 F2400
G92 E0
G1 X98.153 Y126.872 F7800
G1 E2 F2400
;TYPE:Solid infill
G1 F1200
G1 X98.571 Y125.4 E2.0736
G1 X105.67 Y127.42 E2.42859
G1 X105.643 Y127.634 E2.43896
G1 X105.673 Y127.673 E2.44133
G1 X107.562 Y129.562 E2.56982
G1 X98.338 Y126.925 E3.03124
G1 X98.629 Y126.607 E3.05197
G1 X98.837 Y125.876 E3.08852
G1 X105.324 Y127.722 E3.41291
G1 X105.31 Y127.829 E3.4181
G1 X105.4 Y127.946 E3.4252
G1 X106.237 Y128.782 E3.4821
G1 X98.814 Y126.66 E3.85342
G1 X99.098 Y126.346 E3.87378
;WIDTH:0.446739
G1 X104.979 Y128.023 E4.16542
G1 E2.16542 F2400
G92 E0
G1 X104.979 Y128.023 F7800
G1 X108.244 Y131.171
G1 E2 F2400
;WIDTH:0.404381
G1 F1200
G1 X108.224 Y131.242 E2.00313
G1 X108.296 Y131.223 E2.00629
G1 X108.285 Y131.182 E2.00809
;WIDTH:0.45
G1 X108.403 Y130.949 E2.02065
G1 X108.701 Y131.246 E2.04089
G1 X109.003 Y131.372 E2.05663
;WIDTH:0.404381
G1 X109.014 Y131.414 E2.05847
G1 X108.943 Y131.433 E2.06159
G1 X108.962 Y131.361 E2.06475
G1 X108.962 Y131.361 F7800
G1 X109.826 Y131.603
G1 F1200
G1 X109.837 Y131.644 E2.06655
G1 X109.766 Y131.663 E2.06967
G1 X109.785 Y131.592 E2.07279
;WIDTH:0.45
G1 X109.463 Y131.463 E2.08947
G1 X108.363 Y130.363 E2.16429
G1 X108.169 Y130.09 E2.1804
;WIDTH:0.404381
G1 X107.861 Y129.775 E2.19908
G1 E.19908 F2400
G92 E0
G1 X107.861 Y129.775 F7800
G1 X109.822 Y131.276
G1 E2 F2400
;WIDTH:0.45
G1 F1200
G1 X106.082 Y127.537 E2.25436
G1 X106.56 Y127.556 E2.27737
;WIDTH:0.404381
G1 X106.541 Y127.627 E2.28049
G1 X106.612 Y127.608 E2.28361
G1 X106.601 Y127.567 E2.28541
;WIDTH:0.45
G1 X106.844 Y127.753 E2.30013
G1 X109.943 Y130.852 E2.51092
G1 E.51092 F2400
G92 E0
G1 X109.943 Y130.852 F7800
G1 X107.743 Y128.107
G1 E2 F2400
G1 F1200
G1 X110.063 Y130.427 E2.1578
G1 X110.887 Y127.532 E2.30257
G1 X109.513 Y127.141 E2.37128
G1 X109.296 Y127.607 E2.396
G1 X108.998 Y127.895 E2.41593
G1 X108.686 Y128.052 E2.43273
G1 X108.347 Y128.115 E2.44931
G1 X108.033 Y128.092 E2.46445
G1 X107.606 Y127.97 E2.48581
G1 X107.606 Y127.97 F7800
G1 X108.637 Y128.456
G1 F1200
G1 X108.765 Y128.429 E2.4921
G1 X109.178 Y128.236 E2.51403
G1 X109.549 Y127.904 E2.53798
G1 X109.731 Y127.604 E2.55486
G1 X110.411 Y127.798 E2.58887
G1 X109.872 Y129.691 E2.68354
G1 X108.773 Y128.592 E2.75829
G1 X109.304 Y128.593 E2.78383
;WIDTH:0.428148
G1 X109.486 Y128.483 E2.79348
G1 X109.916 Y128.047 E2.82126
G1 X109.948 Y128.056 E2.82277
G1 X109.686 Y128.975 E2.86613
G1 X109.441 Y128.729 E2.88188
M106 S130.05
;LAYER_CHANGE
;Z:4.85
;HEIGHT:0.3
G1 Z4.85 F7800
G1 E.88188 F2400
G92 E0
G1 X109.441 Y128.729 F7800
G92 E0
G1 X120.08 Y91.692
G1 E2 F2400
;TYPE:Support material
;WIDTH:0.35
G1 F3600
G1 X119.648 Y90.701 E2.03851
G1 X119.685 Y90.075 E2.06085
G1 X119.923 Y90.143 E2.06967
G1 X120.283 Y90.422 E2.0859
G1 X120.591 Y90.827 E2.10403
G1 X120.79 Y91.317 E2.12287
G1 X121.604 Y91.855 E2.15763
G1 X122.04 Y92.051 E2.17466
G1 X123.342 Y91.927 E2.22125
G1 X123.828 Y92.194 E2.241
G1 X124.072 Y92.496 E2.25483
G1 X124.177 Y92.834 E2.26744
G1 X124.137 Y93.167 E2.27939
G1 X123.956 Y93.457 E2.29157
G1 X123.643 Y93.667 E2.305
G1 X123.03 Y93.744 E2.32701
G1 X122.797 Y93.704 E2.33543
G1 X122.501 Y93.506 E2.34812
G1 X122.107 Y93.051 E2.36956
G1 X121.949 Y92.68 E2.38393
G1 X121.611 Y92.76 E2.3963
G1 X121.347 Y92.614 E2.40705
G1 X121.157 Y92.645 E2.41391
G1 X120.627 Y92.53 E2.43323
G1 X120.105 Y92.888 E2.45578
G1 X119.621 Y93.087 E2.47442
G1 X119.144 Y93.138 E2.49151
G1 X118.821 Y93.046 E2.50347
G1 X118.654 Y92.731 E2.51617
G1 X118.746 Y92.437 E2.52714
G1 X119.316 Y92.021 E2.55228
G1 X119.774 Y91.881 E2.56934
G1 X119.257 Y90.555 E2.62004
G1 X119.312 Y90.278 E2.6301
G1 X119.642 Y90.074 E2.64392
G1 E.64392 F2400
G92 E0
G1 X119.642 Y90.074 F7800
G1 X113.596 Y92.312
G1 E2 F2400
;TYPE:Perimeter
;WIDTH:0.45
G1 F900
G1 X111.665 Y91.763 E2.09656
G1 X111.783 Y91.348 E2.11731
G1 X111.819 Y91.049 E2.13179
G1 X111.767 Y90.769 E2.14549
G1 X111.649 Y90.537 E2.15801
G1 X111.453 Y90.327 E2.17183
G1 X111.119 Y90.157 E2.18986
G1 X101.465 Y87.414 E2.67256
G1 X101.957 Y85.688 E2.75888
G1 X111.606 Y88.442 E3.2415
G1 X111.98 Y88.473 E3.25955
G1 X112.257 Y88.398 E3.27335
G1 X112.479 Y88.263 E3.28585
G1 X112.669 Y88.055 E3.2994
G1 X112.798 Y87.779 E3.31405
G1 X112.914 Y87.371 E3.33445
G1 X114.845 Y87.92 E3.43101
G1 X113.612 Y92.254 E3.64773
G1 X113.612 Y92.254 F7800
G1 X114.036 Y92.838
G1 F900
G1 X111.34 Y92.071 E3.78254
G1 X111.235 Y91.863 E3.79375
G1 X111.433 Y91.063 E3.83339
G1 X111.402 Y90.895 E3.84161
G1 X111.214 Y90.63 E3.85724
G1 X111.014 Y90.528 E3.86804
G1 X101.167 Y87.73 E4.36039
G1 X101.053 Y87.454 E4.37475
G1 X101.626 Y85.44 E4.47546
G1 X101.871 Y85.262 E4.49003
G1 X111.712 Y88.071 E4.98225
G1 X111.937 Y88.09 E4.99311
G1 X112.103 Y88.045 E5.00138
G1 X112.35 Y87.839 E5.01685
G1 X112.427 Y87.673 E5.02565
G1 X112.605 Y87.05 E5.05681
G1 X112.796 Y86.936 E5.06751
G1 X115.462 Y87.694 E5.20082
G1 X115.274 Y87.821 E5.21173
G1 X113.911 Y92.613 E5.45135
G1 X114.007 Y92.786 E5.46087
G1 X114.007 Y92.786 F7800
G1 X114.349 Y92.838
;TYPE:External perimeter
G1 F1800
G1 X114.415 Y92.955 E5.46733
;WIDTH:0.444537
G1 X120.603 Y94.715 E5.77237
G1 X120.829 Y95.175 E5.79667
G1 X114.311 Y93.32 E6.11799
;WIDTH:0.45
G1 X111.071 Y92.396 E6.28004
G1 X110.823 Y91.902 E6.30663
G1 X111.041 Y91.137 E6.34489
G1 X111.014 Y90.974 E6.35284
G1 X110.908 Y90.898 E6.35911
G1 X100.882 Y88.05 E6.8604
G1 X100.645 Y87.478 E6.89018
G1 X101.292 Y85.206 E7.0038
G1 X101.796 Y84.84 E7.03376
G1 X111.818 Y87.7 E7.53503
G1 X111.948 Y87.692 E7.54129
G1 X112.056 Y87.568 E7.5492
G1 X112.276 Y86.797 E7.58776
G1 X112.741 Y86.52 E7.61379
G1 X115.985 Y87.437 E7.77593
;WIDTH:0.440297
G1 X122.5 Y89.291 E8.09352
G1 X122.071 Y89.56 E8.11726
G1 X115.882 Y87.799 E8.41896
;WIDTH:0.45
G1 X115.645 Y87.927 E8.43192
G1 X114.282 Y92.719 E8.67154
G1 X114.319 Y92.785 E8.67518
G1 X114.649 Y93.012 F7800
G1 E6.67518 F2400
G92 E0
G1 X102.156 Y86.045 F7800
G1 E2 F2400
;TYPE:Solid infill
G1 F1200
G1 X111.615 Y88.741 E2.47306
G1 X111.984 Y88.76 E2.49083
G1 X112.346 Y88.671 E2.50876
G1 X112.639 Y88.503 E2.525
G1 X112.908 Y88.217 E2.54388
G1 X113.113 Y87.728 E2.56938
G1 X114.488 Y88.119 E2.63813
G1 X113.396 Y91.955 E2.82996
G1 X112.022 Y91.564 E2.89867
G1 X112.105 Y91.069 E2.92281
G1 X112.046 Y90.702 E2.94069
G1 X111.9 Y90.396 E2.957
G1 X111.653 Y90.121 E2.97478
G1 X111.283 Y89.907 E2.99534
G1 X101.823 Y87.215 E3.4684
G1 X102.103 Y86.23 E3.51765
G1 X102.445 Y86.544 E3.53998
;WIDTH:0.479481
G1 X102.431 Y86.54 E3.54073
G1 X102.317 Y86.939 E3.56221
G1 X111.392 Y89.523 E4.05073
;WIDTH:0.47803
G1 X111.797 Y89.75 E4.07468
;WIDTH:0.45
G1 X112.204 Y90.154 E4.10226
G1 X112.425 Y90.632 E4.12759
G1 X112.488 Y91.115 E4.15102
G1 X112.467 Y91.289 E4.15945
G1 X113.131 Y91.478 E4.19265
G1 X114.011 Y88.384 E4.34736
G1 X113.346 Y88.195 E4.38061
G1 X113.175 Y88.5 E4.39743
G1 X112.839 Y88.832 E4.42015
G1 X112.447 Y89.044 E4.44158
G1 X111.969 Y89.145 E4.46508
;WIDTH:0.47803
G1 X111.505 Y89.125 E4.48904
;WIDTH:0.479481
G1 X102.631 Y86.597 E4.96676
G1 E2.96676 F2400
G92 E0
G1 X102.631 Y86.597 F7800
G1 X112.113 Y89.513
G1 E2 F2400
;WIDTH:0.45
G1 F1200
G1 X112.547 Y89.416 E2.02139
G1 X112.798 Y89.309 E2.03451
G1 X113.249 Y88.989 E2.06111
G1 X113.529 Y88.672 E2.08145
G1 X112.873 Y90.975 E2.19662
G1 X112.862 Y90.869 E2.20175
G1 X112.717 Y90.302 E2.2299
G1 X112.521 Y89.935 E2.24991
G1 X112.247 Y89.652 E2.26886
G1 E.26886 F2400
G92 E0
G1 X112.247 Y89.652 F7800
G92 E0
G1 X116.453 Y104.173
G1 E2 F2400
;TYPE:Support material
;WIDTH:0.35
G1 F3600
G1 X116.021 Y103.182 E2.03851
G1 X116.058 Y102.556 E2.06085
G1 X116.296 Y102.623 E2.06966
G1 X116.656 Y102.903 E2.08591
G1 X116.964 Y103.308 E2.10404
G1 X117.163 Y103.798 E2.12288
G1 X117.977 Y104.336 E2.15764
G1 X118.413 Y104.532 E2.17467
G1 X119.714 Y104.408 E2.22123
G1 X120.201 Y104.675 E2.24102
G1 X120.444 Y104.977 E2.25483
G1 X120.549 Y105.315 E2.26744
G1 X120.51 Y105.648 E2.27938
G1 X120.329 Y105.938 E2.29156
G1 X120.016 Y106.148 E2.30499
G1 X119.403 Y106.225 E2.327
G1 X119.17 Y106.184 E2.33543
G1 X118.874 Y105.987 E2.3481
G1 X118.48 Y105.532 E2.36954
G1 X118.322 Y105.161 E2.38391
G1 X117.984 Y105.24 E2.39628
G1 X117.72 Y105.095 E2.40701
G1 X117.53 Y105.126 E2.41387
G1 X117 Y105.011 E2.43319
G1 X116.478 Y105.369 E2.45574
G1 X115.994 Y105.568 E2.47438
G1 X115.517 Y105.619 E2.49147
G1 X115.194 Y105.527 E2.50343
G1 X115.027 Y105.212 E2.51613
G1 X115.118 Y104.917 E2.52713
G1 X115.689 Y104.502 E2.55228
G1 X116.146 Y104.361 E2.56932
G1 X115.63 Y103.036 E2.61997
G1 X115.685 Y102.759 E2.63003
G1 X116.015 Y102.555 E2.64385
G1 E.64385 F2400
G92 E0
G1 X116.015 Y102.555 F7800
G1 X109.968 Y104.793
G1 E2 F2400
;TYPE:Perimeter
;WIDTH:0.45
G1 F900
G1 X108.037 Y104.243 E2.09657
G1 X108.155 Y103.829 E2.11727
G1 X108.192 Y103.53 E2.13176
G1 X108.139 Y103.25 E2.14547
G1 X108.022 Y103.017 E2.15801
G1 X107.826 Y102.808 E2.17179
G1 X107.492 Y102.637 E2.18984
G1 X97.838 Y99.894 E2.67254
G1 X98.329 Y98.168 E2.75885
G1 X107.979 Y100.923 E3.24153
G1 X108.353 Y100.954 E3.25958
G1 X108.63 Y100.879 E3.27338
G1 X108.851 Y100.744 E3.28584
G1 X109.042 Y100.536 E3.29942
G1 X109.171 Y100.26 E3.31407
G1 X109.287 Y99.851 E3.33452
G1 X111.218 Y100.401 E3.43109
G1 X109.985 Y104.735 E3.64781
G1 X109.985 Y104.735 F7800
G1 X110.409 Y105.319
G1 F900
G1 X107.713 Y104.552 E3.78262
G1 X107.608 Y104.344 E3.79383
G1 X107.806 Y103.544 E3.83347
G1 X107.775 Y103.376 E3.84169
G1 X107.587 Y103.111 E3.85732
G1 X107.386 Y103.008 E3.86818
G1 X97.54 Y100.211 E4.36048
G1 X97.426 Y99.935 E4.37484
G1 X97.999 Y97.921 E4.47555
G1 X98.243 Y97.743 E4.49008
G1 X108.085 Y100.552 E4.98235
G1 X108.309 Y100.57 E4.99316
G1 X108.476 Y100.526 E5.00147
G1 X108.723 Y100.32 E5.01694
G1 X108.8 Y100.154 E5.02574
G1 X108.977 Y99.531 E5.05689
G1 X109.169 Y99.417 E5.06763
G1 X111.834 Y100.175 E5.20089
G1 X111.647 Y100.302 E5.21176
G1 X110.283 Y105.094 E5.45139
G1 X110.379 Y105.267 E5.46091
G1 X110.379 Y105.267 F7800
G1 X110.722 Y105.318
;TYPE:External perimeter
G1 F1800
G1 X110.788 Y105.435 E5.46737
;WIDTH:0.444537
G1 X116.976 Y107.196 E5.77242
G1 X117.202 Y107.656 E5.79672
G1 X110.684 Y105.801 E6.11804
;WIDTH:0.45
G1 X107.444 Y104.876 E6.2801
G1 X107.196 Y104.382 E6.30669
G1 X107.414 Y103.618 E6.3449
G1 X107.387 Y103.455 E6.35285
G1 X107.281 Y103.379 E6.35912
G1 X97.255 Y100.53 E6.86043
G1 X97.018 Y99.959 E6.89016
G1 X97.664 Y97.687 E7.00377
G1 X98.169 Y97.32 E7.0338
G1 X108.191 Y100.181 E7.53508
G1 X108.321 Y100.172 E7.54135
G1 X108.429 Y100.049 E7.54922
G1 X108.648 Y99.278 E7.58777
G1 X109.114 Y99 E7.61387
G1 X112.358 Y99.918 E7.77602
;WIDTH:0.440297
G1 X118.873 Y101.772 E8.09361
G1 X118.443 Y102.041 E8.11739
G1 X112.255 Y100.28 E8.41904
;WIDTH:0.45
G1 X112.018 Y100.408 E8.432
G1 X110.654 Y105.2 E8.67163
G1 X110.692 Y105.266 E8.67529
G1 X111.021 Y105.493 F7800
G1 E6.67529 F2400
G92 E0
G1 X98.528 Y98.526 F7800
G1 E2 F2400
;TYPE:Solid infill
G1 F1200
G1 X107.988 Y101.221 E2.4731
G1 X108.357 Y101.241 E2.49087
G1 X108.719 Y101.152 E2.5088
G1 X109.011 Y100.983 E2.52503
G1 X109.281 Y100.698 E2.54391
G1 X109.486 Y100.209 E2.56941
G1 X110.861 Y100.6 E2.63816
G1 X109.769 Y104.436 E2.82999
G1 X108.395 Y104.044 E2.89871
G1 X108.478 Y103.549 E2.92285
G1 X108.419 Y103.183 E2.94068
G1 X108.273 Y102.877 E2.95699
G1 X108.025 Y102.601 E2.97484
G1 X107.656 Y102.388 E2.99533
G1 X98.196 Y99.695 E3.4684
G1 X98.476 Y98.711 E3.51761
G1 X98.818 Y99.025 E3.53994
;WIDTH:0.479481
G1 X98.804 Y99.021 E3.54069
G1 X98.69 Y99.42 E3.56217
G1 X107.765 Y102.004 E4.05069
;WIDTH:0.47803
G1 X108.17 Y102.23 E4.07462
;WIDTH:0.45
G1 X108.577 Y102.635 E4.10224
G1 X108.798 Y103.112 E4.12752
G1 X108.861 Y103.596 E4.151
G1 X108.84 Y103.77 E4.15943
G1 X109.504 Y103.959 E4.19263
G1 X110.384 Y100.865 E4.34734
G1 X109.719 Y100.676 E4.38059
G1 X109.547 Y100.98 E4.39739
G1 X109.212 Y101.313 E4.42011
G1 X108.82 Y101.525 E4.44154
G1 X108.342 Y101.626 E4.46504
;WIDTH:0.47803
G1 X107.878 Y101.606 E4.489
;WIDTH:0.479481
G1 X99.004 Y99.078 E4.96672
G1 E2.96672 F2400
G92 E0
G1 X99.004 Y99.078 F7800
G1 X108.486 Y101.994
G1 E2 F2400
;WIDTH:0.45
G1 F1200
G1 X108.92 Y101.897 E2.02139
G1 X109.171 Y101.789 E2.03453
G1 X109.622 Y101.47 E2.0611
G1 X109.902 Y101.152 E2.08148
G1 X109.246 Y103.455 E2.19665
G1 X109.235 Y103.35 E2.20173
G1 X109.09 Y102.783 E2.22988
G1 X108.894 Y102.416 E2.24989
G1 X108.62 Y102.132 E2.26887
G1 E.26887 F2400
G92 E0
G1 X108.62 Y102.132 F7800
G92 E0
G1 X116.453 Y117.686
G1 E2 F2400
;TYPE:Support material
;WIDTH:0.35
G1 F3600
G1 X116.021 Y116.695 E2.03851
G1 X116.058 Y116.069 E2.06085
G1 X116.296 Y116.136 E2.06966
G1 X116.656 Y116.415 E2.08589
G1 X116.964 Y116.821 E2.10404
G1 X117.163 Y117.311 E2.12288
G1 X117.977 Y117.849 E2.15764
G1 X118.413 Y118.045 E2.17467
G1 X119.714 Y117.921 E2.22123
G1 X120.201 Y118.187 E2.241
G1 X120.444 Y118.49 E2.25484
G1 X120.549 Y118.828 E2.26745
G1 X120.51 Y119.161 E2.27939
G1 X120.329 Y119.451 E2.29157
G1 X120.016 Y119.661 E2.305
G1 X119.403 Y119.738 E2.32701
G1 X119.17 Y119.697 E2.33544
G1 X118.874 Y119.5 E2.34811
G1 X118.48 Y119.045 E2.36955
G1 X118.322 Y118.673 E2.38395
G1 X117.984 Y118.753 E2.39632
G1 X117.72 Y118.608 E2.40705
G1 X117.53 Y118.639 E2.41391
G1 X117 Y118.524 E2.43323
G1 X116.478 Y118.881 E2.45576
G1 X115.994 Y119.081 E2.47442
G1 X115.517 Y119.132 E2.49151
G1 X115.194 Y119.039 E2.50348
G1 X115.027 Y118.724 E2.51618
G1 X115.118 Y118.43 E2.52714
G1 X115.689 Y118.014 E2.55231
G1 X116.146 Y117.874 E2.56934
G1 X115.63 Y116.548 E2.62003
G1 X115.685 Y116.272 E2.63006
G1 X116.015 Y116.067 E2.6439
G1 E.6439 F2400
G92 E0
G1 X116.015 Y116.067 F7800
G1 X109.968 Y118.306
G1 E2 F2400
;TYPE:Perimeter
;WIDTH:0.45
G1 F900
G1 X108.037 Y117.756 E2.09657
G1 X108.155 Y117.341 E2.11732
G1 X108.192 Y117.043 E2.13176
G1 X108.139 Y116.763 E2.14547
G1 X108.022 Y116.53 E2.15801
G1 X107.826 Y116.321 E2.17179
G1 X107.492 Y116.15 E2.18984
G1 X97.838 Y113.407 E2.67254
G1 X98.329 Y111.681 E2.75885
G1 X107.979 Y114.436 E3.24153
G1 X108.353 Y114.466 E3.25958
G1 X108.63 Y114.392 E3.27337
G1 X108.851 Y114.257 E3.28583
G1 X109.042 Y114.049 E3.29941
G1 X109.171 Y113.772 E3.31411
G1 X109.287 Y113.364 E3.33451
G1 X111.218 Y113.914 E3.43108
G1 X109.985 Y118.248 E3.6478
G1 X109.985 Y118.248 F7800
G1 X110.409 Y118.832
G1 F900
G1 X107.713 Y118.065 E3.78261
G1 X107.608 Y117.856 E3.79386
G1 X107.806 Y117.057 E3.83345
G1 X107.775 Y116.889 E3.84167
G1 X107.587 Y116.624 E3.8573
G1 X107.386 Y116.521 E3.86816
G1 X97.54 Y113.723 E4.36047
G1 X97.426 Y113.448 E4.37479
G1 X97.999 Y111.433 E4.47555
G1 X98.243 Y111.256 E4.49005
G1 X108.085 Y114.065 E4.98232
G1 X108.309 Y114.083 E4.99313
G1 X108.476 Y114.039 E5.00144
G1 X108.723 Y113.833 E5.01691
G1 X108.8 Y113.667 E5.02571
G1 X108.977 Y113.044 E5.05686
G1 X109.169 Y112.93 E5.0676
G1 X111.834 Y113.688 E5.20086
G1 X111.647 Y113.815 E5.21173
G1 X110.283 Y118.607 E5.45136
G1 X110.379 Y118.779 E5.46083
G1 X110.379 Y118.779 F7800
G1 X110.722 Y118.831
;TYPE:External perimeter
G1 F1800
G1 X110.788 Y118.948 E5.46729
;WIDTH:0.444537
G1 X116.976 Y120.709 E5.77234
G1 X117.202 Y121.169 E5.79664
G1 X110.684 Y119.314 E6.11796
;WIDTH:0.45
G1 X107.444 Y118.389 E6.28002
G1 X107.196 Y117.895 E6.30661
G1 X107.414 Y117.13 E6.34487
G1 X107.387 Y116.968 E6.35277
G1 X107.281 Y116.892 E6.35904
G1 X97.255 Y114.043 E6.86035
G1 X97.018 Y113.472 E6.89008
G1 X97.664 Y111.2 E7.00369
G1 X98.169 Y110.833 E7.03372
G1 X108.191 Y113.694 E7.535
G1 X108.321 Y113.685 E7.54127
G1 X108.429 Y113.561 E7.54918
G1 X108.648 Y112.791 E7.58768
G1 X109.114 Y112.513 E7.61378
G1 X112.358 Y113.431 E7.77593
;WIDTH:0.440297
G1 X118.873 Y115.285 E8.09352
G1 X118.443 Y115.553 E8.11728
G1 X112.255 Y113.793 E8.41892
;WIDTH:0.45
G1 X112.018 Y113.921 E8.43188
G1 X110.654 Y118.713 E8.67151
G1 X110.692 Y118.779 E8.67517
G1 X111.021 Y119.006 F7800
G1 E6.67517 F2400
G92 E0
G1 X98.528 Y112.039 F7800
G1 E2 F2400
;TYPE:Solid infill
G1 F1200
G1 X107.988 Y114.734 E2.4731
G1 X108.357 Y114.754 E2.49087
G1 X108.719 Y114.665 E2.5088
G1 X109.011 Y114.496 E2.52503
G1 X109.281 Y114.211 E2.54391
G1 X109.486 Y113.722 E2.56941
G1 X110.861 Y114.113 E2.63816
G1 X109.769 Y117.948 E2.82994
G1 X108.395 Y117.557 E2.89865
G1 X108.478 Y117.062 E2.92279
G1 X108.419 Y116.696 E2.94062
G1 X108.273 Y116.39 E2.95693
G1 X108.025 Y116.114 E2.97478
G1 X107.656 Y115.901 E2.99527
G1 X98.196 Y113.208 E3.46834
G1 X98.476 Y112.224 E3.51755
G1 X98.818 Y112.538 E3.53988
;WIDTH:0.479481
G1 X98.804 Y112.533 E3.54065
G1 X98.69 Y112.933 E3.56218
G1 X107.765 Y115.516 E4.05069
;WIDTH:0.47803
G1 X108.17 Y115.743 E4.07464
;WIDTH:0.45
G1 X108.577 Y116.148 E4.10226
G1 X108.798 Y116.625 E4.12754
G1 X108.861 Y117.109 E4.15102
G1 X108.84 Y117.283 E4.15945
G1 X109.504 Y117.472 E4.19265
G1 X110.384 Y114.378 E4.34736
G1 X109.719 Y114.189 E4.38061
G1 X109.547 Y114.493 E4.39741
G1 X109.212 Y114.826 E4.42013
G1 X108.82 Y115.037 E4.44154
G1 X108.342 Y115.139 E4.46505
;WIDTH:0.47803
G1 X107.878 Y115.119 E4.48901
;WIDTH:0.479481
G1 X99.004 Y112.59 E4.96674
G1 E2.96674 F2400
G92 E0
G1 X99.004 Y112.59 F7800
G1 X108.486 Y115.507
G1 E2 F2400
;WIDTH:0.45
G1 F1200
G1 X108.92 Y115.41 E2.02139
G1 X109.171 Y115.302 E2.03453
G1 X109.622 Y114.983 E2.0611
G1 X109.902 Y114.665 E2.08148
G1 X109.246 Y116.968 E2.19665
G1 X109.235 Y116.862 E2.20178
G1 X109.09 Y116.296 E2.22988
G1 X108.894 Y115.929 E2.24989
G1 X108.62 Y115.645 E2.26887
G1 E.26887 F2400
G92 E0
G1 X108.62 Y115.645 F7800
G92 E0
G1 X116.453 Y131.199
G1 E2 F2400
;TYPE:Support material
;WIDTH:0.35
G1 F3600
G1 X116.021 Y130.207 E2.03854
G1 X116.058 Y129.582 E2.06084
G1 X116.296 Y129.649 E2.06965
G1 X116.656 Y129.928 E2.08588
G1 X116.964 Y130.334 E2.10403
G1 X117.163 Y130.824 E2.12287
G1 X117.977 Y131.362 E2.15763
G1 X118.413 Y131.558 E2.17466
G1 X119.714 Y131.434 E2.22122
G1 X120.201 Y131.7 E2.24099
G1 X120.444 Y132.003 E2.25483
G1 X120.549 Y132.341 E2.26744
G1 X120.51 Y132.673 E2.27935
G1 X120.329 Y132.964 E2.29156
G1 X120.016 Y133.174 E2.30499
G1 X119.403 Y133.251 E2.327
G1 X119.17 Y133.21 E2.33543
G1 X118.874 Y133.013 E2.3481
G1 X118.48 Y132.558 E2.36954
G1 X118.322 Y132.186 E2.38394
G1 X117.984 Y132.266 E2.39631
G1 X117.72 Y132.12 E2.40706
G1 X117.53 Y132.152 E2.41392
G1 X117 Y132.036 E2.43325
G1 X116.478 Y132.394 E2.4558
G1 X115.994 Y132.594 E2.47446
G1 X115.517 Y132.645 E2.49155
G1 X115.194 Y132.552 E2.50352
G1 X115.027 Y132.237 E2.51622
G1 X115.118 Y131.943 E2.52718
G1 X115.689 Y131.527 E2.55235
G1 X116.146 Y131.387 E2.56938
G1 X115.63 Y130.061 E2.62007
G1 X115.685 Y129.785 E2.6301
G1 X116.015 Y129.58 E2.64394
G1 E.64394 F2400
G92 E0
G1 X116.015 Y129.58 F7800
G1 X109.968 Y131.819
G1 E2 F2400
;TYPE:Perimeter
;WIDTH:0.45
G1 F900
G1 X108.037 Y131.269 E2.09657
G1 X108.155 Y130.854 E2.11732
G1 X108.192 Y130.556 E2.13176
G1 X108.139 Y130.276 E2.14547
G1 X108.022 Y130.043 E2.15801
G1 X107.826 Y129.834 E2.17179
G1 X107.492 Y129.663 E2.18984
G1 X97.838 Y126.92 E2.67254
G1 X98.329 Y125.194 E2.75885
G1 X107.979 Y127.949 E3.24153
G1 X108.353 Y127.979 E3.25958
G1 X108.63 Y127.905 E3.27337
G1 X108.851 Y127.77 E3.28583
G1 X109.042 Y127.562 E3.29941
G1 X109.171 Y127.285 E3.31411
G1 X109.287 Y126.877 E3.33451
G1 X111.218 Y127.427 E3.43108
G1 X109.985 Y131.761 E3.6478
G1 X109.985 Y131.761 F7800
G1 X110.409 Y132.345
G1 F900
G1 X107.713 Y131.578 E3.78261
G1 X107.608 Y131.369 E3.79386
G1 X107.806 Y130.57 E3.83345
G1 X107.775 Y130.402 E3.84167
G1 X107.587 Y130.137 E3.8573
G1 X107.386 Y130.034 E3.86816
G1 X97.54 Y127.236 E4.36047
G1 X97.426 Y126.961 E4.37479
G1 X97.999 Y124.946 E4.47555
G1 X98.243 Y124.769 E4.49005
G1 X108.085 Y127.578 E4.98232
G1 X108.309 Y127.596 E4.99313
G1 X108.476 Y127.551 E5.00145
G1 X108.723 Y127.346 E5.01689
G1 X108.8 Y127.18 E5.02569
G1 X108.977 Y126.556 E5.05689
G1 X109.169 Y126.443 E5.06761
G1 X111.834 Y127.201 E5.20087
G1 X111.647 Y127.328 E5.21174
G1 X110.283 Y132.12 E5.45137
G1 X110.379 Y132.292 E5.46084
G1 X110.379 Y132.292 F7800
G1 X110.722 Y132.344
;TYPE:External perimeter
G1 F1800
G1 X110.788 Y132.461 E5.4673
;WIDTH:0.444537
G1 X116.976 Y134.222 E5.77235
G1 X117.202 Y134.681 E5.79661
G1 X110.684 Y132.827 E6.11792
;WIDTH:0.45
G1 X107.444 Y131.902 E6.27998
G1 X107.196 Y131.408 E6.30657
G1 X107.414 Y130.643 E6.34483
G1 X107.387 Y130.481 E6.35273
G1 X107.281 Y130.405 E6.359
G1 X97.255 Y127.556 E6.86031
G1 X97.018 Y126.985 E6.89004
G1 X97.664 Y124.713 E7.00365
G1 X98.169 Y124.346 E7.03368
G1 X108.191 Y127.207 E7.53496
G1 X108.321 Y127.198 E7.54123
G1 X108.429 Y127.074 E7.54914
G1 X108.648 Y126.303 E7.58769
G1 X109.114 Y126.026 E7.61376
G1 X112.358 Y126.944 E7.77591
;WIDTH:0.440297
G1 X118.873 Y128.798 E8.0935
G1 X118.443 Y129.066 E8.11726
G1 X112.255 Y127.305 E8.41891
;WIDTH:0.45
G1 X112.018 Y127.434 E8.43189
G1 X110.654 Y132.226 E8.67152
G1 X110.692 Y132.292 E8.67518
G1 X111.021 Y132.519 F7800
G1 E6.67518 F2400
G92 E0
G1 X98.528 Y125.552 F7800
G1 E2 F2400
;TYPE:Solid infill
G1 F1200
G1 X107.988 Y128.247 E2.4731
G1 X108.357 Y128.267 E2.49087
G1 X108.719 Y128.178 E2.5088
G1 X109.011 Y128.009 E2.52503
G1 X109.281 Y127.723 E2.54395
G1 X109.486 Y127.235 E2.56941
G1 X110.861 Y127.626 E2.63816
G1 X109.769 Y131.461 E2.82994
G1 X108.395 Y131.07 E2.89865
G1 X108.478 Y130.575 E2.92279
G1 X108.419 Y130.209 E2.94062
G1 X108.273 Y129.902 E2.95697
G1 X108.025 Y129.627 E2.97478
G1 X107.656 Y129.414 E2.99527
G1 X98.196 Y126.721 E3.46834
G1 X98.476 Y125.737 E3.51755
G1 X98.818 Y126.05 E3.53985
;WIDTH:0.479481
G1 X98.804 Y126.046 E3.5406
G1 X98.69 Y126.446 E3.56213
G1 X107.765 Y129.029 E4.05064
;WIDTH:0.47803
G1 X108.17 Y129.256 E4.07459
;WIDTH:0.45
G1 X108.577 Y129.661 E4.10221
G1 X108.798 Y130.138 E4.12749
G1 X108.861 Y130.621 E4.15092
G1 X108.84 Y130.796 E4.1594
G1 X109.504 Y130.985 E4.1926
G1 X110.384 Y127.891 E4.34731
G1 X109.719 Y127.702 E4.38056
G1 X109.547 Y128.006 E4.39736
G1 X109.212 Y128.338 E4.42004
G1 X108.82 Y128.55 E4.44147
G1 X108.342 Y128.652 E4.46498
;WIDTH:0.47803
G1 X107.878 Y128.631 E4.48894
;WIDTH:0.479481
G1 X99.004 Y126.103 E4.96666
G1 E2.96666 F2400
G92 E0
G1 X99.004 Y126.103 F7800
G1 X108.486 Y129.019
G1 E2 F2400
;WIDTH:0.45
G1 F1200
G1 X108.92 Y128.923 E2.02138
G1 X109.171 Y128.815 E2.03452
G1 X109.622 Y128.496 E2.06109
G1 X109.902 Y128.178 E2.08147
G1 X109.246 Y130.481 E2.19664
G1 X109.235 Y130.375 E2.20177
G1 X109.09 Y129.809 E2.22987
G1 X108.894 Y129.441 E2.24992
G1 X108.62 Y129.158 E2.26887
M106 S137.7
;LAYER_CHANGE
;Z:5.15
;HEIGHT:0.3
G1 Z5.15 F7800
G1 E.26887 F2400
G92 E0
G92 E0
G1 X119.354 Y90.459 F7800
G1 E2 F2400
;TYPE:Support material interface
;WIDTH:0.35
G1 F3600
G1 X119.18 Y90.633 E2.00877
G1 X119.368 Y90.848 E2.01894
G1 X119.564 Y90.652 E2.02881
G1 X119.879 Y90.741 E2.04047
G1 X119.548 Y91.073 E2.05717
G1 X119.774 Y91.25 E2.0674
G1 X120.193 Y90.831 E2.08851
G1 X120.465 Y90.964 E2.0993
G1 X119.933 Y91.495 E2.12608
G1 X120.026 Y91.647 E2.13243
G1 X119.67 Y92.149 E2.15435
G1 X119.267 Y92.161 E2.16871
G1 X118.982 Y92.446 E2.18307
G1 X118.667 Y92.357 E2.19473
G1 X118.868 Y92.156 E2.20486
G1 X118.868 Y92.156 F7800
G1 X118.513 Y92.643
;TYPE:Support material
G1 F3600
G1 X119.58 Y92.947 E2.24438
G1 X119.101 Y93.14 E2.26278
G1 X118.628 Y93.166 E2.27966
G1 X118.533 Y93.049 E2.28503
G1 X118.472 Y92.632 E2.30004
G1 X118.472 Y92.632 F7800
G1 X119.821 Y92.819
;TYPE:Support material interface
G1 F3600
G1 X121.053 Y91.587 E2.36211
G1 X120.876 Y91.36 E2.37236
G1 X119.611 Y92.625 E2.43609
G1 X119.296 Y92.536 E2.44775
G1 X120.74 Y91.092 E2.5205
G1 X120.74 Y91.092 F7800
G1 X121.253 Y91.791
G1 F3600
G1 X120.361 Y92.683 E2.56544
G1 E.56544 F2400
G92 E0
G1 X120.361 Y92.683 F7800
G1 X123.149 Y93.133
G1 E2 F2400
;TYPE:Support material
G1 F3600
G1 X122.506 Y92.933 E2.02399
G1 X122.274 Y92.653 E2.03694
G1 X122.34 Y92.48 E2.04354
G1 X122.601 Y92.386 E2.05342
G1 X122.615 Y92.037 E2.06586
G1 X122.929 Y92.073 E2.07712
G1 X123.42 Y92.23 E2.09548
G1 X123.698 Y92.471 E2.10859
G1 X123.792 Y92.774 E2.11989
G1 X123.751 Y93.066 E2.13039
G1 X123.58 Y93.316 E2.14118
G1 X123.298 Y93.484 E2.15287
G1 X123.005 Y93.482 E2.16331
G1 X122.314 Y93.232 E2.18949
G1 X121.969 Y92.843 E2.20801
G1 X121.944 Y92.457 E2.22179
G1 X122.055 Y92.264 E2.22972
G1 X122.572 Y92.034 E2.24988
G1 E.24988 F2400
G92 E0
G1 X122.572 Y92.034 F7800
G1 X119.59 Y89.867
G1 E2 F2400
G1 F3600
G1 X119.937 Y90.147 E2.01588
G1 X120.199 Y90.502 E2.0316
G1 X119.132 Y90.199 E2.07111
G1 X119.456 Y89.858 E2.08787
G1 X119.553 Y89.844 E2.09136
G1 E.09136 F2400
G92 E0
G1 X119.553 Y89.844 F7800
G1 X113.633 Y92.18
G1 E2 F2400
;TYPE:Perimeter
;WIDTH:0.45
G1 F900
G1 X111.702 Y91.631 E2.09656
G1 X111.883 Y90.88 E2.13371
G1 X111.762 Y90.394 E2.1578
G1 X111.57 Y90.151 E2.1727
G1 X111.183 Y89.934 E2.19404
G1 X101.571 Y87.215 E2.67448
G1 X101.546 Y87.133 E2.6786
G1 X101.861 Y86.023 E2.7341
G1 X101.942 Y85.927 E2.74014
G1 X111.543 Y88.659 E3.22025
G1 X111.989 Y88.679 E3.24172
G1 X112.279 Y88.574 E3.25655
G1 X112.639 Y88.223 E3.28073
G1 X112.736 Y87.996 E3.2926
G1 X112.881 Y87.487 E3.31806
G1 X114.812 Y88.037 E3.41463
G1 X113.649 Y92.123 E3.61896
G1 X113.649 Y92.123 F7800
G1 X114.099 Y92.714
G1 F900
G1 X111.384 Y91.941 E3.75473
G1 X111.276 Y91.718 E3.76665
G1 X111.497 Y90.872 E3.80871
G1 X111.424 Y90.581 E3.82314
G1 X111.31 Y90.435 E3.83205
G1 X111.077 Y90.305 E3.84488
G1 X101.263 Y87.528 E4.33543
G1 X101.145 Y87.137 E4.35507
G1 X101.53 Y85.778 E4.42301
G1 X101.843 Y85.498 E4.44321
G1 X111.648 Y88.288 E4.93352
G1 X111.917 Y88.301 E4.94647
G1 X112.091 Y88.237 E4.95539
G1 X112.307 Y88.026 E4.96991
G1 X112.365 Y87.891 E4.97698
G1 X112.564 Y87.194 E5.01184
G1 X112.776 Y87.056 E5.02401
G1 X115.463 Y87.821 E5.15838
G1 X115.229 Y87.979 E5.17196
G1 X113.956 Y92.456 E5.39582
G1 X114.07 Y92.661 E5.4071
G1 X114.07 Y92.661 F7800
G1 X114.392 Y92.681
;TYPE:External perimeter
;WIDTH:0.458123
G1 F1800
G1 X114.458 Y92.803 E5.41391
G1 X120.641 Y94.562 E5.7296
G1 X120.864 Y95.035 E5.75528
G1 X113.592 Y92.97 E6.12653
;WIDTH:0.45
G1 X111.111 Y92.265 E6.25058
G1 X110.866 Y91.753 E6.27788
G1 X111.104 Y90.914 E6.31983
G1 X111.087 Y90.768 E6.3269
G1 X110.971 Y90.676 E6.33402
G1 X100.955 Y87.842 E6.83467
G1 X100.743 Y87.14 E6.86994
G1 X101.19 Y85.565 E6.94868
G1 X101.745 Y85.069 E6.98448
G1 X111.754 Y87.917 E7.48499
G1 X111.903 Y87.901 E7.4922
G1 X111.995 Y87.785 E7.49932
G1 X112.232 Y86.949 E7.54111
G1 X112.713 Y86.638 E7.56866
G1 X115.186 Y87.341 E7.69232
;WIDTH:0.461718
G1 X122.462 Y89.418 E8.06731
;WIDTH:0.461716
G1 X122.022 Y89.705 E8.09334
G1 X115.84 Y87.946 E8.41187
G1 X115.6 Y88.085 E8.42561
;WIDTH:0.45
G1 X114.326 Y92.561 E8.64944
;WIDTH:0.458123
G1 X114.363 Y92.628 E8.6532
G1 X114.689 Y92.86 F7800
G1 E6.6532 F2400
G92 E0
G1 X101.884 Y87.003 F7800
G1 E2 F2400
;TYPE:Solid infill
;WIDTH:0.45
G1 F1200
G1 X102.092 Y86.27 E2.03665
G1 X111.568 Y88.961 E2.51043
G1 X112.074 Y88.954 E2.53477
G1 X112.456 Y88.797 E2.55463
G1 X112.907 Y88.327 E2.58596
G1 X113.071 Y87.842 E2.61058
G1 X114.455 Y88.236 E2.67979
G1 X113.434 Y91.823 E2.85916
G1 X112.05 Y91.429 E2.92837
G1 X112.164 Y90.841 E2.95718
G1 X112.029 Y90.297 E2.98414
G1 X111.787 Y89.962 E3.00402
G1 X111.345 Y89.684 E3.02913
G1 X102.07 Y87.055 E3.4928
G1 X102.354 Y86.74 E3.5132
;WIDTH:0.439923
G1 X111.447 Y89.321 E3.95594
;WIDTH:0.438841
G1 X111.496 Y89.334 E3.95831
;WIDTH:0.443047
G1 X111.663 Y89.431 E3.96743
;WIDTH:0.45
G1 X111.939 Y89.59 E3.98275
G1 X112.296 Y89.985 E4.00836
G1 X112.403 Y90.204 E4.02008
G1 X112.538 Y90.748 E4.04704
G1 X112.541 Y91.018 E4.06003
G1 X112.508 Y91.159 E4.06699
G1 X113.169 Y91.347 E4.10004
G1 X113.978 Y88.501 E4.24235
G1 X113.318 Y88.313 E4.27536
G1 X113.22 Y88.564 E4.28832
G1 X112.725 Y89.072 E4.32243
G1 X112.519 Y89.202 E4.33415
G1 X112.007 Y89.351 E4.3598
G1 X111.496 Y89.334 E4.38439
G1 X111.496 Y89.334 F7800
G1 X112.571 Y89.64
;WIDTH:0.537909
G1 F1200
G1 X112.816 Y89.537 E4.40009
G1 X113.38 Y89.033 E4.44476
G1 X112.94 Y90.581 E4.53981
G1 X112.725 Y89.857 E4.58442
G1 X112.682 Y89.798 E4.58873
G1 E2.58873 F2400
G92 E0
G1 X112.682 Y89.798 F7800
G92 E0
G1 X115.727 Y102.939
G1 E2 F2400
;TYPE:Support material interface
;WIDTH:0.35
G1 F3600
G1 X115.553 Y103.114 E2.00879
G1 X115.741 Y103.329 E2.01896
G1 X115.937 Y103.133 E2.02883
G1 X116.252 Y103.222 E2.04049
G1 X115.92 Y103.554 E2.05722
G1 X116.147 Y103.731 E2.06747
G1 X116.566 Y103.312 E2.08858
G1 X116.837 Y103.444 E2.09932
G1 X116.306 Y103.976 E2.1261
G1 X116.398 Y104.128 E2.13243
G1 X116.043 Y104.63 E2.15433
G1 X115.64 Y104.642 E2.16869
G1 X115.355 Y104.927 E2.18305
G1 X115.04 Y104.838 E2.19471
G1 X115.241 Y104.637 E2.20484
G1 X115.241 Y104.637 F7800
G1 X114.886 Y105.124
;TYPE:Support material
G1 F3600
G1 X115.953 Y105.428 E2.24436
G1 X115.474 Y105.621 E2.26276
G1 X115.001 Y105.647 E2.27964
G1 X114.906 Y105.53 E2.28501
G1 X114.845 Y105.113 E2.30002
G1 X114.845 Y105.113 F7800
G1 X116.194 Y105.3
;TYPE:Support material interface
G1 F3600
G1 X117.426 Y104.067 E2.36211
G1 X117.249 Y103.841 E2.37234
G1 X115.984 Y105.106 E2.43607
G1 X115.669 Y105.017 E2.44773
G1 X117.113 Y103.573 E2.52048
G1 X117.113 Y103.573 F7800
G1 X117.626 Y104.272
G1 F3600
G1 X116.734 Y105.164 E2.56542
G1 E.56542 F2400
G92 E0
G1 X116.734 Y105.164 F7800
G1 X119.522 Y105.614
G1 E2 F2400
;TYPE:Support material
G1 F3600
G1 X118.879 Y105.414 E2.02399
G1 X118.647 Y105.134 E2.03694
G1 X118.713 Y104.961 E2.04354
G1 X118.974 Y104.867 E2.05342
G1 X118.987 Y104.517 E2.0659
G1 X119.301 Y104.553 E2.07716
G1 X119.793 Y104.711 E2.09557
G1 X120.071 Y104.952 E2.10868
G1 X120.165 Y105.254 E2.11995
G1 X120.124 Y105.546 E2.13045
G1 X119.953 Y105.797 E2.14127
G1 X119.671 Y105.965 E2.15296
G1 X119.378 Y105.963 E2.1634
G1 X118.687 Y105.713 E2.18958
G1 X118.342 Y105.324 E2.2081
G1 X118.317 Y104.938 E2.22188
G1 X118.428 Y104.745 E2.22981
G1 X118.945 Y104.515 E2.24997
G1 E.24997 F2400
G92 E0
G1 X118.945 Y104.515 F7800
G1 X115.963 Y102.348
G1 E2 F2400
G1 F3600
G1 X116.31 Y102.628 E2.01588
G1 X116.572 Y102.983 E2.0316
G1 X115.505 Y102.679 E2.07112
G1 X115.829 Y102.338 E2.08788
G1 X115.926 Y102.325 E2.09137
G1 E.09137 F2400
G92 E0
G1 X115.926 Y102.325 F7800
G1 X110.006 Y104.661
G1 E2 F2400
;TYPE:Perimeter
;WIDTH:0.45
G1 F900
G1 X108.075 Y104.112 E2.09656
G1 X108.255 Y103.36 E2.13375
G1 X108.134 Y102.874 E2.15784
G1 X107.943 Y102.632 E2.17267
G1 X107.555 Y102.415 E2.19405
G1 X97.944 Y99.696 E2.67445
G1 X97.919 Y99.614 E2.67857
G1 X98.234 Y98.504 E2.73407
G1 X98.315 Y98.408 E2.74011
G1 X107.916 Y101.14 E3.22022
G1 X108.362 Y101.16 E3.24169
G1 X108.652 Y101.055 E3.25652
G1 X109.012 Y100.703 E3.28074
G1 X109.109 Y100.477 E3.29257
G1 X109.254 Y99.968 E3.31803
G1 X111.185 Y100.517 E3.41459
G1 X110.022 Y104.603 E3.61892
G1 X110.022 Y104.603 F7800
G1 X110.472 Y105.195
G1 F900
G1 X107.756 Y104.422 E3.75474
G1 X107.649 Y104.199 E3.76664
G1 X107.87 Y103.353 E3.8087
G1 X107.797 Y103.062 E3.82313
G1 X107.682 Y102.916 E3.83207
G1 X107.45 Y102.786 E3.84486
G1 X97.636 Y100.009 E4.33541
G1 X97.517 Y99.618 E4.35507
G1 X97.903 Y98.259 E4.42302
G1 X98.216 Y97.979 E4.44322
G1 X108.021 Y100.769 E4.93353
G1 X108.29 Y100.781 E4.94648
G1 X108.464 Y100.718 E4.95538
G1 X108.68 Y100.507 E4.9699
G1 X108.738 Y100.371 E4.97701
G1 X108.936 Y99.675 E5.01181
G1 X109.149 Y99.537 E5.02402
G1 X111.836 Y100.302 E5.15839
G1 X111.602 Y100.46 E5.17197
G1 X110.328 Y104.936 E5.3958
G1 X110.443 Y105.142 E5.40715
G1 X110.443 Y105.142 F7800
G1 X110.764 Y105.162
;TYPE:External perimeter
;WIDTH:0.458123
G1 F1800
G1 X110.831 Y105.284 E5.41399
G1 X117.014 Y107.043 E5.72968
G1 X117.237 Y107.516 E5.75536
G1 X109.965 Y105.451 E6.12661
;WIDTH:0.45
G1 X107.484 Y104.745 E6.25067
G1 X107.238 Y104.234 E6.27795
G1 X107.477 Y103.395 E6.31991
G1 X107.46 Y103.249 E6.32698
G1 X107.344 Y103.157 E6.3341
G1 X97.328 Y100.323 E6.83475
G1 X97.116 Y99.621 E6.87002
G1 X97.562 Y98.046 E6.94875
G1 X98.117 Y97.55 E6.98455
G1 X108.127 Y100.398 E7.4851
G1 X108.276 Y100.381 E7.49231
G1 X108.367 Y100.266 E7.49936
G1 X108.605 Y99.43 E7.54117
G1 X109.086 Y99.118 E7.56875
G1 X111.559 Y99.822 E7.69242
;WIDTH:0.461718
G1 X118.835 Y101.899 E8.06741
;WIDTH:0.461716
G1 X118.394 Y102.186 E8.09349
G1 X112.213 Y100.427 E8.41197
G1 X111.973 Y100.566 E8.42571
;WIDTH:0.45
G1 X110.699 Y105.042 E8.64954
;WIDTH:0.458123
G1 X110.736 Y105.109 E8.6533
G1 X111.062 Y105.341 F7800
G1 E6.6533 F2400
G92 E0
G1 X98.257 Y99.484 F7800
G1 E2 F2400
;TYPE:Solid infill
;WIDTH:0.45
G1 F1200
G1 X98.465 Y98.751 E2.03665
G1 X107.941 Y101.442 E2.51043
G1 X108.447 Y101.434 E2.53477
G1 X108.829 Y101.277 E2.55463
G1 X109.279 Y100.808 E2.58589
G1 X109.444 Y100.323 E2.61053
G1 X110.827 Y100.717 E2.67969
G1 X109.807 Y104.304 E2.85905
G1 X108.423 Y103.91 E2.92826
G1 X108.537 Y103.322 E2.95707
G1 X108.402 Y102.778 E2.98403
G1 X108.16 Y102.443 E3.00391
G1 X107.717 Y102.165 E3.02906
G1 X98.442 Y99.536 E3.49273
G1 X98.727 Y99.221 E3.51316
;WIDTH:0.439923
G1 X107.82 Y101.801 E3.95589
;WIDTH:0.438841
G1 X107.869 Y101.815 E3.95827
;WIDTH:0.443047
G1 X108.036 Y101.912 E3.96739
;WIDTH:0.45
G1 X108.312 Y102.071 E3.98271
G1 X108.669 Y102.466 E4.00832
G1 X108.776 Y102.685 E4.02004
G1 X108.911 Y103.229 E4.047
G1 X108.914 Y103.499 E4.05999
G1 X108.881 Y103.64 E4.06695
G1 X109.541 Y103.827 E4.09994
G1 X110.351 Y100.982 E4.24221
G1 X109.691 Y100.794 E4.27522
G1 X109.592 Y101.044 E4.28815
G1 X109.098 Y101.553 E4.32227
G1 X108.891 Y101.683 E4.33403
G1 X108.38 Y101.832 E4.35963
G1 X107.869 Y101.815 E4.38422
G1 X107.869 Y101.815 F7800
G1 X108.944 Y102.121
;WIDTH:0.537909
G1 F1200
G1 X109.189 Y102.018 E4.39992
G1 X109.753 Y101.514 E4.44459
G1 X109.312 Y103.062 E4.53965
G1 X109.097 Y102.338 E4.58426
G1 X109.055 Y102.278 E4.58859
G1 E2.58859 F2400
G92 E0
G1 X109.055 Y102.278 F7800
G92 E0
G1 X115.727 Y116.452
G1 E2 F2400
;TYPE:Support material interface
;WIDTH:0.35
G1 F3600
G1 X115.553 Y116.626 E2.00877
G1 X115.741 Y116.842 E2.01897
G1 X115.937 Y116.646 E2.02884
G1 X116.252 Y116.735 E2.0405
G1 X115.92 Y117.066 E2.0572
G1 X116.147 Y117.244 E2.06748
G1 X116.566 Y116.825 E2.08859
G1 X116.837 Y116.957 E2.09933
G1 X116.306 Y117.489 E2.12611
G1 X116.398 Y117.641 E2.13244
G1 X116.043 Y118.142 E2.15431
G1 X115.64 Y118.155 E2.16867
G1 X115.355 Y118.44 E2.18303
G1 X115.04 Y118.351 E2.19469
G1 X115.241 Y118.15 E2.20482
G1 X115.241 Y118.15 F7800
G1 X114.886 Y118.637
;TYPE:Support material
G1 F3600
G1 X115.953 Y118.941 E2.24434
G1 X115.474 Y119.133 E2.26272
G1 X115.001 Y119.159 E2.2796
G1 X114.906 Y119.043 E2.28494
G1 X114.845 Y118.625 E2.29999
G1 X114.845 Y118.625 F7800
G1 X116.194 Y118.813
;TYPE:Support material interface
G1 F3600
G1 X117.426 Y117.58 E2.36208
G1 X117.249 Y117.354 E2.37231
G1 X115.984 Y118.619 E2.43604
G1 X115.669 Y118.53 E2.4477
G1 X117.113 Y117.086 E2.52045
G1 X117.113 Y117.086 F7800
G1 X117.625 Y117.785
G1 F3600
G1 X116.734 Y118.677 E2.56536
G1 E.56536 F2400
G92 E0
G1 X116.734 Y118.677 F7800
G1 X119.522 Y119.127
G1 E2 F2400
;TYPE:Support material
G1 F3600
G1 X118.879 Y118.927 E2.02399
G1 X118.647 Y118.647 E2.03694
G1 X118.713 Y118.474 E2.04354
G1 X118.974 Y118.38 E2.05342
G1 X118.987 Y118.03 E2.0659
G1 X119.301 Y118.066 E2.07716
G1 X119.793 Y118.224 E2.09557
G1 X120.071 Y118.465 E2.10868
G1 X120.165 Y118.767 E2.11995
G1 X120.124 Y119.059 E2.13045
G1 X119.953 Y119.31 E2.14127
G1 X119.671 Y119.477 E2.15295
G1 X119.378 Y119.476 E2.16339
G1 X118.687 Y119.226 E2.18957
G1 X118.342 Y118.837 E2.20809
G1 X118.317 Y118.45 E2.22191
G1 X118.428 Y118.257 E2.22984
G1 X118.945 Y118.028 E2.24998
G1 E.24998 F2400
G92 E0
G1 X118.945 Y118.028 F7800
G1 X115.963 Y115.861
G1 E2 F2400
G1 F3600
G1 X116.31 Y116.141 E2.01588
G1 X116.572 Y116.496 E2.0316
G1 X115.505 Y116.192 E2.07112
G1 X115.829 Y115.851 E2.08788
G1 X115.926 Y115.838 E2.09137
G1 E.09137 F2400
G92 E0
G1 X115.926 Y115.838 F7800
G1 X110.006 Y118.174
G1 E2 F2400
;TYPE:Perimeter
;WIDTH:0.45
G1 F900
G1 X108.075 Y117.625 E2.09656
G1 X108.255 Y116.873 E2.13375
G1 X108.134 Y116.387 E2.15784
G1 X107.943 Y116.145 E2.17267
G1 X107.555 Y115.928 E2.19405
G1 X97.944 Y113.208 E2.67446
G1 X97.919 Y113.127 E2.67854
G1 X98.234 Y112.017 E2.73404
G1 X98.315 Y111.921 E2.74008
G1 X107.916 Y114.653 E3.22019
G1 X108.362 Y114.673 E3.24166
G1 X108.652 Y114.567 E3.25651
G1 X109.012 Y114.216 E3.28069
G1 X109.109 Y113.99 E3.29252
G1 X109.254 Y113.481 E3.31798
G1 X111.185 Y114.03 E3.41454
G1 X110.022 Y118.116 E3.61887
G1 X110.022 Y118.116 F7800
G1 X110.472 Y118.708
G1 F900
G1 X107.756 Y117.935 E3.75469
G1 X107.649 Y117.712 E3.76659
G1 X107.87 Y116.866 E3.80865
G1 X107.797 Y116.574 E3.82313
G1 X107.682 Y116.429 E3.83203
G1 X107.45 Y116.299 E3.84482
G1 X97.636 Y113.522 E4.33537
G1 X97.517 Y113.131 E4.35503
G1 X97.903 Y111.772 E4.42298
G1 X98.216 Y111.492 E4.44318
G1 X108.021 Y114.282 E4.93349
G1 X108.29 Y114.294 E4.94644
G1 X108.464 Y114.231 E4.95534
G1 X108.68 Y114.02 E4.96986
G1 X108.738 Y113.884 E4.97697
G1 X108.936 Y113.187 E5.01182
G1 X109.149 Y113.05 E5.024
G1 X111.836 Y113.815 E5.15837
G1 X111.602 Y113.973 E5.17195
G1 X110.328 Y118.449 E5.39578
G1 X110.443 Y118.655 E5.40713
G1 X110.443 Y118.655 F7800
G1 X110.764 Y118.675
;TYPE:External perimeter
;WIDTH:0.458123
G1 F1800
G1 X110.831 Y118.797 E5.41397
G1 X117.014 Y120.556 E5.72966
G1 X117.237 Y121.029 E5.75534
G1 X109.965 Y118.964 E6.12659
;WIDTH:0.45
G1 X107.484 Y118.258 E6.25065
G1 X107.238 Y117.747 E6.27793
G1 X107.477 Y116.908 E6.31989
G1 X107.46 Y116.762 E6.32696
G1 X107.344 Y116.67 E6.33408
G1 X97.328 Y113.836 E6.83473
G1 X97.116 Y113.134 E6.87
G1 X97.562 Y111.559 E6.94873
G1 X98.117 Y111.063 E6.98453
G1 X108.127 Y113.911 E7.48508
G1 X108.276 Y113.894 E7.49229
G1 X108.367 Y113.779 E7.49934
G1 X108.605 Y112.942 E7.54119
G1 X109.086 Y112.631 E7.56874
G1 X111.559 Y113.335 E7.69241
;WIDTH:0.461718
G1 X118.835 Y115.411 E8.06738
;WIDTH:0.461716
G1 X118.394 Y115.699 E8.09348
G1 X112.213 Y113.94 E8.41196
G1 X111.973 Y114.079 E8.4257
;WIDTH:0.45
G1 X110.699 Y118.555 E8.64953
;WIDTH:0.458123
G1 X110.736 Y118.622 E8.65329
G1 X111.062 Y118.854 F7800
G1 E6.65329 F2400
G92 E0
G1 X98.257 Y112.996 F7800
G1 E2 F2400
;TYPE:Solid infill
;WIDTH:0.45
G1 F1200
G1 X98.465 Y112.264 E2.0366
G1 X107.941 Y114.955 E2.51038
G1 X108.447 Y114.947 E2.53472
G1 X108.829 Y114.79 E2.55458
G1 X109.279 Y114.321 E2.58584
G1 X109.444 Y113.836 E2.61048
G1 X110.827 Y114.229 E2.67963
G1 X109.807 Y117.817 E2.85904
G1 X108.423 Y117.423 E2.92825
G1 X108.537 Y116.835 E2.95706
G1 X108.402 Y116.291 E2.98402
G1 X108.16 Y115.956 E3.0039
G1 X107.717 Y115.678 E3.02905
G1 X98.442 Y113.049 E3.49272
G1 X98.727 Y112.734 E3.51315
;WIDTH:0.439923
G1 X107.82 Y115.314 E3.95588
;WIDTH:0.438841
G1 X107.869 Y115.328 E3.95826
;WIDTH:0.443047
G1 X108.036 Y115.424 E3.96736
;WIDTH:0.45
G1 X108.312 Y115.583 E3.98268
G1 X108.669 Y115.979 E4.00832
G1 X108.776 Y116.197 E4.02
G1 X108.911 Y116.742 E4.047
G1 X108.914 Y117.012 E4.05999
G1 X108.881 Y117.152 E4.06691
G1 X109.541 Y117.34 E4.09992
G1 X110.351 Y114.495 E4.24219
G1 X109.691 Y114.307 E4.2752
G1 X109.592 Y114.557 E4.28813
G1 X109.098 Y115.066 E4.32225
G1 X108.891 Y115.196 E4.33401
G1 X108.38 Y115.344 E4.3596
G1 X107.869 Y115.328 E4.38419
G1 X107.869 Y115.328 F7800
G1 X108.944 Y115.634
;WIDTH:0.537909
G1 F1200
G1 X109.189 Y115.53 E4.39991
G1 X109.753 Y115.027 E4.44454
G1 X109.312 Y116.575 E4.5396
G1 X109.097 Y115.851 E4.58421
G1 X109.055 Y115.791 E4.58854
G1 E2.58854 F2400
G92 E0
G1 X109.055 Y115.791 F7800
G92 E0
G1 X115.727 Y129.965
G1 E2 F2400
;TYPE:Support material interface
;WIDTH:0.35
G1 F3600
G1 X115.553 Y130.139 E2.00877
G1 X115.741 Y130.355 E2.01897
G1 X115.937 Y130.159 E2.02884
G1 X116.252 Y130.248 E2.0405
G1 X115.92 Y130.579 E2.0572
G1 X116.147 Y130.756 E2.06745
G1 X116.566 Y130.338 E2.08853
G1 X116.837 Y130.47 E2.09927
G1 X116.306 Y131.001 E2.12602
G1 X116.398 Y131.154 E2.13238
G1 X116.043 Y131.655 E2.15425
G1 X115.64 Y131.668 E2.16861
G1 X115.355 Y131.953 E2.18297
G1 X115.04 Y131.864 E2.19463
G1 X115.241 Y131.662 E2.20478
G1 X115.241 Y131.662 F7800
G1 X114.886 Y132.15
;TYPE:Support material
G1 F3600
G1 X115.953 Y132.454 E2.2443
G1 X115.474 Y132.646 E2.26268
G1 X115.001 Y132.672 E2.27956
G1 X114.906 Y132.556 E2.2849
G1 X114.845 Y132.138 E2.29995
G1 X114.845 Y132.138 F7800
G1 X116.194 Y132.325
;TYPE:Support material interface
G1 F3600
G1 X117.426 Y131.093 E2.36202
G1 X117.249 Y130.867 E2.37225
G1 X115.984 Y132.132 E2.43598
G1 X115.669 Y132.042 E2.44765
G1 X117.113 Y130.598 E2.5204
G1 X117.113 Y130.598 F7800
G1 X117.625 Y131.298
G1 F3600
G1 X116.734 Y132.19 E2.56531
G1 E.56531 F2400
G92 E0
G1 X116.734 Y132.19 F7800
G1 X119.522 Y132.639
G1 E2 F2400
;TYPE:Support material
G1 F3600
G1 X118.879 Y132.439 E2.02399
G1 X118.647 Y132.16 E2.03692
G1 X118.713 Y131.986 E2.04355
G1 X118.974 Y131.893 E2.05342
G1 X118.987 Y131.543 E2.0659
G1 X119.301 Y131.579 E2.07716
G1 X119.793 Y131.737 E2.09557
G1 X120.071 Y131.978 E2.10868
G1 X120.165 Y132.28 E2.11995
G1 X120.124 Y132.572 E2.13045
G1 X119.953 Y132.823 E2.14127
G1 X119.671 Y132.99 E2.15295
G1 X119.378 Y132.989 E2.16339
G1 X118.687 Y132.739 E2.18957
G1 X118.342 Y132.35 E2.20809
G1 X118.317 Y131.963 E2.22191
G1 X118.428 Y131.77 E2.22984
G1 X118.945 Y131.541 E2.24998
G1 E.24998 F2400
G92 E0
G1 X118.945 Y131.541 F7800
G1 X115.963 Y129.373
G1 E2 F2400
G1 F3600
G1 X116.31 Y129.654 E2.01591
G1 X116.572 Y130.009 E2.03163
G1 X115.505 Y129.705 E2.07115
G1 X115.829 Y129.364 E2.08791
G1 X115.926 Y129.351 E2.0914
G1 E.0914 F2400
G92 E0
G1 X115.926 Y129.351 F7800
G1 X110.006 Y131.687
G1 E2 F2400
;TYPE:Perimeter
;WIDTH:0.45
G1 F900
G1 X108.075 Y131.137 E2.09657
G1 X108.255 Y130.386 E2.13371
G1 X108.134 Y129.9 E2.1578
G1 X107.943 Y129.657 E2.17267
G1 X107.555 Y129.441 E2.19403
G1 X97.944 Y126.721 E2.67444
G1 X97.919 Y126.64 E2.67852
G1 X98.234 Y125.529 E2.73406
G1 X98.315 Y125.434 E2.74006
G1 X107.916 Y128.165 E3.22015
G1 X108.362 Y128.186 E3.24162
G1 X108.652 Y128.08 E3.25647
G1 X109.012 Y127.729 E3.28065
G1 X109.109 Y127.503 E3.29248
G1 X109.254 Y126.994 E3.31794
G1 X111.185 Y127.543 E3.4145
G1 X110.022 Y131.629 E3.61883
G1 X110.022 Y131.629 F7800
G1 X110.472 Y132.22
G1 F900
G1 X107.756 Y131.448 E3.75463
G1 X107.649 Y131.224 E3.76657
G1 X107.87 Y130.379 E3.80858
G1 X107.797 Y130.087 E3.82306
G1 X107.682 Y129.942 E3.83196
G1 X107.45 Y129.812 E3.84475
G1 X97.636 Y127.035 E4.3353
G1 X97.517 Y126.643 E4.355
G1 X97.903 Y125.285 E4.4229
G1 X98.216 Y125.005 E4.4431
G1 X108.021 Y127.795 E4.93341
G1 X108.29 Y127.807 E4.94636
G1 X108.464 Y127.744 E4.95526
G1 X108.68 Y127.533 E4.96978
G1 X108.738 Y127.397 E4.97689
G1 X108.936 Y126.7 E5.01174
G1 X109.149 Y126.563 E5.02392
G1 X111.836 Y127.328 E5.15829
G1 X111.602 Y127.486 E5.17187
G1 X110.328 Y131.962 E5.3957
G1 X110.443 Y132.168 E5.40705
G1 X110.764 Y132.188 F7800
;TYPE:External perimeter
;WIDTH:0.458123
G1 F1800
G1 X110.831 Y132.31 E5.41389
G1 X117.014 Y134.069 E5.72958
G1 X117.237 Y134.542 E5.75526
G1 X109.965 Y132.477 E6.12651
;WIDTH:0.45
G1 X107.484 Y131.771 E6.25057
G1 X107.238 Y131.26 E6.27785
G1 X107.477 Y130.421 E6.31981
G1 X107.46 Y130.274 E6.32693
G1 X107.344 Y130.183 E6.33402
G1 X97.328 Y127.348 E6.83468
G1 X97.116 Y126.647 E6.8699
G1 X97.562 Y125.072 E6.94863
G1 X98.117 Y124.576 E6.98443
G1 X108.127 Y127.424 E7.48498
G1 X108.276 Y127.407 E7.49219
G1 X108.367 Y127.292 E7.49924
G1 X108.605 Y126.455 E7.54109
G1 X109.086 Y126.144 E7.56864
G1 X111.559 Y126.848 E7.69231
;WIDTH:0.461718
G1 X118.835 Y128.924 E8.06728
;WIDTH:0.461716
G1 X118.394 Y129.212 E8.09338
G1 X112.213 Y127.453 E8.41186
G1 X111.973 Y127.591 E8.42558
;WIDTH:0.45
G1 X110.699 Y132.068 E8.64946
;WIDTH:0.458123
G1 X110.736 Y132.135 E8.65322
G1 X111.062 Y132.367 F7800
G1 E6.65322 F2400
G92 E0
G1 X98.257 Y126.509 F7800
G1 E2 F2400
;TYPE:Solid infill
;WIDTH:0.45
G1 F1200
G1 X98.465 Y125.777 E2.0366
G1 X107.941 Y128.468 E2.51038
G1 X108.447 Y128.46 E2.53472
G1 X108.829 Y128.303 E2.55458
G1 X109.279 Y127.834 E2.58584
G1 X109.444 Y127.349 E2.61048
G1 X110.827 Y127.742 E2.67963
G1 X109.807 Y131.33 E2.85904
G1 X108.423 Y130.936 E2.92825
G1 X108.537 Y130.348 E2.95706
G1 X108.402 Y129.803 E2.98406
G1 X108.16 Y129.469 E3.0039
G1 X107.717 Y129.191 E3.02905
G1 X98.442 Y126.562 E3.49272
G1 X98.727 Y126.247 E3.51315
;WIDTH:0.439923
G1 X107.82 Y128.827 E3.95588
;WIDTH:0.438841
G1 X107.869 Y128.841 E3.95826
;WIDTH:0.443047
G1 X108.036 Y128.937 E3.96736
;WIDTH:0.45
G1 X108.312 Y129.096 E3.98268
G1 X108.669 Y129.492 E4.00832
G1 X108.776 Y129.71 E4.02
G1 X108.911 Y130.255 E4.047
G1 X108.914 Y130.524 E4.05994
G1 X108.881 Y130.665 E4.0669
G1 X109.541 Y130.853 E4.09991
G1 X110.351 Y128.008 E4.24218
G1 X109.691 Y127.82 E4.27519
G1 X109.592 Y128.07 E4.28812
G1 X109.098 Y128.579 E4.32224
G1 X108.891 Y128.709 E4.334
G1 X108.38 Y128.857 E4.35959
G1 X107.869 Y128.841 E4.38418
G1 X107.869 Y128.841 F7800
G1 X108.944 Y129.147
;WIDTH:0.537909
G1 F1200
G1 X109.189 Y129.043 E4.3999
G1 X109.753 Y128.54 E4.44453
G1 X109.312 Y130.088 E4.53959
G1 X109.097 Y129.364 E4.5842
G1 X109.055 Y129.304 E4.58853
M106 S160.65
;LAYER_CHANGE
;Z:5.45
;HEIGHT:0.3
G1 Z5.45 F7800
G1 E2.58853 F2400
G92 E0
G1 X109.055 Y129.304 F7800
G92 E0
G1 X119.347 Y92.684
G1 E2 F2400
;TYPE:Support material interface
;WIDTH:0.35
G1 F3600
G1 X118.873 Y92.21 E2.02388
G1 X118.873 Y92.21 F7800
G1 X118.353 Y92.598
;TYPE:Support material
G1 F3600
G1 X119.172 Y92.831 E2.05421
G1 X118.864 Y92.958 E2.06608
G1 X118.489 Y92.852 E2.07996
G1 X118.311 Y92.586 E2.09136
G1 X118.311 Y92.586 F7800
G1 X119.567 Y92.096
;TYPE:Support material interface
G1 F3600
G1 X120.019 Y92.548 E2.11413
G1 X120.359 Y92.484 E2.12645
G1 X119.863 Y91.988 E2.15144
G1 X119.992 Y91.713 E2.16226
G1 X120.612 Y92.333 E2.1935
G1 X120.778 Y92.109 E2.20343
G1 X119.965 Y91.283 E2.24472
G1 X120.039 Y90.953 E2.25677
G1 X120.976 Y91.89 E2.30398
G1 X120.976 Y91.89 F7800
G1 X122.542 Y92.456
;TYPE:Support material
G1 F3600
G1 X122.835 Y92.64 E2.31631
G1 X122.812 Y92.795 E2.32189
G1 X122.47 Y92.819 E2.3341
G1 X122.205 Y92.602 E2.3463
G1 X122.217 Y92.52 E2.34925
G1 X122.36 Y92.451 E2.35491
G1 X122.346 Y92.1 E2.36742
G1 X122.619 Y92.109 E2.37715
G1 X123.027 Y92.334 E2.39375
G1 X123.234 Y92.7 E2.40873
G1 X123.203 Y92.919 E2.41661
G1 X123.009 Y93.097 E2.42599
G1 X122.727 Y93.194 E2.43661
G1 X122.38 Y93.162 E2.44902
G1 X122.089 Y93.009 E2.46073
G1 X121.898 Y92.779 E2.47138
G1 X121.84 Y92.569 E2.47914
G1 X121.909 Y92.33 E2.488
G1 X122.304 Y92.099 E2.5043
G1 E.5043 F2400
G92 E0
G1 X122.304 Y92.099 F7800
G1 X119.535 Y90.852
G1 E2 F2400
;TYPE:Support material interface
G1 F3600
G1 X119.056 Y90.374 E2.02411
G1 X119.056 Y90.374 F7800
G1 X119.315 Y90.042
;TYPE:Support material
G1 F3600
G1 X119.595 Y90.125 E2.03451
G1 X119.807 Y90.391 E2.04663
G1 X118.954 Y90.148 E2.07823
G1 X119.037 Y90.061 E2.08251
G1 X119.274 Y90.03 E2.09102
G1 E.09102 F2400
G92 E0
G1 X119.274 Y90.03 F7800
G1 X113.675 Y92.033
G1 E2 F2400
;TYPE:Perimeter
;WIDTH:0.45
G1 F900
G1 X111.744 Y91.483 E2.09657
G1 X111.967 Y90.656 E2.13777
G1 X111.913 Y90.203 E2.15971
G1 X111.749 Y89.922 E2.17536
;WIDTH:0.497475
G1 X111.625 Y89.806 E2.18453
;WIDTH:0.544951
G1 X111.502 Y89.69 E2.19466
;WIDTH:0.592427
G1 X111.379 Y89.574 E2.2058
G1 X111.291 Y89.547 E2.21186
;WIDTH:0.595211
G1 X101.811 Y86.863 E2.86418
G1 X101.825 Y86.665 E2.87732
G1 X101.955 Y86.352 E2.89976
G1 X111.434 Y89.044 E3.55216
;WIDTH:0.592427
G1 X111.523 Y89.068 E3.55823
G1 X111.689 Y89.034 E3.56939
;WIDTH:0.544951
G1 X111.854 Y89 E3.57949
;WIDTH:0.497475
G1 X112.02 Y88.967 E3.58863
;WIDTH:0.45
G1 X112.308 Y88.814 E3.60432
G1 X112.586 Y88.471 E3.62556
G1 X112.835 Y87.65 E3.66682
G1 X114.766 Y88.199 E3.76338
G1 X113.691 Y91.975 E3.95221
G1 X113.691 Y91.975 F7800
G1 X114.212 Y92.587
G1 F900
G1 X111.437 Y91.797 E4.09098
G1 X111.326 Y91.544 E4.10427
G1 X111.566 Y90.699 E4.14652
G1 X111.552 Y90.338 E4.1639
G1 X111.453 Y90.169 E4.17332
G1 X111.168 Y89.985 E4.18964
G1 X101.388 Y87.22 E4.67846
G1 X101.369 Y86.617 E4.70748
G1 X101.467 Y86.273 E4.72468
G1 X101.781 Y85.826 E4.75095
G1 X111.558 Y88.607 E5.23984
G1 X111.899 Y88.6 E5.25624
G1 X112.072 Y88.509 E5.26564
G1 X112.275 Y88.209 E5.28306
G1 X112.512 Y87.376 E5.32471
G1 X112.738 Y87.222 E5.33786
G1 X115.463 Y87.997 E5.47412
G1 X115.167 Y88.197 E5.4913
G1 X114.018 Y92.238 E5.69336
G1 X114.183 Y92.534 E5.70966
G1 X114.183 Y92.534 F7800
G1 X114.448 Y92.466
;TYPE:External perimeter
;WIDTH:0.494757
G1 F1800
G1 X114.515 Y92.603 E5.71785
G1 X120.683 Y94.358 E6.06208
G1 X120.894 Y94.865 E6.09156
G1 X114.397 Y93.017 E6.45415
G1 X113.563 Y92.803 E6.50037
;WIDTH:0.45
G1 X111.157 Y92.118 E6.62069
G1 X110.917 Y91.572 E6.64938
G1 X111.195 Y90.594 E6.69828
G1 X111.19 Y90.473 E6.7041
G1 X111.063 Y90.356 E6.71241
G1 X101.058 Y87.527 E7.21248
G1 X100.967 Y86.901 E7.2429
G1 X100.986 Y86.578 E7.25846
G1 X101.081 Y86.213 E7.2766
G1 X101.296 Y85.811 E7.29853
G1 X101.653 Y85.389 E7.32512
G1 X111.663 Y88.236 E7.82566
G1 X111.836 Y88.204 E7.83412
G1 X111.904 Y88.104 E7.83994
G1 X112.179 Y87.137 E7.88829
G1 X112.67 Y86.801 E7.91691
G1 X115.084 Y87.488 E8.03763
;WIDTH:0.490441
G1 X115.898 Y87.741 E8.08293
G1 X122.398 Y89.59 E8.44205
;WIDTH:0.490439
G1 X121.952 Y89.906 E8.4711
G1 X115.782 Y88.151 E8.81198
;WIDTH:0.493669
G1 X115.746 Y88.142 E8.81397
G1 X115.538 Y88.303 E8.82805
;WIDTH:0.45
G1 X114.388 Y92.343 E9.03008
;WIDTH:0.494757
G1 X114.422 Y92.412 E9.03421
G1 X114.737 Y92.658 F7800
G1 E7.03421 F2400
G92 E0
G1 X113.032 Y88.007 F7800
G1 E2 F2400
;TYPE:Solid infill
;WIDTH:0.45
G1 F1200
G1 X114.408 Y88.398 E2.0688
G1 X113.476 Y91.676 E2.23271
G1 X112.099 Y91.284 E2.30157
G1 X112.252 Y90.65 E2.33294
G1 X112.191 Y90.144 E2.35745
G1 X111.985 Y89.758 E2.37849
G1 X111.647 Y89.377 E2.40299
G1 X112.098 Y89.245 E2.42559
G1 X112.513 Y89.012 E2.44848
G1 X112.857 Y88.566 E2.47557
G1 X112.974 Y88.191 E2.49446
G1 X113.288 Y88.48 E2.51499
G1 X113.932 Y88.664 E2.5472
G1 X113.211 Y91.199 E2.67396
G1 X112.568 Y91.016 E2.70611
G1 X112.635 Y90.604 E2.72619
G1 X112.542 Y89.965 E2.75725
G1 X112.321 Y89.568 E2.7791
G1 X112.634 Y89.401 E2.79616
G1 X112.812 Y89.255 E2.80723
G1 X113.194 Y88.761 E2.83726
G1 X113.226 Y88.663 E2.84222
G1 X113.504 Y88.911 E2.86014
;WIDTH:0.414425
G1 X113.005 Y90.559 E2.93532
G1 X112.939 Y90.054 E2.95756
G1 X112.828 Y89.713 E2.97322
G1 X113.098 Y89.487 E2.98859
G1 X113.393 Y89.069 E3.01093
G1 E1.01093 F2400
G92 E0
G1 X113.393 Y89.069 F7800
G92 E0
G1 X115.72 Y105.165
G1 E2 F2400
;TYPE:Support material interface
;WIDTH:0.35
G1 F3600
G1 X115.245 Y104.691 E2.02391
G1 X115.245 Y104.691 F7800
G1 X114.725 Y105.079
;TYPE:Support material
G1 F3600
G1 X115.544 Y105.312 E2.05424
G1 X115.237 Y105.439 E2.06608
G1 X114.862 Y105.333 E2.07996
G1 X114.684 Y105.067 E2.09136
G1 X114.684 Y105.067 F7800
G1 X115.94 Y104.577
;TYPE:Support material interface
G1 F3600
G1 X116.392 Y105.029 E2.11413
G1 X116.732 Y104.965 E2.12645
G1 X116.236 Y104.469 E2.15144
G1 X116.365 Y104.194 E2.16226
G1 X116.985 Y104.814 E2.1935
G1 X117.151 Y104.59 E2.20343
G1 X116.338 Y103.764 E2.24472
G1 X116.412 Y103.434 E2.25677
G1 X117.349 Y104.37 E2.30395
G1 X117.349 Y104.37 F7800
G1 X118.914 Y104.937
;TYPE:Support material
G1 F3600
G1 X119.208 Y105.121 E2.31631
G1 X119.185 Y105.275 E2.32186
G1 X118.843 Y105.3 E2.33408
G1 X118.578 Y105.083 E2.34628
G1 X118.59 Y105.001 E2.34923
G1 X118.733 Y104.932 E2.35489
G1 X118.719 Y104.581 E2.3674
G1 X118.992 Y104.59 E2.37713
G1 X119.4 Y104.815 E2.39373
G1 X119.607 Y105.181 E2.40871
G1 X119.576 Y105.4 E2.41659
G1 X119.381 Y105.578 E2.426
G1 X119.1 Y105.675 E2.43659
G1 X118.753 Y105.643 E2.449
G1 X118.462 Y105.49 E2.46071
G1 X118.271 Y105.26 E2.47136
G1 X118.213 Y105.05 E2.47912
G1 X118.282 Y104.811 E2.48798
G1 X118.676 Y104.58 E2.50425
G1 E.50425 F2400
G92 E0
G1 X118.676 Y104.58 F7800
G1 X115.908 Y103.333
G1 E2 F2400
;TYPE:Support material interface
G1 F3600
G1 X115.429 Y102.855 E2.02411
G1 X115.429 Y102.855 F7800
G1 X115.688 Y102.523
;TYPE:Support material
G1 F3600
G1 X115.968 Y102.606 E2.03451
G1 X116.18 Y102.872 E2.04663
G1 X115.326 Y102.629 E2.07826
G1 X115.41 Y102.542 E2.08257
G1 X115.647 Y102.511 E2.09108
G1 E.09108 F2400
G92 E0
G1 X115.647 Y102.511 F7800
G1 X110.048 Y104.514
G1 E2 F2400
;TYPE:Perimeter
;WIDTH:0.45
G1 F900
G1 X108.117 Y103.964 E2.09657
G1 X108.34 Y103.137 E2.13777
G1 X108.286 Y102.684 E2.15971
G1 X108.121 Y102.402 E2.17542
;WIDTH:0.497475
G1 X107.998 Y102.286 E2.18455
;WIDTH:0.544951
G1 X107.875 Y102.171 E2.19464
;WIDTH:0.592427
G1 X107.752 Y102.055 E2.20578
G1 X107.664 Y102.028 E2.21184
;WIDTH:0.595211
G1 X98.183 Y99.344 E2.86423
G1 X98.198 Y99.145 E2.87744
G1 X98.328 Y98.833 E2.89982
G1 X107.806 Y101.525 E3.55216
;WIDTH:0.592427
G1 X107.896 Y101.549 E3.55829
G1 X108.061 Y101.515 E3.56939
;WIDTH:0.544951
G1 X108.227 Y101.481 E3.57955
;WIDTH:0.497475
G1 X108.393 Y101.448 E3.58869
;WIDTH:0.45
G1 X108.681 Y101.295 E3.60438
G1 X108.959 Y100.952 E3.62562
G1 X109.208 Y100.131 E3.66688
G1 X111.138 Y100.68 E3.76339
G1 X110.064 Y104.456 E3.95221
G1 X110.064 Y104.456 F7800
G1 X110.585 Y105.067
G1 F900
G1 X107.81 Y104.278 E4.09097
G1 X107.699 Y104.025 E4.10426
G1 X107.939 Y103.18 E4.14651
G1 X107.924 Y102.819 E4.16389
G1 X107.826 Y102.65 E4.17329
G1 X107.541 Y102.466 E4.18961
G1 X97.761 Y99.701 E4.67843
G1 X97.742 Y99.098 E4.70745
G1 X97.84 Y98.754 E4.72465
G1 X98.154 Y98.307 E4.75092
G1 X107.931 Y101.088 E5.23981
G1 X108.272 Y101.081 E5.25621
G1 X108.445 Y100.99 E5.26561
G1 X108.647 Y100.69 E5.283
G1 X108.885 Y99.857 E5.32467
G1 X109.111 Y99.702 E5.33785
G1 X111.836 Y100.478 E5.47412
G1 X111.54 Y100.678 E5.4913
G1 X110.39 Y104.719 E5.69338
G1 X110.555 Y105.015 E5.70968
G1 X110.555 Y105.015 F7800
G1 X110.821 Y104.947
;TYPE:External perimeter
;WIDTH:0.494757
G1 F1800
G1 X110.888 Y105.084 E5.71787
G1 X117.056 Y106.839 E6.0621
G1 X117.267 Y107.346 E6.09158
G1 X110.77 Y105.498 E6.45417
G1 X109.936 Y105.284 E6.50039
;WIDTH:0.45
G1 X107.53 Y104.599 E6.62071
G1 X107.29 Y104.053 E6.6494
G1 X107.568 Y103.075 E6.6983
G1 X107.563 Y102.954 E6.70412
G1 X107.435 Y102.836 E6.71249
G1 X97.431 Y100.008 E7.2125
G1 X97.34 Y99.381 E7.24297
G1 X97.358 Y99.058 E7.25853
G1 X97.453 Y98.694 E7.27662
G1 X97.669 Y98.292 E7.29857
G1 X98.026 Y97.87 E7.32516
G1 X108.036 Y100.717 E7.8257
G1 X108.209 Y100.685 E7.83416
G1 X108.277 Y100.585 E7.83998
G1 X108.552 Y99.617 E7.88838
G1 X109.043 Y99.282 E7.91697
G1 X111.457 Y99.969 E8.03769
;WIDTH:0.490441
G1 X112.271 Y100.222 E8.08299
G1 X118.771 Y102.071 E8.44211
;WIDTH:0.490439
G1 X118.325 Y102.387 E8.47116
G1 X112.155 Y100.631 E8.81206
;WIDTH:0.493669
G1 X112.119 Y100.623 E8.81403
G1 X111.911 Y100.784 E8.82811
;WIDTH:0.45
G1 X110.761 Y104.824 E9.03014
;WIDTH:0.494757
G1 X110.795 Y104.893 E9.03427
G1 X111.11 Y105.139 F7800
G1 E7.03427 F2400
G92 E0
G1 X109.404 Y100.487 F7800
G1 E2 F2400
;TYPE:Solid infill
;WIDTH:0.45
G1 F1200
G1 X110.781 Y100.879 E2.06886
G1 X109.849 Y104.156 E2.23272
G1 X108.472 Y103.765 E2.30157
G1 X108.625 Y103.13 E2.33299
G1 X108.564 Y102.625 E2.35746
G1 X108.357 Y102.239 E2.37853
G1 X108.02 Y101.858 E2.40299
G1 X108.471 Y101.726 E2.42559
G1 X108.886 Y101.493 E2.44848
G1 X109.23 Y101.047 E2.47557
G1 X109.347 Y100.672 E2.49446
G1 X109.661 Y100.961 E2.51499
G1 X110.305 Y101.145 E2.5472
G1 X109.583 Y103.68 E2.67397
G1 X108.941 Y103.497 E2.70608
G1 X109.008 Y103.085 E2.72616
G1 X108.915 Y102.446 E2.75722
G1 X108.693 Y102.049 E2.7791
G1 X109.007 Y101.882 E2.79621
G1 X109.185 Y101.736 E2.80728
G1 X109.566 Y101.242 E2.83729
G1 X109.599 Y101.144 E2.84226
G1 X109.876 Y101.392 E2.86014
;WIDTH:0.414425
G1 X109.378 Y103.04 E2.9353
G1 X109.312 Y102.535 E2.95754
G1 X109.201 Y102.193 E2.97324
G1 X109.471 Y101.968 E2.98858
G1 X109.765 Y101.549 E3.01093
G1 E1.01093 F2400
G92 E0
G1 X109.765 Y101.549 F7800
G92 E0
G1 X115.72 Y118.678
G1 E2 F2400
;TYPE:Support material interface
;WIDTH:0.35
G1 F3600
G1 X115.245 Y118.203 E2.02393
G1 X115.245 Y118.203 F7800
G1 X114.725 Y118.592
;TYPE:Support material
G1 F3600
G1 X115.544 Y118.825 E2.05426
G1 X115.237 Y118.952 E2.0661
G1 X114.862 Y118.846 E2.07998
G1 X114.684 Y118.58 E2.09138
G1 X114.684 Y118.58 F7800
G1 X115.94 Y118.09
;TYPE:Support material interface
G1 F3600
G1 X116.392 Y118.542 E2.11415
G1 X116.732 Y118.478 E2.12647
G1 X116.236 Y117.982 E2.15146
G1 X116.365 Y117.707 E2.16228
G1 X116.985 Y118.327 E2.19352
G1 X117.151 Y118.103 E2.20345
G1 X116.338 Y117.276 E2.24476
G1 X116.412 Y116.947 E2.25677
G1 X117.349 Y117.883 E2.30395
G1 X117.349 Y117.883 F7800
G1 X118.914 Y118.45
;TYPE:Support material
G1 F3600
G1 X119.208 Y118.634 E2.31631
G1 X119.185 Y118.788 E2.32186
G1 X118.843 Y118.813 E2.33408
G1 X118.578 Y118.596 E2.34628
G1 X118.59 Y118.514 E2.34923
G1 X118.733 Y118.444 E2.3549
G1 X118.719 Y118.094 E2.36738
G1 X118.992 Y118.102 E2.37711
G1 X119.4 Y118.328 E2.39373
G1 X119.607 Y118.694 E2.40871
G1 X119.576 Y118.913 E2.41659
G1 X119.381 Y119.091 E2.426
G1 X119.1 Y119.188 E2.43659
G1 X118.753 Y119.156 E2.449
G1 X118.462 Y119.003 E2.46071
G1 X118.271 Y118.773 E2.47136
G1 X118.213 Y118.563 E2.47912
G1 X118.282 Y118.324 E2.48798
G1 X118.676 Y118.092 E2.50427
G1 E.50427 F2400
G92 E0
G1 X118.676 Y118.092 F7800
G1 X115.908 Y116.846
G1 E2 F2400
;TYPE:Support material interface
G1 F3600
G1 X115.429 Y116.368 E2.02411
G1 X115.429 Y116.368 F7800
G1 X115.688 Y116.036
;TYPE:Support material
G1 F3600
G1 X115.968 Y116.119 E2.03451
G1 X116.18 Y116.384 E2.0466
G1 X115.326 Y116.142 E2.07822
G1 X115.41 Y116.055 E2.08253
G1 X115.647 Y116.024 E2.09104
G1 E.09104 F2400
G92 E0
G1 X115.647 Y116.024 F7800
G1 X110.048 Y118.027
G1 E2 F2400
;TYPE:Perimeter
;WIDTH:0.45
G1 F900
G1 X108.117 Y117.477 E2.09657
G1 X108.34 Y116.65 E2.13777
G1 X108.286 Y116.197 E2.15971
G1 X108.121 Y115.915 E2.17542
;WIDTH:0.497475
G1 X107.998 Y115.799 E2.18455
;WIDTH:0.544951
G1 X107.875 Y115.683 E2.19468
;WIDTH:0.592427
G1 X107.752 Y115.567 E2.20582
G1 X107.664 Y115.541 E2.21186
;WIDTH:0.595211
G1 X98.183 Y112.857 E2.86425
G1 X98.198 Y112.658 E2.87746
G1 X98.328 Y112.346 E2.89984
G1 X107.806 Y115.038 E3.55218
;WIDTH:0.592427
G1 X107.896 Y115.062 E3.55831
G1 X108.061 Y115.028 E3.56941
;WIDTH:0.544951
G1 X108.227 Y114.994 E3.57957
;WIDTH:0.497475
G1 X108.393 Y114.96 E3.58872
;WIDTH:0.45
G1 X108.681 Y114.808 E3.60438
G1 X108.959 Y114.465 E3.62562
G1 X109.208 Y113.644 E3.66688
G1 X111.138 Y114.193 E3.76339
G1 X110.064 Y117.969 E3.95221
G1 X110.064 Y117.969 F7800
G1 X110.585 Y118.58
G1 F900
G1 X107.81 Y117.791 E4.09097
G1 X107.699 Y117.538 E4.10426
G1 X107.939 Y116.693 E4.14651
G1 X107.924 Y116.332 E4.16389
G1 X107.826 Y116.163 E4.17329
G1 X107.541 Y115.978 E4.18963
G1 X97.761 Y113.214 E4.67844
G1 X97.742 Y112.611 E4.70746
G1 X97.84 Y112.267 E4.72466
G1 X98.154 Y111.82 E4.75093
G1 X107.931 Y114.601 E5.23982
G1 X108.272 Y114.594 E5.25622
G1 X108.445 Y114.502 E5.26564
G1 X108.647 Y114.203 E5.283
G1 X108.885 Y113.37 E5.32467
G1 X109.111 Y113.215 E5.33785
G1 X111.836 Y113.991 E5.47412
G1 X111.54 Y114.191 E5.4913
G1 X110.39 Y118.231 E5.69333
G1 X110.555 Y118.528 E5.70967
G1 X110.555 Y118.528 F7800
G1 X110.821 Y118.46
;TYPE:External perimeter
;WIDTH:0.494757
G1 F1800
G1 X110.888 Y118.597 E5.71786
G1 X117.056 Y120.352 E6.06209
G1 X117.267 Y120.859 E6.09157
G1 X110.77 Y119.011 E6.45416
G1 X109.936 Y118.797 E6.50038
;WIDTH:0.45
G1 X107.53 Y118.112 E6.6207
G1 X107.29 Y117.566 E6.64939
G1 X107.568 Y116.588 E6.69829
G1 X107.563 Y116.467 E6.70411
G1 X107.435 Y116.349 E6.71248
G1 X97.431 Y113.521 E7.21249
G1 X97.34 Y112.894 E7.24296
G1 X97.358 Y112.571 E7.25852
G1 X97.453 Y112.207 E7.27661
G1 X97.669 Y111.805 E7.29856
G1 X98.026 Y111.383 E7.32515
G1 X108.036 Y114.23 E7.82569
G1 X108.209 Y114.197 E7.83416
G1 X108.277 Y114.098 E7.83994
G1 X108.552 Y113.13 E7.88834
G1 X109.043 Y112.795 E7.91693
G1 X111.457 Y113.482 E8.03765
;WIDTH:0.490441
G1 X112.271 Y113.734 E8.08293
G1 X118.771 Y115.584 E8.44206
;WIDTH:0.490439
G1 X118.325 Y115.9 E8.47111
G1 X112.155 Y114.144 E8.81201
;WIDTH:0.493669
G1 X112.119 Y114.136 E8.81398
G1 X111.911 Y114.296 E8.82803
;WIDTH:0.45
G1 X110.761 Y118.337 E9.03011
;WIDTH:0.494757
G1 X110.795 Y118.406 E9.03424
G1 X111.11 Y118.652 F7800
G1 E7.03424 F2400
G92 E0
G1 X109.404 Y114 F7800
G1 E2 F2400
;TYPE:Solid infill
;WIDTH:0.45
G1 F1200
G1 X110.781 Y114.392 E2.06886
G1 X109.849 Y117.669 E2.23272
G1 X108.472 Y117.278 E2.30157
G1 X108.625 Y116.643 E2.33299
G1 X108.564 Y116.137 E2.3575
G1 X108.357 Y115.751 E2.37857
G1 X108.02 Y115.37 E2.40303
G1 X108.471 Y115.239 E2.42562
G1 X108.886 Y115.006 E2.44851
G1 X109.23 Y114.56 E2.4756
G1 X109.347 Y114.184 E2.49454
G1 X109.661 Y114.474 E2.5151
G1 X110.305 Y114.657 E2.5473
G1 X109.583 Y117.193 E2.67412
G1 X108.941 Y117.01 E2.70623
G1 X109.008 Y116.597 E2.72635
G1 X108.915 Y115.959 E2.75736
G1 X108.693 Y115.562 E2.77924
G1 X109.007 Y115.395 E2.79635
G1 X109.185 Y115.249 E2.80742
G1 X109.566 Y114.755 E2.83743
G1 X109.599 Y114.657 E2.8424
G1 X109.876 Y114.905 E2.86028
;WIDTH:0.414425
G1 X109.378 Y116.553 E2.93544
G1 X109.312 Y116.048 E2.95768
G1 X109.201 Y115.706 E2.97338
G1 X109.471 Y115.48 E2.98875
G1 X109.765 Y115.062 E3.01106
G1 E1.01106 F2400
G92 E0
G1 X109.765 Y115.062 F7800
G92 E0
G1 X115.72 Y132.19
G1 E2 F2400
;TYPE:Support material interface
;WIDTH:0.35
G1 F3600
G1 X115.245 Y131.716 E2.02391
G1 X115.245 Y131.716 F7800
G1 X114.725 Y132.104
;TYPE:Support material
G1 F3600
G1 X115.544 Y132.337 E2.05424
G1 X115.237 Y132.465 E2.06609
G1 X114.862 Y132.359 E2.07997
G1 X114.684 Y132.093 E2.09137
G1 X114.684 Y132.093 F7800
G1 X115.94 Y131.603
;TYPE:Support material interface
G1 F3600
G1 X116.392 Y132.055 E2.11414
G1 X116.732 Y131.991 E2.12646
G1 X116.236 Y131.495 E2.15145
G1 X116.365 Y131.22 E2.16227
G1 X116.985 Y131.84 E2.19351
G1 X117.151 Y131.615 E2.20347
G1 X116.338 Y130.789 E2.24476
G1 X116.412 Y130.459 E2.25681
G1 X117.349 Y131.396 E2.30402
G1 X117.349 Y131.396 F7800
G1 X118.914 Y131.963
;TYPE:Support material
G1 F3600
G1 X119.208 Y132.147 E2.31638
G1 X119.185 Y132.301 E2.32193
G1 X118.843 Y132.325 E2.33414
G1 X118.578 Y132.108 E2.34634
G1 X118.59 Y132.027 E2.34926
G1 X118.733 Y131.957 E2.35493
G1 X118.719 Y131.607 E2.36741
G1 X118.992 Y131.615 E2.37714
G1 X119.4 Y131.841 E2.39376
G1 X119.607 Y132.207 E2.40874
G1 X119.576 Y132.426 E2.41662
G1 X119.381 Y132.604 E2.42603
G1 X119.1 Y132.701 E2.43662
G1 X118.753 Y132.669 E2.44903
G1 X118.462 Y132.516 E2.46074
G1 X118.271 Y132.286 E2.47139
G1 X118.213 Y132.076 E2.47915
G1 X118.282 Y131.837 E2.48801
G1 X118.676 Y131.605 E2.5043
G1 E.5043 F2400
G92 E0
G1 X118.676 Y131.605 F7800
G1 X115.908 Y130.359
G1 E2 F2400
;TYPE:Support material interface
G1 F3600
G1 X115.429 Y129.88 E2.02413
G1 X115.429 Y129.88 F7800
G1 X115.688 Y129.549
;TYPE:Support material
G1 F3600
G1 X115.968 Y129.632 E2.03453
G1 X116.18 Y129.897 E2.04662
G1 X115.326 Y129.654 E2.07825
G1 X115.41 Y129.568 E2.08253
G1 X115.647 Y129.536 E2.09105
G1 E.09105 F2400
G92 E0
G1 X115.647 Y129.536 F7800
G1 X110.048 Y131.539
G1 E2 F2400
;TYPE:Perimeter
;WIDTH:0.45
G1 F900
G1 X108.117 Y130.99 E2.09656
G1 X108.34 Y130.163 E2.13776
G1 X108.286 Y129.71 E2.1597
G1 X108.121 Y129.428 E2.17541
;WIDTH:0.497475
G1 X107.998 Y129.312 E2.18454
;WIDTH:0.544951
G1 X107.875 Y129.196 E2.19467
;WIDTH:0.592427
G1 X107.752 Y129.08 E2.20581
G1 X107.664 Y129.054 E2.21185
;WIDTH:0.595211
G1 X98.183 Y126.37 E2.86424
G1 X98.198 Y126.171 E2.87745
G1 X98.328 Y125.859 E2.89983
G1 X107.806 Y128.55 E3.55215
;WIDTH:0.592427
G1 X107.896 Y128.574 E3.55828
G1 X108.061 Y128.541 E3.56936
;WIDTH:0.544951
G1 X108.227 Y128.507 E3.57952
;WIDTH:0.497475
G1 X108.393 Y128.473 E3.58867
;WIDTH:0.45
G1 X108.681 Y128.32 E3.60436
G1 X108.959 Y127.978 E3.62556
G1 X109.208 Y127.156 E3.66687
G1 X111.138 Y127.706 E3.76339
G1 X110.064 Y131.482 E3.95221
G1 X110.064 Y131.482 F7800
G1 X110.585 Y132.093
G1 F900
G1 X107.81 Y131.304 E4.09097
G1 X107.699 Y131.051 E4.10426
G1 X107.939 Y130.206 E4.14651
G1 X107.924 Y129.845 E4.16389
G1 X107.826 Y129.676 E4.17329
G1 X107.541 Y129.491 E4.18963
G1 X97.761 Y126.726 E4.67845
G1 X97.742 Y126.124 E4.70742
G1 X97.84 Y125.78 E4.72462
G1 X98.154 Y125.333 E4.75089
G1 X107.931 Y128.113 E5.23977
G1 X108.272 Y128.107 E5.25617
G1 X108.445 Y128.015 E5.26559
G1 X108.647 Y127.716 E5.28295
G1 X108.885 Y126.883 E5.32462
G1 X109.111 Y126.728 E5.3378
G1 X111.836 Y127.503 E5.47406
G1 X111.54 Y127.704 E5.49127
G1 X110.39 Y131.744 E5.6933
G1 X110.555 Y132.041 E5.70964
G1 X110.555 Y132.041 F7800
G1 X110.821 Y131.973
;TYPE:External perimeter
;WIDTH:0.494757
G1 F1800
G1 X110.888 Y132.11 E5.71783
G1 X117.056 Y133.864 E6.06205
G1 X117.267 Y134.372 E6.09158
G1 X110.77 Y132.523 E6.45418
G1 X109.936 Y132.309 E6.5004
;WIDTH:0.45
G1 X107.53 Y131.625 E6.62071
G1 X107.29 Y131.079 E6.6494
G1 X107.568 Y130.1 E6.69835
G1 X107.563 Y129.98 E6.70413
G1 X107.435 Y129.862 E6.7125
G1 X97.431 Y127.034 E7.21251
G1 X97.34 Y126.407 E7.24298
G1 X97.358 Y126.084 E7.25854
G1 X97.453 Y125.72 E7.27663
G1 X97.669 Y125.318 E7.29858
G1 X98.026 Y124.895 E7.3252
G1 X108.036 Y127.743 E7.82575
G1 X108.209 Y127.71 E7.83422
G1 X108.277 Y127.611 E7.84
G1 X108.552 Y126.643 E7.8884
G1 X109.043 Y126.308 E7.91699
G1 X111.457 Y126.995 E8.03771
;WIDTH:0.490441
G1 X112.271 Y127.247 E8.08299
G1 X118.771 Y129.097 E8.44212
;WIDTH:0.490439
G1 X118.325 Y129.413 E8.47117
G1 X112.155 Y127.657 E8.81207
;WIDTH:0.493669
G1 X112.119 Y127.649 E8.81404
G1 X111.911 Y127.809 E8.82809
;WIDTH:0.45
G1 X110.761 Y131.85 E9.03017
;WIDTH:0.494757
G1 X110.795 Y131.919 E9.0343
G1 X111.11 Y132.165 F7800
G1 E7.0343 F2400
G92 E0
G1 X109.404 Y127.513 F7800
G1 E2 F2400
;TYPE:Solid infill
;WIDTH:0.45
G1 F1200
G1 X110.781 Y127.905 E2.06886
G1 X109.849 Y131.182 E2.23272
G1 X108.472 Y130.79 E2.30158
G1 X108.625 Y130.156 E2.33295
G1 X108.564 Y129.65 E2.35746
G1 X108.357 Y129.264 E2.37853
G1 X108.02 Y128.883 E2.40299
G1 X108.471 Y128.752 E2.42558
G1 X108.886 Y128.519 E2.44847
G1 X109.23 Y128.073 E2.47556
G1 X109.347 Y127.697 E2.4945
G1 X109.661 Y127.987 E2.51506
G1 X110.305 Y128.17 E2.54726
G1 X109.583 Y130.706 E2.67408
G1 X108.941 Y130.523 E2.70619
G1 X109.008 Y130.11 E2.72631
G1 X108.915 Y129.472 E2.75732
G1 X108.693 Y129.075 E2.7792
G1 X109.007 Y128.908 E2.79631
G1 X109.185 Y128.762 E2.80738
G1 X109.566 Y128.267 E2.83742
G1 X109.599 Y128.17 E2.84235
G1 X109.876 Y128.418 E2.86023
;WIDTH:0.414425
G1 X109.378 Y130.066 E2.93539
G1 X109.312 Y129.561 E2.95763
G1 X109.201 Y129.219 E2.97333
G1 X109.471 Y128.993 E2.9887
G1 X109.765 Y128.575 E3.01101
M106 S186.15
;LAYER_CHANGE
;Z:5.75
;HEIGHT:0.3
G1 Z5.75 F7800
G1 E1.01101 F2400
G92 E0
G1 X109.765 Y128.575 F7800
G92 E0
G1 X122.267 Y92.502
G1 E2 F2400
;TYPE:Support material
;WIDTH:0.35
G1 F3600
G1 X122.484 Y92.626 E2.0089
G1 X122.201 Y92.579 E2.01912
G1 X122.357 Y92.163 E2.03495
G1 X122.585 Y92.241 E2.04353
G1 X122.778 Y92.414 E2.05276
G1 X122.855 Y92.619 E2.06056
G1 X122.814 Y92.803 E2.06728
G1 X122.668 Y92.942 E2.07446
G1 X122.406 Y93.005 E2.08406
G1 X122.117 Y92.945 E2.09457
G1 X121.888 Y92.788 E2.10446
G1 X121.812 Y92.672 E2.1094
G1 X121.938 Y92.217 E2.12622
G1 X122.316 Y92.149 E2.1399
G1 X122.316 Y92.149 F7800
G1 X121.364 Y91.68
;TYPE:Support material interface
G1 F3600
G1 X121.511 Y91.503 E2.1481
G1 X121.22 Y91.42 E2.15888
G1 X121.153 Y91.487 E2.16226
G1 X120.591 Y91.241 E2.18411
G1 X120.524 Y91.308 E2.18749
G1 X120.21 Y91.218 E2.19913
G1 X120.277 Y91.152 E2.20248
G1 X119.962 Y91.062 E2.21415
G1 X119.895 Y91.129 E2.21753
G1 X119.581 Y91.04 E2.22916
G1 X119.648 Y90.973 E2.23254
G1 X118.952 Y90.861 E2.25765
G1 X119.123 Y90.69 E2.26626
G1 X119.123 Y90.69 F7800
G1 X118.755 Y91.865
G1 F3600
G1 X118.584 Y92.036 E2.27487
G1 X118.899 Y92.126 E2.28654
G1 X118.965 Y92.059 E2.28989
G1 X119.28 Y92.148 E2.30155
G1 X119.213 Y92.215 E2.30493
G1 X119.527 Y92.305 E2.31657
G1 X119.594 Y92.238 E2.31995
G1 X119.909 Y92.327 E2.33161
G1 X119.842 Y92.394 E2.33499
G1 X120.156 Y92.484 E2.34663
G1 X120.223 Y92.417 E2.35001
G1 X120.785 Y92.663 E2.37186
G1 X120.852 Y92.596 E2.37524
G1 X121.16 Y92.683 E2.38664
G1 X120.996 Y92.856 E2.39513
G1 E.39513 F2400
G92 E0
G1 X120.996 Y92.856 F7800
G1 X113.732 Y91.831
G1 E2 F2400
;TYPE:Perimeter
;WIDTH:0.45
G1 F900
G1 X111.801 Y91.283 E2.09654
G1 X112.076 Y90.317 E2.14485
G1 X112.118 Y89.928 E2.16367
G1 X112.052 Y89.657 E2.17709
G1 X111.831 Y89.44 E2.19199
G1 X112.133 Y89.373 E2.20687
G1 X112.332 Y89.177 E2.2203
G1 X112.491 Y88.858 E2.23744
G1 X112.782 Y87.836 E2.28855
G1 X114.719 Y88.387 E2.38541
G1 X113.748 Y91.773 E2.55483
G1 X113.748 Y91.773 F7800
G1 X114.302 Y92.294
G1 F900
G1 X114.369 Y92.414 E2.56144
G1 X111.509 Y91.6 E2.70446
G1 X111.393 Y91.307 E2.71962
G1 X111.705 Y90.212 E2.77438
G1 X111.734 Y89.964 E2.78639
G1 X111.695 Y89.802 E2.7944
G1 X111.31 Y89.477 E2.81863
;WIDTH:0.424232
G1 X101.801 Y86.752 E3.2626
;WIDTH:0.420168
G1 X101.64 Y86.706 E3.27003
G1 X101.738 Y86.365 E3.28577
G1 X101.898 Y86.41 E3.29315
;WIDTH:0.424232
G1 X111.411 Y89.136 E3.7373
;WIDTH:0.45
G1 X111.905 Y89.061 E3.76133
G1 X112.024 Y88.944 E3.76936
G1 X112.12 Y88.753 E3.77964
G1 X112.448 Y87.602 E3.8372
G1 X112.701 Y87.412 E3.85242
G1 X115.507 Y88.21 E3.99273
G1 X115.082 Y88.498 E4.01742
G1 X114.103 Y91.937 E4.1894
G1 X114.273 Y92.242 E4.20619
G1 X114.273 Y92.242 F7800
G1 X114.527 Y92.169
;TYPE:External perimeter
;WIDTH:0.498392
G1 F1800
G1 X114.534 Y92.185 E4.20714
;WIDTH:0.546785
G1 X114.594 Y92.327 E4.21642
G1 X120.737 Y94.075 E4.6007
G1 X120.924 Y94.63 E4.63594
G1 X114.461 Y92.791 E5.04024
G1 X113.991 Y92.682 E5.06927
;WIDTH:0.498392
G1 X113.52 Y92.574 E5.09543
;WIDTH:0.45
G1 X111.22 Y91.919 E5.21045
G1 X110.987 Y91.327 E5.24105
G1 X111.334 Y90.106 E5.3021
G1 X111.337 Y89.946 E5.3098
G1 X111.212 Y89.833 E5.3179
G1 X101.242 Y86.978 E5.8167
G1 X101.287 Y86.557 E5.83706
G1 X101.42 Y86.154 E5.85747
G1 X101.551 Y85.928 E5.87003
G1 X111.51 Y88.78 E6.36828
G1 X111.678 Y88.75 E6.37649
G1 X111.749 Y88.647 E6.38251
G1 X112.112 Y87.371 E6.44632
G1 X112.623 Y86.989 E6.47701
G1 X114.916 Y87.641 E6.59167
;WIDTH:0.483423
G1 X115.223 Y87.746 E6.60863
;WIDTH:0.516847
G1 X115.53 Y87.851 E6.62694
;WIDTH:0.550271
G1 X115.837 Y87.955 E6.64658
G1 X122.307 Y89.796 E7.05424
;WIDTH:0.55027
G1 X121.849 Y90.171 E7.09011
G1 X115.704 Y88.423 E7.47729
;WIDTH:0.553953
G1 X115.663 Y88.413 E7.47987
G1 X115.593 Y88.476 E7.48562
;WIDTH:0.519302
G1 X115.523 Y88.54 E7.491
;WIDTH:0.484651
G1 X115.453 Y88.604 E7.49597
;WIDTH:0.45
G1 X114.474 Y92.042 E7.6679
;WIDTH:0.498392
G1 X114.504 Y92.113 E7.67207
G1 X114.802 Y92.38 F7800
G1 E5.67207 F2400
G92 E0
G1 X112.301 Y90.582 F7800
G1 E2 F2400
;TYPE:Solid infill
;WIDTH:0.45
G1 F1200
G1 X112.158 Y91.084 E2.0251
G1 X113.533 Y91.475 E2.09385
G1 X114.355 Y88.584 E2.23841
G1 X112.981 Y88.193 E2.30712
G1 X112.77 Y88.934 E2.34418
G1 X112.541 Y89.374 E2.36804
G1 X112.329 Y89.582 E2.38232
G1 X112.405 Y89.934 E2.39964
G1 X112.354 Y90.396 E2.422
G1 X112.775 Y89.895 E2.45347
;WIDTH:0.525357
G1 X112.791 Y90.056 E2.46277
;WIDTH:0.559682
G1 X112.808 Y90.216 E2.47271
;WIDTH:0.594007
G1 X112.824 Y90.377 E2.4834
G1 X112.719 Y90.771 E2.51034
;WIDTH:0.586119
G1 X113.221 Y90.914 E2.54431
;WIDTH:0.594007
G1 X113.342 Y90.473 E2.57452
G1 X113.418 Y90.294 E2.58737
;WIDTH:0.546004
G1 X113.494 Y90.115 E2.59905
;WIDTH:0.498002
G1 X113.57 Y89.936 E2.60957
G1 X113.6 Y89.744 E2.62008
;WIDTH:0.545932
G1 X113.629 Y89.553 E2.63168
;WIDTH:0.593899
G1 X113.659 Y89.361 E2.64451
G1 X113.795 Y88.896 E2.67651
;WIDTH:0.586119
G1 X113.293 Y88.754 E2.71046
;WIDTH:0.593899
G1 X113.167 Y89.171 E2.73923
G1 X113.068 Y89.309 E2.75045
;WIDTH:0.545932
G1 X112.968 Y89.447 E2.76069
;WIDTH:0.497966
G1 X112.869 Y89.585 E2.76987
;WIDTH:0.45
G1 X112.756 Y89.704 E2.77776
G1 X113.173 Y89.777 E2.79812
;WIDTH:0.476921
G1 X113.136 Y89.813 E2.80078
G1 X113.15 Y89.863 E2.80345
G1 X113.199 Y89.877 E2.80607
G1 X113.236 Y89.84 E2.80876
G1 X113.223 Y89.79 E2.81142
G1 E.81142 F2400
G92 E0
G1 X113.223 Y89.79 F7800
G92 E0
G1 X118.64 Y104.983
G1 E2 F2400
;TYPE:Support material
;WIDTH:0.35
G1 F3600
G1 X118.856 Y105.107 E2.00887
G1 X118.574 Y105.059 E2.01906
G1 X118.73 Y104.644 E2.03485
G1 X118.958 Y104.722 E2.04343
G1 X119.15 Y104.895 E2.05264
G1 X119.228 Y105.1 E2.06045
G1 X119.187 Y105.284 E2.06717
G1 X119.04 Y105.423 E2.07438
G1 X118.779 Y105.486 E2.08394
G1 X118.49 Y105.426 E2.09445
G1 X118.26 Y105.269 E2.10437
G1 X118.184 Y105.153 E2.10931
G1 X118.311 Y104.698 E2.12614
G1 X118.689 Y104.63 E2.13982
G1 X118.689 Y104.63 F7800
G1 X117.736 Y104.161
;TYPE:Support material interface
G1 F3600
G1 X117.884 Y103.984 E2.14804
G1 X117.593 Y103.901 E2.15882
G1 X117.526 Y103.968 E2.1622
G1 X116.964 Y103.722 E2.18405
G1 X116.897 Y103.789 E2.18743
G1 X116.583 Y103.699 E2.19907
G1 X116.649 Y103.632 E2.20242
G1 X116.335 Y103.543 E2.21405
G1 X116.268 Y103.61 E2.21743
G1 X115.954 Y103.52 E2.22907
G1 X116.021 Y103.454 E2.23242
G1 X115.325 Y103.341 E2.25754
G1 X115.496 Y103.171 E2.26613
G1 X115.496 Y103.171 F7800
G1 X115.128 Y104.346
G1 F3600
G1 X114.957 Y104.517 E2.27474
G1 X115.271 Y104.607 E2.28638
G1 X115.338 Y104.54 E2.28976
G1 X115.653 Y104.629 E2.30142
G1 X115.586 Y104.696 E2.3048
G1 X115.9 Y104.786 E2.31644
G1 X115.967 Y104.719 E2.31982
G1 X116.282 Y104.808 E2.33148
G1 X116.215 Y104.875 E2.33486
G1 X116.529 Y104.964 E2.34649
G1 X116.596 Y104.898 E2.34984
G1 X117.158 Y105.143 E2.37168
G1 X117.225 Y105.077 E2.37503
G1 X117.532 Y105.164 E2.3864
G1 X117.368 Y105.337 E2.39489
G1 E.39489 F2400
G92 E0
G1 X117.368 Y105.337 F7800
G1 X110.104 Y104.312
G1 E2 F2400
;TYPE:Perimeter
;WIDTH:0.45
G1 F900
G1 X108.174 Y103.764 E2.0965
G1 X108.449 Y102.798 E2.14481
G1 X108.491 Y102.408 E2.16368
G1 X108.425 Y102.138 E2.17705
G1 X108.204 Y101.921 E2.19195
G1 X108.506 Y101.854 E2.20683
G1 X108.705 Y101.658 E2.22026
G1 X108.864 Y101.339 E2.2374
G1 X109.155 Y100.317 E2.28851
G1 X111.092 Y100.868 E2.38537
G1 X110.121 Y104.254 E2.55479
G1 X110.121 Y104.254 F7800
G1 X110.675 Y104.775
G1 F900
G1 X110.742 Y104.895 E2.5614
G1 X107.881 Y104.081 E2.70447
G1 X107.766 Y103.788 E2.71961
G1 X108.078 Y102.693 E2.77437
G1 X108.107 Y102.445 E2.78638
G1 X108.067 Y102.282 E2.79445
G1 X107.683 Y101.957 E2.81865
;WIDTH:0.424232
G1 X98.174 Y99.233 E3.26261
;WIDTH:0.420168
G1 X98.013 Y99.187 E3.27004
G1 X98.111 Y98.846 E3.28578
G1 X98.271 Y98.891 E3.29316
;WIDTH:0.424232
G1 X107.783 Y101.617 E3.73727
;WIDTH:0.45
G1 X108.278 Y101.542 E3.76135
G1 X108.397 Y101.425 E3.76938
G1 X108.493 Y101.234 E3.77966
G1 X108.82 Y100.083 E3.83721
G1 X109.074 Y99.893 E3.85247
G1 X111.88 Y100.691 E3.99278
G1 X111.454 Y100.979 E4.01751
G1 X110.476 Y104.418 E4.18947
G1 X110.646 Y104.723 E4.20626
G1 X110.646 Y104.723 F7800
G1 X110.9 Y104.65
;TYPE:External perimeter
;WIDTH:0.498392
G1 F1800
G1 X110.907 Y104.666 E4.20721
;WIDTH:0.546785
G1 X110.966 Y104.808 E4.21646
G1 X117.109 Y106.556 E4.60074
G1 X117.297 Y107.111 E4.636
G1 X110.834 Y105.272 E5.0403
G1 X110.364 Y105.163 E5.06933
;WIDTH:0.498392
G1 X109.893 Y105.054 E5.0955
;WIDTH:0.45
G1 X107.593 Y104.4 E5.21051
G1 X107.359 Y103.808 E5.24113
G1 X107.707 Y102.587 E5.30219
G1 X107.71 Y102.427 E5.30989
G1 X107.584 Y102.314 E5.31803
G1 X97.615 Y99.459 E5.81678
G1 X97.659 Y99.038 E5.83714
G1 X97.793 Y98.635 E5.85757
G1 X97.924 Y98.409 E5.87013
G1 X107.883 Y101.261 E6.36838
G1 X108.05 Y101.231 E6.37654
G1 X108.122 Y101.128 E6.38258
G1 X108.485 Y99.852 E6.44639
G1 X108.996 Y99.469 E6.4771
G1 X111.289 Y100.122 E6.59177
;WIDTH:0.483423
G1 X111.596 Y100.227 E6.60873
;WIDTH:0.516847
G1 X111.903 Y100.331 E6.62702
;WIDTH:0.550271
G1 X112.21 Y100.436 E6.64668
G1 X118.68 Y102.277 E7.05434
;WIDTH:0.55027
G1 X118.222 Y102.652 E7.09021
G1 X112.077 Y100.903 E7.4774
;WIDTH:0.553953
G1 X112.036 Y100.894 E7.47996
G1 X111.966 Y100.957 E7.48571
;WIDTH:0.519302
G1 X111.896 Y101.021 E7.49109
;WIDTH:0.484651
G1 X111.825 Y101.084 E7.49607
;WIDTH:0.45
G1 X110.847 Y104.523 E7.66803
;WIDTH:0.498392
G1 X110.877 Y104.594 E7.6722
G1 X111.175 Y104.861 F7800
G1 E5.6722 F2400
G92 E0
G1 X108.674 Y103.063 F7800
G1 E2 F2400
;TYPE:Solid infill
;WIDTH:0.45
G1 F1200
G1 X108.531 Y103.564 E2.02506
G1 X109.906 Y103.956 E2.09383
G1 X110.728 Y101.065 E2.23839
G1 X109.354 Y100.674 E2.3071
G1 X109.143 Y101.414 E2.34411
G1 X108.914 Y101.855 E2.36801
G1 X108.702 Y102.063 E2.38229
G1 X108.778 Y102.415 E2.39961
G1 X108.727 Y102.877 E2.42197
G1 X109.148 Y102.376 E2.45344
;WIDTH:0.525357
G1 X109.164 Y102.537 E2.46274
;WIDTH:0.559682
G1 X109.18 Y102.697 E2.47267
;WIDTH:0.594007
G1 X109.197 Y102.858 E2.48336
G1 X109.092 Y103.252 E2.5103
;WIDTH:0.586119
G1 X109.594 Y103.395 E2.54427
;WIDTH:0.594007
G1 X109.715 Y102.954 E2.57448
G1 X109.791 Y102.775 E2.58733
;WIDTH:0.546004
G1 X109.867 Y102.596 E2.59901
;WIDTH:0.498002
G1 X109.943 Y102.417 E2.60953
G1 X109.972 Y102.225 E2.62003
;WIDTH:0.545932
G1 X110.002 Y102.034 E2.63164
;WIDTH:0.593899
G1 X110.032 Y101.842 E2.64447
G1 X110.168 Y101.377 E2.67647
;WIDTH:0.586119
G1 X109.666 Y101.234 E2.71044
;WIDTH:0.593899
G1 X109.54 Y101.651 E2.73921
G1 X109.44 Y101.789 E2.75047
;WIDTH:0.545932
G1 X109.341 Y101.927 E2.76067
;WIDTH:0.497966
G1 X109.242 Y102.065 E2.76985
;WIDTH:0.45
G1 X109.129 Y102.184 E2.77774
G1 X109.546 Y102.258 E2.79811
;WIDTH:0.476921
G1 X109.509 Y102.294 E2.80077
G1 X109.522 Y102.344 E2.80343
G1 X109.572 Y102.357 E2.80609
G1 X109.609 Y102.321 E2.80875
G1 X109.595 Y102.271 E2.81142
G1 E.81142 F2400
G92 E0
G1 X109.595 Y102.271 F7800
G92 E0
G1 X118.64 Y118.496
G1 E2 F2400
;TYPE:Support material
;WIDTH:0.35
G1 F3600
G1 X118.856 Y118.62 E2.00887
G1 X118.574 Y118.572 E2.01906
G1 X118.73 Y118.157 E2.03485
G1 X118.958 Y118.235 E2.04343
G1 X119.15 Y118.408 E2.05264
G1 X119.228 Y118.613 E2.06045
G1 X119.187 Y118.797 E2.06717
G1 X119.04 Y118.936 E2.07438
G1 X118.779 Y118.998 E2.08394
G1 X118.49 Y118.939 E2.09445
G1 X118.26 Y118.782 E2.10437
G1 X118.184 Y118.666 E2.10931
G1 X118.311 Y118.211 E2.12614
G1 X118.689 Y118.143 E2.13982
G1 X117.736 Y117.674 F7800
;TYPE:Support material interface
G1 F3600
G1 X117.884 Y117.496 E2.14807
G1 X117.593 Y117.414 E2.15884
G1 X117.526 Y117.481 E2.16222
G1 X116.964 Y117.235 E2.18407
G1 X116.897 Y117.302 E2.18745
G1 X116.583 Y117.212 E2.19909
G1 X116.649 Y117.145 E2.20244
G1 X116.335 Y117.056 E2.21407
G1 X116.268 Y117.123 E2.21745
G1 X115.954 Y117.033 E2.22909
G1 X116.02 Y116.966 E2.23244
G1 X115.325 Y116.854 E2.25752
G1 X115.496 Y116.683 E2.26613
G1 X115.496 Y116.683 F7800
G1 X115.128 Y117.859
G1 F3600
G1 X114.957 Y118.03 E2.27474
G1 X115.271 Y118.119 E2.28637
G1 X115.338 Y118.053 E2.28972
G1 X115.653 Y118.142 E2.30138
G1 X115.586 Y118.209 E2.30476
G1 X115.9 Y118.298 E2.31639
G1 X115.967 Y118.232 E2.31974
G1 X116.282 Y118.321 E2.3314
G1 X116.215 Y118.388 E2.33478
G1 X116.529 Y118.477 E2.34641
G1 X116.596 Y118.411 E2.34976
G1 X117.158 Y118.656 E2.3716
G1 X117.225 Y118.589 E2.37498
G1 X117.532 Y118.677 E2.38636
G1 X117.368 Y118.85 E2.39485
G1 E.39485 F2400
G92 E0
G1 X117.368 Y118.85 F7800
G1 X110.104 Y117.825
G1 E2 F2400
;TYPE:Perimeter
;WIDTH:0.45
G1 F900
G1 X108.174 Y117.276 E2.09651
G1 X108.449 Y116.311 E2.14477
G1 X108.491 Y115.921 E2.16364
G1 X108.425 Y115.65 E2.17706
G1 X108.204 Y115.434 E2.19192
G1 X108.506 Y115.366 E2.20681
G1 X108.705 Y115.171 E2.22021
G1 X108.864 Y114.852 E2.23735
G1 X109.155 Y113.829 E2.2885
G1 X111.092 Y114.381 E2.38537
G1 X110.121 Y117.767 E2.55479
G1 X110.121 Y117.767 F7800
G1 X110.675 Y118.288
G1 F900
G1 X110.742 Y118.408 E2.5614
G1 X107.881 Y117.594 E2.70447
G1 X107.766 Y117.301 E2.71961
G1 X108.078 Y116.205 E2.77442
G1 X108.107 Y115.958 E2.78638
G1 X108.067 Y115.795 E2.79445
G1 X107.683 Y115.47 E2.81865
;WIDTH:0.424232
G1 X98.174 Y112.746 E3.26261
;WIDTH:0.420168
G1 X98.013 Y112.7 E3.27004
G1 X98.111 Y112.359 E3.28578
G1 X98.271 Y112.404 E3.29316
;WIDTH:0.424232
G1 X107.783 Y115.13 E3.73727
;WIDTH:0.45
G1 X108.278 Y115.055 E3.76135
G1 X108.397 Y114.938 E3.76938
G1 X108.493 Y114.747 E3.77966
G1 X108.82 Y113.596 E3.83721
G1 X109.074 Y113.406 E3.85247
G1 X111.88 Y114.204 E3.99278
G1 X111.454 Y114.492 E4.01751
G1 X110.476 Y117.931 E4.18947
G1 X110.646 Y118.235 E4.20622
G1 X110.646 Y118.235 F7800
G1 X110.9 Y118.162
;TYPE:External perimeter
;WIDTH:0.498392
G1 F1800
G1 X110.907 Y118.178 E4.20717
;WIDTH:0.546785
G1 X110.966 Y118.321 E4.21648
G1 X117.109 Y120.069 E4.60076
G1 X117.297 Y120.624 E4.63602
G1 X110.834 Y118.785 E5.04032
G1 X110.364 Y118.676 E5.06935
;WIDTH:0.498392
G1 X109.893 Y118.567 E5.09552
;WIDTH:0.45
G1 X107.593 Y117.913 E5.21053
G1 X107.359 Y117.321 E5.24115
G1 X107.707 Y116.1 E5.30221
G1 X107.71 Y115.94 E5.30991
G1 X107.584 Y115.827 E5.31805
G1 X97.615 Y112.972 E5.8168
G1 X97.659 Y112.551 E5.83716
G1 X97.793 Y112.148 E5.85759
G1 X97.924 Y111.921 E5.8702
G1 X107.883 Y114.774 E6.36846
G1 X108.05 Y114.744 E6.37662
G1 X108.122 Y114.641 E6.38266
G1 X108.485 Y113.365 E6.44647
G1 X108.996 Y112.982 E6.47718
G1 X111.289 Y113.635 E6.59185
;WIDTH:0.483423
G1 X111.596 Y113.74 E6.60881
;WIDTH:0.516847
G1 X111.903 Y113.844 E6.6271
;WIDTH:0.550271
G1 X112.21 Y113.949 E6.64676
G1 X118.68 Y115.79 E7.05442
;WIDTH:0.55027
G1 X118.222 Y116.165 E7.09029
G1 X112.077 Y114.416 E7.47748
;WIDTH:0.553953
G1 X112.036 Y114.407 E7.48004
G1 X111.966 Y114.47 E7.48579
;WIDTH:0.519302
G1 X111.896 Y114.534 E7.49117
;WIDTH:0.484651
G1 X111.825 Y114.597 E7.49615
;WIDTH:0.45
G1 X110.847 Y118.036 E7.66811
;WIDTH:0.498392
G1 X110.877 Y118.107 E7.67228
G1 X111.175 Y118.374 F7800
G1 E5.67228 F2400
G92 E0
G1 X108.674 Y116.576 F7800
G1 E2 F2400
;TYPE:Solid infill
;WIDTH:0.45
G1 F1200
G1 X108.531 Y117.077 E2.02506
G1 X109.906 Y117.468 E2.09381
G1 X110.728 Y114.578 E2.23832
G1 X109.354 Y114.187 E2.30703
G1 X109.143 Y114.927 E2.34404
G1 X108.914 Y115.368 E2.36794
G1 X108.702 Y115.576 E2.38222
G1 X108.778 Y115.928 E2.39954
G1 X108.727 Y116.39 E2.4219
G1 X109.148 Y115.889 E2.45337
;WIDTH:0.525357
G1 X109.164 Y116.05 E2.46267
;WIDTH:0.559682
G1 X109.18 Y116.21 E2.4726
;WIDTH:0.594007
G1 X109.197 Y116.371 E2.48329
G1 X109.092 Y116.765 E2.51023
;WIDTH:0.586119
G1 X109.594 Y116.908 E2.5442
;WIDTH:0.594007
G1 X109.715 Y116.467 E2.57441
G1 X109.791 Y116.288 E2.58726
;WIDTH:0.546004
G1 X109.867 Y116.109 E2.59894
;WIDTH:0.498002
G1 X109.943 Y115.93 E2.60946
G1 X109.972 Y115.738 E2.61996
;WIDTH:0.545932
G1 X110.002 Y115.546 E2.63163
;WIDTH:0.593899
G1 X110.032 Y115.355 E2.6444
G1 X110.168 Y114.89 E2.6764
;WIDTH:0.586119
G1 X109.666 Y114.747 E2.71037
;WIDTH:0.593899
G1 X109.54 Y115.164 E2.73914
G1 X109.44 Y115.302 E2.7504
;WIDTH:0.545932
G1 X109.341 Y115.44 E2.7606
;WIDTH:0.497966
G1 X109.242 Y115.578 E2.76978
;WIDTH:0.45
G1 X109.129 Y115.697 E2.77767
G1 X109.546 Y115.771 E2.79804
;WIDTH:0.476921
G1 X109.509 Y115.807 E2.8007
G1 X109.522 Y115.857 E2.80336
G1 X109.572 Y115.87 E2.80602
G1 X109.609 Y115.834 E2.80868
G1 X109.595 Y115.784 E2.81135
G1 E.81135 F2400
G92 E0
G1 X109.595 Y115.784 F7800
G92 E0
G1 X118.64 Y132.009
G1 E2 F2400
;TYPE:Support material
;WIDTH:0.35
G1 F3600
G1 X118.856 Y132.133 E2.00887
G1 X118.574 Y132.085 E2.01906
G1 X118.73 Y131.67 E2.03485
G1 X118.958 Y131.748 E2.04343
G1 X119.15 Y131.92 E2.05261
G1 X119.228 Y132.126 E2.06046
G1 X119.187 Y132.309 E2.06714
G1 X119.04 Y132.449 E2.07437
G1 X118.779 Y132.511 E2.08393
G1 X118.49 Y132.452 E2.09444
G1 X118.26 Y132.295 E2.10436
G1 X118.184 Y132.179 E2.1093
G1 X118.311 Y131.724 E2.12613
G1 X118.689 Y131.656 E2.13981
G1 X118.689 Y131.656 F7800
G1 X117.736 Y131.187
;TYPE:Support material interface
G1 F3600
G1 X117.884 Y131.009 E2.14806
G1 X117.593 Y130.927 E2.15883
G1 X117.526 Y130.993 E2.16218
G1 X116.964 Y130.748 E2.18402
G1 X116.897 Y130.814 E2.18737
G1 X116.583 Y130.725 E2.199
G1 X116.649 Y130.658 E2.20235
G1 X116.335 Y130.569 E2.21398
G1 X116.268 Y130.636 E2.21736
G1 X115.954 Y130.546 E2.229
G1 X116.02 Y130.479 E2.23235
G1 X115.325 Y130.367 E2.25743
G1 X115.496 Y130.196 E2.26604
G1 X115.496 Y130.196 F7800
G1 X115.128 Y131.372
G1 F3600
G1 X114.957 Y131.543 E2.27465
G1 X115.271 Y131.632 E2.28628
G1 X115.338 Y131.565 E2.28966
G1 X115.653 Y131.655 E2.30133
G1 X115.586 Y131.722 E2.30471
G1 X115.9 Y131.811 E2.31634
G1 X115.967 Y131.744 E2.31972
G1 X116.282 Y131.834 E2.33139
G1 X116.215 Y131.901 E2.33477
G1 X116.529 Y131.99 E2.3464
G1 X116.596 Y131.923 E2.34978
G1 X117.158 Y132.169 E2.37163
G1 X117.225 Y132.102 E2.37501
G1 X117.532 Y132.19 E2.38639
G1 X117.368 Y132.363 E2.39488
G1 E.39488 F2400
G92 E0
G1 X117.368 Y132.363 F7800
G1 X110.104 Y131.338
G1 E2 F2400
;TYPE:Perimeter
;WIDTH:0.45
G1 F900
G1 X108.174 Y130.789 E2.09651
G1 X108.449 Y129.824 E2.14477
G1 X108.491 Y129.434 E2.16364
G1 X108.425 Y129.163 E2.17706
G1 X108.204 Y128.947 E2.19192
G1 X108.506 Y128.879 E2.20681
G1 X108.705 Y128.684 E2.22021
G1 X108.864 Y128.365 E2.23735
G1 X109.155 Y127.342 E2.2885
G1 X111.092 Y127.893 E2.38536
G1 X110.121 Y131.28 E2.55483
G1 X110.121 Y131.28 F7800
G1 X110.675 Y131.801
G1 F900
G1 X110.742 Y131.921 E2.56144
G1 X107.881 Y131.107 E2.70451
G1 X107.766 Y130.814 E2.71965
G1 X108.078 Y129.718 E2.77446
G1 X108.107 Y129.471 E2.78642
G1 X108.067 Y129.308 E2.79449
G1 X107.683 Y128.983 E2.81869
;WIDTH:0.424232
G1 X98.174 Y126.259 E3.26265
;WIDTH:0.420168
G1 X98.013 Y126.213 E3.27008
G1 X98.111 Y125.872 E3.28582
G1 X98.271 Y125.917 E3.2932
;WIDTH:0.424232
G1 X107.783 Y128.643 E3.73731
;WIDTH:0.45
G1 X108.278 Y128.568 E3.76139
G1 X108.397 Y128.451 E3.76942
G1 X108.493 Y128.259 E3.77974
G1 X108.82 Y127.109 E3.83724
G1 X109.074 Y126.918 E3.85253
G1 X111.88 Y127.717 E3.99285
G1 X111.454 Y128.005 E4.01758
G1 X110.476 Y131.443 E4.1895
G1 X110.646 Y131.748 E4.20629
G1 X110.646 Y131.748 F7800
G1 X110.9 Y131.675
;TYPE:External perimeter
;WIDTH:0.498392
G1 F1800
G1 X110.907 Y131.691 E4.20724
;WIDTH:0.546785
G1 X110.966 Y131.834 E4.21655
G1 X117.109 Y133.582 E4.60083
G1 X117.297 Y134.137 E4.63609
G1 X110.834 Y132.298 E5.04039
G1 X110.364 Y132.189 E5.06942
;WIDTH:0.498392
G1 X109.893 Y132.08 E5.09559
;WIDTH:0.45
G1 X107.593 Y131.426 E5.2106
G1 X107.359 Y130.834 E5.24122
G1 X107.707 Y129.613 E5.30228
G1 X107.71 Y129.453 E5.30998
G1 X107.584 Y129.34 E5.31812
G1 X97.615 Y126.484 E5.81688
G1 X97.659 Y126.064 E5.83719
G1 X97.793 Y125.661 E5.85762
G1 X97.924 Y125.434 E5.87023
G1 X107.883 Y128.286 E6.36848
G1 X108.05 Y128.257 E6.37663
G1 X108.122 Y128.154 E6.38267
G1 X108.485 Y126.878 E6.44648
G1 X108.996 Y126.495 E6.47719
G1 X111.289 Y127.148 E6.59186
;WIDTH:0.483423
G1 X111.596 Y127.252 E6.6088
;WIDTH:0.516847
G1 X111.903 Y127.357 E6.62711
;WIDTH:0.550271
G1 X112.21 Y127.462 E6.64677
G1 X118.68 Y129.303 E7.05443
;WIDTH:0.55027
G1 X118.222 Y129.678 E7.0903
G1 X112.077 Y127.929 E7.47749
;WIDTH:0.553953
G1 X112.036 Y127.919 E7.48007
G1 X111.966 Y127.983 E7.48586
;WIDTH:0.519302
G1 X111.896 Y128.047 E7.49124
;WIDTH:0.484651
G1 X111.825 Y128.11 E7.49622
;WIDTH:0.45
G1 X110.847 Y131.549 E7.66818
;WIDTH:0.498392
G1 X110.877 Y131.62 E7.67235
G1 X111.175 Y131.886 F7800
G1 E5.67235 F2400
G92 E0
G1 X108.674 Y130.088 F7800
G1 E2 F2400
;TYPE:Solid infill
;WIDTH:0.45
G1 F1200
G1 X108.531 Y130.59 E2.0251
G1 X109.906 Y130.981 E2.09385
G1 X110.728 Y128.091 E2.23836
G1 X109.354 Y127.7 E2.30707
G1 X109.143 Y128.44 E2.34408
G1 X108.914 Y128.88 E2.36794
G1 X108.702 Y129.089 E2.38226
G1 X108.778 Y129.441 E2.39958
G1 X108.727 Y129.903 E2.42194
G1 X109.148 Y129.402 E2.45341
;WIDTH:0.525357
G1 X109.164 Y129.562 E2.46266
;WIDTH:0.559682
G1 X109.18 Y129.723 E2.47266
;WIDTH:0.594007
G1 X109.197 Y129.883 E2.48329
G1 X109.092 Y130.278 E2.51029
;WIDTH:0.586119
G1 X109.594 Y130.421 E2.54426
;WIDTH:0.594007
G1 X109.715 Y129.98 E2.57447
G1 X109.791 Y129.801 E2.58732
;WIDTH:0.546004
G1 X109.867 Y129.622 E2.599
;WIDTH:0.498002
G1 X109.943 Y129.443 E2.60952
G1 X109.972 Y129.251 E2.62002
;WIDTH:0.545932
G1 X110.002 Y129.059 E2.63169
;WIDTH:0.593899
G1 X110.032 Y128.868 E2.64446
G1 X110.168 Y128.403 E2.67646
;WIDTH:0.586119
G1 X109.666 Y128.26 E2.71043
;WIDTH:0.593899
G1 X109.54 Y128.677 E2.7392
G1 X109.44 Y128.815 E2.75046
;WIDTH:0.545932
G1 X109.341 Y128.953 E2.76066
;WIDTH:0.497966
G1 X109.242 Y129.091 E2.76984
;WIDTH:0.45
G1 X109.129 Y129.21 E2.77773
G1 X109.546 Y129.284 E2.7981
;WIDTH:0.476921
G1 X109.509 Y129.32 E2.80076
G1 X109.522 Y129.37 E2.80342
G1 X109.572 Y129.383 E2.80608
G1 X109.609 Y129.347 E2.80874
G1 X109.595 Y129.297 E2.81141
M106 S204
;LAYER_CHANGE
;Z:6.05
;HEIGHT:0.3
G1 Z6.05 F7800
G1 E.81141 F2400
G92 E0
G1 X109.595 Y129.297 F7800
G92 E0
G1 X121.98 Y92.202
G1 E2 F2400
;TYPE:Support material
;WIDTH:0.35
G1 F3600
G1 X122.239 Y92.249 E2.00938
G1 X122.413 Y92.387 E2.01729
G1 X122.476 Y92.542 E2.02325
G1 X122.319 Y92.775 E2.03326
G1 X121.936 Y92.76 E2.04691
G1 X121.693 Y92.537 E2.05866
G1 X121.696 Y92.345 E2.0655
G1 X121.937 Y92.2 E2.07552
G1 E.07552 F2400
G92 E0
G1 X121.937 Y92.2 F7800
G1 X113.977 Y91.633
G1 E2 F2400
;TYPE:Perimeter
;WIDTH:0.45
G1 F900
G1 X111.945 Y91.055 E2.10161
G1 X111.886 Y90.984 E2.10605
G1 X112.691 Y88.157 E2.24742
G1 X112.744 Y88.096 E2.25131
G1 X114.791 Y88.678 E2.35367
G1 X114.591 Y88.814 E2.3653
G1 X113.852 Y91.41 E2.49512
G1 X113.947 Y91.581 E2.50453
G1 X113.947 Y91.581 F7800
G1 X114.424 Y91.872
G1 F900
G1 X114.623 Y92.224 E2.52398
G1 X111.602 Y91.359 E2.67512
G1 X111.483 Y90.991 E2.69372
G1 X112.358 Y87.916 E2.84749
G1 X112.652 Y87.668 E2.86599
G1 X114.569 Y88.214 E2.96186
;WIDTH:0.451343
G1 X115.578 Y88.502 E3.0125
G1 X114.962 Y88.919 E3.0484
;WIDTH:0.45
G1 X114.223 Y91.515 E3.17822
G1 X114.394 Y91.819 E3.195
G1 E1.195 F2400
G92 E0
G1 X114.394 Y91.819 F7800
G1 X120.556 Y93.913
G1 E2 F2400
;WIDTH:0.438143
G1 F900
G1 X114.623 Y92.224 E2.28757
G1 E.28757 F2400
G92 E0
G1 X114.623 Y92.224 F7800
G1 X115.578 Y88.502
G1 E2 F2400
;WIDTH:0.451343
G1 F900
G1 X115.675 Y88.525 E2.00481
;WIDTH:0.442631
G1 X121.602 Y90.211 E2.29552
G1 E.29552 F2400
G92 E0
G1 X121.602 Y90.211 F7800
G1 X114.66 Y91.74
G1 E2 F2400
;TYPE:External perimeter
;WIDTH:0.45
G1 F1800
G1 X114.727 Y91.859 E2.00657
G1 X114.95 Y91.923 E2.01773
;TYPE:Overhang perimeter
;WIDTH:0.4
;HEIGHT:0.4
M106 S255
G1 F3600
G1 X120.879 Y93.61 E2.33979
G1 X120.883 Y93.624 E2.34055
M106 S204
;TYPE:External perimeter
;WIDTH:0.45
;HEIGHT:0.3
G1 F1800
G1 X121.079 Y94.376 E2.37793
G1 X121.066 Y94.452 E2.38164
G1 X111.298 Y91.673 E2.87009
G1 X111.08 Y90.998 E2.90421
G1 X112.019 Y87.698 E3.06923
G1 X112.56 Y87.241 E3.10329
G1 X122.327 Y90.02 E3.59169
G1 X122.313 Y90.07 E3.59419
G1 X121.733 Y90.632 E3.63303
;TYPE:Overhang perimeter
;WIDTH:0.4
;HEIGHT:0.4
M106 S255
G1 F3600
G1 X121.722 Y90.642 E3.63381
G1 X115.794 Y88.956 E3.9558
M106 S204
;TYPE:External perimeter
;WIDTH:0.45
;HEIGHT:0.3
G1 F1800
G1 X115.571 Y88.892 E3.96696
G1 X115.333 Y89.025 E3.98007
G1 X114.594 Y91.621 E4.10989
G1 X114.631 Y91.688 E4.11357
G1 X114.959 Y91.917 F7800
G1 E2.11357 F2400
G92 E0
G1 X112.91 Y88.443 F7800
G1 E2 F2400
;TYPE:Solid infill
G1 F1200
G1 X114.284 Y88.835 E2.06872
G1 X113.604 Y91.227 E2.18833
G1 X112.229 Y90.836 E2.25708
G1 X112.857 Y88.629 E2.36744
G1 X113.222 Y89.004 E2.39261
;WIDTH:0.586119
G1 X113.724 Y89.147 E2.42658
G1 X113.291 Y90.666 E2.52937
G1 X112.79 Y90.523 E2.56327
G1 X113.169 Y89.189 E2.65351
G1 E.65351 F2400
G92 E0
G1 X113.169 Y89.189 F7800
G92 E0
G1 X118.353 Y104.683
G1 E2 F2400
;TYPE:Support material
;WIDTH:0.35
G1 F3600
G1 X118.612 Y104.729 E2.00937
G1 X118.786 Y104.868 E2.0173
G1 X118.849 Y105.023 E2.02326
G1 X118.692 Y105.256 E2.03327
G1 X118.309 Y105.241 E2.04692
G1 X118.066 Y105.017 E2.05869
G1 X118.069 Y104.826 E2.0655
G1 X118.31 Y104.681 E2.07552
G1 E.07552 F2400
G92 E0
G1 X118.31 Y104.681 F7800
G1 X110.35 Y104.114
G1 E2 F2400
;TYPE:Perimeter
;WIDTH:0.45
G1 F900
G1 X108.317 Y103.536 E2.10166
G1 X108.259 Y103.465 E2.10607
G1 X109.063 Y100.637 E2.24748
G1 X109.116 Y100.576 E2.25137
G1 X111.164 Y101.159 E2.35379
G1 X110.964 Y101.295 E2.36542
G1 X110.225 Y103.891 E2.49524
G1 X110.32 Y104.062 E2.50465
G1 X110.32 Y104.062 F7800
G1 X110.797 Y104.353
G1 F900
G1 X110.996 Y104.705 E2.5241
G1 X107.975 Y103.84 E2.67524
G1 X107.856 Y103.472 E2.69384
G1 X108.731 Y100.397 E2.84761
G1 X109.024 Y100.149 E2.86607
G1 X110.942 Y100.695 E2.96198
;WIDTH:0.451343
G1 X111.951 Y100.983 E3.01262
G1 X111.335 Y101.4 E3.04852
;WIDTH:0.45
G1 X110.596 Y103.996 E3.17834
G1 X110.767 Y104.3 E3.19512
G1 E1.19512 F2400
G92 E0
G1 X110.767 Y104.3 F7800
G1 X116.929 Y106.393
G1 E2 F2400
;WIDTH:0.438143
G1 F900
G1 X110.996 Y104.705 E2.28756
G1 E.28756 F2400
G92 E0
G1 X110.996 Y104.705 F7800
G1 X111.951 Y100.983
G1 E2 F2400
;WIDTH:0.451343
G1 F900
G1 X112.048 Y101.006 E2.00481
;WIDTH:0.442631
G1 X117.975 Y102.692 E2.29552
G1 E.29552 F2400
G92 E0
G1 X117.975 Y102.692 F7800
G1 X111.033 Y104.221
G1 E2 F2400
;TYPE:External perimeter
;WIDTH:0.45
G1 F1800
G1 X111.099 Y104.34 E2.00654
G1 X111.323 Y104.404 E2.01774
;TYPE:Overhang perimeter
;WIDTH:0.4
;HEIGHT:0.4
M106 S255
G1 F3600
G1 X117.252 Y106.091 E2.3398
G1 X117.255 Y106.105 E2.34055
M106 S204
;TYPE:External perimeter
;WIDTH:0.45
;HEIGHT:0.3
G1 F1800
G1 X117.452 Y106.857 E2.37794
G1 X117.439 Y106.933 E2.38165
G1 X107.671 Y104.154 E2.8701
G1 X107.453 Y103.479 E2.90422
G1 X108.392 Y100.179 E3.06924
G1 X108.932 Y99.722 E3.10326
G1 X118.7 Y102.501 E3.59171
G1 X118.686 Y102.551 E3.59421
G1 X118.106 Y103.113 E3.63305
;TYPE:Overhang perimeter
;WIDTH:0.4
;HEIGHT:0.4
M106 S255
G1 F3600
G1 X118.095 Y103.123 E3.63383
G1 X112.167 Y101.437 E3.95582
M106 S204
;TYPE:External perimeter
;WIDTH:0.45
;HEIGHT:0.3
G1 F1800
G1 X111.944 Y101.373 E3.96698
G1 X111.705 Y101.506 E3.98014
G1 X110.967 Y104.102 E4.10995
G1 X111.004 Y104.169 E4.11363
G1 X111.332 Y104.397 F7800
G1 E2.11363 F2400
G92 E0
G1 X109.283 Y100.924 F7800
G1 E2 F2400
;TYPE:Solid infill
G1 F1200
G1 X110.657 Y101.315 E2.06871
G1 X109.976 Y103.707 E2.18833
G1 X108.602 Y103.316 E2.25704
G1 X109.23 Y101.11 E2.36736
G1 X109.595 Y101.485 E2.39253
;WIDTH:0.586119
G1 X110.097 Y101.628 E2.4265
G1 X109.664 Y103.147 E2.52929
G1 X109.162 Y103.004 E2.56326
G1 X109.542 Y101.67 E2.65352
G1 E.65352 F2400
G92 E0
G1 X109.542 Y101.67 F7800
G92 E0
G1 X118.353 Y118.196
G1 E2 F2400
;TYPE:Support material
;WIDTH:0.35
G1 F3600
G1 X118.612 Y118.242 E2.00937
G1 X118.786 Y118.381 E2.0173
G1 X118.849 Y118.536 E2.02326
G1 X118.692 Y118.768 E2.03324
G1 X118.309 Y118.754 E2.04689
G1 X118.066 Y118.53 E2.05866
G1 X118.069 Y118.339 E2.06547
G1 X118.31 Y118.194 E2.07549
G1 E.07549 F2400
G92 E0
G1 X118.31 Y118.194 F7800
G1 X110.35 Y117.627
G1 E2 F2400
;TYPE:Perimeter
;WIDTH:0.45
G1 F900
G1 X108.317 Y117.049 E2.10166
G1 X108.259 Y116.978 E2.10607
G1 X109.063 Y114.15 E2.24748
G1 X109.116 Y114.089 E2.25137
G1 X111.164 Y114.672 E2.35379
G1 X110.964 Y114.808 E2.36542
G1 X110.225 Y117.404 E2.49524
G1 X110.32 Y117.575 E2.50465
G1 X110.32 Y117.575 F7800
G1 X110.797 Y117.865
G1 F900
G1 X110.996 Y118.218 E2.52414
G1 X107.975 Y117.352 E2.67529
G1 X107.856 Y116.985 E2.69385
G1 X108.731 Y113.91 E2.84762
G1 X109.024 Y113.662 E2.86608
G1 X110.942 Y114.208 E2.96199
;WIDTH:0.451343
G1 X111.951 Y114.495 E3.01262
G1 X111.335 Y114.913 E3.04855
;WIDTH:0.45
G1 X110.596 Y117.509 E3.17837
G1 X110.767 Y117.813 E3.19515
G1 E1.19515 F2400
G92 E0
G1 X110.767 Y117.813 F7800
G1 X116.929 Y119.906
G1 E2 F2400
;WIDTH:0.438143
G1 F900
G1 X110.996 Y118.218 E2.28756
G1 E.28756 F2400
G92 E0
G1 X110.996 Y118.218 F7800
G1 X111.951 Y114.495
G1 E2 F2400
;WIDTH:0.451343
G1 F900
G1 X112.048 Y114.519 E2.00482
;WIDTH:0.442631
G1 X117.975 Y116.205 E2.29553
G1 E.29553 F2400
G92 E0
G1 X111.033 Y117.734 F7800
G1 E2 F2400
;TYPE:External perimeter
;WIDTH:0.45
G1 F1800
G1 X111.099 Y117.853 E2.00654
G1 X111.323 Y117.916 E2.01773
;TYPE:Overhang perimeter
;WIDTH:0.4
;HEIGHT:0.4
M106 S255
G1 F3600
G1 X117.252 Y119.604 E2.3398
G1 X117.255 Y119.618 E2.34055
M106 S204
;TYPE:External perimeter
;WIDTH:0.45
;HEIGHT:0.3
G1 F1800
G1 X117.452 Y120.37 E2.37794
G1 X117.439 Y120.446 E2.38165
G1 X107.671 Y117.667 E2.8701
G1 X107.453 Y116.992 E2.90422
G1 X108.392 Y113.691 E3.06929
G1 X108.932 Y113.235 E3.10328
G1 X118.7 Y116.014 E3.59173
G1 X118.686 Y116.064 E3.59423
G1 X118.106 Y116.626 E3.63307
;TYPE:Overhang perimeter
;WIDTH:0.4
;HEIGHT:0.4
M106 S255
G1 F3600
G1 X118.095 Y116.636 E3.63385
G1 X112.167 Y114.95 E3.95584
M106 S204
;TYPE:External perimeter
;WIDTH:0.45
;HEIGHT:0.3
G1 F1800
G1 X111.944 Y114.886 E3.967
G1 X111.705 Y115.019 E3.98016
G1 X110.967 Y117.615 E4.10997
G1 X111.004 Y117.681 E4.11361
G1 X111.332 Y117.91 F7800
G1 E2.11361 F2400
G92 E0
G1 X109.283 Y114.437 F7800
G1 E2 F2400
;TYPE:Solid infill
G1 F1200
G1 X110.657 Y114.828 E2.06871
G1 X109.976 Y117.22 E2.18833
G1 X108.602 Y116.829 E2.25704
G1 X109.23 Y114.623 E2.36736
G1 X109.595 Y114.998 E2.39253
;WIDTH:0.586119
G1 X110.097 Y115.14 E2.42648
G1 X109.664 Y116.66 E2.52933
G1 X109.162 Y116.517 E2.5633
G1 X109.542 Y115.183 E2.65356
G1 E.65356 F2400
G92 E0
G1 X109.542 Y115.183 F7800
G92 E0
G1 X118.353 Y131.708
G1 E2 F2400
;TYPE:Support material
;WIDTH:0.35
G1 F3600
G1 X118.612 Y131.755 E2.00938
G1 X118.786 Y131.894 E2.01731
G1 X118.849 Y132.049 E2.02327
G1 X118.692 Y132.281 E2.03325
G1 X118.309 Y132.267 E2.0469
G1 X118.066 Y132.043 E2.05867
G1 X118.069 Y131.852 E2.06548
G1 X118.31 Y131.707 E2.0755
G1 E.0755 F2400
G92 E0
G1 X118.31 Y131.707 F7800
G1 X110.35 Y131.14
G1 E2 F2400
;TYPE:Perimeter
;WIDTH:0.45
G1 F900
G1 X108.317 Y130.562 E2.10166
G1 X108.259 Y130.49 E2.10611
G1 X109.063 Y127.663 E2.24747
G1 X109.116 Y127.602 E2.25136
G1 X111.164 Y128.185 E2.35378
G1 X110.964 Y128.32 E2.36539
G1 X110.225 Y130.916 E2.49521
G1 X110.32 Y131.088 E2.50466
G1 X110.32 Y131.088 F7800
G1 X110.797 Y131.378
G1 F900
G1 X110.996 Y131.731 E2.52415
G1 X107.975 Y130.865 E2.6753
G1 X107.856 Y130.497 E2.6939
G1 X108.731 Y127.423 E2.84762
G1 X109.024 Y127.175 E2.86608
G1 X110.942 Y127.72 E2.96198
;WIDTH:0.451343
G1 X111.951 Y128.008 E3.01262
G1 X111.335 Y128.426 E3.04855
;WIDTH:0.45
G1 X110.596 Y131.022 E3.17837
G1 X110.767 Y131.326 E3.19515
G1 E1.19515 F2400
G92 E0
G1 X110.767 Y131.326 F7800
G1 X116.929 Y133.419
G1 E2 F2400
;WIDTH:0.438143
G1 F900
G1 X110.996 Y131.731 E2.28756
G1 E.28756 F2400
G92 E0
G1 X110.996 Y131.731 F7800
G1 X111.951 Y128.008
G1 E2 F2400
;WIDTH:0.451343
G1 F900
G1 X112.048 Y128.031 E2.00481
;WIDTH:0.442631
G1 X117.975 Y129.718 E2.29554
G1 E.29554 F2400
G92 E0
G1 X117.975 Y129.718 F7800
G1 X111.033 Y131.247
G1 E2 F2400
;TYPE:External perimeter
;WIDTH:0.45
G1 F1800
G1 X111.099 Y131.366 E2.00654
G1 X111.323 Y131.429 E2.01773
;TYPE:Overhang perimeter
;WIDTH:0.4
;HEIGHT:0.4
M106 S255
G1 F3600
G1 X117.252 Y133.116 E2.33979
G1 X117.255 Y133.131 E2.34059
M106 S204
;TYPE:External perimeter
;WIDTH:0.45
;HEIGHT:0.3
G1 F1800
G1 X117.452 Y133.883 E2.37798
G1 X117.439 Y133.959 E2.38169
G1 X107.671 Y131.18 E2.87014
G1 X107.453 Y130.504 E2.9043
G1 X108.392 Y127.204 E3.06932
G1 X108.932 Y126.748 E3.10331
G1 X118.7 Y129.527 E3.59176
G1 X118.686 Y129.577 E3.59426
G1 X118.106 Y130.138 E3.63307
;TYPE:Overhang perimeter
;WIDTH:0.4
;HEIGHT:0.4
M106 S255
G1 F3600
G1 X118.095 Y130.149 E3.63388
G1 X112.167 Y128.462 E3.95588
M106 S204
;TYPE:External perimeter
;WIDTH:0.45
;HEIGHT:0.3
G1 F1800
G1 X111.944 Y128.399 E3.96703
G1 X111.705 Y128.532 E3.98019
G1 X110.967 Y131.128 E4.11
G1 X111.004 Y131.194 E4.11364
G1 X111.332 Y131.423 F7800
G1 E2.11364 F2400
G92 E0
G1 X109.283 Y127.95 F7800
G1 E2 F2400
;TYPE:Solid infill
G1 F1200
G1 X110.657 Y128.341 E2.06871
G1 X109.976 Y130.733 E2.18833
G1 X108.602 Y130.342 E2.25704
G1 X109.23 Y128.135 E2.3674
G1 X109.595 Y128.511 E2.3926
;WIDTH:0.586119
G1 X110.097 Y128.653 E2.42655
G1 X109.664 Y130.173 E2.5294
G1 X109.162 Y130.03 E2.56337
G1 X109.542 Y128.696 E2.65363
M106 S206.55
;LAYER_CHANGE
;Z:6.35
;HEIGHT:0.3
G1 Z6.35 F7800
G1 E.65363 F2400
G92 E0
G92 E0
G1 X114.239 Y91.274 F7800
G1 E2 F2400
;TYPE:Perimeter
;WIDTH:0.45
G1 F900
G1 X114.404 Y91.426 E2.01079
G1 X112.03 Y90.75 E2.12951
G1 X112.001 Y90.581 E2.13776
G1 X112.567 Y88.591 E2.23727
G1 X112.693 Y88.423 E2.24737
G1 X114.994 Y89.078 E2.36244
G1 X114.692 Y89.162 E2.37752
G1 X114.348 Y89.666 E2.40687
G1 X114.095 Y90.558 E2.45146
G1 X114.122 Y91.167 E2.48078
G1 X114.194 Y91.234 E2.48551
G1 X114.194 Y91.234 F7800
G1 X114.543 Y91.094
;WIDTH:0.492825
G1 F900
G1 X114.667 Y91.224 E2.49511
;WIDTH:0.53565
G1 X114.852 Y91.419 E2.51091
G1 X115.075 Y91.483 E2.52455
;TYPE:Overhang perimeter
;WIDTH:0.4
;HEIGHT:0.4
M106 S255
G1 X120.636 Y93.065 E2.82661
G1 X120.638 Y93.099 E2.82839
M106 S206.55
;TYPE:Perimeter
;WIDTH:0.53565
;HEIGHT:0.3
G1 X120.676 Y93.566 E2.85593
G1 X114.723 Y91.873 E3.21972
G1 X114.305 Y91.776 E3.24494
;WIDTH:0.492825
G1 X113.887 Y91.679 E3.26787
;WIDTH:0.45
G1 X111.707 Y91.059 E3.37688
G1 X111.606 Y90.56 E3.40137
G1 X112.234 Y88.352 E3.51178
G1 X112.571 Y87.987 E3.53567
G1 X114.764 Y88.611 E3.64533
;WIDTH:0.490938
G1 X115.168 Y88.748 E3.66803
;WIDTH:0.531876
G1 X115.573 Y88.884 E3.69294
G1 X121.529 Y90.579 E4.05402
;WIDTH:0.531873
G1 X121.254 Y90.951 E4.08099
;TYPE:Overhang perimeter
;WIDTH:0.4
;HEIGHT:0.4
M106 S255
G1 X121.232 Y90.98 E4.08289
G1 X115.669 Y89.397 E4.38507
M106 S206.55
;TYPE:Perimeter
;WIDTH:0.531876
;HEIGHT:0.3
G1 X115.445 Y89.334 E4.39864
;WIDTH:0.538338
G1 X115.34 Y89.31 E4.40501
G1 X115.133 Y89.39 E4.41813
;WIDTH:0.494169
G1 X114.926 Y89.469 E4.43001
;WIDTH:0.45
G1 X114.719 Y89.771 E4.44762
G1 X114.465 Y90.664 E4.49227
G1 X114.482 Y91.029 E4.50984
;WIDTH:0.492825
G1 X114.502 Y91.05 E4.51139
G1 X114.502 Y91.05 F7800
G1 X114.866 Y90.913
;TYPE:External perimeter
;WIDTH:0.45
G1 F1800
G1 X114.969 Y91.007 E4.5181
G1 X115.192 Y91.071 E4.52926
;TYPE:Overhang perimeter
;WIDTH:0.4
;HEIGHT:0.4
M106 S255
G1 F3600
G1 X121.073 Y92.744 E4.8487
G1 X121.057 Y92.955 E4.85976
G1 X121.078 Y93.225 E4.87391
M106 S206.55
;TYPE:External perimeter
;WIDTH:0.45
;HEIGHT:0.3
G1 F1800
G1 X121.109 Y93.612 E4.89258
G1 X121.187 Y93.977 E4.91053
G1 X121.153 Y94.148 E4.91892
G1 X111.392 Y91.371 E5.40702
G1 X111.211 Y90.539 E5.44797
G1 X111.888 Y88.158 E5.56703
G1 X112.472 Y87.559 E5.60727
G1 X122.237 Y90.337 E6.09557
G1 X122.206 Y90.447 E6.10107
G1 X121.777 Y90.943 E6.13261
G1 X121.691 Y91.076 E6.14023
;TYPE:Overhang perimeter
;WIDTH:0.4
;HEIGHT:0.4
M106 S255
G1 F3600
G1 X121.43 Y91.48 E6.16536
G1 X115.552 Y89.808 E6.48464
M106 S206.55
;TYPE:External perimeter
;WIDTH:0.45
;HEIGHT:0.3
G1 F1800
G1 X115.328 Y89.744 E6.49584
G1 X115.159 Y89.776 E6.50411
G1 X115.09 Y89.877 E6.50999
G1 X114.836 Y90.769 E6.5546
G1 X114.841 Y90.863 E6.55913
G1 X115.188 Y91.061 F7800
G1 E4.55913 F2400
G92 E0
G1 X112.318 Y90.531 F7800
G1 E2 F2400
;TYPE:Solid infill
G1 F1200
G1 X112.822 Y88.764 E2.08838
G1 X114.325 Y89.189 E2.1635
G1 X114.066 Y89.602 E2.18695
G1 X113.821 Y90.464 E2.23005
G1 X113.833 Y90.962 E2.25401
G1 X112.504 Y90.584 E2.32047
G1 X112.878 Y90.22 E2.34557
;WIDTH:0.584665
G1 X113.134 Y89.323 E2.4061
G1 X113.636 Y89.465 E2.43995
G1 X113.382 Y90.363 E2.50051
G1 X113.064 Y90.273 E2.52196
G1 E.52196 F2400
G92 E0
G1 X113.064 Y90.273 F7800
G92 E0
G1 X110.611 Y103.755
G1 E2 F2400
;TYPE:Perimeter
;WIDTH:0.45
G1 F900
G1 X110.777 Y103.907 E2.01083
G1 X108.402 Y103.231 E2.1296
G1 X108.374 Y103.062 E2.13784
G1 X108.94 Y101.072 E2.23735
G1 X109.066 Y100.904 E2.24745
G1 X111.366 Y101.559 E2.36247
G1 X111.065 Y101.643 E2.3775
G1 X110.721 Y102.147 E2.40685
G1 X110.467 Y103.039 E2.45146
G1 X110.495 Y103.648 E2.48078
G1 X110.567 Y103.715 E2.48551
G1 X110.567 Y103.715 F7800
G1 X110.916 Y103.575
;WIDTH:0.492825
G1 F900
G1 X111.04 Y103.705 E2.49511
;WIDTH:0.53565
G1 X111.225 Y103.9 E2.51091
G1 X111.448 Y103.964 E2.52455
;TYPE:Overhang perimeter
;WIDTH:0.4
;HEIGHT:0.4
M106 S255
G1 X117.008 Y105.546 E2.82656
G1 X117.011 Y105.58 E2.82834
M106 S206.55
;TYPE:Perimeter
;WIDTH:0.53565
;HEIGHT:0.3
G1 X117.049 Y106.047 E2.85588
G1 X111.096 Y104.354 E3.21967
G1 X110.678 Y104.257 E3.24489
;WIDTH:0.492825
G1 X110.26 Y104.16 E3.26782
;WIDTH:0.45
G1 X108.08 Y103.54 E3.37683
G1 X107.979 Y103.041 E3.40132
G1 X108.607 Y100.833 E3.51173
G1 X108.944 Y100.468 E3.53562
G1 X111.137 Y101.092 E3.64528
;WIDTH:0.490938
G1 X111.541 Y101.229 E3.66798
;WIDTH:0.531876
G1 X111.946 Y101.365 E3.69289
G1 X117.902 Y103.06 E4.05397
;WIDTH:0.531873
G1 X117.626 Y103.432 E4.08098
;TYPE:Overhang perimeter
;WIDTH:0.4
;HEIGHT:0.4
M106 S255
G1 X117.605 Y103.461 E4.08285
G1 X112.041 Y101.878 E4.38508
M106 S206.55
;TYPE:Perimeter
;WIDTH:0.531876
;HEIGHT:0.3
G1 X111.818 Y101.815 E4.39859
;WIDTH:0.538338
G1 X111.713 Y101.791 E4.40496
G1 X111.506 Y101.871 E4.41808
;WIDTH:0.494169
G1 X111.298 Y101.95 E4.43001
;WIDTH:0.45
G1 X111.092 Y102.252 E4.44759
G1 X110.838 Y103.144 E4.4922
G1 X110.855 Y103.51 E4.50982
;WIDTH:0.492825
G1 X110.875 Y103.531 E4.51137
G1 X110.875 Y103.531 F7800
G1 X111.239 Y103.394
;TYPE:External perimeter
;WIDTH:0.45
G1 F1800
G1 X111.342 Y103.488 E4.51808
G1 X111.565 Y103.552 E4.52924
;TYPE:Overhang perimeter
;WIDTH:0.4
;HEIGHT:0.4
M106 S255
G1 F3600
G1 X117.446 Y105.225 E4.84868
G1 X117.429 Y105.436 E4.85974
G1 X117.451 Y105.705 E4.87384
M106 S206.55
;TYPE:External perimeter
;WIDTH:0.45
;HEIGHT:0.3
G1 F1800
G1 X117.482 Y106.093 E4.89256
G1 X117.56 Y106.457 E4.91046
G1 X117.526 Y106.629 E4.91889
G1 X107.765 Y103.851 E5.407
G1 X107.584 Y103.019 E5.44795
G1 X108.261 Y100.639 E5.56696
G1 X108.845 Y100.039 E5.60723
G1 X118.61 Y102.818 E6.09554
G1 X118.579 Y102.927 E6.10099
G1 X118.15 Y103.424 E6.13257
G1 X118.064 Y103.556 E6.14015
;TYPE:Overhang perimeter
;WIDTH:0.4
;HEIGHT:0.4
M106 S255
G1 F3600
G1 X117.803 Y103.961 E6.16532
G1 X111.925 Y102.289 E6.4846
M106 S206.55
;TYPE:External perimeter
;WIDTH:0.45
;HEIGHT:0.3
G1 F1800
G1 X111.701 Y102.225 E6.4958
G1 X111.532 Y102.257 E6.50407
G1 X111.463 Y102.358 E6.50995
G1 X111.209 Y103.25 E6.55456
G1 X111.213 Y103.344 E6.55909
G1 X111.561 Y103.542 F7800
G1 E4.55909 F2400
G92 E0
G1 X108.691 Y103.012 F7800
G1 E2 F2400
;TYPE:Solid infill
G1 F1200
G1 X109.195 Y101.245 E2.08838
G1 X110.698 Y101.67 E2.1635
G1 X110.439 Y102.083 E2.18695
G1 X110.193 Y102.945 E2.23006
G1 X110.206 Y103.443 E2.25402
G1 X108.877 Y103.065 E2.32048
G1 X109.251 Y102.701 E2.34558
;WIDTH:0.584665
G1 X109.507 Y101.804 E2.40611
G1 X110.009 Y101.946 E2.43996
G1 X109.755 Y102.844 E2.50052
G1 X109.436 Y102.753 E2.52205
G1 E.52205 F2400
G92 E0
G1 X109.436 Y102.753 F7800
G92 E0
G1 X110.611 Y117.268
G1 E2 F2400
;TYPE:Perimeter
;WIDTH:0.45
G1 F900
G1 X110.777 Y117.419 E2.01079
G1 X108.402 Y116.744 E2.12954
G1 X108.374 Y116.575 E2.13778
G1 X108.94 Y114.585 E2.23729
G1 X109.066 Y114.417 E2.24739
G1 X111.366 Y115.071 E2.3624
G1 X111.065 Y115.156 E2.37744
G1 X110.721 Y115.659 E2.40675
G1 X110.467 Y116.552 E2.4514
G1 X110.495 Y117.161 E2.48072
G1 X110.567 Y117.227 E2.48542
G1 X110.567 Y117.227 F7800
G1 X110.916 Y117.087
;WIDTH:0.492825
G1 F900
G1 X111.04 Y117.218 E2.49506
;WIDTH:0.53565
G1 X111.225 Y117.413 E2.51086
G1 X111.448 Y117.477 E2.5245
;TYPE:Overhang perimeter
;WIDTH:0.4
;HEIGHT:0.4
M106 S255
G1 X117.008 Y119.059 E2.82651
G1 X117.011 Y119.093 E2.82829
M106 S206.55
;TYPE:Perimeter
;WIDTH:0.53565
;HEIGHT:0.3
G1 X117.049 Y119.56 E2.85583
G1 X111.096 Y117.866 E3.21963
G1 X110.678 Y117.77 E3.24484
;WIDTH:0.492825
G1 X110.26 Y117.673 E3.26777
;WIDTH:0.45
G1 X108.08 Y117.053 E3.37678
G1 X107.979 Y116.554 E3.40127
G1 X108.607 Y114.346 E3.51168
G1 X108.944 Y113.981 E3.53557
G1 X111.137 Y114.605 E3.64523
;WIDTH:0.490938
G1 X111.541 Y114.741 E3.66791
;WIDTH:0.531876
G1 X111.946 Y114.878 E3.69284
G1 X117.902 Y116.572 E4.0539
;WIDTH:0.531873
G1 X117.626 Y116.945 E4.08096
;TYPE:Overhang perimeter
;WIDTH:0.4
;HEIGHT:0.4
M106 S255
G1 X117.605 Y116.974 E4.08283
G1 X112.041 Y115.391 E4.38506
M106 S206.55
;TYPE:Perimeter
;WIDTH:0.531876
;HEIGHT:0.3
G1 X111.818 Y115.328 E4.39857
;WIDTH:0.538338
G1 X111.713 Y115.304 E4.40494
G1 X111.506 Y115.383 E4.41804
;WIDTH:0.494169
G1 X111.298 Y115.463 E4.42999
;WIDTH:0.45
G1 X111.092 Y115.765 E4.44757
G1 X110.838 Y116.657 E4.49218
G1 X110.855 Y117.023 E4.5098
;WIDTH:0.492825
G1 X110.875 Y117.044 E4.51135
G1 X110.875 Y117.044 F7800
G1 X111.239 Y116.907
;TYPE:External perimeter
;WIDTH:0.45
G1 F1800
G1 X111.342 Y117.001 E4.51806
G1 X111.565 Y117.065 E4.52922
;TYPE:Overhang perimeter
;WIDTH:0.4
;HEIGHT:0.4
M106 S255
G1 F3600
G1 X117.446 Y118.738 E4.84866
G1 X117.429 Y118.948 E4.85967
G1 X117.451 Y119.218 E4.87382
M106 S206.55
;TYPE:External perimeter
;WIDTH:0.45
;HEIGHT:0.3
G1 F1800
G1 X117.482 Y119.606 E4.89254
G1 X117.56 Y119.97 E4.91044
G1 X117.526 Y120.141 E4.91883
G1 X107.765 Y117.364 E5.40693
G1 X107.584 Y116.532 E5.44788
G1 X108.261 Y114.152 E5.56689
G1 X108.845 Y113.552 E5.60716
G1 X118.61 Y116.331 E6.09547
G1 X118.579 Y116.44 E6.10092
G1 X118.15 Y116.937 E6.1325
G1 X118.064 Y117.069 E6.14008
;TYPE:Overhang perimeter
;WIDTH:0.4
;HEIGHT:0.4
M106 S255
G1 F3600
G1 X117.803 Y117.474 E6.16525
G1 X111.925 Y115.801 E6.48454
M106 S206.55
;TYPE:External perimeter
;WIDTH:0.45
;HEIGHT:0.3
G1 F1800
G1 X111.701 Y115.738 E6.49573
G1 X111.532 Y115.77 E6.504
G1 X111.463 Y115.871 E6.50988
G1 X111.209 Y116.763 E6.55449
G1 X111.213 Y116.857 E6.55902
G1 X111.561 Y117.055 F7800
G1 E4.55902 F2400
G92 E0
G1 X108.691 Y116.525 F7800
G1 E2 F2400
;TYPE:Solid infill
G1 F1200
G1 X109.195 Y114.758 E2.08838
G1 X110.698 Y115.182 E2.16349
G1 X110.439 Y115.595 E2.18694
G1 X110.193 Y116.458 E2.2301
G1 X110.206 Y116.956 E2.25406
G1 X108.877 Y116.578 E2.32052
G1 X109.251 Y116.214 E2.34562
;WIDTH:0.584665
G1 X109.507 Y115.317 E2.40615
G1 X110.009 Y115.458 E2.43999
G1 X109.755 Y116.357 E2.50061
G1 X109.436 Y116.266 E2.52214
G1 E.52214 F2400
G92 E0
G1 X109.436 Y116.266 F7800
G92 E0
G1 X110.611 Y130.781
G1 E2 F2400
;TYPE:Perimeter
;WIDTH:0.45
G1 F900
G1 X110.777 Y130.932 E2.01079
G1 X108.402 Y130.257 E2.12954
G1 X108.374 Y130.088 E2.13778
G1 X108.94 Y128.098 E2.23729
G1 X109.066 Y127.93 E2.24739
G1 X111.366 Y128.584 E2.3624
G1 X111.065 Y128.669 E2.37744
G1 X110.721 Y129.172 E2.40675
G1 X110.467 Y130.065 E2.4514
G1 X110.495 Y130.674 E2.48072
G1 X110.567 Y130.74 E2.48542
G1 X110.567 Y130.74 F7800
G1 X110.916 Y130.6
;WIDTH:0.492825
G1 F900
G1 X111.04 Y130.731 E2.49506
;WIDTH:0.53565
G1 X111.225 Y130.926 E2.51086
G1 X111.448 Y130.99 E2.5245
;TYPE:Overhang perimeter
;WIDTH:0.4
;HEIGHT:0.4
M106 S255
G1 X117.008 Y132.572 E2.82651
G1 X117.011 Y132.606 E2.82829
M106 S206.55
;TYPE:Perimeter
;WIDTH:0.53565
;HEIGHT:0.3
G1 X117.049 Y133.073 E2.85583
G1 X111.096 Y131.379 E3.21963
G1 X110.678 Y131.283 E3.24484
;WIDTH:0.492825
G1 X110.26 Y131.186 E3.26777
;WIDTH:0.45
G1 X108.08 Y130.566 E3.37678
G1 X107.979 Y130.067 E3.40127
G1 X108.607 Y127.859 E3.51168
G1 X108.944 Y127.494 E3.53557
G1 X111.137 Y128.118 E3.64523
;WIDTH:0.490938
G1 X111.541 Y128.254 E3.66791
;WIDTH:0.531876
G1 X111.946 Y128.391 E3.69284
G1 X117.902 Y130.085 E4.0539
;WIDTH:0.531873
G1 X117.626 Y130.458 E4.08096
;TYPE:Overhang perimeter
;WIDTH:0.4
;HEIGHT:0.4
M106 S255
G1 X117.605 Y130.487 E4.08283
G1 X112.041 Y128.904 E4.38506
M106 S206.55
;TYPE:Perimeter
;WIDTH:0.531876
;HEIGHT:0.3
G1 X111.818 Y128.84 E4.39859
;WIDTH:0.538338
G1 X111.713 Y128.817 E4.40494
G1 X111.506 Y128.896 E4.41804
;WIDTH:0.494169
G1 X111.298 Y128.976 E4.42999
;WIDTH:0.45
G1 X111.092 Y129.278 E4.44757
G1 X110.838 Y130.17 E4.49218
G1 X110.855 Y130.536 E4.5098
;WIDTH:0.492825
G1 X110.875 Y130.557 E4.51135
G1 X110.875 Y130.557 F7800
G1 X111.239 Y130.419
;TYPE:External perimeter
;WIDTH:0.45
G1 F1800
G1 X111.342 Y130.514 E4.51809
G1 X111.565 Y130.577 E4.52924
;TYPE:Overhang perimeter
;WIDTH:0.4
;HEIGHT:0.4
M106 S255
G1 F3600
G1 X117.446 Y132.251 E4.8487
G1 X117.429 Y132.461 E4.85971
G1 X117.451 Y132.731 E4.87386
M106 S206.55
;TYPE:External perimeter
;WIDTH:0.45
;HEIGHT:0.3
G1 F1800
G1 X117.482 Y133.119 E4.89258
G1 X117.56 Y133.483 E4.91048
G1 X117.526 Y133.654 E4.91887
G1 X107.765 Y130.877 E5.40697
G1 X107.584 Y130.045 E5.44792
G1 X108.261 Y127.665 E5.56693
G1 X108.845 Y127.065 E5.6072
G1 X118.61 Y129.843 E6.0955
G1 X118.579 Y129.953 E6.101
G1 X118.15 Y130.449 E6.13254
G1 X118.064 Y130.582 E6.14016
;TYPE:Overhang perimeter
;WIDTH:0.4
;HEIGHT:0.4
M106 S255
G1 F3600
G1 X117.803 Y130.987 E6.16533
G1 X111.925 Y129.314 E6.48462
M106 S206.55
;TYPE:External perimeter
;WIDTH:0.45
;HEIGHT:0.3
G1 F1800
G1 X111.701 Y129.251 E6.49581
G1 X111.532 Y129.283 E6.50408
G1 X111.463 Y129.383 E6.50992
G1 X111.209 Y130.276 E6.55457
G1 X111.213 Y130.37 E6.5591
G1 X111.561 Y130.568 F7800
G1 E4.5591 F2400
G92 E0
G1 X108.691 Y130.038 F7800
G1 E2 F2400
;TYPE:Solid infill
G1 F1200
G1 X109.195 Y128.271 E2.08838
G1 X110.698 Y128.695 E2.16349
G1 X110.439 Y129.108 E2.18694
G1 X110.193 Y129.97 E2.23005
G1 X110.206 Y130.469 E2.25406
G1 X108.877 Y130.091 E2.32052
G1 X109.251 Y129.726 E2.34565
;WIDTH:0.584665
G1 X109.507 Y128.829 E2.40618
G1 X110.009 Y128.971 E2.44003
G1 X109.755 Y129.87 E2.50065
G1 X109.436 Y129.779 E2.52218
M106 S201.45
;LAYER_CHANGE
;Z:6.65
;HEIGHT:0.3
G1 Z6.65 F7800
G1 E.52218 F2400
G92 E0
G1 X109.436 Y129.779 F7800
G92 E0
G1 X120.98 Y91.307
G1 E2 F2400
;TYPE:Perimeter
;WIDTH:0.45
G1 F900
G1 X120.8 Y91.743 E2.02269
;TYPE:Overhang perimeter
;WIDTH:0.4
;HEIGHT:0.4
M106 S255
G1 X120.674 Y92.189 E2.0469
M106 S201.45
;TYPE:Perimeter
;WIDTH:0.45
;HEIGHT:0.3
G1 X120.629 Y92.368 E2.05578
G1 X120.59 Y92.747 E2.0741
G1 X112.228 Y90.368 E2.49224
G1 X112.257 Y89.765 E2.52128
G1 X112.391 Y89.318 E2.54372
G1 X112.653 Y88.86 E2.5691
G1 X121.008 Y91.237 E2.98689
G1 X121.003 Y91.252 E2.98765
G1 X121.003 Y91.252 F7800
G1 X121.589 Y91.018
G1 F900
G1 X121.373 Y91.366 E3.00735
G1 X121.182 Y91.851 E3.03242
;TYPE:Overhang perimeter
;WIDTH:0.4
;HEIGHT:0.4
M106 S255
G1 X121.108 Y92.037 E3.04288
G1 X121.049 Y92.295 E3.05671
M106 S201.45
;TYPE:Perimeter
;WIDTH:0.45
;HEIGHT:0.3
G1 X120.988 Y92.562 E3.06988
G1 X120.95 Y93.25 E3.10302
G1 X111.868 Y90.666 E3.55717
G1 X111.835 Y90.11 E3.58396
G1 X111.874 Y89.718 E3.60291
G1 X111.982 Y89.307 E3.62335
G1 X112.189 Y88.86 E3.64704
G1 X112.497 Y88.415 E3.67307
G1 X121.556 Y90.992 E4.12606
G1 X121.556 Y90.992 F7800
G1 X122.119 Y90.751
;TYPE:External perimeter
G1 F900
G1 X122.05 Y90.994 E4.13821
G1 X121.726 Y91.521 E4.16796
G1 X121.539 Y91.953 E4.1906
;TYPE:Overhang perimeter
;WIDTH:0.4
;HEIGHT:0.4
M106 S255
G1 X121.418 Y92.4 E4.21479
M106 S201.45
;TYPE:External perimeter
;WIDTH:0.45
;HEIGHT:0.3
G1 X121.373 Y92.587 E4.22404
G1 X121.35 Y93.392 E4.26277
G1 X121.268 Y93.742 E4.28006
G1 X111.525 Y90.969 E4.76727
G1 X111.468 Y90.599 E4.78528
G1 X111.449 Y90.122 E4.80824
G1 X111.491 Y89.671 E4.83003
G1 X111.648 Y89.08 E4.85944
G1 X111.925 Y88.554 E4.88803
G1 X112.37 Y87.977 E4.92308
G1 X122.061 Y90.735 E5.40769
G1 X121.972 Y91.125 F7800
G1 E3.40769 F2400
G92 E0
G1 X115.471 Y90 F7800
G1 E2 F2400
;TYPE:Bridge infill
;WIDTH:0.407863
;HEIGHT:0.4
M106 S255
G1 F3600
G1 X113.64 Y89.479 E2.10341
G1 X113.514 Y89.919 E2.12827
G1 X120.42 Y91.884 E2.51829
G1 X120.32 Y92.332 E2.54322
G1 X113.194 Y90.304 E2.94567
M106 S201.45
G1 X113.194 Y90.304 F7800
G1 X112.797 Y89.244
;TYPE:Solid infill
;WIDTH:0.531624
;HEIGHT:0.3
G1 F1200
G1 X113.213 Y89.363 E2.97089
;WIDTH:0.536546
G1 X112.958 Y90.23 E3.02411
;WIDTH:0.53561
G1 X112.57 Y90.12 E3.04781
G1 X112.6 Y89.742 E3.0701
G1 X112.726 Y89.423 E3.09026
G1 E1.09026 F2400
G92 E0
G1 X112.726 Y89.423 F7800
G92 E0
G1 X117.352 Y103.788
G1 E2 F2400
;TYPE:Perimeter
;WIDTH:0.45
G1 F900
G1 X117.173 Y104.224 E2.02267
;TYPE:Overhang perimeter
;WIDTH:0.4
;HEIGHT:0.4
M106 S255
G1 X117.046 Y104.669 E2.04685
M106 S201.45
;TYPE:Perimeter
;WIDTH:0.45
;HEIGHT:0.3
G1 X117.002 Y104.849 E2.05576
G1 X116.962 Y105.228 E2.07409
G1 X108.601 Y102.848 E2.4922
G1 X108.63 Y102.246 E2.52119
G1 X108.764 Y101.799 E2.54363
G1 X109.026 Y101.341 E2.56901
G1 X117.381 Y103.718 E2.9868
G1 X117.375 Y103.733 E2.98758
G1 X117.375 Y103.733 F7800
G1 X117.962 Y103.499
G1 F900
G1 X117.746 Y103.847 E3.00728
G1 X117.554 Y104.332 E3.03237
;TYPE:Overhang perimeter
;WIDTH:0.4
;HEIGHT:0.4
M106 S255
G1 X117.481 Y104.518 E3.04281
G1 X117.422 Y104.776 E3.05664
M106 S201.45
;TYPE:Perimeter
;WIDTH:0.45
;HEIGHT:0.3
G1 X117.361 Y105.043 E3.06981
G1 X117.323 Y105.731 E3.10295
G1 X108.241 Y103.147 E3.5571
G1 X108.208 Y102.591 E3.58389
G1 X108.247 Y102.199 E3.60284
G1 X108.355 Y101.788 E3.62328
G1 X108.562 Y101.341 E3.64697
G1 X108.87 Y100.895 E3.67304
G1 X117.929 Y103.473 E4.12605
G1 X117.929 Y103.473 F7800
G1 X118.492 Y103.232
;TYPE:External perimeter
G1 F900
G1 X118.423 Y103.475 E4.1382
G1 X118.099 Y104.002 E4.16795
G1 X117.912 Y104.434 E4.19059
;TYPE:Overhang perimeter
;WIDTH:0.4
;HEIGHT:0.4
M106 S255
G1 X117.791 Y104.881 E4.21478
M106 S201.45
;TYPE:External perimeter
;WIDTH:0.45
;HEIGHT:0.3
G1 X117.746 Y105.068 E4.22403
G1 X117.722 Y105.873 E4.26276
G1 X117.641 Y106.223 E4.28004
G1 X107.897 Y103.45 E4.7673
G1 X107.841 Y103.08 E4.7853
G1 X107.822 Y102.603 E4.80826
G1 X107.864 Y102.152 E4.83005
G1 X108.02 Y101.561 E4.85945
G1 X108.297 Y101.035 E4.88804
G1 X108.742 Y100.458 E4.92309
G1 X118.434 Y103.216 E5.40775
G1 X118.344 Y103.606 F7800
G1 E3.40775 F2400
G92 E0
G1 X111.844 Y102.481 F7800
G1 E2 F2400
;TYPE:Bridge infill
;WIDTH:0.407863
;HEIGHT:0.4
M106 S255
G1 F3600
G1 X110.012 Y101.96 E2.10346
G1 X109.887 Y102.4 E2.12831
G1 X116.793 Y104.365 E2.51833
G1 X116.693 Y104.813 E2.54326
G1 X109.567 Y102.785 E2.94571
M106 S201.45
G1 X109.567 Y102.785 F7800
G1 X109.17 Y101.725
;TYPE:Solid infill
;WIDTH:0.531624
;HEIGHT:0.3
G1 F1200
G1 X109.586 Y101.843 E2.97091
;WIDTH:0.536546
G1 X109.331 Y102.711 E3.02419
;WIDTH:0.53561
G1 X108.943 Y102.6 E3.04791
G1 X108.973 Y102.223 E3.07014
G1 X109.099 Y101.904 E3.0903
G1 E1.0903 F2400
G92 E0
G1 X109.099 Y101.904 F7800
G92 E0
G1 X117.352 Y117.301
G1 E2 F2400
;TYPE:Perimeter
;WIDTH:0.45
G1 F900
G1 X117.173 Y117.736 E2.02262
;TYPE:Overhang perimeter
;WIDTH:0.4
;HEIGHT:0.4
M106 S255
G1 X117.046 Y118.182 E2.04685
M106 S201.45
;TYPE:Perimeter
;WIDTH:0.45
;HEIGHT:0.3
G1 X117.002 Y118.362 E2.05576
G1 X116.962 Y118.74 E2.07404
G1 X108.601 Y116.361 E2.49214
G1 X108.63 Y115.759 E2.52113
G1 X108.764 Y115.312 E2.54357
G1 X109.026 Y114.854 E2.56895
G1 X117.381 Y117.231 E2.98674
G1 X117.375 Y117.245 E2.98747
G1 X117.375 Y117.245 F7800
G1 X117.962 Y117.012
G1 F900
G1 X117.746 Y117.36 E3.00717
G1 X117.554 Y117.845 E3.03226
;TYPE:Overhang perimeter
;WIDTH:0.4
;HEIGHT:0.4
M106 S255
G1 X117.481 Y118.031 E3.0427
G1 X117.422 Y118.289 E3.05653
M106 S201.45
;TYPE:Perimeter
;WIDTH:0.45
;HEIGHT:0.3
G1 X117.361 Y118.556 E3.0697
G1 X117.323 Y119.244 E3.10284
G1 X108.241 Y116.66 E3.55699
G1 X108.208 Y116.104 E3.58378
G1 X108.247 Y115.712 E3.60273
G1 X108.355 Y115.301 E3.62317
G1 X108.562 Y114.854 E3.64686
G1 X108.87 Y114.408 E3.67293
G1 X117.929 Y116.986 E4.12594
G1 X117.929 Y116.986 F7800
G1 X118.492 Y116.745
;TYPE:External perimeter
G1 F900
G1 X118.423 Y116.988 E4.13809
G1 X118.099 Y117.514 E4.1678
G1 X117.912 Y117.947 E4.19048
;TYPE:Overhang perimeter
;WIDTH:0.4
;HEIGHT:0.4
M106 S255
G1 X117.791 Y118.394 E4.21467
M106 S201.45
;TYPE:External perimeter
;WIDTH:0.45
;HEIGHT:0.3
G1 X117.746 Y118.581 E4.22392
G1 X117.722 Y119.386 E4.26265
G1 X117.641 Y119.735 E4.27988
G1 X107.897 Y116.963 E4.76713
G1 X107.841 Y116.593 E4.78513
G1 X107.822 Y116.115 E4.80814
G1 X107.864 Y115.665 E4.82988
G1 X108.02 Y115.074 E4.85928
G1 X108.297 Y114.548 E4.88787
G1 X108.742 Y113.971 E4.92292
G1 X118.434 Y116.729 E5.40758
G1 X118.344 Y117.119 F7800
G1 E3.40758 F2400
G92 E0
G1 X111.844 Y115.994 F7800
G1 E2 F2400
;TYPE:Bridge infill
;WIDTH:0.407863
;HEIGHT:0.4
M106 S255
G1 F3600
G1 X110.012 Y115.473 E2.10346
G1 X109.887 Y115.913 E2.12831
G1 X116.793 Y117.878 E2.51833
G1 X116.693 Y118.326 E2.54326
G1 X109.567 Y116.298 E2.94571
M106 S201.45
G1 X109.567 Y116.298 F7800
G1 X109.17 Y115.238
;TYPE:Solid infill
;WIDTH:0.531624
;HEIGHT:0.3
G1 F1200
G1 X109.586 Y115.356 E2.97091
;WIDTH:0.536546
G1 X109.331 Y116.224 E3.02419
;WIDTH:0.53561
G1 X108.943 Y116.113 E3.04791
G1 X108.973 Y115.736 E3.07014
G1 X109.099 Y115.417 E3.0903
G1 E1.0903 F2400
G92 E0
G1 X109.099 Y115.417 F7800
G92 E0
G1 X117.352 Y130.814
G1 E2 F2400
;TYPE:Perimeter
;WIDTH:0.45
G1 F900
G1 X117.173 Y131.249 E2.02262
;TYPE:Overhang perimeter
;WIDTH:0.4
;HEIGHT:0.4
M106 S255
G1 X117.046 Y131.695 E2.04685
M106 S201.45
;TYPE:Perimeter
;WIDTH:0.45
;HEIGHT:0.3
G1 X117.002 Y131.875 E2.05576
G1 X116.962 Y132.253 E2.07404
G1 X108.601 Y129.874 E2.49214
G1 X108.63 Y129.272 E2.52113
G1 X108.764 Y128.825 E2.54357
G1 X109.026 Y128.367 E2.56895
G1 X117.381 Y130.744 E2.98674
G1 X117.375 Y130.758 E2.98747
G1 X117.375 Y130.758 F7800
G1 X117.962 Y130.525
G1 F900
G1 X117.746 Y130.873 E3.00717
G1 X117.554 Y131.358 E3.03226
;TYPE:Overhang perimeter
;WIDTH:0.4
;HEIGHT:0.4
M106 S255
G1 X117.481 Y131.544 E3.0427
G1 X117.422 Y131.802 E3.05653
M106 S201.45
;TYPE:Perimeter
;WIDTH:0.45
;HEIGHT:0.3
G1 X117.361 Y132.069 E3.0697
G1 X117.323 Y132.757 E3.10284
G1 X108.241 Y130.173 E3.55699
G1 X108.208 Y129.617 E3.58378
G1 X108.247 Y129.225 E3.60273
G1 X108.355 Y128.813 E3.62322
G1 X108.562 Y128.367 E3.64687
G1 X108.87 Y127.921 E3.67294
G1 X117.929 Y130.499 E4.12595
G1 X117.929 Y130.499 F7800
G1 X118.492 Y130.258
;TYPE:External perimeter
G1 F900
G1 X118.423 Y130.501 E4.1381
G1 X118.099 Y131.027 E4.16781
G1 X117.912 Y131.46 E4.19049
;TYPE:Overhang perimeter
;WIDTH:0.4
;HEIGHT:0.4
M106 S255
G1 X117.791 Y131.907 E4.21468
M106 S201.45
;TYPE:External perimeter
;WIDTH:0.45
;HEIGHT:0.3
G1 X117.746 Y132.093 E4.22388
G1 X117.722 Y132.899 E4.26266
G1 X117.641 Y133.248 E4.27989
G1 X107.897 Y130.476 E4.76714
G1 X107.841 Y130.106 E4.78514
G1 X107.822 Y129.628 E4.80815
G1 X107.864 Y129.178 E4.82989
G1 X108.02 Y128.587 E4.85929
G1 X108.297 Y128.061 E4.88788
G1 X108.742 Y127.484 E4.92293
G1 X118.434 Y130.242 E5.40759
G1 X118.344 Y130.631 F7800
G1 E3.40759 F2400
G92 E0
G1 X111.844 Y129.507 F7800
G1 E2 F2400
;TYPE:Bridge infill
;WIDTH:0.407863
;HEIGHT:0.4
M106 S255
G1 F3600
G1 X110.012 Y128.986 E2.10346
G1 X109.887 Y129.426 E2.12831
G1 X116.793 Y131.391 E2.51833
G1 X116.693 Y131.838 E2.54321
G1 X109.567 Y129.811 E2.94564
M106 S201.45
G1 X109.567 Y129.811 F7800
G1 X109.17 Y128.751
;TYPE:Solid infill
;WIDTH:0.531624
;HEIGHT:0.3
G1 F1200
G1 X109.586 Y128.869 E2.97084
;WIDTH:0.536546
G1 X109.331 Y129.737 E3.02412
;WIDTH:0.53561
G1 X108.943 Y129.626 E3.04784
G1 X108.973 Y129.249 E3.07007
G1 X109.099 Y128.93 E3.09023
M106 S214.2
;LAYER_CHANGE
;Z:6.95
;HEIGHT:0.3
G1 Z6.95 F7800
G1 E1.09023 F2400
G92 E0
G1 X109.099 Y128.93 F7800
G92 E0
G1 X121.031 Y91.884
G1 E2 F2400
;TYPE:Perimeter
;WIDTH:0.380645
G1 F900
G1 X120.988 Y92.036 E2.00623
G1 X120.945 Y92.188 E2.01246
G1 X112.531 Y89.794 E2.35753
G1 X112.609 Y89.487 E2.37002
G1 X120.974 Y91.867 E2.71308
G1 X120.974 Y91.867 F7800
G1 X121.465 Y91.642
;WIDTH:0.45
G1 F900
G1 X121.326 Y92.132 E2.73758
G1 X121.186 Y92.622 E2.76209
G1 X112.128 Y90.044 E3.21505
G1 X112.185 Y89.669 E3.23329
G1 X112.41 Y89.066 E3.26425
G1 X121.407 Y91.626 E3.71415
G1 X121.407 Y91.626 F7800
G1 X121.941 Y91.377
;TYPE:External perimeter
G1 F900
G1 X121.696 Y92.237 E3.75716
G1 X121.452 Y93.098 E3.8002
G1 X111.73 Y90.332 E4.28635
G1 X111.729 Y90.117 E4.29669
G1 X111.816 Y89.555 E4.32404
G1 X111.976 Y89.069 E4.34865
G1 X112.212 Y88.609 E4.37352
G1 X121.884 Y91.36 E4.85716
G1 X121.832 Y91.757 F7800
G1 E2.85716 F2400
G92 E0
G92 E0
G1 X117.404 Y104.365 F7800
G1 E2 F2400
;TYPE:Perimeter
;WIDTH:0.380645
G1 F900
G1 X117.361 Y104.517 E2.00623
G1 X117.318 Y104.669 E2.01246
G1 X108.904 Y102.275 E2.35753
G1 X108.982 Y101.968 E2.37002
G1 X117.346 Y104.348 E2.71305
G1 X117.346 Y104.348 F7800
G1 X117.838 Y104.123
;WIDTH:0.45
G1 F900
G1 X117.698 Y104.613 E2.73756
G1 X117.559 Y105.102 E2.76201
G1 X108.501 Y102.525 E3.21496
G1 X108.557 Y102.15 E3.2332
G1 X108.783 Y101.547 E3.26417
G1 X117.78 Y104.107 E3.71407
G1 X117.78 Y104.107 F7800
G1 X118.314 Y103.858
;TYPE:External perimeter
G1 F900
G1 X118.069 Y104.718 E3.75708
G1 X117.824 Y105.579 E3.80014
G1 X108.102 Y102.813 E4.28629
G1 X108.102 Y102.598 E4.29663
G1 X108.189 Y102.035 E4.32403
G1 X108.349 Y101.55 E4.34859
G1 X108.584 Y101.089 E4.37348
G1 X118.256 Y103.841 E4.85713
G1 X118.205 Y104.238 F7800
G1 E2.85713 F2400
G92 E0
G92 E0
G1 X117.404 Y117.877 F7800
G1 E2 F2400
;TYPE:Perimeter
;WIDTH:0.380645
G1 F900
G1 X117.361 Y118.03 E2.00627
G1 X117.318 Y118.182 E2.0125
G1 X108.904 Y115.788 E2.35757
G1 X108.982 Y115.481 E2.37006
G1 X117.346 Y117.861 E2.71309
G1 X117.346 Y117.861 F7800
G1 X117.838 Y117.636
;WIDTH:0.45
G1 F900
G1 X117.698 Y118.126 E2.7376
G1 X117.559 Y118.615 E2.76205
G1 X108.501 Y116.038 E3.215
G1 X108.557 Y115.663 E3.23324
G1 X108.783 Y115.06 E3.26421
G1 X117.78 Y117.62 E3.71411
G1 X117.78 Y117.62 F7800
G1 X118.314 Y117.371
;TYPE:External perimeter
G1 F900
G1 X118.069 Y118.231 E3.75712
G1 X117.824 Y119.092 E3.80018
G1 X108.102 Y116.326 E4.28633
G1 X108.102 Y116.111 E4.29667
G1 X108.189 Y115.548 E4.32407
G1 X108.349 Y115.063 E4.34863
G1 X108.584 Y114.602 E4.37352
G1 X118.256 Y117.354 E4.85717
G1 X118.205 Y117.751 F7800
G1 E2.85717 F2400
G92 E0
G92 E0
G1 X117.404 Y131.39 F7800
G1 E2 F2400
;TYPE:Perimeter
;WIDTH:0.380645
G1 F900
G1 X117.361 Y131.542 E2.00623
G1 X117.318 Y131.694 E2.01246
G1 X108.904 Y129.301 E2.35752
G1 X108.982 Y128.994 E2.37001
G1 X117.346 Y131.374 E2.71304
G1 X117.346 Y131.374 F7800
G1 X117.838 Y131.149
;WIDTH:0.45
G1 F900
G1 X117.698 Y131.638 E2.7375
G1 X117.559 Y132.128 E2.762
G1 X108.501 Y129.551 E3.21495
G1 X108.557 Y129.176 E3.23319
G1 X108.783 Y128.572 E3.26421
G1 X117.78 Y131.132 E3.71411
G1 X117.78 Y131.132 F7800
G1 X118.314 Y130.883
;TYPE:External perimeter
G1 F900
G1 X118.069 Y131.744 E3.75717
G1 X117.824 Y132.605 E3.80023
G1 X108.102 Y129.838 E4.28639
G1 X108.102 Y129.624 E4.29668
G1 X108.189 Y129.061 E4.32408
G1 X108.349 Y128.576 E4.34864
G1 X108.584 Y128.115 E4.37353
G1 X118.256 Y130.867 E4.85718
G1 X118.205 Y131.264 F7800
G1 E2.85718 F2400
G92 E0
M107
;TYPE:Custom
; Filament-specific end gcode 
;END gcode for filament
M104 S0 ; turn off temperature
G28 X0  ; home X axis
M84     ; disable motors
; objects_info = {"objects":[]}
; filament used [mm] = 1004.95
; filament used [cm3] = 2.42
; total filament used [g] = 0.00
; total filament cost = 0.00
; total filament used for wipe tower [g] = 0.00
; estimated printing time (normal mode) = 19m 26s
; estimated printing time (silent mode) = 19m 55s
; estimated first layer printing time (normal mode) = 2m 42s
; estimated first layer printing time (silent mode) = 2m 47s

; prusaslicer_config = begin
; arc_fitting = disabled
; autoemit_temperature_commands = 1
; automatic_extrusion_widths = 0
; automatic_infill_combination = 0
; automatic_infill_combination_max_layer_height = 100%
; avoid_crossing_curled_overhangs = 0
; avoid_crossing_perimeters = 0
; avoid_crossing_perimeters_max_detour = 0
; bed_custom_model = 
; bed_custom_texture = 
; bed_shape = 0x0,220x0,220x220,0x220
; bed_temperature = 60
; before_layer_gcode = 
; between_objects_gcode = 
; binary_gcode = 0
; bottom_fill_pattern = monotonic
; bottom_solid_layers = 3
; bottom_solid_min_thickness = 0
; bridge_acceleration = 0
; bridge_angle = 0
; bridge_fan_speed = 100
; bridge_flow_ratio = 1
; bridge_speed = 60
; brim_separation = 0
; brim_type = outer_only
; brim_width = 0
; chamber_minimal_temperature = 0
; chamber_temperature = 0
; color_change_gcode = M600
; colorprint_heights = 
; complete_objects = 0
; cooling = 1
; cooling_tube_length = 5
; cooling_tube_retraction = 91.5
; default_acceleration = 0
; default_filament_profile = 
; default_print_profile = 
; deretract_speed = 0
; disable_fan_first_layers = 3
; dont_support_bridges = 1
; draft_shield = disabled
; duplicate_distance = 6
; elefant_foot_compensation = 0
; enable_dynamic_fan_speeds = 0
; enable_dynamic_overhang_speeds = 0
; end_filament_gcode = "; Filament-specific end gcode \n;END gcode for filament\n"
; end_gcode = M104 S0 ; turn off temperature\nG28 X0  ; home X axis\nM84     ; disable motors\n
; ensure_vertical_shell_thickness = enabled
; external_perimeter_acceleration = 0
; external_perimeter_extrusion_width = 0.45
; external_perimeter_speed = 50%
; external_perimeters_first = 0
; extra_loading_move = -2
; extra_perimeters = 1
; extra_perimeters_on_overhangs = 0
; extruder_clearance_height = 20
; extruder_clearance_radius = 20
; extruder_colour = ""
; extruder_offset = 0x0
; extrusion_axis = E
; extrusion_multiplier = 1
; extrusion_width = 0.45
; fan_always_on = 0
; fan_below_layer_time = 60
; filament_abrasive = 0
; filament_colour = #29B2B2
; filament_cooling_final_speed = 3.4
; filament_cooling_initial_speed = 2.2
; filament_cooling_moves = 4
; filament_cost = 0
; filament_density = 0
; filament_deretract_speed = nil
; filament_diameter = 1.75
; filament_infill_max_crossing_speed = 0
; filament_infill_max_speed = 0
; filament_load_time = 0
; filament_loading_speed = 28
; filament_loading_speed_start = 3
; filament_max_volumetric_speed = 0
; filament_minimal_purge_on_wipe_tower = 15
; filament_multitool_ramming = 0
; filament_multitool_ramming_flow = 10
; filament_multitool_ramming_volume = 10
; filament_notes = ""
; filament_purge_multiplier = 100%
; filament_ramming_parameters = "120 100 6.6 6.8 7.2 7.6 7.9 8.2 8.7 9.4 9.9 10.0| 0.05 6.6 0.45 6.8 0.95 7.8 1.45 8.3 1.95 9.7 2.45 10 2.95 7.6 3.45 7.6 3.95 7.6 4.45 7.6 4.95 7.6"
; filament_retract_before_travel = nil
; filament_retract_before_wipe = nil
; filament_retract_layer_change = nil
; filament_retract_length = nil
; filament_retract_length_toolchange = nil
; filament_retract_lift = nil
; filament_retract_lift_above = nil
; filament_retract_lift_below = nil
; filament_retract_restart_extra = nil
; filament_retract_restart_extra_toolchange = nil
; filament_retract_speed = nil
; filament_seam_gap_distance = nil
; filament_settings_id = "cobra neo 2"
; filament_shrinkage_compensation_xy = 0%
; filament_shrinkage_compensation_z = 0%
; filament_soluble = 0
; filament_spool_weight = 0
; filament_stamping_distance = 0
; filament_stamping_loading_speed = 20
; filament_toolchange_delay = 0
; filament_travel_lift_before_obstacle = nil
; filament_travel_max_lift = nil
; filament_travel_ramping_lift = nil
; filament_travel_slope = nil
; filament_type = PLA
; filament_unload_time = 0
; filament_unloading_speed = 90
; filament_unloading_speed_start = 100
; filament_vendor = (Unknown)
; filament_wipe = nil
; fill_angle = 45
; fill_density = 20%
; fill_pattern = stars
; first_layer_acceleration = 0
; first_layer_acceleration_over_raft = 0
; first_layer_bed_temperature = 60
; first_layer_extrusion_width = 0.42
; first_layer_height = 0.35
; first_layer_speed = 30
; first_layer_speed_over_raft = 30
; first_layer_temperature = 210
; full_fan_speed_layer = 0
; fuzzy_skin = none
; fuzzy_skin_point_dist = 0.8
; fuzzy_skin_thickness = 0.3
; gap_fill_enabled = 1
; gap_fill_speed = 20
; gcode_comments = 0
; gcode_flavor = marlin2
; gcode_label_objects = disabled
; gcode_resolution = 0.0125
; gcode_substitutions = 
; high_current_on_filament_swap = 0
; host_type = prusalink
; idle_temperature = nil
; infill_acceleration = 0
; infill_anchor = 600%
; infill_anchor_max = 50
; infill_every_layers = 1
; infill_extruder = 1
; infill_extrusion_width = 0.45
; infill_first = 0
; infill_overlap = 25%
; infill_speed = 80
; interface_shells = 0
; ironing = 0
; ironing_flowrate = 15%
; ironing_spacing = 0.1
; ironing_speed = 15
; ironing_type = top
; layer_gcode = 
; layer_height = 0.3
; machine_limits_usage = time_estimate_only
; machine_max_acceleration_e = 10000,5000
; machine_max_acceleration_extruding = 1500,1250
; machine_max_acceleration_retracting = 1500,1250
; machine_max_acceleration_travel = 1500,1250
; machine_max_acceleration_x = 9000,1000
; machine_max_acceleration_y = 9000,1000
; machine_max_acceleration_z = 500,200
; machine_max_feedrate_e = 120,120
; machine_max_feedrate_x = 500,200
; machine_max_feedrate_y = 500,200
; machine_max_feedrate_z = 12,12
; machine_max_jerk_e = 2.5,2.5
; machine_max_jerk_x = 10,10
; machine_max_jerk_y = 10,10
; machine_max_jerk_z = 0.2,0.4
; machine_min_extruding_rate = 0,0
; machine_min_travel_rate = 0,0
; max_fan_speed = 100
; max_layer_height = 0
; max_print_height = 250
; max_print_speed = 80
; max_volumetric_extrusion_rate_slope_negative = 0
; max_volumetric_extrusion_rate_slope_positive = 0
; max_volumetric_speed = 0
; min_bead_width = 85%
; min_fan_speed = 35
; min_feature_size = 25%
; min_layer_height = 0.07
; min_print_speed = 10
; min_skirt_length = 0
; mmu_segmented_region_interlocking_depth = 0
; mmu_segmented_region_max_width = 0
; multimaterial_purging = 140
; notes = 
; nozzle_diameter = 0.4
; nozzle_high_flow = 0
; only_one_perimeter_first_layer = 0
; only_retract_when_crossing_perimeters = 0
; ooze_prevention = 0
; output_filename_format = [input_filename_base].gcode
; overhang_fan_speed_0 = 0
; overhang_fan_speed_1 = 0
; overhang_fan_speed_2 = 0
; overhang_fan_speed_3 = 0
; overhang_speed_0 = 15
; overhang_speed_1 = 15
; overhang_speed_2 = 20
; overhang_speed_3 = 25
; overhangs = 1
; parking_pos_retraction = 92
; pause_print_gcode = M601
; perimeter_acceleration = 0
; perimeter_extruder = 1
; perimeter_extrusion_width = 0.45
; perimeter_generator = arachne
; perimeter_speed = 60
; perimeters = 3
; physical_printer_settings_id = 
; post_process = 
; prefer_clockwise_movements = 0
; print_settings_id = cobra neo 2
; printer_model = 
; printer_notes = 
; printer_settings_id = cobra neo 2
; printer_technology = FFF
; printer_variant = 
; printer_vendor = 
; raft_contact_distance = 0.1
; raft_expansion = 1.5
; raft_first_layer_density = 90%
; raft_first_layer_expansion = 3
; raft_layers = 0
; remaining_times = 0
; resolution = 0
; retract_before_travel = 2
; retract_before_wipe = 0%
; retract_layer_change = 0
; retract_length = 2
; retract_length_toolchange = 10
; retract_lift = 0
; retract_lift_above = 0
; retract_lift_below = 0
; retract_restart_extra = 0
; retract_restart_extra_toolchange = 0
; retract_speed = 40
; scarf_seam_entire_loop = 0
; scarf_seam_length = 20
; scarf_seam_max_segment_length = 1
; scarf_seam_on_inner_perimeters = 0
; scarf_seam_only_on_smooth = 1
; scarf_seam_placement = nowhere
; scarf_seam_start_height = 0%
; seam_gap_distance = 15%
; seam_position = aligned
; silent_mode = 1
; single_extruder_multi_material = 0
; single_extruder_multi_material_priming = 1
; skirt_distance = 6
; skirt_height = 1
; skirts = 1
; slice_closing_radius = 0.049
; slicing_mode = regular
; slowdown_below_layer_time = 5
; small_perimeter_speed = 15
; solid_infill_acceleration = 0
; solid_infill_below_area = 70
; solid_infill_every_layers = 0
; solid_infill_extruder = 1
; solid_infill_extrusion_width = 0.45
; solid_infill_speed = 20
; spiral_vase = 0
; staggered_inner_seams = 0
; standby_temperature_delta = -5
; start_filament_gcode = "; Filament gcode\n"
; start_gcode = G28 ; home all axes\nG1 Z5 F5000 ; lift nozzle\n
; support_material = 1
; support_material_angle = 0
; support_material_auto = 1
; support_material_bottom_contact_distance = 0
; support_material_bottom_interface_layers = -1
; support_material_buildplate_only = 1
; support_material_closing_radius = 2
; support_material_contact_distance = 0.2
; support_material_enforce_layers = 0
; support_material_extruder = 1
; support_material_extrusion_width = 0.35
; support_material_interface_contact_loops = 0
; support_material_interface_extruder = 1
; support_material_interface_layers = 3
; support_material_interface_pattern = rectilinear
; support_material_interface_spacing = 0
; support_material_interface_speed = 100%
; support_material_pattern = rectilinear
; support_material_spacing = 2.5
; support_material_speed = 60
; support_material_style = organic
; support_material_synchronize_layers = 0
; support_material_threshold = 0
; support_material_with_sheath = 1
; support_material_xy_spacing = 50%
; support_tree_angle = 40
; support_tree_angle_slow = 25
; support_tree_branch_diameter = 2
; support_tree_branch_diameter_angle = 5
; support_tree_branch_diameter_double_wall = 3
; support_tree_branch_distance = 1
; support_tree_tip_diameter = 0.8
; support_tree_top_rate = 15%
; temperature = 210
; template_custom_gcode = 
; thick_bridges = 1
; thin_walls = 1
; thumbnails = 
; thumbnails_format = PNG
; toolchange_gcode = 
; top_fill_pattern = monotonic
; top_infill_extrusion_width = 0.4
; top_one_perimeter_type = none
; top_solid_infill_acceleration = 0
; top_solid_infill_speed = 15
; top_solid_layers = 3
; top_solid_min_thickness = 0
; travel_acceleration = 0
; travel_lift_before_obstacle = 0
; travel_max_lift = 0
; travel_ramping_lift = 0
; travel_slope = 0
; travel_speed = 130
; travel_speed_z = 0
; use_firmware_retraction = 0
; use_relative_e_distances = 0
; use_volumetric_e = 0
; variable_layer_height = 1
; wall_distribution_count = 1
; wall_transition_angle = 10
; wall_transition_filter_deviation = 25%
; wall_transition_length = 100%
; wipe = 0
; wipe_into_infill = 0
; wipe_into_objects = 0
; wipe_tower = 0
; wipe_tower_acceleration = 0
; wipe_tower_bridging = 10
; wipe_tower_brim_width = 2
; wipe_tower_cone_angle = 0
; wipe_tower_extra_flow = 100%
; wipe_tower_extra_spacing = 100%
; wipe_tower_extruder = 0
; wipe_tower_no_sparse_layers = 0
; wipe_tower_width = 60
; wiping_volumes_matrix = 0
; wiping_volumes_use_custom_matrix = 0
; xy_size_compensation = 0
; z_offset = 0
; prusaslicer_config = end
