; generated by PrusaSlicer 2.9.0 on 2025-11-23 at 18:37:21 UTC

; 

; external perimeters extrusion width = 0.45mm
; perimeters extrusion width = 0.45mm
; infill extrusion width = 0.45mm
; solid infill extrusion width = 0.45mm
; top infill extrusion width = 0.40mm
; support material extrusion width = 0.35mm
; first layer extrusion width = 0.42mm

; external perimeters extrusion width = 0.45mm
; perimeters extrusion width = 0.45mm
; infill extrusion width = 0.45mm
; solid infill extrusion width = 0.45mm
; top infill extrusion width = 0.40mm
; support material extrusion width = 0.35mm
; first layer extrusion width = 0.42mm

; external perimeters extrusion width = 0.45mm
; perimeters extrusion width = 0.45mm
; infill extrusion width = 0.45mm
; solid infill extrusion width = 0.45mm
; top infill extrusion width = 0.40mm
; support material extrusion width = 0.35mm
; first layer extrusion width = 0.42mm

; external perimeters extrusion width = 0.45mm
; perimeters extrusion width = 0.45mm
; infill extrusion width = 0.45mm
; solid infill extrusion width = 0.45mm
; top infill extrusion width = 0.40mm
; support material extrusion width = 0.35mm
; first layer extrusion width = 0.42mm

M190 S60 ; set bed temperature and wait for it to be reached
M104 S210 ; set temperature
;TYPE:Custom
G28 ; home all axes
G1 Z5 F5000 ; lift nozzle
M109 S210 ; set temperature and wait for it to be reached
G21 ; set units to millimeters
G90 ; use absolute coordinates
M82 ; use absolute distances for extrusion
G92 E0
; Filament gcode
M107
;LAYER_CHANGE
;Z:0.35
;HEIGHT:0.35
G1 E-2 F2400
G1 Z.35 F7800
G1 X87.364 Y92.292
G1 E.00001 F2400
;TYPE:Skirt/Brim
;WIDTH:0.42
G1 F1800
G1 X143.283 Y39.359 E3.86426
G1 X182.161 Y3.114 E6.53177
G1 X184.024 Y1.919 E6.64285
G1 X186.37 Y1.456 E6.76286
G1 X191.797 Y1.456 E7.03522
G1 X193.974 Y1.853 E7.14628
G1 X195.872 Y2.992 E7.25737
G1 X196.716 Y3.9 E7.31958
G1 X216.775 Y30.363 E8.98607
G1 X217.774 Y32.338 E9.09715
G1 X218.029 Y34.092 E9.1861
G1 X218.029 Y42.577 E9.61193
G1 X217.632 Y44.755 E9.72304
G1 X216.218 Y46.944 E9.85382
G1 X188.35 Y74.78 E11.83058
G1 X76.925 Y180.633 E19.54362
G1 X37.875 Y216.895 E22.21803
G1 X36.01 Y218.085 E22.32906
G1 X33.82 Y218.542 E22.44133
G1 X28.348 Y218.671 E22.71602
G1 X26.162 Y218.325 E22.82709
G1 X23.708 Y216.73 E22.97397
G1 X8.631 Y200.709 E24.07805
G1 X7.555 Y199.137 E24.17365
G1 X2.573 Y188.695 E24.75428
G1 X1.971 Y186.037 E24.89105
G1 X1.971 Y177.551 E25.31693
G1 X2.368 Y175.374 E25.42799
G1 X3.753 Y173.213 E25.5568
G1 X20.411 Y156.456 E26.7426
G1 X31.825 Y145.276 E27.54443
G1 X87.32 Y92.333 E31.39361
G1 E29.39361 F2400
G92 E0
G1 X87.32 Y92.333 F7800
G92 E0
G1 X191.797 Y16.114
G1 E2 F2400
;TYPE:Support material interface
;WIDTH:0.35
G1 F1800
G1 X191.797 Y11.978 E2.16544
G1 X191.511 Y12.25 E2.18123
G1 X191.511 Y15.985 E2.33063
G1 X191.226 Y15.985 E2.34203
G1 X191.226 Y12.522 E2.48055
G1 X190.94 Y12.793 E2.49631
G1 X190.94 Y15.985 E2.62399
G1 X190.654 Y15.985 E2.63543
G1 X190.654 Y13.065 E2.75223
G1 X190.369 Y13.336 E2.76796
G1 X190.369 Y15.985 E2.87392
G1 X190.083 Y15.985 E2.88536
G1 X190.083 Y13.608 E2.98044
G1 X189.798 Y13.879 E2.99617
G1 X189.798 Y15.985 E3.08041
G1 X189.512 Y15.985 E3.09185
G1 X189.512 Y14.151 E3.16521
G1 X189.226 Y14.423 E3.181
G1 X189.226 Y15.985 E3.24348
G1 X189.11 Y15.985 E3.24812
G1 X189.11 Y18.771 E3.35956
G1 X188.941 Y18.771 E3.36632
G1 X188.941 Y14.694 E3.5294
G1 X188.655 Y14.966 E3.54519
G1 X188.655 Y18.771 E3.69739
G1 X188.369 Y18.771 E3.70883
G1 X188.369 Y15.237 E3.85019
G1 X188.084 Y15.509 E3.86595
G1 X188.084 Y18.771 E3.99643
G1 X187.798 Y18.771 E4.00787
G1 X187.798 Y15.781 E4.12747
G1 X187.513 Y16.052 E4.1432
G1 X187.513 Y18.771 E4.25196
G1 X187.227 Y18.771 E4.2634
G1 X187.227 Y16.324 E4.36128
G1 X186.941 Y16.595 E4.37704
G1 X186.941 Y18.771 E4.46408
G1 X186.656 Y18.771 E4.47548
G1 X186.656 Y16.867 E4.55164
G1 X186.37 Y17.138 E4.5674
G1 X186.325 Y21.557 E4.74417
G1 X186.084 Y21.557 E4.75381
G1 X186.084 Y17.41 E4.91969
G1 X185.799 Y17.682 E4.93545
G1 X185.799 Y21.557 E5.09045
G1 X185.513 Y21.557 E5.10189
G1 X185.513 Y17.953 E5.24605
G1 X185.228 Y18.225 E5.26181
G1 X185.228 Y21.557 E5.39509
G1 X184.942 Y21.557 E5.40653
G1 X184.942 Y18.496 E5.52897
G1 X184.656 Y18.768 E5.54476
G1 X184.656 Y21.557 E5.65632
G1 X184.371 Y21.557 E5.66772
G1 X184.371 Y19.039 E5.76844
G1 X184.085 Y19.311 E5.78423
G1 X184.085 Y21.557 E5.87407
G1 X183.8 Y21.557 E5.88547
G1 X183.8 Y19.583 E5.96443
G1 X183.514 Y19.854 E5.98019
G1 X183.514 Y24.342 E6.15971
G1 X183.228 Y24.342 E6.17115
G1 X183.228 Y20.126 E6.33979
G1 X182.943 Y20.397 E6.35552
G1 X182.943 Y24.342 E6.51332
G1 X182.657 Y24.342 E6.52476
G1 X182.657 Y20.669 E6.67168
G1 X182.371 Y20.941 E6.68747
G1 X182.371 Y24.342 E6.82351
G1 X182.086 Y24.342 E6.83491
G1 X182.086 Y21.212 E6.96011
G1 X181.8 Y21.484 E6.9759
G1 X181.8 Y24.342 E7.09022
G1 X181.515 Y24.342 E7.10162
G1 X181.515 Y21.755 E7.2051
G1 X181.229 Y22.027 E7.22089
G1 X181.229 Y24.342 E7.31349
G1 X180.943 Y24.342 E7.32493
G1 X180.943 Y22.298 E7.40669
G1 X180.658 Y22.57 E7.42245
G1 X180.658 Y27.128 E7.60477
G1 X180.372 Y27.128 E7.61621
G1 X180.372 Y22.842 E7.78765
G1 X180.086 Y23.113 E7.80341
G1 X180.086 Y27.128 E7.96401
G1 X179.801 Y27.128 E7.97541
G1 X179.801 Y23.385 E8.12513
G1 X179.515 Y23.656 E8.14089
G1 X179.515 Y27.128 E8.27977
G1 X179.23 Y27.128 E8.29117
G1 X179.23 Y23.928 E8.41917
G1 X178.944 Y24.2 E8.43496
G1 X178.944 Y27.128 E8.55208
G1 X178.658 Y27.128 E8.56352
G1 X178.658 Y24.471 E8.6698
G1 X178.373 Y24.743 E8.68556
G1 X178.373 Y27.128 E8.78096
G1 X178.087 Y27.128 E8.7924
G1 X178.087 Y25.014 E8.87696
G1 X177.802 Y25.286 E8.89272
G1 X177.802 Y29.914 E9.07784
G1 X177.516 Y29.914 E9.08928
G1 X177.516 Y25.557 E9.26356
G1 X177.23 Y25.829 E9.27935
G1 X177.23 Y29.914 E9.44275
G1 X176.945 Y29.914 E9.45415
G1 X176.945 Y26.101 E9.60667
G1 X176.659 Y26.372 E9.62243
G1 X176.659 Y29.914 E9.76411
G1 X176.373 Y29.914 E9.77555
G1 X176.373 Y26.644 E9.90635
G1 X176.088 Y26.915 E9.92208
G1 X176.088 Y29.914 E10.04204
G1 X175.802 Y29.914 E10.05348
G1 X175.802 Y27.187 E10.16256
G1 X175.517 Y27.458 E10.17829
G1 X175.517 Y29.914 E10.27653
G1 X175.231 Y29.914 E10.28797
G1 X175.231 Y27.73 E10.37533
G1 X174.945 Y28.002 E10.39112
G1 X174.945 Y32.699 E10.579
G1 X174.66 Y32.699 E10.5904
G1 X174.66 Y28.273 E10.76744
G1 X174.374 Y28.545 E10.78323
G1 X174.374 Y32.699 E10.94939
G1 X174.088 Y32.699 E10.96083
G1 X174.088 Y28.816 E11.11615
G1 X173.803 Y29.088 E11.13191
G1 X173.803 Y32.699 E11.27635
G1 X173.517 Y32.699 E11.28779
G1 X173.517 Y29.36 E11.42135
G1 X173.232 Y29.631 E11.43708
G1 X173.232 Y32.699 E11.5598
G1 X172.946 Y32.699 E11.57124
G1 X172.946 Y29.903 E11.68308
G1 X172.66 Y30.174 E11.69884
G1 X172.66 Y32.699 E11.79984
G1 X172.397 Y32.699 E11.81036
G1 X172.397 Y35.485 E11.9218
G1 X172.375 Y30.446 E12.12336
G1 X172.089 Y30.717 E12.13912
G1 X172.089 Y35.485 E12.32984
G1 X171.804 Y35.485 E12.34124
G1 X171.804 Y30.989 E12.52108
G1 X171.518 Y31.261 E12.53687
G1 X171.518 Y35.485 E12.70583
G1 X171.232 Y35.485 E12.71727
G1 X171.232 Y31.532 E12.87539
G1 X170.947 Y31.804 E12.89115
G1 X170.947 Y35.485 E13.03839
G1 X170.661 Y35.485 E13.04983
G1 X170.661 Y32.075 E13.18623
G1 X170.375 Y32.347 E13.20202
G1 X170.375 Y35.485 E13.32754
G1 X170.09 Y35.485 E13.33894
G1 X170.09 Y32.619 E13.45358
G1 X169.804 Y32.89 E13.46934
G1 X169.804 Y35.485 E13.57314
G1 X169.611 Y35.485 E13.58086
G1 X169.611 Y38.27 E13.69226
G1 X169.519 Y38.27 E13.69594
G1 X169.519 Y33.162 E13.90026
G1 X169.233 Y33.433 E13.91602
G1 X169.233 Y38.27 E14.1095
G1 X168.947 Y38.27 E14.12094
G1 X168.947 Y33.705 E14.30354
G1 X168.662 Y33.976 E14.31927
G1 X168.662 Y38.27 E14.49103
G1 X168.376 Y38.27 E14.50247
G1 X168.376 Y34.248 E14.66335
G1 X168.09 Y34.52 E14.67914
G1 X168.09 Y38.27 E14.82914
G1 X167.805 Y38.27 E14.84054
G1 X167.805 Y34.791 E14.9797
G1 X167.519 Y35.063 E14.99549
G1 X167.519 Y38.27 E15.12377
G1 X167.234 Y38.27 E15.13517
G1 X167.234 Y35.334 E15.25261
G1 X166.948 Y35.606 E15.2684
G1 X166.948 Y38.27 E15.37496
G1 X166.825 Y38.27 E15.37988
G1 X166.825 Y41.056 E15.49132
G1 X166.662 Y41.056 E15.49784
G1 X166.662 Y35.878 E15.70496
G1 X166.377 Y36.149 E15.72069
G1 X166.377 Y41.056 E15.91697
G1 X166.091 Y41.056 E15.92841
G1 X166.091 Y36.421 E16.11381
G1 X165.806 Y36.692 E16.12954
G1 X165.806 Y41.056 E16.3041
G1 X165.52 Y41.056 E16.31554
G1 X165.52 Y36.964 E16.47922
G1 X165.234 Y37.235 E16.49498
G1 X165.234 Y41.056 E16.64782
G1 X164.949 Y41.056 E16.65922
G1 X164.949 Y37.507 E16.80118
G1 X164.663 Y37.779 E16.81697
G1 X164.663 Y41.056 E16.94805
G1 X164.377 Y41.056 E16.95949
G1 X164.377 Y38.05 E17.07973
G1 X164.092 Y38.322 E17.09549
G1 X164.04 Y43.842 E17.3163
G1 X163.806 Y43.842 E17.32566
G1 X163.806 Y38.593 E17.53562
G1 X163.521 Y38.865 E17.55138
G1 X163.521 Y43.842 E17.75046
G1 X163.235 Y43.842 E17.7619
G1 X163.235 Y39.136 E17.95014
G1 X162.949 Y39.408 E17.96593
G1 X162.949 Y43.842 E18.14329
G1 X162.664 Y43.842 E18.15469
G1 X162.664 Y39.68 E18.32117
G1 X162.378 Y39.951 E18.33693
G1 X162.378 Y43.842 E18.49257
G1 X162.092 Y43.842 E18.50401
G1 X162.092 Y40.223 E18.64877
G1 X161.807 Y40.494 E18.6645
G1 X161.807 Y43.842 E18.79842
G1 X161.521 Y43.842 E18.80986
G1 X161.521 Y40.766 E18.9329
G1 X161.236 Y41.038 E18.94866
G1 X161.236 Y43.842 E19.06082
G1 X160.95 Y43.842 E19.07226
G1 X160.95 Y41.309 E19.17358
G1 X160.664 Y41.581 E19.18937
G1 X160.664 Y43.842 E19.27981
G1 X160.379 Y43.842 E19.29121
G1 X160.379 Y41.852 E19.37081
G1 X160.093 Y42.124 E19.3866
G1 X160.093 Y43.842 E19.45532
G1 X159.808 Y43.842 E19.46672
G1 X159.808 Y42.395 E19.5246
G1 X159.522 Y42.667 E19.54039
G1 X159.522 Y43.842 E19.58739
G1 X159.236 Y43.842 E19.59883
G1 X159.236 Y42.939 E19.63495
G1 X158.951 Y43.21 E19.65068
G1 X158.951 Y43.842 E19.67596
G1 X158.665 Y43.842 E19.6874
G1 X158.665 Y43.482 E19.7018
G1 X158.379 Y43.753 E19.71756
G1 X158.379 Y46.627 E19.83252
G1 X158.094 Y46.627 E19.84392
G1 X158.094 Y44.025 E19.948
G1 X157.808 Y44.297 E19.96379
G1 X157.808 Y46.627 E20.05699
G1 X157.523 Y46.627 E20.06839
G1 X157.523 Y44.568 E20.15075
G1 X157.237 Y44.84 E20.16654
G1 X157.237 Y46.627 E20.23802
G1 X156.951 Y46.627 E20.24946
G1 X156.951 Y45.111 E20.3101
G1 X156.666 Y45.383 E20.32586
G1 X156.666 Y46.627 E20.37562
G1 X156.38 Y46.627 E20.38706
G1 X156.38 Y45.654 E20.42598
G1 X156.094 Y45.926 E20.44177
G1 X156.094 Y46.627 E20.46981
G1 X155.809 Y46.627 E20.48121
G1 X155.809 Y46.198 E20.49837
G1 X155.523 Y46.469 E20.51413
G1 X155.523 Y49.413 E20.63189
G1 X155.238 Y49.413 E20.64329
G1 X155.238 Y46.741 E20.75017
G1 X154.952 Y47.012 E20.76593
G1 X154.952 Y49.413 E20.86197
G1 X154.666 Y49.413 E20.87341
G1 X154.666 Y47.284 E20.95857
G1 X154.381 Y47.555 E20.9743
G1 X154.381 Y49.413 E21.04862
G1 X154.095 Y49.413 E21.06006
G1 X154.095 Y47.827 E21.1235
G1 X153.81 Y48.099 E21.13926
G1 X153.81 Y49.413 E21.19182
G1 X153.524 Y49.413 E21.20326
G1 X153.524 Y48.37 E21.24498
G1 X153.238 Y48.642 E21.26077
G1 X153.238 Y49.413 E21.29161
G1 X152.953 Y49.413 E21.30301
G1 X152.953 Y48.913 E21.32301
G1 X152.667 Y49.185 E21.3388
G1 X152.667 Y52.198 E21.45932
G1 X152.381 Y52.198 E21.47076
G1 X152.381 Y49.457 E21.5804
G1 X152.096 Y49.728 E21.59613
G1 X152.096 Y52.198 E21.69493
G1 X151.81 Y52.198 E21.70637
G1 X151.81 Y50 E21.79429
G1 X151.525 Y50.271 E21.81002
G1 X151.525 Y52.198 E21.8871
G1 X151.239 Y52.198 E21.89854
G1 X151.239 Y50.543 E21.96474
G1 X150.953 Y50.814 E21.9805
G1 X150.953 Y52.198 E22.03586
G1 X150.668 Y52.198 E22.04726
G1 X150.668 Y51.086 E22.09174
G1 X150.382 Y51.358 E22.10753
G1 X150.382 Y52.198 E22.14113
G1 X150.112 Y52.198 E22.15193
G1 X150.112 Y54.984 E22.26337
G1 X150.096 Y51.629 E22.39757
G1 X149.811 Y51.901 E22.41333
G1 X149.811 Y54.984 E22.53665
G1 X149.525 Y54.984 E22.54809
G1 X149.525 Y52.172 E22.66057
G1 X149.24 Y52.444 E22.67633
G1 X149.24 Y54.984 E22.77793
G1 X148.954 Y54.984 E22.78937
G1 X148.954 Y52.716 E22.88009
G1 X148.668 Y52.987 E22.89585
G1 X148.668 Y54.984 E22.97573
G1 X148.383 Y54.984 E22.98713
G1 X148.383 Y53.259 E23.05613
G1 X148.097 Y53.53 E23.07189
G1 X148.097 Y54.984 E23.13005
G1 X147.812 Y54.984 E23.14145
G1 X147.812 Y53.802 E23.18873
G1 X147.526 Y54.073 E23.20449
G1 X147.526 Y54.984 E23.24093
G1 X147.326 Y54.984 E23.24893
G1 X147.326 Y57.77 E23.36037
G1 X147.24 Y57.77 E23.36381
G1 X147.24 Y54.345 E23.50081
G1 X146.955 Y54.617 E23.51657
G1 X146.955 Y57.77 E23.64269
G1 X146.669 Y57.77 E23.65413
G1 X146.669 Y54.888 E23.76941
G1 X146.383 Y55.16 E23.7852
G1 X146.383 Y57.77 E23.8896
G1 X146.098 Y57.77 E23.901
G1 X146.098 Y55.431 E23.99456
G1 X145.812 Y55.703 E24.01035
G1 X145.812 Y57.77 E24.09303
G1 X145.527 Y57.77 E24.10443
G1 X145.527 Y55.974 E24.17627
G1 X145.241 Y56.246 E24.19206
G1 X145.241 Y57.77 E24.25302
G1 X144.955 Y57.77 E24.26446
G1 X144.955 Y56.518 E24.31454
G1 X144.67 Y56.789 E24.33027
G1 X144.67 Y57.77 E24.36951
G1 X144.54 Y57.77 E24.37471
G1 X144.54 Y60.555 E24.48611
G1 X144.384 Y60.555 E24.49235
G1 X144.384 Y57.061 E24.63211
G1 X144.098 Y57.332 E24.64787
G1 X144.098 Y60.555 E24.77679
G1 X143.813 Y60.555 E24.78819
G1 X143.813 Y57.604 E24.90623
G1 X143.527 Y57.876 E24.92202
G1 X143.527 Y60.555 E25.02918
G1 X143.242 Y60.555 E25.04058
G1 X143.242 Y58.147 E25.1369
G1 X142.956 Y58.419 E25.15269
G1 X142.956 Y60.555 E25.23813
G1 X142.67 Y60.555 E25.24957
G1 X142.67 Y58.69 E25.32417
G1 X142.385 Y58.962 E25.33993
G1 X142.385 Y60.555 E25.40365
G1 X142.099 Y60.555 E25.41509
G1 X142.099 Y59.233 E25.46797
G1 X141.814 Y59.505 E25.48373
G1 X141.755 Y63.341 E25.63719
G1 X141.528 Y63.341 E25.64627
G1 X141.528 Y59.777 E25.78883
G1 X141.242 Y60.048 E25.80459
G1 X141.242 Y63.341 E25.93631
G1 X140.957 Y63.341 E25.94771
G1 X140.957 Y60.32 E26.06855
G1 X140.671 Y60.591 E26.08431
G1 X140.671 Y63.341 E26.19431
G1 X140.385 Y63.341 E26.20575
G1 X140.385 Y60.863 E26.30487
G1 X140.1 Y61.135 E26.32063
G1 X140.1 Y63.341 E26.40887
G1 X139.814 Y63.341 E26.42031
G1 X139.814 Y61.406 E26.49771
G1 X139.529 Y61.678 E26.51347
G1 X139.529 Y63.341 E26.57999
G1 X139.243 Y63.341 E26.59143
G1 X139.243 Y61.949 E26.64711
G1 X138.957 Y62.221 E26.6629
G1 X138.957 Y66.127 E26.81914
G1 X138.672 Y66.127 E26.83054
G1 X138.672 Y62.492 E26.97594
G1 X138.386 Y62.764 E26.99173
G1 X138.386 Y66.127 E27.12625
G1 X138.1 Y66.127 E27.13769
G1 X138.1 Y63.036 E27.26133
G1 X137.815 Y63.307 E27.27706
G1 X137.815 Y66.127 E27.38986
G1 X137.529 Y66.127 E27.4013
G1 X137.529 Y63.579 E27.50322
G1 X137.244 Y63.85 E27.51895
G1 X137.244 Y66.127 E27.61003
G1 X136.958 Y66.127 E27.62147
G1 X136.958 Y64.122 E27.70167
G1 X136.672 Y64.393 E27.71743
G1 X136.672 Y66.127 E27.78679
G1 X136.387 Y66.127 E27.79819
G1 X136.387 Y64.665 E27.85667
G1 X136.101 Y64.937 E27.87246
G1 X136.101 Y68.912 E28.03146
G1 X135.816 Y68.912 E28.04286
G1 X135.816 Y65.208 E28.19102
G1 X135.53 Y65.48 E28.20681
G1 X135.53 Y68.912 E28.34409
G1 X135.244 Y68.912 E28.35553
G1 X135.244 Y65.751 E28.48197
G1 X134.959 Y66.023 E28.49773
G1 X134.959 Y68.912 E28.61329
G1 X134.673 Y68.912 E28.62473
G1 X134.673 Y66.295 E28.72941
G1 X134.387 Y66.566 E28.74517
G1 X134.387 Y68.912 E28.83901
G1 X134.102 Y68.912 E28.85041
G1 X134.102 Y66.838 E28.93337
G1 X133.816 Y67.109 E28.94913
G1 X133.816 Y68.912 E29.02125
G1 X133.531 Y68.912 E29.03265
G1 X133.531 Y67.381 E29.09389
G1 X133.245 Y67.652 E29.10965
G1 X133.245 Y71.698 E29.27149
G1 X132.959 Y71.698 E29.28293
G1 X132.959 Y67.924 E29.43389
G1 X132.674 Y68.196 E29.44965
G1 X132.674 Y71.698 E29.58973
G1 X132.388 Y71.698 E29.60117
G1 X132.388 Y68.467 E29.73041
G1 X132.102 Y68.739 E29.7462
G1 X132.102 Y71.698 E29.86456
G1 X131.817 Y71.698 E29.87596
G1 X131.817 Y69.01 E29.98348
G1 X131.531 Y69.282 E29.99927
G1 X131.531 Y71.698 E30.09591
G1 X131.246 Y71.698 E30.10731
G1 X131.246 Y69.554 E30.19307
G1 X130.96 Y69.825 E30.20883
G1 X130.96 Y71.698 E30.28375
G1 X130.674 Y71.698 E30.29519
G1 X130.674 Y70.097 E30.35923
G1 X130.389 Y70.368 E30.37496
G1 X130.389 Y74.483 E30.53956
G1 X130.103 Y74.483 E30.551
G1 X130.103 Y70.64 E30.70472
G1 X129.818 Y70.911 E30.72045
G1 X129.818 Y74.483 E30.86333
G1 X129.532 Y74.483 E30.87477
G1 X129.532 Y71.183 E31.00677
G1 X129.246 Y71.455 E31.02256
G1 X129.246 Y74.483 E31.14368
G1 X128.961 Y74.483 E31.15508
G1 X128.961 Y71.726 E31.26536
G1 X128.675 Y71.998 E31.28115
G1 X128.675 Y74.483 E31.38055
G1 X128.389 Y74.483 E31.39199
G1 X128.389 Y72.269 E31.48055
G1 X128.104 Y72.541 E31.49631
G1 X128.104 Y74.483 E31.57399
G1 X127.827 Y74.483 E31.58507
G1 X127.827 Y77.269 E31.69651
G1 X127.818 Y72.812 E31.87479
G1 X127.533 Y73.084 E31.89055
G1 X127.533 Y77.269 E32.05795
G1 X127.247 Y77.269 E32.06939
G1 X127.247 Y73.356 E32.22591
G1 X126.961 Y73.627 E32.24167
G1 X126.961 Y77.269 E32.38735
G1 X126.676 Y77.269 E32.39875
G1 X126.676 Y73.899 E32.53355
G1 X126.39 Y74.17 E32.54931
G1 X126.39 Y77.269 E32.67327
G1 X126.104 Y77.269 E32.68471
G1 X126.104 Y74.442 E32.79779
G1 X125.819 Y74.714 E32.81355
G1 X125.819 Y77.269 E32.91575
G1 X125.533 Y77.269 E32.92719
G1 X125.533 Y74.985 E33.01855
G1 X125.248 Y75.257 E33.03431
G1 X125.248 Y77.269 E33.11479
G1 X125.041 Y77.269 E33.12307
G1 X125.041 Y80.055 E33.23451
G1 X124.962 Y80.055 E33.23767
G1 X124.962 Y75.528 E33.41875
G1 X124.676 Y75.8 E33.43454
G1 X124.676 Y80.055 E33.60474
G1 X124.391 Y80.055 E33.61614
G1 X124.391 Y76.071 E33.7755
G1 X124.105 Y76.343 E33.79129
G1 X124.105 Y80.055 E33.93977
G1 X123.82 Y80.055 E33.95117
G1 X123.82 Y76.615 E34.08877
G1 X123.534 Y76.886 E34.10453
G1 X123.534 Y80.055 E34.23129
G1 X123.248 Y80.055 E34.24273
G1 X123.248 Y77.158 E34.35861
G1 X122.963 Y77.429 E34.37434
G1 X122.963 Y80.055 E34.47938
G1 X122.677 Y80.055 E34.49082
G1 X122.677 Y77.701 E34.58498
G1 X122.391 Y77.973 E34.60077
G1 X122.391 Y80.055 E34.68405
G1 X122.255 Y80.055 E34.68949
G1 X122.255 Y82.84 E34.80089
G1 X122.106 Y82.84 E34.80685
G1 X122.106 Y78.244 E34.99069
G1 X121.82 Y78.516 E35.00648
G1 X121.82 Y82.84 E35.17944
G1 X121.535 Y82.84 E35.19084
G1 X121.535 Y78.787 E35.35296
G1 X121.249 Y79.059 E35.36875
G1 X121.249 Y82.84 E35.51999
G1 X120.963 Y82.84 E35.53143
G1 X120.963 Y79.33 E35.67183
G1 X120.678 Y79.602 E35.68759
G1 X120.678 Y82.84 E35.81711
G1 X120.392 Y82.84 E35.82855
G1 X120.392 Y79.874 E35.94719
G1 X120.106 Y80.145 E35.96295
G1 X120.106 Y82.84 E36.07075
G1 X119.821 Y82.84 E36.08215
G1 X119.821 Y80.417 E36.17907
G1 X119.535 Y80.688 E36.19483
G1 X119.47 Y85.626 E36.39237
G1 X119.25 Y85.626 E36.40117
G1 X119.25 Y80.96 E36.58781
G1 X118.964 Y81.231 E36.60357
G1 X118.964 Y85.626 E36.77937
G1 X118.678 Y85.626 E36.79081
G1 X118.678 Y81.503 E36.95573
G1 X118.393 Y81.775 E36.97149
G1 X118.393 Y85.626 E37.12553
G1 X118.107 Y85.626 E37.13697
G1 X118.107 Y82.046 E37.28017
G1 X117.822 Y82.318 E37.29593
G1 X117.822 Y85.626 E37.42825
G1 X117.536 Y85.626 E37.43969
G1 X117.536 Y82.589 E37.56117
G1 X117.25 Y82.861 E37.57696
G1 X117.25 Y85.626 E37.68756
G1 X116.965 Y85.626 E37.69896
G1 X116.965 Y83.133 E37.79868
G1 X116.679 Y83.404 E37.81444
G1 X116.679 Y88.412 E38.01476
G1 X116.393 Y88.412 E38.0262
G1 X116.393 Y83.676 E38.21564
G1 X116.108 Y83.947 E38.23137
G1 X116.108 Y88.412 E38.40997
G1 X115.822 Y88.412 E38.42141
G1 X115.822 Y84.219 E38.58913
G1 X115.537 Y84.49 E38.60486
G1 X115.537 Y88.412 E38.76174
G1 X115.251 Y88.412 E38.77318
G1 X115.251 Y84.762 E38.91918
G1 X114.965 Y85.034 E38.93497
G1 X114.965 Y88.412 E39.07009
G1 X114.68 Y88.412 E39.08149
G1 X114.68 Y85.305 E39.20577
G1 X114.394 Y85.577 E39.22156
G1 X114.394 Y88.412 E39.33496
G1 X114.108 Y88.412 E39.3464
G1 X114.108 Y85.848 E39.44896
G1 X113.823 Y86.12 E39.46472
G1 X113.823 Y91.197 E39.6678
G1 X113.537 Y91.197 E39.67924
G1 X113.537 Y86.392 E39.87144
G1 X113.252 Y86.663 E39.88717
G1 X113.252 Y91.197 E40.06853
G1 X112.966 Y91.197 E40.07997
G1 X112.966 Y86.935 E40.25045
G1 X112.68 Y87.206 E40.26621
G1 X112.68 Y91.197 E40.42585
G1 X112.395 Y91.197 E40.43725
G1 X112.395 Y87.478 E40.58601
G1 X112.109 Y87.749 E40.60177
G1 X112.109 Y91.197 E40.73969
G1 X111.824 Y91.197 E40.75109
G1 X111.824 Y88.021 E40.87813
G1 X111.538 Y88.293 E40.89392
G1 X111.538 Y91.197 E41.01008
G1 X111.252 Y91.197 E41.02152
G1 X111.252 Y88.564 E41.12684
G1 X110.967 Y88.836 E41.1426
G1 X110.967 Y93.983 E41.34848
G1 X110.681 Y93.983 E41.35992
G1 X110.681 Y89.107 E41.55496
G1 X110.395 Y89.379 E41.57075
G1 X110.395 Y93.983 E41.75491
G1 X110.11 Y93.983 E41.76631
G1 X110.11 Y89.65 E41.93963
G1 X109.824 Y89.922 E41.95542
G1 X109.824 Y93.983 E42.11786
G1 X109.539 Y93.983 E42.12926
G1 X109.539 Y90.194 E42.28082
G1 X109.253 Y90.465 E42.29658
G1 X109.253 Y93.983 E42.4373
G1 X108.967 Y93.983 E42.44874
G1 X108.967 Y90.737 E42.57858
G1 X108.682 Y91.008 E42.59431
G1 X108.682 Y93.983 E42.71331
G1 X108.396 Y93.983 E42.72475
G1 X108.396 Y91.28 E42.83287
G1 X108.11 Y91.552 E42.84866
G1 X108.11 Y96.768 E43.0573
G1 X107.825 Y96.768 E43.0687
G1 X107.825 Y91.823 E43.2665
G1 X107.539 Y92.095 E43.28229
G1 X107.539 Y96.768 E43.46921
G1 X107.254 Y96.768 E43.48061
G1 X107.254 Y92.366 E43.65669
G1 X106.968 Y92.638 E43.67248
G1 X106.968 Y96.768 E43.83768
G1 X106.682 Y96.768 E43.84912
G1 X106.682 Y92.909 E44.00348
G1 X106.397 Y93.181 E44.01924
G1 X106.397 Y96.768 E44.16272
G1 X106.111 Y96.768 E44.17416
G1 X106.111 Y93.453 E44.30676
G1 X105.826 Y93.724 E44.32249
G1 X105.826 Y96.768 E44.44425
G1 X105.54 Y96.768 E44.45569
G1 X105.54 Y93.996 E44.56657
G1 X105.254 Y94.267 E44.58233
G1 X105.254 Y96.768 E44.68237
G1 X104.969 Y96.768 E44.69377
G1 X104.969 Y94.539 E44.78293
G1 X104.683 Y94.811 E44.79872
G1 X104.683 Y96.768 E44.877
G1 X104.397 Y96.768 E44.88844
G1 X104.397 Y95.082 E44.95588
G1 X104.112 Y95.354 E44.97164
G1 X104.112 Y96.768 E45.0282
G1 X103.826 Y96.768 E45.03964
G1 X103.826 Y95.625 E45.08536
G1 X103.541 Y95.897 E45.10112
G1 X103.541 Y96.768 E45.13596
G1 X103.255 Y96.768 E45.1474
G1 X103.255 Y96.168 E45.1714
G1 X102.969 Y96.44 E45.18719
G1 X102.969 Y96.768 E45.20031
G1 X102.756 Y96.768 E45.20883
G1 X102.756 Y99.554 E45.32027
G1 X102.684 Y99.554 E45.32315
G1 X102.684 Y96.712 E45.43683
G1 X102.398 Y96.983 E45.45259
G1 X102.398 Y99.554 E45.55543
G1 X102.112 Y99.554 E45.56687
G1 X102.112 Y97.255 E45.65883
G1 X101.827 Y97.526 E45.67456
G1 X101.827 Y99.554 E45.75568
G1 X101.541 Y99.554 E45.76712
G1 X101.541 Y97.798 E45.83736
G1 X101.256 Y98.069 E45.85309
G1 X101.256 Y99.554 E45.91249
G1 X100.97 Y99.554 E45.92393
G1 X100.97 Y98.341 E45.97245
G1 X100.684 Y98.613 E45.98824
G1 X100.684 Y99.554 E46.02588
G1 X100.399 Y99.554 E46.03728
G1 X100.399 Y98.884 E46.06408
G1 X100.113 Y99.156 E46.07987
G1 X100.113 Y99.554 E46.09579
G1 X99.97 Y99.554 E46.10151
G1 X99.97 Y102.34 E46.21295
G1 X99.828 Y102.34 E46.21863
G1 X99.828 Y99.427 E46.33515
G1 X99.542 Y99.699 E46.35094
G1 X99.542 Y102.34 E46.45658
G1 X99.256 Y102.34 E46.46802
G1 X99.256 Y99.971 E46.56278
G1 X98.971 Y100.242 E46.57851
G1 X98.971 Y102.34 E46.66243
G1 X98.685 Y102.34 E46.67387
G1 X98.685 Y100.514 E46.74691
G1 X98.399 Y100.785 E46.76267
G1 X98.399 Y102.34 E46.82487
G1 X98.114 Y102.34 E46.83627
G1 X98.114 Y101.057 E46.88759
G1 X97.828 Y101.328 E46.90335
G1 X97.828 Y102.34 E46.94383
G1 X97.543 Y102.34 E46.95523
G1 X97.543 Y101.6 E46.98483
G1 X97.257 Y101.872 E47.00062
G1 X97.257 Y102.34 E47.01934
G1 X97.185 Y102.34 E47.02222
G1 X97.185 Y105.125 E47.13362
G1 X96.971 Y105.125 E47.14218
G1 X96.971 Y102.143 E47.26146
G1 X96.686 Y102.415 E47.27722
G1 X96.686 Y105.125 E47.38562
G1 X96.4 Y105.125 E47.39706
G1 X96.4 Y102.686 E47.49462
G1 X96.114 Y102.958 E47.51041
G1 X96.114 Y105.125 E47.59709
G1 X95.829 Y105.125 E47.60849
G1 X95.829 Y103.23 E47.68429
G1 X95.543 Y103.501 E47.70005
G1 X95.543 Y105.125 E47.76501
G1 X95.258 Y105.125 E47.77641
G1 X95.258 Y103.773 E47.83049
G1 X94.972 Y104.044 E47.84625
G1 X94.972 Y105.125 E47.88949
G1 X94.686 Y105.125 E47.90093
G1 X94.686 Y104.316 E47.93329
G1 X94.401 Y104.587 E47.94902
G1 X94.399 Y107.911 E48.08198
G1 X94.115 Y107.911 E48.09334
G1 X94.115 Y104.859 E48.21542
G1 X93.83 Y105.131 E48.23118
G1 X93.83 Y107.911 E48.34238
G1 X93.544 Y107.911 E48.35382
G1 X93.544 Y105.402 E48.45418
G1 X93.258 Y105.674 E48.46997
G1 X93.258 Y107.911 E48.55945
G1 X92.973 Y107.911 E48.57085
G1 X92.973 Y105.945 E48.64949
G1 X92.687 Y106.217 E48.66528
G1 X92.687 Y107.911 E48.73304
G1 X92.401 Y107.911 E48.74448
G1 X92.401 Y106.488 E48.8014
G1 X92.116 Y106.76 E48.81716
G1 X92.116 Y107.911 E48.8632
G1 X91.83 Y107.911 E48.87464
G1 X91.83 Y107.032 E48.9098
G1 X91.545 Y107.303 E48.92553
G1 X91.545 Y110.696 E49.06125
G1 X91.259 Y110.696 E49.07269
G1 X91.259 Y107.575 E49.19753
G1 X90.973 Y107.846 E49.21329
G1 X90.973 Y110.696 E49.32729
G1 X90.688 Y110.696 E49.33869
G1 X90.688 Y108.118 E49.44181
G1 X90.402 Y108.39 E49.4576
G1 X90.402 Y110.696 E49.54984
G1 X90.116 Y110.696 E49.56128
G1 X90.116 Y108.661 E49.64268
G1 X89.831 Y108.933 E49.65844
G1 X89.831 Y110.696 E49.72896
G1 X89.545 Y110.696 E49.7404
G1 X89.545 Y109.204 E49.80008
G1 X89.26 Y109.476 E49.81584
G1 X89.26 Y110.696 E49.86464
G1 X88.974 Y110.696 E49.87608
G1 X88.974 Y109.747 E49.91404
G1 X88.688 Y110.019 E49.92983
G1 X88.688 Y113.482 E50.06835
G1 X88.403 Y113.482 E50.07975
G1 X88.403 Y110.291 E50.20739
G1 X88.117 Y110.562 E50.22315
G1 X88.117 Y113.482 E50.33995
G1 X87.832 Y113.482 E50.35135
G1 X87.832 Y110.834 E50.45727
G1 X87.546 Y111.105 E50.47303
G1 X87.546 Y113.482 E50.56811
G1 X87.26 Y113.482 E50.57955
G1 X87.26 Y111.377 E50.66375
G1 X86.975 Y111.649 E50.67951
G1 X86.975 Y113.482 E50.75283
G1 X86.689 Y113.482 E50.76427
G1 X86.689 Y111.92 E50.82675
G1 X86.403 Y112.192 E50.84254
G1 X86.403 Y113.482 E50.89414
G1 X86.118 Y113.482 E50.90554
G1 X86.118 Y112.463 E50.9463
G1 X85.832 Y112.735 E50.96209
G1 X85.832 Y116.268 E51.10341
G1 X85.547 Y116.268 E51.11481
G1 X85.547 Y113.006 E51.24529
G1 X85.261 Y113.278 E51.26108
G1 X85.261 Y116.268 E51.38068
G1 X84.975 Y116.268 E51.39212
G1 X84.975 Y113.55 E51.50084
G1 X84.69 Y113.821 E51.51657
G1 X84.69 Y116.268 E51.61445
G1 X84.404 Y116.268 E51.62589
G1 X84.404 Y114.093 E51.71289
G1 X84.118 Y114.364 E51.72865
G1 X84.118 Y116.268 E51.80481
G1 X83.833 Y116.268 E51.81621
G1 X83.833 Y114.636 E51.88149
G1 X83.547 Y114.907 E51.89725
G1 X83.547 Y116.268 E51.95169
G1 X83.262 Y116.268 E51.96309
G1 X83.262 Y115.179 E52.00665
G1 X82.976 Y115.451 E52.02244
G1 X82.976 Y119.053 E52.16652
G1 X82.69 Y119.053 E52.17796
G1 X82.69 Y115.722 E52.3112
G1 X82.405 Y115.994 E52.32696
G1 X82.405 Y119.053 E52.44932
G1 X82.119 Y119.053 E52.46076
G1 X82.119 Y116.265 E52.57228
G1 X81.834 Y116.537 E52.58804
G1 X81.834 Y119.053 E52.68868
G1 X81.548 Y119.053 E52.70012
G1 X81.548 Y116.809 E52.78988
G1 X81.262 Y117.08 E52.80564
G1 X81.262 Y119.053 E52.88456
G1 X80.977 Y119.053 E52.89596
G1 X80.977 Y117.352 E52.964
G1 X80.691 Y117.623 E52.97976
G1 X80.691 Y119.053 E53.03696
G1 X80.471 Y119.053 E53.04576
G1 X80.471 Y121.839 E53.1572
G1 X80.405 Y121.839 E53.15984
G1 X80.405 Y117.895 E53.3176
G1 X80.12 Y118.166 E53.33333
G1 X80.12 Y121.839 E53.48025
G1 X79.834 Y121.839 E53.49169
G1 X79.834 Y118.438 E53.62773
G1 X79.549 Y118.71 E53.64349
G1 X79.549 Y121.839 E53.76865
G1 X79.263 Y121.839 E53.78009
G1 X79.263 Y118.981 E53.89441
G1 X78.977 Y119.253 E53.9102
G1 X78.977 Y121.839 E54.01364
G1 X78.692 Y121.839 E54.02504
G1 X78.692 Y119.524 E54.11764
G1 X78.406 Y119.796 E54.13343
G1 X78.406 Y121.839 E54.21515
G1 X78.121 Y121.839 E54.22655
G1 X78.121 Y120.068 E54.29739
G1 X77.835 Y120.339 E54.31315
G1 X77.835 Y121.839 E54.37315
G1 X77.685 Y121.839 E54.37915
G1 X77.685 Y124.625 E54.49059
G1 X77.549 Y124.625 E54.49603
G1 X77.549 Y120.611 E54.65659
G1 X77.264 Y120.882 E54.67232
G1 X77.264 Y124.625 E54.82204
G1 X76.978 Y124.625 E54.83348
G1 X76.978 Y121.154 E54.97232
G1 X76.692 Y121.425 E54.98808
G1 X76.692 Y124.625 E55.11608
G1 X76.407 Y124.625 E55.12748
G1 X76.407 Y121.697 E55.2446
G1 X76.121 Y121.969 E55.26039
G1 X76.121 Y124.625 E55.36663
G1 X75.836 Y124.625 E55.37803
G1 X75.836 Y122.24 E55.47343
G1 X75.55 Y122.512 E55.48922
G1 X75.55 Y124.625 E55.57374
G1 X75.264 Y124.625 E55.58518
G1 X75.264 Y122.783 E55.65886
G1 X74.979 Y123.055 E55.67462
G1 X74.979 Y124.625 E55.73742
G1 X74.9 Y124.625 E55.74058
G1 X74.9 Y127.41 E55.85198
G1 X74.693 Y127.41 E55.86026
G1 X74.693 Y123.326 E56.02362
G1 X74.407 Y123.598 E56.03941
G1 X74.407 Y127.41 E56.19189
G1 X74.122 Y127.41 E56.20329
G1 X74.122 Y123.87 E56.34489
G1 X73.836 Y124.141 E56.36065
G1 X73.836 Y127.41 E56.49141
G1 X73.551 Y127.41 E56.50281
G1 X73.551 Y124.413 E56.62269
G1 X73.265 Y124.684 E56.63845
G1 X73.265 Y127.41 E56.74749
G1 X72.979 Y127.41 E56.75893
G1 X72.979 Y124.956 E56.85709
G1 X72.694 Y125.228 E56.87285
G1 X72.694 Y127.41 E56.96013
G1 X72.408 Y127.41 E56.97157
G1 X72.408 Y125.499 E57.04801
G1 X72.123 Y125.771 E57.06377
G1 X72.114 Y130.196 E57.24077
G1 X71.837 Y130.196 E57.25185
G1 X71.837 Y126.042 E57.41801
G1 X71.551 Y126.314 E57.4338
G1 X71.551 Y130.196 E57.58908
G1 X71.266 Y130.196 E57.60048
G1 X71.266 Y126.585 E57.74492
G1 X70.98 Y126.857 E57.76071
G1 X70.98 Y130.196 E57.89427
G1 X70.694 Y130.196 E57.90571
G1 X70.694 Y127.129 E58.02839
G1 X70.409 Y127.4 E58.04412
G1 X70.409 Y130.196 E58.15596
G1 X70.123 Y130.196 E58.1674
G1 X70.123 Y127.672 E58.26836
G1 X69.838 Y127.943 E58.28409
G1 X69.838 Y130.196 E58.37421
G1 X69.552 Y130.196 E58.38565
G1 X69.552 Y128.215 E58.46489
G1 X69.266 Y128.487 E58.48068
G1 X69.266 Y132.981 E58.66044
G1 X68.981 Y132.981 E58.67184
G1 X68.981 Y128.758 E58.84076
G1 X68.695 Y129.03 E58.85655
G1 X68.695 Y132.981 E59.01459
G1 X68.409 Y132.981 E59.02603
G1 X68.409 Y129.301 E59.17323
G1 X68.124 Y129.573 E59.18899
G1 X68.124 Y132.981 E59.32531
G1 X67.838 Y132.981 E59.33675
G1 X67.838 Y129.844 E59.46223
G1 X67.553 Y130.116 E59.47799
G1 X67.553 Y132.981 E59.59259
G1 X67.267 Y132.981 E59.60403
G1 X67.267 Y130.388 E59.70775
G1 X66.981 Y130.659 E59.72351
G1 X66.981 Y132.981 E59.81639
G1 X66.696 Y132.981 E59.82779
G1 X66.696 Y130.931 E59.90979
G1 X66.41 Y131.202 E59.92555
G1 X66.41 Y135.767 E60.10815
G1 X66.125 Y135.767 E60.11955
G1 X66.125 Y131.474 E60.29127
G1 X65.839 Y131.745 E60.30703
G1 X65.839 Y135.767 E60.46791
G1 X65.553 Y135.767 E60.47935
G1 X65.553 Y132.017 E60.62935
G1 X65.268 Y132.289 E60.64511
G1 X65.268 Y135.767 E60.78423
G1 X64.982 Y135.767 E60.79567
G1 X64.982 Y132.56 E60.92395
G1 X64.696 Y132.832 E60.93974
G1 X64.696 Y135.767 E61.05714
G1 X64.411 Y135.767 E61.06854
G1 X64.411 Y133.103 E61.1751
G1 X64.125 Y133.375 E61.19089
G1 X64.125 Y135.767 E61.28657
G1 X63.84 Y135.767 E61.29797
G1 X63.84 Y133.647 E61.38277
G1 X63.554 Y133.918 E61.39853
G1 X63.554 Y138.553 E61.58393
G1 X63.268 Y138.553 E61.59537
G1 X63.268 Y134.19 E61.76989
G1 X62.983 Y134.461 E61.78562
G1 X62.983 Y138.553 E61.9493
G1 X62.697 Y138.553 E61.96074
G1 X62.697 Y134.733 E62.11354
G1 X62.411 Y135.004 E62.1293
G1 X62.411 Y138.553 E62.27126
G1 X62.126 Y138.553 E62.28266
G1 X62.126 Y135.276 E62.41374
G1 X61.84 Y135.548 E62.42953
G1 X61.84 Y138.553 E62.54973
G1 X61.555 Y138.553 E62.56113
G1 X61.555 Y135.819 E62.67049
G1 X61.269 Y136.091 E62.68628
G1 X61.269 Y138.553 E62.78476
G1 X60.983 Y138.553 E62.7962
G1 X60.983 Y136.362 E62.88384
G1 X60.698 Y136.634 E62.8996
G1 X60.698 Y141.338 E63.08776
G1 X60.412 Y141.338 E63.0992
G1 X60.412 Y136.906 E63.27648
G1 X60.127 Y137.177 E63.29221
G1 X60.127 Y141.338 E63.45865
G1 X59.841 Y141.338 E63.47009
G1 X59.841 Y137.449 E63.62565
G1 X59.555 Y137.72 E63.64141
G1 X59.555 Y141.338 E63.78613
G1 X59.27 Y141.338 E63.79753
G1 X59.27 Y137.992 E63.93137
G1 X58.984 Y138.263 E63.94713
G1 X58.984 Y141.338 E64.07013
G1 X58.698 Y141.338 E64.08157
G1 X58.698 Y138.535 E64.19369
G1 X58.413 Y138.807 E64.20945
G1 X58.413 Y141.338 E64.31069
G1 X58.186 Y141.338 E64.31977
G1 X58.186 Y144.124 E64.43121
G1 X58.127 Y144.124 E64.43357
G1 X58.127 Y139.078 E64.63541
G1 X57.842 Y139.35 E64.65117
G1 X57.842 Y144.124 E64.84213
G1 X57.556 Y144.124 E64.85357
G1 X57.556 Y139.621 E65.03369
G1 X57.27 Y139.893 E65.04948
G1 X57.27 Y144.124 E65.21872
G1 X56.985 Y144.124 E65.23012
G1 X56.985 Y140.164 E65.38852
G1 X56.699 Y140.436 E65.40431
G1 X56.699 Y144.124 E65.55183
G1 X56.413 Y144.124 E65.56327
G1 X56.413 Y140.708 E65.69991
G1 X56.128 Y140.979 E65.71564
G1 X56.128 Y144.124 E65.84144
G1 X55.842 Y144.124 E65.85288
G1 X55.842 Y141.251 E65.9678
G1 X55.557 Y141.522 E65.98353
G1 X55.557 Y144.124 E66.08761
G1 X55.401 Y144.124 E66.09385
G1 X55.401 Y146.91 E66.20529
G1 X55.271 Y146.91 E66.21049
G1 X55.271 Y141.794 E66.41513
G1 X54.985 Y142.066 E66.43092
G1 X54.985 Y146.91 E66.62468
G1 X54.7 Y146.91 E66.63608
G1 X54.7 Y142.337 E66.819
G1 X54.414 Y142.609 E66.83479
G1 X54.414 Y146.91 E67.00683
G1 X54.129 Y146.91 E67.01823
G1 X54.129 Y142.88 E67.17943
G1 X53.843 Y143.152 E67.19522
G1 X53.843 Y146.91 E67.34554
G1 X53.557 Y146.91 E67.35698
G1 X53.557 Y143.423 E67.49646
G1 X53.272 Y143.695 E67.51222
G1 X53.272 Y146.91 E67.64082
G1 X52.986 Y146.91 E67.65226
G1 X52.986 Y143.967 E67.76998
G1 X52.7 Y144.238 E67.78574
G1 X52.615 Y149.695 E68.00405
G1 X52.415 Y149.695 E68.01205
G1 X52.415 Y144.51 E68.21945
G1 X52.129 Y144.781 E68.23521
G1 X52.129 Y149.695 E68.43177
G1 X51.844 Y149.695 E68.44317
G1 X51.844 Y145.053 E68.62885
G1 X51.558 Y145.325 E68.64464
G1 X51.558 Y149.695 E68.81944
G1 X51.272 Y149.695 E68.83088
G1 X51.272 Y145.596 E68.99484
G1 X50.987 Y145.868 E69.0106
G1 X50.987 Y149.695 E69.16368
G1 X50.701 Y149.695 E69.17512
G1 X50.701 Y146.139 E69.31736
G1 X50.415 Y146.411 E69.33315
G1 X50.415 Y149.695 E69.46451
G1 X50.13 Y149.695 E69.47591
G1 X50.13 Y146.682 E69.59643
G1 X49.844 Y146.954 E69.61222
G1 X49.844 Y149.695 E69.72186
G1 X49.559 Y149.695 E69.73326
G1 X49.559 Y147.226 E69.83202
G1 X49.273 Y147.497 E69.84778
G1 X49.273 Y149.695 E69.9357
G1 X48.987 Y149.695 E69.94714
G1 X48.987 Y147.769 E70.02418
G1 X48.702 Y148.04 E70.03991
G1 X48.702 Y149.695 E70.10611
G1 X48.416 Y149.695 E70.11755
G1 X48.416 Y148.312 E70.17287
G1 X48.131 Y148.583 E70.1886
G1 X48.131 Y149.695 E70.23308
G1 X47.845 Y149.695 E70.24452
G1 X47.845 Y148.855 E70.27812
G1 X47.559 Y149.127 E70.29391
G1 X47.559 Y149.695 E70.31663
G1 X47.274 Y149.695 E70.32803
G1 X47.274 Y149.398 E70.33991
G1 X46.988 Y149.67 E70.3557
G1 X46.988 Y152.481 E70.46814
G1 X46.702 Y152.481 E70.47958
G1 X46.702 Y149.941 E70.58118
G1 X46.417 Y150.213 E70.59694
G1 X46.417 Y152.481 E70.68766
G1 X46.131 Y152.481 E70.6991
G1 X46.131 Y150.485 E70.77894
G1 X45.846 Y150.756 E70.79467
G1 X45.846 Y152.481 E70.86367
G1 X45.56 Y152.481 E70.87511
G1 X45.56 Y151.028 E70.93323
G1 X45.274 Y151.299 E70.94899
G1 X45.274 Y152.481 E70.99627
G1 X44.989 Y152.481 E71.00767
G1 X44.989 Y151.571 E71.04407
G1 X44.703 Y151.842 E71.05983
G1 X44.703 Y152.481 E71.08539
G1 X44.417 Y152.481 E71.09683
G1 X44.417 Y152.114 E71.11151
G1 X44.132 Y152.386 E71.12727
G1 X44.132 Y155.266 E71.24247
G1 X43.846 Y155.266 E71.25391
G1 X43.846 Y152.657 E71.35827
G1 X43.561 Y152.929 E71.37403
G1 X43.561 Y155.266 E71.46751
G1 X43.275 Y155.266 E71.47895
G1 X43.275 Y153.2 E71.56159
G1 X42.989 Y153.472 E71.57738
G1 X42.989 Y155.266 E71.64914
G1 X42.704 Y155.266 E71.66054
G1 X42.704 Y153.744 E71.72142
G1 X42.418 Y154.015 E71.73718
G1 X42.418 Y155.266 E71.78722
G1 X42.133 Y155.266 E71.79862
G1 X42.133 Y154.287 E71.83778
G1 X41.847 Y154.558 E71.85354
G1 X41.847 Y155.266 E71.88186
G1 X41.561 Y155.266 E71.8933
G1 X41.561 Y154.83 E71.91074
G1 X41.276 Y155.101 E71.92647
G1 X41.276 Y158.052 E72.04451
G1 X40.99 Y158.052 E72.05595
G1 X40.99 Y155.373 E72.16311
G1 X40.704 Y155.645 E72.1789
G1 X40.704 Y158.052 E72.27518
G1 X40.419 Y158.052 E72.28658
G1 X40.419 Y155.916 E72.37202
G1 X40.133 Y156.188 E72.38781
G1 X40.133 Y158.052 E72.46237
G1 X39.848 Y158.052 E72.47377
G1 X39.848 Y156.459 E72.53749
G1 X39.562 Y156.731 E72.55328
G1 X39.562 Y158.052 E72.60612
G1 X39.276 Y158.052 E72.61756
G1 X39.276 Y157.002 E72.65956
G1 X38.991 Y157.274 E72.67532
G1 X38.991 Y158.052 E72.70644
G1 X38.705 Y158.052 E72.71788
G1 X38.705 Y157.546 E72.73812
G1 X38.419 Y157.817 E72.75388
G1 X38.419 Y160.838 E72.87472
G1 X38.134 Y160.838 E72.88612
G1 X38.134 Y158.089 E72.99608
G1 X37.848 Y158.36 E73.01184
G1 X37.848 Y160.838 E73.11096
G1 X37.563 Y160.838 E73.12236
G1 X37.563 Y158.632 E73.2106
G1 X37.277 Y158.904 E73.22639
G1 X37.277 Y160.838 E73.30375
G1 X36.991 Y160.838 E73.31519
G1 X36.991 Y159.175 E73.38171
G1 X36.706 Y159.447 E73.39747
G1 X36.706 Y160.838 E73.45311
G1 X36.42 Y160.838 E73.46455
G1 X36.42 Y159.718 E73.50935
G1 X36.135 Y159.99 E73.52511
G1 X36.135 Y160.838 E73.55903
G1 X35.901 Y160.838 E73.56839
G1 X35.901 Y163.623 E73.67979
G1 X35.849 Y163.623 E73.68187
G1 X35.849 Y160.261 E73.81635
G1 X35.563 Y160.533 E73.83214
G1 X35.563 Y163.623 E73.95574
G1 X35.278 Y163.623 E73.96714
G1 X35.278 Y160.805 E74.07986
G1 X34.992 Y161.076 E74.09562
G1 X34.992 Y163.623 E74.1975
G1 X34.706 Y163.623 E74.20894
G1 X34.706 Y161.348 E74.29994
G1 X34.421 Y161.619 E74.31567
G1 X34.421 Y163.623 E74.39583
G1 X34.135 Y163.623 E74.40727
G1 X34.135 Y161.891 E74.47655
G1 X33.85 Y162.163 E74.49231
G1 X33.85 Y163.623 E74.55071
G1 X33.564 Y163.623 E74.56215
G1 X33.564 Y162.434 E74.60971
G1 X33.278 Y162.706 E74.6255
G1 X33.278 Y163.623 E74.66218
G1 X33.116 Y163.623 E74.66866
G1 X33.116 Y166.409 E74.7801
G1 X32.993 Y166.409 E74.78502
G1 X32.993 Y162.977 E74.9223
G1 X32.707 Y163.249 E74.93809
G1 X32.707 Y166.409 E75.06449
G1 X32.421 Y166.409 E75.07593
G1 X32.421 Y163.52 E75.19149
G1 X32.136 Y163.792 E75.20725
G1 X32.136 Y166.409 E75.31193
G1 X31.85 Y166.409 E75.32337
G1 X31.85 Y164.064 E75.41717
G1 X31.565 Y164.335 E75.4329
G1 X31.565 Y166.409 E75.51586
G1 X31.279 Y166.409 E75.5273
G1 X31.279 Y164.607 E75.59938
G1 X30.993 Y164.878 E75.61514
G1 X30.993 Y166.409 E75.67638
G1 X30.708 Y166.409 E75.68778
G1 X30.708 Y165.15 E75.73814
G1 X30.422 Y165.421 E75.7539
G1 X30.422 Y166.409 E75.79342
G1 X30.33 Y166.409 E75.7971
G1 X30.33 Y169.194 E75.9085
G1 X30.137 Y169.194 E75.91622
G1 X30.137 Y165.693 E76.05626
G1 X29.851 Y165.965 E76.07205
G1 X29.851 Y169.194 E76.20121
G1 X29.565 Y169.194 E76.21265
G1 X29.565 Y166.236 E76.33097
G1 X29.28 Y166.508 E76.34673
G1 X29.28 Y169.194 E76.45417
G1 X28.994 Y169.194 E76.46561
G1 X28.994 Y166.779 E76.56221
G1 X28.708 Y167.051 E76.578
G1 X28.708 Y169.194 E76.66372
G1 X28.423 Y169.194 E76.67512
G1 X28.423 Y167.323 E76.74996
G1 X28.137 Y167.594 E76.76572
G1 X28.137 Y169.194 E76.82972
G1 X27.852 Y169.194 E76.84112
G1 X27.852 Y167.866 E76.89424
G1 X27.566 Y168.137 E76.91
G1 X27.544 Y171.98 E77.06372
G1 X27.28 Y171.98 E77.07428
G1 X27.28 Y168.409 E77.21712
G1 X26.995 Y168.68 E77.23285
G1 X26.995 Y171.98 E77.36485
G1 X26.709 Y171.98 E77.37629
G1 X26.709 Y168.952 E77.49741
G1 X26.423 Y169.224 E77.5132
G1 X26.423 Y171.98 E77.62344
G1 X26.138 Y171.98 E77.63484
G1 X26.138 Y169.495 E77.73424
G1 X25.852 Y169.767 E77.75003
G1 X25.852 Y171.98 E77.83855
G1 X25.567 Y171.98 E77.84995
G1 X25.567 Y170.038 E77.92763
G1 X25.281 Y170.31 E77.94342
G1 X25.281 Y171.98 E78.01022
G1 X24.995 Y171.98 E78.02166
G1 X24.995 Y170.582 E78.07758
G1 X24.71 Y170.853 E78.09331
G1 X24.71 Y174.766 E78.24983
G1 X24.424 Y174.766 E78.26127
G1 X24.424 Y171.125 E78.40691
G1 X24.139 Y171.396 E78.42264
G1 X24.139 Y174.766 E78.55744
G1 X23.853 Y174.766 E78.56888
G1 X23.853 Y171.668 E78.6928
G1 X23.567 Y171.939 E78.70856
G1 X23.567 Y174.766 E78.82164
G1 X23.282 Y174.766 E78.83304
G1 X23.282 Y172.211 E78.93524
G1 X22.996 Y172.483 E78.95103
G1 X22.996 Y174.766 E79.04235
G1 X22.71 Y174.766 E79.05379
G1 X22.71 Y172.754 E79.13427
G1 X22.425 Y173.026 E79.15003
G1 X22.425 Y174.766 E79.21963
G1 X22.139 Y174.766 E79.23107
G1 X22.139 Y173.297 E79.28983
G1 X21.854 Y173.569 E79.30559
G1 X21.854 Y177.551 E79.46487
G1 X21.568 Y177.551 E79.47631
G1 X21.568 Y173.84 E79.62475
G1 X21.282 Y174.112 E79.64054
G1 X21.282 Y177.551 E79.7781
G1 X20.997 Y177.551 E79.7895
G1 X20.997 Y174.384 E79.91618
G1 X20.711 Y174.655 E79.93194
G1 X20.711 Y177.551 E80.04778
G1 X20.425 Y177.551 E80.05922
G1 X20.425 Y174.927 E80.16418
G1 X20.14 Y175.198 E80.17991
G1 X20.14 Y177.551 E80.27403
G1 X19.854 Y177.551 E80.28547
G1 X19.854 Y175.47 E80.36871
G1 X19.569 Y175.742 E80.38447
G1 X19.569 Y177.551 E80.45683
G1 X19.283 Y177.551 E80.46827
G1 X19.283 Y176.013 E80.52979
G1 X18.997 Y176.285 E80.54558
G1 X18.997 Y180.337 E80.70766
G1 X18.712 Y180.337 E80.71906
G1 X18.712 Y176.556 E80.8703
G1 X18.426 Y176.828 E80.88609
G1 X18.426 Y180.337 E81.02645
G1 X18.141 Y180.337 E81.03785
G1 X18.141 Y177.099 E81.16737
G1 X17.855 Y177.371 E81.18316
G1 X17.855 Y180.337 E81.3018
G1 X17.569 Y180.337 E81.31324
G1 X17.569 Y177.643 E81.421
G1 X17.284 Y177.914 E81.43673
G1 X17.284 Y180.337 E81.53365
G1 X16.998 Y180.337 E81.54509
G1 X16.998 Y178.186 E81.63113
G1 X16.712 Y178.457 E81.64689
G1 X16.712 Y180.337 E81.72209
G1 X16.427 Y180.337 E81.73349
G1 X16.427 Y178.729 E81.79781
G1 X16.141 Y179.001 E81.8136
G1 X16.141 Y183.123 E81.97848
G1 X15.856 Y183.123 E81.98988
G1 X15.856 Y179.272 E82.14392
G1 X15.57 Y179.544 E82.15971
G1 X15.57 Y183.123 E82.30287
G1 X15.284 Y183.123 E82.31431
G1 X15.284 Y179.815 E82.44663
G1 X14.999 Y180.087 E82.46239
G1 X14.999 Y183.123 E82.58383
G1 X14.713 Y183.123 E82.59527
G1 X14.713 Y180.358 E82.70587
G1 X14.427 Y180.63 E82.72166
G1 X14.427 Y183.123 E82.82138
G1 X14.142 Y183.123 E82.83278
G1 X14.142 Y180.902 E82.92162
G1 X13.856 Y181.173 E82.93738
G1 X13.856 Y183.123 E83.01538
G1 X13.616 Y183.123 E83.02498
G1 X13.616 Y185.908 E83.13638
G1 X13.571 Y181.445 E83.31491
G1 X13.285 Y181.716 E83.33067
G1 X13.285 Y185.908 E83.49835
G1 X12.999 Y185.908 E83.50979
G1 X12.999 Y181.988 E83.66659
G1 X12.714 Y182.259 E83.68232
G1 X12.714 Y185.908 E83.82828
G1 X12.428 Y185.908 E83.83972
G1 X12.428 Y182.531 E83.9748
G1 X12.143 Y182.803 E83.99056
G1 X12.143 Y185.908 E84.11476
G1 X11.857 Y185.908 E84.1262
G1 X11.857 Y183.074 E84.23956
G1 X11.571 Y183.346 E84.25535
G1 X11.571 Y185.908 E84.35783
G1 X11.286 Y185.908 E84.36923
G1 X11.286 Y183.617 E84.46087
G1 X11 Y183.889 E84.47666
G1 X11 Y185.908 E84.55742
G1 X10.714 Y185.908 E84.56886
G1 X10.714 Y184.161 E84.63874
G1 X10.533 Y184.333 E84.64873
G1 X10.429 Y184.33 E84.65289
G1 X10.429 Y185.908 E84.71601
G1 X10.143 Y185.908 E84.72745
G1 X10.143 Y184.235 E84.79437
G1 X9.858 Y183.934 E84.81095
G1 X9.858 Y185.908 E84.88991
G1 X9.572 Y185.908 E84.90135
G1 X9.572 Y183.634 E84.99231
G1 X9.286 Y183.334 E85.00889
G1 X9.286 Y185.908 E85.11185
G1 X9.001 Y185.908 E85.12325
G1 X9.001 Y183.033 E85.23825
G1 X8.715 Y182.733 E85.25483
G1 X8.715 Y185.908 E85.38183
G1 X8.429 Y185.908 E85.39327
G1 X8.429 Y182.432 E85.53231
G1 X8.144 Y182.132 E85.54886
G1 X8.144 Y186.037 E85.70506
G1 E83.70506 F2400
G92 E0
G1 X8.144 Y186.037 F7800
G1 X8.144 Y181.736
G1 E2 F2400
G1 F1800
G1 X8.144 Y177.551 E2.1674
G1 X8.429 Y177.551 E2.1788
G1 X8.429 Y181.287 E2.32824
G1 X8.715 Y181.015 E2.34403
G1 X8.715 Y177.551 E2.48259
G1 X9.001 Y177.551 E2.49403
G1 X9.001 Y180.744 E2.62175
G1 X9.286 Y180.472 E2.63751
G1 X9.286 Y177.551 E2.75435
G1 X9.572 Y177.551 E2.76579
G1 X9.572 Y180.201 E2.87179
G1 X9.858 Y179.929 E2.88758
G1 X9.858 Y177.551 E2.9827
G1 X10.143 Y177.551 E2.9941
G1 X10.143 Y179.657 E3.07834
G1 X10.429 Y179.386 E3.0941
G1 X10.429 Y177.551 E3.1675
G1 X10.714 Y177.551 E3.1789
G1 X10.714 Y179.114 E3.24142
G1 X11 Y178.843 E3.25718
G1 X11 Y174.766 E3.42026
G1 X11.286 Y174.766 E3.4317
G1 X11.286 Y178.571 E3.5839
G1 X11.571 Y178.299 E3.59966
G1 X11.571 Y174.766 E3.74098
G1 X11.857 Y174.766 E3.75242
G1 X11.857 Y178.028 E3.8829
G1 X12.143 Y177.756 E3.89869
G1 X12.143 Y174.766 E4.01829
G1 X12.428 Y174.766 E4.02969
G1 X12.428 Y177.485 E4.13845
G1 X12.714 Y177.213 E4.15424
G1 X12.714 Y174.766 E4.25212
G1 X12.999 Y174.766 E4.26352
G1 X12.999 Y176.942 E4.35056
G1 X13.285 Y176.67 E4.36635
G1 X13.285 Y174.766 E4.44251
G1 X13.571 Y174.766 E4.45395
G1 X13.571 Y176.398 E4.51923
G1 X13.856 Y176.127 E4.53496
G1 X13.856 Y171.98 E4.70084
G1 X14.142 Y171.98 E4.71228
G1 X14.142 Y175.855 E4.86728
G1 X14.427 Y175.584 E4.88301
G1 X14.427 Y171.98 E5.02717
G1 X14.713 Y171.98 E5.03861
G1 X14.713 Y175.312 E5.17189
G1 X14.999 Y175.04 E5.18768
G1 X14.999 Y171.98 E5.31008
G1 X15.284 Y171.98 E5.32148
G1 X15.284 Y174.769 E5.43304
G1 X15.57 Y174.497 E5.44883
G1 X15.57 Y171.98 E5.54951
G1 X15.856 Y171.98 E5.56095
G1 X15.856 Y174.226 E5.65079
G1 X16.141 Y173.954 E5.66655
G1 X16.141 Y171.98 E5.74551
G1 X16.402 Y171.98 E5.75595
G1 X16.402 Y169.194 E5.86739
G1 X16.427 Y173.683 E6.04695
G1 X16.712 Y173.411 E6.06271
G1 X16.712 Y169.194 E6.23139
G1 X16.998 Y169.194 E6.24283
G1 X16.998 Y173.139 E6.40063
G1 X17.284 Y172.868 E6.41639
G1 X17.284 Y169.194 E6.56335
G1 X17.569 Y169.194 E6.57475
G1 X17.569 Y172.596 E6.71083
G1 X17.855 Y172.325 E6.72659
G1 X17.855 Y169.194 E6.85183
G1 X18.141 Y169.194 E6.86327
G1 X18.141 Y172.053 E6.97763
G1 X18.426 Y171.782 E6.99336
G1 X18.426 Y169.194 E7.09688
G1 X18.712 Y169.194 E7.10832
G1 X18.712 Y171.51 E7.20096
G1 X18.997 Y171.238 E7.21672
G1 X18.997 Y169.194 E7.29848
G1 X19.187 Y169.194 E7.30608
G1 X19.187 Y166.409 E7.41748
G1 X19.283 Y166.409 E7.42132
G1 X19.283 Y170.967 E7.60364
G1 X19.569 Y170.695 E7.61943
G1 X19.569 Y166.409 E7.79087
G1 X19.854 Y166.409 E7.80227
G1 X19.854 Y170.424 E7.96287
G1 X20.14 Y170.152 E7.97866
G1 X20.14 Y166.409 E8.12838
G1 X20.425 Y166.409 E8.13978
G1 X20.425 Y169.88 E8.27862
G1 X20.711 Y169.609 E8.29438
G1 X20.711 Y166.409 E8.42238
G1 X20.997 Y166.409 E8.43382
G1 X20.997 Y169.337 E8.55094
G1 X21.282 Y169.066 E8.56667
G1 X21.282 Y166.409 E8.67295
G1 X21.568 Y166.409 E8.68439
G1 X21.568 Y168.794 E8.77979
G1 X21.854 Y168.523 E8.79555
G1 X21.854 Y166.409 E8.88011
G1 X21.973 Y166.409 E8.88487
G1 X21.973 Y163.623 E8.99631
G1 X22.139 Y163.623 E9.00295
G1 X22.139 Y168.251 E9.18807
G1 X22.425 Y167.979 E9.20386
G1 X22.425 Y163.623 E9.3781
G1 X22.71 Y163.623 E9.3895
G1 X22.71 Y167.708 E9.5529
G1 X22.996 Y167.436 E9.56869
G1 X22.996 Y163.623 E9.72121
G1 X23.282 Y163.623 E9.73265
G1 X23.282 Y167.165 E9.87433
G1 X23.567 Y166.893 E9.89009
G1 X23.567 Y163.623 E10.02089
G1 X23.853 Y163.623 E10.03233
G1 X23.853 Y166.621 E10.15225
G1 X24.139 Y166.35 E10.16801
G1 X24.139 Y163.623 E10.27709
G1 X24.424 Y163.623 E10.28849
G1 X24.424 Y166.078 E10.38669
G1 X24.71 Y165.807 E10.40245
G1 X24.759 Y160.838 E10.60122
G1 X24.995 Y160.838 E10.61066
G1 X24.995 Y165.535 E10.79854
G1 X25.281 Y165.264 E10.8143
G1 X25.281 Y160.838 E10.99134
G1 X25.567 Y160.838 E11.00278
G1 X25.567 Y164.992 E11.16894
G1 X25.852 Y164.72 E11.1847
G1 X25.852 Y160.838 E11.33998
G1 X26.138 Y160.838 E11.35142
G1 X26.138 Y164.449 E11.49586
G1 X26.423 Y164.177 E11.51162
G1 X26.423 Y160.838 E11.64518
G1 X26.709 Y160.838 E11.65662
G1 X26.709 Y163.906 E11.77934
G1 X26.995 Y163.634 E11.79513
G1 X26.995 Y160.838 E11.90697
G1 X27.28 Y160.838 E11.91837
G1 X27.28 Y163.363 E12.01937
G1 X27.566 Y163.091 E12.03516
G1 X27.566 Y158.052 E12.23672
G1 X27.852 Y158.052 E12.24816
G1 X27.852 Y162.819 E12.43884
G1 X28.137 Y162.548 E12.45457
G1 X28.137 Y158.052 E12.63441
G1 X28.423 Y158.052 E12.64585
G1 X28.423 Y162.276 E12.81481
G1 X28.708 Y162.005 E12.83054
G1 X28.708 Y158.052 E12.98866
G1 X28.994 Y158.052 E13.0001
G1 X28.994 Y161.733 E13.14734
G1 X29.28 Y161.461 E13.16313
G1 X29.28 Y158.052 E13.29949
G1 X29.565 Y158.052 E13.31089
G1 X29.565 Y161.19 E13.43641
G1 X29.851 Y160.918 E13.4522
G1 X29.851 Y158.052 E13.56684
G1 X30.137 Y158.052 E13.57828
G1 X30.137 Y160.647 E13.68208
G1 X30.422 Y160.375 E13.69784
G1 X30.422 Y155.266 E13.9022
G1 X30.708 Y155.266 E13.91364
G1 X30.708 Y160.104 E14.10716
G1 X30.993 Y159.832 E14.12292
G1 X30.993 Y155.266 E14.30556
G1 X31.279 Y155.266 E14.317
G1 X31.279 Y159.56 E14.48876
G1 X31.565 Y159.289 E14.50452
G1 X31.565 Y155.266 E14.66544
G1 X31.85 Y155.266 E14.67684
G1 X31.85 Y159.017 E14.82688
G1 X32.136 Y158.746 E14.84264
G1 X32.136 Y155.266 E14.98184
G1 X32.421 Y155.266 E14.99324
G1 X32.421 Y158.474 E15.12156
G1 X32.707 Y158.202 E15.13735
G1 X32.707 Y155.266 E15.25479
G1 X32.993 Y155.266 E15.26623
G1 X32.993 Y157.931 E15.37283
G1 X33.278 Y157.659 E15.38859
G1 X33.278 Y152.481 E15.59571
G1 X33.564 Y152.481 E15.60715
G1 X33.564 Y157.388 E15.80343
G1 X33.85 Y157.116 E15.81922
G1 X33.85 Y152.481 E16.00462
G1 X34.135 Y152.481 E16.01602
G1 X34.135 Y156.845 E16.19058
G1 X34.421 Y156.573 E16.20637
G1 X34.421 Y152.481 E16.37005
G1 X34.706 Y152.481 E16.38145
G1 X34.706 Y156.301 E16.53425
G1 X34.992 Y156.03 E16.55001
G1 X34.992 Y152.481 E16.69197
G1 X35.278 Y152.481 E16.70341
G1 X35.278 Y155.758 E16.83449
G1 X35.563 Y155.487 E16.85022
G1 X35.563 Y152.481 E16.97046
G1 X35.849 Y152.481 E16.9819
G1 X35.849 Y155.215 E17.09126
G1 X36.135 Y154.944 E17.10702
G1 X36.135 Y149.695 E17.31698
G1 X36.42 Y149.695 E17.32838
G1 X36.42 Y154.672 E17.52746
G1 X36.706 Y154.4 E17.54325
G1 X36.706 Y149.695 E17.73145
G1 X36.991 Y149.695 E17.74285
G1 X36.991 Y154.129 E17.92021
G1 X37.277 Y153.857 E17.936
G1 X37.277 Y149.695 E18.10248
G1 X37.563 Y149.695 E18.11392
G1 X37.563 Y153.586 E18.26956
G1 X37.848 Y153.314 E18.28532
G1 X37.848 Y149.695 E18.43008
G1 X38.134 Y149.695 E18.44152
G1 X38.134 Y153.042 E18.5754
G1 X38.419 Y152.771 E18.59113
G1 X38.419 Y149.695 E18.71417
G1 X38.705 Y149.695 E18.72561
G1 X38.705 Y152.499 E18.83777
G1 X38.991 Y152.228 E18.85353
G1 X38.991 Y149.695 E18.95485
G1 X39.276 Y149.695 E18.96625
G1 X39.276 Y151.956 E19.05669
G1 X39.562 Y151.685 E19.07245
G1 X39.562 Y149.695 E19.15205
G1 X39.848 Y149.695 E19.16349
G1 X39.848 Y151.413 E19.23221
G1 X40.133 Y151.141 E19.24797
G1 X40.133 Y149.695 E19.30581
G1 X40.419 Y149.695 E19.31725
G1 X40.419 Y150.87 E19.36425
G1 X40.704 Y150.598 E19.38001
G1 X40.704 Y149.695 E19.41613
G1 X40.99 Y149.695 E19.42757
G1 X40.99 Y150.327 E19.45285
G1 X41.276 Y150.055 E19.46864
G1 X41.276 Y149.695 E19.48304
G1 X41.472 Y149.695 E19.49088
G1 X41.472 Y146.91 E19.60228
G1 X41.561 Y146.91 E19.60584
G1 X41.561 Y149.783 E19.72076
G1 X41.847 Y149.512 E19.73652
G1 X41.847 Y146.91 E19.8406
G1 X42.133 Y146.91 E19.85204
G1 X42.133 Y149.24 E19.94524
G1 X42.418 Y148.969 E19.96097
G1 X42.418 Y146.91 E20.04333
G1 X42.704 Y146.91 E20.05477
G1 X42.704 Y148.697 E20.12625
G1 X42.989 Y148.426 E20.14198
G1 X42.989 Y146.91 E20.20262
G1 X43.275 Y146.91 E20.21406
G1 X43.275 Y148.154 E20.26382
G1 X43.561 Y147.882 E20.27961
G1 X43.561 Y146.91 E20.31849
G1 X43.846 Y146.91 E20.32989
G1 X43.846 Y147.611 E20.35793
G1 X44.132 Y147.339 E20.37372
G1 X44.132 Y146.91 E20.39088
G1 X44.258 Y146.91 E20.39592
G1 X44.258 Y144.124 E20.50736
G1 X44.417 Y144.124 E20.51372
G1 X44.417 Y147.068 E20.63148
G1 X44.703 Y146.796 E20.64727
G1 X44.703 Y144.124 E20.75415
G1 X44.989 Y144.124 E20.76559
G1 X44.989 Y146.525 E20.86163
G1 X45.274 Y146.253 E20.87739
G1 X45.274 Y144.124 E20.96255
G1 X45.56 Y144.124 E20.97399
G1 X45.56 Y145.981 E21.04827
G1 X45.846 Y145.71 E21.06403
G1 X45.846 Y144.124 E21.12747
G1 X46.131 Y144.124 E21.13887
G1 X46.131 Y145.438 E21.19143
G1 X46.417 Y145.167 E21.20719
G1 X46.417 Y144.124 E21.24891
G1 X46.702 Y144.124 E21.26031
G1 X46.702 Y144.895 E21.29115
G1 X46.988 Y144.623 E21.30694
G1 X47.044 Y141.338 E21.43836
G1 X47.274 Y141.338 E21.44756
G1 X47.274 Y144.352 E21.56812
G1 X47.559 Y144.08 E21.58388
G1 X47.559 Y141.338 E21.69356
G1 X47.845 Y141.338 E21.705
G1 X47.845 Y143.809 E21.80384
G1 X48.131 Y143.537 E21.81963
G1 X48.131 Y141.338 E21.90759
G1 X48.416 Y141.338 E21.91899
G1 X48.416 Y143.266 E21.99611
G1 X48.702 Y142.994 E22.0119
G1 X48.702 Y141.338 E22.07814
G1 X48.987 Y141.338 E22.08954
G1 X48.987 Y142.722 E22.1449
G1 X49.273 Y142.451 E22.16066
G1 X49.273 Y141.338 E22.20518
G1 X49.559 Y141.338 E22.21662
G1 X49.559 Y142.179 E22.25026
G1 X49.844 Y141.908 E22.26599
G1 X49.844 Y138.553 E22.40019
G1 X50.13 Y138.553 E22.41163
G1 X50.13 Y141.636 E22.53495
G1 X50.415 Y141.364 E22.55071
G1 X50.415 Y138.553 E22.66315
G1 X50.701 Y138.553 E22.67459
G1 X50.701 Y141.093 E22.77619
G1 X50.987 Y140.821 E22.79198
G1 X50.987 Y138.553 E22.8827
G1 X51.272 Y138.553 E22.8941
G1 X51.272 Y140.55 E22.97398
G1 X51.558 Y140.278 E22.98977
G1 X51.558 Y138.553 E23.05877
G1 X51.844 Y138.553 E23.07021
G1 X51.844 Y140.007 E23.12837
G1 X52.129 Y139.735 E23.14413
G1 X52.129 Y138.553 E23.19141
G1 X52.415 Y138.553 E23.20285
G1 X52.415 Y139.463 E23.23925
G1 X52.7 Y139.192 E23.25498
G1 X52.7 Y135.767 E23.39198
G1 X52.986 Y135.767 E23.40342
G1 X52.986 Y138.92 E23.52954
G1 X53.272 Y138.649 E23.5453
G1 X53.272 Y135.767 E23.66058
G1 X53.557 Y135.767 E23.67198
G1 X53.557 Y138.377 E23.77638
G1 X53.843 Y138.106 E23.79214
G1 X53.843 Y135.767 E23.8857
G1 X54.129 Y135.767 E23.89714
G1 X54.129 Y137.834 E23.97982
G1 X54.414 Y137.562 E23.99558
G1 X54.414 Y135.767 E24.06738
G1 X54.7 Y135.767 E24.07882
G1 X54.7 Y137.291 E24.13978
G1 X54.985 Y137.019 E24.15554
G1 X54.985 Y135.767 E24.20562
G1 X55.271 Y135.767 E24.21706
G1 X55.271 Y136.748 E24.2563
G1 X55.557 Y136.476 E24.27209
G1 X55.557 Y132.981 E24.41189
G1 X55.842 Y132.981 E24.42329
G1 X55.842 Y136.204 E24.55221
G1 X56.128 Y135.933 E24.56797
G1 X56.128 Y132.981 E24.68605
G1 X56.413 Y132.981 E24.69745
G1 X56.413 Y135.661 E24.80465
G1 X56.699 Y135.39 E24.82041
G1 X56.699 Y132.981 E24.91677
G1 X56.985 Y132.981 E24.92821
G1 X56.985 Y135.118 E25.01369
G1 X57.27 Y134.847 E25.02942
G1 X57.27 Y132.981 E25.10406
G1 X57.556 Y132.981 E25.1155
G1 X57.556 Y134.575 E25.17926
G1 X57.842 Y134.303 E25.19505
G1 X57.842 Y132.981 E25.24793
G1 X58.127 Y132.981 E25.25933
G1 X58.127 Y134.032 E25.30137
G1 X58.413 Y133.76 E25.31716
G1 X58.413 Y130.196 E25.45972
G1 X58.698 Y130.196 E25.47112
G1 X58.698 Y133.489 E25.60284
G1 X58.984 Y133.217 E25.61863
G1 X58.984 Y130.196 E25.73947
G1 X59.27 Y130.196 E25.75091
G1 X59.27 Y132.945 E25.86087
G1 X59.555 Y132.674 E25.8766
G1 X59.555 Y130.196 E25.97572
G1 X59.841 Y130.196 E25.98716
G1 X59.841 Y132.402 E26.0754
G1 X60.127 Y132.131 E26.09116
G1 X60.127 Y130.196 E26.16856
G1 X60.412 Y130.196 E26.17996
G1 X60.412 Y131.859 E26.24648
G1 X60.698 Y131.588 E26.26224
G1 X60.698 Y130.196 E26.31792
G1 X60.972 Y130.196 E26.32888
G1 X60.972 Y127.41 E26.44032
G1 X60.983 Y131.316 E26.59656
G1 X61.269 Y131.044 E26.61235
G1 X61.269 Y127.41 E26.75771
G1 X61.555 Y127.41 E26.76915
G1 X61.555 Y130.773 E26.90367
G1 X61.84 Y130.501 E26.91943
G1 X61.84 Y127.41 E27.04307
G1 X62.126 Y127.41 E27.05451
G1 X62.126 Y130.23 E27.16731
G1 X62.411 Y129.958 E27.18307
G1 X62.411 Y127.41 E27.28499
G1 X62.697 Y127.41 E27.29643
G1 X62.697 Y129.687 E27.38751
G1 X62.983 Y129.415 E27.4033
G1 X62.983 Y127.41 E27.4835
G1 X63.268 Y127.41 E27.4949
G1 X63.268 Y129.143 E27.56422
G1 X63.554 Y128.872 E27.57998
G1 X63.554 Y127.41 E27.63846
G1 X63.757 Y127.41 E27.64658
G1 X63.757 Y124.625 E27.75798
G1 X63.84 Y124.625 E27.7613
G1 X63.84 Y128.6 E27.9203
G1 X64.125 Y128.329 E27.93603
G1 X64.125 Y124.625 E28.08419
G1 X64.411 Y124.625 E28.09563
G1 X64.411 Y128.057 E28.23291
G1 X64.696 Y127.785 E28.24867
G1 X64.696 Y124.625 E28.37507
G1 X64.982 Y124.625 E28.38651
G1 X64.982 Y127.514 E28.50207
G1 X65.268 Y127.242 E28.51786
G1 X65.268 Y124.625 E28.62254
G1 X65.553 Y124.625 E28.63394
G1 X65.553 Y126.971 E28.72778
G1 X65.839 Y126.699 E28.74357
G1 X65.839 Y124.625 E28.82653
G1 X66.125 Y124.625 E28.83797
G1 X66.125 Y126.428 E28.91009
G1 X66.41 Y126.156 E28.92585
G1 X66.41 Y124.625 E28.98709
G1 X66.543 Y124.625 E28.99241
G1 X66.543 Y121.839 E29.10385
G1 X66.696 Y121.839 E29.10997
G1 X66.696 Y125.884 E29.27177
G1 X66.981 Y125.613 E29.2875
G1 X66.981 Y121.839 E29.43846
G1 X67.267 Y121.839 E29.4499
G1 X67.267 Y125.341 E29.58998
G1 X67.553 Y125.07 E29.60574
G1 X67.553 Y121.839 E29.73498
G1 X67.838 Y121.839 E29.74638
G1 X67.838 Y124.798 E29.86474
G1 X68.124 Y124.526 E29.88053
G1 X68.124 Y121.839 E29.98801
G1 X68.409 Y121.839 E29.99941
G1 X68.409 Y124.255 E30.09605
G1 X68.695 Y123.983 E30.11184
G1 X68.695 Y121.839 E30.1976
G1 X68.981 Y121.839 E30.20904
G1 X68.981 Y123.712 E30.28396
G1 X69.266 Y123.44 E30.29972
G1 X69.329 Y119.053 E30.47522
G1 X69.552 Y119.053 E30.48414
G1 X69.552 Y123.169 E30.64878
G1 X69.838 Y122.897 E30.66457
G1 X69.838 Y119.053 E30.81833
G1 X70.123 Y119.053 E30.82973
G1 X70.123 Y122.625 E30.97261
G1 X70.409 Y122.354 E30.98837
G1 X70.409 Y119.053 E31.12041
G1 X70.694 Y119.053 E31.13181
G1 X70.694 Y122.082 E31.25297
G1 X70.98 Y121.811 E31.26873
G1 X70.98 Y119.053 E31.37905
G1 X71.266 Y119.053 E31.39049
G1 X71.266 Y121.539 E31.48993
G1 X71.551 Y121.267 E31.50569
G1 X71.551 Y119.053 E31.59425
G1 X71.837 Y119.053 E31.60569
G1 X71.837 Y120.996 E31.68341
G1 X72.123 Y120.724 E31.6992
G1 X72.123 Y116.268 E31.87744
G1 X72.408 Y116.268 E31.88884
G1 X72.408 Y120.453 E32.05624
G1 X72.694 Y120.181 E32.07203
G1 X72.694 Y116.268 E32.22855
G1 X72.979 Y116.268 E32.23995
G1 X72.979 Y119.91 E32.38563
G1 X73.265 Y119.638 E32.40142
G1 X73.265 Y116.268 E32.53622
G1 X73.551 Y116.268 E32.54766
G1 X73.551 Y119.366 E32.67158
G1 X73.836 Y119.095 E32.68731
G1 X73.836 Y116.268 E32.80039
G1 X74.122 Y116.268 E32.81183
G1 X74.122 Y118.823 E32.91403
G1 X74.407 Y118.552 E32.92976
G1 X74.407 Y116.268 E33.02112
G1 X74.693 Y116.268 E33.03256
G1 X74.693 Y118.28 E33.11304
G1 X74.979 Y118.009 E33.1288
G1 X74.979 Y113.482 E33.30988
G1 X75.264 Y113.482 E33.32128
G1 X75.264 Y117.737 E33.49148
G1 X75.55 Y117.465 E33.50727
G1 X75.55 Y113.482 E33.66659
G1 X75.836 Y113.482 E33.67803
G1 X75.836 Y117.194 E33.82651
G1 X76.121 Y116.922 E33.84227
G1 X76.121 Y113.482 E33.97987
G1 X76.407 Y113.482 E33.99131
G1 X76.407 Y116.651 E34.11807
G1 X76.692 Y116.379 E34.13383
G1 X76.692 Y113.482 E34.24971
G1 X76.978 Y113.482 E34.26115
G1 X76.978 Y116.107 E34.36615
G1 X77.264 Y115.836 E34.38191
G1 X77.264 Y113.482 E34.47607
G1 X77.549 Y113.482 E34.48747
G1 X77.549 Y115.564 E34.57075
G1 X77.835 Y115.293 E34.58651
G1 X77.835 Y110.696 E34.77039
G1 X78.121 Y110.696 E34.78183
G1 X78.121 Y115.021 E34.95483
G1 X78.406 Y114.75 E34.97056
G1 X78.406 Y110.696 E35.13272
G1 X78.692 Y110.696 E35.14416
G1 X78.692 Y114.478 E35.29544
G1 X78.977 Y114.206 E35.3112
G1 X78.977 Y110.696 E35.4516
G1 X79.263 Y110.696 E35.46304
G1 X79.263 Y113.935 E35.5926
G1 X79.549 Y113.663 E35.60839
G1 X79.549 Y110.696 E35.72707
G1 X79.834 Y110.696 E35.73847
G1 X79.834 Y113.392 E35.84631
G1 X80.12 Y113.12 E35.8621
G1 X80.12 Y110.696 E35.95906
G1 X80.405 Y110.696 E35.97046
G1 X80.405 Y112.848 E36.05654
G1 X80.691 Y112.577 E36.0723
G1 X80.691 Y107.911 E36.25894
G1 X80.977 Y107.911 E36.27038
G1 X80.977 Y112.305 E36.44614
G1 X81.262 Y112.034 E36.46187
G1 X81.262 Y107.911 E36.62679
G1 X81.548 Y107.911 E36.63823
G1 X81.548 Y111.762 E36.79227
G1 X81.834 Y111.491 E36.80803
G1 X81.834 Y107.911 E36.95123
G1 X82.119 Y107.911 E36.96263
G1 X82.119 Y111.219 E37.09495
G1 X82.405 Y110.947 E37.11074
G1 X82.405 Y107.911 E37.23218
G1 X82.69 Y107.911 E37.24358
G1 X82.69 Y110.676 E37.35418
G1 X82.976 Y110.404 E37.36997
G1 X82.976 Y107.911 E37.46969
G1 X83.257 Y107.911 E37.48093
G1 X83.257 Y105.125 E37.59237
G1 X83.262 Y110.133 E37.79269
G1 X83.547 Y109.861 E37.80845
G1 X83.547 Y105.125 E37.99789
G1 X83.833 Y105.125 E38.00933
G1 X83.833 Y109.59 E38.18793
G1 X84.119 Y109.318 E38.20372
G1 X84.119 Y105.125 E38.37144
G1 X84.404 Y105.125 E38.38284
G1 X84.404 Y109.046 E38.53968
G1 X84.69 Y108.775 E38.55544
G1 X84.69 Y105.125 E38.70144
G1 X84.975 Y105.125 E38.71284
G1 X84.975 Y108.503 E38.84796
G1 X85.261 Y108.232 E38.86372
G1 X85.261 Y105.125 E38.988
G1 X85.547 Y105.125 E38.99944
G1 X85.547 Y107.96 E39.11284
G1 X85.832 Y107.688 E39.1286
G1 X85.832 Y105.125 E39.23112
G1 X86.042 Y105.125 E39.23952
G1 X86.042 Y102.34 E39.35092
G1 X86.118 Y102.34 E39.35396
G1 X86.118 Y107.417 E39.55704
G1 X86.403 Y107.145 E39.5728
G1 X86.403 Y102.34 E39.765
G1 X86.689 Y102.34 E39.77644
G1 X86.689 Y106.874 E39.9578
G1 X86.975 Y106.602 E39.97359
G1 X86.975 Y102.34 E40.14407
G1 X87.26 Y102.34 E40.15547
G1 X87.26 Y106.331 E40.31511
G1 X87.546 Y106.059 E40.3309
G1 X87.546 Y102.34 E40.47966
G1 X87.832 Y102.34 E40.4911
G1 X87.832 Y105.787 E40.62898
G1 X88.117 Y105.516 E40.64471
G1 X88.117 Y102.34 E40.77175
G1 X88.403 Y102.34 E40.78319
G1 X88.403 Y105.244 E40.89935
G1 X88.688 Y104.973 E40.91508
G1 X88.688 Y102.34 E41.0204
G1 X88.828 Y102.34 E41.026
G1 X88.828 Y99.554 E41.13744
G1 X88.974 Y99.554 E41.14328
G1 X88.974 Y104.701 E41.34916
G1 X89.26 Y104.429 E41.36495
G1 X89.26 Y99.554 E41.55995
G1 X89.545 Y99.554 E41.57135
G1 X89.545 Y104.158 E41.75551
G1 X89.831 Y103.886 E41.7713
G1 X89.831 Y99.554 E41.94458
G1 X90.117 Y99.554 E41.95602
G1 X90.116 Y103.615 E42.11846
G1 X90.402 Y103.343 E42.13425
G1 X90.402 Y99.554 E42.28581
G1 X90.688 Y99.554 E42.29725
G1 X90.688 Y103.072 E42.43797
G1 X90.973 Y102.8 E42.45373
G1 X90.973 Y99.554 E42.58357
G1 X91.259 Y99.554 E42.59501
G1 X91.259 Y102.528 E42.71397
G1 X91.545 Y102.257 E42.72973
G1 X91.614 Y96.768 E42.94931
G1 X91.83 Y96.768 E42.95795
G1 X91.83 Y101.985 E43.16663
G1 X92.116 Y101.714 E43.18239
G1 X92.116 Y96.768 E43.38023
G1 X92.401 Y96.768 E43.39163
G1 X92.401 Y101.442 E43.57859
G1 X92.687 Y101.171 E43.59435
G1 X92.687 Y96.768 E43.77047
G1 X92.973 Y96.768 E43.78191
G1 X92.973 Y100.899 E43.94715
G1 X93.258 Y100.627 E43.96291
G1 X93.258 Y96.768 E44.11727
G1 X93.544 Y96.768 E44.12871
G1 X93.544 Y100.356 E44.27223
G1 X93.83 Y100.084 E44.28802
G1 X93.83 Y96.768 E44.42066
G1 X94.115 Y96.768 E44.43206
G1 X94.115 Y99.813 E44.55386
G1 X94.401 Y99.541 E44.56965
G1 X94.401 Y96.768 E44.68057
G1 X94.686 Y96.768 E44.69197
G1 X94.686 Y99.269 E44.79201
G1 X94.972 Y98.998 E44.80777
G1 X94.972 Y96.768 E44.89697
G1 X95.258 Y96.768 E44.90841
G1 X95.258 Y98.726 E44.98673
G1 X95.543 Y98.455 E45.00246
G1 X95.543 Y96.768 E45.06994
G1 X95.829 Y96.768 E45.08138
G1 X95.829 Y98.183 E45.13798
G1 X96.114 Y97.912 E45.15371
G1 X96.114 Y96.768 E45.19947
G1 X96.4 Y96.768 E45.21091
G1 X96.4 Y97.64 E45.24579
G1 X96.686 Y97.368 E45.26158
G1 X96.686 Y96.768 E45.28558
G1 X96.971 Y96.768 E45.29698
G1 X96.971 Y97.097 E45.31014
G1 X97.257 Y96.825 E45.32593
G1 X97.257 Y93.983 E45.43961
G1 X97.543 Y93.983 E45.45105
G1 X97.543 Y96.554 E45.55389
G1 X97.828 Y96.282 E45.56965
G1 X97.828 Y93.983 E45.66161
G1 X98.114 Y93.983 E45.67305
G1 X98.114 Y96.01 E45.75413
G1 X98.399 Y95.739 E45.76986
G1 X98.399 Y93.983 E45.8401
G1 X98.685 Y93.983 E45.85154
G1 X98.685 Y95.467 E45.9109
G1 X98.971 Y95.196 E45.92666
G1 X98.971 Y93.983 E45.97518
G1 X99.256 Y93.983 E45.98658
G1 X99.256 Y94.924 E46.02422
G1 X99.542 Y94.653 E46.03998
G1 X99.542 Y93.983 E46.06678
G1 X99.828 Y93.983 E46.07822
G1 X99.828 Y94.381 E46.09414
G1 X100.113 Y94.109 E46.1099
G1 X100.113 Y91.197 E46.22638
G1 X100.399 Y91.197 E46.23782
G1 X100.399 Y93.838 E46.34346
G1 X100.684 Y93.566 E46.35922
G1 X100.684 Y91.197 E46.45398
G1 X100.97 Y91.197 E46.46542
G1 X100.97 Y93.295 E46.54934
G1 X101.256 Y93.023 E46.56513
G1 X101.256 Y91.197 E46.63817
G1 X101.541 Y91.197 E46.64957
G1 X101.541 Y92.752 E46.71177
G1 X101.827 Y92.48 E46.72756
G1 X101.827 Y91.197 E46.77888
G1 X102.112 Y91.197 E46.79028
G1 X102.112 Y92.208 E46.83072
G1 X102.398 Y91.937 E46.84648
G1 X102.398 Y91.197 E46.87608
G1 X102.684 Y91.197 E46.88752
G1 X102.684 Y91.665 E46.90624
G1 X102.969 Y91.394 E46.92197
G1 X102.969 Y88.411 E47.04129
G1 X103.255 Y88.411 E47.05273
G1 X103.255 Y91.122 E47.16117
G1 X103.541 Y90.85 E47.17696
G1 X103.541 Y88.411 E47.27452
G1 X103.826 Y88.411 E47.28592
G1 X103.826 Y90.579 E47.37264
G1 X104.112 Y90.307 E47.38843
G1 X104.112 Y88.411 E47.46427
G1 X104.397 Y88.411 E47.47567
G1 X104.397 Y90.036 E47.54067
G1 X104.683 Y89.764 E47.55646
G1 X104.683 Y88.411 E47.61058
G1 X104.969 Y88.411 E47.62202
G1 X104.969 Y89.493 E47.6653
G1 X105.254 Y89.221 E47.68106
G1 X105.254 Y88.411 E47.71346
G1 X105.54 Y88.411 E47.7249
G1 X105.54 Y88.949 E47.74642
G1 X105.826 Y88.678 E47.76218
G1 X105.826 Y85.626 E47.88426
G1 X106.111 Y85.626 E47.89566
G1 X106.111 Y88.406 E48.00686
G1 X106.397 Y88.135 E48.02262
G1 X106.397 Y85.626 E48.12298
G1 X106.682 Y85.626 E48.13438
G1 X106.682 Y87.863 E48.22386
G1 X106.968 Y87.591 E48.23965
G1 X106.968 Y85.626 E48.31825
G1 X107.254 Y85.626 E48.32969
G1 X107.254 Y87.32 E48.39745
G1 X107.539 Y87.048 E48.41321
G1 X107.539 Y85.626 E48.47009
G1 X107.825 Y85.626 E48.48153
G1 X107.825 Y86.777 E48.52757
G1 X108.11 Y86.505 E48.54333
G1 X108.11 Y85.626 E48.57849
G1 X108.327 Y85.626 E48.58717
G1 X108.327 Y82.84 E48.69861
G1 X108.396 Y82.84 E48.70137
G1 X108.396 Y86.234 E48.83713
G1 X108.682 Y85.962 E48.85292
G1 X108.682 Y82.84 E48.9778
G1 X108.967 Y82.84 E48.9892
G1 X108.967 Y85.69 E49.1032
G1 X109.253 Y85.419 E49.11896
G1 X109.253 Y82.84 E49.22212
G1 X109.539 Y82.84 E49.23356
G1 X109.539 Y85.147 E49.32584
G1 X109.824 Y84.876 E49.34157
G1 X109.824 Y82.84 E49.42301
G1 X110.11 Y82.84 E49.43445
G1 X110.11 Y84.604 E49.50501
G1 X110.395 Y84.333 E49.52074
G1 X110.395 Y82.84 E49.58046
G1 X110.681 Y82.84 E49.5919
G1 X110.681 Y84.061 E49.64074
G1 X110.967 Y83.789 E49.65653
G1 X110.967 Y82.84 E49.69449
G1 X111.113 Y82.84 E49.70033
G1 X111.113 Y80.055 E49.81173
G1 X111.252 Y80.055 E49.81729
G1 X111.252 Y83.518 E49.95581
G1 X111.538 Y83.246 E49.9716
G1 X111.538 Y80.055 E50.09924
G1 X111.824 Y80.055 E50.11068
G1 X111.824 Y82.975 E50.22748
G1 X112.109 Y82.703 E50.24324
G1 X112.109 Y80.055 E50.34916
G1 X112.395 Y80.055 E50.3606
G1 X112.395 Y82.431 E50.45564
G1 X112.68 Y82.16 E50.47137
G1 X112.68 Y80.055 E50.55557
G1 X112.966 Y80.055 E50.56701
G1 X112.966 Y81.888 E50.64033
G1 X113.252 Y81.617 E50.65609
G1 X113.252 Y80.055 E50.71857
G1 X113.537 Y80.055 E50.72997
G1 X113.537 Y81.345 E50.78157
G1 X113.823 Y81.074 E50.79733
G1 X113.823 Y80.055 E50.83809
G1 X113.899 Y80.055 E50.84113
G1 X113.899 Y77.269 E50.95257
G1 X114.108 Y77.269 E50.96093
G1 X114.108 Y80.802 E51.10225
G1 X114.394 Y80.53 E51.11804
G1 X114.394 Y77.269 E51.24848
G1 X114.68 Y77.269 E51.25992
G1 X114.68 Y80.259 E51.37952
G1 X114.965 Y79.987 E51.39528
G1 X114.965 Y77.269 E51.504
G1 X115.251 Y77.269 E51.51544
G1 X115.251 Y79.716 E51.61332
G1 X115.537 Y79.444 E51.62911
G1 X115.537 Y77.269 E51.71611
G1 X115.822 Y77.269 E51.72751
G1 X115.822 Y79.172 E51.80363
G1 X116.108 Y78.901 E51.81939
G1 X116.108 Y77.269 E51.88467
G1 X116.393 Y77.269 E51.89607
G1 X116.393 Y78.629 E51.95047
G1 X116.679 Y78.358 E51.96623
G1 X116.684 Y74.483 E52.12123
G1 X116.965 Y74.483 E52.13247
G1 X116.965 Y78.086 E52.27659
G1 X117.25 Y77.815 E52.29232
G1 X117.25 Y74.483 E52.4256
G1 X117.536 Y74.483 E52.43704
G1 X117.536 Y77.543 E52.55944
G1 X117.822 Y77.271 E52.57523
G1 X117.822 Y74.483 E52.68675
G1 X118.107 Y74.483 E52.69815
G1 X118.107 Y77 E52.79883
G1 X118.393 Y76.728 E52.81462
G1 X118.393 Y74.483 E52.90442
G1 X118.678 Y74.483 E52.91582
G1 X118.678 Y76.457 E52.99478
G1 X118.964 Y76.185 E53.01057
G1 X118.964 Y74.483 E53.07865
G1 X119.25 Y74.483 E53.09009
G1 X119.25 Y75.914 E53.14733
G1 X119.535 Y75.642 E53.16309
G1 X119.535 Y71.698 E53.32085
G1 X119.821 Y71.698 E53.33229
G1 X119.821 Y75.37 E53.47917
G1 X120.106 Y75.099 E53.4949
G1 X120.106 Y71.698 E53.63094
G1 X120.392 Y71.698 E53.64238
G1 X120.392 Y74.827 E53.76754
G1 X120.678 Y74.556 E53.7833
G1 X120.678 Y71.698 E53.89762
G1 X120.963 Y71.698 E53.90902
G1 X120.963 Y74.284 E54.01246
G1 X121.249 Y74.012 E54.02825
G1 X121.249 Y71.698 E54.12081
G1 X121.535 Y71.698 E54.13225
G1 X121.535 Y73.741 E54.21397
G1 X121.82 Y73.469 E54.22973
G1 X121.82 Y71.698 E54.30057
G1 X122.106 Y71.698 E54.31201
G1 X122.106 Y73.198 E54.37201
G1 X122.391 Y72.926 E54.38777
G1 X122.391 Y68.912 E54.54833
G1 X122.677 Y68.912 E54.55977
G1 X122.677 Y72.655 E54.70949
G1 X122.963 Y72.383 E54.72528
G1 X122.963 Y68.912 E54.86412
G1 X123.248 Y68.912 E54.87552
G1 X123.248 Y72.111 E55.00348
G1 X123.534 Y71.84 E55.01924
G1 X123.534 Y68.912 E55.13636
G1 X123.82 Y68.912 E55.1478
G1 X123.82 Y71.568 E55.25404
G1 X124.105 Y71.297 E55.26977
G1 X124.105 Y68.912 E55.36517
G1 X124.391 Y68.912 E55.37661
G1 X124.391 Y71.025 E55.46113
G1 X124.676 Y70.753 E55.47689
G1 X124.676 Y68.912 E55.55053
G1 X124.962 Y68.912 E55.56197
G1 X124.962 Y70.482 E55.62477
G1 X125.248 Y70.21 E55.64056
G1 X125.248 Y66.127 E55.80388
G1 X125.533 Y66.127 E55.81528
G1 X125.533 Y69.939 E55.96776
G1 X125.819 Y69.667 E55.98355
G1 X125.819 Y66.127 E56.12515
G1 X126.104 Y66.127 E56.13655
G1 X126.104 Y69.396 E56.26731
G1 X126.39 Y69.124 E56.2831
G1 X126.39 Y66.127 E56.40298
G1 X126.676 Y66.127 E56.41442
G1 X126.676 Y68.852 E56.52342
G1 X126.961 Y68.581 E56.53915
G1 X126.961 Y66.127 E56.63731
G1 X127.247 Y66.127 E56.64875
G1 X127.247 Y68.309 E56.73603
G1 X127.533 Y68.038 E56.75179
G1 X127.533 Y66.127 E56.82823
G1 X127.818 Y66.127 E56.83963
G1 X127.818 Y67.766 E56.90519
G1 X128.104 Y67.495 E56.92095
G1 X128.104 Y63.341 E57.08711
G1 X128.389 Y63.341 E57.09851
G1 X128.389 Y67.223 E57.25379
G1 X128.675 Y66.951 E57.26958
G1 X128.675 Y63.341 E57.41398
G1 X128.961 Y63.341 E57.42542
G1 X128.961 Y66.68 E57.55898
G1 X129.246 Y66.408 E57.57474
G1 X129.246 Y63.341 E57.69742
G1 X129.532 Y63.341 E57.70886
G1 X129.532 Y66.137 E57.8207
G1 X129.818 Y65.865 E57.83649
G1 X129.818 Y63.341 E57.93745
G1 X130.103 Y63.341 E57.94885
G1 X130.103 Y65.593 E58.03893
G1 X130.389 Y65.322 E58.05469
G1 X130.389 Y63.341 E58.13393
G1 X130.612 Y63.341 E58.14285
G1 X130.612 Y60.555 E58.25429
G1 X130.674 Y60.555 E58.25677
G1 X130.674 Y65.05 E58.43657
G1 X130.96 Y64.779 E58.45233
G1 X130.96 Y60.555 E58.62129
G1 X131.246 Y60.555 E58.63273
G1 X131.246 Y64.507 E58.79081
G1 X131.531 Y64.236 E58.80654
G1 X131.531 Y60.555 E58.95378
G1 X131.817 Y60.555 E58.96522
G1 X131.817 Y63.964 E59.10158
G1 X132.102 Y63.692 E59.11734
G1 X132.102 Y60.555 E59.24282
G1 X132.388 Y60.555 E59.25426
G1 X132.388 Y63.421 E59.3689
G1 X132.674 Y63.149 E59.38469
G1 X132.674 Y60.555 E59.48845
G1 X132.959 Y60.555 E59.49985
G1 X132.959 Y62.878 E59.59277
G1 X133.245 Y62.606 E59.60856
G1 X133.245 Y60.555 E59.6906
G1 X133.398 Y60.555 E59.69672
G1 X133.398 Y57.77 E59.80812
G1 X133.531 Y57.77 E59.81344
G1 X133.531 Y62.334 E59.996
G1 X133.816 Y62.063 E60.01173
G1 X133.816 Y57.77 E60.18345
G1 X134.102 Y57.77 E60.19489
G1 X134.102 Y61.791 E60.35573
G1 X134.387 Y61.52 E60.37146
G1 X134.387 Y57.77 E60.52146
G1 X134.673 Y57.77 E60.5329
G1 X134.673 Y61.248 E60.67202
G1 X134.959 Y60.977 E60.68778
G1 X134.959 Y57.77 E60.81606
G1 X135.244 Y57.77 E60.82746
G1 X135.244 Y60.705 E60.94486
G1 X135.53 Y60.433 E60.96065
G1 X135.53 Y57.77 E61.06717
G1 X135.816 Y57.77 E61.07861
G1 X135.816 Y60.162 E61.17429
G1 X136.101 Y59.89 E61.19005
G1 X136.183 Y54.984 E61.38632
G1 X136.387 Y54.984 E61.39448
G1 X136.387 Y59.619 E61.57988
G1 X136.672 Y59.347 E61.59564
G1 X136.672 Y54.984 E61.77016
G1 X136.958 Y54.984 E61.7816
G1 X136.958 Y59.076 E61.94528
G1 X137.244 Y58.804 E61.96107
G1 X137.244 Y54.984 E62.11387
G1 X137.529 Y54.984 E62.12527
G1 X137.529 Y58.532 E62.26719
G1 X137.815 Y58.261 E62.28295
G1 X137.815 Y54.984 E62.41403
G1 X138.1 Y54.984 E62.42543
G1 X138.1 Y57.989 E62.54563
G1 X138.386 Y57.718 E62.56139
G1 X138.386 Y54.984 E62.67075
G1 X138.672 Y54.984 E62.68219
G1 X138.672 Y57.446 E62.78067
G1 X138.957 Y57.174 E62.79643
G1 X138.969 Y52.198 E62.99547
G1 X139.243 Y52.198 E63.00643
G1 X139.243 Y56.903 E63.19463
G1 X139.529 Y56.631 E63.21042
G1 X139.529 Y52.198 E63.38774
G1 X139.814 Y52.198 E63.39914
G1 X139.814 Y56.36 E63.56562
G1 X140.1 Y56.088 E63.58141
G1 X140.1 Y52.198 E63.73701
G1 X140.385 Y52.198 E63.74841
G1 X140.385 Y55.817 E63.89317
G1 X140.671 Y55.545 E63.90896
G1 X140.671 Y52.198 E64.04284
G1 X140.957 Y52.198 E64.05428
G1 X140.957 Y55.273 E64.17728
G1 X141.242 Y55.002 E64.19301
G1 X141.242 Y52.198 E64.30517
G1 X141.528 Y52.198 E64.31661
G1 X141.528 Y54.73 E64.41789
G1 X141.814 Y54.459 E64.43365
G1 X141.814 Y49.413 E64.63549
G1 X142.099 Y49.413 E64.64689
G1 X142.099 Y54.187 E64.83785
G1 X142.385 Y53.915 E64.85364
G1 X142.385 Y49.413 E65.03372
G1 X142.67 Y49.413 E65.04512
G1 X142.67 Y53.644 E65.21436
G1 X142.956 Y53.372 E65.23015
G1 X142.956 Y49.413 E65.38851
G1 X143.242 Y49.413 E65.39995
G1 X143.242 Y53.101 E65.54747
G1 X143.527 Y52.829 E65.56323
G1 X143.527 Y49.413 E65.69987
G1 X143.813 Y49.413 E65.71131
G1 X143.813 Y52.558 E65.83711
G1 X144.098 Y52.286 E65.85287
G1 X144.098 Y49.413 E65.96779
G1 X144.384 Y49.413 E65.97923
G1 X144.384 Y52.014 E66.08327
G1 X144.67 Y51.743 E66.09903
G1 X144.67 Y46.627 E66.30367
G1 X144.955 Y46.627 E66.31507
G1 X144.955 Y51.471 E66.50883
G1 X145.241 Y51.2 E66.52459
G1 X145.241 Y46.627 E66.70751
G1 X145.527 Y46.627 E66.71895
G1 X145.527 Y50.928 E66.89099
G1 X145.812 Y50.657 E66.90672
G1 X145.812 Y46.627 E67.06792
G1 X146.098 Y46.627 E67.07936
G1 X146.098 Y50.385 E67.22968
G1 X146.383 Y50.113 E67.24544
G1 X146.383 Y46.627 E67.38488
G1 X146.669 Y46.627 E67.39632
G1 X146.669 Y49.842 E67.52492
G1 X146.955 Y49.57 E67.54071
G1 X146.955 Y46.627 E67.65843
G1 X147.24 Y46.627 E67.66983
G1 X147.24 Y49.299 E67.77671
G1 X147.526 Y49.027 E67.7925
G1 X147.526 Y43.842 E67.9999
G1 X147.812 Y43.842 E68.01134
G1 X147.812 Y48.755 E68.20786
G1 X148.097 Y48.484 E68.22359
G1 X148.097 Y43.842 E68.40927
G1 X148.383 Y43.842 E68.42071
G1 X148.383 Y48.212 E68.59551
G1 X148.668 Y47.941 E68.61124
G1 X148.668 Y43.842 E68.7752
G1 X148.954 Y43.842 E68.78664
G1 X148.954 Y47.669 E68.93972
G1 X149.24 Y47.398 E68.95548
G1 X149.24 Y43.842 E69.09772
G1 X149.525 Y43.842 E69.10912
G1 X149.525 Y47.126 E69.24048
G1 X149.811 Y46.854 E69.25627
G1 X149.811 Y43.842 E69.37675
G1 X150.096 Y43.842 E69.38815
G1 X150.096 Y46.583 E69.49779
G1 X150.382 Y46.311 E69.51358
G1 X150.382 Y43.842 E69.61234
G1 X150.668 Y43.842 E69.62378
G1 X150.668 Y46.04 E69.7117
G1 X150.953 Y45.768 E69.72746
G1 X150.953 Y43.842 E69.8045
G1 X151.239 Y43.842 E69.81594
G1 X151.239 Y45.496 E69.8821
G1 X151.525 Y45.225 E69.89786
G1 X151.525 Y43.842 E69.95318
G1 X151.81 Y43.842 E69.96458
G1 X151.81 Y44.953 E70.00902
G1 X152.096 Y44.682 E70.02478
G1 X152.096 Y43.842 E70.05838
G1 X152.381 Y43.842 E70.06978
G1 X152.381 Y44.41 E70.0925
G1 X152.667 Y44.139 E70.10826
G1 X152.667 Y43.842 E70.12014
G1 X152.897 Y43.842 E70.12934
G1 X152.897 Y41.056 E70.24078
G1 X152.953 Y41.056 E70.24302
G1 X152.953 Y43.867 E70.35546
G1 X153.238 Y43.595 E70.37122
G1 X153.238 Y41.056 E70.47278
G1 X153.524 Y41.056 E70.48422
G1 X153.524 Y43.324 E70.57494
G1 X153.81 Y43.052 E70.59073
G1 X153.81 Y41.056 E70.67057
G1 X154.095 Y41.056 E70.68197
G1 X154.095 Y42.781 E70.75097
G1 X154.381 Y42.509 E70.76676
G1 X154.381 Y41.056 E70.82488
G1 X154.666 Y41.056 E70.83628
G1 X154.666 Y42.238 E70.88356
G1 X154.952 Y41.966 E70.89935
G1 X154.952 Y41.056 E70.93575
G1 X155.238 Y41.056 E70.94719
G1 X155.238 Y41.694 E70.97271
G1 X155.523 Y41.423 E70.98844
G1 X155.523 Y41.056 E71.00312
G1 X155.683 Y41.056 E71.00952
G1 X155.683 Y38.27 E71.12096
G1 X155.809 Y38.27 E71.126
G1 X155.809 Y41.151 E71.24124
G1 X156.094 Y40.88 E71.25697
G1 X156.094 Y38.27 E71.36137
G1 X156.38 Y38.27 E71.37281
G1 X156.38 Y40.608 E71.46633
G1 X156.666 Y40.336 E71.48212
G1 X156.666 Y38.27 E71.56476
G1 X156.951 Y38.27 E71.57616
G1 X156.951 Y40.065 E71.64796
G1 X157.237 Y39.793 E71.66375
G1 X157.237 Y38.27 E71.72467
G1 X157.523 Y38.27 E71.73611
G1 X157.523 Y39.522 E71.78619
G1 X157.808 Y39.25 E71.80195
G1 X157.808 Y38.27 E71.84115
G1 X158.094 Y38.27 E71.85259
G1 X158.094 Y38.979 E71.88095
G1 X158.379 Y38.707 E71.89671
G1 X158.379 Y38.27 E71.91419
G1 X158.468 Y38.27 E71.91775
G1 X158.468 Y35.485 E72.02915
G1 X158.665 Y35.485 E72.03703
G1 X158.665 Y38.435 E72.15503
G1 X158.951 Y38.164 E72.17079
G1 X158.951 Y35.485 E72.27795
G1 X159.236 Y35.485 E72.28935
G1 X159.236 Y37.892 E72.38563
G1 X159.522 Y37.621 E72.40139
G1 X159.522 Y35.485 E72.48683
G1 X159.808 Y35.485 E72.49827
G1 X159.808 Y37.349 E72.57283
G1 X160.093 Y37.077 E72.58859
G1 X160.093 Y35.485 E72.65227
G1 X160.379 Y35.485 E72.66371
G1 X160.379 Y36.806 E72.71655
G1 X160.664 Y36.534 E72.73231
G1 X160.664 Y35.485 E72.77427
G1 X160.95 Y35.485 E72.78571
G1 X160.95 Y36.263 E72.81683
G1 X161.236 Y35.991 E72.83262
G1 X161.254 Y32.699 E72.9643
G1 X161.521 Y32.699 E72.97498
G1 X161.521 Y35.72 E73.09582
G1 X161.807 Y35.448 E73.11161
G1 X161.807 Y32.699 E73.22157
G1 X162.092 Y32.699 E73.23297
G1 X162.092 Y35.176 E73.33205
G1 X162.378 Y34.905 E73.34781
G1 X162.378 Y32.699 E73.43605
G1 X162.664 Y32.699 E73.44749
G1 X162.664 Y34.633 E73.52485
G1 X162.949 Y34.362 E73.54058
G1 X162.949 Y32.699 E73.6071
G1 X163.235 Y32.699 E73.61854
G1 X163.235 Y34.09 E73.67418
G1 X163.521 Y33.819 E73.68994
G1 X163.521 Y32.699 E73.73474
G1 X163.806 Y32.699 E73.74614
G1 X163.806 Y33.547 E73.78006
G1 X164.092 Y33.275 E73.79585
G1 X164.092 Y29.913 E73.93033
G1 X164.377 Y29.913 E73.94173
G1 X164.377 Y33.004 E74.06537
G1 X164.663 Y32.732 E74.08116
G1 X164.663 Y29.913 E74.19392
G1 X164.949 Y29.913 E74.20536
G1 X164.949 Y32.461 E74.30728
G1 X165.234 Y32.189 E74.32304
G1 X165.234 Y29.913 E74.41408
G1 X165.52 Y29.913 E74.42552
G1 X165.52 Y31.917 E74.50568
G1 X165.806 Y31.646 E74.52144
G1 X165.806 Y29.913 E74.59076
G1 X166.091 Y29.913 E74.60216
G1 X166.091 Y31.374 E74.6606
G1 X166.377 Y31.103 E74.67636
G1 X166.377 Y29.913 E74.72396
G1 X166.662 Y29.913 E74.73536
G1 X166.662 Y30.831 E74.77208
G1 X166.948 Y30.56 E74.78784
G1 X166.948 Y27.128 E74.92512
G1 X167.234 Y27.128 E74.93656
G1 X167.234 Y30.288 E75.06296
G1 X167.519 Y30.016 E75.07872
G1 X167.519 Y27.128 E75.19424
G1 X167.805 Y27.128 E75.20568
G1 X167.805 Y29.745 E75.31036
G1 X168.09 Y29.473 E75.32612
G1 X168.09 Y27.128 E75.41992
G1 X168.376 Y27.128 E75.43136
G1 X168.376 Y29.202 E75.51432
G1 X168.662 Y28.93 E75.53011
G1 X168.662 Y27.128 E75.60219
G1 X168.947 Y27.128 E75.61359
G1 X168.947 Y28.658 E75.67479
G1 X169.233 Y28.387 E75.69055
G1 X169.233 Y27.128 E75.74091
G1 X169.519 Y27.128 E75.75235
G1 X169.519 Y28.115 E75.79183
G1 X169.804 Y27.844 E75.80756
G1 X169.804 Y24.342 E75.94764
G1 X170.09 Y24.342 E75.95908
G1 X170.09 Y27.572 E76.08828
G1 X170.375 Y27.301 E76.10401
G1 X170.375 Y24.342 E76.22237
G1 X170.661 Y24.342 E76.23381
G1 X170.661 Y27.029 E76.34129
G1 X170.947 Y26.757 E76.35708
G1 X170.947 Y24.342 E76.45368
G1 X171.232 Y24.342 E76.46508
G1 X171.232 Y26.486 E76.55084
G1 X171.518 Y26.214 E76.56663
G1 X171.518 Y24.342 E76.64151
G1 X171.804 Y24.342 E76.65295
G1 X171.804 Y25.943 E76.71699
G1 X172.089 Y25.671 E76.73275
G1 X172.089 Y24.342 E76.78591
G1 X172.375 Y24.342 E76.79735
G1 X172.375 Y25.4 E76.83967
G1 X172.66 Y25.128 E76.85543
G1 X172.66 Y21.557 E76.99827
G1 X172.946 Y21.557 E77.00971
G1 X172.946 Y24.856 E77.14167
G1 X173.232 Y24.585 E77.15743
G1 X173.232 Y21.557 E77.27855
G1 X173.517 Y21.557 E77.28995
G1 X173.517 Y24.313 E77.40019
G1 X173.803 Y24.042 E77.41595
G1 X173.803 Y21.557 E77.51535
G1 X174.088 Y21.557 E77.52675
G1 X174.088 Y23.77 E77.61527
G1 X174.374 Y23.498 E77.63106
G1 X174.374 Y21.557 E77.7087
G1 X174.66 Y21.557 E77.72014
G1 X174.66 Y23.227 E77.78694
G1 X174.945 Y22.955 E77.8027
G1 X174.945 Y21.557 E77.85862
G1 X175.182 Y21.557 E77.8681
G1 X175.182 Y18.771 E77.97954
G1 X175.231 Y22.684 E78.13607
G1 X175.517 Y22.412 E78.15186
G1 X175.517 Y18.771 E78.2975
G1 X175.802 Y18.771 E78.3089
G1 X175.802 Y22.141 E78.4437
G1 X176.088 Y21.869 E78.45949
G1 X176.088 Y18.771 E78.58341
G1 X176.373 Y18.771 E78.59481
G1 X176.373 Y21.597 E78.70785
G1 X176.659 Y21.326 E78.72361
G1 X176.659 Y18.771 E78.82581
G1 X176.945 Y18.771 E78.83725
G1 X176.945 Y21.054 E78.92857
G1 X177.23 Y20.783 E78.9443
G1 X177.23 Y18.771 E79.02478
G1 X177.516 Y18.771 E79.03622
G1 X177.516 Y20.511 E79.10582
G1 X177.802 Y20.239 E79.12161
G1 X177.802 Y18.771 E79.18033
G1 X177.968 Y18.771 E79.18697
G1 X177.968 Y15.985 E79.29841
G1 X178.087 Y15.985 E79.30317
G1 X178.087 Y19.968 E79.46249
G1 X178.373 Y19.696 E79.47828
G1 X178.373 Y15.985 E79.62672
G1 X178.658 Y15.985 E79.63812
G1 X178.658 Y19.425 E79.77572
G1 X178.944 Y19.153 E79.79151
G1 X178.944 Y15.985 E79.91823
G1 X179.23 Y15.985 E79.92967
G1 X179.23 Y18.882 E80.04555
G1 X179.515 Y18.61 E80.06131
G1 X179.515 Y15.985 E80.16631
G1 X179.801 Y15.985 E80.17775
G1 X179.801 Y18.338 E80.27187
G1 X180.086 Y18.067 E80.2876
G1 X180.086 Y15.985 E80.37088
G1 X180.372 Y15.985 E80.38232
G1 X180.372 Y17.795 E80.45472
G1 X180.658 Y17.524 E80.47048
G1 X180.658 Y15.985 E80.53204
G1 X180.753 Y15.985 E80.53584
G1 X180.753 Y13.2 E80.64724
G1 X180.943 Y13.2 E80.65484
G1 X180.943 Y17.252 E80.81692
G1 X181.229 Y16.981 E80.83268
G1 X181.229 Y13.2 E80.98392
G1 X181.515 Y13.2 E80.99536
G1 X181.515 Y16.709 E81.13572
G1 X181.8 Y16.437 E81.15148
G1 X181.8 Y13.2 E81.28096
G1 X182.086 Y13.2 E81.2924
G1 X182.086 Y16.166 E81.41104
G1 X182.371 Y15.894 E81.4268
G1 X182.371 Y13.2 E81.53456
G1 X182.657 Y13.2 E81.546
G1 X182.657 Y15.623 E81.64292
G1 X182.943 Y15.351 E81.65871
G1 X182.943 Y13.2 E81.74475
G1 X183.228 Y13.2 E81.75615
G1 X183.228 Y15.079 E81.83131
G1 X183.514 Y14.808 E81.84707
G1 X183.539 Y10.414 E82.02283
G1 X183.8 Y10.414 E82.03327
G1 X183.8 Y14.536 E82.19815
G1 X184.085 Y14.265 E82.21388
G1 X184.085 Y10.414 E82.36792
G1 X184.371 Y10.414 E82.37936
G1 X184.371 Y13.993 E82.52252
G1 X184.656 Y13.722 E82.53825
G1 X184.656 Y10.414 E82.67057
G1 X184.942 Y10.414 E82.68201
G1 X184.942 Y13.45 E82.80345
G1 X185.228 Y13.178 E82.81924
G1 X185.228 Y10.414 E82.9298
G1 X185.513 Y10.414 E82.9412
G1 X185.513 Y12.907 E83.04092
G1 X185.799 Y12.635 E83.05671
G1 X185.799 Y10.414 E83.14555
G1 X186.084 Y10.414 E83.15695
G1 X186.084 Y12.364 E83.23495
G1 X186.37 Y12.092 E83.25074
G1 X186.37 Y7.629 E83.42926
G1 X186.656 Y7.629 E83.4407
G1 X186.656 Y11.82 E83.60834
G1 X186.941 Y11.549 E83.62407
G1 X186.941 Y7.629 E83.78087
G1 X187.227 Y7.629 E83.79231
G1 X187.227 Y11.277 E83.93823
G1 X187.513 Y11.006 E83.95399
G1 X187.513 Y7.629 E84.08907
G1 X187.798 Y7.629 E84.10047
G1 X187.798 Y10.734 E84.22467
G1 X188.084 Y10.463 E84.24043
G1 X188.084 Y7.629 E84.35379
G1 X188.369 Y7.629 E84.36519
G1 X188.369 Y10.191 E84.46767
G1 X188.655 Y9.919 E84.48346
G1 X188.655 Y7.629 E84.57506
G1 X188.941 Y7.629 E84.5865
G1 X188.941 Y9.648 E84.66726
G1 X189.226 Y9.376 E84.68302
G1 X189.226 Y7.629 E84.7529
G1 X189.512 Y7.629 E84.76434
G1 X189.512 Y9.207 E84.82746
G1 X189.712 Y9.212 E84.83546
G1 X189.798 Y9.302 E84.84044
G1 X189.798 Y7.629 E84.90736
G1 X190.083 Y7.629 E84.91876
G1 X190.083 Y9.602 E84.99768
G1 X190.369 Y9.903 E85.01429
G1 X190.369 Y7.629 E85.10525
G1 X190.654 Y7.629 E85.11665
G1 X190.654 Y10.203 E85.21961
G1 X190.94 Y10.503 E85.23619
G1 X190.94 Y7.629 E85.35115
G1 X191.226 Y7.629 E85.36259
G1 X191.226 Y10.804 E85.48959
G1 X191.511 Y11.104 E85.50614
G1 X191.511 Y7.629 E85.64514
G1 X191.797 Y7.629 E85.65658
G1 X191.797 Y11.591 E85.81506
G1 X191.797 Y11.591 F7800
G1 X190.025 Y11.338
;TYPE:Perimeter
;WIDTH:0.361184
G1 F1800
G1 X10.113 Y182.406 E96.14943
G1 X9.916 Y182.199 E96.16133
G1 X189.828 Y11.13 E106.49573
G1 X189.926 Y11.234 E106.50168
G1 X189.983 Y11.294 E106.50513
G1 X189.983 Y11.294 F7800
G1 X190.471 Y11.349
;WIDTH:0.42
G1 F1800
G1 X10.102 Y182.852 E118.99589
G1 X9.47 Y182.188 E119.04189
G1 X189.839 Y10.684 E131.53269
G1 X190.155 Y11.017 E131.55573
G1 X190.429 Y11.305 E131.57568
G1 X190.429 Y11.305 F7800
G1 X190.958 Y11.361
;TYPE:External perimeter
G1 F1800
G1 X10.09 Y183.34 E144.10105
G1 X8.982 Y182.176 E144.1817
G1 X189.851 Y10.197 E156.70711
G1 X190.405 Y10.779 E156.74744
G1 X190.917 Y11.318 E156.78475
G1 X190.671 Y11.633 F7800
G1 E154.78475 F2400
G92 E0
G92 E0
G1 X196.779 Y26.556 F7800
G1 E2 F2400
;TYPE:Support material interface
;WIDTH:0.35
G1 F1800
G1 X196.779 Y22.42 E2.16544
G1 X196.493 Y22.692 E2.18123
G1 X196.493 Y26.427 E2.33063
G1 X196.207 Y26.427 E2.34207
G1 X196.207 Y22.964 E2.48059
G1 X195.922 Y23.235 E2.49632
G1 X195.922 Y26.427 E2.624
G1 X195.636 Y26.427 E2.63544
G1 X195.636 Y23.507 E2.75224
G1 X195.35 Y23.778 E2.768
G1 X195.35 Y26.427 E2.87396
G1 X195.065 Y26.427 E2.88536
G1 X195.065 Y24.05 E2.98044
G1 X194.779 Y24.322 E2.99623
G1 X194.779 Y26.427 E3.08043
G1 X194.494 Y26.427 E3.09183
G1 X194.494 Y24.593 E3.16519
G1 X194.208 Y24.865 E3.18098
G1 X194.208 Y26.427 E3.24346
G1 X194.092 Y26.427 E3.2481
G1 X194.092 Y29.213 E3.35954
G1 X193.922 Y29.213 E3.36634
G1 X193.922 Y25.136 E3.52942
G1 X193.637 Y25.408 E3.54518
G1 X193.637 Y29.213 E3.69738
G1 X193.351 Y29.213 E3.70882
G1 X193.351 Y25.679 E3.85018
G1 X193.065 Y25.951 E3.86597
G1 X193.065 Y29.213 E3.99645
G1 X192.78 Y29.213 E4.00785
G1 X192.78 Y26.223 E4.12745
G1 X192.494 Y26.494 E4.14321
G1 X192.494 Y29.213 E4.25197
G1 X192.209 Y29.213 E4.26337
G1 X192.209 Y26.766 E4.36125
G1 X191.923 Y27.037 E4.37701
G1 X191.923 Y29.213 E4.46405
G1 X191.637 Y29.213 E4.47549
G1 X191.637 Y27.309 E4.55165
G1 X191.352 Y27.58 E4.56738
G1 X191.306 Y31.999 E4.74415
G1 X191.066 Y31.999 E4.75375
G1 X191.066 Y27.852 E4.91963
G1 X190.781 Y28.124 E4.93539
G1 X190.781 Y31.999 E5.09039
G1 X190.495 Y31.999 E5.10183
G1 X190.495 Y28.395 E5.24599
G1 X190.209 Y28.667 E5.26178
G1 X190.209 Y31.999 E5.39506
G1 X189.924 Y31.999 E5.40646
G1 X189.924 Y28.938 E5.5289
G1 X189.638 Y29.21 E5.54469
G1 X189.638 Y31.999 E5.65625
G1 X189.352 Y31.999 E5.66769
G1 X189.352 Y29.482 E5.76837
G1 X189.067 Y29.753 E5.7841
G1 X189.067 Y31.999 E5.87394
G1 X188.781 Y31.999 E5.88538
G1 X188.781 Y30.025 E5.96434
G1 X188.496 Y30.296 E5.98007
G1 X188.496 Y34.784 E6.15959
G1 X188.21 Y34.784 E6.17103
G1 X188.21 Y30.568 E6.33967
G1 X187.924 Y30.839 E6.35543
G1 X187.924 Y34.784 E6.51323
G1 X187.639 Y34.784 E6.52463
G1 X187.639 Y31.111 E6.67155
G1 X187.353 Y31.383 E6.68734
G1 X187.353 Y34.784 E6.82338
G1 X187.067 Y34.784 E6.83482
G1 X187.067 Y31.654 E6.96002
G1 X186.782 Y31.926 E6.97578
G1 X186.782 Y34.784 E7.0901
G1 X186.496 Y34.784 E7.10154
G1 X186.496 Y32.197 E7.20502
G1 X186.211 Y32.469 E7.22078
G1 X186.211 Y34.784 E7.31338
G1 X185.925 Y34.784 E7.32482
G1 X185.925 Y32.741 E7.40654
G1 X185.639 Y33.012 E7.4223
G1 X185.639 Y37.57 E7.60462
G1 X185.354 Y37.57 E7.61602
G1 X185.354 Y33.284 E7.78746
G1 X185.068 Y33.555 E7.80322
G1 X185.068 Y37.57 E7.96382
G1 X184.783 Y37.57 E7.97522
G1 X184.783 Y33.827 E8.12494
G1 X184.497 Y34.098 E8.1407
G1 X184.497 Y37.57 E8.27958
G1 X184.211 Y37.57 E8.29102
G1 X184.211 Y34.37 E8.41902
G1 X183.926 Y34.642 E8.43478
G1 X183.926 Y37.57 E8.5519
G1 X183.64 Y37.57 E8.56334
G1 X183.64 Y34.913 E8.66962
G1 X183.354 Y35.185 E8.68541
G1 X183.354 Y37.57 E8.78081
G1 X183.069 Y37.57 E8.79221
G1 X183.069 Y35.456 E8.87677
G1 X182.783 Y35.728 E8.89256
G1 X182.783 Y40.356 E9.07768
G1 X182.498 Y40.356 E9.08908
G1 X182.498 Y35.999 E9.26336
G1 X182.212 Y36.271 E9.27915
G1 X182.212 Y40.356 E9.44255
G1 X181.926 Y40.356 E9.45399
G1 X181.926 Y36.543 E9.60651
G1 X181.641 Y36.814 E9.62224
G1 X181.641 Y40.356 E9.76392
G1 X181.355 Y40.356 E9.77536
G1 X181.355 Y37.086 E9.90616
G1 X181.069 Y37.357 E9.92192
G1 X181.069 Y40.356 E10.04188
G1 X180.784 Y40.356 E10.05328
G1 X180.784 Y37.629 E10.16236
G1 X180.498 Y37.901 E10.17815
G1 X180.498 Y40.356 E10.27635
G1 X180.213 Y40.356 E10.28775
G1 X180.213 Y38.172 E10.37511
G1 X179.927 Y38.444 E10.3909
G1 X179.927 Y43.141 E10.57878
G1 X179.641 Y43.141 E10.59022
G1 X179.641 Y38.715 E10.76726
G1 X179.356 Y38.987 E10.78302
G1 X179.356 Y43.141 E10.94918
G1 X179.07 Y43.141 E10.96062
G1 X179.07 Y39.258 E11.11594
G1 X178.785 Y39.53 E11.1317
G1 X178.785 Y43.141 E11.27614
G1 X178.499 Y43.141 E11.28758
G1 X178.499 Y39.802 E11.42114
G1 X178.213 Y40.073 E11.4369
G1 X178.213 Y43.141 E11.55962
G1 X177.928 Y43.141 E11.57102
G1 X177.928 Y40.345 E11.68286
G1 X177.642 Y40.616 E11.69862
G1 X177.642 Y43.141 E11.79962
G1 X177.378 Y43.141 E11.81018
G1 X177.378 Y45.927 E11.92162
G1 X177.356 Y40.888 E12.12318
G1 X177.071 Y41.16 E12.13894
G1 X177.071 Y45.927 E12.32962
G1 X176.785 Y45.927 E12.34106
G1 X176.785 Y41.431 E12.5209
G1 X176.5 Y41.703 E12.53666
G1 X176.5 Y45.927 E12.70562
G1 X176.214 Y45.927 E12.71706
G1 X176.214 Y41.974 E12.87518
G1 X175.928 Y42.246 E12.89097
G1 X175.928 Y45.927 E13.03821
G1 X175.643 Y45.927 E13.04961
G1 X175.643 Y42.517 E13.18601
G1 X175.357 Y42.789 E13.2018
G1 X175.357 Y45.927 E13.32732
G1 X175.071 Y45.927 E13.33876
G1 X175.071 Y43.061 E13.4534
G1 X174.786 Y43.332 E13.46913
G1 X174.786 Y45.927 E13.57293
G1 X174.593 Y45.927 E13.58065
G1 X174.593 Y48.712 E13.69205
G1 X174.5 Y48.712 E13.69577
G1 X174.5 Y43.604 E13.90009
G1 X174.215 Y43.875 E13.91582
G1 X174.215 Y48.712 E14.1093
G1 X173.929 Y48.712 E14.12074
G1 X173.929 Y44.147 E14.30334
G1 X173.643 Y44.418 E14.3191
G1 X173.643 Y48.712 E14.49086
G1 X173.358 Y48.712 E14.50226
G1 X173.358 Y44.69 E14.66314
G1 X173.072 Y44.962 E14.67893
G1 X173.072 Y48.712 E14.82893
G1 X172.787 Y48.712 E14.84033
G1 X172.787 Y45.233 E14.97949
G1 X172.501 Y45.505 E14.99528
G1 X172.501 Y48.712 E15.12356
G1 X172.215 Y48.712 E15.135
G1 X172.215 Y45.776 E15.25244
G1 X171.93 Y46.048 E15.2682
G1 X171.93 Y48.712 E15.37476
G1 X171.807 Y48.712 E15.37968
G1 X171.807 Y51.498 E15.49112
G1 X171.644 Y51.498 E15.49764
G1 X171.644 Y46.32 E15.70476
G1 X171.358 Y46.591 E15.72052
G1 X171.358 Y51.498 E15.9168
G1 X171.073 Y51.498 E15.9282
G1 X171.073 Y46.863 E16.1136
G1 X170.787 Y47.134 E16.12936
G1 X170.787 Y51.498 E16.30392
G1 X170.502 Y51.498 E16.31532
G1 X170.502 Y47.406 E16.479
G1 X170.216 Y47.677 E16.49476
G1 X170.216 Y51.498 E16.6476
G1 X169.93 Y51.498 E16.65904
G1 X169.93 Y47.949 E16.801
G1 X169.645 Y48.221 E16.81676
G1 X169.645 Y51.498 E16.94784
G1 X169.359 Y51.498 E16.95928
G1 X169.359 Y48.492 E17.07952
G1 X169.073 Y48.764 E17.09531
G1 X169.021 Y54.284 E17.31612
G1 X168.788 Y54.284 E17.32544
G1 X168.788 Y49.035 E17.5354
G1 X168.502 Y49.307 E17.55119
G1 X168.502 Y54.284 E17.75027
G1 X168.217 Y54.284 E17.76167
G1 X168.217 Y49.579 E17.94987
G1 X167.931 Y49.85 E17.96563
G1 X167.931 Y54.284 E18.14299
G1 X167.645 Y54.284 E18.15443
G1 X167.645 Y50.122 E18.32091
G1 X167.36 Y50.393 E18.33664
G1 X167.36 Y54.284 E18.49228
G1 X167.074 Y54.284 E18.50372
G1 X167.074 Y50.665 E18.64848
G1 X166.789 Y50.936 E18.66421
G1 X166.789 Y54.284 E18.79813
G1 X166.503 Y54.284 E18.80957
G1 X166.503 Y51.208 E18.93261
G1 X166.217 Y51.48 E18.9484
G1 X166.217 Y54.284 E19.06056
G1 X165.932 Y54.284 E19.07196
G1 X165.932 Y51.751 E19.17328
G1 X165.646 Y52.023 E19.18907
G1 X165.646 Y54.284 E19.27951
G1 X165.36 Y54.284 E19.29095
G1 X165.36 Y52.294 E19.37055
G1 X165.075 Y52.566 E19.38631
G1 X165.075 Y54.284 E19.45503
G1 X164.789 Y54.284 E19.46647
G1 X164.789 Y52.837 E19.52435
G1 X164.504 Y53.109 E19.54011
G1 X164.504 Y54.284 E19.58711
G1 X164.218 Y54.284 E19.59855
G1 X164.218 Y53.381 E19.63467
G1 X163.932 Y53.652 E19.65043
G1 X163.932 Y54.284 E19.67571
G1 X163.647 Y54.284 E19.68711
G1 X163.647 Y53.924 E19.70151
G1 X163.361 Y54.195 E19.71727
G1 X163.361 Y57.069 E19.83223
G1 X163.075 Y57.069 E19.84367
G1 X163.075 Y54.467 E19.94775
G1 X162.79 Y54.739 E19.96351
G1 X162.79 Y57.069 E20.05671
G1 X162.504 Y57.069 E20.06815
G1 X162.504 Y55.01 E20.15051
G1 X162.219 Y55.282 E20.16627
G1 X162.219 Y57.069 E20.23775
G1 X161.933 Y57.069 E20.24919
G1 X161.933 Y55.553 E20.30983
G1 X161.647 Y55.825 E20.32562
G1 X161.647 Y57.069 E20.37538
G1 X161.362 Y57.069 E20.38678
G1 X161.362 Y56.096 E20.4257
G1 X161.076 Y56.368 E20.44149
G1 X161.076 Y57.069 E20.46953
G1 X160.791 Y57.069 E20.48093
G1 X160.791 Y56.64 E20.49809
G1 X160.505 Y56.911 E20.51385
G1 X160.505 Y59.855 E20.63161
G1 X160.219 Y59.855 E20.64305
G1 X160.219 Y57.183 E20.74993
G1 X159.934 Y57.454 E20.76566
G1 X159.934 Y59.855 E20.8617
G1 X159.648 Y59.855 E20.87314
G1 X159.648 Y57.726 E20.9583
G1 X159.362 Y57.998 E20.97409
G1 X159.362 Y59.855 E21.04837
G1 X159.077 Y59.855 E21.05977
G1 X159.077 Y58.269 E21.12321
G1 X158.791 Y58.541 E21.139
G1 X158.791 Y59.855 E21.19156
G1 X158.506 Y59.855 E21.20296
G1 X158.506 Y58.812 E21.24468
G1 X158.22 Y59.084 E21.26047
G1 X158.22 Y59.855 E21.29131
G1 X157.934 Y59.855 E21.30275
G1 X157.934 Y59.355 E21.32275
G1 X157.649 Y59.627 E21.33851
G1 X157.649 Y62.641 E21.45907
G1 X157.363 Y62.641 E21.47051
G1 X157.363 Y59.899 E21.58019
G1 X157.077 Y60.17 E21.59595
G1 X157.077 Y62.641 E21.69479
G1 X156.792 Y62.641 E21.70619
G1 X156.792 Y60.442 E21.79415
G1 X156.506 Y60.713 E21.80991
G1 X156.506 Y62.641 E21.88703
G1 X156.221 Y62.641 E21.89843
G1 X156.221 Y60.985 E21.96467
G1 X155.935 Y61.256 E21.98043
G1 X155.935 Y62.641 E22.03583
G1 X155.649 Y62.641 E22.04727
G1 X155.649 Y61.528 E22.09179
G1 X155.364 Y61.8 E22.10755
G1 X155.364 Y62.641 E22.14119
G1 X155.093 Y62.641 E22.15203
G1 X155.093 Y65.426 E22.26343
G1 X155.078 Y62.071 E22.39763
G1 X154.793 Y62.343 E22.41339
G1 X154.793 Y65.426 E22.53671
G1 X154.507 Y65.426 E22.54815
G1 X154.507 Y62.614 E22.66063
G1 X154.221 Y62.886 E22.67642
G1 X154.221 Y65.426 E22.77802
G1 X153.936 Y65.426 E22.78942
G1 X153.936 Y63.158 E22.88014
G1 X153.65 Y63.429 E22.8959
G1 X153.65 Y65.426 E22.97578
G1 X153.364 Y65.426 E22.98722
G1 X153.364 Y63.701 E23.05622
G1 X153.079 Y63.972 E23.07195
G1 X153.079 Y65.426 E23.13011
G1 X152.793 Y65.426 E23.14155
G1 X152.793 Y64.244 E23.18883
G1 X152.508 Y64.515 E23.20456
G1 X152.508 Y65.426 E23.241
G1 X152.308 Y65.426 E23.249
G1 X152.308 Y68.212 E23.36044
G1 X152.222 Y68.212 E23.36388
G1 X152.222 Y64.787 E23.50088
G1 X151.936 Y65.059 E23.51667
G1 X151.936 Y68.212 E23.64279
G1 X151.651 Y68.212 E23.65419
G1 X151.651 Y65.33 E23.76947
G1 X151.365 Y65.602 E23.78526
G1 X151.365 Y68.212 E23.88966
G1 X151.079 Y68.212 E23.9011
G1 X151.079 Y65.873 E23.99466
G1 X150.794 Y66.145 E24.01042
G1 X150.794 Y68.212 E24.0931
G1 X150.508 Y68.212 E24.10454
G1 X150.508 Y66.417 E24.17634
G1 X150.223 Y66.688 E24.19207
G1 X150.223 Y68.212 E24.25303
G1 X149.937 Y68.212 E24.26447
G1 X149.937 Y66.96 E24.31455
G1 X149.651 Y67.231 E24.33031
G1 X149.651 Y68.212 E24.36955
G1 X149.522 Y68.212 E24.37471
G1 X149.522 Y70.997 E24.48611
G1 X149.366 Y70.997 E24.49235
G1 X149.366 Y67.503 E24.63211
G1 X149.08 Y67.774 E24.64787
G1 X149.08 Y70.997 E24.77679
G1 X148.795 Y70.997 E24.78819
G1 X148.795 Y68.046 E24.90623
G1 X148.509 Y68.318 E24.92202
G1 X148.509 Y70.997 E25.02918
G1 X148.223 Y70.997 E25.04062
G1 X148.223 Y68.589 E25.13694
G1 X147.938 Y68.861 E25.1527
G1 X147.938 Y70.997 E25.23814
G1 X147.652 Y70.997 E25.24958
G1 X147.652 Y69.132 E25.32418
G1 X147.366 Y69.404 E25.33997
G1 X147.366 Y70.997 E25.40369
G1 X147.081 Y70.997 E25.41509
G1 X147.081 Y69.675 E25.46797
G1 X146.795 Y69.947 E25.48376
G1 X146.736 Y73.783 E25.63722
G1 X146.51 Y73.783 E25.64626
G1 X146.51 Y70.219 E25.78882
G1 X146.224 Y70.49 E25.80458
G1 X146.224 Y73.783 E25.9363
G1 X145.938 Y73.783 E25.94774
G1 X145.938 Y70.762 E26.06858
G1 X145.653 Y71.033 E26.08431
G1 X145.653 Y73.783 E26.19431
G1 X145.367 Y73.783 E26.20575
G1 X145.367 Y71.305 E26.30487
G1 X145.081 Y71.577 E26.32066
G1 X145.081 Y73.783 E26.4089
G1 X144.796 Y73.783 E26.4203
G1 X144.796 Y71.848 E26.4977
G1 X144.51 Y72.12 E26.51349
G1 X144.51 Y73.783 E26.58001
G1 X144.225 Y73.783 E26.59141
G1 X144.225 Y72.391 E26.64709
G1 X143.939 Y72.663 E26.66288
G1 X143.939 Y76.569 E26.81912
G1 X143.653 Y76.569 E26.83056
G1 X143.653 Y72.934 E26.97596
G1 X143.368 Y73.206 E26.99172
G1 X143.368 Y76.569 E27.12624
G1 X143.082 Y76.569 E27.13768
G1 X143.082 Y73.478 E27.26132
G1 X142.797 Y73.749 E27.27705
G1 X142.797 Y76.569 E27.38985
G1 X142.511 Y76.569 E27.40129
G1 X142.511 Y74.021 E27.50321
G1 X142.225 Y74.292 E27.51897
G1 X142.225 Y76.569 E27.61005
G1 X141.94 Y76.569 E27.62145
G1 X141.94 Y74.564 E27.70165
G1 X141.654 Y74.836 E27.71744
G1 X141.654 Y76.569 E27.78676
G1 X141.368 Y76.569 E27.7982
G1 X141.368 Y75.107 E27.85668
G1 X141.083 Y75.379 E27.87244
G1 X141.083 Y79.354 E28.03144
G1 X140.797 Y79.354 E28.04288
G1 X140.797 Y75.65 E28.19104
G1 X140.512 Y75.922 E28.2068
G1 X140.512 Y79.354 E28.34408
G1 X140.226 Y79.354 E28.35552
G1 X140.226 Y76.193 E28.48196
G1 X139.94 Y76.465 E28.49775
G1 X139.94 Y79.354 E28.61331
G1 X139.655 Y79.354 E28.62471
G1 X139.655 Y76.737 E28.72939
G1 X139.369 Y77.008 E28.74515
G1 X139.369 Y79.354 E28.83899
G1 X139.083 Y79.354 E28.85043
G1 X139.083 Y77.28 E28.93339
G1 X138.798 Y77.551 E28.94912
G1 X138.798 Y79.354 E29.02124
G1 X138.512 Y79.354 E29.03268
G1 X138.512 Y77.823 E29.09392
G1 X138.227 Y78.094 E29.10965
G1 X138.227 Y82.14 E29.27149
G1 X137.941 Y82.14 E29.28293
G1 X137.941 Y78.366 E29.43389
G1 X137.655 Y78.638 E29.44968
G1 X137.655 Y82.14 E29.58976
G1 X137.37 Y82.14 E29.60116
G1 X137.37 Y78.909 E29.7304
G1 X137.084 Y79.181 E29.74619
G1 X137.084 Y82.14 E29.86455
G1 X136.799 Y82.14 E29.87595
G1 X136.799 Y79.452 E29.98347
G1 X136.513 Y79.724 E29.99926
G1 X136.513 Y82.14 E30.0959
G1 X136.227 Y82.14 E30.10734
G1 X136.227 Y79.996 E30.1931
G1 X135.942 Y80.267 E30.20883
G1 X135.942 Y82.14 E30.28375
G1 X135.656 Y82.14 E30.29519
G1 X135.656 Y80.539 E30.35923
G1 X135.37 Y80.81 E30.37499
G1 X135.37 Y84.925 E30.53959
G1 X135.085 Y84.925 E30.55099
G1 X135.085 Y81.082 E30.70471
G1 X134.799 Y81.353 E30.72047
G1 X134.799 Y84.925 E30.86335
G1 X134.514 Y84.925 E30.87475
G1 X134.514 Y81.625 E31.00675
G1 X134.228 Y81.897 E31.02254
G1 X134.228 Y84.925 E31.14366
G1 X133.942 Y84.925 E31.1551
G1 X133.942 Y82.168 E31.26538
G1 X133.657 Y82.44 E31.28114
G1 X133.657 Y84.925 E31.38054
G1 X133.371 Y84.925 E31.39198
G1 X133.371 Y82.711 E31.48054
G1 X133.085 Y82.983 E31.49633
G1 X133.085 Y84.925 E31.57401
G1 X132.808 Y84.925 E31.58509
G1 X132.808 Y87.711 E31.69653
G1 X132.8 Y83.255 E31.87477
G1 X132.514 Y83.526 E31.89053
G1 X132.514 Y87.711 E32.05793
G1 X132.229 Y87.711 E32.06933
G1 X132.229 Y83.798 E32.22585
G1 X131.943 Y84.069 E32.24161
G1 X131.943 Y87.711 E32.38729
G1 X131.657 Y87.711 E32.39873
G1 X131.657 Y84.341 E32.53353
G1 X131.372 Y84.612 E32.54926
G1 X131.372 Y87.711 E32.67322
G1 X131.086 Y87.711 E32.68466
G1 X131.086 Y84.884 E32.79774
G1 X130.801 Y85.156 E32.8135
G1 X130.801 Y87.711 E32.9157
G1 X130.515 Y87.711 E32.92714
G1 X130.515 Y85.427 E33.0185
G1 X130.229 Y85.699 E33.03429
G1 X130.229 Y87.711 E33.11477
G1 X130.023 Y87.711 E33.12301
G1 X130.023 Y90.497 E33.23445
G1 X129.944 Y90.497 E33.23761
G1 X129.944 Y85.97 E33.41869
G1 X129.658 Y86.242 E33.43448
G1 X129.658 Y90.497 E33.60468
G1 X129.372 Y90.497 E33.61612
G1 X129.372 Y86.513 E33.77548
G1 X129.087 Y86.785 E33.79124
G1 X129.087 Y90.497 E33.93972
G1 X128.801 Y90.497 E33.95116
G1 X128.801 Y87.057 E34.08876
G1 X128.516 Y87.328 E34.10449
G1 X128.516 Y90.497 E34.23125
G1 X128.23 Y90.497 E34.24269
G1 X128.23 Y87.6 E34.35857
G1 X127.944 Y87.871 E34.37433
G1 X127.944 Y90.497 E34.47937
G1 X127.659 Y90.497 E34.49077
G1 X127.659 Y88.143 E34.58493
G1 X127.373 Y88.415 E34.60072
G1 X127.373 Y90.497 E34.684
G1 X127.237 Y90.497 E34.68944
G1 X127.237 Y93.282 E34.80084
G1 X127.087 Y93.282 E34.80684
G1 X127.087 Y88.686 E34.99068
G1 X126.802 Y88.958 E35.00644
G1 X126.802 Y93.282 E35.1794
G1 X126.516 Y93.282 E35.19084
G1 X126.516 Y89.229 E35.35296
G1 X126.231 Y89.501 E35.36872
G1 X126.231 Y93.282 E35.51996
G1 X125.945 Y93.282 E35.5314
G1 X125.945 Y89.772 E35.6718
G1 X125.659 Y90.044 E35.68759
G1 X125.659 Y93.282 E35.81711
G1 X125.374 Y93.282 E35.82851
G1 X125.374 Y90.316 E35.94715
G1 X125.088 Y90.587 E35.96291
G1 X125.088 Y93.282 E36.07071
G1 X124.803 Y93.282 E36.08211
G1 X124.803 Y90.859 E36.17903
G1 X124.517 Y91.13 E36.19479
G1 X124.451 Y96.068 E36.39233
G1 X124.231 Y96.068 E36.40113
G1 X124.231 Y91.402 E36.58777
G1 X123.946 Y91.674 E36.60353
G1 X123.946 Y96.068 E36.77929
G1 X123.66 Y96.068 E36.79073
G1 X123.66 Y91.945 E36.95565
G1 X123.374 Y92.217 E36.97144
G1 X123.374 Y96.068 E37.12548
G1 X123.089 Y96.068 E37.13688
G1 X123.089 Y92.488 E37.28008
G1 X122.803 Y92.76 E37.29587
G1 X122.803 Y96.068 E37.42819
G1 X122.518 Y96.068 E37.43959
G1 X122.518 Y93.031 E37.56107
G1 X122.232 Y93.303 E37.57686
G1 X122.232 Y96.068 E37.68746
G1 X121.946 Y96.068 E37.6989
G1 X121.946 Y93.575 E37.79862
G1 X121.661 Y93.846 E37.81435
G1 X121.661 Y98.854 E38.01467
G1 X121.375 Y98.854 E38.02611
G1 X121.375 Y94.118 E38.21555
G1 X121.089 Y94.389 E38.23131
G1 X121.089 Y98.854 E38.40991
G1 X120.804 Y98.854 E38.42131
G1 X120.804 Y94.661 E38.58903
G1 X120.518 Y94.932 E38.60479
G1 X120.518 Y98.854 E38.76167
G1 X120.233 Y98.854 E38.77307
G1 X120.233 Y95.204 E38.91907
G1 X119.947 Y95.476 E38.93486
G1 X119.947 Y98.854 E39.06998
G1 X119.661 Y98.854 E39.08142
G1 X119.661 Y95.747 E39.2057
G1 X119.376 Y96.019 E39.22146
G1 X119.376 Y98.854 E39.33486
G1 X119.09 Y98.854 E39.3463
G1 X119.09 Y96.29 E39.44886
G1 X118.805 Y96.562 E39.46462
G1 X118.805 Y101.639 E39.6677
G1 X118.519 Y101.639 E39.67914
G1 X118.519 Y96.834 E39.87134
G1 X118.233 Y97.105 E39.8871
G1 X118.233 Y101.639 E40.06846
G1 X117.948 Y101.639 E40.07986
G1 X117.948 Y97.377 E40.25034
G1 X117.662 Y97.648 E40.2661
G1 X117.662 Y101.639 E40.42574
G1 X117.376 Y101.639 E40.43718
G1 X117.376 Y97.92 E40.58594
G1 X117.091 Y98.191 E40.60167
G1 X117.091 Y101.639 E40.73959
G1 X116.805 Y101.639 E40.75103
G1 X116.805 Y98.463 E40.87807
G1 X116.52 Y98.735 E40.89383
G1 X116.52 Y101.639 E41.00999
G1 X116.234 Y101.639 E41.02143
G1 X116.234 Y99.006 E41.12675
G1 X115.948 Y99.278 E41.14254
G1 X115.948 Y104.425 E41.34842
G1 X115.663 Y104.425 E41.35982
G1 X115.663 Y99.549 E41.55486
G1 X115.377 Y99.821 E41.57065
G1 X115.377 Y104.425 E41.75481
G1 X115.091 Y104.425 E41.76625
G1 X115.091 Y100.093 E41.93953
G1 X114.806 Y100.364 E41.95526
G1 X114.806 Y104.425 E42.1177
G1 X114.52 Y104.425 E42.12914
G1 X114.52 Y100.636 E42.2807
G1 X114.235 Y100.907 E42.29643
G1 X114.235 Y104.425 E42.43715
G1 X113.949 Y104.425 E42.44859
G1 X113.949 Y101.179 E42.57843
G1 X113.663 Y101.45 E42.59419
G1 X113.663 Y104.425 E42.71319
G1 X113.378 Y104.425 E42.72459
G1 X113.378 Y101.722 E42.83271
G1 X113.092 Y101.994 E42.8485
G1 X113.092 Y107.21 E43.05714
G1 X112.807 Y107.21 E43.06854
G1 X112.807 Y102.265 E43.26634
G1 X112.521 Y102.537 E43.28213
G1 X112.521 Y107.21 E43.46905
G1 X112.235 Y107.21 E43.48049
G1 X112.235 Y102.808 E43.65657
G1 X111.95 Y103.08 E43.67233
G1 X111.95 Y107.21 E43.83753
G1 X111.664 Y107.21 E43.84897
G1 X111.664 Y103.351 E44.00333
G1 X111.378 Y103.623 E44.01912
G1 X111.378 Y107.21 E44.1626
G1 X111.093 Y107.21 E44.174
G1 X111.093 Y103.895 E44.3066
G1 X110.807 Y104.166 E44.32236
G1 X110.807 Y107.21 E44.44412
G1 X110.522 Y107.21 E44.45552
G1 X110.522 Y104.438 E44.5664
G1 X110.236 Y104.709 E44.58216
G1 X110.236 Y107.21 E44.6822
G1 X109.95 Y107.21 E44.69364
G1 X109.95 Y104.981 E44.7828
G1 X109.665 Y105.253 E44.79856
G1 X109.665 Y107.21 E44.87684
G1 X109.379 Y107.21 E44.88828
G1 X109.379 Y105.524 E44.95572
G1 X109.093 Y105.796 E44.97151
G1 X109.093 Y107.21 E45.02807
G1 X108.808 Y107.21 E45.03947
G1 X108.808 Y106.067 E45.08519
G1 X108.522 Y106.339 E45.10098
G1 X108.522 Y107.21 E45.13582
G1 X108.237 Y107.21 E45.14722
G1 X108.237 Y106.61 E45.17122
G1 X107.951 Y106.882 E45.18701
G1 X107.951 Y107.21 E45.20013
G1 X107.738 Y107.21 E45.20865
G1 X107.738 Y109.996 E45.32009
G1 X107.665 Y109.996 E45.32301
G1 X107.665 Y107.154 E45.43669
G1 X107.38 Y107.425 E45.45242
G1 X107.38 Y109.996 E45.55526
G1 X107.094 Y109.996 E45.5667
G1 X107.094 Y107.697 E45.65866
G1 X106.809 Y107.968 E45.67439
G1 X106.809 Y109.996 E45.75551
G1 X106.523 Y109.996 E45.76695
G1 X106.523 Y108.24 E45.83719
G1 X106.237 Y108.512 E45.85298
G1 X106.237 Y109.996 E45.91234
G1 X105.952 Y109.996 E45.92374
G1 X105.952 Y108.783 E45.97226
G1 X105.666 Y109.055 E45.98805
G1 X105.666 Y109.996 E46.02569
G1 X105.38 Y109.996 E46.03713
G1 X105.38 Y109.326 E46.06393
G1 X105.095 Y109.598 E46.07969
G1 X105.095 Y109.996 E46.09561
G1 X104.952 Y109.996 E46.10133
G1 X104.952 Y112.782 E46.21277
G1 X104.809 Y112.782 E46.21849
G1 X104.809 Y109.869 E46.33501
G1 X104.524 Y110.141 E46.35077
G1 X104.524 Y112.782 E46.45641
G1 X104.238 Y112.782 E46.46785
G1 X104.238 Y110.413 E46.56261
G1 X103.952 Y110.684 E46.57837
G1 X103.952 Y112.782 E46.66229
G1 X103.667 Y112.782 E46.67369
G1 X103.667 Y110.956 E46.74673
G1 X103.381 Y111.227 E46.76249
G1 X103.381 Y112.782 E46.82469
G1 X103.095 Y112.782 E46.83613
G1 X103.095 Y111.499 E46.88745
G1 X102.81 Y111.77 E46.90318
G1 X102.81 Y112.782 E46.94366
G1 X102.524 Y112.782 E46.9551
G1 X102.524 Y112.042 E46.9847
G1 X102.239 Y112.314 E47.00046
G1 X102.239 Y112.782 E47.01918
G1 X102.166 Y112.782 E47.0221
G1 X102.166 Y115.567 E47.1335
G1 X101.953 Y115.567 E47.14202
G1 X101.953 Y112.585 E47.2613
G1 X101.667 Y112.857 E47.27709
G1 X101.667 Y115.567 E47.38549
G1 X101.382 Y115.567 E47.39689
G1 X101.382 Y113.128 E47.49445
G1 X101.096 Y113.4 E47.51024
G1 X101.096 Y115.567 E47.59692
G1 X100.811 Y115.567 E47.60832
G1 X100.811 Y113.672 E47.68412
G1 X100.525 Y113.943 E47.69988
G1 X100.525 Y115.567 E47.76484
G1 X100.239 Y115.567 E47.77628
G1 X100.239 Y114.215 E47.83036
G1 X99.954 Y114.486 E47.84609
G1 X99.954 Y115.567 E47.88933
G1 X99.668 Y115.567 E47.90077
G1 X99.668 Y114.758 E47.93313
G1 X99.382 Y115.029 E47.94889
G1 X99.381 Y118.353 E48.08185
G1 X99.097 Y118.353 E48.09321
G1 X99.097 Y115.301 E48.21529
G1 X98.811 Y115.573 E48.23108
G1 X98.811 Y118.353 E48.34228
G1 X98.526 Y118.353 E48.35368
G1 X98.526 Y115.844 E48.45404
G1 X98.24 Y116.116 E48.46983
G1 X98.24 Y118.353 E48.55931
G1 X97.954 Y118.353 E48.57075
G1 X97.954 Y116.387 E48.64939
G1 X97.669 Y116.659 E48.66515
G1 X97.669 Y118.353 E48.73291
G1 X97.383 Y118.353 E48.74435
G1 X97.383 Y116.931 E48.80123
G1 X97.097 Y117.202 E48.81699
G1 X97.097 Y118.353 E48.86303
G1 X96.812 Y118.353 E48.87443
G1 X96.812 Y117.474 E48.90959
G1 X96.526 Y117.745 E48.92535
G1 X96.526 Y121.139 E49.06111
G1 X96.241 Y121.139 E49.07251
G1 X96.241 Y118.017 E49.19739
G1 X95.955 Y118.288 E49.21315
G1 X95.955 Y121.139 E49.32719
G1 X95.669 Y121.139 E49.33863
G1 X95.669 Y118.56 E49.44179
G1 X95.384 Y118.832 E49.45755
G1 X95.384 Y121.139 E49.54983
G1 X95.098 Y121.139 E49.56127
G1 X95.098 Y119.103 E49.64271
G1 X94.813 Y119.375 E49.65847
G1 X94.813 Y121.139 E49.72903
G1 X94.527 Y121.139 E49.74047
G1 X94.527 Y119.646 E49.80019
G1 X94.241 Y119.918 E49.81598
G1 X94.241 Y121.139 E49.86482
G1 X93.956 Y121.139 E49.87622
G1 X93.956 Y120.189 E49.91422
G1 X93.67 Y120.461 E49.93001
G1 X93.67 Y123.924 E50.06853
G1 X93.384 Y123.924 E50.07997
G1 X93.384 Y120.733 E50.20761
G1 X93.099 Y121.004 E50.22334
G1 X93.099 Y123.924 E50.34014
G1 X92.813 Y123.924 E50.35158
G1 X92.813 Y121.276 E50.4575
G1 X92.528 Y121.547 E50.47323
G1 X92.528 Y123.924 E50.56831
G1 X92.242 Y123.924 E50.57975
G1 X92.242 Y121.819 E50.66395
G1 X91.956 Y122.091 E50.67974
G1 X91.956 Y123.924 E50.75306
G1 X91.671 Y123.924 E50.76446
G1 X91.671 Y122.362 E50.82694
G1 X91.385 Y122.634 E50.84273
G1 X91.385 Y123.924 E50.89433
G1 X91.099 Y123.924 E50.90577
G1 X91.099 Y122.905 E50.94653
G1 X90.814 Y123.177 E50.96229
G1 X90.814 Y126.71 E51.10361
G1 X90.528 Y126.71 E51.11505
G1 X90.528 Y123.448 E51.24553
G1 X90.243 Y123.72 E51.26129
G1 X90.243 Y126.71 E51.38089
G1 X89.957 Y126.71 E51.39233
G1 X89.957 Y123.992 E51.50105
G1 X89.671 Y124.263 E51.51681
G1 X89.671 Y126.71 E51.61469
G1 X89.386 Y126.71 E51.62609
G1 X89.386 Y124.535 E51.71309
G1 X89.1 Y124.806 E51.72885
G1 X89.1 Y126.71 E51.80501
G1 X88.815 Y126.71 E51.81641
G1 X88.815 Y125.078 E51.88169
G1 X88.529 Y125.35 E51.89748
G1 X88.529 Y126.71 E51.95188
G1 X88.243 Y126.71 E51.96332
G1 X88.243 Y125.621 E52.00688
G1 X87.958 Y125.893 E52.02264
G1 X87.958 Y129.495 E52.16672
G1 X87.672 Y129.495 E52.17816
G1 X87.672 Y126.164 E52.3114
G1 X87.386 Y126.436 E52.32719
G1 X87.386 Y129.495 E52.44955
G1 X87.101 Y129.495 E52.46095
G1 X87.101 Y126.707 E52.57247
G1 X86.815 Y126.979 E52.58826
G1 X86.815 Y129.495 E52.6889
G1 X86.53 Y129.495 E52.7003
G1 X86.53 Y127.251 E52.79006
G1 X86.244 Y127.522 E52.80582
G1 X86.244 Y129.495 E52.88474
G1 X85.958 Y129.495 E52.89618
G1 X85.958 Y127.794 E52.96422
G1 X85.673 Y128.065 E52.97995
G1 X85.673 Y129.495 E53.03715
G1 X85.453 Y129.495 E53.04595
G1 X85.453 Y132.281 E53.15739
G1 X85.387 Y132.281 E53.16003
G1 X85.387 Y128.337 E53.31779
G1 X85.101 Y128.608 E53.33355
G1 X85.101 Y132.281 E53.48047
G1 X84.816 Y132.281 E53.49187
G1 X84.816 Y128.88 E53.62791
G1 X84.53 Y129.152 E53.6437
G1 X84.53 Y132.281 E53.76886
G1 X84.245 Y132.281 E53.78026
G1 X84.245 Y129.423 E53.89458
G1 X83.959 Y129.695 E53.91037
G1 X83.959 Y132.281 E54.01381
G1 X83.673 Y132.281 E54.02525
G1 X83.673 Y129.966 E54.11785
G1 X83.388 Y130.238 E54.13361
G1 X83.388 Y132.281 E54.21533
G1 X83.102 Y132.281 E54.22677
G1 X83.102 Y130.51 E54.29761
G1 X82.817 Y130.781 E54.31334
G1 X82.817 Y132.281 E54.37334
G1 X82.667 Y132.281 E54.37934
G1 X82.667 Y135.067 E54.49078
G1 X82.531 Y135.067 E54.49622
G1 X82.531 Y131.053 E54.65678
G1 X82.245 Y131.324 E54.67254
G1 X82.245 Y135.067 E54.82226
G1 X81.96 Y135.067 E54.83366
G1 X81.96 Y131.596 E54.9725
G1 X81.674 Y131.867 E54.98826
G1 X81.674 Y135.067 E55.11626
G1 X81.388 Y135.067 E55.1277
G1 X81.388 Y132.139 E55.24482
G1 X81.103 Y132.411 E55.26058
G1 X81.103 Y135.067 E55.36682
G1 X80.817 Y135.067 E55.37826
G1 X80.817 Y132.682 E55.47366
G1 X80.532 Y132.954 E55.48942
G1 X80.532 Y135.067 E55.57394
G1 X80.246 Y135.067 E55.58538
G1 X80.246 Y133.225 E55.65906
G1 X79.96 Y133.497 E55.67485
G1 X79.96 Y135.067 E55.73765
G1 X79.882 Y135.067 E55.74077
G1 X79.882 Y137.852 E55.85217
G1 X79.675 Y137.852 E55.86045
G1 X79.675 Y133.769 E56.02377
G1 X79.389 Y134.04 E56.03953
G1 X79.389 Y137.852 E56.19201
G1 X79.103 Y137.852 E56.20345
G1 X79.103 Y134.312 E56.34505
G1 X78.818 Y134.583 E56.36078
G1 X78.818 Y137.852 E56.49154
G1 X78.532 Y137.852 E56.50298
G1 X78.532 Y134.855 E56.62286
G1 X78.247 Y135.126 E56.63859
G1 X78.247 Y137.852 E56.74763
G1 X77.961 Y137.852 E56.75907
G1 X77.961 Y135.398 E56.85723
G1 X77.675 Y135.67 E56.87302
G1 X77.675 Y137.852 E56.9603
G1 X77.39 Y137.852 E56.9717
G1 X77.39 Y135.941 E57.04814
G1 X77.104 Y136.213 E57.06393
G1 X77.096 Y140.638 E57.24093
G1 X76.819 Y140.638 E57.25201
G1 X76.819 Y136.484 E57.41817
G1 X76.533 Y136.756 E57.43396
G1 X76.533 Y140.638 E57.58924
G1 X76.247 Y140.638 E57.60068
G1 X76.247 Y137.027 E57.74512
G1 X75.962 Y137.299 E57.76088
G1 X75.962 Y140.638 E57.89444
G1 X75.676 Y140.638 E57.90588
G1 X75.676 Y137.571 E58.02856
G1 X75.39 Y137.842 E58.04432
G1 X75.39 Y140.638 E58.15616
G1 X75.105 Y140.638 E58.16756
G1 X75.105 Y138.114 E58.26852
G1 X74.819 Y138.385 E58.28428
G1 X74.819 Y140.638 E58.3744
G1 X74.534 Y140.638 E58.3858
G1 X74.534 Y138.657 E58.46504
G1 X74.248 Y138.929 E58.48083
G1 X74.248 Y143.423 E58.66059
G1 X73.962 Y143.423 E58.67203
G1 X73.962 Y139.2 E58.84095
G1 X73.677 Y139.472 E58.85671
G1 X73.677 Y143.423 E59.01475
G1 X73.391 Y143.423 E59.02619
G1 X73.391 Y139.743 E59.17339
G1 X73.105 Y140.015 E59.18918
G1 X73.105 Y143.423 E59.3255
G1 X72.82 Y143.423 E59.3369
G1 X72.82 Y140.286 E59.46238
G1 X72.534 Y140.558 E59.47817
G1 X72.534 Y143.423 E59.59277
G1 X72.249 Y143.423 E59.60417
G1 X72.249 Y140.83 E59.70789
G1 X71.963 Y141.101 E59.72365
G1 X71.963 Y143.423 E59.81653
G1 X71.677 Y143.423 E59.82797
G1 X71.677 Y141.373 E59.90997
G1 X71.392 Y141.644 E59.9257
G1 X71.392 Y146.209 E60.1083
G1 X71.106 Y146.209 E60.11974
G1 X71.106 Y141.916 E60.29146
G1 X70.821 Y142.188 E60.30722
G1 X70.821 Y146.209 E60.46806
G1 X70.535 Y146.209 E60.4795
G1 X70.535 Y142.459 E60.6295
G1 X70.249 Y142.731 E60.64529
G1 X70.249 Y146.209 E60.78441
G1 X69.964 Y146.209 E60.79581
G1 X69.964 Y143.002 E60.92409
G1 X69.678 Y143.274 E60.93988
G1 X69.678 Y146.209 E61.05728
G1 X69.392 Y146.209 E61.06872
G1 X69.392 Y143.545 E61.17528
G1 X69.107 Y143.817 E61.19104
G1 X69.107 Y146.209 E61.28672
G1 X68.821 Y146.209 E61.29816
G1 X68.821 Y144.089 E61.38296
G1 X68.536 Y144.36 E61.39869
G1 X68.536 Y148.995 E61.58409
G1 X68.25 Y148.995 E61.59553
G1 X68.25 Y144.632 E61.77005
G1 X67.964 Y144.903 E61.78581
G1 X67.964 Y148.995 E61.94949
G1 X67.679 Y148.995 E61.96089
G1 X67.679 Y145.175 E62.11369
G1 X67.393 Y145.446 E62.12945
G1 X67.393 Y148.995 E62.27141
G1 X67.107 Y148.995 E62.28285
G1 X67.107 Y145.718 E62.41393
G1 X66.822 Y145.99 E62.42969
G1 X66.822 Y148.995 E62.54989
G1 X66.536 Y148.995 E62.56133
G1 X66.536 Y146.261 E62.67069
G1 X66.251 Y146.533 E62.68645
G1 X66.251 Y148.995 E62.78493
G1 X65.965 Y148.995 E62.79637
G1 X65.965 Y146.804 E62.88401
G1 X65.679 Y147.076 E62.8998
G1 X65.679 Y151.78 E63.08796
G1 X65.394 Y151.78 E63.09936
G1 X65.394 Y147.348 E63.27664
G1 X65.108 Y147.619 E63.2924
G1 X65.108 Y151.78 E63.45884
G1 X64.823 Y151.78 E63.47024
G1 X64.823 Y147.891 E63.6258
G1 X64.537 Y148.162 E63.64156
G1 X64.537 Y151.78 E63.78628
G1 X64.251 Y151.78 E63.79772
G1 X64.251 Y148.434 E63.93156
G1 X63.966 Y148.705 E63.94729
G1 X63.966 Y151.78 E64.07029
G1 X63.68 Y151.78 E64.08173
G1 X63.68 Y148.977 E64.19385
G1 X63.394 Y149.249 E64.20964
G1 X63.394 Y151.78 E64.31088
G1 X63.168 Y151.78 E64.31992
G1 X63.168 Y154.566 E64.43136
G1 X63.109 Y154.566 E64.43372
G1 X63.109 Y149.52 E64.63556
G1 X62.823 Y149.792 E64.65135
G1 X62.823 Y154.566 E64.84231
G1 X62.538 Y154.566 E64.85371
G1 X62.538 Y150.063 E65.03383
G1 X62.252 Y150.335 E65.04962
G1 X62.252 Y154.566 E65.21886
G1 X61.966 Y154.566 E65.2303
G1 X61.966 Y150.607 E65.38866
G1 X61.681 Y150.878 E65.40439
G1 X61.681 Y154.566 E65.55191
G1 X61.395 Y154.566 E65.56335
G1 X61.395 Y151.15 E65.69999
G1 X61.11 Y151.421 E65.71572
G1 X61.11 Y154.566 E65.84152
G1 X60.824 Y154.566 E65.85296
G1 X60.824 Y151.693 E65.96788
G1 X60.538 Y151.964 E65.98364
G1 X60.538 Y154.566 E66.08772
G1 X60.382 Y154.566 E66.09396
G1 X60.382 Y157.352 E66.2054
G1 X60.253 Y157.352 E66.21056
G1 X60.253 Y152.236 E66.4152
G1 X59.967 Y152.508 E66.43099
G1 X59.967 Y157.352 E66.62475
G1 X59.681 Y157.352 E66.63619
G1 X59.681 Y152.779 E66.81911
G1 X59.396 Y153.051 E66.83487
G1 X59.396 Y157.352 E67.00691
G1 X59.11 Y157.352 E67.01835
G1 X59.11 Y153.322 E67.17955
G1 X58.825 Y153.594 E67.19531
G1 X58.825 Y157.352 E67.34563
G1 X58.539 Y157.352 E67.35707
G1 X58.539 Y153.865 E67.49655
G1 X58.253 Y154.137 E67.51234
G1 X58.253 Y157.352 E67.64094
G1 X57.968 Y157.352 E67.65234
G1 X57.968 Y154.409 E67.77006
G1 X57.682 Y154.68 E67.78582
G1 X57.597 Y160.137 E68.00413
G1 X57.396 Y160.137 E68.01217
G1 X57.396 Y154.952 E68.21957
G1 X57.111 Y155.223 E68.2353
G1 X57.111 Y160.137 E68.43186
G1 X56.825 Y160.137 E68.4433
G1 X56.825 Y155.495 E68.62898
G1 X56.54 Y155.767 E68.64474
G1 X56.54 Y160.137 E68.81954
G1 X56.254 Y160.137 E68.83098
G1 X56.254 Y156.038 E68.99494
G1 X55.968 Y156.31 E69.01073
G1 X55.968 Y160.137 E69.16381
G1 X55.683 Y160.137 E69.17521
G1 X55.683 Y156.581 E69.31745
G1 X55.397 Y156.853 E69.33324
G1 X55.397 Y160.137 E69.4646
G1 X55.111 Y160.137 E69.47604
G1 X55.112 Y157.124 E69.59656
G1 X54.826 Y157.396 E69.61235
G1 X54.826 Y160.137 E69.72199
G1 X54.54 Y160.137 E69.73343
G1 X54.54 Y157.668 E69.83219
G1 X54.255 Y157.939 E69.84792
G1 X54.255 Y160.137 E69.93584
G1 X53.969 Y160.137 E69.94728
G1 X53.969 Y158.211 E70.02432
G1 X53.683 Y158.482 E70.04008
G1 X53.683 Y160.137 E70.10628
G1 X53.398 Y160.137 E70.11768
G1 X53.398 Y158.754 E70.173
G1 X53.112 Y159.026 E70.18879
G1 X53.112 Y160.137 E70.23323
G1 X52.827 Y160.137 E70.24463
G1 X52.827 Y159.297 E70.27823
G1 X52.541 Y159.569 E70.29402
G1 X52.541 Y160.137 E70.31674
G1 X52.255 Y160.137 E70.32818
G1 X52.255 Y159.84 E70.34006
G1 X51.97 Y160.112 E70.35582
G1 X51.97 Y162.923 E70.46826
G1 X51.684 Y162.923 E70.4797
G1 X51.684 Y160.383 E70.5813
G1 X51.398 Y160.655 E70.59709
G1 X51.398 Y162.923 E70.68781
G1 X51.113 Y162.923 E70.69921
G1 X51.113 Y160.927 E70.77905
G1 X50.827 Y161.198 E70.79481
G1 X50.827 Y162.923 E70.86381
G1 X50.542 Y162.923 E70.87521
G1 X50.542 Y161.47 E70.93333
G1 X50.256 Y161.741 E70.94909
G1 X50.256 Y162.923 E70.99637
G1 X49.97 Y162.923 E71.00781
G1 X49.97 Y162.013 E71.04421
G1 X49.685 Y162.284 E71.05994
G1 X49.685 Y162.923 E71.0855
G1 X49.399 Y162.923 E71.09694
G1 X49.399 Y162.556 E71.11162
G1 X49.114 Y162.828 E71.12738
G1 X49.114 Y165.708 E71.24258
G1 X48.828 Y165.708 E71.25402
G1 X48.828 Y163.099 E71.35838
G1 X48.542 Y163.371 E71.37417
G1 X48.542 Y165.708 E71.46765
G1 X48.257 Y165.708 E71.47905
G1 X48.257 Y163.642 E71.56169
G1 X47.971 Y163.914 E71.57748
G1 X47.971 Y165.708 E71.64924
G1 X47.685 Y165.708 E71.66068
G1 X47.685 Y164.186 E71.72156
G1 X47.4 Y164.457 E71.73729
G1 X47.4 Y165.708 E71.78733
G1 X47.114 Y165.708 E71.79877
G1 X47.114 Y164.729 E71.83793
G1 X46.829 Y165 E71.85366
G1 X46.829 Y165.708 E71.88198
G1 X46.543 Y165.708 E71.89342
G1 X46.543 Y165.272 E71.91086
G1 X46.257 Y165.543 E71.92662
G1 X46.257 Y168.494 E72.04466
G1 X45.972 Y168.494 E72.05606
G1 X45.972 Y165.815 E72.16322
G1 X45.686 Y166.087 E72.17901
G1 X45.686 Y168.494 E72.27529
G1 X45.4 Y168.494 E72.28673
G1 X45.4 Y166.358 E72.37217
G1 X45.115 Y166.63 E72.38793
G1 X45.115 Y168.494 E72.46249
G1 X44.829 Y168.494 E72.47393
G1 X44.829 Y166.901 E72.53765
G1 X44.544 Y167.173 E72.55341
G1 X44.544 Y168.494 E72.60625
G1 X44.258 Y168.494 E72.61769
G1 X44.258 Y167.445 E72.65965
G1 X43.972 Y167.716 E72.67541
G1 X43.972 Y168.494 E72.70653
G1 X43.687 Y168.494 E72.71793
G1 X43.687 Y167.988 E72.73817
G1 X43.401 Y168.259 E72.75393
G1 X43.401 Y171.28 E72.87477
G1 X43.116 Y171.28 E72.88617
G1 X43.116 Y168.531 E72.99613
G1 X42.83 Y168.802 E73.01189
G1 X42.83 Y171.28 E73.11101
G1 X42.544 Y171.28 E73.12245
G1 X42.544 Y169.074 E73.21069
G1 X42.259 Y169.346 E73.22645
G1 X42.259 Y171.28 E73.30381
G1 X41.973 Y171.28 E73.31525
G1 X41.973 Y169.617 E73.38177
G1 X41.687 Y169.889 E73.39756
G1 X41.687 Y171.28 E73.4532
G1 X41.402 Y171.28 E73.4646
G1 X41.402 Y170.16 E73.5094
G1 X41.116 Y170.432 E73.52519
G1 X41.116 Y171.28 E73.55911
G1 X40.883 Y171.28 E73.56843
G1 X40.883 Y174.065 E73.67983
G1 X40.831 Y174.065 E73.68191
G1 X40.831 Y170.703 E73.81639
G1 X40.545 Y170.975 E73.83218
G1 X40.545 Y174.065 E73.95578
G1 X40.259 Y174.065 E73.96722
G1 X40.259 Y171.247 E74.07994
G1 X39.974 Y171.518 E74.09567
G1 X39.974 Y174.065 E74.19755
G1 X39.688 Y174.065 E74.20899
G1 X39.688 Y171.79 E74.29999
G1 X39.402 Y172.061 E74.31575
G1 X39.402 Y174.065 E74.39591
G1 X39.117 Y174.065 E74.40731
G1 X39.117 Y172.333 E74.47659
G1 X38.831 Y172.605 E74.49238
G1 X38.831 Y174.065 E74.55078
G1 X38.546 Y174.065 E74.56218
G1 X38.546 Y172.876 E74.60974
G1 X38.26 Y173.148 E74.62553
G1 X38.26 Y174.065 E74.66221
G1 X38.097 Y174.065 E74.66873
G1 X38.097 Y176.851 E74.78017
G1 X37.974 Y176.851 E74.78509
G1 X37.974 Y173.419 E74.92237
G1 X37.689 Y173.691 E74.93813
G1 X37.689 Y176.851 E75.06453
G1 X37.403 Y176.851 E75.07597
G1 X37.403 Y173.962 E75.19153
G1 X37.118 Y174.234 E75.20729
G1 X37.118 Y176.851 E75.31197
G1 X36.832 Y176.851 E75.32341
G1 X36.832 Y174.506 E75.41721
G1 X36.546 Y174.777 E75.43297
G1 X36.546 Y176.851 E75.51593
G1 X36.261 Y176.851 E75.52733
G1 X36.261 Y175.049 E75.59941
G1 X35.975 Y175.32 E75.61517
G1 X35.975 Y176.851 E75.67641
G1 X35.689 Y176.851 E75.68785
G1 X35.689 Y175.592 E75.73821
G1 X35.404 Y175.864 E75.75397
G1 X35.404 Y176.851 E75.79345
G1 X35.312 Y176.851 E75.79713
G1 X35.312 Y179.637 E75.90857
G1 X35.118 Y179.637 E75.91633
G1 X35.118 Y176.135 E76.05641
G1 X34.833 Y176.407 E76.07217
G1 X34.833 Y179.637 E76.20137
G1 X34.547 Y179.637 E76.21281
G1 X34.547 Y176.678 E76.33117
G1 X34.261 Y176.95 E76.34696
G1 X34.261 Y179.637 E76.45444
G1 X33.976 Y179.637 E76.46584
G1 X33.976 Y177.221 E76.56248
G1 X33.69 Y177.493 E76.57827
G1 X33.69 Y179.637 E76.66403
G1 X33.404 Y179.637 E76.67547
G1 X33.404 Y177.765 E76.75035
G1 X33.119 Y178.036 E76.76608
G1 X33.119 Y179.637 E76.83012
G1 X32.833 Y179.637 E76.84156
G1 X32.833 Y178.308 E76.89472
G1 X32.548 Y178.579 E76.91045
G1 X32.526 Y182.422 E77.06417
G1 X32.262 Y182.422 E77.07473
G1 X32.262 Y178.851 E77.21757
G1 X31.976 Y179.122 E77.23333
G1 X31.976 Y182.422 E77.36533
G1 X31.691 Y182.422 E77.37673
G1 X31.691 Y179.394 E77.49785
G1 X31.405 Y179.666 E77.51364
G1 X31.405 Y182.422 E77.62388
G1 X31.12 Y182.422 E77.63528
G1 X31.12 Y179.937 E77.73468
G1 X30.834 Y180.209 E77.75047
G1 X30.834 Y182.422 E77.83899
G1 X30.548 Y182.422 E77.85043
G1 X30.548 Y180.48 E77.92811
G1 X30.263 Y180.752 E77.94387
G1 X30.263 Y182.422 E78.01067
G1 X29.977 Y182.422 E78.02211
G1 X29.977 Y181.024 E78.07803
G1 X29.691 Y181.295 E78.09379
G1 X29.691 Y185.208 E78.25031
G1 X29.406 Y185.208 E78.26171
G1 X29.406 Y181.567 E78.40735
G1 X29.12 Y181.838 E78.42311
G1 X29.12 Y185.208 E78.55791
G1 X28.835 Y185.208 E78.56931
G1 X28.835 Y182.11 E78.69323
G1 X28.549 Y182.381 E78.70899
G1 X28.549 Y185.208 E78.82207
G1 X28.263 Y185.208 E78.83351
G1 X28.263 Y182.653 E78.93571
G1 X27.978 Y182.925 E78.95147
G1 X27.978 Y185.208 E79.04279
G1 X27.692 Y185.208 E79.05423
G1 X27.692 Y183.196 E79.13471
G1 X27.406 Y183.468 E79.1505
G1 X27.406 Y185.208 E79.2201
G1 X27.121 Y185.208 E79.2315
G1 X27.121 Y183.739 E79.29026
G1 X26.835 Y184.011 E79.30605
G1 X26.835 Y187.993 E79.46533
G1 X26.55 Y187.993 E79.47673
G1 X26.55 Y184.283 E79.62513
G1 X26.264 Y184.554 E79.64089
G1 X26.264 Y187.993 E79.77845
G1 X25.978 Y187.993 E79.78989
G1 X25.978 Y184.826 E79.91657
G1 X25.693 Y185.097 E79.9323
G1 X25.693 Y187.993 E80.04814
G1 X25.407 Y187.993 E80.05958
G1 X25.407 Y185.369 E80.16454
G1 X25.122 Y185.64 E80.18027
G1 X25.122 Y187.993 E80.27439
G1 X24.836 Y187.993 E80.28583
G1 X24.836 Y185.912 E80.36907
G1 X24.55 Y186.184 E80.38486
G1 X24.55 Y187.993 E80.45722
G1 X24.265 Y187.993 E80.46862
G1 X24.265 Y186.455 E80.53014
G1 X23.979 Y186.727 E80.54593
G1 X23.979 Y190.779 E80.70801
G1 X23.693 Y190.779 E80.71945
G1 X23.693 Y186.998 E80.87069
G1 X23.408 Y187.27 E80.88645
G1 X23.408 Y190.779 E81.02681
G1 X23.122 Y190.779 E81.03825
G1 X23.122 Y187.541 E81.16777
G1 X22.837 Y187.813 E81.18353
G1 X22.837 Y190.779 E81.30217
G1 X22.551 Y190.779 E81.31361
G1 X22.551 Y188.085 E81.42137
G1 X22.265 Y188.356 E81.43713
G1 X22.265 Y190.779 E81.53405
G1 X21.98 Y190.779 E81.54545
G1 X21.98 Y188.628 E81.63149
G1 X21.694 Y188.899 E81.64725
G1 X21.694 Y190.779 E81.72245
G1 X21.408 Y190.779 E81.73389
G1 X21.408 Y189.171 E81.79821
G1 X21.123 Y189.443 E81.81397
G1 X21.123 Y193.565 E81.97885
G1 X20.837 Y193.565 E81.99029
G1 X20.837 Y189.714 E82.14433
G1 X20.552 Y189.986 E82.16009
G1 X20.552 Y193.565 E82.30325
G1 X20.266 Y193.565 E82.31469
G1 X20.266 Y190.257 E82.44701
G1 X19.98 Y190.529 E82.4628
G1 X19.98 Y193.565 E82.58424
G1 X19.695 Y193.565 E82.59564
G1 X19.695 Y190.8 E82.70624
G1 X19.409 Y191.072 E82.72203
G1 X19.409 Y193.565 E82.82175
G1 X19.124 Y193.565 E82.83315
G1 X19.124 Y191.344 E82.92199
G1 X18.838 Y191.615 E82.93775
G1 X18.838 Y193.565 E83.01575
G1 X18.598 Y193.565 E83.02535
G1 X18.598 Y196.35 E83.13675
G1 X18.552 Y191.887 E83.31528
G1 X18.267 Y192.158 E83.33101
G1 X18.267 Y196.35 E83.49869
G1 X17.981 Y196.35 E83.51013
G1 X17.981 Y192.43 E83.66693
G1 X17.695 Y192.702 E83.68272
G1 X17.695 Y196.35 E83.82864
G1 X17.41 Y196.35 E83.84004
G1 X17.41 Y192.973 E83.97512
G1 X17.124 Y193.245 E83.99091
G1 X17.124 Y196.35 E84.11511
G1 X16.839 Y196.35 E84.12651
G1 X16.839 Y193.516 E84.23987
G1 X16.553 Y193.788 E84.25566
G1 X16.553 Y196.35 E84.35814
G1 X16.267 Y196.35 E84.36958
G1 X16.267 Y194.059 E84.46122
G1 X15.982 Y194.331 E84.47698
G1 X15.982 Y196.35 E84.55774
G1 X15.696 Y196.35 E84.56918
G1 X15.696 Y194.603 E84.63906
G1 X15.515 Y194.775 E84.64905
G1 X15.41 Y194.772 E84.65325
G1 X15.41 Y196.35 E84.71637
G1 X15.125 Y196.35 E84.72777
G1 X15.125 Y194.677 E84.79469
G1 X14.839 Y194.376 E84.8113
G1 X14.839 Y196.35 E84.89026
G1 X14.554 Y196.35 E84.90166
G1 X14.554 Y194.076 E84.99262
G1 X14.268 Y193.776 E85.0092
G1 X14.268 Y196.35 E85.11216
G1 X13.982 Y196.35 E85.1236
G1 X13.982 Y193.475 E85.2386
G1 X13.697 Y193.175 E85.25515
G1 X13.697 Y196.35 E85.38215
G1 X13.411 Y196.35 E85.39359
G1 X13.411 Y192.874 E85.53263
G1 X13.126 Y192.574 E85.54918
G1 X13.126 Y196.479 E85.70538
G1 E83.70538 F2400
G92 E0
G1 X13.126 Y196.479 F7800
G1 X13.126 Y192.178
G1 E2 F2400
G1 F1800
G1 X13.126 Y187.993 E2.1674
G1 X13.411 Y187.993 E2.1788
G1 X13.411 Y191.729 E2.32824
G1 X13.697 Y191.457 E2.34403
G1 X13.697 Y187.993 E2.48259
G1 X13.982 Y187.993 E2.49399
G1 X13.982 Y191.186 E2.62171
G1 X14.268 Y190.914 E2.6375
G1 X14.268 Y187.993 E2.75434
G1 X14.554 Y187.993 E2.76578
G1 X14.554 Y190.643 E2.87178
G1 X14.839 Y190.371 E2.88754
G1 X14.839 Y187.993 E2.98266
G1 X15.125 Y187.993 E2.9941
G1 X15.125 Y190.099 E3.07834
G1 X15.41 Y189.828 E3.09407
G1 X15.41 Y187.993 E3.16747
G1 X15.696 Y187.993 E3.17891
G1 X15.696 Y189.556 E3.24143
G1 X15.982 Y189.285 E3.25719
G1 X15.982 Y185.208 E3.42027
G1 X16.267 Y185.208 E3.43167
G1 X16.267 Y189.013 E3.58387
G1 X16.553 Y188.741 E3.59966
G1 X16.553 Y185.208 E3.74098
G1 X16.839 Y185.208 E3.75242
G1 X16.839 Y188.47 E3.8829
G1 X17.124 Y188.198 E3.89866
G1 X17.124 Y185.208 E4.01826
G1 X17.41 Y185.208 E4.0297
G1 X17.41 Y187.927 E4.13846
G1 X17.695 Y187.655 E4.15422
G1 X17.695 Y185.208 E4.2521
G1 X17.981 Y185.208 E4.26354
G1 X17.981 Y187.384 E4.35058
G1 X18.267 Y187.112 E4.36637
G1 X18.267 Y185.208 E4.44253
G1 X18.552 Y185.208 E4.45393
G1 X18.552 Y186.84 E4.51921
G1 X18.838 Y186.569 E4.53497
G1 X18.838 Y182.422 E4.70085
G1 X19.124 Y182.422 E4.71229
G1 X19.124 Y186.297 E4.86729
G1 X19.409 Y186.026 E4.88302
G1 X19.409 Y182.422 E5.02718
G1 X19.695 Y182.422 E5.03862
G1 X19.695 Y185.754 E5.1719
G1 X19.98 Y185.483 E5.18763
G1 X19.98 Y182.422 E5.31007
G1 X20.266 Y182.422 E5.32151
G1 X20.266 Y185.211 E5.43307
G1 X20.552 Y184.939 E5.44886
G1 X20.552 Y182.422 E5.54954
G1 X20.837 Y182.422 E5.56094
G1 X20.837 Y184.668 E5.65078
G1 X21.123 Y184.396 E5.66657
G1 X21.123 Y182.422 E5.74553
G1 X21.383 Y182.422 E5.75593
G1 X21.383 Y179.637 E5.86733
G1 X21.408 Y184.125 E6.04685
G1 X21.694 Y183.853 E6.06264
G1 X21.694 Y179.637 E6.23128
G1 X21.98 Y179.637 E6.24272
G1 X21.98 Y183.581 E6.40048
G1 X22.265 Y183.31 E6.41621
G1 X22.265 Y179.637 E6.56313
G1 X22.551 Y179.637 E6.57457
G1 X22.551 Y183.038 E6.71061
G1 X22.837 Y182.767 E6.72637
G1 X22.837 Y179.637 E6.85157
G1 X23.122 Y179.637 E6.86297
G1 X23.122 Y182.495 E6.97729
G1 X23.408 Y182.224 E6.99305
G1 X23.408 Y179.637 E7.09653
G1 X23.693 Y179.637 E7.10793
G1 X23.693 Y181.952 E7.20053
G1 X23.979 Y181.68 E7.21632
G1 X23.979 Y179.637 E7.29804
G1 X24.169 Y179.637 E7.30564
G1 X24.169 Y176.851 E7.41708
G1 X24.265 Y176.851 E7.42092
G1 X24.265 Y181.409 E7.60324
G1 X24.55 Y181.137 E7.619
G1 X24.55 Y176.851 E7.79044
G1 X24.836 Y176.851 E7.80188
G1 X24.836 Y180.866 E7.96248
G1 X25.122 Y180.594 E7.97827
G1 X25.122 Y176.851 E8.12799
G1 X25.407 Y176.851 E8.13939
G1 X25.407 Y180.322 E8.27823
G1 X25.693 Y180.051 E8.29399
G1 X25.693 Y176.851 E8.42199
G1 X25.978 Y176.851 E8.43339
G1 X25.978 Y179.779 E8.55051
G1 X26.264 Y179.508 E8.56627
G1 X26.264 Y176.851 E8.67255
G1 X26.55 Y176.851 E8.68399
G1 X26.55 Y179.236 E8.77939
G1 X26.835 Y178.965 E8.79512
G1 X26.835 Y176.851 E8.87968
G1 X26.955 Y176.851 E8.88448
G1 X26.955 Y174.065 E8.99592
G1 X27.121 Y174.065 E9.00256
G1 X27.121 Y178.693 E9.18768
G1 X27.406 Y178.421 E9.20344
G1 X27.406 Y174.065 E9.37768
G1 X27.692 Y174.065 E9.38912
G1 X27.692 Y178.15 E9.55252
G1 X27.978 Y177.878 E9.56831
G1 X27.978 Y174.065 E9.72083
G1 X28.263 Y174.065 E9.73223
G1 X28.263 Y177.607 E9.87391
G1 X28.549 Y177.335 E9.8897
G1 X28.549 Y174.065 E10.0205
G1 X28.835 Y174.065 E10.03194
G1 X28.835 Y177.064 E10.1519
G1 X29.12 Y176.792 E10.16766
G1 X29.12 Y174.065 E10.27674
G1 X29.406 Y174.065 E10.28818
G1 X29.406 Y176.52 E10.38638
G1 X29.691 Y176.249 E10.40211
G1 X29.74 Y171.28 E10.60088
G1 X29.977 Y171.28 E10.61036
G1 X29.977 Y175.977 E10.79824
G1 X30.263 Y175.706 E10.814
G1 X30.263 Y171.28 E10.99104
G1 X30.548 Y171.28 E11.00244
G1 X30.548 Y175.434 E11.1686
G1 X30.834 Y175.162 E11.18439
G1 X30.834 Y171.28 E11.33967
G1 X31.12 Y171.28 E11.35111
G1 X31.12 Y174.891 E11.49555
G1 X31.405 Y174.619 E11.51131
G1 X31.405 Y171.28 E11.64487
G1 X31.691 Y171.28 E11.65631
G1 X31.691 Y174.348 E11.77903
G1 X31.976 Y174.076 E11.79479
G1 X31.976 Y171.28 E11.90663
G1 X32.262 Y171.28 E11.91807
G1 X32.262 Y173.805 E12.01907
G1 X32.548 Y173.533 E12.03486
G1 X32.548 Y168.494 E12.23642
G1 X32.833 Y168.494 E12.24782
G1 X32.833 Y173.261 E12.4385
G1 X33.119 Y172.99 E12.45426
G1 X33.119 Y168.494 E12.6341
G1 X33.404 Y168.494 E12.6455
G1 X33.404 Y172.718 E12.81446
G1 X33.69 Y172.447 E12.83022
G1 X33.69 Y168.494 E12.98834
G1 X33.976 Y168.494 E12.99978
G1 X33.976 Y172.175 E13.14702
G1 X34.261 Y171.903 E13.16278
G1 X34.261 Y168.494 E13.29914
G1 X34.547 Y168.494 E13.31058
G1 X34.547 Y171.632 E13.4361
G1 X34.833 Y171.36 E13.45189
G1 X34.833 Y168.494 E13.56653
G1 X35.118 Y168.494 E13.57793
G1 X35.118 Y171.089 E13.68173
G1 X35.404 Y170.817 E13.69752
G1 X35.404 Y165.708 E13.90188
G1 X35.689 Y165.708 E13.91328
G1 X35.689 Y170.546 E14.1068
G1 X35.975 Y170.274 E14.12259
G1 X35.975 Y165.708 E14.30523
G1 X36.261 Y165.708 E14.31667
G1 X36.261 Y170.002 E14.48843
G1 X36.546 Y169.731 E14.50416
G1 X36.546 Y165.708 E14.66508
G1 X36.832 Y165.708 E14.67652
G1 X36.832 Y169.459 E14.82656
G1 X37.118 Y169.188 E14.84232
G1 X37.118 Y165.708 E14.98152
G1 X37.403 Y165.708 E14.99292
G1 X37.403 Y168.916 E15.12124
G1 X37.689 Y168.645 E15.137
G1 X37.689 Y165.708 E15.25448
G1 X37.974 Y165.708 E15.26588
G1 X37.974 Y168.373 E15.37248
G1 X38.26 Y168.101 E15.38827
G1 X38.26 Y162.923 E15.59539
G1 X38.546 Y162.923 E15.60683
G1 X38.546 Y167.83 E15.80311
G1 X38.831 Y167.558 E15.81887
G1 X38.831 Y162.923 E16.00427
G1 X39.117 Y162.923 E16.01571
G1 X39.117 Y167.287 E16.19027
G1 X39.402 Y167.015 E16.20603
G1 X39.402 Y162.923 E16.36971
G1 X39.688 Y162.923 E16.38115
G1 X39.688 Y166.743 E16.53395
G1 X39.974 Y166.472 E16.54971
G1 X39.974 Y162.923 E16.69167
G1 X40.259 Y162.923 E16.70307
G1 X40.259 Y166.2 E16.83415
G1 X40.545 Y165.929 E16.84991
G1 X40.545 Y162.923 E16.97015
G1 X40.831 Y162.923 E16.98159
G1 X40.831 Y165.657 E17.09095
G1 X41.116 Y165.386 E17.10668
G1 X41.116 Y160.137 E17.31664
G1 X41.402 Y160.137 E17.32808
G1 X41.402 Y165.114 E17.52716
G1 X41.687 Y164.842 E17.54292
G1 X41.687 Y160.137 E17.73112
G1 X41.973 Y160.137 E17.74256
G1 X41.973 Y164.571 E17.91992
G1 X42.259 Y164.299 E17.93571
G1 X42.259 Y160.137 E18.10219
G1 X42.544 Y160.137 E18.11359
G1 X42.544 Y164.028 E18.26923
G1 X42.83 Y163.756 E18.28502
G1 X42.83 Y160.137 E18.42978
G1 X43.116 Y160.137 E18.44122
G1 X43.116 Y163.484 E18.5751
G1 X43.401 Y163.213 E18.59083
G1 X43.401 Y160.137 E18.71387
G1 X43.687 Y160.137 E18.72531
G1 X43.687 Y162.941 E18.83747
G1 X43.972 Y162.67 E18.8532
G1 X43.972 Y160.137 E18.95452
G1 X44.258 Y160.137 E18.96596
G1 X44.258 Y162.398 E19.0564
G1 X44.544 Y162.127 E19.07216
G1 X44.544 Y160.137 E19.15176
G1 X44.829 Y160.137 E19.16316
G1 X44.829 Y161.855 E19.23188
G1 X45.115 Y161.583 E19.24767
G1 X45.115 Y160.137 E19.30551
G1 X45.4 Y160.137 E19.31691
G1 X45.4 Y161.312 E19.36391
G1 X45.686 Y161.04 E19.3797
G1 X45.686 Y160.137 E19.41582
G1 X45.972 Y160.137 E19.42726
G1 X45.972 Y160.769 E19.45254
G1 X46.257 Y160.497 E19.4683
G1 X46.257 Y160.137 E19.4827
G1 X46.454 Y160.137 E19.49058
G1 X46.454 Y157.352 E19.60198
G1 X46.543 Y157.352 E19.60554
G1 X46.543 Y160.226 E19.7205
G1 X46.829 Y159.954 E19.73629
G1 X46.829 Y157.352 E19.84037
G1 X47.114 Y157.352 E19.85177
G1 X47.114 Y159.682 E19.94497
G1 X47.4 Y159.411 E19.96073
G1 X47.4 Y157.352 E20.04309
G1 X47.685 Y157.352 E20.05449
G1 X47.685 Y159.139 E20.12597
G1 X47.971 Y158.868 E20.14173
G1 X47.971 Y157.352 E20.20237
G1 X48.257 Y157.352 E20.21381
G1 X48.257 Y158.596 E20.26357
G1 X48.542 Y158.324 E20.27933
G1 X48.542 Y157.352 E20.31821
G1 X48.828 Y157.352 E20.32965
G1 X48.828 Y158.053 E20.35769
G1 X49.114 Y157.781 E20.37348
G1 X49.114 Y157.352 E20.39064
G1 X49.24 Y157.352 E20.39568
G1 X49.24 Y154.566 E20.50712
G1 X49.399 Y154.566 E20.51348
G1 X49.399 Y157.51 E20.63124
G1 X49.685 Y157.238 E20.64703
G1 X49.685 Y154.566 E20.75391
G1 X49.97 Y154.566 E20.76531
G1 X49.97 Y156.967 E20.86135
G1 X50.256 Y156.695 E20.87714
G1 X50.256 Y154.566 E20.9623
G1 X50.542 Y154.566 E20.97374
G1 X50.542 Y156.423 E21.04802
G1 X50.827 Y156.152 E21.06375
G1 X50.827 Y154.566 E21.12719
G1 X51.113 Y154.566 E21.13863
G1 X51.113 Y155.88 E21.19119
G1 X51.398 Y155.609 E21.20692
G1 X51.398 Y154.566 E21.24864
G1 X51.684 Y154.566 E21.26008
G1 X51.684 Y155.337 E21.29092
G1 X51.97 Y155.065 E21.30671
G1 X52.025 Y151.78 E21.43813
G1 X52.255 Y151.78 E21.44733
G1 X52.255 Y154.794 E21.56789
G1 X52.541 Y154.522 E21.58368
G1 X52.541 Y151.78 E21.69336
G1 X52.827 Y151.78 E21.7048
G1 X52.827 Y154.251 E21.80364
G1 X53.112 Y153.979 E21.8194
G1 X53.112 Y151.78 E21.90736
G1 X53.398 Y151.78 E21.9188
G1 X53.398 Y153.708 E21.99592
G1 X53.683 Y153.436 E22.01168
G1 X53.683 Y151.78 E22.07792
G1 X53.969 Y151.78 E22.08936
G1 X53.969 Y153.164 E22.14472
G1 X54.255 Y152.893 E22.16048
G1 X54.255 Y151.78 E22.205
G1 X54.54 Y151.78 E22.2164
G1 X54.54 Y152.621 E22.25004
G1 X54.826 Y152.35 E22.2658
G1 X54.826 Y148.995 E22.4
G1 X55.112 Y148.995 E22.41144
G1 X55.112 Y152.078 E22.53476
G1 X55.397 Y151.807 E22.55049
G1 X55.397 Y148.995 E22.66297
G1 X55.683 Y148.995 E22.67441
G1 X55.683 Y151.535 E22.77601
G1 X55.968 Y151.263 E22.79177
G1 X55.968 Y148.995 E22.88249
G1 X56.254 Y148.995 E22.89393
G1 X56.254 Y150.992 E22.97381
G1 X56.54 Y150.72 E22.9896
G1 X56.54 Y148.995 E23.0586
G1 X56.825 Y148.995 E23.07
G1 X56.825 Y150.449 E23.12816
G1 X57.111 Y150.177 E23.14395
G1 X57.111 Y148.995 E23.19123
G1 X57.396 Y148.995 E23.20263
G1 X57.396 Y149.905 E23.23903
G1 X57.682 Y149.634 E23.25479
G1 X57.682 Y146.209 E23.39179
G1 X57.968 Y146.209 E23.40323
G1 X57.968 Y149.362 E23.52935
G1 X58.253 Y149.091 E23.54508
G1 X58.253 Y146.209 E23.66036
G1 X58.539 Y146.209 E23.6718
G1 X58.539 Y148.819 E23.7762
G1 X58.825 Y148.548 E23.79196
G1 X58.825 Y146.209 E23.88552
G1 X59.11 Y146.209 E23.89692
G1 X59.11 Y148.276 E23.9796
G1 X59.396 Y148.004 E23.99539
G1 X59.396 Y146.209 E24.06719
G1 X59.681 Y146.209 E24.07859
G1 X59.681 Y147.733 E24.13955
G1 X59.967 Y147.461 E24.15534
G1 X59.967 Y146.209 E24.20542
G1 X60.253 Y146.209 E24.21686
G1 X60.253 Y147.19 E24.2561
G1 X60.538 Y146.918 E24.27186
G1 X60.538 Y143.423 E24.41166
G1 X60.824 Y143.423 E24.4231
G1 X60.824 Y146.646 E24.55202
G1 X61.11 Y146.375 E24.56778
G1 X61.11 Y143.423 E24.68586
G1 X61.395 Y143.423 E24.69726
G1 X61.395 Y146.103 E24.80446
G1 X61.681 Y145.832 E24.82022
G1 X61.681 Y143.423 E24.91658
G1 X61.966 Y143.423 E24.92798
G1 X61.966 Y145.56 E25.01346
G1 X62.252 Y145.289 E25.02922
G1 X62.252 Y143.423 E25.10386
G1 X62.538 Y143.423 E25.1153
G1 X62.538 Y145.017 E25.17906
G1 X62.823 Y144.745 E25.19482
G1 X62.823 Y143.423 E25.2477
G1 X63.109 Y143.423 E25.25914
G1 X63.109 Y144.474 E25.30118
G1 X63.394 Y144.202 E25.31694
G1 X63.394 Y140.638 E25.4595
G1 X63.68 Y140.638 E25.47094
G1 X63.68 Y143.931 E25.60266
G1 X63.966 Y143.659 E25.61845
G1 X63.966 Y140.638 E25.73929
G1 X64.251 Y140.638 E25.75069
G1 X64.251 Y143.388 E25.86069
G1 X64.537 Y143.116 E25.87648
G1 X64.537 Y140.638 E25.9756
G1 X64.823 Y140.638 E25.98704
G1 X64.823 Y142.844 E26.07528
G1 X65.108 Y142.573 E26.09101
G1 X65.108 Y140.638 E26.16841
G1 X65.394 Y140.638 E26.17985
G1 X65.394 Y142.301 E26.24637
G1 X65.679 Y142.03 E26.2621
G1 X65.679 Y140.638 E26.31778
G1 X65.953 Y140.638 E26.32874
G1 X65.953 Y137.852 E26.44018
G1 X65.965 Y141.758 E26.59642
G1 X66.251 Y141.486 E26.61221
G1 X66.251 Y137.852 E26.75757
G1 X66.536 Y137.852 E26.76897
G1 X66.536 Y141.215 E26.90349
G1 X66.822 Y140.943 E26.91928
G1 X66.822 Y137.852 E27.04292
G1 X67.107 Y137.852 E27.05432
G1 X67.107 Y140.672 E27.16712
G1 X67.393 Y140.4 E27.18291
G1 X67.393 Y137.852 E27.28483
G1 X67.679 Y137.852 E27.29627
G1 X67.679 Y140.129 E27.38735
G1 X67.964 Y139.857 E27.40311
G1 X67.964 Y137.852 E27.48331
G1 X68.25 Y137.852 E27.49475
G1 X68.25 Y139.585 E27.56407
G1 X68.536 Y139.314 E27.57983
G1 X68.536 Y137.852 E27.63831
G1 X68.739 Y137.852 E27.64643
G1 X68.739 Y135.067 E27.75783
G1 X68.821 Y135.067 E27.76111
G1 X68.821 Y139.042 E27.92011
G1 X69.107 Y138.771 E27.93587
G1 X69.107 Y135.067 E28.08403
G1 X69.392 Y135.067 E28.09543
G1 X69.392 Y138.499 E28.23271
G1 X69.678 Y138.227 E28.2485
G1 X69.678 Y135.067 E28.3749
G1 X69.964 Y135.067 E28.38634
G1 X69.964 Y137.956 E28.5019
G1 X70.249 Y137.684 E28.51766
G1 X70.249 Y135.067 E28.62234
G1 X70.535 Y135.067 E28.63378
G1 X70.535 Y137.413 E28.72762
G1 X70.821 Y137.141 E28.74341
G1 X70.821 Y135.067 E28.82637
G1 X71.106 Y135.067 E28.83777
G1 X71.106 Y136.87 E28.90989
G1 X71.392 Y136.598 E28.92568
G1 X71.392 Y135.067 E28.98692
G1 X71.525 Y135.067 E28.99224
G1 X71.525 Y132.281 E29.10368
G1 X71.677 Y132.281 E29.10976
G1 X71.677 Y136.326 E29.27156
G1 X71.963 Y136.055 E29.28732
G1 X71.963 Y132.281 E29.43828
G1 X72.249 Y132.281 E29.44972
G1 X72.249 Y135.783 E29.5898
G1 X72.534 Y135.512 E29.60553
G1 X72.534 Y132.281 E29.73477
G1 X72.82 Y132.281 E29.74621
G1 X72.82 Y135.24 E29.86457
G1 X73.105 Y134.969 E29.8803
G1 X73.105 Y132.281 E29.98782
G1 X73.391 Y132.281 E29.99926
G1 X73.391 Y134.697 E30.0959
G1 X73.677 Y134.425 E30.11169
G1 X73.677 Y132.281 E30.19745
G1 X73.962 Y132.281 E30.20885
G1 X73.962 Y134.154 E30.28377
G1 X74.248 Y133.882 E30.29956
G1 X74.31 Y129.495 E30.47506
G1 X74.534 Y129.495 E30.48402
G1 X74.534 Y133.611 E30.64866
G1 X74.819 Y133.339 E30.66442
G1 X74.819 Y129.495 E30.81818
G1 X75.105 Y129.495 E30.82962
G1 X75.105 Y133.067 E30.9725
G1 X75.39 Y132.796 E30.98823
G1 X75.39 Y129.495 E31.12027
G1 X75.676 Y129.495 E31.13171
G1 X75.676 Y132.524 E31.25287
G1 X75.962 Y132.253 E31.26863
G1 X75.962 Y129.495 E31.37895
G1 X76.247 Y129.495 E31.39035
G1 X76.247 Y131.981 E31.48979
G1 X76.533 Y131.71 E31.50555
G1 X76.533 Y129.495 E31.59415
G1 X76.819 Y129.495 E31.60559
G1 X76.819 Y131.438 E31.68331
G1 X77.104 Y131.166 E31.69907
G1 X77.104 Y126.71 E31.87731
G1 X77.39 Y126.71 E31.88875
G1 X77.39 Y130.895 E32.05615
G1 X77.675 Y130.623 E32.07191
G1 X77.675 Y126.71 E32.22843
G1 X77.961 Y126.71 E32.23987
G1 X77.961 Y130.352 E32.38555
G1 X78.247 Y130.08 E32.40134
G1 X78.247 Y126.71 E32.53614
G1 X78.532 Y126.71 E32.54754
G1 X78.532 Y129.808 E32.67146
G1 X78.818 Y129.537 E32.68722
G1 X78.818 Y126.71 E32.8003
G1 X79.103 Y126.71 E32.8117
G1 X79.103 Y129.265 E32.9139
G1 X79.389 Y128.994 E32.92966
G1 X79.389 Y126.71 E33.02102
G1 X79.675 Y126.71 E33.03246
G1 X79.675 Y128.722 E33.11294
G1 X79.96 Y128.451 E33.12867
G1 X79.96 Y123.924 E33.30975
G1 X80.246 Y123.924 E33.32119
G1 X80.246 Y128.179 E33.49139
G1 X80.532 Y127.907 E33.50718
G1 X80.532 Y123.924 E33.6665
G1 X80.817 Y123.924 E33.6779
G1 X80.817 Y127.636 E33.82638
G1 X81.103 Y127.364 E33.84217
G1 X81.103 Y123.924 E33.97977
G1 X81.388 Y123.924 E33.99117
G1 X81.388 Y127.093 E34.11793
G1 X81.674 Y126.821 E34.13372
G1 X81.674 Y123.924 E34.2496
G1 X81.96 Y123.924 E34.26104
G1 X81.96 Y126.55 E34.36608
G1 X82.245 Y126.278 E34.38184
G1 X82.245 Y123.924 E34.476
G1 X82.531 Y123.924 E34.48744
G1 X82.531 Y126.006 E34.57072
G1 X82.817 Y125.735 E34.58648
G1 X82.817 Y121.138 E34.77036
G1 X83.102 Y121.138 E34.78176
G1 X83.102 Y125.463 E34.95476
G1 X83.388 Y125.192 E34.97052
G1 X83.388 Y121.138 E35.13268
G1 X83.673 Y121.138 E35.14408
G1 X83.673 Y124.92 E35.29536
G1 X83.959 Y124.648 E35.31115
G1 X83.959 Y121.138 E35.45155
G1 X84.245 Y121.138 E35.46299
G1 X84.245 Y124.377 E35.59255
G1 X84.53 Y124.105 E35.60831
G1 X84.53 Y121.138 E35.72699
G1 X84.816 Y121.138 E35.73843
G1 X84.816 Y123.834 E35.84627
G1 X85.101 Y123.562 E35.86203
G1 X85.101 Y121.138 E35.95899
G1 X85.387 Y121.138 E35.97043
G1 X85.387 Y123.291 E36.05655
G1 X85.673 Y123.019 E36.07234
G1 X85.673 Y118.353 E36.25898
G1 X85.958 Y118.353 E36.27038
G1 X85.958 Y122.747 E36.44614
G1 X86.244 Y122.476 E36.4619
G1 X86.244 Y118.353 E36.62682
G1 X86.53 Y118.353 E36.63826
G1 X86.53 Y122.204 E36.7923
G1 X86.815 Y121.933 E36.80803
G1 X86.815 Y118.353 E36.95123
G1 X87.101 Y118.353 E36.96267
G1 X87.101 Y121.661 E37.09499
G1 X87.386 Y121.389 E37.11075
G1 X87.386 Y118.353 E37.23219
G1 X87.672 Y118.353 E37.24363
G1 X87.672 Y121.118 E37.35423
G1 X87.958 Y120.846 E37.37002
G1 X87.958 Y118.353 E37.46974
G1 X88.238 Y118.353 E37.48094
G1 X88.238 Y115.567 E37.59238
G1 X88.243 Y120.575 E37.7927
G1 X88.529 Y120.303 E37.80849
G1 X88.529 Y115.567 E37.99793
G1 X88.815 Y115.567 E38.00937
G1 X88.815 Y120.032 E38.18797
G1 X89.1 Y119.76 E38.20373
G1 X89.1 Y115.567 E38.37145
G1 X89.386 Y115.567 E38.38289
G1 X89.386 Y119.488 E38.53973
G1 X89.671 Y119.217 E38.55546
G1 X89.671 Y115.567 E38.70146
G1 X89.957 Y115.567 E38.7129
G1 X89.957 Y118.945 E38.84802
G1 X90.243 Y118.674 E38.86378
G1 X90.243 Y115.567 E38.98806
G1 X90.528 Y115.567 E38.99946
G1 X90.528 Y118.402 E39.11286
G1 X90.814 Y118.131 E39.12862
G1 X90.814 Y115.567 E39.23118
G1 X91.024 Y115.567 E39.23958
G1 X91.024 Y112.782 E39.35098
G1 X91.099 Y112.782 E39.35398
G1 X91.099 Y117.859 E39.55706
G1 X91.385 Y117.587 E39.57285
G1 X91.385 Y112.782 E39.76505
G1 X91.671 Y112.782 E39.77649
G1 X91.671 Y117.316 E39.95785
G1 X91.956 Y117.044 E39.97361
G1 X91.956 Y112.782 E40.14409
G1 X92.242 Y112.782 E40.15553
G1 X92.242 Y116.773 E40.31517
G1 X92.528 Y116.501 E40.33096
G1 X92.528 Y112.782 E40.47972
G1 X92.813 Y112.782 E40.49112
G1 X92.813 Y116.229 E40.629
G1 X93.099 Y115.958 E40.64476
G1 X93.099 Y112.782 E40.7718
G1 X93.384 Y112.782 E40.7832
G1 X93.384 Y115.686 E40.89936
G1 X93.67 Y115.415 E40.91512
G1 X93.67 Y112.782 E41.02044
G1 X93.81 Y112.782 E41.02604
G1 X93.81 Y109.996 E41.13748
G1 X93.956 Y109.996 E41.14332
G1 X93.956 Y115.143 E41.3492
G1 X94.241 Y114.872 E41.36493
G1 X94.241 Y109.996 E41.55997
G1 X94.527 Y109.996 E41.57141
G1 X94.527 Y114.6 E41.75557
G1 X94.813 Y114.328 E41.77136
G1 X94.813 Y109.996 E41.94464
G1 X95.098 Y109.996 E41.95604
G1 X95.098 Y114.057 E42.11848
G1 X95.384 Y113.785 E42.13427
G1 X95.384 Y109.996 E42.28583
G1 X95.669 Y109.996 E42.29723
G1 X95.669 Y113.514 E42.43795
G1 X95.955 Y113.242 E42.45374
G1 X95.955 Y109.996 E42.58358
G1 X96.241 Y109.996 E42.59502
G1 X96.241 Y112.97 E42.71398
G1 X96.526 Y112.699 E42.72971
G1 X96.595 Y107.21 E42.94929
G1 X96.812 Y107.21 E42.95797
G1 X96.812 Y112.427 E43.16665
G1 X97.097 Y112.156 E43.18238
G1 X97.097 Y107.21 E43.38022
G1 X97.383 Y107.21 E43.39166
G1 X97.383 Y111.884 E43.57862
G1 X97.669 Y111.613 E43.59438
G1 X97.669 Y107.21 E43.7705
G1 X97.954 Y107.21 E43.7819
G1 X97.954 Y111.341 E43.94714
G1 X98.24 Y111.069 E43.96293
G1 X98.24 Y107.21 E44.11729
G1 X98.526 Y107.21 E44.12873
G1 X98.526 Y110.798 E44.27225
G1 X98.811 Y110.526 E44.28801
G1 X98.811 Y107.21 E44.42065
G1 X99.097 Y107.21 E44.43209
G1 X99.097 Y110.255 E44.55389
G1 X99.382 Y109.983 E44.56965
G1 X99.382 Y107.21 E44.68057
G1 X99.668 Y107.21 E44.69201
G1 X99.668 Y109.712 E44.79209
G1 X99.954 Y109.44 E44.80788
G1 X99.954 Y107.21 E44.89708
G1 X100.239 Y107.21 E44.90848
G1 X100.239 Y109.168 E44.9868
G1 X100.525 Y108.897 E45.00256
G1 X100.525 Y107.21 E45.07004
G1 X100.811 Y107.21 E45.08148
G1 X100.811 Y108.625 E45.13808
G1 X101.096 Y108.354 E45.15381
G1 X101.096 Y107.21 E45.19957
G1 X101.382 Y107.21 E45.21101
G1 X101.382 Y108.082 E45.24589
G1 X101.667 Y107.81 E45.26165
G1 X101.667 Y107.21 E45.28565
G1 X101.953 Y107.21 E45.29709
G1 X101.953 Y107.539 E45.31025
G1 X102.239 Y107.267 E45.32604
G1 X102.239 Y104.425 E45.43972
G1 X102.524 Y104.425 E45.45112
G1 X102.524 Y106.996 E45.55396
G1 X102.81 Y106.724 E45.56975
G1 X102.81 Y104.425 E45.66171
G1 X103.095 Y104.425 E45.67311
G1 X103.095 Y106.453 E45.75423
G1 X103.381 Y106.181 E45.77002
G1 X103.381 Y104.425 E45.84026
G1 X103.667 Y104.425 E45.8517
G1 X103.667 Y105.909 E45.91106
G1 X103.952 Y105.638 E45.92679
G1 X103.952 Y104.425 E45.97531
G1 X104.238 Y104.425 E45.98675
G1 X104.238 Y105.366 E46.02439
G1 X104.524 Y105.095 E46.04015
G1 X104.524 Y104.425 E46.06695
G1 X104.809 Y104.425 E46.07835
G1 X104.809 Y104.823 E46.09427
G1 X105.095 Y104.551 E46.11006
G1 X105.095 Y101.639 E46.22654
G1 X105.38 Y101.639 E46.23794
G1 X105.38 Y104.28 E46.34358
G1 X105.666 Y104.008 E46.35937
G1 X105.666 Y101.639 E46.45413
G1 X105.952 Y101.639 E46.46557
G1 X105.952 Y103.737 E46.54949
G1 X106.237 Y103.465 E46.56525
G1 X106.237 Y101.639 E46.63829
G1 X106.523 Y101.639 E46.64973
G1 X106.523 Y103.194 E46.71193
G1 X106.809 Y102.922 E46.72772
G1 X106.809 Y101.639 E46.77904
G1 X107.094 Y101.639 E46.79044
G1 X107.094 Y102.65 E46.83088
G1 X107.38 Y102.379 E46.84664
G1 X107.38 Y101.639 E46.87624
G1 X107.665 Y101.639 E46.88764
G1 X107.665 Y102.107 E46.90636
G1 X107.951 Y101.836 E46.92212
G1 X107.951 Y98.854 E47.0414
G1 X108.237 Y98.854 E47.05284
G1 X108.237 Y101.564 E47.16124
G1 X108.522 Y101.293 E47.17697
G1 X108.522 Y98.854 E47.27453
G1 X108.808 Y98.854 E47.28597
G1 X108.808 Y101.021 E47.37265
G1 X109.093 Y100.749 E47.38841
G1 X109.093 Y98.854 E47.46421
G1 X109.379 Y98.854 E47.47565
G1 X109.379 Y100.478 E47.54061
G1 X109.665 Y100.206 E47.5564
G1 X109.665 Y98.854 E47.61048
G1 X109.95 Y98.854 E47.62188
G1 X109.95 Y99.935 E47.66512
G1 X110.236 Y99.663 E47.68091
G1 X110.236 Y98.854 E47.71327
G1 X110.522 Y98.854 E47.72471
G1 X110.522 Y99.391 E47.74619
G1 X110.807 Y99.12 E47.76192
G1 X110.807 Y96.068 E47.884
G1 X111.093 Y96.068 E47.89544
G1 X111.093 Y98.848 E48.00664
G1 X111.378 Y98.577 E48.02237
G1 X111.378 Y96.068 E48.12273
G1 X111.664 Y96.068 E48.13417
G1 X111.664 Y98.305 E48.22365
G1 X111.95 Y98.034 E48.23941
G1 X111.95 Y96.068 E48.31805
G1 X112.235 Y96.068 E48.32945
G1 X112.235 Y97.762 E48.39721
G1 X112.521 Y97.49 E48.413
G1 X112.521 Y96.068 E48.46988
G1 X112.807 Y96.068 E48.48132
G1 X112.807 Y97.219 E48.52736
G1 X113.092 Y96.947 E48.54312
G1 X113.092 Y96.068 E48.57828
G1 X113.309 Y96.068 E48.58696
G1 X113.309 Y93.282 E48.6984
G1 X113.378 Y93.282 E48.70116
G1 X113.378 Y96.676 E48.83692
G1 X113.663 Y96.404 E48.85268
G1 X113.663 Y93.282 E48.97756
G1 X113.949 Y93.282 E48.989
G1 X113.949 Y96.132 E49.103
G1 X114.235 Y95.861 E49.11876
G1 X114.235 Y93.282 E49.22192
G1 X114.52 Y93.282 E49.23332
G1 X114.52 Y95.589 E49.3256
G1 X114.806 Y95.318 E49.34136
G1 X114.806 Y93.282 E49.4228
G1 X115.091 Y93.282 E49.4342
G1 X115.091 Y95.046 E49.50476
G1 X115.377 Y94.775 E49.52052
G1 X115.377 Y93.282 E49.58024
G1 X115.663 Y93.282 E49.59168
G1 X115.663 Y94.503 E49.64052
G1 X115.948 Y94.231 E49.65628
G1 X115.948 Y93.282 E49.69424
G1 X116.095 Y93.282 E49.70012
G1 X116.095 Y90.497 E49.81152
G1 X116.234 Y90.497 E49.81708
G1 X116.234 Y93.96 E49.9556
G1 X116.52 Y93.688 E49.97139
G1 X116.52 Y90.497 E50.09903
G1 X116.805 Y90.497 E50.11043
G1 X116.805 Y93.417 E50.22723
G1 X117.091 Y93.145 E50.24302
G1 X117.091 Y90.497 E50.34894
G1 X117.376 Y90.497 E50.36034
G1 X117.376 Y92.874 E50.45542
G1 X117.662 Y92.602 E50.47121
G1 X117.662 Y90.497 E50.55541
G1 X117.948 Y90.497 E50.56685
G1 X117.948 Y92.33 E50.64017
G1 X118.233 Y92.059 E50.6559
G1 X118.233 Y90.497 E50.71838
G1 X118.519 Y90.497 E50.72982
G1 X118.519 Y91.787 E50.78142
G1 X118.805 Y91.516 E50.79718
G1 X118.805 Y90.497 E50.83794
G1 X118.88 Y90.497 E50.84094
G1 X118.88 Y87.711 E50.95238
G1 X119.09 Y87.711 E50.96078
G1 X119.09 Y91.244 E51.1021
G1 X119.376 Y90.972 E51.11789
G1 X119.376 Y87.711 E51.24833
G1 X119.661 Y87.711 E51.25973
G1 X119.661 Y90.701 E51.37933
G1 X119.947 Y90.429 E51.39512
G1 X119.947 Y87.711 E51.50384
G1 X120.233 Y87.711 E51.51528
G1 X120.233 Y90.158 E51.61316
G1 X120.518 Y89.886 E51.62892
G1 X120.518 Y87.711 E51.71592
G1 X120.804 Y87.711 E51.72736
G1 X120.804 Y89.615 E51.80352
G1 X121.089 Y89.343 E51.81928
G1 X121.089 Y87.711 E51.88456
G1 X121.375 Y87.711 E51.896
G1 X121.375 Y89.071 E51.9504
G1 X121.661 Y88.8 E51.96616
G1 X121.666 Y84.925 E52.12116
G1 X121.946 Y84.925 E52.13236
G1 X121.946 Y88.528 E52.27648
G1 X122.232 Y88.257 E52.29224
G1 X122.232 Y84.925 E52.42552
G1 X122.518 Y84.925 E52.43696
G1 X122.518 Y87.985 E52.55936
G1 X122.803 Y87.713 E52.57512
G1 X122.803 Y84.925 E52.68664
G1 X123.089 Y84.925 E52.69808
G1 X123.089 Y87.442 E52.79876
G1 X123.374 Y87.17 E52.81452
G1 X123.374 Y84.925 E52.90432
G1 X123.66 Y84.925 E52.91576
G1 X123.66 Y86.899 E52.99472
G1 X123.946 Y86.627 E53.01051
G1 X123.946 Y84.925 E53.07859
G1 X124.231 Y84.925 E53.08999
G1 X124.231 Y86.356 E53.14723
G1 X124.517 Y86.084 E53.16302
G1 X124.517 Y82.14 E53.32078
G1 X124.803 Y82.14 E53.33222
G1 X124.803 Y85.812 E53.4791
G1 X125.088 Y85.541 E53.49483
G1 X125.088 Y82.14 E53.63087
G1 X125.374 Y82.14 E53.64231
G1 X125.374 Y85.269 E53.76747
G1 X125.659 Y84.998 E53.7832
G1 X125.659 Y82.14 E53.89752
G1 X125.945 Y82.14 E53.90896
G1 X125.945 Y84.726 E54.0124
G1 X126.231 Y84.455 E54.02816
G1 X126.231 Y82.14 E54.12076
G1 X126.516 Y82.14 E54.13216
G1 X126.516 Y84.183 E54.21388
G1 X126.802 Y83.911 E54.22967
G1 X126.802 Y82.14 E54.30051
G1 X127.087 Y82.14 E54.31191
G1 X127.087 Y83.64 E54.37191
G1 X127.373 Y83.368 E54.3877
G1 X127.373 Y79.354 E54.54826
G1 X127.659 Y79.354 E54.5597
G1 X127.659 Y83.097 E54.70942
G1 X127.944 Y82.825 E54.72518
G1 X127.944 Y79.354 E54.86402
G1 X128.23 Y79.354 E54.87546
G1 X128.23 Y82.553 E55.00342
G1 X128.516 Y82.282 E55.01918
G1 X128.516 Y79.354 E55.1363
G1 X128.801 Y79.354 E55.1477
G1 X128.801 Y82.01 E55.25394
G1 X129.087 Y81.739 E55.2697
G1 X129.087 Y79.354 E55.3651
G1 X129.372 Y79.354 E55.3765
G1 X129.372 Y81.467 E55.46102
G1 X129.658 Y81.196 E55.47678
G1 X129.658 Y79.354 E55.55046
G1 X129.944 Y79.354 E55.5619
G1 X129.944 Y80.924 E55.6247
G1 X130.229 Y80.652 E55.64046
G1 X130.229 Y76.569 E55.80378
G1 X130.515 Y76.569 E55.81522
G1 X130.515 Y80.381 E55.9677
G1 X130.801 Y80.109 E55.98349
G1 X130.801 Y76.569 E56.12509
G1 X131.086 Y76.569 E56.13649
G1 X131.086 Y79.838 E56.26725
G1 X131.372 Y79.566 E56.28304
G1 X131.372 Y76.569 E56.40292
G1 X131.657 Y76.569 E56.41432
G1 X131.657 Y79.294 E56.52332
G1 X131.943 Y79.023 E56.53908
G1 X131.943 Y76.569 E56.63724
G1 X132.229 Y76.569 E56.64868
G1 X132.229 Y78.751 E56.73596
G1 X132.514 Y78.48 E56.75169
G1 X132.514 Y76.569 E56.82813
G1 X132.8 Y76.569 E56.83957
G1 X132.8 Y78.208 E56.90513
G1 X133.085 Y77.937 E56.92086
G1 X133.085 Y73.783 E57.08702
G1 X133.371 Y73.783 E57.09846
G1 X133.371 Y77.665 E57.25374
G1 X133.657 Y77.393 E57.26953
G1 X133.657 Y73.783 E57.41393
G1 X133.942 Y73.783 E57.42533
G1 X133.942 Y77.122 E57.55889
G1 X134.228 Y76.85 E57.57468
G1 X134.228 Y73.783 E57.69736
G1 X134.514 Y73.783 E57.7088
G1 X134.514 Y76.579 E57.82064
G1 X134.799 Y76.307 E57.8364
G1 X134.799 Y73.783 E57.93736
G1 X135.085 Y73.783 E57.9488
G1 X135.085 Y76.036 E58.03892
G1 X135.37 Y75.764 E58.05468
G1 X135.37 Y73.783 E58.13392
G1 X135.594 Y73.783 E58.14288
G1 X135.594 Y70.997 E58.25432
G1 X135.656 Y70.997 E58.2568
G1 X135.656 Y75.492 E58.4366
G1 X135.942 Y75.221 E58.45236
G1 X135.942 Y70.997 E58.62132
G1 X136.227 Y70.997 E58.63272
G1 X136.227 Y74.949 E58.7908
G1 X136.513 Y74.678 E58.80656
G1 X136.513 Y70.997 E58.9538
G1 X136.799 Y70.997 E58.96524
G1 X136.799 Y74.406 E59.1016
G1 X137.084 Y74.134 E59.11736
G1 X137.084 Y70.997 E59.24284
G1 X137.37 Y70.997 E59.25428
G1 X137.37 Y73.863 E59.36892
G1 X137.655 Y73.591 E59.38468
G1 X137.655 Y70.997 E59.48844
G1 X137.941 Y70.997 E59.49988
G1 X137.941 Y73.32 E59.5928
G1 X138.227 Y73.048 E59.60859
G1 X138.227 Y70.997 E59.69063
G1 X138.38 Y70.997 E59.69675
G1 X138.38 Y68.212 E59.80815
G1 X138.512 Y68.212 E59.81343
G1 X138.512 Y72.777 E59.99603
G1 X138.798 Y72.505 E60.01182
G1 X138.798 Y68.212 E60.18354
G1 X139.083 Y68.212 E60.19494
G1 X139.083 Y72.233 E60.35578
G1 X139.369 Y71.962 E60.37154
G1 X139.369 Y68.212 E60.52154
G1 X139.655 Y68.212 E60.53298
G1 X139.655 Y71.69 E60.6721
G1 X139.94 Y71.419 E60.68783
G1 X139.94 Y68.212 E60.81611
G1 X140.226 Y68.212 E60.82755
G1 X140.226 Y71.147 E60.94495
G1 X140.512 Y70.875 E60.96074
G1 X140.512 Y68.212 E61.06726
G1 X140.797 Y68.212 E61.07866
G1 X140.797 Y70.604 E61.17434
G1 X141.083 Y70.332 E61.19013
G1 X141.165 Y65.426 E61.3864
G1 X141.368 Y65.426 E61.39452
G1 X141.368 Y70.061 E61.57992
G1 X141.654 Y69.789 E61.59571
G1 X141.654 Y65.426 E61.77023
G1 X141.94 Y65.426 E61.78167
G1 X141.94 Y69.518 E61.94535
G1 X142.225 Y69.246 E61.96111
G1 X142.225 Y65.426 E62.11391
G1 X142.511 Y65.426 E62.12535
G1 X142.511 Y68.974 E62.26727
G1 X142.797 Y68.703 E62.28303
G1 X142.797 Y65.426 E62.41411
G1 X143.082 Y65.426 E62.42551
G1 X143.082 Y68.431 E62.54571
G1 X143.368 Y68.16 E62.56147
G1 X143.368 Y65.426 E62.67083
G1 X143.653 Y65.426 E62.68223
G1 X143.653 Y67.888 E62.78071
G1 X143.939 Y67.616 E62.7965
G1 X143.951 Y62.64 E62.99554
G1 X144.225 Y62.64 E63.0065
G1 X144.225 Y67.345 E63.1947
G1 X144.51 Y67.073 E63.21046
G1 X144.51 Y62.64 E63.38778
G1 X144.796 Y62.64 E63.39922
G1 X144.796 Y66.802 E63.5657
G1 X145.081 Y66.53 E63.58146
G1 X145.081 Y62.64 E63.73706
G1 X145.367 Y62.64 E63.7485
G1 X145.367 Y66.259 E63.89326
G1 X145.653 Y65.987 E63.90905
G1 X145.653 Y62.64 E64.04293
G1 X145.938 Y62.64 E64.05433
G1 X145.938 Y65.715 E64.17733
G1 X146.224 Y65.444 E64.19309
G1 X146.224 Y62.64 E64.30525
G1 X146.51 Y62.64 E64.31669
G1 X146.51 Y65.172 E64.41797
G1 X146.795 Y64.901 E64.4337
G1 X146.795 Y59.855 E64.63554
G1 X147.081 Y59.855 E64.64698
G1 X147.081 Y64.629 E64.83794
G1 X147.366 Y64.358 E64.85367
G1 X147.366 Y59.855 E65.03379
G1 X147.652 Y59.855 E65.04523
G1 X147.652 Y64.086 E65.21447
G1 X147.938 Y63.814 E65.23026
G1 X147.938 Y59.855 E65.38862
G1 X148.223 Y59.855 E65.40002
G1 X148.223 Y63.543 E65.54754
G1 X148.509 Y63.271 E65.56333
G1 X148.509 Y59.855 E65.69997
G1 X148.795 Y59.855 E65.71141
G1 X148.795 Y63 E65.83721
G1 X149.08 Y62.728 E65.85297
G1 X149.08 Y59.855 E65.96789
G1 X149.366 Y59.855 E65.97933
G1 X149.366 Y62.456 E66.08337
G1 X149.651 Y62.185 E66.0991
G1 X149.651 Y57.069 E66.30374
G1 X149.937 Y57.069 E66.31518
G1 X149.937 Y61.913 E66.50894
G1 X150.223 Y61.642 E66.5247
G1 X150.223 Y57.069 E66.70762
G1 X150.508 Y57.069 E66.71902
G1 X150.508 Y61.37 E66.89106
G1 X150.794 Y61.099 E66.90682
G1 X150.794 Y57.069 E67.06802
G1 X151.079 Y57.069 E67.07942
G1 X151.079 Y60.827 E67.22974
G1 X151.365 Y60.555 E67.24553
G1 X151.365 Y57.069 E67.38497
G1 X151.651 Y57.069 E67.39641
G1 X151.651 Y60.284 E67.52501
G1 X151.936 Y60.012 E67.54077
G1 X151.936 Y57.069 E67.65849
G1 X152.222 Y57.069 E67.66993
G1 X152.222 Y59.741 E67.77681
G1 X152.508 Y59.469 E67.7926
G1 X152.508 Y54.284 E68
G1 X152.793 Y54.284 E68.0114
G1 X152.793 Y59.197 E68.20792
G1 X153.079 Y58.926 E68.22368
G1 X153.079 Y54.284 E68.40936
G1 X153.364 Y54.284 E68.42076
G1 X153.364 Y58.654 E68.59556
G1 X153.65 Y58.383 E68.61132
G1 X153.65 Y54.284 E68.77528
G1 X153.936 Y54.284 E68.78672
G1 X153.936 Y58.111 E68.9398
G1 X154.221 Y57.84 E68.95553
G1 X154.221 Y54.284 E69.09777
G1 X154.507 Y54.284 E69.10921
G1 X154.507 Y57.568 E69.24057
G1 X154.793 Y57.296 E69.25636
G1 X154.793 Y54.284 E69.37684
G1 X155.078 Y54.284 E69.38824
G1 X155.078 Y57.025 E69.49788
G1 X155.364 Y56.753 E69.51367
G1 X155.364 Y54.284 E69.61243
G1 X155.649 Y54.284 E69.62383
G1 X155.649 Y56.482 E69.71175
G1 X155.935 Y56.21 E69.72754
G1 X155.935 Y54.284 E69.80458
G1 X156.221 Y54.284 E69.81602
G1 X156.221 Y55.939 E69.88222
G1 X156.506 Y55.667 E69.89798
G1 X156.506 Y54.284 E69.9533
G1 X156.792 Y54.284 E69.96474
G1 X156.792 Y55.395 E70.00918
G1 X157.077 Y55.124 E70.02491
G1 X157.077 Y54.284 E70.05851
G1 X157.363 Y54.284 E70.06995
G1 X157.363 Y54.852 E70.09267
G1 X157.649 Y54.581 E70.10843
G1 X157.649 Y54.284 E70.12031
G1 X157.879 Y54.284 E70.12951
G1 X157.879 Y51.498 E70.24095
G1 X157.934 Y51.498 E70.24315
G1 X157.934 Y54.309 E70.35559
G1 X158.22 Y54.037 E70.37138
G1 X158.22 Y51.498 E70.47294
G1 X158.506 Y51.498 E70.48438
G1 X158.506 Y53.766 E70.5751
G1 X158.791 Y53.494 E70.59086
G1 X158.791 Y51.498 E70.6707
G1 X159.077 Y51.498 E70.68214
G1 X159.077 Y53.223 E70.75114
G1 X159.362 Y52.951 E70.7669
G1 X159.362 Y51.498 E70.82502
G1 X159.648 Y51.498 E70.83646
G1 X159.648 Y52.68 E70.88374
G1 X159.934 Y52.408 E70.89953
G1 X159.934 Y51.498 E70.93593
G1 X160.219 Y51.498 E70.94733
G1 X160.219 Y52.136 E70.97285
G1 X160.505 Y51.865 E70.98861
G1 X160.505 Y51.498 E71.00329
G1 X160.664 Y51.498 E71.00965
G1 X160.664 Y48.712 E71.12109
G1 X160.791 Y48.712 E71.12617
G1 X160.791 Y51.593 E71.24141
G1 X161.076 Y51.322 E71.25714
G1 X161.076 Y48.712 E71.36154
G1 X161.362 Y48.712 E71.37298
G1 X161.362 Y51.05 E71.4665
G1 X161.647 Y50.778 E71.48226
G1 X161.647 Y48.712 E71.5649
G1 X161.933 Y48.712 E71.57634
G1 X161.933 Y50.507 E71.64814
G1 X162.219 Y50.235 E71.66393
G1 X162.219 Y48.712 E71.72485
G1 X162.504 Y48.712 E71.73625
G1 X162.504 Y49.964 E71.78633
G1 X162.79 Y49.692 E71.80212
G1 X162.79 Y48.712 E71.84132
G1 X163.075 Y48.712 E71.85272
G1 X163.075 Y49.421 E71.88108
G1 X163.361 Y49.149 E71.89687
G1 X163.361 Y48.712 E71.91435
G1 X163.45 Y48.712 E71.91791
G1 X163.45 Y45.927 E72.02931
G1 X163.647 Y45.927 E72.03719
G1 X163.647 Y48.877 E72.15519
G1 X163.932 Y48.606 E72.17092
G1 X163.932 Y45.927 E72.27808
G1 X164.218 Y45.927 E72.28952
G1 X164.218 Y48.334 E72.3858
G1 X164.504 Y48.063 E72.40156
G1 X164.504 Y45.927 E72.487
G1 X164.789 Y45.927 E72.4984
G1 X164.789 Y47.791 E72.57296
G1 X165.075 Y47.52 E72.58872
G1 X165.075 Y45.927 E72.65244
G1 X165.36 Y45.927 E72.66384
G1 X165.36 Y47.248 E72.71668
G1 X165.646 Y46.976 E72.73247
G1 X165.646 Y45.927 E72.77443
G1 X165.932 Y45.927 E72.78587
G1 X165.932 Y46.705 E72.81699
G1 X166.217 Y46.433 E72.83275
G1 X166.236 Y43.141 E72.96443
G1 X166.503 Y43.141 E72.97511
G1 X166.503 Y46.162 E73.09595
G1 X166.789 Y45.89 E73.11174
G1 X166.789 Y43.141 E73.2217
G1 X167.074 Y43.141 E73.2331
G1 X167.074 Y45.618 E73.33218
G1 X167.36 Y45.347 E73.34794
G1 X167.36 Y43.141 E73.43618
G1 X167.645 Y43.141 E73.44758
G1 X167.645 Y45.075 E73.52494
G1 X167.931 Y44.804 E73.5407
G1 X167.931 Y43.141 E73.60722
G1 X168.217 Y43.141 E73.61866
G1 X168.217 Y44.532 E73.6743
G1 X168.502 Y44.261 E73.69003
G1 X168.502 Y43.141 E73.73483
G1 X168.788 Y43.141 E73.74627
G1 X168.788 Y43.989 E73.78019
G1 X169.073 Y43.717 E73.79595
G1 X169.073 Y40.356 E73.93039
G1 X169.359 Y40.356 E73.94183
G1 X169.359 Y43.446 E74.06543
G1 X169.645 Y43.174 E74.08122
G1 X169.645 Y40.356 E74.19394
G1 X169.93 Y40.356 E74.20534
G1 X169.93 Y42.903 E74.30722
G1 X170.216 Y42.631 E74.32301
G1 X170.216 Y40.356 E74.41401
G1 X170.502 Y40.356 E74.42545
G1 X170.502 Y42.359 E74.50557
G1 X170.787 Y42.088 E74.5213
G1 X170.787 Y40.356 E74.59058
G1 X171.073 Y40.356 E74.60202
G1 X171.073 Y41.816 E74.66042
G1 X171.358 Y41.545 E74.67615
G1 X171.358 Y40.356 E74.72371
G1 X171.644 Y40.356 E74.73515
G1 X171.644 Y41.273 E74.77183
G1 X171.93 Y41.002 E74.78759
G1 X171.93 Y37.57 E74.92487
G1 X172.215 Y37.57 E74.93627
G1 X172.215 Y40.73 E75.06267
G1 X172.501 Y40.458 E75.07846
G1 X172.501 Y37.57 E75.19398
G1 X172.787 Y37.57 E75.20542
G1 X172.787 Y40.187 E75.3101
G1 X173.072 Y39.915 E75.32586
G1 X173.072 Y37.57 E75.41966
G1 X173.358 Y37.57 E75.4311
G1 X173.358 Y39.644 E75.51406
G1 X173.643 Y39.372 E75.52982
G1 X173.643 Y37.57 E75.6019
G1 X173.929 Y37.57 E75.61334
G1 X173.929 Y39.101 E75.67458
G1 X174.215 Y38.829 E75.69037
G1 X174.215 Y37.57 E75.74073
G1 X174.5 Y37.57 E75.75213
G1 X174.5 Y38.557 E75.79161
G1 X174.786 Y38.286 E75.80737
G1 X174.786 Y34.784 E75.94745
G1 X175.071 Y34.784 E75.95885
G1 X175.071 Y38.014 E76.08805
G1 X175.357 Y37.743 E76.10381
G1 X175.357 Y34.784 E76.22217
G1 X175.643 Y34.784 E76.23361
G1 X175.643 Y37.471 E76.34109
G1 X175.928 Y37.199 E76.35685
G1 X175.928 Y34.784 E76.45345
G1 X176.214 Y34.784 E76.46489
G1 X176.214 Y36.928 E76.55065
G1 X176.5 Y36.656 E76.56644
G1 X176.5 Y34.784 E76.64132
G1 X176.785 Y34.784 E76.65272
G1 X176.785 Y36.385 E76.71676
G1 X177.071 Y36.113 E76.73255
G1 X177.071 Y34.784 E76.78571
G1 X177.356 Y34.784 E76.79711
G1 X177.356 Y35.842 E76.83943
G1 X177.642 Y35.57 E76.85522
G1 X177.642 Y31.999 E76.99806
G1 X177.928 Y31.999 E77.0095
G1 X177.928 Y35.298 E77.14146
G1 X178.213 Y35.027 E77.15719
G1 X178.213 Y31.999 E77.27831
G1 X178.499 Y31.999 E77.28975
G1 X178.499 Y34.755 E77.39999
G1 X178.785 Y34.484 E77.41575
G1 X178.785 Y31.999 E77.51515
G1 X179.07 Y31.999 E77.52655
G1 X179.07 Y34.212 E77.61507
G1 X179.356 Y33.94 E77.63086
G1 X179.356 Y31.999 E77.7085
G1 X179.641 Y31.999 E77.7199
G1 X179.641 Y33.669 E77.7867
G1 X179.927 Y33.397 E77.80249
G1 X179.927 Y31.999 E77.85841
G1 X180.164 Y31.999 E77.86789
G1 X180.164 Y29.213 E77.97933
G1 X180.213 Y33.126 E78.13586
G1 X180.498 Y32.854 E78.15162
G1 X180.498 Y29.213 E78.29726
G1 X180.784 Y29.213 E78.3087
G1 X180.784 Y32.583 E78.4435
G1 X181.069 Y32.311 E78.45926
G1 X181.069 Y29.213 E78.58318
G1 X181.355 Y29.213 E78.59462
G1 X181.355 Y32.039 E78.70766
G1 X181.641 Y31.768 E78.72342
G1 X181.641 Y29.213 E78.82562
G1 X181.926 Y29.213 E78.83702
G1 X181.926 Y31.496 E78.92834
G1 X182.212 Y31.225 E78.9441
G1 X182.212 Y29.213 E79.02458
G1 X182.498 Y29.213 E79.03602
G1 X182.498 Y30.953 E79.10562
G1 X182.783 Y30.682 E79.12135
G1 X182.783 Y29.213 E79.18011
G1 X182.949 Y29.213 E79.18675
G1 X182.949 Y26.427 E79.29819
G1 X183.069 Y26.427 E79.30299
G1 X183.069 Y30.41 E79.46231
G1 X183.354 Y30.138 E79.47807
G1 X183.354 Y26.427 E79.62651
G1 X183.64 Y26.427 E79.63795
G1 X183.64 Y29.867 E79.77555
G1 X183.926 Y29.595 E79.79134
G1 X183.926 Y26.427 E79.91806
G1 X184.211 Y26.427 E79.92946
G1 X184.211 Y29.324 E80.04534
G1 X184.497 Y29.052 E80.06113
G1 X184.497 Y26.427 E80.16613
G1 X184.783 Y26.427 E80.17757
G1 X184.783 Y28.78 E80.27169
G1 X185.068 Y28.509 E80.28742
G1 X185.068 Y26.427 E80.3707
G1 X185.354 Y26.427 E80.38214
G1 X185.354 Y28.237 E80.45454
G1 X185.639 Y27.966 E80.47027
G1 X185.639 Y26.427 E80.53183
G1 X185.735 Y26.427 E80.53567
G1 X185.735 Y23.642 E80.64707
G1 X185.925 Y23.642 E80.65467
G1 X185.925 Y27.694 E80.81675
G1 X186.211 Y27.423 E80.83251
G1 X186.211 Y23.642 E80.98375
G1 X186.496 Y23.642 E80.99515
G1 X186.496 Y27.151 E81.13551
G1 X186.782 Y26.879 E81.1513
G1 X186.782 Y23.642 E81.28078
G1 X187.067 Y23.642 E81.29218
G1 X187.067 Y26.608 E81.41082
G1 X187.353 Y26.336 E81.42661
G1 X187.353 Y23.642 E81.53437
G1 X187.639 Y23.642 E81.54581
G1 X187.639 Y26.065 E81.64273
G1 X187.924 Y25.793 E81.65849
G1 X187.924 Y23.642 E81.74453
G1 X188.21 Y23.642 E81.75597
G1 X188.21 Y25.521 E81.83113
G1 X188.496 Y25.25 E81.84689
G1 X188.521 Y20.856 E82.02265
G1 X188.781 Y20.856 E82.03305
G1 X188.781 Y24.978 E82.19793
G1 X189.067 Y24.707 E82.21369
G1 X189.067 Y20.856 E82.36773
G1 X189.352 Y20.856 E82.37913
G1 X189.352 Y24.435 E82.52229
G1 X189.638 Y24.164 E82.53805
G1 X189.638 Y20.856 E82.67037
G1 X189.924 Y20.856 E82.68181
G1 X189.924 Y23.892 E82.80325
G1 X190.209 Y23.62 E82.81901
G1 X190.209 Y20.856 E82.92957
G1 X190.495 Y20.856 E82.94101
G1 X190.495 Y23.349 E83.04073
G1 X190.781 Y23.077 E83.05652
G1 X190.781 Y20.856 E83.14536
G1 X191.066 Y20.856 E83.15676
G1 X191.066 Y22.806 E83.23476
G1 X191.352 Y22.534 E83.25055
G1 X191.352 Y18.071 E83.42907
G1 X191.637 Y18.071 E83.44047
G1 X191.637 Y22.263 E83.60815
G1 X191.923 Y21.991 E83.62394
G1 X191.923 Y18.071 E83.78074
G1 X192.209 Y18.071 E83.79218
G1 X192.209 Y21.719 E83.9381
G1 X192.494 Y21.448 E83.95383
G1 X192.494 Y18.071 E84.08891
G1 X192.78 Y18.071 E84.10035
G1 X192.78 Y21.176 E84.22455
G1 X193.065 Y20.905 E84.24028
G1 X193.065 Y18.071 E84.35364
G1 X193.351 Y18.071 E84.36508
G1 X193.351 Y20.633 E84.46756
G1 X193.637 Y20.361 E84.48335
G1 X193.637 Y18.071 E84.57495
G1 X193.922 Y18.071 E84.58635
G1 X193.922 Y20.09 E84.66711
G1 X194.208 Y19.818 E84.6829
G1 X194.208 Y18.071 E84.75278
G1 X194.494 Y18.071 E84.76422
G1 X194.494 Y19.649 E84.82734
G1 X194.694 Y19.654 E84.83534
G1 X194.779 Y19.744 E84.84029
G1 X194.779 Y18.071 E84.90721
G1 X195.065 Y18.071 E84.91865
G1 X195.065 Y20.044 E84.99757
G1 X195.35 Y20.345 E85.01415
G1 X195.35 Y18.071 E85.10511
G1 X195.636 Y18.071 E85.11655
G1 X195.636 Y20.645 E85.21951
G1 X195.922 Y20.945 E85.23609
G1 X195.922 Y18.071 E85.35105
G1 X196.207 Y18.071 E85.36245
G1 X196.207 Y21.246 E85.48945
G1 X196.493 Y21.546 E85.50603
G1 X196.493 Y18.071 E85.64503
G1 X196.779 Y18.071 E85.65647
G1 X196.779 Y22.033 E85.81495
G1 X196.779 Y22.033 F7800
G1 X195.006 Y21.78
;TYPE:Perimeter
;WIDTH:0.361184
G1 F1800
G1 X15.095 Y192.848 E96.14929
G1 X14.898 Y192.641 E96.16119
G1 X194.809 Y21.572 E106.49556
G1 X194.908 Y21.676 E106.50154
G1 X194.965 Y21.736 E106.50499
G1 X194.965 Y21.736 F7800
G1 X195.452 Y21.791
;WIDTH:0.42
G1 F1800
G1 X15.084 Y193.294 E118.99571
G1 X14.452 Y192.63 E119.04171
G1 X194.82 Y21.126 E131.53247
G1 X195.136 Y21.459 E131.55551
G1 X195.411 Y21.747 E131.57549
G1 X195.411 Y21.747 F7800
G1 X195.94 Y21.803
;TYPE:External perimeter
G1 F1800
G1 X15.071 Y193.782 E144.1009
G1 X13.964 Y192.618 E144.18152
G1 X194.833 Y20.639 E156.70693
G1 X195.386 Y21.221 E156.74722
G1 X195.899 Y21.76 E156.78456
G1 X195.653 Y22.075 F7800
G1 E154.78456 F2400
G92 E0
G92 E0
G1 X204.325 Y34.559 F7800
G1 E2 F2400
;TYPE:Support material interface
;WIDTH:0.35
G1 F1800
G1 X204.325 Y30.424 E2.1654
G1 X204.039 Y30.695 E2.18116
G1 X204.039 Y34.431 E2.3306
G1 X203.754 Y34.431 E2.342
G1 X203.754 Y30.967 E2.48056
G1 X203.468 Y31.239 E2.49635
G1 X203.468 Y34.431 E2.62403
G1 X203.182 Y34.431 E2.63547
G1 X203.182 Y31.51 E2.75231
G1 X202.897 Y31.782 E2.76807
G1 X202.897 Y34.431 E2.87403
G1 X202.611 Y34.431 E2.88547
G1 X202.611 Y32.053 E2.98059
G1 X202.326 Y32.325 E2.99635
G1 X202.326 Y34.431 E3.08059
G1 X202.04 Y34.431 E3.09203
G1 X202.04 Y32.596 E3.16543
G1 X201.754 Y32.868 E3.18122
G1 X201.754 Y34.431 E3.24374
G1 X201.638 Y34.431 E3.24838
G1 X201.638 Y37.216 E3.35978
G1 X201.469 Y37.216 E3.36654
G1 X201.469 Y33.14 E3.52958
G1 X201.183 Y33.411 E3.54534
G1 X201.183 Y37.216 E3.69754
G1 X200.898 Y37.216 E3.70894
G1 X200.898 Y33.683 E3.85026
G1 X200.612 Y33.954 E3.86602
G1 X200.612 Y37.216 E3.9965
G1 X200.326 Y37.216 E4.00794
G1 X200.326 Y34.226 E4.12754
G1 X200.041 Y34.497 E4.14327
G1 X200.041 Y37.216 E4.25203
G1 X199.755 Y37.216 E4.26347
G1 X199.755 Y34.769 E4.36135
G1 X199.469 Y35.041 E4.37714
G1 X199.469 Y37.216 E4.46414
G1 X199.184 Y37.216 E4.47554
G1 X199.184 Y35.312 E4.5517
G1 X198.898 Y35.584 E4.56749
G1 X198.853 Y40.002 E4.74422
G1 X198.613 Y40.002 E4.75382
G1 X198.613 Y35.855 E4.9197
G1 X198.327 Y36.127 E4.93549
G1 X198.327 Y40.002 E5.09049
G1 X198.041 Y40.002 E5.10193
G1 X198.041 Y36.399 E5.24605
G1 X197.756 Y36.67 E5.26178
G1 X197.756 Y40.002 E5.39506
G1 X197.47 Y40.002 E5.4065
G1 X197.47 Y36.942 E5.5289
G1 X197.184 Y37.213 E5.54466
G1 X197.184 Y40.002 E5.65622
G1 X196.899 Y40.002 E5.66762
G1 X196.899 Y37.485 E5.7683
G1 X196.613 Y37.756 E5.78406
G1 X196.613 Y40.002 E5.8739
G1 X196.328 Y40.002 E5.8853
G1 X196.328 Y38.028 E5.96426
G1 X196.042 Y38.3 E5.98005
G1 X196.042 Y42.788 E6.15957
G1 X195.756 Y42.788 E6.17101
G1 X195.756 Y38.571 E6.33969
G1 X195.471 Y38.843 E6.35545
G1 X195.471 Y42.788 E6.51325
G1 X195.185 Y42.788 E6.52469
G1 X195.185 Y39.114 E6.67165
G1 X194.9 Y39.386 E6.68741
G1 X194.9 Y42.788 E6.82349
G1 X194.614 Y42.788 E6.83493
G1 X194.614 Y39.658 E6.96013
G1 X194.328 Y39.929 E6.97589
G1 X194.328 Y42.788 E7.09025
G1 X194.043 Y42.788 E7.10165
G1 X194.043 Y40.201 E7.20513
G1 X193.757 Y40.472 E7.22089
G1 X193.757 Y42.788 E7.31353
G1 X193.471 Y42.788 E7.32497
G1 X193.471 Y40.744 E7.40673
G1 X193.186 Y41.015 E7.42246
G1 X193.186 Y45.573 E7.60478
G1 X192.9 Y45.573 E7.61622
G1 X192.9 Y41.287 E7.78766
G1 X192.615 Y41.559 E7.80342
G1 X192.615 Y45.573 E7.96398
G1 X192.329 Y45.573 E7.97542
G1 X192.329 Y41.83 E8.12514
G1 X192.043 Y42.102 E8.14093
G1 X192.043 Y45.573 E8.27977
G1 X191.758 Y45.573 E8.29117
G1 X191.758 Y42.373 E8.41917
G1 X191.472 Y42.645 E8.43496
G1 X191.472 Y45.573 E8.55208
G1 X191.186 Y45.573 E8.56352
G1 X191.186 Y42.916 E8.6698
G1 X190.901 Y43.188 E8.68556
G1 X190.901 Y45.573 E8.78096
G1 X190.615 Y45.573 E8.7924
G1 X190.615 Y43.46 E8.87692
G1 X190.33 Y43.731 E8.89265
G1 X190.33 Y48.359 E9.07777
G1 X190.044 Y48.359 E9.08921
G1 X190.044 Y44.003 E9.26345
G1 X189.758 Y44.274 E9.27921
G1 X189.758 Y48.359 E9.44261
G1 X189.473 Y48.359 E9.45401
G1 X189.473 Y44.546 E9.60653
G1 X189.187 Y44.818 E9.62232
G1 X189.187 Y48.359 E9.76396
G1 X188.902 Y48.359 E9.77536
G1 X188.902 Y45.089 E9.90616
G1 X188.616 Y45.361 E9.92195
G1 X188.616 Y48.359 E10.04187
G1 X188.33 Y48.359 E10.05331
G1 X188.33 Y45.632 E10.16239
G1 X188.045 Y45.904 E10.17815
G1 X188.045 Y48.359 E10.27635
G1 X187.759 Y48.359 E10.28779
G1 X187.759 Y46.175 E10.37515
G1 X187.473 Y46.447 E10.39094
G1 X187.473 Y51.145 E10.57886
G1 X187.188 Y51.145 E10.59026
G1 X187.188 Y46.719 E10.7673
G1 X186.902 Y46.99 E10.78306
G1 X186.902 Y51.145 E10.94926
G1 X186.617 Y51.145 E10.96066
G1 X186.617 Y47.262 E11.11598
G1 X186.331 Y47.533 E11.13174
G1 X186.331 Y51.145 E11.27622
G1 X186.045 Y51.145 E11.28766
G1 X186.045 Y47.805 E11.42126
G1 X185.76 Y48.077 E11.43702
G1 X185.76 Y51.145 E11.55974
G1 X185.474 Y51.145 E11.57118
G1 X185.474 Y48.348 E11.68306
G1 X185.188 Y48.62 E11.69885
G1 X185.188 Y51.145 E11.79985
G1 X184.925 Y51.145 E11.81037
G1 X184.925 Y53.93 E11.92177
G1 X184.903 Y48.891 E12.12333
G1 X184.617 Y49.163 E12.13912
G1 X184.617 Y53.93 E12.3298
G1 X184.332 Y53.93 E12.3412
G1 X184.332 Y49.434 E12.52104
G1 X184.046 Y49.706 E12.53683
G1 X184.046 Y53.93 E12.70579
G1 X183.76 Y53.93 E12.71723
G1 X183.76 Y49.978 E12.87531
G1 X183.475 Y50.249 E12.89104
G1 X183.475 Y53.93 E13.03828
G1 X183.189 Y53.93 E13.04972
G1 X183.189 Y50.521 E13.18608
G1 X182.904 Y50.792 E13.20181
G1 X182.904 Y53.93 E13.32733
G1 X182.618 Y53.93 E13.33877
G1 X182.618 Y51.064 E13.45341
G1 X182.332 Y51.335 E13.46917
G1 X182.332 Y53.93 E13.57297
G1 X182.139 Y53.93 E13.58069
G1 X182.139 Y56.716 E13.69213
G1 X182.047 Y56.716 E13.69581
G1 X182.047 Y51.607 E13.90017
G1 X181.761 Y51.879 E13.91596
G1 X181.761 Y56.716 E14.10944
G1 X181.475 Y56.716 E14.12088
G1 X181.475 Y52.15 E14.30352
G1 X181.19 Y52.422 E14.31928
G1 X181.19 Y56.716 E14.49104
G1 X180.904 Y56.716 E14.50248
G1 X180.904 Y52.693 E14.6634
G1 X180.619 Y52.965 E14.67916
G1 X180.619 Y56.716 E14.8292
G1 X180.333 Y56.716 E14.84064
G1 X180.333 Y53.237 E14.9798
G1 X180.047 Y53.508 E14.99556
G1 X180.047 Y56.716 E15.12388
G1 X179.762 Y56.716 E15.13528
G1 X179.762 Y53.78 E15.25272
G1 X179.476 Y54.051 E15.26848
G1 X179.476 Y56.716 E15.37508
G1 X179.353 Y56.716 E15.38
G1 X179.353 Y59.501 E15.4914
G1 X179.19 Y59.501 E15.49792
G1 X179.19 Y54.323 E15.70504
G1 X178.905 Y54.594 E15.72077
G1 X178.905 Y59.501 E15.91705
G1 X178.619 Y59.501 E15.92849
G1 X178.619 Y54.866 E16.11389
G1 X178.334 Y55.138 E16.12965
G1 X178.334 Y59.501 E16.30417
G1 X178.048 Y59.501 E16.31561
G1 X178.048 Y55.409 E16.47929
G1 X177.762 Y55.681 E16.49508
G1 X177.762 Y59.501 E16.64788
G1 X177.477 Y59.501 E16.65928
G1 X177.477 Y55.952 E16.80124
G1 X177.191 Y56.224 E16.81703
G1 X177.191 Y59.501 E16.94811
G1 X176.906 Y59.501 E16.95951
G1 X176.906 Y56.496 E17.07971
G1 X176.62 Y56.767 E17.09547
G1 X176.568 Y62.287 E17.31628
G1 X176.334 Y62.287 E17.32564
G1 X176.334 Y57.039 E17.53556
G1 X176.049 Y57.31 E17.55129
G1 X176.049 Y62.287 E17.75037
G1 X175.763 Y62.287 E17.76181
G1 X175.763 Y57.582 E17.95001
G1 X175.477 Y57.853 E17.96577
G1 X175.477 Y62.287 E18.14313
G1 X175.192 Y62.287 E18.15453
G1 X175.192 Y58.125 E18.32101
G1 X174.906 Y58.397 E18.3368
G1 X174.906 Y62.287 E18.4924
G1 X174.621 Y62.287 E18.5038
G1 X174.621 Y58.668 E18.64856
G1 X174.335 Y58.94 E18.66435
G1 X174.335 Y62.287 E18.79823
G1 X174.049 Y62.287 E18.80967
G1 X174.049 Y59.211 E18.93271
G1 X173.764 Y59.483 E18.94847
G1 X173.764 Y62.287 E19.06063
G1 X173.478 Y62.287 E19.07207
G1 X173.478 Y59.754 E19.17339
G1 X173.192 Y60.026 E19.18918
G1 X173.192 Y62.287 E19.27962
G1 X172.907 Y62.287 E19.29102
G1 X172.907 Y60.298 E19.37058
G1 X172.621 Y60.569 E19.38634
G1 X172.621 Y62.287 E19.45506
G1 X172.336 Y62.287 E19.46646
G1 X172.336 Y60.841 E19.5243
G1 X172.05 Y61.112 E19.54006
G1 X172.05 Y62.287 E19.58706
G1 X171.764 Y62.287 E19.5985
G1 X171.764 Y61.384 E19.63462
G1 X171.479 Y61.656 E19.65038
G1 X171.479 Y62.287 E19.67562
G1 X171.193 Y62.287 E19.68706
G1 X171.193 Y61.927 E19.70146
G1 X170.908 Y62.199 E19.71722
G1 X170.908 Y65.073 E19.83218
G1 X170.622 Y65.073 E19.84362
G1 X170.622 Y62.47 E19.94774
G1 X170.336 Y62.742 E19.96353
G1 X170.336 Y65.073 E20.05677
G1 X170.051 Y65.073 E20.06817
G1 X170.051 Y63.013 E20.15057
G1 X169.765 Y63.285 E20.16636
G1 X169.765 Y65.073 E20.23788
G1 X169.479 Y65.073 E20.24932
G1 X169.479 Y63.557 E20.30996
G1 X169.194 Y63.828 E20.32569
G1 X169.194 Y65.073 E20.37549
G1 X168.908 Y65.073 E20.38693
G1 X168.908 Y64.1 E20.42585
G1 X168.623 Y64.371 E20.44158
G1 X168.623 Y65.073 E20.46966
G1 X168.337 Y65.073 E20.4811
G1 X168.337 Y64.643 E20.4983
G1 X168.051 Y64.915 E20.51409
G1 X168.051 Y67.858 E20.63181
G1 X167.766 Y67.858 E20.64321
G1 X167.766 Y65.186 E20.75009
G1 X167.48 Y65.458 E20.76588
G1 X167.48 Y67.858 E20.86188
G1 X167.194 Y67.858 E20.87332
G1 X167.194 Y65.729 E20.95848
G1 X166.909 Y66.001 E20.97424
G1 X166.909 Y67.858 E21.04852
G1 X166.623 Y67.858 E21.05996
G1 X166.623 Y66.272 E21.1234
G1 X166.338 Y66.544 E21.13916
G1 X166.338 Y67.858 E21.19172
G1 X166.052 Y67.858 E21.20316
G1 X166.052 Y66.816 E21.24484
G1 X165.766 Y67.087 E21.2606
G1 X165.766 Y67.858 E21.29144
G1 X165.481 Y67.858 E21.30284
G1 X165.481 Y67.359 E21.3228
G1 X165.195 Y67.63 E21.33856
G1 X165.195 Y70.644 E21.45912
G1 X164.91 Y70.644 E21.47052
G1 X164.91 Y67.902 E21.5802
G1 X164.624 Y68.173 E21.59596
G1 X164.624 Y70.644 E21.6948
G1 X164.338 Y70.644 E21.70624
G1 X164.338 Y68.445 E21.7942
G1 X164.053 Y68.717 E21.80996
G1 X164.053 Y70.644 E21.88704
G1 X163.767 Y70.644 E21.89848
G1 X163.767 Y68.988 E21.96472
G1 X163.481 Y69.26 E21.98051
G1 X163.481 Y70.644 E22.03587
G1 X163.196 Y70.644 E22.04727
G1 X163.196 Y69.531 E22.09179
G1 X162.91 Y69.803 E22.10758
G1 X162.91 Y70.644 E22.14122
G1 X162.64 Y70.644 E22.15202
G1 X162.64 Y73.429 E22.26342
G1 X162.625 Y70.075 E22.39758
G1 X162.339 Y70.346 E22.41334
G1 X162.339 Y73.429 E22.53666
G1 X162.053 Y73.429 E22.5481
G1 X162.053 Y70.618 E22.66054
G1 X161.768 Y70.889 E22.67627
G1 X161.768 Y73.429 E22.77787
G1 X161.482 Y73.429 E22.78931
G1 X161.482 Y71.161 E22.88003
G1 X161.196 Y71.432 E22.89579
G1 X161.196 Y73.429 E22.97567
G1 X160.911 Y73.429 E22.98707
G1 X160.911 Y71.704 E23.05607
G1 X160.625 Y71.976 E23.07186
G1 X160.625 Y73.429 E23.12998
G1 X160.34 Y73.429 E23.14138
G1 X160.34 Y72.247 E23.18866
G1 X160.054 Y72.519 E23.20445
G1 X160.054 Y73.429 E23.24085
G1 X159.854 Y73.429 E23.24885
G1 X159.854 Y76.215 E23.36029
G1 X159.768 Y76.215 E23.36373
G1 X159.768 Y72.79 E23.50073
G1 X159.483 Y73.062 E23.51649
G1 X159.483 Y76.215 E23.64261
G1 X159.197 Y76.215 E23.65405
G1 X159.197 Y73.334 E23.76929
G1 X158.912 Y73.605 E23.78502
G1 X158.912 Y76.215 E23.88942
G1 X158.626 Y76.215 E23.90086
G1 X158.626 Y73.877 E23.99438
G1 X158.34 Y74.148 E24.01014
G1 X158.34 Y76.215 E24.09282
G1 X158.055 Y76.215 E24.10422
G1 X158.055 Y74.42 E24.17602
G1 X157.769 Y74.691 E24.19178
G1 X157.769 Y76.215 E24.25274
G1 X157.483 Y76.215 E24.26418
G1 X157.483 Y74.963 E24.31426
G1 X157.198 Y75.235 E24.33002
G1 X157.198 Y76.215 E24.36922
G1 X157.068 Y76.215 E24.37442
G1 X157.068 Y79.001 E24.48586
G1 X156.912 Y79.001 E24.4921
G1 X156.912 Y75.506 E24.6319
G1 X156.627 Y75.778 E24.64766
G1 X156.627 Y79.001 E24.77658
G1 X156.341 Y79.001 E24.78802
G1 X156.341 Y76.049 E24.9061
G1 X156.055 Y76.321 E24.92189
G1 X156.055 Y79.001 E25.02909
G1 X155.77 Y79.001 E25.04049
G1 X155.77 Y76.592 E25.13685
G1 X155.484 Y76.864 E25.15264
G1 X155.484 Y79.001 E25.23812
G1 X155.198 Y79.001 E25.24956
G1 X155.198 Y77.136 E25.32416
G1 X154.913 Y77.407 E25.33989
G1 X154.913 Y79.001 E25.40365
G1 X154.627 Y79.001 E25.41509
G1 X154.627 Y77.679 E25.46797
G1 X154.342 Y77.95 E25.4837
G1 X154.283 Y81.786 E25.63716
G1 X154.056 Y81.786 E25.64624
G1 X154.056 Y78.222 E25.7888
G1 X153.77 Y78.494 E25.80459
G1 X153.77 Y81.786 E25.93627
G1 X153.485 Y81.786 E25.94767
G1 X153.485 Y78.765 E26.06851
G1 X153.199 Y79.037 E26.0843
G1 X153.199 Y81.786 E26.19426
G1 X152.914 Y81.786 E26.20566
G1 X152.914 Y79.308 E26.30478
G1 X152.628 Y79.58 E26.32057
G1 X152.628 Y81.786 E26.40881
G1 X152.342 Y81.786 E26.42025
G1 X152.342 Y79.851 E26.49765
G1 X152.057 Y80.123 E26.51341
G1 X152.057 Y81.786 E26.57993
G1 X151.771 Y81.786 E26.59137
G1 X151.771 Y80.395 E26.64701
G1 X151.485 Y80.666 E26.66277
G1 X151.485 Y84.572 E26.81901
G1 X151.2 Y84.572 E26.83041
G1 X151.2 Y80.938 E26.97577
G1 X150.914 Y81.209 E26.99153
G1 X150.914 Y84.572 E27.12605
G1 X150.629 Y84.572 E27.13745
G1 X150.629 Y81.481 E27.26109
G1 X150.343 Y81.753 E27.27688
G1 X150.343 Y84.572 E27.38964
G1 X150.057 Y84.572 E27.40108
G1 X150.057 Y82.024 E27.503
G1 X149.772 Y82.296 E27.51876
G1 X149.772 Y84.572 E27.6098
G1 X149.486 Y84.572 E27.62124
G1 X149.486 Y82.567 E27.70144
G1 X149.2 Y82.839 E27.71723
G1 X149.2 Y84.572 E27.78655
G1 X148.915 Y84.572 E27.79795
G1 X148.915 Y83.11 E27.85643
G1 X148.629 Y83.382 E27.87222
G1 X148.629 Y87.358 E28.03126
G1 X148.344 Y87.358 E28.04266
G1 X148.344 Y83.654 E28.19082
G1 X148.058 Y83.925 E28.20658
G1 X148.058 Y87.358 E28.3439
G1 X147.772 Y87.358 E28.35534
G1 X147.772 Y84.197 E28.48178
G1 X147.487 Y84.468 E28.49751
G1 X147.487 Y87.358 E28.61311
G1 X147.201 Y87.358 E28.62455
G1 X147.201 Y84.74 E28.72927
G1 X146.916 Y85.011 E28.745
G1 X146.916 Y87.358 E28.83888
G1 X146.63 Y87.358 E28.85032
G1 X146.63 Y85.283 E28.93332
G1 X146.344 Y85.555 E28.94911
G1 X146.344 Y87.358 E29.02123
G1 X146.059 Y87.358 E29.03263
G1 X146.059 Y85.826 E29.09391
G1 X145.773 Y86.098 E29.1097
G1 X145.773 Y90.143 E29.2715
G1 X145.487 Y90.143 E29.28294
G1 X145.487 Y86.369 E29.4339
G1 X145.202 Y86.641 E29.44966
G1 X145.202 Y90.143 E29.58974
G1 X144.916 Y90.143 E29.60118
G1 X144.916 Y86.913 E29.73038
G1 X144.631 Y87.184 E29.74611
G1 X144.631 Y90.143 E29.86447
G1 X144.345 Y90.143 E29.87591
G1 X144.345 Y87.456 E29.98339
G1 X144.059 Y87.727 E29.99915
G1 X144.059 Y90.143 E30.09579
G1 X143.774 Y90.143 E30.10719
G1 X143.774 Y87.999 E30.19295
G1 X143.488 Y88.27 E30.20871
G1 X143.488 Y90.143 E30.28363
G1 X143.202 Y90.143 E30.29507
G1 X143.202 Y88.542 E30.35911
G1 X142.917 Y88.814 E30.37487
G1 X142.917 Y92.929 E30.53947
G1 X142.631 Y92.929 E30.55091
G1 X142.631 Y89.085 E30.70467
G1 X142.346 Y89.357 E30.72043
G1 X142.346 Y92.929 E30.86331
G1 X142.06 Y92.929 E30.87475
G1 X142.06 Y89.628 E31.00679
G1 X141.774 Y89.9 E31.02258
G1 X141.774 Y92.929 E31.14374
G1 X141.489 Y92.929 E31.15514
G1 X141.489 Y90.172 E31.26542
G1 X141.203 Y90.443 E31.28118
G1 X141.203 Y92.929 E31.38062
G1 X140.918 Y92.929 E31.39202
G1 X140.918 Y90.715 E31.48058
G1 X140.632 Y90.986 E31.49634
G1 X140.632 Y92.929 E31.57406
G1 X140.355 Y92.929 E31.58514
G1 X140.355 Y95.714 E31.69654
G1 X140.346 Y91.258 E31.87478
G1 X140.061 Y91.529 E31.89051
G1 X140.061 Y95.714 E32.05791
G1 X139.775 Y95.714 E32.06935
G1 X139.775 Y91.801 E32.22587
G1 X139.489 Y92.073 E32.24166
G1 X139.489 Y95.714 E32.3873
G1 X139.204 Y95.714 E32.3987
G1 X139.204 Y92.344 E32.5335
G1 X138.918 Y92.616 E32.54929
G1 X138.918 Y95.714 E32.67321
G1 X138.633 Y95.714 E32.68461
G1 X138.633 Y92.887 E32.79769
G1 X138.347 Y93.159 E32.81348
G1 X138.347 Y95.714 E32.91568
G1 X138.061 Y95.714 E32.92712
G1 X138.061 Y93.431 E33.01844
G1 X137.776 Y93.702 E33.03417
G1 X137.776 Y95.714 E33.11465
G1 X137.569 Y95.714 E33.12293
G1 X137.569 Y98.5 E33.23437
G1 X137.49 Y98.5 E33.23753
G1 X137.49 Y93.974 E33.41857
G1 X137.204 Y94.245 E33.43433
G1 X137.204 Y98.5 E33.60453
G1 X136.919 Y98.5 E33.61593
G1 X136.919 Y94.517 E33.77525
G1 X136.633 Y94.788 E33.79101
G1 X136.633 Y98.5 E33.93949
G1 X136.348 Y98.5 E33.95089
G1 X136.348 Y95.06 E34.08849
G1 X136.062 Y95.332 E34.10428
G1 X136.062 Y98.5 E34.231
G1 X135.776 Y98.5 E34.24244
G1 X135.776 Y95.603 E34.35832
G1 X135.491 Y95.875 E34.37408
G1 X135.491 Y98.5 E34.47908
G1 X135.205 Y98.5 E34.49052
G1 X135.205 Y96.146 E34.58468
G1 X134.92 Y96.418 E34.60044
G1 X134.92 Y98.5 E34.68372
G1 X134.783 Y98.5 E34.6892
G1 X134.783 Y101.286 E34.80064
G1 X134.634 Y101.286 E34.8066
G1 X134.634 Y96.689 E34.99048
G1 X134.348 Y96.961 E35.00627
G1 X134.348 Y101.286 E35.17927
G1 X134.063 Y101.286 E35.19067
G1 X134.063 Y97.233 E35.35279
G1 X133.777 Y97.504 E35.36855
G1 X133.777 Y101.286 E35.51983
G1 X133.491 Y101.286 E35.53127
G1 X133.491 Y97.776 E35.67167
G1 X133.206 Y98.047 E35.6874
G1 X133.206 Y101.286 E35.81696
G1 X132.92 Y101.286 E35.8284
G1 X132.92 Y98.319 E35.94708
G1 X132.635 Y98.591 E35.96284
G1 X132.635 Y101.286 E36.07064
G1 X132.349 Y101.286 E36.08208
G1 X132.349 Y98.862 E36.17904
G1 X132.063 Y99.134 E36.19483
G1 X131.998 Y104.071 E36.39233
G1 X131.778 Y104.071 E36.40113
G1 X131.778 Y99.405 E36.58777
G1 X131.492 Y99.677 E36.60356
G1 X131.492 Y104.071 E36.77932
G1 X131.206 Y104.071 E36.79076
G1 X131.206 Y99.948 E36.95568
G1 X130.921 Y100.22 E36.97144
G1 X130.921 Y104.071 E37.12548
G1 X130.635 Y104.071 E37.13692
G1 X130.635 Y100.492 E37.28008
G1 X130.35 Y100.763 E37.29581
G1 X130.35 Y104.071 E37.42813
G1 X130.064 Y104.071 E37.43957
G1 X130.064 Y101.035 E37.56101
G1 X129.778 Y101.306 E37.57677
G1 X129.778 Y104.071 E37.68737
G1 X129.493 Y104.071 E37.69877
G1 X129.493 Y101.578 E37.79849
G1 X129.207 Y101.85 E37.81428
G1 X129.207 Y106.857 E38.01456
G1 X128.922 Y106.857 E38.02596
G1 X128.922 Y102.121 E38.2154
G1 X128.636 Y102.393 E38.23119
G1 X128.636 Y106.857 E38.40975
G1 X128.35 Y106.857 E38.42119
G1 X128.35 Y102.664 E38.58891
G1 X128.065 Y102.936 E38.60467
G1 X128.065 Y106.857 E38.76151
G1 X127.779 Y106.857 E38.77295
G1 X127.779 Y103.207 E38.91895
G1 X127.493 Y103.479 E38.93474
G1 X127.493 Y106.857 E39.06986
G1 X127.208 Y106.857 E39.08126
G1 X127.208 Y103.751 E39.2055
G1 X126.922 Y104.022 E39.22126
G1 X126.922 Y106.857 E39.33466
G1 X126.637 Y106.857 E39.34606
G1 X126.637 Y104.294 E39.44858
G1 X126.351 Y104.565 E39.46434
G1 X126.351 Y109.643 E39.66746
G1 X126.065 Y109.643 E39.6789
G1 X126.065 Y104.837 E39.87114
G1 X125.78 Y105.108 E39.88687
G1 X125.78 Y109.643 E40.06827
G1 X125.494 Y109.643 E40.07971
G1 X125.494 Y105.38 E40.25023
G1 X125.208 Y105.652 E40.26602
G1 X125.208 Y109.643 E40.42566
G1 X124.923 Y109.643 E40.43706
G1 X124.923 Y105.923 E40.58586
G1 X124.637 Y106.195 E40.60165
G1 X124.637 Y109.643 E40.73957
G1 X124.352 Y109.643 E40.75097
G1 X124.352 Y106.466 E40.87805
G1 X124.066 Y106.738 E40.89384
G1 X124.066 Y109.643 E41.01004
G1 X123.78 Y109.643 E41.02148
G1 X123.78 Y107.01 E41.1268
G1 X123.495 Y107.281 E41.14253
G1 X123.495 Y112.428 E41.34841
G1 X123.209 Y112.428 E41.35985
G1 X123.209 Y107.553 E41.55485
G1 X122.924 Y107.824 E41.57058
G1 X122.924 Y112.428 E41.75474
G1 X122.638 Y112.428 E41.76618
G1 X122.638 Y108.096 E41.93946
G1 X122.352 Y108.367 E41.95522
G1 X122.352 Y112.428 E42.11766
G1 X122.067 Y112.428 E42.12906
G1 X122.067 Y108.639 E42.28062
G1 X121.781 Y108.911 E42.29641
G1 X121.781 Y112.428 E42.43709
G1 X121.495 Y112.428 E42.44853
G1 X121.495 Y109.182 E42.57837
G1 X121.21 Y109.454 E42.59413
G1 X121.21 Y112.428 E42.71309
G1 X120.924 Y112.428 E42.72453
G1 X120.924 Y109.725 E42.83265
G1 X120.639 Y109.997 E42.84841
G1 X120.639 Y115.214 E43.05709
G1 X120.353 Y115.214 E43.06853
G1 X120.353 Y110.269 E43.26633
G1 X120.067 Y110.54 E43.28209
G1 X120.067 Y115.214 E43.46905
G1 X119.782 Y115.214 E43.48045
G1 X119.782 Y110.812 E43.65653
G1 X119.496 Y111.083 E43.67229
G1 X119.496 Y115.214 E43.83753
G1 X119.21 Y115.214 E43.84897
G1 X119.21 Y111.355 E44.00333
G1 X118.925 Y111.626 E44.01906
G1 X118.925 Y115.214 E44.16258
G1 X118.639 Y115.214 E44.17402
G1 X118.639 Y111.898 E44.30666
G1 X118.354 Y112.17 E44.32242
G1 X118.354 Y115.214 E44.44418
G1 X118.068 Y115.214 E44.45562
G1 X118.068 Y112.441 E44.56654
G1 X117.782 Y112.713 E44.58233
G1 X117.782 Y115.214 E44.68237
G1 X117.497 Y115.214 E44.69377
G1 X117.497 Y112.984 E44.78297
G1 X117.211 Y113.256 E44.79876
G1 X117.211 Y115.214 E44.87708
G1 X116.926 Y115.214 E44.88848
G1 X116.926 Y113.527 E44.95596
G1 X116.64 Y113.799 E44.97175
G1 X116.64 Y115.214 E45.02835
G1 X116.354 Y115.214 E45.03979
G1 X116.354 Y114.071 E45.08551
G1 X116.069 Y114.342 E45.10124
G1 X116.069 Y115.214 E45.13612
G1 X115.783 Y115.214 E45.14756
G1 X115.783 Y114.614 E45.17156
G1 X115.497 Y114.885 E45.18732
G1 X115.497 Y115.214 E45.20048
G1 X115.284 Y115.214 E45.209
G1 X115.284 Y117.999 E45.3204
G1 X115.212 Y117.999 E45.32328
G1 X115.212 Y115.157 E45.43696
G1 X114.926 Y115.429 E45.45275
G1 X114.926 Y117.999 E45.55555
G1 X114.641 Y117.999 E45.56695
G1 X114.641 Y115.7 E45.65891
G1 X114.355 Y115.972 E45.6747
G1 X114.355 Y117.999 E45.75578
G1 X114.069 Y117.999 E45.76722
G1 X114.069 Y116.243 E45.83746
G1 X113.784 Y116.515 E45.85322
G1 X113.784 Y117.999 E45.91258
G1 X113.498 Y117.999 E45.92402
G1 X113.498 Y116.786 E45.97254
G1 X113.212 Y117.058 E45.98833
G1 X113.212 Y117.999 E46.02597
G1 X112.927 Y117.999 E46.03737
G1 X112.927 Y117.33 E46.06413
G1 X112.641 Y117.601 E46.07989
G1 X112.641 Y117.999 E46.09581
G1 X112.499 Y117.999 E46.10149
G1 X112.499 Y120.785 E46.21293
G1 X112.356 Y120.785 E46.21865
G1 X112.356 Y117.873 E46.33513
G1 X112.07 Y118.144 E46.35089
G1 X112.07 Y120.785 E46.45653
G1 X111.784 Y120.785 E46.46797
G1 X111.784 Y118.416 E46.56273
G1 X111.499 Y118.688 E46.57849
G1 X111.499 Y120.785 E46.66237
G1 X111.213 Y120.785 E46.67381
G1 X111.213 Y118.959 E46.74685
G1 X110.928 Y119.231 E46.76261
G1 X110.928 Y120.785 E46.82477
G1 X110.642 Y120.785 E46.83621
G1 X110.642 Y119.502 E46.88753
G1 X110.356 Y119.774 E46.90332
G1 X110.356 Y120.785 E46.94376
G1 X110.071 Y120.785 E46.95516
G1 X110.071 Y120.045 E46.98476
G1 X109.785 Y120.317 E47.00055
G1 X109.785 Y120.785 E47.01927
G1 X109.713 Y120.785 E47.02215
G1 X109.713 Y123.571 E47.13359
G1 X109.499 Y123.571 E47.14215
G1 X109.499 Y120.589 E47.26143
G1 X109.214 Y120.86 E47.27716
G1 X109.214 Y123.571 E47.3856
G1 X108.928 Y123.571 E47.39704
G1 X108.928 Y121.132 E47.4946
G1 X108.643 Y121.403 E47.51033
G1 X108.643 Y123.571 E47.59705
G1 X108.357 Y123.571 E47.60849
G1 X108.357 Y121.675 E47.68433
G1 X108.071 Y121.946 E47.70009
G1 X108.071 Y123.571 E47.76509
G1 X107.786 Y123.571 E47.77649
G1 X107.786 Y122.218 E47.83061
G1 X107.5 Y122.49 E47.8464
G1 X107.5 Y123.571 E47.88964
G1 X107.214 Y123.571 E47.90108
G1 X107.214 Y122.761 E47.93348
G1 X106.929 Y123.033 E47.94924
G1 X106.927 Y126.356 E48.08216
G1 X106.643 Y126.356 E48.09352
G1 X106.643 Y123.304 E48.2156
G1 X106.358 Y123.576 E48.23136
G1 X106.358 Y126.356 E48.34256
G1 X106.072 Y126.356 E48.354
G1 X106.072 Y123.848 E48.45432
G1 X105.786 Y124.119 E48.47008
G1 X105.786 Y126.356 E48.55956
G1 X105.501 Y126.356 E48.57096
G1 X105.501 Y124.391 E48.64956
G1 X105.215 Y124.662 E48.66532
G1 X105.215 Y126.356 E48.73308
G1 X104.93 Y126.356 E48.74448
G1 X104.93 Y124.934 E48.80136
G1 X104.644 Y125.205 E48.81712
G1 X104.644 Y126.356 E48.86316
G1 X104.358 Y126.356 E48.8746
G1 X104.358 Y125.477 E48.90976
G1 X104.073 Y125.749 E48.92552
G1 X104.073 Y129.142 E49.06124
G1 X103.787 Y129.142 E49.07268
G1 X103.787 Y126.02 E49.19756
G1 X103.501 Y126.292 E49.21335
G1 X103.501 Y129.142 E49.32735
G1 X103.216 Y129.142 E49.33875
G1 X103.216 Y126.563 E49.44191
G1 X102.93 Y126.835 E49.4577
G1 X102.93 Y129.142 E49.54998
G1 X102.645 Y129.142 E49.56138
G1 X102.645 Y127.107 E49.64278
G1 X102.359 Y127.378 E49.65854
G1 X102.359 Y129.142 E49.7291
G1 X102.073 Y129.142 E49.74054
G1 X102.073 Y127.65 E49.80022
G1 X101.788 Y127.921 E49.81595
G1 X101.788 Y129.142 E49.86479
G1 X101.502 Y129.142 E49.87623
G1 X101.502 Y128.193 E49.91419
G1 X101.216 Y128.464 E49.92995
G1 X101.216 Y131.927 E50.06847
G1 X100.931 Y131.927 E50.07987
G1 X100.931 Y128.736 E50.20751
G1 X100.645 Y129.008 E50.2233
G1 X100.645 Y131.927 E50.34006
G1 X100.36 Y131.927 E50.35146
G1 X100.36 Y129.279 E50.45738
G1 X100.074 Y129.551 E50.47317
G1 X100.074 Y131.927 E50.56821
G1 X99.788 Y131.927 E50.57965
G1 X99.788 Y129.822 E50.66385
G1 X99.503 Y130.094 E50.67961
G1 X99.503 Y131.927 E50.75293
G1 X99.217 Y131.927 E50.76437
G1 X99.217 Y130.365 E50.82685
G1 X98.932 Y130.637 E50.84261
G1 X98.932 Y131.927 E50.89421
G1 X98.646 Y131.927 E50.90565
G1 X98.646 Y130.909 E50.94637
G1 X98.36 Y131.18 E50.96213
G1 X98.36 Y134.713 E51.10345
G1 X98.075 Y134.713 E51.11485
G1 X98.075 Y131.452 E51.24529
G1 X97.789 Y131.723 E51.26105
G1 X97.789 Y134.713 E51.38065
G1 X97.503 Y134.713 E51.39209
G1 X97.503 Y131.995 E51.50081
G1 X97.218 Y132.267 E51.51657
G1 X97.218 Y134.713 E51.61441
G1 X96.932 Y134.713 E51.62585
G1 X96.932 Y132.538 E51.71285
G1 X96.647 Y132.81 E51.72861
G1 X96.647 Y134.713 E51.80473
G1 X96.361 Y134.713 E51.81617
G1 X96.361 Y133.081 E51.88145
G1 X96.075 Y133.353 E51.89724
G1 X96.075 Y134.713 E51.95164
G1 X95.79 Y134.713 E51.96304
G1 X95.79 Y133.624 E52.0066
G1 X95.504 Y133.896 E52.02239
G1 X95.504 Y137.499 E52.16651
G1 X95.218 Y137.499 E52.17795
G1 X95.218 Y134.168 E52.31119
G1 X94.933 Y134.439 E52.32692
G1 X94.933 Y137.499 E52.44932
G1 X94.647 Y137.499 E52.46076
G1 X94.647 Y134.711 E52.57228
G1 X94.362 Y134.982 E52.58801
G1 X94.362 Y137.499 E52.68869
G1 X94.076 Y137.499 E52.70013
G1 X94.076 Y135.254 E52.78993
G1 X93.79 Y135.526 E52.80572
G1 X93.79 Y137.499 E52.88464
G1 X93.505 Y137.499 E52.89604
G1 X93.505 Y135.797 E52.96412
G1 X93.219 Y136.069 E52.97991
G1 X93.219 Y137.499 E53.03711
G1 X92.999 Y137.499 E53.04591
G1 X92.999 Y140.284 E53.15731
G1 X92.934 Y140.284 E53.15991
G1 X92.934 Y136.34 E53.31767
G1 X92.648 Y136.612 E53.33346
G1 X92.648 Y140.284 E53.48034
G1 X92.362 Y140.284 E53.49178
G1 X92.362 Y136.883 E53.62782
G1 X92.077 Y137.155 E53.64358
G1 X92.077 Y140.284 E53.76874
G1 X91.791 Y140.284 E53.78018
G1 X91.791 Y137.427 E53.89446
G1 X91.505 Y137.698 E53.91022
G1 X91.505 Y140.284 E54.01366
G1 X91.22 Y140.284 E54.02506
G1 X91.22 Y137.97 E54.11762
G1 X90.934 Y138.241 E54.13338
G1 X90.934 Y140.284 E54.2151
G1 X90.649 Y140.284 E54.2265
G1 X90.649 Y138.513 E54.29734
G1 X90.363 Y138.784 E54.3131
G1 X90.363 Y140.284 E54.3731
G1 X90.214 Y140.284 E54.37906
G1 X90.214 Y143.07 E54.4905
G1 X90.077 Y143.07 E54.49598
G1 X90.077 Y139.056 E54.65654
G1 X89.792 Y139.328 E54.6723
G1 X89.792 Y143.07 E54.82198
G1 X89.506 Y143.07 E54.83342
G1 X89.506 Y139.599 E54.97226
G1 X89.22 Y139.871 E54.98805
G1 X89.22 Y143.07 E55.11601
G1 X88.935 Y143.07 E55.12741
G1 X88.935 Y140.142 E55.24453
G1 X88.649 Y140.414 E55.26032
G1 X88.649 Y143.07 E55.36656
G1 X88.364 Y143.07 E55.37796
G1 X88.364 Y140.686 E55.47332
G1 X88.078 Y140.957 E55.48908
G1 X88.078 Y143.07 E55.5736
G1 X87.792 Y143.07 E55.58504
G1 X87.792 Y141.229 E55.65868
G1 X87.507 Y141.5 E55.67441
G1 X87.507 Y143.07 E55.73721
G1 X87.428 Y143.07 E55.74037
G1 X87.428 Y145.856 E55.85181
G1 X87.221 Y145.856 E55.86009
G1 X87.221 Y141.772 E56.02345
G1 X86.936 Y142.043 E56.03918
G1 X86.936 Y145.856 E56.1917
G1 X86.65 Y145.856 E56.20314
G1 X86.65 Y142.315 E56.34478
G1 X86.364 Y142.587 E56.36057
G1 X86.364 Y145.856 E56.49133
G1 X86.079 Y145.856 E56.50273
G1 X86.079 Y142.858 E56.62265
G1 X85.793 Y143.13 E56.63844
G1 X85.793 Y145.856 E56.74748
G1 X85.507 Y145.856 E56.75892
G1 X85.507 Y143.401 E56.85712
G1 X85.222 Y143.673 E56.87288
G1 X85.222 Y145.856 E56.9602
G1 X84.936 Y145.856 E56.97164
G1 X84.936 Y143.945 E57.04808
G1 X84.651 Y144.216 E57.06381
G1 X84.642 Y148.641 E57.24081
G1 X84.365 Y148.641 E57.25189
G1 X84.365 Y144.488 E57.41801
G1 X84.079 Y144.759 E57.43377
G1 X84.079 Y148.641 E57.58905
G1 X83.794 Y148.641 E57.60045
G1 X83.794 Y145.031 E57.74485
G1 X83.508 Y145.302 E57.76061
G1 X83.508 Y148.641 E57.89417
G1 X83.223 Y148.641 E57.90557
G1 X83.223 Y145.574 E58.02825
G1 X82.937 Y145.846 E58.04404
G1 X82.937 Y148.641 E58.15584
G1 X82.651 Y148.641 E58.16728
G1 X82.651 Y146.117 E58.26824
G1 X82.366 Y146.389 E58.284
G1 X82.366 Y148.641 E58.37408
G1 X82.08 Y148.641 E58.38552
G1 X82.08 Y146.66 E58.46476
G1 X81.794 Y146.932 E58.48055
G1 X81.794 Y151.427 E58.66035
G1 X81.509 Y151.427 E58.67175
G1 X81.509 Y147.203 E58.84071
G1 X81.223 Y147.475 E58.8565
G1 X81.223 Y151.427 E59.01458
G1 X80.938 Y151.427 E59.02598
G1 X80.938 Y147.747 E59.17318
G1 X80.652 Y148.018 E59.18894
G1 X80.652 Y151.427 E59.3253
G1 X80.366 Y151.427 E59.33674
G1 X80.366 Y148.29 E59.46222
G1 X80.081 Y148.561 E59.47795
G1 X80.081 Y151.427 E59.59259
G1 X79.795 Y151.427 E59.60403
G1 X79.795 Y148.833 E59.70779
G1 X79.509 Y149.105 E59.72358
G1 X79.509 Y151.427 E59.81646
G1 X79.224 Y151.427 E59.82786
G1 X79.224 Y149.376 E59.9099
G1 X78.938 Y149.648 E59.92569
G1 X78.938 Y154.212 E60.10825
G1 X78.653 Y154.212 E60.11965
G1 X78.653 Y149.919 E60.29137
G1 X78.367 Y150.191 E60.30716
G1 X78.367 Y154.212 E60.468
G1 X78.081 Y154.212 E60.47944
G1 X78.081 Y150.462 E60.62944
G1 X77.796 Y150.734 E60.6452
G1 X77.796 Y154.212 E60.78432
G1 X77.51 Y154.212 E60.79576
G1 X77.51 Y151.006 E60.924
G1 X77.225 Y151.277 E60.93973
G1 X77.225 Y154.212 E61.05713
G1 X76.939 Y154.212 E61.06857
G1 X76.939 Y151.549 E61.17509
G1 X76.653 Y151.82 E61.19085
G1 X76.653 Y154.212 E61.28653
G1 X76.368 Y154.212 E61.29793
G1 X76.368 Y152.092 E61.38273
G1 X76.082 Y152.364 E61.39852
G1 X76.082 Y156.998 E61.58388
G1 X75.796 Y156.998 E61.59532
G1 X75.796 Y152.635 E61.76984
G1 X75.511 Y152.907 E61.7856
G1 X75.511 Y156.998 E61.94924
G1 X75.225 Y156.998 E61.96068
G1 X75.225 Y153.178 E62.11348
G1 X74.94 Y153.45 E62.12924
G1 X74.94 Y156.998 E62.27116
G1 X74.654 Y156.998 E62.2826
G1 X74.654 Y153.721 E62.41368
G1 X74.368 Y153.993 E62.42947
G1 X74.368 Y156.998 E62.54967
G1 X74.083 Y156.998 E62.56107
G1 X74.083 Y154.265 E62.67039
G1 X73.797 Y154.536 E62.68615
G1 X73.797 Y156.998 E62.78463
G1 X73.511 Y156.998 E62.79607
G1 X73.511 Y154.808 E62.88367
G1 X73.226 Y155.079 E62.8994
G1 X73.226 Y159.784 E63.0876
G1 X72.94 Y159.784 E63.09904
G1 X72.94 Y155.351 E63.27636
G1 X72.655 Y155.622 E63.29209
G1 X72.655 Y159.784 E63.45857
G1 X72.369 Y159.784 E63.47001
G1 X72.369 Y155.894 E63.62561
G1 X72.083 Y156.166 E63.6414
G1 X72.083 Y159.784 E63.78612
G1 X71.798 Y159.784 E63.79752
G1 X71.798 Y156.437 E63.9314
G1 X71.512 Y156.709 E63.94719
G1 X71.512 Y159.784 E64.07019
G1 X71.227 Y159.784 E64.08159
G1 X71.227 Y156.98 E64.19375
G1 X70.941 Y157.252 E64.20954
G1 X70.941 Y159.784 E64.31082
G1 X70.714 Y159.784 E64.3199
G1 X70.714 Y162.569 E64.4313
G1 X70.655 Y162.569 E64.43366
G1 X70.655 Y157.524 E64.63546
G1 X70.37 Y157.795 E64.65119
G1 X70.37 Y162.569 E64.84215
G1 X70.084 Y162.569 E64.85359
G1 X70.084 Y158.067 E65.03367
G1 X69.798 Y158.338 E65.04943
G1 X69.798 Y162.569 E65.21867
G1 X69.513 Y162.569 E65.23007
G1 X69.513 Y158.61 E65.38843
G1 X69.227 Y158.881 E65.40419
G1 X69.227 Y162.569 E65.55171
G1 X68.942 Y162.569 E65.56311
G1 X68.942 Y159.153 E65.69975
G1 X68.656 Y159.425 E65.71554
G1 X68.656 Y162.569 E65.8413
G1 X68.37 Y162.569 E65.85274
G1 X68.37 Y159.696 E65.96766
G1 X68.085 Y159.968 E65.98342
G1 X68.085 Y162.569 E66.08746
G1 X67.929 Y162.569 E66.0937
G1 X67.929 Y165.355 E66.20514
G1 X67.799 Y165.355 E66.21034
G1 X67.799 Y160.239 E66.41498
G1 X67.513 Y160.511 E66.43077
G1 X67.513 Y165.355 E66.62453
G1 X67.228 Y165.355 E66.63593
G1 X67.228 Y160.783 E66.81881
G1 X66.942 Y161.054 E66.83457
G1 X66.942 Y165.355 E67.00661
G1 X66.657 Y165.355 E67.01801
G1 X66.657 Y161.326 E67.17917
G1 X66.371 Y161.597 E67.19493
G1 X66.371 Y165.355 E67.34525
G1 X66.085 Y165.355 E67.35669
G1 X66.085 Y161.869 E67.49613
G1 X65.8 Y162.14 E67.51186
G1 X65.8 Y165.355 E67.64046
G1 X65.514 Y165.355 E67.6519
G1 X65.514 Y162.412 E67.76962
G1 X65.229 Y162.684 E67.78538
G1 X65.143 Y168.141 E68.00369
G1 X64.943 Y168.141 E68.01169
G1 X64.943 Y162.955 E68.21913
G1 X64.657 Y163.227 E68.23492
G1 X64.657 Y168.141 E68.43148
G1 X64.372 Y168.141 E68.44288
G1 X64.372 Y163.498 E68.6286
G1 X64.086 Y163.77 E68.64439
G1 X64.086 Y168.141 E68.81923
G1 X63.8 Y168.141 E68.83067
G1 X63.8 Y164.041 E68.99467
G1 X63.515 Y164.313 E69.01043
G1 X63.515 Y168.141 E69.16355
G1 X63.229 Y168.141 E69.17499
G1 X63.229 Y164.585 E69.31723
G1 X62.944 Y164.856 E69.33296
G1 X62.944 Y168.141 E69.46436
G1 X62.658 Y168.141 E69.4758
G1 X62.658 Y165.128 E69.59632
G1 X62.372 Y165.399 E69.61208
G1 X62.372 Y168.141 E69.72176
G1 X62.087 Y168.141 E69.73316
G1 X62.087 Y165.671 E69.83196
G1 X61.801 Y165.943 E69.84775
G1 X61.801 Y168.141 E69.93567
G1 X61.515 Y168.141 E69.94711
G1 X61.515 Y166.214 E70.02419
G1 X61.23 Y166.486 E70.03995
G1 X61.23 Y168.141 E70.10615
G1 X60.944 Y168.141 E70.11759
G1 X60.944 Y166.757 E70.17295
G1 X60.659 Y167.029 E70.18871
G1 X60.659 Y168.141 E70.23319
G1 X60.373 Y168.141 E70.24463
G1 X60.373 Y167.3 E70.27827
G1 X60.087 Y167.572 E70.29406
G1 X60.087 Y168.141 E70.31682
G1 X59.802 Y168.141 E70.32822
G1 X59.802 Y167.844 E70.3401
G1 X59.516 Y168.115 E70.35586
G1 X59.516 Y170.926 E70.4683
G1 X59.231 Y170.926 E70.4797
G1 X59.231 Y168.387 E70.58126
G1 X58.945 Y168.658 E70.59702
G1 X58.945 Y170.926 E70.68774
G1 X58.659 Y170.926 E70.69918
G1 X58.659 Y168.93 E70.77902
G1 X58.374 Y169.202 E70.79478
G1 X58.374 Y170.926 E70.86374
G1 X58.088 Y170.926 E70.87518
G1 X58.088 Y169.473 E70.9333
G1 X57.802 Y169.745 E70.94909
G1 X57.802 Y170.926 E70.99633
G1 X57.517 Y170.926 E71.00773
G1 X57.517 Y170.016 E71.04413
G1 X57.231 Y170.288 E71.05992
G1 X57.231 Y170.926 E71.08544
G1 X56.946 Y170.926 E71.09684
G1 X56.946 Y170.559 E71.11152
G1 X56.66 Y170.831 E71.12731
G1 X56.66 Y173.712 E71.24255
G1 X56.374 Y173.712 E71.25399
G1 X56.374 Y171.103 E71.35835
G1 X56.089 Y171.374 E71.37408
G1 X56.089 Y173.712 E71.4676
G1 X55.803 Y173.712 E71.47904
G1 X55.803 Y171.646 E71.56168
G1 X55.517 Y171.917 E71.57744
G1 X55.517 Y173.712 E71.64924
G1 X55.232 Y173.712 E71.66064
G1 X55.232 Y172.189 E71.72156
G1 X54.946 Y172.46 E71.73732
G1 X54.946 Y173.712 E71.7874
G1 X54.661 Y173.712 E71.7988
G1 X54.661 Y172.732 E71.838
G1 X54.375 Y173.004 E71.85379
G1 X54.375 Y173.712 E71.88211
G1 X54.089 Y173.712 E71.89355
G1 X54.089 Y173.275 E71.91103
G1 X53.804 Y173.547 E71.92679
G1 X53.804 Y176.497 E72.04479
G1 X53.518 Y176.497 E72.05623
G1 X53.518 Y173.818 E72.16339
G1 X53.233 Y174.09 E72.17915
G1 X53.233 Y176.497 E72.27543
G1 X52.947 Y176.497 E72.28687
G1 X52.947 Y174.362 E72.37227
G1 X52.661 Y174.633 E72.38803
G1 X52.661 Y176.497 E72.46259
G1 X52.376 Y176.497 E72.47399
G1 X52.376 Y174.905 E72.53767
G1 X52.09 Y175.176 E72.55343
G1 X52.09 Y176.497 E72.60627
G1 X51.804 Y176.497 E72.61771
G1 X51.804 Y175.448 E72.65967
G1 X51.519 Y175.719 E72.6754
G1 X51.519 Y176.497 E72.70652
G1 X51.233 Y176.497 E72.71796
G1 X51.233 Y175.991 E72.7382
G1 X50.948 Y176.263 E72.75396
G1 X50.948 Y179.283 E72.87476
G1 X50.662 Y179.283 E72.8862
G1 X50.662 Y176.534 E72.99616
G1 X50.376 Y176.806 E73.01195
G1 X50.376 Y179.283 E73.11103
G1 X50.091 Y179.283 E73.12243
G1 X50.091 Y177.077 E73.21067
G1 X49.805 Y177.349 E73.22646
G1 X49.805 Y179.283 E73.30382
G1 X49.519 Y179.283 E73.31526
G1 X49.519 Y177.621 E73.38174
G1 X49.234 Y177.892 E73.39747
G1 X49.234 Y179.283 E73.45311
G1 X48.948 Y179.283 E73.46455
G1 X48.948 Y178.164 E73.50931
G1 X48.663 Y178.435 E73.52504
G1 X48.663 Y179.283 E73.55896
G1 X48.429 Y179.283 E73.56832
G1 X48.429 Y182.069 E73.67976
G1 X48.377 Y182.069 E73.68184
G1 X48.377 Y178.707 E73.81632
G1 X48.091 Y178.978 E73.83208
G1 X48.091 Y182.069 E73.95572
G1 X47.806 Y182.069 E73.96712
G1 X47.806 Y179.25 E74.07988
G1 X47.52 Y179.522 E74.09567
G1 X47.52 Y182.069 E74.19755
G1 X47.235 Y182.069 E74.20895
G1 X47.235 Y179.793 E74.29999
G1 X46.949 Y180.065 E74.31578
G1 X46.949 Y182.069 E74.39594
G1 X46.663 Y182.069 E74.40738
G1 X46.663 Y180.336 E74.4767
G1 X46.378 Y180.608 E74.49246
G1 X46.378 Y182.069 E74.5509
G1 X46.092 Y182.069 E74.56234
G1 X46.092 Y180.879 E74.60994
G1 X45.806 Y181.151 E74.62573
G1 X45.806 Y182.069 E74.66245
G1 X45.644 Y182.069 E74.66893
G1 X45.644 Y184.854 E74.78033
G1 X45.521 Y184.854 E74.78525
G1 X45.521 Y181.423 E74.92249
G1 X45.235 Y181.694 E74.93825
G1 X45.235 Y184.854 E75.06465
G1 X44.95 Y184.854 E75.07605
G1 X44.95 Y181.966 E75.19157
G1 X44.664 Y182.237 E75.20733
G1 X44.664 Y184.854 E75.31201
G1 X44.378 Y184.854 E75.32345
G1 X44.378 Y182.509 E75.41725
G1 X44.093 Y182.781 E75.43301
G1 X44.093 Y184.854 E75.51593
G1 X43.807 Y184.854 E75.52737
G1 X43.807 Y183.052 E75.59945
G1 X43.521 Y183.324 E75.61524
G1 X43.521 Y184.854 E75.67644
G1 X43.236 Y184.854 E75.68784
G1 X43.236 Y183.595 E75.7382
G1 X42.95 Y183.867 E75.75399
G1 X42.95 Y184.854 E75.79347
G1 X42.858 Y184.854 E75.79715
G1 X42.858 Y187.64 E75.90859
G1 X42.665 Y187.64 E75.91631
G1 X42.665 Y184.138 E76.05639
G1 X42.379 Y184.41 E76.07218
G1 X42.379 Y187.64 E76.20138
G1 X42.093 Y187.64 E76.21282
G1 X42.093 Y184.682 E76.33114
G1 X41.808 Y184.953 E76.34687
G1 X41.808 Y187.64 E76.45435
G1 X41.522 Y187.64 E76.46579
G1 X41.522 Y185.225 E76.56239
G1 X41.237 Y185.496 E76.57812
G1 X41.237 Y187.64 E76.66388
G1 X40.951 Y187.64 E76.67532
G1 X40.951 Y185.768 E76.7502
G1 X40.665 Y186.04 E76.76599
G1 X40.665 Y187.64 E76.82999
G1 X40.38 Y187.64 E76.84139
G1 X40.38 Y186.311 E76.89455
G1 X40.094 Y186.583 E76.91034
G1 X40.072 Y190.425 E77.06402
G1 X39.808 Y190.425 E77.07458
G1 X39.808 Y186.854 E77.21742
G1 X39.523 Y187.126 E77.23318
G1 X39.523 Y190.425 E77.36514
G1 X39.237 Y190.425 E77.37658
G1 X39.237 Y187.397 E77.4977
G1 X38.952 Y187.669 E77.51346
G1 X38.952 Y190.425 E77.6237
G1 X38.666 Y190.425 E77.63514
G1 X38.666 Y187.941 E77.7345
G1 X38.38 Y188.212 E77.75026
G1 X38.38 Y190.425 E77.83878
G1 X38.095 Y190.425 E77.85018
G1 X38.095 Y188.484 E77.92782
G1 X37.809 Y188.755 E77.94358
G1 X37.809 Y190.425 E78.01038
G1 X37.523 Y190.425 E78.02182
G1 X37.523 Y189.027 E78.07774
G1 X37.238 Y189.298 E78.09347
G1 X37.238 Y193.211 E78.24999
G1 X36.952 Y193.211 E78.26143
G1 X36.952 Y189.57 E78.40707
G1 X36.667 Y189.842 E78.42283
G1 X36.667 Y193.211 E78.55759
G1 X36.381 Y193.211 E78.56903
G1 X36.381 Y190.113 E78.69295
G1 X36.095 Y190.385 E78.70874
G1 X36.095 Y193.211 E78.82178
G1 X35.81 Y193.211 E78.83318
G1 X35.81 Y190.656 E78.93538
G1 X35.524 Y190.928 E78.95117
G1 X35.524 Y193.211 E79.04249
G1 X35.239 Y193.211 E79.05389
G1 X35.239 Y191.2 E79.13433
G1 X34.953 Y191.471 E79.15009
G1 X34.953 Y193.211 E79.21969
G1 X34.667 Y193.211 E79.23113
G1 X34.667 Y191.743 E79.28985
G1 X34.382 Y192.014 E79.30558
G1 X34.382 Y195.997 E79.4649
G1 X34.096 Y195.997 E79.47634
G1 X34.096 Y192.286 E79.62478
G1 X33.81 Y192.557 E79.64054
G1 X33.81 Y195.997 E79.77814
G1 X33.525 Y195.997 E79.78954
G1 X33.525 Y192.829 E79.91626
G1 X33.239 Y193.101 E79.93205
G1 X33.239 Y195.997 E80.04789
G1 X32.954 Y195.997 E80.05929
G1 X32.954 Y193.372 E80.16429
G1 X32.668 Y193.644 E80.18008
G1 X32.668 Y195.997 E80.2742
G1 X32.382 Y195.997 E80.28564
G1 X32.382 Y193.915 E80.36892
G1 X32.097 Y194.187 E80.38468
G1 X32.097 Y195.997 E80.45708
G1 X31.811 Y195.997 E80.46852
G1 X31.811 Y194.459 E80.53004
G1 X31.525 Y194.73 E80.5458
G1 X31.525 Y198.782 E80.70788
G1 X31.24 Y198.782 E80.71928
G1 X31.24 Y195.002 E80.87048
G1 X30.954 Y195.273 E80.88624
G1 X30.954 Y198.782 E81.0266
G1 X30.669 Y198.782 E81.038
G1 X30.669 Y195.545 E81.16748
G1 X30.383 Y195.816 E81.18324
G1 X30.383 Y198.782 E81.30188
G1 X30.097 Y198.782 E81.31332
G1 X30.097 Y196.088 E81.42108
G1 X29.812 Y196.36 E81.43684
G1 X29.812 Y198.782 E81.53372
G1 X29.526 Y198.782 E81.54516
G1 X29.526 Y196.631 E81.6312
G1 X29.241 Y196.903 E81.64696
G1 X29.241 Y198.782 E81.72212
G1 X28.955 Y198.782 E81.73356
G1 X28.955 Y197.174 E81.79788
G1 X28.669 Y197.446 E81.81367
G1 X28.669 Y201.568 E81.97855
G1 X28.384 Y201.568 E81.98995
G1 X28.384 Y197.717 E82.14399
G1 X28.098 Y197.989 E82.15978
G1 X28.098 Y201.568 E82.30294
G1 X27.812 Y201.568 E82.31438
G1 X27.812 Y198.261 E82.44666
G1 X27.527 Y198.532 E82.46239
G1 X27.527 Y201.568 E82.58383
G1 X27.241 Y201.568 E82.59527
G1 X27.241 Y198.804 E82.70583
G1 X26.956 Y199.075 E82.72156
G1 X26.956 Y201.568 E82.82128
G1 X26.67 Y201.568 E82.83272
G1 X26.67 Y199.347 E82.92156
G1 X26.384 Y199.619 E82.93735
G1 X26.384 Y201.568 E83.01531
G1 X26.144 Y201.568 E83.02491
G1 X26.144 Y204.354 E83.13635
G1 X26.099 Y199.89 E83.31492
G1 X25.813 Y200.162 E83.33071
G1 X25.813 Y204.354 E83.49839
G1 X25.527 Y204.354 E83.50983
G1 X25.527 Y200.433 E83.66667
G1 X25.242 Y200.705 E83.68243
G1 X25.242 Y204.354 E83.82839
G1 X24.956 Y204.354 E83.83983
G1 X24.956 Y200.976 E83.97495
G1 X24.671 Y201.248 E83.99071
G1 X24.671 Y204.354 E84.11495
G1 X24.385 Y204.354 E84.12639
G1 X24.385 Y201.52 E84.23975
G1 X24.099 Y201.791 E84.25551
G1 X24.099 Y204.354 E84.35803
G1 X23.814 Y204.354 E84.36943
G1 X23.814 Y202.063 E84.46107
G1 X23.528 Y202.334 E84.47683
G1 X23.528 Y204.354 E84.55763
G1 X23.243 Y204.354 E84.56903
G1 X23.243 Y202.606 E84.63895
G1 X23.062 Y202.778 E84.64894
G1 X22.957 Y202.775 E84.65314
G1 X22.957 Y204.354 E84.7163
G1 X22.671 Y204.354 E84.72774
G1 X22.671 Y202.68 E84.7947
G1 X22.386 Y202.38 E84.81125
G1 X22.386 Y204.354 E84.89021
G1 X22.1 Y204.354 E84.90165
G1 X22.1 Y202.079 E84.99265
G1 X21.814 Y201.779 E85.00923
G1 X21.814 Y204.354 E85.11223
G1 X21.529 Y204.354 E85.12363
G1 X21.529 Y201.479 E85.23863
G1 X21.243 Y201.178 E85.25524
G1 X21.243 Y204.354 E85.38228
G1 X20.958 Y204.354 E85.39368
G1 X20.958 Y200.878 E85.53272
G1 X20.672 Y200.577 E85.54933
G1 X20.672 Y204.482 E85.70553
G1 E83.70553 F2400
G92 E0
G1 X20.672 Y204.482 F7800
G1 X20.672 Y200.181
G1 E2 F2400
G1 F1800
G1 X20.672 Y195.997 E2.16736
G1 X20.958 Y195.997 E2.1788
G1 X20.958 Y199.732 E2.3282
G1 X21.243 Y199.461 E2.34393
G1 X21.243 Y195.997 E2.48249
G1 X21.529 Y195.997 E2.49393
G1 X21.529 Y199.189 E2.62161
G1 X21.814 Y198.917 E2.63737
G1 X21.814 Y195.997 E2.75417
G1 X22.1 Y195.997 E2.76561
G1 X22.1 Y198.646 E2.87157
G1 X22.386 Y198.374 E2.88736
G1 X22.386 Y195.997 E2.98244
G1 X22.671 Y195.997 E2.99384
G1 X22.671 Y198.103 E3.07808
G1 X22.957 Y197.831 E3.09387
G1 X22.957 Y195.997 E3.16723
G1 X23.243 Y195.997 E3.17867
G1 X23.243 Y197.56 E3.24119
G1 X23.528 Y197.288 E3.25695
G1 X23.528 Y193.211 E3.42003
G1 X23.814 Y193.211 E3.43147
G1 X23.814 Y197.016 E3.58367
G1 X24.099 Y196.745 E3.5994
G1 X24.099 Y193.211 E3.74076
G1 X24.385 Y193.211 E3.7522
G1 X24.385 Y196.473 E3.88268
G1 X24.671 Y196.202 E3.89844
G1 X24.671 Y193.211 E4.01808
G1 X24.956 Y193.211 E4.02948
G1 X24.956 Y195.93 E4.13824
G1 X25.242 Y195.659 E4.154
G1 X25.242 Y193.211 E4.25192
G1 X25.527 Y193.211 E4.26332
G1 X25.527 Y195.387 E4.35036
G1 X25.813 Y195.115 E4.36615
G1 X25.813 Y193.211 E4.44231
G1 X26.099 Y193.211 E4.45375
G1 X26.099 Y194.844 E4.51907
G1 X26.384 Y194.572 E4.53483
G1 X26.384 Y190.425 E4.70071
G1 X26.67 Y190.425 E4.71215
G1 X26.67 Y194.301 E4.86719
G1 X26.956 Y194.029 E4.88298
G1 X26.956 Y190.425 E5.02714
G1 X27.241 Y190.425 E5.03854
G1 X27.241 Y193.757 E5.17182
G1 X27.527 Y193.486 E5.18758
G1 X27.527 Y190.425 E5.31002
G1 X27.812 Y190.425 E5.32142
G1 X27.812 Y193.214 E5.43298
G1 X28.098 Y192.943 E5.44874
G1 X28.098 Y190.425 E5.54946
G1 X28.384 Y190.425 E5.5609
G1 X28.384 Y192.671 E5.65074
G1 X28.669 Y192.4 E5.66647
G1 X28.669 Y190.425 E5.74547
G1 X28.93 Y190.425 E5.75591
G1 X28.93 Y187.64 E5.86731
G1 X28.955 Y192.128 E6.04683
G1 X29.241 Y191.856 E6.06262
G1 X29.241 Y187.64 E6.23126
G1 X29.526 Y187.64 E6.24266
G1 X29.526 Y191.585 E6.40046
G1 X29.812 Y191.313 E6.41625
G1 X29.812 Y187.64 E6.56317
G1 X30.097 Y187.64 E6.57457
G1 X30.097 Y191.042 E6.71065
G1 X30.383 Y190.77 E6.72644
G1 X30.383 Y187.64 E6.85164
G1 X30.669 Y187.64 E6.86308
G1 X30.669 Y190.498 E6.9774
G1 X30.954 Y190.227 E6.99313
G1 X30.954 Y187.64 E7.09661
G1 X31.24 Y187.64 E7.10805
G1 X31.24 Y189.955 E7.20065
G1 X31.525 Y189.684 E7.21638
G1 X31.525 Y187.64 E7.29814
G1 X31.716 Y187.64 E7.30578
G1 X31.716 Y184.854 E7.41722
G1 X31.811 Y184.854 E7.42102
G1 X31.811 Y189.412 E7.60334
G1 X32.097 Y189.141 E7.6191
G1 X32.097 Y184.854 E7.79058
G1 X32.382 Y184.854 E7.80198
G1 X32.382 Y188.869 E7.96258
G1 X32.668 Y188.597 E7.97837
G1 X32.668 Y184.854 E8.12809
G1 X32.954 Y184.854 E8.13953
G1 X32.954 Y188.326 E8.27841
G1 X33.239 Y188.054 E8.29417
G1 X33.239 Y184.854 E8.42217
G1 X33.525 Y184.854 E8.43361
G1 X33.525 Y187.783 E8.55077
G1 X33.81 Y187.511 E8.56653
G1 X33.81 Y184.854 E8.67281
G1 X34.096 Y184.854 E8.68425
G1 X34.096 Y187.24 E8.77969
G1 X34.382 Y186.968 E8.79548
G1 X34.382 Y184.854 E8.88004
G1 X34.501 Y184.854 E8.8848
G1 X34.501 Y182.069 E8.9962
G1 X34.667 Y182.069 E9.00284
G1 X34.667 Y186.696 E9.18792
G1 X34.953 Y186.425 E9.20368
G1 X34.953 Y182.069 E9.37792
G1 X35.239 Y182.069 E9.38936
G1 X35.239 Y186.153 E9.55272
G1 X35.524 Y185.882 E9.56845
G1 X35.524 Y182.069 E9.72097
G1 X35.81 Y182.069 E9.73241
G1 X35.81 Y185.61 E9.87405
G1 X36.095 Y185.338 E9.88981
G1 X36.095 Y182.069 E10.02057
G1 X36.381 Y182.069 E10.03201
G1 X36.381 Y185.067 E10.15193
G1 X36.667 Y184.795 E10.16772
G1 X36.667 Y182.069 E10.27676
G1 X36.952 Y182.069 E10.28816
G1 X36.952 Y184.524 E10.38636
G1 X37.238 Y184.252 E10.40215
G1 X37.287 Y179.283 E10.60092
G1 X37.523 Y179.283 E10.61036
G1 X37.523 Y183.981 E10.79828
G1 X37.809 Y183.709 E10.81407
G1 X37.809 Y179.283 E10.99111
G1 X38.095 Y179.283 E11.00255
G1 X38.095 Y183.437 E11.16871
G1 X38.38 Y183.166 E11.18444
G1 X38.38 Y179.283 E11.33976
G1 X38.666 Y179.283 E11.3512
G1 X38.666 Y182.894 E11.49564
G1 X38.952 Y182.623 E11.5114
G1 X38.952 Y179.283 E11.645
G1 X39.237 Y179.283 E11.6564
G1 X39.237 Y182.351 E11.77912
G1 X39.523 Y182.079 E11.79491
G1 X39.523 Y179.283 E11.90675
G1 X39.808 Y179.283 E11.91815
G1 X39.808 Y181.808 E12.01915
G1 X40.094 Y181.536 E12.03494
G1 X40.094 Y176.497 E12.2365
G1 X40.38 Y176.497 E12.24794
G1 X40.38 Y181.265 E12.43866
G1 X40.665 Y180.993 E12.45442
G1 X40.665 Y176.497 E12.63426
G1 X40.951 Y176.497 E12.6457
G1 X40.951 Y180.722 E12.8147
G1 X41.237 Y180.45 E12.83049
G1 X41.237 Y176.497 E12.98861
G1 X41.522 Y176.497 E13.00001
G1 X41.522 Y180.178 E13.14725
G1 X41.808 Y179.907 E13.16301
G1 X41.808 Y176.497 E13.29941
G1 X42.093 Y176.497 E13.31081
G1 X42.093 Y179.635 E13.43633
G1 X42.379 Y179.364 E13.45209
G1 X42.379 Y176.497 E13.56677
G1 X42.665 Y176.497 E13.57821
G1 X42.665 Y179.092 E13.68201
G1 X42.95 Y178.82 E13.69777
G1 X42.95 Y173.712 E13.90209
G1 X43.236 Y173.712 E13.91353
G1 X43.236 Y178.549 E14.10701
G1 X43.521 Y178.277 E14.12277
G1 X43.521 Y173.712 E14.30537
G1 X43.807 Y173.712 E14.31681
G1 X43.807 Y178.006 E14.48857
G1 X44.093 Y177.734 E14.50436
G1 X44.093 Y173.712 E14.66524
G1 X44.378 Y173.712 E14.67664
G1 X44.378 Y177.463 E14.82668
G1 X44.664 Y177.191 E14.84247
G1 X44.664 Y173.712 E14.98163
G1 X44.95 Y173.712 E14.99307
G1 X44.95 Y176.919 E15.12135
G1 X45.235 Y176.648 E15.13708
G1 X45.235 Y173.712 E15.25452
G1 X45.521 Y173.712 E15.26596
G1 X45.521 Y176.376 E15.37252
G1 X45.806 Y176.105 E15.38825
G1 X45.806 Y170.926 E15.59541
G1 X46.092 Y170.926 E15.60685
G1 X46.092 Y175.833 E15.80313
G1 X46.378 Y175.562 E15.81889
G1 X46.378 Y170.926 E16.00433
G1 X46.663 Y170.926 E16.01573
G1 X46.663 Y175.29 E16.19029
G1 X46.949 Y175.018 E16.20608
G1 X46.949 Y170.926 E16.36976
G1 X47.235 Y170.926 E16.3812
G1 X47.235 Y174.747 E16.53404
G1 X47.52 Y174.475 E16.5498
G1 X47.52 Y170.926 E16.69176
G1 X47.806 Y170.926 E16.7032
G1 X47.806 Y174.204 E16.83432
G1 X48.091 Y173.932 E16.85008
G1 X48.091 Y170.926 E16.97032
G1 X48.377 Y170.926 E16.98176
G1 X48.377 Y173.66 E17.09112
G1 X48.663 Y173.389 E17.10688
G1 X48.663 Y168.141 E17.3168
G1 X48.948 Y168.141 E17.3282
G1 X48.948 Y173.117 E17.52724
G1 X49.234 Y172.846 E17.543
G1 X49.234 Y168.141 E17.7312
G1 X49.519 Y168.141 E17.7426
G1 X49.519 Y172.574 E17.91992
G1 X49.805 Y172.303 E17.93568
G1 X49.805 Y168.141 E18.10216
G1 X50.091 Y168.141 E18.1136
G1 X50.091 Y172.031 E18.2692
G1 X50.376 Y171.759 E18.28496
G1 X50.376 Y168.141 E18.42968
G1 X50.662 Y168.141 E18.44112
G1 X50.662 Y171.488 E18.575
G1 X50.948 Y171.216 E18.59079
G1 X50.948 Y168.141 E18.71379
G1 X51.233 Y168.141 E18.72519
G1 X51.233 Y170.945 E18.83735
G1 X51.519 Y170.673 E18.85314
G1 X51.519 Y168.141 E18.95442
G1 X51.804 Y168.141 E18.96582
G1 X51.804 Y170.401 E19.05622
G1 X52.09 Y170.13 E19.07198
G1 X52.09 Y168.141 E19.15154
G1 X52.376 Y168.141 E19.16298
G1 X52.376 Y169.858 E19.23166
G1 X52.661 Y169.587 E19.24739
G1 X52.661 Y168.141 E19.30523
G1 X52.947 Y168.141 E19.31667
G1 X52.947 Y169.315 E19.36363
G1 X53.233 Y169.044 E19.37939
G1 X53.233 Y168.141 E19.41551
G1 X53.518 Y168.141 E19.42691
G1 X53.518 Y168.772 E19.45215
G1 X53.804 Y168.5 E19.46794
G1 X53.804 Y168.141 E19.4823
G1 X54 Y168.141 E19.49014
G1 X54 Y165.355 E19.60158
G1 X54.089 Y165.355 E19.60514
G1 X54.089 Y168.229 E19.7201
G1 X54.375 Y167.957 E19.73589
G1 X54.375 Y165.355 E19.83997
G1 X54.661 Y165.355 E19.85141
G1 X54.661 Y167.686 E19.94465
G1 X54.946 Y167.414 E19.96041
G1 X54.946 Y165.355 E20.04277
G1 X55.232 Y165.355 E20.05421
G1 X55.232 Y167.143 E20.12573
G1 X55.517 Y166.871 E20.14149
G1 X55.517 Y165.355 E20.20213
G1 X55.803 Y165.355 E20.21357
G1 X55.803 Y166.599 E20.26333
G1 X56.089 Y166.328 E20.27909
G1 X56.089 Y165.355 E20.31801
G1 X56.374 Y165.355 E20.32941
G1 X56.374 Y166.056 E20.35745
G1 X56.66 Y165.785 E20.37321
G1 X56.66 Y165.355 E20.39041
G1 X56.786 Y165.355 E20.39545
G1 X56.786 Y162.569 E20.50689
G1 X56.946 Y162.569 E20.51329
G1 X56.946 Y165.513 E20.63105
G1 X57.231 Y165.241 E20.64681
G1 X57.231 Y162.569 E20.75369
G1 X57.517 Y162.569 E20.76513
G1 X57.517 Y164.97 E20.86117
G1 X57.802 Y164.698 E20.87693
G1 X57.802 Y162.569 E20.96209
G1 X58.088 Y162.569 E20.97353
G1 X58.088 Y164.427 E21.04785
G1 X58.374 Y164.155 E21.06364
G1 X58.374 Y162.569 E21.12708
G1 X58.659 Y162.569 E21.13848
G1 X58.659 Y163.884 E21.19108
G1 X58.945 Y163.612 E21.20687
G1 X58.945 Y162.569 E21.24859
G1 X59.231 Y162.569 E21.26003
G1 X59.231 Y163.34 E21.29087
G1 X59.516 Y163.069 E21.3066
G1 X59.572 Y159.784 E21.43802
G1 X59.802 Y159.784 E21.44722
G1 X59.802 Y162.797 E21.56774
G1 X60.087 Y162.526 E21.58347
G1 X60.087 Y159.784 E21.69315
G1 X60.373 Y159.784 E21.70459
G1 X60.373 Y162.254 E21.80339
G1 X60.659 Y161.982 E21.81918
G1 X60.659 Y159.784 E21.9071
G1 X60.944 Y159.784 E21.9185
G1 X60.944 Y161.711 E21.99558
G1 X61.23 Y161.439 E22.01137
G1 X61.23 Y159.784 E22.07757
G1 X61.515 Y159.784 E22.08897
G1 X61.515 Y161.168 E22.14433
G1 X61.801 Y160.896 E22.16012
G1 X61.801 Y159.784 E22.2046
G1 X62.087 Y159.784 E22.21604
G1 X62.087 Y160.625 E22.24968
G1 X62.372 Y160.353 E22.26544
G1 X62.372 Y156.998 E22.39964
G1 X62.658 Y156.998 E22.41108
G1 X62.658 Y160.081 E22.5344
G1 X62.944 Y159.81 E22.55016
G1 X62.944 Y156.998 E22.66264
G1 X63.229 Y156.998 E22.67404
G1 X63.229 Y159.538 E22.77564
G1 X63.515 Y159.267 E22.7914
G1 X63.515 Y156.998 E22.88216
G1 X63.8 Y156.998 E22.89356
G1 X63.8 Y158.995 E22.97344
G1 X64.086 Y158.724 E22.9892
G1 X64.086 Y156.998 E23.05824
G1 X64.372 Y156.998 E23.06968
G1 X64.372 Y158.452 E23.12784
G1 X64.657 Y158.18 E23.1436
G1 X64.657 Y156.998 E23.19088
G1 X64.943 Y156.998 E23.20232
G1 X64.943 Y157.909 E23.23876
G1 X65.229 Y157.637 E23.25455
G1 X65.229 Y154.212 E23.39155
G1 X65.514 Y154.212 E23.40295
G1 X65.514 Y157.366 E23.52911
G1 X65.8 Y157.094 E23.5449
G1 X65.8 Y154.212 E23.66018
G1 X66.085 Y154.212 E23.67158
G1 X66.085 Y156.822 E23.77598
G1 X66.371 Y156.551 E23.79174
G1 X66.371 Y154.212 E23.8853
G1 X66.657 Y154.212 E23.89674
G1 X66.657 Y156.279 E23.97942
G1 X66.942 Y156.008 E23.99515
G1 X66.942 Y154.212 E24.06699
G1 X67.228 Y154.212 E24.07843
G1 X67.228 Y155.736 E24.13939
G1 X67.513 Y155.465 E24.15512
G1 X67.513 Y154.212 E24.20524
G1 X67.799 Y154.212 E24.21668
G1 X67.799 Y155.193 E24.25592
G1 X68.085 Y154.921 E24.27171
G1 X68.085 Y151.427 E24.41147
G1 X68.37 Y151.427 E24.42287
G1 X68.37 Y154.65 E24.55179
G1 X68.656 Y154.378 E24.56758
G1 X68.656 Y151.427 E24.68562
G1 X68.942 Y151.427 E24.69706
G1 X68.942 Y154.107 E24.80426
G1 X69.227 Y153.835 E24.82002
G1 X69.227 Y151.427 E24.91634
G1 X69.513 Y151.427 E24.92778
G1 X69.513 Y153.563 E25.01322
G1 X69.798 Y153.292 E25.02895
G1 X69.798 Y151.427 E25.10355
G1 X70.084 Y151.427 E25.11499
G1 X70.084 Y153.02 E25.17871
G1 X70.37 Y152.749 E25.19447
G1 X70.37 Y151.427 E25.24735
G1 X70.655 Y151.427 E25.25875
G1 X70.655 Y152.477 E25.30075
G1 X70.941 Y152.206 E25.31651
G1 X70.941 Y148.641 E25.45911
G1 X71.227 Y148.641 E25.47055
G1 X71.227 Y151.934 E25.60227
G1 X71.512 Y151.662 E25.61803
G1 X71.512 Y148.641 E25.73887
G1 X71.798 Y148.641 E25.75031
G1 X71.798 Y151.391 E25.86031
G1 X72.083 Y151.119 E25.87607
G1 X72.083 Y148.641 E25.97519
G1 X72.369 Y148.641 E25.98663
G1 X72.369 Y150.848 E26.07491
G1 X72.655 Y150.576 E26.0907
G1 X72.655 Y148.641 E26.1681
G1 X72.94 Y148.641 E26.1795
G1 X72.94 Y150.305 E26.24606
G1 X73.226 Y150.033 E26.26185
G1 X73.226 Y148.641 E26.31753
G1 X73.5 Y148.641 E26.32849
G1 X73.5 Y145.856 E26.43989
G1 X73.511 Y149.761 E26.59609
G1 X73.797 Y149.49 E26.61185
G1 X73.797 Y145.856 E26.75721
G1 X74.083 Y145.856 E26.76865
G1 X74.083 Y149.218 E26.90313
G1 X74.368 Y148.947 E26.91886
G1 X74.368 Y145.856 E27.0425
G1 X74.654 Y145.856 E27.05394
G1 X74.654 Y148.675 E27.1667
G1 X74.94 Y148.403 E27.18249
G1 X74.94 Y145.856 E27.28437
G1 X75.225 Y145.856 E27.29577
G1 X75.225 Y148.132 E27.38681
G1 X75.511 Y147.86 E27.4026
G1 X75.511 Y145.856 E27.48276
G1 X75.796 Y145.856 E27.49416
G1 X75.796 Y147.589 E27.56348
G1 X76.082 Y147.317 E27.57927
G1 X76.082 Y145.856 E27.63771
G1 X76.285 Y145.856 E27.64583
G1 X76.285 Y143.07 E27.75727
G1 X76.368 Y143.07 E27.76059
G1 X76.368 Y147.046 E27.91963
G1 X76.653 Y146.774 E27.93539
G1 X76.653 Y143.07 E28.08355
G1 X76.939 Y143.07 E28.09499
G1 X76.939 Y146.502 E28.23227
G1 X77.225 Y146.231 E28.24803
G1 X77.225 Y143.07 E28.37447
G1 X77.51 Y143.07 E28.38587
G1 X77.51 Y145.959 E28.50143
G1 X77.796 Y145.688 E28.51719
G1 X77.796 Y143.07 E28.62191
G1 X78.081 Y143.07 E28.63331
G1 X78.081 Y145.416 E28.72715
G1 X78.367 Y145.144 E28.74294
G1 X78.367 Y143.07 E28.8259
G1 X78.653 Y143.07 E28.83734
G1 X78.653 Y144.873 E28.90946
G1 X78.938 Y144.601 E28.92522
G1 X78.938 Y143.07 E28.98646
G1 X79.071 Y143.07 E28.99178
G1 X79.071 Y140.284 E29.10322
G1 X79.224 Y140.284 E29.10934
G1 X79.224 Y144.33 E29.27118
G1 X79.509 Y144.058 E29.28694
G1 X79.509 Y140.284 E29.4379
G1 X79.795 Y140.284 E29.44934
G1 X79.795 Y143.787 E29.58946
G1 X80.081 Y143.515 E29.60525
G1 X80.081 Y140.284 E29.73449
G1 X80.366 Y140.284 E29.74589
G1 X80.366 Y143.243 E29.86425
G1 X80.652 Y142.972 E29.88001
G1 X80.652 Y140.284 E29.98753
G1 X80.938 Y140.284 E29.99897
G1 X80.938 Y142.7 E30.09561
G1 X81.223 Y142.429 E30.11134
G1 X81.223 Y140.284 E30.19714
G1 X81.509 Y140.284 E30.20858
G1 X81.509 Y142.157 E30.2835
G1 X81.794 Y141.886 E30.29923
G1 X81.857 Y137.499 E30.47473
G1 X82.08 Y137.499 E30.48365
G1 X82.08 Y141.614 E30.64825
G1 X82.366 Y141.342 E30.66404
G1 X82.366 Y137.499 E30.81776
G1 X82.651 Y137.499 E30.82916
G1 X82.651 Y141.071 E30.97204
G1 X82.937 Y140.799 E30.98783
G1 X82.937 Y137.499 E31.11983
G1 X83.223 Y137.499 E31.13127
G1 X83.223 Y140.528 E31.25243
G1 X83.508 Y140.256 E31.26819
G1 X83.508 Y137.499 E31.37847
G1 X83.794 Y137.499 E31.38991
G1 X83.794 Y139.984 E31.48931
G1 X84.079 Y139.713 E31.50504
G1 X84.079 Y137.499 E31.5936
G1 X84.365 Y137.499 E31.60504
G1 X84.365 Y139.441 E31.68272
G1 X84.651 Y139.17 E31.69848
G1 X84.651 Y134.713 E31.87676
G1 X84.936 Y134.713 E31.88816
G1 X84.936 Y138.898 E32.05556
G1 X85.222 Y138.627 E32.07132
G1 X85.222 Y134.713 E32.22788
G1 X85.507 Y134.713 E32.23928
G1 X85.507 Y138.355 E32.38496
G1 X85.793 Y138.083 E32.40075
G1 X85.793 Y134.713 E32.53555
G1 X86.079 Y134.713 E32.54699
G1 X86.079 Y137.812 E32.67095
G1 X86.364 Y137.54 E32.68671
G1 X86.364 Y134.713 E32.79979
G1 X86.65 Y134.713 E32.81123
G1 X86.65 Y137.269 E32.91347
G1 X86.936 Y136.997 E32.92926
G1 X86.936 Y134.713 E33.02062
G1 X87.221 Y134.713 E33.03202
G1 X87.221 Y136.725 E33.1125
G1 X87.507 Y136.454 E33.12826
G1 X87.507 Y131.927 E33.30934
G1 X87.792 Y131.927 E33.32074
G1 X87.792 Y136.182 E33.49094
G1 X88.078 Y135.911 E33.5067
G1 X88.078 Y131.927 E33.66606
G1 X88.364 Y131.927 E33.6775
G1 X88.364 Y135.639 E33.82598
G1 X88.649 Y135.368 E33.84171
G1 X88.649 Y131.927 E33.97935
G1 X88.935 Y131.927 E33.99079
G1 X88.935 Y135.096 E34.11755
G1 X89.22 Y134.824 E34.13331
G1 X89.221 Y131.927 E34.24919
G1 X89.506 Y131.927 E34.26059
G1 X89.506 Y134.553 E34.36563
G1 X89.792 Y134.281 E34.38142
G1 X89.792 Y131.927 E34.47558
G1 X90.077 Y131.927 E34.48698
G1 X90.077 Y134.01 E34.5703
G1 X90.363 Y133.738 E34.58609
G1 X90.363 Y129.142 E34.76993
G1 X90.649 Y129.142 E34.78137
G1 X90.649 Y133.467 E34.95437
G1 X90.934 Y133.195 E34.97013
G1 X90.934 Y129.142 E35.13225
G1 X91.22 Y129.142 E35.14369
G1 X91.22 Y132.923 E35.29493
G1 X91.505 Y132.652 E35.31066
G1 X91.505 Y129.142 E35.45106
G1 X91.791 Y129.142 E35.4625
G1 X91.791 Y132.38 E35.59202
G1 X92.077 Y132.109 E35.60778
G1 X92.077 Y129.142 E35.72646
G1 X92.362 Y129.142 E35.73786
G1 X92.362 Y131.837 E35.84566
G1 X92.648 Y131.565 E35.86145
G1 X92.648 Y129.142 E35.95837
G1 X92.934 Y129.142 E35.96981
G1 X92.934 Y131.294 E36.05589
G1 X93.219 Y131.022 E36.07165
G1 X93.219 Y126.356 E36.25829
G1 X93.505 Y126.356 E36.26973
G1 X93.505 Y130.751 E36.44553
G1 X93.79 Y130.479 E36.46129
G1 X93.79 Y126.356 E36.62621
G1 X94.076 Y126.356 E36.63765
G1 X94.076 Y130.208 E36.79173
G1 X94.362 Y129.936 E36.80752
G1 X94.362 Y126.356 E36.95072
G1 X94.647 Y126.356 E36.96212
G1 X94.647 Y129.664 E37.09444
G1 X94.933 Y129.393 E37.1102
G1 X94.933 Y126.356 E37.23168
G1 X95.218 Y126.356 E37.24308
G1 X95.218 Y129.121 E37.35368
G1 X95.504 Y128.85 E37.36944
G1 X95.504 Y126.356 E37.4692
G1 X95.785 Y126.356 E37.48044
G1 X95.785 Y123.571 E37.59184
G1 X95.79 Y128.578 E37.79212
G1 X96.075 Y128.306 E37.80788
G1 X96.075 Y123.571 E37.99728
G1 X96.361 Y123.571 E38.00872
G1 X96.361 Y128.035 E38.18728
G1 X96.647 Y127.763 E38.20307
G1 X96.647 Y123.571 E38.37075
G1 X96.932 Y123.571 E38.38215
G1 X96.932 Y127.492 E38.53899
G1 X97.218 Y127.22 E38.55478
G1 X97.218 Y123.571 E38.70074
G1 X97.503 Y123.571 E38.71214
G1 X97.503 Y126.949 E38.84726
G1 X97.789 Y126.677 E38.86305
G1 X97.789 Y123.571 E38.98729
G1 X98.075 Y123.571 E38.99873
G1 X98.075 Y126.405 E39.11209
G1 X98.36 Y126.134 E39.12782
G1 X98.36 Y123.571 E39.23034
G1 X98.57 Y123.571 E39.23874
G1 X98.57 Y120.785 E39.35018
G1 X98.646 Y120.785 E39.35322
G1 X98.646 Y125.862 E39.5563
G1 X98.932 Y125.591 E39.57206
G1 X98.932 Y120.785 E39.7643
G1 X99.217 Y120.785 E39.7757
G1 X99.217 Y125.319 E39.95706
G1 X99.503 Y125.048 E39.97282
G1 X99.503 Y120.785 E40.14334
G1 X99.788 Y120.785 E40.15474
G1 X99.788 Y124.776 E40.31438
G1 X100.074 Y124.504 E40.33017
G1 X100.074 Y120.785 E40.47893
G1 X100.36 Y120.785 E40.49037
G1 X100.36 Y124.233 E40.62829
G1 X100.645 Y123.961 E40.64405
G1 X100.645 Y120.785 E40.77109
G1 X100.931 Y120.785 E40.78253
G1 X100.931 Y123.69 E40.89873
G1 X101.216 Y123.418 E40.91449
G1 X101.217 Y120.785 E41.01981
G1 X101.356 Y120.785 E41.02537
G1 X101.356 Y117.999 E41.13681
G1 X101.502 Y117.999 E41.14265
G1 X101.502 Y123.146 E41.34853
G1 X101.788 Y122.875 E41.36429
G1 X101.788 Y117.999 E41.55933
G1 X102.073 Y117.999 E41.57073
G1 X102.073 Y122.603 E41.75489
G1 X102.359 Y122.332 E41.77065
G1 X102.359 Y117.999 E41.94397
G1 X102.645 Y117.999 E41.95541
G1 X102.645 Y122.06 E42.11785
G1 X102.93 Y121.789 E42.13358
G1 X102.93 Y117.999 E42.28518
G1 X103.216 Y117.999 E42.29662
G1 X103.216 Y121.517 E42.43734
G1 X103.501 Y121.245 E42.4531
G1 X103.501 Y117.999 E42.58294
G1 X103.787 Y117.999 E42.59438
G1 X103.787 Y120.974 E42.71338
G1 X104.073 Y120.702 E42.72917
G1 X104.142 Y115.214 E42.94871
G1 X104.358 Y115.214 E42.95735
G1 X104.358 Y120.431 E43.16603
G1 X104.644 Y120.159 E43.18182
G1 X104.644 Y115.214 E43.37962
G1 X104.93 Y115.214 E43.39106
G1 X104.93 Y119.887 E43.57798
G1 X105.215 Y119.616 E43.59371
G1 X105.215 Y115.214 E43.76979
G1 X105.501 Y115.214 E43.78123
G1 X105.501 Y119.344 E43.94643
G1 X105.786 Y119.073 E43.96216
G1 X105.786 Y115.214 E44.11652
G1 X106.072 Y115.214 E44.12796
G1 X106.072 Y118.801 E44.27144
G1 X106.358 Y118.53 E44.2872
G1 X106.358 Y115.214 E44.41984
G1 X106.643 Y115.214 E44.43124
G1 X106.643 Y118.258 E44.553
G1 X106.929 Y117.986 E44.56879
G1 X106.929 Y115.214 E44.67967
G1 X107.214 Y115.214 E44.69107
G1 X107.214 Y117.715 E44.79111
G1 X107.5 Y117.443 E44.8069
G1 X107.5 Y115.214 E44.89606
G1 X107.786 Y115.214 E44.9075
G1 X107.786 Y117.172 E44.98582
G1 X108.071 Y116.9 E45.00158
G1 X108.071 Y115.214 E45.06902
G1 X108.357 Y115.214 E45.08046
G1 X108.357 Y116.629 E45.13706
G1 X108.643 Y116.357 E45.15285
G1 X108.643 Y115.214 E45.19857
G1 X108.928 Y115.214 E45.20997
G1 X108.928 Y116.085 E45.24481
G1 X109.214 Y115.814 E45.26057
G1 X109.214 Y115.214 E45.28457
G1 X109.499 Y115.214 E45.29597
G1 X109.499 Y115.542 E45.30909
G1 X109.785 Y115.271 E45.32485
G1 X109.785 Y112.428 E45.43857
G1 X110.071 Y112.428 E45.45001
G1 X110.071 Y114.999 E45.55285
G1 X110.356 Y114.727 E45.56861
G1 X110.356 Y112.428 E45.66057
G1 X110.642 Y112.428 E45.67201
G1 X110.642 Y114.456 E45.75313
G1 X110.928 Y114.184 E45.76892
G1 X110.928 Y112.428 E45.83916
G1 X111.213 Y112.428 E45.85056
G1 X111.213 Y113.913 E45.90996
G1 X111.499 Y113.641 E45.92575
G1 X111.499 Y112.428 E45.97427
G1 X111.784 Y112.428 E45.98567
G1 X111.784 Y113.37 E46.02335
G1 X112.07 Y113.098 E46.03914
G1 X112.07 Y112.428 E46.06594
G1 X112.356 Y112.428 E46.07738
G1 X112.356 Y112.826 E46.0933
G1 X112.641 Y112.555 E46.10903
G1 X112.641 Y109.642 E46.22555
G1 X112.927 Y109.642 E46.23699
G1 X112.927 Y112.283 E46.34263
G1 X113.212 Y112.012 E46.35836
G1 X113.212 Y109.642 E46.45316
G1 X113.498 Y109.642 E46.4646
G1 X113.498 Y111.74 E46.54852
G1 X113.784 Y111.468 E46.56431
G1 X113.784 Y109.642 E46.63735
G1 X114.069 Y109.642 E46.64875
G1 X114.069 Y111.197 E46.71095
G1 X114.355 Y110.925 E46.72674
G1 X114.355 Y109.642 E46.77806
G1 X114.641 Y109.642 E46.7895
G1 X114.641 Y110.654 E46.82998
G1 X114.926 Y110.382 E46.84574
G1 X114.926 Y109.642 E46.87534
G1 X115.212 Y109.642 E46.88678
G1 X115.212 Y110.111 E46.90554
G1 X115.497 Y109.839 E46.9213
G1 X115.497 Y106.857 E47.04058
G1 X115.783 Y106.857 E47.05202
G1 X115.783 Y109.567 E47.16042
G1 X116.069 Y109.296 E47.17618
G1 X116.069 Y106.857 E47.27374
G1 X116.354 Y106.857 E47.28514
G1 X116.354 Y109.024 E47.37182
G1 X116.64 Y108.753 E47.38758
G1 X116.64 Y106.857 E47.46342
G1 X116.926 Y106.857 E47.47486
G1 X116.926 Y108.481 E47.53982
G1 X117.211 Y108.21 E47.55555
G1 X117.211 Y106.857 E47.60967
G1 X117.497 Y106.857 E47.62111
G1 X117.497 Y107.938 E47.66435
G1 X117.782 Y107.666 E47.68011
G1 X117.782 Y106.857 E47.71247
G1 X118.068 Y106.857 E47.72391
G1 X118.068 Y107.395 E47.74543
G1 X118.354 Y107.123 E47.76122
G1 X118.354 Y104.071 E47.8833
G1 X118.639 Y104.071 E47.8947
G1 X118.639 Y106.852 E48.00594
G1 X118.925 Y106.58 E48.02173
G1 X118.925 Y104.071 E48.12209
G1 X119.21 Y104.071 E48.13349
G1 X119.21 Y106.308 E48.22297
G1 X119.496 Y106.037 E48.23873
G1 X119.496 Y104.071 E48.31737
G1 X119.782 Y104.071 E48.32881
G1 X119.782 Y105.765 E48.39657
G1 X120.067 Y105.494 E48.4123
G1 X120.067 Y104.071 E48.46922
G1 X120.353 Y104.071 E48.48066
G1 X120.353 Y105.222 E48.5267
G1 X120.639 Y104.951 E48.54246
G1 X120.639 Y104.071 E48.57766
G1 X120.855 Y104.071 E48.5863
G1 X120.855 Y101.286 E48.6977
G1 X120.924 Y101.286 E48.70046
G1 X120.924 Y104.679 E48.83618
G1 X121.21 Y104.407 E48.85197
G1 X121.21 Y101.286 E48.97681
G1 X121.495 Y101.286 E48.98821
G1 X121.495 Y104.136 E49.10221
G1 X121.781 Y103.864 E49.118
G1 X121.781 Y101.286 E49.22112
G1 X122.067 Y101.286 E49.23256
G1 X122.067 Y103.593 E49.32484
G1 X122.352 Y103.321 E49.3406
G1 X122.352 Y101.286 E49.422
G1 X122.638 Y101.286 E49.43344
G1 X122.638 Y103.049 E49.50396
G1 X122.924 Y102.778 E49.51972
G1 X122.924 Y101.286 E49.5794
G1 X123.209 Y101.286 E49.5908
G1 X123.209 Y102.506 E49.6396
G1 X123.495 Y102.235 E49.65536
G1 X123.495 Y101.286 E49.69332
G1 X123.641 Y101.286 E49.69916
G1 X123.641 Y98.5 E49.8106
G1 X123.78 Y98.5 E49.81616
G1 X123.78 Y101.963 E49.95468
G1 X124.066 Y101.692 E49.97044
G1 X124.066 Y98.5 E50.09812
G1 X124.352 Y98.5 E50.10956
G1 X124.352 Y101.42 E50.22636
G1 X124.637 Y101.148 E50.24212
G1 X124.637 Y98.5 E50.34804
G1 X124.923 Y98.5 E50.35948
G1 X124.923 Y100.877 E50.45456
G1 X125.208 Y100.605 E50.47032
G1 X125.208 Y98.5 E50.55452
G1 X125.494 Y98.5 E50.56596
G1 X125.494 Y100.334 E50.63932
G1 X125.78 Y100.062 E50.65511
G1 X125.78 Y98.5 E50.71759
G1 X126.065 Y98.5 E50.72899
G1 X126.065 Y99.791 E50.78063
G1 X126.351 Y99.519 E50.79642
G1 X126.351 Y98.5 E50.83718
G1 X126.427 Y98.5 E50.84022
G1 X126.427 Y95.714 E50.95166
G1 X126.637 Y95.714 E50.96006
G1 X126.637 Y99.247 E51.10138
G1 X126.922 Y98.976 E51.11711
G1 X126.922 Y95.714 E51.24759
G1 X127.208 Y95.714 E51.25903
G1 X127.208 Y98.704 E51.37863
G1 X127.493 Y98.433 E51.39436
G1 X127.493 Y95.714 E51.50312
G1 X127.779 Y95.714 E51.51456
G1 X127.779 Y98.161 E51.61244
G1 X128.065 Y97.889 E51.62823
G1 X128.065 Y95.714 E51.71523
G1 X128.35 Y95.714 E51.72663
G1 X128.35 Y97.618 E51.80279
G1 X128.636 Y97.346 E51.81858
G1 X128.636 Y95.714 E51.88386
G1 X128.922 Y95.714 E51.8953
G1 X128.922 Y97.075 E51.94974
G1 X129.207 Y96.803 E51.9655
G1 X129.212 Y92.929 E52.12046
G1 X129.493 Y92.929 E52.1317
G1 X129.493 Y96.532 E52.27582
G1 X129.778 Y96.26 E52.29158
G1 X129.778 Y92.929 E52.42482
G1 X130.064 Y92.929 E52.43626
G1 X130.064 Y95.988 E52.55862
G1 X130.35 Y95.717 E52.57438
G1 X130.35 Y92.929 E52.6859
G1 X130.635 Y92.929 E52.6973
G1 X130.635 Y95.445 E52.79794
G1 X130.921 Y95.174 E52.8137
G1 X130.921 Y92.929 E52.9035
G1 X131.206 Y92.929 E52.9149
G1 X131.206 Y94.902 E52.99382
G1 X131.492 Y94.63 E53.00961
G1 X131.492 Y92.929 E53.07765
G1 X131.778 Y92.929 E53.08909
G1 X131.778 Y94.359 E53.14629
G1 X132.063 Y94.087 E53.16205
G1 X132.063 Y90.143 E53.31981
G1 X132.349 Y90.143 E53.33125
G1 X132.349 Y93.816 E53.47817
G1 X132.635 Y93.544 E53.49396
G1 X132.635 Y90.143 E53.63
G1 X132.92 Y90.143 E53.6414
G1 X132.92 Y93.273 E53.7666
G1 X133.206 Y93.001 E53.78239
G1 X133.206 Y90.143 E53.89671
G1 X133.491 Y90.143 E53.90811
G1 X133.491 Y92.729 E54.01155
G1 X133.777 Y92.458 E54.02731
G1 X133.777 Y90.143 E54.11991
G1 X134.063 Y90.143 E54.13135
G1 X134.063 Y92.186 E54.21307
G1 X134.348 Y91.915 E54.2288
G1 X134.348 Y90.143 E54.29968
G1 X134.634 Y90.143 E54.31112
G1 X134.634 Y91.643 E54.37112
G1 X134.92 Y91.372 E54.38688
G1 X134.92 Y87.358 E54.54744
G1 X135.205 Y87.358 E54.55884
G1 X135.205 Y91.1 E54.70852
G1 X135.491 Y90.828 E54.72431
G1 X135.491 Y87.358 E54.86311
G1 X135.776 Y87.358 E54.87451
G1 X135.776 Y90.557 E55.00247
G1 X136.062 Y90.285 E55.01826
G1 X136.062 Y87.358 E55.13534
G1 X136.348 Y87.358 E55.14678
G1 X136.348 Y90.014 E55.25302
G1 X136.633 Y89.742 E55.26878
G1 X136.633 Y87.358 E55.36414
G1 X136.919 Y87.358 E55.37558
G1 X136.919 Y89.47 E55.46006
G1 X137.204 Y89.199 E55.47579
G1 X137.204 Y87.358 E55.54943
G1 X137.49 Y87.358 E55.56087
G1 X137.49 Y88.927 E55.62363
G1 X137.776 Y88.656 E55.63939
G1 X137.776 Y84.572 E55.80275
G1 X138.061 Y84.572 E55.81415
G1 X138.061 Y88.384 E55.96663
G1 X138.347 Y88.113 E55.98239
G1 X138.347 Y84.572 E56.12403
G1 X138.633 Y84.572 E56.13547
G1 X138.633 Y87.841 E56.26623
G1 X138.918 Y87.569 E56.28199
G1 X138.918 Y84.572 E56.40187
G1 X139.204 Y84.572 E56.41331
G1 X139.204 Y87.298 E56.52235
G1 X139.489 Y87.026 E56.53811
G1 X139.489 Y84.572 E56.63627
G1 X139.775 Y84.572 E56.64771
G1 X139.775 Y86.755 E56.73503
G1 X140.061 Y86.483 E56.75082
G1 X140.061 Y84.572 E56.82726
G1 X140.346 Y84.572 E56.83866
G1 X140.346 Y86.211 E56.90422
G1 X140.632 Y85.94 E56.91998
G1 X140.632 Y81.786 E57.08614
G1 X140.918 Y81.786 E57.09758
G1 X140.918 Y85.668 E57.25286
G1 X141.203 Y85.397 E57.26859
G1 X141.203 Y81.786 E57.41303
G1 X141.489 Y81.786 E57.42447
G1 X141.489 Y85.125 E57.55803
G1 X141.774 Y84.854 E57.57376
G1 X141.774 Y81.786 E57.69648
G1 X142.06 Y81.786 E57.70792
G1 X142.06 Y84.582 E57.81976
G1 X142.346 Y84.31 E57.83555
G1 X142.346 Y81.786 E57.93651
G1 X142.631 Y81.786 E57.94791
G1 X142.631 Y84.039 E58.03803
G1 X142.917 Y83.767 E58.05382
G1 X142.917 Y81.786 E58.13306
G1 X143.14 Y81.786 E58.14198
G1 X143.14 Y79.001 E58.25338
G1 X143.202 Y79.001 E58.25586
G1 X143.202 Y83.496 E58.43566
G1 X143.488 Y83.224 E58.45145
G1 X143.488 Y79.001 E58.62037
G1 X143.774 Y79.001 E58.63181
G1 X143.774 Y82.953 E58.78989
G1 X144.059 Y82.681 E58.80565
G1 X144.059 Y79.001 E58.95285
G1 X144.345 Y79.001 E58.96429
G1 X144.345 Y82.409 E59.10061
G1 X144.631 Y82.138 E59.11637
G1 X144.631 Y79.001 E59.24185
G1 X144.916 Y79.001 E59.25325
G1 X144.916 Y81.866 E59.36785
G1 X145.202 Y81.595 E59.38361
G1 X145.202 Y79.001 E59.48737
G1 X145.487 Y79.001 E59.49877
G1 X145.487 Y81.323 E59.59165
G1 X145.773 Y81.051 E59.60744
G1 X145.773 Y79.001 E59.68944
G1 X145.926 Y79.001 E59.69556
G1 X145.926 Y76.215 E59.807
G1 X146.059 Y76.215 E59.81232
G1 X146.059 Y80.78 E59.99492
G1 X146.344 Y80.508 E60.01068
G1 X146.344 Y76.215 E60.1824
G1 X146.63 Y76.215 E60.19384
G1 X146.63 Y80.237 E60.35472
G1 X146.916 Y79.965 E60.37051
G1 X146.916 Y76.215 E60.52051
G1 X147.201 Y76.215 E60.53191
G1 X147.201 Y79.694 E60.67107
G1 X147.487 Y79.422 E60.68686
G1 X147.487 Y76.215 E60.81514
G1 X147.772 Y76.215 E60.82654
G1 X147.772 Y79.15 E60.94394
G1 X148.058 Y78.879 E60.9597
G1 X148.058 Y76.215 E61.06626
G1 X148.344 Y76.215 E61.0777
G1 X148.344 Y78.607 E61.17338
G1 X148.629 Y78.336 E61.18911
G1 X148.712 Y73.429 E61.38542
G1 X148.915 Y73.429 E61.39354
G1 X148.915 Y78.064 E61.57894
G1 X149.2 Y77.792 E61.5947
G1 X149.2 Y73.429 E61.76922
G1 X149.486 Y73.429 E61.78066
G1 X149.486 Y77.521 E61.94434
G1 X149.772 Y77.249 E61.96013
G1 X149.772 Y73.429 E62.11293
G1 X150.057 Y73.429 E62.12433
G1 X150.057 Y76.978 E62.26629
G1 X150.343 Y76.706 E62.28208
G1 X150.343 Y73.429 E62.41316
G1 X150.629 Y73.429 E62.4246
G1 X150.629 Y76.435 E62.54484
G1 X150.914 Y76.163 E62.5606
G1 X150.914 Y73.429 E62.66996
G1 X151.2 Y73.429 E62.6814
G1 X151.2 Y75.891 E62.77988
G1 X151.485 Y75.62 E62.79561
G1 X151.497 Y70.644 E62.99465
G1 X151.771 Y70.644 E63.00561
G1 X151.771 Y75.348 E63.19377
G1 X152.057 Y75.077 E63.20953
G1 X152.057 Y70.644 E63.38685
G1 X152.342 Y70.644 E63.39825
G1 X152.342 Y74.805 E63.56469
G1 X152.628 Y74.534 E63.58045
G1 X152.628 Y70.644 E63.73605
G1 X152.914 Y70.644 E63.74749
G1 X152.914 Y74.262 E63.89221
G1 X153.199 Y73.99 E63.90797
G1 X153.199 Y70.644 E64.04181
G1 X153.485 Y70.644 E64.05325
G1 X153.485 Y73.719 E64.17625
G1 X153.77 Y73.447 E64.19201
G1 X153.77 Y70.644 E64.30413
G1 X154.056 Y70.644 E64.31557
G1 X154.056 Y73.176 E64.41685
G1 X154.342 Y72.904 E64.43264
G1 X154.342 Y67.858 E64.63448
G1 X154.627 Y67.858 E64.64588
G1 X154.627 Y72.632 E64.83684
G1 X154.913 Y72.361 E64.8526
G1 X154.913 Y67.858 E65.03272
G1 X155.198 Y67.858 E65.04412
G1 X155.198 Y72.089 E65.21336
G1 X155.484 Y71.818 E65.22912
G1 X155.484 Y67.858 E65.38752
G1 X155.77 Y67.858 E65.39896
G1 X155.77 Y71.546 E65.54648
G1 X156.055 Y71.275 E65.56221
G1 X156.055 Y67.858 E65.69889
G1 X156.341 Y67.858 E65.71033
G1 X156.341 Y71.003 E65.83613
G1 X156.627 Y70.731 E65.85192
G1 X156.627 Y67.858 E65.96684
G1 X156.912 Y67.858 E65.97824
G1 X156.912 Y70.46 E66.08232
G1 X157.198 Y70.188 E66.09811
G1 X157.198 Y65.073 E66.30271
G1 X157.483 Y65.073 E66.31411
G1 X157.483 Y69.917 E66.50787
G1 X157.769 Y69.645 E66.52366
G1 X157.769 Y65.073 E66.70654
G1 X158.055 Y65.073 E66.71798
G1 X158.055 Y69.373 E66.88998
G1 X158.34 Y69.102 E66.90571
G1 X158.34 Y65.073 E67.06687
G1 X158.626 Y65.073 E67.07831
G1 X158.626 Y68.83 E67.22859
G1 X158.912 Y68.559 E67.24435
G1 X158.912 Y65.073 E67.38379
G1 X159.197 Y65.073 E67.39519
G1 X159.197 Y68.287 E67.52375
G1 X159.483 Y68.016 E67.53951
G1 X159.483 Y65.073 E67.65723
G1 X159.768 Y65.073 E67.66863
G1 X159.768 Y67.744 E67.77547
G1 X160.054 Y67.472 E67.79126
G1 X160.054 Y62.287 E67.99866
G1 X160.34 Y62.287 E68.0101
G1 X160.34 Y67.201 E68.20666
G1 X160.625 Y66.929 E68.22242
G1 X160.625 Y62.287 E68.4081
G1 X160.911 Y62.287 E68.41954
G1 X160.911 Y66.658 E68.59438
G1 X161.196 Y66.386 E68.61014
G1 X161.196 Y62.287 E68.7741
G1 X161.482 Y62.287 E68.78554
G1 X161.482 Y66.115 E68.93866
G1 X161.768 Y65.843 E68.95445
G1 X161.768 Y62.287 E69.09669
G1 X162.053 Y62.287 E69.10809
G1 X162.053 Y65.571 E69.23945
G1 X162.339 Y65.3 E69.25521
G1 X162.339 Y62.287 E69.37573
G1 X162.625 Y62.287 E69.38717
G1 X162.625 Y65.028 E69.49681
G1 X162.91 Y64.757 E69.51254
G1 X162.91 Y62.287 E69.61134
G1 X163.196 Y62.287 E69.62278
G1 X163.196 Y64.485 E69.7107
G1 X163.481 Y64.213 E69.72646
G1 X163.481 Y62.287 E69.8035
G1 X163.767 Y62.287 E69.81494
G1 X163.767 Y63.942 E69.88114
G1 X164.053 Y63.67 E69.89693
G1 X164.053 Y62.287 E69.95225
G1 X164.338 Y62.287 E69.96365
G1 X164.338 Y63.399 E70.00813
G1 X164.624 Y63.127 E70.02392
G1 X164.624 Y62.287 E70.05752
G1 X164.91 Y62.287 E70.06896
G1 X164.91 Y62.856 E70.09172
G1 X165.195 Y62.584 E70.10748
G1 X165.195 Y62.287 E70.11936
G1 X165.425 Y62.287 E70.12856
G1 X165.425 Y59.501 E70.24
G1 X165.481 Y59.501 E70.24224
G1 X165.481 Y62.312 E70.35468
G1 X165.766 Y62.041 E70.37041
G1 X165.766 Y59.501 E70.47201
G1 X166.052 Y59.501 E70.48345
G1 X166.052 Y61.769 E70.57417
G1 X166.338 Y61.498 E70.58993
G1 X166.338 Y59.501 E70.66981
G1 X166.623 Y59.501 E70.68121
G1 X166.623 Y61.226 E70.75021
G1 X166.909 Y60.954 E70.766
G1 X166.909 Y59.501 E70.82412
G1 X167.194 Y59.501 E70.83552
G1 X167.194 Y60.683 E70.8828
G1 X167.48 Y60.411 E70.89859
G1 X167.48 Y59.501 E70.93499
G1 X167.766 Y59.501 E70.94643
G1 X167.766 Y60.14 E70.97199
G1 X168.051 Y59.868 E70.98775
G1 X168.051 Y59.501 E71.00243
G1 X168.211 Y59.501 E71.00883
G1 X168.211 Y56.716 E71.12023
G1 X168.337 Y56.716 E71.12527
G1 X168.337 Y59.597 E71.24051
G1 X168.623 Y59.325 E71.2563
G1 X168.623 Y56.716 E71.36066
G1 X168.908 Y56.716 E71.37206
G1 X168.908 Y59.053 E71.46554
G1 X169.194 Y58.782 E71.4813
G1 X169.194 Y56.716 E71.56394
G1 X169.479 Y56.716 E71.57534
G1 X169.479 Y58.51 E71.6471
G1 X169.765 Y58.239 E71.66286
G1 X169.765 Y56.716 E71.72378
G1 X170.051 Y56.716 E71.73522
G1 X170.051 Y57.967 E71.78526
G1 X170.336 Y57.696 E71.80099
G1 X170.336 Y56.716 E71.84019
G1 X170.622 Y56.716 E71.85163
G1 X170.622 Y57.424 E71.87995
G1 X170.908 Y57.152 E71.89574
G1 X170.908 Y56.716 E71.91318
G1 X170.997 Y56.716 E71.91674
G1 X170.997 Y53.93 E72.02818
G1 X171.193 Y53.93 E72.03602
G1 X171.193 Y56.881 E72.15406
G1 X171.479 Y56.609 E72.16985
G1 X171.479 Y53.93 E72.27701
G1 X171.764 Y53.93 E72.28841
G1 X171.764 Y56.338 E72.38473
G1 X172.05 Y56.066 E72.40052
G1 X172.05 Y53.93 E72.48596
G1 X172.336 Y53.93 E72.4974
G1 X172.336 Y55.794 E72.57196
G1 X172.621 Y55.523 E72.58769
G1 X172.621 Y53.93 E72.65141
G1 X172.907 Y53.93 E72.66285
G1 X172.907 Y55.251 E72.71569
G1 X173.192 Y54.98 E72.73142
G1 X173.192 Y53.93 E72.77342
G1 X173.478 Y53.93 E72.78486
G1 X173.478 Y54.708 E72.81598
G1 X173.764 Y54.437 E72.83174
G1 X173.782 Y51.144 E72.96346
G1 X174.049 Y51.144 E72.97414
G1 X174.049 Y54.165 E73.09498
G1 X174.335 Y53.893 E73.11077
G1 X174.335 Y51.144 E73.22073
G1 X174.621 Y51.144 E73.23217
G1 X174.621 Y53.622 E73.33129
G1 X174.906 Y53.35 E73.34705
G1 X174.906 Y51.144 E73.43529
G1 X175.192 Y51.144 E73.44673
G1 X175.192 Y53.079 E73.52413
G1 X175.477 Y52.807 E73.53989
G1 X175.477 Y51.144 E73.60641
G1 X175.763 Y51.144 E73.61785
G1 X175.763 Y52.535 E73.67349
G1 X176.049 Y52.264 E73.68925
G1 X176.049 Y51.144 E73.73405
G1 X176.334 Y51.144 E73.74545
G1 X176.334 Y51.992 E73.77937
G1 X176.62 Y51.721 E73.79513
G1 X176.62 Y48.359 E73.92961
G1 X176.906 Y48.359 E73.94105
G1 X176.906 Y51.449 E74.06465
G1 X177.191 Y51.178 E74.08038
G1 X177.191 Y48.359 E74.19314
G1 X177.477 Y48.359 E74.20458
G1 X177.477 Y50.906 E74.30646
G1 X177.762 Y50.634 E74.32222
G1 X177.762 Y48.359 E74.41322
G1 X178.048 Y48.359 E74.42466
G1 X178.048 Y50.363 E74.50482
G1 X178.334 Y50.091 E74.52061
G1 X178.334 Y48.359 E74.58989
G1 X178.619 Y48.359 E74.60129
G1 X178.619 Y49.82 E74.65973
G1 X178.905 Y49.548 E74.67552
G1 X178.905 Y48.359 E74.72308
G1 X179.19 Y48.359 E74.73448
G1 X179.19 Y49.277 E74.7712
G1 X179.476 Y49.005 E74.78699
G1 X179.476 Y45.573 E74.92427
G1 X179.762 Y45.573 E74.93571
G1 X179.762 Y48.733 E75.06211
G1 X180.047 Y48.462 E75.07784
G1 X180.047 Y45.573 E75.1934
G1 X180.333 Y45.573 E75.20484
G1 X180.333 Y48.19 E75.30952
G1 X180.619 Y47.919 E75.32528
G1 X180.619 Y45.573 E75.41912
G1 X180.904 Y45.573 E75.43052
G1 X180.904 Y47.647 E75.51348
G1 X181.19 Y47.375 E75.52927
G1 X181.19 Y45.573 E75.60135
G1 X181.475 Y45.573 E75.61275
G1 X181.475 Y47.104 E75.67399
G1 X181.761 Y46.832 E75.68978
G1 X181.761 Y45.573 E75.74014
G1 X182.047 Y45.573 E75.75158
G1 X182.047 Y46.561 E75.7911
G1 X182.332 Y46.289 E75.80686
G1 X182.332 Y42.788 E75.9469
G1 X182.618 Y42.788 E75.95834
G1 X182.618 Y46.018 E76.08754
G1 X182.904 Y45.746 E76.10333
G1 X182.904 Y42.788 E76.22165
G1 X183.189 Y42.788 E76.23305
G1 X183.189 Y45.474 E76.34049
G1 X183.475 Y45.203 E76.35625
G1 X183.475 Y42.788 E76.45285
G1 X183.76 Y42.788 E76.46425
G1 X183.76 Y44.931 E76.54997
G1 X184.046 Y44.66 E76.56573
G1 X184.046 Y42.788 E76.64061
G1 X184.332 Y42.788 E76.65205
G1 X184.332 Y44.388 E76.71605
G1 X184.617 Y44.116 E76.73181
G1 X184.617 Y42.788 E76.78493
G1 X184.903 Y42.788 E76.79637
G1 X184.903 Y43.845 E76.83865
G1 X185.188 Y43.573 E76.85441
G1 X185.188 Y40.002 E76.99725
G1 X185.474 Y40.002 E77.00869
G1 X185.474 Y43.302 E77.14069
G1 X185.76 Y43.03 E77.15648
G1 X185.76 Y40.002 E77.2776
G1 X186.045 Y40.002 E77.289
G1 X186.045 Y42.759 E77.39928
G1 X186.331 Y42.487 E77.41507
G1 X186.331 Y40.002 E77.51447
G1 X186.617 Y40.002 E77.52591
G1 X186.617 Y42.215 E77.61443
G1 X186.902 Y41.944 E77.63016
G1 X186.902 Y40.002 E77.70784
G1 X187.188 Y40.002 E77.71928
G1 X187.188 Y41.672 E77.78608
G1 X187.473 Y41.401 E77.80181
G1 X187.473 Y40.002 E77.85777
G1 X187.71 Y40.002 E77.86725
G1 X187.71 Y37.216 E77.97869
G1 X187.759 Y41.129 E78.13522
G1 X188.045 Y40.858 E78.15098
G1 X188.045 Y37.216 E78.29666
G1 X188.33 Y37.216 E78.30806
G1 X188.33 Y40.586 E78.44286
G1 X188.616 Y40.314 E78.45865
G1 X188.616 Y37.216 E78.58257
G1 X188.902 Y37.216 E78.59401
G1 X188.902 Y40.043 E78.70709
G1 X189.187 Y39.771 E78.72285
G1 X189.187 Y37.216 E78.82505
G1 X189.473 Y37.216 E78.83649
G1 X189.473 Y39.5 E78.92785
G1 X189.758 Y39.228 E78.94361
G1 X189.758 Y37.216 E79.02409
G1 X190.044 Y37.216 E79.03553
G1 X190.044 Y38.956 E79.10513
G1 X190.33 Y38.685 E79.12089
G1 X190.33 Y37.216 E79.17965
G1 X190.496 Y37.216 E79.18629
G1 X190.496 Y34.431 E79.29769
G1 X190.615 Y34.431 E79.30245
G1 X190.615 Y38.413 E79.46173
G1 X190.901 Y38.142 E79.47749
G1 X190.901 Y34.431 E79.62593
G1 X191.186 Y34.431 E79.63733
G1 X191.186 Y37.87 E79.77489
G1 X191.472 Y37.599 E79.79065
G1 X191.472 Y34.431 E79.91737
G1 X191.758 Y34.431 E79.92881
G1 X191.758 Y37.327 E80.04465
G1 X192.043 Y37.055 E80.06041
G1 X192.043 Y34.431 E80.16537
G1 X192.329 Y34.431 E80.17681
G1 X192.329 Y36.784 E80.27093
G1 X192.615 Y36.512 E80.28672
G1 X192.615 Y34.431 E80.36996
G1 X192.9 Y34.431 E80.38136
G1 X192.9 Y36.241 E80.45376
G1 X193.186 Y35.969 E80.46955
G1 X193.186 Y34.431 E80.53107
G1 X193.281 Y34.431 E80.53487
G1 X193.281 Y31.645 E80.64631
G1 X193.471 Y31.645 E80.65391
G1 X193.471 Y35.697 E80.81599
G1 X193.757 Y35.426 E80.83175
G1 X193.757 Y31.645 E80.98299
G1 X194.043 Y31.645 E80.99443
G1 X194.043 Y35.154 E81.13479
G1 X194.328 Y34.883 E81.15052
G1 X194.328 Y31.645 E81.28004
G1 X194.614 Y31.645 E81.29148
G1 X194.614 Y34.611 E81.41012
G1 X194.9 Y34.34 E81.42588
G1 X194.9 Y31.645 E81.53368
G1 X195.185 Y31.645 E81.54508
G1 X195.185 Y34.068 E81.642
G1 X195.471 Y33.796 E81.65779
G1 X195.471 Y31.645 E81.74383
G1 X195.756 Y31.645 E81.75523
G1 X195.756 Y33.525 E81.83043
G1 X196.042 Y33.253 E81.84622
G1 X196.067 Y28.86 E82.02194
G1 X196.328 Y28.86 E82.03238
G1 X196.328 Y32.982 E82.19726
G1 X196.613 Y32.71 E82.21302
G1 X196.613 Y28.86 E82.36702
G1 X196.899 Y28.86 E82.37846
G1 X196.899 Y32.439 E82.52162
G1 X197.184 Y32.167 E82.53738
G1 X197.184 Y28.86 E82.66966
G1 X197.47 Y28.86 E82.6811
G1 X197.47 Y31.895 E82.8025
G1 X197.756 Y31.624 E82.81826
G1 X197.756 Y28.86 E82.92882
G1 X198.041 Y28.86 E82.94022
G1 X198.041 Y31.352 E83.0399
G1 X198.327 Y31.081 E83.05566
G1 X198.327 Y28.86 E83.1445
G1 X198.613 Y28.86 E83.15594
G1 X198.613 Y30.809 E83.2339
G1 X198.898 Y30.537 E83.24966
G1 X198.898 Y26.074 E83.42818
G1 X199.184 Y26.074 E83.43962
G1 X199.184 Y30.266 E83.6073
G1 X199.469 Y29.994 E83.62306
G1 X199.469 Y26.074 E83.77986
G1 X199.755 Y26.074 E83.7913
G1 X199.755 Y29.723 E83.93726
G1 X200.041 Y29.451 E83.95305
G1 X200.041 Y26.074 E84.08813
G1 X200.326 Y26.074 E84.09953
G1 X200.326 Y29.18 E84.22377
G1 X200.612 Y28.908 E84.23956
G1 X200.612 Y26.074 E84.35292
G1 X200.898 Y26.074 E84.36436
G1 X200.898 Y28.636 E84.46684
G1 X201.183 Y28.365 E84.48257
G1 X201.183 Y26.074 E84.57421
G1 X201.469 Y26.074 E84.58565
G1 X201.469 Y28.093 E84.66641
G1 X201.754 Y27.822 E84.68214
G1 X201.754 Y26.074 E84.75206
G1 X202.04 Y26.074 E84.7635
G1 X202.04 Y27.652 E84.82662
G1 X202.24 Y27.657 E84.83462
G1 X202.326 Y27.747 E84.8396
G1 X202.326 Y26.074 E84.90652
G1 X202.611 Y26.074 E84.91792
G1 X202.611 Y28.048 E84.99688
G1 X202.897 Y28.348 E85.01346
G1 X202.897 Y26.074 E85.10442
G1 X203.182 Y26.074 E85.11582
G1 X203.182 Y28.648 E85.21878
G1 X203.468 Y28.949 E85.23539
G1 X203.468 Y26.074 E85.35039
G1 X203.754 Y26.074 E85.36183
G1 X203.754 Y29.249 E85.48883
G1 X204.039 Y29.55 E85.50541
G1 X204.039 Y26.074 E85.64445
G1 X204.325 Y26.074 E85.65589
G1 X204.325 Y30.036 E85.81437
G1 X204.325 Y30.036 F7800
G1 X202.553 Y29.783
;TYPE:Perimeter
;WIDTH:0.361184
G1 F1800
G1 X22.641 Y200.852 E96.14877
G1 X22.444 Y200.644 E96.1607
G1 X202.356 Y29.576 E106.49507
G1 X202.454 Y29.679 E106.50099
G1 X202.511 Y29.74 E106.50447
G1 X202.511 Y29.74 F7800
G1 X202.999 Y29.794
;WIDTH:0.42
G1 F1800
G1 X22.63 Y201.298 E118.99527
G1 X21.998 Y200.633 E119.04131
G1 X202.367 Y29.13 E131.53207
G1 X202.683 Y29.462 E131.55507
G1 X202.957 Y29.751 E131.57506
G1 X202.957 Y29.751 F7800
G1 X203.486 Y29.807
;TYPE:External perimeter
G1 F1800
G1 X22.618 Y201.785 E144.1004
G1 X21.511 Y200.621 E144.18102
G1 X202.379 Y28.642 E156.70639
G1 X202.933 Y29.224 E156.74672
G1 X203.445 Y29.763 E156.78403
G1 X203.199 Y30.079 F7800
G1 E154.78403 F2400
G92 E0
G92 E0
G1 X211.856 Y42.577 F7800
G1 E2 F2400
;TYPE:Support material interface
;WIDTH:0.35
G1 F1800
G1 X211.856 Y38.442 E2.1654
G1 X211.57 Y38.713 E2.18116
G1 X211.57 Y42.449 E2.3306
G1 X211.285 Y42.449 E2.342
G1 X211.285 Y38.985 E2.48056
G1 X210.999 Y39.256 E2.49632
G1 X210.999 Y42.449 E2.62404
G1 X210.714 Y42.449 E2.63544
G1 X210.714 Y39.528 E2.75228
G1 X210.428 Y39.8 E2.76807
G1 X210.428 Y42.449 E2.87403
G1 X210.142 Y42.449 E2.88547
G1 X210.142 Y40.071 E2.98059
G1 X209.857 Y40.343 E2.99635
G1 X209.857 Y42.449 E3.08059
G1 X209.571 Y42.449 E3.09203
G1 X209.571 Y40.614 E3.16543
G1 X209.286 Y40.886 E3.18119
G1 X209.286 Y42.449 E3.24371
G1 X209.169 Y42.449 E3.24839
G1 X209.169 Y45.234 E3.35979
G1 X209 Y45.234 E3.36655
G1 X209 Y41.157 E3.52963
G1 X208.714 Y41.429 E3.54542
G1 X208.714 Y45.234 E3.69762
G1 X208.429 Y45.234 E3.70902
G1 X208.429 Y41.701 E3.85034
G1 X208.143 Y41.972 E3.8661
G1 X208.143 Y45.234 E3.99658
G1 X207.857 Y45.234 E4.00802
G1 X207.857 Y42.244 E4.12762
G1 X207.572 Y42.515 E4.14335
G1 X207.572 Y45.234 E4.25211
G1 X207.286 Y45.234 E4.26355
G1 X207.286 Y42.787 E4.36143
G1 X207.001 Y43.059 E4.37719
G1 X207.001 Y45.234 E4.46419
G1 X206.715 Y45.234 E4.47563
G1 X206.715 Y43.33 E4.55179
G1 X206.429 Y43.602 E4.56758
G1 X206.384 Y48.02 E4.74431
G1 X206.144 Y48.02 E4.75391
G1 X206.144 Y43.873 E4.91979
G1 X205.858 Y44.145 E4.93558
G1 X205.858 Y48.02 E5.09058
G1 X205.572 Y48.02 E5.10202
G1 X205.572 Y44.416 E5.24618
G1 X205.287 Y44.688 E5.26194
G1 X205.287 Y48.02 E5.39522
G1 X205.001 Y48.02 E5.40666
G1 X205.001 Y44.96 E5.52906
G1 X204.716 Y45.231 E5.54479
G1 X204.716 Y48.02 E5.65635
G1 X204.43 Y48.02 E5.66779
G1 X204.43 Y45.503 E5.76847
G1 X204.144 Y45.774 E5.78423
G1 X204.144 Y48.02 E5.87407
G1 X203.859 Y48.02 E5.88547
G1 X203.859 Y46.046 E5.96443
G1 X203.573 Y46.318 E5.98022
G1 X203.573 Y50.806 E6.15974
G1 X203.288 Y50.806 E6.17114
G1 X203.288 Y46.589 E6.33982
G1 X203.002 Y46.861 E6.35561
G1 X203.002 Y50.806 E6.51341
G1 X202.716 Y50.806 E6.52485
G1 X202.716 Y47.132 E6.67181
G1 X202.431 Y47.404 E6.68757
G1 X202.431 Y50.806 E6.82365
G1 X202.145 Y50.806 E6.83509
G1 X202.145 Y47.675 E6.96033
G1 X201.859 Y47.947 E6.97612
G1 X201.859 Y50.806 E7.09048
G1 X201.574 Y50.806 E7.10188
G1 X201.574 Y48.219 E7.20536
G1 X201.288 Y48.49 E7.22112
G1 X201.288 Y50.806 E7.31376
G1 X201.003 Y50.806 E7.32516
G1 X201.003 Y48.762 E7.40692
G1 X200.717 Y49.033 E7.42268
G1 X200.717 Y53.591 E7.605
G1 X200.431 Y53.591 E7.61644
G1 X200.431 Y49.305 E7.78788
G1 X200.146 Y49.576 E7.80361
G1 X200.146 Y53.591 E7.96421
G1 X199.86 Y53.591 E7.97565
G1 X199.86 Y49.848 E8.12537
G1 X199.574 Y50.12 E8.14116
G1 X199.574 Y53.591 E8.28
G1 X199.289 Y53.591 E8.2914
G1 X199.289 Y50.391 E8.4194
G1 X199.003 Y50.663 E8.43519
G1 X199.003 Y53.591 E8.55231
G1 X198.718 Y53.591 E8.56371
G1 X198.718 Y50.934 E8.66999
G1 X198.432 Y51.206 E8.68578
G1 X198.432 Y53.591 E8.78118
G1 X198.146 Y53.591 E8.79262
G1 X198.146 Y51.478 E8.87714
G1 X197.861 Y51.749 E8.89287
G1 X197.861 Y56.377 E9.07799
G1 X197.575 Y56.377 E9.08943
G1 X197.575 Y52.021 E9.26367
G1 X197.29 Y52.292 E9.2794
G1 X197.29 Y56.377 E9.4428
G1 X197.004 Y56.377 E9.45424
G1 X197.004 Y52.564 E9.60676
G1 X196.718 Y52.835 E9.62252
G1 X196.718 Y56.377 E9.7642
G1 X196.433 Y56.377 E9.7756
G1 X196.433 Y53.107 E9.9064
G1 X196.147 Y53.379 E9.92219
G1 X196.147 Y56.377 E10.04211
G1 X195.861 Y56.377 E10.05355
G1 X195.861 Y53.65 E10.16263
G1 X195.576 Y53.922 E10.17839
G1 X195.576 Y56.377 E10.27659
G1 X195.29 Y56.377 E10.28803
G1 X195.29 Y54.193 E10.37539
G1 X195.005 Y54.465 E10.39115
G1 X195.005 Y59.162 E10.57903
G1 X194.719 Y59.162 E10.59047
G1 X194.719 Y54.737 E10.76747
G1 X194.433 Y55.008 E10.78323
G1 X194.433 Y59.162 E10.94939
G1 X194.148 Y59.162 E10.96079
G1 X194.148 Y55.28 E11.11607
G1 X193.862 Y55.551 E11.13183
G1 X193.862 Y59.162 E11.27627
G1 X193.576 Y59.162 E11.28771
G1 X193.576 Y55.823 E11.42127
G1 X193.291 Y56.094 E11.437
G1 X193.291 Y59.162 E11.55972
G1 X193.005 Y59.162 E11.57116
G1 X193.005 Y56.366 E11.683
G1 X192.72 Y56.638 E11.69876
G1 X192.72 Y59.162 E11.79972
G1 X192.456 Y59.162 E11.81028
G1 X192.456 Y61.948 E11.92172
G1 X192.434 Y56.909 E12.12328
G1 X192.148 Y57.181 E12.13907
G1 X192.148 Y61.948 E12.32975
G1 X191.863 Y61.948 E12.34115
G1 X191.863 Y57.452 E12.52099
G1 X191.577 Y57.724 E12.53678
G1 X191.577 Y61.948 E12.70574
G1 X191.292 Y61.948 E12.71714
G1 X191.292 Y57.995 E12.87526
G1 X191.006 Y58.267 E12.89105
G1 X191.006 Y61.948 E13.03829
G1 X190.72 Y61.948 E13.04973
G1 X190.72 Y58.539 E13.18609
G1 X190.435 Y58.81 E13.20182
G1 X190.435 Y61.948 E13.32734
G1 X190.149 Y61.948 E13.33878
G1 X190.149 Y59.082 E13.45342
G1 X189.863 Y59.353 E13.46918
G1 X189.863 Y61.948 E13.57298
G1 X189.67 Y61.948 E13.5807
G1 X189.67 Y64.734 E13.69214
G1 X189.578 Y64.734 E13.69582
G1 X189.578 Y59.625 E13.90018
G1 X189.292 Y59.897 E13.91597
G1 X189.292 Y64.734 E14.10945
G1 X189.007 Y64.734 E14.12085
G1 X189.007 Y60.168 E14.30349
G1 X188.721 Y60.44 E14.31928
G1 X188.721 Y64.734 E14.49104
G1 X188.435 Y64.734 E14.50248
G1 X188.435 Y60.711 E14.6634
G1 X188.15 Y60.983 E14.67916
G1 X188.15 Y64.734 E14.8292
G1 X187.864 Y64.734 E14.84064
G1 X187.864 Y61.254 E14.97984
G1 X187.578 Y61.526 E14.99563
G1 X187.578 Y64.734 E15.12395
G1 X187.293 Y64.734 E15.13535
G1 X187.293 Y61.798 E15.25279
G1 X187.007 Y62.069 E15.26855
G1 X187.007 Y64.734 E15.37515
G1 X186.885 Y64.734 E15.38003
G1 X186.885 Y67.519 E15.49143
G1 X186.722 Y67.519 E15.49795
G1 X186.722 Y62.341 E15.70507
G1 X186.436 Y62.612 E15.72083
G1 X186.436 Y67.519 E15.91711
G1 X186.15 Y67.519 E15.92855
G1 X186.15 Y62.884 E16.11395
G1 X185.865 Y63.156 E16.12971
G1 X185.865 Y67.519 E16.30423
G1 X185.579 Y67.519 E16.31567
G1 X185.579 Y63.427 E16.47935
G1 X185.294 Y63.699 E16.49511
G1 X185.294 Y67.519 E16.64791
G1 X185.008 Y67.519 E16.65935
G1 X185.008 Y63.97 E16.80131
G1 X184.722 Y64.242 E16.8171
G1 X184.722 Y67.519 E16.94818
G1 X184.437 Y67.519 E16.95958
G1 X184.437 Y64.513 E17.07982
G1 X184.151 Y64.785 E17.09561
G1 X184.099 Y70.305 E17.31642
G1 X183.865 Y70.305 E17.32578
G1 X183.865 Y65.057 E17.5357
G1 X183.58 Y65.328 E17.55143
G1 X183.58 Y70.305 E17.75051
G1 X183.294 Y70.305 E17.76195
G1 X183.294 Y65.6 E17.95015
G1 X183.009 Y65.871 E17.96588
G1 X183.009 Y70.305 E18.14324
G1 X182.723 Y70.305 E18.15468
G1 X182.723 Y66.143 E18.32116
G1 X182.437 Y66.414 E18.33692
G1 X182.437 Y70.305 E18.49256
G1 X182.152 Y70.305 E18.50396
G1 X182.152 Y66.686 E18.64872
G1 X181.866 Y66.958 E18.66451
G1 X181.866 Y70.305 E18.79839
G1 X181.58 Y70.305 E18.80983
G1 X181.58 Y67.229 E18.93287
G1 X181.295 Y67.501 E18.94863
G1 X181.295 Y70.305 E19.06079
G1 X181.009 Y70.305 E19.07223
G1 X181.009 Y67.772 E19.17355
G1 X180.724 Y68.044 E19.18931
G1 X180.724 Y70.305 E19.27975
G1 X180.438 Y70.305 E19.29119
G1 X180.438 Y68.316 E19.37075
G1 X180.152 Y68.587 E19.38651
G1 X180.152 Y70.305 E19.45523
G1 X179.867 Y70.305 E19.46663
G1 X179.867 Y68.859 E19.52447
G1 X179.581 Y69.13 E19.54023
G1 X179.581 Y70.305 E19.58723
G1 X179.296 Y70.305 E19.59863
G1 X179.296 Y69.402 E19.63475
G1 X179.01 Y69.673 E19.65051
G1 X179.01 Y70.305 E19.67579
G1 X178.724 Y70.305 E19.68723
G1 X178.724 Y69.945 E19.70163
G1 X178.439 Y70.217 E19.71739
G1 X178.439 Y73.091 E19.83235
G1 X178.153 Y73.091 E19.84379
G1 X178.153 Y70.488 E19.94791
G1 X177.867 Y70.76 E19.9637
G1 X177.867 Y73.091 E20.05694
G1 X177.582 Y73.091 E20.06834
G1 X177.582 Y71.031 E20.15074
G1 X177.296 Y71.303 E20.16653
G1 X177.296 Y73.091 E20.23805
G1 X177.011 Y73.091 E20.24945
G1 X177.011 Y71.575 E20.31009
G1 X176.725 Y71.846 E20.32585
G1 X176.725 Y73.091 E20.37565
G1 X176.439 Y73.091 E20.38709
G1 X176.439 Y72.118 E20.42601
G1 X176.154 Y72.389 E20.44174
G1 X176.154 Y73.091 E20.46982
G1 X175.868 Y73.091 E20.48126
G1 X175.868 Y72.661 E20.49846
G1 X175.582 Y72.932 E20.51422
G1 X175.582 Y75.876 E20.63198
G1 X175.297 Y75.876 E20.64338
G1 X175.297 Y73.204 E20.75026
G1 X175.011 Y73.476 E20.76605
G1 X175.011 Y75.876 E20.86205
G1 X174.726 Y75.876 E20.87345
G1 X174.726 Y73.747 E20.95861
G1 X174.44 Y74.019 E20.9744
G1 X174.44 Y75.876 E21.04868
G1 X174.154 Y75.876 E21.06012
G1 X174.154 Y74.29 E21.12356
G1 X173.869 Y74.562 E21.13932
G1 X173.869 Y75.876 E21.19188
G1 X173.583 Y75.876 E21.20332
G1 X173.583 Y74.833 E21.24504
G1 X173.298 Y75.105 E21.2608
G1 X173.298 Y75.876 E21.29164
G1 X173.012 Y75.876 E21.30308
G1 X173.012 Y75.377 E21.32304
G1 X172.726 Y75.648 E21.3388
G1 X172.726 Y78.662 E21.45936
G1 X172.441 Y78.662 E21.47076
G1 X172.441 Y75.92 E21.58044
G1 X172.155 Y76.191 E21.5962
G1 X172.155 Y78.662 E21.69504
G1 X171.869 Y78.662 E21.70648
G1 X171.869 Y76.463 E21.79444
G1 X171.584 Y76.735 E21.8102
G1 X171.584 Y78.662 E21.88728
G1 X171.298 Y78.662 E21.89872
G1 X171.298 Y77.006 E21.96496
G1 X171.013 Y77.278 E21.98072
G1 X171.013 Y78.662 E22.03608
G1 X170.727 Y78.662 E22.04752
G1 X170.727 Y77.549 E22.09204
G1 X170.441 Y77.821 E22.10783
G1 X170.441 Y78.662 E22.14147
G1 X170.171 Y78.662 E22.15227
G1 X170.171 Y81.447 E22.26367
G1 X170.156 Y78.092 E22.39787
G1 X169.87 Y78.364 E22.41366
G1 X169.87 Y81.447 E22.53698
G1 X169.584 Y81.447 E22.54842
G1 X169.584 Y78.636 E22.66086
G1 X169.299 Y78.907 E22.67659
G1 X169.299 Y81.447 E22.77819
G1 X169.013 Y81.447 E22.78963
G1 X169.013 Y79.179 E22.88035
G1 X168.728 Y79.45 E22.89608
G1 X168.728 Y81.447 E22.97596
G1 X168.442 Y81.447 E22.9874
G1 X168.442 Y79.722 E23.0564
G1 X168.156 Y79.994 E23.07219
G1 X168.156 Y81.447 E23.13031
G1 X167.871 Y81.447 E23.14171
G1 X167.871 Y80.265 E23.18899
G1 X167.585 Y80.537 E23.20478
G1 X167.585 Y81.447 E23.24118
G1 X167.385 Y81.447 E23.24918
G1 X167.385 Y84.233 E23.36062
G1 X167.3 Y84.233 E23.36402
G1 X167.3 Y80.808 E23.50102
G1 X167.014 Y81.08 E23.51681
G1 X167.014 Y84.233 E23.64293
G1 X166.728 Y84.233 E23.65437
G1 X166.728 Y81.351 E23.76965
G1 X166.443 Y81.623 E23.78541
G1 X166.443 Y84.233 E23.88981
G1 X166.157 Y84.233 E23.90125
G1 X166.157 Y81.895 E23.99477
G1 X165.871 Y82.166 E24.01053
G1 X165.871 Y84.233 E24.09321
G1 X165.586 Y84.233 E24.10461
G1 X165.586 Y82.438 E24.17641
G1 X165.3 Y82.709 E24.19217
G1 X165.3 Y84.233 E24.25313
G1 X165.015 Y84.233 E24.26453
G1 X165.015 Y82.981 E24.31461
G1 X164.729 Y83.252 E24.33037
G1 X164.729 Y84.233 E24.36961
G1 X164.6 Y84.233 E24.37477
G1 X164.6 Y87.019 E24.48621
G1 X164.443 Y87.019 E24.49249
G1 X164.443 Y83.524 E24.63229
G1 X164.158 Y83.796 E24.64805
G1 X164.158 Y87.019 E24.77697
G1 X163.872 Y87.019 E24.78841
G1 X163.872 Y84.067 E24.90649
G1 X163.586 Y84.339 E24.92228
G1 X163.586 Y87.019 E25.02948
G1 X163.301 Y87.019 E25.04088
G1 X163.301 Y84.61 E25.13724
G1 X163.015 Y84.882 E25.15303
G1 X163.015 Y87.019 E25.23851
G1 X162.73 Y87.019 E25.24991
G1 X162.73 Y85.154 E25.32451
G1 X162.444 Y85.425 E25.34027
G1 X162.444 Y87.019 E25.40403
G1 X162.158 Y87.019 E25.41547
G1 X162.158 Y85.697 E25.46835
G1 X161.873 Y85.968 E25.48408
G1 X161.814 Y89.804 E25.63754
G1 X161.587 Y89.804 E25.64662
G1 X161.587 Y86.24 E25.78918
G1 X161.302 Y86.511 E25.80491
G1 X161.302 Y89.804 E25.93663
G1 X161.016 Y89.804 E25.94807
G1 X161.016 Y86.783 E26.06891
G1 X160.73 Y87.055 E26.0847
G1 X160.73 Y89.804 E26.19466
G1 X160.445 Y89.804 E26.20606
G1 X160.445 Y87.326 E26.30518
G1 X160.159 Y87.598 E26.32097
G1 X160.159 Y89.804 E26.40921
G1 X159.873 Y89.804 E26.42065
G1 X159.873 Y87.869 E26.49805
G1 X159.588 Y88.141 E26.51381
G1 X159.588 Y89.804 E26.58033
G1 X159.302 Y89.804 E26.59177
G1 X159.302 Y88.413 E26.64741
G1 X159.017 Y88.684 E26.66314
G1 X159.017 Y92.59 E26.81938
G1 X158.731 Y92.59 E26.83082
G1 X158.731 Y88.956 E26.97618
G1 X158.445 Y89.227 E26.99194
G1 X158.445 Y92.59 E27.12646
G1 X158.16 Y92.59 E27.13786
G1 X158.16 Y89.499 E27.2615
G1 X157.874 Y89.77 E27.27726
G1 X157.874 Y92.59 E27.39006
G1 X157.588 Y92.59 E27.4015
G1 X157.588 Y90.042 E27.50342
G1 X157.303 Y90.314 E27.51918
G1 X157.303 Y92.59 E27.61022
G1 X157.017 Y92.59 E27.62166
G1 X157.017 Y90.585 E27.70186
G1 X156.732 Y90.857 E27.71762
G1 X156.732 Y92.59 E27.78694
G1 X156.446 Y92.59 E27.79838
G1 X156.446 Y91.128 E27.85686
G1 X156.16 Y91.4 E27.87265
G1 X156.16 Y95.375 E28.03165
G1 X155.875 Y95.375 E28.04305
G1 X155.875 Y91.671 E28.19121
G1 X155.589 Y91.943 E28.207
G1 X155.589 Y95.375 E28.34428
G1 X155.304 Y95.375 E28.35568
G1 X155.304 Y92.215 E28.48208
G1 X155.018 Y92.486 E28.49784
G1 X155.018 Y95.375 E28.6134
G1 X154.732 Y95.375 E28.62484
G1 X154.732 Y92.758 E28.72952
G1 X154.447 Y93.029 E28.74525
G1 X154.447 Y95.375 E28.83909
G1 X154.161 Y95.375 E28.85053
G1 X154.161 Y93.301 E28.93349
G1 X153.875 Y93.573 E28.94928
G1 X153.875 Y95.375 E29.02136
G1 X153.59 Y95.375 E29.03276
G1 X153.59 Y93.844 E29.094
G1 X153.304 Y94.116 E29.10979
G1 X153.304 Y98.161 E29.27159
G1 X153.019 Y98.161 E29.28299
G1 X153.019 Y94.387 E29.43395
G1 X152.733 Y94.659 E29.44974
G1 X152.733 Y98.161 E29.58982
G1 X152.447 Y98.161 E29.60126
G1 X152.447 Y94.93 E29.7305
G1 X152.162 Y95.202 E29.74626
G1 X152.162 Y98.161 E29.86462
G1 X151.876 Y98.161 E29.87606
G1 X151.876 Y95.474 E29.98354
G1 X151.59 Y95.745 E29.9993
G1 X151.59 Y98.161 E30.09594
G1 X151.305 Y98.161 E30.10734
G1 X151.305 Y96.017 E30.1931
G1 X151.019 Y96.288 E30.20886
G1 X151.019 Y98.161 E30.28378
G1 X150.734 Y98.161 E30.29518
G1 X150.734 Y96.56 E30.35922
G1 X150.448 Y96.832 E30.37501
G1 X150.448 Y100.947 E30.53961
G1 X150.162 Y100.947 E30.55105
G1 X150.162 Y97.103 E30.70481
G1 X149.877 Y97.375 E30.72057
G1 X149.877 Y100.947 E30.86345
G1 X149.591 Y100.947 E30.87489
G1 X149.591 Y97.646 E31.00693
G1 X149.306 Y97.918 E31.02269
G1 X149.306 Y100.947 E31.14385
G1 X149.02 Y100.947 E31.15529
G1 X149.02 Y98.189 E31.26561
G1 X148.734 Y98.461 E31.2814
G1 X148.734 Y100.947 E31.38084
G1 X148.449 Y100.947 E31.39224
G1 X148.449 Y98.733 E31.4808
G1 X148.163 Y99.004 E31.49656
G1 X148.163 Y100.947 E31.57428
G1 X147.886 Y100.947 E31.58536
G1 X147.886 Y103.732 E31.69676
G1 X147.877 Y99.276 E31.875
G1 X147.592 Y99.547 E31.89073
G1 X147.592 Y103.732 E32.05813
G1 X147.306 Y103.732 E32.06957
G1 X147.306 Y99.819 E32.22609
G1 X147.021 Y100.09 E32.24182
G1 X147.021 Y103.732 E32.3875
G1 X146.735 Y103.732 E32.39894
G1 X146.735 Y100.362 E32.53374
G1 X146.449 Y100.634 E32.54953
G1 X146.449 Y103.732 E32.67345
G1 X146.164 Y103.732 E32.68485
G1 X146.164 Y100.905 E32.79793
G1 X145.878 Y101.177 E32.81372
G1 X145.878 Y103.732 E32.91592
G1 X145.592 Y103.732 E32.92736
G1 X145.592 Y101.448 E33.01872
G1 X145.307 Y101.72 E33.03448
G1 X145.307 Y103.732 E33.11496
G1 X145.1 Y103.732 E33.12324
G1 X145.1 Y106.518 E33.23468
G1 X145.021 Y106.518 E33.23784
G1 X145.021 Y101.992 E33.41888
G1 X144.736 Y102.263 E33.43461
G1 X144.736 Y106.518 E33.60481
G1 X144.45 Y106.518 E33.61625
G1 X144.45 Y102.535 E33.77557
G1 X144.164 Y102.806 E33.79133
G1 X144.164 Y106.518 E33.93981
G1 X143.879 Y106.518 E33.95121
G1 X143.879 Y103.078 E34.08881
G1 X143.593 Y103.349 E34.10457
G1 X143.593 Y106.518 E34.23133
G1 X143.308 Y106.518 E34.24273
G1 X143.308 Y103.621 E34.35861
G1 X143.022 Y103.893 E34.3744
G1 X143.022 Y106.518 E34.4794
G1 X142.736 Y106.518 E34.49084
G1 X142.736 Y104.164 E34.585
G1 X142.451 Y104.436 E34.60076
G1 X142.451 Y106.518 E34.68404
G1 X142.315 Y106.518 E34.68948
G1 X142.315 Y109.304 E34.80092
G1 X142.165 Y109.304 E34.80692
G1 X142.165 Y104.707 E34.9908
G1 X141.879 Y104.979 E35.00659
G1 X141.879 Y109.304 E35.17959
G1 X141.594 Y109.304 E35.19099
G1 X141.594 Y105.251 E35.35311
G1 X141.308 Y105.522 E35.36887
G1 X141.308 Y109.304 E35.52015
G1 X141.023 Y109.304 E35.53155
G1 X141.023 Y105.794 E35.67195
G1 X140.737 Y106.065 E35.68771
G1 X140.737 Y109.304 E35.81727
G1 X140.451 Y109.304 E35.82871
G1 X140.451 Y106.337 E35.94739
G1 X140.166 Y106.608 E35.96312
G1 X140.166 Y109.304 E36.07096
G1 X139.88 Y109.304 E36.0824
G1 X139.88 Y106.88 E36.17936
G1 X139.594 Y107.152 E36.19515
G1 X139.529 Y112.089 E36.39265
G1 X139.309 Y112.089 E36.40145
G1 X139.309 Y107.423 E36.58809
G1 X139.023 Y107.695 E36.60388
G1 X139.023 Y112.089 E36.77964
G1 X138.738 Y112.089 E36.79104
G1 X138.738 Y107.966 E36.95596
G1 X138.452 Y108.238 E36.97175
G1 X138.452 Y112.089 E37.12579
G1 X138.166 Y112.089 E37.13723
G1 X138.166 Y108.51 E37.28039
G1 X137.881 Y108.781 E37.29612
G1 X137.881 Y112.089 E37.42844
G1 X137.595 Y112.089 E37.43988
G1 X137.595 Y109.053 E37.56132
G1 X137.31 Y109.324 E37.57705
G1 X137.31 Y112.089 E37.68765
G1 X137.024 Y112.089 E37.69909
G1 X137.024 Y109.596 E37.79881
G1 X136.738 Y109.867 E37.81457
G1 X136.738 Y114.875 E38.01489
G1 X136.453 Y114.875 E38.02629
G1 X136.453 Y110.139 E38.21573
G1 X136.167 Y110.411 E38.23152
G1 X136.167 Y114.875 E38.41008
G1 X135.881 Y114.875 E38.42152
G1 X135.881 Y110.682 E38.58924
G1 X135.596 Y110.954 E38.605
G1 X135.596 Y114.875 E38.76184
G1 X135.31 Y114.875 E38.77328
G1 X135.31 Y111.225 E38.91928
G1 X135.025 Y111.497 E38.93504
G1 X135.025 Y114.875 E39.07016
G1 X134.739 Y114.875 E39.0816
G1 X134.739 Y111.768 E39.20588
G1 X134.453 Y112.04 E39.22167
G1 X134.453 Y114.875 E39.33507
G1 X134.168 Y114.875 E39.34647
G1 X134.168 Y112.312 E39.44899
G1 X133.882 Y112.583 E39.46475
G1 X133.882 Y117.66 E39.66783
G1 X133.596 Y117.66 E39.67927
G1 X133.596 Y112.855 E39.87147
G1 X133.311 Y113.126 E39.8872
G1 X133.311 Y117.66 E40.06856
G1 X133.025 Y117.66 E40.08
G1 X133.025 Y113.398 E40.25048
G1 X132.74 Y113.67 E40.26624
G1 X132.74 Y117.66 E40.42584
G1 X132.454 Y117.66 E40.43728
G1 X132.454 Y113.941 E40.58604
G1 X132.168 Y114.213 E40.60183
G1 X132.168 Y117.66 E40.73971
G1 X131.883 Y117.66 E40.75111
G1 X131.883 Y114.484 E40.87815
G1 X131.597 Y114.756 E40.89394
G1 X131.597 Y117.66 E41.0101
G1 X131.312 Y117.66 E41.0215
G1 X131.312 Y115.027 E41.12682
G1 X131.026 Y115.299 E41.14261
G1 X131.026 Y120.446 E41.34849
G1 X130.74 Y120.446 E41.35993
G1 X130.74 Y115.571 E41.55493
G1 X130.455 Y115.842 E41.57066
G1 X130.455 Y120.446 E41.75482
G1 X130.169 Y120.446 E41.76626
G1 X130.169 Y116.114 E41.93954
G1 X129.883 Y116.385 E41.9553
G1 X129.883 Y120.446 E42.11774
G1 X129.598 Y120.446 E42.12914
G1 X129.598 Y116.657 E42.2807
G1 X129.312 Y116.929 E42.29649
G1 X129.312 Y120.446 E42.43717
G1 X129.027 Y120.446 E42.44857
G1 X129.027 Y117.2 E42.57841
G1 X128.741 Y117.472 E42.5942
G1 X128.741 Y120.446 E42.71316
G1 X128.455 Y120.446 E42.7246
G1 X128.455 Y117.743 E42.83272
G1 X128.17 Y118.015 E42.84848
G1 X128.17 Y123.232 E43.05716
G1 X127.884 Y123.232 E43.0686
G1 X127.884 Y118.286 E43.26644
G1 X127.598 Y118.558 E43.28223
G1 X127.598 Y123.232 E43.46919
G1 X127.313 Y123.232 E43.48059
G1 X127.313 Y118.83 E43.65667
G1 X127.027 Y119.101 E43.67243
G1 X127.027 Y123.232 E43.83767
G1 X126.742 Y123.232 E43.84907
G1 X126.742 Y119.373 E44.00343
G1 X126.456 Y119.644 E44.01919
G1 X126.456 Y123.232 E44.16271
G1 X126.17 Y123.232 E44.17415
G1 X126.17 Y119.916 E44.30679
G1 X125.885 Y120.187 E44.32252
G1 X125.885 Y123.232 E44.44432
G1 X125.599 Y123.232 E44.45576
G1 X125.599 Y120.459 E44.56668
G1 X125.314 Y120.731 E44.58244
G1 X125.314 Y123.232 E44.68248
G1 X125.028 Y123.232 E44.69392
G1 X125.028 Y121.002 E44.78312
G1 X124.742 Y121.274 E44.79891
G1 X124.742 Y123.232 E44.87723
G1 X124.457 Y123.232 E44.88863
G1 X124.457 Y121.545 E44.95611
G1 X124.171 Y121.817 E44.9719
G1 X124.171 Y123.232 E45.0285
G1 X123.885 Y123.232 E45.03994
G1 X123.885 Y122.089 E45.08566
G1 X123.6 Y122.36 E45.10139
G1 X123.6 Y123.232 E45.13627
G1 X123.314 Y123.232 E45.14771
G1 X123.314 Y122.632 E45.17171
G1 X123.029 Y122.903 E45.18744
G1 X123.029 Y123.232 E45.2006
G1 X122.815 Y123.232 E45.20916
G1 X122.815 Y126.017 E45.32056
G1 X122.743 Y126.017 E45.32344
G1 X122.743 Y123.175 E45.43712
G1 X122.457 Y123.446 E45.45288
G1 X122.457 Y126.017 E45.55572
G1 X122.172 Y126.017 E45.56712
G1 X122.172 Y123.718 E45.65908
G1 X121.886 Y123.99 E45.67487
G1 X121.886 Y126.017 E45.75595
G1 X121.6 Y126.017 E45.76739
G1 X121.6 Y124.261 E45.83763
G1 X121.315 Y124.533 E45.85339
G1 X121.315 Y126.017 E45.91275
G1 X121.029 Y126.017 E45.92419
G1 X121.029 Y124.804 E45.97271
G1 X120.744 Y125.076 E45.98847
G1 X120.744 Y126.017 E46.02611
G1 X120.458 Y126.017 E46.03755
G1 X120.458 Y125.348 E46.06431
G1 X120.172 Y125.619 E46.08007
G1 X120.172 Y126.017 E46.09599
G1 X120.03 Y126.017 E46.10167
G1 X120.03 Y128.803 E46.21311
G1 X119.887 Y128.803 E46.21883
G1 X119.887 Y125.891 E46.33531
G1 X119.601 Y126.162 E46.35107
G1 X119.601 Y128.803 E46.45671
G1 X119.316 Y128.803 E46.46811
G1 X119.316 Y126.434 E46.56287
G1 X119.03 Y126.705 E46.57863
G1 X119.03 Y128.803 E46.66255
G1 X118.744 Y128.803 E46.67399
G1 X118.744 Y126.977 E46.74703
G1 X118.459 Y127.249 E46.76279
G1 X118.459 Y128.803 E46.82495
G1 X118.173 Y128.803 E46.83639
G1 X118.173 Y127.52 E46.88771
G1 X117.887 Y127.792 E46.9035
G1 X117.887 Y128.803 E46.94394
G1 X117.602 Y128.803 E46.95534
G1 X117.602 Y128.063 E46.98494
G1 X117.316 Y128.335 E47.00073
G1 X117.316 Y128.803 E47.01945
G1 X117.244 Y128.803 E47.02233
G1 X117.244 Y131.589 E47.13377
G1 X117.031 Y131.589 E47.14229
G1 X117.031 Y128.606 E47.26161
G1 X116.745 Y128.878 E47.2774
G1 X116.745 Y131.589 E47.38584
G1 X116.459 Y131.589 E47.39728
G1 X116.459 Y129.15 E47.49484
G1 X116.174 Y129.421 E47.51057
G1 X116.174 Y131.589 E47.59729
G1 X115.888 Y131.589 E47.60873
G1 X115.888 Y129.693 E47.68457
G1 X115.602 Y129.964 E47.70033
G1 X115.602 Y131.589 E47.76533
G1 X115.317 Y131.589 E47.77673
G1 X115.317 Y130.236 E47.83085
G1 X115.031 Y130.508 E47.84664
G1 X115.031 Y131.589 E47.88988
G1 X114.746 Y131.589 E47.90128
G1 X114.746 Y130.779 E47.93368
G1 X114.46 Y131.051 E47.94947
G1 X114.458 Y134.374 E48.08239
G1 X114.174 Y134.374 E48.09375
G1 X114.174 Y131.322 E48.21583
G1 X113.889 Y131.594 E48.23159
G1 X113.889 Y134.374 E48.34279
G1 X113.603 Y134.374 E48.35423
G1 X113.603 Y131.865 E48.45459
G1 X113.318 Y132.137 E48.47035
G1 X113.318 Y134.374 E48.55983
G1 X113.032 Y134.374 E48.57127
G1 X113.032 Y132.409 E48.64987
G1 X112.746 Y132.68 E48.66563
G1 X112.746 Y134.374 E48.73339
G1 X112.461 Y134.374 E48.74479
G1 X112.461 Y132.952 E48.80167
G1 X112.175 Y133.223 E48.81743
G1 X112.175 Y134.374 E48.86347
G1 X111.889 Y134.374 E48.87491
G1 X111.889 Y133.495 E48.91007
G1 X111.604 Y133.767 E48.92583
G1 X111.604 Y137.16 E49.06155
G1 X111.318 Y137.16 E49.07299
G1 X111.318 Y134.038 E49.19787
G1 X111.033 Y134.31 E49.21363
G1 X111.033 Y137.16 E49.32763
G1 X110.747 Y137.16 E49.33907
G1 X110.747 Y134.581 E49.44223
G1 X110.461 Y134.853 E49.45802
G1 X110.461 Y137.16 E49.5503
G1 X110.176 Y137.16 E49.5617
G1 X110.176 Y135.124 E49.64314
G1 X109.89 Y135.396 E49.65893
G1 X109.89 Y137.16 E49.72949
G1 X109.604 Y137.16 E49.74093
G1 X109.604 Y135.668 E49.80061
G1 X109.319 Y135.939 E49.81634
G1 X109.319 Y137.16 E49.86518
G1 X109.033 Y137.16 E49.87662
G1 X109.033 Y136.211 E49.91458
G1 X108.748 Y136.482 E49.93031
G1 X108.748 Y139.945 E50.06883
G1 X108.462 Y139.945 E50.08027
G1 X108.462 Y136.754 E50.20791
G1 X108.176 Y137.025 E50.22367
G1 X108.176 Y139.945 E50.34047
G1 X107.891 Y139.945 E50.35187
G1 X107.891 Y137.297 E50.45779
G1 X107.605 Y137.569 E50.47358
G1 X107.605 Y139.945 E50.56862
G1 X107.32 Y139.945 E50.58002
G1 X107.32 Y137.84 E50.66422
G1 X107.034 Y138.112 E50.68001
G1 X107.034 Y139.945 E50.75333
G1 X106.748 Y139.945 E50.76477
G1 X106.748 Y138.383 E50.82725
G1 X106.463 Y138.655 E50.84301
G1 X106.463 Y139.945 E50.89461
G1 X106.177 Y139.945 E50.90605
G1 X106.177 Y138.927 E50.94677
G1 X105.891 Y139.198 E50.96253
G1 X105.891 Y142.731 E51.10385
G1 X105.606 Y142.731 E51.11525
G1 X105.606 Y139.47 E51.24569
G1 X105.32 Y139.741 E51.26145
G1 X105.32 Y142.731 E51.38105
G1 X105.035 Y142.731 E51.39245
G1 X105.035 Y140.013 E51.50117
G1 X104.749 Y140.284 E51.51693
G1 X104.749 Y142.731 E51.61481
G1 X104.463 Y142.731 E51.62625
G1 X104.463 Y140.556 E51.71325
G1 X104.178 Y140.828 E51.72901
G1 X104.178 Y142.731 E51.80513
G1 X103.892 Y142.731 E51.81657
G1 X103.892 Y141.099 E51.88185
G1 X103.606 Y141.371 E51.89764
G1 X103.606 Y142.731 E51.95204
G1 X103.321 Y142.731 E51.96344
G1 X103.321 Y141.642 E52.007
G1 X103.035 Y141.914 E52.02279
G1 X103.035 Y145.517 E52.16691
G1 X102.75 Y145.517 E52.17831
G1 X102.75 Y142.186 E52.31155
G1 X102.464 Y142.457 E52.32731
G1 X102.464 Y145.517 E52.44971
G1 X102.178 Y145.517 E52.46115
G1 X102.178 Y142.729 E52.57267
G1 X101.893 Y143 E52.5884
G1 X101.893 Y145.517 E52.68908
G1 X101.607 Y145.517 E52.70052
G1 X101.607 Y143.272 E52.79032
G1 X101.322 Y143.543 E52.80605
G1 X101.322 Y145.517 E52.88501
G1 X101.036 Y145.517 E52.89645
G1 X101.036 Y143.815 E52.96453
G1 X100.75 Y144.087 E52.98032
G1 X100.75 Y145.517 E53.03752
G1 X100.53 Y145.517 E53.04632
G1 X100.53 Y148.302 E53.15772
G1 X100.465 Y148.302 E53.16032
G1 X100.465 Y144.358 E53.31808
G1 X100.179 Y144.63 E53.33387
G1 X100.179 Y148.302 E53.48075
G1 X99.893 Y148.302 E53.49219
G1 X99.893 Y144.901 E53.62823
G1 X99.608 Y145.173 E53.64399
G1 X99.608 Y148.302 E53.76915
G1 X99.322 Y148.302 E53.78059
G1 X99.322 Y145.444 E53.89491
G1 X99.037 Y145.716 E53.91067
G1 X99.037 Y148.302 E54.01411
G1 X98.751 Y148.302 E54.02555
G1 X98.751 Y145.988 E54.11811
G1 X98.465 Y146.259 E54.13387
G1 X98.465 Y148.302 E54.21559
G1 X98.18 Y148.302 E54.22699
G1 X98.18 Y146.531 E54.29783
G1 X97.894 Y146.802 E54.31359
G1 X97.894 Y148.302 E54.37359
G1 X97.745 Y148.302 E54.37955
G1 X97.745 Y151.088 E54.49099
G1 X97.608 Y151.088 E54.49647
G1 X97.608 Y147.074 E54.65703
G1 X97.323 Y147.346 E54.67279
G1 X97.323 Y151.088 E54.82247
G1 X97.037 Y151.088 E54.83391
G1 X97.037 Y147.617 E54.97275
G1 X96.752 Y147.889 E54.98851
G1 X96.752 Y151.088 E55.11647
G1 X96.466 Y151.088 E55.12791
G1 X96.466 Y148.16 E55.24503
G1 X96.18 Y148.432 E55.26082
G1 X96.18 Y151.088 E55.36706
G1 X95.895 Y151.088 E55.37846
G1 X95.895 Y148.703 E55.47386
G1 X95.609 Y148.975 E55.48965
G1 X95.609 Y151.088 E55.57417
G1 X95.324 Y151.088 E55.58557
G1 X95.324 Y149.247 E55.65921
G1 X95.038 Y149.518 E55.67497
G1 X95.038 Y151.088 E55.73777
G1 X94.959 Y151.088 E55.74093
G1 X94.959 Y153.873 E55.85233
G1 X94.752 Y153.873 E55.86061
G1 X94.752 Y149.79 E56.02393
G1 X94.467 Y150.061 E56.03966
G1 X94.467 Y153.873 E56.19214
G1 X94.181 Y153.873 E56.20358
G1 X94.181 Y150.333 E56.34518
G1 X93.895 Y150.605 E56.36097
G1 X93.895 Y153.873 E56.49169
G1 X93.61 Y153.873 E56.50309
G1 X93.61 Y150.876 E56.62297
G1 X93.324 Y151.148 E56.63876
G1 X93.324 Y153.873 E56.74776
G1 X93.039 Y153.873 E56.75916
G1 X93.039 Y151.419 E56.85732
G1 X92.753 Y151.691 E56.87311
G1 X92.753 Y153.873 E56.96039
G1 X92.467 Y153.873 E56.97183
G1 X92.467 Y151.962 E57.04827
G1 X92.182 Y152.234 E57.06403
G1 X92.173 Y156.659 E57.24103
G1 X91.896 Y156.659 E57.25211
G1 X91.896 Y152.506 E57.41823
G1 X91.61 Y152.777 E57.43399
G1 X91.61 Y156.659 E57.58927
G1 X91.325 Y156.659 E57.60067
G1 X91.325 Y153.049 E57.74507
G1 X91.039 Y153.32 E57.76083
G1 X91.039 Y156.659 E57.89439
G1 X90.754 Y156.659 E57.90579
G1 X90.754 Y153.592 E58.02847
G1 X90.468 Y153.863 E58.04423
G1 X90.468 Y156.659 E58.15607
G1 X90.182 Y156.659 E58.16751
G1 X90.182 Y154.135 E58.26847
G1 X89.897 Y154.407 E58.28423
G1 X89.897 Y156.659 E58.37431
G1 X89.611 Y156.659 E58.38575
G1 X89.611 Y154.678 E58.46499
G1 X89.326 Y154.95 E58.48075
G1 X89.326 Y159.445 E58.66055
G1 X89.04 Y159.445 E58.67199
G1 X89.04 Y155.221 E58.84095
G1 X88.754 Y155.493 E58.85674
G1 X88.754 Y159.445 E59.01482
G1 X88.469 Y159.445 E59.02622
G1 X88.469 Y155.765 E59.17342
G1 X88.183 Y156.036 E59.18918
G1 X88.183 Y159.445 E59.32554
G1 X87.897 Y159.445 E59.33698
G1 X87.897 Y156.308 E59.46246
G1 X87.612 Y156.579 E59.47819
G1 X87.612 Y159.445 E59.59283
G1 X87.326 Y159.445 E59.60427
G1 X87.326 Y156.851 E59.70803
G1 X87.041 Y157.122 E59.72376
G1 X87.041 Y159.445 E59.81668
G1 X86.755 Y159.445 E59.82812
G1 X86.755 Y157.394 E59.91016
G1 X86.469 Y157.666 E59.92595
G1 X86.469 Y162.23 E60.10851
G1 X86.184 Y162.23 E60.11991
G1 X86.184 Y157.937 E60.29163
G1 X85.898 Y158.209 E60.30742
G1 X85.898 Y162.23 E60.46826
G1 X85.612 Y162.23 E60.4797
G1 X85.612 Y158.48 E60.6297
G1 X85.327 Y158.752 E60.64546
G1 X85.327 Y162.23 E60.78458
G1 X85.041 Y162.23 E60.79602
G1 X85.041 Y159.024 E60.92426
G1 X84.756 Y159.295 E60.93999
G1 X84.756 Y162.23 E61.05739
G1 X84.47 Y162.23 E61.06883
G1 X84.47 Y159.567 E61.17535
G1 X84.184 Y159.838 E61.19111
G1 X84.184 Y162.23 E61.28679
G1 X83.899 Y162.23 E61.29819
G1 X83.899 Y160.11 E61.38299
G1 X83.613 Y160.381 E61.39875
G1 X83.613 Y165.016 E61.58415
G1 X83.328 Y165.016 E61.59555
G1 X83.328 Y160.653 E61.77007
G1 X83.042 Y160.925 E61.78586
G1 X83.042 Y165.016 E61.9495
G1 X82.756 Y165.016 E61.96094
G1 X82.756 Y161.196 E62.11374
G1 X82.471 Y161.468 E62.1295
G1 X82.471 Y165.016 E62.27142
G1 X82.185 Y165.016 E62.28286
G1 X82.185 Y161.739 E62.41394
G1 X81.899 Y162.011 E62.42973
G1 X81.899 Y165.016 E62.54993
G1 X81.614 Y165.016 E62.56133
G1 X81.614 Y162.282 E62.67069
G1 X81.328 Y162.554 E62.68648
G1 X81.328 Y165.016 E62.78496
G1 X81.043 Y165.016 E62.79636
G1 X81.043 Y162.826 E62.88396
G1 X80.757 Y163.097 E62.89972
G1 X80.757 Y167.802 E63.08792
G1 X80.471 Y167.802 E63.09936
G1 X80.471 Y163.369 E63.27668
G1 X80.186 Y163.64 E63.29241
G1 X80.186 Y167.802 E63.45889
G1 X79.9 Y167.802 E63.47033
G1 X79.9 Y163.912 E63.62593
G1 X79.614 Y164.184 E63.64172
G1 X79.614 Y167.802 E63.78644
G1 X79.329 Y167.802 E63.79784
G1 X79.329 Y164.455 E63.93172
G1 X79.043 Y164.727 E63.94751
G1 X79.043 Y167.802 E64.07051
G1 X78.758 Y167.802 E64.08191
G1 X78.758 Y164.998 E64.19407
G1 X78.472 Y165.27 E64.20986
G1 X78.472 Y167.802 E64.31114
G1 X78.245 Y167.802 E64.32022
G1 X78.245 Y170.587 E64.43162
G1 X78.186 Y170.587 E64.43398
G1 X78.186 Y165.541 E64.63582
G1 X77.901 Y165.813 E64.65158
G1 X77.901 Y170.587 E64.84254
G1 X77.615 Y170.587 E64.85398
G1 X77.615 Y166.085 E65.03406
G1 X77.33 Y166.356 E65.04979
G1 X77.33 Y170.587 E65.21903
G1 X77.044 Y170.587 E65.23047
G1 X77.044 Y166.628 E65.38883
G1 X76.758 Y166.899 E65.40459
G1 X76.758 Y170.587 E65.55211
G1 X76.473 Y170.587 E65.56351
G1 X76.473 Y167.171 E65.70015
G1 X76.187 Y167.443 E65.71594
G1 X76.187 Y170.587 E65.8417
G1 X75.901 Y170.587 E65.85314
G1 X75.901 Y167.714 E65.96806
G1 X75.616 Y167.986 E65.98382
G1 X75.616 Y170.587 E66.08786
G1 X75.46 Y170.587 E66.0941
G1 X75.46 Y173.373 E66.20554
G1 X75.33 Y173.373 E66.21074
G1 X75.33 Y168.257 E66.41538
G1 X75.045 Y168.529 E66.43114
G1 X75.045 Y173.373 E66.6249
G1 X74.759 Y173.373 E66.63634
G1 X74.759 Y168.8 E66.81926
G1 X74.473 Y169.072 E66.83505
G1 X74.473 Y173.373 E67.00709
G1 X74.188 Y173.373 E67.01849
G1 X74.188 Y169.344 E67.17965
G1 X73.902 Y169.615 E67.19541
G1 X73.902 Y173.373 E67.34573
G1 X73.616 Y173.373 E67.35717
G1 X73.616 Y169.887 E67.49661
G1 X73.331 Y170.158 E67.51234
G1 X73.331 Y173.373 E67.64094
G1 X73.045 Y173.373 E67.65238
G1 X73.045 Y170.43 E67.7701
G1 X72.76 Y170.701 E67.78583
G1 X72.674 Y176.158 E68.00414
G1 X72.474 Y176.158 E68.01214
G1 X72.474 Y170.973 E68.21954
G1 X72.188 Y171.245 E68.23533
G1 X72.188 Y176.158 E68.43185
G1 X71.903 Y176.158 E68.44325
G1 X71.903 Y171.516 E68.62893
G1 X71.617 Y171.788 E68.64472
G1 X71.617 Y176.158 E68.81952
G1 X71.332 Y176.158 E68.83092
G1 X71.332 Y172.059 E68.99488
G1 X71.046 Y172.331 E69.01067
G1 X71.046 Y176.158 E69.16375
G1 X70.76 Y176.158 E69.17519
G1 X70.76 Y172.603 E69.31739
G1 X70.475 Y172.874 E69.33312
G1 X70.475 Y176.158 E69.46448
G1 X70.189 Y176.158 E69.47592
G1 X70.189 Y173.146 E69.5964
G1 X69.903 Y173.417 E69.61216
G1 X69.903 Y176.158 E69.7218
G1 X69.618 Y176.158 E69.7332
G1 X69.618 Y173.689 E69.83196
G1 X69.332 Y173.96 E69.84772
G1 X69.332 Y176.158 E69.93564
G1 X69.047 Y176.158 E69.94704
G1 X69.047 Y174.232 E70.02408
G1 X68.761 Y174.504 E70.03987
G1 X68.761 Y176.158 E70.10603
G1 X68.475 Y176.158 E70.11747
G1 X68.475 Y174.775 E70.17279
G1 X68.19 Y175.047 E70.18855
G1 X68.19 Y176.158 E70.23299
G1 X67.904 Y176.158 E70.24443
G1 X67.904 Y175.318 E70.27803
G1 X67.618 Y175.59 E70.29382
G1 X67.618 Y176.158 E70.31654
G1 X67.333 Y176.158 E70.32794
G1 X67.333 Y175.862 E70.33978
G1 X67.047 Y176.133 E70.35554
G1 X67.047 Y178.944 E70.46798
G1 X66.762 Y178.944 E70.47938
G1 X66.762 Y176.405 E70.58094
G1 X66.476 Y176.676 E70.5967
G1 X66.476 Y178.944 E70.68742
G1 X66.19 Y178.944 E70.69886
G1 X66.19 Y176.948 E70.7787
G1 X65.905 Y177.219 E70.79443
G1 X65.905 Y178.944 E70.86343
G1 X65.619 Y178.944 E70.87487
G1 X65.619 Y177.491 E70.93299
G1 X65.334 Y177.763 E70.94875
G1 X65.334 Y178.944 E70.99599
G1 X65.048 Y178.944 E71.00743
G1 X65.048 Y178.034 E71.04383
G1 X64.762 Y178.306 E71.05962
G1 X64.762 Y178.944 E71.08514
G1 X64.477 Y178.944 E71.09654
G1 X64.477 Y178.577 E71.11122
G1 X64.191 Y178.849 E71.12701
G1 X64.191 Y181.73 E71.24225
G1 X63.905 Y181.73 E71.25369
G1 X63.905 Y179.12 E71.35809
G1 X63.62 Y179.392 E71.37385
G1 X63.62 Y181.73 E71.46737
G1 X63.334 Y181.73 E71.47881
G1 X63.334 Y179.664 E71.56145
G1 X63.049 Y179.935 E71.57718
G1 X63.049 Y181.73 E71.64898
G1 X62.763 Y181.73 E71.66042
G1 X62.763 Y180.207 E71.72134
G1 X62.477 Y180.478 E71.7371
G1 X62.477 Y181.73 E71.78718
G1 X62.192 Y181.73 E71.79858
G1 X62.192 Y180.75 E71.83778
G1 X61.906 Y181.022 E71.85357
G1 X61.906 Y181.73 E71.88189
G1 X61.62 Y181.73 E71.89333
G1 X61.62 Y181.293 E71.91081
G1 X61.335 Y181.565 E71.92657
G1 X61.335 Y184.515 E72.04457
G1 X61.049 Y184.515 E72.05601
G1 X61.049 Y181.836 E72.16317
G1 X60.764 Y182.108 E72.17893
G1 X60.764 Y184.515 E72.27521
G1 X60.478 Y184.515 E72.28665
G1 X60.478 Y182.379 E72.37209
G1 X60.192 Y182.651 E72.38788
G1 X60.192 Y184.515 E72.46244
G1 X59.907 Y184.515 E72.47384
G1 X59.907 Y182.923 E72.53752
G1 X59.621 Y183.194 E72.55328
G1 X59.621 Y184.515 E72.60612
G1 X59.336 Y184.515 E72.61752
G1 X59.336 Y183.466 E72.65948
G1 X59.05 Y183.737 E72.67524
G1 X59.05 Y184.515 E72.70636
G1 X58.764 Y184.515 E72.7178
G1 X58.764 Y184.009 E72.73804
G1 X58.479 Y184.281 E72.7538
G1 X58.479 Y187.301 E72.8746
G1 X58.193 Y187.301 E72.88604
G1 X58.193 Y184.552 E72.996
G1 X57.907 Y184.824 E73.01179
G1 X57.907 Y187.301 E73.11087
G1 X57.622 Y187.301 E73.12227
G1 X57.622 Y185.095 E73.21051
G1 X57.336 Y185.367 E73.2263
G1 X57.336 Y187.301 E73.30366
G1 X57.051 Y187.301 E73.31506
G1 X57.051 Y185.638 E73.38158
G1 X56.765 Y185.91 E73.39737
G1 X56.765 Y187.301 E73.45301
G1 X56.479 Y187.301 E73.46445
G1 X56.479 Y186.182 E73.50921
G1 X56.194 Y186.453 E73.52494
G1 X56.194 Y187.301 E73.55886
G1 X55.96 Y187.301 E73.56822
G1 X55.96 Y190.087 E73.67966
G1 X55.908 Y190.087 E73.68174
G1 X55.908 Y186.725 E73.81622
G1 X55.622 Y186.996 E73.83198
G1 X55.622 Y190.087 E73.95562
G1 X55.337 Y190.087 E73.96702
G1 X55.337 Y187.268 E74.07978
G1 X55.051 Y187.539 E74.09554
G1 X55.051 Y190.087 E74.19746
G1 X54.766 Y190.087 E74.20886
G1 X54.766 Y187.811 E74.2999
G1 X54.48 Y188.083 E74.31569
G1 X54.48 Y190.087 E74.39585
G1 X54.194 Y190.087 E74.40729
G1 X54.194 Y188.354 E74.47661
G1 X53.909 Y188.626 E74.49237
G1 X53.909 Y190.087 E74.55081
G1 X53.623 Y190.087 E74.56225
G1 X53.623 Y188.897 E74.60985
G1 X53.338 Y189.169 E74.62561
G1 X53.338 Y190.087 E74.66233
G1 X53.175 Y190.087 E74.66885
G1 X53.175 Y192.872 E74.78025
G1 X53.052 Y192.872 E74.78517
G1 X53.052 Y189.441 E74.92241
G1 X52.766 Y189.712 E74.93817
G1 X52.766 Y192.872 E75.06457
G1 X52.481 Y192.872 E75.07597
G1 X52.481 Y189.984 E75.19149
G1 X52.195 Y190.255 E75.20725
G1 X52.195 Y192.872 E75.31193
G1 X51.909 Y192.872 E75.32337
G1 X51.909 Y190.527 E75.41717
G1 X51.624 Y190.798 E75.4329
G1 X51.624 Y192.872 E75.51586
G1 X51.338 Y192.872 E75.5273
G1 X51.338 Y191.07 E75.59938
G1 X51.053 Y191.342 E75.61514
G1 X51.053 Y192.872 E75.67634
G1 X50.767 Y192.872 E75.68778
G1 X50.767 Y191.613 E75.73814
G1 X50.481 Y191.885 E75.75393
G1 X50.481 Y192.872 E75.79341
G1 X50.389 Y192.872 E75.79709
G1 X50.389 Y195.658 E75.90853
G1 X50.196 Y195.658 E75.91625
G1 X50.196 Y192.156 E76.05633
G1 X49.91 Y192.428 E76.07212
G1 X49.91 Y195.658 E76.20132
G1 X49.624 Y195.658 E76.21276
G1 X49.624 Y192.7 E76.33108
G1 X49.339 Y192.971 E76.34681
G1 X49.339 Y195.658 E76.45429
G1 X49.053 Y195.658 E76.46573
G1 X49.053 Y193.243 E76.56233
G1 X48.768 Y193.514 E76.57806
G1 X48.768 Y195.658 E76.66382
G1 X48.482 Y195.658 E76.67526
G1 X48.482 Y193.786 E76.75014
G1 X48.196 Y194.057 E76.7659
G1 X48.196 Y195.658 E76.82994
G1 X47.911 Y195.658 E76.84134
G1 X47.911 Y194.329 E76.8945
G1 X47.625 Y194.601 E76.91029
G1 X47.604 Y198.443 E77.06397
G1 X47.34 Y198.443 E77.07453
G1 X47.34 Y194.872 E77.21737
G1 X47.054 Y195.144 E77.23316
G1 X47.054 Y198.443 E77.36512
G1 X46.768 Y198.443 E77.37656
G1 X46.768 Y195.415 E77.49768
G1 X46.483 Y195.687 E77.51344
G1 X46.483 Y198.443 E77.62368
G1 X46.197 Y198.443 E77.63512
G1 X46.197 Y195.958 E77.73452
G1 X45.911 Y196.23 E77.75031
G1 X45.911 Y198.443 E77.83883
G1 X45.626 Y198.443 E77.85023
G1 X45.626 Y196.502 E77.92787
G1 X45.34 Y196.773 E77.94363
G1 X45.34 Y198.443 E78.01043
G1 X45.055 Y198.443 E78.02183
G1 X45.055 Y197.045 E78.07775
G1 X44.769 Y197.316 E78.09351
G1 X44.769 Y201.229 E78.25003
G1 X44.483 Y201.229 E78.26147
G1 X44.483 Y197.588 E78.40711
G1 X44.198 Y197.86 E78.42287
G1 X44.198 Y201.229 E78.55763
G1 X43.912 Y201.229 E78.56907
G1 X43.912 Y198.131 E78.69299
G1 X43.626 Y198.403 E78.70878
G1 X43.626 Y201.229 E78.82182
G1 X43.341 Y201.229 E78.83322
G1 X43.341 Y198.674 E78.93542
G1 X43.055 Y198.946 E78.95121
G1 X43.055 Y201.229 E79.04253
G1 X42.77 Y201.229 E79.05393
G1 X42.77 Y199.217 E79.13441
G1 X42.484 Y199.489 E79.1502
G1 X42.484 Y201.229 E79.2198
G1 X42.198 Y201.229 E79.23124
G1 X42.198 Y199.761 E79.28996
G1 X41.913 Y200.032 E79.30569
G1 X41.913 Y204.015 E79.46501
G1 X41.627 Y204.015 E79.47645
G1 X41.627 Y200.304 E79.62489
G1 X41.342 Y200.575 E79.64062
G1 X41.342 Y204.015 E79.77822
G1 X41.056 Y204.015 E79.78966
G1 X41.056 Y200.847 E79.91638
G1 X40.77 Y201.119 E79.93217
G1 X40.77 Y204.015 E80.04801
G1 X40.485 Y204.015 E80.05941
G1 X40.485 Y201.39 E80.16441
G1 X40.199 Y201.662 E80.1802
G1 X40.199 Y204.015 E80.27432
G1 X39.913 Y204.015 E80.28576
G1 X39.913 Y201.933 E80.36904
G1 X39.628 Y202.205 E80.3848
G1 X39.628 Y204.015 E80.4572
G1 X39.342 Y204.015 E80.46864
G1 X39.342 Y202.476 E80.5302
G1 X39.057 Y202.748 E80.54596
G1 X39.057 Y206.8 E80.70804
G1 X38.771 Y206.8 E80.71948
G1 X38.771 Y203.02 E80.87068
G1 X38.485 Y203.291 E80.88644
G1 X38.485 Y206.8 E81.0268
G1 X38.2 Y206.8 E81.0382
G1 X38.2 Y203.563 E81.16768
G1 X37.914 Y203.834 E81.18344
G1 X37.914 Y206.8 E81.30208
G1 X37.628 Y206.8 E81.31352
G1 X37.628 Y204.106 E81.42128
G1 X37.343 Y204.377 E81.43701
G1 X37.343 Y206.8 E81.53393
G1 X37.057 Y206.8 E81.54537
G1 X37.057 Y204.649 E81.63141
G1 X36.772 Y204.921 E81.64717
G1 X36.772 Y206.8 E81.72233
G1 X36.486 Y206.8 E81.73377
G1 X36.486 Y205.192 E81.79809
G1 X36.2 Y205.464 E81.81388
G1 X36.2 Y209.586 E81.97876
G1 X35.915 Y209.586 E81.99016
G1 X35.915 Y205.735 E82.1442
G1 X35.629 Y206.007 E82.15999
G1 X35.629 Y209.586 E82.30315
G1 X35.344 Y209.586 E82.31455
G1 X35.344 Y206.279 E82.44683
G1 X35.058 Y206.55 E82.46259
G1 X35.058 Y209.586 E82.58403
G1 X34.772 Y209.586 E82.59547
G1 X34.772 Y206.822 E82.70603
G1 X34.487 Y207.093 E82.72176
G1 X34.487 Y209.586 E82.82148
G1 X34.201 Y209.586 E82.83292
G1 X34.201 Y207.365 E82.92176
G1 X33.915 Y207.636 E82.93752
G1 X33.915 Y209.586 E83.01552
G1 X33.675 Y209.586 E83.02512
G1 X33.675 Y212.371 E83.13652
G1 X33.63 Y207.908 E83.31505
G1 X33.344 Y208.18 E83.33084
G1 X33.344 Y212.371 E83.49848
G1 X33.059 Y212.371 E83.50988
G1 X33.059 Y208.451 E83.66668
G1 X32.773 Y208.723 E83.68247
G1 X32.773 Y212.371 E83.82839
G1 X32.487 Y212.371 E83.83983
G1 X32.487 Y208.994 E83.97491
G1 X32.202 Y209.266 E83.99067
G1 X32.202 Y212.371 E84.11487
G1 X31.916 Y212.371 E84.12631
G1 X31.916 Y209.538 E84.23963
G1 X31.63 Y209.809 E84.25539
G1 X31.63 Y212.371 E84.35787
G1 X31.345 Y212.371 E84.36927
G1 X31.345 Y210.081 E84.46087
G1 X31.059 Y210.352 E84.47663
G1 X31.059 Y212.371 E84.55739
G1 X30.774 Y212.371 E84.56879
G1 X30.774 Y210.624 E84.63867
G1 X30.593 Y210.796 E84.64866
G1 X30.488 Y210.793 E84.65286
G1 X30.488 Y212.371 E84.71598
G1 X30.202 Y212.371 E84.72742
G1 X30.202 Y210.698 E84.79434
G1 X29.917 Y210.398 E84.81089
G1 X29.917 Y212.371 E84.88981
G1 X29.631 Y212.371 E84.90125
G1 X29.631 Y210.097 E84.99221
G1 X29.346 Y209.797 E85.00876
G1 X29.346 Y212.371 E85.11172
G1 X29.06 Y212.371 E85.12316
G1 X29.06 Y209.497 E85.23812
G1 X28.774 Y209.196 E85.25473
G1 X28.774 Y212.371 E85.38173
G1 X28.489 Y212.371 E85.39313
G1 X28.489 Y208.896 E85.53213
G1 X28.203 Y208.595 E85.54874
G1 X28.203 Y212.5 E85.70494
G1 E83.70494 F2400
G92 E0
G1 X28.203 Y208.199 F7800
G1 E2 F2400
G1 F1800
G1 X28.203 Y204.015 E2.16736
G1 X28.489 Y204.015 E2.1788
G1 X28.489 Y207.75 E2.3282
G1 X28.774 Y207.479 E2.34393
G1 X28.774 Y204.015 E2.48249
G1 X29.06 Y204.015 E2.49393
G1 X29.06 Y207.207 E2.62161
G1 X29.346 Y206.935 E2.6374
G1 X29.346 Y204.015 E2.7542
G1 X29.631 Y204.015 E2.7656
G1 X29.631 Y206.664 E2.87156
G1 X29.917 Y206.392 E2.88735
G1 X29.917 Y204.015 E2.98243
G1 X30.202 Y204.015 E2.99383
G1 X30.202 Y206.121 E3.07807
G1 X30.488 Y205.849 E3.09386
G1 X30.488 Y204.015 E3.16722
G1 X30.774 Y204.015 E3.17866
G1 X30.774 Y205.577 E3.24114
G1 X31.059 Y205.306 E3.25687
G1 X31.059 Y201.229 E3.41995
G1 X31.345 Y201.229 E3.43139
G1 X31.345 Y205.034 E3.58359
G1 X31.63 Y204.763 E3.59932
G1 X31.63 Y201.229 E3.74068
G1 X31.916 Y201.229 E3.75212
G1 X31.916 Y204.491 E3.8826
G1 X32.202 Y204.22 E3.89836
G1 X32.202 Y201.229 E4.018
G1 X32.487 Y201.229 E4.0294
G1 X32.487 Y203.948 E4.13816
G1 X32.773 Y203.676 E4.15395
G1 X32.773 Y201.229 E4.25183
G1 X33.059 Y201.229 E4.26327
G1 X33.059 Y203.405 E4.35031
G1 X33.344 Y203.133 E4.36607
G1 X33.344 Y201.229 E4.44223
G1 X33.63 Y201.229 E4.45367
G1 X33.63 Y202.862 E4.51899
G1 X33.915 Y202.59 E4.53475
G1 X33.915 Y198.443 E4.70063
G1 X34.201 Y198.443 E4.71207
G1 X34.201 Y202.319 E4.86711
G1 X34.487 Y202.047 E4.8829
G1 X34.487 Y198.443 E5.02706
G1 X34.772 Y198.443 E5.03846
G1 X34.772 Y201.775 E5.17174
G1 X35.058 Y201.504 E5.1875
G1 X35.058 Y198.443 E5.30994
G1 X35.344 Y198.443 E5.32138
G1 X35.344 Y201.232 E5.43294
G1 X35.629 Y200.961 E5.44867
G1 X35.629 Y198.443 E5.54939
G1 X35.915 Y198.443 E5.56083
G1 X35.915 Y200.689 E5.65067
G1 X36.2 Y200.417 E5.66643
G1 X36.2 Y198.443 E5.74539
G1 X36.461 Y198.443 E5.75583
G1 X36.461 Y195.658 E5.86723
G1 X36.486 Y200.146 E6.04675
G1 X36.772 Y199.874 E6.06254
G1 X36.772 Y195.658 E6.23118
G1 X37.057 Y195.658 E6.24258
G1 X37.057 Y199.603 E6.40038
G1 X37.343 Y199.331 E6.41617
G1 X37.343 Y195.658 E6.56309
G1 X37.628 Y195.658 E6.57449
G1 X37.628 Y199.06 E6.71057
G1 X37.914 Y198.788 E6.72636
G1 X37.914 Y195.658 E6.85156
G1 X38.2 Y195.658 E6.863
G1 X38.2 Y198.516 E6.97732
G1 X38.485 Y198.245 E6.99305
G1 X38.485 Y195.658 E7.09653
G1 X38.771 Y195.658 E7.10797
G1 X38.771 Y197.973 E7.20057
G1 X39.057 Y197.702 E7.21633
G1 X39.057 Y195.658 E7.29809
G1 X39.247 Y195.658 E7.30569
G1 X39.247 Y192.872 E7.41713
G1 X39.342 Y192.872 E7.42093
G1 X39.342 Y197.43 E7.60325
G1 X39.628 Y197.158 E7.61904
G1 X39.628 Y192.872 E7.79048
G1 X39.913 Y192.872 E7.80188
G1 X39.913 Y196.887 E7.96248
G1 X40.199 Y196.615 E7.97827
G1 X40.199 Y192.872 E8.12799
G1 X40.485 Y192.872 E8.13943
G1 X40.485 Y196.344 E8.27831
G1 X40.77 Y196.072 E8.29407
G1 X40.77 Y192.872 E8.42207
G1 X41.056 Y192.872 E8.43351
G1 X41.056 Y195.801 E8.55067
G1 X41.342 Y195.529 E8.56646
G1 X41.342 Y192.872 E8.67274
G1 X41.627 Y192.872 E8.68414
G1 X41.627 Y195.257 E8.77954
G1 X41.913 Y194.986 E8.7953
G1 X41.913 Y192.872 E8.87986
G1 X42.032 Y192.872 E8.88462
G1 X42.032 Y190.087 E8.99602
G1 X42.198 Y190.087 E9.00266
G1 X42.198 Y194.714 E9.18774
G1 X42.484 Y194.443 E9.2035
G1 X42.484 Y190.087 E9.37774
G1 X42.77 Y190.087 E9.38918
G1 X42.77 Y194.171 E9.55254
G1 X43.055 Y193.899 E9.5683
G1 X43.055 Y190.087 E9.72078
G1 X43.341 Y190.087 E9.73222
G1 X43.341 Y193.628 E9.87386
G1 X43.626 Y193.356 E9.88962
G1 X43.626 Y190.087 E10.02038
G1 X43.912 Y190.087 E10.03182
G1 X43.912 Y193.085 E10.15174
G1 X44.198 Y192.813 E10.16753
G1 X44.198 Y190.087 E10.27657
G1 X44.483 Y190.087 E10.28797
G1 X44.483 Y192.542 E10.38617
G1 X44.769 Y192.27 E10.40196
G1 X44.818 Y187.301 E10.60073
G1 X45.055 Y187.301 E10.61021
G1 X45.055 Y191.998 E10.79809
G1 X45.34 Y191.727 E10.81382
G1 X45.34 Y187.301 E10.99086
G1 X45.626 Y187.301 E11.0023
G1 X45.626 Y191.455 E11.16846
G1 X45.911 Y191.184 E11.18419
G1 X45.911 Y187.301 E11.33951
G1 X46.197 Y187.301 E11.35095
G1 X46.197 Y190.912 E11.49539
G1 X46.483 Y190.641 E11.51115
G1 X46.483 Y187.301 E11.64475
G1 X46.768 Y187.301 E11.65615
G1 X46.768 Y190.369 E11.77887
G1 X47.054 Y190.097 E11.79466
G1 X47.054 Y187.301 E11.9065
G1 X47.34 Y187.301 E11.91794
G1 X47.34 Y189.826 E12.01894
G1 X47.625 Y189.554 E12.0347
G1 X47.625 Y184.515 E12.23626
G1 X47.911 Y184.515 E12.2477
G1 X47.911 Y189.283 E12.43842
G1 X48.196 Y189.011 E12.45418
G1 X48.196 Y184.515 E12.63402
G1 X48.482 Y184.515 E12.64546
G1 X48.482 Y188.739 E12.81442
G1 X48.768 Y188.468 E12.83018
G1 X48.768 Y184.515 E12.9883
G1 X49.053 Y184.515 E12.9997
G1 X49.053 Y188.196 E13.14694
G1 X49.339 Y187.925 E13.1627
G1 X49.339 Y184.515 E13.2991
G1 X49.624 Y184.515 E13.3105
G1 X49.624 Y187.653 E13.43602
G1 X49.91 Y187.382 E13.45178
G1 X49.91 Y184.515 E13.56646
G1 X50.196 Y184.515 E13.5779
G1 X50.196 Y187.11 E13.6817
G1 X50.481 Y186.838 E13.69746
G1 X50.481 Y181.73 E13.90178
G1 X50.767 Y181.73 E13.91322
G1 X50.767 Y186.567 E14.1067
G1 X51.053 Y186.295 E14.12249
G1 X51.053 Y181.73 E14.30509
G1 X51.338 Y181.73 E14.31649
G1 X51.338 Y186.024 E14.48825
G1 X51.624 Y185.752 E14.50404
G1 X51.624 Y181.73 E14.66492
G1 X51.909 Y181.73 E14.67632
G1 X51.909 Y185.48 E14.82632
G1 X52.195 Y185.209 E14.84208
G1 X52.195 Y181.73 E14.98124
G1 X52.481 Y181.73 E14.99268
G1 X52.481 Y184.937 E15.12096
G1 X52.766 Y184.666 E15.13669
G1 X52.766 Y181.73 E15.25413
G1 X53.052 Y181.73 E15.26557
G1 X53.052 Y184.394 E15.37213
G1 X53.338 Y184.123 E15.38789
G1 X53.338 Y178.944 E15.59505
G1 X53.623 Y178.944 E15.60645
G1 X53.623 Y183.851 E15.80273
G1 X53.909 Y183.579 E15.81852
G1 X53.909 Y178.944 E16.00392
G1 X54.194 Y178.944 E16.01532
G1 X54.194 Y183.308 E16.18988
G1 X54.48 Y183.036 E16.20567
G1 X54.48 Y178.944 E16.36935
G1 X54.766 Y178.944 E16.38079
G1 X54.766 Y182.765 E16.53363
G1 X55.051 Y182.493 E16.54939
G1 X55.051 Y178.944 E16.69135
G1 X55.337 Y178.944 E16.70279
G1 X55.337 Y182.222 E16.83391
G1 X55.622 Y181.95 E16.84967
G1 X55.622 Y178.944 E16.96991
G1 X55.908 Y178.944 E16.98135
G1 X55.908 Y181.678 E17.09071
G1 X56.194 Y181.407 E17.10647
G1 X56.194 Y176.158 E17.31643
G1 X56.479 Y176.158 E17.32783
G1 X56.479 Y181.135 E17.52691
G1 X56.765 Y180.864 E17.54267
G1 X56.765 Y176.158 E17.73091
G1 X57.051 Y176.158 E17.74235
G1 X57.051 Y180.592 E17.91971
G1 X57.336 Y180.32 E17.93547
G1 X57.336 Y176.158 E18.10195
G1 X57.622 Y176.158 E18.11339
G1 X57.622 Y180.049 E18.26903
G1 X57.907 Y179.777 E18.28479
G1 X57.907 Y176.158 E18.42955
G1 X58.193 Y176.158 E18.44099
G1 X58.193 Y179.506 E18.57491
G1 X58.479 Y179.234 E18.5907
G1 X58.479 Y176.158 E18.71374
G1 X58.764 Y176.158 E18.72514
G1 X58.764 Y178.963 E18.83734
G1 X59.05 Y178.691 E18.85313
G1 X59.05 Y176.158 E18.95445
G1 X59.336 Y176.158 E18.96589
G1 X59.336 Y178.419 E19.05633
G1 X59.621 Y178.148 E19.07206
G1 X59.621 Y176.158 E19.15166
G1 X59.907 Y176.158 E19.1631
G1 X59.907 Y177.876 E19.23182
G1 X60.192 Y177.605 E19.24755
G1 X60.192 Y176.158 E19.30543
G1 X60.478 Y176.158 E19.31687
G1 X60.478 Y177.333 E19.36387
G1 X60.764 Y177.061 E19.37966
G1 X60.764 Y176.158 E19.41578
G1 X61.049 Y176.158 E19.42718
G1 X61.049 Y176.79 E19.45246
G1 X61.335 Y176.518 E19.46825
G1 X61.335 Y176.158 E19.48265
G1 X61.532 Y176.158 E19.49053
G1 X61.532 Y173.373 E19.60193
G1 X61.62 Y173.373 E19.60545
G1 X61.62 Y176.247 E19.72041
G1 X61.906 Y175.975 E19.7362
G1 X61.906 Y173.373 E19.84028
G1 X62.192 Y173.373 E19.85172
G1 X62.192 Y175.704 E19.94496
G1 X62.477 Y175.432 E19.96072
G1 X62.477 Y173.373 E20.04308
G1 X62.763 Y173.373 E20.05452
G1 X62.763 Y175.16 E20.126
G1 X63.049 Y174.889 E20.14176
G1 X63.049 Y173.373 E20.2024
G1 X63.334 Y173.373 E20.2138
G1 X63.334 Y174.617 E20.26356
G1 X63.62 Y174.346 E20.27932
G1 X63.62 Y173.373 E20.31824
G1 X63.905 Y173.373 E20.32964
G1 X63.905 Y174.074 E20.35768
G1 X64.191 Y173.803 E20.37344
G1 X64.191 Y173.373 E20.39064
G1 X64.317 Y173.373 E20.39568
G1 X64.317 Y170.587 E20.50712
G1 X64.477 Y170.587 E20.51352
G1 X64.477 Y173.531 E20.63128
G1 X64.762 Y173.259 E20.64704
G1 X64.762 Y170.587 E20.75392
G1 X65.048 Y170.587 E20.76536
G1 X65.048 Y172.988 E20.8614
G1 X65.334 Y172.716 E20.87719
G1 X65.334 Y170.587 E20.96235
G1 X65.619 Y170.587 E20.97375
G1 X65.619 Y172.445 E21.04807
G1 X65.905 Y172.173 E21.06386
G1 X65.905 Y170.587 E21.1273
G1 X66.19 Y170.587 E21.1387
G1 X66.19 Y171.901 E21.19126
G1 X66.476 Y171.63 E21.20702
G1 X66.476 Y170.587 E21.24874
G1 X66.762 Y170.587 E21.26018
G1 X66.762 Y171.358 E21.29102
G1 X67.047 Y171.087 E21.30675
G1 X67.103 Y167.802 E21.43817
G1 X67.333 Y167.802 E21.44737
G1 X67.333 Y170.815 E21.56789
G1 X67.618 Y170.544 E21.58362
G1 X67.618 Y167.802 E21.6933
G1 X67.904 Y167.802 E21.70474
G1 X67.904 Y170.272 E21.80354
G1 X68.19 Y170 E21.81933
G1 X68.19 Y167.802 E21.90725
G1 X68.475 Y167.802 E21.91865
G1 X68.475 Y169.729 E21.99573
G1 X68.761 Y169.457 E22.01152
G1 X68.761 Y167.802 E22.07772
G1 X69.047 Y167.802 E22.08916
G1 X69.047 Y169.186 E22.14452
G1 X69.332 Y168.914 E22.16028
G1 X69.332 Y167.802 E22.20476
G1 X69.618 Y167.802 E22.2162
G1 X69.618 Y168.642 E22.2498
G1 X69.903 Y168.371 E22.26553
G1 X69.903 Y165.016 E22.39973
G1 X70.189 Y165.016 E22.41117
G1 X70.189 Y168.099 E22.53449
G1 X70.475 Y167.828 E22.55025
G1 X70.475 Y165.016 E22.66273
G1 X70.76 Y165.016 E22.67413
G1 X70.76 Y167.556 E22.77573
G1 X71.046 Y167.285 E22.79149
G1 X71.046 Y165.016 E22.88225
G1 X71.332 Y165.016 E22.89369
G1 X71.332 Y167.013 E22.97357
G1 X71.617 Y166.741 E22.98933
G1 X71.617 Y165.016 E23.05833
G1 X71.903 Y165.016 E23.06977
G1 X71.903 Y166.47 E23.12793
G1 X72.188 Y166.198 E23.14369
G1 X72.188 Y165.016 E23.19097
G1 X72.474 Y165.016 E23.20241
G1 X72.474 Y165.927 E23.23885
G1 X72.76 Y165.655 E23.25464
G1 X72.76 Y162.23 E23.39164
G1 X73.045 Y162.23 E23.40304
G1 X73.045 Y165.384 E23.5292
G1 X73.331 Y165.112 E23.54499
G1 X73.331 Y162.23 E23.66027
G1 X73.616 Y162.23 E23.67167
G1 X73.616 Y164.84 E23.77607
G1 X73.902 Y164.569 E23.79183
G1 X73.902 Y162.23 E23.88539
G1 X74.188 Y162.23 E23.89683
G1 X74.188 Y164.297 E23.97951
G1 X74.473 Y164.026 E23.99524
G1 X74.473 Y162.23 E24.06708
G1 X74.759 Y162.23 E24.07852
G1 X74.759 Y163.754 E24.13948
G1 X75.045 Y163.482 E24.15527
G1 X75.045 Y162.23 E24.20535
G1 X75.33 Y162.23 E24.21675
G1 X75.33 Y163.211 E24.25599
G1 X75.616 Y162.939 E24.27178
G1 X75.616 Y159.445 E24.41154
G1 X75.901 Y159.445 E24.42294
G1 X75.901 Y162.668 E24.55186
G1 X76.187 Y162.396 E24.56765
G1 X76.187 Y159.445 E24.68569
G1 X76.473 Y159.445 E24.69713
G1 X76.473 Y162.125 E24.80433
G1 X76.758 Y161.853 E24.82009
G1 X76.758 Y159.445 E24.91641
G1 X77.044 Y159.445 E24.92785
G1 X77.044 Y161.581 E25.01329
G1 X77.33 Y161.31 E25.02905
G1 X77.33 Y159.445 E25.10365
G1 X77.615 Y159.445 E25.11505
G1 X77.615 Y161.038 E25.17877
G1 X77.901 Y160.767 E25.19453
G1 X77.901 Y159.445 E25.24741
G1 X78.186 Y159.445 E25.25881
G1 X78.186 Y160.495 E25.30081
G1 X78.472 Y160.223 E25.3166
G1 X78.472 Y156.659 E25.45916
G1 X78.758 Y156.659 E25.4706
G1 X78.758 Y159.952 E25.60232
G1 X79.043 Y159.68 E25.61808
G1 X79.043 Y156.659 E25.73892
G1 X79.329 Y156.659 E25.75036
G1 X79.329 Y159.409 E25.86036
G1 X79.614 Y159.137 E25.87612
G1 X79.614 Y156.659 E25.97524
G1 X79.9 Y156.659 E25.98668
G1 X79.9 Y158.866 E26.07496
G1 X80.186 Y158.594 E26.09075
G1 X80.186 Y156.659 E26.16815
G1 X80.471 Y156.659 E26.17955
G1 X80.471 Y158.322 E26.24607
G1 X80.757 Y158.051 E26.26183
G1 X80.757 Y156.659 E26.31751
G1 X81.031 Y156.659 E26.32847
G1 X81.031 Y153.873 E26.43991
G1 X81.043 Y157.779 E26.59615
G1 X81.328 Y157.508 E26.61188
G1 X81.328 Y153.873 E26.75728
G1 X81.614 Y153.873 E26.76872
G1 X81.614 Y157.236 E26.90324
G1 X81.899 Y156.965 E26.91897
G1 X81.899 Y153.873 E27.04265
G1 X82.185 Y153.873 E27.05409
G1 X82.185 Y156.693 E27.16689
G1 X82.471 Y156.421 E27.18268
G1 X82.471 Y153.873 E27.2846
G1 X82.756 Y153.873 E27.296
G1 X82.756 Y156.15 E27.38708
G1 X83.042 Y155.878 E27.40287
G1 X83.042 Y153.873 E27.48307
G1 X83.328 Y153.873 E27.49451
G1 X83.328 Y155.607 E27.56387
G1 X83.613 Y155.335 E27.57963
G1 X83.613 Y153.873 E27.63811
G1 X83.817 Y153.873 E27.64627
G1 X83.817 Y151.088 E27.75767
G1 X83.899 Y151.088 E27.76095
G1 X83.899 Y155.063 E27.91995
G1 X84.184 Y154.792 E27.93568
G1 X84.184 Y151.088 E28.08384
G1 X84.47 Y151.088 E28.09528
G1 X84.47 Y154.52 E28.23256
G1 X84.756 Y154.249 E28.24832
G1 X84.756 Y151.088 E28.37476
G1 X85.041 Y151.088 E28.38616
G1 X85.041 Y153.977 E28.50172
G1 X85.327 Y153.706 E28.51748
G1 X85.327 Y151.088 E28.6222
G1 X85.612 Y151.088 E28.6336
G1 X85.612 Y153.434 E28.72744
G1 X85.898 Y153.162 E28.74323
G1 X85.898 Y151.088 E28.82619
G1 X86.184 Y151.088 E28.83763
G1 X86.184 Y152.891 E28.90975
G1 X86.469 Y152.619 E28.92551
G1 X86.469 Y151.088 E28.98675
G1 X86.602 Y151.088 E28.99207
G1 X86.602 Y148.302 E29.10351
G1 X86.755 Y148.302 E29.10963
G1 X86.755 Y152.348 E29.27147
G1 X87.041 Y152.076 E29.28726
G1 X87.041 Y148.302 E29.43822
G1 X87.326 Y148.302 E29.44962
G1 X87.326 Y151.804 E29.5897
G1 X87.612 Y151.533 E29.60546
G1 X87.612 Y148.302 E29.7347
G1 X87.897 Y148.302 E29.7461
G1 X87.897 Y151.261 E29.86446
G1 X88.183 Y150.99 E29.88022
G1 X88.183 Y148.302 E29.98774
G1 X88.469 Y148.302 E29.99918
G1 X88.469 Y150.718 E30.09582
G1 X88.754 Y150.447 E30.11155
G1 X88.754 Y148.302 E30.19735
G1 X89.04 Y148.302 E30.20879
G1 X89.04 Y150.175 E30.28371
G1 X89.326 Y149.903 E30.2995
G1 X89.388 Y145.517 E30.47496
G1 X89.611 Y145.517 E30.48388
G1 X89.611 Y149.632 E30.64848
G1 X89.897 Y149.36 E30.66427
G1 X89.897 Y145.517 E30.81799
G1 X90.182 Y145.517 E30.82939
G1 X90.182 Y149.089 E30.97227
G1 X90.468 Y148.817 E30.98806
G1 X90.468 Y145.517 E31.12006
G1 X90.754 Y145.517 E31.1315
G1 X90.754 Y148.546 E31.25266
G1 X91.039 Y148.274 E31.26842
G1 X91.039 Y145.517 E31.3787
G1 X91.325 Y145.517 E31.39014
G1 X91.325 Y148.002 E31.48954
G1 X91.61 Y147.731 E31.50527
G1 X91.61 Y145.517 E31.59383
G1 X91.896 Y145.517 E31.60527
G1 X91.896 Y147.459 E31.68295
G1 X92.182 Y147.188 E31.69871
G1 X92.182 Y142.731 E31.87699
G1 X92.467 Y142.731 E31.88839
G1 X92.467 Y146.916 E32.05579
G1 X92.753 Y146.644 E32.07158
G1 X92.753 Y142.731 E32.2281
G1 X93.039 Y142.731 E32.23954
G1 X93.039 Y146.373 E32.38522
G1 X93.324 Y146.101 E32.40098
G1 X93.324 Y142.731 E32.53578
G1 X93.61 Y142.731 E32.54722
G1 X93.61 Y145.83 E32.67118
G1 X93.895 Y145.558 E32.68694
G1 X93.895 Y142.731 E32.80002
G1 X94.181 Y142.731 E32.81146
G1 X94.181 Y145.287 E32.9137
G1 X94.467 Y145.015 E32.92949
G1 X94.467 Y142.731 E33.02085
G1 X94.752 Y142.731 E33.03225
G1 X94.752 Y144.743 E33.11273
G1 X95.038 Y144.472 E33.12849
G1 X95.038 Y139.945 E33.30957
G1 X95.324 Y139.945 E33.32101
G1 X95.324 Y144.2 E33.49121
G1 X95.609 Y143.929 E33.50694
G1 X95.609 Y139.945 E33.6663
G1 X95.895 Y139.945 E33.67774
G1 X95.895 Y143.657 E33.82622
G1 X96.18 Y143.385 E33.84198
G1 X96.18 Y139.945 E33.97958
G1 X96.466 Y139.945 E33.99102
G1 X96.466 Y143.114 E34.11778
G1 X96.752 Y142.842 E34.13357
G1 X96.752 Y139.945 E34.24945
G1 X97.037 Y139.945 E34.26085
G1 X97.037 Y142.571 E34.36589
G1 X97.323 Y142.299 E34.38168
G1 X97.323 Y139.945 E34.47584
G1 X97.608 Y139.945 E34.48724
G1 X97.608 Y142.028 E34.57056
G1 X97.894 Y141.756 E34.58635
G1 X97.894 Y137.16 E34.77019
G1 X98.18 Y137.16 E34.78163
G1 X98.18 Y141.484 E34.95459
G1 X98.465 Y141.213 E34.97032
G1 X98.465 Y137.16 E35.13244
G1 X98.751 Y137.16 E35.14388
G1 X98.751 Y140.941 E35.29512
G1 X99.037 Y140.67 E35.31088
G1 X99.037 Y137.16 E35.45128
G1 X99.322 Y137.16 E35.46268
G1 X99.322 Y140.398 E35.5922
G1 X99.608 Y140.127 E35.60796
G1 X99.608 Y137.16 E35.72664
G1 X99.893 Y137.16 E35.73804
G1 X99.893 Y139.855 E35.84584
G1 X100.179 Y139.583 E35.86163
G1 X100.179 Y137.16 E35.95855
G1 X100.465 Y137.16 E35.96999
G1 X100.465 Y139.312 E36.05607
G1 X100.75 Y139.04 E36.07183
G1 X100.75 Y134.374 E36.25847
G1 X101.036 Y134.374 E36.26991
G1 X101.036 Y138.769 E36.44571
G1 X101.322 Y138.497 E36.4615
G1 X101.322 Y134.374 E36.62642
G1 X101.607 Y134.374 E36.63782
G1 X101.607 Y138.225 E36.79186
G1 X101.893 Y137.954 E36.80762
G1 X101.893 Y134.374 E36.95082
G1 X102.178 Y134.374 E36.96222
G1 X102.178 Y137.682 E37.09454
G1 X102.464 Y137.411 E37.1103
G1 X102.464 Y134.374 E37.23178
G1 X102.75 Y134.374 E37.24322
G1 X102.75 Y137.139 E37.35382
G1 X103.035 Y136.868 E37.36955
G1 X103.035 Y134.374 E37.46931
G1 X103.316 Y134.374 E37.48055
G1 X103.316 Y131.588 E37.59199
G1 X103.321 Y136.596 E37.79231
G1 X103.606 Y136.324 E37.80807
G1 X103.606 Y131.588 E37.99751
G1 X103.892 Y131.588 E38.00895
G1 X103.892 Y136.053 E38.18755
G1 X104.178 Y135.781 E38.20334
G1 X104.178 Y131.588 E38.37106
G1 X104.463 Y131.588 E38.38246
G1 X104.463 Y135.51 E38.53934
G1 X104.749 Y135.238 E38.55513
G1 X104.749 Y131.588 E38.70113
G1 X105.035 Y131.588 E38.71257
G1 X105.035 Y134.966 E38.84769
G1 X105.32 Y134.695 E38.86342
G1 X105.32 Y131.588 E38.9877
G1 X105.606 Y131.588 E38.99914
G1 X105.606 Y134.423 E39.11254
G1 X105.891 Y134.152 E39.12827
G1 X105.891 Y131.588 E39.23083
G1 X106.102 Y131.588 E39.23927
G1 X106.102 Y128.803 E39.35067
G1 X106.177 Y128.803 E39.35367
G1 X106.177 Y133.88 E39.55675
G1 X106.463 Y133.609 E39.57251
G1 X106.463 Y128.803 E39.76475
G1 X106.748 Y128.803 E39.77615
G1 X106.748 Y133.337 E39.95751
G1 X107.034 Y133.065 E39.9733
G1 X107.034 Y128.803 E40.14378
G1 X107.32 Y128.803 E40.15522
G1 X107.32 Y132.794 E40.31486
G1 X107.605 Y132.522 E40.33062
G1 X107.605 Y128.803 E40.47938
G1 X107.891 Y128.803 E40.49082
G1 X107.891 Y132.251 E40.62874
G1 X108.176 Y131.979 E40.6445
G1 X108.176 Y128.803 E40.77154
G1 X108.462 Y128.803 E40.78298
G1 X108.462 Y131.708 E40.89918
G1 X108.748 Y131.436 E40.91497
G1 X108.748 Y128.803 E41.02029
G1 X108.887 Y128.803 E41.02585
G1 X108.887 Y126.017 E41.13729
G1 X109.033 Y126.017 E41.14313
G1 X109.033 Y131.164 E41.34901
G1 X109.319 Y130.893 E41.36477
G1 X109.319 Y126.017 E41.55981
G1 X109.604 Y126.017 E41.57121
G1 X109.604 Y130.621 E41.75537
G1 X109.89 Y130.35 E41.77113
G1 X109.89 Y126.017 E41.94445
G1 X110.176 Y126.017 E41.95589
G1 X110.176 Y130.078 E42.11833
G1 X110.461 Y129.806 E42.13409
G1 X110.461 Y126.017 E42.28565
G1 X110.747 Y126.017 E42.29709
G1 X110.747 Y129.535 E42.43781
G1 X111.033 Y129.263 E42.4536
G1 X111.033 Y126.017 E42.58344
G1 X111.318 Y126.017 E42.59484
G1 X111.318 Y128.992 E42.71384
G1 X111.604 Y128.72 E42.72963
G1 X111.673 Y123.232 E42.94917
G1 X111.889 Y123.232 E42.95781
G1 X111.889 Y128.449 E43.16649
G1 X112.175 Y128.177 E43.18228
G1 X112.175 Y123.232 E43.38008
G1 X112.461 Y123.232 E43.39152
G1 X112.461 Y127.905 E43.57844
G1 X112.746 Y127.634 E43.59417
G1 X112.746 Y123.232 E43.77025
G1 X113.032 Y123.232 E43.78169
G1 X113.032 Y127.362 E43.94689
G1 X113.318 Y127.091 E43.96265
G1 X113.318 Y123.232 E44.11701
G1 X113.603 Y123.232 E44.12841
G1 X113.603 Y126.819 E44.27189
G1 X113.889 Y126.547 E44.28768
G1 X113.889 Y123.232 E44.42028
G1 X114.174 Y123.232 E44.43168
G1 X114.174 Y126.276 E44.55344
G1 X114.46 Y126.004 E44.56923
G1 X114.46 Y123.232 E44.68011
G1 X114.746 Y123.232 E44.69155
G1 X114.746 Y125.733 E44.79159
G1 X115.031 Y125.461 E44.80735
G1 X115.031 Y123.232 E44.89651
G1 X115.317 Y123.232 E44.90795
G1 X115.317 Y125.19 E44.98627
G1 X115.602 Y124.918 E45.00203
G1 X115.602 Y123.232 E45.06947
G1 X115.888 Y123.232 E45.08091
G1 X115.888 Y124.646 E45.13747
G1 X116.174 Y124.375 E45.15323
G1 X116.174 Y123.232 E45.19895
G1 X116.459 Y123.232 E45.21035
G1 X116.459 Y124.103 E45.24519
G1 X116.745 Y123.832 E45.26095
G1 X116.745 Y123.232 E45.28495
G1 X117.031 Y123.232 E45.29639
G1 X117.031 Y123.56 E45.30951
G1 X117.316 Y123.289 E45.32524
G1 X117.316 Y120.446 E45.43896
G1 X117.602 Y120.446 E45.4504
G1 X117.602 Y123.017 E45.55324
G1 X117.887 Y122.745 E45.569
G1 X117.887 Y120.446 E45.66096
G1 X118.173 Y120.446 E45.6724
G1 X118.173 Y122.474 E45.75352
G1 X118.459 Y122.202 E45.76931
G1 X118.459 Y120.446 E45.83955
G1 X118.744 Y120.446 E45.85095
G1 X118.744 Y121.931 E45.91035
G1 X119.03 Y121.659 E45.92614
G1 X119.03 Y120.446 E45.97466
G1 X119.316 Y120.446 E45.9861
G1 X119.316 Y121.387 E46.02374
G1 X119.601 Y121.116 E46.03947
G1 X119.601 Y120.446 E46.06627
G1 X119.887 Y120.446 E46.07771
G1 X119.887 Y120.844 E46.09363
G1 X120.172 Y120.573 E46.10936
G1 X120.172 Y117.66 E46.22588
G1 X120.458 Y117.66 E46.23732
G1 X120.458 Y120.301 E46.34296
G1 X120.744 Y120.03 E46.35872
G1 X120.744 Y117.66 E46.45352
G1 X121.029 Y117.66 E46.46492
G1 X121.029 Y119.758 E46.54884
G1 X121.315 Y119.486 E46.56463
G1 X121.315 Y117.66 E46.63767
G1 X121.6 Y117.66 E46.64907
G1 X121.6 Y119.215 E46.71127
G1 X121.886 Y118.943 E46.72706
G1 X121.886 Y117.66 E46.77838
G1 X122.172 Y117.66 E46.78982
G1 X122.172 Y118.672 E46.8303
G1 X122.457 Y118.4 E46.84606
G1 X122.457 Y117.66 E46.87566
G1 X122.743 Y117.66 E46.8871
G1 X122.743 Y118.128 E46.90582
G1 X123.029 Y117.857 E46.92158
G1 X123.029 Y114.875 E47.04086
G1 X123.314 Y114.875 E47.05226
G1 X123.314 Y117.585 E47.16066
G1 X123.6 Y117.314 E47.17642
G1 X123.6 Y114.875 E47.27398
G1 X123.885 Y114.875 E47.28538
G1 X123.885 Y117.042 E47.37206
G1 X124.171 Y116.771 E47.38782
G1 X124.171 Y114.875 E47.46366
G1 X124.457 Y114.875 E47.4751
G1 X124.457 Y116.499 E47.54006
G1 X124.742 Y116.227 E47.55582
G1 X124.742 Y114.875 E47.6099
G1 X125.028 Y114.875 E47.62134
G1 X125.028 Y115.956 E47.66458
G1 X125.314 Y115.684 E47.68037
G1 X125.314 Y114.875 E47.71273
G1 X125.599 Y114.875 E47.72413
G1 X125.599 Y115.413 E47.74565
G1 X125.885 Y115.141 E47.76144
G1 X125.885 Y112.089 E47.88352
G1 X126.17 Y112.089 E47.89492
G1 X126.17 Y114.87 E48.00616
G1 X126.456 Y114.598 E48.02195
G1 X126.456 Y112.089 E48.12231
G1 X126.742 Y112.089 E48.13375
G1 X126.742 Y114.326 E48.22323
G1 X127.027 Y114.055 E48.23896
G1 X127.027 Y112.089 E48.3176
G1 X127.313 Y112.089 E48.32904
G1 X127.313 Y113.783 E48.3968
G1 X127.598 Y113.512 E48.41253
G1 X127.598 Y112.089 E48.46945
G1 X127.884 Y112.089 E48.48089
G1 X127.884 Y113.24 E48.52693
G1 X128.17 Y112.968 E48.54272
G1 X128.17 Y112.089 E48.57788
G1 X128.386 Y112.089 E48.58652
G1 X128.386 Y109.304 E48.69792
G1 X128.455 Y109.304 E48.70068
G1 X128.455 Y112.697 E48.8364
G1 X128.741 Y112.425 E48.85219
G1 X128.741 Y109.304 E48.97703
G1 X129.027 Y109.304 E48.98847
G1 X129.027 Y112.154 E49.10247
G1 X129.312 Y111.882 E49.11823
G1 X129.312 Y109.304 E49.22135
G1 X129.598 Y109.304 E49.23279
G1 X129.598 Y111.611 E49.32507
G1 X129.883 Y111.339 E49.34083
G1 X129.883 Y109.304 E49.42223
G1 X130.169 Y109.304 E49.43367
G1 X130.169 Y111.067 E49.50419
G1 X130.455 Y110.796 E49.51995
G1 X130.455 Y109.304 E49.57963
G1 X130.74 Y109.304 E49.59103
G1 X130.74 Y110.524 E49.63983
G1 X131.026 Y110.253 E49.65559
G1 X131.026 Y109.304 E49.69355
G1 X131.172 Y109.304 E49.69939
G1 X131.172 Y106.518 E49.81083
G1 X131.312 Y106.518 E49.81643
G1 X131.312 Y109.981 E49.95495
G1 X131.597 Y109.709 E49.97071
G1 X131.597 Y106.518 E50.09835
G1 X131.883 Y106.518 E50.10979
G1 X131.883 Y109.438 E50.22659
G1 X132.168 Y109.166 E50.24235
G1 X132.168 Y106.518 E50.34827
G1 X132.454 Y106.518 E50.35971
G1 X132.454 Y108.895 E50.45479
G1 X132.74 Y108.623 E50.47058
G1 X132.74 Y106.518 E50.55478
G1 X133.025 Y106.518 E50.56618
G1 X133.025 Y108.352 E50.63954
G1 X133.311 Y108.08 E50.65533
G1 X133.311 Y106.518 E50.71781
G1 X133.596 Y106.518 E50.72921
G1 X133.596 Y107.808 E50.78081
G1 X133.882 Y107.537 E50.79657
G1 X133.882 Y106.518 E50.83733
G1 X133.958 Y106.518 E50.84037
G1 X133.958 Y103.732 E50.95181
G1 X134.168 Y103.732 E50.96021
G1 X134.168 Y107.265 E51.10153
G1 X134.453 Y106.994 E51.11726
G1 X134.453 Y103.732 E51.24774
G1 X134.739 Y103.732 E51.25918
G1 X134.739 Y106.722 E51.37878
G1 X135.025 Y106.451 E51.39454
G1 X135.025 Y103.732 E51.5033
G1 X135.31 Y103.732 E51.5147
G1 X135.31 Y106.179 E51.61258
G1 X135.596 Y105.907 E51.62837
G1 X135.596 Y103.732 E51.71537
G1 X135.881 Y103.732 E51.72677
G1 X135.881 Y105.636 E51.80293
G1 X136.167 Y105.364 E51.81872
G1 X136.167 Y103.732 E51.884
G1 X136.453 Y103.732 E51.89544
G1 X136.453 Y105.093 E51.94988
G1 X136.738 Y104.821 E51.96564
G1 X136.743 Y100.947 E52.1206
G1 X137.024 Y100.947 E52.13184
G1 X137.024 Y104.549 E52.27592
G1 X137.31 Y104.278 E52.29168
G1 X137.31 Y100.947 E52.42492
G1 X137.595 Y100.947 E52.43632
G1 X137.595 Y104.006 E52.55868
G1 X137.881 Y103.735 E52.57444
G1 X137.881 Y100.947 E52.68596
G1 X138.166 Y100.947 E52.69736
G1 X138.166 Y103.463 E52.798
G1 X138.452 Y103.192 E52.81376
G1 X138.452 Y100.947 E52.90356
G1 X138.738 Y100.947 E52.915
G1 X138.738 Y102.92 E52.99392
G1 X139.023 Y102.648 E53.00968
G1 X139.023 Y100.947 E53.07772
G1 X139.309 Y100.947 E53.08916
G1 X139.309 Y102.377 E53.14636
G1 X139.594 Y102.105 E53.16212
G1 X139.594 Y98.161 E53.31988
G1 X139.88 Y98.161 E53.33132
G1 X139.88 Y101.834 E53.47824
G1 X140.166 Y101.562 E53.49403
G1 X140.166 Y98.161 E53.63007
G1 X140.451 Y98.161 E53.64147
G1 X140.451 Y101.29 E53.76663
G1 X140.737 Y101.019 E53.78239
G1 X140.737 Y98.161 E53.89671
G1 X141.023 Y98.161 E53.90815
G1 X141.023 Y100.747 E54.01159
G1 X141.308 Y100.476 E54.02732
G1 X141.308 Y98.161 E54.11992
G1 X141.594 Y98.161 E54.13136
G1 X141.594 Y100.204 E54.21308
G1 X141.879 Y99.933 E54.22881
G1 X141.879 Y98.161 E54.29969
G1 X142.165 Y98.161 E54.31113
G1 X142.165 Y99.661 E54.37113
G1 X142.451 Y99.389 E54.38692
G1 X142.451 Y95.375 E54.54748
G1 X142.736 Y95.375 E54.55888
G1 X142.736 Y99.118 E54.7086
G1 X143.022 Y98.846 E54.72439
G1 X143.022 Y95.375 E54.86323
G1 X143.308 Y95.375 E54.87467
G1 X143.308 Y98.575 E55.00267
G1 X143.593 Y98.303 E55.01843
G1 X143.593 Y95.375 E55.13555
G1 X143.879 Y95.375 E55.14699
G1 X143.879 Y98.032 E55.25327
G1 X144.164 Y97.76 E55.26903
G1 X144.164 Y95.375 E55.36443
G1 X144.45 Y95.375 E55.37587
G1 X144.45 Y97.488 E55.46039
G1 X144.736 Y97.217 E55.47615
G1 X144.736 Y95.375 E55.54983
G1 X145.021 Y95.375 E55.56123
G1 X145.021 Y96.945 E55.62403
G1 X145.307 Y96.674 E55.63979
G1 X145.307 Y92.59 E55.80315
G1 X145.592 Y92.59 E55.81455
G1 X145.592 Y96.402 E55.96703
G1 X145.878 Y96.13 E55.98282
G1 X145.878 Y92.59 E56.12442
G1 X146.164 Y92.59 E56.13586
G1 X146.164 Y95.859 E56.26662
G1 X146.449 Y95.587 E56.28238
G1 X146.449 Y92.59 E56.40226
G1 X146.735 Y92.59 E56.4137
G1 X146.735 Y95.316 E56.52274
G1 X147.021 Y95.044 E56.53853
G1 X147.021 Y92.59 E56.63669
G1 X147.306 Y92.59 E56.64809
G1 X147.306 Y94.773 E56.73541
G1 X147.592 Y94.501 E56.7512
G1 X147.592 Y92.59 E56.82764
G1 X147.877 Y92.59 E56.83904
G1 X147.877 Y94.229 E56.9046
G1 X148.163 Y93.958 E56.92036
G1 X148.163 Y89.804 E57.08652
G1 X148.449 Y89.804 E57.09796
G1 X148.449 Y93.686 E57.25324
G1 X148.734 Y93.415 E57.26897
G1 X148.734 Y89.804 E57.41341
G1 X149.02 Y89.804 E57.42485
G1 X149.02 Y93.143 E57.55841
G1 X149.306 Y92.871 E57.5742
G1 X149.306 Y89.804 E57.69688
G1 X149.591 Y89.804 E57.70828
G1 X149.591 Y92.6 E57.82012
G1 X149.877 Y92.328 E57.83591
G1 X149.877 Y89.804 E57.93687
G1 X150.162 Y89.804 E57.94827
G1 X150.162 Y92.057 E58.03839
G1 X150.448 Y91.785 E58.05418
G1 X150.448 Y89.804 E58.13342
G1 X150.671 Y89.804 E58.14234
G1 X150.671 Y87.019 E58.25374
G1 X150.734 Y87.019 E58.25626
G1 X150.734 Y91.514 E58.43606
G1 X151.019 Y91.242 E58.45182
G1 X151.019 Y87.019 E58.62074
G1 X151.305 Y87.019 E58.63218
G1 X151.305 Y90.97 E58.79022
G1 X151.59 Y90.699 E58.80595
G1 X151.59 Y87.019 E58.95315
G1 X151.876 Y87.019 E58.96459
G1 X151.876 Y90.427 E59.10091
G1 X152.162 Y90.156 E59.11667
G1 X152.162 Y87.019 E59.24215
G1 X152.447 Y87.019 E59.25355
G1 X152.447 Y89.884 E59.36815
G1 X152.733 Y89.613 E59.38391
G1 X152.733 Y87.019 E59.48767
G1 X153.019 Y87.019 E59.49911
G1 X153.019 Y89.341 E59.59199
G1 X153.304 Y89.069 E59.60775
G1 X153.304 Y87.019 E59.68975
G1 X153.457 Y87.019 E59.69587
G1 X153.457 Y84.233 E59.80731
G1 X153.59 Y84.233 E59.81263
G1 X153.59 Y88.798 E59.99523
G1 X153.875 Y88.526 E60.01099
G1 X153.875 Y84.233 E60.18271
G1 X154.161 Y84.233 E60.19415
G1 X154.161 Y88.255 E60.35503
G1 X154.447 Y87.983 E60.37082
G1 X154.447 Y84.233 E60.52082
G1 X154.732 Y84.233 E60.53222
G1 X154.732 Y87.711 E60.67134
G1 X155.018 Y87.44 E60.6871
G1 X155.018 Y84.233 E60.81538
G1 X155.304 Y84.233 E60.82682
G1 X155.304 Y87.168 E60.94422
G1 X155.589 Y86.897 E60.95995
G1 X155.589 Y84.233 E61.06651
G1 X155.875 Y84.233 E61.07795
G1 X155.875 Y86.625 E61.17363
G1 X156.16 Y86.354 E61.18936
G1 X156.243 Y81.447 E61.38567
G1 X156.446 Y81.447 E61.39379
G1 X156.446 Y86.082 E61.57919
G1 X156.732 Y85.81 E61.59498
G1 X156.732 Y81.447 E61.7695
G1 X157.017 Y81.447 E61.7809
G1 X157.017 Y85.539 E61.94458
G1 X157.303 Y85.267 E61.96037
G1 X157.303 Y81.447 E62.11317
G1 X157.588 Y81.447 E62.12457
G1 X157.588 Y84.996 E62.26653
G1 X157.874 Y84.724 E62.28232
G1 X157.874 Y81.447 E62.4134
G1 X158.16 Y81.447 E62.42484
G1 X158.16 Y84.452 E62.54504
G1 X158.445 Y84.181 E62.56077
G1 X158.445 Y81.447 E62.67013
G1 X158.731 Y81.447 E62.68157
G1 X158.731 Y83.909 E62.78005
G1 X159.017 Y83.638 E62.79581
G1 X159.028 Y78.662 E62.99485
G1 X159.302 Y78.662 E63.00581
G1 X159.302 Y83.366 E63.19397
G1 X159.588 Y83.095 E63.20973
G1 X159.588 Y78.662 E63.38705
G1 X159.873 Y78.662 E63.39845
G1 X159.873 Y82.823 E63.56489
G1 X160.159 Y82.551 E63.58068
G1 X160.159 Y78.662 E63.73624
G1 X160.445 Y78.662 E63.74768
G1 X160.445 Y82.28 E63.8924
G1 X160.73 Y82.008 E63.90816
G1 X160.73 Y78.662 E64.042
G1 X161.016 Y78.662 E64.05344
G1 X161.016 Y81.737 E64.17644
G1 X161.302 Y81.465 E64.19223
G1 X161.302 Y78.662 E64.30435
G1 X161.587 Y78.662 E64.31575
G1 X161.587 Y81.194 E64.41703
G1 X161.873 Y80.922 E64.43282
G1 X161.873 Y75.876 E64.63466
G1 X162.158 Y75.876 E64.64606
G1 X162.158 Y80.65 E64.83702
G1 X162.444 Y80.379 E64.85278
G1 X162.444 Y75.876 E65.0329
G1 X162.73 Y75.876 E65.04434
G1 X162.73 Y80.107 E65.21358
G1 X163.015 Y79.836 E65.22931
G1 X163.015 Y75.876 E65.38771
G1 X163.301 Y75.876 E65.39915
G1 X163.301 Y79.564 E65.54667
G1 X163.586 Y79.292 E65.56243
G1 X163.586 Y75.876 E65.69907
G1 X163.872 Y75.876 E65.71051
G1 X163.872 Y79.021 E65.83631
G1 X164.158 Y78.749 E65.8521
G1 X164.158 Y75.876 E65.96702
G1 X164.443 Y75.876 E65.97842
G1 X164.443 Y78.478 E66.0825
G1 X164.729 Y78.206 E66.09829
G1 X164.729 Y73.09 E66.30293
G1 X165.015 Y73.09 E66.31437
G1 X165.015 Y77.935 E66.50817
G1 X165.3 Y77.663 E66.52393
G1 X165.3 Y73.09 E66.70685
G1 X165.586 Y73.09 E66.71829
G1 X165.586 Y77.391 E66.89033
G1 X165.871 Y77.12 E66.90606
G1 X165.871 Y73.09 E67.06726
G1 X166.157 Y73.09 E67.0787
G1 X166.157 Y76.848 E67.22902
G1 X166.443 Y76.577 E67.24478
G1 X166.443 Y73.09 E67.38426
G1 X166.728 Y73.09 E67.39566
G1 X166.728 Y76.305 E67.52426
G1 X167.014 Y76.033 E67.54005
G1 X167.014 Y73.09 E67.65777
G1 X167.3 Y73.09 E67.66921
G1 X167.3 Y75.762 E67.77609
G1 X167.585 Y75.49 E67.79185
G1 X167.585 Y70.305 E67.99925
G1 X167.871 Y70.305 E68.01069
G1 X167.871 Y75.219 E68.20725
G1 X168.156 Y74.947 E68.22301
G1 X168.156 Y70.305 E68.40869
G1 X168.442 Y70.305 E68.42013
G1 X168.442 Y74.676 E68.59497
G1 X168.728 Y74.404 E68.61076
G1 X168.728 Y70.305 E68.77472
G1 X169.013 Y70.305 E68.78612
G1 X169.013 Y74.132 E68.9392
G1 X169.299 Y73.861 E68.95496
G1 X169.299 Y70.305 E69.0972
G1 X169.584 Y70.305 E69.1086
G1 X169.584 Y73.589 E69.23996
G1 X169.87 Y73.318 E69.25572
G1 X169.87 Y70.305 E69.37624
G1 X170.156 Y70.305 E69.38768
G1 X170.156 Y73.046 E69.49732
G1 X170.441 Y72.775 E69.51305
G1 X170.441 Y70.305 E69.61185
G1 X170.727 Y70.305 E69.62329
G1 X170.727 Y72.503 E69.71121
G1 X171.013 Y72.231 E69.727
G1 X171.013 Y70.305 E69.80404
G1 X171.298 Y70.305 E69.81544
G1 X171.298 Y71.96 E69.88164
G1 X171.584 Y71.688 E69.89743
G1 X171.584 Y70.305 E69.95275
G1 X171.869 Y70.305 E69.96415
G1 X171.869 Y71.417 E70.00863
G1 X172.155 Y71.145 E70.02442
G1 X172.155 Y70.305 E70.05802
G1 X172.441 Y70.305 E70.06946
G1 X172.441 Y70.873 E70.09218
G1 X172.726 Y70.602 E70.10791
G1 X172.726 Y70.305 E70.11979
G1 X172.956 Y70.305 E70.12899
G1 X172.956 Y67.519 E70.24043
G1 X173.012 Y67.519 E70.24267
G1 X173.012 Y70.33 E70.35511
G1 X173.298 Y70.059 E70.37087
G1 X173.298 Y67.519 E70.47247
G1 X173.583 Y67.519 E70.48387
G1 X173.583 Y69.787 E70.57459
G1 X173.869 Y69.516 E70.59035
G1 X173.869 Y67.519 E70.67023
G1 X174.154 Y67.519 E70.68163
G1 X174.154 Y69.244 E70.75063
G1 X174.44 Y68.972 E70.76642
G1 X174.44 Y67.519 E70.82454
G1 X174.726 Y67.519 E70.83598
G1 X174.726 Y68.701 E70.88326
G1 X175.011 Y68.429 E70.89902
G1 X175.011 Y67.519 E70.93542
G1 X175.297 Y67.519 E70.94686
G1 X175.297 Y68.158 E70.97242
G1 X175.582 Y67.886 E70.98818
G1 X175.582 Y67.519 E71.00286
G1 X175.742 Y67.519 E71.00926
G1 X175.742 Y64.734 E71.12066
G1 X175.868 Y64.734 E71.1257
G1 X175.868 Y67.614 E71.2409
G1 X176.154 Y67.343 E71.25666
G1 X176.154 Y64.734 E71.36102
G1 X176.439 Y64.734 E71.37242
G1 X176.439 Y67.071 E71.4659
G1 X176.725 Y66.8 E71.48166
G1 X176.725 Y64.734 E71.5643
G1 X177.011 Y64.734 E71.57574
G1 X177.011 Y66.528 E71.6475
G1 X177.296 Y66.257 E71.66323
G1 X177.296 Y64.734 E71.72415
G1 X177.582 Y64.734 E71.73559
G1 X177.582 Y65.985 E71.78563
G1 X177.867 Y65.713 E71.80139
G1 X177.867 Y64.734 E71.84055
G1 X178.153 Y64.734 E71.85199
G1 X178.153 Y65.442 E71.88031
G1 X178.439 Y65.17 E71.8961
G1 X178.439 Y64.734 E71.91354
G1 X178.528 Y64.734 E71.9171
G1 X178.528 Y61.948 E72.02854
G1 X178.724 Y61.948 E72.03638
G1 X178.724 Y64.899 E72.15442
G1 X179.01 Y64.627 E72.17021
G1 X179.01 Y61.948 E72.27737
G1 X179.296 Y61.948 E72.28881
G1 X179.296 Y64.356 E72.38513
G1 X179.581 Y64.084 E72.40089
G1 X179.581 Y61.948 E72.48633
G1 X179.867 Y61.948 E72.49777
G1 X179.867 Y63.812 E72.57233
G1 X180.152 Y63.541 E72.58806
G1 X180.152 Y61.948 E72.65178
G1 X180.438 Y61.948 E72.66322
G1 X180.438 Y63.269 E72.71606
G1 X180.724 Y62.998 E72.73182
G1 X180.724 Y61.948 E72.77382
G1 X181.009 Y61.948 E72.78522
G1 X181.009 Y62.726 E72.81634
G1 X181.295 Y62.454 E72.83213
G1 X181.313 Y59.162 E72.96381
G1 X181.58 Y59.162 E72.97449
G1 X181.58 Y62.183 E73.09533
G1 X181.866 Y61.911 E73.11112
G1 X181.866 Y59.162 E73.22108
G1 X182.152 Y59.162 E73.23252
G1 X182.152 Y61.64 E73.33164
G1 X182.437 Y61.368 E73.3474
G1 X182.437 Y59.162 E73.43564
G1 X182.723 Y59.162 E73.44708
G1 X182.723 Y61.097 E73.52448
G1 X183.009 Y60.825 E73.54027
G1 X183.009 Y59.162 E73.60679
G1 X183.294 Y59.162 E73.61819
G1 X183.294 Y60.553 E73.67383
G1 X183.58 Y60.282 E73.68959
G1 X183.58 Y59.162 E73.73439
G1 X183.865 Y59.162 E73.74579
G1 X183.865 Y60.01 E73.77971
G1 X184.151 Y59.739 E73.79547
G1 X184.151 Y56.377 E73.92995
G1 X184.437 Y56.377 E73.94139
G1 X184.437 Y59.467 E74.06499
G1 X184.722 Y59.195 E74.08075
G1 X184.722 Y56.377 E74.19347
G1 X185.008 Y56.377 E74.20491
G1 X185.008 Y58.924 E74.30679
G1 X185.294 Y58.652 E74.32258
G1 X185.294 Y56.377 E74.41358
G1 X185.579 Y56.377 E74.42498
G1 X185.579 Y58.381 E74.50514
G1 X185.865 Y58.109 E74.52093
G1 X185.865 Y56.377 E74.59021
G1 X186.15 Y56.377 E74.60161
G1 X186.15 Y57.838 E74.66005
G1 X186.436 Y57.566 E74.67584
G1 X186.436 Y56.377 E74.7234
G1 X186.722 Y56.377 E74.73484
G1 X186.722 Y57.294 E74.77152
G1 X187.007 Y57.023 E74.78725
G1 X187.007 Y53.591 E74.92453
G1 X187.293 Y53.591 E74.93597
G1 X187.293 Y56.751 E75.06237
G1 X187.578 Y56.48 E75.0781
G1 X187.578 Y53.591 E75.19366
G1 X187.864 Y53.591 E75.2051
G1 X187.864 Y56.208 E75.30978
G1 X188.15 Y55.937 E75.32554
G1 X188.15 Y53.591 E75.41938
G1 X188.435 Y53.591 E75.43078
G1 X188.435 Y55.665 E75.51374
G1 X188.721 Y55.393 E75.52953
G1 X188.721 Y53.591 E75.60161
G1 X189.007 Y53.591 E75.61305
G1 X189.007 Y55.122 E75.67429
G1 X189.292 Y54.85 E75.69005
G1 X189.292 Y53.591 E75.74041
G1 X189.578 Y53.591 E75.75185
G1 X189.578 Y54.579 E75.79137
G1 X189.863 Y54.307 E75.80713
G1 X189.863 Y50.806 E75.94717
G1 X190.149 Y50.806 E75.95861
G1 X190.149 Y54.035 E76.08777
G1 X190.435 Y53.764 E76.10353
G1 X190.435 Y50.806 E76.22185
G1 X190.72 Y50.806 E76.23325
G1 X190.72 Y53.492 E76.34069
G1 X191.006 Y53.221 E76.35645
G1 X191.006 Y50.806 E76.45305
G1 X191.292 Y50.806 E76.46449
G1 X191.292 Y52.949 E76.55021
G1 X191.577 Y52.678 E76.56594
G1 X191.577 Y50.806 E76.64082
G1 X191.863 Y50.806 E76.65226
G1 X191.863 Y52.406 E76.71626
G1 X192.148 Y52.134 E76.73202
G1 X192.148 Y50.806 E76.78514
G1 X192.434 Y50.806 E76.79658
G1 X192.434 Y51.863 E76.83886
G1 X192.72 Y51.591 E76.85465
G1 X192.72 Y48.02 E76.99749
G1 X193.005 Y48.02 E77.00889
G1 X193.005 Y51.32 E77.14089
G1 X193.291 Y51.048 E77.15668
G1 X193.291 Y48.02 E77.2778
G1 X193.576 Y48.02 E77.2892
G1 X193.576 Y50.776 E77.39944
G1 X193.862 Y50.505 E77.4152
G1 X193.862 Y48.02 E77.5146
G1 X194.148 Y48.02 E77.52604
G1 X194.148 Y50.233 E77.61456
G1 X194.433 Y49.962 E77.63029
G1 X194.433 Y48.02 E77.70797
G1 X194.719 Y48.02 E77.71941
G1 X194.719 Y49.69 E77.78621
G1 X195.005 Y49.419 E77.80197
G1 X195.005 Y48.02 E77.85793
G1 X195.241 Y48.02 E77.86737
G1 X195.241 Y45.234 E77.97881
G1 X195.29 Y49.147 E78.13534
G1 X195.576 Y48.875 E78.15113
G1 X195.576 Y45.234 E78.29677
G1 X195.861 Y45.234 E78.30817
G1 X195.861 Y48.604 E78.44297
G1 X196.147 Y48.332 E78.45876
G1 X196.147 Y45.234 E78.58268
G1 X196.433 Y45.234 E78.59412
G1 X196.433 Y48.061 E78.7072
G1 X196.718 Y47.789 E78.72296
G1 X196.718 Y45.234 E78.82516
G1 X197.004 Y45.234 E78.8366
G1 X197.004 Y47.518 E78.92796
G1 X197.29 Y47.246 E78.94375
G1 X197.29 Y45.234 E79.02423
G1 X197.575 Y45.234 E79.03563
G1 X197.575 Y46.974 E79.10523
G1 X197.861 Y46.703 E79.12099
G1 X197.861 Y45.234 E79.17975
G1 X198.027 Y45.234 E79.18639
G1 X198.027 Y42.449 E79.29779
G1 X198.146 Y42.449 E79.30255
G1 X198.146 Y46.431 E79.46183
G1 X198.432 Y46.16 E79.47759
G1 X198.432 Y42.449 E79.62603
G1 X198.718 Y42.449 E79.63747
G1 X198.718 Y45.888 E79.77503
G1 X199.003 Y45.616 E79.79079
G1 X199.003 Y42.449 E79.91747
G1 X199.289 Y42.449 E79.92891
G1 X199.289 Y45.345 E80.04475
G1 X199.574 Y45.073 E80.06051
G1 X199.574 Y42.449 E80.16547
G1 X199.86 Y42.449 E80.17691
G1 X199.86 Y44.802 E80.27103
G1 X200.146 Y44.53 E80.28682
G1 X200.146 Y42.449 E80.37006
G1 X200.431 Y42.449 E80.38146
G1 X200.431 Y44.259 E80.45386
G1 X200.717 Y43.987 E80.46965
G1 X200.717 Y42.449 E80.53117
G1 X200.813 Y42.449 E80.53501
G1 X200.813 Y39.663 E80.64645
G1 X201.003 Y39.663 E80.65405
G1 X201.003 Y43.715 E80.81613
G1 X201.288 Y43.444 E80.83186
G1 X201.288 Y39.663 E80.9831
G1 X201.574 Y39.663 E80.99454
G1 X201.574 Y43.172 E81.1349
G1 X201.859 Y42.901 E81.15063
G1 X201.859 Y39.663 E81.28015
G1 X202.145 Y39.663 E81.29159
G1 X202.145 Y42.629 E81.41023
G1 X202.431 Y42.357 E81.42602
G1 X202.431 Y39.663 E81.53378
G1 X202.716 Y39.663 E81.54518
G1 X202.716 Y42.086 E81.6421
G1 X203.002 Y41.814 E81.65789
G1 X203.002 Y39.663 E81.74393
G1 X203.288 Y39.663 E81.75537
G1 X203.288 Y41.543 E81.83057
G1 X203.573 Y41.271 E81.84633
G1 X203.598 Y36.877 E82.02209
G1 X203.859 Y36.877 E82.03253
G1 X203.859 Y41 E82.19745
G1 X204.144 Y40.728 E82.21321
G1 X204.144 Y36.877 E82.36725
G1 X204.43 Y36.877 E82.37869
G1 X204.43 Y40.456 E82.52185
G1 X204.716 Y40.185 E82.53761
G1 X204.716 Y36.877 E82.66993
G1 X205.001 Y36.877 E82.68133
G1 X205.001 Y39.913 E82.80277
G1 X205.287 Y39.642 E82.81853
G1 X205.287 Y36.877 E82.92913
G1 X205.572 Y36.877 E82.94053
G1 X205.572 Y39.37 E83.04025
G1 X205.858 Y39.099 E83.05601
G1 X205.858 Y36.877 E83.14489
G1 X206.144 Y36.877 E83.15633
G1 X206.144 Y38.827 E83.23433
G1 X206.429 Y38.555 E83.25009
G1 X206.429 Y34.092 E83.42861
G1 X206.715 Y34.092 E83.44005
G1 X206.715 Y38.284 E83.60773
G1 X207.001 Y38.012 E83.62352
G1 X207.001 Y34.092 E83.78032
G1 X207.286 Y34.092 E83.79172
G1 X207.286 Y37.741 E83.93768
G1 X207.572 Y37.469 E83.95347
G1 X207.572 Y34.092 E84.08855
G1 X207.857 Y34.092 E84.09995
G1 X207.857 Y37.197 E84.22415
G1 X208.143 Y36.926 E84.23991
G1 X208.143 Y34.092 E84.35327
G1 X208.429 Y34.092 E84.36471
G1 X208.429 Y36.654 E84.46719
G1 X208.714 Y36.383 E84.48292
G1 X208.714 Y34.092 E84.57456
G1 X209 Y34.092 E84.586
G1 X209 Y36.111 E84.66676
G1 X209.286 Y35.84 E84.68252
G1 X209.286 Y34.092 E84.75244
G1 X209.571 Y34.092 E84.76384
G1 X209.571 Y35.67 E84.82696
G1 X209.771 Y35.675 E84.83496
G1 X209.857 Y35.765 E84.83994
G1 X209.857 Y34.092 E84.90686
G1 X210.142 Y34.092 E84.91826
G1 X210.142 Y36.066 E84.99722
G1 X210.428 Y36.366 E85.0138
G1 X210.428 Y34.092 E85.10476
G1 X210.714 Y34.092 E85.1162
G1 X210.714 Y36.666 E85.21916
G1 X210.999 Y36.967 E85.23574
G1 X210.999 Y34.092 E85.35074
G1 X211.285 Y34.092 E85.36218
G1 X211.285 Y37.267 E85.48918
G1 X211.57 Y37.567 E85.50573
G1 X211.57 Y34.092 E85.64473
G1 X211.856 Y34.092 E85.65617
G1 X211.856 Y38.054 E85.81465
G1 X211.856 Y38.054 F7800
G1 X210.084 Y37.801
;TYPE:Perimeter
;WIDTH:0.361184
G1 F1800
G1 X30.172 Y208.87 E96.14905
G1 X29.975 Y208.662 E96.16098
G1 X209.887 Y37.594 E106.49535
G1 X209.985 Y37.697 E106.50127
G1 X210.043 Y37.757 E106.50474
G1 X210.043 Y37.757 F7800
G1 X210.53 Y37.812
;WIDTH:0.42
G1 F1800
G1 X30.161 Y209.316 E118.99554
G1 X29.529 Y208.651 E119.04158
G1 X209.898 Y37.148 E131.53234
G1 X210.214 Y37.48 E131.55534
G1 X210.489 Y37.769 E131.57536
G1 X210.489 Y37.769 F7800
G1 X211.018 Y37.824
;TYPE:External perimeter
G1 F1800
G1 X30.149 Y209.803 E144.10077
G1 X29.042 Y208.639 E144.18139
G1 X209.91 Y36.66 E156.70676
G1 X210.464 Y37.242 E156.74709
G1 X210.976 Y37.781 E156.7844
G1 X210.73 Y38.097 F7800
;LAYER_CHANGE
;Z:0.45
;HEIGHT:0.1
G1 Z.45 F7800
G1 E154.7844 F2400
G92 E0
G92 E0
G1 X191.797 Y16.114 F7800
G1 E2 F2400
;TYPE:Support material interface
;WIDTH:0.35
G1 F3600
G1 X191.797 Y11.978 E2.05649
G1 X191.511 Y12.25 E2.06188
G1 X191.511 Y15.985 E2.1129
G1 X191.226 Y15.985 E2.11679
G1 X191.226 Y12.522 E2.16409
G1 X190.94 Y12.793 E2.16947
G1 X190.94 Y15.985 E2.21307
G1 X190.654 Y15.985 E2.21698
G1 X190.654 Y13.065 E2.25686
G1 X190.369 Y13.336 E2.26223
G1 X190.369 Y15.985 E2.29841
G1 X190.083 Y15.985 E2.30232
G1 X190.083 Y13.608 E2.33479
G1 X189.798 Y13.879 E2.34016
G1 X189.798 Y15.985 E2.36893
G1 X189.512 Y15.985 E2.37284
G1 X189.512 Y14.151 E2.39789
G1 X189.226 Y14.423 E2.40328
G1 X189.226 Y15.985 E2.42462
G1 X189.11 Y15.985 E2.4262
G1 X189.11 Y18.771 E2.46425
G1 X188.941 Y18.771 E2.46656
G1 X188.941 Y14.694 E2.52225
G1 X188.655 Y14.966 E2.52764
G1 X188.655 Y18.771 E2.57961
G1 X188.369 Y18.771 E2.58352
G1 X188.369 Y15.237 E2.63179
G1 X188.084 Y15.509 E2.63717
G1 X188.084 Y18.771 E2.68173
G1 X187.798 Y18.771 E2.68564
G1 X187.798 Y15.781 E2.72648
G1 X187.513 Y16.052 E2.73185
G1 X187.513 Y18.771 E2.76899
G1 X187.227 Y18.771 E2.7729
G1 X187.227 Y16.324 E2.80632
G1 X186.941 Y16.595 E2.8117
G1 X186.941 Y18.771 E2.84142
G1 X186.656 Y18.771 E2.84531
G1 X186.656 Y16.867 E2.87132
G1 X186.37 Y17.138 E2.8767
G1 X186.325 Y21.557 E2.93706
G1 X186.084 Y21.557 E2.94035
G1 X186.084 Y17.41 E2.99699
G1 X185.799 Y17.682 E3.00237
G1 X185.799 Y21.557 E3.0553
G1 X185.513 Y21.557 E3.05921
G1 X185.513 Y17.953 E3.10844
G1 X185.228 Y18.225 E3.11382
G1 X185.228 Y21.557 E3.15933
G1 X184.942 Y21.557 E3.16324
G1 X184.942 Y18.496 E3.20505
G1 X184.656 Y18.768 E3.21044
G1 X184.656 Y21.557 E3.24854
G1 X184.371 Y21.557 E3.25243
G1 X184.371 Y19.039 E3.28682
G1 X184.085 Y19.311 E3.29221
G1 X184.085 Y21.557 E3.32289
G1 X183.8 Y21.557 E3.32678
G1 X183.8 Y19.583 E3.35374
G1 X183.514 Y19.854 E3.35912
G1 X183.514 Y24.342 E3.42042
G1 X183.228 Y24.342 E3.42433
G1 X183.228 Y20.126 E3.48192
G1 X182.943 Y20.397 E3.48729
G1 X182.943 Y24.342 E3.54118
G1 X182.657 Y24.342 E3.54509
G1 X182.657 Y20.669 E3.59526
G1 X182.371 Y20.941 E3.60065
G1 X182.371 Y24.342 E3.6471
G1 X182.086 Y24.342 E3.65099
G1 X182.086 Y21.212 E3.69374
G1 X181.8 Y21.484 E3.69913
G1 X181.8 Y24.342 E3.73817
G1 X181.515 Y24.342 E3.74206
G1 X181.515 Y21.755 E3.7774
G1 X181.229 Y22.027 E3.78279
G1 X181.229 Y24.342 E3.81441
G1 X180.943 Y24.342 E3.81832
G1 X180.943 Y22.298 E3.84624
G1 X180.658 Y22.57 E3.85162
G1 X180.658 Y27.128 E3.91388
G1 X180.372 Y27.128 E3.91779
G1 X180.372 Y22.842 E3.97633
G1 X180.086 Y23.113 E3.98171
G1 X180.086 Y27.128 E4.03655
G1 X179.801 Y27.128 E4.04044
G1 X179.801 Y23.385 E4.09157
G1 X179.515 Y23.656 E4.09695
G1 X179.515 Y27.128 E4.14437
G1 X179.23 Y27.128 E4.14826
G1 X179.23 Y23.928 E4.19197
G1 X178.944 Y24.2 E4.19736
G1 X178.944 Y27.128 E4.23735
G1 X178.658 Y27.128 E4.24126
G1 X178.658 Y24.471 E4.27755
G1 X178.373 Y24.743 E4.28293
G1 X178.373 Y27.128 E4.31551
G1 X178.087 Y27.128 E4.31942
G1 X178.087 Y25.014 E4.3483
G1 X177.802 Y25.286 E4.35368
G1 X177.802 Y29.914 E4.41689
G1 X177.516 Y29.914 E4.4208
G1 X177.516 Y25.557 E4.48031
G1 X177.23 Y25.829 E4.4857
G1 X177.23 Y29.914 E4.5415
G1 X176.945 Y29.914 E4.54539
G1 X176.945 Y26.101 E4.59747
G1 X176.659 Y26.372 E4.60285
G1 X176.659 Y29.914 E4.65123
G1 X176.373 Y29.914 E4.65514
G1 X176.373 Y26.644 E4.69981
G1 X176.088 Y26.915 E4.70518
G1 X176.088 Y29.914 E4.74614
G1 X175.802 Y29.914 E4.75005
G1 X175.802 Y27.187 E4.7873
G1 X175.517 Y27.458 E4.79267
G1 X175.517 Y29.914 E4.82622
G1 X175.231 Y29.914 E4.83013
G1 X175.231 Y27.73 E4.85996
G1 X174.945 Y28.002 E4.86535
G1 X174.945 Y32.699 E4.92951
G1 X174.66 Y32.699 E4.9334
G1 X174.66 Y28.273 E4.99386
G1 X174.374 Y28.545 E4.99925
G1 X174.374 Y32.699 E5.05599
G1 X174.088 Y32.699 E5.0599
G1 X174.088 Y28.816 E5.11294
G1 X173.803 Y29.088 E5.11832
G1 X173.803 Y32.699 E5.16764
G1 X173.517 Y32.699 E5.17155
G1 X173.517 Y29.36 E5.21716
G1 X173.232 Y29.631 E5.22253
G1 X173.232 Y32.699 E5.26444
G1 X172.946 Y32.699 E5.26835
G1 X172.946 Y29.903 E5.30654
G1 X172.66 Y30.174 E5.31192
G1 X172.66 Y32.699 E5.34641
G1 X172.397 Y32.699 E5.35
G1 X172.397 Y35.485 E5.38805
G1 X172.375 Y30.446 E5.45688
G1 X172.089 Y30.717 E5.46226
G1 X172.089 Y35.485 E5.52739
G1 X171.804 Y35.485 E5.53128
G1 X171.804 Y30.989 E5.59269
G1 X171.518 Y31.261 E5.59808
G1 X171.518 Y35.485 E5.65578
G1 X171.232 Y35.485 E5.65969
G1 X171.232 Y31.532 E5.71368
G1 X170.947 Y31.804 E5.71906
G1 X170.947 Y35.485 E5.76934
G1 X170.661 Y35.485 E5.77325
G1 X170.661 Y32.075 E5.81983
G1 X170.375 Y32.347 E5.82522
G1 X170.375 Y35.485 E5.86808
G1 X170.09 Y35.485 E5.87197
G1 X170.09 Y32.619 E5.91112
G1 X169.804 Y32.89 E5.9165
G1 X169.804 Y35.485 E5.95195
G1 X169.611 Y35.485 E5.95459
G1 X169.611 Y38.27 E5.99263
G1 X169.519 Y38.27 E5.99389
G1 X169.519 Y33.162 E6.06366
G1 X169.233 Y33.433 E6.06904
G1 X169.233 Y38.27 E6.13511
G1 X168.947 Y38.27 E6.13902
G1 X168.947 Y33.705 E6.20137
G1 X168.662 Y33.976 E6.20674
G1 X168.662 Y38.27 E6.26539
G1 X168.376 Y38.27 E6.2693
G1 X168.376 Y34.248 E6.32424
G1 X168.09 Y34.52 E6.32963
G1 X168.09 Y38.27 E6.38085
G1 X167.805 Y38.27 E6.38474
G1 X167.805 Y34.791 E6.43226
G1 X167.519 Y35.063 E6.43765
G1 X167.519 Y38.27 E6.48145
G1 X167.234 Y38.27 E6.48534
G1 X167.234 Y35.334 E6.52544
G1 X166.948 Y35.606 E6.53083
G1 X166.948 Y38.27 E6.56722
G1 X166.825 Y38.27 E6.5689
G1 X166.825 Y41.056 E6.60695
G1 X166.662 Y41.056 E6.60918
G1 X166.662 Y35.878 E6.67991
G1 X166.377 Y36.149 E6.68528
G1 X166.377 Y41.056 E6.75231
G1 X166.091 Y41.056 E6.75622
G1 X166.091 Y36.421 E6.81953
G1 X165.806 Y36.692 E6.8249
G1 X165.806 Y41.056 E6.88451
G1 X165.52 Y41.056 E6.88842
G1 X165.52 Y36.964 E6.94431
G1 X165.234 Y37.235 E6.94969
G1 X165.234 Y41.056 E7.00188
G1 X164.949 Y41.056 E7.00577
G1 X164.949 Y37.507 E7.05425
G1 X164.663 Y37.779 E7.05964
G1 X164.663 Y41.056 E7.1044
G1 X164.377 Y41.056 E7.10831
G1 X164.377 Y38.05 E7.14937
G1 X164.092 Y38.322 E7.15475
G1 X164.04 Y43.842 E7.23015
G1 X163.806 Y43.842 E7.23335
G1 X163.806 Y38.593 E7.30505
G1 X163.521 Y38.865 E7.31043
G1 X163.521 Y43.842 E7.37841
G1 X163.235 Y43.842 E7.38232
G1 X163.235 Y39.136 E7.4466
G1 X162.949 Y39.408 E7.45199
G1 X162.949 Y43.842 E7.51255
G1 X162.664 Y43.842 E7.51644
G1 X162.664 Y39.68 E7.57329
G1 X162.378 Y39.951 E7.57867
G1 X162.378 Y43.842 E7.63182
G1 X162.092 Y43.842 E7.63573
G1 X162.092 Y40.223 E7.68516
G1 X161.807 Y40.494 E7.69053
G1 X161.807 Y43.842 E7.73626
G1 X161.521 Y43.842 E7.74017
G1 X161.521 Y40.766 E7.78219
G1 X161.236 Y41.038 E7.78757
G1 X161.236 Y43.842 E7.82587
G1 X160.95 Y43.842 E7.82978
G1 X160.95 Y41.309 E7.86438
G1 X160.664 Y41.581 E7.86977
G1 X160.664 Y43.842 E7.90065
G1 X160.379 Y43.842 E7.90454
G1 X160.379 Y41.852 E7.93172
G1 X160.093 Y42.124 E7.93711
G1 X160.093 Y43.842 E7.96058
G1 X159.808 Y43.842 E7.96447
G1 X159.808 Y42.395 E7.98423
G1 X159.522 Y42.667 E7.98962
G1 X159.522 Y43.842 E8.00567
G1 X159.236 Y43.842 E8.00958
G1 X159.236 Y42.939 E8.02191
G1 X158.951 Y43.21 E8.02728
G1 X158.951 Y43.842 E8.03591
G1 X158.665 Y43.842 E8.03982
G1 X158.665 Y43.482 E8.04474
G1 X158.379 Y43.753 E8.05012
G1 X158.379 Y46.627 E8.08938
G1 X158.094 Y46.627 E8.09327
G1 X158.094 Y44.025 E8.12881
G1 X157.808 Y44.297 E8.1342
G1 X157.808 Y46.627 E8.16603
G1 X157.523 Y46.627 E8.16992
G1 X157.523 Y44.568 E8.19804
G1 X157.237 Y44.84 E8.20343
G1 X157.237 Y46.627 E8.22784
G1 X156.951 Y46.627 E8.23175
G1 X156.951 Y45.111 E8.25246
G1 X156.666 Y45.383 E8.25784
G1 X156.666 Y46.627 E8.27483
G1 X156.38 Y46.627 E8.27874
G1 X156.38 Y45.654 E8.29203
G1 X156.094 Y45.926 E8.29742
G1 X156.094 Y46.627 E8.307
G1 X155.809 Y46.627 E8.31089
G1 X155.809 Y46.198 E8.31675
G1 X155.523 Y46.469 E8.32213
G1 X155.523 Y49.413 E8.36234
G1 X155.238 Y49.413 E8.36623
G1 X155.238 Y46.741 E8.40273
G1 X154.952 Y47.012 E8.40811
G1 X154.952 Y49.413 E8.44091
G1 X154.666 Y49.413 E8.44482
G1 X154.666 Y47.284 E8.4739
G1 X154.381 Y47.555 E8.47927
G1 X154.381 Y49.413 E8.50465
G1 X154.095 Y49.413 E8.50856
G1 X154.095 Y47.827 E8.53022
G1 X153.81 Y48.099 E8.5356
G1 X153.81 Y49.413 E8.55355
G1 X153.524 Y49.413 E8.55746
G1 X153.524 Y48.37 E8.57171
G1 X153.238 Y48.642 E8.5771
G1 X153.238 Y49.413 E8.58763
G1 X152.953 Y49.413 E8.59152
G1 X152.953 Y48.913 E8.59835
G1 X152.667 Y49.185 E8.60374
G1 X152.667 Y52.198 E8.64489
G1 X152.381 Y52.198 E8.6488
G1 X152.381 Y49.457 E8.68624
G1 X152.096 Y49.728 E8.69161
G1 X152.096 Y52.198 E8.72535
G1 X151.81 Y52.198 E8.72926
G1 X151.81 Y50 E8.75928
G1 X151.525 Y50.271 E8.76465
G1 X151.525 Y52.198 E8.79097
G1 X151.239 Y52.198 E8.79488
G1 X151.239 Y50.543 E8.81749
G1 X150.953 Y50.814 E8.82287
G1 X150.953 Y52.198 E8.84177
G1 X150.668 Y52.198 E8.84566
G1 X150.668 Y51.086 E8.86085
G1 X150.382 Y51.358 E8.86624
G1 X150.382 Y52.198 E8.87771
G1 X150.112 Y52.198 E8.8814
G1 X150.112 Y54.984 E8.91945
G1 X150.096 Y51.629 E8.96528
G1 X149.811 Y51.901 E8.97066
G1 X149.811 Y54.984 E9.01277
G1 X149.525 Y54.984 E9.01668
G1 X149.525 Y52.172 E9.05509
G1 X149.24 Y52.444 E9.06047
G1 X149.24 Y54.984 E9.09516
G1 X148.954 Y54.984 E9.09907
G1 X148.954 Y52.716 E9.13005
G1 X148.668 Y52.987 E9.13543
G1 X148.668 Y54.984 E9.16271
G1 X148.383 Y54.984 E9.1666
G1 X148.383 Y53.259 E9.19016
G1 X148.097 Y53.53 E9.19554
G1 X148.097 Y54.984 E9.2154
G1 X147.812 Y54.984 E9.21929
G1 X147.812 Y53.802 E9.23544
G1 X147.526 Y54.073 E9.24082
G1 X147.526 Y54.984 E9.25326
G1 X147.326 Y54.984 E9.25599
G1 X147.326 Y57.77 E9.29404
G1 X147.24 Y57.77 E9.29521
G1 X147.24 Y54.345 E9.34199
G1 X146.955 Y54.617 E9.34737
G1 X146.955 Y57.77 E9.39044
G1 X146.669 Y57.77 E9.39435
G1 X146.669 Y54.888 E9.43372
G1 X146.383 Y55.16 E9.43911
G1 X146.383 Y57.77 E9.47476
G1 X146.098 Y57.77 E9.47865
G1 X146.098 Y55.431 E9.5106
G1 X145.812 Y55.703 E9.51599
G1 X145.812 Y57.77 E9.54422
G1 X145.527 Y57.77 E9.54811
G1 X145.527 Y55.974 E9.57264
G1 X145.241 Y56.246 E9.57803
G1 X145.241 Y57.77 E9.59885
G1 X144.955 Y57.77 E9.60276
G1 X144.955 Y56.518 E9.61986
G1 X144.67 Y56.789 E9.62523
G1 X144.67 Y57.77 E9.63863
G1 X144.54 Y57.77 E9.64041
G1 X144.54 Y60.555 E9.67845
G1 X144.384 Y60.555 E9.68058
G1 X144.384 Y57.061 E9.7283
G1 X144.098 Y57.332 E9.73368
G1 X144.098 Y60.555 E9.7777
G1 X143.813 Y60.555 E9.78159
G1 X143.813 Y57.604 E9.8219
G1 X143.527 Y57.876 E9.82729
G1 X143.527 Y60.555 E9.86388
G1 X143.242 Y60.555 E9.86777
G1 X143.242 Y58.147 E9.90066
G1 X142.956 Y58.419 E9.90605
G1 X142.956 Y60.555 E9.93523
G1 X142.67 Y60.555 E9.93914
G1 X142.67 Y58.69 E9.96461
G1 X142.385 Y58.962 E9.96999
G1 X142.385 Y60.555 E9.99175
G1 X142.099 Y60.555 E9.99566
G1 X142.099 Y59.233 E10.01372
G1 X141.814 Y59.505 E10.0191
G1 X141.755 Y63.341 E10.0715
G1 X141.528 Y63.341 E10.0746
G1 X141.528 Y59.777 E10.12328
G1 X141.242 Y60.048 E10.12866
G1 X141.242 Y63.341 E10.17364
G1 X140.957 Y63.341 E10.17753
G1 X140.957 Y60.32 E10.21879
G1 X140.671 Y60.591 E10.22417
G1 X140.671 Y63.341 E10.26173
G1 X140.385 Y63.341 E10.26564
G1 X140.385 Y60.863 E10.29949
G1 X140.1 Y61.135 E10.30487
G1 X140.1 Y63.341 E10.335
G1 X139.814 Y63.341 E10.33891
G1 X139.814 Y61.406 E10.36534
G1 X139.529 Y61.678 E10.37072
G1 X139.529 Y63.341 E10.39344
G1 X139.243 Y63.341 E10.39735
G1 X139.243 Y61.949 E10.41636
G1 X138.957 Y62.221 E10.42175
G1 X138.957 Y66.127 E10.4751
G1 X138.672 Y66.127 E10.47899
G1 X138.672 Y62.492 E10.52864
G1 X138.386 Y62.764 E10.53403
G1 X138.386 Y66.127 E10.57997
G1 X138.1 Y66.127 E10.58388
G1 X138.1 Y63.036 E10.6261
G1 X137.815 Y63.307 E10.63147
G1 X137.815 Y66.127 E10.66999
G1 X137.529 Y66.127 E10.6739
G1 X137.529 Y63.579 E10.7087
G1 X137.244 Y63.85 E10.71407
G1 X137.244 Y66.127 E10.74517
G1 X136.958 Y66.127 E10.74908
G1 X136.958 Y64.122 E10.77647
G1 X136.672 Y64.393 E10.78185
G1 X136.672 Y66.127 E10.80553
G1 X136.387 Y66.127 E10.80942
G1 X136.387 Y64.665 E10.82939
G1 X136.101 Y64.937 E10.83478
G1 X136.101 Y68.912 E10.88907
G1 X135.816 Y68.912 E10.89296
G1 X135.816 Y65.208 E10.94355
G1 X135.53 Y65.48 E10.94894
G1 X135.53 Y68.912 E10.99582
G1 X135.244 Y68.912 E10.99973
G1 X135.244 Y65.751 E11.04291
G1 X134.959 Y66.023 E11.04829
G1 X134.959 Y68.912 E11.08775
G1 X134.673 Y68.912 E11.09166
G1 X134.673 Y66.295 E11.12741
G1 X134.387 Y66.566 E11.13279
G1 X134.387 Y68.912 E11.16483
G1 X134.102 Y68.912 E11.16872
G1 X134.102 Y66.838 E11.19705
G1 X133.816 Y67.109 E11.20243
G1 X133.816 Y68.912 E11.22706
G1 X133.531 Y68.912 E11.23095
G1 X133.531 Y67.381 E11.25186
G1 X133.245 Y67.652 E11.25724
G1 X133.245 Y71.698 E11.3125
G1 X132.959 Y71.698 E11.31641
G1 X132.959 Y67.924 E11.36796
G1 X132.674 Y68.196 E11.37334
G1 X132.674 Y71.698 E11.42117
G1 X132.388 Y71.698 E11.42508
G1 X132.388 Y68.467 E11.46921
G1 X132.102 Y68.739 E11.4746
G1 X132.102 Y71.698 E11.51502
G1 X131.817 Y71.698 E11.51891
G1 X131.817 Y69.01 E11.55563
G1 X131.531 Y69.282 E11.56102
G1 X131.531 Y71.698 E11.59402
G1 X131.246 Y71.698 E11.59791
G1 X131.246 Y69.554 E11.6272
G1 X130.96 Y69.825 E11.63258
G1 X130.96 Y71.698 E11.65816
G1 X130.674 Y71.698 E11.66207
G1 X130.674 Y70.097 E11.68394
G1 X130.389 Y70.368 E11.68931
G1 X130.389 Y74.483 E11.74552
G1 X130.103 Y74.483 E11.74943
G1 X130.103 Y70.64 E11.80192
G1 X129.818 Y70.911 E11.80729
G1 X129.818 Y74.483 E11.85608
G1 X129.532 Y74.483 E11.85999
G1 X129.532 Y71.183 E11.90507
G1 X129.246 Y71.455 E11.91046
G1 X129.246 Y74.483 E11.95182
G1 X128.961 Y74.483 E11.95571
G1 X128.961 Y71.726 E11.99337
G1 X128.675 Y71.998 E11.99876
G1 X128.675 Y74.483 E12.0327
G1 X128.389 Y74.483 E12.03661
G1 X128.389 Y72.269 E12.06685
G1 X128.104 Y72.541 E12.07223
G1 X128.104 Y74.483 E12.09876
G1 X127.827 Y74.483 E12.10254
G1 X127.827 Y77.269 E12.14059
G1 X127.818 Y72.812 E12.20147
G1 X127.533 Y73.084 E12.20685
G1 X127.533 Y77.269 E12.26401
G1 X127.247 Y77.269 E12.26792
G1 X127.247 Y73.356 E12.32137
G1 X126.961 Y73.627 E12.32675
G1 X126.961 Y77.269 E12.3765
G1 X126.676 Y77.269 E12.38039
G1 X126.676 Y73.899 E12.42642
G1 X126.39 Y74.17 E12.4318
G1 X126.39 Y77.269 E12.47413
G1 X126.104 Y77.269 E12.47804
G1 X126.104 Y74.442 E12.51665
G1 X125.819 Y74.714 E12.52203
G1 X125.819 Y77.269 E12.55693
G1 X125.533 Y77.269 E12.56084
G1 X125.533 Y74.985 E12.59204
G1 X125.248 Y75.257 E12.59742
G1 X125.248 Y77.269 E12.6249
G1 X125.041 Y77.269 E12.62773
G1 X125.041 Y80.055 E12.66578
G1 X124.962 Y80.055 E12.66686
G1 X124.962 Y75.528 E12.72869
G1 X124.676 Y75.8 E12.73408
G1 X124.676 Y80.055 E12.7922
G1 X124.391 Y80.055 E12.79609
G1 X124.391 Y76.071 E12.85051
G1 X124.105 Y76.343 E12.8559
G1 X124.105 Y80.055 E12.9066
G1 X123.82 Y80.055 E12.91049
G1 X123.82 Y76.615 E12.95748
G1 X123.534 Y76.886 E12.96286
G1 X123.534 Y80.055 E13.00615
G1 X123.248 Y80.055 E13.01006
G1 X123.248 Y77.158 E13.04963
G1 X122.963 Y77.429 E13.055
G1 X122.963 Y80.055 E13.09087
G1 X122.677 Y80.055 E13.09478
G1 X122.677 Y77.701 E13.12693
G1 X122.391 Y77.973 E13.13232
G1 X122.391 Y80.055 E13.16076
G1 X122.255 Y80.055 E13.16262
G1 X122.255 Y82.84 E13.20066
G1 X122.106 Y82.84 E13.2027
G1 X122.106 Y78.244 E13.26548
G1 X121.82 Y78.516 E13.27087
G1 X121.82 Y82.84 E13.32993
G1 X121.535 Y82.84 E13.33382
G1 X121.535 Y78.787 E13.38918
G1 X121.249 Y79.059 E13.39457
G1 X121.249 Y82.84 E13.44622
G1 X120.963 Y82.84 E13.45013
G1 X120.963 Y79.33 E13.49807
G1 X120.678 Y79.602 E13.50345
G1 X120.678 Y82.84 E13.54768
G1 X120.392 Y82.84 E13.55159
G1 X120.392 Y79.874 E13.5921
G1 X120.106 Y80.145 E13.59748
G1 X120.106 Y82.84 E13.63429
G1 X119.821 Y82.84 E13.63818
G1 X119.821 Y80.417 E13.67128
G1 X119.535 Y80.688 E13.67666
G1 X119.47 Y85.626 E13.74411
G1 X119.25 Y85.626 E13.74712
G1 X119.25 Y80.96 E13.81085
G1 X118.964 Y81.231 E13.81623
G1 X118.964 Y85.626 E13.87626
G1 X118.678 Y85.626 E13.88017
G1 X118.678 Y81.503 E13.93649
G1 X118.393 Y81.775 E13.94187
G1 X118.393 Y85.626 E13.99447
G1 X118.107 Y85.626 E13.99838
G1 X118.107 Y82.046 E14.04728
G1 X117.822 Y82.318 E14.05266
G1 X117.822 Y85.626 E14.09784
G1 X117.536 Y85.626 E14.10175
G1 X117.536 Y82.589 E14.14323
G1 X117.25 Y82.861 E14.14862
G1 X117.25 Y85.626 E14.18639
G1 X116.965 Y85.626 E14.19028
G1 X116.965 Y83.133 E14.22433
G1 X116.679 Y83.404 E14.22971
G1 X116.679 Y88.412 E14.29811
G1 X116.393 Y88.412 E14.30202
G1 X116.393 Y83.676 E14.36671
G1 X116.108 Y83.947 E14.37208
G1 X116.108 Y88.412 E14.43307
G1 X115.822 Y88.412 E14.43698
G1 X115.822 Y84.219 E14.49425
G1 X115.537 Y84.49 E14.49962
G1 X115.537 Y88.412 E14.55319
G1 X115.251 Y88.412 E14.5571
G1 X115.251 Y84.762 E14.60696
G1 X114.965 Y85.034 E14.61235
G1 X114.965 Y88.412 E14.65849
G1 X114.68 Y88.412 E14.66238
G1 X114.68 Y85.305 E14.70482
G1 X114.394 Y85.577 E14.71021
G1 X114.394 Y88.412 E14.74893
G1 X114.108 Y88.412 E14.75284
G1 X114.108 Y85.848 E14.78786
G1 X113.823 Y86.12 E14.79324
G1 X113.823 Y91.197 E14.86259
G1 X113.537 Y91.197 E14.8665
G1 X113.537 Y86.392 E14.93213
G1 X113.252 Y86.663 E14.9375
G1 X113.252 Y91.197 E14.99943
G1 X112.966 Y91.197 E15.00334
G1 X112.966 Y86.935 E15.06156
G1 X112.68 Y87.206 E15.06694
G1 X112.68 Y91.197 E15.12145
G1 X112.395 Y91.197 E15.12534
G1 X112.395 Y87.478 E15.17614
G1 X112.109 Y87.749 E15.18152
G1 X112.109 Y91.197 E15.22862
G1 X111.824 Y91.197 E15.23251
G1 X111.824 Y88.021 E15.27589
G1 X111.538 Y88.293 E15.28128
G1 X111.538 Y91.197 E15.32095
G1 X111.252 Y91.197 E15.32486
G1 X111.252 Y88.564 E15.36082
G1 X110.967 Y88.836 E15.3662
G1 X110.967 Y93.983 E15.4365
G1 X110.681 Y93.983 E15.44041
G1 X110.681 Y89.107 E15.50701
G1 X110.395 Y89.379 E15.5124
G1 X110.395 Y93.983 E15.57529
G1 X110.11 Y93.983 E15.57918
G1 X110.11 Y89.65 E15.63836
G1 X109.824 Y89.922 E15.64375
G1 X109.824 Y93.983 E15.69922
G1 X109.539 Y93.983 E15.70311
G1 X109.539 Y90.194 E15.75486
G1 X109.253 Y90.465 E15.76024
G1 X109.253 Y93.983 E15.80829
G1 X108.967 Y93.983 E15.8122
G1 X108.967 Y90.737 E15.85654
G1 X108.682 Y91.008 E15.86191
G1 X108.682 Y93.983 E15.90255
G1 X108.396 Y93.983 E15.90646
G1 X108.396 Y91.28 E15.94338
G1 X108.11 Y91.552 E15.94877
G1 X108.11 Y96.768 E16.02002
G1 X107.825 Y96.768 E16.02391
G1 X107.825 Y91.823 E16.09145
G1 X107.539 Y92.095 E16.09684
G1 X107.539 Y96.768 E16.16067
G1 X107.254 Y96.768 E16.16456
G1 X107.254 Y92.366 E16.22469
G1 X106.968 Y92.638 E16.23008
G1 X106.968 Y96.768 E16.28649
G1 X106.682 Y96.768 E16.2904
G1 X106.682 Y92.909 E16.34311
G1 X106.397 Y93.181 E16.34849
G1 X106.397 Y96.768 E16.39749
G1 X106.111 Y96.768 E16.4014
G1 X106.111 Y93.453 E16.44668
G1 X105.826 Y93.724 E16.45205
G1 X105.826 Y96.768 E16.49363
G1 X105.54 Y96.768 E16.49754
G1 X105.54 Y93.996 E16.5354
G1 X105.254 Y94.267 E16.54078
G1 X105.254 Y96.768 E16.57494
G1 X104.969 Y96.768 E16.57883
G1 X104.969 Y94.539 E16.60928
G1 X104.683 Y94.811 E16.61467
G1 X104.683 Y96.768 E16.6414
G1 X104.397 Y96.768 E16.64531
G1 X104.397 Y95.082 E16.66834
G1 X104.112 Y95.354 E16.67372
G1 X104.112 Y96.768 E16.69303
G1 X103.826 Y96.768 E16.69694
G1 X103.826 Y95.625 E16.71255
G1 X103.541 Y95.897 E16.71793
G1 X103.541 Y96.768 E16.72983
G1 X103.255 Y96.768 E16.73374
G1 X103.255 Y96.168 E16.74194
G1 X102.969 Y96.44 E16.74733
G1 X102.969 Y96.768 E16.75181
G1 X102.756 Y96.768 E16.75472
G1 X102.756 Y99.554 E16.79277
G1 X102.684 Y99.554 E16.79375
G1 X102.684 Y96.712 E16.83257
G1 X102.398 Y96.983 E16.83795
G1 X102.398 Y99.554 E16.87307
G1 X102.112 Y99.554 E16.87698
G1 X102.112 Y97.255 E16.90838
G1 X101.827 Y97.526 E16.91375
G1 X101.827 Y99.554 E16.94145
G1 X101.541 Y99.554 E16.94536
G1 X101.541 Y97.798 E16.96935
G1 X101.256 Y98.069 E16.97472
G1 X101.256 Y99.554 E16.995
G1 X100.97 Y99.554 E16.99891
G1 X100.97 Y98.341 E17.01548
G1 X100.684 Y98.613 E17.02087
G1 X100.684 Y99.554 E17.03372
G1 X100.399 Y99.554 E17.03761
G1 X100.399 Y98.884 E17.04676
G1 X100.113 Y99.156 E17.05215
G1 X100.113 Y99.554 E17.05759
G1 X99.97 Y99.554 E17.05954
G1 X99.97 Y102.34 E17.09759
G1 X99.828 Y102.34 E17.09953
G1 X99.828 Y99.427 E17.13932
G1 X99.542 Y99.699 E17.14471
G1 X99.542 Y102.34 E17.18078
G1 X99.256 Y102.34 E17.18469
G1 X99.256 Y99.971 E17.21705
G1 X98.971 Y100.242 E17.22242
G1 X98.971 Y102.34 E17.25108
G1 X98.685 Y102.34 E17.25499
G1 X98.685 Y100.514 E17.27993
G1 X98.399 Y100.785 E17.28531
G1 X98.399 Y102.34 E17.30655
G1 X98.114 Y102.34 E17.31044
G1 X98.114 Y101.057 E17.32796
G1 X97.828 Y101.328 E17.33334
G1 X97.828 Y102.34 E17.34716
G1 X97.543 Y102.34 E17.35105
G1 X97.543 Y101.6 E17.36116
G1 X97.257 Y101.872 E17.36655
G1 X97.257 Y102.34 E17.37294
G1 X97.185 Y102.34 E17.37392
G1 X97.185 Y105.125 E17.41196
G1 X96.971 Y105.125 E17.41488
G1 X96.971 Y102.143 E17.45561
G1 X96.686 Y102.415 E17.46099
G1 X96.686 Y105.125 E17.49801
G1 X96.4 Y105.125 E17.50192
G1 X96.4 Y102.686 E17.53523
G1 X96.114 Y102.958 E17.54062
G1 X96.114 Y105.125 E17.57022
G1 X95.829 Y105.125 E17.57411
G1 X95.829 Y103.23 E17.59999
G1 X95.543 Y103.501 E17.60537
G1 X95.543 Y105.125 E17.62755
G1 X95.258 Y105.125 E17.63144
G1 X95.258 Y103.773 E17.64991
G1 X94.972 Y104.044 E17.65529
G1 X94.972 Y105.125 E17.67006
G1 X94.686 Y105.125 E17.67397
G1 X94.686 Y104.316 E17.68502
G1 X94.401 Y104.587 E17.69039
G1 X94.399 Y107.911 E17.73579
G1 X94.115 Y107.911 E17.73967
G1 X94.115 Y104.859 E17.78136
G1 X93.83 Y105.131 E17.78674
G1 X93.83 Y107.911 E17.82471
G1 X93.544 Y107.911 E17.82862
G1 X93.544 Y105.402 E17.86289
G1 X93.258 Y105.674 E17.86828
G1 X93.258 Y107.911 E17.89884
G1 X92.973 Y107.911 E17.90273
G1 X92.973 Y105.945 E17.92958
G1 X92.687 Y106.217 E17.93497
G1 X92.687 Y107.911 E17.95811
G1 X92.401 Y107.911 E17.96202
G1 X92.401 Y106.488 E17.98146
G1 X92.116 Y106.76 E17.98684
G1 X92.116 Y107.911 E18.00256
G1 X91.83 Y107.911 E18.00647
G1 X91.83 Y107.032 E18.01848
G1 X91.545 Y107.303 E18.02385
G1 X91.545 Y110.696 E18.0702
G1 X91.259 Y110.696 E18.07411
G1 X91.259 Y107.575 E18.11674
G1 X90.973 Y107.846 E18.12212
G1 X90.973 Y110.696 E18.16105
G1 X90.688 Y110.696 E18.16494
G1 X90.688 Y108.118 E18.20015
G1 X90.402 Y108.39 E18.20554
G1 X90.402 Y110.696 E18.23704
G1 X90.116 Y110.696 E18.24095
G1 X90.116 Y108.661 E18.26875
G1 X89.831 Y108.933 E18.27413
G1 X89.831 Y110.696 E18.29821
G1 X89.545 Y110.696 E18.30212
G1 X89.545 Y109.204 E18.3225
G1 X89.26 Y109.476 E18.32788
G1 X89.26 Y110.696 E18.34454
G1 X88.974 Y110.696 E18.34845
G1 X88.974 Y109.747 E18.36141
G1 X88.688 Y110.019 E18.3668
G1 X88.688 Y113.482 E18.4141
G1 X88.403 Y113.482 E18.41799
G1 X88.403 Y110.291 E18.46158
G1 X88.117 Y110.562 E18.46696
G1 X88.117 Y113.482 E18.50684
G1 X87.832 Y113.482 E18.51073
G1 X87.832 Y110.834 E18.5469
G1 X87.546 Y111.105 E18.55228
G1 X87.546 Y113.482 E18.58475
G1 X87.26 Y113.482 E18.58866
G1 X87.26 Y111.377 E18.61741
G1 X86.975 Y111.649 E18.62279
G1 X86.975 Y113.482 E18.64783
G1 X86.689 Y113.482 E18.65174
G1 X86.689 Y111.92 E18.67308
G1 X86.403 Y112.192 E18.67847
G1 X86.403 Y113.482 E18.69609
G1 X86.118 Y113.482 E18.69998
G1 X86.118 Y112.463 E18.7139
G1 X85.832 Y112.735 E18.71929
G1 X85.832 Y116.268 E18.76755
G1 X85.547 Y116.268 E18.77144
G1 X85.547 Y113.006 E18.816
G1 X85.261 Y113.278 E18.82139
G1 X85.261 Y116.268 E18.86223
G1 X84.975 Y116.268 E18.86614
G1 X84.975 Y113.55 E18.90327
G1 X84.69 Y113.821 E18.90864
G1 X84.69 Y116.268 E18.94206
G1 X84.404 Y116.268 E18.94597
G1 X84.404 Y114.093 E18.97568
G1 X84.118 Y114.364 E18.98106
G1 X84.118 Y116.268 E19.00707
G1 X83.833 Y116.268 E19.01096
G1 X83.833 Y114.636 E19.03325
G1 X83.547 Y114.907 E19.03863
G1 X83.547 Y116.268 E19.05722
G1 X83.262 Y116.268 E19.06111
G1 X83.262 Y115.179 E19.07598
G1 X82.976 Y115.451 E19.08137
G1 X82.976 Y119.053 E19.13057
G1 X82.69 Y119.053 E19.13448
G1 X82.69 Y115.722 E19.17998
G1 X82.405 Y115.994 E19.18536
G1 X82.405 Y119.053 E19.22714
G1 X82.119 Y119.053 E19.23105
G1 X82.119 Y116.265 E19.26913
G1 X81.834 Y116.537 E19.27451
G1 X81.834 Y119.053 E19.30888
G1 X81.548 Y119.053 E19.31279
G1 X81.548 Y116.809 E19.34344
G1 X81.262 Y117.08 E19.34882
G1 X81.262 Y119.053 E19.37577
G1 X80.977 Y119.053 E19.37966
G1 X80.977 Y117.352 E19.40289
G1 X80.691 Y117.623 E19.40827
G1 X80.691 Y119.053 E19.4278
G1 X80.471 Y119.053 E19.43081
G1 X80.471 Y121.839 E19.46886
G1 X80.405 Y121.839 E19.46976
G1 X80.405 Y117.895 E19.52363
G1 X80.12 Y118.166 E19.529
G1 X80.12 Y121.839 E19.57917
G1 X79.834 Y121.839 E19.58308
G1 X79.834 Y118.438 E19.62953
G1 X79.549 Y118.71 E19.63491
G1 X79.549 Y121.839 E19.67765
G1 X79.263 Y121.839 E19.68156
G1 X79.263 Y118.981 E19.7206
G1 X78.977 Y119.253 E19.72599
G1 X78.977 Y121.839 E19.76131
G1 X78.692 Y121.839 E19.7652
G1 X78.692 Y119.524 E19.79682
G1 X78.406 Y119.796 E19.80221
G1 X78.406 Y121.839 E19.83012
G1 X78.121 Y121.839 E19.83401
G1 X78.121 Y120.068 E19.8582
G1 X77.835 Y120.339 E19.86358
G1 X77.835 Y121.839 E19.88407
G1 X77.685 Y121.839 E19.88612
G1 X77.685 Y124.625 E19.92417
G1 X77.549 Y124.625 E19.92603
G1 X77.549 Y120.611 E19.98086
G1 X77.264 Y120.882 E19.98623
G1 X77.264 Y124.625 E20.03736
G1 X76.978 Y124.625 E20.04127
G1 X76.978 Y121.154 E20.08868
G1 X76.692 Y121.425 E20.09406
G1 X76.692 Y124.625 E20.13777
G1 X76.407 Y124.625 E20.14166
G1 X76.407 Y121.697 E20.18165
G1 X76.121 Y121.969 E20.18704
G1 X76.121 Y124.625 E20.22332
G1 X75.836 Y124.625 E20.22721
G1 X75.836 Y122.24 E20.25979
G1 X75.55 Y122.512 E20.26518
G1 X75.55 Y124.625 E20.29404
G1 X75.264 Y124.625 E20.29795
G1 X75.264 Y122.783 E20.32311
G1 X74.979 Y123.055 E20.32849
G1 X74.979 Y124.625 E20.34993
G1 X74.9 Y124.625 E20.35101
G1 X74.9 Y127.41 E20.38905
G1 X74.693 Y127.41 E20.39188
G1 X74.693 Y123.326 E20.44766
G1 X74.407 Y123.598 E20.45305
G1 X74.407 Y127.41 E20.50512
G1 X74.122 Y127.41 E20.50901
G1 X74.122 Y123.87 E20.55736
G1 X73.836 Y124.141 E20.56274
G1 X73.836 Y127.41 E20.60739
G1 X73.551 Y127.41 E20.61128
G1 X73.551 Y124.413 E20.65222
G1 X73.265 Y124.684 E20.6576
G1 X73.265 Y127.41 E20.69483
G1 X72.979 Y127.41 E20.69874
G1 X72.979 Y124.956 E20.73226
G1 X72.694 Y125.228 E20.73764
G1 X72.694 Y127.41 E20.76744
G1 X72.408 Y127.41 E20.77135
G1 X72.408 Y125.499 E20.79745
G1 X72.123 Y125.771 E20.80283
G1 X72.114 Y130.196 E20.86327
G1 X71.837 Y130.196 E20.86705
G1 X71.837 Y126.042 E20.92379
G1 X71.551 Y126.314 E20.92918
G1 X71.551 Y130.196 E20.9822
G1 X71.266 Y130.196 E20.98609
G1 X71.266 Y126.585 E21.03541
G1 X70.98 Y126.857 E21.0408
G1 X70.98 Y130.196 E21.08641
G1 X70.694 Y130.196 E21.09032
G1 X70.694 Y127.129 E21.13221
G1 X70.409 Y127.4 E21.13758
G1 X70.409 Y130.196 E21.17577
G1 X70.123 Y130.196 E21.17968
G1 X70.123 Y127.672 E21.21416
G1 X69.838 Y127.943 E21.21953
G1 X69.838 Y130.196 E21.2503
G1 X69.552 Y130.196 E21.25421
G1 X69.552 Y128.215 E21.28127
G1 X69.266 Y128.487 E21.28666
G1 X69.266 Y132.981 E21.34804
G1 X68.981 Y132.981 E21.35193
G1 X68.981 Y128.758 E21.40961
G1 X68.695 Y129.03 E21.415
G1 X68.695 Y132.981 E21.46897
G1 X68.409 Y132.981 E21.47288
G1 X68.409 Y129.301 E21.52315
G1 X68.124 Y129.573 E21.52853
G1 X68.124 Y132.981 E21.57508
G1 X67.838 Y132.981 E21.57899
G1 X67.838 Y129.844 E21.62184
G1 X67.553 Y130.116 E21.62722
G1 X67.553 Y132.981 E21.66635
G1 X67.267 Y132.981 E21.67026
G1 X67.267 Y130.388 E21.70568
G1 X66.981 Y130.659 E21.71106
G1 X66.981 Y132.981 E21.74278
G1 X66.696 Y132.981 E21.74667
G1 X66.696 Y130.931 E21.77467
G1 X66.41 Y131.202 E21.78005
G1 X66.41 Y135.767 E21.8424
G1 X66.125 Y135.767 E21.84629
G1 X66.125 Y131.474 E21.90493
G1 X65.839 Y131.745 E21.91031
G1 X65.839 Y135.767 E21.96525
G1 X65.553 Y135.767 E21.96916
G1 X65.553 Y132.017 E22.02038
G1 X65.268 Y132.289 E22.02576
G1 X65.268 Y135.767 E22.07327
G1 X64.982 Y135.767 E22.07718
G1 X64.982 Y132.56 E22.12098
G1 X64.696 Y132.832 E22.12637
G1 X64.696 Y135.767 E22.16646
G1 X64.411 Y135.767 E22.17035
G1 X64.411 Y133.103 E22.20674
G1 X64.125 Y133.375 E22.21213
G1 X64.125 Y135.767 E22.2448
G1 X63.84 Y135.767 E22.24869
G1 X63.84 Y133.647 E22.27765
G1 X63.554 Y133.918 E22.28303
G1 X63.554 Y138.553 E22.34634
G1 X63.268 Y138.553 E22.35025
G1 X63.268 Y134.19 E22.40984
G1 X62.983 Y134.461 E22.41521
G1 X62.983 Y138.553 E22.4711
G1 X62.697 Y138.553 E22.47501
G1 X62.697 Y134.733 E22.52719
G1 X62.411 Y135.004 E22.53257
G1 X62.411 Y138.553 E22.58105
G1 X62.126 Y138.553 E22.58494
G1 X62.126 Y135.276 E22.6297
G1 X61.84 Y135.548 E22.63509
G1 X61.84 Y138.553 E22.67614
G1 X61.555 Y138.553 E22.68003
G1 X61.555 Y135.819 E22.71737
G1 X61.269 Y136.091 E22.72276
G1 X61.269 Y138.553 E22.75639
G1 X60.983 Y138.553 E22.7603
G1 X60.983 Y136.362 E22.79023
G1 X60.698 Y136.634 E22.79561
G1 X60.698 Y141.338 E22.85986
G1 X60.412 Y141.338 E22.86377
G1 X60.412 Y136.906 E22.92431
G1 X60.127 Y137.177 E22.92968
G1 X60.127 Y141.338 E22.98652
G1 X59.841 Y141.338 E22.99043
G1 X59.841 Y137.449 E23.04355
G1 X59.555 Y137.72 E23.04893
G1 X59.555 Y141.338 E23.09835
G1 X59.27 Y141.338 E23.10224
G1 X59.27 Y137.992 E23.14794
G1 X58.984 Y138.263 E23.15332
G1 X58.984 Y141.338 E23.19532
G1 X58.698 Y141.338 E23.19923
G1 X58.698 Y138.535 E23.23752
G1 X58.413 Y138.807 E23.2429
G1 X58.413 Y141.338 E23.27747
G1 X58.186 Y141.338 E23.28057
G1 X58.186 Y144.124 E23.31862
G1 X58.127 Y144.124 E23.31943
G1 X58.127 Y139.078 E23.38835
G1 X57.842 Y139.35 E23.39373
G1 X57.842 Y144.124 E23.45894
G1 X57.556 Y144.124 E23.46285
G1 X57.556 Y139.621 E23.52436
G1 X57.27 Y139.893 E23.52975
G1 X57.27 Y144.124 E23.58754
G1 X56.985 Y144.124 E23.59143
G1 X56.985 Y140.164 E23.64552
G1 X56.699 Y140.436 E23.65091
G1 X56.699 Y144.124 E23.70128
G1 X56.413 Y144.124 E23.70519
G1 X56.413 Y140.708 E23.75185
G1 X56.128 Y140.979 E23.75722
G1 X56.128 Y144.124 E23.80018
G1 X55.842 Y144.124 E23.80409
G1 X55.842 Y141.251 E23.84333
G1 X55.557 Y141.522 E23.8487
G1 X55.557 Y144.124 E23.88424
G1 X55.401 Y144.124 E23.88637
G1 X55.401 Y146.91 E23.92442
G1 X55.271 Y146.91 E23.9262
G1 X55.271 Y141.794 E23.99608
G1 X54.985 Y142.066 E24.00147
G1 X54.985 Y146.91 E24.06763
G1 X54.7 Y146.91 E24.07152
G1 X54.7 Y142.337 E24.13398
G1 X54.414 Y142.609 E24.13937
G1 X54.414 Y146.91 E24.19812
G1 X54.129 Y146.91 E24.20201
G1 X54.129 Y142.88 E24.25706
G1 X53.843 Y143.152 E24.26245
G1 X53.843 Y146.91 E24.31378
G1 X53.557 Y146.91 E24.31769
G1 X53.557 Y143.423 E24.36532
G1 X53.272 Y143.695 E24.3707
G1 X53.272 Y146.91 E24.41461
G1 X52.986 Y146.91 E24.41852
G1 X52.986 Y143.967 E24.45872
G1 X52.7 Y144.238 E24.4641
G1 X52.615 Y149.695 E24.53865
G1 X52.415 Y149.695 E24.54138
G1 X52.415 Y144.51 E24.6122
G1 X52.129 Y144.781 E24.61758
G1 X52.129 Y149.695 E24.6847
G1 X51.844 Y149.695 E24.68859
G1 X51.844 Y145.053 E24.752
G1 X51.558 Y145.325 E24.75739
G1 X51.558 Y149.695 E24.81708
G1 X51.272 Y149.695 E24.82099
G1 X51.272 Y145.596 E24.87698
G1 X50.987 Y145.868 E24.88236
G1 X50.987 Y149.695 E24.93463
G1 X50.701 Y149.695 E24.93854
G1 X50.701 Y146.139 E24.98711
G1 X50.415 Y146.411 E24.9925
G1 X50.415 Y149.695 E25.03736
G1 X50.13 Y149.695 E25.04125
G1 X50.13 Y146.682 E25.0824
G1 X49.844 Y146.954 E25.08779
G1 X49.844 Y149.695 E25.12523
G1 X49.559 Y149.695 E25.12912
G1 X49.559 Y147.226 E25.16284
G1 X49.273 Y147.497 E25.16822
G1 X49.273 Y149.695 E25.19824
G1 X48.987 Y149.695 E25.20215
G1 X48.987 Y147.769 E25.22846
G1 X48.702 Y148.04 E25.23383
G1 X48.702 Y149.695 E25.25644
G1 X48.416 Y149.695 E25.26035
G1 X48.416 Y148.312 E25.27924
G1 X48.131 Y148.583 E25.28461
G1 X48.131 Y149.695 E25.2998
G1 X47.845 Y149.695 E25.30371
G1 X47.845 Y148.855 E25.31518
G1 X47.559 Y149.127 E25.32057
G1 X47.559 Y149.695 E25.32833
G1 X47.274 Y149.695 E25.33222
G1 X47.274 Y149.398 E25.33628
G1 X46.988 Y149.67 E25.34167
G1 X46.988 Y152.481 E25.38007
G1 X46.702 Y152.481 E25.38398
G1 X46.702 Y149.941 E25.41867
G1 X46.417 Y150.213 E25.42405
G1 X46.417 Y152.481 E25.45503
G1 X46.131 Y152.481 E25.45894
G1 X46.131 Y150.485 E25.4862
G1 X45.846 Y150.756 E25.49157
G1 X45.846 Y152.481 E25.51513
G1 X45.56 Y152.481 E25.51904
G1 X45.56 Y151.028 E25.53889
G1 X45.274 Y151.299 E25.54427
G1 X45.274 Y152.481 E25.56042
G1 X44.989 Y152.481 E25.56431
G1 X44.989 Y151.571 E25.57674
G1 X44.703 Y151.842 E25.58212
G1 X44.703 Y152.481 E25.59085
G1 X44.417 Y152.481 E25.59476
G1 X44.417 Y152.114 E25.59977
G1 X44.132 Y152.386 E25.60515
G1 X44.132 Y155.266 E25.64449
G1 X43.846 Y155.266 E25.6484
G1 X43.846 Y152.657 E25.68404
G1 X43.561 Y152.929 E25.68942
G1 X43.561 Y155.266 E25.72134
G1 X43.275 Y155.266 E25.72525
G1 X43.275 Y153.2 E25.75347
G1 X42.989 Y153.472 E25.75886
G1 X42.989 Y155.266 E25.78336
G1 X42.704 Y155.266 E25.78725
G1 X42.704 Y153.744 E25.80804
G1 X42.418 Y154.015 E25.81342
G1 X42.418 Y155.266 E25.83051
G1 X42.133 Y155.266 E25.8344
G1 X42.133 Y154.287 E25.84777
G1 X41.847 Y154.558 E25.85315
G1 X41.847 Y155.266 E25.86282
G1 X41.561 Y155.266 E25.86673
G1 X41.561 Y154.83 E25.87269
G1 X41.276 Y155.101 E25.87806
G1 X41.276 Y158.052 E25.91837
G1 X40.99 Y158.052 E25.92228
G1 X40.99 Y155.373 E25.95887
G1 X40.704 Y155.645 E25.96426
G1 X40.704 Y158.052 E25.99714
G1 X40.419 Y158.052 E26.00103
G1 X40.419 Y155.916 E26.03021
G1 X40.133 Y156.188 E26.0356
G1 X40.133 Y158.052 E26.06106
G1 X39.848 Y158.052 E26.06495
G1 X39.848 Y156.459 E26.08671
G1 X39.562 Y156.731 E26.0921
G1 X39.562 Y158.052 E26.11014
G1 X39.276 Y158.052 E26.11405
G1 X39.276 Y157.002 E26.12839
G1 X38.991 Y157.274 E26.13377
G1 X38.991 Y158.052 E26.1444
G1 X38.705 Y158.052 E26.14831
G1 X38.705 Y157.546 E26.15522
G1 X38.419 Y157.817 E26.1606
G1 X38.419 Y160.838 E26.20186
G1 X38.134 Y160.838 E26.20575
G1 X38.134 Y158.089 E26.2433
G1 X37.848 Y158.36 E26.24868
G1 X37.848 Y160.838 E26.28253
G1 X37.563 Y160.838 E26.28642
G1 X37.563 Y158.632 E26.31655
G1 X37.277 Y158.904 E26.32194
G1 X37.277 Y160.838 E26.34836
G1 X36.991 Y160.838 E26.35227
G1 X36.991 Y159.175 E26.37499
G1 X36.706 Y159.447 E26.38037
G1 X36.706 Y160.838 E26.39937
G1 X36.42 Y160.838 E26.40328
G1 X36.42 Y159.718 E26.41858
G1 X36.135 Y159.99 E26.42396
G1 X36.135 Y160.838 E26.43554
G1 X35.901 Y160.838 E26.43874
G1 X35.901 Y163.623 E26.47678
G1 X35.849 Y163.623 E26.47749
G1 X35.849 Y160.261 E26.52341
G1 X35.563 Y160.533 E26.5288
G1 X35.563 Y163.623 E26.57101
G1 X35.278 Y163.623 E26.5749
G1 X35.278 Y160.805 E26.61339
G1 X34.992 Y161.076 E26.61877
G1 X34.992 Y163.623 E26.65356
G1 X34.706 Y163.623 E26.65747
G1 X34.706 Y161.348 E26.68854
G1 X34.421 Y161.619 E26.69391
G1 X34.421 Y163.623 E26.72128
G1 X34.135 Y163.623 E26.72519
G1 X34.135 Y161.891 E26.74885
G1 X33.85 Y162.163 E26.75423
G1 X33.85 Y163.623 E26.77417
G1 X33.564 Y163.623 E26.77808
G1 X33.564 Y162.434 E26.79432
G1 X33.278 Y162.706 E26.79971
G1 X33.278 Y163.623 E26.81224
G1 X33.116 Y163.623 E26.81445
G1 X33.116 Y166.409 E26.8525
G1 X32.993 Y166.409 E26.85418
G1 X32.993 Y162.977 E26.90106
G1 X32.707 Y163.249 E26.90645
G1 X32.707 Y166.409 E26.94961
G1 X32.421 Y166.409 E26.95352
G1 X32.421 Y163.52 E26.99298
G1 X32.136 Y163.792 E26.99836
G1 X32.136 Y166.409 E27.03411
G1 X31.85 Y166.409 E27.03802
G1 X31.85 Y164.064 E27.07005
G1 X31.565 Y164.335 E27.07542
G1 X31.565 Y166.409 E27.10375
G1 X31.279 Y166.409 E27.10766
G1 X31.279 Y164.607 E27.13227
G1 X30.993 Y164.878 E27.13765
G1 X30.993 Y166.409 E27.15856
G1 X30.708 Y166.409 E27.16245
G1 X30.708 Y165.15 E27.17965
G1 X30.422 Y165.421 E27.18503
G1 X30.422 Y166.409 E27.19853
G1 X30.33 Y166.409 E27.19979
G1 X30.33 Y169.194 E27.23783
G1 X30.137 Y169.194 E27.24047
G1 X30.137 Y165.693 E27.28829
G1 X29.851 Y165.965 E27.29368
G1 X29.851 Y169.194 E27.33779
G1 X29.565 Y169.194 E27.3417
G1 X29.565 Y166.236 E27.3821
G1 X29.28 Y166.508 E27.38748
G1 X29.28 Y169.194 E27.42417
G1 X28.994 Y169.194 E27.42808
G1 X28.994 Y166.779 E27.46107
G1 X28.708 Y167.051 E27.46646
G1 X28.708 Y169.194 E27.49573
G1 X28.423 Y169.194 E27.49962
G1 X28.423 Y167.323 E27.52518
G1 X28.137 Y167.594 E27.53056
G1 X28.137 Y169.194 E27.55241
G1 X27.852 Y169.194 E27.5563
G1 X27.852 Y167.866 E27.57444
G1 X27.566 Y168.137 E27.57982
G1 X27.544 Y171.98 E27.63231
G1 X27.28 Y171.98 E27.63592
G1 X27.28 Y168.409 E27.6847
G1 X26.995 Y168.68 E27.69007
G1 X26.995 Y171.98 E27.73515
G1 X26.709 Y171.98 E27.73906
G1 X26.709 Y168.952 E27.78042
G1 X26.423 Y169.224 E27.78581
G1 X26.423 Y171.98 E27.82345
G1 X26.138 Y171.98 E27.82734
G1 X26.138 Y169.495 E27.86128
G1 X25.852 Y169.767 E27.86667
G1 X25.852 Y171.98 E27.8969
G1 X25.567 Y171.98 E27.90079
G1 X25.567 Y170.038 E27.92732
G1 X25.281 Y170.31 E27.93271
G1 X25.281 Y171.98 E27.95552
G1 X24.995 Y171.98 E27.95943
G1 X24.995 Y170.582 E27.97853
G1 X24.71 Y170.853 E27.9839
G1 X24.71 Y174.766 E28.03735
G1 X24.424 Y174.766 E28.04126
G1 X24.424 Y171.125 E28.09099
G1 X24.139 Y171.396 E28.09636
G1 X24.139 Y174.766 E28.14239
G1 X23.853 Y174.766 E28.1463
G1 X23.853 Y171.668 E28.18862
G1 X23.567 Y171.939 E28.194
G1 X23.567 Y174.766 E28.23261
G1 X23.282 Y174.766 E28.2365
G1 X23.282 Y172.211 E28.2714
G1 X22.996 Y172.483 E28.27679
G1 X22.996 Y174.766 E28.30797
G1 X22.71 Y174.766 E28.31188
G1 X22.71 Y172.754 E28.33936
G1 X22.425 Y173.026 E28.34474
G1 X22.425 Y174.766 E28.36851
G1 X22.139 Y174.766 E28.37242
G1 X22.139 Y173.297 E28.39249
G1 X21.854 Y173.569 E28.39787
G1 X21.854 Y177.551 E28.45226
G1 X21.568 Y177.551 E28.45617
G1 X21.568 Y173.84 E28.50686
G1 X21.282 Y174.112 E28.51225
G1 X21.282 Y177.551 E28.55922
G1 X20.997 Y177.551 E28.56311
G1 X20.997 Y174.384 E28.60637
G1 X20.711 Y174.655 E28.61175
G1 X20.711 Y177.551 E28.65131
G1 X20.425 Y177.551 E28.65522
G1 X20.425 Y174.927 E28.69106
G1 X20.14 Y175.198 E28.69643
G1 X20.14 Y177.551 E28.72857
G1 X19.854 Y177.551 E28.73248
G1 X19.854 Y175.47 E28.7609
G1 X19.569 Y175.742 E28.76628
G1 X19.569 Y177.551 E28.79099
G1 X19.283 Y177.551 E28.7949
G1 X19.283 Y176.013 E28.81591
G1 X18.997 Y176.285 E28.8213
G1 X18.997 Y180.337 E28.87665
G1 X18.712 Y180.337 E28.88054
G1 X18.712 Y176.556 E28.93219
G1 X18.426 Y176.828 E28.93758
G1 X18.426 Y180.337 E28.98551
G1 X18.141 Y180.337 E28.9894
G1 X18.141 Y177.099 E29.03363
G1 X17.855 Y177.371 E29.03902
G1 X17.855 Y180.337 E29.07953
G1 X17.569 Y180.337 E29.08344
G1 X17.569 Y177.643 E29.12024
G1 X17.284 Y177.914 E29.12561
G1 X17.284 Y180.337 E29.15871
G1 X16.998 Y180.337 E29.16262
G1 X16.998 Y178.186 E29.192
G1 X16.712 Y178.457 E29.19738
G1 X16.712 Y180.337 E29.22306
G1 X16.427 Y180.337 E29.22695
G1 X16.427 Y178.729 E29.24891
G1 X16.141 Y179.001 E29.2543
G1 X16.141 Y183.123 E29.3106
G1 X15.856 Y183.123 E29.31449
G1 X15.856 Y179.272 E29.36709
G1 X15.57 Y179.544 E29.37248
G1 X15.57 Y183.123 E29.42137
G1 X15.284 Y183.123 E29.42528
G1 X15.284 Y179.815 E29.47046
G1 X14.999 Y180.087 E29.47584
G1 X14.999 Y183.123 E29.51731
G1 X14.713 Y183.123 E29.52122
G1 X14.713 Y180.358 E29.55899
G1 X14.427 Y180.63 E29.56438
G1 X14.427 Y183.123 E29.59843
G1 X14.142 Y183.123 E29.60232
G1 X14.142 Y180.902 E29.63266
G1 X13.856 Y181.173 E29.63804
G1 X13.856 Y183.123 E29.66468
G1 X13.616 Y183.123 E29.66796
G1 X13.616 Y185.908 E29.706
G1 X13.571 Y181.445 E29.76696
G1 X13.285 Y181.716 E29.77234
G1 X13.285 Y185.908 E29.8296
G1 X12.999 Y185.908 E29.83351
G1 X12.999 Y181.988 E29.88705
G1 X12.714 Y182.259 E29.89242
G1 X12.714 Y185.908 E29.94226
G1 X12.428 Y185.908 E29.94617
G1 X12.428 Y182.531 E29.9923
G1 X12.143 Y182.803 E29.99768
G1 X12.143 Y185.908 E30.04009
G1 X11.857 Y185.908 E30.044
G1 X11.857 Y183.074 E30.08271
G1 X11.571 Y183.346 E30.0881
G1 X11.571 Y185.908 E30.12309
G1 X11.286 Y185.908 E30.12698
G1 X11.286 Y183.617 E30.15827
G1 X11 Y183.889 E30.16366
G1 X11 Y185.908 E30.19124
G1 X10.714 Y185.908 E30.19515
G1 X10.714 Y184.161 E30.21901
G1 X10.533 Y184.333 E30.22242
G1 X10.429 Y184.33 E30.22384
G1 X10.429 Y185.908 E30.24539
G1 X10.143 Y185.908 E30.2493
G1 X10.143 Y184.235 E30.27215
G1 X9.858 Y183.934 E30.27781
G1 X9.858 Y185.908 E30.30477
G1 X9.572 Y185.908 E30.30868
G1 X9.572 Y183.634 E30.33974
G1 X9.286 Y183.334 E30.3454
G1 X9.286 Y185.908 E30.38056
G1 X9.001 Y185.908 E30.38445
G1 X9.001 Y183.033 E30.42372
G1 X8.715 Y182.733 E30.42938
G1 X8.715 Y185.908 E30.47275
G1 X8.429 Y185.908 E30.47666
G1 X8.429 Y182.432 E30.52414
G1 X8.144 Y182.132 E30.52979
G1 X8.144 Y186.037 E30.58313
G1 E28.58313 F2400
G92 E0
G1 X8.144 Y186.037 F7800
G1 X8.144 Y181.736
G1 E2 F2400
G1 F3600
G1 X8.144 Y177.551 E2.05716
G1 X8.429 Y177.551 E2.06105
G1 X8.429 Y181.287 E2.11208
G1 X8.715 Y181.015 E2.11747
G1 X8.715 Y177.551 E2.16479
G1 X9.001 Y177.551 E2.1687
G1 X9.001 Y180.744 E2.21231
G1 X9.286 Y180.472 E2.21769
G1 X9.286 Y177.551 E2.25759
G1 X9.572 Y177.551 E2.2615
G1 X9.572 Y180.201 E2.2977
G1 X9.858 Y179.929 E2.30309
G1 X9.858 Y177.551 E2.33557
G1 X10.143 Y177.551 E2.33946
G1 X10.143 Y179.657 E2.36823
G1 X10.429 Y179.386 E2.37361
G1 X10.429 Y177.551 E2.39867
G1 X10.714 Y177.551 E2.40256
G1 X10.714 Y179.114 E2.42391
G1 X11 Y178.843 E2.42929
G1 X11 Y174.766 E2.48498
G1 X11.286 Y174.766 E2.48889
G1 X11.286 Y178.571 E2.54086
G1 X11.571 Y178.299 E2.54624
G1 X11.571 Y174.766 E2.5945
G1 X11.857 Y174.766 E2.59841
G1 X11.857 Y178.028 E2.64297
G1 X12.143 Y177.756 E2.64836
G1 X12.143 Y174.766 E2.6892
G1 X12.428 Y174.766 E2.69309
G1 X12.428 Y177.485 E2.73023
G1 X12.714 Y177.213 E2.73562
G1 X12.714 Y174.766 E2.76904
G1 X12.999 Y174.766 E2.77293
G1 X12.999 Y176.942 E2.80265
G1 X13.285 Y176.67 E2.80804
G1 X13.285 Y174.766 E2.83405
G1 X13.571 Y174.766 E2.83796
G1 X13.571 Y176.398 E2.86025
G1 X13.856 Y176.127 E2.86562
G1 X13.856 Y171.98 E2.92226
G1 X14.142 Y171.98 E2.92617
G1 X14.142 Y175.855 E2.9791
G1 X14.427 Y175.584 E2.98447
G1 X14.427 Y171.98 E3.0337
G1 X14.713 Y171.98 E3.03761
G1 X14.713 Y175.312 E3.08312
G1 X14.999 Y175.04 E3.08851
G1 X14.999 Y171.98 E3.13031
G1 X15.284 Y171.98 E3.1342
G1 X15.284 Y174.769 E3.1723
G1 X15.57 Y174.497 E3.17769
G1 X15.57 Y171.98 E3.21207
G1 X15.856 Y171.98 E3.21598
G1 X15.856 Y174.226 E3.24666
G1 X16.141 Y173.954 E3.25204
G1 X16.141 Y171.98 E3.279
G1 X16.402 Y171.98 E3.28257
G1 X16.402 Y169.194 E3.32062
G1 X16.427 Y173.683 E3.38194
G1 X16.712 Y173.411 E3.38732
G1 X16.712 Y169.194 E3.44492
G1 X16.998 Y169.194 E3.44883
G1 X16.998 Y173.139 E3.50272
G1 X17.284 Y172.868 E3.5081
G1 X17.284 Y169.194 E3.55828
G1 X17.569 Y169.194 E3.56217
G1 X17.569 Y172.596 E3.60864
G1 X17.855 Y172.325 E3.61402
G1 X17.855 Y169.194 E3.65679
G1 X18.141 Y169.194 E3.6607
G1 X18.141 Y172.053 E3.69975
G1 X18.426 Y171.782 E3.70512
G1 X18.426 Y169.194 E3.74047
G1 X18.712 Y169.194 E3.74438
G1 X18.712 Y171.51 E3.77601
G1 X18.997 Y171.238 E3.78139
G1 X18.997 Y169.194 E3.80931
G1 X19.187 Y169.194 E3.81191
G1 X19.187 Y166.409 E3.84995
G1 X19.283 Y166.409 E3.85126
G1 X19.283 Y170.967 E3.91352
G1 X19.569 Y170.695 E3.91891
G1 X19.569 Y166.409 E3.97745
G1 X19.854 Y166.409 E3.98134
G1 X19.854 Y170.424 E4.03618
G1 X20.14 Y170.152 E4.04157
G1 X20.14 Y166.409 E4.0927
G1 X20.425 Y166.409 E4.09659
G1 X20.425 Y169.88 E4.144
G1 X20.711 Y169.609 E4.14938
G1 X20.711 Y166.409 E4.19309
G1 X20.997 Y166.409 E4.197
G1 X20.997 Y169.337 E4.23699
G1 X21.282 Y169.066 E4.24236
G1 X21.282 Y166.409 E4.27865
G1 X21.568 Y166.409 E4.28256
G1 X21.568 Y168.794 E4.31514
G1 X21.854 Y168.523 E4.32052
G1 X21.854 Y166.409 E4.3494
G1 X21.973 Y166.409 E4.35103
G1 X21.973 Y163.623 E4.38908
G1 X22.139 Y163.623 E4.39135
G1 X22.139 Y168.251 E4.45456
G1 X22.425 Y167.979 E4.45995
G1 X22.425 Y163.623 E4.51945
G1 X22.71 Y163.623 E4.52334
G1 X22.71 Y167.708 E4.57914
G1 X22.996 Y167.436 E4.58453
G1 X22.996 Y163.623 E4.63661
G1 X23.282 Y163.623 E4.64052
G1 X23.282 Y167.165 E4.6889
G1 X23.567 Y166.893 E4.69428
G1 X23.567 Y163.623 E4.73895
G1 X23.853 Y163.623 E4.74286
G1 X23.853 Y166.621 E4.78381
G1 X24.139 Y166.35 E4.78919
G1 X24.139 Y163.623 E4.82644
G1 X24.424 Y163.623 E4.83033
G1 X24.424 Y166.078 E4.86386
G1 X24.71 Y165.807 E4.86924
G1 X24.759 Y160.838 E4.93712
G1 X24.995 Y160.838 E4.94034
G1 X24.995 Y165.535 E5.0045
G1 X25.281 Y165.264 E5.00988
G1 X25.281 Y160.838 E5.07034
G1 X25.567 Y160.838 E5.07425
G1 X25.567 Y164.992 E5.13099
G1 X25.852 Y164.72 E5.13637
G1 X25.852 Y160.838 E5.18939
G1 X26.138 Y160.838 E5.1933
G1 X26.138 Y164.449 E5.24262
G1 X26.423 Y164.177 E5.248
G1 X26.423 Y160.838 E5.29361
G1 X26.709 Y160.838 E5.29752
G1 X26.709 Y163.906 E5.33943
G1 X26.995 Y163.634 E5.34482
G1 X26.995 Y160.838 E5.38301
G1 X27.28 Y160.838 E5.3869
G1 X27.28 Y163.363 E5.42139
G1 X27.566 Y163.091 E5.42678
G1 X27.566 Y158.052 E5.49561
G1 X27.852 Y158.052 E5.49952
G1 X27.852 Y162.819 E5.56463
G1 X28.137 Y162.548 E5.57
G1 X28.137 Y158.052 E5.63141
G1 X28.423 Y158.052 E5.63532
G1 X28.423 Y162.276 E5.69302
G1 X28.708 Y162.005 E5.69839
G1 X28.708 Y158.052 E5.75238
G1 X28.994 Y158.052 E5.75629
G1 X28.994 Y161.733 E5.80657
G1 X29.28 Y161.461 E5.81196
G1 X29.28 Y158.052 E5.85852
G1 X29.565 Y158.052 E5.86241
G1 X29.565 Y161.19 E5.90527
G1 X29.851 Y160.918 E5.91066
G1 X29.851 Y158.052 E5.94981
G1 X30.137 Y158.052 E5.95372
G1 X30.137 Y160.647 E5.98917
G1 X30.422 Y160.375 E5.99455
G1 X30.422 Y155.266 E6.06433
G1 X30.708 Y155.266 E6.06824
G1 X30.708 Y160.104 E6.13432
G1 X30.993 Y159.832 E6.1397
G1 X30.993 Y155.266 E6.20207
G1 X31.279 Y155.266 E6.20598
G1 X31.279 Y159.56 E6.26463
G1 X31.565 Y159.289 E6.27001
G1 X31.565 Y155.266 E6.32496
G1 X31.85 Y155.266 E6.32885
G1 X31.85 Y159.017 E6.38009
G1 X32.136 Y158.746 E6.38547
G1 X32.136 Y155.266 E6.433
G1 X32.421 Y155.266 E6.43689
G1 X32.421 Y158.474 E6.48071
G1 X32.707 Y158.202 E6.4861
G1 X32.707 Y155.266 E6.5262
G1 X32.993 Y155.266 E6.53011
G1 X32.993 Y157.931 E6.56651
G1 X33.278 Y157.659 E6.57189
G1 X33.278 Y152.481 E6.64262
G1 X33.564 Y152.481 E6.64653
G1 X33.564 Y157.388 E6.71356
G1 X33.85 Y157.116 E6.71895
G1 X33.85 Y152.481 E6.78226
G1 X34.135 Y152.481 E6.78615
G1 X34.135 Y156.845 E6.84576
G1 X34.421 Y156.573 E6.85115
G1 X34.421 Y152.481 E6.90704
G1 X34.706 Y152.481 E6.91093
G1 X34.706 Y156.301 E6.96311
G1 X34.992 Y156.03 E6.96849
G1 X34.992 Y152.481 E7.01697
G1 X35.278 Y152.481 E7.02088
G1 X35.278 Y155.758 E7.06564
G1 X35.563 Y155.487 E7.07101
G1 X35.563 Y152.481 E7.11207
G1 X35.849 Y152.481 E7.11598
G1 X35.849 Y155.215 E7.15332
G1 X36.135 Y154.944 E7.1587
G1 X36.135 Y149.695 E7.2304
G1 X36.42 Y149.695 E7.23429
G1 X36.42 Y154.672 E7.30227
G1 X36.706 Y154.4 E7.30766
G1 X36.706 Y149.695 E7.37193
G1 X36.991 Y149.695 E7.37582
G1 X36.991 Y154.129 E7.43638
G1 X37.277 Y153.857 E7.44177
G1 X37.277 Y149.695 E7.49862
G1 X37.563 Y149.695 E7.50253
G1 X37.563 Y153.586 E7.55568
G1 X37.848 Y153.314 E7.56106
G1 X37.848 Y149.695 E7.61049
G1 X38.134 Y149.695 E7.6144
G1 X38.134 Y153.042 E7.66012
G1 X38.419 Y152.771 E7.66549
G1 X38.419 Y149.695 E7.70751
G1 X38.705 Y149.695 E7.71142
G1 X38.705 Y152.499 E7.74972
G1 X38.991 Y152.228 E7.7551
G1 X38.991 Y149.695 E7.7897
G1 X39.276 Y149.695 E7.79359
G1 X39.276 Y151.956 E7.82447
G1 X39.562 Y151.685 E7.82985
G1 X39.562 Y149.695 E7.85703
G1 X39.848 Y149.695 E7.86094
G1 X39.848 Y151.413 E7.88441
G1 X40.133 Y151.141 E7.88979
G1 X40.133 Y149.695 E7.90954
G1 X40.419 Y149.695 E7.91345
G1 X40.419 Y150.87 E7.9295
G1 X40.704 Y150.598 E7.93488
G1 X40.704 Y149.695 E7.94721
G1 X40.99 Y149.695 E7.95112
G1 X40.99 Y150.327 E7.95975
G1 X41.276 Y150.055 E7.96514
G1 X41.276 Y149.695 E7.97006
G1 X41.472 Y149.695 E7.97274
G1 X41.472 Y146.91 E8.01078
G1 X41.561 Y146.91 E8.012
G1 X41.561 Y149.783 E8.05124
G1 X41.847 Y149.512 E8.05662
G1 X41.847 Y146.91 E8.09216
G1 X42.133 Y146.91 E8.09607
G1 X42.133 Y149.24 E8.1279
G1 X42.418 Y148.969 E8.13327
G1 X42.418 Y146.91 E8.16139
G1 X42.704 Y146.91 E8.1653
G1 X42.704 Y148.697 E8.18971
G1 X42.989 Y148.426 E8.19508
G1 X42.989 Y146.91 E8.21579
G1 X43.275 Y146.91 E8.2197
G1 X43.275 Y148.154 E8.23669
G1 X43.561 Y147.882 E8.24208
G1 X43.561 Y146.91 E8.25536
G1 X43.846 Y146.91 E8.25925
G1 X43.846 Y147.611 E8.26883
G1 X44.132 Y147.339 E8.27422
G1 X44.132 Y146.91 E8.28008
G1 X44.258 Y146.91 E8.2818
G1 X44.258 Y144.124 E8.31985
G1 X44.417 Y144.124 E8.32202
G1 X44.417 Y147.068 E8.36223
G1 X44.703 Y146.796 E8.36762
G1 X44.703 Y144.124 E8.40412
G1 X44.989 Y144.124 E8.40803
G1 X44.989 Y146.525 E8.44083
G1 X45.274 Y146.253 E8.44621
G1 X45.274 Y144.124 E8.47529
G1 X45.56 Y144.124 E8.4792
G1 X45.56 Y145.981 E8.50456
G1 X45.846 Y145.71 E8.50994
G1 X45.846 Y144.124 E8.5316
G1 X46.131 Y144.124 E8.53549
G1 X46.131 Y145.438 E8.55344
G1 X46.417 Y145.167 E8.55882
G1 X46.417 Y144.124 E8.57307
G1 X46.702 Y144.124 E8.57696
G1 X46.702 Y144.895 E8.58749
G1 X46.988 Y144.623 E8.59288
G1 X47.044 Y141.338 E8.63776
G1 X47.274 Y141.338 E8.6409
G1 X47.274 Y144.352 E8.68207
G1 X47.559 Y144.08 E8.68745
G1 X47.559 Y141.338 E8.7249
G1 X47.845 Y141.338 E8.72881
G1 X47.845 Y143.809 E8.76256
G1 X48.131 Y143.537 E8.76795
G1 X48.131 Y141.338 E8.79799
G1 X48.416 Y141.338 E8.80188
G1 X48.416 Y143.266 E8.82821
G1 X48.702 Y142.994 E8.8336
G1 X48.702 Y141.338 E8.85622
G1 X48.987 Y141.338 E8.86011
G1 X48.987 Y142.722 E8.87901
G1 X49.273 Y142.451 E8.88439
G1 X49.273 Y141.338 E8.89959
G1 X49.559 Y141.338 E8.9035
G1 X49.559 Y142.179 E8.91499
G1 X49.844 Y141.908 E8.92036
G1 X49.844 Y138.553 E8.96619
G1 X50.13 Y138.553 E8.9701
G1 X50.13 Y141.636 E9.01221
G1 X50.415 Y141.364 E9.01759
G1 X50.415 Y138.553 E9.05599
G1 X50.701 Y138.553 E9.0599
G1 X50.701 Y141.093 E9.09459
G1 X50.987 Y140.821 E9.09998
G1 X50.987 Y138.553 E9.13096
G1 X51.272 Y138.553 E9.13485
G1 X51.272 Y140.55 E9.16213
G1 X51.558 Y140.278 E9.16752
G1 X51.558 Y138.553 E9.19108
G1 X51.844 Y138.553 E9.19499
G1 X51.844 Y140.007 E9.21485
G1 X52.129 Y139.735 E9.22023
G1 X52.129 Y138.553 E9.23638
G1 X52.415 Y138.553 E9.24029
G1 X52.415 Y139.463 E9.25272
G1 X52.7 Y139.192 E9.25809
G1 X52.7 Y135.767 E9.30487
G1 X52.986 Y135.767 E9.30878
G1 X52.986 Y138.92 E9.35185
G1 X53.272 Y138.649 E9.35723
G1 X53.272 Y135.767 E9.3966
G1 X53.557 Y135.767 E9.40049
G1 X53.557 Y138.377 E9.43614
G1 X53.843 Y138.106 E9.44152
G1 X53.843 Y135.767 E9.47347
G1 X54.129 Y135.767 E9.47738
G1 X54.129 Y137.834 E9.50561
G1 X54.414 Y137.562 E9.51099
G1 X54.414 Y135.767 E9.53551
G1 X54.7 Y135.767 E9.53942
G1 X54.7 Y137.291 E9.56024
G1 X54.985 Y137.019 E9.56562
G1 X54.985 Y135.767 E9.58272
G1 X55.271 Y135.767 E9.58663
G1 X55.271 Y136.748 E9.60003
G1 X55.557 Y136.476 E9.60542
G1 X55.557 Y132.981 E9.65316
G1 X55.842 Y132.981 E9.65705
G1 X55.842 Y136.204 E9.70107
G1 X56.128 Y135.933 E9.70645
G1 X56.128 Y132.981 E9.74677
G1 X56.413 Y132.981 E9.75066
G1 X56.413 Y135.661 E9.78727
G1 X56.699 Y135.39 E9.79265
G1 X56.699 Y132.981 E9.82555
G1 X56.985 Y132.981 E9.82946
G1 X56.985 Y135.118 E9.85865
G1 X57.27 Y134.847 E9.86402
G1 X57.27 Y132.981 E9.88951
G1 X57.556 Y132.981 E9.89342
G1 X57.556 Y134.575 E9.91519
G1 X57.842 Y134.303 E9.92058
G1 X57.842 Y132.981 E9.93864
G1 X58.127 Y132.981 E9.94253
G1 X58.127 Y134.032 E9.95689
G1 X58.413 Y133.76 E9.96228
G1 X58.413 Y130.196 E10.01096
G1 X58.698 Y130.196 E10.01485
G1 X58.698 Y133.489 E10.05983
G1 X58.984 Y133.217 E10.06522
G1 X58.984 Y130.196 E10.10648
G1 X59.27 Y130.196 E10.11039
G1 X59.27 Y132.945 E10.14794
G1 X59.555 Y132.674 E10.15331
G1 X59.555 Y130.196 E10.18716
G1 X59.841 Y130.196 E10.19107
G1 X59.841 Y132.402 E10.2212
G1 X60.127 Y132.131 E10.22658
G1 X60.127 Y130.196 E10.25301
G1 X60.412 Y130.196 E10.2569
G1 X60.412 Y131.859 E10.27962
G1 X60.698 Y131.588 E10.285
G1 X60.698 Y130.196 E10.30401
G1 X60.972 Y130.196 E10.30775
G1 X60.972 Y127.41 E10.3458
G1 X60.983 Y131.316 E10.39915
G1 X61.269 Y131.044 E10.40454
G1 X61.269 Y127.41 E10.45418
G1 X61.555 Y127.41 E10.45809
G1 X61.555 Y130.773 E10.50403
G1 X61.84 Y130.501 E10.50941
G1 X61.84 Y127.41 E10.55163
G1 X62.126 Y127.41 E10.55554
G1 X62.126 Y130.23 E10.59406
G1 X62.411 Y129.958 E10.59944
G1 X62.411 Y127.41 E10.63424
G1 X62.697 Y127.41 E10.63815
G1 X62.697 Y129.687 E10.66925
G1 X62.983 Y129.415 E10.67464
G1 X62.983 Y127.41 E10.70203
G1 X63.268 Y127.41 E10.70592
G1 X63.268 Y129.143 E10.72959
G1 X63.554 Y128.872 E10.73497
G1 X63.554 Y127.41 E10.75494
G1 X63.757 Y127.41 E10.75771
G1 X63.757 Y124.625 E10.79575
G1 X63.84 Y124.625 E10.79688
G1 X63.84 Y128.6 E10.85117
G1 X64.125 Y128.329 E10.85654
G1 X64.125 Y124.625 E10.90713
G1 X64.411 Y124.625 E10.91104
G1 X64.411 Y128.057 E10.95792
G1 X64.696 Y127.785 E10.9633
G1 X64.696 Y124.625 E11.00646
G1 X64.982 Y124.625 E11.01037
G1 X64.982 Y127.514 E11.04983
G1 X65.268 Y127.242 E11.05522
G1 X65.268 Y124.625 E11.09097
G1 X65.553 Y124.625 E11.09486
G1 X65.553 Y126.971 E11.1269
G1 X65.839 Y126.699 E11.13229
G1 X65.839 Y124.625 E11.16062
G1 X66.125 Y124.625 E11.16453
G1 X66.125 Y126.428 E11.18916
G1 X66.41 Y126.156 E11.19454
G1 X66.41 Y124.625 E11.21545
G1 X66.543 Y124.625 E11.21727
G1 X66.543 Y121.839 E11.25532
G1 X66.696 Y121.839 E11.25741
G1 X66.696 Y125.884 E11.31266
G1 X66.981 Y125.613 E11.31803
G1 X66.981 Y121.839 E11.36958
G1 X67.267 Y121.839 E11.37349
G1 X67.267 Y125.341 E11.42132
G1 X67.553 Y125.07 E11.4267
G1 X67.553 Y121.839 E11.47083
G1 X67.838 Y121.839 E11.47472
G1 X67.838 Y124.798 E11.51514
G1 X68.124 Y124.526 E11.52053
G1 X68.124 Y121.839 E11.55723
G1 X68.409 Y121.839 E11.56112
G1 X68.409 Y124.255 E11.59412
G1 X68.695 Y123.983 E11.59951
G1 X68.695 Y121.839 E11.6288
G1 X68.981 Y121.839 E11.63271
G1 X68.981 Y123.712 E11.65829
G1 X69.266 Y123.44 E11.66367
G1 X69.329 Y119.053 E11.7236
G1 X69.552 Y119.053 E11.72665
G1 X69.552 Y123.169 E11.78287
G1 X69.838 Y122.897 E11.78826
G1 X69.838 Y119.053 E11.84077
G1 X70.123 Y119.053 E11.84466
G1 X70.123 Y122.625 E11.89345
G1 X70.409 Y122.354 E11.89883
G1 X70.409 Y119.053 E11.94392
G1 X70.694 Y119.053 E11.94781
G1 X70.694 Y122.082 E11.98918
G1 X70.98 Y121.811 E11.99456
G1 X70.98 Y119.053 E12.03223
G1 X71.266 Y119.053 E12.03614
G1 X71.266 Y121.539 E12.0701
G1 X71.551 Y121.267 E12.07548
G1 X71.551 Y119.053 E12.10572
G1 X71.837 Y119.053 E12.10963
G1 X71.837 Y120.996 E12.13617
G1 X72.123 Y120.724 E12.14156
G1 X72.123 Y116.268 E12.20242
G1 X72.408 Y116.268 E12.20631
G1 X72.408 Y120.453 E12.26347
G1 X72.694 Y120.181 E12.26886
G1 X72.694 Y116.268 E12.32231
G1 X72.979 Y116.268 E12.3262
G1 X72.979 Y119.91 E12.37595
G1 X73.265 Y119.638 E12.38134
G1 X73.265 Y116.268 E12.42737
G1 X73.551 Y116.268 E12.43128
G1 X73.551 Y119.366 E12.4736
G1 X73.836 Y119.095 E12.47897
G1 X73.836 Y116.268 E12.51758
G1 X74.122 Y116.268 E12.52149
G1 X74.122 Y118.823 E12.55639
G1 X74.407 Y118.552 E12.56176
G1 X74.407 Y116.268 E12.59296
G1 X74.693 Y116.268 E12.59687
G1 X74.693 Y118.28 E12.62435
G1 X74.979 Y118.009 E12.62973
G1 X74.979 Y113.482 E12.69156
G1 X75.264 Y113.482 E12.69545
G1 X75.264 Y117.737 E12.75357
G1 X75.55 Y117.465 E12.75896
G1 X75.55 Y113.482 E12.81336
G1 X75.836 Y113.482 E12.81727
G1 X75.836 Y117.194 E12.86797
G1 X76.121 Y116.922 E12.87335
G1 X76.121 Y113.482 E12.92034
G1 X76.407 Y113.482 E12.92425
G1 X76.407 Y116.651 E12.96754
G1 X76.692 Y116.379 E12.97292
G1 X76.692 Y113.482 E13.01249
G1 X76.978 Y113.482 E13.0164
G1 X76.978 Y116.107 E13.05226
G1 X77.264 Y115.836 E13.05764
G1 X77.264 Y113.482 E13.08979
G1 X77.549 Y113.482 E13.09368
G1 X77.549 Y115.564 E13.12212
G1 X77.835 Y115.293 E13.1275
G1 X77.835 Y110.696 E13.19029
G1 X78.121 Y110.696 E13.1942
G1 X78.121 Y115.021 E13.25328
G1 X78.406 Y114.75 E13.25865
G1 X78.406 Y110.696 E13.31402
G1 X78.692 Y110.696 E13.31793
G1 X78.692 Y114.478 E13.36959
G1 X78.977 Y114.206 E13.37497
G1 X78.977 Y110.696 E13.42291
G1 X79.263 Y110.696 E13.42682
G1 X79.263 Y113.935 E13.47106
G1 X79.549 Y113.663 E13.47645
G1 X79.549 Y110.696 E13.51698
G1 X79.834 Y110.696 E13.52087
G1 X79.834 Y113.392 E13.55769
G1 X80.12 Y113.12 E13.56308
G1 X80.12 Y110.696 E13.59619
G1 X80.405 Y110.696 E13.60008
G1 X80.405 Y112.848 E13.62947
G1 X80.691 Y112.577 E13.63485
G1 X80.691 Y107.911 E13.69858
G1 X80.977 Y107.911 E13.70249
G1 X80.977 Y112.305 E13.76251
G1 X81.262 Y112.034 E13.76788
G1 X81.262 Y107.911 E13.8242
G1 X81.548 Y107.911 E13.82811
G1 X81.548 Y111.762 E13.88071
G1 X81.834 Y111.491 E13.88609
G1 X81.834 Y107.911 E13.93499
G1 X82.119 Y107.911 E13.93888
G1 X82.119 Y111.219 E13.98406
G1 X82.405 Y110.947 E13.98945
G1 X82.405 Y107.911 E14.03092
G1 X82.69 Y107.911 E14.03481
G1 X82.69 Y110.676 E14.07258
G1 X82.976 Y110.404 E14.07797
G1 X82.976 Y107.911 E14.11202
G1 X83.257 Y107.911 E14.11586
G1 X83.257 Y105.125 E14.15391
G1 X83.262 Y110.133 E14.22231
G1 X83.547 Y109.861 E14.22769
G1 X83.547 Y105.125 E14.29238
G1 X83.833 Y105.125 E14.29629
G1 X83.833 Y109.59 E14.35728
G1 X84.119 Y109.318 E14.36267
G1 X84.119 Y105.125 E14.41994
G1 X84.404 Y105.125 E14.42383
G1 X84.404 Y109.046 E14.47739
G1 X84.69 Y108.775 E14.48277
G1 X84.69 Y105.125 E14.53263
G1 X84.975 Y105.125 E14.53652
G1 X84.975 Y108.503 E14.58266
G1 X85.261 Y108.232 E14.58804
G1 X85.261 Y105.125 E14.63048
G1 X85.547 Y105.125 E14.63439
G1 X85.547 Y107.96 E14.67311
G1 X85.832 Y107.688 E14.67849
G1 X85.832 Y105.125 E14.7135
G1 X86.042 Y105.125 E14.71637
G1 X86.042 Y102.34 E14.75441
G1 X86.118 Y102.34 E14.75545
G1 X86.118 Y107.417 E14.8248
G1 X86.403 Y107.145 E14.83018
G1 X86.403 Y102.34 E14.89581
G1 X86.689 Y102.34 E14.89972
G1 X86.689 Y106.874 E14.96165
G1 X86.975 Y106.602 E14.96704
G1 X86.975 Y102.34 E15.02526
G1 X87.26 Y102.34 E15.02915
G1 X87.26 Y106.331 E15.08366
G1 X87.546 Y106.059 E15.08905
G1 X87.546 Y102.34 E15.13985
G1 X87.832 Y102.34 E15.14376
G1 X87.832 Y105.787 E15.19084
G1 X88.117 Y105.516 E15.19621
G1 X88.117 Y102.34 E15.23959
G1 X88.403 Y102.34 E15.2435
G1 X88.403 Y105.244 E15.28317
G1 X88.688 Y104.973 E15.28854
G1 X88.688 Y102.34 E15.3245
G1 X88.828 Y102.34 E15.32641
G1 X88.828 Y99.554 E15.36446
G1 X88.974 Y99.554 E15.36645
G1 X88.974 Y104.701 E15.43675
G1 X89.26 Y104.429 E15.44214
G1 X89.26 Y99.554 E15.50873
G1 X89.545 Y99.554 E15.51262
G1 X89.545 Y104.158 E15.57551
G1 X89.831 Y103.886 E15.5809
G1 X89.831 Y99.554 E15.64007
G1 X90.117 Y99.554 E15.64398
G1 X90.116 Y103.615 E15.69945
G1 X90.402 Y103.343 E15.70484
G1 X90.402 Y99.554 E15.75659
G1 X90.688 Y99.554 E15.7605
G1 X90.688 Y103.072 E15.80855
G1 X90.973 Y102.8 E15.81393
G1 X90.973 Y99.554 E15.85827
G1 X91.259 Y99.554 E15.86218
G1 X91.259 Y102.528 E15.9028
G1 X91.545 Y102.257 E15.90818
G1 X91.614 Y96.768 E15.98316
G1 X91.83 Y96.768 E15.98611
G1 X91.83 Y101.985 E16.05737
G1 X92.116 Y101.714 E16.06275
G1 X92.116 Y96.768 E16.13031
G1 X92.401 Y96.768 E16.1342
G1 X92.401 Y101.442 E16.19804
G1 X92.687 Y101.171 E16.20342
G1 X92.687 Y96.768 E16.26356
G1 X92.973 Y96.768 E16.26747
G1 X92.973 Y100.899 E16.3239
G1 X93.258 Y100.627 E16.32928
G1 X93.258 Y96.768 E16.38199
G1 X93.544 Y96.768 E16.3859
G1 X93.544 Y100.356 E16.43491
G1 X93.83 Y100.084 E16.4403
G1 X93.83 Y96.768 E16.48559
G1 X94.115 Y96.768 E16.48948
G1 X94.115 Y99.813 E16.53107
G1 X94.401 Y99.541 E16.53646
G1 X94.401 Y96.768 E16.57434
G1 X94.686 Y96.768 E16.57823
G1 X94.686 Y99.269 E16.61239
G1 X94.972 Y98.998 E16.61777
G1 X94.972 Y96.768 E16.64823
G1 X95.258 Y96.768 E16.65214
G1 X95.258 Y98.726 E16.67888
G1 X95.543 Y98.455 E16.68425
G1 X95.543 Y96.768 E16.70729
G1 X95.829 Y96.768 E16.7112
G1 X95.829 Y98.183 E16.73053
G1 X96.114 Y97.912 E16.7359
G1 X96.114 Y96.768 E16.75153
G1 X96.4 Y96.768 E16.75544
G1 X96.4 Y97.64 E16.76735
G1 X96.686 Y97.368 E16.77274
G1 X96.686 Y96.768 E16.78094
G1 X96.971 Y96.768 E16.78483
G1 X96.971 Y97.097 E16.78932
G1 X97.257 Y96.825 E16.79471
G1 X97.257 Y93.983 E16.83353
G1 X97.543 Y93.983 E16.83744
G1 X97.543 Y96.554 E16.87256
G1 X97.828 Y96.282 E16.87794
G1 X97.828 Y93.983 E16.90934
G1 X98.114 Y93.983 E16.91325
G1 X98.114 Y96.01 E16.94094
G1 X98.399 Y95.739 E16.94631
G1 X98.399 Y93.983 E16.9703
G1 X98.685 Y93.983 E16.97421
G1 X98.685 Y95.467 E16.99448
G1 X98.971 Y95.196 E16.99986
G1 X98.971 Y93.983 E17.01643
G1 X99.256 Y93.983 E17.02032
G1 X99.256 Y94.924 E17.03317
G1 X99.542 Y94.653 E17.03855
G1 X99.542 Y93.983 E17.0477
G1 X99.828 Y93.983 E17.05161
G1 X99.828 Y94.381 E17.05705
G1 X100.113 Y94.109 E17.06243
G1 X100.113 Y91.197 E17.10221
G1 X100.399 Y91.197 E17.10612
G1 X100.399 Y93.838 E17.14219
G1 X100.684 Y93.566 E17.14757
G1 X100.684 Y91.197 E17.17993
G1 X100.97 Y91.197 E17.18384
G1 X100.97 Y93.295 E17.2125
G1 X101.256 Y93.023 E17.21789
G1 X101.256 Y91.197 E17.24283
G1 X101.541 Y91.197 E17.24672
G1 X101.541 Y92.752 E17.26796
G1 X101.827 Y92.48 E17.27335
G1 X101.827 Y91.197 E17.29087
G1 X102.112 Y91.197 E17.29476
G1 X102.112 Y92.208 E17.30857
G1 X102.398 Y91.937 E17.31395
G1 X102.398 Y91.197 E17.32406
G1 X102.684 Y91.197 E17.32797
G1 X102.684 Y91.665 E17.33436
G1 X102.969 Y91.394 E17.33973
G1 X102.969 Y88.411 E17.38048
G1 X103.255 Y88.411 E17.38439
G1 X103.255 Y91.122 E17.42142
G1 X103.541 Y90.85 E17.42681
G1 X103.541 Y88.411 E17.46012
G1 X103.826 Y88.411 E17.46401
G1 X103.826 Y90.579 E17.49362
G1 X104.112 Y90.307 E17.49901
G1 X104.112 Y88.411 E17.52491
G1 X104.397 Y88.411 E17.5288
G1 X104.397 Y90.036 E17.551
G1 X104.683 Y89.764 E17.55639
G1 X104.683 Y88.411 E17.57487
G1 X104.969 Y88.411 E17.57878
G1 X104.969 Y89.493 E17.59356
G1 X105.254 Y89.221 E17.59894
G1 X105.254 Y88.411 E17.61
G1 X105.54 Y88.411 E17.61391
G1 X105.54 Y88.949 E17.62126
G1 X105.826 Y88.678 E17.62664
G1 X105.826 Y85.626 E17.66833
G1 X106.111 Y85.626 E17.67222
G1 X106.111 Y88.406 E17.71019
G1 X106.397 Y88.135 E17.71557
G1 X106.397 Y85.626 E17.74984
G1 X106.682 Y85.626 E17.75373
G1 X106.682 Y87.863 E17.78429
G1 X106.968 Y87.591 E17.78968
G1 X106.968 Y85.626 E17.81652
G1 X107.254 Y85.626 E17.82043
G1 X107.254 Y87.32 E17.84357
G1 X107.539 Y87.048 E17.84895
G1 X107.539 Y85.626 E17.86837
G1 X107.825 Y85.626 E17.87228
G1 X107.825 Y86.777 E17.888
G1 X108.11 Y86.505 E17.89338
G1 X108.11 Y85.626 E17.90539
G1 X108.327 Y85.626 E17.90835
G1 X108.327 Y82.84 E17.9464
G1 X108.396 Y82.84 E17.94734
G1 X108.396 Y86.234 E17.9937
G1 X108.682 Y85.962 E17.99909
G1 X108.682 Y82.84 E18.04173
G1 X108.967 Y82.84 E18.04562
G1 X108.967 Y85.69 E18.08455
G1 X109.253 Y85.419 E18.08993
G1 X109.253 Y82.84 E18.12516
G1 X109.539 Y82.84 E18.12907
G1 X109.539 Y85.147 E18.16058
G1 X109.824 Y84.876 E18.16595
G1 X109.824 Y82.84 E18.19376
G1 X110.11 Y82.84 E18.19767
G1 X110.11 Y84.604 E18.22176
G1 X110.395 Y84.333 E18.22713
G1 X110.395 Y82.84 E18.24752
G1 X110.681 Y82.84 E18.25143
G1 X110.681 Y84.061 E18.26811
G1 X110.967 Y83.789 E18.2735
G1 X110.967 Y82.84 E18.28646
G1 X111.113 Y82.84 E18.28845
G1 X111.113 Y80.055 E18.32649
G1 X111.252 Y80.055 E18.32839
G1 X111.252 Y83.518 E18.37569
G1 X111.538 Y83.246 E18.38108
G1 X111.538 Y80.055 E18.42467
G1 X111.824 Y80.055 E18.42858
G1 X111.824 Y82.975 E18.46846
G1 X112.109 Y82.703 E18.47384
G1 X112.109 Y80.055 E18.51001
G1 X112.395 Y80.055 E18.51392
G1 X112.395 Y82.431 E18.54637
G1 X112.68 Y82.16 E18.55174
G1 X112.68 Y80.055 E18.58049
G1 X112.966 Y80.055 E18.5844
G1 X112.966 Y81.888 E18.60944
G1 X113.252 Y81.617 E18.61482
G1 X113.252 Y80.055 E18.63616
G1 X113.537 Y80.055 E18.64005
G1 X113.537 Y81.345 E18.65767
G1 X113.823 Y81.074 E18.66305
G1 X113.823 Y80.055 E18.67697
G1 X113.899 Y80.055 E18.67801
G1 X113.899 Y77.269 E18.71606
G1 X114.108 Y77.269 E18.71891
G1 X114.108 Y80.802 E18.76717
G1 X114.394 Y80.53 E18.77256
G1 X114.394 Y77.269 E18.8171
G1 X114.68 Y77.269 E18.82101
G1 X114.68 Y80.259 E18.86185
G1 X114.965 Y79.987 E18.86723
G1 X114.965 Y77.269 E18.90436
G1 X115.251 Y77.269 E18.90827
G1 X115.251 Y79.716 E18.94169
G1 X115.537 Y79.444 E18.94708
G1 X115.537 Y77.269 E18.97679
G1 X115.822 Y77.269 E18.98068
G1 X115.822 Y79.172 E19.00667
G1 X116.108 Y78.901 E19.01205
G1 X116.108 Y77.269 E19.03434
G1 X116.393 Y77.269 E19.03823
G1 X116.393 Y78.629 E19.05681
G1 X116.679 Y78.358 E19.06219
G1 X116.684 Y74.483 E19.11512
G1 X116.965 Y74.483 E19.11896
G1 X116.965 Y78.086 E19.16817
G1 X117.25 Y77.815 E19.17354
G1 X117.25 Y74.483 E19.21905
G1 X117.536 Y74.483 E19.22296
G1 X117.536 Y77.543 E19.26476
G1 X117.822 Y77.271 E19.27015
G1 X117.822 Y74.483 E19.30823
G1 X118.107 Y74.483 E19.31212
G1 X118.107 Y77 E19.3465
G1 X118.393 Y76.728 E19.35189
G1 X118.393 Y74.483 E19.38255
G1 X118.678 Y74.483 E19.38644
G1 X118.678 Y76.457 E19.4134
G1 X118.964 Y76.185 E19.41879
G1 X118.964 Y74.483 E19.44204
G1 X119.25 Y74.483 E19.44595
G1 X119.25 Y75.914 E19.4655
G1 X119.535 Y75.642 E19.47088
G1 X119.535 Y71.698 E19.52475
G1 X119.821 Y71.698 E19.52866
G1 X119.821 Y75.37 E19.57882
G1 X120.106 Y75.099 E19.58419
G1 X120.106 Y71.698 E19.63064
G1 X120.392 Y71.698 E19.63455
G1 X120.392 Y74.827 E19.67729
G1 X120.678 Y74.556 E19.68267
G1 X120.678 Y71.698 E19.72171
G1 X120.963 Y71.698 E19.7256
G1 X120.963 Y74.284 E19.76092
G1 X121.249 Y74.012 E19.76631
G1 X121.249 Y71.698 E19.79792
G1 X121.535 Y71.698 E19.80183
G1 X121.535 Y73.741 E19.82974
G1 X121.82 Y73.469 E19.83512
G1 X121.82 Y71.698 E19.85931
G1 X122.106 Y71.698 E19.86322
G1 X122.106 Y73.198 E19.88371
G1 X122.391 Y72.926 E19.88909
G1 X122.391 Y68.912 E19.94392
G1 X122.677 Y68.912 E19.94783
G1 X122.677 Y72.655 E19.99896
G1 X122.963 Y72.383 E20.00435
G1 X122.963 Y68.912 E20.05176
G1 X123.248 Y68.912 E20.05565
G1 X123.248 Y72.111 E20.09935
G1 X123.534 Y71.84 E20.10473
G1 X123.534 Y68.912 E20.14472
G1 X123.82 Y68.912 E20.14863
G1 X123.82 Y71.568 E20.18491
G1 X124.105 Y71.297 E20.19028
G1 X124.105 Y68.912 E20.22286
G1 X124.391 Y68.912 E20.22677
G1 X124.391 Y71.025 E20.25563
G1 X124.676 Y70.753 E20.26101
G1 X124.676 Y68.912 E20.28616
G1 X124.962 Y68.912 E20.29007
G1 X124.962 Y70.482 E20.31151
G1 X125.248 Y70.21 E20.3169
G1 X125.248 Y66.127 E20.37267
G1 X125.533 Y66.127 E20.37656
G1 X125.533 Y69.939 E20.42863
G1 X125.819 Y69.667 E20.43402
G1 X125.819 Y66.127 E20.48237
G1 X126.104 Y66.127 E20.48626
G1 X126.104 Y69.396 E20.53091
G1 X126.39 Y69.124 E20.5363
G1 X126.39 Y66.127 E20.57724
G1 X126.676 Y66.127 E20.58115
G1 X126.676 Y68.852 E20.61837
G1 X126.961 Y68.581 E20.62374
G1 X126.961 Y66.127 E20.65726
G1 X127.247 Y66.127 E20.66117
G1 X127.247 Y68.309 E20.69097
G1 X127.533 Y68.038 E20.69635
G1 X127.533 Y66.127 E20.72245
G1 X127.818 Y66.127 E20.72634
G1 X127.818 Y67.766 E20.74873
G1 X128.104 Y67.495 E20.75411
G1 X128.104 Y63.341 E20.81085
G1 X128.389 Y63.341 E20.81474
G1 X128.389 Y67.223 E20.86776
G1 X128.675 Y66.951 E20.87315
G1 X128.675 Y63.341 E20.92246
G1 X128.961 Y63.341 E20.92637
G1 X128.961 Y66.68 E20.97198
G1 X129.246 Y66.408 E20.97736
G1 X129.246 Y63.341 E21.01925
G1 X129.532 Y63.341 E21.02316
G1 X129.532 Y66.137 E21.06135
G1 X129.818 Y65.865 E21.06674
G1 X129.818 Y63.341 E21.10122
G1 X130.103 Y63.341 E21.10511
G1 X130.103 Y65.593 E21.13587
G1 X130.389 Y65.322 E21.14125
G1 X130.389 Y63.341 E21.16831
G1 X130.612 Y63.341 E21.17136
G1 X130.612 Y60.555 E21.20941
G1 X130.674 Y60.555 E21.21026
G1 X130.674 Y65.05 E21.27166
G1 X130.96 Y64.779 E21.27704
G1 X130.96 Y60.555 E21.33474
G1 X131.246 Y60.555 E21.33865
G1 X131.246 Y64.507 E21.39263
G1 X131.531 Y64.236 E21.398
G1 X131.531 Y60.555 E21.44828
G1 X131.817 Y60.555 E21.45219
G1 X131.817 Y63.964 E21.49875
G1 X132.102 Y63.692 E21.50413
G1 X132.102 Y60.555 E21.54698
G1 X132.388 Y60.555 E21.55089
G1 X132.388 Y63.421 E21.59004
G1 X132.674 Y63.149 E21.59543
G1 X132.674 Y60.555 E21.63086
G1 X132.959 Y60.555 E21.63475
G1 X132.959 Y62.878 E21.66648
G1 X133.245 Y62.606 E21.67187
G1 X133.245 Y60.555 E21.69988
G1 X133.398 Y60.555 E21.70197
G1 X133.398 Y57.77 E21.74001
G1 X133.531 Y57.77 E21.74183
G1 X133.531 Y62.334 E21.80417
G1 X133.816 Y62.063 E21.80954
G1 X133.816 Y57.77 E21.86818
G1 X134.102 Y57.77 E21.87209
G1 X134.102 Y61.791 E21.92701
G1 X134.387 Y61.52 E21.93238
G1 X134.387 Y57.77 E21.9836
G1 X134.673 Y57.77 E21.98751
G1 X134.673 Y61.248 E22.03502
G1 X134.959 Y60.977 E22.0404
G1 X134.959 Y57.77 E22.0842
G1 X135.244 Y57.77 E22.08809
G1 X135.244 Y60.705 E22.12818
G1 X135.53 Y60.433 E22.13357
G1 X135.53 Y57.77 E22.16994
G1 X135.816 Y57.77 E22.17385
G1 X135.816 Y60.162 E22.20652
G1 X136.101 Y59.89 E22.2119
G1 X136.183 Y54.984 E22.27892
G1 X136.387 Y54.984 E22.28171
G1 X136.387 Y59.619 E22.34502
G1 X136.672 Y59.347 E22.3504
G1 X136.672 Y54.984 E22.40999
G1 X136.958 Y54.984 E22.4139
G1 X136.958 Y59.076 E22.46979
G1 X137.244 Y58.804 E22.47518
G1 X137.244 Y54.984 E22.52736
G1 X137.529 Y54.984 E22.53125
G1 X137.529 Y58.532 E22.57971
G1 X137.815 Y58.261 E22.58509
G1 X137.815 Y54.984 E22.62985
G1 X138.1 Y54.984 E22.63374
G1 X138.1 Y57.989 E22.67479
G1 X138.386 Y57.718 E22.68017
G1 X138.386 Y54.984 E22.71751
G1 X138.672 Y54.984 E22.72142
G1 X138.672 Y57.446 E22.75505
G1 X138.957 Y57.174 E22.76043
G1 X138.969 Y52.198 E22.8284
G1 X139.243 Y52.198 E22.83214
G1 X139.243 Y56.903 E22.89641
G1 X139.529 Y56.631 E22.9018
G1 X139.529 Y52.198 E22.96235
G1 X139.814 Y52.198 E22.96624
G1 X139.814 Y56.36 E23.02309
G1 X140.1 Y56.088 E23.02848
G1 X140.1 Y52.198 E23.08161
G1 X140.385 Y52.198 E23.0855
G1 X140.385 Y55.817 E23.13493
G1 X140.671 Y55.545 E23.14032
G1 X140.671 Y52.198 E23.18604
G1 X140.957 Y52.198 E23.18995
G1 X140.957 Y55.273 E23.23195
G1 X141.242 Y55.002 E23.23732
G1 X141.242 Y52.198 E23.27562
G1 X141.528 Y52.198 E23.27953
G1 X141.528 Y54.73 E23.31411
G1 X141.814 Y54.459 E23.31949
G1 X141.814 Y49.413 E23.38841
G1 X142.099 Y49.413 E23.3923
G1 X142.099 Y54.187 E23.45751
G1 X142.385 Y53.915 E23.4629
G1 X142.385 Y49.413 E23.52439
G1 X142.67 Y49.413 E23.52828
G1 X142.67 Y53.644 E23.58607
G1 X142.956 Y53.372 E23.59146
G1 X142.956 Y49.413 E23.64554
G1 X143.242 Y49.413 E23.64945
G1 X143.242 Y53.101 E23.69982
G1 X143.527 Y52.829 E23.7052
G1 X143.527 Y49.413 E23.75186
G1 X143.813 Y49.413 E23.75577
G1 X143.813 Y52.558 E23.79873
G1 X144.098 Y52.286 E23.80411
G1 X144.098 Y49.413 E23.84335
G1 X144.384 Y49.413 E23.84726
G1 X144.384 Y52.014 E23.88279
G1 X144.67 Y51.743 E23.88817
G1 X144.67 Y46.627 E23.95805
G1 X144.955 Y46.627 E23.96194
G1 X144.955 Y51.471 E24.0281
G1 X145.241 Y51.2 E24.03348
G1 X145.241 Y46.627 E24.09594
G1 X145.527 Y46.627 E24.09985
G1 X145.527 Y50.928 E24.1586
G1 X145.812 Y50.657 E24.16397
G1 X145.812 Y46.627 E24.21902
G1 X146.098 Y46.627 E24.22293
G1 X146.098 Y50.385 E24.27426
G1 X146.383 Y50.113 E24.27964
G1 X146.383 Y46.627 E24.32726
G1 X146.669 Y46.627 E24.33117
G1 X146.669 Y49.842 E24.37508
G1 X146.955 Y49.57 E24.38047
G1 X146.955 Y46.627 E24.42067
G1 X147.24 Y46.627 E24.42456
G1 X147.24 Y49.299 E24.46106
G1 X147.526 Y49.027 E24.46645
G1 X147.526 Y43.842 E24.53727
G1 X147.812 Y43.842 E24.54118
G1 X147.812 Y48.755 E24.60829
G1 X148.097 Y48.484 E24.61366
G1 X148.097 Y43.842 E24.67707
G1 X148.383 Y43.842 E24.68098
G1 X148.383 Y48.212 E24.74067
G1 X148.668 Y47.941 E24.74604
G1 X148.668 Y43.842 E24.80203
G1 X148.954 Y43.842 E24.80594
G1 X148.954 Y47.669 E24.85821
G1 X149.24 Y47.398 E24.86359
G1 X149.24 Y43.842 E24.91216
G1 X149.525 Y43.842 E24.91605
G1 X149.525 Y47.126 E24.96091
G1 X149.811 Y46.854 E24.9663
G1 X149.811 Y43.842 E25.00744
G1 X150.096 Y43.842 E25.01133
G1 X150.096 Y46.583 E25.04877
G1 X150.382 Y46.311 E25.05416
G1 X150.382 Y43.842 E25.08788
G1 X150.668 Y43.842 E25.09179
G1 X150.668 Y46.04 E25.12181
G1 X150.953 Y45.768 E25.12719
G1 X150.953 Y43.842 E25.1535
G1 X151.239 Y43.842 E25.15741
G1 X151.239 Y45.496 E25.18
G1 X151.525 Y45.225 E25.18538
G1 X151.525 Y43.842 E25.20427
G1 X151.81 Y43.842 E25.20816
G1 X151.81 Y44.953 E25.22334
G1 X152.096 Y44.682 E25.22872
G1 X152.096 Y43.842 E25.24019
G1 X152.381 Y43.842 E25.24408
G1 X152.381 Y44.41 E25.25184
G1 X152.667 Y44.139 E25.25722
G1 X152.667 Y43.842 E25.26128
G1 X152.897 Y43.842 E25.26442
G1 X152.897 Y41.056 E25.30247
G1 X152.953 Y41.056 E25.30323
G1 X152.953 Y43.867 E25.34163
G1 X153.238 Y43.595 E25.34701
G1 X153.238 Y41.056 E25.38169
G1 X153.524 Y41.056 E25.3856
G1 X153.524 Y43.324 E25.41658
G1 X153.81 Y43.052 E25.42197
G1 X153.81 Y41.056 E25.44923
G1 X154.095 Y41.056 E25.45312
G1 X154.095 Y42.781 E25.47668
G1 X154.381 Y42.509 E25.48207
G1 X154.381 Y41.056 E25.50192
G1 X154.666 Y41.056 E25.50581
G1 X154.666 Y42.238 E25.52196
G1 X154.952 Y41.966 E25.52735
G1 X154.952 Y41.056 E25.53978
G1 X155.238 Y41.056 E25.54369
G1 X155.238 Y41.694 E25.5524
G1 X155.523 Y41.423 E25.55777
G1 X155.523 Y41.056 E25.56278
G1 X155.683 Y41.056 E25.56497
G1 X155.683 Y38.27 E25.60302
G1 X155.809 Y38.27 E25.60474
G1 X155.809 Y41.151 E25.64409
G1 X156.094 Y40.88 E25.64946
G1 X156.094 Y38.27 E25.68511
G1 X156.38 Y38.27 E25.68902
G1 X156.38 Y40.608 E25.72095
G1 X156.666 Y40.336 E25.72634
G1 X156.666 Y38.27 E25.75456
G1 X156.951 Y38.27 E25.75845
G1 X156.951 Y40.065 E25.78297
G1 X157.237 Y39.793 E25.78836
G1 X157.237 Y38.27 E25.80916
G1 X157.523 Y38.27 E25.81307
G1 X157.523 Y39.522 E25.83017
G1 X157.808 Y39.25 E25.83555
G1 X157.808 Y38.27 E25.84894
G1 X158.094 Y38.27 E25.85285
G1 X158.094 Y38.979 E25.86253
G1 X158.379 Y38.707 E25.86791
G1 X158.379 Y38.27 E25.87388
G1 X158.468 Y38.27 E25.8751
G1 X158.468 Y35.485 E25.91314
G1 X158.665 Y35.485 E25.91583
G1 X158.665 Y38.435 E25.95612
G1 X158.951 Y38.164 E25.9615
G1 X158.951 Y35.485 E25.99809
G1 X159.236 Y35.485 E26.00198
G1 X159.236 Y37.892 E26.03486
G1 X159.522 Y37.621 E26.04024
G1 X159.522 Y35.485 E26.06942
G1 X159.808 Y35.485 E26.07333
G1 X159.808 Y37.349 E26.09879
G1 X160.093 Y37.077 E26.10417
G1 X160.093 Y35.485 E26.12592
G1 X160.379 Y35.485 E26.12983
G1 X160.379 Y36.806 E26.14787
G1 X160.664 Y36.534 E26.15325
G1 X160.664 Y35.485 E26.16758
G1 X160.95 Y35.485 E26.17149
G1 X160.95 Y36.263 E26.18212
G1 X161.236 Y35.991 E26.18751
G1 X161.254 Y32.699 E26.23248
G1 X161.521 Y32.699 E26.23613
G1 X161.521 Y35.72 E26.27739
G1 X161.807 Y35.448 E26.28278
G1 X161.807 Y32.699 E26.32033
G1 X162.092 Y32.699 E26.32422
G1 X162.092 Y35.176 E26.35805
G1 X162.378 Y34.905 E26.36343
G1 X162.378 Y32.699 E26.39356
G1 X162.664 Y32.699 E26.39747
G1 X162.664 Y34.633 E26.42389
G1 X162.949 Y34.362 E26.42926
G1 X162.949 Y32.699 E26.45198
G1 X163.235 Y32.699 E26.45589
G1 X163.235 Y34.09 E26.47489
G1 X163.521 Y33.819 E26.48027
G1 X163.521 Y32.699 E26.49557
G1 X163.806 Y32.699 E26.49946
G1 X163.806 Y33.547 E26.51104
G1 X164.092 Y33.275 E26.51643
G1 X164.092 Y29.913 E26.56235
G1 X164.377 Y29.913 E26.56624
G1 X164.377 Y33.004 E26.60846
G1 X164.663 Y32.732 E26.61385
G1 X164.663 Y29.913 E26.65236
G1 X164.949 Y29.913 E26.65627
G1 X164.949 Y32.461 E26.69107
G1 X165.234 Y32.189 E26.69645
G1 X165.234 Y29.913 E26.72754
G1 X165.52 Y29.913 E26.73145
G1 X165.52 Y31.917 E26.75882
G1 X165.806 Y31.646 E26.7642
G1 X165.806 Y29.913 E26.78787
G1 X166.091 Y29.913 E26.79176
G1 X166.091 Y31.374 E26.81172
G1 X166.377 Y31.103 E26.8171
G1 X166.377 Y29.913 E26.83335
G1 X166.662 Y29.913 E26.83724
G1 X166.662 Y30.831 E26.84978
G1 X166.948 Y30.56 E26.85516
G1 X166.948 Y27.128 E26.90204
G1 X167.234 Y27.128 E26.90595
G1 X167.234 Y30.288 E26.94911
G1 X167.519 Y30.016 E26.95449
G1 X167.519 Y27.128 E26.99394
G1 X167.805 Y27.128 E26.99785
G1 X167.805 Y29.745 E27.0336
G1 X168.09 Y29.473 E27.03898
G1 X168.09 Y27.128 E27.07101
G1 X168.376 Y27.128 E27.07492
G1 X168.376 Y29.202 E27.10325
G1 X168.662 Y28.93 E27.10864
G1 X168.662 Y27.128 E27.13325
G1 X168.947 Y27.128 E27.13714
G1 X168.947 Y28.658 E27.15804
G1 X169.233 Y28.387 E27.16342
G1 X169.233 Y27.128 E27.18062
G1 X169.519 Y27.128 E27.18453
G1 X169.519 Y28.115 E27.19801
G1 X169.804 Y27.844 E27.20338
G1 X169.804 Y24.342 E27.25121
G1 X170.09 Y24.342 E27.25512
G1 X170.09 Y27.572 E27.29924
G1 X170.375 Y27.301 E27.30461
G1 X170.375 Y24.342 E27.34503
G1 X170.661 Y24.342 E27.34894
G1 X170.661 Y27.029 E27.38564
G1 X170.947 Y26.757 E27.39103
G1 X170.947 Y24.342 E27.42402
G1 X171.232 Y24.342 E27.42791
G1 X171.232 Y26.486 E27.4572
G1 X171.518 Y26.214 E27.46259
G1 X171.518 Y24.342 E27.48816
G1 X171.804 Y24.342 E27.49207
G1 X171.804 Y25.943 E27.51394
G1 X172.089 Y25.671 E27.51932
G1 X172.089 Y24.342 E27.53747
G1 X172.375 Y24.342 E27.54138
G1 X172.375 Y25.4 E27.55583
G1 X172.66 Y25.128 E27.56121
G1 X172.66 Y21.557 E27.60999
G1 X172.946 Y21.557 E27.6139
G1 X172.946 Y24.856 E27.65896
G1 X173.232 Y24.585 E27.66434
G1 X173.232 Y21.557 E27.7057
G1 X173.517 Y21.557 E27.70959
G1 X173.517 Y24.313 E27.74723
G1 X173.803 Y24.042 E27.75261
G1 X173.803 Y21.557 E27.78655
G1 X174.088 Y21.557 E27.79044
G1 X174.088 Y23.77 E27.82067
G1 X174.374 Y23.498 E27.82606
G1 X174.374 Y21.557 E27.85257
G1 X174.66 Y21.557 E27.85648
G1 X174.66 Y23.227 E27.87929
G1 X174.945 Y22.955 E27.88467
G1 X174.945 Y21.557 E27.90377
G1 X175.182 Y21.557 E27.90701
G1 X175.182 Y18.771 E27.94506
G1 X175.231 Y22.684 E27.99851
G1 X175.517 Y22.412 E28.0039
G1 X175.517 Y18.771 E28.05363
G1 X175.802 Y18.771 E28.05752
G1 X175.802 Y22.141 E28.10355
G1 X176.088 Y21.869 E28.10894
G1 X176.088 Y18.771 E28.15126
G1 X176.373 Y18.771 E28.15515
G1 X176.373 Y21.597 E28.19375
G1 X176.659 Y21.326 E28.19913
G1 X176.659 Y18.771 E28.23403
G1 X176.945 Y18.771 E28.23794
G1 X176.945 Y21.054 E28.26912
G1 X177.23 Y20.783 E28.27449
G1 X177.23 Y18.771 E28.30197
G1 X177.516 Y18.771 E28.30588
G1 X177.516 Y20.511 E28.32965
G1 X177.802 Y20.239 E28.33504
G1 X177.802 Y18.771 E28.35509
G1 X177.968 Y18.771 E28.35736
G1 X177.968 Y15.985 E28.39541
G1 X178.087 Y15.985 E28.39704
G1 X178.087 Y19.968 E28.45144
G1 X178.373 Y19.696 E28.45683
G1 X178.373 Y15.985 E28.50752
G1 X178.658 Y15.985 E28.51141
G1 X178.658 Y19.425 E28.5584
G1 X178.944 Y19.153 E28.56379
G1 X178.944 Y15.985 E28.60706
G1 X179.23 Y15.985 E28.61097
G1 X179.23 Y18.882 E28.65054
G1 X179.515 Y18.61 E28.65592
G1 X179.515 Y15.985 E28.69178
G1 X179.801 Y15.985 E28.69569
G1 X179.801 Y18.338 E28.72783
G1 X180.086 Y18.067 E28.7332
G1 X180.086 Y15.985 E28.76164
G1 X180.372 Y15.985 E28.76555
G1 X180.372 Y17.795 E28.79027
G1 X180.658 Y17.524 E28.79565
G1 X180.658 Y15.985 E28.81667
G1 X180.753 Y15.985 E28.81797
G1 X180.753 Y13.2 E28.85601
G1 X180.943 Y13.2 E28.85861
G1 X180.943 Y17.252 E28.91396
G1 X181.229 Y16.981 E28.91934
G1 X181.229 Y13.2 E28.97099
G1 X181.515 Y13.2 E28.9749
G1 X181.515 Y16.709 E29.02283
G1 X181.8 Y16.437 E29.02821
G1 X181.8 Y13.2 E29.07242
G1 X182.086 Y13.2 E29.07633
G1 X182.086 Y16.166 E29.11684
G1 X182.371 Y15.894 E29.12222
G1 X182.371 Y13.2 E29.15902
G1 X182.657 Y13.2 E29.16293
G1 X182.657 Y15.623 E29.19603
G1 X182.943 Y15.351 E29.20142
G1 X182.943 Y13.2 E29.2308
G1 X183.228 Y13.2 E29.23469
G1 X183.228 Y15.079 E29.26036
G1 X183.514 Y14.808 E29.26574
G1 X183.539 Y10.414 E29.32576
G1 X183.8 Y10.414 E29.32933
G1 X183.8 Y14.536 E29.38563
G1 X184.085 Y14.265 E29.391
G1 X184.085 Y10.414 E29.4436
G1 X184.371 Y10.414 E29.44751
G1 X184.371 Y13.993 E29.4964
G1 X184.656 Y13.722 E29.50177
G1 X184.656 Y10.414 E29.54695
G1 X184.942 Y10.414 E29.55086
G1 X184.942 Y13.45 E29.59233
G1 X185.228 Y13.178 E29.59772
G1 X185.228 Y10.414 E29.63547
G1 X185.513 Y10.414 E29.63936
G1 X185.513 Y12.907 E29.67341
G1 X185.799 Y12.635 E29.6788
G1 X185.799 Y10.414 E29.70914
G1 X186.084 Y10.414 E29.71303
G1 X186.084 Y12.364 E29.73967
G1 X186.37 Y12.092 E29.74506
G1 X186.37 Y7.629 E29.80602
G1 X186.656 Y7.629 E29.80993
G1 X186.656 Y11.82 E29.86718
G1 X186.941 Y11.549 E29.87255
G1 X186.941 Y7.629 E29.92609
G1 X187.227 Y7.629 E29.93
G1 X187.227 Y11.277 E29.97983
G1 X187.513 Y11.006 E29.98521
G1 X187.513 Y7.629 E30.03134
G1 X187.798 Y7.629 E30.03523
G1 X187.798 Y10.734 E30.07764
G1 X188.084 Y10.463 E30.08302
G1 X188.084 Y7.629 E30.12173
G1 X188.369 Y7.629 E30.12562
G1 X188.369 Y10.191 E30.16061
G1 X188.655 Y9.919 E30.166
G1 X188.655 Y7.629 E30.19728
G1 X188.941 Y7.629 E30.20119
G1 X188.941 Y9.648 E30.22877
G1 X189.226 Y9.376 E30.23415
G1 X189.226 Y7.629 E30.25801
G1 X189.512 Y7.629 E30.26192
G1 X189.512 Y9.207 E30.28347
G1 X189.712 Y9.212 E30.2862
G1 X189.798 Y9.302 E30.2879
G1 X189.798 Y7.629 E30.31075
G1 X190.083 Y7.629 E30.31464
G1 X190.083 Y9.602 E30.34159
G1 X190.369 Y9.903 E30.34726
G1 X190.369 Y7.629 E30.37832
G1 X190.654 Y7.629 E30.38221
G1 X190.654 Y10.203 E30.41737
G1 X190.94 Y10.503 E30.42303
G1 X190.94 Y7.629 E30.46229
G1 X191.226 Y7.629 E30.4662
G1 X191.226 Y10.804 E30.50957
G1 X191.511 Y11.104 E30.51522
G1 X191.511 Y7.629 E30.56269
G1 X191.797 Y7.629 E30.5666
G1 X191.797 Y11.591 E30.62072
G1 E28.62072 F2400
G92 E0
G1 X191.797 Y11.591 F7800
G92 E0
G1 X196.779 Y26.556
G1 E2 F2400
G1 F3600
G1 X196.779 Y22.42 E2.05649
G1 X196.493 Y22.692 E2.06188
G1 X196.493 Y26.427 E2.1129
G1 X196.207 Y26.427 E2.11681
G1 X196.207 Y22.964 E2.16411
G1 X195.922 Y23.235 E2.16948
G1 X195.922 Y26.427 E2.21308
G1 X195.636 Y26.427 E2.21699
G1 X195.636 Y23.507 E2.25687
G1 X195.35 Y23.778 E2.26225
G1 X195.35 Y26.427 E2.29843
G1 X195.065 Y26.427 E2.30232
G1 X195.065 Y24.05 E2.33479
G1 X194.779 Y24.322 E2.34018
G1 X194.779 Y26.427 E2.36893
G1 X194.494 Y26.427 E2.37282
G1 X194.494 Y24.593 E2.39787
G1 X194.208 Y24.865 E2.40326
G1 X194.208 Y26.427 E2.4246
G1 X194.092 Y26.427 E2.42618
G1 X194.092 Y29.213 E2.46423
G1 X193.922 Y29.213 E2.46655
G1 X193.922 Y25.136 E2.52224
G1 X193.637 Y25.408 E2.52762
G1 X193.637 Y29.213 E2.57959
G1 X193.351 Y29.213 E2.5835
G1 X193.351 Y25.679 E2.63177
G1 X193.065 Y25.951 E2.63716
G1 X193.065 Y29.213 E2.68172
G1 X192.78 Y29.213 E2.68561
G1 X192.78 Y26.223 E2.72645
G1 X192.494 Y26.494 E2.73183
G1 X192.494 Y29.213 E2.76897
G1 X192.209 Y29.213 E2.77286
G1 X192.209 Y26.766 E2.80628
G1 X191.923 Y27.037 E2.81166
G1 X191.923 Y29.213 E2.84138
G1 X191.637 Y29.213 E2.84529
G1 X191.637 Y27.309 E2.8713
G1 X191.352 Y27.58 E2.87667
G1 X191.306 Y31.999 E2.93703
G1 X191.066 Y31.999 E2.94031
G1 X191.066 Y27.852 E2.99695
G1 X190.781 Y28.124 E3.00233
G1 X190.781 Y31.999 E3.05526
G1 X190.495 Y31.999 E3.05917
G1 X190.495 Y28.395 E3.1084
G1 X190.209 Y28.667 E3.11379
G1 X190.209 Y31.999 E3.1593
G1 X189.924 Y31.999 E3.16319
G1 X189.924 Y28.938 E3.205
G1 X189.638 Y29.21 E3.21039
G1 X189.638 Y31.999 E3.24849
G1 X189.352 Y31.999 E3.2524
G1 X189.352 Y29.482 E3.28678
G1 X189.067 Y29.753 E3.29215
G1 X189.067 Y31.999 E3.32283
G1 X188.781 Y31.999 E3.32674
G1 X188.781 Y30.025 E3.3537
G1 X188.496 Y30.296 E3.35907
G1 X188.496 Y34.784 E3.42037
G1 X188.21 Y34.784 E3.42428
G1 X188.21 Y30.568 E3.48187
G1 X187.924 Y30.839 E3.48725
G1 X187.924 Y34.784 E3.54114
G1 X187.639 Y34.784 E3.54503
G1 X187.639 Y31.111 E3.5952
G1 X187.353 Y31.383 E3.60059
G1 X187.353 Y34.784 E3.64704
G1 X187.067 Y34.784 E3.65095
G1 X187.067 Y31.654 E3.6937
G1 X186.782 Y31.926 E3.69908
G1 X186.782 Y34.784 E3.73812
G1 X186.496 Y34.784 E3.74203
G1 X186.496 Y32.197 E3.77737
G1 X186.211 Y32.469 E3.78275
G1 X186.211 Y34.784 E3.81437
G1 X185.925 Y34.784 E3.81828
G1 X185.925 Y32.741 E3.84619
G1 X185.639 Y33.012 E3.85157
G1 X185.639 Y37.57 E3.91383
G1 X185.354 Y37.57 E3.91772
G1 X185.354 Y33.284 E3.97626
G1 X185.068 Y33.555 E3.98164
G1 X185.068 Y37.57 E4.03648
G1 X184.783 Y37.57 E4.04037
G1 X184.783 Y33.827 E4.0915
G1 X184.497 Y34.098 E4.09688
G1 X184.497 Y37.57 E4.1443
G1 X184.211 Y37.57 E4.14821
G1 X184.211 Y34.37 E4.19192
G1 X183.926 Y34.642 E4.1973
G1 X183.926 Y37.57 E4.23729
G1 X183.64 Y37.57 E4.2412
G1 X183.64 Y34.913 E4.27749
G1 X183.354 Y35.185 E4.28288
G1 X183.354 Y37.57 E4.31546
G1 X183.069 Y37.57 E4.31935
G1 X183.069 Y35.456 E4.34823
G1 X182.783 Y35.728 E4.35362
G1 X182.783 Y40.356 E4.41683
G1 X182.498 Y40.356 E4.42072
G1 X182.498 Y35.999 E4.48023
G1 X182.212 Y36.271 E4.48562
G1 X182.212 Y40.356 E4.54142
G1 X181.926 Y40.356 E4.54533
G1 X181.926 Y36.543 E4.59741
G1 X181.641 Y36.814 E4.60278
G1 X181.641 Y40.356 E4.65116
G1 X181.355 Y40.356 E4.65507
G1 X181.355 Y37.086 E4.69974
G1 X181.069 Y37.357 E4.70512
G1 X181.069 Y40.356 E4.74608
G1 X180.784 Y40.356 E4.74997
G1 X180.784 Y37.629 E4.78722
G1 X180.498 Y37.901 E4.79261
G1 X180.498 Y40.356 E4.82614
G1 X180.213 Y40.356 E4.83003
G1 X180.213 Y38.172 E4.85986
G1 X179.927 Y38.444 E4.86525
G1 X179.927 Y43.141 E4.92941
G1 X179.641 Y43.141 E4.93332
G1 X179.641 Y38.715 E4.99378
G1 X179.356 Y38.987 E4.99916
G1 X179.356 Y43.141 E5.0559
G1 X179.07 Y43.141 E5.05981
G1 X179.07 Y39.258 E5.11285
G1 X178.785 Y39.53 E5.11823
G1 X178.785 Y43.141 E5.16755
G1 X178.499 Y43.141 E5.17146
G1 X178.499 Y39.802 E5.21707
G1 X178.213 Y40.073 E5.22245
G1 X178.213 Y43.141 E5.26436
G1 X177.928 Y43.141 E5.26825
G1 X177.928 Y40.345 E5.30644
G1 X177.642 Y40.616 E5.31182
G1 X177.642 Y43.141 E5.34631
G1 X177.378 Y43.141 E5.34992
G1 X177.378 Y45.927 E5.38797
G1 X177.356 Y40.888 E5.4568
G1 X177.071 Y41.16 E5.46218
G1 X177.071 Y45.927 E5.52729
G1 X176.785 Y45.927 E5.5312
G1 X176.785 Y41.431 E5.59261
G1 X176.5 Y41.703 E5.59799
G1 X176.5 Y45.927 E5.65569
G1 X176.214 Y45.927 E5.6596
G1 X176.214 Y41.974 E5.71359
G1 X175.928 Y42.246 E5.71898
G1 X175.928 Y45.927 E5.76926
G1 X175.643 Y45.927 E5.77315
G1 X175.643 Y42.517 E5.81973
G1 X175.357 Y42.789 E5.82512
G1 X175.357 Y45.927 E5.86798
G1 X175.071 Y45.927 E5.87189
G1 X175.071 Y43.061 E5.91104
G1 X174.786 Y43.332 E5.91641
G1 X174.786 Y45.927 E5.95186
G1 X174.593 Y45.927 E5.9545
G1 X174.593 Y48.712 E5.99254
G1 X174.5 Y48.712 E5.99381
G1 X174.5 Y43.604 E6.06358
G1 X174.215 Y43.875 E6.06895
G1 X174.215 Y48.712 E6.13502
G1 X173.929 Y48.712 E6.13893
G1 X173.929 Y44.147 E6.20128
G1 X173.643 Y44.418 E6.20666
G1 X173.643 Y48.712 E6.26531
G1 X173.358 Y48.712 E6.2692
G1 X173.358 Y44.69 E6.32414
G1 X173.072 Y44.962 E6.32953
G1 X173.072 Y48.712 E6.38075
G1 X172.787 Y48.712 E6.38464
G1 X172.787 Y45.233 E6.43216
G1 X172.501 Y45.505 E6.43755
G1 X172.501 Y48.712 E6.48135
G1 X172.215 Y48.712 E6.48526
G1 X172.215 Y45.776 E6.52536
G1 X171.93 Y46.048 E6.53074
G1 X171.93 Y48.712 E6.56713
G1 X171.807 Y48.712 E6.56881
G1 X171.807 Y51.498 E6.60686
G1 X171.644 Y51.498 E6.60909
G1 X171.644 Y46.32 E6.67982
G1 X171.358 Y46.591 E6.6852
G1 X171.358 Y51.498 E6.75223
G1 X171.073 Y51.498 E6.75612
G1 X171.073 Y46.863 E6.81943
G1 X170.787 Y47.134 E6.82481
G1 X170.787 Y51.498 E6.88442
G1 X170.502 Y51.498 E6.88831
G1 X170.502 Y47.406 E6.9442
G1 X170.216 Y47.677 E6.94958
G1 X170.216 Y51.498 E7.00177
G1 X169.93 Y51.498 E7.00568
G1 X169.93 Y47.949 E7.05416
G1 X169.645 Y48.221 E7.05954
G1 X169.645 Y51.498 E7.1043
G1 X169.359 Y51.498 E7.10821
G1 X169.359 Y48.492 E7.14927
G1 X169.073 Y48.764 E7.15466
G1 X169.021 Y54.284 E7.23006
G1 X168.788 Y54.284 E7.23324
G1 X168.788 Y49.035 E7.30494
G1 X168.502 Y49.307 E7.31033
G1 X168.502 Y54.284 E7.37831
G1 X168.217 Y54.284 E7.3822
G1 X168.217 Y49.579 E7.44647
G1 X167.931 Y49.85 E7.45185
G1 X167.931 Y54.284 E7.51241
G1 X167.645 Y54.284 E7.51632
G1 X167.645 Y50.122 E7.57317
G1 X167.36 Y50.393 E7.57854
G1 X167.36 Y54.284 E7.63169
G1 X167.074 Y54.284 E7.6356
G1 X167.074 Y50.665 E7.68503
G1 X166.789 Y50.936 E7.6904
G1 X166.789 Y54.284 E7.73613
G1 X166.503 Y54.284 E7.74004
G1 X166.503 Y51.208 E7.78206
G1 X166.217 Y51.48 E7.78745
G1 X166.217 Y54.284 E7.82575
G1 X165.932 Y54.284 E7.82964
G1 X165.932 Y51.751 E7.86424
G1 X165.646 Y52.023 E7.86963
G1 X165.646 Y54.284 E7.90051
G1 X165.36 Y54.284 E7.90442
G1 X165.36 Y52.294 E7.9316
G1 X165.075 Y52.566 E7.93698
G1 X165.075 Y54.284 E7.96045
G1 X164.789 Y54.284 E7.96436
G1 X164.789 Y52.837 E7.98412
G1 X164.504 Y53.109 E7.9895
G1 X164.504 Y54.284 E8.00555
G1 X164.218 Y54.284 E8.00946
G1 X164.218 Y53.381 E8.02179
G1 X163.932 Y53.652 E8.02717
G1 X163.932 Y54.284 E8.0358
G1 X163.647 Y54.284 E8.03969
G1 X163.647 Y53.924 E8.04461
G1 X163.361 Y54.195 E8.04999
G1 X163.361 Y57.069 E8.08925
G1 X163.075 Y57.069 E8.09316
G1 X163.075 Y54.467 E8.1287
G1 X162.79 Y54.739 E8.13408
G1 X162.79 Y57.069 E8.16591
G1 X162.504 Y57.069 E8.16982
G1 X162.504 Y55.01 E8.19794
G1 X162.219 Y55.282 E8.20332
G1 X162.219 Y57.069 E8.22773
G1 X161.933 Y57.069 E8.23164
G1 X161.933 Y55.553 E8.25235
G1 X161.647 Y55.825 E8.25774
G1 X161.647 Y57.069 E8.27473
G1 X161.362 Y57.069 E8.27862
G1 X161.362 Y56.096 E8.29191
G1 X161.076 Y56.368 E8.2973
G1 X161.076 Y57.069 E8.30688
G1 X160.791 Y57.069 E8.31077
G1 X160.791 Y56.64 E8.31663
G1 X160.505 Y56.911 E8.32201
G1 X160.505 Y59.855 E8.36222
G1 X160.219 Y59.855 E8.36613
G1 X160.219 Y57.183 E8.40263
G1 X159.934 Y57.454 E8.408
G1 X159.934 Y59.855 E8.4408
G1 X159.648 Y59.855 E8.44471
G1 X159.648 Y57.726 E8.47379
G1 X159.362 Y57.998 E8.47918
G1 X159.362 Y59.855 E8.50454
G1 X159.077 Y59.855 E8.50843
G1 X159.077 Y58.269 E8.53009
G1 X158.791 Y58.541 E8.53548
G1 X158.791 Y59.855 E8.55343
G1 X158.506 Y59.855 E8.55732
G1 X158.506 Y58.812 E8.57157
G1 X158.22 Y59.084 E8.57696
G1 X158.22 Y59.855 E8.58749
G1 X157.934 Y59.855 E8.5914
G1 X157.934 Y59.355 E8.59823
G1 X157.649 Y59.627 E8.60361
G1 X157.649 Y62.641 E8.64478
G1 X157.363 Y62.641 E8.64869
G1 X157.363 Y59.899 E8.68614
G1 X157.077 Y60.17 E8.69152
G1 X157.077 Y62.641 E8.72527
G1 X156.792 Y62.641 E8.72916
G1 X156.792 Y60.442 E8.7592
G1 X156.506 Y60.713 E8.76458
G1 X156.506 Y62.641 E8.79091
G1 X156.221 Y62.641 E8.7948
G1 X156.221 Y60.985 E8.81742
G1 X155.935 Y61.256 E8.8228
G1 X155.935 Y62.641 E8.84172
G1 X155.649 Y62.641 E8.84563
G1 X155.649 Y61.528 E8.86083
G1 X155.364 Y61.8 E8.86621
G1 X155.364 Y62.641 E8.8777
G1 X155.093 Y62.641 E8.8814
G1 X155.093 Y65.426 E8.91944
G1 X155.078 Y62.071 E8.96527
G1 X154.793 Y62.343 E8.97065
G1 X154.793 Y65.426 E9.01276
G1 X154.507 Y65.426 E9.01667
G1 X154.507 Y62.614 E9.05508
G1 X154.221 Y62.886 E9.06047
G1 X154.221 Y65.426 E9.09516
G1 X153.936 Y65.426 E9.09905
G1 X153.936 Y63.158 E9.13003
G1 X153.65 Y63.429 E9.13541
G1 X153.65 Y65.426 E9.16269
G1 X153.364 Y65.426 E9.1666
G1 X153.364 Y63.701 E9.19016
G1 X153.079 Y63.972 E9.19553
G1 X153.079 Y65.426 E9.21539
G1 X152.793 Y65.426 E9.2193
G1 X152.793 Y64.244 E9.23545
G1 X152.508 Y64.515 E9.24082
G1 X152.508 Y65.426 E9.25326
G1 X152.308 Y65.426 E9.25599
G1 X152.308 Y68.212 E9.29404
G1 X152.222 Y68.212 E9.29521
G1 X152.222 Y64.787 E9.34199
G1 X151.936 Y65.059 E9.34738
G1 X151.936 Y68.212 E9.39045
G1 X151.651 Y68.212 E9.39434
G1 X151.651 Y65.33 E9.43371
G1 X151.365 Y65.602 E9.4391
G1 X151.365 Y68.212 E9.47475
G1 X151.079 Y68.212 E9.47866
G1 X151.079 Y65.873 E9.51061
G1 X150.794 Y66.145 E9.51599
G1 X150.794 Y68.212 E9.54422
G1 X150.508 Y68.212 E9.54813
G1 X150.508 Y66.417 E9.57265
G1 X150.223 Y66.688 E9.57802
G1 X150.223 Y68.212 E9.59884
G1 X149.937 Y68.212 E9.60275
G1 X149.937 Y66.96 E9.61985
G1 X149.651 Y67.231 E9.62523
G1 X149.651 Y68.212 E9.63863
G1 X149.522 Y68.212 E9.64039
G1 X149.522 Y70.997 E9.67843
G1 X149.366 Y70.997 E9.68056
G1 X149.366 Y67.503 E9.72828
G1 X149.08 Y67.774 E9.73366
G1 X149.08 Y70.997 E9.77768
G1 X148.795 Y70.997 E9.78157
G1 X148.795 Y68.046 E9.82188
G1 X148.509 Y68.318 E9.82727
G1 X148.509 Y70.997 E9.86386
G1 X148.223 Y70.997 E9.86777
G1 X148.223 Y68.589 E9.90066
G1 X147.938 Y68.861 E9.90604
G1 X147.938 Y70.997 E9.93522
G1 X147.652 Y70.997 E9.93913
G1 X147.652 Y69.132 E9.9646
G1 X147.366 Y69.404 E9.96999
G1 X147.366 Y70.997 E9.99175
G1 X147.081 Y70.997 E9.99564
G1 X147.081 Y69.675 E10.0137
G1 X146.795 Y69.947 E10.01909
G1 X146.736 Y73.783 E10.07149
G1 X146.51 Y73.783 E10.07458
G1 X146.51 Y70.219 E10.12326
G1 X146.224 Y70.49 E10.12864
G1 X146.224 Y73.783 E10.17362
G1 X145.938 Y73.783 E10.17753
G1 X145.938 Y70.762 E10.21879
G1 X145.653 Y71.033 E10.22416
G1 X145.653 Y73.783 E10.26172
G1 X145.367 Y73.783 E10.26563
G1 X145.367 Y71.305 E10.29948
G1 X145.081 Y71.577 E10.30487
G1 X145.081 Y73.783 E10.335
G1 X144.796 Y73.783 E10.33889
G1 X144.796 Y71.848 E10.36532
G1 X144.51 Y72.12 E10.37071
G1 X144.51 Y73.783 E10.39343
G1 X144.225 Y73.783 E10.39732
G1 X144.225 Y72.391 E10.41633
G1 X143.939 Y72.663 E10.42172
G1 X143.939 Y76.569 E10.47507
G1 X143.653 Y76.569 E10.47898
G1 X143.653 Y72.934 E10.52863
G1 X143.368 Y73.206 E10.53401
G1 X143.368 Y76.569 E10.57995
G1 X143.082 Y76.569 E10.58386
G1 X143.082 Y73.478 E10.62608
G1 X142.797 Y73.749 E10.63145
G1 X142.797 Y76.569 E10.66997
G1 X142.511 Y76.569 E10.67388
G1 X142.511 Y74.021 E10.70868
G1 X142.225 Y74.292 E10.71406
G1 X142.225 Y76.569 E10.74516
G1 X141.94 Y76.569 E10.74905
G1 X141.94 Y74.564 E10.77644
G1 X141.654 Y74.836 E10.78183
G1 X141.654 Y76.569 E10.8055
G1 X141.368 Y76.569 E10.80941
G1 X141.368 Y75.107 E10.82938
G1 X141.083 Y75.379 E10.83476
G1 X141.083 Y79.354 E10.88905
G1 X140.797 Y79.354 E10.89296
G1 X140.797 Y75.65 E10.94355
G1 X140.512 Y75.922 E10.94893
G1 X140.512 Y79.354 E10.99581
G1 X140.226 Y79.354 E10.99972
G1 X140.226 Y76.193 E11.0429
G1 X139.94 Y76.465 E11.04829
G1 X139.94 Y79.354 E11.08775
G1 X139.655 Y79.354 E11.09164
G1 X139.655 Y76.737 E11.12739
G1 X139.369 Y77.008 E11.13277
G1 X139.369 Y79.354 E11.16481
G1 X139.083 Y79.354 E11.16872
G1 X139.083 Y77.28 E11.19705
G1 X138.798 Y77.551 E11.20242
G1 X138.798 Y79.354 E11.22705
G1 X138.512 Y79.354 E11.23096
G1 X138.512 Y77.823 E11.25187
G1 X138.227 Y78.094 E11.25724
G1 X138.227 Y82.14 E11.3125
G1 X137.941 Y82.14 E11.31641
G1 X137.941 Y78.366 E11.36796
G1 X137.655 Y78.638 E11.37335
G1 X137.655 Y82.14 E11.42118
G1 X137.37 Y82.14 E11.42507
G1 X137.37 Y78.909 E11.4692
G1 X137.084 Y79.181 E11.47459
G1 X137.084 Y82.14 E11.51501
G1 X136.799 Y82.14 E11.5189
G1 X136.799 Y79.452 E11.55562
G1 X136.513 Y79.724 E11.56101
G1 X136.513 Y82.14 E11.59401
G1 X136.227 Y82.14 E11.59792
G1 X136.227 Y79.996 E11.62721
G1 X135.942 Y80.267 E11.63258
G1 X135.942 Y82.14 E11.65816
G1 X135.656 Y82.14 E11.66207
G1 X135.656 Y80.539 E11.68394
G1 X135.37 Y80.81 E11.68932
G1 X135.37 Y84.925 E11.74553
G1 X135.085 Y84.925 E11.74942
G1 X135.085 Y81.082 E11.80191
G1 X134.799 Y81.353 E11.80729
G1 X134.799 Y84.925 E11.85608
G1 X134.514 Y84.925 E11.85997
G1 X134.514 Y81.625 E11.90505
G1 X134.228 Y81.897 E11.91044
G1 X134.228 Y84.925 E11.9518
G1 X133.942 Y84.925 E11.95571
G1 X133.942 Y82.168 E11.99337
G1 X133.657 Y82.44 E11.99875
G1 X133.657 Y84.925 E12.03269
G1 X133.371 Y84.925 E12.0366
G1 X133.371 Y82.711 E12.06684
G1 X133.085 Y82.983 E12.07223
G1 X133.085 Y84.925 E12.09876
G1 X132.808 Y84.925 E12.10254
G1 X132.808 Y87.711 E12.14059
G1 X132.8 Y83.255 E12.20146
G1 X132.514 Y83.526 E12.20684
G1 X132.514 Y87.711 E12.264
G1 X132.229 Y87.711 E12.26789
G1 X132.229 Y83.798 E12.32134
G1 X131.943 Y84.069 E12.32672
G1 X131.943 Y87.711 E12.37647
G1 X131.657 Y87.711 E12.38038
G1 X131.657 Y84.341 E12.42641
G1 X131.372 Y84.612 E12.43178
G1 X131.372 Y87.711 E12.47411
G1 X131.086 Y87.711 E12.47802
G1 X131.086 Y84.884 E12.51663
G1 X130.801 Y85.156 E12.52201
G1 X130.801 Y87.711 E12.55691
G1 X130.515 Y87.711 E12.56082
G1 X130.515 Y85.427 E12.59202
G1 X130.229 Y85.699 E12.59741
G1 X130.229 Y87.711 E12.62489
G1 X130.023 Y87.711 E12.6277
G1 X130.023 Y90.497 E12.66575
G1 X129.944 Y90.497 E12.66683
G1 X129.944 Y85.97 E12.72866
G1 X129.658 Y86.242 E12.73405
G1 X129.658 Y90.497 E12.79217
G1 X129.372 Y90.497 E12.79608
G1 X129.372 Y86.513 E12.8505
G1 X129.087 Y86.785 E12.85588
G1 X129.087 Y90.497 E12.90658
G1 X128.801 Y90.497 E12.91049
G1 X128.801 Y87.057 E12.95748
G1 X128.516 Y87.328 E12.96285
G1 X128.516 Y90.497 E13.00614
G1 X128.23 Y90.497 E13.01005
G1 X128.23 Y87.6 E13.04962
G1 X127.944 Y87.871 E13.055
G1 X127.944 Y90.497 E13.09087
G1 X127.659 Y90.497 E13.09476
G1 X127.659 Y88.143 E13.12691
G1 X127.373 Y88.415 E13.1323
G1 X127.373 Y90.497 E13.16074
G1 X127.237 Y90.497 E13.1626
G1 X127.237 Y93.282 E13.20064
G1 X127.087 Y93.282 E13.20269
G1 X127.087 Y88.686 E13.26547
G1 X126.802 Y88.958 E13.27085
G1 X126.802 Y93.282 E13.32991
G1 X126.516 Y93.282 E13.33382
G1 X126.516 Y89.229 E13.38918
G1 X126.231 Y89.501 E13.39456
G1 X126.231 Y93.282 E13.44621
G1 X125.945 Y93.282 E13.45012
G1 X125.945 Y89.772 E13.49806
G1 X125.659 Y90.044 E13.50345
G1 X125.659 Y93.282 E13.54768
G1 X125.374 Y93.282 E13.55157
G1 X125.374 Y90.316 E13.59208
G1 X125.088 Y90.587 E13.59746
G1 X125.088 Y93.282 E13.63427
G1 X124.803 Y93.282 E13.63816
G1 X124.803 Y90.859 E13.67126
G1 X124.517 Y91.13 E13.67664
G1 X124.451 Y96.068 E13.74409
G1 X124.231 Y96.068 E13.7471
G1 X124.231 Y91.402 E13.81083
G1 X123.946 Y91.674 E13.81621
G1 X123.946 Y96.068 E13.87623
G1 X123.66 Y96.068 E13.88014
G1 X123.66 Y91.945 E13.93646
G1 X123.374 Y92.217 E13.94185
G1 X123.374 Y96.068 E13.99445
G1 X123.089 Y96.068 E13.99834
G1 X123.089 Y92.488 E14.04724
G1 X122.803 Y92.76 E14.05263
G1 X122.803 Y96.068 E14.09781
G1 X122.518 Y96.068 E14.1017
G1 X122.518 Y93.031 E14.14318
G1 X122.232 Y93.303 E14.14857
G1 X122.232 Y96.068 E14.18634
G1 X121.946 Y96.068 E14.19025
G1 X121.946 Y93.575 E14.2243
G1 X121.661 Y93.846 E14.22967
G1 X121.661 Y98.854 E14.29807
G1 X121.375 Y98.854 E14.30198
G1 X121.375 Y94.118 E14.36667
G1 X121.089 Y94.389 E14.37205
G1 X121.089 Y98.854 E14.43304
G1 X120.804 Y98.854 E14.43693
G1 X120.804 Y94.661 E14.4942
G1 X120.518 Y94.932 E14.49958
G1 X120.518 Y98.854 E14.55315
G1 X120.233 Y98.854 E14.55704
G1 X120.233 Y95.204 E14.6069
G1 X119.947 Y95.476 E14.61229
G1 X119.947 Y98.854 E14.65843
G1 X119.661 Y98.854 E14.66234
G1 X119.661 Y95.747 E14.70478
G1 X119.376 Y96.019 E14.71016
G1 X119.376 Y98.854 E14.74888
G1 X119.09 Y98.854 E14.75279
G1 X119.09 Y96.29 E14.78781
G1 X118.805 Y96.562 E14.79319
G1 X118.805 Y101.639 E14.86254
G1 X118.519 Y101.639 E14.86645
G1 X118.519 Y96.834 E14.93208
G1 X118.233 Y97.105 E14.93746
G1 X118.233 Y101.639 E14.99939
G1 X117.948 Y101.639 E15.00328
G1 X117.948 Y97.377 E15.0615
G1 X117.662 Y97.648 E15.06688
G1 X117.662 Y101.639 E15.12139
G1 X117.376 Y101.639 E15.1253
G1 X117.376 Y97.92 E15.1761
G1 X117.091 Y98.191 E15.18147
G1 X117.091 Y101.639 E15.22857
G1 X116.805 Y101.639 E15.23248
G1 X116.805 Y98.463 E15.27586
G1 X116.52 Y98.735 E15.28124
G1 X116.52 Y101.639 E15.32091
G1 X116.234 Y101.639 E15.32482
G1 X116.234 Y99.006 E15.36078
G1 X115.948 Y99.278 E15.36617
G1 X115.948 Y104.425 E15.43647
G1 X115.663 Y104.425 E15.44036
G1 X115.663 Y99.549 E15.50696
G1 X115.377 Y99.821 E15.51235
G1 X115.377 Y104.425 E15.57524
G1 X115.091 Y104.425 E15.57915
G1 X115.091 Y100.093 E15.63832
G1 X114.806 Y100.364 E15.64369
G1 X114.806 Y104.425 E15.69916
G1 X114.52 Y104.425 E15.70307
G1 X114.52 Y100.636 E15.75482
G1 X114.235 Y100.907 E15.76019
G1 X114.235 Y104.425 E15.80824
G1 X113.949 Y104.425 E15.81215
G1 X113.949 Y101.179 E15.85649
G1 X113.663 Y101.45 E15.86187
G1 X113.663 Y104.425 E15.90251
G1 X113.378 Y104.425 E15.9064
G1 X113.378 Y101.722 E15.94332
G1 X113.092 Y101.994 E15.94871
G1 X113.092 Y107.21 E16.01996
G1 X112.807 Y107.21 E16.02385
G1 X112.807 Y102.265 E16.09139
G1 X112.521 Y102.537 E16.09678
G1 X112.521 Y107.21 E16.16061
G1 X112.235 Y107.21 E16.16452
G1 X112.235 Y102.808 E16.22465
G1 X111.95 Y103.08 E16.23003
G1 X111.95 Y107.21 E16.28644
G1 X111.664 Y107.21 E16.29035
G1 X111.664 Y103.351 E16.34306
G1 X111.378 Y103.623 E16.34845
G1 X111.378 Y107.21 E16.39745
G1 X111.093 Y107.21 E16.40134
G1 X111.093 Y103.895 E16.44662
G1 X110.807 Y104.166 E16.452
G1 X110.807 Y107.21 E16.49358
G1 X110.522 Y107.21 E16.49747
G1 X110.522 Y104.438 E16.53533
G1 X110.236 Y104.709 E16.54071
G1 X110.236 Y107.21 E16.57487
G1 X109.95 Y107.21 E16.57878
G1 X109.95 Y104.981 E16.60923
G1 X109.665 Y105.253 E16.61461
G1 X109.665 Y107.21 E16.64134
G1 X109.379 Y107.21 E16.64525
G1 X109.379 Y105.524 E16.66828
G1 X109.093 Y105.796 E16.67367
G1 X109.093 Y107.21 E16.69298
G1 X108.808 Y107.21 E16.69687
G1 X108.808 Y106.067 E16.71248
G1 X108.522 Y106.339 E16.71787
G1 X108.522 Y107.21 E16.72977
G1 X108.237 Y107.21 E16.73366
G1 X108.237 Y106.61 E16.74186
G1 X107.951 Y106.882 E16.74725
G1 X107.951 Y107.21 E16.75173
G1 X107.738 Y107.21 E16.75464
G1 X107.738 Y109.996 E16.79269
G1 X107.665 Y109.996 E16.79369
G1 X107.665 Y107.154 E16.83251
G1 X107.38 Y107.425 E16.83788
G1 X107.38 Y109.996 E16.873
G1 X107.094 Y109.996 E16.87691
G1 X107.094 Y107.697 E16.90831
G1 X106.809 Y107.968 E16.91368
G1 X106.809 Y109.996 E16.94138
G1 X106.523 Y109.996 E16.94529
G1 X106.523 Y108.24 E16.96928
G1 X106.237 Y108.512 E16.97467
G1 X106.237 Y109.996 E16.99494
G1 X105.952 Y109.996 E16.99883
G1 X105.952 Y108.783 E17.0154
G1 X105.666 Y109.055 E17.02079
G1 X105.666 Y109.996 E17.03364
G1 X105.38 Y109.996 E17.03755
G1 X105.38 Y109.326 E17.0467
G1 X105.095 Y109.598 E17.05208
G1 X105.095 Y109.996 E17.05752
G1 X104.952 Y109.996 E17.05947
G1 X104.952 Y112.782 E17.09752
G1 X104.809 Y112.782 E17.09947
G1 X104.809 Y109.869 E17.13926
G1 X104.524 Y110.141 E17.14464
G1 X104.524 Y112.782 E17.18071
G1 X104.238 Y112.782 E17.18462
G1 X104.238 Y110.413 E17.21698
G1 X103.952 Y110.684 E17.22236
G1 X103.952 Y112.782 E17.25102
G1 X103.667 Y112.782 E17.25491
G1 X103.667 Y110.956 E17.27985
G1 X103.381 Y111.227 E17.28523
G1 X103.381 Y112.782 E17.30647
G1 X103.095 Y112.782 E17.31038
G1 X103.095 Y111.499 E17.3279
G1 X102.81 Y111.77 E17.33327
G1 X102.81 Y112.782 E17.34709
G1 X102.524 Y112.782 E17.351
G1 X102.524 Y112.042 E17.36111
G1 X102.239 Y112.314 E17.36649
G1 X102.239 Y112.782 E17.37288
G1 X102.166 Y112.782 E17.37388
G1 X102.166 Y115.567 E17.41192
G1 X101.953 Y115.567 E17.41483
G1 X101.953 Y112.585 E17.45556
G1 X101.667 Y112.857 E17.46095
G1 X101.667 Y115.567 E17.49797
G1 X101.382 Y115.567 E17.50186
G1 X101.382 Y113.128 E17.53517
G1 X101.096 Y113.4 E17.54056
G1 X101.096 Y115.567 E17.57016
G1 X100.811 Y115.567 E17.57405
G1 X100.811 Y113.672 E17.59993
G1 X100.525 Y113.943 E17.60531
G1 X100.525 Y115.567 E17.62749
G1 X100.239 Y115.567 E17.6314
G1 X100.239 Y114.215 E17.64987
G1 X99.954 Y114.486 E17.65524
G1 X99.954 Y115.567 E17.67001
G1 X99.668 Y115.567 E17.67392
G1 X99.668 Y114.758 E17.68497
G1 X99.382 Y115.029 E17.69035
G1 X99.381 Y118.353 E17.73575
G1 X99.097 Y118.353 E17.73963
G1 X99.097 Y115.301 E17.78132
G1 X98.811 Y115.573 E17.78671
G1 X98.811 Y118.353 E17.82468
G1 X98.526 Y118.353 E17.82857
G1 X98.526 Y115.844 E17.86284
G1 X98.24 Y116.116 E17.86823
G1 X98.24 Y118.353 E17.89879
G1 X97.954 Y118.353 E17.9027
G1 X97.954 Y116.387 E17.92955
G1 X97.669 Y116.659 E17.93493
G1 X97.669 Y118.353 E17.95807
G1 X97.383 Y118.353 E17.96198
G1 X97.383 Y116.931 E17.9814
G1 X97.097 Y117.202 E17.98678
G1 X97.097 Y118.353 E18.0025
G1 X96.812 Y118.353 E18.00639
G1 X96.812 Y117.474 E18.0184
G1 X96.526 Y117.745 E18.02378
G1 X96.526 Y121.139 E18.07014
G1 X96.241 Y121.139 E18.07403
G1 X96.241 Y118.017 E18.11667
G1 X95.955 Y118.288 E18.12205
G1 X95.955 Y121.139 E18.16099
G1 X95.669 Y121.139 E18.1649
G1 X95.669 Y118.56 E18.20013
G1 X95.384 Y118.832 E18.20551
G1 X95.384 Y121.139 E18.23702
G1 X95.098 Y121.139 E18.24093
G1 X95.098 Y119.103 E18.26874
G1 X94.813 Y119.375 E18.27412
G1 X94.813 Y121.139 E18.29821
G1 X94.527 Y121.139 E18.30212
G1 X94.527 Y119.646 E18.32251
G1 X94.241 Y119.918 E18.3279
G1 X94.241 Y121.139 E18.34458
G1 X93.956 Y121.139 E18.34847
G1 X93.956 Y120.189 E18.36145
G1 X93.67 Y120.461 E18.36684
G1 X93.67 Y123.924 E18.41414
G1 X93.384 Y123.924 E18.41805
G1 X93.384 Y120.733 E18.46164
G1 X93.099 Y121.004 E18.46701
G1 X93.099 Y123.924 E18.50689
G1 X92.813 Y123.924 E18.5108
G1 X92.813 Y121.276 E18.54697
G1 X92.528 Y121.547 E18.55234
G1 X92.528 Y123.924 E18.58481
G1 X92.242 Y123.924 E18.58872
G1 X92.242 Y121.819 E18.61747
G1 X91.956 Y122.091 E18.62286
G1 X91.956 Y123.924 E18.6479
G1 X91.671 Y123.924 E18.65179
G1 X91.671 Y122.362 E18.67313
G1 X91.385 Y122.634 E18.67852
G1 X91.385 Y123.924 E18.69614
G1 X91.099 Y123.924 E18.70005
G1 X91.099 Y122.905 E18.71397
G1 X90.814 Y123.177 E18.71935
G1 X90.814 Y126.71 E18.76761
G1 X90.528 Y126.71 E18.77152
G1 X90.528 Y123.448 E18.81608
G1 X90.243 Y123.72 E18.82146
G1 X90.243 Y126.71 E18.8623
G1 X89.957 Y126.71 E18.86621
G1 X89.957 Y123.992 E18.90334
G1 X89.671 Y124.263 E18.90872
G1 X89.671 Y126.71 E18.94214
G1 X89.386 Y126.71 E18.94603
G1 X89.386 Y124.535 E18.97574
G1 X89.1 Y124.806 E18.98112
G1 X89.1 Y126.71 E19.00713
G1 X88.815 Y126.71 E19.01102
G1 X88.815 Y125.078 E19.03331
G1 X88.529 Y125.35 E19.0387
G1 X88.529 Y126.71 E19.05728
G1 X88.243 Y126.71 E19.06119
G1 X88.243 Y125.621 E19.07606
G1 X87.958 Y125.893 E19.08144
G1 X87.958 Y129.495 E19.13064
G1 X87.672 Y129.495 E19.13455
G1 X87.672 Y126.164 E19.18005
G1 X87.386 Y126.436 E19.18544
G1 X87.386 Y129.495 E19.22722
G1 X87.101 Y129.495 E19.23111
G1 X87.101 Y126.707 E19.26919
G1 X86.815 Y126.979 E19.27458
G1 X86.815 Y129.495 E19.30895
G1 X86.53 Y129.495 E19.31284
G1 X86.53 Y127.251 E19.34349
G1 X86.244 Y127.522 E19.34887
G1 X86.244 Y129.495 E19.37582
G1 X85.958 Y129.495 E19.37973
G1 X85.958 Y127.794 E19.40296
G1 X85.673 Y128.065 E19.40833
G1 X85.673 Y129.495 E19.42786
G1 X85.453 Y129.495 E19.43087
G1 X85.453 Y132.281 E19.46892
G1 X85.387 Y132.281 E19.46982
G1 X85.387 Y128.337 E19.52369
G1 X85.101 Y128.608 E19.52907
G1 X85.101 Y132.281 E19.57924
G1 X84.816 Y132.281 E19.58313
G1 X84.816 Y128.88 E19.62958
G1 X84.53 Y129.152 E19.63497
G1 X84.53 Y132.281 E19.67771
G1 X84.245 Y132.281 E19.6816
G1 X84.245 Y129.423 E19.72064
G1 X83.959 Y129.695 E19.72603
G1 X83.959 Y132.281 E19.76135
G1 X83.673 Y132.281 E19.76526
G1 X83.673 Y129.966 E19.79688
G1 X83.388 Y130.238 E19.80226
G1 X83.388 Y132.281 E19.83017
G1 X83.102 Y132.281 E19.83408
G1 X83.102 Y130.51 E19.85827
G1 X82.817 Y130.781 E19.86364
G1 X82.817 Y132.281 E19.88413
G1 X82.667 Y132.281 E19.88618
G1 X82.667 Y135.067 E19.92423
G1 X82.531 Y135.067 E19.92609
G1 X82.531 Y131.053 E19.98092
G1 X82.245 Y131.324 E19.9863
G1 X82.245 Y135.067 E20.03743
G1 X81.96 Y135.067 E20.04132
G1 X81.96 Y131.596 E20.08873
G1 X81.674 Y131.867 E20.09411
G1 X81.674 Y135.067 E20.13782
G1 X81.388 Y135.067 E20.14173
G1 X81.388 Y132.139 E20.18172
G1 X81.103 Y132.411 E20.1871
G1 X81.103 Y135.067 E20.22338
G1 X80.817 Y135.067 E20.22729
G1 X80.817 Y132.682 E20.25987
G1 X80.532 Y132.954 E20.26525
G1 X80.532 Y135.067 E20.29411
G1 X80.246 Y135.067 E20.29802
G1 X80.246 Y133.225 E20.32318
G1 X79.96 Y133.497 E20.32857
G1 X79.96 Y135.067 E20.35001
G1 X79.882 Y135.067 E20.35108
G1 X79.882 Y137.852 E20.38912
G1 X79.675 Y137.852 E20.39195
G1 X79.675 Y133.769 E20.44772
G1 X79.389 Y134.04 E20.4531
G1 X79.389 Y137.852 E20.50517
G1 X79.103 Y137.852 E20.50908
G1 X79.103 Y134.312 E20.55743
G1 X78.818 Y134.583 E20.5628
G1 X78.818 Y137.852 E20.60745
G1 X78.532 Y137.852 E20.61136
G1 X78.532 Y134.855 E20.6523
G1 X78.247 Y135.126 E20.65767
G1 X78.247 Y137.852 E20.6949
G1 X77.961 Y137.852 E20.69881
G1 X77.961 Y135.398 E20.73233
G1 X77.675 Y135.67 E20.73772
G1 X77.675 Y137.852 E20.76752
G1 X77.39 Y137.852 E20.77141
G1 X77.39 Y135.941 E20.79751
G1 X77.104 Y136.213 E20.8029
G1 X77.096 Y140.638 E20.86334
G1 X76.819 Y140.638 E20.86712
G1 X76.819 Y136.484 E20.92386
G1 X76.533 Y136.756 E20.92925
G1 X76.533 Y140.638 E20.98227
G1 X76.247 Y140.638 E20.98618
G1 X76.247 Y137.027 E21.0355
G1 X75.962 Y137.299 E21.04088
G1 X75.962 Y140.638 E21.08649
G1 X75.676 Y140.638 E21.0904
G1 X75.676 Y137.571 E21.13229
G1 X75.39 Y137.842 E21.13767
G1 X75.39 Y140.638 E21.17586
G1 X75.105 Y140.638 E21.17975
G1 X75.105 Y138.114 E21.21423
G1 X74.819 Y138.385 E21.21961
G1 X74.819 Y140.638 E21.25038
G1 X74.534 Y140.638 E21.25427
G1 X74.534 Y138.657 E21.28133
G1 X74.248 Y138.929 E21.28672
G1 X74.248 Y143.423 E21.3481
G1 X73.962 Y143.423 E21.35201
G1 X73.962 Y139.2 E21.40969
G1 X73.677 Y139.472 E21.41507
G1 X73.677 Y143.423 E21.46904
G1 X73.391 Y143.423 E21.47295
G1 X73.391 Y139.743 E21.52322
G1 X73.105 Y140.015 E21.52861
G1 X73.105 Y143.423 E21.57516
G1 X72.82 Y143.423 E21.57905
G1 X72.82 Y140.286 E21.6219
G1 X72.534 Y140.558 E21.62729
G1 X72.534 Y143.423 E21.66642
G1 X72.249 Y143.423 E21.67031
G1 X72.249 Y140.83 E21.70573
G1 X71.963 Y141.101 E21.71111
G1 X71.963 Y143.423 E21.74283
G1 X71.677 Y143.423 E21.74674
G1 X71.677 Y141.373 E21.77474
G1 X71.392 Y141.644 E21.78011
G1 X71.392 Y146.209 E21.84246
G1 X71.106 Y146.209 E21.84637
G1 X71.106 Y141.916 E21.90501
G1 X70.821 Y142.188 E21.91039
G1 X70.821 Y146.209 E21.96531
G1 X70.535 Y146.209 E21.96922
G1 X70.535 Y142.459 E22.02044
G1 X70.249 Y142.731 E22.02583
G1 X70.249 Y146.209 E22.07334
G1 X69.964 Y146.209 E22.07723
G1 X69.964 Y143.002 E22.12103
G1 X69.678 Y143.274 E22.12642
G1 X69.678 Y146.209 E22.16651
G1 X69.392 Y146.209 E22.17042
G1 X69.392 Y143.545 E22.20681
G1 X69.107 Y143.817 E22.21219
G1 X69.107 Y146.209 E22.24486
G1 X68.821 Y146.209 E22.24877
G1 X68.821 Y144.089 E22.27773
G1 X68.536 Y144.36 E22.2831
G1 X68.536 Y148.995 E22.34641
G1 X68.25 Y148.995 E22.35032
G1 X68.25 Y144.632 E22.40991
G1 X67.964 Y144.903 E22.41529
G1 X67.964 Y148.995 E22.47118
G1 X67.679 Y148.995 E22.47507
G1 X67.679 Y145.175 E22.52725
G1 X67.393 Y145.446 E22.53263
G1 X67.393 Y148.995 E22.58111
G1 X67.107 Y148.995 E22.58502
G1 X67.107 Y145.718 E22.62978
G1 X66.822 Y145.99 E22.63516
G1 X66.822 Y148.995 E22.67621
G1 X66.536 Y148.995 E22.68012
G1 X66.536 Y146.261 E22.71746
G1 X66.251 Y146.533 E22.72284
G1 X66.251 Y148.995 E22.75647
G1 X65.965 Y148.995 E22.76038
G1 X65.965 Y146.804 E22.79031
G1 X65.679 Y147.076 E22.7957
G1 X65.679 Y151.78 E22.85995
G1 X65.394 Y151.78 E22.86384
G1 X65.394 Y147.348 E22.92438
G1 X65.108 Y147.619 E22.92976
G1 X65.108 Y151.78 E22.9866
G1 X64.823 Y151.78 E22.99049
G1 X64.823 Y147.891 E23.04361
G1 X64.537 Y148.162 E23.04899
G1 X64.537 Y151.78 E23.09841
G1 X64.251 Y151.78 E23.10232
G1 X64.251 Y148.434 E23.14802
G1 X63.966 Y148.705 E23.15339
G1 X63.966 Y151.78 E23.19539
G1 X63.68 Y151.78 E23.1993
G1 X63.68 Y148.977 E23.23759
G1 X63.394 Y149.249 E23.24298
G1 X63.394 Y151.78 E23.27755
G1 X63.168 Y151.78 E23.28064
G1 X63.168 Y154.566 E23.31869
G1 X63.109 Y154.566 E23.3195
G1 X63.109 Y149.52 E23.38842
G1 X62.823 Y149.792 E23.39381
G1 X62.823 Y154.566 E23.45902
G1 X62.538 Y154.566 E23.46291
G1 X62.538 Y150.063 E23.52442
G1 X62.252 Y150.335 E23.52981
G1 X62.252 Y154.566 E23.5876
G1 X61.966 Y154.566 E23.59151
G1 X61.966 Y150.607 E23.64559
G1 X61.681 Y150.878 E23.65096
G1 X61.681 Y154.566 E23.70133
G1 X61.395 Y154.566 E23.70524
G1 X61.395 Y151.15 E23.7519
G1 X61.11 Y151.421 E23.75727
G1 X61.11 Y154.566 E23.80023
G1 X60.824 Y154.566 E23.80414
G1 X60.824 Y151.693 E23.84338
G1 X60.538 Y151.964 E23.84876
G1 X60.538 Y154.566 E23.8843
G1 X60.382 Y154.566 E23.88643
G1 X60.382 Y157.352 E23.92448
G1 X60.253 Y157.352 E23.92624
G1 X60.253 Y152.236 E23.99612
G1 X59.967 Y152.508 E24.00151
G1 X59.967 Y157.352 E24.06767
G1 X59.681 Y157.352 E24.07158
G1 X59.681 Y152.779 E24.13404
G1 X59.396 Y153.051 E24.13942
G1 X59.396 Y157.352 E24.19817
G1 X59.11 Y157.352 E24.20208
G1 X59.11 Y153.322 E24.25713
G1 X58.825 Y153.594 E24.26251
G1 X58.825 Y157.352 E24.31384
G1 X58.539 Y157.352 E24.31775
G1 X58.539 Y153.865 E24.36538
G1 X58.253 Y154.137 E24.37077
G1 X58.253 Y157.352 E24.41468
G1 X57.968 Y157.352 E24.41857
G1 X57.968 Y154.409 E24.45877
G1 X57.682 Y154.68 E24.46415
G1 X57.597 Y160.137 E24.5387
G1 X57.396 Y160.137 E24.54145
G1 X57.396 Y154.952 E24.61227
G1 X57.111 Y155.223 E24.61764
G1 X57.111 Y160.137 E24.68476
G1 X56.825 Y160.137 E24.68867
G1 X56.825 Y155.495 E24.75208
G1 X56.54 Y155.767 E24.75746
G1 X56.54 Y160.137 E24.81715
G1 X56.254 Y160.137 E24.82106
G1 X56.254 Y156.038 E24.87705
G1 X55.968 Y156.31 E24.88244
G1 X55.968 Y160.137 E24.93471
G1 X55.683 Y160.137 E24.9386
G1 X55.683 Y156.581 E24.98717
G1 X55.397 Y156.853 E24.99256
G1 X55.397 Y160.137 E25.03742
G1 X55.111 Y160.137 E25.04133
G1 X55.112 Y157.124 E25.08248
G1 X54.826 Y157.396 E25.08787
G1 X54.826 Y160.137 E25.12531
G1 X54.54 Y160.137 E25.12922
G1 X54.54 Y157.668 E25.16294
G1 X54.255 Y157.939 E25.16831
G1 X54.255 Y160.137 E25.19833
G1 X53.969 Y160.137 E25.20224
G1 X53.969 Y158.211 E25.22855
G1 X53.683 Y158.482 E25.23393
G1 X53.683 Y160.137 E25.25654
G1 X53.398 Y160.137 E25.26043
G1 X53.398 Y158.754 E25.27932
G1 X53.112 Y159.026 E25.28471
G1 X53.112 Y160.137 E25.29989
G1 X52.827 Y160.137 E25.30378
G1 X52.827 Y159.297 E25.31525
G1 X52.541 Y159.569 E25.32064
G1 X52.541 Y160.137 E25.3284
G1 X52.255 Y160.137 E25.33231
G1 X52.255 Y159.84 E25.33637
G1 X51.97 Y160.112 E25.34175
G1 X51.97 Y162.923 E25.38015
G1 X51.684 Y162.923 E25.38406
G1 X51.684 Y160.383 E25.41875
G1 X51.398 Y160.655 E25.42414
G1 X51.398 Y162.923 E25.45512
G1 X51.113 Y162.923 E25.45901
G1 X51.113 Y160.927 E25.48627
G1 X50.827 Y161.198 E25.49165
G1 X50.827 Y162.923 E25.51521
G1 X50.542 Y162.923 E25.5191
G1 X50.542 Y161.47 E25.53895
G1 X50.256 Y161.741 E25.54433
G1 X50.256 Y162.923 E25.56048
G1 X49.97 Y162.923 E25.56439
G1 X49.97 Y162.013 E25.57682
G1 X49.685 Y162.284 E25.58219
G1 X49.685 Y162.923 E25.59092
G1 X49.399 Y162.923 E25.59483
G1 X49.399 Y162.556 E25.59984
G1 X49.114 Y162.828 E25.60522
G1 X49.114 Y165.708 E25.64456
G1 X48.828 Y165.708 E25.64847
G1 X48.828 Y163.099 E25.68411
G1 X48.542 Y163.371 E25.6895
G1 X48.542 Y165.708 E25.72142
G1 X48.257 Y165.708 E25.72531
G1 X48.257 Y163.642 E25.75353
G1 X47.971 Y163.914 E25.75892
G1 X47.971 Y165.708 E25.78342
G1 X47.685 Y165.708 E25.78733
G1 X47.685 Y164.186 E25.80812
G1 X47.4 Y164.457 E25.81349
G1 X47.4 Y165.708 E25.83058
G1 X47.114 Y165.708 E25.83449
G1 X47.114 Y164.729 E25.84786
G1 X46.829 Y165 E25.85323
G1 X46.829 Y165.708 E25.8629
G1 X46.543 Y165.708 E25.86681
G1 X46.543 Y165.272 E25.87277
G1 X46.257 Y165.543 E25.87815
G1 X46.257 Y168.494 E25.91846
G1 X45.972 Y168.494 E25.92235
G1 X45.972 Y165.815 E25.95894
G1 X45.686 Y166.087 E25.96433
G1 X45.686 Y168.494 E25.99721
G1 X45.4 Y168.494 E26.00112
G1 X45.4 Y166.358 E26.0303
G1 X45.115 Y166.63 E26.03568
G1 X45.115 Y168.494 E26.06114
G1 X44.829 Y168.494 E26.06505
G1 X44.829 Y166.901 E26.08681
G1 X44.544 Y167.173 E26.09219
G1 X44.544 Y168.494 E26.11023
G1 X44.258 Y168.494 E26.11414
G1 X44.258 Y167.445 E26.12847
G1 X43.972 Y167.716 E26.13385
G1 X43.972 Y168.494 E26.14448
G1 X43.687 Y168.494 E26.14837
G1 X43.687 Y167.988 E26.15528
G1 X43.401 Y168.259 E26.16066
G1 X43.401 Y171.28 E26.20192
G1 X43.116 Y171.28 E26.20581
G1 X43.116 Y168.531 E26.24336
G1 X42.83 Y168.802 E26.24874
G1 X42.83 Y171.28 E26.28259
G1 X42.544 Y171.28 E26.2865
G1 X42.544 Y169.074 E26.31663
G1 X42.259 Y169.346 E26.32201
G1 X42.259 Y171.28 E26.34843
G1 X41.973 Y171.28 E26.35234
G1 X41.973 Y169.617 E26.37506
G1 X41.687 Y169.889 E26.38045
G1 X41.687 Y171.28 E26.39945
G1 X41.402 Y171.28 E26.40334
G1 X41.402 Y170.16 E26.41864
G1 X41.116 Y170.432 E26.42403
G1 X41.116 Y171.28 E26.43561
G1 X40.883 Y171.28 E26.43879
G1 X40.883 Y174.065 E26.47683
G1 X40.831 Y174.065 E26.47754
G1 X40.831 Y170.703 E26.52346
G1 X40.545 Y170.975 E26.52885
G1 X40.545 Y174.065 E26.57106
G1 X40.259 Y174.065 E26.57497
G1 X40.259 Y171.247 E26.61346
G1 X39.974 Y171.518 E26.61883
G1 X39.974 Y174.065 E26.65362
G1 X39.688 Y174.065 E26.65753
G1 X39.688 Y171.79 E26.6886
G1 X39.402 Y172.061 E26.69398
G1 X39.402 Y174.065 E26.72135
G1 X39.117 Y174.065 E26.72524
G1 X39.117 Y172.333 E26.7489
G1 X38.831 Y172.605 E26.75429
G1 X38.831 Y174.065 E26.77423
G1 X38.546 Y174.065 E26.77812
G1 X38.546 Y172.876 E26.79436
G1 X38.26 Y173.148 E26.79975
G1 X38.26 Y174.065 E26.81228
G1 X38.097 Y174.065 E26.81451
G1 X38.097 Y176.851 E26.85256
G1 X37.974 Y176.851 E26.85424
G1 X37.974 Y173.419 E26.90112
G1 X37.689 Y173.691 E26.9065
G1 X37.689 Y176.851 E26.94966
G1 X37.403 Y176.851 E26.95357
G1 X37.403 Y173.962 E26.99303
G1 X37.118 Y174.234 E26.99841
G1 X37.118 Y176.851 E27.03416
G1 X36.832 Y176.851 E27.03807
G1 X36.832 Y174.506 E27.0701
G1 X36.546 Y174.777 E27.07548
G1 X36.546 Y176.851 E27.10381
G1 X36.261 Y176.851 E27.1077
G1 X36.261 Y175.049 E27.13231
G1 X35.975 Y175.32 E27.13769
G1 X35.975 Y176.851 E27.1586
G1 X35.689 Y176.851 E27.16251
G1 X35.689 Y175.592 E27.17971
G1 X35.404 Y175.864 E27.18509
G1 X35.404 Y176.851 E27.19857
G1 X35.312 Y176.851 E27.19983
G1 X35.312 Y179.637 E27.23788
G1 X35.118 Y179.637 E27.24053
G1 X35.118 Y176.135 E27.28836
G1 X34.833 Y176.407 E27.29374
G1 X34.833 Y179.637 E27.33786
G1 X34.547 Y179.637 E27.34177
G1 X34.547 Y176.678 E27.38219
G1 X34.261 Y176.95 E27.38758
G1 X34.261 Y179.637 E27.42428
G1 X33.976 Y179.637 E27.42817
G1 X33.976 Y177.221 E27.46117
G1 X33.69 Y177.493 E27.46656
G1 X33.69 Y179.637 E27.49585
G1 X33.404 Y179.637 E27.49976
G1 X33.404 Y177.765 E27.52533
G1 X33.119 Y178.036 E27.5307
G1 X33.119 Y179.637 E27.55257
G1 X32.833 Y179.637 E27.55648
G1 X32.833 Y178.308 E27.57463
G1 X32.548 Y178.579 E27.58
G1 X32.526 Y182.422 E27.63249
G1 X32.262 Y182.422 E27.6361
G1 X32.262 Y178.851 E27.68488
G1 X31.976 Y179.122 E27.69026
G1 X31.976 Y182.422 E27.73534
G1 X31.691 Y182.422 E27.73923
G1 X31.691 Y179.394 E27.78059
G1 X31.405 Y179.666 E27.78598
G1 X31.405 Y182.422 E27.82362
G1 X31.12 Y182.422 E27.82751
G1 X31.12 Y179.937 E27.86145
G1 X30.834 Y180.209 E27.86684
G1 X30.834 Y182.422 E27.89707
G1 X30.548 Y182.422 E27.90098
G1 X30.548 Y180.48 E27.92751
G1 X30.263 Y180.752 E27.93289
G1 X30.263 Y182.422 E27.9557
G1 X29.977 Y182.422 E27.95961
G1 X29.977 Y181.024 E27.97871
G1 X29.691 Y181.295 E27.98409
G1 X29.691 Y185.208 E28.03754
G1 X29.406 Y185.208 E28.04143
G1 X29.406 Y181.567 E28.09116
G1 X29.12 Y181.838 E28.09654
G1 X29.12 Y185.208 E28.14257
G1 X28.835 Y185.208 E28.14646
G1 X28.835 Y182.11 E28.18878
G1 X28.549 Y182.381 E28.19416
G1 X28.549 Y185.208 E28.23277
G1 X28.263 Y185.208 E28.23668
G1 X28.263 Y182.653 E28.27158
G1 X27.978 Y182.925 E28.27696
G1 X27.978 Y185.208 E28.30814
G1 X27.692 Y185.208 E28.31205
G1 X27.692 Y183.196 E28.33953
G1 X27.406 Y183.468 E28.34492
G1 X27.406 Y185.208 E28.36869
G1 X27.121 Y185.208 E28.37258
G1 X27.121 Y183.739 E28.39265
G1 X26.835 Y184.011 E28.39804
G1 X26.835 Y187.993 E28.45243
G1 X26.55 Y187.993 E28.45632
G1 X26.55 Y184.283 E28.507
G1 X26.264 Y184.554 E28.51238
G1 X26.264 Y187.993 E28.55935
G1 X25.978 Y187.993 E28.56326
G1 X25.978 Y184.826 E28.60652
G1 X25.693 Y185.097 E28.61189
G1 X25.693 Y187.993 E28.65145
G1 X25.407 Y187.993 E28.65536
G1 X25.407 Y185.369 E28.6912
G1 X25.122 Y185.64 E28.69657
G1 X25.122 Y187.993 E28.72871
G1 X24.836 Y187.993 E28.73262
G1 X24.836 Y185.912 E28.76104
G1 X24.55 Y186.184 E28.76643
G1 X24.55 Y187.993 E28.79114
G1 X24.265 Y187.993 E28.79503
G1 X24.265 Y186.455 E28.81604
G1 X23.979 Y186.727 E28.82143
G1 X23.979 Y190.779 E28.87678
G1 X23.693 Y190.779 E28.88069
G1 X23.693 Y186.998 E28.93234
G1 X23.408 Y187.27 E28.93772
G1 X23.408 Y190.779 E28.98565
G1 X23.122 Y190.779 E28.98956
G1 X23.122 Y187.541 E29.03379
G1 X22.837 Y187.813 E29.03917
G1 X22.837 Y190.779 E29.07968
G1 X22.551 Y190.779 E29.08359
G1 X22.551 Y188.085 E29.12039
G1 X22.265 Y188.356 E29.12577
G1 X22.265 Y190.779 E29.15887
G1 X21.98 Y190.779 E29.16276
G1 X21.98 Y188.628 E29.19214
G1 X21.694 Y188.899 E29.19752
G1 X21.694 Y190.779 E29.2232
G1 X21.408 Y190.779 E29.22711
G1 X21.408 Y189.171 E29.24907
G1 X21.123 Y189.443 E29.25445
G1 X21.123 Y193.565 E29.31075
G1 X20.837 Y193.565 E29.31466
G1 X20.837 Y189.714 E29.36726
G1 X20.552 Y189.986 E29.37264
G1 X20.552 Y193.565 E29.42153
G1 X20.266 Y193.565 E29.42544
G1 X20.266 Y190.257 E29.47062
G1 X19.98 Y190.529 E29.47601
G1 X19.98 Y193.565 E29.51748
G1 X19.695 Y193.565 E29.52137
G1 X19.695 Y190.8 E29.55914
G1 X19.409 Y191.072 E29.56453
G1 X19.409 Y193.565 E29.59858
G1 X19.124 Y193.565 E29.60247
G1 X19.124 Y191.344 E29.63281
G1 X18.838 Y191.615 E29.63819
G1 X18.838 Y193.565 E29.66483
G1 X18.598 Y193.565 E29.66811
G1 X18.598 Y196.35 E29.70615
G1 X18.552 Y191.887 E29.76711
G1 X18.267 Y192.158 E29.77248
G1 X18.267 Y196.35 E29.82974
G1 X17.981 Y196.35 E29.83365
G1 X17.981 Y192.43 E29.88719
G1 X17.695 Y192.702 E29.89258
G1 X17.695 Y196.35 E29.94241
G1 X17.41 Y196.35 E29.9463
G1 X17.41 Y192.973 E29.99243
G1 X17.124 Y193.245 E29.99782
G1 X17.124 Y196.35 E30.04023
G1 X16.839 Y196.35 E30.04412
G1 X16.839 Y193.516 E30.08283
G1 X16.553 Y193.788 E30.08822
G1 X16.553 Y196.35 E30.12321
G1 X16.267 Y196.35 E30.12712
G1 X16.267 Y194.059 E30.15841
G1 X15.982 Y194.331 E30.16379
G1 X15.982 Y196.35 E30.19137
G1 X15.696 Y196.35 E30.19528
G1 X15.696 Y194.603 E30.21914
G1 X15.515 Y194.775 E30.22255
G1 X15.41 Y194.772 E30.22398
G1 X15.41 Y196.35 E30.24553
G1 X15.125 Y196.35 E30.24942
G1 X15.125 Y194.677 E30.27227
G1 X14.839 Y194.376 E30.27794
G1 X14.839 Y196.35 E30.3049
G1 X14.554 Y196.35 E30.30879
G1 X14.554 Y194.076 E30.33985
G1 X14.268 Y193.776 E30.34551
G1 X14.268 Y196.35 E30.38067
G1 X13.982 Y196.35 E30.38458
G1 X13.982 Y193.475 E30.42385
G1 X13.697 Y193.175 E30.4295
G1 X13.697 Y196.35 E30.47287
G1 X13.411 Y196.35 E30.47678
G1 X13.411 Y192.874 E30.52426
G1 X13.126 Y192.574 E30.52991
G1 X13.126 Y196.479 E30.58325
G1 E28.58325 F2400
G92 E0
G1 X13.126 Y196.479 F7800
G1 X13.126 Y192.178
G1 E2 F2400
G1 F3600
G1 X13.126 Y187.993 E2.05716
G1 X13.411 Y187.993 E2.06105
G1 X13.411 Y191.729 E2.11208
G1 X13.697 Y191.457 E2.11747
G1 X13.697 Y187.993 E2.16479
G1 X13.982 Y187.993 E2.16868
G1 X13.982 Y191.186 E2.21229
G1 X14.268 Y190.914 E2.21768
G1 X14.268 Y187.993 E2.25758
G1 X14.554 Y187.993 E2.26149
G1 X14.554 Y190.643 E2.29769
G1 X14.839 Y190.371 E2.30307
G1 X14.839 Y187.993 E2.33555
G1 X15.125 Y187.993 E2.33946
G1 X15.125 Y190.099 E2.36823
G1 X15.41 Y189.828 E2.3736
G1 X15.41 Y187.993 E2.39866
G1 X15.696 Y187.993 E2.40257
G1 X15.696 Y189.556 E2.42392
G1 X15.982 Y189.285 E2.4293
G1 X15.982 Y185.208 E2.48499
G1 X16.267 Y185.208 E2.48888
G1 X16.267 Y189.013 E2.54085
G1 X16.553 Y188.741 E2.54624
G1 X16.553 Y185.208 E2.5945
G1 X16.839 Y185.208 E2.59841
G1 X16.839 Y188.47 E2.64297
G1 X17.124 Y188.198 E2.64835
G1 X17.124 Y185.208 E2.68919
G1 X17.41 Y185.208 E2.6931
G1 X17.41 Y187.927 E2.73024
G1 X17.695 Y187.655 E2.73562
G1 X17.695 Y185.208 E2.76904
G1 X17.981 Y185.208 E2.77295
G1 X17.981 Y187.384 E2.80267
G1 X18.267 Y187.112 E2.80806
G1 X18.267 Y185.208 E2.83407
G1 X18.552 Y185.208 E2.83796
G1 X18.552 Y186.84 E2.86025
G1 X18.838 Y186.569 E2.86563
G1 X18.838 Y182.422 E2.92227
G1 X19.124 Y182.422 E2.92618
G1 X19.124 Y186.297 E2.97911
G1 X19.409 Y186.026 E2.98448
G1 X19.409 Y182.422 E3.03371
G1 X19.695 Y182.422 E3.03762
G1 X19.695 Y185.754 E3.08313
G1 X19.98 Y185.483 E3.0885
G1 X19.98 Y182.422 E3.13031
G1 X20.266 Y182.422 E3.13422
G1 X20.266 Y185.211 E3.17232
G1 X20.552 Y184.939 E3.17771
G1 X20.552 Y182.422 E3.21209
G1 X20.837 Y182.422 E3.21598
G1 X20.837 Y184.668 E3.24666
G1 X21.123 Y184.396 E3.25205
G1 X21.123 Y182.422 E3.27901
G1 X21.383 Y182.422 E3.28256
G1 X21.383 Y179.637 E3.3206
G1 X21.408 Y184.125 E3.3819
G1 X21.694 Y183.853 E3.38729
G1 X21.694 Y179.637 E3.44488
G1 X21.98 Y179.637 E3.44879
G1 X21.98 Y183.581 E3.50266
G1 X22.265 Y183.31 E3.50803
G1 X22.265 Y179.637 E3.5582
G1 X22.551 Y179.637 E3.56211
G1 X22.551 Y183.038 E3.60856
G1 X22.837 Y182.767 E3.61394
G1 X22.837 Y179.637 E3.65669
G1 X23.122 Y179.637 E3.66058
G1 X23.122 Y182.495 E3.69962
G1 X23.408 Y182.224 E3.705
G1 X23.408 Y179.637 E3.74034
G1 X23.693 Y179.637 E3.74423
G1 X23.693 Y181.952 E3.77585
G1 X23.979 Y181.68 E3.78124
G1 X23.979 Y179.637 E3.80915
G1 X24.169 Y179.637 E3.81175
G1 X24.169 Y176.851 E3.8498
G1 X24.265 Y176.851 E3.85111
G1 X24.265 Y181.409 E3.91337
G1 X24.55 Y181.137 E3.91875
G1 X24.55 Y176.851 E3.97729
G1 X24.836 Y176.851 E3.9812
G1 X24.836 Y180.866 E4.03604
G1 X25.122 Y180.594 E4.04143
G1 X25.122 Y176.851 E4.09256
G1 X25.407 Y176.851 E4.09645
G1 X25.407 Y180.322 E4.14386
G1 X25.693 Y180.051 E4.14924
G1 X25.693 Y176.851 E4.19295
G1 X25.978 Y176.851 E4.19684
G1 X25.978 Y179.779 E4.23683
G1 X26.264 Y179.508 E4.24221
G1 X26.264 Y176.851 E4.2785
G1 X26.55 Y176.851 E4.28241
G1 X26.55 Y179.236 E4.31499
G1 X26.835 Y178.965 E4.32036
G1 X26.835 Y176.851 E4.34924
G1 X26.955 Y176.851 E4.35088
G1 X26.955 Y174.065 E4.38893
G1 X27.121 Y174.065 E4.3912
G1 X27.121 Y178.693 E4.45441
G1 X27.406 Y178.421 E4.45979
G1 X27.406 Y174.065 E4.51929
G1 X27.692 Y174.065 E4.5232
G1 X27.692 Y178.15 E4.579
G1 X27.978 Y177.878 E4.58439
G1 X27.978 Y174.065 E4.63647
G1 X28.263 Y174.065 E4.64036
G1 X28.263 Y177.607 E4.68874
G1 X28.549 Y177.335 E4.69413
G1 X28.549 Y174.065 E4.7388
G1 X28.835 Y174.065 E4.74271
G1 X28.835 Y177.064 E4.78367
G1 X29.12 Y176.792 E4.78905
G1 X29.12 Y174.065 E4.8263
G1 X29.406 Y174.065 E4.83021
G1 X29.406 Y176.52 E4.86374
G1 X29.691 Y176.249 E4.86911
G1 X29.74 Y171.28 E4.93699
G1 X29.977 Y171.28 E4.94023
G1 X29.977 Y175.977 E5.00439
G1 X30.263 Y175.706 E5.00977
G1 X30.263 Y171.28 E5.07023
G1 X30.548 Y171.28 E5.07412
G1 X30.548 Y175.434 E5.13086
G1 X30.834 Y175.162 E5.13625
G1 X30.834 Y171.28 E5.18927
G1 X31.12 Y171.28 E5.19318
G1 X31.12 Y174.891 E5.2425
G1 X31.405 Y174.619 E5.24788
G1 X31.405 Y171.28 E5.29349
G1 X31.691 Y171.28 E5.2974
G1 X31.691 Y174.348 E5.33931
G1 X31.976 Y174.076 E5.34469
G1 X31.976 Y171.28 E5.38288
G1 X32.262 Y171.28 E5.38679
G1 X32.262 Y173.805 E5.42128
G1 X32.548 Y173.533 E5.42667
G1 X32.548 Y168.494 E5.4955
G1 X32.833 Y168.494 E5.49939
G1 X32.833 Y173.261 E5.5645
G1 X33.119 Y172.99 E5.56988
G1 X33.119 Y168.494 E5.63129
G1 X33.404 Y168.494 E5.63518
G1 X33.404 Y172.718 E5.69288
G1 X33.69 Y172.447 E5.69826
G1 X33.69 Y168.494 E5.75225
G1 X33.976 Y168.494 E5.75616
G1 X33.976 Y172.175 E5.80644
G1 X34.261 Y171.903 E5.81182
G1 X34.261 Y168.494 E5.85838
G1 X34.547 Y168.494 E5.86229
G1 X34.547 Y171.632 E5.90515
G1 X34.833 Y171.36 E5.91054
G1 X34.833 Y168.494 E5.94969
G1 X35.118 Y168.494 E5.95358
G1 X35.118 Y171.089 E5.98903
G1 X35.404 Y170.817 E5.99442
G1 X35.404 Y165.708 E6.0642
G1 X35.689 Y165.708 E6.06809
G1 X35.689 Y170.546 E6.13417
G1 X35.975 Y170.274 E6.13956
G1 X35.975 Y165.708 E6.20193
G1 X36.261 Y165.708 E6.20584
G1 X36.261 Y170.002 E6.26449
G1 X36.546 Y169.731 E6.26986
G1 X36.546 Y165.708 E6.32481
G1 X36.832 Y165.708 E6.32872
G1 X36.832 Y169.459 E6.37996
G1 X37.118 Y169.188 E6.38534
G1 X37.118 Y165.708 E6.43287
G1 X37.403 Y165.708 E6.43676
G1 X37.403 Y168.916 E6.48058
G1 X37.689 Y168.645 E6.48596
G1 X37.689 Y165.708 E6.52608
G1 X37.974 Y165.708 E6.52997
G1 X37.974 Y168.373 E6.56637
G1 X38.26 Y168.101 E6.57176
G1 X38.26 Y162.923 E6.64249
G1 X38.546 Y162.923 E6.6464
G1 X38.546 Y167.83 E6.71343
G1 X38.831 Y167.558 E6.71881
G1 X38.831 Y162.923 E6.78212
G1 X39.117 Y162.923 E6.78603
G1 X39.117 Y167.287 E6.84564
G1 X39.402 Y167.015 E6.85102
G1 X39.402 Y162.923 E6.90691
G1 X39.688 Y162.923 E6.91082
G1 X39.688 Y166.743 E6.963
G1 X39.974 Y166.472 E6.96838
G1 X39.974 Y162.923 E7.01686
G1 X40.259 Y162.923 E7.02075
G1 X40.259 Y166.2 E7.06551
G1 X40.545 Y165.929 E7.07089
G1 X40.545 Y162.923 E7.11195
G1 X40.831 Y162.923 E7.11586
G1 X40.831 Y165.657 E7.1532
G1 X41.116 Y165.386 E7.15857
G1 X41.116 Y160.137 E7.23027
G1 X41.402 Y160.137 E7.23418
G1 X41.402 Y165.114 E7.30216
G1 X41.687 Y164.842 E7.30754
G1 X41.687 Y160.137 E7.37181
G1 X41.973 Y160.137 E7.37572
G1 X41.973 Y164.571 E7.43628
G1 X42.259 Y164.299 E7.44167
G1 X42.259 Y160.137 E7.49852
G1 X42.544 Y160.137 E7.50241
G1 X42.544 Y164.028 E7.55556
G1 X42.83 Y163.756 E7.56095
G1 X42.83 Y160.137 E7.61038
G1 X43.116 Y160.137 E7.61429
G1 X43.116 Y163.484 E7.66001
G1 X43.401 Y163.213 E7.66538
G1 X43.401 Y160.137 E7.7074
G1 X43.687 Y160.137 E7.71131
G1 X43.687 Y162.941 E7.74961
G1 X43.972 Y162.67 E7.75498
G1 X43.972 Y160.137 E7.78958
G1 X44.258 Y160.137 E7.79349
G1 X44.258 Y162.398 E7.82437
G1 X44.544 Y162.127 E7.82975
G1 X44.544 Y160.137 E7.85693
G1 X44.829 Y160.137 E7.86082
G1 X44.829 Y161.855 E7.88429
G1 X45.115 Y161.583 E7.88968
G1 X45.115 Y160.137 E7.90943
G1 X45.4 Y160.137 E7.91332
G1 X45.4 Y161.312 E7.92937
G1 X45.686 Y161.04 E7.93476
G1 X45.686 Y160.137 E7.94709
G1 X45.972 Y160.137 E7.951
G1 X45.972 Y160.769 E7.95963
G1 X46.257 Y160.497 E7.96501
G1 X46.257 Y160.137 E7.96993
G1 X46.454 Y160.137 E7.97262
G1 X46.454 Y157.352 E8.01066
G1 X46.543 Y157.352 E8.01188
G1 X46.543 Y160.226 E8.05114
G1 X46.829 Y159.954 E8.05653
G1 X46.829 Y157.352 E8.09207
G1 X47.114 Y157.352 E8.09596
G1 X47.114 Y159.682 E8.12779
G1 X47.4 Y159.411 E8.13317
G1 X47.4 Y157.352 E8.16129
G1 X47.685 Y157.352 E8.16518
G1 X47.685 Y159.139 E8.18959
G1 X47.971 Y158.868 E8.19497
G1 X47.971 Y157.352 E8.21568
G1 X48.257 Y157.352 E8.21959
G1 X48.257 Y158.596 E8.23658
G1 X48.542 Y158.324 E8.24196
G1 X48.542 Y157.352 E8.25524
G1 X48.828 Y157.352 E8.25915
G1 X48.828 Y158.053 E8.26873
G1 X49.114 Y157.781 E8.27412
G1 X49.114 Y157.352 E8.27998
G1 X49.24 Y157.352 E8.2817
G1 X49.24 Y154.566 E8.31975
G1 X49.399 Y154.566 E8.32192
G1 X49.399 Y157.51 E8.36213
G1 X49.685 Y157.238 E8.36752
G1 X49.685 Y154.566 E8.40402
G1 X49.97 Y154.566 E8.40791
G1 X49.97 Y156.967 E8.44071
G1 X50.256 Y156.695 E8.4461
G1 X50.256 Y154.566 E8.47518
G1 X50.542 Y154.566 E8.47909
G1 X50.542 Y156.423 E8.50445
G1 X50.827 Y156.152 E8.50982
G1 X50.827 Y154.566 E8.53148
G1 X51.113 Y154.566 E8.53539
G1 X51.113 Y155.88 E8.55334
G1 X51.398 Y155.609 E8.55871
G1 X51.398 Y154.566 E8.57296
G1 X51.684 Y154.566 E8.57687
G1 X51.684 Y155.337 E8.5874
G1 X51.97 Y155.065 E8.59279
G1 X52.025 Y151.78 E8.63767
G1 X52.255 Y151.78 E8.64081
G1 X52.255 Y154.794 E8.68198
G1 X52.541 Y154.522 E8.68737
G1 X52.541 Y151.78 E8.72482
G1 X52.827 Y151.78 E8.72873
G1 X52.827 Y154.251 E8.76248
G1 X53.112 Y153.979 E8.76786
G1 X53.112 Y151.78 E8.7979
G1 X53.398 Y151.78 E8.80181
G1 X53.398 Y153.708 E8.82814
G1 X53.683 Y153.436 E8.83352
G1 X53.683 Y151.78 E8.85614
G1 X53.969 Y151.78 E8.86005
G1 X53.969 Y153.164 E8.87895
G1 X54.255 Y152.893 E8.88433
G1 X54.255 Y151.78 E8.89953
G1 X54.54 Y151.78 E8.90342
G1 X54.54 Y152.621 E8.91491
G1 X54.826 Y152.35 E8.92029
G1 X54.826 Y148.995 E8.96612
G1 X55.112 Y148.995 E8.97003
G1 X55.112 Y152.078 E9.01214
G1 X55.397 Y151.807 E9.01751
G1 X55.397 Y148.995 E9.05592
G1 X55.683 Y148.995 E9.05983
G1 X55.683 Y151.535 E9.09452
G1 X55.968 Y151.263 E9.0999
G1 X55.968 Y148.995 E9.13088
G1 X56.254 Y148.995 E9.13479
G1 X56.254 Y150.992 E9.16207
G1 X56.54 Y150.72 E9.16746
G1 X56.54 Y148.995 E9.19102
G1 X56.825 Y148.995 E9.19491
G1 X56.825 Y150.449 E9.21477
G1 X57.111 Y150.177 E9.22016
G1 X57.111 Y148.995 E9.23631
G1 X57.396 Y148.995 E9.2402
G1 X57.396 Y149.905 E9.25263
G1 X57.682 Y149.634 E9.25801
G1 X57.682 Y146.209 E9.30479
G1 X57.968 Y146.209 E9.3087
G1 X57.968 Y149.362 E9.35177
G1 X58.253 Y149.091 E9.35714
G1 X58.253 Y146.209 E9.39651
G1 X58.539 Y146.209 E9.40042
G1 X58.539 Y148.819 E9.43607
G1 X58.825 Y148.548 E9.44145
G1 X58.825 Y146.209 E9.4734
G1 X59.11 Y146.209 E9.47729
G1 X59.11 Y148.276 E9.50552
G1 X59.396 Y148.004 E9.51091
G1 X59.396 Y146.209 E9.53543
G1 X59.681 Y146.209 E9.53932
G1 X59.681 Y147.733 E9.56014
G1 X59.967 Y147.461 E9.56553
G1 X59.967 Y146.209 E9.58263
G1 X60.253 Y146.209 E9.58654
G1 X60.253 Y147.19 E9.59994
G1 X60.538 Y146.918 E9.60532
G1 X60.538 Y143.423 E9.65306
G1 X60.824 Y143.423 E9.65697
G1 X60.824 Y146.646 E9.70099
G1 X61.11 Y146.375 E9.70637
G1 X61.11 Y143.423 E9.74669
G1 X61.395 Y143.423 E9.75058
G1 X61.395 Y146.103 E9.78719
G1 X61.681 Y145.832 E9.79257
G1 X61.681 Y143.423 E9.82547
G1 X61.966 Y143.423 E9.82936
G1 X61.966 Y145.56 E9.85855
G1 X62.252 Y145.289 E9.86393
G1 X62.252 Y143.423 E9.88942
G1 X62.538 Y143.423 E9.89333
G1 X62.538 Y145.017 E9.9151
G1 X62.823 Y144.745 E9.92048
G1 X62.823 Y143.423 E9.93854
G1 X63.109 Y143.423 E9.94245
G1 X63.109 Y144.474 E9.95681
G1 X63.394 Y144.202 E9.96219
G1 X63.394 Y140.638 E10.01087
G1 X63.68 Y140.638 E10.01478
G1 X63.68 Y143.931 E10.05976
G1 X63.966 Y143.659 E10.06515
G1 X63.966 Y140.638 E10.10641
G1 X64.251 Y140.638 E10.1103
G1 X64.251 Y143.388 E10.14786
G1 X64.537 Y143.116 E10.15325
G1 X64.537 Y140.638 E10.1871
G1 X64.823 Y140.638 E10.19101
G1 X64.823 Y142.844 E10.22114
G1 X65.108 Y142.573 E10.22651
G1 X65.108 Y140.638 E10.25294
G1 X65.394 Y140.638 E10.25685
G1 X65.394 Y142.301 E10.27957
G1 X65.679 Y142.03 E10.28494
G1 X65.679 Y140.638 E10.30395
G1 X65.953 Y140.638 E10.30769
G1 X65.953 Y137.852 E10.34574
G1 X65.965 Y141.758 E10.39909
G1 X66.251 Y141.486 E10.40448
G1 X66.251 Y137.852 E10.45412
G1 X66.536 Y137.852 E10.45801
G1 X66.536 Y141.215 E10.50395
G1 X66.822 Y140.943 E10.50934
G1 X66.822 Y137.852 E10.55156
G1 X67.107 Y137.852 E10.55545
G1 X67.107 Y140.672 E10.59397
G1 X67.393 Y140.4 E10.59936
G1 X67.393 Y137.852 E10.63416
G1 X67.679 Y137.852 E10.63807
G1 X67.679 Y140.129 E10.66917
G1 X67.964 Y139.857 E10.67455
G1 X67.964 Y137.852 E10.70194
G1 X68.25 Y137.852 E10.70585
G1 X68.25 Y139.585 E10.72952
G1 X68.536 Y139.314 E10.7349
G1 X68.536 Y137.852 E10.75487
G1 X68.739 Y137.852 E10.75764
G1 X68.739 Y135.067 E10.79568
G1 X68.821 Y135.067 E10.7968
G1 X68.821 Y139.042 E10.85109
G1 X69.107 Y138.771 E10.85647
G1 X69.107 Y135.067 E10.90706
G1 X69.392 Y135.067 E10.91095
G1 X69.392 Y138.499 E10.95783
G1 X69.678 Y138.227 E10.96322
G1 X69.678 Y135.067 E11.00638
G1 X69.964 Y135.067 E11.01029
G1 X69.964 Y137.956 E11.04975
G1 X70.249 Y137.684 E11.05513
G1 X70.249 Y135.067 E11.09088
G1 X70.535 Y135.067 E11.09479
G1 X70.535 Y137.413 E11.12683
G1 X70.821 Y137.141 E11.13222
G1 X70.821 Y135.067 E11.16055
G1 X71.106 Y135.067 E11.16444
G1 X71.106 Y136.87 E11.18907
G1 X71.392 Y136.598 E11.19446
G1 X71.392 Y135.067 E11.21537
G1 X71.525 Y135.067 E11.21719
G1 X71.525 Y132.281 E11.25524
G1 X71.677 Y132.281 E11.25732
G1 X71.677 Y136.326 E11.31257
G1 X71.963 Y136.055 E11.31795
G1 X71.963 Y132.281 E11.3695
G1 X72.249 Y132.281 E11.37341
G1 X72.249 Y135.783 E11.42124
G1 X72.534 Y135.512 E11.42661
G1 X72.534 Y132.281 E11.47074
G1 X72.82 Y132.281 E11.47465
G1 X72.82 Y135.24 E11.51507
G1 X73.105 Y134.969 E11.52044
G1 X73.105 Y132.281 E11.55716
G1 X73.391 Y132.281 E11.56107
G1 X73.391 Y134.697 E11.59407
G1 X73.677 Y134.425 E11.59946
G1 X73.677 Y132.281 E11.62875
G1 X73.962 Y132.281 E11.63264
G1 X73.962 Y134.154 E11.65822
G1 X74.248 Y133.882 E11.66361
G1 X74.31 Y129.495 E11.72354
G1 X74.534 Y129.495 E11.7266
G1 X74.534 Y133.611 E11.78282
G1 X74.819 Y133.339 E11.7882
G1 X74.819 Y129.495 E11.84071
G1 X75.105 Y129.495 E11.84462
G1 X75.105 Y133.067 E11.89341
G1 X75.39 Y132.796 E11.89878
G1 X75.39 Y129.495 E11.94387
G1 X75.676 Y129.495 E11.94778
G1 X75.676 Y132.524 E11.98915
G1 X75.962 Y132.253 E11.99453
G1 X75.962 Y129.495 E12.0322
G1 X76.247 Y129.495 E12.03609
G1 X76.247 Y131.981 E12.07005
G1 X76.533 Y131.71 E12.07543
G1 X76.533 Y129.495 E12.10568
G1 X76.819 Y129.495 E12.10959
G1 X76.819 Y131.438 E12.13613
G1 X77.104 Y131.166 E12.14151
G1 X77.104 Y126.71 E12.20237
G1 X77.39 Y126.71 E12.20628
G1 X77.39 Y130.895 E12.26344
G1 X77.675 Y130.623 E12.26882
G1 X77.675 Y126.71 E12.32227
G1 X77.961 Y126.71 E12.32618
G1 X77.961 Y130.352 E12.37593
G1 X78.247 Y130.08 E12.38132
G1 X78.247 Y126.71 E12.42735
G1 X78.532 Y126.71 E12.43124
G1 X78.532 Y129.808 E12.47356
G1 X78.818 Y129.537 E12.47894
G1 X78.818 Y126.71 E12.51755
G1 X79.103 Y126.71 E12.52144
G1 X79.103 Y129.265 E12.55634
G1 X79.389 Y128.994 E12.56172
G1 X79.389 Y126.71 E12.59292
G1 X79.675 Y126.71 E12.59683
G1 X79.675 Y128.722 E12.62431
G1 X79.96 Y128.451 E12.62968
G1 X79.96 Y123.924 E12.69151
G1 X80.246 Y123.924 E12.69542
G1 X80.246 Y128.179 E12.75354
G1 X80.532 Y127.907 E12.75893
G1 X80.532 Y123.924 E12.81333
G1 X80.817 Y123.924 E12.81722
G1 X80.817 Y127.636 E12.86792
G1 X81.103 Y127.364 E12.87331
G1 X81.103 Y123.924 E12.9203
G1 X81.388 Y123.924 E12.92419
G1 X81.388 Y127.093 E12.96748
G1 X81.674 Y126.821 E12.97287
G1 X81.674 Y123.924 E13.01244
G1 X81.96 Y123.924 E13.01635
G1 X81.96 Y126.55 E13.05222
G1 X82.245 Y126.278 E13.0576
G1 X82.245 Y123.924 E13.08975
G1 X82.531 Y123.924 E13.09366
G1 X82.531 Y126.006 E13.1221
G1 X82.817 Y125.735 E13.12748
G1 X82.817 Y121.138 E13.19027
G1 X83.102 Y121.138 E13.19416
G1 X83.102 Y125.463 E13.25324
G1 X83.388 Y125.192 E13.25862
G1 X83.388 Y121.138 E13.31399
G1 X83.673 Y121.138 E13.31788
G1 X83.673 Y124.92 E13.36954
G1 X83.959 Y124.648 E13.37493
G1 X83.959 Y121.138 E13.42287
G1 X84.245 Y121.138 E13.42678
G1 X84.245 Y124.377 E13.47102
G1 X84.53 Y124.105 E13.4764
G1 X84.53 Y121.138 E13.51693
G1 X84.816 Y121.138 E13.52084
G1 X84.816 Y123.834 E13.55766
G1 X85.101 Y123.562 E13.56304
G1 X85.101 Y121.138 E13.59615
G1 X85.387 Y121.138 E13.60006
G1 X85.387 Y123.291 E13.62947
G1 X85.673 Y123.019 E13.63486
G1 X85.673 Y118.353 E13.69859
G1 X85.958 Y118.353 E13.70248
G1 X85.958 Y122.747 E13.7625
G1 X86.244 Y122.476 E13.76788
G1 X86.244 Y118.353 E13.8242
G1 X86.53 Y118.353 E13.82811
G1 X86.53 Y122.204 E13.88071
G1 X86.815 Y121.933 E13.88608
G1 X86.815 Y118.353 E13.93498
G1 X87.101 Y118.353 E13.93889
G1 X87.101 Y121.661 E13.98407
G1 X87.386 Y121.389 E13.98945
G1 X87.386 Y118.353 E14.03092
G1 X87.672 Y118.353 E14.03483
G1 X87.672 Y121.118 E14.0726
G1 X87.958 Y120.846 E14.07799
G1 X87.958 Y118.353 E14.11204
G1 X88.238 Y118.353 E14.11586
G1 X88.238 Y115.567 E14.15391
G1 X88.243 Y120.575 E14.22231
G1 X88.529 Y120.303 E14.2277
G1 X88.529 Y115.567 E14.29239
G1 X88.815 Y115.567 E14.2963
G1 X88.815 Y120.032 E14.35729
G1 X89.1 Y119.76 E14.36267
G1 X89.1 Y115.567 E14.41994
G1 X89.386 Y115.567 E14.42385
G1 X89.386 Y119.488 E14.47741
G1 X89.671 Y119.217 E14.48278
G1 X89.671 Y115.567 E14.53264
G1 X89.957 Y115.567 E14.53655
G1 X89.957 Y118.945 E14.58269
G1 X90.243 Y118.674 E14.58807
G1 X90.243 Y115.567 E14.63051
G1 X90.528 Y115.567 E14.6344
G1 X90.528 Y118.402 E14.67312
G1 X90.814 Y118.131 E14.6785
G1 X90.814 Y115.567 E14.71352
G1 X91.024 Y115.567 E14.71639
G1 X91.024 Y112.782 E14.75443
G1 X91.099 Y112.782 E14.75545
G1 X91.099 Y117.859 E14.8248
G1 X91.385 Y117.587 E14.83019
G1 X91.385 Y112.782 E14.89582
G1 X91.671 Y112.782 E14.89973
G1 X91.671 Y117.316 E14.96166
G1 X91.956 Y117.044 E14.96704
G1 X91.956 Y112.782 E15.02526
G1 X92.242 Y112.782 E15.02917
G1 X92.242 Y116.773 E15.08368
G1 X92.528 Y116.501 E15.08907
G1 X92.528 Y112.782 E15.13987
G1 X92.813 Y112.782 E15.14376
G1 X92.813 Y116.229 E15.19084
G1 X93.099 Y115.958 E15.19622
G1 X93.099 Y112.782 E15.2396
G1 X93.384 Y112.782 E15.24349
G1 X93.384 Y115.686 E15.28316
G1 X93.67 Y115.415 E15.28854
G1 X93.67 Y112.782 E15.3245
G1 X93.81 Y112.782 E15.32641
G1 X93.81 Y109.996 E15.36446
G1 X93.956 Y109.996 E15.36645
G1 X93.956 Y115.143 E15.43675
G1 X94.241 Y114.872 E15.44212
G1 X94.241 Y109.996 E15.50872
G1 X94.527 Y109.996 E15.51263
G1 X94.527 Y114.6 E15.57552
G1 X94.813 Y114.328 E15.58091
G1 X94.813 Y109.996 E15.64008
G1 X95.098 Y109.996 E15.64397
G1 X95.098 Y114.057 E15.69944
G1 X95.384 Y113.785 E15.70483
G1 X95.384 Y109.996 E15.75658
G1 X95.669 Y109.996 E15.76047
G1 X95.669 Y113.514 E15.80852
G1 X95.955 Y113.242 E15.81391
G1 X95.955 Y109.996 E15.85825
G1 X96.241 Y109.996 E15.86216
G1 X96.241 Y112.97 E15.90278
G1 X96.526 Y112.699 E15.90815
G1 X96.595 Y107.21 E15.98313
G1 X96.812 Y107.21 E15.98609
G1 X96.812 Y112.427 E16.05735
G1 X97.097 Y112.156 E16.06272
G1 X97.097 Y107.21 E16.13028
G1 X97.383 Y107.21 E16.13419
G1 X97.383 Y111.884 E16.19803
G1 X97.669 Y111.613 E16.20341
G1 X97.669 Y107.21 E16.26355
G1 X97.954 Y107.21 E16.26744
G1 X97.954 Y111.341 E16.32387
G1 X98.24 Y111.069 E16.32926
G1 X98.24 Y107.21 E16.38197
G1 X98.526 Y107.21 E16.38588
G1 X98.526 Y110.798 E16.43489
G1 X98.811 Y110.526 E16.44027
G1 X98.811 Y107.21 E16.48556
G1 X99.097 Y107.21 E16.48947
G1 X99.097 Y110.255 E16.53106
G1 X99.382 Y109.983 E16.53644
G1 X99.382 Y107.21 E16.57432
G1 X99.668 Y107.21 E16.57823
G1 X99.668 Y109.712 E16.61241
G1 X99.954 Y109.44 E16.6178
G1 X99.954 Y107.21 E16.64826
G1 X100.239 Y107.21 E16.65215
G1 X100.239 Y109.168 E16.67889
G1 X100.525 Y108.897 E16.68427
G1 X100.525 Y107.21 E16.70731
G1 X100.811 Y107.21 E16.71122
G1 X100.811 Y108.625 E16.73055
G1 X101.096 Y108.354 E16.73592
G1 X101.096 Y107.21 E16.75155
G1 X101.382 Y107.21 E16.75546
G1 X101.382 Y108.082 E16.76737
G1 X101.667 Y107.81 E16.77275
G1 X101.667 Y107.21 E16.78095
G1 X101.953 Y107.21 E16.78486
G1 X101.953 Y107.539 E16.78935
G1 X102.239 Y107.267 E16.79474
G1 X102.239 Y104.425 E16.83356
G1 X102.524 Y104.425 E16.83745
G1 X102.524 Y106.996 E16.87257
G1 X102.81 Y106.724 E16.87796
G1 X102.81 Y104.425 E16.90936
G1 X103.095 Y104.425 E16.91325
G1 X103.095 Y106.453 E16.94095
G1 X103.381 Y106.181 E16.94634
G1 X103.381 Y104.425 E16.97033
G1 X103.667 Y104.425 E16.97424
G1 X103.667 Y105.909 E16.99451
G1 X103.952 Y105.638 E16.99988
G1 X103.952 Y104.425 E17.01645
G1 X104.238 Y104.425 E17.02036
G1 X104.238 Y105.366 E17.03321
G1 X104.524 Y105.095 E17.03859
G1 X104.524 Y104.425 E17.04774
G1 X104.809 Y104.425 E17.05163
G1 X104.809 Y104.823 E17.05707
G1 X105.095 Y104.551 E17.06246
G1 X105.095 Y101.639 E17.10224
G1 X105.38 Y101.639 E17.10613
G1 X105.38 Y104.28 E17.1422
G1 X105.666 Y104.008 E17.14759
G1 X105.666 Y101.639 E17.17995
G1 X105.952 Y101.639 E17.18386
G1 X105.952 Y103.737 E17.21252
G1 X106.237 Y103.465 E17.2179
G1 X106.237 Y101.639 E17.24284
G1 X106.523 Y101.639 E17.24675
G1 X106.523 Y103.194 E17.26799
G1 X106.809 Y102.922 E17.27338
G1 X106.809 Y101.639 E17.2909
G1 X107.094 Y101.639 E17.29479
G1 X107.094 Y102.65 E17.3086
G1 X107.38 Y102.379 E17.31398
G1 X107.38 Y101.639 E17.32409
G1 X107.665 Y101.639 E17.32798
G1 X107.665 Y102.107 E17.33437
G1 X107.951 Y101.836 E17.33975
G1 X107.951 Y98.854 E17.38048
G1 X108.237 Y98.854 E17.38439
G1 X108.237 Y101.564 E17.42141
G1 X108.522 Y101.293 E17.42678
G1 X108.522 Y98.854 E17.46009
G1 X108.808 Y98.854 E17.464
G1 X108.808 Y101.021 E17.4936
G1 X109.093 Y100.749 E17.49898
G1 X109.093 Y98.854 E17.52486
G1 X109.379 Y98.854 E17.52877
G1 X109.379 Y100.478 E17.55095
G1 X109.665 Y100.206 E17.55634
G1 X109.665 Y98.854 E17.57481
G1 X109.95 Y98.854 E17.5787
G1 X109.95 Y99.935 E17.59347
G1 X110.236 Y99.663 E17.59886
G1 X110.236 Y98.854 E17.60991
G1 X110.522 Y98.854 E17.61382
G1 X110.522 Y99.391 E17.62115
G1 X110.807 Y99.12 E17.62652
G1 X110.807 Y96.068 E17.66821
G1 X111.093 Y96.068 E17.67212
G1 X111.093 Y98.848 E17.71009
G1 X111.378 Y98.577 E17.71546
G1 X111.378 Y96.068 E17.74973
G1 X111.664 Y96.068 E17.75364
G1 X111.664 Y98.305 E17.7842
G1 X111.95 Y98.034 E17.78958
G1 X111.95 Y96.068 E17.81643
G1 X112.235 Y96.068 E17.82032
G1 X112.235 Y97.762 E17.84346
G1 X112.521 Y97.49 E17.84885
G1 X112.521 Y96.068 E17.86827
G1 X112.807 Y96.068 E17.87218
G1 X112.807 Y97.219 E17.8879
G1 X113.092 Y96.947 E17.89328
G1 X113.092 Y96.068 E17.90529
G1 X113.309 Y96.068 E17.90825
G1 X113.309 Y93.282 E17.9463
G1 X113.378 Y93.282 E17.94724
G1 X113.378 Y96.676 E17.9936
G1 X113.663 Y96.404 E17.99898
G1 X113.663 Y93.282 E18.04162
G1 X113.949 Y93.282 E18.04553
G1 X113.949 Y96.132 E18.08446
G1 X114.235 Y95.861 E18.08984
G1 X114.235 Y93.282 E18.12507
G1 X114.52 Y93.282 E18.12896
G1 X114.52 Y95.589 E18.16047
G1 X114.806 Y95.318 E18.16585
G1 X114.806 Y93.282 E18.19366
G1 X115.091 Y93.282 E18.19755
G1 X115.091 Y95.046 E18.22164
G1 X115.377 Y94.775 E18.22702
G1 X115.377 Y93.282 E18.24741
G1 X115.663 Y93.282 E18.25132
G1 X115.663 Y94.503 E18.268
G1 X115.948 Y94.231 E18.27338
G1 X115.948 Y93.282 E18.28634
G1 X116.095 Y93.282 E18.28835
G1 X116.095 Y90.497 E18.32639
G1 X116.234 Y90.497 E18.32829
G1 X116.234 Y93.96 E18.37559
G1 X116.52 Y93.688 E18.38098
G1 X116.52 Y90.497 E18.42457
G1 X116.805 Y90.497 E18.42846
G1 X116.805 Y93.417 E18.46834
G1 X117.091 Y93.145 E18.47373
G1 X117.091 Y90.497 E18.5099
G1 X117.376 Y90.497 E18.51379
G1 X117.376 Y92.874 E18.54626
G1 X117.662 Y92.602 E18.55165
G1 X117.662 Y90.497 E18.5804
G1 X117.948 Y90.497 E18.58431
G1 X117.948 Y92.33 E18.60935
G1 X118.233 Y92.059 E18.61472
G1 X118.233 Y90.497 E18.63606
G1 X118.519 Y90.497 E18.63997
G1 X118.519 Y91.787 E18.65759
G1 X118.805 Y91.516 E18.66297
G1 X118.805 Y90.497 E18.67689
G1 X118.88 Y90.497 E18.67791
G1 X118.88 Y87.711 E18.71596
G1 X119.09 Y87.711 E18.71883
G1 X119.09 Y91.244 E18.76709
G1 X119.376 Y90.972 E18.77248
G1 X119.376 Y87.711 E18.81702
G1 X119.661 Y87.711 E18.82091
G1 X119.661 Y90.701 E18.86175
G1 X119.947 Y90.429 E18.86714
G1 X119.947 Y87.711 E18.90427
G1 X120.233 Y87.711 E18.90818
G1 X120.233 Y90.158 E18.9416
G1 X120.518 Y89.886 E18.94698
G1 X120.518 Y87.711 E18.97669
G1 X120.804 Y87.711 E18.9806
G1 X120.804 Y89.615 E19.00661
G1 X121.089 Y89.343 E19.01199
G1 X121.089 Y87.711 E19.03428
G1 X121.375 Y87.711 E19.03819
G1 X121.375 Y89.071 E19.05677
G1 X121.661 Y88.8 E19.06215
G1 X121.666 Y84.925 E19.11508
G1 X121.946 Y84.925 E19.1189
G1 X121.946 Y88.528 E19.16811
G1 X122.232 Y88.257 E19.17349
G1 X122.232 Y84.925 E19.219
G1 X122.518 Y84.925 E19.22291
G1 X122.518 Y87.985 E19.26471
G1 X122.803 Y87.713 E19.27009
G1 X122.803 Y84.925 E19.30817
G1 X123.089 Y84.925 E19.31208
G1 X123.089 Y87.442 E19.34646
G1 X123.374 Y87.17 E19.35184
G1 X123.374 Y84.925 E19.3825
G1 X123.66 Y84.925 E19.38641
G1 X123.66 Y86.899 E19.41337
G1 X123.946 Y86.627 E19.41876
G1 X123.946 Y84.925 E19.44201
G1 X124.231 Y84.925 E19.4459
G1 X124.231 Y86.356 E19.46545
G1 X124.517 Y86.084 E19.47084
G1 X124.517 Y82.14 E19.52471
G1 X124.803 Y82.14 E19.52862
G1 X124.803 Y85.812 E19.57878
G1 X125.088 Y85.541 E19.58415
G1 X125.088 Y82.14 E19.6306
G1 X125.374 Y82.14 E19.63451
G1 X125.374 Y85.269 E19.67725
G1 X125.659 Y84.998 E19.68262
G1 X125.659 Y82.14 E19.72166
G1 X125.945 Y82.14 E19.72557
G1 X125.945 Y84.726 E19.76089
G1 X126.231 Y84.455 E19.76627
G1 X126.231 Y82.14 E19.79789
G1 X126.516 Y82.14 E19.80178
G1 X126.516 Y84.183 E19.82969
G1 X126.802 Y83.911 E19.83508
G1 X126.802 Y82.14 E19.85927
G1 X127.087 Y82.14 E19.86316
G1 X127.087 Y83.64 E19.88365
G1 X127.373 Y83.368 E19.88904
G1 X127.373 Y79.354 E19.94387
G1 X127.659 Y79.354 E19.94778
G1 X127.659 Y83.097 E19.99891
G1 X127.944 Y82.825 E20.00429
G1 X127.944 Y79.354 E20.0517
G1 X128.23 Y79.354 E20.05561
G1 X128.23 Y82.553 E20.09931
G1 X128.516 Y82.282 E20.10469
G1 X128.516 Y79.354 E20.14468
G1 X128.801 Y79.354 E20.14857
G1 X128.801 Y82.01 E20.18485
G1 X129.087 Y81.739 E20.19023
G1 X129.087 Y79.354 E20.22281
G1 X129.372 Y79.354 E20.2267
G1 X129.372 Y81.467 E20.25556
G1 X129.658 Y81.196 E20.26094
G1 X129.658 Y79.354 E20.2861
G1 X129.944 Y79.354 E20.29001
G1 X129.944 Y80.924 E20.31145
G1 X130.229 Y80.652 E20.31683
G1 X130.229 Y76.569 E20.3726
G1 X130.515 Y76.569 E20.37651
G1 X130.515 Y80.381 E20.42858
G1 X130.801 Y80.109 E20.43397
G1 X130.801 Y76.569 E20.48232
G1 X131.086 Y76.569 E20.48621
G1 X131.086 Y79.838 E20.53086
G1 X131.372 Y79.566 E20.53625
G1 X131.372 Y76.569 E20.57719
G1 X131.657 Y76.569 E20.58108
G1 X131.657 Y79.294 E20.6183
G1 X131.943 Y79.023 E20.62368
G1 X131.943 Y76.569 E20.6572
G1 X132.229 Y76.569 E20.66111
G1 X132.229 Y78.751 E20.69091
G1 X132.514 Y78.48 E20.69628
G1 X132.514 Y76.569 E20.72238
G1 X132.8 Y76.569 E20.72629
G1 X132.8 Y78.208 E20.74868
G1 X133.085 Y77.937 E20.75405
G1 X133.085 Y73.783 E20.81079
G1 X133.371 Y73.783 E20.8147
G1 X133.371 Y77.665 E20.86772
G1 X133.657 Y77.393 E20.87311
G1 X133.657 Y73.783 E20.92242
G1 X133.942 Y73.783 E20.92631
G1 X133.942 Y77.122 E20.97192
G1 X134.228 Y76.85 E20.97731
G1 X134.228 Y73.783 E21.0192
G1 X134.514 Y73.783 E21.02311
G1 X134.514 Y76.579 E21.0613
G1 X134.799 Y76.307 E21.06668
G1 X134.799 Y73.783 E21.10116
G1 X135.085 Y73.783 E21.10507
G1 X135.085 Y76.036 E21.13584
G1 X135.37 Y75.764 E21.14122
G1 X135.37 Y73.783 E21.16828
G1 X135.594 Y73.783 E21.17134
G1 X135.594 Y70.997 E21.20939
G1 X135.656 Y70.997 E21.21024
G1 X135.656 Y75.492 E21.27164
G1 X135.942 Y75.221 E21.27702
G1 X135.942 Y70.997 E21.33472
G1 X136.227 Y70.997 E21.33861
G1 X136.227 Y74.949 E21.39259
G1 X136.513 Y74.678 E21.39797
G1 X136.513 Y70.997 E21.44825
G1 X136.799 Y70.997 E21.45216
G1 X136.799 Y74.406 E21.49872
G1 X137.084 Y74.134 E21.5041
G1 X137.084 Y70.997 E21.54695
G1 X137.37 Y70.997 E21.55086
G1 X137.37 Y73.863 E21.59001
G1 X137.655 Y73.591 E21.59539
G1 X137.655 Y70.997 E21.63082
G1 X137.941 Y70.997 E21.63473
G1 X137.941 Y73.32 E21.66646
G1 X138.227 Y73.048 E21.67185
G1 X138.227 Y70.997 E21.69986
G1 X138.38 Y70.997 E21.70195
G1 X138.38 Y68.212 E21.73999
G1 X138.512 Y68.212 E21.74179
G1 X138.512 Y72.777 E21.80414
G1 X138.798 Y72.505 E21.80953
G1 X138.798 Y68.212 E21.86817
G1 X139.083 Y68.212 E21.87206
G1 X139.083 Y72.233 E21.92698
G1 X139.369 Y71.962 E21.93236
G1 X139.369 Y68.212 E21.98358
G1 X139.655 Y68.212 E21.98749
G1 X139.655 Y71.69 E22.035
G1 X139.94 Y71.419 E22.04037
G1 X139.94 Y68.212 E22.08417
G1 X140.226 Y68.212 E22.08808
G1 X140.226 Y71.147 E22.12817
G1 X140.512 Y70.875 E22.13356
G1 X140.512 Y68.212 E22.16993
G1 X140.797 Y68.212 E22.17382
G1 X140.797 Y70.604 E22.20649
G1 X141.083 Y70.332 E22.21188
G1 X141.165 Y65.426 E22.2789
G1 X141.368 Y65.426 E22.28167
G1 X141.368 Y70.061 E22.34498
G1 X141.654 Y69.789 E22.35037
G1 X141.654 Y65.426 E22.40996
G1 X141.94 Y65.426 E22.41387
G1 X141.94 Y69.518 E22.46976
G1 X142.225 Y69.246 E22.47514
G1 X142.225 Y65.426 E22.52732
G1 X142.511 Y65.426 E22.53123
G1 X142.511 Y68.974 E22.57969
G1 X142.797 Y68.703 E22.58507
G1 X142.797 Y65.426 E22.62983
G1 X143.082 Y65.426 E22.63372
G1 X143.082 Y68.431 E22.67477
G1 X143.368 Y68.16 E22.68015
G1 X143.368 Y65.426 E22.71749
G1 X143.653 Y65.426 E22.72138
G1 X143.653 Y67.888 E22.75501
G1 X143.939 Y67.616 E22.7604
G1 X143.951 Y62.64 E22.82837
G1 X144.225 Y62.64 E22.83211
G1 X144.225 Y67.345 E22.89638
G1 X144.51 Y67.073 E22.90176
G1 X144.51 Y62.64 E22.96231
G1 X144.796 Y62.64 E22.96622
G1 X144.796 Y66.802 E23.02307
G1 X145.081 Y66.53 E23.02845
G1 X145.081 Y62.64 E23.08158
G1 X145.367 Y62.64 E23.08549
G1 X145.367 Y66.259 E23.13492
G1 X145.653 Y65.987 E23.14031
G1 X145.653 Y62.64 E23.18603
G1 X145.938 Y62.64 E23.18992
G1 X145.938 Y65.715 E23.23192
G1 X146.224 Y65.444 E23.2373
G1 X146.224 Y62.64 E23.2756
G1 X146.51 Y62.64 E23.27951
G1 X146.51 Y65.172 E23.31409
G1 X146.795 Y64.901 E23.31946
G1 X146.795 Y59.855 E23.38838
G1 X147.081 Y59.855 E23.39229
G1 X147.081 Y64.629 E23.4575
G1 X147.366 Y64.358 E23.46287
G1 X147.366 Y59.855 E23.52438
G1 X147.652 Y59.855 E23.52829
G1 X147.652 Y64.086 E23.58608
G1 X147.938 Y63.814 E23.59147
G1 X147.938 Y59.855 E23.64555
G1 X148.223 Y59.855 E23.64944
G1 X148.223 Y63.543 E23.69981
G1 X148.509 Y63.271 E23.7052
G1 X148.509 Y59.855 E23.75186
G1 X148.795 Y59.855 E23.75577
G1 X148.795 Y63 E23.79873
G1 X149.08 Y62.728 E23.80411
G1 X149.08 Y59.855 E23.84335
G1 X149.366 Y59.855 E23.84726
G1 X149.366 Y62.456 E23.88279
G1 X149.651 Y62.185 E23.88816
G1 X149.651 Y57.069 E23.95804
G1 X149.937 Y57.069 E23.96195
G1 X149.937 Y61.913 E24.02811
G1 X150.223 Y61.642 E24.03349
G1 X150.223 Y57.069 E24.09595
G1 X150.508 Y57.069 E24.09984
G1 X150.508 Y61.37 E24.15859
G1 X150.794 Y61.099 E24.16397
G1 X150.794 Y57.069 E24.21902
G1 X151.079 Y57.069 E24.22291
G1 X151.079 Y60.827 E24.27424
G1 X151.365 Y60.555 E24.27963
G1 X151.365 Y57.069 E24.32725
G1 X151.651 Y57.069 E24.33116
G1 X151.651 Y60.284 E24.37507
G1 X151.936 Y60.012 E24.38045
G1 X151.936 Y57.069 E24.42065
G1 X152.222 Y57.069 E24.42456
G1 X152.222 Y59.741 E24.46106
G1 X152.508 Y59.469 E24.46645
G1 X152.508 Y54.284 E24.53727
G1 X152.793 Y54.284 E24.54116
G1 X152.793 Y59.197 E24.60827
G1 X153.079 Y58.926 E24.61365
G1 X153.079 Y54.284 E24.67706
G1 X153.364 Y54.284 E24.68095
G1 X153.364 Y58.654 E24.74064
G1 X153.65 Y58.383 E24.74602
G1 X153.65 Y54.284 E24.80201
G1 X153.936 Y54.284 E24.80592
G1 X153.936 Y58.111 E24.85819
G1 X154.221 Y57.84 E24.86356
G1 X154.221 Y54.284 E24.91213
G1 X154.507 Y54.284 E24.91604
G1 X154.507 Y57.568 E24.9609
G1 X154.793 Y57.296 E24.96629
G1 X154.793 Y54.284 E25.00743
G1 X155.078 Y54.284 E25.01132
G1 X155.078 Y57.025 E25.04876
G1 X155.364 Y56.753 E25.05415
G1 X155.364 Y54.284 E25.08787
G1 X155.649 Y54.284 E25.09176
G1 X155.649 Y56.482 E25.12178
G1 X155.935 Y56.21 E25.12717
G1 X155.935 Y54.284 E25.15348
G1 X156.221 Y54.284 E25.15739
G1 X156.221 Y55.939 E25.18
G1 X156.506 Y55.667 E25.18538
G1 X156.506 Y54.284 E25.20427
G1 X156.792 Y54.284 E25.20818
G1 X156.792 Y55.395 E25.22336
G1 X157.077 Y55.124 E25.22873
G1 X157.077 Y54.284 E25.2402
G1 X157.363 Y54.284 E25.24411
G1 X157.363 Y54.852 E25.25187
G1 X157.649 Y54.581 E25.25725
G1 X157.649 Y54.284 E25.26131
G1 X157.879 Y54.284 E25.26445
G1 X157.879 Y51.498 E25.3025
G1 X157.934 Y51.498 E25.30325
G1 X157.934 Y54.309 E25.34165
G1 X158.22 Y54.037 E25.34704
G1 X158.22 Y51.498 E25.38172
G1 X158.506 Y51.498 E25.38563
G1 X158.506 Y53.766 E25.41661
G1 X158.791 Y53.494 E25.42199
G1 X158.791 Y51.498 E25.44925
G1 X159.077 Y51.498 E25.45316
G1 X159.077 Y53.223 E25.47672
G1 X159.362 Y52.951 E25.4821
G1 X159.362 Y51.498 E25.50195
G1 X159.648 Y51.498 E25.50586
G1 X159.648 Y52.68 E25.52201
G1 X159.934 Y52.408 E25.5274
G1 X159.934 Y51.498 E25.53983
G1 X160.219 Y51.498 E25.54372
G1 X160.219 Y52.136 E25.55243
G1 X160.505 Y51.865 E25.55781
G1 X160.505 Y51.498 E25.56282
G1 X160.664 Y51.498 E25.56499
G1 X160.664 Y48.712 E25.60304
G1 X160.791 Y48.712 E25.60477
G1 X160.791 Y51.593 E25.64412
G1 X161.076 Y51.322 E25.64949
G1 X161.076 Y48.712 E25.68514
G1 X161.362 Y48.712 E25.68905
G1 X161.362 Y51.05 E25.72098
G1 X161.647 Y50.778 E25.72636
G1 X161.647 Y48.712 E25.75458
G1 X161.933 Y48.712 E25.75849
G1 X161.933 Y50.507 E25.78301
G1 X162.219 Y50.235 E25.7884
G1 X162.219 Y48.712 E25.8092
G1 X162.504 Y48.712 E25.81309
G1 X162.504 Y49.964 E25.83019
G1 X162.79 Y49.692 E25.83558
G1 X162.79 Y48.712 E25.84897
G1 X163.075 Y48.712 E25.85286
G1 X163.075 Y49.421 E25.86254
G1 X163.361 Y49.149 E25.86793
G1 X163.361 Y48.712 E25.8739
G1 X163.45 Y48.712 E25.87512
G1 X163.45 Y45.927 E25.91316
G1 X163.647 Y45.927 E25.91585
G1 X163.647 Y48.877 E25.95614
G1 X163.932 Y48.606 E25.96151
G1 X163.932 Y45.927 E25.9981
G1 X164.218 Y45.927 E26.00201
G1 X164.218 Y48.334 E26.03489
G1 X164.504 Y48.063 E26.04027
G1 X164.504 Y45.927 E26.06945
G1 X164.789 Y45.927 E26.07334
G1 X164.789 Y47.791 E26.0988
G1 X165.075 Y47.52 E26.10418
G1 X165.075 Y45.927 E26.12594
G1 X165.36 Y45.927 E26.12983
G1 X165.36 Y47.248 E26.14787
G1 X165.646 Y46.976 E26.15326
G1 X165.646 Y45.927 E26.16759
G1 X165.932 Y45.927 E26.1715
G1 X165.932 Y46.705 E26.18213
G1 X166.217 Y46.433 E26.18751
G1 X166.236 Y43.141 E26.23248
G1 X166.503 Y43.141 E26.23613
G1 X166.503 Y46.162 E26.27739
G1 X166.789 Y45.89 E26.28278
G1 X166.789 Y43.141 E26.32033
G1 X167.074 Y43.141 E26.32422
G1 X167.074 Y45.618 E26.35805
G1 X167.36 Y45.347 E26.36343
G1 X167.36 Y43.141 E26.39356
G1 X167.645 Y43.141 E26.39745
G1 X167.645 Y45.075 E26.42387
G1 X167.931 Y44.804 E26.42925
G1 X167.931 Y43.141 E26.45197
G1 X168.217 Y43.141 E26.45588
G1 X168.217 Y44.532 E26.47488
G1 X168.502 Y44.261 E26.48025
G1 X168.502 Y43.141 E26.49555
G1 X168.788 Y43.141 E26.49946
G1 X168.788 Y43.989 E26.51104
G1 X169.073 Y43.717 E26.51642
G1 X169.073 Y40.356 E26.56233
G1 X169.359 Y40.356 E26.56624
G1 X169.359 Y43.446 E26.60845
G1 X169.645 Y43.174 E26.61384
G1 X169.645 Y40.356 E26.65233
G1 X169.93 Y40.356 E26.65622
G1 X169.93 Y42.903 E26.69101
G1 X170.216 Y42.631 E26.6964
G1 X170.216 Y40.356 E26.72747
G1 X170.502 Y40.356 E26.73138
G1 X170.502 Y42.359 E26.75874
G1 X170.787 Y42.088 E26.76411
G1 X170.787 Y40.356 E26.78777
G1 X171.073 Y40.356 E26.79168
G1 X171.073 Y41.816 E26.81162
G1 X171.358 Y41.545 E26.81699
G1 X171.358 Y40.356 E26.83323
G1 X171.644 Y40.356 E26.83714
G1 X171.644 Y41.273 E26.84967
G1 X171.93 Y41.002 E26.85505
G1 X171.93 Y37.57 E26.90193
G1 X172.215 Y37.57 E26.90582
G1 X172.215 Y40.73 E26.94898
G1 X172.501 Y40.458 E26.95437
G1 X172.501 Y37.57 E26.99382
G1 X172.787 Y37.57 E26.99773
G1 X172.787 Y40.187 E27.03348
G1 X173.072 Y39.915 E27.03886
G1 X173.072 Y37.57 E27.07089
G1 X173.358 Y37.57 E27.0748
G1 X173.358 Y39.644 E27.10313
G1 X173.643 Y39.372 E27.10851
G1 X173.643 Y37.57 E27.13312
G1 X173.929 Y37.57 E27.13703
G1 X173.929 Y39.101 E27.15794
G1 X174.215 Y38.829 E27.16333
G1 X174.215 Y37.57 E27.18053
G1 X174.5 Y37.57 E27.18442
G1 X174.5 Y38.557 E27.1979
G1 X174.786 Y38.286 E27.20328
G1 X174.786 Y34.784 E27.25111
G1 X175.071 Y34.784 E27.255
G1 X175.071 Y38.014 E27.29912
G1 X175.357 Y37.743 E27.3045
G1 X175.357 Y34.784 E27.34492
G1 X175.643 Y34.784 E27.34883
G1 X175.643 Y37.471 E27.38553
G1 X175.928 Y37.199 E27.39091
G1 X175.928 Y34.784 E27.4239
G1 X176.214 Y34.784 E27.42781
G1 X176.214 Y36.928 E27.4571
G1 X176.5 Y36.656 E27.46249
G1 X176.5 Y34.784 E27.48806
G1 X176.785 Y34.784 E27.49195
G1 X176.785 Y36.385 E27.51382
G1 X177.071 Y36.113 E27.51921
G1 X177.071 Y34.784 E27.53736
G1 X177.356 Y34.784 E27.54125
G1 X177.356 Y35.842 E27.5557
G1 X177.642 Y35.57 E27.56109
G1 X177.642 Y31.999 E27.60987
G1 X177.928 Y31.999 E27.61378
G1 X177.928 Y35.298 E27.65884
G1 X178.213 Y35.027 E27.66421
G1 X178.213 Y31.999 E27.70557
G1 X178.499 Y31.999 E27.70948
G1 X178.499 Y34.755 E27.74712
G1 X178.785 Y34.484 E27.7525
G1 X178.785 Y31.999 E27.78644
G1 X179.07 Y31.999 E27.79033
G1 X179.07 Y34.212 E27.82056
G1 X179.356 Y33.94 E27.82595
G1 X179.356 Y31.999 E27.85246
G1 X179.641 Y31.999 E27.85635
G1 X179.641 Y33.669 E27.87916
G1 X179.927 Y33.397 E27.88455
G1 X179.927 Y31.999 E27.90365
G1 X180.164 Y31.999 E27.90689
G1 X180.164 Y29.213 E27.94494
G1 X180.213 Y33.126 E27.99839
G1 X180.498 Y32.854 E28.00377
G1 X180.498 Y29.213 E28.0535
G1 X180.784 Y29.213 E28.05741
G1 X180.784 Y32.583 E28.10344
G1 X181.069 Y32.311 E28.10882
G1 X181.069 Y29.213 E28.15114
G1 X181.355 Y29.213 E28.15505
G1 X181.355 Y32.039 E28.19365
G1 X181.641 Y31.768 E28.19903
G1 X181.641 Y29.213 E28.23393
G1 X181.926 Y29.213 E28.23782
G1 X181.926 Y31.496 E28.269
G1 X182.212 Y31.225 E28.27438
G1 X182.212 Y29.213 E28.30186
G1 X182.498 Y29.213 E28.30577
G1 X182.498 Y30.953 E28.32954
G1 X182.783 Y30.682 E28.33491
G1 X182.783 Y29.213 E28.35498
G1 X182.949 Y29.213 E28.35725
G1 X182.949 Y26.427 E28.3953
G1 X183.069 Y26.427 E28.39694
G1 X183.069 Y30.41 E28.45134
G1 X183.354 Y30.138 E28.45672
G1 X183.354 Y26.427 E28.50741
G1 X183.64 Y26.427 E28.51132
G1 X183.64 Y29.867 E28.55831
G1 X183.926 Y29.595 E28.5637
G1 X183.926 Y26.427 E28.60697
G1 X184.211 Y26.427 E28.61086
G1 X184.211 Y29.324 E28.65043
G1 X184.497 Y29.052 E28.65582
G1 X184.497 Y26.427 E28.69168
G1 X184.783 Y26.427 E28.69559
G1 X184.783 Y28.78 E28.72773
G1 X185.068 Y28.509 E28.7331
G1 X185.068 Y26.427 E28.76154
G1 X185.354 Y26.427 E28.76545
G1 X185.354 Y28.237 E28.79017
G1 X185.639 Y27.966 E28.79554
G1 X185.639 Y26.427 E28.81656
G1 X185.735 Y26.427 E28.81787
G1 X185.735 Y23.642 E28.85591
G1 X185.925 Y23.642 E28.85851
G1 X185.925 Y27.694 E28.91386
G1 X186.211 Y27.423 E28.91924
G1 X186.211 Y23.642 E28.97089
G1 X186.496 Y23.642 E28.97478
G1 X186.496 Y27.151 E29.02271
G1 X186.782 Y26.879 E29.0281
G1 X186.782 Y23.642 E29.07231
G1 X187.067 Y23.642 E29.0762
G1 X187.067 Y26.608 E29.11671
G1 X187.353 Y26.336 E29.1221
G1 X187.353 Y23.642 E29.1589
G1 X187.639 Y23.642 E29.16281
G1 X187.639 Y26.065 E29.19591
G1 X187.924 Y25.793 E29.20129
G1 X187.924 Y23.642 E29.23067
G1 X188.21 Y23.642 E29.23458
G1 X188.21 Y25.521 E29.26025
G1 X188.496 Y25.25 E29.26563
G1 X188.521 Y20.856 E29.32565
G1 X188.781 Y20.856 E29.3292
G1 X188.781 Y24.978 E29.3855
G1 X189.067 Y24.707 E29.39088
G1 X189.067 Y20.856 E29.44348
G1 X189.352 Y20.856 E29.44737
G1 X189.352 Y24.435 E29.49626
G1 X189.638 Y24.164 E29.50164
G1 X189.638 Y20.856 E29.54682
G1 X189.924 Y20.856 E29.55073
G1 X189.924 Y23.892 E29.5922
G1 X190.209 Y23.62 E29.59758
G1 X190.209 Y20.856 E29.63533
G1 X190.495 Y20.856 E29.63924
G1 X190.495 Y23.349 E29.67329
G1 X190.781 Y23.077 E29.67868
G1 X190.781 Y20.856 E29.70902
G1 X191.066 Y20.856 E29.71291
G1 X191.066 Y22.806 E29.73955
G1 X191.352 Y22.534 E29.74494
G1 X191.352 Y18.071 E29.8059
G1 X191.637 Y18.071 E29.80979
G1 X191.637 Y22.263 E29.86705
G1 X191.923 Y21.991 E29.87244
G1 X191.923 Y18.071 E29.92598
G1 X192.209 Y18.071 E29.92989
G1 X192.209 Y21.719 E29.97972
G1 X192.494 Y21.448 E29.98509
G1 X192.494 Y18.071 E30.03122
G1 X192.78 Y18.071 E30.03513
G1 X192.78 Y21.176 E30.07754
G1 X193.065 Y20.905 E30.08291
G1 X193.065 Y18.071 E30.12162
G1 X193.351 Y18.071 E30.12553
G1 X193.351 Y20.633 E30.16052
G1 X193.637 Y20.361 E30.16591
G1 X193.637 Y18.071 E30.19719
G1 X193.922 Y18.071 E30.20108
G1 X193.922 Y20.09 E30.22866
G1 X194.208 Y19.818 E30.23405
G1 X194.208 Y18.071 E30.25791
G1 X194.494 Y18.071 E30.26182
G1 X194.494 Y19.649 E30.28337
G1 X194.694 Y19.654 E30.2861
G1 X194.779 Y19.744 E30.28779
G1 X194.779 Y18.071 E30.31064
G1 X195.065 Y18.071 E30.31455
G1 X195.065 Y20.044 E30.3415
G1 X195.35 Y20.345 E30.34716
G1 X195.35 Y18.071 E30.37822
G1 X195.636 Y18.071 E30.38213
G1 X195.636 Y20.645 E30.41729
G1 X195.922 Y20.945 E30.42295
G1 X195.922 Y18.071 E30.46221
G1 X196.207 Y18.071 E30.4661
G1 X196.207 Y21.246 E30.50947
G1 X196.493 Y21.546 E30.51513
G1 X196.493 Y18.071 E30.5626
G1 X196.779 Y18.071 E30.56651
G1 X196.779 Y22.033 E30.62063
G1 E28.62063 F2400
G92 E0
G1 X196.779 Y22.033 F7800
G92 E0
G1 X204.325 Y34.559
G1 E2 F2400
G1 F3600
G1 X204.325 Y30.424 E2.05648
G1 X204.039 Y30.695 E2.06186
G1 X204.039 Y34.431 E2.11289
G1 X203.754 Y34.431 E2.11678
G1 X203.754 Y30.967 E2.1641
G1 X203.468 Y31.239 E2.16949
G1 X203.468 Y34.431 E2.21309
G1 X203.182 Y34.431 E2.217
G1 X203.182 Y31.51 E2.2569
G1 X202.897 Y31.782 E2.26228
G1 X202.897 Y34.431 E2.29846
G1 X202.611 Y34.431 E2.30237
G1 X202.611 Y32.053 E2.33485
G1 X202.326 Y32.325 E2.34023
G1 X202.326 Y34.431 E2.369
G1 X202.04 Y34.431 E2.37291
G1 X202.04 Y32.596 E2.39797
G1 X201.754 Y32.868 E2.40336
G1 X201.754 Y34.431 E2.42471
G1 X201.638 Y34.431 E2.42629
G1 X201.638 Y37.216 E2.46433
G1 X201.469 Y37.216 E2.46664
G1 X201.469 Y33.14 E2.52231
G1 X201.183 Y33.411 E2.52769
G1 X201.183 Y37.216 E2.57966
G1 X200.898 Y37.216 E2.58355
G1 X200.898 Y33.683 E2.63181
G1 X200.612 Y33.954 E2.63719
G1 X200.612 Y37.216 E2.68175
G1 X200.326 Y37.216 E2.68566
G1 X200.326 Y34.226 E2.7265
G1 X200.041 Y34.497 E2.73187
G1 X200.041 Y37.216 E2.76901
G1 X199.755 Y37.216 E2.77292
G1 X199.755 Y34.769 E2.80634
G1 X199.469 Y35.041 E2.81173
G1 X199.469 Y37.216 E2.84144
G1 X199.184 Y37.216 E2.84533
G1 X199.184 Y35.312 E2.87134
G1 X198.898 Y35.584 E2.87673
G1 X198.853 Y40.002 E2.93708
G1 X198.613 Y40.002 E2.94036
G1 X198.613 Y35.855 E2.997
G1 X198.327 Y36.127 E3.00239
G1 X198.327 Y40.002 E3.05532
G1 X198.041 Y40.002 E3.05923
G1 X198.041 Y36.399 E3.10844
G1 X197.756 Y36.67 E3.11381
G1 X197.756 Y40.002 E3.15932
G1 X197.47 Y40.002 E3.16323
G1 X197.47 Y36.942 E3.20503
G1 X197.184 Y37.213 E3.21041
G1 X197.184 Y40.002 E3.24851
G1 X196.899 Y40.002 E3.2524
G1 X196.899 Y37.485 E3.28678
G1 X196.613 Y37.756 E3.29216
G1 X196.613 Y40.002 E3.32284
G1 X196.328 Y40.002 E3.32673
G1 X196.328 Y38.028 E3.35369
G1 X196.042 Y38.3 E3.35908
G1 X196.042 Y42.788 E3.42038
G1 X195.756 Y42.788 E3.42429
G1 X195.756 Y38.571 E3.48189
G1 X195.471 Y38.843 E3.48727
G1 X195.471 Y42.788 E3.54116
G1 X195.185 Y42.788 E3.54507
G1 X195.185 Y39.114 E3.59525
G1 X194.9 Y39.386 E3.60063
G1 X194.9 Y42.788 E3.6471
G1 X194.614 Y42.788 E3.65101
G1 X194.614 Y39.658 E3.69376
G1 X194.328 Y39.929 E3.69914
G1 X194.328 Y42.788 E3.73819
G1 X194.043 Y42.788 E3.74208
G1 X194.043 Y40.201 E3.77742
G1 X193.757 Y40.472 E3.7828
G1 X193.757 Y42.788 E3.81443
G1 X193.471 Y42.788 E3.81834
G1 X193.471 Y40.744 E3.84626
G1 X193.186 Y41.015 E3.85163
G1 X193.186 Y45.573 E3.91389
G1 X192.9 Y45.573 E3.9178
G1 X192.9 Y41.287 E3.97634
G1 X192.615 Y41.559 E3.98172
G1 X192.615 Y45.573 E4.03655
G1 X192.329 Y45.573 E4.04046
G1 X192.329 Y41.83 E4.09159
G1 X192.043 Y42.102 E4.09698
G1 X192.043 Y45.573 E4.14439
G1 X191.758 Y45.573 E4.14828
G1 X191.758 Y42.373 E4.19199
G1 X191.472 Y42.645 E4.19738
G1 X191.472 Y45.573 E4.23737
G1 X191.186 Y45.573 E4.24128
G1 X191.186 Y42.916 E4.27757
G1 X190.901 Y43.188 E4.28295
G1 X190.901 Y45.573 E4.31553
G1 X190.615 Y45.573 E4.31944
G1 X190.615 Y43.46 E4.3483
G1 X190.33 Y43.731 E4.35367
G1 X190.33 Y48.359 E4.41688
G1 X190.044 Y48.359 E4.42079
G1 X190.044 Y44.003 E4.48029
G1 X189.758 Y44.274 E4.48567
G1 X189.758 Y48.359 E4.54147
G1 X189.473 Y48.359 E4.54536
G1 X189.473 Y44.546 E4.59744
G1 X189.187 Y44.818 E4.60283
G1 X189.187 Y48.359 E4.6512
G1 X188.902 Y48.359 E4.65509
G1 X188.902 Y45.089 E4.69976
G1 X188.616 Y45.361 E4.70515
G1 X188.616 Y48.359 E4.7461
G1 X188.33 Y48.359 E4.75001
G1 X188.33 Y45.632 E4.78726
G1 X188.045 Y45.904 E4.79264
G1 X188.045 Y48.359 E4.82617
G1 X187.759 Y48.359 E4.83008
G1 X187.759 Y46.175 E4.85991
G1 X187.473 Y46.447 E4.8653
G1 X187.473 Y51.145 E4.92947
G1 X187.188 Y51.145 E4.93336
G1 X187.188 Y46.719 E4.99382
G1 X186.902 Y46.99 E4.9992
G1 X186.902 Y51.145 E5.05595
G1 X186.617 Y51.145 E5.05984
G1 X186.617 Y47.262 E5.11288
G1 X186.331 Y47.533 E5.11826
G1 X186.331 Y51.145 E5.1676
G1 X186.045 Y51.145 E5.17151
G1 X186.045 Y47.805 E5.21713
G1 X185.76 Y48.077 E5.22251
G1 X185.76 Y51.145 E5.26442
G1 X185.474 Y51.145 E5.26833
G1 X185.474 Y48.348 E5.30653
G1 X185.188 Y48.62 E5.31192
G1 X185.188 Y51.145 E5.34641
G1 X184.925 Y51.145 E5.35
G1 X184.925 Y53.93 E5.38804
G1 X184.903 Y48.891 E5.45687
G1 X184.617 Y49.163 E5.46226
G1 X184.617 Y53.93 E5.52737
G1 X184.332 Y53.93 E5.53126
G1 X184.332 Y49.434 E5.59267
G1 X184.046 Y49.706 E5.59806
G1 X184.046 Y53.93 E5.65576
G1 X183.76 Y53.93 E5.65967
G1 X183.76 Y49.978 E5.71365
G1 X183.475 Y50.249 E5.71902
G1 X183.475 Y53.93 E5.7693
G1 X183.189 Y53.93 E5.77321
G1 X183.189 Y50.521 E5.81977
G1 X182.904 Y50.792 E5.82514
G1 X182.904 Y53.93 E5.868
G1 X182.618 Y53.93 E5.87191
G1 X182.618 Y51.064 E5.91106
G1 X182.332 Y51.335 E5.91644
G1 X182.332 Y53.93 E5.95189
G1 X182.139 Y53.93 E5.95453
G1 X182.139 Y56.716 E5.99258
G1 X182.047 Y56.716 E5.99384
G1 X182.047 Y51.607 E6.06362
G1 X181.761 Y51.879 E6.06901
G1 X181.761 Y56.716 E6.13508
G1 X181.475 Y56.716 E6.13899
G1 X181.475 Y52.15 E6.20136
G1 X181.19 Y52.422 E6.20674
G1 X181.19 Y56.716 E6.26539
G1 X180.904 Y56.716 E6.2693
G1 X180.904 Y52.693 E6.32425
G1 X180.619 Y52.965 E6.32963
G1 X180.619 Y56.716 E6.38087
G1 X180.333 Y56.716 E6.38478
G1 X180.333 Y53.237 E6.4323
G1 X180.047 Y53.508 E6.43768
G1 X180.047 Y56.716 E6.4815
G1 X179.762 Y56.716 E6.48539
G1 X179.762 Y53.78 E6.52549
G1 X179.476 Y54.051 E6.53087
G1 X179.476 Y56.716 E6.56727
G1 X179.353 Y56.716 E6.56895
G1 X179.353 Y59.501 E6.60699
G1 X179.19 Y59.501 E6.60922
G1 X179.19 Y54.323 E6.67995
G1 X178.905 Y54.594 E6.68532
G1 X178.905 Y59.501 E6.75235
G1 X178.619 Y59.501 E6.75626
G1 X178.619 Y54.866 E6.81957
G1 X178.334 Y55.138 E6.82495
G1 X178.334 Y59.501 E6.88454
G1 X178.048 Y59.501 E6.88845
G1 X178.048 Y55.409 E6.94434
G1 X177.762 Y55.681 E6.94973
G1 X177.762 Y59.501 E7.00191
G1 X177.477 Y59.501 E7.0058
G1 X177.477 Y55.952 E7.05428
G1 X177.191 Y56.224 E7.05967
G1 X177.191 Y59.501 E7.10443
G1 X176.906 Y59.501 E7.10832
G1 X176.906 Y56.496 E7.14937
G1 X176.62 Y56.767 E7.15475
G1 X176.568 Y62.287 E7.23015
G1 X176.334 Y62.287 E7.23335
G1 X176.334 Y57.039 E7.30503
G1 X176.049 Y57.31 E7.3104
G1 X176.049 Y62.287 E7.37838
G1 X175.763 Y62.287 E7.38229
G1 X175.763 Y57.582 E7.44656
G1 X175.477 Y57.853 E7.45194
G1 X175.477 Y62.287 E7.5125
G1 X175.192 Y62.287 E7.51639
G1 X175.192 Y58.125 E7.57324
G1 X174.906 Y58.397 E7.57863
G1 X174.906 Y62.287 E7.63176
G1 X174.621 Y62.287 E7.63565
G1 X174.621 Y58.668 E7.68508
G1 X174.335 Y58.94 E7.69047
G1 X174.335 Y62.287 E7.73619
G1 X174.049 Y62.287 E7.7401
G1 X174.049 Y59.211 E7.78212
G1 X173.764 Y59.483 E7.7875
G1 X173.764 Y62.287 E7.8258
G1 X173.478 Y62.287 E7.82971
G1 X173.478 Y59.754 E7.86431
G1 X173.192 Y60.026 E7.8697
G1 X173.192 Y62.287 E7.90058
G1 X172.907 Y62.287 E7.90447
G1 X172.907 Y60.298 E7.93164
G1 X172.621 Y60.569 E7.93702
G1 X172.621 Y62.287 E7.96049
G1 X172.336 Y62.287 E7.96438
G1 X172.336 Y60.841 E7.98413
G1 X172.05 Y61.112 E7.98951
G1 X172.05 Y62.287 E8.00556
G1 X171.764 Y62.287 E8.00947
G1 X171.764 Y61.384 E8.0218
G1 X171.479 Y61.656 E8.02718
G1 X171.479 Y62.287 E8.0358
G1 X171.193 Y62.287 E8.03971
G1 X171.193 Y61.927 E8.04463
G1 X170.908 Y62.199 E8.05001
G1 X170.908 Y65.073 E8.08927
G1 X170.622 Y65.073 E8.09318
G1 X170.622 Y62.47 E8.12873
G1 X170.336 Y62.742 E8.13412
G1 X170.336 Y65.073 E8.16596
G1 X170.051 Y65.073 E8.16985
G1 X170.051 Y63.013 E8.19799
G1 X169.765 Y63.285 E8.20338
G1 X169.765 Y65.073 E8.2278
G1 X169.479 Y65.073 E8.23171
G1 X169.479 Y63.557 E8.25242
G1 X169.194 Y63.828 E8.25779
G1 X169.194 Y65.073 E8.2748
G1 X168.908 Y65.073 E8.27871
G1 X168.908 Y64.1 E8.292
G1 X168.623 Y64.371 E8.29737
G1 X168.623 Y65.073 E8.30696
G1 X168.337 Y65.073 E8.31087
G1 X168.337 Y64.643 E8.31674
G1 X168.051 Y64.915 E8.32213
G1 X168.051 Y67.858 E8.36233
G1 X167.766 Y67.858 E8.36622
G1 X167.766 Y65.186 E8.40272
G1 X167.48 Y65.458 E8.40811
G1 X167.48 Y67.858 E8.44089
G1 X167.194 Y67.858 E8.4448
G1 X167.194 Y65.729 E8.47388
G1 X166.909 Y66.001 E8.47926
G1 X166.909 Y67.858 E8.50462
G1 X166.623 Y67.858 E8.50853
G1 X166.623 Y66.272 E8.53019
G1 X166.338 Y66.544 E8.53557
G1 X166.338 Y67.858 E8.55352
G1 X166.052 Y67.858 E8.55743
G1 X166.052 Y66.816 E8.57166
G1 X165.766 Y67.087 E8.57704
G1 X165.766 Y67.858 E8.58757
G1 X165.481 Y67.858 E8.59146
G1 X165.481 Y67.359 E8.59828
G1 X165.195 Y67.63 E8.60366
G1 X165.195 Y70.644 E8.64483
G1 X164.91 Y70.644 E8.64872
G1 X164.91 Y67.902 E8.68617
G1 X164.624 Y68.173 E8.69155
G1 X164.624 Y70.644 E8.7253
G1 X164.338 Y70.644 E8.72921
G1 X164.338 Y68.445 E8.75925
G1 X164.053 Y68.717 E8.76463
G1 X164.053 Y70.644 E8.79095
G1 X163.767 Y70.644 E8.79486
G1 X163.767 Y68.988 E8.81748
G1 X163.481 Y69.26 E8.82287
G1 X163.481 Y70.644 E8.84177
G1 X163.196 Y70.644 E8.84566
G1 X163.196 Y69.531 E8.86086
G1 X162.91 Y69.803 E8.86625
G1 X162.91 Y70.644 E8.87774
G1 X162.64 Y70.644 E8.88143
G1 X162.64 Y73.429 E8.91947
G1 X162.625 Y70.075 E8.96528
G1 X162.339 Y70.346 E8.97066
G1 X162.339 Y73.429 E9.01277
G1 X162.053 Y73.429 E9.01668
G1 X162.053 Y70.618 E9.05508
G1 X161.768 Y70.889 E9.06045
G1 X161.768 Y73.429 E9.09514
G1 X161.482 Y73.429 E9.09905
G1 X161.482 Y71.161 E9.13003
G1 X161.196 Y71.432 E9.13541
G1 X161.196 Y73.429 E9.16269
G1 X160.911 Y73.429 E9.16658
G1 X160.911 Y71.704 E9.19014
G1 X160.625 Y71.976 E9.19553
G1 X160.625 Y73.429 E9.21538
G1 X160.34 Y73.429 E9.21927
G1 X160.34 Y72.247 E9.23542
G1 X160.054 Y72.519 E9.24081
G1 X160.054 Y73.429 E9.25324
G1 X159.854 Y73.429 E9.25597
G1 X159.854 Y76.215 E9.29402
G1 X159.768 Y76.215 E9.29519
G1 X159.768 Y72.79 E9.34197
G1 X159.483 Y73.062 E9.34735
G1 X159.483 Y76.215 E9.39042
G1 X159.197 Y76.215 E9.39433
G1 X159.197 Y73.334 E9.43368
G1 X158.912 Y73.605 E9.43905
G1 X158.912 Y76.215 E9.4747
G1 X158.626 Y76.215 E9.47861
G1 X158.626 Y73.877 E9.51054
G1 X158.34 Y74.148 E9.51592
G1 X158.34 Y76.215 E9.54415
G1 X158.055 Y76.215 E9.54804
G1 X158.055 Y74.42 E9.57256
G1 X157.769 Y74.691 E9.57794
G1 X157.769 Y76.215 E9.59876
G1 X157.483 Y76.215 E9.60267
G1 X157.483 Y74.963 E9.61977
G1 X157.198 Y75.235 E9.62515
G1 X157.198 Y76.215 E9.63854
G1 X157.068 Y76.215 E9.64032
G1 X157.068 Y79.001 E9.67837
G1 X156.912 Y79.001 E9.6805
G1 X156.912 Y75.506 E9.72824
G1 X156.627 Y75.778 E9.73362
G1 X156.627 Y79.001 E9.77764
G1 X156.341 Y79.001 E9.78155
G1 X156.341 Y76.049 E9.82187
G1 X156.055 Y76.321 E9.82726
G1 X156.055 Y79.001 E9.86387
G1 X155.77 Y79.001 E9.86776
G1 X155.77 Y76.592 E9.90066
G1 X155.484 Y76.864 E9.90605
G1 X155.484 Y79.001 E9.93524
G1 X155.198 Y79.001 E9.93915
G1 X155.198 Y77.136 E9.96462
G1 X154.913 Y77.407 E9.96999
G1 X154.913 Y79.001 E9.99176
G1 X154.627 Y79.001 E9.99567
G1 X154.627 Y77.679 E10.01373
G1 X154.342 Y77.95 E10.0191
G1 X154.283 Y81.786 E10.0715
G1 X154.056 Y81.786 E10.0746
G1 X154.056 Y78.222 E10.12328
G1 X153.77 Y78.494 E10.12867
G1 X153.77 Y81.786 E10.17364
G1 X153.485 Y81.786 E10.17753
G1 X153.485 Y78.765 E10.21879
G1 X153.199 Y79.037 E10.22418
G1 X153.199 Y81.786 E10.26173
G1 X152.914 Y81.786 E10.26562
G1 X152.914 Y79.308 E10.29947
G1 X152.628 Y79.58 E10.30486
G1 X152.628 Y81.786 E10.33499
G1 X152.342 Y81.786 E10.3389
G1 X152.342 Y79.851 E10.36533
G1 X152.057 Y80.123 E10.37071
G1 X152.057 Y81.786 E10.39343
G1 X151.771 Y81.786 E10.39734
G1 X151.771 Y80.395 E10.41634
G1 X151.485 Y80.666 E10.42172
G1 X151.485 Y84.572 E10.47507
G1 X151.2 Y84.572 E10.47896
G1 X151.2 Y80.938 E10.5286
G1 X150.914 Y81.209 E10.53398
G1 X150.914 Y84.572 E10.57992
G1 X150.629 Y84.572 E10.58381
G1 X150.629 Y81.481 E10.62603
G1 X150.343 Y81.753 E10.63142
G1 X150.343 Y84.572 E10.66993
G1 X150.057 Y84.572 E10.67384
G1 X150.057 Y82.024 E10.70864
G1 X149.772 Y82.296 E10.71402
G1 X149.772 Y84.572 E10.74511
G1 X149.486 Y84.572 E10.74902
G1 X149.486 Y82.567 E10.77641
G1 X149.2 Y82.839 E10.7818
G1 X149.2 Y84.572 E10.80547
G1 X148.915 Y84.572 E10.80936
G1 X148.915 Y83.11 E10.82933
G1 X148.629 Y83.382 E10.83472
G1 X148.629 Y87.358 E10.88903
G1 X148.344 Y87.358 E10.89292
G1 X148.344 Y83.654 E10.94351
G1 X148.058 Y83.925 E10.94889
G1 X148.058 Y87.358 E10.99578
G1 X147.772 Y87.358 E10.99969
G1 X147.772 Y84.197 E11.04287
G1 X147.487 Y84.468 E11.04824
G1 X147.487 Y87.358 E11.08771
G1 X147.201 Y87.358 E11.09162
G1 X147.201 Y84.74 E11.12738
G1 X146.916 Y85.011 E11.13275
G1 X146.916 Y87.358 E11.16481
G1 X146.63 Y87.358 E11.16872
G1 X146.63 Y85.283 E11.19706
G1 X146.344 Y85.555 E11.20245
G1 X146.344 Y87.358 E11.22708
G1 X146.059 Y87.358 E11.23097
G1 X146.059 Y85.826 E11.2519
G1 X145.773 Y86.098 E11.25729
G1 X145.773 Y90.143 E11.31254
G1 X145.487 Y90.143 E11.31645
G1 X145.487 Y86.369 E11.368
G1 X145.202 Y86.641 E11.37338
G1 X145.202 Y90.143 E11.42121
G1 X144.916 Y90.143 E11.42512
G1 X144.916 Y86.913 E11.46924
G1 X144.631 Y87.184 E11.47461
G1 X144.631 Y90.143 E11.51503
G1 X144.345 Y90.143 E11.51894
G1 X144.345 Y87.456 E11.55564
G1 X144.059 Y87.727 E11.56102
G1 X144.059 Y90.143 E11.59402
G1 X143.774 Y90.143 E11.59791
G1 X143.774 Y87.999 E11.6272
G1 X143.488 Y88.27 E11.63258
G1 X143.488 Y90.143 E11.65816
G1 X143.202 Y90.143 E11.66207
G1 X143.202 Y88.542 E11.68394
G1 X142.917 Y88.814 E11.68932
G1 X142.917 Y92.929 E11.74553
G1 X142.631 Y92.929 E11.74944
G1 X142.631 Y89.085 E11.80195
G1 X142.346 Y89.357 E11.80733
G1 X142.346 Y92.929 E11.85612
G1 X142.06 Y92.929 E11.86003
G1 X142.06 Y89.628 E11.90512
G1 X141.774 Y89.9 E11.91051
G1 X141.774 Y92.929 E11.95188
G1 X141.489 Y92.929 E11.95577
G1 X141.489 Y90.172 E11.99343
G1 X141.203 Y90.443 E11.99881
G1 X141.203 Y92.929 E12.03277
G1 X140.918 Y92.929 E12.03666
G1 X140.918 Y90.715 E12.0669
G1 X140.632 Y90.986 E12.07228
G1 X140.632 Y92.929 E12.09882
G1 X140.355 Y92.929 E12.1026
G1 X140.355 Y95.714 E12.14064
G1 X140.346 Y91.258 E12.20151
G1 X140.061 Y91.529 E12.20688
G1 X140.061 Y95.714 E12.26404
G1 X139.775 Y95.714 E12.26795
G1 X139.775 Y91.801 E12.3214
G1 X139.489 Y92.073 E12.32679
G1 X139.489 Y95.714 E12.37652
G1 X139.204 Y95.714 E12.38041
G1 X139.204 Y92.344 E12.42644
G1 X138.918 Y92.616 E12.43183
G1 X138.918 Y95.714 E12.47415
G1 X138.633 Y95.714 E12.47804
G1 X138.633 Y92.887 E12.51665
G1 X138.347 Y93.159 E12.52204
G1 X138.347 Y95.714 E12.55694
G1 X138.061 Y95.714 E12.56085
G1 X138.061 Y93.431 E12.59203
G1 X137.776 Y93.702 E12.5974
G1 X137.776 Y95.714 E12.62488
G1 X137.569 Y95.714 E12.62771
G1 X137.569 Y98.5 E12.66576
G1 X137.49 Y98.5 E12.66684
G1 X137.49 Y93.974 E12.72866
G1 X137.204 Y94.245 E12.73404
G1 X137.204 Y98.5 E12.79216
G1 X136.919 Y98.5 E12.79605
G1 X136.919 Y94.517 E12.85045
G1 X136.633 Y94.788 E12.85583
G1 X136.633 Y98.5 E12.90653
G1 X136.348 Y98.5 E12.91042
G1 X136.348 Y95.06 E12.95741
G1 X136.062 Y95.332 E12.9628
G1 X136.062 Y98.5 E13.00607
G1 X135.776 Y98.5 E13.00998
G1 X135.776 Y95.603 E13.04955
G1 X135.491 Y95.875 E13.05493
G1 X135.491 Y98.5 E13.09079
G1 X135.205 Y98.5 E13.0947
G1 X135.205 Y96.146 E13.12685
G1 X134.92 Y96.418 E13.13223
G1 X134.92 Y98.5 E13.16067
G1 X134.783 Y98.5 E13.16254
G1 X134.783 Y101.286 E13.20059
G1 X134.634 Y101.286 E13.20263
G1 X134.634 Y96.689 E13.26542
G1 X134.348 Y96.961 E13.27081
G1 X134.348 Y101.286 E13.32989
G1 X134.063 Y101.286 E13.33378
G1 X134.063 Y97.233 E13.38914
G1 X133.777 Y97.504 E13.39452
G1 X133.777 Y101.286 E13.44618
G1 X133.491 Y101.286 E13.45009
G1 X133.491 Y97.776 E13.49803
G1 X133.206 Y98.047 E13.5034
G1 X133.206 Y101.286 E13.54764
G1 X132.92 Y101.286 E13.55155
G1 X132.92 Y98.319 E13.59208
G1 X132.635 Y98.591 E13.59746
G1 X132.635 Y101.286 E13.63427
G1 X132.349 Y101.286 E13.63818
G1 X132.349 Y98.862 E13.67129
G1 X132.063 Y99.134 E13.67668
G1 X131.998 Y104.071 E13.74412
G1 X131.778 Y104.071 E13.74713
G1 X131.778 Y99.405 E13.81086
G1 X131.492 Y99.677 E13.81625
G1 X131.492 Y104.071 E13.87627
G1 X131.206 Y104.071 E13.88018
G1 X131.206 Y99.948 E13.9365
G1 X130.921 Y100.22 E13.94188
G1 X130.921 Y104.071 E13.99448
G1 X130.635 Y104.071 E13.99839
G1 X130.635 Y100.492 E14.04728
G1 X130.35 Y100.763 E14.05265
G1 X130.35 Y104.071 E14.09783
G1 X130.064 Y104.071 E14.10174
G1 X130.064 Y101.035 E14.14321
G1 X129.778 Y101.306 E14.14859
G1 X129.778 Y104.071 E14.18636
G1 X129.493 Y104.071 E14.19025
G1 X129.493 Y101.578 E14.2243
G1 X129.207 Y101.85 E14.22969
G1 X129.207 Y106.857 E14.29808
G1 X128.922 Y106.857 E14.30197
G1 X128.922 Y102.121 E14.36666
G1 X128.636 Y102.393 E14.37205
G1 X128.636 Y106.857 E14.43302
G1 X128.35 Y106.857 E14.43693
G1 X128.35 Y102.664 E14.4942
G1 X128.065 Y102.936 E14.49958
G1 X128.065 Y106.857 E14.55314
G1 X127.779 Y106.857 E14.55705
G1 X127.779 Y103.207 E14.60691
G1 X127.493 Y103.479 E14.6123
G1 X127.493 Y106.857 E14.65844
G1 X127.208 Y106.857 E14.66233
G1 X127.208 Y103.751 E14.70476
G1 X126.922 Y104.022 E14.71014
G1 X126.922 Y106.857 E14.74886
G1 X126.637 Y106.857 E14.75275
G1 X126.637 Y104.294 E14.78776
G1 X126.351 Y104.565 E14.79314
G1 X126.351 Y109.643 E14.8625
G1 X126.065 Y109.643 E14.86641
G1 X126.065 Y104.837 E14.93206
G1 X125.78 Y105.108 E14.93743
G1 X125.78 Y109.643 E14.99937
G1 X125.494 Y109.643 E15.00328
G1 X125.494 Y105.38 E15.06151
G1 X125.208 Y105.652 E15.0669
G1 X125.208 Y109.643 E15.12141
G1 X124.923 Y109.643 E15.1253
G1 X124.923 Y105.923 E15.17611
G1 X124.637 Y106.195 E15.1815
G1 X124.637 Y109.643 E15.2286
G1 X124.352 Y109.643 E15.23249
G1 X124.352 Y106.466 E15.27588
G1 X124.066 Y106.738 E15.28127
G1 X124.066 Y109.643 E15.32095
G1 X123.78 Y109.643 E15.32486
G1 X123.78 Y107.01 E15.36082
G1 X123.495 Y107.281 E15.36619
G1 X123.495 Y112.428 E15.43649
G1 X123.209 Y112.428 E15.4404
G1 X123.209 Y107.553 E15.50699
G1 X122.924 Y107.824 E15.51236
G1 X122.924 Y112.428 E15.57525
G1 X122.638 Y112.428 E15.57916
G1 X122.638 Y108.096 E15.63833
G1 X122.352 Y108.367 E15.64371
G1 X122.352 Y112.428 E15.69918
G1 X122.067 Y112.428 E15.70307
G1 X122.067 Y108.639 E15.75482
G1 X121.781 Y108.911 E15.76021
G1 X121.781 Y112.428 E15.80825
G1 X121.495 Y112.428 E15.81216
G1 X121.495 Y109.182 E15.8565
G1 X121.21 Y109.454 E15.86188
G1 X121.21 Y112.428 E15.9025
G1 X120.924 Y112.428 E15.90641
G1 X120.924 Y109.725 E15.94333
G1 X120.639 Y109.997 E15.94871
G1 X120.639 Y115.214 E16.01997
G1 X120.353 Y115.214 E16.02388
G1 X120.353 Y110.269 E16.09142
G1 X120.067 Y110.54 E16.0968
G1 X120.067 Y115.214 E16.16064
G1 X119.782 Y115.214 E16.16453
G1 X119.782 Y110.812 E16.22466
G1 X119.496 Y111.083 E16.23004
G1 X119.496 Y115.214 E16.28647
G1 X119.21 Y115.214 E16.29038
G1 X119.21 Y111.355 E16.34309
G1 X118.925 Y111.626 E16.34846
G1 X118.925 Y115.214 E16.39747
G1 X118.639 Y115.214 E16.40138
G1 X118.639 Y111.898 E16.44667
G1 X118.354 Y112.17 E16.45205
G1 X118.354 Y115.214 E16.49363
G1 X118.068 Y115.214 E16.49754
G1 X118.068 Y112.441 E16.53542
G1 X117.782 Y112.713 E16.54081
G1 X117.782 Y115.214 E16.57497
G1 X117.497 Y115.214 E16.57886
G1 X117.497 Y112.984 E16.60932
G1 X117.211 Y113.256 E16.61471
G1 X117.211 Y115.214 E16.64145
G1 X116.926 Y115.214 E16.64534
G1 X116.926 Y113.527 E16.66838
G1 X116.64 Y113.799 E16.67377
G1 X116.64 Y115.214 E16.6931
G1 X116.354 Y115.214 E16.69701
G1 X116.354 Y114.071 E16.71262
G1 X116.069 Y114.342 E16.71799
G1 X116.069 Y115.214 E16.7299
G1 X115.783 Y115.214 E16.73381
G1 X115.783 Y114.614 E16.74201
G1 X115.497 Y114.885 E16.74739
G1 X115.497 Y115.214 E16.75188
G1 X115.284 Y115.214 E16.75479
G1 X115.284 Y117.999 E16.79283
G1 X115.212 Y117.999 E16.79381
G1 X115.212 Y115.157 E16.83263
G1 X114.926 Y115.429 E16.83802
G1 X114.926 Y117.999 E16.87312
G1 X114.641 Y117.999 E16.87701
G1 X114.641 Y115.7 E16.90841
G1 X114.355 Y115.972 E16.9138
G1 X114.355 Y117.999 E16.94149
G1 X114.069 Y117.999 E16.9454
G1 X114.069 Y116.243 E16.96939
G1 X113.784 Y116.515 E16.97477
G1 X113.784 Y117.999 E16.99504
G1 X113.498 Y117.999 E16.99895
G1 X113.498 Y116.786 E17.01552
G1 X113.212 Y117.058 E17.02091
G1 X113.212 Y117.999 E17.03376
G1 X112.927 Y117.999 E17.03765
G1 X112.927 Y117.33 E17.04679
G1 X112.641 Y117.601 E17.05217
G1 X112.641 Y117.999 E17.05761
G1 X112.499 Y117.999 E17.05955
G1 X112.499 Y120.785 E17.0976
G1 X112.356 Y120.785 E17.09955
G1 X112.356 Y117.873 E17.13933
G1 X112.07 Y118.144 E17.14471
G1 X112.07 Y120.785 E17.18078
G1 X111.784 Y120.785 E17.18469
G1 X111.784 Y118.416 E17.21705
G1 X111.499 Y118.688 E17.22243
G1 X111.499 Y120.785 E17.25107
G1 X111.213 Y120.785 E17.25498
G1 X111.213 Y118.959 E17.27992
G1 X110.928 Y119.231 E17.2853
G1 X110.928 Y120.785 E17.30653
G1 X110.642 Y120.785 E17.31044
G1 X110.642 Y119.502 E17.32796
G1 X110.356 Y119.774 E17.33335
G1 X110.356 Y120.785 E17.34716
G1 X110.071 Y120.785 E17.35105
G1 X110.071 Y120.045 E17.36116
G1 X109.785 Y120.317 E17.36655
G1 X109.785 Y120.785 E17.37294
G1 X109.713 Y120.785 E17.37392
G1 X109.713 Y123.571 E17.41197
G1 X109.499 Y123.571 E17.41489
G1 X109.499 Y120.589 E17.45562
G1 X109.214 Y120.86 E17.46099
G1 X109.214 Y123.571 E17.49802
G1 X108.928 Y123.571 E17.50193
G1 X108.928 Y121.132 E17.53524
G1 X108.643 Y121.403 E17.54061
G1 X108.643 Y123.571 E17.57022
G1 X108.357 Y123.571 E17.57413
G1 X108.357 Y121.675 E17.60003
G1 X108.071 Y121.946 E17.60541
G1 X108.071 Y123.571 E17.62761
G1 X107.786 Y123.571 E17.6315
G1 X107.786 Y122.218 E17.64998
G1 X107.5 Y122.49 E17.65537
G1 X107.5 Y123.571 E17.67014
G1 X107.214 Y123.571 E17.67405
G1 X107.214 Y122.761 E17.68511
G1 X106.929 Y123.033 E17.69049
G1 X106.927 Y126.356 E17.73588
G1 X106.643 Y126.356 E17.73976
G1 X106.643 Y123.304 E17.78145
G1 X106.358 Y123.576 E17.78683
G1 X106.358 Y126.356 E17.8248
G1 X106.072 Y126.356 E17.82871
G1 X106.072 Y123.848 E17.86297
G1 X105.786 Y124.119 E17.86835
G1 X105.786 Y126.356 E17.89891
G1 X105.501 Y126.356 E17.9028
G1 X105.501 Y124.391 E17.92964
G1 X105.215 Y124.662 E17.93502
G1 X105.215 Y126.356 E17.95816
G1 X104.93 Y126.356 E17.96205
G1 X104.93 Y124.934 E17.98147
G1 X104.644 Y125.205 E17.98685
G1 X104.644 Y126.356 E18.00257
G1 X104.358 Y126.356 E18.00648
G1 X104.358 Y125.477 E18.01849
G1 X104.073 Y125.749 E18.02387
G1 X104.073 Y129.142 E18.07022
G1 X103.787 Y129.142 E18.07413
G1 X103.787 Y126.02 E18.11677
G1 X103.501 Y126.292 E18.12216
G1 X103.501 Y129.142 E18.16109
G1 X103.216 Y129.142 E18.16498
G1 X103.216 Y126.563 E18.20021
G1 X102.93 Y126.835 E18.2056
G1 X102.93 Y129.142 E18.23711
G1 X102.645 Y129.142 E18.241
G1 X102.645 Y127.107 E18.2688
G1 X102.359 Y127.378 E18.27418
G1 X102.359 Y129.142 E18.29827
G1 X102.073 Y129.142 E18.30218
G1 X102.073 Y127.65 E18.32256
G1 X101.788 Y127.921 E18.32793
G1 X101.788 Y129.142 E18.34461
G1 X101.502 Y129.142 E18.34852
G1 X101.502 Y128.193 E18.36148
G1 X101.216 Y128.464 E18.36686
G1 X101.216 Y131.927 E18.41416
G1 X100.931 Y131.927 E18.41805
G1 X100.931 Y128.736 E18.46164
G1 X100.645 Y129.008 E18.46703
G1 X100.645 Y131.927 E18.5069
G1 X100.36 Y131.927 E18.51079
G1 X100.36 Y129.279 E18.54696
G1 X100.074 Y129.551 E18.55235
G1 X100.074 Y131.927 E18.5848
G1 X99.788 Y131.927 E18.58871
G1 X99.788 Y129.822 E18.61746
G1 X99.503 Y130.094 E18.62284
G1 X99.503 Y131.927 E18.64788
G1 X99.217 Y131.927 E18.65179
G1 X99.217 Y130.365 E18.67313
G1 X98.932 Y130.637 E18.67851
G1 X98.932 Y131.927 E18.69613
G1 X98.646 Y131.927 E18.70004
G1 X98.646 Y130.909 E18.71394
G1 X98.36 Y131.18 E18.71932
G1 X98.36 Y134.713 E18.76758
G1 X98.075 Y134.713 E18.77147
G1 X98.075 Y131.452 E18.81601
G1 X97.789 Y131.723 E18.82139
G1 X97.789 Y134.713 E18.86223
G1 X97.503 Y134.713 E18.86614
G1 X97.503 Y131.995 E18.90327
G1 X97.218 Y132.267 E18.90865
G1 X97.218 Y134.713 E18.94206
G1 X96.932 Y134.713 E18.94597
G1 X96.932 Y132.538 E18.97568
G1 X96.647 Y132.81 E18.98106
G1 X96.647 Y134.713 E19.00705
G1 X96.361 Y134.713 E19.01096
G1 X96.361 Y133.081 E19.03325
G1 X96.075 Y133.353 E19.03864
G1 X96.075 Y134.713 E19.05722
G1 X95.79 Y134.713 E19.06111
G1 X95.79 Y133.624 E19.07598
G1 X95.504 Y133.896 E19.08137
G1 X95.504 Y137.499 E19.13058
G1 X95.218 Y137.499 E19.13449
G1 X95.218 Y134.168 E19.17999
G1 X94.933 Y134.439 E19.18536
G1 X94.933 Y137.499 E19.22716
G1 X94.647 Y137.499 E19.23107
G1 X94.647 Y134.711 E19.26915
G1 X94.362 Y134.982 E19.27452
G1 X94.362 Y137.499 E19.3089
G1 X94.076 Y137.499 E19.31281
G1 X94.076 Y135.254 E19.34347
G1 X93.79 Y135.526 E19.34886
G1 X93.79 Y137.499 E19.37581
G1 X93.505 Y137.499 E19.3797
G1 X93.505 Y135.797 E19.40295
G1 X93.219 Y136.069 E19.40834
G1 X93.219 Y137.499 E19.42787
G1 X92.999 Y137.499 E19.43088
G1 X92.999 Y140.284 E19.46892
G1 X92.934 Y140.284 E19.46981
G1 X92.934 Y136.34 E19.52368
G1 X92.648 Y136.612 E19.52907
G1 X92.648 Y140.284 E19.57923
G1 X92.362 Y140.284 E19.58314
G1 X92.362 Y136.883 E19.62959
G1 X92.077 Y137.155 E19.63497
G1 X92.077 Y140.284 E19.67771
G1 X91.791 Y140.284 E19.68162
G1 X91.791 Y137.427 E19.72064
G1 X91.505 Y137.698 E19.72602
G1 X91.505 Y140.284 E19.76134
G1 X91.22 Y140.284 E19.76523
G1 X91.22 Y137.97 E19.79684
G1 X90.934 Y138.241 E19.80222
G1 X90.934 Y140.284 E19.83013
G1 X90.649 Y140.284 E19.83402
G1 X90.649 Y138.513 E19.85821
G1 X90.363 Y138.784 E19.86359
G1 X90.363 Y140.284 E19.88408
G1 X90.214 Y140.284 E19.88612
G1 X90.214 Y143.07 E19.92417
G1 X90.077 Y143.07 E19.92604
G1 X90.077 Y139.056 E19.98087
G1 X89.792 Y139.328 E19.98625
G1 X89.792 Y143.07 E20.03736
G1 X89.506 Y143.07 E20.04127
G1 X89.506 Y139.599 E20.08868
G1 X89.22 Y139.871 E20.09407
G1 X89.22 Y143.07 E20.13777
G1 X88.935 Y143.07 E20.14166
G1 X88.935 Y140.142 E20.18165
G1 X88.649 Y140.414 E20.18704
G1 X88.649 Y143.07 E20.22332
G1 X88.364 Y143.07 E20.22721
G1 X88.364 Y140.686 E20.25977
G1 X88.078 Y140.957 E20.26515
G1 X88.078 Y143.07 E20.29401
G1 X87.792 Y143.07 E20.29792
G1 X87.792 Y141.229 E20.32307
G1 X87.507 Y141.5 E20.32844
G1 X87.507 Y143.07 E20.34988
G1 X87.428 Y143.07 E20.35096
G1 X87.428 Y145.856 E20.38901
G1 X87.221 Y145.856 E20.39184
G1 X87.221 Y141.772 E20.44762
G1 X86.936 Y142.043 E20.45299
G1 X86.936 Y145.856 E20.50507
G1 X86.65 Y145.856 E20.50898
G1 X86.65 Y142.315 E20.55735
G1 X86.364 Y142.587 E20.56274
G1 X86.364 Y145.856 E20.60739
G1 X86.079 Y145.856 E20.61128
G1 X86.079 Y142.858 E20.65223
G1 X85.793 Y143.13 E20.65762
G1 X85.793 Y145.856 E20.69485
G1 X85.507 Y145.856 E20.69876
G1 X85.507 Y143.401 E20.73229
G1 X85.222 Y143.673 E20.73767
G1 X85.222 Y145.856 E20.76749
G1 X84.936 Y145.856 E20.7714
G1 X84.936 Y143.945 E20.7975
G1 X84.651 Y144.216 E20.80287
G1 X84.642 Y148.641 E20.86331
G1 X84.365 Y148.641 E20.86709
G1 X84.365 Y144.488 E20.92382
G1 X84.079 Y144.759 E20.9292
G1 X84.079 Y148.641 E20.98222
G1 X83.794 Y148.641 E20.98611
G1 X83.794 Y145.031 E21.03542
G1 X83.508 Y145.302 E21.0408
G1 X83.508 Y148.641 E21.08641
G1 X83.223 Y148.641 E21.0903
G1 X83.223 Y145.574 E21.13219
G1 X82.937 Y145.846 E21.13758
G1 X82.937 Y148.641 E21.17576
G1 X82.651 Y148.641 E21.17967
G1 X82.651 Y146.117 E21.21415
G1 X82.366 Y146.389 E21.21953
G1 X82.366 Y148.641 E21.25029
G1 X82.08 Y148.641 E21.2542
G1 X82.08 Y146.66 E21.28126
G1 X81.794 Y146.932 E21.28665
G1 X81.794 Y151.427 E21.34805
G1 X81.509 Y151.427 E21.35194
G1 X81.509 Y147.203 E21.40964
G1 X81.223 Y147.475 E21.41503
G1 X81.223 Y151.427 E21.46901
G1 X80.938 Y151.427 E21.4729
G1 X80.938 Y147.747 E21.52317
G1 X80.652 Y148.018 E21.52855
G1 X80.652 Y151.427 E21.57511
G1 X80.366 Y151.427 E21.57902
G1 X80.366 Y148.29 E21.62187
G1 X80.081 Y148.561 E21.62724
G1 X80.081 Y151.427 E21.66639
G1 X79.795 Y151.427 E21.6703
G1 X79.795 Y148.833 E21.70573
G1 X79.509 Y149.105 E21.71112
G1 X79.509 Y151.427 E21.74284
G1 X79.224 Y151.427 E21.74673
G1 X79.224 Y149.376 E21.77474
G1 X78.938 Y149.648 E21.78013
G1 X78.938 Y154.212 E21.84247
G1 X78.653 Y154.212 E21.84636
G1 X78.653 Y149.919 E21.905
G1 X78.367 Y150.191 E21.91039
G1 X78.367 Y154.212 E21.96531
G1 X78.081 Y154.212 E21.96922
G1 X78.081 Y150.462 E22.02044
G1 X77.796 Y150.734 E22.02582
G1 X77.796 Y154.212 E22.07333
G1 X77.51 Y154.212 E22.07724
G1 X77.51 Y151.006 E22.12103
G1 X77.225 Y151.277 E22.1264
G1 X77.225 Y154.212 E22.16649
G1 X76.939 Y154.212 E22.1704
G1 X76.939 Y151.549 E22.20677
G1 X76.653 Y151.82 E22.21215
G1 X76.653 Y154.212 E22.24482
G1 X76.368 Y154.212 E22.24871
G1 X76.368 Y152.092 E22.27767
G1 X76.082 Y152.364 E22.28306
G1 X76.082 Y156.998 E22.34636
G1 X75.796 Y156.998 E22.35027
G1 X75.796 Y152.635 E22.40986
G1 X75.511 Y152.907 E22.41524
G1 X75.511 Y156.998 E22.47112
G1 X75.225 Y156.998 E22.47503
G1 X75.225 Y153.178 E22.52721
G1 X74.94 Y153.45 E22.53259
G1 X74.94 Y156.998 E22.58105
G1 X74.654 Y156.998 E22.58496
G1 X74.654 Y153.721 E22.62972
G1 X74.368 Y153.993 E22.63511
G1 X74.368 Y156.998 E22.67616
G1 X74.083 Y156.998 E22.68005
G1 X74.083 Y154.265 E22.71738
G1 X73.797 Y154.536 E22.72276
G1 X73.797 Y156.998 E22.75639
G1 X73.511 Y156.998 E22.7603
G1 X73.511 Y154.808 E22.79021
G1 X73.226 Y155.079 E22.79558
G1 X73.226 Y159.784 E22.85985
G1 X72.94 Y159.784 E22.86376
G1 X72.94 Y155.351 E22.92431
G1 X72.655 Y155.622 E22.92968
G1 X72.655 Y159.784 E22.98653
G1 X72.369 Y159.784 E22.99044
G1 X72.369 Y155.894 E23.04357
G1 X72.083 Y156.166 E23.04896
G1 X72.083 Y159.784 E23.09838
G1 X71.798 Y159.784 E23.10227
G1 X71.798 Y156.437 E23.14799
G1 X71.512 Y156.709 E23.15338
G1 X71.512 Y159.784 E23.19538
G1 X71.227 Y159.784 E23.19927
G1 X71.227 Y156.98 E23.23757
G1 X70.941 Y157.252 E23.24296
G1 X70.941 Y159.784 E23.27754
G1 X70.714 Y159.784 E23.28064
G1 X70.714 Y162.569 E23.31868
G1 X70.655 Y162.569 E23.31949
G1 X70.655 Y157.524 E23.3884
G1 X70.37 Y157.795 E23.39377
G1 X70.37 Y162.569 E23.45898
G1 X70.084 Y162.569 E23.46289
G1 X70.084 Y158.067 E23.52438
G1 X69.798 Y158.338 E23.52976
G1 X69.798 Y162.569 E23.58755
G1 X69.513 Y162.569 E23.59144
G1 X69.513 Y158.61 E23.64552
G1 X69.227 Y158.881 E23.6509
G1 X69.227 Y162.569 E23.70127
G1 X68.942 Y162.569 E23.70516
G1 X68.942 Y159.153 E23.75182
G1 X68.656 Y159.425 E23.75721
G1 X68.656 Y162.569 E23.80015
G1 X68.37 Y162.569 E23.80406
G1 X68.37 Y159.696 E23.8433
G1 X68.085 Y159.968 E23.84868
G1 X68.085 Y162.569 E23.88421
G1 X67.929 Y162.569 E23.88634
G1 X67.929 Y165.355 E23.92439
G1 X67.799 Y165.355 E23.92617
G1 X67.799 Y160.239 E23.99605
G1 X67.513 Y160.511 E24.00144
G1 X67.513 Y165.355 E24.0676
G1 X67.228 Y165.355 E24.07149
G1 X67.228 Y160.783 E24.13394
G1 X66.942 Y161.054 E24.13932
G1 X66.942 Y165.355 E24.19807
G1 X66.657 Y165.355 E24.20196
G1 X66.657 Y161.326 E24.25699
G1 X66.371 Y161.597 E24.26237
G1 X66.371 Y165.355 E24.3137
G1 X66.085 Y165.355 E24.31761
G1 X66.085 Y161.869 E24.36523
G1 X65.8 Y162.14 E24.3706
G1 X65.8 Y165.355 E24.41451
G1 X65.514 Y165.355 E24.41842
G1 X65.514 Y162.412 E24.45862
G1 X65.229 Y162.684 E24.464
G1 X65.143 Y168.141 E24.53855
G1 X64.943 Y168.141 E24.54128
G1 X64.943 Y162.955 E24.61212
G1 X64.657 Y163.227 E24.61751
G1 X64.657 Y168.141 E24.68463
G1 X64.372 Y168.141 E24.68852
G1 X64.372 Y163.498 E24.75194
G1 X64.086 Y163.77 E24.75733
G1 X64.086 Y168.141 E24.81703
G1 X63.8 Y168.141 E24.82094
G1 X63.8 Y164.041 E24.87694
G1 X63.515 Y164.313 E24.88232
G1 X63.515 Y168.141 E24.93461
G1 X63.229 Y168.141 E24.93852
G1 X63.229 Y164.585 E24.98709
G1 X62.944 Y164.856 E24.99246
G1 X62.944 Y168.141 E25.03733
G1 X62.658 Y168.141 E25.04124
G1 X62.658 Y165.128 E25.08239
G1 X62.372 Y165.399 E25.08777
G1 X62.372 Y168.141 E25.12522
G1 X62.087 Y168.141 E25.12911
G1 X62.087 Y165.671 E25.16285
G1 X61.801 Y165.943 E25.16824
G1 X61.801 Y168.141 E25.19826
G1 X61.515 Y168.141 E25.20217
G1 X61.515 Y166.214 E25.22849
G1 X61.23 Y166.486 E25.23387
G1 X61.23 Y168.141 E25.25648
G1 X60.944 Y168.141 E25.26039
G1 X60.944 Y166.757 E25.27929
G1 X60.659 Y167.029 E25.28467
G1 X60.659 Y168.141 E25.29986
G1 X60.373 Y168.141 E25.30377
G1 X60.373 Y167.3 E25.31526
G1 X60.087 Y167.572 E25.32065
G1 X60.087 Y168.141 E25.32842
G1 X59.802 Y168.141 E25.33231
G1 X59.802 Y167.844 E25.33637
G1 X59.516 Y168.115 E25.34175
G1 X59.516 Y170.926 E25.38015
G1 X59.231 Y170.926 E25.38404
G1 X59.231 Y168.387 E25.41872
G1 X58.945 Y168.658 E25.4241
G1 X58.945 Y170.926 E25.45508
G1 X58.659 Y170.926 E25.45899
G1 X58.659 Y168.93 E25.48625
G1 X58.374 Y169.202 E25.49163
G1 X58.374 Y170.926 E25.51518
G1 X58.088 Y170.926 E25.51909
G1 X58.088 Y169.473 E25.53894
G1 X57.802 Y169.745 E25.54433
G1 X57.802 Y170.926 E25.56046
G1 X57.517 Y170.926 E25.56435
G1 X57.517 Y170.016 E25.57678
G1 X57.231 Y170.288 E25.58217
G1 X57.231 Y170.926 E25.59088
G1 X56.946 Y170.926 E25.59477
G1 X56.946 Y170.559 E25.59978
G1 X56.66 Y170.831 E25.60517
G1 X56.66 Y173.712 E25.64452
G1 X56.374 Y173.712 E25.64843
G1 X56.374 Y171.103 E25.68407
G1 X56.089 Y171.374 E25.68944
G1 X56.089 Y173.712 E25.72137
G1 X55.803 Y173.712 E25.72528
G1 X55.803 Y171.646 E25.7535
G1 X55.517 Y171.917 E25.75888
G1 X55.517 Y173.712 E25.7834
G1 X55.232 Y173.712 E25.78729
G1 X55.232 Y172.189 E25.80809
G1 X54.946 Y172.46 E25.81347
G1 X54.946 Y173.712 E25.83057
G1 X54.661 Y173.712 E25.83446
G1 X54.661 Y172.732 E25.84785
G1 X54.375 Y173.004 E25.85324
G1 X54.375 Y173.712 E25.86291
G1 X54.089 Y173.712 E25.86682
G1 X54.089 Y173.275 E25.87279
G1 X53.804 Y173.547 E25.87817
G1 X53.804 Y176.497 E25.91846
G1 X53.518 Y176.497 E25.92237
G1 X53.518 Y173.818 E25.95896
G1 X53.233 Y174.09 E25.96434
G1 X53.233 Y176.497 E25.99722
G1 X52.947 Y176.497 E26.00113
G1 X52.947 Y174.362 E26.03029
G1 X52.661 Y174.633 E26.03567
G1 X52.661 Y176.497 E26.06113
G1 X52.376 Y176.497 E26.06502
G1 X52.376 Y174.905 E26.08677
G1 X52.09 Y175.176 E26.09215
G1 X52.09 Y176.497 E26.11019
G1 X51.804 Y176.497 E26.1141
G1 X51.804 Y175.448 E26.12843
G1 X51.519 Y175.719 E26.1338
G1 X51.519 Y176.497 E26.14443
G1 X51.233 Y176.497 E26.14834
G1 X51.233 Y175.991 E26.15525
G1 X50.948 Y176.263 E26.16063
G1 X50.948 Y179.283 E26.20188
G1 X50.662 Y179.283 E26.20579
G1 X50.662 Y176.534 E26.24334
G1 X50.376 Y176.806 E26.24873
G1 X50.376 Y179.283 E26.28256
G1 X50.091 Y179.283 E26.28645
G1 X50.091 Y177.077 E26.31658
G1 X49.805 Y177.349 E26.32197
G1 X49.805 Y179.283 E26.34839
G1 X49.519 Y179.283 E26.3523
G1 X49.519 Y177.621 E26.375
G1 X49.234 Y177.892 E26.38037
G1 X49.234 Y179.283 E26.39937
G1 X48.948 Y179.283 E26.40328
G1 X48.948 Y178.164 E26.41856
G1 X48.663 Y178.435 E26.42393
G1 X48.663 Y179.283 E26.43551
G1 X48.429 Y179.283 E26.43871
G1 X48.429 Y182.069 E26.47676
G1 X48.377 Y182.069 E26.47747
G1 X48.377 Y178.707 E26.52339
G1 X48.091 Y178.978 E26.52877
G1 X48.091 Y182.069 E26.57099
G1 X47.806 Y182.069 E26.57488
G1 X47.806 Y179.25 E26.61339
G1 X47.52 Y179.522 E26.61878
G1 X47.52 Y182.069 E26.65357
G1 X47.235 Y182.069 E26.65746
G1 X47.235 Y179.793 E26.68855
G1 X46.949 Y180.065 E26.69394
G1 X46.949 Y182.069 E26.72131
G1 X46.663 Y182.069 E26.72522
G1 X46.663 Y180.336 E26.74889
G1 X46.378 Y180.608 E26.75427
G1 X46.378 Y182.069 E26.77423
G1 X46.092 Y182.069 E26.77814
G1 X46.092 Y180.879 E26.79439
G1 X45.806 Y181.151 E26.79978
G1 X45.806 Y182.069 E26.81232
G1 X45.644 Y182.069 E26.81453
G1 X45.644 Y184.854 E26.85257
G1 X45.521 Y184.854 E26.85425
G1 X45.521 Y181.423 E26.90111
G1 X45.235 Y181.694 E26.90649
G1 X45.235 Y184.854 E26.94965
G1 X44.95 Y184.854 E26.95354
G1 X44.95 Y181.966 E26.99299
G1 X44.664 Y182.237 E26.99837
G1 X44.664 Y184.854 E27.03412
G1 X44.378 Y184.854 E27.03803
G1 X44.378 Y182.509 E27.07006
G1 X44.093 Y182.781 E27.07544
G1 X44.093 Y184.854 E27.10376
G1 X43.807 Y184.854 E27.10767
G1 X43.807 Y183.052 E27.13228
G1 X43.521 Y183.324 E27.13767
G1 X43.521 Y184.854 E27.15857
G1 X43.236 Y184.854 E27.16246
G1 X43.236 Y183.595 E27.17966
G1 X42.95 Y183.867 E27.18505
G1 X42.95 Y184.854 E27.19853
G1 X42.858 Y184.854 E27.19979
G1 X42.858 Y187.64 E27.23784
G1 X42.665 Y187.64 E27.24048
G1 X42.665 Y184.138 E27.28831
G1 X42.379 Y184.41 E27.2937
G1 X42.379 Y187.64 E27.33782
G1 X42.093 Y187.64 E27.34173
G1 X42.093 Y184.682 E27.38213
G1 X41.808 Y184.953 E27.3875
G1 X41.808 Y187.64 E27.4242
G1 X41.522 Y187.64 E27.42811
G1 X41.522 Y185.225 E27.4611
G1 X41.237 Y185.496 E27.46647
G1 X41.237 Y187.64 E27.49576
G1 X40.951 Y187.64 E27.49967
G1 X40.951 Y185.768 E27.52524
G1 X40.665 Y186.04 E27.53063
G1 X40.665 Y187.64 E27.55248
G1 X40.38 Y187.64 E27.55637
G1 X40.38 Y186.311 E27.57452
G1 X40.094 Y186.583 E27.57991
G1 X40.072 Y190.425 E27.63239
G1 X39.808 Y190.425 E27.636
G1 X39.808 Y186.854 E27.68478
G1 X39.523 Y187.126 E27.69016
G1 X39.523 Y190.425 E27.73522
G1 X39.237 Y190.425 E27.73913
G1 X39.237 Y187.397 E27.78049
G1 X38.952 Y187.669 E27.78587
G1 X38.952 Y190.425 E27.82351
G1 X38.666 Y190.425 E27.82742
G1 X38.666 Y187.941 E27.86135
G1 X38.38 Y188.212 E27.86673
G1 X38.38 Y190.425 E27.89696
G1 X38.095 Y190.425 E27.90085
G1 X38.095 Y188.484 E27.92736
G1 X37.809 Y188.755 E27.93274
G1 X37.809 Y190.425 E27.95555
G1 X37.523 Y190.425 E27.95946
G1 X37.523 Y189.027 E27.97856
G1 X37.238 Y189.298 E27.98393
G1 X37.238 Y193.211 E28.03738
G1 X36.952 Y193.211 E28.04129
G1 X36.952 Y189.57 E28.09102
G1 X36.667 Y189.842 E28.0964
G1 X36.667 Y193.211 E28.14242
G1 X36.381 Y193.211 E28.14633
G1 X36.381 Y190.113 E28.18865
G1 X36.095 Y190.385 E28.19404
G1 X36.095 Y193.211 E28.23264
G1 X35.81 Y193.211 E28.23653
G1 X35.81 Y190.656 E28.27143
G1 X35.524 Y190.928 E28.27682
G1 X35.524 Y193.211 E28.308
G1 X35.239 Y193.211 E28.31189
G1 X35.239 Y191.2 E28.33936
G1 X34.953 Y191.471 E28.34474
G1 X34.953 Y193.211 E28.36851
G1 X34.667 Y193.211 E28.37242
G1 X34.667 Y191.743 E28.39247
G1 X34.382 Y192.014 E28.39784
G1 X34.382 Y195.997 E28.45224
G1 X34.096 Y195.997 E28.45615
G1 X34.096 Y192.286 E28.50684
G1 X33.81 Y192.557 E28.51222
G1 X33.81 Y195.997 E28.55921
G1 X33.525 Y195.997 E28.5631
G1 X33.525 Y192.829 E28.60637
G1 X33.239 Y193.101 E28.61176
G1 X33.239 Y195.997 E28.65132
G1 X32.954 Y195.997 E28.65521
G1 X32.954 Y193.372 E28.69107
G1 X32.668 Y193.644 E28.69646
G1 X32.668 Y195.997 E28.7286
G1 X32.382 Y195.997 E28.73251
G1 X32.382 Y193.915 E28.76095
G1 X32.097 Y194.187 E28.76633
G1 X32.097 Y195.997 E28.79105
G1 X31.811 Y195.997 E28.79496
G1 X31.811 Y194.459 E28.81597
G1 X31.525 Y194.73 E28.82135
G1 X31.525 Y198.782 E28.8767
G1 X31.24 Y198.782 E28.88059
G1 X31.24 Y195.002 E28.93222
G1 X30.954 Y195.273 E28.9376
G1 X30.954 Y198.782 E28.98553
G1 X30.669 Y198.782 E28.98942
G1 X30.669 Y195.545 E29.03363
G1 X30.383 Y195.816 E29.03901
G1 X30.383 Y198.782 E29.07952
G1 X30.097 Y198.782 E29.08343
G1 X30.097 Y196.088 E29.12023
G1 X29.812 Y196.36 E29.12561
G1 X29.812 Y198.782 E29.15869
G1 X29.526 Y198.782 E29.1626
G1 X29.526 Y196.631 E29.19198
G1 X29.241 Y196.903 E29.19736
G1 X29.241 Y198.782 E29.22303
G1 X28.955 Y198.782 E29.22694
G1 X28.955 Y197.174 E29.2489
G1 X28.669 Y197.446 E29.25429
G1 X28.669 Y201.568 E29.31059
G1 X28.384 Y201.568 E29.31448
G1 X28.384 Y197.717 E29.36708
G1 X28.098 Y197.989 E29.37247
G1 X28.098 Y201.568 E29.42136
G1 X27.812 Y201.568 E29.42527
G1 X27.812 Y198.261 E29.47044
G1 X27.527 Y198.532 E29.47581
G1 X27.527 Y201.568 E29.51728
G1 X27.241 Y201.568 E29.52119
G1 X27.241 Y198.804 E29.55894
G1 X26.956 Y199.075 E29.56431
G1 X26.956 Y201.568 E29.59836
G1 X26.67 Y201.568 E29.60227
G1 X26.67 Y199.347 E29.63261
G1 X26.384 Y199.619 E29.638
G1 X26.384 Y201.568 E29.66462
G1 X26.144 Y201.568 E29.6679
G1 X26.144 Y204.354 E29.70595
G1 X26.099 Y199.89 E29.76693
G1 X25.813 Y200.162 E29.77232
G1 X25.813 Y204.354 E29.82958
G1 X25.527 Y204.354 E29.83349
G1 X25.527 Y200.433 E29.88705
G1 X25.242 Y200.705 E29.89243
G1 X25.242 Y204.354 E29.94227
G1 X24.956 Y204.354 E29.94618
G1 X24.956 Y200.976 E29.99232
G1 X24.671 Y201.248 E29.9977
G1 X24.671 Y204.354 E30.04013
G1 X24.385 Y204.354 E30.04404
G1 X24.385 Y201.52 E30.08275
G1 X24.099 Y201.791 E30.08813
G1 X24.099 Y204.354 E30.12314
G1 X23.814 Y204.354 E30.12703
G1 X23.814 Y202.063 E30.15832
G1 X23.528 Y202.334 E30.1637
G1 X23.528 Y204.354 E30.19129
G1 X23.243 Y204.354 E30.19518
G1 X23.243 Y202.606 E30.21906
G1 X23.062 Y202.778 E30.22247
G1 X22.957 Y202.775 E30.2239
G1 X22.957 Y204.354 E30.24547
G1 X22.671 Y204.354 E30.24938
G1 X22.671 Y202.68 E30.27225
G1 X22.386 Y202.38 E30.2779
G1 X22.386 Y204.354 E30.30486
G1 X22.1 Y204.354 E30.30877
G1 X22.1 Y202.079 E30.33984
G1 X21.814 Y201.779 E30.3455
G1 X21.814 Y204.354 E30.38067
G1 X21.529 Y204.354 E30.38456
G1 X21.529 Y201.479 E30.42383
G1 X21.243 Y201.178 E30.4295
G1 X21.243 Y204.354 E30.47288
G1 X20.958 Y204.354 E30.47677
G1 X20.958 Y200.878 E30.52425
G1 X20.672 Y200.577 E30.52992
G1 X20.672 Y204.482 E30.58326
G1 E28.58326 F2400
G92 E0
G1 X20.672 Y204.482 F7800
G1 X20.672 Y200.181
G1 E2 F2400
G1 F3600
G1 X20.672 Y195.997 E2.05715
G1 X20.958 Y195.997 E2.06106
G1 X20.958 Y199.732 E2.11208
G1 X21.243 Y199.461 E2.11745
G1 X21.243 Y195.997 E2.16477
G1 X21.529 Y195.997 E2.16868
G1 X21.529 Y199.189 E2.21228
G1 X21.814 Y198.917 E2.21766
G1 X21.814 Y195.997 E2.25754
G1 X22.1 Y195.997 E2.26145
G1 X22.1 Y198.646 E2.29763
G1 X22.386 Y198.374 E2.30302
G1 X22.386 Y195.997 E2.33549
G1 X22.671 Y195.997 E2.33938
G1 X22.671 Y198.103 E2.36815
G1 X22.957 Y197.831 E2.37354
G1 X22.957 Y195.997 E2.39859
G1 X23.243 Y195.997 E2.4025
G1 X23.243 Y197.56 E2.42385
G1 X23.528 Y197.288 E2.42923
G1 X23.528 Y193.211 E2.48492
G1 X23.814 Y193.211 E2.48883
G1 X23.814 Y197.016 E2.5408
G1 X24.099 Y196.745 E2.54617
G1 X24.099 Y193.211 E2.59444
G1 X24.385 Y193.211 E2.59835
G1 X24.385 Y196.473 E2.64291
G1 X24.671 Y196.202 E2.64829
G1 X24.671 Y193.211 E2.68914
G1 X24.956 Y193.211 E2.69303
G1 X24.956 Y195.93 E2.73017
G1 X25.242 Y195.659 E2.73555
G1 X25.242 Y193.211 E2.76899
G1 X25.527 Y193.211 E2.77288
G1 X25.527 Y195.387 E2.8026
G1 X25.813 Y195.115 E2.80799
G1 X25.813 Y193.211 E2.834
G1 X26.099 Y193.211 E2.83791
G1 X26.099 Y194.844 E2.86022
G1 X26.384 Y194.572 E2.8656
G1 X26.384 Y190.425 E2.92224
G1 X26.67 Y190.425 E2.92615
G1 X26.67 Y194.301 E2.97909
G1 X26.956 Y194.029 E2.98448
G1 X26.956 Y190.425 E3.03371
G1 X27.241 Y190.425 E3.0376
G1 X27.241 Y193.757 E3.08311
G1 X27.527 Y193.486 E3.08849
G1 X27.527 Y190.425 E3.1303
G1 X27.812 Y190.425 E3.13419
G1 X27.812 Y193.214 E3.17229
G1 X28.098 Y192.943 E3.17767
G1 X28.098 Y190.425 E3.21206
G1 X28.384 Y190.425 E3.21597
G1 X28.384 Y192.671 E3.24665
G1 X28.669 Y192.4 E3.25202
G1 X28.669 Y190.425 E3.279
G1 X28.93 Y190.425 E3.28257
G1 X28.93 Y187.64 E3.32061
G1 X28.955 Y192.128 E3.38191
G1 X29.241 Y191.856 E3.3873
G1 X29.241 Y187.64 E3.44489
G1 X29.526 Y187.64 E3.44878
G1 X29.526 Y191.585 E3.50267
G1 X29.812 Y191.313 E3.50806
G1 X29.812 Y187.64 E3.55823
G1 X30.097 Y187.64 E3.56212
G1 X30.097 Y191.042 E3.60859
G1 X30.383 Y190.77 E3.61398
G1 X30.383 Y187.64 E3.65673
G1 X30.669 Y187.64 E3.66064
G1 X30.669 Y190.498 E3.69968
G1 X30.954 Y190.227 E3.70505
G1 X30.954 Y187.64 E3.74039
G1 X31.24 Y187.64 E3.7443
G1 X31.24 Y189.955 E3.77592
G1 X31.525 Y189.684 E3.78129
G1 X31.525 Y187.64 E3.80921
G1 X31.716 Y187.64 E3.81182
G1 X31.716 Y184.854 E3.84987
G1 X31.811 Y184.854 E3.85117
G1 X31.811 Y189.412 E3.91343
G1 X32.097 Y189.141 E3.91881
G1 X32.097 Y184.854 E3.97737
G1 X32.382 Y184.854 E3.98126
G1 X32.382 Y188.869 E4.0361
G1 X32.668 Y188.597 E4.04149
G1 X32.668 Y184.854 E4.09262
G1 X32.954 Y184.854 E4.09653
G1 X32.954 Y188.326 E4.14395
G1 X33.239 Y188.054 E4.14933
G1 X33.239 Y184.854 E4.19304
G1 X33.525 Y184.854 E4.19695
G1 X33.525 Y187.783 E4.23696
G1 X33.81 Y187.511 E4.24234
G1 X33.81 Y184.854 E4.27863
G1 X34.096 Y184.854 E4.28254
G1 X34.096 Y187.24 E4.31513
G1 X34.382 Y186.968 E4.32052
G1 X34.382 Y184.854 E4.3494
G1 X34.501 Y184.854 E4.35103
G1 X34.501 Y182.069 E4.38907
G1 X34.667 Y182.069 E4.39134
G1 X34.667 Y186.696 E4.45454
G1 X34.953 Y186.425 E4.45992
G1 X34.953 Y182.069 E4.51942
G1 X35.239 Y182.069 E4.52333
G1 X35.239 Y186.153 E4.57911
G1 X35.524 Y185.882 E4.58448
G1 X35.524 Y182.069 E4.63656
G1 X35.81 Y182.069 E4.64047
G1 X35.81 Y185.61 E4.68884
G1 X36.095 Y185.338 E4.69422
G1 X36.095 Y182.069 E4.73887
G1 X36.381 Y182.069 E4.74278
G1 X36.381 Y185.067 E4.78373
G1 X36.667 Y184.795 E4.78912
G1 X36.667 Y182.069 E4.82635
G1 X36.952 Y182.069 E4.83024
G1 X36.952 Y184.524 E4.86377
G1 X37.238 Y184.252 E4.86916
G1 X37.287 Y179.283 E4.93704
G1 X37.523 Y179.283 E4.94026
G1 X37.523 Y183.981 E5.00443
G1 X37.809 Y183.709 E5.00982
G1 X37.809 Y179.283 E5.07028
G1 X38.095 Y179.283 E5.07419
G1 X38.095 Y183.437 E5.13093
G1 X38.38 Y183.166 E5.1363
G1 X38.38 Y179.283 E5.18934
G1 X38.666 Y179.283 E5.19325
G1 X38.666 Y182.894 E5.24257
G1 X38.952 Y182.623 E5.24795
G1 X38.952 Y179.283 E5.29357
G1 X39.237 Y179.283 E5.29746
G1 X39.237 Y182.351 E5.33937
G1 X39.523 Y182.079 E5.34476
G1 X39.523 Y179.283 E5.38295
G1 X39.808 Y179.283 E5.38684
G1 X39.808 Y181.808 E5.42133
G1 X40.094 Y181.536 E5.42672
G1 X40.094 Y176.497 E5.49555
G1 X40.38 Y176.497 E5.49946
G1 X40.38 Y181.265 E5.56459
G1 X40.665 Y180.993 E5.56997
G1 X40.665 Y176.497 E5.63138
G1 X40.951 Y176.497 E5.63529
G1 X40.951 Y180.722 E5.693
G1 X41.237 Y180.45 E5.69839
G1 X41.237 Y176.497 E5.75238
G1 X41.522 Y176.497 E5.75627
G1 X41.522 Y180.178 E5.80655
G1 X41.808 Y179.907 E5.81193
G1 X41.808 Y176.497 E5.85851
G1 X42.093 Y176.497 E5.8624
G1 X42.093 Y179.635 E5.90526
G1 X42.379 Y179.364 E5.91064
G1 X42.379 Y176.497 E5.9498
G1 X42.665 Y176.497 E5.95371
G1 X42.665 Y179.092 E5.98916
G1 X42.95 Y178.82 E5.99454
G1 X42.95 Y173.712 E6.06431
G1 X43.236 Y173.712 E6.06822
G1 X43.236 Y178.549 E6.13429
G1 X43.521 Y178.277 E6.13967
G1 X43.521 Y173.712 E6.20202
G1 X43.807 Y173.712 E6.20593
G1 X43.807 Y178.006 E6.26458
G1 X44.093 Y177.734 E6.26997
G1 X44.093 Y173.712 E6.32491
G1 X44.378 Y173.712 E6.3288
G1 X44.378 Y177.463 E6.38004
G1 X44.664 Y177.191 E6.38543
G1 X44.664 Y173.712 E6.43295
G1 X44.95 Y173.712 E6.43686
G1 X44.95 Y176.919 E6.48066
G1 X45.235 Y176.648 E6.48603
G1 X45.235 Y173.712 E6.52613
G1 X45.521 Y173.712 E6.53004
G1 X45.521 Y176.376 E6.56643
G1 X45.806 Y176.105 E6.5718
G1 X45.806 Y170.926 E6.64254
G1 X46.092 Y170.926 E6.64645
G1 X46.092 Y175.833 E6.71348
G1 X46.378 Y175.562 E6.71886
G1 X46.378 Y170.926 E6.78218
G1 X46.663 Y170.926 E6.78607
G1 X46.663 Y175.29 E6.84568
G1 X46.949 Y175.018 E6.85107
G1 X46.949 Y170.926 E6.90696
G1 X47.235 Y170.926 E6.91087
G1 X47.235 Y174.747 E6.96306
G1 X47.52 Y174.475 E6.96844
G1 X47.52 Y170.926 E7.01692
G1 X47.806 Y170.926 E7.02083
G1 X47.806 Y174.204 E7.0656
G1 X48.091 Y173.932 E7.07098
G1 X48.091 Y170.926 E7.11204
G1 X48.377 Y170.926 E7.11595
G1 X48.377 Y173.66 E7.15329
G1 X48.663 Y173.389 E7.15867
G1 X48.663 Y168.141 E7.23035
G1 X48.948 Y168.141 E7.23424
G1 X48.948 Y173.117 E7.30221
G1 X49.234 Y172.846 E7.30759
G1 X49.234 Y168.141 E7.37186
G1 X49.519 Y168.141 E7.37575
G1 X49.519 Y172.574 E7.4363
G1 X49.805 Y172.303 E7.44168
G1 X49.805 Y168.141 E7.49853
G1 X50.091 Y168.141 E7.50244
G1 X50.091 Y172.031 E7.55557
G1 X50.376 Y171.759 E7.56095
G1 X50.376 Y168.141 E7.61037
G1 X50.662 Y168.141 E7.61428
G1 X50.662 Y171.488 E7.66
G1 X50.948 Y171.216 E7.66539
G1 X50.948 Y168.141 E7.70739
G1 X51.233 Y168.141 E7.71128
G1 X51.233 Y170.945 E7.74958
G1 X51.519 Y170.673 E7.75497
G1 X51.519 Y168.141 E7.78955
G1 X51.804 Y168.141 E7.79344
G1 X51.804 Y170.401 E7.82431
G1 X52.09 Y170.13 E7.82969
G1 X52.09 Y168.141 E7.85686
G1 X52.376 Y168.141 E7.86077
G1 X52.376 Y169.858 E7.88422
G1 X52.661 Y169.587 E7.88959
G1 X52.661 Y168.141 E7.90934
G1 X52.947 Y168.141 E7.91325
G1 X52.947 Y169.315 E7.92929
G1 X53.233 Y169.044 E7.93467
G1 X53.233 Y168.141 E7.947
G1 X53.518 Y168.141 E7.95089
G1 X53.518 Y168.772 E7.95951
G1 X53.804 Y168.5 E7.9649
G1 X53.804 Y168.141 E7.9698
G1 X54 Y168.141 E7.97248
G1 X54 Y165.355 E8.01053
G1 X54.089 Y165.355 E8.01175
G1 X54.089 Y168.229 E8.05101
G1 X54.375 Y167.957 E8.0564
G1 X54.375 Y165.355 E8.09194
G1 X54.661 Y165.355 E8.09585
G1 X54.661 Y167.686 E8.12769
G1 X54.946 Y167.414 E8.13307
G1 X54.946 Y165.355 E8.16119
G1 X55.232 Y165.355 E8.1651
G1 X55.232 Y167.143 E8.18952
G1 X55.517 Y166.871 E8.1949
G1 X55.517 Y165.355 E8.21561
G1 X55.803 Y165.355 E8.21952
G1 X55.803 Y166.599 E8.23651
G1 X56.089 Y166.328 E8.24189
G1 X56.089 Y165.355 E8.25518
G1 X56.374 Y165.355 E8.25907
G1 X56.374 Y166.056 E8.26865
G1 X56.66 Y165.785 E8.27403
G1 X56.66 Y165.355 E8.2799
G1 X56.786 Y165.355 E8.28162
G1 X56.786 Y162.569 E8.31967
G1 X56.946 Y162.569 E8.32186
G1 X56.946 Y165.513 E8.36207
G1 X57.231 Y165.241 E8.36745
G1 X57.231 Y162.569 E8.40395
G1 X57.517 Y162.569 E8.40786
G1 X57.517 Y164.97 E8.44066
G1 X57.802 Y164.698 E8.44604
G1 X57.802 Y162.569 E8.47512
G1 X58.088 Y162.569 E8.47903
G1 X58.088 Y164.427 E8.50441
G1 X58.374 Y164.155 E8.5098
G1 X58.374 Y162.569 E8.53146
G1 X58.659 Y162.569 E8.53535
G1 X58.659 Y163.884 E8.55331
G1 X58.945 Y163.612 E8.5587
G1 X58.945 Y162.569 E8.57295
G1 X59.231 Y162.569 E8.57686
G1 X59.231 Y163.34 E8.58739
G1 X59.516 Y163.069 E8.59276
G1 X59.572 Y159.784 E8.63764
G1 X59.802 Y159.784 E8.64078
G1 X59.802 Y162.797 E8.68193
G1 X60.087 Y162.526 E8.6873
G1 X60.087 Y159.784 E8.72475
G1 X60.373 Y159.784 E8.72866
G1 X60.373 Y162.254 E8.7624
G1 X60.659 Y161.982 E8.76779
G1 X60.659 Y159.784 E8.79781
G1 X60.944 Y159.784 E8.8017
G1 X60.944 Y161.711 E8.82802
G1 X61.23 Y161.439 E8.83341
G1 X61.23 Y159.784 E8.85602
G1 X61.515 Y159.784 E8.85991
G1 X61.515 Y161.168 E8.87881
G1 X61.801 Y160.896 E8.8842
G1 X61.801 Y159.784 E8.89939
G1 X62.087 Y159.784 E8.9033
G1 X62.087 Y160.625 E8.91479
G1 X62.372 Y160.353 E8.92017
G1 X62.372 Y156.998 E8.966
G1 X62.658 Y156.998 E8.96991
G1 X62.658 Y160.081 E9.01202
G1 X62.944 Y159.81 E9.0174
G1 X62.944 Y156.998 E9.05581
G1 X63.229 Y156.998 E9.0597
G1 X63.229 Y159.538 E9.09439
G1 X63.515 Y159.267 E9.09977
G1 X63.515 Y156.998 E9.13076
G1 X63.8 Y156.998 E9.13465
G1 X63.8 Y158.995 E9.16193
G1 X64.086 Y158.724 E9.16731
G1 X64.086 Y156.998 E9.19089
G1 X64.372 Y156.998 E9.1948
G1 X64.372 Y158.452 E9.21466
G1 X64.657 Y158.18 E9.22004
G1 X64.657 Y156.998 E9.23619
G1 X64.943 Y156.998 E9.2401
G1 X64.943 Y157.909 E9.25254
G1 X65.229 Y157.637 E9.25793
G1 X65.229 Y154.212 E9.30471
G1 X65.514 Y154.212 E9.3086
G1 X65.514 Y157.366 E9.35168
G1 X65.8 Y157.094 E9.35707
G1 X65.8 Y154.212 E9.39644
G1 X66.085 Y154.212 E9.40033
G1 X66.085 Y156.822 E9.43598
G1 X66.371 Y156.551 E9.44136
G1 X66.371 Y154.212 E9.47331
G1 X66.657 Y154.212 E9.47722
G1 X66.657 Y156.279 E9.50545
G1 X66.942 Y156.008 E9.51082
G1 X66.942 Y154.212 E9.53535
G1 X67.228 Y154.212 E9.53926
G1 X67.228 Y155.736 E9.56008
G1 X67.513 Y155.465 E9.56545
G1 X67.513 Y154.212 E9.58256
G1 X67.799 Y154.212 E9.58647
G1 X67.799 Y155.193 E9.59987
G1 X68.085 Y154.921 E9.60526
G1 X68.085 Y151.427 E9.65298
G1 X68.37 Y151.427 E9.65687
G1 X68.37 Y154.65 E9.70089
G1 X68.656 Y154.378 E9.70628
G1 X68.656 Y151.427 E9.74659
G1 X68.942 Y151.427 E9.7505
G1 X68.942 Y154.107 E9.78711
G1 X69.227 Y153.835 E9.79249
G1 X69.227 Y151.427 E9.82538
G1 X69.513 Y151.427 E9.82929
G1 X69.513 Y153.563 E9.85847
G1 X69.798 Y153.292 E9.86384
G1 X69.798 Y151.427 E9.88931
G1 X70.084 Y151.427 E9.89322
G1 X70.084 Y153.02 E9.91498
G1 X70.37 Y152.749 E9.92036
G1 X70.37 Y151.427 E9.93842
G1 X70.655 Y151.427 E9.94231
G1 X70.655 Y152.477 E9.95665
G1 X70.941 Y152.206 E9.96203
G1 X70.941 Y148.641 E10.01072
G1 X71.227 Y148.641 E10.01463
G1 X71.227 Y151.934 E10.05961
G1 X71.512 Y151.662 E10.06499
G1 X71.512 Y148.641 E10.10625
G1 X71.798 Y148.641 E10.11016
G1 X71.798 Y151.391 E10.14772
G1 X72.083 Y151.119 E10.1531
G1 X72.083 Y148.641 E10.18695
G1 X72.369 Y148.641 E10.19086
G1 X72.369 Y150.848 E10.22101
G1 X72.655 Y150.576 E10.2264
G1 X72.655 Y148.641 E10.25283
G1 X72.94 Y148.641 E10.25672
G1 X72.94 Y150.305 E10.27945
G1 X73.226 Y150.033 E10.28484
G1 X73.226 Y148.641 E10.30385
G1 X73.5 Y148.641 E10.30759
G1 X73.5 Y145.856 E10.34563
G1 X73.511 Y149.761 E10.39897
G1 X73.797 Y149.49 E10.40435
G1 X73.797 Y145.856 E10.45399
G1 X74.083 Y145.856 E10.4579
G1 X74.083 Y149.218 E10.50382
G1 X74.368 Y148.947 E10.50919
G1 X74.368 Y145.856 E10.55141
G1 X74.654 Y145.856 E10.55532
G1 X74.654 Y148.675 E10.59383
G1 X74.94 Y148.403 E10.59922
G1 X74.94 Y145.856 E10.63401
G1 X75.225 Y145.856 E10.6379
G1 X75.225 Y148.132 E10.66899
G1 X75.511 Y147.86 E10.67438
G1 X75.511 Y145.856 E10.70175
G1 X75.796 Y145.856 E10.70564
G1 X75.796 Y147.589 E10.72931
G1 X76.082 Y147.317 E10.7347
G1 X76.082 Y145.856 E10.75466
G1 X76.285 Y145.856 E10.75743
G1 X76.285 Y143.07 E10.79548
G1 X76.368 Y143.07 E10.79661
G1 X76.368 Y147.046 E10.85092
G1 X76.653 Y146.774 E10.8563
G1 X76.653 Y143.07 E10.90689
G1 X76.939 Y143.07 E10.9108
G1 X76.939 Y146.502 E10.95768
G1 X77.225 Y146.231 E10.96306
G1 X77.225 Y143.07 E11.00624
G1 X77.51 Y143.07 E11.01013
G1 X77.51 Y145.959 E11.04959
G1 X77.796 Y145.688 E11.05497
G1 X77.796 Y143.07 E11.09073
G1 X78.081 Y143.07 E11.09462
G1 X78.081 Y145.416 E11.12666
G1 X78.367 Y145.144 E11.13205
G1 X78.367 Y143.07 E11.16038
G1 X78.653 Y143.07 E11.16429
G1 X78.653 Y144.873 E11.18892
G1 X78.938 Y144.601 E11.1943
G1 X78.938 Y143.07 E11.21521
G1 X79.071 Y143.07 E11.21703
G1 X79.071 Y140.284 E11.25508
G1 X79.224 Y140.284 E11.25717
G1 X79.224 Y144.33 E11.31243
G1 X79.509 Y144.058 E11.31781
G1 X79.509 Y140.284 E11.36936
G1 X79.795 Y140.284 E11.37327
G1 X79.795 Y143.787 E11.42112
G1 X80.081 Y143.515 E11.42651
G1 X80.081 Y140.284 E11.47064
G1 X80.366 Y140.284 E11.47453
G1 X80.366 Y143.243 E11.51495
G1 X80.652 Y142.972 E11.52033
G1 X80.652 Y140.284 E11.55705
G1 X80.938 Y140.284 E11.56096
G1 X80.938 Y142.7 E11.59396
G1 X81.223 Y142.429 E11.59933
G1 X81.223 Y140.284 E11.62863
G1 X81.509 Y140.284 E11.63254
G1 X81.509 Y142.157 E11.65812
G1 X81.794 Y141.886 E11.66349
G1 X81.857 Y137.499 E11.72342
G1 X82.08 Y137.499 E11.72647
G1 X82.08 Y141.614 E11.78268
G1 X82.366 Y141.342 E11.78807
G1 X82.366 Y137.499 E11.84056
G1 X82.651 Y137.499 E11.84445
G1 X82.651 Y141.071 E11.89324
G1 X82.937 Y140.799 E11.89863
G1 X82.937 Y137.499 E11.94371
G1 X83.223 Y137.499 E11.94762
G1 X83.223 Y140.528 E11.98899
G1 X83.508 Y140.256 E11.99437
G1 X83.508 Y137.499 E12.03203
G1 X83.794 Y137.499 E12.03594
G1 X83.794 Y139.984 E12.06988
G1 X84.079 Y139.713 E12.07525
G1 X84.079 Y137.499 E12.10549
G1 X84.365 Y137.499 E12.1094
G1 X84.365 Y139.441 E12.13593
G1 X84.651 Y139.17 E12.14131
G1 X84.651 Y134.713 E12.20219
G1 X84.936 Y134.713 E12.20608
G1 X84.936 Y138.898 E12.26324
G1 X85.222 Y138.627 E12.26862
G1 X85.222 Y134.713 E12.32208
G1 X85.507 Y134.713 E12.32597
G1 X85.507 Y138.355 E12.37572
G1 X85.793 Y138.083 E12.38111
G1 X85.793 Y134.713 E12.42714
G1 X86.079 Y134.713 E12.43105
G1 X86.079 Y137.812 E12.47338
G1 X86.364 Y137.54 E12.47876
G1 X86.364 Y134.713 E12.51737
G1 X86.65 Y134.713 E12.52128
G1 X86.65 Y137.269 E12.55619
G1 X86.936 Y136.997 E12.56158
G1 X86.936 Y134.713 E12.59278
G1 X87.221 Y134.713 E12.59667
G1 X87.221 Y136.725 E12.62415
G1 X87.507 Y136.454 E12.62953
G1 X87.507 Y131.927 E12.69136
G1 X87.792 Y131.927 E12.69525
G1 X87.792 Y136.182 E12.75337
G1 X88.078 Y135.911 E12.75875
G1 X88.078 Y131.927 E12.81317
G1 X88.364 Y131.927 E12.81708
G1 X88.364 Y135.639 E12.86778
G1 X88.649 Y135.368 E12.87315
G1 X88.649 Y131.927 E12.92015
G1 X88.935 Y131.927 E12.92406
G1 X88.935 Y135.096 E12.96735
G1 X89.22 Y134.824 E12.97273
G1 X89.221 Y131.927 E13.0123
G1 X89.506 Y131.927 E13.01619
G1 X89.506 Y134.553 E13.05206
G1 X89.792 Y134.281 E13.05745
G1 X89.792 Y131.927 E13.0896
G1 X90.077 Y131.927 E13.09349
G1 X90.077 Y134.01 E13.12194
G1 X90.363 Y133.738 E13.12733
G1 X90.363 Y129.142 E13.19011
G1 X90.649 Y129.142 E13.19402
G1 X90.649 Y133.467 E13.2531
G1 X90.934 Y133.195 E13.25848
G1 X90.934 Y129.142 E13.31384
G1 X91.22 Y129.142 E13.31775
G1 X91.22 Y132.923 E13.3694
G1 X91.505 Y132.652 E13.37477
G1 X91.505 Y129.142 E13.42271
G1 X91.791 Y129.142 E13.42662
G1 X91.791 Y132.38 E13.47085
G1 X92.077 Y132.109 E13.47623
G1 X92.077 Y129.142 E13.51676
G1 X92.362 Y129.142 E13.52065
G1 X92.362 Y131.837 E13.55746
G1 X92.648 Y131.565 E13.56285
G1 X92.648 Y129.142 E13.59595
G1 X92.934 Y129.142 E13.59986
G1 X92.934 Y131.294 E13.62925
G1 X93.219 Y131.022 E13.63463
G1 X93.219 Y126.356 E13.69836
G1 X93.505 Y126.356 E13.70227
G1 X93.505 Y130.751 E13.7623
G1 X93.79 Y130.479 E13.76768
G1 X93.79 Y126.356 E13.824
G1 X94.076 Y126.356 E13.82791
G1 X94.076 Y130.208 E13.88052
G1 X94.362 Y129.936 E13.88591
G1 X94.362 Y126.356 E13.93481
G1 X94.647 Y126.356 E13.9387
G1 X94.647 Y129.664 E13.98388
G1 X94.933 Y129.393 E13.98926
G1 X94.933 Y126.356 E14.03074
G1 X95.218 Y126.356 E14.03463
G1 X95.218 Y129.121 E14.0724
G1 X95.504 Y128.85 E14.07778
G1 X95.504 Y126.356 E14.11185
G1 X95.785 Y126.356 E14.11569
G1 X95.785 Y123.571 E14.15373
G1 X95.79 Y128.578 E14.22212
G1 X96.075 Y128.306 E14.2275
G1 X96.075 Y123.571 E14.29218
G1 X96.361 Y123.571 E14.29609
G1 X96.361 Y128.035 E14.35706
G1 X96.647 Y127.763 E14.36245
G1 X96.647 Y123.571 E14.41971
G1 X96.932 Y123.571 E14.4236
G1 X96.932 Y127.492 E14.47716
G1 X97.218 Y127.22 E14.48255
G1 X97.218 Y123.571 E14.53239
G1 X97.503 Y123.571 E14.53628
G1 X97.503 Y126.949 E14.58242
G1 X97.789 Y126.677 E14.58781
G1 X97.789 Y123.571 E14.63024
G1 X98.075 Y123.571 E14.63415
G1 X98.075 Y126.405 E14.67286
G1 X98.36 Y126.134 E14.67823
G1 X98.36 Y123.571 E14.71324
G1 X98.57 Y123.571 E14.71611
G1 X98.57 Y120.785 E14.75416
G1 X98.646 Y120.785 E14.7552
G1 X98.646 Y125.862 E14.82455
G1 X98.932 Y125.591 E14.82993
G1 X98.932 Y120.785 E14.89558
G1 X99.217 Y120.785 E14.89947
G1 X99.217 Y125.319 E14.9614
G1 X99.503 Y125.048 E14.96678
G1 X99.503 Y120.785 E15.02501
G1 X99.788 Y120.785 E15.0289
G1 X99.788 Y124.776 E15.08341
G1 X100.074 Y124.504 E15.0888
G1 X100.074 Y120.785 E15.1396
G1 X100.36 Y120.785 E15.14351
G1 X100.36 Y124.233 E15.19061
G1 X100.645 Y123.961 E15.19599
G1 X100.645 Y120.785 E15.23937
G1 X100.931 Y120.785 E15.24328
G1 X100.931 Y123.69 E15.28296
G1 X101.216 Y123.418 E15.28834
G1 X101.217 Y120.785 E15.3243
G1 X101.356 Y120.785 E15.3262
G1 X101.356 Y117.999 E15.36425
G1 X101.502 Y117.999 E15.36624
G1 X101.502 Y123.146 E15.43654
G1 X101.788 Y122.875 E15.44192
G1 X101.788 Y117.999 E15.50852
G1 X102.073 Y117.999 E15.51241
G1 X102.073 Y122.603 E15.5753
G1 X102.359 Y122.332 E15.58068
G1 X102.359 Y117.999 E15.63986
G1 X102.645 Y117.999 E15.64377
G1 X102.645 Y122.06 E15.69924
G1 X102.93 Y121.789 E15.70461
G1 X102.93 Y117.999 E15.75638
G1 X103.216 Y117.999 E15.76029
G1 X103.216 Y121.517 E15.80834
G1 X103.501 Y121.245 E15.81372
G1 X103.501 Y117.999 E15.85806
G1 X103.787 Y117.999 E15.86197
G1 X103.787 Y120.974 E15.90261
G1 X104.073 Y120.702 E15.908
G1 X104.142 Y115.214 E15.98297
G1 X104.358 Y115.214 E15.98592
G1 X104.358 Y120.431 E16.05718
G1 X104.644 Y120.159 E16.06257
G1 X104.644 Y115.214 E16.13011
G1 X104.93 Y115.214 E16.13402
G1 X104.93 Y119.887 E16.19785
G1 X105.215 Y119.616 E16.20322
G1 X105.215 Y115.214 E16.26335
G1 X105.501 Y115.214 E16.26726
G1 X105.501 Y119.344 E16.32367
G1 X105.786 Y119.073 E16.32904
G1 X105.786 Y115.214 E16.38175
G1 X106.072 Y115.214 E16.38566
G1 X106.072 Y118.801 E16.43466
G1 X106.358 Y118.53 E16.44004
G1 X106.358 Y115.214 E16.48533
G1 X106.643 Y115.214 E16.48922
G1 X106.643 Y118.258 E16.5308
G1 X106.929 Y117.986 E16.53619
G1 X106.929 Y115.214 E16.57405
G1 X107.214 Y115.214 E16.57794
G1 X107.214 Y117.715 E16.6121
G1 X107.5 Y117.443 E16.61749
G1 X107.5 Y115.214 E16.64794
G1 X107.786 Y115.214 E16.65185
G1 X107.786 Y117.172 E16.67859
G1 X108.071 Y116.9 E16.68397
G1 X108.071 Y115.214 E16.707
G1 X108.357 Y115.214 E16.71091
G1 X108.357 Y116.629 E16.73024
G1 X108.643 Y116.357 E16.73563
G1 X108.643 Y115.214 E16.75124
G1 X108.928 Y115.214 E16.75513
G1 X108.928 Y116.085 E16.76703
G1 X109.214 Y115.814 E16.77241
G1 X109.214 Y115.214 E16.78061
G1 X109.499 Y115.214 E16.7845
G1 X109.499 Y115.542 E16.78898
G1 X109.785 Y115.271 E16.79436
G1 X109.785 Y112.428 E16.83319
G1 X110.071 Y112.428 E16.8371
G1 X110.071 Y114.999 E16.87222
G1 X110.356 Y114.727 E16.8776
G1 X110.356 Y112.428 E16.909
G1 X110.642 Y112.428 E16.91291
G1 X110.642 Y114.456 E16.94061
G1 X110.928 Y114.184 E16.946
G1 X110.928 Y112.428 E16.96999
G1 X111.213 Y112.428 E16.97388
G1 X111.213 Y113.913 E16.99416
G1 X111.499 Y113.641 E16.99955
G1 X111.499 Y112.428 E17.01612
G1 X111.784 Y112.428 E17.02001
G1 X111.784 Y113.37 E17.03288
G1 X112.07 Y113.098 E17.03827
G1 X112.07 Y112.428 E17.04742
G1 X112.356 Y112.428 E17.05133
G1 X112.356 Y112.826 E17.05677
G1 X112.641 Y112.555 E17.06214
G1 X112.641 Y109.642 E17.10193
G1 X112.927 Y109.642 E17.10584
G1 X112.927 Y112.283 E17.14191
G1 X113.212 Y112.012 E17.14728
G1 X113.212 Y109.642 E17.17965
G1 X113.498 Y109.642 E17.18356
G1 X113.498 Y111.74 E17.21222
G1 X113.784 Y111.468 E17.21761
G1 X113.784 Y109.642 E17.24255
G1 X114.069 Y109.642 E17.24644
G1 X114.069 Y111.197 E17.26768
G1 X114.355 Y110.925 E17.27307
G1 X114.355 Y109.642 E17.29059
G1 X114.641 Y109.642 E17.2945
G1 X114.641 Y110.654 E17.30832
G1 X114.926 Y110.382 E17.3137
G1 X114.926 Y109.642 E17.32381
G1 X115.212 Y109.642 E17.32772
G1 X115.212 Y110.111 E17.33413
G1 X115.497 Y109.839 E17.33951
G1 X115.497 Y106.857 E17.38024
G1 X115.783 Y106.857 E17.38415
G1 X115.783 Y109.567 E17.42117
G1 X116.069 Y109.296 E17.42655
G1 X116.069 Y106.857 E17.45986
G1 X116.354 Y106.857 E17.46375
G1 X116.354 Y109.024 E17.49335
G1 X116.64 Y108.753 E17.49873
G1 X116.64 Y106.857 E17.52463
G1 X116.926 Y106.857 E17.52854
G1 X116.926 Y108.481 E17.55072
G1 X117.211 Y108.21 E17.55609
G1 X117.211 Y106.857 E17.57457
G1 X117.497 Y106.857 E17.57848
G1 X117.497 Y107.938 E17.59325
G1 X117.782 Y107.666 E17.59863
G1 X117.782 Y106.857 E17.60968
G1 X118.068 Y106.857 E17.61359
G1 X118.068 Y107.395 E17.62094
G1 X118.354 Y107.123 E17.62633
G1 X118.354 Y104.071 E17.66802
G1 X118.639 Y104.071 E17.67191
G1 X118.639 Y106.852 E17.7099
G1 X118.925 Y106.58 E17.71529
G1 X118.925 Y104.071 E17.74956
G1 X119.21 Y104.071 E17.75345
G1 X119.21 Y106.308 E17.78401
G1 X119.496 Y106.037 E17.78939
G1 X119.496 Y104.071 E17.81624
G1 X119.782 Y104.071 E17.82015
G1 X119.782 Y105.765 E17.84329
G1 X120.067 Y105.494 E17.84866
G1 X120.067 Y104.071 E17.8681
G1 X120.353 Y104.071 E17.87201
G1 X120.353 Y105.222 E17.88773
G1 X120.639 Y104.951 E17.89311
G1 X120.639 Y104.071 E17.90513
G1 X120.855 Y104.071 E17.90808
G1 X120.855 Y101.286 E17.94612
G1 X120.924 Y101.286 E17.94706
G1 X120.924 Y104.679 E17.99341
G1 X121.21 Y104.407 E17.9988
G1 X121.21 Y101.286 E18.04143
G1 X121.495 Y101.286 E18.04532
G1 X121.495 Y104.136 E18.08425
G1 X121.781 Y103.864 E18.08964
G1 X121.781 Y101.286 E18.12485
G1 X122.067 Y101.286 E18.12876
G1 X122.067 Y103.593 E18.16027
G1 X122.352 Y103.321 E18.16565
G1 X122.352 Y101.286 E18.19345
G1 X122.638 Y101.286 E18.19736
G1 X122.638 Y103.049 E18.22144
G1 X122.924 Y102.778 E18.22682
G1 X122.924 Y101.286 E18.2472
G1 X123.209 Y101.286 E18.25109
G1 X123.209 Y102.506 E18.26775
G1 X123.495 Y102.235 E18.27313
G1 X123.495 Y101.286 E18.28609
G1 X123.641 Y101.286 E18.28808
G1 X123.641 Y98.5 E18.32613
G1 X123.78 Y98.5 E18.32803
G1 X123.78 Y101.963 E18.37533
G1 X124.066 Y101.692 E18.38071
G1 X124.066 Y98.5 E18.42431
G1 X124.352 Y98.5 E18.42822
G1 X124.352 Y101.42 E18.4681
G1 X124.637 Y101.148 E18.47348
G1 X124.637 Y98.5 E18.50965
G1 X124.923 Y98.5 E18.51356
G1 X124.923 Y100.877 E18.54603
G1 X125.208 Y100.605 E18.55141
G1 X125.208 Y98.5 E18.58016
G1 X125.494 Y98.5 E18.58407
G1 X125.494 Y100.334 E18.60912
G1 X125.78 Y100.062 E18.61451
G1 X125.78 Y98.5 E18.63585
G1 X126.065 Y98.5 E18.63974
G1 X126.065 Y99.791 E18.65737
G1 X126.351 Y99.519 E18.66276
G1 X126.351 Y98.5 E18.67668
G1 X126.427 Y98.5 E18.67772
G1 X126.427 Y95.714 E18.71577
G1 X126.637 Y95.714 E18.71864
G1 X126.637 Y99.247 E18.7669
G1 X126.922 Y98.976 E18.77227
G1 X126.922 Y95.714 E18.81683
G1 X127.208 Y95.714 E18.82074
G1 X127.208 Y98.704 E18.86158
G1 X127.493 Y98.433 E18.86695
G1 X127.493 Y95.714 E18.90409
G1 X127.779 Y95.714 E18.908
G1 X127.779 Y98.161 E18.94142
G1 X128.065 Y97.889 E18.94681
G1 X128.065 Y95.714 E18.97652
G1 X128.35 Y95.714 E18.98041
G1 X128.35 Y97.618 E19.00642
G1 X128.636 Y97.346 E19.01181
G1 X128.636 Y95.714 E19.0341
G1 X128.922 Y95.714 E19.03801
G1 X128.922 Y97.075 E19.0566
G1 X129.207 Y96.803 E19.06198
G1 X129.212 Y92.929 E19.1149
G1 X129.493 Y92.929 E19.11874
G1 X129.493 Y96.532 E19.16795
G1 X129.778 Y96.26 E19.17333
G1 X129.778 Y92.929 E19.21883
G1 X130.064 Y92.929 E19.22274
G1 X130.064 Y95.988 E19.26452
G1 X130.35 Y95.717 E19.2699
G1 X130.35 Y92.929 E19.30798
G1 X130.635 Y92.929 E19.31187
G1 X130.635 Y95.445 E19.34624
G1 X130.921 Y95.174 E19.35162
G1 X130.921 Y92.929 E19.38228
G1 X131.206 Y92.929 E19.38617
G1 X131.206 Y94.902 E19.41312
G1 X131.492 Y94.63 E19.41851
G1 X131.492 Y92.929 E19.44174
G1 X131.778 Y92.929 E19.44565
G1 X131.778 Y94.359 E19.46518
G1 X132.063 Y94.087 E19.47056
G1 X132.063 Y90.143 E19.52443
G1 X132.349 Y90.143 E19.52834
G1 X132.349 Y93.816 E19.57851
G1 X132.635 Y93.544 E19.5839
G1 X132.635 Y90.143 E19.63035
G1 X132.92 Y90.143 E19.63424
G1 X132.92 Y93.273 E19.67699
G1 X133.206 Y93.001 E19.68238
G1 X133.206 Y90.143 E19.72142
G1 X133.491 Y90.143 E19.72531
G1 X133.491 Y92.729 E19.76063
G1 X133.777 Y92.458 E19.76601
G1 X133.777 Y90.143 E19.79763
G1 X134.063 Y90.143 E19.80154
G1 X134.063 Y92.186 E19.82945
G1 X134.348 Y91.915 E19.83482
G1 X134.348 Y90.143 E19.85902
G1 X134.634 Y90.143 E19.86293
G1 X134.634 Y91.643 E19.88342
G1 X134.92 Y91.372 E19.8888
G1 X134.92 Y87.358 E19.94363
G1 X135.205 Y87.358 E19.94752
G1 X135.205 Y91.1 E19.99863
G1 X135.491 Y90.828 E20.00402
G1 X135.491 Y87.358 E20.05142
G1 X135.776 Y87.358 E20.05531
G1 X135.776 Y90.557 E20.09901
G1 X136.062 Y90.285 E20.1044
G1 X136.062 Y87.358 E20.14438
G1 X136.348 Y87.358 E20.14829
G1 X136.348 Y90.014 E20.18457
G1 X136.633 Y89.742 E20.18995
G1 X136.633 Y87.358 E20.22251
G1 X136.919 Y87.358 E20.22642
G1 X136.919 Y89.47 E20.25527
G1 X137.204 Y89.199 E20.26064
G1 X137.204 Y87.358 E20.28579
G1 X137.49 Y87.358 E20.2897
G1 X137.49 Y88.927 E20.31113
G1 X137.776 Y88.656 E20.31651
G1 X137.776 Y84.572 E20.37229
G1 X138.061 Y84.572 E20.37618
G1 X138.061 Y88.384 E20.42825
G1 X138.347 Y88.113 E20.43363
G1 X138.347 Y84.572 E20.482
G1 X138.633 Y84.572 E20.48591
G1 X138.633 Y87.841 E20.53056
G1 X138.918 Y87.569 E20.53594
G1 X138.918 Y84.572 E20.57688
G1 X139.204 Y84.572 E20.58079
G1 X139.204 Y87.298 E20.61802
G1 X139.489 Y87.026 E20.6234
G1 X139.489 Y84.572 E20.65692
G1 X139.775 Y84.572 E20.66083
G1 X139.775 Y86.755 E20.69065
G1 X140.061 Y86.483 E20.69604
G1 X140.061 Y84.572 E20.72214
G1 X140.346 Y84.572 E20.72603
G1 X140.346 Y86.211 E20.74842
G1 X140.632 Y85.94 E20.7538
G1 X140.632 Y81.786 E20.81054
G1 X140.918 Y81.786 E20.81445
G1 X140.918 Y85.668 E20.86747
G1 X141.203 Y85.397 E20.87284
G1 X141.203 Y81.786 E20.92216
G1 X141.489 Y81.786 E20.92607
G1 X141.489 Y85.125 E20.97168
G1 X141.774 Y84.854 E20.97705
G1 X141.774 Y81.786 E21.01896
G1 X142.06 Y81.786 E21.02287
G1 X142.06 Y84.582 E21.06106
G1 X142.346 Y84.31 E21.06645
G1 X142.346 Y81.786 E21.10093
G1 X142.631 Y81.786 E21.10482
G1 X142.631 Y84.039 E21.13559
G1 X142.917 Y83.767 E21.14098
G1 X142.917 Y81.786 E21.16804
G1 X143.14 Y81.786 E21.17109
G1 X143.14 Y79.001 E21.20913
G1 X143.202 Y79.001 E21.20998
G1 X143.202 Y83.496 E21.27138
G1 X143.488 Y83.224 E21.27677
G1 X143.488 Y79.001 E21.33445
G1 X143.774 Y79.001 E21.33836
G1 X143.774 Y82.953 E21.39234
G1 X144.059 Y82.681 E21.39772
G1 X144.059 Y79.001 E21.44799
G1 X144.345 Y79.001 E21.4519
G1 X144.345 Y82.409 E21.49845
G1 X144.631 Y82.138 E21.50383
G1 X144.631 Y79.001 E21.54668
G1 X144.916 Y79.001 E21.55057
G1 X144.916 Y81.866 E21.5897
G1 X145.202 Y81.595 E21.59508
G1 X145.202 Y79.001 E21.63051
G1 X145.487 Y79.001 E21.6344
G1 X145.487 Y81.323 E21.66612
G1 X145.773 Y81.051 E21.67151
G1 X145.773 Y79.001 E21.69951
G1 X145.926 Y79.001 E21.7016
G1 X145.926 Y76.215 E21.73965
G1 X146.059 Y76.215 E21.74147
G1 X146.059 Y80.78 E21.80382
G1 X146.344 Y80.508 E21.8092
G1 X146.344 Y76.215 E21.86784
G1 X146.63 Y76.215 E21.87175
G1 X146.63 Y80.237 E21.92669
G1 X146.916 Y79.965 E21.93208
G1 X146.916 Y76.215 E21.9833
G1 X147.201 Y76.215 E21.98719
G1 X147.201 Y79.694 E22.03471
G1 X147.487 Y79.422 E22.0401
G1 X147.487 Y76.215 E22.0839
G1 X147.772 Y76.215 E22.08779
G1 X147.772 Y79.15 E22.12788
G1 X148.058 Y78.879 E22.13326
G1 X148.058 Y76.215 E22.16965
G1 X148.344 Y76.215 E22.17356
G1 X148.344 Y78.607 E22.20623
G1 X148.629 Y78.336 E22.2116
G1 X148.712 Y73.429 E22.27863
G1 X148.915 Y73.429 E22.2814
G1 X148.915 Y78.064 E22.34471
G1 X149.2 Y77.792 E22.35009
G1 X149.2 Y73.429 E22.40968
G1 X149.486 Y73.429 E22.41359
G1 X149.486 Y77.521 E22.46948
G1 X149.772 Y77.249 E22.47487
G1 X149.772 Y73.429 E22.52705
G1 X150.057 Y73.429 E22.53094
G1 X150.057 Y76.978 E22.57942
G1 X150.343 Y76.706 E22.58481
G1 X150.343 Y73.429 E22.62957
G1 X150.629 Y73.429 E22.63348
G1 X150.629 Y76.435 E22.67454
G1 X150.914 Y76.163 E22.67992
G1 X150.914 Y73.429 E22.71726
G1 X151.2 Y73.429 E22.72117
G1 X151.2 Y75.891 E22.7548
G1 X151.485 Y75.62 E22.76017
G1 X151.497 Y70.644 E22.82814
G1 X151.771 Y70.644 E22.83188
G1 X151.771 Y75.348 E22.89613
G1 X152.057 Y75.077 E22.90151
G1 X152.057 Y70.644 E22.96206
G1 X152.342 Y70.644 E22.96595
G1 X152.342 Y74.805 E23.02279
G1 X152.628 Y74.534 E23.02817
G1 X152.628 Y70.644 E23.0813
G1 X152.914 Y70.644 E23.08521
G1 X152.914 Y74.262 E23.13463
G1 X153.199 Y73.99 E23.14001
G1 X153.199 Y70.644 E23.18571
G1 X153.485 Y70.644 E23.18962
G1 X153.485 Y73.719 E23.23162
G1 X153.77 Y73.447 E23.237
G1 X153.77 Y70.644 E23.27529
G1 X154.056 Y70.644 E23.2792
G1 X154.056 Y73.176 E23.31378
G1 X154.342 Y72.904 E23.31917
G1 X154.342 Y67.858 E23.38809
G1 X154.627 Y67.858 E23.39198
G1 X154.627 Y72.632 E23.45719
G1 X154.913 Y72.361 E23.46257
G1 X154.913 Y67.858 E23.52408
G1 X155.198 Y67.858 E23.52797
G1 X155.198 Y72.089 E23.58576
G1 X155.484 Y71.818 E23.59114
G1 X155.484 Y67.858 E23.64523
G1 X155.77 Y67.858 E23.64914
G1 X155.77 Y71.546 E23.69951
G1 X156.055 Y71.275 E23.70488
G1 X156.055 Y67.858 E23.75155
G1 X156.341 Y67.858 E23.75546
G1 X156.341 Y71.003 E23.79842
G1 X156.627 Y70.731 E23.80381
G1 X156.627 Y67.858 E23.84305
G1 X156.912 Y67.858 E23.84694
G1 X156.912 Y70.46 E23.88248
G1 X157.198 Y70.188 E23.88787
G1 X157.198 Y65.073 E23.95774
G1 X157.483 Y65.073 E23.96163
G1 X157.483 Y69.917 E24.02779
G1 X157.769 Y69.645 E24.03318
G1 X157.769 Y65.073 E24.09563
G1 X158.055 Y65.073 E24.09954
G1 X158.055 Y69.373 E24.15827
G1 X158.34 Y69.102 E24.16364
G1 X158.34 Y65.073 E24.21867
G1 X158.626 Y65.073 E24.22258
G1 X158.626 Y68.83 E24.2739
G1 X158.912 Y68.559 E24.27928
G1 X158.912 Y65.073 E24.3269
G1 X159.197 Y65.073 E24.33079
G1 X159.197 Y68.287 E24.37469
G1 X159.483 Y68.016 E24.38007
G1 X159.483 Y65.073 E24.42027
G1 X159.768 Y65.073 E24.42416
G1 X159.768 Y67.744 E24.46064
G1 X160.054 Y67.472 E24.46603
G1 X160.054 Y62.287 E24.53685
G1 X160.34 Y62.287 E24.54076
G1 X160.34 Y67.201 E24.60788
G1 X160.625 Y66.929 E24.61326
G1 X160.625 Y62.287 E24.67667
G1 X160.911 Y62.287 E24.68058
G1 X160.911 Y66.658 E24.74028
G1 X161.196 Y66.386 E24.74566
G1 X161.196 Y62.287 E24.80165
G1 X161.482 Y62.287 E24.80556
G1 X161.482 Y66.115 E24.85785
G1 X161.768 Y65.843 E24.86324
G1 X161.768 Y62.287 E24.91181
G1 X162.053 Y62.287 E24.9157
G1 X162.053 Y65.571 E24.96056
G1 X162.339 Y65.3 E24.96594
G1 X162.339 Y62.287 E25.00709
G1 X162.625 Y62.287 E25.011
G1 X162.625 Y65.028 E25.04844
G1 X162.91 Y64.757 E25.05381
G1 X162.91 Y62.287 E25.08755
G1 X163.196 Y62.287 E25.09146
G1 X163.196 Y64.485 E25.12148
G1 X163.481 Y64.213 E25.12686
G1 X163.481 Y62.287 E25.15317
G1 X163.767 Y62.287 E25.15708
G1 X163.767 Y63.942 E25.17969
G1 X164.053 Y63.67 E25.18508
G1 X164.053 Y62.287 E25.20397
G1 X164.338 Y62.287 E25.20786
G1 X164.338 Y63.399 E25.22305
G1 X164.624 Y63.127 E25.22844
G1 X164.624 Y62.287 E25.23991
G1 X164.91 Y62.287 E25.24382
G1 X164.91 Y62.856 E25.25159
G1 X165.195 Y62.584 E25.25697
G1 X165.195 Y62.287 E25.26103
G1 X165.425 Y62.287 E25.26417
G1 X165.425 Y59.501 E25.30222
G1 X165.481 Y59.501 E25.30298
G1 X165.481 Y62.312 E25.34138
G1 X165.766 Y62.041 E25.34675
G1 X165.766 Y59.501 E25.38144
G1 X166.052 Y59.501 E25.38535
G1 X166.052 Y61.769 E25.41633
G1 X166.338 Y61.498 E25.42171
G1 X166.338 Y59.501 E25.44899
G1 X166.623 Y59.501 E25.45288
G1 X166.623 Y61.226 E25.47644
G1 X166.909 Y60.954 E25.48183
G1 X166.909 Y59.501 E25.50168
G1 X167.194 Y59.501 E25.50557
G1 X167.194 Y60.683 E25.52172
G1 X167.48 Y60.411 E25.52711
G1 X167.48 Y59.501 E25.53954
G1 X167.766 Y59.501 E25.54345
G1 X167.766 Y60.14 E25.55218
G1 X168.051 Y59.868 E25.55756
G1 X168.051 Y59.501 E25.56257
G1 X168.211 Y59.501 E25.56476
G1 X168.211 Y56.716 E25.6028
G1 X168.337 Y56.716 E25.60452
G1 X168.337 Y59.597 E25.64387
G1 X168.623 Y59.325 E25.64926
G1 X168.623 Y56.716 E25.6849
G1 X168.908 Y56.716 E25.68879
G1 X168.908 Y59.053 E25.72071
G1 X169.194 Y58.782 E25.72609
G1 X169.194 Y56.716 E25.75431
G1 X169.479 Y56.716 E25.7582
G1 X169.479 Y58.51 E25.7827
G1 X169.765 Y58.239 E25.78808
G1 X169.765 Y56.716 E25.80888
G1 X170.051 Y56.716 E25.81279
G1 X170.051 Y57.967 E25.82988
G1 X170.336 Y57.696 E25.83525
G1 X170.336 Y56.716 E25.84864
G1 X170.622 Y56.716 E25.85255
G1 X170.622 Y57.424 E25.86222
G1 X170.908 Y57.152 E25.86761
G1 X170.908 Y56.716 E25.87357
G1 X170.997 Y56.716 E25.87479
G1 X170.997 Y53.93 E25.91284
G1 X171.193 Y53.93 E25.91552
G1 X171.193 Y56.881 E25.95583
G1 X171.479 Y56.609 E25.96122
G1 X171.479 Y53.93 E25.99781
G1 X171.764 Y53.93 E26.0017
G1 X171.764 Y56.338 E26.03459
G1 X172.05 Y56.066 E26.03998
G1 X172.05 Y53.93 E26.06916
G1 X172.336 Y53.93 E26.07307
G1 X172.336 Y55.794 E26.09853
G1 X172.621 Y55.523 E26.1039
G1 X172.621 Y53.93 E26.12566
G1 X172.907 Y53.93 E26.12957
G1 X172.907 Y55.251 E26.14761
G1 X173.192 Y54.98 E26.15298
G1 X173.192 Y53.93 E26.16732
G1 X173.478 Y53.93 E26.17123
G1 X173.478 Y54.708 E26.18186
G1 X173.764 Y54.437 E26.18724
G1 X173.782 Y51.144 E26.23222
G1 X174.049 Y51.144 E26.23587
G1 X174.049 Y54.165 E26.27713
G1 X174.335 Y53.893 E26.28252
G1 X174.335 Y51.144 E26.32007
G1 X174.621 Y51.144 E26.32398
G1 X174.621 Y53.622 E26.35783
G1 X174.906 Y53.35 E26.36321
G1 X174.906 Y51.144 E26.39334
G1 X175.192 Y51.144 E26.39725
G1 X175.192 Y53.079 E26.42368
G1 X175.477 Y52.807 E26.42906
G1 X175.477 Y51.144 E26.45178
G1 X175.763 Y51.144 E26.45569
G1 X175.763 Y52.535 E26.47469
G1 X176.049 Y52.264 E26.48007
G1 X176.049 Y51.144 E26.49537
G1 X176.334 Y51.144 E26.49926
G1 X176.334 Y51.992 E26.51084
G1 X176.62 Y51.721 E26.51622
G1 X176.62 Y48.359 E26.56214
G1 X176.906 Y48.359 E26.56605
G1 X176.906 Y51.449 E26.60826
G1 X177.191 Y51.178 E26.61363
G1 X177.191 Y48.359 E26.65214
G1 X177.477 Y48.359 E26.65605
G1 X177.477 Y50.906 E26.69084
G1 X177.762 Y50.634 E26.69622
G1 X177.762 Y48.359 E26.72729
G1 X178.048 Y48.359 E26.7312
G1 X178.048 Y50.363 E26.75857
G1 X178.334 Y50.091 E26.76396
G1 X178.334 Y48.359 E26.78762
G1 X178.619 Y48.359 E26.79151
G1 X178.619 Y49.82 E26.81147
G1 X178.905 Y49.548 E26.81686
G1 X178.905 Y48.359 E26.8331
G1 X179.19 Y48.359 E26.83699
G1 X179.19 Y49.277 E26.84953
G1 X179.476 Y49.005 E26.85492
G1 X179.476 Y45.573 E26.9018
G1 X179.762 Y45.573 E26.90571
G1 X179.762 Y48.733 E26.94887
G1 X180.047 Y48.462 E26.95424
G1 X180.047 Y45.573 E26.9937
G1 X180.333 Y45.573 E26.99761
G1 X180.333 Y48.19 E27.03336
G1 X180.619 Y47.919 E27.03874
G1 X180.619 Y45.573 E27.07078
G1 X180.904 Y45.573 E27.07467
G1 X180.904 Y47.647 E27.103
G1 X181.19 Y47.375 E27.10839
G1 X181.19 Y45.573 E27.133
G1 X181.475 Y45.573 E27.13689
G1 X181.475 Y47.104 E27.1578
G1 X181.761 Y46.832 E27.16319
G1 X181.761 Y45.573 E27.18039
G1 X182.047 Y45.573 E27.1843
G1 X182.047 Y46.561 E27.1978
G1 X182.332 Y46.289 E27.20318
G1 X182.332 Y42.788 E27.251
G1 X182.618 Y42.788 E27.25491
G1 X182.618 Y46.018 E27.29903
G1 X182.904 Y45.746 E27.30442
G1 X182.904 Y42.788 E27.34482
G1 X183.189 Y42.788 E27.34871
G1 X183.189 Y45.474 E27.3854
G1 X183.475 Y45.203 E27.39078
G1 X183.475 Y42.788 E27.42377
G1 X183.76 Y42.788 E27.42766
G1 X183.76 Y44.931 E27.45693
G1 X184.046 Y44.66 E27.46231
G1 X184.046 Y42.788 E27.48788
G1 X184.332 Y42.788 E27.49179
G1 X184.332 Y44.388 E27.51364
G1 X184.617 Y44.116 E27.51902
G1 X184.617 Y42.788 E27.53716
G1 X184.903 Y42.788 E27.54107
G1 X184.903 Y43.845 E27.55551
G1 X185.188 Y43.573 E27.56089
G1 X185.188 Y40.002 E27.60967
G1 X185.474 Y40.002 E27.61358
G1 X185.474 Y43.302 E27.65866
G1 X185.76 Y43.03 E27.66405
G1 X185.76 Y40.002 E27.70541
G1 X186.045 Y40.002 E27.7093
G1 X186.045 Y42.759 E27.74696
G1 X186.331 Y42.487 E27.75235
G1 X186.331 Y40.002 E27.78629
G1 X186.617 Y40.002 E27.7902
G1 X186.617 Y42.215 E27.82043
G1 X186.902 Y41.944 E27.8258
G1 X186.902 Y40.002 E27.85233
G1 X187.188 Y40.002 E27.85624
G1 X187.188 Y41.672 E27.87905
G1 X187.473 Y41.401 E27.88442
G1 X187.473 Y40.002 E27.90353
G1 X187.71 Y40.002 E27.90677
G1 X187.71 Y37.216 E27.94482
G1 X187.759 Y41.129 E27.99827
G1 X188.045 Y40.858 E28.00365
G1 X188.045 Y37.216 E28.0534
G1 X188.33 Y37.216 E28.05729
G1 X188.33 Y40.586 E28.10332
G1 X188.616 Y40.314 E28.10871
G1 X188.616 Y37.216 E28.15103
G1 X188.902 Y37.216 E28.15494
G1 X188.902 Y40.043 E28.19355
G1 X189.187 Y39.771 E28.19893
G1 X189.187 Y37.216 E28.23383
G1 X189.473 Y37.216 E28.23774
G1 X189.473 Y39.5 E28.26894
G1 X189.758 Y39.228 E28.27432
G1 X189.758 Y37.216 E28.3018
G1 X190.044 Y37.216 E28.30571
G1 X190.044 Y38.956 E28.32948
G1 X190.33 Y38.685 E28.33486
G1 X190.33 Y37.216 E28.35493
G1 X190.496 Y37.216 E28.3572
G1 X190.496 Y34.431 E28.39524
G1 X190.615 Y34.431 E28.39687
G1 X190.615 Y38.413 E28.45126
G1 X190.901 Y38.142 E28.45664
G1 X190.901 Y34.431 E28.50733
G1 X191.186 Y34.431 E28.51122
G1 X191.186 Y37.87 E28.55819
G1 X191.472 Y37.599 E28.56357
G1 X191.472 Y34.431 E28.60684
G1 X191.758 Y34.431 E28.61075
G1 X191.758 Y37.327 E28.65031
G1 X192.043 Y37.055 E28.65569
G1 X192.043 Y34.431 E28.69153
G1 X192.329 Y34.431 E28.69544
G1 X192.329 Y36.784 E28.72758
G1 X192.615 Y36.512 E28.73297
G1 X192.615 Y34.431 E28.76139
G1 X192.9 Y34.431 E28.76528
G1 X192.9 Y36.241 E28.79
G1 X193.186 Y35.969 E28.79539
G1 X193.186 Y34.431 E28.8164
G1 X193.281 Y34.431 E28.8177
G1 X193.281 Y31.645 E28.85575
G1 X193.471 Y31.645 E28.85835
G1 X193.471 Y35.697 E28.9137
G1 X193.757 Y35.426 E28.91908
G1 X193.757 Y31.645 E28.97073
G1 X194.043 Y31.645 E28.97464
G1 X194.043 Y35.154 E29.02257
G1 X194.328 Y34.883 E29.02794
G1 X194.328 Y31.645 E29.07217
G1 X194.614 Y31.645 E29.07608
G1 X194.614 Y34.611 E29.11659
G1 X194.9 Y34.34 E29.12197
G1 X194.9 Y31.645 E29.15878
G1 X195.185 Y31.645 E29.16267
G1 X195.185 Y34.068 E29.19577
G1 X195.471 Y33.796 E29.20116
G1 X195.471 Y31.645 E29.23054
G1 X195.756 Y31.645 E29.23443
G1 X195.756 Y33.525 E29.26011
G1 X196.042 Y33.253 E29.2655
G1 X196.067 Y28.86 E29.32551
G1 X196.328 Y28.86 E29.32908
G1 X196.328 Y32.982 E29.38538
G1 X196.613 Y32.71 E29.39076
G1 X196.613 Y28.86 E29.44335
G1 X196.899 Y28.86 E29.44726
G1 X196.899 Y32.439 E29.49615
G1 X197.184 Y32.167 E29.50153
G1 X197.184 Y28.86 E29.5467
G1 X197.47 Y28.86 E29.55061
G1 X197.47 Y31.895 E29.59207
G1 X197.756 Y31.624 E29.59745
G1 X197.756 Y28.86 E29.6352
G1 X198.041 Y28.86 E29.63909
G1 X198.041 Y31.352 E29.67313
G1 X198.327 Y31.081 E29.67851
G1 X198.327 Y28.86 E29.70885
G1 X198.613 Y28.86 E29.71276
G1 X198.613 Y30.809 E29.73938
G1 X198.898 Y30.537 E29.74476
G1 X198.898 Y26.074 E29.80572
G1 X199.184 Y26.074 E29.80963
G1 X199.184 Y30.266 E29.86689
G1 X199.469 Y29.994 E29.87227
G1 X199.469 Y26.074 E29.92581
G1 X199.755 Y26.074 E29.92972
G1 X199.755 Y29.723 E29.97956
G1 X200.041 Y29.451 E29.98495
G1 X200.041 Y26.074 E30.03108
G1 X200.326 Y26.074 E30.03497
G1 X200.326 Y29.18 E30.0774
G1 X200.612 Y28.908 E30.08279
G1 X200.612 Y26.074 E30.1215
G1 X200.898 Y26.074 E30.12541
G1 X200.898 Y28.636 E30.1604
G1 X201.183 Y28.365 E30.16577
G1 X201.183 Y26.074 E30.19706
G1 X201.469 Y26.074 E30.20097
G1 X201.469 Y28.093 E30.22855
G1 X201.754 Y27.822 E30.23392
G1 X201.754 Y26.074 E30.2578
G1 X202.04 Y26.074 E30.26171
G1 X202.04 Y27.652 E30.28326
G1 X202.24 Y27.657 E30.28599
G1 X202.326 Y27.747 E30.28769
G1 X202.326 Y26.074 E30.31054
G1 X202.611 Y26.074 E30.31443
G1 X202.611 Y28.048 E30.34139
G1 X202.897 Y28.348 E30.34705
G1 X202.897 Y26.074 E30.37811
G1 X203.182 Y26.074 E30.382
G1 X203.182 Y28.648 E30.41716
G1 X203.468 Y28.949 E30.42283
G1 X203.468 Y26.074 E30.4621
G1 X203.754 Y26.074 E30.46601
G1 X203.754 Y29.249 E30.50938
G1 X204.039 Y29.55 E30.51504
G1 X204.039 Y26.074 E30.56252
G1 X204.325 Y26.074 E30.56643
G1 X204.325 Y30.036 E30.62055
G1 E28.62055 F2400
G92 E0
G1 X204.325 Y30.036 F7800
G92 E0
G1 X211.856 Y42.577
G1 E2 F2400
G1 F3600
G1 X211.856 Y38.442 E2.05648
G1 X211.57 Y38.713 E2.06186
G1 X211.57 Y42.449 E2.11289
G1 X211.285 Y42.449 E2.11678
G1 X211.285 Y38.985 E2.1641
G1 X210.999 Y39.256 E2.16948
G1 X210.999 Y42.449 E2.21309
G1 X210.714 Y42.449 E2.21698
G1 X210.714 Y39.528 E2.25688
G1 X210.428 Y39.8 E2.26227
G1 X210.428 Y42.449 E2.29845
G1 X210.142 Y42.449 E2.30236
G1 X210.142 Y40.071 E2.33484
G1 X209.857 Y40.343 E2.34022
G1 X209.857 Y42.449 E2.36899
G1 X209.571 Y42.449 E2.3729
G1 X209.571 Y40.614 E2.39796
G1 X209.286 Y40.886 E2.40334
G1 X209.286 Y42.449 E2.42469
G1 X209.169 Y42.449 E2.42629
G1 X209.169 Y45.234 E2.46433
G1 X209 Y45.234 E2.46664
G1 X209 Y41.157 E2.52233
G1 X208.714 Y41.429 E2.52772
G1 X208.714 Y45.234 E2.57969
G1 X208.429 Y45.234 E2.58358
G1 X208.429 Y41.701 E2.63184
G1 X208.143 Y41.972 E2.63722
G1 X208.143 Y45.234 E2.68178
G1 X207.857 Y45.234 E2.68569
G1 X207.857 Y42.244 E2.72653
G1 X207.572 Y42.515 E2.7319
G1 X207.572 Y45.234 E2.76904
G1 X207.286 Y45.234 E2.77295
G1 X207.286 Y42.787 E2.80637
G1 X207.001 Y43.059 E2.81175
G1 X207.001 Y45.234 E2.84146
G1 X206.715 Y45.234 E2.84537
G1 X206.715 Y43.33 E2.87138
G1 X206.429 Y43.602 E2.87677
G1 X206.384 Y48.02 E2.93712
G1 X206.144 Y48.02 E2.9404
G1 X206.144 Y43.873 E2.99704
G1 X205.858 Y44.145 E3.00243
G1 X205.858 Y48.02 E3.05536
G1 X205.572 Y48.02 E3.05927
G1 X205.572 Y44.416 E3.1085
G1 X205.287 Y44.688 E3.11388
G1 X205.287 Y48.02 E3.15939
G1 X205.001 Y48.02 E3.1633
G1 X205.001 Y44.96 E3.2051
G1 X204.716 Y45.231 E3.21047
G1 X204.716 Y48.02 E3.24857
G1 X204.43 Y48.02 E3.25248
G1 X204.43 Y45.503 E3.28686
G1 X204.144 Y45.774 E3.29224
G1 X204.144 Y48.02 E3.32292
G1 X203.859 Y48.02 E3.32681
G1 X203.859 Y46.046 E3.35377
G1 X203.573 Y46.318 E3.35916
G1 X203.573 Y50.806 E3.42046
G1 X203.288 Y50.806 E3.42435
G1 X203.288 Y46.589 E3.48195
G1 X203.002 Y46.861 E3.48734
G1 X203.002 Y50.806 E3.54123
G1 X202.716 Y50.806 E3.54514
G1 X202.716 Y47.132 E3.59532
G1 X202.431 Y47.404 E3.6007
G1 X202.431 Y50.806 E3.64717
G1 X202.145 Y50.806 E3.65108
G1 X202.145 Y47.675 E3.69385
G1 X201.859 Y47.947 E3.69924
G1 X201.859 Y50.806 E3.73829
G1 X201.574 Y50.806 E3.74218
G1 X201.574 Y48.219 E3.77752
G1 X201.288 Y48.49 E3.7829
G1 X201.288 Y50.806 E3.81453
G1 X201.003 Y50.806 E3.81842
G1 X201.003 Y48.762 E3.84634
G1 X200.717 Y49.033 E3.85172
G1 X200.717 Y53.591 E3.91398
G1 X200.431 Y53.591 E3.91789
G1 X200.431 Y49.305 E3.97643
G1 X200.146 Y49.576 E3.9818
G1 X200.146 Y53.591 E4.03664
G1 X199.86 Y53.591 E4.04055
G1 X199.86 Y49.848 E4.09168
G1 X199.574 Y50.12 E4.09707
G1 X199.574 Y53.591 E4.14448
G1 X199.289 Y53.591 E4.14837
G1 X199.289 Y50.391 E4.19208
G1 X199.003 Y50.663 E4.19747
G1 X199.003 Y53.591 E4.23746
G1 X198.718 Y53.591 E4.24135
G1 X198.718 Y50.934 E4.27764
G1 X198.432 Y51.206 E4.28303
G1 X198.432 Y53.591 E4.31561
G1 X198.146 Y53.591 E4.31952
G1 X198.146 Y51.478 E4.34838
G1 X197.861 Y51.749 E4.35375
G1 X197.861 Y56.377 E4.41696
G1 X197.575 Y56.377 E4.42087
G1 X197.575 Y52.021 E4.48037
G1 X197.29 Y52.292 E4.48574
G1 X197.29 Y56.377 E4.54154
G1 X197.004 Y56.377 E4.54545
G1 X197.004 Y52.564 E4.59753
G1 X196.718 Y52.835 E4.60291
G1 X196.718 Y56.377 E4.65129
G1 X196.433 Y56.377 E4.65518
G1 X196.433 Y53.107 E4.69985
G1 X196.147 Y53.379 E4.70524
G1 X196.147 Y56.377 E4.74619
G1 X195.861 Y56.377 E4.7501
G1 X195.861 Y53.65 E4.78735
G1 X195.576 Y53.922 E4.79273
G1 X195.576 Y56.377 E4.82626
G1 X195.29 Y56.377 E4.83017
G1 X195.29 Y54.193 E4.86
G1 X195.005 Y54.465 E4.86538
G1 X195.005 Y59.162 E4.92954
G1 X194.719 Y59.162 E4.93345
G1 X194.719 Y54.737 E4.99389
G1 X194.433 Y55.008 E4.99927
G1 X194.433 Y59.162 E5.05601
G1 X194.148 Y59.162 E5.0599
G1 X194.148 Y55.28 E5.11292
G1 X193.862 Y55.551 E5.1183
G1 X193.862 Y59.162 E5.16762
G1 X193.576 Y59.162 E5.17153
G1 X193.576 Y55.823 E5.21714
G1 X193.291 Y56.094 E5.22251
G1 X193.291 Y59.162 E5.26442
G1 X193.005 Y59.162 E5.26833
G1 X193.005 Y56.366 E5.30652
G1 X192.72 Y56.638 E5.3119
G1 X192.72 Y59.162 E5.34638
G1 X192.456 Y59.162 E5.34999
G1 X192.456 Y61.948 E5.38804
G1 X192.434 Y56.909 E5.45687
G1 X192.148 Y57.181 E5.46226
G1 X192.148 Y61.948 E5.52737
G1 X191.863 Y61.948 E5.53126
G1 X191.863 Y57.452 E5.59267
G1 X191.577 Y57.724 E5.59806
G1 X191.577 Y61.948 E5.65576
G1 X191.292 Y61.948 E5.65965
G1 X191.292 Y57.995 E5.71364
G1 X191.006 Y58.267 E5.71903
G1 X191.006 Y61.948 E5.76931
G1 X190.72 Y61.948 E5.77322
G1 X190.72 Y58.539 E5.81978
G1 X190.435 Y58.81 E5.82515
G1 X190.435 Y61.948 E5.86801
G1 X190.149 Y61.948 E5.87192
G1 X190.149 Y59.082 E5.91107
G1 X189.863 Y59.353 E5.91645
G1 X189.863 Y61.948 E5.9519
G1 X189.67 Y61.948 E5.95454
G1 X189.67 Y64.734 E5.99259
G1 X189.578 Y64.734 E5.99385
G1 X189.578 Y59.625 E6.06363
G1 X189.292 Y59.897 E6.06902
G1 X189.292 Y64.734 E6.13509
G1 X189.007 Y64.734 E6.13898
G1 X189.007 Y60.168 E6.20135
G1 X188.721 Y60.44 E6.20674
G1 X188.721 Y64.734 E6.26539
G1 X188.435 Y64.734 E6.2693
G1 X188.435 Y60.711 E6.32425
G1 X188.15 Y60.983 E6.32963
G1 X188.15 Y64.734 E6.38087
G1 X187.864 Y64.734 E6.38478
G1 X187.864 Y61.254 E6.43231
G1 X187.578 Y61.526 E6.4377
G1 X187.578 Y64.734 E6.48152
G1 X187.293 Y64.734 E6.48541
G1 X187.293 Y61.798 E6.52551
G1 X187.007 Y62.069 E6.53089
G1 X187.007 Y64.734 E6.56729
G1 X186.885 Y64.734 E6.56896
G1 X186.885 Y67.519 E6.607
G1 X186.722 Y67.519 E6.60923
G1 X186.722 Y62.341 E6.67996
G1 X186.436 Y62.612 E6.68534
G1 X186.436 Y67.519 E6.75237
G1 X186.15 Y67.519 E6.75628
G1 X186.15 Y62.884 E6.81959
G1 X185.865 Y63.156 E6.82497
G1 X185.865 Y67.519 E6.88456
G1 X185.579 Y67.519 E6.88847
G1 X185.579 Y63.427 E6.94436
G1 X185.294 Y63.699 E6.94974
G1 X185.294 Y67.519 E7.00192
G1 X185.008 Y67.519 E7.00583
G1 X185.008 Y63.97 E7.05431
G1 X184.722 Y64.242 E7.0597
G1 X184.722 Y67.519 E7.10446
G1 X184.437 Y67.519 E7.10835
G1 X184.437 Y64.513 E7.14941
G1 X184.151 Y64.785 E7.1548
G1 X184.099 Y70.305 E7.2302
G1 X183.865 Y70.305 E7.2334
G1 X183.865 Y65.057 E7.30508
G1 X183.58 Y65.328 E7.31045
G1 X183.58 Y70.305 E7.37843
G1 X183.294 Y70.305 E7.38234
G1 X183.294 Y65.6 E7.44661
G1 X183.009 Y65.871 E7.45198
G1 X183.009 Y70.305 E7.51254
G1 X182.723 Y70.305 E7.51645
G1 X182.723 Y66.143 E7.5733
G1 X182.437 Y66.414 E7.57868
G1 X182.437 Y70.305 E7.63183
G1 X182.152 Y70.305 E7.63572
G1 X182.152 Y66.686 E7.68515
G1 X181.866 Y66.958 E7.69054
G1 X181.866 Y70.305 E7.73626
G1 X181.58 Y70.305 E7.74017
G1 X181.58 Y67.229 E7.78219
G1 X181.295 Y67.501 E7.78757
G1 X181.295 Y70.305 E7.82587
G1 X181.009 Y70.305 E7.82978
G1 X181.009 Y67.772 E7.86438
G1 X180.724 Y68.044 E7.86976
G1 X180.724 Y70.305 E7.90064
G1 X180.438 Y70.305 E7.90455
G1 X180.438 Y68.316 E7.93172
G1 X180.152 Y68.587 E7.9371
G1 X180.152 Y70.305 E7.96057
G1 X179.867 Y70.305 E7.96446
G1 X179.867 Y68.859 E7.98421
G1 X179.581 Y69.13 E7.98959
G1 X179.581 Y70.305 E8.00564
G1 X179.296 Y70.305 E8.00953
G1 X179.296 Y69.402 E8.02186
G1 X179.01 Y69.673 E8.02724
G1 X179.01 Y70.305 E8.03587
G1 X178.724 Y70.305 E8.03978
G1 X178.724 Y69.945 E8.0447
G1 X178.439 Y70.217 E8.05008
G1 X178.439 Y73.091 E8.08934
G1 X178.153 Y73.091 E8.09325
G1 X178.153 Y70.488 E8.1288
G1 X177.867 Y70.76 E8.13419
G1 X177.867 Y73.091 E8.16603
G1 X177.582 Y73.091 E8.16992
G1 X177.582 Y71.031 E8.19806
G1 X177.296 Y71.303 E8.20345
G1 X177.296 Y73.091 E8.22787
G1 X177.011 Y73.091 E8.23176
G1 X177.011 Y71.575 E8.25247
G1 X176.725 Y71.846 E8.25785
G1 X176.725 Y73.091 E8.27486
G1 X176.439 Y73.091 E8.27877
G1 X176.439 Y72.118 E8.29206
G1 X176.154 Y72.389 E8.29743
G1 X176.154 Y73.091 E8.30702
G1 X175.868 Y73.091 E8.31093
G1 X175.868 Y72.661 E8.3168
G1 X175.582 Y72.932 E8.32218
G1 X175.582 Y75.876 E8.36239
G1 X175.297 Y75.876 E8.36628
G1 X175.297 Y73.204 E8.40278
G1 X175.011 Y73.476 E8.40817
G1 X175.011 Y75.876 E8.44095
G1 X174.726 Y75.876 E8.44484
G1 X174.726 Y73.747 E8.47392
G1 X174.44 Y74.019 E8.47931
G1 X174.44 Y75.876 E8.50467
G1 X174.154 Y75.876 E8.50858
G1 X174.154 Y74.29 E8.53024
G1 X173.869 Y74.562 E8.53562
G1 X173.869 Y75.876 E8.55357
G1 X173.583 Y75.876 E8.55748
G1 X173.583 Y74.833 E8.57173
G1 X173.298 Y75.105 E8.57711
G1 X173.298 Y75.876 E8.58764
G1 X173.012 Y75.876 E8.59155
G1 X173.012 Y75.377 E8.59837
G1 X172.726 Y75.648 E8.60375
G1 X172.726 Y78.662 E8.64492
G1 X172.441 Y78.662 E8.64881
G1 X172.441 Y75.92 E8.68626
G1 X172.155 Y76.191 E8.69164
G1 X172.155 Y78.662 E8.72539
G1 X171.869 Y78.662 E8.7293
G1 X171.869 Y76.463 E8.75934
G1 X171.584 Y76.735 E8.76472
G1 X171.584 Y78.662 E8.79104
G1 X171.298 Y78.662 E8.79495
G1 X171.298 Y77.006 E8.81757
G1 X171.013 Y77.278 E8.82295
G1 X171.013 Y78.662 E8.84185
G1 X170.727 Y78.662 E8.84576
G1 X170.727 Y77.549 E8.86096
G1 X170.441 Y77.821 E8.86635
G1 X170.441 Y78.662 E8.87784
G1 X170.171 Y78.662 E8.88153
G1 X170.171 Y81.447 E8.91957
G1 X170.156 Y78.092 E8.9654
G1 X169.87 Y78.364 E8.97079
G1 X169.87 Y81.447 E9.0129
G1 X169.584 Y81.447 E9.01681
G1 X169.584 Y78.636 E9.05521
G1 X169.299 Y78.907 E9.06058
G1 X169.299 Y81.447 E9.09527
G1 X169.013 Y81.447 E9.09918
G1 X169.013 Y79.179 E9.13016
G1 X168.728 Y79.45 E9.13553
G1 X168.728 Y81.447 E9.16281
G1 X168.442 Y81.447 E9.16672
G1 X168.442 Y79.722 E9.19028
G1 X168.156 Y79.994 E9.19567
G1 X168.156 Y81.447 E9.21552
G1 X167.871 Y81.447 E9.21941
G1 X167.871 Y80.265 E9.23556
G1 X167.585 Y80.537 E9.24095
G1 X167.585 Y81.447 E9.25338
G1 X167.385 Y81.447 E9.25611
G1 X167.385 Y84.233 E9.29416
G1 X167.3 Y84.233 E9.29532
G1 X167.3 Y80.808 E9.3421
G1 X167.014 Y81.08 E9.34749
G1 X167.014 Y84.233 E9.39056
G1 X166.728 Y84.233 E9.39447
G1 X166.728 Y81.351 E9.43384
G1 X166.443 Y81.623 E9.43922
G1 X166.443 Y84.233 E9.47487
G1 X166.157 Y84.233 E9.47878
G1 X166.157 Y81.895 E9.51071
G1 X165.871 Y82.166 E9.51609
G1 X165.871 Y84.233 E9.54432
G1 X165.586 Y84.233 E9.54821
G1 X165.586 Y82.438 E9.57273
G1 X165.3 Y82.709 E9.57811
G1 X165.3 Y84.233 E9.59893
G1 X165.015 Y84.233 E9.60282
G1 X165.015 Y82.981 E9.61992
G1 X164.729 Y83.252 E9.6253
G1 X164.729 Y84.233 E9.6387
G1 X164.6 Y84.233 E9.64046
G1 X164.6 Y87.019 E9.67851
G1 X164.443 Y87.019 E9.68065
G1 X164.443 Y83.524 E9.72839
G1 X164.158 Y83.796 E9.73377
G1 X164.158 Y87.019 E9.77779
G1 X163.872 Y87.019 E9.7817
G1 X163.872 Y84.067 E9.82202
G1 X163.586 Y84.339 E9.82741
G1 X163.586 Y87.019 E9.86402
G1 X163.301 Y87.019 E9.86791
G1 X163.301 Y84.61 E9.90081
G1 X163.015 Y84.882 E9.9062
G1 X163.015 Y87.019 E9.93539
G1 X162.73 Y87.019 E9.93928
G1 X162.73 Y85.154 E9.96475
G1 X162.444 Y85.425 E9.97013
G1 X162.444 Y87.019 E9.9919
G1 X162.158 Y87.019 E9.99581
G1 X162.158 Y85.697 E10.01387
G1 X161.873 Y85.968 E10.01924
G1 X161.814 Y89.804 E10.07164
G1 X161.587 Y89.804 E10.07474
G1 X161.587 Y86.24 E10.12342
G1 X161.302 Y86.511 E10.12879
G1 X161.302 Y89.804 E10.17377
G1 X161.016 Y89.804 E10.17768
G1 X161.016 Y86.783 E10.21894
G1 X160.73 Y87.055 E10.22433
G1 X160.73 Y89.804 E10.26188
G1 X160.445 Y89.804 E10.26577
G1 X160.445 Y87.326 E10.29962
G1 X160.159 Y87.598 E10.30501
G1 X160.159 Y89.804 E10.33514
G1 X159.873 Y89.804 E10.33905
G1 X159.873 Y87.869 E10.36548
G1 X159.588 Y88.141 E10.37086
G1 X159.588 Y89.804 E10.39358
G1 X159.302 Y89.804 E10.39749
G1 X159.302 Y88.413 E10.41649
G1 X159.017 Y88.684 E10.42186
G1 X159.017 Y92.59 E10.47521
G1 X158.731 Y92.59 E10.47912
G1 X158.731 Y88.956 E10.52876
G1 X158.445 Y89.227 E10.53414
G1 X158.445 Y92.59 E10.58008
G1 X158.16 Y92.59 E10.58397
G1 X158.16 Y89.499 E10.62619
G1 X157.874 Y89.77 E10.63157
G1 X157.874 Y92.59 E10.67009
G1 X157.588 Y92.59 E10.674
G1 X157.588 Y90.042 E10.7088
G1 X157.303 Y90.314 E10.71418
G1 X157.303 Y92.59 E10.74527
G1 X157.017 Y92.59 E10.74918
G1 X157.017 Y90.585 E10.77657
G1 X156.732 Y90.857 E10.78195
G1 X156.732 Y92.59 E10.80562
G1 X156.446 Y92.59 E10.80953
G1 X156.446 Y91.128 E10.8295
G1 X156.16 Y91.4 E10.83489
G1 X156.16 Y95.375 E10.88918
G1 X155.875 Y95.375 E10.89307
G1 X155.875 Y91.671 E10.94366
G1 X155.589 Y91.943 E10.94905
G1 X155.589 Y95.375 E10.99593
G1 X155.304 Y95.375 E10.99982
G1 X155.304 Y92.215 E11.04298
G1 X155.018 Y92.486 E11.04836
G1 X155.018 Y95.375 E11.08782
G1 X154.732 Y95.375 E11.09173
G1 X154.732 Y92.758 E11.12748
G1 X154.447 Y93.029 E11.13285
G1 X154.447 Y95.375 E11.16489
G1 X154.161 Y95.375 E11.1688
G1 X154.161 Y93.301 E11.19713
G1 X153.875 Y93.573 E11.20252
G1 X153.875 Y95.375 E11.22713
G1 X153.59 Y95.375 E11.23102
G1 X153.59 Y93.844 E11.25193
G1 X153.304 Y94.116 E11.25732
G1 X153.304 Y98.161 E11.31257
G1 X153.019 Y98.161 E11.31646
G1 X153.019 Y94.387 E11.36801
G1 X152.733 Y94.659 E11.3734
G1 X152.733 Y98.161 E11.42123
G1 X152.447 Y98.161 E11.42514
G1 X152.447 Y94.93 E11.46927
G1 X152.162 Y95.202 E11.47465
G1 X152.162 Y98.161 E11.51507
G1 X151.876 Y98.161 E11.51898
G1 X151.876 Y95.474 E11.55568
G1 X151.59 Y95.745 E11.56106
G1 X151.59 Y98.161 E11.59406
G1 X151.305 Y98.161 E11.59795
G1 X151.305 Y96.017 E11.62724
G1 X151.019 Y96.288 E11.63262
G1 X151.019 Y98.161 E11.6582
G1 X150.734 Y98.161 E11.66209
G1 X150.734 Y96.56 E11.68396
G1 X150.448 Y96.832 E11.68935
G1 X150.448 Y100.947 E11.74556
G1 X150.162 Y100.947 E11.74947
G1 X150.162 Y97.103 E11.80198
G1 X149.877 Y97.375 E11.80736
G1 X149.877 Y100.947 E11.85615
G1 X149.591 Y100.947 E11.86006
G1 X149.591 Y97.646 E11.90515
G1 X149.306 Y97.918 E11.91053
G1 X149.306 Y100.947 E11.9519
G1 X149.02 Y100.947 E11.95581
G1 X149.02 Y98.189 E11.99348
G1 X148.734 Y98.461 E11.99887
G1 X148.734 Y100.947 E12.03283
G1 X148.449 Y100.947 E12.03672
G1 X148.449 Y98.733 E12.06696
G1 X148.163 Y99.004 E12.07234
G1 X148.163 Y100.947 E12.09888
G1 X147.886 Y100.947 E12.10266
G1 X147.886 Y103.732 E12.1407
G1 X147.877 Y99.276 E12.20157
G1 X147.592 Y99.547 E12.20694
G1 X147.592 Y103.732 E12.2641
G1 X147.306 Y103.732 E12.26801
G1 X147.306 Y99.819 E12.32146
G1 X147.021 Y100.09 E12.32683
G1 X147.021 Y103.732 E12.37658
G1 X146.735 Y103.732 E12.38049
G1 X146.735 Y100.362 E12.42652
G1 X146.449 Y100.634 E12.43191
G1 X146.449 Y103.732 E12.47423
G1 X146.164 Y103.732 E12.47812
G1 X146.164 Y100.905 E12.51673
G1 X145.878 Y101.177 E12.52212
G1 X145.878 Y103.732 E12.55702
G1 X145.592 Y103.732 E12.56093
G1 X145.592 Y101.448 E12.59213
G1 X145.307 Y101.72 E12.59751
G1 X145.307 Y103.732 E12.62499
G1 X145.1 Y103.732 E12.62782
G1 X145.1 Y106.518 E12.66587
G1 X145.021 Y106.518 E12.66695
G1 X145.021 Y101.992 E12.72877
G1 X144.736 Y102.263 E12.73414
G1 X144.736 Y106.518 E12.79226
G1 X144.45 Y106.518 E12.79617
G1 X144.45 Y102.535 E12.85057
G1 X144.164 Y102.806 E12.85595
G1 X144.164 Y106.518 E12.90665
G1 X143.879 Y106.518 E12.91054
G1 X143.879 Y103.078 E12.95753
G1 X143.593 Y103.349 E12.96291
G1 X143.593 Y106.518 E13.0062
G1 X143.308 Y106.518 E13.01009
G1 X143.308 Y103.621 E13.04966
G1 X143.022 Y103.893 E13.05505
G1 X143.022 Y106.518 E13.09091
G1 X142.736 Y106.518 E13.09482
G1 X142.736 Y104.164 E13.12697
G1 X142.451 Y104.436 E13.13235
G1 X142.451 Y106.518 E13.16079
G1 X142.315 Y106.518 E13.16265
G1 X142.315 Y109.304 E13.2007
G1 X142.165 Y109.304 E13.20275
G1 X142.165 Y104.707 E13.26554
G1 X141.879 Y104.979 E13.27093
G1 X141.879 Y109.304 E13.33001
G1 X141.594 Y109.304 E13.3339
G1 X141.594 Y105.251 E13.38926
G1 X141.308 Y105.522 E13.39464
G1 X141.308 Y109.304 E13.4463
G1 X141.023 Y109.304 E13.45019
G1 X141.023 Y105.794 E13.49813
G1 X140.737 Y106.065 E13.50351
G1 X140.737 Y109.304 E13.54775
G1 X140.451 Y109.304 E13.55166
G1 X140.451 Y106.337 E13.59219
G1 X140.166 Y106.608 E13.59756
G1 X140.166 Y109.304 E13.63438
G1 X139.88 Y109.304 E13.63829
G1 X139.88 Y106.88 E13.6714
G1 X139.594 Y107.152 E13.67679
G1 X139.529 Y112.089 E13.74423
G1 X139.309 Y112.089 E13.74724
G1 X139.309 Y107.423 E13.81097
G1 X139.023 Y107.695 E13.81636
G1 X139.023 Y112.089 E13.87638
G1 X138.738 Y112.089 E13.88027
G1 X138.738 Y107.966 E13.93659
G1 X138.452 Y108.238 E13.94198
G1 X138.452 Y112.089 E13.99458
G1 X138.166 Y112.089 E13.99849
G1 X138.166 Y108.51 E14.04738
G1 X137.881 Y108.781 E14.05275
G1 X137.881 Y112.089 E14.09793
G1 X137.595 Y112.089 E14.10184
G1 X137.595 Y109.053 E14.14331
G1 X137.31 Y109.324 E14.14868
G1 X137.31 Y112.089 E14.18645
G1 X137.024 Y112.089 E14.19036
G1 X137.024 Y109.596 E14.22441
G1 X136.738 Y109.867 E14.22979
G1 X136.738 Y114.875 E14.29819
G1 X136.453 Y114.875 E14.30208
G1 X136.453 Y110.139 E14.36677
G1 X136.167 Y110.411 E14.37216
G1 X136.167 Y114.875 E14.43313
G1 X135.881 Y114.875 E14.43704
G1 X135.881 Y110.682 E14.49431
G1 X135.596 Y110.954 E14.49969
G1 X135.596 Y114.875 E14.55325
G1 X135.31 Y114.875 E14.55716
G1 X135.31 Y111.225 E14.60702
G1 X135.025 Y111.497 E14.6124
G1 X135.025 Y114.875 E14.65854
G1 X134.739 Y114.875 E14.66245
G1 X134.739 Y111.768 E14.70489
G1 X134.453 Y112.04 E14.71028
G1 X134.453 Y114.875 E14.749
G1 X134.168 Y114.875 E14.75289
G1 X134.168 Y112.312 E14.7879
G1 X133.882 Y112.583 E14.79328
G1 X133.882 Y117.66 E14.86263
G1 X133.596 Y117.66 E14.86654
G1 X133.596 Y112.855 E14.93217
G1 X133.311 Y113.126 E14.93754
G1 X133.311 Y117.66 E14.99947
G1 X133.025 Y117.66 E15.00338
G1 X133.025 Y113.398 E15.0616
G1 X132.74 Y113.67 E15.06698
G1 X132.74 Y117.66 E15.12148
G1 X132.454 Y117.66 E15.12539
G1 X132.454 Y113.941 E15.17619
G1 X132.168 Y114.213 E15.18158
G1 X132.168 Y117.66 E15.22866
G1 X131.883 Y117.66 E15.23255
G1 X131.883 Y114.484 E15.27593
G1 X131.597 Y114.756 E15.28132
G1 X131.597 Y117.66 E15.32099
G1 X131.312 Y117.66 E15.32488
G1 X131.312 Y115.027 E15.36084
G1 X131.026 Y115.299 E15.36623
G1 X131.026 Y120.446 E15.43653
G1 X130.74 Y120.446 E15.44044
G1 X130.74 Y115.571 E15.50703
G1 X130.455 Y115.842 E15.5124
G1 X130.455 Y120.446 E15.57529
G1 X130.169 Y120.446 E15.5792
G1 X130.169 Y116.114 E15.63837
G1 X129.883 Y116.385 E15.64375
G1 X129.883 Y120.446 E15.69922
G1 X129.598 Y120.446 E15.70311
G1 X129.598 Y116.657 E15.75486
G1 X129.312 Y116.929 E15.76025
G1 X129.312 Y120.446 E15.80829
G1 X129.027 Y120.446 E15.81218
G1 X129.027 Y117.2 E15.85652
G1 X128.741 Y117.472 E15.86191
G1 X128.741 Y120.446 E15.90253
G1 X128.455 Y120.446 E15.90644
G1 X128.455 Y117.743 E15.94336
G1 X128.17 Y118.015 E15.94874
G1 X128.17 Y123.232 E16.02
G1 X127.884 Y123.232 E16.02391
G1 X127.884 Y118.286 E16.09147
G1 X127.598 Y118.558 E16.09686
G1 X127.598 Y123.232 E16.1607
G1 X127.313 Y123.232 E16.16459
G1 X127.313 Y118.83 E16.22472
G1 X127.027 Y119.101 E16.2301
G1 X127.027 Y123.232 E16.28653
G1 X126.742 Y123.232 E16.29042
G1 X126.742 Y119.373 E16.34313
G1 X126.456 Y119.644 E16.34851
G1 X126.456 Y123.232 E16.39752
G1 X126.17 Y123.232 E16.40143
G1 X126.17 Y119.916 E16.44672
G1 X125.885 Y120.187 E16.45209
G1 X125.885 Y123.232 E16.49368
G1 X125.599 Y123.232 E16.49759
G1 X125.599 Y120.459 E16.53547
G1 X125.314 Y120.731 E16.54085
G1 X125.314 Y123.232 E16.57501
G1 X125.028 Y123.232 E16.57892
G1 X125.028 Y121.002 E16.60938
G1 X124.742 Y121.274 E16.61477
G1 X124.742 Y123.232 E16.64151
G1 X124.457 Y123.232 E16.6454
G1 X124.457 Y121.545 E16.66844
G1 X124.171 Y121.817 E16.67383
G1 X124.171 Y123.232 E16.69316
G1 X123.885 Y123.232 E16.69707
G1 X123.885 Y122.089 E16.71268
G1 X123.6 Y122.36 E16.71805
G1 X123.6 Y123.232 E16.72996
G1 X123.314 Y123.232 E16.73387
G1 X123.314 Y122.632 E16.74207
G1 X123.029 Y122.903 E16.74744
G1 X123.029 Y123.232 E16.75193
G1 X122.815 Y123.232 E16.75485
G1 X122.815 Y126.017 E16.79289
G1 X122.743 Y126.017 E16.79387
G1 X122.743 Y123.175 E16.83269
G1 X122.457 Y123.446 E16.83807
G1 X122.457 Y126.017 E16.87319
G1 X122.172 Y126.017 E16.87708
G1 X122.172 Y123.718 E16.90848
G1 X121.886 Y123.99 E16.91387
G1 X121.886 Y126.017 E16.94156
G1 X121.6 Y126.017 E16.94547
G1 X121.6 Y124.261 E16.96946
G1 X121.315 Y124.533 E16.97484
G1 X121.315 Y126.017 E16.99511
G1 X121.029 Y126.017 E16.99902
G1 X121.029 Y124.804 E17.01559
G1 X120.744 Y125.076 E17.02097
G1 X120.744 Y126.017 E17.03382
G1 X120.458 Y126.017 E17.03773
G1 X120.458 Y125.348 E17.04687
G1 X120.172 Y125.619 E17.05225
G1 X120.172 Y126.017 E17.05769
G1 X120.03 Y126.017 E17.05963
G1 X120.03 Y128.803 E17.09768
G1 X119.887 Y128.803 E17.09963
G1 X119.887 Y125.891 E17.13941
G1 X119.601 Y126.162 E17.14479
G1 X119.601 Y128.803 E17.18086
G1 X119.316 Y128.803 E17.18475
G1 X119.316 Y126.434 E17.21711
G1 X119.03 Y126.705 E17.22249
G1 X119.03 Y128.803 E17.25115
G1 X118.744 Y128.803 E17.25506
G1 X118.744 Y126.977 E17.28
G1 X118.459 Y127.249 E17.28538
G1 X118.459 Y128.803 E17.30661
G1 X118.173 Y128.803 E17.31052
G1 X118.173 Y127.52 E17.32804
G1 X117.887 Y127.792 E17.33343
G1 X117.887 Y128.803 E17.34724
G1 X117.602 Y128.803 E17.35113
G1 X117.602 Y128.063 E17.36124
G1 X117.316 Y128.335 E17.36663
G1 X117.316 Y128.803 E17.37302
G1 X117.244 Y128.803 E17.374
G1 X117.244 Y131.589 E17.41205
G1 X117.031 Y131.589 E17.41496
G1 X117.031 Y128.606 E17.45571
G1 X116.745 Y128.878 E17.4611
G1 X116.745 Y131.589 E17.49813
G1 X116.459 Y131.589 E17.50204
G1 X116.459 Y129.15 E17.53535
G1 X116.174 Y129.421 E17.54072
G1 X116.174 Y131.589 E17.57033
G1 X115.888 Y131.589 E17.57424
G1 X115.888 Y129.693 E17.60014
G1 X115.602 Y129.964 E17.60552
G1 X115.602 Y131.589 E17.62772
G1 X115.317 Y131.589 E17.63161
G1 X115.317 Y130.236 E17.65009
G1 X115.031 Y130.508 E17.65548
G1 X115.031 Y131.589 E17.67025
G1 X114.746 Y131.589 E17.67414
G1 X114.746 Y130.779 E17.6852
G1 X114.46 Y131.051 E17.69059
G1 X114.458 Y134.374 E17.73598
G1 X114.174 Y134.374 E17.73986
G1 X114.174 Y131.322 E17.78155
G1 X113.889 Y131.594 E17.78693
G1 X113.889 Y134.374 E17.8249
G1 X113.603 Y134.374 E17.82881
G1 X113.603 Y131.865 E17.86308
G1 X113.318 Y132.137 E17.86846
G1 X113.318 Y134.374 E17.89902
G1 X113.032 Y134.374 E17.90293
G1 X113.032 Y132.409 E17.92977
G1 X112.746 Y132.68 E17.93515
G1 X112.746 Y134.374 E17.95829
G1 X112.461 Y134.374 E17.96218
G1 X112.461 Y132.952 E17.9816
G1 X112.175 Y133.223 E17.98698
G1 X112.175 Y134.374 E18.0027
G1 X111.889 Y134.374 E18.00661
G1 X111.889 Y133.495 E18.01862
G1 X111.604 Y133.767 E18.024
G1 X111.604 Y137.16 E18.07035
G1 X111.318 Y137.16 E18.07426
G1 X111.318 Y134.038 E18.1169
G1 X111.033 Y134.31 E18.12228
G1 X111.033 Y137.16 E18.16121
G1 X110.747 Y137.16 E18.16512
G1 X110.747 Y134.581 E18.20035
G1 X110.461 Y134.853 E18.20574
G1 X110.461 Y137.16 E18.23725
G1 X110.176 Y137.16 E18.24114
G1 X110.176 Y135.124 E18.26895
G1 X109.89 Y135.396 E18.27434
G1 X109.89 Y137.16 E18.29843
G1 X109.604 Y137.16 E18.30234
G1 X109.604 Y135.668 E18.32272
G1 X109.319 Y135.939 E18.32809
G1 X109.319 Y137.16 E18.34477
G1 X109.033 Y137.16 E18.34868
G1 X109.033 Y136.211 E18.36164
G1 X108.748 Y136.482 E18.36701
G1 X108.748 Y139.945 E18.41431
G1 X108.462 Y139.945 E18.41822
G1 X108.462 Y136.754 E18.46181
G1 X108.176 Y137.025 E18.46719
G1 X108.176 Y139.945 E18.50707
G1 X107.891 Y139.945 E18.51096
G1 X107.891 Y137.297 E18.54713
G1 X107.605 Y137.569 E18.55252
G1 X107.605 Y139.945 E18.58497
G1 X107.32 Y139.945 E18.58886
G1 X107.32 Y137.84 E18.61761
G1 X107.034 Y138.112 E18.623
G1 X107.034 Y139.945 E18.64804
G1 X106.748 Y139.945 E18.65195
G1 X106.748 Y138.383 E18.67329
G1 X106.463 Y138.655 E18.67867
G1 X106.463 Y139.945 E18.69629
G1 X106.177 Y139.945 E18.7002
G1 X106.177 Y138.927 E18.7141
G1 X105.891 Y139.198 E18.71948
G1 X105.891 Y142.731 E18.76774
G1 X105.606 Y142.731 E18.77163
G1 X105.606 Y139.47 E18.81617
G1 X105.32 Y139.741 E18.82155
G1 X105.32 Y142.731 E18.86239
G1 X105.035 Y142.731 E18.86628
G1 X105.035 Y140.013 E18.90341
G1 X104.749 Y140.284 E18.90879
G1 X104.749 Y142.731 E18.94221
G1 X104.463 Y142.731 E18.94612
G1 X104.463 Y140.556 E18.97583
G1 X104.178 Y140.828 E18.98121
G1 X104.178 Y142.731 E19.0072
G1 X103.892 Y142.731 E19.01111
G1 X103.892 Y141.099 E19.0334
G1 X103.606 Y141.371 E19.03879
G1 X103.606 Y142.731 E19.05737
G1 X103.321 Y142.731 E19.06126
G1 X103.321 Y141.642 E19.07613
G1 X103.035 Y141.914 E19.08152
G1 X103.035 Y145.517 E19.13073
G1 X102.75 Y145.517 E19.13462
G1 X102.75 Y142.186 E19.18012
G1 X102.464 Y142.457 E19.1855
G1 X102.464 Y145.517 E19.2273
G1 X102.178 Y145.517 E19.23121
G1 X102.178 Y142.729 E19.26929
G1 X101.893 Y143 E19.27466
G1 X101.893 Y145.517 E19.30904
G1 X101.607 Y145.517 E19.31295
G1 X101.607 Y143.272 E19.34361
G1 X101.322 Y143.543 E19.34898
G1 X101.322 Y145.517 E19.37594
G1 X101.036 Y145.517 E19.37985
G1 X101.036 Y143.815 E19.4031
G1 X100.75 Y144.087 E19.40849
G1 X100.75 Y145.517 E19.42802
G1 X100.53 Y145.517 E19.43103
G1 X100.53 Y148.302 E19.46907
G1 X100.465 Y148.302 E19.46996
G1 X100.465 Y144.358 E19.52383
G1 X100.179 Y144.63 E19.52922
G1 X100.179 Y148.302 E19.57938
G1 X99.893 Y148.302 E19.58329
G1 X99.893 Y144.901 E19.62974
G1 X99.608 Y145.173 E19.63512
G1 X99.608 Y148.302 E19.67786
G1 X99.322 Y148.302 E19.68177
G1 X99.322 Y145.444 E19.72081
G1 X99.037 Y145.716 E19.72619
G1 X99.037 Y148.302 E19.76151
G1 X98.751 Y148.302 E19.76542
G1 X98.751 Y145.988 E19.79703
G1 X98.465 Y146.259 E19.80241
G1 X98.465 Y148.302 E19.83032
G1 X98.18 Y148.302 E19.83421
G1 X98.18 Y146.531 E19.8584
G1 X97.894 Y146.802 E19.86378
G1 X97.894 Y148.302 E19.88427
G1 X97.745 Y148.302 E19.88631
G1 X97.745 Y151.088 E19.92436
G1 X97.608 Y151.088 E19.92623
G1 X97.608 Y147.074 E19.98106
G1 X97.323 Y147.346 E19.98644
G1 X97.323 Y151.088 E20.03755
G1 X97.037 Y151.088 E20.04146
G1 X97.037 Y147.617 E20.08887
G1 X96.752 Y147.889 E20.09425
G1 X96.752 Y151.088 E20.13795
G1 X96.466 Y151.088 E20.14186
G1 X96.466 Y148.16 E20.18185
G1 X96.18 Y148.432 E20.18724
G1 X96.18 Y151.088 E20.22352
G1 X95.895 Y151.088 E20.22741
G1 X95.895 Y148.703 E20.25999
G1 X95.609 Y148.975 E20.26538
G1 X95.609 Y151.088 E20.29424
G1 X95.324 Y151.088 E20.29813
G1 X95.324 Y149.247 E20.32328
G1 X95.038 Y149.518 E20.32866
G1 X95.038 Y151.088 E20.3501
G1 X94.959 Y151.088 E20.35118
G1 X94.959 Y153.873 E20.38922
G1 X94.752 Y153.873 E20.39205
G1 X94.752 Y149.79 E20.44782
G1 X94.467 Y150.061 E20.45319
G1 X94.467 Y153.873 E20.50526
G1 X94.181 Y153.873 E20.50917
G1 X94.181 Y150.333 E20.55752
G1 X93.895 Y150.605 E20.56291
G1 X93.895 Y153.873 E20.60755
G1 X93.61 Y153.873 E20.61144
G1 X93.61 Y150.876 E20.65238
G1 X93.324 Y151.148 E20.65777
G1 X93.324 Y153.873 E20.69499
G1 X93.039 Y153.873 E20.69888
G1 X93.039 Y151.419 E20.7324
G1 X92.753 Y151.691 E20.73779
G1 X92.753 Y153.873 E20.76759
G1 X92.467 Y153.873 E20.7715
G1 X92.467 Y151.962 E20.7976
G1 X92.182 Y152.234 E20.80298
G1 X92.173 Y156.659 E20.86342
G1 X91.896 Y156.659 E20.8672
G1 X91.896 Y152.506 E20.92393
G1 X91.61 Y152.777 E20.92931
G1 X91.61 Y156.659 E20.98233
G1 X91.325 Y156.659 E20.98622
G1 X91.325 Y153.049 E21.03553
G1 X91.039 Y153.32 E21.04091
G1 X91.039 Y156.659 E21.08652
G1 X90.754 Y156.659 E21.09041
G1 X90.754 Y153.592 E21.1323
G1 X90.468 Y153.863 E21.13768
G1 X90.468 Y156.659 E21.17587
G1 X90.182 Y156.659 E21.17978
G1 X90.182 Y154.135 E21.21426
G1 X89.897 Y154.407 E21.21964
G1 X89.897 Y156.659 E21.2504
G1 X89.611 Y156.659 E21.25431
G1 X89.611 Y154.678 E21.28137
G1 X89.326 Y154.95 E21.28675
G1 X89.326 Y159.445 E21.34815
G1 X89.04 Y159.445 E21.35206
G1 X89.04 Y155.221 E21.40976
G1 X88.754 Y155.493 E21.41515
G1 X88.754 Y159.445 E21.46913
G1 X88.469 Y159.445 E21.47302
G1 X88.469 Y155.765 E21.52329
G1 X88.183 Y156.036 E21.52867
G1 X88.183 Y159.445 E21.57523
G1 X87.897 Y159.445 E21.57914
G1 X87.897 Y156.308 E21.62199
G1 X87.612 Y156.579 E21.62736
G1 X87.612 Y159.445 E21.66651
G1 X87.326 Y159.445 E21.67042
G1 X87.326 Y156.851 E21.70585
G1 X87.041 Y157.122 E21.71122
G1 X87.041 Y159.445 E21.74295
G1 X86.755 Y159.445 E21.74686
G1 X86.755 Y157.394 E21.77487
G1 X86.469 Y157.666 E21.78026
G1 X86.469 Y162.23 E21.8426
G1 X86.184 Y162.23 E21.84649
G1 X86.184 Y157.937 E21.90513
G1 X85.898 Y158.209 E21.91052
G1 X85.898 Y162.23 E21.96544
G1 X85.612 Y162.23 E21.96935
G1 X85.612 Y158.48 E22.02057
G1 X85.327 Y158.752 E22.02595
G1 X85.327 Y162.23 E22.07346
G1 X85.041 Y162.23 E22.07737
G1 X85.041 Y159.024 E22.12116
G1 X84.756 Y159.295 E22.12653
G1 X84.756 Y162.23 E22.16662
G1 X84.47 Y162.23 E22.17053
G1 X84.47 Y159.567 E22.2069
G1 X84.184 Y159.838 E22.21228
G1 X84.184 Y162.23 E22.24495
G1 X83.899 Y162.23 E22.24884
G1 X83.899 Y160.11 E22.2778
G1 X83.613 Y160.381 E22.28318
G1 X83.613 Y165.016 E22.34649
G1 X83.328 Y165.016 E22.35038
G1 X83.328 Y160.653 E22.40997
G1 X83.042 Y160.925 E22.41536
G1 X83.042 Y165.016 E22.47124
G1 X82.756 Y165.016 E22.47515
G1 X82.756 Y161.196 E22.52733
G1 X82.471 Y161.468 E22.53271
G1 X82.471 Y165.016 E22.58117
G1 X82.185 Y165.016 E22.58508
G1 X82.185 Y161.739 E22.62984
G1 X81.899 Y162.011 E22.63523
G1 X81.899 Y165.016 E22.67628
G1 X81.614 Y165.016 E22.68017
G1 X81.614 Y162.282 E22.71751
G1 X81.328 Y162.554 E22.7229
G1 X81.328 Y165.016 E22.75653
G1 X81.043 Y165.016 E22.76042
G1 X81.043 Y162.826 E22.79033
G1 X80.757 Y163.097 E22.79571
G1 X80.757 Y167.802 E22.85998
G1 X80.471 Y167.802 E22.86389
G1 X80.471 Y163.369 E22.92444
G1 X80.186 Y163.64 E22.92981
G1 X80.186 Y167.802 E22.98666
G1 X79.9 Y167.802 E22.99057
G1 X79.9 Y163.912 E23.0437
G1 X79.614 Y164.184 E23.04909
G1 X79.614 Y167.802 E23.09851
G1 X79.329 Y167.802 E23.1024
G1 X79.329 Y164.455 E23.14812
G1 X79.043 Y164.727 E23.15351
G1 X79.043 Y167.802 E23.19551
G1 X78.758 Y167.802 E23.1994
G1 X78.758 Y164.998 E23.2377
G1 X78.472 Y165.27 E23.24309
G1 X78.472 Y167.802 E23.27767
G1 X78.245 Y167.802 E23.28077
G1 X78.245 Y170.587 E23.31881
G1 X78.186 Y170.587 E23.31962
G1 X78.186 Y165.541 E23.38854
G1 X77.901 Y165.813 E23.39392
G1 X77.901 Y170.587 E23.45913
G1 X77.615 Y170.587 E23.46304
G1 X77.615 Y166.085 E23.52453
G1 X77.33 Y166.356 E23.5299
G1 X77.33 Y170.587 E23.58769
G1 X77.044 Y170.587 E23.5916
G1 X77.044 Y166.628 E23.64568
G1 X76.758 Y166.899 E23.65106
G1 X76.758 Y170.587 E23.70143
G1 X76.473 Y170.587 E23.70532
G1 X76.473 Y167.171 E23.75198
G1 X76.187 Y167.443 E23.75737
G1 X76.187 Y170.587 E23.80031
G1 X75.901 Y170.587 E23.80422
G1 X75.901 Y167.714 E23.84346
G1 X75.616 Y167.986 E23.84884
G1 X75.616 Y170.587 E23.88437
G1 X75.46 Y170.587 E23.8865
G1 X75.46 Y173.373 E23.92455
G1 X75.33 Y173.373 E23.92633
G1 X75.33 Y168.257 E23.99621
G1 X75.045 Y168.529 E24.00159
G1 X75.045 Y173.373 E24.06775
G1 X74.759 Y173.373 E24.07166
G1 X74.759 Y168.8 E24.13412
G1 X74.473 Y169.072 E24.13951
G1 X74.473 Y173.373 E24.19826
G1 X74.188 Y173.373 E24.20215
G1 X74.188 Y169.344 E24.25718
G1 X73.902 Y169.615 E24.26256
G1 X73.902 Y173.373 E24.31389
G1 X73.616 Y173.373 E24.3178
G1 X73.616 Y169.887 E24.36542
G1 X73.331 Y170.158 E24.37079
G1 X73.331 Y173.373 E24.4147
G1 X73.045 Y173.373 E24.41861
G1 X73.045 Y170.43 E24.45881
G1 X72.76 Y170.701 E24.46418
G1 X72.674 Y176.158 E24.53873
G1 X72.474 Y176.158 E24.54146
G1 X72.474 Y170.973 E24.61228
G1 X72.188 Y171.245 E24.61767
G1 X72.188 Y176.158 E24.68478
G1 X71.903 Y176.158 E24.68867
G1 X71.903 Y171.516 E24.75208
G1 X71.617 Y171.788 E24.75747
G1 X71.617 Y176.158 E24.81716
G1 X71.332 Y176.158 E24.82105
G1 X71.332 Y172.059 E24.87704
G1 X71.046 Y172.331 E24.88243
G1 X71.046 Y176.158 E24.9347
G1 X70.76 Y176.158 E24.93861
G1 X70.76 Y172.603 E24.98717
G1 X70.475 Y172.874 E24.99254
G1 X70.475 Y176.158 E25.0374
G1 X70.189 Y176.158 E25.04131
G1 X70.189 Y173.146 E25.08245
G1 X69.903 Y173.417 E25.08783
G1 X69.903 Y176.158 E25.12527
G1 X69.618 Y176.158 E25.12916
G1 X69.618 Y173.689 E25.16288
G1 X69.332 Y173.96 E25.16826
G1 X69.332 Y176.158 E25.19828
G1 X69.047 Y176.158 E25.20217
G1 X69.047 Y174.232 E25.22848
G1 X68.761 Y174.504 E25.23387
G1 X68.761 Y176.158 E25.25646
G1 X68.475 Y176.158 E25.26037
G1 X68.475 Y174.775 E25.27926
G1 X68.19 Y175.047 E25.28464
G1 X68.19 Y176.158 E25.29982
G1 X67.904 Y176.158 E25.30373
G1 X67.904 Y175.318 E25.3152
G1 X67.618 Y175.59 E25.32059
G1 X67.618 Y176.158 E25.32835
G1 X67.333 Y176.158 E25.33224
G1 X67.333 Y175.862 E25.33628
G1 X67.047 Y176.133 E25.34166
G1 X67.047 Y178.944 E25.38006
G1 X66.762 Y178.944 E25.38395
G1 X66.762 Y176.405 E25.41863
G1 X66.476 Y176.676 E25.42401
G1 X66.476 Y178.944 E25.45499
G1 X66.19 Y178.944 E25.4589
G1 X66.19 Y176.948 E25.48616
G1 X65.905 Y177.219 E25.49153
G1 X65.905 Y178.944 E25.51509
G1 X65.619 Y178.944 E25.519
G1 X65.619 Y177.491 E25.53885
G1 X65.334 Y177.763 E25.54423
G1 X65.334 Y178.944 E25.56036
G1 X65.048 Y178.944 E25.56427
G1 X65.048 Y178.034 E25.5767
G1 X64.762 Y178.306 E25.58209
G1 X64.762 Y178.944 E25.5908
G1 X64.477 Y178.944 E25.59469
G1 X64.477 Y178.577 E25.5997
G1 X64.191 Y178.849 E25.60509
G1 X64.191 Y181.73 E25.64444
G1 X63.905 Y181.73 E25.64835
G1 X63.905 Y179.12 E25.684
G1 X63.62 Y179.392 E25.68938
G1 X63.62 Y181.73 E25.72131
G1 X63.334 Y181.73 E25.72522
G1 X63.334 Y179.664 E25.75344
G1 X63.049 Y179.935 E25.75881
G1 X63.049 Y181.73 E25.78333
G1 X62.763 Y181.73 E25.78724
G1 X62.763 Y180.207 E25.80804
G1 X62.477 Y180.478 E25.81342
G1 X62.477 Y181.73 E25.83052
G1 X62.192 Y181.73 E25.83441
G1 X62.192 Y180.75 E25.8478
G1 X61.906 Y181.022 E25.85319
G1 X61.906 Y181.73 E25.86286
G1 X61.62 Y181.73 E25.86677
G1 X61.62 Y181.293 E25.87274
G1 X61.335 Y181.565 E25.87812
G1 X61.335 Y184.515 E25.91841
G1 X61.049 Y184.515 E25.92232
G1 X61.049 Y181.836 E25.95891
G1 X60.764 Y182.108 E25.96429
G1 X60.764 Y184.515 E25.99717
G1 X60.478 Y184.515 E26.00108
G1 X60.478 Y182.379 E26.03026
G1 X60.192 Y182.651 E26.03565
G1 X60.192 Y184.515 E26.06111
G1 X59.907 Y184.515 E26.065
G1 X59.907 Y182.923 E26.08675
G1 X59.621 Y183.194 E26.09213
G1 X59.621 Y184.515 E26.11017
G1 X59.336 Y184.515 E26.11406
G1 X59.336 Y183.466 E26.12839
G1 X59.05 Y183.737 E26.13377
G1 X59.05 Y184.515 E26.1444
G1 X58.764 Y184.515 E26.14831
G1 X58.764 Y184.009 E26.15522
G1 X58.479 Y184.281 E26.1606
G1 X58.479 Y187.301 E26.20185
G1 X58.193 Y187.301 E26.20576
G1 X58.193 Y184.552 E26.24331
G1 X57.907 Y184.824 E26.2487
G1 X57.907 Y187.301 E26.28253
G1 X57.622 Y187.301 E26.28642
G1 X57.622 Y185.095 E26.31655
G1 X57.336 Y185.367 E26.32194
G1 X57.336 Y187.301 E26.34836
G1 X57.051 Y187.301 E26.35225
G1 X57.051 Y185.638 E26.37497
G1 X56.765 Y185.91 E26.38036
G1 X56.765 Y187.301 E26.39936
G1 X56.479 Y187.301 E26.40327
G1 X56.479 Y186.182 E26.41855
G1 X56.194 Y186.453 E26.42392
G1 X56.194 Y187.301 E26.4355
G1 X55.96 Y187.301 E26.4387
G1 X55.96 Y190.087 E26.47675
G1 X55.908 Y190.087 E26.47746
G1 X55.908 Y186.725 E26.52338
G1 X55.622 Y186.996 E26.52876
G1 X55.622 Y190.087 E26.57098
G1 X55.337 Y190.087 E26.57487
G1 X55.337 Y187.268 E26.61338
G1 X55.051 Y187.539 E26.61876
G1 X55.051 Y190.087 E26.65356
G1 X54.766 Y190.087 E26.65745
G1 X54.766 Y187.811 E26.68854
G1 X54.48 Y188.083 E26.69393
G1 X54.48 Y190.087 E26.7213
G1 X54.194 Y190.087 E26.72521
G1 X54.194 Y188.354 E26.74888
G1 X53.909 Y188.626 E26.75426
G1 X53.909 Y190.087 E26.77422
G1 X53.623 Y190.087 E26.77813
G1 X53.623 Y188.897 E26.79438
G1 X53.338 Y189.169 E26.79976
G1 X53.338 Y190.087 E26.8123
G1 X53.175 Y190.087 E26.81453
G1 X53.175 Y192.872 E26.85257
G1 X53.052 Y192.872 E26.85425
G1 X53.052 Y189.441 E26.90111
G1 X52.766 Y189.712 E26.90649
G1 X52.766 Y192.872 E26.94965
G1 X52.481 Y192.872 E26.95354
G1 X52.481 Y189.984 E26.99299
G1 X52.195 Y190.255 E26.99837
G1 X52.195 Y192.872 E27.03412
G1 X51.909 Y192.872 E27.03803
G1 X51.909 Y190.527 E27.07006
G1 X51.624 Y190.798 E27.07543
G1 X51.624 Y192.872 E27.10376
G1 X51.338 Y192.872 E27.10767
G1 X51.338 Y191.07 E27.13228
G1 X51.053 Y191.342 E27.13766
G1 X51.053 Y192.872 E27.15856
G1 X50.767 Y192.872 E27.16247
G1 X50.767 Y191.613 E27.17967
G1 X50.481 Y191.885 E27.18506
G1 X50.481 Y192.872 E27.19854
G1 X50.389 Y192.872 E27.1998
G1 X50.389 Y195.658 E27.23785
G1 X50.196 Y195.658 E27.24049
G1 X50.196 Y192.156 E27.28832
G1 X49.91 Y192.428 E27.29371
G1 X49.91 Y195.658 E27.33783
G1 X49.624 Y195.658 E27.34174
G1 X49.624 Y192.7 E27.38214
G1 X49.339 Y192.971 E27.38751
G1 X49.339 Y195.658 E27.42421
G1 X49.053 Y195.658 E27.42812
G1 X49.053 Y193.243 E27.46111
G1 X48.768 Y193.514 E27.46648
G1 X48.768 Y195.658 E27.49577
G1 X48.482 Y195.658 E27.49968
G1 X48.482 Y193.786 E27.52525
G1 X48.196 Y194.057 E27.53063
G1 X48.196 Y195.658 E27.5525
G1 X47.911 Y195.658 E27.55639
G1 X47.911 Y194.329 E27.57454
G1 X47.625 Y194.601 E27.57993
G1 X47.604 Y198.443 E27.63241
G1 X47.34 Y198.443 E27.63602
G1 X47.34 Y194.872 E27.6848
G1 X47.054 Y195.144 E27.69019
G1 X47.054 Y198.443 E27.73525
G1 X46.768 Y198.443 E27.73916
G1 X46.768 Y195.415 E27.78052
G1 X46.483 Y195.687 E27.7859
G1 X46.483 Y198.443 E27.82354
G1 X46.197 Y198.443 E27.82745
G1 X46.197 Y195.958 E27.86139
G1 X45.911 Y196.23 E27.86678
G1 X45.911 Y198.443 E27.89701
G1 X45.626 Y198.443 E27.9009
G1 X45.626 Y196.502 E27.92741
G1 X45.34 Y196.773 E27.93279
G1 X45.34 Y198.443 E27.9556
G1 X45.055 Y198.443 E27.95949
G1 X45.055 Y197.045 E27.97859
G1 X44.769 Y197.316 E27.98397
G1 X44.769 Y201.229 E28.03742
G1 X44.483 Y201.229 E28.04133
G1 X44.483 Y197.588 E28.09106
G1 X44.198 Y197.86 E28.09644
G1 X44.198 Y201.229 E28.14246
G1 X43.912 Y201.229 E28.14637
G1 X43.912 Y198.131 E28.18869
G1 X43.626 Y198.403 E28.19408
G1 X43.626 Y201.229 E28.23268
G1 X43.341 Y201.229 E28.23657
G1 X43.341 Y198.674 E28.27147
G1 X43.055 Y198.946 E28.27686
G1 X43.055 Y201.229 E28.30804
G1 X42.77 Y201.229 E28.31193
G1 X42.77 Y199.217 E28.33941
G1 X42.484 Y199.489 E28.3448
G1 X42.484 Y201.229 E28.36857
G1 X42.198 Y201.229 E28.37248
G1 X42.198 Y199.761 E28.39253
G1 X41.913 Y200.032 E28.3979
G1 X41.913 Y204.015 E28.4523
G1 X41.627 Y204.015 E28.45621
G1 X41.627 Y200.304 E28.5069
G1 X41.342 Y200.575 E28.51227
G1 X41.342 Y204.015 E28.55926
G1 X41.056 Y204.015 E28.56317
G1 X41.056 Y200.847 E28.60644
G1 X40.77 Y201.119 E28.61183
G1 X40.77 Y204.015 E28.65139
G1 X40.485 Y204.015 E28.65528
G1 X40.485 Y201.39 E28.69114
G1 X40.199 Y201.662 E28.69653
G1 X40.199 Y204.015 E28.72867
G1 X39.913 Y204.015 E28.73258
G1 X39.913 Y201.933 E28.76102
G1 X39.628 Y202.205 E28.7664
G1 X39.628 Y204.015 E28.79112
G1 X39.342 Y204.015 E28.79503
G1 X39.342 Y202.476 E28.81605
G1 X39.057 Y202.748 E28.82143
G1 X39.057 Y206.8 E28.87678
G1 X38.771 Y206.8 E28.88069
G1 X38.771 Y203.02 E28.93232
G1 X38.485 Y203.291 E28.9377
G1 X38.485 Y206.8 E28.98563
G1 X38.2 Y206.8 E28.98952
G1 X38.2 Y203.563 E29.03373
G1 X37.914 Y203.834 E29.03911
G1 X37.914 Y206.8 E29.07962
G1 X37.628 Y206.8 E29.08353
G1 X37.628 Y204.106 E29.12033
G1 X37.343 Y204.377 E29.1257
G1 X37.343 Y206.8 E29.1588
G1 X37.057 Y206.8 E29.16271
G1 X37.057 Y204.649 E29.19209
G1 X36.772 Y204.921 E29.19747
G1 X36.772 Y206.8 E29.22314
G1 X36.486 Y206.8 E29.22705
G1 X36.486 Y205.192 E29.24901
G1 X36.2 Y205.464 E29.2544
G1 X36.2 Y209.586 E29.3107
G1 X35.915 Y209.586 E29.31459
G1 X35.915 Y205.735 E29.36719
G1 X35.629 Y206.007 E29.37258
G1 X35.629 Y209.586 E29.42147
G1 X35.344 Y209.586 E29.42536
G1 X35.344 Y206.279 E29.47053
G1 X35.058 Y206.55 E29.47591
G1 X35.058 Y209.586 E29.51738
G1 X34.772 Y209.586 E29.52129
G1 X34.772 Y206.822 E29.55904
G1 X34.487 Y207.093 E29.56441
G1 X34.487 Y209.586 E29.59846
G1 X34.201 Y209.586 E29.60237
G1 X34.201 Y207.365 E29.63271
G1 X33.915 Y207.636 E29.63809
G1 X33.915 Y209.586 E29.66473
G1 X33.675 Y209.586 E29.66801
G1 X33.675 Y212.371 E29.70605
G1 X33.63 Y207.908 E29.76701
G1 X33.344 Y208.18 E29.7724
G1 X33.344 Y212.371 E29.82965
G1 X33.059 Y212.371 E29.83354
G1 X33.059 Y208.451 E29.88708
G1 X32.773 Y208.723 E29.89247
G1 X32.773 Y212.371 E29.9423
G1 X32.487 Y212.371 E29.94621
G1 X32.487 Y208.994 E29.99234
G1 X32.202 Y209.266 E29.99772
G1 X32.202 Y212.371 E30.04013
G1 X31.916 Y212.371 E30.04404
G1 X31.916 Y209.538 E30.08274
G1 X31.63 Y209.809 E30.08812
G1 X31.63 Y212.371 E30.12311
G1 X31.345 Y212.371 E30.127
G1 X31.345 Y210.081 E30.15828
G1 X31.059 Y210.352 E30.16366
G1 X31.059 Y212.371 E30.19124
G1 X30.774 Y212.371 E30.19513
G1 X30.774 Y210.624 E30.21899
G1 X30.593 Y210.796 E30.2224
G1 X30.488 Y210.793 E30.22383
G1 X30.488 Y212.371 E30.24538
G1 X30.202 Y212.371 E30.24929
G1 X30.202 Y210.698 E30.27214
G1 X29.917 Y210.398 E30.27779
G1 X29.917 Y212.371 E30.30474
G1 X29.631 Y212.371 E30.30865
G1 X29.631 Y210.097 E30.33971
G1 X29.346 Y209.797 E30.34536
G1 X29.346 Y212.371 E30.38052
G1 X29.06 Y212.371 E30.38443
G1 X29.06 Y209.497 E30.42369
G1 X28.774 Y209.196 E30.42936
G1 X28.774 Y212.371 E30.47273
G1 X28.489 Y212.371 E30.47662
G1 X28.489 Y208.896 E30.52409
G1 X28.203 Y208.595 E30.52976
G1 X28.203 Y212.5 E30.5831
G1 E28.5831 F2400
G92 E0
G1 X28.203 Y208.199 F7800
G1 E2 F2400
G1 F3600
G1 X28.203 Y204.015 E2.05715
G1 X28.489 Y204.015 E2.06106
G1 X28.489 Y207.75 E2.11208
G1 X28.774 Y207.479 E2.11745
G1 X28.774 Y204.015 E2.16477
G1 X29.06 Y204.015 E2.16868
G1 X29.06 Y207.207 E2.21228
G1 X29.346 Y206.935 E2.21767
G1 X29.346 Y204.015 E2.25755
G1 X29.631 Y204.015 E2.26144
G1 X29.631 Y206.664 E2.29762
G1 X29.917 Y206.392 E2.30301
G1 X29.917 Y204.015 E2.33548
G1 X30.202 Y204.015 E2.33937
G1 X30.202 Y206.121 E2.36814
G1 X30.488 Y205.849 E2.37353
G1 X30.488 Y204.015 E2.39858
G1 X30.774 Y204.015 E2.40249
G1 X30.774 Y205.577 E2.42383
G1 X31.059 Y205.306 E2.4292
G1 X31.059 Y201.229 E2.48489
G1 X31.345 Y201.229 E2.4888
G1 X31.345 Y205.034 E2.54077
G1 X31.63 Y204.763 E2.54614
G1 X31.63 Y201.229 E2.59441
G1 X31.916 Y201.229 E2.59832
G1 X31.916 Y204.491 E2.64288
G1 X32.202 Y204.22 E2.64826
G1 X32.202 Y201.229 E2.68911
G1 X32.487 Y201.229 E2.693
G1 X32.487 Y203.948 E2.73014
G1 X32.773 Y203.676 E2.73553
G1 X32.773 Y201.229 E2.76895
G1 X33.059 Y201.229 E2.77286
G1 X33.059 Y203.405 E2.80258
G1 X33.344 Y203.133 E2.80796
G1 X33.344 Y201.229 E2.83397
G1 X33.63 Y201.229 E2.83788
G1 X33.63 Y202.862 E2.86019
G1 X33.915 Y202.59 E2.86557
G1 X33.915 Y198.443 E2.92221
G1 X34.201 Y198.443 E2.92612
G1 X34.201 Y202.319 E2.97906
G1 X34.487 Y202.047 E2.98445
G1 X34.487 Y198.443 E3.03368
G1 X34.772 Y198.443 E3.03757
G1 X34.772 Y201.775 E3.08308
G1 X35.058 Y201.504 E3.08846
G1 X35.058 Y198.443 E3.13027
G1 X35.344 Y198.443 E3.13418
G1 X35.344 Y201.232 E3.17228
G1 X35.629 Y200.961 E3.17765
G1 X35.629 Y198.443 E3.21204
G1 X35.915 Y198.443 E3.21595
G1 X35.915 Y200.689 E3.24663
G1 X36.2 Y200.417 E3.25201
G1 X36.2 Y198.443 E3.27897
G1 X36.461 Y198.443 E3.28254
G1 X36.461 Y195.658 E3.32058
G1 X36.486 Y200.146 E3.38188
G1 X36.772 Y199.874 E3.38727
G1 X36.772 Y195.658 E3.44486
G1 X37.057 Y195.658 E3.44875
G1 X37.057 Y199.603 E3.50264
G1 X37.343 Y199.331 E3.50803
G1 X37.343 Y195.658 E3.5582
G1 X37.628 Y195.658 E3.56209
G1 X37.628 Y199.06 E3.60856
G1 X37.914 Y198.788 E3.61395
G1 X37.914 Y195.658 E3.6567
G1 X38.2 Y195.658 E3.66061
G1 X38.2 Y198.516 E3.69965
G1 X38.485 Y198.245 E3.70502
G1 X38.485 Y195.658 E3.74036
G1 X38.771 Y195.658 E3.74427
G1 X38.771 Y197.973 E3.77589
G1 X39.057 Y197.702 E3.78127
G1 X39.057 Y195.658 E3.80919
G1 X39.247 Y195.658 E3.81179
G1 X39.247 Y192.872 E3.84984
G1 X39.342 Y192.872 E3.85114
G1 X39.342 Y197.43 E3.9134
G1 X39.628 Y197.158 E3.91879
G1 X39.628 Y192.872 E3.97733
G1 X39.913 Y192.872 E3.98122
G1 X39.913 Y196.887 E4.03606
G1 X40.199 Y196.615 E4.04145
G1 X40.199 Y192.872 E4.09258
G1 X40.485 Y192.872 E4.09649
G1 X40.485 Y196.344 E4.14391
G1 X40.77 Y196.072 E4.14929
G1 X40.77 Y192.872 E4.193
G1 X41.056 Y192.872 E4.19691
G1 X41.056 Y195.801 E4.23692
G1 X41.342 Y195.529 E4.24231
G1 X41.342 Y192.872 E4.2786
G1 X41.627 Y192.872 E4.28249
G1 X41.627 Y195.257 E4.31507
G1 X41.913 Y194.986 E4.32045
G1 X41.913 Y192.872 E4.34933
G1 X42.032 Y192.872 E4.35096
G1 X42.032 Y190.087 E4.389
G1 X42.198 Y190.087 E4.39127
G1 X42.198 Y194.714 E4.45447
G1 X42.484 Y194.443 E4.45985
G1 X42.484 Y190.087 E4.51935
G1 X42.77 Y190.087 E4.52326
G1 X42.77 Y194.171 E4.57904
G1 X43.055 Y193.899 E4.58442
G1 X43.055 Y190.087 E4.63649
G1 X43.341 Y190.087 E4.6404
G1 X43.341 Y193.628 E4.68877
G1 X43.626 Y193.356 E4.69415
G1 X43.626 Y190.087 E4.7388
G1 X43.912 Y190.087 E4.74271
G1 X43.912 Y193.085 E4.78366
G1 X44.198 Y192.813 E4.78905
G1 X44.198 Y190.087 E4.82628
G1 X44.483 Y190.087 E4.83017
G1 X44.483 Y192.542 E4.8637
G1 X44.769 Y192.27 E4.86909
G1 X44.818 Y187.301 E4.93697
G1 X45.055 Y187.301 E4.94021
G1 X45.055 Y191.998 E5.00437
G1 X45.34 Y191.727 E5.00974
G1 X45.34 Y187.301 E5.0702
G1 X45.626 Y187.301 E5.07411
G1 X45.626 Y191.455 E5.13085
G1 X45.911 Y191.184 E5.13622
G1 X45.911 Y187.301 E5.18926
G1 X46.197 Y187.301 E5.19317
G1 X46.197 Y190.912 E5.24249
G1 X46.483 Y190.641 E5.24787
G1 X46.483 Y187.301 E5.29349
G1 X46.768 Y187.301 E5.29738
G1 X46.768 Y190.369 E5.33929
G1 X47.054 Y190.097 E5.34468
G1 X47.054 Y187.301 E5.38287
G1 X47.34 Y187.301 E5.38678
G1 X47.34 Y189.826 E5.42127
G1 X47.625 Y189.554 E5.42665
G1 X47.625 Y184.515 E5.49548
G1 X47.911 Y184.515 E5.49939
G1 X47.911 Y189.283 E5.56452
G1 X48.196 Y189.011 E5.5699
G1 X48.196 Y184.515 E5.63131
G1 X48.482 Y184.515 E5.63522
G1 X48.482 Y188.739 E5.69292
G1 X48.768 Y188.468 E5.6983
G1 X48.768 Y184.515 E5.75229
G1 X49.053 Y184.515 E5.75618
G1 X49.053 Y188.196 E5.80646
G1 X49.339 Y187.925 E5.81184
G1 X49.339 Y184.515 E5.85842
G1 X49.624 Y184.515 E5.86231
G1 X49.624 Y187.653 E5.90517
G1 X49.91 Y187.382 E5.91055
G1 X49.91 Y184.515 E5.94971
G1 X50.196 Y184.515 E5.95362
G1 X50.196 Y187.11 E5.98907
G1 X50.481 Y186.838 E5.99445
G1 X50.481 Y181.73 E6.06422
G1 X50.767 Y181.73 E6.06813
G1 X50.767 Y186.567 E6.1342
G1 X51.053 Y186.295 E6.13959
G1 X51.053 Y181.73 E6.20194
G1 X51.338 Y181.73 E6.20583
G1 X51.338 Y186.024 E6.26448
G1 X51.624 Y185.752 E6.26987
G1 X51.624 Y181.73 E6.32481
G1 X51.909 Y181.73 E6.3287
G1 X51.909 Y185.48 E6.37992
G1 X52.195 Y185.209 E6.3853
G1 X52.195 Y181.73 E6.43282
G1 X52.481 Y181.73 E6.43673
G1 X52.481 Y184.937 E6.48053
G1 X52.766 Y184.666 E6.4859
G1 X52.766 Y181.73 E6.526
G1 X53.052 Y181.73 E6.52991
G1 X53.052 Y184.394 E6.5663
G1 X53.338 Y184.123 E6.57168
G1 X53.338 Y178.944 E6.64242
G1 X53.623 Y178.944 E6.64631
G1 X53.623 Y183.851 E6.71334
G1 X53.909 Y183.579 E6.71873
G1 X53.909 Y178.944 E6.78204
G1 X54.194 Y178.944 E6.78593
G1 X54.194 Y183.308 E6.84554
G1 X54.48 Y183.036 E6.85093
G1 X54.48 Y178.944 E6.90682
G1 X54.766 Y178.944 E6.91073
G1 X54.766 Y182.765 E6.96292
G1 X55.051 Y182.493 E6.9683
G1 X55.051 Y178.944 E7.01678
G1 X55.337 Y178.944 E7.02069
G1 X55.337 Y182.222 E7.06546
G1 X55.622 Y181.95 E7.07084
G1 X55.622 Y178.944 E7.1119
G1 X55.908 Y178.944 E7.11581
G1 X55.908 Y181.678 E7.15315
G1 X56.194 Y181.407 E7.15853
G1 X56.194 Y176.158 E7.23023
G1 X56.479 Y176.158 E7.23412
G1 X56.479 Y181.135 E7.3021
G1 X56.765 Y180.864 E7.30748
G1 X56.765 Y176.158 E7.37176
G1 X57.051 Y176.158 E7.37567
G1 X57.051 Y180.592 E7.43623
G1 X57.336 Y180.32 E7.44161
G1 X57.336 Y176.158 E7.49846
G1 X57.622 Y176.158 E7.50237
G1 X57.622 Y180.049 E7.55552
G1 X57.907 Y179.777 E7.5609
G1 X57.907 Y176.158 E7.61033
G1 X58.193 Y176.158 E7.61424
G1 X58.193 Y179.506 E7.65997
G1 X58.479 Y179.234 E7.66536
G1 X58.479 Y176.158 E7.70738
G1 X58.764 Y176.158 E7.71127
G1 X58.764 Y178.963 E7.74958
G1 X59.05 Y178.691 E7.75497
G1 X59.05 Y176.158 E7.78957
G1 X59.336 Y176.158 E7.79348
G1 X59.336 Y178.419 E7.82436
G1 X59.621 Y178.148 E7.82973
G1 X59.621 Y176.158 E7.85691
G1 X59.907 Y176.158 E7.86082
G1 X59.907 Y177.876 E7.88429
G1 X60.192 Y177.605 E7.88966
G1 X60.192 Y176.158 E7.90942
G1 X60.478 Y176.158 E7.91333
G1 X60.478 Y177.333 E7.92938
G1 X60.764 Y177.061 E7.93477
G1 X60.764 Y176.158 E7.9471
G1 X61.049 Y176.158 E7.95099
G1 X61.049 Y176.79 E7.95962
G1 X61.335 Y176.518 E7.96501
G1 X61.335 Y176.158 E7.96993
G1 X61.532 Y176.158 E7.97262
G1 X61.532 Y173.373 E8.01066
G1 X61.62 Y173.373 E8.01186
G1 X61.62 Y176.247 E8.05112
G1 X61.906 Y175.975 E8.05651
G1 X61.906 Y173.373 E8.09205
G1 X62.192 Y173.373 E8.09596
G1 X62.192 Y175.704 E8.1278
G1 X62.477 Y175.432 E8.13318
G1 X62.477 Y173.373 E8.1613
G1 X62.763 Y173.373 E8.16521
G1 X62.763 Y175.16 E8.18962
G1 X63.049 Y174.889 E8.195
G1 X63.049 Y173.373 E8.21571
G1 X63.334 Y173.373 E8.2196
G1 X63.334 Y174.617 E8.23659
G1 X63.62 Y174.346 E8.24197
G1 X63.62 Y173.373 E8.25526
G1 X63.905 Y173.373 E8.25915
G1 X63.905 Y174.074 E8.26873
G1 X64.191 Y173.803 E8.27411
G1 X64.191 Y173.373 E8.27998
G1 X64.317 Y173.373 E8.2817
G1 X64.317 Y170.587 E8.31975
G1 X64.477 Y170.587 E8.32194
G1 X64.477 Y173.531 E8.36215
G1 X64.762 Y173.259 E8.36753
G1 X64.762 Y170.587 E8.40403
G1 X65.048 Y170.587 E8.40794
G1 X65.048 Y172.988 E8.44074
G1 X65.334 Y172.716 E8.44613
G1 X65.334 Y170.587 E8.47521
G1 X65.619 Y170.587 E8.4791
G1 X65.619 Y172.445 E8.50448
G1 X65.905 Y172.173 E8.50987
G1 X65.905 Y170.587 E8.53153
G1 X66.19 Y170.587 E8.53542
G1 X66.19 Y171.901 E8.55337
G1 X66.476 Y171.63 E8.55875
G1 X66.476 Y170.587 E8.573
G1 X66.762 Y170.587 E8.57691
G1 X66.762 Y171.358 E8.58744
G1 X67.047 Y171.087 E8.59281
G1 X67.103 Y167.802 E8.63769
G1 X67.333 Y167.802 E8.64083
G1 X67.333 Y170.815 E8.68198
G1 X67.618 Y170.544 E8.68735
G1 X67.618 Y167.802 E8.7248
G1 X67.904 Y167.802 E8.72871
G1 X67.904 Y170.272 E8.76245
G1 X68.19 Y170 E8.76784
G1 X68.19 Y167.802 E8.79786
G1 X68.475 Y167.802 E8.80175
G1 X68.475 Y169.729 E8.82807
G1 X68.761 Y169.457 E8.83346
G1 X68.761 Y167.802 E8.85607
G1 X69.047 Y167.802 E8.85998
G1 X69.047 Y169.186 E8.87888
G1 X69.332 Y168.914 E8.88426
G1 X69.332 Y167.802 E8.89945
G1 X69.618 Y167.802 E8.90336
G1 X69.618 Y168.642 E8.91483
G1 X69.903 Y168.371 E8.9202
G1 X69.903 Y165.016 E8.96603
G1 X70.189 Y165.016 E8.96994
G1 X70.189 Y168.099 E9.01205
G1 X70.475 Y167.828 E9.01743
G1 X70.475 Y165.016 E9.05584
G1 X70.76 Y165.016 E9.05973
G1 X70.76 Y167.556 E9.09442
G1 X71.046 Y167.285 E9.0998
G1 X71.046 Y165.016 E9.13079
G1 X71.332 Y165.016 E9.1347
G1 X71.332 Y167.013 E9.16198
G1 X71.617 Y166.741 E9.16736
G1 X71.617 Y165.016 E9.19092
G1 X71.903 Y165.016 E9.19483
G1 X71.903 Y166.47 E9.21469
G1 X72.188 Y166.198 E9.22007
G1 X72.188 Y165.016 E9.23622
G1 X72.474 Y165.016 E9.24013
G1 X72.474 Y165.927 E9.25257
G1 X72.76 Y165.655 E9.25796
G1 X72.76 Y162.23 E9.30474
G1 X73.045 Y162.23 E9.30863
G1 X73.045 Y165.384 E9.35171
G1 X73.331 Y165.112 E9.3571
G1 X73.331 Y162.23 E9.39647
G1 X73.616 Y162.23 E9.40036
G1 X73.616 Y164.84 E9.43601
G1 X73.902 Y164.569 E9.44139
G1 X73.902 Y162.23 E9.47334
G1 X74.188 Y162.23 E9.47725
G1 X74.188 Y164.297 E9.50548
G1 X74.473 Y164.026 E9.51085
G1 X74.473 Y162.23 E9.53538
G1 X74.759 Y162.23 E9.53929
G1 X74.759 Y163.754 E9.56011
G1 X75.045 Y163.482 E9.5655
G1 X75.045 Y162.23 E9.5826
G1 X75.33 Y162.23 E9.58649
G1 X75.33 Y163.211 E9.59989
G1 X75.616 Y162.939 E9.60528
G1 X75.616 Y159.445 E9.653
G1 X75.901 Y159.445 E9.65689
G1 X75.901 Y162.668 E9.70091
G1 X76.187 Y162.396 E9.7063
G1 X76.187 Y159.445 E9.74661
G1 X76.473 Y159.445 E9.75052
G1 X76.473 Y162.125 E9.78713
G1 X76.758 Y161.853 E9.79251
G1 X76.758 Y159.445 E9.8254
G1 X77.044 Y159.445 E9.82931
G1 X77.044 Y161.581 E9.85849
G1 X77.33 Y161.31 E9.86387
G1 X77.33 Y159.445 E9.88934
G1 X77.615 Y159.445 E9.89323
G1 X77.615 Y161.038 E9.91499
G1 X77.901 Y160.767 E9.92037
G1 X77.901 Y159.445 E9.93843
G1 X78.186 Y159.445 E9.94232
G1 X78.186 Y160.495 E9.95666
G1 X78.472 Y160.223 E9.96205
G1 X78.472 Y156.659 E10.01073
G1 X78.758 Y156.659 E10.01464
G1 X78.758 Y159.952 E10.05962
G1 X79.043 Y159.68 E10.065
G1 X79.043 Y156.659 E10.10626
G1 X79.329 Y156.659 E10.11017
G1 X79.329 Y159.409 E10.14773
G1 X79.614 Y159.137 E10.15311
G1 X79.614 Y156.659 E10.18696
G1 X79.9 Y156.659 E10.19087
G1 X79.9 Y158.866 E10.22102
G1 X80.186 Y158.594 E10.22641
G1 X80.186 Y156.659 E10.25284
G1 X80.471 Y156.659 E10.25673
G1 X80.471 Y158.322 E10.27945
G1 X80.757 Y158.051 E10.28483
G1 X80.757 Y156.659 E10.30384
G1 X81.031 Y156.659 E10.30758
G1 X81.031 Y153.873 E10.34563
G1 X81.043 Y157.779 E10.39898
G1 X81.328 Y157.508 E10.40435
G1 X81.328 Y153.873 E10.454
G1 X81.614 Y153.873 E10.45791
G1 X81.614 Y157.236 E10.50385
G1 X81.899 Y156.965 E10.50922
G1 X81.899 Y153.873 E10.55145
G1 X82.185 Y153.873 E10.55536
G1 X82.185 Y156.693 E10.59388
G1 X82.471 Y156.421 E10.59927
G1 X82.471 Y153.873 E10.63407
G1 X82.756 Y153.873 E10.63796
G1 X82.756 Y156.15 E10.66906
G1 X83.042 Y155.878 E10.67445
G1 X83.042 Y153.873 E10.70184
G1 X83.328 Y153.873 E10.70575
G1 X83.328 Y155.607 E10.72943
G1 X83.613 Y155.335 E10.73481
G1 X83.613 Y153.873 E10.75478
G1 X83.817 Y153.873 E10.75757
G1 X83.817 Y151.088 E10.79561
G1 X83.899 Y151.088 E10.79673
G1 X83.899 Y155.063 E10.85102
G1 X84.184 Y154.792 E10.85639
G1 X84.184 Y151.088 E10.90698
G1 X84.47 Y151.088 E10.91089
G1 X84.47 Y154.52 E10.95777
G1 X84.756 Y154.249 E10.96315
G1 X84.756 Y151.088 E11.00633
G1 X85.041 Y151.088 E11.01022
G1 X85.041 Y153.977 E11.04968
G1 X85.327 Y153.706 E11.05506
G1 X85.327 Y151.088 E11.09082
G1 X85.612 Y151.088 E11.09471
G1 X85.612 Y153.434 E11.12675
G1 X85.898 Y153.162 E11.13214
G1 X85.898 Y151.088 E11.16047
G1 X86.184 Y151.088 E11.16438
G1 X86.184 Y152.891 E11.18901
G1 X86.469 Y152.619 E11.19439
G1 X86.469 Y151.088 E11.2153
G1 X86.602 Y151.088 E11.21712
G1 X86.602 Y148.302 E11.25517
G1 X86.755 Y148.302 E11.25726
G1 X86.755 Y152.348 E11.31252
G1 X87.041 Y152.076 E11.31791
G1 X87.041 Y148.302 E11.36946
G1 X87.326 Y148.302 E11.37335
G1 X87.326 Y151.804 E11.42118
G1 X87.612 Y151.533 E11.42656
G1 X87.612 Y148.302 E11.47069
G1 X87.897 Y148.302 E11.47458
G1 X87.897 Y151.261 E11.515
G1 X88.183 Y150.99 E11.52038
G1 X88.183 Y148.302 E11.5571
G1 X88.469 Y148.302 E11.56101
G1 X88.469 Y150.718 E11.59401
G1 X88.754 Y150.447 E11.59938
G1 X88.754 Y148.302 E11.62868
G1 X89.04 Y148.302 E11.63259
G1 X89.04 Y150.175 E11.65817
G1 X89.326 Y149.903 E11.66356
G1 X89.388 Y145.517 E11.72347
G1 X89.611 Y145.517 E11.72652
G1 X89.611 Y149.632 E11.78273
G1 X89.897 Y149.36 E11.78812
G1 X89.897 Y145.517 E11.84061
G1 X90.182 Y145.517 E11.8445
G1 X90.182 Y149.089 E11.89329
G1 X90.468 Y148.817 E11.89868
G1 X90.468 Y145.517 E11.94376
G1 X90.754 Y145.517 E11.94767
G1 X90.754 Y148.546 E11.98904
G1 X91.039 Y148.274 E11.99442
G1 X91.039 Y145.517 E12.03208
G1 X91.325 Y145.517 E12.03599
G1 X91.325 Y148.002 E12.06993
G1 X91.61 Y147.731 E12.0753
G1 X91.61 Y145.517 E12.10554
G1 X91.896 Y145.517 E12.10945
G1 X91.896 Y147.459 E12.13598
G1 X92.182 Y147.188 E12.14136
G1 X92.182 Y142.731 E12.20224
G1 X92.467 Y142.731 E12.20613
G1 X92.467 Y146.916 E12.26329
G1 X92.753 Y146.644 E12.26868
G1 X92.753 Y142.731 E12.32213
G1 X93.039 Y142.731 E12.32604
G1 X93.039 Y146.373 E12.37579
G1 X93.324 Y146.101 E12.38117
G1 X93.324 Y142.731 E12.4272
G1 X93.61 Y142.731 E12.43111
G1 X93.61 Y145.83 E12.47344
G1 X93.895 Y145.558 E12.47882
G1 X93.895 Y142.731 E12.51743
G1 X94.181 Y142.731 E12.52134
G1 X94.181 Y145.287 E12.55625
G1 X94.467 Y145.015 E12.56164
G1 X94.467 Y142.731 E12.59284
G1 X94.752 Y142.731 E12.59673
G1 X94.752 Y144.743 E12.62421
G1 X95.038 Y144.472 E12.62959
G1 X95.038 Y139.945 E12.69142
G1 X95.324 Y139.945 E12.69533
G1 X95.324 Y144.2 E12.75345
G1 X95.609 Y143.929 E12.75882
G1 X95.609 Y139.945 E12.81324
G1 X95.895 Y139.945 E12.81715
G1 X95.895 Y143.657 E12.86785
G1 X96.18 Y143.385 E12.87323
G1 X96.18 Y139.945 E12.92022
G1 X96.466 Y139.945 E12.92413
G1 X96.466 Y143.114 E12.96742
G1 X96.752 Y142.842 E12.97281
G1 X96.752 Y139.945 E13.01238
G1 X97.037 Y139.945 E13.01627
G1 X97.037 Y142.571 E13.05214
G1 X97.323 Y142.299 E13.05753
G1 X97.323 Y139.945 E13.08968
G1 X97.608 Y139.945 E13.09357
G1 X97.608 Y142.028 E13.12202
G1 X97.894 Y141.756 E13.12741
G1 X97.894 Y137.16 E13.19019
G1 X98.18 Y137.16 E13.1941
G1 X98.18 Y141.484 E13.25316
G1 X98.465 Y141.213 E13.25853
G1 X98.465 Y137.16 E13.31389
G1 X98.751 Y137.16 E13.3178
G1 X98.751 Y140.941 E13.36945
G1 X99.037 Y140.67 E13.37483
G1 X99.037 Y137.16 E13.42277
G1 X99.322 Y137.16 E13.42666
G1 X99.322 Y140.398 E13.47089
G1 X99.608 Y140.127 E13.47627
G1 X99.608 Y137.16 E13.5168
G1 X99.893 Y137.16 E13.52069
G1 X99.893 Y139.855 E13.5575
G1 X100.179 Y139.583 E13.56289
G1 X100.179 Y137.16 E13.59599
G1 X100.465 Y137.16 E13.5999
G1 X100.465 Y139.312 E13.62929
G1 X100.75 Y139.04 E13.63467
G1 X100.75 Y134.374 E13.6984
G1 X101.036 Y134.374 E13.70231
G1 X101.036 Y138.769 E13.76234
G1 X101.322 Y138.497 E13.76773
G1 X101.322 Y134.374 E13.82405
G1 X101.607 Y134.374 E13.82794
G1 X101.607 Y138.225 E13.88054
G1 X101.893 Y137.954 E13.88592
G1 X101.893 Y134.374 E13.93482
G1 X102.178 Y134.374 E13.93871
G1 X102.178 Y137.682 E13.98389
G1 X102.464 Y137.411 E13.98927
G1 X102.464 Y134.374 E14.03075
G1 X102.75 Y134.374 E14.03466
G1 X102.75 Y137.139 E14.07243
G1 X103.035 Y136.868 E14.0778
G1 X103.035 Y134.374 E14.11187
G1 X103.316 Y134.374 E14.11571
G1 X103.316 Y131.588 E14.15376
G1 X103.321 Y136.596 E14.22216
G1 X103.606 Y136.324 E14.22754
G1 X103.606 Y131.588 E14.29223
G1 X103.892 Y131.588 E14.29614
G1 X103.892 Y136.053 E14.35713
G1 X104.178 Y135.781 E14.36252
G1 X104.178 Y131.588 E14.41979
G1 X104.463 Y131.588 E14.42368
G1 X104.463 Y135.51 E14.47725
G1 X104.749 Y135.238 E14.48264
G1 X104.749 Y131.588 E14.5325
G1 X105.035 Y131.588 E14.53641
G1 X105.035 Y134.966 E14.58255
G1 X105.32 Y134.695 E14.58792
G1 X105.32 Y131.588 E14.63036
G1 X105.606 Y131.588 E14.63427
G1 X105.606 Y134.423 E14.67299
G1 X105.891 Y134.152 E14.67836
G1 X105.891 Y131.588 E14.71338
G1 X106.102 Y131.588 E14.71626
G1 X106.102 Y128.803 E14.7543
G1 X106.177 Y128.803 E14.75532
G1 X106.177 Y133.88 E14.82467
G1 X106.463 Y133.609 E14.83005
G1 X106.463 Y128.803 E14.8957
G1 X106.748 Y128.803 E14.89959
G1 X106.748 Y133.337 E14.96152
G1 X107.034 Y133.065 E14.96691
G1 X107.034 Y128.803 E15.02513
G1 X107.32 Y128.803 E15.02904
G1 X107.32 Y132.794 E15.08355
G1 X107.605 Y132.522 E15.08893
G1 X107.605 Y128.803 E15.13973
G1 X107.891 Y128.803 E15.14364
G1 X107.891 Y132.251 E15.19074
G1 X108.176 Y131.979 E15.19612
G1 X108.176 Y128.803 E15.2395
G1 X108.462 Y128.803 E15.24341
G1 X108.462 Y131.708 E15.28309
G1 X108.748 Y131.436 E15.28848
G1 X108.748 Y128.803 E15.32444
G1 X108.887 Y128.803 E15.32634
G1 X108.887 Y126.017 E15.36439
G1 X109.033 Y126.017 E15.36638
G1 X109.033 Y131.164 E15.43668
G1 X109.319 Y130.893 E15.44206
G1 X109.319 Y126.017 E15.50866
G1 X109.604 Y126.017 E15.51255
G1 X109.604 Y130.621 E15.57544
G1 X109.89 Y130.35 E15.58082
G1 X109.89 Y126.017 E15.64
G1 X110.176 Y126.017 E15.64391
G1 X110.176 Y130.078 E15.69938
G1 X110.461 Y129.806 E15.70476
G1 X110.461 Y126.017 E15.75651
G1 X110.747 Y126.017 E15.76042
G1 X110.747 Y129.535 E15.80847
G1 X111.033 Y129.263 E15.81386
G1 X111.033 Y126.017 E15.8582
G1 X111.318 Y126.017 E15.86209
G1 X111.318 Y128.992 E15.90273
G1 X111.604 Y128.72 E15.90812
G1 X111.673 Y123.232 E15.98309
G1 X111.889 Y123.232 E15.98604
G1 X111.889 Y128.449 E16.0573
G1 X112.175 Y128.177 E16.06269
G1 X112.175 Y123.232 E16.13023
G1 X112.461 Y123.232 E16.13414
G1 X112.461 Y127.905 E16.19797
G1 X112.746 Y127.634 E16.20334
G1 X112.746 Y123.232 E16.26347
G1 X113.032 Y123.232 E16.26738
G1 X113.032 Y127.362 E16.32379
G1 X113.318 Y127.091 E16.32917
G1 X113.318 Y123.232 E16.38188
G1 X113.603 Y123.232 E16.38577
G1 X113.603 Y126.819 E16.43477
G1 X113.889 Y126.547 E16.44016
G1 X113.889 Y123.232 E16.48544
G1 X114.174 Y123.232 E16.48933
G1 X114.174 Y126.276 E16.53091
G1 X114.46 Y126.004 E16.5363
G1 X114.46 Y123.232 E16.57416
G1 X114.746 Y123.232 E16.57807
G1 X114.746 Y125.733 E16.61223
G1 X115.031 Y125.461 E16.61761
G1 X115.031 Y123.232 E16.64806
G1 X115.317 Y123.232 E16.65197
G1 X115.317 Y125.19 E16.67871
G1 X115.602 Y124.918 E16.68409
G1 X115.602 Y123.232 E16.70712
G1 X115.888 Y123.232 E16.71103
G1 X115.888 Y124.646 E16.73034
G1 X116.174 Y124.375 E16.73572
G1 X116.174 Y123.232 E16.75133
G1 X116.459 Y123.232 E16.75522
G1 X116.459 Y124.103 E16.76712
G1 X116.745 Y123.832 E16.7725
G1 X116.745 Y123.232 E16.7807
G1 X117.031 Y123.232 E16.78461
G1 X117.031 Y123.56 E16.78909
G1 X117.316 Y123.289 E16.79446
G1 X117.316 Y120.446 E16.83329
G1 X117.602 Y120.446 E16.8372
G1 X117.602 Y123.017 E16.87232
G1 X117.887 Y122.745 E16.8777
G1 X117.887 Y120.446 E16.9091
G1 X118.173 Y120.446 E16.91301
G1 X118.173 Y122.474 E16.94071
G1 X118.459 Y122.202 E16.9461
G1 X118.459 Y120.446 E16.97009
G1 X118.744 Y120.446 E16.97398
G1 X118.744 Y121.931 E16.99426
G1 X119.03 Y121.659 E16.99965
G1 X119.03 Y120.446 E17.01622
G1 X119.316 Y120.446 E17.02013
G1 X119.316 Y121.387 E17.03298
G1 X119.601 Y121.116 E17.03835
G1 X119.601 Y120.446 E17.0475
G1 X119.887 Y120.446 E17.05141
G1 X119.887 Y120.844 E17.05685
G1 X120.172 Y120.573 E17.06222
G1 X120.172 Y117.66 E17.10201
G1 X120.458 Y117.66 E17.10592
G1 X120.458 Y120.301 E17.14199
G1 X120.744 Y120.03 E17.14737
G1 X120.744 Y117.66 E17.17974
G1 X121.029 Y117.66 E17.18363
G1 X121.029 Y119.758 E17.21229
G1 X121.315 Y119.486 E17.21768
G1 X121.315 Y117.66 E17.24262
G1 X121.6 Y117.66 E17.24651
G1 X121.6 Y119.215 E17.26775
G1 X121.886 Y118.943 E17.27314
G1 X121.886 Y117.66 E17.29066
G1 X122.172 Y117.66 E17.29457
G1 X122.172 Y118.672 E17.30839
G1 X122.457 Y118.4 E17.31377
G1 X122.457 Y117.66 E17.32388
G1 X122.743 Y117.66 E17.32779
G1 X122.743 Y118.128 E17.33418
G1 X123.029 Y117.857 E17.33956
G1 X123.029 Y114.875 E17.38029
G1 X123.314 Y114.875 E17.38418
G1 X123.314 Y117.585 E17.4212
G1 X123.6 Y117.314 E17.42658
G1 X123.6 Y114.875 E17.45989
G1 X123.885 Y114.875 E17.46378
G1 X123.885 Y117.042 E17.49338
G1 X124.171 Y116.771 E17.49876
G1 X124.171 Y114.875 E17.52466
G1 X124.457 Y114.875 E17.52857
G1 X124.457 Y116.499 E17.55075
G1 X124.742 Y116.227 E17.55613
G1 X124.742 Y114.875 E17.5746
G1 X125.028 Y114.875 E17.57851
G1 X125.028 Y115.956 E17.59328
G1 X125.314 Y115.684 E17.59867
G1 X125.314 Y114.875 E17.60972
G1 X125.599 Y114.875 E17.61361
G1 X125.599 Y115.413 E17.62096
G1 X125.885 Y115.141 E17.62635
G1 X125.885 Y112.089 E17.66804
G1 X126.17 Y112.089 E17.67193
G1 X126.17 Y114.87 E17.70992
G1 X126.456 Y114.598 E17.71531
G1 X126.456 Y112.089 E17.74958
G1 X126.742 Y112.089 E17.75349
G1 X126.742 Y114.326 E17.78405
G1 X127.027 Y114.055 E17.78942
G1 X127.027 Y112.089 E17.81627
G1 X127.313 Y112.089 E17.82018
G1 X127.313 Y113.783 E17.84332
G1 X127.598 Y113.512 E17.84869
G1 X127.598 Y112.089 E17.86813
G1 X127.884 Y112.089 E17.87204
G1 X127.884 Y113.24 E17.88776
G1 X128.17 Y112.968 E17.89315
G1 X128.17 Y112.089 E17.90516
G1 X128.386 Y112.089 E17.90811
G1 X128.386 Y109.304 E17.94615
G1 X128.455 Y109.304 E17.94709
G1 X128.455 Y112.697 E17.99344
G1 X128.741 Y112.425 E17.99883
G1 X128.741 Y109.304 E18.04146
G1 X129.027 Y109.304 E18.04537
G1 X129.027 Y112.154 E18.0843
G1 X129.312 Y111.882 E18.08968
G1 X129.312 Y109.304 E18.12489
G1 X129.598 Y109.304 E18.1288
G1 X129.598 Y111.611 E18.16031
G1 X129.883 Y111.339 E18.16569
G1 X129.883 Y109.304 E18.19349
G1 X130.169 Y109.304 E18.1974
G1 X130.169 Y111.067 E18.22148
G1 X130.455 Y110.796 E18.22686
G1 X130.455 Y109.304 E18.24724
G1 X130.74 Y109.304 E18.25113
G1 X130.74 Y110.524 E18.26779
G1 X131.026 Y110.253 E18.27317
G1 X131.026 Y109.304 E18.28613
G1 X131.172 Y109.304 E18.28812
G1 X131.172 Y106.518 E18.32617
G1 X131.312 Y106.518 E18.32808
G1 X131.312 Y109.981 E18.37538
G1 X131.597 Y109.709 E18.38076
G1 X131.597 Y106.518 E18.42435
G1 X131.883 Y106.518 E18.42826
G1 X131.883 Y109.438 E18.46814
G1 X132.168 Y109.166 E18.47352
G1 X132.168 Y106.518 E18.50969
G1 X132.454 Y106.518 E18.5136
G1 X132.454 Y108.895 E18.54607
G1 X132.74 Y108.623 E18.55146
G1 X132.74 Y106.518 E18.58021
G1 X133.025 Y106.518 E18.5841
G1 X133.025 Y108.352 E18.60915
G1 X133.311 Y108.08 E18.61454
G1 X133.311 Y106.518 E18.63588
G1 X133.596 Y106.518 E18.63977
G1 X133.596 Y107.808 E18.65739
G1 X133.882 Y107.537 E18.66277
G1 X133.882 Y106.518 E18.67669
G1 X133.958 Y106.518 E18.67773
G1 X133.958 Y103.732 E18.71578
G1 X134.168 Y103.732 E18.71865
G1 X134.168 Y107.265 E18.76691
G1 X134.453 Y106.994 E18.77228
G1 X134.453 Y103.732 E18.81684
G1 X134.739 Y103.732 E18.82075
G1 X134.739 Y106.722 E18.86159
G1 X135.025 Y106.451 E18.86697
G1 X135.025 Y103.732 E18.90411
G1 X135.31 Y103.732 E18.908
G1 X135.31 Y106.179 E18.94142
G1 X135.596 Y105.907 E18.94681
G1 X135.596 Y103.732 E18.97652
G1 X135.881 Y103.732 E18.98041
G1 X135.881 Y105.636 E19.00642
G1 X136.167 Y105.364 E19.01181
G1 X136.167 Y103.732 E19.0341
G1 X136.453 Y103.732 E19.03801
G1 X136.453 Y105.093 E19.0566
G1 X136.738 Y104.821 E19.06198
G1 X136.743 Y100.947 E19.1149
G1 X137.024 Y100.947 E19.11874
G1 X137.024 Y104.549 E19.16794
G1 X137.31 Y104.278 E19.17332
G1 X137.31 Y100.947 E19.21882
G1 X137.595 Y100.947 E19.22271
G1 X137.595 Y104.006 E19.26449
G1 X137.881 Y103.735 E19.26987
G1 X137.881 Y100.947 E19.30795
G1 X138.166 Y100.947 E19.31184
G1 X138.166 Y103.463 E19.34621
G1 X138.452 Y103.192 E19.35159
G1 X138.452 Y100.947 E19.38225
G1 X138.738 Y100.947 E19.38616
G1 X138.738 Y102.92 E19.41311
G1 X139.023 Y102.648 E19.41849
G1 X139.023 Y100.947 E19.44172
G1 X139.309 Y100.947 E19.44563
G1 X139.309 Y102.377 E19.46516
G1 X139.594 Y102.105 E19.47054
G1 X139.594 Y98.161 E19.52441
G1 X139.88 Y98.161 E19.52832
G1 X139.88 Y101.834 E19.57849
G1 X140.166 Y101.562 E19.58388
G1 X140.166 Y98.161 E19.63033
G1 X140.451 Y98.161 E19.63422
G1 X140.451 Y101.29 E19.67696
G1 X140.737 Y101.019 E19.68234
G1 X140.737 Y98.161 E19.72138
G1 X141.023 Y98.161 E19.72529
G1 X141.023 Y100.747 E19.76061
G1 X141.308 Y100.476 E19.76598
G1 X141.308 Y98.161 E19.7976
G1 X141.594 Y98.161 E19.80151
G1 X141.594 Y100.204 E19.82942
G1 X141.879 Y99.933 E19.83479
G1 X141.879 Y98.161 E19.85899
G1 X142.165 Y98.161 E19.8629
G1 X142.165 Y99.661 E19.88339
G1 X142.451 Y99.389 E19.88878
G1 X142.451 Y95.375 E19.94361
G1 X142.736 Y95.375 E19.9475
G1 X142.736 Y99.118 E19.99863
G1 X143.022 Y98.846 E20.00402
G1 X143.022 Y95.375 E20.05143
G1 X143.308 Y95.375 E20.05534
G1 X143.308 Y98.575 E20.09905
G1 X143.593 Y98.303 E20.10443
G1 X143.593 Y95.375 E20.14442
G1 X143.879 Y95.375 E20.14833
G1 X143.879 Y98.032 E20.18462
G1 X144.164 Y97.76 E20.19
G1 X144.164 Y95.375 E20.22258
G1 X144.45 Y95.375 E20.22649
G1 X144.45 Y97.488 E20.25535
G1 X144.736 Y97.217 E20.26073
G1 X144.736 Y95.375 E20.28589
G1 X145.021 Y95.375 E20.28978
G1 X145.021 Y96.945 E20.31122
G1 X145.307 Y96.674 E20.3166
G1 X145.307 Y92.59 E20.37238
G1 X145.592 Y92.59 E20.37627
G1 X145.592 Y96.402 E20.42834
G1 X145.878 Y96.13 E20.43373
G1 X145.878 Y92.59 E20.48208
G1 X146.164 Y92.59 E20.48599
G1 X146.164 Y95.859 E20.53064
G1 X146.449 Y95.587 E20.53602
G1 X146.449 Y92.59 E20.57696
G1 X146.735 Y92.59 E20.58087
G1 X146.735 Y95.316 E20.6181
G1 X147.021 Y95.044 E20.62349
G1 X147.021 Y92.59 E20.65701
G1 X147.306 Y92.59 E20.6609
G1 X147.306 Y94.773 E20.69072
G1 X147.592 Y94.501 E20.69611
G1 X147.592 Y92.59 E20.72221
G1 X147.877 Y92.59 E20.7261
G1 X147.877 Y94.229 E20.74849
G1 X148.163 Y93.958 E20.75387
G1 X148.163 Y89.804 E20.81061
G1 X148.449 Y89.804 E20.81452
G1 X148.449 Y93.686 E20.86754
G1 X148.734 Y93.415 E20.87291
G1 X148.734 Y89.804 E20.92223
G1 X149.02 Y89.804 E20.92614
G1 X149.02 Y93.143 E20.97175
G1 X149.306 Y92.871 E20.97714
G1 X149.306 Y89.804 E21.01903
G1 X149.591 Y89.804 E21.02292
G1 X149.591 Y92.6 E21.06111
G1 X149.877 Y92.328 E21.0665
G1 X149.877 Y89.804 E21.10098
G1 X150.162 Y89.804 E21.10487
G1 X150.162 Y92.057 E21.13564
G1 X150.448 Y91.785 E21.14103
G1 X150.448 Y89.804 E21.16809
G1 X150.671 Y89.804 E21.17114
G1 X150.671 Y87.019 E21.20918
G1 X150.734 Y87.019 E21.21004
G1 X150.734 Y91.514 E21.27144
G1 X151.019 Y91.242 E21.27682
G1 X151.019 Y87.019 E21.3345
G1 X151.305 Y87.019 E21.33841
G1 X151.305 Y90.97 E21.39238
G1 X151.59 Y90.699 E21.39775
G1 X151.59 Y87.019 E21.44802
G1 X151.876 Y87.019 E21.45193
G1 X151.876 Y90.427 E21.49848
G1 X152.162 Y90.156 E21.50386
G1 X152.162 Y87.019 E21.54671
G1 X152.447 Y87.019 E21.5506
G1 X152.447 Y89.884 E21.58973
G1 X152.733 Y89.613 E21.59511
G1 X152.733 Y87.019 E21.63054
G1 X153.019 Y87.019 E21.63445
G1 X153.019 Y89.341 E21.66617
G1 X153.304 Y89.069 E21.67155
G1 X153.304 Y87.019 E21.69955
G1 X153.457 Y87.019 E21.70164
G1 X153.457 Y84.233 E21.73969
G1 X153.59 Y84.233 E21.74151
G1 X153.59 Y88.798 E21.80386
G1 X153.875 Y88.526 E21.80924
G1 X153.875 Y84.233 E21.86788
G1 X154.161 Y84.233 E21.87179
G1 X154.161 Y88.255 E21.92673
G1 X154.447 Y87.983 E21.93212
G1 X154.447 Y84.233 E21.98334
G1 X154.732 Y84.233 E21.98723
G1 X154.732 Y87.711 E22.03474
G1 X155.018 Y87.44 E22.04012
G1 X155.018 Y84.233 E22.08392
G1 X155.304 Y84.233 E22.08783
G1 X155.304 Y87.168 E22.12792
G1 X155.589 Y86.897 E22.13329
G1 X155.589 Y84.233 E22.16968
G1 X155.875 Y84.233 E22.17359
G1 X155.875 Y86.625 E22.20626
G1 X156.16 Y86.354 E22.21163
G1 X156.243 Y81.447 E22.27866
G1 X156.446 Y81.447 E22.28143
G1 X156.446 Y86.082 E22.34474
G1 X156.732 Y85.81 E22.35013
G1 X156.732 Y81.447 E22.40972
G1 X157.017 Y81.447 E22.41361
G1 X157.017 Y85.539 E22.4695
G1 X157.303 Y85.267 E22.47489
G1 X157.303 Y81.447 E22.52707
G1 X157.588 Y81.447 E22.53096
G1 X157.588 Y84.996 E22.57944
G1 X157.874 Y84.724 E22.58483
G1 X157.874 Y81.447 E22.62959
G1 X158.16 Y81.447 E22.6335
G1 X158.16 Y84.452 E22.67455
G1 X158.445 Y84.181 E22.67992
G1 X158.445 Y81.447 E22.71726
G1 X158.731 Y81.447 E22.72117
G1 X158.731 Y83.909 E22.7548
G1 X159.017 Y83.638 E22.76018
G1 X159.028 Y78.662 E22.82815
G1 X159.302 Y78.662 E22.83189
G1 X159.302 Y83.366 E22.89614
G1 X159.588 Y83.095 E22.90152
G1 X159.588 Y78.662 E22.96207
G1 X159.873 Y78.662 E22.96596
G1 X159.873 Y82.823 E23.0228
G1 X160.159 Y82.551 E23.02819
G1 X160.159 Y78.662 E23.08131
G1 X160.445 Y78.662 E23.08522
G1 X160.445 Y82.28 E23.13464
G1 X160.73 Y82.008 E23.14002
G1 X160.73 Y78.662 E23.18572
G1 X161.016 Y78.662 E23.18963
G1 X161.016 Y81.737 E23.23163
G1 X161.302 Y81.465 E23.23702
G1 X161.302 Y78.662 E23.27531
G1 X161.587 Y78.662 E23.2792
G1 X161.587 Y81.194 E23.31378
G1 X161.873 Y80.922 E23.31917
G1 X161.873 Y75.876 E23.38809
G1 X162.158 Y75.876 E23.39198
G1 X162.158 Y80.65 E23.45719
G1 X162.444 Y80.379 E23.46257
G1 X162.444 Y75.876 E23.52408
G1 X162.73 Y75.876 E23.52799
G1 X162.73 Y80.107 E23.58578
G1 X163.015 Y79.836 E23.59115
G1 X163.015 Y75.876 E23.64524
G1 X163.301 Y75.876 E23.64915
G1 X163.301 Y79.564 E23.69952
G1 X163.586 Y79.292 E23.7049
G1 X163.586 Y75.876 E23.75156
G1 X163.872 Y75.876 E23.75547
G1 X163.872 Y79.021 E23.79843
G1 X164.158 Y78.749 E23.80382
G1 X164.158 Y75.876 E23.84306
G1 X164.443 Y75.876 E23.84695
G1 X164.443 Y78.478 E23.88249
G1 X164.729 Y78.206 E23.88788
G1 X164.729 Y73.09 E23.95776
G1 X165.015 Y73.09 E23.96167
G1 X165.015 Y77.935 E24.02785
G1 X165.3 Y77.663 E24.03323
G1 X165.3 Y73.09 E24.09569
G1 X165.586 Y73.09 E24.0996
G1 X165.586 Y77.391 E24.15835
G1 X165.871 Y77.12 E24.16372
G1 X165.871 Y73.09 E24.21877
G1 X166.157 Y73.09 E24.22268
G1 X166.157 Y76.848 E24.27401
G1 X166.443 Y76.577 E24.27939
G1 X166.443 Y73.09 E24.32702
G1 X166.728 Y73.09 E24.33091
G1 X166.728 Y76.305 E24.37482
G1 X167.014 Y76.033 E24.38021
G1 X167.014 Y73.09 E24.42041
G1 X167.3 Y73.09 E24.42432
G1 X167.3 Y75.762 E24.46082
G1 X167.585 Y75.49 E24.4662
G1 X167.585 Y70.305 E24.53702
G1 X167.871 Y70.305 E24.54093
G1 X167.871 Y75.219 E24.60805
G1 X168.156 Y74.947 E24.61343
G1 X168.156 Y70.305 E24.67684
G1 X168.442 Y70.305 E24.68075
G1 X168.442 Y74.676 E24.74045
G1 X168.728 Y74.404 E24.74584
G1 X168.728 Y70.305 E24.80183
G1 X169.013 Y70.305 E24.80572
G1 X169.013 Y74.132 E24.85799
G1 X169.299 Y73.861 E24.86337
G1 X169.299 Y70.305 E24.91194
G1 X169.584 Y70.305 E24.91583
G1 X169.584 Y73.589 E24.96069
G1 X169.87 Y73.318 E24.96607
G1 X169.87 Y70.305 E25.00722
G1 X170.156 Y70.305 E25.01113
G1 X170.156 Y73.046 E25.04857
G1 X170.441 Y72.775 E25.05394
G1 X170.441 Y70.305 E25.08768
G1 X170.727 Y70.305 E25.09159
G1 X170.727 Y72.503 E25.12161
G1 X171.013 Y72.231 E25.127
G1 X171.013 Y70.305 E25.15331
G1 X171.298 Y70.305 E25.1572
G1 X171.298 Y71.96 E25.17981
G1 X171.584 Y71.688 E25.1852
G1 X171.584 Y70.305 E25.20409
G1 X171.869 Y70.305 E25.20798
G1 X171.869 Y71.417 E25.22317
G1 X172.155 Y71.145 E25.22856
G1 X172.155 Y70.305 E25.24003
G1 X172.441 Y70.305 E25.24394
G1 X172.441 Y70.873 E25.2517
G1 X172.726 Y70.602 E25.25707
G1 X172.726 Y70.305 E25.26113
G1 X172.956 Y70.305 E25.26427
G1 X172.956 Y67.519 E25.30232
G1 X173.012 Y67.519 E25.30308
G1 X173.012 Y70.33 E25.34148
G1 X173.298 Y70.059 E25.34686
G1 X173.298 Y67.519 E25.38155
G1 X173.583 Y67.519 E25.38544
G1 X173.583 Y69.787 E25.41642
G1 X173.869 Y69.516 E25.4218
G1 X173.869 Y67.519 E25.44908
G1 X174.154 Y67.519 E25.45297
G1 X174.154 Y69.244 E25.47653
G1 X174.44 Y68.972 E25.48192
G1 X174.44 Y67.519 E25.50177
G1 X174.726 Y67.519 E25.50568
G1 X174.726 Y68.701 E25.52183
G1 X175.011 Y68.429 E25.52721
G1 X175.011 Y67.519 E25.53964
G1 X175.297 Y67.519 E25.54355
G1 X175.297 Y68.158 E25.55228
G1 X175.582 Y67.886 E25.55766
G1 X175.582 Y67.519 E25.56267
G1 X175.742 Y67.519 E25.56486
G1 X175.742 Y64.734 E25.6029
G1 X175.868 Y64.734 E25.60462
G1 X175.868 Y67.614 E25.64396
G1 X176.154 Y67.343 E25.64934
G1 X176.154 Y64.734 E25.68498
G1 X176.439 Y64.734 E25.68887
G1 X176.439 Y67.071 E25.72079
G1 X176.725 Y66.8 E25.72617
G1 X176.725 Y64.734 E25.75439
G1 X177.011 Y64.734 E25.7583
G1 X177.011 Y66.528 E25.7828
G1 X177.296 Y66.257 E25.78817
G1 X177.296 Y64.734 E25.80897
G1 X177.582 Y64.734 E25.81288
G1 X177.582 Y65.985 E25.82997
G1 X177.867 Y65.713 E25.83535
G1 X177.867 Y64.734 E25.84872
G1 X178.153 Y64.734 E25.85263
G1 X178.153 Y65.442 E25.8623
G1 X178.439 Y65.17 E25.86769
G1 X178.439 Y64.734 E25.87365
G1 X178.528 Y64.734 E25.87487
G1 X178.528 Y61.948 E25.91292
G1 X178.724 Y61.948 E25.9156
G1 X178.724 Y64.899 E25.95591
G1 X179.01 Y64.627 E25.9613
G1 X179.01 Y61.948 E25.99789
G1 X179.296 Y61.948 E26.0018
G1 X179.296 Y64.356 E26.03469
G1 X179.581 Y64.084 E26.04007
G1 X179.581 Y61.948 E26.06925
G1 X179.867 Y61.948 E26.07316
G1 X179.867 Y63.812 E26.09862
G1 X180.152 Y63.541 E26.10399
G1 X180.152 Y61.948 E26.12575
G1 X180.438 Y61.948 E26.12966
G1 X180.438 Y63.269 E26.1477
G1 X180.724 Y62.998 E26.15308
G1 X180.724 Y61.948 E26.16742
G1 X181.009 Y61.948 E26.17131
G1 X181.009 Y62.726 E26.18194
G1 X181.295 Y62.454 E26.18733
G1 X181.313 Y59.162 E26.2323
G1 X181.58 Y59.162 E26.23595
G1 X181.58 Y62.183 E26.27721
G1 X181.866 Y61.911 E26.2826
G1 X181.866 Y59.162 E26.32015
G1 X182.152 Y59.162 E26.32406
G1 X182.152 Y61.64 E26.35791
G1 X182.437 Y61.368 E26.36329
G1 X182.437 Y59.162 E26.39342
G1 X182.723 Y59.162 E26.39733
G1 X182.723 Y61.097 E26.42376
G1 X183.009 Y60.825 E26.42915
G1 X183.009 Y59.162 E26.45187
G1 X183.294 Y59.162 E26.45576
G1 X183.294 Y60.553 E26.47476
G1 X183.58 Y60.282 E26.48014
G1 X183.58 Y59.162 E26.49544
G1 X183.865 Y59.162 E26.49933
G1 X183.865 Y60.01 E26.51091
G1 X184.151 Y59.739 E26.51629
G1 X184.151 Y56.377 E26.56221
G1 X184.437 Y56.377 E26.56612
G1 X184.437 Y59.467 E26.60833
G1 X184.722 Y59.195 E26.61371
G1 X184.722 Y56.377 E26.6522
G1 X185.008 Y56.377 E26.65611
G1 X185.008 Y58.924 E26.6909
G1 X185.294 Y58.652 E26.69629
G1 X185.294 Y56.377 E26.72736
G1 X185.579 Y56.377 E26.73125
G1 X185.579 Y58.381 E26.75862
G1 X185.865 Y58.109 E26.76401
G1 X185.865 Y56.377 E26.78767
G1 X186.15 Y56.377 E26.79156
G1 X186.15 Y57.838 E26.81152
G1 X186.436 Y57.566 E26.81691
G1 X186.436 Y56.377 E26.83315
G1 X186.722 Y56.377 E26.83706
G1 X186.722 Y57.294 E26.84959
G1 X187.007 Y57.023 E26.85496
G1 X187.007 Y53.591 E26.90184
G1 X187.293 Y53.591 E26.90575
G1 X187.293 Y56.751 E26.94891
G1 X187.578 Y56.48 E26.95428
G1 X187.578 Y53.591 E26.99374
G1 X187.864 Y53.591 E26.99765
G1 X187.864 Y56.208 E27.0334
G1 X188.15 Y55.937 E27.03878
G1 X188.15 Y53.591 E27.07082
G1 X188.435 Y53.591 E27.07471
G1 X188.435 Y55.665 E27.10304
G1 X188.721 Y55.393 E27.10843
G1 X188.721 Y53.591 E27.13304
G1 X189.007 Y53.591 E27.13695
G1 X189.007 Y55.122 E27.15786
G1 X189.292 Y54.85 E27.16324
G1 X189.292 Y53.591 E27.18044
G1 X189.578 Y53.591 E27.18435
G1 X189.578 Y54.579 E27.19785
G1 X189.863 Y54.307 E27.20323
G1 X189.863 Y50.806 E27.25105
G1 X190.149 Y50.806 E27.25496
G1 X190.149 Y54.035 E27.29907
G1 X190.435 Y53.764 E27.30445
G1 X190.435 Y50.806 E27.34485
G1 X190.72 Y50.806 E27.34874
G1 X190.72 Y53.492 E27.38543
G1 X191.006 Y53.221 E27.39081
G1 X191.006 Y50.806 E27.4238
G1 X191.292 Y50.806 E27.42771
G1 X191.292 Y52.949 E27.45698
G1 X191.577 Y52.678 E27.46235
G1 X191.577 Y50.806 E27.48792
G1 X191.863 Y50.806 E27.49183
G1 X191.863 Y52.406 E27.51368
G1 X192.148 Y52.134 E27.51906
G1 X192.148 Y50.806 E27.5372
G1 X192.434 Y50.806 E27.54111
G1 X192.434 Y51.863 E27.55555
G1 X192.72 Y51.591 E27.56094
G1 X192.72 Y48.02 E27.60972
G1 X193.005 Y48.02 E27.61361
G1 X193.005 Y51.32 E27.65869
G1 X193.291 Y51.048 E27.66408
G1 X193.291 Y48.02 E27.70544
G1 X193.576 Y48.02 E27.70933
G1 X193.576 Y50.776 E27.74697
G1 X193.862 Y50.505 E27.75235
G1 X193.862 Y48.02 E27.78629
G1 X194.148 Y48.02 E27.7902
G1 X194.148 Y50.233 E27.82043
G1 X194.433 Y49.962 E27.8258
G1 X194.433 Y48.02 E27.85233
G1 X194.719 Y48.02 E27.85624
G1 X194.719 Y49.69 E27.87905
G1 X195.005 Y49.419 E27.88443
G1 X195.005 Y48.02 E27.90354
G1 X195.241 Y48.02 E27.90676
G1 X195.241 Y45.234 E27.94481
G1 X195.29 Y49.147 E27.99826
G1 X195.576 Y48.875 E28.00365
G1 X195.576 Y45.234 E28.05338
G1 X195.861 Y45.234 E28.05727
G1 X195.861 Y48.604 E28.1033
G1 X196.147 Y48.332 E28.10869
G1 X196.147 Y45.234 E28.15101
G1 X196.433 Y45.234 E28.15492
G1 X196.433 Y48.061 E28.19353
G1 X196.718 Y47.789 E28.19891
G1 X196.718 Y45.234 E28.23381
G1 X197.004 Y45.234 E28.23772
G1 X197.004 Y47.518 E28.26892
G1 X197.29 Y47.246 E28.27431
G1 X197.29 Y45.234 E28.30179
G1 X197.575 Y45.234 E28.30568
G1 X197.575 Y46.974 E28.32945
G1 X197.861 Y46.703 E28.33483
G1 X197.861 Y45.234 E28.3549
G1 X198.027 Y45.234 E28.35717
G1 X198.027 Y42.449 E28.39521
G1 X198.146 Y42.449 E28.39684
G1 X198.146 Y46.431 E28.45123
G1 X198.432 Y46.16 E28.45661
G1 X198.432 Y42.449 E28.5073
G1 X198.718 Y42.449 E28.51121
G1 X198.718 Y45.888 E28.55818
G1 X199.003 Y45.616 E28.56356
G1 X199.003 Y42.449 E28.60682
G1 X199.289 Y42.449 E28.61073
G1 X199.289 Y45.345 E28.65029
G1 X199.574 Y45.073 E28.65567
G1 X199.574 Y42.449 E28.69151
G1 X199.86 Y42.449 E28.69542
G1 X199.86 Y44.802 E28.72756
G1 X200.146 Y44.53 E28.73295
G1 X200.146 Y42.449 E28.76137
G1 X200.431 Y42.449 E28.76526
G1 X200.431 Y44.259 E28.78998
G1 X200.717 Y43.987 E28.79537
G1 X200.717 Y42.449 E28.81638
G1 X200.813 Y42.449 E28.81769
G1 X200.813 Y39.663 E28.85574
G1 X201.003 Y39.663 E28.85834
G1 X201.003 Y43.715 E28.91369
G1 X201.288 Y43.444 E28.91906
G1 X201.288 Y39.663 E28.97071
G1 X201.574 Y39.663 E28.97462
G1 X201.574 Y43.172 E29.02255
G1 X201.859 Y42.901 E29.02792
G1 X201.859 Y39.663 E29.07215
G1 X202.145 Y39.663 E29.07606
G1 X202.145 Y42.629 E29.11657
G1 X202.431 Y42.357 E29.12196
G1 X202.431 Y39.663 E29.15876
G1 X202.716 Y39.663 E29.16265
G1 X202.716 Y42.086 E29.19575
G1 X203.002 Y41.814 E29.20114
G1 X203.002 Y39.663 E29.23052
G1 X203.288 Y39.663 E29.23443
G1 X203.288 Y41.543 E29.26011
G1 X203.573 Y41.271 E29.26549
G1 X203.598 Y36.877 E29.32551
G1 X203.859 Y36.877 E29.32908
G1 X203.859 Y41 E29.3854
G1 X204.144 Y40.728 E29.39078
G1 X204.144 Y36.877 E29.44338
G1 X204.43 Y36.877 E29.44729
G1 X204.43 Y40.456 E29.49618
G1 X204.716 Y40.185 E29.50156
G1 X204.716 Y36.877 E29.54674
G1 X205.001 Y36.877 E29.55063
G1 X205.001 Y39.913 E29.5921
G1 X205.287 Y39.642 E29.59748
G1 X205.287 Y36.877 E29.63525
G1 X205.572 Y36.877 E29.63914
G1 X205.572 Y39.37 E29.67319
G1 X205.858 Y39.099 E29.67857
G1 X205.858 Y36.877 E29.70892
G1 X206.144 Y36.877 E29.71283
G1 X206.144 Y38.827 E29.73947
G1 X206.429 Y38.555 E29.74485
G1 X206.429 Y34.092 E29.80581
G1 X206.715 Y34.092 E29.80972
G1 X206.715 Y38.284 E29.86698
G1 X207.001 Y38.012 E29.87237
G1 X207.001 Y34.092 E29.92591
G1 X207.286 Y34.092 E29.9298
G1 X207.286 Y37.741 E29.97964
G1 X207.572 Y37.469 E29.98503
G1 X207.572 Y34.092 E30.03116
G1 X207.857 Y34.092 E30.03505
G1 X207.857 Y37.197 E30.07746
G1 X208.143 Y36.926 E30.08284
G1 X208.143 Y34.092 E30.12155
G1 X208.429 Y34.092 E30.12546
G1 X208.429 Y36.654 E30.16045
G1 X208.714 Y36.383 E30.16582
G1 X208.714 Y34.092 E30.19711
G1 X209 Y34.092 E30.20102
G1 X209 Y36.111 E30.2286
G1 X209.286 Y35.84 E30.23398
G1 X209.286 Y34.092 E30.25786
G1 X209.571 Y34.092 E30.26175
G1 X209.571 Y35.67 E30.2833
G1 X209.771 Y35.675 E30.28603
G1 X209.857 Y35.765 E30.28773
G1 X209.857 Y34.092 E30.31058
G1 X210.142 Y34.092 E30.31447
G1 X210.142 Y36.066 E30.34143
G1 X210.428 Y36.366 E30.34709
G1 X210.428 Y34.092 E30.37815
G1 X210.714 Y34.092 E30.38206
G1 X210.714 Y36.666 E30.41722
G1 X210.999 Y36.967 E30.42288
G1 X210.999 Y34.092 E30.46215
G1 X211.285 Y34.092 E30.46606
G1 X211.285 Y37.267 E30.50943
G1 X211.57 Y37.567 E30.51508
G1 X211.57 Y34.092 E30.56255
G1 X211.856 Y34.092 E30.56646
G1 X211.856 Y38.054 E30.62058
;LAYER_CHANGE
;Z:0.65
;HEIGHT:0.2
G1 Z.65 F7800
G1 E28.62058 F2400
G92 E0
G1 X211.856 Y38.054 F7800
G92 E0
G1 X190.123 Y11.688
G1 E2 F2400
;TYPE:Perimeter
;WIDTH:0.45
;HEIGHT:0.3
G1 F3600
G1 X10.426 Y182.553 E13.92618
G1 X9.786 Y181.879 E13.97088
G1 X189.515 Y10.984 E25.89917
G1 X189.835 Y11.321 E25.92152
G1 X190.144 Y11.646 E25.94309
G1 X190.144 Y11.646 F7800
G1 X190.642 Y11.61
G1 F3600
G1 X190.7 Y11.671 E25.94714
G1 X10.412 Y183.098 E37.91254
G1 X9.241 Y181.866 E37.99429
G1 X189.529 Y10.439 E49.95969
G1 X190.114 Y11.055 E50.00055
G1 X190.601 Y11.567 E50.03454
G1 X190.601 Y11.567 F7800
G1 X190.922 Y11.345
;TYPE:External perimeter
G1 F1800
G1 X191.23 Y11.669 E50.05604
;TYPE:Overhang perimeter
;WIDTH:0.4
;HEIGHT:0.4
G1 F3600
G1 X191.245 Y11.685 E50.05719
G1 X10.398 Y183.643 E63.0949
G1 X10.383 Y183.627 E63.09605
;TYPE:External perimeter
;WIDTH:0.45
;HEIGHT:0.3
G1 F1800
G1 X8.711 Y181.868 E63.21277
;TYPE:Overhang perimeter
;WIDTH:0.4
;HEIGHT:0.4
G1 F3600
G1 X8.695 Y181.852 E63.21395
G1 X189.542 Y9.894 E76.25166
G1 X189.558 Y9.91 E76.25284
;TYPE:External perimeter
;WIDTH:0.45
;HEIGHT:0.3
G1 F1800
G1 X190.394 Y10.789 E76.31118
G1 X190.881 Y11.301 E76.34517
G1 X191.156 Y11.591 F7800
G1 X189.505 Y11.381
;TYPE:Solid infill
;WIDTH:0.432468
G1 F1200
G1 X189.759 Y11.647 E76.36206
G1 X10.436 Y182.156 E87.72232
G1 X10.182 Y181.889 E87.73924
G1 X189.365 Y11.513 E99.09063
G1 E97.09063 F2400
G92 E0
G1 X189.365 Y11.513 F7800
G92 E0
G1 X195.104 Y22.13
G1 E2 F2400
;TYPE:Perimeter
;WIDTH:0.45
G1 F3600
G1 X15.408 Y192.995 E13.92614
G1 X14.767 Y192.321 E13.97088
G1 X194.497 Y21.426 E25.8992
G1 X194.817 Y21.763 E25.92155
G1 X195.126 Y22.088 E25.94312
G1 X195.126 Y22.088 F7800
G1 X195.624 Y22.052
G1 F3600
G1 X195.682 Y22.113 E25.94717
G1 X15.394 Y193.54 E37.91257
G1 X14.222 Y192.308 E37.99435
G1 X194.51 Y20.881 E49.95975
G1 X195.096 Y21.497 E50.00064
G1 X195.583 Y22.009 E50.03463
G1 X195.583 Y22.009 F7800
G1 X195.904 Y21.787
;TYPE:External perimeter
G1 F1800
G1 X196.212 Y22.111 E50.05613
;TYPE:Overhang perimeter
;WIDTH:0.4
;HEIGHT:0.4
G1 F3600
G1 X196.227 Y22.127 E50.05728
G1 X15.38 Y194.085 E63.09499
G1 X15.365 Y194.069 E63.09614
;TYPE:External perimeter
;WIDTH:0.45
;HEIGHT:0.3
G1 F1800
G1 X13.693 Y192.31 E63.21286
;TYPE:Overhang perimeter
;WIDTH:0.4
;HEIGHT:0.4
G1 F3600
G1 X13.677 Y192.294 E63.21404
G1 X194.524 Y20.336 E76.25175
G1 X194.539 Y20.352 E76.2529
;TYPE:External perimeter
;WIDTH:0.45
;HEIGHT:0.3
G1 F1800
G1 X195.376 Y21.231 E76.31128
G1 X195.862 Y21.743 E76.34523
G1 X196.138 Y22.033 F7800
G1 X194.487 Y21.823
;TYPE:Solid infill
;WIDTH:0.432468
G1 F1200
G1 X194.74 Y22.089 E76.36208
G1 X15.418 Y192.598 E87.7223
G1 X15.164 Y192.331 E87.73922
G1 X194.347 Y21.955 E99.09061
G1 E97.09061 F2400
G92 E0
G1 X194.347 Y21.955 F7800
G92 E0
G1 X202.651 Y30.134
G1 E2 F2400
;TYPE:Perimeter
;WIDTH:0.45
G1 F3600
G1 X22.954 Y200.998 E13.92615
G1 X22.314 Y200.325 E13.97082
G1 X202.043 Y29.429 E25.89914
G1 X202.363 Y29.766 E25.92149
G1 X202.673 Y30.092 E25.94313
G1 X202.673 Y30.092 F7800
G1 X203.171 Y30.056
G1 F3600
G1 X203.228 Y30.116 E25.94711
G1 X22.94 Y201.543 E37.91251
G1 X21.769 Y200.311 E37.99426
G1 X202.057 Y28.884 E49.95966
G1 X202.642 Y29.5 E50.00052
G1 X203.129 Y30.012 E50.03451
G1 X203.129 Y30.012 F7800
G1 X203.45 Y29.79
;TYPE:External perimeter
G1 F1800
G1 X203.758 Y30.114 E50.05601
;TYPE:Overhang perimeter
;WIDTH:0.4
;HEIGHT:0.4
G1 F3600
G1 X203.773 Y30.13 E50.05716
G1 X22.927 Y202.088 E63.09484
G1 X22.911 Y202.072 E63.09602
;TYPE:External perimeter
;WIDTH:0.45
;HEIGHT:0.3
G1 F1800
G1 X21.239 Y200.313 E63.21274
;TYPE:Overhang perimeter
;WIDTH:0.4
;HEIGHT:0.4
G1 F3600
G1 X21.224 Y200.297 E63.21389
G1 X202.07 Y28.339 E76.25157
G1 X202.086 Y28.355 E76.25275
;TYPE:External perimeter
;WIDTH:0.45
;HEIGHT:0.3
G1 F1800
G1 X202.922 Y29.235 E76.31113
G1 X203.409 Y29.747 E76.34512
G1 X203.684 Y30.036 F7800
G1 X202.033 Y29.826
;TYPE:Solid infill
;WIDTH:0.432468
G1 F1200
G1 X202.287 Y30.093 E76.36204
G1 X22.964 Y200.602 E87.7223
G1 X22.71 Y200.335 E87.73922
G1 X201.893 Y29.959 E99.09061
G1 E97.09061 F2400
G92 E0
G1 X201.893 Y29.959 F7800
G92 E0
G1 X210.182 Y38.151
G1 E2 F2400
;TYPE:Perimeter
;WIDTH:0.45
G1 F3600
G1 X30.485 Y209.016 E13.92618
G1 X29.845 Y208.343 E13.97085
G1 X209.574 Y37.447 E25.89917
G1 X209.894 Y37.784 E25.92152
G1 X210.204 Y38.11 E25.94316
G1 X210.204 Y38.11 F7800
G1 X210.702 Y38.074
G1 F3600
G1 X210.759 Y38.134 E25.94714
G1 X30.471 Y209.561 E37.91254
G1 X29.3 Y208.329 E37.99429
G1 X209.588 Y36.902 E49.95969
G1 X210.174 Y37.518 E50.00058
G1 X210.66 Y38.03 E50.03453
G1 X210.66 Y38.03 F7800
G1 X210.981 Y37.808
;TYPE:External perimeter
G1 F1800
G1 X211.289 Y38.132 E50.05603
;TYPE:Overhang perimeter
;WIDTH:0.4
;HEIGHT:0.4
G1 F3600
G1 X211.305 Y38.148 E50.05721
G1 X30.458 Y210.106 E63.09492
G1 X30.442 Y210.09 E63.0961
;TYPE:External perimeter
;WIDTH:0.45
;HEIGHT:0.3
G1 F1800
G1 X28.77 Y208.331 E63.21282
;TYPE:Overhang perimeter
;WIDTH:0.4
;HEIGHT:0.4
G1 F3600
G1 X28.755 Y208.315 E63.21397
G1 X209.602 Y36.357 E76.25168
G1 X209.617 Y36.373 E76.25283
;TYPE:External perimeter
;WIDTH:0.45
;HEIGHT:0.3
G1 F1800
G1 X210.453 Y37.253 E76.31121
G1 X210.94 Y37.764 E76.34516
G1 X211.215 Y38.054 F7800
G1 X209.564 Y37.844
;TYPE:Solid infill
;WIDTH:0.432468
G1 F1200
G1 X209.818 Y38.111 E76.36208
G1 X30.495 Y208.619 E87.7223
G1 X30.242 Y208.353 E87.73915
G1 X209.424 Y37.977 E99.09051
;LAYER_CHANGE
;Z:0.95
;HEIGHT:0.3
G1 Z.95 F7800
G1 E97.09051 F2400
G92 E0
G1 X209.424 Y37.977 F7800
G92 E0
G1 X190.23 Y12.156
G1 E2 F2400
;TYPE:Perimeter
;WIDTH:0.45
G1 F3600
G1 X10.71 Y182.852 E13.91441
G1 X9.501 Y181.58 E13.99881
G1 X189.23 Y10.685 E25.9271
G1 X189.835 Y11.321 E25.96932
G1 X190.44 Y11.957 E26.01154
G1 X190.273 Y12.114 E26.02256
G1 X190.273 Y12.114 F7800
G1 X190.887 Y12.063
G1 F3600
G1 X10.697 Y183.397 E37.98147
G1 X8.956 Y181.566 E38.10299
G1 X189.244 Y10.14 E50.06836
G1 X190.114 Y11.055 E50.12909
G1 X190.985 Y11.97 E50.18985
G1 X190.931 Y12.021 E50.19342
G1 X190.931 Y12.021 F7800
G1 X191.527 Y11.987
;TYPE:External perimeter
G1 F1800
G1 X10.683 Y183.942 E62.1957
G1 X8.411 Y181.553 E62.35427
G1 X189.258 Y9.595 E74.35676
G1 X190.394 Y10.789 E74.43603
G1 X191.491 Y11.943 E74.51261
G1 X191.242 Y12.256 F7800
G1 E72.51261 F2400
G92 E0
G1 X9.91 Y181.59 F7800
G1 E2 F2400
;TYPE:Solid infill
G1 F1200
G1 X189.22 Y11.094 E13.90046
G1 X190.031 Y11.946 E13.95703
G1 X10.721 Y182.443 E25.85752
G1 X10.043 Y181.73 E25.90484
G1 X10.462 Y181.604 E25.92588
;WIDTH:0.459766
G1 X189.206 Y11.646 E38.08922
G1 X189.479 Y11.932 E38.10872
G1 X10.735 Y181.891 E50.27209
G1 X10.595 Y181.744 E50.2821
G1 E48.2821 F2400
G92 E0
G92 E0
G1 X195.212 Y22.598 F7800
G1 E2 F2400
;TYPE:Perimeter
;WIDTH:0.45
G1 F3600
G1 X15.692 Y193.294 E13.91441
G1 X14.483 Y192.022 E13.99881
G1 X194.212 Y21.127 E25.9271
G1 X194.817 Y21.763 E25.96932
G1 X195.421 Y22.399 E26.01151
G1 X195.255 Y22.556 E26.0225
G1 X195.255 Y22.556 F7800
G1 X195.869 Y22.505
G1 F3600
G1 X15.678 Y193.839 E37.98144
G1 X13.938 Y192.008 E38.10293
G1 X194.226 Y20.582 E50.0683
G1 X195.096 Y21.497 E50.12903
G1 X195.966 Y22.412 E50.18976
G1 X195.913 Y22.464 E50.19333
G1 X195.913 Y22.464 F7800
G1 X196.509 Y22.429
;TYPE:External perimeter
G1 F1800
G1 X15.665 Y194.384 E62.19561
G1 X13.393 Y191.995 E62.35418
G1 X194.239 Y20.037 E74.35663
G1 X195.376 Y21.231 E74.43593
G1 X196.473 Y22.385 E74.51251
G1 X196.224 Y22.698 F7800
G1 E72.51251 F2400
G92 E0
G1 X14.892 Y192.032 F7800
G1 E2 F2400
;TYPE:Solid infill
G1 F1200
G1 X194.202 Y21.536 E13.90046
G1 X195.012 Y22.388 E13.957
G1 X15.702 Y192.885 E25.85749
G1 X15.025 Y192.172 E25.90478
G1 X15.444 Y192.046 E25.92582
;WIDTH:0.459766
G1 X194.188 Y22.088 E38.08916
G1 X194.46 Y22.374 E38.10862
G1 X15.716 Y192.333 E50.27199
G1 X15.577 Y192.186 E50.28197
G1 E48.28197 F2400
G92 E0
G1 X15.577 Y192.186 F7800
G92 E0
G1 X202.758 Y30.601
G1 E2 F2400
;TYPE:Perimeter
;WIDTH:0.45
G1 F3600
G1 X23.239 Y201.297 E13.91437
G1 X22.029 Y200.026 E13.99877
G1 X201.758 Y29.13 E25.92709
G1 X202.363 Y29.766 E25.96931
G1 X202.968 Y30.402 E26.01153
G1 X202.802 Y30.56 E26.02255
G1 X202.802 Y30.56 F7800
G1 X203.416 Y30.508
G1 F3600
G1 X23.225 Y201.842 E37.98149
G1 X21.484 Y200.012 E38.10298
G1 X201.772 Y28.585 E50.06838
G1 X202.642 Y29.5 E50.12911
G1 X203.513 Y30.416 E50.1899
G1 X203.459 Y30.467 E50.19347
G1 X203.459 Y30.467 F7800
G1 X204.055 Y30.432
;TYPE:External perimeter
G1 F1800
G1 X23.211 Y202.388 E62.19579
G1 X20.939 Y199.998 E62.35439
G1 X201.786 Y28.04 E74.35688
G1 X202.922 Y29.235 E74.43618
G1 X204.019 Y30.389 E74.51276
G1 X203.77 Y30.702 F7800
G1 E72.51276 F2400
G92 E0
G1 X22.438 Y200.036 F7800
G1 E2 F2400
;TYPE:Solid infill
G1 F1200
G1 X201.748 Y29.539 E13.90049
G1 X202.559 Y30.392 E13.9571
G1 X23.249 Y200.888 E25.85756
G1 X22.571 Y200.176 E25.90485
G1 X22.99 Y200.05 E25.92589
;WIDTH:0.459766
G1 X201.734 Y30.091 E38.08926
G1 X202.007 Y30.378 E38.10879
G1 X23.263 Y200.336 E50.27213
G1 X23.123 Y200.189 E50.28214
G1 E48.28214 F2400
G92 E0
G1 X23.123 Y200.189 F7800
G92 E0
G1 X210.289 Y38.619
G1 E2 F2400
;TYPE:Perimeter
;WIDTH:0.45
G1 F3600
G1 X30.77 Y209.315 E13.91437
G1 X29.56 Y208.043 E13.99881
G1 X209.29 Y37.148 E25.92713
G1 X209.894 Y37.784 E25.96932
G1 X210.499 Y38.42 E26.01154
G1 X210.333 Y38.578 E26.02256
G1 X210.333 Y38.578 F7800
G1 X210.947 Y38.526
G1 F3600
G1 X30.756 Y209.86 E37.9815
G1 X29.015 Y208.03 E38.10299
G1 X209.303 Y36.603 E50.06839
G1 X210.174 Y37.518 E50.12915
G1 X211.044 Y38.434 E50.18991
G1 X210.99 Y38.485 E50.19348
G1 X210.99 Y38.485 F7800
G1 X211.586 Y38.45
;TYPE:External perimeter
G1 F1800
G1 X30.742 Y210.405 E62.19576
G1 X28.47 Y208.016 E62.35433
G1 X209.317 Y36.058 E74.35682
G1 X210.453 Y37.253 E74.43612
G1 X211.55 Y38.407 E74.5127
G1 X211.301 Y38.72 F7800
G1 E72.5127 F2400
G92 E0
G1 X29.969 Y208.054 F7800
G1 E2 F2400
;TYPE:Solid infill
G1 F1200
G1 X209.279 Y37.557 E13.90049
G1 X210.09 Y38.41 E13.9571
G1 X30.78 Y208.906 E25.85756
G1 X30.102 Y208.193 E25.90488
G1 X30.521 Y208.068 E25.92591
;WIDTH:0.459766
G1 X209.265 Y38.109 E38.08928
G1 X209.538 Y38.396 E38.10881
G1 X30.794 Y208.354 E50.27215
G1 X30.654 Y208.207 E50.28216
;LAYER_CHANGE
;Z:1.25
;HEIGHT:0.3
G1 Z1.25 F7800
G1 E48.28216 F2400
G92 E0
G1 X30.654 Y208.207 F7800
G92 E0
G1 X190.585 Y12.11
G1 E2 F2400
;TYPE:Perimeter
;WIDTH:0.45
G1 F3600
G1 X10.856 Y183.005 E13.92829
G1 X9.356 Y181.427 E14.033
G1 X189.085 Y10.532 E25.96129
G1 X189.835 Y11.321 E26.01365
G1 X190.544 Y12.066 E26.06311
G1 X190.544 Y12.066 F7800
G1 X191.13 Y12.123
G1 F3600
G1 X10.842 Y183.55 E38.02851
G1 X8.811 Y181.413 E38.17031
G1 X189.099 Y9.987 E50.13568
G1 X190.114 Y11.055 E50.20654
G1 X191.089 Y12.08 E50.27458
G1 X191.089 Y12.08 F7800
G1 X191.675 Y12.137
;TYPE:External perimeter
G1 F1800
G1 X10.829 Y184.095 E62.27703
G1 X8.265 Y181.4 E62.45594
G1 X189.112 Y9.441 E74.45846
G1 X190.394 Y10.789 E74.54793
G1 X191.634 Y12.094 E74.63451
G1 X191.388 Y12.409 F7800
G1 X189.957 Y11.844
;TYPE:Solid infill
;WIDTH:0.416947
G1 F1200
G1 X190.2 Y12.1 E74.65003
G1 X10.866 Y182.619 E85.53192
G1 X10.623 Y182.364 E85.54741
G1 X189.817 Y11.977 E96.42083
G1 X189.817 Y11.977 F7800
G1 X189.301 Y11.958
;TYPE:Internal infill
;WIDTH:0.45
G1 F4800
G1 X189.69 Y11.588 E96.44665
G1 X189.56 Y11.452 E96.4557
G1 X188.409 Y12.546 E96.53208
G1 X188.316 Y12.895 E96.54945
G1 X188.093 Y13.107 E96.56425
G1 X187.96 Y12.973 E96.57333
G1 X183.767 Y16.96 E96.85162
G1 X183.9 Y17.094 E96.8607
G1 X183.466 Y17.507 E96.88951
G1 X183.085 Y17.609 E96.90848
G1 X180.374 Y20.187 E97.08841
G1 X180.28 Y20.536 E97.10579
G1 X179.707 Y21.081 E97.14382
G1 X179.574 Y20.947 E97.1529
G1 X175.381 Y24.935 E97.43122
G1 X175.514 Y25.068 E97.44027
G1 X174.697 Y25.844 E97.49446
G1 X174.316 Y25.947 E97.51344
G1 X172.338 Y27.827 E97.64469
G1 X172.245 Y28.177 E97.66211
G1 X171.321 Y29.055 E97.72341
G1 X171.187 Y28.922 E97.73249
G1 X166.994 Y32.909 E98.01078
G1 X167.128 Y33.042 E98.01986
G1 X165.928 Y34.182 E98.09947
G1 X165.547 Y34.285 E98.11845
G1 X164.302 Y35.468 E98.20105
G1 X164.209 Y35.817 E98.21842
G1 X162.934 Y37.029 E98.30303
G1 X162.801 Y36.896 E98.31208
G1 X158.608 Y40.883 E98.59037
G1 X158.741 Y41.016 E98.59942
G1 X157.159 Y42.52 E98.70441
G1 X156.778 Y42.623 E98.72339
G1 X156.267 Y43.109 E98.75731
G1 X156.173 Y43.458 E98.77469
G1 X154.548 Y45.003 E98.88253
G1 X154.415 Y44.87 E98.89158
G1 X150.222 Y48.857 E99.16987
G1 X150.355 Y48.99 E99.17892
G1 X148.39 Y50.858 E99.30932
G1 X148.009 Y50.961 E99.3283
G1 X148.231 Y50.75 E99.34303
G1 X148.138 Y51.099 E99.3604
G1 X146.162 Y52.977 E99.49151
G1 X146.028 Y52.844 E99.50059
G1 X144.352 Y54.438 E99.61184
G1 X144.352 Y54.438 F7800
G1 X143.645 Y55.37
G1 F4800
G1 X141.969 Y56.964 E99.72309
G1 X141.835 Y56.831 E99.73217
G1 X140.195 Y58.39 E99.841
G1 X140.102 Y58.739 E99.85837
G1 X139.621 Y59.196 E99.89028
G1 X139.24 Y59.299 E99.90926
G1 X137.642 Y60.818 E100.0153
G1 X137.776 Y60.951 E100.02438
G1 X133.582 Y64.939 E100.30273
G1 X133.449 Y64.805 E100.31181
G1 X132.16 Y66.031 E100.39737
G1 X132.066 Y66.38 E100.41475
G1 X130.852 Y67.534 E100.49531
G1 X130.471 Y67.636 E100.51428
G1 X129.256 Y68.792 E100.59494
G1 X129.389 Y68.926 E100.60402
G1 X125.196 Y72.913 E100.88231
G1 X125.063 Y72.779 E100.89139
G1 X124.124 Y73.672 E100.95371
G1 X124.031 Y74.021 E100.97108
G1 X122.083 Y75.872 E101.10032
G1 X121.702 Y75.974 E101.11929
G1 X120.87 Y76.766 E101.17454
G1 X121.003 Y76.9 E101.18362
G1 X116.81 Y80.887 E101.46191
G1 X116.676 Y80.753 E101.47102
G1 X116.089 Y81.312 E101.51001
G1 X115.995 Y81.662 E101.52744
G1 X113.314 Y84.21 E101.70533
G1 X112.933 Y84.312 E101.7243
G1 X112.483 Y84.74 E101.75417
G1 X112.617 Y84.874 E101.76328
G1 X108.423 Y88.861 E102.0416
G1 X108.29 Y88.728 E102.05065
G1 X108.053 Y88.953 E102.06637
G1 X107.959 Y89.302 E102.08375
G1 X104.545 Y92.548 E102.31032
G1 X104.164 Y92.65 E102.32929
G1 X104.097 Y92.715 E102.33378
G1 X104.23 Y92.848 E102.34283
G1 X100.037 Y96.835 E102.62112
G1 X99.904 Y96.702 E102.63017
G1 X100.017 Y96.594 E102.63769
G1 X99.924 Y96.943 E102.65506
G1 X98.247 Y98.537 E102.76634
G1 X98.247 Y98.537 F7800
G1 X97.387 Y99.094
G1 F4800
G1 X95.711 Y100.689 E102.87762
G1 X95.844 Y100.822 E102.88667
G1 X95.395 Y100.988 E102.90969
G1 X91.982 Y104.234 E103.13623
G1 X91.888 Y104.584 E103.15366
G1 X91.651 Y104.809 E103.16938
G1 X91.517 Y104.676 E103.17846
G1 X87.324 Y108.663 E103.45675
G1 X87.458 Y108.796 E103.46583
G1 X87.007 Y109.224 E103.49573
G1 X86.626 Y109.326 E103.5147
G1 X83.946 Y111.875 E103.69259
G1 X83.852 Y112.224 E103.70997
G1 X83.264 Y112.783 E103.74899
G1 X83.131 Y112.65 E103.75804
G1 X78.938 Y116.637 E104.03633
G1 X79.071 Y116.77 E104.04538
G1 X78.238 Y117.562 E104.10066
G1 X77.857 Y117.664 E104.11963
G1 X75.91 Y119.516 E104.24887
G1 X75.817 Y119.865 E104.26624
G1 X74.878 Y120.757 E104.32853
G1 X74.745 Y120.624 E104.33758
G1 X70.552 Y124.611 E104.61587
G1 X70.685 Y124.744 E104.62492
G1 X69.47 Y125.9 E104.70558
G1 X69.088 Y126.002 E104.7246
G1 X67.875 Y127.157 E104.80516
G1 X67.781 Y127.506 E104.82254
G1 X66.492 Y128.732 E104.9081
G1 X66.358 Y128.598 E104.91721
G1 X62.165 Y132.585 E105.1955
G1 X62.299 Y132.719 E105.20461
G1 X60.701 Y134.238 E105.31065
G1 X60.319 Y134.34 E105.32967
G1 X59.839 Y134.797 E105.36155
G1 X59.745 Y135.146 E105.37893
G1 X58.106 Y136.706 E105.48776
G1 X57.972 Y136.572 E105.49687
G1 X56.295 Y138.167 E105.60818
G1 X56.295 Y138.167 F7800
G1 X55.589 Y139.098
G1 F4800
G1 X53.912 Y140.693 E105.71949
G1 X53.779 Y140.559 E105.72857
G1 X51.803 Y142.438 E105.85972
G1 X51.71 Y142.787 E105.87709
G1 X51.932 Y142.576 E105.89182
G1 X51.55 Y142.678 E105.91084
G1 X49.586 Y144.546 E106.0412
G1 X49.719 Y144.68 E106.05028
G1 X45.526 Y148.667 E106.32857
G1 X45.393 Y148.533 E106.33765
G1 X43.768 Y150.079 E106.44553
G1 X43.674 Y150.428 E106.46291
G1 X43.163 Y150.914 E106.49683
G1 X42.782 Y151.016 E106.5158
G1 X41.199 Y152.521 E106.62085
G1 X41.333 Y152.654 E106.62993
G1 X37.14 Y156.641 E106.90822
G1 X37.006 Y156.508 E106.9173
G1 X35.732 Y157.719 E107.00184
G1 X35.638 Y158.069 E107.01927
G1 X34.394 Y159.252 E107.10184
G1 X34.013 Y159.354 E107.12081
G1 X32.813 Y160.495 E107.20045
G1 X32.947 Y160.628 E107.20953
G1 X28.753 Y164.615 E107.48785
G1 X28.62 Y164.482 E107.4969
G1 X27.696 Y165.36 E107.5582
G1 X27.603 Y165.709 E107.57557
G1 X25.625 Y167.59 E107.70685
G1 X25.244 Y167.692 E107.72582
G1 X24.427 Y168.469 E107.78005
G1 X24.56 Y168.602 E107.7891
G1 X20.367 Y172.589 E108.06739
G1 X20.234 Y172.456 E108.07644
G1 X19.661 Y173.001 E108.11447
G1 X19.567 Y173.35 E108.13185
G1 X16.856 Y175.928 E108.31178
G1 X16.475 Y176.03 E108.33075
G1 X16.041 Y176.443 E108.35956
G1 X16.174 Y176.576 E108.36861
G1 X11.981 Y180.563 E108.6469
G1 X11.847 Y180.43 E108.65598
G1 X11.625 Y180.641 E108.67071
G1 X11.531 Y180.991 E108.68814
G1 X10.38 Y182.085 E108.76452
G1 X10.25 Y181.948 E108.7736
G1 X10.64 Y181.578 E108.79946
G1 E106.79946 F2400
G92 E0
G1 X10.64 Y181.578 F7800
G1 X189.075 Y10.917
G1 E2 F2400
;TYPE:Solid infill
;WIDTH:0.416949
G1 F1200
G1 X189.318 Y11.173 E2.01552
G1 X9.984 Y181.692 E12.89747
G1 X9.741 Y181.437 E12.91296
G1 X188.935 Y11.05 E23.78645
G1 E21.78645 F2400
G92 E0
G1 X188.935 Y11.05 F7800
G92 E0
G1 X195.567 Y22.552
G1 E2 F2400
;TYPE:Perimeter
;WIDTH:0.45
G1 F3600
G1 X15.838 Y193.447 E13.92829
G1 X14.337 Y191.869 E14.03304
G1 X194.066 Y20.974 E25.96133
G1 X194.817 Y21.763 E26.01372
G1 X195.525 Y22.508 E26.06315
G1 X195.525 Y22.508 F7800
G1 X196.112 Y22.565
G1 F3600
G1 X15.824 Y193.992 E38.02855
G1 X13.792 Y191.855 E38.17038
G1 X194.08 Y20.429 E50.13575
G1 X195.096 Y21.497 E50.20665
G1 X196.071 Y22.522 E50.27469
G1 X196.071 Y22.522 F7800
G1 X196.657 Y22.579
;TYPE:External perimeter
G1 F1800
G1 X15.81 Y194.537 E62.27718
G1 X13.247 Y191.842 E62.45606
G1 X194.094 Y19.883 E74.45858
G1 X195.376 Y21.231 E74.54805
G1 X196.616 Y22.536 E74.63463
G1 X196.37 Y22.851 F7800
G1 X194.938 Y22.286
;TYPE:Solid infill
;WIDTH:0.416947
G1 F1200
G1 X195.181 Y22.542 E74.65015
G1 X15.847 Y193.061 E85.53204
G1 X15.604 Y192.806 E85.54753
G1 X194.799 Y22.419 E96.42099
G1 X194.799 Y22.419 F7800
G1 X194.283 Y22.4
;TYPE:Internal infill
;WIDTH:0.45
G1 F4800
G1 X194.672 Y22.03 E96.44681
G1 X194.542 Y21.894 E96.45586
G1 X193.391 Y22.988 E96.53224
G1 X193.298 Y23.337 E96.54961
G1 X193.075 Y23.549 E96.56441
G1 X192.942 Y23.415 E96.57349
G1 X188.749 Y27.402 E96.85178
G1 X188.882 Y27.536 E96.86086
G1 X188.448 Y27.949 E96.88967
G1 X188.067 Y28.051 E96.90864
G1 X185.355 Y30.629 E97.08861
G1 X185.262 Y30.978 E97.10598
G1 X184.689 Y31.523 E97.14401
G1 X184.555 Y31.39 E97.15309
G1 X180.362 Y35.377 E97.43138
G1 X180.496 Y35.51 E97.44046
G1 X179.679 Y36.287 E97.49469
G1 X179.298 Y36.389 E97.51366
G1 X177.32 Y38.269 E97.64491
G1 X177.226 Y38.619 E97.66234
G1 X176.302 Y39.497 E97.72364
G1 X176.169 Y39.364 E97.73269
G1 X171.976 Y43.351 E98.01098
G1 X172.109 Y43.484 E98.02003
G1 X170.91 Y44.625 E98.09964
G1 X170.529 Y44.727 E98.11861
G1 X169.284 Y45.91 E98.20121
G1 X169.191 Y46.259 E98.21858
G1 X167.916 Y47.471 E98.30319
G1 X167.783 Y47.338 E98.31224
G1 X163.59 Y51.325 E98.59053
G1 X163.723 Y51.458 E98.59958
G1 X162.141 Y52.962 E98.70457
G1 X161.76 Y53.065 E98.72355
G1 X161.248 Y53.551 E98.7575
G1 X161.155 Y53.9 E98.77487
G1 X159.53 Y55.445 E98.88271
G1 X159.396 Y55.312 E98.89179
G1 X155.203 Y59.299 E99.17008
G1 X155.337 Y59.432 E99.17916
G1 X153.372 Y61.3 E99.30956
G1 X152.991 Y61.403 E99.32854
G1 X153.213 Y61.192 E99.34327
G1 X153.119 Y61.541 E99.36065
G1 X151.144 Y63.419 E99.49173
G1 X151.01 Y63.286 E99.50081
G1 X149.333 Y64.88 E99.61209
G1 X149.333 Y64.88 F7800
G1 X148.627 Y65.812
G1 F4800
G1 X146.95 Y67.406 E99.72337
G1 X146.817 Y67.273 E99.73242
G1 X145.177 Y68.832 E99.84125
G1 X145.084 Y69.181 E99.85862
G1 X144.603 Y69.638 E99.89053
G1 X144.222 Y69.741 E99.90951
G1 X142.624 Y71.26 E100.01555
G1 X142.757 Y71.394 E100.02463
G1 X138.564 Y75.381 E100.30292
G1 X138.431 Y75.247 E100.312
G1 X137.141 Y76.473 E100.3976
G1 X137.048 Y76.822 E100.41497
G1 X135.834 Y77.976 E100.49553
G1 X135.453 Y78.079 E100.51451
G1 X134.237 Y79.234 E100.59517
G1 X134.371 Y79.368 E100.60428
G1 X130.178 Y83.355 E100.88257
G1 X130.044 Y83.221 E100.89168
G1 X129.106 Y84.114 E100.95397
G1 X129.012 Y84.463 E100.97135
G1 X127.065 Y86.314 E101.10056
G1 X126.684 Y86.417 E101.11954
G1 X125.851 Y87.208 E101.17479
G1 X125.985 Y87.342 E101.1839
G1 X121.791 Y91.329 E101.46222
G1 X121.658 Y91.195 E101.4713
G1 X121.07 Y91.754 E101.51032
G1 X120.977 Y92.104 E101.52774
G1 X118.296 Y94.652 E101.70563
G1 X117.915 Y94.754 E101.7246
G1 X117.465 Y95.183 E101.7545
G1 X117.598 Y95.316 E101.76355
G1 X113.405 Y99.303 E102.04184
G1 X113.272 Y99.17 E102.05089
G1 X113.035 Y99.395 E102.06661
G1 X112.941 Y99.744 E102.08399
G1 X109.527 Y102.99 E102.31056
G1 X109.146 Y103.092 E102.32953
G1 X109.079 Y103.157 E102.33402
G1 X109.212 Y103.29 E102.34307
G1 X105.019 Y107.277 E102.62136
G1 X104.885 Y107.144 E102.63044
G1 X104.999 Y107.036 E102.63799
G1 X104.905 Y107.385 E102.65537
G1 X103.229 Y108.979 E102.76662
G1 X103.229 Y108.979 F7800
G1 X102.369 Y109.536
G1 F4800
G1 X100.692 Y111.131 E102.87793
G1 X100.826 Y111.264 E102.88701
G1 X100.377 Y111.43 E102.91003
G1 X96.963 Y114.677 E103.13664
G1 X96.87 Y115.026 E103.15401
G1 X96.632 Y115.251 E103.16976
G1 X96.499 Y115.118 E103.17881
G1 X92.306 Y119.105 E103.4571
G1 X92.439 Y119.238 E103.46615
G1 X91.989 Y119.666 E103.49602
G1 X91.608 Y119.768 E103.51499
G1 X88.928 Y122.317 E103.69288
G1 X88.834 Y122.666 E103.71026
G1 X88.246 Y123.225 E103.74928
G1 X88.113 Y123.092 E103.75833
G1 X83.92 Y127.079 E104.03662
G1 X84.053 Y127.212 E104.04567
G1 X83.22 Y128.004 E104.10095
G1 X82.839 Y128.106 E104.11992
G1 X80.892 Y129.958 E104.24916
G1 X80.798 Y130.307 E104.26654
G1 X79.86 Y131.199 E104.3288
G1 X79.726 Y131.066 E104.33788
G1 X75.533 Y135.053 E104.61617
G1 X75.667 Y135.187 E104.62528
G1 X74.451 Y136.342 E104.70594
G1 X74.07 Y136.444 E104.72491
G1 X72.856 Y137.599 E104.8055
G1 X72.763 Y137.948 E104.82287
G1 X71.473 Y139.174 E104.90847
G1 X71.34 Y139.04 E104.91755
G1 X67.147 Y143.027 E105.19584
G1 X67.28 Y143.161 E105.20492
G1 X65.682 Y144.68 E105.31096
G1 X65.301 Y144.782 E105.32993
G1 X64.821 Y145.239 E105.36181
G1 X64.727 Y145.589 E105.37924
G1 X63.087 Y147.148 E105.48807
G1 X62.954 Y147.014 E105.49715
G1 X61.277 Y148.609 E105.60846
G1 X61.277 Y148.609 F7800
G1 X60.571 Y149.54
G1 F4800
G1 X58.894 Y151.135 E105.71977
G1 X58.761 Y151.001 E105.72885
G1 X56.785 Y152.88 E105.86
G1 X56.691 Y153.229 E105.87738
G1 X56.913 Y153.018 E105.89211
G1 X56.532 Y153.12 E105.91108
G1 X54.567 Y154.988 E106.04148
G1 X54.701 Y155.122 E106.05059
G1 X50.508 Y159.109 E106.32888
G1 X50.374 Y158.976 E106.33796
G1 X48.749 Y160.521 E106.4458
G1 X48.656 Y160.87 E106.46317
G1 X48.144 Y161.356 E106.49712
G1 X47.763 Y161.458 E106.51609
G1 X46.181 Y162.963 E106.62111
G1 X46.315 Y163.096 E106.63019
G1 X42.121 Y167.083 E106.90851
G1 X41.988 Y166.95 E106.91756
G1 X40.714 Y168.161 E107.0021
G1 X40.62 Y168.511 E107.01953
G1 X39.375 Y169.694 E107.10213
G1 X38.994 Y169.796 E107.1211
G1 X37.795 Y170.937 E107.20071
G1 X37.928 Y171.07 E107.20976
G1 X33.735 Y175.057 E107.48805
G1 X33.602 Y174.924 E107.4971
G1 X32.678 Y175.802 E107.5584
G1 X32.584 Y176.151 E107.57578
G1 X30.606 Y178.032 E107.70706
G1 X30.225 Y178.134 E107.72603
G1 X29.409 Y178.911 E107.78022
G1 X29.542 Y179.044 E107.78927
G1 X25.349 Y183.031 E108.06756
G1 X25.215 Y182.898 E108.07664
G1 X24.642 Y183.443 E108.11467
G1 X24.549 Y183.792 E108.13204
G1 X21.837 Y186.37 E108.31201
G1 X21.456 Y186.472 E108.33098
G1 X21.022 Y186.885 E108.35979
G1 X21.156 Y187.018 E108.36887
G1 X16.962 Y191.005 E108.64719
G1 X16.829 Y190.872 E108.65624
G1 X16.607 Y191.084 E108.671
G1 X16.513 Y191.433 E108.68838
G1 X15.362 Y192.527 E108.76476
G1 X15.232 Y192.39 E108.77384
G1 X15.621 Y192.02 E108.79966
G1 E106.79966 F2400
G92 E0
G1 X15.621 Y192.02 F7800
G1 X194.057 Y21.359
G1 E2 F2400
;TYPE:Solid infill
;WIDTH:0.416949
G1 F1200
G1 X194.3 Y21.615 E2.01552
G1 X14.966 Y192.134 E12.89747
G1 X14.723 Y191.879 E12.91296
G1 X193.917 Y21.492 E23.78645
G1 E21.78645 F2400
G92 E0
G1 X193.917 Y21.492 F7800
G92 E0
G1 X203.113 Y30.555
G1 E2 F2400
;TYPE:Perimeter
;WIDTH:0.45
G1 F3600
G1 X23.384 Y201.45 E13.92829
G1 X21.884 Y199.872 E14.033
G1 X201.613 Y28.977 E25.96129
G1 X202.363 Y29.766 E26.01365
G1 X203.072 Y30.512 E26.06315
G1 X203.072 Y30.512 F7800
G1 X203.658 Y30.569
G1 F3600
G1 X23.37 Y201.995 E38.02852
G1 X21.339 Y199.859 E38.17028
G1 X201.627 Y28.432 E50.13568
G1 X202.642 Y29.5 E50.20654
G1 X203.617 Y30.525 E50.27458
G1 X203.617 Y30.525 F7800
G1 X204.204 Y30.582
;TYPE:External perimeter
G1 F1800
G1 X23.357 Y202.541 E62.2771
G1 X20.793 Y199.845 E62.45605
G1 X201.64 Y27.887 E74.45854
G1 X202.922 Y29.235 E74.54801
G1 X204.162 Y30.539 E74.63456
G1 X203.916 Y30.855 F7800
G1 X202.485 Y30.29
;TYPE:Solid infill
;WIDTH:0.416947
G1 F1200
G1 X202.728 Y30.545 E74.65005
G1 X23.394 Y201.065 E85.53197
G1 X23.151 Y200.809 E85.54749
G1 X202.345 Y30.423 E96.42088
G1 X202.345 Y30.423 F7800
G1 X201.829 Y30.404
;TYPE:Internal infill
;WIDTH:0.45
G1 F4800
G1 X202.218 Y30.034 E96.4467
G1 X202.088 Y29.897 E96.45578
G1 X200.938 Y30.991 E96.53212
G1 X200.844 Y31.341 E96.54955
G1 X200.622 Y31.552 E96.56428
G1 X200.488 Y31.419 E96.57336
G1 X196.295 Y35.406 E96.85165
G1 X196.428 Y35.539 E96.8607
G1 X195.994 Y35.952 E96.88951
G1 X195.613 Y36.054 E96.90848
G1 X192.902 Y38.632 E97.08841
G1 X192.808 Y38.981 E97.10579
G1 X192.235 Y39.526 E97.14382
G1 X192.102 Y39.393 E97.15287
G1 X187.909 Y43.38 E97.43116
G1 X188.042 Y43.513 E97.44021
G1 X187.225 Y44.29 E97.49444
G1 X186.844 Y44.392 E97.51341
G1 X184.866 Y46.273 E97.64469
G1 X184.773 Y46.622 E97.66206
G1 X183.849 Y47.5 E97.72336
G1 X183.716 Y47.367 E97.73241
G1 X179.522 Y51.354 E98.01073
G1 X179.656 Y51.487 E98.01981
G1 X178.456 Y52.628 E98.09945
G1 X178.075 Y52.73 E98.11842
G1 X176.831 Y53.914 E98.20102
G1 X176.737 Y54.263 E98.2184
G1 X175.463 Y55.474 E98.30294
G1 X175.329 Y55.341 E98.31202
G1 X171.136 Y59.328 E98.59031
G1 X171.269 Y59.462 E98.59939
G1 X169.687 Y60.966 E98.70438
G1 X169.306 Y61.068 E98.72335
G1 X168.795 Y61.554 E98.75727
G1 X168.701 Y61.903 E98.77465
G1 X167.076 Y63.449 E98.88253
G1 X166.943 Y63.315 E98.89161
G1 X162.75 Y67.302 E99.1699
G1 X162.883 Y67.436 E99.17898
G1 X160.918 Y69.304 E99.30938
G1 X160.537 Y69.406 E99.32835
G1 X160.759 Y69.195 E99.34308
G1 X160.666 Y69.544 E99.36045
G1 X158.69 Y71.423 E99.4916
G1 X158.557 Y71.289 E99.50068
G1 X156.88 Y72.884 E99.61199
G1 X156.88 Y72.884 F7800
G1 X156.174 Y73.815
G1 F4800
G1 X154.497 Y75.41 E99.7233
G1 X154.363 Y75.276 E99.73241
G1 X152.724 Y76.836 E99.84124
G1 X152.63 Y77.185 E99.85862
G1 X152.149 Y77.642 E99.89053
G1 X151.768 Y77.744 E99.9095
G1 X150.17 Y79.263 E100.01554
G1 X150.304 Y79.397 E100.02465
G1 X146.11 Y83.384 E100.30297
G1 X145.977 Y83.251 E100.31202
G1 X144.688 Y84.476 E100.39755
G1 X144.594 Y84.826 E100.41498
G1 X143.38 Y85.98 E100.49554
G1 X142.999 Y86.082 E100.51451
G1 X141.784 Y87.238 E100.59517
G1 X141.917 Y87.371 E100.60422
G1 X137.724 Y91.358 E100.88251
G1 X137.591 Y91.225 E100.89156
G1 X136.652 Y92.117 E100.95385
G1 X136.559 Y92.466 E100.97122
G1 X134.611 Y94.318 E101.1005
G1 X134.23 Y94.42 E101.11947
G1 X133.398 Y95.212 E101.17472
G1 X133.531 Y95.345 E101.18377
G1 X129.338 Y99.332 E101.46206
G1 X129.204 Y99.199 E101.47114
G1 X128.617 Y99.758 E101.51013
G1 X128.523 Y100.107 E101.52751
G1 X125.842 Y102.656 E101.70544
G1 X125.461 Y102.758 E101.72441
G1 X125.011 Y103.186 E101.75428
G1 X125.145 Y103.319 E101.76336
G1 X120.952 Y107.306 E102.04165
G1 X120.818 Y107.173 E102.05073
G1 X120.581 Y107.398 E102.06645
G1 X120.487 Y107.748 E102.08388
G1 X117.074 Y110.994 E102.31042
G1 X116.692 Y111.096 E102.32944
G1 X116.625 Y111.16 E102.3339
G1 X116.758 Y111.293 E102.34295
G1 X112.565 Y115.28 E102.62124
G1 X112.432 Y115.147 E102.63029
G1 X112.545 Y115.039 E102.63781
G1 X112.452 Y115.388 E102.65518
G1 X110.775 Y116.983 E102.76649
G1 X110.775 Y116.983 F7800
G1 X109.915 Y117.54
G1 F4800
G1 X108.239 Y119.134 E102.87774
G1 X108.372 Y119.267 E102.88679
G1 X107.923 Y119.434 E102.90983
G1 X104.51 Y122.68 E103.13637
G1 X104.416 Y123.029 E103.15375
G1 X104.179 Y123.255 E103.1695
G1 X104.045 Y123.121 E103.17861
G1 X99.852 Y127.108 E103.4569
G1 X99.986 Y127.242 E103.46601
G1 X99.536 Y127.67 E103.49588
G1 X99.155 Y127.772 E103.51485
G1 X96.474 Y130.321 E103.69278
G1 X96.38 Y130.67 E103.71016
G1 X95.793 Y131.229 E103.74915
G1 X95.659 Y131.095 E103.75826
G1 X91.466 Y135.082 E104.03655
G1 X91.599 Y135.216 E104.04563
G1 X90.767 Y136.008 E104.10088
G1 X90.386 Y136.11 E104.11985
G1 X88.438 Y137.961 E104.24909
G1 X88.345 Y138.31 E104.26646
G1 X87.406 Y139.203 E104.32878
G1 X87.273 Y139.069 E104.33786
G1 X83.08 Y143.056 E104.61615
G1 X83.213 Y143.19 E104.62523
G1 X81.998 Y144.346 E104.70589
G1 X81.617 Y144.448 E104.72486
G1 X80.403 Y145.602 E104.80542
G1 X80.309 Y145.951 E104.8228
G1 X79.02 Y147.177 E104.90836
G1 X78.887 Y147.044 E104.91741
G1 X74.693 Y151.031 E105.19573
G1 X74.827 Y151.164 E105.20481
G1 X73.229 Y152.684 E105.31088
G1 X72.848 Y152.786 E105.32985
G1 X72.367 Y153.243 E105.36176
G1 X72.273 Y153.592 E105.37914
G1 X70.634 Y155.151 E105.48794
G1 X70.5 Y155.018 E105.49702
G1 X68.823 Y156.612 E105.6083
G1 X68.823 Y156.612 F7800
G1 X68.117 Y157.544
G1 F4800
G1 X66.44 Y159.138 E105.71958
G1 X66.307 Y159.005 E105.72863
G1 X64.331 Y160.883 E105.85974
G1 X64.238 Y161.233 E105.87716
G1 X64.46 Y161.022 E105.89189
G1 X64.079 Y161.124 E105.91086
G1 X62.114 Y162.992 E106.04126
G1 X62.247 Y163.125 E106.05031
G1 X58.054 Y167.112 E106.3286
G1 X57.921 Y166.979 E106.33765
G1 X56.296 Y168.524 E106.44549
G1 X56.202 Y168.873 E106.46287
G1 X55.691 Y169.36 E106.49682
G1 X55.31 Y169.462 E106.51579
G1 X53.728 Y170.966 E106.62078
G1 X53.861 Y171.099 E106.62983
G1 X49.668 Y175.086 E106.90812
G1 X49.534 Y174.953 E106.9172
G1 X48.26 Y176.165 E107.00177
G1 X48.166 Y176.514 E107.01915
G1 X46.922 Y177.698 E107.10175
G1 X46.541 Y177.8 E107.12072
G1 X45.341 Y178.94 E107.20033
G1 X45.475 Y179.073 E107.20941
G1 X41.281 Y183.061 E107.48776
G1 X41.148 Y182.927 E107.49684
G1 X40.224 Y183.805 E107.55814
G1 X40.131 Y184.155 E107.57556
G1 X38.153 Y186.036 E107.70684
G1 X37.772 Y186.138 E107.72581
G1 X36.955 Y186.914 E107.78
G1 X37.088 Y187.048 E107.78908
G1 X32.895 Y191.035 E108.06737
G1 X32.762 Y190.901 E108.07645
G1 X32.189 Y191.446 E108.11448
G1 X32.095 Y191.795 E108.13186
G1 X29.384 Y194.373 E108.31179
G1 X29.003 Y194.476 E108.33077
G1 X28.569 Y194.888 E108.35955
G1 X28.702 Y195.022 E108.36863
G1 X24.509 Y199.009 E108.64692
G1 X24.375 Y198.875 E108.65603
G1 X24.153 Y199.087 E108.67079
G1 X24.059 Y199.436 E108.68817
G1 X22.909 Y200.53 E108.76451
G1 X22.779 Y200.394 E108.77356
G1 X23.168 Y200.024 E108.79938
G1 E106.79938 F2400
G92 E0
G1 X23.168 Y200.024 F7800
G1 X201.603 Y29.363
G1 E2 F2400
;TYPE:Solid infill
;WIDTH:0.416949
G1 F1200
G1 X201.846 Y29.618 E2.01549
G1 X22.512 Y200.138 E12.89747
G1 X22.269 Y199.882 E12.91299
G1 X201.463 Y29.496 E23.78645
G1 E21.78645 F2400
G92 E0
G1 X201.463 Y29.496 F7800
G92 E0
G1 X210.644 Y38.573
G1 E2 F2400
;TYPE:Perimeter
;WIDTH:0.45
G1 F3600
G1 X30.915 Y209.468 E13.92829
G1 X29.415 Y207.89 E14.033
G1 X209.144 Y36.995 E25.96129
G1 X209.894 Y37.784 E26.01365
G1 X210.603 Y38.529 E26.06311
G1 X210.603 Y38.529 F7800
G1 X211.189 Y38.587
G1 F3600
G1 X30.902 Y210.013 E38.02845
G1 X28.87 Y207.877 E38.17025
G1 X209.158 Y36.45 E50.13565
G1 X210.174 Y37.518 E50.20655
G1 X211.148 Y38.543 E50.27456
G1 X211.148 Y38.543 F7800
G1 X211.735 Y38.6
;TYPE:External perimeter
G1 F1800
G1 X30.888 Y210.559 E62.27708
G1 X28.325 Y207.863 E62.45599
G1 X209.171 Y35.905 E74.45844
G1 X210.453 Y37.253 E74.54791
G1 X211.693 Y38.557 E74.63446
G1 X211.448 Y38.872 F7800
G1 X210.016 Y38.308
;TYPE:Solid infill
;WIDTH:0.416947
G1 F1200
G1 X210.259 Y38.563 E74.64995
G1 X30.925 Y209.083 E85.53187
G1 X30.682 Y208.827 E85.54739
G1 X209.876 Y38.441 E96.42078
G1 X209.876 Y38.441 F7800
G1 X209.36 Y38.422
;TYPE:Internal infill
;WIDTH:0.45
G1 F4800
G1 X209.75 Y38.052 E96.44664
G1 X209.62 Y37.915 E96.45572
G1 X208.469 Y39.009 E96.5321
G1 X208.375 Y39.359 E96.54953
G1 X208.153 Y39.57 E96.56426
G1 X208.019 Y39.437 E96.57334
G1 X203.826 Y43.424 E96.85163
G1 X203.96 Y43.557 E96.86071
G1 X203.525 Y43.97 E96.88956
G1 X203.144 Y44.072 E96.90853
G1 X200.433 Y46.65 E97.08846
G1 X200.339 Y46.999 E97.10584
G1 X199.766 Y47.544 E97.14387
G1 X199.633 Y47.411 E97.15292
G1 X195.44 Y51.398 E97.43121
G1 X195.573 Y51.531 E97.44026
G1 X194.756 Y52.308 E97.49449
G1 X194.375 Y52.41 E97.51346
G1 X192.397 Y54.291 E97.64474
G1 X192.304 Y54.64 E97.66211
G1 X191.38 Y55.518 E97.72341
G1 X191.247 Y55.385 E97.73246
G1 X187.053 Y59.372 E98.01078
G1 X187.187 Y59.505 E98.01986
G1 X185.987 Y60.646 E98.0995
G1 X185.606 Y60.748 E98.11847
G1 X184.362 Y61.931 E98.20104
G1 X184.268 Y62.281 E98.21847
G1 X182.994 Y63.492 E98.30301
G1 X182.86 Y63.359 E98.31209
G1 X178.667 Y67.346 E98.59038
G1 X178.801 Y67.479 E98.59946
G1 X177.219 Y68.984 E98.70448
G1 X176.837 Y69.086 E98.7235
G1 X176.326 Y69.572 E98.75742
G1 X176.232 Y69.921 E98.7748
G1 X174.607 Y71.467 E98.88268
G1 X174.474 Y71.333 E98.89176
G1 X170.281 Y75.32 E99.17005
G1 X170.414 Y75.454 E99.17913
G1 X168.45 Y77.322 E99.30949
G1 X168.068 Y77.424 E99.32851
G1 X168.29 Y77.213 E99.34324
G1 X168.197 Y77.562 E99.36061
G1 X166.221 Y79.441 E99.49176
G1 X166.088 Y79.307 E99.50084
G1 X164.411 Y80.902 E99.61215
G1 X164.411 Y80.902 F7800
G1 X163.705 Y81.833
G1 F4800
G1 X162.028 Y83.428 E99.72346
G1 X161.895 Y83.294 E99.73254
G1 X160.255 Y84.854 E99.8414
G1 X160.161 Y85.203 E99.85878
G1 X159.681 Y85.66 E99.89066
G1 X159.3 Y85.762 E99.90963
G1 X157.701 Y87.281 E100.01571
G1 X157.835 Y87.415 E100.02482
G1 X153.642 Y91.402 E100.30311
G1 X153.508 Y91.268 E100.31222
G1 X152.219 Y92.494 E100.39778
G1 X152.125 Y92.843 E100.41516
G1 X150.912 Y93.998 E100.49572
G1 X150.531 Y94.1 E100.51469
G1 X149.315 Y95.256 E100.59539
G1 X149.448 Y95.389 E100.60444
G1 X145.255 Y99.376 E100.88273
G1 X145.122 Y99.243 E100.89178
G1 X144.183 Y100.135 E100.95407
G1 X144.09 Y100.484 E100.97144
G1 X142.143 Y102.336 E101.10068
G1 X141.762 Y102.438 E101.11965
G1 X140.929 Y103.23 E101.17493
G1 X141.062 Y103.363 E101.18398
G1 X136.869 Y107.35 E101.46227
G1 X136.736 Y107.217 E101.47132
G1 X136.148 Y107.776 E101.51034
G1 X136.054 Y108.125 E101.52772
G1 X133.374 Y110.674 E101.70561
G1 X132.993 Y110.776 E101.72458
G1 X132.542 Y111.204 E101.75448
G1 X132.676 Y111.337 E101.76356
G1 X128.483 Y115.324 E102.04185
G1 X128.349 Y115.191 E102.05093
G1 X128.112 Y115.416 E102.06665
G1 X128.018 Y115.766 E102.08408
G1 X124.605 Y119.012 E102.31062
G1 X124.224 Y119.114 E102.32959
G1 X124.156 Y119.178 E102.33408
G1 X124.289 Y119.311 E102.34313
G1 X120.096 Y123.298 E102.62142
G1 X119.963 Y123.165 E102.63047
G1 X120.076 Y123.057 E102.63799
G1 X119.983 Y123.406 E102.65536
G1 X118.306 Y125.001 E102.76667
G1 X118.306 Y125.001 F7800
G1 X117.446 Y125.558
G1 F4800
G1 X115.77 Y127.152 E102.87792
G1 X115.903 Y127.285 E102.88697
G1 X115.455 Y127.452 E102.90997
G1 X112.041 Y130.698 E103.13654
G1 X111.947 Y131.047 E103.15392
G1 X111.71 Y131.272 E103.16964
G1 X111.577 Y131.139 E103.17869
G1 X107.383 Y135.126 E103.45701
G1 X107.517 Y135.26 E103.46612
G1 X107.067 Y135.688 E103.49599
G1 X106.686 Y135.79 E103.51496
G1 X104.005 Y138.338 E103.69285
G1 X103.912 Y138.688 E103.71027
G1 X103.324 Y139.247 E103.74929
G1 X103.19 Y139.113 E103.7584
G1 X98.997 Y143.1 E104.03669
G1 X99.131 Y143.234 E104.0458
G1 X98.298 Y144.026 E104.10108
G1 X97.917 Y144.128 E104.12005
G1 X95.969 Y145.979 E104.24929
G1 X95.876 Y146.328 E104.26666
G1 X94.937 Y147.221 E104.32898
G1 X94.804 Y147.087 E104.33806
G1 X90.611 Y151.074 E104.61635
G1 X90.744 Y151.208 E104.62543
G1 X89.529 Y152.364 E104.70609
G1 X89.148 Y152.466 E104.72506
G1 X87.934 Y153.62 E104.80562
G1 X87.84 Y153.969 E104.823
G1 X86.551 Y155.195 E104.90856
G1 X86.418 Y155.061 E104.91764
G1 X82.224 Y159.049 E105.19599
G1 X82.358 Y159.182 E105.20507
G1 X80.76 Y160.701 E105.31111
G1 X80.379 Y160.804 E105.33009
G1 X79.898 Y161.261 E105.362
G1 X79.805 Y161.61 E105.37937
G1 X78.165 Y163.169 E105.4882
G1 X78.031 Y163.036 E105.49728
G1 X76.355 Y164.63 E105.60853
G1 X76.355 Y164.63 F7800
G1 X75.648 Y165.562
G1 F4800
G1 X73.972 Y167.156 E105.71978
G1 X73.838 Y167.023 E105.72886
G1 X71.862 Y168.901 E105.85997
G1 X71.769 Y169.25 E105.87734
G1 X71.991 Y169.039 E105.89207
G1 X71.61 Y169.142 E105.91105
G1 X69.645 Y171.01 E106.04145
G1 X69.778 Y171.143 E106.0505
G1 X65.585 Y175.13 E106.32879
G1 X65.452 Y174.997 E106.33784
G1 X63.827 Y176.542 E106.44568
G1 X63.733 Y176.891 E106.46306
G1 X63.222 Y177.377 E106.49698
G1 X62.841 Y177.48 E106.51596
G1 X61.259 Y178.984 E106.62095
G1 X61.392 Y179.117 E106.63
G1 X57.199 Y183.104 E106.90829
G1 X57.066 Y182.971 E106.91734
G1 X55.791 Y184.183 E107.00195
G1 X55.698 Y184.532 E107.01932
G1 X54.453 Y185.715 E107.10192
G1 X54.072 Y185.818 E107.1209
G1 X52.872 Y186.958 E107.20051
G1 X53.006 Y187.091 E107.20959
G1 X48.813 Y191.078 E107.48788
G1 X48.679 Y190.945 E107.49696
G1 X47.755 Y191.823 E107.55826
G1 X47.662 Y192.173 E107.57568
G1 X45.684 Y194.053 E107.70693
G1 X45.303 Y194.156 E107.72591
G1 X44.486 Y194.932 E107.7801
G1 X44.619 Y195.065 E107.78915
G1 X40.426 Y199.053 E108.06747
G1 X40.293 Y198.919 E108.07655
G1 X39.72 Y199.464 E108.11458
G1 X39.626 Y199.813 E108.13196
G1 X36.915 Y202.391 E108.31189
G1 X36.534 Y202.493 E108.33086
G1 X36.1 Y202.906 E108.35967
G1 X36.233 Y203.04 E108.36875
G1 X32.04 Y207.027 E108.64704
G1 X31.907 Y206.893 E108.65612
G1 X31.684 Y207.105 E108.67092
G1 X31.591 Y207.454 E108.68829
G1 X30.44 Y208.548 E108.76467
G1 X30.31 Y208.412 E108.77372
G1 X30.699 Y208.042 E108.79954
G1 E106.79954 F2400
G92 E0
G1 X30.699 Y208.042 F7800
G1 X209.134 Y37.381
G1 E2 F2400
;TYPE:Solid infill
;WIDTH:0.416949
G1 F1200
G1 X209.377 Y37.636 E2.01549
G1 X30.043 Y208.156 E12.89747
G1 X29.8 Y207.9 E12.91299
G1 X208.995 Y37.513 E23.78651
;LAYER_CHANGE
;Z:1.55
;HEIGHT:0.3
G1 Z1.55 F7800
G1 E21.78651 F2400
G92 E0
G1 X208.995 Y37.513 F7800
G92 E0
G1 X190.652 Y12.18
G1 E2 F2400
;TYPE:Perimeter
;WIDTH:0.45
G1 F3600
G1 X10.923 Y183.076 E13.92832
G1 X9.289 Y181.356 E14.04242
G1 X189.018 Y10.461 E25.97071
G1 X189.835 Y11.321 E26.02776
G1 X190.611 Y12.137 E26.08192
G1 X190.611 Y12.137 F7800
G1 X191.197 Y12.194
G1 F3600
G1 X10.909 Y183.621 E38.04732
G1 X8.743 Y181.343 E38.19851
G1 X189.031 Y9.916 E50.16391
G1 X190.114 Y11.055 E50.2395
G1 X191.156 Y12.151 E50.31224
G1 X191.156 Y12.151 F7800
G1 X191.743 Y12.208
;TYPE:External perimeter
G1 F1800
G1 X10.896 Y184.166 E62.31473
G1 X8.198 Y181.329 E62.50303
G1 X189.045 Y9.371 E74.50552
G1 X190.394 Y10.789 E74.59965
G1 X191.701 Y12.164 E74.69089
G1 X191.455 Y12.48 F7800
G1 X189.695 Y12.154
;TYPE:Internal infill
;WIDTH:0.45
G1 F4800
G1 X189.975 Y11.888 E74.70947
G1 X189.276 Y11.152 E74.75829
G1 X188.614 Y11.781 E74.80221
G1 X188.111 Y13.66 E74.89577
G1 X188.386 Y13.399 E74.91401
G1 X187.668 Y12.681 E74.96285
G1 X183.475 Y16.668 E75.24114
G1 X184.192 Y17.386 E75.28994
G1 X184.301 Y17.283 E75.29715
G1 X182.251 Y17.832 E75.39922
G1 X180.579 Y19.422 E75.51019
G1 X180.075 Y21.301 E75.60376
G1 X179.999 Y21.373 E75.6088
G1 X179.282 Y20.655 E75.6576
G1 X175.089 Y24.642 E75.93589
G1 X175.806 Y25.36 E75.98469
G1 X175.532 Y25.621 E76.00289
G1 X173.482 Y26.17 E76.10496
G1 X172.543 Y27.063 E76.16728
G1 X172.04 Y28.941 E76.26079
G1 X171.613 Y29.347 E76.28913
G1 X170.895 Y28.63 E76.33793
G1 X166.702 Y32.617 E76.61622
G1 X167.42 Y33.334 E76.66502
G1 X166.763 Y33.959 E76.70863
G1 X164.713 Y34.508 E76.8107
G1 X164.507 Y34.704 E76.82438
G1 X164.004 Y36.582 E76.91789
G1 X163.227 Y37.321 E76.96946
G1 X162.509 Y36.604 E77.01826
G1 X158.316 Y40.591 E77.29655
G1 X159.033 Y41.308 E77.34532
G1 X157.994 Y42.297 E77.41431
G1 X155.944 Y42.846 E77.51638
G1 X156.472 Y42.344 E77.55142
G1 X155.968 Y44.223 E77.64499
G1 X154.84 Y45.295 E77.71983
G1 X154.123 Y44.578 E77.7686
G1 X149.93 Y48.565 E78.04689
G1 X150.647 Y49.282 E78.09566
G1 X149.225 Y50.635 E78.19007
G1 X147.175 Y51.184 E78.29214
G1 X148.436 Y49.985 E78.37583
G1 X147.933 Y51.863 E78.46934
G1 X146.454 Y53.269 E78.56749
G1 X145.736 Y52.552 E78.61629
G1 X144.06 Y54.146 E78.72754
G1 X144.06 Y54.146 F7800
G1 X143.937 Y55.662
G1 F4800
G1 X142.261 Y57.256 E78.83879
G1 X141.543 Y56.539 E78.88759
G1 X140.4 Y57.626 E78.96345
G1 X139.897 Y59.504 E79.05696
G1 X140.456 Y58.973 E79.09404
G1 X138.406 Y59.522 E79.19611
G1 X137.35 Y60.526 E79.26619
G1 X138.068 Y61.244 E79.31503
G1 X133.874 Y65.231 E79.59335
G1 X133.157 Y64.513 E79.64215
G1 X132.365 Y65.266 E79.69471
G1 X131.861 Y67.145 E79.78828
G1 X131.687 Y67.311 E79.79985
G1 X129.637 Y67.86 E79.90192
G1 X128.964 Y68.5 E79.94659
G1 X129.681 Y69.218 E79.99539
G1 X125.488 Y73.205 E80.27368
G1 X124.771 Y72.487 E80.32248
G1 X124.329 Y72.907 E80.35181
G1 X123.826 Y74.785 E80.44532
G1 X122.918 Y75.649 E80.5056
G1 X120.868 Y76.198 E80.60767
G1 X120.577 Y76.474 E80.62696
G1 X121.295 Y77.192 E80.6758
G1 X117.102 Y81.179 E80.95409
G1 X116.384 Y80.461 E81.00293
G1 X116.293 Y80.548 E81.00899
G1 X115.79 Y82.426 E81.1025
G1 X114.149 Y83.987 E81.21143
G1 X112.099 Y84.536 E81.3135
G1 X112.191 Y84.448 E81.31962
G1 X112.909 Y85.166 E81.36846
G1 X108.715 Y89.153 E81.64678
G1 X107.998 Y88.435 E81.69558
G1 X108.258 Y88.188 E81.71283
G1 X107.754 Y90.067 E81.8064
G1 X105.38 Y92.325 E81.96398
G1 X103.33 Y92.874 E82.06605
G1 X103.805 Y92.423 E82.09755
G1 X104.522 Y93.14 E82.14632
G1 X100.329 Y97.127 E82.42461
G1 X99.612 Y96.41 E82.47338
G1 X100.222 Y95.829 E82.5139
G1 X99.719 Y97.708 E82.60746
G1 X98.042 Y99.302 E82.71874
G1 X98.042 Y99.302 F7800
G1 X97.095 Y98.802
G1 F4800
G1 X95.418 Y100.397 E82.83005
G1 X96.136 Y101.114 E82.87885
G1 X96.611 Y100.663 E82.91035
G1 X94.561 Y101.212 E83.01242
G1 X92.186 Y103.47 E83.17004
G1 X91.683 Y105.348 E83.26355
G1 X91.943 Y105.101 E83.2808
G1 X91.225 Y104.384 E83.3296
G1 X87.032 Y108.371 E83.60789
G1 X87.75 Y109.088 E83.65669
G1 X87.842 Y109.001 E83.66278
G1 X85.792 Y109.55 E83.76485
G1 X84.151 Y111.111 E83.87378
G1 X83.647 Y112.989 E83.9673
G1 X83.557 Y113.075 E83.97329
G1 X82.839 Y112.358 E84.02209
G1 X78.646 Y116.345 E84.30038
G1 X79.363 Y117.062 E84.34915
G1 X79.073 Y117.339 E84.36844
G1 X77.023 Y117.888 E84.47051
G1 X76.115 Y118.751 E84.53076
G1 X75.612 Y120.63 E84.62432
G1 X75.17 Y121.05 E84.65365
G1 X74.453 Y120.332 E84.70245
G1 X70.26 Y124.319 E84.98074
G1 X70.977 Y125.037 E85.02954
G1 X70.304 Y125.677 E85.07421
G1 X68.254 Y126.226 E85.17628
G1 X68.079 Y126.392 E85.18788
G1 X67.576 Y128.27 E85.28139
G1 X66.784 Y129.024 E85.33398
G1 X66.066 Y128.306 E85.38282
G1 X61.873 Y132.293 E85.66111
G1 X62.591 Y133.011 E85.70995
G1 X61.535 Y134.015 E85.78003
G1 X59.485 Y134.564 E85.8821
G1 X60.044 Y134.033 E85.91918
G1 X59.54 Y135.911 E86.0127
G1 X58.398 Y136.998 E86.08853
G1 X57.68 Y136.28 E86.13737
G1 X56.003 Y137.875 E86.24868
G1 X56.003 Y137.875 F7800
G1 X55.881 Y139.39
G1 F4800
G1 X54.204 Y140.985 E86.35999
G1 X53.487 Y140.267 E86.40879
G1 X52.008 Y141.673 E86.50694
G1 X51.505 Y143.552 E86.6005
G1 X52.766 Y142.353 E86.68419
G1 X50.716 Y142.902 E86.78626
G1 X49.294 Y144.254 E86.88063
G1 X50.011 Y144.972 E86.92943
G1 X45.818 Y148.959 E87.20772
G1 X45.101 Y148.241 E87.25652
G1 X43.972 Y149.314 E87.33143
G1 X43.469 Y151.192 E87.42494
G1 X43.997 Y150.691 E87.45995
G1 X41.947 Y151.24 E87.56202
G1 X40.907 Y152.228 E87.63101
G1 X41.625 Y152.946 E87.67985
G1 X37.432 Y156.933 E87.95814
G1 X36.714 Y156.216 E88.00694
G1 X35.937 Y156.955 E88.05851
G1 X35.433 Y158.833 E88.15203
G1 X35.228 Y159.029 E88.16567
G1 X33.178 Y159.578 E88.26774
G1 X32.521 Y160.203 E88.31135
G1 X33.239 Y160.92 E88.36015
G1 X29.045 Y164.907 E88.63847
G1 X28.328 Y164.19 E88.68724
G1 X27.901 Y164.596 E88.71558
G1 X27.398 Y166.474 E88.80909
G1 X26.459 Y167.367 E88.87141
G1 X24.409 Y167.916 E88.97348
G1 X24.135 Y168.177 E88.99168
G1 X24.852 Y168.894 E89.04045
G1 X20.659 Y172.881 E89.31874
G1 X19.942 Y172.164 E89.36751
G1 X19.865 Y172.236 E89.37258
G1 X19.362 Y174.115 E89.46614
G1 X17.69 Y175.705 E89.57711
G1 X15.64 Y176.254 E89.67918
G1 X15.748 Y176.151 E89.68636
G1 X16.466 Y176.868 E89.73516
G1 X12.273 Y180.855 E90.01345
G1 X11.555 Y180.138 E90.06225
G1 X11.83 Y179.877 E90.08049
G1 X11.327 Y181.755 E90.174
G1 X10.665 Y182.384 E90.21792
G1 X9.966 Y181.649 E90.2667
G1 X10.246 Y181.383 E90.28528
G1 X10.246 Y181.383 F7800
G1 X9.7 Y181.367
;TYPE:Solid infill
;WIDTH:0.454075
G1 F1200
G1 X189.007 Y10.873 E102.31133
G1 E100.31133 F2400
G92 E0
G1 X189.007 Y10.873 F7800
G1 X10.934 Y182.664
G1 E2 F2400
;WIDTH:0.454077
G1 F1200
G1 X190.241 Y12.17 E14.02611
G1 E12.02611 F2400
G92 E0
G1 X190.241 Y12.17 F7800
G92 E0
G1 X195.634 Y22.622
G1 E2 F2400
;TYPE:Perimeter
;WIDTH:0.45
G1 F3600
G1 X15.905 Y193.518 E13.92832
G1 X14.27 Y191.798 E14.04246
G1 X193.999 Y20.903 E25.97075
G1 X194.817 Y21.763 E26.02784
G1 X195.593 Y22.579 E26.082
G1 X195.593 Y22.579 F7800
G1 X196.179 Y22.636
G1 F3600
G1 X15.891 Y194.063 E38.0474
G1 X13.725 Y191.785 E38.19859
G1 X194.013 Y20.358 E50.16399
G1 X195.096 Y21.497 E50.23958
G1 X196.138 Y22.593 E50.31232
G1 X196.138 Y22.593 F7800
G1 X196.724 Y22.65
;TYPE:External perimeter
G1 F1800
G1 X15.877 Y194.608 E62.31481
G1 X13.18 Y191.771 E62.50308
G1 X194.027 Y19.813 E74.50557
G1 X195.376 Y21.231 E74.5997
G1 X196.683 Y22.606 E74.69094
G1 X196.437 Y22.922 F7800
G1 X194.676 Y22.596
;TYPE:Internal infill
;WIDTH:0.45
G1 F4800
G1 X194.957 Y22.33 E74.70955
G1 X194.258 Y21.594 E74.75837
G1 X193.596 Y22.224 E74.80232
G1 X193.093 Y24.102 E74.89583
G1 X193.367 Y23.841 E74.91403
G1 X192.65 Y23.123 E74.96283
G1 X188.456 Y27.11 E75.24115
G1 X189.174 Y27.828 E75.28999
G1 X189.282 Y27.725 E75.29717
G1 X187.232 Y28.274 E75.39924
G1 X185.56 Y29.864 E75.51021
G1 X185.057 Y31.743 E75.60377
G1 X184.981 Y31.815 E75.60881
G1 X184.263 Y31.097 E75.65765
G1 X180.07 Y35.084 E75.93594
G1 X180.788 Y35.802 E75.98478
G1 X180.513 Y36.063 E76.00302
G1 X178.464 Y36.612 E76.10505
G1 X177.525 Y37.505 E76.16737
G1 X177.021 Y39.383 E76.26089
G1 X176.595 Y39.789 E76.28919
G1 X175.877 Y39.072 E76.33799
G1 X171.684 Y43.059 E76.61628
G1 X172.401 Y43.776 E76.66505
G1 X171.744 Y44.401 E76.70866
G1 X169.695 Y44.95 E76.81069
G1 X169.489 Y45.146 E76.82437
G1 X168.986 Y47.024 E76.91788
G1 X168.208 Y47.763 E76.96949
G1 X167.491 Y47.046 E77.01826
G1 X163.298 Y51.033 E77.29655
G1 X164.015 Y51.75 E77.34532
G1 X162.975 Y52.739 E77.41435
G1 X160.926 Y53.288 E77.51638
G1 X161.453 Y52.786 E77.55139
G1 X160.95 Y54.665 E77.64495
G1 X159.822 Y55.737 E77.71979
G1 X159.104 Y55.02 E77.76859
G1 X154.911 Y59.007 E78.04688
G1 X155.629 Y59.724 E78.09568
G1 X154.206 Y61.077 E78.19012
G1 X152.157 Y61.626 E78.29215
G1 X153.418 Y60.427 E78.37584
G1 X152.914 Y62.305 E78.46936
G1 X151.436 Y63.711 E78.56747
G1 X150.718 Y62.994 E78.61627
G1 X149.041 Y64.588 E78.72755
G1 X149.041 Y64.588 F7800
G1 X148.919 Y66.104
G1 F4800
G1 X147.242 Y67.699 E78.83886
G1 X146.525 Y66.981 E78.88766
G1 X145.382 Y68.068 E78.96352
G1 X144.879 Y69.946 E79.05703
G1 X145.437 Y69.415 E79.09408
G1 X143.388 Y69.964 E79.19611
G1 X142.332 Y70.968 E79.26619
G1 X143.049 Y71.686 E79.31499
G1 X138.856 Y75.673 E79.59328
G1 X138.139 Y74.955 E79.64208
G1 X137.346 Y75.708 E79.69468
G1 X136.843 Y77.587 E79.78824
G1 X136.668 Y77.753 E79.79984
G1 X134.619 Y78.302 E79.90187
G1 X133.945 Y78.942 E79.94657
G1 X134.663 Y79.66 E79.99541
G1 X130.47 Y83.647 E80.2737
G1 X129.752 Y82.929 E80.32254
G1 X129.311 Y83.349 E80.35183
G1 X128.807 Y85.227 E80.44535
G1 X127.899 Y86.091 E80.50563
G1 X125.85 Y86.64 E80.60766
G1 X125.559 Y86.916 E80.62695
G1 X126.277 Y87.634 E80.67579
G1 X122.083 Y91.621 E80.95411
G1 X121.366 Y90.903 E81.00291
G1 X121.275 Y90.99 E81.00897
G1 X120.772 Y92.868 E81.10248
G1 X119.13 Y94.429 E81.21145
G1 X117.081 Y94.978 E81.31348
G1 X117.173 Y94.89 E81.3196
G1 X117.89 Y95.608 E81.3684
G1 X113.697 Y99.595 E81.64669
G1 X112.98 Y98.878 E81.69546
G1 X113.239 Y98.631 E81.71267
G1 X112.736 Y100.509 E81.80618
G1 X110.361 Y102.767 E81.9638
G1 X108.312 Y103.316 E82.06583
G1 X108.786 Y102.865 E82.0973
G1 X109.504 Y103.582 E82.1461
G1 X105.311 Y107.569 E82.42439
G1 X104.593 Y106.852 E82.47319
G1 X105.204 Y106.271 E82.51374
G1 X104.7 Y108.15 E82.60731
G1 X103.024 Y109.744 E82.71856
G1 X103.024 Y109.744 F7800
G1 X102.077 Y109.244
G1 F4800
G1 X100.4 Y110.839 E82.82987
G1 X101.118 Y111.556 E82.87867
G1 X101.592 Y111.105 E82.91014
G1 X99.543 Y111.654 E83.01217
G1 X97.168 Y113.912 E83.16979
G1 X96.665 Y115.79 E83.2633
G1 X96.925 Y115.543 E83.28055
G1 X96.207 Y114.826 E83.32935
G1 X92.014 Y118.813 E83.60764
G1 X92.731 Y119.53 E83.65641
G1 X92.823 Y119.443 E83.6625
G1 X90.774 Y119.992 E83.76453
G1 X89.132 Y121.553 E83.8735
G1 X88.629 Y123.431 E83.96701
G1 X88.538 Y123.517 E83.97303
G1 X87.821 Y122.8 E84.0218
G1 X83.628 Y126.787 E84.30009
G1 X84.345 Y127.504 E84.34886
G1 X84.055 Y127.781 E84.36815
G1 X82.005 Y128.33 E84.47022
G1 X81.097 Y129.193 E84.53047
G1 X80.593 Y131.072 E84.62404
G1 X80.152 Y131.492 E84.65333
G1 X79.434 Y130.774 E84.70217
G1 X75.241 Y134.761 E84.98046
G1 X75.959 Y135.479 E85.0293
G1 X75.286 Y136.119 E85.07397
G1 X73.236 Y136.668 E85.17604
G1 X73.061 Y136.834 E85.18764
G1 X72.558 Y138.712 E85.28115
G1 X71.766 Y139.466 E85.33374
G1 X71.048 Y138.748 E85.38258
G1 X66.855 Y142.735 E85.66087
G1 X67.572 Y143.453 E85.70967
G1 X66.517 Y144.457 E85.77972
G1 X64.467 Y145.006 E85.88179
G1 X65.025 Y144.475 E85.91884
G1 X64.522 Y146.353 E86.01235
G1 X63.379 Y147.44 E86.08821
G1 X62.662 Y146.722 E86.13701
G1 X60.985 Y148.317 E86.24832
G1 X60.985 Y148.317 F7800
G1 X60.863 Y149.833
G1 F4800
G1 X59.186 Y151.427 E86.3596
G1 X58.469 Y150.709 E86.4084
G1 X56.99 Y152.115 E86.50655
G1 X56.486 Y153.994 E86.60012
G1 X57.748 Y152.795 E86.68384
G1 X55.698 Y153.344 E86.78591
G1 X54.275 Y154.696 E86.88032
G1 X54.993 Y155.414 E86.92916
G1 X50.8 Y159.401 E87.20745
G1 X50.082 Y158.683 E87.25629
G1 X48.954 Y159.756 E87.33117
G1 X48.451 Y161.634 E87.42468
G1 X48.979 Y161.133 E87.45969
G1 X46.929 Y161.682 E87.56176
G1 X45.889 Y162.671 E87.63079
G1 X46.607 Y163.388 E87.67959
G1 X42.413 Y167.375 E87.95791
G1 X41.696 Y166.658 E88.00668
G1 X40.918 Y167.397 E88.05829
G1 X40.415 Y169.275 E88.1518
G1 X40.21 Y169.471 E88.16544
G1 X38.16 Y170.02 E88.26751
G1 X37.503 Y170.645 E88.31112
G1 X38.22 Y171.362 E88.35989
G1 X34.027 Y175.349 E88.63818
G1 X33.31 Y174.632 E88.68695
G1 X32.883 Y175.038 E88.71529
G1 X32.379 Y176.916 E88.80881
G1 X31.441 Y177.809 E88.8711
G1 X29.391 Y178.358 E88.97317
G1 X29.116 Y178.619 E88.99141
G1 X29.834 Y179.336 E89.04021
G1 X25.641 Y183.323 E89.3185
G1 X24.923 Y182.606 E89.3673
G1 X24.847 Y182.678 E89.37234
G1 X24.344 Y184.557 E89.4659
G1 X22.672 Y186.147 E89.57687
G1 X20.622 Y186.696 E89.67894
G1 X20.73 Y186.593 E89.68612
G1 X21.448 Y187.31 E89.73492
G1 X17.254 Y191.297 E90.01324
G1 X16.537 Y190.58 E90.06201
G1 X16.811 Y190.319 E90.08021
G1 X16.308 Y192.197 E90.17372
G1 X15.647 Y192.826 E90.21761
G1 X14.948 Y192.091 E90.26639
G1 X15.228 Y191.825 E90.28497
G1 X15.228 Y191.825 F7800
G1 X14.682 Y191.809
;TYPE:Solid infill
;WIDTH:0.454075
G1 F1200
G1 X193.989 Y21.315 E102.31102
G1 E100.31102 F2400
G92 E0
G1 X15.915 Y193.106 F7800
G1 E2 F2400
;WIDTH:0.454077
G1 F1200
G1 X195.222 Y22.612 E14.02611
G1 E12.02611 F2400
G92 E0
G1 X195.222 Y22.612 F7800
G92 E0
G1 X203.18 Y30.626
G1 E2 F2400
;TYPE:Perimeter
;WIDTH:0.45
G1 F3600
G1 X23.451 Y201.521 E13.92829
G1 X21.817 Y199.802 E14.04236
G1 X201.546 Y28.907 E25.97065
G1 X202.363 Y29.766 E26.02767
G1 X203.139 Y30.582 E26.08183
G1 X203.139 Y30.582 F7800
G1 X203.726 Y30.639
G1 F3600
G1 X23.438 Y202.066 E38.04723
G1 X21.271 Y199.788 E38.19845
G1 X201.559 Y28.361 E50.16385
G1 X202.642 Y29.5 E50.23944
G1 X203.684 Y30.596 E50.31218
G1 X203.684 Y30.596 F7800
G1 X204.271 Y30.653
;TYPE:External perimeter
G1 F1800
G1 X23.424 Y202.611 E62.31467
G1 X20.726 Y199.774 E62.50297
G1 X201.573 Y27.816 E74.50546
G1 X202.922 Y29.235 E74.59963
G1 X204.229 Y30.61 E74.69087
G1 X203.984 Y30.925 F7800
G1 X202.223 Y30.599
;TYPE:Internal infill
;WIDTH:0.45
G1 F4800
G1 X202.503 Y30.333 E74.70945
G1 X201.804 Y29.598 E74.75823
G1 X201.142 Y30.227 E74.80215
G1 X200.639 Y32.105 E74.89566
G1 X200.914 Y31.844 E74.9139
G1 X200.196 Y31.127 E74.9627
G1 X196.003 Y35.114 E75.24099
G1 X196.72 Y35.831 E75.28976
G1 X196.829 Y35.728 E75.29697
G1 X194.779 Y36.278 E75.39905
G1 X193.107 Y37.868 E75.51002
G1 X192.603 Y39.746 E75.60354
G1 X192.527 Y39.818 E75.60858
G1 X191.81 Y39.101 E75.65735
G1 X187.617 Y43.088 E75.93564
G1 X188.334 Y43.805 E75.98441
G1 X188.06 Y44.066 E76.00261
G1 X186.01 Y44.616 E76.10469
G1 X185.071 Y45.508 E76.16698
G1 X184.568 Y47.387 E76.26054
G1 X184.141 Y47.792 E76.28885
G1 X183.423 Y47.075 E76.33765
G1 X179.23 Y51.062 E76.61594
G1 X179.948 Y51.779 E76.66474
G1 X179.291 Y52.404 E76.70835
G1 X177.241 Y52.954 E76.81043
G1 X177.035 Y53.149 E76.82407
G1 X176.532 Y55.027 E76.91758
G1 X175.755 Y55.767 E76.96919
G1 X175.037 Y55.049 E77.01803
G1 X170.844 Y59.036 E77.29632
G1 X171.561 Y59.754 E77.34512
G1 X170.522 Y60.742 E77.41408
G1 X168.472 Y61.291 E77.51615
G1 X169 Y60.79 E77.55116
G1 X168.496 Y62.668 E77.64468
G1 X167.368 Y63.741 E77.71956
G1 X166.651 Y63.023 E77.76836
G1 X162.458 Y67.01 E78.04665
G1 X163.175 Y67.728 E78.09545
G1 X161.753 Y69.08 E78.18982
G1 X159.703 Y69.629 E78.29189
G1 X160.964 Y68.43 E78.37558
G1 X160.461 Y70.309 E78.46914
G1 X158.982 Y71.715 E78.56729
G1 X158.264 Y70.997 E78.61613
G1 X156.588 Y72.592 E78.72741
G1 X156.588 Y72.592 F7800
G1 X156.466 Y74.108
G1 F4800
G1 X154.789 Y75.702 E78.83869
G1 X154.071 Y74.984 E78.88753
G1 X152.928 Y76.071 E78.96339
G1 X152.425 Y77.949 E79.0569
G1 X152.984 Y77.418 E79.09398
G1 X150.934 Y77.967 E79.19605
G1 X149.878 Y78.971 E79.26613
G1 X150.596 Y79.689 E79.31497
G1 X146.403 Y83.676 E79.59326
G1 X145.685 Y82.958 E79.6421
G1 X144.893 Y83.712 E79.69469
G1 X144.389 Y85.59 E79.78821
G1 X144.215 Y85.756 E79.79978
G1 X142.165 Y86.305 E79.90185
G1 X141.492 Y86.946 E79.94655
G1 X142.209 Y87.663 E79.99532
G1 X138.016 Y91.65 E80.27361
G1 X137.299 Y90.933 E80.32238
G1 X136.857 Y91.352 E80.35167
G1 X136.354 Y93.231 E80.44523
G1 X135.446 Y94.094 E80.50548
G1 X133.396 Y94.643 E80.60755
G1 X133.106 Y94.92 E80.62684
G1 X133.823 Y95.637 E80.67561
G1 X129.63 Y99.624 E80.9539
G1 X128.912 Y98.907 E81.0027
G1 X128.821 Y98.993 E81.00872
G1 X128.318 Y100.872 E81.10228
G1 X126.677 Y102.432 E81.21118
G1 X124.627 Y102.981 E81.31325
G1 X124.719 Y102.894 E81.31934
G1 X125.437 Y103.611 E81.36814
G1 X121.244 Y107.598 E81.64643
G1 X120.526 Y106.881 E81.69523
G1 X120.786 Y106.634 E81.71248
G1 X120.283 Y108.512 E81.80599
G1 X117.908 Y110.77 E81.96361
G1 X115.858 Y111.319 E82.06568
G1 X116.333 Y110.868 E82.09718
G1 X117.05 Y111.585 E82.14595
G1 X112.857 Y115.573 E82.42427
G1 X112.14 Y114.855 E82.47307
G1 X112.75 Y114.275 E82.51355
G1 X112.247 Y116.153 E82.60706
G1 X110.57 Y117.747 E82.71834
G1 X110.57 Y117.747 F7800
G1 X109.623 Y117.248
G1 F4800
G1 X107.947 Y118.842 E82.82959
G1 X108.664 Y119.56 E82.87839
G1 X109.139 Y119.108 E82.90993
G1 X107.089 Y119.657 E83.012
G1 X104.714 Y121.915 E83.16962
G1 X104.211 Y123.794 E83.26318
G1 X104.471 Y123.547 E83.28043
G1 X103.753 Y122.829 E83.32927
G1 X99.56 Y126.816 E83.60756
G1 X100.278 Y127.534 E83.6564
G1 X100.37 Y127.446 E83.66252
G1 X98.32 Y127.995 E83.76459
G1 X96.679 Y129.556 E83.87352
G1 X96.176 Y131.434 E83.96703
G1 X96.085 Y131.521 E83.97309
G1 X95.367 Y130.803 E84.02193
G1 X91.174 Y134.79 E84.30022
G1 X91.891 Y135.508 E84.34902
G1 X91.601 Y135.784 E84.36828
G1 X89.551 Y136.333 E84.47035
G1 X88.643 Y137.197 E84.53063
G1 X88.14 Y139.075 E84.62414
G1 X87.698 Y139.495 E84.65347
G1 X86.981 Y138.777 E84.70227
G1 X82.788 Y142.764 E84.98056
G1 X83.505 Y143.482 E85.02936
G1 X82.832 Y144.122 E85.07403
G1 X80.782 Y144.671 E85.1761
G1 X80.608 Y144.837 E85.18767
G1 X80.104 Y146.716 E85.28124
G1 X79.312 Y147.469 E85.3338
G1 X78.594 Y146.751 E85.38264
G1 X74.401 Y150.739 E85.66096
G1 X75.119 Y151.456 E85.70976
G1 X74.063 Y152.46 E85.77984
G1 X72.013 Y153.009 E85.88191
G1 X72.572 Y152.478 E85.91899
G1 X72.069 Y154.356 E86.0125
G1 X70.926 Y155.443 E86.08836
G1 X70.208 Y154.726 E86.13716
G1 X68.531 Y156.32 E86.24844
G1 X68.531 Y156.32 F7800
G1 X68.409 Y157.836
G1 F4800
G1 X66.733 Y159.43 E86.35969
G1 X66.015 Y158.713 E86.40849
G1 X64.536 Y160.119 E86.50664
G1 X64.033 Y161.997 E86.60015
G1 X65.294 Y160.798 E86.68384
G1 X63.244 Y161.347 E86.78591
G1 X61.822 Y162.7 E86.88032
G1 X62.539 Y163.417 E86.92909
G1 X58.346 Y167.404 E87.20738
G1 X57.629 Y166.687 E87.25615
G1 X56.501 Y167.759 E87.33099
G1 X55.997 Y169.638 E87.42456
G1 X56.525 Y169.136 E87.4596
G1 X54.475 Y169.685 E87.56167
G1 X53.436 Y170.674 E87.63066
G1 X54.153 Y171.391 E87.67943
G1 X49.96 Y175.378 E87.95772
G1 X49.242 Y174.661 E88.00652
G1 X48.465 Y175.4 E88.05809
G1 X47.962 Y177.279 E88.15165
G1 X47.756 Y177.474 E88.16529
G1 X45.706 Y178.023 E88.26736
G1 X45.049 Y178.648 E88.31097
G1 X45.767 Y179.366 E88.35981
G1 X41.574 Y183.353 E88.6381
G1 X40.856 Y182.635 E88.68694
G1 X40.429 Y183.041 E88.71528
G1 X39.926 Y184.919 E88.80879
G1 X38.987 Y185.812 E88.87111
G1 X36.937 Y186.361 E88.97318
G1 X36.663 Y186.622 E88.99138
G1 X37.38 Y187.34 E89.04018
G1 X33.187 Y191.327 E89.31847
G1 X32.47 Y190.609 E89.36727
G1 X32.394 Y190.682 E89.37234
G1 X31.89 Y192.56 E89.46586
G1 X30.218 Y194.15 E89.57683
G1 X28.168 Y194.699 E89.6789
G1 X28.277 Y194.596 E89.68611
G1 X28.994 Y195.314 E89.73491
G1 X24.801 Y199.301 E90.0132
G1 X24.083 Y198.583 E90.06204
G1 X24.358 Y198.322 E90.08028
G1 X23.855 Y200.201 E90.17384
G1 X23.193 Y200.83 E90.21776
G1 X22.494 Y200.095 E90.26654
G1 X22.774 Y199.828 E90.28515
G1 X22.774 Y199.828 F7800
G1 X22.228 Y199.812
;TYPE:Solid infill
;WIDTH:0.454075
G1 F1200
G1 X201.535 Y29.318 E102.3112
G1 E100.3112 F2400
G92 E0
G1 X201.535 Y29.318 F7800
G1 X23.462 Y201.109
G1 E2 F2400
;WIDTH:0.454077
G1 F1200
G1 X202.769 Y30.615 E14.02611
G1 E12.02611 F2400
G92 E0
G1 X202.769 Y30.615 F7800
G92 E0
G1 X210.711 Y38.644
G1 E2 F2400
;TYPE:Perimeter
;WIDTH:0.45
G1 F3600
G1 X30.982 Y209.539 E13.92829
G1 X29.348 Y207.82 E14.04236
G1 X209.077 Y36.924 E25.97068
G1 X209.894 Y37.784 E26.02773
G1 X210.67 Y38.6 E26.08189
G1 X210.67 Y38.6 F7800
G1 X211.257 Y38.657
G1 F3600
G1 X30.969 Y210.084 E38.04729
G1 X28.803 Y207.806 E38.19848
G1 X209.091 Y36.379 E50.16388
G1 X210.174 Y37.518 E50.23947
G1 X211.215 Y38.614 E50.31217
G1 X211.215 Y38.614 F7800
G1 X211.802 Y38.671
;TYPE:External perimeter
G1 F1800
G1 X30.955 Y210.629 E62.31466
G1 X28.257 Y207.792 E62.50296
G1 X209.104 Y35.834 E74.50545
G1 X210.453 Y37.253 E74.59962
G1 X211.76 Y38.628 E74.69086
G1 X211.515 Y38.943 F7800
G1 X209.754 Y38.617
;TYPE:Internal infill
;WIDTH:0.45
G1 F4800
G1 X210.034 Y38.351 E74.70944
G1 X209.335 Y37.616 E74.75822
G1 X208.674 Y38.245 E74.80211
G1 X208.17 Y40.123 E74.89563
G1 X208.445 Y39.862 E74.91387
G1 X207.727 Y39.145 E74.96267
G1 X203.534 Y43.132 E75.24096
G1 X204.252 Y43.849 E75.28976
G1 X204.36 Y43.746 E75.29694
G1 X202.31 Y44.295 E75.39901
G1 X200.638 Y45.885 E75.50998
G1 X200.135 Y47.764 E75.60354
G1 X200.058 Y47.836 E75.60861
G1 X199.341 Y47.119 E75.65738
G1 X195.148 Y51.106 E75.93567
G1 X195.865 Y51.823 E75.98444
G1 X195.591 Y52.084 E76.00264
G1 X193.541 Y52.633 E76.10471
G1 X192.602 Y53.526 E76.16703
G1 X192.099 Y55.404 E76.26054
G1 X191.672 Y55.81 E76.28888
G1 X190.955 Y55.093 E76.33765
G1 X186.761 Y59.08 E76.61597
G1 X187.479 Y59.797 E76.66477
G1 X186.822 Y60.422 E76.70838
G1 X184.772 Y60.971 E76.81045
G1 X184.567 Y61.167 E76.82409
G1 X184.063 Y63.045 E76.91761
G1 X183.286 Y63.784 E76.96918
G1 X182.568 Y63.067 E77.01798
G1 X178.375 Y67.054 E77.29627
G1 X179.093 Y67.772 E77.34511
G1 X178.053 Y68.76 E77.4141
G1 X176.003 Y69.309 E77.51617
G1 X176.531 Y68.808 E77.55118
G1 X176.028 Y70.686 E77.64469
G1 X174.899 Y71.759 E77.7196
G1 X174.182 Y71.041 E77.7684
G1 X169.989 Y75.028 E78.04669
G1 X170.706 Y75.746 E78.09549
G1 X169.284 Y77.098 E78.18986
G1 X167.234 Y77.647 E78.29193
G1 X168.495 Y76.448 E78.37562
G1 X167.992 Y78.327 E78.46918
G1 X166.513 Y79.733 E78.56733
G1 X165.796 Y79.015 E78.61613
G1 X164.119 Y80.61 E78.72744
G1 X164.119 Y80.61 F7800
G1 X163.997 Y82.125
G1 F4800
G1 X162.32 Y83.72 E78.83875
G1 X161.602 Y83.002 E78.88759
G1 X160.46 Y84.089 E78.96342
G1 X159.956 Y85.967 E79.05694
G1 X160.515 Y85.436 E79.09402
G1 X158.465 Y85.985 E79.19609
G1 X157.409 Y86.989 E79.26617
G1 X158.127 Y87.707 E79.31501
G1 X153.934 Y91.694 E79.5933
G1 X153.216 Y90.976 E79.64214
G1 X152.424 Y91.73 E79.69473
G1 X151.921 Y93.608 E79.78824
G1 X151.746 Y93.774 E79.79984
G1 X149.696 Y94.323 E79.90191
G1 X149.023 Y94.963 E79.94658
G1 X149.74 Y95.681 E79.99538
G1 X145.547 Y99.668 E80.27367
G1 X144.83 Y98.95 E80.32247
G1 X144.388 Y99.37 E80.3518
G1 X143.885 Y101.249 E80.44536
G1 X142.977 Y102.112 E80.50561
G1 X140.927 Y102.661 E80.60768
G1 X140.637 Y102.938 E80.62697
G1 X141.354 Y103.655 E80.67574
G1 X137.161 Y107.642 E80.95403
G1 X136.443 Y106.925 E81.00283
G1 X136.353 Y107.011 E81.00882
G1 X135.849 Y108.889 E81.10234
G1 X134.208 Y110.45 E81.21127
G1 X132.158 Y110.999 E81.31334
G1 X132.25 Y110.912 E81.31943
G1 X132.968 Y111.629 E81.36823
G1 X128.775 Y115.616 E81.64652
G1 X128.057 Y114.899 E81.69532
G1 X128.317 Y114.652 E81.71257
G1 X127.814 Y116.53 E81.80608
G1 X125.439 Y118.788 E81.9637
G1 X123.389 Y119.337 E82.06577
G1 X123.864 Y118.886 E82.09727
G1 X124.582 Y119.603 E82.14607
G1 X120.388 Y123.59 E82.42439
G1 X119.671 Y122.873 E82.47316
G1 X120.281 Y122.292 E82.51368
G1 X119.778 Y124.171 E82.60724
G1 X118.101 Y125.765 E82.71852
G1 X118.101 Y125.765 F7800
G1 X117.154 Y125.266
G1 F4800
G1 X115.478 Y126.86 E82.82977
G1 X116.195 Y127.577 E82.87854
G1 X116.67 Y127.126 E82.91004
G1 X114.62 Y127.675 E83.01211
G1 X112.246 Y129.933 E83.16969
G1 X111.742 Y131.812 E83.26326
G1 X112.002 Y131.565 E83.28051
G1 X111.285 Y130.847 E83.32931
G1 X107.091 Y134.834 E83.60763
G1 X107.809 Y135.552 E83.65647
G1 X107.901 Y135.464 E83.66259
G1 X105.851 Y136.013 E83.76466
G1 X104.21 Y137.574 E83.87359
G1 X103.707 Y139.452 E83.9671
G1 X103.616 Y139.539 E83.97316
G1 X102.898 Y138.821 E84.022
G1 X98.705 Y142.808 E84.30029
G1 X99.423 Y143.526 E84.34913
G1 X99.132 Y143.802 E84.36842
G1 X97.082 Y144.351 E84.47049
G1 X96.174 Y145.215 E84.53077
G1 X95.671 Y147.093 E84.62428
G1 X95.229 Y147.513 E84.65361
G1 X94.512 Y146.795 E84.70241
G1 X90.319 Y150.782 E84.9807
G1 X91.036 Y151.5 E85.0295
G1 X90.363 Y152.14 E85.07417
G1 X88.313 Y152.689 E85.17624
G1 X88.139 Y152.855 E85.18781
G1 X87.635 Y154.734 E85.28138
G1 X86.843 Y155.487 E85.33394
G1 X86.126 Y154.769 E85.38274
G1 X81.932 Y158.756 E85.66106
G1 X82.65 Y159.474 E85.7099
G1 X81.594 Y160.478 E85.77998
G1 X79.544 Y161.027 E85.88205
G1 X80.103 Y160.496 E85.91913
G1 X79.6 Y162.374 E86.01264
G1 X78.457 Y163.461 E86.0885
G1 X77.739 Y162.744 E86.1373
G1 X76.063 Y164.338 E86.24855
G1 X76.063 Y164.338 F7800
G1 X75.94 Y165.854
G1 F4800
G1 X74.264 Y167.448 E86.3598
G1 X73.546 Y166.731 E86.4086
G1 X72.067 Y168.137 E86.50675
G1 X71.564 Y170.015 E86.60026
G1 X72.825 Y168.816 E86.68395
G1 X70.775 Y169.365 E86.78602
G1 X69.353 Y170.718 E86.88043
G1 X70.07 Y171.435 E86.9292
G1 X65.877 Y175.422 E87.20749
G1 X65.16 Y174.705 E87.25626
G1 X64.032 Y175.777 E87.3311
G1 X63.528 Y177.656 E87.42467
G1 X64.056 Y177.154 E87.45971
G1 X62.006 Y177.703 E87.56178
G1 X60.967 Y178.692 E87.63077
G1 X61.684 Y179.409 E87.67954
G1 X57.491 Y183.396 E87.95783
G1 X56.773 Y182.679 E88.00663
G1 X55.996 Y183.418 E88.0582
G1 X55.493 Y185.296 E88.15171
G1 X55.287 Y185.492 E88.16539
G1 X53.237 Y186.041 E88.26746
G1 X52.58 Y186.666 E88.31107
G1 X53.298 Y187.383 E88.35987
G1 X49.105 Y191.37 E88.63816
G1 X48.387 Y190.653 E88.68696
G1 X47.96 Y191.059 E88.7153
G1 X47.457 Y192.937 E88.80881
G1 X46.518 Y193.83 E88.87113
G1 X44.468 Y194.379 E88.9732
G1 X44.194 Y194.64 E88.9914
G1 X44.912 Y195.358 E89.04024
G1 X40.718 Y199.345 E89.31856
G1 X40.001 Y198.627 E89.36736
G1 X39.925 Y198.699 E89.3724
G1 X39.421 Y200.578 E89.46597
G1 X37.749 Y202.168 E89.57694
G1 X35.699 Y202.717 E89.67901
G1 X35.808 Y202.614 E89.68622
G1 X36.525 Y203.332 E89.73502
G1 X32.332 Y207.319 E90.01331
G1 X31.615 Y206.601 E90.06211
G1 X31.889 Y206.34 E90.08031
G1 X31.386 Y208.219 E90.17387
G1 X30.724 Y208.848 E90.21779
G1 X30.025 Y208.112 E90.26661
G1 X30.305 Y207.846 E90.28519
G1 X30.305 Y207.846 F7800
G1 X29.76 Y207.83
;TYPE:Solid infill
;WIDTH:0.454075
G1 F1200
G1 X209.066 Y37.336 E102.3112
G1 E100.3112 F2400
G92 E0
G1 X209.066 Y37.336 F7800
G1 X30.993 Y209.127
G1 E2 F2400
;WIDTH:0.454077
G1 F1200
G1 X210.3 Y38.633 E14.02611
;LAYER_CHANGE
;Z:1.85
;HEIGHT:0.3
G1 Z1.85 F7800
G1 E12.02611 F2400
G92 E0
G1 X210.3 Y38.633 F7800
G92 E0
G1 X190.719 Y12.251
G1 E2 F2400
;TYPE:Perimeter
;WIDTH:0.45
G1 F3600
G1 X10.99 Y183.146 E13.92829
G1 X9.221 Y181.286 E14.05175
G1 X188.95 Y10.391 E25.98004
G1 X189.835 Y11.321 E26.04179
G1 X190.678 Y12.207 E26.10061
G1 X190.678 Y12.207 F7800
G1 X191.265 Y12.265
G1 F3600
G1 X10.977 Y183.691 E38.06598
G1 X8.676 Y181.272 E38.22655
G1 X188.964 Y9.845 E50.19195
G1 X190.114 Y11.055 E50.27224
G1 X191.223 Y12.221 E50.34964
G1 X191.223 Y12.221 F7800
G1 X191.81 Y12.278
;TYPE:External perimeter
G1 F1800
G1 X10.963 Y184.237 E62.35216
G1 X8.131 Y181.258 E62.54985
G1 X188.978 Y9.3 E74.55234
G1 X190.394 Y10.789 E74.65117
G1 X191.768 Y12.235 E74.74711
G1 X191.523 Y12.55 F7800
G1 X190.159 Y12.385
;TYPE:Internal infill
;WIDTH:0.45
G1 F4800
G1 X190.311 Y12.241 E74.75718
G1 X188.94 Y10.799 E74.85288
G1 X188.856 Y10.879 E74.85846
G1 X187.869 Y14.562 E75.04185
G1 X188.73 Y13.743 E75.099
G1 X187.323 Y12.337 E75.19467
G1 X183.13 Y16.324 E75.47296
G1 X184.537 Y17.73 E75.56863
G1 X185.285 Y17.019 E75.61827
G1 X181.266 Y18.096 E75.81839
G1 X180.82 Y18.52 E75.84799
G1 X179.834 Y22.203 E76.03137
G1 X180.344 Y21.718 E76.06522
G1 X178.937 Y20.311 E76.16092
G1 X174.744 Y24.298 E76.43921
G1 X176.151 Y25.705 E76.53491
G1 X176.516 Y25.357 E76.55917
G1 X172.497 Y26.434 E76.75929
G1 X172.785 Y26.161 E76.77838
G1 X171.798 Y29.843 E76.96172
G1 X171.957 Y29.692 E76.97227
G1 X170.551 Y28.285 E77.06794
G1 X166.358 Y32.272 E77.34623
G1 X167.747 Y33.695 E77.44187
G1 X163.728 Y34.772 E77.64199
G1 X164.749 Y33.802 E77.70972
G1 X163.762 Y37.484 E77.89306
G1 X163.571 Y37.666 E77.90575
G1 X162.164 Y36.259 E78.00145
G1 X157.971 Y40.246 E78.27974
G1 X159.378 Y41.653 E78.37544
G1 X158.978 Y42.033 E78.40198
G1 X154.96 Y43.11 E78.60205
G1 X153.778 Y44.233 E78.68047
G1 X155.185 Y45.64 E78.77617
G1 X155.727 Y45.125 E78.81213
G1 X156.713 Y41.442 E78.99551
G1 X155.099 Y42.977 E79.10264
G1 E77.10264 F2400
G92 E0
G1 X155.099 Y42.977 F7800
G1 X151.262 Y46.626
G1 E2 F2400
G1 F4800
G1 X149.585 Y48.22 E2.11128
G1 X150.992 Y49.627 E2.20698
G1 X150.209 Y50.371 E2.25893
G1 X146.191 Y51.448 E2.459
G1 X145.392 Y52.207 E2.512
G1 X146.799 Y53.614 E2.6077
G1 X147.691 Y52.765 E2.66693
G1 X148.678 Y49.083 E2.85027
G1 X147.001 Y50.677 E2.96155
G1 E.96155 F2400
G92 E0
G1 X147.001 Y50.677 F7800
G1 X141.3 Y58.842
G1 E2 F2400
G1 F4800
G1 X139.655 Y60.406 E2.10917
G1 X140.642 Y56.724 E2.29251
G1 X141.199 Y56.194 E2.32949
G1 X142.605 Y57.601 E2.42516
G1 X141.44 Y58.709 E2.50249
G1 X137.422 Y59.786 E2.70256
G1 X137.005 Y60.181 E2.73019
G1 X138.412 Y61.588 E2.82589
G1 X134.219 Y65.575 E3.10418
G1 X132.812 Y64.169 E3.19985
G1 X132.606 Y64.364 E3.21349
G1 X131.62 Y68.047 E3.39687
G1 X132.671 Y67.047 E3.46664
G1 X128.653 Y68.124 E3.66671
G1 X128.619 Y68.156 E3.66896
G1 X130.026 Y69.562 E3.76463
G1 X125.833 Y73.549 E4.04292
G1 X124.426 Y72.143 E4.13859
G1 X124.571 Y72.005 E4.14822
G1 X123.584 Y75.687 E4.33156
G1 X123.902 Y75.385 E4.35265
G1 X119.884 Y76.462 E4.55272
G1 X120.233 Y76.13 E4.57589
G1 X121.64 Y77.536 E4.67156
G1 X117.446 Y81.523 E4.94988
G1 X116.04 Y80.117 E5.04551
G1 X116.535 Y79.646 E5.07837
G1 X115.548 Y83.328 E5.26171
G1 X115.133 Y83.723 E5.28927
G1 X111.115 Y84.8 E5.48934
G1 X111.847 Y84.104 E5.53792
G1 X113.253 Y85.511 E5.63359
G1 X109.06 Y89.498 E5.91188
G1 X107.653 Y88.091 E6.00758
G1 X108.499 Y87.286 E6.06375
G1 X107.513 Y90.969 E6.24713
G1 X106.364 Y92.061 E6.32337
G1 X102.346 Y93.138 E6.52344
G1 X103.46 Y92.078 E6.5974
G1 X104.867 Y93.485 E6.6931
G1 X100.674 Y97.472 E6.97139
G1 X99.267 Y96.065 E7.06709
G1 X100.464 Y94.927 E7.14653
G1 X99.477 Y98.61 E7.32992
G1 X97.8 Y100.204 E7.4412
G1 E5.4412 F2400
G92 E0
G1 X97.8 Y100.204 F7800
G1 X96.751 Y98.458
G1 E2 F2400
G1 F4800
G1 X95.074 Y100.052 E2.11128
G1 X96.481 Y101.459 E2.20698
G1 X97.595 Y100.399 E2.28094
G1 X93.577 Y101.476 E2.48101
G1 X92.428 Y102.568 E2.55725
G1 X91.441 Y106.25 E2.74059
G1 X92.287 Y105.446 E2.79672
G1 X90.881 Y104.039 E2.89239
G1 X86.688 Y108.026 E3.17068
G1 X88.094 Y109.433 E3.26635
G1 X88.826 Y108.737 E3.31493
G1 X84.808 Y109.814 E3.515
G1 X84.392 Y110.209 E3.54259
G1 X83.406 Y113.891 E3.72592
G1 X83.901 Y113.42 E3.75878
G1 X82.494 Y112.013 E3.85448
G1 X78.301 Y116 E4.13277
G1 X79.708 Y117.407 E4.22847
G1 X80.057 Y117.075 E4.25164
G1 X76.039 Y118.152 E4.45171
G1 X76.357 Y117.849 E4.47284
G1 X75.37 Y121.532 E4.65623
G1 X75.515 Y121.394 E4.66586
G1 X74.108 Y119.987 E4.76156
G1 X69.915 Y123.974 E5.03985
G1 X71.322 Y125.381 E5.13555
G1 X71.288 Y125.413 E5.1378
G1 X67.27 Y126.49 E5.33787
G1 X68.321 Y125.49 E5.40764
G1 X67.334 Y129.172 E5.59098
G1 X67.128 Y129.368 E5.60466
G1 X65.722 Y127.962 E5.70029
G1 X61.529 Y131.949 E5.97858
G1 X62.935 Y133.355 E6.07421
G1 X62.519 Y133.751 E6.10183
G1 X58.501 Y134.828 E6.3019
G1 X57.335 Y135.936 E6.37926
G1 X58.742 Y137.342 E6.47493
G1 X59.299 Y136.813 E6.51188
G1 X60.285 Y133.131 E6.69521
G1 X58.64 Y134.695 E6.80438
G1 E4.80438 F2400
G92 E0
G1 X58.64 Y134.695 F7800
G1 X52.94 Y142.859
G1 E2 F2400
G1 F4800
G1 X51.263 Y144.454 E2.11131
G1 X52.25 Y140.771 E2.2947
G1 X53.142 Y139.923 E2.3539
G1 X54.549 Y141.329 E2.44957
G1 X53.75 Y142.089 E2.50261
G1 X49.732 Y143.166 E2.70268
G1 X48.949 Y143.91 E2.75463
G1 X50.356 Y145.316 E2.8503
G1 X48.679 Y146.911 E2.96161
G1 E.96161 F2400
G92 E0
G1 X48.679 Y146.911 F7800
G1 X44.842 Y150.56
G1 E2 F2400
G1 F4800
G1 X43.227 Y152.095 E2.10716
G1 X44.214 Y148.412 E2.29055
G1 X44.756 Y147.897 E2.32651
G1 X46.163 Y149.304 E2.42221
G1 X44.981 Y150.427 E2.50063
G1 X40.963 Y151.504 E2.7007
G1 X40.563 Y151.884 E2.72724
G1 X41.97 Y153.291 E2.82294
G1 X37.776 Y157.278 E3.10126
G1 X36.37 Y155.871 E3.19693
G1 X36.178 Y156.053 E3.20965
G1 X35.192 Y159.735 E3.39298
G1 X36.212 Y158.765 E3.46068
G1 X32.194 Y159.842 E3.66075
G1 X33.583 Y161.265 E3.75639
G1 X29.39 Y165.252 E4.03468
G1 X27.983 Y163.845 E4.13038
G1 X28.143 Y163.693 E4.14099
G1 X27.156 Y167.376 E4.32438
G1 X27.443 Y167.103 E4.34343
G1 X23.425 Y168.18 E4.5435
G1 X23.79 Y167.832 E4.56776
G1 X25.197 Y169.239 E4.66346
G1 X21.004 Y173.226 E4.94175
G1 X19.597 Y171.819 E5.03745
G1 X20.107 Y171.334 E5.0713
G1 X19.12 Y175.017 E5.25469
G1 X18.674 Y175.441 E5.28429
G1 X14.656 Y176.518 E5.48436
G1 X15.404 Y175.806 E5.53403
G1 X16.811 Y177.213 E5.62973
G1 X12.617 Y181.2 E5.90805
G1 X11.211 Y179.793 E6.00372
G1 X12.072 Y178.975 E6.06084
G1 X11.085 Y182.657 E6.24418
G1 X11.001 Y182.737 E6.24976
G1 X9.63 Y181.296 E6.34542
G1 X9.782 Y181.152 E6.35549
G1 E4.35549 F2400
G92 E0
G1 X9.782 Y181.152 F7800
G92 E0
G1 X195.701 Y22.693
G1 E2 F2400
;TYPE:Perimeter
;WIDTH:0.45
G1 F3600
G1 X15.972 Y193.588 E13.92829
G1 X14.203 Y191.728 E14.05175
G1 X193.932 Y20.833 E25.98004
G1 X194.817 Y21.763 E26.04179
G1 X195.66 Y22.649 E26.10061
G1 X195.66 Y22.649 F7800
G1 X196.246 Y22.707
G1 F3600
G1 X15.958 Y194.133 E38.06598
G1 X13.658 Y191.714 E38.22652
G1 X193.946 Y20.287 E50.19192
G1 X195.096 Y21.497 E50.27221
G1 X196.205 Y22.663 E50.34961
G1 X196.205 Y22.663 F7800
G1 X196.791 Y22.72
;TYPE:External perimeter
G1 F1800
G1 X15.945 Y194.679 E62.3521
G1 X13.113 Y191.7 E62.54979
G1 X193.96 Y19.742 E74.55228
G1 X195.376 Y21.231 E74.65111
G1 X196.75 Y22.677 E74.74705
G1 X196.504 Y22.993 F7800
G1 X195.141 Y22.827
;TYPE:Internal infill
;WIDTH:0.45
G1 F4800
G1 X195.292 Y22.683 E74.75709
G1 X193.922 Y21.241 E74.85276
G1 X193.838 Y21.321 E74.85834
G1 X192.851 Y25.004 E75.04173
G1 X193.712 Y24.185 E75.09888
G1 X192.305 Y22.779 E75.19455
G1 X188.112 Y26.766 E75.47284
G1 X189.519 Y28.172 E75.56851
G1 X190.267 Y27.461 E75.61815
G1 X186.248 Y28.538 E75.81827
G1 X185.802 Y28.962 E75.84787
G1 X184.815 Y32.645 E76.03126
G1 X185.325 Y32.16 E76.06511
G1 X183.919 Y30.753 E76.16078
G1 X179.726 Y34.74 E76.43907
G1 X181.132 Y36.147 E76.53474
G1 X181.498 Y35.799 E76.55903
G1 X177.479 Y36.876 E76.75915
G1 X177.766 Y36.603 E76.7782
G1 X176.78 Y40.285 E76.96153
G1 X176.939 Y40.134 E76.97208
G1 X175.532 Y38.727 E77.06778
G1 X171.339 Y42.714 E77.34607
G1 X172.729 Y44.137 E77.44175
G1 X168.71 Y45.214 E77.64187
G1 X169.731 Y44.244 E77.7096
G1 X168.744 Y47.926 E77.89294
G1 X168.553 Y48.108 E77.90563
G1 X167.146 Y46.701 E78.00133
G1 X162.953 Y50.688 E78.27962
G1 X164.36 Y52.095 E78.37532
G1 X163.96 Y52.475 E78.40186
G1 X159.941 Y53.552 E78.60198
G1 X158.76 Y54.675 E78.68036
G1 X160.166 Y56.082 E78.77603
G1 X160.708 Y55.567 E78.81199
G1 X161.695 Y51.884 E78.99538
G1 X160.081 Y53.419 E79.10251
G1 E77.10251 F2400
G92 E0
G1 X156.243 Y57.068 F7800
G1 E2 F2400
G1 F4800
G1 X154.567 Y58.662 E2.11125
G1 X155.973 Y60.069 E2.20692
G1 X155.191 Y60.813 E2.25883
G1 X151.172 Y61.89 E2.45895
G1 X150.373 Y62.649 E2.51195
G1 X151.78 Y64.056 E2.60765
G1 X152.673 Y63.207 E2.66691
G1 X153.659 Y59.525 E2.85024
G1 X151.983 Y61.119 E2.96149
G1 E.96149 F2400
G92 E0
G1 X151.983 Y61.119 F7800
G1 X146.282 Y69.284
G1 E2 F2400
G1 F4800
G1 X144.637 Y70.848 E2.10917
G1 X145.624 Y67.166 E2.29251
G1 X146.18 Y66.636 E2.32945
G1 X147.587 Y68.043 E2.42515
G1 X146.422 Y69.151 E2.50248
G1 X142.403 Y70.228 E2.7026
G1 X141.987 Y70.623 E2.73019
G1 X143.394 Y72.03 E2.82589
G1 X139.201 Y76.017 E3.10418
G1 X137.794 Y74.611 E3.19985
G1 X137.588 Y74.806 E3.21349
G1 X136.601 Y78.489 E3.39688
G1 X137.653 Y77.489 E3.46669
G1 X133.634 Y78.566 E3.66681
G1 X133.601 Y78.598 E3.66902
G1 X135.008 Y80.004 E3.76469
G1 X130.814 Y83.991 E4.04301
G1 X129.408 Y82.585 E4.13864
G1 X129.552 Y82.447 E4.14823
G1 X128.566 Y86.13 E4.33161
G1 X128.884 Y85.827 E4.35274
G1 X124.865 Y86.904 E4.55286
G1 X125.215 Y86.572 E4.57606
G1 X126.621 Y87.978 E4.67169
G1 X122.428 Y91.965 E4.94998
G1 X121.021 Y90.559 E5.04565
G1 X121.517 Y90.088 E5.07855
G1 X120.53 Y93.77 E5.26189
G1 X120.115 Y94.165 E5.28945
G1 X116.096 Y95.242 E5.48957
G1 X116.828 Y94.546 E5.53815
G1 X118.235 Y95.953 E5.63385
G1 X114.042 Y99.94 E5.91214
G1 X112.635 Y98.533 E6.00784
G1 X113.481 Y97.728 E6.06401
G1 X112.494 Y101.411 E6.2474
G1 X111.346 Y102.503 E6.3236
G1 X107.327 Y103.58 E6.52372
G1 X108.442 Y102.52 E6.59771
G1 X109.849 Y103.927 E6.69341
G1 X105.655 Y107.914 E6.97173
G1 X104.249 Y106.507 E7.0674
G1 X105.445 Y105.369 E7.1468
G1 X104.459 Y109.052 E7.33018
G1 X102.782 Y110.646 E7.44146
G1 E5.44146 F2400
G92 E0
G1 X101.732 Y108.9 F7800
G1 E2 F2400
G1 F4800
G1 X100.056 Y110.494 E2.11125
G1 X101.462 Y111.901 E2.20692
G1 X102.577 Y110.841 E2.28091
G1 X98.558 Y111.918 E2.48103
G1 X97.41 Y113.01 E2.55723
G1 X96.423 Y116.692 E2.74057
G1 X97.269 Y115.888 E2.7967
G1 X95.862 Y114.481 E2.8924
G1 X91.669 Y118.468 E3.17069
G1 X93.076 Y119.875 E3.26639
G1 X93.808 Y119.179 E3.31497
G1 X89.789 Y120.256 E3.51509
G1 X89.374 Y120.651 E3.54265
G1 X88.387 Y124.333 E3.72599
G1 X88.883 Y123.862 E3.75889
G1 X87.476 Y122.455 E3.85459
G1 X83.283 Y126.442 E4.13288
G1 X84.69 Y127.849 E4.22858
G1 X85.039 Y127.517 E4.25175
G1 X81.02 Y128.594 E4.45187
G1 X81.338 Y128.291 E4.473
G1 X80.352 Y131.974 E4.65638
G1 X80.496 Y131.836 E4.66597
G1 X79.09 Y130.429 E4.76164
G1 X74.897 Y134.416 E5.03993
G1 X76.303 Y135.823 E5.1356
G1 X76.27 Y135.855 E5.13781
G1 X72.251 Y136.932 E5.33793
G1 X73.303 Y135.932 E5.40774
G1 X72.316 Y139.614 E5.59108
G1 X72.11 Y139.81 E5.60476
G1 X70.703 Y138.404 E5.70043
G1 X66.51 Y142.391 E5.97872
G1 X67.917 Y143.797 E6.07439
G1 X67.501 Y144.193 E6.10201
G1 X63.482 Y145.27 E6.30213
G1 X62.317 Y146.378 E6.37946
G1 X63.724 Y147.784 E6.47513
G1 X64.28 Y147.255 E6.51204
G1 X65.267 Y143.573 E6.69538
G1 X63.622 Y145.137 E6.80455
G1 E4.80455 F2400
G92 E0
G1 X63.622 Y145.137 F7800
G1 X57.921 Y153.302
G1 E2 F2400
G1 F4800
G1 X56.245 Y154.896 E2.11125
G1 X57.231 Y151.213 E2.29463
G1 X58.124 Y150.365 E2.35386
G1 X59.531 Y151.771 E2.44953
G1 X58.732 Y152.531 E2.50257
G1 X54.713 Y153.608 E2.70269
G1 X53.931 Y154.352 E2.7546
G1 X55.338 Y155.759 E2.8503
G1 X53.661 Y157.353 E2.96158
G1 E.96158 F2400
G92 E0
G1 X53.661 Y157.353 F7800
G1 X49.823 Y161.002
G1 E2 F2400
G1 F4800
G1 X48.209 Y162.537 E2.10713
G1 X49.196 Y158.854 E2.29052
G1 X49.738 Y158.339 E2.32648
G1 X51.144 Y159.746 E2.42215
G1 X49.963 Y160.869 E2.50053
G1 X45.944 Y161.946 E2.70065
G1 X45.544 Y162.326 E2.72719
G1 X46.951 Y163.733 E2.82289
G1 X42.758 Y167.72 E3.10118
G1 X41.351 Y166.313 E3.19688
G1 X41.16 Y166.495 E3.20957
G1 X40.173 Y170.177 E3.39291
G1 X41.194 Y169.207 E3.46064
G1 X37.175 Y170.284 E3.66076
G1 X38.565 Y171.707 E3.75644
G1 X34.372 Y175.694 E4.03473
G1 X32.965 Y174.287 E4.13043
G1 X33.124 Y174.135 E4.14101
G1 X32.138 Y177.818 E4.32439
G1 X32.425 Y177.545 E4.34344
G1 X28.406 Y178.622 E4.54356
G1 X28.772 Y178.274 E4.56785
G1 X30.179 Y179.681 E4.66355
G1 X25.985 Y183.668 E4.94187
G1 X24.579 Y182.261 E5.03754
G1 X25.089 Y181.776 E5.07139
G1 X24.102 Y185.459 E5.25478
G1 X23.656 Y185.883 E5.28438
G1 X19.638 Y186.96 E5.48445
G1 X20.386 Y186.248 E5.53412
G1 X21.792 Y187.655 E5.62979
G1 X17.599 Y191.642 E5.90808
G1 X16.192 Y190.235 E6.00378
G1 X17.053 Y189.417 E6.0609
G1 X16.066 Y193.099 E6.24424
G1 X15.982 Y193.179 E6.24982
G1 X14.612 Y191.738 E6.34545
G1 X14.763 Y191.594 E6.35549
G1 E4.35549 F2400
G92 E0
G1 X14.763 Y191.594 F7800
G92 E0
G1 X203.248 Y30.696
G1 E2 F2400
;TYPE:Perimeter
;WIDTH:0.45
G1 F3600
G1 X23.518 Y201.592 E13.92836
G1 X21.749 Y199.731 E14.05185
G1 X201.479 Y28.836 E25.98017
G1 X202.363 Y29.766 E26.04188
G1 X203.206 Y30.653 E26.10074
G1 X203.206 Y30.653 F7800
G1 X203.793 Y30.71
G1 F3600
G1 X23.505 Y202.137 E38.06614
G1 X21.204 Y199.717 E38.22675
G1 X201.492 Y28.291 E50.19212
G1 X202.642 Y29.5 E50.27237
G1 X203.751 Y30.667 E50.3498
G1 X203.751 Y30.667 F7800
G1 X204.338 Y30.724
;TYPE:External perimeter
G1 F1800
G1 X23.491 Y202.682 E62.35229
G1 X20.659 Y199.704 E62.54995
G1 X201.506 Y27.746 E74.55244
G1 X202.922 Y29.235 E74.65127
G1 X204.297 Y30.68 E74.74721
G1 X204.051 Y30.996 F7800
G1 X202.687 Y30.83
;TYPE:Internal infill
;WIDTH:0.45
G1 F4800
G1 X202.839 Y30.686 E74.75728
G1 X201.468 Y29.245 E74.85294
G1 X201.384 Y29.325 E74.85852
G1 X200.397 Y33.007 E75.04186
G1 X201.258 Y32.189 E75.09898
G1 X199.852 Y30.782 E75.19465
G1 X195.658 Y34.769 E75.47297
G1 X197.065 Y36.176 E75.56867
G1 X197.813 Y35.465 E75.61831
G1 X193.795 Y36.541 E75.81837
G1 X193.348 Y36.965 E75.848
G1 X192.362 Y40.648 E76.03138
G1 X192.872 Y40.163 E76.06523
G1 X191.465 Y38.756 E76.16093
G1 X187.272 Y42.743 E76.43922
G1 X188.679 Y44.15 E76.53492
G1 X189.044 Y43.803 E76.55914
G1 X185.026 Y44.879 E76.7592
G1 X185.313 Y44.606 E76.77825
G1 X184.326 Y48.289 E76.96164
G1 X184.486 Y48.137 E76.97225
G1 X183.079 Y46.73 E77.06795
G1 X178.886 Y50.717 E77.34624
G1 X180.275 Y52.141 E77.44192
G1 X176.257 Y53.217 E77.64198
G1 X177.277 Y52.247 E77.70968
G1 X176.29 Y55.929 E77.89302
G1 X176.099 Y56.111 E77.90571
G1 X174.693 Y54.704 E78.00138
G1 X170.499 Y58.692 E78.27973
G1 X171.906 Y60.098 E78.3754
G1 X171.506 Y60.478 E78.40194
G1 X167.488 Y61.555 E78.60201
G1 X166.306 Y62.679 E78.68046
G1 X167.713 Y64.085 E78.77613
G1 X168.255 Y63.57 E78.81209
G1 X169.241 Y59.888 E78.99542
G1 X167.627 Y61.422 E79.10252
G1 E77.10252 F2400
G92 E0
G1 X167.627 Y61.422 F7800
G1 X163.79 Y65.071
G1 E2 F2400
G1 F4800
G1 X162.113 Y66.666 E2.11131
G1 X163.52 Y68.072 E2.20698
G1 X162.737 Y68.816 E2.25893
G1 X158.719 Y69.893 E2.459
G1 X157.92 Y70.653 E2.51204
G1 X159.327 Y72.059 E2.60771
G1 X160.219 Y71.211 E2.66691
G1 X161.206 Y67.528 E2.8503
G1 X159.529 Y69.123 E2.96161
G1 E.96161 F2400
G92 E0
G1 X159.529 Y69.123 F7800
G1 X153.828 Y77.287
G1 E2 F2400
G1 F4800
G1 X152.183 Y78.851 E2.10917
G1 X153.17 Y75.169 E2.29251
G1 X153.727 Y74.64 E2.32946
G1 X155.133 Y76.046 E2.42509
G1 X153.968 Y77.154 E2.50242
G1 X149.95 Y78.231 E2.70249
G1 X149.534 Y78.627 E2.73011
G1 X150.94 Y80.034 E2.82578
G1 X146.747 Y84.021 E3.10407
G1 X145.34 Y82.614 E3.19977
G1 X145.134 Y82.81 E3.21345
G1 X144.148 Y86.492 E3.39678
G1 X145.199 Y85.492 E3.46655
G1 X141.181 Y86.569 E3.66662
G1 X141.147 Y86.601 E3.66887
G1 X142.554 Y88.008 E3.76457
G1 X138.361 Y91.995 E4.04286
G1 X136.954 Y90.588 E4.13856
G1 X137.099 Y90.45 E4.14819
G1 X136.112 Y94.133 E4.33158
G1 X136.43 Y93.83 E4.35271
G1 X132.412 Y94.907 E4.55278
G1 X132.761 Y94.575 E4.57595
G1 X134.168 Y95.982 E4.67165
G1 X129.974 Y99.969 E4.94997
G1 X128.568 Y98.562 E5.04564
G1 X129.063 Y98.091 E5.0785
G1 X128.076 Y101.774 E5.26189
G1 X127.661 Y102.168 E5.28941
G1 X123.643 Y103.245 E5.48948
G1 X124.375 Y102.549 E5.53806
G1 X125.781 Y103.956 E5.63373
G1 X121.588 Y107.943 E5.91202
G1 X120.181 Y106.536 E6.00772
G1 X121.028 Y105.732 E6.06389
G1 X120.041 Y109.414 E6.24723
G1 X118.892 Y110.506 E6.32347
G1 X114.874 Y111.583 E6.52354
G1 X115.988 Y110.523 E6.5975
G1 X117.395 Y111.93 E6.6932
G1 X113.202 Y115.917 E6.97149
G1 X111.795 Y114.51 E7.06719
G1 X112.992 Y113.373 E7.14659
G1 X112.005 Y117.055 E7.32993
G1 X110.328 Y118.649 E7.44121
G1 E5.44121 F2400
G92 E0
G1 X110.328 Y118.649 F7800
G1 X109.279 Y116.903
G1 E2 F2400
G1 F4800
G1 X107.602 Y118.497 E2.11128
G1 X109.009 Y119.904 E2.20698
G1 X110.123 Y118.844 E2.28094
G1 X106.105 Y119.921 E2.48101
G1 X104.956 Y121.013 E2.55725
G1 X103.969 Y124.696 E2.74064
G1 X104.816 Y123.891 E2.79684
G1 X103.409 Y122.485 E2.89251
G1 X99.216 Y126.472 E3.1708
G1 X100.622 Y127.878 E3.26643
G1 X101.354 Y127.182 E3.31501
G1 X97.336 Y128.259 E3.51508
G1 X96.921 Y128.654 E3.54264
G1 X95.934 Y132.336 E3.72598
G1 X96.429 Y131.865 E3.75884
G1 X95.023 Y130.459 E3.85447
G1 X90.829 Y134.446 E4.13279
G1 X92.236 Y135.852 E4.22846
G1 X92.585 Y135.52 E4.25163
G1 X88.567 Y136.597 E4.4517
G1 X88.885 Y136.295 E4.47279
G1 X87.898 Y139.977 E4.65613
G1 X88.043 Y139.839 E4.66576
G1 X86.636 Y138.433 E4.76143
G1 X82.443 Y142.42 E5.03972
G1 X83.85 Y143.827 E5.13542
G1 X83.816 Y143.858 E5.13763
G1 X79.798 Y144.935 E5.3377
G1 X80.849 Y143.935 E5.40747
G1 X79.863 Y147.618 E5.59085
G1 X79.657 Y147.814 E5.60453
G1 X78.25 Y146.407 E5.70023
G1 X74.057 Y150.394 E5.97852
G1 X75.463 Y151.801 E6.07419
G1 X75.047 Y152.196 E6.10178
G1 X71.029 Y153.273 E6.30185
G1 X69.864 Y154.381 E6.37918
G1 X71.27 Y155.788 E6.47485
G1 X71.827 Y155.258 E6.51183
G1 X72.814 Y151.576 E6.69517
G1 X71.169 Y153.14 E6.80434
G1 E4.80434 F2400
G92 E0
G1 X71.169 Y153.14 F7800
G1 X65.468 Y161.305
G1 E2 F2400
G1 F4800
G1 X63.791 Y162.899 E2.11128
G1 X64.778 Y159.217 E2.29462
G1 X65.67 Y158.368 E2.35385
G1 X67.077 Y159.775 E2.44955
G1 X66.278 Y160.534 E2.50255
G1 X62.26 Y161.611 E2.70262
G1 X61.477 Y162.355 E2.75457
G1 X62.884 Y163.762 E2.85027
G1 X61.207 Y165.356 E2.96155
G1 E.96155 F2400
G92 E0
G1 X61.207 Y165.356 F7800
G1 X57.37 Y169.005
G1 E2 F2400
G1 F4800
G1 X55.756 Y170.54 E2.10713
G1 X56.742 Y166.857 E2.29051
G1 X57.284 Y166.342 E2.32647
G1 X58.691 Y167.749 E2.42217
G1 X57.509 Y168.872 E2.50059
G1 X53.491 Y169.949 E2.70066
G1 X53.091 Y170.329 E2.7272
G1 X54.498 Y171.736 E2.8229
G1 X50.304 Y175.723 E3.10122
G1 X48.898 Y174.316 E3.19689
G1 X48.707 Y174.498 E3.20958
G1 X47.72 Y178.181 E3.39297
G1 X48.74 Y177.21 E3.4607
G1 X44.722 Y178.287 E3.66077
G1 X46.111 Y179.71 E3.75641
G1 X41.918 Y183.697 E4.0347
G1 X40.511 Y182.29 E4.1304
G1 X40.671 Y182.139 E4.14098
G1 X39.684 Y185.821 E4.32432
G1 X39.971 Y185.548 E4.34337
G1 X35.953 Y186.625 E4.54344
G1 X36.318 Y186.278 E4.56766
G1 X37.725 Y187.684 E4.66333
G1 X33.532 Y191.671 E4.94162
G1 X32.125 Y190.265 E5.03729
G1 X32.635 Y189.78 E5.07114
G1 X31.649 Y193.462 E5.25447
G1 X31.202 Y193.886 E5.2841
G1 X27.184 Y194.963 E5.48417
G1 X27.932 Y194.252 E5.53381
G1 X29.339 Y195.658 E5.62948
G1 X25.146 Y199.645 E5.90777
G1 X23.739 Y198.239 E6.00344
G1 X24.6 Y197.42 E6.06059
G1 X23.613 Y201.103 E6.24398
G1 X23.529 Y201.183 E6.24956
G1 X22.158 Y199.741 E6.34526
G1 X22.31 Y199.598 E6.3553
G1 E4.3553 F2400
G92 E0
G1 X22.31 Y199.598 F7800
G92 E0
G1 X210.779 Y38.714
G1 E2 F2400
;TYPE:Perimeter
;WIDTH:0.45
G1 F3600
G1 X31.05 Y209.609 E13.92829
G1 X29.281 Y207.749 E14.05175
G1 X209.01 Y36.854 E25.98004
G1 X209.894 Y37.784 E26.04175
G1 X210.737 Y38.671 E26.10061
G1 X210.737 Y38.671 F7800
G1 X211.324 Y38.728
G1 F3600
G1 X31.036 Y210.155 E38.06601
G1 X28.735 Y207.735 E38.22662
G1 X209.023 Y36.309 E50.19199
G1 X210.174 Y37.518 E50.27228
G1 X211.282 Y38.684 E50.34964
G1 X211.282 Y38.684 F7800
G1 X211.869 Y38.742
;TYPE:External perimeter
G1 F1800
G1 X31.022 Y210.7 E62.35213
G1 X28.19 Y207.722 E62.54979
G1 X209.037 Y35.763 E74.55231
G1 X210.453 Y37.253 E74.65117
G1 X211.828 Y38.698 E74.74711
G1 X211.582 Y39.014 F7800
G1 X210.218 Y38.848
;TYPE:Internal infill
;WIDTH:0.45
G1 F4800
G1 X210.37 Y38.704 E74.75718
G1 X208.999 Y37.263 E74.85284
G1 X208.915 Y37.343 E74.85842
G1 X207.929 Y41.025 E75.04175
G1 X208.789 Y40.207 E75.09884
G1 X207.383 Y38.8 E75.19451
G1 X203.189 Y42.787 E75.47283
G1 X204.596 Y44.194 E75.56853
G1 X205.344 Y43.482 E75.6182
G1 X201.326 Y44.559 E75.81827
G1 X200.88 Y44.983 E75.84787
G1 X199.893 Y48.666 E76.03126
G1 X200.403 Y48.181 E76.06511
G1 X198.996 Y46.774 E76.16081
G1 X194.803 Y50.761 E76.4391
G1 X196.21 Y52.168 E76.5348
G1 X196.575 Y51.82 E76.55906
G1 X192.557 Y52.897 E76.75913
G1 X192.844 Y52.624 E76.77818
G1 X191.857 Y56.307 E76.96157
G1 X192.017 Y56.155 E76.97218
G1 X190.61 Y54.748 E77.06788
G1 X186.417 Y58.735 E77.34617
G1 X187.806 Y60.158 E77.44181
G1 X183.788 Y61.235 E77.64188
G1 X184.808 Y60.265 E77.70958
G1 X183.822 Y63.947 E77.89291
G1 X183.63 Y64.129 E77.90563
G1 X182.224 Y62.722 E78.0013
G1 X178.031 Y66.709 E78.27959
G1 X179.437 Y68.116 E78.37526
G1 X179.037 Y68.496 E78.4018
G1 X175.019 Y69.573 E78.60187
G1 X173.837 Y70.696 E78.68029
G1 X175.244 Y72.103 E78.77599
G1 X175.786 Y71.588 E78.81195
G1 X176.773 Y67.905 E78.99534
G1 X175.158 Y69.44 E79.1025
G1 E77.1025 F2400
G92 E0
G1 X175.158 Y69.44 F7800
G1 X171.321 Y73.089
G1 E2 F2400
G1 F4800
G1 X169.644 Y74.684 E2.11131
G1 X171.051 Y76.09 E2.20698
G1 X170.268 Y76.834 E2.25893
G1 X166.25 Y77.911 E2.459
G1 X165.451 Y78.671 E2.51204
G1 X166.858 Y80.077 E2.60771
G1 X167.75 Y79.229 E2.66691
G1 X168.737 Y75.546 E2.8503
G1 X167.06 Y77.141 E2.96161
G1 E.96161 F2400
G92 E0
G1 X167.06 Y77.141 F7800
G1 X161.36 Y85.305
G1 E2 F2400
G1 F4800
G1 X159.715 Y86.869 E2.10917
G1 X160.701 Y83.187 E2.2925
G1 X161.258 Y82.658 E2.32945
G1 X162.665 Y84.064 E2.42512
G1 X161.499 Y85.172 E2.50248
G1 X157.481 Y86.249 E2.70255
G1 X157.065 Y86.645 E2.73017
G1 X158.471 Y88.051 E2.8258
G1 X154.278 Y92.038 E3.10409
G1 X152.872 Y90.632 E3.19972
G1 X152.666 Y90.828 E3.2134
G1 X151.679 Y94.51 E3.39674
G1 X152.73 Y93.51 E3.46651
G1 X148.712 Y94.587 E3.66658
G1 X148.678 Y94.619 E3.66883
G1 X150.085 Y96.026 E3.76453
G1 X145.892 Y100.013 E4.04282
G1 X144.485 Y98.606 E4.13852
G1 X144.63 Y98.468 E4.14815
G1 X143.643 Y102.151 E4.33154
G1 X143.961 Y101.848 E4.35267
G1 X139.943 Y102.925 E4.55274
G1 X140.292 Y102.593 E4.57591
G1 X141.699 Y104 E4.67161
G1 X137.506 Y107.987 E4.9499
G1 X136.099 Y106.58 E5.0456
G1 X136.594 Y106.109 E5.07846
G1 X135.608 Y109.791 E5.26179
G1 X135.192 Y110.186 E5.28938
G1 X131.174 Y111.263 E5.48945
G1 X131.906 Y110.567 E5.53803
G1 X133.312 Y111.974 E5.6337
G1 X129.119 Y115.961 E5.91199
G1 X127.713 Y114.554 E6.00766
G1 X128.559 Y113.75 E6.06379
G1 X127.572 Y117.432 E6.24713
G1 X126.423 Y118.524 E6.32337
G1 X122.405 Y119.601 E6.52344
G1 X123.519 Y118.541 E6.5974
G1 X124.926 Y119.948 E6.6931
G1 X120.733 Y123.935 E6.97139
G1 X119.326 Y122.528 E7.06709
G1 X120.523 Y121.39 E7.14653
G1 X119.536 Y125.073 E7.32992
G1 X117.86 Y126.667 E7.44117
G1 E5.44117 F2400
G92 E0
G1 X117.86 Y126.667 F7800
G1 X116.81 Y124.921
G1 E2 F2400
G1 F4800
G1 X115.133 Y126.515 E2.11128
G1 X116.54 Y127.922 E2.20698
G1 X117.654 Y126.862 E2.28094
G1 X113.636 Y127.939 E2.48101
G1 X112.487 Y129.031 E2.55725
G1 X111.501 Y132.714 E2.74063
G1 X112.347 Y131.909 E2.7968
G1 X110.94 Y130.502 E2.8925
G1 X106.747 Y134.489 E3.17079
G1 X108.153 Y135.896 E3.26646
G1 X108.885 Y135.2 E3.31504
G1 X104.867 Y136.277 E3.51511
G1 X104.452 Y136.672 E3.54267
G1 X103.465 Y140.354 E3.72601
G1 X103.96 Y139.883 E3.75887
G1 X102.554 Y138.477 E3.8545
G1 X98.36 Y142.464 E4.13282
G1 X99.767 Y143.87 E4.22849
G1 X100.116 Y143.538 E4.25166
G1 X96.098 Y144.615 E4.45173
G1 X96.416 Y144.313 E4.47282
G1 X95.429 Y147.995 E4.65616
G1 X95.574 Y147.857 E4.66579
G1 X94.167 Y146.451 E4.76146
G1 X89.974 Y150.438 E5.03975
G1 X91.381 Y151.844 E5.13542
G1 X91.347 Y151.876 E5.13767
G1 X87.329 Y152.953 E5.33774
G1 X88.38 Y151.953 E5.40751
G1 X87.394 Y155.636 E5.59089
G1 X87.188 Y155.831 E5.60453
G1 X85.781 Y154.425 E5.7002
G1 X81.588 Y158.412 E5.97849
G1 X82.995 Y159.819 E6.07419
G1 X82.578 Y160.214 E6.10182
G1 X78.56 Y161.291 E6.30189
G1 X77.395 Y162.399 E6.37922
G1 X78.801 Y163.806 E6.47489
G1 X79.358 Y163.276 E6.51187
G1 X80.345 Y159.594 E6.69521
G1 X78.7 Y161.158 E6.80438
G1 E4.80438 F2400
G92 E0
G1 X78.7 Y161.158 F7800
G1 X72.999 Y169.323
G1 E2 F2400
G1 F4800
G1 X71.322 Y170.917 E2.11128
G1 X72.309 Y167.235 E2.29462
G1 X73.202 Y166.386 E2.35388
G1 X74.608 Y167.793 E2.44955
G1 X73.809 Y168.552 E2.50255
G1 X69.791 Y169.629 E2.70262
G1 X69.008 Y170.373 E2.75457
G1 X70.415 Y171.78 E2.85027
G1 X68.738 Y173.374 E2.96155
G1 E.96155 F2400
G92 E0
G1 X68.738 Y173.374 F7800
G1 X64.901 Y177.023
G1 E2 F2400
G1 F4800
G1 X63.287 Y178.558 E2.10713
G1 X64.273 Y174.875 E2.29051
G1 X64.815 Y174.36 E2.32647
G1 X66.222 Y175.767 E2.42217
G1 X65.041 Y176.89 E2.50055
G1 X61.022 Y177.967 E2.70067
G1 X60.622 Y178.347 E2.72721
G1 X62.029 Y179.754 E2.82291
G1 X57.836 Y183.741 E3.1012
G1 X56.429 Y182.334 E3.1969
G1 X56.238 Y182.516 E3.20959
G1 X55.251 Y186.198 E3.39293
G1 X56.272 Y185.228 E3.46066
G1 X52.253 Y186.305 E3.66078
G1 X53.642 Y187.728 E3.75642
G1 X49.449 Y191.715 E4.03471
G1 X48.043 Y190.308 E4.13038
G1 X48.202 Y190.157 E4.14093
G1 X47.215 Y193.839 E4.32427
G1 X47.503 Y193.566 E4.34336
G1 X43.484 Y194.643 E4.54348
G1 X43.849 Y194.295 E4.56774
G1 X45.256 Y195.702 E4.66344
G1 X41.063 Y199.689 E4.94173
G1 X39.656 Y198.282 E5.03743
G1 X40.166 Y197.797 E5.07128
G1 X39.18 Y201.48 E5.25466
G1 X38.734 Y201.904 E5.28426
G1 X34.715 Y202.981 E5.48438
G1 X35.463 Y202.27 E5.53402
G1 X36.87 Y203.676 E5.62969
G1 X32.677 Y207.663 E5.90798
G1 X31.27 Y206.257 E6.00365
G1 X32.131 Y205.438 E6.0608
G1 X31.144 Y209.121 E6.24419
G1 X31.06 Y209.201 E6.24977
G1 X29.689 Y207.759 E6.34547
G1 X29.841 Y207.615 E6.35554
;LAYER_CHANGE
;Z:2.15
;HEIGHT:0.3
G1 Z2.15 F7800
G1 E4.35554 F2400
G92 E0
G1 X29.841 Y207.615 F7800
G92 E0
G1 X190.787 Y12.322
G1 E2 F2400
;TYPE:Perimeter
;WIDTH:0.45
G1 F3600
G1 X11.058 Y183.217 E13.92829
G1 X9.154 Y181.215 E14.06117
G1 X188.883 Y10.32 E25.98946
G1 X189.835 Y11.321 E26.0559
G1 X190.745 Y12.278 E26.11942
G1 X190.745 Y12.278 F7800
G1 X191.332 Y12.335
G1 F3600
G1 X11.044 Y183.762 E38.08482
G1 X8.609 Y181.201 E38.25478
G1 X188.897 Y9.775 E50.22015
G1 X190.114 Y11.055 E50.3051
G1 X191.29 Y12.292 E50.38719
G1 X191.29 Y12.292 F7800
G1 X191.877 Y12.349
;TYPE:External perimeter
G1 F1800
G1 X11.03 Y184.307 E62.38968
G1 X8.064 Y181.188 E62.59669
G1 X188.911 Y9.23 E74.59918
G1 X190.394 Y10.789 E74.70267
G1 X191.836 Y12.306 E74.80334
G1 X191.59 Y12.621 F7800
G1 X190.264 Y12.419
;TYPE:Internal infill
;WIDTH:0.45
G1 F4800
G1 X190.378 Y12.311 E74.81089
G1 X188.891 Y10.748 E74.91465
G1 X187.821 Y14.742 E75.11352
G1 X188.799 Y13.812 E75.17843
G1 X187.254 Y12.268 E75.28349
G1 X183.061 Y16.255 E75.56178
G1 X184.606 Y17.799 E75.66684
G1 X185.482 Y16.966 E75.72498
G1 X181.069 Y18.149 E75.94472
G1 X180.869 Y18.34 E75.95802
G1 X179.785 Y22.383 E76.15934
G1 X180.413 Y21.786 E76.20101
G1 X178.868 Y20.242 E76.30607
G1 X174.675 Y24.229 E76.58436
G1 X176.22 Y25.774 E76.68945
G1 X176.713 Y25.304 E76.72221
G1 X172.301 Y26.487 E76.94191
G1 X172.833 Y25.98 E76.97726
G1 X171.75 Y30.024 E77.17862
G1 X172.026 Y29.761 E77.19696
G1 X170.482 Y28.216 E77.30202
G1 X166.289 Y32.203 E77.58031
G1 X167.833 Y33.748 E77.68537
G1 X167.944 Y33.642 E77.69275
G1 X163.532 Y34.825 E77.91245
G1 X164.797 Y33.621 E77.99644
G1 X163.714 Y37.664 E78.19775
G1 X163.64 Y37.735 E78.20268
G1 X162.096 Y36.19 E78.30774
G1 X157.902 Y40.177 E78.58606
G1 X159.447 Y41.722 E78.69115
G1 X159.175 Y41.98 E78.70918
G1 X154.763 Y43.163 E78.92888
G1 X153.709 Y44.164 E78.99879
G1 X155.254 Y45.709 E79.10388
G1 X155.678 Y45.305 E79.13205
G1 X156.762 Y41.262 E79.33337
G1 X155.085 Y42.856 E79.44465
G1 E77.44465 F2400
G92 E0
G1 X151.193 Y46.557 F7800
G1 E2 F2400
G1 F4800
G1 X149.516 Y48.151 E2.11128
G1 X151.061 Y49.696 E2.21637
G1 X150.406 Y50.318 E2.25981
G1 X145.994 Y51.501 E2.47951
G1 X145.323 Y52.138 E2.52401
G1 X146.867 Y53.683 E2.62907
G1 X147.643 Y52.946 E2.68054
G1 X148.726 Y48.902 E2.8819
G1 X147.049 Y50.497 E2.99321
G1 E.99321 F2400
G92 E0
G1 X147.049 Y50.497 F7800
G1 X141.284 Y58.992
G1 E2 F2400
G1 F4800
G1 X139.607 Y60.587 E2.11131
G1 X140.69 Y56.543 E2.31267
G1 X141.13 Y56.125 E2.34186
G1 X142.674 Y57.67 E2.44692
G1 X141.637 Y58.656 E2.51574
G1 X137.225 Y59.839 E2.73544
G1 X136.937 Y60.112 E2.75453
G1 X138.481 Y61.657 E2.85959
G1 X134.288 Y65.644 E3.13788
G1 X132.743 Y64.1 E3.24294
G1 X132.655 Y64.184 E3.24879
G1 X131.571 Y68.227 E3.45011
G1 X132.868 Y66.994 E3.53618
G1 X128.456 Y68.177 E3.75588
G1 X128.55 Y68.087 E3.76214
G1 X130.095 Y69.631 E3.8672
G1 X125.902 Y73.618 E4.14549
G1 X124.357 Y72.074 E4.25055
G1 X124.619 Y71.825 E4.26793
G1 X123.536 Y75.868 E4.46924
G1 X124.099 Y75.332 E4.50663
G1 X119.687 Y76.515 E4.72633
G1 X120.164 Y76.061 E4.758
G1 X121.708 Y77.605 E4.86302
G1 X117.515 Y81.592 E5.14131
G1 X115.971 Y80.048 E5.24633
G1 X116.583 Y79.465 E5.28698
G1 X115.5 Y83.509 E5.48834
G1 X115.33 Y83.67 E5.4996
G1 X110.918 Y84.853 E5.7193
G1 X111.778 Y84.035 E5.77639
G1 X113.322 Y85.579 E5.88141
G1 X109.129 Y89.567 E6.15973
G1 X107.584 Y88.022 E6.26482
G1 X108.548 Y87.106 E6.32878
G1 X107.464 Y91.149 E6.5301
G1 X106.561 Y92.008 E6.59004
G1 X102.149 Y93.191 E6.80974
G1 X103.391 Y92.009 E6.8922
G1 X104.936 Y93.554 E6.99729
G1 X100.743 Y97.541 E7.27558
G1 X99.198 Y95.996 E7.38067
G1 X100.512 Y94.747 E7.46786
G1 X99.429 Y98.79 E7.66917
G1 X97.932 Y100.213 E7.76851
G1 E5.76851 F2400
G92 E0
G1 X97.932 Y100.213 F7800
G1 X96.682 Y98.389
G1 E2 F2400
G1 F4800
G1 X95.005 Y99.983 E2.11128
G1 X96.55 Y101.528 E2.21637
G1 X97.792 Y100.346 E2.29883
G1 X93.38 Y101.529 E2.51853
G1 X92.476 Y102.387 E2.57848
G1 X91.393 Y106.431 E2.77984
G1 X92.356 Y105.515 E2.84376
G1 X90.812 Y103.97 E2.94882
G1 X86.619 Y107.957 E3.22711
G1 X88.163 Y109.502 E3.33217
G1 X89.023 Y108.684 E3.38926
G1 X84.611 Y109.866 E3.60895
G1 X84.441 Y110.028 E3.62024
G1 X83.357 Y114.071 E3.82156
G1 X83.97 Y113.489 E3.86221
G1 X82.425 Y111.944 E3.9673
G1 X78.232 Y115.931 E4.24559
G1 X79.777 Y117.476 E4.35068
G1 X80.254 Y117.022 E4.38235
G1 X75.842 Y118.204 E4.60204
G1 X76.405 Y117.669 E4.63939
G1 X75.322 Y121.712 E4.8407
G1 X75.584 Y121.463 E4.85808
G1 X74.039 Y119.918 E4.96317
G1 X69.846 Y123.906 E5.24149
G1 X71.391 Y125.45 E5.34655
G1 X71.485 Y125.36 E5.35281
G1 X67.073 Y126.542 E5.5725
G1 X68.369 Y125.309 E5.65854
G1 X67.286 Y129.353 E5.8599
G1 X67.197 Y129.437 E5.86579
G1 X65.653 Y127.893 E5.97081
G1 X61.46 Y131.88 E6.2491
G1 X63.004 Y133.424 E6.35412
G1 X62.716 Y133.698 E6.37324
G1 X58.304 Y134.88 E6.59293
G1 X57.267 Y135.867 E6.66179
G1 X58.811 Y137.411 E6.76681
G1 X59.25 Y136.994 E6.79593
G1 X60.334 Y132.95 E6.9973
G1 X58.657 Y134.544 E7.10858
G1 E5.10858 F2400
G92 E0
G1 X58.657 Y134.544 F7800
G1 X52.891 Y143.04
G1 E2 F2400
G1 F4800
G1 X51.215 Y144.634 E2.11125
G1 X52.298 Y140.591 E2.31256
G1 X53.073 Y139.854 E2.364
G1 X54.618 Y141.398 E2.46906
G1 X53.947 Y142.036 E2.51359
G1 X49.535 Y143.218 E2.73328
G1 X48.88 Y143.841 E2.77676
G1 X50.425 Y145.385 E2.88182
G1 X48.748 Y146.98 E2.99313
G1 E.99313 F2400
G92 E0
G1 X48.748 Y146.98 F7800
G1 X44.856 Y150.681
G1 E2 F2400
G1 F4800
G1 X43.179 Y152.275 E2.11128
G1 X44.263 Y148.232 E2.3126
G1 X44.687 Y147.828 E2.34077
G1 X46.232 Y149.372 E2.44583
G1 X45.178 Y150.374 E2.51578
G1 X40.766 Y151.556 E2.73547
G1 X40.494 Y151.815 E2.75353
G1 X42.038 Y153.36 E2.85859
G1 X37.845 Y157.347 E3.13688
G1 X36.301 Y155.802 E3.24194
G1 X36.227 Y155.872 E3.24684
G1 X35.143 Y159.916 E3.44821
G1 X36.409 Y158.712 E3.53224
G1 X31.997 Y159.894 E3.75193
G1 X32.108 Y159.789 E3.75928
G1 X33.652 Y161.334 E3.86434
G1 X29.459 Y165.321 E4.14263
G1 X27.914 Y163.776 E4.24772
G1 X28.191 Y163.513 E4.26609
G1 X27.108 Y167.556 E4.4674
G1 X27.64 Y167.05 E4.50271
G1 X23.228 Y168.232 E4.7224
G1 X23.721 Y167.763 E4.75513
G1 X25.266 Y169.308 E4.86022
G1 X21.073 Y173.295 E5.13851
G1 X19.528 Y171.75 E5.2436
G1 X20.156 Y171.154 E5.28524
G1 X19.072 Y175.197 E5.48656
G1 X18.871 Y175.388 E5.4999
G1 X14.459 Y176.57 E5.71959
G1 X15.335 Y175.737 E5.77773
G1 X16.88 Y177.282 E5.88282
G1 X12.686 Y181.269 E6.16114
G1 X11.142 Y179.724 E6.2662
G1 X12.12 Y178.794 E6.33111
G1 X11.05 Y182.789 E6.53003
G1 X9.563 Y181.225 E6.63383
G1 X9.677 Y181.118 E6.64135
G1 E4.64135 F2400
G92 E0
G1 X9.677 Y181.118 F7800
G92 E0
G1 X195.768 Y22.764
G1 E2 F2400
;TYPE:Perimeter
;WIDTH:0.45
G1 F3600
G1 X16.039 Y193.659 E13.92829
G1 X14.136 Y191.657 E14.06114
G1 X193.865 Y20.762 E25.98943
G1 X194.817 Y21.763 E26.05587
G1 X195.727 Y22.72 E26.11939
G1 X195.727 Y22.72 F7800
G1 X196.313 Y22.777
G1 F3600
G1 X16.025 Y194.204 E38.08479
G1 X13.591 Y191.643 E38.25472
G1 X193.879 Y20.217 E50.22009
G1 X195.096 Y21.497 E50.30504
G1 X196.272 Y22.734 E50.38713
G1 X196.272 Y22.734 F7800
G1 X196.859 Y22.791
;TYPE:External perimeter
G1 F1800
G1 X16.012 Y194.749 E62.38962
G1 X13.046 Y191.63 E62.59663
G1 X193.892 Y19.672 E74.59908
G1 X195.376 Y21.231 E74.7026
G1 X196.817 Y22.748 E74.80323
G1 X196.571 Y23.063 F7800
G1 X195.246 Y22.861
;TYPE:Internal infill
;WIDTH:0.45
G1 F4800
G1 X195.359 Y22.753 E74.81075
G1 X193.873 Y21.19 E74.91448
G1 X192.803 Y25.184 E75.11335
G1 X193.781 Y24.254 E75.17826
G1 X192.236 Y22.71 E75.28332
G1 X188.043 Y26.697 E75.56161
G1 X189.588 Y28.241 E75.66667
G1 X190.464 Y27.408 E75.72481
G1 X186.051 Y28.591 E75.94455
G1 X185.85 Y28.782 E75.95789
G1 X184.767 Y32.825 E76.1592
G1 X185.394 Y32.228 E76.20084
G1 X183.85 Y30.684 E76.30586
G1 X179.657 Y34.671 E76.58415
G1 X181.201 Y36.216 E76.68921
G1 X181.695 Y35.746 E76.72201
G1 X177.282 Y36.929 E76.94175
G1 X177.815 Y36.422 E76.97713
G1 X176.731 Y40.466 E77.1785
G1 X177.008 Y40.203 E77.19687
G1 X175.463 Y38.658 E77.30196
G1 X171.27 Y42.645 E77.58025
G1 X172.815 Y44.19 E77.68534
G1 X172.926 Y44.084 E77.69272
G1 X168.513 Y45.267 E77.91246
G1 X169.779 Y44.063 E77.99649
G1 X168.696 Y48.107 E78.19785
G1 X168.622 Y48.177 E78.20275
G1 X167.077 Y46.632 E78.30784
G1 X162.884 Y50.619 E78.58613
G1 X164.429 Y52.164 E78.69122
G1 X164.157 Y52.422 E78.70925
G1 X159.744 Y53.605 E78.92899
G1 X158.691 Y54.606 E78.99887
G1 X160.235 Y56.151 E79.10393
G1 X160.66 Y55.747 E79.13213
G1 X161.743 Y51.704 E79.33344
G1 X160.067 Y53.298 E79.44469
G1 E77.44469 F2400
G92 E0
G1 X160.067 Y53.298 F7800
G1 X156.174 Y56.999
G1 E2 F2400
G1 F4800
G1 X154.498 Y58.593 E2.11125
G1 X156.042 Y60.138 E2.21631
G1 X155.388 Y60.76 E2.25972
G1 X150.975 Y61.943 E2.47946
G1 X150.305 Y62.58 E2.52392
G1 X151.849 Y64.125 E2.62898
G1 X152.624 Y63.388 E2.68042
G1 X153.708 Y59.344 E2.88179
G1 X152.031 Y60.939 E2.9931
G1 E.9931 F2400
G92 E0
G1 X152.031 Y60.939 F7800
G1 X146.265 Y69.434
G1 E2 F2400
G1 F4800
G1 X144.589 Y71.029 E2.11128
G1 X145.672 Y66.985 E2.31264
G1 X146.111 Y66.567 E2.34179
G1 X147.656 Y68.112 E2.44688
G1 X146.619 Y69.098 E2.5157
G1 X142.206 Y70.281 E2.73544
G1 X141.918 Y70.555 E2.75456
G1 X143.463 Y72.099 E2.85962
G1 X139.27 Y76.086 E3.13791
G1 X137.725 Y74.542 E3.24297
G1 X137.636 Y74.626 E3.24886
G1 X136.553 Y78.669 E3.45017
G1 X137.85 Y77.436 E3.53624
G1 X133.437 Y78.619 E3.75598
G1 X133.532 Y78.529 E3.76227
G1 X135.076 Y80.073 E3.86729
G1 X130.883 Y84.06 E4.14558
G1 X129.339 Y82.516 E4.2506
G1 X129.601 Y82.267 E4.26798
G1 X128.517 Y86.31 E4.4693
G1 X129.081 Y85.774 E4.50672
G1 X124.668 Y86.957 E4.72646
G1 X125.146 Y86.503 E4.75817
G1 X126.69 Y88.047 E4.86319
G1 X122.497 Y92.034 E5.14148
G1 X120.952 Y90.49 E5.24654
G1 X121.565 Y89.907 E5.28723
G1 X120.482 Y93.951 E5.48859
G1 X120.312 Y94.112 E5.49985
G1 X115.899 Y95.295 E5.71959
G1 X116.759 Y94.477 E5.77668
G1 X118.304 Y96.022 E5.88177
G1 X114.111 Y100.009 E6.16006
G1 X112.566 Y98.464 E6.26515
G1 X113.529 Y97.548 E6.32907
G1 X112.446 Y101.591 E6.53038
G1 X111.543 Y102.45 E6.59032
G1 X107.13 Y103.633 E6.81006
G1 X108.373 Y102.451 E6.89256
G1 X109.918 Y103.996 E6.99765
G1 X105.724 Y107.983 E7.27597
G1 X104.18 Y106.438 E7.38103
G1 X105.494 Y105.189 E7.46822
G1 X104.41 Y109.232 E7.66954
G1 X102.914 Y110.655 E7.76884
G1 E5.76884 F2400
G92 E0
G1 X102.914 Y110.655 F7800
G1 X101.663 Y108.831
G1 E2 F2400
G1 F4800
G1 X99.987 Y110.425 E2.11125
G1 X101.531 Y111.97 E2.21631
G1 X102.774 Y110.788 E2.29881
G1 X98.361 Y111.971 E2.51855
G1 X97.458 Y112.829 E2.57846
G1 X96.375 Y116.873 E2.77982
G1 X97.338 Y115.957 E2.84374
G1 X95.793 Y114.412 E2.94883
G1 X91.6 Y118.399 E3.22712
G1 X93.145 Y119.944 E3.33221
G1 X94.005 Y119.126 E3.3893
G1 X89.592 Y120.309 E3.60904
G1 X89.422 Y120.47 E3.6203
G1 X88.339 Y124.514 E3.82166
G1 X88.952 Y123.931 E3.86235
G1 X87.407 Y122.386 E3.96744
G1 X83.214 Y126.373 E4.24573
G1 X84.759 Y127.918 E4.35082
G1 X85.236 Y127.464 E4.38249
G1 X80.823 Y128.647 E4.60223
G1 X81.387 Y128.111 E4.63965
G1 X80.303 Y132.154 E4.84097
G1 X80.565 Y131.905 E4.85835
G1 X79.021 Y130.36 E4.96341
G1 X74.828 Y134.348 E5.24173
G1 X76.372 Y135.892 E5.34675
G1 X76.467 Y135.802 E5.35304
G1 X72.054 Y136.984 E5.57277
G1 X73.351 Y135.751 E5.65884
G1 X72.268 Y139.795 E5.8602
G1 X72.179 Y139.879 E5.86609
G1 X70.635 Y138.335 E5.97111
G1 X66.441 Y142.322 E6.24943
G1 X67.986 Y143.866 E6.35449
G1 X67.698 Y144.14 E6.37361
G1 X63.285 Y145.322 E6.59334
G1 X62.248 Y146.309 E6.6622
G1 X63.793 Y147.853 E6.76726
G1 X64.232 Y147.436 E6.79638
G1 X65.315 Y143.392 E6.99774
G1 X63.639 Y144.987 E7.10902
G1 E5.10902 F2400
G92 E0
G1 X63.639 Y144.987 F7800
G1 X57.873 Y153.482
G1 E2 F2400
G1 F4800
G1 X56.196 Y155.076 E2.11128
G1 X57.28 Y151.033 E2.3126
G1 X58.055 Y150.296 E2.36404
G1 X59.6 Y151.84 E2.4691
G1 X58.929 Y152.478 E2.51363
G1 X54.516 Y153.66 E2.73336
G1 X53.862 Y154.283 E2.7768
G1 X55.406 Y155.827 E2.88182
G1 X53.73 Y157.422 E2.9931
G1 E.9931 F2400
G92 E0
G1 X53.73 Y157.422 F7800
G1 X49.837 Y161.123
G1 E2 F2400
G1 F4800
G1 X48.161 Y162.717 E2.11125
G1 X49.244 Y158.674 E2.31256
G1 X49.669 Y158.27 E2.34076
G1 X51.213 Y159.815 E2.44582
G1 X50.16 Y160.816 E2.5157
G1 X45.747 Y161.998 E2.73543
G1 X45.476 Y162.257 E2.75346
G1 X47.02 Y163.802 E2.85852
G1 X42.827 Y167.789 E3.13681
G1 X41.282 Y166.244 E3.2419
G1 X41.209 Y166.314 E3.24676
G1 X40.125 Y170.358 E3.44813
G1 X41.391 Y169.154 E3.53216
G1 X36.979 Y170.336 E3.75185
G1 X37.089 Y170.231 E3.75916
G1 X38.634 Y171.776 E3.86425
G1 X34.441 Y175.763 E4.14254
G1 X32.896 Y174.218 E4.24763
G1 X33.173 Y173.955 E4.266
G1 X32.089 Y177.998 E4.46732
G1 X32.622 Y177.492 E4.50267
G1 X28.21 Y178.674 E4.72236
G1 X28.703 Y178.205 E4.75509
G1 X30.247 Y179.75 E4.86015
G1 X26.054 Y183.737 E5.13844
G1 X24.51 Y182.192 E5.2435
G1 X25.137 Y181.596 E5.28511
G1 X24.054 Y185.639 E5.48642
G1 X23.853 Y185.83 E5.49976
G1 X19.441 Y187.012 E5.71945
G1 X20.317 Y186.179 E5.77759
G1 X21.861 Y187.724 E5.88265
G1 X17.668 Y191.711 E6.16094
G1 X16.123 Y190.166 E6.26603
G1 X17.102 Y189.236 E6.33098
G1 X16.031 Y193.231 E6.52991
G1 X14.545 Y191.668 E6.63364
G1 X14.658 Y191.56 E6.64116
G1 E4.64116 F2400
G92 E0
G1 X14.658 Y191.56 F7800
G92 E0
G1 X203.315 Y30.767
G1 E2 F2400
;TYPE:Perimeter
;WIDTH:0.45
G1 F3600
G1 X23.586 Y201.662 E13.92829
G1 X21.682 Y199.661 E14.06114
G1 X201.411 Y28.765 E25.98946
G1 X202.363 Y29.766 E26.0559
G1 X203.273 Y30.723 E26.11942
G1 X203.273 Y30.723 F7800
G1 X203.86 Y30.781
G1 F3600
G1 X23.572 Y202.207 E38.08479
G1 X21.137 Y199.647 E38.25472
G1 X201.425 Y28.22 E50.22012
G1 X202.642 Y29.5 E50.30507
G1 X203.819 Y30.737 E50.38719
G1 X203.819 Y30.737 F7800
G1 X204.405 Y30.794
;TYPE:External perimeter
G1 F1800
G1 X23.558 Y202.753 E62.38971
G1 X20.592 Y199.633 E62.59676
G1 X201.439 Y27.675 E74.59925
G1 X202.922 Y29.235 E74.70277
G1 X204.364 Y30.751 E74.8034
G1 X204.118 Y31.067 F7800
G1 X202.792 Y30.864
;TYPE:Internal infill
;WIDTH:0.45
G1 F4800
G1 X202.906 Y30.757 E74.81092
G1 X201.419 Y29.193 E74.91472
G1 X200.349 Y33.188 E75.11364
G1 X201.327 Y32.258 E75.17855
G1 X199.783 Y30.713 E75.28361
G1 X195.589 Y34.7 E75.56193
G1 X197.134 Y36.245 E75.66702
G1 X198.01 Y35.412 E75.72516
G1 X193.598 Y36.594 E75.94485
G1 X193.397 Y36.785 E75.95819
G1 X192.313 Y40.828 E76.15951
G1 X192.941 Y40.232 E76.20115
G1 X191.396 Y38.687 E76.30624
G1 X187.203 Y42.674 E76.58453
G1 X188.748 Y44.219 E76.68962
G1 X189.241 Y43.75 E76.72235
G1 X184.829 Y44.932 E76.94204
G1 X185.361 Y44.426 E76.97735
G1 X184.278 Y48.469 E77.17866
G1 X184.555 Y48.206 E77.19703
G1 X183.01 Y46.661 E77.30212
G1 X178.817 Y50.648 E77.58041
G1 X180.361 Y52.193 E77.68547
G1 X180.472 Y52.088 E77.69282
G1 X176.06 Y53.27 E77.91251
G1 X177.325 Y52.066 E77.9965
G1 X176.242 Y56.11 E78.19786
G1 X176.168 Y56.18 E78.20276
G1 X174.624 Y54.635 E78.30782
G1 X170.43 Y58.623 E78.58617
G1 X171.975 Y60.167 E78.69123
G1 X171.703 Y60.426 E78.70929
G1 X167.291 Y61.608 E78.92898
G1 X166.237 Y62.61 E78.99893
G1 X167.782 Y64.154 E79.10399
G1 X168.206 Y63.751 E79.13212
G1 X169.29 Y59.707 E79.33349
G1 X167.613 Y61.301 E79.44477
G1 E77.44477 F2400
G92 E0
G1 X167.613 Y61.301 F7800
G1 X163.721 Y65.002
G1 E2 F2400
G1 F4800
G1 X162.044 Y66.597 E2.11131
G1 X163.589 Y68.141 E2.21637
G1 X162.934 Y68.764 E2.25985
G1 X158.522 Y69.946 E2.47954
G1 X157.851 Y70.584 E2.52407
G1 X159.396 Y72.128 E2.62913
G1 X160.171 Y71.391 E2.68057
G1 X161.254 Y67.348 E2.88188
G1 X159.577 Y68.942 E2.99316
G1 E.99316 F2400
G92 E0
G1 X159.577 Y68.942 F7800
G1 X153.812 Y77.438
G1 E2 F2400
G1 F4800
G1 X152.135 Y79.032 E2.11128
G1 X153.219 Y74.989 E2.3126
G1 X153.658 Y74.571 E2.34175
G1 X155.202 Y76.115 E2.44677
G1 X154.165 Y77.102 E2.51563
G1 X149.753 Y78.284 E2.73532
G1 X149.465 Y78.558 E2.75444
G1 X151.009 Y80.102 E2.85946
G1 X146.816 Y84.09 E3.13778
G1 X145.271 Y82.545 E3.24287
G1 X145.183 Y82.629 E3.24872
G1 X144.099 Y86.673 E3.45009
G1 X145.396 Y85.44 E3.53616
G1 X140.984 Y86.622 E3.75585
G1 X141.078 Y86.532 E3.76211
G1 X142.623 Y88.077 E3.8672
G1 X138.43 Y92.064 E4.14549
G1 X136.885 Y90.519 E4.25058
G1 X137.147 Y90.27 E4.26796
G1 X136.064 Y94.313 E4.46927
G1 X136.627 Y93.778 E4.50662
G1 X132.215 Y94.96 E4.72631
G1 X132.692 Y94.506 E4.75798
G1 X134.237 Y96.051 E4.86307
G1 X130.043 Y100.038 E5.14139
G1 X128.499 Y98.493 E5.24645
G1 X129.112 Y97.911 E5.2871
G1 X128.028 Y101.954 E5.48842
G1 X127.858 Y102.116 E5.49971
G1 X123.446 Y103.298 E5.7194
G1 X124.306 Y102.48 E5.77649
G1 X125.85 Y104.025 E5.88155
G1 X121.657 Y108.012 E6.15984
G1 X120.113 Y106.467 E6.2649
G1 X121.076 Y105.551 E6.32882
G1 X119.992 Y109.595 E6.53019
G1 X119.089 Y110.454 E6.59013
G1 X114.677 Y111.636 E6.80982
G1 X115.919 Y110.454 E6.89228
G1 X117.464 Y111.999 E6.99737
G1 X113.271 Y115.986 E7.27566
G1 X111.726 Y114.441 E7.38075
G1 X113.04 Y113.192 E7.46794
G1 X111.957 Y117.235 E7.66925
G1 X110.46 Y118.659 E7.76862
G1 E5.76862 F2400
G92 E0
G1 X110.46 Y118.659 F7800
G1 X109.21 Y116.834
G1 E2 F2400
G1 F4800
G1 X107.533 Y118.429 E2.11131
G1 X109.078 Y119.973 E2.21637
G1 X110.32 Y118.792 E2.2988
G1 X105.908 Y119.974 E2.51849
G1 X105.005 Y120.833 E2.57843
G1 X103.921 Y124.876 E2.77975
G1 X104.884 Y123.96 E2.84367
G1 X103.34 Y122.416 E2.94869
G1 X99.147 Y126.403 E3.22698
G1 X100.691 Y127.947 E3.332
G1 X101.551 Y127.13 E3.38905
G1 X97.139 Y128.312 E3.60874
G1 X96.969 Y128.473 E3.62
G1 X95.885 Y132.517 E3.82137
G1 X96.498 Y131.934 E3.86206
G1 X94.954 Y130.39 E3.96708
G1 X90.76 Y134.377 E4.2454
G1 X92.305 Y135.921 E4.35046
G1 X92.782 Y135.468 E4.3821
G1 X88.37 Y136.65 E4.60179
G1 X88.933 Y136.114 E4.63918
G1 X87.85 Y140.158 E4.84054
G1 X88.112 Y139.908 E4.85796
G1 X86.567 Y138.364 E4.96302
G1 X82.374 Y142.351 E5.24131
G1 X83.919 Y143.895 E5.34637
G1 X84.013 Y143.806 E5.3526
G1 X79.601 Y144.988 E5.57229
G1 X80.898 Y143.755 E5.65836
G1 X79.814 Y147.798 E5.85968
G1 X79.726 Y147.883 E5.86556
G1 X78.181 Y146.338 E5.97065
G1 X73.988 Y150.325 E6.24894
G1 X75.532 Y151.87 E6.354
G1 X75.244 Y152.143 E6.37309
G1 X70.832 Y153.326 E6.59279
G1 X69.795 Y154.312 E6.66161
G1 X71.339 Y155.857 E6.76667
G1 X71.778 Y155.439 E6.79582
G1 X72.862 Y151.396 E6.99714
G1 X71.185 Y152.99 E7.10842
G1 E5.10842 F2400
G92 E0
G1 X71.185 Y152.99 F7800
G1 X65.42 Y161.485
G1 E2 F2400
G1 F4800
G1 X63.743 Y163.08 E2.11131
G1 X64.826 Y159.036 E2.31267
G1 X65.601 Y158.299 E2.36411
G1 X67.146 Y159.844 E2.4692
G1 X66.475 Y160.481 E2.5137
G1 X62.063 Y161.664 E2.7334
G1 X61.408 Y162.286 E2.77684
G1 X62.953 Y163.831 E2.88193
G1 X61.276 Y165.425 E2.99321
G1 E.99321 F2400
G92 E0
G1 X61.276 Y165.425 F7800
G1 X57.384 Y169.126
G1 E2 F2400
G1 F4800
G1 X55.707 Y170.72 E2.11128
G1 X56.791 Y166.677 E2.3126
G1 X57.215 Y166.273 E2.34077
G1 X58.76 Y167.818 E2.44586
G1 X57.706 Y168.819 E2.51577
G1 X53.294 Y170.002 E2.73547
G1 X53.022 Y170.26 E2.7535
G1 X54.567 Y171.805 E2.85859
G1 X50.373 Y175.792 E3.13691
G1 X48.829 Y174.247 E3.24197
G1 X48.755 Y174.318 E3.2469
G1 X47.672 Y178.361 E3.44821
G1 X48.937 Y177.157 E3.5322
G1 X44.525 Y178.34 E3.7519
G1 X44.636 Y178.234 E3.75928
G1 X46.18 Y179.779 E3.86434
G1 X41.987 Y183.766 E4.14263
G1 X40.442 Y182.222 E4.24769
G1 X40.719 Y181.958 E4.26609
G1 X39.636 Y186.002 E4.46745
G1 X40.168 Y185.495 E4.5028
G1 X35.756 Y186.678 E4.7225
G1 X36.249 Y186.209 E4.75523
G1 X37.794 Y187.753 E4.86029
G1 X33.601 Y191.74 E5.13858
G1 X32.056 Y190.196 E5.24364
G1 X32.684 Y189.599 E5.28531
G1 X31.6 Y193.642 E5.48663
G1 X31.399 Y193.833 E5.49997
G1 X26.987 Y195.016 E5.71967
G1 X27.863 Y194.183 E5.77781
G1 X29.408 Y195.727 E5.88287
G1 X25.214 Y199.714 E6.16119
G1 X23.67 Y198.17 E6.26621
G1 X24.648 Y197.24 E6.33112
G1 X23.578 Y201.234 E6.52999
G1 X22.091 Y199.671 E6.63375
G1 X22.205 Y199.563 E6.6413
G1 E4.6413 F2400
G92 E0
G1 X22.205 Y199.563 F7800
G92 E0
G1 X210.846 Y38.785
G1 E2 F2400
;TYPE:Perimeter
;WIDTH:0.45
G1 F3600
G1 X31.117 Y209.68 E13.92829
G1 X29.213 Y207.678 E14.06117
G1 X208.943 Y36.783 E25.98949
G1 X209.894 Y37.784 E26.0559
G1 X210.804 Y38.741 E26.11942
G1 X210.804 Y38.741 F7800
G1 X211.391 Y38.799
G1 F3600
G1 X31.103 Y210.225 E38.08479
G1 X28.668 Y207.665 E38.25472
G1 X208.956 Y36.238 E50.22012
G1 X210.174 Y37.518 E50.3051
G1 X211.35 Y38.755 E50.38719
G1 X211.35 Y38.755 F7800
G1 X211.936 Y38.812
;TYPE:External perimeter
G1 F1800
G1 X31.089 Y210.77 E62.38968
G1 X28.123 Y207.651 E62.59669
G1 X208.97 Y35.693 E74.59918
G1 X210.453 Y37.253 E74.7027
G1 X211.895 Y38.769 E74.80333
G1 X211.649 Y39.084 F7800
G1 X210.323 Y38.882
;TYPE:Internal infill
;WIDTH:0.45
G1 F4800
G1 X210.437 Y38.775 E74.81085
G1 X208.95 Y37.211 E74.91465
G1 X207.88 Y41.206 E75.11357
G1 X208.858 Y40.276 E75.17848
G1 X207.314 Y38.731 E75.28354
G1 X203.121 Y42.718 E75.56183
G1 X204.665 Y44.263 E75.66689
G1 X205.541 Y43.43 E75.72503
G1 X201.129 Y44.612 E75.94472
G1 X200.928 Y44.803 E75.95806
G1 X199.844 Y48.846 E76.15938
G1 X200.472 Y48.25 E76.20102
G1 X198.927 Y46.705 E76.30611
G1 X194.734 Y50.692 E76.5844
G1 X196.279 Y52.237 E76.68949
G1 X196.772 Y51.768 E76.72222
G1 X192.36 Y52.95 E76.94191
G1 X192.892 Y52.444 E76.97722
G1 X191.809 Y56.487 E77.17853
G1 X192.086 Y56.224 E77.1969
G1 X190.541 Y54.679 E77.30199
G1 X186.348 Y58.666 E77.58028
G1 X187.892 Y60.211 E77.68534
G1 X188.003 Y60.106 E77.69269
G1 X183.591 Y61.288 E77.91238
G1 X184.857 Y60.084 E77.99641
G1 X183.773 Y64.128 E78.19778
G1 X183.699 Y64.198 E78.20268
G1 X182.155 Y62.653 E78.30774
G1 X177.962 Y66.64 E78.58603
G1 X179.506 Y68.185 E78.69109
G1 X179.234 Y68.444 E78.70915
G1 X174.822 Y69.626 E78.92884
G1 X173.768 Y70.628 E78.99879
G1 X175.313 Y72.172 E79.10385
G1 X175.738 Y71.768 E79.13205
G1 X176.821 Y67.725 E79.33336
G1 X175.144 Y69.319 E79.44464
G1 E77.44464 F2400
G92 E0
G1 X175.144 Y69.319 F7800
G1 X171.252 Y73.02
G1 E2 F2400
G1 F4800
G1 X169.575 Y74.615 E2.11131
G1 X171.12 Y76.159 E2.21637
G1 X170.465 Y76.782 E2.25985
G1 X166.053 Y77.964 E2.47954
G1 X165.382 Y78.602 E2.52407
G1 X166.927 Y80.146 E2.62913
G1 X167.702 Y79.409 E2.68057
G1 X168.785 Y75.366 E2.88188
G1 X167.109 Y76.96 E2.99313
G1 E.99313 F2400
G92 E0
G1 X167.109 Y76.96 F7800
G1 X161.343 Y85.456
G1 E2 F2400
G1 F4800
G1 X159.666 Y87.05 E2.11128
G1 X160.75 Y83.006 E2.31265
G1 X161.189 Y82.589 E2.34177
G1 X162.734 Y84.133 E2.44683
G1 X161.696 Y85.12 E2.51572
G1 X157.284 Y86.302 E2.73541
G1 X156.996 Y86.576 E2.75453
G1 X158.54 Y88.12 E2.85955
G1 X154.347 Y92.107 E3.13784
G1 X152.803 Y90.563 E3.24286
G1 X152.714 Y90.647 E3.24875
G1 X151.631 Y94.691 E3.45011
G1 X152.927 Y93.458 E3.53615
G1 X148.515 Y94.64 E3.75584
G1 X148.609 Y94.55 E3.7621
G1 X150.154 Y96.094 E3.86716
G1 X145.961 Y100.082 E4.14548
G1 X144.416 Y98.537 E4.25057
G1 X144.678 Y98.288 E4.26795
G1 X143.595 Y102.331 E4.46926
G1 X144.158 Y101.796 E4.50661
G1 X139.746 Y102.978 E4.7263
G1 X140.223 Y102.524 E4.75797
G1 X141.768 Y104.069 E4.86306
G1 X137.575 Y108.056 E5.14135
G1 X136.03 Y106.511 E5.24644
G1 X136.643 Y105.929 E5.28709
G1 X135.559 Y109.972 E5.48841
G1 X135.389 Y110.134 E5.4997
G1 X130.977 Y111.316 E5.71939
G1 X131.837 Y110.498 E5.77648
G1 X133.381 Y112.043 E5.88154
G1 X129.188 Y116.03 E6.15983
G1 X127.644 Y114.485 E6.26489
G1 X128.607 Y113.569 E6.32881
G1 X127.524 Y117.613 E6.53017
G1 X126.62 Y118.471 E6.59012
G1 X122.208 Y119.654 E6.80982
G1 X123.45 Y118.472 E6.89228
G1 X124.995 Y120.017 E6.99737
G1 X120.802 Y124.004 E7.27566
G1 X119.257 Y122.459 E7.38075
G1 X120.571 Y121.21 E7.46794
G1 X119.488 Y125.253 E7.66925
G1 X117.991 Y126.677 E7.76862
G1 E5.76862 F2400
G92 E0
G1 X117.991 Y126.677 F7800
G1 X116.741 Y124.852
G1 E2 F2400
G1 F4800
G1 X115.064 Y126.446 E2.11128
G1 X116.609 Y127.991 E2.21637
G1 X117.851 Y126.809 E2.29883
G1 X113.439 Y127.992 E2.51853
G1 X112.536 Y128.851 E2.57847
G1 X111.452 Y132.894 E2.77979
G1 X112.416 Y131.978 E2.84375
G1 X110.871 Y130.433 E2.94884
G1 X106.678 Y134.421 E3.22716
G1 X108.222 Y135.965 E3.33218
G1 X109.082 Y135.147 E3.38927
G1 X104.67 Y136.33 E3.60897
G1 X104.5 Y136.491 E3.62023
G1 X103.417 Y140.535 E3.82159
G1 X104.029 Y139.952 E3.86224
G1 X102.485 Y138.408 E3.96726
G1 X98.292 Y142.395 E4.24555
G1 X99.836 Y143.939 E4.35057
G1 X100.313 Y143.485 E4.38224
G1 X95.901 Y144.668 E4.60194
G1 X96.464 Y144.132 E4.63933
G1 X95.381 Y148.175 E4.84064
G1 X95.643 Y147.926 E4.85802
G1 X94.098 Y146.382 E4.96308
G1 X89.905 Y150.369 E5.24137
G1 X91.45 Y151.913 E5.34643
G1 X91.544 Y151.823 E5.35269
G1 X87.132 Y153.006 E5.57239
G1 X88.429 Y151.773 E5.65846
G1 X87.345 Y155.816 E5.85978
G1 X87.257 Y155.9 E5.86563
G1 X85.712 Y154.356 E5.97069
G1 X81.519 Y158.343 E6.24898
G1 X83.063 Y159.888 E6.35404
G1 X82.775 Y160.161 E6.37313
G1 X78.363 Y161.344 E6.59283
G1 X77.326 Y162.33 E6.66165
G1 X78.87 Y163.875 E6.76671
G1 X79.31 Y163.457 E6.7959
G1 X80.393 Y159.413 E6.99726
G1 X78.716 Y161.008 E7.10857
G1 E5.10857 F2400
G92 E0
G1 X78.716 Y161.008 F7800
G1 X72.951 Y169.503
G1 E2 F2400
G1 F4800
G1 X71.274 Y171.098 E2.11131
G1 X72.357 Y167.054 E2.31267
G1 X73.133 Y166.317 E2.36414
G1 X74.677 Y167.862 E2.4692
G1 X74.006 Y168.499 E2.5137
G1 X69.594 Y169.682 E2.7334
G1 X68.939 Y170.304 E2.77684
G1 X70.484 Y171.849 E2.88193
G1 X68.807 Y173.443 E2.99321
G1 E.99321 F2400
G92 E0
G1 X68.807 Y173.443 F7800
G1 X64.915 Y177.144
G1 E2 F2400
G1 F4800
G1 X63.238 Y178.738 E2.11128
G1 X64.322 Y174.695 E2.3126
G1 X64.746 Y174.291 E2.34077
G1 X66.291 Y175.836 E2.44586
G1 X65.237 Y176.837 E2.51577
G1 X60.825 Y178.02 E2.73547
G1 X60.553 Y178.278 E2.7535
G1 X62.098 Y179.823 E2.85859
G1 X57.905 Y183.81 E3.13688
G1 X56.36 Y182.265 E3.24197
G1 X56.286 Y182.336 E3.2469
G1 X55.203 Y186.379 E3.44821
G1 X56.469 Y185.175 E3.53224
G1 X52.056 Y186.358 E3.75198
G1 X52.167 Y186.252 E3.75936
G1 X53.711 Y187.797 E3.86442
G1 X49.518 Y191.784 E4.14271
G1 X47.974 Y190.239 E4.24777
G1 X48.25 Y189.976 E4.26611
G1 X47.167 Y194.02 E4.46747
G1 X47.7 Y193.513 E4.50285
G1 X43.287 Y194.696 E4.72259
G1 X43.78 Y194.226 E4.75535
G1 X45.325 Y195.771 E4.86044
G1 X41.132 Y199.758 E5.13873
G1 X39.587 Y198.214 E5.24379
G1 X40.215 Y197.617 E5.28546
G1 X39.131 Y201.66 E5.48678
G1 X38.931 Y201.851 E5.50008
G1 X34.518 Y203.034 E5.71982
G1 X35.394 Y202.201 E5.77796
G1 X36.939 Y203.745 E5.88302
G1 X32.746 Y207.732 E6.16131
G1 X31.201 Y206.188 E6.26637
G1 X32.179 Y205.258 E6.33128
G1 X31.109 Y209.252 E6.53015
G1 X29.622 Y207.689 E6.63391
G1 X29.736 Y207.581 E6.64146
;LAYER_CHANGE
;Z:2.45
;HEIGHT:0.3
G1 Z2.45 F7800
G1 E4.64146 F2400
G92 E0
G1 X29.736 Y207.581 F7800
G92 E0
G1 X190.854 Y12.392
G1 E2 F2400
;TYPE:Perimeter
;WIDTH:0.45
G1 F3600
G1 X11.125 Y183.287 E13.92829
G1 X9.087 Y181.145 E14.07049
G1 X188.816 Y10.249 E25.99881
G1 X189.835 Y11.321 E26.06995
G1 X190.812 Y12.349 E26.13816
G1 X190.812 Y12.349 F7800
G1 X191.399 Y12.406
G1 F3600
G1 X11.111 Y183.833 E38.10356
G1 X8.542 Y181.131 E38.28288
G1 X188.83 Y9.704 E50.24828
G1 X190.114 Y11.055 E50.33792
G1 X191.358 Y12.362 E50.4247
G1 X191.358 Y12.362 F7800
G1 X191.944 Y12.42
;TYPE:External perimeter
G1 F1800
G1 X11.097 Y184.378 E62.42719
G1 X7.997 Y181.117 E62.64359
G1 X188.844 Y9.159 E74.64608
G1 X190.394 Y10.789 E74.75426
G1 X191.903 Y12.376 E74.85959
G1 X191.657 Y12.692 F7800
G1 X190.402 Y12.423
;TYPE:Internal infill
;WIDTH:0.45
G1 F4800
G1 X190.445 Y12.382 E74.86245
G1 X188.891 Y10.748 E74.97091
G1 X187.773 Y14.923 E75.17879
G1 X188.868 Y13.881 E75.25149
G1 X187.186 Y12.199 E75.3659
G1 X182.992 Y16.186 E75.64422
G1 X184.675 Y17.868 E75.75866
G1 X185.679 Y16.914 E75.82527
G1 X180.873 Y18.201 E76.06457
G1 X180.917 Y18.159 E76.0675
G1 X179.737 Y22.564 E76.28684
G1 X180.482 Y21.855 E76.3363
G1 X178.799 Y20.173 E76.45074
G1 X174.606 Y24.16 E76.72903
G1 X176.289 Y25.842 E76.84347
G1 X176.91 Y25.252 E76.88467
G1 X172.104 Y26.539 E77.12397
G1 X172.881 Y25.8 E77.17554
G1 X171.701 Y30.204 E77.39483
G1 X172.095 Y29.83 E77.42096
G1 X170.413 Y28.147 E77.5354
G1 X166.22 Y32.134 E77.81369
G1 X167.902 Y33.817 E77.92813
G1 X168.141 Y33.59 E77.94398
G1 X163.335 Y34.877 E78.18328
G1 X162.027 Y36.121 E78.2701
G1 X163.709 Y37.804 E78.38454
G1 X163.666 Y37.845 E78.3874
G1 X164.846 Y33.441 E78.60669
G1 X163.474 Y34.745 E78.69773
G1 E76.69773 F2400
G92 E0
G1 X163.474 Y34.745 F7800
G1 X159.51 Y38.514
G1 E2 F2400
G1 F4800
G1 X157.833 Y40.108 E2.11128
G1 X159.516 Y41.791 E2.22576
G1 X159.372 Y41.928 E2.23532
G1 X154.566 Y43.215 E2.47462
G1 X153.64 Y44.095 E2.53606
G1 X155.323 Y45.778 E2.65054
G1 X155.63 Y45.486 E2.67092
G1 X156.81 Y41.081 E2.89026
G1 X155.133 Y42.676 E3.00157
G1 E1.00157 F2400
G92 E0
G1 X155.133 Y42.676 F7800
G1 X151.124 Y46.488
G1 E2 F2400
G1 F4800
G1 X149.447 Y48.082 E2.11128
G1 X151.13 Y49.765 E2.22576
G1 X150.603 Y50.266 E2.26073
G1 X145.797 Y51.553 E2.50003
G1 X145.254 Y52.069 E2.53606
G1 X146.936 Y53.752 E2.6505
G1 X147.594 Y53.126 E2.69418
G1 X148.774 Y48.722 E2.91347
G1 X147.098 Y50.316 E3.02472
G1 E1.02472 F2400
G92 E0
G1 X147.098 Y50.316 F7800
G1 X141.235 Y59.173
G1 E2 F2400
G1 F4800
G1 X139.559 Y60.767 E2.11125
G1 X140.739 Y56.363 E2.33054
G1 X141.061 Y56.056 E2.35194
G1 X142.743 Y57.739 E2.46638
G1 X141.834 Y58.604 E2.52673
G1 X137.028 Y59.891 E2.76603
G1 X136.868 Y60.044 E2.77668
G1 X138.55 Y61.726 E2.89109
G1 X136.873 Y63.32 E3.00237
G1 E1.00237 F2400
G92 E0
G1 X136.873 Y63.32 F7800
G1 X132.925 Y67.074
G1 E2 F2400
G1 F4800
G1 X131.523 Y68.408 E2.09308
G1 X132.703 Y64.003 E2.31242
G1 X132.674 Y64.031 E2.31436
G1 X134.357 Y65.713 E2.4288
G1 X133.065 Y66.941 E2.51453
G1 X128.259 Y68.229 E2.75384
G1 X128.481 Y68.018 E2.76857
G1 X130.164 Y69.7 E2.88301
G1 X125.971 Y73.687 E3.1613
G1 X124.288 Y72.005 E3.27574
G1 X124.667 Y71.644 E3.30091
G1 X123.487 Y76.048 E3.5202
G1 X124.296 Y75.279 E3.57388
G1 X119.49 Y76.567 E3.81319
G1 X120.095 Y75.992 E3.85333
G1 X121.777 Y77.674 E3.96774
G1 X117.584 Y81.661 E4.24603
G1 X115.902 Y79.979 E4.36044
G1 X116.632 Y79.285 E4.40888
G1 X115.452 Y83.689 E4.62817
G1 X115.527 Y83.617 E4.63317
G1 X110.721 Y84.905 E4.87248
G1 X111.709 Y83.966 E4.93804
G1 X113.391 Y85.648 E5.05245
G1 X109.198 Y89.635 E5.33074
G1 X107.515 Y87.953 E5.44518
G1 X108.596 Y86.925 E5.51693
G1 X107.416 Y91.33 E5.73627
G1 X106.758 Y91.955 E5.77992
G1 X101.952 Y93.243 E6.01923
G1 X103.322 Y91.94 E6.11017
G1 X105.005 Y93.623 E6.22465
G1 X100.812 Y97.61 E6.50294
G1 X99.129 Y95.927 E6.61742
G1 X100.56 Y94.566 E6.7124
G1 X99.38 Y98.971 E6.93174
G1 X100.672 Y97.742 E7.0175
G1 E5.0175 F2400
G92 E0
G1 X100.672 Y97.742 F7800
G1 X96.613 Y98.32
G1 E2 F2400
G1 F4800
G1 X94.936 Y99.914 E2.11128
G1 X96.618 Y101.597 E2.22572
G1 X97.989 Y100.293 E2.31672
G1 X93.183 Y101.581 E2.55603
G1 X92.525 Y102.207 E2.59971
G1 X91.345 Y106.611 E2.819
G1 X92.425 Y105.584 E2.89068
G1 X90.743 Y103.901 E3.00512
G1 X86.55 Y107.888 E3.28341
G1 X88.232 Y109.571 E3.39785
G1 X89.22 Y108.631 E3.46344
G1 X84.414 Y109.919 E3.70275
G1 X84.489 Y109.848 E3.70772
G1 X83.309 Y114.252 E3.92701
G1 X84.039 Y113.558 E3.97545
G1 X82.357 Y111.875 E4.08989
G1 X78.163 Y115.862 E4.36821
G1 X79.846 Y117.545 E4.48269
G1 X80.451 Y116.969 E4.52287
G1 X75.645 Y118.257 E4.76218
G1 X76.454 Y117.488 E4.81586
G1 X75.273 Y121.893 E5.03521
G1 X75.653 Y121.532 E5.06042
G1 X73.97 Y119.849 E5.1749
G1 X69.777 Y123.837 E5.45322
G1 X71.46 Y125.519 E5.56766
G1 X71.682 Y125.307 E5.58242
G1 X66.876 Y126.595 E5.82173
G1 X65.584 Y127.824 E5.90749
G1 X67.266 Y129.506 E6.0219
G1 X67.238 Y129.533 E6.02377
G1 X68.418 Y125.129 E6.24306
G1 X67.016 Y126.462 E6.33611
G1 E4.33611 F2400
G92 E0
G1 X67.016 Y126.462 F7800
G1 X63.067 Y130.216
G1 E2 F2400
G1 F4800
G1 X61.391 Y131.811 E2.11128
G1 X63.073 Y133.493 E2.22569
G1 X62.913 Y133.645 E2.2363
G1 X58.107 Y134.933 E2.47561
G1 X57.198 Y135.798 E2.53596
G1 X58.88 Y137.48 E2.65037
G1 X59.202 Y137.174 E2.67173
G1 X60.382 Y132.77 E2.89102
G1 X58.705 Y134.364 E3.0023
G1 E1.0023 F2400
G92 E0
G1 X58.705 Y134.364 F7800
G1 X52.843 Y143.22
G1 E2 F2400
G1 F4800
G1 X51.166 Y144.815 E2.11131
G1 X52.347 Y140.41 E2.33066
G1 X53.004 Y139.785 E2.37427
G1 X54.687 Y141.467 E2.48871
G1 X54.144 Y141.983 E2.52474
G1 X49.338 Y143.271 E2.76405
G1 X48.811 Y143.772 E2.79902
G1 X50.494 Y145.454 E2.91346
G1 X48.817 Y147.049 E3.02477
G1 E1.02477 F2400
G92 E0
G1 X48.817 Y147.049 F7800
G1 X44.807 Y150.861
G1 E2 F2400
G1 F4800
G1 X43.131 Y152.455 E2.11125
G1 X44.311 Y148.051 E2.33054
G1 X44.618 Y147.759 E2.35092
G1 X46.301 Y149.441 E2.46536
G1 X45.375 Y150.321 E2.5268
G1 X40.569 Y151.609 E2.76611
G1 X40.425 Y151.746 E2.77567
G1 X42.107 Y153.428 E2.89008
G1 X40.431 Y155.023 E3.00136
G1 E1.00136 F2400
G92 E0
G1 X40.431 Y155.023 F7800
G1 X36.467 Y158.792
G1 E2 F2400
G1 F4800
G1 X35.095 Y160.096 E2.09104
G1 X36.275 Y155.692 E2.31033
G1 X36.232 Y155.733 E2.31319
G1 X37.914 Y157.416 E2.42763
G1 X36.606 Y158.659 E2.51442
G1 X31.8 Y159.947 E2.75373
G1 X32.039 Y159.72 E2.76958
G1 X33.721 Y161.403 E2.88402
G1 X29.528 Y165.39 E3.16231
G1 X27.845 Y163.707 E3.27679
G1 X28.24 Y163.332 E3.30299
G1 X27.059 Y167.737 E3.52234
G1 X27.837 Y166.997 E3.57398
G1 X23.031 Y168.285 E3.81329
G1 X23.652 Y167.694 E3.85452
G1 X25.335 Y169.377 E3.969
G1 X21.142 Y173.364 E4.24729
G1 X19.459 Y171.681 E4.36177
G1 X20.204 Y170.973 E4.4112
G1 X19.024 Y175.378 E4.63054
G1 X19.068 Y175.335 E4.6335
G1 X14.262 Y176.623 E4.87281
G1 X15.266 Y175.668 E4.93946
G1 X16.948 Y177.351 E5.0539
G1 X12.755 Y181.338 E5.33219
G1 X11.073 Y179.655 E5.44663
G1 X12.168 Y178.614 E5.5193
G1 X11.05 Y182.789 E5.72718
G1 X9.496 Y181.155 E5.83564
G1 X9.539 Y181.114 E5.8385
G1 E3.8385 F2400
G92 E0
G1 X9.539 Y181.114 F7800
G92 E0
G1 X195.835 Y22.834
G1 E2 F2400
;TYPE:Perimeter
;WIDTH:0.45
G1 F3600
G1 X16.106 Y193.73 E13.92832
G1 X14.069 Y191.587 E14.07052
G1 X193.798 Y20.691 E25.99884
G1 X194.817 Y21.763 E26.06998
G1 X195.794 Y22.791 E26.13819
G1 X195.794 Y22.791 F7800
G1 X196.381 Y22.848
G1 F3600
G1 X16.093 Y194.275 E38.10359
G1 X13.524 Y191.573 E38.28291
G1 X193.812 Y20.146 E50.24831
G1 X195.096 Y21.497 E50.33795
G1 X196.339 Y22.804 E50.4247
G1 X196.339 Y22.804 F7800
G1 X196.926 Y22.862
;TYPE:External perimeter
G1 F1800
G1 X16.079 Y194.82 E62.42719
G1 X12.978 Y191.559 E62.64363
G1 X193.825 Y19.601 E74.64612
G1 X195.376 Y21.231 E74.75434
G1 X196.884 Y22.818 E74.85963
G1 X196.639 Y23.134 F7800
G1 X195.384 Y22.865
;TYPE:Internal infill
;WIDTH:0.45
G1 F4800
G1 X195.427 Y22.824 E74.86249
G1 X193.873 Y21.19 E74.97095
G1 X192.754 Y25.365 E75.17884
G1 X193.85 Y24.323 E75.25158
G1 X192.167 Y22.641 E75.36602
G1 X187.974 Y26.628 E75.64431
G1 X189.656 Y28.31 E75.75872
G1 X190.661 Y27.356 E75.82537
G1 X185.854 Y28.644 E76.06473
G1 X185.899 Y28.601 E76.06772
G1 X184.719 Y33.006 E76.28706
G1 X185.463 Y32.297 E76.33649
G1 X183.781 Y30.615 E76.4509
G1 X179.588 Y34.602 E76.72919
G1 X181.27 Y36.285 E76.84363
G1 X181.892 Y35.694 E76.8849
G1 X177.085 Y36.982 E77.12426
G1 X177.863 Y36.242 E77.1759
G1 X176.683 Y40.646 E77.39519
G1 X177.077 Y40.272 E77.42132
G1 X175.395 Y38.589 E77.53576
G1 X171.201 Y42.576 E77.81408
G1 X172.884 Y44.259 E77.92856
G1 X173.123 Y44.032 E77.94441
G1 X168.316 Y45.319 E78.18375
G1 X167.008 Y46.563 E78.27057
G1 X168.691 Y48.246 E78.38505
G1 X168.647 Y48.287 E78.38794
G1 X169.827 Y43.883 E78.60723
G1 X168.456 Y45.187 E78.69823
G1 E76.69823 F2400
G92 E0
G1 X168.456 Y45.187 F7800
G1 X164.492 Y48.956
G1 E2 F2400
G1 F4800
G1 X162.815 Y50.55 E2.11128
G1 X164.498 Y52.233 E2.22576
G1 X164.354 Y52.37 E2.23532
G1 X159.547 Y53.657 E2.47466
G1 X158.622 Y54.537 E2.53607
G1 X160.304 Y56.22 E2.65051
G1 X160.612 Y55.928 E2.67092
G1 X161.792 Y51.523 E2.89026
G1 X160.115 Y53.118 E3.00157
G1 E1.00157 F2400
G92 E0
G1 X160.115 Y53.118 F7800
G1 X156.105 Y56.93
G1 E2 F2400
G1 F4800
G1 X154.429 Y58.524 E2.11125
G1 X156.111 Y60.207 E2.22569
G1 X155.585 Y60.708 E2.26063
G1 X150.778 Y61.995 E2.49997
G1 X150.236 Y62.511 E2.53596
G1 X151.918 Y64.194 E2.6504
G1 X152.576 Y63.568 E2.69408
G1 X153.756 Y59.164 E2.91337
G1 X152.079 Y60.758 E3.02465
G1 E1.02465 F2400
G92 E0
G1 X152.079 Y60.758 F7800
G1 X146.217 Y69.615
G1 E2 F2400
G1 F4800
G1 X144.54 Y71.209 E2.11128
G1 X145.72 Y66.805 E2.33057
G1 X146.042 Y66.499 E2.35193
G1 X147.725 Y68.181 E2.46637
G1 X146.816 Y69.046 E2.52672
G1 X142.009 Y70.333 E2.76606
G1 X141.849 Y70.486 E2.77671
G1 X143.532 Y72.168 E2.89115
G1 X141.855 Y73.762 E3.00243
G1 E1.00243 F2400
G92 E0
G1 X141.855 Y73.762 F7800
G1 X137.907 Y77.516
G1 E2 F2400
G1 F4800
G1 X136.505 Y78.85 E2.09308
G1 X137.685 Y74.445 E2.31242
G1 X137.656 Y74.473 E2.31436
G1 X139.339 Y76.155 E2.4288
G1 X138.047 Y77.384 E2.51456
G1 X133.24 Y78.671 E2.7539
G1 X133.463 Y78.46 E2.76867
G1 X135.145 Y80.142 E2.88308
G1 X130.952 Y84.129 E3.16137
G1 X129.27 Y82.447 E3.27578
G1 X129.649 Y82.086 E3.30095
G1 X128.469 Y86.491 E3.52029
G1 X129.278 Y85.722 E3.57397
G1 X124.471 Y87.009 E3.81331
G1 X125.077 Y86.434 E3.85349
G1 X126.759 Y88.116 E3.9679
G1 X122.566 Y92.103 E4.24619
G1 X120.883 Y90.421 E4.36063
G1 X121.613 Y89.727 E4.40907
G1 X120.433 Y94.131 E4.62836
G1 X120.509 Y94.059 E4.6334
G1 X115.702 Y95.347 E4.87276
G1 X116.69 Y94.408 E4.93832
G1 X118.373 Y96.09 E5.05276
G1 X114.18 Y100.078 E5.33108
G1 X112.497 Y98.395 E5.44556
G1 X113.578 Y97.367 E5.51731
G1 X112.398 Y101.772 E5.73665
G1 X111.74 Y102.397 E5.7803
G1 X106.933 Y103.685 E6.01966
G1 X108.304 Y102.382 E6.11063
G1 X109.986 Y104.065 E6.22507
G1 X105.793 Y108.052 E6.50336
G1 X104.111 Y106.369 E6.6178
G1 X105.542 Y105.008 E6.71278
G1 X104.362 Y109.413 E6.93212
G1 X105.654 Y108.185 E7.01785
G1 E5.01785 F2400
G92 E0
G1 X105.654 Y108.185 F7800
G1 X101.594 Y108.762
G1 E2 F2400
G1 F4800
G1 X99.918 Y110.356 E2.11125
G1 X101.6 Y112.039 E2.22569
G1 X102.971 Y110.735 E2.31669
G1 X98.164 Y112.023 E2.55605
G1 X97.506 Y112.649 E2.59973
G1 X96.326 Y117.053 E2.81902
G1 X97.407 Y116.026 E2.89074
G1 X95.725 Y114.343 E3.00518
G1 X91.531 Y118.33 E3.2835
G1 X93.214 Y120.013 E3.39798
G1 X94.202 Y119.073 E3.46357
G1 X89.395 Y120.361 E3.70293
G1 X89.471 Y120.29 E3.70793
G1 X88.291 Y124.694 E3.92722
G1 X89.021 Y124 E3.97566
G1 X87.338 Y122.317 E4.09014
G1 X83.145 Y126.304 E4.36843
G1 X84.828 Y127.987 E4.48291
G1 X85.433 Y127.411 E4.52309
G1 X80.626 Y128.699 E4.76245
G1 X81.435 Y127.93 E4.81613
G1 X80.255 Y132.335 E5.03547
G1 X80.634 Y131.974 E5.06064
G1 X78.952 Y130.292 E5.17505
G1 X74.759 Y134.279 E5.45334
G1 X76.441 Y135.961 E5.56775
G1 X76.664 Y135.749 E5.58255
G1 X71.857 Y137.037 E5.82191
G1 X70.566 Y138.266 E5.90764
G1 X72.248 Y139.948 E6.02205
G1 X72.219 Y139.975 E6.02396
G1 X73.4 Y135.571 E6.24326
G1 X71.997 Y136.904 E6.33634
G1 E4.33634 F2400
G92 E0
G1 X71.997 Y136.904 F7800
G1 X68.049 Y140.658
G1 E2 F2400
G1 F4800
G1 X66.372 Y142.253 E2.11131
G1 X68.055 Y143.935 E2.22575
G1 X67.895 Y144.087 E2.23636
G1 X63.088 Y145.375 E2.47572
G1 X62.179 Y146.24 E2.53607
G1 X63.862 Y147.922 E2.65051
G1 X64.184 Y147.616 E2.67187
G1 X65.364 Y143.212 E2.89116
G1 X63.687 Y144.806 E3.00244
G1 E1.00244 F2400
G92 E0
G1 X63.687 Y144.806 F7800
G1 X57.825 Y153.663
G1 E2 F2400
G1 F4800
G1 X56.148 Y155.257 E2.11128
G1 X57.328 Y150.852 E2.33062
G1 X57.986 Y150.227 E2.37427
G1 X59.669 Y151.909 E2.48871
G1 X59.126 Y152.425 E2.52474
G1 X54.32 Y153.713 E2.76405
G1 X53.793 Y154.214 E2.79902
G1 X55.475 Y155.896 E2.91343
G1 X53.799 Y157.491 E3.02471
G1 E1.02471 F2400
G92 E0
G1 X53.799 Y157.491 F7800
G1 X49.789 Y161.303
G1 E2 F2400
G1 F4800
G1 X48.112 Y162.898 E2.11131
G1 X49.293 Y158.493 E2.33066
G1 X49.6 Y158.201 E2.35104
G1 X51.282 Y159.883 E2.46545
G1 X50.357 Y160.763 E2.52686
G1 X45.551 Y162.051 E2.76617
G1 X45.407 Y162.188 E2.77573
G1 X47.089 Y163.871 E2.89017
G1 X45.412 Y165.465 E3.00145
G1 E1.00145 F2400
G92 E0
G1 X45.412 Y165.465 F7800
G1 X41.448 Y169.234
G1 E2 F2400
G1 F4800
G1 X40.077 Y170.538 E2.091
G1 X41.257 Y166.134 E2.31029
G1 X41.213 Y166.175 E2.31318
G1 X42.896 Y167.858 E2.42766
G1 X41.588 Y169.101 E2.51445
G1 X36.782 Y170.389 E2.75376
G1 X37.02 Y170.162 E2.76958
G1 X38.703 Y171.845 E2.88406
G1 X34.51 Y175.832 E3.16235
G1 X32.827 Y174.149 E3.27683
G1 X33.221 Y173.775 E3.30296
G1 X32.041 Y178.179 E3.52225
G1 X32.819 Y177.439 E3.57389
G1 X28.013 Y178.727 E3.8132
G1 X28.634 Y178.136 E3.85443
G1 X30.316 Y179.819 E3.96887
G1 X26.123 Y183.806 E4.24716
G1 X24.441 Y182.123 E4.3616
G1 X25.186 Y181.415 E4.41103
G1 X24.005 Y185.82 E4.63038
G1 X24.05 Y185.777 E4.63337
G1 X19.244 Y187.065 E4.87268
G1 X20.248 Y186.11 E4.93933
G1 X21.93 Y187.793 E5.05377
G1 X17.737 Y191.78 E5.33206
G1 X16.054 Y190.097 E5.44654
G1 X17.15 Y189.056 E5.51924
G1 X16.031 Y193.231 E5.72713
G1 X14.478 Y191.597 E5.83555
G1 X14.52 Y191.556 E5.83837
G1 E3.83837 F2400
G92 E0
G1 X14.52 Y191.556 F7800
G92 E0
G1 X203.382 Y30.838
G1 E2 F2400
;TYPE:Perimeter
;WIDTH:0.45
G1 F3600
G1 X23.653 Y201.733 E13.92829
G1 X21.615 Y199.59 E14.07053
G1 X201.344 Y28.695 E25.99882
G1 X202.363 Y29.766 E26.06992
G1 X203.341 Y30.794 E26.13816
G1 X203.341 Y30.794 F7800
G1 X203.927 Y30.851
G1 F3600
G1 X23.639 Y202.278 E38.10356
G1 X21.07 Y199.576 E38.28288
G1 X201.358 Y28.149 E50.24828
G1 X202.642 Y29.5 E50.33792
G1 X203.886 Y30.808 E50.42474
G1 X203.886 Y30.808 F7800
G1 X204.472 Y30.865
;TYPE:External perimeter
G1 F1800
G1 X23.625 Y202.823 E62.42723
G1 X20.525 Y199.562 E62.64363
G1 X201.372 Y27.604 E74.64612
G1 X202.922 Y29.235 E74.75434
G1 X204.431 Y30.822 E74.85967
G1 X204.185 Y31.137 F7800
G1 X202.93 Y30.868
;TYPE:Internal infill
;WIDTH:0.45
G1 F4800
G1 X202.973 Y30.827 E74.86253
G1 X201.419 Y29.193 E74.97099
G1 X200.301 Y33.368 E75.17887
G1 X201.396 Y32.327 E75.25154
G1 X199.714 Y30.644 E75.36598
G1 X195.52 Y34.631 E75.6443
G1 X197.203 Y36.314 E75.75878
G1 X198.207 Y35.359 E75.82543
G1 X193.401 Y36.647 E76.06474
G1 X193.445 Y36.605 E76.06767
G1 X192.265 Y41.009 E76.28696
G1 X193.01 Y40.301 E76.33639
G1 X191.327 Y38.618 E76.45087
G1 X187.134 Y42.605 E76.72916
G1 X188.817 Y44.288 E76.84364
G1 X189.438 Y43.697 E76.88487
G1 X184.632 Y44.985 E77.12418
G1 X185.41 Y44.245 E77.17582
G1 X184.229 Y48.65 E77.39517
G1 X184.623 Y48.275 E77.42133
G1 X182.941 Y46.592 E77.53577
G1 X178.748 Y50.579 E77.81406
G1 X180.43 Y52.262 E77.9285
G1 X180.669 Y52.035 E77.94435
G1 X175.863 Y53.323 E78.18366
G1 X174.555 Y54.567 E78.27048
G1 X176.237 Y56.249 E78.38489
G1 X176.194 Y56.29 E78.38775
G1 X177.374 Y51.886 E78.60704
G1 X176.002 Y53.19 E78.69808
G1 E76.69808 F2400
G92 E0
G1 X176.002 Y53.19 F7800
G1 X172.038 Y56.959
G1 E2 F2400
G1 F4800
G1 X170.361 Y58.554 E2.11131
G1 X172.044 Y60.236 E2.22575
G1 X171.9 Y60.373 E2.23531
G1 X167.094 Y61.661 E2.47462
G1 X166.168 Y62.541 E2.53606
G1 X167.851 Y64.223 E2.6505
G1 X168.158 Y63.931 E2.67088
G1 X169.338 Y59.527 E2.89017
G1 X167.661 Y61.121 E3.00145
G1 E1.00145 F2400
G92 E0
G1 X167.661 Y61.121 F7800
G1 X163.652 Y64.933
G1 E2 F2400
G1 F4800
G1 X161.975 Y66.528 E2.11131
G1 X163.658 Y68.21 E2.22575
G1 X163.131 Y68.711 E2.26072
G1 X158.325 Y69.999 E2.50003
G1 X157.782 Y70.515 E2.53606
G1 X159.464 Y72.197 E2.65047
G1 X160.122 Y71.572 E2.69412
G1 X161.303 Y67.167 E2.91347
G1 X159.626 Y68.762 E3.02478
G1 E1.02478 F2400
G92 E0
G1 X159.626 Y68.762 F7800
G1 X153.763 Y77.618
G1 E2 F2400
G1 F4800
G1 X152.087 Y79.212 E2.11125
G1 X153.267 Y74.808 E2.33054
G1 X153.589 Y74.502 E2.3519
G1 X155.271 Y76.184 E2.46631
G1 X154.362 Y77.049 E2.52666
G1 X149.556 Y78.337 E2.76597
G1 X149.396 Y78.489 E2.77658
G1 X151.078 Y80.171 E2.89099
G1 X149.401 Y81.766 E3.0023
G1 E1.0023 F2400
G92 E0
G1 X149.401 Y81.766 F7800
G1 X145.453 Y85.52
G1 E2 F2400
G1 F4800
G1 X144.051 Y86.853 E2.09305
G1 X145.231 Y82.449 E2.31234
G1 X145.203 Y82.476 E2.31421
G1 X146.885 Y84.158 E2.42862
G1 X145.593 Y85.387 E2.51438
G1 X140.787 Y86.675 E2.75369
G1 X141.009 Y86.463 E2.76845
G1 X142.692 Y88.146 E2.88293
G1 X138.499 Y92.133 E3.16122
G1 X136.816 Y90.45 E3.2757
G1 X137.196 Y90.089 E3.30091
G1 X136.015 Y94.494 E3.52026
G1 X136.824 Y93.725 E3.57394
G1 X132.018 Y95.013 E3.81325
G1 X132.623 Y94.437 E3.85343
G1 X134.306 Y96.12 E3.96791
G1 X130.112 Y100.107 E4.24623
G1 X128.43 Y98.424 E4.36067
G1 X129.16 Y97.73 E4.40911
G1 X127.98 Y102.135 E4.62845
G1 X128.055 Y102.063 E4.63345
G1 X123.249 Y103.351 E4.87276
G1 X124.237 Y102.411 E4.93835
G1 X125.919 Y104.094 E5.05279
G1 X121.726 Y108.081 E5.33108
G1 X120.044 Y106.398 E5.44552
G1 X121.124 Y105.371 E5.5172
G1 X119.944 Y109.775 E5.73649
G1 X119.286 Y110.401 E5.78017
G1 X114.48 Y111.689 E6.01948
G1 X115.85 Y110.385 E6.11045
G1 X117.533 Y112.068 E6.22493
G1 X113.34 Y116.055 E6.50322
G1 X111.657 Y114.372 E6.6177
G1 X113.089 Y113.012 E6.71269
G1 X111.908 Y117.416 E6.93199
G1 X113.2 Y116.188 E7.01772
G1 E5.01772 F2400
G92 E0
G1 X113.2 Y116.188 F7800
G1 X109.141 Y116.765
G1 E2 F2400
G1 F4800
G1 X107.464 Y118.36 E2.11131
G1 X109.147 Y120.042 E2.22575
G1 X110.517 Y118.739 E2.31669
G1 X105.711 Y120.027 E2.556
G1 X105.053 Y120.652 E2.59965
G1 X103.873 Y125.057 E2.81899
G1 X104.953 Y124.029 E2.8907
G1 X103.271 Y122.347 E3.00511
G1 X99.078 Y126.334 E3.2834
G1 X100.76 Y128.016 E3.39781
G1 X101.748 Y127.077 E3.46337
G1 X96.942 Y128.365 E3.70268
G1 X97.017 Y128.293 E3.70768
G1 X95.837 Y132.697 E3.92697
G1 X96.567 Y132.003 E3.97541
G1 X94.885 Y130.321 E4.08982
G1 X90.691 Y134.308 E4.36814
G1 X92.374 Y135.99 E4.48258
G1 X92.979 Y135.415 E4.52272
G1 X88.173 Y136.703 E4.76203
G1 X88.982 Y135.934 E4.81571
G1 X87.801 Y140.338 E5.03501
G1 X88.181 Y139.977 E5.06022
G1 X86.498 Y138.295 E5.17466
G1 X82.305 Y142.282 E5.45295
G1 X83.988 Y143.964 E5.56739
G1 X84.21 Y143.753 E5.58212
G1 X79.404 Y145.041 E5.82143
G1 X78.112 Y146.269 E5.90716
G1 X79.794 Y147.951 E6.02157
G1 X79.766 Y147.979 E6.02347
G1 X80.946 Y143.574 E6.24281
G1 X79.544 Y144.908 E6.33589
G1 E4.33589 F2400
G92 E0
G1 X79.544 Y144.908 F7800
G1 X75.596 Y148.662
G1 E2 F2400
G1 F4800
G1 X73.919 Y150.256 E2.11128
G1 X75.601 Y151.939 E2.22572
G1 X75.441 Y152.091 E2.23633
G1 X70.635 Y153.379 E2.47564
G1 X69.726 Y154.243 E2.53596
G1 X71.408 Y155.926 E2.6504
G1 X71.73 Y155.619 E2.6718
G1 X72.91 Y151.215 E2.89109
G1 X71.234 Y152.809 E3.00234
G1 E1.00234 F2400
G92 E0
G1 X71.234 Y152.809 F7800
G1 X65.371 Y161.666
G1 E2 F2400
G1 F4800
G1 X63.694 Y163.26 E2.11128
G1 X64.875 Y158.856 E2.33058
G1 X65.533 Y158.23 E2.37426
G1 X67.215 Y159.913 E2.4887
G1 X66.672 Y160.429 E2.52473
G1 X61.866 Y161.717 E2.76404
G1 X61.339 Y162.217 E2.79898
G1 X63.022 Y163.9 E2.91346
G1 X61.345 Y165.494 E3.02474
G1 E1.02474 F2400
G92 E0
G1 X57.336 Y169.307 F7800
G1 E2 F2400
G1 F4800
G1 X55.659 Y170.901 E2.11128
G1 X56.839 Y166.496 E2.33062
G1 X57.146 Y166.204 E2.351
G1 X58.829 Y167.887 E2.46548
G1 X57.903 Y168.767 E2.52692
G1 X53.097 Y170.055 E2.76623
G1 X52.953 Y170.191 E2.77576
G1 X54.636 Y171.874 E2.89024
G1 X52.959 Y173.468 E3.00152
G1 E1.00152 F2400
G92 E0
G1 X52.959 Y173.468 F7800
G1 X48.995 Y177.238
G1 E2 F2400
G1 F4800
G1 X47.623 Y178.542 E2.09104
G1 X48.803 Y174.137 E2.31038
G1 X48.76 Y174.178 E2.31324
G1 X50.442 Y175.861 E2.42768
G1 X49.134 Y177.105 E2.5145
G1 X44.328 Y178.393 E2.75381
G1 X44.567 Y178.166 E2.76966
G1 X46.249 Y179.848 E2.88407
G1 X42.056 Y183.835 E3.16236
G1 X40.374 Y182.153 E3.27677
G1 X40.768 Y181.778 E3.30293
G1 X39.587 Y186.182 E3.52223
G1 X40.365 Y185.443 E3.57384
G1 X35.559 Y186.73 E3.81314
G1 X36.18 Y186.14 E3.85434
G1 X37.863 Y187.822 E3.96878
G1 X33.67 Y191.809 E4.24707
G1 X31.987 Y190.127 E4.36151
G1 X32.732 Y189.419 E4.41094
G1 X31.552 Y193.823 E4.63023
G1 X31.596 Y193.781 E4.63316
G1 X26.79 Y195.068 E4.87246
G1 X27.794 Y194.114 E4.93907
G1 X29.477 Y195.796 E5.05351
G1 X25.283 Y199.783 E5.33183
G1 X23.601 Y198.101 E5.44624
G1 X24.696 Y197.059 E5.51894
G1 X23.578 Y201.234 E5.72682
G1 X22.024 Y199.6 E5.83528
G1 X22.067 Y199.56 E5.8381
G1 E3.8381 F2400
G92 E0
G1 X22.067 Y199.56 F7800
G92 E0
G1 X210.913 Y38.855
G1 E2 F2400
;TYPE:Perimeter
;WIDTH:0.45
G1 F3600
G1 X31.184 Y209.751 E13.92832
G1 X29.146 Y207.608 E14.07056
G1 X208.875 Y36.713 E25.99885
G1 X209.894 Y37.784 E26.06995
G1 X210.872 Y38.812 E26.13819
G1 X210.872 Y38.812 F7800
G1 X211.458 Y38.869
G1 F3600
G1 X31.17 Y210.296 E38.10359
G1 X28.601 Y207.594 E38.28291
G1 X208.889 Y36.167 E50.24831
G1 X210.174 Y37.518 E50.33799
G1 X211.417 Y38.826 E50.42478
G1 X211.417 Y38.826 F7800
G1 X212.003 Y38.883
;TYPE:External perimeter
G1 F1800
G1 X31.156 Y210.841 E62.42727
G1 X28.056 Y207.58 E62.64367
G1 X208.903 Y35.622 E74.64616
G1 X210.453 Y37.253 E74.75438
G1 X211.962 Y38.839 E74.85967
G1 X211.716 Y39.155 F7800
G1 X210.461 Y38.886
;TYPE:Internal infill
;WIDTH:0.45
G1 F4800
G1 X210.504 Y38.845 E74.86253
G1 X208.95 Y37.211 E74.97099
G1 X207.832 Y41.386 E75.17887
G1 X208.927 Y40.345 E75.25154
G1 X207.245 Y38.662 E75.36598
G1 X203.052 Y42.649 E75.64427
G1 X204.734 Y44.332 E75.75871
G1 X205.738 Y43.377 E75.82536
G1 X200.932 Y44.665 E76.06467
G1 X200.976 Y44.622 E76.06763
G1 X199.796 Y49.027 E76.28697
G1 X200.541 Y48.319 E76.3364
G1 X198.858 Y46.636 E76.45088
G1 X194.665 Y50.623 E76.72917
G1 X196.348 Y52.306 E76.84365
G1 X196.969 Y51.715 E76.88488
G1 X192.163 Y53.003 E77.12419
G1 X192.941 Y52.263 E77.17583
G1 X191.76 Y56.668 E77.39518
G1 X192.155 Y56.293 E77.42138
G1 X190.472 Y54.61 E77.53586
G1 X186.279 Y58.597 E77.81415
G1 X187.961 Y60.28 E77.92859
G1 X188.2 Y60.053 E77.94444
G1 X183.394 Y61.341 E78.18375
G1 X182.086 Y62.584 E78.27054
G1 X183.768 Y64.267 E78.38498
G1 X183.725 Y64.308 E78.38784
G1 X184.905 Y59.904 E78.60713
G1 X183.534 Y61.208 E78.69813
G1 E76.69813 F2400
G92 E0
G1 X183.534 Y61.208 F7800
G1 X179.569 Y64.977
G1 E2 F2400
G1 F4800
G1 X177.893 Y66.572 E2.11128
G1 X179.575 Y68.254 E2.22569
G1 X179.431 Y68.391 E2.23525
G1 X174.625 Y69.679 E2.47456
G1 X173.699 Y70.559 E2.536
G1 X175.382 Y72.241 E2.65044
G1 X175.689 Y71.949 E2.67082
G1 X176.869 Y67.545 E2.89011
G1 X175.193 Y69.139 E3.00136
G1 E1.00136 F2400
G92 E0
G1 X175.193 Y69.139 F7800
G1 X171.183 Y72.951
G1 E2 F2400
G1 F4800
G1 X169.506 Y74.546 E2.11131
G1 X171.189 Y76.228 E2.22575
G1 X170.662 Y76.729 E2.26072
G1 X165.856 Y78.017 E2.50003
G1 X165.313 Y78.533 E2.53606
G1 X166.996 Y80.215 E2.6505
G1 X167.653 Y79.59 E2.69411
G1 X168.834 Y75.185 E2.91346
G1 X167.157 Y76.78 E3.02477
G1 E1.02477 F2400
G92 E0
G1 X167.157 Y76.78 F7800
G1 X161.295 Y85.636
G1 E2 F2400
G1 F4800
G1 X159.618 Y87.23 E2.11128
G1 X160.798 Y82.826 E2.33057
G1 X161.12 Y82.52 E2.35193
G1 X162.802 Y84.202 E2.46634
G1 X161.893 Y85.067 E2.52669
G1 X157.087 Y86.355 E2.766
G1 X156.927 Y86.507 E2.77661
G1 X158.609 Y88.189 E2.89102
G1 X156.933 Y89.784 E3.0023
G1 E1.0023 F2400
G92 E0
G1 X156.933 Y89.784 F7800
G1 X152.985 Y93.538
G1 E2 F2400
G1 F4800
G1 X151.582 Y94.871 E2.09308
G1 X152.762 Y90.467 E2.31237
G1 X152.734 Y90.494 E2.31424
G1 X154.416 Y92.176 E2.42865
G1 X153.124 Y93.405 E2.51441
G1 X148.318 Y94.693 E2.75372
G1 X148.54 Y94.481 E2.76848
G1 X150.223 Y96.163 E2.88292
G1 X146.03 Y100.151 E3.16124
G1 X144.347 Y98.468 E3.27572
G1 X144.727 Y98.107 E3.30093
G1 X143.547 Y102.512 E3.52027
G1 X144.355 Y101.743 E3.57392
G1 X139.549 Y103.031 E3.81323
G1 X140.154 Y102.455 E3.85341
G1 X141.837 Y104.138 E3.96789
G1 X137.644 Y108.125 E4.24618
G1 X135.961 Y106.442 E4.36066
G1 X136.691 Y105.748 E4.4091
G1 X135.511 Y110.152 E4.62839
G1 X135.586 Y110.081 E4.63336
G1 X130.78 Y111.369 E4.87267
G1 X131.768 Y110.429 E4.93826
G1 X133.45 Y112.112 E5.0527
G1 X129.257 Y116.099 E5.33099
G1 X127.575 Y114.416 E5.44543
G1 X128.655 Y113.389 E5.51711
G1 X127.475 Y117.793 E5.7364
G1 X126.817 Y118.419 E5.78008
G1 X122.011 Y119.707 E6.01939
G1 X123.382 Y118.403 E6.11039
G1 X125.064 Y120.086 E6.22483
G1 X120.871 Y124.073 E6.50312
G1 X119.188 Y122.39 E6.6176
G1 X120.62 Y121.029 E6.71262
G1 X119.44 Y125.434 E6.93196
G1 X120.731 Y124.206 E7.01766
G1 E5.01766 F2400
G92 E0
G1 X120.731 Y124.206 F7800
G1 X116.672 Y124.783
G1 E2 F2400
G1 F4800
G1 X114.995 Y126.377 E2.11128
G1 X116.678 Y128.06 E2.22576
G1 X118.048 Y126.757 E2.3167
G1 X113.242 Y128.045 E2.55601
G1 X112.584 Y128.67 E2.59966
G1 X111.404 Y133.075 E2.819
G1 X112.485 Y132.047 E2.89075
G1 X110.802 Y130.365 E3.00519
G1 X106.609 Y134.352 E3.28348
G1 X108.291 Y136.034 E3.39789
G1 X109.279 Y135.095 E3.46345
G1 X104.473 Y136.383 E3.70276
G1 X104.548 Y136.311 E3.70776
G1 X103.368 Y140.715 E3.92705
G1 X104.098 Y140.021 E3.97549
G1 X102.416 Y138.339 E4.0899
G1 X98.223 Y142.326 E4.36819
G1 X99.905 Y144.008 E4.4826
G1 X100.51 Y143.433 E4.52274
G1 X95.704 Y144.721 E4.76205
G1 X96.513 Y143.952 E4.81573
G1 X95.333 Y148.356 E5.03502
G1 X95.712 Y147.995 E5.06019
G1 X94.029 Y146.313 E5.17463
G1 X89.836 Y150.3 E5.45292
G1 X91.519 Y151.982 E5.56736
G1 X91.741 Y151.771 E5.58209
G1 X86.935 Y153.058 E5.82139
G1 X85.643 Y154.287 E5.90715
G1 X87.326 Y155.969 E6.02159
G1 X87.297 Y155.997 E6.02353
G1 X88.477 Y151.592 E6.24287
G1 X87.075 Y152.926 E6.33595
G1 E4.33595 F2400
G92 E0
G1 X87.075 Y152.926 F7800
G1 X83.127 Y156.68
G1 E2 F2400
G1 F4800
G1 X81.45 Y158.274 E2.11128
G1 X83.132 Y159.956 E2.22569
G1 X82.972 Y160.109 E2.23634
G1 X78.166 Y161.396 E2.47564
G1 X77.257 Y162.261 E2.53599
G1 X78.939 Y163.944 E2.65043
G1 X79.261 Y163.637 E2.67183
G1 X80.441 Y159.233 E2.89112
G1 X78.765 Y160.827 E3.00237
G1 E1.00237 F2400
G92 E0
G1 X78.765 Y160.827 F7800
G1 X72.902 Y169.684
G1 E2 F2400
G1 F4800
G1 X71.226 Y171.278 E2.11125
G1 X72.406 Y166.874 E2.33054
G1 X73.064 Y166.248 E2.37422
G1 X74.746 Y167.931 E2.48866
G1 X74.203 Y168.447 E2.52469
G1 X69.397 Y169.734 E2.76399
G1 X68.87 Y170.235 E2.79896
G1 X70.553 Y171.918 E2.91344
G1 X68.876 Y173.512 E3.02472
G1 E1.02472 F2400
G92 E0
G1 X68.876 Y173.512 F7800
G1 X64.867 Y177.324
G1 E2 F2400
G1 F4800
G1 X63.19 Y178.919 E2.11131
G1 X64.37 Y174.514 E2.33065
G1 X64.677 Y174.222 E2.35103
G1 X66.36 Y175.905 E2.46551
G1 X65.434 Y176.785 E2.52695
G1 X60.628 Y178.072 E2.76625
G1 X60.484 Y178.209 E2.77581
G1 X62.167 Y179.892 E2.89029
G1 X60.49 Y181.486 E3.00157
G1 E1.00157 F2400
G92 E0
G1 X56.526 Y185.255 F7800
G1 E2 F2400
G1 F4800
G1 X55.154 Y186.559 E2.09104
G1 X56.334 Y182.155 E2.31033
G1 X56.291 Y182.196 E2.31319
G1 X57.973 Y183.879 E2.42763
G1 X56.665 Y185.123 E2.51445
G1 X51.859 Y186.41 E2.75375
G1 X52.098 Y186.183 E2.7696
G1 X53.78 Y187.866 E2.88404
G1 X49.587 Y191.853 E3.16233
G1 X47.905 Y190.17 E3.27677
G1 X48.299 Y189.796 E3.3029
G1 X47.119 Y194.2 E3.52219
G1 X47.896 Y193.461 E3.57376
G1 X43.09 Y194.748 E3.81306
G1 X43.712 Y194.158 E3.85429
G1 X45.394 Y195.84 E3.9687
G1 X41.201 Y199.827 E4.24699
G1 X39.518 Y198.145 E4.36143
G1 X40.263 Y197.436 E4.41089
G1 X39.083 Y201.841 E4.63023
G1 X39.128 Y201.799 E4.63319
G1 X34.321 Y203.086 E4.87253
G1 X35.325 Y202.132 E4.93914
G1 X37.008 Y203.814 E5.05358
G1 X32.815 Y207.801 E5.33187
G1 X31.132 Y206.119 E5.44631
G1 X32.227 Y205.077 E5.51901
G1 X31.109 Y209.252 E5.72689
G1 X29.555 Y207.618 E5.83535
G1 X29.598 Y207.577 E5.83821
;LAYER_CHANGE
;Z:2.75
;HEIGHT:0.3
G1 Z2.75 F7800
G1 E3.83821 F2400
G92 E0
G1 X29.598 Y207.577 F7800
G92 E0
G1 X190.821 Y12.358
G1 E2 F2400
;TYPE:Perimeter
;WIDTH:0.45
G1 F3600
G1 X11.092 Y183.253 E13.92829
G1 X9.119 Y181.179 E14.06597
G1 X188.849 Y10.283 E25.99433
G1 X189.835 Y11.321 E26.06319
G1 X190.78 Y12.315 E26.12916
G1 X190.78 Y12.315 F7800
G1 X191.367 Y12.372
G1 F3600
G1 X11.079 Y183.799 E38.09456
G1 X8.574 Y181.165 E38.26939
G1 X188.862 Y9.738 E50.23479
G1 X190.114 Y11.055 E50.32219
G1 X191.325 Y12.328 E50.4067
G1 X191.325 Y12.328 F7800
G1 X191.912 Y12.386
;TYPE:External perimeter
G1 F1800
G1 X11.065 Y184.344 E62.40919
G1 X8.029 Y181.151 E62.6211
G1 X188.876 Y9.193 E74.62359
G1 X190.394 Y10.789 E74.72953
G1 X191.87 Y12.342 E74.83258
G1 X191.625 Y12.658 F7800
G1 X190.336 Y12.421
;TYPE:Internal infill
;WIDTH:0.45
G1 F4800
G1 X190.412 Y12.348 E74.83765
G1 X188.891 Y10.748 E74.94383
G1 X187.796 Y14.836 E75.14738
G1 X188.835 Y13.848 E75.21634
G1 X187.219 Y12.232 E75.32626
G1 X183.026 Y16.219 E75.60455
G1 X184.642 Y17.835 E75.71447
G1 X185.584 Y16.939 E75.777
G1 X180.968 Y18.176 E76.00685
G1 X180.894 Y18.246 E76.01175
G1 X179.76 Y22.476 E76.22238
G1 X180.448 Y21.822 E76.26804
G1 X178.832 Y20.206 E76.37796
G1 X174.639 Y24.193 E76.65625
G1 X176.255 Y25.809 E76.76617
G1 X176.815 Y25.277 E76.80332
G1 X172.199 Y26.514 E77.03317
G1 X172.858 Y25.887 E77.07692
G1 X171.725 Y30.117 E77.28754
G1 X172.062 Y29.796 E77.30992
G1 X170.446 Y28.18 E77.41984
G1 X166.253 Y32.167 E77.69813
G1 X167.869 Y33.783 E77.80805
G1 X168.046 Y33.615 E77.81979
G1 X163.43 Y34.852 E78.04964
G1 X162.06 Y36.154 E78.14054
G1 X163.676 Y37.77 E78.25046
G1 X164.822 Y33.528 E78.4618
G1 X166.113 Y32.3 E78.5475
G1 E76.5475 F2400
G92 E0
G1 X166.113 Y32.3 F7800
G1 X159.543 Y38.547
G1 E2 F2400
G1 F4800
G1 X157.867 Y40.141 E2.11125
G1 X159.483 Y41.757 E2.22117
G1 X159.277 Y41.953 E2.23485
G1 X154.661 Y43.19 E2.4647
G1 X153.673 Y44.129 E2.53026
G1 X155.289 Y45.745 E2.64018
G1 X155.653 Y45.399 E2.66433
G1 X156.787 Y41.168 E2.87501
G1 X155.11 Y42.763 E2.98632
G1 E.98632 F2400
G92 E0
G1 X155.11 Y42.763 F7800
G1 X151.157 Y46.521
G1 E2 F2400
G1 F4800
G1 X149.48 Y48.116 E2.11131
G1 X151.096 Y49.732 E2.22123
G1 X150.508 Y50.291 E2.26025
G1 X145.892 Y51.528 E2.4901
G1 X145.287 Y52.103 E2.53024
G1 X146.903 Y53.719 E2.64016
G1 X147.618 Y53.039 E2.68762
G1 X148.751 Y48.809 E2.89824
G1 X147.074 Y50.403 E3.00952
G1 E1.00952 F2400
G92 E0
G1 X147.074 Y50.403 F7800
G1 X141.259 Y59.086
G1 E2 F2400
G1 F4800
G1 X139.582 Y60.68 E2.11128
G1 X140.715 Y56.45 E2.3219
G1 X141.094 Y56.09 E2.34704
G1 X142.71 Y57.706 E2.45696
G1 X141.739 Y58.629 E2.52139
G1 X137.123 Y59.866 E2.75124
G1 X136.901 Y60.077 E2.76597
G1 X138.517 Y61.693 E2.87589
G1 X136.84 Y63.287 E2.98717
G1 E.98717 F2400
G92 E0
G1 X132.83 Y67.1 F7800
G1 E2 F2400
G1 F4800
G1 X131.546 Y68.321 E2.08522
G1 X132.708 Y64.064 E2.29746
G1 X134.324 Y65.68 E2.40738
G1 X132.97 Y66.967 E2.49723
G1 X128.354 Y68.204 E2.72708
G1 X128.515 Y68.051 E2.73776
G1 X130.131 Y69.667 E2.84768
G1 X125.937 Y73.654 E3.126
G1 X124.321 Y72.038 E3.23592
G1 X124.644 Y71.731 E3.25735
G1 X123.511 Y75.961 E3.46797
G1 X124.201 Y75.305 E3.51376
G1 X119.585 Y76.542 E3.74361
G1 X120.128 Y76.025 E3.77967
G1 X121.744 Y77.641 E3.88959
G1 X117.551 Y81.628 E4.16788
G1 X115.935 Y80.012 E4.2778
G1 X116.608 Y79.372 E4.32247
G1 X115.475 Y83.602 E4.53309
G1 X110.816 Y84.88 E4.76545
G1 X111.742 Y83.999 E4.82692
G1 X113.358 Y85.615 E4.93684
G1 X109.165 Y89.602 E5.21513
G1 X107.549 Y87.986 E5.32505
G1 X108.573 Y87.013 E5.39299
G1 X107.439 Y91.243 E5.60362
G1 X106.663 Y91.981 E5.65513
G1 X102.047 Y93.218 E5.88498
G1 X103.356 Y91.973 E5.97187
G1 X104.972 Y93.589 E6.08179
G1 X100.778 Y97.576 E6.36011
G1 X99.162 Y95.96 E6.47003
G1 X100.537 Y94.653 E6.56127
G1 X99.404 Y98.884 E6.77194
G1 X98.034 Y100.186 E6.86284
G1 E4.86284 F2400
G92 E0
G1 X98.034 Y100.186 F7800
G1 X96.646 Y98.353
G1 E2 F2400
G1 F4800
G1 X94.969 Y99.947 E2.11128
G1 X96.585 Y101.563 E2.2212
G1 X97.894 Y100.319 E2.30805
G1 X93.278 Y101.556 E2.5379
G1 X92.501 Y102.294 E2.58944
G1 X91.368 Y106.524 E2.80006
G1 X92.392 Y105.55 E2.86803
G1 X90.776 Y103.935 E2.97791
G1 X86.583 Y107.922 E3.2562
G1 X88.199 Y109.538 E3.36612
G1 X89.125 Y108.657 E3.42759
G1 X84.466 Y109.935 E3.65995
G1 X83.332 Y114.165 E3.87058
G1 X84.006 Y113.525 E3.91528
G1 X82.39 Y111.909 E4.0252
G1 X78.197 Y115.896 E4.30349
G1 X79.813 Y117.512 E4.41341
G1 X80.356 Y116.995 E4.44947
G1 X75.74 Y118.232 E4.67932
G1 X76.43 Y117.575 E4.72514
G1 X75.297 Y121.806 E4.93581
G1 X75.619 Y121.499 E4.95721
G1 X74.003 Y119.883 E5.06713
G1 X69.81 Y123.87 E5.34542
G1 X71.426 Y125.486 E5.45534
G1 X71.587 Y125.333 E5.46602
G1 X66.971 Y126.57 E5.69587
G1 X65.617 Y127.857 E5.78572
G1 X67.233 Y129.473 E5.89564
G1 X68.395 Y125.216 E6.10788
G1 X67.111 Y126.437 E6.1931
G1 E4.1931 F2400
G92 E0
G1 X67.111 Y126.437 F7800
G1 X63.101 Y130.25
G1 E2 F2400
G1 F4800
G1 X61.424 Y131.844 E2.11128
G1 X63.04 Y133.46 E2.2212
G1 X62.818 Y133.671 E2.23593
G1 X58.202 Y134.908 E2.46578
G1 X57.231 Y135.831 E2.53021
G1 X58.847 Y137.447 E2.64013
G1 X59.225 Y137.087 E2.66524
G1 X60.359 Y132.857 E2.87587
G1 X58.682 Y134.451 E2.98715
G1 E.98715 F2400
G92 E0
G1 X58.682 Y134.451 F7800
G1 X52.866 Y143.133
G1 E2 F2400
G1 F4800
G1 X51.19 Y144.728 E2.11128
G1 X52.323 Y140.497 E2.32195
G1 X53.038 Y139.818 E2.36937
G1 X54.654 Y141.434 E2.47929
G1 X54.049 Y142.009 E2.51943
G1 X49.433 Y143.246 E2.74928
G1 X48.845 Y143.805 E2.7883
G1 X50.46 Y145.421 E2.89818
G1 X48.784 Y147.015 E3.00943
G1 E1.00943 F2400
G92 E0
G1 X48.784 Y147.015 F7800
G1 X44.831 Y150.774
G1 E2 F2400
G1 F4800
G1 X43.154 Y152.368 E2.11128
G1 X44.288 Y148.138 E2.32191
G1 X44.651 Y147.792 E2.34603
G1 X46.267 Y149.408 E2.45595
G1 X45.28 Y150.347 E2.52147
G1 X40.664 Y151.584 E2.75132
G1 X40.458 Y151.779 E2.76496
G1 X42.074 Y153.395 E2.87488
G1 X40.397 Y154.99 E2.98619
G1 E.98619 F2400
G92 E0
G1 X40.397 Y154.99 F7800
G1 X33.828 Y161.236
G1 E2 F2400
G1 F4800
G1 X35.118 Y160.009 E2.08563
G1 X36.265 Y155.766 E2.29703
G1 X37.881 Y157.382 E2.40695
G1 X36.511 Y158.685 E2.49789
G1 X31.895 Y159.922 E2.72774
G1 X32.072 Y159.753 E2.73951
G1 X33.688 Y161.369 E2.84943
G1 X29.495 Y165.356 E3.12772
G1 X27.879 Y163.74 E3.23764
G1 X28.216 Y163.42 E3.25999
G1 X27.083 Y167.65 E3.47061
G1 X27.742 Y167.023 E3.51436
G1 X23.126 Y168.26 E3.74421
G1 X23.686 Y167.728 E3.78136
G1 X25.302 Y169.343 E3.89124
G1 X21.108 Y173.331 E4.16959
G1 X19.492 Y171.715 E4.27951
G1 X20.181 Y171.06 E4.32523
G1 X19.047 Y175.291 E4.53591
G1 X18.973 Y175.361 E4.54081
G1 X14.357 Y176.598 E4.77066
G1 X15.299 Y175.702 E4.83319
G1 X16.915 Y177.318 E4.94311
G1 X12.722 Y181.305 E5.2214
G1 X11.106 Y179.689 E5.33132
G1 X12.145 Y178.701 E5.40028
G1 X11.05 Y182.789 E5.60383
G1 X9.528 Y181.189 E5.71004
G1 X9.605 Y181.116 E5.71514
G1 E3.71514 F2400
G92 E0
G1 X9.605 Y181.116 F7800
G92 E0
G1 X195.803 Y22.8
G1 E2 F2400
;TYPE:Perimeter
;WIDTH:0.45
G1 F3600
G1 X16.074 Y193.695 E13.92829
G1 X14.101 Y191.621 E14.06597
G1 X193.83 Y20.725 E25.99429
G1 X194.817 Y21.763 E26.06318
G1 X195.762 Y22.757 E26.12915
G1 X195.762 Y22.757 F7800
G1 X196.348 Y22.814
G1 F3600
G1 X16.06 Y194.241 E38.09455
G1 X13.556 Y191.607 E38.26935
G1 X193.844 Y20.18 E50.23475
G1 X195.096 Y21.497 E50.32215
G1 X196.307 Y22.77 E50.40666
G1 X196.307 Y22.77 F7800
G1 X196.893 Y22.828
;TYPE:External perimeter
G1 F1800
G1 X16.046 Y194.786 E62.40915
G1 X13.011 Y191.593 E62.62103
G1 X193.858 Y19.635 E74.62352
G1 X195.376 Y21.231 E74.72946
G1 X196.852 Y22.784 E74.83251
G1 X196.606 Y23.1 F7800
G1 X195.317 Y22.863
;TYPE:Internal infill
;WIDTH:0.45
G1 F4800
G1 X195.394 Y22.79 E74.83761
G1 X193.873 Y21.19 E74.94379
G1 X192.778 Y25.278 E75.14734
G1 X193.816 Y24.29 E75.21626
G1 X192.2 Y22.674 E75.32618
G1 X188.007 Y26.661 E75.60447
G1 X189.623 Y28.277 E75.71439
G1 X190.566 Y27.381 E75.77695
G1 X185.949 Y28.618 E76.00684
G1 X185.875 Y28.688 E76.01174
G1 X184.742 Y32.919 E76.22241
G1 X185.43 Y32.264 E76.2681
G1 X183.814 Y30.648 E76.37802
G1 X179.621 Y34.635 E76.65631
G1 X181.237 Y36.251 E76.76623
G1 X181.797 Y35.719 E76.80338
G1 X177.18 Y36.956 E77.03327
G1 X177.84 Y36.329 E77.07705
G1 X176.706 Y40.559 E77.28768
G1 X177.044 Y40.238 E77.3101
G1 X175.428 Y38.622 E77.42002
G1 X171.235 Y42.609 E77.69831
G1 X172.851 Y44.225 E77.80823
G1 X173.028 Y44.057 E77.81997
G1 X168.411 Y45.294 E78.04986
G1 X167.041 Y46.596 E78.14076
G1 X168.657 Y48.212 E78.25068
G1 X169.804 Y43.97 E78.46203
G1 X171.095 Y42.742 E78.54773
G1 E76.54773 F2400
G92 E0
G1 X171.095 Y42.742 F7800
G1 X164.525 Y48.989
G1 E2 F2400
G1 F4800
G1 X162.848 Y50.584 E2.11131
G1 X164.464 Y52.199 E2.22119
G1 X164.259 Y52.395 E2.23483
G1 X159.642 Y53.632 E2.46472
G1 X158.655 Y54.571 E2.53024
G1 X160.271 Y56.187 E2.64016
G1 X160.635 Y55.841 E2.66431
G1 X161.768 Y51.61 E2.87498
G1 X160.092 Y53.205 E2.98626
G1 E.98626 F2400
G92 E0
G1 X160.092 Y53.205 F7800
G1 X156.139 Y56.963
G1 E2 F2400
G1 F4800
G1 X154.462 Y58.558 E2.11131
G1 X156.078 Y60.174 E2.22123
G1 X155.49 Y60.733 E2.26025
G1 X150.873 Y61.97 E2.49014
G1 X150.269 Y62.545 E2.53025
G1 X151.885 Y64.161 E2.64017
G1 X152.599 Y63.481 E2.68759
G1 X153.733 Y59.251 E2.89822
G1 X152.056 Y60.845 E3.0095
G1 E1.0095 F2400
G92 E0
G1 X152.056 Y60.845 F7800
G1 X146.24 Y69.528
G1 E2 F2400
G1 F4800
G1 X144.564 Y71.122 E2.11125
G1 X145.697 Y66.892 E2.32187
G1 X146.076 Y66.532 E2.34701
G1 X147.692 Y68.148 E2.45693
G1 X146.721 Y69.071 E2.52136
G1 X142.104 Y70.308 E2.75125
G1 X141.883 Y70.519 E2.76595
G1 X143.498 Y72.135 E2.87583
G1 X141.822 Y73.729 E2.98708
G1 E.98708 F2400
G92 E0
G1 X141.822 Y73.729 F7800
G1 X137.812 Y77.542
G1 E2 F2400
G1 F4800
G1 X136.528 Y78.763 E2.08522
G1 X137.689 Y74.506 E2.29745
G1 X139.305 Y76.122 E2.40737
G1 X137.952 Y77.409 E2.49718
G1 X133.335 Y78.646 E2.72707
G1 X133.496 Y78.493 E2.73775
G1 X135.112 Y80.109 E2.84767
G1 X130.919 Y84.096 E3.12596
G1 X129.303 Y82.48 E3.23588
G1 X129.626 Y82.173 E3.25731
G1 X128.492 Y86.403 E3.46794
G1 X129.183 Y85.747 E3.51377
G1 X124.566 Y86.984 E3.74366
G1 X125.11 Y86.467 E3.77976
G1 X126.726 Y88.083 E3.88968
G1 X122.533 Y92.07 E4.16797
G1 X120.917 Y90.454 E4.27789
G1 X121.59 Y89.814 E4.32256
G1 X120.457 Y94.044 E4.53318
G1 X115.797 Y95.322 E4.76559
G1 X116.724 Y94.441 E4.8271
G1 X118.34 Y96.057 E4.93702
G1 X114.146 Y100.044 E5.21534
G1 X112.53 Y98.428 E5.32526
G1 X113.554 Y97.455 E5.3932
G1 X112.421 Y101.685 E5.60382
G1 X111.645 Y102.423 E5.65533
G1 X107.028 Y103.66 E5.88522
G1 X108.337 Y102.415 E5.97211
G1 X109.953 Y104.031 E6.08203
G1 X105.76 Y108.018 E6.36032
G1 X104.144 Y106.402 E6.47024
G1 X105.519 Y105.095 E6.56148
G1 X104.385 Y109.326 E6.77216
G1 X103.015 Y110.628 E6.86306
G1 E4.86306 F2400
G92 E0
G1 X103.015 Y110.628 F7800
G1 X101.628 Y108.795
G1 E2 F2400
G1 F4800
G1 X99.951 Y110.389 E2.11128
G1 X101.567 Y112.005 E2.2212
G1 X102.876 Y110.761 E2.30805
G1 X98.259 Y111.998 E2.53794
G1 X97.483 Y112.736 E2.58945
G1 X96.35 Y116.966 E2.80007
G1 X97.374 Y115.993 E2.86801
G1 X95.758 Y114.377 E2.97793
G1 X91.565 Y118.364 E3.25622
G1 X93.181 Y119.98 E3.36614
G1 X94.107 Y119.099 E3.42761
G1 X89.448 Y120.377 E3.65997
G1 X88.314 Y124.607 E3.8706
G1 X88.987 Y123.967 E3.91527
G1 X87.371 Y122.351 E4.02519
G1 X83.178 Y126.338 E4.30348
G1 X84.794 Y127.954 E4.4134
G1 X85.338 Y127.437 E4.4495
G1 X80.721 Y128.674 E4.67939
G1 X81.412 Y128.017 E4.72525
G1 X80.278 Y132.248 E4.93593
G1 X80.601 Y131.941 E4.95736
G1 X78.985 Y130.325 E5.06728
G1 X74.792 Y134.312 E5.34557
G1 X76.408 Y135.928 E5.45549
G1 X76.569 Y135.775 E5.46617
G1 X71.952 Y137.012 E5.69606
G1 X70.599 Y138.299 E5.78587
G1 X72.215 Y139.915 E5.89579
G1 X73.376 Y135.658 E6.10802
G1 X72.092 Y136.879 E6.19324
G1 E4.19324 F2400
G92 E0
G1 X72.092 Y136.879 F7800
G1 X68.082 Y140.692
G1 E2 F2400
G1 F4800
G1 X66.406 Y142.286 E2.11125
G1 X68.022 Y143.902 E2.22117
G1 X67.8 Y144.113 E2.2359
G1 X63.183 Y145.35 E2.46579
G1 X62.212 Y146.273 E2.53022
G1 X63.828 Y147.889 E2.64014
G1 X64.207 Y147.529 E2.66528
G1 X65.341 Y143.299 E2.87591
G1 X63.664 Y144.893 E2.98719
G1 E.98719 F2400
G92 E0
G1 X63.664 Y144.893 F7800
G1 X57.848 Y153.575
G1 E2 F2400
G1 F4800
G1 X56.171 Y155.17 E2.11131
G1 X57.305 Y150.939 E2.32199
G1 X58.019 Y150.26 E2.36938
G1 X59.635 Y151.876 E2.4793
G1 X59.031 Y152.451 E2.51941
G1 X54.415 Y153.688 E2.74926
G1 X53.826 Y154.247 E2.78832
G1 X55.442 Y155.863 E2.89824
G1 X53.765 Y157.457 E3.00952
G1 E1.00952 F2400
G92 E0
G1 X53.765 Y157.457 F7800
G1 X49.812 Y161.216
G1 E2 F2400
G1 F4800
G1 X48.136 Y162.81 E2.11125
G1 X49.269 Y158.58 E2.32187
G1 X49.633 Y158.234 E2.34602
G1 X51.249 Y159.85 E2.45594
G1 X50.262 Y160.789 E2.52146
G1 X45.646 Y162.026 E2.75131
G1 X45.44 Y162.221 E2.76495
G1 X47.056 Y163.837 E2.87487
G1 X45.379 Y165.432 E2.98618
G1 E.98618 F2400
G92 E0
G1 X45.379 Y165.432 F7800
G1 X38.809 Y171.679
G1 E2 F2400
G1 F4800
G1 X40.1 Y170.451 E2.0857
G1 X41.247 Y166.208 E2.2971
G1 X42.863 Y167.824 E2.40702
G1 X41.493 Y169.127 E2.49796
G1 X36.877 Y170.364 E2.72781
G1 X37.054 Y170.195 E2.73958
G1 X38.67 Y171.811 E2.8495
G1 X34.476 Y175.798 E3.12782
G1 X32.86 Y174.182 E3.23774
G1 X33.198 Y173.862 E3.26013
G1 X32.064 Y178.092 E3.47076
G1 X32.724 Y177.465 E3.51454
G1 X28.108 Y178.702 E3.74439
G1 X28.667 Y178.17 E3.78151
G1 X30.283 Y179.786 E3.89143
G1 X26.09 Y183.773 E4.16972
G1 X24.474 Y182.157 E4.27964
G1 X25.162 Y181.502 E4.32533
G1 X24.029 Y185.733 E4.536
G1 X23.955 Y185.803 E4.5409
G1 X19.339 Y187.04 E4.77075
G1 X20.281 Y186.144 E4.83328
G1 X21.897 Y187.76 E4.9432
G1 X17.704 Y191.747 E5.22149
G1 X16.088 Y190.131 E5.33141
G1 X17.127 Y189.143 E5.40037
G1 X16.031 Y193.231 E5.60393
G1 X14.51 Y191.631 E5.71011
G1 X14.587 Y191.558 E5.71521
G1 E3.71521 F2400
G92 E0
G1 X14.587 Y191.558 F7800
G92 E0
G1 X203.349 Y30.804
G1 E2 F2400
;TYPE:Perimeter
;WIDTH:0.45
G1 F3600
G1 X23.62 Y201.699 E13.92829
G1 X21.648 Y199.624 E14.06597
G1 X201.377 Y28.729 E25.99426
G1 X202.363 Y29.766 E26.06308
G1 X203.308 Y30.76 E26.12905
G1 X203.895 Y30.817 F7800
G1 F3600
G1 X23.607 Y202.244 E38.09445
G1 X21.102 Y199.61 E38.26928
G1 X201.39 Y28.184 E50.23465
G1 X202.642 Y29.5 E50.32201
G1 X203.853 Y30.774 E50.40655
G1 X203.853 Y30.774 F7800
G1 X204.44 Y30.831
;TYPE:External perimeter
G1 F1800
G1 X23.593 Y202.789 E62.40904
G1 X20.557 Y199.597 E62.62092
G1 X201.404 Y27.638 E74.62344
G1 X202.922 Y29.235 E74.72941
G1 X204.398 Y30.787 E74.83242
G1 X204.153 Y31.103 F7800
G1 X202.864 Y30.866
;TYPE:Internal infill
;WIDTH:0.45
G1 F4800
G1 X202.941 Y30.793 E74.83752
G1 X201.419 Y29.193 E74.94373
G1 X200.324 Y33.281 E75.14728
G1 X201.363 Y32.293 E75.21624
G1 X199.747 Y30.677 E75.32616
G1 X195.554 Y34.664 E75.60445
G1 X197.17 Y36.28 E75.71437
G1 X198.112 Y35.384 E75.7769
G1 X193.496 Y36.621 E76.00675
G1 X193.422 Y36.692 E76.01168
G1 X192.288 Y40.922 E76.22231
G1 X192.977 Y40.268 E76.268
G1 X191.361 Y38.652 E76.37792
G1 X187.167 Y42.639 E76.65624
G1 X188.783 Y44.255 E76.76616
G1 X189.343 Y43.722 E76.80334
G1 X184.727 Y44.959 E77.03319
G1 X185.386 Y44.332 E77.07694
G1 X184.253 Y48.563 E77.28761
G1 X184.59 Y48.242 E77.30999
G1 X182.974 Y46.626 E77.41991
G1 X178.781 Y50.613 E77.6982
G1 X180.397 Y52.229 E77.80812
G1 X180.574 Y52.06 E77.81989
G1 X175.958 Y53.297 E78.04974
G1 X174.588 Y54.6 E78.14068
G1 X176.204 Y56.216 E78.2506
G1 X177.351 Y51.973 E78.462
G1 X178.641 Y50.746 E78.54763
G1 E76.54763 F2400
G92 E0
G1 X178.641 Y50.746 F7800
G1 X172.071 Y56.993
G1 E2 F2400
G1 F4800
G1 X170.395 Y58.587 E2.11125
G1 X172.011 Y60.203 E2.22117
G1 X171.805 Y60.398 E2.23481
G1 X167.189 Y61.635 E2.46466
G1 X166.202 Y62.574 E2.53018
G1 X167.818 Y64.19 E2.6401
G1 X168.181 Y63.844 E2.66422
G1 X169.315 Y59.614 E2.87485
G1 X167.638 Y61.208 E2.98613
G1 E.98613 F2400
G92 E0
G1 X167.638 Y61.208 F7800
G1 X163.685 Y64.967
G1 E2 F2400
G1 F4800
G1 X162.008 Y66.561 E2.11128
G1 X163.624 Y68.177 E2.2212
G1 X163.036 Y68.736 E2.26022
G1 X158.42 Y69.973 E2.49007
G1 X157.815 Y70.548 E2.53021
G1 X159.431 Y72.164 E2.64013
G1 X160.146 Y71.485 E2.68755
G1 X161.279 Y67.254 E2.89822
G1 X159.602 Y68.849 E3.00953
G1 E1.00953 F2400
G92 E0
G1 X159.602 Y68.849 F7800
G1 X153.787 Y77.531
G1 E2 F2400
G1 F4800
G1 X152.11 Y79.125 E2.11128
G1 X153.244 Y74.895 E2.32191
G1 X153.622 Y74.535 E2.34702
G1 X155.238 Y76.151 E2.45694
G1 X154.267 Y77.074 E2.52137
G1 X149.651 Y78.311 E2.75122
G1 X149.429 Y78.522 E2.76595
G1 X151.045 Y80.138 E2.87587
G1 X149.368 Y81.732 E2.98715
G1 E.98715 F2400
G92 E0
G1 X149.368 Y81.732 F7800
G1 X145.358 Y85.545
G1 E2 F2400
G1 F4800
G1 X144.074 Y86.766 E2.08522
G1 X145.236 Y82.509 E2.29746
G1 X146.852 Y84.125 E2.40738
G1 X145.498 Y85.412 E2.49723
G1 X140.882 Y86.649 E2.72708
G1 X141.043 Y86.496 E2.73776
G1 X142.659 Y88.112 E2.84768
G1 X138.465 Y92.099 E3.126
G1 X136.849 Y90.483 E3.23592
G1 X137.172 Y90.176 E3.25735
G1 X136.039 Y94.407 E3.46802
G1 X136.729 Y93.75 E3.51384
G1 X132.113 Y94.987 E3.74369
G1 X132.656 Y94.47 E3.77975
G1 X134.272 Y96.086 E3.88967
G1 X130.079 Y100.073 E4.16796
G1 X128.463 Y98.458 E4.27784
G1 X129.137 Y97.817 E4.32258
G1 X128.003 Y102.047 E4.53321
G1 X123.344 Y103.325 E4.76557
G1 X124.27 Y102.445 E4.82701
G1 X125.886 Y104.061 E4.93693
G1 X121.693 Y108.048 E5.21522
G1 X120.077 Y106.432 E5.32514
G1 X121.101 Y105.458 E5.39311
G1 X119.967 Y109.688 E5.60374
G1 X119.191 Y110.426 E5.65525
G1 X114.575 Y111.663 E5.8851
G1 X115.884 Y110.419 E5.97195
G1 X117.5 Y112.035 E6.08187
G1 X113.306 Y116.022 E6.36019
G1 X111.691 Y114.406 E6.47007
G1 X113.065 Y113.099 E6.56128
G1 X111.932 Y117.329 E6.7719
G1 X110.562 Y118.631 E6.8628
G1 E4.8628 F2400
G92 E0
G1 X110.562 Y118.631 F7800
G1 X109.174 Y116.799
G1 E2 F2400
G1 F4800
G1 X107.497 Y118.393 E2.11128
G1 X109.113 Y120.009 E2.2212
G1 X110.422 Y118.764 E2.30809
G1 X105.806 Y120.001 E2.53794
G1 X105.03 Y120.739 E2.58945
G1 X103.896 Y124.97 E2.80013
G1 X104.92 Y123.996 E2.8681
G1 X103.304 Y122.38 E2.97802
G1 X99.111 Y126.367 E3.25631
G1 X100.727 Y127.983 E3.36623
G1 X101.653 Y127.102 E3.4277
G1 X96.994 Y128.38 E3.66006
G1 X95.86 Y132.61 E3.87069
G1 X96.534 Y131.97 E3.91539
G1 X94.918 Y130.354 E4.02531
G1 X90.725 Y134.341 E4.3036
G1 X92.341 Y135.957 E4.41352
G1 X92.884 Y135.44 E4.44958
G1 X88.268 Y136.677 E4.67943
G1 X88.958 Y136.021 E4.72522
G1 X87.825 Y140.251 E4.93584
G1 X88.148 Y139.944 E4.95727
G1 X86.532 Y138.328 E5.06719
G1 X82.338 Y142.315 E5.34551
G1 X83.954 Y143.931 E5.45543
G1 X84.115 Y143.778 E5.46611
G1 X79.499 Y145.015 E5.69596
G1 X78.145 Y146.302 E5.78581
G1 X79.761 Y147.918 E5.89573
G1 X80.923 Y143.661 E6.10797
G1 X79.639 Y144.882 E6.19319
G1 E4.19319 F2400
G92 E0
G1 X79.639 Y144.882 F7800
G1 X75.629 Y148.695
G1 E2 F2400
G1 F4800
G1 X73.952 Y150.289 E2.11128
G1 X75.568 Y151.905 E2.2212
G1 X75.346 Y152.116 E2.23593
G1 X70.73 Y153.353 E2.46578
G1 X69.759 Y154.276 E2.53021
G1 X71.375 Y155.892 E2.64013
G1 X71.753 Y155.532 E2.66524
G1 X72.887 Y151.302 E2.87587
G1 X71.21 Y152.896 E2.98715
G1 E.98715 F2400
G92 E0
G1 X71.21 Y152.896 F7800
G1 X65.395 Y161.579
G1 E2 F2400
G1 F4800
G1 X63.718 Y163.173 E2.11128
G1 X64.851 Y158.943 E2.3219
G1 X65.566 Y158.263 E2.36936
G1 X67.182 Y159.879 E2.47928
G1 X66.577 Y160.454 E2.51942
G1 X61.961 Y161.691 E2.74927
G1 X61.373 Y162.251 E2.78832
G1 X62.989 Y163.866 E2.8982
G1 X61.312 Y165.461 E3.00951
G1 E1.00951 F2400
G92 E0
G1 X61.312 Y165.461 F7800
G1 X57.359 Y169.219
G1 E2 F2400
G1 F4800
G1 X55.682 Y170.814 E2.11131
G1 X56.816 Y166.584 E2.32194
G1 X57.179 Y166.238 E2.34606
G1 X58.795 Y167.854 E2.45598
G1 X57.808 Y168.792 E2.52147
G1 X53.192 Y170.029 E2.75132
G1 X52.986 Y170.225 E2.765
G1 X54.602 Y171.841 E2.87492
G1 X52.926 Y173.435 E2.98617
G1 E.98617 F2400
G92 E0
G1 X52.926 Y173.435 F7800
G1 X46.356 Y179.682
G1 E2 F2400
G1 F4800
G1 X47.646 Y178.455 E2.08563
G1 X48.793 Y174.212 E2.29703
G1 X50.409 Y175.828 E2.40695
G1 X49.039 Y177.13 E2.49785
G1 X44.423 Y178.367 E2.7277
G1 X44.6 Y178.199 E2.73944
G1 X46.216 Y179.815 E2.84936
G1 X42.023 Y183.802 E3.12765
G1 X40.407 Y182.186 E3.23757
G1 X40.744 Y181.865 E3.25995
G1 X39.611 Y186.095 E3.47057
G1 X40.27 Y185.468 E3.51432
G1 X35.654 Y186.705 E3.74417
G1 X36.214 Y186.173 E3.78132
G1 X37.83 Y187.789 E3.89124
G1 X33.636 Y191.776 E4.16956
G1 X32.02 Y190.16 E4.27948
G1 X32.709 Y189.506 E4.32517
G1 X31.575 Y193.736 E4.5358
G1 X31.501 Y193.806 E4.5407
G1 X26.885 Y195.043 E4.77055
G1 X27.827 Y194.147 E4.83308
G1 X29.443 Y195.763 E4.943
G1 X25.25 Y199.75 E5.22129
G1 X23.634 Y198.134 E5.33121
G1 X24.673 Y197.146 E5.40017
G1 X23.578 Y201.234 E5.60372
G1 X22.056 Y199.634 E5.70993
G1 X22.133 Y199.561 E5.71503
G1 E3.71503 F2400
G92 E0
G1 X22.133 Y199.561 F7800
G92 E0
G1 X210.881 Y38.821
G1 E2 F2400
;TYPE:Perimeter
;WIDTH:0.45
G1 F3600
G1 X31.152 Y209.717 E13.92832
G1 X29.179 Y207.642 E14.06603
G1 X208.908 Y36.747 E25.99432
G1 X209.894 Y37.784 E26.06314
G1 X210.839 Y38.778 E26.12911
G1 X210.839 Y38.778 F7800
G1 X211.426 Y38.835
G1 F3600
G1 X31.138 Y210.262 E38.09451
G1 X28.634 Y207.628 E38.26931
G1 X208.921 Y36.201 E50.23468
G1 X210.174 Y37.518 E50.32211
G1 X211.384 Y38.792 E50.40662
G1 X211.384 Y38.792 F7800
G1 X211.971 Y38.849
;TYPE:External perimeter
G1 F1800
G1 X31.124 Y210.807 E62.40911
G1 X28.088 Y207.614 E62.62102
G1 X208.935 Y35.656 E74.62351
G1 X210.453 Y37.253 E74.72948
G1 X211.93 Y38.805 E74.83253
G1 X211.684 Y39.121 F7800
G1 X210.395 Y38.884
;TYPE:Internal infill
;WIDTH:0.45
G1 F4800
G1 X210.472 Y38.811 E74.83763
G1 X208.95 Y37.211 E74.94384
G1 X207.855 Y41.299 E75.14739
G1 X208.894 Y40.311 E75.21635
G1 X207.278 Y38.695 E75.32627
G1 X203.085 Y42.682 E75.60456
G1 X204.701 Y44.298 E75.71448
G1 X205.643 Y43.402 E75.77701
G1 X201.027 Y44.639 E76.00686
G1 X200.953 Y44.709 E76.01176
G1 X199.819 Y48.94 E76.22244
G1 X200.508 Y48.285 E76.26816
G1 X198.892 Y46.669 E76.37808
G1 X194.699 Y50.657 E76.6564
G1 X196.314 Y52.272 E76.76625
G1 X196.874 Y51.74 E76.8034
G1 X192.258 Y52.977 E77.03325
G1 X192.917 Y52.35 E77.077
G1 X191.784 Y56.58 E77.28762
G1 X192.121 Y56.26 E77.30997
G1 X190.505 Y54.644 E77.41989
G1 X186.312 Y58.631 E77.69818
G1 X187.928 Y60.247 E77.8081
G1 X188.105 Y60.078 E77.81987
G1 X183.489 Y61.315 E78.04972
G1 X182.119 Y62.618 E78.14066
G1 X183.735 Y64.234 E78.25058
G1 X184.882 Y59.991 E78.46198
G1 X186.172 Y58.764 E78.54761
G1 E76.54761 F2400
G92 E0
G1 X186.172 Y58.764 F7800
G1 X179.603 Y65.01
G1 E2 F2400
G1 F4800
G1 X177.926 Y66.605 E2.11131
G1 X179.542 Y68.221 E2.22123
G1 X179.336 Y68.416 E2.23487
G1 X174.72 Y69.653 E2.46472
G1 X173.733 Y70.592 E2.53024
G1 X175.349 Y72.208 E2.64016
G1 X175.712 Y71.862 E2.66428
G1 X176.846 Y67.632 E2.87491
G1 X175.169 Y69.226 E2.98619
G1 E.98619 F2400
G92 E0
G1 X175.169 Y69.226 F7800
G1 X171.216 Y72.985
G1 E2 F2400
G1 F4800
G1 X169.54 Y74.579 E2.11125
G1 X171.156 Y76.195 E2.22117
G1 X170.567 Y76.754 E2.26023
G1 X165.951 Y77.991 E2.49008
G1 X165.346 Y78.566 E2.53022
G1 X166.962 Y80.182 E2.64014
G1 X167.677 Y79.503 E2.68756
G1 X168.81 Y75.272 E2.89823
G1 X167.134 Y76.867 E3.00951
G1 E1.00951 F2400
G92 E0
G1 X167.134 Y76.867 F7800
G1 X161.318 Y85.549
G1 E2 F2400
G1 F4800
G1 X159.641 Y87.143 E2.11128
G1 X160.775 Y82.913 E2.32191
G1 X161.153 Y82.553 E2.34702
G1 X162.769 Y84.169 E2.45694
G1 X161.798 Y85.092 E2.52137
G1 X157.182 Y86.329 E2.75122
G1 X156.96 Y86.54 E2.76595
G1 X158.576 Y88.156 E2.87587
G1 X156.899 Y89.75 E2.98715
G1 E.98715 F2400
G92 E0
G1 X156.899 Y89.75 F7800
G1 X152.889 Y93.563
G1 E2 F2400
G1 F4800
G1 X151.606 Y94.784 E2.08519
G1 X152.767 Y90.527 E2.29742
G1 X154.383 Y92.143 E2.40734
G1 X153.029 Y93.43 E2.49719
G1 X148.413 Y94.667 E2.72704
G1 X148.574 Y94.514 E2.73772
G1 X150.19 Y96.13 E2.84764
G1 X145.997 Y100.117 E3.12593
G1 X144.381 Y98.501 E3.23585
G1 X144.703 Y98.194 E3.25725
G1 X143.57 Y102.425 E3.46792
G1 X144.26 Y101.768 E3.51374
G1 X139.644 Y103.005 E3.74359
G1 X140.187 Y102.488 E3.77965
G1 X141.803 Y104.104 E3.88957
G1 X137.61 Y108.091 E4.16786
G1 X135.994 Y106.475 E4.27778
G1 X136.668 Y105.835 E4.32248
G1 X135.534 Y110.065 E4.53311
G1 X130.875 Y111.343 E4.76547
G1 X131.801 Y110.462 E4.82694
G1 X133.417 Y112.078 E4.93686
G1 X129.224 Y116.065 E5.21515
G1 X127.608 Y114.45 E5.32503
G1 X128.632 Y113.476 E5.393
G1 X127.499 Y117.706 E5.60362
G1 X126.722 Y118.444 E5.65516
G1 X122.106 Y119.681 E5.88501
G1 X123.415 Y118.437 E5.97186
G1 X125.031 Y120.053 E6.08178
G1 X120.838 Y124.04 E6.36007
G1 X119.222 Y122.424 E6.46999
G1 X120.596 Y121.116 E6.56123
G1 X119.463 Y125.347 E6.7719
G1 X118.093 Y126.649 E6.8628
G1 E4.8628 F2400
G92 E0
G1 X118.093 Y126.649 F7800
G1 X116.705 Y124.816
G1 E2 F2400
G1 F4800
G1 X115.028 Y126.411 E2.11131
G1 X116.644 Y128.027 E2.22123
G1 X117.953 Y126.782 E2.30812
G1 X113.337 Y128.019 E2.53797
G1 X112.561 Y128.757 E2.58948
G1 X111.427 Y132.987 E2.80011
G1 X112.451 Y132.014 E2.86805
G1 X110.835 Y130.398 E2.97797
G1 X106.642 Y134.385 E3.25626
G1 X108.258 Y136.001 E3.36618
G1 X109.184 Y135.12 E3.42765
G1 X104.525 Y136.398 E3.66001
G1 X103.392 Y140.628 E3.87063
G1 X104.065 Y139.988 E3.9153
G1 X102.449 Y138.372 E4.02522
G1 X98.256 Y142.359 E4.30351
G1 X99.872 Y143.975 E4.41343
G1 X100.415 Y143.458 E4.44949
G1 X95.799 Y144.695 E4.67934
G1 X96.489 Y144.039 E4.72513
G1 X95.356 Y148.269 E4.93575
G1 X95.679 Y147.962 E4.95718
G1 X94.063 Y146.346 E5.0671
G1 X89.87 Y150.333 E5.34539
G1 X91.485 Y151.949 E5.45527
G1 X91.646 Y151.796 E5.46595
G1 X87.03 Y153.033 E5.6958
G1 X85.676 Y154.32 E5.78565
G1 X87.292 Y155.936 E5.89557
G1 X88.454 Y151.679 E6.10781
G1 X87.17 Y152.9 E6.19303
G1 E4.19303 F2400
G92 E0
G1 X87.17 Y152.9 F7800
G1 X83.16 Y156.713
G1 E2 F2400
G1 F4800
G1 X81.483 Y158.307 E2.11128
G1 X83.099 Y159.923 E2.2212
G1 X82.877 Y160.134 E2.23593
G1 X78.261 Y161.371 E2.46578
G1 X77.29 Y162.294 E2.53021
G1 X78.906 Y163.91 E2.64013
G1 X79.285 Y163.55 E2.66527
G1 X80.418 Y159.32 E2.87589
G1 X78.741 Y160.914 E2.98717
G1 E.98717 F2400
G92 E0
G1 X78.741 Y160.914 F7800
G1 X72.926 Y169.597
G1 E2 F2400
G1 F4800
G1 X71.249 Y171.191 E2.11128
G1 X72.382 Y166.961 E2.3219
G1 X73.097 Y166.281 E2.36936
G1 X74.713 Y167.897 E2.47928
G1 X74.108 Y168.472 E2.51942
G1 X69.492 Y169.709 E2.74927
G1 X68.904 Y170.268 E2.78829
G1 X70.52 Y171.884 E2.89821
G1 X68.843 Y173.479 E3.00952
G1 E1.00952 F2400
G92 E0
G1 X68.843 Y173.479 F7800
G1 X64.89 Y177.237
G1 E2 F2400
G1 F4800
G1 X63.213 Y178.832 E2.11131
G1 X64.347 Y174.601 E2.32199
G1 X64.711 Y174.255 E2.34614
G1 X66.327 Y175.871 E2.45606
G1 X65.339 Y176.81 E2.52162
G1 X60.723 Y178.047 E2.75147
G1 X60.517 Y178.243 E2.76515
G1 X62.133 Y179.859 E2.87507
G1 X60.457 Y181.453 E2.98632
G1 E.98632 F2400
G92 E0
G1 X60.457 Y181.453 F7800
G1 X53.887 Y187.7
G1 E2 F2400
G1 F4800
G1 X55.178 Y186.472 E2.0857
G1 X56.324 Y182.23 E2.29704
G1 X57.94 Y183.846 E2.40696
G1 X56.57 Y185.148 E2.49786
G1 X51.954 Y186.385 E2.72771
G1 X52.131 Y186.217 E2.73945
G1 X53.747 Y187.833 E2.84937
G1 X49.554 Y191.82 E3.12766
G1 X47.938 Y190.204 E3.23758
G1 X48.275 Y189.883 E3.25996
G1 X47.142 Y194.113 E3.47058
G1 X47.801 Y193.486 E3.51433
G1 X43.185 Y194.723 E3.74418
G1 X43.745 Y194.191 E3.78133
G1 X45.361 Y195.807 E3.89125
G1 X41.168 Y199.794 E4.16954
G1 X39.552 Y198.178 E4.27946
G1 X40.24 Y197.524 E4.32512
G1 X39.106 Y201.754 E4.53575
G1 X39.032 Y201.824 E4.54065
G1 X34.416 Y203.061 E4.7705
G1 X35.358 Y202.165 E4.83303
G1 X36.974 Y203.781 E4.94295
G1 X32.781 Y207.768 E5.22124
G1 X31.165 Y206.152 E5.33116
G1 X32.204 Y205.164 E5.40012
G1 X31.109 Y209.252 E5.60367
G1 X29.588 Y207.652 E5.70985
G1 X29.664 Y207.579 E5.71492
;LAYER_CHANGE
;Z:3.05
;HEIGHT:0.3
G1 Z3.05 F7800
G1 E3.71492 F2400
G92 E0
G1 X29.664 Y207.579 F7800
G92 E0
G1 X190.754 Y12.287
G1 E2 F2400
;TYPE:Perimeter
;WIDTH:0.45
G1 F3600
G1 X11.025 Y183.183 E13.92832
G1 X9.187 Y181.249 E14.05664
G1 X188.916 Y10.354 E25.98493
G1 X189.835 Y11.321 E26.04909
G1 X190.713 Y12.244 E26.11036
G1 X190.713 Y12.244 F7800
G1 X191.299 Y12.301
G1 F3600
G1 X11.011 Y183.728 E38.07576
G1 X8.641 Y181.235 E38.2412
G1 X188.929 Y9.809 E50.20657
G1 X190.114 Y11.055 E50.28927
G1 X191.258 Y12.258 E50.36912
G1 X191.258 Y12.258 F7800
G1 X191.845 Y12.315
;TYPE:External perimeter
G1 F1800
G1 X10.998 Y184.273 E62.37161
G1 X8.096 Y181.222 E62.57413
G1 X188.943 Y9.264 E74.57662
G1 X190.394 Y10.789 E74.67786
G1 X191.803 Y12.271 E74.77621
G1 X191.557 Y12.587 F7800
G1 X190.207 Y12.408
;TYPE:Internal infill
;WIDTH:0.45
G1 F4800
G1 X190.345 Y12.277 E74.78536
G1 X188.905 Y10.763 E74.88586
G1 X187.844 Y14.655 E75.07988
G1 X188.766 Y13.779 E75.14105
G1 X187.288 Y12.301 E75.24158
G1 X183.095 Y16.288 E75.51987
G1 X184.573 Y17.766 E75.6204
G1 X185.387 Y16.992 E75.67442
G1 X181.164 Y18.123 E75.88469
G1 X180.845 Y18.427 E75.90588
G1 X179.809 Y22.296 E76.09852
G1 X180.379 Y21.753 E76.13638
G1 X178.901 Y20.275 E76.23691
G1 X174.708 Y24.262 E76.5152
G1 X176.186 Y25.74 E76.61573
G1 X176.618 Y25.33 E76.64438
G1 X172.396 Y26.461 E76.8546
G1 X172.81 Y26.067 E76.88209
G1 X171.773 Y29.937 E77.07479
G1 X171.993 Y29.727 E77.08942
G1 X170.515 Y28.249 E77.18995
G1 X166.322 Y32.236 E77.46824
G1 X167.8 Y33.714 E77.56877
G1 X167.849 Y33.668 E77.572
G1 X163.627 Y34.799 E77.78222
G1 X164.774 Y33.708 E77.85836
G1 X163.737 Y37.577 E78.05101
G1 X163.607 Y37.701 E78.05965
G1 X162.129 Y36.223 E78.16018
G1 X157.936 Y40.21 E78.43847
G1 X159.414 Y41.689 E78.53904
G1 X159.08 Y42.006 E78.56119
G1 X154.858 Y43.137 E78.77141
G1 X153.742 Y44.198 E78.84547
G1 X155.221 Y45.676 E78.94604
G1 X155.702 Y45.218 E78.97798
G1 X156.738 Y41.349 E79.17062
G1 X155.062 Y42.943 E79.28187
G1 E77.28187 F2400
G92 E0
G1 X155.062 Y42.943 F7800
G1 X151.226 Y46.59
G1 E2 F2400
G1 F4800
G1 X149.549 Y48.185 E2.11131
G1 X151.027 Y49.663 E2.21184
G1 X150.311 Y50.344 E2.25937
G1 X146.089 Y51.475 E2.46959
G1 X145.356 Y52.172 E2.51824
G1 X146.834 Y53.65 E2.61877
G1 X147.666 Y52.859 E2.67398
G1 X148.703 Y48.989 E2.86668
G1 X147.026 Y50.584 E2.97799
G1 E.97799 F2400
G92 E0
G1 X147.026 Y50.584 F7800
G1 X141.307 Y58.905
G1 E2 F2400
G1 F4800
G1 X139.63 Y60.5 E2.11131
G1 X140.667 Y56.63 E2.30401
G1 X141.163 Y56.159 E2.33691
G1 X142.641 Y57.637 E2.43744
G1 X141.542 Y58.682 E2.51038
G1 X137.32 Y59.813 E2.7206
G1 X136.97 Y60.146 E2.74384
G1 X138.448 Y61.624 E2.84437
G1 X134.255 Y65.611 E3.12266
G1 X132.777 Y64.133 E3.22319
G1 X132.631 Y64.271 E3.23285
G1 X131.595 Y68.14 E3.42549
G1 X132.773 Y67.02 E3.50367
G1 X128.551 Y68.151 E3.71389
G1 X128.583 Y68.12 E3.71603
G1 X130.062 Y69.598 E3.8166
G1 X125.868 Y73.585 E4.09492
G1 X124.39 Y72.107 E4.19545
G1 X124.596 Y71.912 E4.20909
G1 X123.559 Y75.781 E4.40174
G1 X124.004 Y75.358 E4.43127
G1 X119.782 Y76.489 E4.64149
G1 X120.197 Y76.094 E4.66905
G1 X121.675 Y77.572 E4.76958
G1 X117.482 Y81.559 E5.04787
G1 X116.004 Y80.081 E5.1484
G1 X116.56 Y79.552 E5.18531
G1 X115.523 Y83.422 E5.37801
G1 X115.235 Y83.696 E5.39713
G1 X111.013 Y84.827 E5.60735
G1 X111.811 Y84.068 E5.66032
G1 X113.289 Y85.546 E5.76085
G1 X109.096 Y89.533 E6.03914
G1 X107.618 Y88.055 E6.13967
G1 X108.524 Y87.193 E6.19982
G1 X107.488 Y91.062 E6.39246
G1 X106.466 Y92.034 E6.4603
G1 X102.244 Y93.165 E6.67052
G1 X103.425 Y92.042 E6.7489
G1 X104.903 Y93.52 E6.84943
G1 X100.709 Y97.507 E7.12775
G1 X99.231 Y96.029 E7.22828
G1 X100.489 Y94.834 E7.31173
G1 X99.452 Y98.703 E7.50438
G1 X97.837 Y100.239 E7.61158
G1 E5.61158 F2400
G92 E0
G1 X97.837 Y100.239 F7800
G1 X96.715 Y98.422
G1 E2 F2400
G1 F4800
G1 X95.038 Y100.016 E2.11128
G1 X96.516 Y101.494 E2.21181
G1 X97.697 Y100.372 E2.29016
G1 X93.475 Y101.503 E2.50038
G1 X92.453 Y102.474 E2.56818
G1 X91.416 Y106.344 E2.76088
G1 X92.323 Y105.482 E2.82106
G1 X90.845 Y104.003 E2.92163
G1 X86.652 Y107.991 E3.19995
G1 X88.13 Y109.469 E3.30048
G1 X88.928 Y108.71 E3.35345
G1 X84.706 Y109.841 E3.56367
G1 X84.417 Y110.115 E3.58282
G1 X83.381 Y113.984 E3.77546
G1 X83.937 Y113.456 E3.81234
G1 X82.459 Y111.978 E3.91287
G1 X78.266 Y115.965 E4.19116
G1 X79.744 Y117.443 E4.29169
G1 X80.159 Y117.048 E4.31925
G1 X75.937 Y118.179 E4.52947
G1 X76.382 Y117.756 E4.559
G1 X75.345 Y121.625 E4.75165
G1 X75.55 Y121.43 E4.76526
G1 X74.072 Y119.952 E4.86579
G1 X69.879 Y123.939 E5.14408
G1 X71.357 Y125.417 E5.24461
G1 X71.39 Y125.386 E5.24679
G1 X67.168 Y126.517 E5.45701
G1 X68.346 Y125.397 E5.53519
G1 X67.309 Y129.266 E5.72784
G1 X67.164 Y129.404 E5.73747
G1 X65.686 Y127.926 E5.838
G1 X61.493 Y131.913 E6.11629
G1 X62.971 Y133.391 E6.21682
G1 X62.621 Y133.724 E6.24006
G1 X58.399 Y134.855 E6.45028
G1 X57.3 Y135.9 E6.52322
G1 X58.778 Y137.378 E6.62375
G1 X59.274 Y136.907 E6.65665
G1 X60.31 Y133.037 E6.84934
G1 X58.634 Y134.632 E6.96062
G1 E4.96062 F2400
G92 E0
G1 X58.634 Y134.632 F7800
G1 X52.915 Y142.953
G1 E2 F2400
G1 F4800
G1 X51.238 Y144.547 E2.11128
G1 X52.275 Y140.678 E2.30393
G1 X53.107 Y139.887 E2.35914
G1 X54.585 Y141.365 E2.45967
G1 X53.852 Y142.062 E2.50832
G1 X49.63 Y143.193 E2.71854
G1 X48.913 Y143.874 E2.7661
G1 X50.392 Y145.352 E2.86667
G1 X48.715 Y146.946 E2.97795
G1 E.97795 F2400
G92 E0
G1 X48.715 Y146.946 F7800
G1 X44.879 Y150.594
G1 E2 F2400
G1 F4800
G1 X43.202 Y152.188 E2.11128
G1 X44.239 Y148.319 E2.30393
G1 X44.72 Y147.861 E2.33587
G1 X46.198 Y149.339 E2.4364
G1 X45.083 Y150.4 E2.51043
G1 X40.861 Y151.531 E2.72065
G1 X40.527 Y151.848 E2.7428
G1 X42.005 Y153.326 E2.84333
G1 X37.812 Y157.313 E3.12162
G1 X36.334 Y155.835 E3.22215
G1 X36.204 Y155.959 E3.23079
G1 X35.167 Y159.829 E3.42349
G1 X36.314 Y158.738 E3.49963
G1 X32.092 Y159.869 E3.70985
G1 X32.141 Y159.822 E3.71312
G1 X33.619 Y161.3 E3.81365
G1 X29.426 Y165.287 E4.09194
G1 X27.948 Y163.809 E4.19247
G1 X28.168 Y163.6 E4.20706
G1 X27.131 Y167.469 E4.39971
G1 X27.545 Y167.075 E4.4272
G1 X23.323 Y168.207 E4.63744
G1 X23.755 Y167.796 E4.66612
G1 X25.233 Y169.275 E4.76669
G1 X21.039 Y173.262 E5.04501
G1 X19.561 Y171.784 E5.14554
G1 X20.132 Y171.241 E5.18344
G1 X19.095 Y175.11 E5.37609
G1 X18.776 Y175.413 E5.39725
G1 X14.554 Y176.545 E5.60749
G1 X15.368 Y175.771 E5.66151
G1 X16.846 Y177.249 E5.76204
G1 X12.653 Y181.236 E6.04033
G1 X11.175 Y179.758 E6.14086
G1 X12.097 Y178.881 E6.20206
G1 X11.035 Y182.774 E6.39614
G1 X9.596 Y181.26 E6.4966
G1 X9.734 Y181.128 E6.50578
G1 E4.50578 F2400
G92 E0
G1 X9.734 Y181.128 F7800
G92 E0
G1 X195.736 Y22.73
G1 E2 F2400
;TYPE:Perimeter
;WIDTH:0.45
G1 F3600
G1 X16.007 Y193.625 E13.92829
G1 X14.168 Y191.691 E14.05665
G1 X193.897 Y20.796 E25.98494
G1 X194.817 Y21.763 E26.04914
G1 X195.695 Y22.686 E26.11041
G1 X195.695 Y22.686 F7800
G1 X196.281 Y22.743
G1 F3600
G1 X15.993 Y194.17 E38.07581
G1 X13.623 Y191.678 E38.24122
G1 X193.911 Y20.251 E50.20662
G1 X195.096 Y21.497 E50.28932
G1 X196.24 Y22.7 E50.36917
G1 X196.24 Y22.7 F7800
G1 X196.826 Y22.757
;TYPE:External perimeter
G1 F1800
G1 X15.979 Y194.715 E62.37166
G1 X13.078 Y191.664 E62.57415
G1 X193.925 Y19.706 E74.57664
G1 X195.376 Y21.231 E74.67788
G1 X196.785 Y22.714 E74.77627
G1 X196.539 Y23.029 F7800
G1 X195.189 Y22.85
;TYPE:Internal infill
;WIDTH:0.45
G1 F4800
G1 X195.327 Y22.719 E74.78542
G1 X193.887 Y21.205 E74.88592
G1 X192.826 Y25.097 E75.07994
G1 X193.747 Y24.221 E75.14107
G1 X192.269 Y22.743 E75.2416
G1 X188.076 Y26.73 E75.51989
G1 X189.554 Y28.208 E75.62042
G1 X190.369 Y27.434 E75.67448
G1 X186.146 Y28.565 E75.88475
G1 X185.827 Y28.869 E75.90594
G1 X184.79 Y32.738 E76.09859
G1 X185.361 Y32.195 E76.13649
G1 X183.883 Y30.717 E76.23702
G1 X179.69 Y34.704 E76.51531
G1 X181.168 Y36.182 E76.61584
G1 X181.6 Y35.772 E76.64449
G1 X177.377 Y36.903 E76.85476
G1 X177.791 Y36.509 E76.88225
G1 X176.755 Y40.379 E77.07494
G1 X176.975 Y40.169 E77.08957
G1 X175.497 Y38.691 E77.1901
G1 X171.304 Y42.678 E77.46839
G1 X172.782 Y44.156 E77.56892
G1 X172.831 Y44.11 E77.57215
G1 X168.608 Y45.241 E77.78242
G1 X169.756 Y44.15 E77.85859
G1 X168.719 Y48.019 E78.05124
G1 X168.588 Y48.143 E78.05992
G1 X167.11 Y46.665 E78.16045
G1 X162.917 Y50.652 E78.43874
G1 X164.395 Y52.131 E78.53931
G1 X164.062 Y52.448 E78.56142
G1 X159.839 Y53.579 E78.77169
G1 X158.724 Y54.64 E78.84572
G1 X160.202 Y56.118 E78.94625
G1 X160.683 Y55.66 E78.97819
G1 X161.72 Y51.791 E79.17084
G1 X160.043 Y53.385 E79.28212
G1 E77.28212 F2400
G92 E0
G1 X160.043 Y53.385 F7800
G1 X156.208 Y57.032
G1 E2 F2400
G1 F4800
G1 X154.531 Y58.627 E2.11131
G1 X156.009 Y60.105 E2.21184
G1 X155.293 Y60.786 E2.25937
G1 X151.07 Y61.917 E2.46964
G1 X150.338 Y62.614 E2.51825
G1 X151.816 Y64.092 E2.61878
G1 X152.648 Y63.301 E2.67399
G1 X153.684 Y59.432 E2.86663
G1 X152.008 Y61.026 E2.97788
G1 E.97788 F2400
G92 E0
G1 X152.008 Y61.026 F7800
G1 X146.289 Y69.347
G1 E2 F2400
G1 F4800
G1 X144.612 Y70.942 E2.11131
G1 X145.649 Y67.072 E2.30401
G1 X146.145 Y66.601 E2.33691
G1 X147.623 Y68.079 E2.43744
G1 X146.524 Y69.124 E2.51038
G1 X142.301 Y70.255 E2.72065
G1 X141.951 Y70.588 E2.74389
G1 X143.43 Y72.066 E2.84446
G1 X139.236 Y76.053 E3.12278
G1 X137.758 Y74.575 E3.22331
G1 X137.613 Y74.713 E3.23294
G1 X136.576 Y78.582 E3.42559
G1 X137.755 Y77.462 E3.5038
G1 X133.532 Y78.593 E3.71407
G1 X133.565 Y78.562 E3.71625
G1 X135.043 Y80.04 E3.81678
G1 X130.85 Y84.027 E4.09507
G1 X129.372 Y82.549 E4.1956
G1 X129.577 Y82.354 E4.20921
G1 X128.541 Y86.223 E4.40185
G1 X128.986 Y85.8 E4.43138
G1 X124.763 Y86.931 E4.64165
G1 X125.179 Y86.536 E4.66924
G1 X126.657 Y88.014 E4.76977
G1 X122.464 Y92.001 E5.04806
G1 X120.986 Y90.523 E5.14859
G1 X121.542 Y89.994 E5.1855
G1 X120.505 Y93.864 E5.3782
G1 X120.217 Y94.138 E5.39732
G1 X115.994 Y95.269 E5.60759
G1 X116.793 Y94.51 E5.66059
G1 X118.271 Y95.988 E5.76112
G1 X114.077 Y99.975 E6.03944
G1 X112.599 Y98.497 E6.13997
G1 X113.506 Y97.635 E6.20015
G1 X112.469 Y101.504 E6.3928
G1 X111.448 Y102.476 E6.4606
G1 X107.225 Y103.607 E6.67087
G1 X108.406 Y102.484 E6.74925
G1 X109.884 Y103.962 E6.84978
G1 X105.691 Y107.949 E7.12807
G1 X104.213 Y106.471 E7.2286
G1 X105.47 Y105.276 E7.31202
G1 X104.434 Y109.145 E7.50466
G1 X102.819 Y110.681 E7.61186
G1 E5.61186 F2400
G92 E0
G1 X102.819 Y110.681 F7800
G1 X101.697 Y108.864
G1 E2 F2400
G1 F4800
G1 X100.02 Y110.458 E2.11128
G1 X101.498 Y111.936 E2.21181
G1 X102.679 Y110.814 E2.29016
G1 X98.456 Y111.945 E2.50043
G1 X97.435 Y112.916 E2.5682
G1 X96.398 Y116.786 E2.7609
G1 X97.305 Y115.924 E2.82108
G1 X95.827 Y114.445 E2.92165
G1 X91.634 Y118.433 E3.19997
G1 X93.112 Y119.911 E3.3005
G1 X93.91 Y119.152 E3.35347
G1 X89.687 Y120.283 E3.56374
G1 X89.399 Y120.557 E3.58286
G1 X88.362 Y124.426 E3.77551
G1 X88.918 Y123.898 E3.81239
G1 X87.44 Y122.42 E3.91292
G1 X83.247 Y126.407 E4.19121
G1 X84.725 Y127.885 E4.29174
G1 X85.141 Y127.49 E4.31933
G1 X80.918 Y128.621 E4.5296
G1 X81.363 Y128.198 E4.55913
G1 X80.327 Y132.067 E4.75177
G1 X80.532 Y131.872 E4.76538
G1 X79.054 Y130.394 E4.86591
G1 X74.861 Y134.381 E5.1442
G1 X76.339 Y135.859 E5.24473
G1 X76.372 Y135.828 E5.24691
G1 X72.149 Y136.959 E5.45718
G1 X73.328 Y135.839 E5.53539
G1 X72.291 Y139.708 E5.72804
G1 X72.146 Y139.846 E5.73767
G1 X70.668 Y138.368 E5.8382
G1 X66.475 Y142.355 E6.11649
G1 X67.953 Y143.833 E6.21702
G1 X67.603 Y144.166 E6.24026
G1 X63.38 Y145.297 E6.45053
G1 X62.281 Y146.342 E6.52347
G1 X63.76 Y147.82 E6.62404
G1 X64.255 Y147.349 E6.6569
G1 X65.292 Y143.479 E6.8496
G1 X63.615 Y145.074 E6.96091
G1 E4.96091 F2400
G92 E0
G1 X63.615 Y145.074 F7800
G1 X57.896 Y153.395
G1 E2 F2400
G1 F4800
G1 X56.22 Y154.989 E2.11125
G1 X57.257 Y151.12 E2.3039
G1 X58.088 Y150.329 E2.35908
G1 X59.566 Y151.807 E2.45961
G1 X58.834 Y152.504 E2.50822
G1 X54.611 Y153.635 E2.71849
G1 X53.895 Y154.316 E2.76602
G1 X55.373 Y155.794 E2.86655
G1 X53.696 Y157.389 E2.97786
G1 E.97786 F2400
G92 E0
G1 X53.696 Y157.389 F7800
G1 X49.861 Y161.036
G1 E2 F2400
G1 F4800
G1 X48.184 Y162.63 E2.11128
G1 X49.221 Y158.761 E2.30393
G1 X49.702 Y158.303 E2.33587
G1 X51.18 Y159.781 E2.4364
G1 X50.065 Y160.842 E2.51043
G1 X45.843 Y161.973 E2.72065
G1 X45.509 Y162.29 E2.7428
G1 X46.987 Y163.768 E2.84333
G1 X42.794 Y167.755 E3.12162
G1 X41.316 Y166.277 E3.22215
G1 X41.185 Y166.401 E3.23083
G1 X40.148 Y170.271 E3.42353
G1 X41.296 Y169.18 E3.4997
G1 X37.074 Y170.311 E3.70992
G1 X37.122 Y170.264 E3.71315
G1 X38.601 Y171.742 E3.81372
G1 X34.407 Y175.73 E4.09207
G1 X32.929 Y174.251 E4.19264
G1 X33.15 Y174.042 E4.20727
G1 X32.113 Y177.911 E4.39992
G1 X32.527 Y177.518 E4.42737
G1 X28.305 Y178.649 E4.63759
G1 X28.736 Y178.239 E4.6662
G1 X30.214 Y179.717 E4.76673
G1 X26.021 Y183.704 E5.04502
G1 X24.543 Y182.226 E5.14555
G1 X25.114 Y181.683 E5.18345
G1 X24.077 Y185.552 E5.3761
G1 X23.758 Y185.856 E5.39729
G1 X19.536 Y186.987 E5.60751
G1 X20.35 Y186.213 E5.66153
G1 X21.828 Y187.691 E5.76206
G1 X17.635 Y191.678 E6.04035
G1 X16.157 Y190.2 E6.14088
G1 X17.078 Y189.323 E6.20205
G1 X16.017 Y193.216 E6.39612
G1 X14.577 Y191.702 E6.49662
G1 X14.715 Y191.57 E6.5058
G1 E4.5058 F2400
G92 E0
G1 X14.715 Y191.57 F7800
G92 E0
G1 X203.282 Y30.733
G1 E2 F2400
;TYPE:Perimeter
;WIDTH:0.45
G1 F3600
G1 X23.553 Y201.628 E13.92829
G1 X21.715 Y199.695 E14.05658
G1 X201.444 Y28.799 E25.9849
G1 X202.363 Y29.766 E26.04906
G1 X203.241 Y30.689 E26.11033
G1 X203.241 Y30.689 F7800
G1 X203.827 Y30.747
G1 F3600
G1 X23.539 Y202.173 E38.0757
G1 X21.17 Y199.681 E38.24107
G1 X201.458 Y28.254 E50.20647
G1 X202.642 Y29.5 E50.28914
G1 X203.786 Y30.703 E50.36899
G1 X203.786 Y30.703 F7800
G1 X204.373 Y30.76
;TYPE:External perimeter
G1 F1800
G1 X23.526 Y202.718 E62.37148
G1 X20.624 Y199.667 E62.574
G1 X201.471 Y27.709 E74.57649
G1 X202.922 Y29.235 E74.67777
G1 X204.331 Y30.717 E74.77612
G1 X204.086 Y31.032 F7800
G1 X202.735 Y30.854
;TYPE:Internal infill
;WIDTH:0.45
G1 F4800
G1 X202.873 Y30.723 E74.78527
G1 X201.433 Y29.208 E74.8858
G1 X200.372 Y33.101 E75.07987
G1 X201.294 Y32.224 E75.14107
G1 X199.816 Y30.746 E75.2416
G1 X195.623 Y34.733 E75.51989
G1 X197.101 Y36.212 E75.62046
G1 X197.915 Y35.437 E75.67452
G1 X193.693 Y36.569 E75.88476
G1 X193.373 Y36.872 E75.90596
G1 X192.337 Y40.741 E76.0986
G1 X192.908 Y40.199 E76.13647
G1 X191.429 Y38.721 E76.23704
G1 X187.236 Y42.708 E76.51533
G1 X188.714 Y44.186 E76.61586
G1 X189.146 Y43.775 E76.64454
G1 X184.924 Y44.907 E76.85478
G1 X185.338 Y44.513 E76.88227
G1 X184.301 Y48.382 E77.07492
G1 X184.521 Y48.173 E77.08951
G1 X183.043 Y46.695 E77.19004
G1 X178.85 Y50.682 E77.46833
G1 X180.328 Y52.16 E77.56886
G1 X180.377 Y52.113 E77.57213
G1 X176.155 Y53.245 E77.78237
G1 X177.302 Y52.153 E77.85854
G1 X176.265 Y56.023 E78.05124
G1 X176.135 Y56.147 E78.05988
G1 X174.657 Y54.669 E78.16041
G1 X170.464 Y58.656 E78.4387
G1 X171.942 Y60.134 E78.53923
G1 X171.608 Y60.451 E78.56138
G1 X167.386 Y61.583 E78.77162
G1 X166.271 Y62.643 E78.84561
G1 X167.749 Y64.121 E78.94614
G1 X168.23 Y63.663 E78.97808
G1 X169.267 Y59.794 E79.17073
G1 X167.59 Y61.388 E79.28201
G1 E77.28201 F2400
G92 E0
G1 X167.59 Y61.388 F7800
G1 X163.754 Y65.036
G1 E2 F2400
G1 F4800
G1 X162.077 Y66.63 E2.11128
G1 X163.555 Y68.108 E2.21181
G1 X162.839 Y68.789 E2.25934
G1 X158.617 Y69.921 E2.46958
G1 X157.884 Y70.617 E2.5182
G1 X159.362 Y72.095 E2.61873
G1 X160.194 Y71.304 E2.67394
G1 X161.231 Y67.435 E2.86659
G1 X159.554 Y69.029 E2.97787
G1 E.97787 F2400
G92 E0
G1 X159.554 Y69.029 F7800
G1 X153.835 Y77.351
G1 E2 F2400
G1 F4800
G1 X152.158 Y78.945 E2.11128
G1 X153.195 Y75.076 E2.30393
G1 X153.691 Y74.604 E2.33686
G1 X155.169 Y76.082 E2.43739
G1 X154.07 Y77.127 E2.51033
G1 X149.848 Y78.259 E2.72057
G1 X149.498 Y78.591 E2.74377
G1 X150.976 Y80.069 E2.8443
G1 X146.783 Y84.056 E3.12259
G1 X145.305 Y82.578 E3.22312
G1 X145.16 Y82.716 E3.23275
G1 X144.123 Y86.586 E3.42545
G1 X145.301 Y85.465 E3.50366
G1 X141.079 Y86.597 E3.7139
G1 X141.112 Y86.565 E3.71611
G1 X142.59 Y88.043 E3.81664
G1 X138.396 Y92.03 E4.09496
G1 X136.918 Y90.552 E4.19549
G1 X137.124 Y90.357 E4.20913
G1 X136.087 Y94.226 E4.40178
G1 X136.532 Y93.803 E4.43131
G1 X132.31 Y94.934 E4.64153
G1 X132.725 Y94.539 E4.66909
G1 X134.203 Y96.017 E4.76962
G1 X130.01 Y100.005 E5.04794
G1 X128.532 Y98.526 E5.14851
G1 X129.088 Y97.998 E5.18539
G1 X128.051 Y101.867 E5.37804
G1 X127.763 Y102.141 E5.39716
G1 X123.541 Y103.272 E5.60738
G1 X124.339 Y102.514 E5.66032
G1 X125.817 Y103.992 E5.76085
G1 X121.624 Y107.979 E6.03914
G1 X120.146 Y106.501 E6.13967
G1 X121.053 Y105.638 E6.19989
G1 X120.016 Y109.508 E6.39259
G1 X118.994 Y110.479 E6.46039
G1 X114.772 Y111.61 E6.67061
G1 X115.953 Y110.488 E6.74896
G1 X117.431 Y111.966 E6.84949
G1 X113.238 Y115.953 E7.12778
G1 X111.759 Y114.475 E7.22835
G1 X113.017 Y113.279 E7.31184
G1 X111.98 Y117.148 E7.50449
G1 X110.365 Y118.684 E7.61169
G1 E5.61169 F2400
G92 E0
G1 X110.365 Y118.684 F7800
G1 X109.243 Y116.867
G1 E2 F2400
G1 F4800
G1 X107.566 Y118.462 E2.11131
G1 X109.044 Y119.94 E2.21184
G1 X110.225 Y118.817 E2.29022
G1 X106.003 Y119.948 E2.50044
G1 X104.981 Y120.92 E2.56828
G1 X103.944 Y124.789 E2.76093
G1 X104.851 Y123.927 E2.82111
G1 X103.373 Y122.449 E2.92164
G1 X99.18 Y126.436 E3.19993
G1 X100.658 Y127.914 E3.30046
G1 X101.456 Y127.155 E3.35343
G1 X97.234 Y128.286 E3.56365
G1 X96.946 Y128.56 E3.58277
G1 X95.909 Y132.43 E3.77547
G1 X96.465 Y131.901 E3.81238
G1 X94.987 Y130.423 E3.91291
G1 X90.794 Y134.41 E4.1912
G1 X92.272 Y135.888 E4.29173
G1 X92.687 Y135.493 E4.31929
G1 X88.465 Y136.624 E4.52951
G1 X88.91 Y136.201 E4.55904
G1 X87.873 Y140.071 E4.75174
G1 X88.079 Y139.875 E4.76542
G1 X86.601 Y138.397 E4.86595
G1 X82.407 Y142.384 E5.14427
G1 X83.885 Y143.862 E5.2448
G1 X83.918 Y143.831 E5.24698
G1 X79.696 Y144.962 E5.4572
G1 X80.874 Y143.842 E5.53538
G1 X79.837 Y147.711 E5.72803
G1 X79.692 Y147.849 E5.73766
G1 X78.214 Y146.371 E5.83819
G1 X74.021 Y150.358 E6.11648
G1 X75.499 Y151.836 E6.21701
G1 X75.149 Y152.169 E6.24025
G1 X70.927 Y153.3 E6.45047
G1 X69.828 Y154.345 E6.52341
G1 X71.306 Y155.823 E6.62394
G1 X71.802 Y155.352 E6.65684
G1 X72.839 Y151.483 E6.84949
G1 X71.162 Y153.077 E6.96077
G1 E4.96077 F2400
G92 E0
G1 X71.162 Y153.077 F7800
G1 X65.443 Y161.398
G1 E2 F2400
G1 F4800
G1 X63.766 Y162.993 E2.11131
G1 X64.803 Y159.123 E2.30401
G1 X65.635 Y158.332 E2.35922
G1 X67.113 Y159.81 E2.45975
G1 X66.38 Y160.507 E2.5084
G1 X62.158 Y161.638 E2.71862
G1 X61.442 Y162.319 E2.76615
G1 X62.92 Y163.798 E2.86672
G1 X61.243 Y165.392 E2.978
G1 E.978 F2400
G92 E0
G1 X61.243 Y165.392 F7800
G1 X57.407 Y169.039
G1 E2 F2400
G1 F4800
G1 X55.73 Y170.633 E2.11128
G1 X56.767 Y166.764 E2.30393
G1 X57.248 Y166.307 E2.33584
G1 X58.726 Y167.785 E2.43637
G1 X57.611 Y168.845 E2.51036
G1 X53.389 Y169.976 E2.72058
G1 X53.055 Y170.294 E2.74276
G1 X54.533 Y171.772 E2.84329
G1 X50.34 Y175.759 E3.12158
G1 X48.862 Y174.281 E3.22211
G1 X48.732 Y174.405 E3.23075
G1 X47.695 Y178.274 E3.4234
G1 X48.842 Y177.183 E3.49954
G1 X44.62 Y178.314 E3.70976
G1 X44.669 Y178.268 E3.71299
G1 X46.147 Y179.746 E3.81352
G1 X41.954 Y183.733 E4.09181
G1 X40.476 Y182.255 E4.19234
G1 X40.696 Y182.045 E4.20697
G1 X39.659 Y185.915 E4.39967
G1 X40.073 Y185.521 E4.42716
G1 X35.851 Y186.652 E4.63738
G1 X36.283 Y186.242 E4.66603
G1 X37.761 Y187.72 E4.76656
G1 X33.568 Y191.707 E5.04485
G1 X32.089 Y190.229 E5.14542
G1 X32.66 Y189.686 E5.18332
G1 X31.624 Y193.555 E5.37596
G1 X31.304 Y193.859 E5.39719
G1 X27.082 Y194.99 E5.60741
G1 X27.896 Y194.216 E5.66143
G1 X29.374 Y195.694 E5.76196
G1 X25.181 Y199.681 E6.04025
G1 X23.703 Y198.203 E6.14078
G1 X24.625 Y197.327 E6.20195
G1 X23.564 Y201.219 E6.39597
G1 X22.124 Y199.705 E6.49647
G1 X22.262 Y199.574 E6.50562
G1 E4.50562 F2400
G92 E0
G1 X22.262 Y199.574 F7800
G92 E0
G1 X210.813 Y38.751
G1 E2 F2400
;TYPE:Perimeter
;WIDTH:0.45
G1 F3600
G1 X31.084 Y209.646 E13.92829
G1 X29.246 Y207.713 E14.05658
G1 X208.975 Y36.817 E25.9849
G1 X209.894 Y37.784 E26.04906
G1 X210.772 Y38.707 E26.11033
G1 X210.772 Y38.707 F7800
G1 X211.359 Y38.765
G1 F3600
G1 X31.071 Y210.191 E38.0757
G1 X28.701 Y207.699 E38.24111
G1 X208.989 Y36.272 E50.20651
G1 X210.174 Y37.518 E50.28921
G1 X211.317 Y38.721 E50.36902
G1 X211.317 Y38.721 F7800
G1 X211.904 Y38.778
;TYPE:External perimeter
G1 F1800
G1 X31.057 Y210.736 E62.37151
G1 X28.155 Y207.685 E62.57403
G1 X209.002 Y35.727 E74.57652
G1 X210.453 Y37.253 E74.6778
G1 X211.862 Y38.735 E74.77615
G1 X211.617 Y39.05 F7800
G1 X210.266 Y38.872
;TYPE:Internal infill
;WIDTH:0.45
G1 F4800
G1 X210.405 Y38.74 E74.78537
G1 X208.965 Y37.226 E74.88587
G1 X207.903 Y41.119 E75.07995
G1 X208.825 Y40.242 E75.14115
G1 X207.347 Y38.764 E75.24168
G1 X203.154 Y42.751 E75.51997
G1 X204.632 Y44.229 E75.6205
G1 X205.446 Y43.455 E75.67452
G1 X201.224 Y44.587 E75.88476
G1 X200.905 Y44.89 E75.90592
G1 X199.868 Y48.759 E76.09857
G1 X200.439 Y48.216 E76.13647
G1 X198.961 Y46.738 E76.237
G1 X194.767 Y50.725 E76.51532
G1 X196.246 Y52.204 E76.61592
G1 X196.677 Y51.793 E76.64456
G1 X192.455 Y52.925 E76.8548
G1 X192.869 Y52.531 E76.88229
G1 X191.832 Y56.4 E77.07494
G1 X192.052 Y56.191 E77.08953
G1 X190.574 Y54.713 E77.19006
G1 X186.381 Y58.7 E77.46835
G1 X187.859 Y60.178 E77.56888
G1 X187.908 Y60.131 E77.57215
G1 X183.686 Y61.262 E77.78237
G1 X184.833 Y60.171 E77.85851
G1 X183.797 Y64.041 E78.0512
G1 X183.666 Y64.165 E78.05988
G1 X182.188 Y62.687 E78.16041
G1 X177.995 Y66.674 E78.4387
G1 X179.473 Y68.152 E78.53923
G1 X179.139 Y68.469 E78.56138
G1 X174.917 Y69.6 E78.7716
G1 X173.802 Y70.661 E78.84563
G1 X175.28 Y72.139 E78.94616
G1 X175.761 Y71.681 E78.9781
G1 X176.798 Y67.812 E79.17075
G1 X175.121 Y69.406 E79.28203
G1 E77.28203 F2400
G92 E0
G1 X175.121 Y69.406 F7800
G1 X171.285 Y73.054
G1 E2 F2400
G1 F4800
G1 X169.609 Y74.648 E2.11125
G1 X171.087 Y76.126 E2.21178
G1 X170.37 Y76.807 E2.25934
G1 X166.148 Y77.938 E2.46956
G1 X165.415 Y78.635 E2.51821
G1 X166.893 Y80.113 E2.61874
G1 X167.725 Y79.322 E2.67395
G1 X168.762 Y75.453 E2.8666
G1 X167.085 Y77.047 E2.97788
G1 E.97788 F2400
G92 E0
G1 X167.085 Y77.047 F7800
G1 X161.366 Y85.368
G1 E2 F2400
G1 F4800
G1 X159.69 Y86.963 E2.11128
G1 X160.726 Y83.093 E2.30397
G1 X161.222 Y82.622 E2.33687
G1 X162.7 Y84.1 E2.4374
G1 X161.601 Y85.145 E2.51034
G1 X157.379 Y86.276 E2.72056
G1 X157.029 Y86.609 E2.7438
G1 X158.507 Y88.087 E2.84433
G1 X154.314 Y92.074 E3.12262
G1 X152.836 Y90.596 E3.22315
G1 X152.691 Y90.734 E3.23278
G1 X151.654 Y94.603 E3.42543
G1 X152.832 Y93.483 E3.50361
G1 X148.61 Y94.614 E3.71383
G1 X148.643 Y94.583 E3.71601
G1 X150.121 Y96.061 E3.81654
G1 X145.928 Y100.048 E4.09483
G1 X144.45 Y98.57 E4.19536
G1 X144.655 Y98.375 E4.20897
G1 X143.618 Y102.244 E4.40162
G1 X144.063 Y101.821 E4.43115
G1 X139.841 Y102.952 E4.64137
G1 X140.256 Y102.557 E4.66893
G1 X141.734 Y104.035 E4.76946
G1 X137.541 Y108.022 E5.04775
G1 X136.063 Y106.544 E5.14828
G1 X136.619 Y106.016 E5.18516
G1 X135.583 Y109.885 E5.3778
G1 X135.294 Y110.159 E5.39695
G1 X131.072 Y111.29 E5.60717
G1 X131.87 Y110.531 E5.66014
G1 X133.348 Y112.009 E5.76067
G1 X129.155 Y115.997 E6.03899
G1 X127.677 Y114.518 E6.13956
G1 X128.584 Y113.656 E6.19974
G1 X127.547 Y117.526 E6.39244
G1 X126.525 Y118.497 E6.46024
G1 X122.303 Y119.628 E6.67046
G1 X123.484 Y118.506 E6.74881
G1 X124.962 Y119.984 E6.84934
G1 X120.769 Y123.971 E7.12763
G1 X119.291 Y122.493 E7.22816
G1 X120.548 Y121.297 E7.31161
G1 X119.511 Y125.166 E7.50426
G1 X117.896 Y126.702 E7.61146
G1 E5.61146 F2400
G92 E0
G1 X116.774 Y124.885 F7800
G1 E2 F2400
G1 F4800
G1 X115.097 Y126.48 E2.11131
G1 X116.575 Y127.958 E2.21184
G1 X117.756 Y126.835 E2.29022
G1 X113.534 Y127.966 E2.50044
G1 X112.512 Y128.938 E2.56828
G1 X111.476 Y132.807 E2.76092
G1 X112.382 Y131.945 E2.82107
G1 X110.904 Y130.467 E2.9216
G1 X106.711 Y134.454 E3.19989
G1 X108.189 Y135.932 E3.30042
G1 X108.987 Y135.173 E3.35339
G1 X104.765 Y136.304 E3.56361
G1 X104.477 Y136.578 E3.58273
G1 X103.44 Y140.448 E3.77543
G1 X103.996 Y139.919 E3.81234
G1 X102.518 Y138.441 E3.91287
G1 X98.325 Y142.428 E4.19116
G1 X99.803 Y143.906 E4.29169
G1 X100.218 Y143.511 E4.31925
G1 X95.996 Y144.642 E4.52947
G1 X96.441 Y144.219 E4.559
G1 X95.404 Y148.088 E4.75165
G1 X95.61 Y147.893 E4.76529
G1 X94.132 Y146.415 E4.86582
G1 X89.938 Y150.402 E5.14414
G1 X91.417 Y151.88 E5.24471
G1 X91.449 Y151.849 E5.24685
G1 X87.227 Y152.98 E5.45707
G1 X88.405 Y151.86 E5.53525
G1 X87.369 Y155.729 E5.72789
G1 X87.223 Y155.867 E5.73755
G1 X85.745 Y154.389 E5.83808
G1 X81.552 Y158.376 E6.11637
G1 X83.03 Y159.854 E6.2169
G1 X82.68 Y160.187 E6.24014
G1 X78.458 Y161.318 E6.45036
G1 X77.359 Y162.363 E6.5233
G1 X78.837 Y163.841 E6.62383
G1 X79.333 Y163.37 E6.65673
G1 X80.37 Y159.5 E6.84943
G1 X78.693 Y161.095 E6.96074
G1 E4.96074 F2400
G92 E0
G1 X78.693 Y161.095 F7800
G1 X72.974 Y169.416
G1 E2 F2400
G1 F4800
G1 X71.297 Y171.011 E2.11131
G1 X72.334 Y167.141 E2.30401
G1 X73.166 Y166.35 E2.35922
G1 X74.644 Y167.828 E2.45975
G1 X73.911 Y168.525 E2.5084
G1 X69.689 Y169.656 E2.71862
G1 X68.973 Y170.337 E2.76615
G1 X70.451 Y171.815 E2.86668
G1 X68.774 Y173.41 E2.97799
G1 E.97799 F2400
G92 E0
G1 X68.774 Y173.41 F7800
G1 X64.938 Y177.057
G1 E2 F2400
G1 F4800
G1 X63.262 Y178.651 E2.11125
G1 X64.298 Y174.782 E2.30389
G1 X64.78 Y174.324 E2.33587
G1 X66.258 Y175.802 E2.4364
G1 X65.142 Y176.863 E2.51046
G1 X60.92 Y177.994 E2.72068
G1 X60.586 Y178.311 E2.74283
G1 X62.064 Y179.79 E2.8434
G1 X57.871 Y183.777 E3.12169
G1 X56.393 Y182.299 E3.22222
G1 X56.263 Y182.423 E3.23086
G1 X55.226 Y186.292 E3.42351
G1 X56.373 Y185.201 E3.49965
G1 X52.151 Y186.332 E3.70987
G1 X52.2 Y186.286 E3.7131
G1 X53.678 Y187.764 E3.81363
G1 X49.485 Y191.751 E4.09192
G1 X48.007 Y190.273 E4.19245
G1 X48.227 Y190.063 E4.20708
G1 X47.19 Y193.933 E4.39978
G1 X47.605 Y193.539 E4.4273
G1 X43.382 Y194.67 E4.63757
G1 X43.814 Y194.26 E4.66622
G1 X45.292 Y195.738 E4.76675
G1 X41.099 Y199.725 E5.04504
G1 X39.621 Y198.247 E5.14557
G1 X40.191 Y197.704 E5.18343
G1 X39.155 Y201.573 E5.37607
G1 X38.836 Y201.877 E5.39726
G1 X34.613 Y203.008 E5.60753
G1 X35.427 Y202.234 E5.66155
G1 X36.905 Y203.712 E5.76208
G1 X32.712 Y207.699 E6.04037
G1 X31.234 Y206.221 E6.1409
G1 X32.156 Y205.345 E6.20207
G1 X31.095 Y209.237 E6.39609
G1 X29.655 Y207.723 E6.49659
G1 X29.793 Y207.592 E6.50574
;LAYER_CHANGE
;Z:3.35
;HEIGHT:0.3
G1 Z3.35 F7800
G1 E4.50574 F2400
G92 E0
G1 X29.793 Y207.592 F7800
G92 E0
G1 X190.687 Y12.217
G1 E2 F2400
;TYPE:Perimeter
;WIDTH:0.45
G1 F3600
G1 X10.958 Y183.112 E13.92829
G1 X9.254 Y181.32 E14.04722
G1 X188.983 Y10.425 E25.97551
G1 X189.835 Y11.321 E26.03498
G1 X190.646 Y12.173 E26.09155
G1 X190.646 Y12.173 F7800
G1 X191.232 Y12.231
G1 F3600
G1 X10.944 Y183.657 E38.05692
G1 X8.709 Y181.306 E38.21294
G1 X188.997 Y9.879 E50.17834
G1 X190.114 Y11.055 E50.25635
G1 X191.191 Y12.187 E50.3315
G1 X191.191 Y12.187 F7800
G1 X191.777 Y12.244
;TYPE:External perimeter
G1 F1800
G1 X10.93 Y184.202 E62.33399
G1 X8.163 Y181.292 E62.52712
G1 X189.01 Y9.334 E74.52961
G1 X190.394 Y10.789 E74.62619
G1 X191.736 Y12.201 E74.71988
G1 X191.49 Y12.516 F7800
G1 X190.114 Y12.362
;TYPE:Internal infill
;WIDTH:0.45
G1 F4800
G1 X190.278 Y12.207 E74.73073
G1 X188.973 Y10.833 E74.82187
G1 X188.833 Y10.966 E74.83116
G1 X187.893 Y14.475 E75.00588
G1 X188.697 Y13.71 E75.05926
G1 X187.357 Y12.37 E75.15041
G1 X183.164 Y16.357 E75.4287
G1 X184.504 Y17.697 E75.51985
G1 X185.19 Y17.045 E75.56537
G1 X181.361 Y18.07 E75.75602
G1 X180.797 Y18.607 E75.79348
G1 X179.857 Y22.116 E75.9682
G1 X180.311 Y21.684 E75.99834
G1 X178.97 Y20.344 E76.08952
G1 X174.777 Y24.331 E76.36781
G1 X176.117 Y25.671 E76.45896
G1 X176.421 Y25.383 E76.4791
G1 X172.592 Y26.408 E76.66975
G1 X172.761 Y26.248 E76.68094
G1 X171.821 Y29.756 E76.85562
G1 X171.924 Y29.658 E76.86246
G1 X170.584 Y28.318 E76.95361
G1 X166.391 Y32.305 E77.2319
G1 X167.731 Y33.645 E77.32305
G1 X167.652 Y33.721 E77.32832
G1 X163.824 Y34.746 E77.51892
G1 X164.726 Y33.889 E77.57876
G1 X163.786 Y37.397 E77.75344
G1 X163.538 Y37.632 E77.76987
G1 X162.198 Y36.292 E77.86102
G1 X158.005 Y40.279 E78.13931
G1 X159.345 Y41.62 E78.23049
G1 X158.883 Y42.059 E78.26114
G1 X155.055 Y43.084 E78.45174
G1 X153.811 Y44.266 E78.53427
G1 X155.152 Y45.607 E78.62548
G1 X155.75 Y45.038 E78.66518
G1 X156.69 Y41.529 E78.8399
G1 X155.194 Y42.952 E78.9392
G1 E76.9392 F2400
G92 E0
G1 X155.194 Y42.952 F7800
G1 X151.295 Y46.659
G1 E2 F2400
G1 F4800
G1 X149.618 Y48.254 E2.11131
G1 X150.958 Y49.594 E2.20246
G1 X150.114 Y50.397 E2.25849
G1 X146.286 Y51.422 E2.44909
G1 X145.425 Y52.241 E2.50624
G1 X146.765 Y53.581 E2.59739
G1 X147.714 Y52.678 E2.66039
G1 X148.654 Y49.17 E2.83507
G1 X146.978 Y50.764 E2.94632
G1 E.94632 F2400
G92 E0
G1 X146.978 Y50.764 F7800
G1 X141.205 Y58.867
G1 E2 F2400
G1 F4800
G1 X139.679 Y60.319 E2.10131
G1 X140.619 Y56.811 E2.27599
G1 X141.232 Y56.228 E2.31668
G1 X142.572 Y57.568 E2.40783
G1 X141.345 Y58.735 E2.48927
G1 X137.517 Y59.76 E2.67987
G1 X137.039 Y60.215 E2.71161
G1 X138.379 Y61.555 E2.80276
G1 X134.186 Y65.542 E3.08105
G1 X132.846 Y64.202 E3.1722
G1 X132.583 Y64.451 E3.18962
G1 X131.643 Y67.96 E3.36434
G1 X132.576 Y67.073 E3.42626
G1 X128.748 Y68.098 E3.61686
G1 X128.652 Y68.189 E3.62322
G1 X129.993 Y69.529 E3.7144
G1 X125.799 Y73.516 E3.99272
G1 X124.459 Y72.176 E4.08387
G1 X124.547 Y72.092 E4.08972
G1 X123.607 Y75.6 E4.2644
G1 X123.807 Y75.41 E4.27767
G1 X119.979 Y76.436 E4.46828
G1 X120.266 Y76.163 E4.48733
G1 X121.606 Y77.503 E4.57848
G1 X117.413 Y81.49 E4.85677
G1 X116.073 Y80.15 E4.94792
G1 X116.512 Y79.733 E4.97704
G1 X115.572 Y83.241 E5.15172
G1 X115.038 Y83.748 E5.18714
G1 X111.21 Y84.774 E5.37775
G1 X111.88 Y84.137 E5.42221
G1 X113.22 Y85.477 E5.51336
G1 X109.027 Y89.464 E5.79165
G1 X107.687 Y88.124 E5.8828
G1 X108.476 Y87.373 E5.93519
G1 X107.536 Y90.882 E6.10991
G1 X106.269 Y92.086 E6.19397
G1 X102.441 Y93.112 E6.38458
G1 X103.493 Y92.111 E6.45442
G1 X104.834 Y93.451 E6.5456
G1 X100.64 Y97.438 E6.82392
G1 X99.3 Y96.098 E6.91507
G1 X100.44 Y95.014 E6.99073
G1 X99.5 Y98.523 E7.16545
G1 X97.824 Y100.117 E7.2767
G1 X97.824 Y100.117 F7800
G1 X96.784 Y98.491
G1 F4800
G1 X95.107 Y100.085 E7.38798
G1 X96.447 Y101.426 E7.47916
G1 X97.5 Y100.424 E7.54907
G1 X93.672 Y101.45 E7.73968
G1 X92.405 Y102.655 E7.82378
G1 X91.465 Y106.163 E7.99846
G1 X92.254 Y105.413 E8.05082
G1 X90.914 Y104.072 E8.142
G1 X86.721 Y108.059 E8.42029
G1 X88.061 Y109.4 E8.51147
G1 X88.731 Y108.762 E8.55597
G1 X84.903 Y109.788 E8.74658
G1 X84.369 Y110.296 E8.78203
G1 X83.429 Y113.804 E8.95671
G1 X83.868 Y113.387 E8.98583
G1 X82.528 Y112.047 E9.07698
G1 X78.335 Y116.034 E9.35527
G1 X79.675 Y117.374 E9.44642
G1 X79.962 Y117.1 E9.4655
G1 X76.134 Y118.126 E9.65611
G1 X76.333 Y117.936 E9.66934
G1 X75.393 Y121.445 E9.84406
G1 X75.482 Y121.361 E9.84995
G1 X74.141 Y120.021 E9.94113
G1 X69.948 Y124.008 E10.21942
G1 X71.288 Y125.348 E10.31057
G1 X71.193 Y125.438 E10.31686
G1 X67.365 Y126.464 E10.50747
G1 X68.298 Y125.577 E10.56939
G1 X67.358 Y129.085 E10.74407
G1 X67.095 Y129.335 E10.76152
G1 X65.755 Y127.995 E10.85267
G1 X61.562 Y131.982 E11.13096
G1 X62.902 Y133.322 E11.22211
G1 X62.424 Y133.776 E11.25382
G1 X58.596 Y134.802 E11.44443
G1 X57.369 Y135.969 E11.52587
G1 X58.709 Y137.309 E11.61702
G1 X59.322 Y136.726 E11.65771
G1 X60.262 Y133.218 E11.83239
G1 X58.735 Y134.669 E11.9337
G1 E9.9337 F2400
G92 E0
G1 X58.735 Y134.669 F7800
G1 X52.963 Y142.772
G1 E2 F2400
G1 F4800
G1 X51.286 Y144.367 E2.11131
G1 X52.226 Y140.858 E2.28603
G1 X53.176 Y139.956 E2.34904
G1 X54.516 Y141.296 E2.44019
G1 X53.655 Y142.114 E2.49731
G1 X49.827 Y143.14 E2.68792
G1 X48.982 Y143.943 E2.74399
G1 X50.323 Y145.283 E2.83517
G1 X48.646 Y146.878 E2.94648
G1 E.94648 F2400
G92 E0
G1 X48.646 Y146.878 F7800
G1 X44.747 Y150.585
G1 E2 F2400
G1 F4800
G1 X43.251 Y152.007 E2.09927
G1 X44.191 Y148.499 E2.27395
G1 X44.789 Y147.93 E2.31365
G1 X46.129 Y149.27 E2.4048
G1 X44.886 Y150.452 E2.4873
G1 X41.058 Y151.478 E2.67791
G1 X40.596 Y151.917 E2.70856
G1 X41.936 Y153.257 E2.79971
G1 X37.743 Y157.244 E3.078
G1 X36.403 Y155.904 E3.16915
G1 X36.155 Y156.14 E3.18562
G1 X35.215 Y159.648 E3.3603
G1 X36.117 Y158.79 E3.42018
G1 X32.289 Y159.816 E3.61079
G1 X32.21 Y159.891 E3.61603
G1 X33.55 Y161.231 E3.70718
G1 X29.357 Y165.219 E3.9855
G1 X28.017 Y163.878 E4.07668
G1 X28.12 Y163.781 E4.08348
G1 X27.179 Y167.289 E4.25817
G1 X27.348 Y167.128 E4.2694
G1 X23.52 Y168.154 E4.46001
G1 X23.823 Y167.865 E4.48015
G1 X25.164 Y169.206 E4.57136
G1 X20.97 Y173.193 E4.84968
G1 X19.63 Y171.852 E4.94086
G1 X20.084 Y171.421 E4.97097
G1 X19.144 Y174.93 E5.14569
G1 X18.579 Y175.466 E5.18315
G1 X14.751 Y176.492 E5.37376
G1 X15.437 Y175.84 E5.41928
G1 X16.777 Y177.18 E5.51043
G1 X12.584 Y181.167 E5.78872
G1 X11.244 Y179.827 E5.87987
G1 X12.048 Y179.062 E5.93325
G1 X11.108 Y182.57 E6.10793
G1 X10.968 Y182.703 E6.11722
G1 X9.663 Y181.33 E6.20833
G1 X9.826 Y181.174 E6.21918
G1 E4.21918 F2400
G92 E0
G1 X9.826 Y181.174 F7800
G92 E0
G1 X195.669 Y22.659
G1 E2 F2400
;TYPE:Perimeter
;WIDTH:0.45
G1 F3600
G1 X15.94 Y193.554 E13.92829
G1 X14.235 Y191.762 E14.04726
G1 X193.965 Y20.867 E25.97558
G1 X194.817 Y21.763 E26.03505
G1 X195.627 Y22.615 E26.09159
G1 X195.627 Y22.615 F7800
G1 X196.214 Y22.673
G1 F3600
G1 X15.926 Y194.099 E38.05696
G1 X13.69 Y191.748 E38.21301
G1 X193.978 Y20.321 E50.17841
G1 X195.096 Y21.497 E50.25645
G1 X196.173 Y22.629 E50.3316
G1 X196.173 Y22.629 F7800
G1 X196.759 Y22.686
;TYPE:External perimeter
G1 F1800
G1 X15.912 Y194.645 E62.33412
G1 X13.145 Y191.734 E62.52729
G1 X193.992 Y19.776 E74.52978
G1 X195.376 Y21.231 E74.62636
G1 X196.718 Y22.643 E74.72005
G1 X196.472 Y22.958 F7800
G1 X195.096 Y22.804
;TYPE:Internal infill
;WIDTH:0.45
G1 F4800
G1 X195.26 Y22.649 E74.7309
G1 X193.954 Y21.276 E74.82204
G1 X193.814 Y21.409 E74.83133
G1 X192.874 Y24.917 E75.00601
G1 X193.679 Y24.152 E75.05942
G1 X192.338 Y22.812 E75.1506
G1 X188.145 Y26.799 E75.42889
G1 X189.485 Y28.139 E75.52004
G1 X190.172 Y27.487 E75.56559
G1 X186.343 Y28.513 E75.75625
G1 X185.779 Y29.049 E75.79367
G1 X184.839 Y32.558 E75.96839
G1 X185.292 Y32.126 E75.9985
G1 X183.952 Y30.786 E76.08965
G1 X179.759 Y34.773 E76.36794
G1 X181.099 Y36.113 E76.45909
G1 X181.403 Y35.825 E76.47923
G1 X177.574 Y36.851 E76.66989
G1 X177.743 Y36.69 E76.68112
G1 X176.803 Y40.198 E76.8558
G1 X176.906 Y40.1 E76.86264
G1 X175.566 Y38.76 E76.95379
G1 X171.373 Y42.747 E77.23208
G1 X172.713 Y44.087 E77.32323
G1 X172.634 Y44.163 E77.3285
G1 X168.805 Y45.188 E77.51915
G1 X169.707 Y44.331 E77.57899
G1 X168.767 Y47.839 E77.75367
G1 X168.52 Y48.075 E77.7701
G1 X167.179 Y46.734 E77.86131
G1 X162.986 Y50.721 E78.1396
G1 X164.326 Y52.062 E78.23078
G1 X163.865 Y52.501 E78.2614
G1 X160.036 Y53.526 E78.45205
G1 X158.793 Y54.708 E78.53455
G1 X160.133 Y56.049 E78.62573
G1 X160.732 Y55.48 E78.66547
G1 X161.672 Y51.971 E78.84019
G1 X160.176 Y53.394 E78.93949
G1 E76.93949 F2400
G92 E0
G1 X160.176 Y53.394 F7800
G1 X156.277 Y57.101
G1 E2 F2400
G1 F4800
G1 X154.6 Y58.696 E2.11131
G1 X155.94 Y60.036 E2.20246
G1 X155.096 Y60.839 E2.25849
G1 X151.267 Y61.864 E2.44914
G1 X150.407 Y62.683 E2.50626
G1 X151.747 Y64.023 E2.59741
G1 X152.696 Y63.12 E2.66041
G1 X153.636 Y59.612 E2.83509
G1 X151.959 Y61.206 E2.94637
G1 E.94637 F2400
G92 E0
G1 X151.959 Y61.206 F7800
G1 X146.187 Y69.309
G1 E2 F2400
G1 F4800
G1 X144.66 Y70.761 E2.10135
G1 X145.6 Y67.253 E2.27603
G1 X146.214 Y66.67 E2.31675
G1 X147.554 Y68.01 E2.4079
G1 X146.327 Y69.177 E2.48934
G1 X142.498 Y70.202 E2.67999
G1 X142.02 Y70.657 E2.71173
G1 X143.361 Y71.997 E2.80291
G1 X139.167 Y75.984 E3.08123
G1 X137.827 Y74.644 E3.17238
G1 X137.565 Y74.893 E3.18976
G1 X136.625 Y78.402 E3.36448
G1 X137.558 Y77.515 E3.4264
G1 X133.729 Y78.54 E3.61705
G1 X133.634 Y78.631 E3.62338
G1 X134.974 Y79.971 E3.71453
G1 X130.781 Y83.958 E3.99282
G1 X129.441 Y82.618 E4.08397
G1 X129.529 Y82.534 E4.08982
G1 X128.589 Y86.042 E4.2645
G1 X128.789 Y85.853 E4.27773
G1 X124.96 Y86.878 E4.46838
G1 X125.248 Y86.605 E4.48747
G1 X126.588 Y87.945 E4.57862
G1 X122.395 Y91.932 E4.85691
G1 X121.055 Y90.592 E4.94806
G1 X121.493 Y90.175 E4.97715
G1 X120.553 Y93.683 E5.15183
G1 X120.02 Y94.191 E5.18724
G1 X116.191 Y95.216 E5.37789
G1 X116.861 Y94.579 E5.42235
G1 X118.202 Y95.919 E5.51353
G1 X114.008 Y99.906 E5.79185
G1 X112.668 Y98.566 E5.883
G1 X113.458 Y97.816 E5.93539
G1 X112.518 Y101.324 E6.11007
G1 X111.251 Y102.528 E6.19413
G1 X107.422 Y103.554 E6.38479
G1 X108.475 Y102.553 E6.45467
G1 X109.815 Y103.893 E6.54582
G1 X105.622 Y107.88 E6.82411
G1 X104.282 Y106.54 E6.91526
G1 X105.422 Y105.456 E6.99092
G1 X104.482 Y108.965 E7.16564
G1 X102.805 Y110.559 E7.27692
G1 X102.805 Y110.559 F7800
G1 X101.766 Y108.933
G1 F4800
G1 X100.089 Y110.527 E7.3882
G1 X101.429 Y111.868 E7.47938
G1 X102.482 Y110.866 E7.54929
G1 X98.653 Y111.892 E7.73995
G1 X97.386 Y113.097 E7.82405
G1 X96.446 Y116.605 E7.99873
G1 X97.236 Y115.855 E8.05112
G1 X95.896 Y114.514 E8.1423
G1 X91.703 Y118.502 E8.42062
G1 X93.043 Y119.842 E8.51177
G1 X93.713 Y119.204 E8.55627
G1 X89.884 Y120.23 E8.74693
G1 X89.351 Y120.738 E8.78234
G1 X88.411 Y124.246 E8.95702
G1 X88.85 Y123.829 E8.98614
G1 X87.509 Y122.489 E9.07732
G1 X83.316 Y126.476 E9.35561
G1 X84.656 Y127.816 E9.44676
G1 X84.944 Y127.542 E9.46588
G1 X81.115 Y128.568 E9.65654
G1 X81.315 Y128.378 E9.66981
G1 X80.375 Y131.887 E9.84453
G1 X80.463 Y131.803 E9.85038
G1 X79.123 Y130.463 E9.94153
G1 X74.93 Y134.45 E10.21982
G1 X76.27 Y135.79 E10.31097
G1 X76.175 Y135.88 E10.31726
G1 X72.346 Y136.906 E10.50792
G1 X73.279 Y136.019 E10.56984
G1 X72.339 Y139.527 E10.74452
G1 X72.077 Y139.777 E10.76194
G1 X70.737 Y138.437 E10.85309
G1 X66.544 Y142.424 E11.13138
G1 X67.884 Y143.764 E11.22253
G1 X67.406 Y144.218 E11.25424
G1 X63.577 Y145.244 E11.4449
G1 X62.35 Y146.411 E11.52634
G1 X63.691 Y147.751 E11.61752
G1 X64.304 Y147.168 E11.65821
G1 X65.244 Y143.66 E11.83289
G1 X63.717 Y145.111 E11.9342
G1 E9.9342 F2400
G92 E0
G1 X63.717 Y145.111 F7800
G1 X57.945 Y153.214
G1 E2 F2400
G1 F4800
G1 X56.268 Y154.809 E2.11131
G1 X57.208 Y151.3 E2.28603
G1 X58.157 Y150.398 E2.349
G1 X59.497 Y151.738 E2.44015
G1 X58.637 Y152.556 E2.49724
G1 X54.808 Y153.582 E2.6879
G1 X53.964 Y154.385 E2.74393
G1 X55.304 Y155.725 E2.83508
G1 X53.628 Y157.32 E2.94636
G1 E.94636 F2400
G92 E0
G1 X53.628 Y157.32 F7800
G1 X49.728 Y161.027
G1 E2 F2400
G1 F4800
G1 X48.232 Y162.449 E2.09927
G1 X49.172 Y158.941 E2.27395
G1 X49.771 Y158.372 E2.31369
G1 X51.111 Y159.712 E2.40484
G1 X49.868 Y160.894 E2.48734
G1 X46.039 Y161.92 E2.678
G1 X45.578 Y162.359 E2.70862
G1 X46.918 Y163.699 E2.79977
G1 X42.725 Y167.686 E3.07806
G1 X41.385 Y166.346 E3.16921
G1 X41.137 Y166.582 E3.18568
G1 X40.197 Y170.09 E3.36036
G1 X41.099 Y169.232 E3.42024
G1 X37.27 Y170.258 E3.6109
G1 X37.191 Y170.333 E3.61614
G1 X38.532 Y171.674 E3.70735
G1 X34.338 Y175.661 E3.98567
G1 X32.998 Y174.32 E4.07685
G1 X33.101 Y174.223 E4.08365
G1 X32.161 Y177.731 E4.25833
G1 X32.33 Y177.57 E4.26956
G1 X28.502 Y178.596 E4.46017
G1 X28.805 Y178.307 E4.48031
G1 X30.145 Y179.648 E4.57149
G1 X25.952 Y183.635 E4.84978
G1 X24.612 Y182.295 E4.94093
G1 X25.066 Y181.863 E4.97107
G1 X24.125 Y185.372 E5.1458
G1 X23.561 Y185.908 E5.18322
G1 X19.733 Y186.934 E5.37383
G1 X20.419 Y186.282 E5.41935
G1 X21.759 Y187.622 E5.5105
G1 X17.566 Y191.609 E5.78879
G1 X16.226 Y190.269 E5.87994
G1 X17.03 Y189.504 E5.93332
G1 X16.09 Y193.012 E6.108
G1 X15.95 Y193.145 E6.11729
G1 X14.644 Y191.772 E6.20843
G1 X14.808 Y191.616 E6.21932
G1 E4.21932 F2400
G92 E0
G1 X14.808 Y191.616 F7800
G92 E0
G1 X203.215 Y30.662
G1 E2 F2400
;TYPE:Perimeter
;WIDTH:0.45
G1 F3600
G1 X23.486 Y201.558 E13.92832
G1 X21.782 Y199.765 E14.04729
G1 X201.511 Y28.87 E25.97558
G1 X202.363 Y29.766 E26.03505
G1 X203.174 Y30.619 E26.09166
G1 X203.174 Y30.619 F7800
G1 X203.76 Y30.676
G1 F3600
G1 X23.472 Y202.103 E38.05706
G1 X21.237 Y199.752 E38.21308
G1 X201.525 Y28.325 E50.17848
G1 X202.642 Y29.5 E50.25645
G1 X203.719 Y30.632 E50.3316
G1 X203.719 Y30.632 F7800
G1 X204.305 Y30.69
;TYPE:External perimeter
G1 F1800
G1 X23.459 Y202.648 E62.33405
G1 X20.692 Y199.738 E62.52718
G1 X201.538 Y27.78 E74.52963
G1 X202.922 Y29.235 E74.62621
G1 X204.264 Y30.646 E74.71987
G1 X204.018 Y30.962 F7800
G1 X202.642 Y30.808
;TYPE:Internal infill
;WIDTH:0.45
G1 F4800
G1 X202.806 Y30.652 E74.73076
G1 X201.501 Y29.279 E74.82187
G1 X201.361 Y29.412 E74.83116
G1 X200.421 Y32.92 E75.00584
G1 X201.225 Y32.155 E75.05922
G1 X199.885 Y30.815 E75.15037
G1 X195.692 Y34.802 E75.42866
G1 X197.032 Y36.143 E75.51984
G1 X197.718 Y35.49 E75.56539
G1 X193.89 Y36.516 E75.756
G1 X193.325 Y37.053 E75.79349
G1 X192.385 Y40.561 E75.96817
G1 X192.839 Y40.13 E75.99828
G1 X191.498 Y38.789 E76.08949
G1 X187.305 Y42.777 E76.36781
G1 X188.645 Y44.117 E76.45896
G1 X188.949 Y43.828 E76.47913
G1 X185.121 Y44.854 E76.66974
G1 X185.289 Y44.693 E76.68093
G1 X184.349 Y48.202 E76.85565
G1 X184.452 Y48.104 E76.86249
G1 X183.112 Y46.764 E76.95364
G1 X178.919 Y50.751 E77.23193
G1 X180.259 Y52.091 E77.32308
G1 X180.18 Y52.166 E77.32832
G1 X176.352 Y53.192 E77.51893
G1 X177.254 Y52.334 E77.57881
G1 X176.314 Y55.842 E77.75349
G1 X176.066 Y56.078 E77.76996
G1 X174.726 Y54.738 E77.86111
G1 X170.533 Y58.725 E78.1394
G1 X171.873 Y60.065 E78.23055
G1 X171.411 Y60.504 E78.2612
G1 X167.583 Y61.53 E78.45181
G1 X166.339 Y62.712 E78.53434
G1 X167.68 Y64.052 E78.62552
G1 X168.278 Y63.483 E78.66522
G1 X169.218 Y59.975 E78.8399
G1 X167.722 Y61.397 E78.93917
G1 E76.93917 F2400
G92 E0
G1 X167.722 Y61.397 F7800
G1 X163.823 Y65.105
G1 E2 F2400
G1 F4800
G1 X162.146 Y66.699 E2.11128
G1 X163.487 Y68.039 E2.20246
G1 X162.642 Y68.842 E2.25853
G1 X158.814 Y69.868 E2.44914
G1 X157.953 Y70.686 E2.50626
G1 X159.293 Y72.026 E2.59741
G1 X160.242 Y71.124 E2.66038
G1 X161.182 Y67.615 E2.8351
G1 X159.506 Y69.21 E2.94638
G1 E.94638 F2400
G92 E0
G1 X159.506 Y69.21 F7800
G1 X153.733 Y77.313
G1 E2 F2400
G1 F4800
G1 X152.207 Y78.764 E2.10128
G1 X153.147 Y75.256 E2.27596
G1 X153.76 Y74.673 E2.31665
G1 X155.1 Y76.013 E2.4078
G1 X153.873 Y77.18 E2.48924
G1 X150.045 Y78.206 E2.67985
G1 X149.567 Y78.66 E2.71156
G1 X150.907 Y80 E2.80271
G1 X146.714 Y83.987 E3.081
G1 X145.374 Y82.647 E3.17215
G1 X145.111 Y82.897 E3.1896
G1 X144.171 Y86.405 E3.36428
G1 X145.104 Y85.518 E3.4262
G1 X141.276 Y86.544 E3.61681
G1 X141.181 Y86.634 E3.6231
G1 X142.521 Y87.974 E3.71425
G1 X138.328 Y91.961 E3.99254
G1 X136.987 Y90.621 E4.08372
G1 X137.076 Y90.537 E4.08961
G1 X136.135 Y94.046 E4.26434
G1 X136.335 Y93.856 E4.27761
G1 X132.507 Y94.882 E4.46822
G1 X132.794 Y94.608 E4.4873
G1 X134.134 Y95.949 E4.57848
G1 X129.941 Y99.936 E4.85677
G1 X128.601 Y98.595 E4.94795
G1 X129.04 Y98.178 E4.97707
G1 X128.1 Y101.687 E5.15179
G1 X127.566 Y102.194 E5.18721
G1 X123.738 Y103.22 E5.37782
G1 X124.408 Y102.582 E5.42232
G1 X125.748 Y103.923 E5.5135
G1 X121.555 Y107.91 E5.79179
G1 X120.215 Y106.57 E5.88294
G1 X121.004 Y105.819 E5.93533
G1 X120.064 Y109.327 E6.11001
G1 X118.797 Y110.532 E6.19411
G1 X114.969 Y111.558 E6.38472
G1 X116.022 Y110.557 E6.4546
G1 X117.362 Y111.897 E6.54575
G1 X113.169 Y115.884 E6.82404
G1 X111.828 Y114.544 E6.91522
G1 X112.969 Y113.46 E6.99092
G1 X112.028 Y116.968 E7.16561
G1 X110.352 Y118.562 E7.27686
G1 X110.352 Y118.562 F7800
G1 X109.312 Y116.936
G1 F4800
G1 X107.635 Y118.531 E7.38817
G1 X108.975 Y119.871 E7.47932
G1 X110.028 Y118.87 E7.5492
G1 X106.2 Y119.896 E7.73981
G1 X104.933 Y121.1 E7.82387
G1 X103.993 Y124.609 E7.99859
G1 X104.782 Y123.858 E8.05098
G1 X103.442 Y122.518 E8.14213
G1 X99.249 Y126.505 E8.42042
G1 X100.589 Y127.845 E8.51157
G1 X101.259 Y127.208 E8.55603
G1 X97.431 Y128.234 E8.74664
G1 X96.897 Y128.741 E8.78206
G1 X95.957 Y132.249 E8.95674
G1 X96.396 Y131.832 E8.98586
G1 X95.056 Y130.492 E9.07701
G1 X90.863 Y134.479 E9.3553
G1 X92.203 Y135.819 E9.44645
G1 X92.49 Y135.546 E9.4655
G1 X88.662 Y136.572 E9.65611
G1 X88.862 Y136.382 E9.66938
G1 X87.921 Y139.89 E9.84407
G1 X88.01 Y139.806 E9.84996
G1 X86.669 Y138.466 E9.94114
G1 X82.476 Y142.453 E10.21943
G1 X83.816 Y143.793 E10.31058
G1 X83.721 Y143.884 E10.31691
G1 X79.893 Y144.91 E10.50752
G1 X80.826 Y144.022 E10.56947
G1 X79.886 Y147.531 E10.74419
G1 X79.623 Y147.78 E10.76161
G1 X78.283 Y146.44 E10.85276
G1 X74.09 Y150.427 E11.13105
G1 X75.43 Y151.767 E11.2222
G1 X74.952 Y152.222 E11.25394
G1 X71.124 Y153.248 E11.44455
G1 X69.897 Y154.414 E11.52596
G1 X71.237 Y155.754 E11.61711
G1 X71.85 Y155.171 E11.6578
G1 X72.79 Y151.663 E11.83248
G1 X71.264 Y153.115 E11.93379
G1 E9.93379 F2400
G92 E0
G1 X71.264 Y153.115 F7800
G1 X65.491 Y161.218
G1 E2 F2400
G1 F4800
G1 X63.815 Y162.812 E2.11125
G1 X64.755 Y159.304 E2.28593
G1 X65.704 Y158.401 E2.34893
G1 X67.044 Y159.742 E2.44011
G1 X66.183 Y160.56 E2.49723
G1 X62.355 Y161.586 E2.68784
G1 X61.51 Y162.388 E2.74387
G1 X62.851 Y163.729 E2.83508
G1 X61.174 Y165.323 E2.94636
G1 E.94636 F2400
G92 E0
G1 X57.275 Y169.031 F7800
G1 E2 F2400
G1 F4800
G1 X55.779 Y170.453 E2.09927
G1 X56.719 Y166.944 E2.27399
G1 X57.317 Y166.375 E2.31369
G1 X58.658 Y167.716 E2.4049
G1 X57.414 Y168.898 E2.48743
G1 X53.586 Y169.924 E2.67804
G1 X53.124 Y170.363 E2.70869
G1 X54.464 Y171.703 E2.79984
G1 X50.271 Y175.69 E3.07813
G1 X48.931 Y174.35 E3.16928
G1 X48.683 Y174.585 E3.18571
G1 X47.743 Y178.094 E3.36043
G1 X48.645 Y177.236 E3.42031
G1 X44.817 Y178.261 E3.61091
G1 X44.738 Y178.337 E3.61618
G1 X46.078 Y179.677 E3.70733
G1 X41.885 Y183.664 E3.98562
G1 X40.545 Y182.324 E4.07677
G1 X40.648 Y182.226 E4.08361
G1 X39.708 Y185.734 E4.25829
G1 X39.876 Y185.574 E4.26945
G1 X36.048 Y186.599 E4.46005
G1 X36.352 Y186.311 E4.48019
G1 X37.692 Y187.651 E4.57134
G1 X33.499 Y191.638 E4.84963
G1 X32.158 Y190.298 E4.94081
G1 X32.612 Y189.867 E4.97092
G1 X31.672 Y193.375 E5.1456
G1 X31.107 Y193.912 E5.18309
G1 X27.279 Y194.937 E5.37369
G1 X27.965 Y194.285 E5.41921
G1 X29.305 Y195.625 E5.51036
G1 X25.112 Y199.612 E5.78865
G1 X23.772 Y198.272 E5.8798
G1 X24.576 Y197.507 E5.93318
G1 X23.636 Y201.016 E6.1079
G1 X23.496 Y201.149 E6.11719
G1 X22.191 Y199.776 E6.2083
G1 X22.355 Y199.62 E6.21919
G1 E4.21919 F2400
G92 E0
G1 X22.355 Y199.62 F7800
G92 E0
G1 X210.746 Y38.68
G1 E2 F2400
;TYPE:Perimeter
;WIDTH:0.45
G1 F3600
G1 X31.017 Y209.575 E13.92829
G1 X29.313 Y207.783 E14.04722
G1 X209.042 Y36.888 E25.97551
G1 X209.894 Y37.784 E26.03498
G1 X210.705 Y38.637 E26.09159
G1 X210.705 Y38.637 F7800
G1 X211.291 Y38.694
G1 F3600
G1 X31.003 Y210.121 E38.05699
G1 X28.768 Y207.769 E38.21304
G1 X209.056 Y36.343 E50.17841
G1 X210.174 Y37.518 E50.25642
G1 X211.25 Y38.65 E50.33154
G1 X211.25 Y38.65 F7800
G1 X211.837 Y38.708
;TYPE:External perimeter
G1 F1800
G1 X30.99 Y210.666 E62.33403
G1 X28.223 Y207.756 E62.52716
G1 X209.07 Y35.798 E74.52965
G1 X210.453 Y37.253 E74.6262
G1 X211.795 Y38.664 E74.71986
G1 X211.549 Y38.98 F7800
G1 X210.174 Y38.826
;TYPE:Internal infill
;WIDTH:0.45
G1 F4800
G1 X210.337 Y38.67 E74.73071
G1 X209.032 Y37.297 E74.82182
G1 X208.892 Y37.43 E74.83111
G1 X207.952 Y40.938 E75.00579
G1 X208.756 Y40.173 E75.05917
G1 X207.416 Y38.833 E75.15032
G1 X203.223 Y42.82 E75.42861
G1 X204.563 Y44.16 E75.51976
G1 X205.249 Y43.508 E75.56528
G1 X201.421 Y44.534 E75.75589
G1 X200.856 Y45.07 E75.79335
G1 X199.916 Y48.579 E75.96807
G1 X200.37 Y48.148 E75.99818
G1 X199.03 Y46.807 E76.08936
G1 X194.836 Y50.794 E76.36768
G1 X196.177 Y52.135 E76.45889
G1 X196.48 Y51.846 E76.47903
G1 X192.652 Y52.872 E76.66964
G1 X192.821 Y52.711 E76.68087
G1 X191.881 Y56.219 E76.85555
G1 X191.983 Y56.122 E76.86232
G1 X190.643 Y54.781 E76.9535
G1 X186.45 Y58.769 E77.23182
G1 X187.79 Y60.109 E77.32297
G1 X187.711 Y60.184 E77.32821
G1 X183.883 Y61.21 E77.51882
G1 X184.785 Y60.352 E77.5787
G1 X183.845 Y63.86 E77.75338
G1 X183.597 Y64.096 E77.76985
G1 X182.257 Y62.756 E77.861
G1 X178.064 Y66.743 E78.13929
G1 X179.404 Y68.083 E78.23044
G1 X178.942 Y68.522 E78.26109
G1 X175.114 Y69.548 E78.4517
G1 X173.871 Y70.73 E78.5342
G1 X175.211 Y72.07 E78.62535
G1 X175.809 Y71.501 E78.66505
G1 X176.749 Y67.993 E78.83973
G1 X175.253 Y69.415 E78.939
G1 E76.939 F2400
G92 E0
G1 X175.253 Y69.415 F7800
G1 X171.354 Y73.122
G1 E2 F2400
G1 F4800
G1 X169.677 Y74.717 E2.11131
G1 X171.018 Y76.057 E2.20249
G1 X170.173 Y76.86 E2.25856
G1 X166.345 Y77.886 E2.44917
G1 X165.484 Y78.704 E2.50629
G1 X166.824 Y80.044 E2.59744
G1 X167.774 Y79.142 E2.66045
G1 X168.714 Y75.633 E2.83517
G1 X167.037 Y77.228 E2.94648
G1 E.94648 F2400
G92 E0
G1 X167.037 Y77.228 F7800
G1 X161.265 Y85.331
G1 E2 F2400
G1 F4800
G1 X159.738 Y86.782 E2.10131
G1 X160.678 Y83.274 E2.27599
G1 X161.291 Y82.691 E2.31668
G1 X162.631 Y84.031 E2.40783
G1 X161.404 Y85.198 E2.48927
G1 X157.576 Y86.224 E2.67988
G1 X157.098 Y86.678 E2.71159
G1 X158.438 Y88.018 E2.80274
G1 X154.245 Y92.005 E3.08103
G1 X152.905 Y90.665 E3.17218
G1 X152.642 Y90.915 E3.18963
G1 X151.702 Y94.423 E3.36431
G1 X152.635 Y93.536 E3.42623
G1 X148.807 Y94.562 E3.61684
G1 X148.712 Y94.652 E3.62313
G1 X150.052 Y95.992 E3.71428
G1 X145.859 Y99.979 E3.99257
G1 X144.518 Y98.639 E4.08375
G1 X144.607 Y98.555 E4.08964
G1 X143.667 Y102.064 E4.26436
G1 X143.866 Y101.874 E4.27759
G1 X140.038 Y102.9 E4.4682
G1 X140.325 Y102.626 E4.48728
G1 X141.666 Y103.966 E4.57846
G1 X137.472 Y107.953 E4.85678
G1 X136.132 Y106.613 E4.94793
G1 X136.571 Y106.196 E4.97705
G1 X135.631 Y109.704 E5.15173
G1 X135.097 Y110.212 E5.18718
G1 X131.269 Y111.238 E5.37779
G1 X131.939 Y110.6 E5.42229
G1 X133.279 Y111.941 E5.51347
G1 X129.086 Y115.928 E5.79176
G1 X127.746 Y114.587 E5.88294
G1 X128.535 Y113.837 E5.9353
G1 X127.595 Y117.345 E6.10998
G1 X126.328 Y118.55 E6.19408
G1 X122.5 Y119.576 E6.38469
G1 X123.553 Y118.574 E6.4546
G1 X124.893 Y119.915 E6.54578
G1 X120.7 Y123.902 E6.82407
G1 X119.36 Y122.562 E6.91522
G1 X120.5 Y121.477 E6.99091
G1 X119.56 Y124.986 E7.16563
G1 X117.883 Y126.58 E7.27691
G1 X117.883 Y126.58 F7800
G1 X116.843 Y124.954
G1 F4800
G1 X115.166 Y126.549 E7.38822
G1 X116.507 Y127.889 E7.4794
G1 X117.559 Y126.888 E7.54924
G1 X113.731 Y127.914 E7.73985
G1 X112.464 Y129.118 E7.82391
G1 X111.524 Y132.627 E7.99863
G1 X112.313 Y131.876 E8.05102
G1 X110.973 Y130.536 E8.14217
G1 X106.78 Y134.523 E8.42046
G1 X108.12 Y135.863 E8.51161
G1 X108.79 Y135.226 E8.55607
G1 X104.962 Y136.252 E8.74668
G1 X104.428 Y136.759 E8.7821
G1 X103.488 Y140.267 E8.95678
G1 X103.927 Y139.85 E8.9859
G1 X102.587 Y138.51 E9.07705
G1 X98.394 Y142.497 E9.35534
G1 X99.734 Y143.837 E9.44649
G1 X100.021 Y143.564 E9.46554
G1 X96.193 Y144.59 E9.65615
G1 X96.393 Y144.4 E9.66942
G1 X95.453 Y147.908 E9.8441
G1 X95.541 Y147.824 E9.84995
G1 X94.201 Y146.484 E9.9411
G1 X90.007 Y150.471 E10.21942
G1 X91.348 Y151.811 E10.3106
G1 X91.252 Y151.902 E10.31696
G1 X87.424 Y152.927 E10.50756
G1 X88.357 Y152.04 E10.56948
G1 X87.417 Y155.549 E10.7442
G1 X87.154 Y155.798 E10.76162
G1 X85.814 Y154.458 E10.85277
G1 X81.621 Y158.445 E11.13106
G1 X82.961 Y159.785 E11.22221
G1 X82.483 Y160.24 E11.25395
G1 X78.655 Y161.265 E11.44455
G1 X77.428 Y162.432 E11.52599
G1 X78.768 Y163.772 E11.61714
G1 X79.381 Y163.189 E11.65783
G1 X80.321 Y159.681 E11.83251
G1 X78.795 Y161.133 E11.93382
G1 E9.93382 F2400
G92 E0
G1 X78.795 Y161.133 F7800
G1 X73.022 Y169.236
G1 E2 F2400
G1 F4800
G1 X71.346 Y170.83 E2.11125
G1 X72.286 Y167.322 E2.28593
G1 X73.235 Y166.419 E2.34893
G1 X74.575 Y167.759 E2.44008
G1 X73.714 Y168.578 E2.49723
G1 X69.886 Y169.603 E2.68783
G1 X69.042 Y170.406 E2.74386
G1 X70.382 Y171.746 E2.83501
G1 X68.705 Y173.341 E2.94632
G1 E.94632 F2400
G92 E0
G1 X68.705 Y173.341 F7800
G1 X64.806 Y177.048
G1 E2 F2400
G1 F4800
G1 X63.31 Y178.471 E2.0993
G1 X64.25 Y174.962 E2.27402
G1 X64.848 Y174.393 E2.31372
G1 X66.189 Y175.734 E2.40493
G1 X64.946 Y176.916 E2.48743
G1 X61.117 Y177.941 E2.67808
G1 X60.655 Y178.38 E2.70873
G1 X61.995 Y179.721 E2.79991
G1 X57.802 Y183.708 E3.0782
G1 X56.462 Y182.368 E3.16935
G1 X56.214 Y182.603 E3.18578
G1 X55.274 Y186.111 E3.36046
G1 X56.177 Y185.254 E3.42034
G1 X52.348 Y186.279 E3.61099
G1 X52.269 Y186.355 E3.61626
G1 X53.609 Y187.695 E3.70741
G1 X49.416 Y191.682 E3.9857
G1 X48.076 Y190.342 E4.07685
G1 X48.179 Y190.244 E4.08369
G1 X47.239 Y193.752 E4.25837
G1 X47.408 Y193.592 E4.26956
G1 X43.579 Y194.617 E4.46021
G1 X43.883 Y194.329 E4.48035
G1 X45.223 Y195.669 E4.5715
G1 X41.03 Y199.656 E4.84979
G1 X39.69 Y198.316 E4.94094
G1 X40.143 Y197.884 E4.97105
G1 X39.203 Y201.393 E5.14577
G1 X38.639 Y201.93 E5.18323
G1 X34.81 Y202.955 E5.37388
G1 X35.496 Y202.303 E5.4194
G1 X36.837 Y203.643 E5.51058
G1 X32.643 Y207.63 E5.7889
G1 X31.303 Y206.29 E5.88005
G1 X32.107 Y205.525 E5.93343
G1 X31.167 Y209.034 E6.10815
G1 X31.027 Y209.167 E6.11744
G1 X29.722 Y207.793 E6.20858
G1 X29.886 Y207.638 E6.21943
;LAYER_CHANGE
;Z:3.65
;HEIGHT:0.3
G1 Z3.65 F7800
G1 E4.21943 F2400
G92 E0
G1 X29.886 Y207.638 F7800
G92 E0
G1 X190.62 Y12.146
G1 E2 F2400
;TYPE:Perimeter
;WIDTH:0.45
G1 F3600
G1 X10.891 Y183.041 E13.92829
G1 X9.321 Y181.391 E14.03783
G1 X189.05 Y10.495 E25.96615
G1 X189.835 Y11.321 E26.02096
G1 X190.579 Y12.103 E26.07287
G1 X190.579 Y12.103 F7800
G1 X191.165 Y12.16
G1 F3600
G1 X10.877 Y183.587 E38.03827
G1 X8.776 Y181.377 E38.18493
G1 X189.064 Y9.95 E50.15033
G1 X190.114 Y11.055 E50.22364
G1 X191.124 Y12.116 E50.29409
G1 X191.124 Y12.116 F7800
G1 X191.71 Y12.174
;TYPE:External perimeter
G1 F1800
G1 X10.863 Y184.132 E62.29658
G1 X8.231 Y181.363 E62.48032
G1 X189.077 Y9.405 E74.48277
G1 X190.394 Y10.789 E74.57466
G1 X191.669 Y12.13 E74.66366
G1 X191.423 Y12.446 F7800
G1 X189.505 Y12.06
;TYPE:Internal infill
;WIDTH:0.45
G1 F4800
G1 X189.838 Y11.743 E74.68577
G1 X189.413 Y11.297 E74.7154
G1 X188.515 Y12.15 E74.77497
G1 X188.21 Y13.291 E74.83178
G1 X188.245 Y13.258 E74.83409
G1 X187.809 Y12.822 E74.86375
G1 X183.616 Y16.809 E75.14204
G1 X184.051 Y17.245 E75.17166
G1 X183.898 Y17.391 E75.18183
G1 X182.653 Y17.724 E75.24382
G1 X180.48 Y19.791 E75.38806
G1 X180.174 Y20.932 E75.44488
G1 X179.858 Y21.232 E75.46584
G1 X179.423 Y20.796 E75.49546
G1 X175.229 Y24.783 E75.77378
G1 X175.665 Y25.219 E75.80344
G1 X175.129 Y25.729 E75.83902
G1 X173.884 Y26.062 E75.90101
G1 X172.444 Y27.432 E75.99661
G1 X172.139 Y28.572 E76.05337
G1 X171.472 Y29.206 E76.09763
G1 X171.036 Y28.77 E76.12729
G1 X166.843 Y32.757 E76.40558
G1 X167.279 Y33.193 E76.43524
G1 X166.36 Y34.067 E76.49624
G1 X165.115 Y34.4 E76.55823
G1 X164.409 Y35.072 E76.60511
G1 X164.103 Y36.213 E76.66193
G1 X163.086 Y37.18 E76.72943
G1 X162.65 Y36.745 E76.75905
G1 X158.457 Y40.732 E77.03734
G1 X158.893 Y41.167 E77.06696
G1 X157.591 Y42.405 E77.15337
G1 X156.346 Y42.738 E77.21536
G1 X156.067 Y43.854 E77.27069
G1 X154.699 Y45.154 E77.36146
G1 X154.264 Y44.719 E77.39105
G1 X150.07 Y48.706 E77.66937
G1 X150.506 Y49.141 E77.69899
G1 X148.822 Y50.743 E77.81078
G1 X147.577 Y51.076 E77.87277
G1 X148.337 Y50.354 E77.92319
G1 X148.032 Y51.494 E77.97995
G1 X146.313 Y53.129 E78.09405
G1 X145.877 Y52.693 E78.12371
G1 X144.201 Y54.287 E78.23496
G1 X144.201 Y54.287 F7800
G1 X143.797 Y55.521
G1 F4800
G1 X142.12 Y57.116 E78.34627
G1 X141.684 Y56.68 E78.37593
G1 X140.302 Y57.994 E78.46765
G1 X139.996 Y59.135 E78.52447
G1 X140.053 Y59.081 E78.52825
G1 X138.808 Y59.414 E78.59024
G1 X137.491 Y60.667 E78.67767
G1 X137.927 Y61.103 E78.70733
G1 X133.734 Y65.09 E78.98562
G1 X133.298 Y64.654 E79.01528
G1 X132.266 Y65.635 E79.08376
G1 X131.96 Y66.776 E79.14058
G1 X131.284 Y67.419 E79.18545
G1 X130.039 Y67.752 E79.24744
G1 X129.105 Y68.641 E79.30946
G1 X129.54 Y69.077 E79.33908
G1 X125.347 Y73.064 E79.61737
G1 X124.911 Y72.628 E79.64703
G1 X124.23 Y73.276 E79.69224
G1 X123.925 Y74.417 E79.74905
G1 X122.515 Y75.757 E79.84261
G1 X121.27 Y76.09 E79.9046
G1 X120.718 Y76.615 E79.94124
G1 X121.154 Y77.051 E79.9709
G1 X116.961 Y81.038 E80.24919
G1 X116.525 Y80.602 E80.27885
G1 X116.195 Y80.917 E80.30079
G1 X115.889 Y82.057 E80.35756
G1 X113.746 Y84.095 E80.4998
G1 X112.501 Y84.428 E80.56179
G1 X112.332 Y84.589 E80.57302
G1 X112.768 Y85.025 E80.60268
G1 X108.575 Y89.012 E80.88097
G1 X108.139 Y88.576 E80.91063
G1 X107.853 Y89.698 E80.96632
G1 X104.977 Y92.433 E81.15721
G1 X103.732 Y92.766 E81.2192
G1 X103.946 Y92.563 E81.23339
G1 X104.381 Y92.999 E81.26301
G1 X100.188 Y96.986 E81.5413
G1 X99.753 Y96.55 E81.57092
G1 X100.123 Y96.198 E81.59548
G1 X99.818 Y97.339 E81.65229
G1 X98.141 Y98.933 E81.76357
G1 X98.141 Y98.933 F7800
G1 X97.236 Y98.943
G1 F4800
G1 X95.559 Y100.538 E81.87488
G1 X95.995 Y100.973 E81.9045
G1 X96.208 Y100.771 E81.91862
G1 X94.964 Y101.104 E81.98056
G1 X92.088 Y103.839 E82.17145
G1 X91.802 Y104.96 E82.22709
G1 X91.366 Y104.525 E82.25671
G1 X87.173 Y108.512 E82.535
G1 X87.609 Y108.947 E82.56462
G1 X87.439 Y109.109 E82.57591
G1 X86.195 Y109.442 E82.63785
G1 X84.052 Y111.479 E82.78006
G1 X83.746 Y112.62 E82.83688
G1 X83.416 Y112.934 E82.85879
G1 X82.98 Y112.499 E82.88841
G1 X78.787 Y116.486 E83.1667
G1 X79.222 Y116.922 E83.19632
G1 X78.67 Y117.447 E83.23296
G1 X77.426 Y117.78 E83.2949
G1 X76.016 Y119.12 E83.38846
G1 X75.711 Y120.261 E83.44527
G1 X75.029 Y120.909 E83.49052
G1 X74.594 Y120.473 E83.52014
G1 X70.4 Y124.46 E83.79846
G1 X70.836 Y124.896 E83.82812
G1 X69.901 Y125.785 E83.89017
G1 X68.657 Y126.118 E83.95211
G1 X67.981 Y126.761 E83.99698
G1 X67.675 Y127.902 E84.0538
G1 X66.643 Y128.883 E84.12228
G1 X66.207 Y128.447 E84.15194
G1 X62.014 Y132.434 E84.43023
G1 X62.45 Y132.87 E84.45989
G1 X61.132 Y134.122 E84.54732
G1 X59.888 Y134.456 E84.60927
G1 X59.945 Y134.402 E84.61305
G1 X59.639 Y135.542 E84.66982
G1 X58.257 Y136.857 E84.76157
G1 X57.821 Y136.421 E84.79123
G1 X56.144 Y138.015 E84.90251
G1 X56.144 Y138.015 F7800
G1 X55.74 Y139.25
G1 F4800
G1 X54.064 Y140.844 E85.01376
G1 X53.628 Y140.408 E85.04342
G1 X51.909 Y142.042 E85.15749
G1 X51.604 Y143.183 E85.2143
G1 X52.363 Y142.46 E85.26472
G1 X51.119 Y142.794 E85.32667
G1 X49.435 Y144.395 E85.43843
G1 X49.87 Y144.831 E85.46805
G1 X45.677 Y148.818 E85.74634
G1 X45.241 Y148.382 E85.776
G1 X43.874 Y149.683 E85.86676
G1 X43.594 Y150.798 E85.92205
G1 X42.35 Y151.132 E85.984
G1 X41.048 Y152.369 E86.07038
G1 X41.484 Y152.805 E86.10004
G1 X37.291 Y156.792 E86.37833
G1 X36.855 Y156.356 E86.40799
G1 X35.838 Y157.324 E86.47552
G1 X35.532 Y158.464 E86.53229
G1 X34.825 Y159.136 E86.5792
G1 X33.581 Y159.47 E86.64115
G1 X32.662 Y160.344 E86.70215
G1 X33.098 Y160.779 E86.73177
G1 X28.905 Y164.766 E87.01006
G1 X28.469 Y164.331 E87.03968
G1 X27.802 Y164.964 E87.08391
G1 X27.497 Y166.105 E87.14072
G1 X26.056 Y167.474 E87.23632
G1 X24.812 Y167.808 E87.29827
G1 X24.276 Y168.318 E87.33385
G1 X24.711 Y168.753 E87.36344
G1 X20.518 Y172.74 E87.64173
G1 X20.083 Y172.305 E87.67132
G1 X19.767 Y172.605 E87.69228
G1 X19.461 Y173.746 E87.7491
G1 X17.288 Y175.812 E87.89331
G1 X16.043 Y176.146 E87.95531
G1 X15.889 Y176.292 E87.96552
G1 X16.325 Y176.727 E87.99514
G1 X12.132 Y180.715 E88.27346
G1 X11.696 Y180.279 E88.30312
G1 X11.731 Y180.246 E88.30543
G1 X11.425 Y181.386 E88.3622
G1 X10.528 Y182.24 E88.42177
G1 X10.103 Y181.793 E88.45144
G1 X10.436 Y181.477 E88.47352
G1 X10.436 Y181.477 F7800
G1 X9.84 Y181.404
;TYPE:Solid infill
;WIDTH:0.606239
G1 F1200
G1 X189.037 Y11.015 E105.1851
G1 E103.1851 F2400
G92 E0
G1 X189.037 Y11.015 F7800
G1 X10.904 Y182.522
G1 E2 F2400
;WIDTH:0.606241
G1 F1200
G1 X190.101 Y12.133 E18.71164
G1 E16.71164 F2400
G92 E0
G1 X190.101 Y12.133 F7800
G92 E0
G1 X195.602 Y22.588
G1 E2 F2400
;TYPE:Perimeter
;WIDTH:0.45
G1 F3600
G1 X15.872 Y193.484 E13.92836
G1 X14.303 Y191.833 E14.03791
G1 X194.032 Y20.937 E25.96623
G1 X194.817 Y21.763 E26.02104
G1 X195.56 Y22.545 E26.07292
G1 X195.56 Y22.545 F7800
G1 X196.147 Y22.602
G1 F3600
G1 X15.859 Y194.029 E38.03832
G1 X13.757 Y191.819 E38.18501
G1 X194.045 Y20.392 E50.15041
G1 X195.096 Y21.497 E50.22376
G1 X196.105 Y22.559 E50.29422
G1 X196.105 Y22.559 F7800
G1 X196.692 Y22.616
;TYPE:External perimeter
G1 F1800
G1 X15.845 Y194.574 E62.29671
G1 X13.212 Y191.805 E62.48049
G1 X194.059 Y19.847 E74.48298
G1 X195.376 Y21.231 E74.57487
G1 X196.651 Y22.572 E74.66387
G1 X196.405 Y22.888 F7800
G1 X194.487 Y22.502
;TYPE:Internal infill
;WIDTH:0.45
G1 F4800
G1 X194.819 Y22.185 E74.68595
G1 X194.395 Y21.739 E74.71555
G1 X193.497 Y22.592 E74.77512
G1 X193.191 Y23.733 E74.83194
G1 X193.226 Y23.7 E74.83425
G1 X192.791 Y23.264 E74.86387
G1 X188.597 Y27.251 E75.14219
G1 X189.033 Y27.687 E75.17185
G1 X188.88 Y27.833 E75.18202
G1 X187.635 Y28.166 E75.24401
G1 X185.461 Y30.233 E75.38829
G1 X185.156 Y31.374 E75.4451
G1 X184.84 Y31.674 E75.46606
G1 X184.404 Y31.238 E75.49572
G1 X180.211 Y35.225 E75.77401
G1 X180.647 Y35.661 E75.80367
G1 X180.111 Y36.171 E75.83925
G1 X178.866 Y36.504 E75.90124
G1 X177.426 Y37.874 E75.99684
G1 X177.12 Y39.014 E76.05361
G1 X176.454 Y39.648 E76.09784
G1 X176.018 Y39.212 E76.1275
G1 X171.825 Y43.2 E76.40582
G1 X172.26 Y43.635 E76.43541
G1 X171.342 Y44.509 E76.49637
G1 X170.097 Y44.842 E76.55836
G1 X169.39 Y45.514 E76.60527
G1 X169.085 Y46.655 E76.66208
G1 X168.067 Y47.622 E76.72961
G1 X167.632 Y47.187 E76.7592
G1 X163.438 Y51.174 E77.03752
G1 X163.874 Y51.609 E77.06714
G1 X162.573 Y52.847 E77.15352
G1 X161.328 Y53.18 E77.21551
G1 X161.049 Y54.296 E77.27084
G1 X159.681 Y55.596 E77.36161
G1 X159.245 Y55.161 E77.39123
G1 X155.052 Y59.148 E77.66952
G1 X155.488 Y59.584 E77.69918
G1 X153.804 Y61.185 E77.81094
G1 X152.559 Y61.518 E77.87293
G1 X153.319 Y60.796 E77.92335
G1 X153.013 Y61.937 E77.98017
G1 X151.295 Y63.571 E78.09421
G1 X150.859 Y63.135 E78.12387
G1 X149.182 Y64.729 E78.23515
G1 X149.182 Y64.729 F7800
G1 X148.778 Y65.963
G1 F4800
G1 X147.102 Y67.558 E78.34643
G1 X146.666 Y67.122 E78.37609
G1 X145.283 Y68.437 E78.46788
G1 X144.978 Y69.577 E78.52464
G1 X145.035 Y69.523 E78.52842
G1 X143.79 Y69.856 E78.59041
G1 X142.473 Y71.109 E78.67784
G1 X142.908 Y71.545 E78.70746
G1 X138.715 Y75.532 E78.98575
G1 X138.279 Y75.096 E79.01541
G1 X137.248 Y76.077 E79.08386
G1 X136.942 Y77.218 E79.14068
G1 X136.266 Y77.861 E79.18555
G1 X135.021 Y78.194 E79.24754
G1 X134.086 Y79.083 E79.30959
G1 X134.522 Y79.519 E79.33925
G1 X130.329 Y83.506 E79.61754
G1 X129.893 Y83.07 E79.6472
G1 X129.212 Y83.718 E79.69241
G1 X128.906 Y84.859 E79.74923
G1 X127.497 Y86.199 E79.84275
G1 X126.252 Y86.532 E79.90474
G1 X125.7 Y87.057 E79.94138
G1 X126.136 Y87.493 E79.97104
G1 X121.943 Y91.48 E80.24933
G1 X121.507 Y91.044 E80.27899
G1 X121.176 Y91.359 E80.30097
G1 X120.871 Y92.499 E80.35773
G1 X118.728 Y94.537 E80.49997
G1 X117.483 Y94.87 E80.56196
G1 X117.314 Y95.031 E80.57319
G1 X117.749 Y95.467 E80.60281
G1 X113.556 Y99.454 E80.8811
G1 X113.121 Y99.018 E80.91072
G1 X112.835 Y100.14 E80.96641
G1 X109.959 Y102.875 E81.1573
G1 X108.714 Y103.208 E81.21929
G1 X108.927 Y103.005 E81.23344
G1 X109.363 Y103.441 E81.2631
G1 X105.17 Y107.428 E81.54139
G1 X104.734 Y106.993 E81.57101
G1 X105.105 Y106.64 E81.59564
G1 X104.799 Y107.781 E81.65246
G1 X103.123 Y109.375 E81.76371
G1 X103.123 Y109.375 F7800
G1 X102.218 Y109.385
G1 F4800
G1 X100.541 Y110.98 E81.87502
G1 X100.977 Y111.415 E81.90464
G1 X101.19 Y111.213 E81.91876
G1 X99.945 Y111.546 E81.98075
G1 X97.069 Y114.281 E82.17164
G1 X96.784 Y115.402 E82.22727
G1 X96.348 Y114.967 E82.25689
G1 X92.155 Y118.954 E82.53518
G1 X92.59 Y119.389 E82.56477
G1 X92.421 Y119.551 E82.57603
G1 X91.176 Y119.884 E82.63802
G1 X89.034 Y121.921 E82.78019
G1 X88.728 Y123.062 E82.83701
G1 X88.397 Y123.377 E82.85899
G1 X87.962 Y122.941 E82.88861
G1 X83.768 Y126.928 E83.16693
G1 X84.204 Y127.364 E83.19659
G1 X83.652 Y127.889 E83.23323
G1 X82.407 Y128.222 E83.29522
G1 X80.998 Y129.562 E83.38874
G1 X80.692 Y130.703 E83.44556
G1 X80.011 Y131.351 E83.49077
G1 X79.575 Y130.915 E83.52043
G1 X75.382 Y134.902 E83.79872
G1 X75.818 Y135.338 E83.82838
G1 X74.883 Y136.227 E83.89043
G1 X73.638 Y136.56 E83.95242
G1 X72.962 Y137.203 E83.99729
G1 X72.657 Y138.344 E84.0541
G1 X71.625 Y139.325 E84.12258
G1 X71.189 Y138.889 E84.15224
G1 X66.996 Y142.876 E84.43053
G1 X67.432 Y143.312 E84.46019
G1 X66.114 Y144.565 E84.54766
G1 X64.869 Y144.898 E84.60965
G1 X64.927 Y144.844 E84.61346
G1 X64.621 Y145.984 E84.67023
G1 X63.238 Y147.299 E84.76202
G1 X62.803 Y146.863 E84.79164
G1 X61.126 Y148.457 E84.90292
G1 X61.126 Y148.457 F7800
G1 X60.722 Y149.692
G1 F4800
G1 X59.045 Y151.286 E85.0142
G1 X58.609 Y150.85 E85.04386
G1 X56.891 Y152.484 E85.1579
G1 X56.585 Y153.625 E85.21472
G1 X57.345 Y152.903 E85.26514
G1 X56.1 Y153.236 E85.32713
G1 X54.416 Y154.837 E85.43889
G1 X54.852 Y155.273 E85.46855
G1 X50.659 Y159.26 E85.74684
G1 X50.223 Y158.824 E85.7765
G1 X48.855 Y160.125 E85.8673
G1 X48.576 Y161.24 E85.92258
G1 X47.331 Y161.574 E85.98458
G1 X46.03 Y162.811 E86.07092
G1 X46.466 Y163.247 E86.10058
G1 X42.273 Y167.234 E86.37887
G1 X41.837 Y166.798 E86.40853
G1 X40.82 Y167.766 E86.47606
G1 X40.514 Y168.906 E86.53283
G1 X39.807 Y169.578 E86.57974
G1 X38.562 Y169.912 E86.64174
G1 X37.644 Y170.786 E86.7027
G1 X38.079 Y171.221 E86.73229
G1 X33.886 Y175.208 E87.01058
G1 X33.45 Y174.773 E87.0402
G1 X32.784 Y175.406 E87.08439
G1 X32.478 Y176.547 E87.14121
G1 X31.038 Y177.916 E87.23677
G1 X29.793 Y178.25 E87.29877
G1 X29.257 Y178.76 E87.33435
G1 X29.693 Y179.195 E87.36397
G1 X25.5 Y183.182 E87.64226
G1 X25.064 Y182.747 E87.67188
G1 X24.748 Y183.047 E87.69284
G1 X24.443 Y184.188 E87.74965
G1 X22.269 Y186.254 E87.8939
G1 X21.024 Y186.588 E87.9559
G1 X20.871 Y186.734 E87.96607
G1 X21.307 Y187.17 E87.99573
G1 X17.114 Y191.157 E88.27402
G1 X16.678 Y190.721 E88.30368
G1 X16.713 Y190.688 E88.30599
G1 X16.407 Y191.828 E88.36276
G1 X15.509 Y192.682 E88.42236
G1 X15.085 Y192.236 E88.45196
G1 X15.418 Y191.919 E88.47407
G1 X15.418 Y191.919 F7800
G1 X14.822 Y191.846
;TYPE:Solid infill
;WIDTH:0.606239
G1 F1200
G1 X194.019 Y21.457 E105.18565
G1 E103.18565 F2400
G92 E0
G1 X194.019 Y21.457 F7800
G1 X15.886 Y192.964
G1 E2 F2400
;WIDTH:0.606241
G1 F1200
G1 X195.082 Y22.575 E18.7116
G1 E16.7116 F2400
G92 E0
G1 X195.082 Y22.575 F7800
G92 E0
G1 X203.148 Y30.592
G1 E2 F2400
;TYPE:Perimeter
;WIDTH:0.45
G1 F3600
G1 X23.419 Y201.487 E13.92829
G1 X21.849 Y199.836 E14.03787
G1 X201.578 Y28.941 E25.96616
G1 X202.363 Y29.766 E26.02093
G1 X203.107 Y30.548 E26.07284
G1 X203.107 Y30.548 F7800
G1 X203.693 Y30.605
G1 F3600
G1 X23.405 Y202.032 E38.03824
G1 X21.304 Y199.822 E38.1849
G1 X201.592 Y28.395 E50.1503
G1 X202.642 Y29.5 E50.22361
G1 X203.652 Y30.562 E50.2941
G1 X203.652 Y30.562 F7800
G1 X204.238 Y30.619
;TYPE:External perimeter
G1 F1800
G1 X23.391 Y202.577 E62.29659
G1 X20.759 Y199.808 E62.48033
G1 X201.606 Y27.85 E74.48282
G1 X202.922 Y29.235 E74.57471
G1 X204.197 Y30.576 E74.66371
G1 X203.951 Y30.891 F7800
G1 X202.033 Y30.505
;TYPE:Internal infill
;WIDTH:0.45
G1 F4800
G1 X202.366 Y30.189 E74.68579
G1 X201.941 Y29.742 E74.71546
G1 X201.044 Y30.596 E74.77503
G1 X200.738 Y31.736 E74.8318
G1 X200.773 Y31.703 E74.83411
G1 X200.337 Y31.268 E74.86373
G1 X196.144 Y35.255 E75.14202
G1 X196.58 Y35.69 E75.17164
G1 X196.426 Y35.836 E75.18185
G1 X195.181 Y36.17 E75.24385
G1 X193.008 Y38.236 E75.38806
G1 X192.702 Y39.377 E75.44488
G1 X192.386 Y39.677 E75.46584
G1 X191.951 Y39.242 E75.49543
G1 X187.757 Y43.229 E75.77375
G1 X188.193 Y43.664 E75.80337
G1 X187.657 Y44.174 E75.83895
G1 X186.412 Y44.508 E75.90095
G1 X184.972 Y45.877 E75.99651
G1 X184.667 Y47.018 E76.05332
G1 X184 Y47.652 E76.09758
G1 X183.564 Y47.216 E76.12724
G1 X179.371 Y51.203 E76.40553
G1 X179.807 Y51.639 E76.43519
G1 X178.888 Y52.512 E76.49615
G1 X177.643 Y52.846 E76.55815
G1 X176.937 Y53.518 E76.60503
G1 X176.631 Y54.658 E76.6618
G1 X175.614 Y55.626 E76.72933
G1 X175.178 Y55.19 E76.75899
G1 X170.985 Y59.177 E77.03728
G1 X171.421 Y59.613 E77.06694
G1 X170.119 Y60.85 E77.15332
G1 X168.874 Y61.184 E77.21532
G1 X168.595 Y62.299 E77.2706
G1 X167.227 Y63.6 E77.3614
G1 X166.792 Y63.164 E77.39102
G1 X162.599 Y67.151 E77.66931
G1 X163.034 Y67.587 E77.69893
G1 X161.35 Y69.188 E77.81069
G1 X160.105 Y69.522 E77.87269
G1 X160.865 Y68.799 E77.92314
G1 X160.56 Y69.94 E77.97995
G1 X158.841 Y71.574 E78.09402
G1 X158.405 Y71.138 E78.12368
G1 X156.729 Y72.732 E78.23493
G1 X156.729 Y72.732 F7800
G1 X156.325 Y73.967
G1 F4800
G1 X154.648 Y75.561 E78.34621
G1 X154.212 Y75.125 E78.37587
G1 X152.83 Y76.44 E78.46762
G1 X152.524 Y77.581 E78.52444
G1 X152.581 Y77.526 E78.52825
G1 X151.337 Y77.86 E78.5902
G1 X150.019 Y79.112 E78.67763
G1 X150.455 Y79.548 E78.70729
G1 X146.262 Y83.535 E78.98558
G1 X145.826 Y83.099 E79.01524
G1 X144.794 Y84.081 E79.08376
G1 X144.488 Y85.221 E79.14053
G1 X143.812 Y85.864 E79.1854
G1 X142.568 Y86.198 E79.24735
G1 X141.633 Y87.086 E79.30937
G1 X142.068 Y87.522 E79.33899
G1 X137.875 Y91.509 E79.61728
G1 X137.44 Y91.073 E79.6469
G1 X136.758 Y91.721 E79.69215
G1 X136.453 Y92.862 E79.74896
G1 X135.043 Y94.202 E79.84252
G1 X133.799 Y94.536 E79.90447
G1 X133.246 Y95.061 E79.94114
G1 X133.682 Y95.496 E79.97076
G1 X129.489 Y99.483 E80.24905
G1 X129.053 Y99.048 E80.27867
G1 X128.723 Y99.362 E80.30058
G1 X128.417 Y100.503 E80.3574
G1 X126.274 Y102.54 E80.49961
G1 X125.03 Y102.874 E80.56156
G1 X124.86 Y103.035 E80.57282
G1 X125.296 Y103.47 E80.60244
G1 X121.103 Y107.457 E80.88073
G1 X120.667 Y107.022 E80.91035
G1 X120.381 Y108.143 E80.96599
G1 X117.505 Y110.878 E81.15688
G1 X116.261 Y111.212 E81.21883
G1 X116.474 Y111.009 E81.23298
G1 X116.91 Y111.445 E81.26264
G1 X112.716 Y115.432 E81.54096
G1 X112.281 Y114.996 E81.57058
G1 X112.651 Y114.643 E81.59518
G1 X112.346 Y115.784 E81.65199
G1 X110.669 Y117.378 E81.76327
G1 X110.669 Y117.378 F7800
G1 X109.764 Y117.389
G1 F4800
G1 X108.087 Y118.983 E81.87455
G1 X108.523 Y119.419 E81.90421
G1 X108.736 Y119.216 E81.91836
G1 X107.492 Y119.549 E81.9803
G1 X104.616 Y122.284 E82.17119
G1 X104.33 Y123.406 E82.22688
G1 X103.894 Y122.97 E82.25654
G1 X99.701 Y126.957 E82.53483
G1 X100.137 Y127.393 E82.56449
G1 X99.967 Y127.554 E82.57575
G1 X98.723 Y127.887 E82.63769
G1 X96.58 Y129.925 E82.77993
G1 X96.274 Y131.065 E82.8367
G1 X95.944 Y131.38 E82.85864
G1 X95.508 Y130.944 E82.8883
G1 X91.315 Y134.931 E83.16659
G1 X91.751 Y135.367 E83.19625
G1 X91.198 Y135.892 E83.23292
G1 X89.954 Y136.225 E83.29486
G1 X88.544 Y137.565 E83.38842
G1 X88.239 Y138.706 E83.44523
G1 X87.557 Y139.354 E83.49048
G1 X87.122 Y138.918 E83.5201
G1 X82.929 Y142.905 E83.79839
G1 X83.364 Y143.341 E83.82801
G1 X82.429 Y144.23 E83.89006
G1 X81.185 Y144.563 E83.952
G1 X80.509 Y145.206 E83.99687
G1 X80.203 Y146.347 E84.05369
G1 X79.171 Y147.328 E84.12217
G1 X78.735 Y146.892 E84.15183
G1 X74.542 Y150.879 E84.43012
G1 X74.978 Y151.315 E84.45978
G1 X73.66 Y152.568 E84.54725
G1 X72.416 Y152.901 E84.60919
G1 X72.473 Y152.847 E84.61297
G1 X72.167 Y153.988 E84.66979
G1 X70.785 Y155.302 E84.76151
G1 X70.349 Y154.867 E84.79113
G1 X68.672 Y156.461 E84.90241
G1 X68.672 Y156.461 F7800
G1 X68.268 Y157.695
G1 F4800
G1 X66.592 Y159.289 E85.01366
G1 X66.156 Y158.854 E85.04328
G1 X64.437 Y160.488 E85.15735
G1 X64.132 Y161.628 E85.21411
G1 X64.892 Y160.906 E85.26453
G1 X63.647 Y161.239 E85.32652
G1 X61.963 Y162.841 E85.43831
G1 X62.398 Y163.276 E85.4679
G1 X58.205 Y167.263 E85.74619
G1 X57.77 Y166.828 E85.77578
G1 X56.402 Y168.128 E85.86655
G1 X56.123 Y169.244 E85.92188
G1 X54.878 Y169.577 E85.98387
G1 X53.576 Y170.815 E86.07028
G1 X54.012 Y171.25 E86.0999
G1 X49.819 Y175.238 E86.37822
G1 X49.383 Y174.802 E86.40788
G1 X48.366 Y175.769 E86.47538
G1 X48.06 Y176.91 E86.5322
G1 X47.354 Y177.582 E86.57908
G1 X46.109 Y177.915 E86.64107
G1 X45.19 Y178.789 E86.70207
G1 X45.626 Y179.225 E86.73173
G1 X41.433 Y183.212 E87.01002
G1 X40.997 Y182.776 E87.03968
G1 X40.33 Y183.41 E87.08394
G1 X40.025 Y184.55 E87.1407
G1 X38.585 Y185.92 E87.2363
G1 X37.34 Y186.253 E87.29829
G1 X36.804 Y186.763 E87.33387
G1 X37.24 Y187.199 E87.36353
G1 X33.046 Y191.186 E87.64185
G1 X32.611 Y190.75 E87.67147
G1 X32.295 Y191.05 E87.69243
G1 X31.989 Y192.191 E87.74925
G1 X29.816 Y194.258 E87.89349
G1 X28.571 Y194.591 E87.95548
G1 X28.417 Y194.737 E87.96569
G1 X28.853 Y195.173 E87.99535
G1 X24.66 Y199.16 E88.27364
G1 X24.224 Y198.724 E88.3033
G1 X24.259 Y198.691 E88.30561
G1 X23.953 Y199.832 E88.36243
G1 X23.056 Y200.685 E88.42197
G1 X22.631 Y200.239 E88.4516
G1 X22.964 Y199.923 E88.47368
G1 X22.964 Y199.923 F7800
G1 X22.368 Y199.849
;TYPE:Solid infill
;WIDTH:0.606239
G1 F1200
G1 X201.565 Y29.46 E105.18526
G1 E103.18526 F2400
G92 E0
G1 X23.432 Y200.968 F7800
G1 E2 F2400
;WIDTH:0.606241
G1 F1200
G1 X202.629 Y30.579 E18.71164
G1 E16.71164 F2400
G92 E0
G1 X202.629 Y30.579 F7800
G92 E0
G1 X210.679 Y38.609
G1 E2 F2400
;TYPE:Perimeter
;WIDTH:0.45
G1 F3600
G1 X30.95 Y209.505 E13.92832
G1 X29.38 Y207.854 E14.0379
G1 X209.109 Y36.959 E25.96619
G1 X209.894 Y37.784 E26.02096
G1 X210.638 Y38.566 E26.07287
G1 X210.638 Y38.566 F7800
G1 X211.224 Y38.623
G1 F3600
G1 X30.936 Y210.05 E38.03827
G1 X28.835 Y207.84 E38.18493
G1 X209.123 Y36.413 E50.15033
G1 X210.174 Y37.518 E50.22368
G1 X211.183 Y38.58 E50.29414
G1 X211.183 Y38.58 F7800
G1 X211.769 Y38.637
;TYPE:External perimeter
G1 F1800
G1 X30.923 Y210.595 E62.29659
G1 X28.29 Y207.826 E62.48037
G1 X209.137 Y35.868 E74.48286
G1 X210.453 Y37.253 E74.57475
G1 X211.728 Y38.593 E74.66371
G1 X211.482 Y38.909 F7800
G1 X209.564 Y38.523
;TYPE:Internal infill
;WIDTH:0.45
G1 F4800
G1 X209.897 Y38.207 E74.68579
G1 X209.472 Y37.76 E74.71546
G1 X208.575 Y38.614 E74.77503
G1 X208.269 Y39.754 E74.8318
G1 X208.304 Y39.721 E74.83411
G1 X207.868 Y39.285 E74.86377
G1 X203.675 Y43.273 E75.14209
G1 X204.111 Y43.708 E75.17171
G1 X203.957 Y43.854 E75.18192
G1 X202.713 Y44.188 E75.24387
G1 X200.539 Y46.254 E75.38812
G1 X200.233 Y47.395 E75.44494
G1 X199.918 Y47.695 E75.46586
G1 X199.482 Y47.26 E75.49548
G1 X195.289 Y51.247 E75.77377
G1 X195.724 Y51.682 E75.80336
G1 X195.188 Y52.192 E75.83894
G1 X193.944 Y52.526 E75.90089
G1 X192.503 Y53.895 E75.99649
G1 X192.198 Y55.036 E76.0533
G1 X191.531 Y55.669 E76.09753
G1 X191.095 Y55.234 E76.12715
G1 X186.902 Y59.221 E76.40544
G1 X187.338 Y59.656 E76.43506
G1 X186.419 Y60.53 E76.49606
G1 X185.175 Y60.864 E76.55801
G1 X184.468 Y61.536 E76.60492
G1 X184.162 Y62.676 E76.66169
G1 X183.145 Y63.644 E76.72922
G1 X182.709 Y63.208 E76.75888
G1 X178.516 Y67.195 E77.03717
G1 X178.952 Y67.631 E77.06683
G1 X177.65 Y68.868 E77.15321
G1 X176.406 Y69.202 E77.21516
G1 X176.126 Y70.317 E77.27045
G1 X174.759 Y71.618 E77.36121
G1 X174.323 Y71.182 E77.39087
G1 X170.13 Y75.169 E77.66916
G1 X170.565 Y75.605 E77.69878
G1 X168.881 Y77.206 E77.81054
G1 X167.637 Y77.54 E77.87249
G1 X168.396 Y76.817 E77.92291
G1 X168.091 Y77.958 E77.97972
G1 X166.372 Y79.592 E78.09379
G1 X165.937 Y79.156 E78.12341
G1 X164.26 Y80.75 E78.23469
G1 X164.26 Y80.75 F7800
G1 X163.856 Y81.985
G1 F4800
G1 X162.179 Y83.579 E78.34597
G1 X161.743 Y83.143 E78.37563
G1 X160.361 Y84.458 E78.46738
G1 X160.055 Y85.598 E78.52415
G1 X160.112 Y85.544 E78.52793
G1 X158.868 Y85.878 E78.58988
G1 X157.55 Y87.13 E78.67731
G1 X157.986 Y87.566 E78.70697
G1 X153.793 Y91.553 E78.98526
G1 X153.357 Y91.117 E79.01492
G1 X152.325 Y92.098 E79.0834
G1 X152.019 Y93.239 E79.14022
G1 X151.343 Y93.882 E79.18509
G1 X150.099 Y94.215 E79.24703
G1 X149.164 Y95.104 E79.30908
G1 X149.6 Y95.54 E79.33874
G1 X145.406 Y99.527 E79.61706
G1 X144.971 Y99.091 E79.64668
G1 X144.289 Y99.739 E79.69193
G1 X143.984 Y100.88 E79.74874
G1 X142.574 Y102.22 E79.8423
G1 X141.33 Y102.553 E79.90424
G1 X140.778 Y103.078 E79.94088
G1 X141.213 Y103.514 E79.9705
G1 X137.02 Y107.501 E80.24879
G1 X136.584 Y107.066 E80.27841
G1 X136.254 Y107.38 E80.30032
G1 X135.948 Y108.521 E80.35714
G1 X133.805 Y110.558 E80.49935
G1 X132.561 Y110.891 E80.56129
G1 X132.391 Y111.053 E80.57258
G1 X132.827 Y111.488 E80.6022
G1 X128.634 Y115.475 E80.88049
G1 X128.198 Y115.04 E80.91011
G1 X127.912 Y116.161 E80.96575
G1 X125.037 Y118.896 E81.1566
G1 X123.792 Y119.229 E81.21859
G1 X124.005 Y119.027 E81.23271
G1 X124.441 Y119.462 E81.26233
G1 X120.247 Y123.45 E81.54068
G1 X119.812 Y123.014 E81.5703
G1 X120.182 Y122.661 E81.5949
G1 X119.877 Y123.802 E81.65171
G1 X118.2 Y125.396 E81.76299
G1 X118.2 Y125.396 F7800
G1 X117.295 Y125.407
G1 F4800
G1 X115.619 Y127.001 E81.87424
G1 X116.054 Y127.437 E81.90386
G1 X116.268 Y127.234 E81.91805
G1 X115.023 Y127.567 E81.98004
G1 X112.147 Y130.302 E82.17093
G1 X111.861 Y131.424 E82.22662
G1 X111.425 Y130.988 E82.25628
G1 X107.232 Y134.975 E82.53457
G1 X107.668 Y135.411 E82.56423
G1 X107.499 Y135.572 E82.57546
G1 X106.254 Y135.905 E82.63745
G1 X104.111 Y137.943 E82.77969
G1 X103.805 Y139.083 E82.83646
G1 X103.475 Y139.398 E82.8584
G1 X103.039 Y138.962 E82.88806
G1 X98.846 Y142.949 E83.16635
G1 X99.282 Y143.385 E83.19601
G1 X98.73 Y143.91 E83.23265
G1 X97.485 Y144.243 E83.29464
G1 X96.075 Y145.583 E83.3882
G1 X95.77 Y146.724 E83.44501
G1 X95.089 Y147.372 E83.49022
G1 X94.653 Y146.936 E83.51988
G1 X90.46 Y150.923 E83.79817
G1 X90.895 Y151.359 E83.82779
G1 X89.961 Y152.248 E83.88981
G1 X88.716 Y152.581 E83.9518
G1 X88.04 Y153.224 E83.99667
G1 X87.734 Y154.365 E84.05349
G1 X86.702 Y155.346 E84.12197
G1 X86.266 Y154.91 E84.15163
G1 X82.073 Y158.897 E84.42992
G1 X82.509 Y159.333 E84.45958
G1 X81.192 Y160.586 E84.54701
G1 X79.947 Y160.919 E84.609
G1 X80.004 Y160.865 E84.61278
G1 X79.699 Y162.005 E84.66954
G1 X78.316 Y163.32 E84.76133
G1 X77.88 Y162.884 E84.79099
G1 X76.203 Y164.479 E84.9023
G1 X76.203 Y164.479 F7800
G1 X75.799 Y165.713
G1 F4800
G1 X74.123 Y167.307 E85.01355
G1 X73.687 Y166.871 E85.04321
G1 X71.968 Y168.506 E85.15731
G1 X71.663 Y169.646 E85.21407
G1 X72.423 Y168.924 E85.26449
G1 X71.178 Y169.257 E85.32648
G1 X69.494 Y170.859 E85.43827
G1 X69.93 Y171.294 E85.46789
G1 X65.736 Y175.281 E85.74621
G1 X65.301 Y174.846 E85.7758
G1 X63.933 Y176.146 E85.86657
G1 X63.654 Y177.262 E85.9219
G1 X62.409 Y177.595 E85.98389
G1 X61.108 Y178.833 E86.07027
G1 X61.543 Y179.268 E86.09986
G1 X57.35 Y183.255 E86.37815
G1 X56.914 Y182.82 E86.40777
G1 X55.897 Y183.787 E86.47527
G1 X55.592 Y184.928 E86.53208
G1 X54.885 Y185.6 E86.57899
G1 X53.64 Y185.933 E86.64098
G1 X52.721 Y186.807 E86.70198
G1 X53.157 Y187.243 E86.73164
G1 X48.964 Y191.23 E87.00993
G1 X48.528 Y190.794 E87.03959
G1 X47.862 Y191.428 E87.08382
G1 X47.556 Y192.568 E87.14059
G1 X46.116 Y193.938 E87.23619
G1 X44.871 Y194.271 E87.29818
G1 X44.335 Y194.781 E87.33376
G1 X44.771 Y195.217 E87.36342
G1 X40.577 Y199.204 E87.64174
G1 X40.142 Y198.768 E87.67136
G1 X39.826 Y199.068 E87.69232
G1 X39.52 Y200.209 E87.74914
G1 X37.347 Y202.276 E87.89338
G1 X36.102 Y202.609 E87.95537
G1 X35.949 Y202.755 E87.96554
G1 X36.384 Y203.191 E87.99516
G1 X32.191 Y207.178 E88.27345
G1 X31.755 Y206.742 E88.30311
G1 X31.79 Y206.709 E88.30542
G1 X31.485 Y207.85 E88.36223
G1 X30.587 Y208.703 E88.4218
G1 X30.162 Y208.257 E88.45143
G1 X30.495 Y207.94 E88.47354
G1 X30.495 Y207.94 F7800
G1 X29.899 Y207.867
;TYPE:Solid infill
;WIDTH:0.606239
G1 F1200
G1 X209.096 Y37.478 E105.18512
G1 E103.18512 F2400
G92 E0
G1 X209.096 Y37.478 F7800
G1 X30.963 Y208.985
G1 E2 F2400
;WIDTH:0.606241
G1 F1200
G1 X210.16 Y38.596 E18.71164
;LAYER_CHANGE
;Z:3.95
;HEIGHT:0.3
G1 Z3.95 F7800
G1 E16.71164 F2400
G92 E0
G1 X210.16 Y38.596 F7800
G92 E0
G1 X190.553 Y12.076
G1 E2 F2400
;TYPE:Perimeter
;WIDTH:0.45
G1 F3600
G1 X10.824 Y182.971 E13.92829
G1 X9.388 Y181.461 E14.02851
G1 X189.117 Y10.566 E25.9568
G1 X189.835 Y11.321 E26.00691
G1 X190.511 Y12.032 E26.0541
G1 X190.511 Y12.032 F7800
G1 X191.098 Y12.089
G1 F3600
G1 X10.81 Y183.516 E38.0195
G1 X8.843 Y181.447 E38.15681
G1 X189.131 Y10.021 E50.12218
G1 X190.114 Y11.055 E50.1908
G1 X191.057 Y12.046 E50.25659
G1 X191.057 Y12.046 F7800
G1 X191.643 Y12.103
;TYPE:External perimeter
G1 F1800
G1 X10.796 Y184.061 E62.25908
G1 X8.298 Y181.434 E62.43343
G1 X189.145 Y9.476 E74.43592
G1 X190.394 Y10.789 E74.52308
G1 X191.602 Y12.06 E74.60742
G1 X191.356 Y12.375 F7800
G1 E72.60742 F2400
G92 E0
G1 X9.797 Y181.471 F7800
G1 E2 F2400
;TYPE:Solid infill
G1 F1200
G1 X189.107 Y10.975 E13.90046
G1 X190.144 Y12.065 E13.97282
G1 X10.834 Y182.562 E25.87331
G1 X9.93 Y181.611 E25.93642
G1 X10.342 Y181.485 E25.95714
G1 X189.093 Y11.52 E37.82052
G1 X189.599 Y12.052 E37.85583
G1 X10.848 Y182.017 E49.71921
G1 X10.475 Y181.625 E49.74524
G1 X10.861 Y181.498 E49.76478
;WIDTH:0.412309
G1 X189.08 Y12.038 E60.43678
G1 E58.43678 F2400
G92 E0
G1 X189.08 Y12.038 F7800
G92 E0
G1 X195.534 Y22.518
G1 E2 F2400
;TYPE:Perimeter
;WIDTH:0.45
G1 F3600
G1 X15.805 Y193.413 E13.92829
G1 X14.37 Y191.903 E14.02848
G1 X194.099 Y21.008 E25.95677
G1 X194.817 Y21.763 E26.00688
G1 X195.493 Y22.474 E26.05407
G1 X195.493 Y22.474 F7800
G1 X196.08 Y22.531
G1 F3600
G1 X15.792 Y193.958 E38.01947
G1 X13.825 Y191.889 E38.15678
G1 X194.113 Y20.463 E50.12215
G1 X195.096 Y21.497 E50.19077
G1 X196.038 Y22.488 E50.25653
G1 X196.038 Y22.488 F7800
G1 X196.625 Y22.545
;TYPE:External perimeter
G1 F1800
G1 X15.778 Y194.503 E62.25902
G1 X13.279 Y191.876 E62.43341
G1 X194.126 Y19.918 E74.4359
G1 X195.376 Y21.231 E74.52309
G1 X196.583 Y22.502 E74.60739
G1 X196.338 Y22.817 F7800
G1 E72.60739 F2400
G92 E0
G1 X14.779 Y191.913 F7800
G1 E2 F2400
;TYPE:Solid infill
G1 F1200
G1 X194.089 Y21.417 E13.90046
G1 X195.125 Y22.507 E13.97279
G1 X15.816 Y193.004 E25.87325
G1 X14.912 Y192.053 E25.93636
G1 X15.324 Y191.927 E25.95708
G1 X194.075 Y21.962 E37.82046
G1 X194.58 Y22.494 E37.85574
G1 X15.829 Y192.459 E49.71912
G1 X15.457 Y192.067 E49.74511
G1 X15.842 Y191.94 E49.76461
;WIDTH:0.412309
G1 X194.062 Y22.481 E60.43661
G1 E58.43661 F2400
G92 E0
G1 X194.062 Y22.481 F7800
G92 E0
G1 X203.081 Y30.521
G1 E2 F2400
;TYPE:Perimeter
;WIDTH:0.45
G1 F3600
G1 X23.352 Y201.416 E13.92829
G1 X21.916 Y199.907 E14.02848
G1 X201.645 Y29.011 E25.9568
G1 X202.363 Y29.766 E26.00691
G1 X203.039 Y30.477 E26.0541
G1 X203.039 Y30.477 F7800
G1 X203.626 Y30.535
G1 F3600
G1 X23.338 Y201.961 E38.01947
G1 X21.371 Y199.893 E38.15674
G1 X201.659 Y28.466 E50.12214
G1 X202.642 Y29.5 E50.19076
G1 X203.585 Y30.491 E50.25655
G1 X203.585 Y30.491 F7800
G1 X204.171 Y30.548
;TYPE:External perimeter
G1 F1800
G1 X23.324 Y202.507 E62.25907
G1 X20.826 Y199.879 E62.43346
G1 X201.673 Y27.921 E74.43595
G1 X202.922 Y29.235 E74.52314
G1 X204.13 Y30.505 E74.60744
G1 X203.884 Y30.821 F7800
G1 E72.60744 F2400
G92 E0
G1 X22.325 Y199.917 F7800
G1 E2 F2400
;TYPE:Solid infill
G1 F1200
G1 X201.635 Y29.42 E13.90049
G1 X202.672 Y30.511 E13.97289
G1 X23.362 Y201.007 E25.87335
G1 X22.458 Y200.057 E25.93642
G1 X22.87 Y199.931 E25.95714
G1 X201.621 Y29.965 E37.82055
G1 X202.127 Y30.497 E37.85586
G1 X23.376 Y200.462 E49.71924
G1 X23.003 Y200.07 E49.74527
G1 X23.389 Y199.944 E49.7648
;WIDTH:0.412309
G1 X201.608 Y30.484 E60.4368
G1 E58.4368 F2400
G92 E0
G1 X201.608 Y30.484 F7800
G92 E0
G1 X210.612 Y38.539
G1 E2 F2400
;TYPE:Perimeter
;WIDTH:0.45
G1 F3600
G1 X30.883 Y209.434 E13.92829
G1 X29.447 Y207.924 E14.02851
G1 X209.176 Y37.029 E25.9568
G1 X209.894 Y37.784 E26.00691
G1 X210.571 Y38.495 E26.05413
G1 X210.571 Y38.495 F7800
G1 X211.157 Y38.553
G1 F3600
G1 X30.869 Y209.979 E38.0195
G1 X28.902 Y207.911 E38.15677
G1 X209.19 Y36.484 E50.12217
G1 X210.174 Y37.518 E50.19082
G1 X211.116 Y38.509 E50.25658
G1 X211.116 Y38.509 F7800
G1 X211.702 Y38.566
;TYPE:External perimeter
G1 F1800
G1 X30.855 Y210.524 E62.25907
G1 X28.357 Y207.897 E62.43342
G1 X209.204 Y35.939 E74.43591
G1 X210.453 Y37.253 E74.5231
G1 X211.661 Y38.523 E74.6074
G1 X211.415 Y38.838 F7800
G1 E72.6074 F2400
G92 E0
G1 X29.856 Y207.935 F7800
G1 E2 F2400
;TYPE:Solid infill
G1 F1200
G1 X209.166 Y37.438 E13.90049
G1 X210.203 Y38.529 E13.97289
G1 X30.893 Y209.025 E25.87335
G1 X29.989 Y208.074 E25.93646
G1 X30.401 Y207.948 E25.95718
G1 X209.152 Y37.983 E37.82056
G1 X209.658 Y38.515 E37.85587
G1 X30.907 Y208.48 E49.71925
G1 X30.534 Y208.088 E49.74528
G1 X30.92 Y207.962 E49.76481
;WIDTH:0.412309
G1 X209.139 Y38.502 E60.43681
;LAYER_CHANGE
;Z:4.25
;HEIGHT:0.3
G1 Z4.25 F7800
G1 E58.43681 F2400
G92 E0
G1 X209.139 Y38.502 F7800
G92 E0
G1 X190.302 Y11.812
G1 E2 F2400
;TYPE:Perimeter
;WIDTH:0.45
G1 F3600
G1 X10.573 Y182.708 E13.92832
G1 X9.639 Y181.724 E13.99357
G1 X189.368 Y10.829 E25.92186
G1 X189.835 Y11.321 E25.95449
G1 X190.261 Y11.769 E25.98422
G1 X190.261 Y11.769 F7800
G1 X190.847 Y11.826
G1 F3600
G1 X10.559 Y183.253 E37.94962
G1 X9.093 Y181.711 E38.05195
G1 X189.381 Y10.284 E50.01735
G1 X190.114 Y11.055 E50.06852
G1 X190.806 Y11.782 E50.11679
G1 X190.806 Y11.782 F7800
G1 X191.393 Y11.84
;TYPE:External perimeter
G1 F1800
G1 X10.546 Y183.798 E62.11928
G1 X8.548 Y181.697 E62.25873
G1 X189.395 Y9.739 E74.26122
G1 X190.394 Y10.789 E74.33093
G1 X191.351 Y11.796 E74.39775
G1 X191.106 Y12.112 F7800
G1 X189.357 Y11.238
;TYPE:Solid infill
G1 F1200
G1 X189.893 Y11.802 E74.43517
G1 X10.584 Y182.299 E86.33563
G1 X10.047 Y181.735 E86.37309
G1 X189.218 Y11.371 E98.26433
G1 X189.343 Y11.788 E98.28527
;WIDTH:0.456779
G1 X10.597 Y181.749 E110.35689
G1 E108.35689 F2400
G92 E0
G1 X10.597 Y181.749 F7800
G92 E0
G1 X195.284 Y22.254
G1 E2 F2400
;TYPE:Perimeter
;WIDTH:0.45
G1 F3600
G1 X15.555 Y193.15 E13.92832
G1 X14.62 Y192.167 E13.99357
G1 X194.349 Y21.271 E25.92189
G1 X194.817 Y21.763 E25.95455
G1 X195.243 Y22.211 E25.98428
G1 X195.243 Y22.211 F7800
G1 X195.829 Y22.268
G1 F3600
G1 X15.541 Y193.695 E37.94968
G1 X14.075 Y192.153 E38.05201
G1 X194.363 Y20.726 E50.01741
G1 X195.096 Y21.497 E50.06858
G1 X195.788 Y22.225 E50.11689
G1 X195.788 Y22.225 F7800
G1 X196.374 Y22.282
;TYPE:External perimeter
G1 F1800
G1 X15.527 Y194.24 E62.11938
G1 X13.53 Y192.139 E62.2588
G1 X194.377 Y20.181 E74.26129
G1 X195.376 Y21.231 E74.331
G1 X196.333 Y22.238 E74.39782
G1 X196.087 Y22.554 F7800
G1 X194.339 Y21.68
;TYPE:Solid infill
G1 F1200
G1 X194.875 Y22.244 E74.43524
G1 X15.565 Y192.741 E86.33573
G1 X15.029 Y192.177 E86.37315
G1 X194.199 Y21.813 E98.26436
G1 X194.325 Y22.23 E98.28531
;WIDTH:0.456779
G1 X15.579 Y192.191 E110.35693
G1 E108.35693 F2400
G92 E0
G1 X15.579 Y192.191 F7800
G92 E0
G1 X202.83 Y30.258
G1 E2 F2400
;TYPE:Perimeter
;WIDTH:0.45
G1 F3600
G1 X23.101 Y201.153 E13.92829
G1 X22.167 Y200.17 E13.99351
G1 X201.896 Y29.275 E25.9218
G1 X202.363 Y29.766 E25.95439
G1 X202.789 Y30.214 E25.98412
G1 X202.789 Y30.214 F7800
G1 X203.376 Y30.271
G1 F3600
G1 X23.088 Y201.698 E37.94952
G1 X21.621 Y200.156 E38.05189
G1 X201.909 Y28.729 E50.01729
G1 X202.642 Y29.5 E50.06846
G1 X203.334 Y30.228 E50.11677
G1 X203.334 Y30.228 F7800
G1 X203.921 Y30.285
;TYPE:External perimeter
G1 F1800
G1 X23.074 Y202.243 E62.11926
G1 X21.076 Y200.142 E62.25871
G1 X201.923 Y28.184 E74.2612
G1 X202.922 Y29.235 E74.33094
G1 X203.879 Y30.242 E74.39776
G1 X203.634 Y30.557 F7800
G1 X201.885 Y29.683
;TYPE:Solid infill
G1 F1200
G1 X202.421 Y30.247 E74.43518
G1 X23.112 Y200.744 E86.33564
G1 X22.576 Y200.18 E86.37306
G1 X201.746 Y29.816 E98.26427
G1 X201.872 Y30.233 E98.28522
;WIDTH:0.456779
G1 X23.125 Y200.194 E110.35687
G1 E108.35687 F2400
G92 E0
G1 X23.125 Y200.194 F7800
G92 E0
G1 X210.361 Y38.276
G1 E2 F2400
;TYPE:Perimeter
;WIDTH:0.45
G1 F3600
G1 X30.632 Y209.171 E13.92829
G1 X29.698 Y208.188 E13.99351
G1 X209.427 Y37.292 E25.92183
G1 X209.894 Y37.784 E25.95446
G1 X210.32 Y38.232 E25.98419
G1 X210.32 Y38.232 F7800
G1 X210.907 Y38.289
G1 F3600
G1 X30.619 Y209.716 E37.94959
G1 X29.153 Y208.174 E38.05192
G1 X209.441 Y36.747 E50.01732
G1 X210.174 Y37.518 E50.06849
G1 X210.865 Y38.246 E50.11677
G1 X210.865 Y38.246 F7800
G1 X211.452 Y38.303
;TYPE:External perimeter
G1 F1800
G1 X30.605 Y210.261 E62.11926
G1 X28.607 Y208.16 E62.25871
G1 X209.454 Y36.202 E74.2612
G1 X210.453 Y37.253 E74.33094
G1 X211.411 Y38.259 E74.39775
G1 X211.165 Y38.575 F7800
G1 X209.417 Y37.701
;TYPE:Solid infill
G1 F1200
G1 X209.953 Y38.265 E74.43517
G1 X30.643 Y208.762 E86.33566
G1 X30.107 Y208.198 E86.37308
G1 X209.277 Y37.834 E98.26429
G1 X209.403 Y38.251 E98.28524
;WIDTH:0.456779
G1 X30.657 Y208.212 E110.35686
;LAYER_CHANGE
;Z:4.55
;HEIGHT:0.3
G1 Z4.55 F7800
G1 E108.35686 F2400
G92 E0
G1 X30.657 Y208.212 F7800
G92 E0
G1 X189.967 Y11.512
G1 E2 F2400
;TYPE:Perimeter
;WIDTH:0.522498
G1 F3600
G1 X10.29 Y182.357 E16.16673
G1 X9.974 Y182.025 E16.19292
G1 X189.651 Y11.18 E30.35965
G1 X189.809 Y11.346 E30.37274
G1 X189.925 Y11.468 E30.38236
G1 X189.925 Y11.468 F7800
G1 X190.563 Y11.527
;WIDTH:0.45
G1 F3600
G1 X10.275 Y182.953 E42.34773
G1 X9.378 Y182.01 E42.41033
G1 X189.666 Y10.583 E54.37573
G1 X190.114 Y11.055 E54.40703
G1 X190.522 Y11.483 E54.43547
G1 X190.522 Y11.483 F7800
G1 X191.108 Y11.54
;TYPE:External perimeter
G1 F1800
G1 X10.261 Y183.499 E66.43799
G1 X8.833 Y181.996 E66.5377
G1 X189.68 Y10.038 E78.54019
G1 X190.394 Y10.789 E78.59003
G1 X191.067 Y11.497 E78.63701
G1 X190.821 Y11.813 F7800
G1 E76.63701 F2400
G92 E0
G92 E0
G1 X194.948 Y21.954 F7800
G1 E2 F2400
;TYPE:Perimeter
;WIDTH:0.522498
G1 F3600
G1 X15.272 Y192.799 E16.16669
G1 X14.956 Y192.467 E16.19288
G1 X194.632 Y21.622 E30.35957
G1 X194.79 Y21.788 E30.37266
G1 X194.907 Y21.91 E30.38232
G1 X194.907 Y21.91 F7800
G1 X195.545 Y21.969
;WIDTH:0.45
G1 F3600
G1 X15.257 Y193.395 E42.34769
G1 X14.36 Y192.452 E42.41029
G1 X194.648 Y21.025 E54.37569
G1 X195.096 Y21.497 E54.40699
G1 X195.503 Y21.925 E54.4354
G1 X195.503 Y21.925 F7800
G1 X196.09 Y21.982
;TYPE:External perimeter
G1 F1800
G1 X15.243 Y193.941 E66.43792
G1 X13.814 Y192.438 E66.53767
G1 X194.661 Y20.48 E78.54016
G1 X195.376 Y21.231 E78.59003
G1 X196.048 Y21.939 E78.63698
G1 X195.803 Y22.255 F7800
G1 E76.63698 F2400
G92 E0
G92 E0
G1 X202.495 Y29.957 F7800
G1 E2 F2400
;TYPE:Perimeter
;WIDTH:0.522498
G1 F3600
G1 X22.818 Y200.802 E16.16673
G1 X22.502 Y200.47 E16.19292
G1 X202.179 Y29.625 E30.35965
G1 X202.337 Y29.791 E30.37274
G1 X202.453 Y29.914 E30.3824
G1 X202.453 Y29.914 F7800
G1 X203.091 Y29.972
;WIDTH:0.45
G1 F3600
G1 X22.803 Y201.399 E42.3478
G1 X21.906 Y200.455 E42.41043
G1 X202.194 Y29.029 E54.3758
G1 X202.642 Y29.5 E54.40706
G1 X203.05 Y29.929 E54.43553
G1 X203.05 Y29.929 F7800
G1 X203.636 Y29.986
;TYPE:External perimeter
G1 F1800
G1 X22.789 Y201.944 E66.43802
G1 X21.361 Y200.442 E66.5377
G1 X202.208 Y28.483 E78.54022
G1 X202.922 Y29.235 E78.59009
G1 X203.595 Y29.942 E78.63704
G1 X203.349 Y30.258 F7800
G1 E76.63704 F2400
G92 E0
G92 E0
G1 X210.026 Y37.975 F7800
G1 E2 F2400
;TYPE:Perimeter
;WIDTH:0.522498
G1 F3600
G1 X30.349 Y208.82 E16.16673
G1 X30.034 Y208.488 E16.19288
G1 X209.71 Y37.643 E30.35957
G1 X209.868 Y37.809 E30.37266
G1 X209.984 Y37.931 E30.38228
G1 X209.984 Y37.931 F7800
G1 X210.622 Y37.99
;WIDTH:0.45
G1 F3600
G1 X30.334 Y209.417 E42.34768
G1 X29.437 Y208.473 E42.41031
G1 X209.725 Y37.047 E54.37568
G1 X210.174 Y37.518 E54.40698
G1 X210.581 Y37.947 E54.43542
G1 X210.581 Y37.947 F7800
G1 X211.167 Y38.004
;TYPE:External perimeter
G1 F1800
G1 X30.32 Y209.962 E66.43791
G1 X28.892 Y208.46 E66.53759
G1 X209.739 Y36.501 E78.54011
G1 X210.453 Y37.253 E78.58998
G1 X211.126 Y37.96 E78.63693
G1 X210.88 Y38.276 F7800
;LAYER_CHANGE
;Z:4.85
;HEIGHT:0.3
G1 Z4.85 F7800
G1 E76.63693 F2400
G92 E0
G92 E0
G1 X190.246 Y11.227 F7800
G1 E2 F2400
;TYPE:Perimeter
;WIDTH:0.495202
G1 F3600
G1 X9.991 Y182.622 E15.36551
G1 X9.694 Y182.31 E15.38866
G1 X189.95 Y10.914 E28.75425
G1 X190.098 Y11.071 E28.76584
G1 X190.205 Y11.183 E28.77416
G1 X190.205 Y11.183 F7800
G1 X190.824 Y11.241
;TYPE:External perimeter
;WIDTH:0.45
G1 F1800
G1 X9.977 Y183.199 E40.77665
G1 X9.117 Y182.295 E40.83666
G1 X189.964 Y10.337 E52.83915
G1 X190.394 Y10.789 E52.86916
G1 X190.782 Y11.198 E52.89627
G1 X190.536 Y11.513 F7800
G1 E50.89627 F2400
G92 E0
G92 E0
G1 X195.228 Y21.669 F7800
G1 E2 F2400
;TYPE:Perimeter
;WIDTH:0.495202
G1 F3600
G1 X14.973 Y193.064 E15.36551
G1 X14.676 Y192.752 E15.38866
G1 X194.931 Y21.357 E28.75417
G1 X195.08 Y21.513 E28.76576
G1 X195.187 Y21.625 E28.77408
G1 X195.187 Y21.625 F7800
G1 X195.805 Y21.683
;TYPE:External perimeter
;WIDTH:0.45
G1 F1800
G1 X14.958 Y193.641 E40.77657
G1 X14.099 Y192.738 E40.83651
G1 X194.946 Y20.779 E52.83903
G1 X195.376 Y21.231 E52.86904
G1 X195.764 Y21.64 E52.89615
G1 X195.518 Y21.955 F7800
G1 E50.89615 F2400
G92 E0
G92 E0
G1 X202.775 Y29.672 F7800
G1 E2 F2400
;TYPE:Perimeter
;WIDTH:0.495202
G1 F3600
G1 X22.519 Y201.068 E15.36559
G1 X22.222 Y200.755 E15.38878
G1 X202.478 Y29.36 E28.75433
G1 X202.626 Y29.516 E28.76588
G1 X202.733 Y29.629 E28.77424
G1 X202.733 Y29.629 F7800
G1 X203.352 Y29.687
;TYPE:External perimeter
;WIDTH:0.45
G1 F1800
G1 X22.505 Y201.645 E40.77673
G1 X21.645 Y200.741 E40.83674
G1 X202.492 Y28.783 E52.83923
G1 X202.922 Y29.235 E52.86924
G1 X203.31 Y29.643 E52.89632
G1 X203.065 Y29.959 F7800
G1 E50.89632 F2400
G92 E0
G92 E0
G1 X210.306 Y37.69 F7800
G1 E2 F2400
;TYPE:Perimeter
;WIDTH:0.495202
G1 F3600
G1 X30.05 Y209.086 E15.36559
G1 X29.754 Y208.773 E15.38874
G1 X210.009 Y37.378 E28.75425
G1 X210.157 Y37.534 E28.7658
G1 X210.264 Y37.646 E28.77412
G1 X210.264 Y37.646 F7800
G1 X210.883 Y37.705
;TYPE:External perimeter
;WIDTH:0.45
G1 F1800
G1 X30.036 Y209.663 E40.77661
G1 X29.176 Y208.759 E40.83662
G1 X210.023 Y36.801 E52.83911
G1 X210.453 Y37.253 E52.86912
G1 X210.841 Y37.661 E52.8962
G1 X210.596 Y37.977 F7800
G1 E50.8962 F2400
G92 E0
M107
;TYPE:Custom
; Filament-specific end gcode 
;END gcode for filament
M104 S0 ; turn off temperature
G28 X0  ; home X axis
M84     ; disable motors
; objects_info = {"objects":[]}
; filament used [mm] = 7265.16
; filament used [cm3] = 17.47
; total filament used [g] = 0.00
; total filament cost = 0.00
; total filament used for wipe tower [g] = 0.00
; estimated printing time (normal mode) = 1h 22m 18s
; estimated printing time (silent mode) = 1h 24m 36s
; estimated first layer printing time (normal mode) = 14m 27s
; estimated first layer printing time (silent mode) = 14m 57s

; prusaslicer_config = begin
; arc_fitting = disabled
; autoemit_temperature_commands = 1
; automatic_extrusion_widths = 0
; automatic_infill_combination = 0
; automatic_infill_combination_max_layer_height = 100%
; avoid_crossing_curled_overhangs = 0
; avoid_crossing_perimeters = 0
; avoid_crossing_perimeters_max_detour = 0
; bed_custom_model = 
; bed_custom_texture = 
; bed_shape = 0x0,220x0,220x220,0x220
; bed_temperature = 60
; before_layer_gcode = 
; between_objects_gcode = 
; binary_gcode = 0
; bottom_fill_pattern = monotonic
; bottom_solid_layers = 3
; bottom_solid_min_thickness = 0
; bridge_acceleration = 0
; bridge_angle = 0
; bridge_fan_speed = 100
; bridge_flow_ratio = 1
; bridge_speed = 60
; brim_separation = 0
; brim_type = outer_only
; brim_width = 0
; chamber_minimal_temperature = 0
; chamber_temperature = 0
; color_change_gcode = M600
; colorprint_heights = 
; complete_objects = 0
; cooling = 1
; cooling_tube_length = 5
; cooling_tube_retraction = 91.5
; default_acceleration = 0
; default_filament_profile = 
; default_print_profile = 
; deretract_speed = 0
; disable_fan_first_layers = 3
; dont_support_bridges = 1
; draft_shield = disabled
; duplicate_distance = 6
; elefant_foot_compensation = 0
; enable_dynamic_fan_speeds = 0
; enable_dynamic_overhang_speeds = 0
; end_filament_gcode = "; Filament-specific end gcode \n;END gcode for filament\n"
; end_gcode = M104 S0 ; turn off temperature\nG28 X0  ; home X axis\nM84     ; disable motors\n
; ensure_vertical_shell_thickness = enabled
; external_perimeter_acceleration = 0
; external_perimeter_extrusion_width = 0.45
; external_perimeter_speed = 50%
; external_perimeters_first = 0
; extra_loading_move = -2
; extra_perimeters = 1
; extra_perimeters_on_overhangs = 0
; extruder_clearance_height = 20
; extruder_clearance_radius = 20
; extruder_colour = ""
; extruder_offset = 0x0
; extrusion_axis = E
; extrusion_multiplier = 1
; extrusion_width = 0.45
; fan_always_on = 0
; fan_below_layer_time = 60
; filament_abrasive = 0
; filament_colour = #29B2B2
; filament_cooling_final_speed = 3.4
; filament_cooling_initial_speed = 2.2
; filament_cooling_moves = 4
; filament_cost = 0
; filament_density = 0
; filament_deretract_speed = nil
; filament_diameter = 1.75
; filament_infill_max_crossing_speed = 0
; filament_infill_max_speed = 0
; filament_load_time = 0
; filament_loading_speed = 28
; filament_loading_speed_start = 3
; filament_max_volumetric_speed = 0
; filament_minimal_purge_on_wipe_tower = 15
; filament_multitool_ramming = 0
; filament_multitool_ramming_flow = 10
; filament_multitool_ramming_volume = 10
; filament_notes = ""
; filament_purge_multiplier = 100%
; filament_ramming_parameters = "120 100 6.6 6.8 7.2 7.6 7.9 8.2 8.7 9.4 9.9 10.0| 0.05 6.6 0.45 6.8 0.95 7.8 1.45 8.3 1.95 9.7 2.45 10 2.95 7.6 3.45 7.6 3.95 7.6 4.45 7.6 4.95 7.6"
; filament_retract_before_travel = nil
; filament_retract_before_wipe = nil
; filament_retract_layer_change = nil
; filament_retract_length = nil
; filament_retract_length_toolchange = nil
; filament_retract_lift = nil
; filament_retract_lift_above = nil
; filament_retract_lift_below = nil
; filament_retract_restart_extra = nil
; filament_retract_restart_extra_toolchange = nil
; filament_retract_speed = nil
; filament_seam_gap_distance = nil
; filament_settings_id = "cobra neo 2"
; filament_shrinkage_compensation_xy = 0%
; filament_shrinkage_compensation_z = 0%
; filament_soluble = 0
; filament_spool_weight = 0
; filament_stamping_distance = 0
; filament_stamping_loading_speed = 20
; filament_toolchange_delay = 0
; filament_travel_lift_before_obstacle = nil
; filament_travel_max_lift = nil
; filament_travel_ramping_lift = nil
; filament_travel_slope = nil
; filament_type = PLA
; filament_unload_time = 0
; filament_unloading_speed = 90
; filament_unloading_speed_start = 100
; filament_vendor = (Unknown)
; filament_wipe = nil
; fill_angle = 45
; fill_density = 20%
; fill_pattern = stars
; first_layer_acceleration = 0
; first_layer_acceleration_over_raft = 0
; first_layer_bed_temperature = 60
; first_layer_extrusion_width = 0.42
; first_layer_height = 0.35
; first_layer_speed = 30
; first_layer_speed_over_raft = 30
; first_layer_temperature = 210
; full_fan_speed_layer = 0
; fuzzy_skin = none
; fuzzy_skin_point_dist = 0.8
; fuzzy_skin_thickness = 0.3
; gap_fill_enabled = 1
; gap_fill_speed = 20
; gcode_comments = 0
; gcode_flavor = marlin2
; gcode_label_objects = disabled
; gcode_resolution = 0.0125
; gcode_substitutions = 
; high_current_on_filament_swap = 0
; host_type = prusalink
; idle_temperature = nil
; infill_acceleration = 0
; infill_anchor = 600%
; infill_anchor_max = 50
; infill_every_layers = 1
; infill_extruder = 1
; infill_extrusion_width = 0.45
; infill_first = 0
; infill_overlap = 25%
; infill_speed = 80
; interface_shells = 0
; ironing = 0
; ironing_flowrate = 15%
; ironing_spacing = 0.1
; ironing_speed = 15
; ironing_type = top
; layer_gcode = 
; layer_height = 0.3
; machine_limits_usage = time_estimate_only
; machine_max_acceleration_e = 10000,5000
; machine_max_acceleration_extruding = 1500,1250
; machine_max_acceleration_retracting = 1500,1250
; machine_max_acceleration_travel = 1500,1250
; machine_max_acceleration_x = 9000,1000
; machine_max_acceleration_y = 9000,1000
; machine_max_acceleration_z = 500,200
; machine_max_feedrate_e = 120,120
; machine_max_feedrate_x = 500,200
; machine_max_feedrate_y = 500,200
; machine_max_feedrate_z = 12,12
; machine_max_jerk_e = 2.5,2.5
; machine_max_jerk_x = 10,10
; machine_max_jerk_y = 10,10
; machine_max_jerk_z = 0.2,0.4
; machine_min_extruding_rate = 0,0
; machine_min_travel_rate = 0,0
; max_fan_speed = 100
; max_layer_height = 0
; max_print_height = 250
; max_print_speed = 80
; max_volumetric_extrusion_rate_slope_negative = 0
; max_volumetric_extrusion_rate_slope_positive = 0
; max_volumetric_speed = 0
; min_bead_width = 85%
; min_fan_speed = 35
; min_feature_size = 25%
; min_layer_height = 0.07
; min_print_speed = 10
; min_skirt_length = 0
; mmu_segmented_region_interlocking_depth = 0
; mmu_segmented_region_max_width = 0
; multimaterial_purging = 140
; notes = 
; nozzle_diameter = 0.4
; nozzle_high_flow = 0
; only_one_perimeter_first_layer = 0
; only_retract_when_crossing_perimeters = 0
; ooze_prevention = 0
; output_filename_format = [input_filename_base].gcode
; overhang_fan_speed_0 = 0
; overhang_fan_speed_1 = 0
; overhang_fan_speed_2 = 0
; overhang_fan_speed_3 = 0
; overhang_speed_0 = 15
; overhang_speed_1 = 15
; overhang_speed_2 = 20
; overhang_speed_3 = 25
; overhangs = 1
; parking_pos_retraction = 92
; pause_print_gcode = M601
; perimeter_acceleration = 0
; perimeter_extruder = 1
; perimeter_extrusion_width = 0.45
; perimeter_generator = arachne
; perimeter_speed = 60
; perimeters = 3
; physical_printer_settings_id = 
; post_process = 
; prefer_clockwise_movements = 0
; print_settings_id = cobra neo 2
; printer_model = 
; printer_notes = 
; printer_settings_id = cobra neo 2
; printer_technology = FFF
; printer_variant = 
; printer_vendor = 
; raft_contact_distance = 0.1
; raft_expansion = 1.5
; raft_first_layer_density = 90%
; raft_first_layer_expansion = 3
; raft_layers = 0
; remaining_times = 0
; resolution = 0
; retract_before_travel = 2
; retract_before_wipe = 0%
; retract_layer_change = 0
; retract_length = 2
; retract_length_toolchange = 10
; retract_lift = 0
; retract_lift_above = 0
; retract_lift_below = 0
; retract_restart_extra = 0
; retract_restart_extra_toolchange = 0
; retract_speed = 40
; scarf_seam_entire_loop = 0
; scarf_seam_length = 20
; scarf_seam_max_segment_length = 1
; scarf_seam_on_inner_perimeters = 0
; scarf_seam_only_on_smooth = 1
; scarf_seam_placement = nowhere
; scarf_seam_start_height = 0%
; seam_gap_distance = 15%
; seam_position = aligned
; silent_mode = 1
; single_extruder_multi_material = 0
; single_extruder_multi_material_priming = 1
; skirt_distance = 6
; skirt_height = 1
; skirts = 1
; slice_closing_radius = 0.049
; slicing_mode = regular
; slowdown_below_layer_time = 5
; small_perimeter_speed = 15
; solid_infill_acceleration = 0
; solid_infill_below_area = 70
; solid_infill_every_layers = 0
; solid_infill_extruder = 1
; solid_infill_extrusion_width = 0.45
; solid_infill_speed = 20
; spiral_vase = 0
; staggered_inner_seams = 0
; standby_temperature_delta = -5
; start_filament_gcode = "; Filament gcode\n"
; start_gcode = G28 ; home all axes\nG1 Z5 F5000 ; lift nozzle\n
; support_material = 1
; support_material_angle = 0
; support_material_auto = 1
; support_material_bottom_contact_distance = 0
; support_material_bottom_interface_layers = -1
; support_material_buildplate_only = 1
; support_material_closing_radius = 2
; support_material_contact_distance = 0.2
; support_material_enforce_layers = 0
; support_material_extruder = 1
; support_material_extrusion_width = 0.35
; support_material_interface_contact_loops = 0
; support_material_interface_extruder = 1
; support_material_interface_layers = 3
; support_material_interface_pattern = rectilinear
; support_material_interface_spacing = 0
; support_material_interface_speed = 100%
; support_material_pattern = rectilinear
; support_material_spacing = 2.5
; support_material_speed = 60
; support_material_style = grid
; support_material_synchronize_layers = 0
; support_material_threshold = 0
; support_material_with_sheath = 1
; support_material_xy_spacing = 50%
; support_tree_angle = 40
; support_tree_angle_slow = 25
; support_tree_branch_diameter = 2
; support_tree_branch_diameter_angle = 5
; support_tree_branch_diameter_double_wall = 3
; support_tree_branch_distance = 1
; support_tree_tip_diameter = 0.8
; support_tree_top_rate = 15%
; temperature = 210
; template_custom_gcode = 
; thick_bridges = 1
; thin_walls = 1
; thumbnails = 
; thumbnails_format = PNG
; toolchange_gcode = 
; top_fill_pattern = monotonic
; top_infill_extrusion_width = 0.4
; top_one_perimeter_type = none
; top_solid_infill_acceleration = 0
; top_solid_infill_speed = 15
; top_solid_layers = 3
; top_solid_min_thickness = 0
; travel_acceleration = 0
; travel_lift_before_obstacle = 0
; travel_max_lift = 0
; travel_ramping_lift = 0
; travel_slope = 0
; travel_speed = 130
; travel_speed_z = 0
; use_firmware_retraction = 0
; use_relative_e_distances = 0
; use_volumetric_e = 0
; variable_layer_height = 1
; wall_distribution_count = 1
; wall_transition_angle = 10
; wall_transition_filter_deviation = 25%
; wall_transition_length = 100%
; wipe = 0
; wipe_into_infill = 0
; wipe_into_objects = 0
; wipe_tower = 0
; wipe_tower_acceleration = 0
; wipe_tower_bridging = 10
; wipe_tower_brim_width = 2
; wipe_tower_cone_angle = 0
; wipe_tower_extra_flow = 100%
; wipe_tower_extra_spacing = 100%
; wipe_tower_extruder = 0
; wipe_tower_no_sparse_layers = 0
; wipe_tower_width = 60
; wiping_volumes_matrix = 0
; wiping_volumes_use_custom_matrix = 0
; xy_size_compensation = 0
; z_offset = 0
; prusaslicer_config = end
