ISO-10303-21;
HEADER;
/* Generated by software containing ST-Developer
 * from STEP Tools, Inc. (www.steptools.com) 
 */

FILE_DESCRIPTION(
/* description */ (''),
/* implementation_level */ '2;1');

FILE_NAME(
/* name */ 'C:\\Users\\Gabriel\\Google Drive\\BA\\Inventor\\ATtiny84.s
tp',
/* time_stamp */ '2016-08-05T00:08:35+02:00',
/* author */ ('Gabriel'),
/* organization */ (''),
/* preprocessor_version */ 'ST-DEVELOPER v15.6',
/* originating_system */ 'Autodesk Inventor 2015',
/* authorisation */ '');

FILE_SCHEMA (('AUTOMOTIVE_DESIGN { 1 0 10303 214 3 1 1 }'));
ENDSEC;

DATA;
#10=MECHANICAL_DESIGN_GEOMETRIC_PRESENTATION_REPRESENTATION('',(#304,#302,
#303,#298,#300,#299,#301,#343,#346,#339,#342,#345,#347,#344,#340,#338,#341,
#353,#355,#356,#357,#350,#351,#358,#352,#354,#349,#348,#367,#363,#360,#364,
#365,#362,#359,#361,#366,#373,#370,#377,#378,#369,#368,#374,#375,#372,#379,
#376,#371,#387,#385,#380,#381,#386,#383,#382,#384,#389,#392,#396,#394,#397,
#388,#395,#391,#399,#393,#390,#398,#407,#401,#400,#404,#402,#406,#405,#403,
#305,#307,#306,#308,#309,#310,#311,#312,#313,#315,#316,#314,#317,#324,#321,
#318,#323,#319,#322,#320,#333,#335,#336,#325,#326,#327,#328,#331,#334,#330,
#332,#329,#337,#530,#533,#531,#532,#534,#528,#535,#527,#529,#536,#546,#540,
#543,#542,#544,#537,#545,#538,#541,#547,#539,#553,#549,#554,#551,#548,#552,
#555,#556,#550,#563,#566,#559,#557,#558,#560,#565,#561,#562,#564,#567,#568,
#569,#573,#570,#572,#574,#571,#575,#576,#582,#581,#579,#586,#580,#583,#585,
#584,#578,#577,#419,#418,#416,#412,#410,#413,#420,#414,#409,#417,#408,#415,
#411,#425,#426,#423,#427,#424,#422,#421,#430,#432,#434,#431,#438,#429,#436,
#435,#437,#439,#433,#428,#441,#443,#442,#440,#452,#453,#445,#450,#454,#444,
#447,#448,#446,#451,#449,#458,#459,#460,#463,#462,#456,#455,#457,#461,#472,
#473,#465,#470,#471,#469,#467,#464,#466,#468,#476,#475,#480,#474,#481,#483,
#484,#477,#478,#479,#482,#492,#491,#487,#486,#490,#489,#488,#485,#493,#498,
#496,#502,#504,#500,#497,#503,#495,#494,#505,#499,#501,#507,#512,#510,#511,
#513,#509,#506,#508,#525,#523,#520,#522,#521,#516,#519,#517,#514,#518,#515,
#524,#526,#587,#590,#589,#591,#588,#601,#592,#602,#600,#603,#595,#596,#594,
#597,#598,#599,#593,#608,#606,#607,#605,#604),#17168);
#11=DIMENSIONAL_EXPONENTS(0.,0.,0.,0.,0.,0.,0.);
#12=(
CONVERSION_BASED_UNIT('degree',#13)
NAMED_UNIT(#11)
PLANE_ANGLE_UNIT()
);
#13=PLANE_ANGLE_MEASURE_WITH_UNIT(PLANE_ANGLE_MEASURE(0.01745329252),#17171);
#14=SHAPE_REPRESENTATION_RELATIONSHIP('SRR','None',#17174,#15);
#15=ADVANCED_BREP_SHAPE_REPRESENTATION($,(#16),#17167);
#16=MANIFOLD_SOLID_BREP('Volumenk\X\F6rper2',#10460);
#17=ELLIPSE('',#10637,4.40083480021411,1.);
#18=ELLIPSE('',#10638,4.40083480021411,1.);
#19=CYLINDRICAL_SURFACE('',#10636,1.);
#20=CYLINDRICAL_SURFACE('',#10648,0.1);
#21=CYLINDRICAL_SURFACE('',#10652,0.2);
#22=CYLINDRICAL_SURFACE('',#10657,0.1);
#23=CYLINDRICAL_SURFACE('',#10660,0.1);
#24=CYLINDRICAL_SURFACE('',#10664,0.1);
#25=CYLINDRICAL_SURFACE('',#10667,0.1);
#26=CYLINDRICAL_SURFACE('',#10681,0.1);
#27=CYLINDRICAL_SURFACE('',#10685,0.2);
#28=CYLINDRICAL_SURFACE('',#10690,0.1);
#29=CYLINDRICAL_SURFACE('',#10693,0.1);
#30=CYLINDRICAL_SURFACE('',#10697,0.1);
#31=CYLINDRICAL_SURFACE('',#10700,0.1);
#32=CYLINDRICAL_SURFACE('',#10714,0.1);
#33=CYLINDRICAL_SURFACE('',#10718,0.2);
#34=CYLINDRICAL_SURFACE('',#10723,0.1);
#35=CYLINDRICAL_SURFACE('',#10726,0.1);
#36=CYLINDRICAL_SURFACE('',#10730,0.1);
#37=CYLINDRICAL_SURFACE('',#10733,0.1);
#38=CYLINDRICAL_SURFACE('',#10747,0.1);
#39=CYLINDRICAL_SURFACE('',#10751,0.2);
#40=CYLINDRICAL_SURFACE('',#10756,0.1);
#41=CYLINDRICAL_SURFACE('',#10759,0.1);
#42=CYLINDRICAL_SURFACE('',#10763,0.1);
#43=CYLINDRICAL_SURFACE('',#10766,0.1);
#44=CYLINDRICAL_SURFACE('',#10780,0.1);
#45=CYLINDRICAL_SURFACE('',#10784,0.2);
#46=CYLINDRICAL_SURFACE('',#10789,0.1);
#47=CYLINDRICAL_SURFACE('',#10792,0.1);
#48=CYLINDRICAL_SURFACE('',#10796,0.1);
#49=CYLINDRICAL_SURFACE('',#10799,0.1);
#50=CYLINDRICAL_SURFACE('',#10813,0.1);
#51=CYLINDRICAL_SURFACE('',#10817,0.2);
#52=CYLINDRICAL_SURFACE('',#10822,0.1);
#53=CYLINDRICAL_SURFACE('',#10825,0.1);
#54=CYLINDRICAL_SURFACE('',#10829,0.1);
#55=CYLINDRICAL_SURFACE('',#10832,0.1);
#56=CYLINDRICAL_SURFACE('',#10853,0.1);
#57=CYLINDRICAL_SURFACE('',#10857,0.2);
#58=CYLINDRICAL_SURFACE('',#10862,0.1);
#59=CYLINDRICAL_SURFACE('',#10865,0.1);
#60=CYLINDRICAL_SURFACE('',#10869,0.1);
#61=CYLINDRICAL_SURFACE('',#10872,0.1);
#62=CYLINDRICAL_SURFACE('',#10887,0.1);
#63=CYLINDRICAL_SURFACE('',#10891,0.2);
#64=CYLINDRICAL_SURFACE('',#10896,0.1);
#65=CYLINDRICAL_SURFACE('',#10899,0.1);
#66=CYLINDRICAL_SURFACE('',#10903,0.1);
#67=CYLINDRICAL_SURFACE('',#10906,0.1);
#68=CYLINDRICAL_SURFACE('',#10920,0.1);
#69=CYLINDRICAL_SURFACE('',#10924,0.2);
#70=CYLINDRICAL_SURFACE('',#10929,0.1);
#71=CYLINDRICAL_SURFACE('',#10932,0.1);
#72=CYLINDRICAL_SURFACE('',#10936,0.1);
#73=CYLINDRICAL_SURFACE('',#10939,0.1);
#74=CYLINDRICAL_SURFACE('',#10953,0.1);
#75=CYLINDRICAL_SURFACE('',#10957,0.2);
#76=CYLINDRICAL_SURFACE('',#10962,0.1);
#77=CYLINDRICAL_SURFACE('',#10965,0.1);
#78=CYLINDRICAL_SURFACE('',#10969,0.1);
#79=CYLINDRICAL_SURFACE('',#10972,0.1);
#80=CYLINDRICAL_SURFACE('',#10986,0.1);
#81=CYLINDRICAL_SURFACE('',#10990,0.2);
#82=CYLINDRICAL_SURFACE('',#10995,0.1);
#83=CYLINDRICAL_SURFACE('',#10998,0.1);
#84=CYLINDRICAL_SURFACE('',#11002,0.1);
#85=CYLINDRICAL_SURFACE('',#11005,0.1);
#86=CYLINDRICAL_SURFACE('',#11019,0.1);
#87=CYLINDRICAL_SURFACE('',#11023,0.2);
#88=CYLINDRICAL_SURFACE('',#11028,0.1);
#89=CYLINDRICAL_SURFACE('',#11031,0.1);
#90=CYLINDRICAL_SURFACE('',#11035,0.1);
#91=CYLINDRICAL_SURFACE('',#11038,0.1);
#92=CYLINDRICAL_SURFACE('',#11052,0.1);
#93=CYLINDRICAL_SURFACE('',#11056,0.2);
#94=CYLINDRICAL_SURFACE('',#11061,0.1);
#95=CYLINDRICAL_SURFACE('',#11064,0.1);
#96=CYLINDRICAL_SURFACE('',#11068,0.1);
#97=CYLINDRICAL_SURFACE('',#11071,0.1);
#98=CYLINDRICAL_SURFACE('',#11092,0.1);
#99=CYLINDRICAL_SURFACE('',#11096,0.2);
#100=CYLINDRICAL_SURFACE('',#11101,0.1);
#101=CYLINDRICAL_SURFACE('',#11104,0.1);
#102=CYLINDRICAL_SURFACE('',#11108,0.1);
#103=CYLINDRICAL_SURFACE('',#11111,0.1);
#104=CIRCLE('',#10627,1.);
#105=CIRCLE('',#10635,1.);
#106=CIRCLE('',#10643,0.1);
#107=CIRCLE('',#10644,0.1);
#108=CIRCLE('',#10645,0.1);
#109=CIRCLE('',#10646,0.1);
#110=CIRCLE('',#10649,0.1);
#111=CIRCLE('',#10650,0.1);
#112=CIRCLE('',#10653,0.2);
#113=CIRCLE('',#10654,0.2);
#114=CIRCLE('',#10658,0.1);
#115=CIRCLE('',#10661,0.1);
#116=CIRCLE('',#10665,0.1);
#117=CIRCLE('',#10668,0.1);
#118=CIRCLE('',#10676,0.1);
#119=CIRCLE('',#10677,0.1);
#120=CIRCLE('',#10678,0.1);
#121=CIRCLE('',#10679,0.1);
#122=CIRCLE('',#10682,0.1);
#123=CIRCLE('',#10683,0.1);
#124=CIRCLE('',#10686,0.2);
#125=CIRCLE('',#10687,0.2);
#126=CIRCLE('',#10691,0.1);
#127=CIRCLE('',#10694,0.1);
#128=CIRCLE('',#10698,0.1);
#129=CIRCLE('',#10701,0.1);
#130=CIRCLE('',#10709,0.1);
#131=CIRCLE('',#10710,0.1);
#132=CIRCLE('',#10711,0.1);
#133=CIRCLE('',#10712,0.1);
#134=CIRCLE('',#10715,0.1);
#135=CIRCLE('',#10716,0.1);
#136=CIRCLE('',#10719,0.2);
#137=CIRCLE('',#10720,0.2);
#138=CIRCLE('',#10724,0.1);
#139=CIRCLE('',#10727,0.1);
#140=CIRCLE('',#10731,0.1);
#141=CIRCLE('',#10734,0.1);
#142=CIRCLE('',#10742,0.1);
#143=CIRCLE('',#10743,0.1);
#144=CIRCLE('',#10744,0.1);
#145=CIRCLE('',#10745,0.1);
#146=CIRCLE('',#10748,0.1);
#147=CIRCLE('',#10749,0.1);
#148=CIRCLE('',#10752,0.2);
#149=CIRCLE('',#10753,0.2);
#150=CIRCLE('',#10757,0.1);
#151=CIRCLE('',#10760,0.1);
#152=CIRCLE('',#10764,0.1);
#153=CIRCLE('',#10767,0.1);
#154=CIRCLE('',#10775,0.1);
#155=CIRCLE('',#10776,0.1);
#156=CIRCLE('',#10777,0.1);
#157=CIRCLE('',#10778,0.1);
#158=CIRCLE('',#10781,0.1);
#159=CIRCLE('',#10782,0.1);
#160=CIRCLE('',#10785,0.2);
#161=CIRCLE('',#10786,0.2);
#162=CIRCLE('',#10790,0.1);
#163=CIRCLE('',#10793,0.1);
#164=CIRCLE('',#10797,0.1);
#165=CIRCLE('',#10800,0.1);
#166=CIRCLE('',#10808,0.1);
#167=CIRCLE('',#10809,0.1);
#168=CIRCLE('',#10810,0.1);
#169=CIRCLE('',#10811,0.1);
#170=CIRCLE('',#10814,0.1);
#171=CIRCLE('',#10815,0.1);
#172=CIRCLE('',#10818,0.2);
#173=CIRCLE('',#10819,0.2);
#174=CIRCLE('',#10823,0.1);
#175=CIRCLE('',#10826,0.1);
#176=CIRCLE('',#10830,0.1);
#177=CIRCLE('',#10833,0.1);
#178=CIRCLE('',#10848,0.1);
#179=CIRCLE('',#10849,0.1);
#180=CIRCLE('',#10850,0.1);
#181=CIRCLE('',#10851,0.1);
#182=CIRCLE('',#10854,0.1);
#183=CIRCLE('',#10855,0.1);
#184=CIRCLE('',#10858,0.2);
#185=CIRCLE('',#10859,0.2);
#186=CIRCLE('',#10863,0.1);
#187=CIRCLE('',#10866,0.1);
#188=CIRCLE('',#10870,0.1);
#189=CIRCLE('',#10873,0.1);
#190=CIRCLE('',#10882,0.1);
#191=CIRCLE('',#10883,0.1);
#192=CIRCLE('',#10884,0.1);
#193=CIRCLE('',#10885,0.1);
#194=CIRCLE('',#10888,0.1);
#195=CIRCLE('',#10889,0.1);
#196=CIRCLE('',#10892,0.2);
#197=CIRCLE('',#10893,0.2);
#198=CIRCLE('',#10897,0.1);
#199=CIRCLE('',#10900,0.1);
#200=CIRCLE('',#10904,0.1);
#201=CIRCLE('',#10907,0.1);
#202=CIRCLE('',#10915,0.1);
#203=CIRCLE('',#10916,0.1);
#204=CIRCLE('',#10917,0.1);
#205=CIRCLE('',#10918,0.1);
#206=CIRCLE('',#10921,0.1);
#207=CIRCLE('',#10922,0.1);
#208=CIRCLE('',#10925,0.2);
#209=CIRCLE('',#10926,0.2);
#210=CIRCLE('',#10930,0.1);
#211=CIRCLE('',#10933,0.1);
#212=CIRCLE('',#10937,0.1);
#213=CIRCLE('',#10940,0.1);
#214=CIRCLE('',#10948,0.1);
#215=CIRCLE('',#10949,0.1);
#216=CIRCLE('',#10950,0.1);
#217=CIRCLE('',#10951,0.1);
#218=CIRCLE('',#10954,0.1);
#219=CIRCLE('',#10955,0.1);
#220=CIRCLE('',#10958,0.2);
#221=CIRCLE('',#10959,0.2);
#222=CIRCLE('',#10963,0.1);
#223=CIRCLE('',#10966,0.1);
#224=CIRCLE('',#10970,0.1);
#225=CIRCLE('',#10973,0.1);
#226=CIRCLE('',#10981,0.1);
#227=CIRCLE('',#10982,0.1);
#228=CIRCLE('',#10983,0.1);
#229=CIRCLE('',#10984,0.1);
#230=CIRCLE('',#10987,0.1);
#231=CIRCLE('',#10988,0.1);
#232=CIRCLE('',#10991,0.2);
#233=CIRCLE('',#10992,0.2);
#234=CIRCLE('',#10996,0.1);
#235=CIRCLE('',#10999,0.1);
#236=CIRCLE('',#11003,0.1);
#237=CIRCLE('',#11006,0.1);
#238=CIRCLE('',#11014,0.1);
#239=CIRCLE('',#11015,0.1);
#240=CIRCLE('',#11016,0.1);
#241=CIRCLE('',#11017,0.1);
#242=CIRCLE('',#11020,0.1);
#243=CIRCLE('',#11021,0.1);
#244=CIRCLE('',#11024,0.2);
#245=CIRCLE('',#11025,0.2);
#246=CIRCLE('',#11029,0.1);
#247=CIRCLE('',#11032,0.1);
#248=CIRCLE('',#11036,0.1);
#249=CIRCLE('',#11039,0.1);
#250=CIRCLE('',#11047,0.1);
#251=CIRCLE('',#11048,0.1);
#252=CIRCLE('',#11049,0.1);
#253=CIRCLE('',#11050,0.1);
#254=CIRCLE('',#11053,0.1);
#255=CIRCLE('',#11054,0.1);
#256=CIRCLE('',#11057,0.2);
#257=CIRCLE('',#11058,0.2);
#258=CIRCLE('',#11062,0.1);
#259=CIRCLE('',#11065,0.1);
#260=CIRCLE('',#11069,0.1);
#261=CIRCLE('',#11072,0.1);
#262=CIRCLE('',#11087,0.1);
#263=CIRCLE('',#11088,0.1);
#264=CIRCLE('',#11089,0.1);
#265=CIRCLE('',#11090,0.1);
#266=CIRCLE('',#11093,0.1);
#267=CIRCLE('',#11094,0.1);
#268=CIRCLE('',#11097,0.2);
#269=CIRCLE('',#11098,0.2);
#270=CIRCLE('',#11102,0.1);
#271=CIRCLE('',#11105,0.1);
#272=CIRCLE('',#11109,0.1);
#273=CIRCLE('',#11112,0.1);
#274=FACE_BOUND('',#1581,.T.);
#275=FACE_BOUND('',#1582,.T.);
#276=FACE_BOUND('',#1623,.T.);
#277=FACE_BOUND('',#1658,.T.);
#278=FACE_BOUND('',#1728,.T.);
#279=FACE_BOUND('',#1741,.T.);
#280=FACE_BOUND('',#1759,.T.);
#281=FACE_BOUND('',#1776,.T.);
#282=FACE_BOUND('',#1777,.T.);
#283=FACE_BOUND('',#1778,.T.);
#284=FACE_BOUND('',#1779,.T.);
#285=FACE_BOUND('',#1780,.T.);
#286=FACE_BOUND('',#1781,.T.);
#287=FACE_BOUND('',#1782,.T.);
#288=FACE_BOUND('',#1783,.T.);
#289=FACE_BOUND('',#1784,.T.);
#290=FACE_BOUND('',#1785,.T.);
#291=FACE_BOUND('',#1786,.T.);
#292=FACE_BOUND('',#1787,.T.);
#293=FACE_BOUND('',#1788,.T.);
#294=FACE_BOUND('',#1789,.T.);
#295=FACE_BOUND('',#1790,.T.);
#296=FACE_BOUND('',#1791,.T.);
#297=FACE_BOUND('',#1792,.T.);
#298=STYLED_ITEM('',(#17184),#9941);
#299=STYLED_ITEM('',(#17184),#9955);
#300=STYLED_ITEM('',(#17184),#9960);
#301=STYLED_ITEM('',(#17184),#9969);
#302=STYLED_ITEM('',(#17184),#9981);
#303=STYLED_ITEM('',(#17184),#9994);
#304=STYLED_ITEM('',(#17184),#10003);
#305=STYLED_ITEM('',(#17184),#10015);
#306=STYLED_ITEM('',(#17184),#10029);
#307=STYLED_ITEM('',(#17184),#10036);
#308=STYLED_ITEM('',(#17184),#10055);
#309=STYLED_ITEM('',(#17184),#10060);
#310=STYLED_ITEM('',(#17184),#10069);
#311=STYLED_ITEM('',(#17184),#10084);
#312=STYLED_ITEM('',(#17184),#10096);
#313=STYLED_ITEM('',(#17184),#10113);
#314=STYLED_ITEM('',(#17184),#10128);
#315=STYLED_ITEM('',(#17185),#10139);
#316=STYLED_ITEM('',(#17185),#10140);
#317=STYLED_ITEM('',(#17185),#10141);
#318=STYLED_ITEM('',(#17185),#10142);
#319=STYLED_ITEM('',(#17185),#10144);
#320=STYLED_ITEM('',(#17185),#10145);
#321=STYLED_ITEM('',(#17185),#10146);
#322=STYLED_ITEM('',(#17185),#10147);
#323=STYLED_ITEM('',(#17185),#10148);
#324=STYLED_ITEM('',(#17185),#10149);
#325=STYLED_ITEM('',(#17185),#10150);
#326=STYLED_ITEM('',(#17185),#10151);
#327=STYLED_ITEM('',(#17185),#10152);
#328=STYLED_ITEM('',(#17185),#10153);
#329=STYLED_ITEM('',(#17185),#10154);
#330=STYLED_ITEM('',(#17185),#10155);
#331=STYLED_ITEM('',(#17185),#10156);
#332=STYLED_ITEM('',(#17185),#10157);
#333=STYLED_ITEM('',(#17185),#10158);
#334=STYLED_ITEM('',(#17185),#10159);
#335=STYLED_ITEM('',(#17185),#10160);
#336=STYLED_ITEM('',(#17185),#10161);
#337=STYLED_ITEM('',(#17185),#10162);
#338=STYLED_ITEM('',(#17185),#10163);
#339=STYLED_ITEM('',(#17185),#10164);
#340=STYLED_ITEM('',(#17185),#10165);
#341=STYLED_ITEM('',(#17185),#10166);
#342=STYLED_ITEM('',(#17185),#10167);
#343=STYLED_ITEM('',(#17185),#10168);
#344=STYLED_ITEM('',(#17185),#10169);
#345=STYLED_ITEM('',(#17185),#10170);
#346=STYLED_ITEM('',(#17185),#10171);
#347=STYLED_ITEM('',(#17185),#10172);
#348=STYLED_ITEM('',(#17185),#10173);
#349=STYLED_ITEM('',(#17185),#10174);
#350=STYLED_ITEM('',(#17185),#10175);
#351=STYLED_ITEM('',(#17185),#10176);
#352=STYLED_ITEM('',(#17185),#10177);
#353=STYLED_ITEM('',(#17185),#10178);
#354=STYLED_ITEM('',(#17185),#10179);
#355=STYLED_ITEM('',(#17185),#10180);
#356=STYLED_ITEM('',(#17185),#10181);
#357=STYLED_ITEM('',(#17185),#10182);
#358=STYLED_ITEM('',(#17185),#10183);
#359=STYLED_ITEM('',(#17185),#10184);
#360=STYLED_ITEM('',(#17185),#10185);
#361=STYLED_ITEM('',(#17185),#10186);
#362=STYLED_ITEM('',(#17185),#10187);
#363=STYLED_ITEM('',(#17185),#10188);
#364=STYLED_ITEM('',(#17185),#10189);
#365=STYLED_ITEM('',(#17185),#10190);
#366=STYLED_ITEM('',(#17185),#10191);
#367=STYLED_ITEM('',(#17185),#10192);
#368=STYLED_ITEM('',(#17185),#10193);
#369=STYLED_ITEM('',(#17185),#10194);
#370=STYLED_ITEM('',(#17185),#10195);
#371=STYLED_ITEM('',(#17185),#10196);
#372=STYLED_ITEM('',(#17185),#10197);
#373=STYLED_ITEM('',(#17185),#10198);
#374=STYLED_ITEM('',(#17185),#10199);
#375=STYLED_ITEM('',(#17185),#10200);
#376=STYLED_ITEM('',(#17185),#10201);
#377=STYLED_ITEM('',(#17185),#10202);
#378=STYLED_ITEM('',(#17185),#10203);
#379=STYLED_ITEM('',(#17185),#10204);
#380=STYLED_ITEM('',(#17185),#10205);
#381=STYLED_ITEM('',(#17185),#10206);
#382=STYLED_ITEM('',(#17185),#10207);
#383=STYLED_ITEM('',(#17185),#10208);
#384=STYLED_ITEM('',(#17185),#10209);
#385=STYLED_ITEM('',(#17185),#10210);
#386=STYLED_ITEM('',(#17185),#10211);
#387=STYLED_ITEM('',(#17185),#10212);
#388=STYLED_ITEM('',(#17185),#10213);
#389=STYLED_ITEM('',(#17185),#10214);
#390=STYLED_ITEM('',(#17185),#10215);
#391=STYLED_ITEM('',(#17185),#10216);
#392=STYLED_ITEM('',(#17185),#10217);
#393=STYLED_ITEM('',(#17185),#10218);
#394=STYLED_ITEM('',(#17185),#10219);
#395=STYLED_ITEM('',(#17185),#10220);
#396=STYLED_ITEM('',(#17185),#10221);
#397=STYLED_ITEM('',(#17185),#10222);
#398=STYLED_ITEM('',(#17185),#10223);
#399=STYLED_ITEM('',(#17185),#10224);
#400=STYLED_ITEM('',(#17185),#10225);
#401=STYLED_ITEM('',(#17185),#10226);
#402=STYLED_ITEM('',(#17185),#10227);
#403=STYLED_ITEM('',(#17185),#10228);
#404=STYLED_ITEM('',(#17185),#10229);
#405=STYLED_ITEM('',(#17185),#10230);
#406=STYLED_ITEM('',(#17185),#10231);
#407=STYLED_ITEM('',(#17185),#10232);
#408=STYLED_ITEM('',(#17185),#10233);
#409=STYLED_ITEM('',(#17185),#10234);
#410=STYLED_ITEM('',(#17185),#10235);
#411=STYLED_ITEM('',(#17185),#10236);
#412=STYLED_ITEM('',(#17185),#10237);
#413=STYLED_ITEM('',(#17185),#10238);
#414=STYLED_ITEM('',(#17185),#10239);
#415=STYLED_ITEM('',(#17185),#10240);
#416=STYLED_ITEM('',(#17185),#10241);
#417=STYLED_ITEM('',(#17185),#10242);
#418=STYLED_ITEM('',(#17185),#10243);
#419=STYLED_ITEM('',(#17185),#10244);
#420=STYLED_ITEM('',(#17185),#10245);
#421=STYLED_ITEM('',(#17185),#10246);
#422=STYLED_ITEM('',(#17185),#10247);
#423=STYLED_ITEM('',(#17185),#10248);
#424=STYLED_ITEM('',(#17185),#10249);
#425=STYLED_ITEM('',(#17185),#10250);
#426=STYLED_ITEM('',(#17185),#10251);
#427=STYLED_ITEM('',(#17185),#10252);
#428=STYLED_ITEM('',(#17185),#10253);
#429=STYLED_ITEM('',(#17185),#10254);
#430=STYLED_ITEM('',(#17185),#10255);
#431=STYLED_ITEM('',(#17185),#10256);
#432=STYLED_ITEM('',(#17185),#10257);
#433=STYLED_ITEM('',(#17185),#10258);
#434=STYLED_ITEM('',(#17185),#10259);
#435=STYLED_ITEM('',(#17185),#10260);
#436=STYLED_ITEM('',(#17185),#10261);
#437=STYLED_ITEM('',(#17185),#10262);
#438=STYLED_ITEM('',(#17185),#10263);
#439=STYLED_ITEM('',(#17185),#10264);
#440=STYLED_ITEM('',(#17185),#10272);
#441=STYLED_ITEM('',(#17185),#10273);
#442=STYLED_ITEM('',(#17185),#10274);
#443=STYLED_ITEM('',(#17185),#10275);
#444=STYLED_ITEM('',(#17185),#10276);
#445=STYLED_ITEM('',(#17185),#10277);
#446=STYLED_ITEM('',(#17185),#10278);
#447=STYLED_ITEM('',(#17185),#10279);
#448=STYLED_ITEM('',(#17185),#10280);
#449=STYLED_ITEM('',(#17185),#10281);
#450=STYLED_ITEM('',(#17185),#10282);
#451=STYLED_ITEM('',(#17185),#10283);
#452=STYLED_ITEM('',(#17185),#10284);
#453=STYLED_ITEM('',(#17185),#10285);
#454=STYLED_ITEM('',(#17185),#10286);
#455=STYLED_ITEM('',(#17185),#10287);
#456=STYLED_ITEM('',(#17185),#10288);
#457=STYLED_ITEM('',(#17185),#10289);
#458=STYLED_ITEM('',(#17185),#10290);
#459=STYLED_ITEM('',(#17185),#10291);
#460=STYLED_ITEM('',(#17185),#10292);
#461=STYLED_ITEM('',(#17185),#10294);
#462=STYLED_ITEM('',(#17185),#10295);
#463=STYLED_ITEM('',(#17185),#10296);
#464=STYLED_ITEM('',(#17185),#10297);
#465=STYLED_ITEM('',(#17185),#10298);
#466=STYLED_ITEM('',(#17185),#10299);
#467=STYLED_ITEM('',(#17185),#10300);
#468=STYLED_ITEM('',(#17185),#10301);
#469=STYLED_ITEM('',(#17185),#10302);
#470=STYLED_ITEM('',(#17185),#10303);
#471=STYLED_ITEM('',(#17185),#10304);
#472=STYLED_ITEM('',(#17185),#10305);
#473=STYLED_ITEM('',(#17185),#10306);
#474=STYLED_ITEM('',(#17185),#10307);
#475=STYLED_ITEM('',(#17185),#10308);
#476=STYLED_ITEM('',(#17185),#10309);
#477=STYLED_ITEM('',(#17185),#10310);
#478=STYLED_ITEM('',(#17185),#10311);
#479=STYLED_ITEM('',(#17185),#10312);
#480=STYLED_ITEM('',(#17185),#10313);
#481=STYLED_ITEM('',(#17185),#10314);
#482=STYLED_ITEM('',(#17185),#10315);
#483=STYLED_ITEM('',(#17185),#10316);
#484=STYLED_ITEM('',(#17185),#10317);
#485=STYLED_ITEM('',(#17185),#10318);
#486=STYLED_ITEM('',(#17185),#10319);
#487=STYLED_ITEM('',(#17185),#10320);
#488=STYLED_ITEM('',(#17185),#10321);
#489=STYLED_ITEM('',(#17185),#10322);
#490=STYLED_ITEM('',(#17185),#10323);
#491=STYLED_ITEM('',(#17185),#10324);
#492=STYLED_ITEM('',(#17185),#10325);
#493=STYLED_ITEM('',(#17185),#10326);
#494=STYLED_ITEM('',(#17185),#10327);
#495=STYLED_ITEM('',(#17185),#10328);
#496=STYLED_ITEM('',(#17185),#10329);
#497=STYLED_ITEM('',(#17185),#10330);
#498=STYLED_ITEM('',(#17185),#10331);
#499=STYLED_ITEM('',(#17185),#10332);
#500=STYLED_ITEM('',(#17185),#10333);
#501=STYLED_ITEM('',(#17185),#10334);
#502=STYLED_ITEM('',(#17185),#10335);
#503=STYLED_ITEM('',(#17185),#10336);
#504=STYLED_ITEM('',(#17185),#10337);
#505=STYLED_ITEM('',(#17185),#10338);
#506=STYLED_ITEM('',(#17185),#10339);
#507=STYLED_ITEM('',(#17185),#10340);
#508=STYLED_ITEM('',(#17185),#10341);
#509=STYLED_ITEM('',(#17185),#10342);
#510=STYLED_ITEM('',(#17185),#10343);
#511=STYLED_ITEM('',(#17185),#10344);
#512=STYLED_ITEM('',(#17185),#10345);
#513=STYLED_ITEM('',(#17185),#10346);
#514=STYLED_ITEM('',(#17185),#10347);
#515=STYLED_ITEM('',(#17185),#10348);
#516=STYLED_ITEM('',(#17185),#10349);
#517=STYLED_ITEM('',(#17185),#10350);
#518=STYLED_ITEM('',(#17185),#10351);
#519=STYLED_ITEM('',(#17185),#10352);
#520=STYLED_ITEM('',(#17185),#10353);
#521=STYLED_ITEM('',(#17185),#10354);
#522=STYLED_ITEM('',(#17185),#10355);
#523=STYLED_ITEM('',(#17185),#10356);
#524=STYLED_ITEM('',(#17185),#10357);
#525=STYLED_ITEM('',(#17185),#10358);
#526=STYLED_ITEM('',(#17185),#10359);
#527=STYLED_ITEM('',(#17185),#10360);
#528=STYLED_ITEM('',(#17185),#10361);
#529=STYLED_ITEM('',(#17185),#10362);
#530=STYLED_ITEM('',(#17185),#10363);
#531=STYLED_ITEM('',(#17185),#10364);
#532=STYLED_ITEM('',(#17185),#10365);
#533=STYLED_ITEM('',(#17185),#10366);
#534=STYLED_ITEM('',(#17185),#10367);
#535=STYLED_ITEM('',(#17185),#10368);
#536=STYLED_ITEM('',(#17185),#10369);
#537=STYLED_ITEM('',(#17185),#10370);
#538=STYLED_ITEM('',(#17185),#10371);
#539=STYLED_ITEM('',(#17185),#10372);
#540=STYLED_ITEM('',(#17185),#10373);
#541=STYLED_ITEM('',(#17185),#10374);
#542=STYLED_ITEM('',(#17185),#10375);
#543=STYLED_ITEM('',(#17185),#10376);
#544=STYLED_ITEM('',(#17185),#10377);
#545=STYLED_ITEM('',(#17185),#10378);
#546=STYLED_ITEM('',(#17185),#10379);
#547=STYLED_ITEM('',(#17185),#10380);
#548=STYLED_ITEM('',(#17185),#10381);
#549=STYLED_ITEM('',(#17185),#10382);
#550=STYLED_ITEM('',(#17185),#10383);
#551=STYLED_ITEM('',(#17185),#10384);
#552=STYLED_ITEM('',(#17185),#10385);
#553=STYLED_ITEM('',(#17185),#10386);
#554=STYLED_ITEM('',(#17185),#10387);
#555=STYLED_ITEM('',(#17185),#10388);
#556=STYLED_ITEM('',(#17185),#10389);
#557=STYLED_ITEM('',(#17185),#10390);
#558=STYLED_ITEM('',(#17185),#10391);
#559=STYLED_ITEM('',(#17185),#10392);
#560=STYLED_ITEM('',(#17185),#10393);
#561=STYLED_ITEM('',(#17185),#10394);
#562=STYLED_ITEM('',(#17185),#10395);
#563=STYLED_ITEM('',(#17185),#10396);
#564=STYLED_ITEM('',(#17185),#10397);
#565=STYLED_ITEM('',(#17185),#10398);
#566=STYLED_ITEM('',(#17185),#10399);
#567=STYLED_ITEM('',(#17185),#10400);
#568=STYLED_ITEM('',(#17185),#10401);
#569=STYLED_ITEM('',(#17185),#10402);
#570=STYLED_ITEM('',(#17185),#10403);
#571=STYLED_ITEM('',(#17185),#10404);
#572=STYLED_ITEM('',(#17185),#10405);
#573=STYLED_ITEM('',(#17185),#10406);
#574=STYLED_ITEM('',(#17185),#10407);
#575=STYLED_ITEM('',(#17185),#10408);
#576=STYLED_ITEM('',(#17185),#10409);
#577=STYLED_ITEM('',(#17185),#10410);
#578=STYLED_ITEM('',(#17185),#10411);
#579=STYLED_ITEM('',(#17185),#10412);
#580=STYLED_ITEM('',(#17185),#10413);
#581=STYLED_ITEM('',(#17185),#10414);
#582=STYLED_ITEM('',(#17185),#10415);
#583=STYLED_ITEM('',(#17185),#10416);
#584=STYLED_ITEM('',(#17185),#10417);
#585=STYLED_ITEM('',(#17185),#10418);
#586=STYLED_ITEM('',(#17185),#10419);
#587=STYLED_ITEM('',(#17185),#10427);
#588=STYLED_ITEM('',(#17185),#10428);
#589=STYLED_ITEM('',(#17185),#10429);
#590=STYLED_ITEM('',(#17185),#10430);
#591=STYLED_ITEM('',(#17185),#10431);
#592=STYLED_ITEM('',(#17185),#10432);
#593=STYLED_ITEM('',(#17185),#10433);
#594=STYLED_ITEM('',(#17185),#10434);
#595=STYLED_ITEM('',(#17185),#10435);
#596=STYLED_ITEM('',(#17185),#10436);
#597=STYLED_ITEM('',(#17185),#10437);
#598=STYLED_ITEM('',(#17185),#10438);
#599=STYLED_ITEM('',(#17185),#10439);
#600=STYLED_ITEM('',(#17185),#10440);
#601=STYLED_ITEM('',(#17185),#10441);
#602=STYLED_ITEM('',(#17185),#10442);
#603=STYLED_ITEM('',(#17185),#10443);
#604=STYLED_ITEM('',(#17185),#10444);
#605=STYLED_ITEM('',(#17185),#10445);
#606=STYLED_ITEM('',(#17185),#10446);
#607=STYLED_ITEM('',(#17185),#10447);
#608=STYLED_ITEM('',(#17183),#16);
#609=PLANE('',#10462);
#610=PLANE('',#10463);
#611=PLANE('',#10464);
#612=PLANE('',#10465);
#613=PLANE('',#10466);
#614=PLANE('',#10467);
#615=PLANE('',#10468);
#616=PLANE('',#10469);
#617=PLANE('',#10470);
#618=PLANE('',#10471);
#619=PLANE('',#10472);
#620=PLANE('',#10473);
#621=PLANE('',#10474);
#622=PLANE('',#10475);
#623=PLANE('',#10476);
#624=PLANE('',#10477);
#625=PLANE('',#10478);
#626=PLANE('',#10479);
#627=PLANE('',#10480);
#628=PLANE('',#10481);
#629=PLANE('',#10482);
#630=PLANE('',#10483);
#631=PLANE('',#10484);
#632=PLANE('',#10485);
#633=PLANE('',#10486);
#634=PLANE('',#10487);
#635=PLANE('',#10488);
#636=PLANE('',#10489);
#637=PLANE('',#10490);
#638=PLANE('',#10491);
#639=PLANE('',#10492);
#640=PLANE('',#10493);
#641=PLANE('',#10494);
#642=PLANE('',#10495);
#643=PLANE('',#10496);
#644=PLANE('',#10497);
#645=PLANE('',#10498);
#646=PLANE('',#10499);
#647=PLANE('',#10500);
#648=PLANE('',#10501);
#649=PLANE('',#10502);
#650=PLANE('',#10503);
#651=PLANE('',#10504);
#652=PLANE('',#10505);
#653=PLANE('',#10506);
#654=PLANE('',#10507);
#655=PLANE('',#10508);
#656=PLANE('',#10509);
#657=PLANE('',#10510);
#658=PLANE('',#10511);
#659=PLANE('',#10512);
#660=PLANE('',#10513);
#661=PLANE('',#10514);
#662=PLANE('',#10515);
#663=PLANE('',#10516);
#664=PLANE('',#10517);
#665=PLANE('',#10518);
#666=PLANE('',#10519);
#667=PLANE('',#10520);
#668=PLANE('',#10521);
#669=PLANE('',#10522);
#670=PLANE('',#10523);
#671=PLANE('',#10524);
#672=PLANE('',#10525);
#673=PLANE('',#10526);
#674=PLANE('',#10527);
#675=PLANE('',#10528);
#676=PLANE('',#10529);
#677=PLANE('',#10530);
#678=PLANE('',#10531);
#679=PLANE('',#10532);
#680=PLANE('',#10533);
#681=PLANE('',#10534);
#682=PLANE('',#10535);
#683=PLANE('',#10536);
#684=PLANE('',#10537);
#685=PLANE('',#10538);
#686=PLANE('',#10539);
#687=PLANE('',#10540);
#688=PLANE('',#10541);
#689=PLANE('',#10542);
#690=PLANE('',#10543);
#691=PLANE('',#10544);
#692=PLANE('',#10545);
#693=PLANE('',#10546);
#694=PLANE('',#10547);
#695=PLANE('',#10548);
#696=PLANE('',#10549);
#697=PLANE('',#10550);
#698=PLANE('',#10551);
#699=PLANE('',#10552);
#700=PLANE('',#10553);
#701=PLANE('',#10554);
#702=PLANE('',#10555);
#703=PLANE('',#10556);
#704=PLANE('',#10557);
#705=PLANE('',#10558);
#706=PLANE('',#10559);
#707=PLANE('',#10560);
#708=PLANE('',#10561);
#709=PLANE('',#10562);
#710=PLANE('',#10563);
#711=PLANE('',#10564);
#712=PLANE('',#10565);
#713=PLANE('',#10566);
#714=PLANE('',#10567);
#715=PLANE('',#10568);
#716=PLANE('',#10569);
#717=PLANE('',#10570);
#718=PLANE('',#10571);
#719=PLANE('',#10572);
#720=PLANE('',#10573);
#721=PLANE('',#10574);
#722=PLANE('',#10575);
#723=PLANE('',#10576);
#724=PLANE('',#10577);
#725=PLANE('',#10578);
#726=PLANE('',#10579);
#727=PLANE('',#10580);
#728=PLANE('',#10581);
#729=PLANE('',#10582);
#730=PLANE('',#10583);
#731=PLANE('',#10584);
#732=PLANE('',#10585);
#733=PLANE('',#10586);
#734=PLANE('',#10587);
#735=PLANE('',#10588);
#736=PLANE('',#10589);
#737=PLANE('',#10590);
#738=PLANE('',#10591);
#739=PLANE('',#10592);
#740=PLANE('',#10593);
#741=PLANE('',#10594);
#742=PLANE('',#10595);
#743=PLANE('',#10596);
#744=PLANE('',#10597);
#745=PLANE('',#10598);
#746=PLANE('',#10599);
#747=PLANE('',#10600);
#748=PLANE('',#10601);
#749=PLANE('',#10602);
#750=PLANE('',#10603);
#751=PLANE('',#10604);
#752=PLANE('',#10605);
#753=PLANE('',#10606);
#754=PLANE('',#10607);
#755=PLANE('',#10608);
#756=PLANE('',#10609);
#757=PLANE('',#10610);
#758=PLANE('',#10611);
#759=PLANE('',#10612);
#760=PLANE('',#10613);
#761=PLANE('',#10614);
#762=PLANE('',#10615);
#763=PLANE('',#10616);
#764=PLANE('',#10617);
#765=PLANE('',#10618);
#766=PLANE('',#10619);
#767=PLANE('',#10620);
#768=PLANE('',#10621);
#769=PLANE('',#10622);
#770=PLANE('',#10623);
#771=PLANE('',#10624);
#772=PLANE('',#10625);
#773=PLANE('',#10626);
#774=PLANE('',#10628);
#775=PLANE('',#10629);
#776=PLANE('',#10630);
#777=PLANE('',#10631);
#778=PLANE('',#10632);
#779=PLANE('',#10633);
#780=PLANE('',#10634);
#781=PLANE('',#10639);
#782=PLANE('',#10640);
#783=PLANE('',#10641);
#784=PLANE('',#10642);
#785=PLANE('',#10647);
#786=PLANE('',#10651);
#787=PLANE('',#10655);
#788=PLANE('',#10656);
#789=PLANE('',#10659);
#790=PLANE('',#10662);
#791=PLANE('',#10663);
#792=PLANE('',#10666);
#793=PLANE('',#10669);
#794=PLANE('',#10670);
#795=PLANE('',#10671);
#796=PLANE('',#10672);
#797=PLANE('',#10673);
#798=PLANE('',#10674);
#799=PLANE('',#10675);
#800=PLANE('',#10680);
#801=PLANE('',#10684);
#802=PLANE('',#10688);
#803=PLANE('',#10689);
#804=PLANE('',#10692);
#805=PLANE('',#10695);
#806=PLANE('',#10696);
#807=PLANE('',#10699);
#808=PLANE('',#10702);
#809=PLANE('',#10703);
#810=PLANE('',#10704);
#811=PLANE('',#10705);
#812=PLANE('',#10706);
#813=PLANE('',#10707);
#814=PLANE('',#10708);
#815=PLANE('',#10713);
#816=PLANE('',#10717);
#817=PLANE('',#10721);
#818=PLANE('',#10722);
#819=PLANE('',#10725);
#820=PLANE('',#10728);
#821=PLANE('',#10729);
#822=PLANE('',#10732);
#823=PLANE('',#10735);
#824=PLANE('',#10736);
#825=PLANE('',#10737);
#826=PLANE('',#10738);
#827=PLANE('',#10739);
#828=PLANE('',#10740);
#829=PLANE('',#10741);
#830=PLANE('',#10746);
#831=PLANE('',#10750);
#832=PLANE('',#10754);
#833=PLANE('',#10755);
#834=PLANE('',#10758);
#835=PLANE('',#10761);
#836=PLANE('',#10762);
#837=PLANE('',#10765);
#838=PLANE('',#10768);
#839=PLANE('',#10769);
#840=PLANE('',#10770);
#841=PLANE('',#10771);
#842=PLANE('',#10772);
#843=PLANE('',#10773);
#844=PLANE('',#10774);
#845=PLANE('',#10779);
#846=PLANE('',#10783);
#847=PLANE('',#10787);
#848=PLANE('',#10788);
#849=PLANE('',#10791);
#850=PLANE('',#10794);
#851=PLANE('',#10795);
#852=PLANE('',#10798);
#853=PLANE('',#10801);
#854=PLANE('',#10802);
#855=PLANE('',#10803);
#856=PLANE('',#10804);
#857=PLANE('',#10805);
#858=PLANE('',#10806);
#859=PLANE('',#10807);
#860=PLANE('',#10812);
#861=PLANE('',#10816);
#862=PLANE('',#10820);
#863=PLANE('',#10821);
#864=PLANE('',#10824);
#865=PLANE('',#10827);
#866=PLANE('',#10828);
#867=PLANE('',#10831);
#868=PLANE('',#10834);
#869=PLANE('',#10835);
#870=PLANE('',#10836);
#871=PLANE('',#10837);
#872=PLANE('',#10838);
#873=PLANE('',#10839);
#874=PLANE('',#10840);
#875=PLANE('',#10841);
#876=PLANE('',#10842);
#877=PLANE('',#10843);
#878=PLANE('',#10844);
#879=PLANE('',#10845);
#880=PLANE('',#10846);
#881=PLANE('',#10847);
#882=PLANE('',#10852);
#883=PLANE('',#10856);
#884=PLANE('',#10860);
#885=PLANE('',#10861);
#886=PLANE('',#10864);
#887=PLANE('',#10867);
#888=PLANE('',#10868);
#889=PLANE('',#10871);
#890=PLANE('',#10874);
#891=PLANE('',#10875);
#892=PLANE('',#10876);
#893=PLANE('',#10877);
#894=PLANE('',#10878);
#895=PLANE('',#10879);
#896=PLANE('',#10880);
#897=PLANE('',#10881);
#898=PLANE('',#10886);
#899=PLANE('',#10890);
#900=PLANE('',#10894);
#901=PLANE('',#10895);
#902=PLANE('',#10898);
#903=PLANE('',#10901);
#904=PLANE('',#10902);
#905=PLANE('',#10905);
#906=PLANE('',#10908);
#907=PLANE('',#10909);
#908=PLANE('',#10910);
#909=PLANE('',#10911);
#910=PLANE('',#10912);
#911=PLANE('',#10913);
#912=PLANE('',#10914);
#913=PLANE('',#10919);
#914=PLANE('',#10923);
#915=PLANE('',#10927);
#916=PLANE('',#10928);
#917=PLANE('',#10931);
#918=PLANE('',#10934);
#919=PLANE('',#10935);
#920=PLANE('',#10938);
#921=PLANE('',#10941);
#922=PLANE('',#10942);
#923=PLANE('',#10943);
#924=PLANE('',#10944);
#925=PLANE('',#10945);
#926=PLANE('',#10946);
#927=PLANE('',#10947);
#928=PLANE('',#10952);
#929=PLANE('',#10956);
#930=PLANE('',#10960);
#931=PLANE('',#10961);
#932=PLANE('',#10964);
#933=PLANE('',#10967);
#934=PLANE('',#10968);
#935=PLANE('',#10971);
#936=PLANE('',#10974);
#937=PLANE('',#10975);
#938=PLANE('',#10976);
#939=PLANE('',#10977);
#940=PLANE('',#10978);
#941=PLANE('',#10979);
#942=PLANE('',#10980);
#943=PLANE('',#10985);
#944=PLANE('',#10989);
#945=PLANE('',#10993);
#946=PLANE('',#10994);
#947=PLANE('',#10997);
#948=PLANE('',#11000);
#949=PLANE('',#11001);
#950=PLANE('',#11004);
#951=PLANE('',#11007);
#952=PLANE('',#11008);
#953=PLANE('',#11009);
#954=PLANE('',#11010);
#955=PLANE('',#11011);
#956=PLANE('',#11012);
#957=PLANE('',#11013);
#958=PLANE('',#11018);
#959=PLANE('',#11022);
#960=PLANE('',#11026);
#961=PLANE('',#11027);
#962=PLANE('',#11030);
#963=PLANE('',#11033);
#964=PLANE('',#11034);
#965=PLANE('',#11037);
#966=PLANE('',#11040);
#967=PLANE('',#11041);
#968=PLANE('',#11042);
#969=PLANE('',#11043);
#970=PLANE('',#11044);
#971=PLANE('',#11045);
#972=PLANE('',#11046);
#973=PLANE('',#11051);
#974=PLANE('',#11055);
#975=PLANE('',#11059);
#976=PLANE('',#11060);
#977=PLANE('',#11063);
#978=PLANE('',#11066);
#979=PLANE('',#11067);
#980=PLANE('',#11070);
#981=PLANE('',#11073);
#982=PLANE('',#11074);
#983=PLANE('',#11075);
#984=PLANE('',#11076);
#985=PLANE('',#11077);
#986=PLANE('',#11078);
#987=PLANE('',#11079);
#988=PLANE('',#11080);
#989=PLANE('',#11081);
#990=PLANE('',#11082);
#991=PLANE('',#11083);
#992=PLANE('',#11084);
#993=PLANE('',#11085);
#994=PLANE('',#11086);
#995=PLANE('',#11091);
#996=PLANE('',#11095);
#997=PLANE('',#11099);
#998=PLANE('',#11100);
#999=PLANE('',#11103);
#1000=PLANE('',#11106);
#1001=PLANE('',#11107);
#1002=PLANE('',#11110);
#1003=PLANE('',#11113);
#1004=PLANE('',#11114);
#1005=PLANE('',#11115);
#1006=PLANE('',#11116);
#1007=PLANE('',#11117);
#1008=PLANE('',#11118);
#1009=PLANE('',#11119);
#1010=PLANE('',#11120);
#1011=PLANE('',#11121);
#1012=PLANE('',#11122);
#1013=PLANE('',#11123);
#1014=PLANE('',#11124);
#1015=PLANE('',#11125);
#1016=PLANE('',#11126);
#1017=PLANE('',#11127);
#1018=PLANE('',#11128);
#1019=FACE_OUTER_BOUND('',#1559,.T.);
#1020=FACE_OUTER_BOUND('',#1560,.T.);
#1021=FACE_OUTER_BOUND('',#1561,.T.);
#1022=FACE_OUTER_BOUND('',#1562,.T.);
#1023=FACE_OUTER_BOUND('',#1563,.T.);
#1024=FACE_OUTER_BOUND('',#1564,.T.);
#1025=FACE_OUTER_BOUND('',#1565,.T.);
#1026=FACE_OUTER_BOUND('',#1566,.T.);
#1027=FACE_OUTER_BOUND('',#1567,.T.);
#1028=FACE_OUTER_BOUND('',#1568,.T.);
#1029=FACE_OUTER_BOUND('',#1569,.T.);
#1030=FACE_OUTER_BOUND('',#1570,.T.);
#1031=FACE_OUTER_BOUND('',#1571,.T.);
#1032=FACE_OUTER_BOUND('',#1572,.T.);
#1033=FACE_OUTER_BOUND('',#1573,.T.);
#1034=FACE_OUTER_BOUND('',#1574,.T.);
#1035=FACE_OUTER_BOUND('',#1575,.T.);
#1036=FACE_OUTER_BOUND('',#1576,.T.);
#1037=FACE_OUTER_BOUND('',#1577,.T.);
#1038=FACE_OUTER_BOUND('',#1578,.T.);
#1039=FACE_OUTER_BOUND('',#1579,.T.);
#1040=FACE_OUTER_BOUND('',#1580,.T.);
#1041=FACE_OUTER_BOUND('',#1583,.T.);
#1042=FACE_OUTER_BOUND('',#1584,.T.);
#1043=FACE_OUTER_BOUND('',#1585,.T.);
#1044=FACE_OUTER_BOUND('',#1586,.T.);
#1045=FACE_OUTER_BOUND('',#1587,.T.);
#1046=FACE_OUTER_BOUND('',#1588,.T.);
#1047=FACE_OUTER_BOUND('',#1589,.T.);
#1048=FACE_OUTER_BOUND('',#1590,.T.);
#1049=FACE_OUTER_BOUND('',#1591,.T.);
#1050=FACE_OUTER_BOUND('',#1592,.T.);
#1051=FACE_OUTER_BOUND('',#1593,.T.);
#1052=FACE_OUTER_BOUND('',#1594,.T.);
#1053=FACE_OUTER_BOUND('',#1595,.T.);
#1054=FACE_OUTER_BOUND('',#1596,.T.);
#1055=FACE_OUTER_BOUND('',#1597,.T.);
#1056=FACE_OUTER_BOUND('',#1598,.T.);
#1057=FACE_OUTER_BOUND('',#1599,.T.);
#1058=FACE_OUTER_BOUND('',#1600,.T.);
#1059=FACE_OUTER_BOUND('',#1601,.T.);
#1060=FACE_OUTER_BOUND('',#1602,.T.);
#1061=FACE_OUTER_BOUND('',#1603,.T.);
#1062=FACE_OUTER_BOUND('',#1604,.T.);
#1063=FACE_OUTER_BOUND('',#1605,.T.);
#1064=FACE_OUTER_BOUND('',#1606,.T.);
#1065=FACE_OUTER_BOUND('',#1607,.T.);
#1066=FACE_OUTER_BOUND('',#1608,.T.);
#1067=FACE_OUTER_BOUND('',#1609,.T.);
#1068=FACE_OUTER_BOUND('',#1610,.T.);
#1069=FACE_OUTER_BOUND('',#1611,.T.);
#1070=FACE_OUTER_BOUND('',#1612,.T.);
#1071=FACE_OUTER_BOUND('',#1613,.T.);
#1072=FACE_OUTER_BOUND('',#1614,.T.);
#1073=FACE_OUTER_BOUND('',#1615,.T.);
#1074=FACE_OUTER_BOUND('',#1616,.T.);
#1075=FACE_OUTER_BOUND('',#1617,.T.);
#1076=FACE_OUTER_BOUND('',#1618,.T.);
#1077=FACE_OUTER_BOUND('',#1619,.T.);
#1078=FACE_OUTER_BOUND('',#1620,.T.);
#1079=FACE_OUTER_BOUND('',#1621,.T.);
#1080=FACE_OUTER_BOUND('',#1622,.T.);
#1081=FACE_OUTER_BOUND('',#1624,.T.);
#1082=FACE_OUTER_BOUND('',#1625,.T.);
#1083=FACE_OUTER_BOUND('',#1626,.T.);
#1084=FACE_OUTER_BOUND('',#1627,.T.);
#1085=FACE_OUTER_BOUND('',#1628,.T.);
#1086=FACE_OUTER_BOUND('',#1629,.T.);
#1087=FACE_OUTER_BOUND('',#1630,.T.);
#1088=FACE_OUTER_BOUND('',#1631,.T.);
#1089=FACE_OUTER_BOUND('',#1632,.T.);
#1090=FACE_OUTER_BOUND('',#1633,.T.);
#1091=FACE_OUTER_BOUND('',#1634,.T.);
#1092=FACE_OUTER_BOUND('',#1635,.T.);
#1093=FACE_OUTER_BOUND('',#1636,.T.);
#1094=FACE_OUTER_BOUND('',#1637,.T.);
#1095=FACE_OUTER_BOUND('',#1638,.T.);
#1096=FACE_OUTER_BOUND('',#1639,.T.);
#1097=FACE_OUTER_BOUND('',#1640,.T.);
#1098=FACE_OUTER_BOUND('',#1641,.T.);
#1099=FACE_OUTER_BOUND('',#1642,.T.);
#1100=FACE_OUTER_BOUND('',#1643,.T.);
#1101=FACE_OUTER_BOUND('',#1644,.T.);
#1102=FACE_OUTER_BOUND('',#1645,.T.);
#1103=FACE_OUTER_BOUND('',#1646,.T.);
#1104=FACE_OUTER_BOUND('',#1647,.T.);
#1105=FACE_OUTER_BOUND('',#1648,.T.);
#1106=FACE_OUTER_BOUND('',#1649,.T.);
#1107=FACE_OUTER_BOUND('',#1650,.T.);
#1108=FACE_OUTER_BOUND('',#1651,.T.);
#1109=FACE_OUTER_BOUND('',#1652,.T.);
#1110=FACE_OUTER_BOUND('',#1653,.T.);
#1111=FACE_OUTER_BOUND('',#1654,.T.);
#1112=FACE_OUTER_BOUND('',#1655,.T.);
#1113=FACE_OUTER_BOUND('',#1656,.T.);
#1114=FACE_OUTER_BOUND('',#1657,.T.);
#1115=FACE_OUTER_BOUND('',#1659,.T.);
#1116=FACE_OUTER_BOUND('',#1660,.T.);
#1117=FACE_OUTER_BOUND('',#1661,.T.);
#1118=FACE_OUTER_BOUND('',#1662,.T.);
#1119=FACE_OUTER_BOUND('',#1663,.T.);
#1120=FACE_OUTER_BOUND('',#1664,.T.);
#1121=FACE_OUTER_BOUND('',#1665,.T.);
#1122=FACE_OUTER_BOUND('',#1666,.T.);
#1123=FACE_OUTER_BOUND('',#1667,.T.);
#1124=FACE_OUTER_BOUND('',#1668,.T.);
#1125=FACE_OUTER_BOUND('',#1669,.T.);
#1126=FACE_OUTER_BOUND('',#1670,.T.);
#1127=FACE_OUTER_BOUND('',#1671,.T.);
#1128=FACE_OUTER_BOUND('',#1672,.T.);
#1129=FACE_OUTER_BOUND('',#1673,.T.);
#1130=FACE_OUTER_BOUND('',#1674,.T.);
#1131=FACE_OUTER_BOUND('',#1675,.T.);
#1132=FACE_OUTER_BOUND('',#1676,.T.);
#1133=FACE_OUTER_BOUND('',#1677,.T.);
#1134=FACE_OUTER_BOUND('',#1678,.T.);
#1135=FACE_OUTER_BOUND('',#1679,.T.);
#1136=FACE_OUTER_BOUND('',#1680,.T.);
#1137=FACE_OUTER_BOUND('',#1681,.T.);
#1138=FACE_OUTER_BOUND('',#1682,.T.);
#1139=FACE_OUTER_BOUND('',#1683,.T.);
#1140=FACE_OUTER_BOUND('',#1684,.T.);
#1141=FACE_OUTER_BOUND('',#1685,.T.);
#1142=FACE_OUTER_BOUND('',#1686,.T.);
#1143=FACE_OUTER_BOUND('',#1687,.T.);
#1144=FACE_OUTER_BOUND('',#1688,.T.);
#1145=FACE_OUTER_BOUND('',#1689,.T.);
#1146=FACE_OUTER_BOUND('',#1690,.T.);
#1147=FACE_OUTER_BOUND('',#1691,.T.);
#1148=FACE_OUTER_BOUND('',#1692,.T.);
#1149=FACE_OUTER_BOUND('',#1693,.T.);
#1150=FACE_OUTER_BOUND('',#1694,.T.);
#1151=FACE_OUTER_BOUND('',#1695,.T.);
#1152=FACE_OUTER_BOUND('',#1696,.T.);
#1153=FACE_OUTER_BOUND('',#1697,.T.);
#1154=FACE_OUTER_BOUND('',#1698,.T.);
#1155=FACE_OUTER_BOUND('',#1699,.T.);
#1156=FACE_OUTER_BOUND('',#1700,.T.);
#1157=FACE_OUTER_BOUND('',#1701,.T.);
#1158=FACE_OUTER_BOUND('',#1702,.T.);
#1159=FACE_OUTER_BOUND('',#1703,.T.);
#1160=FACE_OUTER_BOUND('',#1704,.T.);
#1161=FACE_OUTER_BOUND('',#1705,.T.);
#1162=FACE_OUTER_BOUND('',#1706,.T.);
#1163=FACE_OUTER_BOUND('',#1707,.T.);
#1164=FACE_OUTER_BOUND('',#1708,.T.);
#1165=FACE_OUTER_BOUND('',#1709,.T.);
#1166=FACE_OUTER_BOUND('',#1710,.T.);
#1167=FACE_OUTER_BOUND('',#1711,.T.);
#1168=FACE_OUTER_BOUND('',#1712,.T.);
#1169=FACE_OUTER_BOUND('',#1713,.T.);
#1170=FACE_OUTER_BOUND('',#1714,.T.);
#1171=FACE_OUTER_BOUND('',#1715,.T.);
#1172=FACE_OUTER_BOUND('',#1716,.T.);
#1173=FACE_OUTER_BOUND('',#1717,.T.);
#1174=FACE_OUTER_BOUND('',#1718,.T.);
#1175=FACE_OUTER_BOUND('',#1719,.T.);
#1176=FACE_OUTER_BOUND('',#1720,.T.);
#1177=FACE_OUTER_BOUND('',#1721,.T.);
#1178=FACE_OUTER_BOUND('',#1722,.T.);
#1179=FACE_OUTER_BOUND('',#1723,.T.);
#1180=FACE_OUTER_BOUND('',#1724,.T.);
#1181=FACE_OUTER_BOUND('',#1725,.T.);
#1182=FACE_OUTER_BOUND('',#1726,.T.);
#1183=FACE_OUTER_BOUND('',#1727,.T.);
#1184=FACE_OUTER_BOUND('',#1729,.T.);
#1185=FACE_OUTER_BOUND('',#1730,.T.);
#1186=FACE_OUTER_BOUND('',#1731,.T.);
#1187=FACE_OUTER_BOUND('',#1732,.T.);
#1188=FACE_OUTER_BOUND('',#1733,.T.);
#1189=FACE_OUTER_BOUND('',#1734,.T.);
#1190=FACE_OUTER_BOUND('',#1735,.T.);
#1191=FACE_OUTER_BOUND('',#1736,.T.);
#1192=FACE_OUTER_BOUND('',#1737,.T.);
#1193=FACE_OUTER_BOUND('',#1738,.T.);
#1194=FACE_OUTER_BOUND('',#1739,.T.);
#1195=FACE_OUTER_BOUND('',#1740,.T.);
#1196=FACE_OUTER_BOUND('',#1742,.T.);
#1197=FACE_OUTER_BOUND('',#1743,.T.);
#1198=FACE_OUTER_BOUND('',#1744,.T.);
#1199=FACE_OUTER_BOUND('',#1745,.T.);
#1200=FACE_OUTER_BOUND('',#1746,.T.);
#1201=FACE_OUTER_BOUND('',#1747,.T.);
#1202=FACE_OUTER_BOUND('',#1748,.T.);
#1203=FACE_OUTER_BOUND('',#1749,.T.);
#1204=FACE_OUTER_BOUND('',#1750,.T.);
#1205=FACE_OUTER_BOUND('',#1751,.T.);
#1206=FACE_OUTER_BOUND('',#1752,.T.);
#1207=FACE_OUTER_BOUND('',#1753,.T.);
#1208=FACE_OUTER_BOUND('',#1754,.T.);
#1209=FACE_OUTER_BOUND('',#1755,.T.);
#1210=FACE_OUTER_BOUND('',#1756,.T.);
#1211=FACE_OUTER_BOUND('',#1757,.T.);
#1212=FACE_OUTER_BOUND('',#1758,.T.);
#1213=FACE_OUTER_BOUND('',#1760,.T.);
#1214=FACE_OUTER_BOUND('',#1761,.T.);
#1215=FACE_OUTER_BOUND('',#1762,.T.);
#1216=FACE_OUTER_BOUND('',#1763,.T.);
#1217=FACE_OUTER_BOUND('',#1764,.T.);
#1218=FACE_OUTER_BOUND('',#1765,.T.);
#1219=FACE_OUTER_BOUND('',#1766,.T.);
#1220=FACE_OUTER_BOUND('',#1767,.T.);
#1221=FACE_OUTER_BOUND('',#1768,.T.);
#1222=FACE_OUTER_BOUND('',#1769,.T.);
#1223=FACE_OUTER_BOUND('',#1770,.T.);
#1224=FACE_OUTER_BOUND('',#1771,.T.);
#1225=FACE_OUTER_BOUND('',#1772,.T.);
#1226=FACE_OUTER_BOUND('',#1773,.T.);
#1227=FACE_OUTER_BOUND('',#1774,.T.);
#1228=FACE_OUTER_BOUND('',#1775,.T.);
#1229=FACE_OUTER_BOUND('',#1793,.T.);
#1230=FACE_OUTER_BOUND('',#1794,.T.);
#1231=FACE_OUTER_BOUND('',#1795,.T.);
#1232=FACE_OUTER_BOUND('',#1796,.T.);
#1233=FACE_OUTER_BOUND('',#1797,.T.);
#1234=FACE_OUTER_BOUND('',#1798,.T.);
#1235=FACE_OUTER_BOUND('',#1799,.T.);
#1236=FACE_OUTER_BOUND('',#1800,.T.);
#1237=FACE_OUTER_BOUND('',#1801,.T.);
#1238=FACE_OUTER_BOUND('',#1802,.T.);
#1239=FACE_OUTER_BOUND('',#1803,.T.);
#1240=FACE_OUTER_BOUND('',#1804,.T.);
#1241=FACE_OUTER_BOUND('',#1805,.T.);
#1242=FACE_OUTER_BOUND('',#1806,.T.);
#1243=FACE_OUTER_BOUND('',#1807,.T.);
#1244=FACE_OUTER_BOUND('',#1808,.T.);
#1245=FACE_OUTER_BOUND('',#1809,.T.);
#1246=FACE_OUTER_BOUND('',#1810,.T.);
#1247=FACE_OUTER_BOUND('',#1811,.T.);
#1248=FACE_OUTER_BOUND('',#1812,.T.);
#1249=FACE_OUTER_BOUND('',#1813,.T.);
#1250=FACE_OUTER_BOUND('',#1814,.T.);
#1251=FACE_OUTER_BOUND('',#1815,.T.);
#1252=FACE_OUTER_BOUND('',#1816,.T.);
#1253=FACE_OUTER_BOUND('',#1817,.T.);
#1254=FACE_OUTER_BOUND('',#1818,.T.);
#1255=FACE_OUTER_BOUND('',#1819,.T.);
#1256=FACE_OUTER_BOUND('',#1820,.T.);
#1257=FACE_OUTER_BOUND('',#1821,.T.);
#1258=FACE_OUTER_BOUND('',#1822,.T.);
#1259=FACE_OUTER_BOUND('',#1823,.T.);
#1260=FACE_OUTER_BOUND('',#1824,.T.);
#1261=FACE_OUTER_BOUND('',#1825,.T.);
#1262=FACE_OUTER_BOUND('',#1826,.T.);
#1263=FACE_OUTER_BOUND('',#1827,.T.);
#1264=FACE_OUTER_BOUND('',#1828,.T.);
#1265=FACE_OUTER_BOUND('',#1829,.T.);
#1266=FACE_OUTER_BOUND('',#1830,.T.);
#1267=FACE_OUTER_BOUND('',#1831,.T.);
#1268=FACE_OUTER_BOUND('',#1832,.T.);
#1269=FACE_OUTER_BOUND('',#1833,.T.);
#1270=FACE_OUTER_BOUND('',#1834,.T.);
#1271=FACE_OUTER_BOUND('',#1835,.T.);
#1272=FACE_OUTER_BOUND('',#1836,.T.);
#1273=FACE_OUTER_BOUND('',#1837,.T.);
#1274=FACE_OUTER_BOUND('',#1838,.T.);
#1275=FACE_OUTER_BOUND('',#1839,.T.);
#1276=FACE_OUTER_BOUND('',#1840,.T.);
#1277=FACE_OUTER_BOUND('',#1841,.T.);
#1278=FACE_OUTER_BOUND('',#1842,.T.);
#1279=FACE_OUTER_BOUND('',#1843,.T.);
#1280=FACE_OUTER_BOUND('',#1844,.T.);
#1281=FACE_OUTER_BOUND('',#1845,.T.);
#1282=FACE_OUTER_BOUND('',#1846,.T.);
#1283=FACE_OUTER_BOUND('',#1847,.T.);
#1284=FACE_OUTER_BOUND('',#1848,.T.);
#1285=FACE_OUTER_BOUND('',#1849,.T.);
#1286=FACE_OUTER_BOUND('',#1850,.T.);
#1287=FACE_OUTER_BOUND('',#1851,.T.);
#1288=FACE_OUTER_BOUND('',#1852,.T.);
#1289=FACE_OUTER_BOUND('',#1853,.T.);
#1290=FACE_OUTER_BOUND('',#1854,.T.);
#1291=FACE_OUTER_BOUND('',#1855,.T.);
#1292=FACE_OUTER_BOUND('',#1856,.T.);
#1293=FACE_OUTER_BOUND('',#1857,.T.);
#1294=FACE_OUTER_BOUND('',#1858,.T.);
#1295=FACE_OUTER_BOUND('',#1859,.T.);
#1296=FACE_OUTER_BOUND('',#1860,.T.);
#1297=FACE_OUTER_BOUND('',#1861,.T.);
#1298=FACE_OUTER_BOUND('',#1862,.T.);
#1299=FACE_OUTER_BOUND('',#1863,.T.);
#1300=FACE_OUTER_BOUND('',#1864,.T.);
#1301=FACE_OUTER_BOUND('',#1865,.T.);
#1302=FACE_OUTER_BOUND('',#1866,.T.);
#1303=FACE_OUTER_BOUND('',#1867,.T.);
#1304=FACE_OUTER_BOUND('',#1868,.T.);
#1305=FACE_OUTER_BOUND('',#1869,.T.);
#1306=FACE_OUTER_BOUND('',#1870,.T.);
#1307=FACE_OUTER_BOUND('',#1871,.T.);
#1308=FACE_OUTER_BOUND('',#1872,.T.);
#1309=FACE_OUTER_BOUND('',#1873,.T.);
#1310=FACE_OUTER_BOUND('',#1874,.T.);
#1311=FACE_OUTER_BOUND('',#1875,.T.);
#1312=FACE_OUTER_BOUND('',#1876,.T.);
#1313=FACE_OUTER_BOUND('',#1877,.T.);
#1314=FACE_OUTER_BOUND('',#1878,.T.);
#1315=FACE_OUTER_BOUND('',#1879,.T.);
#1316=FACE_OUTER_BOUND('',#1880,.T.);
#1317=FACE_OUTER_BOUND('',#1881,.T.);
#1318=FACE_OUTER_BOUND('',#1882,.T.);
#1319=FACE_OUTER_BOUND('',#1883,.T.);
#1320=FACE_OUTER_BOUND('',#1884,.T.);
#1321=FACE_OUTER_BOUND('',#1885,.T.);
#1322=FACE_OUTER_BOUND('',#1886,.T.);
#1323=FACE_OUTER_BOUND('',#1887,.T.);
#1324=FACE_OUTER_BOUND('',#1888,.T.);
#1325=FACE_OUTER_BOUND('',#1889,.T.);
#1326=FACE_OUTER_BOUND('',#1890,.T.);
#1327=FACE_OUTER_BOUND('',#1891,.T.);
#1328=FACE_OUTER_BOUND('',#1892,.T.);
#1329=FACE_OUTER_BOUND('',#1893,.T.);
#1330=FACE_OUTER_BOUND('',#1894,.T.);
#1331=FACE_OUTER_BOUND('',#1895,.T.);
#1332=FACE_OUTER_BOUND('',#1896,.T.);
#1333=FACE_OUTER_BOUND('',#1897,.T.);
#1334=FACE_OUTER_BOUND('',#1898,.T.);
#1335=FACE_OUTER_BOUND('',#1899,.T.);
#1336=FACE_OUTER_BOUND('',#1900,.T.);
#1337=FACE_OUTER_BOUND('',#1901,.T.);
#1338=FACE_OUTER_BOUND('',#1902,.T.);
#1339=FACE_OUTER_BOUND('',#1903,.T.);
#1340=FACE_OUTER_BOUND('',#1904,.T.);
#1341=FACE_OUTER_BOUND('',#1905,.T.);
#1342=FACE_OUTER_BOUND('',#1906,.T.);
#1343=FACE_OUTER_BOUND('',#1907,.T.);
#1344=FACE_OUTER_BOUND('',#1908,.T.);
#1345=FACE_OUTER_BOUND('',#1909,.T.);
#1346=FACE_OUTER_BOUND('',#1910,.T.);
#1347=FACE_OUTER_BOUND('',#1911,.T.);
#1348=FACE_OUTER_BOUND('',#1912,.T.);
#1349=FACE_OUTER_BOUND('',#1913,.T.);
#1350=FACE_OUTER_BOUND('',#1914,.T.);
#1351=FACE_OUTER_BOUND('',#1915,.T.);
#1352=FACE_OUTER_BOUND('',#1916,.T.);
#1353=FACE_OUTER_BOUND('',#1917,.T.);
#1354=FACE_OUTER_BOUND('',#1918,.T.);
#1355=FACE_OUTER_BOUND('',#1919,.T.);
#1356=FACE_OUTER_BOUND('',#1920,.T.);
#1357=FACE_OUTER_BOUND('',#1921,.T.);
#1358=FACE_OUTER_BOUND('',#1922,.T.);
#1359=FACE_OUTER_BOUND('',#1923,.T.);
#1360=FACE_OUTER_BOUND('',#1924,.T.);
#1361=FACE_OUTER_BOUND('',#1925,.T.);
#1362=FACE_OUTER_BOUND('',#1926,.T.);
#1363=FACE_OUTER_BOUND('',#1927,.T.);
#1364=FACE_OUTER_BOUND('',#1928,.T.);
#1365=FACE_OUTER_BOUND('',#1929,.T.);
#1366=FACE_OUTER_BOUND('',#1930,.T.);
#1367=FACE_OUTER_BOUND('',#1931,.T.);
#1368=FACE_OUTER_BOUND('',#1932,.T.);
#1369=FACE_OUTER_BOUND('',#1933,.T.);
#1370=FACE_OUTER_BOUND('',#1934,.T.);
#1371=FACE_OUTER_BOUND('',#1935,.T.);
#1372=FACE_OUTER_BOUND('',#1936,.T.);
#1373=FACE_OUTER_BOUND('',#1937,.T.);
#1374=FACE_OUTER_BOUND('',#1938,.T.);
#1375=FACE_OUTER_BOUND('',#1939,.T.);
#1376=FACE_OUTER_BOUND('',#1940,.T.);
#1377=FACE_OUTER_BOUND('',#1941,.T.);
#1378=FACE_OUTER_BOUND('',#1942,.T.);
#1379=FACE_OUTER_BOUND('',#1943,.T.);
#1380=FACE_OUTER_BOUND('',#1944,.T.);
#1381=FACE_OUTER_BOUND('',#1945,.T.);
#1382=FACE_OUTER_BOUND('',#1946,.T.);
#1383=FACE_OUTER_BOUND('',#1947,.T.);
#1384=FACE_OUTER_BOUND('',#1948,.T.);
#1385=FACE_OUTER_BOUND('',#1949,.T.);
#1386=FACE_OUTER_BOUND('',#1950,.T.);
#1387=FACE_OUTER_BOUND('',#1951,.T.);
#1388=FACE_OUTER_BOUND('',#1952,.T.);
#1389=FACE_OUTER_BOUND('',#1953,.T.);
#1390=FACE_OUTER_BOUND('',#1954,.T.);
#1391=FACE_OUTER_BOUND('',#1955,.T.);
#1392=FACE_OUTER_BOUND('',#1956,.T.);
#1393=FACE_OUTER_BOUND('',#1957,.T.);
#1394=FACE_OUTER_BOUND('',#1958,.T.);
#1395=FACE_OUTER_BOUND('',#1959,.T.);
#1396=FACE_OUTER_BOUND('',#1960,.T.);
#1397=FACE_OUTER_BOUND('',#1961,.T.);
#1398=FACE_OUTER_BOUND('',#1962,.T.);
#1399=FACE_OUTER_BOUND('',#1963,.T.);
#1400=FACE_OUTER_BOUND('',#1964,.T.);
#1401=FACE_OUTER_BOUND('',#1965,.T.);
#1402=FACE_OUTER_BOUND('',#1966,.T.);
#1403=FACE_OUTER_BOUND('',#1967,.T.);
#1404=FACE_OUTER_BOUND('',#1968,.T.);
#1405=FACE_OUTER_BOUND('',#1969,.T.);
#1406=FACE_OUTER_BOUND('',#1970,.T.);
#1407=FACE_OUTER_BOUND('',#1971,.T.);
#1408=FACE_OUTER_BOUND('',#1972,.T.);
#1409=FACE_OUTER_BOUND('',#1973,.T.);
#1410=FACE_OUTER_BOUND('',#1974,.T.);
#1411=FACE_OUTER_BOUND('',#1975,.T.);
#1412=FACE_OUTER_BOUND('',#1976,.T.);
#1413=FACE_OUTER_BOUND('',#1977,.T.);
#1414=FACE_OUTER_BOUND('',#1978,.T.);
#1415=FACE_OUTER_BOUND('',#1979,.T.);
#1416=FACE_OUTER_BOUND('',#1980,.T.);
#1417=FACE_OUTER_BOUND('',#1981,.T.);
#1418=FACE_OUTER_BOUND('',#1982,.T.);
#1419=FACE_OUTER_BOUND('',#1983,.T.);
#1420=FACE_OUTER_BOUND('',#1984,.T.);
#1421=FACE_OUTER_BOUND('',#1985,.T.);
#1422=FACE_OUTER_BOUND('',#1986,.T.);
#1423=FACE_OUTER_BOUND('',#1987,.T.);
#1424=FACE_OUTER_BOUND('',#1988,.T.);
#1425=FACE_OUTER_BOUND('',#1989,.T.);
#1426=FACE_OUTER_BOUND('',#1990,.T.);
#1427=FACE_OUTER_BOUND('',#1991,.T.);
#1428=FACE_OUTER_BOUND('',#1992,.T.);
#1429=FACE_OUTER_BOUND('',#1993,.T.);
#1430=FACE_OUTER_BOUND('',#1994,.T.);
#1431=FACE_OUTER_BOUND('',#1995,.T.);
#1432=FACE_OUTER_BOUND('',#1996,.T.);
#1433=FACE_OUTER_BOUND('',#1997,.T.);
#1434=FACE_OUTER_BOUND('',#1998,.T.);
#1435=FACE_OUTER_BOUND('',#1999,.T.);
#1436=FACE_OUTER_BOUND('',#2000,.T.);
#1437=FACE_OUTER_BOUND('',#2001,.T.);
#1438=FACE_OUTER_BOUND('',#2002,.T.);
#1439=FACE_OUTER_BOUND('',#2003,.T.);
#1440=FACE_OUTER_BOUND('',#2004,.T.);
#1441=FACE_OUTER_BOUND('',#2005,.T.);
#1442=FACE_OUTER_BOUND('',#2006,.T.);
#1443=FACE_OUTER_BOUND('',#2007,.T.);
#1444=FACE_OUTER_BOUND('',#2008,.T.);
#1445=FACE_OUTER_BOUND('',#2009,.T.);
#1446=FACE_OUTER_BOUND('',#2010,.T.);
#1447=FACE_OUTER_BOUND('',#2011,.T.);
#1448=FACE_OUTER_BOUND('',#2012,.T.);
#1449=FACE_OUTER_BOUND('',#2013,.T.);
#1450=FACE_OUTER_BOUND('',#2014,.T.);
#1451=FACE_OUTER_BOUND('',#2015,.T.);
#1452=FACE_OUTER_BOUND('',#2016,.T.);
#1453=FACE_OUTER_BOUND('',#2017,.T.);
#1454=FACE_OUTER_BOUND('',#2018,.T.);
#1455=FACE_OUTER_BOUND('',#2019,.T.);
#1456=FACE_OUTER_BOUND('',#2020,.T.);
#1457=FACE_OUTER_BOUND('',#2021,.T.);
#1458=FACE_OUTER_BOUND('',#2022,.T.);
#1459=FACE_OUTER_BOUND('',#2023,.T.);
#1460=FACE_OUTER_BOUND('',#2024,.T.);
#1461=FACE_OUTER_BOUND('',#2025,.T.);
#1462=FACE_OUTER_BOUND('',#2026,.T.);
#1463=FACE_OUTER_BOUND('',#2027,.T.);
#1464=FACE_OUTER_BOUND('',#2028,.T.);
#1465=FACE_OUTER_BOUND('',#2029,.T.);
#1466=FACE_OUTER_BOUND('',#2030,.T.);
#1467=FACE_OUTER_BOUND('',#2031,.T.);
#1468=FACE_OUTER_BOUND('',#2032,.T.);
#1469=FACE_OUTER_BOUND('',#2033,.T.);
#1470=FACE_OUTER_BOUND('',#2034,.T.);
#1471=FACE_OUTER_BOUND('',#2035,.T.);
#1472=FACE_OUTER_BOUND('',#2036,.T.);
#1473=FACE_OUTER_BOUND('',#2037,.T.);
#1474=FACE_OUTER_BOUND('',#2038,.T.);
#1475=FACE_OUTER_BOUND('',#2039,.T.);
#1476=FACE_OUTER_BOUND('',#2040,.T.);
#1477=FACE_OUTER_BOUND('',#2041,.T.);
#1478=FACE_OUTER_BOUND('',#2042,.T.);
#1479=FACE_OUTER_BOUND('',#2043,.T.);
#1480=FACE_OUTER_BOUND('',#2044,.T.);
#1481=FACE_OUTER_BOUND('',#2045,.T.);
#1482=FACE_OUTER_BOUND('',#2046,.T.);
#1483=FACE_OUTER_BOUND('',#2047,.T.);
#1484=FACE_OUTER_BOUND('',#2048,.T.);
#1485=FACE_OUTER_BOUND('',#2049,.T.);
#1486=FACE_OUTER_BOUND('',#2050,.T.);
#1487=FACE_OUTER_BOUND('',#2051,.T.);
#1488=FACE_OUTER_BOUND('',#2052,.T.);
#1489=FACE_OUTER_BOUND('',#2053,.T.);
#1490=FACE_OUTER_BOUND('',#2054,.T.);
#1491=FACE_OUTER_BOUND('',#2055,.T.);
#1492=FACE_OUTER_BOUND('',#2056,.T.);
#1493=FACE_OUTER_BOUND('',#2057,.T.);
#1494=FACE_OUTER_BOUND('',#2058,.T.);
#1495=FACE_OUTER_BOUND('',#2059,.T.);
#1496=FACE_OUTER_BOUND('',#2060,.T.);
#1497=FACE_OUTER_BOUND('',#2061,.T.);
#1498=FACE_OUTER_BOUND('',#2062,.T.);
#1499=FACE_OUTER_BOUND('',#2063,.T.);
#1500=FACE_OUTER_BOUND('',#2064,.T.);
#1501=FACE_OUTER_BOUND('',#2065,.T.);
#1502=FACE_OUTER_BOUND('',#2066,.T.);
#1503=FACE_OUTER_BOUND('',#2067,.T.);
#1504=FACE_OUTER_BOUND('',#2068,.T.);
#1505=FACE_OUTER_BOUND('',#2069,.T.);
#1506=FACE_OUTER_BOUND('',#2070,.T.);
#1507=FACE_OUTER_BOUND('',#2071,.T.);
#1508=FACE_OUTER_BOUND('',#2072,.T.);
#1509=FACE_OUTER_BOUND('',#2073,.T.);
#1510=FACE_OUTER_BOUND('',#2074,.T.);
#1511=FACE_OUTER_BOUND('',#2075,.T.);
#1512=FACE_OUTER_BOUND('',#2076,.T.);
#1513=FACE_OUTER_BOUND('',#2077,.T.);
#1514=FACE_OUTER_BOUND('',#2078,.T.);
#1515=FACE_OUTER_BOUND('',#2079,.T.);
#1516=FACE_OUTER_BOUND('',#2080,.T.);
#1517=FACE_OUTER_BOUND('',#2081,.T.);
#1518=FACE_OUTER_BOUND('',#2082,.T.);
#1519=FACE_OUTER_BOUND('',#2083,.T.);
#1520=FACE_OUTER_BOUND('',#2084,.T.);
#1521=FACE_OUTER_BOUND('',#2085,.T.);
#1522=FACE_OUTER_BOUND('',#2086,.T.);
#1523=FACE_OUTER_BOUND('',#2087,.T.);
#1524=FACE_OUTER_BOUND('',#2088,.T.);
#1525=FACE_OUTER_BOUND('',#2089,.T.);
#1526=FACE_OUTER_BOUND('',#2090,.T.);
#1527=FACE_OUTER_BOUND('',#2091,.T.);
#1528=FACE_OUTER_BOUND('',#2092,.T.);
#1529=FACE_OUTER_BOUND('',#2093,.T.);
#1530=FACE_OUTER_BOUND('',#2094,.T.);
#1531=FACE_OUTER_BOUND('',#2095,.T.);
#1532=FACE_OUTER_BOUND('',#2096,.T.);
#1533=FACE_OUTER_BOUND('',#2097,.T.);
#1534=FACE_OUTER_BOUND('',#2098,.T.);
#1535=FACE_OUTER_BOUND('',#2099,.T.);
#1536=FACE_OUTER_BOUND('',#2100,.T.);
#1537=FACE_OUTER_BOUND('',#2101,.T.);
#1538=FACE_OUTER_BOUND('',#2102,.T.);
#1539=FACE_OUTER_BOUND('',#2103,.T.);
#1540=FACE_OUTER_BOUND('',#2104,.T.);
#1541=FACE_OUTER_BOUND('',#2105,.T.);
#1542=FACE_OUTER_BOUND('',#2106,.T.);
#1543=FACE_OUTER_BOUND('',#2107,.T.);
#1544=FACE_OUTER_BOUND('',#2108,.T.);
#1545=FACE_OUTER_BOUND('',#2109,.T.);
#1546=FACE_OUTER_BOUND('',#2110,.T.);
#1547=FACE_OUTER_BOUND('',#2111,.T.);
#1548=FACE_OUTER_BOUND('',#2112,.T.);
#1549=FACE_OUTER_BOUND('',#2113,.T.);
#1550=FACE_OUTER_BOUND('',#2114,.T.);
#1551=FACE_OUTER_BOUND('',#2115,.T.);
#1552=FACE_OUTER_BOUND('',#2116,.T.);
#1553=FACE_OUTER_BOUND('',#2117,.T.);
#1554=FACE_OUTER_BOUND('',#2118,.T.);
#1555=FACE_OUTER_BOUND('',#2119,.T.);
#1556=FACE_OUTER_BOUND('',#2120,.T.);
#1557=FACE_OUTER_BOUND('',#2121,.T.);
#1558=FACE_OUTER_BOUND('',#2122,.T.);
#1559=EDGE_LOOP('',(#6975,#6976,#6977,#6978));
#1560=EDGE_LOOP('',(#6979,#6980,#6981,#6982));
#1561=EDGE_LOOP('',(#6983,#6984,#6985,#6986));
#1562=EDGE_LOOP('',(#6987,#6988,#6989,#6990));
#1563=EDGE_LOOP('',(#6991,#6992,#6993,#6994));
#1564=EDGE_LOOP('',(#6995,#6996,#6997,#6998));
#1565=EDGE_LOOP('',(#6999,#7000,#7001,#7002));
#1566=EDGE_LOOP('',(#7003,#7004,#7005,#7006));
#1567=EDGE_LOOP('',(#7007,#7008,#7009,#7010));
#1568=EDGE_LOOP('',(#7011,#7012,#7013,#7014));
#1569=EDGE_LOOP('',(#7015,#7016,#7017,#7018));
#1570=EDGE_LOOP('',(#7019,#7020,#7021,#7022));
#1571=EDGE_LOOP('',(#7023,#7024,#7025,#7026));
#1572=EDGE_LOOP('',(#7027,#7028,#7029,#7030));
#1573=EDGE_LOOP('',(#7031,#7032,#7033,#7034));
#1574=EDGE_LOOP('',(#7035,#7036,#7037,#7038));
#1575=EDGE_LOOP('',(#7039,#7040,#7041,#7042));
#1576=EDGE_LOOP('',(#7043,#7044,#7045,#7046));
#1577=EDGE_LOOP('',(#7047,#7048,#7049,#7050));
#1578=EDGE_LOOP('',(#7051,#7052,#7053,#7054));
#1579=EDGE_LOOP('',(#7055,#7056,#7057,#7058));
#1580=EDGE_LOOP('',(#7059,#7060,#7061,#7062,#7063,#7064,#7065,#7066,#7067,
#7068,#7069));
#1581=EDGE_LOOP('',(#7070,#7071,#7072,#7073,#7074));
#1582=EDGE_LOOP('',(#7075,#7076,#7077,#7078,#7079));
#1583=EDGE_LOOP('',(#7080,#7081,#7082,#7083));
#1584=EDGE_LOOP('',(#7084,#7085,#7086,#7087));
#1585=EDGE_LOOP('',(#7088,#7089,#7090,#7091));
#1586=EDGE_LOOP('',(#7092,#7093,#7094,#7095));
#1587=EDGE_LOOP('',(#7096,#7097,#7098,#7099));
#1588=EDGE_LOOP('',(#7100,#7101,#7102,#7103));
#1589=EDGE_LOOP('',(#7104,#7105,#7106,#7107));
#1590=EDGE_LOOP('',(#7108,#7109,#7110,#7111));
#1591=EDGE_LOOP('',(#7112,#7113,#7114,#7115));
#1592=EDGE_LOOP('',(#7116,#7117,#7118,#7119));
#1593=EDGE_LOOP('',(#7120,#7121,#7122,#7123));
#1594=EDGE_LOOP('',(#7124,#7125,#7126,#7127));
#1595=EDGE_LOOP('',(#7128,#7129,#7130,#7131));
#1596=EDGE_LOOP('',(#7132,#7133,#7134,#7135,#7136,#7137,#7138,#7139,#7140,
#7141,#7142,#7143,#7144));
#1597=EDGE_LOOP('',(#7145,#7146,#7147,#7148));
#1598=EDGE_LOOP('',(#7149,#7150,#7151,#7152));
#1599=EDGE_LOOP('',(#7153,#7154,#7155,#7156));
#1600=EDGE_LOOP('',(#7157,#7158,#7159,#7160));
#1601=EDGE_LOOP('',(#7161,#7162,#7163,#7164));
#1602=EDGE_LOOP('',(#7165,#7166,#7167,#7168));
#1603=EDGE_LOOP('',(#7169,#7170,#7171,#7172));
#1604=EDGE_LOOP('',(#7173,#7174,#7175,#7176));
#1605=EDGE_LOOP('',(#7177,#7178,#7179,#7180));
#1606=EDGE_LOOP('',(#7181,#7182,#7183,#7184));
#1607=EDGE_LOOP('',(#7185,#7186,#7187,#7188));
#1608=EDGE_LOOP('',(#7189,#7190,#7191,#7192));
#1609=EDGE_LOOP('',(#7193,#7194,#7195,#7196));
#1610=EDGE_LOOP('',(#7197,#7198,#7199,#7200,#7201,#7202,#7203,#7204));
#1611=EDGE_LOOP('',(#7205,#7206,#7207,#7208));
#1612=EDGE_LOOP('',(#7209,#7210,#7211,#7212));
#1613=EDGE_LOOP('',(#7213,#7214,#7215,#7216));
#1614=EDGE_LOOP('',(#7217,#7218,#7219,#7220));
#1615=EDGE_LOOP('',(#7221,#7222,#7223,#7224));
#1616=EDGE_LOOP('',(#7225,#7226,#7227,#7228));
#1617=EDGE_LOOP('',(#7229,#7230,#7231,#7232));
#1618=EDGE_LOOP('',(#7233,#7234,#7235,#7236));
#1619=EDGE_LOOP('',(#7237,#7238,#7239,#7240));
#1620=EDGE_LOOP('',(#7241,#7242,#7243,#7244));
#1621=EDGE_LOOP('',(#7245,#7246,#7247,#7248));
#1622=EDGE_LOOP('',(#7249,#7250,#7251,#7252,#7253,#7254,#7255,#7256));
#1623=EDGE_LOOP('',(#7257,#7258,#7259));
#1624=EDGE_LOOP('',(#7260,#7261,#7262,#7263));
#1625=EDGE_LOOP('',(#7264,#7265,#7266,#7267));
#1626=EDGE_LOOP('',(#7268,#7269,#7270,#7271));
#1627=EDGE_LOOP('',(#7272,#7273,#7274,#7275));
#1628=EDGE_LOOP('',(#7276,#7277,#7278,#7279));
#1629=EDGE_LOOP('',(#7280,#7281,#7282,#7283));
#1630=EDGE_LOOP('',(#7284,#7285,#7286,#7287));
#1631=EDGE_LOOP('',(#7288,#7289,#7290,#7291));
#1632=EDGE_LOOP('',(#7292,#7293,#7294,#7295));
#1633=EDGE_LOOP('',(#7296,#7297,#7298,#7299));
#1634=EDGE_LOOP('',(#7300,#7301,#7302,#7303));
#1635=EDGE_LOOP('',(#7304,#7305,#7306,#7307));
#1636=EDGE_LOOP('',(#7308,#7309,#7310,#7311,#7312,#7313,#7314,#7315,#7316,
#7317,#7318,#7319));
#1637=EDGE_LOOP('',(#7320,#7321,#7322,#7323));
#1638=EDGE_LOOP('',(#7324,#7325,#7326,#7327));
#1639=EDGE_LOOP('',(#7328,#7329,#7330,#7331));
#1640=EDGE_LOOP('',(#7332,#7333,#7334,#7335));
#1641=EDGE_LOOP('',(#7336,#7337,#7338,#7339));
#1642=EDGE_LOOP('',(#7340,#7341,#7342,#7343));
#1643=EDGE_LOOP('',(#7344,#7345,#7346,#7347));
#1644=EDGE_LOOP('',(#7348,#7349,#7350,#7351));
#1645=EDGE_LOOP('',(#7352,#7353,#7354,#7355,#7356,#7357,#7358,#7359));
#1646=EDGE_LOOP('',(#7360,#7361,#7362,#7363));
#1647=EDGE_LOOP('',(#7364,#7365,#7366,#7367));
#1648=EDGE_LOOP('',(#7368,#7369,#7370,#7371));
#1649=EDGE_LOOP('',(#7372,#7373,#7374,#7375));
#1650=EDGE_LOOP('',(#7376,#7377,#7378,#7379));
#1651=EDGE_LOOP('',(#7380,#7381,#7382,#7383));
#1652=EDGE_LOOP('',(#7384,#7385,#7386,#7387));
#1653=EDGE_LOOP('',(#7388,#7389,#7390,#7391));
#1654=EDGE_LOOP('',(#7392,#7393,#7394,#7395));
#1655=EDGE_LOOP('',(#7396,#7397,#7398,#7399));
#1656=EDGE_LOOP('',(#7400,#7401,#7402,#7403));
#1657=EDGE_LOOP('',(#7404,#7405,#7406,#7407,#7408,#7409,#7410,#7411));
#1658=EDGE_LOOP('',(#7412,#7413,#7414));
#1659=EDGE_LOOP('',(#7415,#7416,#7417,#7418));
#1660=EDGE_LOOP('',(#7419,#7420,#7421,#7422));
#1661=EDGE_LOOP('',(#7423,#7424,#7425,#7426));
#1662=EDGE_LOOP('',(#7427,#7428,#7429,#7430));
#1663=EDGE_LOOP('',(#7431,#7432,#7433,#7434));
#1664=EDGE_LOOP('',(#7435,#7436,#7437,#7438));
#1665=EDGE_LOOP('',(#7439,#7440,#7441,#7442));
#1666=EDGE_LOOP('',(#7443,#7444,#7445,#7446));
#1667=EDGE_LOOP('',(#7447,#7448,#7449,#7450));
#1668=EDGE_LOOP('',(#7451,#7452,#7453,#7454));
#1669=EDGE_LOOP('',(#7455,#7456,#7457,#7458));
#1670=EDGE_LOOP('',(#7459,#7460,#7461,#7462));
#1671=EDGE_LOOP('',(#7463,#7464,#7465,#7466));
#1672=EDGE_LOOP('',(#7467,#7468,#7469,#7470,#7471,#7472,#7473,#7474,#7475,
#7476,#7477,#7478,#7479));
#1673=EDGE_LOOP('',(#7480,#7481,#7482,#7483));
#1674=EDGE_LOOP('',(#7484,#7485,#7486,#7487));
#1675=EDGE_LOOP('',(#7488,#7489,#7490,#7491));
#1676=EDGE_LOOP('',(#7492,#7493,#7494,#7495));
#1677=EDGE_LOOP('',(#7496,#7497,#7498,#7499));
#1678=EDGE_LOOP('',(#7500,#7501,#7502,#7503));
#1679=EDGE_LOOP('',(#7504,#7505,#7506,#7507,#7508,#7509));
#1680=EDGE_LOOP('',(#7510,#7511,#7512,#7513));
#1681=EDGE_LOOP('',(#7514,#7515,#7516,#7517));
#1682=EDGE_LOOP('',(#7518,#7519,#7520,#7521));
#1683=EDGE_LOOP('',(#7522,#7523,#7524,#7525));
#1684=EDGE_LOOP('',(#7526,#7527,#7528,#7529));
#1685=EDGE_LOOP('',(#7530,#7531,#7532,#7533));
#1686=EDGE_LOOP('',(#7534,#7535,#7536,#7537));
#1687=EDGE_LOOP('',(#7538,#7539,#7540,#7541));
#1688=EDGE_LOOP('',(#7542,#7543,#7544,#7545));
#1689=EDGE_LOOP('',(#7546,#7547,#7548,#7549));
#1690=EDGE_LOOP('',(#7550,#7551,#7552,#7553));
#1691=EDGE_LOOP('',(#7554,#7555,#7556,#7557));
#1692=EDGE_LOOP('',(#7558,#7559,#7560,#7561));
#1693=EDGE_LOOP('',(#7562,#7563,#7564,#7565));
#1694=EDGE_LOOP('',(#7566,#7567,#7568,#7569));
#1695=EDGE_LOOP('',(#7570,#7571,#7572,#7573));
#1696=EDGE_LOOP('',(#7574,#7575,#7576,#7577));
#1697=EDGE_LOOP('',(#7578,#7579,#7580,#7581));
#1698=EDGE_LOOP('',(#7582,#7583,#7584,#7585,#7586,#7587,#7588,#7589,#7590,
#7591,#7592,#7593,#7594,#7595,#7596,#7597,#7598,#7599));
#1699=EDGE_LOOP('',(#7600,#7601,#7602,#7603));
#1700=EDGE_LOOP('',(#7604,#7605,#7606,#7607));
#1701=EDGE_LOOP('',(#7608,#7609,#7610,#7611));
#1702=EDGE_LOOP('',(#7612,#7613,#7614,#7615));
#1703=EDGE_LOOP('',(#7616,#7617,#7618,#7619));
#1704=EDGE_LOOP('',(#7620,#7621,#7622,#7623));
#1705=EDGE_LOOP('',(#7624,#7625,#7626,#7627));
#1706=EDGE_LOOP('',(#7628,#7629,#7630,#7631));
#1707=EDGE_LOOP('',(#7632,#7633,#7634,#7635));
#1708=EDGE_LOOP('',(#7636,#7637,#7638,#7639));
#1709=EDGE_LOOP('',(#7640,#7641,#7642,#7643));
#1710=EDGE_LOOP('',(#7644,#7645,#7646,#7647));
#1711=EDGE_LOOP('',(#7648,#7649,#7650,#7651));
#1712=EDGE_LOOP('',(#7652,#7653,#7654,#7655,#7656,#7657,#7658,#7659));
#1713=EDGE_LOOP('',(#7660,#7661,#7662,#7663));
#1714=EDGE_LOOP('',(#7664,#7665,#7666,#7667));
#1715=EDGE_LOOP('',(#7668,#7669,#7670,#7671));
#1716=EDGE_LOOP('',(#7672,#7673,#7674,#7675));
#1717=EDGE_LOOP('',(#7676,#7677,#7678,#7679));
#1718=EDGE_LOOP('',(#7680,#7681,#7682,#7683));
#1719=EDGE_LOOP('',(#7684,#7685,#7686,#7687));
#1720=EDGE_LOOP('',(#7688,#7689,#7690,#7691));
#1721=EDGE_LOOP('',(#7692,#7693,#7694,#7695));
#1722=EDGE_LOOP('',(#7696,#7697,#7698,#7699));
#1723=EDGE_LOOP('',(#7700,#7701,#7702,#7703));
#1724=EDGE_LOOP('',(#7704,#7705,#7706,#7707));
#1725=EDGE_LOOP('',(#7708,#7709,#7710,#7711));
#1726=EDGE_LOOP('',(#7712,#7713,#7714,#7715));
#1727=EDGE_LOOP('',(#7716,#7717,#7718,#7719,#7720,#7721,#7722,#7723,#7724,
#7725,#7726));
#1728=EDGE_LOOP('',(#7727,#7728,#7729));
#1729=EDGE_LOOP('',(#7730,#7731,#7732,#7733));
#1730=EDGE_LOOP('',(#7734,#7735,#7736,#7737));
#1731=EDGE_LOOP('',(#7738,#7739,#7740,#7741));
#1732=EDGE_LOOP('',(#7742,#7743,#7744,#7745));
#1733=EDGE_LOOP('',(#7746,#7747,#7748,#7749));
#1734=EDGE_LOOP('',(#7750,#7751,#7752,#7753));
#1735=EDGE_LOOP('',(#7754,#7755,#7756,#7757));
#1736=EDGE_LOOP('',(#7758,#7759,#7760,#7761));
#1737=EDGE_LOOP('',(#7762,#7763,#7764,#7765));
#1738=EDGE_LOOP('',(#7766,#7767,#7768,#7769));
#1739=EDGE_LOOP('',(#7770,#7771,#7772,#7773));
#1740=EDGE_LOOP('',(#7774,#7775,#7776,#7777,#7778,#7779,#7780,#7781));
#1741=EDGE_LOOP('',(#7782,#7783,#7784));
#1742=EDGE_LOOP('',(#7785,#7786,#7787,#7788));
#1743=EDGE_LOOP('',(#7789,#7790,#7791,#7792));
#1744=EDGE_LOOP('',(#7793,#7794,#7795,#7796));
#1745=EDGE_LOOP('',(#7797,#7798,#7799,#7800));
#1746=EDGE_LOOP('',(#7801,#7802,#7803,#7804));
#1747=EDGE_LOOP('',(#7805,#7806,#7807,#7808));
#1748=EDGE_LOOP('',(#7809,#7810,#7811,#7812));
#1749=EDGE_LOOP('',(#7813,#7814,#7815,#7816));
#1750=EDGE_LOOP('',(#7817,#7818,#7819,#7820));
#1751=EDGE_LOOP('',(#7821,#7822,#7823,#7824));
#1752=EDGE_LOOP('',(#7825,#7826,#7827,#7828));
#1753=EDGE_LOOP('',(#7829,#7830,#7831,#7832));
#1754=EDGE_LOOP('',(#7833,#7834,#7835,#7836));
#1755=EDGE_LOOP('',(#7837,#7838,#7839,#7840));
#1756=EDGE_LOOP('',(#7841,#7842,#7843,#7844));
#1757=EDGE_LOOP('',(#7845,#7846,#7847,#7848));
#1758=EDGE_LOOP('',(#7849,#7850,#7851,#7852,#7853,#7854,#7855,#7856,#7857));
#1759=EDGE_LOOP('',(#7858,#7859,#7860,#7861,#7862,#7863,#7864));
#1760=EDGE_LOOP('',(#7865,#7866,#7867,#7868));
#1761=EDGE_LOOP('',(#7869,#7870,#7871,#7872));
#1762=EDGE_LOOP('',(#7873,#7874,#7875,#7876));
#1763=EDGE_LOOP('',(#7877,#7878,#7879,#7880));
#1764=EDGE_LOOP('',(#7881,#7882,#7883,#7884));
#1765=EDGE_LOOP('',(#7885,#7886,#7887,#7888));
#1766=EDGE_LOOP('',(#7889,#7890,#7891,#7892));
#1767=EDGE_LOOP('',(#7893,#7894,#7895,#7896));
#1768=EDGE_LOOP('',(#7897,#7898,#7899,#7900));
#1769=EDGE_LOOP('',(#7901,#7902,#7903,#7904));
#1770=EDGE_LOOP('',(#7905,#7906,#7907,#7908));
#1771=EDGE_LOOP('',(#7909,#7910,#7911,#7912));
#1772=EDGE_LOOP('',(#7913,#7914,#7915,#7916));
#1773=EDGE_LOOP('',(#7917,#7918,#7919,#7920));
#1774=EDGE_LOOP('',(#7921,#7922,#7923,#7924,#7925,#7926,#7927,#7928,#7929,
#7930,#7931,#7932,#7933,#7934));
#1775=EDGE_LOOP('',(#7935,#7936,#7937,#7938,#7939,#7940));
#1776=EDGE_LOOP('',(#7941,#7942,#7943,#7944,#7945,#7946,#7947,#7948,#7949,
#7950,#7951,#7952,#7953,#7954));
#1777=EDGE_LOOP('',(#7955,#7956,#7957,#7958,#7959,#7960,#7961,#7962,#7963));
#1778=EDGE_LOOP('',(#7964,#7965,#7966,#7967,#7968,#7969,#7970,#7971));
#1779=EDGE_LOOP('',(#7972,#7973,#7974,#7975,#7976,#7977,#7978,#7979,#7980,
#7981,#7982));
#1780=EDGE_LOOP('',(#7983,#7984,#7985,#7986,#7987,#7988,#7989,#7990));
#1781=EDGE_LOOP('',(#7991,#7992,#7993,#7994));
#1782=EDGE_LOOP('',(#7995,#7996,#7997,#7998,#7999,#8000,#8001,#8002,#8003,
#8004,#8005,#8006,#8007,#8008,#8009,#8010,#8011,#8012));
#1783=EDGE_LOOP('',(#8013,#8014,#8015,#8016,#8017,#8018));
#1784=EDGE_LOOP('',(#8019,#8020,#8021,#8022,#8023,#8024,#8025,#8026,#8027,
#8028,#8029,#8030,#8031));
#1785=EDGE_LOOP('',(#8032,#8033,#8034,#8035,#8036,#8037,#8038,#8039));
#1786=EDGE_LOOP('',(#8040,#8041,#8042,#8043,#8044,#8045,#8046,#8047));
#1787=EDGE_LOOP('',(#8048,#8049,#8050,#8051,#8052,#8053,#8054,#8055,#8056,
#8057,#8058,#8059));
#1788=EDGE_LOOP('',(#8060,#8061,#8062,#8063,#8064,#8065,#8066,#8067));
#1789=EDGE_LOOP('',(#8068,#8069,#8070,#8071,#8072,#8073,#8074,#8075));
#1790=EDGE_LOOP('',(#8076,#8077,#8078,#8079));
#1791=EDGE_LOOP('',(#8080,#8081,#8082,#8083,#8084,#8085,#8086,#8087,#8088,
#8089,#8090,#8091,#8092));
#1792=EDGE_LOOP('',(#8093,#8094,#8095,#8096,#8097,#8098,#8099,#8100,#8101,
#8102,#8103));
#1793=EDGE_LOOP('',(#8104,#8105,#8106,#8107,#8108,#8109,#8110));
#1794=EDGE_LOOP('',(#8111,#8112,#8113));
#1795=EDGE_LOOP('',(#8114,#8115,#8116));
#1796=EDGE_LOOP('',(#8117,#8118,#8119));
#1797=EDGE_LOOP('',(#8120,#8121,#8122));
#1798=EDGE_LOOP('',(#8123,#8124,#8125,#8126,#8127));
#1799=EDGE_LOOP('',(#8128,#8129));
#1800=EDGE_LOOP('',(#8130,#8131,#8132,#8133));
#1801=EDGE_LOOP('',(#8134,#8135,#8136,#8137,#8138,#8139,#8140,#8141));
#1802=EDGE_LOOP('',(#8142,#8143,#8144,#8145));
#1803=EDGE_LOOP('',(#8146,#8147,#8148,#8149));
#1804=EDGE_LOOP('',(#8150,#8151,#8152,#8153,#8154,#8155,#8156,#8157,#8158,
#8159,#8160,#8161,#8162,#8163,#8164,#8165));
#1805=EDGE_LOOP('',(#8166,#8167,#8168,#8169));
#1806=EDGE_LOOP('',(#8170,#8171,#8172,#8173));
#1807=EDGE_LOOP('',(#8174,#8175,#8176,#8177));
#1808=EDGE_LOOP('',(#8178,#8179,#8180,#8181));
#1809=EDGE_LOOP('',(#8182,#8183,#8184,#8185,#8186,#8187,#8188));
#1810=EDGE_LOOP('',(#8189,#8190,#8191,#8192));
#1811=EDGE_LOOP('',(#8193,#8194,#8195,#8196));
#1812=EDGE_LOOP('',(#8197,#8198,#8199,#8200));
#1813=EDGE_LOOP('',(#8201,#8202,#8203,#8204));
#1814=EDGE_LOOP('',(#8205,#8206,#8207,#8208));
#1815=EDGE_LOOP('',(#8209,#8210,#8211,#8212));
#1816=EDGE_LOOP('',(#8213,#8214,#8215,#8216));
#1817=EDGE_LOOP('',(#8217,#8218,#8219,#8220));
#1818=EDGE_LOOP('',(#8221,#8222,#8223,#8224));
#1819=EDGE_LOOP('',(#8225,#8226,#8227,#8228));
#1820=EDGE_LOOP('',(#8229,#8230,#8231,#8232,#8233,#8234,#8235));
#1821=EDGE_LOOP('',(#8236,#8237,#8238,#8239));
#1822=EDGE_LOOP('',(#8240,#8241,#8242,#8243,#8244,#8245,#8246,#8247,#8248,
#8249,#8250,#8251,#8252,#8253));
#1823=EDGE_LOOP('',(#8254,#8255,#8256,#8257));
#1824=EDGE_LOOP('',(#8258,#8259,#8260,#8261));
#1825=EDGE_LOOP('',(#8262,#8263,#8264,#8265,#8266,#8267,#8268,#8269,#8270,
#8271,#8272,#8273,#8274,#8275,#8276,#8277));
#1826=EDGE_LOOP('',(#8278,#8279,#8280,#8281));
#1827=EDGE_LOOP('',(#8282,#8283,#8284,#8285));
#1828=EDGE_LOOP('',(#8286,#8287,#8288,#8289));
#1829=EDGE_LOOP('',(#8290,#8291,#8292,#8293));
#1830=EDGE_LOOP('',(#8294,#8295,#8296,#8297,#8298,#8299,#8300));
#1831=EDGE_LOOP('',(#8301,#8302,#8303,#8304));
#1832=EDGE_LOOP('',(#8305,#8306,#8307,#8308));
#1833=EDGE_LOOP('',(#8309,#8310,#8311,#8312));
#1834=EDGE_LOOP('',(#8313,#8314,#8315,#8316));
#1835=EDGE_LOOP('',(#8317,#8318,#8319,#8320));
#1836=EDGE_LOOP('',(#8321,#8322,#8323,#8324));
#1837=EDGE_LOOP('',(#8325,#8326,#8327,#8328));
#1838=EDGE_LOOP('',(#8329,#8330,#8331,#8332));
#1839=EDGE_LOOP('',(#8333,#8334,#8335,#8336));
#1840=EDGE_LOOP('',(#8337,#8338,#8339,#8340));
#1841=EDGE_LOOP('',(#8341,#8342,#8343,#8344,#8345,#8346,#8347));
#1842=EDGE_LOOP('',(#8348,#8349,#8350,#8351));
#1843=EDGE_LOOP('',(#8352,#8353,#8354,#8355,#8356,#8357,#8358,#8359,#8360,
#8361,#8362,#8363,#8364,#8365));
#1844=EDGE_LOOP('',(#8366,#8367,#8368,#8369));
#1845=EDGE_LOOP('',(#8370,#8371,#8372,#8373));
#1846=EDGE_LOOP('',(#8374,#8375,#8376,#8377,#8378,#8379,#8380,#8381,#8382,
#8383,#8384,#8385,#8386,#8387,#8388,#8389));
#1847=EDGE_LOOP('',(#8390,#8391,#8392,#8393));
#1848=EDGE_LOOP('',(#8394,#8395,#8396,#8397));
#1849=EDGE_LOOP('',(#8398,#8399,#8400,#8401));
#1850=EDGE_LOOP('',(#8402,#8403,#8404,#8405));
#1851=EDGE_LOOP('',(#8406,#8407,#8408,#8409,#8410,#8411,#8412));
#1852=EDGE_LOOP('',(#8413,#8414,#8415,#8416));
#1853=EDGE_LOOP('',(#8417,#8418,#8419,#8420));
#1854=EDGE_LOOP('',(#8421,#8422,#8423,#8424));
#1855=EDGE_LOOP('',(#8425,#8426,#8427,#8428));
#1856=EDGE_LOOP('',(#8429,#8430,#8431,#8432));
#1857=EDGE_LOOP('',(#8433,#8434,#8435,#8436));
#1858=EDGE_LOOP('',(#8437,#8438,#8439,#8440));
#1859=EDGE_LOOP('',(#8441,#8442,#8443,#8444));
#1860=EDGE_LOOP('',(#8445,#8446,#8447,#8448));
#1861=EDGE_LOOP('',(#8449,#8450,#8451,#8452));
#1862=EDGE_LOOP('',(#8453,#8454,#8455,#8456,#8457,#8458,#8459));
#1863=EDGE_LOOP('',(#8460,#8461,#8462,#8463));
#1864=EDGE_LOOP('',(#8464,#8465,#8466,#8467,#8468,#8469,#8470,#8471,#8472,
#8473,#8474,#8475,#8476,#8477));
#1865=EDGE_LOOP('',(#8478,#8479,#8480,#8481));
#1866=EDGE_LOOP('',(#8482,#8483,#8484,#8485));
#1867=EDGE_LOOP('',(#8486,#8487,#8488,#8489,#8490,#8491,#8492,#8493,#8494,
#8495,#8496,#8497,#8498,#8499,#8500,#8501));
#1868=EDGE_LOOP('',(#8502,#8503,#8504,#8505));
#1869=EDGE_LOOP('',(#8506,#8507,#8508,#8509));
#1870=EDGE_LOOP('',(#8510,#8511,#8512,#8513));
#1871=EDGE_LOOP('',(#8514,#8515,#8516,#8517));
#1872=EDGE_LOOP('',(#8518,#8519,#8520,#8521,#8522,#8523,#8524));
#1873=EDGE_LOOP('',(#8525,#8526,#8527,#8528));
#1874=EDGE_LOOP('',(#8529,#8530,#8531,#8532));
#1875=EDGE_LOOP('',(#8533,#8534,#8535,#8536));
#1876=EDGE_LOOP('',(#8537,#8538,#8539,#8540));
#1877=EDGE_LOOP('',(#8541,#8542,#8543,#8544));
#1878=EDGE_LOOP('',(#8545,#8546,#8547,#8548));
#1879=EDGE_LOOP('',(#8549,#8550,#8551,#8552));
#1880=EDGE_LOOP('',(#8553,#8554,#8555,#8556));
#1881=EDGE_LOOP('',(#8557,#8558,#8559,#8560));
#1882=EDGE_LOOP('',(#8561,#8562,#8563,#8564));
#1883=EDGE_LOOP('',(#8565,#8566,#8567,#8568,#8569,#8570,#8571));
#1884=EDGE_LOOP('',(#8572,#8573,#8574,#8575));
#1885=EDGE_LOOP('',(#8576,#8577,#8578,#8579,#8580,#8581,#8582,#8583,#8584,
#8585,#8586,#8587,#8588,#8589));
#1886=EDGE_LOOP('',(#8590,#8591,#8592,#8593));
#1887=EDGE_LOOP('',(#8594,#8595,#8596,#8597));
#1888=EDGE_LOOP('',(#8598,#8599,#8600,#8601,#8602,#8603,#8604,#8605,#8606,
#8607,#8608,#8609,#8610,#8611,#8612,#8613));
#1889=EDGE_LOOP('',(#8614,#8615,#8616,#8617));
#1890=EDGE_LOOP('',(#8618,#8619,#8620,#8621));
#1891=EDGE_LOOP('',(#8622,#8623,#8624,#8625));
#1892=EDGE_LOOP('',(#8626,#8627,#8628,#8629));
#1893=EDGE_LOOP('',(#8630,#8631,#8632,#8633,#8634,#8635,#8636));
#1894=EDGE_LOOP('',(#8637,#8638,#8639,#8640));
#1895=EDGE_LOOP('',(#8641,#8642,#8643,#8644));
#1896=EDGE_LOOP('',(#8645,#8646,#8647,#8648));
#1897=EDGE_LOOP('',(#8649,#8650,#8651,#8652));
#1898=EDGE_LOOP('',(#8653,#8654,#8655,#8656));
#1899=EDGE_LOOP('',(#8657,#8658,#8659,#8660));
#1900=EDGE_LOOP('',(#8661,#8662,#8663,#8664));
#1901=EDGE_LOOP('',(#8665,#8666,#8667,#8668));
#1902=EDGE_LOOP('',(#8669,#8670,#8671,#8672));
#1903=EDGE_LOOP('',(#8673,#8674,#8675,#8676));
#1904=EDGE_LOOP('',(#8677,#8678,#8679,#8680,#8681,#8682,#8683));
#1905=EDGE_LOOP('',(#8684,#8685,#8686,#8687));
#1906=EDGE_LOOP('',(#8688,#8689,#8690,#8691,#8692,#8693,#8694,#8695,#8696,
#8697,#8698,#8699,#8700,#8701));
#1907=EDGE_LOOP('',(#8702,#8703,#8704,#8705));
#1908=EDGE_LOOP('',(#8706,#8707,#8708,#8709));
#1909=EDGE_LOOP('',(#8710,#8711,#8712,#8713,#8714,#8715,#8716,#8717,#8718,
#8719,#8720,#8721,#8722,#8723,#8724,#8725));
#1910=EDGE_LOOP('',(#8726,#8727,#8728,#8729));
#1911=EDGE_LOOP('',(#8730,#8731,#8732,#8733));
#1912=EDGE_LOOP('',(#8734,#8735,#8736,#8737));
#1913=EDGE_LOOP('',(#8738,#8739,#8740,#8741));
#1914=EDGE_LOOP('',(#8742,#8743,#8744,#8745,#8746,#8747,#8748));
#1915=EDGE_LOOP('',(#8749,#8750,#8751,#8752));
#1916=EDGE_LOOP('',(#8753,#8754,#8755,#8756));
#1917=EDGE_LOOP('',(#8757,#8758,#8759,#8760));
#1918=EDGE_LOOP('',(#8761,#8762,#8763,#8764));
#1919=EDGE_LOOP('',(#8765,#8766,#8767,#8768));
#1920=EDGE_LOOP('',(#8769,#8770,#8771,#8772));
#1921=EDGE_LOOP('',(#8773,#8774,#8775,#8776));
#1922=EDGE_LOOP('',(#8777,#8778,#8779,#8780));
#1923=EDGE_LOOP('',(#8781,#8782,#8783,#8784));
#1924=EDGE_LOOP('',(#8785,#8786,#8787,#8788));
#1925=EDGE_LOOP('',(#8789,#8790,#8791,#8792,#8793,#8794,#8795));
#1926=EDGE_LOOP('',(#8796,#8797,#8798,#8799));
#1927=EDGE_LOOP('',(#8800,#8801,#8802,#8803,#8804,#8805,#8806,#8807,#8808,
#8809,#8810,#8811,#8812,#8813));
#1928=EDGE_LOOP('',(#8814,#8815,#8816,#8817));
#1929=EDGE_LOOP('',(#8818,#8819,#8820,#8821));
#1930=EDGE_LOOP('',(#8822,#8823,#8824,#8825));
#1931=EDGE_LOOP('',(#8826,#8827,#8828,#8829));
#1932=EDGE_LOOP('',(#8830,#8831,#8832,#8833));
#1933=EDGE_LOOP('',(#8834,#8835,#8836,#8837));
#1934=EDGE_LOOP('',(#8838,#8839,#8840,#8841));
#1935=EDGE_LOOP('',(#8842,#8843,#8844,#8845));
#1936=EDGE_LOOP('',(#8846,#8847,#8848,#8849));
#1937=EDGE_LOOP('',(#8850,#8851,#8852,#8853,#8854,#8855,#8856,#8857,#8858,
#8859,#8860,#8861,#8862,#8863,#8864,#8865));
#1938=EDGE_LOOP('',(#8866,#8867,#8868,#8869));
#1939=EDGE_LOOP('',(#8870,#8871,#8872,#8873));
#1940=EDGE_LOOP('',(#8874,#8875,#8876,#8877));
#1941=EDGE_LOOP('',(#8878,#8879,#8880,#8881));
#1942=EDGE_LOOP('',(#8882,#8883,#8884,#8885,#8886,#8887,#8888));
#1943=EDGE_LOOP('',(#8889,#8890,#8891,#8892));
#1944=EDGE_LOOP('',(#8893,#8894,#8895,#8896));
#1945=EDGE_LOOP('',(#8897,#8898,#8899,#8900));
#1946=EDGE_LOOP('',(#8901,#8902,#8903,#8904));
#1947=EDGE_LOOP('',(#8905,#8906,#8907,#8908));
#1948=EDGE_LOOP('',(#8909,#8910,#8911,#8912));
#1949=EDGE_LOOP('',(#8913,#8914,#8915,#8916));
#1950=EDGE_LOOP('',(#8917,#8918,#8919,#8920));
#1951=EDGE_LOOP('',(#8921,#8922,#8923,#8924));
#1952=EDGE_LOOP('',(#8925,#8926,#8927,#8928));
#1953=EDGE_LOOP('',(#8929,#8930,#8931,#8932,#8933,#8934,#8935));
#1954=EDGE_LOOP('',(#8936,#8937,#8938,#8939));
#1955=EDGE_LOOP('',(#8940,#8941,#8942,#8943,#8944,#8945,#8946,#8947,#8948,
#8949,#8950,#8951,#8952,#8953));
#1956=EDGE_LOOP('',(#8954,#8955,#8956,#8957));
#1957=EDGE_LOOP('',(#8958,#8959,#8960,#8961));
#1958=EDGE_LOOP('',(#8962,#8963,#8964,#8965));
#1959=EDGE_LOOP('',(#8966,#8967,#8968,#8969,#8970,#8971,#8972,#8973,#8974,
#8975,#8976,#8977,#8978,#8979,#8980,#8981));
#1960=EDGE_LOOP('',(#8982,#8983,#8984,#8985));
#1961=EDGE_LOOP('',(#8986,#8987,#8988,#8989));
#1962=EDGE_LOOP('',(#8990,#8991,#8992,#8993));
#1963=EDGE_LOOP('',(#8994,#8995,#8996,#8997));
#1964=EDGE_LOOP('',(#8998,#8999,#9000,#9001,#9002,#9003,#9004));
#1965=EDGE_LOOP('',(#9005,#9006,#9007,#9008));
#1966=EDGE_LOOP('',(#9009,#9010,#9011,#9012));
#1967=EDGE_LOOP('',(#9013,#9014,#9015,#9016));
#1968=EDGE_LOOP('',(#9017,#9018,#9019,#9020));
#1969=EDGE_LOOP('',(#9021,#9022,#9023,#9024));
#1970=EDGE_LOOP('',(#9025,#9026,#9027,#9028));
#1971=EDGE_LOOP('',(#9029,#9030,#9031,#9032));
#1972=EDGE_LOOP('',(#9033,#9034,#9035,#9036));
#1973=EDGE_LOOP('',(#9037,#9038,#9039,#9040));
#1974=EDGE_LOOP('',(#9041,#9042,#9043,#9044));
#1975=EDGE_LOOP('',(#9045,#9046,#9047,#9048,#9049,#9050,#9051));
#1976=EDGE_LOOP('',(#9052,#9053,#9054,#9055));
#1977=EDGE_LOOP('',(#9056,#9057,#9058,#9059,#9060,#9061,#9062,#9063,#9064,
#9065,#9066,#9067,#9068,#9069));
#1978=EDGE_LOOP('',(#9070,#9071,#9072,#9073));
#1979=EDGE_LOOP('',(#9074,#9075,#9076,#9077));
#1980=EDGE_LOOP('',(#9078,#9079,#9080,#9081,#9082,#9083,#9084,#9085,#9086,
#9087,#9088,#9089,#9090,#9091,#9092,#9093));
#1981=EDGE_LOOP('',(#9094,#9095,#9096,#9097));
#1982=EDGE_LOOP('',(#9098,#9099,#9100,#9101));
#1983=EDGE_LOOP('',(#9102,#9103,#9104,#9105));
#1984=EDGE_LOOP('',(#9106,#9107,#9108,#9109));
#1985=EDGE_LOOP('',(#9110,#9111,#9112,#9113,#9114,#9115,#9116));
#1986=EDGE_LOOP('',(#9117,#9118,#9119,#9120));
#1987=EDGE_LOOP('',(#9121,#9122,#9123,#9124));
#1988=EDGE_LOOP('',(#9125,#9126,#9127,#9128));
#1989=EDGE_LOOP('',(#9129,#9130,#9131,#9132));
#1990=EDGE_LOOP('',(#9133,#9134,#9135,#9136));
#1991=EDGE_LOOP('',(#9137,#9138,#9139,#9140));
#1992=EDGE_LOOP('',(#9141,#9142,#9143,#9144));
#1993=EDGE_LOOP('',(#9145,#9146,#9147,#9148));
#1994=EDGE_LOOP('',(#9149,#9150,#9151,#9152));
#1995=EDGE_LOOP('',(#9153,#9154,#9155,#9156));
#1996=EDGE_LOOP('',(#9157,#9158,#9159,#9160,#9161,#9162,#9163));
#1997=EDGE_LOOP('',(#9164,#9165,#9166,#9167));
#1998=EDGE_LOOP('',(#9168,#9169,#9170,#9171,#9172,#9173,#9174,#9175,#9176,
#9177,#9178,#9179,#9180,#9181));
#1999=EDGE_LOOP('',(#9182,#9183,#9184,#9185));
#2000=EDGE_LOOP('',(#9186,#9187,#9188,#9189));
#2001=EDGE_LOOP('',(#9190,#9191,#9192,#9193,#9194,#9195,#9196,#9197,#9198,
#9199,#9200,#9201,#9202,#9203,#9204,#9205));
#2002=EDGE_LOOP('',(#9206,#9207,#9208,#9209));
#2003=EDGE_LOOP('',(#9210,#9211,#9212,#9213));
#2004=EDGE_LOOP('',(#9214,#9215,#9216,#9217));
#2005=EDGE_LOOP('',(#9218,#9219,#9220,#9221));
#2006=EDGE_LOOP('',(#9222,#9223,#9224,#9225,#9226,#9227,#9228));
#2007=EDGE_LOOP('',(#9229,#9230,#9231,#9232));
#2008=EDGE_LOOP('',(#9233,#9234,#9235,#9236));
#2009=EDGE_LOOP('',(#9237,#9238,#9239,#9240));
#2010=EDGE_LOOP('',(#9241,#9242,#9243,#9244));
#2011=EDGE_LOOP('',(#9245,#9246,#9247,#9248));
#2012=EDGE_LOOP('',(#9249,#9250,#9251,#9252));
#2013=EDGE_LOOP('',(#9253,#9254,#9255,#9256));
#2014=EDGE_LOOP('',(#9257,#9258,#9259,#9260));
#2015=EDGE_LOOP('',(#9261,#9262,#9263,#9264));
#2016=EDGE_LOOP('',(#9265,#9266,#9267,#9268));
#2017=EDGE_LOOP('',(#9269,#9270,#9271,#9272,#9273,#9274,#9275));
#2018=EDGE_LOOP('',(#9276,#9277,#9278,#9279));
#2019=EDGE_LOOP('',(#9280,#9281,#9282,#9283,#9284,#9285,#9286,#9287,#9288,
#9289,#9290,#9291,#9292,#9293));
#2020=EDGE_LOOP('',(#9294,#9295,#9296,#9297));
#2021=EDGE_LOOP('',(#9298,#9299,#9300,#9301));
#2022=EDGE_LOOP('',(#9302,#9303,#9304,#9305,#9306,#9307,#9308,#9309,#9310,
#9311,#9312,#9313,#9314,#9315,#9316,#9317));
#2023=EDGE_LOOP('',(#9318,#9319,#9320,#9321));
#2024=EDGE_LOOP('',(#9322,#9323,#9324,#9325));
#2025=EDGE_LOOP('',(#9326,#9327,#9328,#9329));
#2026=EDGE_LOOP('',(#9330,#9331,#9332,#9333));
#2027=EDGE_LOOP('',(#9334,#9335,#9336,#9337,#9338,#9339,#9340));
#2028=EDGE_LOOP('',(#9341,#9342,#9343,#9344));
#2029=EDGE_LOOP('',(#9345,#9346,#9347,#9348));
#2030=EDGE_LOOP('',(#9349,#9350,#9351,#9352));
#2031=EDGE_LOOP('',(#9353,#9354,#9355,#9356));
#2032=EDGE_LOOP('',(#9357,#9358,#9359,#9360));
#2033=EDGE_LOOP('',(#9361,#9362,#9363,#9364));
#2034=EDGE_LOOP('',(#9365,#9366,#9367,#9368));
#2035=EDGE_LOOP('',(#9369,#9370,#9371,#9372));
#2036=EDGE_LOOP('',(#9373,#9374,#9375,#9376));
#2037=EDGE_LOOP('',(#9377,#9378,#9379,#9380));
#2038=EDGE_LOOP('',(#9381,#9382,#9383,#9384,#9385,#9386,#9387));
#2039=EDGE_LOOP('',(#9388,#9389,#9390,#9391));
#2040=EDGE_LOOP('',(#9392,#9393,#9394,#9395,#9396,#9397,#9398,#9399,#9400,
#9401,#9402,#9403,#9404,#9405));
#2041=EDGE_LOOP('',(#9406,#9407,#9408,#9409));
#2042=EDGE_LOOP('',(#9410,#9411,#9412,#9413));
#2043=EDGE_LOOP('',(#9414,#9415,#9416,#9417,#9418,#9419,#9420,#9421,#9422,
#9423,#9424,#9425,#9426,#9427,#9428,#9429));
#2044=EDGE_LOOP('',(#9430,#9431,#9432,#9433));
#2045=EDGE_LOOP('',(#9434,#9435,#9436,#9437));
#2046=EDGE_LOOP('',(#9438,#9439,#9440,#9441));
#2047=EDGE_LOOP('',(#9442,#9443,#9444,#9445));
#2048=EDGE_LOOP('',(#9446,#9447,#9448,#9449,#9450,#9451,#9452));
#2049=EDGE_LOOP('',(#9453,#9454,#9455,#9456));
#2050=EDGE_LOOP('',(#9457,#9458,#9459,#9460));
#2051=EDGE_LOOP('',(#9461,#9462,#9463,#9464));
#2052=EDGE_LOOP('',(#9465,#9466,#9467,#9468));
#2053=EDGE_LOOP('',(#9469,#9470,#9471,#9472));
#2054=EDGE_LOOP('',(#9473,#9474,#9475,#9476));
#2055=EDGE_LOOP('',(#9477,#9478,#9479,#9480));
#2056=EDGE_LOOP('',(#9481,#9482,#9483,#9484));
#2057=EDGE_LOOP('',(#9485,#9486,#9487,#9488));
#2058=EDGE_LOOP('',(#9489,#9490,#9491,#9492));
#2059=EDGE_LOOP('',(#9493,#9494,#9495,#9496,#9497,#9498,#9499));
#2060=EDGE_LOOP('',(#9500,#9501,#9502,#9503));
#2061=EDGE_LOOP('',(#9504,#9505,#9506,#9507,#9508,#9509,#9510,#9511,#9512,
#9513,#9514,#9515,#9516,#9517));
#2062=EDGE_LOOP('',(#9518,#9519,#9520,#9521));
#2063=EDGE_LOOP('',(#9522,#9523,#9524,#9525));
#2064=EDGE_LOOP('',(#9526,#9527,#9528,#9529,#9530,#9531,#9532,#9533,#9534,
#9535,#9536,#9537,#9538,#9539,#9540,#9541));
#2065=EDGE_LOOP('',(#9542,#9543,#9544,#9545));
#2066=EDGE_LOOP('',(#9546,#9547,#9548,#9549));
#2067=EDGE_LOOP('',(#9550,#9551,#9552,#9553));
#2068=EDGE_LOOP('',(#9554,#9555,#9556,#9557));
#2069=EDGE_LOOP('',(#9558,#9559,#9560,#9561,#9562,#9563,#9564));
#2070=EDGE_LOOP('',(#9565,#9566,#9567,#9568));
#2071=EDGE_LOOP('',(#9569,#9570,#9571,#9572));
#2072=EDGE_LOOP('',(#9573,#9574,#9575,#9576));
#2073=EDGE_LOOP('',(#9577,#9578,#9579,#9580));
#2074=EDGE_LOOP('',(#9581,#9582,#9583,#9584));
#2075=EDGE_LOOP('',(#9585,#9586,#9587,#9588));
#2076=EDGE_LOOP('',(#9589,#9590,#9591,#9592));
#2077=EDGE_LOOP('',(#9593,#9594,#9595,#9596));
#2078=EDGE_LOOP('',(#9597,#9598,#9599,#9600));
#2079=EDGE_LOOP('',(#9601,#9602,#9603,#9604));
#2080=EDGE_LOOP('',(#9605,#9606,#9607,#9608,#9609,#9610,#9611));
#2081=EDGE_LOOP('',(#9612,#9613,#9614,#9615));
#2082=EDGE_LOOP('',(#9616,#9617,#9618,#9619,#9620,#9621,#9622,#9623,#9624,
#9625,#9626,#9627,#9628,#9629));
#2083=EDGE_LOOP('',(#9630,#9631,#9632,#9633));
#2084=EDGE_LOOP('',(#9634,#9635,#9636,#9637));
#2085=EDGE_LOOP('',(#9638,#9639,#9640,#9641));
#2086=EDGE_LOOP('',(#9642,#9643,#9644,#9645));
#2087=EDGE_LOOP('',(#9646,#9647,#9648,#9649));
#2088=EDGE_LOOP('',(#9650,#9651,#9652,#9653));
#2089=EDGE_LOOP('',(#9654,#9655,#9656,#9657));
#2090=EDGE_LOOP('',(#9658,#9659,#9660,#9661));
#2091=EDGE_LOOP('',(#9662,#9663,#9664,#9665));
#2092=EDGE_LOOP('',(#9666,#9667,#9668,#9669,#9670,#9671,#9672,#9673,#9674,
#9675,#9676,#9677,#9678,#9679,#9680,#9681));
#2093=EDGE_LOOP('',(#9682,#9683,#9684,#9685));
#2094=EDGE_LOOP('',(#9686,#9687,#9688,#9689));
#2095=EDGE_LOOP('',(#9690,#9691,#9692,#9693));
#2096=EDGE_LOOP('',(#9694,#9695,#9696,#9697));
#2097=EDGE_LOOP('',(#9698,#9699,#9700,#9701,#9702,#9703,#9704));
#2098=EDGE_LOOP('',(#9705,#9706,#9707,#9708));
#2099=EDGE_LOOP('',(#9709,#9710,#9711,#9712));
#2100=EDGE_LOOP('',(#9713,#9714,#9715,#9716));
#2101=EDGE_LOOP('',(#9717,#9718,#9719,#9720));
#2102=EDGE_LOOP('',(#9721,#9722,#9723,#9724));
#2103=EDGE_LOOP('',(#9725,#9726,#9727,#9728));
#2104=EDGE_LOOP('',(#9729,#9730,#9731,#9732));
#2105=EDGE_LOOP('',(#9733,#9734,#9735,#9736));
#2106=EDGE_LOOP('',(#9737,#9738,#9739,#9740));
#2107=EDGE_LOOP('',(#9741,#9742,#9743,#9744));
#2108=EDGE_LOOP('',(#9745,#9746,#9747,#9748,#9749,#9750,#9751));
#2109=EDGE_LOOP('',(#9752,#9753,#9754,#9755));
#2110=EDGE_LOOP('',(#9756,#9757,#9758,#9759,#9760,#9761,#9762,#9763,#9764,
#9765,#9766,#9767,#9768,#9769));
#2111=EDGE_LOOP('',(#9770,#9771,#9772,#9773));
#2112=EDGE_LOOP('',(#9774,#9775,#9776,#9777,#9778,#9779,#9780,#9781,#9782,
#9783,#9784,#9785,#9786,#9787,#9788,#9789,#9790,#9791));
#2113=EDGE_LOOP('',(#9792,#9793,#9794,#9795));
#2114=EDGE_LOOP('',(#9796,#9797,#9798,#9799,#9800,#9801,#9802,#9803,#9804,
#9805,#9806,#9807,#9808,#9809,#9810,#9811,#9812,#9813));
#2115=EDGE_LOOP('',(#9814,#9815,#9816,#9817,#9818));
#2116=EDGE_LOOP('',(#9819,#9820,#9821,#9822));
#2117=EDGE_LOOP('',(#9823,#9824,#9825,#9826,#9827,#9828,#9829,#9830,#9831,
#9832,#9833,#9834,#9835,#9836,#9837,#9838,#9839,#9840));
#2118=EDGE_LOOP('',(#9841,#9842,#9843,#9844,#9845,#9846,#9847,#9848,#9849,
#9850,#9851,#9852,#9853,#9854,#9855,#9856,#9857,#9858));
#2119=EDGE_LOOP('',(#9859,#9860,#9861,#9862));
#2120=EDGE_LOOP('',(#9863,#9864,#9865,#9866));
#2121=EDGE_LOOP('',(#9867,#9868,#9869,#9870));
#2122=EDGE_LOOP('',(#9871,#9872,#9873,#9874));
#2123=LINE('',#13669,#3311);
#2124=LINE('',#13675,#3312);
#2125=LINE('',#13694,#3313);
#2126=LINE('',#13713,#3314);
#2127=LINE('',#13732,#3315);
#2128=LINE('',#13764,#3316);
#2129=LINE('',#13770,#3317);
#2130=LINE('',#13789,#3318);
#2131=LINE('',#13808,#3319);
#2132=LINE('',#13827,#3320);
#2133=LINE('',#13859,#3321);
#2134=LINE('',#13865,#3322);
#2135=LINE('',#13880,#3323);
#2136=LINE('',#13887,#3324);
#2137=LINE('',#13889,#3325);
#2138=LINE('',#13890,#3326);
#2139=LINE('',#13905,#3327);
#2140=LINE('',#13924,#3328);
#2141=LINE('',#13943,#3329);
#2142=LINE('',#13962,#3330);
#2143=LINE('',#13969,#3331);
#2144=LINE('',#13971,#3332);
#2145=LINE('',#13972,#3333);
#2146=LINE('',#13987,#3334);
#2147=LINE('',#14006,#3335);
#2148=LINE('',#14031,#3336);
#2149=LINE('',#14033,#3337);
#2150=LINE('',#14035,#3338);
#2151=LINE('',#14036,#3339);
#2152=LINE('',#14051,#3340);
#2153=LINE('',#14070,#3341);
#2154=LINE('',#14077,#3342);
#2155=LINE('',#14079,#3343);
#2156=LINE('',#14080,#3344);
#2157=LINE('',#14083,#3345);
#2158=LINE('',#14085,#3346);
#2159=LINE('',#14086,#3347);
#2160=LINE('',#14089,#3348);
#2161=LINE('',#14091,#3349);
#2162=LINE('',#14092,#3350);
#2163=LINE('',#14095,#3351);
#2164=LINE('',#14097,#3352);
#2165=LINE('',#14098,#3353);
#2166=LINE('',#14101,#3354);
#2167=LINE('',#14103,#3355);
#2168=LINE('',#14104,#3356);
#2169=LINE('',#14119,#3357);
#2170=LINE('',#14138,#3358);
#2171=LINE('',#14157,#3359);
#2172=LINE('',#14164,#3360);
#2173=LINE('',#14166,#3361);
#2174=LINE('',#14167,#3362);
#2175=LINE('',#14169,#3363);
#2176=LINE('',#14170,#3364);
#2177=LINE('',#14175,#3365);
#2178=LINE('',#14177,#3366);
#2179=LINE('',#14179,#3367);
#2180=LINE('',#14180,#3368);
#2181=LINE('',#14183,#3369);
#2182=LINE('',#14185,#3370);
#2183=LINE('',#14186,#3371);
#2184=LINE('',#14189,#3372);
#2185=LINE('',#14191,#3373);
#2186=LINE('',#14192,#3374);
#2187=LINE('',#14194,#3375);
#2188=LINE('',#14195,#3376);
#2189=LINE('',#14200,#3377);
#2190=LINE('',#14202,#3378);
#2191=LINE('',#14204,#3379);
#2192=LINE('',#14205,#3380);
#2193=LINE('',#14208,#3381);
#2194=LINE('',#14210,#3382);
#2195=LINE('',#14211,#3383);
#2196=LINE('',#14214,#3384);
#2197=LINE('',#14216,#3385);
#2198=LINE('',#14217,#3386);
#2199=LINE('',#14220,#3387);
#2200=LINE('',#14222,#3388);
#2201=LINE('',#14223,#3389);
#2202=LINE('',#14226,#3390);
#2203=LINE('',#14228,#3391);
#2204=LINE('',#14229,#3392);
#2205=LINE('',#14232,#3393);
#2206=LINE('',#14234,#3394);
#2207=LINE('',#14235,#3395);
#2208=LINE('',#14238,#3396);
#2209=LINE('',#14240,#3397);
#2210=LINE('',#14241,#3398);
#2211=LINE('',#14243,#3399);
#2212=LINE('',#14244,#3400);
#2213=LINE('',#14249,#3401);
#2214=LINE('',#14251,#3402);
#2215=LINE('',#14253,#3403);
#2216=LINE('',#14254,#3404);
#2217=LINE('',#14257,#3405);
#2218=LINE('',#14259,#3406);
#2219=LINE('',#14260,#3407);
#2220=LINE('',#14262,#3408);
#2221=LINE('',#14263,#3409);
#2222=LINE('',#14267,#3410);
#2223=LINE('',#14269,#3411);
#2224=LINE('',#14271,#3412);
#2225=LINE('',#14272,#3413);
#2226=LINE('',#14275,#3414);
#2227=LINE('',#14277,#3415);
#2228=LINE('',#14278,#3416);
#2229=LINE('',#14281,#3417);
#2230=LINE('',#14283,#3418);
#2231=LINE('',#14284,#3419);
#2232=LINE('',#14287,#3420);
#2233=LINE('',#14289,#3421);
#2234=LINE('',#14290,#3422);
#2235=LINE('',#14293,#3423);
#2236=LINE('',#14295,#3424);
#2237=LINE('',#14296,#3425);
#2238=LINE('',#14299,#3426);
#2239=LINE('',#14301,#3427);
#2240=LINE('',#14302,#3428);
#2241=LINE('',#14305,#3429);
#2242=LINE('',#14307,#3430);
#2243=LINE('',#14308,#3431);
#2244=LINE('',#14310,#3432);
#2245=LINE('',#14311,#3433);
#2246=LINE('',#14316,#3434);
#2247=LINE('',#14318,#3435);
#2248=LINE('',#14320,#3436);
#2249=LINE('',#14321,#3437);
#2250=LINE('',#14324,#3438);
#2251=LINE('',#14326,#3439);
#2252=LINE('',#14327,#3440);
#2253=LINE('',#14330,#3441);
#2254=LINE('',#14332,#3442);
#2255=LINE('',#14333,#3443);
#2256=LINE('',#14336,#3444);
#2257=LINE('',#14338,#3445);
#2258=LINE('',#14339,#3446);
#2259=LINE('',#14342,#3447);
#2260=LINE('',#14344,#3448);
#2261=LINE('',#14345,#3449);
#2262=LINE('',#14348,#3450);
#2263=LINE('',#14350,#3451);
#2264=LINE('',#14351,#3452);
#2265=LINE('',#14354,#3453);
#2266=LINE('',#14356,#3454);
#2267=LINE('',#14357,#3455);
#2268=LINE('',#14360,#3456);
#2269=LINE('',#14362,#3457);
#2270=LINE('',#14363,#3458);
#2271=LINE('',#14366,#3459);
#2272=LINE('',#14368,#3460);
#2273=LINE('',#14369,#3461);
#2274=LINE('',#14372,#3462);
#2275=LINE('',#14374,#3463);
#2276=LINE('',#14375,#3464);
#2277=LINE('',#14378,#3465);
#2278=LINE('',#14380,#3466);
#2279=LINE('',#14381,#3467);
#2280=LINE('',#14383,#3468);
#2281=LINE('',#14384,#3469);
#2282=LINE('',#14389,#3470);
#2283=LINE('',#14391,#3471);
#2284=LINE('',#14393,#3472);
#2285=LINE('',#14394,#3473);
#2286=LINE('',#14397,#3474);
#2287=LINE('',#14399,#3475);
#2288=LINE('',#14400,#3476);
#2289=LINE('',#14403,#3477);
#2290=LINE('',#14405,#3478);
#2291=LINE('',#14406,#3479);
#2292=LINE('',#14409,#3480);
#2293=LINE('',#14411,#3481);
#2294=LINE('',#14412,#3482);
#2295=LINE('',#14415,#3483);
#2296=LINE('',#14417,#3484);
#2297=LINE('',#14418,#3485);
#2298=LINE('',#14421,#3486);
#2299=LINE('',#14423,#3487);
#2300=LINE('',#14424,#3488);
#2301=LINE('',#14427,#3489);
#2302=LINE('',#14429,#3490);
#2303=LINE('',#14430,#3491);
#2304=LINE('',#14432,#3492);
#2305=LINE('',#14433,#3493);
#2306=LINE('',#14438,#3494);
#2307=LINE('',#14440,#3495);
#2308=LINE('',#14442,#3496);
#2309=LINE('',#14443,#3497);
#2310=LINE('',#14446,#3498);
#2311=LINE('',#14448,#3499);
#2312=LINE('',#14449,#3500);
#2313=LINE('',#14451,#3501);
#2314=LINE('',#14452,#3502);
#2315=LINE('',#14456,#3503);
#2316=LINE('',#14458,#3504);
#2317=LINE('',#14460,#3505);
#2318=LINE('',#14461,#3506);
#2319=LINE('',#14464,#3507);
#2320=LINE('',#14466,#3508);
#2321=LINE('',#14467,#3509);
#2322=LINE('',#14470,#3510);
#2323=LINE('',#14472,#3511);
#2324=LINE('',#14473,#3512);
#2325=LINE('',#14476,#3513);
#2326=LINE('',#14478,#3514);
#2327=LINE('',#14479,#3515);
#2328=LINE('',#14482,#3516);
#2329=LINE('',#14484,#3517);
#2330=LINE('',#14485,#3518);
#2331=LINE('',#14488,#3519);
#2332=LINE('',#14490,#3520);
#2333=LINE('',#14491,#3521);
#2334=LINE('',#14494,#3522);
#2335=LINE('',#14496,#3523);
#2336=LINE('',#14497,#3524);
#2337=LINE('',#14499,#3525);
#2338=LINE('',#14500,#3526);
#2339=LINE('',#14505,#3527);
#2340=LINE('',#14507,#3528);
#2341=LINE('',#14509,#3529);
#2342=LINE('',#14510,#3530);
#2343=LINE('',#14513,#3531);
#2344=LINE('',#14515,#3532);
#2345=LINE('',#14516,#3533);
#2346=LINE('',#14519,#3534);
#2347=LINE('',#14521,#3535);
#2348=LINE('',#14522,#3536);
#2349=LINE('',#14525,#3537);
#2350=LINE('',#14527,#3538);
#2351=LINE('',#14528,#3539);
#2352=LINE('',#14531,#3540);
#2353=LINE('',#14533,#3541);
#2354=LINE('',#14534,#3542);
#2355=LINE('',#14537,#3543);
#2356=LINE('',#14539,#3544);
#2357=LINE('',#14540,#3545);
#2358=LINE('',#14543,#3546);
#2359=LINE('',#14545,#3547);
#2360=LINE('',#14546,#3548);
#2361=LINE('',#14549,#3549);
#2362=LINE('',#14551,#3550);
#2363=LINE('',#14552,#3551);
#2364=LINE('',#14555,#3552);
#2365=LINE('',#14557,#3553);
#2366=LINE('',#14558,#3554);
#2367=LINE('',#14561,#3555);
#2368=LINE('',#14563,#3556);
#2369=LINE('',#14564,#3557);
#2370=LINE('',#14567,#3558);
#2371=LINE('',#14569,#3559);
#2372=LINE('',#14570,#3560);
#2373=LINE('',#14573,#3561);
#2374=LINE('',#14575,#3562);
#2375=LINE('',#14576,#3563);
#2376=LINE('',#14578,#3564);
#2377=LINE('',#14579,#3565);
#2378=LINE('',#14584,#3566);
#2379=LINE('',#14586,#3567);
#2380=LINE('',#14588,#3568);
#2381=LINE('',#14589,#3569);
#2382=LINE('',#14592,#3570);
#2383=LINE('',#14594,#3571);
#2384=LINE('',#14595,#3572);
#2385=LINE('',#14598,#3573);
#2386=LINE('',#14600,#3574);
#2387=LINE('',#14601,#3575);
#2388=LINE('',#14604,#3576);
#2389=LINE('',#14606,#3577);
#2390=LINE('',#14607,#3578);
#2391=LINE('',#14610,#3579);
#2392=LINE('',#14612,#3580);
#2393=LINE('',#14613,#3581);
#2394=LINE('',#14615,#3582);
#2395=LINE('',#14616,#3583);
#2396=LINE('',#14633,#3584);
#2397=LINE('',#14639,#3585);
#2398=LINE('',#14642,#3586);
#2399=LINE('',#14644,#3587);
#2400=LINE('',#14645,#3588);
#2401=LINE('',#14648,#3589);
#2402=LINE('',#14650,#3590);
#2403=LINE('',#14651,#3591);
#2404=LINE('',#14666,#3592);
#2405=LINE('',#14685,#3593);
#2406=LINE('',#14704,#3594);
#2407=LINE('',#14711,#3595);
#2408=LINE('',#14713,#3596);
#2409=LINE('',#14714,#3597);
#2410=LINE('',#14717,#3598);
#2411=LINE('',#14719,#3599);
#2412=LINE('',#14720,#3600);
#2413=LINE('',#14723,#3601);
#2414=LINE('',#14725,#3602);
#2415=LINE('',#14726,#3603);
#2416=LINE('',#14729,#3604);
#2417=LINE('',#14731,#3605);
#2418=LINE('',#14732,#3606);
#2419=LINE('',#14735,#3607);
#2420=LINE('',#14737,#3608);
#2421=LINE('',#14738,#3609);
#2422=LINE('',#14741,#3610);
#2423=LINE('',#14743,#3611);
#2424=LINE('',#14744,#3612);
#2425=LINE('',#14747,#3613);
#2426=LINE('',#14749,#3614);
#2427=LINE('',#14750,#3615);
#2428=LINE('',#14753,#3616);
#2429=LINE('',#14755,#3617);
#2430=LINE('',#14756,#3618);
#2431=LINE('',#14759,#3619);
#2432=LINE('',#14761,#3620);
#2433=LINE('',#14762,#3621);
#2434=LINE('',#14765,#3622);
#2435=LINE('',#14767,#3623);
#2436=LINE('',#14768,#3624);
#2437=LINE('',#14771,#3625);
#2438=LINE('',#14773,#3626);
#2439=LINE('',#14774,#3627);
#2440=LINE('',#14795,#3628);
#2441=LINE('',#14797,#3629);
#2442=LINE('',#14799,#3630);
#2443=LINE('',#14800,#3631);
#2444=LINE('',#14803,#3632);
#2445=LINE('',#14805,#3633);
#2446=LINE('',#14806,#3634);
#2447=LINE('',#14809,#3635);
#2448=LINE('',#14811,#3636);
#2449=LINE('',#14812,#3637);
#2450=LINE('',#14814,#3638);
#2451=LINE('',#14815,#3639);
#2452=LINE('',#14820,#3640);
#2453=LINE('',#14822,#3641);
#2454=LINE('',#14824,#3642);
#2455=LINE('',#14825,#3643);
#2456=LINE('',#14828,#3644);
#2457=LINE('',#14830,#3645);
#2458=LINE('',#14831,#3646);
#2459=LINE('',#14834,#3647);
#2460=LINE('',#14836,#3648);
#2461=LINE('',#14837,#3649);
#2462=LINE('',#14840,#3650);
#2463=LINE('',#14842,#3651);
#2464=LINE('',#14843,#3652);
#2465=LINE('',#14846,#3653);
#2466=LINE('',#14848,#3654);
#2467=LINE('',#14849,#3655);
#2468=LINE('',#14852,#3656);
#2469=LINE('',#14854,#3657);
#2470=LINE('',#14855,#3658);
#2471=LINE('',#14858,#3659);
#2472=LINE('',#14860,#3660);
#2473=LINE('',#14861,#3661);
#2474=LINE('',#14863,#3662);
#2475=LINE('',#14864,#3663);
#2476=LINE('',#14869,#3664);
#2477=LINE('',#14871,#3665);
#2478=LINE('',#14873,#3666);
#2479=LINE('',#14874,#3667);
#2480=LINE('',#14877,#3668);
#2481=LINE('',#14879,#3669);
#2482=LINE('',#14880,#3670);
#2483=LINE('',#14882,#3671);
#2484=LINE('',#14883,#3672);
#2485=LINE('',#14887,#3673);
#2486=LINE('',#14889,#3674);
#2487=LINE('',#14891,#3675);
#2488=LINE('',#14892,#3676);
#2489=LINE('',#14895,#3677);
#2490=LINE('',#14897,#3678);
#2491=LINE('',#14898,#3679);
#2492=LINE('',#14901,#3680);
#2493=LINE('',#14903,#3681);
#2494=LINE('',#14904,#3682);
#2495=LINE('',#14907,#3683);
#2496=LINE('',#14909,#3684);
#2497=LINE('',#14910,#3685);
#2498=LINE('',#14913,#3686);
#2499=LINE('',#14915,#3687);
#2500=LINE('',#14916,#3688);
#2501=LINE('',#14919,#3689);
#2502=LINE('',#14921,#3690);
#2503=LINE('',#14922,#3691);
#2504=LINE('',#14925,#3692);
#2505=LINE('',#14927,#3693);
#2506=LINE('',#14928,#3694);
#2507=LINE('',#14931,#3695);
#2508=LINE('',#14933,#3696);
#2509=LINE('',#14934,#3697);
#2510=LINE('',#14937,#3698);
#2511=LINE('',#14939,#3699);
#2512=LINE('',#14940,#3700);
#2513=LINE('',#14943,#3701);
#2514=LINE('',#14945,#3702);
#2515=LINE('',#14946,#3703);
#2516=LINE('',#14948,#3704);
#2517=LINE('',#14949,#3705);
#2518=LINE('',#14954,#3706);
#2519=LINE('',#14956,#3707);
#2520=LINE('',#14958,#3708);
#2521=LINE('',#14959,#3709);
#2522=LINE('',#14962,#3710);
#2523=LINE('',#14964,#3711);
#2524=LINE('',#14965,#3712);
#2525=LINE('',#14967,#3713);
#2526=LINE('',#14968,#3714);
#2527=LINE('',#14972,#3715);
#2528=LINE('',#14974,#3716);
#2529=LINE('',#14976,#3717);
#2530=LINE('',#14977,#3718);
#2531=LINE('',#14980,#3719);
#2532=LINE('',#14982,#3720);
#2533=LINE('',#14983,#3721);
#2534=LINE('',#14986,#3722);
#2535=LINE('',#14988,#3723);
#2536=LINE('',#14989,#3724);
#2537=LINE('',#14992,#3725);
#2538=LINE('',#14994,#3726);
#2539=LINE('',#14995,#3727);
#2540=LINE('',#14998,#3728);
#2541=LINE('',#15000,#3729);
#2542=LINE('',#15001,#3730);
#2543=LINE('',#15004,#3731);
#2544=LINE('',#15006,#3732);
#2545=LINE('',#15007,#3733);
#2546=LINE('',#15010,#3734);
#2547=LINE('',#15012,#3735);
#2548=LINE('',#15013,#3736);
#2549=LINE('',#15015,#3737);
#2550=LINE('',#15016,#3738);
#2551=LINE('',#15033,#3739);
#2552=LINE('',#15039,#3740);
#2553=LINE('',#15042,#3741);
#2554=LINE('',#15044,#3742);
#2555=LINE('',#15045,#3743);
#2556=LINE('',#15048,#3744);
#2557=LINE('',#15050,#3745);
#2558=LINE('',#15051,#3746);
#2559=LINE('',#15054,#3747);
#2560=LINE('',#15056,#3748);
#2561=LINE('',#15057,#3749);
#2562=LINE('',#15076,#3750);
#2563=LINE('',#15095,#3751);
#2564=LINE('',#15127,#3752);
#2565=LINE('',#15133,#3753);
#2566=LINE('',#15148,#3754);
#2567=LINE('',#15155,#3755);
#2568=LINE('',#15157,#3756);
#2569=LINE('',#15158,#3757);
#2570=LINE('',#15161,#3758);
#2571=LINE('',#15163,#3759);
#2572=LINE('',#15164,#3760);
#2573=LINE('',#15167,#3761);
#2574=LINE('',#15169,#3762);
#2575=LINE('',#15170,#3763);
#2576=LINE('',#15173,#3764);
#2577=LINE('',#15175,#3765);
#2578=LINE('',#15176,#3766);
#2579=LINE('',#15179,#3767);
#2580=LINE('',#15181,#3768);
#2581=LINE('',#15182,#3769);
#2582=LINE('',#15197,#3770);
#2583=LINE('',#15234,#3771);
#2584=LINE('',#15240,#3772);
#2585=LINE('',#15255,#3773);
#2586=LINE('',#15262,#3774);
#2587=LINE('',#15264,#3775);
#2588=LINE('',#15265,#3776);
#2589=LINE('',#15268,#3777);
#2590=LINE('',#15270,#3778);
#2591=LINE('',#15271,#3779);
#2592=LINE('',#15274,#3780);
#2593=LINE('',#15276,#3781);
#2594=LINE('',#15277,#3782);
#2595=LINE('',#15292,#3783);
#2596=LINE('',#15311,#3784);
#2597=LINE('',#15330,#3785);
#2598=LINE('',#15349,#3786);
#2599=LINE('',#15356,#3787);
#2600=LINE('',#15358,#3788);
#2601=LINE('',#15359,#3789);
#2602=LINE('',#15362,#3790);
#2603=LINE('',#15364,#3791);
#2604=LINE('',#15365,#3792);
#2605=LINE('',#15368,#3793);
#2606=LINE('',#15370,#3794);
#2607=LINE('',#15371,#3795);
#2608=LINE('',#15386,#3796);
#2609=LINE('',#15413,#3797);
#2610=LINE('',#15415,#3798);
#2611=LINE('',#15417,#3799);
#2612=LINE('',#15419,#3800);
#2613=LINE('',#15420,#3801);
#2614=LINE('',#15430,#3802);
#2615=LINE('',#15437,#3803);
#2616=LINE('',#15439,#3804);
#2617=LINE('',#15440,#3805);
#2618=LINE('',#15444,#3806);
#2619=LINE('',#15446,#3807);
#2620=LINE('',#15448,#3808);
#2621=LINE('',#15449,#3809);
#2622=LINE('',#15452,#3810);
#2623=LINE('',#15454,#3811);
#2624=LINE('',#15455,#3812);
#2625=LINE('',#15458,#3813);
#2626=LINE('',#15460,#3814);
#2627=LINE('',#15464,#3815);
#2628=LINE('',#15468,#3816);
#2629=LINE('',#15470,#3817);
#2630=LINE('',#15472,#3818);
#2631=LINE('',#15474,#3819);
#2632=LINE('',#15476,#3820);
#2633=LINE('',#15480,#3821);
#2634=LINE('',#15483,#3822);
#2635=LINE('',#15486,#3823);
#2636=LINE('',#15487,#3824);
#2637=LINE('',#15493,#3825);
#2638=LINE('',#15496,#3826);
#2639=LINE('',#15499,#3827);
#2640=LINE('',#15501,#3828);
#2641=LINE('',#15502,#3829);
#2642=LINE('',#15507,#3830);
#2643=LINE('',#15510,#3831);
#2644=LINE('',#15512,#3832);
#2645=LINE('',#15513,#3833);
#2646=LINE('',#15516,#3834);
#2647=LINE('',#15517,#3835);
#2648=LINE('',#15520,#3836);
#2649=LINE('',#15523,#3837);
#2650=LINE('',#15526,#3838);
#2651=LINE('',#15527,#3839);
#2652=LINE('',#15530,#3840);
#2653=LINE('',#15533,#3841);
#2654=LINE('',#15536,#3842);
#2655=LINE('',#15537,#3843);
#2656=LINE('',#15540,#3844);
#2657=LINE('',#15544,#3845);
#2658=LINE('',#15545,#3846);
#2659=LINE('',#15548,#3847);
#2660=LINE('',#15551,#3848);
#2661=LINE('',#15552,#3849);
#2662=LINE('',#15554,#3850);
#2663=LINE('',#15556,#3851);
#2664=LINE('',#15561,#3852);
#2665=LINE('',#15563,#3853);
#2666=LINE('',#15565,#3854);
#2667=LINE('',#15566,#3855);
#2668=LINE('',#15569,#3856);
#2669=LINE('',#15571,#3857);
#2670=LINE('',#15572,#3858);
#2671=LINE('',#15575,#3859);
#2672=LINE('',#15577,#3860);
#2673=LINE('',#15581,#3861);
#2674=LINE('',#15585,#3862);
#2675=LINE('',#15587,#3863);
#2676=LINE('',#15589,#3864);
#2677=LINE('',#15591,#3865);
#2678=LINE('',#15593,#3866);
#2679=LINE('',#15597,#3867);
#2680=LINE('',#15600,#3868);
#2681=LINE('',#15603,#3869);
#2682=LINE('',#15604,#3870);
#2683=LINE('',#15610,#3871);
#2684=LINE('',#15613,#3872);
#2685=LINE('',#15616,#3873);
#2686=LINE('',#15618,#3874);
#2687=LINE('',#15619,#3875);
#2688=LINE('',#15624,#3876);
#2689=LINE('',#15627,#3877);
#2690=LINE('',#15629,#3878);
#2691=LINE('',#15630,#3879);
#2692=LINE('',#15633,#3880);
#2693=LINE('',#15634,#3881);
#2694=LINE('',#15637,#3882);
#2695=LINE('',#15640,#3883);
#2696=LINE('',#15643,#3884);
#2697=LINE('',#15644,#3885);
#2698=LINE('',#15647,#3886);
#2699=LINE('',#15650,#3887);
#2700=LINE('',#15653,#3888);
#2701=LINE('',#15654,#3889);
#2702=LINE('',#15657,#3890);
#2703=LINE('',#15661,#3891);
#2704=LINE('',#15662,#3892);
#2705=LINE('',#15665,#3893);
#2706=LINE('',#15668,#3894);
#2707=LINE('',#15669,#3895);
#2708=LINE('',#15671,#3896);
#2709=LINE('',#15673,#3897);
#2710=LINE('',#15678,#3898);
#2711=LINE('',#15680,#3899);
#2712=LINE('',#15682,#3900);
#2713=LINE('',#15683,#3901);
#2714=LINE('',#15686,#3902);
#2715=LINE('',#15688,#3903);
#2716=LINE('',#15689,#3904);
#2717=LINE('',#15692,#3905);
#2718=LINE('',#15694,#3906);
#2719=LINE('',#15698,#3907);
#2720=LINE('',#15702,#3908);
#2721=LINE('',#15704,#3909);
#2722=LINE('',#15706,#3910);
#2723=LINE('',#15708,#3911);
#2724=LINE('',#15710,#3912);
#2725=LINE('',#15714,#3913);
#2726=LINE('',#15717,#3914);
#2727=LINE('',#15720,#3915);
#2728=LINE('',#15721,#3916);
#2729=LINE('',#15727,#3917);
#2730=LINE('',#15730,#3918);
#2731=LINE('',#15733,#3919);
#2732=LINE('',#15735,#3920);
#2733=LINE('',#15736,#3921);
#2734=LINE('',#15741,#3922);
#2735=LINE('',#15744,#3923);
#2736=LINE('',#15746,#3924);
#2737=LINE('',#15747,#3925);
#2738=LINE('',#15750,#3926);
#2739=LINE('',#15751,#3927);
#2740=LINE('',#15754,#3928);
#2741=LINE('',#15757,#3929);
#2742=LINE('',#15760,#3930);
#2743=LINE('',#15761,#3931);
#2744=LINE('',#15764,#3932);
#2745=LINE('',#15767,#3933);
#2746=LINE('',#15770,#3934);
#2747=LINE('',#15771,#3935);
#2748=LINE('',#15774,#3936);
#2749=LINE('',#15778,#3937);
#2750=LINE('',#15779,#3938);
#2751=LINE('',#15782,#3939);
#2752=LINE('',#15785,#3940);
#2753=LINE('',#15786,#3941);
#2754=LINE('',#15788,#3942);
#2755=LINE('',#15790,#3943);
#2756=LINE('',#15795,#3944);
#2757=LINE('',#15797,#3945);
#2758=LINE('',#15799,#3946);
#2759=LINE('',#15800,#3947);
#2760=LINE('',#15803,#3948);
#2761=LINE('',#15805,#3949);
#2762=LINE('',#15806,#3950);
#2763=LINE('',#15809,#3951);
#2764=LINE('',#15811,#3952);
#2765=LINE('',#15815,#3953);
#2766=LINE('',#15819,#3954);
#2767=LINE('',#15821,#3955);
#2768=LINE('',#15823,#3956);
#2769=LINE('',#15825,#3957);
#2770=LINE('',#15827,#3958);
#2771=LINE('',#15831,#3959);
#2772=LINE('',#15834,#3960);
#2773=LINE('',#15837,#3961);
#2774=LINE('',#15838,#3962);
#2775=LINE('',#15844,#3963);
#2776=LINE('',#15847,#3964);
#2777=LINE('',#15850,#3965);
#2778=LINE('',#15852,#3966);
#2779=LINE('',#15853,#3967);
#2780=LINE('',#15858,#3968);
#2781=LINE('',#15861,#3969);
#2782=LINE('',#15863,#3970);
#2783=LINE('',#15864,#3971);
#2784=LINE('',#15867,#3972);
#2785=LINE('',#15868,#3973);
#2786=LINE('',#15871,#3974);
#2787=LINE('',#15874,#3975);
#2788=LINE('',#15877,#3976);
#2789=LINE('',#15878,#3977);
#2790=LINE('',#15881,#3978);
#2791=LINE('',#15884,#3979);
#2792=LINE('',#15887,#3980);
#2793=LINE('',#15888,#3981);
#2794=LINE('',#15891,#3982);
#2795=LINE('',#15895,#3983);
#2796=LINE('',#15896,#3984);
#2797=LINE('',#15899,#3985);
#2798=LINE('',#15902,#3986);
#2799=LINE('',#15903,#3987);
#2800=LINE('',#15905,#3988);
#2801=LINE('',#15907,#3989);
#2802=LINE('',#15912,#3990);
#2803=LINE('',#15914,#3991);
#2804=LINE('',#15916,#3992);
#2805=LINE('',#15917,#3993);
#2806=LINE('',#15920,#3994);
#2807=LINE('',#15922,#3995);
#2808=LINE('',#15923,#3996);
#2809=LINE('',#15926,#3997);
#2810=LINE('',#15928,#3998);
#2811=LINE('',#15932,#3999);
#2812=LINE('',#15936,#4000);
#2813=LINE('',#15938,#4001);
#2814=LINE('',#15940,#4002);
#2815=LINE('',#15942,#4003);
#2816=LINE('',#15944,#4004);
#2817=LINE('',#15948,#4005);
#2818=LINE('',#15951,#4006);
#2819=LINE('',#15954,#4007);
#2820=LINE('',#15955,#4008);
#2821=LINE('',#15961,#4009);
#2822=LINE('',#15964,#4010);
#2823=LINE('',#15967,#4011);
#2824=LINE('',#15969,#4012);
#2825=LINE('',#15970,#4013);
#2826=LINE('',#15975,#4014);
#2827=LINE('',#15978,#4015);
#2828=LINE('',#15980,#4016);
#2829=LINE('',#15981,#4017);
#2830=LINE('',#15984,#4018);
#2831=LINE('',#15985,#4019);
#2832=LINE('',#15988,#4020);
#2833=LINE('',#15991,#4021);
#2834=LINE('',#15994,#4022);
#2835=LINE('',#15995,#4023);
#2836=LINE('',#15998,#4024);
#2837=LINE('',#16001,#4025);
#2838=LINE('',#16004,#4026);
#2839=LINE('',#16005,#4027);
#2840=LINE('',#16008,#4028);
#2841=LINE('',#16012,#4029);
#2842=LINE('',#16013,#4030);
#2843=LINE('',#16016,#4031);
#2844=LINE('',#16019,#4032);
#2845=LINE('',#16020,#4033);
#2846=LINE('',#16022,#4034);
#2847=LINE('',#16024,#4035);
#2848=LINE('',#16029,#4036);
#2849=LINE('',#16031,#4037);
#2850=LINE('',#16033,#4038);
#2851=LINE('',#16034,#4039);
#2852=LINE('',#16037,#4040);
#2853=LINE('',#16039,#4041);
#2854=LINE('',#16040,#4042);
#2855=LINE('',#16043,#4043);
#2856=LINE('',#16045,#4044);
#2857=LINE('',#16049,#4045);
#2858=LINE('',#16053,#4046);
#2859=LINE('',#16055,#4047);
#2860=LINE('',#16057,#4048);
#2861=LINE('',#16059,#4049);
#2862=LINE('',#16061,#4050);
#2863=LINE('',#16065,#4051);
#2864=LINE('',#16068,#4052);
#2865=LINE('',#16071,#4053);
#2866=LINE('',#16072,#4054);
#2867=LINE('',#16078,#4055);
#2868=LINE('',#16081,#4056);
#2869=LINE('',#16084,#4057);
#2870=LINE('',#16086,#4058);
#2871=LINE('',#16087,#4059);
#2872=LINE('',#16092,#4060);
#2873=LINE('',#16095,#4061);
#2874=LINE('',#16097,#4062);
#2875=LINE('',#16098,#4063);
#2876=LINE('',#16101,#4064);
#2877=LINE('',#16102,#4065);
#2878=LINE('',#16105,#4066);
#2879=LINE('',#16108,#4067);
#2880=LINE('',#16111,#4068);
#2881=LINE('',#16112,#4069);
#2882=LINE('',#16115,#4070);
#2883=LINE('',#16118,#4071);
#2884=LINE('',#16121,#4072);
#2885=LINE('',#16122,#4073);
#2886=LINE('',#16125,#4074);
#2887=LINE('',#16129,#4075);
#2888=LINE('',#16130,#4076);
#2889=LINE('',#16133,#4077);
#2890=LINE('',#16136,#4078);
#2891=LINE('',#16137,#4079);
#2892=LINE('',#16139,#4080);
#2893=LINE('',#16141,#4081);
#2894=LINE('',#16145,#4082);
#2895=LINE('',#16147,#4083);
#2896=LINE('',#16148,#4084);
#2897=LINE('',#16150,#4085);
#2898=LINE('',#16151,#4086);
#2899=LINE('',#16153,#4087);
#2900=LINE('',#16154,#4088);
#2901=LINE('',#16156,#4089);
#2902=LINE('',#16157,#4090);
#2903=LINE('',#16159,#4091);
#2904=LINE('',#16160,#4092);
#2905=LINE('',#16163,#4093);
#2906=LINE('',#16165,#4094);
#2907=LINE('',#16166,#4095);
#2908=LINE('',#16168,#4096);
#2909=LINE('',#16169,#4097);
#2910=LINE('',#16173,#4098);
#2911=LINE('',#16175,#4099);
#2912=LINE('',#16177,#4100);
#2913=LINE('',#16178,#4101);
#2914=LINE('',#16181,#4102);
#2915=LINE('',#16183,#4103);
#2916=LINE('',#16184,#4104);
#2917=LINE('',#16187,#4105);
#2918=LINE('',#16189,#4106);
#2919=LINE('',#16193,#4107);
#2920=LINE('',#16197,#4108);
#2921=LINE('',#16199,#4109);
#2922=LINE('',#16201,#4110);
#2923=LINE('',#16203,#4111);
#2924=LINE('',#16205,#4112);
#2925=LINE('',#16209,#4113);
#2926=LINE('',#16212,#4114);
#2927=LINE('',#16215,#4115);
#2928=LINE('',#16216,#4116);
#2929=LINE('',#16222,#4117);
#2930=LINE('',#16225,#4118);
#2931=LINE('',#16227,#4119);
#2932=LINE('',#16229,#4120);
#2933=LINE('',#16230,#4121);
#2934=LINE('',#16235,#4122);
#2935=LINE('',#16238,#4123);
#2936=LINE('',#16240,#4124);
#2937=LINE('',#16241,#4125);
#2938=LINE('',#16243,#4126);
#2939=LINE('',#16244,#4127);
#2940=LINE('',#16247,#4128);
#2941=LINE('',#16250,#4129);
#2942=LINE('',#16253,#4130);
#2943=LINE('',#16254,#4131);
#2944=LINE('',#16257,#4132);
#2945=LINE('',#16260,#4133);
#2946=LINE('',#16263,#4134);
#2947=LINE('',#16264,#4135);
#2948=LINE('',#16267,#4136);
#2949=LINE('',#16271,#4137);
#2950=LINE('',#16272,#4138);
#2951=LINE('',#16275,#4139);
#2952=LINE('',#16278,#4140);
#2953=LINE('',#16279,#4141);
#2954=LINE('',#16282,#4142);
#2955=LINE('',#16286,#4143);
#2956=LINE('',#16287,#4144);
#2957=LINE('',#16288,#4145);
#2958=LINE('',#16292,#4146);
#2959=LINE('',#16294,#4147);
#2960=LINE('',#16296,#4148);
#2961=LINE('',#16297,#4149);
#2962=LINE('',#16300,#4150);
#2963=LINE('',#16302,#4151);
#2964=LINE('',#16303,#4152);
#2965=LINE('',#16306,#4153);
#2966=LINE('',#16310,#4154);
#2967=LINE('',#16314,#4155);
#2968=LINE('',#16316,#4156);
#2969=LINE('',#16318,#4157);
#2970=LINE('',#16320,#4158);
#2971=LINE('',#16322,#4159);
#2972=LINE('',#16326,#4160);
#2973=LINE('',#16330,#4161);
#2974=LINE('',#16331,#4162);
#2975=LINE('',#16334,#4163);
#2976=LINE('',#16335,#4164);
#2977=LINE('',#16341,#4165);
#2978=LINE('',#16344,#4166);
#2979=LINE('',#16347,#4167);
#2980=LINE('',#16349,#4168);
#2981=LINE('',#16350,#4169);
#2982=LINE('',#16356,#4170);
#2983=LINE('',#16359,#4171);
#2984=LINE('',#16360,#4172);
#2985=LINE('',#16361,#4173);
#2986=LINE('',#16364,#4174);
#2987=LINE('',#16365,#4175);
#2988=LINE('',#16368,#4176);
#2989=LINE('',#16371,#4177);
#2990=LINE('',#16374,#4178);
#2991=LINE('',#16375,#4179);
#2992=LINE('',#16379,#4180);
#2993=LINE('',#16381,#4181);
#2994=LINE('',#16384,#4182);
#2995=LINE('',#16385,#4183);
#2996=LINE('',#16389,#4184);
#2997=LINE('',#16392,#4185);
#2998=LINE('',#16393,#4186);
#2999=LINE('',#16397,#4187);
#3000=LINE('',#16399,#4188);
#3001=LINE('',#16400,#4189);
#3002=LINE('',#16402,#4190);
#3003=LINE('',#16404,#4191);
#3004=LINE('',#16409,#4192);
#3005=LINE('',#16411,#4193);
#3006=LINE('',#16413,#4194);
#3007=LINE('',#16414,#4195);
#3008=LINE('',#16417,#4196);
#3009=LINE('',#16419,#4197);
#3010=LINE('',#16420,#4198);
#3011=LINE('',#16423,#4199);
#3012=LINE('',#16427,#4200);
#3013=LINE('',#16431,#4201);
#3014=LINE('',#16433,#4202);
#3015=LINE('',#16435,#4203);
#3016=LINE('',#16437,#4204);
#3017=LINE('',#16439,#4205);
#3018=LINE('',#16443,#4206);
#3019=LINE('',#16447,#4207);
#3020=LINE('',#16448,#4208);
#3021=LINE('',#16451,#4209);
#3022=LINE('',#16452,#4210);
#3023=LINE('',#16458,#4211);
#3024=LINE('',#16461,#4212);
#3025=LINE('',#16464,#4213);
#3026=LINE('',#16466,#4214);
#3027=LINE('',#16467,#4215);
#3028=LINE('',#16473,#4216);
#3029=LINE('',#16476,#4217);
#3030=LINE('',#16477,#4218);
#3031=LINE('',#16478,#4219);
#3032=LINE('',#16481,#4220);
#3033=LINE('',#16482,#4221);
#3034=LINE('',#16485,#4222);
#3035=LINE('',#16488,#4223);
#3036=LINE('',#16491,#4224);
#3037=LINE('',#16492,#4225);
#3038=LINE('',#16496,#4226);
#3039=LINE('',#16498,#4227);
#3040=LINE('',#16501,#4228);
#3041=LINE('',#16502,#4229);
#3042=LINE('',#16506,#4230);
#3043=LINE('',#16509,#4231);
#3044=LINE('',#16510,#4232);
#3045=LINE('',#16514,#4233);
#3046=LINE('',#16516,#4234);
#3047=LINE('',#16517,#4235);
#3048=LINE('',#16519,#4236);
#3049=LINE('',#16521,#4237);
#3050=LINE('',#16526,#4238);
#3051=LINE('',#16528,#4239);
#3052=LINE('',#16530,#4240);
#3053=LINE('',#16531,#4241);
#3054=LINE('',#16534,#4242);
#3055=LINE('',#16536,#4243);
#3056=LINE('',#16537,#4244);
#3057=LINE('',#16540,#4245);
#3058=LINE('',#16544,#4246);
#3059=LINE('',#16548,#4247);
#3060=LINE('',#16550,#4248);
#3061=LINE('',#16552,#4249);
#3062=LINE('',#16554,#4250);
#3063=LINE('',#16556,#4251);
#3064=LINE('',#16560,#4252);
#3065=LINE('',#16564,#4253);
#3066=LINE('',#16565,#4254);
#3067=LINE('',#16568,#4255);
#3068=LINE('',#16569,#4256);
#3069=LINE('',#16575,#4257);
#3070=LINE('',#16578,#4258);
#3071=LINE('',#16581,#4259);
#3072=LINE('',#16583,#4260);
#3073=LINE('',#16584,#4261);
#3074=LINE('',#16590,#4262);
#3075=LINE('',#16593,#4263);
#3076=LINE('',#16594,#4264);
#3077=LINE('',#16595,#4265);
#3078=LINE('',#16598,#4266);
#3079=LINE('',#16599,#4267);
#3080=LINE('',#16602,#4268);
#3081=LINE('',#16605,#4269);
#3082=LINE('',#16608,#4270);
#3083=LINE('',#16609,#4271);
#3084=LINE('',#16613,#4272);
#3085=LINE('',#16615,#4273);
#3086=LINE('',#16618,#4274);
#3087=LINE('',#16619,#4275);
#3088=LINE('',#16623,#4276);
#3089=LINE('',#16626,#4277);
#3090=LINE('',#16627,#4278);
#3091=LINE('',#16631,#4279);
#3092=LINE('',#16633,#4280);
#3093=LINE('',#16634,#4281);
#3094=LINE('',#16636,#4282);
#3095=LINE('',#16638,#4283);
#3096=LINE('',#16643,#4284);
#3097=LINE('',#16645,#4285);
#3098=LINE('',#16647,#4286);
#3099=LINE('',#16648,#4287);
#3100=LINE('',#16651,#4288);
#3101=LINE('',#16653,#4289);
#3102=LINE('',#16654,#4290);
#3103=LINE('',#16657,#4291);
#3104=LINE('',#16661,#4292);
#3105=LINE('',#16665,#4293);
#3106=LINE('',#16667,#4294);
#3107=LINE('',#16669,#4295);
#3108=LINE('',#16671,#4296);
#3109=LINE('',#16673,#4297);
#3110=LINE('',#16677,#4298);
#3111=LINE('',#16681,#4299);
#3112=LINE('',#16682,#4300);
#3113=LINE('',#16685,#4301);
#3114=LINE('',#16686,#4302);
#3115=LINE('',#16692,#4303);
#3116=LINE('',#16695,#4304);
#3117=LINE('',#16698,#4305);
#3118=LINE('',#16700,#4306);
#3119=LINE('',#16701,#4307);
#3120=LINE('',#16707,#4308);
#3121=LINE('',#16710,#4309);
#3122=LINE('',#16711,#4310);
#3123=LINE('',#16712,#4311);
#3124=LINE('',#16715,#4312);
#3125=LINE('',#16716,#4313);
#3126=LINE('',#16719,#4314);
#3127=LINE('',#16722,#4315);
#3128=LINE('',#16725,#4316);
#3129=LINE('',#16726,#4317);
#3130=LINE('',#16730,#4318);
#3131=LINE('',#16732,#4319);
#3132=LINE('',#16735,#4320);
#3133=LINE('',#16736,#4321);
#3134=LINE('',#16740,#4322);
#3135=LINE('',#16743,#4323);
#3136=LINE('',#16744,#4324);
#3137=LINE('',#16748,#4325);
#3138=LINE('',#16750,#4326);
#3139=LINE('',#16751,#4327);
#3140=LINE('',#16753,#4328);
#3141=LINE('',#16755,#4329);
#3142=LINE('',#16760,#4330);
#3143=LINE('',#16762,#4331);
#3144=LINE('',#16764,#4332);
#3145=LINE('',#16765,#4333);
#3146=LINE('',#16768,#4334);
#3147=LINE('',#16770,#4335);
#3148=LINE('',#16771,#4336);
#3149=LINE('',#16774,#4337);
#3150=LINE('',#16778,#4338);
#3151=LINE('',#16782,#4339);
#3152=LINE('',#16784,#4340);
#3153=LINE('',#16786,#4341);
#3154=LINE('',#16788,#4342);
#3155=LINE('',#16790,#4343);
#3156=LINE('',#16794,#4344);
#3157=LINE('',#16798,#4345);
#3158=LINE('',#16799,#4346);
#3159=LINE('',#16802,#4347);
#3160=LINE('',#16803,#4348);
#3161=LINE('',#16809,#4349);
#3162=LINE('',#16812,#4350);
#3163=LINE('',#16815,#4351);
#3164=LINE('',#16817,#4352);
#3165=LINE('',#16818,#4353);
#3166=LINE('',#16824,#4354);
#3167=LINE('',#16827,#4355);
#3168=LINE('',#16828,#4356);
#3169=LINE('',#16829,#4357);
#3170=LINE('',#16832,#4358);
#3171=LINE('',#16833,#4359);
#3172=LINE('',#16836,#4360);
#3173=LINE('',#16839,#4361);
#3174=LINE('',#16842,#4362);
#3175=LINE('',#16843,#4363);
#3176=LINE('',#16847,#4364);
#3177=LINE('',#16849,#4365);
#3178=LINE('',#16852,#4366);
#3179=LINE('',#16853,#4367);
#3180=LINE('',#16857,#4368);
#3181=LINE('',#16860,#4369);
#3182=LINE('',#16861,#4370);
#3183=LINE('',#16865,#4371);
#3184=LINE('',#16867,#4372);
#3185=LINE('',#16868,#4373);
#3186=LINE('',#16870,#4374);
#3187=LINE('',#16872,#4375);
#3188=LINE('',#16877,#4376);
#3189=LINE('',#16879,#4377);
#3190=LINE('',#16881,#4378);
#3191=LINE('',#16882,#4379);
#3192=LINE('',#16885,#4380);
#3193=LINE('',#16887,#4381);
#3194=LINE('',#16888,#4382);
#3195=LINE('',#16891,#4383);
#3196=LINE('',#16895,#4384);
#3197=LINE('',#16899,#4385);
#3198=LINE('',#16901,#4386);
#3199=LINE('',#16903,#4387);
#3200=LINE('',#16905,#4388);
#3201=LINE('',#16907,#4389);
#3202=LINE('',#16911,#4390);
#3203=LINE('',#16915,#4391);
#3204=LINE('',#16916,#4392);
#3205=LINE('',#16919,#4393);
#3206=LINE('',#16920,#4394);
#3207=LINE('',#16926,#4395);
#3208=LINE('',#16929,#4396);
#3209=LINE('',#16932,#4397);
#3210=LINE('',#16934,#4398);
#3211=LINE('',#16935,#4399);
#3212=LINE('',#16941,#4400);
#3213=LINE('',#16944,#4401);
#3214=LINE('',#16945,#4402);
#3215=LINE('',#16946,#4403);
#3216=LINE('',#16949,#4404);
#3217=LINE('',#16950,#4405);
#3218=LINE('',#16953,#4406);
#3219=LINE('',#16956,#4407);
#3220=LINE('',#16959,#4408);
#3221=LINE('',#16960,#4409);
#3222=LINE('',#16964,#4410);
#3223=LINE('',#16966,#4411);
#3224=LINE('',#16969,#4412);
#3225=LINE('',#16970,#4413);
#3226=LINE('',#16974,#4414);
#3227=LINE('',#16977,#4415);
#3228=LINE('',#16978,#4416);
#3229=LINE('',#16982,#4417);
#3230=LINE('',#16984,#4418);
#3231=LINE('',#16985,#4419);
#3232=LINE('',#16987,#4420);
#3233=LINE('',#16989,#4421);
#3234=LINE('',#16993,#4422);
#3235=LINE('',#16995,#4423);
#3236=LINE('',#16996,#4424);
#3237=LINE('',#16998,#4425);
#3238=LINE('',#16999,#4426);
#3239=LINE('',#17001,#4427);
#3240=LINE('',#17002,#4428);
#3241=LINE('',#17004,#4429);
#3242=LINE('',#17005,#4430);
#3243=LINE('',#17007,#4431);
#3244=LINE('',#17008,#4432);
#3245=LINE('',#17010,#4433);
#3246=LINE('',#17011,#4434);
#3247=LINE('',#17014,#4435);
#3248=LINE('',#17016,#4436);
#3249=LINE('',#17017,#4437);
#3250=LINE('',#17021,#4438);
#3251=LINE('',#17023,#4439);
#3252=LINE('',#17025,#4440);
#3253=LINE('',#17026,#4441);
#3254=LINE('',#17029,#4442);
#3255=LINE('',#17031,#4443);
#3256=LINE('',#17032,#4444);
#3257=LINE('',#17035,#4445);
#3258=LINE('',#17039,#4446);
#3259=LINE('',#17043,#4447);
#3260=LINE('',#17045,#4448);
#3261=LINE('',#17047,#4449);
#3262=LINE('',#17049,#4450);
#3263=LINE('',#17051,#4451);
#3264=LINE('',#17055,#4452);
#3265=LINE('',#17059,#4453);
#3266=LINE('',#17060,#4454);
#3267=LINE('',#17063,#4455);
#3268=LINE('',#17064,#4456);
#3269=LINE('',#17070,#4457);
#3270=LINE('',#17073,#4458);
#3271=LINE('',#17076,#4459);
#3272=LINE('',#17077,#4460);
#3273=LINE('',#17078,#4461);
#3274=LINE('',#17084,#4462);
#3275=LINE('',#17087,#4463);
#3276=LINE('',#17088,#4464);
#3277=LINE('',#17089,#4465);
#3278=LINE('',#17091,#4466);
#3279=LINE('',#17092,#4467);
#3280=LINE('',#17095,#4468);
#3281=LINE('',#17098,#4469);
#3282=LINE('',#17101,#4470);
#3283=LINE('',#17102,#4471);
#3284=LINE('',#17106,#4472);
#3285=LINE('',#17108,#4473);
#3286=LINE('',#17111,#4474);
#3287=LINE('',#17112,#4475);
#3288=LINE('',#17116,#4476);
#3289=LINE('',#17119,#4477);
#3290=LINE('',#17120,#4478);
#3291=LINE('',#17124,#4479);
#3292=LINE('',#17126,#4480);
#3293=LINE('',#17127,#4481);
#3294=LINE('',#17130,#4482);
#3295=LINE('',#17133,#4483);
#3296=LINE('',#17135,#4484);
#3297=LINE('',#17136,#4485);
#3298=LINE('',#17139,#4486);
#3299=LINE('',#17141,#4487);
#3300=LINE('',#17142,#4488);
#3301=LINE('',#17145,#4489);
#3302=LINE('',#17146,#4490);
#3303=LINE('',#17147,#4491);
#3304=LINE('',#17149,#4492);
#3305=LINE('',#17152,#4493);
#3306=LINE('',#17153,#4494);
#3307=LINE('',#17157,#4495);
#3308=LINE('',#17158,#4496);
#3309=LINE('',#17160,#4497);
#3310=LINE('',#17161,#4498);
#3311=VECTOR('',#11131,0.01);
#3312=VECTOR('',#11132,0.01);
#3313=VECTOR('',#11133,0.01);
#3314=VECTOR('',#11134,0.01);
#3315=VECTOR('',#11135,0.01);
#3316=VECTOR('',#11136,0.01);
#3317=VECTOR('',#11137,0.01);
#3318=VECTOR('',#11138,0.01);
#3319=VECTOR('',#11139,0.01);
#3320=VECTOR('',#11140,0.01);
#3321=VECTOR('',#11141,0.01);
#3322=VECTOR('',#11142,0.01);
#3323=VECTOR('',#11143,0.01);
#3324=VECTOR('',#11146,0.00405186391775189);
#3325=VECTOR('',#11147,0.01);
#3326=VECTOR('',#11148,0.00405186391775189);
#3327=VECTOR('',#11149,0.01);
#3328=VECTOR('',#11150,0.01);
#3329=VECTOR('',#11151,0.01);
#3330=VECTOR('',#11152,0.01);
#3331=VECTOR('',#11155,0.00405186391775191);
#3332=VECTOR('',#11156,0.01);
#3333=VECTOR('',#11157,0.00405186391775191);
#3334=VECTOR('',#11158,0.01);
#3335=VECTOR('',#11159,0.01);
#3336=VECTOR('',#11164,0.487034042913775);
#3337=VECTOR('',#11165,0.01);
#3338=VECTOR('',#11166,0.487034042913775);
#3339=VECTOR('',#11167,0.01);
#3340=VECTOR('',#11168,0.01);
#3341=VECTOR('',#11169,0.01);
#3342=VECTOR('',#11172,0.0834683967056885);
#3343=VECTOR('',#11173,0.01);
#3344=VECTOR('',#11174,0.0834683967056885);
#3345=VECTOR('',#11177,0.126418154233858);
#3346=VECTOR('',#11178,0.01);
#3347=VECTOR('',#11179,0.126418154233858);
#3348=VECTOR('',#11182,0.750405197567646);
#3349=VECTOR('',#11183,0.01);
#3350=VECTOR('',#11184,0.750405197567646);
#3351=VECTOR('',#11187,0.126418154233858);
#3352=VECTOR('',#11188,0.01);
#3353=VECTOR('',#11189,0.126418154233858);
#3354=VECTOR('',#11192,0.560777966216859);
#3355=VECTOR('',#11193,0.01);
#3356=VECTOR('',#11194,0.560777966216859);
#3357=VECTOR('',#11195,0.01);
#3358=VECTOR('',#11196,0.01);
#3359=VECTOR('',#11197,0.01);
#3360=VECTOR('',#11200,0.427876829714597);
#3361=VECTOR('',#11201,0.01);
#3362=VECTOR('',#11202,0.427876829714597);
#3363=VECTOR('',#11205,0.126418154233858);
#3364=VECTOR('',#11206,0.126418154233858);
#3365=VECTOR('',#11211,0.750405197567646);
#3366=VECTOR('',#11212,0.01);
#3367=VECTOR('',#11213,0.750405197567646);
#3368=VECTOR('',#11214,0.01);
#3369=VECTOR('',#11217,0.126418154233858);
#3370=VECTOR('',#11218,0.01);
#3371=VECTOR('',#11219,0.126418154233858);
#3372=VECTOR('',#11222,0.750405197567646);
#3373=VECTOR('',#11223,0.01);
#3374=VECTOR('',#11224,0.750405197567646);
#3375=VECTOR('',#11227,0.126418154233858);
#3376=VECTOR('',#11228,0.126418154233858);
#3377=VECTOR('',#11233,0.132901136502261);
#3378=VECTOR('',#11234,0.01);
#3379=VECTOR('',#11235,0.132901136502261);
#3380=VECTOR('',#11236,0.01);
#3381=VECTOR('',#11239,0.881685588502807);
#3382=VECTOR('',#11240,0.01);
#3383=VECTOR('',#11241,0.881685588502807);
#3384=VECTOR('',#11244,0.335494332389855);
#3385=VECTOR('',#11245,0.01);
#3386=VECTOR('',#11246,0.335494332389855);
#3387=VECTOR('',#11249,0.118314426398355);
#3388=VECTOR('',#11250,0.01);
#3389=VECTOR('',#11251,0.118314426398355);
#3390=VECTOR('',#11254,0.803889801281971);
#3391=VECTOR('',#11255,0.01);
#3392=VECTOR('',#11256,0.803889801281971);
#3393=VECTOR('',#11259,0.118314426398355);
#3394=VECTOR('',#11260,0.01);
#3395=VECTOR('',#11261,0.118314426398355);
#3396=VECTOR('',#11264,0.335494332389855);
#3397=VECTOR('',#11265,0.01);
#3398=VECTOR('',#11266,0.335494332389855);
#3399=VECTOR('',#11269,0.881685588502807);
#3400=VECTOR('',#11270,0.881685588502807);
#3401=VECTOR('',#11275,0.495363191405047);
#3402=VECTOR('',#11276,0.01);
#3403=VECTOR('',#11277,0.495363191405047);
#3404=VECTOR('',#11278,0.01);
#3405=VECTOR('',#11281,0.308752030532692);
#3406=VECTOR('',#11282,0.308752030532692);
#3407=VECTOR('',#11283,0.01);
#3408=VECTOR('',#11286,0.495615673320975);
#3409=VECTOR('',#11287,0.495615673320975);
#3410=VECTOR('',#11290,0.134521882069362);
#3411=VECTOR('',#11291,0.01);
#3412=VECTOR('',#11292,0.134521882069362);
#3413=VECTOR('',#11293,0.01);
#3414=VECTOR('',#11296,0.29394199246332);
#3415=VECTOR('',#11297,0.01);
#3416=VECTOR('',#11298,0.29394199246332);
#3417=VECTOR('',#11301,0.381685581052226);
#3418=VECTOR('',#11302,0.01);
#3419=VECTOR('',#11303,0.381685581052226);
#3420=VECTOR('',#11306,0.29394199246332);
#3421=VECTOR('',#11307,0.01);
#3422=VECTOR('',#11308,0.29394199246332);
#3423=VECTOR('',#11311,0.140194491554215);
#3424=VECTOR('',#11312,0.01);
#3425=VECTOR('',#11313,0.140194491554215);
#3426=VECTOR('',#11316,1.05529455868409);
#3427=VECTOR('',#11317,0.01);
#3428=VECTOR('',#11318,1.05529455868409);
#3429=VECTOR('',#11321,0.163695302277175);
#3430=VECTOR('',#11322,0.01);
#3431=VECTOR('',#11323,0.163695302277175);
#3432=VECTOR('',#11326,1.05529455868409);
#3433=VECTOR('',#11327,1.05529455868409);
#3434=VECTOR('',#11332,0.469205853328519);
#3435=VECTOR('',#11333,0.01);
#3436=VECTOR('',#11334,0.469205853328519);
#3437=VECTOR('',#11335,0.01);
#3438=VECTOR('',#11338,0.0887358220025439);
#3439=VECTOR('',#11339,0.01);
#3440=VECTOR('',#11340,0.0887358220025439);
#3441=VECTOR('',#11343,0.369529998476347);
#3442=VECTOR('',#11344,0.01);
#3443=VECTOR('',#11345,0.369529998476347);
#3444=VECTOR('',#11348,0.278363058062774);
#3445=VECTOR('',#11349,0.01);
#3446=VECTOR('',#11350,0.278363058062774);
#3447=VECTOR('',#11353,0.344611034763304);
#3448=VECTOR('',#11354,0.01);
#3449=VECTOR('',#11355,0.344611034763304);
#3450=VECTOR('',#11358,0.0887358220025439);
#3451=VECTOR('',#11359,0.01);
#3452=VECTOR('',#11360,0.0887358220025439);
#3453=VECTOR('',#11363,0.344611034763304);
#3454=VECTOR('',#11364,0.01);
#3455=VECTOR('',#11365,0.344611034763304);
#3456=VECTOR('',#11368,0.205429505731916);
#3457=VECTOR('',#11369,0.01);
#3458=VECTOR('',#11370,0.205429505731916);
#3459=VECTOR('',#11373,0.369529998476347);
#3460=VECTOR('',#11374,0.01);
#3461=VECTOR('',#11375,0.369529998476347);
#3462=VECTOR('',#11378,0.0887358220025439);
#3463=VECTOR('',#11379,0.01);
#3464=VECTOR('',#11380,0.0887358220025439);
#3465=VECTOR('',#11383,0.469205853328519);
#3466=VECTOR('',#11384,0.01);
#3467=VECTOR('',#11385,0.469205853328519);
#3468=VECTOR('',#11388,0.750000029802322);
#3469=VECTOR('',#11389,0.750000029802322);
#3470=VECTOR('',#11394,0.0996758548521723);
#3471=VECTOR('',#11395,0.01);
#3472=VECTOR('',#11396,0.0996758548521723);
#3473=VECTOR('',#11397,0.01);
#3474=VECTOR('',#11400,0.661264207799779);
#3475=VECTOR('',#11401,0.01);
#3476=VECTOR('',#11402,0.661264207799779);
#3477=VECTOR('',#11405,0.25162075554146);
#3478=VECTOR('',#11406,0.01);
#3479=VECTOR('',#11407,0.25162075554146);
#3480=VECTOR('',#11410,0.0887358220025439);
#3481=VECTOR('',#11411,0.01);
#3482=VECTOR('',#11412,0.0887358220025439);
#3483=VECTOR('',#11415,0.602917365935092);
#3484=VECTOR('',#11416,0.01);
#3485=VECTOR('',#11417,0.602917365935092);
#3486=VECTOR('',#11420,0.0887358220025439);
#3487=VECTOR('',#11421,0.01);
#3488=VECTOR('',#11422,0.0887358220025439);
#3489=VECTOR('',#11425,0.25162075554146);
#3490=VECTOR('',#11426,0.01);
#3491=VECTOR('',#11427,0.25162075554146);
#3492=VECTOR('',#11430,0.661264207799779);
#3493=VECTOR('',#11431,0.661264207799779);
#3494=VECTOR('',#11436,0.371522402780644);
#3495=VECTOR('',#11437,0.01);
#3496=VECTOR('',#11438,0.371522402780644);
#3497=VECTOR('',#11439,0.01);
#3498=VECTOR('',#11442,0.231564028650474);
#3499=VECTOR('',#11443,0.231564028650474);
#3500=VECTOR('',#11444,0.01);
#3501=VECTOR('',#11447,0.371711764222292);
#3502=VECTOR('',#11448,0.371711764222292);
#3503=VECTOR('',#11451,0.100891414057687);
#3504=VECTOR('',#11452,0.01);
#3505=VECTOR('',#11453,0.100891414057687);
#3506=VECTOR('',#11454,0.01);
#3507=VECTOR('',#11457,0.220456499822586);
#3508=VECTOR('',#11458,0.01);
#3509=VECTOR('',#11459,0.220456499822586);
#3510=VECTOR('',#11462,0.286264192898617);
#3511=VECTOR('',#11463,0.01);
#3512=VECTOR('',#11464,0.286264192898617);
#3513=VECTOR('',#11467,0.220456499822586);
#3514=VECTOR('',#11468,0.01);
#3515=VECTOR('',#11469,0.220456499822586);
#3516=VECTOR('',#11472,0.105145871276986);
#3517=VECTOR('',#11473,0.01);
#3518=VECTOR('',#11474,0.105145871276986);
#3519=VECTOR('',#11477,0.79147093866946);
#3520=VECTOR('',#11478,0.01);
#3521=VECTOR('',#11479,0.79147093866946);
#3522=VECTOR('',#11482,0.122771479756945);
#3523=VECTOR('',#11483,0.01);
#3524=VECTOR('',#11484,0.122771479756945);
#3525=VECTOR('',#11487,0.79147093866946);
#3526=VECTOR('',#11488,0.79147093866946);
#3527=VECTOR('',#11493,0.750000029802322);
#3528=VECTOR('',#11494,0.01);
#3529=VECTOR('',#11495,0.750000029802322);
#3530=VECTOR('',#11496,0.01);
#3531=VECTOR('',#11499,0.13857374942863);
#3532=VECTOR('',#11500,0.01);
#3533=VECTOR('',#11501,0.13857374942863);
#3534=VECTOR('',#11504,0.455134407223482);
#3535=VECTOR('',#11505,0.01);
#3536=VECTOR('',#11506,0.455134407223482);
#3537=VECTOR('',#11509,0.457587006671483);
#3538=VECTOR('',#11510,0.01);
#3539=VECTOR('',#11511,0.457587006671483);
#3540=VECTOR('',#11514,0.136142631017601);
#3541=VECTOR('',#11515,0.01);
#3542=VECTOR('',#11516,0.136142631017601);
#3543=VECTOR('',#11519,0.750000029802322);
#3544=VECTOR('',#11520,0.01);
#3545=VECTOR('',#11521,0.750000029802322);
#3546=VECTOR('',#11524,0.0929902792218437);
#3547=VECTOR('',#11525,0.01);
#3548=VECTOR('',#11526,0.0929902792218437);
#3549=VECTOR('',#11529,0.64606971773085);
#3550=VECTOR('',#11530,0.01);
#3551=VECTOR('',#11531,0.64606971773085);
#3552=VECTOR('',#11534,0.480295884295874);
#3553=VECTOR('',#11535,0.01);
#3554=VECTOR('',#11536,0.480295884295874);
#3555=VECTOR('',#11539,0.060777960275715);
#3556=VECTOR('',#11540,0.01);
#3557=VECTOR('',#11541,0.060777960275715);
#3558=VECTOR('',#11544,0.481034806502715);
#3559=VECTOR('',#11545,0.01);
#3560=VECTOR('',#11546,0.481034806502715);
#3561=VECTOR('',#11549,0.64606971773085);
#3562=VECTOR('',#11550,0.01);
#3563=VECTOR('',#11551,0.64606971773085);
#3564=VECTOR('',#11554,0.0996758548521726);
#3565=VECTOR('',#11555,0.0996758548521726);
#3566=VECTOR('',#11560,0.0887358220025439);
#3567=VECTOR('',#11561,0.01);
#3568=VECTOR('',#11562,0.0887358220025439);
#3569=VECTOR('',#11563,0.01);
#3570=VECTOR('',#11566,0.334886561119189);
#3571=VECTOR('',#11567,0.01);
#3572=VECTOR('',#11568,0.334886561119189);
#3573=VECTOR('',#11571,0.661264207799779);
#3574=VECTOR('',#11572,0.01);
#3575=VECTOR('',#11573,0.661264207799779);
#3576=VECTOR('',#11576,0.0996758548521724);
#3577=VECTOR('',#11577,0.01);
#3578=VECTOR('',#11578,0.0996758548521724);
#3579=VECTOR('',#11581,0.750000029802322);
#3580=VECTOR('',#11582,0.01);
#3581=VECTOR('',#11583,0.750000029802322);
#3582=VECTOR('',#11586,0.434562415971362);
#3583=VECTOR('',#11587,0.434562415971362);
#3584=VECTOR('',#11590,0.01);
#3585=VECTOR('',#11591,0.01);
#3586=VECTOR('',#11594,0.113452189697052);
#3587=VECTOR('',#11595,0.01);
#3588=VECTOR('',#11596,0.113452189697052);
#3589=VECTOR('',#11599,0.00729335505195355);
#3590=VECTOR('',#11600,0.01);
#3591=VECTOR('',#11601,0.00729335505195342);
#3592=VECTOR('',#11602,0.01);
#3593=VECTOR('',#11603,0.01);
#3594=VECTOR('',#11604,0.01);
#3595=VECTOR('',#11607,0.357374397545715);
#3596=VECTOR('',#11608,0.01);
#3597=VECTOR('',#11609,0.357374397545715);
#3598=VECTOR('',#11612,0.232576988878957);
#3599=VECTOR('',#11613,0.01);
#3600=VECTOR('',#11614,0.232576988878957);
#3601=VECTOR('',#11617,0.104538089077998);
#3602=VECTOR('',#11618,0.01);
#3603=VECTOR('',#11619,0.104538089077998);
#3604=VECTOR('',#11622,0.232576988878957);
#3605=VECTOR('',#11623,0.01);
#3606=VECTOR('',#11624,0.232576988878957);
#3607=VECTOR('',#11627,0.215559160424399);
#3608=VECTOR('',#11628,0.01);
#3609=VECTOR('',#11629,0.215559160424399);
#3610=VECTOR('',#11632,0.126418154233858);
#3611=VECTOR('',#11633,0.01);
#3612=VECTOR('',#11634,0.126418154233858);
#3613=VECTOR('',#11637,0.215559160424399);
#3614=VECTOR('',#11638,0.01);
#3615=VECTOR('',#11639,0.215559160424399);
#3616=VECTOR('',#11642,0.0850891422727892);
#3617=VECTOR('',#11643,0.01);
#3618=VECTOR('',#11644,0.0850891422727892);
#3619=VECTOR('',#11647,0.104538089077998);
#3620=VECTOR('',#11648,0.01);
#3621=VECTOR('',#11649,0.104538089077998);
#3622=VECTOR('',#11652,0.0850891422727892);
#3623=VECTOR('',#11653,0.01);
#3624=VECTOR('',#11654,0.0850891422727892);
#3625=VECTOR('',#11657,0.415721237961342);
#3626=VECTOR('',#11658,0.01);
#3627=VECTOR('',#11659,0.415721237961342);
#3628=VECTOR('',#11664,0.131280390935161);
#3629=VECTOR('',#11665,0.01);
#3630=VECTOR('',#11666,0.131280390935161);
#3631=VECTOR('',#11667,0.01);
#3632=VECTOR('',#11670,0.143435982688416);
#3633=VECTOR('',#11671,0.01);
#3634=VECTOR('',#11672,0.143435982688416);
#3635=VECTOR('',#11675,0.131280390935161);
#3636=VECTOR('',#11676,0.01);
#3637=VECTOR('',#11677,0.131280390935161);
#3638=VECTOR('',#11680,0.143435982688416);
#3639=VECTOR('',#11681,0.143435982688416);
#3640=VECTOR('',#11686,0.131280390935161);
#3641=VECTOR('',#11687,0.01);
#3642=VECTOR('',#11688,0.131280390935161);
#3643=VECTOR('',#11689,0.01);
#3644=VECTOR('',#11692,0.592237817272145);
#3645=VECTOR('',#11693,0.01);
#3646=VECTOR('',#11694,0.592237817272145);
#3647=VECTOR('',#11697,0.592517736233841);
#3648=VECTOR('',#11698,0.01);
#3649=VECTOR('',#11699,0.592517736233841);
#3650=VECTOR('',#11702,0.136142627636463);
#3651=VECTOR('',#11703,0.01);
#3652=VECTOR('',#11704,0.136142627636463);
#3653=VECTOR('',#11707,0.764099032250733);
#3654=VECTOR('',#11708,0.01);
#3655=VECTOR('',#11709,0.764099032250733);
#3656=VECTOR('',#11712,0.340503176400527);
#3657=VECTOR('',#11713,0.01);
#3658=VECTOR('',#11714,0.340503176400527);
#3659=VECTOR('',#11717,0.135332254852912);
#3660=VECTOR('',#11718,0.01);
#3661=VECTOR('',#11719,0.135332254852912);
#3662=VECTOR('',#11722,1.10320669678062);
#3663=VECTOR('',#11723,1.10320669678062);
#3664=VECTOR('',#11728,0.515430854764707);
#3665=VECTOR('',#11729,0.01);
#3666=VECTOR('',#11730,0.515430854764707);
#3667=VECTOR('',#11731,0.01);
#3668=VECTOR('',#11734,0.336304705173405);
#3669=VECTOR('',#11735,0.336304705173405);
#3670=VECTOR('',#11736,0.01);
#3671=VECTOR('',#11739,0.39059968167128);
#3672=VECTOR('',#11740,0.39059968167128);
#3673=VECTOR('',#11743,0.1077795802122);
#3674=VECTOR('',#11744,0.01);
#3675=VECTOR('',#11745,0.1077795802122);
#3676=VECTOR('',#11746,0.01);
#3677=VECTOR('',#11749,0.119124799181905);
#3678=VECTOR('',#11750,0.01);
#3679=VECTOR('',#11751,0.119124799181905);
#3680=VECTOR('',#11754,0.548622374463603);
#3681=VECTOR('',#11755,0.01);
#3682=VECTOR('',#11756,0.548622374463603);
#3683=VECTOR('',#11759,0.123176663099657);
#3684=VECTOR('',#11760,0.01);
#3685=VECTOR('',#11761,0.123176663099657);
#3686=VECTOR('',#11764,0.682447441982138);
#3687=VECTOR('',#11765,0.01);
#3688=VECTOR('',#11766,0.682447441982138);
#3689=VECTOR('',#11769,0.141004864337765);
#3690=VECTOR('',#11770,0.01);
#3691=VECTOR('',#11771,0.141004864337765);
#3692=VECTOR('',#11774,0.441653167034954);
#3693=VECTOR('',#11775,0.01);
#3694=VECTOR('',#11776,0.441653167034954);
#3695=VECTOR('',#11779,0.343598060225358);
#3696=VECTOR('',#11780,0.01);
#3697=VECTOR('',#11781,0.343598060225358);
#3698=VECTOR('',#11784,0.128849272584509);
#3699=VECTOR('',#11785,0.01);
#3700=VECTOR('',#11786,0.128849272584509);
#3701=VECTOR('',#11789,0.343598060225358);
#3702=VECTOR('',#11790,0.01);
#3703=VECTOR('',#11791,0.343598060225358);
#3704=VECTOR('',#11794,0.119124799181905);
#3705=VECTOR('',#11795,0.119124799181905);
#3706=VECTOR('',#11800,0.495363191405047);
#3707=VECTOR('',#11801,0.01);
#3708=VECTOR('',#11802,0.495363191405047);
#3709=VECTOR('',#11803,0.01);
#3710=VECTOR('',#11806,0.308752030532693);
#3711=VECTOR('',#11807,0.308752030532693);
#3712=VECTOR('',#11808,0.01);
#3713=VECTOR('',#11811,0.495615673320975);
#3714=VECTOR('',#11812,0.495615673320975);
#3715=VECTOR('',#11815,0.134521882069362);
#3716=VECTOR('',#11816,0.01);
#3717=VECTOR('',#11817,0.134521882069362);
#3718=VECTOR('',#11818,0.01);
#3719=VECTOR('',#11821,0.29394199246332);
#3720=VECTOR('',#11822,0.01);
#3721=VECTOR('',#11823,0.29394199246332);
#3722=VECTOR('',#11826,0.381685581052226);
#3723=VECTOR('',#11827,0.01);
#3724=VECTOR('',#11828,0.381685581052226);
#3725=VECTOR('',#11831,0.29394199246332);
#3726=VECTOR('',#11832,0.01);
#3727=VECTOR('',#11833,0.29394199246332);
#3728=VECTOR('',#11836,0.140194491554215);
#3729=VECTOR('',#11837,0.01);
#3730=VECTOR('',#11838,0.140194491554215);
#3731=VECTOR('',#11841,1.05529455868409);
#3732=VECTOR('',#11842,0.01);
#3733=VECTOR('',#11843,1.05529455868409);
#3734=VECTOR('',#11846,0.163695302277176);
#3735=VECTOR('',#11847,0.01);
#3736=VECTOR('',#11848,0.163695302277176);
#3737=VECTOR('',#11851,1.05529455868409);
#3738=VECTOR('',#11852,1.05529455868409);
#3739=VECTOR('',#11855,0.01);
#3740=VECTOR('',#11856,0.01);
#3741=VECTOR('',#11859,0.110210698562851);
#3742=VECTOR('',#11860,0.110210698562851);
#3743=VECTOR('',#11861,0.01);
#3744=VECTOR('',#11864,0.398703409506784);
#3745=VECTOR('',#11865,0.398703409506784);
#3746=VECTOR('',#11866,0.01);
#3747=VECTOR('',#11869,0.0907617517576415);
#3748=VECTOR('',#11870,0.0907617517576415);
#3749=VECTOR('',#11871,0.01);
#3750=VECTOR('',#11872,0.01);
#3751=VECTOR('',#11873,0.01);
#3752=VECTOR('',#11874,0.01);
#3753=VECTOR('',#11875,0.01);
#3754=VECTOR('',#11876,0.01);
#3755=VECTOR('',#11879,0.251215562900616);
#3756=VECTOR('',#11880,0.01);
#3757=VECTOR('',#11881,0.251215562900616);
#3758=VECTOR('',#11884,1.00000001490116);
#3759=VECTOR('',#11885,0.01);
#3760=VECTOR('',#11886,1.00000001490116);
#3761=VECTOR('',#11889,0.132901136502261);
#3762=VECTOR('',#11890,0.01);
#3763=VECTOR('',#11891,0.132901136502261);
#3764=VECTOR('',#11894,0.372771480433172);
#3765=VECTOR('',#11895,0.01);
#3766=VECTOR('',#11896,0.372771480433172);
#3767=VECTOR('',#11899,0.112641816913502);
#3768=VECTOR('',#11900,0.01);
#3769=VECTOR('',#11901,0.112641816913502);
#3770=VECTOR('',#11902,0.01);
#3771=VECTOR('',#11905,0.01);
#3772=VECTOR('',#11906,0.01);
#3773=VECTOR('',#11907,0.01);
#3774=VECTOR('',#11910,0.623987043333788);
#3775=VECTOR('',#11911,0.01);
#3776=VECTOR('',#11912,0.623987043333788);
#3777=VECTOR('',#11915,0.132901136502261);
#3778=VECTOR('',#11916,0.01);
#3779=VECTOR('',#11917,0.132901136502261);
#3780=VECTOR('',#11920,0.627228534467989);
#3781=VECTOR('',#11921,0.01);
#3782=VECTOR('',#11922,0.627228534467989);
#3783=VECTOR('',#11923,0.01);
#3784=VECTOR('',#11924,0.01);
#3785=VECTOR('',#11925,0.01);
#3786=VECTOR('',#11926,0.01);
#3787=VECTOR('',#11929,0.623987043333788);
#3788=VECTOR('',#11930,0.01);
#3789=VECTOR('',#11931,0.623987043333788);
#3790=VECTOR('',#11934,0.132901136502261);
#3791=VECTOR('',#11935,0.01);
#3792=VECTOR('',#11936,0.132901136502261);
#3793=VECTOR('',#11939,0.623987043333788);
#3794=VECTOR('',#11940,0.01);
#3795=VECTOR('',#11941,0.623987043333788);
#3796=VECTOR('',#11942,0.01);
#3797=VECTOR('',#11949,1.91325030024024);
#3798=VECTOR('',#11950,18.5);
#3799=VECTOR('',#11951,5.7);
#3800=VECTOR('',#11952,18.5);
#3801=VECTOR('',#11953,1.91325030024024);
#3802=VECTOR('',#11968,1.94479361944198);
#3803=VECTOR('',#11979,1.57955689989313);
#3804=VECTOR('',#11980,6.4);
#3805=VECTOR('',#11981,1.57955689989313);
#3806=VECTOR('',#11984,0.282842712474619);
#3807=VECTOR('',#11985,0.2);
#3808=VECTOR('',#11986,0.282842712474619);
#3809=VECTOR('',#11987,0.2);
#3810=VECTOR('',#11990,0.1);
#3811=VECTOR('',#11991,0.2);
#3812=VECTOR('',#11992,0.1);
#3813=VECTOR('',#11995,0.282842712474619);
#3814=VECTOR('',#11996,3.2);
#3815=VECTOR('',#11999,0.0636303513091785);
#3816=VECTOR('',#12002,1.63191437905314);
#3817=VECTOR('',#12003,0.1);
#3818=VECTOR('',#12004,1.5);
#3819=VECTOR('',#12005,0.1);
#3820=VECTOR('',#12006,1.63191437905314);
#3821=VECTOR('',#12009,0.0636303513091785);
#3822=VECTOR('',#12012,3.2);
#3823=VECTOR('',#12015,0.282842712474619);
#3824=VECTOR('',#12016,0.2);
#3825=VECTOR('',#12021,1.5);
#3826=VECTOR('',#12024,1.5);
#3827=VECTOR('',#12027,0.3);
#3828=VECTOR('',#12028,1.5);
#3829=VECTOR('',#12029,0.299999999999999);
#3830=VECTOR('',#12034,1.5);
#3831=VECTOR('',#12039,0.2);
#3832=VECTOR('',#12040,0.2);
#3833=VECTOR('',#12041,0.399999999999999);
#3834=VECTOR('',#12044,1.5);
#3835=VECTOR('',#12045,0.4);
#3836=VECTOR('',#12048,0.2);
#3837=VECTOR('',#12051,0.2);
#3838=VECTOR('',#12054,0.2);
#3839=VECTOR('',#12055,0.0636303513091785);
#3840=VECTOR('',#12058,0.2);
#3841=VECTOR('',#12063,3.2);
#3842=VECTOR('',#12066,0.2);
#3843=VECTOR('',#12067,3.2);
#3844=VECTOR('',#12070,0.2);
#3845=VECTOR('',#12075,0.2);
#3846=VECTOR('',#12076,0.0636303513091785);
#3847=VECTOR('',#12079,0.2);
#3848=VECTOR('',#12084,0.2);
#3849=VECTOR('',#12085,1.63191437905314);
#3850=VECTOR('',#12088,0.2);
#3851=VECTOR('',#12091,1.63191437905314);
#3852=VECTOR('',#12096,0.282842712474619);
#3853=VECTOR('',#12097,0.2);
#3854=VECTOR('',#12098,0.282842712474619);
#3855=VECTOR('',#12099,0.2);
#3856=VECTOR('',#12102,0.1);
#3857=VECTOR('',#12103,0.2);
#3858=VECTOR('',#12104,0.1);
#3859=VECTOR('',#12107,0.282842712474619);
#3860=VECTOR('',#12108,3.2);
#3861=VECTOR('',#12111,0.0636303513091785);
#3862=VECTOR('',#12114,1.63191437905314);
#3863=VECTOR('',#12115,0.1);
#3864=VECTOR('',#12116,1.5);
#3865=VECTOR('',#12117,0.1);
#3866=VECTOR('',#12118,1.63191437905314);
#3867=VECTOR('',#12121,0.0636303513091785);
#3868=VECTOR('',#12124,3.2);
#3869=VECTOR('',#12127,0.282842712474619);
#3870=VECTOR('',#12128,0.2);
#3871=VECTOR('',#12133,1.5);
#3872=VECTOR('',#12136,1.5);
#3873=VECTOR('',#12139,0.3);
#3874=VECTOR('',#12140,1.5);
#3875=VECTOR('',#12141,0.299999999999999);
#3876=VECTOR('',#12146,1.5);
#3877=VECTOR('',#12151,0.2);
#3878=VECTOR('',#12152,0.2);
#3879=VECTOR('',#12153,0.399999999999999);
#3880=VECTOR('',#12156,1.5);
#3881=VECTOR('',#12157,0.4);
#3882=VECTOR('',#12160,0.2);
#3883=VECTOR('',#12163,0.2);
#3884=VECTOR('',#12166,0.2);
#3885=VECTOR('',#12167,0.0636303513091785);
#3886=VECTOR('',#12170,0.2);
#3887=VECTOR('',#12175,3.2);
#3888=VECTOR('',#12178,0.2);
#3889=VECTOR('',#12179,3.2);
#3890=VECTOR('',#12182,0.2);
#3891=VECTOR('',#12187,0.2);
#3892=VECTOR('',#12188,0.0636303513091785);
#3893=VECTOR('',#12191,0.2);
#3894=VECTOR('',#12196,0.2);
#3895=VECTOR('',#12197,1.63191437905314);
#3896=VECTOR('',#12200,0.2);
#3897=VECTOR('',#12203,1.63191437905314);
#3898=VECTOR('',#12208,0.282842712474619);
#3899=VECTOR('',#12209,0.2);
#3900=VECTOR('',#12210,0.282842712474619);
#3901=VECTOR('',#12211,0.2);
#3902=VECTOR('',#12214,0.1);
#3903=VECTOR('',#12215,0.2);
#3904=VECTOR('',#12216,0.1);
#3905=VECTOR('',#12219,0.282842712474619);
#3906=VECTOR('',#12220,3.2);
#3907=VECTOR('',#12223,0.0636303513091785);
#3908=VECTOR('',#12226,1.63191437905314);
#3909=VECTOR('',#12227,0.1);
#3910=VECTOR('',#12228,1.5);
#3911=VECTOR('',#12229,0.1);
#3912=VECTOR('',#12230,1.63191437905314);
#3913=VECTOR('',#12233,0.0636303513091785);
#3914=VECTOR('',#12236,3.2);
#3915=VECTOR('',#12239,0.282842712474619);
#3916=VECTOR('',#12240,0.2);
#3917=VECTOR('',#12245,1.5);
#3918=VECTOR('',#12248,1.5);
#3919=VECTOR('',#12251,0.3);
#3920=VECTOR('',#12252,1.5);
#3921=VECTOR('',#12253,0.299999999999999);
#3922=VECTOR('',#12258,1.5);
#3923=VECTOR('',#12263,0.2);
#3924=VECTOR('',#12264,0.2);
#3925=VECTOR('',#12265,0.399999999999999);
#3926=VECTOR('',#12268,1.5);
#3927=VECTOR('',#12269,0.4);
#3928=VECTOR('',#12272,0.2);
#3929=VECTOR('',#12275,0.2);
#3930=VECTOR('',#12278,0.2);
#3931=VECTOR('',#12279,0.0636303513091785);
#3932=VECTOR('',#12282,0.2);
#3933=VECTOR('',#12287,3.2);
#3934=VECTOR('',#12290,0.2);
#3935=VECTOR('',#12291,3.2);
#3936=VECTOR('',#12294,0.2);
#3937=VECTOR('',#12299,0.2);
#3938=VECTOR('',#12300,0.0636303513091785);
#3939=VECTOR('',#12303,0.2);
#3940=VECTOR('',#12308,0.2);
#3941=VECTOR('',#12309,1.63191437905314);
#3942=VECTOR('',#12312,0.2);
#3943=VECTOR('',#12315,1.63191437905314);
#3944=VECTOR('',#12320,0.282842712474619);
#3945=VECTOR('',#12321,0.2);
#3946=VECTOR('',#12322,0.282842712474619);
#3947=VECTOR('',#12323,0.2);
#3948=VECTOR('',#12326,0.1);
#3949=VECTOR('',#12327,0.2);
#3950=VECTOR('',#12328,0.1);
#3951=VECTOR('',#12331,0.282842712474619);
#3952=VECTOR('',#12332,3.2);
#3953=VECTOR('',#12335,0.0636303513091785);
#3954=VECTOR('',#12338,1.63191437905314);
#3955=VECTOR('',#12339,0.1);
#3956=VECTOR('',#12340,1.5);
#3957=VECTOR('',#12341,0.1);
#3958=VECTOR('',#12342,1.63191437905314);
#3959=VECTOR('',#12345,0.0636303513091785);
#3960=VECTOR('',#12348,3.2);
#3961=VECTOR('',#12351,0.282842712474619);
#3962=VECTOR('',#12352,0.2);
#3963=VECTOR('',#12357,1.5);
#3964=VECTOR('',#12360,1.5);
#3965=VECTOR('',#12363,0.3);
#3966=VECTOR('',#12364,1.5);
#3967=VECTOR('',#12365,0.299999999999999);
#3968=VECTOR('',#12370,1.5);
#3969=VECTOR('',#12375,0.2);
#3970=VECTOR('',#12376,0.2);
#3971=VECTOR('',#12377,0.399999999999999);
#3972=VECTOR('',#12380,1.5);
#3973=VECTOR('',#12381,0.4);
#3974=VECTOR('',#12384,0.2);
#3975=VECTOR('',#12387,0.2);
#3976=VECTOR('',#12390,0.2);
#3977=VECTOR('',#12391,0.0636303513091785);
#3978=VECTOR('',#12394,0.2);
#3979=VECTOR('',#12399,3.2);
#3980=VECTOR('',#12402,0.2);
#3981=VECTOR('',#12403,3.2);
#3982=VECTOR('',#12406,0.2);
#3983=VECTOR('',#12411,0.2);
#3984=VECTOR('',#12412,0.0636303513091785);
#3985=VECTOR('',#12415,0.2);
#3986=VECTOR('',#12420,0.2);
#3987=VECTOR('',#12421,1.63191437905314);
#3988=VECTOR('',#12424,0.2);
#3989=VECTOR('',#12427,1.63191437905314);
#3990=VECTOR('',#12432,0.282842712474619);
#3991=VECTOR('',#12433,0.2);
#3992=VECTOR('',#12434,0.282842712474619);
#3993=VECTOR('',#12435,0.2);
#3994=VECTOR('',#12438,0.1);
#3995=VECTOR('',#12439,0.2);
#3996=VECTOR('',#12440,0.1);
#3997=VECTOR('',#12443,0.282842712474619);
#3998=VECTOR('',#12444,3.2);
#3999=VECTOR('',#12447,0.0636303513091785);
#4000=VECTOR('',#12450,1.63191437905314);
#4001=VECTOR('',#12451,0.1);
#4002=VECTOR('',#12452,1.5);
#4003=VECTOR('',#12453,0.1);
#4004=VECTOR('',#12454,1.63191437905314);
#4005=VECTOR('',#12457,0.0636303513091785);
#4006=VECTOR('',#12460,3.2);
#4007=VECTOR('',#12463,0.282842712474619);
#4008=VECTOR('',#12464,0.2);
#4009=VECTOR('',#12469,1.5);
#4010=VECTOR('',#12472,1.5);
#4011=VECTOR('',#12475,0.3);
#4012=VECTOR('',#12476,1.5);
#4013=VECTOR('',#12477,0.299999999999999);
#4014=VECTOR('',#12482,1.5);
#4015=VECTOR('',#12487,0.2);
#4016=VECTOR('',#12488,0.2);
#4017=VECTOR('',#12489,0.399999999999999);
#4018=VECTOR('',#12492,1.5);
#4019=VECTOR('',#12493,0.4);
#4020=VECTOR('',#12496,0.2);
#4021=VECTOR('',#12499,0.2);
#4022=VECTOR('',#12502,0.2);
#4023=VECTOR('',#12503,0.0636303513091785);
#4024=VECTOR('',#12506,0.2);
#4025=VECTOR('',#12511,3.2);
#4026=VECTOR('',#12514,0.2);
#4027=VECTOR('',#12515,3.2);
#4028=VECTOR('',#12518,0.2);
#4029=VECTOR('',#12523,0.2);
#4030=VECTOR('',#12524,0.0636303513091785);
#4031=VECTOR('',#12527,0.2);
#4032=VECTOR('',#12532,0.2);
#4033=VECTOR('',#12533,1.63191437905314);
#4034=VECTOR('',#12536,0.2);
#4035=VECTOR('',#12539,1.63191437905314);
#4036=VECTOR('',#12544,0.282842712474619);
#4037=VECTOR('',#12545,0.2);
#4038=VECTOR('',#12546,0.282842712474619);
#4039=VECTOR('',#12547,0.2);
#4040=VECTOR('',#12550,0.1);
#4041=VECTOR('',#12551,0.2);
#4042=VECTOR('',#12552,0.1);
#4043=VECTOR('',#12555,0.282842712474619);
#4044=VECTOR('',#12556,3.2);
#4045=VECTOR('',#12559,0.0636303513091785);
#4046=VECTOR('',#12562,1.63191437905314);
#4047=VECTOR('',#12563,0.1);
#4048=VECTOR('',#12564,1.5);
#4049=VECTOR('',#12565,0.1);
#4050=VECTOR('',#12566,1.63191437905314);
#4051=VECTOR('',#12569,0.0636303513091785);
#4052=VECTOR('',#12572,3.2);
#4053=VECTOR('',#12575,0.282842712474619);
#4054=VECTOR('',#12576,0.2);
#4055=VECTOR('',#12581,1.5);
#4056=VECTOR('',#12584,1.5);
#4057=VECTOR('',#12587,0.3);
#4058=VECTOR('',#12588,1.5);
#4059=VECTOR('',#12589,0.299999999999999);
#4060=VECTOR('',#12594,1.5);
#4061=VECTOR('',#12599,0.2);
#4062=VECTOR('',#12600,0.2);
#4063=VECTOR('',#12601,0.399999999999999);
#4064=VECTOR('',#12604,1.5);
#4065=VECTOR('',#12605,0.4);
#4066=VECTOR('',#12608,0.2);
#4067=VECTOR('',#12611,0.2);
#4068=VECTOR('',#12614,0.2);
#4069=VECTOR('',#12615,0.0636303513091785);
#4070=VECTOR('',#12618,0.2);
#4071=VECTOR('',#12623,3.2);
#4072=VECTOR('',#12626,0.2);
#4073=VECTOR('',#12627,3.2);
#4074=VECTOR('',#12630,0.2);
#4075=VECTOR('',#12635,0.2);
#4076=VECTOR('',#12636,0.0636303513091785);
#4077=VECTOR('',#12639,0.2);
#4078=VECTOR('',#12644,0.2);
#4079=VECTOR('',#12645,1.63191437905314);
#4080=VECTOR('',#12648,0.2);
#4081=VECTOR('',#12651,1.63191437905314);
#4082=VECTOR('',#12656,1.);
#4083=VECTOR('',#12657,0.2);
#4084=VECTOR('',#12658,0.999999999999999);
#4085=VECTOR('',#12661,1.);
#4086=VECTOR('',#12662,0.999999999999999);
#4087=VECTOR('',#12665,1.);
#4088=VECTOR('',#12666,0.999999999999999);
#4089=VECTOR('',#12669,1.);
#4090=VECTOR('',#12670,0.999999999999999);
#4091=VECTOR('',#12673,1.);
#4092=VECTOR('',#12674,0.999999999999999);
#4093=VECTOR('',#12677,1.35);
#4094=VECTOR('',#12678,0.2);
#4095=VECTOR('',#12679,1.35);
#4096=VECTOR('',#12682,1.);
#4097=VECTOR('',#12683,0.999999999999999);
#4098=VECTOR('',#12686,0.282842712474619);
#4099=VECTOR('',#12687,0.2);
#4100=VECTOR('',#12688,0.282842712474619);
#4101=VECTOR('',#12689,0.2);
#4102=VECTOR('',#12692,0.1);
#4103=VECTOR('',#12693,0.2);
#4104=VECTOR('',#12694,0.1);
#4105=VECTOR('',#12697,0.282842712474619);
#4106=VECTOR('',#12698,3.2);
#4107=VECTOR('',#12701,0.0636303513091785);
#4108=VECTOR('',#12704,1.63191437905314);
#4109=VECTOR('',#12705,0.1);
#4110=VECTOR('',#12706,1.5);
#4111=VECTOR('',#12707,0.1);
#4112=VECTOR('',#12708,1.63191437905314);
#4113=VECTOR('',#12711,0.0636303513091785);
#4114=VECTOR('',#12714,3.2);
#4115=VECTOR('',#12717,0.282842712474619);
#4116=VECTOR('',#12718,0.2);
#4117=VECTOR('',#12723,1.5);
#4118=VECTOR('',#12726,1.5);
#4119=VECTOR('',#12729,0.3);
#4120=VECTOR('',#12730,1.5);
#4121=VECTOR('',#12731,0.299999999999999);
#4122=VECTOR('',#12736,1.5);
#4123=VECTOR('',#12741,0.2);
#4124=VECTOR('',#12742,0.2);
#4125=VECTOR('',#12743,0.399999999999999);
#4126=VECTOR('',#12746,1.5);
#4127=VECTOR('',#12747,0.4);
#4128=VECTOR('',#12750,0.2);
#4129=VECTOR('',#12753,0.2);
#4130=VECTOR('',#12756,0.2);
#4131=VECTOR('',#12757,0.0636303513091785);
#4132=VECTOR('',#12760,0.2);
#4133=VECTOR('',#12765,3.2);
#4134=VECTOR('',#12768,0.2);
#4135=VECTOR('',#12769,3.2);
#4136=VECTOR('',#12772,0.2);
#4137=VECTOR('',#12777,0.2);
#4138=VECTOR('',#12778,0.0636303513091785);
#4139=VECTOR('',#12781,0.2);
#4140=VECTOR('',#12786,0.2);
#4141=VECTOR('',#12787,1.63191437905314);
#4142=VECTOR('',#12792,1.63191437905314);
#4143=VECTOR('',#12797,1.35);
#4144=VECTOR('',#12798,0.2);
#4145=VECTOR('',#12799,1.35);
#4146=VECTOR('',#12802,0.282842712474619);
#4147=VECTOR('',#12803,0.2);
#4148=VECTOR('',#12804,0.282842712474619);
#4149=VECTOR('',#12805,0.2);
#4150=VECTOR('',#12808,0.1);
#4151=VECTOR('',#12809,0.2);
#4152=VECTOR('',#12810,0.1);
#4153=VECTOR('',#12813,3.2);
#4154=VECTOR('',#12816,0.0636303513091785);
#4155=VECTOR('',#12819,1.63191437905314);
#4156=VECTOR('',#12820,0.1);
#4157=VECTOR('',#12821,1.5);
#4158=VECTOR('',#12822,0.1);
#4159=VECTOR('',#12823,1.63191437905314);
#4160=VECTOR('',#12826,0.0636303513091785);
#4161=VECTOR('',#12829,3.2);
#4162=VECTOR('',#12830,0.282842712474619);
#4163=VECTOR('',#12833,0.282842712474619);
#4164=VECTOR('',#12834,0.2);
#4165=VECTOR('',#12839,1.5);
#4166=VECTOR('',#12842,1.5);
#4167=VECTOR('',#12845,0.299999999999999);
#4168=VECTOR('',#12846,1.5);
#4169=VECTOR('',#12847,0.3);
#4170=VECTOR('',#12854,1.5);
#4171=VECTOR('',#12857,0.399999999999999);
#4172=VECTOR('',#12858,0.2);
#4173=VECTOR('',#12859,0.2);
#4174=VECTOR('',#12862,0.4);
#4175=VECTOR('',#12863,1.5);
#4176=VECTOR('',#12866,0.2);
#4177=VECTOR('',#12869,0.2);
#4178=VECTOR('',#12872,0.0636303513091785);
#4179=VECTOR('',#12873,0.2);
#4180=VECTOR('',#12878,0.2);
#4181=VECTOR('',#12881,3.2);
#4182=VECTOR('',#12884,3.2);
#4183=VECTOR('',#12885,0.2);
#4184=VECTOR('',#12890,0.2);
#4185=VECTOR('',#12893,0.0636303513091785);
#4186=VECTOR('',#12894,0.2);
#4187=VECTOR('',#12899,0.2);
#4188=VECTOR('',#12902,1.63191437905314);
#4189=VECTOR('',#12903,0.2);
#4190=VECTOR('',#12906,0.2);
#4191=VECTOR('',#12909,1.63191437905314);
#4192=VECTOR('',#12914,0.282842712474619);
#4193=VECTOR('',#12915,0.2);
#4194=VECTOR('',#12916,0.282842712474619);
#4195=VECTOR('',#12917,0.2);
#4196=VECTOR('',#12920,0.1);
#4197=VECTOR('',#12921,0.2);
#4198=VECTOR('',#12922,0.1);
#4199=VECTOR('',#12925,3.2);
#4200=VECTOR('',#12928,0.0636303513091785);
#4201=VECTOR('',#12931,1.63191437905314);
#4202=VECTOR('',#12932,0.1);
#4203=VECTOR('',#12933,1.5);
#4204=VECTOR('',#12934,0.1);
#4205=VECTOR('',#12935,1.63191437905314);
#4206=VECTOR('',#12938,0.0636303513091785);
#4207=VECTOR('',#12941,3.2);
#4208=VECTOR('',#12942,0.282842712474619);
#4209=VECTOR('',#12945,0.282842712474619);
#4210=VECTOR('',#12946,0.2);
#4211=VECTOR('',#12951,1.5);
#4212=VECTOR('',#12954,1.5);
#4213=VECTOR('',#12957,0.299999999999999);
#4214=VECTOR('',#12958,1.5);
#4215=VECTOR('',#12959,0.3);
#4216=VECTOR('',#12966,1.5);
#4217=VECTOR('',#12969,0.399999999999999);
#4218=VECTOR('',#12970,0.2);
#4219=VECTOR('',#12971,0.2);
#4220=VECTOR('',#12974,0.4);
#4221=VECTOR('',#12975,1.5);
#4222=VECTOR('',#12978,0.2);
#4223=VECTOR('',#12981,0.2);
#4224=VECTOR('',#12984,0.0636303513091785);
#4225=VECTOR('',#12985,0.2);
#4226=VECTOR('',#12990,0.2);
#4227=VECTOR('',#12993,3.2);
#4228=VECTOR('',#12996,3.2);
#4229=VECTOR('',#12997,0.2);
#4230=VECTOR('',#13002,0.2);
#4231=VECTOR('',#13005,0.0636303513091785);
#4232=VECTOR('',#13006,0.2);
#4233=VECTOR('',#13011,0.2);
#4234=VECTOR('',#13014,1.63191437905314);
#4235=VECTOR('',#13015,0.2);
#4236=VECTOR('',#13018,0.2);
#4237=VECTOR('',#13021,1.63191437905314);
#4238=VECTOR('',#13026,0.282842712474619);
#4239=VECTOR('',#13027,0.2);
#4240=VECTOR('',#13028,0.282842712474619);
#4241=VECTOR('',#13029,0.2);
#4242=VECTOR('',#13032,0.1);
#4243=VECTOR('',#13033,0.2);
#4244=VECTOR('',#13034,0.1);
#4245=VECTOR('',#13037,3.2);
#4246=VECTOR('',#13040,0.0636303513091785);
#4247=VECTOR('',#13043,1.63191437905314);
#4248=VECTOR('',#13044,0.1);
#4249=VECTOR('',#13045,1.5);
#4250=VECTOR('',#13046,0.1);
#4251=VECTOR('',#13047,1.63191437905314);
#4252=VECTOR('',#13050,0.0636303513091785);
#4253=VECTOR('',#13053,3.2);
#4254=VECTOR('',#13054,0.282842712474619);
#4255=VECTOR('',#13057,0.282842712474619);
#4256=VECTOR('',#13058,0.2);
#4257=VECTOR('',#13063,1.5);
#4258=VECTOR('',#13066,1.5);
#4259=VECTOR('',#13069,0.299999999999999);
#4260=VECTOR('',#13070,1.5);
#4261=VECTOR('',#13071,0.3);
#4262=VECTOR('',#13078,1.5);
#4263=VECTOR('',#13081,0.399999999999999);
#4264=VECTOR('',#13082,0.2);
#4265=VECTOR('',#13083,0.2);
#4266=VECTOR('',#13086,0.4);
#4267=VECTOR('',#13087,1.5);
#4268=VECTOR('',#13090,0.2);
#4269=VECTOR('',#13093,0.2);
#4270=VECTOR('',#13096,0.0636303513091785);
#4271=VECTOR('',#13097,0.2);
#4272=VECTOR('',#13102,0.2);
#4273=VECTOR('',#13105,3.2);
#4274=VECTOR('',#13108,3.2);
#4275=VECTOR('',#13109,0.2);
#4276=VECTOR('',#13114,0.2);
#4277=VECTOR('',#13117,0.0636303513091785);
#4278=VECTOR('',#13118,0.2);
#4279=VECTOR('',#13123,0.2);
#4280=VECTOR('',#13126,1.63191437905314);
#4281=VECTOR('',#13127,0.2);
#4282=VECTOR('',#13130,0.2);
#4283=VECTOR('',#13133,1.63191437905314);
#4284=VECTOR('',#13138,0.282842712474619);
#4285=VECTOR('',#13139,0.2);
#4286=VECTOR('',#13140,0.282842712474619);
#4287=VECTOR('',#13141,0.2);
#4288=VECTOR('',#13144,0.1);
#4289=VECTOR('',#13145,0.2);
#4290=VECTOR('',#13146,0.1);
#4291=VECTOR('',#13149,3.2);
#4292=VECTOR('',#13152,0.0636303513091785);
#4293=VECTOR('',#13155,1.63191437905314);
#4294=VECTOR('',#13156,0.1);
#4295=VECTOR('',#13157,1.5);
#4296=VECTOR('',#13158,0.1);
#4297=VECTOR('',#13159,1.63191437905314);
#4298=VECTOR('',#13162,0.0636303513091785);
#4299=VECTOR('',#13165,3.2);
#4300=VECTOR('',#13166,0.282842712474619);
#4301=VECTOR('',#13169,0.282842712474619);
#4302=VECTOR('',#13170,0.2);
#4303=VECTOR('',#13175,1.5);
#4304=VECTOR('',#13178,1.5);
#4305=VECTOR('',#13181,0.299999999999999);
#4306=VECTOR('',#13182,1.5);
#4307=VECTOR('',#13183,0.3);
#4308=VECTOR('',#13190,1.5);
#4309=VECTOR('',#13193,0.399999999999999);
#4310=VECTOR('',#13194,0.2);
#4311=VECTOR('',#13195,0.2);
#4312=VECTOR('',#13198,0.4);
#4313=VECTOR('',#13199,1.5);
#4314=VECTOR('',#13202,0.2);
#4315=VECTOR('',#13205,0.2);
#4316=VECTOR('',#13208,0.0636303513091785);
#4317=VECTOR('',#13209,0.2);
#4318=VECTOR('',#13214,0.2);
#4319=VECTOR('',#13217,3.2);
#4320=VECTOR('',#13220,3.2);
#4321=VECTOR('',#13221,0.2);
#4322=VECTOR('',#13226,0.2);
#4323=VECTOR('',#13229,0.0636303513091785);
#4324=VECTOR('',#13230,0.2);
#4325=VECTOR('',#13235,0.2);
#4326=VECTOR('',#13238,1.63191437905314);
#4327=VECTOR('',#13239,0.2);
#4328=VECTOR('',#13242,0.2);
#4329=VECTOR('',#13245,1.63191437905314);
#4330=VECTOR('',#13250,0.282842712474619);
#4331=VECTOR('',#13251,0.2);
#4332=VECTOR('',#13252,0.282842712474619);
#4333=VECTOR('',#13253,0.2);
#4334=VECTOR('',#13256,0.1);
#4335=VECTOR('',#13257,0.2);
#4336=VECTOR('',#13258,0.1);
#4337=VECTOR('',#13261,3.2);
#4338=VECTOR('',#13264,0.0636303513091785);
#4339=VECTOR('',#13267,1.63191437905314);
#4340=VECTOR('',#13268,0.1);
#4341=VECTOR('',#13269,1.5);
#4342=VECTOR('',#13270,0.1);
#4343=VECTOR('',#13271,1.63191437905314);
#4344=VECTOR('',#13274,0.0636303513091785);
#4345=VECTOR('',#13277,3.2);
#4346=VECTOR('',#13278,0.282842712474619);
#4347=VECTOR('',#13281,0.282842712474619);
#4348=VECTOR('',#13282,0.2);
#4349=VECTOR('',#13287,1.5);
#4350=VECTOR('',#13290,1.5);
#4351=VECTOR('',#13293,0.299999999999999);
#4352=VECTOR('',#13294,1.5);
#4353=VECTOR('',#13295,0.3);
#4354=VECTOR('',#13302,1.5);
#4355=VECTOR('',#13305,0.399999999999999);
#4356=VECTOR('',#13306,0.2);
#4357=VECTOR('',#13307,0.2);
#4358=VECTOR('',#13310,0.4);
#4359=VECTOR('',#13311,1.5);
#4360=VECTOR('',#13314,0.2);
#4361=VECTOR('',#13317,0.2);
#4362=VECTOR('',#13320,0.0636303513091785);
#4363=VECTOR('',#13321,0.2);
#4364=VECTOR('',#13326,0.2);
#4365=VECTOR('',#13329,3.2);
#4366=VECTOR('',#13332,3.2);
#4367=VECTOR('',#13333,0.2);
#4368=VECTOR('',#13338,0.2);
#4369=VECTOR('',#13341,0.0636303513091785);
#4370=VECTOR('',#13342,0.2);
#4371=VECTOR('',#13347,0.2);
#4372=VECTOR('',#13350,1.63191437905314);
#4373=VECTOR('',#13351,0.2);
#4374=VECTOR('',#13354,0.2);
#4375=VECTOR('',#13357,1.63191437905314);
#4376=VECTOR('',#13362,0.282842712474619);
#4377=VECTOR('',#13363,0.2);
#4378=VECTOR('',#13364,0.282842712474619);
#4379=VECTOR('',#13365,0.2);
#4380=VECTOR('',#13368,0.1);
#4381=VECTOR('',#13369,0.2);
#4382=VECTOR('',#13370,0.1);
#4383=VECTOR('',#13373,3.2);
#4384=VECTOR('',#13376,0.0636303513091785);
#4385=VECTOR('',#13379,1.63191437905314);
#4386=VECTOR('',#13380,0.1);
#4387=VECTOR('',#13381,1.5);
#4388=VECTOR('',#13382,0.1);
#4389=VECTOR('',#13383,1.63191437905314);
#4390=VECTOR('',#13386,0.0636303513091785);
#4391=VECTOR('',#13389,3.2);
#4392=VECTOR('',#13390,0.282842712474619);
#4393=VECTOR('',#13393,0.282842712474619);
#4394=VECTOR('',#13394,0.2);
#4395=VECTOR('',#13399,1.5);
#4396=VECTOR('',#13402,1.5);
#4397=VECTOR('',#13405,0.299999999999999);
#4398=VECTOR('',#13406,1.5);
#4399=VECTOR('',#13407,0.3);
#4400=VECTOR('',#13414,1.5);
#4401=VECTOR('',#13417,0.399999999999999);
#4402=VECTOR('',#13418,0.2);
#4403=VECTOR('',#13419,0.2);
#4404=VECTOR('',#13422,0.4);
#4405=VECTOR('',#13423,1.5);
#4406=VECTOR('',#13426,0.2);
#4407=VECTOR('',#13429,0.2);
#4408=VECTOR('',#13432,0.0636303513091785);
#4409=VECTOR('',#13433,0.2);
#4410=VECTOR('',#13438,0.2);
#4411=VECTOR('',#13441,3.2);
#4412=VECTOR('',#13444,3.2);
#4413=VECTOR('',#13445,0.2);
#4414=VECTOR('',#13450,0.2);
#4415=VECTOR('',#13453,0.0636303513091785);
#4416=VECTOR('',#13454,0.2);
#4417=VECTOR('',#13459,0.2);
#4418=VECTOR('',#13462,1.63191437905314);
#4419=VECTOR('',#13463,0.2);
#4420=VECTOR('',#13466,0.2);
#4421=VECTOR('',#13469,1.63191437905314);
#4422=VECTOR('',#13474,0.999999999999999);
#4423=VECTOR('',#13475,0.2);
#4424=VECTOR('',#13476,1.);
#4425=VECTOR('',#13479,0.999999999999999);
#4426=VECTOR('',#13480,1.);
#4427=VECTOR('',#13483,0.999999999999999);
#4428=VECTOR('',#13484,1.);
#4429=VECTOR('',#13487,0.999999999999999);
#4430=VECTOR('',#13488,0.999999999999999);
#4431=VECTOR('',#13491,0.999999999999999);
#4432=VECTOR('',#13492,0.999999999999999);
#4433=VECTOR('',#13495,0.999999999999999);
#4434=VECTOR('',#13496,0.999999999999999);
#4435=VECTOR('',#13499,1.35);
#4436=VECTOR('',#13500,0.2);
#4437=VECTOR('',#13501,1.35);
#4438=VECTOR('',#13504,0.282842712474619);
#4439=VECTOR('',#13505,0.2);
#4440=VECTOR('',#13506,0.282842712474619);
#4441=VECTOR('',#13507,0.2);
#4442=VECTOR('',#13510,0.1);
#4443=VECTOR('',#13511,0.2);
#4444=VECTOR('',#13512,0.1);
#4445=VECTOR('',#13515,3.2);
#4446=VECTOR('',#13518,0.0636303513091785);
#4447=VECTOR('',#13521,1.63191437905314);
#4448=VECTOR('',#13522,0.1);
#4449=VECTOR('',#13523,1.5);
#4450=VECTOR('',#13524,0.1);
#4451=VECTOR('',#13525,1.63191437905314);
#4452=VECTOR('',#13528,0.0636303513091785);
#4453=VECTOR('',#13531,3.2);
#4454=VECTOR('',#13532,0.282842712474619);
#4455=VECTOR('',#13535,0.282842712474619);
#4456=VECTOR('',#13536,0.2);
#4457=VECTOR('',#13541,1.5);
#4458=VECTOR('',#13544,1.5);
#4459=VECTOR('',#13547,0.299999999999999);
#4460=VECTOR('',#13548,1.5);
#4461=VECTOR('',#13549,0.3);
#4462=VECTOR('',#13556,1.5);
#4463=VECTOR('',#13559,0.399999999999999);
#4464=VECTOR('',#13560,0.2);
#4465=VECTOR('',#13561,0.2);
#4466=VECTOR('',#13564,0.4);
#4467=VECTOR('',#13565,1.5);
#4468=VECTOR('',#13568,0.2);
#4469=VECTOR('',#13571,0.2);
#4470=VECTOR('',#13574,0.0636303513091785);
#4471=VECTOR('',#13575,0.2);
#4472=VECTOR('',#13580,0.2);
#4473=VECTOR('',#13583,3.2);
#4474=VECTOR('',#13586,3.2);
#4475=VECTOR('',#13587,0.2);
#4476=VECTOR('',#13592,0.2);
#4477=VECTOR('',#13595,0.0636303513091785);
#4478=VECTOR('',#13596,0.2);
#4479=VECTOR('',#13601,0.2);
#4480=VECTOR('',#13604,1.63191437905314);
#4481=VECTOR('',#13605,0.2);
#4482=VECTOR('',#13610,1.63191437905314);
#4483=VECTOR('',#13615,1.35);
#4484=VECTOR('',#13616,0.2);
#4485=VECTOR('',#13617,1.35);
#4486=VECTOR('',#13620,1.57955689989313);
#4487=VECTOR('',#13621,18.5);
#4488=VECTOR('',#13622,1.57955689989313);
#4489=VECTOR('',#13625,5.7);
#4490=VECTOR('',#13626,1.57955689989313);
#4491=VECTOR('',#13627,6.4);
#4492=VECTOR('',#13630,1.57955689989313);
#4493=VECTOR('',#13635,6.4);
#4494=VECTOR('',#13636,1.57955689989313);
#4495=VECTOR('',#13641,18.5);
#4496=VECTOR('',#13642,1.57955689989313);
#4497=VECTOR('',#13645,6.4);
#4498=VECTOR('',#13646,5.7);
#4499=B_SPLINE_CURVE_WITH_KNOTS('',2,(#13664,#13665,#13666,#13667),
 .UNSPECIFIED.,.F.,.F.,(3,1,3),(0.,1.,2.),.UNSPECIFIED.);
#4500=B_SPLINE_CURVE_WITH_KNOTS('',2,(#13671,#13672,#13673,#13674),
 .UNSPECIFIED.,.F.,.F.,(3,1,3),(0.,1.,2.),.UNSPECIFIED.);
#4501=B_SPLINE_CURVE_WITH_KNOTS('',2,(#13685,#13686,#13687,#13688),
 .UNSPECIFIED.,.F.,.F.,(3,1,3),(0.,1.,2.),.UNSPECIFIED.);
#4502=B_SPLINE_CURVE_WITH_KNOTS('',2,(#13690,#13691,#13692,#13693),
 .UNSPECIFIED.,.F.,.F.,(3,1,3),(0.,1.,2.),.UNSPECIFIED.);
#4503=B_SPLINE_CURVE_WITH_KNOTS('',2,(#13704,#13705,#13706,#13707),
 .UNSPECIFIED.,.F.,.F.,(3,1,3),(0.,1.,2.),.UNSPECIFIED.);
#4504=B_SPLINE_CURVE_WITH_KNOTS('',2,(#13709,#13710,#13711,#13712),
 .UNSPECIFIED.,.F.,.F.,(3,1,3),(0.,1.,2.),.UNSPECIFIED.);
#4505=B_SPLINE_CURVE_WITH_KNOTS('',2,(#13723,#13724,#13725,#13726),
 .UNSPECIFIED.,.F.,.F.,(3,1,3),(0.,1.,2.),.UNSPECIFIED.);
#4506=B_SPLINE_CURVE_WITH_KNOTS('',2,(#13728,#13729,#13730,#13731),
 .UNSPECIFIED.,.F.,.F.,(3,1,3),(0.,1.,2.),.UNSPECIFIED.);
#4507=B_SPLINE_CURVE_WITH_KNOTS('',2,(#13741,#13742,#13743,#13744),
 .UNSPECIFIED.,.F.,.F.,(3,1,3),(0.,1.,2.),.UNSPECIFIED.);
#4508=B_SPLINE_CURVE_WITH_KNOTS('',2,(#13745,#13746,#13747,#13748),
 .UNSPECIFIED.,.F.,.F.,(3,1,3),(0.,1.,2.),.UNSPECIFIED.);
#4509=B_SPLINE_CURVE_WITH_KNOTS('',2,(#13759,#13760,#13761,#13762),
 .UNSPECIFIED.,.F.,.F.,(3,1,3),(0.,1.,2.),.UNSPECIFIED.);
#4510=B_SPLINE_CURVE_WITH_KNOTS('',2,(#13766,#13767,#13768,#13769),
 .UNSPECIFIED.,.F.,.F.,(3,1,3),(0.,1.,2.),.UNSPECIFIED.);
#4511=B_SPLINE_CURVE_WITH_KNOTS('',2,(#13780,#13781,#13782,#13783),
 .UNSPECIFIED.,.F.,.F.,(3,1,3),(0.,1.,2.),.UNSPECIFIED.);
#4512=B_SPLINE_CURVE_WITH_KNOTS('',2,(#13785,#13786,#13787,#13788),
 .UNSPECIFIED.,.F.,.F.,(3,1,3),(0.,1.,2.),.UNSPECIFIED.);
#4513=B_SPLINE_CURVE_WITH_KNOTS('',2,(#13799,#13800,#13801,#13802),
 .UNSPECIFIED.,.F.,.F.,(3,1,3),(0.,1.,2.),.UNSPECIFIED.);
#4514=B_SPLINE_CURVE_WITH_KNOTS('',2,(#13804,#13805,#13806,#13807),
 .UNSPECIFIED.,.F.,.F.,(3,1,3),(0.,1.,2.),.UNSPECIFIED.);
#4515=B_SPLINE_CURVE_WITH_KNOTS('',2,(#13818,#13819,#13820,#13821),
 .UNSPECIFIED.,.F.,.F.,(3,1,3),(0.,1.,2.),.UNSPECIFIED.);
#4516=B_SPLINE_CURVE_WITH_KNOTS('',2,(#13823,#13824,#13825,#13826),
 .UNSPECIFIED.,.F.,.F.,(3,1,3),(0.,1.,2.),.UNSPECIFIED.);
#4517=B_SPLINE_CURVE_WITH_KNOTS('',2,(#13836,#13837,#13838,#13839),
 .UNSPECIFIED.,.F.,.F.,(3,1,3),(0.,1.,2.),.UNSPECIFIED.);
#4518=B_SPLINE_CURVE_WITH_KNOTS('',2,(#13840,#13841,#13842,#13843),
 .UNSPECIFIED.,.F.,.F.,(3,1,3),(0.,1.,2.),.UNSPECIFIED.);
#4519=B_SPLINE_CURVE_WITH_KNOTS('',2,(#13854,#13855,#13856,#13857),
 .UNSPECIFIED.,.F.,.F.,(3,1,3),(0.,1.,2.),.UNSPECIFIED.);
#4520=B_SPLINE_CURVE_WITH_KNOTS('',2,(#13861,#13862,#13863,#13864),
 .UNSPECIFIED.,.F.,.F.,(3,1,3),(0.,1.,2.),.UNSPECIFIED.);
#4521=B_SPLINE_CURVE_WITH_KNOTS('',2,(#13875,#13876,#13877,#13878),
 .UNSPECIFIED.,.F.,.F.,(3,1,3),(0.,1.,2.),.UNSPECIFIED.);
#4522=B_SPLINE_CURVE_WITH_KNOTS('',2,(#13881,#13882,#13883,#13884),
 .UNSPECIFIED.,.F.,.F.,(3,1,3),(0.,1.,2.),.UNSPECIFIED.);
#4523=B_SPLINE_CURVE_WITH_KNOTS('',2,(#13900,#13901,#13902,#13903),
 .UNSPECIFIED.,.F.,.F.,(3,1,3),(0.,1.,2.),.UNSPECIFIED.);
#4524=B_SPLINE_CURVE_WITH_KNOTS('',2,(#13906,#13907,#13908,#13909),
 .UNSPECIFIED.,.F.,.F.,(3,1,3),(0.,1.,2.),.UNSPECIFIED.);
#4525=B_SPLINE_CURVE_WITH_KNOTS('',2,(#13919,#13920,#13921,#13922),
 .UNSPECIFIED.,.F.,.F.,(3,1,3),(0.,1.,2.),.UNSPECIFIED.);
#4526=B_SPLINE_CURVE_WITH_KNOTS('',2,(#13925,#13926,#13927,#13928),
 .UNSPECIFIED.,.F.,.F.,(3,1,3),(0.,1.,2.),.UNSPECIFIED.);
#4527=B_SPLINE_CURVE_WITH_KNOTS('',2,(#13938,#13939,#13940,#13941),
 .UNSPECIFIED.,.F.,.F.,(3,1,3),(0.,1.,2.),.UNSPECIFIED.);
#4528=B_SPLINE_CURVE_WITH_KNOTS('',2,(#13944,#13945,#13946,#13947),
 .UNSPECIFIED.,.F.,.F.,(3,1,3),(0.,1.,2.),.UNSPECIFIED.);
#4529=B_SPLINE_CURVE_WITH_KNOTS('',2,(#13957,#13958,#13959,#13960),
 .UNSPECIFIED.,.F.,.F.,(3,1,3),(0.,1.,2.),.UNSPECIFIED.);
#4530=B_SPLINE_CURVE_WITH_KNOTS('',2,(#13963,#13964,#13965,#13966),
 .UNSPECIFIED.,.F.,.F.,(3,1,3),(0.,1.,2.),.UNSPECIFIED.);
#4531=B_SPLINE_CURVE_WITH_KNOTS('',2,(#13982,#13983,#13984,#13985),
 .UNSPECIFIED.,.F.,.F.,(3,1,3),(0.,1.,2.),.UNSPECIFIED.);
#4532=B_SPLINE_CURVE_WITH_KNOTS('',2,(#13988,#13989,#13990,#13991),
 .UNSPECIFIED.,.F.,.F.,(3,1,3),(0.,1.,2.),.UNSPECIFIED.);
#4533=B_SPLINE_CURVE_WITH_KNOTS('',2,(#14001,#14002,#14003,#14004),
 .UNSPECIFIED.,.F.,.F.,(3,1,3),(0.,1.,2.),.UNSPECIFIED.);
#4534=B_SPLINE_CURVE_WITH_KNOTS('',2,(#14007,#14008,#14009,#14010),
 .UNSPECIFIED.,.F.,.F.,(3,1,3),(0.,1.,2.),.UNSPECIFIED.);
#4535=B_SPLINE_CURVE_WITH_KNOTS('',2,(#14019,#14020,#14021,#14022),
 .UNSPECIFIED.,.F.,.F.,(3,1,3),(0.,1.,2.),.UNSPECIFIED.);
#4536=B_SPLINE_CURVE_WITH_KNOTS('',2,(#14023,#14024,#14025,#14026),
 .UNSPECIFIED.,.F.,.F.,(3,1,3),(0.,1.,2.),.UNSPECIFIED.);
#4537=B_SPLINE_CURVE_WITH_KNOTS('',2,(#14046,#14047,#14048,#14049),
 .UNSPECIFIED.,.F.,.F.,(3,1,3),(0.,1.,2.),.UNSPECIFIED.);
#4538=B_SPLINE_CURVE_WITH_KNOTS('',2,(#14052,#14053,#14054,#14055),
 .UNSPECIFIED.,.F.,.F.,(3,1,3),(0.,1.,2.),.UNSPECIFIED.);
#4539=B_SPLINE_CURVE_WITH_KNOTS('',2,(#14065,#14066,#14067,#14068),
 .UNSPECIFIED.,.F.,.F.,(3,1,3),(0.,1.,2.),.UNSPECIFIED.);
#4540=B_SPLINE_CURVE_WITH_KNOTS('',2,(#14071,#14072,#14073,#14074),
 .UNSPECIFIED.,.F.,.F.,(3,1,3),(0.,1.,2.),.UNSPECIFIED.);
#4541=B_SPLINE_CURVE_WITH_KNOTS('',2,(#14114,#14115,#14116,#14117),
 .UNSPECIFIED.,.F.,.F.,(3,1,3),(0.,1.,2.),.UNSPECIFIED.);
#4542=B_SPLINE_CURVE_WITH_KNOTS('',2,(#14120,#14121,#14122,#14123),
 .UNSPECIFIED.,.F.,.F.,(3,1,3),(0.,1.,2.),.UNSPECIFIED.);
#4543=B_SPLINE_CURVE_WITH_KNOTS('',2,(#14133,#14134,#14135,#14136),
 .UNSPECIFIED.,.F.,.F.,(3,1,3),(0.,1.,2.),.UNSPECIFIED.);
#4544=B_SPLINE_CURVE_WITH_KNOTS('',2,(#14139,#14140,#14141,#14142),
 .UNSPECIFIED.,.F.,.F.,(3,1,3),(0.,1.,2.),.UNSPECIFIED.);
#4545=B_SPLINE_CURVE_WITH_KNOTS('',2,(#14152,#14153,#14154,#14155),
 .UNSPECIFIED.,.F.,.F.,(3,1,3),(0.,1.,2.),.UNSPECIFIED.);
#4546=B_SPLINE_CURVE_WITH_KNOTS('',2,(#14158,#14159,#14160,#14161),
 .UNSPECIFIED.,.F.,.F.,(3,1,3),(0.,1.,2.),.UNSPECIFIED.);
#4547=B_SPLINE_CURVE_WITH_KNOTS('',2,(#14628,#14629,#14630,#14631),
 .UNSPECIFIED.,.F.,.F.,(3,1,3),(0.,1.,2.),.UNSPECIFIED.);
#4548=B_SPLINE_CURVE_WITH_KNOTS('',2,(#14635,#14636,#14637,#14638),
 .UNSPECIFIED.,.F.,.F.,(3,1,3),(0.,1.,2.),.UNSPECIFIED.);
#4549=B_SPLINE_CURVE_WITH_KNOTS('',2,(#14661,#14662,#14663,#14664),
 .UNSPECIFIED.,.F.,.F.,(3,1,3),(0.,1.,2.),.UNSPECIFIED.);
#4550=B_SPLINE_CURVE_WITH_KNOTS('',2,(#14667,#14668,#14669,#14670),
 .UNSPECIFIED.,.F.,.F.,(3,1,3),(0.,1.,2.),.UNSPECIFIED.);
#4551=B_SPLINE_CURVE_WITH_KNOTS('',2,(#14680,#14681,#14682,#14683),
 .UNSPECIFIED.,.F.,.F.,(3,1,3),(0.,1.,2.),.UNSPECIFIED.);
#4552=B_SPLINE_CURVE_WITH_KNOTS('',2,(#14686,#14687,#14688,#14689),
 .UNSPECIFIED.,.F.,.F.,(3,1,3),(0.,1.,2.),.UNSPECIFIED.);
#4553=B_SPLINE_CURVE_WITH_KNOTS('',2,(#14699,#14700,#14701,#14702),
 .UNSPECIFIED.,.F.,.F.,(3,1,3),(0.,1.,2.),.UNSPECIFIED.);
#4554=B_SPLINE_CURVE_WITH_KNOTS('',2,(#14705,#14706,#14707,#14708),
 .UNSPECIFIED.,.F.,.F.,(3,1,3),(0.,1.,2.),.UNSPECIFIED.);
#4555=B_SPLINE_CURVE_WITH_KNOTS('',2,(#14783,#14784,#14785,#14786),
 .UNSPECIFIED.,.F.,.F.,(3,1,3),(0.,1.,2.),.UNSPECIFIED.);
#4556=B_SPLINE_CURVE_WITH_KNOTS('',2,(#14787,#14788,#14789,#14790),
 .UNSPECIFIED.,.F.,.F.,(3,1,3),(0.,1.,2.),.UNSPECIFIED.);
#4557=B_SPLINE_CURVE_WITH_KNOTS('',2,(#15028,#15029,#15030,#15031),
 .UNSPECIFIED.,.F.,.F.,(3,1,3),(0.,1.,2.),.UNSPECIFIED.);
#4558=B_SPLINE_CURVE_WITH_KNOTS('',2,(#15035,#15036,#15037,#15038),
 .UNSPECIFIED.,.F.,.F.,(3,1,3),(0.,1.,2.),.UNSPECIFIED.);
#4559=B_SPLINE_CURVE_WITH_KNOTS('',2,(#15067,#15068,#15069,#15070),
 .UNSPECIFIED.,.F.,.F.,(3,1,3),(0.,1.,2.),.UNSPECIFIED.);
#4560=B_SPLINE_CURVE_WITH_KNOTS('',2,(#15072,#15073,#15074,#15075),
 .UNSPECIFIED.,.F.,.F.,(3,1,3),(0.,1.,2.),.UNSPECIFIED.);
#4561=B_SPLINE_CURVE_WITH_KNOTS('',2,(#15086,#15087,#15088,#15089),
 .UNSPECIFIED.,.F.,.F.,(3,1,3),(0.,1.,2.),.UNSPECIFIED.);
#4562=B_SPLINE_CURVE_WITH_KNOTS('',2,(#15091,#15092,#15093,#15094),
 .UNSPECIFIED.,.F.,.F.,(3,1,3),(0.,1.,2.),.UNSPECIFIED.);
#4563=B_SPLINE_CURVE_WITH_KNOTS('',2,(#15104,#15105,#15106,#15107),
 .UNSPECIFIED.,.F.,.F.,(3,1,3),(0.,1.,2.),.UNSPECIFIED.);
#4564=B_SPLINE_CURVE_WITH_KNOTS('',2,(#15108,#15109,#15110,#15111),
 .UNSPECIFIED.,.F.,.F.,(3,1,3),(0.,1.,2.),.UNSPECIFIED.);
#4565=B_SPLINE_CURVE_WITH_KNOTS('',2,(#15122,#15123,#15124,#15125),
 .UNSPECIFIED.,.F.,.F.,(3,1,3),(0.,1.,2.),.UNSPECIFIED.);
#4566=B_SPLINE_CURVE_WITH_KNOTS('',2,(#15129,#15130,#15131,#15132),
 .UNSPECIFIED.,.F.,.F.,(3,1,3),(0.,1.,2.),.UNSPECIFIED.);
#4567=B_SPLINE_CURVE_WITH_KNOTS('',2,(#15143,#15144,#15145,#15146),
 .UNSPECIFIED.,.F.,.F.,(3,1,3),(0.,1.,2.),.UNSPECIFIED.);
#4568=B_SPLINE_CURVE_WITH_KNOTS('',2,(#15149,#15150,#15151,#15152),
 .UNSPECIFIED.,.F.,.F.,(3,1,3),(0.,1.,2.),.UNSPECIFIED.);
#4569=B_SPLINE_CURVE_WITH_KNOTS('',2,(#15192,#15193,#15194,#15195),
 .UNSPECIFIED.,.F.,.F.,(3,1,3),(0.,1.,2.),.UNSPECIFIED.);
#4570=B_SPLINE_CURVE_WITH_KNOTS('',2,(#15198,#15199,#15200,#15201),
 .UNSPECIFIED.,.F.,.F.,(3,1,3),(0.,1.,2.),.UNSPECIFIED.);
#4571=B_SPLINE_CURVE_WITH_KNOTS('',2,(#15210,#15211,#15212,#15213),
 .UNSPECIFIED.,.F.,.F.,(3,1,3),(0.,1.,2.),.UNSPECIFIED.);
#4572=B_SPLINE_CURVE_WITH_KNOTS('',2,(#15214,#15215,#15216,#15217),
 .UNSPECIFIED.,.F.,.F.,(3,1,3),(0.,1.,2.),.UNSPECIFIED.);
#4573=B_SPLINE_CURVE_WITH_KNOTS('',2,(#15229,#15230,#15231,#15232),
 .UNSPECIFIED.,.F.,.F.,(3,1,3),(0.,1.,2.),.UNSPECIFIED.);
#4574=B_SPLINE_CURVE_WITH_KNOTS('',2,(#15236,#15237,#15238,#15239),
 .UNSPECIFIED.,.F.,.F.,(3,1,3),(0.,1.,2.),.UNSPECIFIED.);
#4575=B_SPLINE_CURVE_WITH_KNOTS('',2,(#15250,#15251,#15252,#15253),
 .UNSPECIFIED.,.F.,.F.,(3,1,3),(0.,1.,2.),.UNSPECIFIED.);
#4576=B_SPLINE_CURVE_WITH_KNOTS('',2,(#15256,#15257,#15258,#15259),
 .UNSPECIFIED.,.F.,.F.,(3,1,3),(0.,1.,2.),.UNSPECIFIED.);
#4577=B_SPLINE_CURVE_WITH_KNOTS('',2,(#15287,#15288,#15289,#15290),
 .UNSPECIFIED.,.F.,.F.,(3,1,3),(0.,1.,2.),.UNSPECIFIED.);
#4578=B_SPLINE_CURVE_WITH_KNOTS('',2,(#15293,#15294,#15295,#15296),
 .UNSPECIFIED.,.F.,.F.,(3,1,3),(0.,1.,2.),.UNSPECIFIED.);
#4579=B_SPLINE_CURVE_WITH_KNOTS('',2,(#15306,#15307,#15308,#15309),
 .UNSPECIFIED.,.F.,.F.,(3,1,3),(0.,1.,2.),.UNSPECIFIED.);
#4580=B_SPLINE_CURVE_WITH_KNOTS('',2,(#15312,#15313,#15314,#15315),
 .UNSPECIFIED.,.F.,.F.,(3,1,3),(0.,1.,2.),.UNSPECIFIED.);
#4581=B_SPLINE_CURVE_WITH_KNOTS('',2,(#15325,#15326,#15327,#15328),
 .UNSPECIFIED.,.F.,.F.,(3,1,3),(0.,1.,2.),.UNSPECIFIED.);
#4582=B_SPLINE_CURVE_WITH_KNOTS('',2,(#15331,#15332,#15333,#15334),
 .UNSPECIFIED.,.F.,.F.,(3,1,3),(0.,1.,2.),.UNSPECIFIED.);
#4583=B_SPLINE_CURVE_WITH_KNOTS('',2,(#15344,#15345,#15346,#15347),
 .UNSPECIFIED.,.F.,.F.,(3,1,3),(0.,1.,2.),.UNSPECIFIED.);
#4584=B_SPLINE_CURVE_WITH_KNOTS('',2,(#15350,#15351,#15352,#15353),
 .UNSPECIFIED.,.F.,.F.,(3,1,3),(0.,1.,2.),.UNSPECIFIED.);
#4585=B_SPLINE_CURVE_WITH_KNOTS('',2,(#15381,#15382,#15383,#15384),
 .UNSPECIFIED.,.F.,.F.,(3,1,3),(0.,1.,2.),.UNSPECIFIED.);
#4586=B_SPLINE_CURVE_WITH_KNOTS('',2,(#15387,#15388,#15389,#15390),
 .UNSPECIFIED.,.F.,.F.,(3,1,3),(0.,1.,2.),.UNSPECIFIED.);
#4587=B_SPLINE_CURVE_WITH_KNOTS('',2,(#15399,#15400,#15401,#15402),
 .UNSPECIFIED.,.F.,.F.,(3,1,3),(0.,1.,2.),.UNSPECIFIED.);
#4588=B_SPLINE_CURVE_WITH_KNOTS('',2,(#15403,#15404,#15405,#15406),
 .UNSPECIFIED.,.F.,.F.,(3,1,3),(0.,1.,2.),.UNSPECIFIED.);
#4589=VERTEX_POINT('',#13662);
#4590=VERTEX_POINT('',#13663);
#4591=VERTEX_POINT('',#13668);
#4592=VERTEX_POINT('',#13670);
#4593=VERTEX_POINT('',#13684);
#4594=VERTEX_POINT('',#13689);
#4595=VERTEX_POINT('',#13703);
#4596=VERTEX_POINT('',#13708);
#4597=VERTEX_POINT('',#13722);
#4598=VERTEX_POINT('',#13727);
#4599=VERTEX_POINT('',#13757);
#4600=VERTEX_POINT('',#13758);
#4601=VERTEX_POINT('',#13763);
#4602=VERTEX_POINT('',#13765);
#4603=VERTEX_POINT('',#13779);
#4604=VERTEX_POINT('',#13784);
#4605=VERTEX_POINT('',#13798);
#4606=VERTEX_POINT('',#13803);
#4607=VERTEX_POINT('',#13817);
#4608=VERTEX_POINT('',#13822);
#4609=VERTEX_POINT('',#13852);
#4610=VERTEX_POINT('',#13853);
#4611=VERTEX_POINT('',#13858);
#4612=VERTEX_POINT('',#13860);
#4613=VERTEX_POINT('',#13874);
#4614=VERTEX_POINT('',#13879);
#4615=VERTEX_POINT('',#13886);
#4616=VERTEX_POINT('',#13888);
#4617=VERTEX_POINT('',#13899);
#4618=VERTEX_POINT('',#13904);
#4619=VERTEX_POINT('',#13918);
#4620=VERTEX_POINT('',#13923);
#4621=VERTEX_POINT('',#13937);
#4622=VERTEX_POINT('',#13942);
#4623=VERTEX_POINT('',#13956);
#4624=VERTEX_POINT('',#13961);
#4625=VERTEX_POINT('',#13968);
#4626=VERTEX_POINT('',#13970);
#4627=VERTEX_POINT('',#13981);
#4628=VERTEX_POINT('',#13986);
#4629=VERTEX_POINT('',#14000);
#4630=VERTEX_POINT('',#14005);
#4631=VERTEX_POINT('',#14029);
#4632=VERTEX_POINT('',#14030);
#4633=VERTEX_POINT('',#14032);
#4634=VERTEX_POINT('',#14034);
#4635=VERTEX_POINT('',#14045);
#4636=VERTEX_POINT('',#14050);
#4637=VERTEX_POINT('',#14064);
#4638=VERTEX_POINT('',#14069);
#4639=VERTEX_POINT('',#14076);
#4640=VERTEX_POINT('',#14078);
#4641=VERTEX_POINT('',#14082);
#4642=VERTEX_POINT('',#14084);
#4643=VERTEX_POINT('',#14088);
#4644=VERTEX_POINT('',#14090);
#4645=VERTEX_POINT('',#14094);
#4646=VERTEX_POINT('',#14096);
#4647=VERTEX_POINT('',#14100);
#4648=VERTEX_POINT('',#14102);
#4649=VERTEX_POINT('',#14113);
#4650=VERTEX_POINT('',#14118);
#4651=VERTEX_POINT('',#14132);
#4652=VERTEX_POINT('',#14137);
#4653=VERTEX_POINT('',#14151);
#4654=VERTEX_POINT('',#14156);
#4655=VERTEX_POINT('',#14163);
#4656=VERTEX_POINT('',#14165);
#4657=VERTEX_POINT('',#14173);
#4658=VERTEX_POINT('',#14174);
#4659=VERTEX_POINT('',#14176);
#4660=VERTEX_POINT('',#14178);
#4661=VERTEX_POINT('',#14182);
#4662=VERTEX_POINT('',#14184);
#4663=VERTEX_POINT('',#14188);
#4664=VERTEX_POINT('',#14190);
#4665=VERTEX_POINT('',#14198);
#4666=VERTEX_POINT('',#14199);
#4667=VERTEX_POINT('',#14201);
#4668=VERTEX_POINT('',#14203);
#4669=VERTEX_POINT('',#14207);
#4670=VERTEX_POINT('',#14209);
#4671=VERTEX_POINT('',#14213);
#4672=VERTEX_POINT('',#14215);
#4673=VERTEX_POINT('',#14219);
#4674=VERTEX_POINT('',#14221);
#4675=VERTEX_POINT('',#14225);
#4676=VERTEX_POINT('',#14227);
#4677=VERTEX_POINT('',#14231);
#4678=VERTEX_POINT('',#14233);
#4679=VERTEX_POINT('',#14237);
#4680=VERTEX_POINT('',#14239);
#4681=VERTEX_POINT('',#14247);
#4682=VERTEX_POINT('',#14248);
#4683=VERTEX_POINT('',#14250);
#4684=VERTEX_POINT('',#14252);
#4685=VERTEX_POINT('',#14256);
#4686=VERTEX_POINT('',#14258);
#4687=VERTEX_POINT('',#14265);
#4688=VERTEX_POINT('',#14266);
#4689=VERTEX_POINT('',#14268);
#4690=VERTEX_POINT('',#14270);
#4691=VERTEX_POINT('',#14274);
#4692=VERTEX_POINT('',#14276);
#4693=VERTEX_POINT('',#14280);
#4694=VERTEX_POINT('',#14282);
#4695=VERTEX_POINT('',#14286);
#4696=VERTEX_POINT('',#14288);
#4697=VERTEX_POINT('',#14292);
#4698=VERTEX_POINT('',#14294);
#4699=VERTEX_POINT('',#14298);
#4700=VERTEX_POINT('',#14300);
#4701=VERTEX_POINT('',#14304);
#4702=VERTEX_POINT('',#14306);
#4703=VERTEX_POINT('',#14314);
#4704=VERTEX_POINT('',#14315);
#4705=VERTEX_POINT('',#14317);
#4706=VERTEX_POINT('',#14319);
#4707=VERTEX_POINT('',#14323);
#4708=VERTEX_POINT('',#14325);
#4709=VERTEX_POINT('',#14329);
#4710=VERTEX_POINT('',#14331);
#4711=VERTEX_POINT('',#14335);
#4712=VERTEX_POINT('',#14337);
#4713=VERTEX_POINT('',#14341);
#4714=VERTEX_POINT('',#14343);
#4715=VERTEX_POINT('',#14347);
#4716=VERTEX_POINT('',#14349);
#4717=VERTEX_POINT('',#14353);
#4718=VERTEX_POINT('',#14355);
#4719=VERTEX_POINT('',#14359);
#4720=VERTEX_POINT('',#14361);
#4721=VERTEX_POINT('',#14365);
#4722=VERTEX_POINT('',#14367);
#4723=VERTEX_POINT('',#14371);
#4724=VERTEX_POINT('',#14373);
#4725=VERTEX_POINT('',#14377);
#4726=VERTEX_POINT('',#14379);
#4727=VERTEX_POINT('',#14387);
#4728=VERTEX_POINT('',#14388);
#4729=VERTEX_POINT('',#14390);
#4730=VERTEX_POINT('',#14392);
#4731=VERTEX_POINT('',#14396);
#4732=VERTEX_POINT('',#14398);
#4733=VERTEX_POINT('',#14402);
#4734=VERTEX_POINT('',#14404);
#4735=VERTEX_POINT('',#14408);
#4736=VERTEX_POINT('',#14410);
#4737=VERTEX_POINT('',#14414);
#4738=VERTEX_POINT('',#14416);
#4739=VERTEX_POINT('',#14420);
#4740=VERTEX_POINT('',#14422);
#4741=VERTEX_POINT('',#14426);
#4742=VERTEX_POINT('',#14428);
#4743=VERTEX_POINT('',#14436);
#4744=VERTEX_POINT('',#14437);
#4745=VERTEX_POINT('',#14439);
#4746=VERTEX_POINT('',#14441);
#4747=VERTEX_POINT('',#14445);
#4748=VERTEX_POINT('',#14447);
#4749=VERTEX_POINT('',#14454);
#4750=VERTEX_POINT('',#14455);
#4751=VERTEX_POINT('',#14457);
#4752=VERTEX_POINT('',#14459);
#4753=VERTEX_POINT('',#14463);
#4754=VERTEX_POINT('',#14465);
#4755=VERTEX_POINT('',#14469);
#4756=VERTEX_POINT('',#14471);
#4757=VERTEX_POINT('',#14475);
#4758=VERTEX_POINT('',#14477);
#4759=VERTEX_POINT('',#14481);
#4760=VERTEX_POINT('',#14483);
#4761=VERTEX_POINT('',#14487);
#4762=VERTEX_POINT('',#14489);
#4763=VERTEX_POINT('',#14493);
#4764=VERTEX_POINT('',#14495);
#4765=VERTEX_POINT('',#14503);
#4766=VERTEX_POINT('',#14504);
#4767=VERTEX_POINT('',#14506);
#4768=VERTEX_POINT('',#14508);
#4769=VERTEX_POINT('',#14512);
#4770=VERTEX_POINT('',#14514);
#4771=VERTEX_POINT('',#14518);
#4772=VERTEX_POINT('',#14520);
#4773=VERTEX_POINT('',#14524);
#4774=VERTEX_POINT('',#14526);
#4775=VERTEX_POINT('',#14530);
#4776=VERTEX_POINT('',#14532);
#4777=VERTEX_POINT('',#14536);
#4778=VERTEX_POINT('',#14538);
#4779=VERTEX_POINT('',#14542);
#4780=VERTEX_POINT('',#14544);
#4781=VERTEX_POINT('',#14548);
#4782=VERTEX_POINT('',#14550);
#4783=VERTEX_POINT('',#14554);
#4784=VERTEX_POINT('',#14556);
#4785=VERTEX_POINT('',#14560);
#4786=VERTEX_POINT('',#14562);
#4787=VERTEX_POINT('',#14566);
#4788=VERTEX_POINT('',#14568);
#4789=VERTEX_POINT('',#14572);
#4790=VERTEX_POINT('',#14574);
#4791=VERTEX_POINT('',#14582);
#4792=VERTEX_POINT('',#14583);
#4793=VERTEX_POINT('',#14585);
#4794=VERTEX_POINT('',#14587);
#4795=VERTEX_POINT('',#14591);
#4796=VERTEX_POINT('',#14593);
#4797=VERTEX_POINT('',#14597);
#4798=VERTEX_POINT('',#14599);
#4799=VERTEX_POINT('',#14603);
#4800=VERTEX_POINT('',#14605);
#4801=VERTEX_POINT('',#14609);
#4802=VERTEX_POINT('',#14611);
#4803=VERTEX_POINT('',#14626);
#4804=VERTEX_POINT('',#14627);
#4805=VERTEX_POINT('',#14632);
#4806=VERTEX_POINT('',#14634);
#4807=VERTEX_POINT('',#14641);
#4808=VERTEX_POINT('',#14643);
#4809=VERTEX_POINT('',#14647);
#4810=VERTEX_POINT('',#14649);
#4811=VERTEX_POINT('',#14660);
#4812=VERTEX_POINT('',#14665);
#4813=VERTEX_POINT('',#14679);
#4814=VERTEX_POINT('',#14684);
#4815=VERTEX_POINT('',#14698);
#4816=VERTEX_POINT('',#14703);
#4817=VERTEX_POINT('',#14710);
#4818=VERTEX_POINT('',#14712);
#4819=VERTEX_POINT('',#14716);
#4820=VERTEX_POINT('',#14718);
#4821=VERTEX_POINT('',#14722);
#4822=VERTEX_POINT('',#14724);
#4823=VERTEX_POINT('',#14728);
#4824=VERTEX_POINT('',#14730);
#4825=VERTEX_POINT('',#14734);
#4826=VERTEX_POINT('',#14736);
#4827=VERTEX_POINT('',#14740);
#4828=VERTEX_POINT('',#14742);
#4829=VERTEX_POINT('',#14746);
#4830=VERTEX_POINT('',#14748);
#4831=VERTEX_POINT('',#14752);
#4832=VERTEX_POINT('',#14754);
#4833=VERTEX_POINT('',#14758);
#4834=VERTEX_POINT('',#14760);
#4835=VERTEX_POINT('',#14764);
#4836=VERTEX_POINT('',#14766);
#4837=VERTEX_POINT('',#14770);
#4838=VERTEX_POINT('',#14772);
#4839=VERTEX_POINT('',#14793);
#4840=VERTEX_POINT('',#14794);
#4841=VERTEX_POINT('',#14796);
#4842=VERTEX_POINT('',#14798);
#4843=VERTEX_POINT('',#14802);
#4844=VERTEX_POINT('',#14804);
#4845=VERTEX_POINT('',#14808);
#4846=VERTEX_POINT('',#14810);
#4847=VERTEX_POINT('',#14818);
#4848=VERTEX_POINT('',#14819);
#4849=VERTEX_POINT('',#14821);
#4850=VERTEX_POINT('',#14823);
#4851=VERTEX_POINT('',#14827);
#4852=VERTEX_POINT('',#14829);
#4853=VERTEX_POINT('',#14833);
#4854=VERTEX_POINT('',#14835);
#4855=VERTEX_POINT('',#14839);
#4856=VERTEX_POINT('',#14841);
#4857=VERTEX_POINT('',#14845);
#4858=VERTEX_POINT('',#14847);
#4859=VERTEX_POINT('',#14851);
#4860=VERTEX_POINT('',#14853);
#4861=VERTEX_POINT('',#14857);
#4862=VERTEX_POINT('',#14859);
#4863=VERTEX_POINT('',#14867);
#4864=VERTEX_POINT('',#14868);
#4865=VERTEX_POINT('',#14870);
#4866=VERTEX_POINT('',#14872);
#4867=VERTEX_POINT('',#14876);
#4868=VERTEX_POINT('',#14878);
#4869=VERTEX_POINT('',#14885);
#4870=VERTEX_POINT('',#14886);
#4871=VERTEX_POINT('',#14888);
#4872=VERTEX_POINT('',#14890);
#4873=VERTEX_POINT('',#14894);
#4874=VERTEX_POINT('',#14896);
#4875=VERTEX_POINT('',#14900);
#4876=VERTEX_POINT('',#14902);
#4877=VERTEX_POINT('',#14906);
#4878=VERTEX_POINT('',#14908);
#4879=VERTEX_POINT('',#14912);
#4880=VERTEX_POINT('',#14914);
#4881=VERTEX_POINT('',#14918);
#4882=VERTEX_POINT('',#14920);
#4883=VERTEX_POINT('',#14924);
#4884=VERTEX_POINT('',#14926);
#4885=VERTEX_POINT('',#14930);
#4886=VERTEX_POINT('',#14932);
#4887=VERTEX_POINT('',#14936);
#4888=VERTEX_POINT('',#14938);
#4889=VERTEX_POINT('',#14942);
#4890=VERTEX_POINT('',#14944);
#4891=VERTEX_POINT('',#14952);
#4892=VERTEX_POINT('',#14953);
#4893=VERTEX_POINT('',#14955);
#4894=VERTEX_POINT('',#14957);
#4895=VERTEX_POINT('',#14961);
#4896=VERTEX_POINT('',#14963);
#4897=VERTEX_POINT('',#14970);
#4898=VERTEX_POINT('',#14971);
#4899=VERTEX_POINT('',#14973);
#4900=VERTEX_POINT('',#14975);
#4901=VERTEX_POINT('',#14979);
#4902=VERTEX_POINT('',#14981);
#4903=VERTEX_POINT('',#14985);
#4904=VERTEX_POINT('',#14987);
#4905=VERTEX_POINT('',#14991);
#4906=VERTEX_POINT('',#14993);
#4907=VERTEX_POINT('',#14997);
#4908=VERTEX_POINT('',#14999);
#4909=VERTEX_POINT('',#15003);
#4910=VERTEX_POINT('',#15005);
#4911=VERTEX_POINT('',#15009);
#4912=VERTEX_POINT('',#15011);
#4913=VERTEX_POINT('',#15026);
#4914=VERTEX_POINT('',#15027);
#4915=VERTEX_POINT('',#15032);
#4916=VERTEX_POINT('',#15034);
#4917=VERTEX_POINT('',#15041);
#4918=VERTEX_POINT('',#15043);
#4919=VERTEX_POINT('',#15047);
#4920=VERTEX_POINT('',#15049);
#4921=VERTEX_POINT('',#15053);
#4922=VERTEX_POINT('',#15055);
#4923=VERTEX_POINT('',#15066);
#4924=VERTEX_POINT('',#15071);
#4925=VERTEX_POINT('',#15085);
#4926=VERTEX_POINT('',#15090);
#4927=VERTEX_POINT('',#15120);
#4928=VERTEX_POINT('',#15121);
#4929=VERTEX_POINT('',#15126);
#4930=VERTEX_POINT('',#15128);
#4931=VERTEX_POINT('',#15142);
#4932=VERTEX_POINT('',#15147);
#4933=VERTEX_POINT('',#15154);
#4934=VERTEX_POINT('',#15156);
#4935=VERTEX_POINT('',#15160);
#4936=VERTEX_POINT('',#15162);
#4937=VERTEX_POINT('',#15166);
#4938=VERTEX_POINT('',#15168);
#4939=VERTEX_POINT('',#15172);
#4940=VERTEX_POINT('',#15174);
#4941=VERTEX_POINT('',#15178);
#4942=VERTEX_POINT('',#15180);
#4943=VERTEX_POINT('',#15191);
#4944=VERTEX_POINT('',#15196);
#4945=VERTEX_POINT('',#15227);
#4946=VERTEX_POINT('',#15228);
#4947=VERTEX_POINT('',#15233);
#4948=VERTEX_POINT('',#15235);
#4949=VERTEX_POINT('',#15249);
#4950=VERTEX_POINT('',#15254);
#4951=VERTEX_POINT('',#15261);
#4952=VERTEX_POINT('',#15263);
#4953=VERTEX_POINT('',#15267);
#4954=VERTEX_POINT('',#15269);
#4955=VERTEX_POINT('',#15273);
#4956=VERTEX_POINT('',#15275);
#4957=VERTEX_POINT('',#15286);
#4958=VERTEX_POINT('',#15291);
#4959=VERTEX_POINT('',#15305);
#4960=VERTEX_POINT('',#15310);
#4961=VERTEX_POINT('',#15324);
#4962=VERTEX_POINT('',#15329);
#4963=VERTEX_POINT('',#15343);
#4964=VERTEX_POINT('',#15348);
#4965=VERTEX_POINT('',#15355);
#4966=VERTEX_POINT('',#15357);
#4967=VERTEX_POINT('',#15361);
#4968=VERTEX_POINT('',#15363);
#4969=VERTEX_POINT('',#15367);
#4970=VERTEX_POINT('',#15369);
#4971=VERTEX_POINT('',#15380);
#4972=VERTEX_POINT('',#15385);
#4973=VERTEX_POINT('',#15409);
#4974=VERTEX_POINT('',#15410);
#4975=VERTEX_POINT('',#15412);
#4976=VERTEX_POINT('',#15414);
#4977=VERTEX_POINT('',#15416);
#4978=VERTEX_POINT('',#15418);
#4979=VERTEX_POINT('',#15428);
#4980=VERTEX_POINT('',#15429);
#4981=VERTEX_POINT('',#15436);
#4982=VERTEX_POINT('',#15438);
#4983=VERTEX_POINT('',#15442);
#4984=VERTEX_POINT('',#15443);
#4985=VERTEX_POINT('',#15445);
#4986=VERTEX_POINT('',#15447);
#4987=VERTEX_POINT('',#15451);
#4988=VERTEX_POINT('',#15453);
#4989=VERTEX_POINT('',#15457);
#4990=VERTEX_POINT('',#15459);
#4991=VERTEX_POINT('',#15461);
#4992=VERTEX_POINT('',#15463);
#4993=VERTEX_POINT('',#15465);
#4994=VERTEX_POINT('',#15467);
#4995=VERTEX_POINT('',#15469);
#4996=VERTEX_POINT('',#15471);
#4997=VERTEX_POINT('',#15473);
#4998=VERTEX_POINT('',#15475);
#4999=VERTEX_POINT('',#15477);
#5000=VERTEX_POINT('',#15479);
#5001=VERTEX_POINT('',#15481);
#5002=VERTEX_POINT('',#15485);
#5003=VERTEX_POINT('',#15489);
#5004=VERTEX_POINT('',#15490);
#5005=VERTEX_POINT('',#15492);
#5006=VERTEX_POINT('',#15494);
#5007=VERTEX_POINT('',#15498);
#5008=VERTEX_POINT('',#15500);
#5009=VERTEX_POINT('',#15504);
#5010=VERTEX_POINT('',#15506);
#5011=VERTEX_POINT('',#15511);
#5012=VERTEX_POINT('',#15515);
#5013=VERTEX_POINT('',#15519);
#5014=VERTEX_POINT('',#15521);
#5015=VERTEX_POINT('',#15525);
#5016=VERTEX_POINT('',#15529);
#5017=VERTEX_POINT('',#15535);
#5018=VERTEX_POINT('',#15539);
#5019=VERTEX_POINT('',#15543);
#5020=VERTEX_POINT('',#15547);
#5021=VERTEX_POINT('',#15559);
#5022=VERTEX_POINT('',#15560);
#5023=VERTEX_POINT('',#15562);
#5024=VERTEX_POINT('',#15564);
#5025=VERTEX_POINT('',#15568);
#5026=VERTEX_POINT('',#15570);
#5027=VERTEX_POINT('',#15574);
#5028=VERTEX_POINT('',#15576);
#5029=VERTEX_POINT('',#15578);
#5030=VERTEX_POINT('',#15580);
#5031=VERTEX_POINT('',#15582);
#5032=VERTEX_POINT('',#15584);
#5033=VERTEX_POINT('',#15586);
#5034=VERTEX_POINT('',#15588);
#5035=VERTEX_POINT('',#15590);
#5036=VERTEX_POINT('',#15592);
#5037=VERTEX_POINT('',#15594);
#5038=VERTEX_POINT('',#15596);
#5039=VERTEX_POINT('',#15598);
#5040=VERTEX_POINT('',#15602);
#5041=VERTEX_POINT('',#15606);
#5042=VERTEX_POINT('',#15607);
#5043=VERTEX_POINT('',#15609);
#5044=VERTEX_POINT('',#15611);
#5045=VERTEX_POINT('',#15615);
#5046=VERTEX_POINT('',#15617);
#5047=VERTEX_POINT('',#15621);
#5048=VERTEX_POINT('',#15623);
#5049=VERTEX_POINT('',#15628);
#5050=VERTEX_POINT('',#15632);
#5051=VERTEX_POINT('',#15636);
#5052=VERTEX_POINT('',#15638);
#5053=VERTEX_POINT('',#15642);
#5054=VERTEX_POINT('',#15646);
#5055=VERTEX_POINT('',#15652);
#5056=VERTEX_POINT('',#15656);
#5057=VERTEX_POINT('',#15660);
#5058=VERTEX_POINT('',#15664);
#5059=VERTEX_POINT('',#15676);
#5060=VERTEX_POINT('',#15677);
#5061=VERTEX_POINT('',#15679);
#5062=VERTEX_POINT('',#15681);
#5063=VERTEX_POINT('',#15685);
#5064=VERTEX_POINT('',#15687);
#5065=VERTEX_POINT('',#15691);
#5066=VERTEX_POINT('',#15693);
#5067=VERTEX_POINT('',#15695);
#5068=VERTEX_POINT('',#15697);
#5069=VERTEX_POINT('',#15699);
#5070=VERTEX_POINT('',#15701);
#5071=VERTEX_POINT('',#15703);
#5072=VERTEX_POINT('',#15705);
#5073=VERTEX_POINT('',#15707);
#5074=VERTEX_POINT('',#15709);
#5075=VERTEX_POINT('',#15711);
#5076=VERTEX_POINT('',#15713);
#5077=VERTEX_POINT('',#15715);
#5078=VERTEX_POINT('',#15719);
#5079=VERTEX_POINT('',#15723);
#5080=VERTEX_POINT('',#15724);
#5081=VERTEX_POINT('',#15726);
#5082=VERTEX_POINT('',#15728);
#5083=VERTEX_POINT('',#15732);
#5084=VERTEX_POINT('',#15734);
#5085=VERTEX_POINT('',#15738);
#5086=VERTEX_POINT('',#15740);
#5087=VERTEX_POINT('',#15745);
#5088=VERTEX_POINT('',#15749);
#5089=VERTEX_POINT('',#15753);
#5090=VERTEX_POINT('',#15755);
#5091=VERTEX_POINT('',#15759);
#5092=VERTEX_POINT('',#15763);
#5093=VERTEX_POINT('',#15769);
#5094=VERTEX_POINT('',#15773);
#5095=VERTEX_POINT('',#15777);
#5096=VERTEX_POINT('',#15781);
#5097=VERTEX_POINT('',#15793);
#5098=VERTEX_POINT('',#15794);
#5099=VERTEX_POINT('',#15796);
#5100=VERTEX_POINT('',#15798);
#5101=VERTEX_POINT('',#15802);
#5102=VERTEX_POINT('',#15804);
#5103=VERTEX_POINT('',#15808);
#5104=VERTEX_POINT('',#15810);
#5105=VERTEX_POINT('',#15812);
#5106=VERTEX_POINT('',#15814);
#5107=VERTEX_POINT('',#15816);
#5108=VERTEX_POINT('',#15818);
#5109=VERTEX_POINT('',#15820);
#5110=VERTEX_POINT('',#15822);
#5111=VERTEX_POINT('',#15824);
#5112=VERTEX_POINT('',#15826);
#5113=VERTEX_POINT('',#15828);
#5114=VERTEX_POINT('',#15830);
#5115=VERTEX_POINT('',#15832);
#5116=VERTEX_POINT('',#15836);
#5117=VERTEX_POINT('',#15840);
#5118=VERTEX_POINT('',#15841);
#5119=VERTEX_POINT('',#15843);
#5120=VERTEX_POINT('',#15845);
#5121=VERTEX_POINT('',#15849);
#5122=VERTEX_POINT('',#15851);
#5123=VERTEX_POINT('',#15855);
#5124=VERTEX_POINT('',#15857);
#5125=VERTEX_POINT('',#15862);
#5126=VERTEX_POINT('',#15866);
#5127=VERTEX_POINT('',#15870);
#5128=VERTEX_POINT('',#15872);
#5129=VERTEX_POINT('',#15876);
#5130=VERTEX_POINT('',#15880);
#5131=VERTEX_POINT('',#15886);
#5132=VERTEX_POINT('',#15890);
#5133=VERTEX_POINT('',#15894);
#5134=VERTEX_POINT('',#15898);
#5135=VERTEX_POINT('',#15910);
#5136=VERTEX_POINT('',#15911);
#5137=VERTEX_POINT('',#15913);
#5138=VERTEX_POINT('',#15915);
#5139=VERTEX_POINT('',#15919);
#5140=VERTEX_POINT('',#15921);
#5141=VERTEX_POINT('',#15925);
#5142=VERTEX_POINT('',#15927);
#5143=VERTEX_POINT('',#15929);
#5144=VERTEX_POINT('',#15931);
#5145=VERTEX_POINT('',#15933);
#5146=VERTEX_POINT('',#15935);
#5147=VERTEX_POINT('',#15937);
#5148=VERTEX_POINT('',#15939);
#5149=VERTEX_POINT('',#15941);
#5150=VERTEX_POINT('',#15943);
#5151=VERTEX_POINT('',#15945);
#5152=VERTEX_POINT('',#15947);
#5153=VERTEX_POINT('',#15949);
#5154=VERTEX_POINT('',#15953);
#5155=VERTEX_POINT('',#15957);
#5156=VERTEX_POINT('',#15958);
#5157=VERTEX_POINT('',#15960);
#5158=VERTEX_POINT('',#15962);
#5159=VERTEX_POINT('',#15966);
#5160=VERTEX_POINT('',#15968);
#5161=VERTEX_POINT('',#15972);
#5162=VERTEX_POINT('',#15974);
#5163=VERTEX_POINT('',#15979);
#5164=VERTEX_POINT('',#15983);
#5165=VERTEX_POINT('',#15987);
#5166=VERTEX_POINT('',#15989);
#5167=VERTEX_POINT('',#15993);
#5168=VERTEX_POINT('',#15997);
#5169=VERTEX_POINT('',#16003);
#5170=VERTEX_POINT('',#16007);
#5171=VERTEX_POINT('',#16011);
#5172=VERTEX_POINT('',#16015);
#5173=VERTEX_POINT('',#16027);
#5174=VERTEX_POINT('',#16028);
#5175=VERTEX_POINT('',#16030);
#5176=VERTEX_POINT('',#16032);
#5177=VERTEX_POINT('',#16036);
#5178=VERTEX_POINT('',#16038);
#5179=VERTEX_POINT('',#16042);
#5180=VERTEX_POINT('',#16044);
#5181=VERTEX_POINT('',#16046);
#5182=VERTEX_POINT('',#16048);
#5183=VERTEX_POINT('',#16050);
#5184=VERTEX_POINT('',#16052);
#5185=VERTEX_POINT('',#16054);
#5186=VERTEX_POINT('',#16056);
#5187=VERTEX_POINT('',#16058);
#5188=VERTEX_POINT('',#16060);
#5189=VERTEX_POINT('',#16062);
#5190=VERTEX_POINT('',#16064);
#5191=VERTEX_POINT('',#16066);
#5192=VERTEX_POINT('',#16070);
#5193=VERTEX_POINT('',#16074);
#5194=VERTEX_POINT('',#16075);
#5195=VERTEX_POINT('',#16077);
#5196=VERTEX_POINT('',#16079);
#5197=VERTEX_POINT('',#16083);
#5198=VERTEX_POINT('',#16085);
#5199=VERTEX_POINT('',#16089);
#5200=VERTEX_POINT('',#16091);
#5201=VERTEX_POINT('',#16096);
#5202=VERTEX_POINT('',#16100);
#5203=VERTEX_POINT('',#16104);
#5204=VERTEX_POINT('',#16106);
#5205=VERTEX_POINT('',#16110);
#5206=VERTEX_POINT('',#16114);
#5207=VERTEX_POINT('',#16120);
#5208=VERTEX_POINT('',#16124);
#5209=VERTEX_POINT('',#16128);
#5210=VERTEX_POINT('',#16132);
#5211=VERTEX_POINT('',#16144);
#5212=VERTEX_POINT('',#16146);
#5213=VERTEX_POINT('',#16162);
#5214=VERTEX_POINT('',#16164);
#5215=VERTEX_POINT('',#16171);
#5216=VERTEX_POINT('',#16172);
#5217=VERTEX_POINT('',#16174);
#5218=VERTEX_POINT('',#16176);
#5219=VERTEX_POINT('',#16180);
#5220=VERTEX_POINT('',#16182);
#5221=VERTEX_POINT('',#16186);
#5222=VERTEX_POINT('',#16188);
#5223=VERTEX_POINT('',#16190);
#5224=VERTEX_POINT('',#16192);
#5225=VERTEX_POINT('',#16194);
#5226=VERTEX_POINT('',#16196);
#5227=VERTEX_POINT('',#16198);
#5228=VERTEX_POINT('',#16200);
#5229=VERTEX_POINT('',#16202);
#5230=VERTEX_POINT('',#16204);
#5231=VERTEX_POINT('',#16206);
#5232=VERTEX_POINT('',#16208);
#5233=VERTEX_POINT('',#16210);
#5234=VERTEX_POINT('',#16214);
#5235=VERTEX_POINT('',#16218);
#5236=VERTEX_POINT('',#16219);
#5237=VERTEX_POINT('',#16221);
#5238=VERTEX_POINT('',#16223);
#5239=VERTEX_POINT('',#16228);
#5240=VERTEX_POINT('',#16232);
#5241=VERTEX_POINT('',#16234);
#5242=VERTEX_POINT('',#16239);
#5243=VERTEX_POINT('',#16246);
#5244=VERTEX_POINT('',#16248);
#5245=VERTEX_POINT('',#16252);
#5246=VERTEX_POINT('',#16256);
#5247=VERTEX_POINT('',#16262);
#5248=VERTEX_POINT('',#16266);
#5249=VERTEX_POINT('',#16270);
#5250=VERTEX_POINT('',#16274);
#5251=VERTEX_POINT('',#16285);
#5252=VERTEX_POINT('',#16290);
#5253=VERTEX_POINT('',#16291);
#5254=VERTEX_POINT('',#16293);
#5255=VERTEX_POINT('',#16295);
#5256=VERTEX_POINT('',#16299);
#5257=VERTEX_POINT('',#16301);
#5258=VERTEX_POINT('',#16305);
#5259=VERTEX_POINT('',#16307);
#5260=VERTEX_POINT('',#16309);
#5261=VERTEX_POINT('',#16311);
#5262=VERTEX_POINT('',#16313);
#5263=VERTEX_POINT('',#16315);
#5264=VERTEX_POINT('',#16317);
#5265=VERTEX_POINT('',#16319);
#5266=VERTEX_POINT('',#16321);
#5267=VERTEX_POINT('',#16323);
#5268=VERTEX_POINT('',#16325);
#5269=VERTEX_POINT('',#16327);
#5270=VERTEX_POINT('',#16329);
#5271=VERTEX_POINT('',#16333);
#5272=VERTEX_POINT('',#16337);
#5273=VERTEX_POINT('',#16338);
#5274=VERTEX_POINT('',#16340);
#5275=VERTEX_POINT('',#16342);
#5276=VERTEX_POINT('',#16346);
#5277=VERTEX_POINT('',#16348);
#5278=VERTEX_POINT('',#16352);
#5279=VERTEX_POINT('',#16354);
#5280=VERTEX_POINT('',#16358);
#5281=VERTEX_POINT('',#16363);
#5282=VERTEX_POINT('',#16367);
#5283=VERTEX_POINT('',#16369);
#5284=VERTEX_POINT('',#16373);
#5285=VERTEX_POINT('',#16377);
#5286=VERTEX_POINT('',#16383);
#5287=VERTEX_POINT('',#16387);
#5288=VERTEX_POINT('',#16391);
#5289=VERTEX_POINT('',#16395);
#5290=VERTEX_POINT('',#16407);
#5291=VERTEX_POINT('',#16408);
#5292=VERTEX_POINT('',#16410);
#5293=VERTEX_POINT('',#16412);
#5294=VERTEX_POINT('',#16416);
#5295=VERTEX_POINT('',#16418);
#5296=VERTEX_POINT('',#16422);
#5297=VERTEX_POINT('',#16424);
#5298=VERTEX_POINT('',#16426);
#5299=VERTEX_POINT('',#16428);
#5300=VERTEX_POINT('',#16430);
#5301=VERTEX_POINT('',#16432);
#5302=VERTEX_POINT('',#16434);
#5303=VERTEX_POINT('',#16436);
#5304=VERTEX_POINT('',#16438);
#5305=VERTEX_POINT('',#16440);
#5306=VERTEX_POINT('',#16442);
#5307=VERTEX_POINT('',#16444);
#5308=VERTEX_POINT('',#16446);
#5309=VERTEX_POINT('',#16450);
#5310=VERTEX_POINT('',#16454);
#5311=VERTEX_POINT('',#16455);
#5312=VERTEX_POINT('',#16457);
#5313=VERTEX_POINT('',#16459);
#5314=VERTEX_POINT('',#16463);
#5315=VERTEX_POINT('',#16465);
#5316=VERTEX_POINT('',#16469);
#5317=VERTEX_POINT('',#16471);
#5318=VERTEX_POINT('',#16475);
#5319=VERTEX_POINT('',#16480);
#5320=VERTEX_POINT('',#16484);
#5321=VERTEX_POINT('',#16486);
#5322=VERTEX_POINT('',#16490);
#5323=VERTEX_POINT('',#16494);
#5324=VERTEX_POINT('',#16500);
#5325=VERTEX_POINT('',#16504);
#5326=VERTEX_POINT('',#16508);
#5327=VERTEX_POINT('',#16512);
#5328=VERTEX_POINT('',#16524);
#5329=VERTEX_POINT('',#16525);
#5330=VERTEX_POINT('',#16527);
#5331=VERTEX_POINT('',#16529);
#5332=VERTEX_POINT('',#16533);
#5333=VERTEX_POINT('',#16535);
#5334=VERTEX_POINT('',#16539);
#5335=VERTEX_POINT('',#16541);
#5336=VERTEX_POINT('',#16543);
#5337=VERTEX_POINT('',#16545);
#5338=VERTEX_POINT('',#16547);
#5339=VERTEX_POINT('',#16549);
#5340=VERTEX_POINT('',#16551);
#5341=VERTEX_POINT('',#16553);
#5342=VERTEX_POINT('',#16555);
#5343=VERTEX_POINT('',#16557);
#5344=VERTEX_POINT('',#16559);
#5345=VERTEX_POINT('',#16561);
#5346=VERTEX_POINT('',#16563);
#5347=VERTEX_POINT('',#16567);
#5348=VERTEX_POINT('',#16571);
#5349=VERTEX_POINT('',#16572);
#5350=VERTEX_POINT('',#16574);
#5351=VERTEX_POINT('',#16576);
#5352=VERTEX_POINT('',#16580);
#5353=VERTEX_POINT('',#16582);
#5354=VERTEX_POINT('',#16586);
#5355=VERTEX_POINT('',#16588);
#5356=VERTEX_POINT('',#16592);
#5357=VERTEX_POINT('',#16597);
#5358=VERTEX_POINT('',#16601);
#5359=VERTEX_POINT('',#16603);
#5360=VERTEX_POINT('',#16607);
#5361=VERTEX_POINT('',#16611);
#5362=VERTEX_POINT('',#16617);
#5363=VERTEX_POINT('',#16621);
#5364=VERTEX_POINT('',#16625);
#5365=VERTEX_POINT('',#16629);
#5366=VERTEX_POINT('',#16641);
#5367=VERTEX_POINT('',#16642);
#5368=VERTEX_POINT('',#16644);
#5369=VERTEX_POINT('',#16646);
#5370=VERTEX_POINT('',#16650);
#5371=VERTEX_POINT('',#16652);
#5372=VERTEX_POINT('',#16656);
#5373=VERTEX_POINT('',#16658);
#5374=VERTEX_POINT('',#16660);
#5375=VERTEX_POINT('',#16662);
#5376=VERTEX_POINT('',#16664);
#5377=VERTEX_POINT('',#16666);
#5378=VERTEX_POINT('',#16668);
#5379=VERTEX_POINT('',#16670);
#5380=VERTEX_POINT('',#16672);
#5381=VERTEX_POINT('',#16674);
#5382=VERTEX_POINT('',#16676);
#5383=VERTEX_POINT('',#16678);
#5384=VERTEX_POINT('',#16680);
#5385=VERTEX_POINT('',#16684);
#5386=VERTEX_POINT('',#16688);
#5387=VERTEX_POINT('',#16689);
#5388=VERTEX_POINT('',#16691);
#5389=VERTEX_POINT('',#16693);
#5390=VERTEX_POINT('',#16697);
#5391=VERTEX_POINT('',#16699);
#5392=VERTEX_POINT('',#16703);
#5393=VERTEX_POINT('',#16705);
#5394=VERTEX_POINT('',#16709);
#5395=VERTEX_POINT('',#16714);
#5396=VERTEX_POINT('',#16718);
#5397=VERTEX_POINT('',#16720);
#5398=VERTEX_POINT('',#16724);
#5399=VERTEX_POINT('',#16728);
#5400=VERTEX_POINT('',#16734);
#5401=VERTEX_POINT('',#16738);
#5402=VERTEX_POINT('',#16742);
#5403=VERTEX_POINT('',#16746);
#5404=VERTEX_POINT('',#16758);
#5405=VERTEX_POINT('',#16759);
#5406=VERTEX_POINT('',#16761);
#5407=VERTEX_POINT('',#16763);
#5408=VERTEX_POINT('',#16767);
#5409=VERTEX_POINT('',#16769);
#5410=VERTEX_POINT('',#16773);
#5411=VERTEX_POINT('',#16775);
#5412=VERTEX_POINT('',#16777);
#5413=VERTEX_POINT('',#16779);
#5414=VERTEX_POINT('',#16781);
#5415=VERTEX_POINT('',#16783);
#5416=VERTEX_POINT('',#16785);
#5417=VERTEX_POINT('',#16787);
#5418=VERTEX_POINT('',#16789);
#5419=VERTEX_POINT('',#16791);
#5420=VERTEX_POINT('',#16793);
#5421=VERTEX_POINT('',#16795);
#5422=VERTEX_POINT('',#16797);
#5423=VERTEX_POINT('',#16801);
#5424=VERTEX_POINT('',#16805);
#5425=VERTEX_POINT('',#16806);
#5426=VERTEX_POINT('',#16808);
#5427=VERTEX_POINT('',#16810);
#5428=VERTEX_POINT('',#16814);
#5429=VERTEX_POINT('',#16816);
#5430=VERTEX_POINT('',#16820);
#5431=VERTEX_POINT('',#16822);
#5432=VERTEX_POINT('',#16826);
#5433=VERTEX_POINT('',#16831);
#5434=VERTEX_POINT('',#16835);
#5435=VERTEX_POINT('',#16837);
#5436=VERTEX_POINT('',#16841);
#5437=VERTEX_POINT('',#16845);
#5438=VERTEX_POINT('',#16851);
#5439=VERTEX_POINT('',#16855);
#5440=VERTEX_POINT('',#16859);
#5441=VERTEX_POINT('',#16863);
#5442=VERTEX_POINT('',#16875);
#5443=VERTEX_POINT('',#16876);
#5444=VERTEX_POINT('',#16878);
#5445=VERTEX_POINT('',#16880);
#5446=VERTEX_POINT('',#16884);
#5447=VERTEX_POINT('',#16886);
#5448=VERTEX_POINT('',#16890);
#5449=VERTEX_POINT('',#16892);
#5450=VERTEX_POINT('',#16894);
#5451=VERTEX_POINT('',#16896);
#5452=VERTEX_POINT('',#16898);
#5453=VERTEX_POINT('',#16900);
#5454=VERTEX_POINT('',#16902);
#5455=VERTEX_POINT('',#16904);
#5456=VERTEX_POINT('',#16906);
#5457=VERTEX_POINT('',#16908);
#5458=VERTEX_POINT('',#16910);
#5459=VERTEX_POINT('',#16912);
#5460=VERTEX_POINT('',#16914);
#5461=VERTEX_POINT('',#16918);
#5462=VERTEX_POINT('',#16922);
#5463=VERTEX_POINT('',#16923);
#5464=VERTEX_POINT('',#16925);
#5465=VERTEX_POINT('',#16927);
#5466=VERTEX_POINT('',#16931);
#5467=VERTEX_POINT('',#16933);
#5468=VERTEX_POINT('',#16937);
#5469=VERTEX_POINT('',#16939);
#5470=VERTEX_POINT('',#16943);
#5471=VERTEX_POINT('',#16948);
#5472=VERTEX_POINT('',#16952);
#5473=VERTEX_POINT('',#16954);
#5474=VERTEX_POINT('',#16958);
#5475=VERTEX_POINT('',#16962);
#5476=VERTEX_POINT('',#16968);
#5477=VERTEX_POINT('',#16972);
#5478=VERTEX_POINT('',#16976);
#5479=VERTEX_POINT('',#16980);
#5480=VERTEX_POINT('',#16992);
#5481=VERTEX_POINT('',#16994);
#5482=VERTEX_POINT('',#17013);
#5483=VERTEX_POINT('',#17015);
#5484=VERTEX_POINT('',#17019);
#5485=VERTEX_POINT('',#17020);
#5486=VERTEX_POINT('',#17022);
#5487=VERTEX_POINT('',#17024);
#5488=VERTEX_POINT('',#17028);
#5489=VERTEX_POINT('',#17030);
#5490=VERTEX_POINT('',#17034);
#5491=VERTEX_POINT('',#17036);
#5492=VERTEX_POINT('',#17038);
#5493=VERTEX_POINT('',#17040);
#5494=VERTEX_POINT('',#17042);
#5495=VERTEX_POINT('',#17044);
#5496=VERTEX_POINT('',#17046);
#5497=VERTEX_POINT('',#17048);
#5498=VERTEX_POINT('',#17050);
#5499=VERTEX_POINT('',#17052);
#5500=VERTEX_POINT('',#17054);
#5501=VERTEX_POINT('',#17056);
#5502=VERTEX_POINT('',#17058);
#5503=VERTEX_POINT('',#17062);
#5504=VERTEX_POINT('',#17066);
#5505=VERTEX_POINT('',#17067);
#5506=VERTEX_POINT('',#17069);
#5507=VERTEX_POINT('',#17071);
#5508=VERTEX_POINT('',#17075);
#5509=VERTEX_POINT('',#17080);
#5510=VERTEX_POINT('',#17082);
#5511=VERTEX_POINT('',#17086);
#5512=VERTEX_POINT('',#17094);
#5513=VERTEX_POINT('',#17096);
#5514=VERTEX_POINT('',#17100);
#5515=VERTEX_POINT('',#17104);
#5516=VERTEX_POINT('',#17110);
#5517=VERTEX_POINT('',#17114);
#5518=VERTEX_POINT('',#17118);
#5519=VERTEX_POINT('',#17122);
#5520=VERTEX_POINT('',#17134);
#5521=VERTEX_POINT('',#17138);
#5522=VERTEX_POINT('',#17140);
#5523=VERTEX_POINT('',#17144);
#5524=VERTEX_POINT('',#17156);
#5525=EDGE_CURVE('',#4589,#4590,#4499,.T.);
#5526=EDGE_CURVE('',#4589,#4591,#2123,.T.);
#5527=EDGE_CURVE('',#4591,#4592,#4500,.T.);
#5528=EDGE_CURVE('',#4590,#4592,#2124,.T.);
#5529=EDGE_CURVE('',#4590,#4593,#4501,.T.);
#5530=EDGE_CURVE('',#4592,#4594,#4502,.T.);
#5531=EDGE_CURVE('',#4593,#4594,#2125,.T.);
#5532=EDGE_CURVE('',#4593,#4595,#4503,.T.);
#5533=EDGE_CURVE('',#4594,#4596,#4504,.T.);
#5534=EDGE_CURVE('',#4595,#4596,#2126,.T.);
#5535=EDGE_CURVE('',#4595,#4597,#4505,.T.);
#5536=EDGE_CURVE('',#4596,#4598,#4506,.T.);
#5537=EDGE_CURVE('',#4597,#4598,#2127,.T.);
#5538=EDGE_CURVE('',#4597,#4589,#4507,.T.);
#5539=EDGE_CURVE('',#4598,#4591,#4508,.T.);
#5540=EDGE_CURVE('',#4599,#4600,#4509,.T.);
#5541=EDGE_CURVE('',#4599,#4601,#2128,.T.);
#5542=EDGE_CURVE('',#4601,#4602,#4510,.T.);
#5543=EDGE_CURVE('',#4600,#4602,#2129,.T.);
#5544=EDGE_CURVE('',#4600,#4603,#4511,.T.);
#5545=EDGE_CURVE('',#4602,#4604,#4512,.T.);
#5546=EDGE_CURVE('',#4603,#4604,#2130,.T.);
#5547=EDGE_CURVE('',#4603,#4605,#4513,.T.);
#5548=EDGE_CURVE('',#4604,#4606,#4514,.T.);
#5549=EDGE_CURVE('',#4605,#4606,#2131,.T.);
#5550=EDGE_CURVE('',#4605,#4607,#4515,.T.);
#5551=EDGE_CURVE('',#4606,#4608,#4516,.T.);
#5552=EDGE_CURVE('',#4607,#4608,#2132,.T.);
#5553=EDGE_CURVE('',#4607,#4599,#4517,.T.);
#5554=EDGE_CURVE('',#4608,#4601,#4518,.T.);
#5555=EDGE_CURVE('',#4609,#4610,#4519,.T.);
#5556=EDGE_CURVE('',#4609,#4611,#2133,.T.);
#5557=EDGE_CURVE('',#4611,#4612,#4520,.T.);
#5558=EDGE_CURVE('',#4610,#4612,#2134,.T.);
#5559=EDGE_CURVE('',#4613,#4609,#4521,.T.);
#5560=EDGE_CURVE('',#4613,#4614,#2135,.T.);
#5561=EDGE_CURVE('',#4614,#4611,#4522,.T.);
#5562=EDGE_CURVE('',#4615,#4613,#2136,.T.);
#5563=EDGE_CURVE('',#4615,#4616,#2137,.T.);
#5564=EDGE_CURVE('',#4616,#4614,#2138,.T.);
#5565=EDGE_CURVE('',#4617,#4615,#4523,.T.);
#5566=EDGE_CURVE('',#4617,#4618,#2139,.T.);
#5567=EDGE_CURVE('',#4618,#4616,#4524,.T.);
#5568=EDGE_CURVE('',#4619,#4617,#4525,.T.);
#5569=EDGE_CURVE('',#4619,#4620,#2140,.T.);
#5570=EDGE_CURVE('',#4620,#4618,#4526,.T.);
#5571=EDGE_CURVE('',#4621,#4619,#4527,.T.);
#5572=EDGE_CURVE('',#4621,#4622,#2141,.T.);
#5573=EDGE_CURVE('',#4622,#4620,#4528,.T.);
#5574=EDGE_CURVE('',#4623,#4621,#4529,.T.);
#5575=EDGE_CURVE('',#4623,#4624,#2142,.T.);
#5576=EDGE_CURVE('',#4624,#4622,#4530,.T.);
#5577=EDGE_CURVE('',#4625,#4623,#2143,.T.);
#5578=EDGE_CURVE('',#4625,#4626,#2144,.T.);
#5579=EDGE_CURVE('',#4626,#4624,#2145,.T.);
#5580=EDGE_CURVE('',#4627,#4625,#4531,.T.);
#5581=EDGE_CURVE('',#4627,#4628,#2146,.T.);
#5582=EDGE_CURVE('',#4628,#4626,#4532,.T.);
#5583=EDGE_CURVE('',#4629,#4627,#4533,.T.);
#5584=EDGE_CURVE('',#4629,#4630,#2147,.T.);
#5585=EDGE_CURVE('',#4630,#4628,#4534,.T.);
#5586=EDGE_CURVE('',#4610,#4629,#4535,.T.);
#5587=EDGE_CURVE('',#4612,#4630,#4536,.T.);
#5588=EDGE_CURVE('',#4631,#4632,#2148,.T.);
#5589=EDGE_CURVE('',#4631,#4633,#2149,.T.);
#5590=EDGE_CURVE('',#4633,#4634,#2150,.T.);
#5591=EDGE_CURVE('',#4632,#4634,#2151,.T.);
#5592=EDGE_CURVE('',#4635,#4631,#4537,.T.);
#5593=EDGE_CURVE('',#4635,#4636,#2152,.T.);
#5594=EDGE_CURVE('',#4636,#4633,#4538,.T.);
#5595=EDGE_CURVE('',#4637,#4635,#4539,.T.);
#5596=EDGE_CURVE('',#4637,#4638,#2153,.T.);
#5597=EDGE_CURVE('',#4638,#4636,#4540,.T.);
#5598=EDGE_CURVE('',#4639,#4637,#2154,.T.);
#5599=EDGE_CURVE('',#4639,#4640,#2155,.T.);
#5600=EDGE_CURVE('',#4640,#4638,#2156,.T.);
#5601=EDGE_CURVE('',#4641,#4639,#2157,.T.);
#5602=EDGE_CURVE('',#4641,#4642,#2158,.T.);
#5603=EDGE_CURVE('',#4642,#4640,#2159,.T.);
#5604=EDGE_CURVE('',#4643,#4641,#2160,.T.);
#5605=EDGE_CURVE('',#4643,#4644,#2161,.T.);
#5606=EDGE_CURVE('',#4644,#4642,#2162,.T.);
#5607=EDGE_CURVE('',#4645,#4643,#2163,.T.);
#5608=EDGE_CURVE('',#4645,#4646,#2164,.T.);
#5609=EDGE_CURVE('',#4646,#4644,#2165,.T.);
#5610=EDGE_CURVE('',#4647,#4645,#2166,.T.);
#5611=EDGE_CURVE('',#4647,#4648,#2167,.T.);
#5612=EDGE_CURVE('',#4648,#4646,#2168,.T.);
#5613=EDGE_CURVE('',#4649,#4647,#4541,.T.);
#5614=EDGE_CURVE('',#4649,#4650,#2169,.T.);
#5615=EDGE_CURVE('',#4650,#4648,#4542,.T.);
#5616=EDGE_CURVE('',#4651,#4649,#4543,.T.);
#5617=EDGE_CURVE('',#4651,#4652,#2170,.T.);
#5618=EDGE_CURVE('',#4652,#4650,#4544,.T.);
#5619=EDGE_CURVE('',#4653,#4651,#4545,.T.);
#5620=EDGE_CURVE('',#4653,#4654,#2171,.T.);
#5621=EDGE_CURVE('',#4654,#4652,#4546,.T.);
#5622=EDGE_CURVE('',#4655,#4653,#2172,.T.);
#5623=EDGE_CURVE('',#4655,#4656,#2173,.T.);
#5624=EDGE_CURVE('',#4656,#4654,#2174,.T.);
#5625=EDGE_CURVE('',#4632,#4655,#2175,.T.);
#5626=EDGE_CURVE('',#4634,#4656,#2176,.T.);
#5627=EDGE_CURVE('',#4657,#4658,#2177,.T.);
#5628=EDGE_CURVE('',#4657,#4659,#2178,.T.);
#5629=EDGE_CURVE('',#4659,#4660,#2179,.T.);
#5630=EDGE_CURVE('',#4658,#4660,#2180,.T.);
#5631=EDGE_CURVE('',#4661,#4657,#2181,.T.);
#5632=EDGE_CURVE('',#4661,#4662,#2182,.T.);
#5633=EDGE_CURVE('',#4662,#4659,#2183,.T.);
#5634=EDGE_CURVE('',#4663,#4661,#2184,.T.);
#5635=EDGE_CURVE('',#4663,#4664,#2185,.T.);
#5636=EDGE_CURVE('',#4664,#4662,#2186,.T.);
#5637=EDGE_CURVE('',#4658,#4663,#2187,.T.);
#5638=EDGE_CURVE('',#4660,#4664,#2188,.T.);
#5639=EDGE_CURVE('',#4665,#4666,#2189,.T.);
#5640=EDGE_CURVE('',#4665,#4667,#2190,.T.);
#5641=EDGE_CURVE('',#4667,#4668,#2191,.T.);
#5642=EDGE_CURVE('',#4666,#4668,#2192,.T.);
#5643=EDGE_CURVE('',#4669,#4665,#2193,.T.);
#5644=EDGE_CURVE('',#4669,#4670,#2194,.T.);
#5645=EDGE_CURVE('',#4670,#4667,#2195,.T.);
#5646=EDGE_CURVE('',#4671,#4669,#2196,.T.);
#5647=EDGE_CURVE('',#4671,#4672,#2197,.T.);
#5648=EDGE_CURVE('',#4672,#4670,#2198,.T.);
#5649=EDGE_CURVE('',#4673,#4671,#2199,.T.);
#5650=EDGE_CURVE('',#4673,#4674,#2200,.T.);
#5651=EDGE_CURVE('',#4674,#4672,#2201,.T.);
#5652=EDGE_CURVE('',#4675,#4673,#2202,.T.);
#5653=EDGE_CURVE('',#4675,#4676,#2203,.T.);
#5654=EDGE_CURVE('',#4676,#4674,#2204,.T.);
#5655=EDGE_CURVE('',#4677,#4675,#2205,.T.);
#5656=EDGE_CURVE('',#4677,#4678,#2206,.T.);
#5657=EDGE_CURVE('',#4678,#4676,#2207,.T.);
#5658=EDGE_CURVE('',#4679,#4677,#2208,.T.);
#5659=EDGE_CURVE('',#4679,#4680,#2209,.T.);
#5660=EDGE_CURVE('',#4680,#4678,#2210,.T.);
#5661=EDGE_CURVE('',#4666,#4679,#2211,.T.);
#5662=EDGE_CURVE('',#4668,#4680,#2212,.T.);
#5663=EDGE_CURVE('',#4681,#4682,#2213,.T.);
#5664=EDGE_CURVE('',#4681,#4683,#2214,.T.);
#5665=EDGE_CURVE('',#4683,#4684,#2215,.T.);
#5666=EDGE_CURVE('',#4682,#4684,#2216,.T.);
#5667=EDGE_CURVE('',#4682,#4685,#2217,.T.);
#5668=EDGE_CURVE('',#4684,#4686,#2218,.T.);
#5669=EDGE_CURVE('',#4685,#4686,#2219,.T.);
#5670=EDGE_CURVE('',#4685,#4681,#2220,.T.);
#5671=EDGE_CURVE('',#4686,#4683,#2221,.T.);
#5672=EDGE_CURVE('',#4687,#4688,#2222,.T.);
#5673=EDGE_CURVE('',#4687,#4689,#2223,.T.);
#5674=EDGE_CURVE('',#4689,#4690,#2224,.T.);
#5675=EDGE_CURVE('',#4688,#4690,#2225,.T.);
#5676=EDGE_CURVE('',#4691,#4687,#2226,.T.);
#5677=EDGE_CURVE('',#4691,#4692,#2227,.T.);
#5678=EDGE_CURVE('',#4692,#4689,#2228,.T.);
#5679=EDGE_CURVE('',#4693,#4691,#2229,.T.);
#5680=EDGE_CURVE('',#4693,#4694,#2230,.T.);
#5681=EDGE_CURVE('',#4694,#4692,#2231,.T.);
#5682=EDGE_CURVE('',#4695,#4693,#2232,.T.);
#5683=EDGE_CURVE('',#4695,#4696,#2233,.T.);
#5684=EDGE_CURVE('',#4696,#4694,#2234,.T.);
#5685=EDGE_CURVE('',#4697,#4695,#2235,.T.);
#5686=EDGE_CURVE('',#4697,#4698,#2236,.T.);
#5687=EDGE_CURVE('',#4698,#4696,#2237,.T.);
#5688=EDGE_CURVE('',#4699,#4697,#2238,.T.);
#5689=EDGE_CURVE('',#4699,#4700,#2239,.T.);
#5690=EDGE_CURVE('',#4700,#4698,#2240,.T.);
#5691=EDGE_CURVE('',#4701,#4699,#2241,.T.);
#5692=EDGE_CURVE('',#4701,#4702,#2242,.T.);
#5693=EDGE_CURVE('',#4702,#4700,#2243,.T.);
#5694=EDGE_CURVE('',#4688,#4701,#2244,.T.);
#5695=EDGE_CURVE('',#4690,#4702,#2245,.T.);
#5696=EDGE_CURVE('',#4703,#4704,#2246,.T.);
#5697=EDGE_CURVE('',#4703,#4705,#2247,.T.);
#5698=EDGE_CURVE('',#4705,#4706,#2248,.T.);
#5699=EDGE_CURVE('',#4704,#4706,#2249,.T.);
#5700=EDGE_CURVE('',#4707,#4703,#2250,.T.);
#5701=EDGE_CURVE('',#4707,#4708,#2251,.T.);
#5702=EDGE_CURVE('',#4708,#4705,#2252,.T.);
#5703=EDGE_CURVE('',#4709,#4707,#2253,.T.);
#5704=EDGE_CURVE('',#4709,#4710,#2254,.T.);
#5705=EDGE_CURVE('',#4710,#4708,#2255,.T.);
#5706=EDGE_CURVE('',#4711,#4709,#2256,.T.);
#5707=EDGE_CURVE('',#4711,#4712,#2257,.T.);
#5708=EDGE_CURVE('',#4712,#4710,#2258,.T.);
#5709=EDGE_CURVE('',#4713,#4711,#2259,.T.);
#5710=EDGE_CURVE('',#4713,#4714,#2260,.T.);
#5711=EDGE_CURVE('',#4714,#4712,#2261,.T.);
#5712=EDGE_CURVE('',#4715,#4713,#2262,.T.);
#5713=EDGE_CURVE('',#4715,#4716,#2263,.T.);
#5714=EDGE_CURVE('',#4716,#4714,#2264,.T.);
#5715=EDGE_CURVE('',#4717,#4715,#2265,.T.);
#5716=EDGE_CURVE('',#4717,#4718,#2266,.T.);
#5717=EDGE_CURVE('',#4718,#4716,#2267,.T.);
#5718=EDGE_CURVE('',#4719,#4717,#2268,.T.);
#5719=EDGE_CURVE('',#4719,#4720,#2269,.T.);
#5720=EDGE_CURVE('',#4720,#4718,#2270,.T.);
#5721=EDGE_CURVE('',#4721,#4719,#2271,.T.);
#5722=EDGE_CURVE('',#4721,#4722,#2272,.T.);
#5723=EDGE_CURVE('',#4722,#4720,#2273,.T.);
#5724=EDGE_CURVE('',#4723,#4721,#2274,.T.);
#5725=EDGE_CURVE('',#4723,#4724,#2275,.T.);
#5726=EDGE_CURVE('',#4724,#4722,#2276,.T.);
#5727=EDGE_CURVE('',#4725,#4723,#2277,.T.);
#5728=EDGE_CURVE('',#4725,#4726,#2278,.T.);
#5729=EDGE_CURVE('',#4726,#4724,#2279,.T.);
#5730=EDGE_CURVE('',#4704,#4725,#2280,.T.);
#5731=EDGE_CURVE('',#4706,#4726,#2281,.T.);
#5732=EDGE_CURVE('',#4727,#4728,#2282,.T.);
#5733=EDGE_CURVE('',#4727,#4729,#2283,.T.);
#5734=EDGE_CURVE('',#4729,#4730,#2284,.T.);
#5735=EDGE_CURVE('',#4728,#4730,#2285,.T.);
#5736=EDGE_CURVE('',#4731,#4727,#2286,.T.);
#5737=EDGE_CURVE('',#4731,#4732,#2287,.T.);
#5738=EDGE_CURVE('',#4732,#4729,#2288,.T.);
#5739=EDGE_CURVE('',#4733,#4731,#2289,.T.);
#5740=EDGE_CURVE('',#4733,#4734,#2290,.T.);
#5741=EDGE_CURVE('',#4734,#4732,#2291,.T.);
#5742=EDGE_CURVE('',#4735,#4733,#2292,.T.);
#5743=EDGE_CURVE('',#4735,#4736,#2293,.T.);
#5744=EDGE_CURVE('',#4736,#4734,#2294,.T.);
#5745=EDGE_CURVE('',#4737,#4735,#2295,.T.);
#5746=EDGE_CURVE('',#4737,#4738,#2296,.T.);
#5747=EDGE_CURVE('',#4738,#4736,#2297,.T.);
#5748=EDGE_CURVE('',#4739,#4737,#2298,.T.);
#5749=EDGE_CURVE('',#4739,#4740,#2299,.T.);
#5750=EDGE_CURVE('',#4740,#4738,#2300,.T.);
#5751=EDGE_CURVE('',#4741,#4739,#2301,.T.);
#5752=EDGE_CURVE('',#4741,#4742,#2302,.T.);
#5753=EDGE_CURVE('',#4742,#4740,#2303,.T.);
#5754=EDGE_CURVE('',#4728,#4741,#2304,.T.);
#5755=EDGE_CURVE('',#4730,#4742,#2305,.T.);
#5756=EDGE_CURVE('',#4743,#4744,#2306,.T.);
#5757=EDGE_CURVE('',#4743,#4745,#2307,.T.);
#5758=EDGE_CURVE('',#4745,#4746,#2308,.T.);
#5759=EDGE_CURVE('',#4744,#4746,#2309,.T.);
#5760=EDGE_CURVE('',#4744,#4747,#2310,.T.);
#5761=EDGE_CURVE('',#4746,#4748,#2311,.T.);
#5762=EDGE_CURVE('',#4747,#4748,#2312,.T.);
#5763=EDGE_CURVE('',#4747,#4743,#2313,.T.);
#5764=EDGE_CURVE('',#4748,#4745,#2314,.T.);
#5765=EDGE_CURVE('',#4749,#4750,#2315,.T.);
#5766=EDGE_CURVE('',#4749,#4751,#2316,.T.);
#5767=EDGE_CURVE('',#4751,#4752,#2317,.T.);
#5768=EDGE_CURVE('',#4750,#4752,#2318,.T.);
#5769=EDGE_CURVE('',#4753,#4749,#2319,.T.);
#5770=EDGE_CURVE('',#4753,#4754,#2320,.T.);
#5771=EDGE_CURVE('',#4754,#4751,#2321,.T.);
#5772=EDGE_CURVE('',#4755,#4753,#2322,.T.);
#5773=EDGE_CURVE('',#4755,#4756,#2323,.T.);
#5774=EDGE_CURVE('',#4756,#4754,#2324,.T.);
#5775=EDGE_CURVE('',#4757,#4755,#2325,.T.);
#5776=EDGE_CURVE('',#4757,#4758,#2326,.T.);
#5777=EDGE_CURVE('',#4758,#4756,#2327,.T.);
#5778=EDGE_CURVE('',#4759,#4757,#2328,.T.);
#5779=EDGE_CURVE('',#4759,#4760,#2329,.T.);
#5780=EDGE_CURVE('',#4760,#4758,#2330,.T.);
#5781=EDGE_CURVE('',#4761,#4759,#2331,.T.);
#5782=EDGE_CURVE('',#4761,#4762,#2332,.T.);
#5783=EDGE_CURVE('',#4762,#4760,#2333,.T.);
#5784=EDGE_CURVE('',#4763,#4761,#2334,.T.);
#5785=EDGE_CURVE('',#4763,#4764,#2335,.T.);
#5786=EDGE_CURVE('',#4764,#4762,#2336,.T.);
#5787=EDGE_CURVE('',#4750,#4763,#2337,.T.);
#5788=EDGE_CURVE('',#4752,#4764,#2338,.T.);
#5789=EDGE_CURVE('',#4765,#4766,#2339,.T.);
#5790=EDGE_CURVE('',#4765,#4767,#2340,.T.);
#5791=EDGE_CURVE('',#4767,#4768,#2341,.T.);
#5792=EDGE_CURVE('',#4766,#4768,#2342,.T.);
#5793=EDGE_CURVE('',#4769,#4765,#2343,.T.);
#5794=EDGE_CURVE('',#4769,#4770,#2344,.T.);
#5795=EDGE_CURVE('',#4770,#4767,#2345,.T.);
#5796=EDGE_CURVE('',#4771,#4769,#2346,.T.);
#5797=EDGE_CURVE('',#4771,#4772,#2347,.T.);
#5798=EDGE_CURVE('',#4772,#4770,#2348,.T.);
#5799=EDGE_CURVE('',#4773,#4771,#2349,.T.);
#5800=EDGE_CURVE('',#4773,#4774,#2350,.T.);
#5801=EDGE_CURVE('',#4774,#4772,#2351,.T.);
#5802=EDGE_CURVE('',#4775,#4773,#2352,.T.);
#5803=EDGE_CURVE('',#4775,#4776,#2353,.T.);
#5804=EDGE_CURVE('',#4776,#4774,#2354,.T.);
#5805=EDGE_CURVE('',#4777,#4775,#2355,.T.);
#5806=EDGE_CURVE('',#4777,#4778,#2356,.T.);
#5807=EDGE_CURVE('',#4778,#4776,#2357,.T.);
#5808=EDGE_CURVE('',#4779,#4777,#2358,.T.);
#5809=EDGE_CURVE('',#4779,#4780,#2359,.T.);
#5810=EDGE_CURVE('',#4780,#4778,#2360,.T.);
#5811=EDGE_CURVE('',#4781,#4779,#2361,.T.);
#5812=EDGE_CURVE('',#4781,#4782,#2362,.T.);
#5813=EDGE_CURVE('',#4782,#4780,#2363,.T.);
#5814=EDGE_CURVE('',#4783,#4781,#2364,.T.);
#5815=EDGE_CURVE('',#4783,#4784,#2365,.T.);
#5816=EDGE_CURVE('',#4784,#4782,#2366,.T.);
#5817=EDGE_CURVE('',#4785,#4783,#2367,.T.);
#5818=EDGE_CURVE('',#4785,#4786,#2368,.T.);
#5819=EDGE_CURVE('',#4786,#4784,#2369,.T.);
#5820=EDGE_CURVE('',#4787,#4785,#2370,.T.);
#5821=EDGE_CURVE('',#4787,#4788,#2371,.T.);
#5822=EDGE_CURVE('',#4788,#4786,#2372,.T.);
#5823=EDGE_CURVE('',#4789,#4787,#2373,.T.);
#5824=EDGE_CURVE('',#4789,#4790,#2374,.T.);
#5825=EDGE_CURVE('',#4790,#4788,#2375,.T.);
#5826=EDGE_CURVE('',#4766,#4789,#2376,.T.);
#5827=EDGE_CURVE('',#4768,#4790,#2377,.T.);
#5828=EDGE_CURVE('',#4791,#4792,#2378,.T.);
#5829=EDGE_CURVE('',#4791,#4793,#2379,.T.);
#5830=EDGE_CURVE('',#4793,#4794,#2380,.T.);
#5831=EDGE_CURVE('',#4792,#4794,#2381,.T.);
#5832=EDGE_CURVE('',#4795,#4791,#2382,.T.);
#5833=EDGE_CURVE('',#4795,#4796,#2383,.T.);
#5834=EDGE_CURVE('',#4796,#4793,#2384,.T.);
#5835=EDGE_CURVE('',#4797,#4795,#2385,.T.);
#5836=EDGE_CURVE('',#4797,#4798,#2386,.T.);
#5837=EDGE_CURVE('',#4798,#4796,#2387,.T.);
#5838=EDGE_CURVE('',#4799,#4797,#2388,.T.);
#5839=EDGE_CURVE('',#4799,#4800,#2389,.T.);
#5840=EDGE_CURVE('',#4800,#4798,#2390,.T.);
#5841=EDGE_CURVE('',#4801,#4799,#2391,.T.);
#5842=EDGE_CURVE('',#4801,#4802,#2392,.T.);
#5843=EDGE_CURVE('',#4802,#4800,#2393,.T.);
#5844=EDGE_CURVE('',#4792,#4801,#2394,.T.);
#5845=EDGE_CURVE('',#4794,#4802,#2395,.T.);
#5846=EDGE_CURVE('',#4803,#4804,#4547,.T.);
#5847=EDGE_CURVE('',#4803,#4805,#2396,.T.);
#5848=EDGE_CURVE('',#4805,#4806,#4548,.T.);
#5849=EDGE_CURVE('',#4804,#4806,#2397,.T.);
#5850=EDGE_CURVE('',#4807,#4803,#2398,.T.);
#5851=EDGE_CURVE('',#4807,#4808,#2399,.T.);
#5852=EDGE_CURVE('',#4808,#4805,#2400,.T.);
#5853=EDGE_CURVE('',#4809,#4807,#2401,.T.);
#5854=EDGE_CURVE('',#4809,#4810,#2402,.T.);
#5855=EDGE_CURVE('',#4810,#4808,#2403,.T.);
#5856=EDGE_CURVE('',#4811,#4809,#4549,.T.);
#5857=EDGE_CURVE('',#4811,#4812,#2404,.T.);
#5858=EDGE_CURVE('',#4812,#4810,#4550,.T.);
#5859=EDGE_CURVE('',#4813,#4811,#4551,.T.);
#5860=EDGE_CURVE('',#4813,#4814,#2405,.T.);
#5861=EDGE_CURVE('',#4814,#4812,#4552,.T.);
#5862=EDGE_CURVE('',#4815,#4813,#4553,.T.);
#5863=EDGE_CURVE('',#4815,#4816,#2406,.T.);
#5864=EDGE_CURVE('',#4816,#4814,#4554,.T.);
#5865=EDGE_CURVE('',#4817,#4815,#2407,.T.);
#5866=EDGE_CURVE('',#4817,#4818,#2408,.T.);
#5867=EDGE_CURVE('',#4818,#4816,#2409,.T.);
#5868=EDGE_CURVE('',#4819,#4817,#2410,.T.);
#5869=EDGE_CURVE('',#4819,#4820,#2411,.T.);
#5870=EDGE_CURVE('',#4820,#4818,#2412,.T.);
#5871=EDGE_CURVE('',#4821,#4819,#2413,.T.);
#5872=EDGE_CURVE('',#4821,#4822,#2414,.T.);
#5873=EDGE_CURVE('',#4822,#4820,#2415,.T.);
#5874=EDGE_CURVE('',#4823,#4821,#2416,.T.);
#5875=EDGE_CURVE('',#4823,#4824,#2417,.T.);
#5876=EDGE_CURVE('',#4824,#4822,#2418,.T.);
#5877=EDGE_CURVE('',#4825,#4823,#2419,.T.);
#5878=EDGE_CURVE('',#4825,#4826,#2420,.T.);
#5879=EDGE_CURVE('',#4826,#4824,#2421,.T.);
#5880=EDGE_CURVE('',#4827,#4825,#2422,.T.);
#5881=EDGE_CURVE('',#4827,#4828,#2423,.T.);
#5882=EDGE_CURVE('',#4828,#4826,#2424,.T.);
#5883=EDGE_CURVE('',#4829,#4827,#2425,.T.);
#5884=EDGE_CURVE('',#4829,#4830,#2426,.T.);
#5885=EDGE_CURVE('',#4830,#4828,#2427,.T.);
#5886=EDGE_CURVE('',#4831,#4829,#2428,.T.);
#5887=EDGE_CURVE('',#4831,#4832,#2429,.T.);
#5888=EDGE_CURVE('',#4832,#4830,#2430,.T.);
#5889=EDGE_CURVE('',#4833,#4831,#2431,.T.);
#5890=EDGE_CURVE('',#4833,#4834,#2432,.T.);
#5891=EDGE_CURVE('',#4834,#4832,#2433,.T.);
#5892=EDGE_CURVE('',#4835,#4833,#2434,.T.);
#5893=EDGE_CURVE('',#4835,#4836,#2435,.T.);
#5894=EDGE_CURVE('',#4836,#4834,#2436,.T.);
#5895=EDGE_CURVE('',#4837,#4835,#2437,.T.);
#5896=EDGE_CURVE('',#4837,#4838,#2438,.T.);
#5897=EDGE_CURVE('',#4838,#4836,#2439,.T.);
#5898=EDGE_CURVE('',#4804,#4837,#4555,.T.);
#5899=EDGE_CURVE('',#4806,#4838,#4556,.T.);
#5900=EDGE_CURVE('',#4839,#4840,#2440,.T.);
#5901=EDGE_CURVE('',#4839,#4841,#2441,.T.);
#5902=EDGE_CURVE('',#4841,#4842,#2442,.T.);
#5903=EDGE_CURVE('',#4840,#4842,#2443,.T.);
#5904=EDGE_CURVE('',#4843,#4839,#2444,.T.);
#5905=EDGE_CURVE('',#4843,#4844,#2445,.T.);
#5906=EDGE_CURVE('',#4844,#4841,#2446,.T.);
#5907=EDGE_CURVE('',#4845,#4843,#2447,.T.);
#5908=EDGE_CURVE('',#4845,#4846,#2448,.T.);
#5909=EDGE_CURVE('',#4846,#4844,#2449,.T.);
#5910=EDGE_CURVE('',#4840,#4845,#2450,.T.);
#5911=EDGE_CURVE('',#4842,#4846,#2451,.T.);
#5912=EDGE_CURVE('',#4847,#4848,#2452,.T.);
#5913=EDGE_CURVE('',#4847,#4849,#2453,.T.);
#5914=EDGE_CURVE('',#4849,#4850,#2454,.T.);
#5915=EDGE_CURVE('',#4848,#4850,#2455,.T.);
#5916=EDGE_CURVE('',#4851,#4847,#2456,.T.);
#5917=EDGE_CURVE('',#4851,#4852,#2457,.T.);
#5918=EDGE_CURVE('',#4852,#4849,#2458,.T.);
#5919=EDGE_CURVE('',#4853,#4851,#2459,.T.);
#5920=EDGE_CURVE('',#4853,#4854,#2460,.T.);
#5921=EDGE_CURVE('',#4854,#4852,#2461,.T.);
#5922=EDGE_CURVE('',#4855,#4853,#2462,.T.);
#5923=EDGE_CURVE('',#4855,#4856,#2463,.T.);
#5924=EDGE_CURVE('',#4856,#4854,#2464,.T.);
#5925=EDGE_CURVE('',#4857,#4855,#2465,.T.);
#5926=EDGE_CURVE('',#4857,#4858,#2466,.T.);
#5927=EDGE_CURVE('',#4858,#4856,#2467,.T.);
#5928=EDGE_CURVE('',#4859,#4857,#2468,.T.);
#5929=EDGE_CURVE('',#4859,#4860,#2469,.T.);
#5930=EDGE_CURVE('',#4860,#4858,#2470,.T.);
#5931=EDGE_CURVE('',#4861,#4859,#2471,.T.);
#5932=EDGE_CURVE('',#4861,#4862,#2472,.T.);
#5933=EDGE_CURVE('',#4862,#4860,#2473,.T.);
#5934=EDGE_CURVE('',#4848,#4861,#2474,.T.);
#5935=EDGE_CURVE('',#4850,#4862,#2475,.T.);
#5936=EDGE_CURVE('',#4863,#4864,#2476,.T.);
#5937=EDGE_CURVE('',#4863,#4865,#2477,.T.);
#5938=EDGE_CURVE('',#4865,#4866,#2478,.T.);
#5939=EDGE_CURVE('',#4864,#4866,#2479,.T.);
#5940=EDGE_CURVE('',#4864,#4867,#2480,.T.);
#5941=EDGE_CURVE('',#4866,#4868,#2481,.T.);
#5942=EDGE_CURVE('',#4867,#4868,#2482,.T.);
#5943=EDGE_CURVE('',#4867,#4863,#2483,.T.);
#5944=EDGE_CURVE('',#4868,#4865,#2484,.T.);
#5945=EDGE_CURVE('',#4869,#4870,#2485,.T.);
#5946=EDGE_CURVE('',#4869,#4871,#2486,.T.);
#5947=EDGE_CURVE('',#4871,#4872,#2487,.T.);
#5948=EDGE_CURVE('',#4870,#4872,#2488,.T.);
#5949=EDGE_CURVE('',#4873,#4869,#2489,.T.);
#5950=EDGE_CURVE('',#4873,#4874,#2490,.T.);
#5951=EDGE_CURVE('',#4874,#4871,#2491,.T.);
#5952=EDGE_CURVE('',#4875,#4873,#2492,.T.);
#5953=EDGE_CURVE('',#4875,#4876,#2493,.T.);
#5954=EDGE_CURVE('',#4876,#4874,#2494,.T.);
#5955=EDGE_CURVE('',#4877,#4875,#2495,.T.);
#5956=EDGE_CURVE('',#4877,#4878,#2496,.T.);
#5957=EDGE_CURVE('',#4878,#4876,#2497,.T.);
#5958=EDGE_CURVE('',#4879,#4877,#2498,.T.);
#5959=EDGE_CURVE('',#4879,#4880,#2499,.T.);
#5960=EDGE_CURVE('',#4880,#4878,#2500,.T.);
#5961=EDGE_CURVE('',#4881,#4879,#2501,.T.);
#5962=EDGE_CURVE('',#4881,#4882,#2502,.T.);
#5963=EDGE_CURVE('',#4882,#4880,#2503,.T.);
#5964=EDGE_CURVE('',#4883,#4881,#2504,.T.);
#5965=EDGE_CURVE('',#4883,#4884,#2505,.T.);
#5966=EDGE_CURVE('',#4884,#4882,#2506,.T.);
#5967=EDGE_CURVE('',#4885,#4883,#2507,.T.);
#5968=EDGE_CURVE('',#4885,#4886,#2508,.T.);
#5969=EDGE_CURVE('',#4886,#4884,#2509,.T.);
#5970=EDGE_CURVE('',#4887,#4885,#2510,.T.);
#5971=EDGE_CURVE('',#4887,#4888,#2511,.T.);
#5972=EDGE_CURVE('',#4888,#4886,#2512,.T.);
#5973=EDGE_CURVE('',#4889,#4887,#2513,.T.);
#5974=EDGE_CURVE('',#4889,#4890,#2514,.T.);
#5975=EDGE_CURVE('',#4890,#4888,#2515,.T.);
#5976=EDGE_CURVE('',#4870,#4889,#2516,.T.);
#5977=EDGE_CURVE('',#4872,#4890,#2517,.T.);
#5978=EDGE_CURVE('',#4891,#4892,#2518,.T.);
#5979=EDGE_CURVE('',#4891,#4893,#2519,.T.);
#5980=EDGE_CURVE('',#4893,#4894,#2520,.T.);
#5981=EDGE_CURVE('',#4892,#4894,#2521,.T.);
#5982=EDGE_CURVE('',#4892,#4895,#2522,.T.);
#5983=EDGE_CURVE('',#4894,#4896,#2523,.T.);
#5984=EDGE_CURVE('',#4895,#4896,#2524,.T.);
#5985=EDGE_CURVE('',#4895,#4891,#2525,.T.);
#5986=EDGE_CURVE('',#4896,#4893,#2526,.T.);
#5987=EDGE_CURVE('',#4897,#4898,#2527,.T.);
#5988=EDGE_CURVE('',#4897,#4899,#2528,.T.);
#5989=EDGE_CURVE('',#4899,#4900,#2529,.T.);
#5990=EDGE_CURVE('',#4898,#4900,#2530,.T.);
#5991=EDGE_CURVE('',#4901,#4897,#2531,.T.);
#5992=EDGE_CURVE('',#4901,#4902,#2532,.T.);
#5993=EDGE_CURVE('',#4902,#4899,#2533,.T.);
#5994=EDGE_CURVE('',#4903,#4901,#2534,.T.);
#5995=EDGE_CURVE('',#4903,#4904,#2535,.T.);
#5996=EDGE_CURVE('',#4904,#4902,#2536,.T.);
#5997=EDGE_CURVE('',#4905,#4903,#2537,.T.);
#5998=EDGE_CURVE('',#4905,#4906,#2538,.T.);
#5999=EDGE_CURVE('',#4906,#4904,#2539,.T.);
#6000=EDGE_CURVE('',#4907,#4905,#2540,.T.);
#6001=EDGE_CURVE('',#4907,#4908,#2541,.T.);
#6002=EDGE_CURVE('',#4908,#4906,#2542,.T.);
#6003=EDGE_CURVE('',#4909,#4907,#2543,.T.);
#6004=EDGE_CURVE('',#4909,#4910,#2544,.T.);
#6005=EDGE_CURVE('',#4910,#4908,#2545,.T.);
#6006=EDGE_CURVE('',#4911,#4909,#2546,.T.);
#6007=EDGE_CURVE('',#4911,#4912,#2547,.T.);
#6008=EDGE_CURVE('',#4912,#4910,#2548,.T.);
#6009=EDGE_CURVE('',#4898,#4911,#2549,.T.);
#6010=EDGE_CURVE('',#4900,#4912,#2550,.T.);
#6011=EDGE_CURVE('',#4913,#4914,#4557,.T.);
#6012=EDGE_CURVE('',#4913,#4915,#2551,.T.);
#6013=EDGE_CURVE('',#4915,#4916,#4558,.T.);
#6014=EDGE_CURVE('',#4914,#4916,#2552,.T.);
#6015=EDGE_CURVE('',#4914,#4917,#2553,.T.);
#6016=EDGE_CURVE('',#4916,#4918,#2554,.T.);
#6017=EDGE_CURVE('',#4917,#4918,#2555,.T.);
#6018=EDGE_CURVE('',#4917,#4919,#2556,.T.);
#6019=EDGE_CURVE('',#4918,#4920,#2557,.T.);
#6020=EDGE_CURVE('',#4919,#4920,#2558,.T.);
#6021=EDGE_CURVE('',#4919,#4921,#2559,.T.);
#6022=EDGE_CURVE('',#4920,#4922,#2560,.T.);
#6023=EDGE_CURVE('',#4921,#4922,#2561,.T.);
#6024=EDGE_CURVE('',#4921,#4923,#4559,.T.);
#6025=EDGE_CURVE('',#4922,#4924,#4560,.T.);
#6026=EDGE_CURVE('',#4923,#4924,#2562,.T.);
#6027=EDGE_CURVE('',#4923,#4925,#4561,.T.);
#6028=EDGE_CURVE('',#4924,#4926,#4562,.T.);
#6029=EDGE_CURVE('',#4925,#4926,#2563,.T.);
#6030=EDGE_CURVE('',#4925,#4913,#4563,.T.);
#6031=EDGE_CURVE('',#4926,#4915,#4564,.T.);
#6032=EDGE_CURVE('',#4927,#4928,#4565,.T.);
#6033=EDGE_CURVE('',#4927,#4929,#2564,.T.);
#6034=EDGE_CURVE('',#4929,#4930,#4566,.T.);
#6035=EDGE_CURVE('',#4928,#4930,#2565,.T.);
#6036=EDGE_CURVE('',#4931,#4927,#4567,.T.);
#6037=EDGE_CURVE('',#4931,#4932,#2566,.T.);
#6038=EDGE_CURVE('',#4932,#4929,#4568,.T.);
#6039=EDGE_CURVE('',#4933,#4931,#2567,.T.);
#6040=EDGE_CURVE('',#4933,#4934,#2568,.T.);
#6041=EDGE_CURVE('',#4934,#4932,#2569,.T.);
#6042=EDGE_CURVE('',#4935,#4933,#2570,.T.);
#6043=EDGE_CURVE('',#4935,#4936,#2571,.T.);
#6044=EDGE_CURVE('',#4936,#4934,#2572,.T.);
#6045=EDGE_CURVE('',#4937,#4935,#2573,.T.);
#6046=EDGE_CURVE('',#4937,#4938,#2574,.T.);
#6047=EDGE_CURVE('',#4938,#4936,#2575,.T.);
#6048=EDGE_CURVE('',#4939,#4937,#2576,.T.);
#6049=EDGE_CURVE('',#4939,#4940,#2577,.T.);
#6050=EDGE_CURVE('',#4940,#4938,#2578,.T.);
#6051=EDGE_CURVE('',#4941,#4939,#2579,.T.);
#6052=EDGE_CURVE('',#4941,#4942,#2580,.T.);
#6053=EDGE_CURVE('',#4942,#4940,#2581,.T.);
#6054=EDGE_CURVE('',#4943,#4941,#4569,.T.);
#6055=EDGE_CURVE('',#4943,#4944,#2582,.T.);
#6056=EDGE_CURVE('',#4944,#4942,#4570,.T.);
#6057=EDGE_CURVE('',#4928,#4943,#4571,.T.);
#6058=EDGE_CURVE('',#4930,#4944,#4572,.T.);
#6059=EDGE_CURVE('',#4945,#4946,#4573,.T.);
#6060=EDGE_CURVE('',#4945,#4947,#2583,.T.);
#6061=EDGE_CURVE('',#4947,#4948,#4574,.T.);
#6062=EDGE_CURVE('',#4946,#4948,#2584,.T.);
#6063=EDGE_CURVE('',#4949,#4945,#4575,.T.);
#6064=EDGE_CURVE('',#4949,#4950,#2585,.T.);
#6065=EDGE_CURVE('',#4950,#4947,#4576,.T.);
#6066=EDGE_CURVE('',#4951,#4949,#2586,.T.);
#6067=EDGE_CURVE('',#4951,#4952,#2587,.T.);
#6068=EDGE_CURVE('',#4952,#4950,#2588,.T.);
#6069=EDGE_CURVE('',#4953,#4951,#2589,.T.);
#6070=EDGE_CURVE('',#4953,#4954,#2590,.T.);
#6071=EDGE_CURVE('',#4954,#4952,#2591,.T.);
#6072=EDGE_CURVE('',#4955,#4953,#2592,.T.);
#6073=EDGE_CURVE('',#4955,#4956,#2593,.T.);
#6074=EDGE_CURVE('',#4956,#4954,#2594,.T.);
#6075=EDGE_CURVE('',#4957,#4955,#4577,.T.);
#6076=EDGE_CURVE('',#4957,#4958,#2595,.T.);
#6077=EDGE_CURVE('',#4958,#4956,#4578,.T.);
#6078=EDGE_CURVE('',#4959,#4957,#4579,.T.);
#6079=EDGE_CURVE('',#4959,#4960,#2596,.T.);
#6080=EDGE_CURVE('',#4960,#4958,#4580,.T.);
#6081=EDGE_CURVE('',#4961,#4959,#4581,.T.);
#6082=EDGE_CURVE('',#4961,#4962,#2597,.T.);
#6083=EDGE_CURVE('',#4962,#4960,#4582,.T.);
#6084=EDGE_CURVE('',#4963,#4961,#4583,.T.);
#6085=EDGE_CURVE('',#4963,#4964,#2598,.T.);
#6086=EDGE_CURVE('',#4964,#4962,#4584,.T.);
#6087=EDGE_CURVE('',#4965,#4963,#2599,.T.);
#6088=EDGE_CURVE('',#4965,#4966,#2600,.T.);
#6089=EDGE_CURVE('',#4966,#4964,#2601,.T.);
#6090=EDGE_CURVE('',#4967,#4965,#2602,.T.);
#6091=EDGE_CURVE('',#4967,#4968,#2603,.T.);
#6092=EDGE_CURVE('',#4968,#4966,#2604,.T.);
#6093=EDGE_CURVE('',#4969,#4967,#2605,.T.);
#6094=EDGE_CURVE('',#4969,#4970,#2606,.T.);
#6095=EDGE_CURVE('',#4970,#4968,#2607,.T.);
#6096=EDGE_CURVE('',#4971,#4969,#4585,.T.);
#6097=EDGE_CURVE('',#4971,#4972,#2608,.T.);
#6098=EDGE_CURVE('',#4972,#4970,#4586,.T.);
#6099=EDGE_CURVE('',#4946,#4971,#4587,.T.);
#6100=EDGE_CURVE('',#4948,#4972,#4588,.T.);
#6101=EDGE_CURVE('',#4973,#4974,#104,.T.);
#6102=EDGE_CURVE('',#4975,#4974,#2609,.T.);
#6103=EDGE_CURVE('',#4976,#4975,#2610,.T.);
#6104=EDGE_CURVE('',#4977,#4976,#2611,.T.);
#6105=EDGE_CURVE('',#4978,#4977,#2612,.T.);
#6106=EDGE_CURVE('',#4973,#4978,#2613,.T.);
#6107=EDGE_CURVE('',#4979,#4980,#2614,.T.);
#6108=EDGE_CURVE('',#4980,#4979,#105,.T.);
#6109=EDGE_CURVE('',#4974,#4979,#17,.T.);
#6110=EDGE_CURVE('',#4980,#4973,#18,.T.);
#6111=EDGE_CURVE('',#4981,#4978,#2615,.T.);
#6112=EDGE_CURVE('',#4981,#4982,#2616,.T.);
#6113=EDGE_CURVE('',#4975,#4982,#2617,.T.);
#6114=EDGE_CURVE('',#4983,#4984,#2618,.T.);
#6115=EDGE_CURVE('',#4985,#4983,#2619,.T.);
#6116=EDGE_CURVE('',#4986,#4985,#2620,.T.);
#6117=EDGE_CURVE('',#4984,#4986,#2621,.T.);
#6118=EDGE_CURVE('',#4983,#4987,#2622,.T.);
#6119=EDGE_CURVE('',#4987,#4988,#2623,.T.);
#6120=EDGE_CURVE('',#4988,#4985,#2624,.T.);
#6121=EDGE_CURVE('',#4988,#4989,#2625,.T.);
#6122=EDGE_CURVE('',#4990,#4989,#2626,.T.);
#6123=EDGE_CURVE('',#4991,#4990,#106,.T.);
#6124=EDGE_CURVE('',#4992,#4991,#2627,.T.);
#6125=EDGE_CURVE('',#4993,#4992,#107,.T.);
#6126=EDGE_CURVE('',#4994,#4993,#2628,.T.);
#6127=EDGE_CURVE('',#4995,#4994,#2629,.T.);
#6128=EDGE_CURVE('',#4995,#4996,#2630,.T.);
#6129=EDGE_CURVE('',#4997,#4996,#2631,.T.);
#6130=EDGE_CURVE('',#4998,#4997,#2632,.T.);
#6131=EDGE_CURVE('',#4999,#4998,#108,.T.);
#6132=EDGE_CURVE('',#5000,#4999,#2633,.T.);
#6133=EDGE_CURVE('',#5001,#5000,#109,.T.);
#6134=EDGE_CURVE('',#4986,#5001,#2634,.T.);
#6135=EDGE_CURVE('',#5002,#4987,#2635,.T.);
#6136=EDGE_CURVE('',#4989,#5002,#2636,.T.);
#6137=EDGE_CURVE('',#5003,#5004,#110,.T.);
#6138=EDGE_CURVE('',#5005,#5003,#2637,.T.);
#6139=EDGE_CURVE('',#5006,#5005,#111,.T.);
#6140=EDGE_CURVE('',#5004,#5006,#2638,.T.);
#6141=EDGE_CURVE('',#5007,#5006,#2639,.T.);
#6142=EDGE_CURVE('',#5008,#5007,#2640,.T.);
#6143=EDGE_CURVE('',#5008,#5004,#2641,.T.);
#6144=EDGE_CURVE('',#5009,#4995,#112,.T.);
#6145=EDGE_CURVE('',#5010,#5009,#2642,.T.);
#6146=EDGE_CURVE('',#4996,#5010,#113,.T.);
#6147=EDGE_CURVE('',#4994,#5003,#2643,.T.);
#6148=EDGE_CURVE('',#5011,#5008,#2644,.T.);
#6149=EDGE_CURVE('',#5009,#5011,#2645,.T.);
#6150=EDGE_CURVE('',#5012,#5011,#2646,.T.);
#6151=EDGE_CURVE('',#5010,#5012,#2647,.T.);
#6152=EDGE_CURVE('',#4992,#5013,#2648,.T.);
#6153=EDGE_CURVE('',#5013,#5014,#114,.T.);
#6154=EDGE_CURVE('',#4993,#5014,#2649,.T.);
#6155=EDGE_CURVE('',#4991,#5015,#2650,.T.);
#6156=EDGE_CURVE('',#5015,#5013,#2651,.T.);
#6157=EDGE_CURVE('',#4990,#5016,#2652,.T.);
#6158=EDGE_CURVE('',#5016,#5015,#115,.T.);
#6159=EDGE_CURVE('',#5002,#5016,#2653,.T.);
#6160=EDGE_CURVE('',#5001,#5017,#2654,.T.);
#6161=EDGE_CURVE('',#5017,#4984,#2655,.T.);
#6162=EDGE_CURVE('',#5000,#5018,#2656,.T.);
#6163=EDGE_CURVE('',#5018,#5017,#116,.T.);
#6164=EDGE_CURVE('',#4999,#5019,#2657,.T.);
#6165=EDGE_CURVE('',#5019,#5018,#2658,.T.);
#6166=EDGE_CURVE('',#4998,#5020,#2659,.T.);
#6167=EDGE_CURVE('',#5020,#5019,#117,.T.);
#6168=EDGE_CURVE('',#4997,#5005,#2660,.T.);
#6169=EDGE_CURVE('',#5005,#5020,#2661,.T.);
#6170=EDGE_CURVE('',#5007,#5012,#2662,.T.);
#6171=EDGE_CURVE('',#5014,#5003,#2663,.T.);
#6172=EDGE_CURVE('',#5021,#5022,#2664,.T.);
#6173=EDGE_CURVE('',#5023,#5021,#2665,.T.);
#6174=EDGE_CURVE('',#5024,#5023,#2666,.T.);
#6175=EDGE_CURVE('',#5022,#5024,#2667,.T.);
#6176=EDGE_CURVE('',#5021,#5025,#2668,.T.);
#6177=EDGE_CURVE('',#5025,#5026,#2669,.T.);
#6178=EDGE_CURVE('',#5026,#5023,#2670,.T.);
#6179=EDGE_CURVE('',#5026,#5027,#2671,.T.);
#6180=EDGE_CURVE('',#5028,#5027,#2672,.T.);
#6181=EDGE_CURVE('',#5029,#5028,#118,.T.);
#6182=EDGE_CURVE('',#5030,#5029,#2673,.T.);
#6183=EDGE_CURVE('',#5031,#5030,#119,.T.);
#6184=EDGE_CURVE('',#5032,#5031,#2674,.T.);
#6185=EDGE_CURVE('',#5033,#5032,#2675,.T.);
#6186=EDGE_CURVE('',#5033,#5034,#2676,.T.);
#6187=EDGE_CURVE('',#5035,#5034,#2677,.T.);
#6188=EDGE_CURVE('',#5036,#5035,#2678,.T.);
#6189=EDGE_CURVE('',#5037,#5036,#120,.T.);
#6190=EDGE_CURVE('',#5038,#5037,#2679,.T.);
#6191=EDGE_CURVE('',#5039,#5038,#121,.T.);
#6192=EDGE_CURVE('',#5024,#5039,#2680,.T.);
#6193=EDGE_CURVE('',#5040,#5025,#2681,.T.);
#6194=EDGE_CURVE('',#5027,#5040,#2682,.T.);
#6195=EDGE_CURVE('',#5041,#5042,#122,.T.);
#6196=EDGE_CURVE('',#5043,#5041,#2683,.T.);
#6197=EDGE_CURVE('',#5044,#5043,#123,.T.);
#6198=EDGE_CURVE('',#5042,#5044,#2684,.T.);
#6199=EDGE_CURVE('',#5045,#5044,#2685,.T.);
#6200=EDGE_CURVE('',#5046,#5045,#2686,.T.);
#6201=EDGE_CURVE('',#5046,#5042,#2687,.T.);
#6202=EDGE_CURVE('',#5047,#5033,#124,.T.);
#6203=EDGE_CURVE('',#5048,#5047,#2688,.T.);
#6204=EDGE_CURVE('',#5034,#5048,#125,.T.);
#6205=EDGE_CURVE('',#5032,#5041,#2689,.T.);
#6206=EDGE_CURVE('',#5049,#5046,#2690,.T.);
#6207=EDGE_CURVE('',#5047,#5049,#2691,.T.);
#6208=EDGE_CURVE('',#5050,#5049,#2692,.T.);
#6209=EDGE_CURVE('',#5048,#5050,#2693,.T.);
#6210=EDGE_CURVE('',#5030,#5051,#2694,.T.);
#6211=EDGE_CURVE('',#5051,#5052,#126,.T.);
#6212=EDGE_CURVE('',#5031,#5052,#2695,.T.);
#6213=EDGE_CURVE('',#5029,#5053,#2696,.T.);
#6214=EDGE_CURVE('',#5053,#5051,#2697,.T.);
#6215=EDGE_CURVE('',#5028,#5054,#2698,.T.);
#6216=EDGE_CURVE('',#5054,#5053,#127,.T.);
#6217=EDGE_CURVE('',#5040,#5054,#2699,.T.);
#6218=EDGE_CURVE('',#5039,#5055,#2700,.T.);
#6219=EDGE_CURVE('',#5055,#5022,#2701,.T.);
#6220=EDGE_CURVE('',#5038,#5056,#2702,.T.);
#6221=EDGE_CURVE('',#5056,#5055,#128,.T.);
#6222=EDGE_CURVE('',#5037,#5057,#2703,.T.);
#6223=EDGE_CURVE('',#5057,#5056,#2704,.T.);
#6224=EDGE_CURVE('',#5036,#5058,#2705,.T.);
#6225=EDGE_CURVE('',#5058,#5057,#129,.T.);
#6226=EDGE_CURVE('',#5035,#5043,#2706,.T.);
#6227=EDGE_CURVE('',#5043,#5058,#2707,.T.);
#6228=EDGE_CURVE('',#5045,#5050,#2708,.T.);
#6229=EDGE_CURVE('',#5052,#5041,#2709,.T.);
#6230=EDGE_CURVE('',#5059,#5060,#2710,.T.);
#6231=EDGE_CURVE('',#5061,#5059,#2711,.T.);
#6232=EDGE_CURVE('',#5062,#5061,#2712,.T.);
#6233=EDGE_CURVE('',#5060,#5062,#2713,.T.);
#6234=EDGE_CURVE('',#5059,#5063,#2714,.T.);
#6235=EDGE_CURVE('',#5063,#5064,#2715,.T.);
#6236=EDGE_CURVE('',#5064,#5061,#2716,.T.);
#6237=EDGE_CURVE('',#5064,#5065,#2717,.T.);
#6238=EDGE_CURVE('',#5066,#5065,#2718,.T.);
#6239=EDGE_CURVE('',#5067,#5066,#130,.T.);
#6240=EDGE_CURVE('',#5068,#5067,#2719,.T.);
#6241=EDGE_CURVE('',#5069,#5068,#131,.T.);
#6242=EDGE_CURVE('',#5070,#5069,#2720,.T.);
#6243=EDGE_CURVE('',#5071,#5070,#2721,.T.);
#6244=EDGE_CURVE('',#5071,#5072,#2722,.T.);
#6245=EDGE_CURVE('',#5073,#5072,#2723,.T.);
#6246=EDGE_CURVE('',#5074,#5073,#2724,.T.);
#6247=EDGE_CURVE('',#5075,#5074,#132,.T.);
#6248=EDGE_CURVE('',#5076,#5075,#2725,.T.);
#6249=EDGE_CURVE('',#5077,#5076,#133,.T.);
#6250=EDGE_CURVE('',#5062,#5077,#2726,.T.);
#6251=EDGE_CURVE('',#5078,#5063,#2727,.T.);
#6252=EDGE_CURVE('',#5065,#5078,#2728,.T.);
#6253=EDGE_CURVE('',#5079,#5080,#134,.T.);
#6254=EDGE_CURVE('',#5081,#5079,#2729,.T.);
#6255=EDGE_CURVE('',#5082,#5081,#135,.T.);
#6256=EDGE_CURVE('',#5080,#5082,#2730,.T.);
#6257=EDGE_CURVE('',#5083,#5082,#2731,.T.);
#6258=EDGE_CURVE('',#5084,#5083,#2732,.T.);
#6259=EDGE_CURVE('',#5084,#5080,#2733,.T.);
#6260=EDGE_CURVE('',#5085,#5071,#136,.T.);
#6261=EDGE_CURVE('',#5086,#5085,#2734,.T.);
#6262=EDGE_CURVE('',#5072,#5086,#137,.T.);
#6263=EDGE_CURVE('',#5070,#5079,#2735,.T.);
#6264=EDGE_CURVE('',#5087,#5084,#2736,.T.);
#6265=EDGE_CURVE('',#5085,#5087,#2737,.T.);
#6266=EDGE_CURVE('',#5088,#5087,#2738,.T.);
#6267=EDGE_CURVE('',#5086,#5088,#2739,.T.);
#6268=EDGE_CURVE('',#5068,#5089,#2740,.T.);
#6269=EDGE_CURVE('',#5089,#5090,#138,.T.);
#6270=EDGE_CURVE('',#5069,#5090,#2741,.T.);
#6271=EDGE_CURVE('',#5067,#5091,#2742,.T.);
#6272=EDGE_CURVE('',#5091,#5089,#2743,.T.);
#6273=EDGE_CURVE('',#5066,#5092,#2744,.T.);
#6274=EDGE_CURVE('',#5092,#5091,#139,.T.);
#6275=EDGE_CURVE('',#5078,#5092,#2745,.T.);
#6276=EDGE_CURVE('',#5077,#5093,#2746,.T.);
#6277=EDGE_CURVE('',#5093,#5060,#2747,.T.);
#6278=EDGE_CURVE('',#5076,#5094,#2748,.T.);
#6279=EDGE_CURVE('',#5094,#5093,#140,.T.);
#6280=EDGE_CURVE('',#5075,#5095,#2749,.T.);
#6281=EDGE_CURVE('',#5095,#5094,#2750,.T.);
#6282=EDGE_CURVE('',#5074,#5096,#2751,.T.);
#6283=EDGE_CURVE('',#5096,#5095,#141,.T.);
#6284=EDGE_CURVE('',#5073,#5081,#2752,.T.);
#6285=EDGE_CURVE('',#5081,#5096,#2753,.T.);
#6286=EDGE_CURVE('',#5083,#5088,#2754,.T.);
#6287=EDGE_CURVE('',#5090,#5079,#2755,.T.);
#6288=EDGE_CURVE('',#5097,#5098,#2756,.T.);
#6289=EDGE_CURVE('',#5099,#5097,#2757,.T.);
#6290=EDGE_CURVE('',#5100,#5099,#2758,.T.);
#6291=EDGE_CURVE('',#5098,#5100,#2759,.T.);
#6292=EDGE_CURVE('',#5097,#5101,#2760,.T.);
#6293=EDGE_CURVE('',#5101,#5102,#2761,.T.);
#6294=EDGE_CURVE('',#5102,#5099,#2762,.T.);
#6295=EDGE_CURVE('',#5102,#5103,#2763,.T.);
#6296=EDGE_CURVE('',#5104,#5103,#2764,.T.);
#6297=EDGE_CURVE('',#5105,#5104,#142,.T.);
#6298=EDGE_CURVE('',#5106,#5105,#2765,.T.);
#6299=EDGE_CURVE('',#5107,#5106,#143,.T.);
#6300=EDGE_CURVE('',#5108,#5107,#2766,.T.);
#6301=EDGE_CURVE('',#5109,#5108,#2767,.T.);
#6302=EDGE_CURVE('',#5109,#5110,#2768,.T.);
#6303=EDGE_CURVE('',#5111,#5110,#2769,.T.);
#6304=EDGE_CURVE('',#5112,#5111,#2770,.T.);
#6305=EDGE_CURVE('',#5113,#5112,#144,.T.);
#6306=EDGE_CURVE('',#5114,#5113,#2771,.T.);
#6307=EDGE_CURVE('',#5115,#5114,#145,.T.);
#6308=EDGE_CURVE('',#5100,#5115,#2772,.T.);
#6309=EDGE_CURVE('',#5116,#5101,#2773,.T.);
#6310=EDGE_CURVE('',#5103,#5116,#2774,.T.);
#6311=EDGE_CURVE('',#5117,#5118,#146,.T.);
#6312=EDGE_CURVE('',#5119,#5117,#2775,.T.);
#6313=EDGE_CURVE('',#5120,#5119,#147,.T.);
#6314=EDGE_CURVE('',#5118,#5120,#2776,.T.);
#6315=EDGE_CURVE('',#5121,#5120,#2777,.T.);
#6316=EDGE_CURVE('',#5122,#5121,#2778,.T.);
#6317=EDGE_CURVE('',#5122,#5118,#2779,.T.);
#6318=EDGE_CURVE('',#5123,#5109,#148,.T.);
#6319=EDGE_CURVE('',#5124,#5123,#2780,.T.);
#6320=EDGE_CURVE('',#5110,#5124,#149,.T.);
#6321=EDGE_CURVE('',#5108,#5117,#2781,.T.);
#6322=EDGE_CURVE('',#5125,#5122,#2782,.T.);
#6323=EDGE_CURVE('',#5123,#5125,#2783,.T.);
#6324=EDGE_CURVE('',#5126,#5125,#2784,.T.);
#6325=EDGE_CURVE('',#5124,#5126,#2785,.T.);
#6326=EDGE_CURVE('',#5106,#5127,#2786,.T.);
#6327=EDGE_CURVE('',#5127,#5128,#150,.T.);
#6328=EDGE_CURVE('',#5107,#5128,#2787,.T.);
#6329=EDGE_CURVE('',#5105,#5129,#2788,.T.);
#6330=EDGE_CURVE('',#5129,#5127,#2789,.T.);
#6331=EDGE_CURVE('',#5104,#5130,#2790,.T.);
#6332=EDGE_CURVE('',#5130,#5129,#151,.T.);
#6333=EDGE_CURVE('',#5116,#5130,#2791,.T.);
#6334=EDGE_CURVE('',#5115,#5131,#2792,.T.);
#6335=EDGE_CURVE('',#5131,#5098,#2793,.T.);
#6336=EDGE_CURVE('',#5114,#5132,#2794,.T.);
#6337=EDGE_CURVE('',#5132,#5131,#152,.T.);
#6338=EDGE_CURVE('',#5113,#5133,#2795,.T.);
#6339=EDGE_CURVE('',#5133,#5132,#2796,.T.);
#6340=EDGE_CURVE('',#5112,#5134,#2797,.T.);
#6341=EDGE_CURVE('',#5134,#5133,#153,.T.);
#6342=EDGE_CURVE('',#5111,#5119,#2798,.T.);
#6343=EDGE_CURVE('',#5119,#5134,#2799,.T.);
#6344=EDGE_CURVE('',#5121,#5126,#2800,.T.);
#6345=EDGE_CURVE('',#5128,#5117,#2801,.T.);
#6346=EDGE_CURVE('',#5135,#5136,#2802,.T.);
#6347=EDGE_CURVE('',#5137,#5135,#2803,.T.);
#6348=EDGE_CURVE('',#5138,#5137,#2804,.T.);
#6349=EDGE_CURVE('',#5136,#5138,#2805,.T.);
#6350=EDGE_CURVE('',#5135,#5139,#2806,.T.);
#6351=EDGE_CURVE('',#5139,#5140,#2807,.T.);
#6352=EDGE_CURVE('',#5140,#5137,#2808,.T.);
#6353=EDGE_CURVE('',#5140,#5141,#2809,.T.);
#6354=EDGE_CURVE('',#5142,#5141,#2810,.T.);
#6355=EDGE_CURVE('',#5143,#5142,#154,.T.);
#6356=EDGE_CURVE('',#5144,#5143,#2811,.T.);
#6357=EDGE_CURVE('',#5145,#5144,#155,.T.);
#6358=EDGE_CURVE('',#5146,#5145,#2812,.T.);
#6359=EDGE_CURVE('',#5147,#5146,#2813,.T.);
#6360=EDGE_CURVE('',#5147,#5148,#2814,.T.);
#6361=EDGE_CURVE('',#5149,#5148,#2815,.T.);
#6362=EDGE_CURVE('',#5150,#5149,#2816,.T.);
#6363=EDGE_CURVE('',#5151,#5150,#156,.T.);
#6364=EDGE_CURVE('',#5152,#5151,#2817,.T.);
#6365=EDGE_CURVE('',#5153,#5152,#157,.T.);
#6366=EDGE_CURVE('',#5138,#5153,#2818,.T.);
#6367=EDGE_CURVE('',#5154,#5139,#2819,.T.);
#6368=EDGE_CURVE('',#5141,#5154,#2820,.T.);
#6369=EDGE_CURVE('',#5155,#5156,#158,.T.);
#6370=EDGE_CURVE('',#5157,#5155,#2821,.T.);
#6371=EDGE_CURVE('',#5158,#5157,#159,.T.);
#6372=EDGE_CURVE('',#5156,#5158,#2822,.T.);
#6373=EDGE_CURVE('',#5159,#5158,#2823,.T.);
#6374=EDGE_CURVE('',#5160,#5159,#2824,.T.);
#6375=EDGE_CURVE('',#5160,#5156,#2825,.T.);
#6376=EDGE_CURVE('',#5161,#5147,#160,.T.);
#6377=EDGE_CURVE('',#5162,#5161,#2826,.T.);
#6378=EDGE_CURVE('',#5148,#5162,#161,.T.);
#6379=EDGE_CURVE('',#5146,#5155,#2827,.T.);
#6380=EDGE_CURVE('',#5163,#5160,#2828,.T.);
#6381=EDGE_CURVE('',#5161,#5163,#2829,.T.);
#6382=EDGE_CURVE('',#5164,#5163,#2830,.T.);
#6383=EDGE_CURVE('',#5162,#5164,#2831,.T.);
#6384=EDGE_CURVE('',#5144,#5165,#2832,.T.);
#6385=EDGE_CURVE('',#5165,#5166,#162,.T.);
#6386=EDGE_CURVE('',#5145,#5166,#2833,.T.);
#6387=EDGE_CURVE('',#5143,#5167,#2834,.T.);
#6388=EDGE_CURVE('',#5167,#5165,#2835,.T.);
#6389=EDGE_CURVE('',#5142,#5168,#2836,.T.);
#6390=EDGE_CURVE('',#5168,#5167,#163,.T.);
#6391=EDGE_CURVE('',#5154,#5168,#2837,.T.);
#6392=EDGE_CURVE('',#5153,#5169,#2838,.T.);
#6393=EDGE_CURVE('',#5169,#5136,#2839,.T.);
#6394=EDGE_CURVE('',#5152,#5170,#2840,.T.);
#6395=EDGE_CURVE('',#5170,#5169,#164,.T.);
#6396=EDGE_CURVE('',#5151,#5171,#2841,.T.);
#6397=EDGE_CURVE('',#5171,#5170,#2842,.T.);
#6398=EDGE_CURVE('',#5150,#5172,#2843,.T.);
#6399=EDGE_CURVE('',#5172,#5171,#165,.T.);
#6400=EDGE_CURVE('',#5149,#5157,#2844,.T.);
#6401=EDGE_CURVE('',#5157,#5172,#2845,.T.);
#6402=EDGE_CURVE('',#5159,#5164,#2846,.T.);
#6403=EDGE_CURVE('',#5166,#5155,#2847,.T.);
#6404=EDGE_CURVE('',#5173,#5174,#2848,.T.);
#6405=EDGE_CURVE('',#5175,#5173,#2849,.T.);
#6406=EDGE_CURVE('',#5176,#5175,#2850,.T.);
#6407=EDGE_CURVE('',#5174,#5176,#2851,.T.);
#6408=EDGE_CURVE('',#5173,#5177,#2852,.T.);
#6409=EDGE_CURVE('',#5177,#5178,#2853,.T.);
#6410=EDGE_CURVE('',#5178,#5175,#2854,.T.);
#6411=EDGE_CURVE('',#5178,#5179,#2855,.T.);
#6412=EDGE_CURVE('',#5180,#5179,#2856,.T.);
#6413=EDGE_CURVE('',#5181,#5180,#166,.T.);
#6414=EDGE_CURVE('',#5182,#5181,#2857,.T.);
#6415=EDGE_CURVE('',#5183,#5182,#167,.T.);
#6416=EDGE_CURVE('',#5184,#5183,#2858,.T.);
#6417=EDGE_CURVE('',#5185,#5184,#2859,.T.);
#6418=EDGE_CURVE('',#5185,#5186,#2860,.T.);
#6419=EDGE_CURVE('',#5187,#5186,#2861,.T.);
#6420=EDGE_CURVE('',#5188,#5187,#2862,.T.);
#6421=EDGE_CURVE('',#5189,#5188,#168,.T.);
#6422=EDGE_CURVE('',#5190,#5189,#2863,.T.);
#6423=EDGE_CURVE('',#5191,#5190,#169,.T.);
#6424=EDGE_CURVE('',#5176,#5191,#2864,.T.);
#6425=EDGE_CURVE('',#5192,#5177,#2865,.T.);
#6426=EDGE_CURVE('',#5179,#5192,#2866,.T.);
#6427=EDGE_CURVE('',#5193,#5194,#170,.T.);
#6428=EDGE_CURVE('',#5195,#5193,#2867,.T.);
#6429=EDGE_CURVE('',#5196,#5195,#171,.T.);
#6430=EDGE_CURVE('',#5194,#5196,#2868,.T.);
#6431=EDGE_CURVE('',#5197,#5196,#2869,.T.);
#6432=EDGE_CURVE('',#5198,#5197,#2870,.T.);
#6433=EDGE_CURVE('',#5198,#5194,#2871,.T.);
#6434=EDGE_CURVE('',#5199,#5185,#172,.T.);
#6435=EDGE_CURVE('',#5200,#5199,#2872,.T.);
#6436=EDGE_CURVE('',#5186,#5200,#173,.T.);
#6437=EDGE_CURVE('',#5184,#5193,#2873,.T.);
#6438=EDGE_CURVE('',#5201,#5198,#2874,.T.);
#6439=EDGE_CURVE('',#5199,#5201,#2875,.T.);
#6440=EDGE_CURVE('',#5202,#5201,#2876,.T.);
#6441=EDGE_CURVE('',#5200,#5202,#2877,.T.);
#6442=EDGE_CURVE('',#5182,#5203,#2878,.T.);
#6443=EDGE_CURVE('',#5203,#5204,#174,.T.);
#6444=EDGE_CURVE('',#5183,#5204,#2879,.T.);
#6445=EDGE_CURVE('',#5181,#5205,#2880,.T.);
#6446=EDGE_CURVE('',#5205,#5203,#2881,.T.);
#6447=EDGE_CURVE('',#5180,#5206,#2882,.T.);
#6448=EDGE_CURVE('',#5206,#5205,#175,.T.);
#6449=EDGE_CURVE('',#5192,#5206,#2883,.T.);
#6450=EDGE_CURVE('',#5191,#5207,#2884,.T.);
#6451=EDGE_CURVE('',#5207,#5174,#2885,.T.);
#6452=EDGE_CURVE('',#5190,#5208,#2886,.T.);
#6453=EDGE_CURVE('',#5208,#5207,#176,.T.);
#6454=EDGE_CURVE('',#5189,#5209,#2887,.T.);
#6455=EDGE_CURVE('',#5209,#5208,#2888,.T.);
#6456=EDGE_CURVE('',#5188,#5210,#2889,.T.);
#6457=EDGE_CURVE('',#5210,#5209,#177,.T.);
#6458=EDGE_CURVE('',#5187,#5195,#2890,.T.);
#6459=EDGE_CURVE('',#5195,#5210,#2891,.T.);
#6460=EDGE_CURVE('',#5197,#5202,#2892,.T.);
#6461=EDGE_CURVE('',#5204,#5193,#2893,.T.);
#6462=EDGE_CURVE('',#5211,#5198,#2894,.T.);
#6463=EDGE_CURVE('',#5211,#5212,#2895,.T.);
#6464=EDGE_CURVE('',#5201,#5212,#2896,.T.);
#6465=EDGE_CURVE('',#5197,#5160,#2897,.T.);
#6466=EDGE_CURVE('',#5163,#5202,#2898,.T.);
#6467=EDGE_CURVE('',#5159,#5122,#2899,.T.);
#6468=EDGE_CURVE('',#5125,#5164,#2900,.T.);
#6469=EDGE_CURVE('',#5121,#5084,#2901,.T.);
#6470=EDGE_CURVE('',#5087,#5126,#2902,.T.);
#6471=EDGE_CURVE('',#5083,#5046,#2903,.T.);
#6472=EDGE_CURVE('',#5049,#5088,#2904,.T.);
#6473=EDGE_CURVE('',#5213,#5012,#2905,.T.);
#6474=EDGE_CURVE('',#5214,#5213,#2906,.T.);
#6475=EDGE_CURVE('',#5007,#5214,#2907,.T.);
#6476=EDGE_CURVE('',#5045,#5008,#2908,.T.);
#6477=EDGE_CURVE('',#5011,#5050,#2909,.T.);
#6478=EDGE_CURVE('',#5215,#5216,#2910,.T.);
#6479=EDGE_CURVE('',#5217,#5215,#2911,.T.);
#6480=EDGE_CURVE('',#5218,#5217,#2912,.T.);
#6481=EDGE_CURVE('',#5216,#5218,#2913,.T.);
#6482=EDGE_CURVE('',#5215,#5219,#2914,.T.);
#6483=EDGE_CURVE('',#5219,#5220,#2915,.T.);
#6484=EDGE_CURVE('',#5220,#5217,#2916,.T.);
#6485=EDGE_CURVE('',#5220,#5221,#2917,.T.);
#6486=EDGE_CURVE('',#5222,#5221,#2918,.T.);
#6487=EDGE_CURVE('',#5223,#5222,#178,.T.);
#6488=EDGE_CURVE('',#5224,#5223,#2919,.T.);
#6489=EDGE_CURVE('',#5225,#5224,#179,.T.);
#6490=EDGE_CURVE('',#5226,#5225,#2920,.T.);
#6491=EDGE_CURVE('',#5227,#5226,#2921,.T.);
#6492=EDGE_CURVE('',#5227,#5228,#2922,.T.);
#6493=EDGE_CURVE('',#5229,#5228,#2923,.T.);
#6494=EDGE_CURVE('',#5230,#5229,#2924,.T.);
#6495=EDGE_CURVE('',#5231,#5230,#180,.T.);
#6496=EDGE_CURVE('',#5232,#5231,#2925,.T.);
#6497=EDGE_CURVE('',#5233,#5232,#181,.T.);
#6498=EDGE_CURVE('',#5218,#5233,#2926,.T.);
#6499=EDGE_CURVE('',#5234,#5219,#2927,.T.);
#6500=EDGE_CURVE('',#5221,#5234,#2928,.T.);
#6501=EDGE_CURVE('',#5235,#5236,#182,.T.);
#6502=EDGE_CURVE('',#5237,#5235,#2929,.T.);
#6503=EDGE_CURVE('',#5238,#5237,#183,.T.);
#6504=EDGE_CURVE('',#5236,#5238,#2930,.T.);
#6505=EDGE_CURVE('',#5211,#5238,#2931,.T.);
#6506=EDGE_CURVE('',#5239,#5211,#2932,.T.);
#6507=EDGE_CURVE('',#5239,#5236,#2933,.T.);
#6508=EDGE_CURVE('',#5240,#5227,#184,.T.);
#6509=EDGE_CURVE('',#5241,#5240,#2934,.T.);
#6510=EDGE_CURVE('',#5228,#5241,#185,.T.);
#6511=EDGE_CURVE('',#5226,#5235,#2935,.T.);
#6512=EDGE_CURVE('',#5242,#5239,#2936,.T.);
#6513=EDGE_CURVE('',#5240,#5242,#2937,.T.);
#6514=EDGE_CURVE('',#5212,#5242,#2938,.T.);
#6515=EDGE_CURVE('',#5241,#5212,#2939,.T.);
#6516=EDGE_CURVE('',#5224,#5243,#2940,.T.);
#6517=EDGE_CURVE('',#5243,#5244,#186,.T.);
#6518=EDGE_CURVE('',#5225,#5244,#2941,.T.);
#6519=EDGE_CURVE('',#5223,#5245,#2942,.T.);
#6520=EDGE_CURVE('',#5245,#5243,#2943,.T.);
#6521=EDGE_CURVE('',#5222,#5246,#2944,.T.);
#6522=EDGE_CURVE('',#5246,#5245,#187,.T.);
#6523=EDGE_CURVE('',#5234,#5246,#2945,.T.);
#6524=EDGE_CURVE('',#5233,#5247,#2946,.T.);
#6525=EDGE_CURVE('',#5247,#5216,#2947,.T.);
#6526=EDGE_CURVE('',#5232,#5248,#2948,.T.);
#6527=EDGE_CURVE('',#5248,#5247,#188,.T.);
#6528=EDGE_CURVE('',#5231,#5249,#2949,.T.);
#6529=EDGE_CURVE('',#5249,#5248,#2950,.T.);
#6530=EDGE_CURVE('',#5230,#5250,#2951,.T.);
#6531=EDGE_CURVE('',#5250,#5249,#189,.T.);
#6532=EDGE_CURVE('',#5229,#5237,#2952,.T.);
#6533=EDGE_CURVE('',#5237,#5250,#2953,.T.);
#6534=EDGE_CURVE('',#5244,#5235,#2954,.T.);
#6535=EDGE_CURVE('',#5251,#5239,#2955,.T.);
#6536=EDGE_CURVE('',#5251,#4981,#2956,.T.);
#6537=EDGE_CURVE('',#5242,#4981,#2957,.T.);
#6538=EDGE_CURVE('',#5252,#5253,#2958,.T.);
#6539=EDGE_CURVE('',#5253,#5254,#2959,.T.);
#6540=EDGE_CURVE('',#5254,#5255,#2960,.T.);
#6541=EDGE_CURVE('',#5255,#5252,#2961,.T.);
#6542=EDGE_CURVE('',#5256,#5255,#2962,.T.);
#6543=EDGE_CURVE('',#5257,#5256,#2963,.T.);
#6544=EDGE_CURVE('',#5252,#5257,#2964,.T.);
#6545=EDGE_CURVE('',#5254,#5258,#2965,.T.);
#6546=EDGE_CURVE('',#5258,#5259,#190,.T.);
#6547=EDGE_CURVE('',#5259,#5260,#2966,.T.);
#6548=EDGE_CURVE('',#5260,#5261,#191,.T.);
#6549=EDGE_CURVE('',#5261,#5262,#2967,.T.);
#6550=EDGE_CURVE('',#5262,#5263,#2968,.T.);
#6551=EDGE_CURVE('',#5264,#5263,#2969,.T.);
#6552=EDGE_CURVE('',#5264,#5265,#2970,.T.);
#6553=EDGE_CURVE('',#5265,#5266,#2971,.T.);
#6554=EDGE_CURVE('',#5266,#5267,#192,.T.);
#6555=EDGE_CURVE('',#5267,#5268,#2972,.T.);
#6556=EDGE_CURVE('',#5268,#5269,#193,.T.);
#6557=EDGE_CURVE('',#5269,#5270,#2973,.T.);
#6558=EDGE_CURVE('',#5256,#5270,#2974,.T.);
#6559=EDGE_CURVE('',#5271,#5257,#2975,.T.);
#6560=EDGE_CURVE('',#5270,#5271,#2976,.T.);
#6561=EDGE_CURVE('',#5272,#5273,#194,.T.);
#6562=EDGE_CURVE('',#5273,#5274,#2977,.T.);
#6563=EDGE_CURVE('',#5274,#5275,#195,.T.);
#6564=EDGE_CURVE('',#5275,#5272,#2978,.T.);
#6565=EDGE_CURVE('',#5276,#5273,#2979,.T.);
#6566=EDGE_CURVE('',#5277,#5276,#2980,.T.);
#6567=EDGE_CURVE('',#5277,#5274,#2981,.T.);
#6568=EDGE_CURVE('',#5278,#5264,#196,.T.);
#6569=EDGE_CURVE('',#5263,#5279,#197,.T.);
#6570=EDGE_CURVE('',#5279,#5278,#2982,.T.);
#6571=EDGE_CURVE('',#5278,#5280,#2983,.T.);
#6572=EDGE_CURVE('',#5276,#5280,#2984,.T.);
#6573=EDGE_CURVE('',#5265,#5272,#2985,.T.);
#6574=EDGE_CURVE('',#5279,#5281,#2986,.T.);
#6575=EDGE_CURVE('',#5280,#5281,#2987,.T.);
#6576=EDGE_CURVE('',#5266,#5282,#2988,.T.);
#6577=EDGE_CURVE('',#5283,#5282,#198,.T.);
#6578=EDGE_CURVE('',#5267,#5283,#2989,.T.);
#6579=EDGE_CURVE('',#5284,#5283,#2990,.T.);
#6580=EDGE_CURVE('',#5268,#5284,#2991,.T.);
#6581=EDGE_CURVE('',#5285,#5284,#199,.T.);
#6582=EDGE_CURVE('',#5269,#5285,#2992,.T.);
#6583=EDGE_CURVE('',#5271,#5285,#2993,.T.);
#6584=EDGE_CURVE('',#5286,#5253,#2994,.T.);
#6585=EDGE_CURVE('',#5258,#5286,#2995,.T.);
#6586=EDGE_CURVE('',#5287,#5286,#200,.T.);
#6587=EDGE_CURVE('',#5259,#5287,#2996,.T.);
#6588=EDGE_CURVE('',#5288,#5287,#2997,.T.);
#6589=EDGE_CURVE('',#5260,#5288,#2998,.T.);
#6590=EDGE_CURVE('',#5289,#5288,#201,.T.);
#6591=EDGE_CURVE('',#5261,#5289,#2999,.T.);
#6592=EDGE_CURVE('',#5275,#5289,#3000,.T.);
#6593=EDGE_CURVE('',#5262,#5275,#3001,.T.);
#6594=EDGE_CURVE('',#5281,#5277,#3002,.T.);
#6595=EDGE_CURVE('',#5282,#5272,#3003,.T.);
#6596=EDGE_CURVE('',#5290,#5291,#3004,.T.);
#6597=EDGE_CURVE('',#5291,#5292,#3005,.T.);
#6598=EDGE_CURVE('',#5292,#5293,#3006,.T.);
#6599=EDGE_CURVE('',#5293,#5290,#3007,.T.);
#6600=EDGE_CURVE('',#5294,#5293,#3008,.T.);
#6601=EDGE_CURVE('',#5295,#5294,#3009,.T.);
#6602=EDGE_CURVE('',#5290,#5295,#3010,.T.);
#6603=EDGE_CURVE('',#5292,#5296,#3011,.T.);
#6604=EDGE_CURVE('',#5296,#5297,#202,.T.);
#6605=EDGE_CURVE('',#5297,#5298,#3012,.T.);
#6606=EDGE_CURVE('',#5298,#5299,#203,.T.);
#6607=EDGE_CURVE('',#5299,#5300,#3013,.T.);
#6608=EDGE_CURVE('',#5300,#5301,#3014,.T.);
#6609=EDGE_CURVE('',#5302,#5301,#3015,.T.);
#6610=EDGE_CURVE('',#5302,#5303,#3016,.T.);
#6611=EDGE_CURVE('',#5303,#5304,#3017,.T.);
#6612=EDGE_CURVE('',#5304,#5305,#204,.T.);
#6613=EDGE_CURVE('',#5305,#5306,#3018,.T.);
#6614=EDGE_CURVE('',#5306,#5307,#205,.T.);
#6615=EDGE_CURVE('',#5307,#5308,#3019,.T.);
#6616=EDGE_CURVE('',#5294,#5308,#3020,.T.);
#6617=EDGE_CURVE('',#5309,#5295,#3021,.T.);
#6618=EDGE_CURVE('',#5308,#5309,#3022,.T.);
#6619=EDGE_CURVE('',#5310,#5311,#206,.T.);
#6620=EDGE_CURVE('',#5311,#5312,#3023,.T.);
#6621=EDGE_CURVE('',#5312,#5313,#207,.T.);
#6622=EDGE_CURVE('',#5313,#5310,#3024,.T.);
#6623=EDGE_CURVE('',#5314,#5311,#3025,.T.);
#6624=EDGE_CURVE('',#5315,#5314,#3026,.T.);
#6625=EDGE_CURVE('',#5315,#5312,#3027,.T.);
#6626=EDGE_CURVE('',#5316,#5302,#208,.T.);
#6627=EDGE_CURVE('',#5301,#5317,#209,.T.);
#6628=EDGE_CURVE('',#5317,#5316,#3028,.T.);
#6629=EDGE_CURVE('',#5316,#5318,#3029,.T.);
#6630=EDGE_CURVE('',#5314,#5318,#3030,.T.);
#6631=EDGE_CURVE('',#5303,#5310,#3031,.T.);
#6632=EDGE_CURVE('',#5317,#5319,#3032,.T.);
#6633=EDGE_CURVE('',#5318,#5319,#3033,.T.);
#6634=EDGE_CURVE('',#5304,#5320,#3034,.T.);
#6635=EDGE_CURVE('',#5321,#5320,#210,.T.);
#6636=EDGE_CURVE('',#5305,#5321,#3035,.T.);
#6637=EDGE_CURVE('',#5322,#5321,#3036,.T.);
#6638=EDGE_CURVE('',#5306,#5322,#3037,.T.);
#6639=EDGE_CURVE('',#5323,#5322,#211,.T.);
#6640=EDGE_CURVE('',#5307,#5323,#3038,.T.);
#6641=EDGE_CURVE('',#5309,#5323,#3039,.T.);
#6642=EDGE_CURVE('',#5324,#5291,#3040,.T.);
#6643=EDGE_CURVE('',#5296,#5324,#3041,.T.);
#6644=EDGE_CURVE('',#5325,#5324,#212,.T.);
#6645=EDGE_CURVE('',#5297,#5325,#3042,.T.);
#6646=EDGE_CURVE('',#5326,#5325,#3043,.T.);
#6647=EDGE_CURVE('',#5298,#5326,#3044,.T.);
#6648=EDGE_CURVE('',#5327,#5326,#213,.T.);
#6649=EDGE_CURVE('',#5299,#5327,#3045,.T.);
#6650=EDGE_CURVE('',#5313,#5327,#3046,.T.);
#6651=EDGE_CURVE('',#5300,#5313,#3047,.T.);
#6652=EDGE_CURVE('',#5319,#5315,#3048,.T.);
#6653=EDGE_CURVE('',#5320,#5310,#3049,.T.);
#6654=EDGE_CURVE('',#5328,#5329,#3050,.T.);
#6655=EDGE_CURVE('',#5329,#5330,#3051,.T.);
#6656=EDGE_CURVE('',#5330,#5331,#3052,.T.);
#6657=EDGE_CURVE('',#5331,#5328,#3053,.T.);
#6658=EDGE_CURVE('',#5332,#5331,#3054,.T.);
#6659=EDGE_CURVE('',#5333,#5332,#3055,.T.);
#6660=EDGE_CURVE('',#5328,#5333,#3056,.T.);
#6661=EDGE_CURVE('',#5330,#5334,#3057,.T.);
#6662=EDGE_CURVE('',#5334,#5335,#214,.T.);
#6663=EDGE_CURVE('',#5335,#5336,#3058,.T.);
#6664=EDGE_CURVE('',#5336,#5337,#215,.T.);
#6665=EDGE_CURVE('',#5337,#5338,#3059,.T.);
#6666=EDGE_CURVE('',#5338,#5339,#3060,.T.);
#6667=EDGE_CURVE('',#5340,#5339,#3061,.T.);
#6668=EDGE_CURVE('',#5340,#5341,#3062,.T.);
#6669=EDGE_CURVE('',#5341,#5342,#3063,.T.);
#6670=EDGE_CURVE('',#5342,#5343,#216,.T.);
#6671=EDGE_CURVE('',#5343,#5344,#3064,.T.);
#6672=EDGE_CURVE('',#5344,#5345,#217,.T.);
#6673=EDGE_CURVE('',#5345,#5346,#3065,.T.);
#6674=EDGE_CURVE('',#5332,#5346,#3066,.T.);
#6675=EDGE_CURVE('',#5347,#5333,#3067,.T.);
#6676=EDGE_CURVE('',#5346,#5347,#3068,.T.);
#6677=EDGE_CURVE('',#5348,#5349,#218,.T.);
#6678=EDGE_CURVE('',#5349,#5350,#3069,.T.);
#6679=EDGE_CURVE('',#5350,#5351,#219,.T.);
#6680=EDGE_CURVE('',#5351,#5348,#3070,.T.);
#6681=EDGE_CURVE('',#5352,#5349,#3071,.T.);
#6682=EDGE_CURVE('',#5353,#5352,#3072,.T.);
#6683=EDGE_CURVE('',#5353,#5350,#3073,.T.);
#6684=EDGE_CURVE('',#5354,#5340,#220,.T.);
#6685=EDGE_CURVE('',#5339,#5355,#221,.T.);
#6686=EDGE_CURVE('',#5355,#5354,#3074,.T.);
#6687=EDGE_CURVE('',#5354,#5356,#3075,.T.);
#6688=EDGE_CURVE('',#5352,#5356,#3076,.T.);
#6689=EDGE_CURVE('',#5341,#5348,#3077,.T.);
#6690=EDGE_CURVE('',#5355,#5357,#3078,.T.);
#6691=EDGE_CURVE('',#5356,#5357,#3079,.T.);
#6692=EDGE_CURVE('',#5342,#5358,#3080,.T.);
#6693=EDGE_CURVE('',#5359,#5358,#222,.T.);
#6694=EDGE_CURVE('',#5343,#5359,#3081,.T.);
#6695=EDGE_CURVE('',#5360,#5359,#3082,.T.);
#6696=EDGE_CURVE('',#5344,#5360,#3083,.T.);
#6697=EDGE_CURVE('',#5361,#5360,#223,.T.);
#6698=EDGE_CURVE('',#5345,#5361,#3084,.T.);
#6699=EDGE_CURVE('',#5347,#5361,#3085,.T.);
#6700=EDGE_CURVE('',#5362,#5329,#3086,.T.);
#6701=EDGE_CURVE('',#5334,#5362,#3087,.T.);
#6702=EDGE_CURVE('',#5363,#5362,#224,.T.);
#6703=EDGE_CURVE('',#5335,#5363,#3088,.T.);
#6704=EDGE_CURVE('',#5364,#5363,#3089,.T.);
#6705=EDGE_CURVE('',#5336,#5364,#3090,.T.);
#6706=EDGE_CURVE('',#5365,#5364,#225,.T.);
#6707=EDGE_CURVE('',#5337,#5365,#3091,.T.);
#6708=EDGE_CURVE('',#5351,#5365,#3092,.T.);
#6709=EDGE_CURVE('',#5338,#5351,#3093,.T.);
#6710=EDGE_CURVE('',#5357,#5353,#3094,.T.);
#6711=EDGE_CURVE('',#5358,#5348,#3095,.T.);
#6712=EDGE_CURVE('',#5366,#5367,#3096,.T.);
#6713=EDGE_CURVE('',#5367,#5368,#3097,.T.);
#6714=EDGE_CURVE('',#5368,#5369,#3098,.T.);
#6715=EDGE_CURVE('',#5369,#5366,#3099,.T.);
#6716=EDGE_CURVE('',#5370,#5369,#3100,.T.);
#6717=EDGE_CURVE('',#5371,#5370,#3101,.T.);
#6718=EDGE_CURVE('',#5366,#5371,#3102,.T.);
#6719=EDGE_CURVE('',#5368,#5372,#3103,.T.);
#6720=EDGE_CURVE('',#5372,#5373,#226,.T.);
#6721=EDGE_CURVE('',#5373,#5374,#3104,.T.);
#6722=EDGE_CURVE('',#5374,#5375,#227,.T.);
#6723=EDGE_CURVE('',#5375,#5376,#3105,.T.);
#6724=EDGE_CURVE('',#5376,#5377,#3106,.T.);
#6725=EDGE_CURVE('',#5378,#5377,#3107,.T.);
#6726=EDGE_CURVE('',#5378,#5379,#3108,.T.);
#6727=EDGE_CURVE('',#5379,#5380,#3109,.T.);
#6728=EDGE_CURVE('',#5380,#5381,#228,.T.);
#6729=EDGE_CURVE('',#5381,#5382,#3110,.T.);
#6730=EDGE_CURVE('',#5382,#5383,#229,.T.);
#6731=EDGE_CURVE('',#5383,#5384,#3111,.T.);
#6732=EDGE_CURVE('',#5370,#5384,#3112,.T.);
#6733=EDGE_CURVE('',#5385,#5371,#3113,.T.);
#6734=EDGE_CURVE('',#5384,#5385,#3114,.T.);
#6735=EDGE_CURVE('',#5386,#5387,#230,.T.);
#6736=EDGE_CURVE('',#5387,#5388,#3115,.T.);
#6737=EDGE_CURVE('',#5388,#5389,#231,.T.);
#6738=EDGE_CURVE('',#5389,#5386,#3116,.T.);
#6739=EDGE_CURVE('',#5390,#5387,#3117,.T.);
#6740=EDGE_CURVE('',#5391,#5390,#3118,.T.);
#6741=EDGE_CURVE('',#5391,#5388,#3119,.T.);
#6742=EDGE_CURVE('',#5392,#5378,#232,.T.);
#6743=EDGE_CURVE('',#5377,#5393,#233,.T.);
#6744=EDGE_CURVE('',#5393,#5392,#3120,.T.);
#6745=EDGE_CURVE('',#5392,#5394,#3121,.T.);
#6746=EDGE_CURVE('',#5390,#5394,#3122,.T.);
#6747=EDGE_CURVE('',#5379,#5386,#3123,.T.);
#6748=EDGE_CURVE('',#5393,#5395,#3124,.T.);
#6749=EDGE_CURVE('',#5394,#5395,#3125,.T.);
#6750=EDGE_CURVE('',#5380,#5396,#3126,.T.);
#6751=EDGE_CURVE('',#5397,#5396,#234,.T.);
#6752=EDGE_CURVE('',#5381,#5397,#3127,.T.);
#6753=EDGE_CURVE('',#5398,#5397,#3128,.T.);
#6754=EDGE_CURVE('',#5382,#5398,#3129,.T.);
#6755=EDGE_CURVE('',#5399,#5398,#235,.T.);
#6756=EDGE_CURVE('',#5383,#5399,#3130,.T.);
#6757=EDGE_CURVE('',#5385,#5399,#3131,.T.);
#6758=EDGE_CURVE('',#5400,#5367,#3132,.T.);
#6759=EDGE_CURVE('',#5372,#5400,#3133,.T.);
#6760=EDGE_CURVE('',#5401,#5400,#236,.T.);
#6761=EDGE_CURVE('',#5373,#5401,#3134,.T.);
#6762=EDGE_CURVE('',#5402,#5401,#3135,.T.);
#6763=EDGE_CURVE('',#5374,#5402,#3136,.T.);
#6764=EDGE_CURVE('',#5403,#5402,#237,.T.);
#6765=EDGE_CURVE('',#5375,#5403,#3137,.T.);
#6766=EDGE_CURVE('',#5389,#5403,#3138,.T.);
#6767=EDGE_CURVE('',#5376,#5389,#3139,.T.);
#6768=EDGE_CURVE('',#5395,#5391,#3140,.T.);
#6769=EDGE_CURVE('',#5396,#5386,#3141,.T.);
#6770=EDGE_CURVE('',#5404,#5405,#3142,.T.);
#6771=EDGE_CURVE('',#5405,#5406,#3143,.T.);
#6772=EDGE_CURVE('',#5406,#5407,#3144,.T.);
#6773=EDGE_CURVE('',#5407,#5404,#3145,.T.);
#6774=EDGE_CURVE('',#5408,#5407,#3146,.T.);
#6775=EDGE_CURVE('',#5409,#5408,#3147,.T.);
#6776=EDGE_CURVE('',#5404,#5409,#3148,.T.);
#6777=EDGE_CURVE('',#5406,#5410,#3149,.T.);
#6778=EDGE_CURVE('',#5410,#5411,#238,.T.);
#6779=EDGE_CURVE('',#5411,#5412,#3150,.T.);
#6780=EDGE_CURVE('',#5412,#5413,#239,.T.);
#6781=EDGE_CURVE('',#5413,#5414,#3151,.T.);
#6782=EDGE_CURVE('',#5414,#5415,#3152,.T.);
#6783=EDGE_CURVE('',#5416,#5415,#3153,.T.);
#6784=EDGE_CURVE('',#5416,#5417,#3154,.T.);
#6785=EDGE_CURVE('',#5417,#5418,#3155,.T.);
#6786=EDGE_CURVE('',#5418,#5419,#240,.T.);
#6787=EDGE_CURVE('',#5419,#5420,#3156,.T.);
#6788=EDGE_CURVE('',#5420,#5421,#241,.T.);
#6789=EDGE_CURVE('',#5421,#5422,#3157,.T.);
#6790=EDGE_CURVE('',#5408,#5422,#3158,.T.);
#6791=EDGE_CURVE('',#5423,#5409,#3159,.T.);
#6792=EDGE_CURVE('',#5422,#5423,#3160,.T.);
#6793=EDGE_CURVE('',#5424,#5425,#242,.T.);
#6794=EDGE_CURVE('',#5425,#5426,#3161,.T.);
#6795=EDGE_CURVE('',#5426,#5427,#243,.T.);
#6796=EDGE_CURVE('',#5427,#5424,#3162,.T.);
#6797=EDGE_CURVE('',#5428,#5425,#3163,.T.);
#6798=EDGE_CURVE('',#5429,#5428,#3164,.T.);
#6799=EDGE_CURVE('',#5429,#5426,#3165,.T.);
#6800=EDGE_CURVE('',#5430,#5416,#244,.T.);
#6801=EDGE_CURVE('',#5415,#5431,#245,.T.);
#6802=EDGE_CURVE('',#5431,#5430,#3166,.T.);
#6803=EDGE_CURVE('',#5430,#5432,#3167,.T.);
#6804=EDGE_CURVE('',#5428,#5432,#3168,.T.);
#6805=EDGE_CURVE('',#5417,#5424,#3169,.T.);
#6806=EDGE_CURVE('',#5431,#5433,#3170,.T.);
#6807=EDGE_CURVE('',#5432,#5433,#3171,.T.);
#6808=EDGE_CURVE('',#5418,#5434,#3172,.T.);
#6809=EDGE_CURVE('',#5435,#5434,#246,.T.);
#6810=EDGE_CURVE('',#5419,#5435,#3173,.T.);
#6811=EDGE_CURVE('',#5436,#5435,#3174,.T.);
#6812=EDGE_CURVE('',#5420,#5436,#3175,.T.);
#6813=EDGE_CURVE('',#5437,#5436,#247,.T.);
#6814=EDGE_CURVE('',#5421,#5437,#3176,.T.);
#6815=EDGE_CURVE('',#5423,#5437,#3177,.T.);
#6816=EDGE_CURVE('',#5438,#5405,#3178,.T.);
#6817=EDGE_CURVE('',#5410,#5438,#3179,.T.);
#6818=EDGE_CURVE('',#5439,#5438,#248,.T.);
#6819=EDGE_CURVE('',#5411,#5439,#3180,.T.);
#6820=EDGE_CURVE('',#5440,#5439,#3181,.T.);
#6821=EDGE_CURVE('',#5412,#5440,#3182,.T.);
#6822=EDGE_CURVE('',#5441,#5440,#249,.T.);
#6823=EDGE_CURVE('',#5413,#5441,#3183,.T.);
#6824=EDGE_CURVE('',#5427,#5441,#3184,.T.);
#6825=EDGE_CURVE('',#5414,#5427,#3185,.T.);
#6826=EDGE_CURVE('',#5433,#5429,#3186,.T.);
#6827=EDGE_CURVE('',#5434,#5424,#3187,.T.);
#6828=EDGE_CURVE('',#5442,#5443,#3188,.T.);
#6829=EDGE_CURVE('',#5443,#5444,#3189,.T.);
#6830=EDGE_CURVE('',#5444,#5445,#3190,.T.);
#6831=EDGE_CURVE('',#5445,#5442,#3191,.T.);
#6832=EDGE_CURVE('',#5446,#5445,#3192,.T.);
#6833=EDGE_CURVE('',#5447,#5446,#3193,.T.);
#6834=EDGE_CURVE('',#5442,#5447,#3194,.T.);
#6835=EDGE_CURVE('',#5444,#5448,#3195,.T.);
#6836=EDGE_CURVE('',#5448,#5449,#250,.T.);
#6837=EDGE_CURVE('',#5449,#5450,#3196,.T.);
#6838=EDGE_CURVE('',#5450,#5451,#251,.T.);
#6839=EDGE_CURVE('',#5451,#5452,#3197,.T.);
#6840=EDGE_CURVE('',#5452,#5453,#3198,.T.);
#6841=EDGE_CURVE('',#5454,#5453,#3199,.T.);
#6842=EDGE_CURVE('',#5454,#5455,#3200,.T.);
#6843=EDGE_CURVE('',#5455,#5456,#3201,.T.);
#6844=EDGE_CURVE('',#5456,#5457,#252,.T.);
#6845=EDGE_CURVE('',#5457,#5458,#3202,.T.);
#6846=EDGE_CURVE('',#5458,#5459,#253,.T.);
#6847=EDGE_CURVE('',#5459,#5460,#3203,.T.);
#6848=EDGE_CURVE('',#5446,#5460,#3204,.T.);
#6849=EDGE_CURVE('',#5461,#5447,#3205,.T.);
#6850=EDGE_CURVE('',#5460,#5461,#3206,.T.);
#6851=EDGE_CURVE('',#5462,#5463,#254,.T.);
#6852=EDGE_CURVE('',#5463,#5464,#3207,.T.);
#6853=EDGE_CURVE('',#5464,#5465,#255,.T.);
#6854=EDGE_CURVE('',#5465,#5462,#3208,.T.);
#6855=EDGE_CURVE('',#5466,#5463,#3209,.T.);
#6856=EDGE_CURVE('',#5467,#5466,#3210,.T.);
#6857=EDGE_CURVE('',#5467,#5464,#3211,.T.);
#6858=EDGE_CURVE('',#5468,#5454,#256,.T.);
#6859=EDGE_CURVE('',#5453,#5469,#257,.T.);
#6860=EDGE_CURVE('',#5469,#5468,#3212,.T.);
#6861=EDGE_CURVE('',#5468,#5470,#3213,.T.);
#6862=EDGE_CURVE('',#5466,#5470,#3214,.T.);
#6863=EDGE_CURVE('',#5455,#5462,#3215,.T.);
#6864=EDGE_CURVE('',#5469,#5471,#3216,.T.);
#6865=EDGE_CURVE('',#5470,#5471,#3217,.T.);
#6866=EDGE_CURVE('',#5456,#5472,#3218,.T.);
#6867=EDGE_CURVE('',#5473,#5472,#258,.T.);
#6868=EDGE_CURVE('',#5457,#5473,#3219,.T.);
#6869=EDGE_CURVE('',#5474,#5473,#3220,.T.);
#6870=EDGE_CURVE('',#5458,#5474,#3221,.T.);
#6871=EDGE_CURVE('',#5475,#5474,#259,.T.);
#6872=EDGE_CURVE('',#5459,#5475,#3222,.T.);
#6873=EDGE_CURVE('',#5461,#5475,#3223,.T.);
#6874=EDGE_CURVE('',#5476,#5443,#3224,.T.);
#6875=EDGE_CURVE('',#5448,#5476,#3225,.T.);
#6876=EDGE_CURVE('',#5477,#5476,#260,.T.);
#6877=EDGE_CURVE('',#5449,#5477,#3226,.T.);
#6878=EDGE_CURVE('',#5478,#5477,#3227,.T.);
#6879=EDGE_CURVE('',#5450,#5478,#3228,.T.);
#6880=EDGE_CURVE('',#5479,#5478,#261,.T.);
#6881=EDGE_CURVE('',#5451,#5479,#3229,.T.);
#6882=EDGE_CURVE('',#5465,#5479,#3230,.T.);
#6883=EDGE_CURVE('',#5452,#5465,#3231,.T.);
#6884=EDGE_CURVE('',#5471,#5467,#3232,.T.);
#6885=EDGE_CURVE('',#5472,#5462,#3233,.T.);
#6886=EDGE_CURVE('',#5480,#5470,#3234,.T.);
#6887=EDGE_CURVE('',#5480,#5481,#3235,.T.);
#6888=EDGE_CURVE('',#5466,#5481,#3236,.T.);
#6889=EDGE_CURVE('',#5471,#5432,#3237,.T.);
#6890=EDGE_CURVE('',#5428,#5467,#3238,.T.);
#6891=EDGE_CURVE('',#5433,#5394,#3239,.T.);
#6892=EDGE_CURVE('',#5390,#5429,#3240,.T.);
#6893=EDGE_CURVE('',#5395,#5356,#3241,.T.);
#6894=EDGE_CURVE('',#5352,#5391,#3242,.T.);
#6895=EDGE_CURVE('',#5357,#5318,#3243,.T.);
#6896=EDGE_CURVE('',#5314,#5353,#3244,.T.);
#6897=EDGE_CURVE('',#5319,#5280,#3245,.T.);
#6898=EDGE_CURVE('',#5276,#5315,#3246,.T.);
#6899=EDGE_CURVE('',#5482,#5277,#3247,.T.);
#6900=EDGE_CURVE('',#5482,#5483,#3248,.T.);
#6901=EDGE_CURVE('',#5281,#5483,#3249,.T.);
#6902=EDGE_CURVE('',#5484,#5485,#3250,.T.);
#6903=EDGE_CURVE('',#5485,#5486,#3251,.T.);
#6904=EDGE_CURVE('',#5486,#5487,#3252,.T.);
#6905=EDGE_CURVE('',#5487,#5484,#3253,.T.);
#6906=EDGE_CURVE('',#5488,#5487,#3254,.T.);
#6907=EDGE_CURVE('',#5489,#5488,#3255,.T.);
#6908=EDGE_CURVE('',#5484,#5489,#3256,.T.);
#6909=EDGE_CURVE('',#5486,#5490,#3257,.T.);
#6910=EDGE_CURVE('',#5490,#5491,#262,.T.);
#6911=EDGE_CURVE('',#5491,#5492,#3258,.T.);
#6912=EDGE_CURVE('',#5492,#5493,#263,.T.);
#6913=EDGE_CURVE('',#5493,#5494,#3259,.T.);
#6914=EDGE_CURVE('',#5494,#5495,#3260,.T.);
#6915=EDGE_CURVE('',#5496,#5495,#3261,.T.);
#6916=EDGE_CURVE('',#5496,#5497,#3262,.T.);
#6917=EDGE_CURVE('',#5497,#5498,#3263,.T.);
#6918=EDGE_CURVE('',#5498,#5499,#264,.T.);
#6919=EDGE_CURVE('',#5499,#5500,#3264,.T.);
#6920=EDGE_CURVE('',#5500,#5501,#265,.T.);
#6921=EDGE_CURVE('',#5501,#5502,#3265,.T.);
#6922=EDGE_CURVE('',#5488,#5502,#3266,.T.);
#6923=EDGE_CURVE('',#5503,#5489,#3267,.T.);
#6924=EDGE_CURVE('',#5502,#5503,#3268,.T.);
#6925=EDGE_CURVE('',#5504,#5505,#266,.T.);
#6926=EDGE_CURVE('',#5505,#5506,#3269,.T.);
#6927=EDGE_CURVE('',#5506,#5507,#267,.T.);
#6928=EDGE_CURVE('',#5507,#5504,#3270,.T.);
#6929=EDGE_CURVE('',#5508,#5505,#3271,.T.);
#6930=EDGE_CURVE('',#5481,#5508,#3272,.T.);
#6931=EDGE_CURVE('',#5481,#5506,#3273,.T.);
#6932=EDGE_CURVE('',#5509,#5496,#268,.T.);
#6933=EDGE_CURVE('',#5495,#5510,#269,.T.);
#6934=EDGE_CURVE('',#5510,#5509,#3274,.T.);
#6935=EDGE_CURVE('',#5509,#5511,#3275,.T.);
#6936=EDGE_CURVE('',#5508,#5511,#3276,.T.);
#6937=EDGE_CURVE('',#5497,#5504,#3277,.T.);
#6938=EDGE_CURVE('',#5510,#5480,#3278,.T.);
#6939=EDGE_CURVE('',#5511,#5480,#3279,.T.);
#6940=EDGE_CURVE('',#5498,#5512,#3280,.T.);
#6941=EDGE_CURVE('',#5513,#5512,#270,.T.);
#6942=EDGE_CURVE('',#5499,#5513,#3281,.T.);
#6943=EDGE_CURVE('',#5514,#5513,#3282,.T.);
#6944=EDGE_CURVE('',#5500,#5514,#3283,.T.);
#6945=EDGE_CURVE('',#5515,#5514,#271,.T.);
#6946=EDGE_CURVE('',#5501,#5515,#3284,.T.);
#6947=EDGE_CURVE('',#5503,#5515,#3285,.T.);
#6948=EDGE_CURVE('',#5516,#5485,#3286,.T.);
#6949=EDGE_CURVE('',#5490,#5516,#3287,.T.);
#6950=EDGE_CURVE('',#5517,#5516,#272,.T.);
#6951=EDGE_CURVE('',#5491,#5517,#3288,.T.);
#6952=EDGE_CURVE('',#5518,#5517,#3289,.T.);
#6953=EDGE_CURVE('',#5492,#5518,#3290,.T.);
#6954=EDGE_CURVE('',#5519,#5518,#273,.T.);
#6955=EDGE_CURVE('',#5493,#5519,#3291,.T.);
#6956=EDGE_CURVE('',#5507,#5519,#3292,.T.);
#6957=EDGE_CURVE('',#5494,#5507,#3293,.T.);
#6958=EDGE_CURVE('',#5512,#5504,#3294,.T.);
#6959=EDGE_CURVE('',#4982,#5511,#3295,.T.);
#6960=EDGE_CURVE('',#5520,#4982,#3296,.T.);
#6961=EDGE_CURVE('',#5508,#5520,#3297,.T.);
#6962=EDGE_CURVE('',#5520,#5521,#3298,.T.);
#6963=EDGE_CURVE('',#5521,#5522,#3299,.T.);
#6964=EDGE_CURVE('',#5522,#5482,#3300,.T.);
#6965=EDGE_CURVE('',#5522,#5523,#3301,.T.);
#6966=EDGE_CURVE('',#5214,#5523,#3302,.T.);
#6967=EDGE_CURVE('',#5214,#5482,#3303,.T.);
#6968=EDGE_CURVE('',#5483,#4976,#3304,.T.);
#6969=EDGE_CURVE('',#5483,#5213,#3305,.T.);
#6970=EDGE_CURVE('',#4977,#5213,#3306,.T.);
#6971=EDGE_CURVE('',#5523,#5524,#3307,.T.);
#6972=EDGE_CURVE('',#5524,#5251,#3308,.T.);
#6973=EDGE_CURVE('',#5520,#5251,#3309,.T.);
#6974=EDGE_CURVE('',#5524,#5521,#3310,.T.);
#6975=ORIENTED_EDGE('',*,*,#5525,.F.);
#6976=ORIENTED_EDGE('',*,*,#5526,.T.);
#6977=ORIENTED_EDGE('',*,*,#5527,.T.);
#6978=ORIENTED_EDGE('',*,*,#5528,.F.);
#6979=ORIENTED_EDGE('',*,*,#5529,.F.);
#6980=ORIENTED_EDGE('',*,*,#5528,.T.);
#6981=ORIENTED_EDGE('',*,*,#5530,.T.);
#6982=ORIENTED_EDGE('',*,*,#5531,.F.);
#6983=ORIENTED_EDGE('',*,*,#5532,.F.);
#6984=ORIENTED_EDGE('',*,*,#5531,.T.);
#6985=ORIENTED_EDGE('',*,*,#5533,.T.);
#6986=ORIENTED_EDGE('',*,*,#5534,.F.);
#6987=ORIENTED_EDGE('',*,*,#5535,.F.);
#6988=ORIENTED_EDGE('',*,*,#5534,.T.);
#6989=ORIENTED_EDGE('',*,*,#5536,.T.);
#6990=ORIENTED_EDGE('',*,*,#5537,.F.);
#6991=ORIENTED_EDGE('',*,*,#5538,.F.);
#6992=ORIENTED_EDGE('',*,*,#5537,.T.);
#6993=ORIENTED_EDGE('',*,*,#5539,.T.);
#6994=ORIENTED_EDGE('',*,*,#5526,.F.);
#6995=ORIENTED_EDGE('',*,*,#5540,.F.);
#6996=ORIENTED_EDGE('',*,*,#5541,.T.);
#6997=ORIENTED_EDGE('',*,*,#5542,.T.);
#6998=ORIENTED_EDGE('',*,*,#5543,.F.);
#6999=ORIENTED_EDGE('',*,*,#5544,.F.);
#7000=ORIENTED_EDGE('',*,*,#5543,.T.);
#7001=ORIENTED_EDGE('',*,*,#5545,.T.);
#7002=ORIENTED_EDGE('',*,*,#5546,.F.);
#7003=ORIENTED_EDGE('',*,*,#5547,.F.);
#7004=ORIENTED_EDGE('',*,*,#5546,.T.);
#7005=ORIENTED_EDGE('',*,*,#5548,.T.);
#7006=ORIENTED_EDGE('',*,*,#5549,.F.);
#7007=ORIENTED_EDGE('',*,*,#5550,.F.);
#7008=ORIENTED_EDGE('',*,*,#5549,.T.);
#7009=ORIENTED_EDGE('',*,*,#5551,.T.);
#7010=ORIENTED_EDGE('',*,*,#5552,.F.);
#7011=ORIENTED_EDGE('',*,*,#5553,.F.);
#7012=ORIENTED_EDGE('',*,*,#5552,.T.);
#7013=ORIENTED_EDGE('',*,*,#5554,.T.);
#7014=ORIENTED_EDGE('',*,*,#5541,.F.);
#7015=ORIENTED_EDGE('',*,*,#5555,.F.);
#7016=ORIENTED_EDGE('',*,*,#5556,.T.);
#7017=ORIENTED_EDGE('',*,*,#5557,.T.);
#7018=ORIENTED_EDGE('',*,*,#5558,.F.);
#7019=ORIENTED_EDGE('',*,*,#5559,.F.);
#7020=ORIENTED_EDGE('',*,*,#5560,.T.);
#7021=ORIENTED_EDGE('',*,*,#5561,.T.);
#7022=ORIENTED_EDGE('',*,*,#5556,.F.);
#7023=ORIENTED_EDGE('',*,*,#5562,.F.);
#7024=ORIENTED_EDGE('',*,*,#5563,.T.);
#7025=ORIENTED_EDGE('',*,*,#5564,.T.);
#7026=ORIENTED_EDGE('',*,*,#5560,.F.);
#7027=ORIENTED_EDGE('',*,*,#5565,.F.);
#7028=ORIENTED_EDGE('',*,*,#5566,.T.);
#7029=ORIENTED_EDGE('',*,*,#5567,.T.);
#7030=ORIENTED_EDGE('',*,*,#5563,.F.);
#7031=ORIENTED_EDGE('',*,*,#5568,.F.);
#7032=ORIENTED_EDGE('',*,*,#5569,.T.);
#7033=ORIENTED_EDGE('',*,*,#5570,.T.);
#7034=ORIENTED_EDGE('',*,*,#5566,.F.);
#7035=ORIENTED_EDGE('',*,*,#5571,.F.);
#7036=ORIENTED_EDGE('',*,*,#5572,.T.);
#7037=ORIENTED_EDGE('',*,*,#5573,.T.);
#7038=ORIENTED_EDGE('',*,*,#5569,.F.);
#7039=ORIENTED_EDGE('',*,*,#5574,.F.);
#7040=ORIENTED_EDGE('',*,*,#5575,.T.);
#7041=ORIENTED_EDGE('',*,*,#5576,.T.);
#7042=ORIENTED_EDGE('',*,*,#5572,.F.);
#7043=ORIENTED_EDGE('',*,*,#5577,.F.);
#7044=ORIENTED_EDGE('',*,*,#5578,.T.);
#7045=ORIENTED_EDGE('',*,*,#5579,.T.);
#7046=ORIENTED_EDGE('',*,*,#5575,.F.);
#7047=ORIENTED_EDGE('',*,*,#5580,.F.);
#7048=ORIENTED_EDGE('',*,*,#5581,.T.);
#7049=ORIENTED_EDGE('',*,*,#5582,.T.);
#7050=ORIENTED_EDGE('',*,*,#5578,.F.);
#7051=ORIENTED_EDGE('',*,*,#5583,.F.);
#7052=ORIENTED_EDGE('',*,*,#5584,.T.);
#7053=ORIENTED_EDGE('',*,*,#5585,.T.);
#7054=ORIENTED_EDGE('',*,*,#5581,.F.);
#7055=ORIENTED_EDGE('',*,*,#5586,.F.);
#7056=ORIENTED_EDGE('',*,*,#5558,.T.);
#7057=ORIENTED_EDGE('',*,*,#5587,.T.);
#7058=ORIENTED_EDGE('',*,*,#5584,.F.);
#7059=ORIENTED_EDGE('',*,*,#5587,.F.);
#7060=ORIENTED_EDGE('',*,*,#5557,.F.);
#7061=ORIENTED_EDGE('',*,*,#5561,.F.);
#7062=ORIENTED_EDGE('',*,*,#5564,.F.);
#7063=ORIENTED_EDGE('',*,*,#5567,.F.);
#7064=ORIENTED_EDGE('',*,*,#5570,.F.);
#7065=ORIENTED_EDGE('',*,*,#5573,.F.);
#7066=ORIENTED_EDGE('',*,*,#5576,.F.);
#7067=ORIENTED_EDGE('',*,*,#5579,.F.);
#7068=ORIENTED_EDGE('',*,*,#5582,.F.);
#7069=ORIENTED_EDGE('',*,*,#5585,.F.);
#7070=ORIENTED_EDGE('',*,*,#5527,.F.);
#7071=ORIENTED_EDGE('',*,*,#5539,.F.);
#7072=ORIENTED_EDGE('',*,*,#5536,.F.);
#7073=ORIENTED_EDGE('',*,*,#5533,.F.);
#7074=ORIENTED_EDGE('',*,*,#5530,.F.);
#7075=ORIENTED_EDGE('',*,*,#5542,.F.);
#7076=ORIENTED_EDGE('',*,*,#5554,.F.);
#7077=ORIENTED_EDGE('',*,*,#5551,.F.);
#7078=ORIENTED_EDGE('',*,*,#5548,.F.);
#7079=ORIENTED_EDGE('',*,*,#5545,.F.);
#7080=ORIENTED_EDGE('',*,*,#5588,.F.);
#7081=ORIENTED_EDGE('',*,*,#5589,.T.);
#7082=ORIENTED_EDGE('',*,*,#5590,.T.);
#7083=ORIENTED_EDGE('',*,*,#5591,.F.);
#7084=ORIENTED_EDGE('',*,*,#5592,.F.);
#7085=ORIENTED_EDGE('',*,*,#5593,.T.);
#7086=ORIENTED_EDGE('',*,*,#5594,.T.);
#7087=ORIENTED_EDGE('',*,*,#5589,.F.);
#7088=ORIENTED_EDGE('',*,*,#5595,.F.);
#7089=ORIENTED_EDGE('',*,*,#5596,.T.);
#7090=ORIENTED_EDGE('',*,*,#5597,.T.);
#7091=ORIENTED_EDGE('',*,*,#5593,.F.);
#7092=ORIENTED_EDGE('',*,*,#5598,.F.);
#7093=ORIENTED_EDGE('',*,*,#5599,.T.);
#7094=ORIENTED_EDGE('',*,*,#5600,.T.);
#7095=ORIENTED_EDGE('',*,*,#5596,.F.);
#7096=ORIENTED_EDGE('',*,*,#5601,.F.);
#7097=ORIENTED_EDGE('',*,*,#5602,.T.);
#7098=ORIENTED_EDGE('',*,*,#5603,.T.);
#7099=ORIENTED_EDGE('',*,*,#5599,.F.);
#7100=ORIENTED_EDGE('',*,*,#5604,.F.);
#7101=ORIENTED_EDGE('',*,*,#5605,.T.);
#7102=ORIENTED_EDGE('',*,*,#5606,.T.);
#7103=ORIENTED_EDGE('',*,*,#5602,.F.);
#7104=ORIENTED_EDGE('',*,*,#5607,.F.);
#7105=ORIENTED_EDGE('',*,*,#5608,.T.);
#7106=ORIENTED_EDGE('',*,*,#5609,.T.);
#7107=ORIENTED_EDGE('',*,*,#5605,.F.);
#7108=ORIENTED_EDGE('',*,*,#5610,.F.);
#7109=ORIENTED_EDGE('',*,*,#5611,.T.);
#7110=ORIENTED_EDGE('',*,*,#5612,.T.);
#7111=ORIENTED_EDGE('',*,*,#5608,.F.);
#7112=ORIENTED_EDGE('',*,*,#5613,.F.);
#7113=ORIENTED_EDGE('',*,*,#5614,.T.);
#7114=ORIENTED_EDGE('',*,*,#5615,.T.);
#7115=ORIENTED_EDGE('',*,*,#5611,.F.);
#7116=ORIENTED_EDGE('',*,*,#5616,.F.);
#7117=ORIENTED_EDGE('',*,*,#5617,.T.);
#7118=ORIENTED_EDGE('',*,*,#5618,.T.);
#7119=ORIENTED_EDGE('',*,*,#5614,.F.);
#7120=ORIENTED_EDGE('',*,*,#5619,.F.);
#7121=ORIENTED_EDGE('',*,*,#5620,.T.);
#7122=ORIENTED_EDGE('',*,*,#5621,.T.);
#7123=ORIENTED_EDGE('',*,*,#5617,.F.);
#7124=ORIENTED_EDGE('',*,*,#5622,.F.);
#7125=ORIENTED_EDGE('',*,*,#5623,.T.);
#7126=ORIENTED_EDGE('',*,*,#5624,.T.);
#7127=ORIENTED_EDGE('',*,*,#5620,.F.);
#7128=ORIENTED_EDGE('',*,*,#5625,.F.);
#7129=ORIENTED_EDGE('',*,*,#5591,.T.);
#7130=ORIENTED_EDGE('',*,*,#5626,.T.);
#7131=ORIENTED_EDGE('',*,*,#5623,.F.);
#7132=ORIENTED_EDGE('',*,*,#5626,.F.);
#7133=ORIENTED_EDGE('',*,*,#5590,.F.);
#7134=ORIENTED_EDGE('',*,*,#5594,.F.);
#7135=ORIENTED_EDGE('',*,*,#5597,.F.);
#7136=ORIENTED_EDGE('',*,*,#5600,.F.);
#7137=ORIENTED_EDGE('',*,*,#5603,.F.);
#7138=ORIENTED_EDGE('',*,*,#5606,.F.);
#7139=ORIENTED_EDGE('',*,*,#5609,.F.);
#7140=ORIENTED_EDGE('',*,*,#5612,.F.);
#7141=ORIENTED_EDGE('',*,*,#5615,.F.);
#7142=ORIENTED_EDGE('',*,*,#5618,.F.);
#7143=ORIENTED_EDGE('',*,*,#5621,.F.);
#7144=ORIENTED_EDGE('',*,*,#5624,.F.);
#7145=ORIENTED_EDGE('',*,*,#5627,.F.);
#7146=ORIENTED_EDGE('',*,*,#5628,.T.);
#7147=ORIENTED_EDGE('',*,*,#5629,.T.);
#7148=ORIENTED_EDGE('',*,*,#5630,.F.);
#7149=ORIENTED_EDGE('',*,*,#5631,.F.);
#7150=ORIENTED_EDGE('',*,*,#5632,.T.);
#7151=ORIENTED_EDGE('',*,*,#5633,.T.);
#7152=ORIENTED_EDGE('',*,*,#5628,.F.);
#7153=ORIENTED_EDGE('',*,*,#5634,.F.);
#7154=ORIENTED_EDGE('',*,*,#5635,.T.);
#7155=ORIENTED_EDGE('',*,*,#5636,.T.);
#7156=ORIENTED_EDGE('',*,*,#5632,.F.);
#7157=ORIENTED_EDGE('',*,*,#5637,.F.);
#7158=ORIENTED_EDGE('',*,*,#5630,.T.);
#7159=ORIENTED_EDGE('',*,*,#5638,.T.);
#7160=ORIENTED_EDGE('',*,*,#5635,.F.);
#7161=ORIENTED_EDGE('',*,*,#5638,.F.);
#7162=ORIENTED_EDGE('',*,*,#5629,.F.);
#7163=ORIENTED_EDGE('',*,*,#5633,.F.);
#7164=ORIENTED_EDGE('',*,*,#5636,.F.);
#7165=ORIENTED_EDGE('',*,*,#5639,.F.);
#7166=ORIENTED_EDGE('',*,*,#5640,.T.);
#7167=ORIENTED_EDGE('',*,*,#5641,.T.);
#7168=ORIENTED_EDGE('',*,*,#5642,.F.);
#7169=ORIENTED_EDGE('',*,*,#5643,.F.);
#7170=ORIENTED_EDGE('',*,*,#5644,.T.);
#7171=ORIENTED_EDGE('',*,*,#5645,.T.);
#7172=ORIENTED_EDGE('',*,*,#5640,.F.);
#7173=ORIENTED_EDGE('',*,*,#5646,.F.);
#7174=ORIENTED_EDGE('',*,*,#5647,.T.);
#7175=ORIENTED_EDGE('',*,*,#5648,.T.);
#7176=ORIENTED_EDGE('',*,*,#5644,.F.);
#7177=ORIENTED_EDGE('',*,*,#5649,.F.);
#7178=ORIENTED_EDGE('',*,*,#5650,.T.);
#7179=ORIENTED_EDGE('',*,*,#5651,.T.);
#7180=ORIENTED_EDGE('',*,*,#5647,.F.);
#7181=ORIENTED_EDGE('',*,*,#5652,.F.);
#7182=ORIENTED_EDGE('',*,*,#5653,.T.);
#7183=ORIENTED_EDGE('',*,*,#5654,.T.);
#7184=ORIENTED_EDGE('',*,*,#5650,.F.);
#7185=ORIENTED_EDGE('',*,*,#5655,.F.);
#7186=ORIENTED_EDGE('',*,*,#5656,.T.);
#7187=ORIENTED_EDGE('',*,*,#5657,.T.);
#7188=ORIENTED_EDGE('',*,*,#5653,.F.);
#7189=ORIENTED_EDGE('',*,*,#5658,.F.);
#7190=ORIENTED_EDGE('',*,*,#5659,.T.);
#7191=ORIENTED_EDGE('',*,*,#5660,.T.);
#7192=ORIENTED_EDGE('',*,*,#5656,.F.);
#7193=ORIENTED_EDGE('',*,*,#5661,.F.);
#7194=ORIENTED_EDGE('',*,*,#5642,.T.);
#7195=ORIENTED_EDGE('',*,*,#5662,.T.);
#7196=ORIENTED_EDGE('',*,*,#5659,.F.);
#7197=ORIENTED_EDGE('',*,*,#5662,.F.);
#7198=ORIENTED_EDGE('',*,*,#5641,.F.);
#7199=ORIENTED_EDGE('',*,*,#5645,.F.);
#7200=ORIENTED_EDGE('',*,*,#5648,.F.);
#7201=ORIENTED_EDGE('',*,*,#5651,.F.);
#7202=ORIENTED_EDGE('',*,*,#5654,.F.);
#7203=ORIENTED_EDGE('',*,*,#5657,.F.);
#7204=ORIENTED_EDGE('',*,*,#5660,.F.);
#7205=ORIENTED_EDGE('',*,*,#5663,.F.);
#7206=ORIENTED_EDGE('',*,*,#5664,.T.);
#7207=ORIENTED_EDGE('',*,*,#5665,.T.);
#7208=ORIENTED_EDGE('',*,*,#5666,.F.);
#7209=ORIENTED_EDGE('',*,*,#5667,.F.);
#7210=ORIENTED_EDGE('',*,*,#5666,.T.);
#7211=ORIENTED_EDGE('',*,*,#5668,.T.);
#7212=ORIENTED_EDGE('',*,*,#5669,.F.);
#7213=ORIENTED_EDGE('',*,*,#5670,.F.);
#7214=ORIENTED_EDGE('',*,*,#5669,.T.);
#7215=ORIENTED_EDGE('',*,*,#5671,.T.);
#7216=ORIENTED_EDGE('',*,*,#5664,.F.);
#7217=ORIENTED_EDGE('',*,*,#5672,.F.);
#7218=ORIENTED_EDGE('',*,*,#5673,.T.);
#7219=ORIENTED_EDGE('',*,*,#5674,.T.);
#7220=ORIENTED_EDGE('',*,*,#5675,.F.);
#7221=ORIENTED_EDGE('',*,*,#5676,.F.);
#7222=ORIENTED_EDGE('',*,*,#5677,.T.);
#7223=ORIENTED_EDGE('',*,*,#5678,.T.);
#7224=ORIENTED_EDGE('',*,*,#5673,.F.);
#7225=ORIENTED_EDGE('',*,*,#5679,.F.);
#7226=ORIENTED_EDGE('',*,*,#5680,.T.);
#7227=ORIENTED_EDGE('',*,*,#5681,.T.);
#7228=ORIENTED_EDGE('',*,*,#5677,.F.);
#7229=ORIENTED_EDGE('',*,*,#5682,.F.);
#7230=ORIENTED_EDGE('',*,*,#5683,.T.);
#7231=ORIENTED_EDGE('',*,*,#5684,.T.);
#7232=ORIENTED_EDGE('',*,*,#5680,.F.);
#7233=ORIENTED_EDGE('',*,*,#5685,.F.);
#7234=ORIENTED_EDGE('',*,*,#5686,.T.);
#7235=ORIENTED_EDGE('',*,*,#5687,.T.);
#7236=ORIENTED_EDGE('',*,*,#5683,.F.);
#7237=ORIENTED_EDGE('',*,*,#5688,.F.);
#7238=ORIENTED_EDGE('',*,*,#5689,.T.);
#7239=ORIENTED_EDGE('',*,*,#5690,.T.);
#7240=ORIENTED_EDGE('',*,*,#5686,.F.);
#7241=ORIENTED_EDGE('',*,*,#5691,.F.);
#7242=ORIENTED_EDGE('',*,*,#5692,.T.);
#7243=ORIENTED_EDGE('',*,*,#5693,.T.);
#7244=ORIENTED_EDGE('',*,*,#5689,.F.);
#7245=ORIENTED_EDGE('',*,*,#5694,.F.);
#7246=ORIENTED_EDGE('',*,*,#5675,.T.);
#7247=ORIENTED_EDGE('',*,*,#5695,.T.);
#7248=ORIENTED_EDGE('',*,*,#5692,.F.);
#7249=ORIENTED_EDGE('',*,*,#5695,.F.);
#7250=ORIENTED_EDGE('',*,*,#5674,.F.);
#7251=ORIENTED_EDGE('',*,*,#5678,.F.);
#7252=ORIENTED_EDGE('',*,*,#5681,.F.);
#7253=ORIENTED_EDGE('',*,*,#5684,.F.);
#7254=ORIENTED_EDGE('',*,*,#5687,.F.);
#7255=ORIENTED_EDGE('',*,*,#5690,.F.);
#7256=ORIENTED_EDGE('',*,*,#5693,.F.);
#7257=ORIENTED_EDGE('',*,*,#5665,.F.);
#7258=ORIENTED_EDGE('',*,*,#5671,.F.);
#7259=ORIENTED_EDGE('',*,*,#5668,.F.);
#7260=ORIENTED_EDGE('',*,*,#5696,.F.);
#7261=ORIENTED_EDGE('',*,*,#5697,.T.);
#7262=ORIENTED_EDGE('',*,*,#5698,.T.);
#7263=ORIENTED_EDGE('',*,*,#5699,.F.);
#7264=ORIENTED_EDGE('',*,*,#5700,.F.);
#7265=ORIENTED_EDGE('',*,*,#5701,.T.);
#7266=ORIENTED_EDGE('',*,*,#5702,.T.);
#7267=ORIENTED_EDGE('',*,*,#5697,.F.);
#7268=ORIENTED_EDGE('',*,*,#5703,.F.);
#7269=ORIENTED_EDGE('',*,*,#5704,.T.);
#7270=ORIENTED_EDGE('',*,*,#5705,.T.);
#7271=ORIENTED_EDGE('',*,*,#5701,.F.);
#7272=ORIENTED_EDGE('',*,*,#5706,.F.);
#7273=ORIENTED_EDGE('',*,*,#5707,.T.);
#7274=ORIENTED_EDGE('',*,*,#5708,.T.);
#7275=ORIENTED_EDGE('',*,*,#5704,.F.);
#7276=ORIENTED_EDGE('',*,*,#5709,.F.);
#7277=ORIENTED_EDGE('',*,*,#5710,.T.);
#7278=ORIENTED_EDGE('',*,*,#5711,.T.);
#7279=ORIENTED_EDGE('',*,*,#5707,.F.);
#7280=ORIENTED_EDGE('',*,*,#5712,.F.);
#7281=ORIENTED_EDGE('',*,*,#5713,.T.);
#7282=ORIENTED_EDGE('',*,*,#5714,.T.);
#7283=ORIENTED_EDGE('',*,*,#5710,.F.);
#7284=ORIENTED_EDGE('',*,*,#5715,.F.);
#7285=ORIENTED_EDGE('',*,*,#5716,.T.);
#7286=ORIENTED_EDGE('',*,*,#5717,.T.);
#7287=ORIENTED_EDGE('',*,*,#5713,.F.);
#7288=ORIENTED_EDGE('',*,*,#5718,.F.);
#7289=ORIENTED_EDGE('',*,*,#5719,.T.);
#7290=ORIENTED_EDGE('',*,*,#5720,.T.);
#7291=ORIENTED_EDGE('',*,*,#5716,.F.);
#7292=ORIENTED_EDGE('',*,*,#5721,.F.);
#7293=ORIENTED_EDGE('',*,*,#5722,.T.);
#7294=ORIENTED_EDGE('',*,*,#5723,.T.);
#7295=ORIENTED_EDGE('',*,*,#5719,.F.);
#7296=ORIENTED_EDGE('',*,*,#5724,.F.);
#7297=ORIENTED_EDGE('',*,*,#5725,.T.);
#7298=ORIENTED_EDGE('',*,*,#5726,.T.);
#7299=ORIENTED_EDGE('',*,*,#5722,.F.);
#7300=ORIENTED_EDGE('',*,*,#5727,.F.);
#7301=ORIENTED_EDGE('',*,*,#5728,.T.);
#7302=ORIENTED_EDGE('',*,*,#5729,.T.);
#7303=ORIENTED_EDGE('',*,*,#5725,.F.);
#7304=ORIENTED_EDGE('',*,*,#5730,.F.);
#7305=ORIENTED_EDGE('',*,*,#5699,.T.);
#7306=ORIENTED_EDGE('',*,*,#5731,.T.);
#7307=ORIENTED_EDGE('',*,*,#5728,.F.);
#7308=ORIENTED_EDGE('',*,*,#5731,.F.);
#7309=ORIENTED_EDGE('',*,*,#5698,.F.);
#7310=ORIENTED_EDGE('',*,*,#5702,.F.);
#7311=ORIENTED_EDGE('',*,*,#5705,.F.);
#7312=ORIENTED_EDGE('',*,*,#5708,.F.);
#7313=ORIENTED_EDGE('',*,*,#5711,.F.);
#7314=ORIENTED_EDGE('',*,*,#5714,.F.);
#7315=ORIENTED_EDGE('',*,*,#5717,.F.);
#7316=ORIENTED_EDGE('',*,*,#5720,.F.);
#7317=ORIENTED_EDGE('',*,*,#5723,.F.);
#7318=ORIENTED_EDGE('',*,*,#5726,.F.);
#7319=ORIENTED_EDGE('',*,*,#5729,.F.);
#7320=ORIENTED_EDGE('',*,*,#5732,.F.);
#7321=ORIENTED_EDGE('',*,*,#5733,.T.);
#7322=ORIENTED_EDGE('',*,*,#5734,.T.);
#7323=ORIENTED_EDGE('',*,*,#5735,.F.);
#7324=ORIENTED_EDGE('',*,*,#5736,.F.);
#7325=ORIENTED_EDGE('',*,*,#5737,.T.);
#7326=ORIENTED_EDGE('',*,*,#5738,.T.);
#7327=ORIENTED_EDGE('',*,*,#5733,.F.);
#7328=ORIENTED_EDGE('',*,*,#5739,.F.);
#7329=ORIENTED_EDGE('',*,*,#5740,.T.);
#7330=ORIENTED_EDGE('',*,*,#5741,.T.);
#7331=ORIENTED_EDGE('',*,*,#5737,.F.);
#7332=ORIENTED_EDGE('',*,*,#5742,.F.);
#7333=ORIENTED_EDGE('',*,*,#5743,.T.);
#7334=ORIENTED_EDGE('',*,*,#5744,.T.);
#7335=ORIENTED_EDGE('',*,*,#5740,.F.);
#7336=ORIENTED_EDGE('',*,*,#5745,.F.);
#7337=ORIENTED_EDGE('',*,*,#5746,.T.);
#7338=ORIENTED_EDGE('',*,*,#5747,.T.);
#7339=ORIENTED_EDGE('',*,*,#5743,.F.);
#7340=ORIENTED_EDGE('',*,*,#5748,.F.);
#7341=ORIENTED_EDGE('',*,*,#5749,.T.);
#7342=ORIENTED_EDGE('',*,*,#5750,.T.);
#7343=ORIENTED_EDGE('',*,*,#5746,.F.);
#7344=ORIENTED_EDGE('',*,*,#5751,.F.);
#7345=ORIENTED_EDGE('',*,*,#5752,.T.);
#7346=ORIENTED_EDGE('',*,*,#5753,.T.);
#7347=ORIENTED_EDGE('',*,*,#5749,.F.);
#7348=ORIENTED_EDGE('',*,*,#5754,.F.);
#7349=ORIENTED_EDGE('',*,*,#5735,.T.);
#7350=ORIENTED_EDGE('',*,*,#5755,.T.);
#7351=ORIENTED_EDGE('',*,*,#5752,.F.);
#7352=ORIENTED_EDGE('',*,*,#5755,.F.);
#7353=ORIENTED_EDGE('',*,*,#5734,.F.);
#7354=ORIENTED_EDGE('',*,*,#5738,.F.);
#7355=ORIENTED_EDGE('',*,*,#5741,.F.);
#7356=ORIENTED_EDGE('',*,*,#5744,.F.);
#7357=ORIENTED_EDGE('',*,*,#5747,.F.);
#7358=ORIENTED_EDGE('',*,*,#5750,.F.);
#7359=ORIENTED_EDGE('',*,*,#5753,.F.);
#7360=ORIENTED_EDGE('',*,*,#5756,.F.);
#7361=ORIENTED_EDGE('',*,*,#5757,.T.);
#7362=ORIENTED_EDGE('',*,*,#5758,.T.);
#7363=ORIENTED_EDGE('',*,*,#5759,.F.);
#7364=ORIENTED_EDGE('',*,*,#5760,.F.);
#7365=ORIENTED_EDGE('',*,*,#5759,.T.);
#7366=ORIENTED_EDGE('',*,*,#5761,.T.);
#7367=ORIENTED_EDGE('',*,*,#5762,.F.);
#7368=ORIENTED_EDGE('',*,*,#5763,.F.);
#7369=ORIENTED_EDGE('',*,*,#5762,.T.);
#7370=ORIENTED_EDGE('',*,*,#5764,.T.);
#7371=ORIENTED_EDGE('',*,*,#5757,.F.);
#7372=ORIENTED_EDGE('',*,*,#5765,.F.);
#7373=ORIENTED_EDGE('',*,*,#5766,.T.);
#7374=ORIENTED_EDGE('',*,*,#5767,.T.);
#7375=ORIENTED_EDGE('',*,*,#5768,.F.);
#7376=ORIENTED_EDGE('',*,*,#5769,.F.);
#7377=ORIENTED_EDGE('',*,*,#5770,.T.);
#7378=ORIENTED_EDGE('',*,*,#5771,.T.);
#7379=ORIENTED_EDGE('',*,*,#5766,.F.);
#7380=ORIENTED_EDGE('',*,*,#5772,.F.);
#7381=ORIENTED_EDGE('',*,*,#5773,.T.);
#7382=ORIENTED_EDGE('',*,*,#5774,.T.);
#7383=ORIENTED_EDGE('',*,*,#5770,.F.);
#7384=ORIENTED_EDGE('',*,*,#5775,.F.);
#7385=ORIENTED_EDGE('',*,*,#5776,.T.);
#7386=ORIENTED_EDGE('',*,*,#5777,.T.);
#7387=ORIENTED_EDGE('',*,*,#5773,.F.);
#7388=ORIENTED_EDGE('',*,*,#5778,.F.);
#7389=ORIENTED_EDGE('',*,*,#5779,.T.);
#7390=ORIENTED_EDGE('',*,*,#5780,.T.);
#7391=ORIENTED_EDGE('',*,*,#5776,.F.);
#7392=ORIENTED_EDGE('',*,*,#5781,.F.);
#7393=ORIENTED_EDGE('',*,*,#5782,.T.);
#7394=ORIENTED_EDGE('',*,*,#5783,.T.);
#7395=ORIENTED_EDGE('',*,*,#5779,.F.);
#7396=ORIENTED_EDGE('',*,*,#5784,.F.);
#7397=ORIENTED_EDGE('',*,*,#5785,.T.);
#7398=ORIENTED_EDGE('',*,*,#5786,.T.);
#7399=ORIENTED_EDGE('',*,*,#5782,.F.);
#7400=ORIENTED_EDGE('',*,*,#5787,.F.);
#7401=ORIENTED_EDGE('',*,*,#5768,.T.);
#7402=ORIENTED_EDGE('',*,*,#5788,.T.);
#7403=ORIENTED_EDGE('',*,*,#5785,.F.);
#7404=ORIENTED_EDGE('',*,*,#5788,.F.);
#7405=ORIENTED_EDGE('',*,*,#5767,.F.);
#7406=ORIENTED_EDGE('',*,*,#5771,.F.);
#7407=ORIENTED_EDGE('',*,*,#5774,.F.);
#7408=ORIENTED_EDGE('',*,*,#5777,.F.);
#7409=ORIENTED_EDGE('',*,*,#5780,.F.);
#7410=ORIENTED_EDGE('',*,*,#5783,.F.);
#7411=ORIENTED_EDGE('',*,*,#5786,.F.);
#7412=ORIENTED_EDGE('',*,*,#5758,.F.);
#7413=ORIENTED_EDGE('',*,*,#5764,.F.);
#7414=ORIENTED_EDGE('',*,*,#5761,.F.);
#7415=ORIENTED_EDGE('',*,*,#5789,.F.);
#7416=ORIENTED_EDGE('',*,*,#5790,.T.);
#7417=ORIENTED_EDGE('',*,*,#5791,.T.);
#7418=ORIENTED_EDGE('',*,*,#5792,.F.);
#7419=ORIENTED_EDGE('',*,*,#5793,.F.);
#7420=ORIENTED_EDGE('',*,*,#5794,.T.);
#7421=ORIENTED_EDGE('',*,*,#5795,.T.);
#7422=ORIENTED_EDGE('',*,*,#5790,.F.);
#7423=ORIENTED_EDGE('',*,*,#5796,.F.);
#7424=ORIENTED_EDGE('',*,*,#5797,.T.);
#7425=ORIENTED_EDGE('',*,*,#5798,.T.);
#7426=ORIENTED_EDGE('',*,*,#5794,.F.);
#7427=ORIENTED_EDGE('',*,*,#5799,.F.);
#7428=ORIENTED_EDGE('',*,*,#5800,.T.);
#7429=ORIENTED_EDGE('',*,*,#5801,.T.);
#7430=ORIENTED_EDGE('',*,*,#5797,.F.);
#7431=ORIENTED_EDGE('',*,*,#5802,.F.);
#7432=ORIENTED_EDGE('',*,*,#5803,.T.);
#7433=ORIENTED_EDGE('',*,*,#5804,.T.);
#7434=ORIENTED_EDGE('',*,*,#5800,.F.);
#7435=ORIENTED_EDGE('',*,*,#5805,.F.);
#7436=ORIENTED_EDGE('',*,*,#5806,.T.);
#7437=ORIENTED_EDGE('',*,*,#5807,.T.);
#7438=ORIENTED_EDGE('',*,*,#5803,.F.);
#7439=ORIENTED_EDGE('',*,*,#5808,.F.);
#7440=ORIENTED_EDGE('',*,*,#5809,.T.);
#7441=ORIENTED_EDGE('',*,*,#5810,.T.);
#7442=ORIENTED_EDGE('',*,*,#5806,.F.);
#7443=ORIENTED_EDGE('',*,*,#5811,.F.);
#7444=ORIENTED_EDGE('',*,*,#5812,.T.);
#7445=ORIENTED_EDGE('',*,*,#5813,.T.);
#7446=ORIENTED_EDGE('',*,*,#5809,.F.);
#7447=ORIENTED_EDGE('',*,*,#5814,.F.);
#7448=ORIENTED_EDGE('',*,*,#5815,.T.);
#7449=ORIENTED_EDGE('',*,*,#5816,.T.);
#7450=ORIENTED_EDGE('',*,*,#5812,.F.);
#7451=ORIENTED_EDGE('',*,*,#5817,.F.);
#7452=ORIENTED_EDGE('',*,*,#5818,.T.);
#7453=ORIENTED_EDGE('',*,*,#5819,.T.);
#7454=ORIENTED_EDGE('',*,*,#5815,.F.);
#7455=ORIENTED_EDGE('',*,*,#5820,.F.);
#7456=ORIENTED_EDGE('',*,*,#5821,.T.);
#7457=ORIENTED_EDGE('',*,*,#5822,.T.);
#7458=ORIENTED_EDGE('',*,*,#5818,.F.);
#7459=ORIENTED_EDGE('',*,*,#5823,.F.);
#7460=ORIENTED_EDGE('',*,*,#5824,.T.);
#7461=ORIENTED_EDGE('',*,*,#5825,.T.);
#7462=ORIENTED_EDGE('',*,*,#5821,.F.);
#7463=ORIENTED_EDGE('',*,*,#5826,.F.);
#7464=ORIENTED_EDGE('',*,*,#5792,.T.);
#7465=ORIENTED_EDGE('',*,*,#5827,.T.);
#7466=ORIENTED_EDGE('',*,*,#5824,.F.);
#7467=ORIENTED_EDGE('',*,*,#5827,.F.);
#7468=ORIENTED_EDGE('',*,*,#5791,.F.);
#7469=ORIENTED_EDGE('',*,*,#5795,.F.);
#7470=ORIENTED_EDGE('',*,*,#5798,.F.);
#7471=ORIENTED_EDGE('',*,*,#5801,.F.);
#7472=ORIENTED_EDGE('',*,*,#5804,.F.);
#7473=ORIENTED_EDGE('',*,*,#5807,.F.);
#7474=ORIENTED_EDGE('',*,*,#5810,.F.);
#7475=ORIENTED_EDGE('',*,*,#5813,.F.);
#7476=ORIENTED_EDGE('',*,*,#5816,.F.);
#7477=ORIENTED_EDGE('',*,*,#5819,.F.);
#7478=ORIENTED_EDGE('',*,*,#5822,.F.);
#7479=ORIENTED_EDGE('',*,*,#5825,.F.);
#7480=ORIENTED_EDGE('',*,*,#5828,.F.);
#7481=ORIENTED_EDGE('',*,*,#5829,.T.);
#7482=ORIENTED_EDGE('',*,*,#5830,.T.);
#7483=ORIENTED_EDGE('',*,*,#5831,.F.);
#7484=ORIENTED_EDGE('',*,*,#5832,.F.);
#7485=ORIENTED_EDGE('',*,*,#5833,.T.);
#7486=ORIENTED_EDGE('',*,*,#5834,.T.);
#7487=ORIENTED_EDGE('',*,*,#5829,.F.);
#7488=ORIENTED_EDGE('',*,*,#5835,.F.);
#7489=ORIENTED_EDGE('',*,*,#5836,.T.);
#7490=ORIENTED_EDGE('',*,*,#5837,.T.);
#7491=ORIENTED_EDGE('',*,*,#5833,.F.);
#7492=ORIENTED_EDGE('',*,*,#5838,.F.);
#7493=ORIENTED_EDGE('',*,*,#5839,.T.);
#7494=ORIENTED_EDGE('',*,*,#5840,.T.);
#7495=ORIENTED_EDGE('',*,*,#5836,.F.);
#7496=ORIENTED_EDGE('',*,*,#5841,.F.);
#7497=ORIENTED_EDGE('',*,*,#5842,.T.);
#7498=ORIENTED_EDGE('',*,*,#5843,.T.);
#7499=ORIENTED_EDGE('',*,*,#5839,.F.);
#7500=ORIENTED_EDGE('',*,*,#5844,.F.);
#7501=ORIENTED_EDGE('',*,*,#5831,.T.);
#7502=ORIENTED_EDGE('',*,*,#5845,.T.);
#7503=ORIENTED_EDGE('',*,*,#5842,.F.);
#7504=ORIENTED_EDGE('',*,*,#5845,.F.);
#7505=ORIENTED_EDGE('',*,*,#5830,.F.);
#7506=ORIENTED_EDGE('',*,*,#5834,.F.);
#7507=ORIENTED_EDGE('',*,*,#5837,.F.);
#7508=ORIENTED_EDGE('',*,*,#5840,.F.);
#7509=ORIENTED_EDGE('',*,*,#5843,.F.);
#7510=ORIENTED_EDGE('',*,*,#5846,.F.);
#7511=ORIENTED_EDGE('',*,*,#5847,.T.);
#7512=ORIENTED_EDGE('',*,*,#5848,.T.);
#7513=ORIENTED_EDGE('',*,*,#5849,.F.);
#7514=ORIENTED_EDGE('',*,*,#5850,.F.);
#7515=ORIENTED_EDGE('',*,*,#5851,.T.);
#7516=ORIENTED_EDGE('',*,*,#5852,.T.);
#7517=ORIENTED_EDGE('',*,*,#5847,.F.);
#7518=ORIENTED_EDGE('',*,*,#5853,.F.);
#7519=ORIENTED_EDGE('',*,*,#5854,.T.);
#7520=ORIENTED_EDGE('',*,*,#5855,.T.);
#7521=ORIENTED_EDGE('',*,*,#5851,.F.);
#7522=ORIENTED_EDGE('',*,*,#5856,.F.);
#7523=ORIENTED_EDGE('',*,*,#5857,.T.);
#7524=ORIENTED_EDGE('',*,*,#5858,.T.);
#7525=ORIENTED_EDGE('',*,*,#5854,.F.);
#7526=ORIENTED_EDGE('',*,*,#5859,.F.);
#7527=ORIENTED_EDGE('',*,*,#5860,.T.);
#7528=ORIENTED_EDGE('',*,*,#5861,.T.);
#7529=ORIENTED_EDGE('',*,*,#5857,.F.);
#7530=ORIENTED_EDGE('',*,*,#5862,.F.);
#7531=ORIENTED_EDGE('',*,*,#5863,.T.);
#7532=ORIENTED_EDGE('',*,*,#5864,.T.);
#7533=ORIENTED_EDGE('',*,*,#5860,.F.);
#7534=ORIENTED_EDGE('',*,*,#5865,.F.);
#7535=ORIENTED_EDGE('',*,*,#5866,.T.);
#7536=ORIENTED_EDGE('',*,*,#5867,.T.);
#7537=ORIENTED_EDGE('',*,*,#5863,.F.);
#7538=ORIENTED_EDGE('',*,*,#5868,.F.);
#7539=ORIENTED_EDGE('',*,*,#5869,.T.);
#7540=ORIENTED_EDGE('',*,*,#5870,.T.);
#7541=ORIENTED_EDGE('',*,*,#5866,.F.);
#7542=ORIENTED_EDGE('',*,*,#5871,.F.);
#7543=ORIENTED_EDGE('',*,*,#5872,.T.);
#7544=ORIENTED_EDGE('',*,*,#5873,.T.);
#7545=ORIENTED_EDGE('',*,*,#5869,.F.);
#7546=ORIENTED_EDGE('',*,*,#5874,.F.);
#7547=ORIENTED_EDGE('',*,*,#5875,.T.);
#7548=ORIENTED_EDGE('',*,*,#5876,.T.);
#7549=ORIENTED_EDGE('',*,*,#5872,.F.);
#7550=ORIENTED_EDGE('',*,*,#5877,.F.);
#7551=ORIENTED_EDGE('',*,*,#5878,.T.);
#7552=ORIENTED_EDGE('',*,*,#5879,.T.);
#7553=ORIENTED_EDGE('',*,*,#5875,.F.);
#7554=ORIENTED_EDGE('',*,*,#5880,.F.);
#7555=ORIENTED_EDGE('',*,*,#5881,.T.);
#7556=ORIENTED_EDGE('',*,*,#5882,.T.);
#7557=ORIENTED_EDGE('',*,*,#5878,.F.);
#7558=ORIENTED_EDGE('',*,*,#5883,.F.);
#7559=ORIENTED_EDGE('',*,*,#5884,.T.);
#7560=ORIENTED_EDGE('',*,*,#5885,.T.);
#7561=ORIENTED_EDGE('',*,*,#5881,.F.);
#7562=ORIENTED_EDGE('',*,*,#5886,.F.);
#7563=ORIENTED_EDGE('',*,*,#5887,.T.);
#7564=ORIENTED_EDGE('',*,*,#5888,.T.);
#7565=ORIENTED_EDGE('',*,*,#5884,.F.);
#7566=ORIENTED_EDGE('',*,*,#5889,.F.);
#7567=ORIENTED_EDGE('',*,*,#5890,.T.);
#7568=ORIENTED_EDGE('',*,*,#5891,.T.);
#7569=ORIENTED_EDGE('',*,*,#5887,.F.);
#7570=ORIENTED_EDGE('',*,*,#5892,.F.);
#7571=ORIENTED_EDGE('',*,*,#5893,.T.);
#7572=ORIENTED_EDGE('',*,*,#5894,.T.);
#7573=ORIENTED_EDGE('',*,*,#5890,.F.);
#7574=ORIENTED_EDGE('',*,*,#5895,.F.);
#7575=ORIENTED_EDGE('',*,*,#5896,.T.);
#7576=ORIENTED_EDGE('',*,*,#5897,.T.);
#7577=ORIENTED_EDGE('',*,*,#5893,.F.);
#7578=ORIENTED_EDGE('',*,*,#5898,.F.);
#7579=ORIENTED_EDGE('',*,*,#5849,.T.);
#7580=ORIENTED_EDGE('',*,*,#5899,.T.);
#7581=ORIENTED_EDGE('',*,*,#5896,.F.);
#7582=ORIENTED_EDGE('',*,*,#5899,.F.);
#7583=ORIENTED_EDGE('',*,*,#5848,.F.);
#7584=ORIENTED_EDGE('',*,*,#5852,.F.);
#7585=ORIENTED_EDGE('',*,*,#5855,.F.);
#7586=ORIENTED_EDGE('',*,*,#5858,.F.);
#7587=ORIENTED_EDGE('',*,*,#5861,.F.);
#7588=ORIENTED_EDGE('',*,*,#5864,.F.);
#7589=ORIENTED_EDGE('',*,*,#5867,.F.);
#7590=ORIENTED_EDGE('',*,*,#5870,.F.);
#7591=ORIENTED_EDGE('',*,*,#5873,.F.);
#7592=ORIENTED_EDGE('',*,*,#5876,.F.);
#7593=ORIENTED_EDGE('',*,*,#5879,.F.);
#7594=ORIENTED_EDGE('',*,*,#5882,.F.);
#7595=ORIENTED_EDGE('',*,*,#5885,.F.);
#7596=ORIENTED_EDGE('',*,*,#5888,.F.);
#7597=ORIENTED_EDGE('',*,*,#5891,.F.);
#7598=ORIENTED_EDGE('',*,*,#5894,.F.);
#7599=ORIENTED_EDGE('',*,*,#5897,.F.);
#7600=ORIENTED_EDGE('',*,*,#5900,.F.);
#7601=ORIENTED_EDGE('',*,*,#5901,.T.);
#7602=ORIENTED_EDGE('',*,*,#5902,.T.);
#7603=ORIENTED_EDGE('',*,*,#5903,.F.);
#7604=ORIENTED_EDGE('',*,*,#5904,.F.);
#7605=ORIENTED_EDGE('',*,*,#5905,.T.);
#7606=ORIENTED_EDGE('',*,*,#5906,.T.);
#7607=ORIENTED_EDGE('',*,*,#5901,.F.);
#7608=ORIENTED_EDGE('',*,*,#5907,.F.);
#7609=ORIENTED_EDGE('',*,*,#5908,.T.);
#7610=ORIENTED_EDGE('',*,*,#5909,.T.);
#7611=ORIENTED_EDGE('',*,*,#5905,.F.);
#7612=ORIENTED_EDGE('',*,*,#5910,.F.);
#7613=ORIENTED_EDGE('',*,*,#5903,.T.);
#7614=ORIENTED_EDGE('',*,*,#5911,.T.);
#7615=ORIENTED_EDGE('',*,*,#5908,.F.);
#7616=ORIENTED_EDGE('',*,*,#5911,.F.);
#7617=ORIENTED_EDGE('',*,*,#5902,.F.);
#7618=ORIENTED_EDGE('',*,*,#5906,.F.);
#7619=ORIENTED_EDGE('',*,*,#5909,.F.);
#7620=ORIENTED_EDGE('',*,*,#5912,.F.);
#7621=ORIENTED_EDGE('',*,*,#5913,.T.);
#7622=ORIENTED_EDGE('',*,*,#5914,.T.);
#7623=ORIENTED_EDGE('',*,*,#5915,.F.);
#7624=ORIENTED_EDGE('',*,*,#5916,.F.);
#7625=ORIENTED_EDGE('',*,*,#5917,.T.);
#7626=ORIENTED_EDGE('',*,*,#5918,.T.);
#7627=ORIENTED_EDGE('',*,*,#5913,.F.);
#7628=ORIENTED_EDGE('',*,*,#5919,.F.);
#7629=ORIENTED_EDGE('',*,*,#5920,.T.);
#7630=ORIENTED_EDGE('',*,*,#5921,.T.);
#7631=ORIENTED_EDGE('',*,*,#5917,.F.);
#7632=ORIENTED_EDGE('',*,*,#5922,.F.);
#7633=ORIENTED_EDGE('',*,*,#5923,.T.);
#7634=ORIENTED_EDGE('',*,*,#5924,.T.);
#7635=ORIENTED_EDGE('',*,*,#5920,.F.);
#7636=ORIENTED_EDGE('',*,*,#5925,.F.);
#7637=ORIENTED_EDGE('',*,*,#5926,.T.);
#7638=ORIENTED_EDGE('',*,*,#5927,.T.);
#7639=ORIENTED_EDGE('',*,*,#5923,.F.);
#7640=ORIENTED_EDGE('',*,*,#5928,.F.);
#7641=ORIENTED_EDGE('',*,*,#5929,.T.);
#7642=ORIENTED_EDGE('',*,*,#5930,.T.);
#7643=ORIENTED_EDGE('',*,*,#5926,.F.);
#7644=ORIENTED_EDGE('',*,*,#5931,.F.);
#7645=ORIENTED_EDGE('',*,*,#5932,.T.);
#7646=ORIENTED_EDGE('',*,*,#5933,.T.);
#7647=ORIENTED_EDGE('',*,*,#5929,.F.);
#7648=ORIENTED_EDGE('',*,*,#5934,.F.);
#7649=ORIENTED_EDGE('',*,*,#5915,.T.);
#7650=ORIENTED_EDGE('',*,*,#5935,.T.);
#7651=ORIENTED_EDGE('',*,*,#5932,.F.);
#7652=ORIENTED_EDGE('',*,*,#5935,.F.);
#7653=ORIENTED_EDGE('',*,*,#5914,.F.);
#7654=ORIENTED_EDGE('',*,*,#5918,.F.);
#7655=ORIENTED_EDGE('',*,*,#5921,.F.);
#7656=ORIENTED_EDGE('',*,*,#5924,.F.);
#7657=ORIENTED_EDGE('',*,*,#5927,.F.);
#7658=ORIENTED_EDGE('',*,*,#5930,.F.);
#7659=ORIENTED_EDGE('',*,*,#5933,.F.);
#7660=ORIENTED_EDGE('',*,*,#5936,.F.);
#7661=ORIENTED_EDGE('',*,*,#5937,.T.);
#7662=ORIENTED_EDGE('',*,*,#5938,.T.);
#7663=ORIENTED_EDGE('',*,*,#5939,.F.);
#7664=ORIENTED_EDGE('',*,*,#5940,.F.);
#7665=ORIENTED_EDGE('',*,*,#5939,.T.);
#7666=ORIENTED_EDGE('',*,*,#5941,.T.);
#7667=ORIENTED_EDGE('',*,*,#5942,.F.);
#7668=ORIENTED_EDGE('',*,*,#5943,.F.);
#7669=ORIENTED_EDGE('',*,*,#5942,.T.);
#7670=ORIENTED_EDGE('',*,*,#5944,.T.);
#7671=ORIENTED_EDGE('',*,*,#5937,.F.);
#7672=ORIENTED_EDGE('',*,*,#5945,.F.);
#7673=ORIENTED_EDGE('',*,*,#5946,.T.);
#7674=ORIENTED_EDGE('',*,*,#5947,.T.);
#7675=ORIENTED_EDGE('',*,*,#5948,.F.);
#7676=ORIENTED_EDGE('',*,*,#5949,.F.);
#7677=ORIENTED_EDGE('',*,*,#5950,.T.);
#7678=ORIENTED_EDGE('',*,*,#5951,.T.);
#7679=ORIENTED_EDGE('',*,*,#5946,.F.);
#7680=ORIENTED_EDGE('',*,*,#5952,.F.);
#7681=ORIENTED_EDGE('',*,*,#5953,.T.);
#7682=ORIENTED_EDGE('',*,*,#5954,.T.);
#7683=ORIENTED_EDGE('',*,*,#5950,.F.);
#7684=ORIENTED_EDGE('',*,*,#5955,.F.);
#7685=ORIENTED_EDGE('',*,*,#5956,.T.);
#7686=ORIENTED_EDGE('',*,*,#5957,.T.);
#7687=ORIENTED_EDGE('',*,*,#5953,.F.);
#7688=ORIENTED_EDGE('',*,*,#5958,.F.);
#7689=ORIENTED_EDGE('',*,*,#5959,.T.);
#7690=ORIENTED_EDGE('',*,*,#5960,.T.);
#7691=ORIENTED_EDGE('',*,*,#5956,.F.);
#7692=ORIENTED_EDGE('',*,*,#5961,.F.);
#7693=ORIENTED_EDGE('',*,*,#5962,.T.);
#7694=ORIENTED_EDGE('',*,*,#5963,.T.);
#7695=ORIENTED_EDGE('',*,*,#5959,.F.);
#7696=ORIENTED_EDGE('',*,*,#5964,.F.);
#7697=ORIENTED_EDGE('',*,*,#5965,.T.);
#7698=ORIENTED_EDGE('',*,*,#5966,.T.);
#7699=ORIENTED_EDGE('',*,*,#5962,.F.);
#7700=ORIENTED_EDGE('',*,*,#5967,.F.);
#7701=ORIENTED_EDGE('',*,*,#5968,.T.);
#7702=ORIENTED_EDGE('',*,*,#5969,.T.);
#7703=ORIENTED_EDGE('',*,*,#5965,.F.);
#7704=ORIENTED_EDGE('',*,*,#5970,.F.);
#7705=ORIENTED_EDGE('',*,*,#5971,.T.);
#7706=ORIENTED_EDGE('',*,*,#5972,.T.);
#7707=ORIENTED_EDGE('',*,*,#5968,.F.);
#7708=ORIENTED_EDGE('',*,*,#5973,.F.);
#7709=ORIENTED_EDGE('',*,*,#5974,.T.);
#7710=ORIENTED_EDGE('',*,*,#5975,.T.);
#7711=ORIENTED_EDGE('',*,*,#5971,.F.);
#7712=ORIENTED_EDGE('',*,*,#5976,.F.);
#7713=ORIENTED_EDGE('',*,*,#5948,.T.);
#7714=ORIENTED_EDGE('',*,*,#5977,.T.);
#7715=ORIENTED_EDGE('',*,*,#5974,.F.);
#7716=ORIENTED_EDGE('',*,*,#5977,.F.);
#7717=ORIENTED_EDGE('',*,*,#5947,.F.);
#7718=ORIENTED_EDGE('',*,*,#5951,.F.);
#7719=ORIENTED_EDGE('',*,*,#5954,.F.);
#7720=ORIENTED_EDGE('',*,*,#5957,.F.);
#7721=ORIENTED_EDGE('',*,*,#5960,.F.);
#7722=ORIENTED_EDGE('',*,*,#5963,.F.);
#7723=ORIENTED_EDGE('',*,*,#5966,.F.);
#7724=ORIENTED_EDGE('',*,*,#5969,.F.);
#7725=ORIENTED_EDGE('',*,*,#5972,.F.);
#7726=ORIENTED_EDGE('',*,*,#5975,.F.);
#7727=ORIENTED_EDGE('',*,*,#5938,.F.);
#7728=ORIENTED_EDGE('',*,*,#5944,.F.);
#7729=ORIENTED_EDGE('',*,*,#5941,.F.);
#7730=ORIENTED_EDGE('',*,*,#5978,.F.);
#7731=ORIENTED_EDGE('',*,*,#5979,.T.);
#7732=ORIENTED_EDGE('',*,*,#5980,.T.);
#7733=ORIENTED_EDGE('',*,*,#5981,.F.);
#7734=ORIENTED_EDGE('',*,*,#5982,.F.);
#7735=ORIENTED_EDGE('',*,*,#5981,.T.);
#7736=ORIENTED_EDGE('',*,*,#5983,.T.);
#7737=ORIENTED_EDGE('',*,*,#5984,.F.);
#7738=ORIENTED_EDGE('',*,*,#5985,.F.);
#7739=ORIENTED_EDGE('',*,*,#5984,.T.);
#7740=ORIENTED_EDGE('',*,*,#5986,.T.);
#7741=ORIENTED_EDGE('',*,*,#5979,.F.);
#7742=ORIENTED_EDGE('',*,*,#5987,.F.);
#7743=ORIENTED_EDGE('',*,*,#5988,.T.);
#7744=ORIENTED_EDGE('',*,*,#5989,.T.);
#7745=ORIENTED_EDGE('',*,*,#5990,.F.);
#7746=ORIENTED_EDGE('',*,*,#5991,.F.);
#7747=ORIENTED_EDGE('',*,*,#5992,.T.);
#7748=ORIENTED_EDGE('',*,*,#5993,.T.);
#7749=ORIENTED_EDGE('',*,*,#5988,.F.);
#7750=ORIENTED_EDGE('',*,*,#5994,.F.);
#7751=ORIENTED_EDGE('',*,*,#5995,.T.);
#7752=ORIENTED_EDGE('',*,*,#5996,.T.);
#7753=ORIENTED_EDGE('',*,*,#5992,.F.);
#7754=ORIENTED_EDGE('',*,*,#5997,.F.);
#7755=ORIENTED_EDGE('',*,*,#5998,.T.);
#7756=ORIENTED_EDGE('',*,*,#5999,.T.);
#7757=ORIENTED_EDGE('',*,*,#5995,.F.);
#7758=ORIENTED_EDGE('',*,*,#6000,.F.);
#7759=ORIENTED_EDGE('',*,*,#6001,.T.);
#7760=ORIENTED_EDGE('',*,*,#6002,.T.);
#7761=ORIENTED_EDGE('',*,*,#5998,.F.);
#7762=ORIENTED_EDGE('',*,*,#6003,.F.);
#7763=ORIENTED_EDGE('',*,*,#6004,.T.);
#7764=ORIENTED_EDGE('',*,*,#6005,.T.);
#7765=ORIENTED_EDGE('',*,*,#6001,.F.);
#7766=ORIENTED_EDGE('',*,*,#6006,.F.);
#7767=ORIENTED_EDGE('',*,*,#6007,.T.);
#7768=ORIENTED_EDGE('',*,*,#6008,.T.);
#7769=ORIENTED_EDGE('',*,*,#6004,.F.);
#7770=ORIENTED_EDGE('',*,*,#6009,.F.);
#7771=ORIENTED_EDGE('',*,*,#5990,.T.);
#7772=ORIENTED_EDGE('',*,*,#6010,.T.);
#7773=ORIENTED_EDGE('',*,*,#6007,.F.);
#7774=ORIENTED_EDGE('',*,*,#6010,.F.);
#7775=ORIENTED_EDGE('',*,*,#5989,.F.);
#7776=ORIENTED_EDGE('',*,*,#5993,.F.);
#7777=ORIENTED_EDGE('',*,*,#5996,.F.);
#7778=ORIENTED_EDGE('',*,*,#5999,.F.);
#7779=ORIENTED_EDGE('',*,*,#6002,.F.);
#7780=ORIENTED_EDGE('',*,*,#6005,.F.);
#7781=ORIENTED_EDGE('',*,*,#6008,.F.);
#7782=ORIENTED_EDGE('',*,*,#5980,.F.);
#7783=ORIENTED_EDGE('',*,*,#5986,.F.);
#7784=ORIENTED_EDGE('',*,*,#5983,.F.);
#7785=ORIENTED_EDGE('',*,*,#6011,.F.);
#7786=ORIENTED_EDGE('',*,*,#6012,.T.);
#7787=ORIENTED_EDGE('',*,*,#6013,.T.);
#7788=ORIENTED_EDGE('',*,*,#6014,.F.);
#7789=ORIENTED_EDGE('',*,*,#6015,.F.);
#7790=ORIENTED_EDGE('',*,*,#6014,.T.);
#7791=ORIENTED_EDGE('',*,*,#6016,.T.);
#7792=ORIENTED_EDGE('',*,*,#6017,.F.);
#7793=ORIENTED_EDGE('',*,*,#6018,.F.);
#7794=ORIENTED_EDGE('',*,*,#6017,.T.);
#7795=ORIENTED_EDGE('',*,*,#6019,.T.);
#7796=ORIENTED_EDGE('',*,*,#6020,.F.);
#7797=ORIENTED_EDGE('',*,*,#6021,.F.);
#7798=ORIENTED_EDGE('',*,*,#6020,.T.);
#7799=ORIENTED_EDGE('',*,*,#6022,.T.);
#7800=ORIENTED_EDGE('',*,*,#6023,.F.);
#7801=ORIENTED_EDGE('',*,*,#6024,.F.);
#7802=ORIENTED_EDGE('',*,*,#6023,.T.);
#7803=ORIENTED_EDGE('',*,*,#6025,.T.);
#7804=ORIENTED_EDGE('',*,*,#6026,.F.);
#7805=ORIENTED_EDGE('',*,*,#6027,.F.);
#7806=ORIENTED_EDGE('',*,*,#6026,.T.);
#7807=ORIENTED_EDGE('',*,*,#6028,.T.);
#7808=ORIENTED_EDGE('',*,*,#6029,.F.);
#7809=ORIENTED_EDGE('',*,*,#6030,.F.);
#7810=ORIENTED_EDGE('',*,*,#6029,.T.);
#7811=ORIENTED_EDGE('',*,*,#6031,.T.);
#7812=ORIENTED_EDGE('',*,*,#6012,.F.);
#7813=ORIENTED_EDGE('',*,*,#6032,.F.);
#7814=ORIENTED_EDGE('',*,*,#6033,.T.);
#7815=ORIENTED_EDGE('',*,*,#6034,.T.);
#7816=ORIENTED_EDGE('',*,*,#6035,.F.);
#7817=ORIENTED_EDGE('',*,*,#6036,.F.);
#7818=ORIENTED_EDGE('',*,*,#6037,.T.);
#7819=ORIENTED_EDGE('',*,*,#6038,.T.);
#7820=ORIENTED_EDGE('',*,*,#6033,.F.);
#7821=ORIENTED_EDGE('',*,*,#6039,.F.);
#7822=ORIENTED_EDGE('',*,*,#6040,.T.);
#7823=ORIENTED_EDGE('',*,*,#6041,.T.);
#7824=ORIENTED_EDGE('',*,*,#6037,.F.);
#7825=ORIENTED_EDGE('',*,*,#6042,.F.);
#7826=ORIENTED_EDGE('',*,*,#6043,.T.);
#7827=ORIENTED_EDGE('',*,*,#6044,.T.);
#7828=ORIENTED_EDGE('',*,*,#6040,.F.);
#7829=ORIENTED_EDGE('',*,*,#6045,.F.);
#7830=ORIENTED_EDGE('',*,*,#6046,.T.);
#7831=ORIENTED_EDGE('',*,*,#6047,.T.);
#7832=ORIENTED_EDGE('',*,*,#6043,.F.);
#7833=ORIENTED_EDGE('',*,*,#6048,.F.);
#7834=ORIENTED_EDGE('',*,*,#6049,.T.);
#7835=ORIENTED_EDGE('',*,*,#6050,.T.);
#7836=ORIENTED_EDGE('',*,*,#6046,.F.);
#7837=ORIENTED_EDGE('',*,*,#6051,.F.);
#7838=ORIENTED_EDGE('',*,*,#6052,.T.);
#7839=ORIENTED_EDGE('',*,*,#6053,.T.);
#7840=ORIENTED_EDGE('',*,*,#6049,.F.);
#7841=ORIENTED_EDGE('',*,*,#6054,.F.);
#7842=ORIENTED_EDGE('',*,*,#6055,.T.);
#7843=ORIENTED_EDGE('',*,*,#6056,.T.);
#7844=ORIENTED_EDGE('',*,*,#6052,.F.);
#7845=ORIENTED_EDGE('',*,*,#6057,.F.);
#7846=ORIENTED_EDGE('',*,*,#6035,.T.);
#7847=ORIENTED_EDGE('',*,*,#6058,.T.);
#7848=ORIENTED_EDGE('',*,*,#6055,.F.);
#7849=ORIENTED_EDGE('',*,*,#6058,.F.);
#7850=ORIENTED_EDGE('',*,*,#6034,.F.);
#7851=ORIENTED_EDGE('',*,*,#6038,.F.);
#7852=ORIENTED_EDGE('',*,*,#6041,.F.);
#7853=ORIENTED_EDGE('',*,*,#6044,.F.);
#7854=ORIENTED_EDGE('',*,*,#6047,.F.);
#7855=ORIENTED_EDGE('',*,*,#6050,.F.);
#7856=ORIENTED_EDGE('',*,*,#6053,.F.);
#7857=ORIENTED_EDGE('',*,*,#6056,.F.);
#7858=ORIENTED_EDGE('',*,*,#6013,.F.);
#7859=ORIENTED_EDGE('',*,*,#6031,.F.);
#7860=ORIENTED_EDGE('',*,*,#6028,.F.);
#7861=ORIENTED_EDGE('',*,*,#6025,.F.);
#7862=ORIENTED_EDGE('',*,*,#6022,.F.);
#7863=ORIENTED_EDGE('',*,*,#6019,.F.);
#7864=ORIENTED_EDGE('',*,*,#6016,.F.);
#7865=ORIENTED_EDGE('',*,*,#6059,.F.);
#7866=ORIENTED_EDGE('',*,*,#6060,.T.);
#7867=ORIENTED_EDGE('',*,*,#6061,.T.);
#7868=ORIENTED_EDGE('',*,*,#6062,.F.);
#7869=ORIENTED_EDGE('',*,*,#6063,.F.);
#7870=ORIENTED_EDGE('',*,*,#6064,.T.);
#7871=ORIENTED_EDGE('',*,*,#6065,.T.);
#7872=ORIENTED_EDGE('',*,*,#6060,.F.);
#7873=ORIENTED_EDGE('',*,*,#6066,.F.);
#7874=ORIENTED_EDGE('',*,*,#6067,.T.);
#7875=ORIENTED_EDGE('',*,*,#6068,.T.);
#7876=ORIENTED_EDGE('',*,*,#6064,.F.);
#7877=ORIENTED_EDGE('',*,*,#6069,.F.);
#7878=ORIENTED_EDGE('',*,*,#6070,.T.);
#7879=ORIENTED_EDGE('',*,*,#6071,.T.);
#7880=ORIENTED_EDGE('',*,*,#6067,.F.);
#7881=ORIENTED_EDGE('',*,*,#6072,.F.);
#7882=ORIENTED_EDGE('',*,*,#6073,.T.);
#7883=ORIENTED_EDGE('',*,*,#6074,.T.);
#7884=ORIENTED_EDGE('',*,*,#6070,.F.);
#7885=ORIENTED_EDGE('',*,*,#6075,.F.);
#7886=ORIENTED_EDGE('',*,*,#6076,.T.);
#7887=ORIENTED_EDGE('',*,*,#6077,.T.);
#7888=ORIENTED_EDGE('',*,*,#6073,.F.);
#7889=ORIENTED_EDGE('',*,*,#6078,.F.);
#7890=ORIENTED_EDGE('',*,*,#6079,.T.);
#7891=ORIENTED_EDGE('',*,*,#6080,.T.);
#7892=ORIENTED_EDGE('',*,*,#6076,.F.);
#7893=ORIENTED_EDGE('',*,*,#6081,.F.);
#7894=ORIENTED_EDGE('',*,*,#6082,.T.);
#7895=ORIENTED_EDGE('',*,*,#6083,.T.);
#7896=ORIENTED_EDGE('',*,*,#6079,.F.);
#7897=ORIENTED_EDGE('',*,*,#6084,.F.);
#7898=ORIENTED_EDGE('',*,*,#6085,.T.);
#7899=ORIENTED_EDGE('',*,*,#6086,.T.);
#7900=ORIENTED_EDGE('',*,*,#6082,.F.);
#7901=ORIENTED_EDGE('',*,*,#6087,.F.);
#7902=ORIENTED_EDGE('',*,*,#6088,.T.);
#7903=ORIENTED_EDGE('',*,*,#6089,.T.);
#7904=ORIENTED_EDGE('',*,*,#6085,.F.);
#7905=ORIENTED_EDGE('',*,*,#6090,.F.);
#7906=ORIENTED_EDGE('',*,*,#6091,.T.);
#7907=ORIENTED_EDGE('',*,*,#6092,.T.);
#7908=ORIENTED_EDGE('',*,*,#6088,.F.);
#7909=ORIENTED_EDGE('',*,*,#6093,.F.);
#7910=ORIENTED_EDGE('',*,*,#6094,.T.);
#7911=ORIENTED_EDGE('',*,*,#6095,.T.);
#7912=ORIENTED_EDGE('',*,*,#6091,.F.);
#7913=ORIENTED_EDGE('',*,*,#6096,.F.);
#7914=ORIENTED_EDGE('',*,*,#6097,.T.);
#7915=ORIENTED_EDGE('',*,*,#6098,.T.);
#7916=ORIENTED_EDGE('',*,*,#6094,.F.);
#7917=ORIENTED_EDGE('',*,*,#6099,.F.);
#7918=ORIENTED_EDGE('',*,*,#6062,.T.);
#7919=ORIENTED_EDGE('',*,*,#6100,.T.);
#7920=ORIENTED_EDGE('',*,*,#6097,.F.);
#7921=ORIENTED_EDGE('',*,*,#6100,.F.);
#7922=ORIENTED_EDGE('',*,*,#6061,.F.);
#7923=ORIENTED_EDGE('',*,*,#6065,.F.);
#7924=ORIENTED_EDGE('',*,*,#6068,.F.);
#7925=ORIENTED_EDGE('',*,*,#6071,.F.);
#7926=ORIENTED_EDGE('',*,*,#6074,.F.);
#7927=ORIENTED_EDGE('',*,*,#6077,.F.);
#7928=ORIENTED_EDGE('',*,*,#6080,.F.);
#7929=ORIENTED_EDGE('',*,*,#6083,.F.);
#7930=ORIENTED_EDGE('',*,*,#6086,.F.);
#7931=ORIENTED_EDGE('',*,*,#6089,.F.);
#7932=ORIENTED_EDGE('',*,*,#6092,.F.);
#7933=ORIENTED_EDGE('',*,*,#6095,.F.);
#7934=ORIENTED_EDGE('',*,*,#6098,.F.);
#7935=ORIENTED_EDGE('',*,*,#6101,.T.);
#7936=ORIENTED_EDGE('',*,*,#6102,.F.);
#7937=ORIENTED_EDGE('',*,*,#6103,.F.);
#7938=ORIENTED_EDGE('',*,*,#6104,.F.);
#7939=ORIENTED_EDGE('',*,*,#6105,.F.);
#7940=ORIENTED_EDGE('',*,*,#6106,.F.);
#7941=ORIENTED_EDGE('',*,*,#6059,.T.);
#7942=ORIENTED_EDGE('',*,*,#6099,.T.);
#7943=ORIENTED_EDGE('',*,*,#6096,.T.);
#7944=ORIENTED_EDGE('',*,*,#6093,.T.);
#7945=ORIENTED_EDGE('',*,*,#6090,.T.);
#7946=ORIENTED_EDGE('',*,*,#6087,.T.);
#7947=ORIENTED_EDGE('',*,*,#6084,.T.);
#7948=ORIENTED_EDGE('',*,*,#6081,.T.);
#7949=ORIENTED_EDGE('',*,*,#6078,.T.);
#7950=ORIENTED_EDGE('',*,*,#6075,.T.);
#7951=ORIENTED_EDGE('',*,*,#6072,.T.);
#7952=ORIENTED_EDGE('',*,*,#6069,.T.);
#7953=ORIENTED_EDGE('',*,*,#6066,.T.);
#7954=ORIENTED_EDGE('',*,*,#6063,.T.);
#7955=ORIENTED_EDGE('',*,*,#6032,.T.);
#7956=ORIENTED_EDGE('',*,*,#6057,.T.);
#7957=ORIENTED_EDGE('',*,*,#6054,.T.);
#7958=ORIENTED_EDGE('',*,*,#6051,.T.);
#7959=ORIENTED_EDGE('',*,*,#6048,.T.);
#7960=ORIENTED_EDGE('',*,*,#6045,.T.);
#7961=ORIENTED_EDGE('',*,*,#6042,.T.);
#7962=ORIENTED_EDGE('',*,*,#6039,.T.);
#7963=ORIENTED_EDGE('',*,*,#6036,.T.);
#7964=ORIENTED_EDGE('',*,*,#5987,.T.);
#7965=ORIENTED_EDGE('',*,*,#6009,.T.);
#7966=ORIENTED_EDGE('',*,*,#6006,.T.);
#7967=ORIENTED_EDGE('',*,*,#6003,.T.);
#7968=ORIENTED_EDGE('',*,*,#6000,.T.);
#7969=ORIENTED_EDGE('',*,*,#5997,.T.);
#7970=ORIENTED_EDGE('',*,*,#5994,.T.);
#7971=ORIENTED_EDGE('',*,*,#5991,.T.);
#7972=ORIENTED_EDGE('',*,*,#5945,.T.);
#7973=ORIENTED_EDGE('',*,*,#5976,.T.);
#7974=ORIENTED_EDGE('',*,*,#5973,.T.);
#7975=ORIENTED_EDGE('',*,*,#5970,.T.);
#7976=ORIENTED_EDGE('',*,*,#5967,.T.);
#7977=ORIENTED_EDGE('',*,*,#5964,.T.);
#7978=ORIENTED_EDGE('',*,*,#5961,.T.);
#7979=ORIENTED_EDGE('',*,*,#5958,.T.);
#7980=ORIENTED_EDGE('',*,*,#5955,.T.);
#7981=ORIENTED_EDGE('',*,*,#5952,.T.);
#7982=ORIENTED_EDGE('',*,*,#5949,.T.);
#7983=ORIENTED_EDGE('',*,*,#5912,.T.);
#7984=ORIENTED_EDGE('',*,*,#5934,.T.);
#7985=ORIENTED_EDGE('',*,*,#5931,.T.);
#7986=ORIENTED_EDGE('',*,*,#5928,.T.);
#7987=ORIENTED_EDGE('',*,*,#5925,.T.);
#7988=ORIENTED_EDGE('',*,*,#5922,.T.);
#7989=ORIENTED_EDGE('',*,*,#5919,.T.);
#7990=ORIENTED_EDGE('',*,*,#5916,.T.);
#7991=ORIENTED_EDGE('',*,*,#5900,.T.);
#7992=ORIENTED_EDGE('',*,*,#5910,.T.);
#7993=ORIENTED_EDGE('',*,*,#5907,.T.);
#7994=ORIENTED_EDGE('',*,*,#5904,.T.);
#7995=ORIENTED_EDGE('',*,*,#5846,.T.);
#7996=ORIENTED_EDGE('',*,*,#5898,.T.);
#7997=ORIENTED_EDGE('',*,*,#5895,.T.);
#7998=ORIENTED_EDGE('',*,*,#5892,.T.);
#7999=ORIENTED_EDGE('',*,*,#5889,.T.);
#8000=ORIENTED_EDGE('',*,*,#5886,.T.);
#8001=ORIENTED_EDGE('',*,*,#5883,.T.);
#8002=ORIENTED_EDGE('',*,*,#5880,.T.);
#8003=ORIENTED_EDGE('',*,*,#5877,.T.);
#8004=ORIENTED_EDGE('',*,*,#5874,.T.);
#8005=ORIENTED_EDGE('',*,*,#5871,.T.);
#8006=ORIENTED_EDGE('',*,*,#5868,.T.);
#8007=ORIENTED_EDGE('',*,*,#5865,.T.);
#8008=ORIENTED_EDGE('',*,*,#5862,.T.);
#8009=ORIENTED_EDGE('',*,*,#5859,.T.);
#8010=ORIENTED_EDGE('',*,*,#5856,.T.);
#8011=ORIENTED_EDGE('',*,*,#5853,.T.);
#8012=ORIENTED_EDGE('',*,*,#5850,.T.);
#8013=ORIENTED_EDGE('',*,*,#5828,.T.);
#8014=ORIENTED_EDGE('',*,*,#5844,.T.);
#8015=ORIENTED_EDGE('',*,*,#5841,.T.);
#8016=ORIENTED_EDGE('',*,*,#5838,.T.);
#8017=ORIENTED_EDGE('',*,*,#5835,.T.);
#8018=ORIENTED_EDGE('',*,*,#5832,.T.);
#8019=ORIENTED_EDGE('',*,*,#5789,.T.);
#8020=ORIENTED_EDGE('',*,*,#5826,.T.);
#8021=ORIENTED_EDGE('',*,*,#5823,.T.);
#8022=ORIENTED_EDGE('',*,*,#5820,.T.);
#8023=ORIENTED_EDGE('',*,*,#5817,.T.);
#8024=ORIENTED_EDGE('',*,*,#5814,.T.);
#8025=ORIENTED_EDGE('',*,*,#5811,.T.);
#8026=ORIENTED_EDGE('',*,*,#5808,.T.);
#8027=ORIENTED_EDGE('',*,*,#5805,.T.);
#8028=ORIENTED_EDGE('',*,*,#5802,.T.);
#8029=ORIENTED_EDGE('',*,*,#5799,.T.);
#8030=ORIENTED_EDGE('',*,*,#5796,.T.);
#8031=ORIENTED_EDGE('',*,*,#5793,.T.);
#8032=ORIENTED_EDGE('',*,*,#5765,.T.);
#8033=ORIENTED_EDGE('',*,*,#5787,.T.);
#8034=ORIENTED_EDGE('',*,*,#5784,.T.);
#8035=ORIENTED_EDGE('',*,*,#5781,.T.);
#8036=ORIENTED_EDGE('',*,*,#5778,.T.);
#8037=ORIENTED_EDGE('',*,*,#5775,.T.);
#8038=ORIENTED_EDGE('',*,*,#5772,.T.);
#8039=ORIENTED_EDGE('',*,*,#5769,.T.);
#8040=ORIENTED_EDGE('',*,*,#5732,.T.);
#8041=ORIENTED_EDGE('',*,*,#5754,.T.);
#8042=ORIENTED_EDGE('',*,*,#5751,.T.);
#8043=ORIENTED_EDGE('',*,*,#5748,.T.);
#8044=ORIENTED_EDGE('',*,*,#5745,.T.);
#8045=ORIENTED_EDGE('',*,*,#5742,.T.);
#8046=ORIENTED_EDGE('',*,*,#5739,.T.);
#8047=ORIENTED_EDGE('',*,*,#5736,.T.);
#8048=ORIENTED_EDGE('',*,*,#5696,.T.);
#8049=ORIENTED_EDGE('',*,*,#5730,.T.);
#8050=ORIENTED_EDGE('',*,*,#5727,.T.);
#8051=ORIENTED_EDGE('',*,*,#5724,.T.);
#8052=ORIENTED_EDGE('',*,*,#5721,.T.);
#8053=ORIENTED_EDGE('',*,*,#5718,.T.);
#8054=ORIENTED_EDGE('',*,*,#5715,.T.);
#8055=ORIENTED_EDGE('',*,*,#5712,.T.);
#8056=ORIENTED_EDGE('',*,*,#5709,.T.);
#8057=ORIENTED_EDGE('',*,*,#5706,.T.);
#8058=ORIENTED_EDGE('',*,*,#5703,.T.);
#8059=ORIENTED_EDGE('',*,*,#5700,.T.);
#8060=ORIENTED_EDGE('',*,*,#5672,.T.);
#8061=ORIENTED_EDGE('',*,*,#5694,.T.);
#8062=ORIENTED_EDGE('',*,*,#5691,.T.);
#8063=ORIENTED_EDGE('',*,*,#5688,.T.);
#8064=ORIENTED_EDGE('',*,*,#5685,.T.);
#8065=ORIENTED_EDGE('',*,*,#5682,.T.);
#8066=ORIENTED_EDGE('',*,*,#5679,.T.);
#8067=ORIENTED_EDGE('',*,*,#5676,.T.);
#8068=ORIENTED_EDGE('',*,*,#5639,.T.);
#8069=ORIENTED_EDGE('',*,*,#5661,.T.);
#8070=ORIENTED_EDGE('',*,*,#5658,.T.);
#8071=ORIENTED_EDGE('',*,*,#5655,.T.);
#8072=ORIENTED_EDGE('',*,*,#5652,.T.);
#8073=ORIENTED_EDGE('',*,*,#5649,.T.);
#8074=ORIENTED_EDGE('',*,*,#5646,.T.);
#8075=ORIENTED_EDGE('',*,*,#5643,.T.);
#8076=ORIENTED_EDGE('',*,*,#5627,.T.);
#8077=ORIENTED_EDGE('',*,*,#5637,.T.);
#8078=ORIENTED_EDGE('',*,*,#5634,.T.);
#8079=ORIENTED_EDGE('',*,*,#5631,.T.);
#8080=ORIENTED_EDGE('',*,*,#5588,.T.);
#8081=ORIENTED_EDGE('',*,*,#5625,.T.);
#8082=ORIENTED_EDGE('',*,*,#5622,.T.);
#8083=ORIENTED_EDGE('',*,*,#5619,.T.);
#8084=ORIENTED_EDGE('',*,*,#5616,.T.);
#8085=ORIENTED_EDGE('',*,*,#5613,.T.);
#8086=ORIENTED_EDGE('',*,*,#5610,.T.);
#8087=ORIENTED_EDGE('',*,*,#5607,.T.);
#8088=ORIENTED_EDGE('',*,*,#5604,.T.);
#8089=ORIENTED_EDGE('',*,*,#5601,.T.);
#8090=ORIENTED_EDGE('',*,*,#5598,.T.);
#8091=ORIENTED_EDGE('',*,*,#5595,.T.);
#8092=ORIENTED_EDGE('',*,*,#5592,.T.);
#8093=ORIENTED_EDGE('',*,*,#5555,.T.);
#8094=ORIENTED_EDGE('',*,*,#5586,.T.);
#8095=ORIENTED_EDGE('',*,*,#5583,.T.);
#8096=ORIENTED_EDGE('',*,*,#5580,.T.);
#8097=ORIENTED_EDGE('',*,*,#5577,.T.);
#8098=ORIENTED_EDGE('',*,*,#5574,.T.);
#8099=ORIENTED_EDGE('',*,*,#5571,.T.);
#8100=ORIENTED_EDGE('',*,*,#5568,.T.);
#8101=ORIENTED_EDGE('',*,*,#5565,.T.);
#8102=ORIENTED_EDGE('',*,*,#5562,.T.);
#8103=ORIENTED_EDGE('',*,*,#5559,.T.);
#8104=ORIENTED_EDGE('',*,*,#6011,.T.);
#8105=ORIENTED_EDGE('',*,*,#6015,.T.);
#8106=ORIENTED_EDGE('',*,*,#6018,.T.);
#8107=ORIENTED_EDGE('',*,*,#6021,.T.);
#8108=ORIENTED_EDGE('',*,*,#6024,.T.);
#8109=ORIENTED_EDGE('',*,*,#6027,.T.);
#8110=ORIENTED_EDGE('',*,*,#6030,.T.);
#8111=ORIENTED_EDGE('',*,*,#5978,.T.);
#8112=ORIENTED_EDGE('',*,*,#5982,.T.);
#8113=ORIENTED_EDGE('',*,*,#5985,.T.);
#8114=ORIENTED_EDGE('',*,*,#5936,.T.);
#8115=ORIENTED_EDGE('',*,*,#5940,.T.);
#8116=ORIENTED_EDGE('',*,*,#5943,.T.);
#8117=ORIENTED_EDGE('',*,*,#5756,.T.);
#8118=ORIENTED_EDGE('',*,*,#5760,.T.);
#8119=ORIENTED_EDGE('',*,*,#5763,.T.);
#8120=ORIENTED_EDGE('',*,*,#5663,.T.);
#8121=ORIENTED_EDGE('',*,*,#5667,.T.);
#8122=ORIENTED_EDGE('',*,*,#5670,.T.);
#8123=ORIENTED_EDGE('',*,*,#5540,.T.);
#8124=ORIENTED_EDGE('',*,*,#5544,.T.);
#8125=ORIENTED_EDGE('',*,*,#5547,.T.);
#8126=ORIENTED_EDGE('',*,*,#5550,.T.);
#8127=ORIENTED_EDGE('',*,*,#5553,.T.);
#8128=ORIENTED_EDGE('',*,*,#6107,.F.);
#8129=ORIENTED_EDGE('',*,*,#6108,.F.);
#8130=ORIENTED_EDGE('',*,*,#6109,.F.);
#8131=ORIENTED_EDGE('',*,*,#6101,.F.);
#8132=ORIENTED_EDGE('',*,*,#6110,.F.);
#8133=ORIENTED_EDGE('',*,*,#6108,.T.);
#8134=ORIENTED_EDGE('',*,*,#6109,.T.);
#8135=ORIENTED_EDGE('',*,*,#6107,.T.);
#8136=ORIENTED_EDGE('',*,*,#6110,.T.);
#8137=ORIENTED_EDGE('',*,*,#6106,.T.);
#8138=ORIENTED_EDGE('',*,*,#6111,.F.);
#8139=ORIENTED_EDGE('',*,*,#6112,.T.);
#8140=ORIENTED_EDGE('',*,*,#6113,.F.);
#8141=ORIENTED_EDGE('',*,*,#6102,.T.);
#8142=ORIENTED_EDGE('',*,*,#6114,.F.);
#8143=ORIENTED_EDGE('',*,*,#6115,.F.);
#8144=ORIENTED_EDGE('',*,*,#6116,.F.);
#8145=ORIENTED_EDGE('',*,*,#6117,.F.);
#8146=ORIENTED_EDGE('',*,*,#6115,.T.);
#8147=ORIENTED_EDGE('',*,*,#6118,.T.);
#8148=ORIENTED_EDGE('',*,*,#6119,.T.);
#8149=ORIENTED_EDGE('',*,*,#6120,.T.);
#8150=ORIENTED_EDGE('',*,*,#6116,.T.);
#8151=ORIENTED_EDGE('',*,*,#6120,.F.);
#8152=ORIENTED_EDGE('',*,*,#6121,.T.);
#8153=ORIENTED_EDGE('',*,*,#6122,.F.);
#8154=ORIENTED_EDGE('',*,*,#6123,.F.);
#8155=ORIENTED_EDGE('',*,*,#6124,.F.);
#8156=ORIENTED_EDGE('',*,*,#6125,.F.);
#8157=ORIENTED_EDGE('',*,*,#6126,.F.);
#8158=ORIENTED_EDGE('',*,*,#6127,.F.);
#8159=ORIENTED_EDGE('',*,*,#6128,.T.);
#8160=ORIENTED_EDGE('',*,*,#6129,.F.);
#8161=ORIENTED_EDGE('',*,*,#6130,.F.);
#8162=ORIENTED_EDGE('',*,*,#6131,.F.);
#8163=ORIENTED_EDGE('',*,*,#6132,.F.);
#8164=ORIENTED_EDGE('',*,*,#6133,.F.);
#8165=ORIENTED_EDGE('',*,*,#6134,.F.);
#8166=ORIENTED_EDGE('',*,*,#6135,.F.);
#8167=ORIENTED_EDGE('',*,*,#6136,.F.);
#8168=ORIENTED_EDGE('',*,*,#6121,.F.);
#8169=ORIENTED_EDGE('',*,*,#6119,.F.);
#8170=ORIENTED_EDGE('',*,*,#6137,.F.);
#8171=ORIENTED_EDGE('',*,*,#6138,.F.);
#8172=ORIENTED_EDGE('',*,*,#6139,.F.);
#8173=ORIENTED_EDGE('',*,*,#6140,.F.);
#8174=ORIENTED_EDGE('',*,*,#6140,.T.);
#8175=ORIENTED_EDGE('',*,*,#6141,.F.);
#8176=ORIENTED_EDGE('',*,*,#6142,.F.);
#8177=ORIENTED_EDGE('',*,*,#6143,.T.);
#8178=ORIENTED_EDGE('',*,*,#6144,.F.);
#8179=ORIENTED_EDGE('',*,*,#6145,.F.);
#8180=ORIENTED_EDGE('',*,*,#6146,.F.);
#8181=ORIENTED_EDGE('',*,*,#6128,.F.);
#8182=ORIENTED_EDGE('',*,*,#6144,.T.);
#8183=ORIENTED_EDGE('',*,*,#6127,.T.);
#8184=ORIENTED_EDGE('',*,*,#6147,.T.);
#8185=ORIENTED_EDGE('',*,*,#6137,.T.);
#8186=ORIENTED_EDGE('',*,*,#6143,.F.);
#8187=ORIENTED_EDGE('',*,*,#6148,.F.);
#8188=ORIENTED_EDGE('',*,*,#6149,.F.);
#8189=ORIENTED_EDGE('',*,*,#6145,.T.);
#8190=ORIENTED_EDGE('',*,*,#6149,.T.);
#8191=ORIENTED_EDGE('',*,*,#6150,.F.);
#8192=ORIENTED_EDGE('',*,*,#6151,.F.);
#8193=ORIENTED_EDGE('',*,*,#6125,.T.);
#8194=ORIENTED_EDGE('',*,*,#6152,.T.);
#8195=ORIENTED_EDGE('',*,*,#6153,.T.);
#8196=ORIENTED_EDGE('',*,*,#6154,.F.);
#8197=ORIENTED_EDGE('',*,*,#6124,.T.);
#8198=ORIENTED_EDGE('',*,*,#6155,.T.);
#8199=ORIENTED_EDGE('',*,*,#6156,.T.);
#8200=ORIENTED_EDGE('',*,*,#6152,.F.);
#8201=ORIENTED_EDGE('',*,*,#6123,.T.);
#8202=ORIENTED_EDGE('',*,*,#6157,.T.);
#8203=ORIENTED_EDGE('',*,*,#6158,.T.);
#8204=ORIENTED_EDGE('',*,*,#6155,.F.);
#8205=ORIENTED_EDGE('',*,*,#6136,.T.);
#8206=ORIENTED_EDGE('',*,*,#6159,.T.);
#8207=ORIENTED_EDGE('',*,*,#6157,.F.);
#8208=ORIENTED_EDGE('',*,*,#6122,.T.);
#8209=ORIENTED_EDGE('',*,*,#6117,.T.);
#8210=ORIENTED_EDGE('',*,*,#6134,.T.);
#8211=ORIENTED_EDGE('',*,*,#6160,.T.);
#8212=ORIENTED_EDGE('',*,*,#6161,.T.);
#8213=ORIENTED_EDGE('',*,*,#6133,.T.);
#8214=ORIENTED_EDGE('',*,*,#6162,.T.);
#8215=ORIENTED_EDGE('',*,*,#6163,.T.);
#8216=ORIENTED_EDGE('',*,*,#6160,.F.);
#8217=ORIENTED_EDGE('',*,*,#6132,.T.);
#8218=ORIENTED_EDGE('',*,*,#6164,.T.);
#8219=ORIENTED_EDGE('',*,*,#6165,.T.);
#8220=ORIENTED_EDGE('',*,*,#6162,.F.);
#8221=ORIENTED_EDGE('',*,*,#6131,.T.);
#8222=ORIENTED_EDGE('',*,*,#6166,.T.);
#8223=ORIENTED_EDGE('',*,*,#6167,.T.);
#8224=ORIENTED_EDGE('',*,*,#6164,.F.);
#8225=ORIENTED_EDGE('',*,*,#6130,.T.);
#8226=ORIENTED_EDGE('',*,*,#6168,.T.);
#8227=ORIENTED_EDGE('',*,*,#6169,.T.);
#8228=ORIENTED_EDGE('',*,*,#6166,.F.);
#8229=ORIENTED_EDGE('',*,*,#6146,.T.);
#8230=ORIENTED_EDGE('',*,*,#6151,.T.);
#8231=ORIENTED_EDGE('',*,*,#6170,.F.);
#8232=ORIENTED_EDGE('',*,*,#6141,.T.);
#8233=ORIENTED_EDGE('',*,*,#6139,.T.);
#8234=ORIENTED_EDGE('',*,*,#6168,.F.);
#8235=ORIENTED_EDGE('',*,*,#6129,.T.);
#8236=ORIENTED_EDGE('',*,*,#6126,.T.);
#8237=ORIENTED_EDGE('',*,*,#6154,.T.);
#8238=ORIENTED_EDGE('',*,*,#6171,.T.);
#8239=ORIENTED_EDGE('',*,*,#6147,.F.);
#8240=ORIENTED_EDGE('',*,*,#6114,.T.);
#8241=ORIENTED_EDGE('',*,*,#6161,.F.);
#8242=ORIENTED_EDGE('',*,*,#6163,.F.);
#8243=ORIENTED_EDGE('',*,*,#6165,.F.);
#8244=ORIENTED_EDGE('',*,*,#6167,.F.);
#8245=ORIENTED_EDGE('',*,*,#6169,.F.);
#8246=ORIENTED_EDGE('',*,*,#6138,.T.);
#8247=ORIENTED_EDGE('',*,*,#6171,.F.);
#8248=ORIENTED_EDGE('',*,*,#6153,.F.);
#8249=ORIENTED_EDGE('',*,*,#6156,.F.);
#8250=ORIENTED_EDGE('',*,*,#6158,.F.);
#8251=ORIENTED_EDGE('',*,*,#6159,.F.);
#8252=ORIENTED_EDGE('',*,*,#6135,.T.);
#8253=ORIENTED_EDGE('',*,*,#6118,.F.);
#8254=ORIENTED_EDGE('',*,*,#6172,.F.);
#8255=ORIENTED_EDGE('',*,*,#6173,.F.);
#8256=ORIENTED_EDGE('',*,*,#6174,.F.);
#8257=ORIENTED_EDGE('',*,*,#6175,.F.);
#8258=ORIENTED_EDGE('',*,*,#6173,.T.);
#8259=ORIENTED_EDGE('',*,*,#6176,.T.);
#8260=ORIENTED_EDGE('',*,*,#6177,.T.);
#8261=ORIENTED_EDGE('',*,*,#6178,.T.);
#8262=ORIENTED_EDGE('',*,*,#6174,.T.);
#8263=ORIENTED_EDGE('',*,*,#6178,.F.);
#8264=ORIENTED_EDGE('',*,*,#6179,.T.);
#8265=ORIENTED_EDGE('',*,*,#6180,.F.);
#8266=ORIENTED_EDGE('',*,*,#6181,.F.);
#8267=ORIENTED_EDGE('',*,*,#6182,.F.);
#8268=ORIENTED_EDGE('',*,*,#6183,.F.);
#8269=ORIENTED_EDGE('',*,*,#6184,.F.);
#8270=ORIENTED_EDGE('',*,*,#6185,.F.);
#8271=ORIENTED_EDGE('',*,*,#6186,.T.);
#8272=ORIENTED_EDGE('',*,*,#6187,.F.);
#8273=ORIENTED_EDGE('',*,*,#6188,.F.);
#8274=ORIENTED_EDGE('',*,*,#6189,.F.);
#8275=ORIENTED_EDGE('',*,*,#6190,.F.);
#8276=ORIENTED_EDGE('',*,*,#6191,.F.);
#8277=ORIENTED_EDGE('',*,*,#6192,.F.);
#8278=ORIENTED_EDGE('',*,*,#6193,.F.);
#8279=ORIENTED_EDGE('',*,*,#6194,.F.);
#8280=ORIENTED_EDGE('',*,*,#6179,.F.);
#8281=ORIENTED_EDGE('',*,*,#6177,.F.);
#8282=ORIENTED_EDGE('',*,*,#6195,.F.);
#8283=ORIENTED_EDGE('',*,*,#6196,.F.);
#8284=ORIENTED_EDGE('',*,*,#6197,.F.);
#8285=ORIENTED_EDGE('',*,*,#6198,.F.);
#8286=ORIENTED_EDGE('',*,*,#6198,.T.);
#8287=ORIENTED_EDGE('',*,*,#6199,.F.);
#8288=ORIENTED_EDGE('',*,*,#6200,.F.);
#8289=ORIENTED_EDGE('',*,*,#6201,.T.);
#8290=ORIENTED_EDGE('',*,*,#6202,.F.);
#8291=ORIENTED_EDGE('',*,*,#6203,.F.);
#8292=ORIENTED_EDGE('',*,*,#6204,.F.);
#8293=ORIENTED_EDGE('',*,*,#6186,.F.);
#8294=ORIENTED_EDGE('',*,*,#6202,.T.);
#8295=ORIENTED_EDGE('',*,*,#6185,.T.);
#8296=ORIENTED_EDGE('',*,*,#6205,.T.);
#8297=ORIENTED_EDGE('',*,*,#6195,.T.);
#8298=ORIENTED_EDGE('',*,*,#6201,.F.);
#8299=ORIENTED_EDGE('',*,*,#6206,.F.);
#8300=ORIENTED_EDGE('',*,*,#6207,.F.);
#8301=ORIENTED_EDGE('',*,*,#6203,.T.);
#8302=ORIENTED_EDGE('',*,*,#6207,.T.);
#8303=ORIENTED_EDGE('',*,*,#6208,.F.);
#8304=ORIENTED_EDGE('',*,*,#6209,.F.);
#8305=ORIENTED_EDGE('',*,*,#6183,.T.);
#8306=ORIENTED_EDGE('',*,*,#6210,.T.);
#8307=ORIENTED_EDGE('',*,*,#6211,.T.);
#8308=ORIENTED_EDGE('',*,*,#6212,.F.);
#8309=ORIENTED_EDGE('',*,*,#6182,.T.);
#8310=ORIENTED_EDGE('',*,*,#6213,.T.);
#8311=ORIENTED_EDGE('',*,*,#6214,.T.);
#8312=ORIENTED_EDGE('',*,*,#6210,.F.);
#8313=ORIENTED_EDGE('',*,*,#6181,.T.);
#8314=ORIENTED_EDGE('',*,*,#6215,.T.);
#8315=ORIENTED_EDGE('',*,*,#6216,.T.);
#8316=ORIENTED_EDGE('',*,*,#6213,.F.);
#8317=ORIENTED_EDGE('',*,*,#6194,.T.);
#8318=ORIENTED_EDGE('',*,*,#6217,.T.);
#8319=ORIENTED_EDGE('',*,*,#6215,.F.);
#8320=ORIENTED_EDGE('',*,*,#6180,.T.);
#8321=ORIENTED_EDGE('',*,*,#6175,.T.);
#8322=ORIENTED_EDGE('',*,*,#6192,.T.);
#8323=ORIENTED_EDGE('',*,*,#6218,.T.);
#8324=ORIENTED_EDGE('',*,*,#6219,.T.);
#8325=ORIENTED_EDGE('',*,*,#6191,.T.);
#8326=ORIENTED_EDGE('',*,*,#6220,.T.);
#8327=ORIENTED_EDGE('',*,*,#6221,.T.);
#8328=ORIENTED_EDGE('',*,*,#6218,.F.);
#8329=ORIENTED_EDGE('',*,*,#6190,.T.);
#8330=ORIENTED_EDGE('',*,*,#6222,.T.);
#8331=ORIENTED_EDGE('',*,*,#6223,.T.);
#8332=ORIENTED_EDGE('',*,*,#6220,.F.);
#8333=ORIENTED_EDGE('',*,*,#6189,.T.);
#8334=ORIENTED_EDGE('',*,*,#6224,.T.);
#8335=ORIENTED_EDGE('',*,*,#6225,.T.);
#8336=ORIENTED_EDGE('',*,*,#6222,.F.);
#8337=ORIENTED_EDGE('',*,*,#6188,.T.);
#8338=ORIENTED_EDGE('',*,*,#6226,.T.);
#8339=ORIENTED_EDGE('',*,*,#6227,.T.);
#8340=ORIENTED_EDGE('',*,*,#6224,.F.);
#8341=ORIENTED_EDGE('',*,*,#6204,.T.);
#8342=ORIENTED_EDGE('',*,*,#6209,.T.);
#8343=ORIENTED_EDGE('',*,*,#6228,.F.);
#8344=ORIENTED_EDGE('',*,*,#6199,.T.);
#8345=ORIENTED_EDGE('',*,*,#6197,.T.);
#8346=ORIENTED_EDGE('',*,*,#6226,.F.);
#8347=ORIENTED_EDGE('',*,*,#6187,.T.);
#8348=ORIENTED_EDGE('',*,*,#6184,.T.);
#8349=ORIENTED_EDGE('',*,*,#6212,.T.);
#8350=ORIENTED_EDGE('',*,*,#6229,.T.);
#8351=ORIENTED_EDGE('',*,*,#6205,.F.);
#8352=ORIENTED_EDGE('',*,*,#6172,.T.);
#8353=ORIENTED_EDGE('',*,*,#6219,.F.);
#8354=ORIENTED_EDGE('',*,*,#6221,.F.);
#8355=ORIENTED_EDGE('',*,*,#6223,.F.);
#8356=ORIENTED_EDGE('',*,*,#6225,.F.);
#8357=ORIENTED_EDGE('',*,*,#6227,.F.);
#8358=ORIENTED_EDGE('',*,*,#6196,.T.);
#8359=ORIENTED_EDGE('',*,*,#6229,.F.);
#8360=ORIENTED_EDGE('',*,*,#6211,.F.);
#8361=ORIENTED_EDGE('',*,*,#6214,.F.);
#8362=ORIENTED_EDGE('',*,*,#6216,.F.);
#8363=ORIENTED_EDGE('',*,*,#6217,.F.);
#8364=ORIENTED_EDGE('',*,*,#6193,.T.);
#8365=ORIENTED_EDGE('',*,*,#6176,.F.);
#8366=ORIENTED_EDGE('',*,*,#6230,.F.);
#8367=ORIENTED_EDGE('',*,*,#6231,.F.);
#8368=ORIENTED_EDGE('',*,*,#6232,.F.);
#8369=ORIENTED_EDGE('',*,*,#6233,.F.);
#8370=ORIENTED_EDGE('',*,*,#6231,.T.);
#8371=ORIENTED_EDGE('',*,*,#6234,.T.);
#8372=ORIENTED_EDGE('',*,*,#6235,.T.);
#8373=ORIENTED_EDGE('',*,*,#6236,.T.);
#8374=ORIENTED_EDGE('',*,*,#6232,.T.);
#8375=ORIENTED_EDGE('',*,*,#6236,.F.);
#8376=ORIENTED_EDGE('',*,*,#6237,.T.);
#8377=ORIENTED_EDGE('',*,*,#6238,.F.);
#8378=ORIENTED_EDGE('',*,*,#6239,.F.);
#8379=ORIENTED_EDGE('',*,*,#6240,.F.);
#8380=ORIENTED_EDGE('',*,*,#6241,.F.);
#8381=ORIENTED_EDGE('',*,*,#6242,.F.);
#8382=ORIENTED_EDGE('',*,*,#6243,.F.);
#8383=ORIENTED_EDGE('',*,*,#6244,.T.);
#8384=ORIENTED_EDGE('',*,*,#6245,.F.);
#8385=ORIENTED_EDGE('',*,*,#6246,.F.);
#8386=ORIENTED_EDGE('',*,*,#6247,.F.);
#8387=ORIENTED_EDGE('',*,*,#6248,.F.);
#8388=ORIENTED_EDGE('',*,*,#6249,.F.);
#8389=ORIENTED_EDGE('',*,*,#6250,.F.);
#8390=ORIENTED_EDGE('',*,*,#6251,.F.);
#8391=ORIENTED_EDGE('',*,*,#6252,.F.);
#8392=ORIENTED_EDGE('',*,*,#6237,.F.);
#8393=ORIENTED_EDGE('',*,*,#6235,.F.);
#8394=ORIENTED_EDGE('',*,*,#6253,.F.);
#8395=ORIENTED_EDGE('',*,*,#6254,.F.);
#8396=ORIENTED_EDGE('',*,*,#6255,.F.);
#8397=ORIENTED_EDGE('',*,*,#6256,.F.);
#8398=ORIENTED_EDGE('',*,*,#6256,.T.);
#8399=ORIENTED_EDGE('',*,*,#6257,.F.);
#8400=ORIENTED_EDGE('',*,*,#6258,.F.);
#8401=ORIENTED_EDGE('',*,*,#6259,.T.);
#8402=ORIENTED_EDGE('',*,*,#6260,.F.);
#8403=ORIENTED_EDGE('',*,*,#6261,.F.);
#8404=ORIENTED_EDGE('',*,*,#6262,.F.);
#8405=ORIENTED_EDGE('',*,*,#6244,.F.);
#8406=ORIENTED_EDGE('',*,*,#6260,.T.);
#8407=ORIENTED_EDGE('',*,*,#6243,.T.);
#8408=ORIENTED_EDGE('',*,*,#6263,.T.);
#8409=ORIENTED_EDGE('',*,*,#6253,.T.);
#8410=ORIENTED_EDGE('',*,*,#6259,.F.);
#8411=ORIENTED_EDGE('',*,*,#6264,.F.);
#8412=ORIENTED_EDGE('',*,*,#6265,.F.);
#8413=ORIENTED_EDGE('',*,*,#6261,.T.);
#8414=ORIENTED_EDGE('',*,*,#6265,.T.);
#8415=ORIENTED_EDGE('',*,*,#6266,.F.);
#8416=ORIENTED_EDGE('',*,*,#6267,.F.);
#8417=ORIENTED_EDGE('',*,*,#6241,.T.);
#8418=ORIENTED_EDGE('',*,*,#6268,.T.);
#8419=ORIENTED_EDGE('',*,*,#6269,.T.);
#8420=ORIENTED_EDGE('',*,*,#6270,.F.);
#8421=ORIENTED_EDGE('',*,*,#6240,.T.);
#8422=ORIENTED_EDGE('',*,*,#6271,.T.);
#8423=ORIENTED_EDGE('',*,*,#6272,.T.);
#8424=ORIENTED_EDGE('',*,*,#6268,.F.);
#8425=ORIENTED_EDGE('',*,*,#6239,.T.);
#8426=ORIENTED_EDGE('',*,*,#6273,.T.);
#8427=ORIENTED_EDGE('',*,*,#6274,.T.);
#8428=ORIENTED_EDGE('',*,*,#6271,.F.);
#8429=ORIENTED_EDGE('',*,*,#6252,.T.);
#8430=ORIENTED_EDGE('',*,*,#6275,.T.);
#8431=ORIENTED_EDGE('',*,*,#6273,.F.);
#8432=ORIENTED_EDGE('',*,*,#6238,.T.);
#8433=ORIENTED_EDGE('',*,*,#6233,.T.);
#8434=ORIENTED_EDGE('',*,*,#6250,.T.);
#8435=ORIENTED_EDGE('',*,*,#6276,.T.);
#8436=ORIENTED_EDGE('',*,*,#6277,.T.);
#8437=ORIENTED_EDGE('',*,*,#6249,.T.);
#8438=ORIENTED_EDGE('',*,*,#6278,.T.);
#8439=ORIENTED_EDGE('',*,*,#6279,.T.);
#8440=ORIENTED_EDGE('',*,*,#6276,.F.);
#8441=ORIENTED_EDGE('',*,*,#6248,.T.);
#8442=ORIENTED_EDGE('',*,*,#6280,.T.);
#8443=ORIENTED_EDGE('',*,*,#6281,.T.);
#8444=ORIENTED_EDGE('',*,*,#6278,.F.);
#8445=ORIENTED_EDGE('',*,*,#6247,.T.);
#8446=ORIENTED_EDGE('',*,*,#6282,.T.);
#8447=ORIENTED_EDGE('',*,*,#6283,.T.);
#8448=ORIENTED_EDGE('',*,*,#6280,.F.);
#8449=ORIENTED_EDGE('',*,*,#6246,.T.);
#8450=ORIENTED_EDGE('',*,*,#6284,.T.);
#8451=ORIENTED_EDGE('',*,*,#6285,.T.);
#8452=ORIENTED_EDGE('',*,*,#6282,.F.);
#8453=ORIENTED_EDGE('',*,*,#6262,.T.);
#8454=ORIENTED_EDGE('',*,*,#6267,.T.);
#8455=ORIENTED_EDGE('',*,*,#6286,.F.);
#8456=ORIENTED_EDGE('',*,*,#6257,.T.);
#8457=ORIENTED_EDGE('',*,*,#6255,.T.);
#8458=ORIENTED_EDGE('',*,*,#6284,.F.);
#8459=ORIENTED_EDGE('',*,*,#6245,.T.);
#8460=ORIENTED_EDGE('',*,*,#6242,.T.);
#8461=ORIENTED_EDGE('',*,*,#6270,.T.);
#8462=ORIENTED_EDGE('',*,*,#6287,.T.);
#8463=ORIENTED_EDGE('',*,*,#6263,.F.);
#8464=ORIENTED_EDGE('',*,*,#6230,.T.);
#8465=ORIENTED_EDGE('',*,*,#6277,.F.);
#8466=ORIENTED_EDGE('',*,*,#6279,.F.);
#8467=ORIENTED_EDGE('',*,*,#6281,.F.);
#8468=ORIENTED_EDGE('',*,*,#6283,.F.);
#8469=ORIENTED_EDGE('',*,*,#6285,.F.);
#8470=ORIENTED_EDGE('',*,*,#6254,.T.);
#8471=ORIENTED_EDGE('',*,*,#6287,.F.);
#8472=ORIENTED_EDGE('',*,*,#6269,.F.);
#8473=ORIENTED_EDGE('',*,*,#6272,.F.);
#8474=ORIENTED_EDGE('',*,*,#6274,.F.);
#8475=ORIENTED_EDGE('',*,*,#6275,.F.);
#8476=ORIENTED_EDGE('',*,*,#6251,.T.);
#8477=ORIENTED_EDGE('',*,*,#6234,.F.);
#8478=ORIENTED_EDGE('',*,*,#6288,.F.);
#8479=ORIENTED_EDGE('',*,*,#6289,.F.);
#8480=ORIENTED_EDGE('',*,*,#6290,.F.);
#8481=ORIENTED_EDGE('',*,*,#6291,.F.);
#8482=ORIENTED_EDGE('',*,*,#6289,.T.);
#8483=ORIENTED_EDGE('',*,*,#6292,.T.);
#8484=ORIENTED_EDGE('',*,*,#6293,.T.);
#8485=ORIENTED_EDGE('',*,*,#6294,.T.);
#8486=ORIENTED_EDGE('',*,*,#6290,.T.);
#8487=ORIENTED_EDGE('',*,*,#6294,.F.);
#8488=ORIENTED_EDGE('',*,*,#6295,.T.);
#8489=ORIENTED_EDGE('',*,*,#6296,.F.);
#8490=ORIENTED_EDGE('',*,*,#6297,.F.);
#8491=ORIENTED_EDGE('',*,*,#6298,.F.);
#8492=ORIENTED_EDGE('',*,*,#6299,.F.);
#8493=ORIENTED_EDGE('',*,*,#6300,.F.);
#8494=ORIENTED_EDGE('',*,*,#6301,.F.);
#8495=ORIENTED_EDGE('',*,*,#6302,.T.);
#8496=ORIENTED_EDGE('',*,*,#6303,.F.);
#8497=ORIENTED_EDGE('',*,*,#6304,.F.);
#8498=ORIENTED_EDGE('',*,*,#6305,.F.);
#8499=ORIENTED_EDGE('',*,*,#6306,.F.);
#8500=ORIENTED_EDGE('',*,*,#6307,.F.);
#8501=ORIENTED_EDGE('',*,*,#6308,.F.);
#8502=ORIENTED_EDGE('',*,*,#6309,.F.);
#8503=ORIENTED_EDGE('',*,*,#6310,.F.);
#8504=ORIENTED_EDGE('',*,*,#6295,.F.);
#8505=ORIENTED_EDGE('',*,*,#6293,.F.);
#8506=ORIENTED_EDGE('',*,*,#6311,.F.);
#8507=ORIENTED_EDGE('',*,*,#6312,.F.);
#8508=ORIENTED_EDGE('',*,*,#6313,.F.);
#8509=ORIENTED_EDGE('',*,*,#6314,.F.);
#8510=ORIENTED_EDGE('',*,*,#6314,.T.);
#8511=ORIENTED_EDGE('',*,*,#6315,.F.);
#8512=ORIENTED_EDGE('',*,*,#6316,.F.);
#8513=ORIENTED_EDGE('',*,*,#6317,.T.);
#8514=ORIENTED_EDGE('',*,*,#6318,.F.);
#8515=ORIENTED_EDGE('',*,*,#6319,.F.);
#8516=ORIENTED_EDGE('',*,*,#6320,.F.);
#8517=ORIENTED_EDGE('',*,*,#6302,.F.);
#8518=ORIENTED_EDGE('',*,*,#6318,.T.);
#8519=ORIENTED_EDGE('',*,*,#6301,.T.);
#8520=ORIENTED_EDGE('',*,*,#6321,.T.);
#8521=ORIENTED_EDGE('',*,*,#6311,.T.);
#8522=ORIENTED_EDGE('',*,*,#6317,.F.);
#8523=ORIENTED_EDGE('',*,*,#6322,.F.);
#8524=ORIENTED_EDGE('',*,*,#6323,.F.);
#8525=ORIENTED_EDGE('',*,*,#6319,.T.);
#8526=ORIENTED_EDGE('',*,*,#6323,.T.);
#8527=ORIENTED_EDGE('',*,*,#6324,.F.);
#8528=ORIENTED_EDGE('',*,*,#6325,.F.);
#8529=ORIENTED_EDGE('',*,*,#6299,.T.);
#8530=ORIENTED_EDGE('',*,*,#6326,.T.);
#8531=ORIENTED_EDGE('',*,*,#6327,.T.);
#8532=ORIENTED_EDGE('',*,*,#6328,.F.);
#8533=ORIENTED_EDGE('',*,*,#6298,.T.);
#8534=ORIENTED_EDGE('',*,*,#6329,.T.);
#8535=ORIENTED_EDGE('',*,*,#6330,.T.);
#8536=ORIENTED_EDGE('',*,*,#6326,.F.);
#8537=ORIENTED_EDGE('',*,*,#6297,.T.);
#8538=ORIENTED_EDGE('',*,*,#6331,.T.);
#8539=ORIENTED_EDGE('',*,*,#6332,.T.);
#8540=ORIENTED_EDGE('',*,*,#6329,.F.);
#8541=ORIENTED_EDGE('',*,*,#6310,.T.);
#8542=ORIENTED_EDGE('',*,*,#6333,.T.);
#8543=ORIENTED_EDGE('',*,*,#6331,.F.);
#8544=ORIENTED_EDGE('',*,*,#6296,.T.);
#8545=ORIENTED_EDGE('',*,*,#6291,.T.);
#8546=ORIENTED_EDGE('',*,*,#6308,.T.);
#8547=ORIENTED_EDGE('',*,*,#6334,.T.);
#8548=ORIENTED_EDGE('',*,*,#6335,.T.);
#8549=ORIENTED_EDGE('',*,*,#6307,.T.);
#8550=ORIENTED_EDGE('',*,*,#6336,.T.);
#8551=ORIENTED_EDGE('',*,*,#6337,.T.);
#8552=ORIENTED_EDGE('',*,*,#6334,.F.);
#8553=ORIENTED_EDGE('',*,*,#6306,.T.);
#8554=ORIENTED_EDGE('',*,*,#6338,.T.);
#8555=ORIENTED_EDGE('',*,*,#6339,.T.);
#8556=ORIENTED_EDGE('',*,*,#6336,.F.);
#8557=ORIENTED_EDGE('',*,*,#6305,.T.);
#8558=ORIENTED_EDGE('',*,*,#6340,.T.);
#8559=ORIENTED_EDGE('',*,*,#6341,.T.);
#8560=ORIENTED_EDGE('',*,*,#6338,.F.);
#8561=ORIENTED_EDGE('',*,*,#6304,.T.);
#8562=ORIENTED_EDGE('',*,*,#6342,.T.);
#8563=ORIENTED_EDGE('',*,*,#6343,.T.);
#8564=ORIENTED_EDGE('',*,*,#6340,.F.);
#8565=ORIENTED_EDGE('',*,*,#6320,.T.);
#8566=ORIENTED_EDGE('',*,*,#6325,.T.);
#8567=ORIENTED_EDGE('',*,*,#6344,.F.);
#8568=ORIENTED_EDGE('',*,*,#6315,.T.);
#8569=ORIENTED_EDGE('',*,*,#6313,.T.);
#8570=ORIENTED_EDGE('',*,*,#6342,.F.);
#8571=ORIENTED_EDGE('',*,*,#6303,.T.);
#8572=ORIENTED_EDGE('',*,*,#6300,.T.);
#8573=ORIENTED_EDGE('',*,*,#6328,.T.);
#8574=ORIENTED_EDGE('',*,*,#6345,.T.);
#8575=ORIENTED_EDGE('',*,*,#6321,.F.);
#8576=ORIENTED_EDGE('',*,*,#6288,.T.);
#8577=ORIENTED_EDGE('',*,*,#6335,.F.);
#8578=ORIENTED_EDGE('',*,*,#6337,.F.);
#8579=ORIENTED_EDGE('',*,*,#6339,.F.);
#8580=ORIENTED_EDGE('',*,*,#6341,.F.);
#8581=ORIENTED_EDGE('',*,*,#6343,.F.);
#8582=ORIENTED_EDGE('',*,*,#6312,.T.);
#8583=ORIENTED_EDGE('',*,*,#6345,.F.);
#8584=ORIENTED_EDGE('',*,*,#6327,.F.);
#8585=ORIENTED_EDGE('',*,*,#6330,.F.);
#8586=ORIENTED_EDGE('',*,*,#6332,.F.);
#8587=ORIENTED_EDGE('',*,*,#6333,.F.);
#8588=ORIENTED_EDGE('',*,*,#6309,.T.);
#8589=ORIENTED_EDGE('',*,*,#6292,.F.);
#8590=ORIENTED_EDGE('',*,*,#6346,.F.);
#8591=ORIENTED_EDGE('',*,*,#6347,.F.);
#8592=ORIENTED_EDGE('',*,*,#6348,.F.);
#8593=ORIENTED_EDGE('',*,*,#6349,.F.);
#8594=ORIENTED_EDGE('',*,*,#6347,.T.);
#8595=ORIENTED_EDGE('',*,*,#6350,.T.);
#8596=ORIENTED_EDGE('',*,*,#6351,.T.);
#8597=ORIENTED_EDGE('',*,*,#6352,.T.);
#8598=ORIENTED_EDGE('',*,*,#6348,.T.);
#8599=ORIENTED_EDGE('',*,*,#6352,.F.);
#8600=ORIENTED_EDGE('',*,*,#6353,.T.);
#8601=ORIENTED_EDGE('',*,*,#6354,.F.);
#8602=ORIENTED_EDGE('',*,*,#6355,.F.);
#8603=ORIENTED_EDGE('',*,*,#6356,.F.);
#8604=ORIENTED_EDGE('',*,*,#6357,.F.);
#8605=ORIENTED_EDGE('',*,*,#6358,.F.);
#8606=ORIENTED_EDGE('',*,*,#6359,.F.);
#8607=ORIENTED_EDGE('',*,*,#6360,.T.);
#8608=ORIENTED_EDGE('',*,*,#6361,.F.);
#8609=ORIENTED_EDGE('',*,*,#6362,.F.);
#8610=ORIENTED_EDGE('',*,*,#6363,.F.);
#8611=ORIENTED_EDGE('',*,*,#6364,.F.);
#8612=ORIENTED_EDGE('',*,*,#6365,.F.);
#8613=ORIENTED_EDGE('',*,*,#6366,.F.);
#8614=ORIENTED_EDGE('',*,*,#6367,.F.);
#8615=ORIENTED_EDGE('',*,*,#6368,.F.);
#8616=ORIENTED_EDGE('',*,*,#6353,.F.);
#8617=ORIENTED_EDGE('',*,*,#6351,.F.);
#8618=ORIENTED_EDGE('',*,*,#6369,.F.);
#8619=ORIENTED_EDGE('',*,*,#6370,.F.);
#8620=ORIENTED_EDGE('',*,*,#6371,.F.);
#8621=ORIENTED_EDGE('',*,*,#6372,.F.);
#8622=ORIENTED_EDGE('',*,*,#6372,.T.);
#8623=ORIENTED_EDGE('',*,*,#6373,.F.);
#8624=ORIENTED_EDGE('',*,*,#6374,.F.);
#8625=ORIENTED_EDGE('',*,*,#6375,.T.);
#8626=ORIENTED_EDGE('',*,*,#6376,.F.);
#8627=ORIENTED_EDGE('',*,*,#6377,.F.);
#8628=ORIENTED_EDGE('',*,*,#6378,.F.);
#8629=ORIENTED_EDGE('',*,*,#6360,.F.);
#8630=ORIENTED_EDGE('',*,*,#6376,.T.);
#8631=ORIENTED_EDGE('',*,*,#6359,.T.);
#8632=ORIENTED_EDGE('',*,*,#6379,.T.);
#8633=ORIENTED_EDGE('',*,*,#6369,.T.);
#8634=ORIENTED_EDGE('',*,*,#6375,.F.);
#8635=ORIENTED_EDGE('',*,*,#6380,.F.);
#8636=ORIENTED_EDGE('',*,*,#6381,.F.);
#8637=ORIENTED_EDGE('',*,*,#6377,.T.);
#8638=ORIENTED_EDGE('',*,*,#6381,.T.);
#8639=ORIENTED_EDGE('',*,*,#6382,.F.);
#8640=ORIENTED_EDGE('',*,*,#6383,.F.);
#8641=ORIENTED_EDGE('',*,*,#6357,.T.);
#8642=ORIENTED_EDGE('',*,*,#6384,.T.);
#8643=ORIENTED_EDGE('',*,*,#6385,.T.);
#8644=ORIENTED_EDGE('',*,*,#6386,.F.);
#8645=ORIENTED_EDGE('',*,*,#6356,.T.);
#8646=ORIENTED_EDGE('',*,*,#6387,.T.);
#8647=ORIENTED_EDGE('',*,*,#6388,.T.);
#8648=ORIENTED_EDGE('',*,*,#6384,.F.);
#8649=ORIENTED_EDGE('',*,*,#6355,.T.);
#8650=ORIENTED_EDGE('',*,*,#6389,.T.);
#8651=ORIENTED_EDGE('',*,*,#6390,.T.);
#8652=ORIENTED_EDGE('',*,*,#6387,.F.);
#8653=ORIENTED_EDGE('',*,*,#6368,.T.);
#8654=ORIENTED_EDGE('',*,*,#6391,.T.);
#8655=ORIENTED_EDGE('',*,*,#6389,.F.);
#8656=ORIENTED_EDGE('',*,*,#6354,.T.);
#8657=ORIENTED_EDGE('',*,*,#6349,.T.);
#8658=ORIENTED_EDGE('',*,*,#6366,.T.);
#8659=ORIENTED_EDGE('',*,*,#6392,.T.);
#8660=ORIENTED_EDGE('',*,*,#6393,.T.);
#8661=ORIENTED_EDGE('',*,*,#6365,.T.);
#8662=ORIENTED_EDGE('',*,*,#6394,.T.);
#8663=ORIENTED_EDGE('',*,*,#6395,.T.);
#8664=ORIENTED_EDGE('',*,*,#6392,.F.);
#8665=ORIENTED_EDGE('',*,*,#6364,.T.);
#8666=ORIENTED_EDGE('',*,*,#6396,.T.);
#8667=ORIENTED_EDGE('',*,*,#6397,.T.);
#8668=ORIENTED_EDGE('',*,*,#6394,.F.);
#8669=ORIENTED_EDGE('',*,*,#6363,.T.);
#8670=ORIENTED_EDGE('',*,*,#6398,.T.);
#8671=ORIENTED_EDGE('',*,*,#6399,.T.);
#8672=ORIENTED_EDGE('',*,*,#6396,.F.);
#8673=ORIENTED_EDGE('',*,*,#6362,.T.);
#8674=ORIENTED_EDGE('',*,*,#6400,.T.);
#8675=ORIENTED_EDGE('',*,*,#6401,.T.);
#8676=ORIENTED_EDGE('',*,*,#6398,.F.);
#8677=ORIENTED_EDGE('',*,*,#6378,.T.);
#8678=ORIENTED_EDGE('',*,*,#6383,.T.);
#8679=ORIENTED_EDGE('',*,*,#6402,.F.);
#8680=ORIENTED_EDGE('',*,*,#6373,.T.);
#8681=ORIENTED_EDGE('',*,*,#6371,.T.);
#8682=ORIENTED_EDGE('',*,*,#6400,.F.);
#8683=ORIENTED_EDGE('',*,*,#6361,.T.);
#8684=ORIENTED_EDGE('',*,*,#6358,.T.);
#8685=ORIENTED_EDGE('',*,*,#6386,.T.);
#8686=ORIENTED_EDGE('',*,*,#6403,.T.);
#8687=ORIENTED_EDGE('',*,*,#6379,.F.);
#8688=ORIENTED_EDGE('',*,*,#6346,.T.);
#8689=ORIENTED_EDGE('',*,*,#6393,.F.);
#8690=ORIENTED_EDGE('',*,*,#6395,.F.);
#8691=ORIENTED_EDGE('',*,*,#6397,.F.);
#8692=ORIENTED_EDGE('',*,*,#6399,.F.);
#8693=ORIENTED_EDGE('',*,*,#6401,.F.);
#8694=ORIENTED_EDGE('',*,*,#6370,.T.);
#8695=ORIENTED_EDGE('',*,*,#6403,.F.);
#8696=ORIENTED_EDGE('',*,*,#6385,.F.);
#8697=ORIENTED_EDGE('',*,*,#6388,.F.);
#8698=ORIENTED_EDGE('',*,*,#6390,.F.);
#8699=ORIENTED_EDGE('',*,*,#6391,.F.);
#8700=ORIENTED_EDGE('',*,*,#6367,.T.);
#8701=ORIENTED_EDGE('',*,*,#6350,.F.);
#8702=ORIENTED_EDGE('',*,*,#6404,.F.);
#8703=ORIENTED_EDGE('',*,*,#6405,.F.);
#8704=ORIENTED_EDGE('',*,*,#6406,.F.);
#8705=ORIENTED_EDGE('',*,*,#6407,.F.);
#8706=ORIENTED_EDGE('',*,*,#6405,.T.);
#8707=ORIENTED_EDGE('',*,*,#6408,.T.);
#8708=ORIENTED_EDGE('',*,*,#6409,.T.);
#8709=ORIENTED_EDGE('',*,*,#6410,.T.);
#8710=ORIENTED_EDGE('',*,*,#6406,.T.);
#8711=ORIENTED_EDGE('',*,*,#6410,.F.);
#8712=ORIENTED_EDGE('',*,*,#6411,.T.);
#8713=ORIENTED_EDGE('',*,*,#6412,.F.);
#8714=ORIENTED_EDGE('',*,*,#6413,.F.);
#8715=ORIENTED_EDGE('',*,*,#6414,.F.);
#8716=ORIENTED_EDGE('',*,*,#6415,.F.);
#8717=ORIENTED_EDGE('',*,*,#6416,.F.);
#8718=ORIENTED_EDGE('',*,*,#6417,.F.);
#8719=ORIENTED_EDGE('',*,*,#6418,.T.);
#8720=ORIENTED_EDGE('',*,*,#6419,.F.);
#8721=ORIENTED_EDGE('',*,*,#6420,.F.);
#8722=ORIENTED_EDGE('',*,*,#6421,.F.);
#8723=ORIENTED_EDGE('',*,*,#6422,.F.);
#8724=ORIENTED_EDGE('',*,*,#6423,.F.);
#8725=ORIENTED_EDGE('',*,*,#6424,.F.);
#8726=ORIENTED_EDGE('',*,*,#6425,.F.);
#8727=ORIENTED_EDGE('',*,*,#6426,.F.);
#8728=ORIENTED_EDGE('',*,*,#6411,.F.);
#8729=ORIENTED_EDGE('',*,*,#6409,.F.);
#8730=ORIENTED_EDGE('',*,*,#6427,.F.);
#8731=ORIENTED_EDGE('',*,*,#6428,.F.);
#8732=ORIENTED_EDGE('',*,*,#6429,.F.);
#8733=ORIENTED_EDGE('',*,*,#6430,.F.);
#8734=ORIENTED_EDGE('',*,*,#6430,.T.);
#8735=ORIENTED_EDGE('',*,*,#6431,.F.);
#8736=ORIENTED_EDGE('',*,*,#6432,.F.);
#8737=ORIENTED_EDGE('',*,*,#6433,.T.);
#8738=ORIENTED_EDGE('',*,*,#6434,.F.);
#8739=ORIENTED_EDGE('',*,*,#6435,.F.);
#8740=ORIENTED_EDGE('',*,*,#6436,.F.);
#8741=ORIENTED_EDGE('',*,*,#6418,.F.);
#8742=ORIENTED_EDGE('',*,*,#6434,.T.);
#8743=ORIENTED_EDGE('',*,*,#6417,.T.);
#8744=ORIENTED_EDGE('',*,*,#6437,.T.);
#8745=ORIENTED_EDGE('',*,*,#6427,.T.);
#8746=ORIENTED_EDGE('',*,*,#6433,.F.);
#8747=ORIENTED_EDGE('',*,*,#6438,.F.);
#8748=ORIENTED_EDGE('',*,*,#6439,.F.);
#8749=ORIENTED_EDGE('',*,*,#6435,.T.);
#8750=ORIENTED_EDGE('',*,*,#6439,.T.);
#8751=ORIENTED_EDGE('',*,*,#6440,.F.);
#8752=ORIENTED_EDGE('',*,*,#6441,.F.);
#8753=ORIENTED_EDGE('',*,*,#6415,.T.);
#8754=ORIENTED_EDGE('',*,*,#6442,.T.);
#8755=ORIENTED_EDGE('',*,*,#6443,.T.);
#8756=ORIENTED_EDGE('',*,*,#6444,.F.);
#8757=ORIENTED_EDGE('',*,*,#6414,.T.);
#8758=ORIENTED_EDGE('',*,*,#6445,.T.);
#8759=ORIENTED_EDGE('',*,*,#6446,.T.);
#8760=ORIENTED_EDGE('',*,*,#6442,.F.);
#8761=ORIENTED_EDGE('',*,*,#6413,.T.);
#8762=ORIENTED_EDGE('',*,*,#6447,.T.);
#8763=ORIENTED_EDGE('',*,*,#6448,.T.);
#8764=ORIENTED_EDGE('',*,*,#6445,.F.);
#8765=ORIENTED_EDGE('',*,*,#6426,.T.);
#8766=ORIENTED_EDGE('',*,*,#6449,.T.);
#8767=ORIENTED_EDGE('',*,*,#6447,.F.);
#8768=ORIENTED_EDGE('',*,*,#6412,.T.);
#8769=ORIENTED_EDGE('',*,*,#6407,.T.);
#8770=ORIENTED_EDGE('',*,*,#6424,.T.);
#8771=ORIENTED_EDGE('',*,*,#6450,.T.);
#8772=ORIENTED_EDGE('',*,*,#6451,.T.);
#8773=ORIENTED_EDGE('',*,*,#6423,.T.);
#8774=ORIENTED_EDGE('',*,*,#6452,.T.);
#8775=ORIENTED_EDGE('',*,*,#6453,.T.);
#8776=ORIENTED_EDGE('',*,*,#6450,.F.);
#8777=ORIENTED_EDGE('',*,*,#6422,.T.);
#8778=ORIENTED_EDGE('',*,*,#6454,.T.);
#8779=ORIENTED_EDGE('',*,*,#6455,.T.);
#8780=ORIENTED_EDGE('',*,*,#6452,.F.);
#8781=ORIENTED_EDGE('',*,*,#6421,.T.);
#8782=ORIENTED_EDGE('',*,*,#6456,.T.);
#8783=ORIENTED_EDGE('',*,*,#6457,.T.);
#8784=ORIENTED_EDGE('',*,*,#6454,.F.);
#8785=ORIENTED_EDGE('',*,*,#6420,.T.);
#8786=ORIENTED_EDGE('',*,*,#6458,.T.);
#8787=ORIENTED_EDGE('',*,*,#6459,.T.);
#8788=ORIENTED_EDGE('',*,*,#6456,.F.);
#8789=ORIENTED_EDGE('',*,*,#6436,.T.);
#8790=ORIENTED_EDGE('',*,*,#6441,.T.);
#8791=ORIENTED_EDGE('',*,*,#6460,.F.);
#8792=ORIENTED_EDGE('',*,*,#6431,.T.);
#8793=ORIENTED_EDGE('',*,*,#6429,.T.);
#8794=ORIENTED_EDGE('',*,*,#6458,.F.);
#8795=ORIENTED_EDGE('',*,*,#6419,.T.);
#8796=ORIENTED_EDGE('',*,*,#6416,.T.);
#8797=ORIENTED_EDGE('',*,*,#6444,.T.);
#8798=ORIENTED_EDGE('',*,*,#6461,.T.);
#8799=ORIENTED_EDGE('',*,*,#6437,.F.);
#8800=ORIENTED_EDGE('',*,*,#6404,.T.);
#8801=ORIENTED_EDGE('',*,*,#6451,.F.);
#8802=ORIENTED_EDGE('',*,*,#6453,.F.);
#8803=ORIENTED_EDGE('',*,*,#6455,.F.);
#8804=ORIENTED_EDGE('',*,*,#6457,.F.);
#8805=ORIENTED_EDGE('',*,*,#6459,.F.);
#8806=ORIENTED_EDGE('',*,*,#6428,.T.);
#8807=ORIENTED_EDGE('',*,*,#6461,.F.);
#8808=ORIENTED_EDGE('',*,*,#6443,.F.);
#8809=ORIENTED_EDGE('',*,*,#6446,.F.);
#8810=ORIENTED_EDGE('',*,*,#6448,.F.);
#8811=ORIENTED_EDGE('',*,*,#6449,.F.);
#8812=ORIENTED_EDGE('',*,*,#6425,.T.);
#8813=ORIENTED_EDGE('',*,*,#6408,.F.);
#8814=ORIENTED_EDGE('',*,*,#6438,.T.);
#8815=ORIENTED_EDGE('',*,*,#6462,.F.);
#8816=ORIENTED_EDGE('',*,*,#6463,.T.);
#8817=ORIENTED_EDGE('',*,*,#6464,.F.);
#8818=ORIENTED_EDGE('',*,*,#6380,.T.);
#8819=ORIENTED_EDGE('',*,*,#6465,.F.);
#8820=ORIENTED_EDGE('',*,*,#6460,.T.);
#8821=ORIENTED_EDGE('',*,*,#6466,.F.);
#8822=ORIENTED_EDGE('',*,*,#6322,.T.);
#8823=ORIENTED_EDGE('',*,*,#6467,.F.);
#8824=ORIENTED_EDGE('',*,*,#6402,.T.);
#8825=ORIENTED_EDGE('',*,*,#6468,.F.);
#8826=ORIENTED_EDGE('',*,*,#6264,.T.);
#8827=ORIENTED_EDGE('',*,*,#6469,.F.);
#8828=ORIENTED_EDGE('',*,*,#6344,.T.);
#8829=ORIENTED_EDGE('',*,*,#6470,.F.);
#8830=ORIENTED_EDGE('',*,*,#6206,.T.);
#8831=ORIENTED_EDGE('',*,*,#6471,.F.);
#8832=ORIENTED_EDGE('',*,*,#6286,.T.);
#8833=ORIENTED_EDGE('',*,*,#6472,.F.);
#8834=ORIENTED_EDGE('',*,*,#6170,.T.);
#8835=ORIENTED_EDGE('',*,*,#6473,.F.);
#8836=ORIENTED_EDGE('',*,*,#6474,.F.);
#8837=ORIENTED_EDGE('',*,*,#6475,.F.);
#8838=ORIENTED_EDGE('',*,*,#6148,.T.);
#8839=ORIENTED_EDGE('',*,*,#6476,.F.);
#8840=ORIENTED_EDGE('',*,*,#6228,.T.);
#8841=ORIENTED_EDGE('',*,*,#6477,.F.);
#8842=ORIENTED_EDGE('',*,*,#6478,.F.);
#8843=ORIENTED_EDGE('',*,*,#6479,.F.);
#8844=ORIENTED_EDGE('',*,*,#6480,.F.);
#8845=ORIENTED_EDGE('',*,*,#6481,.F.);
#8846=ORIENTED_EDGE('',*,*,#6479,.T.);
#8847=ORIENTED_EDGE('',*,*,#6482,.T.);
#8848=ORIENTED_EDGE('',*,*,#6483,.T.);
#8849=ORIENTED_EDGE('',*,*,#6484,.T.);
#8850=ORIENTED_EDGE('',*,*,#6480,.T.);
#8851=ORIENTED_EDGE('',*,*,#6484,.F.);
#8852=ORIENTED_EDGE('',*,*,#6485,.T.);
#8853=ORIENTED_EDGE('',*,*,#6486,.F.);
#8854=ORIENTED_EDGE('',*,*,#6487,.F.);
#8855=ORIENTED_EDGE('',*,*,#6488,.F.);
#8856=ORIENTED_EDGE('',*,*,#6489,.F.);
#8857=ORIENTED_EDGE('',*,*,#6490,.F.);
#8858=ORIENTED_EDGE('',*,*,#6491,.F.);
#8859=ORIENTED_EDGE('',*,*,#6492,.T.);
#8860=ORIENTED_EDGE('',*,*,#6493,.F.);
#8861=ORIENTED_EDGE('',*,*,#6494,.F.);
#8862=ORIENTED_EDGE('',*,*,#6495,.F.);
#8863=ORIENTED_EDGE('',*,*,#6496,.F.);
#8864=ORIENTED_EDGE('',*,*,#6497,.F.);
#8865=ORIENTED_EDGE('',*,*,#6498,.F.);
#8866=ORIENTED_EDGE('',*,*,#6499,.F.);
#8867=ORIENTED_EDGE('',*,*,#6500,.F.);
#8868=ORIENTED_EDGE('',*,*,#6485,.F.);
#8869=ORIENTED_EDGE('',*,*,#6483,.F.);
#8870=ORIENTED_EDGE('',*,*,#6501,.F.);
#8871=ORIENTED_EDGE('',*,*,#6502,.F.);
#8872=ORIENTED_EDGE('',*,*,#6503,.F.);
#8873=ORIENTED_EDGE('',*,*,#6504,.F.);
#8874=ORIENTED_EDGE('',*,*,#6504,.T.);
#8875=ORIENTED_EDGE('',*,*,#6505,.F.);
#8876=ORIENTED_EDGE('',*,*,#6506,.F.);
#8877=ORIENTED_EDGE('',*,*,#6507,.T.);
#8878=ORIENTED_EDGE('',*,*,#6508,.F.);
#8879=ORIENTED_EDGE('',*,*,#6509,.F.);
#8880=ORIENTED_EDGE('',*,*,#6510,.F.);
#8881=ORIENTED_EDGE('',*,*,#6492,.F.);
#8882=ORIENTED_EDGE('',*,*,#6508,.T.);
#8883=ORIENTED_EDGE('',*,*,#6491,.T.);
#8884=ORIENTED_EDGE('',*,*,#6511,.T.);
#8885=ORIENTED_EDGE('',*,*,#6501,.T.);
#8886=ORIENTED_EDGE('',*,*,#6507,.F.);
#8887=ORIENTED_EDGE('',*,*,#6512,.F.);
#8888=ORIENTED_EDGE('',*,*,#6513,.F.);
#8889=ORIENTED_EDGE('',*,*,#6509,.T.);
#8890=ORIENTED_EDGE('',*,*,#6513,.T.);
#8891=ORIENTED_EDGE('',*,*,#6514,.F.);
#8892=ORIENTED_EDGE('',*,*,#6515,.F.);
#8893=ORIENTED_EDGE('',*,*,#6489,.T.);
#8894=ORIENTED_EDGE('',*,*,#6516,.T.);
#8895=ORIENTED_EDGE('',*,*,#6517,.T.);
#8896=ORIENTED_EDGE('',*,*,#6518,.F.);
#8897=ORIENTED_EDGE('',*,*,#6488,.T.);
#8898=ORIENTED_EDGE('',*,*,#6519,.T.);
#8899=ORIENTED_EDGE('',*,*,#6520,.T.);
#8900=ORIENTED_EDGE('',*,*,#6516,.F.);
#8901=ORIENTED_EDGE('',*,*,#6487,.T.);
#8902=ORIENTED_EDGE('',*,*,#6521,.T.);
#8903=ORIENTED_EDGE('',*,*,#6522,.T.);
#8904=ORIENTED_EDGE('',*,*,#6519,.F.);
#8905=ORIENTED_EDGE('',*,*,#6500,.T.);
#8906=ORIENTED_EDGE('',*,*,#6523,.T.);
#8907=ORIENTED_EDGE('',*,*,#6521,.F.);
#8908=ORIENTED_EDGE('',*,*,#6486,.T.);
#8909=ORIENTED_EDGE('',*,*,#6481,.T.);
#8910=ORIENTED_EDGE('',*,*,#6498,.T.);
#8911=ORIENTED_EDGE('',*,*,#6524,.T.);
#8912=ORIENTED_EDGE('',*,*,#6525,.T.);
#8913=ORIENTED_EDGE('',*,*,#6497,.T.);
#8914=ORIENTED_EDGE('',*,*,#6526,.T.);
#8915=ORIENTED_EDGE('',*,*,#6527,.T.);
#8916=ORIENTED_EDGE('',*,*,#6524,.F.);
#8917=ORIENTED_EDGE('',*,*,#6496,.T.);
#8918=ORIENTED_EDGE('',*,*,#6528,.T.);
#8919=ORIENTED_EDGE('',*,*,#6529,.T.);
#8920=ORIENTED_EDGE('',*,*,#6526,.F.);
#8921=ORIENTED_EDGE('',*,*,#6495,.T.);
#8922=ORIENTED_EDGE('',*,*,#6530,.T.);
#8923=ORIENTED_EDGE('',*,*,#6531,.T.);
#8924=ORIENTED_EDGE('',*,*,#6528,.F.);
#8925=ORIENTED_EDGE('',*,*,#6494,.T.);
#8926=ORIENTED_EDGE('',*,*,#6532,.T.);
#8927=ORIENTED_EDGE('',*,*,#6533,.T.);
#8928=ORIENTED_EDGE('',*,*,#6530,.F.);
#8929=ORIENTED_EDGE('',*,*,#6510,.T.);
#8930=ORIENTED_EDGE('',*,*,#6515,.T.);
#8931=ORIENTED_EDGE('',*,*,#6463,.F.);
#8932=ORIENTED_EDGE('',*,*,#6505,.T.);
#8933=ORIENTED_EDGE('',*,*,#6503,.T.);
#8934=ORIENTED_EDGE('',*,*,#6532,.F.);
#8935=ORIENTED_EDGE('',*,*,#6493,.T.);
#8936=ORIENTED_EDGE('',*,*,#6490,.T.);
#8937=ORIENTED_EDGE('',*,*,#6518,.T.);
#8938=ORIENTED_EDGE('',*,*,#6534,.T.);
#8939=ORIENTED_EDGE('',*,*,#6511,.F.);
#8940=ORIENTED_EDGE('',*,*,#6478,.T.);
#8941=ORIENTED_EDGE('',*,*,#6525,.F.);
#8942=ORIENTED_EDGE('',*,*,#6527,.F.);
#8943=ORIENTED_EDGE('',*,*,#6529,.F.);
#8944=ORIENTED_EDGE('',*,*,#6531,.F.);
#8945=ORIENTED_EDGE('',*,*,#6533,.F.);
#8946=ORIENTED_EDGE('',*,*,#6502,.T.);
#8947=ORIENTED_EDGE('',*,*,#6534,.F.);
#8948=ORIENTED_EDGE('',*,*,#6517,.F.);
#8949=ORIENTED_EDGE('',*,*,#6520,.F.);
#8950=ORIENTED_EDGE('',*,*,#6522,.F.);
#8951=ORIENTED_EDGE('',*,*,#6523,.F.);
#8952=ORIENTED_EDGE('',*,*,#6499,.T.);
#8953=ORIENTED_EDGE('',*,*,#6482,.F.);
#8954=ORIENTED_EDGE('',*,*,#6512,.T.);
#8955=ORIENTED_EDGE('',*,*,#6535,.F.);
#8956=ORIENTED_EDGE('',*,*,#6536,.T.);
#8957=ORIENTED_EDGE('',*,*,#6537,.F.);
#8958=ORIENTED_EDGE('',*,*,#6538,.T.);
#8959=ORIENTED_EDGE('',*,*,#6539,.T.);
#8960=ORIENTED_EDGE('',*,*,#6540,.T.);
#8961=ORIENTED_EDGE('',*,*,#6541,.T.);
#8962=ORIENTED_EDGE('',*,*,#6541,.F.);
#8963=ORIENTED_EDGE('',*,*,#6542,.F.);
#8964=ORIENTED_EDGE('',*,*,#6543,.F.);
#8965=ORIENTED_EDGE('',*,*,#6544,.F.);
#8966=ORIENTED_EDGE('',*,*,#6540,.F.);
#8967=ORIENTED_EDGE('',*,*,#6545,.T.);
#8968=ORIENTED_EDGE('',*,*,#6546,.T.);
#8969=ORIENTED_EDGE('',*,*,#6547,.T.);
#8970=ORIENTED_EDGE('',*,*,#6548,.T.);
#8971=ORIENTED_EDGE('',*,*,#6549,.T.);
#8972=ORIENTED_EDGE('',*,*,#6550,.T.);
#8973=ORIENTED_EDGE('',*,*,#6551,.F.);
#8974=ORIENTED_EDGE('',*,*,#6552,.T.);
#8975=ORIENTED_EDGE('',*,*,#6553,.T.);
#8976=ORIENTED_EDGE('',*,*,#6554,.T.);
#8977=ORIENTED_EDGE('',*,*,#6555,.T.);
#8978=ORIENTED_EDGE('',*,*,#6556,.T.);
#8979=ORIENTED_EDGE('',*,*,#6557,.T.);
#8980=ORIENTED_EDGE('',*,*,#6558,.F.);
#8981=ORIENTED_EDGE('',*,*,#6542,.T.);
#8982=ORIENTED_EDGE('',*,*,#6559,.T.);
#8983=ORIENTED_EDGE('',*,*,#6543,.T.);
#8984=ORIENTED_EDGE('',*,*,#6558,.T.);
#8985=ORIENTED_EDGE('',*,*,#6560,.T.);
#8986=ORIENTED_EDGE('',*,*,#6561,.T.);
#8987=ORIENTED_EDGE('',*,*,#6562,.T.);
#8988=ORIENTED_EDGE('',*,*,#6563,.T.);
#8989=ORIENTED_EDGE('',*,*,#6564,.T.);
#8990=ORIENTED_EDGE('',*,*,#6562,.F.);
#8991=ORIENTED_EDGE('',*,*,#6565,.F.);
#8992=ORIENTED_EDGE('',*,*,#6566,.F.);
#8993=ORIENTED_EDGE('',*,*,#6567,.T.);
#8994=ORIENTED_EDGE('',*,*,#6568,.T.);
#8995=ORIENTED_EDGE('',*,*,#6551,.T.);
#8996=ORIENTED_EDGE('',*,*,#6569,.T.);
#8997=ORIENTED_EDGE('',*,*,#6570,.T.);
#8998=ORIENTED_EDGE('',*,*,#6568,.F.);
#8999=ORIENTED_EDGE('',*,*,#6571,.T.);
#9000=ORIENTED_EDGE('',*,*,#6572,.F.);
#9001=ORIENTED_EDGE('',*,*,#6565,.T.);
#9002=ORIENTED_EDGE('',*,*,#6561,.F.);
#9003=ORIENTED_EDGE('',*,*,#6573,.F.);
#9004=ORIENTED_EDGE('',*,*,#6552,.F.);
#9005=ORIENTED_EDGE('',*,*,#6570,.F.);
#9006=ORIENTED_EDGE('',*,*,#6574,.T.);
#9007=ORIENTED_EDGE('',*,*,#6575,.F.);
#9008=ORIENTED_EDGE('',*,*,#6571,.F.);
#9009=ORIENTED_EDGE('',*,*,#6554,.F.);
#9010=ORIENTED_EDGE('',*,*,#6576,.T.);
#9011=ORIENTED_EDGE('',*,*,#6577,.F.);
#9012=ORIENTED_EDGE('',*,*,#6578,.F.);
#9013=ORIENTED_EDGE('',*,*,#6555,.F.);
#9014=ORIENTED_EDGE('',*,*,#6578,.T.);
#9015=ORIENTED_EDGE('',*,*,#6579,.F.);
#9016=ORIENTED_EDGE('',*,*,#6580,.F.);
#9017=ORIENTED_EDGE('',*,*,#6556,.F.);
#9018=ORIENTED_EDGE('',*,*,#6580,.T.);
#9019=ORIENTED_EDGE('',*,*,#6581,.F.);
#9020=ORIENTED_EDGE('',*,*,#6582,.F.);
#9021=ORIENTED_EDGE('',*,*,#6560,.F.);
#9022=ORIENTED_EDGE('',*,*,#6557,.F.);
#9023=ORIENTED_EDGE('',*,*,#6582,.T.);
#9024=ORIENTED_EDGE('',*,*,#6583,.F.);
#9025=ORIENTED_EDGE('',*,*,#6539,.F.);
#9026=ORIENTED_EDGE('',*,*,#6584,.F.);
#9027=ORIENTED_EDGE('',*,*,#6585,.F.);
#9028=ORIENTED_EDGE('',*,*,#6545,.F.);
#9029=ORIENTED_EDGE('',*,*,#6546,.F.);
#9030=ORIENTED_EDGE('',*,*,#6585,.T.);
#9031=ORIENTED_EDGE('',*,*,#6586,.F.);
#9032=ORIENTED_EDGE('',*,*,#6587,.F.);
#9033=ORIENTED_EDGE('',*,*,#6547,.F.);
#9034=ORIENTED_EDGE('',*,*,#6587,.T.);
#9035=ORIENTED_EDGE('',*,*,#6588,.F.);
#9036=ORIENTED_EDGE('',*,*,#6589,.F.);
#9037=ORIENTED_EDGE('',*,*,#6548,.F.);
#9038=ORIENTED_EDGE('',*,*,#6589,.T.);
#9039=ORIENTED_EDGE('',*,*,#6590,.F.);
#9040=ORIENTED_EDGE('',*,*,#6591,.F.);
#9041=ORIENTED_EDGE('',*,*,#6549,.F.);
#9042=ORIENTED_EDGE('',*,*,#6591,.T.);
#9043=ORIENTED_EDGE('',*,*,#6592,.F.);
#9044=ORIENTED_EDGE('',*,*,#6593,.F.);
#9045=ORIENTED_EDGE('',*,*,#6569,.F.);
#9046=ORIENTED_EDGE('',*,*,#6550,.F.);
#9047=ORIENTED_EDGE('',*,*,#6593,.T.);
#9048=ORIENTED_EDGE('',*,*,#6563,.F.);
#9049=ORIENTED_EDGE('',*,*,#6567,.F.);
#9050=ORIENTED_EDGE('',*,*,#6594,.F.);
#9051=ORIENTED_EDGE('',*,*,#6574,.F.);
#9052=ORIENTED_EDGE('',*,*,#6553,.F.);
#9053=ORIENTED_EDGE('',*,*,#6573,.T.);
#9054=ORIENTED_EDGE('',*,*,#6595,.F.);
#9055=ORIENTED_EDGE('',*,*,#6576,.F.);
#9056=ORIENTED_EDGE('',*,*,#6538,.F.);
#9057=ORIENTED_EDGE('',*,*,#6544,.T.);
#9058=ORIENTED_EDGE('',*,*,#6559,.F.);
#9059=ORIENTED_EDGE('',*,*,#6583,.T.);
#9060=ORIENTED_EDGE('',*,*,#6581,.T.);
#9061=ORIENTED_EDGE('',*,*,#6579,.T.);
#9062=ORIENTED_EDGE('',*,*,#6577,.T.);
#9063=ORIENTED_EDGE('',*,*,#6595,.T.);
#9064=ORIENTED_EDGE('',*,*,#6564,.F.);
#9065=ORIENTED_EDGE('',*,*,#6592,.T.);
#9066=ORIENTED_EDGE('',*,*,#6590,.T.);
#9067=ORIENTED_EDGE('',*,*,#6588,.T.);
#9068=ORIENTED_EDGE('',*,*,#6586,.T.);
#9069=ORIENTED_EDGE('',*,*,#6584,.T.);
#9070=ORIENTED_EDGE('',*,*,#6596,.T.);
#9071=ORIENTED_EDGE('',*,*,#6597,.T.);
#9072=ORIENTED_EDGE('',*,*,#6598,.T.);
#9073=ORIENTED_EDGE('',*,*,#6599,.T.);
#9074=ORIENTED_EDGE('',*,*,#6599,.F.);
#9075=ORIENTED_EDGE('',*,*,#6600,.F.);
#9076=ORIENTED_EDGE('',*,*,#6601,.F.);
#9077=ORIENTED_EDGE('',*,*,#6602,.F.);
#9078=ORIENTED_EDGE('',*,*,#6598,.F.);
#9079=ORIENTED_EDGE('',*,*,#6603,.T.);
#9080=ORIENTED_EDGE('',*,*,#6604,.T.);
#9081=ORIENTED_EDGE('',*,*,#6605,.T.);
#9082=ORIENTED_EDGE('',*,*,#6606,.T.);
#9083=ORIENTED_EDGE('',*,*,#6607,.T.);
#9084=ORIENTED_EDGE('',*,*,#6608,.T.);
#9085=ORIENTED_EDGE('',*,*,#6609,.F.);
#9086=ORIENTED_EDGE('',*,*,#6610,.T.);
#9087=ORIENTED_EDGE('',*,*,#6611,.T.);
#9088=ORIENTED_EDGE('',*,*,#6612,.T.);
#9089=ORIENTED_EDGE('',*,*,#6613,.T.);
#9090=ORIENTED_EDGE('',*,*,#6614,.T.);
#9091=ORIENTED_EDGE('',*,*,#6615,.T.);
#9092=ORIENTED_EDGE('',*,*,#6616,.F.);
#9093=ORIENTED_EDGE('',*,*,#6600,.T.);
#9094=ORIENTED_EDGE('',*,*,#6617,.T.);
#9095=ORIENTED_EDGE('',*,*,#6601,.T.);
#9096=ORIENTED_EDGE('',*,*,#6616,.T.);
#9097=ORIENTED_EDGE('',*,*,#6618,.T.);
#9098=ORIENTED_EDGE('',*,*,#6619,.T.);
#9099=ORIENTED_EDGE('',*,*,#6620,.T.);
#9100=ORIENTED_EDGE('',*,*,#6621,.T.);
#9101=ORIENTED_EDGE('',*,*,#6622,.T.);
#9102=ORIENTED_EDGE('',*,*,#6620,.F.);
#9103=ORIENTED_EDGE('',*,*,#6623,.F.);
#9104=ORIENTED_EDGE('',*,*,#6624,.F.);
#9105=ORIENTED_EDGE('',*,*,#6625,.T.);
#9106=ORIENTED_EDGE('',*,*,#6626,.T.);
#9107=ORIENTED_EDGE('',*,*,#6609,.T.);
#9108=ORIENTED_EDGE('',*,*,#6627,.T.);
#9109=ORIENTED_EDGE('',*,*,#6628,.T.);
#9110=ORIENTED_EDGE('',*,*,#6626,.F.);
#9111=ORIENTED_EDGE('',*,*,#6629,.T.);
#9112=ORIENTED_EDGE('',*,*,#6630,.F.);
#9113=ORIENTED_EDGE('',*,*,#6623,.T.);
#9114=ORIENTED_EDGE('',*,*,#6619,.F.);
#9115=ORIENTED_EDGE('',*,*,#6631,.F.);
#9116=ORIENTED_EDGE('',*,*,#6610,.F.);
#9117=ORIENTED_EDGE('',*,*,#6628,.F.);
#9118=ORIENTED_EDGE('',*,*,#6632,.T.);
#9119=ORIENTED_EDGE('',*,*,#6633,.F.);
#9120=ORIENTED_EDGE('',*,*,#6629,.F.);
#9121=ORIENTED_EDGE('',*,*,#6612,.F.);
#9122=ORIENTED_EDGE('',*,*,#6634,.T.);
#9123=ORIENTED_EDGE('',*,*,#6635,.F.);
#9124=ORIENTED_EDGE('',*,*,#6636,.F.);
#9125=ORIENTED_EDGE('',*,*,#6613,.F.);
#9126=ORIENTED_EDGE('',*,*,#6636,.T.);
#9127=ORIENTED_EDGE('',*,*,#6637,.F.);
#9128=ORIENTED_EDGE('',*,*,#6638,.F.);
#9129=ORIENTED_EDGE('',*,*,#6614,.F.);
#9130=ORIENTED_EDGE('',*,*,#6638,.T.);
#9131=ORIENTED_EDGE('',*,*,#6639,.F.);
#9132=ORIENTED_EDGE('',*,*,#6640,.F.);
#9133=ORIENTED_EDGE('',*,*,#6618,.F.);
#9134=ORIENTED_EDGE('',*,*,#6615,.F.);
#9135=ORIENTED_EDGE('',*,*,#6640,.T.);
#9136=ORIENTED_EDGE('',*,*,#6641,.F.);
#9137=ORIENTED_EDGE('',*,*,#6597,.F.);
#9138=ORIENTED_EDGE('',*,*,#6642,.F.);
#9139=ORIENTED_EDGE('',*,*,#6643,.F.);
#9140=ORIENTED_EDGE('',*,*,#6603,.F.);
#9141=ORIENTED_EDGE('',*,*,#6604,.F.);
#9142=ORIENTED_EDGE('',*,*,#6643,.T.);
#9143=ORIENTED_EDGE('',*,*,#6644,.F.);
#9144=ORIENTED_EDGE('',*,*,#6645,.F.);
#9145=ORIENTED_EDGE('',*,*,#6605,.F.);
#9146=ORIENTED_EDGE('',*,*,#6645,.T.);
#9147=ORIENTED_EDGE('',*,*,#6646,.F.);
#9148=ORIENTED_EDGE('',*,*,#6647,.F.);
#9149=ORIENTED_EDGE('',*,*,#6606,.F.);
#9150=ORIENTED_EDGE('',*,*,#6647,.T.);
#9151=ORIENTED_EDGE('',*,*,#6648,.F.);
#9152=ORIENTED_EDGE('',*,*,#6649,.F.);
#9153=ORIENTED_EDGE('',*,*,#6607,.F.);
#9154=ORIENTED_EDGE('',*,*,#6649,.T.);
#9155=ORIENTED_EDGE('',*,*,#6650,.F.);
#9156=ORIENTED_EDGE('',*,*,#6651,.F.);
#9157=ORIENTED_EDGE('',*,*,#6627,.F.);
#9158=ORIENTED_EDGE('',*,*,#6608,.F.);
#9159=ORIENTED_EDGE('',*,*,#6651,.T.);
#9160=ORIENTED_EDGE('',*,*,#6621,.F.);
#9161=ORIENTED_EDGE('',*,*,#6625,.F.);
#9162=ORIENTED_EDGE('',*,*,#6652,.F.);
#9163=ORIENTED_EDGE('',*,*,#6632,.F.);
#9164=ORIENTED_EDGE('',*,*,#6611,.F.);
#9165=ORIENTED_EDGE('',*,*,#6631,.T.);
#9166=ORIENTED_EDGE('',*,*,#6653,.F.);
#9167=ORIENTED_EDGE('',*,*,#6634,.F.);
#9168=ORIENTED_EDGE('',*,*,#6596,.F.);
#9169=ORIENTED_EDGE('',*,*,#6602,.T.);
#9170=ORIENTED_EDGE('',*,*,#6617,.F.);
#9171=ORIENTED_EDGE('',*,*,#6641,.T.);
#9172=ORIENTED_EDGE('',*,*,#6639,.T.);
#9173=ORIENTED_EDGE('',*,*,#6637,.T.);
#9174=ORIENTED_EDGE('',*,*,#6635,.T.);
#9175=ORIENTED_EDGE('',*,*,#6653,.T.);
#9176=ORIENTED_EDGE('',*,*,#6622,.F.);
#9177=ORIENTED_EDGE('',*,*,#6650,.T.);
#9178=ORIENTED_EDGE('',*,*,#6648,.T.);
#9179=ORIENTED_EDGE('',*,*,#6646,.T.);
#9180=ORIENTED_EDGE('',*,*,#6644,.T.);
#9181=ORIENTED_EDGE('',*,*,#6642,.T.);
#9182=ORIENTED_EDGE('',*,*,#6654,.T.);
#9183=ORIENTED_EDGE('',*,*,#6655,.T.);
#9184=ORIENTED_EDGE('',*,*,#6656,.T.);
#9185=ORIENTED_EDGE('',*,*,#6657,.T.);
#9186=ORIENTED_EDGE('',*,*,#6657,.F.);
#9187=ORIENTED_EDGE('',*,*,#6658,.F.);
#9188=ORIENTED_EDGE('',*,*,#6659,.F.);
#9189=ORIENTED_EDGE('',*,*,#6660,.F.);
#9190=ORIENTED_EDGE('',*,*,#6656,.F.);
#9191=ORIENTED_EDGE('',*,*,#6661,.T.);
#9192=ORIENTED_EDGE('',*,*,#6662,.T.);
#9193=ORIENTED_EDGE('',*,*,#6663,.T.);
#9194=ORIENTED_EDGE('',*,*,#6664,.T.);
#9195=ORIENTED_EDGE('',*,*,#6665,.T.);
#9196=ORIENTED_EDGE('',*,*,#6666,.T.);
#9197=ORIENTED_EDGE('',*,*,#6667,.F.);
#9198=ORIENTED_EDGE('',*,*,#6668,.T.);
#9199=ORIENTED_EDGE('',*,*,#6669,.T.);
#9200=ORIENTED_EDGE('',*,*,#6670,.T.);
#9201=ORIENTED_EDGE('',*,*,#6671,.T.);
#9202=ORIENTED_EDGE('',*,*,#6672,.T.);
#9203=ORIENTED_EDGE('',*,*,#6673,.T.);
#9204=ORIENTED_EDGE('',*,*,#6674,.F.);
#9205=ORIENTED_EDGE('',*,*,#6658,.T.);
#9206=ORIENTED_EDGE('',*,*,#6675,.T.);
#9207=ORIENTED_EDGE('',*,*,#6659,.T.);
#9208=ORIENTED_EDGE('',*,*,#6674,.T.);
#9209=ORIENTED_EDGE('',*,*,#6676,.T.);
#9210=ORIENTED_EDGE('',*,*,#6677,.T.);
#9211=ORIENTED_EDGE('',*,*,#6678,.T.);
#9212=ORIENTED_EDGE('',*,*,#6679,.T.);
#9213=ORIENTED_EDGE('',*,*,#6680,.T.);
#9214=ORIENTED_EDGE('',*,*,#6678,.F.);
#9215=ORIENTED_EDGE('',*,*,#6681,.F.);
#9216=ORIENTED_EDGE('',*,*,#6682,.F.);
#9217=ORIENTED_EDGE('',*,*,#6683,.T.);
#9218=ORIENTED_EDGE('',*,*,#6684,.T.);
#9219=ORIENTED_EDGE('',*,*,#6667,.T.);
#9220=ORIENTED_EDGE('',*,*,#6685,.T.);
#9221=ORIENTED_EDGE('',*,*,#6686,.T.);
#9222=ORIENTED_EDGE('',*,*,#6684,.F.);
#9223=ORIENTED_EDGE('',*,*,#6687,.T.);
#9224=ORIENTED_EDGE('',*,*,#6688,.F.);
#9225=ORIENTED_EDGE('',*,*,#6681,.T.);
#9226=ORIENTED_EDGE('',*,*,#6677,.F.);
#9227=ORIENTED_EDGE('',*,*,#6689,.F.);
#9228=ORIENTED_EDGE('',*,*,#6668,.F.);
#9229=ORIENTED_EDGE('',*,*,#6686,.F.);
#9230=ORIENTED_EDGE('',*,*,#6690,.T.);
#9231=ORIENTED_EDGE('',*,*,#6691,.F.);
#9232=ORIENTED_EDGE('',*,*,#6687,.F.);
#9233=ORIENTED_EDGE('',*,*,#6670,.F.);
#9234=ORIENTED_EDGE('',*,*,#6692,.T.);
#9235=ORIENTED_EDGE('',*,*,#6693,.F.);
#9236=ORIENTED_EDGE('',*,*,#6694,.F.);
#9237=ORIENTED_EDGE('',*,*,#6671,.F.);
#9238=ORIENTED_EDGE('',*,*,#6694,.T.);
#9239=ORIENTED_EDGE('',*,*,#6695,.F.);
#9240=ORIENTED_EDGE('',*,*,#6696,.F.);
#9241=ORIENTED_EDGE('',*,*,#6672,.F.);
#9242=ORIENTED_EDGE('',*,*,#6696,.T.);
#9243=ORIENTED_EDGE('',*,*,#6697,.F.);
#9244=ORIENTED_EDGE('',*,*,#6698,.F.);
#9245=ORIENTED_EDGE('',*,*,#6676,.F.);
#9246=ORIENTED_EDGE('',*,*,#6673,.F.);
#9247=ORIENTED_EDGE('',*,*,#6698,.T.);
#9248=ORIENTED_EDGE('',*,*,#6699,.F.);
#9249=ORIENTED_EDGE('',*,*,#6655,.F.);
#9250=ORIENTED_EDGE('',*,*,#6700,.F.);
#9251=ORIENTED_EDGE('',*,*,#6701,.F.);
#9252=ORIENTED_EDGE('',*,*,#6661,.F.);
#9253=ORIENTED_EDGE('',*,*,#6662,.F.);
#9254=ORIENTED_EDGE('',*,*,#6701,.T.);
#9255=ORIENTED_EDGE('',*,*,#6702,.F.);
#9256=ORIENTED_EDGE('',*,*,#6703,.F.);
#9257=ORIENTED_EDGE('',*,*,#6663,.F.);
#9258=ORIENTED_EDGE('',*,*,#6703,.T.);
#9259=ORIENTED_EDGE('',*,*,#6704,.F.);
#9260=ORIENTED_EDGE('',*,*,#6705,.F.);
#9261=ORIENTED_EDGE('',*,*,#6664,.F.);
#9262=ORIENTED_EDGE('',*,*,#6705,.T.);
#9263=ORIENTED_EDGE('',*,*,#6706,.F.);
#9264=ORIENTED_EDGE('',*,*,#6707,.F.);
#9265=ORIENTED_EDGE('',*,*,#6665,.F.);
#9266=ORIENTED_EDGE('',*,*,#6707,.T.);
#9267=ORIENTED_EDGE('',*,*,#6708,.F.);
#9268=ORIENTED_EDGE('',*,*,#6709,.F.);
#9269=ORIENTED_EDGE('',*,*,#6685,.F.);
#9270=ORIENTED_EDGE('',*,*,#6666,.F.);
#9271=ORIENTED_EDGE('',*,*,#6709,.T.);
#9272=ORIENTED_EDGE('',*,*,#6679,.F.);
#9273=ORIENTED_EDGE('',*,*,#6683,.F.);
#9274=ORIENTED_EDGE('',*,*,#6710,.F.);
#9275=ORIENTED_EDGE('',*,*,#6690,.F.);
#9276=ORIENTED_EDGE('',*,*,#6669,.F.);
#9277=ORIENTED_EDGE('',*,*,#6689,.T.);
#9278=ORIENTED_EDGE('',*,*,#6711,.F.);
#9279=ORIENTED_EDGE('',*,*,#6692,.F.);
#9280=ORIENTED_EDGE('',*,*,#6654,.F.);
#9281=ORIENTED_EDGE('',*,*,#6660,.T.);
#9282=ORIENTED_EDGE('',*,*,#6675,.F.);
#9283=ORIENTED_EDGE('',*,*,#6699,.T.);
#9284=ORIENTED_EDGE('',*,*,#6697,.T.);
#9285=ORIENTED_EDGE('',*,*,#6695,.T.);
#9286=ORIENTED_EDGE('',*,*,#6693,.T.);
#9287=ORIENTED_EDGE('',*,*,#6711,.T.);
#9288=ORIENTED_EDGE('',*,*,#6680,.F.);
#9289=ORIENTED_EDGE('',*,*,#6708,.T.);
#9290=ORIENTED_EDGE('',*,*,#6706,.T.);
#9291=ORIENTED_EDGE('',*,*,#6704,.T.);
#9292=ORIENTED_EDGE('',*,*,#6702,.T.);
#9293=ORIENTED_EDGE('',*,*,#6700,.T.);
#9294=ORIENTED_EDGE('',*,*,#6712,.T.);
#9295=ORIENTED_EDGE('',*,*,#6713,.T.);
#9296=ORIENTED_EDGE('',*,*,#6714,.T.);
#9297=ORIENTED_EDGE('',*,*,#6715,.T.);
#9298=ORIENTED_EDGE('',*,*,#6715,.F.);
#9299=ORIENTED_EDGE('',*,*,#6716,.F.);
#9300=ORIENTED_EDGE('',*,*,#6717,.F.);
#9301=ORIENTED_EDGE('',*,*,#6718,.F.);
#9302=ORIENTED_EDGE('',*,*,#6714,.F.);
#9303=ORIENTED_EDGE('',*,*,#6719,.T.);
#9304=ORIENTED_EDGE('',*,*,#6720,.T.);
#9305=ORIENTED_EDGE('',*,*,#6721,.T.);
#9306=ORIENTED_EDGE('',*,*,#6722,.T.);
#9307=ORIENTED_EDGE('',*,*,#6723,.T.);
#9308=ORIENTED_EDGE('',*,*,#6724,.T.);
#9309=ORIENTED_EDGE('',*,*,#6725,.F.);
#9310=ORIENTED_EDGE('',*,*,#6726,.T.);
#9311=ORIENTED_EDGE('',*,*,#6727,.T.);
#9312=ORIENTED_EDGE('',*,*,#6728,.T.);
#9313=ORIENTED_EDGE('',*,*,#6729,.T.);
#9314=ORIENTED_EDGE('',*,*,#6730,.T.);
#9315=ORIENTED_EDGE('',*,*,#6731,.T.);
#9316=ORIENTED_EDGE('',*,*,#6732,.F.);
#9317=ORIENTED_EDGE('',*,*,#6716,.T.);
#9318=ORIENTED_EDGE('',*,*,#6733,.T.);
#9319=ORIENTED_EDGE('',*,*,#6717,.T.);
#9320=ORIENTED_EDGE('',*,*,#6732,.T.);
#9321=ORIENTED_EDGE('',*,*,#6734,.T.);
#9322=ORIENTED_EDGE('',*,*,#6735,.T.);
#9323=ORIENTED_EDGE('',*,*,#6736,.T.);
#9324=ORIENTED_EDGE('',*,*,#6737,.T.);
#9325=ORIENTED_EDGE('',*,*,#6738,.T.);
#9326=ORIENTED_EDGE('',*,*,#6736,.F.);
#9327=ORIENTED_EDGE('',*,*,#6739,.F.);
#9328=ORIENTED_EDGE('',*,*,#6740,.F.);
#9329=ORIENTED_EDGE('',*,*,#6741,.T.);
#9330=ORIENTED_EDGE('',*,*,#6742,.T.);
#9331=ORIENTED_EDGE('',*,*,#6725,.T.);
#9332=ORIENTED_EDGE('',*,*,#6743,.T.);
#9333=ORIENTED_EDGE('',*,*,#6744,.T.);
#9334=ORIENTED_EDGE('',*,*,#6742,.F.);
#9335=ORIENTED_EDGE('',*,*,#6745,.T.);
#9336=ORIENTED_EDGE('',*,*,#6746,.F.);
#9337=ORIENTED_EDGE('',*,*,#6739,.T.);
#9338=ORIENTED_EDGE('',*,*,#6735,.F.);
#9339=ORIENTED_EDGE('',*,*,#6747,.F.);
#9340=ORIENTED_EDGE('',*,*,#6726,.F.);
#9341=ORIENTED_EDGE('',*,*,#6744,.F.);
#9342=ORIENTED_EDGE('',*,*,#6748,.T.);
#9343=ORIENTED_EDGE('',*,*,#6749,.F.);
#9344=ORIENTED_EDGE('',*,*,#6745,.F.);
#9345=ORIENTED_EDGE('',*,*,#6728,.F.);
#9346=ORIENTED_EDGE('',*,*,#6750,.T.);
#9347=ORIENTED_EDGE('',*,*,#6751,.F.);
#9348=ORIENTED_EDGE('',*,*,#6752,.F.);
#9349=ORIENTED_EDGE('',*,*,#6729,.F.);
#9350=ORIENTED_EDGE('',*,*,#6752,.T.);
#9351=ORIENTED_EDGE('',*,*,#6753,.F.);
#9352=ORIENTED_EDGE('',*,*,#6754,.F.);
#9353=ORIENTED_EDGE('',*,*,#6730,.F.);
#9354=ORIENTED_EDGE('',*,*,#6754,.T.);
#9355=ORIENTED_EDGE('',*,*,#6755,.F.);
#9356=ORIENTED_EDGE('',*,*,#6756,.F.);
#9357=ORIENTED_EDGE('',*,*,#6734,.F.);
#9358=ORIENTED_EDGE('',*,*,#6731,.F.);
#9359=ORIENTED_EDGE('',*,*,#6756,.T.);
#9360=ORIENTED_EDGE('',*,*,#6757,.F.);
#9361=ORIENTED_EDGE('',*,*,#6713,.F.);
#9362=ORIENTED_EDGE('',*,*,#6758,.F.);
#9363=ORIENTED_EDGE('',*,*,#6759,.F.);
#9364=ORIENTED_EDGE('',*,*,#6719,.F.);
#9365=ORIENTED_EDGE('',*,*,#6720,.F.);
#9366=ORIENTED_EDGE('',*,*,#6759,.T.);
#9367=ORIENTED_EDGE('',*,*,#6760,.F.);
#9368=ORIENTED_EDGE('',*,*,#6761,.F.);
#9369=ORIENTED_EDGE('',*,*,#6721,.F.);
#9370=ORIENTED_EDGE('',*,*,#6761,.T.);
#9371=ORIENTED_EDGE('',*,*,#6762,.F.);
#9372=ORIENTED_EDGE('',*,*,#6763,.F.);
#9373=ORIENTED_EDGE('',*,*,#6722,.F.);
#9374=ORIENTED_EDGE('',*,*,#6763,.T.);
#9375=ORIENTED_EDGE('',*,*,#6764,.F.);
#9376=ORIENTED_EDGE('',*,*,#6765,.F.);
#9377=ORIENTED_EDGE('',*,*,#6723,.F.);
#9378=ORIENTED_EDGE('',*,*,#6765,.T.);
#9379=ORIENTED_EDGE('',*,*,#6766,.F.);
#9380=ORIENTED_EDGE('',*,*,#6767,.F.);
#9381=ORIENTED_EDGE('',*,*,#6743,.F.);
#9382=ORIENTED_EDGE('',*,*,#6724,.F.);
#9383=ORIENTED_EDGE('',*,*,#6767,.T.);
#9384=ORIENTED_EDGE('',*,*,#6737,.F.);
#9385=ORIENTED_EDGE('',*,*,#6741,.F.);
#9386=ORIENTED_EDGE('',*,*,#6768,.F.);
#9387=ORIENTED_EDGE('',*,*,#6748,.F.);
#9388=ORIENTED_EDGE('',*,*,#6727,.F.);
#9389=ORIENTED_EDGE('',*,*,#6747,.T.);
#9390=ORIENTED_EDGE('',*,*,#6769,.F.);
#9391=ORIENTED_EDGE('',*,*,#6750,.F.);
#9392=ORIENTED_EDGE('',*,*,#6712,.F.);
#9393=ORIENTED_EDGE('',*,*,#6718,.T.);
#9394=ORIENTED_EDGE('',*,*,#6733,.F.);
#9395=ORIENTED_EDGE('',*,*,#6757,.T.);
#9396=ORIENTED_EDGE('',*,*,#6755,.T.);
#9397=ORIENTED_EDGE('',*,*,#6753,.T.);
#9398=ORIENTED_EDGE('',*,*,#6751,.T.);
#9399=ORIENTED_EDGE('',*,*,#6769,.T.);
#9400=ORIENTED_EDGE('',*,*,#6738,.F.);
#9401=ORIENTED_EDGE('',*,*,#6766,.T.);
#9402=ORIENTED_EDGE('',*,*,#6764,.T.);
#9403=ORIENTED_EDGE('',*,*,#6762,.T.);
#9404=ORIENTED_EDGE('',*,*,#6760,.T.);
#9405=ORIENTED_EDGE('',*,*,#6758,.T.);
#9406=ORIENTED_EDGE('',*,*,#6770,.T.);
#9407=ORIENTED_EDGE('',*,*,#6771,.T.);
#9408=ORIENTED_EDGE('',*,*,#6772,.T.);
#9409=ORIENTED_EDGE('',*,*,#6773,.T.);
#9410=ORIENTED_EDGE('',*,*,#6773,.F.);
#9411=ORIENTED_EDGE('',*,*,#6774,.F.);
#9412=ORIENTED_EDGE('',*,*,#6775,.F.);
#9413=ORIENTED_EDGE('',*,*,#6776,.F.);
#9414=ORIENTED_EDGE('',*,*,#6772,.F.);
#9415=ORIENTED_EDGE('',*,*,#6777,.T.);
#9416=ORIENTED_EDGE('',*,*,#6778,.T.);
#9417=ORIENTED_EDGE('',*,*,#6779,.T.);
#9418=ORIENTED_EDGE('',*,*,#6780,.T.);
#9419=ORIENTED_EDGE('',*,*,#6781,.T.);
#9420=ORIENTED_EDGE('',*,*,#6782,.T.);
#9421=ORIENTED_EDGE('',*,*,#6783,.F.);
#9422=ORIENTED_EDGE('',*,*,#6784,.T.);
#9423=ORIENTED_EDGE('',*,*,#6785,.T.);
#9424=ORIENTED_EDGE('',*,*,#6786,.T.);
#9425=ORIENTED_EDGE('',*,*,#6787,.T.);
#9426=ORIENTED_EDGE('',*,*,#6788,.T.);
#9427=ORIENTED_EDGE('',*,*,#6789,.T.);
#9428=ORIENTED_EDGE('',*,*,#6790,.F.);
#9429=ORIENTED_EDGE('',*,*,#6774,.T.);
#9430=ORIENTED_EDGE('',*,*,#6791,.T.);
#9431=ORIENTED_EDGE('',*,*,#6775,.T.);
#9432=ORIENTED_EDGE('',*,*,#6790,.T.);
#9433=ORIENTED_EDGE('',*,*,#6792,.T.);
#9434=ORIENTED_EDGE('',*,*,#6793,.T.);
#9435=ORIENTED_EDGE('',*,*,#6794,.T.);
#9436=ORIENTED_EDGE('',*,*,#6795,.T.);
#9437=ORIENTED_EDGE('',*,*,#6796,.T.);
#9438=ORIENTED_EDGE('',*,*,#6794,.F.);
#9439=ORIENTED_EDGE('',*,*,#6797,.F.);
#9440=ORIENTED_EDGE('',*,*,#6798,.F.);
#9441=ORIENTED_EDGE('',*,*,#6799,.T.);
#9442=ORIENTED_EDGE('',*,*,#6800,.T.);
#9443=ORIENTED_EDGE('',*,*,#6783,.T.);
#9444=ORIENTED_EDGE('',*,*,#6801,.T.);
#9445=ORIENTED_EDGE('',*,*,#6802,.T.);
#9446=ORIENTED_EDGE('',*,*,#6800,.F.);
#9447=ORIENTED_EDGE('',*,*,#6803,.T.);
#9448=ORIENTED_EDGE('',*,*,#6804,.F.);
#9449=ORIENTED_EDGE('',*,*,#6797,.T.);
#9450=ORIENTED_EDGE('',*,*,#6793,.F.);
#9451=ORIENTED_EDGE('',*,*,#6805,.F.);
#9452=ORIENTED_EDGE('',*,*,#6784,.F.);
#9453=ORIENTED_EDGE('',*,*,#6802,.F.);
#9454=ORIENTED_EDGE('',*,*,#6806,.T.);
#9455=ORIENTED_EDGE('',*,*,#6807,.F.);
#9456=ORIENTED_EDGE('',*,*,#6803,.F.);
#9457=ORIENTED_EDGE('',*,*,#6786,.F.);
#9458=ORIENTED_EDGE('',*,*,#6808,.T.);
#9459=ORIENTED_EDGE('',*,*,#6809,.F.);
#9460=ORIENTED_EDGE('',*,*,#6810,.F.);
#9461=ORIENTED_EDGE('',*,*,#6787,.F.);
#9462=ORIENTED_EDGE('',*,*,#6810,.T.);
#9463=ORIENTED_EDGE('',*,*,#6811,.F.);
#9464=ORIENTED_EDGE('',*,*,#6812,.F.);
#9465=ORIENTED_EDGE('',*,*,#6788,.F.);
#9466=ORIENTED_EDGE('',*,*,#6812,.T.);
#9467=ORIENTED_EDGE('',*,*,#6813,.F.);
#9468=ORIENTED_EDGE('',*,*,#6814,.F.);
#9469=ORIENTED_EDGE('',*,*,#6792,.F.);
#9470=ORIENTED_EDGE('',*,*,#6789,.F.);
#9471=ORIENTED_EDGE('',*,*,#6814,.T.);
#9472=ORIENTED_EDGE('',*,*,#6815,.F.);
#9473=ORIENTED_EDGE('',*,*,#6771,.F.);
#9474=ORIENTED_EDGE('',*,*,#6816,.F.);
#9475=ORIENTED_EDGE('',*,*,#6817,.F.);
#9476=ORIENTED_EDGE('',*,*,#6777,.F.);
#9477=ORIENTED_EDGE('',*,*,#6778,.F.);
#9478=ORIENTED_EDGE('',*,*,#6817,.T.);
#9479=ORIENTED_EDGE('',*,*,#6818,.F.);
#9480=ORIENTED_EDGE('',*,*,#6819,.F.);
#9481=ORIENTED_EDGE('',*,*,#6779,.F.);
#9482=ORIENTED_EDGE('',*,*,#6819,.T.);
#9483=ORIENTED_EDGE('',*,*,#6820,.F.);
#9484=ORIENTED_EDGE('',*,*,#6821,.F.);
#9485=ORIENTED_EDGE('',*,*,#6780,.F.);
#9486=ORIENTED_EDGE('',*,*,#6821,.T.);
#9487=ORIENTED_EDGE('',*,*,#6822,.F.);
#9488=ORIENTED_EDGE('',*,*,#6823,.F.);
#9489=ORIENTED_EDGE('',*,*,#6781,.F.);
#9490=ORIENTED_EDGE('',*,*,#6823,.T.);
#9491=ORIENTED_EDGE('',*,*,#6824,.F.);
#9492=ORIENTED_EDGE('',*,*,#6825,.F.);
#9493=ORIENTED_EDGE('',*,*,#6801,.F.);
#9494=ORIENTED_EDGE('',*,*,#6782,.F.);
#9495=ORIENTED_EDGE('',*,*,#6825,.T.);
#9496=ORIENTED_EDGE('',*,*,#6795,.F.);
#9497=ORIENTED_EDGE('',*,*,#6799,.F.);
#9498=ORIENTED_EDGE('',*,*,#6826,.F.);
#9499=ORIENTED_EDGE('',*,*,#6806,.F.);
#9500=ORIENTED_EDGE('',*,*,#6785,.F.);
#9501=ORIENTED_EDGE('',*,*,#6805,.T.);
#9502=ORIENTED_EDGE('',*,*,#6827,.F.);
#9503=ORIENTED_EDGE('',*,*,#6808,.F.);
#9504=ORIENTED_EDGE('',*,*,#6770,.F.);
#9505=ORIENTED_EDGE('',*,*,#6776,.T.);
#9506=ORIENTED_EDGE('',*,*,#6791,.F.);
#9507=ORIENTED_EDGE('',*,*,#6815,.T.);
#9508=ORIENTED_EDGE('',*,*,#6813,.T.);
#9509=ORIENTED_EDGE('',*,*,#6811,.T.);
#9510=ORIENTED_EDGE('',*,*,#6809,.T.);
#9511=ORIENTED_EDGE('',*,*,#6827,.T.);
#9512=ORIENTED_EDGE('',*,*,#6796,.F.);
#9513=ORIENTED_EDGE('',*,*,#6824,.T.);
#9514=ORIENTED_EDGE('',*,*,#6822,.T.);
#9515=ORIENTED_EDGE('',*,*,#6820,.T.);
#9516=ORIENTED_EDGE('',*,*,#6818,.T.);
#9517=ORIENTED_EDGE('',*,*,#6816,.T.);
#9518=ORIENTED_EDGE('',*,*,#6828,.T.);
#9519=ORIENTED_EDGE('',*,*,#6829,.T.);
#9520=ORIENTED_EDGE('',*,*,#6830,.T.);
#9521=ORIENTED_EDGE('',*,*,#6831,.T.);
#9522=ORIENTED_EDGE('',*,*,#6831,.F.);
#9523=ORIENTED_EDGE('',*,*,#6832,.F.);
#9524=ORIENTED_EDGE('',*,*,#6833,.F.);
#9525=ORIENTED_EDGE('',*,*,#6834,.F.);
#9526=ORIENTED_EDGE('',*,*,#6830,.F.);
#9527=ORIENTED_EDGE('',*,*,#6835,.T.);
#9528=ORIENTED_EDGE('',*,*,#6836,.T.);
#9529=ORIENTED_EDGE('',*,*,#6837,.T.);
#9530=ORIENTED_EDGE('',*,*,#6838,.T.);
#9531=ORIENTED_EDGE('',*,*,#6839,.T.);
#9532=ORIENTED_EDGE('',*,*,#6840,.T.);
#9533=ORIENTED_EDGE('',*,*,#6841,.F.);
#9534=ORIENTED_EDGE('',*,*,#6842,.T.);
#9535=ORIENTED_EDGE('',*,*,#6843,.T.);
#9536=ORIENTED_EDGE('',*,*,#6844,.T.);
#9537=ORIENTED_EDGE('',*,*,#6845,.T.);
#9538=ORIENTED_EDGE('',*,*,#6846,.T.);
#9539=ORIENTED_EDGE('',*,*,#6847,.T.);
#9540=ORIENTED_EDGE('',*,*,#6848,.F.);
#9541=ORIENTED_EDGE('',*,*,#6832,.T.);
#9542=ORIENTED_EDGE('',*,*,#6849,.T.);
#9543=ORIENTED_EDGE('',*,*,#6833,.T.);
#9544=ORIENTED_EDGE('',*,*,#6848,.T.);
#9545=ORIENTED_EDGE('',*,*,#6850,.T.);
#9546=ORIENTED_EDGE('',*,*,#6851,.T.);
#9547=ORIENTED_EDGE('',*,*,#6852,.T.);
#9548=ORIENTED_EDGE('',*,*,#6853,.T.);
#9549=ORIENTED_EDGE('',*,*,#6854,.T.);
#9550=ORIENTED_EDGE('',*,*,#6852,.F.);
#9551=ORIENTED_EDGE('',*,*,#6855,.F.);
#9552=ORIENTED_EDGE('',*,*,#6856,.F.);
#9553=ORIENTED_EDGE('',*,*,#6857,.T.);
#9554=ORIENTED_EDGE('',*,*,#6858,.T.);
#9555=ORIENTED_EDGE('',*,*,#6841,.T.);
#9556=ORIENTED_EDGE('',*,*,#6859,.T.);
#9557=ORIENTED_EDGE('',*,*,#6860,.T.);
#9558=ORIENTED_EDGE('',*,*,#6858,.F.);
#9559=ORIENTED_EDGE('',*,*,#6861,.T.);
#9560=ORIENTED_EDGE('',*,*,#6862,.F.);
#9561=ORIENTED_EDGE('',*,*,#6855,.T.);
#9562=ORIENTED_EDGE('',*,*,#6851,.F.);
#9563=ORIENTED_EDGE('',*,*,#6863,.F.);
#9564=ORIENTED_EDGE('',*,*,#6842,.F.);
#9565=ORIENTED_EDGE('',*,*,#6860,.F.);
#9566=ORIENTED_EDGE('',*,*,#6864,.T.);
#9567=ORIENTED_EDGE('',*,*,#6865,.F.);
#9568=ORIENTED_EDGE('',*,*,#6861,.F.);
#9569=ORIENTED_EDGE('',*,*,#6844,.F.);
#9570=ORIENTED_EDGE('',*,*,#6866,.T.);
#9571=ORIENTED_EDGE('',*,*,#6867,.F.);
#9572=ORIENTED_EDGE('',*,*,#6868,.F.);
#9573=ORIENTED_EDGE('',*,*,#6845,.F.);
#9574=ORIENTED_EDGE('',*,*,#6868,.T.);
#9575=ORIENTED_EDGE('',*,*,#6869,.F.);
#9576=ORIENTED_EDGE('',*,*,#6870,.F.);
#9577=ORIENTED_EDGE('',*,*,#6846,.F.);
#9578=ORIENTED_EDGE('',*,*,#6870,.T.);
#9579=ORIENTED_EDGE('',*,*,#6871,.F.);
#9580=ORIENTED_EDGE('',*,*,#6872,.F.);
#9581=ORIENTED_EDGE('',*,*,#6850,.F.);
#9582=ORIENTED_EDGE('',*,*,#6847,.F.);
#9583=ORIENTED_EDGE('',*,*,#6872,.T.);
#9584=ORIENTED_EDGE('',*,*,#6873,.F.);
#9585=ORIENTED_EDGE('',*,*,#6829,.F.);
#9586=ORIENTED_EDGE('',*,*,#6874,.F.);
#9587=ORIENTED_EDGE('',*,*,#6875,.F.);
#9588=ORIENTED_EDGE('',*,*,#6835,.F.);
#9589=ORIENTED_EDGE('',*,*,#6836,.F.);
#9590=ORIENTED_EDGE('',*,*,#6875,.T.);
#9591=ORIENTED_EDGE('',*,*,#6876,.F.);
#9592=ORIENTED_EDGE('',*,*,#6877,.F.);
#9593=ORIENTED_EDGE('',*,*,#6837,.F.);
#9594=ORIENTED_EDGE('',*,*,#6877,.T.);
#9595=ORIENTED_EDGE('',*,*,#6878,.F.);
#9596=ORIENTED_EDGE('',*,*,#6879,.F.);
#9597=ORIENTED_EDGE('',*,*,#6838,.F.);
#9598=ORIENTED_EDGE('',*,*,#6879,.T.);
#9599=ORIENTED_EDGE('',*,*,#6880,.F.);
#9600=ORIENTED_EDGE('',*,*,#6881,.F.);
#9601=ORIENTED_EDGE('',*,*,#6839,.F.);
#9602=ORIENTED_EDGE('',*,*,#6881,.T.);
#9603=ORIENTED_EDGE('',*,*,#6882,.F.);
#9604=ORIENTED_EDGE('',*,*,#6883,.F.);
#9605=ORIENTED_EDGE('',*,*,#6859,.F.);
#9606=ORIENTED_EDGE('',*,*,#6840,.F.);
#9607=ORIENTED_EDGE('',*,*,#6883,.T.);
#9608=ORIENTED_EDGE('',*,*,#6853,.F.);
#9609=ORIENTED_EDGE('',*,*,#6857,.F.);
#9610=ORIENTED_EDGE('',*,*,#6884,.F.);
#9611=ORIENTED_EDGE('',*,*,#6864,.F.);
#9612=ORIENTED_EDGE('',*,*,#6843,.F.);
#9613=ORIENTED_EDGE('',*,*,#6863,.T.);
#9614=ORIENTED_EDGE('',*,*,#6885,.F.);
#9615=ORIENTED_EDGE('',*,*,#6866,.F.);
#9616=ORIENTED_EDGE('',*,*,#6828,.F.);
#9617=ORIENTED_EDGE('',*,*,#6834,.T.);
#9618=ORIENTED_EDGE('',*,*,#6849,.F.);
#9619=ORIENTED_EDGE('',*,*,#6873,.T.);
#9620=ORIENTED_EDGE('',*,*,#6871,.T.);
#9621=ORIENTED_EDGE('',*,*,#6869,.T.);
#9622=ORIENTED_EDGE('',*,*,#6867,.T.);
#9623=ORIENTED_EDGE('',*,*,#6885,.T.);
#9624=ORIENTED_EDGE('',*,*,#6854,.F.);
#9625=ORIENTED_EDGE('',*,*,#6882,.T.);
#9626=ORIENTED_EDGE('',*,*,#6880,.T.);
#9627=ORIENTED_EDGE('',*,*,#6878,.T.);
#9628=ORIENTED_EDGE('',*,*,#6876,.T.);
#9629=ORIENTED_EDGE('',*,*,#6874,.T.);
#9630=ORIENTED_EDGE('',*,*,#6862,.T.);
#9631=ORIENTED_EDGE('',*,*,#6886,.F.);
#9632=ORIENTED_EDGE('',*,*,#6887,.T.);
#9633=ORIENTED_EDGE('',*,*,#6888,.F.);
#9634=ORIENTED_EDGE('',*,*,#6804,.T.);
#9635=ORIENTED_EDGE('',*,*,#6889,.F.);
#9636=ORIENTED_EDGE('',*,*,#6884,.T.);
#9637=ORIENTED_EDGE('',*,*,#6890,.F.);
#9638=ORIENTED_EDGE('',*,*,#6746,.T.);
#9639=ORIENTED_EDGE('',*,*,#6891,.F.);
#9640=ORIENTED_EDGE('',*,*,#6826,.T.);
#9641=ORIENTED_EDGE('',*,*,#6892,.F.);
#9642=ORIENTED_EDGE('',*,*,#6688,.T.);
#9643=ORIENTED_EDGE('',*,*,#6893,.F.);
#9644=ORIENTED_EDGE('',*,*,#6768,.T.);
#9645=ORIENTED_EDGE('',*,*,#6894,.F.);
#9646=ORIENTED_EDGE('',*,*,#6630,.T.);
#9647=ORIENTED_EDGE('',*,*,#6895,.F.);
#9648=ORIENTED_EDGE('',*,*,#6710,.T.);
#9649=ORIENTED_EDGE('',*,*,#6896,.F.);
#9650=ORIENTED_EDGE('',*,*,#6572,.T.);
#9651=ORIENTED_EDGE('',*,*,#6897,.F.);
#9652=ORIENTED_EDGE('',*,*,#6652,.T.);
#9653=ORIENTED_EDGE('',*,*,#6898,.F.);
#9654=ORIENTED_EDGE('',*,*,#6594,.T.);
#9655=ORIENTED_EDGE('',*,*,#6899,.F.);
#9656=ORIENTED_EDGE('',*,*,#6900,.T.);
#9657=ORIENTED_EDGE('',*,*,#6901,.F.);
#9658=ORIENTED_EDGE('',*,*,#6902,.T.);
#9659=ORIENTED_EDGE('',*,*,#6903,.T.);
#9660=ORIENTED_EDGE('',*,*,#6904,.T.);
#9661=ORIENTED_EDGE('',*,*,#6905,.T.);
#9662=ORIENTED_EDGE('',*,*,#6905,.F.);
#9663=ORIENTED_EDGE('',*,*,#6906,.F.);
#9664=ORIENTED_EDGE('',*,*,#6907,.F.);
#9665=ORIENTED_EDGE('',*,*,#6908,.F.);
#9666=ORIENTED_EDGE('',*,*,#6904,.F.);
#9667=ORIENTED_EDGE('',*,*,#6909,.T.);
#9668=ORIENTED_EDGE('',*,*,#6910,.T.);
#9669=ORIENTED_EDGE('',*,*,#6911,.T.);
#9670=ORIENTED_EDGE('',*,*,#6912,.T.);
#9671=ORIENTED_EDGE('',*,*,#6913,.T.);
#9672=ORIENTED_EDGE('',*,*,#6914,.T.);
#9673=ORIENTED_EDGE('',*,*,#6915,.F.);
#9674=ORIENTED_EDGE('',*,*,#6916,.T.);
#9675=ORIENTED_EDGE('',*,*,#6917,.T.);
#9676=ORIENTED_EDGE('',*,*,#6918,.T.);
#9677=ORIENTED_EDGE('',*,*,#6919,.T.);
#9678=ORIENTED_EDGE('',*,*,#6920,.T.);
#9679=ORIENTED_EDGE('',*,*,#6921,.T.);
#9680=ORIENTED_EDGE('',*,*,#6922,.F.);
#9681=ORIENTED_EDGE('',*,*,#6906,.T.);
#9682=ORIENTED_EDGE('',*,*,#6923,.T.);
#9683=ORIENTED_EDGE('',*,*,#6907,.T.);
#9684=ORIENTED_EDGE('',*,*,#6922,.T.);
#9685=ORIENTED_EDGE('',*,*,#6924,.T.);
#9686=ORIENTED_EDGE('',*,*,#6925,.T.);
#9687=ORIENTED_EDGE('',*,*,#6926,.T.);
#9688=ORIENTED_EDGE('',*,*,#6927,.T.);
#9689=ORIENTED_EDGE('',*,*,#6928,.T.);
#9690=ORIENTED_EDGE('',*,*,#6926,.F.);
#9691=ORIENTED_EDGE('',*,*,#6929,.F.);
#9692=ORIENTED_EDGE('',*,*,#6930,.F.);
#9693=ORIENTED_EDGE('',*,*,#6931,.T.);
#9694=ORIENTED_EDGE('',*,*,#6932,.T.);
#9695=ORIENTED_EDGE('',*,*,#6915,.T.);
#9696=ORIENTED_EDGE('',*,*,#6933,.T.);
#9697=ORIENTED_EDGE('',*,*,#6934,.T.);
#9698=ORIENTED_EDGE('',*,*,#6932,.F.);
#9699=ORIENTED_EDGE('',*,*,#6935,.T.);
#9700=ORIENTED_EDGE('',*,*,#6936,.F.);
#9701=ORIENTED_EDGE('',*,*,#6929,.T.);
#9702=ORIENTED_EDGE('',*,*,#6925,.F.);
#9703=ORIENTED_EDGE('',*,*,#6937,.F.);
#9704=ORIENTED_EDGE('',*,*,#6916,.F.);
#9705=ORIENTED_EDGE('',*,*,#6934,.F.);
#9706=ORIENTED_EDGE('',*,*,#6938,.T.);
#9707=ORIENTED_EDGE('',*,*,#6939,.F.);
#9708=ORIENTED_EDGE('',*,*,#6935,.F.);
#9709=ORIENTED_EDGE('',*,*,#6918,.F.);
#9710=ORIENTED_EDGE('',*,*,#6940,.T.);
#9711=ORIENTED_EDGE('',*,*,#6941,.F.);
#9712=ORIENTED_EDGE('',*,*,#6942,.F.);
#9713=ORIENTED_EDGE('',*,*,#6919,.F.);
#9714=ORIENTED_EDGE('',*,*,#6942,.T.);
#9715=ORIENTED_EDGE('',*,*,#6943,.F.);
#9716=ORIENTED_EDGE('',*,*,#6944,.F.);
#9717=ORIENTED_EDGE('',*,*,#6920,.F.);
#9718=ORIENTED_EDGE('',*,*,#6944,.T.);
#9719=ORIENTED_EDGE('',*,*,#6945,.F.);
#9720=ORIENTED_EDGE('',*,*,#6946,.F.);
#9721=ORIENTED_EDGE('',*,*,#6924,.F.);
#9722=ORIENTED_EDGE('',*,*,#6921,.F.);
#9723=ORIENTED_EDGE('',*,*,#6946,.T.);
#9724=ORIENTED_EDGE('',*,*,#6947,.F.);
#9725=ORIENTED_EDGE('',*,*,#6903,.F.);
#9726=ORIENTED_EDGE('',*,*,#6948,.F.);
#9727=ORIENTED_EDGE('',*,*,#6949,.F.);
#9728=ORIENTED_EDGE('',*,*,#6909,.F.);
#9729=ORIENTED_EDGE('',*,*,#6910,.F.);
#9730=ORIENTED_EDGE('',*,*,#6949,.T.);
#9731=ORIENTED_EDGE('',*,*,#6950,.F.);
#9732=ORIENTED_EDGE('',*,*,#6951,.F.);
#9733=ORIENTED_EDGE('',*,*,#6911,.F.);
#9734=ORIENTED_EDGE('',*,*,#6951,.T.);
#9735=ORIENTED_EDGE('',*,*,#6952,.F.);
#9736=ORIENTED_EDGE('',*,*,#6953,.F.);
#9737=ORIENTED_EDGE('',*,*,#6912,.F.);
#9738=ORIENTED_EDGE('',*,*,#6953,.T.);
#9739=ORIENTED_EDGE('',*,*,#6954,.F.);
#9740=ORIENTED_EDGE('',*,*,#6955,.F.);
#9741=ORIENTED_EDGE('',*,*,#6913,.F.);
#9742=ORIENTED_EDGE('',*,*,#6955,.T.);
#9743=ORIENTED_EDGE('',*,*,#6956,.F.);
#9744=ORIENTED_EDGE('',*,*,#6957,.F.);
#9745=ORIENTED_EDGE('',*,*,#6933,.F.);
#9746=ORIENTED_EDGE('',*,*,#6914,.F.);
#9747=ORIENTED_EDGE('',*,*,#6957,.T.);
#9748=ORIENTED_EDGE('',*,*,#6927,.F.);
#9749=ORIENTED_EDGE('',*,*,#6931,.F.);
#9750=ORIENTED_EDGE('',*,*,#6887,.F.);
#9751=ORIENTED_EDGE('',*,*,#6938,.F.);
#9752=ORIENTED_EDGE('',*,*,#6917,.F.);
#9753=ORIENTED_EDGE('',*,*,#6937,.T.);
#9754=ORIENTED_EDGE('',*,*,#6958,.F.);
#9755=ORIENTED_EDGE('',*,*,#6940,.F.);
#9756=ORIENTED_EDGE('',*,*,#6902,.F.);
#9757=ORIENTED_EDGE('',*,*,#6908,.T.);
#9758=ORIENTED_EDGE('',*,*,#6923,.F.);
#9759=ORIENTED_EDGE('',*,*,#6947,.T.);
#9760=ORIENTED_EDGE('',*,*,#6945,.T.);
#9761=ORIENTED_EDGE('',*,*,#6943,.T.);
#9762=ORIENTED_EDGE('',*,*,#6941,.T.);
#9763=ORIENTED_EDGE('',*,*,#6958,.T.);
#9764=ORIENTED_EDGE('',*,*,#6928,.F.);
#9765=ORIENTED_EDGE('',*,*,#6956,.T.);
#9766=ORIENTED_EDGE('',*,*,#6954,.T.);
#9767=ORIENTED_EDGE('',*,*,#6952,.T.);
#9768=ORIENTED_EDGE('',*,*,#6950,.T.);
#9769=ORIENTED_EDGE('',*,*,#6948,.T.);
#9770=ORIENTED_EDGE('',*,*,#6936,.T.);
#9771=ORIENTED_EDGE('',*,*,#6959,.F.);
#9772=ORIENTED_EDGE('',*,*,#6960,.F.);
#9773=ORIENTED_EDGE('',*,*,#6961,.F.);
#9774=ORIENTED_EDGE('',*,*,#6962,.T.);
#9775=ORIENTED_EDGE('',*,*,#6963,.T.);
#9776=ORIENTED_EDGE('',*,*,#6964,.T.);
#9777=ORIENTED_EDGE('',*,*,#6899,.T.);
#9778=ORIENTED_EDGE('',*,*,#6566,.T.);
#9779=ORIENTED_EDGE('',*,*,#6898,.T.);
#9780=ORIENTED_EDGE('',*,*,#6624,.T.);
#9781=ORIENTED_EDGE('',*,*,#6896,.T.);
#9782=ORIENTED_EDGE('',*,*,#6682,.T.);
#9783=ORIENTED_EDGE('',*,*,#6894,.T.);
#9784=ORIENTED_EDGE('',*,*,#6740,.T.);
#9785=ORIENTED_EDGE('',*,*,#6892,.T.);
#9786=ORIENTED_EDGE('',*,*,#6798,.T.);
#9787=ORIENTED_EDGE('',*,*,#6890,.T.);
#9788=ORIENTED_EDGE('',*,*,#6856,.T.);
#9789=ORIENTED_EDGE('',*,*,#6888,.T.);
#9790=ORIENTED_EDGE('',*,*,#6930,.T.);
#9791=ORIENTED_EDGE('',*,*,#6961,.T.);
#9792=ORIENTED_EDGE('',*,*,#6964,.F.);
#9793=ORIENTED_EDGE('',*,*,#6965,.T.);
#9794=ORIENTED_EDGE('',*,*,#6966,.F.);
#9795=ORIENTED_EDGE('',*,*,#6967,.T.);
#9796=ORIENTED_EDGE('',*,*,#6968,.T.);
#9797=ORIENTED_EDGE('',*,*,#6103,.T.);
#9798=ORIENTED_EDGE('',*,*,#6113,.T.);
#9799=ORIENTED_EDGE('',*,*,#6959,.T.);
#9800=ORIENTED_EDGE('',*,*,#6939,.T.);
#9801=ORIENTED_EDGE('',*,*,#6886,.T.);
#9802=ORIENTED_EDGE('',*,*,#6865,.T.);
#9803=ORIENTED_EDGE('',*,*,#6889,.T.);
#9804=ORIENTED_EDGE('',*,*,#6807,.T.);
#9805=ORIENTED_EDGE('',*,*,#6891,.T.);
#9806=ORIENTED_EDGE('',*,*,#6749,.T.);
#9807=ORIENTED_EDGE('',*,*,#6893,.T.);
#9808=ORIENTED_EDGE('',*,*,#6691,.T.);
#9809=ORIENTED_EDGE('',*,*,#6895,.T.);
#9810=ORIENTED_EDGE('',*,*,#6633,.T.);
#9811=ORIENTED_EDGE('',*,*,#6897,.T.);
#9812=ORIENTED_EDGE('',*,*,#6575,.T.);
#9813=ORIENTED_EDGE('',*,*,#6901,.T.);
#9814=ORIENTED_EDGE('',*,*,#5525,.T.);
#9815=ORIENTED_EDGE('',*,*,#5529,.T.);
#9816=ORIENTED_EDGE('',*,*,#5532,.T.);
#9817=ORIENTED_EDGE('',*,*,#5535,.T.);
#9818=ORIENTED_EDGE('',*,*,#5538,.T.);
#9819=ORIENTED_EDGE('',*,*,#6968,.F.);
#9820=ORIENTED_EDGE('',*,*,#6969,.T.);
#9821=ORIENTED_EDGE('',*,*,#6970,.F.);
#9822=ORIENTED_EDGE('',*,*,#6104,.T.);
#9823=ORIENTED_EDGE('',*,*,#6111,.T.);
#9824=ORIENTED_EDGE('',*,*,#6105,.T.);
#9825=ORIENTED_EDGE('',*,*,#6970,.T.);
#9826=ORIENTED_EDGE('',*,*,#6473,.T.);
#9827=ORIENTED_EDGE('',*,*,#6150,.T.);
#9828=ORIENTED_EDGE('',*,*,#6477,.T.);
#9829=ORIENTED_EDGE('',*,*,#6208,.T.);
#9830=ORIENTED_EDGE('',*,*,#6472,.T.);
#9831=ORIENTED_EDGE('',*,*,#6266,.T.);
#9832=ORIENTED_EDGE('',*,*,#6470,.T.);
#9833=ORIENTED_EDGE('',*,*,#6324,.T.);
#9834=ORIENTED_EDGE('',*,*,#6468,.T.);
#9835=ORIENTED_EDGE('',*,*,#6382,.T.);
#9836=ORIENTED_EDGE('',*,*,#6466,.T.);
#9837=ORIENTED_EDGE('',*,*,#6440,.T.);
#9838=ORIENTED_EDGE('',*,*,#6464,.T.);
#9839=ORIENTED_EDGE('',*,*,#6514,.T.);
#9840=ORIENTED_EDGE('',*,*,#6537,.T.);
#9841=ORIENTED_EDGE('',*,*,#6966,.T.);
#9842=ORIENTED_EDGE('',*,*,#6971,.T.);
#9843=ORIENTED_EDGE('',*,*,#6972,.T.);
#9844=ORIENTED_EDGE('',*,*,#6535,.T.);
#9845=ORIENTED_EDGE('',*,*,#6506,.T.);
#9846=ORIENTED_EDGE('',*,*,#6462,.T.);
#9847=ORIENTED_EDGE('',*,*,#6432,.T.);
#9848=ORIENTED_EDGE('',*,*,#6465,.T.);
#9849=ORIENTED_EDGE('',*,*,#6374,.T.);
#9850=ORIENTED_EDGE('',*,*,#6467,.T.);
#9851=ORIENTED_EDGE('',*,*,#6316,.T.);
#9852=ORIENTED_EDGE('',*,*,#6469,.T.);
#9853=ORIENTED_EDGE('',*,*,#6258,.T.);
#9854=ORIENTED_EDGE('',*,*,#6471,.T.);
#9855=ORIENTED_EDGE('',*,*,#6200,.T.);
#9856=ORIENTED_EDGE('',*,*,#6476,.T.);
#9857=ORIENTED_EDGE('',*,*,#6142,.T.);
#9858=ORIENTED_EDGE('',*,*,#6475,.T.);
#9859=ORIENTED_EDGE('',*,*,#6962,.F.);
#9860=ORIENTED_EDGE('',*,*,#6973,.T.);
#9861=ORIENTED_EDGE('',*,*,#6972,.F.);
#9862=ORIENTED_EDGE('',*,*,#6974,.T.);
#9863=ORIENTED_EDGE('',*,*,#6973,.F.);
#9864=ORIENTED_EDGE('',*,*,#6960,.T.);
#9865=ORIENTED_EDGE('',*,*,#6112,.F.);
#9866=ORIENTED_EDGE('',*,*,#6536,.F.);
#9867=ORIENTED_EDGE('',*,*,#6967,.F.);
#9868=ORIENTED_EDGE('',*,*,#6474,.T.);
#9869=ORIENTED_EDGE('',*,*,#6969,.F.);
#9870=ORIENTED_EDGE('',*,*,#6900,.F.);
#9871=ORIENTED_EDGE('',*,*,#6963,.F.);
#9872=ORIENTED_EDGE('',*,*,#6974,.F.);
#9873=ORIENTED_EDGE('',*,*,#6971,.F.);
#9874=ORIENTED_EDGE('',*,*,#6965,.F.);
#9875=B_SPLINE_SURFACE_WITH_KNOTS('',2,1,((#13654,#13655),(#13656,#13657),
(#13658,#13659),(#13660,#13661)),.UNSPECIFIED.,.F.,.F.,.F.,(3,1,3),(2,2),
(-2.,-1.,0.),(0.,0.001),.UNSPECIFIED.);
#9876=B_SPLINE_SURFACE_WITH_KNOTS('',2,1,((#13676,#13677),(#13678,#13679),
(#13680,#13681),(#13682,#13683)),.UNSPECIFIED.,.F.,.F.,.F.,(3,1,3),(2,2),
(-2.,-1.,0.),(0.,0.001),.UNSPECIFIED.);
#9877=B_SPLINE_SURFACE_WITH_KNOTS('',2,1,((#13695,#13696),(#13697,#13698),
(#13699,#13700),(#13701,#13702)),.UNSPECIFIED.,.F.,.F.,.F.,(3,1,3),(2,2),
(-2.,-1.,0.),(0.,0.001),.UNSPECIFIED.);
#9878=B_SPLINE_SURFACE_WITH_KNOTS('',2,1,((#13714,#13715),(#13716,#13717),
(#13718,#13719),(#13720,#13721)),.UNSPECIFIED.,.F.,.F.,.F.,(3,1,3),(2,2),
(-2.,-1.,0.),(0.,0.001),.UNSPECIFIED.);
#9879=B_SPLINE_SURFACE_WITH_KNOTS('',2,1,((#13733,#13734),(#13735,#13736),
(#13737,#13738),(#13739,#13740)),.UNSPECIFIED.,.F.,.F.,.F.,(3,1,3),(2,2),
(-2.,-1.,0.),(0.,0.001),.UNSPECIFIED.);
#9880=B_SPLINE_SURFACE_WITH_KNOTS('',2,1,((#13749,#13750),(#13751,#13752),
(#13753,#13754),(#13755,#13756)),.UNSPECIFIED.,.F.,.F.,.F.,(3,1,3),(2,2),
(-2.,-1.,0.),(0.,0.001),.UNSPECIFIED.);
#9881=B_SPLINE_SURFACE_WITH_KNOTS('',2,1,((#13771,#13772),(#13773,#13774),
(#13775,#13776),(#13777,#13778)),.UNSPECIFIED.,.F.,.F.,.F.,(3,1,3),(2,2),
(-2.,-1.,0.),(0.,0.001),.UNSPECIFIED.);
#9882=B_SPLINE_SURFACE_WITH_KNOTS('',2,1,((#13790,#13791),(#13792,#13793),
(#13794,#13795),(#13796,#13797)),.UNSPECIFIED.,.F.,.F.,.F.,(3,1,3),(2,2),
(-2.,-1.,0.),(0.,0.001),.UNSPECIFIED.);
#9883=B_SPLINE_SURFACE_WITH_KNOTS('',2,1,((#13809,#13810),(#13811,#13812),
(#13813,#13814),(#13815,#13816)),.UNSPECIFIED.,.F.,.F.,.F.,(3,1,3),(2,2),
(-2.,-1.,0.),(0.,0.001),.UNSPECIFIED.);
#9884=B_SPLINE_SURFACE_WITH_KNOTS('',2,1,((#13828,#13829),(#13830,#13831),
(#13832,#13833),(#13834,#13835)),.UNSPECIFIED.,.F.,.F.,.F.,(3,1,3),(2,2),
(-2.,-1.,0.),(0.,0.001),.UNSPECIFIED.);
#9885=B_SPLINE_SURFACE_WITH_KNOTS('',2,1,((#13844,#13845),(#13846,#13847),
(#13848,#13849),(#13850,#13851)),.UNSPECIFIED.,.F.,.F.,.F.,(3,1,3),(2,2),
(0.,1.,2.),(0.,0.001),.UNSPECIFIED.);
#9886=B_SPLINE_SURFACE_WITH_KNOTS('',2,1,((#13866,#13867),(#13868,#13869),
(#13870,#13871),(#13872,#13873)),.UNSPECIFIED.,.F.,.F.,.F.,(3,1,3),(2,2),
(0.,1.,2.),(0.,0.001),.UNSPECIFIED.);
#9887=B_SPLINE_SURFACE_WITH_KNOTS('',2,1,((#13891,#13892),(#13893,#13894),
(#13895,#13896),(#13897,#13898)),.UNSPECIFIED.,.F.,.F.,.F.,(3,1,3),(2,2),
(0.,1.,2.),(0.,0.001),.UNSPECIFIED.);
#9888=B_SPLINE_SURFACE_WITH_KNOTS('',2,1,((#13910,#13911),(#13912,#13913),
(#13914,#13915),(#13916,#13917)),.UNSPECIFIED.,.F.,.F.,.F.,(3,1,3),(2,2),
(0.,1.,2.),(0.,0.001),.UNSPECIFIED.);
#9889=B_SPLINE_SURFACE_WITH_KNOTS('',2,1,((#13929,#13930),(#13931,#13932),
(#13933,#13934),(#13935,#13936)),.UNSPECIFIED.,.F.,.F.,.F.,(3,1,3),(2,2),
(0.,1.,2.),(0.,0.001),.UNSPECIFIED.);
#9890=B_SPLINE_SURFACE_WITH_KNOTS('',2,1,((#13948,#13949),(#13950,#13951),
(#13952,#13953),(#13954,#13955)),.UNSPECIFIED.,.F.,.F.,.F.,(3,1,3),(2,2),
(0.,1.,2.),(0.,0.001),.UNSPECIFIED.);
#9891=B_SPLINE_SURFACE_WITH_KNOTS('',2,1,((#13973,#13974),(#13975,#13976),
(#13977,#13978),(#13979,#13980)),.UNSPECIFIED.,.F.,.F.,.F.,(3,1,3),(2,2),
(0.,1.,2.),(0.,0.001),.UNSPECIFIED.);
#9892=B_SPLINE_SURFACE_WITH_KNOTS('',2,1,((#13992,#13993),(#13994,#13995),
(#13996,#13997),(#13998,#13999)),.UNSPECIFIED.,.F.,.F.,.F.,(3,1,3),(2,2),
(0.,1.,2.),(0.,0.001),.UNSPECIFIED.);
#9893=B_SPLINE_SURFACE_WITH_KNOTS('',2,1,((#14011,#14012),(#14013,#14014),
(#14015,#14016),(#14017,#14018)),.UNSPECIFIED.,.F.,.F.,.F.,(3,1,3),(2,2),
(0.,1.,2.),(0.,0.001),.UNSPECIFIED.);
#9894=B_SPLINE_SURFACE_WITH_KNOTS('',2,1,((#14037,#14038),(#14039,#14040),
(#14041,#14042),(#14043,#14044)),.UNSPECIFIED.,.F.,.F.,.F.,(3,1,3),(2,2),
(0.,1.,2.),(0.,0.001),.UNSPECIFIED.);
#9895=B_SPLINE_SURFACE_WITH_KNOTS('',2,1,((#14056,#14057),(#14058,#14059),
(#14060,#14061),(#14062,#14063)),.UNSPECIFIED.,.F.,.F.,.F.,(3,1,3),(2,2),
(0.,1.,2.),(0.,0.001),.UNSPECIFIED.);
#9896=B_SPLINE_SURFACE_WITH_KNOTS('',2,1,((#14105,#14106),(#14107,#14108),
(#14109,#14110),(#14111,#14112)),.UNSPECIFIED.,.F.,.F.,.F.,(3,1,3),(2,2),
(0.,1.,2.),(0.,0.001),.UNSPECIFIED.);
#9897=B_SPLINE_SURFACE_WITH_KNOTS('',2,1,((#14124,#14125),(#14126,#14127),
(#14128,#14129),(#14130,#14131)),.UNSPECIFIED.,.F.,.F.,.F.,(3,1,3),(2,2),
(0.,1.,2.),(0.,0.001),.UNSPECIFIED.);
#9898=B_SPLINE_SURFACE_WITH_KNOTS('',2,1,((#14143,#14144),(#14145,#14146),
(#14147,#14148),(#14149,#14150)),.UNSPECIFIED.,.F.,.F.,.F.,(3,1,3),(2,2),
(0.,1.,2.),(0.,0.001),.UNSPECIFIED.);
#9899=B_SPLINE_SURFACE_WITH_KNOTS('',2,1,((#14618,#14619),(#14620,#14621),
(#14622,#14623),(#14624,#14625)),.UNSPECIFIED.,.F.,.F.,.F.,(3,1,3),(2,2),
(0.,1.,2.),(0.,0.001),.UNSPECIFIED.);
#9900=B_SPLINE_SURFACE_WITH_KNOTS('',2,1,((#14652,#14653),(#14654,#14655),
(#14656,#14657),(#14658,#14659)),.UNSPECIFIED.,.F.,.F.,.F.,(3,1,3),(2,2),
(0.,1.,2.),(0.,0.001),.UNSPECIFIED.);
#9901=B_SPLINE_SURFACE_WITH_KNOTS('',2,1,((#14671,#14672),(#14673,#14674),
(#14675,#14676),(#14677,#14678)),.UNSPECIFIED.,.F.,.F.,.F.,(3,1,3),(2,2),
(0.,1.,2.),(0.,0.001),.UNSPECIFIED.);
#9902=B_SPLINE_SURFACE_WITH_KNOTS('',2,1,((#14690,#14691),(#14692,#14693),
(#14694,#14695),(#14696,#14697)),.UNSPECIFIED.,.F.,.F.,.F.,(3,1,3),(2,2),
(0.,1.,2.),(0.,0.001),.UNSPECIFIED.);
#9903=B_SPLINE_SURFACE_WITH_KNOTS('',2,1,((#14775,#14776),(#14777,#14778),
(#14779,#14780),(#14781,#14782)),.UNSPECIFIED.,.F.,.F.,.F.,(3,1,3),(2,2),
(0.,1.,2.),(0.,0.001),.UNSPECIFIED.);
#9904=B_SPLINE_SURFACE_WITH_KNOTS('',2,1,((#15018,#15019),(#15020,#15021),
(#15022,#15023),(#15024,#15025)),.UNSPECIFIED.,.F.,.F.,.F.,(3,1,3),(2,2),
(-2.,-1.,0.),(0.,0.001),.UNSPECIFIED.);
#9905=B_SPLINE_SURFACE_WITH_KNOTS('',2,1,((#15058,#15059),(#15060,#15061),
(#15062,#15063),(#15064,#15065)),.UNSPECIFIED.,.F.,.F.,.F.,(3,1,3),(2,2),
(-2.,-1.,0.),(0.,0.001),.UNSPECIFIED.);
#9906=B_SPLINE_SURFACE_WITH_KNOTS('',2,1,((#15077,#15078),(#15079,#15080),
(#15081,#15082),(#15083,#15084)),.UNSPECIFIED.,.F.,.F.,.F.,(3,1,3),(2,2),
(-2.,-1.,0.),(0.,0.001),.UNSPECIFIED.);
#9907=B_SPLINE_SURFACE_WITH_KNOTS('',2,1,((#15096,#15097),(#15098,#15099),
(#15100,#15101),(#15102,#15103)),.UNSPECIFIED.,.F.,.F.,.F.,(3,1,3),(2,2),
(-2.,-1.,0.),(0.,0.001),.UNSPECIFIED.);
#9908=B_SPLINE_SURFACE_WITH_KNOTS('',2,1,((#15112,#15113),(#15114,#15115),
(#15116,#15117),(#15118,#15119)),.UNSPECIFIED.,.F.,.F.,.F.,(3,1,3),(2,2),
(0.,1.,2.),(0.,0.001),.UNSPECIFIED.);
#9909=B_SPLINE_SURFACE_WITH_KNOTS('',2,1,((#15134,#15135),(#15136,#15137),
(#15138,#15139),(#15140,#15141)),.UNSPECIFIED.,.F.,.F.,.F.,(3,1,3),(2,2),
(0.,1.,2.),(0.,0.001),.UNSPECIFIED.);
#9910=B_SPLINE_SURFACE_WITH_KNOTS('',2,1,((#15183,#15184),(#15185,#15186),
(#15187,#15188),(#15189,#15190)),.UNSPECIFIED.,.F.,.F.,.F.,(3,1,3),(2,2),
(0.,1.,2.),(0.,0.001),.UNSPECIFIED.);
#9911=B_SPLINE_SURFACE_WITH_KNOTS('',2,1,((#15202,#15203),(#15204,#15205),
(#15206,#15207),(#15208,#15209)),.UNSPECIFIED.,.F.,.F.,.F.,(3,1,3),(2,2),
(0.,1.,2.),(0.,0.001),.UNSPECIFIED.);
#9912=B_SPLINE_SURFACE_WITH_KNOTS('',2,1,((#15219,#15220),(#15221,#15222),
(#15223,#15224),(#15225,#15226)),.UNSPECIFIED.,.F.,.F.,.F.,(3,1,3),(2,2),
(0.,1.,2.),(0.,0.001),.UNSPECIFIED.);
#9913=B_SPLINE_SURFACE_WITH_KNOTS('',2,1,((#15241,#15242),(#15243,#15244),
(#15245,#15246),(#15247,#15248)),.UNSPECIFIED.,.F.,.F.,.F.,(3,1,3),(2,2),
(0.,1.,2.),(0.,0.001),.UNSPECIFIED.);
#9914=B_SPLINE_SURFACE_WITH_KNOTS('',2,1,((#15278,#15279),(#15280,#15281),
(#15282,#15283),(#15284,#15285)),.UNSPECIFIED.,.F.,.F.,.F.,(3,1,3),(2,2),
(0.,1.,2.),(0.,0.001),.UNSPECIFIED.);
#9915=B_SPLINE_SURFACE_WITH_KNOTS('',2,1,((#15297,#15298),(#15299,#15300),
(#15301,#15302),(#15303,#15304)),.UNSPECIFIED.,.F.,.F.,.F.,(3,1,3),(2,2),
(0.,1.,2.),(0.,0.001),.UNSPECIFIED.);
#9916=B_SPLINE_SURFACE_WITH_KNOTS('',2,1,((#15316,#15317),(#15318,#15319),
(#15320,#15321),(#15322,#15323)),.UNSPECIFIED.,.F.,.F.,.F.,(3,1,3),(2,2),
(0.,1.,2.),(0.,0.001),.UNSPECIFIED.);
#9917=B_SPLINE_SURFACE_WITH_KNOTS('',2,1,((#15335,#15336),(#15337,#15338),
(#15339,#15340),(#15341,#15342)),.UNSPECIFIED.,.F.,.F.,.F.,(3,1,3),(2,2),
(0.,1.,2.),(0.,0.001),.UNSPECIFIED.);
#9918=B_SPLINE_SURFACE_WITH_KNOTS('',2,1,((#15372,#15373),(#15374,#15375),
(#15376,#15377),(#15378,#15379)),.UNSPECIFIED.,.F.,.F.,.F.,(3,1,3),(2,2),
(0.,1.,2.),(0.,0.001),.UNSPECIFIED.);
#9919=B_SPLINE_SURFACE_WITH_KNOTS('',2,1,((#15391,#15392),(#15393,#15394),
(#15395,#15396),(#15397,#15398)),.UNSPECIFIED.,.F.,.F.,.F.,(3,1,3),(2,2),
(0.,1.,2.),(0.,0.001),.UNSPECIFIED.);
#9920=ADVANCED_FACE('',(#1019),#9875,.T.);
#9921=ADVANCED_FACE('',(#1020),#9876,.T.);
#9922=ADVANCED_FACE('',(#1021),#9877,.T.);
#9923=ADVANCED_FACE('',(#1022),#9878,.T.);
#9924=ADVANCED_FACE('',(#1023),#9879,.T.);
#9925=ADVANCED_FACE('',(#1024),#9880,.T.);
#9926=ADVANCED_FACE('',(#1025),#9881,.T.);
#9927=ADVANCED_FACE('',(#1026),#9882,.T.);
#9928=ADVANCED_FACE('',(#1027),#9883,.T.);
#9929=ADVANCED_FACE('',(#1028),#9884,.T.);
#9930=ADVANCED_FACE('',(#1029),#9885,.F.);
#9931=ADVANCED_FACE('',(#1030),#9886,.F.);
#9932=ADVANCED_FACE('',(#1031),#609,.F.);
#9933=ADVANCED_FACE('',(#1032),#9887,.F.);
#9934=ADVANCED_FACE('',(#1033),#9888,.F.);
#9935=ADVANCED_FACE('',(#1034),#9889,.F.);
#9936=ADVANCED_FACE('',(#1035),#9890,.F.);
#9937=ADVANCED_FACE('',(#1036),#610,.F.);
#9938=ADVANCED_FACE('',(#1037),#9891,.F.);
#9939=ADVANCED_FACE('',(#1038),#9892,.F.);
#9940=ADVANCED_FACE('',(#1039),#9893,.F.);
#9941=ADVANCED_FACE('',(#1040,#274,#275),#611,.T.);
#9942=ADVANCED_FACE('',(#1041),#612,.F.);
#9943=ADVANCED_FACE('',(#1042),#9894,.F.);
#9944=ADVANCED_FACE('',(#1043),#9895,.F.);
#9945=ADVANCED_FACE('',(#1044),#613,.F.);
#9946=ADVANCED_FACE('',(#1045),#614,.F.);
#9947=ADVANCED_FACE('',(#1046),#615,.F.);
#9948=ADVANCED_FACE('',(#1047),#616,.F.);
#9949=ADVANCED_FACE('',(#1048),#617,.F.);
#9950=ADVANCED_FACE('',(#1049),#9896,.F.);
#9951=ADVANCED_FACE('',(#1050),#9897,.F.);
#9952=ADVANCED_FACE('',(#1051),#9898,.F.);
#9953=ADVANCED_FACE('',(#1052),#618,.F.);
#9954=ADVANCED_FACE('',(#1053),#619,.F.);
#9955=ADVANCED_FACE('',(#1054),#620,.T.);
#9956=ADVANCED_FACE('',(#1055),#621,.F.);
#9957=ADVANCED_FACE('',(#1056),#622,.F.);
#9958=ADVANCED_FACE('',(#1057),#623,.F.);
#9959=ADVANCED_FACE('',(#1058),#624,.F.);
#9960=ADVANCED_FACE('',(#1059),#625,.F.);
#9961=ADVANCED_FACE('',(#1060),#626,.F.);
#9962=ADVANCED_FACE('',(#1061),#627,.F.);
#9963=ADVANCED_FACE('',(#1062),#628,.F.);
#9964=ADVANCED_FACE('',(#1063),#629,.F.);
#9965=ADVANCED_FACE('',(#1064),#630,.F.);
#9966=ADVANCED_FACE('',(#1065),#631,.F.);
#9967=ADVANCED_FACE('',(#1066),#632,.F.);
#9968=ADVANCED_FACE('',(#1067),#633,.F.);
#9969=ADVANCED_FACE('',(#1068),#634,.F.);
#9970=ADVANCED_FACE('',(#1069),#635,.T.);
#9971=ADVANCED_FACE('',(#1070),#636,.T.);
#9972=ADVANCED_FACE('',(#1071),#637,.T.);
#9973=ADVANCED_FACE('',(#1072),#638,.F.);
#9974=ADVANCED_FACE('',(#1073),#639,.F.);
#9975=ADVANCED_FACE('',(#1074),#640,.F.);
#9976=ADVANCED_FACE('',(#1075),#641,.F.);
#9977=ADVANCED_FACE('',(#1076),#642,.F.);
#9978=ADVANCED_FACE('',(#1077),#643,.F.);
#9979=ADVANCED_FACE('',(#1078),#644,.F.);
#9980=ADVANCED_FACE('',(#1079),#645,.F.);
#9981=ADVANCED_FACE('',(#1080,#276),#646,.F.);
#9982=ADVANCED_FACE('',(#1081),#647,.F.);
#9983=ADVANCED_FACE('',(#1082),#648,.F.);
#9984=ADVANCED_FACE('',(#1083),#649,.F.);
#9985=ADVANCED_FACE('',(#1084),#650,.F.);
#9986=ADVANCED_FACE('',(#1085),#651,.F.);
#9987=ADVANCED_FACE('',(#1086),#652,.F.);
#9988=ADVANCED_FACE('',(#1087),#653,.F.);
#9989=ADVANCED_FACE('',(#1088),#654,.F.);
#9990=ADVANCED_FACE('',(#1089),#655,.F.);
#9991=ADVANCED_FACE('',(#1090),#656,.F.);
#9992=ADVANCED_FACE('',(#1091),#657,.F.);
#9993=ADVANCED_FACE('',(#1092),#658,.F.);
#9994=ADVANCED_FACE('',(#1093),#659,.F.);
#9995=ADVANCED_FACE('',(#1094),#660,.F.);
#9996=ADVANCED_FACE('',(#1095),#661,.F.);
#9997=ADVANCED_FACE('',(#1096),#662,.F.);
#9998=ADVANCED_FACE('',(#1097),#663,.F.);
#9999=ADVANCED_FACE('',(#1098),#664,.F.);
#10000=ADVANCED_FACE('',(#1099),#665,.F.);
#10001=ADVANCED_FACE('',(#1100),#666,.F.);
#10002=ADVANCED_FACE('',(#1101),#667,.F.);
#10003=ADVANCED_FACE('',(#1102),#668,.F.);
#10004=ADVANCED_FACE('',(#1103),#669,.T.);
#10005=ADVANCED_FACE('',(#1104),#670,.T.);
#10006=ADVANCED_FACE('',(#1105),#671,.T.);
#10007=ADVANCED_FACE('',(#1106),#672,.F.);
#10008=ADVANCED_FACE('',(#1107),#673,.F.);
#10009=ADVANCED_FACE('',(#1108),#674,.F.);
#10010=ADVANCED_FACE('',(#1109),#675,.F.);
#10011=ADVANCED_FACE('',(#1110),#676,.F.);
#10012=ADVANCED_FACE('',(#1111),#677,.F.);
#10013=ADVANCED_FACE('',(#1112),#678,.F.);
#10014=ADVANCED_FACE('',(#1113),#679,.F.);
#10015=ADVANCED_FACE('',(#1114,#277),#680,.F.);
#10016=ADVANCED_FACE('',(#1115),#681,.F.);
#10017=ADVANCED_FACE('',(#1116),#682,.F.);
#10018=ADVANCED_FACE('',(#1117),#683,.F.);
#10019=ADVANCED_FACE('',(#1118),#684,.F.);
#10020=ADVANCED_FACE('',(#1119),#685,.F.);
#10021=ADVANCED_FACE('',(#1120),#686,.F.);
#10022=ADVANCED_FACE('',(#1121),#687,.F.);
#10023=ADVANCED_FACE('',(#1122),#688,.F.);
#10024=ADVANCED_FACE('',(#1123),#689,.F.);
#10025=ADVANCED_FACE('',(#1124),#690,.F.);
#10026=ADVANCED_FACE('',(#1125),#691,.F.);
#10027=ADVANCED_FACE('',(#1126),#692,.F.);
#10028=ADVANCED_FACE('',(#1127),#693,.F.);
#10029=ADVANCED_FACE('',(#1128),#694,.F.);
#10030=ADVANCED_FACE('',(#1129),#695,.F.);
#10031=ADVANCED_FACE('',(#1130),#696,.F.);
#10032=ADVANCED_FACE('',(#1131),#697,.F.);
#10033=ADVANCED_FACE('',(#1132),#698,.F.);
#10034=ADVANCED_FACE('',(#1133),#699,.F.);
#10035=ADVANCED_FACE('',(#1134),#700,.F.);
#10036=ADVANCED_FACE('',(#1135),#701,.F.);
#10037=ADVANCED_FACE('',(#1136),#9899,.F.);
#10038=ADVANCED_FACE('',(#1137),#702,.F.);
#10039=ADVANCED_FACE('',(#1138),#703,.F.);
#10040=ADVANCED_FACE('',(#1139),#9900,.F.);
#10041=ADVANCED_FACE('',(#1140),#9901,.F.);
#10042=ADVANCED_FACE('',(#1141),#9902,.F.);
#10043=ADVANCED_FACE('',(#1142),#704,.F.);
#10044=ADVANCED_FACE('',(#1143),#705,.F.);
#10045=ADVANCED_FACE('',(#1144),#706,.F.);
#10046=ADVANCED_FACE('',(#1145),#707,.F.);
#10047=ADVANCED_FACE('',(#1146),#708,.F.);
#10048=ADVANCED_FACE('',(#1147),#709,.F.);
#10049=ADVANCED_FACE('',(#1148),#710,.F.);
#10050=ADVANCED_FACE('',(#1149),#711,.F.);
#10051=ADVANCED_FACE('',(#1150),#712,.F.);
#10052=ADVANCED_FACE('',(#1151),#713,.F.);
#10053=ADVANCED_FACE('',(#1152),#714,.F.);
#10054=ADVANCED_FACE('',(#1153),#9903,.F.);
#10055=ADVANCED_FACE('',(#1154),#715,.T.);
#10056=ADVANCED_FACE('',(#1155),#716,.F.);
#10057=ADVANCED_FACE('',(#1156),#717,.F.);
#10058=ADVANCED_FACE('',(#1157),#718,.F.);
#10059=ADVANCED_FACE('',(#1158),#719,.F.);
#10060=ADVANCED_FACE('',(#1159),#720,.F.);
#10061=ADVANCED_FACE('',(#1160),#721,.F.);
#10062=ADVANCED_FACE('',(#1161),#722,.F.);
#10063=ADVANCED_FACE('',(#1162),#723,.F.);
#10064=ADVANCED_FACE('',(#1163),#724,.F.);
#10065=ADVANCED_FACE('',(#1164),#725,.F.);
#10066=ADVANCED_FACE('',(#1165),#726,.F.);
#10067=ADVANCED_FACE('',(#1166),#727,.F.);
#10068=ADVANCED_FACE('',(#1167),#728,.F.);
#10069=ADVANCED_FACE('',(#1168),#729,.F.);
#10070=ADVANCED_FACE('',(#1169),#730,.T.);
#10071=ADVANCED_FACE('',(#1170),#731,.T.);
#10072=ADVANCED_FACE('',(#1171),#732,.T.);
#10073=ADVANCED_FACE('',(#1172),#733,.F.);
#10074=ADVANCED_FACE('',(#1173),#734,.F.);
#10075=ADVANCED_FACE('',(#1174),#735,.F.);
#10076=ADVANCED_FACE('',(#1175),#736,.F.);
#10077=ADVANCED_FACE('',(#1176),#737,.F.);
#10078=ADVANCED_FACE('',(#1177),#738,.F.);
#10079=ADVANCED_FACE('',(#1178),#739,.F.);
#10080=ADVANCED_FACE('',(#1179),#740,.F.);
#10081=ADVANCED_FACE('',(#1180),#741,.F.);
#10082=ADVANCED_FACE('',(#1181),#742,.F.);
#10083=ADVANCED_FACE('',(#1182),#743,.F.);
#10084=ADVANCED_FACE('',(#1183,#278),#744,.F.);
#10085=ADVANCED_FACE('',(#1184),#745,.T.);
#10086=ADVANCED_FACE('',(#1185),#746,.T.);
#10087=ADVANCED_FACE('',(#1186),#747,.T.);
#10088=ADVANCED_FACE('',(#1187),#748,.F.);
#10089=ADVANCED_FACE('',(#1188),#749,.F.);
#10090=ADVANCED_FACE('',(#1189),#750,.F.);
#10091=ADVANCED_FACE('',(#1190),#751,.F.);
#10092=ADVANCED_FACE('',(#1191),#752,.F.);
#10093=ADVANCED_FACE('',(#1192),#753,.F.);
#10094=ADVANCED_FACE('',(#1193),#754,.F.);
#10095=ADVANCED_FACE('',(#1194),#755,.F.);
#10096=ADVANCED_FACE('',(#1195,#279),#756,.F.);
#10097=ADVANCED_FACE('',(#1196),#9904,.T.);
#10098=ADVANCED_FACE('',(#1197),#757,.T.);
#10099=ADVANCED_FACE('',(#1198),#758,.T.);
#10100=ADVANCED_FACE('',(#1199),#759,.T.);
#10101=ADVANCED_FACE('',(#1200),#9905,.T.);
#10102=ADVANCED_FACE('',(#1201),#9906,.T.);
#10103=ADVANCED_FACE('',(#1202),#9907,.T.);
#10104=ADVANCED_FACE('',(#1203),#9908,.F.);
#10105=ADVANCED_FACE('',(#1204),#9909,.F.);
#10106=ADVANCED_FACE('',(#1205),#760,.F.);
#10107=ADVANCED_FACE('',(#1206),#761,.F.);
#10108=ADVANCED_FACE('',(#1207),#762,.F.);
#10109=ADVANCED_FACE('',(#1208),#763,.F.);
#10110=ADVANCED_FACE('',(#1209),#764,.F.);
#10111=ADVANCED_FACE('',(#1210),#9910,.F.);
#10112=ADVANCED_FACE('',(#1211),#9911,.F.);
#10113=ADVANCED_FACE('',(#1212,#280),#765,.T.);
#10114=ADVANCED_FACE('',(#1213),#9912,.F.);
#10115=ADVANCED_FACE('',(#1214),#9913,.F.);
#10116=ADVANCED_FACE('',(#1215),#766,.F.);
#10117=ADVANCED_FACE('',(#1216),#767,.F.);
#10118=ADVANCED_FACE('',(#1217),#768,.F.);
#10119=ADVANCED_FACE('',(#1218),#9914,.F.);
#10120=ADVANCED_FACE('',(#1219),#9915,.F.);
#10121=ADVANCED_FACE('',(#1220),#9916,.F.);
#10122=ADVANCED_FACE('',(#1221),#9917,.F.);
#10123=ADVANCED_FACE('',(#1222),#769,.F.);
#10124=ADVANCED_FACE('',(#1223),#770,.F.);
#10125=ADVANCED_FACE('',(#1224),#771,.F.);
#10126=ADVANCED_FACE('',(#1225),#9918,.F.);
#10127=ADVANCED_FACE('',(#1226),#9919,.F.);
#10128=ADVANCED_FACE('',(#1227),#772,.T.);
#10129=ADVANCED_FACE('',(#1228,#281,#282,#283,#284,#285,#286,#287,#288,
#289,#290,#291,#292,#293,#294,#295,#296,#297),#773,.T.);
#10130=ADVANCED_FACE('',(#1229),#774,.T.);
#10131=ADVANCED_FACE('',(#1230),#775,.T.);
#10132=ADVANCED_FACE('',(#1231),#776,.T.);
#10133=ADVANCED_FACE('',(#1232),#777,.T.);
#10134=ADVANCED_FACE('',(#1233),#778,.T.);
#10135=ADVANCED_FACE('',(#1234),#779,.T.);
#10136=ADVANCED_FACE('',(#1235),#780,.T.);
#10137=ADVANCED_FACE('',(#1236),#19,.F.);
#10138=ADVANCED_FACE('',(#1237),#781,.T.);
#10139=ADVANCED_FACE('',(#1238),#782,.F.);
#10140=ADVANCED_FACE('',(#1239),#783,.F.);
#10141=ADVANCED_FACE('',(#1240),#784,.F.);
#10142=ADVANCED_FACE('',(#1241),#785,.F.);
#10143=ADVANCED_FACE('',(#1242),#20,.F.);
#10144=ADVANCED_FACE('',(#1243),#786,.F.);
#10145=ADVANCED_FACE('',(#1244),#21,.T.);
#10146=ADVANCED_FACE('',(#1245),#787,.F.);
#10147=ADVANCED_FACE('',(#1246),#788,.F.);
#10148=ADVANCED_FACE('',(#1247),#22,.T.);
#10149=ADVANCED_FACE('',(#1248),#789,.F.);
#10150=ADVANCED_FACE('',(#1249),#23,.F.);
#10151=ADVANCED_FACE('',(#1250),#790,.F.);
#10152=ADVANCED_FACE('',(#1251),#791,.F.);
#10153=ADVANCED_FACE('',(#1252),#24,.F.);
#10154=ADVANCED_FACE('',(#1253),#792,.F.);
#10155=ADVANCED_FACE('',(#1254),#25,.T.);
#10156=ADVANCED_FACE('',(#1255),#793,.F.);
#10157=ADVANCED_FACE('',(#1256),#794,.F.);
#10158=ADVANCED_FACE('',(#1257),#795,.F.);
#10159=ADVANCED_FACE('',(#1258),#796,.T.);
#10160=ADVANCED_FACE('',(#1259),#797,.F.);
#10161=ADVANCED_FACE('',(#1260),#798,.F.);
#10162=ADVANCED_FACE('',(#1261),#799,.F.);
#10163=ADVANCED_FACE('',(#1262),#800,.F.);
#10164=ADVANCED_FACE('',(#1263),#26,.F.);
#10165=ADVANCED_FACE('',(#1264),#801,.F.);
#10166=ADVANCED_FACE('',(#1265),#27,.T.);
#10167=ADVANCED_FACE('',(#1266),#802,.F.);
#10168=ADVANCED_FACE('',(#1267),#803,.F.);
#10169=ADVANCED_FACE('',(#1268),#28,.T.);
#10170=ADVANCED_FACE('',(#1269),#804,.F.);
#10171=ADVANCED_FACE('',(#1270),#29,.F.);
#10172=ADVANCED_FACE('',(#1271),#805,.F.);
#10173=ADVANCED_FACE('',(#1272),#806,.F.);
#10174=ADVANCED_FACE('',(#1273),#30,.F.);
#10175=ADVANCED_FACE('',(#1274),#807,.F.);
#10176=ADVANCED_FACE('',(#1275),#31,.T.);
#10177=ADVANCED_FACE('',(#1276),#808,.F.);
#10178=ADVANCED_FACE('',(#1277),#809,.F.);
#10179=ADVANCED_FACE('',(#1278),#810,.F.);
#10180=ADVANCED_FACE('',(#1279),#811,.T.);
#10181=ADVANCED_FACE('',(#1280),#812,.F.);
#10182=ADVANCED_FACE('',(#1281),#813,.F.);
#10183=ADVANCED_FACE('',(#1282),#814,.F.);
#10184=ADVANCED_FACE('',(#1283),#815,.F.);
#10185=ADVANCED_FACE('',(#1284),#32,.F.);
#10186=ADVANCED_FACE('',(#1285),#816,.F.);
#10187=ADVANCED_FACE('',(#1286),#33,.T.);
#10188=ADVANCED_FACE('',(#1287),#817,.F.);
#10189=ADVANCED_FACE('',(#1288),#818,.F.);
#10190=ADVANCED_FACE('',(#1289),#34,.T.);
#10191=ADVANCED_FACE('',(#1290),#819,.F.);
#10192=ADVANCED_FACE('',(#1291),#35,.F.);
#10193=ADVANCED_FACE('',(#1292),#820,.F.);
#10194=ADVANCED_FACE('',(#1293),#821,.F.);
#10195=ADVANCED_FACE('',(#1294),#36,.F.);
#10196=ADVANCED_FACE('',(#1295),#822,.F.);
#10197=ADVANCED_FACE('',(#1296),#37,.T.);
#10198=ADVANCED_FACE('',(#1297),#823,.F.);
#10199=ADVANCED_FACE('',(#1298),#824,.F.);
#10200=ADVANCED_FACE('',(#1299),#825,.F.);
#10201=ADVANCED_FACE('',(#1300),#826,.T.);
#10202=ADVANCED_FACE('',(#1301),#827,.F.);
#10203=ADVANCED_FACE('',(#1302),#828,.F.);
#10204=ADVANCED_FACE('',(#1303),#829,.F.);
#10205=ADVANCED_FACE('',(#1304),#830,.F.);
#10206=ADVANCED_FACE('',(#1305),#38,.F.);
#10207=ADVANCED_FACE('',(#1306),#831,.F.);
#10208=ADVANCED_FACE('',(#1307),#39,.T.);
#10209=ADVANCED_FACE('',(#1308),#832,.F.);
#10210=ADVANCED_FACE('',(#1309),#833,.F.);
#10211=ADVANCED_FACE('',(#1310),#40,.T.);
#10212=ADVANCED_FACE('',(#1311),#834,.F.);
#10213=ADVANCED_FACE('',(#1312),#41,.F.);
#10214=ADVANCED_FACE('',(#1313),#835,.F.);
#10215=ADVANCED_FACE('',(#1314),#836,.F.);
#10216=ADVANCED_FACE('',(#1315),#42,.F.);
#10217=ADVANCED_FACE('',(#1316),#837,.F.);
#10218=ADVANCED_FACE('',(#1317),#43,.T.);
#10219=ADVANCED_FACE('',(#1318),#838,.F.);
#10220=ADVANCED_FACE('',(#1319),#839,.F.);
#10221=ADVANCED_FACE('',(#1320),#840,.F.);
#10222=ADVANCED_FACE('',(#1321),#841,.T.);
#10223=ADVANCED_FACE('',(#1322),#842,.F.);
#10224=ADVANCED_FACE('',(#1323),#843,.F.);
#10225=ADVANCED_FACE('',(#1324),#844,.F.);
#10226=ADVANCED_FACE('',(#1325),#845,.F.);
#10227=ADVANCED_FACE('',(#1326),#44,.F.);
#10228=ADVANCED_FACE('',(#1327),#846,.F.);
#10229=ADVANCED_FACE('',(#1328),#45,.T.);
#10230=ADVANCED_FACE('',(#1329),#847,.F.);
#10231=ADVANCED_FACE('',(#1330),#848,.F.);
#10232=ADVANCED_FACE('',(#1331),#46,.T.);
#10233=ADVANCED_FACE('',(#1332),#849,.F.);
#10234=ADVANCED_FACE('',(#1333),#47,.F.);
#10235=ADVANCED_FACE('',(#1334),#850,.F.);
#10236=ADVANCED_FACE('',(#1335),#851,.F.);
#10237=ADVANCED_FACE('',(#1336),#48,.F.);
#10238=ADVANCED_FACE('',(#1337),#852,.F.);
#10239=ADVANCED_FACE('',(#1338),#49,.T.);
#10240=ADVANCED_FACE('',(#1339),#853,.F.);
#10241=ADVANCED_FACE('',(#1340),#854,.F.);
#10242=ADVANCED_FACE('',(#1341),#855,.F.);
#10243=ADVANCED_FACE('',(#1342),#856,.T.);
#10244=ADVANCED_FACE('',(#1343),#857,.F.);
#10245=ADVANCED_FACE('',(#1344),#858,.F.);
#10246=ADVANCED_FACE('',(#1345),#859,.F.);
#10247=ADVANCED_FACE('',(#1346),#860,.F.);
#10248=ADVANCED_FACE('',(#1347),#50,.F.);
#10249=ADVANCED_FACE('',(#1348),#861,.F.);
#10250=ADVANCED_FACE('',(#1349),#51,.T.);
#10251=ADVANCED_FACE('',(#1350),#862,.F.);
#10252=ADVANCED_FACE('',(#1351),#863,.F.);
#10253=ADVANCED_FACE('',(#1352),#52,.T.);
#10254=ADVANCED_FACE('',(#1353),#864,.F.);
#10255=ADVANCED_FACE('',(#1354),#53,.F.);
#10256=ADVANCED_FACE('',(#1355),#865,.F.);
#10257=ADVANCED_FACE('',(#1356),#866,.F.);
#10258=ADVANCED_FACE('',(#1357),#54,.F.);
#10259=ADVANCED_FACE('',(#1358),#867,.F.);
#10260=ADVANCED_FACE('',(#1359),#55,.T.);
#10261=ADVANCED_FACE('',(#1360),#868,.F.);
#10262=ADVANCED_FACE('',(#1361),#869,.F.);
#10263=ADVANCED_FACE('',(#1362),#870,.F.);
#10264=ADVANCED_FACE('',(#1363),#871,.T.);
#10265=ADVANCED_FACE('',(#1364),#872,.T.);
#10266=ADVANCED_FACE('',(#1365),#873,.T.);
#10267=ADVANCED_FACE('',(#1366),#874,.T.);
#10268=ADVANCED_FACE('',(#1367),#875,.T.);
#10269=ADVANCED_FACE('',(#1368),#876,.T.);
#10270=ADVANCED_FACE('',(#1369),#877,.T.);
#10271=ADVANCED_FACE('',(#1370),#878,.T.);
#10272=ADVANCED_FACE('',(#1371),#879,.F.);
#10273=ADVANCED_FACE('',(#1372),#880,.F.);
#10274=ADVANCED_FACE('',(#1373),#881,.F.);
#10275=ADVANCED_FACE('',(#1374),#882,.F.);
#10276=ADVANCED_FACE('',(#1375),#56,.F.);
#10277=ADVANCED_FACE('',(#1376),#883,.F.);
#10278=ADVANCED_FACE('',(#1377),#57,.T.);
#10279=ADVANCED_FACE('',(#1378),#884,.F.);
#10280=ADVANCED_FACE('',(#1379),#885,.F.);
#10281=ADVANCED_FACE('',(#1380),#58,.T.);
#10282=ADVANCED_FACE('',(#1381),#886,.F.);
#10283=ADVANCED_FACE('',(#1382),#59,.F.);
#10284=ADVANCED_FACE('',(#1383),#887,.F.);
#10285=ADVANCED_FACE('',(#1384),#888,.F.);
#10286=ADVANCED_FACE('',(#1385),#60,.F.);
#10287=ADVANCED_FACE('',(#1386),#889,.F.);
#10288=ADVANCED_FACE('',(#1387),#61,.T.);
#10289=ADVANCED_FACE('',(#1388),#890,.F.);
#10290=ADVANCED_FACE('',(#1389),#891,.F.);
#10291=ADVANCED_FACE('',(#1390),#892,.F.);
#10292=ADVANCED_FACE('',(#1391),#893,.T.);
#10293=ADVANCED_FACE('',(#1392),#894,.T.);
#10294=ADVANCED_FACE('',(#1393),#895,.T.);
#10295=ADVANCED_FACE('',(#1394),#896,.T.);
#10296=ADVANCED_FACE('',(#1395),#897,.T.);
#10297=ADVANCED_FACE('',(#1396),#898,.T.);
#10298=ADVANCED_FACE('',(#1397),#62,.F.);
#10299=ADVANCED_FACE('',(#1398),#899,.T.);
#10300=ADVANCED_FACE('',(#1399),#63,.T.);
#10301=ADVANCED_FACE('',(#1400),#900,.T.);
#10302=ADVANCED_FACE('',(#1401),#901,.T.);
#10303=ADVANCED_FACE('',(#1402),#64,.T.);
#10304=ADVANCED_FACE('',(#1403),#902,.T.);
#10305=ADVANCED_FACE('',(#1404),#65,.F.);
#10306=ADVANCED_FACE('',(#1405),#903,.T.);
#10307=ADVANCED_FACE('',(#1406),#904,.T.);
#10308=ADVANCED_FACE('',(#1407),#66,.F.);
#10309=ADVANCED_FACE('',(#1408),#905,.T.);
#10310=ADVANCED_FACE('',(#1409),#67,.T.);
#10311=ADVANCED_FACE('',(#1410),#906,.T.);
#10312=ADVANCED_FACE('',(#1411),#907,.T.);
#10313=ADVANCED_FACE('',(#1412),#908,.T.);
#10314=ADVANCED_FACE('',(#1413),#909,.F.);
#10315=ADVANCED_FACE('',(#1414),#910,.T.);
#10316=ADVANCED_FACE('',(#1415),#911,.T.);
#10317=ADVANCED_FACE('',(#1416),#912,.T.);
#10318=ADVANCED_FACE('',(#1417),#913,.T.);
#10319=ADVANCED_FACE('',(#1418),#68,.F.);
#10320=ADVANCED_FACE('',(#1419),#914,.T.);
#10321=ADVANCED_FACE('',(#1420),#69,.T.);
#10322=ADVANCED_FACE('',(#1421),#915,.T.);
#10323=ADVANCED_FACE('',(#1422),#916,.T.);
#10324=ADVANCED_FACE('',(#1423),#70,.T.);
#10325=ADVANCED_FACE('',(#1424),#917,.T.);
#10326=ADVANCED_FACE('',(#1425),#71,.F.);
#10327=ADVANCED_FACE('',(#1426),#918,.T.);
#10328=ADVANCED_FACE('',(#1427),#919,.T.);
#10329=ADVANCED_FACE('',(#1428),#72,.F.);
#10330=ADVANCED_FACE('',(#1429),#920,.T.);
#10331=ADVANCED_FACE('',(#1430),#73,.T.);
#10332=ADVANCED_FACE('',(#1431),#921,.T.);
#10333=ADVANCED_FACE('',(#1432),#922,.T.);
#10334=ADVANCED_FACE('',(#1433),#923,.T.);
#10335=ADVANCED_FACE('',(#1434),#924,.F.);
#10336=ADVANCED_FACE('',(#1435),#925,.T.);
#10337=ADVANCED_FACE('',(#1436),#926,.T.);
#10338=ADVANCED_FACE('',(#1437),#927,.T.);
#10339=ADVANCED_FACE('',(#1438),#928,.T.);
#10340=ADVANCED_FACE('',(#1439),#74,.F.);
#10341=ADVANCED_FACE('',(#1440),#929,.T.);
#10342=ADVANCED_FACE('',(#1441),#75,.T.);
#10343=ADVANCED_FACE('',(#1442),#930,.T.);
#10344=ADVANCED_FACE('',(#1443),#931,.T.);
#10345=ADVANCED_FACE('',(#1444),#76,.T.);
#10346=ADVANCED_FACE('',(#1445),#932,.T.);
#10347=ADVANCED_FACE('',(#1446),#77,.F.);
#10348=ADVANCED_FACE('',(#1447),#933,.T.);
#10349=ADVANCED_FACE('',(#1448),#934,.T.);
#10350=ADVANCED_FACE('',(#1449),#78,.F.);
#10351=ADVANCED_FACE('',(#1450),#935,.T.);
#10352=ADVANCED_FACE('',(#1451),#79,.T.);
#10353=ADVANCED_FACE('',(#1452),#936,.T.);
#10354=ADVANCED_FACE('',(#1453),#937,.T.);
#10355=ADVANCED_FACE('',(#1454),#938,.T.);
#10356=ADVANCED_FACE('',(#1455),#939,.F.);
#10357=ADVANCED_FACE('',(#1456),#940,.T.);
#10358=ADVANCED_FACE('',(#1457),#941,.T.);
#10359=ADVANCED_FACE('',(#1458),#942,.T.);
#10360=ADVANCED_FACE('',(#1459),#943,.T.);
#10361=ADVANCED_FACE('',(#1460),#80,.F.);
#10362=ADVANCED_FACE('',(#1461),#944,.T.);
#10363=ADVANCED_FACE('',(#1462),#81,.T.);
#10364=ADVANCED_FACE('',(#1463),#945,.T.);
#10365=ADVANCED_FACE('',(#1464),#946,.T.);
#10366=ADVANCED_FACE('',(#1465),#82,.T.);
#10367=ADVANCED_FACE('',(#1466),#947,.T.);
#10368=ADVANCED_FACE('',(#1467),#83,.F.);
#10369=ADVANCED_FACE('',(#1468),#948,.T.);
#10370=ADVANCED_FACE('',(#1469),#949,.T.);
#10371=ADVANCED_FACE('',(#1470),#84,.F.);
#10372=ADVANCED_FACE('',(#1471),#950,.T.);
#10373=ADVANCED_FACE('',(#1472),#85,.T.);
#10374=ADVANCED_FACE('',(#1473),#951,.T.);
#10375=ADVANCED_FACE('',(#1474),#952,.T.);
#10376=ADVANCED_FACE('',(#1475),#953,.T.);
#10377=ADVANCED_FACE('',(#1476),#954,.F.);
#10378=ADVANCED_FACE('',(#1477),#955,.T.);
#10379=ADVANCED_FACE('',(#1478),#956,.T.);
#10380=ADVANCED_FACE('',(#1479),#957,.T.);
#10381=ADVANCED_FACE('',(#1480),#958,.T.);
#10382=ADVANCED_FACE('',(#1481),#86,.F.);
#10383=ADVANCED_FACE('',(#1482),#959,.T.);
#10384=ADVANCED_FACE('',(#1483),#87,.T.);
#10385=ADVANCED_FACE('',(#1484),#960,.T.);
#10386=ADVANCED_FACE('',(#1485),#961,.T.);
#10387=ADVANCED_FACE('',(#1486),#88,.T.);
#10388=ADVANCED_FACE('',(#1487),#962,.T.);
#10389=ADVANCED_FACE('',(#1488),#89,.F.);
#10390=ADVANCED_FACE('',(#1489),#963,.T.);
#10391=ADVANCED_FACE('',(#1490),#964,.T.);
#10392=ADVANCED_FACE('',(#1491),#90,.F.);
#10393=ADVANCED_FACE('',(#1492),#965,.T.);
#10394=ADVANCED_FACE('',(#1493),#91,.T.);
#10395=ADVANCED_FACE('',(#1494),#966,.T.);
#10396=ADVANCED_FACE('',(#1495),#967,.T.);
#10397=ADVANCED_FACE('',(#1496),#968,.T.);
#10398=ADVANCED_FACE('',(#1497),#969,.F.);
#10399=ADVANCED_FACE('',(#1498),#970,.T.);
#10400=ADVANCED_FACE('',(#1499),#971,.T.);
#10401=ADVANCED_FACE('',(#1500),#972,.T.);
#10402=ADVANCED_FACE('',(#1501),#973,.T.);
#10403=ADVANCED_FACE('',(#1502),#92,.F.);
#10404=ADVANCED_FACE('',(#1503),#974,.T.);
#10405=ADVANCED_FACE('',(#1504),#93,.T.);
#10406=ADVANCED_FACE('',(#1505),#975,.T.);
#10407=ADVANCED_FACE('',(#1506),#976,.T.);
#10408=ADVANCED_FACE('',(#1507),#94,.T.);
#10409=ADVANCED_FACE('',(#1508),#977,.T.);
#10410=ADVANCED_FACE('',(#1509),#95,.F.);
#10411=ADVANCED_FACE('',(#1510),#978,.T.);
#10412=ADVANCED_FACE('',(#1511),#979,.T.);
#10413=ADVANCED_FACE('',(#1512),#96,.F.);
#10414=ADVANCED_FACE('',(#1513),#980,.T.);
#10415=ADVANCED_FACE('',(#1514),#97,.T.);
#10416=ADVANCED_FACE('',(#1515),#981,.T.);
#10417=ADVANCED_FACE('',(#1516),#982,.T.);
#10418=ADVANCED_FACE('',(#1517),#983,.T.);
#10419=ADVANCED_FACE('',(#1518),#984,.F.);
#10420=ADVANCED_FACE('',(#1519),#985,.T.);
#10421=ADVANCED_FACE('',(#1520),#986,.T.);
#10422=ADVANCED_FACE('',(#1521),#987,.T.);
#10423=ADVANCED_FACE('',(#1522),#988,.T.);
#10424=ADVANCED_FACE('',(#1523),#989,.T.);
#10425=ADVANCED_FACE('',(#1524),#990,.T.);
#10426=ADVANCED_FACE('',(#1525),#991,.T.);
#10427=ADVANCED_FACE('',(#1526),#992,.T.);
#10428=ADVANCED_FACE('',(#1527),#993,.T.);
#10429=ADVANCED_FACE('',(#1528),#994,.T.);
#10430=ADVANCED_FACE('',(#1529),#995,.T.);
#10431=ADVANCED_FACE('',(#1530),#98,.F.);
#10432=ADVANCED_FACE('',(#1531),#996,.T.);
#10433=ADVANCED_FACE('',(#1532),#99,.T.);
#10434=ADVANCED_FACE('',(#1533),#997,.T.);
#10435=ADVANCED_FACE('',(#1534),#998,.T.);
#10436=ADVANCED_FACE('',(#1535),#100,.T.);
#10437=ADVANCED_FACE('',(#1536),#999,.T.);
#10438=ADVANCED_FACE('',(#1537),#101,.F.);
#10439=ADVANCED_FACE('',(#1538),#1000,.T.);
#10440=ADVANCED_FACE('',(#1539),#1001,.T.);
#10441=ADVANCED_FACE('',(#1540),#102,.F.);
#10442=ADVANCED_FACE('',(#1541),#1002,.T.);
#10443=ADVANCED_FACE('',(#1542),#103,.T.);
#10444=ADVANCED_FACE('',(#1543),#1003,.T.);
#10445=ADVANCED_FACE('',(#1544),#1004,.T.);
#10446=ADVANCED_FACE('',(#1545),#1005,.T.);
#10447=ADVANCED_FACE('',(#1546),#1006,.F.);
#10448=ADVANCED_FACE('',(#1547),#1007,.T.);
#10449=ADVANCED_FACE('',(#1548),#1008,.T.);
#10450=ADVANCED_FACE('',(#1549),#1009,.T.);
#10451=ADVANCED_FACE('',(#1550),#1010,.T.);
#10452=ADVANCED_FACE('',(#1551),#1011,.T.);
#10453=ADVANCED_FACE('',(#1552),#1012,.T.);
#10454=ADVANCED_FACE('',(#1553),#1013,.T.);
#10455=ADVANCED_FACE('',(#1554),#1014,.T.);
#10456=ADVANCED_FACE('',(#1555),#1015,.T.);
#10457=ADVANCED_FACE('',(#1556),#1016,.T.);
#10458=ADVANCED_FACE('',(#1557),#1017,.T.);
#10459=ADVANCED_FACE('',(#1558),#1018,.F.);
#10460=CLOSED_SHELL('',(#9920,#9921,#9922,#9923,#9924,#9925,#9926,#9927,
#9928,#9929,#9930,#9931,#9932,#9933,#9934,#9935,#9936,#9937,#9938,#9939,
#9940,#9941,#9942,#9943,#9944,#9945,#9946,#9947,#9948,#9949,#9950,#9951,
#9952,#9953,#9954,#9955,#9956,#9957,#9958,#9959,#9960,#9961,#9962,#9963,
#9964,#9965,#9966,#9967,#9968,#9969,#9970,#9971,#9972,#9973,#9974,#9975,
#9976,#9977,#9978,#9979,#9980,#9981,#9982,#9983,#9984,#9985,#9986,#9987,
#9988,#9989,#9990,#9991,#9992,#9993,#9994,#9995,#9996,#9997,#9998,#9999,
#10000,#10001,#10002,#10003,#10004,#10005,#10006,#10007,#10008,#10009,#10010,
#10011,#10012,#10013,#10014,#10015,#10016,#10017,#10018,#10019,#10020,#10021,
#10022,#10023,#10024,#10025,#10026,#10027,#10028,#10029,#10030,#10031,#10032,
#10033,#10034,#10035,#10036,#10037,#10038,#10039,#10040,#10041,#10042,#10043,
#10044,#10045,#10046,#10047,#10048,#10049,#10050,#10051,#10052,#10053,#10054,
#10055,#10056,#10057,#10058,#10059,#10060,#10061,#10062,#10063,#10064,#10065,
#10066,#10067,#10068,#10069,#10070,#10071,#10072,#10073,#10074,#10075,#10076,
#10077,#10078,#10079,#10080,#10081,#10082,#10083,#10084,#10085,#10086,#10087,
#10088,#10089,#10090,#10091,#10092,#10093,#10094,#10095,#10096,#10097,#10098,
#10099,#10100,#10101,#10102,#10103,#10104,#10105,#10106,#10107,#10108,#10109,
#10110,#10111,#10112,#10113,#10114,#10115,#10116,#10117,#10118,#10119,#10120,
#10121,#10122,#10123,#10124,#10125,#10126,#10127,#10128,#10129,#10130,#10131,
#10132,#10133,#10134,#10135,#10136,#10137,#10138,#10139,#10140,#10141,#10142,
#10143,#10144,#10145,#10146,#10147,#10148,#10149,#10150,#10151,#10152,#10153,
#10154,#10155,#10156,#10157,#10158,#10159,#10160,#10161,#10162,#10163,#10164,
#10165,#10166,#10167,#10168,#10169,#10170,#10171,#10172,#10173,#10174,#10175,
#10176,#10177,#10178,#10179,#10180,#10181,#10182,#10183,#10184,#10185,#10186,
#10187,#10188,#10189,#10190,#10191,#10192,#10193,#10194,#10195,#10196,#10197,
#10198,#10199,#10200,#10201,#10202,#10203,#10204,#10205,#10206,#10207,#10208,
#10209,#10210,#10211,#10212,#10213,#10214,#10215,#10216,#10217,#10218,#10219,
#10220,#10221,#10222,#10223,#10224,#10225,#10226,#10227,#10228,#10229,#10230,
#10231,#10232,#10233,#10234,#10235,#10236,#10237,#10238,#10239,#10240,#10241,
#10242,#10243,#10244,#10245,#10246,#10247,#10248,#10249,#10250,#10251,#10252,
#10253,#10254,#10255,#10256,#10257,#10258,#10259,#10260,#10261,#10262,#10263,
#10264,#10265,#10266,#10267,#10268,#10269,#10270,#10271,#10272,#10273,#10274,
#10275,#10276,#10277,#10278,#10279,#10280,#10281,#10282,#10283,#10284,#10285,
#10286,#10287,#10288,#10289,#10290,#10291,#10292,#10293,#10294,#10295,#10296,
#10297,#10298,#10299,#10300,#10301,#10302,#10303,#10304,#10305,#10306,#10307,
#10308,#10309,#10310,#10311,#10312,#10313,#10314,#10315,#10316,#10317,#10318,
#10319,#10320,#10321,#10322,#10323,#10324,#10325,#10326,#10327,#10328,#10329,
#10330,#10331,#10332,#10333,#10334,#10335,#10336,#10337,#10338,#10339,#10340,
#10341,#10342,#10343,#10344,#10345,#10346,#10347,#10348,#10349,#10350,#10351,
#10352,#10353,#10354,#10355,#10356,#10357,#10358,#10359,#10360,#10361,#10362,
#10363,#10364,#10365,#10366,#10367,#10368,#10369,#10370,#10371,#10372,#10373,
#10374,#10375,#10376,#10377,#10378,#10379,#10380,#10381,#10382,#10383,#10384,
#10385,#10386,#10387,#10388,#10389,#10390,#10391,#10392,#10393,#10394,#10395,
#10396,#10397,#10398,#10399,#10400,#10401,#10402,#10403,#10404,#10405,#10406,
#10407,#10408,#10409,#10410,#10411,#10412,#10413,#10414,#10415,#10416,#10417,
#10418,#10419,#10420,#10421,#10422,#10423,#10424,#10425,#10426,#10427,#10428,
#10429,#10430,#10431,#10432,#10433,#10434,#10435,#10436,#10437,#10438,#10439,
#10440,#10441,#10442,#10443,#10444,#10445,#10446,#10447,#10448,#10449,#10450,
#10451,#10452,#10453,#10454,#10455,#10456,#10457,#10458,#10459));
#10461=AXIS2_PLACEMENT_3D('placement',#13653,#11129,#11130);
#10462=AXIS2_PLACEMENT_3D('',#13885,#11144,#11145);
#10463=AXIS2_PLACEMENT_3D('',#13967,#11153,#11154);
#10464=AXIS2_PLACEMENT_3D('',#14027,#11160,#11161);
#10465=AXIS2_PLACEMENT_3D('',#14028,#11162,#11163);
#10466=AXIS2_PLACEMENT_3D('',#14075,#11170,#11171);
#10467=AXIS2_PLACEMENT_3D('',#14081,#11175,#11176);
#10468=AXIS2_PLACEMENT_3D('',#14087,#11180,#11181);
#10469=AXIS2_PLACEMENT_3D('',#14093,#11185,#11186);
#10470=AXIS2_PLACEMENT_3D('',#14099,#11190,#11191);
#10471=AXIS2_PLACEMENT_3D('',#14162,#11198,#11199);
#10472=AXIS2_PLACEMENT_3D('',#14168,#11203,#11204);
#10473=AXIS2_PLACEMENT_3D('',#14171,#11207,#11208);
#10474=AXIS2_PLACEMENT_3D('',#14172,#11209,#11210);
#10475=AXIS2_PLACEMENT_3D('',#14181,#11215,#11216);
#10476=AXIS2_PLACEMENT_3D('',#14187,#11220,#11221);
#10477=AXIS2_PLACEMENT_3D('',#14193,#11225,#11226);
#10478=AXIS2_PLACEMENT_3D('',#14196,#11229,#11230);
#10479=AXIS2_PLACEMENT_3D('',#14197,#11231,#11232);
#10480=AXIS2_PLACEMENT_3D('',#14206,#11237,#11238);
#10481=AXIS2_PLACEMENT_3D('',#14212,#11242,#11243);
#10482=AXIS2_PLACEMENT_3D('',#14218,#11247,#11248);
#10483=AXIS2_PLACEMENT_3D('',#14224,#11252,#11253);
#10484=AXIS2_PLACEMENT_3D('',#14230,#11257,#11258);
#10485=AXIS2_PLACEMENT_3D('',#14236,#11262,#11263);
#10486=AXIS2_PLACEMENT_3D('',#14242,#11267,#11268);
#10487=AXIS2_PLACEMENT_3D('',#14245,#11271,#11272);
#10488=AXIS2_PLACEMENT_3D('',#14246,#11273,#11274);
#10489=AXIS2_PLACEMENT_3D('',#14255,#11279,#11280);
#10490=AXIS2_PLACEMENT_3D('',#14261,#11284,#11285);
#10491=AXIS2_PLACEMENT_3D('',#14264,#11288,#11289);
#10492=AXIS2_PLACEMENT_3D('',#14273,#11294,#11295);
#10493=AXIS2_PLACEMENT_3D('',#14279,#11299,#11300);
#10494=AXIS2_PLACEMENT_3D('',#14285,#11304,#11305);
#10495=AXIS2_PLACEMENT_3D('',#14291,#11309,#11310);
#10496=AXIS2_PLACEMENT_3D('',#14297,#11314,#11315);
#10497=AXIS2_PLACEMENT_3D('',#14303,#11319,#11320);
#10498=AXIS2_PLACEMENT_3D('',#14309,#11324,#11325);
#10499=AXIS2_PLACEMENT_3D('',#14312,#11328,#11329);
#10500=AXIS2_PLACEMENT_3D('',#14313,#11330,#11331);
#10501=AXIS2_PLACEMENT_3D('',#14322,#11336,#11337);
#10502=AXIS2_PLACEMENT_3D('',#14328,#11341,#11342);
#10503=AXIS2_PLACEMENT_3D('',#14334,#11346,#11347);
#10504=AXIS2_PLACEMENT_3D('',#14340,#11351,#11352);
#10505=AXIS2_PLACEMENT_3D('',#14346,#11356,#11357);
#10506=AXIS2_PLACEMENT_3D('',#14352,#11361,#11362);
#10507=AXIS2_PLACEMENT_3D('',#14358,#11366,#11367);
#10508=AXIS2_PLACEMENT_3D('',#14364,#11371,#11372);
#10509=AXIS2_PLACEMENT_3D('',#14370,#11376,#11377);
#10510=AXIS2_PLACEMENT_3D('',#14376,#11381,#11382);
#10511=AXIS2_PLACEMENT_3D('',#14382,#11386,#11387);
#10512=AXIS2_PLACEMENT_3D('',#14385,#11390,#11391);
#10513=AXIS2_PLACEMENT_3D('',#14386,#11392,#11393);
#10514=AXIS2_PLACEMENT_3D('',#14395,#11398,#11399);
#10515=AXIS2_PLACEMENT_3D('',#14401,#11403,#11404);
#10516=AXIS2_PLACEMENT_3D('',#14407,#11408,#11409);
#10517=AXIS2_PLACEMENT_3D('',#14413,#11413,#11414);
#10518=AXIS2_PLACEMENT_3D('',#14419,#11418,#11419);
#10519=AXIS2_PLACEMENT_3D('',#14425,#11423,#11424);
#10520=AXIS2_PLACEMENT_3D('',#14431,#11428,#11429);
#10521=AXIS2_PLACEMENT_3D('',#14434,#11432,#11433);
#10522=AXIS2_PLACEMENT_3D('',#14435,#11434,#11435);
#10523=AXIS2_PLACEMENT_3D('',#14444,#11440,#11441);
#10524=AXIS2_PLACEMENT_3D('',#14450,#11445,#11446);
#10525=AXIS2_PLACEMENT_3D('',#14453,#11449,#11450);
#10526=AXIS2_PLACEMENT_3D('',#14462,#11455,#11456);
#10527=AXIS2_PLACEMENT_3D('',#14468,#11460,#11461);
#10528=AXIS2_PLACEMENT_3D('',#14474,#11465,#11466);
#10529=AXIS2_PLACEMENT_3D('',#14480,#11470,#11471);
#10530=AXIS2_PLACEMENT_3D('',#14486,#11475,#11476);
#10531=AXIS2_PLACEMENT_3D('',#14492,#11480,#11481);
#10532=AXIS2_PLACEMENT_3D('',#14498,#11485,#11486);
#10533=AXIS2_PLACEMENT_3D('',#14501,#11489,#11490);
#10534=AXIS2_PLACEMENT_3D('',#14502,#11491,#11492);
#10535=AXIS2_PLACEMENT_3D('',#14511,#11497,#11498);
#10536=AXIS2_PLACEMENT_3D('',#14517,#11502,#11503);
#10537=AXIS2_PLACEMENT_3D('',#14523,#11507,#11508);
#10538=AXIS2_PLACEMENT_3D('',#14529,#11512,#11513);
#10539=AXIS2_PLACEMENT_3D('',#14535,#11517,#11518);
#10540=AXIS2_PLACEMENT_3D('',#14541,#11522,#11523);
#10541=AXIS2_PLACEMENT_3D('',#14547,#11527,#11528);
#10542=AXIS2_PLACEMENT_3D('',#14553,#11532,#11533);
#10543=AXIS2_PLACEMENT_3D('',#14559,#11537,#11538);
#10544=AXIS2_PLACEMENT_3D('',#14565,#11542,#11543);
#10545=AXIS2_PLACEMENT_3D('',#14571,#11547,#11548);
#10546=AXIS2_PLACEMENT_3D('',#14577,#11552,#11553);
#10547=AXIS2_PLACEMENT_3D('',#14580,#11556,#11557);
#10548=AXIS2_PLACEMENT_3D('',#14581,#11558,#11559);
#10549=AXIS2_PLACEMENT_3D('',#14590,#11564,#11565);
#10550=AXIS2_PLACEMENT_3D('',#14596,#11569,#11570);
#10551=AXIS2_PLACEMENT_3D('',#14602,#11574,#11575);
#10552=AXIS2_PLACEMENT_3D('',#14608,#11579,#11580);
#10553=AXIS2_PLACEMENT_3D('',#14614,#11584,#11585);
#10554=AXIS2_PLACEMENT_3D('',#14617,#11588,#11589);
#10555=AXIS2_PLACEMENT_3D('',#14640,#11592,#11593);
#10556=AXIS2_PLACEMENT_3D('',#14646,#11597,#11598);
#10557=AXIS2_PLACEMENT_3D('',#14709,#11605,#11606);
#10558=AXIS2_PLACEMENT_3D('',#14715,#11610,#11611);
#10559=AXIS2_PLACEMENT_3D('',#14721,#11615,#11616);
#10560=AXIS2_PLACEMENT_3D('',#14727,#11620,#11621);
#10561=AXIS2_PLACEMENT_3D('',#14733,#11625,#11626);
#10562=AXIS2_PLACEMENT_3D('',#14739,#11630,#11631);
#10563=AXIS2_PLACEMENT_3D('',#14745,#11635,#11636);
#10564=AXIS2_PLACEMENT_3D('',#14751,#11640,#11641);
#10565=AXIS2_PLACEMENT_3D('',#14757,#11645,#11646);
#10566=AXIS2_PLACEMENT_3D('',#14763,#11650,#11651);
#10567=AXIS2_PLACEMENT_3D('',#14769,#11655,#11656);
#10568=AXIS2_PLACEMENT_3D('',#14791,#11660,#11661);
#10569=AXIS2_PLACEMENT_3D('',#14792,#11662,#11663);
#10570=AXIS2_PLACEMENT_3D('',#14801,#11668,#11669);
#10571=AXIS2_PLACEMENT_3D('',#14807,#11673,#11674);
#10572=AXIS2_PLACEMENT_3D('',#14813,#11678,#11679);
#10573=AXIS2_PLACEMENT_3D('',#14816,#11682,#11683);
#10574=AXIS2_PLACEMENT_3D('',#14817,#11684,#11685);
#10575=AXIS2_PLACEMENT_3D('',#14826,#11690,#11691);
#10576=AXIS2_PLACEMENT_3D('',#14832,#11695,#11696);
#10577=AXIS2_PLACEMENT_3D('',#14838,#11700,#11701);
#10578=AXIS2_PLACEMENT_3D('',#14844,#11705,#11706);
#10579=AXIS2_PLACEMENT_3D('',#14850,#11710,#11711);
#10580=AXIS2_PLACEMENT_3D('',#14856,#11715,#11716);
#10581=AXIS2_PLACEMENT_3D('',#14862,#11720,#11721);
#10582=AXIS2_PLACEMENT_3D('',#14865,#11724,#11725);
#10583=AXIS2_PLACEMENT_3D('',#14866,#11726,#11727);
#10584=AXIS2_PLACEMENT_3D('',#14875,#11732,#11733);
#10585=AXIS2_PLACEMENT_3D('',#14881,#11737,#11738);
#10586=AXIS2_PLACEMENT_3D('',#14884,#11741,#11742);
#10587=AXIS2_PLACEMENT_3D('',#14893,#11747,#11748);
#10588=AXIS2_PLACEMENT_3D('',#14899,#11752,#11753);
#10589=AXIS2_PLACEMENT_3D('',#14905,#11757,#11758);
#10590=AXIS2_PLACEMENT_3D('',#14911,#11762,#11763);
#10591=AXIS2_PLACEMENT_3D('',#14917,#11767,#11768);
#10592=AXIS2_PLACEMENT_3D('',#14923,#11772,#11773);
#10593=AXIS2_PLACEMENT_3D('',#14929,#11777,#11778);
#10594=AXIS2_PLACEMENT_3D('',#14935,#11782,#11783);
#10595=AXIS2_PLACEMENT_3D('',#14941,#11787,#11788);
#10596=AXIS2_PLACEMENT_3D('',#14947,#11792,#11793);
#10597=AXIS2_PLACEMENT_3D('',#14950,#11796,#11797);
#10598=AXIS2_PLACEMENT_3D('',#14951,#11798,#11799);
#10599=AXIS2_PLACEMENT_3D('',#14960,#11804,#11805);
#10600=AXIS2_PLACEMENT_3D('',#14966,#11809,#11810);
#10601=AXIS2_PLACEMENT_3D('',#14969,#11813,#11814);
#10602=AXIS2_PLACEMENT_3D('',#14978,#11819,#11820);
#10603=AXIS2_PLACEMENT_3D('',#14984,#11824,#11825);
#10604=AXIS2_PLACEMENT_3D('',#14990,#11829,#11830);
#10605=AXIS2_PLACEMENT_3D('',#14996,#11834,#11835);
#10606=AXIS2_PLACEMENT_3D('',#15002,#11839,#11840);
#10607=AXIS2_PLACEMENT_3D('',#15008,#11844,#11845);
#10608=AXIS2_PLACEMENT_3D('',#15014,#11849,#11850);
#10609=AXIS2_PLACEMENT_3D('',#15017,#11853,#11854);
#10610=AXIS2_PLACEMENT_3D('',#15040,#11857,#11858);
#10611=AXIS2_PLACEMENT_3D('',#15046,#11862,#11863);
#10612=AXIS2_PLACEMENT_3D('',#15052,#11867,#11868);
#10613=AXIS2_PLACEMENT_3D('',#15153,#11877,#11878);
#10614=AXIS2_PLACEMENT_3D('',#15159,#11882,#11883);
#10615=AXIS2_PLACEMENT_3D('',#15165,#11887,#11888);
#10616=AXIS2_PLACEMENT_3D('',#15171,#11892,#11893);
#10617=AXIS2_PLACEMENT_3D('',#15177,#11897,#11898);
#10618=AXIS2_PLACEMENT_3D('',#15218,#11903,#11904);
#10619=AXIS2_PLACEMENT_3D('',#15260,#11908,#11909);
#10620=AXIS2_PLACEMENT_3D('',#15266,#11913,#11914);
#10621=AXIS2_PLACEMENT_3D('',#15272,#11918,#11919);
#10622=AXIS2_PLACEMENT_3D('',#15354,#11927,#11928);
#10623=AXIS2_PLACEMENT_3D('',#15360,#11932,#11933);
#10624=AXIS2_PLACEMENT_3D('',#15366,#11937,#11938);
#10625=AXIS2_PLACEMENT_3D('',#15407,#11943,#11944);
#10626=AXIS2_PLACEMENT_3D('',#15408,#11945,#11946);
#10627=AXIS2_PLACEMENT_3D('',#15411,#11947,#11948);
#10628=AXIS2_PLACEMENT_3D('',#15421,#11954,#11955);
#10629=AXIS2_PLACEMENT_3D('',#15422,#11956,#11957);
#10630=AXIS2_PLACEMENT_3D('',#15423,#11958,#11959);
#10631=AXIS2_PLACEMENT_3D('',#15424,#11960,#11961);
#10632=AXIS2_PLACEMENT_3D('',#15425,#11962,#11963);
#10633=AXIS2_PLACEMENT_3D('',#15426,#11964,#11965);
#10634=AXIS2_PLACEMENT_3D('',#15427,#11966,#11967);
#10635=AXIS2_PLACEMENT_3D('',#15431,#11969,#11970);
#10636=AXIS2_PLACEMENT_3D('',#15432,#11971,#11972);
#10637=AXIS2_PLACEMENT_3D('',#15433,#11973,#11974);
#10638=AXIS2_PLACEMENT_3D('',#15434,#11975,#11976);
#10639=AXIS2_PLACEMENT_3D('',#15435,#11977,#11978);
#10640=AXIS2_PLACEMENT_3D('',#15441,#11982,#11983);
#10641=AXIS2_PLACEMENT_3D('',#15450,#11988,#11989);
#10642=AXIS2_PLACEMENT_3D('',#15456,#11993,#11994);
#10643=AXIS2_PLACEMENT_3D('',#15462,#11997,#11998);
#10644=AXIS2_PLACEMENT_3D('',#15466,#12000,#12001);
#10645=AXIS2_PLACEMENT_3D('',#15478,#12007,#12008);
#10646=AXIS2_PLACEMENT_3D('',#15482,#12010,#12011);
#10647=AXIS2_PLACEMENT_3D('',#15484,#12013,#12014);
#10648=AXIS2_PLACEMENT_3D('',#15488,#12017,#12018);
#10649=AXIS2_PLACEMENT_3D('',#15491,#12019,#12020);
#10650=AXIS2_PLACEMENT_3D('',#15495,#12022,#12023);
#10651=AXIS2_PLACEMENT_3D('',#15497,#12025,#12026);
#10652=AXIS2_PLACEMENT_3D('',#15503,#12030,#12031);
#10653=AXIS2_PLACEMENT_3D('',#15505,#12032,#12033);
#10654=AXIS2_PLACEMENT_3D('',#15508,#12035,#12036);
#10655=AXIS2_PLACEMENT_3D('',#15509,#12037,#12038);
#10656=AXIS2_PLACEMENT_3D('',#15514,#12042,#12043);
#10657=AXIS2_PLACEMENT_3D('',#15518,#12046,#12047);
#10658=AXIS2_PLACEMENT_3D('',#15522,#12049,#12050);
#10659=AXIS2_PLACEMENT_3D('',#15524,#12052,#12053);
#10660=AXIS2_PLACEMENT_3D('',#15528,#12056,#12057);
#10661=AXIS2_PLACEMENT_3D('',#15531,#12059,#12060);
#10662=AXIS2_PLACEMENT_3D('',#15532,#12061,#12062);
#10663=AXIS2_PLACEMENT_3D('',#15534,#12064,#12065);
#10664=AXIS2_PLACEMENT_3D('',#15538,#12068,#12069);
#10665=AXIS2_PLACEMENT_3D('',#15541,#12071,#12072);
#10666=AXIS2_PLACEMENT_3D('',#15542,#12073,#12074);
#10667=AXIS2_PLACEMENT_3D('',#15546,#12077,#12078);
#10668=AXIS2_PLACEMENT_3D('',#15549,#12080,#12081);
#10669=AXIS2_PLACEMENT_3D('',#15550,#12082,#12083);
#10670=AXIS2_PLACEMENT_3D('',#15553,#12086,#12087);
#10671=AXIS2_PLACEMENT_3D('',#15555,#12089,#12090);
#10672=AXIS2_PLACEMENT_3D('',#15557,#12092,#12093);
#10673=AXIS2_PLACEMENT_3D('',#15558,#12094,#12095);
#10674=AXIS2_PLACEMENT_3D('',#15567,#12100,#12101);
#10675=AXIS2_PLACEMENT_3D('',#15573,#12105,#12106);
#10676=AXIS2_PLACEMENT_3D('',#15579,#12109,#12110);
#10677=AXIS2_PLACEMENT_3D('',#15583,#12112,#12113);
#10678=AXIS2_PLACEMENT_3D('',#15595,#12119,#12120);
#10679=AXIS2_PLACEMENT_3D('',#15599,#12122,#12123);
#10680=AXIS2_PLACEMENT_3D('',#15601,#12125,#12126);
#10681=AXIS2_PLACEMENT_3D('',#15605,#12129,#12130);
#10682=AXIS2_PLACEMENT_3D('',#15608,#12131,#12132);
#10683=AXIS2_PLACEMENT_3D('',#15612,#12134,#12135);
#10684=AXIS2_PLACEMENT_3D('',#15614,#12137,#12138);
#10685=AXIS2_PLACEMENT_3D('',#15620,#12142,#12143);
#10686=AXIS2_PLACEMENT_3D('',#15622,#12144,#12145);
#10687=AXIS2_PLACEMENT_3D('',#15625,#12147,#12148);
#10688=AXIS2_PLACEMENT_3D('',#15626,#12149,#12150);
#10689=AXIS2_PLACEMENT_3D('',#15631,#12154,#12155);
#10690=AXIS2_PLACEMENT_3D('',#15635,#12158,#12159);
#10691=AXIS2_PLACEMENT_3D('',#15639,#12161,#12162);
#10692=AXIS2_PLACEMENT_3D('',#15641,#12164,#12165);
#10693=AXIS2_PLACEMENT_3D('',#15645,#12168,#12169);
#10694=AXIS2_PLACEMENT_3D('',#15648,#12171,#12172);
#10695=AXIS2_PLACEMENT_3D('',#15649,#12173,#12174);
#10696=AXIS2_PLACEMENT_3D('',#15651,#12176,#12177);
#10697=AXIS2_PLACEMENT_3D('',#15655,#12180,#12181);
#10698=AXIS2_PLACEMENT_3D('',#15658,#12183,#12184);
#10699=AXIS2_PLACEMENT_3D('',#15659,#12185,#12186);
#10700=AXIS2_PLACEMENT_3D('',#15663,#12189,#12190);
#10701=AXIS2_PLACEMENT_3D('',#15666,#12192,#12193);
#10702=AXIS2_PLACEMENT_3D('',#15667,#12194,#12195);
#10703=AXIS2_PLACEMENT_3D('',#15670,#12198,#12199);
#10704=AXIS2_PLACEMENT_3D('',#15672,#12201,#12202);
#10705=AXIS2_PLACEMENT_3D('',#15674,#12204,#12205);
#10706=AXIS2_PLACEMENT_3D('',#15675,#12206,#12207);
#10707=AXIS2_PLACEMENT_3D('',#15684,#12212,#12213);
#10708=AXIS2_PLACEMENT_3D('',#15690,#12217,#12218);
#10709=AXIS2_PLACEMENT_3D('',#15696,#12221,#12222);
#10710=AXIS2_PLACEMENT_3D('',#15700,#12224,#12225);
#10711=AXIS2_PLACEMENT_3D('',#15712,#12231,#12232);
#10712=AXIS2_PLACEMENT_3D('',#15716,#12234,#12235);
#10713=AXIS2_PLACEMENT_3D('',#15718,#12237,#12238);
#10714=AXIS2_PLACEMENT_3D('',#15722,#12241,#12242);
#10715=AXIS2_PLACEMENT_3D('',#15725,#12243,#12244);
#10716=AXIS2_PLACEMENT_3D('',#15729,#12246,#12247);
#10717=AXIS2_PLACEMENT_3D('',#15731,#12249,#12250);
#10718=AXIS2_PLACEMENT_3D('',#15737,#12254,#12255);
#10719=AXIS2_PLACEMENT_3D('',#15739,#12256,#12257);
#10720=AXIS2_PLACEMENT_3D('',#15742,#12259,#12260);
#10721=AXIS2_PLACEMENT_3D('',#15743,#12261,#12262);
#10722=AXIS2_PLACEMENT_3D('',#15748,#12266,#12267);
#10723=AXIS2_PLACEMENT_3D('',#15752,#12270,#12271);
#10724=AXIS2_PLACEMENT_3D('',#15756,#12273,#12274);
#10725=AXIS2_PLACEMENT_3D('',#15758,#12276,#12277);
#10726=AXIS2_PLACEMENT_3D('',#15762,#12280,#12281);
#10727=AXIS2_PLACEMENT_3D('',#15765,#12283,#12284);
#10728=AXIS2_PLACEMENT_3D('',#15766,#12285,#12286);
#10729=AXIS2_PLACEMENT_3D('',#15768,#12288,#12289);
#10730=AXIS2_PLACEMENT_3D('',#15772,#12292,#12293);
#10731=AXIS2_PLACEMENT_3D('',#15775,#12295,#12296);
#10732=AXIS2_PLACEMENT_3D('',#15776,#12297,#12298);
#10733=AXIS2_PLACEMENT_3D('',#15780,#12301,#12302);
#10734=AXIS2_PLACEMENT_3D('',#15783,#12304,#12305);
#10735=AXIS2_PLACEMENT_3D('',#15784,#12306,#12307);
#10736=AXIS2_PLACEMENT_3D('',#15787,#12310,#12311);
#10737=AXIS2_PLACEMENT_3D('',#15789,#12313,#12314);
#10738=AXIS2_PLACEMENT_3D('',#15791,#12316,#12317);
#10739=AXIS2_PLACEMENT_3D('',#15792,#12318,#12319);
#10740=AXIS2_PLACEMENT_3D('',#15801,#12324,#12325);
#10741=AXIS2_PLACEMENT_3D('',#15807,#12329,#12330);
#10742=AXIS2_PLACEMENT_3D('',#15813,#12333,#12334);
#10743=AXIS2_PLACEMENT_3D('',#15817,#12336,#12337);
#10744=AXIS2_PLACEMENT_3D('',#15829,#12343,#12344);
#10745=AXIS2_PLACEMENT_3D('',#15833,#12346,#12347);
#10746=AXIS2_PLACEMENT_3D('',#15835,#12349,#12350);
#10747=AXIS2_PLACEMENT_3D('',#15839,#12353,#12354);
#10748=AXIS2_PLACEMENT_3D('',#15842,#12355,#12356);
#10749=AXIS2_PLACEMENT_3D('',#15846,#12358,#12359);
#10750=AXIS2_PLACEMENT_3D('',#15848,#12361,#12362);
#10751=AXIS2_PLACEMENT_3D('',#15854,#12366,#12367);
#10752=AXIS2_PLACEMENT_3D('',#15856,#12368,#12369);
#10753=AXIS2_PLACEMENT_3D('',#15859,#12371,#12372);
#10754=AXIS2_PLACEMENT_3D('',#15860,#12373,#12374);
#10755=AXIS2_PLACEMENT_3D('',#15865,#12378,#12379);
#10756=AXIS2_PLACEMENT_3D('',#15869,#12382,#12383);
#10757=AXIS2_PLACEMENT_3D('',#15873,#12385,#12386);
#10758=AXIS2_PLACEMENT_3D('',#15875,#12388,#12389);
#10759=AXIS2_PLACEMENT_3D('',#15879,#12392,#12393);
#10760=AXIS2_PLACEMENT_3D('',#15882,#12395,#12396);
#10761=AXIS2_PLACEMENT_3D('',#15883,#12397,#12398);
#10762=AXIS2_PLACEMENT_3D('',#15885,#12400,#12401);
#10763=AXIS2_PLACEMENT_3D('',#15889,#12404,#12405);
#10764=AXIS2_PLACEMENT_3D('',#15892,#12407,#12408);
#10765=AXIS2_PLACEMENT_3D('',#15893,#12409,#12410);
#10766=AXIS2_PLACEMENT_3D('',#15897,#12413,#12414);
#10767=AXIS2_PLACEMENT_3D('',#15900,#12416,#12417);
#10768=AXIS2_PLACEMENT_3D('',#15901,#12418,#12419);
#10769=AXIS2_PLACEMENT_3D('',#15904,#12422,#12423);
#10770=AXIS2_PLACEMENT_3D('',#15906,#12425,#12426);
#10771=AXIS2_PLACEMENT_3D('',#15908,#12428,#12429);
#10772=AXIS2_PLACEMENT_3D('',#15909,#12430,#12431);
#10773=AXIS2_PLACEMENT_3D('',#15918,#12436,#12437);
#10774=AXIS2_PLACEMENT_3D('',#15924,#12441,#12442);
#10775=AXIS2_PLACEMENT_3D('',#15930,#12445,#12446);
#10776=AXIS2_PLACEMENT_3D('',#15934,#12448,#12449);
#10777=AXIS2_PLACEMENT_3D('',#15946,#12455,#12456);
#10778=AXIS2_PLACEMENT_3D('',#15950,#12458,#12459);
#10779=AXIS2_PLACEMENT_3D('',#15952,#12461,#12462);
#10780=AXIS2_PLACEMENT_3D('',#15956,#12465,#12466);
#10781=AXIS2_PLACEMENT_3D('',#15959,#12467,#12468);
#10782=AXIS2_PLACEMENT_3D('',#15963,#12470,#12471);
#10783=AXIS2_PLACEMENT_3D('',#15965,#12473,#12474);
#10784=AXIS2_PLACEMENT_3D('',#15971,#12478,#12479);
#10785=AXIS2_PLACEMENT_3D('',#15973,#12480,#12481);
#10786=AXIS2_PLACEMENT_3D('',#15976,#12483,#12484);
#10787=AXIS2_PLACEMENT_3D('',#15977,#12485,#12486);
#10788=AXIS2_PLACEMENT_3D('',#15982,#12490,#12491);
#10789=AXIS2_PLACEMENT_3D('',#15986,#12494,#12495);
#10790=AXIS2_PLACEMENT_3D('',#15990,#12497,#12498);
#10791=AXIS2_PLACEMENT_3D('',#15992,#12500,#12501);
#10792=AXIS2_PLACEMENT_3D('',#15996,#12504,#12505);
#10793=AXIS2_PLACEMENT_3D('',#15999,#12507,#12508);
#10794=AXIS2_PLACEMENT_3D('',#16000,#12509,#12510);
#10795=AXIS2_PLACEMENT_3D('',#16002,#12512,#12513);
#10796=AXIS2_PLACEMENT_3D('',#16006,#12516,#12517);
#10797=AXIS2_PLACEMENT_3D('',#16009,#12519,#12520);
#10798=AXIS2_PLACEMENT_3D('',#16010,#12521,#12522);
#10799=AXIS2_PLACEMENT_3D('',#16014,#12525,#12526);
#10800=AXIS2_PLACEMENT_3D('',#16017,#12528,#12529);
#10801=AXIS2_PLACEMENT_3D('',#16018,#12530,#12531);
#10802=AXIS2_PLACEMENT_3D('',#16021,#12534,#12535);
#10803=AXIS2_PLACEMENT_3D('',#16023,#12537,#12538);
#10804=AXIS2_PLACEMENT_3D('',#16025,#12540,#12541);
#10805=AXIS2_PLACEMENT_3D('',#16026,#12542,#12543);
#10806=AXIS2_PLACEMENT_3D('',#16035,#12548,#12549);
#10807=AXIS2_PLACEMENT_3D('',#16041,#12553,#12554);
#10808=AXIS2_PLACEMENT_3D('',#16047,#12557,#12558);
#10809=AXIS2_PLACEMENT_3D('',#16051,#12560,#12561);
#10810=AXIS2_PLACEMENT_3D('',#16063,#12567,#12568);
#10811=AXIS2_PLACEMENT_3D('',#16067,#12570,#12571);
#10812=AXIS2_PLACEMENT_3D('',#16069,#12573,#12574);
#10813=AXIS2_PLACEMENT_3D('',#16073,#12577,#12578);
#10814=AXIS2_PLACEMENT_3D('',#16076,#12579,#12580);
#10815=AXIS2_PLACEMENT_3D('',#16080,#12582,#12583);
#10816=AXIS2_PLACEMENT_3D('',#16082,#12585,#12586);
#10817=AXIS2_PLACEMENT_3D('',#16088,#12590,#12591);
#10818=AXIS2_PLACEMENT_3D('',#16090,#12592,#12593);
#10819=AXIS2_PLACEMENT_3D('',#16093,#12595,#12596);
#10820=AXIS2_PLACEMENT_3D('',#16094,#12597,#12598);
#10821=AXIS2_PLACEMENT_3D('',#16099,#12602,#12603);
#10822=AXIS2_PLACEMENT_3D('',#16103,#12606,#12607);
#10823=AXIS2_PLACEMENT_3D('',#16107,#12609,#12610);
#10824=AXIS2_PLACEMENT_3D('',#16109,#12612,#12613);
#10825=AXIS2_PLACEMENT_3D('',#16113,#12616,#12617);
#10826=AXIS2_PLACEMENT_3D('',#16116,#12619,#12620);
#10827=AXIS2_PLACEMENT_3D('',#16117,#12621,#12622);
#10828=AXIS2_PLACEMENT_3D('',#16119,#12624,#12625);
#10829=AXIS2_PLACEMENT_3D('',#16123,#12628,#12629);
#10830=AXIS2_PLACEMENT_3D('',#16126,#12631,#12632);
#10831=AXIS2_PLACEMENT_3D('',#16127,#12633,#12634);
#10832=AXIS2_PLACEMENT_3D('',#16131,#12637,#12638);
#10833=AXIS2_PLACEMENT_3D('',#16134,#12640,#12641);
#10834=AXIS2_PLACEMENT_3D('',#16135,#12642,#12643);
#10835=AXIS2_PLACEMENT_3D('',#16138,#12646,#12647);
#10836=AXIS2_PLACEMENT_3D('',#16140,#12649,#12650);
#10837=AXIS2_PLACEMENT_3D('',#16142,#12652,#12653);
#10838=AXIS2_PLACEMENT_3D('',#16143,#12654,#12655);
#10839=AXIS2_PLACEMENT_3D('',#16149,#12659,#12660);
#10840=AXIS2_PLACEMENT_3D('',#16152,#12663,#12664);
#10841=AXIS2_PLACEMENT_3D('',#16155,#12667,#12668);
#10842=AXIS2_PLACEMENT_3D('',#16158,#12671,#12672);
#10843=AXIS2_PLACEMENT_3D('',#16161,#12675,#12676);
#10844=AXIS2_PLACEMENT_3D('',#16167,#12680,#12681);
#10845=AXIS2_PLACEMENT_3D('',#16170,#12684,#12685);
#10846=AXIS2_PLACEMENT_3D('',#16179,#12690,#12691);
#10847=AXIS2_PLACEMENT_3D('',#16185,#12695,#12696);
#10848=AXIS2_PLACEMENT_3D('',#16191,#12699,#12700);
#10849=AXIS2_PLACEMENT_3D('',#16195,#12702,#12703);
#10850=AXIS2_PLACEMENT_3D('',#16207,#12709,#12710);
#10851=AXIS2_PLACEMENT_3D('',#16211,#12712,#12713);
#10852=AXIS2_PLACEMENT_3D('',#16213,#12715,#12716);
#10853=AXIS2_PLACEMENT_3D('',#16217,#12719,#12720);
#10854=AXIS2_PLACEMENT_3D('',#16220,#12721,#12722);
#10855=AXIS2_PLACEMENT_3D('',#16224,#12724,#12725);
#10856=AXIS2_PLACEMENT_3D('',#16226,#12727,#12728);
#10857=AXIS2_PLACEMENT_3D('',#16231,#12732,#12733);
#10858=AXIS2_PLACEMENT_3D('',#16233,#12734,#12735);
#10859=AXIS2_PLACEMENT_3D('',#16236,#12737,#12738);
#10860=AXIS2_PLACEMENT_3D('',#16237,#12739,#12740);
#10861=AXIS2_PLACEMENT_3D('',#16242,#12744,#12745);
#10862=AXIS2_PLACEMENT_3D('',#16245,#12748,#12749);
#10863=AXIS2_PLACEMENT_3D('',#16249,#12751,#12752);
#10864=AXIS2_PLACEMENT_3D('',#16251,#12754,#12755);
#10865=AXIS2_PLACEMENT_3D('',#16255,#12758,#12759);
#10866=AXIS2_PLACEMENT_3D('',#16258,#12761,#12762);
#10867=AXIS2_PLACEMENT_3D('',#16259,#12763,#12764);
#10868=AXIS2_PLACEMENT_3D('',#16261,#12766,#12767);
#10869=AXIS2_PLACEMENT_3D('',#16265,#12770,#12771);
#10870=AXIS2_PLACEMENT_3D('',#16268,#12773,#12774);
#10871=AXIS2_PLACEMENT_3D('',#16269,#12775,#12776);
#10872=AXIS2_PLACEMENT_3D('',#16273,#12779,#12780);
#10873=AXIS2_PLACEMENT_3D('',#16276,#12782,#12783);
#10874=AXIS2_PLACEMENT_3D('',#16277,#12784,#12785);
#10875=AXIS2_PLACEMENT_3D('',#16280,#12788,#12789);
#10876=AXIS2_PLACEMENT_3D('',#16281,#12790,#12791);
#10877=AXIS2_PLACEMENT_3D('',#16283,#12793,#12794);
#10878=AXIS2_PLACEMENT_3D('',#16284,#12795,#12796);
#10879=AXIS2_PLACEMENT_3D('',#16289,#12800,#12801);
#10880=AXIS2_PLACEMENT_3D('',#16298,#12806,#12807);
#10881=AXIS2_PLACEMENT_3D('',#16304,#12811,#12812);
#10882=AXIS2_PLACEMENT_3D('',#16308,#12814,#12815);
#10883=AXIS2_PLACEMENT_3D('',#16312,#12817,#12818);
#10884=AXIS2_PLACEMENT_3D('',#16324,#12824,#12825);
#10885=AXIS2_PLACEMENT_3D('',#16328,#12827,#12828);
#10886=AXIS2_PLACEMENT_3D('',#16332,#12831,#12832);
#10887=AXIS2_PLACEMENT_3D('',#16336,#12835,#12836);
#10888=AXIS2_PLACEMENT_3D('',#16339,#12837,#12838);
#10889=AXIS2_PLACEMENT_3D('',#16343,#12840,#12841);
#10890=AXIS2_PLACEMENT_3D('',#16345,#12843,#12844);
#10891=AXIS2_PLACEMENT_3D('',#16351,#12848,#12849);
#10892=AXIS2_PLACEMENT_3D('',#16353,#12850,#12851);
#10893=AXIS2_PLACEMENT_3D('',#16355,#12852,#12853);
#10894=AXIS2_PLACEMENT_3D('',#16357,#12855,#12856);
#10895=AXIS2_PLACEMENT_3D('',#16362,#12860,#12861);
#10896=AXIS2_PLACEMENT_3D('',#16366,#12864,#12865);
#10897=AXIS2_PLACEMENT_3D('',#16370,#12867,#12868);
#10898=AXIS2_PLACEMENT_3D('',#16372,#12870,#12871);
#10899=AXIS2_PLACEMENT_3D('',#16376,#12874,#12875);
#10900=AXIS2_PLACEMENT_3D('',#16378,#12876,#12877);
#10901=AXIS2_PLACEMENT_3D('',#16380,#12879,#12880);
#10902=AXIS2_PLACEMENT_3D('',#16382,#12882,#12883);
#10903=AXIS2_PLACEMENT_3D('',#16386,#12886,#12887);
#10904=AXIS2_PLACEMENT_3D('',#16388,#12888,#12889);
#10905=AXIS2_PLACEMENT_3D('',#16390,#12891,#12892);
#10906=AXIS2_PLACEMENT_3D('',#16394,#12895,#12896);
#10907=AXIS2_PLACEMENT_3D('',#16396,#12897,#12898);
#10908=AXIS2_PLACEMENT_3D('',#16398,#12900,#12901);
#10909=AXIS2_PLACEMENT_3D('',#16401,#12904,#12905);
#10910=AXIS2_PLACEMENT_3D('',#16403,#12907,#12908);
#10911=AXIS2_PLACEMENT_3D('',#16405,#12910,#12911);
#10912=AXIS2_PLACEMENT_3D('',#16406,#12912,#12913);
#10913=AXIS2_PLACEMENT_3D('',#16415,#12918,#12919);
#10914=AXIS2_PLACEMENT_3D('',#16421,#12923,#12924);
#10915=AXIS2_PLACEMENT_3D('',#16425,#12926,#12927);
#10916=AXIS2_PLACEMENT_3D('',#16429,#12929,#12930);
#10917=AXIS2_PLACEMENT_3D('',#16441,#12936,#12937);
#10918=AXIS2_PLACEMENT_3D('',#16445,#12939,#12940);
#10919=AXIS2_PLACEMENT_3D('',#16449,#12943,#12944);
#10920=AXIS2_PLACEMENT_3D('',#16453,#12947,#12948);
#10921=AXIS2_PLACEMENT_3D('',#16456,#12949,#12950);
#10922=AXIS2_PLACEMENT_3D('',#16460,#12952,#12953);
#10923=AXIS2_PLACEMENT_3D('',#16462,#12955,#12956);
#10924=AXIS2_PLACEMENT_3D('',#16468,#12960,#12961);
#10925=AXIS2_PLACEMENT_3D('',#16470,#12962,#12963);
#10926=AXIS2_PLACEMENT_3D('',#16472,#12964,#12965);
#10927=AXIS2_PLACEMENT_3D('',#16474,#12967,#12968);
#10928=AXIS2_PLACEMENT_3D('',#16479,#12972,#12973);
#10929=AXIS2_PLACEMENT_3D('',#16483,#12976,#12977);
#10930=AXIS2_PLACEMENT_3D('',#16487,#12979,#12980);
#10931=AXIS2_PLACEMENT_3D('',#16489,#12982,#12983);
#10932=AXIS2_PLACEMENT_3D('',#16493,#12986,#12987);
#10933=AXIS2_PLACEMENT_3D('',#16495,#12988,#12989);
#10934=AXIS2_PLACEMENT_3D('',#16497,#12991,#12992);
#10935=AXIS2_PLACEMENT_3D('',#16499,#12994,#12995);
#10936=AXIS2_PLACEMENT_3D('',#16503,#12998,#12999);
#10937=AXIS2_PLACEMENT_3D('',#16505,#13000,#13001);
#10938=AXIS2_PLACEMENT_3D('',#16507,#13003,#13004);
#10939=AXIS2_PLACEMENT_3D('',#16511,#13007,#13008);
#10940=AXIS2_PLACEMENT_3D('',#16513,#13009,#13010);
#10941=AXIS2_PLACEMENT_3D('',#16515,#13012,#13013);
#10942=AXIS2_PLACEMENT_3D('',#16518,#13016,#13017);
#10943=AXIS2_PLACEMENT_3D('',#16520,#13019,#13020);
#10944=AXIS2_PLACEMENT_3D('',#16522,#13022,#13023);
#10945=AXIS2_PLACEMENT_3D('',#16523,#13024,#13025);
#10946=AXIS2_PLACEMENT_3D('',#16532,#13030,#13031);
#10947=AXIS2_PLACEMENT_3D('',#16538,#13035,#13036);
#10948=AXIS2_PLACEMENT_3D('',#16542,#13038,#13039);
#10949=AXIS2_PLACEMENT_3D('',#16546,#13041,#13042);
#10950=AXIS2_PLACEMENT_3D('',#16558,#13048,#13049);
#10951=AXIS2_PLACEMENT_3D('',#16562,#13051,#13052);
#10952=AXIS2_PLACEMENT_3D('',#16566,#13055,#13056);
#10953=AXIS2_PLACEMENT_3D('',#16570,#13059,#13060);
#10954=AXIS2_PLACEMENT_3D('',#16573,#13061,#13062);
#10955=AXIS2_PLACEMENT_3D('',#16577,#13064,#13065);
#10956=AXIS2_PLACEMENT_3D('',#16579,#13067,#13068);
#10957=AXIS2_PLACEMENT_3D('',#16585,#13072,#13073);
#10958=AXIS2_PLACEMENT_3D('',#16587,#13074,#13075);
#10959=AXIS2_PLACEMENT_3D('',#16589,#13076,#13077);
#10960=AXIS2_PLACEMENT_3D('',#16591,#13079,#13080);
#10961=AXIS2_PLACEMENT_3D('',#16596,#13084,#13085);
#10962=AXIS2_PLACEMENT_3D('',#16600,#13088,#13089);
#10963=AXIS2_PLACEMENT_3D('',#16604,#13091,#13092);
#10964=AXIS2_PLACEMENT_3D('',#16606,#13094,#13095);
#10965=AXIS2_PLACEMENT_3D('',#16610,#13098,#13099);
#10966=AXIS2_PLACEMENT_3D('',#16612,#13100,#13101);
#10967=AXIS2_PLACEMENT_3D('',#16614,#13103,#13104);
#10968=AXIS2_PLACEMENT_3D('',#16616,#13106,#13107);
#10969=AXIS2_PLACEMENT_3D('',#16620,#13110,#13111);
#10970=AXIS2_PLACEMENT_3D('',#16622,#13112,#13113);
#10971=AXIS2_PLACEMENT_3D('',#16624,#13115,#13116);
#10972=AXIS2_PLACEMENT_3D('',#16628,#13119,#13120);
#10973=AXIS2_PLACEMENT_3D('',#16630,#13121,#13122);
#10974=AXIS2_PLACEMENT_3D('',#16632,#13124,#13125);
#10975=AXIS2_PLACEMENT_3D('',#16635,#13128,#13129);
#10976=AXIS2_PLACEMENT_3D('',#16637,#13131,#13132);
#10977=AXIS2_PLACEMENT_3D('',#16639,#13134,#13135);
#10978=AXIS2_PLACEMENT_3D('',#16640,#13136,#13137);
#10979=AXIS2_PLACEMENT_3D('',#16649,#13142,#13143);
#10980=AXIS2_PLACEMENT_3D('',#16655,#13147,#13148);
#10981=AXIS2_PLACEMENT_3D('',#16659,#13150,#13151);
#10982=AXIS2_PLACEMENT_3D('',#16663,#13153,#13154);
#10983=AXIS2_PLACEMENT_3D('',#16675,#13160,#13161);
#10984=AXIS2_PLACEMENT_3D('',#16679,#13163,#13164);
#10985=AXIS2_PLACEMENT_3D('',#16683,#13167,#13168);
#10986=AXIS2_PLACEMENT_3D('',#16687,#13171,#13172);
#10987=AXIS2_PLACEMENT_3D('',#16690,#13173,#13174);
#10988=AXIS2_PLACEMENT_3D('',#16694,#13176,#13177);
#10989=AXIS2_PLACEMENT_3D('',#16696,#13179,#13180);
#10990=AXIS2_PLACEMENT_3D('',#16702,#13184,#13185);
#10991=AXIS2_PLACEMENT_3D('',#16704,#13186,#13187);
#10992=AXIS2_PLACEMENT_3D('',#16706,#13188,#13189);
#10993=AXIS2_PLACEMENT_3D('',#16708,#13191,#13192);
#10994=AXIS2_PLACEMENT_3D('',#16713,#13196,#13197);
#10995=AXIS2_PLACEMENT_3D('',#16717,#13200,#13201);
#10996=AXIS2_PLACEMENT_3D('',#16721,#13203,#13204);
#10997=AXIS2_PLACEMENT_3D('',#16723,#13206,#13207);
#10998=AXIS2_PLACEMENT_3D('',#16727,#13210,#13211);
#10999=AXIS2_PLACEMENT_3D('',#16729,#13212,#13213);
#11000=AXIS2_PLACEMENT_3D('',#16731,#13215,#13216);
#11001=AXIS2_PLACEMENT_3D('',#16733,#13218,#13219);
#11002=AXIS2_PLACEMENT_3D('',#16737,#13222,#13223);
#11003=AXIS2_PLACEMENT_3D('',#16739,#13224,#13225);
#11004=AXIS2_PLACEMENT_3D('',#16741,#13227,#13228);
#11005=AXIS2_PLACEMENT_3D('',#16745,#13231,#13232);
#11006=AXIS2_PLACEMENT_3D('',#16747,#13233,#13234);
#11007=AXIS2_PLACEMENT_3D('',#16749,#13236,#13237);
#11008=AXIS2_PLACEMENT_3D('',#16752,#13240,#13241);
#11009=AXIS2_PLACEMENT_3D('',#16754,#13243,#13244);
#11010=AXIS2_PLACEMENT_3D('',#16756,#13246,#13247);
#11011=AXIS2_PLACEMENT_3D('',#16757,#13248,#13249);
#11012=AXIS2_PLACEMENT_3D('',#16766,#13254,#13255);
#11013=AXIS2_PLACEMENT_3D('',#16772,#13259,#13260);
#11014=AXIS2_PLACEMENT_3D('',#16776,#13262,#13263);
#11015=AXIS2_PLACEMENT_3D('',#16780,#13265,#13266);
#11016=AXIS2_PLACEMENT_3D('',#16792,#13272,#13273);
#11017=AXIS2_PLACEMENT_3D('',#16796,#13275,#13276);
#11018=AXIS2_PLACEMENT_3D('',#16800,#13279,#13280);
#11019=AXIS2_PLACEMENT_3D('',#16804,#13283,#13284);
#11020=AXIS2_PLACEMENT_3D('',#16807,#13285,#13286);
#11021=AXIS2_PLACEMENT_3D('',#16811,#13288,#13289);
#11022=AXIS2_PLACEMENT_3D('',#16813,#13291,#13292);
#11023=AXIS2_PLACEMENT_3D('',#16819,#13296,#13297);
#11024=AXIS2_PLACEMENT_3D('',#16821,#13298,#13299);
#11025=AXIS2_PLACEMENT_3D('',#16823,#13300,#13301);
#11026=AXIS2_PLACEMENT_3D('',#16825,#13303,#13304);
#11027=AXIS2_PLACEMENT_3D('',#16830,#13308,#13309);
#11028=AXIS2_PLACEMENT_3D('',#16834,#13312,#13313);
#11029=AXIS2_PLACEMENT_3D('',#16838,#13315,#13316);
#11030=AXIS2_PLACEMENT_3D('',#16840,#13318,#13319);
#11031=AXIS2_PLACEMENT_3D('',#16844,#13322,#13323);
#11032=AXIS2_PLACEMENT_3D('',#16846,#13324,#13325);
#11033=AXIS2_PLACEMENT_3D('',#16848,#13327,#13328);
#11034=AXIS2_PLACEMENT_3D('',#16850,#13330,#13331);
#11035=AXIS2_PLACEMENT_3D('',#16854,#13334,#13335);
#11036=AXIS2_PLACEMENT_3D('',#16856,#13336,#13337);
#11037=AXIS2_PLACEMENT_3D('',#16858,#13339,#13340);
#11038=AXIS2_PLACEMENT_3D('',#16862,#13343,#13344);
#11039=AXIS2_PLACEMENT_3D('',#16864,#13345,#13346);
#11040=AXIS2_PLACEMENT_3D('',#16866,#13348,#13349);
#11041=AXIS2_PLACEMENT_3D('',#16869,#13352,#13353);
#11042=AXIS2_PLACEMENT_3D('',#16871,#13355,#13356);
#11043=AXIS2_PLACEMENT_3D('',#16873,#13358,#13359);
#11044=AXIS2_PLACEMENT_3D('',#16874,#13360,#13361);
#11045=AXIS2_PLACEMENT_3D('',#16883,#13366,#13367);
#11046=AXIS2_PLACEMENT_3D('',#16889,#13371,#13372);
#11047=AXIS2_PLACEMENT_3D('',#16893,#13374,#13375);
#11048=AXIS2_PLACEMENT_3D('',#16897,#13377,#13378);
#11049=AXIS2_PLACEMENT_3D('',#16909,#13384,#13385);
#11050=AXIS2_PLACEMENT_3D('',#16913,#13387,#13388);
#11051=AXIS2_PLACEMENT_3D('',#16917,#13391,#13392);
#11052=AXIS2_PLACEMENT_3D('',#16921,#13395,#13396);
#11053=AXIS2_PLACEMENT_3D('',#16924,#13397,#13398);
#11054=AXIS2_PLACEMENT_3D('',#16928,#13400,#13401);
#11055=AXIS2_PLACEMENT_3D('',#16930,#13403,#13404);
#11056=AXIS2_PLACEMENT_3D('',#16936,#13408,#13409);
#11057=AXIS2_PLACEMENT_3D('',#16938,#13410,#13411);
#11058=AXIS2_PLACEMENT_3D('',#16940,#13412,#13413);
#11059=AXIS2_PLACEMENT_3D('',#16942,#13415,#13416);
#11060=AXIS2_PLACEMENT_3D('',#16947,#13420,#13421);
#11061=AXIS2_PLACEMENT_3D('',#16951,#13424,#13425);
#11062=AXIS2_PLACEMENT_3D('',#16955,#13427,#13428);
#11063=AXIS2_PLACEMENT_3D('',#16957,#13430,#13431);
#11064=AXIS2_PLACEMENT_3D('',#16961,#13434,#13435);
#11065=AXIS2_PLACEMENT_3D('',#16963,#13436,#13437);
#11066=AXIS2_PLACEMENT_3D('',#16965,#13439,#13440);
#11067=AXIS2_PLACEMENT_3D('',#16967,#13442,#13443);
#11068=AXIS2_PLACEMENT_3D('',#16971,#13446,#13447);
#11069=AXIS2_PLACEMENT_3D('',#16973,#13448,#13449);
#11070=AXIS2_PLACEMENT_3D('',#16975,#13451,#13452);
#11071=AXIS2_PLACEMENT_3D('',#16979,#13455,#13456);
#11072=AXIS2_PLACEMENT_3D('',#16981,#13457,#13458);
#11073=AXIS2_PLACEMENT_3D('',#16983,#13460,#13461);
#11074=AXIS2_PLACEMENT_3D('',#16986,#13464,#13465);
#11075=AXIS2_PLACEMENT_3D('',#16988,#13467,#13468);
#11076=AXIS2_PLACEMENT_3D('',#16990,#13470,#13471);
#11077=AXIS2_PLACEMENT_3D('',#16991,#13472,#13473);
#11078=AXIS2_PLACEMENT_3D('',#16997,#13477,#13478);
#11079=AXIS2_PLACEMENT_3D('',#17000,#13481,#13482);
#11080=AXIS2_PLACEMENT_3D('',#17003,#13485,#13486);
#11081=AXIS2_PLACEMENT_3D('',#17006,#13489,#13490);
#11082=AXIS2_PLACEMENT_3D('',#17009,#13493,#13494);
#11083=AXIS2_PLACEMENT_3D('',#17012,#13497,#13498);
#11084=AXIS2_PLACEMENT_3D('',#17018,#13502,#13503);
#11085=AXIS2_PLACEMENT_3D('',#17027,#13508,#13509);
#11086=AXIS2_PLACEMENT_3D('',#17033,#13513,#13514);
#11087=AXIS2_PLACEMENT_3D('',#17037,#13516,#13517);
#11088=AXIS2_PLACEMENT_3D('',#17041,#13519,#13520);
#11089=AXIS2_PLACEMENT_3D('',#17053,#13526,#13527);
#11090=AXIS2_PLACEMENT_3D('',#17057,#13529,#13530);
#11091=AXIS2_PLACEMENT_3D('',#17061,#13533,#13534);
#11092=AXIS2_PLACEMENT_3D('',#17065,#13537,#13538);
#11093=AXIS2_PLACEMENT_3D('',#17068,#13539,#13540);
#11094=AXIS2_PLACEMENT_3D('',#17072,#13542,#13543);
#11095=AXIS2_PLACEMENT_3D('',#17074,#13545,#13546);
#11096=AXIS2_PLACEMENT_3D('',#17079,#13550,#13551);
#11097=AXIS2_PLACEMENT_3D('',#17081,#13552,#13553);
#11098=AXIS2_PLACEMENT_3D('',#17083,#13554,#13555);
#11099=AXIS2_PLACEMENT_3D('',#17085,#13557,#13558);
#11100=AXIS2_PLACEMENT_3D('',#17090,#13562,#13563);
#11101=AXIS2_PLACEMENT_3D('',#17093,#13566,#13567);
#11102=AXIS2_PLACEMENT_3D('',#17097,#13569,#13570);
#11103=AXIS2_PLACEMENT_3D('',#17099,#13572,#13573);
#11104=AXIS2_PLACEMENT_3D('',#17103,#13576,#13577);
#11105=AXIS2_PLACEMENT_3D('',#17105,#13578,#13579);
#11106=AXIS2_PLACEMENT_3D('',#17107,#13581,#13582);
#11107=AXIS2_PLACEMENT_3D('',#17109,#13584,#13585);
#11108=AXIS2_PLACEMENT_3D('',#17113,#13588,#13589);
#11109=AXIS2_PLACEMENT_3D('',#17115,#13590,#13591);
#11110=AXIS2_PLACEMENT_3D('',#17117,#13593,#13594);
#11111=AXIS2_PLACEMENT_3D('',#17121,#13597,#13598);
#11112=AXIS2_PLACEMENT_3D('',#17123,#13599,#13600);
#11113=AXIS2_PLACEMENT_3D('',#17125,#13602,#13603);
#11114=AXIS2_PLACEMENT_3D('',#17128,#13606,#13607);
#11115=AXIS2_PLACEMENT_3D('',#17129,#13608,#13609);
#11116=AXIS2_PLACEMENT_3D('',#17131,#13611,#13612);
#11117=AXIS2_PLACEMENT_3D('',#17132,#13613,#13614);
#11118=AXIS2_PLACEMENT_3D('',#17137,#13618,#13619);
#11119=AXIS2_PLACEMENT_3D('',#17143,#13623,#13624);
#11120=AXIS2_PLACEMENT_3D('',#17148,#13628,#13629);
#11121=AXIS2_PLACEMENT_3D('',#17150,#13631,#13632);
#11122=AXIS2_PLACEMENT_3D('',#17151,#13633,#13634);
#11123=AXIS2_PLACEMENT_3D('',#17154,#13637,#13638);
#11124=AXIS2_PLACEMENT_3D('',#17155,#13639,#13640);
#11125=AXIS2_PLACEMENT_3D('',#17159,#13643,#13644);
#11126=AXIS2_PLACEMENT_3D('',#17162,#13647,#13648);
#11127=AXIS2_PLACEMENT_3D('',#17163,#13649,#13650);
#11128=AXIS2_PLACEMENT_3D('',#17164,#13651,#13652);
#11129=DIRECTION('axis',(0.,0.,1.));
#11130=DIRECTION('refdir',(1.,0.,0.));
#11131=DIRECTION('',(0.,0.,-1.));
#11132=DIRECTION('',(0.,0.,-1.));
#11133=DIRECTION('',(0.,0.,-1.));
#11134=DIRECTION('',(0.,0.,-1.));
#11135=DIRECTION('',(0.,0.,-1.));
#11136=DIRECTION('',(0.,0.,-1.));
#11137=DIRECTION('',(0.,0.,-1.));
#11138=DIRECTION('',(0.,0.,-1.));
#11139=DIRECTION('',(0.,0.,-1.));
#11140=DIRECTION('',(0.,0.,-1.));
#11141=DIRECTION('',(0.,0.,-1.));
#11142=DIRECTION('',(0.,0.,-1.));
#11143=DIRECTION('',(0.,0.,-1.));
#11144=DIRECTION('center_axis',(1.,0.,0.));
#11145=DIRECTION('ref_axis',(0.,-1.,0.));
#11146=DIRECTION('',(0.,-1.,0.));
#11147=DIRECTION('',(0.,0.,-1.));
#11148=DIRECTION('',(0.,-1.,0.));
#11149=DIRECTION('',(0.,0.,-1.));
#11150=DIRECTION('',(0.,0.,-1.));
#11151=DIRECTION('',(0.,0.,-1.));
#11152=DIRECTION('',(0.,0.,-1.));
#11153=DIRECTION('center_axis',(-1.,0.,0.));
#11154=DIRECTION('ref_axis',(0.,1.,0.));
#11155=DIRECTION('',(0.,1.,0.));
#11156=DIRECTION('',(0.,0.,-1.));
#11157=DIRECTION('',(0.,1.,0.));
#11158=DIRECTION('',(0.,0.,-1.));
#11159=DIRECTION('',(0.,0.,-1.));
#11160=DIRECTION('center_axis',(0.,0.,1.));
#11161=DIRECTION('ref_axis',(1.,0.,0.));
#11162=DIRECTION('center_axis',(1.,0.,0.));
#11163=DIRECTION('ref_axis',(0.,-1.,0.));
#11164=DIRECTION('',(0.,-1.,0.));
#11165=DIRECTION('',(0.,0.,-1.));
#11166=DIRECTION('',(0.,-1.,0.));
#11167=DIRECTION('',(0.,0.,-1.));
#11168=DIRECTION('',(0.,0.,-1.));
#11169=DIRECTION('',(0.,0.,-1.));
#11170=DIRECTION('center_axis',(1.,0.,0.));
#11171=DIRECTION('ref_axis',(0.,-1.,0.));
#11172=DIRECTION('',(0.,-1.,0.));
#11173=DIRECTION('',(0.,0.,-1.));
#11174=DIRECTION('',(0.,-1.,0.));
#11175=DIRECTION('center_axis',(0.,1.,0.));
#11176=DIRECTION('ref_axis',(1.,0.,0.));
#11177=DIRECTION('',(1.,0.,0.));
#11178=DIRECTION('',(0.,0.,-1.));
#11179=DIRECTION('',(1.,0.,0.));
#11180=DIRECTION('center_axis',(-1.,0.,0.));
#11181=DIRECTION('ref_axis',(0.,1.,0.));
#11182=DIRECTION('',(0.,1.,0.));
#11183=DIRECTION('',(0.,0.,-1.));
#11184=DIRECTION('',(0.,1.,0.));
#11185=DIRECTION('center_axis',(0.,-1.,0.));
#11186=DIRECTION('ref_axis',(-1.,0.,0.));
#11187=DIRECTION('',(-1.,0.,0.));
#11188=DIRECTION('',(0.,0.,-1.));
#11189=DIRECTION('',(-1.,0.,0.));
#11190=DIRECTION('center_axis',(1.,0.,0.));
#11191=DIRECTION('ref_axis',(0.,-1.,0.));
#11192=DIRECTION('',(0.,-1.,0.));
#11193=DIRECTION('',(0.,0.,-1.));
#11194=DIRECTION('',(0.,-1.,0.));
#11195=DIRECTION('',(0.,0.,-1.));
#11196=DIRECTION('',(0.,0.,-1.));
#11197=DIRECTION('',(0.,0.,-1.));
#11198=DIRECTION('center_axis',(-1.,0.,0.));
#11199=DIRECTION('ref_axis',(0.,1.,0.));
#11200=DIRECTION('',(0.,1.,0.));
#11201=DIRECTION('',(0.,0.,-1.));
#11202=DIRECTION('',(0.,1.,0.));
#11203=DIRECTION('center_axis',(0.,-1.,0.));
#11204=DIRECTION('ref_axis',(-1.,0.,0.));
#11205=DIRECTION('',(-1.,0.,0.));
#11206=DIRECTION('',(-1.,0.,0.));
#11207=DIRECTION('center_axis',(0.,0.,1.));
#11208=DIRECTION('ref_axis',(1.,0.,0.));
#11209=DIRECTION('center_axis',(1.,0.,0.));
#11210=DIRECTION('ref_axis',(0.,-1.,0.));
#11211=DIRECTION('',(0.,-1.,0.));
#11212=DIRECTION('',(0.,0.,-1.));
#11213=DIRECTION('',(0.,-1.,0.));
#11214=DIRECTION('',(0.,0.,-1.));
#11215=DIRECTION('center_axis',(0.,1.,0.));
#11216=DIRECTION('ref_axis',(1.,0.,0.));
#11217=DIRECTION('',(1.,0.,0.));
#11218=DIRECTION('',(0.,0.,-1.));
#11219=DIRECTION('',(1.,0.,0.));
#11220=DIRECTION('center_axis',(-1.,0.,0.));
#11221=DIRECTION('ref_axis',(0.,1.,0.));
#11222=DIRECTION('',(0.,1.,0.));
#11223=DIRECTION('',(0.,0.,-1.));
#11224=DIRECTION('',(0.,1.,0.));
#11225=DIRECTION('center_axis',(0.,-1.,0.));
#11226=DIRECTION('ref_axis',(-1.,0.,0.));
#11227=DIRECTION('',(-1.,0.,0.));
#11228=DIRECTION('',(-1.,0.,0.));
#11229=DIRECTION('center_axis',(0.,0.,-1.));
#11230=DIRECTION('ref_axis',(-1.,0.,0.));
#11231=DIRECTION('center_axis',(0.,-1.,0.));
#11232=DIRECTION('ref_axis',(-1.,0.,0.));
#11233=DIRECTION('',(-1.,0.,0.));
#11234=DIRECTION('',(0.,0.,-1.));
#11235=DIRECTION('',(-1.,0.,0.));
#11236=DIRECTION('',(0.,0.,-1.));
#11237=DIRECTION('center_axis',(1.,0.,0.));
#11238=DIRECTION('ref_axis',(0.,-1.,0.));
#11239=DIRECTION('',(0.,-1.,0.));
#11240=DIRECTION('',(0.,0.,-1.));
#11241=DIRECTION('',(0.,-1.,0.));
#11242=DIRECTION('center_axis',(0.,-1.,0.));
#11243=DIRECTION('ref_axis',(-1.,0.,0.));
#11244=DIRECTION('',(-1.,0.,0.));
#11245=DIRECTION('',(0.,0.,-1.));
#11246=DIRECTION('',(-1.,0.,0.));
#11247=DIRECTION('center_axis',(1.,0.,0.));
#11248=DIRECTION('ref_axis',(0.,-1.,0.));
#11249=DIRECTION('',(0.,-1.,0.));
#11250=DIRECTION('',(0.,0.,-1.));
#11251=DIRECTION('',(0.,-1.,0.));
#11252=DIRECTION('center_axis',(0.,1.,0.));
#11253=DIRECTION('ref_axis',(1.,0.,0.));
#11254=DIRECTION('',(1.,0.,0.));
#11255=DIRECTION('',(0.,0.,-1.));
#11256=DIRECTION('',(1.,0.,0.));
#11257=DIRECTION('center_axis',(-1.,0.,0.));
#11258=DIRECTION('ref_axis',(0.,1.,0.));
#11259=DIRECTION('',(0.,1.,0.));
#11260=DIRECTION('',(0.,0.,-1.));
#11261=DIRECTION('',(0.,1.,0.));
#11262=DIRECTION('center_axis',(0.,-1.,0.));
#11263=DIRECTION('ref_axis',(-1.,0.,0.));
#11264=DIRECTION('',(-1.,0.,0.));
#11265=DIRECTION('',(0.,0.,-1.));
#11266=DIRECTION('',(-1.,0.,0.));
#11267=DIRECTION('center_axis',(-1.,0.,0.));
#11268=DIRECTION('ref_axis',(0.,1.,0.));
#11269=DIRECTION('',(0.,1.,0.));
#11270=DIRECTION('',(0.,1.,0.));
#11271=DIRECTION('center_axis',(0.,0.,-1.));
#11272=DIRECTION('ref_axis',(-1.,0.,0.));
#11273=DIRECTION('center_axis',(-0.95046744572869,0.310824121666868,0.));
#11274=DIRECTION('ref_axis',(0.310824121666868,0.95046744572869,0.));
#11275=DIRECTION('',(-0.310824121666868,-0.95046744572869,0.));
#11276=DIRECTION('',(0.,0.,-1.));
#11277=DIRECTION('',(-0.310824121666868,-0.95046744572869,0.));
#11278=DIRECTION('',(0.,0.,-1.));
#11279=DIRECTION('center_axis',(0.,-1.,0.));
#11280=DIRECTION('ref_axis',(-1.,0.,0.));
#11281=DIRECTION('',(1.,0.,0.));
#11282=DIRECTION('',(1.,0.,0.));
#11283=DIRECTION('',(0.,0.,-1.));
#11284=DIRECTION('center_axis',(0.949983248285707,0.312300861312513,0.));
#11285=DIRECTION('ref_axis',(0.312300861312513,-0.949983248285707,0.));
#11286=DIRECTION('',(-0.312300861312513,0.949983248285707,0.));
#11287=DIRECTION('',(-0.312300861312513,0.949983248285707,0.));
#11288=DIRECTION('center_axis',(0.,-1.,0.));
#11289=DIRECTION('ref_axis',(-1.,0.,0.));
#11290=DIRECTION('',(-1.,0.,0.));
#11291=DIRECTION('',(0.,0.,-1.));
#11292=DIRECTION('',(-1.,0.,0.));
#11293=DIRECTION('',(0.,0.,-1.));
#11294=DIRECTION('center_axis',(0.951135317488762,-0.308774363938381,0.));
#11295=DIRECTION('ref_axis',(-0.308774363938381,-0.951135317488762,0.));
#11296=DIRECTION('',(-0.308774363938381,-0.951135317488762,0.));
#11297=DIRECTION('',(0.,0.,-1.));
#11298=DIRECTION('',(-0.308774363938381,-0.951135317488762,0.));
#11299=DIRECTION('center_axis',(0.,-1.,0.));
#11300=DIRECTION('ref_axis',(-1.,0.,0.));
#11301=DIRECTION('',(-1.,0.,0.));
#11302=DIRECTION('',(0.,0.,-1.));
#11303=DIRECTION('',(-1.,0.,0.));
#11304=DIRECTION('center_axis',(-0.951135317488762,-0.308774363938381,0.));
#11305=DIRECTION('ref_axis',(-0.308774363938381,0.951135317488762,0.));
#11306=DIRECTION('',(-0.308774363938381,0.951135317488762,0.));
#11307=DIRECTION('',(0.,0.,-1.));
#11308=DIRECTION('',(-0.308774363938381,0.951135317488762,0.));
#11309=DIRECTION('center_axis',(0.,-1.,0.));
#11310=DIRECTION('ref_axis',(-1.,0.,0.));
#11311=DIRECTION('',(-1.,0.,0.));
#11312=DIRECTION('',(0.,0.,-1.));
#11313=DIRECTION('',(-1.,0.,0.));
#11314=DIRECTION('center_axis',(0.947602739606771,0.319451166674568,0.));
#11315=DIRECTION('ref_axis',(0.319451166674568,-0.947602739606771,0.));
#11316=DIRECTION('',(0.319451166674568,-0.947602739606771,0.));
#11317=DIRECTION('',(0.,0.,-1.));
#11318=DIRECTION('',(0.319451166674568,-0.947602739606771,0.));
#11319=DIRECTION('center_axis',(0.,1.,0.));
#11320=DIRECTION('ref_axis',(1.,0.,0.));
#11321=DIRECTION('',(1.,0.,0.));
#11322=DIRECTION('',(0.,0.,-1.));
#11323=DIRECTION('',(1.,0.,0.));
#11324=DIRECTION('center_axis',(-0.947602739606771,0.319451166674568,0.));
#11325=DIRECTION('ref_axis',(0.319451166674568,0.947602739606771,0.));
#11326=DIRECTION('',(0.319451166674568,0.947602739606771,0.));
#11327=DIRECTION('',(0.319451166674568,0.947602739606771,0.));
#11328=DIRECTION('center_axis',(0.,0.,-1.));
#11329=DIRECTION('ref_axis',(-1.,0.,0.));
#11330=DIRECTION('center_axis',(0.,-1.,0.));
#11331=DIRECTION('ref_axis',(-1.,0.,0.));
#11332=DIRECTION('',(-1.,0.,0.));
#11333=DIRECTION('',(0.,0.,-1.));
#11334=DIRECTION('',(-1.,0.,0.));
#11335=DIRECTION('',(0.,0.,-1.));
#11336=DIRECTION('center_axis',(1.,0.,0.));
#11337=DIRECTION('ref_axis',(0.,-1.,0.));
#11338=DIRECTION('',(0.,-1.,0.));
#11339=DIRECTION('',(0.,0.,-1.));
#11340=DIRECTION('',(0.,-1.,0.));
#11341=DIRECTION('center_axis',(0.,1.,0.));
#11342=DIRECTION('ref_axis',(1.,0.,0.));
#11343=DIRECTION('',(1.,0.,0.));
#11344=DIRECTION('',(0.,0.,-1.));
#11345=DIRECTION('',(1.,0.,0.));
#11346=DIRECTION('center_axis',(1.,0.,0.));
#11347=DIRECTION('ref_axis',(0.,-1.,0.));
#11348=DIRECTION('',(0.,-1.,0.));
#11349=DIRECTION('',(0.,0.,-1.));
#11350=DIRECTION('',(0.,-1.,0.));
#11351=DIRECTION('center_axis',(0.,-1.,0.));
#11352=DIRECTION('ref_axis',(-1.,0.,0.));
#11353=DIRECTION('',(-1.,0.,0.));
#11354=DIRECTION('',(0.,0.,-1.));
#11355=DIRECTION('',(-1.,0.,0.));
#11356=DIRECTION('center_axis',(1.,0.,0.));
#11357=DIRECTION('ref_axis',(0.,-1.,0.));
#11358=DIRECTION('',(0.,-1.,0.));
#11359=DIRECTION('',(0.,0.,-1.));
#11360=DIRECTION('',(0.,-1.,0.));
#11361=DIRECTION('center_axis',(0.,1.,0.));
#11362=DIRECTION('ref_axis',(1.,0.,0.));
#11363=DIRECTION('',(1.,0.,0.));
#11364=DIRECTION('',(0.,0.,-1.));
#11365=DIRECTION('',(1.,0.,0.));
#11366=DIRECTION('center_axis',(1.,0.,0.));
#11367=DIRECTION('ref_axis',(0.,-1.,0.));
#11368=DIRECTION('',(0.,-1.,0.));
#11369=DIRECTION('',(0.,0.,-1.));
#11370=DIRECTION('',(0.,-1.,0.));
#11371=DIRECTION('center_axis',(0.,-1.,0.));
#11372=DIRECTION('ref_axis',(-1.,0.,0.));
#11373=DIRECTION('',(-1.,0.,0.));
#11374=DIRECTION('',(0.,0.,-1.));
#11375=DIRECTION('',(-1.,0.,0.));
#11376=DIRECTION('center_axis',(1.,0.,0.));
#11377=DIRECTION('ref_axis',(0.,-1.,0.));
#11378=DIRECTION('',(0.,-1.,0.));
#11379=DIRECTION('',(0.,0.,-1.));
#11380=DIRECTION('',(0.,-1.,0.));
#11381=DIRECTION('center_axis',(0.,1.,0.));
#11382=DIRECTION('ref_axis',(1.,0.,0.));
#11383=DIRECTION('',(1.,0.,0.));
#11384=DIRECTION('',(0.,0.,-1.));
#11385=DIRECTION('',(1.,0.,0.));
#11386=DIRECTION('center_axis',(-1.,0.,0.));
#11387=DIRECTION('ref_axis',(0.,1.,0.));
#11388=DIRECTION('',(0.,1.,0.));
#11389=DIRECTION('',(0.,1.,0.));
#11390=DIRECTION('center_axis',(0.,0.,-1.));
#11391=DIRECTION('ref_axis',(-1.,0.,0.));
#11392=DIRECTION('center_axis',(0.,-1.,0.));
#11393=DIRECTION('ref_axis',(-1.,0.,0.));
#11394=DIRECTION('',(-1.,0.,0.));
#11395=DIRECTION('',(0.,0.,-1.));
#11396=DIRECTION('',(-1.,0.,0.));
#11397=DIRECTION('',(0.,0.,-1.));
#11398=DIRECTION('center_axis',(1.,0.,0.));
#11399=DIRECTION('ref_axis',(0.,-1.,0.));
#11400=DIRECTION('',(0.,-1.,0.));
#11401=DIRECTION('',(0.,0.,-1.));
#11402=DIRECTION('',(0.,-1.,0.));
#11403=DIRECTION('center_axis',(0.,-1.,0.));
#11404=DIRECTION('ref_axis',(-1.,0.,0.));
#11405=DIRECTION('',(-1.,0.,0.));
#11406=DIRECTION('',(0.,0.,-1.));
#11407=DIRECTION('',(-1.,0.,0.));
#11408=DIRECTION('center_axis',(1.,0.,0.));
#11409=DIRECTION('ref_axis',(0.,-1.,0.));
#11410=DIRECTION('',(0.,-1.,0.));
#11411=DIRECTION('',(0.,0.,-1.));
#11412=DIRECTION('',(0.,-1.,0.));
#11413=DIRECTION('center_axis',(0.,1.,0.));
#11414=DIRECTION('ref_axis',(1.,0.,0.));
#11415=DIRECTION('',(1.,0.,0.));
#11416=DIRECTION('',(0.,0.,-1.));
#11417=DIRECTION('',(1.,0.,0.));
#11418=DIRECTION('center_axis',(-1.,0.,0.));
#11419=DIRECTION('ref_axis',(0.,1.,0.));
#11420=DIRECTION('',(0.,1.,0.));
#11421=DIRECTION('',(0.,0.,-1.));
#11422=DIRECTION('',(0.,1.,0.));
#11423=DIRECTION('center_axis',(0.,-1.,0.));
#11424=DIRECTION('ref_axis',(-1.,0.,0.));
#11425=DIRECTION('',(-1.,0.,0.));
#11426=DIRECTION('',(0.,0.,-1.));
#11427=DIRECTION('',(-1.,0.,0.));
#11428=DIRECTION('center_axis',(-1.,0.,0.));
#11429=DIRECTION('ref_axis',(0.,1.,0.));
#11430=DIRECTION('',(0.,1.,0.));
#11431=DIRECTION('',(0.,1.,0.));
#11432=DIRECTION('center_axis',(0.,0.,-1.));
#11433=DIRECTION('ref_axis',(-1.,0.,0.));
#11434=DIRECTION('center_axis',(-0.950467445728689,0.31082412166687,0.));
#11435=DIRECTION('ref_axis',(0.310824121666869,0.950467445728689,0.));
#11436=DIRECTION('',(-0.31082412166687,-0.950467445728689,0.));
#11437=DIRECTION('',(0.,0.,-1.));
#11438=DIRECTION('',(-0.31082412166687,-0.950467445728689,0.));
#11439=DIRECTION('',(0.,0.,-1.));
#11440=DIRECTION('center_axis',(0.,-1.,0.));
#11441=DIRECTION('ref_axis',(-1.,0.,0.));
#11442=DIRECTION('',(1.,0.,0.));
#11443=DIRECTION('',(1.,0.,0.));
#11444=DIRECTION('',(0.,0.,-1.));
#11445=DIRECTION('center_axis',(0.949983248285707,0.312300861312513,0.));
#11446=DIRECTION('ref_axis',(0.312300861312513,-0.949983248285707,0.));
#11447=DIRECTION('',(-0.312300861312513,0.949983248285707,0.));
#11448=DIRECTION('',(-0.312300861312513,0.949983248285707,0.));
#11449=DIRECTION('center_axis',(0.,-1.,0.));
#11450=DIRECTION('ref_axis',(-1.,0.,0.));
#11451=DIRECTION('',(-1.,0.,0.));
#11452=DIRECTION('',(0.,0.,-1.));
#11453=DIRECTION('',(-1.,0.,0.));
#11454=DIRECTION('',(0.,0.,-1.));
#11455=DIRECTION('center_axis',(0.951135317488762,-0.308774363938381,0.));
#11456=DIRECTION('ref_axis',(-0.308774363938381,-0.951135317488762,0.));
#11457=DIRECTION('',(-0.308774363938381,-0.951135317488762,0.));
#11458=DIRECTION('',(0.,0.,-1.));
#11459=DIRECTION('',(-0.308774363938381,-0.951135317488762,0.));
#11460=DIRECTION('center_axis',(0.,-1.,0.));
#11461=DIRECTION('ref_axis',(-1.,0.,0.));
#11462=DIRECTION('',(-1.,0.,0.));
#11463=DIRECTION('',(0.,0.,-1.));
#11464=DIRECTION('',(-1.,0.,0.));
#11465=DIRECTION('center_axis',(-0.951135317488762,-0.308774363938381,0.));
#11466=DIRECTION('ref_axis',(-0.308774363938381,0.951135317488762,0.));
#11467=DIRECTION('',(-0.308774363938381,0.951135317488762,0.));
#11468=DIRECTION('',(0.,0.,-1.));
#11469=DIRECTION('',(-0.308774363938381,0.951135317488762,0.));
#11470=DIRECTION('center_axis',(0.,-1.,0.));
#11471=DIRECTION('ref_axis',(-1.,0.,0.));
#11472=DIRECTION('',(-1.,0.,0.));
#11473=DIRECTION('',(0.,0.,-1.));
#11474=DIRECTION('',(-1.,0.,0.));
#11475=DIRECTION('center_axis',(0.947602739606771,0.319451166674567,0.));
#11476=DIRECTION('ref_axis',(0.319451166674567,-0.947602739606771,0.));
#11477=DIRECTION('',(0.319451166674567,-0.947602739606771,0.));
#11478=DIRECTION('',(0.,0.,-1.));
#11479=DIRECTION('',(0.319451166674567,-0.947602739606771,0.));
#11480=DIRECTION('center_axis',(0.,1.,0.));
#11481=DIRECTION('ref_axis',(1.,0.,0.));
#11482=DIRECTION('',(1.,0.,0.));
#11483=DIRECTION('',(0.,0.,-1.));
#11484=DIRECTION('',(1.,0.,0.));
#11485=DIRECTION('center_axis',(-0.947602739606771,0.319451166674568,0.));
#11486=DIRECTION('ref_axis',(0.319451166674568,0.947602739606771,0.));
#11487=DIRECTION('',(0.319451166674568,0.947602739606771,0.));
#11488=DIRECTION('',(0.319451166674568,0.947602739606771,0.));
#11489=DIRECTION('center_axis',(0.,0.,-1.));
#11490=DIRECTION('ref_axis',(-1.,0.,0.));
#11491=DIRECTION('center_axis',(1.,0.,0.));
#11492=DIRECTION('ref_axis',(0.,-1.,0.));
#11493=DIRECTION('',(0.,-1.,0.));
#11494=DIRECTION('',(0.,0.,-1.));
#11495=DIRECTION('',(0.,-1.,0.));
#11496=DIRECTION('',(0.,0.,-1.));
#11497=DIRECTION('center_axis',(0.,1.,0.));
#11498=DIRECTION('ref_axis',(1.,0.,0.));
#11499=DIRECTION('',(1.,0.,0.));
#11500=DIRECTION('',(0.,0.,-1.));
#11501=DIRECTION('',(1.,0.,0.));
#11502=DIRECTION('center_axis',(-0.917409408006231,0.397944692264712,0.));
#11503=DIRECTION('ref_axis',(0.397944692264712,0.917409408006231,0.));
#11504=DIRECTION('',(0.397944692264712,0.917409408006231,0.));
#11505=DIRECTION('',(0.,0.,-1.));
#11506=DIRECTION('',(0.397944692264712,0.917409408006231,0.));
#11507=DIRECTION('center_axis',(0.912492227721691,0.409094040958196,0.));
#11508=DIRECTION('ref_axis',(0.409094040958196,-0.912492227721691,0.));
#11509=DIRECTION('',(0.409094040958196,-0.91249222772169,0.));
#11510=DIRECTION('',(0.,0.,-1.));
#11511=DIRECTION('',(0.409094040958196,-0.912492227721691,0.));
#11512=DIRECTION('center_axis',(0.,1.,0.));
#11513=DIRECTION('ref_axis',(1.,0.,0.));
#11514=DIRECTION('',(1.,0.,0.));
#11515=DIRECTION('',(0.,0.,-1.));
#11516=DIRECTION('',(1.,0.,0.));
#11517=DIRECTION('center_axis',(-1.,0.,0.));
#11518=DIRECTION('ref_axis',(0.,1.,0.));
#11519=DIRECTION('',(0.,1.,0.));
#11520=DIRECTION('',(0.,0.,-1.));
#11521=DIRECTION('',(0.,1.,0.));
#11522=DIRECTION('center_axis',(0.,-1.,0.));
#11523=DIRECTION('ref_axis',(-1.,0.,0.));
#11524=DIRECTION('',(-1.,0.,0.));
#11525=DIRECTION('',(0.,0.,-1.));
#11526=DIRECTION('',(-1.,0.,0.));
#11527=DIRECTION('center_axis',(1.,0.,0.));
#11528=DIRECTION('ref_axis',(0.,-1.,0.));
#11529=DIRECTION('',(0.,-1.,0.));
#11530=DIRECTION('',(0.,0.,-1.));
#11531=DIRECTION('',(0.,-1.,0.));
#11532=DIRECTION('center_axis',(-0.914904056356068,-0.403671360964849,0.));
#11533=DIRECTION('ref_axis',(-0.403671360964849,0.914904056356068,0.));
#11534=DIRECTION('',(-0.403671360964849,0.914904056356068,0.));
#11535=DIRECTION('',(0.,0.,-1.));
#11536=DIRECTION('',(-0.403671360964849,0.914904056356068,0.));
#11537=DIRECTION('center_axis',(0.,-1.,0.));
#11538=DIRECTION('ref_axis',(-1.,0.,0.));
#11539=DIRECTION('',(-1.,0.,0.));
#11540=DIRECTION('',(0.,0.,-1.));
#11541=DIRECTION('',(-1.,0.,0.));
#11542=DIRECTION('center_axis',(0.913498663408963,-0.406841728378542,0.));
#11543=DIRECTION('ref_axis',(-0.406841728378542,-0.913498663408962,0.));
#11544=DIRECTION('',(-0.406841728378542,-0.913498663408962,0.));
#11545=DIRECTION('',(0.,0.,-1.));
#11546=DIRECTION('',(-0.406841728378542,-0.913498663408962,0.));
#11547=DIRECTION('center_axis',(-1.,0.,0.));
#11548=DIRECTION('ref_axis',(0.,1.,0.));
#11549=DIRECTION('',(0.,1.,0.));
#11550=DIRECTION('',(0.,0.,-1.));
#11551=DIRECTION('',(0.,1.,0.));
#11552=DIRECTION('center_axis',(0.,-1.,0.));
#11553=DIRECTION('ref_axis',(-1.,0.,0.));
#11554=DIRECTION('',(-1.,0.,0.));
#11555=DIRECTION('',(-1.,0.,0.));
#11556=DIRECTION('center_axis',(0.,0.,-1.));
#11557=DIRECTION('ref_axis',(-1.,0.,0.));
#11558=DIRECTION('center_axis',(1.,0.,0.));
#11559=DIRECTION('ref_axis',(0.,-1.,0.));
#11560=DIRECTION('',(0.,-1.,0.));
#11561=DIRECTION('',(0.,0.,-1.));
#11562=DIRECTION('',(0.,-1.,0.));
#11563=DIRECTION('',(0.,0.,-1.));
#11564=DIRECTION('center_axis',(0.,1.,0.));
#11565=DIRECTION('ref_axis',(1.,0.,0.));
#11566=DIRECTION('',(1.,0.,0.));
#11567=DIRECTION('',(0.,0.,-1.));
#11568=DIRECTION('',(1.,0.,0.));
#11569=DIRECTION('center_axis',(1.,0.,0.));
#11570=DIRECTION('ref_axis',(0.,-1.,0.));
#11571=DIRECTION('',(0.,-1.,0.));
#11572=DIRECTION('',(0.,0.,-1.));
#11573=DIRECTION('',(0.,-1.,0.));
#11574=DIRECTION('center_axis',(0.,1.,0.));
#11575=DIRECTION('ref_axis',(1.,0.,0.));
#11576=DIRECTION('',(1.,0.,0.));
#11577=DIRECTION('',(0.,0.,-1.));
#11578=DIRECTION('',(1.,0.,0.));
#11579=DIRECTION('center_axis',(-1.,0.,0.));
#11580=DIRECTION('ref_axis',(0.,1.,0.));
#11581=DIRECTION('',(0.,1.,0.));
#11582=DIRECTION('',(0.,0.,-1.));
#11583=DIRECTION('',(0.,1.,0.));
#11584=DIRECTION('center_axis',(0.,-1.,0.));
#11585=DIRECTION('ref_axis',(-1.,0.,0.));
#11586=DIRECTION('',(-1.,0.,0.));
#11587=DIRECTION('',(-1.,0.,0.));
#11588=DIRECTION('center_axis',(0.,0.,-1.));
#11589=DIRECTION('ref_axis',(-1.,0.,0.));
#11590=DIRECTION('',(0.,0.,-1.));
#11591=DIRECTION('',(0.,0.,-1.));
#11592=DIRECTION('center_axis',(1.,0.,0.));
#11593=DIRECTION('ref_axis',(0.,-1.,0.));
#11594=DIRECTION('',(0.,-1.,0.));
#11595=DIRECTION('',(0.,0.,-1.));
#11596=DIRECTION('',(0.,-1.,0.));
#11597=DIRECTION('center_axis',(0.,1.,0.));
#11598=DIRECTION('ref_axis',(1.,0.,0.));
#11599=DIRECTION('',(1.,0.,0.));
#11600=DIRECTION('',(0.,0.,-1.));
#11601=DIRECTION('',(1.,0.,0.));
#11602=DIRECTION('',(0.,0.,-1.));
#11603=DIRECTION('',(0.,0.,-1.));
#11604=DIRECTION('',(0.,0.,-1.));
#11605=DIRECTION('center_axis',(1.,0.,0.));
#11606=DIRECTION('ref_axis',(0.,-1.,0.));
#11607=DIRECTION('',(0.,-1.,0.));
#11608=DIRECTION('',(0.,0.,-1.));
#11609=DIRECTION('',(0.,-1.,0.));
#11610=DIRECTION('center_axis',(0.,-1.,0.));
#11611=DIRECTION('ref_axis',(-1.,0.,0.));
#11612=DIRECTION('',(-1.,0.,0.));
#11613=DIRECTION('',(0.,0.,-1.));
#11614=DIRECTION('',(-1.,0.,0.));
#11615=DIRECTION('center_axis',(1.,0.,0.));
#11616=DIRECTION('ref_axis',(0.,-1.,0.));
#11617=DIRECTION('',(0.,-1.,0.));
#11618=DIRECTION('',(0.,0.,-1.));
#11619=DIRECTION('',(0.,-1.,0.));
#11620=DIRECTION('center_axis',(0.,1.,0.));
#11621=DIRECTION('ref_axis',(1.,0.,0.));
#11622=DIRECTION('',(1.,0.,0.));
#11623=DIRECTION('',(0.,0.,-1.));
#11624=DIRECTION('',(1.,0.,0.));
#11625=DIRECTION('center_axis',(1.,0.,0.));
#11626=DIRECTION('ref_axis',(0.,-1.,0.));
#11627=DIRECTION('',(0.,-1.,0.));
#11628=DIRECTION('',(0.,0.,-1.));
#11629=DIRECTION('',(0.,-1.,0.));
#11630=DIRECTION('center_axis',(0.,1.,0.));
#11631=DIRECTION('ref_axis',(1.,0.,0.));
#11632=DIRECTION('',(1.,0.,0.));
#11633=DIRECTION('',(0.,0.,-1.));
#11634=DIRECTION('',(1.,0.,0.));
#11635=DIRECTION('center_axis',(-1.,0.,0.));
#11636=DIRECTION('ref_axis',(0.,1.,0.));
#11637=DIRECTION('',(0.,1.,0.));
#11638=DIRECTION('',(0.,0.,-1.));
#11639=DIRECTION('',(0.,1.,0.));
#11640=DIRECTION('center_axis',(0.,1.,0.));
#11641=DIRECTION('ref_axis',(1.,0.,0.));
#11642=DIRECTION('',(1.,0.,0.));
#11643=DIRECTION('',(0.,0.,-1.));
#11644=DIRECTION('',(1.,0.,0.));
#11645=DIRECTION('center_axis',(-1.,0.,0.));
#11646=DIRECTION('ref_axis',(0.,1.,0.));
#11647=DIRECTION('',(0.,1.,0.));
#11648=DIRECTION('',(0.,0.,-1.));
#11649=DIRECTION('',(0.,1.,0.));
#11650=DIRECTION('center_axis',(0.,-1.,0.));
#11651=DIRECTION('ref_axis',(-1.,0.,0.));
#11652=DIRECTION('',(-1.,0.,0.));
#11653=DIRECTION('',(0.,0.,-1.));
#11654=DIRECTION('',(-1.,0.,0.));
#11655=DIRECTION('center_axis',(-1.,0.,0.));
#11656=DIRECTION('ref_axis',(0.,1.,0.));
#11657=DIRECTION('',(0.,1.,0.));
#11658=DIRECTION('',(0.,0.,-1.));
#11659=DIRECTION('',(0.,1.,0.));
#11660=DIRECTION('center_axis',(0.,0.,1.));
#11661=DIRECTION('ref_axis',(1.,0.,0.));
#11662=DIRECTION('center_axis',(1.,0.,0.));
#11663=DIRECTION('ref_axis',(0.,-1.,0.));
#11664=DIRECTION('',(0.,-1.,0.));
#11665=DIRECTION('',(0.,0.,-1.));
#11666=DIRECTION('',(0.,-1.,0.));
#11667=DIRECTION('',(0.,0.,-1.));
#11668=DIRECTION('center_axis',(0.,1.,0.));
#11669=DIRECTION('ref_axis',(1.,0.,0.));
#11670=DIRECTION('',(1.,0.,0.));
#11671=DIRECTION('',(0.,0.,-1.));
#11672=DIRECTION('',(1.,0.,0.));
#11673=DIRECTION('center_axis',(-1.,0.,0.));
#11674=DIRECTION('ref_axis',(0.,1.,0.));
#11675=DIRECTION('',(0.,1.,0.));
#11676=DIRECTION('',(0.,0.,-1.));
#11677=DIRECTION('',(0.,1.,0.));
#11678=DIRECTION('center_axis',(0.,-1.,0.));
#11679=DIRECTION('ref_axis',(-1.,0.,0.));
#11680=DIRECTION('',(-1.,0.,0.));
#11681=DIRECTION('',(-1.,0.,0.));
#11682=DIRECTION('center_axis',(0.,0.,-1.));
#11683=DIRECTION('ref_axis',(-1.,0.,0.));
#11684=DIRECTION('center_axis',(0.,1.,0.));
#11685=DIRECTION('ref_axis',(1.,0.,0.));
#11686=DIRECTION('',(1.,0.,0.));
#11687=DIRECTION('',(0.,0.,-1.));
#11688=DIRECTION('',(1.,0.,0.));
#11689=DIRECTION('',(0.,0.,-1.));
#11690=DIRECTION('center_axis',(-0.938669759516728,0.344817462679614,0.));
#11691=DIRECTION('ref_axis',(0.344817462679614,0.938669759516728,0.));
#11692=DIRECTION('',(0.344817462679614,0.938669759516728,0.));
#11693=DIRECTION('',(0.,0.,-1.));
#11694=DIRECTION('',(0.344817462679614,0.938669759516728,0.));
#11695=DIRECTION('center_axis',(0.938226310403914,0.346022239842843,0.));
#11696=DIRECTION('ref_axis',(0.346022239842843,-0.938226310403914,0.));
#11697=DIRECTION('',(0.346022239842843,-0.938226310403914,0.));
#11698=DIRECTION('',(0.,0.,-1.));
#11699=DIRECTION('',(0.346022239842843,-0.938226310403914,0.));
#11700=DIRECTION('center_axis',(0.,1.,0.));
#11701=DIRECTION('ref_axis',(1.,0.,0.));
#11702=DIRECTION('',(1.,0.,0.));
#11703=DIRECTION('',(0.,0.,-1.));
#11704=DIRECTION('',(1.,0.,0.));
#11705=DIRECTION('center_axis',(-0.934353260734934,-0.356348122141814,0.));
#11706=DIRECTION('ref_axis',(-0.356348122141814,0.934353260734934,0.));
#11707=DIRECTION('',(-0.356348122141813,0.934353260734934,0.));
#11708=DIRECTION('',(0.,0.,-1.));
#11709=DIRECTION('',(-0.356348122141813,0.934353260734934,0.));
#11710=DIRECTION('center_axis',(-0.918651913198307,0.395067921219997,0.));
#11711=DIRECTION('ref_axis',(0.395067921219997,0.918651913198307,0.));
#11712=DIRECTION('',(0.395067921219997,0.918651913198307,0.));
#11713=DIRECTION('',(0.,0.,-1.));
#11714=DIRECTION('',(0.395067921219997,0.918651913198307,0.));
#11715=DIRECTION('center_axis',(0.,-1.,0.));
#11716=DIRECTION('ref_axis',(-1.,0.,0.));
#11717=DIRECTION('',(-1.,0.,0.));
#11718=DIRECTION('',(0.,0.,-1.));
#11719=DIRECTION('',(-1.,0.,0.));
#11720=DIRECTION('center_axis',(0.930688981271205,-0.365811454359164,0.));
#11721=DIRECTION('ref_axis',(-0.365811454359164,-0.930688981271205,0.));
#11722=DIRECTION('',(-0.365811454359163,-0.930688981271205,0.));
#11723=DIRECTION('',(-0.365811454359163,-0.930688981271205,0.));
#11724=DIRECTION('center_axis',(0.,0.,-1.));
#11725=DIRECTION('ref_axis',(-1.,0.,0.));
#11726=DIRECTION('center_axis',(-0.757811989834385,0.652472978799314,0.));
#11727=DIRECTION('ref_axis',(0.652472978799314,0.757811989834385,0.));
#11728=DIRECTION('',(-0.652472978799314,-0.757811989834385,0.));
#11729=DIRECTION('',(0.,0.,-1.));
#11730=DIRECTION('',(-0.652472978799314,-0.757811989834385,0.));
#11731=DIRECTION('',(0.,0.,-1.));
#11732=DIRECTION('center_axis',(0.,-1.,0.));
#11733=DIRECTION('ref_axis',(-1.,0.,0.));
#11734=DIRECTION('',(1.,0.,0.));
#11735=DIRECTION('',(1.,0.,0.));
#11736=DIRECTION('',(0.,0.,-1.));
#11737=DIRECTION('center_axis',(1.,0.,0.));
#11738=DIRECTION('ref_axis',(0.,-1.,0.));
#11739=DIRECTION('',(0.,1.,0.));
#11740=DIRECTION('',(0.,1.,0.));
#11741=DIRECTION('center_axis',(1.,0.,0.));
#11742=DIRECTION('ref_axis',(0.,-1.,0.));
#11743=DIRECTION('',(0.,-1.,0.));
#11744=DIRECTION('',(0.,0.,-1.));
#11745=DIRECTION('',(0.,-1.,0.));
#11746=DIRECTION('',(0.,0.,-1.));
#11747=DIRECTION('center_axis',(0.,1.,0.));
#11748=DIRECTION('ref_axis',(1.,0.,0.));
#11749=DIRECTION('',(1.,0.,0.));
#11750=DIRECTION('',(0.,0.,-1.));
#11751=DIRECTION('',(1.,0.,0.));
#11752=DIRECTION('center_axis',(1.,0.,0.));
#11753=DIRECTION('ref_axis',(0.,-1.,0.));
#11754=DIRECTION('',(0.,-1.,0.));
#11755=DIRECTION('',(0.,0.,-1.));
#11756=DIRECTION('',(0.,-1.,0.));
#11757=DIRECTION('center_axis',(0.,1.,0.));
#11758=DIRECTION('ref_axis',(1.,0.,0.));
#11759=DIRECTION('',(1.,0.,0.));
#11760=DIRECTION('',(0.,0.,-1.));
#11761=DIRECTION('',(1.,0.,0.));
#11762=DIRECTION('center_axis',(-0.755218729871842,0.655472859888769,0.));
#11763=DIRECTION('ref_axis',(0.655472859888769,0.755218729871842,0.));
#11764=DIRECTION('',(0.655472859888769,0.755218729871842,0.));
#11765=DIRECTION('',(0.,0.,-1.));
#11766=DIRECTION('',(0.655472859888769,0.755218729871842,0.));
#11767=DIRECTION('center_axis',(-1.,0.,0.));
#11768=DIRECTION('ref_axis',(0.,1.,0.));
#11769=DIRECTION('',(0.,1.,0.));
#11770=DIRECTION('',(0.,0.,-1.));
#11771=DIRECTION('',(0.,1.,0.));
#11772=DIRECTION('center_axis',(0.,-1.,0.));
#11773=DIRECTION('ref_axis',(-1.,0.,0.));
#11774=DIRECTION('',(-1.,0.,0.));
#11775=DIRECTION('',(0.,0.,-1.));
#11776=DIRECTION('',(-1.,0.,0.));
#11777=DIRECTION('center_axis',(-1.,0.,0.));
#11778=DIRECTION('ref_axis',(0.,1.,0.));
#11779=DIRECTION('',(0.,1.,0.));
#11780=DIRECTION('',(0.,0.,-1.));
#11781=DIRECTION('',(0.,1.,0.));
#11782=DIRECTION('center_axis',(0.,-1.,0.));
#11783=DIRECTION('ref_axis',(-1.,0.,0.));
#11784=DIRECTION('',(-1.,0.,0.));
#11785=DIRECTION('',(0.,0.,-1.));
#11786=DIRECTION('',(-1.,0.,0.));
#11787=DIRECTION('center_axis',(1.,0.,0.));
#11788=DIRECTION('ref_axis',(0.,-1.,0.));
#11789=DIRECTION('',(0.,-1.,0.));
#11790=DIRECTION('',(0.,0.,-1.));
#11791=DIRECTION('',(0.,-1.,0.));
#11792=DIRECTION('center_axis',(0.,-1.,0.));
#11793=DIRECTION('ref_axis',(-1.,0.,0.));
#11794=DIRECTION('',(-1.,0.,0.));
#11795=DIRECTION('',(-1.,0.,0.));
#11796=DIRECTION('center_axis',(0.,0.,-1.));
#11797=DIRECTION('ref_axis',(-1.,0.,0.));
#11798=DIRECTION('center_axis',(-0.95046744572869,0.310824121666869,0.));
#11799=DIRECTION('ref_axis',(0.310824121666869,0.95046744572869,0.));
#11800=DIRECTION('',(-0.310824121666869,-0.95046744572869,0.));
#11801=DIRECTION('',(0.,0.,-1.));
#11802=DIRECTION('',(-0.310824121666869,-0.95046744572869,0.));
#11803=DIRECTION('',(0.,0.,-1.));
#11804=DIRECTION('center_axis',(0.,-1.,0.));
#11805=DIRECTION('ref_axis',(-1.,0.,0.));
#11806=DIRECTION('',(1.,0.,0.));
#11807=DIRECTION('',(1.,0.,0.));
#11808=DIRECTION('',(0.,0.,-1.));
#11809=DIRECTION('center_axis',(0.949983248285706,0.312300861312514,0.));
#11810=DIRECTION('ref_axis',(0.312300861312514,-0.949983248285706,0.));
#11811=DIRECTION('',(-0.312300861312514,0.949983248285706,0.));
#11812=DIRECTION('',(-0.312300861312514,0.949983248285706,0.));
#11813=DIRECTION('center_axis',(0.,-1.,0.));
#11814=DIRECTION('ref_axis',(-1.,0.,0.));
#11815=DIRECTION('',(-1.,0.,0.));
#11816=DIRECTION('',(0.,0.,-1.));
#11817=DIRECTION('',(-1.,0.,0.));
#11818=DIRECTION('',(0.,0.,-1.));
#11819=DIRECTION('center_axis',(0.951135317488762,-0.30877436393838,0.));
#11820=DIRECTION('ref_axis',(-0.30877436393838,-0.951135317488762,0.));
#11821=DIRECTION('',(-0.30877436393838,-0.951135317488762,0.));
#11822=DIRECTION('',(0.,0.,-1.));
#11823=DIRECTION('',(-0.30877436393838,-0.951135317488762,0.));
#11824=DIRECTION('center_axis',(0.,-1.,0.));
#11825=DIRECTION('ref_axis',(-1.,0.,0.));
#11826=DIRECTION('',(-1.,0.,0.));
#11827=DIRECTION('',(0.,0.,-1.));
#11828=DIRECTION('',(-1.,0.,0.));
#11829=DIRECTION('center_axis',(-0.951135317488762,-0.308774363938381,0.));
#11830=DIRECTION('ref_axis',(-0.308774363938381,0.951135317488762,0.));
#11831=DIRECTION('',(-0.308774363938381,0.951135317488762,0.));
#11832=DIRECTION('',(0.,0.,-1.));
#11833=DIRECTION('',(-0.308774363938381,0.951135317488762,0.));
#11834=DIRECTION('center_axis',(0.,-1.,0.));
#11835=DIRECTION('ref_axis',(-1.,0.,0.));
#11836=DIRECTION('',(-1.,0.,0.));
#11837=DIRECTION('',(0.,0.,-1.));
#11838=DIRECTION('',(-1.,0.,0.));
#11839=DIRECTION('center_axis',(0.947602739606771,0.319451166674568,0.));
#11840=DIRECTION('ref_axis',(0.319451166674568,-0.947602739606771,0.));
#11841=DIRECTION('',(0.319451166674568,-0.947602739606771,0.));
#11842=DIRECTION('',(0.,0.,-1.));
#11843=DIRECTION('',(0.319451166674568,-0.947602739606771,0.));
#11844=DIRECTION('center_axis',(0.,1.,0.));
#11845=DIRECTION('ref_axis',(1.,0.,0.));
#11846=DIRECTION('',(1.,0.,0.));
#11847=DIRECTION('',(0.,0.,-1.));
#11848=DIRECTION('',(1.,0.,0.));
#11849=DIRECTION('center_axis',(-0.947602739606771,0.319451166674568,0.));
#11850=DIRECTION('ref_axis',(0.319451166674567,0.947602739606771,0.));
#11851=DIRECTION('',(0.319451166674567,0.947602739606771,0.));
#11852=DIRECTION('',(0.319451166674567,0.947602739606771,0.));
#11853=DIRECTION('center_axis',(0.,0.,-1.));
#11854=DIRECTION('ref_axis',(-1.,0.,0.));
#11855=DIRECTION('',(0.,0.,-1.));
#11856=DIRECTION('',(0.,0.,-1.));
#11857=DIRECTION('center_axis',(0.,1.,0.));
#11858=DIRECTION('ref_axis',(1.,0.,0.));
#11859=DIRECTION('',(-1.,0.,0.));
#11860=DIRECTION('',(-1.,0.,0.));
#11861=DIRECTION('',(0.,0.,-1.));
#11862=DIRECTION('center_axis',(-1.,0.,0.));
#11863=DIRECTION('ref_axis',(0.,1.,0.));
#11864=DIRECTION('',(0.,-1.,0.));
#11865=DIRECTION('',(0.,-1.,0.));
#11866=DIRECTION('',(0.,0.,-1.));
#11867=DIRECTION('center_axis',(0.,-1.,0.));
#11868=DIRECTION('ref_axis',(-1.,0.,0.));
#11869=DIRECTION('',(1.,0.,0.));
#11870=DIRECTION('',(1.,0.,0.));
#11871=DIRECTION('',(0.,0.,-1.));
#11872=DIRECTION('',(0.,0.,-1.));
#11873=DIRECTION('',(0.,0.,-1.));
#11874=DIRECTION('',(0.,0.,-1.));
#11875=DIRECTION('',(0.,0.,-1.));
#11876=DIRECTION('',(0.,0.,-1.));
#11877=DIRECTION('center_axis',(0.,1.,0.));
#11878=DIRECTION('ref_axis',(1.,0.,0.));
#11879=DIRECTION('',(1.,0.,0.));
#11880=DIRECTION('',(0.,0.,-1.));
#11881=DIRECTION('',(1.,0.,0.));
#11882=DIRECTION('center_axis',(-1.,0.,0.));
#11883=DIRECTION('ref_axis',(0.,1.,0.));
#11884=DIRECTION('',(0.,1.,0.));
#11885=DIRECTION('',(0.,0.,-1.));
#11886=DIRECTION('',(0.,1.,0.));
#11887=DIRECTION('center_axis',(0.,-1.,0.));
#11888=DIRECTION('ref_axis',(-1.,0.,0.));
#11889=DIRECTION('',(-1.,0.,0.));
#11890=DIRECTION('',(0.,0.,-1.));
#11891=DIRECTION('',(-1.,0.,0.));
#11892=DIRECTION('center_axis',(1.,0.,0.));
#11893=DIRECTION('ref_axis',(0.,-1.,0.));
#11894=DIRECTION('',(0.,-1.,0.));
#11895=DIRECTION('',(0.,0.,-1.));
#11896=DIRECTION('',(0.,-1.,0.));
#11897=DIRECTION('center_axis',(0.,-1.,0.));
#11898=DIRECTION('ref_axis',(-1.,0.,0.));
#11899=DIRECTION('',(-1.,0.,0.));
#11900=DIRECTION('',(0.,0.,-1.));
#11901=DIRECTION('',(-1.,0.,0.));
#11902=DIRECTION('',(0.,0.,-1.));
#11903=DIRECTION('center_axis',(0.,0.,1.));
#11904=DIRECTION('ref_axis',(1.,0.,0.));
#11905=DIRECTION('',(0.,0.,-1.));
#11906=DIRECTION('',(0.,0.,-1.));
#11907=DIRECTION('',(0.,0.,-1.));
#11908=DIRECTION('center_axis',(1.,0.,0.));
#11909=DIRECTION('ref_axis',(0.,-1.,0.));
#11910=DIRECTION('',(0.,-1.,0.));
#11911=DIRECTION('',(0.,0.,-1.));
#11912=DIRECTION('',(0.,-1.,0.));
#11913=DIRECTION('center_axis',(0.,1.,0.));
#11914=DIRECTION('ref_axis',(1.,0.,0.));
#11915=DIRECTION('',(1.,0.,0.));
#11916=DIRECTION('',(0.,0.,-1.));
#11917=DIRECTION('',(1.,0.,0.));
#11918=DIRECTION('center_axis',(-1.,0.,0.));
#11919=DIRECTION('ref_axis',(0.,1.,0.));
#11920=DIRECTION('',(0.,1.,0.));
#11921=DIRECTION('',(0.,0.,-1.));
#11922=DIRECTION('',(0.,1.,0.));
#11923=DIRECTION('',(0.,0.,-1.));
#11924=DIRECTION('',(0.,0.,-1.));
#11925=DIRECTION('',(0.,0.,-1.));
#11926=DIRECTION('',(0.,0.,-1.));
#11927=DIRECTION('center_axis',(1.,0.,0.));
#11928=DIRECTION('ref_axis',(0.,-1.,0.));
#11929=DIRECTION('',(0.,-1.,0.));
#11930=DIRECTION('',(0.,0.,-1.));
#11931=DIRECTION('',(0.,-1.,0.));
#11932=DIRECTION('center_axis',(0.,1.,0.));
#11933=DIRECTION('ref_axis',(1.,0.,0.));
#11934=DIRECTION('',(1.,0.,0.));
#11935=DIRECTION('',(0.,0.,-1.));
#11936=DIRECTION('',(1.,0.,0.));
#11937=DIRECTION('center_axis',(-1.,0.,0.));
#11938=DIRECTION('ref_axis',(0.,1.,0.));
#11939=DIRECTION('',(0.,1.,0.));
#11940=DIRECTION('',(0.,0.,-1.));
#11941=DIRECTION('',(0.,1.,0.));
#11942=DIRECTION('',(0.,0.,-1.));
#11943=DIRECTION('center_axis',(0.,0.,1.));
#11944=DIRECTION('ref_axis',(1.,0.,0.));
#11945=DIRECTION('center_axis',(0.,0.,1.));
#11946=DIRECTION('ref_axis',(1.,0.,0.));
#11947=DIRECTION('center_axis',(0.,0.,-1.));
#11948=DIRECTION('ref_axis',(-1.,0.,0.));
#11949=DIRECTION('',(-1.73472347597681E-16,1.,0.));
#11950=DIRECTION('',(-1.,-1.15648231731787E-16,0.));
#11951=DIRECTION('',(3.46944695195361E-16,-1.,0.));
#11952=DIRECTION('',(1.,1.73472347597681E-16,0.));
#11953=DIRECTION('',(-1.73472347597681E-16,1.,0.));
#11954=DIRECTION('center_axis',(0.,0.,1.));
#11955=DIRECTION('ref_axis',(1.,0.,0.));
#11956=DIRECTION('center_axis',(0.,0.,1.));
#11957=DIRECTION('ref_axis',(1.,0.,0.));
#11958=DIRECTION('center_axis',(0.,0.,1.));
#11959=DIRECTION('ref_axis',(1.,0.,0.));
#11960=DIRECTION('center_axis',(0.,0.,1.));
#11961=DIRECTION('ref_axis',(1.,0.,0.));
#11962=DIRECTION('center_axis',(0.,0.,1.));
#11963=DIRECTION('ref_axis',(1.,0.,0.));
#11964=DIRECTION('center_axis',(0.,0.,1.));
#11965=DIRECTION('ref_axis',(1.,0.,0.));
#11966=DIRECTION('center_axis',(0.,0.,1.));
#11967=DIRECTION('ref_axis',(1.,0.,0.));
#11968=DIRECTION('',(-1.73472347597681E-16,1.,0.));
#11969=DIRECTION('center_axis',(0.,0.,-1.));
#11970=DIRECTION('ref_axis',(-1.,0.,0.));
#11971=DIRECTION('center_axis',(0.,0.,-1.));
#11972=DIRECTION('ref_axis',(-1.,0.,0.));
#11973=DIRECTION('center_axis',(0.973841209741793,1.68934520841274E-16,
-0.227229615606418));
#11974=DIRECTION('ref_axis',(-0.227229615606418,0.,-0.973841209741793));
#11975=DIRECTION('center_axis',(0.973841209741793,1.68934520841274E-16,
-0.227229615606418));
#11976=DIRECTION('ref_axis',(-0.227229615606418,0.,-0.973841209741793));
#11977=DIRECTION('center_axis',(-0.973841209741793,-1.68934520841274E-16,
0.227229615606418));
#11978=DIRECTION('ref_axis',(0.227229615606418,0.,0.973841209741793));
#11979=DIRECTION('',(0.221581128241521,-0.221581128241521,0.949633406749378));
#11980=DIRECTION('',(1.73472347597681E-16,-1.,0.));
#11981=DIRECTION('',(-0.221581128241521,-0.221581128241521,-0.949633406749378));
#11982=DIRECTION('center_axis',(-0.707106781186548,0.,0.707106781186548));
#11983=DIRECTION('ref_axis',(-0.707106781186548,0.,-0.707106781186547));
#11984=DIRECTION('',(0.707106781186547,-8.177564888978E-17,0.707106781186547));
#11985=DIRECTION('',(0.,-1.,0.));
#11986=DIRECTION('',(-0.707106781186547,8.177564888978E-17,-0.707106781186547));
#11987=DIRECTION('',(0.,1.,0.));
#11988=DIRECTION('center_axis',(0.,0.,1.));
#11989=DIRECTION('ref_axis',(-1.,1.33226762955019E-16,0.));
#11990=DIRECTION('',(-1.,1.15648231731787E-16,0.));
#11991=DIRECTION('',(0.,1.,0.));
#11992=DIRECTION('',(1.,-1.15648231731787E-16,0.));
#11993=DIRECTION('center_axis',(-1.15648231731787E-16,-1.,0.));
#11994=DIRECTION('ref_axis',(0.,0.,-1.));
#11995=DIRECTION('',(-0.707106781186548,8.177564888978E-17,0.707106781186548));
#11996=DIRECTION('',(-2.04085114820801E-17,2.36020826518044E-33,-1.));
#11997=DIRECTION('center_axis',(1.15648231731787E-16,1.,0.));
#11998=DIRECTION('ref_axis',(-1.,1.15648231731787E-16,0.));
#11999=DIRECTION('',(1.,-1.15648231731787E-16,0.));
#12000=DIRECTION('center_axis',(-1.15648231731787E-16,-1.,3.08148791101958E-33));
#12001=DIRECTION('ref_axis',(-0.989359135364853,1.14417634552635E-16,-0.145493990494833));
#12002=DIRECTION('',(0.145493990494832,-1.68261227283287E-17,-0.989359135364853));
#12003=DIRECTION('',(0.,0.,-1.));
#12004=DIRECTION('',(1.,-1.15648231731787E-16,0.));
#12005=DIRECTION('',(0.,0.,1.));
#12006=DIRECTION('',(0.145493990494832,-1.68261227283288E-17,0.989359135364853));
#12007=DIRECTION('center_axis',(-1.15648231731787E-16,-1.,0.));
#12008=DIRECTION('ref_axis',(0.,0.,-1.));
#12009=DIRECTION('',(1.,-1.15648231731787E-16,0.));
#12010=DIRECTION('center_axis',(1.15648231731787E-16,1.,0.));
#12011=DIRECTION('ref_axis',(0.,0.,-1.));
#12012=DIRECTION('',(4.08170229641602E-17,-4.72041653036087E-33,1.));
#12013=DIRECTION('center_axis',(0.707106781186548,0.,0.707106781186548));
#12014=DIRECTION('ref_axis',(-0.707106781186548,0.,0.707106781186548));
#12015=DIRECTION('',(0.707106781186548,-8.177564888978E-17,-0.707106781186548));
#12016=DIRECTION('',(0.,-1.,0.));
#12017=DIRECTION('center_axis',(-1.,1.15648231731787E-16,2.31296463463574E-17));
#12018=DIRECTION('ref_axis',(0.,0.707106781186548,0.707106781186548));
#12019=DIRECTION('center_axis',(1.,0.,0.));
#12020=DIRECTION('ref_axis',(0.,0.707106781186548,0.707106781186548));
#12021=DIRECTION('',(-1.,1.15648231731787E-16,2.31296463463574E-17));
#12022=DIRECTION('center_axis',(-1.,0.,0.));
#12023=DIRECTION('ref_axis',(0.,0.707106781186548,0.707106781186548));
#12024=DIRECTION('',(1.,-1.15648231731787E-16,-2.31296463463574E-17));
#12025=DIRECTION('center_axis',(2.31296463463574E-17,0.,1.));
#12026=DIRECTION('ref_axis',(1.,-1.33226762955019E-16,-2.22044604925031E-17));
#12027=DIRECTION('',(0.,1.,0.));
#12028=DIRECTION('',(1.,1.73472347597681E-16,0.));
#12029=DIRECTION('',(0.,1.,0.));
#12030=DIRECTION('center_axis',(1.,-1.15648231731787E-16,0.));
#12031=DIRECTION('ref_axis',(0.,0.707106781186548,0.707106781186548));
#12032=DIRECTION('center_axis',(-1.,0.,0.));
#12033=DIRECTION('ref_axis',(0.,0.707106781186548,0.707106781186548));
#12034=DIRECTION('',(-1.,1.15648231731787E-16,0.));
#12035=DIRECTION('center_axis',(1.,0.,0.));
#12036=DIRECTION('ref_axis',(0.,0.707106781186548,0.707106781186548));
#12037=DIRECTION('center_axis',(1.,0.,0.));
#12038=DIRECTION('ref_axis',(0.,0.,1.));
#12039=DIRECTION('',(0.,-1.,0.));
#12040=DIRECTION('',(0.,0.,-1.));
#12041=DIRECTION('',(0.,-1.,0.));
#12042=DIRECTION('center_axis',(0.,0.,-1.));
#12043=DIRECTION('ref_axis',(1.,-1.33226762955019E-16,0.));
#12044=DIRECTION('',(-1.,-1.73472347597681E-16,0.));
#12045=DIRECTION('',(0.,-1.,0.));
#12046=DIRECTION('center_axis',(0.,1.,0.));
#12047=DIRECTION('ref_axis',(-0.989359135364853,0.,-0.145493990494833));
#12048=DIRECTION('',(0.,-1.,0.));
#12049=DIRECTION('center_axis',(1.15648231731787E-16,1.,-3.08148791101958E-33));
#12050=DIRECTION('ref_axis',(-0.989359135364853,1.14417634552635E-16,-0.145493990494833));
#12051=DIRECTION('',(0.,-1.,0.));
#12052=DIRECTION('center_axis',(0.,0.,1.));
#12053=DIRECTION('ref_axis',(-1.,1.33226762955019E-16,0.));
#12054=DIRECTION('',(0.,-1.,0.));
#12055=DIRECTION('',(-1.,1.15648231731787E-16,0.));
#12056=DIRECTION('center_axis',(0.,1.,0.));
#12057=DIRECTION('ref_axis',(-1.,0.,0.));
#12058=DIRECTION('',(0.,-1.,0.));
#12059=DIRECTION('center_axis',(-1.15648231731787E-16,-1.,0.));
#12060=DIRECTION('ref_axis',(-1.,1.15648231731787E-16,0.));
#12061=DIRECTION('center_axis',(1.,0.,-2.04085114820801E-17));
#12062=DIRECTION('ref_axis',(0.,0.,1.));
#12063=DIRECTION('',(2.04085114820801E-17,-2.36020826518044E-33,1.));
#12064=DIRECTION('center_axis',(-1.,0.,4.08170229641602E-17));
#12065=DIRECTION('ref_axis',(0.,0.,-1.));
#12066=DIRECTION('',(0.,-1.,0.));
#12067=DIRECTION('',(-4.08170229641602E-17,4.72041653036087E-33,-1.));
#12068=DIRECTION('center_axis',(0.,1.,0.));
#12069=DIRECTION('ref_axis',(0.,0.,-1.));
#12070=DIRECTION('',(0.,-1.,0.));
#12071=DIRECTION('center_axis',(-1.15648231731787E-16,-1.,0.));
#12072=DIRECTION('ref_axis',(0.,0.,-1.));
#12073=DIRECTION('center_axis',(0.,0.,1.));
#12074=DIRECTION('ref_axis',(-1.,1.33226762955019E-16,0.));
#12075=DIRECTION('',(0.,-1.,0.));
#12076=DIRECTION('',(-1.,1.15648231731787E-16,0.));
#12077=DIRECTION('center_axis',(0.,1.,0.));
#12078=DIRECTION('ref_axis',(0.,0.,-1.));
#12079=DIRECTION('',(0.,-1.,0.));
#12080=DIRECTION('center_axis',(1.15648231731787E-16,1.,0.));
#12081=DIRECTION('ref_axis',(0.,0.,-1.));
#12082=DIRECTION('center_axis',(-0.989359135364853,0.,0.145493990494832));
#12083=DIRECTION('ref_axis',(-0.145493990494832,0.,-0.989359135364853));
#12084=DIRECTION('',(0.,-1.,0.));
#12085=DIRECTION('',(-0.145493990494832,1.68261227283288E-17,-0.989359135364853));
#12086=DIRECTION('center_axis',(-1.,0.,0.));
#12087=DIRECTION('ref_axis',(0.,0.,-1.));
#12088=DIRECTION('',(0.,0.,1.));
#12089=DIRECTION('center_axis',(0.989359135364853,0.,0.145493990494832));
#12090=DIRECTION('ref_axis',(-0.145493990494832,0.,0.989359135364853));
#12091=DIRECTION('',(-0.145493990494832,1.68261227283287E-17,0.989359135364853));
#12092=DIRECTION('center_axis',(-1.15648231731787E-16,-1.,0.));
#12093=DIRECTION('ref_axis',(0.,0.,-1.));
#12094=DIRECTION('center_axis',(-0.707106781186548,0.,0.707106781186548));
#12095=DIRECTION('ref_axis',(-0.707106781186548,0.,-0.707106781186547));
#12096=DIRECTION('',(0.707106781186547,-8.177564888978E-17,0.707106781186547));
#12097=DIRECTION('',(0.,-1.,0.));
#12098=DIRECTION('',(-0.707106781186547,8.177564888978E-17,-0.707106781186547));
#12099=DIRECTION('',(0.,1.,0.));
#12100=DIRECTION('center_axis',(0.,0.,1.));
#12101=DIRECTION('ref_axis',(-1.,1.33226762955019E-16,0.));
#12102=DIRECTION('',(-1.,1.15648231731787E-16,0.));
#12103=DIRECTION('',(0.,1.,0.));
#12104=DIRECTION('',(1.,-1.15648231731787E-16,0.));
#12105=DIRECTION('center_axis',(-1.15648231731787E-16,-1.,0.));
#12106=DIRECTION('ref_axis',(0.,0.,-1.));
#12107=DIRECTION('',(-0.707106781186548,8.177564888978E-17,0.707106781186548));
#12108=DIRECTION('',(-2.04085114820801E-17,2.36020826518044E-33,-1.));
#12109=DIRECTION('center_axis',(1.15648231731787E-16,1.,0.));
#12110=DIRECTION('ref_axis',(-1.,1.15648231731787E-16,0.));
#12111=DIRECTION('',(1.,-1.15648231731787E-16,0.));
#12112=DIRECTION('center_axis',(-1.15648231731787E-16,-1.,3.08148791101958E-33));
#12113=DIRECTION('ref_axis',(-0.989359135364853,1.14417634552635E-16,-0.145493990494833));
#12114=DIRECTION('',(0.145493990494832,-1.68261227283287E-17,-0.989359135364853));
#12115=DIRECTION('',(0.,0.,-1.));
#12116=DIRECTION('',(1.,-1.15648231731787E-16,0.));
#12117=DIRECTION('',(0.,0.,1.));
#12118=DIRECTION('',(0.145493990494832,-1.68261227283288E-17,0.989359135364853));
#12119=DIRECTION('center_axis',(-1.15648231731787E-16,-1.,0.));
#12120=DIRECTION('ref_axis',(0.,0.,-1.));
#12121=DIRECTION('',(1.,-1.15648231731787E-16,0.));
#12122=DIRECTION('center_axis',(1.15648231731787E-16,1.,0.));
#12123=DIRECTION('ref_axis',(0.,0.,-1.));
#12124=DIRECTION('',(4.08170229641602E-17,-4.72041653036087E-33,1.));
#12125=DIRECTION('center_axis',(0.707106781186548,0.,0.707106781186548));
#12126=DIRECTION('ref_axis',(-0.707106781186548,0.,0.707106781186548));
#12127=DIRECTION('',(0.707106781186548,-8.177564888978E-17,-0.707106781186548));
#12128=DIRECTION('',(0.,-1.,0.));
#12129=DIRECTION('center_axis',(-1.,1.15648231731787E-16,2.31296463463574E-17));
#12130=DIRECTION('ref_axis',(0.,0.707106781186548,0.707106781186548));
#12131=DIRECTION('center_axis',(1.,0.,0.));
#12132=DIRECTION('ref_axis',(0.,0.707106781186548,0.707106781186548));
#12133=DIRECTION('',(-1.,1.15648231731787E-16,2.31296463463574E-17));
#12134=DIRECTION('center_axis',(-1.,0.,0.));
#12135=DIRECTION('ref_axis',(0.,0.707106781186548,0.707106781186548));
#12136=DIRECTION('',(1.,-1.15648231731787E-16,-2.31296463463574E-17));
#12137=DIRECTION('center_axis',(2.31296463463574E-17,0.,1.));
#12138=DIRECTION('ref_axis',(1.,-1.33226762955019E-16,-2.22044604925031E-17));
#12139=DIRECTION('',(0.,1.,0.));
#12140=DIRECTION('',(1.,1.73472347597681E-16,0.));
#12141=DIRECTION('',(0.,1.,0.));
#12142=DIRECTION('center_axis',(1.,-1.15648231731787E-16,0.));
#12143=DIRECTION('ref_axis',(0.,0.707106781186548,0.707106781186548));
#12144=DIRECTION('center_axis',(-1.,0.,0.));
#12145=DIRECTION('ref_axis',(0.,0.707106781186548,0.707106781186548));
#12146=DIRECTION('',(-1.,1.15648231731787E-16,0.));
#12147=DIRECTION('center_axis',(1.,0.,0.));
#12148=DIRECTION('ref_axis',(0.,0.707106781186548,0.707106781186548));
#12149=DIRECTION('center_axis',(1.,0.,0.));
#12150=DIRECTION('ref_axis',(0.,0.,1.));
#12151=DIRECTION('',(0.,-1.,0.));
#12152=DIRECTION('',(0.,0.,-1.));
#12153=DIRECTION('',(0.,-1.,0.));
#12154=DIRECTION('center_axis',(0.,0.,-1.));
#12155=DIRECTION('ref_axis',(1.,-1.33226762955019E-16,0.));
#12156=DIRECTION('',(-1.,-1.73472347597681E-16,0.));
#12157=DIRECTION('',(0.,-1.,0.));
#12158=DIRECTION('center_axis',(0.,1.,0.));
#12159=DIRECTION('ref_axis',(-0.989359135364853,0.,-0.145493990494833));
#12160=DIRECTION('',(0.,-1.,0.));
#12161=DIRECTION('center_axis',(1.15648231731787E-16,1.,-3.08148791101958E-33));
#12162=DIRECTION('ref_axis',(-0.989359135364853,1.14417634552635E-16,-0.145493990494833));
#12163=DIRECTION('',(0.,-1.,0.));
#12164=DIRECTION('center_axis',(0.,0.,1.));
#12165=DIRECTION('ref_axis',(-1.,1.33226762955019E-16,0.));
#12166=DIRECTION('',(0.,-1.,0.));
#12167=DIRECTION('',(-1.,1.15648231731787E-16,0.));
#12168=DIRECTION('center_axis',(0.,1.,0.));
#12169=DIRECTION('ref_axis',(-1.,0.,0.));
#12170=DIRECTION('',(0.,-1.,0.));
#12171=DIRECTION('center_axis',(-1.15648231731787E-16,-1.,0.));
#12172=DIRECTION('ref_axis',(-1.,1.15648231731787E-16,0.));
#12173=DIRECTION('center_axis',(1.,0.,-2.04085114820801E-17));
#12174=DIRECTION('ref_axis',(0.,0.,1.));
#12175=DIRECTION('',(2.04085114820801E-17,-2.36020826518044E-33,1.));
#12176=DIRECTION('center_axis',(-1.,0.,4.08170229641602E-17));
#12177=DIRECTION('ref_axis',(0.,0.,-1.));
#12178=DIRECTION('',(0.,-1.,0.));
#12179=DIRECTION('',(-4.08170229641602E-17,4.72041653036087E-33,-1.));
#12180=DIRECTION('center_axis',(0.,1.,0.));
#12181=DIRECTION('ref_axis',(0.,0.,-1.));
#12182=DIRECTION('',(0.,-1.,0.));
#12183=DIRECTION('center_axis',(-1.15648231731787E-16,-1.,0.));
#12184=DIRECTION('ref_axis',(0.,0.,-1.));
#12185=DIRECTION('center_axis',(0.,0.,1.));
#12186=DIRECTION('ref_axis',(-1.,1.33226762955019E-16,0.));
#12187=DIRECTION('',(0.,-1.,0.));
#12188=DIRECTION('',(-1.,1.15648231731787E-16,0.));
#12189=DIRECTION('center_axis',(0.,1.,0.));
#12190=DIRECTION('ref_axis',(0.,0.,-1.));
#12191=DIRECTION('',(0.,-1.,0.));
#12192=DIRECTION('center_axis',(1.15648231731787E-16,1.,0.));
#12193=DIRECTION('ref_axis',(0.,0.,-1.));
#12194=DIRECTION('center_axis',(-0.989359135364853,0.,0.145493990494832));
#12195=DIRECTION('ref_axis',(-0.145493990494832,0.,-0.989359135364853));
#12196=DIRECTION('',(0.,-1.,0.));
#12197=DIRECTION('',(-0.145493990494832,1.68261227283288E-17,-0.989359135364853));
#12198=DIRECTION('center_axis',(-1.,0.,0.));
#12199=DIRECTION('ref_axis',(0.,0.,-1.));
#12200=DIRECTION('',(0.,0.,1.));
#12201=DIRECTION('center_axis',(0.989359135364853,0.,0.145493990494832));
#12202=DIRECTION('ref_axis',(-0.145493990494832,0.,0.989359135364853));
#12203=DIRECTION('',(-0.145493990494832,1.68261227283287E-17,0.989359135364853));
#12204=DIRECTION('center_axis',(-1.15648231731787E-16,-1.,0.));
#12205=DIRECTION('ref_axis',(0.,0.,-1.));
#12206=DIRECTION('center_axis',(-0.707106781186548,0.,0.707106781186548));
#12207=DIRECTION('ref_axis',(-0.707106781186548,0.,-0.707106781186547));
#12208=DIRECTION('',(0.707106781186547,-8.177564888978E-17,0.707106781186547));
#12209=DIRECTION('',(0.,-1.,0.));
#12210=DIRECTION('',(-0.707106781186547,8.177564888978E-17,-0.707106781186547));
#12211=DIRECTION('',(0.,1.,0.));
#12212=DIRECTION('center_axis',(0.,0.,1.));
#12213=DIRECTION('ref_axis',(-1.,1.33226762955019E-16,0.));
#12214=DIRECTION('',(-1.,1.15648231731787E-16,0.));
#12215=DIRECTION('',(0.,1.,0.));
#12216=DIRECTION('',(1.,-1.15648231731787E-16,0.));
#12217=DIRECTION('center_axis',(-1.15648231731787E-16,-1.,0.));
#12218=DIRECTION('ref_axis',(0.,0.,-1.));
#12219=DIRECTION('',(-0.707106781186548,8.177564888978E-17,0.707106781186548));
#12220=DIRECTION('',(-2.04085114820801E-17,2.36020826518044E-33,-1.));
#12221=DIRECTION('center_axis',(1.15648231731787E-16,1.,0.));
#12222=DIRECTION('ref_axis',(-1.,1.15648231731787E-16,0.));
#12223=DIRECTION('',(1.,-1.15648231731787E-16,0.));
#12224=DIRECTION('center_axis',(-1.15648231731787E-16,-1.,3.08148791101958E-33));
#12225=DIRECTION('ref_axis',(-0.989359135364853,1.14417634552635E-16,-0.145493990494833));
#12226=DIRECTION('',(0.145493990494832,-1.68261227283287E-17,-0.989359135364853));
#12227=DIRECTION('',(0.,0.,-1.));
#12228=DIRECTION('',(1.,-1.15648231731787E-16,0.));
#12229=DIRECTION('',(0.,0.,1.));
#12230=DIRECTION('',(0.145493990494832,-1.68261227283288E-17,0.989359135364853));
#12231=DIRECTION('center_axis',(-1.15648231731787E-16,-1.,0.));
#12232=DIRECTION('ref_axis',(0.,0.,-1.));
#12233=DIRECTION('',(1.,-1.15648231731787E-16,0.));
#12234=DIRECTION('center_axis',(1.15648231731787E-16,1.,0.));
#12235=DIRECTION('ref_axis',(0.,0.,-1.));
#12236=DIRECTION('',(4.08170229641602E-17,-4.72041653036087E-33,1.));
#12237=DIRECTION('center_axis',(0.707106781186548,0.,0.707106781186548));
#12238=DIRECTION('ref_axis',(-0.707106781186548,0.,0.707106781186548));
#12239=DIRECTION('',(0.707106781186548,-8.177564888978E-17,-0.707106781186548));
#12240=DIRECTION('',(0.,-1.,0.));
#12241=DIRECTION('center_axis',(-1.,1.15648231731787E-16,2.31296463463574E-17));
#12242=DIRECTION('ref_axis',(0.,0.707106781186548,0.707106781186548));
#12243=DIRECTION('center_axis',(1.,0.,0.));
#12244=DIRECTION('ref_axis',(0.,0.707106781186548,0.707106781186548));
#12245=DIRECTION('',(-1.,1.15648231731787E-16,2.31296463463574E-17));
#12246=DIRECTION('center_axis',(-1.,0.,0.));
#12247=DIRECTION('ref_axis',(0.,0.707106781186548,0.707106781186548));
#12248=DIRECTION('',(1.,-1.15648231731787E-16,-2.31296463463574E-17));
#12249=DIRECTION('center_axis',(2.31296463463574E-17,0.,1.));
#12250=DIRECTION('ref_axis',(1.,-1.33226762955019E-16,-2.22044604925031E-17));
#12251=DIRECTION('',(0.,1.,0.));
#12252=DIRECTION('',(1.,1.73472347597681E-16,0.));
#12253=DIRECTION('',(0.,1.,0.));
#12254=DIRECTION('center_axis',(1.,-1.15648231731787E-16,0.));
#12255=DIRECTION('ref_axis',(0.,0.707106781186548,0.707106781186548));
#12256=DIRECTION('center_axis',(-1.,0.,0.));
#12257=DIRECTION('ref_axis',(0.,0.707106781186548,0.707106781186548));
#12258=DIRECTION('',(-1.,1.15648231731787E-16,0.));
#12259=DIRECTION('center_axis',(1.,0.,0.));
#12260=DIRECTION('ref_axis',(0.,0.707106781186548,0.707106781186548));
#12261=DIRECTION('center_axis',(1.,0.,0.));
#12262=DIRECTION('ref_axis',(0.,0.,1.));
#12263=DIRECTION('',(0.,-1.,0.));
#12264=DIRECTION('',(0.,0.,-1.));
#12265=DIRECTION('',(0.,-1.,0.));
#12266=DIRECTION('center_axis',(0.,0.,-1.));
#12267=DIRECTION('ref_axis',(1.,-1.33226762955019E-16,0.));
#12268=DIRECTION('',(-1.,-1.73472347597681E-16,0.));
#12269=DIRECTION('',(0.,-1.,0.));
#12270=DIRECTION('center_axis',(0.,1.,0.));
#12271=DIRECTION('ref_axis',(-0.989359135364853,0.,-0.145493990494833));
#12272=DIRECTION('',(0.,-1.,0.));
#12273=DIRECTION('center_axis',(1.15648231731787E-16,1.,-3.08148791101958E-33));
#12274=DIRECTION('ref_axis',(-0.989359135364853,1.14417634552635E-16,-0.145493990494833));
#12275=DIRECTION('',(0.,-1.,0.));
#12276=DIRECTION('center_axis',(0.,0.,1.));
#12277=DIRECTION('ref_axis',(-1.,1.33226762955019E-16,0.));
#12278=DIRECTION('',(0.,-1.,0.));
#12279=DIRECTION('',(-1.,1.15648231731787E-16,0.));
#12280=DIRECTION('center_axis',(0.,1.,0.));
#12281=DIRECTION('ref_axis',(-1.,0.,0.));
#12282=DIRECTION('',(0.,-1.,0.));
#12283=DIRECTION('center_axis',(-1.15648231731787E-16,-1.,0.));
#12284=DIRECTION('ref_axis',(-1.,1.15648231731787E-16,0.));
#12285=DIRECTION('center_axis',(1.,0.,-2.04085114820801E-17));
#12286=DIRECTION('ref_axis',(0.,0.,1.));
#12287=DIRECTION('',(2.04085114820801E-17,-2.36020826518044E-33,1.));
#12288=DIRECTION('center_axis',(-1.,0.,4.08170229641602E-17));
#12289=DIRECTION('ref_axis',(-4.44089209850063E-17,0.,-1.));
#12290=DIRECTION('',(0.,-1.,0.));
#12291=DIRECTION('',(-4.08170229641602E-17,4.72041653036087E-33,-1.));
#12292=DIRECTION('center_axis',(0.,1.,0.));
#12293=DIRECTION('ref_axis',(0.,0.,-1.));
#12294=DIRECTION('',(0.,-1.,0.));
#12295=DIRECTION('center_axis',(-1.15648231731787E-16,-1.,0.));
#12296=DIRECTION('ref_axis',(0.,0.,-1.));
#12297=DIRECTION('center_axis',(0.,0.,1.));
#12298=DIRECTION('ref_axis',(-1.,1.33226762955019E-16,0.));
#12299=DIRECTION('',(0.,-1.,0.));
#12300=DIRECTION('',(-1.,1.15648231731787E-16,0.));
#12301=DIRECTION('center_axis',(0.,1.,0.));
#12302=DIRECTION('ref_axis',(0.,0.,-1.));
#12303=DIRECTION('',(0.,-1.,0.));
#12304=DIRECTION('center_axis',(1.15648231731787E-16,1.,0.));
#12305=DIRECTION('ref_axis',(0.,0.,-1.));
#12306=DIRECTION('center_axis',(-0.989359135364853,0.,0.145493990494832));
#12307=DIRECTION('ref_axis',(-0.145493990494832,0.,-0.989359135364853));
#12308=DIRECTION('',(0.,-1.,0.));
#12309=DIRECTION('',(-0.145493990494832,1.68261227283288E-17,-0.989359135364853));
#12310=DIRECTION('center_axis',(-1.,0.,0.));
#12311=DIRECTION('ref_axis',(0.,0.,-1.));
#12312=DIRECTION('',(0.,0.,1.));
#12313=DIRECTION('center_axis',(0.989359135364853,0.,0.145493990494832));
#12314=DIRECTION('ref_axis',(-0.145493990494832,0.,0.989359135364853));
#12315=DIRECTION('',(-0.145493990494832,1.68261227283287E-17,0.989359135364853));
#12316=DIRECTION('center_axis',(-1.15648231731787E-16,-1.,0.));
#12317=DIRECTION('ref_axis',(0.,0.,-1.));
#12318=DIRECTION('center_axis',(-0.707106781186548,0.,0.707106781186548));
#12319=DIRECTION('ref_axis',(-0.707106781186548,0.,-0.707106781186547));
#12320=DIRECTION('',(0.707106781186547,-8.177564888978E-17,0.707106781186547));
#12321=DIRECTION('',(0.,-1.,0.));
#12322=DIRECTION('',(-0.707106781186547,8.177564888978E-17,-0.707106781186547));
#12323=DIRECTION('',(0.,1.,0.));
#12324=DIRECTION('center_axis',(0.,0.,1.));
#12325=DIRECTION('ref_axis',(-1.,1.33226762955019E-16,0.));
#12326=DIRECTION('',(-1.,1.15648231731787E-16,0.));
#12327=DIRECTION('',(0.,1.,0.));
#12328=DIRECTION('',(1.,-1.15648231731787E-16,0.));
#12329=DIRECTION('center_axis',(-1.15648231731787E-16,-1.,0.));
#12330=DIRECTION('ref_axis',(0.,0.,-1.));
#12331=DIRECTION('',(-0.707106781186548,8.177564888978E-17,0.707106781186548));
#12332=DIRECTION('',(-2.04085114820801E-17,2.36020826518044E-33,-1.));
#12333=DIRECTION('center_axis',(1.15648231731787E-16,1.,0.));
#12334=DIRECTION('ref_axis',(-1.,1.15648231731787E-16,0.));
#12335=DIRECTION('',(1.,-1.15648231731787E-16,0.));
#12336=DIRECTION('center_axis',(-1.15648231731787E-16,-1.,3.08148791101958E-33));
#12337=DIRECTION('ref_axis',(-0.989359135364853,1.14417634552635E-16,-0.145493990494833));
#12338=DIRECTION('',(0.145493990494832,-1.68261227283287E-17,-0.989359135364853));
#12339=DIRECTION('',(0.,0.,-1.));
#12340=DIRECTION('',(1.,-1.15648231731787E-16,0.));
#12341=DIRECTION('',(0.,0.,1.));
#12342=DIRECTION('',(0.145493990494832,-1.68261227283288E-17,0.989359135364853));
#12343=DIRECTION('center_axis',(-1.15648231731787E-16,-1.,0.));
#12344=DIRECTION('ref_axis',(0.,0.,-1.));
#12345=DIRECTION('',(1.,-1.15648231731787E-16,0.));
#12346=DIRECTION('center_axis',(1.15648231731787E-16,1.,0.));
#12347=DIRECTION('ref_axis',(0.,0.,-1.));
#12348=DIRECTION('',(4.08170229641602E-17,-4.72041653036087E-33,1.));
#12349=DIRECTION('center_axis',(0.707106781186548,0.,0.707106781186548));
#12350=DIRECTION('ref_axis',(-0.707106781186548,0.,0.707106781186548));
#12351=DIRECTION('',(0.707106781186548,-8.177564888978E-17,-0.707106781186548));
#12352=DIRECTION('',(0.,-1.,0.));
#12353=DIRECTION('center_axis',(-1.,1.15648231731787E-16,2.31296463463574E-17));
#12354=DIRECTION('ref_axis',(0.,0.707106781186548,0.707106781186548));
#12355=DIRECTION('center_axis',(1.,0.,0.));
#12356=DIRECTION('ref_axis',(0.,0.707106781186548,0.707106781186548));
#12357=DIRECTION('',(-1.,1.15648231731787E-16,2.31296463463574E-17));
#12358=DIRECTION('center_axis',(-1.,0.,0.));
#12359=DIRECTION('ref_axis',(0.,0.707106781186548,0.707106781186548));
#12360=DIRECTION('',(1.,-1.15648231731787E-16,-2.31296463463574E-17));
#12361=DIRECTION('center_axis',(2.31296463463574E-17,0.,1.));
#12362=DIRECTION('ref_axis',(1.,-1.33226762955019E-16,-2.22044604925031E-17));
#12363=DIRECTION('',(0.,1.,0.));
#12364=DIRECTION('',(1.,1.73472347597681E-16,0.));
#12365=DIRECTION('',(0.,1.,0.));
#12366=DIRECTION('center_axis',(1.,-1.15648231731787E-16,0.));
#12367=DIRECTION('ref_axis',(0.,0.707106781186548,0.707106781186548));
#12368=DIRECTION('center_axis',(-1.,0.,0.));
#12369=DIRECTION('ref_axis',(0.,0.707106781186548,0.707106781186548));
#12370=DIRECTION('',(-1.,1.15648231731787E-16,0.));
#12371=DIRECTION('center_axis',(1.,0.,0.));
#12372=DIRECTION('ref_axis',(0.,0.707106781186548,0.707106781186548));
#12373=DIRECTION('center_axis',(1.,0.,0.));
#12374=DIRECTION('ref_axis',(0.,0.,1.));
#12375=DIRECTION('',(0.,-1.,0.));
#12376=DIRECTION('',(0.,0.,-1.));
#12377=DIRECTION('',(0.,-1.,0.));
#12378=DIRECTION('center_axis',(0.,0.,-1.));
#12379=DIRECTION('ref_axis',(1.,-1.33226762955019E-16,0.));
#12380=DIRECTION('',(-1.,-1.73472347597681E-16,0.));
#12381=DIRECTION('',(0.,-1.,0.));
#12382=DIRECTION('center_axis',(0.,1.,0.));
#12383=DIRECTION('ref_axis',(-0.989359135364853,0.,-0.145493990494833));
#12384=DIRECTION('',(0.,-1.,0.));
#12385=DIRECTION('center_axis',(1.15648231731787E-16,1.,-3.08148791101958E-33));
#12386=DIRECTION('ref_axis',(-0.989359135364853,1.14417634552635E-16,-0.145493990494833));
#12387=DIRECTION('',(0.,-1.,0.));
#12388=DIRECTION('center_axis',(0.,0.,1.));
#12389=DIRECTION('ref_axis',(-1.,1.33226762955019E-16,0.));
#12390=DIRECTION('',(0.,-1.,0.));
#12391=DIRECTION('',(-1.,1.15648231731787E-16,0.));
#12392=DIRECTION('center_axis',(0.,1.,0.));
#12393=DIRECTION('ref_axis',(-1.,0.,0.));
#12394=DIRECTION('',(0.,-1.,0.));
#12395=DIRECTION('center_axis',(-1.15648231731787E-16,-1.,0.));
#12396=DIRECTION('ref_axis',(-1.,1.15648231731787E-16,0.));
#12397=DIRECTION('center_axis',(1.,0.,-2.04085114820801E-17));
#12398=DIRECTION('ref_axis',(1.94289029309402E-17,0.,1.));
#12399=DIRECTION('',(2.04085114820801E-17,-2.36020826518044E-33,1.));
#12400=DIRECTION('center_axis',(-1.,0.,4.08170229641602E-17));
#12401=DIRECTION('ref_axis',(-3.88578058618805E-17,0.,-1.));
#12402=DIRECTION('',(0.,-1.,0.));
#12403=DIRECTION('',(-4.08170229641602E-17,4.72041653036087E-33,-1.));
#12404=DIRECTION('center_axis',(0.,1.,0.));
#12405=DIRECTION('ref_axis',(0.,0.,-1.));
#12406=DIRECTION('',(0.,-1.,0.));
#12407=DIRECTION('center_axis',(-1.15648231731787E-16,-1.,0.));
#12408=DIRECTION('ref_axis',(0.,0.,-1.));
#12409=DIRECTION('center_axis',(0.,0.,1.));
#12410=DIRECTION('ref_axis',(-1.,1.33226762955019E-16,0.));
#12411=DIRECTION('',(0.,-1.,0.));
#12412=DIRECTION('',(-1.,1.15648231731787E-16,0.));
#12413=DIRECTION('center_axis',(0.,1.,0.));
#12414=DIRECTION('ref_axis',(0.,0.,-1.));
#12415=DIRECTION('',(0.,-1.,0.));
#12416=DIRECTION('center_axis',(1.15648231731787E-16,1.,0.));
#12417=DIRECTION('ref_axis',(0.,0.,-1.));
#12418=DIRECTION('center_axis',(-0.989359135364853,0.,0.145493990494832));
#12419=DIRECTION('ref_axis',(-0.145493990494832,0.,-0.989359135364853));
#12420=DIRECTION('',(0.,-1.,0.));
#12421=DIRECTION('',(-0.145493990494832,1.68261227283288E-17,-0.989359135364853));
#12422=DIRECTION('center_axis',(-1.,0.,0.));
#12423=DIRECTION('ref_axis',(0.,0.,-1.));
#12424=DIRECTION('',(0.,0.,1.));
#12425=DIRECTION('center_axis',(0.989359135364853,0.,0.145493990494832));
#12426=DIRECTION('ref_axis',(-0.145493990494832,0.,0.989359135364853));
#12427=DIRECTION('',(-0.145493990494832,1.68261227283287E-17,0.989359135364853));
#12428=DIRECTION('center_axis',(-1.15648231731787E-16,-1.,0.));
#12429=DIRECTION('ref_axis',(0.,0.,-1.));
#12430=DIRECTION('center_axis',(-0.707106781186548,0.,0.707106781186548));
#12431=DIRECTION('ref_axis',(-0.707106781186548,0.,-0.707106781186548));
#12432=DIRECTION('',(0.707106781186547,-8.177564888978E-17,0.707106781186547));
#12433=DIRECTION('',(0.,-1.,0.));
#12434=DIRECTION('',(-0.707106781186547,8.177564888978E-17,-0.707106781186547));
#12435=DIRECTION('',(0.,1.,0.));
#12436=DIRECTION('center_axis',(0.,0.,1.));
#12437=DIRECTION('ref_axis',(-1.,1.33226762955019E-16,0.));
#12438=DIRECTION('',(-1.,1.15648231731787E-16,0.));
#12439=DIRECTION('',(0.,1.,0.));
#12440=DIRECTION('',(1.,-1.15648231731787E-16,0.));
#12441=DIRECTION('center_axis',(-1.15648231731787E-16,-1.,0.));
#12442=DIRECTION('ref_axis',(0.,0.,-1.));
#12443=DIRECTION('',(-0.707106781186548,8.177564888978E-17,0.707106781186548));
#12444=DIRECTION('',(-2.04085114820801E-17,2.36020826518044E-33,-1.));
#12445=DIRECTION('center_axis',(1.15648231731787E-16,1.,0.));
#12446=DIRECTION('ref_axis',(-1.,1.15648231731787E-16,0.));
#12447=DIRECTION('',(1.,-1.15648231731787E-16,0.));
#12448=DIRECTION('center_axis',(-1.15648231731787E-16,-1.,3.08148791101958E-33));
#12449=DIRECTION('ref_axis',(-0.989359135364853,1.14417634552635E-16,-0.145493990494833));
#12450=DIRECTION('',(0.145493990494832,-1.68261227283287E-17,-0.989359135364853));
#12451=DIRECTION('',(0.,0.,-1.));
#12452=DIRECTION('',(1.,-1.15648231731787E-16,0.));
#12453=DIRECTION('',(0.,0.,1.));
#12454=DIRECTION('',(0.145493990494832,-1.68261227283288E-17,0.989359135364853));
#12455=DIRECTION('center_axis',(-1.15648231731787E-16,-1.,0.));
#12456=DIRECTION('ref_axis',(0.,0.,-1.));
#12457=DIRECTION('',(1.,-1.15648231731787E-16,0.));
#12458=DIRECTION('center_axis',(1.15648231731787E-16,1.,0.));
#12459=DIRECTION('ref_axis',(0.,0.,-1.));
#12460=DIRECTION('',(4.08170229641602E-17,-4.72041653036087E-33,1.));
#12461=DIRECTION('center_axis',(0.707106781186548,0.,0.707106781186548));
#12462=DIRECTION('ref_axis',(-0.707106781186548,0.,0.707106781186548));
#12463=DIRECTION('',(0.707106781186548,-8.177564888978E-17,-0.707106781186548));
#12464=DIRECTION('',(0.,-1.,0.));
#12465=DIRECTION('center_axis',(-1.,1.15648231731787E-16,2.31296463463574E-17));
#12466=DIRECTION('ref_axis',(0.,0.707106781186548,0.707106781186548));
#12467=DIRECTION('center_axis',(1.,0.,0.));
#12468=DIRECTION('ref_axis',(0.,0.707106781186548,0.707106781186548));
#12469=DIRECTION('',(-1.,1.15648231731787E-16,2.31296463463574E-17));
#12470=DIRECTION('center_axis',(-1.,0.,0.));
#12471=DIRECTION('ref_axis',(0.,0.707106781186548,0.707106781186548));
#12472=DIRECTION('',(1.,-1.15648231731787E-16,-2.31296463463574E-17));
#12473=DIRECTION('center_axis',(2.31296463463574E-17,0.,1.));
#12474=DIRECTION('ref_axis',(1.,-1.33226762955019E-16,-2.22044604925031E-17));
#12475=DIRECTION('',(0.,1.,0.));
#12476=DIRECTION('',(1.,1.73472347597681E-16,0.));
#12477=DIRECTION('',(0.,1.,0.));
#12478=DIRECTION('center_axis',(1.,-1.15648231731787E-16,0.));
#12479=DIRECTION('ref_axis',(0.,0.707106781186548,0.707106781186548));
#12480=DIRECTION('center_axis',(-1.,0.,0.));
#12481=DIRECTION('ref_axis',(0.,0.707106781186548,0.707106781186548));
#12482=DIRECTION('',(-1.,1.15648231731787E-16,0.));
#12483=DIRECTION('center_axis',(1.,0.,0.));
#12484=DIRECTION('ref_axis',(0.,0.707106781186548,0.707106781186548));
#12485=DIRECTION('center_axis',(1.,0.,0.));
#12486=DIRECTION('ref_axis',(0.,0.,1.));
#12487=DIRECTION('',(0.,-1.,0.));
#12488=DIRECTION('',(0.,0.,-1.));
#12489=DIRECTION('',(0.,-1.,0.));
#12490=DIRECTION('center_axis',(0.,0.,-1.));
#12491=DIRECTION('ref_axis',(1.,-1.33226762955019E-16,0.));
#12492=DIRECTION('',(-1.,-1.73472347597681E-16,0.));
#12493=DIRECTION('',(0.,-1.,0.));
#12494=DIRECTION('center_axis',(0.,1.,0.));
#12495=DIRECTION('ref_axis',(-0.989359135364853,0.,-0.145493990494833));
#12496=DIRECTION('',(0.,-1.,0.));
#12497=DIRECTION('center_axis',(1.15648231731787E-16,1.,-3.08148791101958E-33));
#12498=DIRECTION('ref_axis',(-0.989359135364853,1.14417634552635E-16,-0.145493990494833));
#12499=DIRECTION('',(0.,-1.,0.));
#12500=DIRECTION('center_axis',(0.,0.,1.));
#12501=DIRECTION('ref_axis',(-1.,1.33226762955019E-16,0.));
#12502=DIRECTION('',(0.,-1.,0.));
#12503=DIRECTION('',(-1.,1.15648231731787E-16,0.));
#12504=DIRECTION('center_axis',(0.,1.,0.));
#12505=DIRECTION('ref_axis',(-1.,0.,0.));
#12506=DIRECTION('',(0.,-1.,0.));
#12507=DIRECTION('center_axis',(-1.15648231731787E-16,-1.,0.));
#12508=DIRECTION('ref_axis',(-1.,1.15648231731787E-16,0.));
#12509=DIRECTION('center_axis',(1.,0.,-2.04085114820801E-17));
#12510=DIRECTION('ref_axis',(0.,0.,1.));
#12511=DIRECTION('',(2.04085114820801E-17,-2.36020826518044E-33,1.));
#12512=DIRECTION('center_axis',(-1.,0.,4.08170229641602E-17));
#12513=DIRECTION('ref_axis',(-4.44089209850063E-17,0.,-1.));
#12514=DIRECTION('',(0.,-1.,0.));
#12515=DIRECTION('',(-4.08170229641602E-17,4.72041653036087E-33,-1.));
#12516=DIRECTION('center_axis',(0.,1.,0.));
#12517=DIRECTION('ref_axis',(0.,0.,-1.));
#12518=DIRECTION('',(0.,-1.,0.));
#12519=DIRECTION('center_axis',(-1.15648231731787E-16,-1.,0.));
#12520=DIRECTION('ref_axis',(0.,0.,-1.));
#12521=DIRECTION('center_axis',(0.,0.,1.));
#12522=DIRECTION('ref_axis',(-1.,1.33226762955019E-16,0.));
#12523=DIRECTION('',(0.,-1.,0.));
#12524=DIRECTION('',(-1.,1.15648231731787E-16,0.));
#12525=DIRECTION('center_axis',(0.,1.,0.));
#12526=DIRECTION('ref_axis',(0.,0.,-1.));
#12527=DIRECTION('',(0.,-1.,0.));
#12528=DIRECTION('center_axis',(1.15648231731787E-16,1.,0.));
#12529=DIRECTION('ref_axis',(0.,0.,-1.));
#12530=DIRECTION('center_axis',(-0.989359135364853,0.,0.145493990494832));
#12531=DIRECTION('ref_axis',(-0.145493990494832,0.,-0.989359135364853));
#12532=DIRECTION('',(0.,-1.,0.));
#12533=DIRECTION('',(-0.145493990494832,1.68261227283288E-17,-0.989359135364853));
#12534=DIRECTION('center_axis',(-1.,0.,0.));
#12535=DIRECTION('ref_axis',(0.,0.,-1.));
#12536=DIRECTION('',(0.,0.,1.));
#12537=DIRECTION('center_axis',(0.989359135364853,0.,0.145493990494832));
#12538=DIRECTION('ref_axis',(-0.145493990494832,0.,0.989359135364853));
#12539=DIRECTION('',(-0.145493990494832,1.68261227283287E-17,0.989359135364853));
#12540=DIRECTION('center_axis',(-1.15648231731787E-16,-1.,0.));
#12541=DIRECTION('ref_axis',(0.,0.,-1.));
#12542=DIRECTION('center_axis',(-0.707106781186548,0.,0.707106781186548));
#12543=DIRECTION('ref_axis',(-0.707106781186548,0.,-0.707106781186548));
#12544=DIRECTION('',(0.707106781186547,-8.177564888978E-17,0.707106781186547));
#12545=DIRECTION('',(0.,-1.,0.));
#12546=DIRECTION('',(-0.707106781186547,8.177564888978E-17,-0.707106781186547));
#12547=DIRECTION('',(0.,1.,0.));
#12548=DIRECTION('center_axis',(0.,0.,1.));
#12549=DIRECTION('ref_axis',(-1.,1.33226762955019E-16,0.));
#12550=DIRECTION('',(-1.,1.15648231731787E-16,0.));
#12551=DIRECTION('',(0.,1.,0.));
#12552=DIRECTION('',(1.,-1.15648231731787E-16,0.));
#12553=DIRECTION('center_axis',(-1.15648231731787E-16,-1.,0.));
#12554=DIRECTION('ref_axis',(0.,0.,-1.));
#12555=DIRECTION('',(-0.707106781186548,8.177564888978E-17,0.707106781186548));
#12556=DIRECTION('',(-2.04085114820801E-17,2.36020826518044E-33,-1.));
#12557=DIRECTION('center_axis',(1.15648231731787E-16,1.,0.));
#12558=DIRECTION('ref_axis',(-1.,1.15648231731787E-16,0.));
#12559=DIRECTION('',(1.,-1.15648231731787E-16,0.));
#12560=DIRECTION('center_axis',(-1.15648231731787E-16,-1.,3.08148791101958E-33));
#12561=DIRECTION('ref_axis',(-0.989359135364853,1.14417634552635E-16,-0.145493990494833));
#12562=DIRECTION('',(0.145493990494832,-1.68261227283287E-17,-0.989359135364853));
#12563=DIRECTION('',(0.,0.,-1.));
#12564=DIRECTION('',(1.,-1.15648231731787E-16,0.));
#12565=DIRECTION('',(0.,0.,1.));
#12566=DIRECTION('',(0.145493990494832,-1.68261227283288E-17,0.989359135364853));
#12567=DIRECTION('center_axis',(-1.15648231731787E-16,-1.,0.));
#12568=DIRECTION('ref_axis',(0.,0.,-1.));
#12569=DIRECTION('',(1.,-1.15648231731787E-16,0.));
#12570=DIRECTION('center_axis',(1.15648231731787E-16,1.,0.));
#12571=DIRECTION('ref_axis',(0.,0.,-1.));
#12572=DIRECTION('',(4.08170229641602E-17,-4.72041653036087E-33,1.));
#12573=DIRECTION('center_axis',(0.707106781186548,0.,0.707106781186548));
#12574=DIRECTION('ref_axis',(-0.707106781186548,0.,0.707106781186548));
#12575=DIRECTION('',(0.707106781186548,-8.177564888978E-17,-0.707106781186548));
#12576=DIRECTION('',(0.,-1.,0.));
#12577=DIRECTION('center_axis',(-1.,1.15648231731787E-16,2.31296463463574E-17));
#12578=DIRECTION('ref_axis',(0.,0.707106781186548,0.707106781186548));
#12579=DIRECTION('center_axis',(1.,0.,0.));
#12580=DIRECTION('ref_axis',(0.,0.707106781186548,0.707106781186548));
#12581=DIRECTION('',(-1.,1.15648231731787E-16,2.31296463463574E-17));
#12582=DIRECTION('center_axis',(-1.,0.,0.));
#12583=DIRECTION('ref_axis',(0.,0.707106781186548,0.707106781186548));
#12584=DIRECTION('',(1.,-1.15648231731787E-16,-2.31296463463574E-17));
#12585=DIRECTION('center_axis',(2.31296463463574E-17,0.,1.));
#12586=DIRECTION('ref_axis',(1.,-1.33226762955019E-16,-2.22044604925031E-17));
#12587=DIRECTION('',(0.,1.,0.));
#12588=DIRECTION('',(1.,1.73472347597681E-16,0.));
#12589=DIRECTION('',(0.,1.,0.));
#12590=DIRECTION('center_axis',(1.,-1.15648231731787E-16,0.));
#12591=DIRECTION('ref_axis',(0.,0.707106781186548,0.707106781186548));
#12592=DIRECTION('center_axis',(-1.,0.,0.));
#12593=DIRECTION('ref_axis',(0.,0.707106781186548,0.707106781186548));
#12594=DIRECTION('',(-1.,1.15648231731787E-16,0.));
#12595=DIRECTION('center_axis',(1.,0.,0.));
#12596=DIRECTION('ref_axis',(0.,0.707106781186548,0.707106781186548));
#12597=DIRECTION('center_axis',(1.,0.,0.));
#12598=DIRECTION('ref_axis',(0.,0.,1.));
#12599=DIRECTION('',(0.,-1.,0.));
#12600=DIRECTION('',(0.,0.,-1.));
#12601=DIRECTION('',(0.,-1.,0.));
#12602=DIRECTION('center_axis',(0.,0.,-1.));
#12603=DIRECTION('ref_axis',(1.,-1.33226762955019E-16,0.));
#12604=DIRECTION('',(-1.,-1.73472347597681E-16,0.));
#12605=DIRECTION('',(0.,-1.,0.));
#12606=DIRECTION('center_axis',(0.,1.,0.));
#12607=DIRECTION('ref_axis',(-0.989359135364853,0.,-0.145493990494833));
#12608=DIRECTION('',(0.,-1.,0.));
#12609=DIRECTION('center_axis',(1.15648231731787E-16,1.,-3.08148791101958E-33));
#12610=DIRECTION('ref_axis',(-0.989359135364853,1.14417634552635E-16,-0.145493990494833));
#12611=DIRECTION('',(0.,-1.,0.));
#12612=DIRECTION('center_axis',(0.,0.,1.));
#12613=DIRECTION('ref_axis',(-1.,1.33226762955019E-16,0.));
#12614=DIRECTION('',(0.,-1.,0.));
#12615=DIRECTION('',(-1.,1.15648231731787E-16,0.));
#12616=DIRECTION('center_axis',(0.,1.,0.));
#12617=DIRECTION('ref_axis',(-1.,0.,0.));
#12618=DIRECTION('',(0.,-1.,0.));
#12619=DIRECTION('center_axis',(-1.15648231731787E-16,-1.,0.));
#12620=DIRECTION('ref_axis',(-1.,1.15648231731787E-16,0.));
#12621=DIRECTION('center_axis',(1.,0.,-2.04085114820801E-17));
#12622=DIRECTION('ref_axis',(0.,0.,1.));
#12623=DIRECTION('',(2.04085114820801E-17,-2.36020826518044E-33,1.));
#12624=DIRECTION('center_axis',(-1.,0.,4.08170229641602E-17));
#12625=DIRECTION('ref_axis',(0.,0.,-1.));
#12626=DIRECTION('',(0.,-1.,0.));
#12627=DIRECTION('',(-4.08170229641602E-17,4.72041653036087E-33,-1.));
#12628=DIRECTION('center_axis',(0.,1.,0.));
#12629=DIRECTION('ref_axis',(0.,0.,-1.));
#12630=DIRECTION('',(0.,-1.,0.));
#12631=DIRECTION('center_axis',(-1.15648231731787E-16,-1.,0.));
#12632=DIRECTION('ref_axis',(0.,0.,-1.));
#12633=DIRECTION('center_axis',(0.,0.,1.));
#12634=DIRECTION('ref_axis',(-1.,1.33226762955019E-16,0.));
#12635=DIRECTION('',(0.,-1.,0.));
#12636=DIRECTION('',(-1.,1.15648231731787E-16,0.));
#12637=DIRECTION('center_axis',(0.,1.,0.));
#12638=DIRECTION('ref_axis',(0.,0.,-1.));
#12639=DIRECTION('',(0.,-1.,0.));
#12640=DIRECTION('center_axis',(1.15648231731787E-16,1.,0.));
#12641=DIRECTION('ref_axis',(0.,0.,-1.));
#12642=DIRECTION('center_axis',(-0.989359135364853,0.,0.145493990494832));
#12643=DIRECTION('ref_axis',(-0.145493990494832,0.,-0.989359135364853));
#12644=DIRECTION('',(0.,-1.,0.));
#12645=DIRECTION('',(-0.145493990494832,1.68261227283288E-17,-0.989359135364853));
#12646=DIRECTION('center_axis',(-1.,0.,0.));
#12647=DIRECTION('ref_axis',(0.,0.,-1.));
#12648=DIRECTION('',(0.,0.,1.));
#12649=DIRECTION('center_axis',(0.989359135364853,0.,0.145493990494832));
#12650=DIRECTION('ref_axis',(-0.145493990494832,0.,0.989359135364853));
#12651=DIRECTION('',(-0.145493990494832,1.68261227283287E-17,0.989359135364853));
#12652=DIRECTION('center_axis',(-1.15648231731787E-16,-1.,0.));
#12653=DIRECTION('ref_axis',(0.,0.,-1.));
#12654=DIRECTION('center_axis',(-1.73472347597681E-16,1.,0.));
#12655=DIRECTION('ref_axis',(-1.,-1.77635683940025E-16,0.));
#12656=DIRECTION('',(1.,1.73472347597681E-16,0.));
#12657=DIRECTION('',(0.,0.,1.));
#12658=DIRECTION('',(-1.,-1.73472347597681E-16,0.));
#12659=DIRECTION('center_axis',(-1.73472347597681E-16,1.,0.));
#12660=DIRECTION('ref_axis',(-1.,-1.77635683940025E-16,0.));
#12661=DIRECTION('',(1.,1.73472347597681E-16,0.));
#12662=DIRECTION('',(-1.,-1.73472347597681E-16,0.));
#12663=DIRECTION('center_axis',(-1.73472347597681E-16,1.,0.));
#12664=DIRECTION('ref_axis',(-1.,-1.77635683940025E-16,0.));
#12665=DIRECTION('',(1.,1.73472347597681E-16,0.));
#12666=DIRECTION('',(-1.,-1.73472347597681E-16,0.));
#12667=DIRECTION('center_axis',(-1.73472347597681E-16,1.,0.));
#12668=DIRECTION('ref_axis',(-1.,-1.77635683940025E-16,0.));
#12669=DIRECTION('',(1.,1.73472347597681E-16,0.));
#12670=DIRECTION('',(-1.,-1.73472347597681E-16,0.));
#12671=DIRECTION('center_axis',(-1.73472347597681E-16,1.,0.));
#12672=DIRECTION('ref_axis',(-1.,-1.77635683940025E-16,0.));
#12673=DIRECTION('',(1.,1.73472347597681E-16,0.));
#12674=DIRECTION('',(-1.,-1.73472347597681E-16,0.));
#12675=DIRECTION('center_axis',(-1.73472347597681E-16,1.,0.));
#12676=DIRECTION('ref_axis',(-1.,-1.77635683940025E-16,0.));
#12677=DIRECTION('',(-1.,-1.73472347597681E-16,0.));
#12678=DIRECTION('',(0.,0.,1.));
#12679=DIRECTION('',(1.,1.73472347597681E-16,0.));
#12680=DIRECTION('center_axis',(-1.73472347597681E-16,1.,0.));
#12681=DIRECTION('ref_axis',(-1.,-1.77635683940025E-16,0.));
#12682=DIRECTION('',(1.,1.73472347597681E-16,0.));
#12683=DIRECTION('',(-1.,-1.73472347597681E-16,0.));
#12684=DIRECTION('center_axis',(-0.707106781186548,0.,0.707106781186548));
#12685=DIRECTION('ref_axis',(-0.707106781186548,0.,-0.707106781186548));
#12686=DIRECTION('',(0.707106781186547,-8.177564888978E-17,0.707106781186547));
#12687=DIRECTION('',(0.,-1.,0.));
#12688=DIRECTION('',(-0.707106781186547,8.177564888978E-17,-0.707106781186547));
#12689=DIRECTION('',(0.,1.,0.));
#12690=DIRECTION('center_axis',(0.,0.,1.));
#12691=DIRECTION('ref_axis',(-1.,1.33226762955019E-16,0.));
#12692=DIRECTION('',(-1.,1.15648231731787E-16,0.));
#12693=DIRECTION('',(0.,1.,0.));
#12694=DIRECTION('',(1.,-1.15648231731787E-16,0.));
#12695=DIRECTION('center_axis',(-1.15648231731787E-16,-1.,0.));
#12696=DIRECTION('ref_axis',(0.,0.,-1.));
#12697=DIRECTION('',(-0.707106781186548,8.177564888978E-17,0.707106781186548));
#12698=DIRECTION('',(-2.04085114820801E-17,2.36020826518044E-33,-1.));
#12699=DIRECTION('center_axis',(1.15648231731787E-16,1.,0.));
#12700=DIRECTION('ref_axis',(-1.,1.15648231731787E-16,0.));
#12701=DIRECTION('',(1.,-1.15648231731787E-16,0.));
#12702=DIRECTION('center_axis',(-1.15648231731787E-16,-1.,3.08148791101958E-33));
#12703=DIRECTION('ref_axis',(-0.989359135364853,1.14417634552635E-16,-0.145493990494833));
#12704=DIRECTION('',(0.145493990494832,-1.68261227283287E-17,-0.989359135364853));
#12705=DIRECTION('',(0.,0.,-1.));
#12706=DIRECTION('',(1.,-1.15648231731787E-16,0.));
#12707=DIRECTION('',(0.,0.,1.));
#12708=DIRECTION('',(0.145493990494832,-1.68261227283288E-17,0.989359135364853));
#12709=DIRECTION('center_axis',(-1.15648231731787E-16,-1.,0.));
#12710=DIRECTION('ref_axis',(0.,0.,-1.));
#12711=DIRECTION('',(1.,-1.15648231731787E-16,0.));
#12712=DIRECTION('center_axis',(1.15648231731787E-16,1.,0.));
#12713=DIRECTION('ref_axis',(0.,0.,-1.));
#12714=DIRECTION('',(4.08170229641602E-17,-4.72041653036087E-33,1.));
#12715=DIRECTION('center_axis',(0.707106781186548,0.,0.707106781186548));
#12716=DIRECTION('ref_axis',(-0.707106781186548,0.,0.707106781186548));
#12717=DIRECTION('',(0.707106781186548,-8.177564888978E-17,-0.707106781186548));
#12718=DIRECTION('',(0.,-1.,0.));
#12719=DIRECTION('center_axis',(-1.,1.15648231731787E-16,2.31296463463574E-17));
#12720=DIRECTION('ref_axis',(0.,0.707106781186548,0.707106781186548));
#12721=DIRECTION('center_axis',(1.,0.,0.));
#12722=DIRECTION('ref_axis',(0.,0.707106781186548,0.707106781186548));
#12723=DIRECTION('',(-1.,1.15648231731787E-16,2.31296463463574E-17));
#12724=DIRECTION('center_axis',(-1.,0.,0.));
#12725=DIRECTION('ref_axis',(0.,0.707106781186548,0.707106781186548));
#12726=DIRECTION('',(1.,-1.15648231731787E-16,-2.31296463463574E-17));
#12727=DIRECTION('center_axis',(2.31296463463574E-17,0.,1.));
#12728=DIRECTION('ref_axis',(1.,-1.33226762955019E-16,-2.22044604925031E-17));
#12729=DIRECTION('',(0.,1.,0.));
#12730=DIRECTION('',(1.,1.73472347597681E-16,0.));
#12731=DIRECTION('',(0.,1.,0.));
#12732=DIRECTION('center_axis',(1.,-1.15648231731787E-16,0.));
#12733=DIRECTION('ref_axis',(0.,0.707106781186548,0.707106781186548));
#12734=DIRECTION('center_axis',(-1.,0.,0.));
#12735=DIRECTION('ref_axis',(0.,0.707106781186548,0.707106781186548));
#12736=DIRECTION('',(-1.,1.15648231731787E-16,0.));
#12737=DIRECTION('center_axis',(1.,0.,0.));
#12738=DIRECTION('ref_axis',(0.,0.707106781186548,0.707106781186548));
#12739=DIRECTION('center_axis',(1.,0.,0.));
#12740=DIRECTION('ref_axis',(0.,0.,1.));
#12741=DIRECTION('',(0.,-1.,0.));
#12742=DIRECTION('',(0.,0.,-1.));
#12743=DIRECTION('',(0.,-1.,0.));
#12744=DIRECTION('center_axis',(0.,0.,-1.));
#12745=DIRECTION('ref_axis',(1.,-1.33226762955019E-16,0.));
#12746=DIRECTION('',(-1.,-1.73472347597681E-16,0.));
#12747=DIRECTION('',(0.,-1.,0.));
#12748=DIRECTION('center_axis',(0.,1.,0.));
#12749=DIRECTION('ref_axis',(-0.989359135364853,0.,-0.145493990494833));
#12750=DIRECTION('',(0.,-1.,0.));
#12751=DIRECTION('center_axis',(1.15648231731787E-16,1.,-3.08148791101958E-33));
#12752=DIRECTION('ref_axis',(-0.989359135364853,1.14417634552635E-16,-0.145493990494833));
#12753=DIRECTION('',(0.,-1.,0.));
#12754=DIRECTION('center_axis',(0.,0.,1.));
#12755=DIRECTION('ref_axis',(-1.,1.33226762955019E-16,0.));
#12756=DIRECTION('',(0.,-1.,0.));
#12757=DIRECTION('',(-1.,1.15648231731787E-16,0.));
#12758=DIRECTION('center_axis',(0.,1.,0.));
#12759=DIRECTION('ref_axis',(-1.,0.,0.));
#12760=DIRECTION('',(0.,-1.,0.));
#12761=DIRECTION('center_axis',(-1.15648231731787E-16,-1.,0.));
#12762=DIRECTION('ref_axis',(-1.,1.15648231731787E-16,0.));
#12763=DIRECTION('center_axis',(1.,0.,-2.04085114820801E-17));
#12764=DIRECTION('ref_axis',(0.,0.,1.));
#12765=DIRECTION('',(2.04085114820801E-17,-2.36020826518044E-33,1.));
#12766=DIRECTION('center_axis',(-1.,0.,4.08170229641602E-17));
#12767=DIRECTION('ref_axis',(0.,0.,-1.));
#12768=DIRECTION('',(0.,-1.,0.));
#12769=DIRECTION('',(-4.08170229641602E-17,4.72041653036087E-33,-1.));
#12770=DIRECTION('center_axis',(0.,1.,0.));
#12771=DIRECTION('ref_axis',(0.,0.,-1.));
#12772=DIRECTION('',(0.,-1.,0.));
#12773=DIRECTION('center_axis',(-1.15648231731787E-16,-1.,0.));
#12774=DIRECTION('ref_axis',(0.,0.,-1.));
#12775=DIRECTION('center_axis',(0.,0.,1.));
#12776=DIRECTION('ref_axis',(-1.,1.33226762955019E-16,0.));
#12777=DIRECTION('',(0.,-1.,0.));
#12778=DIRECTION('',(-1.,1.15648231731787E-16,0.));
#12779=DIRECTION('center_axis',(0.,1.,0.));
#12780=DIRECTION('ref_axis',(0.,0.,-1.));
#12781=DIRECTION('',(0.,-1.,0.));
#12782=DIRECTION('center_axis',(1.15648231731787E-16,1.,0.));
#12783=DIRECTION('ref_axis',(0.,0.,-1.));
#12784=DIRECTION('center_axis',(-0.989359135364853,0.,0.145493990494832));
#12785=DIRECTION('ref_axis',(-0.145493990494832,0.,-0.989359135364853));
#12786=DIRECTION('',(0.,-1.,0.));
#12787=DIRECTION('',(-0.145493990494832,1.68261227283288E-17,-0.989359135364853));
#12788=DIRECTION('center_axis',(-1.,0.,0.));
#12789=DIRECTION('ref_axis',(0.,0.,-1.));
#12790=DIRECTION('center_axis',(0.989359135364853,0.,0.145493990494832));
#12791=DIRECTION('ref_axis',(-0.145493990494832,0.,0.989359135364853));
#12792=DIRECTION('',(-0.145493990494832,1.68261227283287E-17,0.989359135364853));
#12793=DIRECTION('center_axis',(-1.15648231731787E-16,-1.,0.));
#12794=DIRECTION('ref_axis',(0.,0.,-1.));
#12795=DIRECTION('center_axis',(-1.73472347597681E-16,1.,0.));
#12796=DIRECTION('ref_axis',(-1.,-1.77635683940025E-16,0.));
#12797=DIRECTION('',(1.,1.73472347597681E-16,0.));
#12798=DIRECTION('',(0.,0.,1.));
#12799=DIRECTION('',(-1.,-1.73472347597681E-16,0.));
#12800=DIRECTION('center_axis',(0.707106781186548,0.,-0.707106781186548));
#12801=DIRECTION('ref_axis',(-0.707106781186548,0.,-0.707106781186547));
#12802=DIRECTION('',(0.707106781186547,8.177564888978E-17,0.707106781186547));
#12803=DIRECTION('',(0.,-1.,0.));
#12804=DIRECTION('',(-0.707106781186547,-8.177564888978E-17,-0.707106781186547));
#12805=DIRECTION('',(0.,1.,0.));
#12806=DIRECTION('center_axis',(0.,0.,-1.));
#12807=DIRECTION('ref_axis',(-1.,-1.33226762955019E-16,0.));
#12808=DIRECTION('',(1.,1.15648231731787E-16,0.));
#12809=DIRECTION('',(0.,-1.,0.));
#12810=DIRECTION('',(-1.,-1.15648231731787E-16,0.));
#12811=DIRECTION('center_axis',(1.15648231731787E-16,-1.,0.));
#12812=DIRECTION('ref_axis',(0.,0.,-1.));
#12813=DIRECTION('',(4.08170229641602E-17,4.72041653036087E-33,1.));
#12814=DIRECTION('center_axis',(-1.15648231731787E-16,1.,0.));
#12815=DIRECTION('ref_axis',(0.,0.,-1.));
#12816=DIRECTION('',(1.,1.15648231731787E-16,0.));
#12817=DIRECTION('center_axis',(1.15648231731787E-16,-1.,0.));
#12818=DIRECTION('ref_axis',(0.,0.,-1.));
#12819=DIRECTION('',(0.145493990494832,1.68261227283288E-17,0.989359135364853));
#12820=DIRECTION('',(0.,0.,1.));
#12821=DIRECTION('',(1.,1.15648231731787E-16,0.));
#12822=DIRECTION('',(0.,0.,-1.));
#12823=DIRECTION('',(0.145493990494832,1.68261227283287E-17,-0.989359135364853));
#12824=DIRECTION('center_axis',(1.15648231731787E-16,-1.,-3.08148791101958E-33));
#12825=DIRECTION('ref_axis',(-0.989359135364853,-1.14417634552635E-16,-0.145493990494833));
#12826=DIRECTION('',(1.,1.15648231731787E-16,0.));
#12827=DIRECTION('center_axis',(-1.15648231731787E-16,1.,0.));
#12828=DIRECTION('ref_axis',(-1.,-1.15648231731787E-16,0.));
#12829=DIRECTION('',(-2.04085114820801E-17,-2.36020826518044E-33,-1.));
#12830=DIRECTION('',(-0.707106781186548,-8.177564888978E-17,0.707106781186548));
#12831=DIRECTION('center_axis',(-0.707106781186548,0.,-0.707106781186548));
#12832=DIRECTION('ref_axis',(-0.707106781186548,0.,0.707106781186548));
#12833=DIRECTION('',(0.707106781186548,8.177564888978E-17,-0.707106781186548));
#12834=DIRECTION('',(0.,1.,0.));
#12835=DIRECTION('center_axis',(1.,1.15648231731787E-16,-2.31296463463574E-17));
#12836=DIRECTION('ref_axis',(0.,-0.707106781186548,0.707106781186548));
#12837=DIRECTION('center_axis',(-1.,0.,0.));
#12838=DIRECTION('ref_axis',(0.,-0.707106781186548,0.707106781186548));
#12839=DIRECTION('',(1.,1.15648231731787E-16,-2.31296463463574E-17));
#12840=DIRECTION('center_axis',(1.,0.,0.));
#12841=DIRECTION('ref_axis',(0.,-0.707106781186548,0.707106781186548));
#12842=DIRECTION('',(-1.,-1.15648231731787E-16,2.31296463463574E-17));
#12843=DIRECTION('center_axis',(-2.31296463463574E-17,0.,-1.));
#12844=DIRECTION('ref_axis',(1.,1.33226762955019E-16,-2.22044604925031E-17));
#12845=DIRECTION('',(0.,-1.,0.));
#12846=DIRECTION('',(-1.,-1.15648231731787E-16,0.));
#12847=DIRECTION('',(0.,-1.,0.));
#12848=DIRECTION('center_axis',(-1.,-1.15648231731787E-16,0.));
#12849=DIRECTION('ref_axis',(0.,-0.707106781186548,0.707106781186548));
#12850=DIRECTION('center_axis',(1.,0.,0.));
#12851=DIRECTION('ref_axis',(0.,-0.707106781186548,0.707106781186548));
#12852=DIRECTION('center_axis',(-1.,0.,0.));
#12853=DIRECTION('ref_axis',(0.,-0.707106781186548,0.707106781186548));
#12854=DIRECTION('',(-1.,-1.15648231731787E-16,0.));
#12855=DIRECTION('center_axis',(-1.,0.,0.));
#12856=DIRECTION('ref_axis',(0.,0.,1.));
#12857=DIRECTION('',(0.,1.,0.));
#12858=DIRECTION('',(0.,0.,1.));
#12859=DIRECTION('',(0.,1.,0.));
#12860=DIRECTION('center_axis',(0.,0.,1.));
#12861=DIRECTION('ref_axis',(1.,1.33226762955019E-16,0.));
#12862=DIRECTION('',(0.,1.,0.));
#12863=DIRECTION('',(1.,1.15648231731787E-16,0.));
#12864=DIRECTION('center_axis',(0.,1.,0.));
#12865=DIRECTION('ref_axis',(-0.989359135364853,0.,-0.145493990494833));
#12866=DIRECTION('',(0.,1.,0.));
#12867=DIRECTION('center_axis',(-1.15648231731787E-16,1.,3.08148791101958E-33));
#12868=DIRECTION('ref_axis',(-0.989359135364853,-1.14417634552635E-16,-0.145493990494833));
#12869=DIRECTION('',(0.,1.,0.));
#12870=DIRECTION('center_axis',(0.,0.,-1.));
#12871=DIRECTION('ref_axis',(-1.,-1.33226762955019E-16,0.));
#12872=DIRECTION('',(-1.,-1.15648231731787E-16,0.));
#12873=DIRECTION('',(0.,1.,0.));
#12874=DIRECTION('center_axis',(0.,1.,0.));
#12875=DIRECTION('ref_axis',(-1.,0.,0.));
#12876=DIRECTION('center_axis',(1.15648231731787E-16,-1.,0.));
#12877=DIRECTION('ref_axis',(-1.,-1.15648231731787E-16,0.));
#12878=DIRECTION('',(0.,1.,0.));
#12879=DIRECTION('center_axis',(-1.,0.,2.04085114820801E-17));
#12880=DIRECTION('ref_axis',(0.,0.,1.));
#12881=DIRECTION('',(2.04085114820801E-17,2.36020826518044E-33,1.));
#12882=DIRECTION('center_axis',(1.,0.,-4.08170229641602E-17));
#12883=DIRECTION('ref_axis',(0.,0.,-1.));
#12884=DIRECTION('',(-4.08170229641602E-17,-4.72041653036087E-33,-1.));
#12885=DIRECTION('',(0.,1.,0.));
#12886=DIRECTION('center_axis',(0.,1.,0.));
#12887=DIRECTION('ref_axis',(0.,0.,-1.));
#12888=DIRECTION('center_axis',(1.15648231731787E-16,-1.,0.));
#12889=DIRECTION('ref_axis',(0.,0.,-1.));
#12890=DIRECTION('',(0.,1.,0.));
#12891=DIRECTION('center_axis',(0.,0.,-1.));
#12892=DIRECTION('ref_axis',(-1.,-1.33226762955019E-16,0.));
#12893=DIRECTION('',(-1.,-1.15648231731787E-16,0.));
#12894=DIRECTION('',(0.,1.,0.));
#12895=DIRECTION('center_axis',(0.,1.,0.));
#12896=DIRECTION('ref_axis',(0.,0.,-1.));
#12897=DIRECTION('center_axis',(-1.15648231731787E-16,1.,0.));
#12898=DIRECTION('ref_axis',(0.,0.,-1.));
#12899=DIRECTION('',(0.,1.,0.));
#12900=DIRECTION('center_axis',(0.989359135364853,0.,-0.145493990494832));
#12901=DIRECTION('ref_axis',(-0.145493990494832,0.,-0.989359135364853));
#12902=DIRECTION('',(-0.145493990494832,-1.68261227283288E-17,-0.989359135364853));
#12903=DIRECTION('',(0.,1.,0.));
#12904=DIRECTION('center_axis',(1.,0.,0.));
#12905=DIRECTION('ref_axis',(0.,0.,-1.));
#12906=DIRECTION('',(0.,0.,-1.));
#12907=DIRECTION('center_axis',(-0.989359135364853,0.,-0.145493990494832));
#12908=DIRECTION('ref_axis',(-0.145493990494832,0.,0.989359135364853));
#12909=DIRECTION('',(-0.145493990494832,-1.68261227283287E-17,0.989359135364853));
#12910=DIRECTION('center_axis',(1.15648231731787E-16,-1.,0.));
#12911=DIRECTION('ref_axis',(0.,0.,-1.));
#12912=DIRECTION('center_axis',(0.707106781186548,0.,-0.707106781186548));
#12913=DIRECTION('ref_axis',(-0.707106781186548,0.,-0.707106781186547));
#12914=DIRECTION('',(0.707106781186547,8.177564888978E-17,0.707106781186547));
#12915=DIRECTION('',(0.,-1.,0.));
#12916=DIRECTION('',(-0.707106781186547,-8.177564888978E-17,-0.707106781186547));
#12917=DIRECTION('',(0.,1.,0.));
#12918=DIRECTION('center_axis',(0.,0.,-1.));
#12919=DIRECTION('ref_axis',(-1.,-1.33226762955019E-16,0.));
#12920=DIRECTION('',(1.,1.15648231731787E-16,0.));
#12921=DIRECTION('',(0.,-1.,0.));
#12922=DIRECTION('',(-1.,-1.15648231731787E-16,0.));
#12923=DIRECTION('center_axis',(1.15648231731787E-16,-1.,0.));
#12924=DIRECTION('ref_axis',(0.,0.,-1.));
#12925=DIRECTION('',(4.08170229641602E-17,4.72041653036087E-33,1.));
#12926=DIRECTION('center_axis',(-1.15648231731787E-16,1.,0.));
#12927=DIRECTION('ref_axis',(0.,0.,-1.));
#12928=DIRECTION('',(1.,1.15648231731787E-16,0.));
#12929=DIRECTION('center_axis',(1.15648231731787E-16,-1.,0.));
#12930=DIRECTION('ref_axis',(0.,0.,-1.));
#12931=DIRECTION('',(0.145493990494832,1.68261227283288E-17,0.989359135364853));
#12932=DIRECTION('',(0.,0.,1.));
#12933=DIRECTION('',(1.,1.15648231731787E-16,0.));
#12934=DIRECTION('',(0.,0.,-1.));
#12935=DIRECTION('',(0.145493990494832,1.68261227283287E-17,-0.989359135364853));
#12936=DIRECTION('center_axis',(1.15648231731787E-16,-1.,-3.08148791101958E-33));
#12937=DIRECTION('ref_axis',(-0.989359135364853,-1.14417634552635E-16,-0.145493990494833));
#12938=DIRECTION('',(1.,1.15648231731787E-16,0.));
#12939=DIRECTION('center_axis',(-1.15648231731787E-16,1.,0.));
#12940=DIRECTION('ref_axis',(-1.,-1.15648231731787E-16,0.));
#12941=DIRECTION('',(-2.04085114820801E-17,-2.36020826518044E-33,-1.));
#12942=DIRECTION('',(-0.707106781186548,-8.177564888978E-17,0.707106781186548));
#12943=DIRECTION('center_axis',(-0.707106781186548,0.,-0.707106781186548));
#12944=DIRECTION('ref_axis',(-0.707106781186548,0.,0.707106781186548));
#12945=DIRECTION('',(0.707106781186548,8.177564888978E-17,-0.707106781186548));
#12946=DIRECTION('',(0.,1.,0.));
#12947=DIRECTION('center_axis',(1.,1.15648231731787E-16,-2.31296463463574E-17));
#12948=DIRECTION('ref_axis',(0.,-0.707106781186548,0.707106781186548));
#12949=DIRECTION('center_axis',(-1.,0.,0.));
#12950=DIRECTION('ref_axis',(0.,-0.707106781186548,0.707106781186548));
#12951=DIRECTION('',(1.,1.15648231731787E-16,-2.31296463463574E-17));
#12952=DIRECTION('center_axis',(1.,0.,0.));
#12953=DIRECTION('ref_axis',(0.,-0.707106781186548,0.707106781186548));
#12954=DIRECTION('',(-1.,-1.15648231731787E-16,2.31296463463574E-17));
#12955=DIRECTION('center_axis',(-2.31296463463574E-17,0.,-1.));
#12956=DIRECTION('ref_axis',(1.,1.33226762955019E-16,-2.22044604925031E-17));
#12957=DIRECTION('',(0.,-1.,0.));
#12958=DIRECTION('',(-1.,-1.15648231731787E-16,0.));
#12959=DIRECTION('',(0.,-1.,0.));
#12960=DIRECTION('center_axis',(-1.,-1.15648231731787E-16,0.));
#12961=DIRECTION('ref_axis',(0.,-0.707106781186548,0.707106781186548));
#12962=DIRECTION('center_axis',(1.,0.,0.));
#12963=DIRECTION('ref_axis',(0.,-0.707106781186548,0.707106781186548));
#12964=DIRECTION('center_axis',(-1.,0.,0.));
#12965=DIRECTION('ref_axis',(0.,-0.707106781186548,0.707106781186548));
#12966=DIRECTION('',(-1.,-1.15648231731787E-16,0.));
#12967=DIRECTION('center_axis',(-1.,0.,0.));
#12968=DIRECTION('ref_axis',(0.,0.,1.));
#12969=DIRECTION('',(0.,1.,0.));
#12970=DIRECTION('',(0.,0.,1.));
#12971=DIRECTION('',(0.,1.,0.));
#12972=DIRECTION('center_axis',(0.,0.,1.));
#12973=DIRECTION('ref_axis',(1.,1.33226762955019E-16,0.));
#12974=DIRECTION('',(0.,1.,0.));
#12975=DIRECTION('',(1.,1.15648231731787E-16,0.));
#12976=DIRECTION('center_axis',(0.,1.,0.));
#12977=DIRECTION('ref_axis',(-0.989359135364853,0.,-0.145493990494833));
#12978=DIRECTION('',(0.,1.,0.));
#12979=DIRECTION('center_axis',(-1.15648231731787E-16,1.,3.08148791101958E-33));
#12980=DIRECTION('ref_axis',(-0.989359135364853,-1.14417634552635E-16,-0.145493990494833));
#12981=DIRECTION('',(0.,1.,0.));
#12982=DIRECTION('center_axis',(0.,0.,-1.));
#12983=DIRECTION('ref_axis',(-1.,-1.33226762955019E-16,0.));
#12984=DIRECTION('',(-1.,-1.15648231731787E-16,0.));
#12985=DIRECTION('',(0.,1.,0.));
#12986=DIRECTION('center_axis',(0.,1.,0.));
#12987=DIRECTION('ref_axis',(-1.,0.,0.));
#12988=DIRECTION('center_axis',(1.15648231731787E-16,-1.,0.));
#12989=DIRECTION('ref_axis',(-1.,-1.15648231731787E-16,0.));
#12990=DIRECTION('',(0.,1.,0.));
#12991=DIRECTION('center_axis',(-1.,0.,2.04085114820801E-17));
#12992=DIRECTION('ref_axis',(0.,0.,1.));
#12993=DIRECTION('',(2.04085114820801E-17,2.36020826518044E-33,1.));
#12994=DIRECTION('center_axis',(1.,0.,-4.08170229641602E-17));
#12995=DIRECTION('ref_axis',(0.,0.,-1.));
#12996=DIRECTION('',(-4.08170229641602E-17,-4.72041653036087E-33,-1.));
#12997=DIRECTION('',(0.,1.,0.));
#12998=DIRECTION('center_axis',(0.,1.,0.));
#12999=DIRECTION('ref_axis',(0.,0.,-1.));
#13000=DIRECTION('center_axis',(1.15648231731787E-16,-1.,0.));
#13001=DIRECTION('ref_axis',(0.,0.,-1.));
#13002=DIRECTION('',(0.,1.,0.));
#13003=DIRECTION('center_axis',(0.,0.,-1.));
#13004=DIRECTION('ref_axis',(-1.,-1.33226762955019E-16,0.));
#13005=DIRECTION('',(-1.,-1.15648231731787E-16,0.));
#13006=DIRECTION('',(0.,1.,0.));
#13007=DIRECTION('center_axis',(0.,1.,0.));
#13008=DIRECTION('ref_axis',(0.,0.,-1.));
#13009=DIRECTION('center_axis',(-1.15648231731787E-16,1.,0.));
#13010=DIRECTION('ref_axis',(0.,0.,-1.));
#13011=DIRECTION('',(0.,1.,0.));
#13012=DIRECTION('center_axis',(0.989359135364853,0.,-0.145493990494832));
#13013=DIRECTION('ref_axis',(-0.145493990494832,0.,-0.989359135364853));
#13014=DIRECTION('',(-0.145493990494832,-1.68261227283288E-17,-0.989359135364853));
#13015=DIRECTION('',(0.,1.,0.));
#13016=DIRECTION('center_axis',(1.,0.,0.));
#13017=DIRECTION('ref_axis',(0.,0.,-1.));
#13018=DIRECTION('',(0.,0.,-1.));
#13019=DIRECTION('center_axis',(-0.989359135364853,0.,-0.145493990494832));
#13020=DIRECTION('ref_axis',(-0.145493990494832,0.,0.989359135364853));
#13021=DIRECTION('',(-0.145493990494832,-1.68261227283287E-17,0.989359135364853));
#13022=DIRECTION('center_axis',(1.15648231731787E-16,-1.,0.));
#13023=DIRECTION('ref_axis',(0.,0.,-1.));
#13024=DIRECTION('center_axis',(0.707106781186548,0.,-0.707106781186548));
#13025=DIRECTION('ref_axis',(-0.707106781186548,0.,-0.707106781186547));
#13026=DIRECTION('',(0.707106781186547,8.177564888978E-17,0.707106781186547));
#13027=DIRECTION('',(0.,-1.,0.));
#13028=DIRECTION('',(-0.707106781186547,-8.177564888978E-17,-0.707106781186547));
#13029=DIRECTION('',(0.,1.,0.));
#13030=DIRECTION('center_axis',(0.,0.,-1.));
#13031=DIRECTION('ref_axis',(-1.,-1.33226762955019E-16,0.));
#13032=DIRECTION('',(1.,1.15648231731787E-16,0.));
#13033=DIRECTION('',(0.,-1.,0.));
#13034=DIRECTION('',(-1.,-1.15648231731787E-16,0.));
#13035=DIRECTION('center_axis',(1.15648231731787E-16,-1.,0.));
#13036=DIRECTION('ref_axis',(0.,0.,-1.));
#13037=DIRECTION('',(4.08170229641602E-17,4.72041653036087E-33,1.));
#13038=DIRECTION('center_axis',(-1.15648231731787E-16,1.,0.));
#13039=DIRECTION('ref_axis',(0.,0.,-1.));
#13040=DIRECTION('',(1.,1.15648231731787E-16,0.));
#13041=DIRECTION('center_axis',(1.15648231731787E-16,-1.,0.));
#13042=DIRECTION('ref_axis',(0.,0.,-1.));
#13043=DIRECTION('',(0.145493990494832,1.68261227283288E-17,0.989359135364853));
#13044=DIRECTION('',(0.,0.,1.));
#13045=DIRECTION('',(1.,1.15648231731787E-16,0.));
#13046=DIRECTION('',(0.,0.,-1.));
#13047=DIRECTION('',(0.145493990494832,1.68261227283287E-17,-0.989359135364853));
#13048=DIRECTION('center_axis',(1.15648231731787E-16,-1.,-3.08148791101958E-33));
#13049=DIRECTION('ref_axis',(-0.989359135364853,-1.14417634552635E-16,-0.145493990494833));
#13050=DIRECTION('',(1.,1.15648231731787E-16,0.));
#13051=DIRECTION('center_axis',(-1.15648231731787E-16,1.,0.));
#13052=DIRECTION('ref_axis',(-1.,-1.15648231731787E-16,0.));
#13053=DIRECTION('',(-2.04085114820801E-17,-2.36020826518044E-33,-1.));
#13054=DIRECTION('',(-0.707106781186548,-8.177564888978E-17,0.707106781186548));
#13055=DIRECTION('center_axis',(-0.707106781186548,0.,-0.707106781186548));
#13056=DIRECTION('ref_axis',(-0.707106781186548,0.,0.707106781186548));
#13057=DIRECTION('',(0.707106781186548,8.177564888978E-17,-0.707106781186548));
#13058=DIRECTION('',(0.,1.,0.));
#13059=DIRECTION('center_axis',(1.,1.15648231731787E-16,-2.31296463463574E-17));
#13060=DIRECTION('ref_axis',(0.,-0.707106781186548,0.707106781186548));
#13061=DIRECTION('center_axis',(-1.,0.,0.));
#13062=DIRECTION('ref_axis',(0.,-0.707106781186548,0.707106781186548));
#13063=DIRECTION('',(1.,1.15648231731787E-16,-2.31296463463574E-17));
#13064=DIRECTION('center_axis',(1.,0.,0.));
#13065=DIRECTION('ref_axis',(0.,-0.707106781186548,0.707106781186548));
#13066=DIRECTION('',(-1.,-1.15648231731787E-16,2.31296463463574E-17));
#13067=DIRECTION('center_axis',(-2.31296463463574E-17,0.,-1.));
#13068=DIRECTION('ref_axis',(1.,1.33226762955019E-16,-2.22044604925031E-17));
#13069=DIRECTION('',(0.,-1.,0.));
#13070=DIRECTION('',(-1.,-1.15648231731787E-16,0.));
#13071=DIRECTION('',(0.,-1.,0.));
#13072=DIRECTION('center_axis',(-1.,-1.15648231731787E-16,0.));
#13073=DIRECTION('ref_axis',(0.,-0.707106781186548,0.707106781186548));
#13074=DIRECTION('center_axis',(1.,0.,0.));
#13075=DIRECTION('ref_axis',(0.,-0.707106781186548,0.707106781186548));
#13076=DIRECTION('center_axis',(-1.,0.,0.));
#13077=DIRECTION('ref_axis',(0.,-0.707106781186548,0.707106781186548));
#13078=DIRECTION('',(-1.,-1.15648231731787E-16,0.));
#13079=DIRECTION('center_axis',(-1.,0.,0.));
#13080=DIRECTION('ref_axis',(0.,0.,1.));
#13081=DIRECTION('',(0.,1.,0.));
#13082=DIRECTION('',(0.,0.,1.));
#13083=DIRECTION('',(0.,1.,0.));
#13084=DIRECTION('center_axis',(0.,0.,1.));
#13085=DIRECTION('ref_axis',(1.,1.33226762955019E-16,0.));
#13086=DIRECTION('',(0.,1.,0.));
#13087=DIRECTION('',(1.,1.15648231731787E-16,0.));
#13088=DIRECTION('center_axis',(0.,1.,0.));
#13089=DIRECTION('ref_axis',(-0.989359135364853,0.,-0.145493990494833));
#13090=DIRECTION('',(0.,1.,0.));
#13091=DIRECTION('center_axis',(-1.15648231731787E-16,1.,3.08148791101958E-33));
#13092=DIRECTION('ref_axis',(-0.989359135364853,-1.14417634552635E-16,-0.145493990494833));
#13093=DIRECTION('',(0.,1.,0.));
#13094=DIRECTION('center_axis',(0.,0.,-1.));
#13095=DIRECTION('ref_axis',(-1.,-1.33226762955019E-16,0.));
#13096=DIRECTION('',(-1.,-1.15648231731787E-16,0.));
#13097=DIRECTION('',(0.,1.,0.));
#13098=DIRECTION('center_axis',(0.,1.,0.));
#13099=DIRECTION('ref_axis',(-1.,0.,0.));
#13100=DIRECTION('center_axis',(1.15648231731787E-16,-1.,0.));
#13101=DIRECTION('ref_axis',(-1.,-1.15648231731787E-16,0.));
#13102=DIRECTION('',(0.,1.,0.));
#13103=DIRECTION('center_axis',(-1.,0.,2.04085114820801E-17));
#13104=DIRECTION('ref_axis',(0.,0.,1.));
#13105=DIRECTION('',(2.04085114820801E-17,2.36020826518044E-33,1.));
#13106=DIRECTION('center_axis',(1.,0.,-4.08170229641602E-17));
#13107=DIRECTION('ref_axis',(-4.44089209850063E-17,0.,-1.));
#13108=DIRECTION('',(-4.08170229641602E-17,-4.72041653036087E-33,-1.));
#13109=DIRECTION('',(0.,1.,0.));
#13110=DIRECTION('center_axis',(0.,1.,0.));
#13111=DIRECTION('ref_axis',(0.,0.,-1.));
#13112=DIRECTION('center_axis',(1.15648231731787E-16,-1.,0.));
#13113=DIRECTION('ref_axis',(0.,0.,-1.));
#13114=DIRECTION('',(0.,1.,0.));
#13115=DIRECTION('center_axis',(0.,0.,-1.));
#13116=DIRECTION('ref_axis',(-1.,-1.33226762955019E-16,0.));
#13117=DIRECTION('',(-1.,-1.15648231731787E-16,0.));
#13118=DIRECTION('',(0.,1.,0.));
#13119=DIRECTION('center_axis',(0.,1.,0.));
#13120=DIRECTION('ref_axis',(0.,0.,-1.));
#13121=DIRECTION('center_axis',(-1.15648231731787E-16,1.,0.));
#13122=DIRECTION('ref_axis',(0.,0.,-1.));
#13123=DIRECTION('',(0.,1.,0.));
#13124=DIRECTION('center_axis',(0.989359135364853,0.,-0.145493990494832));
#13125=DIRECTION('ref_axis',(-0.145493990494832,0.,-0.989359135364853));
#13126=DIRECTION('',(-0.145493990494832,-1.68261227283288E-17,-0.989359135364853));
#13127=DIRECTION('',(0.,1.,0.));
#13128=DIRECTION('center_axis',(1.,0.,0.));
#13129=DIRECTION('ref_axis',(0.,0.,-1.));
#13130=DIRECTION('',(0.,0.,-1.));
#13131=DIRECTION('center_axis',(-0.989359135364853,0.,-0.145493990494832));
#13132=DIRECTION('ref_axis',(-0.145493990494832,0.,0.989359135364853));
#13133=DIRECTION('',(-0.145493990494832,-1.68261227283287E-17,0.989359135364853));
#13134=DIRECTION('center_axis',(1.15648231731787E-16,-1.,0.));
#13135=DIRECTION('ref_axis',(0.,0.,-1.));
#13136=DIRECTION('center_axis',(0.707106781186548,0.,-0.707106781186548));
#13137=DIRECTION('ref_axis',(-0.707106781186548,0.,-0.707106781186547));
#13138=DIRECTION('',(0.707106781186547,8.177564888978E-17,0.707106781186547));
#13139=DIRECTION('',(0.,-1.,0.));
#13140=DIRECTION('',(-0.707106781186547,-8.177564888978E-17,-0.707106781186547));
#13141=DIRECTION('',(0.,1.,0.));
#13142=DIRECTION('center_axis',(0.,0.,-1.));
#13143=DIRECTION('ref_axis',(-1.,-1.33226762955019E-16,0.));
#13144=DIRECTION('',(1.,1.15648231731787E-16,0.));
#13145=DIRECTION('',(0.,-1.,0.));
#13146=DIRECTION('',(-1.,-1.15648231731787E-16,0.));
#13147=DIRECTION('center_axis',(1.15648231731787E-16,-1.,0.));
#13148=DIRECTION('ref_axis',(0.,0.,-1.));
#13149=DIRECTION('',(4.08170229641602E-17,4.72041653036087E-33,1.));
#13150=DIRECTION('center_axis',(-1.15648231731787E-16,1.,0.));
#13151=DIRECTION('ref_axis',(0.,0.,-1.));
#13152=DIRECTION('',(1.,1.15648231731787E-16,0.));
#13153=DIRECTION('center_axis',(1.15648231731787E-16,-1.,0.));
#13154=DIRECTION('ref_axis',(0.,0.,-1.));
#13155=DIRECTION('',(0.145493990494832,1.68261227283288E-17,0.989359135364853));
#13156=DIRECTION('',(0.,0.,1.));
#13157=DIRECTION('',(1.,1.15648231731787E-16,0.));
#13158=DIRECTION('',(0.,0.,-1.));
#13159=DIRECTION('',(0.145493990494832,1.68261227283287E-17,-0.989359135364853));
#13160=DIRECTION('center_axis',(1.15648231731787E-16,-1.,-3.08148791101958E-33));
#13161=DIRECTION('ref_axis',(-0.989359135364853,-1.14417634552635E-16,-0.145493990494833));
#13162=DIRECTION('',(1.,1.15648231731787E-16,0.));
#13163=DIRECTION('center_axis',(-1.15648231731787E-16,1.,0.));
#13164=DIRECTION('ref_axis',(-1.,-1.15648231731787E-16,0.));
#13165=DIRECTION('',(-2.04085114820801E-17,-2.36020826518044E-33,-1.));
#13166=DIRECTION('',(-0.707106781186548,-8.177564888978E-17,0.707106781186548));
#13167=DIRECTION('center_axis',(-0.707106781186548,0.,-0.707106781186548));
#13168=DIRECTION('ref_axis',(-0.707106781186548,0.,0.707106781186548));
#13169=DIRECTION('',(0.707106781186548,8.177564888978E-17,-0.707106781186548));
#13170=DIRECTION('',(0.,1.,0.));
#13171=DIRECTION('center_axis',(1.,1.15648231731787E-16,-2.31296463463574E-17));
#13172=DIRECTION('ref_axis',(0.,-0.707106781186548,0.707106781186548));
#13173=DIRECTION('center_axis',(-1.,0.,0.));
#13174=DIRECTION('ref_axis',(0.,-0.707106781186548,0.707106781186548));
#13175=DIRECTION('',(1.,1.15648231731787E-16,-2.31296463463574E-17));
#13176=DIRECTION('center_axis',(1.,0.,0.));
#13177=DIRECTION('ref_axis',(0.,-0.707106781186548,0.707106781186548));
#13178=DIRECTION('',(-1.,-1.15648231731787E-16,2.31296463463574E-17));
#13179=DIRECTION('center_axis',(-2.31296463463574E-17,0.,-1.));
#13180=DIRECTION('ref_axis',(1.,1.33226762955019E-16,-2.22044604925031E-17));
#13181=DIRECTION('',(0.,-1.,0.));
#13182=DIRECTION('',(-1.,-1.15648231731787E-16,0.));
#13183=DIRECTION('',(0.,-1.,0.));
#13184=DIRECTION('center_axis',(-1.,-1.15648231731787E-16,0.));
#13185=DIRECTION('ref_axis',(0.,-0.707106781186548,0.707106781186548));
#13186=DIRECTION('center_axis',(1.,0.,0.));
#13187=DIRECTION('ref_axis',(0.,-0.707106781186548,0.707106781186548));
#13188=DIRECTION('center_axis',(-1.,0.,0.));
#13189=DIRECTION('ref_axis',(0.,-0.707106781186548,0.707106781186548));
#13190=DIRECTION('',(-1.,-1.15648231731787E-16,0.));
#13191=DIRECTION('center_axis',(-1.,0.,0.));
#13192=DIRECTION('ref_axis',(0.,0.,1.));
#13193=DIRECTION('',(0.,1.,0.));
#13194=DIRECTION('',(0.,0.,1.));
#13195=DIRECTION('',(0.,1.,0.));
#13196=DIRECTION('center_axis',(0.,0.,1.));
#13197=DIRECTION('ref_axis',(1.,1.33226762955019E-16,0.));
#13198=DIRECTION('',(0.,1.,0.));
#13199=DIRECTION('',(1.,1.15648231731787E-16,0.));
#13200=DIRECTION('center_axis',(0.,1.,0.));
#13201=DIRECTION('ref_axis',(-0.989359135364853,0.,-0.145493990494833));
#13202=DIRECTION('',(0.,1.,0.));
#13203=DIRECTION('center_axis',(-1.15648231731787E-16,1.,3.08148791101958E-33));
#13204=DIRECTION('ref_axis',(-0.989359135364853,-1.14417634552635E-16,-0.145493990494833));
#13205=DIRECTION('',(0.,1.,0.));
#13206=DIRECTION('center_axis',(0.,0.,-1.));
#13207=DIRECTION('ref_axis',(-1.,-1.33226762955019E-16,0.));
#13208=DIRECTION('',(-1.,-1.15648231731787E-16,0.));
#13209=DIRECTION('',(0.,1.,0.));
#13210=DIRECTION('center_axis',(0.,1.,0.));
#13211=DIRECTION('ref_axis',(-1.,0.,0.));
#13212=DIRECTION('center_axis',(1.15648231731787E-16,-1.,0.));
#13213=DIRECTION('ref_axis',(-1.,-1.15648231731787E-16,0.));
#13214=DIRECTION('',(0.,1.,0.));
#13215=DIRECTION('center_axis',(-1.,0.,2.04085114820801E-17));
#13216=DIRECTION('ref_axis',(1.94289029309402E-17,0.,1.));
#13217=DIRECTION('',(2.04085114820801E-17,2.36020826518044E-33,1.));
#13218=DIRECTION('center_axis',(1.,0.,-4.08170229641602E-17));
#13219=DIRECTION('ref_axis',(-3.88578058618805E-17,0.,-1.));
#13220=DIRECTION('',(-4.08170229641602E-17,-4.72041653036087E-33,-1.));
#13221=DIRECTION('',(0.,1.,0.));
#13222=DIRECTION('center_axis',(0.,1.,0.));
#13223=DIRECTION('ref_axis',(0.,0.,-1.));
#13224=DIRECTION('center_axis',(1.15648231731787E-16,-1.,0.));
#13225=DIRECTION('ref_axis',(0.,0.,-1.));
#13226=DIRECTION('',(0.,1.,0.));
#13227=DIRECTION('center_axis',(0.,0.,-1.));
#13228=DIRECTION('ref_axis',(-1.,-1.33226762955019E-16,0.));
#13229=DIRECTION('',(-1.,-1.15648231731787E-16,0.));
#13230=DIRECTION('',(0.,1.,0.));
#13231=DIRECTION('center_axis',(0.,1.,0.));
#13232=DIRECTION('ref_axis',(0.,0.,-1.));
#13233=DIRECTION('center_axis',(-1.15648231731787E-16,1.,0.));
#13234=DIRECTION('ref_axis',(0.,0.,-1.));
#13235=DIRECTION('',(0.,1.,0.));
#13236=DIRECTION('center_axis',(0.989359135364853,0.,-0.145493990494832));
#13237=DIRECTION('ref_axis',(-0.145493990494832,0.,-0.989359135364853));
#13238=DIRECTION('',(-0.145493990494832,-1.68261227283288E-17,-0.989359135364853));
#13239=DIRECTION('',(0.,1.,0.));
#13240=DIRECTION('center_axis',(1.,0.,0.));
#13241=DIRECTION('ref_axis',(0.,0.,-1.));
#13242=DIRECTION('',(0.,0.,-1.));
#13243=DIRECTION('center_axis',(-0.989359135364853,0.,-0.145493990494832));
#13244=DIRECTION('ref_axis',(-0.145493990494832,0.,0.989359135364853));
#13245=DIRECTION('',(-0.145493990494832,-1.68261227283287E-17,0.989359135364853));
#13246=DIRECTION('center_axis',(1.15648231731787E-16,-1.,0.));
#13247=DIRECTION('ref_axis',(0.,0.,-1.));
#13248=DIRECTION('center_axis',(0.707106781186548,0.,-0.707106781186548));
#13249=DIRECTION('ref_axis',(-0.707106781186548,0.,-0.707106781186548));
#13250=DIRECTION('',(0.707106781186547,8.177564888978E-17,0.707106781186547));
#13251=DIRECTION('',(0.,-1.,0.));
#13252=DIRECTION('',(-0.707106781186547,-8.177564888978E-17,-0.707106781186547));
#13253=DIRECTION('',(0.,1.,0.));
#13254=DIRECTION('center_axis',(0.,0.,-1.));
#13255=DIRECTION('ref_axis',(-1.,-1.33226762955019E-16,0.));
#13256=DIRECTION('',(1.,1.15648231731787E-16,0.));
#13257=DIRECTION('',(0.,-1.,0.));
#13258=DIRECTION('',(-1.,-1.15648231731787E-16,0.));
#13259=DIRECTION('center_axis',(1.15648231731787E-16,-1.,0.));
#13260=DIRECTION('ref_axis',(0.,0.,-1.));
#13261=DIRECTION('',(4.08170229641602E-17,4.72041653036087E-33,1.));
#13262=DIRECTION('center_axis',(-1.15648231731787E-16,1.,0.));
#13263=DIRECTION('ref_axis',(0.,0.,-1.));
#13264=DIRECTION('',(1.,1.15648231731787E-16,0.));
#13265=DIRECTION('center_axis',(1.15648231731787E-16,-1.,0.));
#13266=DIRECTION('ref_axis',(0.,0.,-1.));
#13267=DIRECTION('',(0.145493990494832,1.68261227283288E-17,0.989359135364853));
#13268=DIRECTION('',(0.,0.,1.));
#13269=DIRECTION('',(1.,1.15648231731787E-16,0.));
#13270=DIRECTION('',(0.,0.,-1.));
#13271=DIRECTION('',(0.145493990494832,1.68261227283287E-17,-0.989359135364853));
#13272=DIRECTION('center_axis',(1.15648231731787E-16,-1.,-3.08148791101958E-33));
#13273=DIRECTION('ref_axis',(-0.989359135364853,-1.14417634552635E-16,-0.145493990494833));
#13274=DIRECTION('',(1.,1.15648231731787E-16,0.));
#13275=DIRECTION('center_axis',(-1.15648231731787E-16,1.,0.));
#13276=DIRECTION('ref_axis',(-1.,-1.15648231731787E-16,0.));
#13277=DIRECTION('',(-2.04085114820801E-17,-2.36020826518044E-33,-1.));
#13278=DIRECTION('',(-0.707106781186548,-8.177564888978E-17,0.707106781186548));
#13279=DIRECTION('center_axis',(-0.707106781186548,0.,-0.707106781186548));
#13280=DIRECTION('ref_axis',(-0.707106781186548,0.,0.707106781186548));
#13281=DIRECTION('',(0.707106781186548,8.177564888978E-17,-0.707106781186548));
#13282=DIRECTION('',(0.,1.,0.));
#13283=DIRECTION('center_axis',(1.,1.15648231731787E-16,-2.31296463463574E-17));
#13284=DIRECTION('ref_axis',(0.,-0.707106781186548,0.707106781186548));
#13285=DIRECTION('center_axis',(-1.,0.,0.));
#13286=DIRECTION('ref_axis',(0.,-0.707106781186548,0.707106781186548));
#13287=DIRECTION('',(1.,1.15648231731787E-16,-2.31296463463574E-17));
#13288=DIRECTION('center_axis',(1.,0.,0.));
#13289=DIRECTION('ref_axis',(0.,-0.707106781186548,0.707106781186548));
#13290=DIRECTION('',(-1.,-1.15648231731787E-16,2.31296463463574E-17));
#13291=DIRECTION('center_axis',(-2.31296463463574E-17,0.,-1.));
#13292=DIRECTION('ref_axis',(1.,1.33226762955019E-16,-2.22044604925031E-17));
#13293=DIRECTION('',(0.,-1.,0.));
#13294=DIRECTION('',(-1.,-1.15648231731787E-16,0.));
#13295=DIRECTION('',(0.,-1.,0.));
#13296=DIRECTION('center_axis',(-1.,-1.15648231731787E-16,0.));
#13297=DIRECTION('ref_axis',(0.,-0.707106781186548,0.707106781186548));
#13298=DIRECTION('center_axis',(1.,0.,0.));
#13299=DIRECTION('ref_axis',(0.,-0.707106781186548,0.707106781186548));
#13300=DIRECTION('center_axis',(-1.,0.,0.));
#13301=DIRECTION('ref_axis',(0.,-0.707106781186548,0.707106781186548));
#13302=DIRECTION('',(-1.,-1.15648231731787E-16,0.));
#13303=DIRECTION('center_axis',(-1.,0.,0.));
#13304=DIRECTION('ref_axis',(0.,0.,1.));
#13305=DIRECTION('',(0.,1.,0.));
#13306=DIRECTION('',(0.,0.,1.));
#13307=DIRECTION('',(0.,1.,0.));
#13308=DIRECTION('center_axis',(0.,0.,1.));
#13309=DIRECTION('ref_axis',(1.,1.33226762955019E-16,0.));
#13310=DIRECTION('',(0.,1.,0.));
#13311=DIRECTION('',(1.,1.15648231731787E-16,0.));
#13312=DIRECTION('center_axis',(0.,1.,0.));
#13313=DIRECTION('ref_axis',(-0.989359135364853,0.,-0.145493990494833));
#13314=DIRECTION('',(0.,1.,0.));
#13315=DIRECTION('center_axis',(-1.15648231731787E-16,1.,3.08148791101958E-33));
#13316=DIRECTION('ref_axis',(-0.989359135364853,-1.14417634552635E-16,-0.145493990494833));
#13317=DIRECTION('',(0.,1.,0.));
#13318=DIRECTION('center_axis',(0.,0.,-1.));
#13319=DIRECTION('ref_axis',(-1.,-1.33226762955019E-16,0.));
#13320=DIRECTION('',(-1.,-1.15648231731787E-16,0.));
#13321=DIRECTION('',(0.,1.,0.));
#13322=DIRECTION('center_axis',(0.,1.,0.));
#13323=DIRECTION('ref_axis',(-1.,0.,0.));
#13324=DIRECTION('center_axis',(1.15648231731787E-16,-1.,0.));
#13325=DIRECTION('ref_axis',(-1.,-1.15648231731787E-16,0.));
#13326=DIRECTION('',(0.,1.,0.));
#13327=DIRECTION('center_axis',(-1.,0.,2.04085114820801E-17));
#13328=DIRECTION('ref_axis',(0.,0.,1.));
#13329=DIRECTION('',(2.04085114820801E-17,2.36020826518044E-33,1.));
#13330=DIRECTION('center_axis',(1.,0.,-4.08170229641602E-17));
#13331=DIRECTION('ref_axis',(-4.44089209850063E-17,0.,-1.));
#13332=DIRECTION('',(-4.08170229641602E-17,-4.72041653036087E-33,-1.));
#13333=DIRECTION('',(0.,1.,0.));
#13334=DIRECTION('center_axis',(0.,1.,0.));
#13335=DIRECTION('ref_axis',(0.,0.,-1.));
#13336=DIRECTION('center_axis',(1.15648231731787E-16,-1.,0.));
#13337=DIRECTION('ref_axis',(0.,0.,-1.));
#13338=DIRECTION('',(0.,1.,0.));
#13339=DIRECTION('center_axis',(0.,0.,-1.));
#13340=DIRECTION('ref_axis',(-1.,-1.33226762955019E-16,0.));
#13341=DIRECTION('',(-1.,-1.15648231731787E-16,0.));
#13342=DIRECTION('',(0.,1.,0.));
#13343=DIRECTION('center_axis',(0.,1.,0.));
#13344=DIRECTION('ref_axis',(0.,0.,-1.));
#13345=DIRECTION('center_axis',(-1.15648231731787E-16,1.,0.));
#13346=DIRECTION('ref_axis',(0.,0.,-1.));
#13347=DIRECTION('',(0.,1.,0.));
#13348=DIRECTION('center_axis',(0.989359135364853,0.,-0.145493990494832));
#13349=DIRECTION('ref_axis',(-0.145493990494832,0.,-0.989359135364853));
#13350=DIRECTION('',(-0.145493990494832,-1.68261227283288E-17,-0.989359135364853));
#13351=DIRECTION('',(0.,1.,0.));
#13352=DIRECTION('center_axis',(1.,0.,0.));
#13353=DIRECTION('ref_axis',(0.,0.,-1.));
#13354=DIRECTION('',(0.,0.,-1.));
#13355=DIRECTION('center_axis',(-0.989359135364853,0.,-0.145493990494832));
#13356=DIRECTION('ref_axis',(-0.145493990494832,0.,0.989359135364853));
#13357=DIRECTION('',(-0.145493990494832,-1.68261227283287E-17,0.989359135364853));
#13358=DIRECTION('center_axis',(1.15648231731787E-16,-1.,0.));
#13359=DIRECTION('ref_axis',(0.,0.,-1.));
#13360=DIRECTION('center_axis',(0.707106781186548,0.,-0.707106781186548));
#13361=DIRECTION('ref_axis',(-0.707106781186548,0.,-0.707106781186548));
#13362=DIRECTION('',(0.707106781186547,8.177564888978E-17,0.707106781186547));
#13363=DIRECTION('',(0.,-1.,0.));
#13364=DIRECTION('',(-0.707106781186547,-8.177564888978E-17,-0.707106781186547));
#13365=DIRECTION('',(0.,1.,0.));
#13366=DIRECTION('center_axis',(0.,0.,-1.));
#13367=DIRECTION('ref_axis',(-1.,-1.33226762955019E-16,0.));
#13368=DIRECTION('',(1.,1.15648231731787E-16,0.));
#13369=DIRECTION('',(0.,-1.,0.));
#13370=DIRECTION('',(-1.,-1.15648231731787E-16,0.));
#13371=DIRECTION('center_axis',(1.15648231731787E-16,-1.,0.));
#13372=DIRECTION('ref_axis',(0.,0.,-1.));
#13373=DIRECTION('',(4.08170229641602E-17,4.72041653036087E-33,1.));
#13374=DIRECTION('center_axis',(-1.15648231731787E-16,1.,0.));
#13375=DIRECTION('ref_axis',(0.,0.,-1.));
#13376=DIRECTION('',(1.,1.15648231731787E-16,0.));
#13377=DIRECTION('center_axis',(1.15648231731787E-16,-1.,0.));
#13378=DIRECTION('ref_axis',(0.,0.,-1.));
#13379=DIRECTION('',(0.145493990494832,1.68261227283288E-17,0.989359135364853));
#13380=DIRECTION('',(0.,0.,1.));
#13381=DIRECTION('',(1.,1.15648231731787E-16,0.));
#13382=DIRECTION('',(0.,0.,-1.));
#13383=DIRECTION('',(0.145493990494832,1.68261227283287E-17,-0.989359135364853));
#13384=DIRECTION('center_axis',(1.15648231731787E-16,-1.,-3.08148791101958E-33));
#13385=DIRECTION('ref_axis',(-0.989359135364853,-1.14417634552635E-16,-0.145493990494833));
#13386=DIRECTION('',(1.,1.15648231731787E-16,0.));
#13387=DIRECTION('center_axis',(-1.15648231731787E-16,1.,0.));
#13388=DIRECTION('ref_axis',(-1.,-1.15648231731787E-16,0.));
#13389=DIRECTION('',(-2.04085114820801E-17,-2.36020826518044E-33,-1.));
#13390=DIRECTION('',(-0.707106781186548,-8.177564888978E-17,0.707106781186548));
#13391=DIRECTION('center_axis',(-0.707106781186548,0.,-0.707106781186548));
#13392=DIRECTION('ref_axis',(-0.707106781186548,0.,0.707106781186548));
#13393=DIRECTION('',(0.707106781186548,8.177564888978E-17,-0.707106781186548));
#13394=DIRECTION('',(0.,1.,0.));
#13395=DIRECTION('center_axis',(1.,1.15648231731787E-16,-2.31296463463574E-17));
#13396=DIRECTION('ref_axis',(0.,-0.707106781186548,0.707106781186548));
#13397=DIRECTION('center_axis',(-1.,0.,0.));
#13398=DIRECTION('ref_axis',(0.,-0.707106781186548,0.707106781186548));
#13399=DIRECTION('',(1.,1.15648231731787E-16,-2.31296463463574E-17));
#13400=DIRECTION('center_axis',(1.,0.,0.));
#13401=DIRECTION('ref_axis',(0.,-0.707106781186548,0.707106781186548));
#13402=DIRECTION('',(-1.,-1.15648231731787E-16,2.31296463463574E-17));
#13403=DIRECTION('center_axis',(-2.31296463463574E-17,0.,-1.));
#13404=DIRECTION('ref_axis',(1.,1.33226762955019E-16,-2.22044604925031E-17));
#13405=DIRECTION('',(0.,-1.,0.));
#13406=DIRECTION('',(-1.,-1.15648231731787E-16,0.));
#13407=DIRECTION('',(0.,-1.,0.));
#13408=DIRECTION('center_axis',(-1.,-1.15648231731787E-16,0.));
#13409=DIRECTION('ref_axis',(0.,-0.707106781186548,0.707106781186548));
#13410=DIRECTION('center_axis',(1.,0.,0.));
#13411=DIRECTION('ref_axis',(0.,-0.707106781186548,0.707106781186548));
#13412=DIRECTION('center_axis',(-1.,0.,0.));
#13413=DIRECTION('ref_axis',(0.,-0.707106781186548,0.707106781186548));
#13414=DIRECTION('',(-1.,-1.15648231731787E-16,0.));
#13415=DIRECTION('center_axis',(-1.,0.,0.));
#13416=DIRECTION('ref_axis',(0.,0.,1.));
#13417=DIRECTION('',(0.,1.,0.));
#13418=DIRECTION('',(0.,0.,1.));
#13419=DIRECTION('',(0.,1.,0.));
#13420=DIRECTION('center_axis',(0.,0.,1.));
#13421=DIRECTION('ref_axis',(1.,1.33226762955019E-16,0.));
#13422=DIRECTION('',(0.,1.,0.));
#13423=DIRECTION('',(1.,1.15648231731787E-16,0.));
#13424=DIRECTION('center_axis',(0.,1.,0.));
#13425=DIRECTION('ref_axis',(-0.989359135364853,0.,-0.145493990494833));
#13426=DIRECTION('',(0.,1.,0.));
#13427=DIRECTION('center_axis',(-1.15648231731787E-16,1.,3.08148791101958E-33));
#13428=DIRECTION('ref_axis',(-0.989359135364853,-1.14417634552635E-16,-0.145493990494833));
#13429=DIRECTION('',(0.,1.,0.));
#13430=DIRECTION('center_axis',(0.,0.,-1.));
#13431=DIRECTION('ref_axis',(-1.,-1.33226762955019E-16,0.));
#13432=DIRECTION('',(-1.,-1.15648231731787E-16,0.));
#13433=DIRECTION('',(0.,1.,0.));
#13434=DIRECTION('center_axis',(0.,1.,0.));
#13435=DIRECTION('ref_axis',(-1.,0.,0.));
#13436=DIRECTION('center_axis',(1.15648231731787E-16,-1.,0.));
#13437=DIRECTION('ref_axis',(-1.,-1.15648231731787E-16,0.));
#13438=DIRECTION('',(0.,1.,0.));
#13439=DIRECTION('center_axis',(-1.,0.,2.04085114820801E-17));
#13440=DIRECTION('ref_axis',(0.,0.,1.));
#13441=DIRECTION('',(2.04085114820801E-17,2.36020826518044E-33,1.));
#13442=DIRECTION('center_axis',(1.,0.,-4.08170229641602E-17));
#13443=DIRECTION('ref_axis',(0.,0.,-1.));
#13444=DIRECTION('',(-4.08170229641602E-17,-4.72041653036087E-33,-1.));
#13445=DIRECTION('',(0.,1.,0.));
#13446=DIRECTION('center_axis',(0.,1.,0.));
#13447=DIRECTION('ref_axis',(0.,0.,-1.));
#13448=DIRECTION('center_axis',(1.15648231731787E-16,-1.,0.));
#13449=DIRECTION('ref_axis',(0.,0.,-1.));
#13450=DIRECTION('',(0.,1.,0.));
#13451=DIRECTION('center_axis',(0.,0.,-1.));
#13452=DIRECTION('ref_axis',(-1.,-1.33226762955019E-16,0.));
#13453=DIRECTION('',(-1.,-1.15648231731787E-16,0.));
#13454=DIRECTION('',(0.,1.,0.));
#13455=DIRECTION('center_axis',(0.,1.,0.));
#13456=DIRECTION('ref_axis',(0.,0.,-1.));
#13457=DIRECTION('center_axis',(-1.15648231731787E-16,1.,0.));
#13458=DIRECTION('ref_axis',(0.,0.,-1.));
#13459=DIRECTION('',(0.,1.,0.));
#13460=DIRECTION('center_axis',(0.989359135364853,0.,-0.145493990494832));
#13461=DIRECTION('ref_axis',(-0.145493990494832,0.,-0.989359135364853));
#13462=DIRECTION('',(-0.145493990494832,-1.68261227283288E-17,-0.989359135364853));
#13463=DIRECTION('',(0.,1.,0.));
#13464=DIRECTION('center_axis',(1.,0.,0.));
#13465=DIRECTION('ref_axis',(0.,0.,-1.));
#13466=DIRECTION('',(0.,0.,-1.));
#13467=DIRECTION('center_axis',(-0.989359135364853,0.,-0.145493990494832));
#13468=DIRECTION('ref_axis',(-0.145493990494832,0.,0.989359135364853));
#13469=DIRECTION('',(-0.145493990494832,-1.68261227283287E-17,0.989359135364853));
#13470=DIRECTION('center_axis',(1.15648231731787E-16,-1.,0.));
#13471=DIRECTION('ref_axis',(0.,0.,-1.));
#13472=DIRECTION('center_axis',(1.15648231731787E-16,-1.,0.));
#13473=DIRECTION('ref_axis',(1.,1.33226762955019E-16,0.));
#13474=DIRECTION('',(1.,1.15648231731787E-16,0.));
#13475=DIRECTION('',(0.,0.,-1.));
#13476=DIRECTION('',(-1.,-1.15648231731787E-16,0.));
#13477=DIRECTION('center_axis',(1.15648231731787E-16,-1.,0.));
#13478=DIRECTION('ref_axis',(1.,1.33226762955019E-16,0.));
#13479=DIRECTION('',(1.,1.15648231731787E-16,0.));
#13480=DIRECTION('',(-1.,-1.15648231731787E-16,0.));
#13481=DIRECTION('center_axis',(1.15648231731787E-16,-1.,0.));
#13482=DIRECTION('ref_axis',(1.,1.33226762955019E-16,0.));
#13483=DIRECTION('',(1.,1.15648231731787E-16,0.));
#13484=DIRECTION('',(-1.,-1.15648231731787E-16,0.));
#13485=DIRECTION('center_axis',(1.15648231731787E-16,-1.,0.));
#13486=DIRECTION('ref_axis',(1.,1.33226762955019E-16,0.));
#13487=DIRECTION('',(1.,1.15648231731787E-16,0.));
#13488=DIRECTION('',(-1.,-1.15648231731787E-16,0.));
#13489=DIRECTION('center_axis',(1.15648231731787E-16,-1.,0.));
#13490=DIRECTION('ref_axis',(1.,1.33226762955019E-16,0.));
#13491=DIRECTION('',(1.,1.15648231731787E-16,0.));
#13492=DIRECTION('',(-1.,-1.15648231731787E-16,0.));
#13493=DIRECTION('center_axis',(1.15648231731787E-16,-1.,0.));
#13494=DIRECTION('ref_axis',(1.,1.33226762955019E-16,0.));
#13495=DIRECTION('',(1.,1.15648231731787E-16,0.));
#13496=DIRECTION('',(-1.,-1.15648231731787E-16,0.));
#13497=DIRECTION('center_axis',(1.15648231731787E-16,-1.,0.));
#13498=DIRECTION('ref_axis',(1.,1.33226762955019E-16,0.));
#13499=DIRECTION('',(-1.,-1.15648231731787E-16,0.));
#13500=DIRECTION('',(0.,0.,1.));
#13501=DIRECTION('',(1.,1.15648231731787E-16,0.));
#13502=DIRECTION('center_axis',(0.707106781186548,0.,-0.707106781186548));
#13503=DIRECTION('ref_axis',(-0.707106781186548,0.,-0.707106781186548));
#13504=DIRECTION('',(0.707106781186547,8.177564888978E-17,0.707106781186547));
#13505=DIRECTION('',(0.,-1.,0.));
#13506=DIRECTION('',(-0.707106781186547,-8.177564888978E-17,-0.707106781186547));
#13507=DIRECTION('',(0.,1.,0.));
#13508=DIRECTION('center_axis',(0.,0.,-1.));
#13509=DIRECTION('ref_axis',(-1.,-1.33226762955019E-16,0.));
#13510=DIRECTION('',(1.,1.15648231731787E-16,0.));
#13511=DIRECTION('',(0.,-1.,0.));
#13512=DIRECTION('',(-1.,-1.15648231731787E-16,0.));
#13513=DIRECTION('center_axis',(1.15648231731787E-16,-1.,0.));
#13514=DIRECTION('ref_axis',(0.,0.,-1.));
#13515=DIRECTION('',(4.08170229641602E-17,4.72041653036087E-33,1.));
#13516=DIRECTION('center_axis',(-1.15648231731787E-16,1.,0.));
#13517=DIRECTION('ref_axis',(0.,0.,-1.));
#13518=DIRECTION('',(1.,1.15648231731787E-16,0.));
#13519=DIRECTION('center_axis',(1.15648231731787E-16,-1.,0.));
#13520=DIRECTION('ref_axis',(0.,0.,-1.));
#13521=DIRECTION('',(0.145493990494832,1.68261227283288E-17,0.989359135364853));
#13522=DIRECTION('',(0.,0.,1.));
#13523=DIRECTION('',(1.,1.15648231731787E-16,0.));
#13524=DIRECTION('',(0.,0.,-1.));
#13525=DIRECTION('',(0.145493990494832,1.68261227283287E-17,-0.989359135364853));
#13526=DIRECTION('center_axis',(1.15648231731787E-16,-1.,-3.08148791101958E-33));
#13527=DIRECTION('ref_axis',(-0.989359135364853,-1.14417634552635E-16,-0.145493990494833));
#13528=DIRECTION('',(1.,1.15648231731787E-16,0.));
#13529=DIRECTION('center_axis',(-1.15648231731787E-16,1.,0.));
#13530=DIRECTION('ref_axis',(-1.,-1.15648231731787E-16,0.));
#13531=DIRECTION('',(-2.04085114820801E-17,-2.36020826518044E-33,-1.));
#13532=DIRECTION('',(-0.707106781186548,-8.177564888978E-17,0.707106781186548));
#13533=DIRECTION('center_axis',(-0.707106781186548,0.,-0.707106781186548));
#13534=DIRECTION('ref_axis',(-0.707106781186548,0.,0.707106781186548));
#13535=DIRECTION('',(0.707106781186548,8.177564888978E-17,-0.707106781186548));
#13536=DIRECTION('',(0.,1.,0.));
#13537=DIRECTION('center_axis',(1.,1.15648231731787E-16,-2.31296463463574E-17));
#13538=DIRECTION('ref_axis',(0.,-0.707106781186548,0.707106781186548));
#13539=DIRECTION('center_axis',(-1.,0.,0.));
#13540=DIRECTION('ref_axis',(0.,-0.707106781186548,0.707106781186548));
#13541=DIRECTION('',(1.,1.15648231731787E-16,-2.31296463463574E-17));
#13542=DIRECTION('center_axis',(1.,0.,0.));
#13543=DIRECTION('ref_axis',(0.,-0.707106781186548,0.707106781186548));
#13544=DIRECTION('',(-1.,-1.15648231731787E-16,2.31296463463574E-17));
#13545=DIRECTION('center_axis',(-2.31296463463574E-17,0.,-1.));
#13546=DIRECTION('ref_axis',(1.,1.33226762955019E-16,-2.22044604925031E-17));
#13547=DIRECTION('',(0.,-1.,0.));
#13548=DIRECTION('',(-1.,-1.15648231731787E-16,0.));
#13549=DIRECTION('',(0.,-1.,0.));
#13550=DIRECTION('center_axis',(-1.,-1.15648231731787E-16,0.));
#13551=DIRECTION('ref_axis',(0.,-0.707106781186548,0.707106781186548));
#13552=DIRECTION('center_axis',(1.,0.,0.));
#13553=DIRECTION('ref_axis',(0.,-0.707106781186548,0.707106781186548));
#13554=DIRECTION('center_axis',(-1.,0.,0.));
#13555=DIRECTION('ref_axis',(0.,-0.707106781186548,0.707106781186548));
#13556=DIRECTION('',(-1.,-1.15648231731787E-16,0.));
#13557=DIRECTION('center_axis',(-1.,0.,0.));
#13558=DIRECTION('ref_axis',(0.,0.,1.));
#13559=DIRECTION('',(0.,1.,0.));
#13560=DIRECTION('',(-5.55111512312578E-15,-6.41976648129078E-31,1.));
#13561=DIRECTION('',(0.,1.,0.));
#13562=DIRECTION('center_axis',(0.,0.,1.));
#13563=DIRECTION('ref_axis',(1.,1.33226762955019E-16,0.));
#13564=DIRECTION('',(0.,1.,0.));
#13565=DIRECTION('',(1.,1.15648231731787E-16,0.));
#13566=DIRECTION('center_axis',(0.,1.,0.));
#13567=DIRECTION('ref_axis',(-0.989359135364853,0.,-0.145493990494833));
#13568=DIRECTION('',(0.,1.,0.));
#13569=DIRECTION('center_axis',(-1.15648231731787E-16,1.,3.08148791101958E-33));
#13570=DIRECTION('ref_axis',(-0.989359135364853,-1.14417634552635E-16,-0.145493990494833));
#13571=DIRECTION('',(0.,1.,0.));
#13572=DIRECTION('center_axis',(0.,0.,-1.));
#13573=DIRECTION('ref_axis',(-1.,-1.33226762955019E-16,0.));
#13574=DIRECTION('',(-1.,-1.15648231731787E-16,0.));
#13575=DIRECTION('',(0.,1.,0.));
#13576=DIRECTION('center_axis',(0.,1.,0.));
#13577=DIRECTION('ref_axis',(-1.,0.,0.));
#13578=DIRECTION('center_axis',(1.15648231731787E-16,-1.,0.));
#13579=DIRECTION('ref_axis',(-1.,-1.15648231731787E-16,0.));
#13580=DIRECTION('',(0.,1.,0.));
#13581=DIRECTION('center_axis',(-1.,0.,2.04085114820801E-17));
#13582=DIRECTION('ref_axis',(0.,0.,1.));
#13583=DIRECTION('',(2.04085114820801E-17,2.36020826518044E-33,1.));
#13584=DIRECTION('center_axis',(1.,0.,-4.08170229641602E-17));
#13585=DIRECTION('ref_axis',(0.,0.,-1.));
#13586=DIRECTION('',(-4.08170229641602E-17,-4.72041653036087E-33,-1.));
#13587=DIRECTION('',(0.,1.,0.));
#13588=DIRECTION('center_axis',(0.,1.,0.));
#13589=DIRECTION('ref_axis',(0.,0.,-1.));
#13590=DIRECTION('center_axis',(1.15648231731787E-16,-1.,0.));
#13591=DIRECTION('ref_axis',(0.,0.,-1.));
#13592=DIRECTION('',(0.,1.,0.));
#13593=DIRECTION('center_axis',(0.,0.,-1.));
#13594=DIRECTION('ref_axis',(-1.,-1.33226762955019E-16,0.));
#13595=DIRECTION('',(-1.,-1.15648231731787E-16,0.));
#13596=DIRECTION('',(0.,1.,0.));
#13597=DIRECTION('center_axis',(0.,1.,0.));
#13598=DIRECTION('ref_axis',(0.,0.,-1.));
#13599=DIRECTION('center_axis',(-1.15648231731787E-16,1.,0.));
#13600=DIRECTION('ref_axis',(0.,0.,-1.));
#13601=DIRECTION('',(0.,1.,0.));
#13602=DIRECTION('center_axis',(0.989359135364853,0.,-0.145493990494832));
#13603=DIRECTION('ref_axis',(-0.145493990494832,0.,-0.989359135364853));
#13604=DIRECTION('',(-0.145493990494832,-1.68261227283288E-17,-0.989359135364853));
#13605=DIRECTION('',(0.,1.,0.));
#13606=DIRECTION('center_axis',(1.,0.,0.));
#13607=DIRECTION('ref_axis',(0.,0.,-1.));
#13608=DIRECTION('center_axis',(-0.989359135364853,0.,-0.145493990494832));
#13609=DIRECTION('ref_axis',(-0.145493990494832,0.,0.989359135364853));
#13610=DIRECTION('',(-0.145493990494832,-1.68261227283287E-17,0.989359135364853));
#13611=DIRECTION('center_axis',(1.15648231731787E-16,-1.,0.));
#13612=DIRECTION('ref_axis',(0.,0.,-1.));
#13613=DIRECTION('center_axis',(1.15648231731787E-16,-1.,0.));
#13614=DIRECTION('ref_axis',(1.,1.33226762955019E-16,0.));
#13615=DIRECTION('',(1.,1.15648231731787E-16,0.));
#13616=DIRECTION('',(0.,0.,1.));
#13617=DIRECTION('',(-1.,-1.15648231731787E-16,0.));
#13618=DIRECTION('center_axis',(1.12623013894183E-16,-0.973841209741793,
-0.227229615606418));
#13619=DIRECTION('ref_axis',(0.,0.227229615606418,-0.973841209741793));
#13620=DIRECTION('',(0.221581128241521,0.221581128241521,-0.949633406749378));
#13621=DIRECTION('',(1.,1.15648231731787E-16,0.));
#13622=DIRECTION('',(0.221581128241521,-0.221581128241521,0.949633406749378));
#13623=DIRECTION('center_axis',(0.973841209741793,3.37869041682548E-16,
-0.227229615606418));
#13624=DIRECTION('ref_axis',(-0.227229615606418,0.,-0.973841209741793));
#13625=DIRECTION('',(-3.46944695195361E-16,1.,0.));
#13626=DIRECTION('',(-0.221581128241521,-0.221581128241521,-0.949633406749378));
#13627=DIRECTION('',(3.46944695195361E-16,-1.,0.));
#13628=DIRECTION('center_axis',(1.12623013894183E-16,-0.973841209741793,
0.227229615606418));
#13629=DIRECTION('ref_axis',(0.,-0.227229615606418,-0.973841209741793));
#13630=DIRECTION('',(-0.221581128241521,0.221581128241521,0.949633406749378));
#13631=DIRECTION('center_axis',(0.,0.,1.));
#13632=DIRECTION('ref_axis',(1.,0.,0.));
#13633=DIRECTION('center_axis',(0.973841209741793,3.37869041682548E-16,
0.227229615606418));
#13634=DIRECTION('ref_axis',(0.227229615606418,0.,-0.973841209741793));
#13635=DIRECTION('',(-3.46944695195361E-16,1.,0.));
#13636=DIRECTION('',(0.221581128241521,0.221581128241521,-0.949633406749378));
#13637=DIRECTION('center_axis',(-1.68934520841274E-16,0.973841209741793,
0.227229615606418));
#13638=DIRECTION('ref_axis',(0.,-0.227229615606418,0.973841209741793));
#13639=DIRECTION('center_axis',(-1.68934520841274E-16,0.973841209741793,
-0.227229615606418));
#13640=DIRECTION('ref_axis',(0.,0.227229615606418,0.973841209741793));
#13641=DIRECTION('',(-1.,-1.73472347597681E-16,0.));
#13642=DIRECTION('',(-0.221581128241521,0.221581128241521,0.949633406749378));
#13643=DIRECTION('center_axis',(-0.973841209741793,-1.68934520841274E-16,
-0.227229615606418));
#13644=DIRECTION('ref_axis',(-0.227229615606418,0.,0.973841209741793));
#13645=DIRECTION('',(-1.73472347597681E-16,1.,0.));
#13646=DIRECTION('',(1.73472347597681E-16,-1.,0.));
#13647=DIRECTION('center_axis',(-1.,-1.73472347597681E-16,0.));
#13648=DIRECTION('ref_axis',(1.77635683940025E-16,-1.,0.));
#13649=DIRECTION('center_axis',(1.,3.46944695195361E-16,0.));
#13650=DIRECTION('ref_axis',(-3.5527136788005E-16,1.,0.));
#13651=DIRECTION('center_axis',(0.,0.,1.));
#13652=DIRECTION('ref_axis',(1.,0.,0.));
#13653=CARTESIAN_POINT('',(0.,0.,0.));
#13654=CARTESIAN_POINT('Ctrl Pts',(0.901439494547593,0.341742797320445,
3.2));
#13655=CARTESIAN_POINT('Ctrl Pts',(0.901439494547593,0.341742797320445,
3.19));
#13656=CARTESIAN_POINT('Ctrl Pts',(0.901439494547593,0.410624483922227,
3.2));
#13657=CARTESIAN_POINT('Ctrl Pts',(0.901439494547593,0.410624483922227,
3.19));
#13658=CARTESIAN_POINT('Ctrl Pts',(0.994632364655886,0.490851389493714,
3.2));
#13659=CARTESIAN_POINT('Ctrl Pts',(0.994632364655886,0.490851389493714,
3.19));
#13660=CARTESIAN_POINT('Ctrl Pts',(1.06756591517542,0.490851389493714,3.2));
#13661=CARTESIAN_POINT('Ctrl Pts',(1.06756591517542,0.490851389493714,3.19));
#13662=CARTESIAN_POINT('',(1.06756591517542,0.490851389493714,3.2));
#13663=CARTESIAN_POINT('',(0.901439494547593,0.341742797320445,3.2));
#13664=CARTESIAN_POINT('Ctrl Pts',(1.06756591517542,0.490851389493714,3.2));
#13665=CARTESIAN_POINT('Ctrl Pts',(0.994632364655886,0.490851389493714,
3.2));
#13666=CARTESIAN_POINT('Ctrl Pts',(0.901439494547593,0.410624483922227,
3.2));
#13667=CARTESIAN_POINT('Ctrl Pts',(0.901439494547593,0.341742797320445,
3.2));
#13668=CARTESIAN_POINT('',(1.06756591517542,0.490851389493714,3.19));
#13669=CARTESIAN_POINT('',(1.06756591517542,0.490851389493714,3.2));
#13670=CARTESIAN_POINT('',(0.901439494547593,0.341742797320445,3.19));
#13671=CARTESIAN_POINT('Ctrl Pts',(1.06756591517542,0.490851389493714,3.19));
#13672=CARTESIAN_POINT('Ctrl Pts',(0.994632364655886,0.490851389493714,
3.19));
#13673=CARTESIAN_POINT('Ctrl Pts',(0.901439494547593,0.410624483922227,
3.19));
#13674=CARTESIAN_POINT('Ctrl Pts',(0.901439494547593,0.341742797320445,
3.19));
#13675=CARTESIAN_POINT('',(0.901439494547593,0.341742797320445,3.2));
#13676=CARTESIAN_POINT('Ctrl Pts',(0.997063483006537,0.195875696281378,
3.2));
#13677=CARTESIAN_POINT('Ctrl Pts',(0.997063483006537,0.195875696281378,
3.19));
#13678=CARTESIAN_POINT('Ctrl Pts',(0.949251488777065,0.223428370922091,
3.2));
#13679=CARTESIAN_POINT('Ctrl Pts',(0.949251488777065,0.223428370922091,
3.19));
#13680=CARTESIAN_POINT('Ctrl Pts',(0.901439494547593,0.292310057523873,
3.2));
#13681=CARTESIAN_POINT('Ctrl Pts',(0.901439494547593,0.292310057523873,
3.19));
#13682=CARTESIAN_POINT('Ctrl Pts',(0.901439494547593,0.341742797320445,
3.2));
#13683=CARTESIAN_POINT('Ctrl Pts',(0.901439494547593,0.341742797320445,
3.19));
#13684=CARTESIAN_POINT('',(0.997063483006537,0.195875696281378,3.2));
#13685=CARTESIAN_POINT('Ctrl Pts',(0.901439494547593,0.341742797320445,
3.2));
#13686=CARTESIAN_POINT('Ctrl Pts',(0.901439494547593,0.292310057523873,
3.2));
#13687=CARTESIAN_POINT('Ctrl Pts',(0.949251488777065,0.223428370922091,
3.2));
#13688=CARTESIAN_POINT('Ctrl Pts',(0.997063483006537,0.195875696281378,
3.2));
#13689=CARTESIAN_POINT('',(0.997063483006537,0.195875696281378,3.19));
#13690=CARTESIAN_POINT('Ctrl Pts',(0.901439494547593,0.341742797320445,
3.19));
#13691=CARTESIAN_POINT('Ctrl Pts',(0.901439494547593,0.292310057523873,
3.19));
#13692=CARTESIAN_POINT('Ctrl Pts',(0.949251488777065,0.223428370922091,
3.19));
#13693=CARTESIAN_POINT('Ctrl Pts',(0.997063483006537,0.195875696281378,
3.19));
#13694=CARTESIAN_POINT('',(0.997063483006537,0.195875696281378,3.2));
#13695=CARTESIAN_POINT('Ctrl Pts',(1.1380683473443,0.133476991947999,3.2));
#13696=CARTESIAN_POINT('Ctrl Pts',(1.1380683473443,0.133476991947999,3.19));
#13697=CARTESIAN_POINT('Ctrl Pts',(1.10322231765164,0.144822210917704,3.2));
#13698=CARTESIAN_POINT('Ctrl Pts',(1.10322231765164,0.144822210917704,3.19));
#13699=CARTESIAN_POINT('Ctrl Pts',(1.0173228025953,0.184530477311673,3.2));
#13700=CARTESIAN_POINT('Ctrl Pts',(1.0173228025953,0.184530477311673,3.19));
#13701=CARTESIAN_POINT('Ctrl Pts',(0.997063483006537,0.195875696281378,
3.2));
#13702=CARTESIAN_POINT('Ctrl Pts',(0.997063483006537,0.195875696281378,
3.19));
#13703=CARTESIAN_POINT('',(1.1380683473443,0.133476991947999,3.2));
#13704=CARTESIAN_POINT('Ctrl Pts',(0.997063483006537,0.195875696281378,
3.2));
#13705=CARTESIAN_POINT('Ctrl Pts',(1.0173228025953,0.184530477311673,3.2));
#13706=CARTESIAN_POINT('Ctrl Pts',(1.10322231765164,0.144822210917704,3.2));
#13707=CARTESIAN_POINT('Ctrl Pts',(1.1380683473443,0.133476991947999,3.2));
#13708=CARTESIAN_POINT('',(1.1380683473443,0.133476991947999,3.19));
#13709=CARTESIAN_POINT('Ctrl Pts',(0.997063483006537,0.195875696281378,
3.19));
#13710=CARTESIAN_POINT('Ctrl Pts',(1.0173228025953,0.184530477311673,3.19));
#13711=CARTESIAN_POINT('Ctrl Pts',(1.10322231765164,0.144822210917704,3.19));
#13712=CARTESIAN_POINT('Ctrl Pts',(1.1380683473443,0.133476991947999,3.19));
#13713=CARTESIAN_POINT('',(1.1380683473443,0.133476991947999,3.2));
#13714=CARTESIAN_POINT('Ctrl Pts',(1.237744199721,0.333639069484942,3.2));
#13715=CARTESIAN_POINT('Ctrl Pts',(1.237744199721,0.333639069484942,3.19));
#13716=CARTESIAN_POINT('Ctrl Pts',(1.237744199721,0.272861110718663,3.2));
#13717=CARTESIAN_POINT('Ctrl Pts',(1.237744199721,0.272861110718663,3.19));
#13718=CARTESIAN_POINT('Ctrl Pts',(1.19641518775993,0.17804749504327,3.2));
#13719=CARTESIAN_POINT('Ctrl Pts',(1.19641518775993,0.17804749504327,3.19));
#13720=CARTESIAN_POINT('Ctrl Pts',(1.1380683473443,0.133476991947999,3.2));
#13721=CARTESIAN_POINT('Ctrl Pts',(1.1380683473443,0.133476991947999,3.19));
#13722=CARTESIAN_POINT('',(1.237744199721,0.333639069484942,3.2));
#13723=CARTESIAN_POINT('Ctrl Pts',(1.1380683473443,0.133476991947999,3.2));
#13724=CARTESIAN_POINT('Ctrl Pts',(1.19641518775993,0.17804749504327,3.2));
#13725=CARTESIAN_POINT('Ctrl Pts',(1.237744199721,0.272861110718663,3.2));
#13726=CARTESIAN_POINT('Ctrl Pts',(1.237744199721,0.333639069484942,3.2));
#13727=CARTESIAN_POINT('',(1.237744199721,0.333639069484942,3.19));
#13728=CARTESIAN_POINT('Ctrl Pts',(1.1380683473443,0.133476991947999,3.19));
#13729=CARTESIAN_POINT('Ctrl Pts',(1.19641518775993,0.17804749504327,3.19));
#13730=CARTESIAN_POINT('Ctrl Pts',(1.237744199721,0.272861110718663,3.19));
#13731=CARTESIAN_POINT('Ctrl Pts',(1.237744199721,0.333639069484942,3.19));
#13732=CARTESIAN_POINT('',(1.237744199721,0.333639069484942,3.2));
#13733=CARTESIAN_POINT('Ctrl Pts',(1.06756591517542,0.490851389493714,3.2));
#13734=CARTESIAN_POINT('Ctrl Pts',(1.06756591517542,0.490851389493714,3.19));
#13735=CARTESIAN_POINT('Ctrl Pts',(1.14779282074691,0.490851389493714,3.2));
#13736=CARTESIAN_POINT('Ctrl Pts',(1.14779282074691,0.490851389493714,3.19));
#13737=CARTESIAN_POINT('Ctrl Pts',(1.237744199721,0.400900010519623,3.2));
#13738=CARTESIAN_POINT('Ctrl Pts',(1.237744199721,0.400900010519623,3.19));
#13739=CARTESIAN_POINT('Ctrl Pts',(1.237744199721,0.333639069484942,3.2));
#13740=CARTESIAN_POINT('Ctrl Pts',(1.237744199721,0.333639069484942,3.19));
#13741=CARTESIAN_POINT('Ctrl Pts',(1.237744199721,0.333639069484942,3.2));
#13742=CARTESIAN_POINT('Ctrl Pts',(1.237744199721,0.400900010519623,3.2));
#13743=CARTESIAN_POINT('Ctrl Pts',(1.14779282074691,0.490851389493714,3.2));
#13744=CARTESIAN_POINT('Ctrl Pts',(1.06756591517542,0.490851389493714,3.2));
#13745=CARTESIAN_POINT('Ctrl Pts',(1.237744199721,0.333639069484942,3.19));
#13746=CARTESIAN_POINT('Ctrl Pts',(1.237744199721,0.400900010519623,3.19));
#13747=CARTESIAN_POINT('Ctrl Pts',(1.14779282074691,0.490851389493714,3.19));
#13748=CARTESIAN_POINT('Ctrl Pts',(1.06756591517542,0.490851389493714,3.19));
#13749=CARTESIAN_POINT('Ctrl Pts',(0.992201246305235,0.0670264236968686,
3.2));
#13750=CARTESIAN_POINT('Ctrl Pts',(0.992201246305235,0.0670264236968686,
3.19));
#13751=CARTESIAN_POINT('Ctrl Pts',(1.04001324053471,0.0475774768916596,
3.2));
#13752=CARTESIAN_POINT('Ctrl Pts',(1.04001324053471,0.0475774768916596,
3.19));
#13753=CARTESIAN_POINT('Ctrl Pts',(1.11618828218844,0.0175936839002958,
3.2));
#13754=CARTESIAN_POINT('Ctrl Pts',(1.11618828218844,0.0175936839002958,
3.19));
#13755=CARTESIAN_POINT('Ctrl Pts',(1.13887872012785,0.00462771936348978,
3.2));
#13756=CARTESIAN_POINT('Ctrl Pts',(1.13887872012785,0.00462771936348978,
3.19));
#13757=CARTESIAN_POINT('',(1.13887872012785,0.00462771936348978,3.2));
#13758=CARTESIAN_POINT('',(0.992201246305235,0.0670264236968686,3.2));
#13759=CARTESIAN_POINT('Ctrl Pts',(1.13887872012785,0.00462771936348978,
3.2));
#13760=CARTESIAN_POINT('Ctrl Pts',(1.11618828218844,0.0175936839002958,
3.2));
#13761=CARTESIAN_POINT('Ctrl Pts',(1.04001324053471,0.0475774768916596,
3.2));
#13762=CARTESIAN_POINT('Ctrl Pts',(0.992201246305235,0.0670264236968686,
3.2));
#13763=CARTESIAN_POINT('',(1.13887872012785,0.00462771936348978,3.19));
#13764=CARTESIAN_POINT('',(1.13887872012785,0.00462771936348978,3.2));
#13765=CARTESIAN_POINT('',(0.992201246305235,0.0670264236968686,3.19));
#13766=CARTESIAN_POINT('Ctrl Pts',(1.13887872012785,0.00462771936348978,
3.19));
#13767=CARTESIAN_POINT('Ctrl Pts',(1.11618828218844,0.0175936839002958,
3.19));
#13768=CARTESIAN_POINT('Ctrl Pts',(1.04001324053471,0.0475774768916596,
3.19));
#13769=CARTESIAN_POINT('Ctrl Pts',(0.992201246305235,0.0670264236968686,
3.19));
#13770=CARTESIAN_POINT('',(0.992201246305235,0.0670264236968686,3.2));
#13771=CARTESIAN_POINT('Ctrl Pts',(0.877938683824632,-0.14691199116043,
3.2));
#13772=CARTESIAN_POINT('Ctrl Pts',(0.877938683824632,-0.14691199116043,
3.19));
#13773=CARTESIAN_POINT('Ctrl Pts',(0.877938683824632,-0.0780303045586483,
3.2));
#13774=CARTESIAN_POINT('Ctrl Pts',(0.877938683824632,-0.0780303045586483,
3.19));
#13775=CARTESIAN_POINT('Ctrl Pts',(0.93709589702381,0.0305596484371018,
3.2));
#13776=CARTESIAN_POINT('Ctrl Pts',(0.93709589702381,0.0305596484371018,
3.19));
#13777=CARTESIAN_POINT('Ctrl Pts',(0.992201246305235,0.0670264236968686,
3.2));
#13778=CARTESIAN_POINT('Ctrl Pts',(0.992201246305235,0.0670264236968686,
3.19));
#13779=CARTESIAN_POINT('',(0.877938683824632,-0.14691199116043,3.2));
#13780=CARTESIAN_POINT('Ctrl Pts',(0.992201246305235,0.0670264236968686,
3.2));
#13781=CARTESIAN_POINT('Ctrl Pts',(0.93709589702381,0.0305596484371018,
3.2));
#13782=CARTESIAN_POINT('Ctrl Pts',(0.877938683824632,-0.0780303045586483,
3.2));
#13783=CARTESIAN_POINT('Ctrl Pts',(0.877938683824632,-0.14691199116043,
3.2));
#13784=CARTESIAN_POINT('',(0.877938683824632,-0.14691199116043,3.19));
#13785=CARTESIAN_POINT('Ctrl Pts',(0.992201246305235,0.0670264236968686,
3.19));
#13786=CARTESIAN_POINT('Ctrl Pts',(0.93709589702381,0.0305596484371018,
3.19));
#13787=CARTESIAN_POINT('Ctrl Pts',(0.877938683824632,-0.0780303045586483,
3.19));
#13788=CARTESIAN_POINT('Ctrl Pts',(0.877938683824632,-0.14691199116043,
3.19));
#13789=CARTESIAN_POINT('',(0.877938683824632,-0.14691199116043,3.2));
#13790=CARTESIAN_POINT('Ctrl Pts',(1.06999703352607,-0.355988169316427,
3.2));
#13791=CARTESIAN_POINT('Ctrl Pts',(1.06999703352607,-0.355988169316427,
3.19));
#13792=CARTESIAN_POINT('Ctrl Pts',(0.987339009603933,-0.355988169316427,
3.2));
#13793=CARTESIAN_POINT('Ctrl Pts',(0.987339009603933,-0.355988169316427,
3.19));
#13794=CARTESIAN_POINT('Ctrl Pts',(0.877938683824632,-0.237673742918072,
3.2));
#13795=CARTESIAN_POINT('Ctrl Pts',(0.877938683824632,-0.237673742918072,
3.19));
#13796=CARTESIAN_POINT('Ctrl Pts',(0.877938683824632,-0.14691199116043,
3.2));
#13797=CARTESIAN_POINT('Ctrl Pts',(0.877938683824632,-0.14691199116043,
3.19));
#13798=CARTESIAN_POINT('',(1.06999703352607,-0.355988169316427,3.2));
#13799=CARTESIAN_POINT('Ctrl Pts',(0.877938683824632,-0.14691199116043,
3.2));
#13800=CARTESIAN_POINT('Ctrl Pts',(0.877938683824632,-0.237673742918072,
3.2));
#13801=CARTESIAN_POINT('Ctrl Pts',(0.987339009603933,-0.355988169316427,
3.2));
#13802=CARTESIAN_POINT('Ctrl Pts',(1.06999703352607,-0.355988169316427,
3.2));
#13803=CARTESIAN_POINT('',(1.06999703352607,-0.355988169316427,3.19));
#13804=CARTESIAN_POINT('Ctrl Pts',(0.877938683824632,-0.14691199116043,
3.19));
#13805=CARTESIAN_POINT('Ctrl Pts',(0.877938683824632,-0.237673742918072,
3.19));
#13806=CARTESIAN_POINT('Ctrl Pts',(0.987339009603933,-0.355988169316427,
3.19));
#13807=CARTESIAN_POINT('Ctrl Pts',(1.06999703352607,-0.355988169316427,
3.19));
#13808=CARTESIAN_POINT('',(1.06999703352607,-0.355988169316427,3.2));
#13809=CARTESIAN_POINT('Ctrl Pts',(1.25638277374266,-0.167171310749189,
3.2));
#13810=CARTESIAN_POINT('Ctrl Pts',(1.25638277374266,-0.167171310749189,
3.19));
#13811=CARTESIAN_POINT('Ctrl Pts',(1.25638277374266,-0.25469157137263,3.2));
#13812=CARTESIAN_POINT('Ctrl Pts',(1.25638277374266,-0.25469157137263,3.19));
#13813=CARTESIAN_POINT('Ctrl Pts',(1.15427580301531,-0.355988169316427,
3.2));
#13814=CARTESIAN_POINT('Ctrl Pts',(1.15427580301531,-0.355988169316427,
3.19));
#13815=CARTESIAN_POINT('Ctrl Pts',(1.06999703352607,-0.355988169316427,
3.2));
#13816=CARTESIAN_POINT('Ctrl Pts',(1.06999703352607,-0.355988169316427,
3.19));
#13817=CARTESIAN_POINT('',(1.25638277374266,-0.167171310749189,3.2));
#13818=CARTESIAN_POINT('Ctrl Pts',(1.06999703352607,-0.355988169316427,
3.2));
#13819=CARTESIAN_POINT('Ctrl Pts',(1.15427580301531,-0.355988169316427,
3.2));
#13820=CARTESIAN_POINT('Ctrl Pts',(1.25638277374266,-0.25469157137263,3.2));
#13821=CARTESIAN_POINT('Ctrl Pts',(1.25638277374266,-0.167171310749189,
3.2));
#13822=CARTESIAN_POINT('',(1.25638277374266,-0.167171310749189,3.19));
#13823=CARTESIAN_POINT('Ctrl Pts',(1.06999703352607,-0.355988169316427,
3.19));
#13824=CARTESIAN_POINT('Ctrl Pts',(1.15427580301531,-0.355988169316427,
3.19));
#13825=CARTESIAN_POINT('Ctrl Pts',(1.25638277374266,-0.25469157137263,3.19));
#13826=CARTESIAN_POINT('Ctrl Pts',(1.25638277374266,-0.167171310749189,
3.19));
#13827=CARTESIAN_POINT('',(1.25638277374266,-0.167171310749189,3.2));
#13828=CARTESIAN_POINT('Ctrl Pts',(1.13887872012785,0.00462771936348978,
3.2));
#13829=CARTESIAN_POINT('Ctrl Pts',(1.13887872012785,0.00462771936348978,
3.19));
#13830=CARTESIAN_POINT('Ctrl Pts',(1.20776040672963,-0.0326494286798274,
3.2));
#13831=CARTESIAN_POINT('Ctrl Pts',(1.20776040672963,-0.0326494286798274,
3.19));
#13832=CARTESIAN_POINT('Ctrl Pts',(1.25638277374266,-0.105582979199361,
3.2));
#13833=CARTESIAN_POINT('Ctrl Pts',(1.25638277374266,-0.105582979199361,
3.19));
#13834=CARTESIAN_POINT('Ctrl Pts',(1.25638277374266,-0.167171310749189,
3.2));
#13835=CARTESIAN_POINT('Ctrl Pts',(1.25638277374266,-0.167171310749189,
3.19));
#13836=CARTESIAN_POINT('Ctrl Pts',(1.25638277374266,-0.167171310749189,
3.2));
#13837=CARTESIAN_POINT('Ctrl Pts',(1.25638277374266,-0.105582979199361,
3.2));
#13838=CARTESIAN_POINT('Ctrl Pts',(1.20776040672963,-0.0326494286798274,
3.2));
#13839=CARTESIAN_POINT('Ctrl Pts',(1.13887872012785,0.00462771936348978,
3.2));
#13840=CARTESIAN_POINT('Ctrl Pts',(1.25638277374266,-0.167171310749189,
3.19));
#13841=CARTESIAN_POINT('Ctrl Pts',(1.25638277374266,-0.105582979199361,
3.19));
#13842=CARTESIAN_POINT('Ctrl Pts',(1.20776040672963,-0.0326494286798274,
3.19));
#13843=CARTESIAN_POINT('Ctrl Pts',(1.13887872012785,0.00462771936348978,
3.19));
#13844=CARTESIAN_POINT('Ctrl Pts',(1.39414614694622,-0.154205346212383,
3.2));
#13845=CARTESIAN_POINT('Ctrl Pts',(1.39414614694622,-0.154205346212383,
3.19));
#13846=CARTESIAN_POINT('Ctrl Pts',(1.39414614694622,-0.282244246013343,
3.2));
#13847=CARTESIAN_POINT('Ctrl Pts',(1.39414614694622,-0.282244246013343,
3.19));
#13848=CARTESIAN_POINT('Ctrl Pts',(1.20776040672963,-0.455664021693122,
3.2));
#13849=CARTESIAN_POINT('Ctrl Pts',(1.20776040672963,-0.455664021693122,
3.19));
#13850=CARTESIAN_POINT('Ctrl Pts',(1.06837628795897,-0.455664021693122,
3.2));
#13851=CARTESIAN_POINT('Ctrl Pts',(1.06837628795897,-0.455664021693122,
3.19));
#13852=CARTESIAN_POINT('',(1.39414614694622,-0.154205346212383,3.2));
#13853=CARTESIAN_POINT('',(1.06837628795897,-0.455664021693122,3.2));
#13854=CARTESIAN_POINT('Ctrl Pts',(1.39414614694622,-0.154205346212383,
3.2));
#13855=CARTESIAN_POINT('Ctrl Pts',(1.39414614694622,-0.282244246013343,
3.2));
#13856=CARTESIAN_POINT('Ctrl Pts',(1.20776040672963,-0.455664021693122,
3.2));
#13857=CARTESIAN_POINT('Ctrl Pts',(1.06837628795897,-0.455664021693122,
3.2));
#13858=CARTESIAN_POINT('',(1.39414614694622,-0.154205346212383,3.19));
#13859=CARTESIAN_POINT('',(1.39414614694622,-0.154205346212383,3.2));
#13860=CARTESIAN_POINT('',(1.06837628795897,-0.455664021693122,3.19));
#13861=CARTESIAN_POINT('Ctrl Pts',(1.39414614694622,-0.154205346212383,
3.19));
#13862=CARTESIAN_POINT('Ctrl Pts',(1.39414614694622,-0.282244246013343,
3.19));
#13863=CARTESIAN_POINT('Ctrl Pts',(1.20776040672963,-0.455664021693122,
3.19));
#13864=CARTESIAN_POINT('Ctrl Pts',(1.06837628795897,-0.455664021693122,
3.19));
#13865=CARTESIAN_POINT('',(1.06837628795897,-0.455664021693122,3.2));
#13866=CARTESIAN_POINT('Ctrl Pts',(1.21667450734869,0.0953894711211317,
3.2));
#13867=CARTESIAN_POINT('Ctrl Pts',(1.21667450734869,0.0953894711211317,
3.19));
#13868=CARTESIAN_POINT('Ctrl Pts',(1.30419476797213,0.054870831943613,3.2));
#13869=CARTESIAN_POINT('Ctrl Pts',(1.30419476797213,0.054870831943613,3.19));
#13870=CARTESIAN_POINT('Ctrl Pts',(1.39414614694622,-0.0618228488876409,
3.2));
#13871=CARTESIAN_POINT('Ctrl Pts',(1.39414614694622,-0.0618228488876409,
3.19));
#13872=CARTESIAN_POINT('Ctrl Pts',(1.39414614694622,-0.154205346212383,
3.2));
#13873=CARTESIAN_POINT('Ctrl Pts',(1.39414614694622,-0.154205346212383,
3.19));
#13874=CARTESIAN_POINT('',(1.21667450734869,0.0953894711211317,3.2));
#13875=CARTESIAN_POINT('Ctrl Pts',(1.21667450734869,0.0953894711211317,
3.2));
#13876=CARTESIAN_POINT('Ctrl Pts',(1.30419476797213,0.054870831943613,3.2));
#13877=CARTESIAN_POINT('Ctrl Pts',(1.39414614694622,-0.0618228488876409,
3.2));
#13878=CARTESIAN_POINT('Ctrl Pts',(1.39414614694622,-0.154205346212383,
3.2));
#13879=CARTESIAN_POINT('',(1.21667450734869,0.0953894711211317,3.19));
#13880=CARTESIAN_POINT('',(1.21667450734869,0.0953894711211317,3.2));
#13881=CARTESIAN_POINT('Ctrl Pts',(1.21667450734869,0.0953894711211317,
3.19));
#13882=CARTESIAN_POINT('Ctrl Pts',(1.30419476797213,0.054870831943613,3.19));
#13883=CARTESIAN_POINT('Ctrl Pts',(1.39414614694622,-0.0618228488876409,
3.19));
#13884=CARTESIAN_POINT('Ctrl Pts',(1.39414614694622,-0.154205346212383,
3.19));
#13885=CARTESIAN_POINT('Origin',(1.21667450734869,0.0994413350388835,3.2));
#13886=CARTESIAN_POINT('',(1.21667450734869,0.0994413350388835,3.2));
#13887=CARTESIAN_POINT('',(1.21667450734869,0.0497206675194418,3.2));
#13888=CARTESIAN_POINT('',(1.21667450734869,0.0994413350388836,3.19));
#13889=CARTESIAN_POINT('',(1.21667450734869,0.0994413350388835,3.2));
#13890=CARTESIAN_POINT('',(1.21667450734869,0.0994413350388836,3.19));
#13891=CARTESIAN_POINT('Ctrl Pts',(1.36902459065616,0.335259815052042,3.2));
#13892=CARTESIAN_POINT('Ctrl Pts',(1.36902459065616,0.335259815052042,3.19));
#13893=CARTESIAN_POINT('Ctrl Pts',(1.36902459065616,0.267998874017361,3.2));
#13894=CARTESIAN_POINT('Ctrl Pts',(1.36902459065616,0.267998874017361,3.19));
#13895=CARTESIAN_POINT('Ctrl Pts',(1.29041843065177,0.136718483082201,3.2));
#13896=CARTESIAN_POINT('Ctrl Pts',(1.29041843065177,0.136718483082201,3.19));
#13897=CARTESIAN_POINT('Ctrl Pts',(1.21667450734869,0.0994413350388836,
3.2));
#13898=CARTESIAN_POINT('Ctrl Pts',(1.21667450734869,0.0994413350388836,
3.19));
#13899=CARTESIAN_POINT('',(1.36902459065616,0.335259815052042,3.2));
#13900=CARTESIAN_POINT('Ctrl Pts',(1.36902459065616,0.335259815052042,3.2));
#13901=CARTESIAN_POINT('Ctrl Pts',(1.36902459065616,0.267998874017361,3.2));
#13902=CARTESIAN_POINT('Ctrl Pts',(1.29041843065177,0.136718483082201,3.2));
#13903=CARTESIAN_POINT('Ctrl Pts',(1.21667450734869,0.0994413350388836,
3.2));
#13904=CARTESIAN_POINT('',(1.36902459065616,0.335259815052042,3.19));
#13905=CARTESIAN_POINT('',(1.36902459065616,0.335259815052042,3.2));
#13906=CARTESIAN_POINT('Ctrl Pts',(1.36902459065616,0.335259815052042,3.19));
#13907=CARTESIAN_POINT('Ctrl Pts',(1.36902459065616,0.267998874017361,3.19));
#13908=CARTESIAN_POINT('Ctrl Pts',(1.29041843065177,0.136718483082201,3.19));
#13909=CARTESIAN_POINT('Ctrl Pts',(1.21667450734869,0.0994413350388836,
3.19));
#13910=CARTESIAN_POINT('Ctrl Pts',(1.06837628795897,0.58971686908686,3.2));
#13911=CARTESIAN_POINT('Ctrl Pts',(1.06837628795897,0.58971686908686,3.19));
#13912=CARTESIAN_POINT('Ctrl Pts',(1.20451891559543,0.58971686908686,3.2));
#13913=CARTESIAN_POINT('Ctrl Pts',(1.20451891559543,0.58971686908686,3.19));
#13914=CARTESIAN_POINT('Ctrl Pts',(1.36902459065616,0.447091259181994,3.2));
#13915=CARTESIAN_POINT('Ctrl Pts',(1.36902459065616,0.447091259181994,3.19));
#13916=CARTESIAN_POINT('Ctrl Pts',(1.36902459065616,0.335259815052042,3.2));
#13917=CARTESIAN_POINT('Ctrl Pts',(1.36902459065616,0.335259815052042,3.19));
#13918=CARTESIAN_POINT('',(1.06837628795897,0.58971686908686,3.2));
#13919=CARTESIAN_POINT('Ctrl Pts',(1.06837628795897,0.58971686908686,3.2));
#13920=CARTESIAN_POINT('Ctrl Pts',(1.20451891559543,0.58971686908686,3.2));
#13921=CARTESIAN_POINT('Ctrl Pts',(1.36902459065616,0.447091259181994,3.2));
#13922=CARTESIAN_POINT('Ctrl Pts',(1.36902459065616,0.335259815052042,3.2));
#13923=CARTESIAN_POINT('',(1.06837628795897,0.58971686908686,3.19));
#13924=CARTESIAN_POINT('',(1.06837628795897,0.58971686908686,3.2));
#13925=CARTESIAN_POINT('Ctrl Pts',(1.06837628795897,0.58971686908686,3.19));
#13926=CARTESIAN_POINT('Ctrl Pts',(1.20451891559543,0.58971686908686,3.19));
#13927=CARTESIAN_POINT('Ctrl Pts',(1.36902459065616,0.447091259181994,3.19));
#13928=CARTESIAN_POINT('Ctrl Pts',(1.36902459065616,0.335259815052042,3.19));
#13929=CARTESIAN_POINT('Ctrl Pts',(0.766917612478231,0.326345714432988,
3.2));
#13930=CARTESIAN_POINT('Ctrl Pts',(0.766917612478231,0.326345714432988,
3.19));
#13931=CARTESIAN_POINT('Ctrl Pts',(0.766917612478231,0.43898753134649,3.2));
#13932=CARTESIAN_POINT('Ctrl Pts',(0.766917612478231,0.43898753134649,3.19));
#13933=CARTESIAN_POINT('Ctrl Pts',(0.93709589702381,0.58971686908686,3.2));
#13934=CARTESIAN_POINT('Ctrl Pts',(0.93709589702381,0.58971686908686,3.19));
#13935=CARTESIAN_POINT('Ctrl Pts',(1.06837628795897,0.58971686908686,3.2));
#13936=CARTESIAN_POINT('Ctrl Pts',(1.06837628795897,0.58971686908686,3.19));
#13937=CARTESIAN_POINT('',(0.766917612478231,0.326345714432988,3.2));
#13938=CARTESIAN_POINT('Ctrl Pts',(0.766917612478231,0.326345714432988,
3.2));
#13939=CARTESIAN_POINT('Ctrl Pts',(0.766917612478231,0.43898753134649,3.2));
#13940=CARTESIAN_POINT('Ctrl Pts',(0.93709589702381,0.58971686908686,3.2));
#13941=CARTESIAN_POINT('Ctrl Pts',(1.06837628795897,0.58971686908686,3.2));
#13942=CARTESIAN_POINT('',(0.766917612478231,0.326345714432988,3.19));
#13943=CARTESIAN_POINT('',(0.766917612478231,0.326345714432988,3.2));
#13944=CARTESIAN_POINT('Ctrl Pts',(0.766917612478231,0.326345714432988,
3.19));
#13945=CARTESIAN_POINT('Ctrl Pts',(0.766917612478231,0.43898753134649,3.19));
#13946=CARTESIAN_POINT('Ctrl Pts',(0.93709589702381,0.58971686908686,3.19));
#13947=CARTESIAN_POINT('Ctrl Pts',(1.06837628795897,0.58971686908686,3.19));
#13948=CARTESIAN_POINT('Ctrl Pts',(0.911974340733748,0.105113944523736,
3.2));
#13949=CARTESIAN_POINT('Ctrl Pts',(0.911974340733748,0.105113944523736,
3.19));
#13950=CARTESIAN_POINT('Ctrl Pts',(0.838230417430664,0.148063702051906,
3.2));
#13951=CARTESIAN_POINT('Ctrl Pts',(0.838230417430664,0.148063702051906,
3.19));
#13952=CARTESIAN_POINT('Ctrl Pts',(0.766917612478231,0.250170672779253,
3.2));
#13953=CARTESIAN_POINT('Ctrl Pts',(0.766917612478231,0.250170672779253,
3.19));
#13954=CARTESIAN_POINT('Ctrl Pts',(0.766917612478231,0.326345714432988,
3.2));
#13955=CARTESIAN_POINT('Ctrl Pts',(0.766917612478231,0.326345714432988,
3.19));
#13956=CARTESIAN_POINT('',(0.911974340733748,0.105113944523736,3.2));
#13957=CARTESIAN_POINT('Ctrl Pts',(0.911974340733748,0.105113944523736,
3.2));
#13958=CARTESIAN_POINT('Ctrl Pts',(0.838230417430664,0.148063702051906,
3.2));
#13959=CARTESIAN_POINT('Ctrl Pts',(0.766917612478231,0.250170672779253,
3.2));
#13960=CARTESIAN_POINT('Ctrl Pts',(0.766917612478231,0.326345714432988,
3.2));
#13961=CARTESIAN_POINT('',(0.911974340733748,0.105113944523736,3.19));
#13962=CARTESIAN_POINT('',(0.911974340733748,0.105113944523736,3.2));
#13963=CARTESIAN_POINT('Ctrl Pts',(0.911974340733748,0.105113944523736,
3.19));
#13964=CARTESIAN_POINT('Ctrl Pts',(0.838230417430664,0.148063702051906,
3.19));
#13965=CARTESIAN_POINT('Ctrl Pts',(0.766917612478231,0.250170672779253,
3.19));
#13966=CARTESIAN_POINT('Ctrl Pts',(0.766917612478231,0.326345714432988,
3.19));
#13967=CARTESIAN_POINT('Origin',(0.911974340733748,0.101062080605984,3.2));
#13968=CARTESIAN_POINT('',(0.911974340733748,0.101062080605984,3.2));
#13969=CARTESIAN_POINT('',(0.911974340733748,0.0505310403029921,3.2));
#13970=CARTESIAN_POINT('',(0.911974340733748,0.101062080605984,3.19));
#13971=CARTESIAN_POINT('',(0.911974340733748,0.101062080605984,3.2));
#13972=CARTESIAN_POINT('',(0.911974340733748,0.101062080605984,3.19));
#13973=CARTESIAN_POINT('Ctrl Pts',(0.74260642897172,-0.156636464563035,
3.2));
#13974=CARTESIAN_POINT('Ctrl Pts',(0.74260642897172,-0.156636464563035,
3.19));
#13975=CARTESIAN_POINT('Ctrl Pts',(0.74260642897172,-0.0755991862079972,
3.2));
#13976=CARTESIAN_POINT('Ctrl Pts',(0.74260642897172,-0.0755991862079972,
3.19));
#13977=CARTESIAN_POINT('Ctrl Pts',(0.82931631681161,0.0605434414284656,
3.2));
#13978=CARTESIAN_POINT('Ctrl Pts',(0.82931631681161,0.0605434414284656,
3.19));
#13979=CARTESIAN_POINT('Ctrl Pts',(0.911974340733748,0.101062080605984,
3.2));
#13980=CARTESIAN_POINT('Ctrl Pts',(0.911974340733748,0.101062080605984,
3.19));
#13981=CARTESIAN_POINT('',(0.74260642897172,-0.156636464563035,3.2));
#13982=CARTESIAN_POINT('Ctrl Pts',(0.74260642897172,-0.156636464563035,
3.2));
#13983=CARTESIAN_POINT('Ctrl Pts',(0.74260642897172,-0.0755991862079972,
3.2));
#13984=CARTESIAN_POINT('Ctrl Pts',(0.82931631681161,0.0605434414284656,
3.2));
#13985=CARTESIAN_POINT('Ctrl Pts',(0.911974340733748,0.101062080605984,
3.2));
#13986=CARTESIAN_POINT('',(0.74260642897172,-0.156636464563035,3.19));
#13987=CARTESIAN_POINT('',(0.74260642897172,-0.156636464563035,3.2));
#13988=CARTESIAN_POINT('Ctrl Pts',(0.74260642897172,-0.156636464563035,
3.19));
#13989=CARTESIAN_POINT('Ctrl Pts',(0.74260642897172,-0.0755991862079972,
3.19));
#13990=CARTESIAN_POINT('Ctrl Pts',(0.82931631681161,0.0605434414284656,
3.19));
#13991=CARTESIAN_POINT('Ctrl Pts',(0.911974340733748,0.101062080605984,
3.19));
#13992=CARTESIAN_POINT('Ctrl Pts',(0.82850594402806,-0.369764506636783,
3.2));
#13993=CARTESIAN_POINT('Ctrl Pts',(0.82850594402806,-0.369764506636783,
3.19));
#13994=CARTESIAN_POINT('Ctrl Pts',(0.78636655928344,-0.329245867459264,
3.2));
#13995=CARTESIAN_POINT('Ctrl Pts',(0.78636655928344,-0.329245867459264,
3.19));
#13996=CARTESIAN_POINT('Ctrl Pts',(0.74260642897172,-0.219035168896413,
3.2));
#13997=CARTESIAN_POINT('Ctrl Pts',(0.74260642897172,-0.219035168896413,
3.19));
#13998=CARTESIAN_POINT('Ctrl Pts',(0.74260642897172,-0.156636464563035,
3.2));
#13999=CARTESIAN_POINT('Ctrl Pts',(0.74260642897172,-0.156636464563035,
3.19));
#14000=CARTESIAN_POINT('',(0.82850594402806,-0.369764506636783,3.2));
#14001=CARTESIAN_POINT('Ctrl Pts',(0.82850594402806,-0.369764506636783,
3.2));
#14002=CARTESIAN_POINT('Ctrl Pts',(0.78636655928344,-0.329245867459264,
3.2));
#14003=CARTESIAN_POINT('Ctrl Pts',(0.74260642897172,-0.219035168896413,
3.2));
#14004=CARTESIAN_POINT('Ctrl Pts',(0.74260642897172,-0.156636464563035,
3.2));
#14005=CARTESIAN_POINT('',(0.82850594402806,-0.369764506636783,3.19));
#14006=CARTESIAN_POINT('',(0.82850594402806,-0.369764506636783,3.2));
#14007=CARTESIAN_POINT('Ctrl Pts',(0.82850594402806,-0.369764506636783,
3.19));
#14008=CARTESIAN_POINT('Ctrl Pts',(0.78636655928344,-0.329245867459264,
3.19));
#14009=CARTESIAN_POINT('Ctrl Pts',(0.74260642897172,-0.219035168896413,
3.19));
#14010=CARTESIAN_POINT('Ctrl Pts',(0.74260642897172,-0.156636464563035,
3.19));
#14011=CARTESIAN_POINT('Ctrl Pts',(1.06837628795897,-0.455664021693122,
3.2));
#14012=CARTESIAN_POINT('Ctrl Pts',(1.06837628795897,-0.455664021693122,
3.19));
#14013=CARTESIAN_POINT('Ctrl Pts',(0.993821991872336,-0.455664021693122,
3.2));
#14014=CARTESIAN_POINT('Ctrl Pts',(0.993821991872336,-0.455664021693122,
3.19));
#14015=CARTESIAN_POINT('Ctrl Pts',(0.871455701556229,-0.411093518597852,
3.2));
#14016=CARTESIAN_POINT('Ctrl Pts',(0.871455701556229,-0.411093518597852,
3.19));
#14017=CARTESIAN_POINT('Ctrl Pts',(0.82850594402806,-0.369764506636783,
3.2));
#14018=CARTESIAN_POINT('Ctrl Pts',(0.82850594402806,-0.369764506636783,
3.19));
#14019=CARTESIAN_POINT('Ctrl Pts',(1.06837628795897,-0.455664021693122,
3.2));
#14020=CARTESIAN_POINT('Ctrl Pts',(0.993821991872336,-0.455664021693122,
3.2));
#14021=CARTESIAN_POINT('Ctrl Pts',(0.871455701556229,-0.411093518597852,
3.2));
#14022=CARTESIAN_POINT('Ctrl Pts',(0.82850594402806,-0.369764506636783,
3.2));
#14023=CARTESIAN_POINT('Ctrl Pts',(1.06837628795897,-0.455664021693122,
3.19));
#14024=CARTESIAN_POINT('Ctrl Pts',(0.993821991872336,-0.455664021693122,
3.19));
#14025=CARTESIAN_POINT('Ctrl Pts',(0.871455701556229,-0.411093518597852,
3.19));
#14026=CARTESIAN_POINT('Ctrl Pts',(0.82850594402806,-0.369764506636783,
3.19));
#14027=CARTESIAN_POINT('Origin',(1.06838202195566,0.0666253262650589,3.19));
#14028=CARTESIAN_POINT('Origin',(-0.0774908279812582,0.0540604591600626,
3.2));
#14029=CARTESIAN_POINT('',(-0.0774908279812582,0.0540604591600626,3.2));
#14030=CARTESIAN_POINT('',(-0.0774908279812582,-0.432973583753712,3.2));
#14031=CARTESIAN_POINT('',(-0.0774908279812582,0.0270302295800313,3.2));
#14032=CARTESIAN_POINT('',(-0.0774908279812582,0.0540604591600626,3.19));
#14033=CARTESIAN_POINT('',(-0.0774908279812582,0.0540604591600626,3.2));
#14034=CARTESIAN_POINT('',(-0.0774908279812582,-0.432973583753712,3.19));
#14035=CARTESIAN_POINT('',(-0.0774908279812582,0.0540604591600626,3.19));
#14036=CARTESIAN_POINT('',(-0.0774908279812582,-0.432973583753712,3.2));
#14037=CARTESIAN_POINT('Ctrl Pts',(-0.312498935210867,0.338501306186244,
3.2));
#14038=CARTESIAN_POINT('Ctrl Pts',(-0.312498935210867,0.338501306186244,
3.19));
#14039=CARTESIAN_POINT('Ctrl Pts',(-0.202288236648016,0.338501306186244,
3.2));
#14040=CARTESIAN_POINT('Ctrl Pts',(-0.202288236648016,0.338501306186244,
3.19));
#14041=CARTESIAN_POINT('Ctrl Pts',(-0.0774908279812582,0.192634205147176,
3.2));
#14042=CARTESIAN_POINT('Ctrl Pts',(-0.0774908279812582,0.192634205147176,
3.19));
#14043=CARTESIAN_POINT('Ctrl Pts',(-0.0774908279812582,0.0540604591600626,
3.2));
#14044=CARTESIAN_POINT('Ctrl Pts',(-0.0774908279812582,0.0540604591600626,
3.19));
#14045=CARTESIAN_POINT('',(-0.312498935210867,0.338501306186244,3.2));
#14046=CARTESIAN_POINT('Ctrl Pts',(-0.312498935210867,0.338501306186244,
3.2));
#14047=CARTESIAN_POINT('Ctrl Pts',(-0.202288236648016,0.338501306186244,
3.2));
#14048=CARTESIAN_POINT('Ctrl Pts',(-0.0774908279812582,0.192634205147176,
3.2));
#14049=CARTESIAN_POINT('Ctrl Pts',(-0.0774908279812582,0.0540604591600626,
3.2));
#14050=CARTESIAN_POINT('',(-0.312498935210867,0.338501306186244,3.19));
#14051=CARTESIAN_POINT('',(-0.312498935210867,0.338501306186244,3.2));
#14052=CARTESIAN_POINT('Ctrl Pts',(-0.312498935210867,0.338501306186244,
3.19));
#14053=CARTESIAN_POINT('Ctrl Pts',(-0.202288236648016,0.338501306186244,
3.19));
#14054=CARTESIAN_POINT('Ctrl Pts',(-0.0774908279812582,0.192634205147176,
3.19));
#14055=CARTESIAN_POINT('Ctrl Pts',(-0.0774908279812582,0.0540604591600626,
3.19));
#14056=CARTESIAN_POINT('Ctrl Pts',(-0.540213687388522,0.233963217108246,
3.2));
#14057=CARTESIAN_POINT('Ctrl Pts',(-0.540213687388522,0.233963217108246,
3.19));
#14058=CARTESIAN_POINT('Ctrl Pts',(-0.483487592539996,0.285016702471919,
3.2));
#14059=CARTESIAN_POINT('Ctrl Pts',(-0.483487592539996,0.285016702471919,
3.19));
#14060=CARTESIAN_POINT('Ctrl Pts',(-0.374087266760695,0.338501306186244,
3.2));
#14061=CARTESIAN_POINT('Ctrl Pts',(-0.374087266760695,0.338501306186244,
3.19));
#14062=CARTESIAN_POINT('Ctrl Pts',(-0.312498935210867,0.338501306186244,
3.2));
#14063=CARTESIAN_POINT('Ctrl Pts',(-0.312498935210867,0.338501306186244,
3.19));
#14064=CARTESIAN_POINT('',(-0.540213687388522,0.233963217108246,3.2));
#14065=CARTESIAN_POINT('Ctrl Pts',(-0.540213687388522,0.233963217108246,
3.2));
#14066=CARTESIAN_POINT('Ctrl Pts',(-0.483487592539996,0.285016702471919,
3.2));
#14067=CARTESIAN_POINT('Ctrl Pts',(-0.374087266760695,0.338501306186244,
3.2));
#14068=CARTESIAN_POINT('Ctrl Pts',(-0.312498935210867,0.338501306186244,
3.2));
#14069=CARTESIAN_POINT('',(-0.540213687388522,0.233963217108246,3.19));
#14070=CARTESIAN_POINT('',(-0.540213687388522,0.233963217108246,3.2));
#14071=CARTESIAN_POINT('Ctrl Pts',(-0.540213687388522,0.233963217108246,
3.19));
#14072=CARTESIAN_POINT('Ctrl Pts',(-0.483487592539996,0.285016702471919,
3.19));
#14073=CARTESIAN_POINT('Ctrl Pts',(-0.374087266760695,0.338501306186244,
3.19));
#14074=CARTESIAN_POINT('Ctrl Pts',(-0.312498935210867,0.338501306186244,
3.19));
#14075=CARTESIAN_POINT('Origin',(-0.540213687388522,0.317431613813934,3.2));
#14076=CARTESIAN_POINT('',(-0.540213687388522,0.317431613813934,3.2));
#14077=CARTESIAN_POINT('',(-0.540213687388522,0.158715806906967,3.2));
#14078=CARTESIAN_POINT('',(-0.540213687388522,0.317431613813934,3.19));
#14079=CARTESIAN_POINT('',(-0.540213687388522,0.317431613813934,3.2));
#14080=CARTESIAN_POINT('',(-0.540213687388522,0.317431613813934,3.19));
#14081=CARTESIAN_POINT('Origin',(-0.66663184162238,0.317431613813934,3.2));
#14082=CARTESIAN_POINT('',(-0.66663184162238,0.317431613813934,3.2));
#14083=CARTESIAN_POINT('',(-0.333315920811189,0.317431613813934,3.2));
#14084=CARTESIAN_POINT('',(-0.66663184162238,0.317431613813934,3.19));
#14085=CARTESIAN_POINT('',(-0.66663184162238,0.317431613813934,3.2));
#14086=CARTESIAN_POINT('',(-0.66663184162238,0.317431613813934,3.19));
#14087=CARTESIAN_POINT('Origin',(-0.66663184162238,-0.432973583753712,3.2));
#14088=CARTESIAN_POINT('',(-0.66663184162238,-0.432973583753712,3.2));
#14089=CARTESIAN_POINT('',(-0.66663184162238,-0.216486791876856,3.2));
#14090=CARTESIAN_POINT('',(-0.66663184162238,-0.432973583753712,3.19));
#14091=CARTESIAN_POINT('',(-0.66663184162238,-0.432973583753712,3.2));
#14092=CARTESIAN_POINT('',(-0.66663184162238,-0.432973583753712,3.19));
#14093=CARTESIAN_POINT('Origin',(-0.540213687388522,-0.432973583753712,
3.2));
#14094=CARTESIAN_POINT('',(-0.540213687388522,-0.432973583753712,3.2));
#14095=CARTESIAN_POINT('',(-0.27010684369426,-0.432973583753712,3.2));
#14096=CARTESIAN_POINT('',(-0.540213687388522,-0.432973583753712,3.19));
#14097=CARTESIAN_POINT('',(-0.540213687388522,-0.432973583753712,3.2));
#14098=CARTESIAN_POINT('',(-0.540213687388522,-0.432973583753712,3.19));
#14099=CARTESIAN_POINT('Origin',(-0.540213687388522,0.127804382463147,3.2));
#14100=CARTESIAN_POINT('',(-0.540213687388522,0.127804382463147,3.2));
#14101=CARTESIAN_POINT('',(-0.540213687388522,0.0639021912315733,3.2));
#14102=CARTESIAN_POINT('',(-0.540213687388522,0.127804382463147,3.19));
#14103=CARTESIAN_POINT('',(-0.540213687388522,0.127804382463147,3.2));
#14104=CARTESIAN_POINT('',(-0.540213687388522,0.127804382463147,3.19));
#14105=CARTESIAN_POINT('Ctrl Pts',(-0.345724219336432,0.218566134220789,
3.2));
#14106=CARTESIAN_POINT('Ctrl Pts',(-0.345724219336432,0.218566134220789,
3.19));
#14107=CARTESIAN_POINT('Ctrl Pts',(-0.392725840782354,0.218566134220789,
3.2));
#14108=CARTESIAN_POINT('Ctrl Pts',(-0.392725840782354,0.218566134220789,
3.19));
#14109=CARTESIAN_POINT('Ctrl Pts',(-0.49240169315905,0.168323021640665,
3.2));
#14110=CARTESIAN_POINT('Ctrl Pts',(-0.49240169315905,0.168323021640665,
3.19));
#14111=CARTESIAN_POINT('Ctrl Pts',(-0.540213687388522,0.127804382463147,
3.2));
#14112=CARTESIAN_POINT('Ctrl Pts',(-0.540213687388522,0.127804382463147,
3.19));
#14113=CARTESIAN_POINT('',(-0.345724219336432,0.218566134220789,3.2));
#14114=CARTESIAN_POINT('Ctrl Pts',(-0.345724219336432,0.218566134220789,
3.2));
#14115=CARTESIAN_POINT('Ctrl Pts',(-0.392725840782354,0.218566134220789,
3.2));
#14116=CARTESIAN_POINT('Ctrl Pts',(-0.49240169315905,0.168323021640665,
3.2));
#14117=CARTESIAN_POINT('Ctrl Pts',(-0.540213687388522,0.127804382463147,
3.2));
#14118=CARTESIAN_POINT('',(-0.345724219336432,0.218566134220789,3.19));
#14119=CARTESIAN_POINT('',(-0.345724219336432,0.218566134220789,3.2));
#14120=CARTESIAN_POINT('Ctrl Pts',(-0.345724219336432,0.218566134220789,
3.19));
#14121=CARTESIAN_POINT('Ctrl Pts',(-0.392725840782354,0.218566134220789,
3.19));
#14122=CARTESIAN_POINT('Ctrl Pts',(-0.49240169315905,0.168323021640665,
3.19));
#14123=CARTESIAN_POINT('Ctrl Pts',(-0.540213687388522,0.127804382463147,
3.19));
#14124=CARTESIAN_POINT('Ctrl Pts',(-0.228220165721628,0.162650412155813,
3.2));
#14125=CARTESIAN_POINT('Ctrl Pts',(-0.228220165721628,0.162650412155813,
3.19));
#14126=CARTESIAN_POINT('Ctrl Pts',(-0.243617248609085,0.191013459580076,
3.2));
#14127=CARTESIAN_POINT('Ctrl Pts',(-0.243617248609085,0.191013459580076,
3.19));
#14128=CARTESIAN_POINT('Ctrl Pts',(-0.29872259789051,0.218566134220789,
3.2));
#14129=CARTESIAN_POINT('Ctrl Pts',(-0.29872259789051,0.218566134220789,
3.19));
#14130=CARTESIAN_POINT('Ctrl Pts',(-0.345724219336432,0.218566134220789,
3.2));
#14131=CARTESIAN_POINT('Ctrl Pts',(-0.345724219336432,0.218566134220789,
3.19));
#14132=CARTESIAN_POINT('',(-0.228220165721628,0.162650412155813,3.2));
#14133=CARTESIAN_POINT('Ctrl Pts',(-0.228220165721628,0.162650412155813,
3.2));
#14134=CARTESIAN_POINT('Ctrl Pts',(-0.243617248609085,0.191013459580076,
3.2));
#14135=CARTESIAN_POINT('Ctrl Pts',(-0.29872259789051,0.218566134220789,
3.2));
#14136=CARTESIAN_POINT('Ctrl Pts',(-0.345724219336432,0.218566134220789,
3.2));
#14137=CARTESIAN_POINT('',(-0.228220165721628,0.162650412155813,3.19));
#14138=CARTESIAN_POINT('',(-0.228220165721628,0.162650412155813,3.2));
#14139=CARTESIAN_POINT('Ctrl Pts',(-0.228220165721628,0.162650412155813,
3.19));
#14140=CARTESIAN_POINT('Ctrl Pts',(-0.243617248609085,0.191013459580076,
3.19));
#14141=CARTESIAN_POINT('Ctrl Pts',(-0.29872259789051,0.218566134220789,
3.19));
#14142=CARTESIAN_POINT('Ctrl Pts',(-0.345724219336432,0.218566134220789,
3.19));
#14143=CARTESIAN_POINT('Ctrl Pts',(-0.203908982215116,-0.00509675403911468,
3.2));
#14144=CARTESIAN_POINT('Ctrl Pts',(-0.203908982215116,-0.00509675403911468,
3.19));
#14145=CARTESIAN_POINT('Ctrl Pts',(-0.203908982215116,0.0467671041081093,
3.2));
#14146=CARTESIAN_POINT('Ctrl Pts',(-0.203908982215116,0.0467671041081093,
3.19));
#14147=CARTESIAN_POINT('Ctrl Pts',(-0.213633455617721,0.13590811029865,
3.2));
#14148=CARTESIAN_POINT('Ctrl Pts',(-0.213633455617721,0.13590811029865,
3.19));
#14149=CARTESIAN_POINT('Ctrl Pts',(-0.228220165721628,0.162650412155813,
3.2));
#14150=CARTESIAN_POINT('Ctrl Pts',(-0.228220165721628,0.162650412155813,
3.19));
#14151=CARTESIAN_POINT('',(-0.203908982215116,-0.00509675403911468,3.2));
#14152=CARTESIAN_POINT('Ctrl Pts',(-0.203908982215116,-0.00509675403911468,
3.2));
#14153=CARTESIAN_POINT('Ctrl Pts',(-0.203908982215116,0.0467671041081093,
3.2));
#14154=CARTESIAN_POINT('Ctrl Pts',(-0.213633455617721,0.13590811029865,
3.2));
#14155=CARTESIAN_POINT('Ctrl Pts',(-0.228220165721628,0.162650412155813,
3.2));
#14156=CARTESIAN_POINT('',(-0.203908982215116,-0.00509675403911468,3.19));
#14157=CARTESIAN_POINT('',(-0.203908982215116,-0.00509675403911468,3.2));
#14158=CARTESIAN_POINT('Ctrl Pts',(-0.203908982215116,-0.00509675403911468,
3.19));
#14159=CARTESIAN_POINT('Ctrl Pts',(-0.203908982215116,0.0467671041081093,
3.19));
#14160=CARTESIAN_POINT('Ctrl Pts',(-0.213633455617721,0.13590811029865,
3.19));
#14161=CARTESIAN_POINT('Ctrl Pts',(-0.228220165721628,0.162650412155813,
3.19));
#14162=CARTESIAN_POINT('Origin',(-0.203908982215116,-0.432973583753712,
3.2));
#14163=CARTESIAN_POINT('',(-0.203908982215116,-0.432973583753712,3.2));
#14164=CARTESIAN_POINT('',(-0.203908982215116,-0.216486791876856,3.2));
#14165=CARTESIAN_POINT('',(-0.203908982215116,-0.432973583753712,3.19));
#14166=CARTESIAN_POINT('',(-0.203908982215116,-0.432973583753712,3.2));
#14167=CARTESIAN_POINT('',(-0.203908982215116,-0.432973583753712,3.19));
#14168=CARTESIAN_POINT('Origin',(-0.0774908279812582,-0.432973583753712,
3.2));
#14169=CARTESIAN_POINT('',(-0.038745413990628,-0.432973583753712,3.2));
#14170=CARTESIAN_POINT('',(-0.0774908279812582,-0.432973583753712,3.19));
#14171=CARTESIAN_POINT('Origin',(-0.391143695894576,-0.0469309184812695,
3.19));
#14172=CARTESIAN_POINT('Origin',(-0.852207209055416,0.317431613813934,3.2));
#14173=CARTESIAN_POINT('',(-0.852207209055416,0.317431613813934,3.2));
#14174=CARTESIAN_POINT('',(-0.852207209055416,-0.432973583753712,3.2));
#14175=CARTESIAN_POINT('',(-0.852207209055416,0.158715806906967,3.2));
#14176=CARTESIAN_POINT('',(-0.852207209055416,0.317431613813934,3.19));
#14177=CARTESIAN_POINT('',(-0.852207209055416,0.317431613813934,3.2));
#14178=CARTESIAN_POINT('',(-0.852207209055416,-0.432973583753712,3.19));
#14179=CARTESIAN_POINT('',(-0.852207209055416,0.317431613813934,3.19));
#14180=CARTESIAN_POINT('',(-0.852207209055416,-0.432973583753712,3.2));
#14181=CARTESIAN_POINT('Origin',(-0.978625363289274,0.317431613813934,3.2));
#14182=CARTESIAN_POINT('',(-0.978625363289274,0.317431613813934,3.2));
#14183=CARTESIAN_POINT('',(-0.489312681644636,0.317431613813934,3.2));
#14184=CARTESIAN_POINT('',(-0.978625363289274,0.317431613813934,3.19));
#14185=CARTESIAN_POINT('',(-0.978625363289274,0.317431613813934,3.2));
#14186=CARTESIAN_POINT('',(-0.978625363289274,0.317431613813934,3.19));
#14187=CARTESIAN_POINT('Origin',(-0.978625363289274,-0.432973583753712,
3.2));
#14188=CARTESIAN_POINT('',(-0.978625363289274,-0.432973583753712,3.2));
#14189=CARTESIAN_POINT('',(-0.978625363289274,-0.216486791876856,3.2));
#14190=CARTESIAN_POINT('',(-0.978625363289274,-0.432973583753712,3.19));
#14191=CARTESIAN_POINT('',(-0.978625363289274,-0.432973583753712,3.2));
#14192=CARTESIAN_POINT('',(-0.978625363289274,-0.432973583753712,3.19));
#14193=CARTESIAN_POINT('Origin',(-0.852207209055416,-0.432973583753712,
3.2));
#14194=CARTESIAN_POINT('',(-0.426103604527707,-0.432973583753712,3.2));
#14195=CARTESIAN_POINT('',(-0.852207209055416,-0.432973583753712,3.19));
#14196=CARTESIAN_POINT('Origin',(-0.915416286172345,-0.057770984969889,
3.19));
#14197=CARTESIAN_POINT('Origin',(-1.86841467962758,-0.432973583753712,3.2));
#14198=CARTESIAN_POINT('',(-1.86841467962758,-0.432973583753712,3.2));
#14199=CARTESIAN_POINT('',(-2.00131581612985,-0.432973583753712,3.2));
#14200=CARTESIAN_POINT('',(-0.934207339813791,-0.432973583753712,3.2));
#14201=CARTESIAN_POINT('',(-1.86841467962758,-0.432973583753712,3.19));
#14202=CARTESIAN_POINT('',(-1.86841467962758,-0.432973583753712,3.2));
#14203=CARTESIAN_POINT('',(-2.00131581612985,-0.432973583753712,3.19));
#14204=CARTESIAN_POINT('',(-1.86841467962758,-0.432973583753712,3.19));
#14205=CARTESIAN_POINT('',(-2.00131581612985,-0.432973583753712,3.2));
#14206=CARTESIAN_POINT('Origin',(-1.86841467962758,0.448712004749095,3.2));
#14207=CARTESIAN_POINT('',(-1.86841467962758,0.448712004749095,3.2));
#14208=CARTESIAN_POINT('',(-1.86841467962758,0.224356002374547,3.2));
#14209=CARTESIAN_POINT('',(-1.86841467962758,0.448712004749095,3.19));
#14210=CARTESIAN_POINT('',(-1.86841467962758,0.448712004749095,3.2));
#14211=CARTESIAN_POINT('',(-1.86841467962758,0.448712004749095,3.19));
#14212=CARTESIAN_POINT('Origin',(-1.53292034723773,0.448712004749095,3.2));
#14213=CARTESIAN_POINT('',(-1.53292034723773,0.448712004749095,3.2));
#14214=CARTESIAN_POINT('',(-0.766460173618864,0.448712004749095,3.2));
#14215=CARTESIAN_POINT('',(-1.53292034723773,0.448712004749095,3.19));
#14216=CARTESIAN_POINT('',(-1.53292034723773,0.448712004749095,3.2));
#14217=CARTESIAN_POINT('',(-1.53292034723773,0.448712004749095,3.19));
#14218=CARTESIAN_POINT('Origin',(-1.53292034723773,0.567026431147449,3.2));
#14219=CARTESIAN_POINT('',(-1.53292034723773,0.567026431147449,3.2));
#14220=CARTESIAN_POINT('',(-1.53292034723773,0.283513215573725,3.2));
#14221=CARTESIAN_POINT('',(-1.53292034723773,0.567026431147449,3.19));
#14222=CARTESIAN_POINT('',(-1.53292034723773,0.567026431147449,3.2));
#14223=CARTESIAN_POINT('',(-1.53292034723773,0.567026431147449,3.19));
#14224=CARTESIAN_POINT('Origin',(-2.3368101485197,0.567026431147449,3.2));
#14225=CARTESIAN_POINT('',(-2.3368101485197,0.567026431147449,3.2));
#14226=CARTESIAN_POINT('',(-1.16840507425985,0.567026431147449,3.2));
#14227=CARTESIAN_POINT('',(-2.3368101485197,0.567026431147449,3.19));
#14228=CARTESIAN_POINT('',(-2.3368101485197,0.567026431147449,3.2));
#14229=CARTESIAN_POINT('',(-2.3368101485197,0.567026431147449,3.19));
#14230=CARTESIAN_POINT('Origin',(-2.3368101485197,0.448712004749095,3.2));
#14231=CARTESIAN_POINT('',(-2.3368101485197,0.448712004749095,3.2));
#14232=CARTESIAN_POINT('',(-2.3368101485197,0.224356002374547,3.2));
#14233=CARTESIAN_POINT('',(-2.3368101485197,0.448712004749095,3.19));
#14234=CARTESIAN_POINT('',(-2.3368101485197,0.448712004749095,3.2));
#14235=CARTESIAN_POINT('',(-2.3368101485197,0.448712004749095,3.19));
#14236=CARTESIAN_POINT('Origin',(-2.00131581612985,0.448712004749095,3.2));
#14237=CARTESIAN_POINT('',(-2.00131581612985,0.448712004749095,3.2));
#14238=CARTESIAN_POINT('',(-1.00065790806492,0.448712004749095,3.2));
#14239=CARTESIAN_POINT('',(-2.00131581612985,0.448712004749095,3.19));
#14240=CARTESIAN_POINT('',(-2.00131581612985,0.448712004749095,3.2));
#14241=CARTESIAN_POINT('',(-2.00131581612985,0.448712004749095,3.19));
#14242=CARTESIAN_POINT('Origin',(-2.00131581612985,-0.432973583753712,3.2));
#14243=CARTESIAN_POINT('',(-2.00131581612985,-0.216486791876856,3.2));
#14244=CARTESIAN_POINT('',(-2.00131581612985,-0.432973583753712,3.19));
#14245=CARTESIAN_POINT('Origin',(-1.93486524787872,0.231005684092269,3.19));
#14246=CARTESIAN_POINT('Origin',(-2.90569184257206,-0.0399427837317808,
3.2));
#14247=CARTESIAN_POINT('',(-2.75172101369749,0.430883803510986,3.2));
#14248=CARTESIAN_POINT('',(-2.90569184257206,-0.0399427837317808,3.2));
#14249=CARTESIAN_POINT('',(-2.75942991075017,0.407310807786752,3.2));
#14250=CARTESIAN_POINT('',(-2.75172101369749,0.430883803510986,3.19));
#14251=CARTESIAN_POINT('',(-2.75172101369749,0.430883803510986,3.2));
#14252=CARTESIAN_POINT('',(-2.90569184257206,-0.0399427837317808,3.19));
#14253=CARTESIAN_POINT('',(-2.89706493997287,-0.0135626236784656,3.19));
#14254=CARTESIAN_POINT('',(-2.90569184257206,-0.0399427837317808,3.2));
#14255=CARTESIAN_POINT('Origin',(-2.59693981203937,-0.0399427837317808,
3.2));
#14256=CARTESIAN_POINT('',(-2.59693981203937,-0.0399427837317808,3.2));
#14257=CARTESIAN_POINT('',(-1.29846990601968,-0.0399427837317808,3.2));
#14258=CARTESIAN_POINT('',(-2.59693981203937,-0.0399427837317808,3.19));
#14259=CARTESIAN_POINT('',(-2.67287345003734,-0.0399427837317808,3.19));
#14260=CARTESIAN_POINT('',(-2.59693981203937,-0.0399427837317808,3.2));
#14261=CARTESIAN_POINT('Origin',(-2.75172101369749,0.430883803510986,3.2));
#14262=CARTESIAN_POINT('',(-2.55361339361724,-0.17173675809439,3.2));
#14263=CARTESIAN_POINT('',(-2.68278926030625,0.221201349477934,3.19));
#14264=CARTESIAN_POINT('Origin',(-3.03292036958947,-0.432973583753712,3.2));
#14265=CARTESIAN_POINT('',(-3.03292036958947,-0.432973583753712,3.2));
#14266=CARTESIAN_POINT('',(-3.16744225165883,-0.432973583753712,3.2));
#14267=CARTESIAN_POINT('',(-1.51646018479473,-0.432973583753712,3.2));
#14268=CARTESIAN_POINT('',(-3.03292036958947,-0.432973583753712,3.19));
#14269=CARTESIAN_POINT('',(-3.03292036958947,-0.432973583753712,3.2));
#14270=CARTESIAN_POINT('',(-3.16744225165883,-0.432973583753712,3.19));
#14271=CARTESIAN_POINT('',(-3.03292036958947,-0.432973583753712,3.19));
#14272=CARTESIAN_POINT('',(-3.16744225165883,-0.432973583753712,3.2));
#14273=CARTESIAN_POINT('Origin',(-2.94215861783183,-0.153394973428833,3.2));
#14274=CARTESIAN_POINT('',(-2.94215861783183,-0.153394973428833,3.2));
#14275=CARTESIAN_POINT('',(-2.77937855765286,0.348025747658159,3.2));
#14276=CARTESIAN_POINT('',(-2.94215861783183,-0.153394973428833,3.19));
#14277=CARTESIAN_POINT('',(-2.94215861783183,-0.153394973428833,3.2));
#14278=CARTESIAN_POINT('',(-2.94215861783183,-0.153394973428833,3.19));
#14279=CARTESIAN_POINT('Origin',(-2.5604730367796,-0.153394973428833,3.2));
#14280=CARTESIAN_POINT('',(-2.5604730367796,-0.153394973428833,3.2));
#14281=CARTESIAN_POINT('',(-1.2802365183898,-0.153394973428833,3.2));
#14282=CARTESIAN_POINT('',(-2.5604730367796,-0.153394973428833,3.19));
#14283=CARTESIAN_POINT('',(-2.5604730367796,-0.153394973428833,3.2));
#14284=CARTESIAN_POINT('',(-2.5604730367796,-0.153394973428833,3.19));
#14285=CARTESIAN_POINT('Origin',(-2.46971128502196,-0.432973583753712,3.2));
#14286=CARTESIAN_POINT('',(-2.46971128502196,-0.432973583753712,3.2));
#14287=CARTESIAN_POINT('',(-2.41555734646853,-0.599787055190613,3.2));
#14288=CARTESIAN_POINT('',(-2.46971128502196,-0.432973583753712,3.19));
#14289=CARTESIAN_POINT('',(-2.46971128502196,-0.432973583753712,3.2));
#14290=CARTESIAN_POINT('',(-2.46971128502196,-0.432973583753712,3.19));
#14291=CARTESIAN_POINT('Origin',(-2.32951679346775,-0.432973583753712,3.2));
#14292=CARTESIAN_POINT('',(-2.32951679346775,-0.432973583753712,3.2));
#14293=CARTESIAN_POINT('',(-1.16475839673387,-0.432973583753712,3.2));
#14294=CARTESIAN_POINT('',(-2.32951679346775,-0.432973583753712,3.19));
#14295=CARTESIAN_POINT('',(-2.32951679346775,-0.432973583753712,3.2));
#14296=CARTESIAN_POINT('',(-2.32951679346775,-0.432973583753712,3.19));
#14297=CARTESIAN_POINT('Origin',(-2.6666318714247,0.567026431147449,3.2));
#14298=CARTESIAN_POINT('',(-2.6666318714247,0.567026431147449,3.2));
#14299=CARTESIAN_POINT('',(-2.44474517012402,-0.0911663318454441,3.2));
#14300=CARTESIAN_POINT('',(-2.6666318714247,0.567026431147449,3.19));
#14301=CARTESIAN_POINT('',(-2.6666318714247,0.567026431147449,3.2));
#14302=CARTESIAN_POINT('',(-2.6666318714247,0.567026431147449,3.19));
#14303=CARTESIAN_POINT('Origin',(-2.83032717370188,0.567026431147449,3.2));
#14304=CARTESIAN_POINT('',(-2.83032717370188,0.567026431147449,3.2));
#14305=CARTESIAN_POINT('',(-1.41516358685094,0.567026431147449,3.2));
#14306=CARTESIAN_POINT('',(-2.83032717370188,0.567026431147449,3.19));
#14307=CARTESIAN_POINT('',(-2.83032717370188,0.567026431147449,3.2));
#14308=CARTESIAN_POINT('',(-2.83032717370188,0.567026431147449,3.19));
#14309=CARTESIAN_POINT('Origin',(-3.16744225165883,-0.432973583753712,3.2));
#14310=CARTESIAN_POINT('',(-2.940291695559,0.24083359467704,3.2));
#14311=CARTESIAN_POINT('',(-3.16744225165883,-0.432973583753712,3.19));
#14312=CARTESIAN_POINT('Origin',(-2.74880708803531,-0.0328449083313301,
3.19));
#14313=CARTESIAN_POINT('Origin',(-0.599776023371803,1.31242388876433,3.2));
#14314=CARTESIAN_POINT('',(-0.599776023371803,1.31242388876433,3.2));
#14315=CARTESIAN_POINT('',(-1.06898187670032,1.31242388876433,3.2));
#14316=CARTESIAN_POINT('',(-0.2998880116859,1.31242388876433,3.2));
#14317=CARTESIAN_POINT('',(-0.599776023371803,1.31242388876433,3.19));
#14318=CARTESIAN_POINT('',(-0.599776023371803,1.31242388876433,3.2));
#14319=CARTESIAN_POINT('',(-1.06898187670032,1.31242388876433,3.19));
#14320=CARTESIAN_POINT('',(-0.599776023371803,1.31242388876433,3.19));
#14321=CARTESIAN_POINT('',(-1.06898187670032,1.31242388876433,3.2));
#14322=CARTESIAN_POINT('Origin',(-0.599776023371803,1.40115971076688,3.2));
#14323=CARTESIAN_POINT('',(-0.599776023371803,1.40115971076688,3.2));
#14324=CARTESIAN_POINT('',(-0.599776023371803,0.700579855383438,3.2));
#14325=CARTESIAN_POINT('',(-0.599776023371803,1.40115971076688,3.19));
#14326=CARTESIAN_POINT('',(-0.599776023371803,1.40115971076688,3.2));
#14327=CARTESIAN_POINT('',(-0.599776023371803,1.40115971076688,3.19));
#14328=CARTESIAN_POINT('Origin',(-0.96930602184815,1.40115971076688,3.2));
#14329=CARTESIAN_POINT('',(-0.96930602184815,1.40115971076688,3.2));
#14330=CARTESIAN_POINT('',(-0.484653010924074,1.40115971076688,3.2));
#14331=CARTESIAN_POINT('',(-0.96930602184815,1.40115971076688,3.19));
#14332=CARTESIAN_POINT('',(-0.96930602184815,1.40115971076688,3.2));
#14333=CARTESIAN_POINT('',(-0.96930602184815,1.40115971076688,3.19));
#14334=CARTESIAN_POINT('Origin',(-0.96930602184815,1.67952276882965,3.2));
#14335=CARTESIAN_POINT('',(-0.96930602184815,1.67952276882965,3.2));
#14336=CARTESIAN_POINT('',(-0.96930602184815,0.839761384414826,3.2));
#14337=CARTESIAN_POINT('',(-0.96930602184815,1.67952276882965,3.19));
#14338=CARTESIAN_POINT('',(-0.96930602184815,1.67952276882965,3.2));
#14339=CARTESIAN_POINT('',(-0.96930602184815,1.67952276882965,3.19));
#14340=CARTESIAN_POINT('Origin',(-0.624694987084846,1.67952276882965,3.2));
#14341=CARTESIAN_POINT('',(-0.624694987084846,1.67952276882965,3.2));
#14342=CARTESIAN_POINT('',(-0.312347493542422,1.67952276882965,3.2));
#14343=CARTESIAN_POINT('',(-0.624694987084846,1.67952276882965,3.19));
#14344=CARTESIAN_POINT('',(-0.624694987084846,1.67952276882965,3.2));
#14345=CARTESIAN_POINT('',(-0.624694987084846,1.67952276882965,3.19));
#14346=CARTESIAN_POINT('Origin',(-0.624694987084846,1.7682585908322,3.2));
#14347=CARTESIAN_POINT('',(-0.624694987084846,1.7682585908322,3.2));
#14348=CARTESIAN_POINT('',(-0.624694987084846,0.884129295416098,3.2));
#14349=CARTESIAN_POINT('',(-0.624694987084846,1.7682585908322,3.19));
#14350=CARTESIAN_POINT('',(-0.624694987084846,1.7682585908322,3.2));
#14351=CARTESIAN_POINT('',(-0.624694987084846,1.7682585908322,3.19));
#14352=CARTESIAN_POINT('Origin',(-0.96930602184815,1.7682585908322,3.2));
#14353=CARTESIAN_POINT('',(-0.96930602184815,1.7682585908322,3.2));
#14354=CARTESIAN_POINT('',(-0.484653010924074,1.7682585908322,3.2));
#14355=CARTESIAN_POINT('',(-0.96930602184815,1.7682585908322,3.19));
#14356=CARTESIAN_POINT('',(-0.96930602184815,1.7682585908322,3.2));
#14357=CARTESIAN_POINT('',(-0.96930602184815,1.7682585908322,3.19));
#14358=CARTESIAN_POINT('Origin',(-0.96930602184815,1.97368809656411,3.2));
#14359=CARTESIAN_POINT('',(-0.96930602184815,1.97368809656411,3.2));
#14360=CARTESIAN_POINT('',(-0.96930602184815,0.986844048282056,3.2));
#14361=CARTESIAN_POINT('',(-0.96930602184815,1.97368809656411,3.19));
#14362=CARTESIAN_POINT('',(-0.96930602184815,1.97368809656411,3.2));
#14363=CARTESIAN_POINT('',(-0.96930602184815,1.97368809656411,3.19));
#14364=CARTESIAN_POINT('Origin',(-0.599776023371803,1.97368809656411,3.2));
#14365=CARTESIAN_POINT('',(-0.599776023371803,1.97368809656411,3.2));
#14366=CARTESIAN_POINT('',(-0.2998880116859,1.97368809656411,3.2));
#14367=CARTESIAN_POINT('',(-0.599776023371803,1.97368809656411,3.19));
#14368=CARTESIAN_POINT('',(-0.599776023371803,1.97368809656411,3.2));
#14369=CARTESIAN_POINT('',(-0.599776023371803,1.97368809656411,3.19));
#14370=CARTESIAN_POINT('Origin',(-0.599776023371803,2.06242391856666,3.2));
#14371=CARTESIAN_POINT('',(-0.599776023371803,2.06242391856666,3.2));
#14372=CARTESIAN_POINT('',(-0.599776023371803,1.03121195928333,3.2));
#14373=CARTESIAN_POINT('',(-0.599776023371803,2.06242391856666,3.19));
#14374=CARTESIAN_POINT('',(-0.599776023371803,2.06242391856666,3.2));
#14375=CARTESIAN_POINT('',(-0.599776023371803,2.06242391856666,3.19));
#14376=CARTESIAN_POINT('Origin',(-1.06898187670032,2.06242391856666,3.2));
#14377=CARTESIAN_POINT('',(-1.06898187670032,2.06242391856666,3.2));
#14378=CARTESIAN_POINT('',(-0.53449093835016,2.06242391856666,3.2));
#14379=CARTESIAN_POINT('',(-1.06898187670032,2.06242391856666,3.19));
#14380=CARTESIAN_POINT('',(-1.06898187670032,2.06242391856666,3.2));
#14381=CARTESIAN_POINT('',(-1.06898187670032,2.06242391856666,3.19));
#14382=CARTESIAN_POINT('Origin',(-1.06898187670032,1.31242388876433,3.2));
#14383=CARTESIAN_POINT('',(-1.06898187670032,0.656211944382167,3.2));
#14384=CARTESIAN_POINT('',(-1.06898187670032,1.31242388876433,3.19));
#14385=CARTESIAN_POINT('Origin',(-0.864997304399984,1.69392395461985,3.19));
#14386=CARTESIAN_POINT('Origin',(-2.19155080299278,1.31242388876433,3.2));
#14387=CARTESIAN_POINT('',(-2.19155080299278,1.31242388876433,3.2));
#14388=CARTESIAN_POINT('',(-2.29122665784495,1.31242388876433,3.2));
#14389=CARTESIAN_POINT('',(-1.09577540149639,1.31242388876433,3.2));
#14390=CARTESIAN_POINT('',(-2.19155080299278,1.31242388876433,3.19));
#14391=CARTESIAN_POINT('',(-2.19155080299278,1.31242388876433,3.2));
#14392=CARTESIAN_POINT('',(-2.29122665784495,1.31242388876433,3.19));
#14393=CARTESIAN_POINT('',(-2.19155080299278,1.31242388876433,3.19));
#14394=CARTESIAN_POINT('',(-2.29122665784495,1.31242388876433,3.2));
#14395=CARTESIAN_POINT('Origin',(-2.19155080299278,1.97368809656411,3.2));
#14396=CARTESIAN_POINT('',(-2.19155080299278,1.97368809656411,3.2));
#14397=CARTESIAN_POINT('',(-2.19155080299278,0.986844048282056,3.2));
#14398=CARTESIAN_POINT('',(-2.19155080299278,1.97368809656411,3.19));
#14399=CARTESIAN_POINT('',(-2.19155080299278,1.97368809656411,3.2));
#14400=CARTESIAN_POINT('',(-2.19155080299278,1.97368809656411,3.19));
#14401=CARTESIAN_POINT('Origin',(-1.93993004745132,1.97368809656411,3.2));
#14402=CARTESIAN_POINT('',(-1.93993004745132,1.97368809656411,3.2));
#14403=CARTESIAN_POINT('',(-0.969965023725657,1.97368809656411,3.2));
#14404=CARTESIAN_POINT('',(-1.93993004745132,1.97368809656411,3.19));
#14405=CARTESIAN_POINT('',(-1.93993004745132,1.97368809656411,3.2));
#14406=CARTESIAN_POINT('',(-1.93993004745132,1.97368809656411,3.19));
#14407=CARTESIAN_POINT('Origin',(-1.93993004745132,2.06242391856666,3.2));
#14408=CARTESIAN_POINT('',(-1.93993004745132,2.06242391856666,3.2));
#14409=CARTESIAN_POINT('',(-1.93993004745132,1.03121195928333,3.2));
#14410=CARTESIAN_POINT('',(-1.93993004745132,2.06242391856666,3.19));
#14411=CARTESIAN_POINT('',(-1.93993004745132,2.06242391856666,3.2));
#14412=CARTESIAN_POINT('',(-1.93993004745132,2.06242391856666,3.19));
#14413=CARTESIAN_POINT('Origin',(-2.54284741338641,2.06242391856666,3.2));
#14414=CARTESIAN_POINT('',(-2.54284741338641,2.06242391856666,3.2));
#14415=CARTESIAN_POINT('',(-1.2714237066932,2.06242391856666,3.2));
#14416=CARTESIAN_POINT('',(-2.54284741338641,2.06242391856666,3.19));
#14417=CARTESIAN_POINT('',(-2.54284741338641,2.06242391856666,3.2));
#14418=CARTESIAN_POINT('',(-2.54284741338641,2.06242391856666,3.19));
#14419=CARTESIAN_POINT('Origin',(-2.54284741338641,1.97368809656411,3.2));
#14420=CARTESIAN_POINT('',(-2.54284741338641,1.97368809656411,3.2));
#14421=CARTESIAN_POINT('',(-2.54284741338641,0.986844048282056,3.2));
#14422=CARTESIAN_POINT('',(-2.54284741338641,1.97368809656411,3.19));
#14423=CARTESIAN_POINT('',(-2.54284741338641,1.97368809656411,3.2));
#14424=CARTESIAN_POINT('',(-2.54284741338641,1.97368809656411,3.19));
#14425=CARTESIAN_POINT('Origin',(-2.29122665784495,1.97368809656411,3.2));
#14426=CARTESIAN_POINT('',(-2.29122665784495,1.97368809656411,3.2));
#14427=CARTESIAN_POINT('',(-1.14561332892247,1.97368809656411,3.2));
#14428=CARTESIAN_POINT('',(-2.29122665784495,1.97368809656411,3.19));
#14429=CARTESIAN_POINT('',(-2.29122665784495,1.97368809656411,3.2));
#14430=CARTESIAN_POINT('',(-2.29122665784495,1.97368809656411,3.19));
#14431=CARTESIAN_POINT('Origin',(-2.29122665784495,1.31242388876433,3.2));
#14432=CARTESIAN_POINT('',(-2.29122665784495,0.656211944382167,3.2));
#14433=CARTESIAN_POINT('',(-2.29122665784495,1.31242388876433,3.19));
#14434=CARTESIAN_POINT('Origin',(-2.24138873041886,1.8104083520164,3.19));
#14435=CARTESIAN_POINT('Origin',(-2.96950869452193,1.60719699610155,3.2));
#14436=CARTESIAN_POINT('',(-2.85403056999807,1.96031694530345,3.2));
#14437=CARTESIAN_POINT('',(-2.96950869452193,1.60719699610155,3.2));
#14438=CARTESIAN_POINT('',(-3.06346981506623,1.31987378012135,3.2));
#14439=CARTESIAN_POINT('',(-2.85403056999807,1.96031694530345,3.19));
#14440=CARTESIAN_POINT('',(-2.85403056999807,1.96031694530345,3.2));
#14441=CARTESIAN_POINT('',(-2.96950869452193,1.60719699610155,3.19));
#14442=CARTESIAN_POINT('',(-2.96303851741185,1.62698211663291,3.19));
#14443=CARTESIAN_POINT('',(-2.96950869452193,1.60719699610155,3.2));
#14444=CARTESIAN_POINT('Origin',(-2.73794466587145,1.60719699610155,3.2));
#14445=CARTESIAN_POINT('',(-2.73794466587145,1.60719699610155,3.2));
#14446=CARTESIAN_POINT('',(-1.36897233293573,1.60719699610155,3.2));
#14447=CARTESIAN_POINT('',(-2.73794466587145,1.60719699610155,3.19));
#14448=CARTESIAN_POINT('',(-2.79489489578431,1.60719699610155,3.19));
#14449=CARTESIAN_POINT('',(-2.73794466587145,1.60719699610155,3.2));
#14450=CARTESIAN_POINT('Origin',(-2.85403056999807,1.96031694530345,3.2));
#14451=CARTESIAN_POINT('',(-2.42405717000373,0.652387388252594,3.2));
#14452=CARTESIAN_POINT('',(-2.80233175367068,1.80305510087302,3.19));
#14453=CARTESIAN_POINT('Origin',(-3.0649300921548,1.31242388876433,3.2));
#14454=CARTESIAN_POINT('',(-3.0649300921548,1.31242388876433,3.2));
#14455=CARTESIAN_POINT('',(-3.16582150621249,1.31242388876433,3.2));
#14456=CARTESIAN_POINT('',(-1.5324650460774,1.31242388876433,3.2));
#14457=CARTESIAN_POINT('',(-3.0649300921548,1.31242388876433,3.19));
#14458=CARTESIAN_POINT('',(-3.0649300921548,1.31242388876433,3.2));
#14459=CARTESIAN_POINT('',(-3.16582150621249,1.31242388876433,3.19));
#14460=CARTESIAN_POINT('',(-3.0649300921548,1.31242388876433,3.19));
#14461=CARTESIAN_POINT('',(-3.16582150621249,1.31242388876433,3.2));
#14462=CARTESIAN_POINT('Origin',(-2.996858776646,1.52210785171555,3.2));
#14463=CARTESIAN_POINT('',(-2.996858776646,1.52210785171555,3.2));
#14464=CARTESIAN_POINT('',(-3.07750714706776,1.27368206782709,3.2));
#14465=CARTESIAN_POINT('',(-2.996858776646,1.52210785171555,3.19));
#14466=CARTESIAN_POINT('',(-2.996858776646,1.52210785171555,3.2));
#14467=CARTESIAN_POINT('',(-2.996858776646,1.52210785171555,3.19));
#14468=CARTESIAN_POINT('Origin',(-2.71059458374738,1.52210785171555,3.2));
#14469=CARTESIAN_POINT('',(-2.71059458374738,1.52210785171555,3.2));
#14470=CARTESIAN_POINT('',(-1.35529729187369,1.52210785171555,3.2));
#14471=CARTESIAN_POINT('',(-2.71059458374738,1.52210785171555,3.19));
#14472=CARTESIAN_POINT('',(-2.71059458374738,1.52210785171555,3.2));
#14473=CARTESIAN_POINT('',(-2.71059458374738,1.52210785171555,3.19));
#14474=CARTESIAN_POINT('Origin',(-2.64252326823858,1.31242388876433,3.2));
#14475=CARTESIAN_POINT('',(-2.64252326823858,1.31242388876433,3.2));
#14476=CARTESIAN_POINT('',(-2.32383166558659,0.330739934166693,3.2));
#14477=CARTESIAN_POINT('',(-2.64252326823858,1.31242388876433,3.19));
#14478=CARTESIAN_POINT('',(-2.64252326823858,1.31242388876433,3.2));
#14479=CARTESIAN_POINT('',(-2.64252326823858,1.31242388876433,3.19));
#14480=CARTESIAN_POINT('Origin',(-2.5373773969616,1.31242388876433,3.2));
#14481=CARTESIAN_POINT('',(-2.5373773969616,1.31242388876433,3.2));
#14482=CARTESIAN_POINT('',(-1.2686886984808,1.31242388876433,3.2));
#14483=CARTESIAN_POINT('',(-2.5373773969616,1.31242388876433,3.19));
#14484=CARTESIAN_POINT('',(-2.5373773969616,1.31242388876433,3.2));
#14485=CARTESIAN_POINT('',(-2.5373773969616,1.31242388876433,3.19));
#14486=CARTESIAN_POINT('Origin',(-2.79021371170857,2.06242391856666,3.2));
#14487=CARTESIAN_POINT('',(-2.79021371170857,2.06242391856666,3.2));
#14488=CARTESIAN_POINT('',(-2.33568332504244,0.714129454273382,3.2));
#14489=CARTESIAN_POINT('',(-2.79021371170857,2.06242391856666,3.19));
#14490=CARTESIAN_POINT('',(-2.79021371170857,2.06242391856666,3.2));
#14491=CARTESIAN_POINT('',(-2.79021371170857,2.06242391856666,3.19));
#14492=CARTESIAN_POINT('Origin',(-2.91298519146551,2.06242391856666,3.2));
#14493=CARTESIAN_POINT('',(-2.91298519146551,2.06242391856666,3.2));
#14494=CARTESIAN_POINT('',(-1.45649259573276,2.06242391856666,3.2));
#14495=CARTESIAN_POINT('',(-2.91298519146551,2.06242391856666,3.19));
#14496=CARTESIAN_POINT('',(-2.91298519146551,2.06242391856666,3.2));
#14497=CARTESIAN_POINT('',(-2.91298519146551,2.06242391856666,3.19));
#14498=CARTESIAN_POINT('Origin',(-3.16582150621249,1.31242388876433,3.2));
#14499=CARTESIAN_POINT('',(-3.20293072650776,1.20234509586923,3.2));
#14500=CARTESIAN_POINT('',(-3.16582150621249,1.31242388876433,3.19));
#14501=CARTESIAN_POINT('Origin',(-2.85184512569716,1.6125204027841,3.19));
#14502=CARTESIAN_POINT('Origin',(-1.22092677738961,2.06242391856666,3.2));
#14503=CARTESIAN_POINT('',(-1.22092677738961,2.06242391856666,3.2));
#14504=CARTESIAN_POINT('',(-1.22092677738961,1.31242388876433,3.2));
#14505=CARTESIAN_POINT('',(-1.22092677738961,1.03121195928333,3.2));
#14506=CARTESIAN_POINT('',(-1.22092677738961,2.06242391856666,3.19));
#14507=CARTESIAN_POINT('',(-1.22092677738961,2.06242391856666,3.2));
#14508=CARTESIAN_POINT('',(-1.22092677738961,1.31242388876433,3.19));
#14509=CARTESIAN_POINT('',(-1.22092677738961,2.06242391856666,3.19));
#14510=CARTESIAN_POINT('',(-1.22092677738961,1.31242388876433,3.2));
#14511=CARTESIAN_POINT('Origin',(-1.35950052681824,2.06242391856666,3.2));
#14512=CARTESIAN_POINT('',(-1.35950052681824,2.06242391856666,3.2));
#14513=CARTESIAN_POINT('',(-0.679750263409118,2.06242391856666,3.2));
#14514=CARTESIAN_POINT('',(-1.35950052681824,2.06242391856666,3.19));
#14515=CARTESIAN_POINT('',(-1.35950052681824,2.06242391856666,3.2));
#14516=CARTESIAN_POINT('',(-1.35950052681824,2.06242391856666,3.19));
#14517=CARTESIAN_POINT('Origin',(-1.54061884843987,1.64487933147249,3.2));
#14518=CARTESIAN_POINT('',(-1.54061884843987,1.64487933147249,3.2));
#14519=CARTESIAN_POINT('',(-1.71888746140642,1.23390437473417,3.2));
#14520=CARTESIAN_POINT('',(-1.54061884843987,1.64487933147249,3.19));
#14521=CARTESIAN_POINT('',(-1.54061884843987,1.64487933147249,3.2));
#14522=CARTESIAN_POINT('',(-1.54061884843987,1.64487933147249,3.19));
#14523=CARTESIAN_POINT('Origin',(-1.72781496608907,2.06242391856666,3.2));
#14524=CARTESIAN_POINT('',(-1.72781496608907,2.06242391856666,3.2));
#14525=CARTESIAN_POINT('',(-1.19828678899273,0.881301004069291,3.2));
#14526=CARTESIAN_POINT('',(-1.72781496608907,2.06242391856666,3.19));
#14527=CARTESIAN_POINT('',(-1.72781496608907,2.06242391856666,3.2));
#14528=CARTESIAN_POINT('',(-1.72781496608907,2.06242391856666,3.19));
#14529=CARTESIAN_POINT('Origin',(-1.86395759710667,2.06242391856666,3.2));
#14530=CARTESIAN_POINT('',(-1.86395759710667,2.06242391856666,3.2));
#14531=CARTESIAN_POINT('',(-0.931978798553336,2.06242391856666,3.2));
#14532=CARTESIAN_POINT('',(-1.86395759710667,2.06242391856666,3.19));
#14533=CARTESIAN_POINT('',(-1.86395759710667,2.06242391856666,3.2));
#14534=CARTESIAN_POINT('',(-1.86395759710667,2.06242391856666,3.19));
#14535=CARTESIAN_POINT('Origin',(-1.86395759710667,1.31242388876433,3.2));
#14536=CARTESIAN_POINT('',(-1.86395759710667,1.31242388876433,3.2));
#14537=CARTESIAN_POINT('',(-1.86395759710667,0.656211944382167,3.2));
#14538=CARTESIAN_POINT('',(-1.86395759710667,1.31242388876433,3.19));
#14539=CARTESIAN_POINT('',(-1.86395759710667,1.31242388876433,3.2));
#14540=CARTESIAN_POINT('',(-1.86395759710667,1.31242388876433,3.19));
#14541=CARTESIAN_POINT('Origin',(-1.77096731788483,1.31242388876433,3.2));
#14542=CARTESIAN_POINT('',(-1.77096731788483,1.31242388876433,3.2));
#14543=CARTESIAN_POINT('',(-0.885483658942414,1.31242388876433,3.2));
#14544=CARTESIAN_POINT('',(-1.77096731788483,1.31242388876433,3.19));
#14545=CARTESIAN_POINT('',(-1.77096731788483,1.31242388876433,3.2));
#14546=CARTESIAN_POINT('',(-1.77096731788483,1.31242388876433,3.19));
#14547=CARTESIAN_POINT('Origin',(-1.77096731788483,1.95849360649518,3.2));
#14548=CARTESIAN_POINT('',(-1.77096731788483,1.95849360649518,3.2));
#14549=CARTESIAN_POINT('',(-1.77096731788483,0.979246803247592,3.2));
#14550=CARTESIAN_POINT('',(-1.77096731788483,1.95849360649518,3.19));
#14551=CARTESIAN_POINT('',(-1.77096731788483,1.95849360649518,3.2));
#14552=CARTESIAN_POINT('',(-1.77096731788483,1.95849360649518,3.19));
#14553=CARTESIAN_POINT('Origin',(-1.5770856246053,1.51906895370176,3.2));
#14554=CARTESIAN_POINT('',(-1.5770856246053,1.51906895370176,3.2));
#14555=CARTESIAN_POINT('',(-1.16808042314461,0.592075973588662,3.2));
#14556=CARTESIAN_POINT('',(-1.5770856246053,1.51906895370176,3.19));
#14557=CARTESIAN_POINT('',(-1.5770856246053,1.51906895370176,3.2));
#14558=CARTESIAN_POINT('',(-1.5770856246053,1.51906895370176,3.19));
#14559=CARTESIAN_POINT('Origin',(-1.51630766432958,1.51906895370176,3.2));
#14560=CARTESIAN_POINT('',(-1.51630766432958,1.51906895370176,3.2));
#14561=CARTESIAN_POINT('',(-0.758153832164791,1.51906895370176,3.2));
#14562=CARTESIAN_POINT('',(-1.51630766432958,1.51906895370176,3.19));
#14563=CARTESIAN_POINT('',(-1.51630766432958,1.51906895370176,3.2));
#14564=CARTESIAN_POINT('',(-1.51630766432958,1.51906895370176,3.19));
#14565=CARTESIAN_POINT('Origin',(-1.32060263224178,1.95849360649518,3.2));
#14566=CARTESIAN_POINT('',(-1.32060263224178,1.95849360649518,3.2));
#14567=CARTESIAN_POINT('',(-1.57524589414117,1.38673249359687,3.2));
#14568=CARTESIAN_POINT('',(-1.32060263224178,1.95849360649518,3.19));
#14569=CARTESIAN_POINT('',(-1.32060263224178,1.95849360649518,3.2));
#14570=CARTESIAN_POINT('',(-1.32060263224178,1.95849360649518,3.19));
#14571=CARTESIAN_POINT('Origin',(-1.32060263224178,1.31242388876433,3.2));
#14572=CARTESIAN_POINT('',(-1.32060263224178,1.31242388876433,3.2));
#14573=CARTESIAN_POINT('',(-1.32060263224178,0.656211944382167,3.2));
#14574=CARTESIAN_POINT('',(-1.32060263224178,1.31242388876433,3.19));
#14575=CARTESIAN_POINT('',(-1.32060263224178,1.31242388876433,3.2));
#14576=CARTESIAN_POINT('',(-1.32060263224178,1.31242388876433,3.19));
#14577=CARTESIAN_POINT('Origin',(-1.22092677738961,1.31242388876433,3.2));
#14578=CARTESIAN_POINT('',(-0.610463388694804,1.31242388876433,3.2));
#14579=CARTESIAN_POINT('',(-1.22092677738961,1.31242388876433,3.19));
#14580=CARTESIAN_POINT('Origin',(-1.54362241482562,1.71716416127161,3.19));
#14581=CARTESIAN_POINT('Origin',(-0.0558132789041539,1.40115971076688,3.2));
#14582=CARTESIAN_POINT('',(-0.0558132789041539,1.40115971076688,3.2));
#14583=CARTESIAN_POINT('',(-0.0558132789041539,1.31242388876433,3.2));
#14584=CARTESIAN_POINT('',(-0.0558132789041539,0.700579855383438,3.2));
#14585=CARTESIAN_POINT('',(-0.0558132789041539,1.40115971076688,3.19));
#14586=CARTESIAN_POINT('',(-0.0558132789041539,1.40115971076688,3.2));
#14587=CARTESIAN_POINT('',(-0.0558132789041539,1.31242388876433,3.19));
#14588=CARTESIAN_POINT('',(-0.0558132789041539,1.40115971076688,3.19));
#14589=CARTESIAN_POINT('',(-0.0558132789041539,1.31242388876433,3.2));
#14590=CARTESIAN_POINT('Origin',(-0.390699840023343,1.40115971076688,3.2));
#14591=CARTESIAN_POINT('',(-0.390699840023343,1.40115971076688,3.2));
#14592=CARTESIAN_POINT('',(-0.195349920011671,1.40115971076688,3.2));
#14593=CARTESIAN_POINT('',(-0.390699840023343,1.40115971076688,3.19));
#14594=CARTESIAN_POINT('',(-0.390699840023343,1.40115971076688,3.2));
#14595=CARTESIAN_POINT('',(-0.390699840023343,1.40115971076688,3.19));
#14596=CARTESIAN_POINT('Origin',(-0.390699840023343,2.06242391856666,3.2));
#14597=CARTESIAN_POINT('',(-0.390699840023343,2.06242391856666,3.2));
#14598=CARTESIAN_POINT('',(-0.390699840023343,1.03121195928333,3.2));
#14599=CARTESIAN_POINT('',(-0.390699840023343,2.06242391856666,3.19));
#14600=CARTESIAN_POINT('',(-0.390699840023343,2.06242391856666,3.2));
#14601=CARTESIAN_POINT('',(-0.390699840023343,2.06242391856666,3.19));
#14602=CARTESIAN_POINT('Origin',(-0.490375694875516,2.06242391856666,3.2));
#14603=CARTESIAN_POINT('',(-0.490375694875516,2.06242391856666,3.2));
#14604=CARTESIAN_POINT('',(-0.245187847437757,2.06242391856666,3.2));
#14605=CARTESIAN_POINT('',(-0.490375694875516,2.06242391856666,3.19));
#14606=CARTESIAN_POINT('',(-0.490375694875516,2.06242391856666,3.2));
#14607=CARTESIAN_POINT('',(-0.490375694875516,2.06242391856666,3.19));
#14608=CARTESIAN_POINT('Origin',(-0.490375694875516,1.31242388876433,3.2));
#14609=CARTESIAN_POINT('',(-0.490375694875516,1.31242388876433,3.2));
#14610=CARTESIAN_POINT('',(-0.490375694875516,0.656211944382167,3.2));
#14611=CARTESIAN_POINT('',(-0.490375694875516,1.31242388876433,3.19));
#14612=CARTESIAN_POINT('',(-0.490375694875516,1.31242388876433,3.2));
#14613=CARTESIAN_POINT('',(-0.490375694875516,1.31242388876433,3.19));
#14614=CARTESIAN_POINT('Origin',(-0.0558132789041539,1.31242388876433,3.2));
#14615=CARTESIAN_POINT('',(-0.0279066394520758,1.31242388876433,3.2));
#14616=CARTESIAN_POINT('',(-0.0558132789041539,1.31242388876433,3.19));
#14617=CARTESIAN_POINT('Origin',(-0.366567185324334,1.593951205231,3.19));
#14618=CARTESIAN_POINT('Ctrl Pts',(-1.07424935174822,-0.426490601485309,
3.2));
#14619=CARTESIAN_POINT('Ctrl Pts',(-1.07424935174822,-0.426490601485309,
3.19));
#14620=CARTESIAN_POINT('Ctrl Pts',(-1.10990575422443,-0.436215074887914,
3.2));
#14621=CARTESIAN_POINT('Ctrl Pts',(-1.10990575422443,-0.436215074887914,
3.19));
#14622=CARTESIAN_POINT('Ctrl Pts',(-1.18283930474397,-0.447560293857619,
3.2));
#14623=CARTESIAN_POINT('Ctrl Pts',(-1.18283930474397,-0.447560293857619,
3.19));
#14624=CARTESIAN_POINT('Ctrl Pts',(-1.21444384330243,-0.447560293857619,
3.2));
#14625=CARTESIAN_POINT('Ctrl Pts',(-1.21444384330243,-0.447560293857619,
3.19));
#14626=CARTESIAN_POINT('',(-1.07424935174822,-0.426490601485309,3.2));
#14627=CARTESIAN_POINT('',(-1.21444384330243,-0.447560293857619,3.2));
#14628=CARTESIAN_POINT('Ctrl Pts',(-1.07424935174822,-0.426490601485309,
3.2));
#14629=CARTESIAN_POINT('Ctrl Pts',(-1.10990575422443,-0.436215074887914,
3.2));
#14630=CARTESIAN_POINT('Ctrl Pts',(-1.18283930474397,-0.447560293857619,
3.2));
#14631=CARTESIAN_POINT('Ctrl Pts',(-1.21444384330243,-0.447560293857619,
3.2));
#14632=CARTESIAN_POINT('',(-1.07424935174822,-0.426490601485309,3.19));
#14633=CARTESIAN_POINT('',(-1.07424935174822,-0.426490601485309,3.2));
#14634=CARTESIAN_POINT('',(-1.21444384330243,-0.447560293857619,3.19));
#14635=CARTESIAN_POINT('Ctrl Pts',(-1.07424935174822,-0.426490601485309,
3.19));
#14636=CARTESIAN_POINT('Ctrl Pts',(-1.10990575422443,-0.436215074887914,
3.19));
#14637=CARTESIAN_POINT('Ctrl Pts',(-1.18283930474397,-0.447560293857619,
3.19));
#14638=CARTESIAN_POINT('Ctrl Pts',(-1.21444384330243,-0.447560293857619,
3.19));
#14639=CARTESIAN_POINT('',(-1.21444384330243,-0.447560293857619,3.2));
#14640=CARTESIAN_POINT('Origin',(-1.07424935174822,-0.313038411788257,3.2));
#14641=CARTESIAN_POINT('',(-1.07424935174822,-0.313038411788257,3.2));
#14642=CARTESIAN_POINT('',(-1.07424935174822,-0.156519205894128,3.2));
#14643=CARTESIAN_POINT('',(-1.07424935174822,-0.313038411788257,3.19));
#14644=CARTESIAN_POINT('',(-1.07424935174822,-0.313038411788257,3.2));
#14645=CARTESIAN_POINT('',(-1.07424935174822,-0.313038411788257,3.19));
#14646=CARTESIAN_POINT('Origin',(-1.08154270680017,-0.313038411788257,3.2));
#14647=CARTESIAN_POINT('',(-1.08154270680017,-0.313038411788257,3.2));
#14648=CARTESIAN_POINT('',(-0.540771353400085,-0.313038411788257,3.2));
#14649=CARTESIAN_POINT('',(-1.08154270680017,-0.313038411788257,3.19));
#14650=CARTESIAN_POINT('',(-1.08154270680017,-0.313038411788257,3.2));
#14651=CARTESIAN_POINT('',(-1.08154270680017,-0.313038411788257,3.19));
#14652=CARTESIAN_POINT('Ctrl Pts',(-1.18283930474397,-0.337349595294768,
3.2));
#14653=CARTESIAN_POINT('Ctrl Pts',(-1.18283930474397,-0.337349595294768,
3.19));
#14654=CARTESIAN_POINT('Ctrl Pts',(-1.15204513896905,-0.337349595294768,
3.2));
#14655=CARTESIAN_POINT('Ctrl Pts',(-1.15204513896905,-0.337349595294768,
3.19));
#14656=CARTESIAN_POINT('Ctrl Pts',(-1.09450867133698,-0.318711021273109,
3.2));
#14657=CARTESIAN_POINT('Ctrl Pts',(-1.09450867133698,-0.318711021273109,
3.19));
#14658=CARTESIAN_POINT('Ctrl Pts',(-1.08154270680017,-0.313038411788257,
3.2));
#14659=CARTESIAN_POINT('Ctrl Pts',(-1.08154270680017,-0.313038411788257,
3.19));
#14660=CARTESIAN_POINT('',(-1.18283930474397,-0.337349595294768,3.2));
#14661=CARTESIAN_POINT('Ctrl Pts',(-1.18283930474397,-0.337349595294768,
3.2));
#14662=CARTESIAN_POINT('Ctrl Pts',(-1.15204513896905,-0.337349595294768,
3.2));
#14663=CARTESIAN_POINT('Ctrl Pts',(-1.09450867133698,-0.318711021273109,
3.2));
#14664=CARTESIAN_POINT('Ctrl Pts',(-1.08154270680017,-0.313038411788257,
3.2));
#14665=CARTESIAN_POINT('',(-1.18283930474397,-0.337349595294768,3.19));
#14666=CARTESIAN_POINT('',(-1.18283930474397,-0.337349595294768,3.2));
#14667=CARTESIAN_POINT('Ctrl Pts',(-1.18283930474397,-0.337349595294768,
3.19));
#14668=CARTESIAN_POINT('Ctrl Pts',(-1.15204513896905,-0.337349595294768,
3.19));
#14669=CARTESIAN_POINT('Ctrl Pts',(-1.09450867133698,-0.318711021273109,
3.19));
#14670=CARTESIAN_POINT('Ctrl Pts',(-1.08154270680017,-0.313038411788257,
3.19));
#14671=CARTESIAN_POINT('Ctrl Pts',(-1.28899813938907,-0.290347973848846,
3.2));
#14672=CARTESIAN_POINT('Ctrl Pts',(-1.28899813938907,-0.290347973848846,
3.19));
#14673=CARTESIAN_POINT('Ctrl Pts',(-1.27765292041936,-0.313848784571807,
3.2));
#14674=CARTESIAN_POINT('Ctrl Pts',(-1.27765292041936,-0.313848784571807,
3.19));
#14675=CARTESIAN_POINT('Ctrl Pts',(-1.22659943505569,-0.337349595294768,
3.2));
#14676=CARTESIAN_POINT('Ctrl Pts',(-1.22659943505569,-0.337349595294768,
3.19));
#14677=CARTESIAN_POINT('Ctrl Pts',(-1.18283930474397,-0.337349595294768,
3.2));
#14678=CARTESIAN_POINT('Ctrl Pts',(-1.18283930474397,-0.337349595294768,
3.19));
#14679=CARTESIAN_POINT('',(-1.28899813938907,-0.290347973848846,3.2));
#14680=CARTESIAN_POINT('Ctrl Pts',(-1.28899813938907,-0.290347973848846,
3.2));
#14681=CARTESIAN_POINT('Ctrl Pts',(-1.27765292041936,-0.313848784571807,
3.2));
#14682=CARTESIAN_POINT('Ctrl Pts',(-1.22659943505569,-0.337349595294768,
3.2));
#14683=CARTESIAN_POINT('Ctrl Pts',(-1.18283930474397,-0.337349595294768,
3.2));
#14684=CARTESIAN_POINT('',(-1.28899813938907,-0.290347973848846,3.19));
#14685=CARTESIAN_POINT('',(-1.28899813938907,-0.290347973848846,3.2));
#14686=CARTESIAN_POINT('Ctrl Pts',(-1.28899813938907,-0.290347973848846,
3.19));
#14687=CARTESIAN_POINT('Ctrl Pts',(-1.27765292041936,-0.313848784571807,
3.19));
#14688=CARTESIAN_POINT('Ctrl Pts',(-1.22659943505569,-0.337349595294768,
3.19));
#14689=CARTESIAN_POINT('Ctrl Pts',(-1.18283930474397,-0.337349595294768,
3.19));
#14690=CARTESIAN_POINT('Ctrl Pts',(-1.30682634062718,-0.144480872809779,
3.2));
#14691=CARTESIAN_POINT('Ctrl Pts',(-1.30682634062718,-0.144480872809779,
3.19));
#14692=CARTESIAN_POINT('Ctrl Pts',(-1.30682634062718,-0.201206967658305,
3.2));
#14693=CARTESIAN_POINT('Ctrl Pts',(-1.30682634062718,-0.201206967658305,
3.19));
#14694=CARTESIAN_POINT('Ctrl Pts',(-1.30277447670942,-0.263605671991684,
3.2));
#14695=CARTESIAN_POINT('Ctrl Pts',(-1.30277447670942,-0.263605671991684,
3.19));
#14696=CARTESIAN_POINT('Ctrl Pts',(-1.28899813938907,-0.290347973848846,
3.2));
#14697=CARTESIAN_POINT('Ctrl Pts',(-1.28899813938907,-0.290347973848846,
3.19));
#14698=CARTESIAN_POINT('',(-1.30682634062718,-0.144480872809779,3.2));
#14699=CARTESIAN_POINT('Ctrl Pts',(-1.30682634062718,-0.144480872809779,
3.2));
#14700=CARTESIAN_POINT('Ctrl Pts',(-1.30682634062718,-0.201206967658305,
3.2));
#14701=CARTESIAN_POINT('Ctrl Pts',(-1.30277447670942,-0.263605671991684,
3.2));
#14702=CARTESIAN_POINT('Ctrl Pts',(-1.28899813938907,-0.290347973848846,
3.2));
#14703=CARTESIAN_POINT('',(-1.30682634062718,-0.144480872809779,3.19));
#14704=CARTESIAN_POINT('',(-1.30682634062718,-0.144480872809779,3.2));
#14705=CARTESIAN_POINT('Ctrl Pts',(-1.30682634062718,-0.144480872809779,
3.19));
#14706=CARTESIAN_POINT('Ctrl Pts',(-1.30682634062718,-0.201206967658305,
3.19));
#14707=CARTESIAN_POINT('Ctrl Pts',(-1.30277447670942,-0.263605671991684,
3.19));
#14708=CARTESIAN_POINT('Ctrl Pts',(-1.28899813938907,-0.290347973848846,
3.19));
#14709=CARTESIAN_POINT('Origin',(-1.30682634062718,0.212893524735936,3.2));
#14710=CARTESIAN_POINT('',(-1.30682634062718,0.212893524735936,3.2));
#14711=CARTESIAN_POINT('',(-1.30682634062718,0.106446762367968,3.2));
#14712=CARTESIAN_POINT('',(-1.30682634062718,0.212893524735936,3.19));
#14713=CARTESIAN_POINT('',(-1.30682634062718,0.212893524735936,3.2));
#14714=CARTESIAN_POINT('',(-1.30682634062718,0.212893524735936,3.19));
#14715=CARTESIAN_POINT('Origin',(-1.07424935174822,0.212893524735936,3.2));
#14716=CARTESIAN_POINT('',(-1.07424935174822,0.212893524735936,3.2));
#14717=CARTESIAN_POINT('',(-0.537124675874108,0.212893524735936,3.2));
#14718=CARTESIAN_POINT('',(-1.07424935174822,0.212893524735936,3.19));
#14719=CARTESIAN_POINT('',(-1.07424935174822,0.212893524735936,3.2));
#14720=CARTESIAN_POINT('',(-1.07424935174822,0.212893524735936,3.19));
#14721=CARTESIAN_POINT('Origin',(-1.07424935174822,0.317431613813934,3.2));
#14722=CARTESIAN_POINT('',(-1.07424935174822,0.317431613813934,3.2));
#14723=CARTESIAN_POINT('',(-1.07424935174822,0.158715806906967,3.2));
#14724=CARTESIAN_POINT('',(-1.07424935174822,0.317431613813934,3.19));
#14725=CARTESIAN_POINT('',(-1.07424935174822,0.317431613813934,3.2));
#14726=CARTESIAN_POINT('',(-1.07424935174822,0.317431613813934,3.19));
#14727=CARTESIAN_POINT('Origin',(-1.30682634062718,0.317431613813934,3.2));
#14728=CARTESIAN_POINT('',(-1.30682634062718,0.317431613813934,3.2));
#14729=CARTESIAN_POINT('',(-0.653413170313586,0.317431613813934,3.2));
#14730=CARTESIAN_POINT('',(-1.30682634062718,0.317431613813934,3.19));
#14731=CARTESIAN_POINT('',(-1.30682634062718,0.317431613813934,3.2));
#14732=CARTESIAN_POINT('',(-1.30682634062718,0.317431613813934,3.19));
#14733=CARTESIAN_POINT('Origin',(-1.30682634062718,0.532990774238333,3.2));
#14734=CARTESIAN_POINT('',(-1.30682634062718,0.532990774238333,3.2));
#14735=CARTESIAN_POINT('',(-1.30682634062718,0.266495387119167,3.2));
#14736=CARTESIAN_POINT('',(-1.30682634062718,0.532990774238333,3.19));
#14737=CARTESIAN_POINT('',(-1.30682634062718,0.532990774238333,3.2));
#14738=CARTESIAN_POINT('',(-1.30682634062718,0.532990774238333,3.19));
#14739=CARTESIAN_POINT('Origin',(-1.43324449486103,0.532990774238333,3.2));
#14740=CARTESIAN_POINT('',(-1.43324449486103,0.532990774238333,3.2));
#14741=CARTESIAN_POINT('',(-0.716622247430516,0.532990774238333,3.2));
#14742=CARTESIAN_POINT('',(-1.43324449486103,0.532990774238333,3.19));
#14743=CARTESIAN_POINT('',(-1.43324449486103,0.532990774238333,3.2));
#14744=CARTESIAN_POINT('',(-1.43324449486103,0.532990774238333,3.19));
#14745=CARTESIAN_POINT('Origin',(-1.43324449486103,0.317431613813934,3.2));
#14746=CARTESIAN_POINT('',(-1.43324449486103,0.317431613813934,3.2));
#14747=CARTESIAN_POINT('',(-1.43324449486103,0.158715806906967,3.2));
#14748=CARTESIAN_POINT('',(-1.43324449486103,0.317431613813934,3.19));
#14749=CARTESIAN_POINT('',(-1.43324449486103,0.317431613813934,3.2));
#14750=CARTESIAN_POINT('',(-1.43324449486103,0.317431613813934,3.19));
#14751=CARTESIAN_POINT('Origin',(-1.51833363713382,0.317431613813934,3.2));
#14752=CARTESIAN_POINT('',(-1.51833363713382,0.317431613813934,3.2));
#14753=CARTESIAN_POINT('',(-0.75916681856691,0.317431613813934,3.2));
#14754=CARTESIAN_POINT('',(-1.51833363713382,0.317431613813934,3.19));
#14755=CARTESIAN_POINT('',(-1.51833363713382,0.317431613813934,3.2));
#14756=CARTESIAN_POINT('',(-1.51833363713382,0.317431613813934,3.19));
#14757=CARTESIAN_POINT('Origin',(-1.51833363713382,0.212893524735936,3.2));
#14758=CARTESIAN_POINT('',(-1.51833363713382,0.212893524735936,3.2));
#14759=CARTESIAN_POINT('',(-1.51833363713382,0.106446762367968,3.2));
#14760=CARTESIAN_POINT('',(-1.51833363713382,0.212893524735936,3.19));
#14761=CARTESIAN_POINT('',(-1.51833363713382,0.212893524735936,3.2));
#14762=CARTESIAN_POINT('',(-1.51833363713382,0.212893524735936,3.19));
#14763=CARTESIAN_POINT('Origin',(-1.43324449486103,0.212893524735936,3.2));
#14764=CARTESIAN_POINT('',(-1.43324449486103,0.212893524735936,3.2));
#14765=CARTESIAN_POINT('',(-0.716622247430516,0.212893524735936,3.2));
#14766=CARTESIAN_POINT('',(-1.43324449486103,0.212893524735936,3.19));
#14767=CARTESIAN_POINT('',(-1.43324449486103,0.212893524735936,3.2));
#14768=CARTESIAN_POINT('',(-1.43324449486103,0.212893524735936,3.19));
#14769=CARTESIAN_POINT('Origin',(-1.43324449486103,-0.202827713225406,3.2));
#14770=CARTESIAN_POINT('',(-1.43324449486103,-0.202827713225406,3.2));
#14771=CARTESIAN_POINT('',(-1.43324449486103,-0.101413856612703,3.2));
#14772=CARTESIAN_POINT('',(-1.43324449486103,-0.202827713225406,3.19));
#14773=CARTESIAN_POINT('',(-1.43324449486103,-0.202827713225406,3.2));
#14774=CARTESIAN_POINT('',(-1.43324449486103,-0.202827713225406,3.19));
#14775=CARTESIAN_POINT('Ctrl Pts',(-1.21444384330243,-0.447560293857619,
3.2));
#14776=CARTESIAN_POINT('Ctrl Pts',(-1.21444384330243,-0.447560293857619,
3.19));
#14777=CARTESIAN_POINT('Ctrl Pts',(-1.31736118681333,-0.447560293857619,
3.2));
#14778=CARTESIAN_POINT('Ctrl Pts',(-1.31736118681333,-0.447560293857619,
3.19));
#14779=CARTESIAN_POINT('Ctrl Pts',(-1.43324449486103,-0.330056240242815,
3.2));
#14780=CARTESIAN_POINT('Ctrl Pts',(-1.43324449486103,-0.330056240242815,
3.19));
#14781=CARTESIAN_POINT('Ctrl Pts',(-1.43324449486103,-0.202827713225406,
3.2));
#14782=CARTESIAN_POINT('Ctrl Pts',(-1.43324449486103,-0.202827713225406,
3.19));
#14783=CARTESIAN_POINT('Ctrl Pts',(-1.21444384330243,-0.447560293857619,
3.2));
#14784=CARTESIAN_POINT('Ctrl Pts',(-1.31736118681333,-0.447560293857619,
3.2));
#14785=CARTESIAN_POINT('Ctrl Pts',(-1.43324449486103,-0.330056240242815,
3.2));
#14786=CARTESIAN_POINT('Ctrl Pts',(-1.43324449486103,-0.202827713225406,
3.2));
#14787=CARTESIAN_POINT('Ctrl Pts',(-1.21444384330243,-0.447560293857619,
3.19));
#14788=CARTESIAN_POINT('Ctrl Pts',(-1.31736118681333,-0.447560293857619,
3.19));
#14789=CARTESIAN_POINT('Ctrl Pts',(-1.43324449486103,-0.330056240242815,
3.19));
#14790=CARTESIAN_POINT('Ctrl Pts',(-1.43324449486103,-0.202827713225406,
3.19));
#14791=CARTESIAN_POINT('Origin',(-1.31017145349017,0.0728746342360435,3.19));
#14792=CARTESIAN_POINT('Origin',(-0.843293108436361,0.573509413415852,3.2));
#14793=CARTESIAN_POINT('',(-0.843293108436361,0.573509413415852,3.2));
#14794=CARTESIAN_POINT('',(-0.843293108436361,0.442229022480692,3.2));
#14795=CARTESIAN_POINT('',(-0.843293108436361,0.286754706707926,3.2));
#14796=CARTESIAN_POINT('',(-0.843293108436361,0.573509413415852,3.19));
#14797=CARTESIAN_POINT('',(-0.843293108436361,0.573509413415852,3.2));
#14798=CARTESIAN_POINT('',(-0.843293108436361,0.442229022480692,3.19));
#14799=CARTESIAN_POINT('',(-0.843293108436361,0.573509413415852,3.19));
#14800=CARTESIAN_POINT('',(-0.843293108436361,0.442229022480692,3.2));
#14801=CARTESIAN_POINT('Origin',(-0.986729091124777,0.573509413415852,3.2));
#14802=CARTESIAN_POINT('',(-0.986729091124777,0.573509413415852,3.2));
#14803=CARTESIAN_POINT('',(-0.493364545562388,0.573509413415852,3.2));
#14804=CARTESIAN_POINT('',(-0.986729091124777,0.573509413415852,3.19));
#14805=CARTESIAN_POINT('',(-0.986729091124777,0.573509413415852,3.2));
#14806=CARTESIAN_POINT('',(-0.986729091124777,0.573509413415852,3.19));
#14807=CARTESIAN_POINT('Origin',(-0.986729091124777,0.442229022480692,3.2));
#14808=CARTESIAN_POINT('',(-0.986729091124777,0.442229022480692,3.2));
#14809=CARTESIAN_POINT('',(-0.986729091124777,0.221114511240346,3.2));
#14810=CARTESIAN_POINT('',(-0.986729091124777,0.442229022480692,3.19));
#14811=CARTESIAN_POINT('',(-0.986729091124777,0.442229022480692,3.2));
#14812=CARTESIAN_POINT('',(-0.986729091124777,0.442229022480692,3.19));
#14813=CARTESIAN_POINT('Origin',(-0.843293108436361,0.442229022480692,3.2));
#14814=CARTESIAN_POINT('',(-0.42164655421818,0.442229022480692,3.2));
#14815=CARTESIAN_POINT('',(-0.843293108436361,0.442229022480692,3.19));
#14816=CARTESIAN_POINT('Origin',(-0.915011099780569,0.507869217948272,3.19));
#14817=CARTESIAN_POINT('Origin',(0.557841434322235,0.317431613813934,3.2));
#14818=CARTESIAN_POINT('',(0.557841434322235,0.317431613813934,3.2));
#14819=CARTESIAN_POINT('',(0.689121825257395,0.317431613813934,3.2));
#14820=CARTESIAN_POINT('',(0.278920717161118,0.317431613813934,3.2));
#14821=CARTESIAN_POINT('',(0.557841434322235,0.317431613813934,3.19));
#14822=CARTESIAN_POINT('',(0.557841434322235,0.317431613813934,3.2));
#14823=CARTESIAN_POINT('',(0.689121825257395,0.317431613813934,3.19));
#14824=CARTESIAN_POINT('',(0.557841434322235,0.317431613813934,3.19));
#14825=CARTESIAN_POINT('',(0.689121825257395,0.317431613813934,3.2));
#14826=CARTESIAN_POINT('Origin',(0.353627492867541,-0.238484115701622,3.2));
#14827=CARTESIAN_POINT('',(0.353627492867541,-0.238484115701622,3.2));
#14828=CARTESIAN_POINT('',(0.371199544676669,-0.190649085776773,3.2));
#14829=CARTESIAN_POINT('',(0.353627492867541,-0.238484115701622,3.19));
#14830=CARTESIAN_POINT('',(0.353627492867541,-0.238484115701622,3.2));
#14831=CARTESIAN_POINT('',(0.353627492867541,-0.238484115701622,3.19));
#14832=CARTESIAN_POINT('Origin',(0.148603178629296,0.317431613813934,3.2));
#14833=CARTESIAN_POINT('',(0.148603178629296,0.317431613813934,3.2));
#14834=CARTESIAN_POINT('',(0.191233583479079,0.201840871810175,3.2));
#14835=CARTESIAN_POINT('',(0.148603178629296,0.317431613813934,3.19));
#14836=CARTESIAN_POINT('',(0.148603178629296,0.317431613813934,3.2));
#14837=CARTESIAN_POINT('',(0.148603178629296,0.317431613813934,3.19));
#14838=CARTESIAN_POINT('Origin',(0.0124605509928333,0.317431613813934,3.2));
#14839=CARTESIAN_POINT('',(0.0124605509928333,0.317431613813934,3.2));
#14840=CARTESIAN_POINT('',(0.00623027549641776,0.317431613813934,3.2));
#14841=CARTESIAN_POINT('',(0.0124605509928333,0.317431613813934,3.19));
#14842=CARTESIAN_POINT('',(0.0124605509928333,0.317431613813934,3.2));
#14843=CARTESIAN_POINT('',(0.0124605509928333,0.317431613813934,3.19));
#14844=CARTESIAN_POINT('Origin',(0.284745806265759,-0.396506808493945,3.2));
#14845=CARTESIAN_POINT('',(0.284745806265759,-0.396506808493945,3.2));
#14846=CARTESIAN_POINT('',(0.200657259655518,-0.17602463717364,3.2));
#14847=CARTESIAN_POINT('',(0.284745806265759,-0.396506808493945,3.19));
#14848=CARTESIAN_POINT('',(0.284745806265759,-0.396506808493945,3.2));
#14849=CARTESIAN_POINT('',(0.284745806265759,-0.396506808493945,3.19));
#14850=CARTESIAN_POINT('Origin',(0.150223924196397,-0.709310702944389,3.2));
#14851=CARTESIAN_POINT('',(0.150223924196397,-0.709310702944389,3.2));
#14852=CARTESIAN_POINT('',(0.267215581460854,-0.437269861353544,3.2));
#14853=CARTESIAN_POINT('',(0.150223924196397,-0.709310702944389,3.19));
#14854=CARTESIAN_POINT('',(0.150223924196397,-0.709310702944389,3.2));
#14855=CARTESIAN_POINT('',(0.150223924196397,-0.709310702944389,3.19));
#14856=CARTESIAN_POINT('Origin',(0.285556179049309,-0.709310702944389,3.2));
#14857=CARTESIAN_POINT('',(0.285556179049309,-0.709310702944389,3.2));
#14858=CARTESIAN_POINT('',(0.142778089524656,-0.709310702944389,3.2));
#14859=CARTESIAN_POINT('',(0.285556179049309,-0.709310702944389,3.19));
#14860=CARTESIAN_POINT('',(0.285556179049309,-0.709310702944389,3.2));
#14861=CARTESIAN_POINT('',(0.285556179049309,-0.709310702944389,3.19));
#14862=CARTESIAN_POINT('Origin',(0.689121825257395,0.317431613813934,3.2));
#14863=CARTESIAN_POINT('',(0.588977507873998,0.0626467742059733,3.2));
#14864=CARTESIAN_POINT('',(0.689121825257395,0.317431613813934,3.19));
#14865=CARTESIAN_POINT('Origin',(0.333630189419142,-0.105123422099623,3.19));
#14866=CARTESIAN_POINT('Origin',(1.5756696504615,0.0184040566838461,3.2));
#14867=CARTESIAN_POINT('',(1.91197435563491,0.409003738355126,3.2));
#14868=CARTESIAN_POINT('',(1.5756696504615,0.0184040566838461,3.2));
#14869=CARTESIAN_POINT('',(1.23572187032955,-0.376426859035674,3.2));
#14870=CARTESIAN_POINT('',(1.91197435563491,0.409003738355126,3.19));
#14871=CARTESIAN_POINT('',(1.91197435563491,0.409003738355126,3.2));
#14872=CARTESIAN_POINT('',(1.5756696504615,0.0184040566838461,3.19));
#14873=CARTESIAN_POINT('',(1.64757998671461,0.10192401348866,3.19));
#14874=CARTESIAN_POINT('',(1.5756696504615,0.0184040566838461,3.2));
#14875=CARTESIAN_POINT('Origin',(1.91197435563491,0.0184040566838461,3.2));
#14876=CARTESIAN_POINT('',(1.91197435563491,0.0184040566838461,3.2));
#14877=CARTESIAN_POINT('',(0.955987177817456,0.0184040566838461,3.2));
#14878=CARTESIAN_POINT('',(1.91197435563491,0.0184040566838461,3.19));
#14879=CARTESIAN_POINT('',(1.89496756665287,0.0184040566838461,3.19));
#14880=CARTESIAN_POINT('',(1.91197435563491,0.0184040566838461,3.2));
#14881=CARTESIAN_POINT('Origin',(1.91197435563491,0.409003738355126,3.2));
#14882=CARTESIAN_POINT('',(1.91197435563491,0.204501869177563,3.2));
#14883=CARTESIAN_POINT('',(1.91197435563491,0.229002652351491,3.19));
#14884=CARTESIAN_POINT('Origin',(2.15994842740132,0.0184040566838461,3.2));
#14885=CARTESIAN_POINT('',(2.15994842740132,0.0184040566838461,3.2));
#14886=CARTESIAN_POINT('',(2.15994842740132,-0.0893755235283535,3.2));
#14887=CARTESIAN_POINT('',(2.15994842740132,0.00920202834192307,3.2));
#14888=CARTESIAN_POINT('',(2.15994842740132,0.0184040566838461,3.19));
#14889=CARTESIAN_POINT('',(2.15994842740132,0.0184040566838461,3.2));
#14890=CARTESIAN_POINT('',(2.15994842740132,-0.0893755235283535,3.19));
#14891=CARTESIAN_POINT('',(2.15994842740132,0.0184040566838461,3.19));
#14892=CARTESIAN_POINT('',(2.15994842740132,-0.0893755235283535,3.2));
#14893=CARTESIAN_POINT('Origin',(2.04082362821942,0.0184040566838461,3.2));
#14894=CARTESIAN_POINT('',(2.04082362821942,0.0184040566838461,3.2));
#14895=CARTESIAN_POINT('',(1.02041181410971,0.0184040566838461,3.2));
#14896=CARTESIAN_POINT('',(2.04082362821942,0.0184040566838461,3.19));
#14897=CARTESIAN_POINT('',(2.04082362821942,0.0184040566838461,3.2));
#14898=CARTESIAN_POINT('',(2.04082362821942,0.0184040566838461,3.19));
#14899=CARTESIAN_POINT('Origin',(2.04082362821942,0.567026431147449,3.2));
#14900=CARTESIAN_POINT('',(2.04082362821942,0.567026431147449,3.2));
#14901=CARTESIAN_POINT('',(2.04082362821942,0.283513215573725,3.2));
#14902=CARTESIAN_POINT('',(2.04082362821942,0.567026431147449,3.19));
#14903=CARTESIAN_POINT('',(2.04082362821942,0.567026431147449,3.2));
#14904=CARTESIAN_POINT('',(2.04082362821942,0.567026431147449,3.19));
#14905=CARTESIAN_POINT('Origin',(1.91764696511976,0.567026431147449,3.2));
#14906=CARTESIAN_POINT('',(1.91764696511976,0.567026431147449,3.2));
#14907=CARTESIAN_POINT('',(0.958823482559882,0.567026431147449,3.2));
#14908=CARTESIAN_POINT('',(1.91764696511976,0.567026431147449,3.19));
#14909=CARTESIAN_POINT('',(1.91764696511976,0.567026431147449,3.2));
#14910=CARTESIAN_POINT('',(1.91764696511976,0.567026431147449,3.19));
#14911=CARTESIAN_POINT('Origin',(1.47032118859996,0.0516293408094115,3.2));
#14912=CARTESIAN_POINT('',(1.47032118859996,0.0516293408094115,3.2));
#14913=CARTESIAN_POINT('',(1.14168444058261,-0.327017347123616,3.2));
#14914=CARTESIAN_POINT('',(1.47032118859996,0.0516293408094115,3.19));
#14915=CARTESIAN_POINT('',(1.47032118859996,0.0516293408094115,3.2));
#14916=CARTESIAN_POINT('',(1.47032118859996,0.0516293408094115,3.19));
#14917=CARTESIAN_POINT('Origin',(1.47032118859996,-0.0893755235283535,3.2));
#14918=CARTESIAN_POINT('',(1.47032118859996,-0.0893755235283535,3.2));
#14919=CARTESIAN_POINT('',(1.47032118859996,-0.0446877617641768,3.2));
#14920=CARTESIAN_POINT('',(1.47032118859996,-0.0893755235283535,3.19));
#14921=CARTESIAN_POINT('',(1.47032118859996,-0.0893755235283535,3.2));
#14922=CARTESIAN_POINT('',(1.47032118859996,-0.0893755235283535,3.19));
#14923=CARTESIAN_POINT('Origin',(1.91197435563491,-0.0893755235283535,3.2));
#14924=CARTESIAN_POINT('',(1.91197435563491,-0.0893755235283535,3.2));
#14925=CARTESIAN_POINT('',(0.955987177817456,-0.0893755235283535,3.2));
#14926=CARTESIAN_POINT('',(1.91197435563491,-0.0893755235283535,3.19));
#14927=CARTESIAN_POINT('',(1.91197435563491,-0.0893755235283535,3.2));
#14928=CARTESIAN_POINT('',(1.91197435563491,-0.0893755235283535,3.19));
#14929=CARTESIAN_POINT('Origin',(1.91197435563491,-0.432973583753712,3.2));
#14930=CARTESIAN_POINT('',(1.91197435563491,-0.432973583753712,3.2));
#14931=CARTESIAN_POINT('',(1.91197435563491,-0.216486791876856,3.2));
#14932=CARTESIAN_POINT('',(1.91197435563491,-0.432973583753712,3.19));
#14933=CARTESIAN_POINT('',(1.91197435563491,-0.432973583753712,3.2));
#14934=CARTESIAN_POINT('',(1.91197435563491,-0.432973583753712,3.19));
#14935=CARTESIAN_POINT('Origin',(2.04082362821942,-0.432973583753712,3.2));
#14936=CARTESIAN_POINT('',(2.04082362821942,-0.432973583753712,3.2));
#14937=CARTESIAN_POINT('',(1.02041181410971,-0.432973583753712,3.2));
#14938=CARTESIAN_POINT('',(2.04082362821942,-0.432973583753712,3.19));
#14939=CARTESIAN_POINT('',(2.04082362821942,-0.432973583753712,3.2));
#14940=CARTESIAN_POINT('',(2.04082362821942,-0.432973583753712,3.19));
#14941=CARTESIAN_POINT('Origin',(2.04082362821942,-0.0893755235283535,3.2));
#14942=CARTESIAN_POINT('',(2.04082362821942,-0.0893755235283535,3.2));
#14943=CARTESIAN_POINT('',(2.04082362821942,-0.0446877617641768,3.2));
#14944=CARTESIAN_POINT('',(2.04082362821942,-0.0893755235283535,3.19));
#14945=CARTESIAN_POINT('',(2.04082362821942,-0.0893755235283535,3.2));
#14946=CARTESIAN_POINT('',(2.04082362821942,-0.0893755235283535,3.19));
#14947=CARTESIAN_POINT('Origin',(2.15994842740132,-0.0893755235283535,3.2));
#14948=CARTESIAN_POINT('',(1.07997421370066,-0.0893755235283535,3.2));
#14949=CARTESIAN_POINT('',(2.15994842740132,-0.0893755235283535,3.19));
#14950=CARTESIAN_POINT('Origin',(1.87796077767082,0.0490015663478553,3.19));
#14951=CARTESIAN_POINT('Origin',(2.44925151112881,-0.0399427837317808,3.2));
#14952=CARTESIAN_POINT('',(2.60322234000338,0.430883803510986,3.2));
#14953=CARTESIAN_POINT('',(2.44925151112881,-0.0399427837317808,3.2));
#14954=CARTESIAN_POINT('',(2.33683852762826,-0.383689854330833,3.2));
#14955=CARTESIAN_POINT('',(2.60322234000338,0.430883803510986,3.19));
#14956=CARTESIAN_POINT('',(2.60322234000338,0.430883803510986,3.2));
#14957=CARTESIAN_POINT('',(2.44925151112881,-0.0399427837317808,3.19));
#14958=CARTESIAN_POINT('',(2.457878413728,-0.0135626236784656,3.19));
#14959=CARTESIAN_POINT('',(2.44925151112881,-0.0399427837317808,3.2));
#14960=CARTESIAN_POINT('Origin',(2.7580035416615,-0.0399427837317808,3.2));
#14961=CARTESIAN_POINT('',(2.7580035416615,-0.0399427837317808,3.2));
#14962=CARTESIAN_POINT('',(1.37900177083075,-0.0399427837317808,3.2));
#14963=CARTESIAN_POINT('',(2.7580035416615,-0.0399427837317808,3.19));
#14964=CARTESIAN_POINT('',(2.68206990366353,-0.0399427837317808,3.19));
#14965=CARTESIAN_POINT('',(2.7580035416615,-0.0399427837317808,3.2));
#14966=CARTESIAN_POINT('Origin',(2.60322234000338,0.430883803510987,3.2));
#14967=CARTESIAN_POINT('',(2.540191253085,0.622617109791489,3.2));
#14968=CARTESIAN_POINT('',(2.67215409339462,0.221201349477934,3.19));
#14969=CARTESIAN_POINT('Origin',(2.3220229841114,-0.432973583753712,3.2));
#14970=CARTESIAN_POINT('',(2.3220229841114,-0.432973583753712,3.2));
#14971=CARTESIAN_POINT('',(2.18750110204204,-0.432973583753712,3.2));
#14972=CARTESIAN_POINT('',(1.1610114920557,-0.432973583753712,3.2));
#14973=CARTESIAN_POINT('',(2.3220229841114,-0.432973583753712,3.19));
#14974=CARTESIAN_POINT('',(2.3220229841114,-0.432973583753712,3.2));
#14975=CARTESIAN_POINT('',(2.18750110204204,-0.432973583753712,3.19));
#14976=CARTESIAN_POINT('',(2.3220229841114,-0.432973583753712,3.19));
#14977=CARTESIAN_POINT('',(2.18750110204204,-0.432973583753712,3.2));
#14978=CARTESIAN_POINT('Origin',(2.41278473586904,-0.153394973428833,3.2));
#14979=CARTESIAN_POINT('',(2.41278473586904,-0.153394973428833,3.2));
#14980=CARTESIAN_POINT('',(2.32029034146971,-0.438310741891057,3.2));
#14981=CARTESIAN_POINT('',(2.41278473586904,-0.153394973428833,3.19));
#14982=CARTESIAN_POINT('',(2.41278473586904,-0.153394973428833,3.2));
#14983=CARTESIAN_POINT('',(2.41278473586904,-0.153394973428833,3.19));
#14984=CARTESIAN_POINT('Origin',(2.79447031692127,-0.153394973428833,3.2));
#14985=CARTESIAN_POINT('',(2.79447031692127,-0.153394973428833,3.2));
#14986=CARTESIAN_POINT('',(1.39723515846063,-0.153394973428833,3.2));
#14987=CARTESIAN_POINT('',(2.79447031692127,-0.153394973428833,3.19));
#14988=CARTESIAN_POINT('',(2.79447031692127,-0.153394973428833,3.2));
#14989=CARTESIAN_POINT('',(2.79447031692127,-0.153394973428833,3.19));
#14990=CARTESIAN_POINT('Origin',(2.88523206867891,-0.432973583753712,3.2));
#14991=CARTESIAN_POINT('',(2.88523206867891,-0.432973583753712,3.2));
#14992=CARTESIAN_POINT('',(2.68411155265404,0.186549434358604,3.2));
#14993=CARTESIAN_POINT('',(2.88523206867891,-0.432973583753712,3.19));
#14994=CARTESIAN_POINT('',(2.88523206867891,-0.432973583753712,3.2));
#14995=CARTESIAN_POINT('',(2.88523206867891,-0.432973583753712,3.19));
#14996=CARTESIAN_POINT('Origin',(3.02542656023312,-0.432973583753712,3.2));
#14997=CARTESIAN_POINT('',(3.02542656023312,-0.432973583753712,3.2));
#14998=CARTESIAN_POINT('',(1.51271328011656,-0.432973583753712,3.2));
#14999=CARTESIAN_POINT('',(3.02542656023312,-0.432973583753712,3.19));
#15000=CARTESIAN_POINT('',(3.02542656023312,-0.432973583753712,3.2));
#15001=CARTESIAN_POINT('',(3.02542656023312,-0.432973583753712,3.19));
#15002=CARTESIAN_POINT('Origin',(2.68831148227617,0.567026431147449,3.2));
#15003=CARTESIAN_POINT('',(2.68831148227617,0.567026431147449,3.2));
#15004=CARTESIAN_POINT('',(2.63696474820251,0.719338618279398,3.2));
#15005=CARTESIAN_POINT('',(2.68831148227617,0.567026431147449,3.19));
#15006=CARTESIAN_POINT('',(2.68831148227617,0.567026431147449,3.2));
#15007=CARTESIAN_POINT('',(2.68831148227617,0.567026431147449,3.19));
#15008=CARTESIAN_POINT('Origin',(2.52461617999899,0.567026431147449,3.2));
#15009=CARTESIAN_POINT('',(2.52461617999899,0.567026431147449,3.2));
#15010=CARTESIAN_POINT('',(1.2623080899995,0.567026431147449,3.2));
#15011=CARTESIAN_POINT('',(2.52461617999899,0.567026431147449,3.19));
#15012=CARTESIAN_POINT('',(2.52461617999899,0.567026431147449,3.2));
#15013=CARTESIAN_POINT('',(2.52461617999899,0.567026431147449,3.19));
#15014=CARTESIAN_POINT('Origin',(2.18750110204204,-0.432973583753712,3.2));
#15015=CARTESIAN_POINT('',(2.14141822276753,-0.569671355447802,3.2));
#15016=CARTESIAN_POINT('',(2.18750110204204,-0.432973583753712,3.19));
#15017=CARTESIAN_POINT('Origin',(2.60613626566556,-0.0328449083313299,3.19));
#15018=CARTESIAN_POINT('Ctrl Pts',(-2.81655083638152,-1.19452006087368,
3.2));
#15019=CARTESIAN_POINT('Ctrl Pts',(-2.81655083638152,-1.19452006087368,
3.19));
#15020=CARTESIAN_POINT('Ctrl Pts',(-2.75415213204814,-1.19452006087368,
3.2));
#15021=CARTESIAN_POINT('Ctrl Pts',(-2.75415213204814,-1.19452006087368,
3.19));
#15022=CARTESIAN_POINT('Ctrl Pts',(-2.6698733625589,-1.21153788932823,3.2));
#15023=CARTESIAN_POINT('Ctrl Pts',(-2.6698733625589,-1.21153788932823,3.19));
#15024=CARTESIAN_POINT('Ctrl Pts',(-2.63826882400044,-1.23260758170054,
3.2));
#15025=CARTESIAN_POINT('Ctrl Pts',(-2.63826882400044,-1.23260758170054,
3.19));
#15026=CARTESIAN_POINT('',(-2.63826882400044,-1.23260758170054,3.2));
#15027=CARTESIAN_POINT('',(-2.81655083638152,-1.19452006087368,3.2));
#15028=CARTESIAN_POINT('Ctrl Pts',(-2.63826882400044,-1.23260758170054,
3.2));
#15029=CARTESIAN_POINT('Ctrl Pts',(-2.6698733625589,-1.21153788932823,3.2));
#15030=CARTESIAN_POINT('Ctrl Pts',(-2.75415213204814,-1.19452006087368,
3.2));
#15031=CARTESIAN_POINT('Ctrl Pts',(-2.81655083638152,-1.19452006087368,
3.2));
#15032=CARTESIAN_POINT('',(-2.63826882400044,-1.23260758170054,3.19));
#15033=CARTESIAN_POINT('',(-2.63826882400044,-1.23260758170054,3.2));
#15034=CARTESIAN_POINT('',(-2.81655083638152,-1.19452006087368,3.19));
#15035=CARTESIAN_POINT('Ctrl Pts',(-2.63826882400044,-1.23260758170054,
3.19));
#15036=CARTESIAN_POINT('Ctrl Pts',(-2.6698733625589,-1.21153788932823,3.19));
#15037=CARTESIAN_POINT('Ctrl Pts',(-2.75415213204814,-1.19452006087368,
3.19));
#15038=CARTESIAN_POINT('Ctrl Pts',(-2.81655083638152,-1.19452006087368,
3.19));
#15039=CARTESIAN_POINT('',(-2.81655083638152,-1.19452006087368,3.2));
#15040=CARTESIAN_POINT('Origin',(-2.92676153494437,-1.19452006087368,3.2));
#15041=CARTESIAN_POINT('',(-2.92676153494437,-1.19452006087368,3.2));
#15042=CARTESIAN_POINT('',(-1.46338076747218,-1.19452006087368,3.2));
#15043=CARTESIAN_POINT('',(-2.92676153494437,-1.19452006087368,3.19));
#15044=CARTESIAN_POINT('',(-2.89668505819694,-1.19452006087368,3.19));
#15045=CARTESIAN_POINT('',(-2.92676153494437,-1.19452006087368,3.2));
#15046=CARTESIAN_POINT('Origin',(-2.92676153494437,-1.59322347038046,3.2));
#15047=CARTESIAN_POINT('',(-2.92676153494437,-1.59322347038046,3.2));
#15048=CARTESIAN_POINT('',(-2.92676153494437,-0.79661173519023,3.2));
#15049=CARTESIAN_POINT('',(-2.92676153494437,-1.59322347038046,3.19));
#15050=CARTESIAN_POINT('',(-2.92676153494437,-1.57026493737551,3.19));
#15051=CARTESIAN_POINT('',(-2.92676153494437,-1.59322347038046,3.2));
#15052=CARTESIAN_POINT('Origin',(-2.83599978318673,-1.59322347038046,3.2));
#15053=CARTESIAN_POINT('',(-2.83599978318673,-1.59322347038046,3.2));
#15054=CARTESIAN_POINT('',(-1.41799989159336,-1.59322347038046,3.2));
#15055=CARTESIAN_POINT('',(-2.83599978318673,-1.59322347038046,3.19));
#15056=CARTESIAN_POINT('',(-2.85130418231812,-1.59322347038046,3.19));
#15057=CARTESIAN_POINT('',(-2.83599978318673,-1.59322347038046,3.2));
#15058=CARTESIAN_POINT('Ctrl Pts',(-2.62287174111298,-1.53325588439773,
3.2));
#15059=CARTESIAN_POINT('Ctrl Pts',(-2.62287174111298,-1.53325588439773,
3.19));
#15060=CARTESIAN_POINT('Ctrl Pts',(-2.655286652455,-1.56729154130685,3.2));
#15061=CARTESIAN_POINT('Ctrl Pts',(-2.655286652455,-1.56729154130685,3.19));
#15062=CARTESIAN_POINT('Ctrl Pts',(-2.75496250483169,-1.59322347038046,
3.2));
#15063=CARTESIAN_POINT('Ctrl Pts',(-2.75496250483169,-1.59322347038046,
3.19));
#15064=CARTESIAN_POINT('Ctrl Pts',(-2.83599978318673,-1.59322347038046,
3.2));
#15065=CARTESIAN_POINT('Ctrl Pts',(-2.83599978318673,-1.59322347038046,
3.19));
#15066=CARTESIAN_POINT('',(-2.62287174111298,-1.53325588439773,3.2));
#15067=CARTESIAN_POINT('Ctrl Pts',(-2.83599978318673,-1.59322347038046,
3.2));
#15068=CARTESIAN_POINT('Ctrl Pts',(-2.75496250483169,-1.59322347038046,
3.2));
#15069=CARTESIAN_POINT('Ctrl Pts',(-2.655286652455,-1.56729154130685,3.2));
#15070=CARTESIAN_POINT('Ctrl Pts',(-2.62287174111298,-1.53325588439773,
3.2));
#15071=CARTESIAN_POINT('',(-2.62287174111298,-1.53325588439773,3.19));
#15072=CARTESIAN_POINT('Ctrl Pts',(-2.83599978318673,-1.59322347038046,
3.19));
#15073=CARTESIAN_POINT('Ctrl Pts',(-2.75496250483169,-1.59322347038046,
3.19));
#15074=CARTESIAN_POINT('Ctrl Pts',(-2.655286652455,-1.56729154130685,3.19));
#15075=CARTESIAN_POINT('Ctrl Pts',(-2.62287174111298,-1.53325588439773,
3.19));
#15076=CARTESIAN_POINT('',(-2.62287174111298,-1.53325588439773,3.2));
#15077=CARTESIAN_POINT('Ctrl Pts',(-2.56614564626446,-1.38495766500801,
3.2));
#15078=CARTESIAN_POINT('Ctrl Pts',(-2.56614564626446,-1.38495766500801,
3.19));
#15079=CARTESIAN_POINT('Ctrl Pts',(-2.56614564626446,-1.43276965923749,
3.2));
#15080=CARTESIAN_POINT('Ctrl Pts',(-2.56614564626446,-1.43276965923749,
3.19));
#15081=CARTESIAN_POINT('Ctrl Pts',(-2.59288794812162,-1.50327209140637,
3.2));
#15082=CARTESIAN_POINT('Ctrl Pts',(-2.59288794812162,-1.50327209140637,
3.19));
#15083=CARTESIAN_POINT('Ctrl Pts',(-2.62287174111298,-1.53325588439773,
3.2));
#15084=CARTESIAN_POINT('Ctrl Pts',(-2.62287174111298,-1.53325588439773,
3.19));
#15085=CARTESIAN_POINT('',(-2.56614564626446,-1.38495766500801,3.2));
#15086=CARTESIAN_POINT('Ctrl Pts',(-2.62287174111298,-1.53325588439773,
3.2));
#15087=CARTESIAN_POINT('Ctrl Pts',(-2.59288794812162,-1.50327209140637,
3.2));
#15088=CARTESIAN_POINT('Ctrl Pts',(-2.56614564626446,-1.43276965923749,
3.2));
#15089=CARTESIAN_POINT('Ctrl Pts',(-2.56614564626446,-1.38495766500801,
3.2));
#15090=CARTESIAN_POINT('',(-2.56614564626446,-1.38495766500801,3.19));
#15091=CARTESIAN_POINT('Ctrl Pts',(-2.62287174111298,-1.53325588439773,
3.19));
#15092=CARTESIAN_POINT('Ctrl Pts',(-2.59288794812162,-1.50327209140637,
3.19));
#15093=CARTESIAN_POINT('Ctrl Pts',(-2.56614564626446,-1.43276965923749,
3.19));
#15094=CARTESIAN_POINT('Ctrl Pts',(-2.56614564626446,-1.38495766500801,
3.19));
#15095=CARTESIAN_POINT('',(-2.56614564626446,-1.38495766500801,3.2));
#15096=CARTESIAN_POINT('Ctrl Pts',(-2.63826882400044,-1.23260758170054,
3.2));
#15097=CARTESIAN_POINT('Ctrl Pts',(-2.63826882400044,-1.23260758170054,
3.19));
#15098=CARTESIAN_POINT('Ctrl Pts',(-2.60180204874067,-1.25691876520706,
3.2));
#15099=CARTESIAN_POINT('Ctrl Pts',(-2.60180204874067,-1.25691876520706,
3.19));
#15100=CARTESIAN_POINT('Ctrl Pts',(-2.56614564626446,-1.33309380686079,
3.2));
#15101=CARTESIAN_POINT('Ctrl Pts',(-2.56614564626446,-1.33309380686079,
3.19));
#15102=CARTESIAN_POINT('Ctrl Pts',(-2.56614564626446,-1.38495766500801,
3.2));
#15103=CARTESIAN_POINT('Ctrl Pts',(-2.56614564626446,-1.38495766500801,
3.19));
#15104=CARTESIAN_POINT('Ctrl Pts',(-2.56614564626446,-1.38495766500801,
3.2));
#15105=CARTESIAN_POINT('Ctrl Pts',(-2.56614564626446,-1.33309380686079,
3.2));
#15106=CARTESIAN_POINT('Ctrl Pts',(-2.60180204874067,-1.25691876520706,
3.2));
#15107=CARTESIAN_POINT('Ctrl Pts',(-2.63826882400044,-1.23260758170054,
3.2));
#15108=CARTESIAN_POINT('Ctrl Pts',(-2.56614564626446,-1.38495766500801,
3.19));
#15109=CARTESIAN_POINT('Ctrl Pts',(-2.56614564626446,-1.33309380686079,
3.19));
#15110=CARTESIAN_POINT('Ctrl Pts',(-2.60180204874067,-1.25691876520706,
3.19));
#15111=CARTESIAN_POINT('Ctrl Pts',(-2.63826882400044,-1.23260758170054,
3.19));
#15112=CARTESIAN_POINT('Ctrl Pts',(-2.54669669945925,-1.1418458299429,3.2));
#15113=CARTESIAN_POINT('Ctrl Pts',(-2.54669669945925,-1.1418458299429,3.19));
#15114=CARTESIAN_POINT('Ctrl Pts',(-2.49078097739427,-1.17993335076977,
3.2));
#15115=CARTESIAN_POINT('Ctrl Pts',(-2.49078097739427,-1.17993335076977,
3.19));
#15116=CARTESIAN_POINT('Ctrl Pts',(-2.42757190027734,-1.29743740438457,
3.2));
#15117=CARTESIAN_POINT('Ctrl Pts',(-2.42757190027734,-1.29743740438457,
3.19));
#15118=CARTESIAN_POINT('Ctrl Pts',(-2.42757190027734,-1.38090580109026,
3.2));
#15119=CARTESIAN_POINT('Ctrl Pts',(-2.42757190027734,-1.38090580109026,
3.19));
#15120=CARTESIAN_POINT('',(-2.54669669945925,-1.1418458299429,3.2));
#15121=CARTESIAN_POINT('',(-2.42757190027734,-1.38090580109026,3.2));
#15122=CARTESIAN_POINT('Ctrl Pts',(-2.54669669945925,-1.1418458299429,3.2));
#15123=CARTESIAN_POINT('Ctrl Pts',(-2.49078097739427,-1.17993335076977,
3.2));
#15124=CARTESIAN_POINT('Ctrl Pts',(-2.42757190027734,-1.29743740438457,
3.2));
#15125=CARTESIAN_POINT('Ctrl Pts',(-2.42757190027734,-1.38090580109026,
3.2));
#15126=CARTESIAN_POINT('',(-2.54669669945925,-1.1418458299429,3.19));
#15127=CARTESIAN_POINT('',(-2.54669669945925,-1.1418458299429,3.2));
#15128=CARTESIAN_POINT('',(-2.42757190027734,-1.38090580109026,3.19));
#15129=CARTESIAN_POINT('Ctrl Pts',(-2.54669669945925,-1.1418458299429,3.19));
#15130=CARTESIAN_POINT('Ctrl Pts',(-2.49078097739427,-1.17993335076977,
3.19));
#15131=CARTESIAN_POINT('Ctrl Pts',(-2.42757190027734,-1.29743740438457,
3.19));
#15132=CARTESIAN_POINT('Ctrl Pts',(-2.42757190027734,-1.38090580109026,
3.19));
#15133=CARTESIAN_POINT('',(-2.42757190027734,-1.38090580109026,3.2));
#15134=CARTESIAN_POINT('Ctrl Pts',(-2.80844710854602,-1.07944712560952,
3.2));
#15135=CARTESIAN_POINT('Ctrl Pts',(-2.80844710854602,-1.07944712560952,
3.19));
#15136=CARTESIAN_POINT('Ctrl Pts',(-2.71930610235548,-1.07944712560952,
3.2));
#15137=CARTESIAN_POINT('Ctrl Pts',(-2.71930610235548,-1.07944712560952,
3.19));
#15138=CARTESIAN_POINT('Ctrl Pts',(-2.59450869368872,-1.10862054581734,
3.2));
#15139=CARTESIAN_POINT('Ctrl Pts',(-2.59450869368872,-1.10862054581734,
3.19));
#15140=CARTESIAN_POINT('Ctrl Pts',(-2.54669669945925,-1.1418458299429,3.2));
#15141=CARTESIAN_POINT('Ctrl Pts',(-2.54669669945925,-1.1418458299429,3.19));
#15142=CARTESIAN_POINT('',(-2.80844710854602,-1.07944712560952,3.2));
#15143=CARTESIAN_POINT('Ctrl Pts',(-2.80844710854602,-1.07944712560952,
3.2));
#15144=CARTESIAN_POINT('Ctrl Pts',(-2.71930610235548,-1.07944712560952,
3.2));
#15145=CARTESIAN_POINT('Ctrl Pts',(-2.59450869368872,-1.10862054581734,
3.2));
#15146=CARTESIAN_POINT('Ctrl Pts',(-2.54669669945925,-1.1418458299429,3.2));
#15147=CARTESIAN_POINT('',(-2.80844710854602,-1.07944712560952,3.19));
#15148=CARTESIAN_POINT('',(-2.80844710854602,-1.07944712560952,3.2));
#15149=CARTESIAN_POINT('Ctrl Pts',(-2.80844710854602,-1.07944712560952,
3.19));
#15150=CARTESIAN_POINT('Ctrl Pts',(-2.71930610235548,-1.07944712560952,
3.19));
#15151=CARTESIAN_POINT('Ctrl Pts',(-2.59450869368872,-1.10862054581734,
3.19));
#15152=CARTESIAN_POINT('Ctrl Pts',(-2.54669669945925,-1.1418458299429,3.19));
#15153=CARTESIAN_POINT('Origin',(-3.05966267144663,-1.07944712560952,3.2));
#15154=CARTESIAN_POINT('',(-3.05966267144663,-1.07944712560952,3.2));
#15155=CARTESIAN_POINT('',(-1.52983133572332,-1.07944712560952,3.2));
#15156=CARTESIAN_POINT('',(-3.05966267144663,-1.07944712560952,3.19));
#15157=CARTESIAN_POINT('',(-3.05966267144663,-1.07944712560952,3.2));
#15158=CARTESIAN_POINT('',(-3.05966267144663,-1.07944712560952,3.19));
#15159=CARTESIAN_POINT('Origin',(-3.05966267144663,-2.07944714051068,3.2));
#15160=CARTESIAN_POINT('',(-3.05966267144663,-2.07944714051068,3.2));
#15161=CARTESIAN_POINT('',(-3.05966267144663,-1.03972357025534,3.2));
#15162=CARTESIAN_POINT('',(-3.05966267144663,-2.07944714051068,3.19));
#15163=CARTESIAN_POINT('',(-3.05966267144663,-2.07944714051068,3.2));
#15164=CARTESIAN_POINT('',(-3.05966267144663,-2.07944714051068,3.19));
#15165=CARTESIAN_POINT('Origin',(-2.92676153494437,-2.07944714051068,3.2));
#15166=CARTESIAN_POINT('',(-2.92676153494437,-2.07944714051068,3.2));
#15167=CARTESIAN_POINT('',(-1.46338076747218,-2.07944714051068,3.2));
#15168=CARTESIAN_POINT('',(-2.92676153494437,-2.07944714051068,3.19));
#15169=CARTESIAN_POINT('',(-2.92676153494437,-2.07944714051068,3.2));
#15170=CARTESIAN_POINT('',(-2.92676153494437,-2.07944714051068,3.19));
#15171=CARTESIAN_POINT('Origin',(-2.92676153494437,-1.70667566007751,3.2));
#15172=CARTESIAN_POINT('',(-2.92676153494437,-1.70667566007751,3.2));
#15173=CARTESIAN_POINT('',(-2.92676153494437,-0.853337830038757,3.2));
#15174=CARTESIAN_POINT('',(-2.92676153494437,-1.70667566007751,3.19));
#15175=CARTESIAN_POINT('',(-2.92676153494437,-1.70667566007751,3.2));
#15176=CARTESIAN_POINT('',(-2.92676153494437,-1.70667566007751,3.19));
#15177=CARTESIAN_POINT('Origin',(-2.81411971803087,-1.70667566007751,3.2));
#15178=CARTESIAN_POINT('',(-2.81411971803087,-1.70667566007751,3.2));
#15179=CARTESIAN_POINT('',(-1.40705985901543,-1.70667566007751,3.2));
#15180=CARTESIAN_POINT('',(-2.81411971803087,-1.70667566007751,3.19));
#15181=CARTESIAN_POINT('',(-2.81411971803087,-1.70667566007751,3.2));
#15182=CARTESIAN_POINT('',(-2.81411971803087,-1.70667566007751,3.19));
#15183=CARTESIAN_POINT('Ctrl Pts',(-2.51509216090078,-1.60294794378307,
3.2));
#15184=CARTESIAN_POINT('Ctrl Pts',(-2.51509216090078,-1.60294794378307,
3.19));
#15185=CARTESIAN_POINT('Ctrl Pts',(-2.56695601904801,-1.65400142914674,
3.2));
#15186=CARTESIAN_POINT('Ctrl Pts',(-2.56695601904801,-1.65400142914674,
3.19));
#15187=CARTESIAN_POINT('Ctrl Pts',(-2.70715051060222,-1.70667566007751,
3.2));
#15188=CARTESIAN_POINT('Ctrl Pts',(-2.70715051060222,-1.70667566007751,
3.19));
#15189=CARTESIAN_POINT('Ctrl Pts',(-2.81411971803087,-1.70667566007751,
3.2));
#15190=CARTESIAN_POINT('Ctrl Pts',(-2.81411971803087,-1.70667566007751,
3.19));
#15191=CARTESIAN_POINT('',(-2.51509216090078,-1.60294794378307,3.2));
#15192=CARTESIAN_POINT('Ctrl Pts',(-2.51509216090078,-1.60294794378307,
3.2));
#15193=CARTESIAN_POINT('Ctrl Pts',(-2.56695601904801,-1.65400142914674,
3.2));
#15194=CARTESIAN_POINT('Ctrl Pts',(-2.70715051060222,-1.70667566007751,
3.2));
#15195=CARTESIAN_POINT('Ctrl Pts',(-2.81411971803087,-1.70667566007751,
3.2));
#15196=CARTESIAN_POINT('',(-2.51509216090078,-1.60294794378307,3.19));
#15197=CARTESIAN_POINT('',(-2.51509216090078,-1.60294794378307,3.2));
#15198=CARTESIAN_POINT('Ctrl Pts',(-2.51509216090078,-1.60294794378307,
3.19));
#15199=CARTESIAN_POINT('Ctrl Pts',(-2.56695601904801,-1.65400142914674,
3.19));
#15200=CARTESIAN_POINT('Ctrl Pts',(-2.70715051060222,-1.70667566007751,
3.19));
#15201=CARTESIAN_POINT('Ctrl Pts',(-2.81411971803087,-1.70667566007751,
3.19));
#15202=CARTESIAN_POINT('Ctrl Pts',(-2.42757190027734,-1.38090580109026,
3.2));
#15203=CARTESIAN_POINT('Ctrl Pts',(-2.42757190027734,-1.38090580109026,
3.19));
#15204=CARTESIAN_POINT('Ctrl Pts',(-2.42757190027734,-1.44573562377429,
3.2));
#15205=CARTESIAN_POINT('Ctrl Pts',(-2.42757190027734,-1.44573562377429,
3.19));
#15206=CARTESIAN_POINT('Ctrl Pts',(-2.47376314893971,-1.56242930460555,
3.2));
#15207=CARTESIAN_POINT('Ctrl Pts',(-2.47376314893971,-1.56242930460555,
3.19));
#15208=CARTESIAN_POINT('Ctrl Pts',(-2.51509216090078,-1.60294794378307,
3.2));
#15209=CARTESIAN_POINT('Ctrl Pts',(-2.51509216090078,-1.60294794378307,
3.19));
#15210=CARTESIAN_POINT('Ctrl Pts',(-2.42757190027734,-1.38090580109026,
3.2));
#15211=CARTESIAN_POINT('Ctrl Pts',(-2.42757190027734,-1.44573562377429,
3.2));
#15212=CARTESIAN_POINT('Ctrl Pts',(-2.47376314893971,-1.56242930460555,
3.2));
#15213=CARTESIAN_POINT('Ctrl Pts',(-2.51509216090078,-1.60294794378307,
3.2));
#15214=CARTESIAN_POINT('Ctrl Pts',(-2.42757190027734,-1.38090580109026,
3.19));
#15215=CARTESIAN_POINT('Ctrl Pts',(-2.42757190027734,-1.44573562377429,
3.19));
#15216=CARTESIAN_POINT('Ctrl Pts',(-2.47376314893971,-1.56242930460555,
3.19));
#15217=CARTESIAN_POINT('Ctrl Pts',(-2.51509216090078,-1.60294794378307,
3.19));
#15218=CARTESIAN_POINT('Origin',(-2.8666085814495,-1.54730640437056,3.19));
#15219=CARTESIAN_POINT('Ctrl Pts',(-1.6852704305452,-2.00813433555825,3.2));
#15220=CARTESIAN_POINT('Ctrl Pts',(-1.6852704305452,-2.00813433555825,3.19));
#15221=CARTESIAN_POINT('Ctrl Pts',(-1.73308242477467,-2.05513595700417,
3.2));
#15222=CARTESIAN_POINT('Ctrl Pts',(-1.73308242477467,-2.05513595700417,
3.19));
#15223=CARTESIAN_POINT('Ctrl Pts',(-1.85950057900853,-2.10051683288299,
3.2));
#15224=CARTESIAN_POINT('Ctrl Pts',(-1.85950057900853,-2.10051683288299,
3.19));
#15225=CARTESIAN_POINT('Ctrl Pts',(-1.95188307633327,-2.10051683288299,
3.2));
#15226=CARTESIAN_POINT('Ctrl Pts',(-1.95188307633327,-2.10051683288299,
3.19));
#15227=CARTESIAN_POINT('',(-1.6852704305452,-2.00813433555825,3.2));
#15228=CARTESIAN_POINT('',(-1.95188307633327,-2.10051683288299,3.2));
#15229=CARTESIAN_POINT('Ctrl Pts',(-1.6852704305452,-2.00813433555825,3.2));
#15230=CARTESIAN_POINT('Ctrl Pts',(-1.73308242477467,-2.05513595700417,
3.2));
#15231=CARTESIAN_POINT('Ctrl Pts',(-1.85950057900853,-2.10051683288299,
3.2));
#15232=CARTESIAN_POINT('Ctrl Pts',(-1.95188307633327,-2.10051683288299,
3.2));
#15233=CARTESIAN_POINT('',(-1.6852704305452,-2.00813433555825,3.19));
#15234=CARTESIAN_POINT('',(-1.6852704305452,-2.00813433555825,3.2));
#15235=CARTESIAN_POINT('',(-1.95188307633327,-2.10051683288299,3.19));
#15236=CARTESIAN_POINT('Ctrl Pts',(-1.6852704305452,-2.00813433555825,3.19));
#15237=CARTESIAN_POINT('Ctrl Pts',(-1.73308242477467,-2.05513595700417,
3.19));
#15238=CARTESIAN_POINT('Ctrl Pts',(-1.85950057900853,-2.10051683288299,
3.19));
#15239=CARTESIAN_POINT('Ctrl Pts',(-1.95188307633327,-2.10051683288299,
3.19));
#15240=CARTESIAN_POINT('',(-1.95188307633327,-2.10051683288299,3.2));
#15241=CARTESIAN_POINT('Ctrl Pts',(-1.58964644208626,-1.70343416894331,
3.2));
#15242=CARTESIAN_POINT('Ctrl Pts',(-1.58964644208626,-1.70343416894331,
3.19));
#15243=CARTESIAN_POINT('Ctrl Pts',(-1.58964644208626,-1.80797225802131,
3.2));
#15244=CARTESIAN_POINT('Ctrl Pts',(-1.58964644208626,-1.80797225802131,
3.19));
#15245=CARTESIAN_POINT('Ctrl Pts',(-1.63178582683088,-1.95708085019458,
3.2));
#15246=CARTESIAN_POINT('Ctrl Pts',(-1.63178582683088,-1.95708085019458,
3.19));
#15247=CARTESIAN_POINT('Ctrl Pts',(-1.6852704305452,-2.00813433555825,3.2));
#15248=CARTESIAN_POINT('Ctrl Pts',(-1.6852704305452,-2.00813433555825,3.19));
#15249=CARTESIAN_POINT('',(-1.58964644208626,-1.70343416894331,3.2));
#15250=CARTESIAN_POINT('Ctrl Pts',(-1.58964644208626,-1.70343416894331,
3.2));
#15251=CARTESIAN_POINT('Ctrl Pts',(-1.58964644208626,-1.80797225802131,
3.2));
#15252=CARTESIAN_POINT('Ctrl Pts',(-1.63178582683088,-1.95708085019458,
3.2));
#15253=CARTESIAN_POINT('Ctrl Pts',(-1.6852704305452,-2.00813433555825,3.2));
#15254=CARTESIAN_POINT('',(-1.58964644208626,-1.70343416894331,3.19));
#15255=CARTESIAN_POINT('',(-1.58964644208626,-1.70343416894331,3.2));
#15256=CARTESIAN_POINT('Ctrl Pts',(-1.58964644208626,-1.70343416894331,
3.19));
#15257=CARTESIAN_POINT('Ctrl Pts',(-1.58964644208626,-1.80797225802131,
3.19));
#15258=CARTESIAN_POINT('Ctrl Pts',(-1.63178582683088,-1.95708085019458,
3.19));
#15259=CARTESIAN_POINT('Ctrl Pts',(-1.6852704305452,-2.00813433555825,3.19));
#15260=CARTESIAN_POINT('Origin',(-1.58964644208626,-1.07944712560952,3.2));
#15261=CARTESIAN_POINT('',(-1.58964644208626,-1.07944712560952,3.2));
#15262=CARTESIAN_POINT('',(-1.58964644208626,-0.539723562804762,3.2));
#15263=CARTESIAN_POINT('',(-1.58964644208626,-1.07944712560952,3.19));
#15264=CARTESIAN_POINT('',(-1.58964644208626,-1.07944712560952,3.2));
#15265=CARTESIAN_POINT('',(-1.58964644208626,-1.07944712560952,3.19));
#15266=CARTESIAN_POINT('Origin',(-1.72254757858852,-1.07944712560952,3.2));
#15267=CARTESIAN_POINT('',(-1.72254757858852,-1.07944712560952,3.2));
#15268=CARTESIAN_POINT('',(-0.861273789294257,-1.07944712560952,3.2));
#15269=CARTESIAN_POINT('',(-1.72254757858852,-1.07944712560952,3.19));
#15270=CARTESIAN_POINT('',(-1.72254757858852,-1.07944712560952,3.2));
#15271=CARTESIAN_POINT('',(-1.72254757858852,-1.07944712560952,3.19));
#15272=CARTESIAN_POINT('Origin',(-1.72254757858852,-1.70667566007751,3.2));
#15273=CARTESIAN_POINT('',(-1.72254757858852,-1.70667566007751,3.2));
#15274=CARTESIAN_POINT('',(-1.72254757858852,-0.853337830038757,3.2));
#15275=CARTESIAN_POINT('',(-1.72254757858852,-1.70667566007751,3.19));
#15276=CARTESIAN_POINT('',(-1.72254757858852,-1.70667566007751,3.2));
#15277=CARTESIAN_POINT('',(-1.72254757858852,-1.70667566007751,3.19));
#15278=CARTESIAN_POINT('Ctrl Pts',(-1.76549733611669,-1.90521699204735,
3.2));
#15279=CARTESIAN_POINT('Ctrl Pts',(-1.76549733611669,-1.90521699204735,
3.19));
#15280=CARTESIAN_POINT('Ctrl Pts',(-1.74037577982663,-1.86712947122049,
3.2));
#15281=CARTESIAN_POINT('Ctrl Pts',(-1.74037577982663,-1.86712947122049,
3.19));
#15282=CARTESIAN_POINT('Ctrl Pts',(-1.72254757858852,-1.77393660111219,
3.2));
#15283=CARTESIAN_POINT('Ctrl Pts',(-1.72254757858852,-1.77393660111219,
3.19));
#15284=CARTESIAN_POINT('Ctrl Pts',(-1.72254757858852,-1.70667566007751,
3.2));
#15285=CARTESIAN_POINT('Ctrl Pts',(-1.72254757858852,-1.70667566007751,
3.19));
#15286=CARTESIAN_POINT('',(-1.76549733611669,-1.90521699204735,3.2));
#15287=CARTESIAN_POINT('Ctrl Pts',(-1.76549733611669,-1.90521699204735,
3.2));
#15288=CARTESIAN_POINT('Ctrl Pts',(-1.74037577982663,-1.86712947122049,
3.2));
#15289=CARTESIAN_POINT('Ctrl Pts',(-1.72254757858852,-1.77393660111219,
3.2));
#15290=CARTESIAN_POINT('Ctrl Pts',(-1.72254757858852,-1.70667566007751,
3.2));
#15291=CARTESIAN_POINT('',(-1.76549733611669,-1.90521699204735,3.19));
#15292=CARTESIAN_POINT('',(-1.76549733611669,-1.90521699204735,3.2));
#15293=CARTESIAN_POINT('Ctrl Pts',(-1.76549733611669,-1.90521699204735,
3.19));
#15294=CARTESIAN_POINT('Ctrl Pts',(-1.74037577982663,-1.86712947122049,
3.19));
#15295=CARTESIAN_POINT('Ctrl Pts',(-1.72254757858852,-1.77393660111219,
3.19));
#15296=CARTESIAN_POINT('Ctrl Pts',(-1.72254757858852,-1.70667566007751,
3.19));
#15297=CARTESIAN_POINT('Ctrl Pts',(-1.95188307633327,-1.98706464318594,
3.2));
#15298=CARTESIAN_POINT('Ctrl Pts',(-1.95188307633327,-1.98706464318594,
3.19));
#15299=CARTESIAN_POINT('Ctrl Pts',(-1.88948437199989,-1.98706464318594,
3.2));
#15300=CARTESIAN_POINT('Ctrl Pts',(-1.88948437199989,-1.98706464318594,
3.19));
#15301=CARTESIAN_POINT('Ctrl Pts',(-1.79223963797385,-1.94573563122487,
3.2));
#15302=CARTESIAN_POINT('Ctrl Pts',(-1.79223963797385,-1.94573563122487,
3.19));
#15303=CARTESIAN_POINT('Ctrl Pts',(-1.76549733611669,-1.90521699204735,
3.2));
#15304=CARTESIAN_POINT('Ctrl Pts',(-1.76549733611669,-1.90521699204735,
3.19));
#15305=CARTESIAN_POINT('',(-1.95188307633327,-1.98706464318594,3.2));
#15306=CARTESIAN_POINT('Ctrl Pts',(-1.95188307633327,-1.98706464318594,
3.2));
#15307=CARTESIAN_POINT('Ctrl Pts',(-1.88948437199989,-1.98706464318594,
3.2));
#15308=CARTESIAN_POINT('Ctrl Pts',(-1.79223963797385,-1.94573563122487,
3.2));
#15309=CARTESIAN_POINT('Ctrl Pts',(-1.76549733611669,-1.90521699204735,
3.2));
#15310=CARTESIAN_POINT('',(-1.95188307633327,-1.98706464318594,3.19));
#15311=CARTESIAN_POINT('',(-1.95188307633327,-1.98706464318594,3.2));
#15312=CARTESIAN_POINT('Ctrl Pts',(-1.95188307633327,-1.98706464318594,
3.19));
#15313=CARTESIAN_POINT('Ctrl Pts',(-1.88948437199989,-1.98706464318594,
3.19));
#15314=CARTESIAN_POINT('Ctrl Pts',(-1.79223963797385,-1.94573563122487,
3.19));
#15315=CARTESIAN_POINT('Ctrl Pts',(-1.76549733611669,-1.90521699204735,
3.19));
#15316=CARTESIAN_POINT('Ctrl Pts',(-2.13745844376631,-1.90521699204735,
3.2));
#15317=CARTESIAN_POINT('Ctrl Pts',(-2.13745844376631,-1.90521699204735,
3.19));
#15318=CARTESIAN_POINT('Ctrl Pts',(-2.11071614190915,-1.94573563122487,
3.2));
#15319=CARTESIAN_POINT('Ctrl Pts',(-2.11071614190915,-1.94573563122487,
3.19));
#15320=CARTESIAN_POINT('Ctrl Pts',(-2.0183336445844,-1.98706464318594,3.2));
#15321=CARTESIAN_POINT('Ctrl Pts',(-2.0183336445844,-1.98706464318594,3.19));
#15322=CARTESIAN_POINT('Ctrl Pts',(-1.95188307633327,-1.98706464318594,
3.2));
#15323=CARTESIAN_POINT('Ctrl Pts',(-1.95188307633327,-1.98706464318594,
3.19));
#15324=CARTESIAN_POINT('',(-2.13745844376631,-1.90521699204735,3.2));
#15325=CARTESIAN_POINT('Ctrl Pts',(-2.13745844376631,-1.90521699204735,
3.2));
#15326=CARTESIAN_POINT('Ctrl Pts',(-2.11071614190915,-1.94573563122487,
3.2));
#15327=CARTESIAN_POINT('Ctrl Pts',(-2.0183336445844,-1.98706464318594,3.2));
#15328=CARTESIAN_POINT('Ctrl Pts',(-1.95188307633327,-1.98706464318594,
3.2));
#15329=CARTESIAN_POINT('',(-2.13745844376631,-1.90521699204735,3.19));
#15330=CARTESIAN_POINT('',(-2.13745844376631,-1.90521699204735,3.2));
#15331=CARTESIAN_POINT('Ctrl Pts',(-2.13745844376631,-1.90521699204735,
3.19));
#15332=CARTESIAN_POINT('Ctrl Pts',(-2.11071614190915,-1.94573563122487,
3.19));
#15333=CARTESIAN_POINT('Ctrl Pts',(-2.0183336445844,-1.98706464318594,3.19));
#15334=CARTESIAN_POINT('Ctrl Pts',(-1.95188307633327,-1.98706464318594,
3.19));
#15335=CARTESIAN_POINT('Ctrl Pts',(-2.18040820129448,-1.70343416894331,
3.2));
#15336=CARTESIAN_POINT('Ctrl Pts',(-2.18040820129448,-1.70343416894331,
3.19));
#15337=CARTESIAN_POINT('Ctrl Pts',(-2.18040820129448,-1.77312622832864,
3.2));
#15338=CARTESIAN_POINT('Ctrl Pts',(-2.18040820129448,-1.77312622832864,
3.19));
#15339=CARTESIAN_POINT('Ctrl Pts',(-2.16258000005637,-1.86712947122049,
3.2));
#15340=CARTESIAN_POINT('Ctrl Pts',(-2.16258000005637,-1.86712947122049,
3.19));
#15341=CARTESIAN_POINT('Ctrl Pts',(-2.13745844376631,-1.90521699204735,
3.2));
#15342=CARTESIAN_POINT('Ctrl Pts',(-2.13745844376631,-1.90521699204735,
3.19));
#15343=CARTESIAN_POINT('',(-2.18040820129448,-1.70343416894331,3.2));
#15344=CARTESIAN_POINT('Ctrl Pts',(-2.18040820129448,-1.70343416894331,
3.2));
#15345=CARTESIAN_POINT('Ctrl Pts',(-2.18040820129448,-1.77312622832864,
3.2));
#15346=CARTESIAN_POINT('Ctrl Pts',(-2.16258000005637,-1.86712947122049,
3.2));
#15347=CARTESIAN_POINT('Ctrl Pts',(-2.13745844376631,-1.90521699204735,
3.2));
#15348=CARTESIAN_POINT('',(-2.18040820129448,-1.70343416894331,3.19));
#15349=CARTESIAN_POINT('',(-2.18040820129448,-1.70343416894331,3.2));
#15350=CARTESIAN_POINT('Ctrl Pts',(-2.18040820129448,-1.70343416894331,
3.19));
#15351=CARTESIAN_POINT('Ctrl Pts',(-2.18040820129448,-1.77312622832864,
3.19));
#15352=CARTESIAN_POINT('Ctrl Pts',(-2.16258000005637,-1.86712947122049,
3.19));
#15353=CARTESIAN_POINT('Ctrl Pts',(-2.13745844376631,-1.90521699204735,
3.19));
#15354=CARTESIAN_POINT('Origin',(-2.18040820129448,-1.07944712560952,3.2));
#15355=CARTESIAN_POINT('',(-2.18040820129448,-1.07944712560952,3.2));
#15356=CARTESIAN_POINT('',(-2.18040820129448,-0.539723562804762,3.2));
#15357=CARTESIAN_POINT('',(-2.18040820129448,-1.07944712560952,3.19));
#15358=CARTESIAN_POINT('',(-2.18040820129448,-1.07944712560952,3.2));
#15359=CARTESIAN_POINT('',(-2.18040820129448,-1.07944712560952,3.19));
#15360=CARTESIAN_POINT('Origin',(-2.31330933779674,-1.07944712560952,3.2));
#15361=CARTESIAN_POINT('',(-2.31330933779674,-1.07944712560952,3.2));
#15362=CARTESIAN_POINT('',(-1.15665466889837,-1.07944712560952,3.2));
#15363=CARTESIAN_POINT('',(-2.31330933779674,-1.07944712560952,3.19));
#15364=CARTESIAN_POINT('',(-2.31330933779674,-1.07944712560952,3.2));
#15365=CARTESIAN_POINT('',(-2.31330933779674,-1.07944712560952,3.19));
#15366=CARTESIAN_POINT('Origin',(-2.31330933779674,-1.70343416894331,3.2));
#15367=CARTESIAN_POINT('',(-2.31330933779674,-1.70343416894331,3.2));
#15368=CARTESIAN_POINT('',(-2.31330933779674,-0.851717084471656,3.2));
#15369=CARTESIAN_POINT('',(-2.31330933779674,-1.70343416894331,3.19));
#15370=CARTESIAN_POINT('',(-2.31330933779674,-1.70343416894331,3.2));
#15371=CARTESIAN_POINT('',(-2.31330933779674,-1.70343416894331,3.19));
#15372=CARTESIAN_POINT('Ctrl Pts',(-2.2176853493378,-2.00813433555825,3.2));
#15373=CARTESIAN_POINT('Ctrl Pts',(-2.2176853493378,-2.00813433555825,3.19));
#15374=CARTESIAN_POINT('Ctrl Pts',(-2.27035958026857,-1.95627047741103,
3.2));
#15375=CARTESIAN_POINT('Ctrl Pts',(-2.27035958026857,-1.95627047741103,
3.19));
#15376=CARTESIAN_POINT('Ctrl Pts',(-2.31330933779674,-1.81040337637196,
3.2));
#15377=CARTESIAN_POINT('Ctrl Pts',(-2.31330933779674,-1.81040337637196,
3.19));
#15378=CARTESIAN_POINT('Ctrl Pts',(-2.31330933779674,-1.70343416894331,
3.2));
#15379=CARTESIAN_POINT('Ctrl Pts',(-2.31330933779674,-1.70343416894331,
3.19));
#15380=CARTESIAN_POINT('',(-2.2176853493378,-2.00813433555825,3.2));
#15381=CARTESIAN_POINT('Ctrl Pts',(-2.2176853493378,-2.00813433555825,3.2));
#15382=CARTESIAN_POINT('Ctrl Pts',(-2.27035958026857,-1.95627047741103,
3.2));
#15383=CARTESIAN_POINT('Ctrl Pts',(-2.31330933779674,-1.81040337637196,
3.2));
#15384=CARTESIAN_POINT('Ctrl Pts',(-2.31330933779674,-1.70343416894331,
3.2));
#15385=CARTESIAN_POINT('',(-2.2176853493378,-2.00813433555825,3.19));
#15386=CARTESIAN_POINT('',(-2.2176853493378,-2.00813433555825,3.2));
#15387=CARTESIAN_POINT('Ctrl Pts',(-2.2176853493378,-2.00813433555825,3.19));
#15388=CARTESIAN_POINT('Ctrl Pts',(-2.27035958026857,-1.95627047741103,
3.19));
#15389=CARTESIAN_POINT('Ctrl Pts',(-2.31330933779674,-1.81040337637196,
3.19));
#15390=CARTESIAN_POINT('Ctrl Pts',(-2.31330933779674,-1.70343416894331,
3.19));
#15391=CARTESIAN_POINT('Ctrl Pts',(-1.95188307633327,-2.10051683288299,
3.2));
#15392=CARTESIAN_POINT('Ctrl Pts',(-1.95188307633327,-2.10051683288299,
3.19));
#15393=CARTESIAN_POINT('Ctrl Pts',(-2.04021370974026,-2.10051683288299,
3.2));
#15394=CARTESIAN_POINT('Ctrl Pts',(-2.04021370974026,-2.10051683288299,
3.19));
#15395=CARTESIAN_POINT('Ctrl Pts',(-2.17149410067542,-2.05432558422062,
3.2));
#15396=CARTESIAN_POINT('Ctrl Pts',(-2.17149410067542,-2.05432558422062,
3.19));
#15397=CARTESIAN_POINT('Ctrl Pts',(-2.2176853493378,-2.00813433555825,3.2));
#15398=CARTESIAN_POINT('Ctrl Pts',(-2.2176853493378,-2.00813433555825,3.19));
#15399=CARTESIAN_POINT('Ctrl Pts',(-1.95188307633327,-2.10051683288299,
3.2));
#15400=CARTESIAN_POINT('Ctrl Pts',(-2.04021370974026,-2.10051683288299,
3.2));
#15401=CARTESIAN_POINT('Ctrl Pts',(-2.17149410067542,-2.05432558422062,
3.2));
#15402=CARTESIAN_POINT('Ctrl Pts',(-2.2176853493378,-2.00813433555825,3.2));
#15403=CARTESIAN_POINT('Ctrl Pts',(-1.95188307633327,-2.10051683288299,
3.19));
#15404=CARTESIAN_POINT('Ctrl Pts',(-2.04021370974026,-2.10051683288299,
3.19));
#15405=CARTESIAN_POINT('Ctrl Pts',(-2.17149410067542,-2.05432558422062,
3.19));
#15406=CARTESIAN_POINT('Ctrl Pts',(-2.2176853493378,-2.00813433555825,3.19));
#15407=CARTESIAN_POINT('Origin',(-1.95142055648068,-1.56670334395418,3.19));
#15408=CARTESIAN_POINT('Origin',(2.22044604925031E-15,0.,3.2));
#15409=CARTESIAN_POINT('',(-9.25,0.936749699759761,3.2));
#15410=CARTESIAN_POINT('',(-9.25,-0.93674969975976,3.2));
#15411=CARTESIAN_POINT('Origin',(-9.6,1.2524337669663E-16,3.2));
#15412=CARTESIAN_POINT('',(-9.25,-2.85,3.2));
#15413=CARTESIAN_POINT('',(-9.25,1.6,3.2));
#15414=CARTESIAN_POINT('',(9.25,-2.85,3.2));
#15415=CARTESIAN_POINT('',(-4.8,-2.85,3.2));
#15416=CARTESIAN_POINT('',(9.25,2.85,3.2));
#15417=CARTESIAN_POINT('',(9.25,-1.6,3.2));
#15418=CARTESIAN_POINT('',(-9.25,2.85,3.2));
#15419=CARTESIAN_POINT('',(4.8,2.85,3.2));
#15420=CARTESIAN_POINT('',(-9.25,1.6,3.2));
#15421=CARTESIAN_POINT('Origin',(2.22044604925031E-15,0.,3.2));
#15422=CARTESIAN_POINT('Origin',(2.22044604925031E-15,0.,3.2));
#15423=CARTESIAN_POINT('Origin',(2.22044604925031E-15,0.,3.2));
#15424=CARTESIAN_POINT('Origin',(2.22044604925031E-15,0.,3.2));
#15425=CARTESIAN_POINT('Origin',(2.22044604925031E-15,0.,3.2));
#15426=CARTESIAN_POINT('Origin',(2.22044604925031E-15,0.,3.2));
#15427=CARTESIAN_POINT('Origin',(-9.6,1.36522127847892E-16,2.7));
#15428=CARTESIAN_POINT('',(-9.36666666666667,-0.972396809720988,2.7));
#15429=CARTESIAN_POINT('',(-9.36666666666667,0.972396809720989,2.7));
#15430=CARTESIAN_POINT('',(-9.36666666666667,0.799999999999999,2.7));
#15431=CARTESIAN_POINT('Origin',(-9.6,1.2524337669663E-16,2.7));
#15432=CARTESIAN_POINT('Origin',(-9.6,1.2524337669663E-16,3.2));
#15433=CARTESIAN_POINT('Origin',(-9.6,1.2524337669663E-16,1.7));
#15434=CARTESIAN_POINT('Origin',(-9.6,1.2524337669663E-16,1.7));
#15435=CARTESIAN_POINT('Origin',(-9.425,1.6,2.45));
#15436=CARTESIAN_POINT('',(-9.6,3.2,1.7));
#15437=CARTESIAN_POINT('',(-9.04080661322645,2.64080661322645,4.09654308617234));
#15438=CARTESIAN_POINT('',(-9.6,-3.2,1.7));
#15439=CARTESIAN_POINT('',(-9.6,1.6,1.7));
#15440=CARTESIAN_POINT('',(-9.19792084168337,-2.79792084168337,3.42319639278557));
#15441=CARTESIAN_POINT('Origin',(7.65,3.8,-3.7));
#15442=CARTESIAN_POINT('',(7.55,3.6,-3.8));
#15443=CARTESIAN_POINT('',(7.75,3.6,-3.6));
#15444=CARTESIAN_POINT('',(8.3309270471013,3.6,-3.0190729528987));
#15445=CARTESIAN_POINT('',(7.55,3.8,-3.8));
#15446=CARTESIAN_POINT('',(7.55,3.8,-3.8));
#15447=CARTESIAN_POINT('',(7.75,3.8,-3.6));
#15448=CARTESIAN_POINT('',(8.3309270471013,3.8,-3.0190729528987));
#15449=CARTESIAN_POINT('',(7.75,3.8,-3.6));
#15450=CARTESIAN_POINT('Origin',(7.75,3.8,-3.8));
#15451=CARTESIAN_POINT('',(7.45,3.6,-3.8));
#15452=CARTESIAN_POINT('',(7.25,3.6,-3.8));
#15453=CARTESIAN_POINT('',(7.45,3.8,-3.8));
#15454=CARTESIAN_POINT('',(7.45,3.8,-3.8));
#15455=CARTESIAN_POINT('',(7.25,3.8,-3.8));
#15456=CARTESIAN_POINT('Origin',(7.5,3.8,-0.826291811594815));
#15457=CARTESIAN_POINT('',(7.25,3.8,-3.6));
#15458=CARTESIAN_POINT('',(6.6690729528987,3.8,-3.0190729528987));
#15459=CARTESIAN_POINT('',(7.25,3.8,-0.4));
#15460=CARTESIAN_POINT('',(7.25,3.8,-0.4));
#15461=CARTESIAN_POINT('',(7.15,3.8,-0.3));
#15462=CARTESIAN_POINT('Origin',(7.15,3.8,-0.4));
#15463=CARTESIAN_POINT('',(7.08636964869082,3.8,-0.3));
#15464=CARTESIAN_POINT('',(7.08636964869082,3.8,-0.3));
#15465=CARTESIAN_POINT('',(6.98743373515434,3.8,-0.214549399049483));
#15466=CARTESIAN_POINT('Origin',(7.08636964869082,3.8,-0.2));
#15467=CARTESIAN_POINT('',(6.75,3.8,1.4));
#15468=CARTESIAN_POINT('',(6.75,3.8,1.4));
#15469=CARTESIAN_POINT('',(6.75,3.8,1.5));
#15470=CARTESIAN_POINT('',(6.75,3.8,1.7));
#15471=CARTESIAN_POINT('',(8.25,3.8,1.5));
#15472=CARTESIAN_POINT('',(7.125,3.8,1.5));
#15473=CARTESIAN_POINT('',(8.25,3.8,1.4));
#15474=CARTESIAN_POINT('',(8.25,3.8,1.4));
#15475=CARTESIAN_POINT('',(8.01256626484567,3.8,-0.214549399049483));
#15476=CARTESIAN_POINT('',(8.01256626484567,3.8,-0.214549399049483));
#15477=CARTESIAN_POINT('',(7.91363035130918,3.8,-0.3));
#15478=CARTESIAN_POINT('Origin',(7.91363035130918,3.8,-0.2));
#15479=CARTESIAN_POINT('',(7.85,3.8,-0.3));
#15480=CARTESIAN_POINT('',(7.85,3.8,-0.3));
#15481=CARTESIAN_POINT('',(7.75,3.8,-0.4));
#15482=CARTESIAN_POINT('Origin',(7.85,3.8,-0.4));
#15483=CARTESIAN_POINT('',(7.75,3.8,-3.8));
#15484=CARTESIAN_POINT('Origin',(7.35,3.8,-3.7));
#15485=CARTESIAN_POINT('',(7.25,3.6,-3.6));
#15486=CARTESIAN_POINT('',(6.6690729528987,3.6,-3.0190729528987));
#15487=CARTESIAN_POINT('',(7.25,3.8,-3.6));
#15488=CARTESIAN_POINT('Origin',(7.125,3.5,1.4));
#15489=CARTESIAN_POINT('',(6.75,3.6,1.4));
#15490=CARTESIAN_POINT('',(6.75,3.5,1.5));
#15491=CARTESIAN_POINT('Origin',(6.75,3.5,1.4));
#15492=CARTESIAN_POINT('',(8.25,3.6,1.4));
#15493=CARTESIAN_POINT('',(7.125,3.6,1.4));
#15494=CARTESIAN_POINT('',(8.25,3.5,1.5));
#15495=CARTESIAN_POINT('Origin',(8.25,3.5,1.4));
#15496=CARTESIAN_POINT('',(7.125,3.5,1.5));
#15497=CARTESIAN_POINT('Origin',(6.75,3.2,1.5));
#15498=CARTESIAN_POINT('',(8.25,3.2,1.5));
#15499=CARTESIAN_POINT('',(8.25,3.2,1.5));
#15500=CARTESIAN_POINT('',(6.75,3.2,1.5));
#15501=CARTESIAN_POINT('',(4.8,3.2,1.5));
#15502=CARTESIAN_POINT('',(6.75,3.2,1.5));
#15503=CARTESIAN_POINT('Origin',(7.125,3.6,1.5));
#15504=CARTESIAN_POINT('',(6.75,3.6,1.7));
#15505=CARTESIAN_POINT('Origin',(6.75,3.6,1.5));
#15506=CARTESIAN_POINT('',(8.25,3.6,1.7));
#15507=CARTESIAN_POINT('',(7.125,3.6,1.7));
#15508=CARTESIAN_POINT('Origin',(8.25,3.6,1.5));
#15509=CARTESIAN_POINT('Origin',(6.75,3.8,1.4));
#15510=CARTESIAN_POINT('',(6.75,3.8,1.4));
#15511=CARTESIAN_POINT('',(6.75,3.2,1.7));
#15512=CARTESIAN_POINT('',(6.75,3.2,0.7));
#15513=CARTESIAN_POINT('',(6.75,3.8,1.7));
#15514=CARTESIAN_POINT('Origin',(6.75,3.8,1.7));
#15515=CARTESIAN_POINT('',(8.25,3.2,1.7));
#15516=CARTESIAN_POINT('',(4.8,3.2,1.7));
#15517=CARTESIAN_POINT('',(8.25,3.8,1.7));
#15518=CARTESIAN_POINT('Origin',(7.08636964869082,3.8,-0.2));
#15519=CARTESIAN_POINT('',(7.08636964869082,3.6,-0.3));
#15520=CARTESIAN_POINT('',(7.08636964869082,3.8,-0.3));
#15521=CARTESIAN_POINT('',(6.98743373515434,3.6,-0.214549399049483));
#15522=CARTESIAN_POINT('Origin',(7.08636964869082,3.6,-0.2));
#15523=CARTESIAN_POINT('',(6.98743373515434,3.8,-0.214549399049483));
#15524=CARTESIAN_POINT('Origin',(7.15,3.8,-0.3));
#15525=CARTESIAN_POINT('',(7.15,3.6,-0.3));
#15526=CARTESIAN_POINT('',(7.15,3.8,-0.3));
#15527=CARTESIAN_POINT('',(7.08636964869082,3.6,-0.3));
#15528=CARTESIAN_POINT('Origin',(7.15,3.8,-0.4));
#15529=CARTESIAN_POINT('',(7.25,3.6,-0.4));
#15530=CARTESIAN_POINT('',(7.25,3.8,-0.4));
#15531=CARTESIAN_POINT('Origin',(7.15,3.6,-0.4));
#15532=CARTESIAN_POINT('Origin',(7.25,3.8,-3.8));
#15533=CARTESIAN_POINT('',(7.25,3.6,-0.4));
#15534=CARTESIAN_POINT('Origin',(7.75,3.8,-0.4));
#15535=CARTESIAN_POINT('',(7.75,3.6,-0.4));
#15536=CARTESIAN_POINT('',(7.75,3.8,-0.4));
#15537=CARTESIAN_POINT('',(7.75,3.6,-3.8));
#15538=CARTESIAN_POINT('Origin',(7.85,3.8,-0.4));
#15539=CARTESIAN_POINT('',(7.85,3.6,-0.3));
#15540=CARTESIAN_POINT('',(7.85,3.8,-0.3));
#15541=CARTESIAN_POINT('Origin',(7.85,3.6,-0.4));
#15542=CARTESIAN_POINT('Origin',(7.91363035130918,3.8,-0.3));
#15543=CARTESIAN_POINT('',(7.91363035130918,3.6,-0.3));
#15544=CARTESIAN_POINT('',(7.91363035130918,3.8,-0.3));
#15545=CARTESIAN_POINT('',(7.85,3.6,-0.3));
#15546=CARTESIAN_POINT('Origin',(7.91363035130918,3.8,-0.2));
#15547=CARTESIAN_POINT('',(8.01256626484567,3.6,-0.214549399049483));
#15548=CARTESIAN_POINT('',(8.01256626484567,3.8,-0.214549399049483));
#15549=CARTESIAN_POINT('Origin',(7.91363035130918,3.6,-0.2));
#15550=CARTESIAN_POINT('Origin',(8.25,3.8,1.4));
#15551=CARTESIAN_POINT('',(8.25,3.8,1.4));
#15552=CARTESIAN_POINT('',(8.01256626484567,3.6,-0.214549399049483));
#15553=CARTESIAN_POINT('Origin',(8.25,3.8,1.7));
#15554=CARTESIAN_POINT('',(8.25,3.2,0.85));
#15555=CARTESIAN_POINT('Origin',(6.98743373515434,3.8,-0.214549399049483));
#15556=CARTESIAN_POINT('',(6.75,3.6,1.4));
#15557=CARTESIAN_POINT('Origin',(7.5,3.6,-0.826291811594815));
#15558=CARTESIAN_POINT('Origin',(5.15,3.8,-3.7));
#15559=CARTESIAN_POINT('',(5.05,3.6,-3.8));
#15560=CARTESIAN_POINT('',(5.25,3.6,-3.6));
#15561=CARTESIAN_POINT('',(5.8309270471013,3.6,-3.0190729528987));
#15562=CARTESIAN_POINT('',(5.05,3.8,-3.8));
#15563=CARTESIAN_POINT('',(5.05,3.8,-3.8));
#15564=CARTESIAN_POINT('',(5.25,3.8,-3.6));
#15565=CARTESIAN_POINT('',(5.8309270471013,3.8,-3.0190729528987));
#15566=CARTESIAN_POINT('',(5.25,3.8,-3.6));
#15567=CARTESIAN_POINT('Origin',(5.25,3.8,-3.8));
#15568=CARTESIAN_POINT('',(4.95,3.6,-3.8));
#15569=CARTESIAN_POINT('',(4.75,3.6,-3.8));
#15570=CARTESIAN_POINT('',(4.95,3.8,-3.8));
#15571=CARTESIAN_POINT('',(4.95,3.8,-3.8));
#15572=CARTESIAN_POINT('',(4.75,3.8,-3.8));
#15573=CARTESIAN_POINT('Origin',(5.,3.8,-0.826291811594815));
#15574=CARTESIAN_POINT('',(4.75,3.8,-3.6));
#15575=CARTESIAN_POINT('',(4.1690729528987,3.8,-3.0190729528987));
#15576=CARTESIAN_POINT('',(4.75,3.8,-0.4));
#15577=CARTESIAN_POINT('',(4.75,3.8,-0.4));
#15578=CARTESIAN_POINT('',(4.65,3.8,-0.3));
#15579=CARTESIAN_POINT('Origin',(4.65,3.8,-0.4));
#15580=CARTESIAN_POINT('',(4.58636964869082,3.8,-0.3));
#15581=CARTESIAN_POINT('',(4.58636964869082,3.8,-0.3));
#15582=CARTESIAN_POINT('',(4.48743373515434,3.8,-0.214549399049483));
#15583=CARTESIAN_POINT('Origin',(4.58636964869082,3.8,-0.2));
#15584=CARTESIAN_POINT('',(4.25,3.8,1.4));
#15585=CARTESIAN_POINT('',(4.25,3.8,1.4));
#15586=CARTESIAN_POINT('',(4.25,3.8,1.5));
#15587=CARTESIAN_POINT('',(4.25,3.8,1.7));
#15588=CARTESIAN_POINT('',(5.75,3.8,1.5));
#15589=CARTESIAN_POINT('',(4.625,3.8,1.5));
#15590=CARTESIAN_POINT('',(5.75,3.8,1.4));
#15591=CARTESIAN_POINT('',(5.75,3.8,1.4));
#15592=CARTESIAN_POINT('',(5.51256626484567,3.8,-0.214549399049483));
#15593=CARTESIAN_POINT('',(5.51256626484567,3.8,-0.214549399049483));
#15594=CARTESIAN_POINT('',(5.41363035130918,3.8,-0.3));
#15595=CARTESIAN_POINT('Origin',(5.41363035130918,3.8,-0.2));
#15596=CARTESIAN_POINT('',(5.35,3.8,-0.3));
#15597=CARTESIAN_POINT('',(5.35,3.8,-0.3));
#15598=CARTESIAN_POINT('',(5.25,3.8,-0.4));
#15599=CARTESIAN_POINT('Origin',(5.35,3.8,-0.4));
#15600=CARTESIAN_POINT('',(5.25,3.8,-3.8));
#15601=CARTESIAN_POINT('Origin',(4.85,3.8,-3.7));
#15602=CARTESIAN_POINT('',(4.75,3.6,-3.6));
#15603=CARTESIAN_POINT('',(4.1690729528987,3.6,-3.0190729528987));
#15604=CARTESIAN_POINT('',(4.75,3.8,-3.6));
#15605=CARTESIAN_POINT('Origin',(4.625,3.5,1.4));
#15606=CARTESIAN_POINT('',(4.25,3.6,1.4));
#15607=CARTESIAN_POINT('',(4.25,3.5,1.5));
#15608=CARTESIAN_POINT('Origin',(4.25,3.5,1.4));
#15609=CARTESIAN_POINT('',(5.75,3.6,1.4));
#15610=CARTESIAN_POINT('',(4.625,3.6,1.4));
#15611=CARTESIAN_POINT('',(5.75,3.5,1.5));
#15612=CARTESIAN_POINT('Origin',(5.75,3.5,1.4));
#15613=CARTESIAN_POINT('',(4.625,3.5,1.5));
#15614=CARTESIAN_POINT('Origin',(4.25,3.2,1.5));
#15615=CARTESIAN_POINT('',(5.75,3.2,1.5));
#15616=CARTESIAN_POINT('',(5.75,3.2,1.5));
#15617=CARTESIAN_POINT('',(4.25,3.2,1.5));
#15618=CARTESIAN_POINT('',(4.8,3.2,1.5));
#15619=CARTESIAN_POINT('',(4.25,3.2,1.5));
#15620=CARTESIAN_POINT('Origin',(4.625,3.6,1.5));
#15621=CARTESIAN_POINT('',(4.25,3.6,1.7));
#15622=CARTESIAN_POINT('Origin',(4.25,3.6,1.5));
#15623=CARTESIAN_POINT('',(5.75,3.6,1.7));
#15624=CARTESIAN_POINT('',(4.625,3.6,1.7));
#15625=CARTESIAN_POINT('Origin',(5.75,3.6,1.5));
#15626=CARTESIAN_POINT('Origin',(4.25,3.8,1.4));
#15627=CARTESIAN_POINT('',(4.25,3.8,1.4));
#15628=CARTESIAN_POINT('',(4.25,3.2,1.7));
#15629=CARTESIAN_POINT('',(4.25,3.2,0.7));
#15630=CARTESIAN_POINT('',(4.25,3.8,1.7));
#15631=CARTESIAN_POINT('Origin',(4.25,3.8,1.7));
#15632=CARTESIAN_POINT('',(5.75,3.2,1.7));
#15633=CARTESIAN_POINT('',(4.8,3.2,1.7));
#15634=CARTESIAN_POINT('',(5.75,3.8,1.7));
#15635=CARTESIAN_POINT('Origin',(4.58636964869082,3.8,-0.2));
#15636=CARTESIAN_POINT('',(4.58636964869082,3.6,-0.3));
#15637=CARTESIAN_POINT('',(4.58636964869082,3.8,-0.3));
#15638=CARTESIAN_POINT('',(4.48743373515434,3.6,-0.214549399049483));
#15639=CARTESIAN_POINT('Origin',(4.58636964869082,3.6,-0.2));
#15640=CARTESIAN_POINT('',(4.48743373515434,3.8,-0.214549399049483));
#15641=CARTESIAN_POINT('Origin',(4.65,3.8,-0.3));
#15642=CARTESIAN_POINT('',(4.65,3.6,-0.3));
#15643=CARTESIAN_POINT('',(4.65,3.8,-0.3));
#15644=CARTESIAN_POINT('',(4.58636964869082,3.6,-0.3));
#15645=CARTESIAN_POINT('Origin',(4.65,3.8,-0.4));
#15646=CARTESIAN_POINT('',(4.75,3.6,-0.4));
#15647=CARTESIAN_POINT('',(4.75,3.8,-0.4));
#15648=CARTESIAN_POINT('Origin',(4.65,3.6,-0.4));
#15649=CARTESIAN_POINT('Origin',(4.75,3.8,-3.8));
#15650=CARTESIAN_POINT('',(4.75,3.6,-0.4));
#15651=CARTESIAN_POINT('Origin',(5.25,3.8,-0.4));
#15652=CARTESIAN_POINT('',(5.25,3.6,-0.4));
#15653=CARTESIAN_POINT('',(5.25,3.8,-0.4));
#15654=CARTESIAN_POINT('',(5.25,3.6,-3.8));
#15655=CARTESIAN_POINT('Origin',(5.35,3.8,-0.4));
#15656=CARTESIAN_POINT('',(5.35,3.6,-0.3));
#15657=CARTESIAN_POINT('',(5.35,3.8,-0.3));
#15658=CARTESIAN_POINT('Origin',(5.35,3.6,-0.4));
#15659=CARTESIAN_POINT('Origin',(5.41363035130918,3.8,-0.3));
#15660=CARTESIAN_POINT('',(5.41363035130918,3.6,-0.3));
#15661=CARTESIAN_POINT('',(5.41363035130918,3.8,-0.3));
#15662=CARTESIAN_POINT('',(5.35,3.6,-0.3));
#15663=CARTESIAN_POINT('Origin',(5.41363035130918,3.8,-0.2));
#15664=CARTESIAN_POINT('',(5.51256626484567,3.6,-0.214549399049483));
#15665=CARTESIAN_POINT('',(5.51256626484567,3.8,-0.214549399049483));
#15666=CARTESIAN_POINT('Origin',(5.41363035130918,3.6,-0.2));
#15667=CARTESIAN_POINT('Origin',(5.75,3.8,1.4));
#15668=CARTESIAN_POINT('',(5.75,3.8,1.4));
#15669=CARTESIAN_POINT('',(5.51256626484567,3.6,-0.214549399049483));
#15670=CARTESIAN_POINT('Origin',(5.75,3.8,1.7));
#15671=CARTESIAN_POINT('',(5.75,3.2,0.85));
#15672=CARTESIAN_POINT('Origin',(4.48743373515434,3.8,-0.214549399049483));
#15673=CARTESIAN_POINT('',(4.25,3.6,1.4));
#15674=CARTESIAN_POINT('Origin',(5.,3.6,-0.826291811594815));
#15675=CARTESIAN_POINT('Origin',(2.65,3.8,-3.7));
#15676=CARTESIAN_POINT('',(2.55,3.6,-3.8));
#15677=CARTESIAN_POINT('',(2.75,3.6,-3.6));
#15678=CARTESIAN_POINT('',(3.3309270471013,3.6,-3.0190729528987));
#15679=CARTESIAN_POINT('',(2.55,3.8,-3.8));
#15680=CARTESIAN_POINT('',(2.55,3.8,-3.8));
#15681=CARTESIAN_POINT('',(2.75,3.8,-3.6));
#15682=CARTESIAN_POINT('',(3.3309270471013,3.8,-3.0190729528987));
#15683=CARTESIAN_POINT('',(2.75,3.8,-3.6));
#15684=CARTESIAN_POINT('Origin',(2.75,3.8,-3.8));
#15685=CARTESIAN_POINT('',(2.45,3.6,-3.8));
#15686=CARTESIAN_POINT('',(2.25,3.6,-3.8));
#15687=CARTESIAN_POINT('',(2.45,3.8,-3.8));
#15688=CARTESIAN_POINT('',(2.45,3.8,-3.8));
#15689=CARTESIAN_POINT('',(2.25,3.8,-3.8));
#15690=CARTESIAN_POINT('Origin',(2.5,3.8,-0.826291811594815));
#15691=CARTESIAN_POINT('',(2.25,3.8,-3.6));
#15692=CARTESIAN_POINT('',(1.6690729528987,3.8,-3.0190729528987));
#15693=CARTESIAN_POINT('',(2.25,3.8,-0.4));
#15694=CARTESIAN_POINT('',(2.25,3.8,-0.4));
#15695=CARTESIAN_POINT('',(2.15,3.8,-0.3));
#15696=CARTESIAN_POINT('Origin',(2.15,3.8,-0.4));
#15697=CARTESIAN_POINT('',(2.08636964869082,3.8,-0.3));
#15698=CARTESIAN_POINT('',(2.08636964869082,3.8,-0.3));
#15699=CARTESIAN_POINT('',(1.98743373515434,3.8,-0.214549399049483));
#15700=CARTESIAN_POINT('Origin',(2.08636964869082,3.8,-0.2));
#15701=CARTESIAN_POINT('',(1.75,3.8,1.4));
#15702=CARTESIAN_POINT('',(1.75,3.8,1.4));
#15703=CARTESIAN_POINT('',(1.75,3.8,1.5));
#15704=CARTESIAN_POINT('',(1.75,3.8,1.7));
#15705=CARTESIAN_POINT('',(3.25,3.8,1.5));
#15706=CARTESIAN_POINT('',(2.125,3.8,1.5));
#15707=CARTESIAN_POINT('',(3.25,3.8,1.4));
#15708=CARTESIAN_POINT('',(3.25,3.8,1.4));
#15709=CARTESIAN_POINT('',(3.01256626484567,3.8,-0.214549399049483));
#15710=CARTESIAN_POINT('',(3.01256626484567,3.8,-0.214549399049483));
#15711=CARTESIAN_POINT('',(2.91363035130918,3.8,-0.3));
#15712=CARTESIAN_POINT('Origin',(2.91363035130918,3.8,-0.2));
#15713=CARTESIAN_POINT('',(2.85,3.8,-0.3));
#15714=CARTESIAN_POINT('',(2.85,3.8,-0.3));
#15715=CARTESIAN_POINT('',(2.75,3.8,-0.4));
#15716=CARTESIAN_POINT('Origin',(2.85,3.8,-0.4));
#15717=CARTESIAN_POINT('',(2.75,3.8,-3.8));
#15718=CARTESIAN_POINT('Origin',(2.35,3.8,-3.7));
#15719=CARTESIAN_POINT('',(2.25,3.6,-3.6));
#15720=CARTESIAN_POINT('',(1.6690729528987,3.6,-3.0190729528987));
#15721=CARTESIAN_POINT('',(2.25,3.8,-3.6));
#15722=CARTESIAN_POINT('Origin',(2.125,3.5,1.4));
#15723=CARTESIAN_POINT('',(1.75,3.6,1.4));
#15724=CARTESIAN_POINT('',(1.75,3.5,1.5));
#15725=CARTESIAN_POINT('Origin',(1.75,3.5,1.4));
#15726=CARTESIAN_POINT('',(3.25,3.6,1.4));
#15727=CARTESIAN_POINT('',(2.125,3.6,1.4));
#15728=CARTESIAN_POINT('',(3.25,3.5,1.5));
#15729=CARTESIAN_POINT('Origin',(3.25,3.5,1.4));
#15730=CARTESIAN_POINT('',(2.125,3.5,1.5));
#15731=CARTESIAN_POINT('Origin',(1.75,3.2,1.5));
#15732=CARTESIAN_POINT('',(3.25,3.2,1.5));
#15733=CARTESIAN_POINT('',(3.25,3.2,1.5));
#15734=CARTESIAN_POINT('',(1.75,3.2,1.5));
#15735=CARTESIAN_POINT('',(4.8,3.2,1.5));
#15736=CARTESIAN_POINT('',(1.75,3.2,1.5));
#15737=CARTESIAN_POINT('Origin',(2.125,3.6,1.5));
#15738=CARTESIAN_POINT('',(1.75,3.6,1.7));
#15739=CARTESIAN_POINT('Origin',(1.75,3.6,1.5));
#15740=CARTESIAN_POINT('',(3.25,3.6,1.7));
#15741=CARTESIAN_POINT('',(2.125,3.6,1.7));
#15742=CARTESIAN_POINT('Origin',(3.25,3.6,1.5));
#15743=CARTESIAN_POINT('Origin',(1.75,3.8,1.4));
#15744=CARTESIAN_POINT('',(1.75,3.8,1.4));
#15745=CARTESIAN_POINT('',(1.75,3.2,1.7));
#15746=CARTESIAN_POINT('',(1.75,3.2,0.7));
#15747=CARTESIAN_POINT('',(1.75,3.8,1.7));
#15748=CARTESIAN_POINT('Origin',(1.75,3.8,1.7));
#15749=CARTESIAN_POINT('',(3.25,3.2,1.7));
#15750=CARTESIAN_POINT('',(4.8,3.2,1.7));
#15751=CARTESIAN_POINT('',(3.25,3.8,1.7));
#15752=CARTESIAN_POINT('Origin',(2.08636964869082,3.8,-0.2));
#15753=CARTESIAN_POINT('',(2.08636964869082,3.6,-0.3));
#15754=CARTESIAN_POINT('',(2.08636964869082,3.8,-0.3));
#15755=CARTESIAN_POINT('',(1.98743373515434,3.6,-0.214549399049483));
#15756=CARTESIAN_POINT('Origin',(2.08636964869082,3.6,-0.2));
#15757=CARTESIAN_POINT('',(1.98743373515434,3.8,-0.214549399049483));
#15758=CARTESIAN_POINT('Origin',(2.15,3.8,-0.3));
#15759=CARTESIAN_POINT('',(2.15,3.6,-0.3));
#15760=CARTESIAN_POINT('',(2.15,3.8,-0.3));
#15761=CARTESIAN_POINT('',(2.08636964869082,3.6,-0.3));
#15762=CARTESIAN_POINT('Origin',(2.15,3.8,-0.4));
#15763=CARTESIAN_POINT('',(2.25,3.6,-0.4));
#15764=CARTESIAN_POINT('',(2.25,3.8,-0.4));
#15765=CARTESIAN_POINT('Origin',(2.15,3.6,-0.4));
#15766=CARTESIAN_POINT('Origin',(2.25,3.8,-3.8));
#15767=CARTESIAN_POINT('',(2.25,3.6,-0.4));
#15768=CARTESIAN_POINT('Origin',(2.75,3.8,-0.4));
#15769=CARTESIAN_POINT('',(2.75,3.6,-0.4));
#15770=CARTESIAN_POINT('',(2.75,3.8,-0.4));
#15771=CARTESIAN_POINT('',(2.75,3.6,-3.8));
#15772=CARTESIAN_POINT('Origin',(2.85,3.8,-0.4));
#15773=CARTESIAN_POINT('',(2.85,3.6,-0.3));
#15774=CARTESIAN_POINT('',(2.85,3.8,-0.3));
#15775=CARTESIAN_POINT('Origin',(2.85,3.6,-0.4));
#15776=CARTESIAN_POINT('Origin',(2.91363035130918,3.8,-0.3));
#15777=CARTESIAN_POINT('',(2.91363035130918,3.6,-0.3));
#15778=CARTESIAN_POINT('',(2.91363035130918,3.8,-0.3));
#15779=CARTESIAN_POINT('',(2.85,3.6,-0.3));
#15780=CARTESIAN_POINT('Origin',(2.91363035130918,3.8,-0.2));
#15781=CARTESIAN_POINT('',(3.01256626484567,3.6,-0.214549399049483));
#15782=CARTESIAN_POINT('',(3.01256626484567,3.8,-0.214549399049483));
#15783=CARTESIAN_POINT('Origin',(2.91363035130918,3.6,-0.2));
#15784=CARTESIAN_POINT('Origin',(3.25,3.8,1.4));
#15785=CARTESIAN_POINT('',(3.25,3.8,1.4));
#15786=CARTESIAN_POINT('',(3.01256626484567,3.6,-0.214549399049483));
#15787=CARTESIAN_POINT('Origin',(3.25,3.8,1.7));
#15788=CARTESIAN_POINT('',(3.25,3.2,0.85));
#15789=CARTESIAN_POINT('Origin',(1.98743373515434,3.8,-0.214549399049483));
#15790=CARTESIAN_POINT('',(1.75,3.6,1.4));
#15791=CARTESIAN_POINT('Origin',(2.5,3.6,-0.826291811594815));
#15792=CARTESIAN_POINT('Origin',(0.150000000000001,3.8,-3.7));
#15793=CARTESIAN_POINT('',(0.0500000000000012,3.6,-3.8));
#15794=CARTESIAN_POINT('',(0.250000000000001,3.6,-3.6));
#15795=CARTESIAN_POINT('',(0.830927047101298,3.6,-3.0190729528987));
#15796=CARTESIAN_POINT('',(0.0500000000000012,3.8,-3.8));
#15797=CARTESIAN_POINT('',(0.0500000000000012,3.8,-3.8));
#15798=CARTESIAN_POINT('',(0.250000000000001,3.8,-3.6));
#15799=CARTESIAN_POINT('',(0.830927047101298,3.8,-3.0190729528987));
#15800=CARTESIAN_POINT('',(0.250000000000001,3.8,-3.6));
#15801=CARTESIAN_POINT('Origin',(0.250000000000001,3.8,-3.8));
#15802=CARTESIAN_POINT('',(-0.0499999999999989,3.6,-3.8));
#15803=CARTESIAN_POINT('',(-0.249999999999999,3.6,-3.8));
#15804=CARTESIAN_POINT('',(-0.0499999999999989,3.8,-3.8));
#15805=CARTESIAN_POINT('',(-0.0499999999999989,3.8,-3.8));
#15806=CARTESIAN_POINT('',(-0.249999999999999,3.8,-3.8));
#15807=CARTESIAN_POINT('Origin',(2.22044604925031E-15,3.8,-0.826291811594815));
#15808=CARTESIAN_POINT('',(-0.249999999999999,3.8,-3.6));
#15809=CARTESIAN_POINT('',(-0.830927047101295,3.8,-3.0190729528987));
#15810=CARTESIAN_POINT('',(-0.249999999999999,3.8,-0.4));
#15811=CARTESIAN_POINT('',(-0.249999999999999,3.8,-0.4));
#15812=CARTESIAN_POINT('',(-0.349999999999999,3.8,-0.3));
#15813=CARTESIAN_POINT('Origin',(-0.349999999999999,3.8,-0.4));
#15814=CARTESIAN_POINT('',(-0.413630351309178,3.8,-0.3));
#15815=CARTESIAN_POINT('',(-0.413630351309178,3.8,-0.3));
#15816=CARTESIAN_POINT('',(-0.512566264845663,3.8,-0.214549399049483));
#15817=CARTESIAN_POINT('Origin',(-0.413630351309178,3.8,-0.2));
#15818=CARTESIAN_POINT('',(-0.75,3.8,1.4));
#15819=CARTESIAN_POINT('',(-0.75,3.8,1.4));
#15820=CARTESIAN_POINT('',(-0.75,3.8,1.5));
#15821=CARTESIAN_POINT('',(-0.75,3.8,1.7));
#15822=CARTESIAN_POINT('',(0.750000000000002,3.8,1.5));
#15823=CARTESIAN_POINT('',(-0.374999999999999,3.8,1.5));
#15824=CARTESIAN_POINT('',(0.750000000000002,3.8,1.4));
#15825=CARTESIAN_POINT('',(0.750000000000002,3.8,1.4));
#15826=CARTESIAN_POINT('',(0.512566264845665,3.8,-0.214549399049483));
#15827=CARTESIAN_POINT('',(0.512566264845665,3.8,-0.214549399049483));
#15828=CARTESIAN_POINT('',(0.41363035130918,3.8,-0.3));
#15829=CARTESIAN_POINT('Origin',(0.41363035130918,3.8,-0.2));
#15830=CARTESIAN_POINT('',(0.350000000000001,3.8,-0.3));
#15831=CARTESIAN_POINT('',(0.350000000000001,3.8,-0.3));
#15832=CARTESIAN_POINT('',(0.250000000000001,3.8,-0.4));
#15833=CARTESIAN_POINT('Origin',(0.350000000000001,3.8,-0.4));
#15834=CARTESIAN_POINT('',(0.250000000000001,3.8,-3.8));
#15835=CARTESIAN_POINT('Origin',(-0.149999999999999,3.8,-3.7));
#15836=CARTESIAN_POINT('',(-0.249999999999999,3.6,-3.6));
#15837=CARTESIAN_POINT('',(-0.830927047101295,3.6,-3.0190729528987));
#15838=CARTESIAN_POINT('',(-0.249999999999999,3.8,-3.6));
#15839=CARTESIAN_POINT('Origin',(-0.374999999999999,3.5,1.4));
#15840=CARTESIAN_POINT('',(-0.75,3.6,1.4));
#15841=CARTESIAN_POINT('',(-0.749999999999998,3.5,1.5));
#15842=CARTESIAN_POINT('Origin',(-0.75,3.5,1.4));
#15843=CARTESIAN_POINT('',(0.750000000000002,3.6,1.4));
#15844=CARTESIAN_POINT('',(-0.374999999999999,3.6,1.4));
#15845=CARTESIAN_POINT('',(0.750000000000002,3.5,1.5));
#15846=CARTESIAN_POINT('Origin',(0.750000000000002,3.5,1.4));
#15847=CARTESIAN_POINT('',(-0.374999999999999,3.5,1.5));
#15848=CARTESIAN_POINT('Origin',(-0.749999999999998,3.2,1.5));
#15849=CARTESIAN_POINT('',(0.750000000000002,3.2,1.5));
#15850=CARTESIAN_POINT('',(0.750000000000002,3.2,1.5));
#15851=CARTESIAN_POINT('',(-0.749999999999998,3.2,1.5));
#15852=CARTESIAN_POINT('',(4.8,3.2,1.5));
#15853=CARTESIAN_POINT('',(-0.749999999999998,3.2,1.5));
#15854=CARTESIAN_POINT('Origin',(-0.374999999999999,3.6,1.5));
#15855=CARTESIAN_POINT('',(-0.75,3.6,1.7));
#15856=CARTESIAN_POINT('Origin',(-0.75,3.6,1.5));
#15857=CARTESIAN_POINT('',(0.750000000000002,3.6,1.7));
#15858=CARTESIAN_POINT('',(-0.374999999999999,3.6,1.7));
#15859=CARTESIAN_POINT('Origin',(0.750000000000002,3.6,1.5));
#15860=CARTESIAN_POINT('Origin',(-0.75,3.8,1.4));
#15861=CARTESIAN_POINT('',(-0.75,3.8,1.4));
#15862=CARTESIAN_POINT('',(-0.75,3.2,1.7));
#15863=CARTESIAN_POINT('',(-0.75,3.2,0.7));
#15864=CARTESIAN_POINT('',(-0.75,3.8,1.7));
#15865=CARTESIAN_POINT('Origin',(-0.75,3.8,1.7));
#15866=CARTESIAN_POINT('',(0.750000000000002,3.2,1.7));
#15867=CARTESIAN_POINT('',(4.8,3.2,1.7));
#15868=CARTESIAN_POINT('',(0.750000000000002,3.8,1.7));
#15869=CARTESIAN_POINT('Origin',(-0.413630351309178,3.8,-0.2));
#15870=CARTESIAN_POINT('',(-0.413630351309178,3.6,-0.3));
#15871=CARTESIAN_POINT('',(-0.413630351309178,3.8,-0.3));
#15872=CARTESIAN_POINT('',(-0.512566264845663,3.6,-0.214549399049483));
#15873=CARTESIAN_POINT('Origin',(-0.413630351309178,3.6,-0.2));
#15874=CARTESIAN_POINT('',(-0.512566264845663,3.8,-0.214549399049483));
#15875=CARTESIAN_POINT('Origin',(-0.349999999999999,3.8,-0.3));
#15876=CARTESIAN_POINT('',(-0.349999999999999,3.6,-0.3));
#15877=CARTESIAN_POINT('',(-0.349999999999999,3.8,-0.3));
#15878=CARTESIAN_POINT('',(-0.413630351309178,3.6,-0.3));
#15879=CARTESIAN_POINT('Origin',(-0.349999999999999,3.8,-0.4));
#15880=CARTESIAN_POINT('',(-0.249999999999999,3.6,-0.4));
#15881=CARTESIAN_POINT('',(-0.249999999999999,3.8,-0.4));
#15882=CARTESIAN_POINT('Origin',(-0.349999999999999,3.6,-0.4));
#15883=CARTESIAN_POINT('Origin',(-0.249999999999999,3.8,-3.8));
#15884=CARTESIAN_POINT('',(-0.249999999999999,3.6,-0.4));
#15885=CARTESIAN_POINT('Origin',(0.250000000000001,3.8,-0.4));
#15886=CARTESIAN_POINT('',(0.250000000000001,3.6,-0.4));
#15887=CARTESIAN_POINT('',(0.250000000000001,3.8,-0.4));
#15888=CARTESIAN_POINT('',(0.250000000000001,3.6,-3.8));
#15889=CARTESIAN_POINT('Origin',(0.350000000000001,3.8,-0.4));
#15890=CARTESIAN_POINT('',(0.350000000000001,3.6,-0.3));
#15891=CARTESIAN_POINT('',(0.350000000000001,3.8,-0.3));
#15892=CARTESIAN_POINT('Origin',(0.350000000000001,3.6,-0.4));
#15893=CARTESIAN_POINT('Origin',(0.41363035130918,3.8,-0.3));
#15894=CARTESIAN_POINT('',(0.41363035130918,3.6,-0.3));
#15895=CARTESIAN_POINT('',(0.41363035130918,3.8,-0.3));
#15896=CARTESIAN_POINT('',(0.350000000000001,3.6,-0.3));
#15897=CARTESIAN_POINT('Origin',(0.41363035130918,3.8,-0.2));
#15898=CARTESIAN_POINT('',(0.512566264845665,3.6,-0.214549399049483));
#15899=CARTESIAN_POINT('',(0.512566264845665,3.8,-0.214549399049483));
#15900=CARTESIAN_POINT('Origin',(0.41363035130918,3.6,-0.2));
#15901=CARTESIAN_POINT('Origin',(0.750000000000002,3.8,1.4));
#15902=CARTESIAN_POINT('',(0.750000000000002,3.8,1.4));
#15903=CARTESIAN_POINT('',(0.512566264845665,3.6,-0.214549399049483));
#15904=CARTESIAN_POINT('Origin',(0.750000000000002,3.8,1.7));
#15905=CARTESIAN_POINT('',(0.750000000000001,3.2,0.85));
#15906=CARTESIAN_POINT('Origin',(-0.512566264845663,3.8,-0.214549399049483));
#15907=CARTESIAN_POINT('',(-0.75,3.6,1.4));
#15908=CARTESIAN_POINT('Origin',(2.22044604925031E-15,3.6,-0.826291811594815));
#15909=CARTESIAN_POINT('Origin',(-2.35,3.8,-3.7));
#15910=CARTESIAN_POINT('',(-2.45,3.6,-3.8));
#15911=CARTESIAN_POINT('',(-2.25,3.6,-3.6));
#15912=CARTESIAN_POINT('',(-1.6690729528987,3.6,-3.0190729528987));
#15913=CARTESIAN_POINT('',(-2.45,3.8,-3.8));
#15914=CARTESIAN_POINT('',(-2.45,3.8,-3.8));
#15915=CARTESIAN_POINT('',(-2.25,3.8,-3.6));
#15916=CARTESIAN_POINT('',(-1.6690729528987,3.8,-3.0190729528987));
#15917=CARTESIAN_POINT('',(-2.25,3.8,-3.6));
#15918=CARTESIAN_POINT('Origin',(-2.25,3.8,-3.8));
#15919=CARTESIAN_POINT('',(-2.55,3.6,-3.8));
#15920=CARTESIAN_POINT('',(-2.75,3.6,-3.8));
#15921=CARTESIAN_POINT('',(-2.55,3.8,-3.8));
#15922=CARTESIAN_POINT('',(-2.55,3.8,-3.8));
#15923=CARTESIAN_POINT('',(-2.75,3.8,-3.8));
#15924=CARTESIAN_POINT('Origin',(-2.5,3.8,-0.826291811594815));
#15925=CARTESIAN_POINT('',(-2.75,3.8,-3.6));
#15926=CARTESIAN_POINT('',(-3.3309270471013,3.8,-3.0190729528987));
#15927=CARTESIAN_POINT('',(-2.75,3.8,-0.4));
#15928=CARTESIAN_POINT('',(-2.75,3.8,-0.4));
#15929=CARTESIAN_POINT('',(-2.85,3.8,-0.3));
#15930=CARTESIAN_POINT('Origin',(-2.85,3.8,-0.4));
#15931=CARTESIAN_POINT('',(-2.91363035130918,3.8,-0.3));
#15932=CARTESIAN_POINT('',(-2.91363035130918,3.8,-0.3));
#15933=CARTESIAN_POINT('',(-3.01256626484566,3.8,-0.214549399049483));
#15934=CARTESIAN_POINT('Origin',(-2.91363035130918,3.8,-0.2));
#15935=CARTESIAN_POINT('',(-3.25,3.8,1.4));
#15936=CARTESIAN_POINT('',(-3.25,3.8,1.4));
#15937=CARTESIAN_POINT('',(-3.25,3.8,1.5));
#15938=CARTESIAN_POINT('',(-3.25,3.8,1.7));
#15939=CARTESIAN_POINT('',(-1.75,3.8,1.5));
#15940=CARTESIAN_POINT('',(-2.875,3.8,1.5));
#15941=CARTESIAN_POINT('',(-1.75,3.8,1.4));
#15942=CARTESIAN_POINT('',(-1.75,3.8,1.4));
#15943=CARTESIAN_POINT('',(-1.98743373515433,3.8,-0.214549399049483));
#15944=CARTESIAN_POINT('',(-1.98743373515433,3.8,-0.214549399049483));
#15945=CARTESIAN_POINT('',(-2.08636964869082,3.8,-0.3));
#15946=CARTESIAN_POINT('Origin',(-2.08636964869082,3.8,-0.2));
#15947=CARTESIAN_POINT('',(-2.15,3.8,-0.3));
#15948=CARTESIAN_POINT('',(-2.15,3.8,-0.3));
#15949=CARTESIAN_POINT('',(-2.25,3.8,-0.4));
#15950=CARTESIAN_POINT('Origin',(-2.15,3.8,-0.4));
#15951=CARTESIAN_POINT('',(-2.25,3.8,-3.8));
#15952=CARTESIAN_POINT('Origin',(-2.65,3.8,-3.7));
#15953=CARTESIAN_POINT('',(-2.75,3.6,-3.6));
#15954=CARTESIAN_POINT('',(-3.3309270471013,3.6,-3.0190729528987));
#15955=CARTESIAN_POINT('',(-2.75,3.8,-3.6));
#15956=CARTESIAN_POINT('Origin',(-2.875,3.5,1.4));
#15957=CARTESIAN_POINT('',(-3.25,3.6,1.4));
#15958=CARTESIAN_POINT('',(-3.25,3.5,1.5));
#15959=CARTESIAN_POINT('Origin',(-3.25,3.5,1.4));
#15960=CARTESIAN_POINT('',(-1.75,3.6,1.4));
#15961=CARTESIAN_POINT('',(-2.875,3.6,1.4));
#15962=CARTESIAN_POINT('',(-1.75,3.5,1.5));
#15963=CARTESIAN_POINT('Origin',(-1.75,3.5,1.4));
#15964=CARTESIAN_POINT('',(-2.875,3.5,1.5));
#15965=CARTESIAN_POINT('Origin',(-3.25,3.2,1.5));
#15966=CARTESIAN_POINT('',(-1.75,3.2,1.5));
#15967=CARTESIAN_POINT('',(-1.75,3.2,1.5));
#15968=CARTESIAN_POINT('',(-3.25,3.2,1.5));
#15969=CARTESIAN_POINT('',(4.8,3.2,1.5));
#15970=CARTESIAN_POINT('',(-3.25,3.2,1.5));
#15971=CARTESIAN_POINT('Origin',(-2.875,3.6,1.5));
#15972=CARTESIAN_POINT('',(-3.25,3.6,1.7));
#15973=CARTESIAN_POINT('Origin',(-3.25,3.6,1.5));
#15974=CARTESIAN_POINT('',(-1.75,3.6,1.7));
#15975=CARTESIAN_POINT('',(-2.875,3.6,1.7));
#15976=CARTESIAN_POINT('Origin',(-1.75,3.6,1.5));
#15977=CARTESIAN_POINT('Origin',(-3.25,3.8,1.4));
#15978=CARTESIAN_POINT('',(-3.25,3.8,1.4));
#15979=CARTESIAN_POINT('',(-3.25,3.2,1.7));
#15980=CARTESIAN_POINT('',(-3.25,3.2,0.7));
#15981=CARTESIAN_POINT('',(-3.25,3.8,1.7));
#15982=CARTESIAN_POINT('Origin',(-3.25,3.8,1.7));
#15983=CARTESIAN_POINT('',(-1.75,3.2,1.7));
#15984=CARTESIAN_POINT('',(4.8,3.2,1.7));
#15985=CARTESIAN_POINT('',(-1.75,3.8,1.7));
#15986=CARTESIAN_POINT('Origin',(-2.91363035130918,3.8,-0.2));
#15987=CARTESIAN_POINT('',(-2.91363035130918,3.6,-0.3));
#15988=CARTESIAN_POINT('',(-2.91363035130918,3.8,-0.3));
#15989=CARTESIAN_POINT('',(-3.01256626484566,3.6,-0.214549399049483));
#15990=CARTESIAN_POINT('Origin',(-2.91363035130918,3.6,-0.2));
#15991=CARTESIAN_POINT('',(-3.01256626484566,3.8,-0.214549399049483));
#15992=CARTESIAN_POINT('Origin',(-2.85,3.8,-0.3));
#15993=CARTESIAN_POINT('',(-2.85,3.6,-0.3));
#15994=CARTESIAN_POINT('',(-2.85,3.8,-0.3));
#15995=CARTESIAN_POINT('',(-2.91363035130918,3.6,-0.3));
#15996=CARTESIAN_POINT('Origin',(-2.85,3.8,-0.4));
#15997=CARTESIAN_POINT('',(-2.75,3.6,-0.4));
#15998=CARTESIAN_POINT('',(-2.75,3.8,-0.4));
#15999=CARTESIAN_POINT('Origin',(-2.85,3.6,-0.4));
#16000=CARTESIAN_POINT('Origin',(-2.75,3.8,-3.8));
#16001=CARTESIAN_POINT('',(-2.75,3.6,-0.4));
#16002=CARTESIAN_POINT('Origin',(-2.25,3.8,-0.4));
#16003=CARTESIAN_POINT('',(-2.25,3.6,-0.4));
#16004=CARTESIAN_POINT('',(-2.25,3.8,-0.4));
#16005=CARTESIAN_POINT('',(-2.25,3.6,-3.8));
#16006=CARTESIAN_POINT('Origin',(-2.15,3.8,-0.4));
#16007=CARTESIAN_POINT('',(-2.15,3.6,-0.3));
#16008=CARTESIAN_POINT('',(-2.15,3.8,-0.3));
#16009=CARTESIAN_POINT('Origin',(-2.15,3.6,-0.4));
#16010=CARTESIAN_POINT('Origin',(-2.08636964869082,3.8,-0.3));
#16011=CARTESIAN_POINT('',(-2.08636964869082,3.6,-0.3));
#16012=CARTESIAN_POINT('',(-2.08636964869082,3.8,-0.3));
#16013=CARTESIAN_POINT('',(-2.15,3.6,-0.3));
#16014=CARTESIAN_POINT('Origin',(-2.08636964869082,3.8,-0.2));
#16015=CARTESIAN_POINT('',(-1.98743373515433,3.6,-0.214549399049483));
#16016=CARTESIAN_POINT('',(-1.98743373515433,3.8,-0.214549399049483));
#16017=CARTESIAN_POINT('Origin',(-2.08636964869082,3.6,-0.2));
#16018=CARTESIAN_POINT('Origin',(-1.75,3.8,1.4));
#16019=CARTESIAN_POINT('',(-1.75,3.8,1.4));
#16020=CARTESIAN_POINT('',(-1.98743373515433,3.6,-0.214549399049483));
#16021=CARTESIAN_POINT('Origin',(-1.75,3.8,1.7));
#16022=CARTESIAN_POINT('',(-1.75,3.2,0.85));
#16023=CARTESIAN_POINT('Origin',(-3.01256626484566,3.8,-0.214549399049483));
#16024=CARTESIAN_POINT('',(-3.25,3.6,1.4));
#16025=CARTESIAN_POINT('Origin',(-2.5,3.6,-0.826291811594815));
#16026=CARTESIAN_POINT('Origin',(-4.85,3.8,-3.7));
#16027=CARTESIAN_POINT('',(-4.95,3.6,-3.8));
#16028=CARTESIAN_POINT('',(-4.75,3.6,-3.6));
#16029=CARTESIAN_POINT('',(-4.1690729528987,3.6,-3.0190729528987));
#16030=CARTESIAN_POINT('',(-4.95,3.8,-3.8));
#16031=CARTESIAN_POINT('',(-4.95,3.8,-3.8));
#16032=CARTESIAN_POINT('',(-4.75,3.8,-3.6));
#16033=CARTESIAN_POINT('',(-4.1690729528987,3.8,-3.0190729528987));
#16034=CARTESIAN_POINT('',(-4.75,3.8,-3.6));
#16035=CARTESIAN_POINT('Origin',(-4.75,3.8,-3.8));
#16036=CARTESIAN_POINT('',(-5.05,3.6,-3.8));
#16037=CARTESIAN_POINT('',(-5.25,3.6,-3.8));
#16038=CARTESIAN_POINT('',(-5.05,3.8,-3.8));
#16039=CARTESIAN_POINT('',(-5.05,3.8,-3.8));
#16040=CARTESIAN_POINT('',(-5.25,3.8,-3.8));
#16041=CARTESIAN_POINT('Origin',(-5.,3.8,-0.826291811594815));
#16042=CARTESIAN_POINT('',(-5.25,3.8,-3.6));
#16043=CARTESIAN_POINT('',(-5.8309270471013,3.8,-3.0190729528987));
#16044=CARTESIAN_POINT('',(-5.25,3.8,-0.4));
#16045=CARTESIAN_POINT('',(-5.25,3.8,-0.4));
#16046=CARTESIAN_POINT('',(-5.35,3.8,-0.3));
#16047=CARTESIAN_POINT('Origin',(-5.35,3.8,-0.4));
#16048=CARTESIAN_POINT('',(-5.41363035130918,3.8,-0.3));
#16049=CARTESIAN_POINT('',(-5.41363035130918,3.8,-0.3));
#16050=CARTESIAN_POINT('',(-5.51256626484566,3.8,-0.214549399049483));
#16051=CARTESIAN_POINT('Origin',(-5.41363035130918,3.8,-0.2));
#16052=CARTESIAN_POINT('',(-5.75,3.8,1.4));
#16053=CARTESIAN_POINT('',(-5.75,3.8,1.4));
#16054=CARTESIAN_POINT('',(-5.75,3.8,1.5));
#16055=CARTESIAN_POINT('',(-5.75,3.8,1.7));
#16056=CARTESIAN_POINT('',(-4.25,3.8,1.5));
#16057=CARTESIAN_POINT('',(-5.375,3.8,1.5));
#16058=CARTESIAN_POINT('',(-4.25,3.8,1.4));
#16059=CARTESIAN_POINT('',(-4.25,3.8,1.4));
#16060=CARTESIAN_POINT('',(-4.48743373515434,3.8,-0.214549399049483));
#16061=CARTESIAN_POINT('',(-4.48743373515434,3.8,-0.214549399049483));
#16062=CARTESIAN_POINT('',(-4.58636964869082,3.8,-0.3));
#16063=CARTESIAN_POINT('Origin',(-4.58636964869082,3.8,-0.2));
#16064=CARTESIAN_POINT('',(-4.65,3.8,-0.3));
#16065=CARTESIAN_POINT('',(-4.65,3.8,-0.3));
#16066=CARTESIAN_POINT('',(-4.75,3.8,-0.4));
#16067=CARTESIAN_POINT('Origin',(-4.65,3.8,-0.4));
#16068=CARTESIAN_POINT('',(-4.75,3.8,-3.8));
#16069=CARTESIAN_POINT('Origin',(-5.15,3.8,-3.7));
#16070=CARTESIAN_POINT('',(-5.25,3.6,-3.6));
#16071=CARTESIAN_POINT('',(-5.8309270471013,3.6,-3.0190729528987));
#16072=CARTESIAN_POINT('',(-5.25,3.8,-3.6));
#16073=CARTESIAN_POINT('Origin',(-5.375,3.5,1.4));
#16074=CARTESIAN_POINT('',(-5.75,3.6,1.4));
#16075=CARTESIAN_POINT('',(-5.75,3.5,1.5));
#16076=CARTESIAN_POINT('Origin',(-5.75,3.5,1.4));
#16077=CARTESIAN_POINT('',(-4.25,3.6,1.4));
#16078=CARTESIAN_POINT('',(-5.375,3.6,1.4));
#16079=CARTESIAN_POINT('',(-4.25,3.5,1.5));
#16080=CARTESIAN_POINT('Origin',(-4.25,3.5,1.4));
#16081=CARTESIAN_POINT('',(-5.375,3.5,1.5));
#16082=CARTESIAN_POINT('Origin',(-5.75,3.2,1.5));
#16083=CARTESIAN_POINT('',(-4.25,3.2,1.5));
#16084=CARTESIAN_POINT('',(-4.25,3.2,1.5));
#16085=CARTESIAN_POINT('',(-5.75,3.2,1.5));
#16086=CARTESIAN_POINT('',(4.8,3.2,1.5));
#16087=CARTESIAN_POINT('',(-5.75,3.2,1.5));
#16088=CARTESIAN_POINT('Origin',(-5.375,3.6,1.5));
#16089=CARTESIAN_POINT('',(-5.75,3.6,1.7));
#16090=CARTESIAN_POINT('Origin',(-5.75,3.6,1.5));
#16091=CARTESIAN_POINT('',(-4.25,3.6,1.7));
#16092=CARTESIAN_POINT('',(-5.375,3.6,1.7));
#16093=CARTESIAN_POINT('Origin',(-4.25,3.6,1.5));
#16094=CARTESIAN_POINT('Origin',(-5.75,3.8,1.4));
#16095=CARTESIAN_POINT('',(-5.75,3.8,1.4));
#16096=CARTESIAN_POINT('',(-5.75,3.2,1.7));
#16097=CARTESIAN_POINT('',(-5.75,3.2,0.7));
#16098=CARTESIAN_POINT('',(-5.75,3.8,1.7));
#16099=CARTESIAN_POINT('Origin',(-5.75,3.8,1.7));
#16100=CARTESIAN_POINT('',(-4.25,3.2,1.7));
#16101=CARTESIAN_POINT('',(4.8,3.2,1.7));
#16102=CARTESIAN_POINT('',(-4.25,3.8,1.7));
#16103=CARTESIAN_POINT('Origin',(-5.41363035130918,3.8,-0.2));
#16104=CARTESIAN_POINT('',(-5.41363035130918,3.6,-0.3));
#16105=CARTESIAN_POINT('',(-5.41363035130918,3.8,-0.3));
#16106=CARTESIAN_POINT('',(-5.51256626484566,3.6,-0.214549399049483));
#16107=CARTESIAN_POINT('Origin',(-5.41363035130918,3.6,-0.2));
#16108=CARTESIAN_POINT('',(-5.51256626484566,3.8,-0.214549399049483));
#16109=CARTESIAN_POINT('Origin',(-5.35,3.8,-0.3));
#16110=CARTESIAN_POINT('',(-5.35,3.6,-0.3));
#16111=CARTESIAN_POINT('',(-5.35,3.8,-0.3));
#16112=CARTESIAN_POINT('',(-5.41363035130918,3.6,-0.3));
#16113=CARTESIAN_POINT('Origin',(-5.35,3.8,-0.4));
#16114=CARTESIAN_POINT('',(-5.25,3.6,-0.4));
#16115=CARTESIAN_POINT('',(-5.25,3.8,-0.4));
#16116=CARTESIAN_POINT('Origin',(-5.35,3.6,-0.4));
#16117=CARTESIAN_POINT('Origin',(-5.25,3.8,-3.8));
#16118=CARTESIAN_POINT('',(-5.25,3.6,-0.4));
#16119=CARTESIAN_POINT('Origin',(-4.75,3.8,-0.4));
#16120=CARTESIAN_POINT('',(-4.75,3.6,-0.4));
#16121=CARTESIAN_POINT('',(-4.75,3.8,-0.4));
#16122=CARTESIAN_POINT('',(-4.75,3.6,-3.8));
#16123=CARTESIAN_POINT('Origin',(-4.65,3.8,-0.4));
#16124=CARTESIAN_POINT('',(-4.65,3.6,-0.3));
#16125=CARTESIAN_POINT('',(-4.65,3.8,-0.3));
#16126=CARTESIAN_POINT('Origin',(-4.65,3.6,-0.4));
#16127=CARTESIAN_POINT('Origin',(-4.58636964869082,3.8,-0.3));
#16128=CARTESIAN_POINT('',(-4.58636964869082,3.6,-0.3));
#16129=CARTESIAN_POINT('',(-4.58636964869082,3.8,-0.3));
#16130=CARTESIAN_POINT('',(-4.65,3.6,-0.3));
#16131=CARTESIAN_POINT('Origin',(-4.58636964869082,3.8,-0.2));
#16132=CARTESIAN_POINT('',(-4.48743373515434,3.6,-0.214549399049483));
#16133=CARTESIAN_POINT('',(-4.48743373515434,3.8,-0.214549399049483));
#16134=CARTESIAN_POINT('Origin',(-4.58636964869082,3.6,-0.2));
#16135=CARTESIAN_POINT('Origin',(-4.25,3.8,1.4));
#16136=CARTESIAN_POINT('',(-4.25,3.8,1.4));
#16137=CARTESIAN_POINT('',(-4.48743373515434,3.6,-0.214549399049483));
#16138=CARTESIAN_POINT('Origin',(-4.25,3.8,1.7));
#16139=CARTESIAN_POINT('',(-4.25,3.2,0.85));
#16140=CARTESIAN_POINT('Origin',(-5.51256626484566,3.8,-0.214549399049483));
#16141=CARTESIAN_POINT('',(-5.75,3.6,1.4));
#16142=CARTESIAN_POINT('Origin',(-5.,3.6,-0.826291811594815));
#16143=CARTESIAN_POINT('Origin',(9.6,3.2,0.));
#16144=CARTESIAN_POINT('',(-6.75,3.2,1.5));
#16145=CARTESIAN_POINT('',(4.8,3.2,1.5));
#16146=CARTESIAN_POINT('',(-6.75,3.2,1.7));
#16147=CARTESIAN_POINT('',(-6.75,3.2,0.85));
#16148=CARTESIAN_POINT('',(4.8,3.2,1.7));
#16149=CARTESIAN_POINT('Origin',(9.6,3.2,0.));
#16150=CARTESIAN_POINT('',(4.8,3.2,1.5));
#16151=CARTESIAN_POINT('',(4.8,3.2,1.7));
#16152=CARTESIAN_POINT('Origin',(9.6,3.2,0.));
#16153=CARTESIAN_POINT('',(4.8,3.2,1.5));
#16154=CARTESIAN_POINT('',(4.8,3.2,1.7));
#16155=CARTESIAN_POINT('Origin',(9.6,3.2,0.));
#16156=CARTESIAN_POINT('',(4.8,3.2,1.5));
#16157=CARTESIAN_POINT('',(4.8,3.2,1.7));
#16158=CARTESIAN_POINT('Origin',(9.6,3.2,0.));
#16159=CARTESIAN_POINT('',(4.8,3.2,1.5));
#16160=CARTESIAN_POINT('',(4.8,3.2,1.7));
#16161=CARTESIAN_POINT('Origin',(9.6,3.2,0.));
#16162=CARTESIAN_POINT('',(9.6,3.2,1.7));
#16163=CARTESIAN_POINT('',(4.8,3.2,1.7));
#16164=CARTESIAN_POINT('',(9.6,3.2,1.5));
#16165=CARTESIAN_POINT('',(9.6,3.2,0.));
#16166=CARTESIAN_POINT('',(4.8,3.2,1.5));
#16167=CARTESIAN_POINT('Origin',(9.6,3.2,0.));
#16168=CARTESIAN_POINT('',(4.8,3.2,1.5));
#16169=CARTESIAN_POINT('',(4.8,3.2,1.7));
#16170=CARTESIAN_POINT('Origin',(-7.35,3.8,-3.7));
#16171=CARTESIAN_POINT('',(-7.45,3.6,-3.8));
#16172=CARTESIAN_POINT('',(-7.25,3.6,-3.6));
#16173=CARTESIAN_POINT('',(-6.6690729528987,3.6,-3.0190729528987));
#16174=CARTESIAN_POINT('',(-7.45,3.8,-3.8));
#16175=CARTESIAN_POINT('',(-7.45,3.8,-3.8));
#16176=CARTESIAN_POINT('',(-7.25,3.8,-3.6));
#16177=CARTESIAN_POINT('',(-6.6690729528987,3.8,-3.0190729528987));
#16178=CARTESIAN_POINT('',(-7.25,3.8,-3.6));
#16179=CARTESIAN_POINT('Origin',(-7.25,3.8,-3.8));
#16180=CARTESIAN_POINT('',(-7.55,3.6,-3.8));
#16181=CARTESIAN_POINT('',(-7.75,3.6,-3.8));
#16182=CARTESIAN_POINT('',(-7.55,3.8,-3.8));
#16183=CARTESIAN_POINT('',(-7.55,3.8,-3.8));
#16184=CARTESIAN_POINT('',(-7.75,3.8,-3.8));
#16185=CARTESIAN_POINT('Origin',(-7.5,3.8,-0.826291811594815));
#16186=CARTESIAN_POINT('',(-7.75,3.8,-3.6));
#16187=CARTESIAN_POINT('',(-8.33092704710129,3.8,-3.0190729528987));
#16188=CARTESIAN_POINT('',(-7.75,3.8,-0.4));
#16189=CARTESIAN_POINT('',(-7.75,3.8,-0.4));
#16190=CARTESIAN_POINT('',(-7.85,3.8,-0.3));
#16191=CARTESIAN_POINT('Origin',(-7.85,3.8,-0.4));
#16192=CARTESIAN_POINT('',(-7.91363035130918,3.8,-0.3));
#16193=CARTESIAN_POINT('',(-7.91363035130918,3.8,-0.3));
#16194=CARTESIAN_POINT('',(-8.01256626484566,3.8,-0.214549399049483));
#16195=CARTESIAN_POINT('Origin',(-7.91363035130918,3.8,-0.2));
#16196=CARTESIAN_POINT('',(-8.25,3.8,1.4));
#16197=CARTESIAN_POINT('',(-8.25,3.8,1.4));
#16198=CARTESIAN_POINT('',(-8.25,3.8,1.5));
#16199=CARTESIAN_POINT('',(-8.25,3.8,1.7));
#16200=CARTESIAN_POINT('',(-6.75,3.8,1.5));
#16201=CARTESIAN_POINT('',(-7.875,3.8,1.5));
#16202=CARTESIAN_POINT('',(-6.75,3.8,1.4));
#16203=CARTESIAN_POINT('',(-6.75,3.8,1.4));
#16204=CARTESIAN_POINT('',(-6.98743373515434,3.8,-0.214549399049483));
#16205=CARTESIAN_POINT('',(-6.98743373515434,3.8,-0.214549399049483));
#16206=CARTESIAN_POINT('',(-7.08636964869082,3.8,-0.3));
#16207=CARTESIAN_POINT('Origin',(-7.08636964869082,3.8,-0.2));
#16208=CARTESIAN_POINT('',(-7.15,3.8,-0.3));
#16209=CARTESIAN_POINT('',(-7.15,3.8,-0.3));
#16210=CARTESIAN_POINT('',(-7.25,3.8,-0.4));
#16211=CARTESIAN_POINT('Origin',(-7.15,3.8,-0.4));
#16212=CARTESIAN_POINT('',(-7.25,3.8,-3.8));
#16213=CARTESIAN_POINT('Origin',(-7.65,3.8,-3.7));
#16214=CARTESIAN_POINT('',(-7.75,3.6,-3.6));
#16215=CARTESIAN_POINT('',(-8.33092704710129,3.6,-3.0190729528987));
#16216=CARTESIAN_POINT('',(-7.75,3.8,-3.6));
#16217=CARTESIAN_POINT('Origin',(-7.875,3.5,1.4));
#16218=CARTESIAN_POINT('',(-8.25,3.6,1.4));
#16219=CARTESIAN_POINT('',(-8.25,3.5,1.5));
#16220=CARTESIAN_POINT('Origin',(-8.25,3.5,1.4));
#16221=CARTESIAN_POINT('',(-6.75,3.6,1.4));
#16222=CARTESIAN_POINT('',(-7.875,3.6,1.4));
#16223=CARTESIAN_POINT('',(-6.75,3.5,1.5));
#16224=CARTESIAN_POINT('Origin',(-6.75,3.5,1.4));
#16225=CARTESIAN_POINT('',(-7.875,3.5,1.5));
#16226=CARTESIAN_POINT('Origin',(-8.25,3.2,1.5));
#16227=CARTESIAN_POINT('',(-6.75,3.2,1.5));
#16228=CARTESIAN_POINT('',(-8.25,3.2,1.5));
#16229=CARTESIAN_POINT('',(4.8,3.2,1.5));
#16230=CARTESIAN_POINT('',(-8.25,3.2,1.5));
#16231=CARTESIAN_POINT('Origin',(-7.875,3.6,1.5));
#16232=CARTESIAN_POINT('',(-8.25,3.6,1.7));
#16233=CARTESIAN_POINT('Origin',(-8.25,3.6,1.5));
#16234=CARTESIAN_POINT('',(-6.75,3.6,1.7));
#16235=CARTESIAN_POINT('',(-7.875,3.6,1.7));
#16236=CARTESIAN_POINT('Origin',(-6.75,3.6,1.5));
#16237=CARTESIAN_POINT('Origin',(-8.25,3.8,1.4));
#16238=CARTESIAN_POINT('',(-8.25,3.8,1.4));
#16239=CARTESIAN_POINT('',(-8.25,3.2,1.7));
#16240=CARTESIAN_POINT('',(-8.25,3.2,0.7));
#16241=CARTESIAN_POINT('',(-8.25,3.8,1.7));
#16242=CARTESIAN_POINT('Origin',(-8.25,3.8,1.7));
#16243=CARTESIAN_POINT('',(4.8,3.2,1.7));
#16244=CARTESIAN_POINT('',(-6.75,3.8,1.7));
#16245=CARTESIAN_POINT('Origin',(-7.91363035130918,3.8,-0.2));
#16246=CARTESIAN_POINT('',(-7.91363035130918,3.6,-0.3));
#16247=CARTESIAN_POINT('',(-7.91363035130918,3.8,-0.3));
#16248=CARTESIAN_POINT('',(-8.01256626484566,3.6,-0.214549399049483));
#16249=CARTESIAN_POINT('Origin',(-7.91363035130918,3.6,-0.2));
#16250=CARTESIAN_POINT('',(-8.01256626484566,3.8,-0.214549399049483));
#16251=CARTESIAN_POINT('Origin',(-7.85,3.8,-0.3));
#16252=CARTESIAN_POINT('',(-7.85,3.6,-0.3));
#16253=CARTESIAN_POINT('',(-7.85,3.8,-0.3));
#16254=CARTESIAN_POINT('',(-7.91363035130918,3.6,-0.3));
#16255=CARTESIAN_POINT('Origin',(-7.85,3.8,-0.4));
#16256=CARTESIAN_POINT('',(-7.75,3.6,-0.4));
#16257=CARTESIAN_POINT('',(-7.75,3.8,-0.4));
#16258=CARTESIAN_POINT('Origin',(-7.85,3.6,-0.4));
#16259=CARTESIAN_POINT('Origin',(-7.75,3.8,-3.8));
#16260=CARTESIAN_POINT('',(-7.75,3.6,-0.4));
#16261=CARTESIAN_POINT('Origin',(-7.25,3.8,-0.4));
#16262=CARTESIAN_POINT('',(-7.25,3.6,-0.4));
#16263=CARTESIAN_POINT('',(-7.25,3.8,-0.4));
#16264=CARTESIAN_POINT('',(-7.25,3.6,-3.8));
#16265=CARTESIAN_POINT('Origin',(-7.15,3.8,-0.4));
#16266=CARTESIAN_POINT('',(-7.15,3.6,-0.3));
#16267=CARTESIAN_POINT('',(-7.15,3.8,-0.3));
#16268=CARTESIAN_POINT('Origin',(-7.15,3.6,-0.4));
#16269=CARTESIAN_POINT('Origin',(-7.08636964869082,3.8,-0.3));
#16270=CARTESIAN_POINT('',(-7.08636964869082,3.6,-0.3));
#16271=CARTESIAN_POINT('',(-7.08636964869082,3.8,-0.3));
#16272=CARTESIAN_POINT('',(-7.15,3.6,-0.3));
#16273=CARTESIAN_POINT('Origin',(-7.08636964869082,3.8,-0.2));
#16274=CARTESIAN_POINT('',(-6.98743373515434,3.6,-0.214549399049483));
#16275=CARTESIAN_POINT('',(-6.98743373515434,3.8,-0.214549399049483));
#16276=CARTESIAN_POINT('Origin',(-7.08636964869082,3.6,-0.2));
#16277=CARTESIAN_POINT('Origin',(-6.75,3.8,1.4));
#16278=CARTESIAN_POINT('',(-6.75,3.8,1.4));
#16279=CARTESIAN_POINT('',(-6.98743373515434,3.6,-0.214549399049483));
#16280=CARTESIAN_POINT('Origin',(-6.75,3.8,1.7));
#16281=CARTESIAN_POINT('Origin',(-8.01256626484566,3.8,-0.214549399049483));
#16282=CARTESIAN_POINT('',(-8.25,3.6,1.4));
#16283=CARTESIAN_POINT('Origin',(-7.5,3.6,-0.826291811594815));
#16284=CARTESIAN_POINT('Origin',(9.6,3.2,0.));
#16285=CARTESIAN_POINT('',(-9.6,3.2,1.5));
#16286=CARTESIAN_POINT('',(4.8,3.2,1.5));
#16287=CARTESIAN_POINT('',(-9.6,3.2,0.));
#16288=CARTESIAN_POINT('',(4.8,3.2,1.7));
#16289=CARTESIAN_POINT('Origin',(7.65,-3.8,-3.7));
#16290=CARTESIAN_POINT('',(7.55,-3.6,-3.8));
#16291=CARTESIAN_POINT('',(7.75,-3.6,-3.6));
#16292=CARTESIAN_POINT('',(8.3309270471013,-3.6,-3.0190729528987));
#16293=CARTESIAN_POINT('',(7.75,-3.8,-3.6));
#16294=CARTESIAN_POINT('',(7.75,-3.8,-3.6));
#16295=CARTESIAN_POINT('',(7.55,-3.8,-3.8));
#16296=CARTESIAN_POINT('',(8.3309270471013,-3.8,-3.0190729528987));
#16297=CARTESIAN_POINT('',(7.55,-3.8,-3.8));
#16298=CARTESIAN_POINT('Origin',(7.75,-3.8,-3.8));
#16299=CARTESIAN_POINT('',(7.45,-3.8,-3.8));
#16300=CARTESIAN_POINT('',(7.25,-3.8,-3.8));
#16301=CARTESIAN_POINT('',(7.45,-3.6,-3.8));
#16302=CARTESIAN_POINT('',(7.45,-3.8,-3.8));
#16303=CARTESIAN_POINT('',(7.25,-3.6,-3.8));
#16304=CARTESIAN_POINT('Origin',(7.5,-3.8,-0.826291811594815));
#16305=CARTESIAN_POINT('',(7.75,-3.8,-0.4));
#16306=CARTESIAN_POINT('',(7.75,-3.8,-3.8));
#16307=CARTESIAN_POINT('',(7.85,-3.8,-0.3));
#16308=CARTESIAN_POINT('Origin',(7.85,-3.8,-0.4));
#16309=CARTESIAN_POINT('',(7.91363035130918,-3.8,-0.3));
#16310=CARTESIAN_POINT('',(7.85,-3.8,-0.3));
#16311=CARTESIAN_POINT('',(8.01256626484567,-3.8,-0.214549399049483));
#16312=CARTESIAN_POINT('Origin',(7.91363035130918,-3.8,-0.2));
#16313=CARTESIAN_POINT('',(8.25,-3.8,1.4));
#16314=CARTESIAN_POINT('',(8.01256626484567,-3.8,-0.214549399049483));
#16315=CARTESIAN_POINT('',(8.25,-3.8,1.5));
#16316=CARTESIAN_POINT('',(8.25,-3.8,1.4));
#16317=CARTESIAN_POINT('',(6.75,-3.8,1.5));
#16318=CARTESIAN_POINT('',(7.125,-3.8,1.5));
#16319=CARTESIAN_POINT('',(6.75,-3.8,1.4));
#16320=CARTESIAN_POINT('',(6.75,-3.8,1.7));
#16321=CARTESIAN_POINT('',(6.98743373515434,-3.8,-0.214549399049483));
#16322=CARTESIAN_POINT('',(6.75,-3.8,1.4));
#16323=CARTESIAN_POINT('',(7.08636964869082,-3.8,-0.3));
#16324=CARTESIAN_POINT('Origin',(7.08636964869082,-3.8,-0.2));
#16325=CARTESIAN_POINT('',(7.15,-3.8,-0.3));
#16326=CARTESIAN_POINT('',(7.08636964869082,-3.8,-0.3));
#16327=CARTESIAN_POINT('',(7.25,-3.8,-0.4));
#16328=CARTESIAN_POINT('Origin',(7.15,-3.8,-0.4));
#16329=CARTESIAN_POINT('',(7.25,-3.8,-3.6));
#16330=CARTESIAN_POINT('',(7.25,-3.8,-0.4));
#16331=CARTESIAN_POINT('',(6.6690729528987,-3.8,-3.0190729528987));
#16332=CARTESIAN_POINT('Origin',(7.35,-3.8,-3.7));
#16333=CARTESIAN_POINT('',(7.25,-3.6,-3.6));
#16334=CARTESIAN_POINT('',(6.6690729528987,-3.6,-3.0190729528987));
#16335=CARTESIAN_POINT('',(7.25,-3.8,-3.6));
#16336=CARTESIAN_POINT('Origin',(7.125,-3.5,1.4));
#16337=CARTESIAN_POINT('',(6.75,-3.6,1.4));
#16338=CARTESIAN_POINT('',(6.75,-3.5,1.5));
#16339=CARTESIAN_POINT('Origin',(6.75,-3.5,1.4));
#16340=CARTESIAN_POINT('',(8.25,-3.5,1.5));
#16341=CARTESIAN_POINT('',(7.125,-3.5,1.5));
#16342=CARTESIAN_POINT('',(8.25,-3.6,1.4));
#16343=CARTESIAN_POINT('Origin',(8.25,-3.5,1.4));
#16344=CARTESIAN_POINT('',(7.125,-3.6,1.4));
#16345=CARTESIAN_POINT('Origin',(6.75,-3.2,1.5));
#16346=CARTESIAN_POINT('',(6.75,-3.2,1.5));
#16347=CARTESIAN_POINT('',(6.75,-3.2,1.5));
#16348=CARTESIAN_POINT('',(8.25,-3.2,1.5));
#16349=CARTESIAN_POINT('',(-4.8,-3.2,1.5));
#16350=CARTESIAN_POINT('',(8.25,-3.2,1.5));
#16351=CARTESIAN_POINT('Origin',(7.125,-3.6,1.5));
#16352=CARTESIAN_POINT('',(6.75,-3.6,1.7));
#16353=CARTESIAN_POINT('Origin',(6.75,-3.6,1.5));
#16354=CARTESIAN_POINT('',(8.25,-3.6,1.7));
#16355=CARTESIAN_POINT('Origin',(8.25,-3.6,1.5));
#16356=CARTESIAN_POINT('',(7.125,-3.6,1.7));
#16357=CARTESIAN_POINT('Origin',(6.75,-3.8,1.4));
#16358=CARTESIAN_POINT('',(6.75,-3.2,1.7));
#16359=CARTESIAN_POINT('',(6.75,-3.8,1.7));
#16360=CARTESIAN_POINT('',(6.75,-3.2,0.7));
#16361=CARTESIAN_POINT('',(6.75,-3.8,1.4));
#16362=CARTESIAN_POINT('Origin',(6.75,-3.8,1.7));
#16363=CARTESIAN_POINT('',(8.25,-3.2,1.7));
#16364=CARTESIAN_POINT('',(8.25,-3.8,1.7));
#16365=CARTESIAN_POINT('',(-4.8,-3.2,1.7));
#16366=CARTESIAN_POINT('Origin',(7.08636964869082,-3.8,-0.2));
#16367=CARTESIAN_POINT('',(6.98743373515434,-3.6,-0.214549399049483));
#16368=CARTESIAN_POINT('',(6.98743373515434,-3.8,-0.214549399049483));
#16369=CARTESIAN_POINT('',(7.08636964869082,-3.6,-0.3));
#16370=CARTESIAN_POINT('Origin',(7.08636964869082,-3.6,-0.2));
#16371=CARTESIAN_POINT('',(7.08636964869082,-3.8,-0.3));
#16372=CARTESIAN_POINT('Origin',(7.15,-3.8,-0.3));
#16373=CARTESIAN_POINT('',(7.15,-3.6,-0.3));
#16374=CARTESIAN_POINT('',(7.08636964869082,-3.6,-0.3));
#16375=CARTESIAN_POINT('',(7.15,-3.8,-0.3));
#16376=CARTESIAN_POINT('Origin',(7.15,-3.8,-0.4));
#16377=CARTESIAN_POINT('',(7.25,-3.6,-0.4));
#16378=CARTESIAN_POINT('Origin',(7.15,-3.6,-0.4));
#16379=CARTESIAN_POINT('',(7.25,-3.8,-0.4));
#16380=CARTESIAN_POINT('Origin',(7.25,-3.8,-3.8));
#16381=CARTESIAN_POINT('',(7.25,-3.6,-0.4));
#16382=CARTESIAN_POINT('Origin',(7.75,-3.8,-0.4));
#16383=CARTESIAN_POINT('',(7.75,-3.6,-0.4));
#16384=CARTESIAN_POINT('',(7.75,-3.6,-3.8));
#16385=CARTESIAN_POINT('',(7.75,-3.8,-0.4));
#16386=CARTESIAN_POINT('Origin',(7.85,-3.8,-0.4));
#16387=CARTESIAN_POINT('',(7.85,-3.6,-0.3));
#16388=CARTESIAN_POINT('Origin',(7.85,-3.6,-0.4));
#16389=CARTESIAN_POINT('',(7.85,-3.8,-0.3));
#16390=CARTESIAN_POINT('Origin',(7.91363035130918,-3.8,-0.3));
#16391=CARTESIAN_POINT('',(7.91363035130918,-3.6,-0.3));
#16392=CARTESIAN_POINT('',(7.85,-3.6,-0.3));
#16393=CARTESIAN_POINT('',(7.91363035130918,-3.8,-0.3));
#16394=CARTESIAN_POINT('Origin',(7.91363035130918,-3.8,-0.2));
#16395=CARTESIAN_POINT('',(8.01256626484567,-3.6,-0.214549399049483));
#16396=CARTESIAN_POINT('Origin',(7.91363035130918,-3.6,-0.2));
#16397=CARTESIAN_POINT('',(8.01256626484567,-3.8,-0.214549399049483));
#16398=CARTESIAN_POINT('Origin',(8.25,-3.8,1.4));
#16399=CARTESIAN_POINT('',(8.01256626484567,-3.6,-0.214549399049483));
#16400=CARTESIAN_POINT('',(8.25,-3.8,1.4));
#16401=CARTESIAN_POINT('Origin',(8.25,-3.8,1.7));
#16402=CARTESIAN_POINT('',(8.25,-3.2,0.85));
#16403=CARTESIAN_POINT('Origin',(6.98743373515434,-3.8,-0.214549399049483));
#16404=CARTESIAN_POINT('',(6.75,-3.6,1.4));
#16405=CARTESIAN_POINT('Origin',(7.5,-3.6,-0.826291811594815));
#16406=CARTESIAN_POINT('Origin',(5.15,-3.8,-3.7));
#16407=CARTESIAN_POINT('',(5.05,-3.6,-3.8));
#16408=CARTESIAN_POINT('',(5.25,-3.6,-3.6));
#16409=CARTESIAN_POINT('',(5.8309270471013,-3.6,-3.0190729528987));
#16410=CARTESIAN_POINT('',(5.25,-3.8,-3.6));
#16411=CARTESIAN_POINT('',(5.25,-3.8,-3.6));
#16412=CARTESIAN_POINT('',(5.05,-3.8,-3.8));
#16413=CARTESIAN_POINT('',(5.8309270471013,-3.8,-3.0190729528987));
#16414=CARTESIAN_POINT('',(5.05,-3.8,-3.8));
#16415=CARTESIAN_POINT('Origin',(5.25,-3.8,-3.8));
#16416=CARTESIAN_POINT('',(4.95,-3.8,-3.8));
#16417=CARTESIAN_POINT('',(4.75,-3.8,-3.8));
#16418=CARTESIAN_POINT('',(4.95,-3.6,-3.8));
#16419=CARTESIAN_POINT('',(4.95,-3.8,-3.8));
#16420=CARTESIAN_POINT('',(4.75,-3.6,-3.8));
#16421=CARTESIAN_POINT('Origin',(5.,-3.8,-0.826291811594815));
#16422=CARTESIAN_POINT('',(5.25,-3.8,-0.4));
#16423=CARTESIAN_POINT('',(5.25,-3.8,-3.8));
#16424=CARTESIAN_POINT('',(5.35,-3.8,-0.3));
#16425=CARTESIAN_POINT('Origin',(5.35,-3.8,-0.4));
#16426=CARTESIAN_POINT('',(5.41363035130918,-3.8,-0.3));
#16427=CARTESIAN_POINT('',(5.35,-3.8,-0.3));
#16428=CARTESIAN_POINT('',(5.51256626484567,-3.8,-0.214549399049483));
#16429=CARTESIAN_POINT('Origin',(5.41363035130918,-3.8,-0.2));
#16430=CARTESIAN_POINT('',(5.75,-3.8,1.4));
#16431=CARTESIAN_POINT('',(5.51256626484567,-3.8,-0.214549399049483));
#16432=CARTESIAN_POINT('',(5.75,-3.8,1.5));
#16433=CARTESIAN_POINT('',(5.75,-3.8,1.4));
#16434=CARTESIAN_POINT('',(4.25,-3.8,1.5));
#16435=CARTESIAN_POINT('',(4.625,-3.8,1.5));
#16436=CARTESIAN_POINT('',(4.25,-3.8,1.4));
#16437=CARTESIAN_POINT('',(4.25,-3.8,1.7));
#16438=CARTESIAN_POINT('',(4.48743373515434,-3.8,-0.214549399049483));
#16439=CARTESIAN_POINT('',(4.25,-3.8,1.4));
#16440=CARTESIAN_POINT('',(4.58636964869082,-3.8,-0.3));
#16441=CARTESIAN_POINT('Origin',(4.58636964869082,-3.8,-0.2));
#16442=CARTESIAN_POINT('',(4.65,-3.8,-0.3));
#16443=CARTESIAN_POINT('',(4.58636964869082,-3.8,-0.3));
#16444=CARTESIAN_POINT('',(4.75,-3.8,-0.4));
#16445=CARTESIAN_POINT('Origin',(4.65,-3.8,-0.4));
#16446=CARTESIAN_POINT('',(4.75,-3.8,-3.6));
#16447=CARTESIAN_POINT('',(4.75,-3.8,-0.4));
#16448=CARTESIAN_POINT('',(4.1690729528987,-3.8,-3.0190729528987));
#16449=CARTESIAN_POINT('Origin',(4.85,-3.8,-3.7));
#16450=CARTESIAN_POINT('',(4.75,-3.6,-3.6));
#16451=CARTESIAN_POINT('',(4.1690729528987,-3.6,-3.0190729528987));
#16452=CARTESIAN_POINT('',(4.75,-3.8,-3.6));
#16453=CARTESIAN_POINT('Origin',(4.625,-3.5,1.4));
#16454=CARTESIAN_POINT('',(4.25,-3.6,1.4));
#16455=CARTESIAN_POINT('',(4.25,-3.5,1.5));
#16456=CARTESIAN_POINT('Origin',(4.25,-3.5,1.4));
#16457=CARTESIAN_POINT('',(5.75,-3.5,1.5));
#16458=CARTESIAN_POINT('',(4.625,-3.5,1.5));
#16459=CARTESIAN_POINT('',(5.75,-3.6,1.4));
#16460=CARTESIAN_POINT('Origin',(5.75,-3.5,1.4));
#16461=CARTESIAN_POINT('',(4.625,-3.6,1.4));
#16462=CARTESIAN_POINT('Origin',(4.25,-3.2,1.5));
#16463=CARTESIAN_POINT('',(4.25,-3.2,1.5));
#16464=CARTESIAN_POINT('',(4.25,-3.2,1.5));
#16465=CARTESIAN_POINT('',(5.75,-3.2,1.5));
#16466=CARTESIAN_POINT('',(-4.8,-3.2,1.5));
#16467=CARTESIAN_POINT('',(5.75,-3.2,1.5));
#16468=CARTESIAN_POINT('Origin',(4.625,-3.6,1.5));
#16469=CARTESIAN_POINT('',(4.25,-3.6,1.7));
#16470=CARTESIAN_POINT('Origin',(4.25,-3.6,1.5));
#16471=CARTESIAN_POINT('',(5.75,-3.6,1.7));
#16472=CARTESIAN_POINT('Origin',(5.75,-3.6,1.5));
#16473=CARTESIAN_POINT('',(4.625,-3.6,1.7));
#16474=CARTESIAN_POINT('Origin',(4.25,-3.8,1.4));
#16475=CARTESIAN_POINT('',(4.25,-3.2,1.7));
#16476=CARTESIAN_POINT('',(4.25,-3.8,1.7));
#16477=CARTESIAN_POINT('',(4.25,-3.2,0.7));
#16478=CARTESIAN_POINT('',(4.25,-3.8,1.4));
#16479=CARTESIAN_POINT('Origin',(4.25,-3.8,1.7));
#16480=CARTESIAN_POINT('',(5.75,-3.2,1.7));
#16481=CARTESIAN_POINT('',(5.75,-3.8,1.7));
#16482=CARTESIAN_POINT('',(-4.8,-3.2,1.7));
#16483=CARTESIAN_POINT('Origin',(4.58636964869082,-3.8,-0.2));
#16484=CARTESIAN_POINT('',(4.48743373515434,-3.6,-0.214549399049483));
#16485=CARTESIAN_POINT('',(4.48743373515434,-3.8,-0.214549399049483));
#16486=CARTESIAN_POINT('',(4.58636964869082,-3.6,-0.3));
#16487=CARTESIAN_POINT('Origin',(4.58636964869082,-3.6,-0.2));
#16488=CARTESIAN_POINT('',(4.58636964869082,-3.8,-0.3));
#16489=CARTESIAN_POINT('Origin',(4.65,-3.8,-0.3));
#16490=CARTESIAN_POINT('',(4.65,-3.6,-0.3));
#16491=CARTESIAN_POINT('',(4.58636964869082,-3.6,-0.3));
#16492=CARTESIAN_POINT('',(4.65,-3.8,-0.3));
#16493=CARTESIAN_POINT('Origin',(4.65,-3.8,-0.4));
#16494=CARTESIAN_POINT('',(4.75,-3.6,-0.4));
#16495=CARTESIAN_POINT('Origin',(4.65,-3.6,-0.4));
#16496=CARTESIAN_POINT('',(4.75,-3.8,-0.4));
#16497=CARTESIAN_POINT('Origin',(4.75,-3.8,-3.8));
#16498=CARTESIAN_POINT('',(4.75,-3.6,-0.4));
#16499=CARTESIAN_POINT('Origin',(5.25,-3.8,-0.4));
#16500=CARTESIAN_POINT('',(5.25,-3.6,-0.4));
#16501=CARTESIAN_POINT('',(5.25,-3.6,-3.8));
#16502=CARTESIAN_POINT('',(5.25,-3.8,-0.4));
#16503=CARTESIAN_POINT('Origin',(5.35,-3.8,-0.4));
#16504=CARTESIAN_POINT('',(5.35,-3.6,-0.3));
#16505=CARTESIAN_POINT('Origin',(5.35,-3.6,-0.4));
#16506=CARTESIAN_POINT('',(5.35,-3.8,-0.3));
#16507=CARTESIAN_POINT('Origin',(5.41363035130918,-3.8,-0.3));
#16508=CARTESIAN_POINT('',(5.41363035130918,-3.6,-0.3));
#16509=CARTESIAN_POINT('',(5.35,-3.6,-0.3));
#16510=CARTESIAN_POINT('',(5.41363035130918,-3.8,-0.3));
#16511=CARTESIAN_POINT('Origin',(5.41363035130918,-3.8,-0.2));
#16512=CARTESIAN_POINT('',(5.51256626484567,-3.6,-0.214549399049483));
#16513=CARTESIAN_POINT('Origin',(5.41363035130918,-3.6,-0.2));
#16514=CARTESIAN_POINT('',(5.51256626484567,-3.8,-0.214549399049483));
#16515=CARTESIAN_POINT('Origin',(5.75,-3.8,1.4));
#16516=CARTESIAN_POINT('',(5.51256626484567,-3.6,-0.214549399049483));
#16517=CARTESIAN_POINT('',(5.75,-3.8,1.4));
#16518=CARTESIAN_POINT('Origin',(5.75,-3.8,1.7));
#16519=CARTESIAN_POINT('',(5.75,-3.2,0.85));
#16520=CARTESIAN_POINT('Origin',(4.48743373515434,-3.8,-0.214549399049483));
#16521=CARTESIAN_POINT('',(4.25,-3.6,1.4));
#16522=CARTESIAN_POINT('Origin',(5.,-3.6,-0.826291811594815));
#16523=CARTESIAN_POINT('Origin',(2.65,-3.8,-3.7));
#16524=CARTESIAN_POINT('',(2.55,-3.6,-3.8));
#16525=CARTESIAN_POINT('',(2.75,-3.6,-3.6));
#16526=CARTESIAN_POINT('',(3.3309270471013,-3.6,-3.0190729528987));
#16527=CARTESIAN_POINT('',(2.75,-3.8,-3.6));
#16528=CARTESIAN_POINT('',(2.75,-3.8,-3.6));
#16529=CARTESIAN_POINT('',(2.55,-3.8,-3.8));
#16530=CARTESIAN_POINT('',(3.3309270471013,-3.8,-3.0190729528987));
#16531=CARTESIAN_POINT('',(2.55,-3.8,-3.8));
#16532=CARTESIAN_POINT('Origin',(2.75,-3.8,-3.8));
#16533=CARTESIAN_POINT('',(2.45,-3.8,-3.8));
#16534=CARTESIAN_POINT('',(2.25,-3.8,-3.8));
#16535=CARTESIAN_POINT('',(2.45,-3.6,-3.8));
#16536=CARTESIAN_POINT('',(2.45,-3.8,-3.8));
#16537=CARTESIAN_POINT('',(2.25,-3.6,-3.8));
#16538=CARTESIAN_POINT('Origin',(2.5,-3.8,-0.826291811594815));
#16539=CARTESIAN_POINT('',(2.75,-3.8,-0.4));
#16540=CARTESIAN_POINT('',(2.75,-3.8,-3.8));
#16541=CARTESIAN_POINT('',(2.85,-3.8,-0.3));
#16542=CARTESIAN_POINT('Origin',(2.85,-3.8,-0.4));
#16543=CARTESIAN_POINT('',(2.91363035130918,-3.8,-0.3));
#16544=CARTESIAN_POINT('',(2.85,-3.8,-0.3));
#16545=CARTESIAN_POINT('',(3.01256626484567,-3.8,-0.214549399049483));
#16546=CARTESIAN_POINT('Origin',(2.91363035130918,-3.8,-0.2));
#16547=CARTESIAN_POINT('',(3.25,-3.8,1.4));
#16548=CARTESIAN_POINT('',(3.01256626484567,-3.8,-0.214549399049483));
#16549=CARTESIAN_POINT('',(3.25,-3.8,1.5));
#16550=CARTESIAN_POINT('',(3.25,-3.8,1.4));
#16551=CARTESIAN_POINT('',(1.75,-3.8,1.5));
#16552=CARTESIAN_POINT('',(2.125,-3.8,1.5));
#16553=CARTESIAN_POINT('',(1.75,-3.8,1.4));
#16554=CARTESIAN_POINT('',(1.75,-3.8,1.7));
#16555=CARTESIAN_POINT('',(1.98743373515434,-3.8,-0.214549399049483));
#16556=CARTESIAN_POINT('',(1.75,-3.8,1.4));
#16557=CARTESIAN_POINT('',(2.08636964869082,-3.8,-0.3));
#16558=CARTESIAN_POINT('Origin',(2.08636964869082,-3.8,-0.2));
#16559=CARTESIAN_POINT('',(2.15,-3.8,-0.3));
#16560=CARTESIAN_POINT('',(2.08636964869082,-3.8,-0.3));
#16561=CARTESIAN_POINT('',(2.25,-3.8,-0.4));
#16562=CARTESIAN_POINT('Origin',(2.15,-3.8,-0.4));
#16563=CARTESIAN_POINT('',(2.25,-3.8,-3.6));
#16564=CARTESIAN_POINT('',(2.25,-3.8,-0.4));
#16565=CARTESIAN_POINT('',(1.6690729528987,-3.8,-3.0190729528987));
#16566=CARTESIAN_POINT('Origin',(2.35,-3.8,-3.7));
#16567=CARTESIAN_POINT('',(2.25,-3.6,-3.6));
#16568=CARTESIAN_POINT('',(1.6690729528987,-3.6,-3.0190729528987));
#16569=CARTESIAN_POINT('',(2.25,-3.8,-3.6));
#16570=CARTESIAN_POINT('Origin',(2.125,-3.5,1.4));
#16571=CARTESIAN_POINT('',(1.75,-3.6,1.4));
#16572=CARTESIAN_POINT('',(1.75,-3.5,1.5));
#16573=CARTESIAN_POINT('Origin',(1.75,-3.5,1.4));
#16574=CARTESIAN_POINT('',(3.25,-3.5,1.5));
#16575=CARTESIAN_POINT('',(2.125,-3.5,1.5));
#16576=CARTESIAN_POINT('',(3.25,-3.6,1.4));
#16577=CARTESIAN_POINT('Origin',(3.25,-3.5,1.4));
#16578=CARTESIAN_POINT('',(2.125,-3.6,1.4));
#16579=CARTESIAN_POINT('Origin',(1.75,-3.2,1.5));
#16580=CARTESIAN_POINT('',(1.75,-3.2,1.5));
#16581=CARTESIAN_POINT('',(1.75,-3.2,1.5));
#16582=CARTESIAN_POINT('',(3.25,-3.2,1.5));
#16583=CARTESIAN_POINT('',(-4.8,-3.2,1.5));
#16584=CARTESIAN_POINT('',(3.25,-3.2,1.5));
#16585=CARTESIAN_POINT('Origin',(2.125,-3.6,1.5));
#16586=CARTESIAN_POINT('',(1.75,-3.6,1.7));
#16587=CARTESIAN_POINT('Origin',(1.75,-3.6,1.5));
#16588=CARTESIAN_POINT('',(3.25,-3.6,1.7));
#16589=CARTESIAN_POINT('Origin',(3.25,-3.6,1.5));
#16590=CARTESIAN_POINT('',(2.125,-3.6,1.7));
#16591=CARTESIAN_POINT('Origin',(1.75,-3.8,1.4));
#16592=CARTESIAN_POINT('',(1.75,-3.2,1.7));
#16593=CARTESIAN_POINT('',(1.75,-3.8,1.7));
#16594=CARTESIAN_POINT('',(1.75,-3.2,0.7));
#16595=CARTESIAN_POINT('',(1.75,-3.8,1.4));
#16596=CARTESIAN_POINT('Origin',(1.75,-3.8,1.7));
#16597=CARTESIAN_POINT('',(3.25,-3.2,1.7));
#16598=CARTESIAN_POINT('',(3.25,-3.8,1.7));
#16599=CARTESIAN_POINT('',(-4.8,-3.2,1.7));
#16600=CARTESIAN_POINT('Origin',(2.08636964869082,-3.8,-0.2));
#16601=CARTESIAN_POINT('',(1.98743373515434,-3.6,-0.214549399049483));
#16602=CARTESIAN_POINT('',(1.98743373515434,-3.8,-0.214549399049483));
#16603=CARTESIAN_POINT('',(2.08636964869082,-3.6,-0.3));
#16604=CARTESIAN_POINT('Origin',(2.08636964869082,-3.6,-0.2));
#16605=CARTESIAN_POINT('',(2.08636964869082,-3.8,-0.3));
#16606=CARTESIAN_POINT('Origin',(2.15,-3.8,-0.3));
#16607=CARTESIAN_POINT('',(2.15,-3.6,-0.3));
#16608=CARTESIAN_POINT('',(2.08636964869082,-3.6,-0.3));
#16609=CARTESIAN_POINT('',(2.15,-3.8,-0.3));
#16610=CARTESIAN_POINT('Origin',(2.15,-3.8,-0.4));
#16611=CARTESIAN_POINT('',(2.25,-3.6,-0.4));
#16612=CARTESIAN_POINT('Origin',(2.15,-3.6,-0.4));
#16613=CARTESIAN_POINT('',(2.25,-3.8,-0.4));
#16614=CARTESIAN_POINT('Origin',(2.25,-3.8,-3.8));
#16615=CARTESIAN_POINT('',(2.25,-3.6,-0.4));
#16616=CARTESIAN_POINT('Origin',(2.75,-3.8,-0.4));
#16617=CARTESIAN_POINT('',(2.75,-3.6,-0.4));
#16618=CARTESIAN_POINT('',(2.75,-3.6,-3.8));
#16619=CARTESIAN_POINT('',(2.75,-3.8,-0.4));
#16620=CARTESIAN_POINT('Origin',(2.85,-3.8,-0.4));
#16621=CARTESIAN_POINT('',(2.85,-3.6,-0.3));
#16622=CARTESIAN_POINT('Origin',(2.85,-3.6,-0.4));
#16623=CARTESIAN_POINT('',(2.85,-3.8,-0.3));
#16624=CARTESIAN_POINT('Origin',(2.91363035130918,-3.8,-0.3));
#16625=CARTESIAN_POINT('',(2.91363035130918,-3.6,-0.3));
#16626=CARTESIAN_POINT('',(2.85,-3.6,-0.3));
#16627=CARTESIAN_POINT('',(2.91363035130918,-3.8,-0.3));
#16628=CARTESIAN_POINT('Origin',(2.91363035130918,-3.8,-0.2));
#16629=CARTESIAN_POINT('',(3.01256626484567,-3.6,-0.214549399049483));
#16630=CARTESIAN_POINT('Origin',(2.91363035130918,-3.6,-0.2));
#16631=CARTESIAN_POINT('',(3.01256626484567,-3.8,-0.214549399049483));
#16632=CARTESIAN_POINT('Origin',(3.25,-3.8,1.4));
#16633=CARTESIAN_POINT('',(3.01256626484567,-3.6,-0.214549399049483));
#16634=CARTESIAN_POINT('',(3.25,-3.8,1.4));
#16635=CARTESIAN_POINT('Origin',(3.25,-3.8,1.7));
#16636=CARTESIAN_POINT('',(3.25,-3.2,0.85));
#16637=CARTESIAN_POINT('Origin',(1.98743373515434,-3.8,-0.214549399049483));
#16638=CARTESIAN_POINT('',(1.75,-3.6,1.4));
#16639=CARTESIAN_POINT('Origin',(2.5,-3.6,-0.826291811594815));
#16640=CARTESIAN_POINT('Origin',(0.150000000000001,-3.8,-3.7));
#16641=CARTESIAN_POINT('',(0.0500000000000012,-3.6,-3.8));
#16642=CARTESIAN_POINT('',(0.250000000000001,-3.6,-3.6));
#16643=CARTESIAN_POINT('',(0.830927047101298,-3.6,-3.0190729528987));
#16644=CARTESIAN_POINT('',(0.250000000000001,-3.8,-3.6));
#16645=CARTESIAN_POINT('',(0.250000000000001,-3.8,-3.6));
#16646=CARTESIAN_POINT('',(0.0500000000000012,-3.8,-3.8));
#16647=CARTESIAN_POINT('',(0.830927047101298,-3.8,-3.0190729528987));
#16648=CARTESIAN_POINT('',(0.0500000000000012,-3.8,-3.8));
#16649=CARTESIAN_POINT('Origin',(0.250000000000001,-3.8,-3.8));
#16650=CARTESIAN_POINT('',(-0.0499999999999989,-3.8,-3.8));
#16651=CARTESIAN_POINT('',(-0.249999999999999,-3.8,-3.8));
#16652=CARTESIAN_POINT('',(-0.0499999999999989,-3.6,-3.8));
#16653=CARTESIAN_POINT('',(-0.0499999999999989,-3.8,-3.8));
#16654=CARTESIAN_POINT('',(-0.249999999999999,-3.6,-3.8));
#16655=CARTESIAN_POINT('Origin',(2.22044604925031E-15,-3.8,-0.826291811594815));
#16656=CARTESIAN_POINT('',(0.250000000000001,-3.8,-0.4));
#16657=CARTESIAN_POINT('',(0.250000000000001,-3.8,-3.8));
#16658=CARTESIAN_POINT('',(0.350000000000001,-3.8,-0.3));
#16659=CARTESIAN_POINT('Origin',(0.350000000000001,-3.8,-0.4));
#16660=CARTESIAN_POINT('',(0.41363035130918,-3.8,-0.3));
#16661=CARTESIAN_POINT('',(0.350000000000001,-3.8,-0.3));
#16662=CARTESIAN_POINT('',(0.512566264845665,-3.8,-0.214549399049483));
#16663=CARTESIAN_POINT('Origin',(0.41363035130918,-3.8,-0.2));
#16664=CARTESIAN_POINT('',(0.750000000000002,-3.8,1.4));
#16665=CARTESIAN_POINT('',(0.512566264845665,-3.8,-0.214549399049483));
#16666=CARTESIAN_POINT('',(0.750000000000002,-3.8,1.5));
#16667=CARTESIAN_POINT('',(0.750000000000002,-3.8,1.4));
#16668=CARTESIAN_POINT('',(-0.75,-3.8,1.5));
#16669=CARTESIAN_POINT('',(-0.374999999999999,-3.8,1.5));
#16670=CARTESIAN_POINT('',(-0.75,-3.8,1.4));
#16671=CARTESIAN_POINT('',(-0.75,-3.8,1.7));
#16672=CARTESIAN_POINT('',(-0.512566264845663,-3.8,-0.214549399049483));
#16673=CARTESIAN_POINT('',(-0.75,-3.8,1.4));
#16674=CARTESIAN_POINT('',(-0.413630351309178,-3.8,-0.3));
#16675=CARTESIAN_POINT('Origin',(-0.413630351309178,-3.8,-0.2));
#16676=CARTESIAN_POINT('',(-0.349999999999999,-3.8,-0.3));
#16677=CARTESIAN_POINT('',(-0.413630351309178,-3.8,-0.3));
#16678=CARTESIAN_POINT('',(-0.249999999999999,-3.8,-0.4));
#16679=CARTESIAN_POINT('Origin',(-0.349999999999999,-3.8,-0.4));
#16680=CARTESIAN_POINT('',(-0.249999999999999,-3.8,-3.6));
#16681=CARTESIAN_POINT('',(-0.249999999999999,-3.8,-0.4));
#16682=CARTESIAN_POINT('',(-0.830927047101295,-3.8,-3.0190729528987));
#16683=CARTESIAN_POINT('Origin',(-0.149999999999999,-3.8,-3.7));
#16684=CARTESIAN_POINT('',(-0.249999999999999,-3.6,-3.6));
#16685=CARTESIAN_POINT('',(-0.830927047101295,-3.6,-3.0190729528987));
#16686=CARTESIAN_POINT('',(-0.249999999999999,-3.8,-3.6));
#16687=CARTESIAN_POINT('Origin',(-0.374999999999999,-3.5,1.4));
#16688=CARTESIAN_POINT('',(-0.75,-3.6,1.4));
#16689=CARTESIAN_POINT('',(-0.749999999999998,-3.5,1.5));
#16690=CARTESIAN_POINT('Origin',(-0.75,-3.5,1.4));
#16691=CARTESIAN_POINT('',(0.750000000000002,-3.5,1.5));
#16692=CARTESIAN_POINT('',(-0.374999999999999,-3.5,1.5));
#16693=CARTESIAN_POINT('',(0.750000000000002,-3.6,1.4));
#16694=CARTESIAN_POINT('Origin',(0.750000000000002,-3.5,1.4));
#16695=CARTESIAN_POINT('',(-0.374999999999999,-3.6,1.4));
#16696=CARTESIAN_POINT('Origin',(-0.749999999999998,-3.2,1.5));
#16697=CARTESIAN_POINT('',(-0.749999999999998,-3.2,1.5));
#16698=CARTESIAN_POINT('',(-0.749999999999998,-3.2,1.5));
#16699=CARTESIAN_POINT('',(0.750000000000002,-3.2,1.5));
#16700=CARTESIAN_POINT('',(-4.8,-3.2,1.5));
#16701=CARTESIAN_POINT('',(0.750000000000002,-3.2,1.5));
#16702=CARTESIAN_POINT('Origin',(-0.374999999999999,-3.6,1.5));
#16703=CARTESIAN_POINT('',(-0.75,-3.6,1.7));
#16704=CARTESIAN_POINT('Origin',(-0.75,-3.6,1.5));
#16705=CARTESIAN_POINT('',(0.750000000000002,-3.6,1.7));
#16706=CARTESIAN_POINT('Origin',(0.750000000000002,-3.6,1.5));
#16707=CARTESIAN_POINT('',(-0.374999999999999,-3.6,1.7));
#16708=CARTESIAN_POINT('Origin',(-0.75,-3.8,1.4));
#16709=CARTESIAN_POINT('',(-0.75,-3.2,1.7));
#16710=CARTESIAN_POINT('',(-0.75,-3.8,1.7));
#16711=CARTESIAN_POINT('',(-0.75,-3.2,0.7));
#16712=CARTESIAN_POINT('',(-0.75,-3.8,1.4));
#16713=CARTESIAN_POINT('Origin',(-0.75,-3.8,1.7));
#16714=CARTESIAN_POINT('',(0.750000000000002,-3.2,1.7));
#16715=CARTESIAN_POINT('',(0.750000000000002,-3.8,1.7));
#16716=CARTESIAN_POINT('',(-4.8,-3.2,1.7));
#16717=CARTESIAN_POINT('Origin',(-0.413630351309178,-3.8,-0.2));
#16718=CARTESIAN_POINT('',(-0.512566264845663,-3.6,-0.214549399049483));
#16719=CARTESIAN_POINT('',(-0.512566264845663,-3.8,-0.214549399049483));
#16720=CARTESIAN_POINT('',(-0.413630351309178,-3.6,-0.3));
#16721=CARTESIAN_POINT('Origin',(-0.413630351309178,-3.6,-0.2));
#16722=CARTESIAN_POINT('',(-0.413630351309178,-3.8,-0.3));
#16723=CARTESIAN_POINT('Origin',(-0.349999999999999,-3.8,-0.3));
#16724=CARTESIAN_POINT('',(-0.349999999999999,-3.6,-0.3));
#16725=CARTESIAN_POINT('',(-0.413630351309178,-3.6,-0.3));
#16726=CARTESIAN_POINT('',(-0.349999999999999,-3.8,-0.3));
#16727=CARTESIAN_POINT('Origin',(-0.349999999999999,-3.8,-0.4));
#16728=CARTESIAN_POINT('',(-0.249999999999999,-3.6,-0.4));
#16729=CARTESIAN_POINT('Origin',(-0.349999999999999,-3.6,-0.4));
#16730=CARTESIAN_POINT('',(-0.249999999999999,-3.8,-0.4));
#16731=CARTESIAN_POINT('Origin',(-0.249999999999999,-3.8,-3.8));
#16732=CARTESIAN_POINT('',(-0.249999999999999,-3.6,-0.4));
#16733=CARTESIAN_POINT('Origin',(0.250000000000001,-3.8,-0.4));
#16734=CARTESIAN_POINT('',(0.250000000000001,-3.6,-0.4));
#16735=CARTESIAN_POINT('',(0.250000000000001,-3.6,-3.8));
#16736=CARTESIAN_POINT('',(0.250000000000001,-3.8,-0.4));
#16737=CARTESIAN_POINT('Origin',(0.350000000000001,-3.8,-0.4));
#16738=CARTESIAN_POINT('',(0.350000000000001,-3.6,-0.3));
#16739=CARTESIAN_POINT('Origin',(0.350000000000001,-3.6,-0.4));
#16740=CARTESIAN_POINT('',(0.350000000000001,-3.8,-0.3));
#16741=CARTESIAN_POINT('Origin',(0.41363035130918,-3.8,-0.3));
#16742=CARTESIAN_POINT('',(0.41363035130918,-3.6,-0.3));
#16743=CARTESIAN_POINT('',(0.350000000000001,-3.6,-0.3));
#16744=CARTESIAN_POINT('',(0.41363035130918,-3.8,-0.3));
#16745=CARTESIAN_POINT('Origin',(0.41363035130918,-3.8,-0.2));
#16746=CARTESIAN_POINT('',(0.512566264845665,-3.6,-0.214549399049483));
#16747=CARTESIAN_POINT('Origin',(0.41363035130918,-3.6,-0.2));
#16748=CARTESIAN_POINT('',(0.512566264845665,-3.8,-0.214549399049483));
#16749=CARTESIAN_POINT('Origin',(0.750000000000002,-3.8,1.4));
#16750=CARTESIAN_POINT('',(0.512566264845665,-3.6,-0.214549399049483));
#16751=CARTESIAN_POINT('',(0.750000000000002,-3.8,1.4));
#16752=CARTESIAN_POINT('Origin',(0.750000000000002,-3.8,1.7));
#16753=CARTESIAN_POINT('',(0.750000000000001,-3.2,0.85));
#16754=CARTESIAN_POINT('Origin',(-0.512566264845663,-3.8,-0.214549399049483));
#16755=CARTESIAN_POINT('',(-0.75,-3.6,1.4));
#16756=CARTESIAN_POINT('Origin',(2.22044604925031E-15,-3.6,-0.826291811594815));
#16757=CARTESIAN_POINT('Origin',(-2.35,-3.8,-3.7));
#16758=CARTESIAN_POINT('',(-2.45,-3.6,-3.8));
#16759=CARTESIAN_POINT('',(-2.25,-3.6,-3.6));
#16760=CARTESIAN_POINT('',(-1.6690729528987,-3.6,-3.0190729528987));
#16761=CARTESIAN_POINT('',(-2.25,-3.8,-3.6));
#16762=CARTESIAN_POINT('',(-2.25,-3.8,-3.6));
#16763=CARTESIAN_POINT('',(-2.45,-3.8,-3.8));
#16764=CARTESIAN_POINT('',(-1.6690729528987,-3.8,-3.0190729528987));
#16765=CARTESIAN_POINT('',(-2.45,-3.8,-3.8));
#16766=CARTESIAN_POINT('Origin',(-2.25,-3.8,-3.8));
#16767=CARTESIAN_POINT('',(-2.55,-3.8,-3.8));
#16768=CARTESIAN_POINT('',(-2.75,-3.8,-3.8));
#16769=CARTESIAN_POINT('',(-2.55,-3.6,-3.8));
#16770=CARTESIAN_POINT('',(-2.55,-3.8,-3.8));
#16771=CARTESIAN_POINT('',(-2.75,-3.6,-3.8));
#16772=CARTESIAN_POINT('Origin',(-2.5,-3.8,-0.826291811594815));
#16773=CARTESIAN_POINT('',(-2.25,-3.8,-0.4));
#16774=CARTESIAN_POINT('',(-2.25,-3.8,-3.8));
#16775=CARTESIAN_POINT('',(-2.15,-3.8,-0.3));
#16776=CARTESIAN_POINT('Origin',(-2.15,-3.8,-0.4));
#16777=CARTESIAN_POINT('',(-2.08636964869082,-3.8,-0.3));
#16778=CARTESIAN_POINT('',(-2.15,-3.8,-0.3));
#16779=CARTESIAN_POINT('',(-1.98743373515433,-3.8,-0.214549399049483));
#16780=CARTESIAN_POINT('Origin',(-2.08636964869082,-3.8,-0.2));
#16781=CARTESIAN_POINT('',(-1.75,-3.8,1.4));
#16782=CARTESIAN_POINT('',(-1.98743373515433,-3.8,-0.214549399049483));
#16783=CARTESIAN_POINT('',(-1.75,-3.8,1.5));
#16784=CARTESIAN_POINT('',(-1.75,-3.8,1.4));
#16785=CARTESIAN_POINT('',(-3.25,-3.8,1.5));
#16786=CARTESIAN_POINT('',(-2.875,-3.8,1.5));
#16787=CARTESIAN_POINT('',(-3.25,-3.8,1.4));
#16788=CARTESIAN_POINT('',(-3.25,-3.8,1.7));
#16789=CARTESIAN_POINT('',(-3.01256626484566,-3.8,-0.214549399049483));
#16790=CARTESIAN_POINT('',(-3.25,-3.8,1.4));
#16791=CARTESIAN_POINT('',(-2.91363035130918,-3.8,-0.3));
#16792=CARTESIAN_POINT('Origin',(-2.91363035130918,-3.8,-0.2));
#16793=CARTESIAN_POINT('',(-2.85,-3.8,-0.3));
#16794=CARTESIAN_POINT('',(-2.91363035130918,-3.8,-0.3));
#16795=CARTESIAN_POINT('',(-2.75,-3.8,-0.4));
#16796=CARTESIAN_POINT('Origin',(-2.85,-3.8,-0.4));
#16797=CARTESIAN_POINT('',(-2.75,-3.8,-3.6));
#16798=CARTESIAN_POINT('',(-2.75,-3.8,-0.4));
#16799=CARTESIAN_POINT('',(-3.3309270471013,-3.8,-3.0190729528987));
#16800=CARTESIAN_POINT('Origin',(-2.65,-3.8,-3.7));
#16801=CARTESIAN_POINT('',(-2.75,-3.6,-3.6));
#16802=CARTESIAN_POINT('',(-3.3309270471013,-3.6,-3.0190729528987));
#16803=CARTESIAN_POINT('',(-2.75,-3.8,-3.6));
#16804=CARTESIAN_POINT('Origin',(-2.875,-3.5,1.4));
#16805=CARTESIAN_POINT('',(-3.25,-3.6,1.4));
#16806=CARTESIAN_POINT('',(-3.25,-3.5,1.5));
#16807=CARTESIAN_POINT('Origin',(-3.25,-3.5,1.4));
#16808=CARTESIAN_POINT('',(-1.75,-3.5,1.5));
#16809=CARTESIAN_POINT('',(-2.875,-3.5,1.5));
#16810=CARTESIAN_POINT('',(-1.75,-3.6,1.4));
#16811=CARTESIAN_POINT('Origin',(-1.75,-3.5,1.4));
#16812=CARTESIAN_POINT('',(-2.875,-3.6,1.4));
#16813=CARTESIAN_POINT('Origin',(-3.25,-3.2,1.5));
#16814=CARTESIAN_POINT('',(-3.25,-3.2,1.5));
#16815=CARTESIAN_POINT('',(-3.25,-3.2,1.5));
#16816=CARTESIAN_POINT('',(-1.75,-3.2,1.5));
#16817=CARTESIAN_POINT('',(-4.8,-3.2,1.5));
#16818=CARTESIAN_POINT('',(-1.75,-3.2,1.5));
#16819=CARTESIAN_POINT('Origin',(-2.875,-3.6,1.5));
#16820=CARTESIAN_POINT('',(-3.25,-3.6,1.7));
#16821=CARTESIAN_POINT('Origin',(-3.25,-3.6,1.5));
#16822=CARTESIAN_POINT('',(-1.75,-3.6,1.7));
#16823=CARTESIAN_POINT('Origin',(-1.75,-3.6,1.5));
#16824=CARTESIAN_POINT('',(-2.875,-3.6,1.7));
#16825=CARTESIAN_POINT('Origin',(-3.25,-3.8,1.4));
#16826=CARTESIAN_POINT('',(-3.25,-3.2,1.7));
#16827=CARTESIAN_POINT('',(-3.25,-3.8,1.7));
#16828=CARTESIAN_POINT('',(-3.25,-3.2,0.7));
#16829=CARTESIAN_POINT('',(-3.25,-3.8,1.4));
#16830=CARTESIAN_POINT('Origin',(-3.25,-3.8,1.7));
#16831=CARTESIAN_POINT('',(-1.75,-3.2,1.7));
#16832=CARTESIAN_POINT('',(-1.75,-3.8,1.7));
#16833=CARTESIAN_POINT('',(-4.8,-3.2,1.7));
#16834=CARTESIAN_POINT('Origin',(-2.91363035130918,-3.8,-0.2));
#16835=CARTESIAN_POINT('',(-3.01256626484566,-3.6,-0.214549399049483));
#16836=CARTESIAN_POINT('',(-3.01256626484566,-3.8,-0.214549399049483));
#16837=CARTESIAN_POINT('',(-2.91363035130918,-3.6,-0.3));
#16838=CARTESIAN_POINT('Origin',(-2.91363035130918,-3.6,-0.2));
#16839=CARTESIAN_POINT('',(-2.91363035130918,-3.8,-0.3));
#16840=CARTESIAN_POINT('Origin',(-2.85,-3.8,-0.3));
#16841=CARTESIAN_POINT('',(-2.85,-3.6,-0.3));
#16842=CARTESIAN_POINT('',(-2.91363035130918,-3.6,-0.3));
#16843=CARTESIAN_POINT('',(-2.85,-3.8,-0.3));
#16844=CARTESIAN_POINT('Origin',(-2.85,-3.8,-0.4));
#16845=CARTESIAN_POINT('',(-2.75,-3.6,-0.4));
#16846=CARTESIAN_POINT('Origin',(-2.85,-3.6,-0.4));
#16847=CARTESIAN_POINT('',(-2.75,-3.8,-0.4));
#16848=CARTESIAN_POINT('Origin',(-2.75,-3.8,-3.8));
#16849=CARTESIAN_POINT('',(-2.75,-3.6,-0.4));
#16850=CARTESIAN_POINT('Origin',(-2.25,-3.8,-0.4));
#16851=CARTESIAN_POINT('',(-2.25,-3.6,-0.4));
#16852=CARTESIAN_POINT('',(-2.25,-3.6,-3.8));
#16853=CARTESIAN_POINT('',(-2.25,-3.8,-0.4));
#16854=CARTESIAN_POINT('Origin',(-2.15,-3.8,-0.4));
#16855=CARTESIAN_POINT('',(-2.15,-3.6,-0.3));
#16856=CARTESIAN_POINT('Origin',(-2.15,-3.6,-0.4));
#16857=CARTESIAN_POINT('',(-2.15,-3.8,-0.3));
#16858=CARTESIAN_POINT('Origin',(-2.08636964869082,-3.8,-0.3));
#16859=CARTESIAN_POINT('',(-2.08636964869082,-3.6,-0.3));
#16860=CARTESIAN_POINT('',(-2.15,-3.6,-0.3));
#16861=CARTESIAN_POINT('',(-2.08636964869082,-3.8,-0.3));
#16862=CARTESIAN_POINT('Origin',(-2.08636964869082,-3.8,-0.2));
#16863=CARTESIAN_POINT('',(-1.98743373515433,-3.6,-0.214549399049483));
#16864=CARTESIAN_POINT('Origin',(-2.08636964869082,-3.6,-0.2));
#16865=CARTESIAN_POINT('',(-1.98743373515433,-3.8,-0.214549399049483));
#16866=CARTESIAN_POINT('Origin',(-1.75,-3.8,1.4));
#16867=CARTESIAN_POINT('',(-1.98743373515433,-3.6,-0.214549399049483));
#16868=CARTESIAN_POINT('',(-1.75,-3.8,1.4));
#16869=CARTESIAN_POINT('Origin',(-1.75,-3.8,1.7));
#16870=CARTESIAN_POINT('',(-1.75,-3.2,0.85));
#16871=CARTESIAN_POINT('Origin',(-3.01256626484566,-3.8,-0.214549399049483));
#16872=CARTESIAN_POINT('',(-3.25,-3.6,1.4));
#16873=CARTESIAN_POINT('Origin',(-2.5,-3.6,-0.826291811594815));
#16874=CARTESIAN_POINT('Origin',(-4.85,-3.8,-3.7));
#16875=CARTESIAN_POINT('',(-4.95,-3.6,-3.8));
#16876=CARTESIAN_POINT('',(-4.75,-3.6,-3.6));
#16877=CARTESIAN_POINT('',(-4.1690729528987,-3.6,-3.0190729528987));
#16878=CARTESIAN_POINT('',(-4.75,-3.8,-3.6));
#16879=CARTESIAN_POINT('',(-4.75,-3.8,-3.6));
#16880=CARTESIAN_POINT('',(-4.95,-3.8,-3.8));
#16881=CARTESIAN_POINT('',(-4.1690729528987,-3.8,-3.0190729528987));
#16882=CARTESIAN_POINT('',(-4.95,-3.8,-3.8));
#16883=CARTESIAN_POINT('Origin',(-4.75,-3.8,-3.8));
#16884=CARTESIAN_POINT('',(-5.05,-3.8,-3.8));
#16885=CARTESIAN_POINT('',(-5.25,-3.8,-3.8));
#16886=CARTESIAN_POINT('',(-5.05,-3.6,-3.8));
#16887=CARTESIAN_POINT('',(-5.05,-3.8,-3.8));
#16888=CARTESIAN_POINT('',(-5.25,-3.6,-3.8));
#16889=CARTESIAN_POINT('Origin',(-5.,-3.8,-0.826291811594815));
#16890=CARTESIAN_POINT('',(-4.75,-3.8,-0.4));
#16891=CARTESIAN_POINT('',(-4.75,-3.8,-3.8));
#16892=CARTESIAN_POINT('',(-4.65,-3.8,-0.3));
#16893=CARTESIAN_POINT('Origin',(-4.65,-3.8,-0.4));
#16894=CARTESIAN_POINT('',(-4.58636964869082,-3.8,-0.3));
#16895=CARTESIAN_POINT('',(-4.65,-3.8,-0.3));
#16896=CARTESIAN_POINT('',(-4.48743373515434,-3.8,-0.214549399049483));
#16897=CARTESIAN_POINT('Origin',(-4.58636964869082,-3.8,-0.2));
#16898=CARTESIAN_POINT('',(-4.25,-3.8,1.4));
#16899=CARTESIAN_POINT('',(-4.48743373515434,-3.8,-0.214549399049483));
#16900=CARTESIAN_POINT('',(-4.25,-3.8,1.5));
#16901=CARTESIAN_POINT('',(-4.25,-3.8,1.4));
#16902=CARTESIAN_POINT('',(-5.75,-3.8,1.5));
#16903=CARTESIAN_POINT('',(-5.375,-3.8,1.5));
#16904=CARTESIAN_POINT('',(-5.75,-3.8,1.4));
#16905=CARTESIAN_POINT('',(-5.75,-3.8,1.7));
#16906=CARTESIAN_POINT('',(-5.51256626484566,-3.8,-0.214549399049483));
#16907=CARTESIAN_POINT('',(-5.75,-3.8,1.4));
#16908=CARTESIAN_POINT('',(-5.41363035130918,-3.8,-0.3));
#16909=CARTESIAN_POINT('Origin',(-5.41363035130918,-3.8,-0.2));
#16910=CARTESIAN_POINT('',(-5.35,-3.8,-0.3));
#16911=CARTESIAN_POINT('',(-5.41363035130918,-3.8,-0.3));
#16912=CARTESIAN_POINT('',(-5.25,-3.8,-0.4));
#16913=CARTESIAN_POINT('Origin',(-5.35,-3.8,-0.4));
#16914=CARTESIAN_POINT('',(-5.25,-3.8,-3.6));
#16915=CARTESIAN_POINT('',(-5.25,-3.8,-0.4));
#16916=CARTESIAN_POINT('',(-5.8309270471013,-3.8,-3.0190729528987));
#16917=CARTESIAN_POINT('Origin',(-5.15,-3.8,-3.7));
#16918=CARTESIAN_POINT('',(-5.25,-3.6,-3.6));
#16919=CARTESIAN_POINT('',(-5.8309270471013,-3.6,-3.0190729528987));
#16920=CARTESIAN_POINT('',(-5.25,-3.8,-3.6));
#16921=CARTESIAN_POINT('Origin',(-5.375,-3.5,1.4));
#16922=CARTESIAN_POINT('',(-5.75,-3.6,1.4));
#16923=CARTESIAN_POINT('',(-5.75,-3.5,1.5));
#16924=CARTESIAN_POINT('Origin',(-5.75,-3.5,1.4));
#16925=CARTESIAN_POINT('',(-4.25,-3.5,1.5));
#16926=CARTESIAN_POINT('',(-5.375,-3.5,1.5));
#16927=CARTESIAN_POINT('',(-4.25,-3.6,1.4));
#16928=CARTESIAN_POINT('Origin',(-4.25,-3.5,1.4));
#16929=CARTESIAN_POINT('',(-5.375,-3.6,1.4));
#16930=CARTESIAN_POINT('Origin',(-5.75,-3.2,1.5));
#16931=CARTESIAN_POINT('',(-5.75,-3.2,1.5));
#16932=CARTESIAN_POINT('',(-5.75,-3.2,1.5));
#16933=CARTESIAN_POINT('',(-4.25,-3.2,1.5));
#16934=CARTESIAN_POINT('',(-4.8,-3.2,1.5));
#16935=CARTESIAN_POINT('',(-4.25,-3.2,1.5));
#16936=CARTESIAN_POINT('Origin',(-5.375,-3.6,1.5));
#16937=CARTESIAN_POINT('',(-5.75,-3.6,1.7));
#16938=CARTESIAN_POINT('Origin',(-5.75,-3.6,1.5));
#16939=CARTESIAN_POINT('',(-4.25,-3.6,1.7));
#16940=CARTESIAN_POINT('Origin',(-4.25,-3.6,1.5));
#16941=CARTESIAN_POINT('',(-5.375,-3.6,1.7));
#16942=CARTESIAN_POINT('Origin',(-5.75,-3.8,1.4));
#16943=CARTESIAN_POINT('',(-5.75,-3.2,1.7));
#16944=CARTESIAN_POINT('',(-5.75,-3.8,1.7));
#16945=CARTESIAN_POINT('',(-5.75,-3.2,0.7));
#16946=CARTESIAN_POINT('',(-5.75,-3.8,1.4));
#16947=CARTESIAN_POINT('Origin',(-5.75,-3.8,1.7));
#16948=CARTESIAN_POINT('',(-4.25,-3.2,1.7));
#16949=CARTESIAN_POINT('',(-4.25,-3.8,1.7));
#16950=CARTESIAN_POINT('',(-4.8,-3.2,1.7));
#16951=CARTESIAN_POINT('Origin',(-5.41363035130918,-3.8,-0.2));
#16952=CARTESIAN_POINT('',(-5.51256626484566,-3.6,-0.214549399049483));
#16953=CARTESIAN_POINT('',(-5.51256626484566,-3.8,-0.214549399049483));
#16954=CARTESIAN_POINT('',(-5.41363035130918,-3.6,-0.3));
#16955=CARTESIAN_POINT('Origin',(-5.41363035130918,-3.6,-0.2));
#16956=CARTESIAN_POINT('',(-5.41363035130918,-3.8,-0.3));
#16957=CARTESIAN_POINT('Origin',(-5.35,-3.8,-0.3));
#16958=CARTESIAN_POINT('',(-5.35,-3.6,-0.3));
#16959=CARTESIAN_POINT('',(-5.41363035130918,-3.6,-0.3));
#16960=CARTESIAN_POINT('',(-5.35,-3.8,-0.3));
#16961=CARTESIAN_POINT('Origin',(-5.35,-3.8,-0.4));
#16962=CARTESIAN_POINT('',(-5.25,-3.6,-0.4));
#16963=CARTESIAN_POINT('Origin',(-5.35,-3.6,-0.4));
#16964=CARTESIAN_POINT('',(-5.25,-3.8,-0.4));
#16965=CARTESIAN_POINT('Origin',(-5.25,-3.8,-3.8));
#16966=CARTESIAN_POINT('',(-5.25,-3.6,-0.4));
#16967=CARTESIAN_POINT('Origin',(-4.75,-3.8,-0.4));
#16968=CARTESIAN_POINT('',(-4.75,-3.6,-0.4));
#16969=CARTESIAN_POINT('',(-4.75,-3.6,-3.8));
#16970=CARTESIAN_POINT('',(-4.75,-3.8,-0.4));
#16971=CARTESIAN_POINT('Origin',(-4.65,-3.8,-0.4));
#16972=CARTESIAN_POINT('',(-4.65,-3.6,-0.3));
#16973=CARTESIAN_POINT('Origin',(-4.65,-3.6,-0.4));
#16974=CARTESIAN_POINT('',(-4.65,-3.8,-0.3));
#16975=CARTESIAN_POINT('Origin',(-4.58636964869082,-3.8,-0.3));
#16976=CARTESIAN_POINT('',(-4.58636964869082,-3.6,-0.3));
#16977=CARTESIAN_POINT('',(-4.65,-3.6,-0.3));
#16978=CARTESIAN_POINT('',(-4.58636964869082,-3.8,-0.3));
#16979=CARTESIAN_POINT('Origin',(-4.58636964869082,-3.8,-0.2));
#16980=CARTESIAN_POINT('',(-4.48743373515434,-3.6,-0.214549399049483));
#16981=CARTESIAN_POINT('Origin',(-4.58636964869082,-3.6,-0.2));
#16982=CARTESIAN_POINT('',(-4.48743373515434,-3.8,-0.214549399049483));
#16983=CARTESIAN_POINT('Origin',(-4.25,-3.8,1.4));
#16984=CARTESIAN_POINT('',(-4.48743373515434,-3.6,-0.214549399049483));
#16985=CARTESIAN_POINT('',(-4.25,-3.8,1.4));
#16986=CARTESIAN_POINT('Origin',(-4.25,-3.8,1.7));
#16987=CARTESIAN_POINT('',(-4.25,-3.2,0.85));
#16988=CARTESIAN_POINT('Origin',(-5.51256626484566,-3.8,-0.214549399049483));
#16989=CARTESIAN_POINT('',(-5.75,-3.6,1.4));
#16990=CARTESIAN_POINT('Origin',(-5.,-3.6,-0.826291811594815));
#16991=CARTESIAN_POINT('Origin',(-9.6,-3.2,0.));
#16992=CARTESIAN_POINT('',(-6.75,-3.2,1.7));
#16993=CARTESIAN_POINT('',(-4.8,-3.2,1.7));
#16994=CARTESIAN_POINT('',(-6.75,-3.2,1.5));
#16995=CARTESIAN_POINT('',(-6.75,-3.2,0.75));
#16996=CARTESIAN_POINT('',(-4.8,-3.2,1.5));
#16997=CARTESIAN_POINT('Origin',(-9.6,-3.2,0.));
#16998=CARTESIAN_POINT('',(-4.8,-3.2,1.7));
#16999=CARTESIAN_POINT('',(-4.8,-3.2,1.5));
#17000=CARTESIAN_POINT('Origin',(-9.6,-3.2,0.));
#17001=CARTESIAN_POINT('',(-4.8,-3.2,1.7));
#17002=CARTESIAN_POINT('',(-4.8,-3.2,1.5));
#17003=CARTESIAN_POINT('Origin',(-9.6,-3.2,0.));
#17004=CARTESIAN_POINT('',(-4.8,-3.2,1.7));
#17005=CARTESIAN_POINT('',(-4.8,-3.2,1.5));
#17006=CARTESIAN_POINT('Origin',(-9.6,-3.2,0.));
#17007=CARTESIAN_POINT('',(-4.8,-3.2,1.7));
#17008=CARTESIAN_POINT('',(-4.8,-3.2,1.5));
#17009=CARTESIAN_POINT('Origin',(-9.6,-3.2,0.));
#17010=CARTESIAN_POINT('',(-4.8,-3.2,1.7));
#17011=CARTESIAN_POINT('',(-4.8,-3.2,1.5));
#17012=CARTESIAN_POINT('Origin',(-9.6,-3.2,0.));
#17013=CARTESIAN_POINT('',(9.6,-3.2,1.5));
#17014=CARTESIAN_POINT('',(-4.8,-3.2,1.5));
#17015=CARTESIAN_POINT('',(9.6,-3.2,1.7));
#17016=CARTESIAN_POINT('',(9.6,-3.2,0.));
#17017=CARTESIAN_POINT('',(-4.8,-3.2,1.7));
#17018=CARTESIAN_POINT('Origin',(-7.35,-3.8,-3.7));
#17019=CARTESIAN_POINT('',(-7.45,-3.6,-3.8));
#17020=CARTESIAN_POINT('',(-7.25,-3.6,-3.6));
#17021=CARTESIAN_POINT('',(-6.6690729528987,-3.6,-3.0190729528987));
#17022=CARTESIAN_POINT('',(-7.25,-3.8,-3.6));
#17023=CARTESIAN_POINT('',(-7.25,-3.8,-3.6));
#17024=CARTESIAN_POINT('',(-7.45,-3.8,-3.8));
#17025=CARTESIAN_POINT('',(-6.6690729528987,-3.8,-3.0190729528987));
#17026=CARTESIAN_POINT('',(-7.45,-3.8,-3.8));
#17027=CARTESIAN_POINT('Origin',(-7.25,-3.8,-3.8));
#17028=CARTESIAN_POINT('',(-7.55,-3.8,-3.8));
#17029=CARTESIAN_POINT('',(-7.75,-3.8,-3.8));
#17030=CARTESIAN_POINT('',(-7.55,-3.6,-3.8));
#17031=CARTESIAN_POINT('',(-7.55,-3.8,-3.8));
#17032=CARTESIAN_POINT('',(-7.75,-3.6,-3.8));
#17033=CARTESIAN_POINT('Origin',(-7.5,-3.8,-0.826291811594815));
#17034=CARTESIAN_POINT('',(-7.25,-3.8,-0.4));
#17035=CARTESIAN_POINT('',(-7.25,-3.8,-3.8));
#17036=CARTESIAN_POINT('',(-7.15,-3.8,-0.3));
#17037=CARTESIAN_POINT('Origin',(-7.15,-3.8,-0.4));
#17038=CARTESIAN_POINT('',(-7.08636964869082,-3.8,-0.3));
#17039=CARTESIAN_POINT('',(-7.15,-3.8,-0.3));
#17040=CARTESIAN_POINT('',(-6.98743373515434,-3.8,-0.214549399049483));
#17041=CARTESIAN_POINT('Origin',(-7.08636964869082,-3.8,-0.2));
#17042=CARTESIAN_POINT('',(-6.75,-3.8,1.4));
#17043=CARTESIAN_POINT('',(-6.98743373515434,-3.8,-0.214549399049483));
#17044=CARTESIAN_POINT('',(-6.75,-3.8,1.5));
#17045=CARTESIAN_POINT('',(-6.75,-3.8,1.4));
#17046=CARTESIAN_POINT('',(-8.25,-3.8,1.5));
#17047=CARTESIAN_POINT('',(-7.875,-3.8,1.5));
#17048=CARTESIAN_POINT('',(-8.25,-3.8,1.4));
#17049=CARTESIAN_POINT('',(-8.25,-3.8,1.7));
#17050=CARTESIAN_POINT('',(-8.01256626484566,-3.8,-0.214549399049483));
#17051=CARTESIAN_POINT('',(-8.25,-3.8,1.4));
#17052=CARTESIAN_POINT('',(-7.91363035130918,-3.8,-0.3));
#17053=CARTESIAN_POINT('Origin',(-7.91363035130918,-3.8,-0.2));
#17054=CARTESIAN_POINT('',(-7.85,-3.8,-0.3));
#17055=CARTESIAN_POINT('',(-7.91363035130918,-3.8,-0.3));
#17056=CARTESIAN_POINT('',(-7.75,-3.8,-0.4));
#17057=CARTESIAN_POINT('Origin',(-7.85,-3.8,-0.4));
#17058=CARTESIAN_POINT('',(-7.75,-3.8,-3.6));
#17059=CARTESIAN_POINT('',(-7.75,-3.8,-0.4));
#17060=CARTESIAN_POINT('',(-8.33092704710129,-3.8,-3.0190729528987));
#17061=CARTESIAN_POINT('Origin',(-7.65,-3.8,-3.7));
#17062=CARTESIAN_POINT('',(-7.75,-3.6,-3.6));
#17063=CARTESIAN_POINT('',(-8.33092704710129,-3.6,-3.0190729528987));
#17064=CARTESIAN_POINT('',(-7.75,-3.8,-3.6));
#17065=CARTESIAN_POINT('Origin',(-7.875,-3.5,1.4));
#17066=CARTESIAN_POINT('',(-8.25,-3.6,1.4));
#17067=CARTESIAN_POINT('',(-8.25,-3.5,1.5));
#17068=CARTESIAN_POINT('Origin',(-8.25,-3.5,1.4));
#17069=CARTESIAN_POINT('',(-6.75,-3.5,1.5));
#17070=CARTESIAN_POINT('',(-7.875,-3.5,1.5));
#17071=CARTESIAN_POINT('',(-6.75,-3.6,1.4));
#17072=CARTESIAN_POINT('Origin',(-6.75,-3.5,1.4));
#17073=CARTESIAN_POINT('',(-7.875,-3.6,1.4));
#17074=CARTESIAN_POINT('Origin',(-8.25,-3.2,1.5));
#17075=CARTESIAN_POINT('',(-8.25,-3.2,1.5));
#17076=CARTESIAN_POINT('',(-8.25,-3.2,1.5));
#17077=CARTESIAN_POINT('',(-4.8,-3.2,1.5));
#17078=CARTESIAN_POINT('',(-6.75,-3.2,1.5));
#17079=CARTESIAN_POINT('Origin',(-7.875,-3.6,1.5));
#17080=CARTESIAN_POINT('',(-8.25,-3.6,1.7));
#17081=CARTESIAN_POINT('Origin',(-8.25,-3.6,1.5));
#17082=CARTESIAN_POINT('',(-6.75,-3.6,1.7));
#17083=CARTESIAN_POINT('Origin',(-6.75,-3.6,1.5));
#17084=CARTESIAN_POINT('',(-7.875,-3.6,1.7));
#17085=CARTESIAN_POINT('Origin',(-8.25,-3.8,1.4));
#17086=CARTESIAN_POINT('',(-8.25,-3.2,1.7));
#17087=CARTESIAN_POINT('',(-8.25,-3.8,1.7));
#17088=CARTESIAN_POINT('',(-8.24999999999999,-3.2,0.850000000000004));
#17089=CARTESIAN_POINT('',(-8.25,-3.8,1.4));
#17090=CARTESIAN_POINT('Origin',(-8.25,-3.8,1.7));
#17091=CARTESIAN_POINT('',(-6.75,-3.8,1.7));
#17092=CARTESIAN_POINT('',(-4.8,-3.2,1.7));
#17093=CARTESIAN_POINT('Origin',(-7.91363035130918,-3.8,-0.2));
#17094=CARTESIAN_POINT('',(-8.01256626484566,-3.6,-0.214549399049483));
#17095=CARTESIAN_POINT('',(-8.01256626484566,-3.8,-0.214549399049483));
#17096=CARTESIAN_POINT('',(-7.91363035130918,-3.6,-0.3));
#17097=CARTESIAN_POINT('Origin',(-7.91363035130918,-3.6,-0.2));
#17098=CARTESIAN_POINT('',(-7.91363035130918,-3.8,-0.3));
#17099=CARTESIAN_POINT('Origin',(-7.85,-3.8,-0.3));
#17100=CARTESIAN_POINT('',(-7.85,-3.6,-0.3));
#17101=CARTESIAN_POINT('',(-7.91363035130918,-3.6,-0.3));
#17102=CARTESIAN_POINT('',(-7.85,-3.8,-0.3));
#17103=CARTESIAN_POINT('Origin',(-7.85,-3.8,-0.4));
#17104=CARTESIAN_POINT('',(-7.75,-3.6,-0.4));
#17105=CARTESIAN_POINT('Origin',(-7.85,-3.6,-0.4));
#17106=CARTESIAN_POINT('',(-7.75,-3.8,-0.4));
#17107=CARTESIAN_POINT('Origin',(-7.75,-3.8,-3.8));
#17108=CARTESIAN_POINT('',(-7.75,-3.6,-0.4));
#17109=CARTESIAN_POINT('Origin',(-7.25,-3.8,-0.4));
#17110=CARTESIAN_POINT('',(-7.25,-3.6,-0.4));
#17111=CARTESIAN_POINT('',(-7.25,-3.6,-3.8));
#17112=CARTESIAN_POINT('',(-7.25,-3.8,-0.4));
#17113=CARTESIAN_POINT('Origin',(-7.15,-3.8,-0.4));
#17114=CARTESIAN_POINT('',(-7.15,-3.6,-0.3));
#17115=CARTESIAN_POINT('Origin',(-7.15,-3.6,-0.4));
#17116=CARTESIAN_POINT('',(-7.15,-3.8,-0.3));
#17117=CARTESIAN_POINT('Origin',(-7.08636964869082,-3.8,-0.3));
#17118=CARTESIAN_POINT('',(-7.08636964869082,-3.6,-0.3));
#17119=CARTESIAN_POINT('',(-7.15,-3.6,-0.3));
#17120=CARTESIAN_POINT('',(-7.08636964869082,-3.8,-0.3));
#17121=CARTESIAN_POINT('Origin',(-7.08636964869082,-3.8,-0.2));
#17122=CARTESIAN_POINT('',(-6.98743373515434,-3.6,-0.214549399049483));
#17123=CARTESIAN_POINT('Origin',(-7.08636964869082,-3.6,-0.2));
#17124=CARTESIAN_POINT('',(-6.98743373515434,-3.8,-0.214549399049483));
#17125=CARTESIAN_POINT('Origin',(-6.75,-3.8,1.4));
#17126=CARTESIAN_POINT('',(-6.98743373515434,-3.6,-0.214549399049483));
#17127=CARTESIAN_POINT('',(-6.75,-3.8,1.4));
#17128=CARTESIAN_POINT('Origin',(-6.75,-3.8,1.7));
#17129=CARTESIAN_POINT('Origin',(-8.01256626484566,-3.8,-0.214549399049483));
#17130=CARTESIAN_POINT('',(-8.25,-3.6,1.4));
#17131=CARTESIAN_POINT('Origin',(-7.5,-3.6,-0.826291811594815));
#17132=CARTESIAN_POINT('Origin',(-9.6,-3.2,0.));
#17133=CARTESIAN_POINT('',(-4.8,-3.2,1.7));
#17134=CARTESIAN_POINT('',(-9.6,-3.2,1.5));
#17135=CARTESIAN_POINT('',(-9.6,-3.2,0.));
#17136=CARTESIAN_POINT('',(-4.8,-3.2,1.5));
#17137=CARTESIAN_POINT('Origin',(-4.8,-3.025,0.75));
#17138=CARTESIAN_POINT('',(-9.25,-2.85,0.));
#17139=CARTESIAN_POINT('',(-9.19792084168337,-2.79792084168337,-0.223196392785569));
#17140=CARTESIAN_POINT('',(9.25,-2.85,0.));
#17141=CARTESIAN_POINT('',(-4.8,-2.85,0.));
#17142=CARTESIAN_POINT('',(9.04080661322646,-2.64080661322645,-0.896543086172342));
#17143=CARTESIAN_POINT('Origin',(9.425,-1.6,0.75));
#17144=CARTESIAN_POINT('',(9.25,2.85,0.));
#17145=CARTESIAN_POINT('',(9.25,-1.6,0.));
#17146=CARTESIAN_POINT('',(9.19792084168337,2.79792084168337,-0.223196392785569));
#17147=CARTESIAN_POINT('',(9.6,-1.6,1.5));
#17148=CARTESIAN_POINT('Origin',(-4.8,-3.025,2.45));
#17149=CARTESIAN_POINT('',(9.04080661322646,-2.64080661322645,4.09654308617234));
#17150=CARTESIAN_POINT('Origin',(2.22044604925031E-15,0.,3.2));
#17151=CARTESIAN_POINT('Origin',(9.425,-1.6,2.45));
#17152=CARTESIAN_POINT('',(9.6,-1.6,1.7));
#17153=CARTESIAN_POINT('',(9.19792084168337,2.79792084168337,3.42319639278557));
#17154=CARTESIAN_POINT('Origin',(4.8,3.025,2.45));
#17155=CARTESIAN_POINT('Origin',(4.8,3.025,0.75));
#17156=CARTESIAN_POINT('',(-9.25,2.85,0.));
#17157=CARTESIAN_POINT('',(4.8,2.85,0.));
#17158=CARTESIAN_POINT('',(-9.04080661322645,2.64080661322645,-0.896543086172342));
#17159=CARTESIAN_POINT('Origin',(-9.425,1.6,0.75));
#17160=CARTESIAN_POINT('',(-9.6,1.6,1.5));
#17161=CARTESIAN_POINT('',(-9.25,1.6,0.));
#17162=CARTESIAN_POINT('Origin',(-9.6,3.2,0.));
#17163=CARTESIAN_POINT('Origin',(9.6,-3.2,0.));
#17164=CARTESIAN_POINT('Origin',(2.60208521396521E-15,-1.86482773667507E-16,
0.));
#17165=UNCERTAINTY_MEASURE_WITH_UNIT(LENGTH_MEASURE(0.01),#17169,
'DISTANCE_ACCURACY_VALUE',
'Maximum model space distance between geometric entities at asserted c
onnectivities');
#17166=UNCERTAINTY_MEASURE_WITH_UNIT(LENGTH_MEASURE(1.E-6),#17169,
'DISTANCE_ACCURACY_VALUE',
'Maximum model space distance between geometric entities at asserted c
onnectivities');
#17167=(
GEOMETRIC_REPRESENTATION_CONTEXT(3)
GLOBAL_UNCERTAINTY_ASSIGNED_CONTEXT((#17165))
GLOBAL_UNIT_ASSIGNED_CONTEXT((#17169,#17171,#17170))
REPRESENTATION_CONTEXT('','3D')
);
#17168=(
GEOMETRIC_REPRESENTATION_CONTEXT(3)
GLOBAL_UNCERTAINTY_ASSIGNED_CONTEXT((#17166))
GLOBAL_UNIT_ASSIGNED_CONTEXT((#17169,#12,#17170))
REPRESENTATION_CONTEXT('','3D')
);
#17169=(
LENGTH_UNIT()
NAMED_UNIT(*)
SI_UNIT(.MILLI.,.METRE.)
);
#17170=(
NAMED_UNIT(*)
SI_UNIT($,.STERADIAN.)
SOLID_ANGLE_UNIT()
);
#17171=(
NAMED_UNIT(*)
PLANE_ANGLE_UNIT()
SI_UNIT($,.RADIAN.)
);
#17172=SHAPE_DEFINITION_REPRESENTATION(#17173,#17174);
#17173=PRODUCT_DEFINITION_SHAPE('',$,#17176);
#17174=SHAPE_REPRESENTATION('',(#10461),#17167);
#17175=PRODUCT_DEFINITION_CONTEXT('part definition',#17180,'design');
#17176=PRODUCT_DEFINITION('ATtiny84','ATtiny84',#17177,#17175);
#17177=PRODUCT_DEFINITION_FORMATION('',$,#17182);
#17178=PRODUCT_RELATED_PRODUCT_CATEGORY('ATtiny84','ATtiny84',(#17182));
#17179=APPLICATION_PROTOCOL_DEFINITION('international standard',
'automotive_design',2009,#17180);
#17180=APPLICATION_CONTEXT(
'Core Data for Automotive Mechanical Design Process');
#17181=PRODUCT_CONTEXT('part definition',#17180,'mechanical');
#17182=PRODUCT('ATtiny84','ATtiny84',$,(#17181));
#17183=PRESENTATION_STYLE_ASSIGNMENT((#17186));
#17184=PRESENTATION_STYLE_ASSIGNMENT((#17187));
#17185=PRESENTATION_STYLE_ASSIGNMENT((#17188));
#17186=SURFACE_STYLE_USAGE(.BOTH.,#17189);
#17187=SURFACE_STYLE_USAGE(.BOTH.,#17190);
#17188=SURFACE_STYLE_USAGE(.BOTH.,#17191);
#17189=SURFACE_SIDE_STYLE($,(#17192));
#17190=SURFACE_SIDE_STYLE($,(#17193));
#17191=SURFACE_SIDE_STYLE($,(#17194));
#17192=SURFACE_STYLE_FILL_AREA(#17195);
#17193=SURFACE_STYLE_FILL_AREA(#17196);
#17194=SURFACE_STYLE_FILL_AREA(#17197);
#17195=FILL_AREA_STYLE($,(#17198));
#17196=FILL_AREA_STYLE($,(#17199));
#17197=FILL_AREA_STYLE($,(#17200));
#17198=FILL_AREA_STYLE_COLOUR($,#17201);
#17199=FILL_AREA_STYLE_COLOUR($,#17202);
#17200=FILL_AREA_STYLE_COLOUR($,#17203);
#17201=COLOUR_RGB('',0.0392156862745098,0.0392156862745098,0.0392156862745098);
#17202=COLOUR_RGB('',0.96078431372549,0.96078431372549,0.96078431372549);
#17203=COLOUR_RGB('',0.956862745098039,0.956862745098039,0.956862745098039);
ENDSEC;
END-ISO-10303-21;
