ISO-10303-21;
HEADER;
FILE_DESCRIPTION (( 'STEP AP214' ),
    '1' );
FILE_NAME ('Crystal Resonator HC-49S.STEP',
    '2022-10-30T12:35:57',
    ( '' ),
    ( '' ),
    'SwSTEP 2.0',
    'SolidWorks 2022',
    '' );
FILE_SCHEMA (( 'AUTOMOTIVE_DESIGN' ));
ENDSEC;

DATA;
#1 = ORIENTED_EDGE ( 'NONE', *, *, #5519, .T. ) ;
#2 = CARTESIAN_POINT ( 'NONE',  ( -2.207027187116112010, 3.679999999999999272, -0.1130543845160394689 ) ) ;
#3 = LINE ( 'NONE', #1059, #3835 ) ;
#4 = CARTESIAN_POINT ( 'NONE',  ( -0.9326806441591195540, 3.679999999999995275, 0.3857951688362201703 ) ) ;
#5 = CARTESIAN_POINT ( 'NONE',  ( -2.524044695183853992, 3.680000000000000160, 0.5948011706730297332 ) ) ;
#6 = UNCERTAINTY_MEASURE_WITH_UNIT (LENGTH_MEASURE( 1.000000000000000082E-05 ), #2782, 'distance_accuracy_value', 'NONE');
#7 = B_SPLINE_CURVE_WITH_KNOTS ( 'NONE', 3,
 ( #10, #4107, #6142, #933, #3113, #3488, #2985, #5017, #1653, #3149, #633, #3662, #1139, #2678, #3762, #4712, #6211, #1690, #4178 ),
 .UNSPECIFIED., .F., .F.,
 ( 4, 1, 1, 1, 1, 1, 1, 1, 1, 1, 1, 1, 1, 1, 1, 1, 4 ),
 ( 0.0000000000000000000, 0.05456394950705870106, 0.1078262027811417584, 0.1619237085214015048, 0.2175097010530397112, 0.2744983327961385555, 0.3348147646240164366, 0.3975549470643525707, 0.4647545773562002935, 0.5329012097695255967, 0.6000972138233283681, 0.6653541614565463558, 0.7310836277242082071, 0.7968834939590081490, 0.8632915901470219477, 0.9308312175092471330, 1.000000000000000000 ),
 .UNSPECIFIED. ) ;
#8 = DIRECTION ( 'NONE',  ( 0.0000000000000000000, 0.0000000000000000000, -1.000000000000000000 ) ) ;
#9 = CARTESIAN_POINT ( 'NONE',  ( 3.249999999999999112, 0.5000000000000000000, -1.899999999999999689 ) ) ;
#10 = CARTESIAN_POINT ( 'NONE',  ( -2.513217090962266198, 3.680000000000000160, -0.5144966922083471506 ) ) ;
#11 = EDGE_LOOP ( 'NONE', ( #1624, #2819, #5898, #1757, #4584 ) ) ;
#12 = EDGE_CURVE ( 'NONE', #5079, #595, #3702, .T. ) ;
#13 = ORIENTED_EDGE ( 'NONE', *, *, #4080, .F. ) ;
#14 = CARTESIAN_POINT ( 'NONE',  ( 0.2397530185733434682, 3.680000000000001492, 0.4230134304746234752 ) ) ;
#15 = CARTESIAN_POINT ( 'NONE',  ( -0.5235453498865491051, 3.630000000000000338, -0.9013173374551021189 ) ) ;
#16 = CARTESIAN_POINT ( 'NONE',  ( -2.562879493495023198, 3.629999999999999893, 0.09280515378988116182 ) ) ;
#17 = B_SPLINE_CURVE_WITH_KNOTS ( 'NONE', 3,
 ( #1131, #2010, #6576, #1202, #6204, #6171, #1616, #5721, #5683, #4706, #1093, #2735, #4777, #2238, #3140, #6286, #2195, #5177, #5759 ),
 .UNSPECIFIED., .F., .F.,
 ( 4, 1, 1, 1, 1, 1, 1, 1, 1, 1, 1, 1, 1, 1, 1, 1, 4 ),
 ( 0.0000000000000000000, 0.07855643335270223737, 0.1528628401420924487, 0.2235596934382873269, 0.2903749439782084552, 0.3554030728222039581, 0.4182911570440926430, 0.4803885637756457050, 0.5430726152062789192, 0.6049239444620945205, 0.6643983091132993346, 0.7219425547367022133, 0.7783748910546741673, 0.8338299406509399603, 0.8888612363188848065, 0.9440889395778864213, 1.000000000000000000 ),
 .UNSPECIFIED. ) ;
#18 = FILL_AREA_STYLE_COLOUR ( '', #6276 ) ;
#19 = CARTESIAN_POINT ( 'NONE',  ( 0.2752444474992724599, 3.680000000000000160, -0.1130543845160394689 ) ) ;
#20 = ORIENTED_EDGE ( 'NONE', *, *, #31, .F. ) ;
#21 = CARTESIAN_POINT ( 'NONE',  ( -1.895370100108894285, 3.630000000000000782, 0.5837525824689020482 ) ) ;
#22 = B_SPLINE_CURVE_WITH_KNOTS ( 'NONE', 3,
 ( #2483, #4511, #1423, #5076, #2417, #5467, #1981, #4574, #4020, #6607, #6481, #2035, #6113, #1923, #868, #895, #356, #4987, #3622 ),
 .UNSPECIFIED., .F., .F.,
 ( 4, 1, 1, 1, 1, 1, 1, 1, 1, 1, 1, 1, 1, 1, 1, 1, 4 ),
 ( 0.0000000000000000000, 0.05090243768365524529, 0.1010340427826156157, 0.1510838170086599708, 0.2030619875551391285, 0.2562484343627556838, 0.3108467145046019398, 0.3687690999693262195, 0.4300150403860049653, 0.4925196472738483933, 0.5560487215256779692, 0.6219956829149515531, 0.6901923690829543379, 0.7613848549885006145, 0.8363562199507224015, 0.9154870053271091379, 1.000000000000000000 ),
 .UNSPECIFIED. ) ;
#23 = CARTESIAN_POINT ( 'NONE',  ( -2.087681621405824473, 3.680000000000001048, -0.7302570003594037740 ) ) ;
#24 = EDGE_CURVE ( 'NONE', #3290, #2786, #4111, .T. ) ;
#25 = CARTESIAN_POINT ( 'NONE',  ( 2.287940503239068057, 3.630000000000000782, 0.1949223597551754950 ) ) ;
#26 = CARTESIAN_POINT ( 'NONE',  ( -0.04588062575520715503, 3.679999999999997495, -0.5200272577096725080 ) ) ;
#27 = CARTESIAN_POINT ( 'NONE',  ( 1.439933029973754719, 3.680000000000001048, 0.1040367025673501894 ) ) ;
#28 = CARTESIAN_POINT ( 'NONE',  ( -0.8533979621426793782, 3.680000000000000160, 0.1905737149566111288 ) ) ;
#29 = CARTESIAN_POINT ( 'NONE',  ( -0.7762688443536908123, 3.629999999999999449, 0.3746883762070087887 ) ) ;
#30 = CARTESIAN_POINT ( 'NONE',  ( -0.9156711912825006294, 3.680000000000000160, -0.6480204730380642042 ) ) ;
#31 = EDGE_CURVE ( 'NONE', #5186, #6473, #679, .T. ) ;
#32 = CARTESIAN_POINT ( 'NONE',  ( 0.3099517294271078027, 3.630000000000000338, -0.4549501504519899986 ) ) ;
#33 =( NAMED_UNIT ( * ) SI_UNIT ( $, .STERADIAN. ) SOLID_ANGLE_UNIT ( ) );
#34 = CARTESIAN_POINT ( 'NONE',  ( 0.1758055687026628400, 3.679999999999997495, 0.2552428758202027193 ) ) ;
#35 = FACE_OUTER_BOUND ( 'NONE', #3481, .T. ) ;
#36 = CARTESIAN_POINT ( 'NONE',  ( -1.784553600388644412, 3.679999999999998384, -0.5620801813814902959 ) ) ;
#37 = FILL_AREA_STYLE ('',( #2541 ) ) ;
#38 = CARTESIAN_POINT ( 'NONE',  ( 2.439999999999999947, 0.05000000000000012768, -0.2149999999999999412 ) ) ;
#39 = EDGE_CURVE ( 'NONE', #4108, #707, #3484, .T. ) ;
#40 = EDGE_LOOP ( 'NONE', ( #2037, #1983, #5109, #5767 ) ) ;
#41 = VERTEX_POINT ( 'NONE', #3399 ) ;
#42 = CARTESIAN_POINT ( 'NONE',  ( 0.4122237847256682852, 3.629999999999999005, -0.8374630178629554056 ) ) ;
#43 = FILL_AREA_STYLE_COLOUR ( '', #616 ) ;
#44 = COLOUR_RGB ( '',0.7686274509803920907, 0.7686274509803920907, 0.7686274509803920907 ) ;
#45 = CARTESIAN_POINT ( 'NONE',  ( -0.5117146871161122323, 3.629999999999999893, 0.6754071539454989948 ) ) ;
#46 = CARTESIAN_POINT ( 'NONE',  ( -1.988318764303742103, 3.679999999999999716, 0.6353617061726231086 ) ) ;
#47 = CARTESIAN_POINT ( 'NONE',  ( 2.304617131421812459, 3.680000000000001048, -0.3080975394639433040 ) ) ;
#48 = CARTESIAN_POINT ( 'NONE',  ( -1.705524783269958267, 3.629999999999999893, 0.2000465770224220952 ) ) ;
#49 = CARTESIAN_POINT ( 'NONE',  ( -0.9647344245234538151, 3.680000000000001048, 0.3024496666069836914 ) ) ;
#50 = CARTESIAN_POINT ( 'NONE',  ( -0.003075176270495634349, 3.680000000000000604, -0.3080975394639431930 ) ) ;
#51 = PRESENTATION_LAYER_ASSIGNMENT (  '', '', ( #5078 ) ) ;
#52 = ORIENTED_EDGE ( 'NONE', *, *, #3239, .T. ) ;
#53 = STYLED_ITEM ( 'NONE', ( #4441 ), #4720 ) ;
#54 = CARTESIAN_POINT ( 'NONE',  ( 0.9645732200285018765, 3.679999999999999272, 0.2745161672461609581 ) ) ;
#55 = CARTESIAN_POINT ( 'NONE',  ( -0.9893866704684401991, 3.630000000000001226, -0.4301607659489333768 ) ) ;
#56 = CIRCLE ( 'NONE', #3396, 0.2149999999999999412 ) ;
#57 = MECHANICAL_DESIGN_GEOMETRIC_PRESENTATION_REPRESENTATION (  '', ( #2531 ), #4033 ) ;
#58 = CARTESIAN_POINT ( 'NONE',  ( -2.501528707849575817, 3.630000000000000338, -0.5823064596343272559 ) ) ;
#59 = ADVANCED_FACE ( 'NONE', ( #2895, #6317 ), #4737, .T. ) ;
#60 = LINE ( 'NONE', #4116, #1031 ) ;
#61 = CARTESIAN_POINT ( 'NONE',  ( 0.3612405306840436592, 3.680000000000000160, 0.3496025440466699608 ) ) ;
#62 = ORIENTED_EDGE ( 'NONE', *, *, #6389, .F. ) ;
#63 = CARTESIAN_POINT ( 'NONE',  ( -2.201705257457262199, 3.629999999999999893, 0.5212915107773682388 ) ) ;
#64 = CARTESIAN_POINT ( 'NONE',  ( -1.793412609895912002, 3.629999999999999005, -0.04834410500571763303 ) ) ;
#65 = CARTESIAN_POINT ( 'NONE',  ( -1.959963497371361774, 3.680000000000001048, -0.6389322185550636579 ) ) ;
#66 = CARTESIAN_POINT ( 'NONE',  ( 2.312882627194202900, 3.630000000000000782, -0.04481925449197887018 ) ) ;
#67 = CARTESIAN_POINT ( 'NONE',  ( -0.5117146871161122323, 3.629999999999999893, -0.9015159229775778771 ) ) ;
#68 = CARTESIAN_POINT ( 'NONE',  ( 1.795977620576195255, 3.629999999999999893, 0.6754071539454989948 ) ) ;
#69 = COLOUR_RGB ( '',0.7686274509803920907, 0.7686274509803920907, 0.7686274509803920907 ) ;
#70 = DIRECTION ( 'NONE',  ( 0.0000000000000000000, 0.0000000000000000000, 1.000000000000000000 ) ) ;
#71 = CARTESIAN_POINT ( 'NONE',  ( -0.8784511619021994067, 3.680000000000001936, -0.05413492297189156921 ) ) ;
#72 =( NAMED_UNIT ( * ) SI_UNIT ( $, .STERADIAN. ) SOLID_ANGLE_UNIT ( ) );
#73 = CARTESIAN_POINT ( 'NONE',  ( 0.3333762969441319002, 3.629999999999999005, -0.5201775989611071571 ) ) ;
#74 =( GEOMETRIC_REPRESENTATION_CONTEXT ( 3 ) GLOBAL_UNCERTAINTY_ASSIGNED_CONTEXT ( ( #611 ) ) GLOBAL_UNIT_ASSIGNED_CONTEXT ( ( #2903, #369, #910 ) ) REPRESENTATION_CONTEXT ( 'NONE', 'WORKASPACE' ) );
#75 = B_SPLINE_SURFACE_WITH_KNOTS ( 'NONE', 3, 1, ( 
 ( #5897, #321 ),
 ( #5929, #3354 ),
 ( #2244, #231 ),
 ( #795, #2275 ),
 ( #4881, #4316 ),
 ( #260, #2884 ),
 ( #295, #2742 ),
 ( #4384, #6420 ),
 ( #1335, #3387 ),
 ( #832, #2376 ),
 ( #3761, #4286 ),
 ( #5802, #1208 ),
 ( #3257, #4786 ),
 ( #5287, #699 ),
 ( #196, #5994 ),
 ( #6018, #889 ),
 ( #5577, #2000 ),
 ( #5491, #6533 ),
 ( #3546, #4044 ) ),
 .UNSPECIFIED., .F., .F., .F.,
 ( 4, 1, 1, 1, 1, 1, 1, 1, 1, 1, 1, 1, 1, 1, 1, 1, 4 ),
 ( 2, 2 ),
 ( 0.0000000000000000000, 0.05885358602866799099, 0.1163154589633510205, 0.1726748434114561415, 0.2287803868808989116, 0.2845803591252746845, 0.3402565063845451321, 0.3966298050124565377, 0.4535072628751918855, 0.5123181897799952145, 0.5726484440568309076, 0.6360219358218005548, 0.7023629463891930547, 0.7714830560569292395, 0.8441844774899007753, 0.9200697939721534935, 1.000000000000000000 ),
 ( 0.0000000000000000000, 1.000000000000000000 ),
 .UNSPECIFIED. ) ;
#76 = CARTESIAN_POINT ( 'NONE',  ( -0.06093335438874673132, 3.679999999999995719, 0.3371752162165860822 ) ) ;
#77 = CARTESIAN_POINT ( 'NONE',  ( 2.129188098509981142, 3.680000000000002380, -0.4753088270986003394 ) ) ;
#78 = CARTESIAN_POINT ( 'NONE',  ( -1.918521456448081253, 3.680000000000000604, -0.4867906644647453929 ) ) ;
#79 = CARTESIAN_POINT ( 'NONE',  ( 2.147837517059509427, 3.629999999999998117, 0.1813333426727402331 ) ) ;
#80 = CARTESIAN_POINT ( 'NONE',  ( -0.1669671627649059742, 3.679999999999997051, -0.4385118635079116589 ) ) ;
#81 = CARTESIAN_POINT ( 'NONE',  ( -1.809943853501160049, 3.680000000000001048, 0.4995063332687882385 ) ) ;
#82 = CARTESIAN_POINT ( 'NONE',  ( 2.297183604587980543, 3.680000000000000604, -0.3665578894240124064 ) ) ;
#83 = FACE_OUTER_BOUND ( 'NONE', #2009, .T. ) ;
#84 = CARTESIAN_POINT ( 'NONE',  ( 0.9569836289069625357, 3.629999999999999005, 0.2949889125815163271 ) ) ;
#85 = CARTESIAN_POINT ( 'NONE',  ( -0.6149870761004676556, 3.630000000000000782, 0.6641806601897408679 ) ) ;
#86 = CARTESIAN_POINT ( 'NONE',  ( -2.652691956359805037, 3.680000000000000604, 0.4574633124820900454 ) ) ;
#87 = B_SPLINE_SURFACE_WITH_KNOTS ( 'NONE', 3, 1, ( 
 ( #2948, #1948 ),
 ( #416, #1920 ),
 ( #1447, #3958 ),
 ( #5996, #1416 ),
 ( #5493, #297 ),
 ( #2350, #2479 ),
 ( #6422, #1852 ),
 ( #5932, #3390 ),
 ( #2543, #2095 ),
 ( #3655, #519 ),
 ( #2002, #3108 ),
 ( #2030, #3142 ),
 ( #4171, #1022 ),
 ( #4045, #6108 ),
 ( #3549, #1617 ),
 ( #4598, #4101 ),
 ( #2640, #987 ),
 ( #5578, #2573 ),
 ( #4532, #2 ) ),
 .UNSPECIFIED., .F., .F., .F.,
 ( 4, 1, 1, 1, 1, 1, 1, 1, 1, 1, 1, 1, 1, 1, 1, 1, 4 ),
 ( 2, 2 ),
 ( 0.0000000000000000000, 0.05733942592015886519, 0.1130633316232408647, 0.1691814487493786545, 0.2257745596549406708, 0.2838263038920841308, 0.3434542790864921757, 0.4059069615102774420, 0.4713922597696836303, 0.5380028337126935289, 0.6030635561963494373, 0.6676018307634223881, 0.7322254428169061580, 0.7970048098289858052, 0.8630479900344344424, 0.9303569870570447264, 1.000000000000000000 ),
 ( 0.0000000000000000000, 1.000000000000000000 ),
 .UNSPECIFIED. ) ;
#88 = EDGE_CURVE ( 'NONE', #1179, #674, #17, .T. ) ;
#89 = CARTESIAN_POINT ( 'NONE',  ( 2.088054647004256470, 3.630000000000000338, -0.7953408740158951495 ) ) ;
#90 = CARTESIAN_POINT ( 'NONE',  ( -2.724755552500727429, 3.629999999999999893, 0.2123662885608836037 ) ) ;
#91 = CARTESIAN_POINT ( 'NONE',  ( -0.8721516517663859824, 3.680000000000001492, 0.4897084084938399529 ) ) ;
#92 = FACE_BOUND ( 'NONE', #3519, .T. ) ;
#93 = ORIENTED_EDGE ( 'NONE', *, *, #2422, .T. ) ;
#94 = ORIENTED_EDGE ( 'NONE', *, *, #822, .T. ) ;
#95 = CARTESIAN_POINT ( 'NONE',  ( 0.6421314667300419554, 3.680000000000000604, 0.6754071539454989948 ) ) ;
#96 = FILL_AREA_STYLE_COLOUR ( '', #4238 ) ;
#97 = CARTESIAN_POINT ( 'NONE',  ( -2.383973896378004831, 3.629999999999999893, -0.7093299809070584550 ) ) ;
#98 = FACE_OUTER_BOUND ( 'NONE', #3826, .T. ) ;
#99 = CARTESIAN_POINT ( 'NONE',  ( 1.159583446858470923, 3.679999999999997051, -0.1354927300369349330 ) ) ;
#100 = ORIENTED_EDGE ( 'NONE', *, *, #4840, .T. ) ;
#101 = FILL_AREA_STYLE_COLOUR ( '', #3500 ) ;
#102 = CARTESIAN_POINT ( 'NONE',  ( -1.917063244808419720, 3.680000000000000160, -0.5175014999006547489 ) ) ;
#103 = CARTESIAN_POINT ( 'NONE',  ( 0.1407696420942300963, 3.630000000000000338, -0.1364951605779704813 ) ) ;
#104 = CARTESIAN_POINT ( 'NONE',  ( -2.208229110193035361, 3.629999999999999893, -0.9015159229775778771 ) ) ;
#105 = B_SPLINE_CURVE_WITH_KNOTS ( 'NONE', 3,
 ( #3895, #3397, #304, #4955, #4359, #4854, #5432, #2454, #6452, #2952, #842, #4485, #4926, #329, #2382 ),
 .UNSPECIFIED., .F., .F.,
 ( 4, 1, 1, 1, 1, 1, 1, 1, 1, 1, 1, 1, 4 ),
 ( 0.0000000000000000000, 0.1128134007444580589, 0.2253938839207293710, 0.3395948145627009640, 0.4596754102248634677, 0.5217351900879331206, 0.5839258387389163474, 0.6481741447653696087, 0.7138810381130663574, 0.7810044549073893450, 0.8514509275565553814, 0.9240506926641780527, 1.000000000000000000 ),
 .UNSPECIFIED. ) ;
#106 = CARTESIAN_POINT ( 'NONE',  ( -1.004718964642955070, 3.630000000000000782, -0.3150872671391601876 ) ) ;
#107 = ADVANCED_FACE ( 'NONE', ( #83 ), #2131, .T. ) ;
#108 = PLANE ( 'NONE',  #3413 ) ;
#109 = CARTESIAN_POINT ( 'NONE',  ( 0.1490534990541879656, 3.629999999999999893, 0.08899704713222957031 ) ) ;
#110 = CARTESIAN_POINT ( 'NONE',  ( -1.864896345717588444, 3.679999999999999272, -0.1172372848205787271 ) ) ;
#111 = CARTESIAN_POINT ( 'NONE',  ( -3.249999999999999112, 3.180000000000000160, 0.0000000000000000000 ) ) ;
#112 = CARTESIAN_POINT ( 'NONE',  ( -0.1310619054995703636, 3.679999999999999716, -0.2180024922135024024 ) ) ;
#113 = CARTESIAN_POINT ( 'NONE',  ( 2.165116227399594084, 3.680000000000000160, -0.7121319088907783756 ) ) ;
#114 = CARTESIAN_POINT ( 'NONE',  ( -2.518374641394644620, 3.679999999999997939, 0.4057343320919005181 ) ) ;
#115 = CARTESIAN_POINT ( 'NONE',  ( 0.6421314667300419554, 3.629999999999999893, -0.9015159229775778771 ) ) ;
#116 = CARTESIAN_POINT ( 'NONE',  ( -2.284874577186091660, 3.679999999999999716, -0.1071704197681786763 ) ) ;
#117 =( NAMED_UNIT ( * ) PLANE_ANGLE_UNIT ( ) SI_UNIT ( $, .RADIAN. ) );
#118 = CARTESIAN_POINT ( 'NONE',  ( -1.995488725577650557, 3.680000000000000160, -0.1986914037468087424 ) ) ;
#119 = CARTESIAN_POINT ( 'NONE',  ( 2.246002973334568775, 3.680000000000000604, -0.5642831114839580442 ) ) ;
#120 = CARTESIAN_POINT ( 'NONE',  ( -0.9326806441591195540, 3.679999999999998828, 0.3857951688362201703 ) ) ;
#121 = SURFACE_SIDE_STYLE ('',( #2705 ) ) ;
#122 = ORIENTED_EDGE ( 'NONE', *, *, #3630, .F. ) ;
#123 = EDGE_LOOP ( 'NONE', ( #6097, #5531, #1210, #3468 ) ) ;
#124 = EDGE_CURVE ( 'NONE', #3592, #2733, #1721, .T. ) ;
#125 = CARTESIAN_POINT ( 'NONE',  ( -2.422603098324667137, 3.629999999999999449, -0.3431595746918016387 ) ) ;
#126 = CARTESIAN_POINT ( 'NONE',  ( -0.9781514619250195608, 3.629999999999999449, -0.4812613761502044785 ) ) ;
#127 = CARTESIAN_POINT ( 'NONE',  ( -2.508199123800502583, 3.629999999999999449, -0.5604788126045798791 ) ) ;
#128 = SURFACE_STYLE_USAGE ( .BOTH. , #741 ) ;
#129 = CARTESIAN_POINT ( 'NONE',  ( 0.8756892490726827516, 3.679999999999998384, -0.8376006540887755980 ) ) ;
#130 = CARTESIAN_POINT ( 'NONE',  ( -1.941866103786513920, 3.679999999999998384, 0.4265064581002523947 ) ) ;
#131 = CARTESIAN_POINT ( 'NONE',  ( -0.6151224350690187581, 3.680000000000000604, -0.8903203986510360712 ) ) ;
#132 = CARTESIAN_POINT ( 'NONE',  ( -3.250000000000001332, 0.0000000000000000000, -2.499999999999999112 ) ) ;
#133 = UNCERTAINTY_MEASURE_WITH_UNIT (LENGTH_MEASURE( 1.000000000000000082E-05 ), #5357, 'distance_accuracy_value', 'NONE');
#134 = CARTESIAN_POINT ( 'NONE',  ( 0.6069740215511425507, 3.630000000000000338, 0.6748131893471166487 ) ) ;
#135 = CARTESIAN_POINT ( 'NONE',  ( 1.866778781200032489, 3.679999999999997051, 0.6703570112509497081 ) ) ;
#136 =( NAMED_UNIT ( * ) SI_UNIT ( $, .STERADIAN. ) SOLID_ANGLE_UNIT ( ) );
#137 = CARTESIAN_POINT ( 'NONE',  ( -2.655224543337770804, 3.629999999999998561, -0.01744475009675720487 ) ) ;
#138 = CARTESIAN_POINT ( 'NONE',  ( 1.431860145145656737, 3.680000000000000160, -0.2288744940549597706 ) ) ;
#139 = CARTESIAN_POINT ( 'NONE',  ( -2.618113986730316700, 3.680000000000001048, -0.3794221892671238994 ) ) ;
#140 = STYLED_ITEM ( 'NONE', ( #1411 ), #4114 ) ;
#141 = CIRCLE ( 'NONE', #5288, 1.899999999999999689 ) ;
#142 = CARTESIAN_POINT ( 'NONE',  ( 3.249999999999998224, 0.0000000000000000000, -2.499999999999999112 ) ) ;
#143 = CARTESIAN_POINT ( 'NONE',  ( -1.783150730029857245, 3.680000000000000160, -0.5289781797072989900 ) ) ;
#144 = CARTESIAN_POINT ( 'NONE',  ( -0.3628067276316220835, 3.629999999999999005, -0.7112136031175656514 ) ) ;
#145 = CARTESIAN_POINT ( 'NONE',  ( -2.707787233541421923, 3.680000000000000160, 0.09119070399456283282 ) ) ;
#146 = CARTESIAN_POINT ( 'NONE',  ( 1.800484832114657374, 3.629999999999999893, -0.7476697691314242444 ) ) ;
#147 = PLANE ( 'NONE',  #4882 ) ;
#148 = CARTESIAN_POINT ( 'NONE',  ( -2.589068345303973118, 3.630000000000001226, 0.1845375763421287230 ) ) ;
#149 = CARTESIAN_POINT ( 'NONE',  ( -1.013217090962265976, 3.629999999999999893, -0.1124534229775779742 ) ) ;
#150 = CARTESIAN_POINT ( 'NONE',  ( -0.9885466526306628809, 3.629999999999999893, 0.2037647460570418123 ) ) ;
#151 = MECHANICAL_DESIGN_GEOMETRIC_PRESENTATION_REPRESENTATION (  '', ( #4217 ), #1887 ) ;
#152 = FACE_OUTER_BOUND ( 'NONE', #3232, .T. ) ;
#153 = CARTESIAN_POINT ( 'NONE',  ( -0.5468721322950118591, 3.680000000000000604, 0.6748131893471167597 ) ) ;
#154 = CARTESIAN_POINT ( 'NONE',  ( 2.178583368947930143, 3.680000000000000604, -0.05953894067806887735 ) ) ;
#155 = ORIENTED_EDGE ( 'NONE', *, *, #2314, .T. ) ;
#156 = EDGE_CURVE ( 'NONE', #3011, #941, #4740, .T. ) ;
#157 = CIRCLE ( 'NONE', #2631, 2.500000000000000444 ) ;
#158 = CARTESIAN_POINT ( 'NONE',  ( -2.507838163519016117, 3.679999999999997939, -0.4683175685767943519 ) ) ;
#159 = CARTESIAN_POINT ( 'NONE',  ( -1.881991432876809922, 3.679999999999999272, 0.05834736846272516042 ) ) ;
#160 = CARTESIAN_POINT ( 'NONE',  ( 1.025244447499272793, 3.629999999999999893, -0.1130543845160394689 ) ) ;
#161 = PRESENTATION_LAYER_ASSIGNMENT (  '', '', ( #2523 ) ) ;
#162 = CARTESIAN_POINT ( 'NONE',  ( -1.978628984746512609, 3.679999999999999716, -0.2082390361609942064 ) ) ;
#163 = CARTESIAN_POINT ( 'NONE',  ( 1.159044860627039819, 3.629999999999998117, -0.1803889511128611012 ) ) ;
#164 = EDGE_LOOP ( 'NONE', ( #1348, #5082, #4646, #6550 ) ) ;
#165 = CARTESIAN_POINT ( 'NONE',  ( -1.454180904253730588, 3.629999999999999893, 0.5061874048662510228 ) ) ;
#166 = CARTESIAN_POINT ( 'NONE',  ( -2.411443858641839189, 3.630000000000001670, 0.4836018124856032996 ) ) ;
#167 = CARTESIAN_POINT ( 'NONE',  ( 0.5007724193852303163, 3.630000000000000782, -0.7113250861540983960 ) ) ;
#168 = CARTESIAN_POINT ( 'NONE',  ( -1.714710743111943048, 3.629999999999999893, 0.1098168325652153776 ) ) ;
#169 = CARTESIAN_POINT ( 'NONE',  ( 0.2598484642815935275, 3.629999999999999893, 0.4576970189226607921 ) ) ;
#170 = COLOUR_RGB ( '',0.7686274509803920907, 0.7686274509803920907, 0.7686274509803920907 ) ;
#171 = COLOUR_RGB ( '',0.7686274509803920907, 0.7686274509803920907, 0.7686274509803920907 ) ;
#172 = CARTESIAN_POINT ( 'NONE',  ( 1.831654680087737574, 3.629999999999999005, 0.6748878034458535291 ) ) ;
#173 = CARTESIAN_POINT ( 'NONE',  ( -0.1924456765571521677, 3.629999999999999449, -0.7701568731001783297 ) ) ;
#174 =( NAMED_UNIT ( * ) SI_UNIT ( $, .STERADIAN. ) SOLID_ANGLE_UNIT ( ) );
#175 = EDGE_CURVE ( 'NONE', #6621, #1004, #1161, .T. ) ;
#176 = EDGE_CURVE ( 'NONE', #1185, #5937, #1272, .T. ) ;
#177 = VECTOR ( 'NONE', #1620, 1000.000000000000000 ) ;
#178 = PRESENTATION_LAYER_ASSIGNMENT (  '', '', ( #1145 ) ) ;
#179 = CARTESIAN_POINT ( 'NONE',  ( 1.463797883273260547, 3.679999999999998384, -0.4549501504519899431 ) ) ;
#180 = AXIS2_PLACEMENT_3D ( 'NONE', #2643, #6174, #3581 ) ;
#181 = CARTESIAN_POINT ( 'NONE',  ( -0.4089245655841682314, 3.679999999999999716, 0.5063086653902783008 ) ) ;
#182 = CARTESIAN_POINT ( 'NONE',  ( -0.1186772397922994521, 3.630000000000000782, 0.4515117150197842655 ) ) ;
#183 = SURFACE_SIDE_STYLE ('',( #3717 ) ) ;
#184 = CARTESIAN_POINT ( 'NONE',  ( 1.982374561403711155, 3.629999999999999005, -0.6878514479104985702 ) ) ;
#185 = PRESENTATION_STYLE_ASSIGNMENT (( #4702 ) ) ;
#186 = PLANE ( 'NONE',  #4438 ) ;
#187 = CARTESIAN_POINT ( 'NONE',  ( 2.179090601345426315, 3.629999999999999893, -0.1130543845160394689 ) ) ;
#188 = CARTESIAN_POINT ( 'NONE',  ( -2.501121712778688000, 3.680000000000001048, -0.1579953935213113947 ) ) ;
#189 = VECTOR ( 'NONE', #3374, 1000.000000000000000 ) ;
#190 = CARTESIAN_POINT ( 'NONE',  ( -2.564442979324326632, 3.679999999999999272, 0.3348048782082747032 ) ) ;
#191 = CARTESIAN_POINT ( 'NONE',  ( -2.036090749824215340, 3.630000000000001670, -0.7074136669319084358 ) ) ;
#192 = CARTESIAN_POINT ( 'NONE',  ( -2.174358877918535882, 3.680000000000000604, 0.5207664591597714887 ) ) ;
#193 = CARTESIAN_POINT ( 'NONE',  ( -2.589555914122058322, 3.680000000000000160, 0.2303438884470139780 ) ) ;
#194 = MECHANICAL_DESIGN_GEOMETRIC_PRESENTATION_REPRESENTATION (  '', ( #5978 ), #3604 ) ;
#195 = B_SPLINE_SURFACE_WITH_KNOTS ( 'NONE', 3, 1, ( 
 ( #641, #3925 ),
 ( #2817, #1345 ),
 ( #1387, #1924 ),
 ( #4452, #2318 ),
 ( #3992, #6000 ),
 ( #3361, #3433 ),
 ( #3333, #2355 ),
 ( #3458, #5904 ),
 ( #5362, #869 ),
 ( #3862, #2922 ),
 ( #5394, #6482 ) ),
 .UNSPECIFIED., .F., .F., .F.,
 ( 4, 1, 1, 1, 1, 1, 1, 1, 4 ),
 ( 2, 2 ),
 ( 0.0000000000000000000, 0.1105883385953362746, 0.2245417540535959711, 0.3425034940501040515, 0.4643240984173579444, 0.5907560327017664648, 0.7222274753555143478, 0.8588428362087242585, 1.000000000000000000 ),
 ( 0.0000000000000000000, 1.000000000000000000 ),
 .UNSPECIFIED. ) ;
#196 = CARTESIAN_POINT ( 'NONE',  ( -2.533717797272354577, 3.629999999999999005, -0.1366715098307865472 ) ) ;
#197 = ORIENTED_EDGE ( 'NONE', *, *, #2534, .T. ) ;
#198 = FILL_AREA_STYLE_COLOUR ( '', #4115 ) ;
#199 = B_SPLINE_SURFACE_WITH_KNOTS ( 'NONE', 3, 1, ( 
 ( #1133, #4102 ),
 ( #4172, #6206 ),
 ( #6109, #4638 ),
 ( #4599, #116 ),
 ( #2167, #6080 ),
 ( #1509, #3032 ),
 ( #5579, #1580 ),
 ( #5111, #480 ),
 ( #2544, #2574 ),
 ( #2032, #1541 ),
 ( #3616, #3579 ),
 ( #5650, #5353 ),
 ( #5890, #5251 ),
 ( #2737, #3253 ),
 ( #4781, #4844 ),
 ( #4739, #226 ),
 ( #148, #764 ),
 ( #5280, #2197 ),
 ( #1173, #292 ) ),
 .UNSPECIFIED., .F., .F., .F.,
 ( 4, 1, 1, 1, 1, 1, 1, 1, 1, 1, 1, 1, 1, 1, 1, 1, 4 ),
 ( 2, 2 ),
 ( 0.0000000000000000000, 0.07126869258656132189, 0.1398117850281266061, 0.2064974320993716583, 0.2715352442755392115, 0.3360818306156439506, 0.4005283877476352727, 0.4649838426509143030, 0.5300503053616140159, 0.5944234089533962928, 0.6555827099825232152, 0.7148491056365313678, 0.7721150638706003599, 0.8289992113006470209, 0.8851221627752364762, 0.9420793532637977696, 1.000000000000000000 ),
 ( 0.0000000000000000000, 1.000000000000000000 ),
 .UNSPECIFIED. ) ;
#200 = CARTESIAN_POINT ( 'NONE',  ( -1.840140167885343070, 3.680000000000000604, 0.2027509039454990225 ) ) ;
#201 = CARTESIAN_POINT ( 'NONE',  ( 1.702201282828607498, 3.630000000000000782, 0.5060575432019169817 ) ) ;
#202 = CARTESIAN_POINT ( 'NONE',  ( -1.338893028549337227, 3.679999999999999716, 0.6557291287823703296 ) ) ;
#203 = DIRECTION ( 'NONE',  ( 0.0000000000000000000, 1.000000000000000000, 0.0000000000000000000 ) ) ;
#204 = CARTESIAN_POINT ( 'NONE',  ( 0.8130563250922404617, 3.679999999999996607, -0.8692146474260492583 ) ) ;
#205 = EDGE_LOOP ( 'NONE', ( #5607, #6421 ) ) ;
#206 = ORIENTED_EDGE ( 'NONE', *, *, #5991, .T. ) ;
#207 = CARTESIAN_POINT ( 'NONE',  ( 0.3618755864805973665, 3.629999999999999893, -0.5762433685113901305 ) ) ;
#208 = CARTESIAN_POINT ( 'NONE',  ( -1.446991335574393522, 3.680000000000000160, 0.4825306445187934057 ) ) ;
#209 = UNCERTAINTY_MEASURE_WITH_UNIT (LENGTH_MEASURE( 1.000000000000000082E-05 ), #1675, 'distance_accuracy_value', 'NONE');
#210 =( LENGTH_UNIT ( ) NAMED_UNIT ( * ) SI_UNIT ( .MILLI., .METRE. ) );
#211 = CARTESIAN_POINT ( 'NONE',  ( 1.831654680087737574, 3.679999999999996163, 0.6748878034458535291 ) ) ;
#212 = CARTESIAN_POINT ( 'NONE',  ( 1.795977620576195255, 3.629999999999999893, 0.6754071539454989948 ) ) ;
#213 = CARTESIAN_POINT ( 'NONE',  ( -2.636237961622950543, 3.630000000000000338, -0.04259311248076955853 ) ) ;
#214 = CARTESIAN_POINT ( 'NONE',  ( 2.439999999999999947, 0.05000000000000000278, -0.3000000000000000999 ) ) ;
#215 = CARTESIAN_POINT ( 'NONE',  ( -2.439999999999999947, 0.0000000000000000000, 0.3000000000000000999 ) ) ;
#216 = CARTESIAN_POINT ( 'NONE',  ( 3.249999999999999112, 3.180000000000000160, 8.673617379884039416E-16 ) ) ;
#217 = CARTESIAN_POINT ( 'NONE',  ( 0.7910394262145316047, 3.629999999999999893, -0.7112136031175657624 ) ) ;
#218 = CARTESIAN_POINT ( 'NONE',  ( -0.2767952467405265793, 3.680000000000000160, 0.4212972271129389323 ) ) ;
#219 = ADVANCED_FACE ( 'NONE', ( #1873 ), #5571, .T. ) ;
#220 = CARTESIAN_POINT ( 'NONE',  ( -2.562773867149978457, 3.629999999999999449, -0.2968464739268013020 ) ) ;
#221 = CARTESIAN_POINT ( 'NONE',  ( 2.115983643282222548, 3.630000000000000338, -0.5095091075989407470 ) ) ;
#222 = CARTESIAN_POINT ( 'NONE',  ( -1.774801131043326707, 3.680000000000000604, -0.02397131636367434704 ) ) ;
#223 = CARTESIAN_POINT ( 'NONE',  ( 2.151525664480356426, 3.629999999999999449, -0.3995362814424763265 ) ) ;
#224 = CARTESIAN_POINT ( 'NONE',  ( 1.481700789029411380, 3.630000000000000782, -0.7713745073540299035 ) ) ;
#225 = CARTESIAN_POINT ( 'NONE',  ( 0.6421314667300419554, 3.680000000000000160, -0.9015159229775778771 ) ) ;
#226 = CARTESIAN_POINT ( 'NONE',  ( -2.583761897486414050, 3.679999999999998828, 0.1529145278306952016 ) ) ;
#227 = CARTESIAN_POINT ( 'NONE',  ( -0.1292987679133706935, 3.629999999999999449, -0.1663518433583049405 ) ) ;
#228 = FILL_AREA_STYLE_COLOUR ( '', #44 ) ;
#229 = CARTESIAN_POINT ( 'NONE',  ( -2.590140167885343292, 3.680000000000000604, 0.2168735000993451401 ) ) ;
#230 =( LENGTH_UNIT ( ) NAMED_UNIT ( * ) SI_UNIT ( .MILLI., .METRE. ) );
#231 = CARTESIAN_POINT ( 'NONE',  ( -2.724018419110477929, 3.679999999999998828, 0.1810390783104283974 ) ) ;
#232 = EDGE_LOOP ( 'NONE', ( #1664, #2147, #925, #5620 ) ) ;
#233 = CARTESIAN_POINT ( 'NONE',  ( 1.446406019123311459, 3.679999999999999272, -0.3759940567165692138 ) ) ;
#234 = CARTESIAN_POINT ( 'NONE',  ( 1.294615062568520880, 3.679999999999999272, -0.08861185062333415408 ) ) ;
#235 =( NAMED_UNIT ( * ) SI_UNIT ( $, .STERADIAN. ) SOLID_ANGLE_UNIT ( ) );
#236 = CARTESIAN_POINT ( 'NONE',  ( 2.178919690835643852, 3.630000000000000782, -0.09502250833317596457 ) ) ;
#237 = CARTESIAN_POINT ( 'NONE',  ( 1.159044860627039819, 3.679999999999995719, -0.1803889511128611012 ) ) ;
#238 = EDGE_CURVE ( 'NONE', #3763, #5663, #5389, .T. ) ;
#239 = ORIENTED_EDGE ( 'NONE', *, *, #880, .F. ) ;
#240 = ORIENTED_EDGE ( 'NONE', *, *, #3036, .F. ) ;
#241 = CARTESIAN_POINT ( 'NONE',  ( 0.6466386782685031864, 3.629999999999999893, -0.7476697691314242444 ) ) ;
#242 =( NAMED_UNIT ( * ) PLANE_ANGLE_UNIT ( ) SI_UNIT ( $, .RADIAN. ) );
#243 = CARTESIAN_POINT ( 'NONE',  ( 0.3032980106972943957, 3.629999999999999893, -0.7440990805603756586 ) ) ;
#244 = CARTESIAN_POINT ( 'NONE',  ( -0.7416223691204859580, 3.630000000000001226, -0.8374630178629562938 ) ) ;
#245 = CARTESIAN_POINT ( 'NONE',  ( 0.6958467298172861248, 3.630000000000000338, -0.7450596256095285419 ) ) ;
#246 = CARTESIAN_POINT ( 'NONE',  ( 1.294475216730041733, 3.629999999999999893, -0.1124534229775779742 ) ) ;
#247 = CARTESIAN_POINT ( 'NONE',  ( 1.816875689052569687, 3.630000000000000338, -0.7468003486258715240 ) ) ;
#248 = CARTESIAN_POINT ( 'NONE',  ( -1.705524783269958489, 3.680000000000000604, 0.2000465770224221229 ) ) ;
#249 = CARTESIAN_POINT ( 'NONE',  ( 2.069063757502570766, 3.629999999999999893, -0.5978657301826297843 ) ) ;
#250 = CARTESIAN_POINT ( 'NONE',  ( 1.784146957805758493, 3.629999999999999893, -0.9013173374551021189 ) ) ;
#251 = EDGE_CURVE ( 'NONE', #5841, #3654, #4981, .T. ) ;
#252 = CARTESIAN_POINT ( 'NONE',  ( 0.6069730461889697448, 3.629999999999999005, -0.9009257655664462128 ) ) ;
#253 = MECHANICAL_DESIGN_GEOMETRIC_PRESENTATION_REPRESENTATION (  '', ( #5176 ), #2188 ) ;
#254 = CARTESIAN_POINT ( 'NONE',  ( 0.4348176980390127122, 3.680000000000000160, 0.4385180809487588816 ) ) ;
#255 = CARTESIAN_POINT ( 'NONE',  ( -2.215741129423804523, 3.629999999999999893, -0.7476697691314242444 ) ) ;
#256 = CARTESIAN_POINT ( 'NONE',  ( 1.817095262824262258, 3.680000000000000604, 0.5208762368943951060 ) ) ;
#257 =( LENGTH_UNIT ( ) NAMED_UNIT ( * ) SI_UNIT ( .MILLI., .METRE. ) );
#258 = CARTESIAN_POINT ( 'NONE',  ( 2.166477034327281892, 3.629999999999999893, 0.4845116065617087742 ) ) ;
#259 = CARTESIAN_POINT ( 'NONE',  ( -1.705524783269958267, 3.680000000000000604, 0.2000465770224220952 ) ) ;
#260 = CARTESIAN_POINT ( 'NONE',  ( -2.707787233541421923, 3.629999999999999893, 0.09119070399456283282 ) ) ;
#261 = EDGE_LOOP ( 'NONE', ( #3664, #3459, #5593, #4605 ) ) ;
#262 = CARTESIAN_POINT ( 'NONE',  ( 1.159859832114657596, 3.629999999999999893, -0.1124534229775779742 ) ) ;
#263 = SURFACE_STYLE_USAGE ( .BOTH. , #4852 ) ;
#264 = CLOSED_SHELL ( 'NONE', ( #4023, #4720, #4030, #3710, #2656, #668, #3023, #436, #1074, #59, #527, #2818, #2115, #4784, #1399, #2836, #414, #5187, #1951, #5560, #2561, #4041, #4929, #3498, #6158, #4408, #985, #6584, #1378, #3956, #3323, #2476, #1169, #1585, #348, #3299, #2615, #1584, #3332, #5451, #4430, #1867, #219, #1361, #3379, #1939, #5444, #1439, #5125, #3406, #1349, #3172, #2455, #4180, #5894, #5124, #4356, #2966, #4214, #3052, #3809, #5634, #5750, #6296, #1228, #1643, #1184, #4626, #3062, #2307, #371, #2267, #2345, #6258, #2049, #4114, #2128, #1655, #1239, #2861, #1714, #107, #968, #1125, #2846 ) ) ;
#265 = CARTESIAN_POINT ( 'NONE',  ( 0.3004481917034749205, 3.629999999999998561, 0.1905737149566111011 ) ) ;
#266 = MECHANICAL_DESIGN_GEOMETRIC_PRESENTATION_REPRESENTATION (  '', ( #5188 ), #803 ) ;
#267 = ORIENTED_EDGE ( 'NONE', *, *, #88, .T. ) ;
#268 = CARTESIAN_POINT ( 'NONE',  ( -1.845906896655078455, 3.679999999999998384, 0.2647129949474436583 ) ) ;
#269 = CARTESIAN_POINT ( 'NONE',  ( 0.7910394262145316047, 3.680000000000000160, -0.7112136031175657624 ) ) ;
#270 = UNCERTAINTY_MEASURE_WITH_UNIT (LENGTH_MEASURE( 1.000000000000000082E-05 ), #894, 'distance_accuracy_value', 'NONE');
#271 = CARTESIAN_POINT ( 'NONE',  ( 2.262973865064904277, 3.679999999999999716, 0.2933602969551767359 ) ) ;
#272 = B_SPLINE_SURFACE_WITH_KNOTS ( 'NONE', 3, 1, ( 
 ( #732, #4945 ),
 ( #5989, #1409 ),
 ( #3136, #5604 ),
 ( #79, #3175 ),
 ( #4631, #4595 ),
 ( #5213, #6633 ),
 ( #623, #3103 ),
 ( #6597, #2027 ),
 ( #2055, #1056 ),
 ( #2092, #5646 ),
 ( #1614, #580 ) ),
 .UNSPECIFIED., .F., .F., .F.,
 ( 4, 1, 1, 1, 1, 1, 1, 1, 4 ),
 ( 2, 2 ),
 ( 0.0000000000000000000, 0.1105883385953366077, 0.2245417540535959988, 0.3425034940501042735, 0.4643240984173581665, 0.5907560327017666868, 0.7222274753555146809, 0.8588428362087243695, 1.000000000000000000 ),
 ( 0.0000000000000000000, 1.000000000000000000 ),
 .UNSPECIFIED. ) ;
#273 = EDGE_CURVE ( 'NONE', #2206, #5937, #1956, .T. ) ;
#274 =( GEOMETRIC_REPRESENTATION_CONTEXT ( 3 ) GLOBAL_UNCERTAINTY_ASSIGNED_CONTEXT ( ( #3095 ) ) GLOBAL_UNIT_ASSIGNED_CONTEXT ( ( #1499, #971, #6023 ) ) REPRESENTATION_CONTEXT ( 'NONE', 'WORKASPACE' ) );
#275 = CARTESIAN_POINT ( 'NONE',  ( 2.439999999999999947, -3.499999999999999556, 0.0000000000000000000 ) ) ;
#276 = CARTESIAN_POINT ( 'NONE',  ( 1.342957883168854449, 3.680000000000002380, 0.3024496666069834139 ) ) ;
#277 = CARTESIAN_POINT ( 'NONE',  ( 0.1406290628838879619, 3.629999999999999893, -0.1124534229775779742 ) ) ;
#278 = B_SPLINE_CURVE_WITH_KNOTS ( 'NONE', 3,
 ( #6246, #4244, #4208, #2065, #3112, #5147, #6177, #1689, #3728, #5765, #1177, #6356, #5865, #2308, #2809, #3856, #768, #5387, #737, #4818, #3325, #5829, #5419, #2845, #1278, #1726, #2779 ),
 .UNSPECIFIED., .F., .F.,
 ( 4, 1, 1, 1, 1, 1, 1, 1, 1, 1, 1, 1, 1, 1, 1, 1, 1, 1, 1, 1, 1, 1, 1, 1, 4 ),
 ( 0.0000000000000000000, 0.03378811616271007456, 0.06719393237387977225, 0.09986241085682522056, 0.1325666121262581987, 0.1651511732547864264, 0.1979131873557917753, 0.2313190035669615285, 0.2650832782673732679, 0.2992553087581145688, 0.3343985665049784561, 0.3699428235093078499, 0.4062835607000609972, 0.4440638196985082775, 0.4829977068727754896, 0.5233544466133043249, 0.5655365896041490981, 0.6096129240658193504, 0.6563908113764169716, 0.7058854949364571363, 0.7583245002617310382, 0.8138317829411501059, 0.8727945590393898501, 0.9347222295400740011, 1.000000000000000000 ),
 .UNSPECIFIED. ) ;
#279 = CARTESIAN_POINT ( 'NONE',  ( 0.9152176036564174666, 3.630000000000000782, -0.5978657301826298953 ) ) ;
#280 = STYLED_ITEM ( 'NONE', ( #3858 ), #2049 ) ;
#281 = CARTESIAN_POINT ( 'NONE',  ( -0.2969025282144888700, 3.679999999999999716, 0.4404177906756157612 ) ) ;
#282 = CARTESIAN_POINT ( 'NONE',  ( -0.1912600742176329971, 3.679999999999996607, 0.5427442978721668254 ) ) ;
#283 = LINE ( 'NONE', #4401, #189 ) ;
#284 = CARTESIAN_POINT ( 'NONE',  ( 1.588663851885166789, 3.630000000000000338, 0.4385180809487589926 ) ) ;
#285 = CARTESIAN_POINT ( 'NONE',  ( -0.3405045081206015678, 3.680000000000000604, 0.6423244333718797217 ) ) ;
#286 = CARTESIAN_POINT ( 'NONE',  ( -1.947542112073701537, 3.629999999999999449, -0.01739222236046925399 ) ) ;
#287 = CARTESIAN_POINT ( 'NONE',  ( -1.330524783269958267, 3.680000000000000160, 0.4061763847147297768 ) ) ;
#288 = CARTESIAN_POINT ( 'NONE',  ( -1.978628984746512609, 3.629999999999999449, -0.2082390361609942064 ) ) ;
#289 = CARTESIAN_POINT ( 'NONE',  ( 0.2585598744594709841, 3.680000000000000160, -0.6823670154693972645 ) ) ;
#290 = STYLED_ITEM ( 'NONE', ( #639 ), #2561 ) ;
#291 =( NAMED_UNIT ( * ) SI_UNIT ( $, .STERADIAN. ) SOLID_ANGLE_UNIT ( ) );
#292 = CARTESIAN_POINT ( 'NONE',  ( -2.590140167885343292, 3.679999999999999272, 0.2168735000993451401 ) ) ;
#293 = CARTESIAN_POINT ( 'NONE',  ( -0.1288375017324251692, 3.629999999999999449, -0.1310833441666290899 ) ) ;
#294 = CARTESIAN_POINT ( 'NONE',  ( 1.025244447499272793, 3.629999999999999893, -0.1130543845160394689 ) ) ;
#295 = CARTESIAN_POINT ( 'NONE',  ( -2.697762507912154106, 3.629999999999999893, 0.06290958720000432158 ) ) ;
#296 = ORIENTED_EDGE ( 'NONE', *, *, #5507, .F. ) ;
#297 = CARTESIAN_POINT ( 'NONE',  ( -1.854687850217318967, 3.679999999999998828, 0.1135529213146722477 ) ) ;
#298 = CARTESIAN_POINT ( 'NONE',  ( 1.429232463373130146, 3.679999999999998828, -0.1722754738825201803 ) ) ;
#299 = CARTESIAN_POINT ( 'NONE',  ( -2.479862410898534097, 3.629999999999999449, -0.2265459221089470565 ) ) ;
#300 = CARTESIAN_POINT ( 'NONE',  ( 1.429241145790109080, 3.629999999999999893, -0.05413492297189157615 ) ) ;
#301 = EDGE_CURVE ( 'NONE', #941, #3863, #501, .T. ) ;
#302 = UNCERTAINTY_MEASURE_WITH_UNIT (LENGTH_MEASURE( 1.000000000000000082E-05 ), #5915, 'distance_accuracy_value', 'NONE');
#303 = CARTESIAN_POINT ( 'NONE',  ( 0.3612405306840436592, 3.629999999999999893, 0.3496025440466699608 ) ) ;
#304 = CARTESIAN_POINT ( 'NONE',  ( -0.4574104777888859941, 3.630000000000000782, 0.5195081242649456366 ) ) ;
#305 = ORIENTED_EDGE ( 'NONE', *, *, #2763, .F. ) ;
#306 = CARTESIAN_POINT ( 'NONE',  ( 0.3333762969441319002, 3.629999999999999005, -0.5201775989611071571 ) ) ;
#307 = CARTESIAN_POINT ( 'NONE',  ( -1.400317377237780381, 3.679999999999999272, 0.4260653636447729875 ) ) ;
#308 = CARTESIAN_POINT ( 'NONE',  ( 2.209702136222441382, 3.679999999999998828, 0.4158690181570808275 ) ) ;
#309 = FACE_OUTER_BOUND ( 'NONE', #3704, .T. ) ;
#310 = CARTESIAN_POINT ( 'NONE',  ( 1.358021596103819340, 3.680000000000002824, 0.3458017785468927019 ) ) ;
#311 = CARTESIAN_POINT ( 'NONE',  ( -0.5237111529772287000, 3.629999999999999449, 0.5207344913679607945 ) ) ;
#312 = DIRECTION ( 'NONE',  ( -0.0000000000000000000, 1.000000000000000000, -0.0000000000000000000 ) ) ;
#313 = CARTESIAN_POINT ( 'NONE',  ( -0.2185474678327686271, 3.679999999999997051, 0.5681031572849438716 ) ) ;
#314 = CARTESIAN_POINT ( 'NONE',  ( -0.1912600742176329971, 3.680000000000000604, 0.5427442978721668254 ) ) ;
#315 = CARTESIAN_POINT ( 'NONE',  ( -0.5072074755776505572, 3.680000000000000160, -0.7476697691314242444 ) ) ;
#316 = CARTESIAN_POINT ( 'NONE',  ( -1.225880067309814025, 3.680000000000000160, 0.4611288387717021320 ) ) ;
#317 = CARTESIAN_POINT ( 'NONE',  ( -0.4905970448680454510, 3.680000000000000160, 0.5208762368943952170 ) ) ;
#318 = SURFACE_STYLE_FILL_AREA ( #2972 ) ;
#319 = CARTESIAN_POINT ( 'NONE',  ( 0.4122237847256682852, 3.679999999999999716, -0.8374630178629554056 ) ) ;
#320 = CARTESIAN_POINT ( 'NONE',  ( -0.1286017063468814781, 3.680000000000000160, -0.1130543845160394689 ) ) ;
#321 = CARTESIAN_POINT ( 'NONE',  ( -2.724755552500727429, 3.679999999999998828, 0.2123662885608836037 ) ) ;
#322 = ORIENTED_EDGE ( 'NONE', *, *, #4140, .F. ) ;
#323 = CARTESIAN_POINT ( 'NONE',  ( 1.134094349392914092, 3.630000000000000338, 0.1949223597551754950 ) ) ;
#324 = CARTESIAN_POINT ( 'NONE',  ( 1.515721740326751554, 3.679999999999999272, -0.5762433685113895754 ) ) ;
#325 = CARTESIAN_POINT ( 'NONE',  ( 1.588663851885166789, 3.679999999999995719, 0.4385180809487589926 ) ) ;
#326 = CARTESIAN_POINT ( 'NONE',  ( 1.435372474037264201, 3.630000000000000338, 0.05507090122515059805 ) ) ;
#327 =( LENGTH_UNIT ( ) NAMED_UNIT ( * ) SI_UNIT ( .MILLI., .METRE. ) );
#328 = CARTESIAN_POINT ( 'NONE',  ( -0.5567759744430561542, 3.629999999999999893, 0.5190785959586219356 ) ) ;
#329 = CARTESIAN_POINT ( 'NONE',  ( -0.1892729338176515896, 3.629999999999999893, 0.2745161672461610136 ) ) ;
#330 = ORIENTED_EDGE ( 'NONE', *, *, #4806, .F. ) ;
#331 = EDGE_LOOP ( 'NONE', ( #3081, #4498, #6483, #3635 ) ) ;
#332 = CARTESIAN_POINT ( 'NONE',  ( -2.439999999999999947, 0.05000000000000000278, -0.3000000000000000999 ) ) ;
#333 = CARTESIAN_POINT ( 'NONE',  ( -0.7756465888545878151, 3.679999999999999716, -0.6012999545053008266 ) ) ;
#334 = CARTESIAN_POINT ( 'NONE',  ( 2.189015067900009104, 3.680000000000001048, 0.4515117150197843210 ) ) ;
#335 = CARTESIAN_POINT ( 'NONE',  ( 1.310152959918983395, 3.630000000000000338, 0.1484287315833060505 ) ) ;
#336 = CARTESIAN_POINT ( 'NONE',  ( -2.096817236107183291, 3.630000000000000782, 0.5087819224558502995 ) ) ;
#337 = CARTESIAN_POINT ( 'NONE',  ( 0.005734427749679269458, 3.629999999999999893, -0.08951460528861866772 ) ) ;
#338 = CARTESIAN_POINT ( 'NONE',  ( 1.800484832114657596, 3.630000000000000338, 0.5215610000993452511 ) ) ;
#339 = CARTESIAN_POINT ( 'NONE',  ( -0.03158258998950137092, 3.679999999999999716, 0.2458128376699937889 ) ) ;
#340 = CARTESIAN_POINT ( 'NONE',  ( 1.109127711218751422, 3.680000000000000604, 0.2933602969551767914 ) ) ;
#341 = CARTESIAN_POINT ( 'NONE',  ( -0.2408363367600146465, 3.679999999999998828, 0.3767878714466541545 ) ) ;
#342 = CARTESIAN_POINT ( 'NONE',  ( 1.807911152195770699, 3.629999999999999893, 0.6752334376781268244 ) ) ;
#343 = CARTESIAN_POINT ( 'NONE',  ( -1.013076511751924036, 3.680000000000000604, -0.1364951605779704813 ) ) ;
#344 = SURFACE_SIDE_STYLE ('',( #4716 ) ) ;
#345 = CARTESIAN_POINT ( 'NONE',  ( -2.377970279552167110, 3.680000000000000604, -0.8732370710562478155 ) ) ;
#346 = CARTESIAN_POINT ( 'NONE',  ( -1.455069597874754539, 3.630000000000000782, 0.5227123648656802901 ) ) ;
#347 = CARTESIAN_POINT ( 'NONE',  ( 0.3546068678691693954, 3.629999999999999449, -0.7957648289813760156 ) ) ;
#348 = ADVANCED_FACE ( 'NONE', ( #6321 ), #272, .T. ) ;
#349 = FILL_AREA_STYLE ('',( #1504 ) ) ;
#350 = VERTEX_POINT ( 'NONE', #214 ) ;
#351 = CARTESIAN_POINT ( 'NONE',  ( 1.500489231856663830, 3.679999999999996163, 0.3224517141456207381 ) ) ;
#352 = CARTESIAN_POINT ( 'NONE',  ( 1.692569872623289173, 3.629999999999999893, -0.8903203986510359602 ) ) ;
#353 = UNCERTAINTY_MEASURE_WITH_UNIT (LENGTH_MEASURE( 1.000000000000000082E-05 ), #6242, 'distance_accuracy_value', 'NONE');
#354 = CARTESIAN_POINT ( 'NONE',  ( -0.8329346581220937740, 3.629999999999997673, -0.4890562694957942269 ) ) ;
#355 = COLOUR_RGB ( '',0.7686274509803920907, 0.7686274509803920907, 0.7686274509803920907 ) ;
#356 = CARTESIAN_POINT ( 'NONE',  ( -2.181016869480822962, 3.680000000000001048, -0.7469506327315486027 ) ) ;
#357 = CARTESIAN_POINT ( 'NONE',  ( 0.2752444474992724599, 3.680000000000001048, -0.1130543845160394689 ) ) ;
#358 = ORIENTED_EDGE ( 'NONE', *, *, #2507, .F. ) ;
#359 = DIRECTION ( 'NONE',  ( 0.0000000000000000000, -0.0000000000000000000, 1.000000000000000000 ) ) ;
#360 = CARTESIAN_POINT ( 'NONE',  ( -0.8784598443191784511, 3.629999999999999005, -0.1722754738825201803 ) ) ;
#361 = CARTESIAN_POINT ( 'NONE',  ( 1.966902478938393761, 3.629999999999999449, -0.8692146474260487032 ) ) ;
#362 = CARTESIAN_POINT ( 'NONE',  ( 1.319145655061645606, 3.630000000000000782, 0.2037647460570417568 ) ) ;
#363 = CARTESIAN_POINT ( 'NONE',  ( -1.378709747198519908, 3.630000000000000782, 0.6475004796393282192 ) ) ;
#364 = CARTESIAN_POINT ( 'NONE',  ( -0.8784511619021994067, 3.630000000000000338, -0.05413492297189156921 ) ) ;
#365 = CARTESIAN_POINT ( 'NONE',  ( -0.2185474678327686271, 3.630000000000000782, 0.5681031572849438716 ) ) ;
#366 = ORIENTED_EDGE ( 'NONE', *, *, #2534, .F. ) ;
#367 = CARTESIAN_POINT ( 'NONE',  ( -3.249999999999999112, 3.680000000000000160, 0.0000000000000000000 ) ) ;
#368 = PRESENTATION_LAYER_ASSIGNMENT (  '', '', ( #4651 ) ) ;
#369 =( NAMED_UNIT ( * ) PLANE_ANGLE_UNIT ( ) SI_UNIT ( $, .RADIAN. ) );
#370 = EDGE_CURVE ( 'NONE', #1279, #3290, #588, .T. ) ;
#371 = ADVANCED_FACE ( 'NONE', ( #3087 ), #1791, .T. ) ;
#372 = CARTESIAN_POINT ( 'NONE',  ( -0.09799017146986548077, 3.679999999999998828, 0.4158690181570810496 ) ) ;
#373 = CARTESIAN_POINT ( 'NONE',  ( -1.868210811288339990, 3.679999999999999716, -0.7478124856829629907 ) ) ;
#374 = B_SPLINE_CURVE_WITH_KNOTS ( 'NONE', 3,
 ( #3757, #6388, #1204, #3283, #3818, #1820, #3852, #1752, #1302, #5861, #3785, #6352, #730, #1274, #3350, #2775, #4815, #791, #2839, #4874, #4203, #6241, #1684, #3725, #5761, #3218, #2700 ),
 .UNSPECIFIED., .F., .F.,
 ( 4, 1, 1, 1, 1, 1, 1, 1, 1, 1, 1, 1, 1, 1, 1, 1, 1, 1, 1, 1, 1, 1, 1, 1, 4 ),
 ( 0.0000000000000000000, 0.06859462225874242425, 0.1332460424433009327, 0.1943125864682561654, 0.2512792231169661550, 0.3045134392563468295, 0.3542349066533251323, 0.4004805887739889547, 0.4434107549384918578, 0.4840148686163451286, 0.5232523007732029496, 0.5610423727283602169, 0.5979002393644000657, 0.6335184888561955496, 0.6683143511696516548, 0.7024956712863822395, 0.7366853535134586517, 0.7702931693607889541, 0.8034372550192491191, 0.8359129516660287473, 0.8684602457892909300, 0.9008465382431828372, 0.9334665246307075614, 0.9662575752981233945, 1.000000000000000000 ),
 .UNSPECIFIED. ) ;
#375 = CARTESIAN_POINT ( 'NONE',  ( 1.073841958697586474, 3.679999999999999716, -0.6050747405586920369 ) ) ;
#376 = PRESENTATION_STYLE_ASSIGNMENT (( #2936 ) ) ;
#377 =( NAMED_UNIT ( * ) SI_UNIT ( $, .STERADIAN. ) SOLID_ANGLE_UNIT ( ) );
#378 = CARTESIAN_POINT ( 'NONE',  ( 0.5970701794030977005, 3.680000000000000160, 0.5190785959586221576 ) ) ;
#379 =( LENGTH_UNIT ( ) NAMED_UNIT ( * ) SI_UNIT ( .MILLI., .METRE. ) );
#380 = VECTOR ( 'NONE', #5912, 1000.000000000000000 ) ;
#381 = CARTESIAN_POINT ( 'NONE',  ( -2.208229110193035361, 3.629999999999999893, -0.9015159229775778771 ) ) ;
#382 = CARTESIAN_POINT ( 'NONE',  ( 0.6069730461889697448, 3.679999999999999716, -0.9009257655664462128 ) ) ;
#383 = CARTESIAN_POINT ( 'NONE',  ( -2.508199123800502583, 3.679999999999999716, -0.5604788126045798791 ) ) ;
#384 = STYLED_ITEM ( 'NONE', ( #6318 ), #2267 ) ;
#385 = VERTEX_POINT ( 'NONE', #6169 ) ;
#386 = CARTESIAN_POINT ( 'NONE',  ( 0.9625860796285204968, 3.629999999999999449, 0.5427442978721668254 ) ) ;
#387 = FACE_BOUND ( 'NONE', #4257, .T. ) ;
#388 = CARTESIAN_POINT ( 'NONE',  ( 1.596345366918909381, 3.630000000000000782, -0.8546199058411397820 ) ) ;
#389 = PRESENTATION_LAYER_ASSIGNMENT (  '', '', ( #2218 ) ) ;
#390 = CARTESIAN_POINT ( 'NONE',  ( -0.5237977293291389280, 3.629999999999999005, -0.7467991491397438786 ) ) ;
#391 = CARTESIAN_POINT ( 'NONE',  ( 0.6778085262415839418, 3.629999999999999893, 0.6748878034458535291 ) ) ;
#392 = CARTESIAN_POINT ( 'NONE',  ( -1.282122944891726180, 3.629999999999998561, 0.4143215093585778108 ) ) ;
#393 = ORIENTED_EDGE ( 'NONE', *, *, #6556, .T. ) ;
#394 = PRESENTATION_LAYER_ASSIGNMENT (  '', '', ( #6398 ) ) ;
#395 = DIRECTION ( 'NONE',  ( 0.0000000000000000000, 0.0000000000000000000, -1.000000000000000000 ) ) ;
#396 =( NAMED_UNIT ( * ) PLANE_ANGLE_UNIT ( ) SI_UNIT ( $, .RADIAN. ) );
#397 = FILL_AREA_STYLE ('',( #875 ) ) ;
#398 = CARTESIAN_POINT ( 'NONE',  ( 0.5968376935433973296, 3.680000000000000604, -0.7450563230951847693 ) ) ;
#399 = EDGE_LOOP ( 'NONE', ( #5703, #2069, #305, #1918 ) ) ;
#400 = B_SPLINE_SURFACE_WITH_KNOTS ( 'NONE', 3, 1, ( 
 ( #4433, #2971 ),
 ( #855, #317 ),
 ( #4038, #914 ),
 ( #6041, #3539 ),
 ( #405, #2935 ),
 ( #5003, #6072 ),
 ( #4499, #1467 ),
 ( #1367, #5542 ),
 ( #2369, #2906 ),
 ( #4405, #341 ),
 ( #2402, #2530 ),
 ( #5675, #3098 ),
 ( #5598, #3169 ),
 ( #5135, #5063 ),
 ( #4093, #1122 ) ),
 .UNSPECIFIED., .F., .F., .F.,
 ( 4, 1, 1, 1, 1, 1, 1, 1, 1, 1, 1, 1, 4 ),
 ( 2, 2 ),
 ( 0.0000000000000000000, 0.1128134007444580589, 0.2253938839207293710, 0.3395948145627009640, 0.4596754102248634677, 0.5217351900879331206, 0.5839258387389163474, 0.6481741447653696087, 0.7138810381130663574, 0.7810044549073893450, 0.8514509275565553814, 0.9240506926641780527, 1.000000000000000000 ),
 ( 0.0000000000000000000, 1.000000000000000000 ),
 .UNSPECIFIED. ) ;
#401 = CARTESIAN_POINT ( 'NONE',  ( -0.5117146871161122323, 3.679999999999996163, 0.6754071539454989948 ) ) ;
#402 = CARTESIAN_POINT ( 'NONE',  ( -0.02010410553495802638, 3.630000000000000338, -0.4213105659790586932 ) ) ;
#403 = CARTESIAN_POINT ( 'NONE',  ( -2.134146874797579141, 3.630000000000000782, -0.1075646159804556218 ) ) ;
#404 = CARTESIAN_POINT ( 'NONE',  ( -1.993039422155069351, 3.680000000000000160, -0.8493536423683283321 ) ) ;
#405 = CARTESIAN_POINT ( 'NONE',  ( -0.3618544498346272231, 3.630000000000000782, 0.4863931484772732183 ) ) ;
#406 = CARTESIAN_POINT ( 'NONE',  ( 2.066855970932293562, 3.629999999999999449, 0.3767878714466541545 ) ) ;
#407 = CARTESIAN_POINT ( 'NONE',  ( -2.521326307934118383, 3.629999999999999893, -0.7874922221901123898 ) ) ;
#408 = SURFACE_STYLE_USAGE ( .BOTH. , #2440 ) ;
#409 = CARTESIAN_POINT ( 'NONE',  ( -1.784270127126682981, 3.680000000000000604, -0.4641530383138203764 ) ) ;
#410 = CARTESIAN_POINT ( 'NONE',  ( 0.6069740215511425507, 3.679999999999998384, 0.6748131893471166487 ) ) ;
#411 = CARTESIAN_POINT ( 'NONE',  ( 1.011695119621838668, 3.680000000000000604, 0.09106425096286435705 ) ) ;
#412 = CARTESIAN_POINT ( 'NONE',  ( -2.333255310609881228, 3.680000000000001048, -0.7310512655050013242 ) ) ;
#413 = FACE_OUTER_BOUND ( 'NONE', #1825, .T. ) ;
#414 = ADVANCED_FACE ( 'NONE', ( #1128 ), #3048, .T. ) ;
#415 = ORIENTED_EDGE ( 'NONE', *, *, #1611, .F. ) ;
#416 = CARTESIAN_POINT ( 'NONE',  ( -1.840528388685476191, 3.629999999999999893, 0.1925177579791082505 ) ) ;
#417 = CARTESIAN_POINT ( 'NONE',  ( -1.782447860193035138, 3.679999999999999716, -0.5123933268237318428 ) ) ;
#418 = CARTESIAN_POINT ( 'NONE',  ( 1.433824705274385103, 3.629999999999999893, -0.7145689256493740205 ) ) ;
#419 = CARTESIAN_POINT ( 'NONE',  ( 0.5483551289824538655, 3.629999999999999449, 0.5060575432019168707 ) ) ;
#420 = CARTESIAN_POINT ( 'NONE',  ( 0.6421314667300419554, 3.629999999999999893, 0.6754071539454989948 ) ) ;
#421 = CARTESIAN_POINT ( 'NONE',  ( 1.816875689052569687, 3.680000000000000604, -0.7468003486258715240 ) ) ;
#422 = ORIENTED_EDGE ( 'NONE', *, *, #4757, .T. ) ;
#423 = CARTESIAN_POINT ( 'NONE',  ( -2.590140167885343292, 3.680000000000000604, 0.2168735000993451401 ) ) ;
#424 = VERTEX_POINT ( 'NONE', #582 ) ;
#425 = CARTESIAN_POINT ( 'NONE',  ( -2.210332475577650779, 3.680000000000000160, -0.2669005383621932959 ) ) ;
#426 = CARTESIAN_POINT ( 'NONE',  ( -0.8785534719032154216, 3.680000000000000160, -0.1331901202385292193 ) ) ;
#427 = CARTESIAN_POINT ( 'NONE',  ( -2.647832475577650779, 3.680000000000000160, -0.5166000575929625693 ) ) ;
#428 = APPLICATION_PROTOCOL_DEFINITION ( 'draft international standard', 'automotive_design', 1998, #5896 ) ;
#429 =( NAMED_UNIT ( * ) PLANE_ANGLE_UNIT ( ) SI_UNIT ( $, .RADIAN. ) );
#430 = CARTESIAN_POINT ( 'NONE',  ( -0.1412152733650254843, 3.629999999999999449, 0.4845116065617086631 ) ) ;
#431 = B_SPLINE_CURVE_WITH_KNOTS ( 'NONE', 3,
 ( #3208, #3746, #4731, #1265, #3274, #5344, #5787, #1295, #6275, #5306, #2693, #5748, #6309, #5883, #179, #2189, #3342, #718, #1809, #138, #1774, #4832, #3844 ),
 .UNSPECIFIED., .F., .F.,
 ( 4, 1, 1, 1, 1, 1, 1, 1, 1, 1, 1, 1, 1, 1, 1, 1, 1, 1, 1, 1, 4 ),
 ( 0.0000000000000000000, 0.06038661931106264341, 0.1208832485859957367, 0.1827546186251392535, 0.2478110297583515642, 0.2812991000432491506, 0.3150876241506568864, 0.3497023955502754355, 0.3848565811185559182, 0.4209661972261021790, 0.4585111882611392353, 0.4971747221273122297, 0.5376020478662693058, 0.5805030184200117294, 0.6274675400267046843, 0.6783882095592433936, 0.7339832205925604924, 0.7937467045508348473, 0.8577136721607321324, 0.9266978643613860145, 1.000000000000000000 ),
 .UNSPECIFIED. ) ;
#432 = CARTESIAN_POINT ( 'NONE',  ( 2.030077425402637470, 3.629999999999999449, 0.6104187710414505919 ) ) ;
#433 = CARTESIAN_POINT ( 'NONE',  ( 1.500489231856663830, 3.680000000000001048, 0.3224517141456207381 ) ) ;
#434 = CARTESIAN_POINT ( 'NONE',  ( -2.043366350268128073, 3.680000000000001048, -0.8724524523665482256 ) ) ;
#435 = CARTESIAN_POINT ( 'NONE',  ( 1.159583446858470923, 3.679999999999999716, -0.1354927300369349330 ) ) ;
#436 = ADVANCED_FACE ( 'NONE', ( #2873 ), #186, .F. ) ;
#437 = CARTESIAN_POINT ( 'NONE',  ( 0.3618755864805973665, 3.680000000000000160, -0.5762433685113901305 ) ) ;
#438 = CARTESIAN_POINT ( 'NONE',  ( -1.959963497371361774, 3.630000000000000782, -0.6389322185550636579 ) ) ;
#439 = FILL_AREA_STYLE_COLOUR ( '', #2635 ) ;
#440 = CARTESIAN_POINT ( 'NONE',  ( 0.4432441252697915668, 3.679999999999997495, 0.6291298927570959654 ) ) ;
#441 = CARTESIAN_POINT ( 'NONE',  ( -2.063487896203243910, 3.680000000000000604, -0.3007264117602208020 ) ) ;
#442 = CARTESIAN_POINT ( 'NONE',  ( -2.428883250425158735, 3.680000000000001492, -0.6790440108781699013 ) ) ;
#443 = CARTESIAN_POINT ( 'NONE',  ( 2.088054647004256470, 3.680000000000000604, -0.7953408740158951495 ) ) ;
#444 = CARTESIAN_POINT ( 'NONE',  ( 0.7919917040115268536, 3.630000000000000782, 0.4863931484772730518 ) ) ;
#445 = CARTESIAN_POINT ( 'NONE',  ( 1.800484832114657374, 3.679999999999995275, 0.5215610000993451401 ) ) ;
#446 = CARTESIAN_POINT ( 'NONE',  ( 1.596345366918909381, 3.680000000000000160, -0.8546199058411397820 ) ) ;
#447 = B_SPLINE_SURFACE_WITH_KNOTS ( 'NONE', 3, 1, ( 
 ( #48, #259 ),
 ( #4383, #1334 ),
 ( #3386, #5418 ),
 ( #4315, #2883 ),
 ( #5459, #2912 ),
 ( #1916, #3953 ),
 ( #1412, #5993 ),
 ( #2976, #5009 ),
 ( #3069, #3138 ),
 ( #6282, #81 ),
 ( #6202, #5514 ) ),
 .UNSPECIFIED., .F., .F., .F.,
 ( 4, 1, 1, 1, 1, 1, 1, 1, 4 ),
 ( 2, 2 ),
 ( 0.0000000000000000000, 0.1281581855276743009, 0.2536731361531688322, 0.3773253059734891779, 0.4993845547646066918, 0.6229183680423455716, 0.7458393931045763647, 0.8713952850140291861, 1.000000000000000000 ),
 ( 0.0000000000000000000, 1.000000000000000000 ),
 .UNSPECIFIED. ) ;
#448 = EDGE_CURVE ( 'NONE', #4683, #6541, #2994, .T. ) ;
#449 = CARTESIAN_POINT ( 'NONE',  ( 1.831631115167634549, 3.680000000000000160, -0.9008910975147438327 ) ) ;
#450 = CARTESIAN_POINT ( 'NONE',  ( 1.075165352165737165, 3.679999999999997495, 0.3778688117300686988 ) ) ;
#451 = CARTESIAN_POINT ( 'NONE',  ( 0.8285284075575581886, 3.630000000000000782, -0.6878514479104987922 ) ) ;
#452 = CARTESIAN_POINT ( 'NONE',  ( -0.4760611925246728826, 3.680000000000000160, -0.9008910975147440547 ) ) ;
#453 = VERTEX_POINT ( 'NONE', #315 ) ;
#454 = CARTESIAN_POINT ( 'NONE',  ( -1.419507467333823492, 3.679999999999999272, 0.6200331783280239595 ) ) ;
#455 = DIRECTION ( 'NONE',  ( 0.0000000000000000000, 0.0000000000000000000, -1.000000000000000000 ) ) ;
#456 = CARTESIAN_POINT ( 'NONE',  ( -0.8529346943747548870, 3.679999999999998828, -0.4173348674833634031 ) ) ;
#457 = AXIS2_PLACEMENT_3D ( 'NONE', #5828, #2274, #2843 ) ;
#458 = PRESENTATION_LAYER_ASSIGNMENT (  '', '', ( #4427 ) ) ;
#459 = CARTESIAN_POINT ( 'NONE',  ( 1.831631115167634549, 3.629999999999999893, -0.9008910975147438327 ) ) ;
#460 = FILL_AREA_STYLE ('',( #5054 ) ) ;
#461 = CARTESIAN_POINT ( 'NONE',  ( -0.2776148822896700730, 3.629999999999999449, 0.6104187710414504808 ) ) ;
#462 = ORIENTED_EDGE ( 'NONE', *, *, #39, .T. ) ;
#463 = PRESENTATION_STYLE_ASSIGNMENT (( #704 ) ) ;
#464 = CARTESIAN_POINT ( 'NONE',  ( 2.060253804502131914, 3.679999999999997051, 0.5906681404830101956 ) ) ;
#465 = CARTESIAN_POINT ( 'NONE',  ( 1.800484832114657374, 3.680000000000001048, 0.5215610000993451401 ) ) ;
#466 = CARTESIAN_POINT ( 'NONE',  ( -2.436495354678606340, 3.679999999999997939, 0.6404091579860122785 ) ) ;
#467 = CARTESIAN_POINT ( 'NONE',  ( -0.8723198336550441745, 3.679999999999999272, 0.05507090122515065356 ) ) ;
#468 = PRESENTATION_STYLE_ASSIGNMENT (( #2568 ) ) ;
#469 = STYLED_ITEM ( 'NONE', ( #2844 ), #1228 ) ;
#470 =( NAMED_UNIT ( * ) PLANE_ANGLE_UNIT ( ) SI_UNIT ( $, .RADIAN. ) );
#471 = CARTESIAN_POINT ( 'NONE',  ( 0.1441016453463153657, 3.679999999999998384, 0.02543742790927546599 ) ) ;
#472 = CARTESIAN_POINT ( 'NONE',  ( -2.210332475577650779, 3.629999999999999893, -0.2669005383621932959 ) ) ;
#473 = VECTOR ( 'NONE', #1922, 1000.000000000000000 ) ;
#474 = CARTESIAN_POINT ( 'NONE',  ( -0.1406716312237847877, 3.679999999999997051, -0.3137360208878448575 ) ) ;
#475 = CARTESIAN_POINT ( 'NONE',  ( 0.6466386782685031864, 3.680000000000002380, -0.7476697691314242444 ) ) ;
#476 = DIRECTION ( 'NONE',  ( -0.0000000000000000000, -1.000000000000000000, -0.0000000000000000000 ) ) ;
#477 = PRESENTATION_LAYER_ASSIGNMENT (  '', '', ( #6149 ) ) ;
#478 = ORIENTED_EDGE ( 'NONE', *, *, #2414, .T. ) ;
#479 = CARTESIAN_POINT ( 'NONE',  ( 0.9645732200285018765, 3.629999999999999005, 0.2745161672461609581 ) ) ;
#480 = CARTESIAN_POINT ( 'NONE',  ( -2.422176812035625737, 3.679999999999999716, -0.05767416473304813607 ) ) ;
#481 = LINE ( 'NONE', #3428, #5194 ) ;
#482 = CARTESIAN_POINT ( 'NONE',  ( -1.706356804743639488, 3.679999999999998384, 0.1693378280285405546 ) ) ;
#483 = SURFACE_STYLE_FILL_AREA ( #5764 ) ;
#484 = AXIS2_PLACEMENT_3D ( 'NONE', #1787, #4350, #2202 ) ;
#485 = COLOUR_RGB ( '',0.7686274509803920907, 0.7686274509803920907, 0.7686274509803920907 ) ;
#486 = CARTESIAN_POINT ( 'NONE',  ( 0.7473239376493544528, 3.629999999999999893, 0.6638967874564072336 ) ) ;
#487 = CARTESIAN_POINT ( 'NONE',  ( 2.031455229389925954, 3.680000000000000160, -0.6448659319547207502 ) ) ;
#488 = ORIENTED_EDGE ( 'NONE', *, *, #1245, .T. ) ;
#489 = CARTESIAN_POINT ( 'NONE',  ( -2.588396768308254270, 3.629999999999999893, 0.2570688241593929724 ) ) ;
#490 = EDGE_CURVE ( 'NONE', #3425, #2993, #4403, .T. ) ;
#491 = CYLINDRICAL_SURFACE ( 'NONE', #602, 0.5000000000000000000 ) ;
#492 = FACE_OUTER_BOUND ( 'NONE', #5971, .T. ) ;
#493 = PRESENTATION_LAYER_ASSIGNMENT (  '', '', ( #930 ) ) ;
#494 = CARTESIAN_POINT ( 'NONE',  ( -2.323149255030706239, 3.629999999999999893, -0.8892563951214083051 ) ) ;
#495 = SURFACE_STYLE_USAGE ( .BOTH. , #4550 ) ;
#496 = CARTESIAN_POINT ( 'NONE',  ( -2.208229110193035361, 3.629999999999999893, -0.9015159229775778771 ) ) ;
#497 = CARTESIAN_POINT ( 'NONE',  ( -2.439999999999999947, 0.0000000000000000000, -0.3000000000000000999 ) ) ;
#498 = ORIENTED_EDGE ( 'NONE', *, *, #4004, .F. ) ;
#499 =( NAMED_UNIT ( * ) PLANE_ANGLE_UNIT ( ) SI_UNIT ( $, .RADIAN. ) );
#500 = CARTESIAN_POINT ( 'NONE',  ( 1.898767742108139034, 3.629999999999999005, 0.5063086653902783008 ) ) ;
#501 = B_SPLINE_CURVE_WITH_KNOTS ( 'NONE', 3,
 ( #2617, #2105, #966, #2519, #326, #6448, #4412, #6511, #2918, #1888, #1418, #2304, #6015, #4966, #5450, #4937, #284, #2398, #2890, #201, #2416, #2740, #3759 ),
 .UNSPECIFIED., .F., .F.,
 ( 4, 1, 1, 1, 1, 1, 1, 1, 1, 1, 1, 1, 1, 1, 1, 1, 1, 1, 1, 1, 4 ),
 ( 0.0000000000000000000, 0.07295106587586656921, 0.1415836941865450671, 0.2059264601708669651, 0.2653013571846053464, 0.3205972327139281486, 0.3718165030988102027, 0.4187897697094519200, 0.4616987286157646087, 0.5021335821035654012, 0.5408043152926481634, 0.5781805253279662660, 0.6142968652075146974, 0.6496782432647871808, 0.6842994600896377122, 0.7183589527723606150, 0.7520808646475963810, 0.8176524386023850122, 0.8797220764054366482, 0.9399655597309871657, 1.000000000000000000 ),
 .UNSPECIFIED. ) ;
#502 = CARTESIAN_POINT ( 'NONE',  ( 2.122299735960810896, 3.679999999999999716, 0.2640489808685759221 ) ) ;
#503 = VECTOR ( 'NONE', #4148, 1000.000000000000000 ) ;
#504 = CARTESIAN_POINT ( 'NONE',  ( -1.831036431598177305, 3.630000000000000338, 0.5238553099174126926 ) ) ;
#505 = CARTESIAN_POINT ( 'NONE',  ( -0.5567759744430561542, 3.680000000000000160, 0.5190785959586219356 ) ) ;
#506 = CARTESIAN_POINT ( 'NONE',  ( -3.250000000000000888, 3.680000000000000160, -1.399999999999999689 ) ) ;
#507 = CARTESIAN_POINT ( 'NONE',  ( -0.7712008538597939777, 3.679999999999999272, -0.8179846728606947615 ) ) ;
#508 = CARTESIAN_POINT ( 'NONE',  ( 1.024547385932782939, 3.630000000000000782, -0.1663518433583049683 ) ) ;
#509 = CARTESIAN_POINT ( 'NONE',  ( 0.4633825730942918719, 3.630000000000001226, -0.6877740693834174524 ) ) ;
#510 = B_SPLINE_SURFACE_WITH_KNOTS ( 'NONE', 3, 1, ( 
 ( #884, #6129 ),
 ( #5210, #2051 ),
 ( #621, #2664 ),
 ( #5642, #1638 ),
 ( #4700, #544 ),
 ( #576, #2596 ),
 ( #3648, #3570 ),
 ( #4627, #5677 ),
 ( #5751, #1087 ),
 ( #6101, #76 ),
 ( #4196, #6231 ),
 ( #1674, #1229 ),
 ( #182, #1194 ),
 ( #4834, #3373 ),
 ( #5375, #782 ),
 ( #3243, #282 ),
 ( #816, #313 ),
 ( #6493, #972 ),
 ( #6551, #5510 ),
 ( #1397, #4999 ),
 ( #5946, #3411 ),
 ( #5449, #2396 ),
 ( #3440, #877 ),
 ( #4964, #1933 ),
 ( #3969, #6009 ),
 ( #3469, #909 ),
 ( #2964, #401 ) ),
 .UNSPECIFIED., .F., .F., .F.,
 ( 4, 1, 1, 1, 1, 1, 1, 1, 1, 1, 1, 1, 1, 1, 1, 1, 1, 1, 1, 1, 1, 1, 1, 1, 4 ),
 ( 2, 2 ),
 ( 0.0000000000000000000, 0.06506328961727912696, 0.1267731664665229241, 0.1855157632260791001, 0.2407646791677149622, 0.2929797960235980825, 0.3422503727797673867, 0.3889192861856603511, 0.4327756640583103609, 0.4746284326311177026, 0.5147746906379534471, 0.5536058934984423585, 0.5914264064311729463, 0.6280281199460673314, 0.6638036341103203952, 0.6989843361316636638, 0.7335914893067054798, 0.7676284691511398028, 0.8012083477865921122, 0.8342638397266234351, 0.8669806947287765908, 0.8997197415181606983, 0.9327019124985382881, 0.9661758834327496270, 1.000000000000000000 ),
 ( 0.0000000000000000000, 1.000000000000000000 ),
 .UNSPECIFIED. ) ;
#511 = CARTESIAN_POINT ( 'NONE',  ( -1.322162563537663482, 3.629999999999999893, 0.6557123380100852161 ) ) ;
#512 = CARTESIAN_POINT ( 'NONE',  ( 0.2211655096870343007, 3.679999999999998828, 0.3857951688362202813 ) ) ;
#513 = CARTESIAN_POINT ( 'NONE',  ( -2.063487896203243910, 3.630000000000000338, -0.3007264117602208020 ) ) ;
#514 = CARTESIAN_POINT ( 'NONE',  ( -0.1917086644100846893, 3.680000000000001492, -0.5095091075989410800 ) ) ;
#515 = EDGE_CURVE ( 'NONE', #3981, #3614, #157, .T. ) ;
#516 = FILL_AREA_STYLE ('',( #655 ) ) ;
#517 = CARTESIAN_POINT ( 'NONE',  ( 1.025008652113729157, 3.630000000000000338, -0.1310833441666291177 ) ) ;
#518 = ORIENTED_EDGE ( 'NONE', *, *, #3753, .F. ) ;
#519 = CARTESIAN_POINT ( 'NONE',  ( -1.947542112073701537, 3.679999999999998828, -0.01739222236046925399 ) ) ;
#520 = DIRECTION ( 'NONE',  ( -0.0000000000000000000, -1.000000000000000000, -0.0000000000000000000 ) ) ;
#521 = CARTESIAN_POINT ( 'NONE',  ( -0.9496707115884888140, 3.630000000000000338, 0.3458017785468924798 ) ) ;
#522 = CARTESIAN_POINT ( 'NONE',  ( 0.6466386782685031864, 3.629999999999999893, 0.5215610000993451401 ) ) ;
#523 = CARTESIAN_POINT ( 'NONE',  ( 2.261811681937100360, 3.680000000000001492, -0.5200272577096723969 ) ) ;
#524 = CARTESIAN_POINT ( 'NONE',  ( -0.7699931313086856299, 3.679999999999999716, 0.5930743968738463323 ) ) ;
#525 = CARTESIAN_POINT ( 'NONE',  ( 2.178854805959883123, 3.680000000000000160, -0.1310833441666291177 ) ) ;
#526 = ORIENTED_EDGE ( 'NONE', *, *, #4654, .F. ) ;
#527 = ADVANCED_FACE ( 'NONE', ( #2047, #6127, #1563 ), #6627, .F. ) ;
#528 = VERTEX_POINT ( 'NONE', #2663 ) ;
#529 = CARTESIAN_POINT ( 'NONE',  ( 0.3838530225374678362, 3.679999999999999272, 0.5930743968738464433 ) ) ;
#530 = CARTESIAN_POINT ( 'NONE',  ( -0.6151224350690187581, 3.630000000000000338, -0.8903203986510360712 ) ) ;
#531 = CARTESIAN_POINT ( 'NONE',  ( -2.246535893694914243, 3.629999999999999005, -0.1123516342420378955 ) ) ;
#532 = CARTESIAN_POINT ( 'NONE',  ( 1.999237821006256022, 3.630000000000001226, 0.6280818497790879862 ) ) ;
#533 = CARTESIAN_POINT ( 'NONE',  ( 0.2753949919439548366, 3.630000000000000338, -0.05413492297189157615 ) ) ;
#534 = VERTEX_POINT ( 'NONE', #3712 ) ;
#535 = ORIENTED_EDGE ( 'NONE', *, *, #735, .T. ) ;
#536 = CARTESIAN_POINT ( 'NONE',  ( -2.174358877918535882, 3.630000000000000338, 0.5207664591597714887 ) ) ;
#537 = UNCERTAINTY_MEASURE_WITH_UNIT (LENGTH_MEASURE( 1.000000000000000082E-05 ), #1988, 'distance_accuracy_value', 'NONE');
#538 = CARTESIAN_POINT ( 'NONE',  ( 2.313426735441986626, 3.679999999999997051, -0.08951460528861865384 ) ) ;
#539 = UNCERTAINTY_MEASURE_WITH_UNIT (LENGTH_MEASURE( 1.000000000000000082E-05 ), #3910, 'distance_accuracy_value', 'NONE');
#540 = CARTESIAN_POINT ( 'NONE',  ( -0.3407898287539133930, 3.630000000000000338, -0.8692146474260489253 ) ) ;
#541 = SURFACE_STYLE_FILL_AREA ( #5133 ) ;
#542 = CARTESIAN_POINT ( 'NONE',  ( -0.8207913031228150080, 3.630000000000000782, 0.2934797648053329988 ) ) ;
#543 =( NAMED_UNIT ( * ) PLANE_ANGLE_UNIT ( ) SI_UNIT ( $, .RADIAN. ) );
#544 = CARTESIAN_POINT ( 'NONE',  ( -0.003182825332297029106, 3.679999999999995275, 0.08226461063017137532 ) ) ;
#545 = SURFACE_SIDE_STYLE ('',( #5643 ) ) ;
#546 = CARTESIAN_POINT ( 'NONE',  ( 0.1406290628838879619, 3.629999999999999893, -0.1124534229775779742 ) ) ;
#547 = CARTESIAN_POINT ( 'NONE',  ( -1.955281257697915276, 3.629999999999999893, -0.3956960450078201297 ) ) ;
#548 = CARTESIAN_POINT ( 'NONE',  ( -1.795675874948240658, 3.630000000000000338, -0.6110012066078391868 ) ) ;
#549 = CARTESIAN_POINT ( 'NONE',  ( 2.208671525728742147, 3.680000000000000604, -0.6435308254703236974 ) ) ;
#550 = CARTESIAN_POINT ( 'NONE',  ( 0.1491271892031990898, 3.630000000000000338, -0.3150872671391601321 ) ) ;
#551 = EDGE_CURVE ( 'NONE', #6453, #1859, #4698, .T. ) ;
#552 = CARTESIAN_POINT ( 'NONE',  ( -0.9647344245234538151, 3.679999999999997495, 0.3024496666069836914 ) ) ;
#553 = CARTESIAN_POINT ( 'NONE',  ( -2.276599247956587302, 3.680000000000001048, 0.6739521183764456413 ) ) ;
#554 = CARTESIAN_POINT ( 'NONE',  ( 2.208671525728742147, 3.630000000000000338, -0.6435308254703236974 ) ) ;
#555 = CARTESIAN_POINT ( 'NONE',  ( 0.7449215882619855122, 3.679999999999999716, 0.5063086653902781897 ) ) ;
#556 = CARTESIAN_POINT ( 'NONE',  ( -0.1668654968868137634, 3.680000000000000604, -0.7423212791278962497 ) ) ;
#557 = ORIENTED_EDGE ( 'NONE', *, *, #1461, .F. ) ;
#558 = ORIENTED_EDGE ( 'NONE', *, *, #3223, .T. ) ;
#559 = CARTESIAN_POINT ( 'NONE',  ( 0.4741425338365615194, 3.680000000000000604, 0.6437671857298028488 ) ) ;
#560 = CARTESIAN_POINT ( 'NONE',  ( -0.8738676024179227175, 3.630000000000001226, -0.7145689256493737984 ) ) ;
#561 = FACE_OUTER_BOUND ( 'NONE', #986, .T. ) ;
#562 = CARTESIAN_POINT ( 'NONE',  ( 0.2815263201911104018, 3.680000000000000160, 0.05507090122515055641 ) ) ;
#563 = ORIENTED_EDGE ( 'NONE', *, *, #1245, .F. ) ;
#564 = ORIENTED_EDGE ( 'NONE', *, *, #2830, .F. ) ;
#565 = SURFACE_STYLE_USAGE ( .BOTH. , #6263 ) ;
#566 = CARTESIAN_POINT ( 'NONE',  ( -1.975771140830850703, 3.629999999999999893, -0.6574532601830143097 ) ) ;
#567 = PRESENTATION_STYLE_ASSIGNMENT (( #2589 ) ) ;
#568 = CARTESIAN_POINT ( 'NONE',  ( -0.1425760802927135695, 3.629999999999998117, -0.7121319088907782646 ) ) ;
#569 =( LENGTH_UNIT ( ) NAMED_UNIT ( * ) SI_UNIT ( .MILLI., .METRE. ) );
#570 = CARTESIAN_POINT ( 'NONE',  ( 2.439999999999999947, 0.0000000000000000000, -0.3000000000000000999 ) ) ;
#571 = CARTESIAN_POINT ( 'NONE',  ( -0.7584766743984047155, 3.630000000000000782, 0.3977910179525211420 ) ) ;
#572 = CARTESIAN_POINT ( 'NONE',  ( -0.9505663554569625529, 3.680000000000000160, -0.5713049426169536371 ) ) ;
#573 = CARTESIAN_POINT ( 'NONE',  ( 0.3009114594713983570, 3.630000000000000338, -0.4173348674833634586 ) ) ;
#574 = EDGE_CURVE ( 'NONE', #4118, #1859, #6257, .T. ) ;
#575 = B_SPLINE_CURVE_WITH_KNOTS ( 'NONE', 3,
 ( #1935, #4906, #5377, #4938, #4431, #6410, #1906, #5407, #5920, #878, #818, #6010, #6463, #2967, #3941, #5982, #1326, #5512, #3442, #5480, #402, #2933, #4402, #2431, #2466, #4495, #4465 ),
 .UNSPECIFIED., .F., .F.,
 ( 4, 1, 1, 1, 1, 1, 1, 1, 1, 1, 1, 1, 1, 1, 1, 1, 1, 1, 1, 1, 1, 1, 1, 1, 4 ),
 ( 0.0000000000000000000, 0.03378811616271047702, 0.06719393237388016082, 0.09986241085682519281, 0.1325666121262585317, 0.1651511732547863709, 0.1979131873557920807, 0.2313190035669618339, 0.2650832782673732124, 0.2992553087581149018, 0.3343985665049787337, 0.3699428235093078499, 0.4062835607000609417, 0.4440638196985081665, 0.4829977068727756007, 0.5233544466133044359, 0.5655365896041489870, 0.6096129240658193504, 0.6563908113764171937, 0.7058854949364572473, 0.7583245002617311492, 0.8138317829411501059, 0.8727945590393899611, 0.9347222295400741121, 1.000000000000000000 ),
 .UNSPECIFIED. ) ;
#576 = CARTESIAN_POINT ( 'NONE',  ( -0.01012996317891356503, 3.630000000000000338, 0.1404690945410504432 ) ) ;
#577 = CARTESIAN_POINT ( 'NONE',  ( -1.225973625934000388, 3.679999999999999272, 0.6006474963756576191 ) ) ;
#578 = CARTESIAN_POINT ( 'NONE',  ( 2.159564724571910954, 3.680000000000002824, -0.3577718649040553256 ) ) ;
#579 = CARTESIAN_POINT ( 'NONE',  ( -2.210332475577650779, 3.629999999999999893, -0.2669005383621932959 ) ) ;
#580 = CARTESIAN_POINT ( 'NONE',  ( 2.179090601345426315, 3.679999999999999716, -0.1130543845160394689 ) ) ;
#581 = CARTESIAN_POINT ( 'NONE',  ( -2.590140167885343292, 3.679999999999998828, 0.2168735000993451401 ) ) ;
#582 = CARTESIAN_POINT ( 'NONE',  ( 2.313705985960811340, 3.629999999999999893, -0.1124534229775779742 ) ) ;
#583 = CARTESIAN_POINT ( 'NONE',  ( -0.1288375017324251692, 3.679999999999997051, -0.1310833441666290899 ) ) ;
#584 = AXIS2_PLACEMENT_3D ( 'NONE', #4025, #5397, #4393 ) ;
#585 = CARTESIAN_POINT ( 'NONE',  ( 1.795977620576195255, 3.629999999999999893, -0.9015159229775778771 ) ) ;
#586 = CARTESIAN_POINT ( 'NONE',  ( 0.9130098170861389306, 3.629999999999998561, 0.3767878714466541545 ) ) ;
#587 = PLANE ( 'NONE',  #5215 ) ;
#588 = B_SPLINE_CURVE_WITH_KNOTS ( 'NONE', 3,
 ( #4192, #2290, #2929, #363, #903, #6521, #6032, #5564, #3562, #1071, #3120 ),
 .UNSPECIFIED., .F., .F.,
 ( 4, 1, 1, 1, 1, 1, 1, 1, 4 ),
 ( 0.0000000000000000000, 0.1277566033101289467, 0.2494143553365296972, 0.3727964764553964860, 0.5001113325158565992, 0.6286099407651081217, 0.7506433738258059263, 0.8737683791425153723, 1.000000000000000000 ),
 .UNSPECIFIED. ) ;
#589 = CARTESIAN_POINT ( 'NONE',  ( -0.7106020285763623434, 3.629999999999999449, 0.6291298927570958543 ) ) ;
#590 = CARTESIAN_POINT ( 'NONE',  ( -1.714710743111943048, 3.680000000000000160, 0.1098168325652153776 ) ) ;
#591 = CARTESIAN_POINT ( 'NONE',  ( 2.115246631135155209, 3.629999999999999449, -0.7701568731001778856 ) ) ;
#592 = CARTESIAN_POINT ( 'NONE',  ( -1.009744508499838656, 3.680000000000000604, 0.02543742790927537578 ) ) ;
#593 = CARTESIAN_POINT ( 'NONE',  ( 2.179090601345426315, 3.680000000000000160, -0.1130543845160394689 ) ) ;
#594 = COLOUR_RGB ( '',0.7686274509803920907, 0.7686274509803920907, 0.7686274509803920907 ) ;
#595 = VERTEX_POINT ( 'NONE', #570 ) ;
#596 = MECHANICAL_DESIGN_GEOMETRIC_PRESENTATION_REPRESENTATION (  '', ( #53 ), #6562 ) ;
#597 = EDGE_LOOP ( 'NONE', ( #3790, #4688, #4636, #2513 ) ) ;
#598 = FILL_AREA_STYLE_COLOUR ( '', #5302 ) ;
#599 = DIRECTION ( 'NONE',  ( 0.0000000000000000000, 0.0000000000000000000, 1.000000000000000000 ) ) ;
#600 = CARTESIAN_POINT ( 'NONE',  ( 1.783894578363168781, 3.629999999999999893, -0.7467991491397442116 ) ) ;
#601 = CARTESIAN_POINT ( 'NONE',  ( 1.319145655061645606, 3.680000000000001048, 0.2037647460570417568 ) ) ;
#602 = AXIS2_PLACEMENT_3D ( 'NONE', #2680, #5190, #599 ) ;
#603 = PRESENTATION_LAYER_ASSIGNMENT (  '', '', ( #2327 ) ) ;
#604 = CARTESIAN_POINT ( 'NONE',  ( -2.480399893145880164, 3.629999999999999893, -0.01435328243755207463 ) ) ;
#605 = SURFACE_STYLE_FILL_AREA ( #5195 ) ;
#606 = CARTESIAN_POINT ( 'NONE',  ( 0.5970701794030977005, 3.629999999999999893, 0.5190785959586221576 ) ) ;
#607 = VERTEX_POINT ( 'NONE', #1635 ) ;
#608 = ORIENTED_EDGE ( 'NONE', *, *, #1985, .T. ) ;
#609 = CARTESIAN_POINT ( 'NONE',  ( -2.217243533269958267, 3.629999999999999893, 0.6754071539454989948 ) ) ;
#610 = CARTESIAN_POINT ( 'NONE',  ( 0.9152176036564174666, 3.630000000000000782, -0.5978657301826298953 ) ) ;
#611 = UNCERTAINTY_MEASURE_WITH_UNIT (LENGTH_MEASURE( 1.000000000000000082E-05 ), #2903, 'distance_accuracy_value', 'NONE');
#612 = CARTESIAN_POINT ( 'NONE',  ( 0.5388590777456861991, 3.629999999999999893, 0.6641806601897407569 ) ) ;
#613 = SURFACE_STYLE_USAGE ( .BOTH. , #6193 ) ;
#614 = UNCERTAINTY_MEASURE_WITH_UNIT (LENGTH_MEASURE( 1.000000000000000082E-05 ), #702, 'distance_accuracy_value', 'NONE');
#615 = DIRECTION ( 'NONE',  ( -0.0000000000000000000, 1.000000000000000000, -0.0000000000000000000 ) ) ;
#616 = COLOUR_RGB ( '',0.7686274509803920907, 0.7686274509803920907, 0.7686274509803920907 ) ;
#617 = CYLINDRICAL_SURFACE ( 'NONE', #3178, 0.2149999999999999412 ) ;
#618 = FILL_AREA_STYLE_COLOUR ( '', #171 ) ;
#619 = CARTESIAN_POINT ( 'NONE',  ( 0.2925598652771584929, 3.629999999999999449, -0.3759940567165691583 ) ) ;
#620 = COLOUR_RGB ( '',0.7686274509803920907, 0.7686274509803920907, 0.7686274509803920907 ) ;
#621 = CARTESIAN_POINT ( 'NONE',  ( 0.005190319501894647899, 3.629999999999998561, -0.04481925449197889794 ) ) ;
#622 = FILL_AREA_STYLE ('',( #1127 ) ) ;
#623 = CARTESIAN_POINT ( 'NONE',  ( 2.171264011709715280, 3.630000000000000782, 0.04287580767244304758 ) ) ;
#624 = CARTESIAN_POINT ( 'NONE',  ( -1.782447860193035138, 3.679999999999999272, -0.5123933268237318428 ) ) ;
#625 = CARTESIAN_POINT ( 'NONE',  ( -0.4579994240288677854, 3.679999999999998828, -0.7450596256095280978 ) ) ;
#626 = CARTESIAN_POINT ( 'NONE',  ( 2.287588202157348594, 3.679999999999999716, -0.4213105659790583601 ) ) ;
#627 = CARTESIAN_POINT ( 'NONE',  ( -2.564442979324326632, 3.630000000000000338, 0.3348048782082747032 ) ) ;
#628 = SURFACE_STYLE_USAGE ( .BOTH. , #693 ) ;
#629 = CARTESIAN_POINT ( 'NONE',  ( -0.9885466526306628809, 3.629999999999999893, 0.2037647460570418123 ) ) ;
#630 = CARTESIAN_POINT ( 'NONE',  ( -1.722605796693732261, 3.679999999999999716, 0.08146243471174477446 ) ) ;
#631 = CARTESIAN_POINT ( 'NONE',  ( 2.059248383284508321, 3.679999999999999272, -0.8176189923859367159 ) ) ;
#632 = CARTESIAN_POINT ( 'NONE',  ( 0.9684535821146570411, 3.680000000000000160, 0.2640489808685759221 ) ) ;
#633 = CARTESIAN_POINT ( 'NONE',  ( -2.399712439255192287, 3.680000000000000604, -0.3252029619390430226 ) ) ;
#634 = ORIENTED_EDGE ( 'NONE', *, *, #1052, .F. ) ;
#635 = ORIENTED_EDGE ( 'NONE', *, *, #4015, .T. ) ;
#636 = FACE_OUTER_BOUND ( 'NONE', #6123, .T. ) ;
#637 = CARTESIAN_POINT ( 'NONE',  ( 0.9684535821146570411, 3.680000000000000160, 0.2640489808685759221 ) ) ;
#638 = CARTESIAN_POINT ( 'NONE',  ( 1.342957883168854449, 3.680000000000000160, 0.3024496666069834139 ) ) ;
#639 = PRESENTATION_STYLE_ASSIGNMENT (( #2143 ) ) ;
#640 = CARTESIAN_POINT ( 'NONE',  ( -0.1808703855341685929, 3.680000000000000604, 0.2506648068115774342 ) ) ;
#641 = CARTESIAN_POINT ( 'NONE',  ( -0.1853925717314967025, 3.629999999999999893, 0.2640489808685759221 ) ) ;
#642 = CARTESIAN_POINT ( 'NONE',  ( 1.073841958697586474, 3.679999999999997051, -0.6050747405586920369 ) ) ;
#643 = CARTESIAN_POINT ( 'NONE',  ( -1.976512947793773733, 3.630000000000000338, -0.3673662582495010875 ) ) ;
#644 = CARTESIAN_POINT ( 'NONE',  ( -2.096817236107183291, 3.630000000000000782, 0.5087819224558502995 ) ) ;
#645 = CARTESIAN_POINT ( 'NONE',  ( 2.030897060951781352, 3.629999999999999893, 0.4212972271129387658 ) ) ;
#646 = CARTESIAN_POINT ( 'NONE',  ( -1.917291200914217342, 3.629999999999999449, -0.5246278010085893007 ) ) ;
#647 = CARTESIAN_POINT ( 'NONE',  ( -0.1668654968868137634, 3.679999999999997495, -0.7423212791278962497 ) ) ;
#648 = CARTESIAN_POINT ( 'NONE',  ( 1.784147286011085853, 3.680000000000001492, 0.6752072873202951131 ) ) ;
#649 = FILL_AREA_STYLE_COLOUR ( '', #1018 ) ;
#650 = DIRECTION ( 'NONE',  ( 0.0000000000000000000, 0.0000000000000000000, 1.000000000000000000 ) ) ;
#651 = DIRECTION ( 'NONE',  ( -0.0000000000000000000, 1.000000000000000000, -0.0000000000000000000 ) ) ;
#652 = CARTESIAN_POINT ( 'NONE',  ( -1.819106514039189326, 3.680000000000000160, 0.5107436924070375417 ) ) ;
#653 = SURFACE_SIDE_STYLE ('',( #3719 ) ) ;
#654 = CARTESIAN_POINT ( 'NONE',  ( 1.816875689052569687, 3.630000000000000338, -0.7468003486258715240 ) ) ;
#655 = FILL_AREA_STYLE_COLOUR ( '', #4775 ) ;
#656 = CARTESIAN_POINT ( 'NONE',  ( -2.233700413242374339, 3.630000000000000338, 0.5211577191158176525 ) ) ;
#657 = DIRECTION ( 'NONE',  ( -0.0000000000000000000, 1.000000000000000000, -0.0000000000000000000 ) ) ;
#658 = CARTESIAN_POINT ( 'NONE',  ( -2.647832475577650779, 3.629999999999999893, -0.5166000575929625693 ) ) ;
#659 = CARTESIAN_POINT ( 'NONE',  ( -2.013631930271527093, 3.629999999999998561, -0.6925702196910963337 ) ) ;
#660 = CARTESIAN_POINT ( 'NONE',  ( -0.4908166186397386332, 3.629999999999999893, -0.7468003486258714130 ) ) ;
#661 = CARTESIAN_POINT ( 'NONE',  ( -0.9326806441591195540, 3.629999999999998561, 0.3857951688362201703 ) ) ;
#662 = CARTESIAN_POINT ( 'NONE',  ( -2.439999999999999947, -3.499999999999999556, 0.0000000000000000000 ) ) ;
#663 = CARTESIAN_POINT ( 'NONE',  ( -0.5117146871161122323, 3.680000000000000604, 0.6754071539454989948 ) ) ;
#664 = FILL_AREA_STYLE_COLOUR ( '', #5935 ) ;
#665 = EDGE_LOOP ( 'NONE', ( #1149, #843, #6620, #6302 ) ) ;
#666 = B_SPLINE_CURVE_WITH_KNOTS ( 'NONE', 3,
 ( #1821, #256, #6353, #6289, #765, #4242, #4845, #1753, #4348, #1785, #3786, #3758, #5322, #4741, #5799 ),
 .UNSPECIFIED., .F., .F.,
 ( 4, 1, 1, 1, 1, 1, 1, 1, 1, 1, 1, 1, 4 ),
 ( 0.0000000000000000000, 0.1128134007444571152, 0.2253938839207284550, 0.3395948145627000758, 0.4596754102248642448, 0.5217351900879331206, 0.5839258387389155702, 0.6481741447653694976, 0.7138810381130669125, 0.7810044549073899001, 0.8514509275565556035, 0.9240506926641781638, 1.000000000000000000 ),
 .UNSPECIFIED. ) ;
#667 = CARTESIAN_POINT ( 'NONE',  ( 1.486901004569491702, 3.629999999999999005, 0.2934797648053331653 ) ) ;
#668 = ADVANCED_FACE ( 'NONE', ( #4369 ), #6271, .F. ) ;
#669 = CARTESIAN_POINT ( 'NONE',  ( -3.250000000000000888, 3.180000000000000160, -1.399999999999999689 ) ) ;
#670 =( GEOMETRIC_REPRESENTATION_CONTEXT ( 3 ) GLOBAL_UNCERTAINTY_ASSIGNED_CONTEXT ( ( #6623 ) ) GLOBAL_UNIT_ASSIGNED_CONTEXT ( ( #230, #5284, #1207 ) ) REPRESENTATION_CONTEXT ( 'NONE', 'WORKASPACE' ) );
#671 = LINE ( 'NONE', #4292, #3372 ) ;
#672 = CARTESIAN_POINT ( 'NONE',  ( 1.011270073553440785, 3.630000000000001226, -0.7121319088907785977 ) ) ;
#673 = EDGE_LOOP ( 'NONE', ( #4505, #2447, #2706, #5398, #4963, #4798, #5296, #2019, #5158 ) ) ;
#674 = VERTEX_POINT ( 'NONE', #3272 ) ;
#675 = DIRECTION ( 'NONE',  ( -0.0000000000000000000, 1.000000000000000000, -0.0000000000000000000 ) ) ;
#676 = UNCERTAINTY_MEASURE_WITH_UNIT (LENGTH_MEASURE( 1.000000000000000082E-05 ), #5088, 'distance_accuracy_value', 'NONE');
#677 = CARTESIAN_POINT ( 'NONE',  ( 0.2041754422576649575, 3.630000000000000338, 0.3458017785468925354 ) ) ;
#678 = CARTESIAN_POINT ( 'NONE',  ( 0.1884716073275469472, 3.680000000000001492, -0.5282583504129454433 ) ) ;
#679 = B_SPLINE_CURVE_WITH_KNOTS ( 'NONE', 3,
 ( #6366, #5874, #4799, #1286, #1217, #4724, #708, #2756, #2787, #6335, #1765, #3301, #4361, #746, #3335, #1926, #4487, #3491, #423 ),
 .UNSPECIFIED., .F., .F.,
 ( 4, 1, 1, 1, 1, 1, 1, 1, 1, 1, 1, 1, 1, 1, 1, 1, 4 ),
 ( 0.0000000000000000000, 0.07126869258656132189, 0.1398117850281266061, 0.2064974320993716583, 0.2715352442755392115, 0.3360818306156439506, 0.4005283877476352727, 0.4649838426509143030, 0.5300503053616140159, 0.5944234089533962928, 0.6555827099825232152, 0.7148491056365313678, 0.7721150638706003599, 0.8289992113006470209, 0.8851221627752364762, 0.9420793532637977696, 1.000000000000000000 ),
 .UNSPECIFIED. ) ;
#680 = CARTESIAN_POINT ( 'NONE',  ( -0.4067225966844515983, 3.679999999999995719, -0.8902646408155131530 ) ) ;
#681 = CARTESIAN_POINT ( 'NONE',  ( -2.707787233541421923, 3.629999999999999893, 0.09119070399456283282 ) ) ;
#682 = SURFACE_STYLE_USAGE ( .BOTH. , #3432 ) ;
#683 = CARTESIAN_POINT ( 'NONE',  ( 3.249999999999999112, 3.180000000000000160, -1.899999999999999689 ) ) ;
#684 = CARTESIAN_POINT ( 'NONE',  ( -0.8738676024179227175, 3.680000000000001492, -0.7145689256493737984 ) ) ;
#685 = CARTESIAN_POINT ( 'NONE',  ( -2.524463599955291571, 3.680000000000000160, -0.2602945532917109728 ) ) ;
#686 =( GEOMETRIC_REPRESENTATION_CONTEXT ( 3 ) GLOBAL_UNCERTAINTY_ASSIGNED_CONTEXT ( ( #5633 ) ) GLOBAL_UNIT_ASSIGNED_CONTEXT ( ( #4563, #5680, #5547 ) ) REPRESENTATION_CONTEXT ( 'NONE', 'WORKASPACE' ) );
#687 = CARTESIAN_POINT ( 'NONE',  ( 1.816875689052569687, 3.680000000000002824, -0.7468003486258715240 ) ) ;
#688 = CARTESIAN_POINT ( 'NONE',  ( -1.995488725577650557, 3.629999999999999893, -0.1986914037468087424 ) ) ;
#689 = CARTESIAN_POINT ( 'NONE',  ( -2.276599247956587302, 3.679999999999999716, 0.6739521183764456413 ) ) ;
#690 = CARTESIAN_POINT ( 'NONE',  ( -0.3253177462885963322, 3.679999999999996607, -0.6878514479104982371 ) ) ;
#691 = CARTESIAN_POINT ( 'NONE',  ( 1.342317761173701385, 3.630000000000000338, -0.5282583504129452212 ) ) ;
#692 = CARTESIAN_POINT ( 'NONE',  ( -2.451788653225174919, 3.629999999999999449, 0.4621387267324993942 ) ) ;
#693 = SURFACE_SIDE_STYLE ('',( #3217 ) ) ;
#694 = B_SPLINE_SURFACE_WITH_KNOTS ( 'NONE', 3, 1, ( 
 ( #3137, #6105 ),
 ( #5173, #583 ),
 ( #4167, #3545 ),
 ( #6201, #112 ),
 ( #5576, #3177 ),
 ( #2636, #474 ),
 ( #3027, #5107 ),
 ( #2668, #4672 ),
 ( #4564, #80 ),
 ( #1642, #1537 ),
 ( #2164, #5716 ),
 ( #4703, #5605 ),
 ( #3683, #1129 ),
 ( #1017, #4198 ),
 ( #983, #5276 ),
 ( #6347, #5246 ),
 ( #2265, #4232 ),
 ( #761, #690 ),
 ( #144, #1780 ),
 ( #2338, #6313 ),
 ( #2771, #5349 ),
 ( #3781, #5379 ),
 ( #2696, #3813 ) ),
 .UNSPECIFIED., .F., .F., .F.,
 ( 4, 1, 1, 1, 1, 1, 1, 1, 1, 1, 1, 1, 1, 1, 1, 1, 1, 1, 1, 1, 4 ),
 ( 2, 2 ),
 ( 0.0000000000000000000, 0.06568119799063874831, 0.1284864641740648128, 0.1881751303280077003, 0.2451061306699861830, 0.2994484245294751767, 0.3508229360093821358, 0.3999416805337777103, 0.4466717436323719426, 0.4912545333734978925, 0.5333763442704362312, 0.5738527549682235218, 0.6125263117194524876, 0.6495971364453289043, 0.6855320415538499468, 0.7201057860682004153, 0.7538376629736499579, 0.8189254160467137611, 0.8804934616501637334, 0.9403113338460572512, 1.000000000000000000 ),
 ( 0.0000000000000000000, 1.000000000000000000 ),
 .UNSPECIFIED. ) ;
#695 = CARTESIAN_POINT ( 'NONE',  ( -1.927633327809246566, 3.629999999999999005, -0.5800730367822115596 ) ) ;
#696 = DIRECTION ( 'NONE',  ( -0.0000000000000000000, -1.000000000000000000, -0.0000000000000000000 ) ) ;
#697 = CARTESIAN_POINT ( 'NONE',  ( -0.8721516517663859824, 3.630000000000001226, 0.4897084084938399529 ) ) ;
#698 = FILL_AREA_STYLE_COLOUR ( '', #2390 ) ;
#699 = CARTESIAN_POINT ( 'NONE',  ( -2.563188314186138683, 3.679999999999998384, -0.1138818067652100224 ) ) ;
#700 = CARTESIAN_POINT ( 'NONE',  ( 2.157156973861095395, 3.680000000000001492, 0.1371035866993395302 ) ) ;
#701 = EDGE_LOOP ( 'NONE', ( #2986, #1141, #6154, #3703 ) ) ;
#702 =( LENGTH_UNIT ( ) NAMED_UNIT ( * ) SI_UNIT ( .MILLI., .METRE. ) );
#703 = CARTESIAN_POINT ( 'NONE',  ( 1.435372474037264201, 3.630000000000000338, 0.05507090122515059805 ) ) ;
#704 = SURFACE_STYLE_USAGE ( .BOTH. , #6330 ) ;
#705 = CARTESIAN_POINT ( 'NONE',  ( 0.4348176980390127122, 3.629999999999999893, 0.4385180809487588816 ) ) ;
#706 = CARTESIAN_POINT ( 'NONE',  ( 1.092156819488414143, 3.679999999999997495, -0.5642831114839580442 ) ) ;
#707 = VERTEX_POINT ( 'NONE', #2424 ) ;
#708 = CARTESIAN_POINT ( 'NONE',  ( -2.390236805214726701, 3.679999999999999716, -0.07478896756802796975 ) ) ;
#709 = CARTESIAN_POINT ( 'NONE',  ( -1.706509790942744687, 3.680000000000001492, 0.2430743724875501222 ) ) ;
#710 = CARTESIAN_POINT ( 'NONE',  ( 0.1652995012154906684, 3.629999999999998561, 0.2037647460570419788 ) ) ;
#711 = AXIS2_PLACEMENT_3D ( 'NONE', #1550, #4579, #3044 ) ;
#712 = CARTESIAN_POINT ( 'NONE',  ( 2.304509482360011408, 3.680000000000001048, 0.08226461063017143083 ) ) ;
#713 = CARTESIAN_POINT ( 'NONE',  ( 0.1491271892031990898, 3.680000000000001048, -0.3150872671391601321 ) ) ;
#714 = CARTESIAN_POINT ( 'NONE',  ( 1.413694618127748104, 3.630000000000000338, 0.4576970189226607366 ) ) ;
#715 =( NAMED_UNIT ( * ) PLANE_ANGLE_UNIT ( ) SI_UNIT ( $, .RADIAN. ) );
#716 = CARTESIAN_POINT ( 'NONE',  ( -0.5237111529772287000, 3.629999999999999449, 0.5207344913679607945 ) ) ;
#717 = COLOUR_RGB ( '',0.7686274509803920907, 0.7686274509803920907, 0.7686274509803920907 ) ;
#718 = CARTESIAN_POINT ( 'NONE',  ( 1.440493761023071917, 3.680000000000000604, -0.3306856961686311935 ) ) ;
#719 = PRESENTATION_LAYER_ASSIGNMENT (  '', '', ( #3607 ) ) ;
#720 = CARTESIAN_POINT ( 'NONE',  ( 0.8571643443391228079, 3.629999999999999893, -0.6649389182869537285 ) ) ;
#721 = CARTESIAN_POINT ( 'NONE',  ( -2.439999999999999947, 0.05000000000000000278, 0.3000000000000000999 ) ) ;
#722 = PRESENTATION_LAYER_ASSIGNMENT (  '', '', ( #2438 ) ) ;
#723 = CARTESIAN_POINT ( 'NONE',  ( 2.011010498185277662, 3.630000000000000338, -0.6649389182869539505 ) ) ;
#724 = CARTESIAN_POINT ( 'NONE',  ( -1.709278340951161601, 3.630000000000001226, 0.1391731105018843007 ) ) ;
#725 =( NAMED_UNIT ( * ) SI_UNIT ( $, .STERADIAN. ) SOLID_ANGLE_UNIT ( ) );
#726 = CARTESIAN_POINT ( 'NONE',  ( 1.760819200035123933, 3.630000000000000782, -0.9009257655664468789 ) ) ;
#727 = STYLED_ITEM ( 'NONE', ( #567 ), #3323 ) ;
#728 = CARTESIAN_POINT ( 'NONE',  ( 1.515721740326751554, 3.629999999999999449, -0.5762433685113895754 ) ) ;
#729 = SURFACE_STYLE_USAGE ( .BOTH. , #4311 ) ;
#730 = CARTESIAN_POINT ( 'NONE',  ( 1.412406028305625449, 3.680000000000000160, -0.6823670154693968204 ) ) ;
#731 = CARTESIAN_POINT ( 'NONE',  ( -0.2217675899929087979, 3.629999999999999449, -0.5707513266498392968 ) ) ;
#732 = CARTESIAN_POINT ( 'NONE',  ( 2.122299735960811340, 3.630000000000000338, 0.2640489808685759776 ) ) ;
#733 = CARTESIAN_POINT ( 'NONE',  ( -2.451788653225174919, 3.679999999999999716, 0.4621387267324993942 ) ) ;
#734 = VECTOR ( 'NONE', #4083, 1000.000000000000000 ) ;
#735 = EDGE_CURVE ( 'NONE', #4606, #898, #6349, .T. ) ;
#736 = B_SPLINE_SURFACE_WITH_KNOTS ( 'NONE', 3, 1, ( 
 ( #2122, #6629 ),
 ( #6098, #3131 ),
 ( #1672, #5640 ),
 ( #2087, #4664 ),
 ( #106, #1051 ),
 ( #5572, #2023 ),
 ( #1637, #1012 ),
 ( #3643, #5167 ),
 ( #4160, #6197 ),
 ( #2595, #572 ),
 ( #2630, #4591 ),
 ( #5208, #30 ),
 ( #3679, #2157 ),
 ( #4194, #6229 ),
 ( #3022, #4559 ),
 ( #4064, #1532 ),
 ( #3569, #3059 ),
 ( #5099, #507 ),
 ( #244, #4227 ),
 ( #1226, #2229 ),
 ( #3778, #1160 ),
 ( #4810, #5241 ),
 ( #3312, #2829 ),
 ( #4269, #2725 ),
 ( #4769, #781 ),
 ( #2293, #4304 ),
 ( #6343, #4334 ) ),
 .UNSPECIFIED., .F., .F., .F.,
 ( 4, 1, 1, 1, 1, 1, 1, 1, 1, 1, 1, 1, 1, 1, 1, 1, 1, 1, 1, 1, 1, 1, 1, 1, 4 ),
 ( 2, 2 ),
 ( 0.0000000000000000000, 0.06859462225874239649, 0.1332460424433008772, 0.1943125864682561099, 0.2512792231169660440, 0.3045134392563466630, 0.3542349066533249102, 0.4004805887739887882, 0.4434107549384916358, 0.4840148686163448510, 0.5232523007732028386, 0.5610423727283599948, 0.5979002393643998436, 0.6335184888561953276, 0.6683143511696512107, 0.7024956712863814623, 0.7366853535134583186, 0.7702931693607885100, 0.8034372550192491191, 0.8359129516660287473, 0.8684602457892905969, 0.9008465382431825041, 0.9334665246307076725, 0.9662575752981230615, 1.000000000000000000 ),
 ( 0.0000000000000000000, 1.000000000000000000 ),
 .UNSPECIFIED. ) ;
#737 = CARTESIAN_POINT ( 'NONE',  ( 1.107965528090947060, 3.629999999999999449, -0.5200272577096726190 ) ) ;
#738 = EDGE_LOOP ( 'NONE', ( #20, #5118, #6053, #2321 ) ) ;
#739 = CARTESIAN_POINT ( 'NONE',  ( -2.239879756257872501, 3.629999999999999893, -0.2675698430699318675 ) ) ;
#740 = CARTESIAN_POINT ( 'NONE',  ( -2.207027187116112010, 3.679999999999999272, -0.1130543845160394689 ) ) ;
#741 = SURFACE_SIDE_STYLE ('',( #3699 ) ) ;
#742 = CARTESIAN_POINT ( 'NONE',  ( -1.784270127126682981, 3.630000000000000338, -0.4641530383138203764 ) ) ;
#743 = CARTESIAN_POINT ( 'NONE',  ( 1.107965528090947060, 3.679999999999997051, -0.5200272577096726190 ) ) ;
#744 = ORIENTED_EDGE ( 'NONE', *, *, #5612, .F. ) ;
#745 = CARTESIAN_POINT ( 'NONE',  ( -1.938819894942310329, 3.630000000000001226, -0.4258467256898012532 ) ) ;
#746 = CARTESIAN_POINT ( 'NONE',  ( -2.562879493495023198, 3.680000000000000160, 0.09280515378988116182 ) ) ;
#747 = CARTESIAN_POINT ( 'NONE',  ( 0.3099517294271078027, 3.630000000000000338, -0.4549501504519899986 ) ) ;
#748 = CARTESIAN_POINT ( 'NONE',  ( -1.454180904253730588, 3.680000000000000160, 0.5061874048662510228 ) ) ;
#749 = CARTESIAN_POINT ( 'NONE',  ( 1.458526696904776543, 3.680000000000001936, 0.5194846612542903808 ) ) ;
#750 = UNCERTAINTY_MEASURE_WITH_UNIT (LENGTH_MEASURE( 1.000000000000000082E-05 ), #2627, 'distance_accuracy_value', 'NONE');
#751 = CARTESIAN_POINT ( 'NONE',  ( -2.492622343216793102, 3.679999999999999716, -0.6035767066027705186 ) ) ;
#752 = CARTESIAN_POINT ( 'NONE',  ( 2.276109717702806012, 3.679999999999999716, 0.2458128376699938444 ) ) ;
#753 = CARTESIAN_POINT ( 'NONE',  ( 0.2585598744594709841, 3.629999999999999893, -0.6823670154693972645 ) ) ;
#754 = CYLINDRICAL_SURFACE ( 'NONE', #3080, 0.3000000000000000999 ) ;
#755 = FILL_AREA_STYLE_COLOUR ( '', #6055 ) ;
#756 = DIRECTION ( 'NONE',  ( -0.0000000000000000000, -1.000000000000000000, -0.0000000000000000000 ) ) ;
#757 = CARTESIAN_POINT ( 'NONE',  ( -2.646149024680669815, 3.629999999999999005, -0.4696623460748623469 ) ) ;
#758 = CARTESIAN_POINT ( 'NONE',  ( 2.051065607617455377, 3.680000000000003268, -0.6227368200016887290 ) ) ;
#759 =( NAMED_UNIT ( * ) PLANE_ANGLE_UNIT ( ) SI_UNIT ( $, .RADIAN. ) );
#760 = CARTESIAN_POINT ( 'NONE',  ( -1.922508142294848454, 3.630000000000000338, 0.006716247358594484677 ) ) ;
#761 = CARTESIAN_POINT ( 'NONE',  ( -0.3253177462885963322, 3.629999999999999005, -0.6878514479104982371 ) ) ;
#762 = CARTESIAN_POINT ( 'NONE',  ( 1.373835004671778215, 3.629999999999999449, -0.6109811010550229016 ) ) ;
#763 = CARTESIAN_POINT ( 'NONE',  ( 0.5058511939672701851, 3.680000000000000604, -0.8808014643199167937 ) ) ;
#764 = CARTESIAN_POINT ( 'NONE',  ( -2.589068345303973118, 3.680000000000000604, 0.1845375763421287230 ) ) ;
#765 = CARTESIAN_POINT ( 'NONE',  ( 1.945837857857680708, 3.680000000000001936, 0.4863931484772729408 ) ) ;
#766 = CARTESIAN_POINT ( 'NONE',  ( -2.268783095639371528, 3.679999999999998828, 0.5203699271968980078 ) ) ;
#767 = SURFACE_STYLE_USAGE ( .BOTH. , #4440 ) ;
#768 = CARTESIAN_POINT ( 'NONE',  ( 1.073841958697586474, 3.629999999999999449, -0.6050747405586920369 ) ) ;
#769 = VERTEX_POINT ( 'NONE', #132 ) ;
#770 = EDGE_CURVE ( 'NONE', #2610, #6212, #3797, .T. ) ;
#771 = CARTESIAN_POINT ( 'NONE',  ( -2.375462135012945009, 3.679999999999997495, -0.3096144555824672517 ) ) ;
#772 = CARTESIAN_POINT ( 'NONE',  ( -2.562773867149978457, 3.629999999999999449, -0.2968464739268013020 ) ) ;
#773 = CARTESIAN_POINT ( 'NONE',  ( 1.435372474037264201, 3.679999999999995719, 0.05507090122515059805 ) ) ;
#774 = CARTESIAN_POINT ( 'NONE',  ( -1.225880067309814025, 3.629999999999999893, 0.4611288387717021320 ) ) ;
#775 = ORIENTED_EDGE ( 'NONE', *, *, #551, .T. ) ;
#776 = CARTESIAN_POINT ( 'NONE',  ( 0.4145483674295716847, 3.629999999999999893, -0.6458920270262251684 ) ) ;
#777 = CARTESIAN_POINT ( 'NONE',  ( 1.509836821652265293, 3.680000000000000160, 0.5710793898188222251 ) ) ;
#778 = CARTESIAN_POINT ( 'NONE',  ( -0.6904635807518620938, 3.680000000000000160, -0.6877740693834172303 ) ) ;
#779 = CARTESIAN_POINT ( 'NONE',  ( 1.660005765575723213, 3.629999999999999449, 0.6550021155792762340 ) ) ;
#780 = CARTESIAN_POINT ( 'NONE',  ( 1.692705231591840054, 3.680000000000001936, 0.6641806601897408679 ) ) ;
#781 = CARTESIAN_POINT ( 'NONE',  ( -0.5468731076571843319, 3.679999999999999272, -0.9009257655664466569 ) ) ;
#782 = CARTESIAN_POINT ( 'NONE',  ( -0.1652381647349229210, 3.679999999999997051, 0.5151024595929387662 ) ) ;
#783 = CARTESIAN_POINT ( 'NONE',  ( 2.097508348090905361, 3.629999999999999893, 0.3243157031153131031 ) ) ;
#784 = CARTESIAN_POINT ( 'NONE',  ( 0.005734427749679269458, 3.680000000000000160, -0.08951460528861866772 ) ) ;
#785 = CARTESIAN_POINT ( 'NONE',  ( -1.841293892287302336, 3.629999999999999893, 0.1723397817022250811 ) ) ;
#786 = CARTESIAN_POINT ( 'NONE',  ( -2.724755552500727429, 3.680000000000000160, 0.2123662885608836037 ) ) ;
#787 = EDGE_CURVE ( 'NONE', #6107, #2206, #5056, .T. ) ;
#788 = SURFACE_STYLE_FILL_AREA ( #5381 ) ;
#789 = CARTESIAN_POINT ( 'NONE',  ( -1.917063244808419720, 3.629999999999999893, -0.5175014999006547489 ) ) ;
#790 = VECTOR ( 'NONE', #1892, 1000.000000000000000 ) ;
#791 = CARTESIAN_POINT ( 'NONE',  ( 1.536491453832514065, 3.680000000000001048, -0.8179846728606954276 ) ) ;
#792 = CARTESIAN_POINT ( 'NONE',  ( -2.201705257457262199, 3.680000000000000160, 0.5212915107773682388 ) ) ;
#793 = CARTESIAN_POINT ( 'NONE',  ( -2.319592346509955938, 3.680000000000000604, 0.5125521629563491999 ) ) ;
#794 = DIRECTION ( 'NONE',  ( -0.0000000000000000000, 1.000000000000000000, -0.0000000000000000000 ) ) ;
#795 = CARTESIAN_POINT ( 'NONE',  ( -2.720630627011500824, 3.630000000000001226, 0.1503065090453127028 ) ) ;
#796 =( GEOMETRIC_REPRESENTATION_CONTEXT ( 3 ) GLOBAL_UNCERTAINTY_ASSIGNED_CONTEXT ( ( #4364 ) ) GLOBAL_UNIT_ASSIGNED_CONTEXT ( ( #5475, #4960, #6374 ) ) REPRESENTATION_CONTEXT ( 'NONE', 'WORKASPACE' ) );
#797 = ORIENTED_EDGE ( 'NONE', *, *, #1796, .F. ) ;
#798 = CARTESIAN_POINT ( 'NONE',  ( 0.1406290628838879619, 3.680000000000000160, -0.1124534229775779742 ) ) ;
#799 = CARTESIAN_POINT ( 'NONE',  ( -1.705524783269958489, 3.630000000000000338, 0.2000465770224221229 ) ) ;
#800 = FILL_AREA_STYLE ('',( #5901 ) ) ;
#801 = VECTOR ( 'NONE', #657, 1000.000000000000000 ) ;
#802 = CARTESIAN_POINT ( 'NONE',  ( -1.330524783269958267, 3.629999999999999893, 0.4061763847147297768 ) ) ;
#803 =( GEOMETRIC_REPRESENTATION_CONTEXT ( 3 ) GLOBAL_UNCERTAINTY_ASSIGNED_CONTEXT ( ( #302 ) ) GLOBAL_UNIT_ASSIGNED_CONTEXT ( ( #5915, #5622, #6614 ) ) REPRESENTATION_CONTEXT ( 'NONE', 'WORKASPACE' ) );
#804 = VERTEX_POINT ( 'NONE', #806 ) ;
#805 = CARTESIAN_POINT ( 'NONE',  ( -1.865299671710039853, 3.679999999999999716, 0.3226654631765430992 ) ) ;
#806 = CARTESIAN_POINT ( 'NONE',  ( -2.439999999999999947, 0.05000000000000000278, 0.2149999999999999412 ) ) ;
#807 = UNCERTAINTY_MEASURE_WITH_UNIT (LENGTH_MEASURE( 1.000000000000000082E-05 ), #5985, 'distance_accuracy_value', 'NONE');
#808 = CARTESIAN_POINT ( 'NONE',  ( 0.1490534990541879656, 3.629999999999999893, 0.08899704713222957031 ) ) ;
#809 = VECTOR ( 'NONE', #5925, 1000.000000000000000 ) ;
#810 = CARTESIAN_POINT ( 'NONE',  ( 0.006013678268503453578, 3.679999999999997051, -0.1124534229775779742 ) ) ;
#811 = CARTESIAN_POINT ( 'NONE',  ( 1.483223133660620752, 3.680000000000001492, 0.5467518375246115392 ) ) ;
#812 = CARTESIAN_POINT ( 'NONE',  ( 0.8972194537713007456, 3.629999999999999893, -0.6227368200016885069 ) ) ;
#813 = CIRCLE ( 'NONE', #2326, 0.5000000000000000000 ) ;
#814 = FACE_OUTER_BOUND ( 'NONE', #4684, .T. ) ;
#815 =( GEOMETRIC_REPRESENTATION_CONTEXT ( 3 ) GLOBAL_UNCERTAINTY_ASSIGNED_CONTEXT ( ( #6223 ) ) GLOBAL_UNIT_ASSIGNED_CONTEXT ( ( #1959, #429, #4518 ) ) REPRESENTATION_CONTEXT ( 'NONE', 'WORKASPACE' ) );
#816 = CARTESIAN_POINT ( 'NONE',  ( -0.2185474678327686271, 3.630000000000000782, 0.5681031572849438716 ) ) ;
#817 = CARTESIAN_POINT ( 'NONE',  ( -1.305796857027121005, 3.680000000000000604, 0.4076457920328858675 ) ) ;
#818 = CARTESIAN_POINT ( 'NONE',  ( -0.2196376606880518778, 3.629999999999999893, -0.7953408740158949275 ) ) ;
#819 = CARTESIAN_POINT ( 'NONE',  ( -1.260696662157369863, 3.680000000000001492, 0.4261752209892741283 ) ) ;
#820 = MECHANICAL_DESIGN_GEOMETRIC_PRESENTATION_REPRESENTATION (  '', ( #3607 ), #1551 ) ;
#821 = CARTESIAN_POINT ( 'NONE',  ( 1.092156819488414143, 3.680000000000000160, -0.5642831114839580442 ) ) ;
#822 = EDGE_CURVE ( 'NONE', #6220, #3999, #4420, .T. ) ;
#823 = CARTESIAN_POINT ( 'NONE',  ( -0.9893866704684401991, 3.680000000000001492, -0.4301607659489333768 ) ) ;
#824 = CARTESIAN_POINT ( 'NONE',  ( 0.1406290628838879619, 3.680000000000000160, -0.1124534229775779742 ) ) ;
#825 = SURFACE_STYLE_USAGE ( .BOTH. , #344 ) ;
#826 = CARTESIAN_POINT ( 'NONE',  ( -2.590512205924369926, 3.629999999999999893, -0.7054245817841691135 ) ) ;
#827 = CARTESIAN_POINT ( 'NONE',  ( -1.419399218332847212, 3.680000000000001492, 0.4420027790729385564 ) ) ;
#828 = CARTESIAN_POINT ( 'NONE',  ( -1.997170096579097054, 3.680000000000000160, 0.4682538064985831694 ) ) ;
#829 = CARTESIAN_POINT ( 'NONE',  ( 0.4424992130727553041, 3.630000000000000782, -0.8546199058411396710 ) ) ;
#830 = CARTESIAN_POINT ( 'NONE',  ( -2.383973896378004831, 3.629999999999999893, -0.7093299809070584550 ) ) ;
#831 = MECHANICAL_DESIGN_GEOMETRIC_PRESENTATION_REPRESENTATION (  '', ( #5641 ), #5870 ) ;
#832 = CARTESIAN_POINT ( 'NONE',  ( -2.655224543337770804, 3.629999999999998561, -0.01744475009675720487 ) ) ;
#833 = EDGE_LOOP ( 'NONE', ( #1315, #4453, #3264, #2253 ) ) ;
#834 = FACE_OUTER_BOUND ( 'NONE', #1445, .T. ) ;
#835 = B_SPLINE_CURVE_WITH_KNOTS ( 'NONE', 3,
 ( #799, #4388, #1853, #5933, #5427, #836, #2378, #6328, #3919, #5965, #1380 ),
 .UNSPECIFIED., .F., .F.,
 ( 4, 1, 1, 1, 1, 1, 1, 1, 4 ),
 ( 0.0000000000000000000, 0.1281581855276743009, 0.2536731361531688322, 0.3773253059734891779, 0.4993845547646066918, 0.6229183680423455716, 0.7458393931045763647, 0.8713952850140291861, 1.000000000000000000 ),
 .UNSPECIFIED. ) ;
#836 = CARTESIAN_POINT ( 'NONE',  ( -1.733206565851625580, 3.630000000000000338, 0.3659948228766123357 ) ) ;
#837 = CARTESIAN_POINT ( 'NONE',  ( 0.3206095234832841978, 3.680000000000000160, 0.2623444497358974337 ) ) ;
#838 = CARTESIAN_POINT ( 'NONE',  ( 1.486901004569491702, 3.679999999999994387, 0.2934797648053331653 ) ) ;
#839 = CARTESIAN_POINT ( 'NONE',  ( -1.455524783269958267, 3.679999999999999716, 0.5311763847147297213 ) ) ;
#840 = CARTESIAN_POINT ( 'NONE',  ( -2.693192459448333409, 3.679999999999998384, 0.3793520018856800791 ) ) ;
#841 = CARTESIAN_POINT ( 'NONE',  ( -1.837960356606177514, 3.629999999999999449, -0.7045612271199888088 ) ) ;
#842 = CARTESIAN_POINT ( 'NONE',  ( -0.2247824471850627670, 3.629999999999999005, 0.3515568068007467462 ) ) ;
#843 = ORIENTED_EDGE ( 'NONE', *, *, #370, .F. ) ;
#844 = VERTEX_POINT ( 'NONE', #6456 ) ;
#845 = CARTESIAN_POINT ( 'NONE',  ( -2.319592346509955938, 3.630000000000000338, 0.5125521629563491999 ) ) ;
#846 = PRESENTATION_STYLE_ASSIGNMENT (( #3492 ) ) ;
#847 = PRESENTATION_STYLE_ASSIGNMENT (( #4804 ) ) ;
#848 =( LENGTH_UNIT ( ) NAMED_UNIT ( * ) SI_UNIT ( .MILLI., .METRE. ) );
#849 = CARTESIAN_POINT ( 'NONE',  ( 1.660005765575723213, 3.629999999999999449, 0.6550021155792762340 ) ) ;
#850 = CARTESIAN_POINT ( 'NONE',  ( -2.215741129423804967, 3.630000000000000338, 0.5215610000993452511 ) ) ;
#851 = CARTESIAN_POINT ( 'NONE',  ( 0.2866476071769180067, 3.679999999999999716, -0.3306856961686311935 ) ) ;
#852 = CARTESIAN_POINT ( 'NONE',  ( -0.06093335438874673132, 3.679999999999999716, 0.3371752162165860822 ) ) ;
#853 = CARTESIAN_POINT ( 'NONE',  ( -2.003824728744388217, 3.629999999999999893, -0.05940515464120257189 ) ) ;
#854 = CARTESIAN_POINT ( 'NONE',  ( 1.122263563856652269, 3.679999999999999716, 0.2458128376699937334 ) ) ;
#855 = CARTESIAN_POINT ( 'NONE',  ( -0.4905970448680454510, 3.629999999999999893, 0.5208762368943952170 ) ) ;
#856 = CARTESIAN_POINT ( 'NONE',  ( 0.2381749625636538081, 3.680000000000000160, -0.6480204730380638711 ) ) ;
#857 = CARTESIAN_POINT ( 'NONE',  ( -2.377970279552167110, 3.630000000000001226, -0.8732370710562478155 ) ) ;
#858 = CARTESIAN_POINT ( 'NONE',  ( 3.250000000000001776, 0.5000000000000000000, 2.500000000000001332 ) ) ;
#859 =( NAMED_UNIT ( * ) PLANE_ANGLE_UNIT ( ) SI_UNIT ( $, .RADIAN. ) );
#860 = CARTESIAN_POINT ( 'NONE',  ( 0.9821577456687533569, 3.629999999999999449, 0.2234891935643789906 ) ) ;
#861 = CARTESIAN_POINT ( 'NONE',  ( -2.513217090962266198, 3.680000000000000160, -0.5144966922083471506 ) ) ;
#862 = ORIENTED_EDGE ( 'NONE', *, *, #124, .T. ) ;
#863 = CARTESIAN_POINT ( 'NONE',  ( 1.150663328513856776, 3.629999999999999449, 0.08226461063017136144 ) ) ;
#864 = FACE_OUTER_BOUND ( 'NONE', #3836, .T. ) ;
#865 = CARTESIAN_POINT ( 'NONE',  ( -2.615764061787169137, 3.680000000000000604, -0.6595264191468130921 ) ) ;
#866 = CARTESIAN_POINT ( 'NONE',  ( 0.9684535821146570411, 3.629999999999999893, 0.2640489808685759221 ) ) ;
#867 = CARTESIAN_POINT ( 'NONE',  ( -0.8785534719032154216, 3.629999999999999893, -0.1331901202385292193 ) ) ;
#868 = CARTESIAN_POINT ( 'NONE',  ( -2.116715160305886911, 3.680000000000000160, -0.7379465787762776730 ) ) ;
#869 = CARTESIAN_POINT ( 'NONE',  ( -0.1291089387443772607, 3.680000000000000604, -0.05953894067806884266 ) ) ;
#870 = EDGE_LOOP ( 'NONE', ( #4819, #4514, #1953, #5810 ) ) ;
#871 = EDGE_CURVE ( 'NONE', #3896, #5875, #4347, .T. ) ;
#872 = CARTESIAN_POINT ( 'NONE',  ( -0.8069624298980017096, 3.679999999999998828, -0.5492481836291351893 ) ) ;
#873 = CARTESIAN_POINT ( 'NONE',  ( 2.059248383284508321, 3.629999999999999005, -0.8176189923859367159 ) ) ;
#874 = CARTESIAN_POINT ( 'NONE',  ( 1.294475216730041733, 3.629999999999999893, -0.1124534229775779742 ) ) ;
#875 = FILL_AREA_STYLE_COLOUR ( '', #919 ) ;
#876 = CARTESIAN_POINT ( 'NONE',  ( 0.3618755864805973665, 3.680000000000000160, -0.5762433685113901305 ) ) ;
#877 = CARTESIAN_POINT ( 'NONE',  ( -0.4065222161967995129, 3.679999999999996163, 0.6638967874564071225 ) ) ;
#878 = CARTESIAN_POINT ( 'NONE',  ( -0.2484439244077995823, 3.630000000000000338, -0.8176189923859366049 ) ) ;
#879 = CARTESIAN_POINT ( 'NONE',  ( 0.8762312715564839483, 3.680000000000001048, 0.6104187710414503698 ) ) ;
#880 = EDGE_CURVE ( 'NONE', #1654, #5197, #4422, .T. ) ;
#881 = CARTESIAN_POINT ( 'NONE',  ( -3.250000000000000888, 3.180000000000000604, -1.899999999999999689 ) ) ;
#882 = FACE_OUTER_BOUND ( 'NONE', #5470, .T. ) ;
#883 = CARTESIAN_POINT ( 'NONE',  ( -2.634329804578487089, 3.679999999999998384, -0.6125478912792907682 ) ) ;
#884 = CARTESIAN_POINT ( 'NONE',  ( 0.006013678268503453578, 3.629999999999999893, -0.1124534229775779742 ) ) ;
#885 = DIRECTION ( 'NONE',  ( 1.000000000000000000, 0.0000000000000000000, 0.0000000000000000000 ) ) ;
#886 = CARTESIAN_POINT ( 'NONE',  ( 0.3046805430586224106, 3.679999999999997939, 0.5194846612542902697 ) ) ;
#887 = CARTESIAN_POINT ( 'NONE',  ( 0.5058511939672701851, 3.680000000000001048, -0.8808014643199167937 ) ) ;
#888 = CARTESIAN_POINT ( 'NONE',  ( -2.305734253186059846, 3.679999999999999716, -0.7384392847446272778 ) ) ;
#889 = CARTESIAN_POINT ( 'NONE',  ( -2.501121712778688000, 3.679999999999999716, -0.1579953935213113947 ) ) ;
#890 = ORIENTED_EDGE ( 'NONE', *, *, #5499, .F. ) ;
#891 = SURFACE_SIDE_STYLE ('',( #4950 ) ) ;
#892 = CARTESIAN_POINT ( 'NONE',  ( 1.531423463338617452, 3.679999999999994831, 0.3746883762070082335 ) ) ;
#893 = CARTESIAN_POINT ( 'NONE',  ( 1.481700789029411380, 3.630000000000000782, -0.7713745073540299035 ) ) ;
#894 =( LENGTH_UNIT ( ) NAMED_UNIT ( * ) SI_UNIT ( .MILLI., .METRE. ) );
#895 = CARTESIAN_POINT ( 'NONE',  ( -2.147740677925883634, 3.679999999999999716, -0.7437050135391845007 ) ) ;
#896 = CARTESIAN_POINT ( 'NONE',  ( -1.206020389102500534, 3.629999999999999449, 0.5227262000337605796 ) ) ;
#897 = ORIENTED_EDGE ( 'NONE', *, *, #3955, .T. ) ;
#898 = VERTEX_POINT ( 'NONE', #4792 ) ;
#899 = B_SPLINE_CURVE_WITH_KNOTS ( 'NONE', 3,
 ( #3322, #3255, #1206, #2702, #2273, #5763, #4877, #2242, #1304, #5323, #1276, #1175, #3352, #697, #3220, #2168, #661, #4204, #4846, #2200, #150, #4742, #2306, #6243, #5355, #1687, #5863 ),
 .UNSPECIFIED., .F., .F.,
 ( 4, 1, 1, 1, 1, 1, 1, 1, 1, 1, 1, 1, 1, 1, 1, 1, 1, 1, 1, 1, 1, 1, 1, 1, 4 ),
 ( 0.0000000000000000000, 0.03378714634699118285, 0.06662165772429390342, 0.09928487809597213998, 0.1313611650426505795, 0.1635851875953433232, 0.1961039269870681334, 0.2289022543238168617, 0.2621580559050072923, 0.2959912222583162555, 0.3302178457247997301, 0.3650598258919538486, 0.4009507373401075547, 0.4376203820767375907, 0.4757075294370918250, 0.5153806916250482928, 0.5564135414931641321, 0.5997648298727309424, 0.6464241555840870568, 0.6964314445175665558, 0.7497815178015574400, 0.8065733069755322004, 0.8674355315653993204, 0.9318867532508741114, 1.000000000000000000 ),
 .UNSPECIFIED. ) ;
#900 =( GEOMETRIC_REPRESENTATION_CONTEXT ( 3 ) GLOBAL_UNCERTAINTY_ASSIGNED_CONTEXT ( ( #3093 ) ) GLOBAL_UNIT_ASSIGNED_CONTEXT ( ( #4191, #715, #2762 ) ) REPRESENTATION_CONTEXT ( 'NONE', 'WORKASPACE' ) );
#901 = CARTESIAN_POINT ( 'NONE',  ( -2.237392128391129553, 3.630000000000000782, 0.6749132348220827637 ) ) ;
#902 = CARTESIAN_POINT ( 'NONE',  ( 2.208671525728742147, 3.630000000000000338, -0.6435308254703236974 ) ) ;
#903 = CARTESIAN_POINT ( 'NONE',  ( -1.400312733732264503, 3.630000000000001226, 0.6360047109634058282 ) ) ;
#904 = CARTESIAN_POINT ( 'NONE',  ( -0.8533979621426793782, 3.629999999999999893, 0.1905737149566111288 ) ) ;
#905 = CARTESIAN_POINT ( 'NONE',  ( 0.002370873744302458546, 3.630000000000001226, 0.02055116350221649832 ) ) ;
#906 = ORIENTED_EDGE ( 'NONE', *, *, #1008, .F. ) ;
#907 = DIRECTION ( 'NONE',  ( -0.0000000000000000000, 1.000000000000000000, -0.0000000000000000000 ) ) ;
#908 = B_SPLINE_CURVE_WITH_KNOTS ( 'NONE', 3,
 ( #4894, #1319, #748, #208, #3337, #2285, #307, #6404, #3867, #3235, #4327 ),
 .UNSPECIFIED., .F., .F.,
 ( 4, 1, 1, 1, 1, 1, 1, 1, 4 ),
 ( 0.0000000000000000000, 0.1290969581672246347, 0.2520459672599794088, 0.3739049644019969976, 0.5010378352202026209, 0.6281707060384095209, 0.7513764634091928407, 0.8724260133704554443, 1.000000000000000000 ),
 .UNSPECIFIED. ) ;
#909 = CARTESIAN_POINT ( 'NONE',  ( -0.4997811554965366776, 3.679999999999995275, 0.6752334376781266023 ) ) ;
#910 =( NAMED_UNIT ( * ) SI_UNIT ( $, .STERADIAN. ) SOLID_ANGLE_UNIT ( ) );
#911 = CARTESIAN_POINT ( 'NONE',  ( -0.4760376276045700239, 3.680000000000000604, 0.6748878034458538622 ) ) ;
#912 = CARTESIAN_POINT ( 'NONE',  ( 1.150663328513856776, 3.679999999999999716, 0.08226461063017136144 ) ) ;
#913 = MECHANICAL_DESIGN_GEOMETRIC_PRESENTATION_REPRESENTATION (  '', ( #6255 ), #5617 ) ;
#914 = CARTESIAN_POINT ( 'NONE',  ( -0.4574104777888859941, 3.680000000000001048, 0.5195081242649456366 ) ) ;
#915 = PRESENTATION_LAYER_ASSIGNMENT (  '', '', ( #2317 ) ) ;
#916 = CARTESIAN_POINT ( 'NONE',  ( 2.439999999999999947, 0.05000000000000000278, 0.3000000000000000999 ) ) ;
#917 = CARTESIAN_POINT ( 'NONE',  ( -1.782447860193035138, 3.679999999999999716, -0.5123933268237318428 ) ) ;
#918 = COLOUR_RGB ( '',0.7686274509803920907, 0.7686274509803920907, 0.7686274509803920907 ) ;
#919 = COLOUR_RGB ( '',0.7686274509803920907, 0.7686274509803920907, 0.7686274509803920907 ) ;
#920 = CARTESIAN_POINT ( 'NONE',  ( 0.6303011321649328869, 3.629999999999999893, 0.6752072873202952241 ) ) ;
#921 = CARTESIAN_POINT ( 'NONE',  ( 0.6069730461889697448, 3.629999999999999005, -0.9009257655664462128 ) ) ;
#922 =( NAMED_UNIT ( * ) PLANE_ANGLE_UNIT ( ) SI_UNIT ( $, .RADIAN. ) );
#923 = LINE ( 'NONE', #2542, #3182 ) ;
#924 =( GEOMETRIC_REPRESENTATION_CONTEXT ( 3 ) GLOBAL_UNCERTAINTY_ASSIGNED_CONTEXT ( ( #1512 ) ) GLOBAL_UNIT_ASSIGNED_CONTEXT ( ( #210, #242, #3804 ) ) REPRESENTATION_CONTEXT ( 'NONE', 'WORKASPACE' ) );
#925 = ORIENTED_EDGE ( 'NONE', *, *, #4719, .F. ) ;
#926 = CARTESIAN_POINT ( 'NONE',  ( 0.9886079891112311557, 3.630000000000000782, 0.5151024595929387662 ) ) ;
#927 = CARTESIAN_POINT ( 'NONE',  ( -2.323149255030706239, 3.680000000000000160, -0.8892563951214083051 ) ) ;
#928 = EDGE_CURVE ( 'NONE', #5937, #2456, #4183, .T. ) ;
#929 = CARTESIAN_POINT ( 'NONE',  ( 1.329540845767288593, 3.629999999999999449, -0.4812613761502044230 ) ) ;
#930 = STYLED_ITEM ( 'NONE', ( #2024 ), #3052 ) ;
#931 = CARTESIAN_POINT ( 'NONE',  ( 1.831631115167634549, 3.629999999999999893, -0.9008910975147438327 ) ) ;
#932 = CARTESIAN_POINT ( 'NONE',  ( 1.150663328513856776, 3.679999999999996607, 0.08226461063017136144 ) ) ;
#933 = CARTESIAN_POINT ( 'NONE',  ( -2.507838163519016117, 3.680000000000001048, -0.4683175685767943519 ) ) ;
#934 = ORIENTED_EDGE ( 'NONE', *, *, #6219, .F. ) ;
#935 = ORIENTED_EDGE ( 'NONE', *, *, #1142, .F. ) ;
#936 = CARTESIAN_POINT ( 'NONE',  ( -0.7919705673655568212, 3.680000000000000160, -0.5762433685113901305 ) ) ;
#937 = B_SPLINE_CURVE_WITH_KNOTS ( 'NONE', 3,
 ( #3629, #1068, #3735, #4608, #5770, #1658, #55, #126, #6118, #4718, #5154, #4112, #1181, #560, #5732, #4082, #1036, #1106, #3085, #5120, #1144, #3195, #530, #6148, #3154, #15, #3589 ),
 .UNSPECIFIED., .F., .F.,
 ( 4, 1, 1, 1, 1, 1, 1, 1, 1, 1, 1, 1, 1, 1, 1, 1, 1, 1, 1, 1, 1, 1, 1, 1, 4 ),
 ( 0.0000000000000000000, 0.06859462225874239649, 0.1332460424433008772, 0.1943125864682561099, 0.2512792231169660440, 0.3045134392563466630, 0.3542349066533249102, 0.4004805887739887882, 0.4434107549384916358, 0.4840148686163448510, 0.5232523007732028386, 0.5610423727283599948, 0.5979002393643998436, 0.6335184888561953276, 0.6683143511696512107, 0.7024956712863814623, 0.7366853535134583186, 0.7702931693607885100, 0.8034372550192491191, 0.8359129516660287473, 0.8684602457892905969, 0.9008465382431825041, 0.9334665246307076725, 0.9662575752981230615, 1.000000000000000000 ),
 .UNSPECIFIED. ) ;
#938 = CARTESIAN_POINT ( 'NONE',  ( 2.276068644196663993, 3.629999999999999893, -0.4725566460590628903 ) ) ;
#939 = CARTESIAN_POINT ( 'NONE',  ( -0.6054910248637002113, 3.630000000000000338, 0.5060575432019170927 ) ) ;
#940 = CARTESIAN_POINT ( 'NONE',  ( 0.006013678268503453578, 3.629999999999999893, -0.1124534229775779742 ) ) ;
#941 = VERTEX_POINT ( 'NONE', #4763 ) ;
#942 = DIRECTION ( 'NONE',  ( -0.0000000000000000000, 1.000000000000000000, -0.0000000000000000000 ) ) ;
#943 = FILL_AREA_STYLE ('',( #4091 ) ) ;
#944 = CARTESIAN_POINT ( 'NONE',  ( 1.454294345549628220, 3.680000000000001936, 0.1905737149566112676 ) ) ;
#945 = CARTESIAN_POINT ( 'NONE',  ( 1.156217027590455970, 3.680000000000000160, 0.02055116350221647056 ) ) ;
#946 = CARTESIAN_POINT ( 'NONE',  ( 1.133742048311195294, 3.679999999999999272, -0.4213105659790586377 ) ) ;
#947 = CARTESIAN_POINT ( 'NONE',  ( 0.3781995649915665392, 3.630000000000001670, -0.6012999545053008266 ) ) ;
#948 = SURFACE_STYLE_USAGE ( .BOTH. , #4913 ) ;
#949 = CARTESIAN_POINT ( 'NONE',  ( -1.879412938462171834, 3.679999999999999716, 0.3503299566142772381 ) ) ;
#950 = CARTESIAN_POINT ( 'NONE',  ( -1.917063244808419720, 3.629999999999999893, -0.5175014999006547489 ) ) ;
#951 = CARTESIAN_POINT ( 'NONE',  ( -2.513046173021549201, 3.629999999999999893, -0.5223308577724518065 ) ) ;
#952 = CARTESIAN_POINT ( 'NONE',  ( 1.807907111355198770, 3.680000000000000160, -0.9013068593308644072 ) ) ;
#953 = VERTEX_POINT ( 'NONE', #4189 ) ;
#954 =( NAMED_UNIT ( * ) SI_UNIT ( $, .STERADIAN. ) SOLID_ANGLE_UNIT ( ) );
#955 = DIRECTION ( 'NONE',  ( 8.673617379884035472E-16, 0.0000000000000000000, 1.000000000000000000 ) ) ;
#956 = CARTESIAN_POINT ( 'NONE',  ( 1.392021116409806636, 3.680000000000000604, -0.6480204730380644262 ) ) ;
#957 = CARTESIAN_POINT ( 'NONE',  ( -0.7392977864165821700, 3.630000000000000782, -0.6458920270262255015 ) ) ;
#958 = CARTESIAN_POINT ( 'NONE',  ( 0.9886079891112311557, 3.630000000000000782, 0.5151024595929387662 ) ) ;
#959 = CARTESIAN_POINT ( 'NONE',  ( 1.944885580060685903, 3.680000000000001048, -0.7112136031175655404 ) ) ;
#960 = EDGE_CURVE ( 'NONE', #6334, #3896, #2672, .T. ) ;
#961 = ORIENTED_EDGE ( 'NONE', *, *, #6505, .F. ) ;
#962 = CARTESIAN_POINT ( 'NONE',  ( -1.355230035385591503, 3.679999999999999272, 0.6548559680442980202 ) ) ;
#963 = ORIENTED_EDGE ( 'NONE', *, *, #3506, .F. ) ;
#964 = DIRECTION ( 'NONE',  ( 0.0000000000000000000, 1.000000000000000000, 0.0000000000000000000 ) ) ;
#965 = CARTESIAN_POINT ( 'NONE',  ( 2.029535402918836606, 3.630000000000000338, -0.8376006540887752649 ) ) ;
#966 = CARTESIAN_POINT ( 'NONE',  ( 1.429241145790109080, 3.629999999999999893, -0.05413492297189157615 ) ) ;
#967 = CARTESIAN_POINT ( 'NONE',  ( 0.4142151619352489877, 3.680000000000000160, 0.4193193746620746953 ) ) ;
#968 = ADVANCED_FACE ( 'NONE', ( #636 ), #2803, .T. ) ;
#969 = CARTESIAN_POINT ( 'NONE',  ( 0.3333762969441319002, 3.679999999999999272, -0.5201775989611071571 ) ) ;
#970 = DIRECTION ( 'NONE',  ( 0.0000000000000000000, 1.000000000000000000, 0.0000000000000000000 ) ) ;
#971 =( NAMED_UNIT ( * ) PLANE_ANGLE_UNIT ( ) SI_UNIT ( $, .RADIAN. ) );
#972 = CARTESIAN_POINT ( 'NONE',  ( -0.2474385031901756571, 3.679999999999995719, 0.5906681404830103066 ) ) ;
#973 = CARTESIAN_POINT ( 'NONE',  ( 1.999237821006256022, 3.630000000000001226, 0.6280818497790879862 ) ) ;
#974 = CARTESIAN_POINT ( 'NONE',  ( 1.435372474037264201, 3.680000000000000604, 0.05507090122515059805 ) ) ;
#975 = CARTESIAN_POINT ( 'NONE',  ( -1.917063244808419720, 3.629999999999999893, -0.5175014999006547489 ) ) ;
#976 = ORIENTED_EDGE ( 'NONE', *, *, #1883, .T. ) ;
#977 = FACE_OUTER_BOUND ( 'NONE', #1111, .T. ) ;
#978 = B_SPLINE_CURVE_WITH_KNOTS ( 'NONE', 3,
 ( #6336, #5876, #709, #6304, #1767, #1255, #2284, #5297, #1188, #5265, #2717 ),
 .UNSPECIFIED., .F., .F.,
 ( 4, 1, 1, 1, 1, 1, 1, 1, 4 ),
 ( 0.0000000000000000000, 0.1281581855276743009, 0.2536731361531688322, 0.3773253059734891779, 0.4993845547646066918, 0.6229183680423455716, 0.7458393931045763647, 0.8713952850140291861, 1.000000000000000000 ),
 .UNSPECIFIED. ) ;
#979 =( NAMED_UNIT ( * ) PLANE_ANGLE_UNIT ( ) SI_UNIT ( $, .RADIAN. ) );
#980 = CARTESIAN_POINT ( 'NONE',  ( -1.225973625934000388, 3.629999999999999449, 0.6006474963756576191 ) ) ;
#981 = CARTESIAN_POINT ( 'NONE',  ( 0.1407689087223674140, 3.629999999999999005, -0.08861185062333415408 ) ) ;
#982 = CARTESIAN_POINT ( 'NONE',  ( -1.993039422155069351, 3.629999999999999893, -0.8493536423683283321 ) ) ;
#983 = CARTESIAN_POINT ( 'NONE',  ( -0.2566267000748529425, 3.630000000000000782, -0.6227368200016885069 ) ) ;
#984 =( NAMED_UNIT ( * ) PLANE_ANGLE_UNIT ( ) SI_UNIT ( $, .RADIAN. ) );
#985 = ADVANCED_FACE ( 'NONE', ( #4843 ), #5694, .T. ) ;
#986 = EDGE_LOOP ( 'NONE', ( #1021, #422, #3490, #415 ) ) ;
#987 = CARTESIAN_POINT ( 'NONE',  ( -2.170140692546939309, 3.679999999999998828, -0.1122358743413936627 ) ) ;
#988 =( NAMED_UNIT ( * ) SI_UNIT ( $, .STERADIAN. ) SOLID_ANGLE_UNIT ( ) );
#989 = CARTESIAN_POINT ( 'NONE',  ( 1.784146957805758493, 3.679999999999999272, -0.9013173374551021189 ) ) ;
#990 = CYLINDRICAL_SURFACE ( 'NONE', #1698, 0.3000000000000000999 ) ;
#991 = CARTESIAN_POINT ( 'NONE',  ( 1.795977620576195255, 3.680000000000000160, -0.9015159229775778771 ) ) ;
#992 = CARTESIAN_POINT ( 'NONE',  ( 1.122263563856652269, 3.629999999999999449, 0.2458128376699937334 ) ) ;
#993 = CARTESIAN_POINT ( 'NONE',  ( 0.7443912916392018131, 3.629999999999999449, -0.7327132144862826824 ) ) ;
#994 = CARTESIAN_POINT ( 'NONE',  ( 0.005737293012316786560, 3.679999999999999716, -0.1354927300369349608 ) ) ;
#995 = EDGE_LOOP ( 'NONE', ( #5040, #1337, #535, #2503 ) ) ;
#996 = CARTESIAN_POINT ( 'NONE',  ( 0.9645732200285018765, 3.629999999999999005, 0.2745161672461609581 ) ) ;
#997 = SURFACE_STYLE_USAGE ( .BOTH. , #2419 ) ;
#998 =( GEOMETRIC_REPRESENTATION_CONTEXT ( 3 ) GLOBAL_UNCERTAINTY_ASSIGNED_CONTEXT ( ( #2151 ) ) GLOBAL_UNIT_ASSIGNED_CONTEXT ( ( #5469, #1314, #3963 ) ) REPRESENTATION_CONTEXT ( 'NONE', 'WORKASPACE' ) );
#999 = LINE ( 'NONE', #3047, #3418 ) ;
#1000 = FILL_AREA_STYLE_COLOUR ( '', #1980 ) ;
#1001 = CARTESIAN_POINT ( 'NONE',  ( 0.6466386782685031864, 3.629999999999999893, -0.7476697691314242444 ) ) ;
#1002 = CARTESIAN_POINT ( 'NONE',  ( 0.2928595683530394456, 3.629999999999999449, 0.1491009936429822935 ) ) ;
#1003 = STYLED_ITEM ( 'NONE', ( #5817 ), #6584 ) ;
#1004 = VERTEX_POINT ( 'NONE', #5448 ) ;
#1005 = ORIENTED_EDGE ( 'NONE', *, *, #3460, .T. ) ;
#1006 = CARTESIAN_POINT ( 'NONE',  ( -1.918109014325420913, 3.630000000000000338, 0.4023009603648702859 ) ) ;
#1007 = CARTESIAN_POINT ( 'NONE',  ( 2.229011506011892241, 3.630000000000000338, 0.3778688117300690874 ) ) ;
#1008 = EDGE_CURVE ( 'NONE', #3863, #3013, #1568, .T. ) ;
#1009 = LINE ( 'NONE', #5746, #1336 ) ;
#1010 = CARTESIAN_POINT ( 'NONE',  ( -0.7584766743984047155, 3.680000000000001048, 0.3977910179525211420 ) ) ;
#1011 = CARTESIAN_POINT ( 'NONE',  ( -0.7396309919109046449, 3.629999999999999893, 0.4193193746620746953 ) ) ;
#1012 = CARTESIAN_POINT ( 'NONE',  ( -0.9893866704684401991, 3.680000000000001048, -0.4301607659489333768 ) ) ;
#1013 = PRESENTATION_LAYER_ASSIGNMENT (  '', '', ( #5846 ) ) ;
#1014 = FACE_OUTER_BOUND ( 'NONE', #2216, .T. ) ;
#1015 = SURFACE_STYLE_USAGE ( .BOTH. , #1534 ) ;
#1016 = AXIS2_PLACEMENT_3D ( 'NONE', #5580, #5073, #6478 ) ;
#1017 = CARTESIAN_POINT ( 'NONE',  ( -0.2386285501897363881, 3.630000000000000782, -0.5978657301826300063 ) ) ;
#1018 = COLOUR_RGB ( '',0.7686274509803920907, 0.7686274509803920907, 0.7686274509803920907 ) ;
#1019 = CARTESIAN_POINT ( 'NONE',  ( -1.322162563537663482, 3.680000000000000160, 0.6557123380100852161 ) ) ;
#1020 = PRESENTATION_LAYER_ASSIGNMENT (  '', '', ( #5313 ) ) ;
#1021 = ORIENTED_EDGE ( 'NONE', *, *, #3082, .F. ) ;
#1022 = CARTESIAN_POINT ( 'NONE',  ( -2.034319498199139264, 3.679999999999999716, -0.07601320446763121241 ) ) ;
#1023 =( GEOMETRIC_REPRESENTATION_CONTEXT ( 3 ) GLOBAL_UNCERTAINTY_ASSIGNED_CONTEXT ( ( #676 ) ) GLOBAL_UNIT_ASSIGNED_CONTEXT ( ( #5088, #6121, #5123 ) ) REPRESENTATION_CONTEXT ( 'NONE', 'WORKASPACE' ) );
#1024 = FACE_OUTER_BOUND ( 'NONE', #3915, .T. ) ;
#1025 = CARTESIAN_POINT ( 'NONE',  ( -0.8491656107875314996, 3.679999999999996163, 0.5194846612542903808 ) ) ;
#1026 = CARTESIAN_POINT ( 'NONE',  ( -2.040344379191924684, 3.680000000000000160, 0.6533985028547378837 ) ) ;
#1027 = CARTESIAN_POINT ( 'NONE',  ( 2.059248383284508321, 3.629999999999999005, -0.8176189923859367159 ) ) ;
#1028 = CARTESIAN_POINT ( 'NONE',  ( -2.717252559310745497, 3.679999999999997939, 0.2974750730579978630 ) ) ;
#1029 = AXIS2_PLACEMENT_3D ( 'NONE', #5023, #1928, #5587 ) ;
#1030 = CARTESIAN_POINT ( 'NONE',  ( -0.9885466526306628809, 3.680000000000000160, 0.2037647460570418123 ) ) ;
#1031 = VECTOR ( 'NONE', #6186, 1000.000000000000000 ) ;
#1032 = CARTESIAN_POINT ( 'NONE',  ( 2.151525664480356426, 3.679999999999999716, -0.3995362814424763265 ) ) ;
#1033 = ORIENTED_EDGE ( 'NONE', *, *, #4704, .F. ) ;
#1034 = VERTEX_POINT ( 'NONE', #4770 ) ;
#1035 = CARTESIAN_POINT ( 'NONE',  ( 0.8569436256316651512, 3.680000000000001048, 0.4404177906756156502 ) ) ;
#1036 = CARTESIAN_POINT ( 'NONE',  ( -0.7992392859769851254, 3.630000000000000782, -0.7957648289813763487 ) ) ;
#1037 = CARTESIAN_POINT ( 'NONE',  ( -0.1598547906327971446, 3.680000000000000604, 0.1813333426727404551 ) ) ;
#1038 = SHAPE_DEFINITION_REPRESENTATION ( #4291, #5942 ) ;
#1039 = LINE ( 'NONE', #4652, #3933 ) ;
#1040 =( GEOMETRIC_REPRESENTATION_CONTEXT ( 3 ) GLOBAL_UNCERTAINTY_ASSIGNED_CONTEXT ( ( #1350 ) ) GLOBAL_UNIT_ASSIGNED_CONTEXT ( ( #2626, #2493, #4060 ) ) REPRESENTATION_CONTEXT ( 'NONE', 'WORKASPACE' ) );
#1041 = SURFACE_STYLE_FILL_AREA ( #460 ) ;
#1042 = ORIENTED_EDGE ( 'NONE', *, *, #4566, .T. ) ;
#1043 = ORIENTED_EDGE ( 'NONE', *, *, #5979, .T. ) ;
#1044 = CARTESIAN_POINT ( 'NONE',  ( -1.967950727819316903, 3.680000000000001048, 0.4491599537631996708 ) ) ;
#1045 = FILL_AREA_STYLE ('',( #1559 ) ) ;
#1046 = CARTESIAN_POINT ( 'NONE',  ( 2.262973865064904277, 3.629999999999999449, 0.2933602969551767359 ) ) ;
#1047 = AXIS2_PLACEMENT_3D ( 'NONE', #669, #3631, #5660 ) ;
#1048 = CARTESIAN_POINT ( 'NONE',  ( 1.024737215101775956, 3.679999999999999716, -0.05953894067806887042 ) ) ;
#1049 = CARTESIAN_POINT ( 'NONE',  ( 1.568061315781402953, 3.679999999999999716, 0.4193193746620743623 ) ) ;
#1050 = CARTESIAN_POINT ( 'NONE',  ( -0.7762688443536908123, 3.680000000000001048, 0.3746883762070087887 ) ) ;
#1051 = CARTESIAN_POINT ( 'NONE',  ( -1.004718964642955070, 3.680000000000000604, -0.3150872671391601876 ) ) ;
#1052 = EDGE_CURVE ( 'NONE', #1859, #5630, #2916, .T. ) ;
#1053 = CARTESIAN_POINT ( 'NONE',  ( -0.8952862793866824820, 3.679999999999999716, -0.6823670154693969314 ) ) ;
#1054 = CARTESIAN_POINT ( 'NONE',  ( -1.205524783269958267, 3.629999999999999893, 0.5311763847147297213 ) ) ;
#1055 = CARTESIAN_POINT ( 'NONE',  ( 2.167020676468522922, 3.680000000000002824, -0.3137360208878448020 ) ) ;
#1056 = CARTESIAN_POINT ( 'NONE',  ( 2.178583368947930143, 3.680000000000000160, -0.05953894067806887735 ) ) ;
#1057 = CARTESIAN_POINT ( 'NONE',  ( 2.313429600704624889, 3.680000000000000604, -0.1354927300369349608 ) ) ;
#1058 = CARTESIAN_POINT ( 'NONE',  ( 0.2585598744594709841, 3.629999999999999893, -0.6823670154693972645 ) ) ;
#1059 = CARTESIAN_POINT ( 'NONE',  ( -1.455524783269958267, 3.629999999999999893, 0.5311763847147297213 ) ) ;
#1060 = CARTESIAN_POINT ( 'NONE',  ( -0.5814374574833480747, 3.629999999999999893, 0.6707358758521785314 ) ) ;
#1061 = CARTESIAN_POINT ( 'NONE',  ( -1.732189913291030559, 3.680000000000000160, 0.05374379331078437544 ) ) ;
#1062 = CARTESIAN_POINT ( 'NONE',  ( 2.439999999999999947, 0.05000000000000000278, -0.3000000000000000999 ) ) ;
#1063 = CARTESIAN_POINT ( 'NONE',  ( -1.995488725577650557, 3.629999999999999893, -0.1986914037468087424 ) ) ;
#1064 = CARTESIAN_POINT ( 'NONE',  ( 0.6958467298172861248, 3.630000000000000338, -0.7450596256095285419 ) ) ;
#1065 = CARTESIAN_POINT ( 'NONE',  ( 1.982374561403711155, 3.679999999999999272, -0.6878514479104985702 ) ) ;
#1066 = ORIENTED_EDGE ( 'NONE', *, *, #3689, .F. ) ;
#1067 = CARTESIAN_POINT ( 'NONE',  ( 0.6069740215511425507, 3.680000000000000604, 0.6748131893471166487 ) ) ;
#1068 = CARTESIAN_POINT ( 'NONE',  ( -1.013076511751924036, 3.630000000000000338, -0.1364951605779704813 ) ) ;
#1069 = B_SPLINE_CURVE_WITH_KNOTS ( 'NONE', 3,
 ( #1650, #6111, #553, #3552, #6082, #4601, #5219, #5, #1543, #4709, #4104, #86, #6139, #3658, #1511, #4640, #2135, #4048, #4174 ),
 .UNSPECIFIED., .F., .F.,
 ( 4, 1, 1, 1, 1, 1, 1, 1, 1, 1, 1, 1, 1, 1, 1, 1, 4 ),
 ( 0.0000000000000000000, 0.07855643335270223737, 0.1528628401420924487, 0.2235596934382873269, 0.2903749439782084552, 0.3554030728222039581, 0.4182911570440926430, 0.4803885637756457050, 0.5430726152062789192, 0.6049239444620945205, 0.6643983091132993346, 0.7219425547367022133, 0.7783748910546741673, 0.8338299406509399603, 0.8888612363188848065, 0.9440889395778864213, 1.000000000000000000 ),
 .UNSPECIFIED. ) ;
#1070 = LINE ( 'NONE', #2711, #2230 ) ;
#1071 = CARTESIAN_POINT ( 'NONE',  ( -1.455051414217078731, 3.629999999999999893, 0.5394368840068091142 ) ) ;
#1072 = CARTESIAN_POINT ( 'NONE',  ( -1.225973625934000388, 3.629999999999999449, 0.6006474963756576191 ) ) ;
#1073 = CARTESIAN_POINT ( 'NONE',  ( 0.2815263201911104018, 3.629999999999999893, 0.05507090122515055641 ) ) ;
#1074 = ADVANCED_FACE ( 'NONE', ( #814 ), #5374, .T. ) ;
#1075 = EDGE_LOOP ( 'NONE', ( #3730, #1600, #6025, #488 ) ) ;
#1076 = ORIENTED_EDGE ( 'NONE', *, *, #735, .F. ) ;
#1077 = CARTESIAN_POINT ( 'NONE',  ( -2.134464899798821591, 3.629999999999999005, 0.5161317615993739061 ) ) ;
#1078 = CARTESIAN_POINT ( 'NONE',  ( -0.1318220902897739022, 3.629999999999999449, -0.007312642577163078889 ) ) ;
#1079 = CARTESIAN_POINT ( 'NONE',  ( -2.116715160305886911, 3.680000000000000160, -0.7379465787762776730 ) ) ;
#1080 = CARTESIAN_POINT ( 'NONE',  ( 2.142454142957385788, 3.679999999999997939, 0.5151024595929388772 ) ) ;
#1081 = UNCERTAINTY_MEASURE_WITH_UNIT (LENGTH_MEASURE( 1.000000000000000082E-05 ), #3530, 'distance_accuracy_value', 'NONE');
#1082 = CARTESIAN_POINT ( 'NONE',  ( -0.4067225966844515983, 3.629999999999998561, -0.8902646408155131530 ) ) ;
#1083 = CARTESIAN_POINT ( 'NONE',  ( -2.618113986730316700, 3.680000000000001048, -0.3794221892671238994 ) ) ;
#1084 = CARTESIAN_POINT ( 'NONE',  ( -2.596267743392460137, 3.629999999999999449, 0.5315245190892164961 ) ) ;
#1085 = CARTESIAN_POINT ( 'NONE',  ( -0.8609865854931146867, 3.679999999999999716, 0.1491009936429824878 ) ) ;
#1086 = CARTESIAN_POINT ( 'NONE',  ( -0.8533979621426793782, 3.680000000000001492, 0.1905737149566111288 ) ) ;
#1087 = CARTESIAN_POINT ( 'NONE',  ( -0.04471844262740230086, 3.679999999999996607, 0.2933602969551767914 ) ) ;
#1088 = CARTESIAN_POINT ( 'NONE',  ( 0.2041754422576649575, 3.630000000000000338, 0.3458017785468925354 ) ) ;
#1089 = CARTESIAN_POINT ( 'NONE',  ( 0.9684535821146570411, 3.680000000000000160, 0.2640489808685759221 ) ) ;
#1090 =( LENGTH_UNIT ( ) NAMED_UNIT ( * ) SI_UNIT ( .MILLI., .METRE. ) );
#1091 = SURFACE_SIDE_STYLE ('',( #5682 ) ) ;
#1092 = EDGE_CURVE ( 'NONE', #41, #3439, #2867, .T. ) ;
#1093 = CARTESIAN_POINT ( 'NONE',  ( -2.626305647902317908, 3.629999999999999893, 0.4950711452367149157 ) ) ;
#1094 = CARTESIAN_POINT ( 'NONE',  ( 0.2799785514282313037, 3.630000000000000782, -0.7145689256493737984 ) ) ;
#1095 = CARTESIAN_POINT ( 'NONE',  ( -3.249999999999999112, 3.680000000000000160, 0.0000000000000000000 ) ) ;
#1096 = CARTESIAN_POINT ( 'NONE',  ( -0.6797036200095925018, 3.629999999999999449, 0.6437671857298028488 ) ) ;
#1097 = CARTESIAN_POINT ( 'NONE',  ( -1.983210776799113839, 3.680000000000000160, -0.1922894226216811386 ) ) ;
#1098 = EDGE_CURVE ( 'NONE', #3654, #2364, #1396, .T. ) ;
#1099 = CARTESIAN_POINT ( 'NONE',  ( -2.215741129423804967, 3.630000000000000338, 0.5215610000993452511 ) ) ;
#1100 = CARTESIAN_POINT ( 'NONE',  ( 2.178919690835643852, 3.680000000000001048, -0.09502250833317596457 ) ) ;
#1101 = ORIENTED_EDGE ( 'NONE', *, *, #5835, .F. ) ;
#1102 = EDGE_LOOP ( 'NONE', ( #3362, #563, #6115, #1415 ) ) ;
#1103 = CARTESIAN_POINT ( 'NONE',  ( 0.9436621942447516176, 3.630000000000001226, 0.3243157031153132142 ) ) ;
#1104 = CARTESIAN_POINT ( 'NONE',  ( 1.750683847389551184, 3.629999999999999893, -0.7450563230951849913 ) ) ;
#1105 = CARTESIAN_POINT ( 'NONE',  ( 1.329651722548815362, 3.679999999999998384, 0.2552428758202031633 ) ) ;
#1106 = CARTESIAN_POINT ( 'NONE',  ( -0.7712008538597939777, 3.629999999999999449, -0.8179846728606947615 ) ) ;
#1107 = DIRECTION ( 'NONE',  ( -0.0000000000000000000, -1.000000000000000000, -0.0000000000000000000 ) ) ;
#1108 = SURFACE_STYLE_FILL_AREA ( #3668 ) ;
#1109 = B_SPLINE_SURFACE_WITH_KNOTS ( 'NONE', 3, 1, ( 
 ( #4353, #2746 ),
 ( #2849, #2246 ),
 ( #1180, #2708 ),
 ( #4750, #158 ),
 ( #1211, #5805 ),
 ( #2277, #3226 ),
 ( #4288, #5899 ),
 ( #5868, #3259 ),
 ( #3356, #5359 ),
 ( #125, #4318 ),
 ( #1793, #4211 ),
 ( #6297, #771 ),
 ( #2811, #1758 ),
 ( #2208, #3828 ),
 ( #4849, #1308 ),
 ( #1694, #1244 ),
 ( #739, #4247 ),
 ( #5832, #3791 ),
 ( #3292, #5327 ) ),
 .UNSPECIFIED., .F., .F., .F.,
 ( 4, 1, 1, 1, 1, 1, 1, 1, 1, 1, 1, 1, 1, 1, 1, 1, 4 ),
 ( 2, 2 ),
 ( 0.0000000000000000000, 0.05456394950705870106, 0.1078262027811417584, 0.1619237085214015048, 0.2175097010530397112, 0.2744983327961385555, 0.3348147646240164366, 0.3975549470643525707, 0.4647545773562002935, 0.5329012097695255967, 0.6000972138233283681, 0.6653541614565463558, 0.7310836277242082071, 0.7968834939590081490, 0.8632915901470219477, 0.9308312175092471330, 1.000000000000000000 ),
 ( 0.0000000000000000000, 1.000000000000000000 ),
 .UNSPECIFIED. ) ;
#1110 = CARTESIAN_POINT ( 'NONE',  ( 0.4142151619352489877, 3.629999999999999893, 0.4193193746620746953 ) ) ;
#1111 = EDGE_LOOP ( 'NONE', ( #5873, #2528, #197, #206 ) ) ;
#1112 = CARTESIAN_POINT ( 'NONE',  ( -2.201705257457262199, 3.679999999999999716, 0.5212915107773682388 ) ) ;
#1113 = CARTESIAN_POINT ( 'NONE',  ( -1.722605796693732261, 3.629999999999999449, 0.08146243471174477446 ) ) ;
#1114 = CARTESIAN_POINT ( 'NONE',  ( 0.9684535821146570411, 3.680000000000000160, 0.2640489808685759221 ) ) ;
#1115 = SURFACE_STYLE_FILL_AREA ( #1045 ) ;
#1116 = CARTESIAN_POINT ( 'NONE',  ( 0.3278546351832568040, 3.629999999999999005, -0.7713745073540296815 ) ) ;
#1117 = EDGE_CURVE ( 'NONE', #5334, #2715, #1992, .T. ) ;
#1118 = CARTESIAN_POINT ( 'NONE',  ( -0.1202665386358931637, 3.679999999999997939, -0.6790097296763862866 ) ) ;
#1119 = CARTESIAN_POINT ( 'NONE',  ( -2.697762507912154106, 3.629999999999999893, 0.06290958720000432158 ) ) ;
#1120 = DIRECTION ( 'NONE',  ( 0.0000000000000000000, -0.0000000000000000000, 1.000000000000000000 ) ) ;
#1121 = CARTESIAN_POINT ( 'NONE',  ( -0.8784511619021994067, 3.630000000000000338, -0.05413492297189156921 ) ) ;
#1122 = CARTESIAN_POINT ( 'NONE',  ( -0.1853925717314967025, 3.680000000000000160, 0.2640489808685759221 ) ) ;
#1123 = CARTESIAN_POINT ( 'NONE',  ( -0.5072074755776505572, 3.679999999999999716, 0.5215610000993451401 ) ) ;
#1124 = CARTESIAN_POINT ( 'NONE',  ( -1.207047629494421237, 3.679999999999999716, 0.5556867676210953677 ) ) ;
#1125 = ADVANCED_FACE ( 'NONE', ( #5631 ), #5568, .T. ) ;
#1126 = CARTESIAN_POINT ( 'NONE',  ( 0.2598484642815935275, 3.679999999999997939, 0.4576970189226607921 ) ) ;
#1127 = FILL_AREA_STYLE_COLOUR ( '', #355 ) ;
#1128 = FACE_OUTER_BOUND ( 'NONE', #1455, .T. ) ;
#1129 = CARTESIAN_POINT ( 'NONE',  ( -0.2217675899929087979, 3.679999999999997051, -0.5707513266498392968 ) ) ;
#1130 = VERTEX_POINT ( 'NONE', #6492 ) ;
#1131 = CARTESIAN_POINT ( 'NONE',  ( -2.217243533269958267, 3.629999999999999893, 0.6754071539454989948 ) ) ;
#1132 = CARTESIAN_POINT ( 'NONE',  ( -2.462253013258070666, 3.629999999999999893, -0.3823262144370115911 ) ) ;
#1133 = CARTESIAN_POINT ( 'NONE',  ( -2.207027187116112010, 3.629999999999999893, -0.1130543845160394689 ) ) ;
#1134 = COLOUR_RGB ( '',0.7686274509803920907, 0.7686274509803920907, 0.7686274509803920907 ) ;
#1135 = CARTESIAN_POINT ( 'NONE',  ( -0.9140931352728103310, 3.679999999999997051, 0.4230134304746231977 ) ) ;
#1136 = CARTESIAN_POINT ( 'NONE',  ( -2.196289362896724828, 3.680000000000000160, 0.6748566186387521260 ) ) ;
#1137 = LINE ( 'NONE', #3221, #177 ) ;
#1138 = CARTESIAN_POINT ( 'NONE',  ( -0.6797036200095925018, 3.679999999999999716, 0.6437671857298028488 ) ) ;
#1139 = CARTESIAN_POINT ( 'NONE',  ( -2.350156538711331233, 3.680000000000000160, -0.2965712653762402895 ) ) ;
#1140 = VECTOR ( 'NONE', #675, 1000.000000000000000 ) ;
#1141 = ORIENTED_EDGE ( 'NONE', *, *, #1454, .F. ) ;
#1142 = EDGE_CURVE ( 'NONE', #2485, #4477, #1404, .T. ) ;
#1143 = CARTESIAN_POINT ( 'NONE',  ( 0.8288796784167625775, 3.679999999999999716, 0.4628442175833041294 ) ) ;
#1144 = CARTESIAN_POINT ( 'NONE',  ( -0.6801661811208543629, 3.630000000000000782, -0.8692769918086845626 ) ) ;
#1145 = STYLED_ITEM ( 'NONE', ( #847 ), #2455 ) ;
#1146 = VECTOR ( 'NONE', #2425, 1000.000000000000000 ) ;
#1147 = CARTESIAN_POINT ( 'NONE',  ( -2.589068345303973118, 3.630000000000001226, 0.1845375763421287230 ) ) ;
#1148 = SURFACE_STYLE_USAGE ( .BOTH. , #2145 ) ;
#1149 = ORIENTED_EDGE ( 'NONE', *, *, #24, .F. ) ;
#1150 = MECHANICAL_DESIGN_GEOMETRIC_PRESENTATION_REPRESENTATION (  '', ( #4460 ), #5753 ) ;
#1151 = CARTESIAN_POINT ( 'NONE',  ( -1.967950727819316903, 3.630000000000001226, 0.4491599537631996708 ) ) ;
#1152 = CARTESIAN_POINT ( 'NONE',  ( 0.4432441252697915668, 3.629999999999999449, 0.6291298927570959654 ) ) ;
#1153 = CARTESIAN_POINT ( 'NONE',  ( 2.312882627194202900, 3.680000000000001048, -0.04481925449197887018 ) ) ;
#1154 = EDGE_CURVE ( 'NONE', #1965, #3763, #1815, .T. ) ;
#1155 = CARTESIAN_POINT ( 'NONE',  ( 0.1410427192365931726, 3.680000000000001492, -0.1831965823983132402 ) ) ;
#1156 = FACE_OUTER_BOUND ( 'NONE', #2383, .T. ) ;
#1157 = CARTESIAN_POINT ( 'NONE',  ( -2.563188314186138683, 3.629999999999999449, -0.1138818067652100224 ) ) ;
#1158 = VECTOR ( 'NONE', #4197, 1000.000000000000000 ) ;
#1159 = FACE_OUTER_BOUND ( 'NONE', #5189, .T. ) ;
#1160 = CARTESIAN_POINT ( 'NONE',  ( -0.6801661811208543629, 3.680000000000000604, -0.8692769918086845626 ) ) ;
#1161 = B_SPLINE_CURVE_WITH_KNOTS ( 'NONE', 3,
 ( #824, #2301, #4910, #3783, #5887, #2907, #2370, #1236, #4375, #3349, #5318, #856, #289, #1369, #4406, #4942, #5824, #4342, #6386, #3281, #6350, #763, #2773, #6440, #4814, #3817, #225 ),
 .UNSPECIFIED., .F., .F.,
 ( 4, 1, 1, 1, 1, 1, 1, 1, 1, 1, 1, 1, 1, 1, 1, 1, 1, 1, 1, 1, 1, 1, 1, 1, 4 ),
 ( 0.0000000000000000000, 0.06859462225874239649, 0.1332460424433008772, 0.1943125864682561099, 0.2512792231169660440, 0.3045134392563467185, 0.3542349066533249102, 0.4004805887739887327, 0.4434107549384917468, 0.4840148686163448510, 0.5232523007732029496, 0.5610423727283598838, 0.5979002393643998436, 0.6335184888561953276, 0.6683143511696512107, 0.7024956712863815733, 0.7366853535134582076, 0.7702931693607887320, 0.8034372550192488971, 0.8359129516660285253, 0.8684602457892907079, 0.9008465382431822821, 0.9334665246307076725, 0.9662575752981230615, 1.000000000000000000 ),
 .UNSPECIFIED. ) ;
#1162 = CARTESIAN_POINT ( 'NONE',  ( 0.2813917118504707937, 3.629999999999998561, -0.2817076304389611319 ) ) ;
#1163 =( NAMED_UNIT ( * ) SI_UNIT ( $, .STERADIAN. ) SOLID_ANGLE_UNIT ( ) );
#1164 = CIRCLE ( 'NONE', #1376, 0.2149999999999999412 ) ;
#1165 = DIRECTION ( 'NONE',  ( 4.901923843183080302E-14, 1.000000000000000000, -7.316535296081919236E-13 ) ) ;
#1166 = CARTESIAN_POINT ( 'NONE',  ( 2.069063757502570766, 3.680000000000002380, -0.5978657301826297843 ) ) ;
#1167 = CARTESIAN_POINT ( 'NONE',  ( -1.705804456125958435, 3.630000000000000338, 0.1897242430358999921 ) ) ;
#1168 = CARTESIAN_POINT ( 'NONE',  ( -1.305796857027121005, 3.630000000000000338, 0.4076457920328858675 ) ) ;
#1169 = ADVANCED_FACE ( 'NONE', ( #5259 ), #1522, .T. ) ;
#1170 = EDGE_CURVE ( 'NONE', #898, #6220, #835, .T. ) ;
#1171 = CARTESIAN_POINT ( 'NONE',  ( -2.588396768308254270, 3.679999999999998828, 0.2570688241593929724 ) ) ;
#1172 = CARTESIAN_POINT ( 'NONE',  ( -2.210332475577650779, 3.629999999999999893, -0.2669005383621932959 ) ) ;
#1173 = CARTESIAN_POINT ( 'NONE',  ( -2.590140167885343292, 3.629999999999999893, 0.2168735000993451401 ) ) ;
#1174 = FILL_AREA_STYLE ('',( #5112 ) ) ;
#1175 = CARTESIAN_POINT ( 'NONE',  ( -0.8244691740316866246, 3.629999999999999893, 0.5467518375246119833 ) ) ;
#1176 = CARTESIAN_POINT ( 'NONE',  ( -2.439999999999999947, 0.0000000000000000000, 0.0000000000000000000 ) ) ;
#1177 = CARTESIAN_POINT ( 'NONE',  ( 0.9342084931581020601, 3.629999999999999893, -0.7953408740158950385 ) ) ;
#1178 = DIRECTION ( 'NONE',  ( -0.0000000000000000000, -1.000000000000000000, -0.0000000000000000000 ) ) ;
#1179 = VERTEX_POINT ( 'NONE', #3426 ) ;
#1180 = CARTESIAN_POINT ( 'NONE',  ( -2.512340361243434295, 3.629999999999999005, -0.4911800825697023032 ) ) ;
#1181 = CARTESIAN_POINT ( 'NONE',  ( -0.8952862793866824820, 3.629999999999999449, -0.6823670154693969314 ) ) ;
#1182 = CARTESIAN_POINT ( 'NONE',  ( -2.390236805214726701, 3.629999999999999449, -0.07478896756802796975 ) ) ;
#1183 =( LENGTH_UNIT ( ) NAMED_UNIT ( * ) SI_UNIT ( .MILLI., .METRE. ) );
#1184 = ADVANCED_FACE ( 'NONE', ( #864 ), #3987, .T. ) ;
#1185 = VERTEX_POINT ( 'NONE', #3288 ) ;
#1186 = CARTESIAN_POINT ( 'NONE',  ( -1.338883512710896895, 3.630000000000000782, 0.4066563398990388212 ) ) ;
#1187 = ORIENTED_EDGE ( 'NONE', *, *, #176, .F. ) ;
#1188 = CARTESIAN_POINT ( 'NONE',  ( -1.791835750984262621, 3.680000000000001048, 0.4772980182875624644 ) ) ;
#1189 = CARTESIAN_POINT ( 'NONE',  ( -1.709278340951161601, 3.630000000000001226, 0.1391731105018843007 ) ) ;
#1190 = CARTESIAN_POINT ( 'NONE',  ( -2.013631930271527093, 3.679999999999998828, -0.6925702196910963337 ) ) ;
#1191 = CARTESIAN_POINT ( 'NONE',  ( 1.807911152195770699, 3.679999999999997051, 0.6752334376781268244 ) ) ;
#1192 = SURFACE_SIDE_STYLE ('',( #3743 ) ) ;
#1193 = CARTESIAN_POINT ( 'NONE',  ( -2.207027187116112010, 3.629999999999999893, -0.1130543845160394689 ) ) ;
#1194 = CARTESIAN_POINT ( 'NONE',  ( -0.1186772397922994521, 3.679999999999997051, 0.4515117150197842655 ) ) ;
#1195 = CARTESIAN_POINT ( 'NONE',  ( -2.439999999999999947, -3.499999999999999556, 0.2149999999999999412 ) ) ;
#1196 = CARTESIAN_POINT ( 'NONE',  ( 2.031455229389925954, 3.629999999999999893, -0.6448659319547207502 ) ) ;
#1197 = CARTESIAN_POINT ( 'NONE',  ( 1.017417857863561537, 3.679999999999998828, 0.04287580767244306840 ) ) ;
#1198 = PRESENTATION_STYLE_ASSIGNMENT (( #3214 ) ) ;
#1199 = CARTESIAN_POINT ( 'NONE',  ( 1.795977620576195255, 3.629999999999999893, -0.9015159229775778771 ) ) ;
#1200 = ORIENTED_EDGE ( 'NONE', *, *, #2075, .F. ) ;
#1201 = CARTESIAN_POINT ( 'NONE',  ( -1.330524783269958267, 3.680000000000000160, 0.6561763847147297213 ) ) ;
#1202 = CARTESIAN_POINT ( 'NONE',  ( -2.333666909759781749, 3.629999999999999449, 0.6674402191289918740 ) ) ;
#1203 = CARTESIAN_POINT ( 'NONE',  ( -2.422603098324667137, 3.629999999999999449, -0.3431595746918016387 ) ) ;
#1204 = CARTESIAN_POINT ( 'NONE',  ( 1.294888873082746583, 3.679999999999999716, -0.1831965823983131847 ) ) ;
#1205 = CARTESIAN_POINT ( 'NONE',  ( -0.2762370783023815335, 3.630000000000000782, -0.6448659319547211943 ) ) ;
#1206 = CARTESIAN_POINT ( 'NONE',  ( -0.5468721322950118591, 3.630000000000000338, 0.6748131893471167597 ) ) ;
#1207 =( NAMED_UNIT ( * ) SI_UNIT ( $, .STERADIAN. ) SOLID_ANGLE_UNIT ( ) );
#1208 = CARTESIAN_POINT ( 'NONE',  ( -2.614739254571424087, 3.679999999999998384, -0.06719139588495316728 ) ) ;
#1209 =( LENGTH_UNIT ( ) NAMED_UNIT ( * ) SI_UNIT ( .MILLI., .METRE. ) );
#1210 = ORIENTED_EDGE ( 'NONE', *, *, #5918, .T. ) ;
#1211 = CARTESIAN_POINT ( 'NONE',  ( -2.501128082893667504, 3.629999999999999005, -0.4458511528336422391 ) ) ;
#1212 = CARTESIAN_POINT ( 'NONE',  ( 1.454294345549628220, 3.630000000000001670, 0.1905737149566112676 ) ) ;
#1213 = CARTESIAN_POINT ( 'NONE',  ( -1.419507467333823492, 3.679999999999998828, 0.6200331783280239595 ) ) ;
#1214 = CARTESIAN_POINT ( 'NONE',  ( -1.834887591174417132, 3.679999999999998384, -0.3327438190655423456 ) ) ;
#1215 = CARTESIAN_POINT ( 'NONE',  ( 0.9614004772890013539, 3.679999999999997051, -0.7701568731001781076 ) ) ;
#1216 = ORIENTED_EDGE ( 'NONE', *, *, #4625, .F. ) ;
#1217 = CARTESIAN_POINT ( 'NONE',  ( -2.321668790966290530, 3.680000000000000160, -0.09995782274533832057 ) ) ;
#1218 = PLANE ( 'NONE',  #4127 ) ;
#1219 = CARTESIAN_POINT ( 'NONE',  ( -1.705524783269958489, 3.630000000000000338, 0.2000465770224221229 ) ) ;
#1220 = CARTESIAN_POINT ( 'NONE',  ( -0.6060575837570830737, 3.680000000000000604, -0.7327592144130753438 ) ) ;
#1221 = CARTESIAN_POINT ( 'NONE',  ( 0.1407696420942300963, 3.680000000000001048, -0.1364951605779704813 ) ) ;
#1222 = UNCERTAINTY_MEASURE_WITH_UNIT (LENGTH_MEASURE( 1.000000000000000082E-05 ), #6147, 'distance_accuracy_value', 'NONE');
#1223 = CARTESIAN_POINT ( 'NONE',  ( -0.1425760802927135695, 3.679999999999995275, -0.7121319088907782646 ) ) ;
#1224 = DIRECTION ( 'NONE',  ( -1.000000000000000000, 0.0000000000000000000, -0.0000000000000000000 ) ) ;
#1225 = CARTESIAN_POINT ( 'NONE',  ( 1.156217027590455970, 3.629999999999999893, 0.02055116350221647056 ) ) ;
#1226 = CARTESIAN_POINT ( 'NONE',  ( -0.7113469407733983285, 3.629999999999998561, -0.8546199058411392269 ) ) ;
#1227 = CARTESIAN_POINT ( 'NONE',  ( 1.013174522622368956, 3.629999999999999449, -0.3137360208878448020 ) ) ;
#1228 = ADVANCED_FACE ( 'NONE', ( #2171 ), #447, .T. ) ;
#1229 = CARTESIAN_POINT ( 'NONE',  ( -0.09799017146986548077, 3.679999999999994831, 0.4158690181570810496 ) ) ;
#1230 = CARTESIAN_POINT ( 'NONE',  ( -2.593740174699394441, 3.679999999999999272, -0.3369735288511468418 ) ) ;
#1231 = MECHANICAL_DESIGN_GEOMETRIC_PRESENTATION_REPRESENTATION (  '', ( #4100 ), #4635 ) ;
#1232 =( NAMED_UNIT ( * ) SI_UNIT ( $, .STERADIAN. ) SOLID_ANGLE_UNIT ( ) );
#1233 = CARTESIAN_POINT ( 'NONE',  ( -1.793412609895912002, 3.629999999999999005, -0.04834410500571763303 ) ) ;
#1234 = B_SPLINE_CURVE_WITH_KNOTS ( 'NONE', 3,
 ( #241, #5399, #6368, #5778, #167, #4827, #2857, #776, #5842, #4297, #207, #4893, #306, #5337, #747, #2358, #3365, #4394, #2789, #1860, #1832, #4858, #2758 ),
 .UNSPECIFIED., .F., .F.,
 ( 4, 1, 1, 1, 1, 1, 1, 1, 1, 1, 1, 1, 1, 1, 1, 1, 1, 1, 1, 1, 4 ),
 ( 0.0000000000000000000, 0.06038661931106212993, 0.1208832485859957645, 0.1827546186251392812, 0.2478110297583511756, 0.2812991000432487620, 0.3150876241506569420, 0.3497023955502751580, 0.3848565811185553076, 0.4209661972261021790, 0.4585111882611387357, 0.4971747221273119521, 0.5376020478662691948, 0.5805030184200115073, 0.6274675400267044623, 0.6783882095592432826, 0.7339832205925603814, 0.7937467045508347363, 0.8577136721607320213, 0.9266978643613859035, 1.000000000000000000 ),
 .UNSPECIFIED. ) ;
#1235 = DIRECTION ( 'NONE',  ( -0.0000000000000000000, 1.000000000000000000, -0.0000000000000000000 ) ) ;
#1236 = CARTESIAN_POINT ( 'NONE',  ( 0.1756946919211344882, 3.680000000000000160, -0.4812613761502044785 ) ) ;
#1237 = CARTESIAN_POINT ( 'NONE',  ( -1.842064594339364536, 3.629999999999998561, -0.3247655808136705735 ) ) ;
#1238 = CARTESIAN_POINT ( 'NONE',  ( -2.513217090962266198, 3.629999999999999893, -0.5144966922083471506 ) ) ;
#1239 = ADVANCED_FACE ( 'NONE', ( #4524 ), #4205, .T. ) ;
#1240 = CARTESIAN_POINT ( 'NONE',  ( -0.1917086644100846893, 3.630000000000001226, -0.5095091075989410800 ) ) ;
#1241 = CARTESIAN_POINT ( 'NONE',  ( -2.367374516045908983, 3.679999999999999716, 0.5007424646636254861 ) ) ;
#1242 = ORIENTED_EDGE ( 'NONE', *, *, #5836, .T. ) ;
#1243 =( GEOMETRIC_REPRESENTATION_CONTEXT ( 3 ) GLOBAL_UNCERTAINTY_ASSIGNED_CONTEXT ( ( #2083 ) ) GLOBAL_UNIT_ASSIGNED_CONTEXT ( ( #257, #6391, #1944 ) ) REPRESENTATION_CONTEXT ( 'NONE', 'WORKASPACE' ) );
#1244 = CARTESIAN_POINT ( 'NONE',  ( -2.268836400115286533, 3.679999999999997051, -0.2712906988522665874 ) ) ;
#1245 = EDGE_CURVE ( 'NONE', #3863, #5795, #5081, .T. ) ;
#1246 = CARTESIAN_POINT ( 'NONE',  ( -1.841293892287302336, 3.680000000000000160, 0.1723397817022250811 ) ) ;
#1247 = B_SPLINE_CURVE_WITH_KNOTS ( 'NONE', 3,
 ( #187, #2730, #5854, #4774, #3346, #3847, #2800, #223, #5314, #4309, #3278, #4838, #6281, #249, #2298, #2192, #1269, #3247, #6236, #4339, #1299, #654, #3316 ),
 .UNSPECIFIED., .F., .F.,
 ( 4, 1, 1, 1, 1, 1, 1, 1, 1, 1, 1, 1, 1, 1, 1, 1, 1, 1, 1, 1, 4 ),
 ( 0.0000000000000000000, 0.06568119799063876219, 0.1284864641740648683, 0.1881751303280077003, 0.2451061306699862108, 0.2994484245294752323, 0.3508229360093821914, 0.3999416805337777658, 0.4466717436323718871, 0.4912545333734982256, 0.5333763442704366753, 0.5738527549682239659, 0.6125263117194529316, 0.6495971364453289043, 0.6855320415538503909, 0.7201057860682004153, 0.7538376629736495138, 0.8189254160467143162, 0.8804934616501642886, 0.9403113338460568071, 1.000000000000000000 ),
 .UNSPECIFIED. ) ;
#1248 = CARTESIAN_POINT ( 'NONE',  ( -1.400312733732264503, 3.630000000000001226, 0.6360047109634058282 ) ) ;
#1249 =( NAMED_UNIT ( * ) PLANE_ANGLE_UNIT ( ) SI_UNIT ( $, .RADIAN. ) );
#1250 = PRESENTATION_LAYER_ASSIGNMENT (  '', '', ( #6255 ) ) ;
#1251 = VECTOR ( 'NONE', #1377, 1000.000000000000000 ) ;
#1252 = CARTESIAN_POINT ( 'NONE',  ( 2.171264011709715280, 3.630000000000000782, 0.04287580767244304758 ) ) ;
#1253 = CARTESIAN_POINT ( 'NONE',  ( 1.133742048311195294, 3.679999999999996607, -0.4213105659790586377 ) ) ;
#1254 = VERTEX_POINT ( 'NONE', #3586 ) ;
#1255 = CARTESIAN_POINT ( 'NONE',  ( -1.733206565851625580, 3.680000000000000604, 0.3659948228766123357 ) ) ;
#1256 = CARTESIAN_POINT ( 'NONE',  ( 1.597090279115944922, 3.679999999999999272, 0.6291298927570958543 ) ) ;
#1257 = SURFACE_SIDE_STYLE ('',( #2325 ) ) ;
#1258 = VECTOR ( 'NONE', #2323, 1000.000000000000000 ) ;
#1259 = STYLED_ITEM ( 'NONE', ( #3139 ), #4929 ) ;
#1260 = SURFACE_STYLE_FILL_AREA ( #5815 ) ;
#1261 =( NAMED_UNIT ( * ) SI_UNIT ( $, .STERADIAN. ) SOLID_ANGLE_UNIT ( ) );
#1262 = CARTESIAN_POINT ( 'NONE',  ( -1.784553600388644412, 3.629999999999999005, -0.5620801813814902959 ) ) ;
#1263 = CARTESIAN_POINT ( 'NONE',  ( 1.159859832114657596, 3.679999999999997051, -0.1124534229775779742 ) ) ;
#1264 = STYLED_ITEM ( 'NONE', ( #4971 ), #2345 ) ;
#1265 = CARTESIAN_POINT ( 'NONE',  ( 1.701634723935224969, 3.679999999999999272, -0.7327592144130747887 ) ) ;
#1266 = CARTESIAN_POINT ( 'NONE',  ( 0.7443912916392018131, 3.629999999999999449, -0.7327132144862826824 ) ) ;
#1267 = DIRECTION ( 'NONE',  ( 0.0000000000000000000, -1.000000000000000000, 0.0000000000000000000 ) ) ;
#1268 = CARTESIAN_POINT ( 'NONE',  ( -1.983210776799113839, 3.629999999999999893, -0.1922894226216811386 ) ) ;
#1269 = CARTESIAN_POINT ( 'NONE',  ( 2.011010498185277662, 3.630000000000000338, -0.6649389182869539505 ) ) ;
#1270 = EDGE_CURVE ( 'NONE', #1728, #607, #5711, .T. ) ;
#1271 = CARTESIAN_POINT ( 'NONE',  ( 1.508453021715323139, 3.629999999999999005, -0.7957648289813755715 ) ) ;
#1272 = LINE ( 'NONE', #2802, #5941 ) ;
#1273 = CARTESIAN_POINT ( 'NONE',  ( 0.4142151619352489877, 3.680000000000000160, 0.4193193746620746953 ) ) ;
#1274 = CARTESIAN_POINT ( 'NONE',  ( 1.433824705274385103, 3.680000000000000160, -0.7145689256493740205 ) ) ;
#1275 = LINE ( 'NONE', #1724, #809 ) ;
#1276 = CARTESIAN_POINT ( 'NONE',  ( -0.7978554860400427495, 3.629999999999999449, 0.5710793898188217810 ) ) ;
#1277 = SURFACE_SIDE_STYLE ('',( #4879 ) ) ;
#1278 = CARTESIAN_POINT ( 'NONE',  ( 1.159044860627039819, 3.629999999999998117, -0.1803889511128611012 ) ) ;
#1279 = VERTEX_POINT ( 'NONE', #6385 ) ;
#1280 = FILL_AREA_STYLE ('',( #2781 ) ) ;
#1281 = CARTESIAN_POINT ( 'NONE',  ( 1.474757649570213935, 3.629999999999999449, -0.4890562694957943379 ) ) ;
#1282 = CARTESIAN_POINT ( 'NONE',  ( -2.428781994808419942, 3.629999999999999893, -0.1986914037468087424 ) ) ;
#1283 = CARTESIAN_POINT ( 'NONE',  ( -1.854687850217318967, 3.679999999999999716, 0.1135529213146722477 ) ) ;
#1284 = CARTESIAN_POINT ( 'NONE',  ( 2.136003899514908877, 3.630000000000001226, 0.2234891935643792404 ) ) ;
#1285 = EDGE_LOOP ( 'NONE', ( #4855, #1476, #2245, #6367 ) ) ;
#1286 = CARTESIAN_POINT ( 'NONE',  ( -2.284874577186091660, 3.680000000000000604, -0.1071704197681786763 ) ) ;
#1287 = CARTESIAN_POINT ( 'NONE',  ( -0.5117146871161122323, 3.680000000000000160, -0.9015159229775778771 ) ) ;
#1288 = CARTESIAN_POINT ( 'NONE',  ( -0.5117146871161122323, 3.680000000000000160, -0.9015159229775778771 ) ) ;
#1289 = CARTESIAN_POINT ( 'NONE',  ( 1.795977620576195255, 3.679999999999999716, 0.6754071539454989948 ) ) ;
#1290 = UNCERTAINTY_MEASURE_WITH_UNIT (LENGTH_MEASURE( 1.000000000000000082E-05 ), #6323, 'distance_accuracy_value', 'NONE');
#1291 = CARTESIAN_POINT ( 'NONE',  ( -0.5237977293291389280, 3.679999999999999272, -0.7467991491397438786 ) ) ;
#1292 = CARTESIAN_POINT ( 'NONE',  ( 1.692705231591840054, 3.629999999999999449, 0.6641806601897408679 ) ) ;
#1293 = CARTESIAN_POINT ( 'NONE',  ( 1.375011663533188377, 3.680000000000001492, 0.3857951688362199483 ) ) ;
#1294 = EDGE_CURVE ( 'NONE', #2733, #1729, #3965, .T. ) ;
#1295 = CARTESIAN_POINT ( 'NONE',  ( 1.568394521275725984, 3.680000000000000604, -0.6458920270262250574 ) ) ;
#1296 = CARTESIAN_POINT ( 'NONE',  ( -0.2583400831262760433, 3.680000000000001048, 0.3998875696959027226 ) ) ;
#1297 = FILL_AREA_STYLE ('',( #4771 ) ) ;
#1298 = CARTESIAN_POINT ( 'NONE',  ( -0.2776148822896700730, 3.679999999999999716, 0.6104187710414504808 ) ) ;
#1299 = CARTESIAN_POINT ( 'NONE',  ( 1.849692883663440535, 3.630000000000000338, -0.7450596256095286529 ) ) ;
#1300 = CARTESIAN_POINT ( 'NONE',  ( 1.433824705274385103, 3.629999999999999893, -0.7145689256493740205 ) ) ;
#1301 = CARTESIAN_POINT ( 'NONE',  ( 1.440493761023071917, 3.630000000000000338, -0.3306856961686311935 ) ) ;
#1302 = CARTESIAN_POINT ( 'NONE',  ( 1.342317761173701385, 3.680000000000000604, -0.5282583504129452212 ) ) ;
#1303 = DIRECTION ( 'NONE',  ( 0.0000000000000000000, 1.000000000000000000, 0.0000000000000000000 ) ) ;
#1304 = CARTESIAN_POINT ( 'NONE',  ( -0.7407253215866512752, 3.630000000000000338, 0.6122724346331109846 ) ) ;
#1305 = DIRECTION ( 'NONE',  ( 0.0000000000000000000, 0.0000000000000000000, 1.000000000000000000 ) ) ;
#1306 = SURFACE_STYLE_FILL_AREA ( #1755 ) ;
#1307 = ORIENTED_EDGE ( 'NONE', *, *, #1735, .F. ) ;
#1308 = CARTESIAN_POINT ( 'NONE',  ( -2.296893460166121503, 3.679999999999997051, -0.2772772616116063737 ) ) ;
#1309 = CARTESIAN_POINT ( 'NONE',  ( 1.454757613317552822, 3.630000000000001226, -0.4173348674833634586 ) ) ;
#1310 = CARTESIAN_POINT ( 'NONE',  ( 0.2752956390996363356, 3.680000000000000160, -0.09301922788581651336 ) ) ;
#1311 = CARTESIAN_POINT ( 'NONE',  ( 1.431836660323202226, 3.679999999999994387, 0.002369331732083174158 ) ) ;
#1312 = EDGE_CURVE ( 'NONE', #607, #5234, #908, .T. ) ;
#1313 = CARTESIAN_POINT ( 'NONE',  ( 0.2928595683530394456, 3.629999999999999449, 0.1491009936429822935 ) ) ;
#1314 =( NAMED_UNIT ( * ) PLANE_ANGLE_UNIT ( ) SI_UNIT ( $, .RADIAN. ) );
#1315 = ORIENTED_EDGE ( 'NONE', *, *, #960, .F. ) ;
#1316 = CARTESIAN_POINT ( 'NONE',  ( -1.435258673329490531, 3.630000000000000338, 0.4610298848402036853 ) ) ;
#1317 = ORIENTED_EDGE ( 'NONE', *, *, #6315, .T. ) ;
#1318 = DIRECTION ( 'NONE',  ( -0.0000000000000000000, 1.000000000000000000, -0.0000000000000000000 ) ) ;
#1319 = CARTESIAN_POINT ( 'NONE',  ( -1.455069597874754539, 3.680000000000001048, 0.5227123648656802901 ) ) ;
#1320 = CARTESIAN_POINT ( 'NONE',  ( 1.375011663533188377, 3.629999999999999005, 0.3857951688362199483 ) ) ;
#1321 = CARTESIAN_POINT ( 'NONE',  ( 1.294475216730041733, 3.680000000000002380, -0.1124534229775779742 ) ) ;
#1322 = CARTESIAN_POINT ( 'NONE',  ( -0.8072030758356451008, 3.629999999999999005, 0.3224517141456209046 ) ) ;
#1323 = CARTESIAN_POINT ( 'NONE',  ( 1.817095262824262258, 3.630000000000000338, 0.5208762368943951060 ) ) ;
#1324 = EDGE_CURVE ( 'NONE', #5684, #2651, #6026, .T. ) ;
#1325 = CARTESIAN_POINT ( 'NONE',  ( -1.213603916397895333, 3.679999999999997939, 0.4823842282300511153 ) ) ;
#1326 = CARTESIAN_POINT ( 'NONE',  ( -0.08000419514856704772, 3.629999999999999005, -0.6050747405586921479 ) ) ;
#1327 = CARTESIAN_POINT ( 'NONE',  ( -1.206986351307053118, 3.680000000000001048, 0.5062563393353259888 ) ) ;
#1328 = B_SPLINE_CURVE_WITH_KNOTS ( 'NONE', 3,
 ( #6348, #3815, #5856, #3317, #4909, #3508, #3417, #6012, #1497, #5032, #3944, #1403, #4525, #4941, #6555, #1966, #375, #821, #6465, #1909, #946, #1872, #2876, #6526, #3974, #435, #5483 ),
 .UNSPECIFIED., .F., .F.,
 ( 4, 1, 1, 1, 1, 1, 1, 1, 1, 1, 1, 1, 1, 1, 1, 1, 1, 1, 1, 1, 1, 1, 1, 1, 4 ),
 ( 0.0000000000000000000, 0.03378811616271007456, 0.06719393237387977225, 0.09986241085682522056, 0.1325666121262581987, 0.1651511732547864264, 0.1979131873557917753, 0.2313190035669615285, 0.2650832782673732679, 0.2992553087581145688, 0.3343985665049784561, 0.3699428235093078499, 0.4062835607000609972, 0.4440638196985082775, 0.4829977068727754896, 0.5233544466133043249, 0.5655365896041490981, 0.6096129240658193504, 0.6563908113764169716, 0.7058854949364571363, 0.7583245002617310382, 0.8138317829411501059, 0.8727945590393898501, 0.9347222295400740011, 1.000000000000000000 ),
 .UNSPECIFIED. ) ;
#1329 = CARTESIAN_POINT ( 'NONE',  ( -2.724507889202685718, 3.680000000000000604, 0.2018409205451058563 ) ) ;
#1330 = CARTESIAN_POINT ( 'NONE',  ( -1.004718964642955070, 3.680000000000001048, -0.3150872671391601876 ) ) ;
#1331 = CARTESIAN_POINT ( 'NONE',  ( -2.615764061787169137, 3.630000000000000338, -0.6595264191468130921 ) ) ;
#1332 = STYLED_ITEM ( 'NONE', ( #6168 ), #6258 ) ;
#1333 = CARTESIAN_POINT ( 'NONE',  ( -0.2566267000748529425, 3.630000000000000782, -0.6227368200016885069 ) ) ;
#1334 = CARTESIAN_POINT ( 'NONE',  ( -1.705855392072608279, 3.680000000000001492, 0.2144884624334778278 ) ) ;
#1335 = CARTESIAN_POINT ( 'NONE',  ( -2.671545042645773638, 3.629999999999999893, 0.008680484647062154321 ) ) ;
#1336 = VECTOR ( 'NONE', #615, 1000.000000000000000 ) ;
#1337 = ORIENTED_EDGE ( 'NONE', *, *, #4509, .F. ) ;
#1338 = SURFACE_STYLE_USAGE ( .BOTH. , #891 ) ;
#1339 = CARTESIAN_POINT ( 'NONE',  ( 1.532045718837719672, 3.680000000000000160, -0.6012999545053011596 ) ) ;
#1340 = CARTESIAN_POINT ( 'NONE',  ( 0.2928595683530394456, 3.679999999999999716, 0.1491009936429822935 ) ) ;
#1341 = CARTESIAN_POINT ( 'NONE',  ( -2.429928666295170903, 3.680000000000000160, -0.8500155030044750371 ) ) ;
#1342 = CARTESIAN_POINT ( 'NONE',  ( -1.455051414217078731, 3.679999999999999716, 0.5394368840068091142 ) ) ;
#1343 = CARTESIAN_POINT ( 'NONE',  ( -2.693192459448333409, 3.629999999999999449, 0.3793520018856800791 ) ) ;
#1344 = CARTESIAN_POINT ( 'NONE',  ( -1.868210811288339990, 3.679999999999998828, -0.7478124856829629907 ) ) ;
#1345 = CARTESIAN_POINT ( 'NONE',  ( -0.1808703855341685929, 3.680000000000000604, 0.2506648068115774342 ) ) ;
#1346 = EDGE_CURVE ( 'NONE', #2786, #5234, #5034, .T. ) ;
#1347 = PRESENTATION_LAYER_ASSIGNMENT (  '', '', ( #469 ) ) ;
#1348 = ORIENTED_EDGE ( 'NONE', *, *, #5202, .F. ) ;
#1349 = ADVANCED_FACE ( 'NONE', ( #1406 ), #510, .T. ) ;
#1350 = UNCERTAINTY_MEASURE_WITH_UNIT (LENGTH_MEASURE( 1.000000000000000082E-05 ), #2626, 'distance_accuracy_value', 'NONE');
#1351 = CARTESIAN_POINT ( 'NONE',  ( -0.7582175745098806985, 3.629999999999999449, -0.6246150608697387252 ) ) ;
#1352 = CARTESIAN_POINT ( 'NONE',  ( 2.229011506011892241, 3.680000000000000604, 0.3778688117300690874 ) ) ;
#1353 = B_SPLINE_CURVE_WITH_KNOTS ( 'NONE', 3,
 ( #1897, #1458, #3045, #3494, #2388, #5051, #1391, #2516, #3932, #5472, #4580, #1696, #4212, #2682, #1595, #5659, #2175, #2582, #6253, #6215, #4649, #5084, #3118 ),
 .UNSPECIFIED., .F., .F.,
 ( 4, 1, 1, 1, 1, 1, 1, 1, 1, 1, 1, 1, 1, 1, 1, 1, 1, 1, 1, 1, 4 ),
 ( 0.0000000000000000000, 0.06038661931106212993, 0.1208832485859962502, 0.1827546186251397808, 0.2478110297583512034, 0.2812991000432488176, 0.3150876241506569420, 0.3497023955502751580, 0.3848565811185556407, 0.4209661972261025120, 0.4585111882611390688, 0.4971747221273120632, 0.5376020478662693058, 0.5805030184200116183, 0.6274675400267046843, 0.6783882095592433936, 0.7339832205925604924, 0.7937467045508348473, 0.8577136721607320213, 0.9266978643613859035, 1.000000000000000000 ),
 .UNSPECIFIED. ) ;
#1354 = MECHANICAL_DESIGN_GEOMETRIC_PRESENTATION_REPRESENTATION (  '', ( #3597 ), #1571 ) ;
#1355 = VECTOR ( 'NONE', #1636, 1000.000000000000000 ) ;
#1356 = CARTESIAN_POINT ( 'NONE',  ( 1.597090279115944922, 3.629999999999999005, 0.6291298927570958543 ) ) ;
#1357 = CARTESIAN_POINT ( 'NONE',  ( -1.840140167885343070, 3.630000000000000338, 0.2027509039454990225 ) ) ;
#1358 = STYLED_ITEM ( 'NONE', ( #5235 ), #1655 ) ;
#1359 = CARTESIAN_POINT ( 'NONE',  ( -0.2408363367600146465, 3.679999999999998828, 0.3767878714466541545 ) ) ;
#1360 = AXIS2_PLACEMENT_3D ( 'NONE', #2638, #4098, #3684 ) ;
#1361 = ADVANCED_FACE ( 'NONE', ( #5670 ), #3210, .T. ) ;
#1362 = FILL_AREA_STYLE_COLOUR ( '', #4139 ) ;
#1363 = LINE ( 'NONE', #5884, #5508 ) ;
#1364 = CIRCLE ( 'NONE', #2749, 0.3000000000000000999 ) ;
#1365 = MECHANICAL_DESIGN_GEOMETRIC_PRESENTATION_REPRESENTATION (  '', ( #384 ), #3505 ) ;
#1366 = CARTESIAN_POINT ( 'NONE',  ( -1.260696662157369863, 3.630000000000001226, 0.4261752209892741283 ) ) ;
#1367 = CARTESIAN_POINT ( 'NONE',  ( -0.2767952467405265793, 3.629999999999999893, 0.4212972271129389323 ) ) ;
#1368 = CARTESIAN_POINT ( 'NONE',  ( -1.012803434609561126, 3.680000000000001048, -0.1831965823983132402 ) ) ;
#1369 = CARTESIAN_POINT ( 'NONE',  ( 0.2799785514282313037, 3.680000000000001048, -0.7145689256493737984 ) ) ;
#1370 = AXIS2_PLACEMENT_3D ( 'NONE', #2262, #1267, #5273 ) ;
#1371 = FILL_AREA_STYLE_COLOUR ( '', #5091 ) ;
#1372 = SURFACE_STYLE_FILL_AREA ( #2441 ) ;
#1373 = CARTESIAN_POINT ( 'NONE',  ( 0.3046805430586224106, 3.629999999999999893, 0.5194846612542902697 ) ) ;
#1374 = PRESENTATION_STYLE_ASSIGNMENT (( #3887 ) ) ;
#1375 = CARTESIAN_POINT ( 'NONE',  ( -2.246848093860319917, 3.630000000000000338, -0.7468443649355502867 ) ) ;
#1376 = AXIS2_PLACEMENT_3D ( 'NONE', #275, #5847, #1862 ) ;
#1377 = DIRECTION ( 'NONE',  ( -1.000000000000000000, -0.0000000000000000000, -0.0000000000000000000 ) ) ;
#1378 = ADVANCED_FACE ( 'NONE', ( #6532 ), #2016, .T. ) ;
#1379 = ORIENTED_EDGE ( 'NONE', *, *, #1312, .T. ) ;
#1380 = CARTESIAN_POINT ( 'NONE',  ( -1.819106514039189104, 3.629999999999999893, 0.5107436924070374307 ) ) ;
#1381 = FACE_BOUND ( 'NONE', #2620, .T. ) ;
#1382 = PRESENTATION_LAYER_ASSIGNMENT (  '', '', ( #6588 ) ) ;
#1383 = CARTESIAN_POINT ( 'NONE',  ( 1.659697347813423596, 3.679999999999998828, -0.8808014643199166827 ) ) ;
#1384 = CARTESIAN_POINT ( 'NONE',  ( 0.5009463624548378125, 3.630000000000000782, 0.4853377904169315915 ) ) ;
#1385 = CARTESIAN_POINT ( 'NONE',  ( -2.096262726312092983, 3.629999999999999893, -0.8894793894006082224 ) ) ;
#1386 = CARTESIAN_POINT ( 'NONE',  ( 1.150663328513856776, 3.629999999999999449, 0.08226461063017136144 ) ) ;
#1387 = CARTESIAN_POINT ( 'NONE',  ( -0.1716884081774001924, 3.629999999999999893, 0.2234891935643790462 ) ) ;
#1388 = ORIENTED_EDGE ( 'NONE', *, *, #2675, .F. ) ;
#1389 = ORIENTED_EDGE ( 'NONE', *, *, #2015, .T. ) ;
#1390 =( NAMED_UNIT ( * ) SI_UNIT ( $, .STERADIAN. ) SOLID_ANGLE_UNIT ( ) );
#1391 = CARTESIAN_POINT ( 'NONE',  ( -0.7191194892551165951, 3.679999999999999716, -0.6653433644798518731 ) ) ;
#1392 = CARTESIAN_POINT ( 'NONE',  ( -2.590140167885343292, 3.629999999999999893, 0.2168735000993451401 ) ) ;
#1393 = CARTESIAN_POINT ( 'NONE',  ( -1.941866103786513920, 3.629999999999998561, 0.4265064581002523947 ) ) ;
#1394 = CARTESIAN_POINT ( 'NONE',  ( 0.3956285793362728787, 3.680000000000000160, -0.6246150608697390583 ) ) ;
#1395 = ORIENTED_EDGE ( 'NONE', *, *, #6625, .F. ) ;
#1396 = LINE ( 'NONE', #2365, #2088 ) ;
#1397 = CARTESIAN_POINT ( 'NONE',  ( -0.3084544866860521317, 3.630000000000000338, 0.6280818497790877641 ) ) ;
#1398 = CARTESIAN_POINT ( 'NONE',  ( 1.817095262824262258, 3.630000000000000338, 0.5208762368943951060 ) ) ;
#1399 = ADVANCED_FACE ( 'NONE', ( #4047 ), #6081, .F. ) ;
#1400 = CARTESIAN_POINT ( 'NONE',  ( -0.4409135264922751651, 3.680000000000000604, 0.6703570112509498191 ) ) ;
#1401 = CARTESIAN_POINT ( 'NONE',  ( -3.249999999999999112, 0.5000000000000000000, 0.0000000000000000000 ) ) ;
#1402 = CARTESIAN_POINT ( 'NONE',  ( 0.9886079891112311557, 3.680000000000001048, 0.5151024595929387662 ) ) ;
#1403 = CARTESIAN_POINT ( 'NONE',  ( 0.9614004772890013539, 3.679999999999999716, -0.7701568731001781076 ) ) ;
#1404 = B_SPLINE_CURVE_WITH_KNOTS ( 'NONE', 3,
 ( #1932, #5666, #5128, #4219, #2148, #2716, #6221, #1602, #5777, #166, #2078, #845, #5812, #2322, #2896 ),
 .UNSPECIFIED., .F., .F.,
 ( 4, 1, 1, 1, 1, 1, 1, 1, 1, 1, 1, 1, 4 ),
 ( 0.0000000000000000000, 0.07489820792759543933, 0.1485962943439403383, 0.2244712347857281409, 0.3023227423595716279, 0.3819186179896837396, 0.4611486955215898242, 0.5424171227241532112, 0.6267160830665704507, 0.7145968311855375177, 0.8049029203553207390, 0.9001272540718597837, 1.000000000000000000 ),
 .UNSPECIFIED. ) ;
#1405 = SURFACE_SIDE_STYLE ('',( #318 ) ) ;
#1406 = FACE_OUTER_BOUND ( 'NONE', #3303, .T. ) ;
#1407 = CARTESIAN_POINT ( 'NONE',  ( -1.378761860732932831, 3.630000000000000338, 0.4144661665849020404 ) ) ;
#1408 = CARTESIAN_POINT ( 'NONE',  ( 0.4432441252697915668, 3.629999999999999449, 0.6291298927570959654 ) ) ;
#1409 = CARTESIAN_POINT ( 'NONE',  ( 2.126821922158139255, 3.680000000000000604, 0.2506648068115774897 ) ) ;
#1410 = CARTESIAN_POINT ( 'NONE',  ( 1.025073536989490330, 3.680000000000001048, -0.09502250833317600620 ) ) ;
#1411 = PRESENTATION_STYLE_ASSIGNMENT (( #6047 ) ) ;
#1412 = CARTESIAN_POINT ( 'NONE',  ( -1.749369447644333331, 3.629999999999999449, 0.4043045543088994997 ) ) ;
#1413 = CARTESIAN_POINT ( 'NONE',  ( 0.6421314667300419554, 3.629999999999999893, -0.9015159229775778771 ) ) ;
#1414 = ORIENTED_EDGE ( 'NONE', *, *, #574, .F. ) ;
#1415 = ORIENTED_EDGE ( 'NONE', *, *, #2357, .T. ) ;
#1416 = CARTESIAN_POINT ( 'NONE',  ( -1.846152474304852298, 3.680000000000000160, 0.1424398416825520541 ) ) ;
#1417 = CARTESIAN_POINT ( 'NONE',  ( 1.500489231856663830, 3.630000000000000782, 0.3224517141456207381 ) ) ;
#1418 = CARTESIAN_POINT ( 'NONE',  ( 1.486901004569491702, 3.629999999999999005, 0.2934797648053331653 ) ) ;
#1419 = EDGE_CURVE ( 'NONE', #3614, #4949, #481, .T. ) ;
#1420 = CARTESIAN_POINT ( 'NONE',  ( 1.726258615490984916, 3.629999999999999893, -0.8968299476424232974 ) ) ;
#1421 = CARTESIAN_POINT ( 'NONE',  ( 1.795977620576195255, 3.629999999999999893, -0.9015159229775778771 ) ) ;
#1422 = CARTESIAN_POINT ( 'NONE',  ( -2.674623704300273186, 3.629999999999999005, 0.4186975878224958314 ) ) ;
#1423 = CARTESIAN_POINT ( 'NONE',  ( -1.917743661110502762, 3.679999999999999272, -0.5387724872708751223 ) ) ;
#1424 = CARTESIAN_POINT ( 'NONE',  ( -1.322171835195826706, 3.630000000000000782, 0.4066727418660643911 ) ) ;
#1425 = ORIENTED_EDGE ( 'NONE', *, *, #4469, .T. ) ;
#1426 = CARTESIAN_POINT ( 'NONE',  ( 1.017417857863561537, 3.629999999999998561, 0.04287580767244306840 ) ) ;
#1427 = CARTESIAN_POINT ( 'NONE',  ( -1.917545356310643045, 3.679999999999999716, -0.5073479346678404500 ) ) ;
#1428 = EDGE_CURVE ( 'NONE', #1965, #2377, #5464, .T. ) ;
#1429 = CARTESIAN_POINT ( 'NONE',  ( 2.115246631135155209, 3.629999999999999449, -0.7701568731001778856 ) ) ;
#1430 = CARTESIAN_POINT ( 'NONE',  ( 1.627988687682715208, 3.680000000000001936, 0.6437671857298029598 ) ) ;
#1431 = CARTESIAN_POINT ( 'NONE',  ( -1.925160158448424141, 3.629999999999999893, -0.1596987809401858582 ) ) ;
#1432 = CARTESIAN_POINT ( 'NONE',  ( -1.865299671710039853, 3.629999999999999893, 0.3226654631765430992 ) ) ;
#1433 = CARTESIAN_POINT ( 'NONE',  ( -0.003182825332297029106, 3.629999999999999005, 0.08226461063017137532 ) ) ;
#1434 = VERTEX_POINT ( 'NONE', #2134 ) ;
#1435 = CARTESIAN_POINT ( 'NONE',  ( 2.010789779477819117, 3.630000000000001670, 0.4404177906756158722 ) ) ;
#1436 = CARTESIAN_POINT ( 'NONE',  ( -0.003182825332297029106, 3.679999999999999272, 0.08226461063017137532 ) ) ;
#1437 = CARTESIAN_POINT ( 'NONE',  ( 0.7473239376493544528, 3.680000000000000160, 0.6638967874564072336 ) ) ;
#1438 = SURFACE_SIDE_STYLE ('',( #3474 ) ) ;
#1439 = ADVANCED_FACE ( 'NONE', ( #3074 ), #2178, .T. ) ;
#1440 = CARTESIAN_POINT ( 'NONE',  ( 1.800484832114657374, 3.629999999999999893, -0.7476697691314242444 ) ) ;
#1441 =( NAMED_UNIT ( * ) SI_UNIT ( $, .STERADIAN. ) SOLID_ANGLE_UNIT ( ) );
#1442 = SURFACE_SIDE_STYLE ('',( #1945 ) ) ;
#1443 = CARTESIAN_POINT ( 'NONE',  ( -2.512708291583273024, 3.629999999999999449, -0.5378179337188607745 ) ) ;
#1444 = DIRECTION ( 'NONE',  ( 0.0000000000000000000, 0.0000000000000000000, 1.000000000000000000 ) ) ;
#1445 = EDGE_LOOP ( 'NONE', ( #3625, #2254, #6050, #1516 ) ) ;
#1446 = CARTESIAN_POINT ( 'NONE',  ( 0.9476021747542543450, 3.680000000000002380, -0.5412721588969224840 ) ) ;
#1447 = CARTESIAN_POINT ( 'NONE',  ( -1.841293892287302336, 3.629999999999999893, 0.1723397817022250811 ) ) ;
#1448 = CARTESIAN_POINT ( 'NONE',  ( 1.702201282828607498, 3.679999999999996163, 0.5060575432019169817 ) ) ;
#1449 = CARTESIAN_POINT ( 'NONE',  ( 1.481700789029411380, 3.680000000000000160, -0.7713745073540299035 ) ) ;
#1450 = CARTESIAN_POINT ( 'NONE',  ( -0.8612862885689963610, 3.630000000000001670, -0.3759940567165693803 ) ) ;
#1451 = COLOUR_RGB ( '',0.8274509803921568096, 0.8392156862745098200, 0.8274509803921568096 ) ;
#1452 = CARTESIAN_POINT ( 'NONE',  ( 0.6540649983496172881, 3.630000000000000338, 0.6752334376781268244 ) ) ;
#1453 = CARTESIAN_POINT ( 'NONE',  ( 2.167020676468522922, 3.680000000000000604, -0.3137360208878448020 ) ) ;
#1454 = EDGE_CURVE ( 'NONE', #674, #4352, #1275, .T. ) ;
#1455 = EDGE_LOOP ( 'NONE', ( #6036, #1033, #4360, #2554 ) ) ;
#1456 = CARTESIAN_POINT ( 'NONE',  ( 1.022024063556380424, 3.630000000000000338, -0.007312642577163052000 ) ) ;
#1457 = CARTESIAN_POINT ( 'NONE',  ( -2.172208273534007361, 3.680000000000001048, -0.2680191013020776780 ) ) ;
#1458 = CARTESIAN_POINT ( 'NONE',  ( -0.5237977293291389280, 3.679999999999999272, -0.7467991491397438786 ) ) ;
#1459 = CARTESIAN_POINT ( 'NONE',  ( 2.297183604587980543, 3.630000000000000338, -0.3665578894240124064 ) ) ;
#1460 = CARTESIAN_POINT ( 'NONE',  ( -0.8677592777185525463, 3.630000000000000782, 0.1040367025673501200 ) ) ;
#1461 = EDGE_CURVE ( 'NONE', #3151, #3150, #5308, .T. ) ;
#1462 = ORIENTED_EDGE ( 'NONE', *, *, #3985, .T. ) ;
#1463 =( GEOMETRIC_REPRESENTATION_CONTEXT ( 3 ) GLOBAL_UNCERTAINTY_ASSIGNED_CONTEXT ( ( #4695 ) ) GLOBAL_UNIT_ASSIGNED_CONTEXT ( ( #2437, #4561, #1163 ) ) REPRESENTATION_CONTEXT ( 'NONE', 'WORKASPACE' ) );
#1464 = DIRECTION ( 'NONE',  ( -1.000000000000000000, -0.0000000000000000000, -2.668805347656626678E-16 ) ) ;
#1465 = CARTESIAN_POINT ( 'NONE',  ( -1.282122944891726180, 3.679999999999998828, 0.4143215093585778108 ) ) ;
#1466 = PRESENTATION_LAYER_ASSIGNMENT (  '', '', ( #4870 ) ) ;
#1467 = CARTESIAN_POINT ( 'NONE',  ( -0.2969025282144888700, 3.679999999999999716, 0.4404177906756157612 ) ) ;
#1468 = CARTESIAN_POINT ( 'NONE',  ( 0.3956285793362728787, 3.629999999999999893, -0.6246150608697390583 ) ) ;
#1469 = CARTESIAN_POINT ( 'NONE',  ( 0.1758055687026628400, 3.629999999999999449, 0.2552428758202027193 ) ) ;
#1470 = CARTESIAN_POINT ( 'NONE',  ( 3.249999999999999112, 3.680000000000000160, -1.399999999999999689 ) ) ;
#1471 = MECHANICAL_DESIGN_GEOMETRIC_PRESENTATION_REPRESENTATION (  '', ( #2327 ), #2207 ) ;
#1472 = CARTESIAN_POINT ( 'NONE',  ( 0.9939913632133565713, 3.630000000000000338, 0.1813333426727405107 ) ) ;
#1473 = EDGE_CURVE ( 'NONE', #5795, #1254, #666, .T. ) ;
#1474 = CARTESIAN_POINT ( 'NONE',  ( -2.226262903372974389, 3.679999999999999716, -0.7473905803220047828 ) ) ;
#1475 = VECTOR ( 'NONE', #2625, 1000.000000000000000 ) ;
#1476 = ORIENTED_EDGE ( 'NONE', *, *, #5341, .T. ) ;
#1477 = CARTESIAN_POINT ( 'NONE',  ( 1.092912799457406825, 3.629999999999999005, 0.3371752162165861377 ) ) ;
#1478 = LINE ( 'NONE', #4951, #1480 ) ;
#1479 = CARTESIAN_POINT ( 'NONE',  ( 1.659697347813423596, 3.629999999999999449, -0.8808014643199166827 ) ) ;
#1480 = VECTOR ( 'NONE', #3920, 1000.000000000000000 ) ;
#1481 = CARTESIAN_POINT ( 'NONE',  ( -0.8069624298980017096, 3.629999999999998561, -0.5492481836291351893 ) ) ;
#1482 = CARTESIAN_POINT ( 'NONE',  ( 1.143716190667240618, 3.679999999999996607, 0.1404690945410504710 ) ) ;
#1483 = CARTESIAN_POINT ( 'NONE',  ( 2.179090601345426315, 3.680000000000000160, -0.1130543845160394689 ) ) ;
#1484 = ORIENTED_EDGE ( 'NONE', *, *, #3522, .T. ) ;
#1485 = MECHANICAL_DESIGN_GEOMETRIC_PRESENTATION_REPRESENTATION (  '', ( #4368 ), #4043 ) ;
#1486 = FACE_BOUND ( 'NONE', #5657, .T. ) ;
#1487 = CARTESIAN_POINT ( 'NONE',  ( -0.8438944244190464961, 3.630000000000001670, -0.4549501504519901651 ) ) ;
#1488 = B_SPLINE_CURVE_WITH_KNOTS ( 'NONE', 3,
 ( #6600, #1538, #1719, #2697, #3752, #5410, #5380, #2732, #691, #5350, #762, #2236, #1814, #1300, #3347, #224, #1271, #5793, #2801, #6314, #4839, #2835, #4813, #3880, #726, #250, #1199 ),
 .UNSPECIFIED., .F., .F.,
 ( 4, 1, 1, 1, 1, 1, 1, 1, 1, 1, 1, 1, 1, 1, 1, 1, 1, 1, 1, 1, 1, 1, 1, 1, 4 ),
 ( 0.0000000000000000000, 0.06859462225874242425, 0.1332460424433009327, 0.1943125864682561654, 0.2512792231169661550, 0.3045134392563468295, 0.3542349066533251323, 0.4004805887739889547, 0.4434107549384918578, 0.4840148686163451286, 0.5232523007732029496, 0.5610423727283602169, 0.5979002393644000657, 0.6335184888561955496, 0.6683143511696516548, 0.7024956712863822395, 0.7366853535134586517, 0.7702931693607889541, 0.8034372550192491191, 0.8359129516660287473, 0.8684602457892909300, 0.9008465382431828372, 0.9334665246307075614, 0.9662575752981233945, 1.000000000000000000 ),
 .UNSPECIFIED. ) ;
#1489 = CARTESIAN_POINT ( 'NONE',  ( 2.187425769056414726, 3.629999999999998561, -0.6790097296763862866 ) ) ;
#1490 = CARTESIAN_POINT ( 'NONE',  ( 0.3206095234832841978, 3.680000000000000160, 0.2623444497358974337 ) ) ;
#1491 = CARTESIAN_POINT ( 'NONE',  ( -0.4760376276045700239, 3.630000000000000338, 0.6748878034458538622 ) ) ;
#1492 = ORIENTED_EDGE ( 'NONE', *, *, #448, .F. ) ;
#1493 = EDGE_CURVE ( 'NONE', #6212, #4418, #3060, .T. ) ;
#1494 = CARTESIAN_POINT ( 'NONE',  ( -2.428781994808419942, 3.680000000000000160, -0.1986914037468087424 ) ) ;
#1495 = CARTESIAN_POINT ( 'NONE',  ( -2.436495354678606340, 3.629999999999999005, 0.6404091579860122785 ) ) ;
#1496 = DIRECTION ( 'NONE',  ( -1.000000000000000000, 0.0000000000000000000, 0.0000000000000000000 ) ) ;
#1497 = CARTESIAN_POINT ( 'NONE',  ( 0.8756892490726827516, 3.680000000000001048, -0.8376006540887755980 ) ) ;
#1498 = CARTESIAN_POINT ( 'NONE',  ( 0.5007724193852303163, 3.680000000000001048, -0.7113250861540983960 ) ) ;
#1499 =( LENGTH_UNIT ( ) NAMED_UNIT ( * ) SI_UNIT ( .MILLI., .METRE. ) );
#1500 = LINE ( 'NONE', #5103, #5637 ) ;
#1501 = FILL_AREA_STYLE_COLOUR ( '', #6451 ) ;
#1502 = CARTESIAN_POINT ( 'NONE',  ( -0.4908166186397386332, 3.680000000000000160, -0.7468003486258714130 ) ) ;
#1503 = CARTESIAN_POINT ( 'NONE',  ( 1.294475216730041733, 3.629999999999999893, -0.1124534229775779742 ) ) ;
#1504 = FILL_AREA_STYLE_COLOUR ( '', #5743 ) ;
#1505 = EDGE_LOOP ( 'NONE', ( #6508, #1555, #4736, #2901 ) ) ;
#1506 = B_SPLINE_CURVE_WITH_KNOTS ( 'NONE', 3,
 ( #3402, #1740, #4329, #4365, #6370, #5879, #1834, #2257, #6430, #2759, #1804, #3772, #4263, #751, #5844, #4930, #3869, #4396, #2790 ),
 .UNSPECIFIED., .F., .F.,
 ( 4, 1, 1, 1, 1, 1, 1, 1, 1, 1, 1, 1, 1, 1, 1, 1, 4 ),
 ( 0.0000000000000000000, 0.07524330859112909886, 0.1472088117202523805, 0.2164470898547694033, 0.2840250416193521033, 0.3506554491966468179, 0.4150313178410256487, 0.4796298309645127267, 0.5446516341371369085, 0.6080442396977421282, 0.6678275650288177934, 0.7251142466493386562, 0.7809917079106403204, 0.8355270040618589800, 0.8894381545415830370, 0.9440720891799447845, 1.000000000000000000 ),
 .UNSPECIFIED. ) ;
#1507 = EDGE_LOOP ( 'NONE', ( #4552, #1925, #4386, #3548 ) ) ;
#1508 = CARTESIAN_POINT ( 'NONE',  ( 0.4424992130727553041, 3.630000000000000782, -0.8546199058411396710 ) ) ;
#1509 = CARTESIAN_POINT ( 'NONE',  ( -2.356794478033635176, 3.629999999999999449, -0.08901603482747726115 ) ) ;
#1510 = CARTESIAN_POINT ( 'NONE',  ( 1.302973343049352195, 3.629999999999998561, -0.3150872671391601321 ) ) ;
#1511 = CARTESIAN_POINT ( 'NONE',  ( -2.707407326312829099, 3.680000000000001048, 0.3388750786866200904 ) ) ;
#1512 = UNCERTAINTY_MEASURE_WITH_UNIT (LENGTH_MEASURE( 1.000000000000000082E-05 ), #210, 'distance_accuracy_value', 'NONE');
#1513 = SURFACE_STYLE_USAGE ( .BOTH. , #5075 ) ;
#1514 = CARTESIAN_POINT ( 'NONE',  ( 0.8453916671601016120, 3.679999999999997051, 0.6280818497790880972 ) ) ;
#1515 = CARTESIAN_POINT ( 'NONE',  ( 2.178393539778936905, 3.679999999999999716, -0.1663518433583049683 ) ) ;
#1516 = ORIENTED_EDGE ( 'NONE', *, *, #3753, .T. ) ;
#1517 = CARTESIAN_POINT ( 'NONE',  ( -2.543860743911949829, 3.679999999999999272, 0.3714700008124587338 ) ) ;
#1518 = EDGE_CURVE ( 'NONE', #5117, #2320, #3254, .T. ) ;
#1519 = ORIENTED_EDGE ( 'NONE', *, *, #2871, .T. ) ;
#1520 = CARTESIAN_POINT ( 'NONE',  ( 0.7449215882619855122, 3.679999999999999716, 0.5063086653902781897 ) ) ;
#1521 = FILL_AREA_STYLE_COLOUR ( '', #5961 ) ;
#1522 = B_SPLINE_SURFACE_WITH_KNOTS ( 'NONE', 3, 1, ( 
 ( #6252, #6183 ),
 ( #600, #5696 ),
 ( #1104, #1626 ),
 ( #1695, #3666 ),
 ( #5769, #5228 ),
 ( #3153, #5191 ),
 ( #2653, #3227 ),
 ( #2709, #4751 ),
 ( #2209, #5328 ),
 ( #1794, #1339 ),
 ( #3391, #324 ),
 ( #2311, #5390 ),
 ( #3829, #3891 ),
 ( #1281, #3327 ),
 ( #2247, #5900 ),
 ( #1309, #2812 ),
 ( #4850, #233 ),
 ( #2278, #4289 ),
 ( #4354, #1885 ),
 ( #4319, #2850 ),
 ( #1827, #298 ),
 ( #4885, #1759 ),
 ( #3357, #2351 ) ),
 .UNSPECIFIED., .F., .F., .F.,
 ( 4, 1, 1, 1, 1, 1, 1, 1, 1, 1, 1, 1, 1, 1, 1, 1, 1, 1, 1, 1, 4 ),
 ( 2, 2 ),
 ( 0.0000000000000000000, 0.06038661931106264341, 0.1208832485859957367, 0.1827546186251392535, 0.2478110297583515642, 0.2812991000432491506, 0.3150876241506568864, 0.3497023955502754355, 0.3848565811185559182, 0.4209661972261021790, 0.4585111882611392353, 0.4971747221273122297, 0.5376020478662693058, 0.5805030184200117294, 0.6274675400267046843, 0.6783882095592433936, 0.7339832205925604924, 0.7937467045508348473, 0.8577136721607321324, 0.9266978643613860145, 1.000000000000000000 ),
 ( 0.0000000000000000000, 1.000000000000000000 ),
 .UNSPECIFIED. ) ;
#1523 = DIRECTION ( 'NONE',  ( 0.0000000000000000000, -1.000000000000000000, 0.0000000000000000000 ) ) ;
#1524 = SURFACE_STYLE_FILL_AREA ( #2403 ) ;
#1525 = CARTESIAN_POINT ( 'NONE',  ( 0.2779905064770488710, 3.680000000000001492, 0.002369331732083175459 ) ) ;
#1526 = EDGE_CURVE ( 'NONE', #2457, #1630, #6143, .T. ) ;
#1527 = CARTESIAN_POINT ( 'NONE',  ( 2.313705985960811340, 3.679999999999997051, -0.1124534229775779742 ) ) ;
#1528 = CARTESIAN_POINT ( 'NONE',  ( -2.647269664884050577, 3.680000000000000604, -0.5009078588938991050 ) ) ;
#1529 = CARTESIAN_POINT ( 'NONE',  ( -0.7762688443536908123, 3.679999999999999716, 0.3746883762070087887 ) ) ;
#1530 = CARTESIAN_POINT ( 'NONE',  ( -1.705524783269958489, 3.680000000000000604, 0.2000465770224221229 ) ) ;
#1531 = ORIENTED_EDGE ( 'NONE', *, *, #3736, .F. ) ;
#1532 = CARTESIAN_POINT ( 'NONE',  ( -0.8259915186628964401, 3.679999999999999272, -0.7713745073540293484 ) ) ;
#1533 =( NAMED_UNIT ( * ) SI_UNIT ( $, .STERADIAN. ) SOLID_ANGLE_UNIT ( ) );
#1534 = SURFACE_SIDE_STYLE ('',( #2569 ) ) ;
#1535 = CARTESIAN_POINT ( 'NONE',  ( -2.197582431094012190, 3.629999999999999893, -0.2672746242833871078 ) ) ;
#1536 = CARTESIAN_POINT ( 'NONE',  ( -1.837960356606177514, 3.679999999999998828, -0.7045612271199888088 ) ) ;
#1537 = CARTESIAN_POINT ( 'NONE',  ( -0.1785042091823280108, 3.679999999999997495, -0.4753088270986000063 ) ) ;
#1538 = CARTESIAN_POINT ( 'NONE',  ( 1.294615795940383673, 3.630000000000000338, -0.1364951605779704535 ) ) ;
#1539 = ORIENTED_EDGE ( 'NONE', *, *, #1419, .F. ) ;
#1540 = CARTESIAN_POINT ( 'NONE',  ( 0.8288796784167625775, 3.629999999999999449, 0.4628442175833041294 ) ) ;
#1541 = CARTESIAN_POINT ( 'NONE',  ( -2.480399893145880164, 3.679999999999999272, -0.01435328243755207463 ) ) ;
#1542 = CARTESIAN_POINT ( 'NONE',  ( -0.7699931313086856299, 3.629999999999999449, 0.5930743968738463323 ) ) ;
#1543 = CARTESIAN_POINT ( 'NONE',  ( -2.562433540435495427, 3.680000000000001048, 0.5655591240325550384 ) ) ;
#1544 = CARTESIAN_POINT ( 'NONE',  ( 2.187425769056414726, 3.679999999999998828, -0.6790097296763862866 ) ) ;
#1545 = CARTESIAN_POINT ( 'NONE',  ( -2.707407326312829099, 3.630000000000000782, 0.3388750786866200904 ) ) ;
#1546 = CARTESIAN_POINT ( 'NONE',  ( 0.7473239376493544528, 3.679999999999997051, 0.6638967874564072336 ) ) ;
#1547 = CARTESIAN_POINT ( 'NONE',  ( 0.6630295352064152770, 3.630000000000000782, -0.7468003486258716350 ) ) ;
#1548 = DIRECTION ( 'NONE',  ( -0.0000000000000000000, 1.000000000000000000, -0.0000000000000000000 ) ) ;
#1549 = ORIENTED_EDGE ( 'NONE', *, *, #1170, .F. ) ;
#1550 = CARTESIAN_POINT ( 'NONE',  ( 2.439999999999999947, 0.05000000000000012768, 0.0000000000000000000 ) ) ;
#1551 =( GEOMETRIC_REPRESENTATION_CONTEXT ( 3 ) GLOBAL_UNCERTAINTY_ASSIGNED_CONTEXT ( ( #4221 ) ) GLOBAL_UNIT_ASSIGNED_CONTEXT ( ( #4722, #3230, #2657 ) ) REPRESENTATION_CONTEXT ( 'NONE', 'WORKASPACE' ) );
#1552 = CARTESIAN_POINT ( 'NONE',  ( -2.452370153278089493, 3.629999999999999005, -0.03744326050678679907 ) ) ;
#1553 = EDGE_CURVE ( 'NONE', #3834, #2219, #5468, .T. ) ;
#1554 = CARTESIAN_POINT ( 'NONE',  ( 2.060253804502131914, 3.629999999999999893, 0.5906681404830101956 ) ) ;
#1555 = ORIENTED_EDGE ( 'NONE', *, *, #5931, .F. ) ;
#1556 = VERTEX_POINT ( 'NONE', #381 ) ;
#1557 = ORIENTED_EDGE ( 'NONE', *, *, #5588, .T. ) ;
#1558 = CARTESIAN_POINT ( 'NONE',  ( -2.217243533269958267, 3.679999999999999716, 0.6754071539454989948 ) ) ;
#1559 = FILL_AREA_STYLE_COLOUR ( '', #3916 ) ;
#1560 = UNCERTAINTY_MEASURE_WITH_UNIT (LENGTH_MEASURE( 1.000000000000000082E-05 ), #5490, 'distance_accuracy_value', 'NONE');
#1561 = CARTESIAN_POINT ( 'NONE',  ( -2.646149024680669815, 3.679999999999999272, -0.4696623460748623469 ) ) ;
#1562 = CARTESIAN_POINT ( 'NONE',  ( -2.524044695183853992, 3.679999999999998828, 0.5948011706730297332 ) ) ;
#1563 = FACE_OUTER_BOUND ( 'NONE', #399, .T. ) ;
#1564 = CARTESIAN_POINT ( 'NONE',  ( -0.8677592777185525463, 3.680000000000002380, 0.1040367025673501200 ) ) ;
#1565 = SURFACE_STYLE_FILL_AREA ( #6164 ) ;
#1566 = CARTESIAN_POINT ( 'NONE',  ( 0.2752444474992724599, 3.629999999999999893, -0.1130543845160394689 ) ) ;
#1567 = AXIS2_PLACEMENT_3D ( 'NONE', #4158, #5709, #1120 ) ;
#1568 = B_SPLINE_CURVE_WITH_KNOTS ( 'NONE', 3,
 ( #5945, #1323, #2366, #500, #2522, #1604, #3771, #645, #3126, #406, #4666, #4732, #4162, #5710, #3748 ),
 .UNSPECIFIED., .F., .F.,
 ( 4, 1, 1, 1, 1, 1, 1, 1, 1, 1, 1, 1, 4 ),
 ( 0.0000000000000000000, 0.1128134007444571152, 0.2253938839207284550, 0.3395948145627000758, 0.4596754102248642448, 0.5217351900879331206, 0.5839258387389155702, 0.6481741447653694976, 0.7138810381130669125, 0.7810044549073899001, 0.8514509275565556035, 0.9240506926641781638, 1.000000000000000000 ),
 .UNSPECIFIED. ) ;
#1569 = FACE_OUTER_BOUND ( 'NONE', #2018, .T. ) ;
#1570 = CARTESIAN_POINT ( 'NONE',  ( -1.917545356310643045, 3.629999999999999449, -0.5073479346678404500 ) ) ;
#1571 =( GEOMETRIC_REPRESENTATION_CONTEXT ( 3 ) GLOBAL_UNCERTAINTY_ASSIGNED_CONTEXT ( ( #353 ) ) GLOBAL_UNIT_ASSIGNED_CONTEXT ( ( #6242, #117, #4639 ) ) REPRESENTATION_CONTEXT ( 'NONE', 'WORKASPACE' ) );
#1572 = CARTESIAN_POINT ( 'NONE',  ( -1.782447860193035138, 3.629999999999999893, -0.5123933268237318428 ) ) ;
#1573 = SURFACE_STYLE_USAGE ( .BOTH. , #6132 ) ;
#1574 = VECTOR ( 'NONE', #2945, 1000.000000000000000 ) ;
#1575 = CARTESIAN_POINT ( 'NONE',  ( 2.227688112543740662, 3.679999999999999716, -0.6050747405586921479 ) ) ;
#1576 = ORIENTED_EDGE ( 'NONE', *, *, #4841, .F. ) ;
#1577 =( GEOMETRIC_REPRESENTATION_CONTEXT ( 3 ) GLOBAL_UNCERTAINTY_ASSIGNED_CONTEXT ( ( #614 ) ) GLOBAL_UNIT_ASSIGNED_CONTEXT ( ( #702, #4820, #3733 ) ) REPRESENTATION_CONTEXT ( 'NONE', 'WORKASPACE' ) );
#1578 = CARTESIAN_POINT ( 'NONE',  ( 0.1644594833777143494, 3.629999999999999449, -0.4301607659489332103 ) ) ;
#1579 = VECTOR ( 'NONE', #1615, 1000.000000000000000 ) ;
#1580 = CARTESIAN_POINT ( 'NONE',  ( -2.390236805214726701, 3.679999999999998828, -0.07478896756802796975 ) ) ;
#1581 = CARTESIAN_POINT ( 'NONE',  ( -0.8244691740316866246, 3.629999999999999893, 0.5467518375246119833 ) ) ;
#1582 = CARTESIAN_POINT ( 'NONE',  ( -1.705804456125958435, 3.680000000000000604, 0.1897242430358999921 ) ) ;
#1583 = UNCERTAINTY_MEASURE_WITH_UNIT (LENGTH_MEASURE( 1.000000000000000082E-05 ), #4677, 'distance_accuracy_value', 'NONE');
#1584 = ADVANCED_FACE ( 'NONE', ( #2442 ), #5713, .T. ) ;
#1585 = ADVANCED_FACE ( 'NONE', ( #5602 ), #5590, .T. ) ;
#1586 = CARTESIAN_POINT ( 'NONE',  ( 2.313429600704624889, 3.630000000000000338, -0.1354927300369349608 ) ) ;
#1587 = AXIS2_PLACEMENT_3D ( 'NONE', #2352, #4793, #2210 ) ;
#1588 = CARTESIAN_POINT ( 'NONE',  ( 0.8569436256316651512, 3.680000000000001048, 0.4404177906756156502 ) ) ;
#1589 = CARTESIAN_POINT ( 'NONE',  ( 0.8285284075575581886, 3.680000000000003268, -0.6878514479104987922 ) ) ;
#1590 = CARTESIAN_POINT ( 'NONE',  ( 2.176630402192736735, 3.680000000000000160, -0.2180024922135022358 ) ) ;
#1591 = EDGE_LOOP ( 'NONE', ( #2446, #1043, #1663, #4883 ) ) ;
#1592 = EDGE_LOOP ( 'NONE', ( #5509, #6188, #6326, #366 ) ) ;
#1593 = CARTESIAN_POINT ( 'NONE',  ( 0.9436621942447516176, 3.680000000000001492, 0.3243157031153132142 ) ) ;
#1594 = CARTESIAN_POINT ( 'NONE',  ( 1.297947799192470164, 3.680000000000001048, 0.02543742790927546252 ) ) ;
#1595 = CARTESIAN_POINT ( 'NONE',  ( -0.8438944244190464961, 3.680000000000001936, -0.4549501504519901651 ) ) ;
#1596 = COLOUR_RGB ( '',0.7686274509803920907, 0.7686274509803920907, 0.7686274509803920907 ) ;
#1597 = CARTESIAN_POINT ( 'NONE',  ( -0.1505353338312132028, 3.680000000000000160, 0.1371035866993394192 ) ) ;
#1598 = MECHANICAL_DESIGN_GEOMETRIC_PRESENTATION_REPRESENTATION (  '', ( #2340 ), #6166 ) ;
#1599 = CARTESIAN_POINT ( 'NONE',  ( 0.3953694794477489727, 3.629999999999999893, 0.3977910179525212531 ) ) ;
#1600 = ORIENTED_EDGE ( 'NONE', *, *, #4545, .F. ) ;
#1601 = EDGE_LOOP ( 'NONE', ( #744, #2521, #6475, #5804 ) ) ;
#1602 = CARTESIAN_POINT ( 'NONE',  ( -2.487034726546631713, 3.630000000000000338, 0.4356009502053674876 ) ) ;
#1603 = CARTESIAN_POINT ( 'NONE',  ( -0.1808703855341685929, 3.630000000000000338, 0.2506648068115774342 ) ) ;
#1604 = CARTESIAN_POINT ( 'NONE',  ( 1.982725832262917320, 3.629999999999999449, 0.4628442175833042960 ) ) ;
#1605 = CARTESIAN_POINT ( 'NONE',  ( -1.921472256521083777, 3.680000000000001936, -0.5596603581296194507 ) ) ;
#1606 = CARTESIAN_POINT ( 'NONE',  ( 2.246758953303561235, 3.630000000000001226, 0.3371752162165859712 ) ) ;
#1607 = CARTESIAN_POINT ( 'NONE',  ( -0.01050870310432838392, 3.679999999999997495, -0.3665578894240122954 ) ) ;
#1608 = CARTESIAN_POINT ( 'NONE',  ( -2.217243533269958267, 3.629999999999999893, 0.6754071539454989948 ) ) ;
#1609 = CARTESIAN_POINT ( 'NONE',  ( -0.5072074755776505572, 3.679999999999999716, 0.5215610000993451401 ) ) ;
#1610 =( LENGTH_UNIT ( ) NAMED_UNIT ( * ) SI_UNIT ( .MILLI., .METRE. ) );
#1611 = EDGE_CURVE ( 'NONE', #1895, #5664, #6311, .T. ) ;
#1612 = CARTESIAN_POINT ( 'NONE',  ( -1.205524783269958267, 3.679999999999999716, 0.5311763847147297213 ) ) ;
#1613 = CARTESIAN_POINT ( 'NONE',  ( -1.917063244808419720, 3.680000000000000160, -0.5175014999006547489 ) ) ;
#1614 = CARTESIAN_POINT ( 'NONE',  ( 2.179090601345426315, 3.629999999999999893, -0.1130543845160394689 ) ) ;
#1615 = DIRECTION ( 'NONE',  ( 1.000000000000000000, -0.0000000000000000000, 2.668805347656626678E-16 ) ) ;
#1616 = CARTESIAN_POINT ( 'NONE',  ( -2.482266223252636017, 3.630000000000000782, 0.6200904887076408301 ) ) ;
#1617 = CARTESIAN_POINT ( 'NONE',  ( -2.099528255407584254, 3.679999999999998384, -0.1001434751858403249 ) ) ;
#1618 = FACE_OUTER_BOUND ( 'NONE', #2283, .T. ) ;
#1619 = LINE ( 'NONE', #522, #5632 ) ;
#1620 = DIRECTION ( 'NONE',  ( -0.0000000000000000000, 1.000000000000000000, -0.0000000000000000000 ) ) ;
#1621 = CARTESIAN_POINT ( 'NONE',  ( -0.7407253215866512752, 3.680000000000000604, 0.6122724346331109846 ) ) ;
#1622 = CARTESIAN_POINT ( 'NONE',  ( 2.147837517059509427, 3.679999999999998384, 0.1813333426727402331 ) ) ;
#1623 = EDGE_LOOP ( 'NONE', ( #6179, #6144, #1531, #3355 ) ) ;
#1624 = ORIENTED_EDGE ( 'NONE', *, *, #1493, .F. ) ;
#1625 = CARTESIAN_POINT ( 'NONE',  ( 0.8288796784167625775, 3.629999999999999449, 0.4628442175833041294 ) ) ;
#1626 = CARTESIAN_POINT ( 'NONE',  ( 1.750683847389551184, 3.679999999999999716, -0.7450563230951849913 ) ) ;
#1627 = LINE ( 'NONE', #5121, #503 ) ;
#1628 = CARTESIAN_POINT ( 'NONE',  ( -1.782447860193035138, 3.629999999999999893, -0.5123933268237318428 ) ) ;
#1629 = CARTESIAN_POINT ( 'NONE',  ( 0.5009463624548378125, 3.680000000000001048, 0.4853377904169315915 ) ) ;
#1630 = VERTEX_POINT ( 'NONE', #142 ) ;
#1631 = CARTESIAN_POINT ( 'NONE',  ( -2.028084391168263334, 3.679999999999999716, 0.4850418414320563087 ) ) ;
#1632 = CARTESIAN_POINT ( 'NONE',  ( 0.1884716073275469472, 3.630000000000000782, -0.5282583504129454433 ) ) ;
#1633 = CARTESIAN_POINT ( 'NONE',  ( -0.1202665386358931637, 3.630000000000000782, -0.6790097296763862866 ) ) ;
#1634 = CARTESIAN_POINT ( 'NONE',  ( -1.946182907525115580, 3.629999999999999893, -0.8209020963081442579 ) ) ;
#1635 = CARTESIAN_POINT ( 'NONE',  ( -1.455524783269958267, 3.680000000000000160, 0.5311763847147297213 ) ) ;
#1636 = DIRECTION ( 'NONE',  ( -0.0000000000000000000, 1.000000000000000000, -0.0000000000000000000 ) ) ;
#1637 = CARTESIAN_POINT ( 'NONE',  ( -0.9893866704684401991, 3.630000000000001226, -0.4301607659489333768 ) ) ;
#1638 = CARTESIAN_POINT ( 'NONE',  ( 0.002370873744302458546, 3.679999999999997495, 0.02055116350221649832 ) ) ;
#1639 =( LENGTH_UNIT ( ) NAMED_UNIT ( * ) SI_UNIT ( .MILLI., .METRE. ) );
#1640 = CARTESIAN_POINT ( 'NONE',  ( 2.178393539778936905, 3.629999999999999449, -0.1663518433583049683 ) ) ;
#1641 = CARTESIAN_POINT ( 'NONE',  ( -2.030871645394669134, 3.680000000000000160, -0.3194240659811376504 ) ) ;
#1642 = CARTESIAN_POINT ( 'NONE',  ( -0.1785042091823280108, 3.629999999999999893, -0.4753088270986000063 ) ) ;
#1643 = ADVANCED_FACE ( 'NONE', ( #4812 ), #4624, .T. ) ;
#1644 = CARTESIAN_POINT ( 'NONE',  ( 2.310031120884048939, 3.680000000000000604, -0.2460548328160465370 ) ) ;
#1645 = B_SPLINE_CURVE_WITH_KNOTS ( 'NONE', 3,
 ( #802, #1424, #2855, #392, #5498, #2893, #774, #6426, #1858, #896, #4890 ),
 .UNSPECIFIED., .F., .F.,
 ( 4, 1, 1, 1, 1, 1, 1, 1, 4 ),
 ( 0.0000000000000000000, 0.1275189266999433302, 0.2499859477488059756, 0.3717923515057519612, 0.4988703527764725698, 0.6259483540471936225, 0.7484917380160556188, 0.8709587590649183753, 1.000000000000000000 ),
 .UNSPECIFIED. ) ;
#1646 = DIRECTION ( 'NONE',  ( 0.0000000000000000000, 1.000000000000000000, 0.0000000000000000000 ) ) ;
#1647 = CARTESIAN_POINT ( 'NONE',  ( 0.8955060707198780889, 3.630000000000000782, 0.3998875696959026116 ) ) ;
#1648 = FILL_AREA_STYLE ('',( #43 ) ) ;
#1649 = CARTESIAN_POINT ( 'NONE',  ( -0.7978554860400427495, 3.629999999999999449, 0.5710793898188217810 ) ) ;
#1650 = CARTESIAN_POINT ( 'NONE',  ( -2.217243533269958267, 3.680000000000000160, 0.6754071539454989948 ) ) ;
#1651 = CARTESIAN_POINT ( 'NONE',  ( 2.246002973334568775, 3.630000000000000338, -0.5642831114839580442 ) ) ;
#1652 = CARTESIAN_POINT ( 'NONE',  ( -0.5235450216812214119, 3.680000000000000604, 0.6752072873202952241 ) ) ;
#1653 = CARTESIAN_POINT ( 'NONE',  ( -2.443614858444271842, 3.680000000000000160, -0.3623353352100456282 ) ) ;
#1654 = VERTEX_POINT ( 'NONE', #3124 ) ;
#1655 = ADVANCED_FACE ( 'NONE', ( #2182 ), #6175, .T. ) ;
#1656 = CARTESIAN_POINT ( 'NONE',  ( 0.4432441252697915668, 3.679999999999999716, 0.6291298927570959654 ) ) ;
#1657 =( NAMED_UNIT ( * ) PLANE_ANGLE_UNIT ( ) SI_UNIT ( $, .RADIAN. ) );
#1658 = CARTESIAN_POINT ( 'NONE',  ( -0.9978029477071220787, 3.629999999999998117, -0.3747200097270572683 ) ) ;
#1659 = CARTESIAN_POINT ( 'NONE',  ( -2.284874577186091660, 3.630000000000000338, -0.1071704197681786763 ) ) ;
#1660 = EDGE_CURVE ( 'NONE', #5663, #1185, #1234, .T. ) ;
#1661 = CARTESIAN_POINT ( 'NONE',  ( -3.249999999999999112, 0.5000000000000000000, 0.0000000000000000000 ) ) ;
#1662 = CARTESIAN_POINT ( 'NONE',  ( 0.9869806569593405632, 3.679999999999997051, -0.7423212791278962497 ) ) ;
#1663 = ORIENTED_EDGE ( 'NONE', *, *, #3821, .T. ) ;
#1664 = ORIENTED_EDGE ( 'NONE', *, *, #2763, .T. ) ;
#1665 = CARTESIAN_POINT ( 'NONE',  ( -1.854748845416255509, 3.679999999999999716, 0.5499165210442359397 ) ) ;
#1666 = CARTESIAN_POINT ( 'NONE',  ( -2.181016869480822962, 3.630000000000000782, -0.7469506327315486027 ) ) ;
#1667 = CARTESIAN_POINT ( 'NONE',  ( 0.1406290628838879619, 3.629999999999999893, -0.1124534229775779742 ) ) ;
#1668 = CARTESIAN_POINT ( 'NONE',  ( -0.04588062575520715503, 3.630000000000000338, -0.5200272577096725080 ) ) ;
#1669 = FACE_OUTER_BOUND ( 'NONE', #5326, .T. ) ;
#1670 = CARTESIAN_POINT ( 'NONE',  ( -0.8441630665915856868, 3.680000000000000160, 0.2282353880053845374 ) ) ;
#1671 =( NAMED_UNIT ( * ) PLANE_ANGLE_UNIT ( ) SI_UNIT ( $, .RADIAN. ) );
#1672 = CARTESIAN_POINT ( 'NONE',  ( -1.012803434609561126, 3.630000000000000782, -0.1831965823983132402 ) ) ;
#1673 = B_SPLINE_SURFACE_WITH_KNOTS ( 'NONE', 3, 1, ( 
 ( #1667, #3238 ),
 ( #103, #1221 ),
 ( #5706, #1155 ),
 ( #3709, #2225 ),
 ( #5744, #713 ),
 ( #4300, #5268 ),
 ( #2153, #3774 ),
 ( #3269, #3308 ),
 ( #1632, #678 ),
 ( #2760, #3675 ),
 ( #2721, #5339 ),
 ( #4764, #4805 ),
 ( #753, #3204 ),
 ( #6340, #2791 ),
 ( #243, #2287 ),
 ( #1116, #3163 ),
 ( #347, #4381 ),
 ( #2443, #2409 ),
 ( #6501, #319 ),
 ( #829, #6469 ),
 ( #2347, #5457 ),
 ( #3479, #887 ),
 ( #2941, #3951 ),
 ( #2374, #3448 ),
 ( #921, #382 ),
 ( #3383, #5990 ),
 ( #5488, #3514 ) ),
 .UNSPECIFIED., .F., .F., .F.,
 ( 4, 1, 1, 1, 1, 1, 1, 1, 1, 1, 1, 1, 1, 1, 1, 1, 1, 1, 1, 1, 1, 1, 1, 1, 4 ),
 ( 2, 2 ),
 ( 0.0000000000000000000, 0.06859462225874239649, 0.1332460424433008772, 0.1943125864682561099, 0.2512792231169660440, 0.3045134392563467185, 0.3542349066533249102, 0.4004805887739887327, 0.4434107549384917468, 0.4840148686163448510, 0.5232523007732029496, 0.5610423727283598838, 0.5979002393643998436, 0.6335184888561953276, 0.6683143511696512107, 0.7024956712863815733, 0.7366853535134582076, 0.7702931693607887320, 0.8034372550192488971, 0.8359129516660285253, 0.8684602457892907079, 0.9008465382431822821, 0.9334665246307076725, 0.9662575752981230615, 1.000000000000000000 ),
 ( 0.0000000000000000000, 1.000000000000000000 ),
 .UNSPECIFIED. ) ;
#1674 = CARTESIAN_POINT ( 'NONE',  ( -0.09799017146986548077, 3.629999999999998561, 0.4158690181570810496 ) ) ;
#1675 =( LENGTH_UNIT ( ) NAMED_UNIT ( * ) SI_UNIT ( .MILLI., .METRE. ) );
#1676 = CARTESIAN_POINT ( 'NONE',  ( -1.819106514039189326, 3.630000000000000338, 0.5107436924070375417 ) ) ;
#1677 = CARTESIAN_POINT ( 'NONE',  ( -1.722605796693732261, 3.679999999999999716, 0.08146243471174477446 ) ) ;
#1678 = AXIS2_PLACEMENT_3D ( 'NONE', #1837, #3777, #1224 ) ;
#1679 = CARTESIAN_POINT ( 'NONE',  ( 3.250000000000001332, 3.680000000000000160, 1.400000000000001465 ) ) ;
#1680 = CARTESIAN_POINT ( 'NONE',  ( 1.025244447499272793, 3.680000000000002380, -0.1130543845160394689 ) ) ;
#1681 = CARTESIAN_POINT ( 'NONE',  ( -2.543860743911949829, 3.630000000000000338, 0.3714700008124587338 ) ) ;
#1682 = FILL_AREA_STYLE_COLOUR ( '', #485 ) ;
#1683 = B_SPLINE_CURVE_WITH_KNOTS ( 'NONE', 3,
 ( #212, #3340, #4931, #2761, #1292, #779, #3870, #4397, #1773, #4423, #3404, #6373, #1806, #4860, #714, #3309, #1320, #3806, #2862, #3270, #5370, #3841, #6431, #2827, #5303, #3368, #2258 ),
 .UNSPECIFIED., .F., .F.,
 ( 4, 1, 1, 1, 1, 1, 1, 1, 1, 1, 1, 1, 1, 1, 1, 1, 1, 1, 1, 1, 1, 1, 1, 1, 4 ),
 ( 0.0000000000000000000, 0.03378714634699078040, 0.06662165772429391730, 0.09928487809597173752, 0.1313611650426502186, 0.1635851875953429624, 0.1961039269870677726, 0.2289022543238165286, 0.2621580559050069592, 0.2959912222583162555, 0.3302178457247994525, 0.3650598258919535710, 0.4009507373401072772, 0.4376203820767372021, 0.4757075294370917695, 0.5153806916250479597, 0.5564135414931639101, 0.5997648298727307203, 0.6464241555840870568, 0.6964314445175664448, 0.7497815178015573290, 0.8065733069755322004, 0.8674355315653993204, 0.9318867532508740004, 0.9999999999999998890 ),
 .UNSPECIFIED. ) ;
#1684 = CARTESIAN_POINT ( 'NONE',  ( 1.692569872623289173, 3.680000000000000160, -0.8903203986510359602 ) ) ;
#1685 = EDGE_CURVE ( 'NONE', #844, #4848, #4760, .T. ) ;
#1686 = COLOUR_RGB ( '',0.7686274509803920907, 0.7686274509803920907, 0.7686274509803920907 ) ;
#1687 = CARTESIAN_POINT ( 'NONE',  ( -1.013077245123786607, 3.629999999999999893, -0.08861185062333414020 ) ) ;
#1688 = CARTESIAN_POINT ( 'NONE',  ( 2.165116227399594084, 3.680000000000000160, -0.7121319088907783756 ) ) ;
#1689 = CARTESIAN_POINT ( 'NONE',  ( 0.8447433569403766107, 3.630000000000000338, -0.8546058829506907317 ) ) ;
#1690 = CARTESIAN_POINT ( 'NONE',  ( -2.220259507354688466, 3.680000000000000160, -0.2671254053871540690 ) ) ;
#1691 = ORIENTED_EDGE ( 'NONE', *, *, #1312, .F. ) ;
#1692 = STYLED_ITEM ( 'NONE', ( #2017 ), #5451 ) ;
#1693 = ORIENTED_EDGE ( 'NONE', *, *, #1098, .F. ) ;
#1694 = CARTESIAN_POINT ( 'NONE',  ( -2.268836400115286533, 3.629999999999999893, -0.2712906988522665874 ) ) ;
#1695 = CARTESIAN_POINT ( 'NONE',  ( 1.701634723935224969, 3.629999999999999005, -0.7327592144130747887 ) ) ;
#1696 = CARTESIAN_POINT ( 'NONE',  ( -0.8069624298980017096, 3.679999999999998828, -0.5492481836291351893 ) ) ;
#1697 = PRESENTATION_LAYER_ASSIGNMENT (  '', '', ( #5534 ) ) ;
#1698 = AXIS2_PLACEMENT_3D ( 'NONE', #3823, #5252, #4314 ) ;
#1699 = CARTESIAN_POINT ( 'NONE',  ( -0.1291089387443772607, 3.680000000000000604, -0.05953894067806884266 ) ) ;
#1700 = PRESENTATION_STYLE_ASSIGNMENT (( #128 ) ) ;
#1701 = CARTESIAN_POINT ( 'NONE',  ( -1.945945747797891867, 3.629999999999999005, -0.2267474779939108731 ) ) ;
#1702 = CARTESIAN_POINT ( 'NONE',  ( 0.8447433569403766107, 3.630000000000000338, -0.8546058829506907317 ) ) ;
#1703 = EDGE_LOOP ( 'NONE', ( #5264, #1851, #2847, #2551 ) ) ;
#1704 = CARTESIAN_POINT ( 'NONE',  ( -2.096016666882061674, 3.679999999999999716, 0.6663595819604554160 ) ) ;
#1705 = CARTESIAN_POINT ( 'NONE',  ( 0.9152176036564174666, 3.680000000000003268, -0.5978657301826298953 ) ) ;
#1706 = UNCERTAINTY_MEASURE_WITH_UNIT (LENGTH_MEASURE( 1.000000000000000082E-05 ), #2187, 'distance_accuracy_value', 'NONE');
#1707 = CARTESIAN_POINT ( 'NONE',  ( -1.921472256521083777, 3.630000000000001670, -0.5596603581296194507 ) ) ;
#1708 =( LENGTH_UNIT ( ) NAMED_UNIT ( * ) SI_UNIT ( .MILLI., .METRE. ) );
#1709 = CARTESIAN_POINT ( 'NONE',  ( -0.3091027969057772440, 3.629999999999999449, -0.8546058829506907317 ) ) ;
#1710 = CARTESIAN_POINT ( 'NONE',  ( -1.813033403998234316, 3.630000000000001226, -0.6588394298476638600 ) ) ;
#1711 = LINE ( 'NONE', #3714, #5209 ) ;
#1712 = B_SPLINE_SURFACE_WITH_KNOTS ( 'NONE', 3, 1, ( 
 ( #6070, #4063 ),
 ( #6128, #3567 ),
 ( #1121, #71 ),
 ( #5596, #2594 ),
 ( #6196, #2121 ),
 ( #3097, #1564 ),
 ( #3602, #5674 ),
 ( #3642, #1086 ),
 ( #5166, #4522 ),
 ( #4037, #5639 ),
 ( #542, #5060 ),
 ( #4621, #5134 ),
 ( #2527, #4590 ),
 ( #29, #1050 ),
 ( #571, #2629 ),
 ( #1011, #4159 ),
 ( #4558, #3168 ),
 ( #6096, #3057 ),
 ( #4415, #6228 ),
 ( #3713, #4767 ),
 ( #328, #5270 ),
 ( #716, #4193 ),
 ( #3207, #6272 ) ),
 .UNSPECIFIED., .F., .F., .F.,
 ( 4, 1, 1, 1, 1, 1, 1, 1, 1, 1, 1, 1, 1, 1, 1, 1, 1, 1, 1, 1, 4 ),
 ( 2, 2 ),
 ( 0.0000000000000000000, 0.07295106587586659697, 0.1415836941865451504, 0.2059264601708670483, 0.2653013571846055130, 0.3205972327139283151, 0.3718165030988104802, 0.4187897697094521976, 0.4616987286157647752, 0.5021335821035657343, 0.5408043152926481634, 0.5781805253279664880, 0.6142968652075145863, 0.6496782432647875138, 0.6842994600896377122, 0.7183589527723610590, 0.7520808646475968251, 0.8176524386023854563, 0.8797220764054370923, 0.9399655597309876098, 1.000000000000000000 ),
 ( 0.0000000000000000000, 1.000000000000000000 ),
 .UNSPECIFIED. ) ;
#1713 = MECHANICAL_DESIGN_GEOMETRIC_PRESENTATION_REPRESENTATION (  '', ( #6273 ), #5629 ) ;
#1714 = ADVANCED_FACE ( 'NONE', ( #3336 ), #1218, .T. ) ;
#1715 = CARTESIAN_POINT ( 'NONE',  ( -2.647269664884050577, 3.680000000000000604, -0.5009078588938991050 ) ) ;
#1716 =( LENGTH_UNIT ( ) NAMED_UNIT ( * ) SI_UNIT ( .MILLI., .METRE. ) );
#1717 = CARTESIAN_POINT ( 'NONE',  ( -1.959264676252791659, 3.680000000000000160, -0.1798034213780571322 ) ) ;
#1718 = FILL_AREA_STYLE_COLOUR ( '', #4541 ) ;
#1719 = CARTESIAN_POINT ( 'NONE',  ( 1.294888873082746583, 3.629999999999999449, -0.1831965823983131847 ) ) ;
#1720 = CARTESIAN_POINT ( 'NONE',  ( -2.215741129423804967, 3.630000000000000338, 0.5215610000993452511 ) ) ;
#1721 = LINE ( 'NONE', #3251, #801 ) ;
#1722 = CARTESIAN_POINT ( 'NONE',  ( -2.501128082893667504, 3.629999999999999005, -0.4458511528336422391 ) ) ;
#1723 = CARTESIAN_POINT ( 'NONE',  ( -2.147740677925883634, 3.629999999999999449, -0.7437050135391845007 ) ) ;
#1724 = CARTESIAN_POINT ( 'NONE',  ( -2.724755552500727429, 3.629999999999999893, 0.2123662885608836037 ) ) ;
#1725 = CARTESIAN_POINT ( 'NONE',  ( -2.411443858641839189, 3.680000000000001936, 0.4836018124856032996 ) ) ;
#1726 = CARTESIAN_POINT ( 'NONE',  ( 1.159583446858470923, 3.629999999999999449, -0.1354927300369349330 ) ) ;
#1727 = FACE_OUTER_BOUND ( 'NONE', #4928, .T. ) ;
#1728 = VERTEX_POINT ( 'NONE', #3266 ) ;
#1729 = VERTEX_POINT ( 'NONE', #1287 ) ;
#1730 = CARTESIAN_POINT ( 'NONE',  ( -2.446178298239459092, 3.629999999999999449, -0.2081777331552921440 ) ) ;
#1731 = CARTESIAN_POINT ( 'NONE',  ( -2.034319498199139264, 3.680000000000000604, -0.07601320446763121241 ) ) ;
#1732 = CARTESIAN_POINT ( 'NONE',  ( 0.2815263201911104018, 3.629999999999999893, 0.05507090122515055641 ) ) ;
#1733 = CARTESIAN_POINT ( 'NONE',  ( 2.175870217402535278, 3.629999999999999449, -0.007312642577163001693 ) ) ;
#1734 = CARTESIAN_POINT ( 'NONE',  ( 0.8130563250922404617, 3.629999999999999005, -0.8692146474260492583 ) ) ;
#1735 = EDGE_CURVE ( 'NONE', #4317, #3999, #978, .T. ) ;
#1736 = ORIENTED_EDGE ( 'NONE', *, *, #6567, .F. ) ;
#1737 = CARTESIAN_POINT ( 'NONE',  ( -2.439999999999999947, -3.499999999999999556, 0.2149999999999999412 ) ) ;
#1738 = CARTESIAN_POINT ( 'NONE',  ( -2.172208273534007361, 3.630000000000000782, -0.2680191013020776780 ) ) ;
#1739 = CARTESIAN_POINT ( 'NONE',  ( 1.005718570725756766, 3.680000000000001492, -0.3577718649040553811 ) ) ;
#1740 = CARTESIAN_POINT ( 'NONE',  ( -2.226262903372974389, 3.679999999999999716, -0.7473905803220047828 ) ) ;
#1741 = CARTESIAN_POINT ( 'NONE',  ( -0.4997851963371088835, 3.679999999999997495, -0.9013068593308645182 ) ) ;
#1742 = CARTESIAN_POINT ( 'NONE',  ( -1.795675874948240658, 3.630000000000000338, -0.6110012066078391868 ) ) ;
#1743 =( NAMED_UNIT ( * ) SI_UNIT ( $, .STERADIAN. ) SOLID_ANGLE_UNIT ( ) );
#1744 = CARTESIAN_POINT ( 'NONE',  ( 1.795977620576195255, 3.680000000000000160, -0.9015159229775778771 ) ) ;
#1745 = CARTESIAN_POINT ( 'NONE',  ( 1.982374561403711155, 3.680000000000001492, -0.6878514479104985702 ) ) ;
#1746 = CARTESIAN_POINT ( 'NONE',  ( -1.864896345717588444, 3.629999999999999005, -0.1172372848205787271 ) ) ;
#1747 = FILL_AREA_STYLE ('',( #1718 ) ) ;
#1748 = CARTESIAN_POINT ( 'NONE',  ( -1.784270127126682981, 3.630000000000000338, -0.4641530383138203764 ) ) ;
#1749 = CARTESIAN_POINT ( 'NONE',  ( -1.338893028549337227, 3.680000000000000160, 0.6557291287823703296 ) ) ;
#1750 = CARTESIAN_POINT ( 'NONE',  ( 1.429138835789092843, 3.629999999999999893, -0.1331901202385291916 ) ) ;
#1751 =( NAMED_UNIT ( * ) PLANE_ANGLE_UNIT ( ) SI_UNIT ( $, .RADIAN. ) );
#1752 = CARTESIAN_POINT ( 'NONE',  ( 1.329540845767288593, 3.679999999999999716, -0.4812613761502044230 ) ) ;
#1753 = CARTESIAN_POINT ( 'NONE',  ( 2.030897060951781352, 3.680000000000000160, 0.4212972271129387658 ) ) ;
#1754 = DIRECTION ( 'NONE',  ( 0.0000000000000000000, 0.0000000000000000000, 1.000000000000000000 ) ) ;
#1755 = FILL_AREA_STYLE ('',( #1789 ) ) ;
#1756 = PLANE ( 'NONE',  #2504 ) ;
#1757 = ORIENTED_EDGE ( 'NONE', *, *, #5395, .F. ) ;
#1758 = CARTESIAN_POINT ( 'NONE',  ( -2.350156538711331233, 3.679999999999997051, -0.2965712653762402895 ) ) ;
#1759 = CARTESIAN_POINT ( 'NONE',  ( 1.429138835789092843, 3.679999999999999716, -0.1331901202385291916 ) ) ;
#1760 = CARTESIAN_POINT ( 'NONE',  ( -2.134146874797579141, 3.680000000000001048, -0.1075646159804556218 ) ) ;
#1761 = CARTESIAN_POINT ( 'NONE',  ( 1.800484832114657374, 3.630000000000000782, 0.5215610000993451401 ) ) ;
#1762 = CARTESIAN_POINT ( 'NONE',  ( -1.811532949895933386, 3.680000000000001492, -0.3739179414241479149 ) ) ;
#1763 = CARTESIAN_POINT ( 'NONE',  ( 1.143337450741826355, 3.679999999999998828, -0.3665578894240122398 ) ) ;
#1764 = ORIENTED_EDGE ( 'NONE', *, *, #6008, .T. ) ;
#1765 = CARTESIAN_POINT ( 'NONE',  ( -2.505995605787725289, 3.680000000000001048, 0.01052934068867093266 ) ) ;
#1766 = ORIENTED_EDGE ( 'NONE', *, *, #1052, .T. ) ;
#1767 = CARTESIAN_POINT ( 'NONE',  ( -1.720743917732169503, 3.680000000000000160, 0.3262420410986950348 ) ) ;
#1768 = CARTESIAN_POINT ( 'NONE',  ( 0.9320785638532449457, 3.679999999999998828, -0.5707513266498392968 ) ) ;
#1769 = PRODUCT_DEFINITION_CONTEXT ( 'detailed design', #5896, 'design' ) ;
#1770 = CARTESIAN_POINT ( 'NONE',  ( -0.5072074755776505572, 3.629999999999999893, -0.7476697691314242444 ) ) ;
#1771 = CARTESIAN_POINT ( 'NONE',  ( 1.901170091495508530, 3.630000000000000338, 0.6638967874564071225 ) ) ;
#1772 = EDGE_CURVE ( 'NONE', #3364, #3896, #3865, .T. ) ;
#1773 = CARTESIAN_POINT ( 'NONE',  ( 1.566966986105657433, 3.630000000000000782, 0.6122724346331112066 ) ) ;
#1774 = CARTESIAN_POINT ( 'NONE',  ( 1.429232463373130146, 3.679999999999999272, -0.1722754738825201803 ) ) ;
#1775 = B_SPLINE_SURFACE_WITH_KNOTS ( 'NONE', 3, 1, ( 
 ( #4752, #5260 ),
 ( #5391, #6360 ),
 ( #300, #1795 ),
 ( #3830, #1311 ),
 ( #703, #773 ),
 ( #2313, #4355 ),
 ( #1829, #4249 ),
 ( #1212, #6423 ),
 ( #1855, #3893 ),
 ( #5934, #3228 ),
 ( #667, #838 ),
 ( #1417, #351 ),
 ( #2949, #5429 ),
 ( #2480, #892 ),
 ( #2379, #5553 ),
 ( #2413, #6568 ),
 ( #1976, #325 ),
 ( #3984, #5966 ),
 ( #4507, #4447 ),
 ( #1886, #1448 ),
 ( #4046, #3453 ),
 ( #6477, #3427 ),
 ( #5494, #445 ) ),
 .UNSPECIFIED., .F., .F., .F.,
 ( 4, 1, 1, 1, 1, 1, 1, 1, 1, 1, 1, 1, 1, 1, 1, 1, 1, 1, 1, 1, 4 ),
 ( 2, 2 ),
 ( 0.0000000000000000000, 0.07295106587586656921, 0.1415836941865450671, 0.2059264601708669651, 0.2653013571846053464, 0.3205972327139281486, 0.3718165030988102027, 0.4187897697094519200, 0.4616987286157646087, 0.5021335821035654012, 0.5408043152926481634, 0.5781805253279662660, 0.6142968652075146974, 0.6496782432647871808, 0.6842994600896377122, 0.7183589527723606150, 0.7520808646475963810, 0.8176524386023850122, 0.8797220764054366482, 0.9399655597309871657, 1.000000000000000000 ),
 ( 0.0000000000000000000, 1.000000000000000000 ),
 .UNSPECIFIED. ) ;
#1776 = CARTESIAN_POINT ( 'NONE',  ( -2.524463599955291571, 3.629999999999999893, -0.2602945532917109728 ) ) ;
#1777 = VECTOR ( 'NONE', #1840, 1000.000000000000000 ) ;
#1778 = CARTESIAN_POINT ( 'NONE',  ( -2.439999999999999947, 0.05000000000000000278, -0.3000000000000000999 ) ) ;
#1779 = CARTESIAN_POINT ( 'NONE',  ( -1.838383481086142357, 3.630000000000000782, -0.09506657707821634939 ) ) ;
#1780 = CARTESIAN_POINT ( 'NONE',  ( -0.3628067276316220835, 3.679999999999996607, -0.7112136031175656514 ) ) ;
#1781 = CARTESIAN_POINT ( 'NONE',  ( -2.697762507912154106, 3.680000000000000160, 0.06290958720000432158 ) ) ;
#1782 = CARTESIAN_POINT ( 'NONE',  ( 1.429090601345426537, 3.629999999999999893, -0.1130543845160394689 ) ) ;
#1783 = FILL_AREA_STYLE ('',( #1682 ) ) ;
#1784 = LINE ( 'NONE', #1238, #4674 ) ;
#1785 = CARTESIAN_POINT ( 'NONE',  ( 2.066855970932293562, 3.679999999999999716, 0.3767878714466541545 ) ) ;
#1786 = CARTESIAN_POINT ( 'NONE',  ( 2.209702136222441382, 3.629999999999998561, 0.4158690181570808275 ) ) ;
#1787 = CARTESIAN_POINT ( 'NONE',  ( 2.439999999999999947, -3.499999999999999556, 0.0000000000000000000 ) ) ;
#1788 = SURFACE_STYLE_FILL_AREA ( #3855 ) ;
#1789 = FILL_AREA_STYLE_COLOUR ( '', #5951 ) ;
#1790 = ORIENTED_EDGE ( 'NONE', *, *, #6433, .T. ) ;
#1791 = B_SPLINE_SURFACE_WITH_KNOTS ( 'NONE', 3, 1, ( 
 ( #496, #4889 ),
 ( #3431, #3544 ),
 ( #6076, #3360 ),
 ( #1385, #5466 ),
 ( #5575, #5431 ),
 ( #982, #5067 ),
 ( #6598, #2028 ),
 ( #5361, #5936 ),
 ( #2816, #1344 ),
 ( #841, #1536 ),
 ( #3067, #5172 ),
 ( #548, #2600 ),
 ( #5106, #36 ),
 ( #2667, #143 ),
 ( #1572, #624 ) ),
 .UNSPECIFIED., .F., .F., .F.,
 ( 4, 1, 1, 1, 1, 1, 1, 1, 1, 1, 1, 1, 4 ),
 ( 2, 2 ),
 ( 0.0000000000000000000, 0.08940971111013541750, 0.1763057644831057535, 0.2626259021834186913, 0.3494457264756541948, 0.4354982637429555825, 0.5189281301037151906, 0.6013546565787410980, 0.6842564217184169406, 0.7658067397968333356, 0.8448768657103882251, 0.9222797948488749009, 1.000000000000000000 ),
 ( 0.0000000000000000000, 1.000000000000000000 ),
 .UNSPECIFIED. ) ;
#1792 = EDGE_LOOP ( 'NONE', ( #13, #4295, #4287, #797 ) ) ;
#1793 = CARTESIAN_POINT ( 'NONE',  ( -2.399712439255192287, 3.630000000000000338, -0.3252029619390430226 ) ) ;
#1794 = CARTESIAN_POINT ( 'NONE',  ( 1.532045718837719672, 3.630000000000000338, -0.6012999545053011596 ) ) ;
#1795 = CARTESIAN_POINT ( 'NONE',  ( 1.429241145790109080, 3.679999999999995275, -0.05413492297189157615 ) ) ;
#1796 = EDGE_CURVE ( 'NONE', #3151, #804, #4325, .T. ) ;
#1797 = CARTESIAN_POINT ( 'NONE',  ( 0.2753949919439548366, 3.630000000000000338, -0.05413492297189157615 ) ) ;
#1798 = COLOUR_RGB ( '',0.7686274509803920907, 0.7686274509803920907, 0.7686274509803920907 ) ;
#1799 = MECHANICAL_DESIGN_GEOMETRIC_PRESENTATION_REPRESENTATION (  '', ( #3598 ), #3820 ) ;
#1800 = CARTESIAN_POINT ( 'NONE',  ( 1.294475216730041733, 3.680000000000000160, -0.1124534229775779742 ) ) ;
#1801 = ORIENTED_EDGE ( 'NONE', *, *, #1154, .T. ) ;
#1802 = DIRECTION ( 'NONE',  ( 0.0000000000000000000, 1.000000000000000000, 0.0000000000000000000 ) ) ;
#1803 = CARTESIAN_POINT ( 'NONE',  ( 0.8571643443391228079, 3.680000000000000160, -0.6649389182869537285 ) ) ;
#1804 = CARTESIAN_POINT ( 'NONE',  ( -2.448490725218204656, 3.679999999999999272, -0.6614327654149808611 ) ) ;
#1805 =( GEOMETRIC_REPRESENTATION_CONTEXT ( 3 ) GLOBAL_UNCERTAINTY_ASSIGNED_CONTEXT ( ( #3165 ) ) GLOBAL_UNIT_ASSIGNED_CONTEXT ( ( #5974, #6455, #1390 ) ) REPRESENTATION_CONTEXT ( 'NONE', 'WORKASPACE' ) );
#1806 = CARTESIAN_POINT ( 'NONE',  ( 1.458526696904776543, 3.630000000000001670, 0.5194846612542903808 ) ) ;
#1807 = CARTESIAN_POINT ( 'NONE',  ( 1.597090279115944922, 3.680000000000001492, 0.6291298927570958543 ) ) ;
#1808 = PRESENTATION_LAYER_ASSIGNMENT (  '', '', ( #4553 ) ) ;
#1809 = CARTESIAN_POINT ( 'NONE',  ( 1.435237865696624482, 3.679999999999998828, -0.2817076304389611319 ) ) ;
#1810 = CARTESIAN_POINT ( 'NONE',  ( 0.9320785638532449457, 3.629999999999998561, -0.5707513266498392968 ) ) ;
#1811 = AXIS2_PLACEMENT_3D ( 'NONE', #1942, #885, #2939 ) ;
#1812 = CARTESIAN_POINT ( 'NONE',  ( 1.429090601345426537, 3.680000000000001048, -0.1130543845160394689 ) ) ;
#1813 = SURFACE_SIDE_STYLE ('',( #6382 ) ) ;
#1814 = CARTESIAN_POINT ( 'NONE',  ( 1.412406028305625449, 3.629999999999999893, -0.6823670154693968204 ) ) ;
#1815 = B_SPLINE_CURVE_WITH_KNOTS ( 'NONE', 3,
 ( #2385, #3864, #3304, #3265, #4801, #5336, #1426, #1456, #5021, #3734, #4248 ),
 .UNSPECIFIED., .F., .F.,
 ( 4, 1, 1, 1, 1, 1, 1, 1, 4 ),
 ( 0.0000000000000000000, 0.1105883385953362469, 0.2245417540535959433, 0.3425034940501039959, 0.4643240984173578889, 0.5907560327017664648, 0.7222274753555143478, 0.8588428362087241474, 0.9999999999999998890 ),
 .UNSPECIFIED. ) ;
#1816 = EDGE_CURVE ( 'NONE', #1034, #4118, #6402, .T. ) ;
#1817 = CARTESIAN_POINT ( 'NONE',  ( -0.9978029477071220787, 3.679999999999998384, -0.3747200097270572683 ) ) ;
#1818 = CARTESIAN_POINT ( 'NONE',  ( 0.6466386782685031864, 3.629999999999999893, -0.7476697691314242444 ) ) ;
#1819 = DIRECTION ( 'NONE',  ( -1.000000000000000000, -1.032952017841874519E-13, 0.0000000000000000000 ) ) ;
#1820 = CARTESIAN_POINT ( 'NONE',  ( 1.309889359985185298, 3.680000000000001048, -0.3747200097270574348 ) ) ;
#1821 = CARTESIAN_POINT ( 'NONE',  ( 1.800484832114657374, 3.680000000000001048, 0.5215610000993451401 ) ) ;
#1822 = DIRECTION ( 'NONE',  ( 0.0000000000000000000, 1.000000000000000000, 0.0000000000000000000 ) ) ;
#1823 =( NAMED_UNIT ( * ) SI_UNIT ( $, .STERADIAN. ) SOLID_ANGLE_UNIT ( ) );
#1824 = B_SPLINE_SURFACE_WITH_KNOTS ( 'NONE', 3, 1, ( 
 ( #5445, #19 ),
 ( #3669, #4150 ),
 ( #533, #5628 ),
 ( #5157, #1525 ),
 ( #1073, #562 ),
 ( #2586, #3563 ),
 ( #1002, #5700 ),
 ( #2619, #2074 ),
 ( #6068, #4117 ),
 ( #4583, #1490 ),
 ( #4086, #4612 ),
 ( #4653, #5565 ),
 ( #5196, #61 ),
 ( #6583, #6153 ),
 ( #1599, #3633 ),
 ( #1110, #967 ),
 ( #6547, #5662 ),
 ( #6187, #6619 ),
 ( #2107, #1629 ),
 ( #3157, #2520 ),
 ( #606, #3049 ),
 ( #2658, #3089 ),
 ( #3533, #1989 ) ),
 .UNSPECIFIED., .F., .F., .F.,
 ( 4, 1, 1, 1, 1, 1, 1, 1, 1, 1, 1, 1, 1, 1, 1, 1, 1, 1, 1, 1, 4 ),
 ( 2, 2 ),
 ( 0.0000000000000000000, 0.07295106587586659697, 0.1415836941865451504, 0.2059264601708670761, 0.2653013571846054575, 0.3205972327139284261, 0.3718165030988104802, 0.4187897697094520866, 0.4616987286157646087, 0.5021335821035656233, 0.5408043152926482744, 0.5781805253279663770, 0.6142968652075148084, 0.6496782432647875138, 0.6842994600896377122, 0.7183589527723610590, 0.7520808646475968251, 0.8176524386023859003, 0.8797220764054376474, 0.9399655597309876098, 1.000000000000000000 ),
 ( 0.0000000000000000000, 1.000000000000000000 ),
 .UNSPECIFIED. ) ;
#1825 = EDGE_LOOP ( 'NONE', ( #5461, #4891, #2955, #1557 ) ) ;
#1826 = FACE_OUTER_BOUND ( 'NONE', #4613, .T. ) ;
#1827 = CARTESIAN_POINT ( 'NONE',  ( 1.429232463373130146, 3.629999999999999005, -0.1722754738825201803 ) ) ;
#1828 = B_SPLINE_SURFACE_WITH_KNOTS ( 'NONE', 3, 1, ( 
 ( #1054, #1612 ),
 ( #6630, #6198 ),
 ( #3133, #1124 ),
 ( #5170, #2597 ),
 ( #980, #577 ),
 ( #2089, #3025 ),
 ( #1995, #4628 ),
 ( #5065, #3649 ),
 ( #2632, #2052 ),
 ( #511, #3099 ),
 ( #3064, #6130 ) ),
 .UNSPECIFIED., .F., .F., .F.,
 ( 4, 1, 1, 1, 1, 1, 1, 1, 4 ),
 ( 2, 2 ),
 ( 0.0000000000000000000, 0.1261777183170036398, 0.2488206074857944872, 0.3715399692351531447, 0.4999837069108847287, 0.6272441978753720004, 0.7492255210762668316, 0.8722979504176522347, 1.000000000000000000 ),
 ( 0.0000000000000000000, 1.000000000000000000 ),
 .UNSPECIFIED. ) ;
#1829 = CARTESIAN_POINT ( 'NONE',  ( 1.446705722199193023, 3.630000000000000338, 0.1491009936429824323 ) ) ;
#1830 =( NAMED_UNIT ( * ) SI_UNIT ( $, .STERADIAN. ) SOLID_ANGLE_UNIT ( ) );
#1831 = EDGE_LOOP ( 'NONE', ( #1317, #4935, #5962, #4978 ) ) ;
#1832 = CARTESIAN_POINT ( 'NONE',  ( 0.2753863095269755701, 3.629999999999999893, -0.1722754738825201248 ) ) ;
#1833 = UNCERTAINTY_MEASURE_WITH_UNIT (LENGTH_MEASURE( 1.000000000000000082E-05 ), #569, 'distance_accuracy_value', 'NONE');
#1834 = CARTESIAN_POINT ( 'NONE',  ( -2.359217658704392484, 3.680000000000000604, -0.7210706991617041872 ) ) ;
#1835 = PRESENTATION_STYLE_ASSIGNMENT (( #3899 ) ) ;
#1836 = CARTESIAN_POINT ( 'NONE',  ( 1.294887235605714171, 3.680000000000002380, -0.04221051877335942060 ) ) ;
#1837 = CARTESIAN_POINT ( 'NONE',  ( -3.249999999999999556, 0.5000000000000000000, 2.500000000000000444 ) ) ;
#1838 = B_SPLINE_CURVE_WITH_KNOTS ( 'NONE', 3,
 ( #4312, #5798, #4241, #3320, #695, #4344, #6319, #5383, #2240, #2270, #659, #191, #4283, #6288, #2804, #1723, #5825, #5321, #255 ),
 .UNSPECIFIED., .F., .F.,
 ( 4, 1, 1, 1, 1, 1, 1, 1, 1, 1, 1, 1, 1, 1, 1, 1, 4 ),
 ( 0.0000000000000000000, 0.05090243768365524529, 0.1010340427826156157, 0.1510838170086599708, 0.2030619875551391285, 0.2562484343627556838, 0.3108467145046019398, 0.3687690999693262195, 0.4300150403860049653, 0.4925196472738483933, 0.5560487215256779692, 0.6219956829149515531, 0.6901923690829543379, 0.7613848549885006145, 0.8363562199507224015, 0.9154870053271091379, 1.000000000000000000 ),
 .UNSPECIFIED. ) ;
#1839 = CARTESIAN_POINT ( 'NONE',  ( 2.110829782753117279, 3.679999999999999716, 0.2949889125815164936 ) ) ;
#1840 = DIRECTION ( 'NONE',  ( 1.000000000000000000, 0.0000000000000000000, 0.0000000000000000000 ) ) ;
#1841 = LINE ( 'NONE', #2997, #6467 ) ;
#1842 = CARTESIAN_POINT ( 'NONE',  ( 0.006013678268503453578, 3.680000000000000160, -0.1124534229775779742 ) ) ;
#1843 = CARTESIAN_POINT ( 'NONE',  ( -1.454116325931278819, 3.680000000000000604, 0.5557545880812321260 ) ) ;
#1844 = CARTESIAN_POINT ( 'NONE',  ( 1.446406019123311459, 3.629999999999999449, -0.3759940567165692138 ) ) ;
#1845 = CARTESIAN_POINT ( 'NONE',  ( -2.429928666295170903, 3.629999999999999893, -0.8500155030044750371 ) ) ;
#1846 = FACE_OUTER_BOUND ( 'NONE', #4991, .T. ) ;
#1847 = CARTESIAN_POINT ( 'NONE',  ( -0.1356148659961414205, 3.629999999999999893, -0.2670601040317101549 ) ) ;
#1848 = CARTESIAN_POINT ( 'NONE',  ( 1.017417857863561537, 3.629999999999998561, 0.04287580767244306840 ) ) ;
#1849 = EDGE_CURVE ( 'NONE', #3334, #2140, #4569, .T. ) ;
#1850 = DIRECTION ( 'NONE',  ( 0.0000000000000000000, 0.0000000000000000000, 1.000000000000000000 ) ) ;
#1851 = ORIENTED_EDGE ( 'NONE', *, *, #4694, .F. ) ;
#1852 = CARTESIAN_POINT ( 'NONE',  ( -1.881991432876809922, 3.679999999999998384, 0.05834736846272516042 ) ) ;
#1853 = CARTESIAN_POINT ( 'NONE',  ( -1.706509790942744687, 3.630000000000001226, 0.2430743724875501222 ) ) ;
#1854 = CARTESIAN_POINT ( 'NONE',  ( -2.618113986730316700, 3.630000000000000782, -0.3794221892671238994 ) ) ;
#1855 = CARTESIAN_POINT ( 'NONE',  ( 1.463529241100720801, 3.629999999999997673, 0.2282353880053845097 ) ) ;
#1856 = CARTESIAN_POINT ( 'NONE',  ( -1.378709747198519908, 3.680000000000000604, 0.6475004796393282192 ) ) ;
#1857 = CARTESIAN_POINT ( 'NONE',  ( 0.8571643443391228079, 3.629999999999999893, -0.6649389182869537285 ) ) ;
#1858 = CARTESIAN_POINT ( 'NONE',  ( -1.206986351307053118, 3.630000000000000782, 0.5062563393353259888 ) ) ;
#1859 = VERTEX_POINT ( 'NONE', #5050 ) ;
#1860 = CARTESIAN_POINT ( 'NONE',  ( 0.2780139912995029938, 3.629999999999999449, -0.2288744940549597706 ) ) ;
#1861 = CARTESIAN_POINT ( 'NONE',  ( -0.7191194892551165951, 3.629999999999999449, -0.6653433644798518731 ) ) ;
#1862 = DIRECTION ( 'NONE',  ( 0.0000000000000000000, 0.0000000000000000000, -1.000000000000000000 ) ) ;
#1863 = LINE ( 'NONE', #3900, #6548 ) ;
#1864 = CARTESIAN_POINT ( 'NONE',  ( -1.879412938462171834, 3.629999999999999449, 0.3503299566142772381 ) ) ;
#1865 = CARTESIAN_POINT ( 'NONE',  ( -0.3730386307189619277, 3.629999999999998561, 0.6545537366480596031 ) ) ;
#1866 = CARTESIAN_POINT ( 'NONE',  ( 1.898767742108139034, 3.629999999999999005, 0.5063086653902783008 ) ) ;
#1867 = ADVANCED_FACE ( 'NONE', ( #1486, #6002 ), #4957, .T. ) ;
#1868 = PRODUCT_RELATED_PRODUCT_CATEGORY ( 'part', '', ( #6507 ) ) ;
#1869 = CARTESIAN_POINT ( 'NONE',  ( -0.2185474678327686271, 3.680000000000001048, 0.5681031572849438716 ) ) ;
#1870 = DIRECTION ( 'NONE',  ( 0.0000000000000000000, 1.000000000000000000, 0.0000000000000000000 ) ) ;
#1871 = CARTESIAN_POINT ( 'NONE',  ( -1.904781917844940331, 3.680000000000000604, -0.7864445788490245226 ) ) ;
#1872 = CARTESIAN_POINT ( 'NONE',  ( 1.143337450741826355, 3.680000000000001492, -0.3665578894240122398 ) ) ;
#1873 = FACE_OUTER_BOUND ( 'NONE', #3557, .T. ) ;
#1874 = DIRECTION ( 'NONE',  ( -0.0000000000000000000, 1.000000000000000000, -0.0000000000000000000 ) ) ;
#1875 = VECTOR ( 'NONE', #1548, 1000.000000000000000 ) ;
#1876 = CARTESIAN_POINT ( 'NONE',  ( -1.338883512710896895, 3.680000000000001048, 0.4066563398990388212 ) ) ;
#1877 = CARTESIAN_POINT ( 'NONE',  ( 0.5061596117295695807, 3.679999999999997939, 0.6550021155792764560 ) ) ;
#1878 = SURFACE_SIDE_STYLE ('',( #6077 ) ) ;
#1879 =( NAMED_UNIT ( * ) SI_UNIT ( $, .STERADIAN. ) SOLID_ANGLE_UNIT ( ) );
#1880 = CARTESIAN_POINT ( 'NONE',  ( 1.795977620576195255, 3.680000000000000160, -0.9015159229775778771 ) ) ;
#1881 = B_SPLINE_CURVE_WITH_KNOTS ( 'NONE', 3,
 ( #2560, #1910, #2041, #4085, #1072, #6120, #6497, #5627, #2436, #5661, #4467 ),
 .UNSPECIFIED., .F., .F.,
 ( 4, 1, 1, 1, 1, 1, 1, 1, 4 ),
 ( 0.0000000000000000000, 0.1261777183170036398, 0.2488206074857944872, 0.3715399692351531447, 0.4999837069108847287, 0.6272441978753720004, 0.7492255210762668316, 0.8722979504176522347, 1.000000000000000000 ),
 .UNSPECIFIED. ) ;
#1882 = ORIENTED_EDGE ( 'NONE', *, *, #5952, .F. ) ;
#1883 = EDGE_CURVE ( 'NONE', #804, #534, #56, .T. ) ;
#1884 = CARTESIAN_POINT ( 'NONE',  ( 0.6421314667300419554, 3.629999999999999893, 0.6754071539454989948 ) ) ;
#1885 = CARTESIAN_POINT ( 'NONE',  ( 1.435237865696624482, 3.679999999999998384, -0.2817076304389611319 ) ) ;
#1886 = CARTESIAN_POINT ( 'NONE',  ( 1.702201282828607498, 3.630000000000000782, 0.5060575432019169817 ) ) ;
#1887 =( GEOMETRIC_REPRESENTATION_CONTEXT ( 3 ) GLOBAL_UNCERTAINTY_ASSIGNED_CONTEXT ( ( #2380 ) ) GLOBAL_UNIT_ASSIGNED_CONTEXT ( ( #2497, #979, #377 ) ) REPRESENTATION_CONTEXT ( 'NONE', 'WORKASPACE' ) );
#1888 = CARTESIAN_POINT ( 'NONE',  ( 1.474455677329439274, 3.630000000000001670, 0.2623444497358973782 ) ) ;
#1889 = CARTESIAN_POINT ( 'NONE',  ( 1.392021116409806636, 3.630000000000001226, -0.6480204730380644262 ) ) ;
#1890 = CARTESIAN_POINT ( 'NONE',  ( 1.998589510786530132, 3.680000000000000160, -0.8546058829506907317 ) ) ;
#1891 =( LENGTH_UNIT ( ) NAMED_UNIT ( * ) SI_UNIT ( .MILLI., .METRE. ) );
#1892 = DIRECTION ( 'NONE',  ( -0.0000000000000000000, 1.000000000000000000, -0.0000000000000000000 ) ) ;
#1893 = MECHANICAL_DESIGN_GEOMETRIC_PRESENTATION_REPRESENTATION (  '', ( #5520 ), #1243 ) ;
#1894 = EDGE_LOOP ( 'NONE', ( #5226, #3300, #1973, #5905 ) ) ;
#1895 = VERTEX_POINT ( 'NONE', #332 ) ;
#1896 = CARTESIAN_POINT ( 'NONE',  ( -2.030871645394669134, 3.680000000000000160, -0.3194240659811376504 ) ) ;
#1897 = CARTESIAN_POINT ( 'NONE',  ( -0.5072074755776505572, 3.680000000000000160, -0.7476697691314242444 ) ) ;
#1898 = CARTESIAN_POINT ( 'NONE',  ( 2.030077425402637470, 3.679999999999999716, 0.6104187710414505919 ) ) ;
#1899 = MECHANICAL_DESIGN_GEOMETRIC_PRESENTATION_REPRESENTATION (  '', ( #2317 ), #6145 ) ;
#1900 = CARTESIAN_POINT ( 'NONE',  ( 1.297947799192470164, 3.680000000000003268, 0.02543742790927546252 ) ) ;
#1901 = CARTESIAN_POINT ( 'NONE',  ( -1.967950727819316903, 3.630000000000001226, 0.4491599537631996708 ) ) ;
#1902 = CARTESIAN_POINT ( 'NONE',  ( 0.5007724193852303163, 3.680000000000001048, -0.7113250861540983960 ) ) ;
#1903 = MECHANICAL_DESIGN_GEOMETRIC_PRESENTATION_REPRESENTATION (  '', ( #5313 ), #1805 ) ;
#1904 = AXIS2_PLACEMENT_3D ( 'NONE', #4133, #4069, #5606 ) ;
#1905 = FILL_AREA_STYLE ('',( #1362 ) ) ;
#1906 = CARTESIAN_POINT ( 'NONE',  ( -0.3407898287539133930, 3.630000000000000338, -0.8692146474260489253 ) ) ;
#1907 = CARTESIAN_POINT ( 'NONE',  ( -1.782447860193035138, 3.679999999999999716, -0.5123933268237318428 ) ) ;
#1908 = COLOUR_RGB ( '',0.7686274509803920907, 0.7686274509803920907, 0.7686274509803920907 ) ;
#1909 = CARTESIAN_POINT ( 'NONE',  ( 1.122222490350509361, 3.680000000000001936, -0.4725566460590626128 ) ) ;
#1910 = CARTESIAN_POINT ( 'NONE',  ( -1.206037183589450557, 3.629999999999999893, 0.5394235260415090050 ) ) ;
#1911 = AXIS2_PLACEMENT_3D ( 'NONE', #3477, #6044, #5517 ) ;
#1912 = CARTESIAN_POINT ( 'NONE',  ( -1.455069597874754539, 3.680000000000001048, 0.5227123648656802901 ) ) ;
#1913 = CARTESIAN_POINT ( 'NONE',  ( 0.5724086963628061131, 3.629999999999999893, 0.6707358758521786424 ) ) ;
#1914 = CARTESIAN_POINT ( 'NONE',  ( 0.9729757683119849565, 3.629999999999999893, 0.2506648068115773786 ) ) ;
#1915 = CARTESIAN_POINT ( 'NONE',  ( -2.448490725218204656, 3.679999999999999272, -0.6614327654149808611 ) ) ;
#1916 = CARTESIAN_POINT ( 'NONE',  ( -1.733206565851625580, 3.630000000000000338, 0.3659948228766123357 ) ) ;
#1917 = MECHANICAL_DESIGN_GEOMETRIC_PRESENTATION_REPRESENTATION (  '', ( #727 ), #1040 ) ;
#1918 = ORIENTED_EDGE ( 'NONE', *, *, #1526, .F. ) ;
#1919 = B_SPLINE_CURVE_WITH_KNOTS ( 'NONE', 3,
 ( #200, #2851, #1246, #6298, #1283, #3329, #159, #3860, #5807, #2248, #5869, #4290, #1731, #6329, #5834, #1760, #5291, #3794, #740 ),
 .UNSPECIFIED., .F., .F.,
 ( 4, 1, 1, 1, 1, 1, 1, 1, 1, 1, 1, 1, 1, 1, 1, 1, 4 ),
 ( 0.0000000000000000000, 0.05733942592015886519, 0.1130633316232408647, 0.1691814487493786545, 0.2257745596549406708, 0.2838263038920841308, 0.3434542790864921757, 0.4059069615102774420, 0.4713922597696836303, 0.5380028337126935289, 0.6030635561963494373, 0.6676018307634223881, 0.7322254428169061580, 0.7970048098289858052, 0.8630479900344344424, 0.9303569870570447264, 1.000000000000000000 ),
 .UNSPECIFIED. ) ;
#1920 = CARTESIAN_POINT ( 'NONE',  ( -1.840528388685476191, 3.679999999999999272, 0.1925177579791082505 ) ) ;
#1921 = CARTESIAN_POINT ( 'NONE',  ( -3.249999999999999112, 3.680000000000000160, 0.0000000000000000000 ) ) ;
#1922 = DIRECTION ( 'NONE',  ( -0.0000000000000000000, 1.000000000000000000, -0.0000000000000000000 ) ) ;
#1923 = CARTESIAN_POINT ( 'NONE',  ( -2.087681621405824473, 3.680000000000001048, -0.7302570003594037740 ) ) ;
#1924 = CARTESIAN_POINT ( 'NONE',  ( -0.1716884081774001924, 3.680000000000000160, 0.2234891935643790462 ) ) ;
#1925 = ORIENTED_EDGE ( 'NONE', *, *, #3115, .F. ) ;
#1926 = CARTESIAN_POINT ( 'NONE',  ( -2.583761897486414050, 3.679999999999999716, 0.1529145278306952016 ) ) ;
#1927 = SURFACE_STYLE_FILL_AREA ( #4421 ) ;
#1928 = DIRECTION ( 'NONE',  ( -0.0000000000000000000, -1.000000000000000000, -0.0000000000000000000 ) ) ;
#1929 = CARTESIAN_POINT ( 'NONE',  ( 0.1406290628838879619, 3.680000000000000160, -0.1124534229775779742 ) ) ;
#1930 = CARTESIAN_POINT ( 'NONE',  ( -0.5072074755776505572, 3.629999999999999005, 0.5215610000993451401 ) ) ;
#1931 = CARTESIAN_POINT ( 'NONE',  ( -0.3084544866860521317, 3.630000000000000338, 0.6280818497790877641 ) ) ;
#1932 = CARTESIAN_POINT ( 'NONE',  ( -2.590140167885343292, 3.629999999999999005, 0.2168735000993451401 ) ) ;
#1933 = CARTESIAN_POINT ( 'NONE',  ( -0.4409135264922751651, 3.679999999999996607, 0.6703570112509498191 ) ) ;
#1934 = CARTESIAN_POINT ( 'NONE',  ( -1.322171835195826706, 3.680000000000001048, 0.4066727418660643911 ) ) ;
#1935 = CARTESIAN_POINT ( 'NONE',  ( -0.5117146871161122323, 3.629999999999999893, -0.9015159229775778771 ) ) ;
#1936 = CARTESIAN_POINT ( 'NONE',  ( 0.9352986860133853941, 3.680000000000000604, 0.5681031572849434275 ) ) ;
#1937 =( NAMED_UNIT ( * ) PLANE_ANGLE_UNIT ( ) SI_UNIT ( $, .RADIAN. ) );
#1938 = CARTESIAN_POINT ( 'NONE',  ( 1.967187799571705309, 3.629999999999998561, 0.6423244333718793886 ) ) ;
#1939 = ADVANCED_FACE ( 'NONE', ( #4992 ), #3146, .T. ) ;
#1940 = CARTESIAN_POINT ( 'NONE',  ( 0.4145483674295716847, 3.680000000000000160, -0.6458920270262251684 ) ) ;
#1941 = CARTESIAN_POINT ( 'NONE',  ( -2.647131579535740187, 3.679999999999999716, -0.5325847254708087064 ) ) ;
#1942 = CARTESIAN_POINT ( 'NONE',  ( -3.249999999999998668, 3.180000000000000160, 1.399999999999999689 ) ) ;
#1943 = CARTESIAN_POINT ( 'NONE',  ( -1.840140167885343070, 3.680000000000000604, 0.2027509039454990225 ) ) ;
#1944 =( NAMED_UNIT ( * ) SI_UNIT ( $, .STERADIAN. ) SOLID_ANGLE_UNIT ( ) );
#1945 = SURFACE_STYLE_FILL_AREA ( #2882 ) ;
#1946 = ORIENTED_EDGE ( 'NONE', *, *, #5253, .F. ) ;
#1947 = EDGE_LOOP ( 'NONE', ( #3585, #1395, #3410, #4927 ) ) ;
#1948 = CARTESIAN_POINT ( 'NONE',  ( -1.840140167885342848, 3.679999999999999272, 0.2027509039454989948 ) ) ;
#1949 = CARTESIAN_POINT ( 'NONE',  ( -2.590512205924369926, 3.680000000000000160, -0.7054245817841691135 ) ) ;
#1950 = CARTESIAN_POINT ( 'NONE',  ( 1.760819200035123933, 3.680000000000000160, -0.9009257655664468789 ) ) ;
#1951 = ADVANCED_FACE ( 'NONE', ( #6213 ), #491, .T. ) ;
#1952 = CARTESIAN_POINT ( 'NONE',  ( 0.8133416457255524534, 3.630000000000000782, 0.6423244333718797217 ) ) ;
#1953 = ORIENTED_EDGE ( 'NONE', *, *, #6574, .T. ) ;
#1954 = CARTESIAN_POINT ( 'NONE',  ( -1.976512947793773733, 3.680000000000000604, -0.3673662582495010875 ) ) ;
#1955 = CARTESIAN_POINT ( 'NONE',  ( -0.8204698569020218990, 3.680000000000001492, -0.5201775989611073792 ) ) ;
#1956 = B_SPLINE_CURVE_WITH_KNOTS ( 'NONE', 3,
 ( #6035, #2491, #398, #4519, #1902, #3534, #3409, #5981, #1394, #6435, #876, #3438, #969, #6549, #5477, #6491, #5446, #851, #2900, #2584, #2559, #3632, #3121 ),
 .UNSPECIFIED., .F., .F.,
 ( 4, 1, 1, 1, 1, 1, 1, 1, 1, 1, 1, 1, 1, 1, 1, 1, 1, 1, 1, 1, 4 ),
 ( 0.0000000000000000000, 0.06038661931106212993, 0.1208832485859957645, 0.1827546186251392812, 0.2478110297583511756, 0.2812991000432487620, 0.3150876241506569420, 0.3497023955502751580, 0.3848565811185553076, 0.4209661972261021790, 0.4585111882611387357, 0.4971747221273119521, 0.5376020478662691948, 0.5805030184200115073, 0.6274675400267044623, 0.6783882095592432826, 0.7339832205925603814, 0.7937467045508347363, 0.8577136721607320213, 0.9266978643613859035, 1.000000000000000000 ),
 .UNSPECIFIED. ) ;
#1957 = CARTESIAN_POINT ( 'NONE',  ( -2.429928666295170903, 3.629999999999999893, -0.8500155030044750371 ) ) ;
#1958 =( NAMED_UNIT ( * ) SI_UNIT ( $, .STERADIAN. ) SOLID_ANGLE_UNIT ( ) );
#1959 =( LENGTH_UNIT ( ) NAMED_UNIT ( * ) SI_UNIT ( .MILLI., .METRE. ) );
#1960 = CARTESIAN_POINT ( 'NONE',  ( -0.1912600742176329971, 3.630000000000000338, 0.5427442978721668254 ) ) ;
#1961 = CARTESIAN_POINT ( 'NONE',  ( 0.9320785638532449457, 3.629999999999998561, -0.5707513266498392968 ) ) ;
#1962 = EDGE_CURVE ( 'NONE', #4478, #3030, #813, .T. ) ;
#1963 = CARTESIAN_POINT ( 'NONE',  ( 1.945837857857680708, 3.680000000000001492, 0.4863931484772729408 ) ) ;
#1964 = CARTESIAN_POINT ( 'NONE',  ( 0.6778085262415839418, 3.680000000000000160, 0.6748878034458535291 ) ) ;
#1965 = VERTEX_POINT ( 'NONE', #3587 ) ;
#1966 = CARTESIAN_POINT ( 'NONE',  ( 1.054825371882588403, 3.680000000000001048, -0.6435308254703238084 ) ) ;
#1967 = CARTESIAN_POINT ( 'NONE',  ( -2.227807449670594409, 3.679999999999999716, -0.9009147256983700558 ) ) ;
#1968 = CARTESIAN_POINT ( 'NONE',  ( -1.834887591174417132, 3.679999999999998384, -0.3327438190655423456 ) ) ;
#1969 = CARTESIAN_POINT ( 'NONE',  ( 0.4741425338365615194, 3.630000000000000338, 0.6437671857298028488 ) ) ;
#1970 = CARTESIAN_POINT ( 'NONE',  ( 1.003310820014940985, 3.630000000000002114, 0.1371035866993394470 ) ) ;
#1971 = CARTESIAN_POINT ( 'NONE',  ( -2.359217658704392484, 3.630000000000000338, -0.7210706991617041872 ) ) ;
#1972 = DIRECTION ( 'NONE',  ( -0.0000000000000000000, -1.000000000000000000, -0.0000000000000000000 ) ) ;
#1973 = ORIENTED_EDGE ( 'NONE', *, *, #4199, .T. ) ;
#1974 = PRESENTATION_LAYER_ASSIGNMENT (  '', '', ( #4100 ) ) ;
#1975 = CARTESIAN_POINT ( 'NONE',  ( 1.109127711218751422, 3.630000000000000338, 0.2933602969551767914 ) ) ;
#1976 = CARTESIAN_POINT ( 'NONE',  ( 1.588663851885166789, 3.630000000000000338, 0.4385180809487589926 ) ) ;
#1977 = CARTESIAN_POINT ( 'NONE',  ( 1.566069938571821529, 3.679999999999998384, -0.8374630178629555166 ) ) ;
#1978 = COLOUR_RGB ( '',0.7686274509803920907, 0.7686274509803920907, 0.7686274509803920907 ) ;
#1979 = CARTESIAN_POINT ( 'NONE',  ( 1.866705561701599736, 3.680000000000000160, -0.8968951221427711173 ) ) ;
#1980 = COLOUR_RGB ( '',0.7921568627450980005, 0.8196078431372548767, 0.9333333333333333481 ) ;
#1981 = CARTESIAN_POINT ( 'NONE',  ( -1.946950274170215378, 3.679999999999998828, -0.6196966094081515219 ) ) ;
#1982 = CARTESIAN_POINT ( 'NONE',  ( -0.08000419514856704772, 3.679999999999999272, -0.6050747405586921479 ) ) ;
#1983 = ORIENTED_EDGE ( 'NONE', *, *, #3143, .F. ) ;
#1984 = CARTESIAN_POINT ( 'NONE',  ( -1.918521456448081253, 3.630000000000000338, -0.4867906644647453929 ) ) ;
#1985 = EDGE_CURVE ( 'NONE', #4848, #4385, #2639, .T. ) ;
#1986 =( NAMED_UNIT ( * ) PLANE_ANGLE_UNIT ( ) SI_UNIT ( $, .RADIAN. ) );
#1987 = CARTESIAN_POINT ( 'NONE',  ( -1.013217090962265976, 3.629999999999999893, -0.1124534229775779742 ) ) ;
#1988 =( LENGTH_UNIT ( ) NAMED_UNIT ( * ) SI_UNIT ( .MILLI., .METRE. ) );
#1989 = CARTESIAN_POINT ( 'NONE',  ( 0.6466386782685031864, 3.680000000000000160, 0.5215610000993451401 ) ) ;
#1990 = CARTESIAN_POINT ( 'NONE',  ( -0.03158258998950137092, 3.629999999999999449, 0.2458128376699937889 ) ) ;
#1991 = ORIENTED_EDGE ( 'NONE', *, *, #2889, .F. ) ;
#1992 = LINE ( 'NONE', #3595, #3384 ) ;
#1993 = CARTESIAN_POINT ( 'NONE',  ( 1.654792516300990890, 3.679999999999999272, 0.4853377904169315360 ) ) ;
#1994 = CARTESIAN_POINT ( 'NONE',  ( 0.3468837239481524781, 3.630000000000000782, -0.5492481836291354114 ) ) ;
#1995 = CARTESIAN_POINT ( 'NONE',  ( -1.260701380139944261, 3.630000000000000338, 0.6358945001198813562 ) ) ;
#1996 = PRESENTATION_LAYER_ASSIGNMENT (  '', '', ( #4665 ) ) ;
#1997 = CARTESIAN_POINT ( 'NONE',  ( 0.3838530225374678362, 3.679999999999997051, 0.5930743968738464433 ) ) ;
#1998 = LINE ( 'NONE', #579, #2614 ) ;
#1999 = CARTESIAN_POINT ( 'NONE',  ( -0.8786017063468812838, 3.679999999999999272, -0.1130543845160394689 ) ) ;
#2000 = CARTESIAN_POINT ( 'NONE',  ( -2.466264169439788656, 3.679999999999998384, -0.1793630927054551405 ) ) ;
#2001 = VECTOR ( 'NONE', #5211, 1000.000000000000000 ) ;
#2002 = CARTESIAN_POINT ( 'NONE',  ( -1.974824523806857801, 3.629999999999999893, -0.03968468095184284061 ) ) ;
#2003 = DIRECTION ( 'NONE',  ( -1.000000000000000000, -0.0000000000000000000, -0.0000000000000000000 ) ) ;
#2004 = CARTESIAN_POINT ( 'NONE',  ( 1.309889359985185298, 3.630000000000000782, -0.3747200097270574348 ) ) ;
#2005 = STYLED_ITEM ( 'NONE', ( #1835 ), #3498 ) ;
#2006 = CARTESIAN_POINT ( 'NONE',  ( -0.8204698569020218990, 3.630000000000001226, -0.5201775989611073792 ) ) ;
#2007 = CARTESIAN_POINT ( 'NONE',  ( 1.075165352165737165, 3.630000000000000338, 0.3778688117300686988 ) ) ;
#2008 = LINE ( 'NONE', #5148, #1875 ) ;
#2009 = EDGE_LOOP ( 'NONE', ( #1764, #3107, #1790, #6019, #2068 ) ) ;
#2010 = CARTESIAN_POINT ( 'NONE',  ( -2.237392128391129553, 3.630000000000000782, 0.6749132348220827637 ) ) ;
#2011 = ORIENTED_EDGE ( 'NONE', *, *, #5072, .F. ) ;
#2012 = CARTESIAN_POINT ( 'NONE',  ( 0.2816945020797679833, 3.679999999999999716, 0.4897084084938399529 ) ) ;
#2013 = CARTESIAN_POINT ( 'NONE',  ( -0.8329346581220937740, 3.679999999999997939, -0.4890562694957942269 ) ) ;
#2014 = CARTESIAN_POINT ( 'NONE',  ( -2.227807449670594409, 3.630000000000000338, -0.9009147256983700558 ) ) ;
#2015 = EDGE_CURVE ( 'NONE', #5126, #6621, #5792, .T. ) ;
#2016 = B_SPLINE_SURFACE_WITH_KNOTS ( 'NONE', 3, 1, ( 
 ( #1503, #3960 ),
 ( #3986, #5495 ),
 ( #3551, #6569 ),
 ( #3454, #4508 ),
 ( #1510, #2481 ),
 ( #2004, #4984 ),
 ( #5014, #5044 ),
 ( #929, #6371 ),
 ( #6022, #5998 ),
 ( #4018, #3485 ),
 ( #6537, #5967 ),
 ( #1889, #956 ),
 ( #3921, #2451 ),
 ( #418, #2919 ),
 ( #3523, #2508 ),
 ( #893, #1449 ),
 ( #5527, #3033 ),
 ( #4482, #2982 ),
 ( #4448, #1977 ),
 ( #388, #446 ),
 ( #4952, #6057 ),
 ( #1479, #1383 ),
 ( #352, #2950 ),
 ( #1420, #2415 ),
 ( #6512, #1950 ),
 ( #5554, #989 ),
 ( #3008, #4535 ) ),
 .UNSPECIFIED., .F., .F., .F.,
 ( 4, 1, 1, 1, 1, 1, 1, 1, 1, 1, 1, 1, 1, 1, 1, 1, 1, 1, 1, 1, 1, 1, 1, 1, 4 ),
 ( 2, 2 ),
 ( 0.0000000000000000000, 0.06859462225874242425, 0.1332460424433009327, 0.1943125864682561654, 0.2512792231169661550, 0.3045134392563468295, 0.3542349066533251323, 0.4004805887739889547, 0.4434107549384918578, 0.4840148686163451286, 0.5232523007732029496, 0.5610423727283602169, 0.5979002393644000657, 0.6335184888561955496, 0.6683143511696516548, 0.7024956712863822395, 0.7366853535134586517, 0.7702931693607889541, 0.8034372550192491191, 0.8359129516660287473, 0.8684602457892909300, 0.9008465382431828372, 0.9334665246307075614, 0.9662575752981233945, 1.000000000000000000 ),
 ( 0.0000000000000000000, 1.000000000000000000 ),
 .UNSPECIFIED. ) ;
#2017 = PRESENTATION_STYLE_ASSIGNMENT (( #4551 ) ) ;
#2018 = EDGE_LOOP ( 'NONE', ( #961, #4715, #5692, #2810 ) ) ;
#2019 = ORIENTED_EDGE ( 'NONE', *, *, #6505, .T. ) ;
#2020 = CARTESIAN_POINT ( 'NONE',  ( 1.967187799571705309, 3.629999999999998561, 0.6423244333718793886 ) ) ;
#2021 = CARTESIAN_POINT ( 'NONE',  ( -1.854748845416255509, 3.629999999999999893, 0.5499165210442359397 ) ) ;
#2022 = CARTESIAN_POINT ( 'NONE',  ( -0.8207913031228150080, 3.680000000000001048, 0.2934797648053329988 ) ) ;
#2023 = CARTESIAN_POINT ( 'NONE',  ( -0.9978029477071220787, 3.679999999999997939, -0.3747200097270572683 ) ) ;
#2024 = PRESENTATION_STYLE_ASSIGNMENT (( #6073 ) ) ;
#2025 =( NAMED_UNIT ( * ) SI_UNIT ( $, .STERADIAN. ) SOLID_ANGLE_UNIT ( ) );
#2026 = SURFACE_STYLE_USAGE ( .BOTH. , #2500 ) ;
#2027 = CARTESIAN_POINT ( 'NONE',  ( 2.175870217402535278, 3.679999999999999272, -0.007312642577163001693 ) ) ;
#2028 = CARTESIAN_POINT ( 'NONE',  ( -1.946182907525115580, 3.679999999999999272, -0.8209020963081442579 ) ) ;
#2029 = CARTESIAN_POINT ( 'NONE',  ( 2.276068644196663993, 3.680000000000000160, -0.4725566460590628903 ) ) ;
#2030 = CARTESIAN_POINT ( 'NONE',  ( -2.003824728744388217, 3.629999999999999893, -0.05940515464120257189 ) ) ;
#2031 = SURFACE_STYLE_FILL_AREA ( #5042 ) ;
#2032 = CARTESIAN_POINT ( 'NONE',  ( -2.480399893145880164, 3.629999999999999893, -0.01435328243755207463 ) ) ;
#2033 = CARTESIAN_POINT ( 'NONE',  ( -1.939950907458583007, 3.680000000000001492, 0.6121880370802704752 ) ) ;
#2034 = UNCERTAINTY_MEASURE_WITH_UNIT (LENGTH_MEASURE( 1.000000000000000082E-05 ), #2774, 'distance_accuracy_value', 'NONE');
#2035 = CARTESIAN_POINT ( 'NONE',  ( -2.036090749824215340, 3.680000000000001936, -0.7074136669319084358 ) ) ;
#2036 = CARTESIAN_POINT ( 'NONE',  ( 2.051065607617455377, 3.680000000000001048, -0.6227368200016887290 ) ) ;
#2037 = ORIENTED_EDGE ( 'NONE', *, *, #1553, .F. ) ;
#2038 = CARTESIAN_POINT ( 'NONE',  ( 0.9290637066610912820, 3.629999999999999893, 0.3515568068007469127 ) ) ;
#2039 = CARTESIAN_POINT ( 'NONE',  ( -2.208229110193035361, 3.629999999999999893, -0.9015159229775778771 ) ) ;
#2040 = DIRECTION ( 'NONE',  ( 1.000000000000000000, 0.0000000000000000000, 0.0000000000000000000 ) ) ;
#2041 = CARTESIAN_POINT ( 'NONE',  ( -1.207047629494421237, 3.629999999999999893, 0.5556867676210953677 ) ) ;
#2042 = SURFACE_SIDE_STYLE ('',( #1041 ) ) ;
#2043 = EDGE_LOOP ( 'NONE', ( #2492, #3159, #2101, #635 ) ) ;
#2044 = CARTESIAN_POINT ( 'NONE',  ( -1.879412938462171834, 3.679999999999999272, 0.3503299566142772381 ) ) ;
#2045 = CARTESIAN_POINT ( 'NONE',  ( 2.122299735960810896, 3.629999999999999893, 0.2640489808685759221 ) ) ;
#2046 = CARTESIAN_POINT ( 'NONE',  ( 1.474455677329439274, 3.680000000000001936, 0.2623444497358973782 ) ) ;
#2047 = FACE_BOUND ( 'NONE', #5702, .T. ) ;
#2048 = B_SPLINE_CURVE_WITH_KNOTS ( 'NONE', 3,
 ( #3667, #4686, #531, #1659, #3119, #3698, #1182, #4113, #1552, #604, #5771, #4182, #3590, #16, #5733, #3229, #1147, #6185, #4650 ),
 .UNSPECIFIED., .F., .F.,
 ( 4, 1, 1, 1, 1, 1, 1, 1, 1, 1, 1, 1, 1, 1, 1, 1, 4 ),
 ( 0.0000000000000000000, 0.07126869258656132189, 0.1398117850281266061, 0.2064974320993716583, 0.2715352442755392115, 0.3360818306156439506, 0.4005283877476352727, 0.4649838426509143030, 0.5300503053616140159, 0.5944234089533962928, 0.6555827099825232152, 0.7148491056365313678, 0.7721150638706003599, 0.8289992113006470209, 0.8851221627752364762, 0.9420793532637977696, 1.000000000000000000 ),
 .UNSPECIFIED. ) ;
#2049 = ADVANCED_FACE ( 'NONE', ( #1826 ), #1109, .T. ) ;
#2050 = CARTESIAN_POINT ( 'NONE',  ( 0.6301350008689250437, 3.680000000000001048, 0.5207344913679610166 ) ) ;
#2051 = CARTESIAN_POINT ( 'NONE',  ( 0.005734427749679269458, 3.679999999999996163, -0.08951460528861866772 ) ) ;
#2052 = CARTESIAN_POINT ( 'NONE',  ( -1.305741282102712342, 3.680000000000001048, 0.6548010678234743587 ) ) ;
#2053 = CARTESIAN_POINT ( 'NONE',  ( 0.2211655096870343007, 3.630000000000000782, 0.3857951688362202813 ) ) ;
#2054 = CARTESIAN_POINT ( 'NONE',  ( -1.926004834460362636, 3.679999999999998828, -0.4561039940412952021 ) ) ;
#2055 = CARTESIAN_POINT ( 'NONE',  ( 2.178583368947930143, 3.630000000000000338, -0.05953894067806887735 ) ) ;
#2056 = FILL_AREA_STYLE ('',( #3652 ) ) ;
#2057 = ORIENTED_EDGE ( 'NONE', *, *, #370, .T. ) ;
#2058 = ORIENTED_EDGE ( 'NONE', *, *, #4654, .T. ) ;
#2059 = CARTESIAN_POINT ( 'NONE',  ( -1.917063244808419720, 3.680000000000000160, -0.5175014999006547489 ) ) ;
#2060 = SURFACE_SIDE_STYLE ('',( #5143 ) ) ;
#2061 = CARTESIAN_POINT ( 'NONE',  ( -0.9780405851434912368, 3.629999999999999449, 0.2552428758202029413 ) ) ;
#2062 = CARTESIAN_POINT ( 'NONE',  ( -1.925160158448424141, 3.680000000000000160, -0.1596987809401858582 ) ) ;
#2063 = CARTESIAN_POINT ( 'NONE',  ( 2.115246631135155209, 3.679999999999999716, -0.7701568731001778856 ) ) ;
#2064 = AXIS2_PLACEMENT_3D ( 'NONE', #2243, #5254, #1305 ) ;
#2065 = CARTESIAN_POINT ( 'NONE',  ( 0.7128594078554456592, 3.630000000000001226, -0.8968951221427710063 ) ) ;
#2066 = CARTESIAN_POINT ( 'NONE',  ( -0.5117146871161122323, 3.680000000000000160, -0.9015159229775778771 ) ) ;
#2067 = CARTESIAN_POINT ( 'NONE',  ( 1.022784248346583658, 3.680000000000001048, -0.2180024922135022913 ) ) ;
#2068 = ORIENTED_EDGE ( 'NONE', *, *, #6100, .T. ) ;
#2069 = ORIENTED_EDGE ( 'NONE', *, *, #5836, .F. ) ;
#2070 = CARTESIAN_POINT ( 'NONE',  ( 0.2041754422576649575, 3.680000000000000604, 0.3458017785468925354 ) ) ;
#2071 = SURFACE_STYLE_FILL_AREA ( #2612 ) ;
#2072 = SURFACE_STYLE_FILL_AREA ( #4147 ) ;
#2073 = CARTESIAN_POINT ( 'NONE',  ( -0.1287726168566639129, 3.679999999999999716, -0.09502250833317595069 ) ) ;
#2074 = CARTESIAN_POINT ( 'NONE',  ( 0.3004481917034749205, 3.679999999999998828, 0.1905737149566111011 ) ) ;
#2075 = EDGE_CURVE ( 'NONE', #3041, #5478, #5136, .T. ) ;
#2076 = ORIENTED_EDGE ( 'NONE', *, *, #5018, .F. ) ;
#2077 = ORIENTED_EDGE ( 'NONE', *, *, #3522, .F. ) ;
#2078 = CARTESIAN_POINT ( 'NONE',  ( -2.367374516045908983, 3.629999999999999449, 0.5007424646636254861 ) ) ;
#2079 = CARTESIAN_POINT ( 'NONE',  ( -1.939950907458583007, 3.680000000000001048, 0.6121880370802704752 ) ) ;
#2080 = UNCERTAINTY_MEASURE_WITH_UNIT (LENGTH_MEASURE( 1.000000000000000082E-05 ), #1209, 'distance_accuracy_value', 'NONE');
#2081 = CARTESIAN_POINT ( 'NONE',  ( -2.181016869480822962, 3.680000000000001048, -0.7469506327315486027 ) ) ;
#2082 = CARTESIAN_POINT ( 'NONE',  ( 2.287940503239068057, 3.679999999999997939, 0.1949223597551754950 ) ) ;
#2083 = UNCERTAINTY_MEASURE_WITH_UNIT (LENGTH_MEASURE( 1.000000000000000082E-05 ), #257, 'distance_accuracy_value', 'NONE');
#2084 = CARTESIAN_POINT ( 'NONE',  ( -0.01050870310432838392, 3.630000000000000338, -0.3665578894240122954 ) ) ;
#2085 = CARTESIAN_POINT ( 'NONE',  ( -2.647832475577650779, 3.680000000000000160, -0.5166000575929625693 ) ) ;
#2086 = SURFACE_STYLE_USAGE ( .BOTH. , #4662 ) ;
#2087 = CARTESIAN_POINT ( 'NONE',  ( -1.009765539920029154, 3.629999999999998561, -0.2512471432840845953 ) ) ;
#2088 = VECTOR ( 'NONE', #942, 1000.000000000000000 ) ;
#2089 = CARTESIAN_POINT ( 'NONE',  ( -1.241502908614998901, 3.630000000000000338, 0.6200626984306603084 ) ) ;
#2090 = CARTESIAN_POINT ( 'NONE',  ( 0.1758055687026628400, 3.629999999999999449, 0.2552428758202027193 ) ) ;
#2091 = SURFACE_STYLE_FILL_AREA ( #5645 ) ;
#2092 = CARTESIAN_POINT ( 'NONE',  ( 2.178919690835643852, 3.630000000000000782, -0.09502250833317596457 ) ) ;
#2093 = CARTESIAN_POINT ( 'NONE',  ( -1.260701380139944261, 3.680000000000000604, 0.6358945001198813562 ) ) ;
#2094 = ORIENTED_EDGE ( 'NONE', *, *, #1526, .T. ) ;
#2095 = CARTESIAN_POINT ( 'NONE',  ( -1.922508142294848454, 3.679999999999999716, 0.006716247358594484677 ) ) ;
#2096 = DIRECTION ( 'NONE',  ( 0.0000000000000000000, 0.0000000000000000000, -1.000000000000000000 ) ) ;
#2097 = CARTESIAN_POINT ( 'NONE',  ( -1.959264676252791659, 3.680000000000000160, -0.1798034213780571322 ) ) ;
#2098 = CARTESIAN_POINT ( 'NONE',  ( 2.227688112543740662, 3.679999999999999716, -0.6050747405586921479 ) ) ;
#2099 = CARTESIAN_POINT ( 'NONE',  ( -1.013077245123786607, 3.680000000000000160, -0.08861185062333414020 ) ) ;
#2100 = CARTESIAN_POINT ( 'NONE',  ( -0.01050870310432838392, 3.680000000000000604, -0.3665578894240122954 ) ) ;
#2101 = ORIENTED_EDGE ( 'NONE', *, *, #1611, .T. ) ;
#2102 = CARTESIAN_POINT ( 'NONE',  ( 0.3559906678061113272, 3.679999999999999716, 0.5710793898188217810 ) ) ;
#2103 = PLANE ( 'NONE',  #1587 ) ;
#2104 = CARTESIAN_POINT ( 'NONE',  ( -0.1318220902897739022, 3.679999999999999716, -0.007312642577163078889 ) ) ;
#2105 = CARTESIAN_POINT ( 'NONE',  ( 1.429141792945790579, 3.629999999999999449, -0.09301922788581649948 ) ) ;
#2106 = CARTESIAN_POINT ( 'NONE',  ( 1.866778781200032489, 3.629999999999999893, 0.6703570112509497081 ) ) ;
#2107 = CARTESIAN_POINT ( 'NONE',  ( 0.5009463624548378125, 3.630000000000000782, 0.4853377904169315915 ) ) ;
#2108 = CARTESIAN_POINT ( 'NONE',  ( -2.030871645394669134, 3.629999999999999893, -0.3194240659811376504 ) ) ;
#2109 = ORIENTED_EDGE ( 'NONE', *, *, #4704, .T. ) ;
#2110 = ORIENTED_EDGE ( 'NONE', *, *, #2332, .T. ) ;
#2111 = CARTESIAN_POINT ( 'NONE',  ( -2.096817236107183291, 3.680000000000000604, 0.5087819224558502995 ) ) ;
#2112 = CARTESIAN_POINT ( 'NONE',  ( -0.1364282959825924568, 3.630000000000000338, 0.04287580767244306146 ) ) ;
#2113 = CARTESIAN_POINT ( 'NONE',  ( -2.013631930271527093, 3.629999999999998561, -0.6925702196910963337 ) ) ;
#2114 = CARTESIAN_POINT ( 'NONE',  ( 2.166477034327281892, 3.679999999999997051, 0.4845116065617087742 ) ) ;
#2115 = ADVANCED_FACE ( 'NONE', ( #834 ), #6535, .F. ) ;
#2116 = CARTESIAN_POINT ( 'NONE',  ( -0.08000419514856704772, 3.629999999999999005, -0.6050747405586921479 ) ) ;
#2117 = CARTESIAN_POINT ( 'NONE',  ( 1.795977620576195255, 3.680000000000002380, 0.6754071539454989948 ) ) ;
#2118 = B_SPLINE_SURFACE_WITH_KNOTS ( 'NONE', 3, 1, ( 
 ( #3680, #4306 ),
 ( #3211, #6344 ),
 ( #4275, #2766 ),
 ( #1776, #685 ),
 ( #220, #2190 ),
 ( #6310, #1230 ),
 ( #4733, #139 ),
 ( #6278, #4811 ),
 ( #757, #5788 ),
 ( #5310, #1715 ),
 ( #2797, #3810 ) ),
 .UNSPECIFIED., .F., .F., .F.,
 ( 4, 1, 1, 1, 1, 1, 1, 1, 4 ),
 ( 2, 2 ),
 ( 0.0000000000000000000, 0.1458600603916661020, 0.2824259030758192179, 0.4108504003575529362, 0.5350294213479310779, 0.6547010781259416934, 0.7701334325965031313, 0.8845558441988612408, 1.000000000000000000 ),
 ( 0.0000000000000000000, 1.000000000000000000 ),
 .UNSPECIFIED. ) ;
#2119 = CARTESIAN_POINT ( 'NONE',  ( -2.562433540435495427, 3.679999999999999716, 0.5655591240325550384 ) ) ;
#2120 = CARTESIAN_POINT ( 'NONE',  ( -0.6528997913913163753, 3.679999999999999272, 0.4853377904169314250 ) ) ;
#2121 = CARTESIAN_POINT ( 'NONE',  ( -0.8723198336550441745, 3.680000000000000604, 0.05507090122515065356 ) ) ;
#2122 = CARTESIAN_POINT ( 'NONE',  ( -1.013217090962265976, 3.629999999999999893, -0.1124534229775779742 ) ) ;
#2123 = CARTESIAN_POINT ( 'NONE',  ( 1.025244447499272793, 3.629999999999999893, -0.1130543845160394689 ) ) ;
#2124 = CARTESIAN_POINT ( 'NONE',  ( 2.172077441696166122, 3.629999999999999005, -0.2670601040317101549 ) ) ;
#2125 = CARTESIAN_POINT ( 'NONE',  ( 0.9729757683119849565, 3.680000000000000160, 0.2506648068115773786 ) ) ;
#2126 = DIRECTION ( 'NONE',  ( 0.0000000000000000000, 1.000000000000000000, 0.0000000000000000000 ) ) ;
#2127 = CARTESIAN_POINT ( 'NONE',  ( -0.1669671627649059742, 3.679999999999999716, -0.4385118635079116589 ) ) ;
#2128 = ADVANCED_FACE ( 'NONE', ( #6476 ), #87, .T. ) ;
#2129 = CARTESIAN_POINT ( 'NONE',  ( -1.330524783269958267, 3.680000000000000160, 0.6561763847147297213 ) ) ;
#2130 = PRESENTATION_STYLE_ASSIGNMENT (( #3249 ) ) ;
#2131 = PLANE ( 'NONE',  #4862 ) ;
#2132 = CARTESIAN_POINT ( 'NONE',  ( 0.6466386782685031864, 3.630000000000000782, 0.5215610000993451401 ) ) ;
#2133 =( NAMED_UNIT ( * ) PLANE_ANGLE_UNIT ( ) SI_UNIT ( $, .RADIAN. ) );
#2134 = CARTESIAN_POINT ( 'NONE',  ( 1.429090601345426537, 3.680000000000001048, -0.1130543845160394689 ) ) ;
#2135 = CARTESIAN_POINT ( 'NONE',  ( -2.723505122472178464, 3.680000000000001048, 0.2552242975499352529 ) ) ;
#2136 = CARTESIAN_POINT ( 'NONE',  ( 2.313429600704624889, 3.680000000000000604, -0.1354927300369349608 ) ) ;
#2137 = CARTESIAN_POINT ( 'NONE',  ( 0.6466386782685031864, 3.679999999999999272, 0.5215610000993451401 ) ) ;
#2138 = LINE ( 'NONE', #2648, #5830 ) ;
#2139 = ORIENTED_EDGE ( 'NONE', *, *, #175, .T. ) ;
#2140 = VERTEX_POINT ( 'NONE', #2059 ) ;
#2141 = FILL_AREA_STYLE ('',( #598 ) ) ;
#2142 = CARTESIAN_POINT ( 'NONE',  ( 0.4131208322595029125, 3.679999999999999716, 0.6122724346331106515 ) ) ;
#2143 = SURFACE_STYLE_USAGE ( .BOTH. , #2654 ) ;
#2144 = CARTESIAN_POINT ( 'NONE',  ( -2.428883250425158735, 3.630000000000001226, -0.6790440108781699013 ) ) ;
#2145 = SURFACE_SIDE_STYLE ('',( #605 ) ) ;
#2146 = CARTESIAN_POINT ( 'NONE',  ( 0.9614004772890013539, 3.629999999999999449, -0.7701568731001781076 ) ) ;
#2147 = ORIENTED_EDGE ( 'NONE', *, *, #6122, .F. ) ;
#2148 = CARTESIAN_POINT ( 'NONE',  ( -2.564442979324326632, 3.630000000000000338, 0.3348048782082747032 ) ) ;
#2149 = CARTESIAN_POINT ( 'NONE',  ( -2.215741129423804523, 3.629999999999999893, 0.5215610000993451401 ) ) ;
#2150 = CARTESIAN_POINT ( 'NONE',  ( 0.9868789910812482136, 3.680000000000000160, -0.4385118635079118810 ) ) ;
#2151 = UNCERTAINTY_MEASURE_WITH_UNIT (LENGTH_MEASURE( 1.000000000000000082E-05 ), #5469, 'distance_accuracy_value', 'NONE');
#2152 = CARTESIAN_POINT ( 'NONE',  ( -2.036090749824215340, 3.630000000000001670, -0.7074136669319084358 ) ) ;
#2153 = CARTESIAN_POINT ( 'NONE',  ( 0.1644594833777143494, 3.629999999999999449, -0.4301607659489332103 ) ) ;
#2154 = CARTESIAN_POINT ( 'NONE',  ( -0.1668654968868137634, 3.630000000000000338, -0.7423212791278962497 ) ) ;
#2155 = CARTESIAN_POINT ( 'NONE',  ( -0.8786017063468812838, 3.679999999999999272, -0.1130543845160394689 ) ) ;
#2156 = FILL_AREA_STYLE ('',( #3130 ) ) ;
#2157 = CARTESIAN_POINT ( 'NONE',  ( -0.8952862793866824820, 3.679999999999999272, -0.6823670154693969314 ) ) ;
#2158 = CARTESIAN_POINT ( 'NONE',  ( 0.2753863095269755701, 3.680000000000000160, -0.1722754738825201248 ) ) ;
#2159 = CARTESIAN_POINT ( 'NONE',  ( -0.4574104777888859941, 3.680000000000001048, 0.5195081242649456366 ) ) ;
#2160 =( LENGTH_UNIT ( ) NAMED_UNIT ( * ) SI_UNIT ( .MILLI., .METRE. ) );
#2161 = CARTESIAN_POINT ( 'NONE',  ( -0.9251381082279129808, 3.629999999999999449, 0.4006249492654505584 ) ) ;
#2162 =( NAMED_UNIT ( * ) PLANE_ANGLE_UNIT ( ) SI_UNIT ( $, .RADIAN. ) );
#2163 = CARTESIAN_POINT ( 'NONE',  ( -1.774801131043326707, 3.630000000000000338, -0.02397131636367434704 ) ) ;
#2164 = CARTESIAN_POINT ( 'NONE',  ( -0.1917086644100846893, 3.630000000000001226, -0.5095091075989410800 ) ) ;
#2165 = CARTESIAN_POINT ( 'NONE',  ( -2.487034726546631713, 3.679999999999999272, 0.4356009502053674876 ) ) ;
#2166 = CARTESIAN_POINT ( 'NONE',  ( -2.512922505142648699, 3.629999999999999449, -0.5066621881262221017 ) ) ;
#2167 = CARTESIAN_POINT ( 'NONE',  ( -2.321668790966290530, 3.629999999999999893, -0.09995782274533832057 ) ) ;
#2168 = CARTESIAN_POINT ( 'NONE',  ( -0.9140931352728103310, 3.630000000000000338, 0.4230134304746231977 ) ) ;
#2169 = UNCERTAINTY_MEASURE_WITH_UNIT (LENGTH_MEASURE( 1.000000000000000082E-05 ), #3983, 'distance_accuracy_value', 'NONE');
#2170 = CARTESIAN_POINT ( 'NONE',  ( 2.313705985960811340, 3.680000000000000160, -0.1124534229775779742 ) ) ;
#2171 = FACE_OUTER_BOUND ( 'NONE', #5584, .T. ) ;
#2172 = CARTESIAN_POINT ( 'NONE',  ( -1.004792654791966333, 3.680000000000001048, 0.08899704713222963970 ) ) ;
#2173 = ORIENTED_EDGE ( 'NONE', *, *, #6100, .F. ) ;
#2174 = CARTESIAN_POINT ( 'NONE',  ( 0.1441016453463153657, 3.680000000000000604, 0.02543742790927546599 ) ) ;
#2175 = CARTESIAN_POINT ( 'NONE',  ( -0.8612862885689963610, 3.680000000000001936, -0.3759940567165693803 ) ) ;
#2176 = CARTESIAN_POINT ( 'NONE',  ( -0.1716884081774001924, 3.680000000000000160, 0.2234891935643790462 ) ) ;
#2177 = CARTESIAN_POINT ( 'NONE',  ( -1.865327085811269603, 3.629999999999999893, -0.2947803200899464238 ) ) ;
#2178 = B_SPLINE_SURFACE_WITH_KNOTS ( 'NONE', 3, 1, ( 
 ( #45, #5687 ),
 ( #2575, #5762 ),
 ( #4137, #4074 ),
 ( #1060, #6138 ),
 ( #85, #4708 ),
 ( #4173, #3144 ),
 ( #1096, #5180 ),
 ( #589, #2642 ),
 ( #3687, #6207 ),
 ( #1542, #4678 ),
 ( #1649, #4103 ),
 ( #1581, #3580 ),
 ( #6604, #1025 ),
 ( #5724, #4600 ),
 ( #5651, #3109 ),
 ( #6110, #1135 ),
 ( #5144, #4 ),
 ( #521, #3184 ),
 ( #3219, #552 ),
 ( #2061, #3617 ),
 ( #629, #2673 ),
 ( #2545, #4570 ),
 ( #3321, #2241 ),
 ( #6320, #3286 ),
 ( #2739, #4816 ),
 ( #5354, #2305 ),
 ( #149, #4284 ) ),
 .UNSPECIFIED., .F., .F., .F.,
 ( 4, 1, 1, 1, 1, 1, 1, 1, 1, 1, 1, 1, 1, 1, 1, 1, 1, 1, 1, 1, 1, 1, 1, 1, 4 ),
 ( 2, 2 ),
 ( 0.0000000000000000000, 0.03378714634699118285, 0.06662165772429390342, 0.09928487809597213998, 0.1313611650426505795, 0.1635851875953433232, 0.1961039269870681334, 0.2289022543238168617, 0.2621580559050072923, 0.2959912222583162555, 0.3302178457247997301, 0.3650598258919538486, 0.4009507373401075547, 0.4376203820767375907, 0.4757075294370918250, 0.5153806916250482928, 0.5564135414931641321, 0.5997648298727309424, 0.6464241555840870568, 0.6964314445175665558, 0.7497815178015574400, 0.8065733069755322004, 0.8674355315653993204, 0.9318867532508741114, 1.000000000000000000 ),
 ( 0.0000000000000000000, 1.000000000000000000 ),
 .UNSPECIFIED. ) ;
#2179 = CARTESIAN_POINT ( 'NONE',  ( 0.9054022294383544667, 3.629999999999999893, -0.8176189923859368269 ) ) ;
#2180 = EDGE_CURVE ( 'NONE', #4597, #2320, #3031, .T. ) ;
#2181 = EDGE_LOOP ( 'NONE', ( #5289, #6427, #5866, #3982 ) ) ;
#2182 = FACE_OUTER_BOUND ( 'NONE', #40, .T. ) ;
#2183 = VECTOR ( 'NONE', #2872, 1000.000000000000000 ) ;
#2184 = CARTESIAN_POINT ( 'NONE',  ( 0.3293769798144667860, 3.629999999999999893, 0.5467518375246118723 ) ) ;
#2185 =( NAMED_UNIT ( * ) SI_UNIT ( $, .STERADIAN. ) SOLID_ANGLE_UNIT ( ) );
#2186 = CARTESIAN_POINT ( 'NONE',  ( -2.189156046625445828, 3.629999999999999893, -0.9008960616447421188 ) ) ;
#2187 =( LENGTH_UNIT ( ) NAMED_UNIT ( * ) SI_UNIT ( .MILLI., .METRE. ) );
#2188 =( GEOMETRIC_REPRESENTATION_CONTEXT ( 3 ) GLOBAL_UNCERTAINTY_ASSIGNED_CONTEXT ( ( #1833 ) ) GLOBAL_UNIT_ASSIGNED_CONTEXT ( ( #569, #4001, #174 ) ) REPRESENTATION_CONTEXT ( 'NONE', 'WORKASPACE' ) );
#2189 = CARTESIAN_POINT ( 'NONE',  ( 1.454757613317552822, 3.680000000000001492, -0.4173348674833634586 ) ) ;
#2190 = CARTESIAN_POINT ( 'NONE',  ( -2.562773867149978457, 3.679999999999999716, -0.2968464739268013020 ) ) ;
#2191 = CARTESIAN_POINT ( 'NONE',  ( 1.944885580060685903, 3.630000000000000782, -0.7112136031175655404 ) ) ;
#2192 = CARTESIAN_POINT ( 'NONE',  ( 2.031455229389925954, 3.629999999999999893, -0.6448659319547207502 ) ) ;
#2193 = AXIS2_PLACEMENT_3D ( 'NONE', #111, #2126, #4166 ) ;
#2194 = CARTESIAN_POINT ( 'NONE',  ( -2.441490424179494578, 3.679999999999999716, -0.1921380893207659257 ) ) ;
#2195 = CARTESIAN_POINT ( 'NONE',  ( -2.723505122472178464, 3.630000000000000782, 0.2552242975499352529 ) ) ;
#2196 = B_SPLINE_CURVE_WITH_KNOTS ( 'NONE', 3,
 ( #663, #1652, #153, #5115, #5615, #3077, #1138, #3189, #1621, #524, #3661, #3148, #5222, #91, #4711, #2646, #120, #4644, #49, #5184, #1030, #4745, #2172, #592, #4603, #2099, #4142 ),
 .UNSPECIFIED., .F., .F.,
 ( 4, 1, 1, 1, 1, 1, 1, 1, 1, 1, 1, 1, 1, 1, 1, 1, 1, 1, 1, 1, 1, 1, 1, 1, 4 ),
 ( 0.0000000000000000000, 0.03378714634699118285, 0.06662165772429390342, 0.09928487809597213998, 0.1313611650426505795, 0.1635851875953433232, 0.1961039269870681334, 0.2289022543238168617, 0.2621580559050072923, 0.2959912222583162555, 0.3302178457247997301, 0.3650598258919538486, 0.4009507373401075547, 0.4376203820767375907, 0.4757075294370918250, 0.5153806916250482928, 0.5564135414931641321, 0.5997648298727309424, 0.6464241555840870568, 0.6964314445175665558, 0.7497815178015574400, 0.8065733069755322004, 0.8674355315653993204, 0.9318867532508741114, 1.000000000000000000 ),
 .UNSPECIFIED. ) ;
#2197 = CARTESIAN_POINT ( 'NONE',  ( -2.589780901671448810, 3.680000000000000160, 0.2060347613911190923 ) ) ;
#2198 = PRESENTATION_LAYER_ASSIGNMENT (  '', '', ( #5080 ) ) ;
#2199 = CARTESIAN_POINT ( 'NONE',  ( -2.439999999999999947, -3.499999999999999556, 0.0000000000000000000 ) ) ;
#2200 = CARTESIAN_POINT ( 'NONE',  ( -0.9780405851434912368, 3.629999999999999449, 0.2552428758202029413 ) ) ;
#2201 = EDGE_CURVE ( 'NONE', #6116, #1965, #2429, .T. ) ;
#2202 = DIRECTION ( 'NONE',  ( 0.0000000000000000000, 0.0000000000000000000, 1.000000000000000000 ) ) ;
#2203 = CARTESIAN_POINT ( 'NONE',  ( -2.724755552500727429, 3.679999999999998828, 0.2123662885608836037 ) ) ;
#2204 = CARTESIAN_POINT ( 'NONE',  ( -1.995488725577650557, 3.629999999999999893, -0.1986914037468087424 ) ) ;
#2205 = MECHANICAL_DESIGN_GEOMETRIC_PRESENTATION_REPRESENTATION (  '', ( #2962 ), #4875 ) ;
#2206 = VERTEX_POINT ( 'NONE', #6172 ) ;
#2207 =( GEOMETRIC_REPRESENTATION_CONTEXT ( 3 ) GLOBAL_UNCERTAINTY_ASSIGNED_CONTEXT ( ( #5780 ) ) GLOBAL_UNIT_ASSIGNED_CONTEXT ( ( #5984, #1937, #2468 ) ) REPRESENTATION_CONTEXT ( 'NONE', 'WORKASPACE' ) );
#2208 = CARTESIAN_POINT ( 'NONE',  ( -2.324055651908746523, 3.630000000000001226, -0.2857158061871724053 ) ) ;
#2209 = CARTESIAN_POINT ( 'NONE',  ( 1.549474733182426789, 3.630000000000000338, -0.6246150608697390583 ) ) ;
#2210 = DIRECTION ( 'NONE',  ( 0.0000000000000000000, -0.0000000000000000000, -1.000000000000000000 ) ) ;
#2211 = MECHANICAL_DESIGN_GEOMETRIC_PRESENTATION_REPRESENTATION (  '', ( #2529 ), #2645 ) ;
#2212 = CIRCLE ( 'NONE', #180, 0.2149999999999999412 ) ;
#2213 = FACE_OUTER_BOUND ( 'NONE', #5718, .T. ) ;
#2214 = CARTESIAN_POINT ( 'NONE',  ( -1.783062671892674977, 3.629999999999999893, -0.4961176137422604882 ) ) ;
#2215 = CARTESIAN_POINT ( 'NONE',  ( 0.6540609575090451377, 3.629999999999999449, -0.9013068593308644072 ) ) ;
#2216 = EDGE_LOOP ( 'NONE', ( #1576, #62, #2418, #5127 ) ) ;
#2217 = ORIENTED_EDGE ( 'NONE', *, *, #5018, .T. ) ;
#2218 = STYLED_ITEM ( 'NONE', ( #5329 ), #2615 ) ;
#2219 = VERTEX_POINT ( 'NONE', #5649 ) ;
#2220 = CARTESIAN_POINT ( 'NONE',  ( 1.795977620576195255, 3.629999999999999893, 0.6754071539454989948 ) ) ;
#2221 = CARTESIAN_POINT ( 'NONE',  ( 0.8972194537713007456, 3.629999999999999893, -0.6227368200016885069 ) ) ;
#2222 = CARTESIAN_POINT ( 'NONE',  ( -2.197582431094012190, 3.629999999999999893, -0.2672746242833871078 ) ) ;
#2223 = CARTESIAN_POINT ( 'NONE',  ( 1.024547385932782939, 3.680000000000001048, -0.1663518433583049683 ) ) ;
#2224 = CARTESIAN_POINT ( 'NONE',  ( -0.7582175745098806985, 3.679999999999999716, -0.6246150608697387252 ) ) ;
#2225 = CARTESIAN_POINT ( 'NONE',  ( 0.1440806139261243124, 3.679999999999999272, -0.2512471432840845953 ) ) ;
#2226 = EDGE_CURVE ( 'NONE', #3943, #6087, #6339, .T. ) ;
#2227 = CARTESIAN_POINT ( 'NONE',  ( -2.614739254571424087, 3.629999999999999449, -0.06719139588495316728 ) ) ;
#2228 = SURFACE_STYLE_USAGE ( .BOTH. , #4730 ) ;
#2229 = CARTESIAN_POINT ( 'NONE',  ( -0.7113469407733983285, 3.679999999999998384, -0.8546199058411392269 ) ) ;
#2230 = VECTOR ( 'NONE', #4753, 1000.000000000000000 ) ;
#2231 = SURFACE_STYLE_USAGE ( .BOTH. , #183 ) ;
#2232 = CARTESIAN_POINT ( 'NONE',  ( 2.051065607617455377, 3.630000000000000782, -0.6227368200016887290 ) ) ;
#2233 = CARTESIAN_POINT ( 'NONE',  ( -1.714710743111943048, 3.680000000000000160, 0.1098168325652153776 ) ) ;
#2234 = CARTESIAN_POINT ( 'NONE',  ( -2.386862511122025854, 3.629999999999999893, 0.6560282762668864232 ) ) ;
#2235 = FACE_OUTER_BOUND ( 'NONE', #123, .T. ) ;
#2236 = CARTESIAN_POINT ( 'NONE',  ( 1.392021116409806636, 3.630000000000001226, -0.6480204730380644262 ) ) ;
#2237 = CARTESIAN_POINT ( 'NONE',  ( -2.411443858641839189, 3.680000000000000604, 0.4836018124856032996 ) ) ;
#2238 = CARTESIAN_POINT ( 'NONE',  ( -2.693192459448333409, 3.629999999999999449, 0.3793520018856800791 ) ) ;
#2239 = FILL_AREA_STYLE ('',( #3319 ) ) ;
#2240 = CARTESIAN_POINT ( 'NONE',  ( -1.975771140830850703, 3.629999999999999893, -0.6574532601830143097 ) ) ;
#2241 = CARTESIAN_POINT ( 'NONE',  ( -1.004792654791966333, 3.679999999999997495, 0.08899704713222963970 ) ) ;
#2242 = CARTESIAN_POINT ( 'NONE',  ( -0.7106020285763623434, 3.629999999999999449, 0.6291298927570958543 ) ) ;
#2243 = CARTESIAN_POINT ( 'NONE',  ( -2.439999999999999947, -3.499999999999999556, 0.0000000000000000000 ) ) ;
#2244 = CARTESIAN_POINT ( 'NONE',  ( -2.724018419110477929, 3.629999999999999893, 0.1810390783104283974 ) ) ;
#2245 = ORIENTED_EDGE ( 'NONE', *, *, #3105, .T. ) ;
#2246 = CARTESIAN_POINT ( 'NONE',  ( -2.512922505142648699, 3.679999999999996607, -0.5066621881262221017 ) ) ;
#2247 = CARTESIAN_POINT ( 'NONE',  ( 1.463797883273260547, 3.629999999999998117, -0.4549501504519899431 ) ) ;
#2248 = CARTESIAN_POINT ( 'NONE',  ( -1.947542112073701537, 3.679999999999999716, -0.01739222236046925399 ) ) ;
#2249 = CARTESIAN_POINT ( 'NONE',  ( -1.455524783269958267, 3.629999999999999893, 0.5311763847147297213 ) ) ;
#2250 = DIRECTION ( 'NONE',  ( 0.0000000000000000000, 0.0000000000000000000, 1.000000000000000000 ) ) ;
#2251 = CARTESIAN_POINT ( 'NONE',  ( 1.033579615210260760, 3.679999999999996163, -0.6790097296763861756 ) ) ;
#2252 = ORIENTED_EDGE ( 'NONE', *, *, #4904, .F. ) ;
#2253 = ORIENTED_EDGE ( 'NONE', *, *, #1772, .T. ) ;
#2254 = ORIENTED_EDGE ( 'NONE', *, *, #490, .T. ) ;
#2255 = CARTESIAN_POINT ( 'NONE',  ( -1.840902804402204884, 3.680000000000000604, 0.2340721808244929647 ) ) ;
#2256 = CARTESIAN_POINT ( 'NONE',  ( -1.819106514039189104, 3.629999999999999893, 0.5107436924070374307 ) ) ;
#2257 = CARTESIAN_POINT ( 'NONE',  ( -2.383973896378004831, 3.680000000000000160, -0.7093299809070584550 ) ) ;
#2258 = CARTESIAN_POINT ( 'NONE',  ( 1.294475216730041733, 3.629999999999999893, -0.1124534229775779742 ) ) ;
#2259 = CARTESIAN_POINT ( 'NONE',  ( -1.783150730029857245, 3.630000000000000782, -0.5289781797072989900 ) ) ;
#2260 = CARTESIAN_POINT ( 'NONE',  ( 1.159859832114657596, 3.629999999999999893, -0.1124534229775779742 ) ) ;
#2261 = CARTESIAN_POINT ( 'NONE',  ( -2.215741129423804523, 3.679999999999998828, -0.7476697691314242444 ) ) ;
#2262 = CARTESIAN_POINT ( 'NONE',  ( -2.439999999999999947, 0.05000000000000000278, 0.0000000000000000000 ) ) ;
#2263 = CARTESIAN_POINT ( 'NONE',  ( -1.831036431598177305, 3.680000000000000160, 0.5238553099174126926 ) ) ;
#2264 = CARTESIAN_POINT ( 'NONE',  ( -1.758431058163708149, 3.679999999999998384, 0.001144104676676612050 ) ) ;
#2265 = CARTESIAN_POINT ( 'NONE',  ( -0.2966818095070309913, 3.629999999999999893, -0.6649389182869539505 ) ) ;
#2266 = CARTESIAN_POINT ( 'NONE',  ( -1.811532949895933386, 3.630000000000001226, -0.3739179414241479149 ) ) ;
#2267 = ADVANCED_FACE ( 'NONE', ( #3784, #2302, #6387 ), #147, .T. ) ;
#2268 = CARTESIAN_POINT ( 'NONE',  ( 1.532045718837719672, 3.630000000000000338, -0.6012999545053011596 ) ) ;
#2269 = CARTESIAN_POINT ( 'NONE',  ( -2.296893460166121503, 3.629999999999999893, -0.2772772616116063737 ) ) ;
#2270 = CARTESIAN_POINT ( 'NONE',  ( -1.993512469426660605, 3.630000000000000338, -0.6756913524032903684 ) ) ;
#2271 = CARTESIAN_POINT ( 'NONE',  ( -0.1310619054995703636, 3.630000000000002114, -0.2180024922135024024 ) ) ;
#2272 = SURFACE_STYLE_FILL_AREA ( #4380 ) ;
#2273 = CARTESIAN_POINT ( 'NONE',  ( -0.6149870761004676556, 3.630000000000000782, 0.6641806601897408679 ) ) ;
#2274 = DIRECTION ( 'NONE',  ( 0.0000000000000000000, -1.000000000000000000, 0.0000000000000000000 ) ) ;
#2275 = CARTESIAN_POINT ( 'NONE',  ( -2.720630627011500824, 3.680000000000000160, 0.1503065090453127028 ) ) ;
#2276 = EDGE_LOOP ( 'NONE', ( #4689, #4749, #1519, #2580 ) ) ;
#2277 = CARTESIAN_POINT ( 'NONE',  ( -2.490563513711050447, 3.629999999999999893, -0.4243150480952017078 ) ) ;
#2278 = CARTESIAN_POINT ( 'NONE',  ( 1.440493761023071917, 3.630000000000000338, -0.3306856961686311935 ) ) ;
#2279 = CARTESIAN_POINT ( 'NONE',  ( -0.1853925717314967025, 3.629999999999999893, 0.2640489808685759221 ) ) ;
#2280 = CARTESIAN_POINT ( 'NONE',  ( -1.454116325931278819, 3.630000000000000338, 0.5557545880812321260 ) ) ;
#2281 = CARTESIAN_POINT ( 'NONE',  ( -1.978628984746512609, 3.629999999999999449, -0.2082390361609942064 ) ) ;
#2282 = EDGE_LOOP ( 'NONE', ( #2713, #2780, #93, #5567 ) ) ;
#2283 = EDGE_LOOP ( 'NONE', ( #1946, #2109, #4647, #5031 ) ) ;
#2284 = CARTESIAN_POINT ( 'NONE',  ( -1.749369447644333331, 3.679999999999999716, 0.4043045543088994997 ) ) ;
#2285 = CARTESIAN_POINT ( 'NONE',  ( -1.419399218332847212, 3.680000000000001492, 0.4420027790729385564 ) ) ;
#2286 = CARTESIAN_POINT ( 'NONE',  ( -0.5072074755776505572, 3.680000000000000160, -0.7476697691314242444 ) ) ;
#2287 = CARTESIAN_POINT ( 'NONE',  ( 0.3032980106972943957, 3.680000000000000604, -0.7440990805603756586 ) ) ;
#2288 = CARTESIAN_POINT ( 'NONE',  ( 0.002338813191741381803, 3.630000000000000782, -0.2460548328160466480 ) ) ;
#2289 = CARTESIAN_POINT ( 'NONE',  ( 1.760820175397295406, 3.680000000000001048, 0.6748131893471163156 ) ) ;
#2290 = CARTESIAN_POINT ( 'NONE',  ( -1.338893028549337227, 3.629999999999999893, 0.6557291287823703296 ) ) ;
#2291 = EDGE_CURVE ( 'NONE', #5930, #5684, #4699, .T. ) ;
#2292 = PRESENTATION_STYLE_ASSIGNMENT (( #4768 ) ) ;
#2293 = CARTESIAN_POINT ( 'NONE',  ( -0.5235453498865491051, 3.630000000000000338, -0.9013173374551021189 ) ) ;
#2294 = CARTESIAN_POINT ( 'NONE',  ( 0.6630295352064152770, 3.630000000000000782, -0.7468003486258716350 ) ) ;
#2295 = CARTESIAN_POINT ( 'NONE',  ( -2.439999999999999947, -3.499999999999999556, -0.2149999999999999412 ) ) ;
#2296 = DIRECTION ( 'NONE',  ( -0.0000000000000000000, -1.000000000000000000, -0.0000000000000000000 ) ) ;
#2297 = CARTESIAN_POINT ( 'NONE',  ( -1.838383481086142357, 3.680000000000001048, -0.09506657707821634939 ) ) ;
#2298 = CARTESIAN_POINT ( 'NONE',  ( 2.051065607617455377, 3.630000000000000782, -0.6227368200016887290 ) ) ;
#2299 = CARTESIAN_POINT ( 'NONE',  ( -1.902445114259875059, 3.630000000000000338, -0.2595446901364977799 ) ) ;
#2300 = CARTESIAN_POINT ( 'NONE',  ( -1.455524783269958267, 3.680000000000000160, 0.5311763847147297213 ) ) ;
#2301 = CARTESIAN_POINT ( 'NONE',  ( 0.1407696420942300963, 3.680000000000000604, -0.1364951605779704813 ) ) ;
#2302 = FACE_BOUND ( 'NONE', #331, .T. ) ;
#2303 = DIRECTION ( 'NONE',  ( -0.0000000000000000000, 1.000000000000000000, -0.0000000000000000000 ) ) ;
#2304 = CARTESIAN_POINT ( 'NONE',  ( 1.500489231856663830, 3.630000000000000782, 0.3224517141456207381 ) ) ;
#2305 = CARTESIAN_POINT ( 'NONE',  ( -1.013077245123786607, 3.679999999999996607, -0.08861185062333414020 ) ) ;
#2306 = CARTESIAN_POINT ( 'NONE',  ( -1.004792654791966333, 3.630000000000000782, 0.08899704713222963970 ) ) ;
#2307 = ADVANCED_FACE ( 'NONE', ( #4780 ), #4743, .T. ) ;
#2308 = CARTESIAN_POINT ( 'NONE',  ( 1.011270073553440785, 3.630000000000001226, -0.7121319088907785977 ) ) ;
#2309 = VERTEX_POINT ( 'NONE', #916 ) ;
#2310 = CARTESIAN_POINT ( 'NONE',  ( 1.159580581595833548, 3.629999999999999893, -0.08951460528861863997 ) ) ;
#2311 = CARTESIAN_POINT ( 'NONE',  ( 1.500729877794305889, 3.630000000000001226, -0.5492481836291357444 ) ) ;
#2312 = CARTESIAN_POINT ( 'NONE',  ( 0.2860868761276009198, 3.680000000000000160, 0.1040367025673503004 ) ) ;
#2313 = CARTESIAN_POINT ( 'NONE',  ( 1.439933029973754719, 3.630000000000000782, 0.1040367025673501894 ) ) ;
#2314 = EDGE_CURVE ( 'NONE', #424, #6334, #3948, .T. ) ;
#2315 = CARTESIAN_POINT ( 'NONE',  ( 0.3330548507233386246, 3.630000000000000338, 0.2934797648053331098 ) ) ;
#2316 =( GEOMETRIC_REPRESENTATION_CONTEXT ( 3 ) GLOBAL_UNCERTAINTY_ASSIGNED_CONTEXT ( ( #3394 ) ) GLOBAL_UNIT_ASSIGNED_CONTEXT ( ( #2160, #5600, #4667 ) ) REPRESENTATION_CONTEXT ( 'NONE', 'WORKASPACE' ) );
#2317 = STYLED_ITEM ( 'NONE', ( #4303 ), #4408 ) ;
#2318 = CARTESIAN_POINT ( 'NONE',  ( -0.1598547906327971446, 3.680000000000000604, 0.1813333426727404551 ) ) ;
#2319 = ORIENTED_EDGE ( 'NONE', *, *, #1428, .F. ) ;
#2320 = VERTEX_POINT ( 'NONE', #6441 ) ;
#2321 = ORIENTED_EDGE ( 'NONE', *, *, #3645, .T. ) ;
#2322 = CARTESIAN_POINT ( 'NONE',  ( -2.233700413242374339, 3.630000000000000338, 0.5211577191158176525 ) ) ;
#2323 = DIRECTION ( 'NONE',  ( -0.0000000000000000000, 1.000000000000000000, -0.0000000000000000000 ) ) ;
#2324 = CARTESIAN_POINT ( 'NONE',  ( 0.9868789910812482136, 3.680000000000002380, -0.4385118635079118810 ) ) ;
#2325 = SURFACE_STYLE_FILL_AREA ( #4829 ) ;
#2326 = AXIS2_PLACEMENT_3D ( 'NONE', #2652, #6117, #3627 ) ;
#2327 = STYLED_ITEM ( 'NONE', ( #2435 ), #5124 ) ;
#2328 = DIRECTION ( 'NONE',  ( -0.0000000000000000000, -1.000000000000000000, -0.0000000000000000000 ) ) ;
#2329 = CARTESIAN_POINT ( 'NONE',  ( 1.319145655061645606, 3.680000000000003268, 0.2037647460570417568 ) ) ;
#2330 = AXIS2_PLACEMENT_3D ( 'NONE', #5975, #3531, #3462 ) ;
#2331 = DIRECTION ( 'NONE',  ( -0.0000000000000000000, 1.000000000000000000, -0.0000000000000000000 ) ) ;
#2332 = EDGE_CURVE ( 'NONE', #1895, #3091, #4129, .T. ) ;
#2333 = DIRECTION ( 'NONE',  ( 0.0000000000000000000, 0.0000000000000000000, -1.000000000000000000 ) ) ;
#2334 = MECHANICAL_DESIGN_GEOMETRIC_PRESENTATION_REPRESENTATION (  '', ( #4785 ), #2864 ) ;
#2335 = EDGE_CURVE ( 'NONE', #350, #2309, #3294, .T. ) ;
#2336 = CARTESIAN_POINT ( 'NONE',  ( 0.005190319501894647899, 3.679999999999998828, -0.04481925449197889794 ) ) ;
#2337 = CARTESIAN_POINT ( 'NONE',  ( -1.974824523806857801, 3.629999999999999893, -0.03968468095184284061 ) ) ;
#2338 = CARTESIAN_POINT ( 'NONE',  ( -0.4094548622069522081, 3.630000000000000782, -0.7327132144862829044 ) ) ;
#2339 = CARTESIAN_POINT ( 'NONE',  ( -2.614739254571424087, 3.679999999999999716, -0.06719139588495316728 ) ) ;
#2340 = STYLED_ITEM ( 'NONE', ( #4223 ), #3332 ) ;
#2341 = CARTESIAN_POINT ( 'NONE',  ( -1.455051414217078731, 3.680000000000000160, 0.5394368840068091142 ) ) ;
#2342 = SURFACE_STYLE_USAGE ( .BOTH. , #4872 ) ;
#2343 = CARTESIAN_POINT ( 'NONE',  ( -2.478210609296662259, 3.630000000000000782, -0.8214828575408577027 ) ) ;
#2344 = CARTESIAN_POINT ( 'NONE',  ( -1.400317377237780381, 3.629999999999999005, 0.4260653636447729875 ) ) ;
#2345 = ADVANCED_FACE ( 'NONE', ( #5004 ), #5283, .T. ) ;
#2346 = CARTESIAN_POINT ( 'NONE',  ( -0.1286017063468814781, 3.629999999999999893, -0.1130543845160394689 ) ) ;
#2347 = CARTESIAN_POINT ( 'NONE',  ( 0.4736799727252993808, 3.629999999999999449, -0.8692769918086844516 ) ) ;
#2348 = B_SPLINE_SURFACE_WITH_KNOTS ( 'NONE', 3, 1, ( 
 ( #1628, #6300 ),
 ( #2214, #4795 ),
 ( #742, #5772 ),
 ( #5293, #6259 ),
 ( #2784, #1762 ),
 ( #4254, #1214 ),
 ( #2177, #4215 ),
 ( #6332, #5735 ),
 ( #1701, #3262 ),
 ( #2281, #162 ),
 ( #2753, #3738 ) ),
 .UNSPECIFIED., .F., .F., .F.,
 ( 4, 1, 1, 1, 1, 1, 1, 1, 4 ),
 ( 2, 2 ),
 ( 0.0000000000000000000, 0.1219040408698847389, 0.2394126076020045568, 0.3554101042801772747, 0.4720907288033016624, 0.5928589821563581275, 0.7187034677136839855, 0.8548923829515272521, 1.000000000000000000 ),
 ( 0.0000000000000000000, 1.000000000000000000 ),
 .UNSPECIFIED. ) ;
#2349 = ORIENTED_EDGE ( 'NONE', *, *, #4878, .F. ) ;
#2350 = CARTESIAN_POINT ( 'NONE',  ( -1.866399591729243079, 3.630000000000001226, 0.08533149020506698712 ) ) ;
#2351 = CARTESIAN_POINT ( 'NONE',  ( 1.429090601345426537, 3.679999999999999716, -0.1130543845160394689 ) ) ;
#2352 = CARTESIAN_POINT ( 'NONE',  ( -2.439999999999999947, 0.05000000000000000278, 0.0000000000000000000 ) ) ;
#2353 = B_SPLINE_CURVE_WITH_KNOTS ( 'NONE', 3,
 ( #1494, #3537, #3096, #6126, #6589, #4061, #1083, #6094, #1561, #1528, #2085 ),
 .UNSPECIFIED., .F., .F.,
 ( 4, 1, 1, 1, 1, 1, 1, 1, 4 ),
 ( 0.0000000000000000000, 0.1458600603916661020, 0.2824259030758192179, 0.4108504003575529362, 0.5350294213479310779, 0.6547010781259416934, 0.7701334325965031313, 0.8845558441988612408, 1.000000000000000000 ),
 .UNSPECIFIED. ) ;
#2354 = CARTESIAN_POINT ( 'NONE',  ( 0.3775773094924635975, 3.629999999999999893, 0.3746883762070084001 ) ) ;
#2355 = CARTESIAN_POINT ( 'NONE',  ( -0.1364282959825924568, 3.680000000000000604, 0.04287580767244306146 ) ) ;
#2356 = ORIENTED_EDGE ( 'NONE', *, *, #3525, .T. ) ;
#2357 = EDGE_CURVE ( 'NONE', #3013, #1254, #3707, .T. ) ;
#2358 = CARTESIAN_POINT ( 'NONE',  ( 0.3009114594713983570, 3.630000000000000338, -0.4173348674833634586 ) ) ;
#2359 = CARTESIAN_POINT ( 'NONE',  ( -0.6904635807518620938, 3.629999999999999893, -0.6877740693834172303 ) ) ;
#2360 = SURFACE_SIDE_STYLE ('',( #6406 ) ) ;
#2361 = CARTESIAN_POINT ( 'NONE',  ( 1.393599172419497156, 3.630000000000000782, 0.4230134304746235863 ) ) ;
#2362 = CARTESIAN_POINT ( 'NONE',  ( -0.8441630665915856868, 3.629999999999999893, 0.2282353880053845374 ) ) ;
#2363 = B_SPLINE_CURVE_WITH_KNOTS ( 'NONE', 3,
 ( #4320, #6299, #1797, #5360, #1732, #2814, #1313, #265, #4888, #3765, #2315, #4358, #303, #2354, #5808, #5292, #705, #6399, #1384, #419, #3922, #4483, #5969 ),
 .UNSPECIFIED., .F., .F.,
 ( 4, 1, 1, 1, 1, 1, 1, 1, 1, 1, 1, 1, 1, 1, 1, 1, 1, 1, 1, 1, 4 ),
 ( 0.0000000000000000000, 0.07295106587586659697, 0.1415836941865451504, 0.2059264601708670761, 0.2653013571846054575, 0.3205972327139284261, 0.3718165030988104802, 0.4187897697094520866, 0.4616987286157646087, 0.5021335821035656233, 0.5408043152926482744, 0.5781805253279663770, 0.6142968652075148084, 0.6496782432647875138, 0.6842994600896377122, 0.7183589527723610590, 0.7520808646475968251, 0.8176524386023859003, 0.8797220764054376474, 0.9399655597309876098, 1.000000000000000000 ),
 .UNSPECIFIED. ) ;
#2364 = VERTEX_POINT ( 'NONE', #5705 ) ;
#2365 = CARTESIAN_POINT ( 'NONE',  ( -0.5117146871161122323, 3.629999999999999893, 0.6754071539454989948 ) ) ;
#2366 = CARTESIAN_POINT ( 'NONE',  ( 1.850281829903422048, 3.630000000000000782, 0.5195081242649454145 ) ) ;
#2367 = CARTESIAN_POINT ( 'NONE',  ( -0.5117146871161122323, 3.680000000000000604, 0.6754071539454989948 ) ) ;
#2368 = CARTESIAN_POINT ( 'NONE',  ( -1.225880067309814025, 3.629999999999999893, 0.4611288387717021320 ) ) ;
#2369 = CARTESIAN_POINT ( 'NONE',  ( -0.2583400831262760433, 3.630000000000000782, 0.3998875696959027226 ) ) ;
#2370 = CARTESIAN_POINT ( 'NONE',  ( 0.1644594833777143494, 3.679999999999999716, -0.4301607659489332103 ) ) ;
#2371 = CARTESIAN_POINT ( 'NONE',  ( -2.478210609296662259, 3.680000000000000160, -0.8214828575408577027 ) ) ;
#2372 =( NAMED_UNIT ( * ) PLANE_ANGLE_UNIT ( ) SI_UNIT ( $, .RADIAN. ) );
#2373 = PRESENTATION_STYLE_ASSIGNMENT (( #6529 ) ) ;
#2374 = CARTESIAN_POINT ( 'NONE',  ( 0.5724124616448313940, 3.630000000000001226, -0.8968299476424234085 ) ) ;
#2375 = CARTESIAN_POINT ( 'NONE',  ( -2.215741129423804523, 3.629999999999999893, -0.7476697691314242444 ) ) ;
#2376 = CARTESIAN_POINT ( 'NONE',  ( -2.655224543337770804, 3.679999999999997495, -0.01744475009675720487 ) ) ;
#2377 = VERTEX_POINT ( 'NONE', #1114 ) ;
#2378 = CARTESIAN_POINT ( 'NONE',  ( -1.749369447644333331, 3.629999999999999449, 0.4043045543088994997 ) ) ;
#2379 = CARTESIAN_POINT ( 'NONE',  ( 1.549215633293902661, 3.630000000000000338, 0.3977910179525214751 ) ) ;
#2380 = UNCERTAINTY_MEASURE_WITH_UNIT (LENGTH_MEASURE( 1.000000000000000082E-05 ), #2497, 'distance_accuracy_value', 'NONE');
#2381 = FILL_AREA_STYLE_COLOUR ( '', #717 ) ;
#2382 = CARTESIAN_POINT ( 'NONE',  ( -0.1853925717314967025, 3.629999999999999893, 0.2640489808685759221 ) ) ;
#2383 = EDGE_LOOP ( 'NONE', ( #1882, #3201, #4655, #5729 ) ) ;
#2384 = EDGE_LOOP ( 'NONE', ( #240, #557, #5551, #976 ) ) ;
#2385 = CARTESIAN_POINT ( 'NONE',  ( 0.9684535821146570411, 3.629999999999999893, 0.2640489808685759221 ) ) ;
#2386 = CARTESIAN_POINT ( 'NONE',  ( 0.2287080456182409849, 3.630000000000001670, 0.4006249492654510025 ) ) ;
#2387 = CARTESIAN_POINT ( 'NONE',  ( -2.098433140963559040, 3.629999999999999449, -0.2858292833374591058 ) ) ;
#2388 = CARTESIAN_POINT ( 'NONE',  ( -0.6530737344609240935, 3.680000000000000160, -0.7113250861540982850 ) ) ;
#2389 = CARTESIAN_POINT ( 'NONE',  ( 2.142454142957385788, 3.680000000000001048, 0.5151024595929388772 ) ) ;
#2390 = COLOUR_RGB ( '',0.8313725490196077761, 0.6705882352941175961, 0.1294117647058823373 ) ;
#2391 = CARTESIAN_POINT ( 'NONE',  ( 0.005737293012316786560, 3.629999999999999449, -0.1354927300369349608 ) ) ;
#2392 = CARTESIAN_POINT ( 'NONE',  ( 1.329651722548815362, 3.680000000000000604, 0.2552428758202031633 ) ) ;
#2393 = CARTESIAN_POINT ( 'NONE',  ( -2.028084391168263334, 3.629999999999999893, 0.4850418414320563087 ) ) ;
#2394 = CARTESIAN_POINT ( 'NONE',  ( -0.07868080168041668987, 3.630000000000001226, 0.3778688117300688654 ) ) ;
#2395 = CARTESIAN_POINT ( 'NONE',  ( -3.250000000000001332, 0.5000000000000000000, -4.336808689942015764E-16 ) ) ;
#2396 = CARTESIAN_POINT ( 'NONE',  ( -0.3730386307189619277, 3.679999999999994831, 0.6545537366480596031 ) ) ;
#2397 = CARTESIAN_POINT ( 'NONE',  ( -1.205524783269958267, 3.680000000000000160, 0.5311763847147297213 ) ) ;
#2398 = CARTESIAN_POINT ( 'NONE',  ( 1.617165455832255905, 3.629999999999999893, 0.4615438759613893493 ) ) ;
#2399 = CARTESIAN_POINT ( 'NONE',  ( 2.313705985960811340, 3.680000000000000160, -0.1124534229775779742 ) ) ;
#2400 = CARTESIAN_POINT ( 'NONE',  ( -2.066244302863889271, 3.630000000000000338, -0.08952027390430183917 ) ) ;
#2401 = CARTESIAN_POINT ( 'NONE',  ( 1.075165352165737165, 3.680000000000000604, 0.3778688117300686988 ) ) ;
#2402 = CARTESIAN_POINT ( 'NONE',  ( -0.2247824471850627670, 3.629999999999999005, 0.3515568068007467462 ) ) ;
#2403 = FILL_AREA_STYLE ('',( #18 ) ) ;
#2404 = CARTESIAN_POINT ( 'NONE',  ( 1.588572818437191225, 3.630000000000000782, -0.6653433644798524282 ) ) ;
#2405 =( NAMED_UNIT ( * ) SI_UNIT ( $, .STERADIAN. ) SOLID_ANGLE_UNIT ( ) );
#2406 = CIRCLE ( 'NONE', #4003, 2.499999999999998668 ) ;
#2407 = CARTESIAN_POINT ( 'NONE',  ( -1.455524783269958267, 3.629999999999999893, 0.5311763847147297213 ) ) ;
#2408 = CARTESIAN_POINT ( 'NONE',  ( -1.941866103786513920, 3.679999999999998828, 0.4265064581002523947 ) ) ;
#2409 = CARTESIAN_POINT ( 'NONE',  ( 0.3826452999863595994, 3.680000000000001936, -0.8179846728606954276 ) ) ;
#2410 = CARTESIAN_POINT ( 'NONE',  ( -0.1292987679133706935, 3.679999999999999716, -0.1663518433583049405 ) ) ;
#2411 = EDGE_LOOP ( 'NONE', ( #4169, #6001, #2885, #5561 ) ) ;
#2412 = CARTESIAN_POINT ( 'NONE',  ( 0.7473239376493544528, 3.629999999999999893, 0.6638967874564072336 ) ) ;
#2413 = CARTESIAN_POINT ( 'NONE',  ( 1.568061315781402953, 3.629999999999999449, 0.4193193746620743623 ) ) ;
#2414 = EDGE_CURVE ( 'NONE', #5478, #3943, #5909, .T. ) ;
#2415 = CARTESIAN_POINT ( 'NONE',  ( 1.726258615490984916, 3.679999999999999272, -0.8968299476424232974 ) ) ;
#2416 = CARTESIAN_POINT ( 'NONE',  ( 1.750916333249251444, 3.629999999999999893, 0.5190785959586220466 ) ) ;
#2417 = CARTESIAN_POINT ( 'NONE',  ( -1.927633327809246566, 3.679999999999999272, -0.5800730367822115596 ) ) ;
#2418 = ORIENTED_EDGE ( 'NONE', *, *, #5665, .T. ) ;
#2419 = SURFACE_SIDE_STYLE ('',( #1927 ) ) ;
#2420 = CARTESIAN_POINT ( 'NONE',  ( 1.901170091495508530, 3.680000000000000604, 0.6638967874564071225 ) ) ;
#2421 = CARTESIAN_POINT ( 'NONE',  ( -2.277031810053887106, 3.630000000000000338, -0.7439906633649611134 ) ) ;
#2422 = EDGE_CURVE ( 'NONE', #5263, #2757, #1506, .T. ) ;
#2423 = CARTESIAN_POINT ( 'NONE',  ( 1.509836821652265293, 3.629999999999999893, 0.5710793898188222251 ) ) ;
#2424 = CARTESIAN_POINT ( 'NONE',  ( -3.249999999999998668, 3.680000000000000160, 1.399999999999999689 ) ) ;
#2425 = DIRECTION ( 'NONE',  ( -0.0000000000000000000, 1.000000000000000000, -0.0000000000000000000 ) ) ;
#2426 = CARTESIAN_POINT ( 'NONE',  ( -0.01975180445324029033, 3.629999999999999449, 0.1949223597551754117 ) ) ;
#2427 = VECTOR ( 'NONE', #4363, 1000.000000000000000 ) ;
#2428 = DIRECTION ( 'NONE',  ( 0.0000000000000000000, -0.0000000000000000000, 1.000000000000000000 ) ) ;
#2429 = B_SPLINE_CURVE_WITH_KNOTS ( 'NONE', 3,
 ( #2132, #4568, #6079, #5608, #444, #1540, #2505, #6205, #1647, #586, #3072, #5110, #84, #479, #3685 ),
 .UNSPECIFIED., .F., .F.,
 ( 4, 1, 1, 1, 1, 1, 1, 1, 1, 1, 1, 1, 4 ),
 ( 0.0000000000000000000, 0.1128134007444590026, 0.2253938839207293432, 0.3395948145627008530, 0.4596754102248640783, 0.5217351900879328985, 0.5839258387389161253, 0.6481741447653692756, 0.7138810381130666904, 0.7810044549073896780, 0.8514509275565552704, 0.9240506926641778307, 0.9999999999999998890 ),
 .UNSPECIFIED. ) ;
#2430 = CARTESIAN_POINT ( 'NONE',  ( -1.241611414391632362, 3.679999999999999272, 0.4419735545729195358 ) ) ;
#2431 = CARTESIAN_POINT ( 'NONE',  ( 0.002338813191741381803, 3.630000000000000782, -0.2460548328160466480 ) ) ;
#2432 = AXIS2_PLACEMENT_3D ( 'NONE', #4376, #1874, #5954 ) ;
#2433 = CARTESIAN_POINT ( 'NONE',  ( -1.837960356606177514, 3.679999999999999716, -0.7045612271199888088 ) ) ;
#2434 = ORIENTED_EDGE ( 'NONE', *, *, #3035, .F. ) ;
#2435 = PRESENTATION_STYLE_ASSIGNMENT (( #3907 ) ) ;
#2436 = CARTESIAN_POINT ( 'NONE',  ( -1.305741282102712342, 3.630000000000001226, 0.6548010678234743587 ) ) ;
#2437 =( LENGTH_UNIT ( ) NAMED_UNIT ( * ) SI_UNIT ( .MILLI., .METRE. ) );
#2438 = STYLED_ITEM ( 'NONE', ( #4668 ), #3062 ) ;
#2439 = CARTESIAN_POINT ( 'NONE',  ( 2.313705985960811340, 3.629999999999999893, -0.1124534229775779742 ) ) ;
#2440 = SURFACE_SIDE_STYLE ('',( #4972 ) ) ;
#2441 = FILL_AREA_STYLE ('',( #2909 ) ) ;
#2442 = FACE_OUTER_BOUND ( 'NONE', #3451, .T. ) ;
#2443 = CARTESIAN_POINT ( 'NONE',  ( 0.3826452999863595994, 3.630000000000001226, -0.8179846728606954276 ) ) ;
#2444 = CARTESIAN_POINT ( 'NONE',  ( -2.428883250425158735, 3.630000000000001226, -0.6790440108781699013 ) ) ;
#2445 =( NAMED_UNIT ( * ) SI_UNIT ( $, .STERADIAN. ) SOLID_ANGLE_UNIT ( ) );
#2446 = ORIENTED_EDGE ( 'NONE', *, *, #515, .T. ) ;
#2447 = ORIENTED_EDGE ( 'NONE', *, *, #3035, .T. ) ;
#2448 = CARTESIAN_POINT ( 'NONE',  ( 0.9753419446638262880, 3.629999999999999893, -0.4753088270986000619 ) ) ;
#2449 = CARTESIAN_POINT ( 'NONE',  ( 1.012630880481127926, 3.629999999999999449, 0.4845116065617086076 ) ) ;
#2450 = FACE_BOUND ( 'NONE', #673, .T. ) ;
#2451 = CARTESIAN_POINT ( 'NONE',  ( 1.412406028305625449, 3.679999999999999272, -0.6823670154693968204 ) ) ;
#2452 = CARTESIAN_POINT ( 'NONE',  ( -0.6904635807518620938, 3.629999999999999893, -0.6877740693834172303 ) ) ;
#2453 = CARTESIAN_POINT ( 'NONE',  ( 0.6540649983496172881, 3.679999999999997495, 0.6752334376781268244 ) ) ;
#2454 = CARTESIAN_POINT ( 'NONE',  ( -0.2767952467405265793, 3.629999999999999893, 0.4212972271129389323 ) ) ;
#2455 = ADVANCED_FACE ( 'NONE', ( #4859 ), #4273, .T. ) ;
#2456 = VERTEX_POINT ( 'NONE', #6029 ) ;
#2457 = VERTEX_POINT ( 'NONE', #6485 ) ;
#2458 = CARTESIAN_POINT ( 'NONE',  ( -1.917063244808419720, 3.680000000000000160, -0.5175014999006547489 ) ) ;
#2459 = SURFACE_SIDE_STYLE ('',( #2031 ) ) ;
#2460 = CARTESIAN_POINT ( 'NONE',  ( -0.8724544419956837826, 3.680000000000000604, -0.2817076304389612984 ) ) ;
#2461 = CARTESIAN_POINT ( 'NONE',  ( -2.647131579535740187, 3.630000000000000338, -0.5325847254708087064 ) ) ;
#2462 = FILL_AREA_STYLE ('',( #1000 ) ) ;
#2463 = SURFACE_STYLE_USAGE ( .BOTH. , #4962 ) ;
#2464 = ORIENTED_EDGE ( 'NONE', *, *, #551, .F. ) ;
#2465 = CARTESIAN_POINT ( 'NONE',  ( 1.945837857857680708, 3.630000000000001670, 0.4863931484772729408 ) ) ;
#2466 = CARTESIAN_POINT ( 'NONE',  ( 0.005198706780885681625, 3.629999999999999005, -0.1803889511128611012 ) ) ;
#2467 = CARTESIAN_POINT ( 'NONE',  ( 0.8453916671601016120, 3.680000000000000160, 0.6280818497790880972 ) ) ;
#2468 =( NAMED_UNIT ( * ) SI_UNIT ( $, .STERADIAN. ) SOLID_ANGLE_UNIT ( ) );
#2469 = CARTESIAN_POINT ( 'NONE',  ( 0.6300484245170148156, 3.630000000000000338, -0.7467991491397442116 ) ) ;
#2470 = CARTESIAN_POINT ( 'NONE',  ( -2.645722656257900596, 3.630000000000001226, -0.5647166955704554514 ) ) ;
#2471 = PRESENTATION_STYLE_ASSIGNMENT (( #408 ) ) ;
#2472 = CARTESIAN_POINT ( 'NONE',  ( 2.439999999999999947, -3.499999999999999556, 0.2149999999999999412 ) ) ;
#2473 = CARTESIAN_POINT ( 'NONE',  ( 0.5388590777456861991, 3.679999999999997939, 0.6641806601897407569 ) ) ;
#2474 = CARTESIAN_POINT ( 'NONE',  ( 1.017417857863561537, 3.679999999999998828, 0.04287580767244306840 ) ) ;
#2475 = CARTESIAN_POINT ( 'NONE',  ( -1.840140167885343070, 3.630000000000000338, 0.2027509039454990225 ) ) ;
#2476 = ADVANCED_FACE ( 'NONE', ( #3560, #5586 ), #5533, .T. ) ;
#2477 = ORIENTED_EDGE ( 'NONE', *, *, #3647, .T. ) ;
#2478 = CARTESIAN_POINT ( 'NONE',  ( 0.9868789910812482136, 3.629999999999999893, -0.4385118635079118810 ) ) ;
#2479 = CARTESIAN_POINT ( 'NONE',  ( -1.866399591729243079, 3.680000000000000604, 0.08533149020506698712 ) ) ;
#2480 = CARTESIAN_POINT ( 'NONE',  ( 1.531423463338617452, 3.629999999999999449, 0.3746883762070082335 ) ) ;
#2481 = CARTESIAN_POINT ( 'NONE',  ( 1.302973343049352195, 3.679999999999997939, -0.3150872671391601321 ) ) ;
#2482 = CARTESIAN_POINT ( 'NONE',  ( -0.8784598443191784511, 3.629999999999999005, -0.1722754738825201803 ) ) ;
#2483 = CARTESIAN_POINT ( 'NONE',  ( -1.917063244808419720, 3.680000000000000160, -0.5175014999006547489 ) ) ;
#2484 = CARTESIAN_POINT ( 'NONE',  ( 2.140725144927401402, 3.679999999999999716, -0.4385118635079115479 ) ) ;
#2485 = VERTEX_POINT ( 'NONE', #5562 ) ;
#2486 = ORIENTED_EDGE ( 'NONE', *, *, #960, .T. ) ;
#2487 = CARTESIAN_POINT ( 'NONE',  ( -1.926004834460362636, 3.679999999999998828, -0.4561039940412952021 ) ) ;
#2488 =( LENGTH_UNIT ( ) NAMED_UNIT ( * ) SI_UNIT ( .MILLI., .METRE. ) );
#2489 = CARTESIAN_POINT ( 'NONE',  ( -2.208229110193035361, 3.680000000000000160, -0.9015159229775778771 ) ) ;
#2490 = CARTESIAN_POINT ( 'NONE',  ( -1.893992300769540060, 3.630000000000000782, -0.1385097959973927984 ) ) ;
#2491 = CARTESIAN_POINT ( 'NONE',  ( 0.6300484245170148156, 3.680000000000000604, -0.7467991491397442116 ) ) ;
#2492 = ORIENTED_EDGE ( 'NONE', *, *, #4757, .F. ) ;
#2493 =( NAMED_UNIT ( * ) PLANE_ANGLE_UNIT ( ) SI_UNIT ( $, .RADIAN. ) );
#2494 = CARTESIAN_POINT ( 'NONE',  ( 1.446705722199193023, 3.680000000000000604, 0.1491009936429824323 ) ) ;
#2495 = FILL_AREA_STYLE_COLOUR ( '', #5411 ) ;
#2496 = FILL_AREA_STYLE ('',( #4969 ) ) ;
#2497 =( LENGTH_UNIT ( ) NAMED_UNIT ( * ) SI_UNIT ( .MILLI., .METRE. ) );
#2498 = CARTESIAN_POINT ( 'NONE',  ( -2.036090749824215340, 3.680000000000001936, -0.7074136669319084358 ) ) ;
#2499 = CARTESIAN_POINT ( 'NONE',  ( 0.2816945020797679833, 3.679999999999997495, 0.4897084084938399529 ) ) ;
#2500 = SURFACE_SIDE_STYLE ('',( #2091 ) ) ;
#2501 = CARTESIAN_POINT ( 'NONE',  ( -2.465892675926477651, 3.629999999999999893, -0.6430840287946906209 ) ) ;
#2502 = B_SPLINE_SURFACE_WITH_KNOTS ( 'NONE', 3, 1, ( 
 ( #472, #4067 ),
 ( #1535, #3573 ),
 ( #3102, #4529 ),
 ( #3066, #4671 ),
 ( #4630, #5105 ),
 ( #513, #441 ),
 ( #6560, #1641 ),
 ( #2570, #4594 ),
 ( #3609, #6200 ),
 ( #547, #4165 ),
 ( #4096, #6632 ),
 ( #4131, #2054 ),
 ( #6131, #78 ),
 ( #1570, #2599 ),
 ( #950, #1613 ) ),
 .UNSPECIFIED., .F., .F., .F.,
 ( 4, 1, 1, 1, 1, 1, 1, 1, 1, 1, 1, 1, 4 ),
 ( 2, 2 ),
 ( 0.0000000000000000000, 0.08968993624739336756, 0.1784940104960778262, 0.2668377532994885004, 0.3565581760610172513, 0.4453342496549777541, 0.5308058350374912360, 0.6140762174402836227, 0.6977070858228028305, 0.7791419498114611208, 0.8553535905869756872, 0.9285568200856554322, 1.000000000000000000 ),
 ( 0.0000000000000000000, 1.000000000000000000 ),
 .UNSPECIFIED. ) ;
#2503 = ORIENTED_EDGE ( 'NONE', *, *, #4004, .T. ) ;
#2504 = AXIS2_PLACEMENT_3D ( 'NONE', #5256, #6325, #6075 ) ;
#2505 = CARTESIAN_POINT ( 'NONE',  ( 0.8569436256316651512, 3.630000000000000782, 0.4404177906756156502 ) ) ;
#2506 = LINE ( 'NONE', #4923, #4557 ) ;
#2507 = EDGE_CURVE ( 'NONE', #453, #4118, #1353, .T. ) ;
#2508 = CARTESIAN_POINT ( 'NONE',  ( 1.457144164543447973, 3.679999999999999272, -0.7440990805603756586 ) ) ;
#2509 = CARTESIAN_POINT ( 'NONE',  ( -0.8724544419956837826, 3.630000000000000338, -0.2817076304389612984 ) ) ;
#2510 = PRODUCT_DEFINITION_FORMATION_WITH_SPECIFIED_SOURCE ( 'ANY', '', #6507, .NOT_KNOWN. ) ;
#2511 = CARTESIAN_POINT ( 'NONE',  ( 0.7808075231271917049, 3.679999999999996163, 0.6545537366480597141 ) ) ;
#2512 = CARTESIAN_POINT ( 'NONE',  ( -0.3407898287539133930, 3.680000000000000604, -0.8692146474260489253 ) ) ;
#2513 = ORIENTED_EDGE ( 'NONE', *, *, #3540, .F. ) ;
#2514 = CARTESIAN_POINT ( 'NONE',  ( -2.233700413242374339, 3.679999999999999272, 0.5211577191158176525 ) ) ;
#2515 = CARTESIAN_POINT ( 'NONE',  ( 0.6466386782685031864, 3.629999999999999893, 0.5215610000993451401 ) ) ;
#2516 = CARTESIAN_POINT ( 'NONE',  ( -0.7392977864165821700, 3.680000000000001048, -0.6458920270262255015 ) ) ;
#2517 = DIRECTION ( 'NONE',  ( 0.0000000000000000000, 0.0000000000000000000, -1.000000000000000000 ) ) ;
#2518 = VECTOR ( 'NONE', #3803, 1000.000000000000000 ) ;
#2519 = CARTESIAN_POINT ( 'NONE',  ( 1.431836660323202226, 3.629999999999999005, 0.002369331732083174158 ) ) ;
#2520 = CARTESIAN_POINT ( 'NONE',  ( 0.5483551289824538655, 3.679999999999999716, 0.5060575432019168707 ) ) ;
#2521 = ORIENTED_EDGE ( 'NONE', *, *, #3645, .F. ) ;
#2522 = CARTESIAN_POINT ( 'NONE',  ( 1.945837857857680708, 3.630000000000001670, 0.4863931484772729408 ) ) ;
#2523 = STYLED_ITEM ( 'NONE', ( #6631 ), #1585 ) ;
#2524 = CARTESIAN_POINT ( 'NONE',  ( 2.166477034327281892, 3.629999999999999893, 0.4845116065617087742 ) ) ;
#2525 = DIRECTION ( 'NONE',  ( 0.0000000000000000000, 0.0000000000000000000, 1.000000000000000000 ) ) ;
#2526 = CARTESIAN_POINT ( 'NONE',  ( -0.8332366303628698789, 3.680000000000000160, 0.2623444497358974337 ) ) ;
#2527 = CARTESIAN_POINT ( 'NONE',  ( -0.7926056231621096959, 3.630000000000000338, 0.3496025440466696832 ) ) ;
#2528 = ORIENTED_EDGE ( 'NONE', *, *, #124, .F. ) ;
#2529 = STYLED_ITEM ( 'NONE', ( #4921 ), #2128 ) ;
#2530 = CARTESIAN_POINT ( 'NONE',  ( -0.2247824471850627670, 3.679999999999999272, 0.3515568068007467462 ) ) ;
#2531 = STYLED_ITEM ( 'NONE', ( #468 ), #5125 ) ;
#2532 = EDGE_CURVE ( 'NONE', #6212, #953, #3696, .T. ) ;
#2533 = CARTESIAN_POINT ( 'NONE',  ( -0.9338573030205296055, 3.680000000000000160, -0.6109811010550231236 ) ) ;
#2534 = EDGE_CURVE ( 'NONE', #3592, #385, #937, .T. ) ;
#2535 = CIRCLE ( 'NONE', #4778, 2.500000000000000444 ) ;
#2536 = VECTOR ( 'NONE', #5888, 1000.000000000000000 ) ;
#2537 = AXIS2_PLACEMENT_3D ( 'NONE', #3854, #1822, #1754 ) ;
#2538 = CARTESIAN_POINT ( 'NONE',  ( 0.1410410817595609267, 3.679999999999997939, -0.04221051877335942060 ) ) ;
#2539 = DIRECTION ( 'NONE',  ( 0.0000000000000000000, -1.000000000000000000, 0.0000000000000000000 ) ) ;
#2540 = CARTESIAN_POINT ( 'NONE',  ( -0.5072074755776505572, 3.680000000000000160, -0.7476697691314242444 ) ) ;
#2541 = FILL_AREA_STYLE_COLOUR ( '', #594 ) ;
#2542 = CARTESIAN_POINT ( 'NONE',  ( -2.439999999999999947, 0.05000000000000000278, 0.3000000000000000999 ) ) ;
#2543 = CARTESIAN_POINT ( 'NONE',  ( -1.922508142294848454, 3.630000000000000338, 0.006716247358594484677 ) ) ;
#2544 = CARTESIAN_POINT ( 'NONE',  ( -2.452370153278089493, 3.629999999999999005, -0.03744326050678679907 ) ) ;
#2545 = CARTESIAN_POINT ( 'NONE',  ( -0.9975393477733239811, 3.629999999999999893, 0.1484287315833060783 ) ) ;
#2546 = DIRECTION ( 'NONE',  ( -0.0000000000000000000, 1.000000000000000000, -0.0000000000000000000 ) ) ;
#2547 = CIRCLE ( 'NONE', #5330, 0.2149999999999999412 ) ;
#2548 = SURFACE_SIDE_STYLE ('',( #483 ) ) ;
#2549 = CARTESIAN_POINT ( 'NONE',  ( 0.9064076506559779478, 3.679999999999995719, 0.5906681404830106397 ) ) ;
#2550 = CARTESIAN_POINT ( 'NONE',  ( 1.849692883663440535, 3.680000000000000604, -0.7450596256095286529 ) ) ;
#2551 = ORIENTED_EDGE ( 'NONE', *, *, #4090, .T. ) ;
#2552 = DIRECTION ( 'NONE',  ( -0.0000000000000000000, 1.000000000000000000, -0.0000000000000000000 ) ) ;
#2553 = COLOUR_RGB ( '',0.8313725490196077761, 0.6705882352941175961, 0.1294117647058823373 ) ;
#2554 = ORIENTED_EDGE ( 'NONE', *, *, #39, .F. ) ;
#2555 = CARTESIAN_POINT ( 'NONE',  ( 0.6303011321649328869, 3.680000000000000160, 0.6752072873202952241 ) ) ;
#2556 =( NAMED_UNIT ( * ) SI_UNIT ( $, .STERADIAN. ) SOLID_ANGLE_UNIT ( ) );
#2557 = CARTESIAN_POINT ( 'NONE',  ( 1.795977620576195255, 3.629999999999999893, -0.9015159229775778771 ) ) ;
#2558 = PRESENTATION_STYLE_ASSIGNMENT (( #495 ) ) ;
#2559 = CARTESIAN_POINT ( 'NONE',  ( 0.2753863095269755701, 3.680000000000000160, -0.1722754738825201248 ) ) ;
#2560 = CARTESIAN_POINT ( 'NONE',  ( -1.205524783269958267, 3.629999999999999893, 0.5311763847147297213 ) ) ;
#2561 = ADVANCED_FACE ( 'NONE', ( #5229, #492 ), #2103, .T. ) ;
#2562 = EDGE_CURVE ( 'NONE', #2219, #5186, #1919, .T. ) ;
#2563 = ORIENTED_EDGE ( 'NONE', *, *, #6504, .F. ) ;
#2564 = VERTEX_POINT ( 'NONE', #3358 ) ;
#2565 = CARTESIAN_POINT ( 'NONE',  ( 2.209702136222441382, 3.679999999999995719, 0.4158690181570808275 ) ) ;
#2566 = CARTESIAN_POINT ( 'NONE',  ( 1.515086684530197569, 3.680000000000000160, 0.3496025440466700163 ) ) ;
#2567 = FILL_AREA_STYLE ('',( #2495 ) ) ;
#2568 = SURFACE_STYLE_USAGE ( .BOTH. , #3603 ) ;
#2569 = SURFACE_STYLE_FILL_AREA ( #4164 ) ;
#2570 = CARTESIAN_POINT ( 'NONE',  ( -2.001797330440802991, 3.629999999999999005, -0.3418096451623114373 ) ) ;
#2571 = CARTESIAN_POINT ( 'NONE',  ( -0.2566267000748529425, 3.680000000000001048, -0.6227368200016885069 ) ) ;
#2572 = CARTESIAN_POINT ( 'NONE',  ( 0.2780139912995029938, 3.679999999999999716, -0.2288744940549597706 ) ) ;
#2573 = CARTESIAN_POINT ( 'NONE',  ( -2.194592780020842238, 3.679999999999998828, -0.1127784654068359482 ) ) ;
#2574 = CARTESIAN_POINT ( 'NONE',  ( -2.452370153278089493, 3.679999999999998384, -0.03744326050678679907 ) ) ;
#2575 = CARTESIAN_POINT ( 'NONE',  ( -0.5235450216812214119, 3.630000000000000338, 0.6752072873202952241 ) ) ;
#2576 = CARTESIAN_POINT ( 'NONE',  ( -1.705524783269958489, 3.680000000000000604, 0.2000465770224221229 ) ) ;
#2577 = CARTESIAN_POINT ( 'NONE',  ( -3.249999999999998668, 0.5000000000000000000, 1.899999999999999689 ) ) ;
#2578 = CARTESIAN_POINT ( 'NONE',  ( 0.6632491089781084037, 3.679999999999999716, 0.5208762368943952170 ) ) ;
#2579 = CARTESIAN_POINT ( 'NONE',  ( 2.069063757502570766, 3.680000000000000160, -0.5978657301826297843 ) ) ;
#2580 = ORIENTED_EDGE ( 'NONE', *, *, #4294, .T. ) ;
#2581 = CARTESIAN_POINT ( 'NONE',  ( 0.8569436256316651512, 3.630000000000000782, 0.4404177906756156502 ) ) ;
#2582 = CARTESIAN_POINT ( 'NONE',  ( -0.8671985466692352373, 3.679999999999999716, -0.3306856961686310825 ) ) ;
#2583 = CARTESIAN_POINT ( 'NONE',  ( -2.513217090962266198, 3.629999999999998561, -0.5144966922083471506 ) ) ;
#2584 = CARTESIAN_POINT ( 'NONE',  ( 0.2780139912995029938, 3.679999999999999716, -0.2288744940549597706 ) ) ;
#2585 = CARTESIAN_POINT ( 'NONE',  ( 1.901170091495508530, 3.630000000000000338, 0.6638967874564071225 ) ) ;
#2586 = CARTESIAN_POINT ( 'NONE',  ( 0.2860868761276009198, 3.629999999999999893, 0.1040367025673503004 ) ) ;
#2587 = ORIENTED_EDGE ( 'NONE', *, *, #1985, .F. ) ;
#2588 = CARTESIAN_POINT ( 'NONE',  ( -0.1598547906327971446, 3.630000000000000338, 0.1813333426727404551 ) ) ;
#2589 = SURFACE_STYLE_USAGE ( .BOTH. , #4660 ) ;
#2590 = CARTESIAN_POINT ( 'NONE',  ( -0.09902078196356542406, 3.630000000000000338, -0.6435308254703240305 ) ) ;
#2591 = SURFACE_STYLE_USAGE ( .BOTH. , #3055 ) ;
#2592 = CARTESIAN_POINT ( 'NONE',  ( -2.596267743392460137, 3.679999999999998384, 0.5315245190892164961 ) ) ;
#2593 = CARTESIAN_POINT ( 'NONE',  ( -0.8758556473691045952, 3.680000000000001048, 0.002369331732083141632 ) ) ;
#2594 = CARTESIAN_POINT ( 'NONE',  ( -0.8758556473691045952, 3.680000000000002380, 0.002369331732083141632 ) ) ;
#2595 = CARTESIAN_POINT ( 'NONE',  ( -0.9505663554569625529, 3.630000000000000338, -0.5713049426169536371 ) ) ;
#2596 = CARTESIAN_POINT ( 'NONE',  ( -0.01012996317891356503, 3.679999999999996607, 0.1404690945410504432 ) ) ;
#2597 = CARTESIAN_POINT ( 'NONE',  ( -1.213588747263981027, 3.680000000000000160, 0.5793788230313414722 ) ) ;
#2598 = CARTESIAN_POINT ( 'NONE',  ( 2.159564724571910954, 3.630000000000000338, -0.3577718649040553256 ) ) ;
#2599 = CARTESIAN_POINT ( 'NONE',  ( -1.917545356310643045, 3.679999999999999716, -0.5073479346678404500 ) ) ;
#2600 = CARTESIAN_POINT ( 'NONE',  ( -1.795675874948240658, 3.679999999999999716, -0.6110012066078391868 ) ) ;
#2601 = CARTESIAN_POINT ( 'NONE',  ( 2.261811681937100360, 3.680000000000001492, -0.5200272577096723969 ) ) ;
#2602 = CARTESIAN_POINT ( 'NONE',  ( 0.1756946919211344882, 3.629999999999999893, -0.4812613761502044785 ) ) ;
#2603 = DIRECTION ( 'NONE',  ( 1.000000000000000000, 0.0000000000000000000, -0.0000000000000000000 ) ) ;
#2604 = SURFACE_STYLE_FILL_AREA ( #1174 ) ;
#2605 = CARTESIAN_POINT ( 'NONE',  ( -1.758431058163708149, 3.679999999999998384, 0.001144104676676612050 ) ) ;
#2606 = CARTESIAN_POINT ( 'NONE',  ( 2.165116227399594084, 3.629999999999999893, -0.7121319088907783756 ) ) ;
#2607 = DIRECTION ( 'NONE',  ( -0.0000000000000000000, 1.000000000000000000, -0.0000000000000000000 ) ) ;
#2608 = LINE ( 'NONE', #5530, #4523 ) ;
#2609 = CARTESIAN_POINT ( 'NONE',  ( 1.013174522622368956, 3.629999999999999449, -0.3137360208878448020 ) ) ;
#2610 = VERTEX_POINT ( 'NONE', #2279 ) ;
#2611 = CARTESIAN_POINT ( 'NONE',  ( 0.8955060707198780889, 3.630000000000000782, 0.3998875696959026116 ) ) ;
#2612 = FILL_AREA_STYLE ('',( #2747 ) ) ;
#2613 = DIRECTION ( 'NONE',  ( -0.0000000000000000000, 1.000000000000000000, -0.0000000000000000000 ) ) ;
#2614 = VECTOR ( 'NONE', #3543, 1000.000000000000000 ) ;
#2615 = ADVANCED_FACE ( 'NONE', ( #4886 ), #1775, .T. ) ;
#2616 = CARTESIAN_POINT ( 'NONE',  ( -1.330524783269958267, 3.629999999999999893, 0.6561763847147297213 ) ) ;
#2617 = CARTESIAN_POINT ( 'NONE',  ( 1.429090601345426537, 3.629999999999999893, -0.1130543845160394689 ) ) ;
#2618 = PRESENTATION_STYLE_ASSIGNMENT (( #4149 ) ) ;
#2619 = CARTESIAN_POINT ( 'NONE',  ( 0.3004481917034749205, 3.629999999999998561, 0.1905737149566111011 ) ) ;
#2620 = EDGE_LOOP ( 'NONE', ( #4024, #1042, #3964, #5492 ) ) ;
#2621 = EDGE_LOOP ( 'NONE', ( #3634, #935, #1066, #1492 ) ) ;
#2622 = FILL_AREA_STYLE ('',( #101 ) ) ;
#2623 = CARTESIAN_POINT ( 'NONE',  ( 1.013174522622368956, 3.679999999999999716, -0.3137360208878448020 ) ) ;
#2624 = UNCERTAINTY_MEASURE_WITH_UNIT (LENGTH_MEASURE( 1.000000000000000082E-05 ), #2975, 'distance_accuracy_value', 'NONE');
#2625 = DIRECTION ( 'NONE',  ( -0.0000000000000000000, 1.000000000000000000, -0.0000000000000000000 ) ) ;
#2626 =( LENGTH_UNIT ( ) NAMED_UNIT ( * ) SI_UNIT ( .MILLI., .METRE. ) );
#2627 =( LENGTH_UNIT ( ) NAMED_UNIT ( * ) SI_UNIT ( .MILLI., .METRE. ) );
#2628 = CARTESIAN_POINT ( 'NONE',  ( -1.939950907458583007, 3.630000000000001226, 0.6121880370802704752 ) ) ;
#2629 = CARTESIAN_POINT ( 'NONE',  ( -0.7584766743984047155, 3.680000000000002380, 0.3977910179525211420 ) ) ;
#2630 = CARTESIAN_POINT ( 'NONE',  ( -0.9338573030205296055, 3.629999999999999893, -0.6109811010550231236 ) ) ;
#2631 = AXIS2_PLACEMENT_3D ( 'NONE', #1401, #1870, #70 ) ;
#2632 = CARTESIAN_POINT ( 'NONE',  ( -1.305741282102712342, 3.630000000000001226, 0.6548010678234743587 ) ) ;
#2633 = CARTESIAN_POINT ( 'NONE',  ( 2.140725144927401402, 3.680000000000001936, -0.4385118635079115479 ) ) ;
#2634 = CARTESIAN_POINT ( 'NONE',  ( 1.003310820014940985, 3.680000000000002380, 0.1371035866993394470 ) ) ;
#2635 = COLOUR_RGB ( '',0.7686274509803920907, 0.7686274509803920907, 0.7686274509803920907 ) ;
#2636 = CARTESIAN_POINT ( 'NONE',  ( -0.1406716312237847877, 3.629999999999999449, -0.3137360208878448575 ) ) ;
#2637 = MECHANICAL_DESIGN_GEOMETRIC_PRESENTATION_REPRESENTATION (  '', ( #5619 ), #4446 ) ;
#2638 = CARTESIAN_POINT ( 'NONE',  ( 2.439999999999999947, 0.0000000000000000000, 0.0000000000000000000 ) ) ;
#2639 = CIRCLE ( 'NONE', #711, 0.2149999999999999412 ) ;
#2640 = CARTESIAN_POINT ( 'NONE',  ( -2.170140692546939309, 3.629999999999999449, -0.1122358743413936627 ) ) ;
#2641 = DIRECTION ( 'NONE',  ( 0.0000000000000000000, -0.0000000000000000000, 1.000000000000000000 ) ) ;
#2642 = CARTESIAN_POINT ( 'NONE',  ( -0.7106020285763623434, 3.679999999999996163, 0.6291298927570958543 ) ) ;
#2643 = CARTESIAN_POINT ( 'NONE',  ( -2.439999999999999947, 0.05000000000000000278, 0.0000000000000000000 ) ) ;
#2644 = CARTESIAN_POINT ( 'NONE',  ( 2.029535402918836606, 3.680000000000000604, -0.8376006540887752649 ) ) ;
#2645 =( GEOMETRIC_REPRESENTATION_CONTEXT ( 3 ) GLOBAL_UNCERTAINTY_ASSIGNED_CONTEXT ( ( #2169 ) ) GLOBAL_UNIT_ASSIGNED_CONTEXT ( ( #3983, #4014, #954 ) ) REPRESENTATION_CONTEXT ( 'NONE', 'WORKASPACE' ) );
#2646 = CARTESIAN_POINT ( 'NONE',  ( -0.9140931352728103310, 3.680000000000000604, 0.4230134304746231977 ) ) ;
#2647 = CARTESIAN_POINT ( 'NONE',  ( 0.8571643443391228079, 3.680000000000002380, -0.6649389182869537285 ) ) ;
#2648 = CARTESIAN_POINT ( 'NONE',  ( 3.249999999999998224, 0.5000000000000000000, -2.499999999999999112 ) ) ;
#2649 = CARTESIAN_POINT ( 'NONE',  ( 1.024547385932782939, 3.680000000000003268, -0.1663518433583049683 ) ) ;
#2650 = ORIENTED_EDGE ( 'NONE', *, *, #6504, .T. ) ;
#2651 = VERTEX_POINT ( 'NONE', #4016 ) ;
#2652 = CARTESIAN_POINT ( 'NONE',  ( 3.249999999999999112, 3.180000000000000160, -1.399999999999999689 ) ) ;
#2653 = CARTESIAN_POINT ( 'NONE',  ( 1.588572818437191225, 3.630000000000000782, -0.6653433644798524282 ) ) ;
#2654 = SURFACE_SIDE_STYLE ('',( #2072 ) ) ;
#2655 = CARTESIAN_POINT ( 'NONE',  ( -2.492622343216793102, 3.629999999999999449, -0.6035767066027705186 ) ) ;
#2656 = ADVANCED_FACE ( 'NONE', ( #4982, #1381, #5462, #6021, #387, #2450 ), #3393, .T. ) ;
#2657 =( NAMED_UNIT ( * ) SI_UNIT ( $, .STERADIAN. ) SOLID_ANGLE_UNIT ( ) );
#2658 = CARTESIAN_POINT ( 'NONE',  ( 0.6301350008689250437, 3.630000000000000782, 0.5207344913679610166 ) ) ;
#2659 = EDGE_LOOP ( 'NONE', ( #462, #4218, #6062, #2755 ) ) ;
#2660 = CARTESIAN_POINT ( 'NONE',  ( -1.927633327809246566, 3.679999999999999272, -0.5800730367822115596 ) ) ;
#2661 = CARTESIAN_POINT ( 'NONE',  ( -0.2196376606880518778, 3.629999999999999893, -0.7953408740158949275 ) ) ;
#2662 = CARTESIAN_POINT ( 'NONE',  ( -2.466264169439788656, 3.629999999999999449, -0.1793630927054551405 ) ) ;
#2663 = CARTESIAN_POINT ( 'NONE',  ( -2.215741129423804523, 3.629999999999999893, -0.7476697691314242444 ) ) ;
#2664 = CARTESIAN_POINT ( 'NONE',  ( 0.005190319501894647899, 3.679999999999994831, -0.04481925449197889794 ) ) ;
#2665 = CARTESIAN_POINT ( 'NONE',  ( 2.179090601345426315, 3.629999999999999893, -0.1130543845160394689 ) ) ;
#2666 = CARTESIAN_POINT ( 'NONE',  ( -1.925160158448424141, 3.629999999999999893, -0.1596987809401858582 ) ) ;
#2667 = CARTESIAN_POINT ( 'NONE',  ( -1.783150730029857245, 3.630000000000000782, -0.5289781797072989900 ) ) ;
#2668 = CARTESIAN_POINT ( 'NONE',  ( -0.1561666432119514225, 3.629999999999999449, -0.3995362814424763265 ) ) ;
#2669 = CARTESIAN_POINT ( 'NONE',  ( 1.025244447499272793, 3.629999999999999893, -0.1130543845160394689 ) ) ;
#2670 = CARTESIAN_POINT ( 'NONE',  ( -2.411443858641839189, 3.630000000000001670, 0.4836018124856032996 ) ) ;
#2671 = CARTESIAN_POINT ( 'NONE',  ( -2.490563513711050447, 3.629999999999999893, -0.4243150480952017078 ) ) ;
#2672 = B_SPLINE_CURVE_WITH_KNOTS ( 'NONE', 3,
 ( #3708, #3773, #1153, #5300, #712, #5880, #4330, #752, #271, #4897, #1352, #308, #334, #3307, #2389, #6458, #3403, #5439, #1898, #5976, #5473, #2927, #2420, #6338, #6581, #3046, #5858 ),
 .UNSPECIFIED., .F., .F.,
 ( 4, 1, 1, 1, 1, 1, 1, 1, 1, 1, 1, 1, 1, 1, 1, 1, 1, 1, 1, 1, 1, 1, 1, 1, 4 ),
 ( 0.0000000000000000000, 0.06506328961727909921, 0.1267731664665229241, 0.1855157632260790446, 0.2407646791677148790, 0.2929797960235979715, 0.3422503727797672757, 0.3889192861856602956, 0.4327756640583103054, 0.4746284326311174251, 0.5147746906379533360, 0.5536058934984421365, 0.5914264064311726132, 0.6280281199460669983, 0.6638036341103202842, 0.6989843361316633308, 0.7335914893067053688, 0.7676284691511398028, 0.8012083477865920011, 0.8342638397266233241, 0.8669806947287757026, 0.8997197415181601432, 0.9327019124985381771, 0.9661758834327490719, 1.000000000000000000 ),
 .UNSPECIFIED. ) ;
#2673 = CARTESIAN_POINT ( 'NONE',  ( -0.9885466526306628809, 3.679999999999996607, 0.2037647460570418123 ) ) ;
#2674 = LINE ( 'NONE', #3145, #5963 ) ;
#2675 = EDGE_CURVE ( 'NONE', #3528, #3568, #3100, .T. ) ;
#2676 = CARTESIAN_POINT ( 'NONE',  ( 2.276068644196663993, 3.680000000000000160, -0.4725566460590628903 ) ) ;
#2677 = CARTESIAN_POINT ( 'NONE',  ( 0.9569836289069625357, 3.679999999999999272, 0.2949889125815163271 ) ) ;
#2678 = CARTESIAN_POINT ( 'NONE',  ( -2.324055651908746523, 3.680000000000001492, -0.2857158061871724053 ) ) ;
#2679 = ORIENTED_EDGE ( 'NONE', *, *, #574, .T. ) ;
#2680 = CARTESIAN_POINT ( 'NONE',  ( -3.249999999999999556, 3.180000000000000160, 1.399999999999999689 ) ) ;
#2681 = CARTESIAN_POINT ( 'NONE',  ( 1.302899652900341376, 3.679999999999999716, 0.08899704713222963970 ) ) ;
#2682 = CARTESIAN_POINT ( 'NONE',  ( -0.8329346581220937740, 3.679999999999997939, -0.4890562694957942269 ) ) ;
#2683 = CARTESIAN_POINT ( 'NONE',  ( -2.359217658704392484, 3.630000000000000338, -0.7210706991617041872 ) ) ;
#2684 = PRESENTATION_STYLE_ASSIGNMENT (( #1148 ) ) ;
#2685 = CARTESIAN_POINT ( 'NONE',  ( 1.150770977575658272, 3.679999999999996163, -0.3080975394639433040 ) ) ;
#2686 = CARTESIAN_POINT ( 'NONE',  ( -1.400317377237780381, 3.629999999999999005, 0.4260653636447729875 ) ) ;
#2687 = CARTESIAN_POINT ( 'NONE',  ( -1.941866103786513920, 3.629999999999998561, 0.4265064581002523947 ) ) ;
#2688 = UNCERTAINTY_MEASURE_WITH_UNIT (LENGTH_MEASURE( 1.000000000000000082E-05 ), #1891, 'distance_accuracy_value', 'NONE');
#2689 = CARTESIAN_POINT ( 'NONE',  ( 0.3559906678061113272, 3.629999999999999449, 0.5710793898188217810 ) ) ;
#2690 = CARTESIAN_POINT ( 'NONE',  ( 1.901170091495508530, 3.679999999999997495, 0.6638967874564071225 ) ) ;
#2691 = CARTESIAN_POINT ( 'NONE',  ( -0.3734148229543879371, 3.629999999999999893, -0.8808699374229450596 ) ) ;
#2692 = FILL_AREA_STYLE ('',( #649 ) ) ;
#2693 = CARTESIAN_POINT ( 'NONE',  ( 1.515721740326751554, 3.679999999999999716, -0.5762433685113895754 ) ) ;
#2694 = EDGE_CURVE ( 'NONE', #1179, #5523, #1478, .T. ) ;
#2695 = CARTESIAN_POINT ( 'NONE',  ( -1.831036431598177305, 3.630000000000000338, 0.5238553099174126926 ) ) ;
#2696 = CARTESIAN_POINT ( 'NONE',  ( -0.5072074755776505572, 3.629999999999999893, -0.7476697691314242444 ) ) ;
#2697 = CARTESIAN_POINT ( 'NONE',  ( 1.297926767772279000, 3.630000000000000782, -0.2512471432840847063 ) ) ;
#2698 = CARTESIAN_POINT ( 'NONE',  ( 0.6303008039596048606, 3.629999999999999449, -0.9013173374551021189 ) ) ;
#2699 = CARTESIAN_POINT ( 'NONE',  ( 0.5009463624548378125, 3.680000000000001048, 0.4853377904169315915 ) ) ;
#2700 = CARTESIAN_POINT ( 'NONE',  ( 1.795977620576195255, 3.680000000000000160, -0.9015159229775778771 ) ) ;
#2701 = DIRECTION ( 'NONE',  ( 0.0000000000000000000, -1.000000000000000000, 0.0000000000000000000 ) ) ;
#2702 = CARTESIAN_POINT ( 'NONE',  ( -0.5814374574833480747, 3.629999999999999893, 0.6707358758521785314 ) ) ;
#2703 = LINE ( 'NONE', #3888, #4207 ) ;
#2704 = CARTESIAN_POINT ( 'NONE',  ( 3.249999999999999112, 3.180000000000000604, -1.899999999999999689 ) ) ;
#2705 = SURFACE_STYLE_FILL_AREA ( #5766 ) ;
#2706 = ORIENTED_EDGE ( 'NONE', *, *, #5463, .T. ) ;
#2707 = EDGE_CURVE ( 'NONE', #3425, #6517, #6279, .T. ) ;
#2708 = CARTESIAN_POINT ( 'NONE',  ( -2.512340361243434295, 3.679999999999996163, -0.4911800825697023032 ) ) ;
#2709 = CARTESIAN_POINT ( 'NONE',  ( 1.568394521275725984, 3.630000000000000338, -0.6458920270262250574 ) ) ;
#2710 =( NAMED_UNIT ( * ) SI_UNIT ( $, .STERADIAN. ) SOLID_ANGLE_UNIT ( ) );
#2711 = CARTESIAN_POINT ( 'NONE',  ( -3.249999999999998668, 0.5000000000000000000, 1.899999999999999689 ) ) ;
#2712 = CARTESIAN_POINT ( 'NONE',  ( 1.073841958697586474, 3.629999999999999449, -0.6050747405586920369 ) ) ;
#2713 = ORIENTED_EDGE ( 'NONE', *, *, #1849, .T. ) ;
#2714 = ORIENTED_EDGE ( 'NONE', *, *, #5835, .T. ) ;
#2715 = VERTEX_POINT ( 'NONE', #417 ) ;
#2716 = CARTESIAN_POINT ( 'NONE',  ( -2.543860743911949829, 3.630000000000000338, 0.3714700008124587338 ) ) ;
#2717 = CARTESIAN_POINT ( 'NONE',  ( -1.819106514039189104, 3.680000000000000160, 0.5107436924070374307 ) ) ;
#2718 = MECHANICAL_DESIGN_GEOMETRIC_PRESENTATION_REPRESENTATION (  '', ( #2938 ), #6543 ) ;
#2719 = CARTESIAN_POINT ( 'NONE',  ( -0.1505353338312132028, 3.629999999999999893, 0.1371035866993394192 ) ) ;
#2720 = CARTESIAN_POINT ( 'NONE',  ( 0.6421314667300419554, 3.629999999999999893, 0.6754071539454989948 ) ) ;
#2721 = CARTESIAN_POINT ( 'NONE',  ( 0.2199888508256238884, 3.629999999999999449, -0.6109811010550234567 ) ) ;
#2722 = CARTESIAN_POINT ( 'NONE',  ( -0.02010410553495802638, 3.679999999999997495, -0.4213105659790586932 ) ) ;
#2723 = CARTESIAN_POINT ( 'NONE',  ( -2.671545042645773638, 3.629999999999999893, 0.008680484647062154321 ) ) ;
#2724 =( GEOMETRIC_REPRESENTATION_CONTEXT ( 3 ) GLOBAL_UNCERTAINTY_ASSIGNED_CONTEXT ( ( #537 ) ) GLOBAL_UNIT_ASSIGNED_CONTEXT ( ( #1988, #396, #1958 ) ) REPRESENTATION_CONTEXT ( 'NONE', 'WORKASPACE' ) );
#2725 = CARTESIAN_POINT ( 'NONE',  ( -0.5814336922013229048, 3.680000000000000160, -0.8968299476424231864 ) ) ;
#2726 = B_SPLINE_SURFACE_WITH_KNOTS ( 'NONE', 3, 1, ( 
 ( #2375, #3385 ),
 ( #5417, #1474 ),
 ( #1375, #6017 ),
 ( #2911, #6531 ),
 ( #4010, #888 ),
 ( #3913, #412 ),
 ( #1971, #5037 ),
 ( #830, #4475 ),
 ( #3979, #4916 ),
 ( #2444, #442 ),
 ( #5489, #1915 ),
 ( #2501, #3423 ),
 ( #5958, #6502 ),
 ( #4042, #3515 ),
 ( #5458, #2943 ),
 ( #4977, #383 ),
 ( #1443, #5549 ),
 ( #951, #4530 ),
 ( #6561, #861 ) ),
 .UNSPECIFIED., .F., .F., .F.,
 ( 4, 1, 1, 1, 1, 1, 1, 1, 1, 1, 1, 1, 1, 1, 1, 1, 4 ),
 ( 2, 2 ),
 ( 0.0000000000000000000, 0.07524330859112909886, 0.1472088117202523805, 0.2164470898547694033, 0.2840250416193521033, 0.3506554491966468179, 0.4150313178410256487, 0.4796298309645127267, 0.5446516341371369085, 0.6080442396977421282, 0.6678275650288177934, 0.7251142466493386562, 0.7809917079106403204, 0.8355270040618589800, 0.8894381545415830370, 0.9440720891799447845, 1.000000000000000000 ),
 ( 0.0000000000000000000, 1.000000000000000000 ),
 .UNSPECIFIED. ) ;
#2727 = CARTESIAN_POINT ( 'NONE',  ( -0.8505481431488596256, 3.679999999999999716, -0.7440990805603757696 ) ) ;
#2728 = CARTESIAN_POINT ( 'NONE',  ( 3.249999999999999112, 3.680000000000000160, -1.899999999999999689 ) ) ;
#2729 = CARTESIAN_POINT ( 'NONE',  ( -1.732189913291030559, 3.680000000000000160, 0.05374379331078437544 ) ) ;
#2730 = CARTESIAN_POINT ( 'NONE',  ( 2.178854805959883123, 3.629999999999999893, -0.1310833441666291177 ) ) ;
#2731 =( GEOMETRIC_REPRESENTATION_CONTEXT ( 3 ) GLOBAL_UNCERTAINTY_ASSIGNED_CONTEXT ( ( #1222 ) ) GLOBAL_UNIT_ASSIGNED_CONTEXT ( ( #6147, #1657, #3628 ) ) REPRESENTATION_CONTEXT ( 'NONE', 'WORKASPACE' ) );
#2732 = CARTESIAN_POINT ( 'NONE',  ( 1.329540845767288593, 3.629999999999999449, -0.4812613761502044230 ) ) ;
#2733 = VERTEX_POINT ( 'NONE', #3007 ) ;
#2734 = CARTESIAN_POINT ( 'NONE',  ( -2.451788653225174919, 3.679999999999998384, 0.4621387267324993942 ) ) ;
#2735 = CARTESIAN_POINT ( 'NONE',  ( -2.652691956359805037, 3.630000000000000338, 0.4574633124820900454 ) ) ;
#2736 = CARTESIAN_POINT ( 'NONE',  ( -2.268836400115286533, 3.629999999999999893, -0.2712906988522665874 ) ) ;
#2737 = CARTESIAN_POINT ( 'NONE',  ( -2.562879493495023198, 3.629999999999999893, 0.09280515378988116182 ) ) ;
#2738 = MECHANICAL_DESIGN_GEOMETRIC_PRESENTATION_REPRESENTATION (  '', ( #2854 ), #3053 ) ;
#2739 = CARTESIAN_POINT ( 'NONE',  ( -1.012805072086593094, 3.629999999999999005, -0.04221051877335934427 ) ) ;
#2740 = CARTESIAN_POINT ( 'NONE',  ( 1.783981154715078787, 3.630000000000000338, 0.5207344913679609055 ) ) ;
#2741 = CARTESIAN_POINT ( 'NONE',  ( 2.312882627194202900, 3.630000000000000782, -0.04481925449197887018 ) ) ;
#2742 = CARTESIAN_POINT ( 'NONE',  ( -2.697762507912154106, 3.679999999999998828, 0.06290958720000432158 ) ) ;
#2743 = CARTESIAN_POINT ( 'NONE',  ( 1.025244447499272793, 3.680000000000000160, -0.1130543845160394689 ) ) ;
#2744 = VERTEX_POINT ( 'NONE', #2917 ) ;
#2745 = MECHANICAL_DESIGN_GEOMETRIC_PRESENTATION_REPRESENTATION (  '', ( #1259 ), #6468 ) ;
#2746 = CARTESIAN_POINT ( 'NONE',  ( -2.513217090962266198, 3.679999999999997051, -0.5144966922083471506 ) ) ;
#2747 = FILL_AREA_STYLE_COLOUR ( '', #4335 ) ;
#2748 = CARTESIAN_POINT ( 'NONE',  ( -2.647269664884050577, 3.630000000000000338, -0.5009078588938991050 ) ) ;
#2749 = AXIS2_PLACEMENT_3D ( 'NONE', #1176, #3187, #8 ) ;
#2750 =( GEOMETRIC_REPRESENTATION_CONTEXT ( 3 ) GLOBAL_UNCERTAINTY_ASSIGNED_CONTEXT ( ( #2034 ) ) GLOBAL_UNIT_ASSIGNED_CONTEXT ( ( #2774, #5859, #291 ) ) REPRESENTATION_CONTEXT ( 'NONE', 'WORKASPACE' ) );
#2751 = STYLED_ITEM ( 'NONE', ( #2618 ), #5634 ) ;
#2752 =( LENGTH_UNIT ( ) NAMED_UNIT ( * ) SI_UNIT ( .MILLI., .METRE. ) );
#2753 = CARTESIAN_POINT ( 'NONE',  ( -1.995488725577650557, 3.629999999999999893, -0.1986914037468087424 ) ) ;
#2754 = CARTESIAN_POINT ( 'NONE',  ( 0.8447433569403766107, 3.679999999999997939, -0.8546058829506907317 ) ) ;
#2755 = ORIENTED_EDGE ( 'NONE', *, *, #4305, .T. ) ;
#2756 = CARTESIAN_POINT ( 'NONE',  ( -2.422176812035625737, 3.680000000000000604, -0.05767416473304813607 ) ) ;
#2757 = VERTEX_POINT ( 'NONE', #5043 ) ;
#2758 = CARTESIAN_POINT ( 'NONE',  ( 0.2752444474992724599, 3.629999999999999893, -0.1130543845160394689 ) ) ;
#2759 = CARTESIAN_POINT ( 'NONE',  ( -2.428883250425158735, 3.680000000000001492, -0.6790440108781699013 ) ) ;
#2760 = CARTESIAN_POINT ( 'NONE',  ( 0.2032797983891919957, 3.629999999999999005, -0.5713049426169530820 ) ) ;
#2761 = CARTESIAN_POINT ( 'NONE',  ( 1.726254850208960301, 3.630000000000000782, 0.6707358758521787534 ) ) ;
#2762 =( NAMED_UNIT ( * ) SI_UNIT ( $, .STERADIAN. ) SOLID_ANGLE_UNIT ( ) );
#2763 = EDGE_CURVE ( 'NONE', #1630, #769, #2506, .T. ) ;
#2764 =( NAMED_UNIT ( * ) SI_UNIT ( $, .STERADIAN. ) SOLID_ANGLE_UNIT ( ) );
#2765 = CARTESIAN_POINT ( 'NONE',  ( -1.330524783269958267, 3.680000000000000160, 0.4061763847147297768 ) ) ;
#2766 = CARTESIAN_POINT ( 'NONE',  ( -2.479862410898534097, 3.679999999999999716, -0.2265459221089470565 ) ) ;
#2767 = CARTESIAN_POINT ( 'NONE',  ( 2.011010498185277662, 3.680000000000002824, -0.6649389182869539505 ) ) ;
#2768 = CARTESIAN_POINT ( 'NONE',  ( -1.706356804743639488, 3.629999999999998117, 0.1693378280285405546 ) ) ;
#2769 = CARTESIAN_POINT ( 'NONE',  ( -2.333666909759781749, 3.679999999999998384, 0.6674402191289918740 ) ) ;
#2770 = CARTESIAN_POINT ( 'NONE',  ( -1.881991432876809922, 3.629999999999999005, 0.05834736846272516042 ) ) ;
#2771 = CARTESIAN_POINT ( 'NONE',  ( -0.4579994240288677854, 3.629999999999998561, -0.7450596256095280978 ) ) ;
#2772 = CARTESIAN_POINT ( 'NONE',  ( -1.865327085811269603, 3.629999999999999893, -0.2947803200899464238 ) ) ;
#2773 = CARTESIAN_POINT ( 'NONE',  ( 0.5387237187771352076, 3.679999999999999716, -0.8903203986510361823 ) ) ;
#2774 =( LENGTH_UNIT ( ) NAMED_UNIT ( * ) SI_UNIT ( .MILLI., .METRE. ) );
#2775 = CARTESIAN_POINT ( 'NONE',  ( 1.481700789029411380, 3.680000000000001048, -0.7713745073540299035 ) ) ;
#2776 = CARTESIAN_POINT ( 'NONE',  ( -0.2966818095070309913, 3.629999999999999893, -0.6649389182869539505 ) ) ;
#2777 = CARTESIAN_POINT ( 'NONE',  ( 2.246758953303561235, 3.630000000000001226, 0.3371752162165859712 ) ) ;
#2778 =( NAMED_UNIT ( * ) SI_UNIT ( $, .STERADIAN. ) SOLID_ANGLE_UNIT ( ) );
#2779 = CARTESIAN_POINT ( 'NONE',  ( 1.159859832114657596, 3.629999999999999893, -0.1124534229775779742 ) ) ;
#2780 = ORIENTED_EDGE ( 'NONE', *, *, #4443, .T. ) ;
#2781 = FILL_AREA_STYLE_COLOUR ( '', #6052 ) ;
#2782 =( LENGTH_UNIT ( ) NAMED_UNIT ( * ) SI_UNIT ( .MILLI., .METRE. ) );
#2783 = CARTESIAN_POINT ( 'NONE',  ( 1.795977620576195255, 3.679999999999999716, 0.6754071539454989948 ) ) ;
#2784 = CARTESIAN_POINT ( 'NONE',  ( -1.811532949895933386, 3.630000000000001226, -0.3739179414241479149 ) ) ;
#2785 = CARTESIAN_POINT ( 'NONE',  ( 0.8756892490726827516, 3.630000000000000782, -0.8376006540887755980 ) ) ;
#2786 = VERTEX_POINT ( 'NONE', #3183 ) ;
#2787 = CARTESIAN_POINT ( 'NONE',  ( -2.452370153278089493, 3.679999999999999272, -0.03744326050678679907 ) ) ;
#2788 = ORIENTED_EDGE ( 'NONE', *, *, #2201, .F. ) ;
#2789 = CARTESIAN_POINT ( 'NONE',  ( 0.2813917118504707937, 3.629999999999998561, -0.2817076304389611319 ) ) ;
#2790 = CARTESIAN_POINT ( 'NONE',  ( -2.513217090962266198, 3.680000000000000160, -0.5144966922083471506 ) ) ;
#2791 = CARTESIAN_POINT ( 'NONE',  ( 0.2799785514282313037, 3.680000000000001492, -0.7145689256493737984 ) ) ;
#2792 = CARTESIAN_POINT ( 'NONE',  ( 2.439999999999999947, 0.05000000000000000278, 0.0000000000000000000 ) ) ;
#2793 = CARTESIAN_POINT ( 'NONE',  ( 1.537699176383621857, 3.680000000000002380, 0.5930743968738461103 ) ) ;
#2794 = DIRECTION ( 'NONE',  ( 0.0000000000000000000, 1.000000000000000000, 0.0000000000000000000 ) ) ;
#2795 = CARTESIAN_POINT ( 'NONE',  ( 1.022784248346583658, 3.629999999999998561, -0.2180024922135022913 ) ) ;
#2796 = EDGE_CURVE ( 'NONE', #3425, #4013, #6603, .T. ) ;
#2797 = CARTESIAN_POINT ( 'NONE',  ( -2.647832475577650779, 3.629999999999999893, -0.5166000575929625693 ) ) ;
#2798 = CARTESIAN_POINT ( 'NONE',  ( 2.101448328600408200, 3.680000000000003268, -0.5412721588969223729 ) ) ;
#2799 = CARTESIAN_POINT ( 'NONE',  ( -1.714710743111943048, 3.629999999999999893, 0.1098168325652153776 ) ) ;
#2800 = CARTESIAN_POINT ( 'NONE',  ( 2.159564724571910954, 3.630000000000000338, -0.3577718649040553256 ) ) ;
#2801 = CARTESIAN_POINT ( 'NONE',  ( 1.566069938571821529, 3.629999999999999005, -0.8374630178629555166 ) ) ;
#2802 = CARTESIAN_POINT ( 'NONE',  ( 0.2752444474992724599, 3.629999999999999893, -0.1130543845160394689 ) ) ;
#2803 = PLANE ( 'NONE',  #6372 ) ;
#2804 = CARTESIAN_POINT ( 'NONE',  ( -2.116715160305886911, 3.629999999999999893, -0.7379465787762776730 ) ) ;
#2805 = CARTESIAN_POINT ( 'NONE',  ( -0.3253177462885963322, 3.629999999999999005, -0.6878514479104982371 ) ) ;
#2806 = CARTESIAN_POINT ( 'NONE',  ( 2.287940503239068057, 3.630000000000000782, 0.1949223597551754950 ) ) ;
#2807 = FACE_OUTER_BOUND ( 'NONE', #2384, .T. ) ;
#2808 =( NAMED_UNIT ( * ) PLANE_ANGLE_UNIT ( ) SI_UNIT ( $, .RADIAN. ) );
#2809 = CARTESIAN_POINT ( 'NONE',  ( 1.033579615210260760, 3.629999999999998561, -0.6790097296763861756 ) ) ;
#2810 = ORIENTED_EDGE ( 'NONE', *, *, #3872, .T. ) ;
#2811 = CARTESIAN_POINT ( 'NONE',  ( -2.350156538711331233, 3.629999999999999893, -0.2965712653762402895 ) ) ;
#2812 = CARTESIAN_POINT ( 'NONE',  ( 1.454757613317552822, 3.680000000000001048, -0.4173348674833634586 ) ) ;
#2813 = CARTESIAN_POINT ( 'NONE',  ( 0.2753949919439548366, 3.680000000000000604, -0.05413492297189157615 ) ) ;
#2814 = CARTESIAN_POINT ( 'NONE',  ( 0.2860868761276009198, 3.629999999999999893, 0.1040367025673503004 ) ) ;
#2815 = CARTESIAN_POINT ( 'NONE',  ( -2.626305647902317908, 3.679999999999998828, 0.4950711452367149157 ) ) ;
#2816 = CARTESIAN_POINT ( 'NONE',  ( -1.868210811288339990, 3.629999999999999449, -0.7478124856829629907 ) ) ;
#2817 = CARTESIAN_POINT ( 'NONE',  ( -0.1808703855341685929, 3.630000000000000338, 0.2506648068115774342 ) ) ;
#2818 = ADVANCED_FACE ( 'NONE', ( #1618 ), #3686, .T. ) ;
#2819 = ORIENTED_EDGE ( 'NONE', *, *, #770, .F. ) ;
#2820 = CARTESIAN_POINT ( 'NONE',  ( -1.330524783269958267, 3.629999999999999893, 0.4061763847147297768 ) ) ;
#2821 = ORIENTED_EDGE ( 'NONE', *, *, #1849, .F. ) ;
#2822 = CARTESIAN_POINT ( 'NONE',  ( -1.845906896655078455, 3.629999999999998561, 0.2647129949474436583 ) ) ;
#2823 = CARTESIAN_POINT ( 'NONE',  ( 0.9976795106342022379, 3.629999999999999005, -0.3995362814424762155 ) ) ;
#2824 = CARTESIAN_POINT ( 'NONE',  ( 1.413694618127748104, 3.680000000000000604, 0.4576970189226607366 ) ) ;
#2825 = UNCERTAINTY_MEASURE_WITH_UNIT (LENGTH_MEASURE( 1.000000000000000082E-05 ), #4231, 'distance_accuracy_value', 'NONE');
#2826 = CARTESIAN_POINT ( 'NONE',  ( -0.7392977864165821700, 3.630000000000000782, -0.6458920270262255015 ) ) ;
#2827 = CARTESIAN_POINT ( 'NONE',  ( 1.297947799192470164, 3.630000000000000782, 0.02543742790927546252 ) ) ;
#2828 = CARTESIAN_POINT ( 'NONE',  ( 1.692705231591840054, 3.629999999999999449, 0.6641806601897408679 ) ) ;
#2829 = CARTESIAN_POINT ( 'NONE',  ( -0.6151224350690187581, 3.680000000000000160, -0.8903203986510360712 ) ) ;
#2830 = EDGE_CURVE ( 'NONE', #3290, #607, #3, .T. ) ;
#2831 = CARTESIAN_POINT ( 'NONE',  ( 2.066855970932293562, 3.629999999999999449, 0.3767878714466541545 ) ) ;
#2832 = B_SPLINE_CURVE_WITH_KNOTS ( 'NONE', 3,
 ( #118, #1097, #2097, #2062, #3034, #4571, #5725, #3688, #3618, #5652, #2605, #5074, #1061, #630, #590, #6605, #482, #1582, #2576 ),
 .UNSPECIFIED., .F., .F.,
 ( 4, 1, 1, 1, 1, 1, 1, 1, 1, 1, 1, 1, 1, 1, 1, 1, 4 ),
 ( 0.0000000000000000000, 0.07952482958501388977, 0.1550999763495364558, 0.2272198200732688522, 0.2959105041914710243, 0.3620558809471787765, 0.4255201169126362482, 0.4858127192253080540, 0.5444947060018106022, 0.6014596357222256051, 0.6578405937966487205, 0.7139744721931380322, 0.7694679515974511830, 0.8261299671813289169, 0.8828853593090688623, 0.9407008816662020267, 1.000000000000000000 ),
 .UNSPECIFIED. ) ;
#2833 = CARTESIAN_POINT ( 'NONE',  ( -0.04471844262740230086, 3.680000000000000604, 0.2933602969551767914 ) ) ;
#2834 = CARTESIAN_POINT ( 'NONE',  ( -1.846152474304852298, 3.630000000000000782, 0.1424398416825520541 ) ) ;
#2835 = CARTESIAN_POINT ( 'NONE',  ( 1.659697347813423596, 3.629999999999999449, -0.8808014643199166827 ) ) ;
#2836 = ADVANCED_FACE ( 'NONE', ( #3550 ), #6136, .T. ) ;
#2837 = CARTESIAN_POINT ( 'NONE',  ( 1.474757649570213935, 3.629999999999999449, -0.4890562694957943379 ) ) ;
#2838 = CARTESIAN_POINT ( 'NONE',  ( -2.439999999999999947, 0.05000000000000000278, 0.0000000000000000000 ) ) ;
#2839 = CARTESIAN_POINT ( 'NONE',  ( 1.566069938571821529, 3.679999999999999272, -0.8374630178629555166 ) ) ;
#2840 = CARTESIAN_POINT ( 'NONE',  ( -0.5072074755776505572, 3.629999999999999893, -0.7476697691314242444 ) ) ;
#2841 = CARTESIAN_POINT ( 'NONE',  ( 2.297562344513394361, 3.629999999999999449, 0.1404690945410504432 ) ) ;
#2842 = VECTOR ( 'NONE', #1464, 1000.000000000000000 ) ;
#2843 = DIRECTION ( 'NONE',  ( 0.0000000000000000000, 0.0000000000000000000, -1.000000000000000000 ) ) ;
#2844 = PRESENTATION_STYLE_ASSIGNMENT (( #767 ) ) ;
#2845 = CARTESIAN_POINT ( 'NONE',  ( 1.156184967037895417, 3.630000000000001670, -0.2460548328160465925 ) ) ;
#2846 = ADVANCED_FACE ( 'NONE', ( #1024 ), #587, .T. ) ;
#2847 = ORIENTED_EDGE ( 'NONE', *, *, #4625, .T. ) ;
#2848 = COLOUR_RGB ( '',0.7686274509803920907, 0.7686274509803920907, 0.7686274509803920907 ) ;
#2849 = CARTESIAN_POINT ( 'NONE',  ( -2.512922505142648699, 3.629999999999999449, -0.5066621881262221017 ) ) ;
#2850 = CARTESIAN_POINT ( 'NONE',  ( 1.431860145145656737, 3.679999999999999716, -0.2288744940549597706 ) ) ;
#2851 = CARTESIAN_POINT ( 'NONE',  ( -1.840528388685476191, 3.680000000000000160, 0.1925177579791082505 ) ) ;
#2852 = LINE ( 'NONE', #3795, #3946 ) ;
#2853 = AXIS2_PLACEMENT_3D ( 'NONE', #4387, #2915, #4445 ) ;
#2854 = STYLED_ITEM ( 'NONE', ( #1198 ), #4214 ) ;
#2855 = CARTESIAN_POINT ( 'NONE',  ( -1.305796857027121005, 3.630000000000000338, 0.4076457920328858675 ) ) ;
#2856 = ORIENTED_EDGE ( 'NONE', *, *, #6048, .F. ) ;
#2857 = CARTESIAN_POINT ( 'NONE',  ( 0.4347266645910369820, 3.629999999999999893, -0.6653433644798522062 ) ) ;
#2858 = CARTESIAN_POINT ( 'NONE',  ( -0.5468731076571843319, 3.679999999999999716, -0.9009257655664466569 ) ) ;
#2859 = CARTESIAN_POINT ( 'NONE',  ( 0.1441016453463153657, 3.630000000000000338, 0.02543742790927546599 ) ) ;
#2860 = PRESENTATION_LAYER_ASSIGNMENT (  '', '', ( #384 ) ) ;
#2861 = ADVANCED_FACE ( 'NONE', ( #5609 ), #199, .T. ) ;
#2862 = CARTESIAN_POINT ( 'NONE',  ( 1.342957883168854449, 3.629999999999999893, 0.3024496666069834139 ) ) ;
#2863 = CARTESIAN_POINT ( 'NONE',  ( 1.458526696904776543, 3.630000000000001670, 0.5194846612542903808 ) ) ;
#2864 =( GEOMETRIC_REPRESENTATION_CONTEXT ( 3 ) GLOBAL_UNCERTAINTY_ASSIGNED_CONTEXT ( ( #3988 ) ) GLOBAL_UNIT_ASSIGNED_CONTEXT ( ( #379, #2372, #5035 ) ) REPRESENTATION_CONTEXT ( 'NONE', 'WORKASPACE' ) );
#2865 = CARTESIAN_POINT ( 'NONE',  ( -0.7584766743984047155, 3.630000000000000782, 0.3977910179525211420 ) ) ;
#2866 = CARTESIAN_POINT ( 'NONE',  ( 0.8285284075575581886, 3.630000000000000782, -0.6878514479104987922 ) ) ;
#2867 = LINE ( 'NONE', #4902, #4224 ) ;
#2868 = CARTESIAN_POINT ( 'NONE',  ( 0.2780139912995029938, 3.629999999999999449, -0.2288744940549597706 ) ) ;
#2869 = FACE_OUTER_BOUND ( 'NONE', #1102, .T. ) ;
#2870 = MECHANICAL_DESIGN_GEOMETRIC_PRESENTATION_REPRESENTATION (  '', ( #2005 ), #5972 ) ;
#2871 = EDGE_CURVE ( 'NONE', #2651, #528, #1838, .T. ) ;
#2872 = DIRECTION ( 'NONE',  ( -0.0000000000000000000, 1.000000000000000000, -0.0000000000000000000 ) ) ;
#2873 = FACE_OUTER_BOUND ( 'NONE', #232, .T. ) ;
#2874 = CARTESIAN_POINT ( 'NONE',  ( -2.189156046625445828, 3.680000000000000160, -0.9008960616447421188 ) ) ;
#2875 = B_SPLINE_CURVE_WITH_KNOTS ( 'NONE', 3,
 ( #3967, #2461, #4028, #2960, #6486, #4491, #3996, #6520, #3463, #1957, #5535, #494, #3016, #2014, #2039 ),
 .UNSPECIFIED., .F., .F.,
 ( 4, 1, 1, 1, 1, 1, 1, 1, 1, 1, 1, 1, 4 ),
 ( 0.0000000000000000000, 0.07405842627338261874, 0.1488703523168776466, 0.2266676683691787597, 0.3077347594511131157, 0.3911572038059790146, 0.4739293555425533322, 0.5579277515150559141, 0.6449892900513592986, 0.7333640555176179632, 0.8210920421841606531, 0.9092872149973380003, 1.000000000000000000 ),
 .UNSPECIFIED. ) ;
#2876 = CARTESIAN_POINT ( 'NONE',  ( 1.150770977575658272, 3.679999999999998828, -0.3080975394639433040 ) ) ;
#2877 = CARTESIAN_POINT ( 'NONE',  ( -0.9505663554569625529, 3.680000000000000604, -0.5713049426169536371 ) ) ;
#2878 = CARTESIAN_POINT ( 'NONE',  ( 1.431860145145656737, 3.629999999999999893, -0.2288744940549597706 ) ) ;
#2879 = CARTESIAN_POINT ( 'NONE',  ( -2.208229110193035361, 3.679999999999999272, -0.9015159229775778771 ) ) ;
#2880 = CARTESIAN_POINT ( 'NONE',  ( -1.355173486316931131, 3.680000000000000160, 0.4075917042196233187 ) ) ;
#2881 = CARTESIAN_POINT ( 'NONE',  ( 0.3559906678061113272, 3.629999999999999449, 0.5710793898188217810 ) ) ;
#2882 = FILL_AREA_STYLE ('',( #4474 ) ) ;
#2883 = CARTESIAN_POINT ( 'NONE',  ( -1.712209784096069054, 3.680000000000000160, 0.2852655631293491423 ) ) ;
#2884 = CARTESIAN_POINT ( 'NONE',  ( -2.707787233541421923, 3.679999999999998828, 0.09119070399456283282 ) ) ;
#2885 = ORIENTED_EDGE ( 'NONE', *, *, #3525, .F. ) ;
#2886 = FILL_AREA_STYLE ('',( #4506 ) ) ;
#2887 = CARTESIAN_POINT ( 'NONE',  ( 1.294475216730041733, 3.680000000000000160, -0.1124534229775779742 ) ) ;
#2888 = CARTESIAN_POINT ( 'NONE',  ( 3.250000000000000888, 3.180000000000000160, 1.400000000000001465 ) ) ;
#2889 = EDGE_CURVE ( 'NONE', #5930, #2757, #1784, .T. ) ;
#2890 = CARTESIAN_POINT ( 'NONE',  ( 1.654792516300990890, 3.629999999999999005, 0.4853377904169315360 ) ) ;
#2891 = DIRECTION ( 'NONE',  ( 0.0000000000000000000, 0.0000000000000000000, -1.000000000000000000 ) ) ;
#2892 = CARTESIAN_POINT ( 'NONE',  ( 1.159580581595833548, 3.679999999999997051, -0.08951460528861863997 ) ) ;
#2893 = CARTESIAN_POINT ( 'NONE',  ( -1.241611414391632362, 3.629999999999999005, 0.4419735545729195358 ) ) ;
#2894 = ORIENTED_EDGE ( 'NONE', *, *, #787, .T. ) ;
#2895 = FACE_BOUND ( 'NONE', #6542, .T. ) ;
#2896 = CARTESIAN_POINT ( 'NONE',  ( -2.215741129423804967, 3.630000000000000338, 0.5215610000993452511 ) ) ;
#2897 = CARTESIAN_POINT ( 'NONE',  ( 0.1410410817595609267, 3.629999999999999893, -0.04221051877335942060 ) ) ;
#2898 = CARTESIAN_POINT ( 'NONE',  ( 1.627988687682715208, 3.629999999999999449, 0.6437671857298029598 ) ) ;
#2899 = CARTESIAN_POINT ( 'NONE',  ( -0.8758556473691045952, 3.630000000000000782, 0.002369331732083141632 ) ) ;
#2900 = CARTESIAN_POINT ( 'NONE',  ( 0.2813917118504707937, 3.679999999999998828, -0.2817076304389611319 ) ) ;
#2901 = ORIENTED_EDGE ( 'NONE', *, *, #5272, .T. ) ;
#2902 = CARTESIAN_POINT ( 'NONE',  ( -0.1892729338176515896, 3.680000000000000160, 0.2745161672461610136 ) ) ;
#2903 =( LENGTH_UNIT ( ) NAMED_UNIT ( * ) SI_UNIT ( .MILLI., .METRE. ) );
#2904 = CARTESIAN_POINT ( 'NONE',  ( -0.4065222161967995129, 3.680000000000000160, 0.6638967874564071225 ) ) ;
#2905 = CARTESIAN_POINT ( 'NONE',  ( -2.208229110193035361, 3.680000000000000160, -0.9015159229775778771 ) ) ;
#2906 = CARTESIAN_POINT ( 'NONE',  ( -0.2583400831262760433, 3.680000000000001048, 0.3998875696959027226 ) ) ;
#2907 = CARTESIAN_POINT ( 'NONE',  ( 0.1560432061390311653, 3.679999999999999716, -0.3747200097270573793 ) ) ;
#2908 = CARTESIAN_POINT ( 'NONE',  ( -2.227807449670594409, 3.630000000000000338, -0.9009147256983700558 ) ) ;
#2909 = FILL_AREA_STYLE_COLOUR ( '', #4887 ) ;
#2910 = CARTESIAN_POINT ( 'NONE',  ( 1.011695119621838668, 3.630000000000000338, 0.09106425096286435705 ) ) ;
#2911 = CARTESIAN_POINT ( 'NONE',  ( -2.277031810053887106, 3.630000000000000338, -0.7439906633649611134 ) ) ;
#2912 = CARTESIAN_POINT ( 'NONE',  ( -1.720743917732169503, 3.680000000000000604, 0.3262420410986950348 ) ) ;
#2913 = SURFACE_STYLE_USAGE ( .BOTH. , #4504 ) ;
#2914 = EDGE_LOOP ( 'NONE', ( #3594, #1187, #5141, #1 ) ) ;
#2915 = DIRECTION ( 'NONE',  ( 2.668805347656626678E-16, 0.0000000000000000000, -1.000000000000000000 ) ) ;
#2916 = B_SPLINE_CURVE_WITH_KNOTS ( 'NONE', 3,
 ( #1123, #4271, #2159, #181, #5749, #5243, #281, #218, #1296, #1359, #3938, #6376, #3845, #2902, #5447 ),
 .UNSPECIFIED., .F., .F.,
 ( 4, 1, 1, 1, 1, 1, 1, 1, 1, 1, 1, 1, 4 ),
 ( 0.0000000000000000000, 0.1128134007444580589, 0.2253938839207293710, 0.3395948145627009640, 0.4596754102248634677, 0.5217351900879331206, 0.5839258387389163474, 0.6481741447653696087, 0.7138810381130663574, 0.7810044549073893450, 0.8514509275565553814, 0.9240506926641780527, 1.000000000000000000 ),
 .UNSPECIFIED. ) ;
#2917 = CARTESIAN_POINT ( 'NONE',  ( -1.205524783269958267, 3.680000000000000160, 0.5311763847147297213 ) ) ;
#2918 = CARTESIAN_POINT ( 'NONE',  ( 1.463529241100720801, 3.629999999999997673, 0.2282353880053845097 ) ) ;
#2919 = CARTESIAN_POINT ( 'NONE',  ( 1.433824705274385103, 3.679999999999999272, -0.7145689256493740205 ) ) ;
#2920 = CARTESIAN_POINT ( 'NONE',  ( -0.7191194892551165951, 3.629999999999999449, -0.6653433644798518731 ) ) ;
#2921 = CARTESIAN_POINT ( 'NONE',  ( 1.012630880481127926, 3.679999999999996607, 0.4845116065617086076 ) ) ;
#2922 = CARTESIAN_POINT ( 'NONE',  ( -0.1287726168566639129, 3.679999999999999716, -0.09502250833317595069 ) ) ;
#2923 = ORIENTED_EDGE ( 'NONE', *, *, #2707, .T. ) ;
#2924 = SURFACE_STYLE_USAGE ( .BOTH. , #3461 ) ;
#2925 = B_SPLINE_SURFACE_WITH_KNOTS ( 'NONE', 3, 1, ( 
 ( #2260, #1263 ),
 ( #5342, #2892 ),
 ( #5240, #4925 ),
 ( #1225, #5970 ),
 ( #1386, #932 ),
 ( #3487, #1482 ),
 ( #5582, #3526 ),
 ( #992, #2951 ),
 ( #6539, #4537 ),
 ( #3457, #6572 ),
 ( #2007, #450 ),
 ( #4051, #5999 ),
 ( #2984, #3991 ),
 ( #5529, #2921 ),
 ( #958, #5016 ),
 ( #5046, #5497 ),
 ( #6024, #4484 ),
 ( #6515, #2549 ),
 ( #6084, #6060 ),
 ( #5556, #1514 ),
 ( #1952, #3554 ),
 ( #4076, #2511 ),
 ( #486, #1546 ),
 ( #4450, #3009 ),
 ( #391, #3039 ),
 ( #1452, #2453 ),
 ( #420, #4954 ) ),
 .UNSPECIFIED., .F., .F., .F.,
 ( 4, 1, 1, 1, 1, 1, 1, 1, 1, 1, 1, 1, 1, 1, 1, 1, 1, 1, 1, 1, 1, 1, 1, 1, 4 ),
 ( 2, 2 ),
 ( 0.0000000000000000000, 0.06506328961727915472, 0.1267731664665230074, 0.1855157632260791833, 0.2407646791677150455, 0.2929797960235981935, 0.3422503727797676087, 0.3889192861856605732, 0.4327756640583106384, 0.4746284326311179802, 0.5147746906379536691, 0.5536058934984426916, 0.5914264064311732794, 0.6280281199460676644, 0.6638036341103207283, 0.6989843361316641079, 0.7335914893067053688, 0.7676284691511401359, 0.8012083477865923342, 0.8342638397266236572, 0.8669806947287764798, 0.8997197415181610314, 0.9327019124985386211, 0.9661758834327499601, 1.000000000000000000 ),
 ( 0.0000000000000000000, 1.000000000000000000 ),
 .UNSPECIFIED. ) ;
#2926 = CARTESIAN_POINT ( 'NONE',  ( -0.8438944244190464961, 3.680000000000001936, -0.4549501504519901651 ) ) ;
#2927 = CARTESIAN_POINT ( 'NONE',  ( 1.934653676973346226, 3.680000000000001048, 0.6545537366480599362 ) ) ;
#2928 = CARTESIAN_POINT ( 'NONE',  ( -2.246848093860319917, 3.630000000000000338, -0.7468443649355502867 ) ) ;
#2929 = CARTESIAN_POINT ( 'NONE',  ( -1.355230035385591503, 3.629999999999999005, 0.6548559680442980202 ) ) ;
#2930 = SURFACE_STYLE_FILL_AREA ( #397 ) ;
#2931 = CARTESIAN_POINT ( 'NONE',  ( 0.6466386782685031864, 3.629999999999999893, -0.7476697691314242444 ) ) ;
#2932 = PRESENTATION_STYLE_ASSIGNMENT (( #3970 ) ) ;
#2933 = CARTESIAN_POINT ( 'NONE',  ( -0.01050870310432838392, 3.630000000000000338, -0.3665578894240122954 ) ) ;
#2934 = CARTESIAN_POINT ( 'NONE',  ( 0.8133416457255524534, 3.680000000000001048, 0.6423244333718797217 ) ) ;
#2935 = CARTESIAN_POINT ( 'NONE',  ( -0.3618544498346272231, 3.680000000000001048, 0.4863931484772732183 ) ) ;
#2936 = SURFACE_STYLE_USAGE ( .BOTH. , #3156 ) ;
#2937 = CARTESIAN_POINT ( 'NONE',  ( -2.208229110193035361, 3.629999999999999893, -0.9015159229775778771 ) ) ;
#2938 = STYLED_ITEM ( 'NONE', ( #6247 ), #6158 ) ;
#2939 = DIRECTION ( 'NONE',  ( 0.0000000000000000000, 0.0000000000000000000, -1.000000000000000000 ) ) ;
#2940 = CARTESIAN_POINT ( 'NONE',  ( 0.2816945020797679833, 3.629999999999999449, 0.4897084084938399529 ) ) ;
#2941 = CARTESIAN_POINT ( 'NONE',  ( 0.5387237187771352076, 3.629999999999999449, -0.8903203986510361823 ) ) ;
#2942 = EDGE_CURVE ( 'NONE', #5875, #5150, #374, .T. ) ;
#2943 = CARTESIAN_POINT ( 'NONE',  ( -2.501528707849575817, 3.680000000000000604, -0.5823064596343272559 ) ) ;
#2944 = PRESENTATION_LAYER_ASSIGNMENT (  '', '', ( #140 ) ) ;
#2945 = DIRECTION ( 'NONE',  ( -0.0000000000000000000, -1.000000000000000000, -0.0000000000000000000 ) ) ;
#2946 = ORIENTED_EDGE ( 'NONE', *, *, #1098, .T. ) ;
#2947 = VERTEX_POINT ( 'NONE', #858 ) ;
#2948 = CARTESIAN_POINT ( 'NONE',  ( -1.840140167885342848, 3.629999999999999893, 0.2027509039454989948 ) ) ;
#2949 = CARTESIAN_POINT ( 'NONE',  ( 1.515086684530197569, 3.629999999999999893, 0.3496025440466700163 ) ) ;
#2950 = CARTESIAN_POINT ( 'NONE',  ( 1.692569872623289173, 3.679999999999999272, -0.8903203986510359602 ) ) ;
#2951 = CARTESIAN_POINT ( 'NONE',  ( 1.122263563856652269, 3.679999999999996607, 0.2458128376699937334 ) ) ;
#2952 = CARTESIAN_POINT ( 'NONE',  ( -0.2408363367600146465, 3.629999999999998561, 0.3767878714466541545 ) ) ;
#2953 = AXIS2_PLACEMENT_3D ( 'NONE', #367, #970, #2428 ) ;
#2954 = ORIENTED_EDGE ( 'NONE', *, *, #4840, .F. ) ;
#2955 = ORIENTED_EDGE ( 'NONE', *, *, #2796, .T. ) ;
#2956 = SURFACE_STYLE_FILL_AREA ( #4546 ) ;
#2957 =( NAMED_UNIT ( * ) PLANE_ANGLE_UNIT ( ) SI_UNIT ( $, .RADIAN. ) );
#2958 = VECTOR ( 'NONE', #696, 1000.000000000000000 ) ;
#2959 = PRESENTATION_LAYER_ASSIGNMENT (  '', '', ( #5619 ) ) ;
#2960 = CARTESIAN_POINT ( 'NONE',  ( -2.634329804578487089, 3.629999999999999005, -0.6125478912792907682 ) ) ;
#2961 = CARTESIAN_POINT ( 'NONE',  ( -0.8332366303628698789, 3.629999999999999893, 0.2623444497358974337 ) ) ;
#2962 = STYLED_ITEM ( 'NONE', ( #5435 ), #1867 ) ;
#2963 = EDGE_LOOP ( 'NONE', ( #2094, #2856, #6251, #5363 ) ) ;
#2964 = CARTESIAN_POINT ( 'NONE',  ( -0.5117146871161122323, 3.629999999999999893, 0.6754071539454989948 ) ) ;
#2965 = CARTESIAN_POINT ( 'NONE',  ( -1.225880067309814025, 3.680000000000000160, 0.4611288387717021320 ) ) ;
#2966 = ADVANCED_FACE ( 'NONE', ( #1846 ), #3793, .T. ) ;
#2967 = CARTESIAN_POINT ( 'NONE',  ( -0.1425760802927135695, 3.629999999999998117, -0.7121319088907782646 ) ) ;
#2968 = CARTESIAN_POINT ( 'NONE',  ( -2.034319498199139264, 3.630000000000000338, -0.07601320446763121241 ) ) ;
#2969 = CARTESIAN_POINT ( 'NONE',  ( -1.784553600388644412, 3.679999999999999272, -0.5620801813814902959 ) ) ;
#2970 = ORIENTED_EDGE ( 'NONE', *, *, #12, .F. ) ;
#2971 = CARTESIAN_POINT ( 'NONE',  ( -0.5072074755776505572, 3.680000000000000160, 0.5215610000993451401 ) ) ;
#2972 = FILL_AREA_STYLE ('',( #1371 ) ) ;
#2973 = FILL_AREA_STYLE ('',( #439 ) ) ;
#2974 = CARTESIAN_POINT ( 'NONE',  ( -1.897394746111483288, 3.680000000000000604, 0.3766766561604546482 ) ) ;
#2975 =( LENGTH_UNIT ( ) NAMED_UNIT ( * ) SI_UNIT ( .MILLI., .METRE. ) );
#2976 = CARTESIAN_POINT ( 'NONE',  ( -1.769288091635662585, 3.629999999999999449, 0.4412040286416352153 ) ) ;
#2977 = MECHANICAL_DESIGN_GEOMETRIC_PRESENTATION_REPRESENTATION (  '', ( #6398 ), #3516 ) ;
#2978 = DIRECTION ( 'NONE',  ( -0.0000000000000000000, -1.000000000000000000, -0.0000000000000000000 ) ) ;
#2979 = EDGE_LOOP ( 'NONE', ( #2486, #6400, #3535, #5225 ) ) ;
#2980 = CARTESIAN_POINT ( 'NONE',  ( 0.7808075231271917049, 3.629999999999999005, 0.6545537366480597141 ) ) ;
#2981 = CARTESIAN_POINT ( 'NONE',  ( -2.227807449670594409, 3.680000000000000604, -0.9009147256983700558 ) ) ;
#2982 = CARTESIAN_POINT ( 'NONE',  ( 1.536491453832514065, 3.680000000000000160, -0.8179846728606954276 ) ) ;
#2983 = CARTESIAN_POINT ( 'NONE',  ( 1.866705561701599736, 3.629999999999999893, -0.8968951221427711173 ) ) ;
#2984 = CARTESIAN_POINT ( 'NONE',  ( 1.035168914053854694, 3.630000000000001226, 0.4515117150197843765 ) ) ;
#2985 = CARTESIAN_POINT ( 'NONE',  ( -2.477892217283591769, 3.680000000000001048, -0.4029621798716759851 ) ) ;
#2986 = ORIENTED_EDGE ( 'NONE', *, *, #5039, .F. ) ;
#2987 = CARTESIAN_POINT ( 'NONE',  ( -1.938819894942310329, 3.680000000000001492, -0.4258467256898012532 ) ) ;
#2988 = SURFACE_STYLE_USAGE ( .BOTH. , #2459 ) ;
#2989 = PRESENTATION_STYLE_ASSIGNMENT (( #997 ) ) ;
#2990 = CARTESIAN_POINT ( 'NONE',  ( 2.313705985960811340, 3.629999999999999893, -0.1124534229775779742 ) ) ;
#2991 = CARTESIAN_POINT ( 'NONE',  ( -1.918109014325420913, 3.630000000000000338, 0.4023009603648702859 ) ) ;
#2992 = CARTESIAN_POINT ( 'NONE',  ( -0.01012996317891356503, 3.630000000000000338, 0.1404690945410504432 ) ) ;
#2993 = VERTEX_POINT ( 'NONE', #5955 ) ;
#2994 = B_SPLINE_CURVE_WITH_KNOTS ( 'NONE', 3,
 ( #3315, #3345, #785, #2834, #3277, #4869, #2770, #5348, #760, #286, #2337, #853, #2968, #2400, #4036, #403, #3972, #4496, #3538 ),
 .UNSPECIFIED., .F., .F.,
 ( 4, 1, 1, 1, 1, 1, 1, 1, 1, 1, 1, 1, 1, 1, 1, 1, 4 ),
 ( 0.0000000000000000000, 0.05733942592015886519, 0.1130633316232408647, 0.1691814487493786545, 0.2257745596549406708, 0.2838263038920841308, 0.3434542790864921757, 0.4059069615102774420, 0.4713922597696836303, 0.5380028337126935289, 0.6030635561963494373, 0.6676018307634223881, 0.7322254428169061580, 0.7970048098289858052, 0.8630479900344344424, 0.9303569870570447264, 1.000000000000000000 ),
 .UNSPECIFIED. ) ;
#2995 = CARTESIAN_POINT ( 'NONE',  ( 2.089144839859539360, 3.679999999999996607, 0.5681031572849437605 ) ) ;
#2996 = CARTESIAN_POINT ( 'NONE',  ( -2.155444160989984148, 3.630000000000000338, 0.6737834801961255504 ) ) ;
#2997 = CARTESIAN_POINT ( 'NONE',  ( -0.5072074755776505572, 3.629999999999999893, -0.7476697691314242444 ) ) ;
#2998 = FACE_OUTER_BOUND ( 'NONE', #3833, .T. ) ;
#2999 = CARTESIAN_POINT ( 'NONE',  ( 0.3781995649915665392, 3.680000000000001936, -0.6012999545053008266 ) ) ;
#3000 = CARTESIAN_POINT ( 'NONE',  ( -1.946950274170215378, 3.629999999999998561, -0.6196966094081515219 ) ) ;
#3001 = CARTESIAN_POINT ( 'NONE',  ( -1.945945747797891867, 3.679999999999999272, -0.2267474779939108731 ) ) ;
#3002 = CARTESIAN_POINT ( 'NONE',  ( 0.3838530225374678362, 3.629999999999999005, 0.5930743968738464433 ) ) ;
#3003 = CARTESIAN_POINT ( 'NONE',  ( 1.011695119621838668, 3.680000000000000604, 0.09106425096286435705 ) ) ;
#3004 = CARTESIAN_POINT ( 'NONE',  ( 1.900969711007855834, 3.680000000000000160, -0.8902646408155133750 ) ) ;
#3005 = VERTEX_POINT ( 'NONE', #2472 ) ;
#3006 = CARTESIAN_POINT ( 'NONE',  ( 0.2199888508256238884, 3.629999999999999449, -0.6109811010550234567 ) ) ;
#3007 = CARTESIAN_POINT ( 'NONE',  ( -1.013217090962265976, 3.680000000000000160, -0.1124534229775779742 ) ) ;
#3008 = CARTESIAN_POINT ( 'NONE',  ( 1.795977620576195255, 3.629999999999999893, -0.9015159229775778771 ) ) ;
#3009 = CARTESIAN_POINT ( 'NONE',  ( 0.7129326273538786340, 3.679999999999996607, 0.6703570112509497081 ) ) ;
#3010 = CARTESIAN_POINT ( 'NONE',  ( -0.4067225966844515983, 3.679999999999998828, -0.8902646408155131530 ) ) ;
#3011 = VERTEX_POINT ( 'NONE', #1440 ) ;
#3012 = CARTESIAN_POINT ( 'NONE',  ( -1.378709747198519908, 3.680000000000001048, 0.6475004796393282192 ) ) ;
#3013 = VERTEX_POINT ( 'NONE', #5486 ) ;
#3014 = CARTESIAN_POINT ( 'NONE',  ( -2.439999999999999947, 0.05000000000000000278, 0.0000000000000000000 ) ) ;
#3015 = CARTESIAN_POINT ( 'NONE',  ( -0.8612862885689963610, 3.630000000000001670, -0.3759940567165693803 ) ) ;
#3016 = CARTESIAN_POINT ( 'NONE',  ( -2.266420757962833488, 3.629999999999999449, -0.8997290165674642903 ) ) ;
#3017 = EDGE_CURVE ( 'NONE', #707, #2993, #6067, .T. ) ;
#3018 = CARTESIAN_POINT ( 'NONE',  ( 0.6421314667300419554, 3.629999999999999893, -0.9015159229775778771 ) ) ;
#3019 = ORIENTED_EDGE ( 'NONE', *, *, #5316, .F. ) ;
#3020 = CARTESIAN_POINT ( 'NONE',  ( 2.304509482360011408, 3.630000000000000782, 0.08226461063017143083 ) ) ;
#3021 = CARTESIAN_POINT ( 'NONE',  ( 1.588663851885166789, 3.680000000000000604, 0.4385180809487589926 ) ) ;
#3022 = CARTESIAN_POINT ( 'NONE',  ( -0.8505481431488596256, 3.629999999999999449, -0.7440990805603757696 ) ) ;
#3023 = ADVANCED_FACE ( 'NONE', ( #6499 ), #3976, .T. ) ;
#3024 = CARTESIAN_POINT ( 'NONE',  ( 0.6466386782685031864, 3.680000000000000160, -0.7476697691314242444 ) ) ;
#3025 = CARTESIAN_POINT ( 'NONE',  ( -1.241502908614998901, 3.680000000000000160, 0.6200626984306603084 ) ) ;
#3026 = CARTESIAN_POINT ( 'NONE',  ( 0.2397530185733434682, 3.679999999999999272, 0.4230134304746234752 ) ) ;
#3027 = CARTESIAN_POINT ( 'NONE',  ( -0.1481275831203970328, 3.630000000000002114, -0.3577718649040553811 ) ) ;
#3028 = CARTESIAN_POINT ( 'NONE',  ( -3.250000000000001332, 0.5000000000000000000, -2.499999999999999112 ) ) ;
#3029 = COLOUR_RGB ( '',0.7686274509803920907, 0.7686274509803920907, 0.7686274509803920907 ) ;
#3030 = VERTEX_POINT ( 'NONE', #1470 ) ;
#3031 = LINE ( 'NONE', #3578, #4669 ) ;
#3032 = CARTESIAN_POINT ( 'NONE',  ( -2.356794478033635176, 3.679999999999998828, -0.08901603482747726115 ) ) ;
#3033 = CARTESIAN_POINT ( 'NONE',  ( 1.508453021715323139, 3.679999999999998384, -0.7957648289813755715 ) ) ;
#3034 = CARTESIAN_POINT ( 'NONE',  ( -1.893992300769540060, 3.680000000000001048, -0.1385097959973927984 ) ) ;
#3035 = EDGE_CURVE ( 'NONE', #2715, #5618, #6592, .T. ) ;
#3036 = EDGE_CURVE ( 'NONE', #3150, #534, #1500, .T. ) ;
#3037 = CARTESIAN_POINT ( 'NONE',  ( 1.966902478938393761, 3.629999999999999449, -0.8692146474260487032 ) ) ;
#3038 = MECHANICAL_DESIGN_GEOMETRIC_PRESENTATION_REPRESENTATION (  '', ( #5400 ), #2724 ) ;
#3039 = CARTESIAN_POINT ( 'NONE',  ( 0.6778085262415839418, 3.679999999999997051, 0.6748878034458535291 ) ) ;
#3040 = CARTESIAN_POINT ( 'NONE',  ( 2.159564724571910954, 3.680000000000000604, -0.3577718649040553256 ) ) ;
#3041 = VERTEX_POINT ( 'NONE', #3605 ) ;
#3042 = CARTESIAN_POINT ( 'NONE',  ( -2.589555914122058322, 3.679999999999998828, 0.2303438884470139780 ) ) ;
#3043 = PRESENTATION_LAYER_ASSIGNMENT (  '', '', ( #4217 ) ) ;
#3044 = DIRECTION ( 'NONE',  ( 0.0000000000000000000, 0.0000000000000000000, -1.000000000000000000 ) ) ;
#3045 = CARTESIAN_POINT ( 'NONE',  ( -0.5570084603027566361, 3.680000000000000160, -0.7450563230951846583 ) ) ;
#3046 = CARTESIAN_POINT ( 'NONE',  ( 1.807911152195770699, 3.680000000000000160, 0.6752334376781268244 ) ) ;
#3047 = CARTESIAN_POINT ( 'NONE',  ( 2.439999999999999947, -3.499999999999999556, 0.2149999999999999412 ) ) ;
#3048 = TOROIDAL_SURFACE ( 'NONE', #2193, 1.399999999999999689, 0.5000000000000000000 ) ;
#3049 = CARTESIAN_POINT ( 'NONE',  ( 0.5970701794030977005, 3.680000000000000160, 0.5190785959586221576 ) ) ;
#3050 = ORIENTED_EDGE ( 'NONE', *, *, #2180, .F. ) ;
#3051 = CARTESIAN_POINT ( 'NONE',  ( -1.897394746111483288, 3.630000000000000338, 0.3766766561604546482 ) ) ;
#3052 = ADVANCED_FACE ( 'NONE', ( #1014 ), #1828, .T. ) ;
#3053 =( GEOMETRIC_REPRESENTATION_CONTEXT ( 3 ) GLOBAL_UNCERTAINTY_ASSIGNED_CONTEXT ( ( #5299 ) ) GLOBAL_UNIT_ASSIGNED_CONTEXT ( ( #5822, #5791, #725 ) ) REPRESENTATION_CONTEXT ( 'NONE', 'WORKASPACE' ) );
#3054 = CARTESIAN_POINT ( 'NONE',  ( 2.189015067900009104, 3.679999999999997939, 0.4515117150197843210 ) ) ;
#3055 = SURFACE_SIDE_STYLE ('',( #541 ) ) ;
#3056 = CARTESIAN_POINT ( 'NONE',  ( -0.7190284558071410315, 3.680000000000000160, 0.4385180809487588260 ) ) ;
#3057 = CARTESIAN_POINT ( 'NONE',  ( -0.6905268518600514716, 3.680000000000002380, 0.4615438759613894604 ) ) ;
#3058 = AXIS2_PLACEMENT_3D ( 'NONE', #2386, #964, #359 ) ;
#3059 = CARTESIAN_POINT ( 'NONE',  ( -0.7992392859769851254, 3.680000000000000604, -0.7957648289813763487 ) ) ;
#3060 = B_SPLINE_CURVE_WITH_KNOTS ( 'NONE', 3,
 ( #2346, #293, #227, #2271, #1847, #4876, #3886, #4313, #3382, #3351, #1240, #6390, #731, #6417, #1333, #1205, #2776, #2805, #3822, #5862, #3853, #660, #2840 ),
 .UNSPECIFIED., .F., .F.,
 ( 4, 1, 1, 1, 1, 1, 1, 1, 1, 1, 1, 1, 1, 1, 1, 1, 1, 1, 1, 1, 4 ),
 ( 0.0000000000000000000, 0.06568119799063874831, 0.1284864641740648128, 0.1881751303280077003, 0.2451061306699861830, 0.2994484245294751767, 0.3508229360093821358, 0.3999416805337777103, 0.4466717436323719426, 0.4912545333734978925, 0.5333763442704362312, 0.5738527549682235218, 0.6125263117194524876, 0.6495971364453289043, 0.6855320415538499468, 0.7201057860682004153, 0.7538376629736499579, 0.8189254160467137611, 0.8804934616501637334, 0.9403113338460572512, 1.000000000000000000 ),
 .UNSPECIFIED. ) ;
#3061 = CARTESIAN_POINT ( 'NONE',  ( 0.5477885700890710030, 3.630000000000000338, -0.7327592144130750107 ) ) ;
#3062 = ADVANCED_FACE ( 'NONE', ( #1569 ), #2118, .T. ) ;
#3063 = PRESENTATION_LAYER_ASSIGNMENT (  '', '', ( #5089 ) ) ;
#3064 = CARTESIAN_POINT ( 'NONE',  ( -1.330524783269958267, 3.629999999999999893, 0.6561763847147297213 ) ) ;
#3065 = AXIS2_PLACEMENT_3D ( 'NONE', #5484, #4434, #6152 ) ;
#3066 = CARTESIAN_POINT ( 'NONE',  ( -2.134802845712507668, 3.629999999999999893, -0.2749410329134977515 ) ) ;
#3067 = CARTESIAN_POINT ( 'NONE',  ( -1.813033403998234316, 3.630000000000001226, -0.6588394298476638600 ) ) ;
#3068 = CARTESIAN_POINT ( 'NONE',  ( -0.2217675899929087979, 3.679999999999999716, -0.5707513266498392968 ) ) ;
#3069 = CARTESIAN_POINT ( 'NONE',  ( -1.791835750984262621, 3.630000000000000782, 0.4772980182875624644 ) ) ;
#3070 = CARTESIAN_POINT ( 'NONE',  ( -1.205524783269958267, 3.680000000000000160, 0.5311763847147297213 ) ) ;
#3071 = AXIS2_PLACEMENT_3D ( 'NONE', #1921, #3521, #3959 ) ;
#3072 = CARTESIAN_POINT ( 'NONE',  ( 0.9290637066610912820, 3.629999999999999893, 0.3515568068007469127 ) ) ;
#3073 = DIRECTION ( 'NONE',  ( -0.0000000000000000000, -1.000000000000000000, -0.0000000000000000000 ) ) ;
#3074 = FACE_OUTER_BOUND ( 'NONE', #4800, .T. ) ;
#3075 = CARTESIAN_POINT ( 'NONE',  ( -1.831036431598177305, 3.680000000000000604, 0.5238553099174126926 ) ) ;
#3076 = CARTESIAN_POINT ( 'NONE',  ( 2.088054647004256470, 3.680000000000000604, -0.7953408740158951495 ) ) ;
#3077 = CARTESIAN_POINT ( 'NONE',  ( -0.6476865421165846071, 3.680000000000001048, 0.6550021155792764560 ) ) ;
#3078 = CARTESIAN_POINT ( 'NONE',  ( -0.1425760802927135695, 3.679999999999998384, -0.7121319088907782646 ) ) ;
#3079 = EDGE_LOOP ( 'NONE', ( #4634, #5257 ) ) ;
#3080 = AXIS2_PLACEMENT_3D ( 'NONE', #2792, #2328, #395 ) ;
#3081 = ORIENTED_EDGE ( 'NONE', *, *, #1324, .F. ) ;
#3082 = EDGE_CURVE ( 'NONE', #3091, #1895, #4039, .T. ) ;
#3083 = DIRECTION ( 'NONE',  ( 0.0000000000000000000, -0.0000000000000000000, 1.000000000000000000 ) ) ;
#3084 = CARTESIAN_POINT ( 'NONE',  ( 0.8770509071056269423, 3.629999999999999005, 0.4212972271129389878 ) ) ;
#3085 = CARTESIAN_POINT ( 'NONE',  ( -0.7416223691204859580, 3.630000000000001226, -0.8374630178629562938 ) ) ;
#3086 = FILL_AREA_STYLE_COLOUR ( '', #6488 ) ;
#3087 = FACE_OUTER_BOUND ( 'NONE', #870, .T. ) ;
#3088 =( NAMED_UNIT ( * ) SI_UNIT ( $, .STERADIAN. ) SOLID_ANGLE_UNIT ( ) );
#3089 = CARTESIAN_POINT ( 'NONE',  ( 0.6301350008689250437, 3.680000000000001048, 0.5207344913679610166 ) ) ;
#3090 = ORIENTED_EDGE ( 'NONE', *, *, #24, .T. ) ;
#3091 = VERTEX_POINT ( 'NONE', #721 ) ;
#3092 = CARTESIAN_POINT ( 'NONE',  ( -1.988318764303742103, 3.679999999999999272, 0.6353617061726231086 ) ) ;
#3093 = UNCERTAINTY_MEASURE_WITH_UNIT (LENGTH_MEASURE( 1.000000000000000082E-05 ), #4191, 'distance_accuracy_value', 'NONE');
#3094 = CARTESIAN_POINT ( 'NONE',  ( 2.310063181436609714, 3.630000000000000338, 0.02055116350221643934 ) ) ;
#3095 = UNCERTAINTY_MEASURE_WITH_UNIT (LENGTH_MEASURE( 1.000000000000000082E-05 ), #1499, 'distance_accuracy_value', 'NONE');
#3096 = CARTESIAN_POINT ( 'NONE',  ( -2.479862410898534097, 3.679999999999999716, -0.2265459221089470565 ) ) ;
#3097 = CARTESIAN_POINT ( 'NONE',  ( -0.8677592777185525463, 3.630000000000000782, 0.1040367025673501200 ) ) ;
#3098 = CARTESIAN_POINT ( 'NONE',  ( -0.2101839596014025147, 3.680000000000000160, 0.3243157031153132142 ) ) ;
#3099 = CARTESIAN_POINT ( 'NONE',  ( -1.322162563537663482, 3.679999999999999716, 0.6557123380100852161 ) ) ;
#3100 = B_SPLINE_CURVE_WITH_KNOTS ( 'NONE', 3,
 ( #4481, #3483, #6510, #6536, #865, #1949, #5997, #6056, #5526, #1341, #4411, #927, #6446, #2981, #4533 ),
 .UNSPECIFIED., .F., .F.,
 ( 4, 1, 1, 1, 1, 1, 1, 1, 1, 1, 1, 1, 4 ),
 ( 0.0000000000000000000, 0.07405842627338261874, 0.1488703523168776466, 0.2266676683691787597, 0.3077347594511131157, 0.3911572038059790146, 0.4739293555425533322, 0.5579277515150559141, 0.6449892900513592986, 0.7333640555176179632, 0.8210920421841606531, 0.9092872149973380003, 1.000000000000000000 ),
 .UNSPECIFIED. ) ;
#3101 = CARTESIAN_POINT ( 'NONE',  ( 0.2397530185733434682, 3.630000000000001226, 0.4230134304746234752 ) ) ;
#3102 = CARTESIAN_POINT ( 'NONE',  ( -2.172208273534007361, 3.630000000000000782, -0.2680191013020776780 ) ) ;
#3103 = CARTESIAN_POINT ( 'NONE',  ( 2.171264011709715280, 3.680000000000000604, 0.04287580767244304758 ) ) ;
#3104 = FACE_OUTER_BOUND ( 'NONE', #4956, .T. ) ;
#3105 = EDGE_CURVE ( 'NONE', #4478, #4597, #6378, .T. ) ;
#3106 = CARTESIAN_POINT ( 'NONE',  ( -1.213588747263981027, 3.680000000000000604, 0.5793788230313414722 ) ) ;
#3107 = ORIENTED_EDGE ( 'NONE', *, *, #5202, .T. ) ;
#3108 = CARTESIAN_POINT ( 'NONE',  ( -1.974824523806857801, 3.679999999999999272, -0.03968468095184284061 ) ) ;
#3109 = CARTESIAN_POINT ( 'NONE',  ( -0.8939976895645604937, 3.679999999999997051, 0.4576970189226609587 ) ) ;
#3110 = CARTESIAN_POINT ( 'NONE',  ( -2.217243533269958267, 3.680000000000000160, 0.6754071539454989948 ) ) ;
#3111 = FACE_OUTER_BOUND ( 'NONE', #4152, .T. ) ;
#3112 = CARTESIAN_POINT ( 'NONE',  ( 0.7471235571617022009, 3.629999999999999449, -0.8902646408155138191 ) ) ;
#3113 = CARTESIAN_POINT ( 'NONE',  ( -2.501128082893667504, 3.679999999999999272, -0.4458511528336422391 ) ) ;
#3114 = ORIENTED_EDGE ( 'NONE', *, *, #6574, .F. ) ;
#3115 = EDGE_CURVE ( 'NONE', #2564, #5875, #3313, .T. ) ;
#3116 = EDGE_LOOP ( 'NONE', ( #4554, #1200, #1216, #5500 ) ) ;
#3117 = CARTESIAN_POINT ( 'NONE',  ( 0.5061596117295695807, 3.680000000000000160, 0.6550021155792764560 ) ) ;
#3118 = CARTESIAN_POINT ( 'NONE',  ( -0.8786017063468812838, 3.679999999999999272, -0.1130543845160394689 ) ) ;
#3119 = CARTESIAN_POINT ( 'NONE',  ( -2.321668790966290530, 3.629999999999999893, -0.09995782274533832057 ) ) ;
#3120 = CARTESIAN_POINT ( 'NONE',  ( -1.455524783269958267, 3.629999999999999893, 0.5311763847147297213 ) ) ;
#3121 = CARTESIAN_POINT ( 'NONE',  ( 0.2752444474992724599, 3.680000000000001048, -0.1130543845160394689 ) ) ;
#3122 = ORIENTED_EDGE ( 'NONE', *, *, #175, .F. ) ;
#3123 = VERTEX_POINT ( 'NONE', #3749 ) ;
#3124 = CARTESIAN_POINT ( 'NONE',  ( -2.428781994808419942, 3.629999999999999893, -0.1986914037468087424 ) ) ;
#3125 = CARTESIAN_POINT ( 'NONE',  ( -0.1286017063468814781, 3.629999999999999893, -0.1130543845160394689 ) ) ;
#3126 = CARTESIAN_POINT ( 'NONE',  ( 2.049352224566031389, 3.629999999999999449, 0.3998875696959025561 ) ) ;
#3127 = CARTESIAN_POINT ( 'NONE',  ( -2.203915334222900313, 3.680000000000000160, -0.7474248579425204486 ) ) ;
#3128 = CARTESIAN_POINT ( 'NONE',  ( -0.2781569047734712696, 3.630000000000000782, -0.8376006540887754870 ) ) ;
#3129 = CARTESIAN_POINT ( 'NONE',  ( -2.724755552500727429, 3.680000000000000160, 0.2123662885608836037 ) ) ;
#3130 = FILL_AREA_STYLE_COLOUR ( '', #2848 ) ;
#3131 = CARTESIAN_POINT ( 'NONE',  ( -1.013076511751924036, 3.680000000000000160, -0.1364951605779704813 ) ) ;
#3132 = CARTESIAN_POINT ( 'NONE',  ( -0.7992392859769851254, 3.680000000000001048, -0.7957648289813763487 ) ) ;
#3133 = CARTESIAN_POINT ( 'NONE',  ( -1.207047629494421237, 3.629999999999999893, 0.5556867676210953677 ) ) ;
#3134 = CARTESIAN_POINT ( 'NONE',  ( 0.1891117293227000951, 3.629999999999999449, 0.3024496666069836359 ) ) ;
#3135 = CARTESIAN_POINT ( 'NONE',  ( 0.9821577456687533569, 3.679999999999999716, 0.2234891935643789906 ) ) ;
#3136 = CARTESIAN_POINT ( 'NONE',  ( 2.136003899514908877, 3.630000000000001226, 0.2234891935643792404 ) ) ;
#3137 = CARTESIAN_POINT ( 'NONE',  ( -0.1286017063468814781, 3.629999999999999893, -0.1130543845160394689 ) ) ;
#3138 = CARTESIAN_POINT ( 'NONE',  ( -1.791835750984262621, 3.680000000000001492, 0.4772980182875624644 ) ) ;
#3139 = PRESENTATION_STYLE_ASSIGNMENT (( #5757 ) ) ;
#3140 = CARTESIAN_POINT ( 'NONE',  ( -2.707407326312829099, 3.630000000000000782, 0.3388750786866200904 ) ) ;
#3141 = MECHANICAL_DESIGN_GEOMETRIC_PRESENTATION_REPRESENTATION (  '', ( #3467 ), #5286 ) ;
#3142 = CARTESIAN_POINT ( 'NONE',  ( -2.003824728744388217, 3.679999999999999272, -0.05940515464120257189 ) ) ;
#3143 = EDGE_CURVE ( 'NONE', #4477, #3834, #5346, .T. ) ;
#3144 = CARTESIAN_POINT ( 'NONE',  ( -0.6476865421165846071, 3.679999999999997495, 0.6550021155792764560 ) ) ;
#3145 = CARTESIAN_POINT ( 'NONE',  ( -1.330524783269958267, 3.629999999999999893, 0.6561763847147297213 ) ) ;
#3146 = B_SPLINE_SURFACE_WITH_KNOTS ( 'NONE', 3, 1, ( 
 ( #2515, #5227 ),
 ( #4717, #4685 ),
 ( #5695, #5621 ),
 ( #3193, #1520 ),
 ( #4146, #4110 ),
 ( #1625, #1143 ),
 ( #2581, #1035 ),
 ( #3084, #5731 ),
 ( #2611, #3695 ),
 ( #4648, #5658 ),
 ( #2038, #5152 ),
 ( #1103, #1593 ),
 ( #3152, #3665 ),
 ( #996, #54 ),
 ( #6146, #637 ) ),
 .UNSPECIFIED., .F., .F., .F.,
 ( 4, 1, 1, 1, 1, 1, 1, 1, 1, 1, 1, 1, 4 ),
 ( 2, 2 ),
 ( 0.0000000000000000000, 0.1128134007444590026, 0.2253938839207293432, 0.3395948145627008530, 0.4596754102248640783, 0.5217351900879328985, 0.5839258387389161253, 0.6481741447653692756, 0.7138810381130666904, 0.7810044549073896780, 0.8514509275565552704, 0.9240506926641778307, 0.9999999999999998890 ),
 ( 0.0000000000000000000, 1.000000000000000000 ),
 .UNSPECIFIED. ) ;
#3147 = CARTESIAN_POINT ( 'NONE',  ( 2.187425769056414726, 3.629999999999998561, -0.6790097296763862866 ) ) ;
#3148 = CARTESIAN_POINT ( 'NONE',  ( -0.8244691740316866246, 3.680000000000000160, 0.5467518375246119833 ) ) ;
#3149 = CARTESIAN_POINT ( 'NONE',  ( -2.422603098324667137, 3.679999999999999716, -0.3431595746918016387 ) ) ;
#3150 = VERTEX_POINT ( 'NONE', #2295 ) ;
#3151 = VERTEX_POINT ( 'NONE', #1195 ) ;
#3152 = CARTESIAN_POINT ( 'NONE',  ( 0.9569836289069625357, 3.629999999999999005, 0.2949889125815163271 ) ) ;
#3153 = CARTESIAN_POINT ( 'NONE',  ( 1.617228726940445505, 3.629999999999999449, -0.6877740693834173413 ) ) ;
#3154 = CARTESIAN_POINT ( 'NONE',  ( -0.5468731076571843319, 3.629999999999999449, -0.9009257655664466569 ) ) ;
#3155 = CARTESIAN_POINT ( 'NONE',  ( -2.448490725218204656, 3.629999999999999005, -0.6614327654149808611 ) ) ;
#3156 = SURFACE_SIDE_STYLE ('',( #1108 ) ) ;
#3157 = CARTESIAN_POINT ( 'NONE',  ( 0.5483551289824538655, 3.629999999999999449, 0.5060575432019168707 ) ) ;
#3158 = ORIENTED_EDGE ( 'NONE', *, *, #1685, .T. ) ;
#3159 = ORIENTED_EDGE ( 'NONE', *, *, #2332, .F. ) ;
#3160 = CARTESIAN_POINT ( 'NONE',  ( -2.061488893931911370, 3.629999999999999893, 0.4980918313847539913 ) ) ;
#3161 = CARTESIAN_POINT ( 'NONE',  ( 1.025244447499272793, 3.680000000000000160, -0.1130543845160394689 ) ) ;
#3162 = CARTESIAN_POINT ( 'NONE',  ( 0.6303011321649328869, 3.629999999999999893, 0.6752072873202952241 ) ) ;
#3163 = CARTESIAN_POINT ( 'NONE',  ( 0.3278546351832568040, 3.679999999999999716, -0.7713745073540296815 ) ) ;
#3164 = PRESENTATION_LAYER_ASSIGNMENT (  '', '', ( #5188 ) ) ;
#3165 = UNCERTAINTY_MEASURE_WITH_UNIT (LENGTH_MEASURE( 1.000000000000000082E-05 ), #5974, 'distance_accuracy_value', 'NONE');
#3166 = SURFACE_SIDE_STYLE ('',( #6226 ) ) ;
#3167 = CARTESIAN_POINT ( 'NONE',  ( -2.533717797272354577, 3.629999999999999005, -0.1366715098307865472 ) ) ;
#3168 = CARTESIAN_POINT ( 'NONE',  ( -0.7190284558071410315, 3.680000000000001492, 0.4385180809487588260 ) ) ;
#3169 = CARTESIAN_POINT ( 'NONE',  ( -0.1968625249391909582, 3.680000000000000160, 0.2949889125815164936 ) ) ;
#3170 = PRESENTATION_LAYER_ASSIGNMENT (  '', '', ( #4444 ) ) ;
#3171 = CARTESIAN_POINT ( 'NONE',  ( 0.3009114594713983570, 3.680000000000000604, -0.4173348674833634586 ) ) ;
#3172 = ADVANCED_FACE ( 'NONE', ( #6232, #3244 ), #108, .T. ) ;
#3173 = CARTESIAN_POINT ( 'NONE',  ( 2.178393539778936905, 3.680000000000001936, -0.1663518433583049683 ) ) ;
#3174 = CARTESIAN_POINT ( 'NONE',  ( 1.024737215101775956, 3.679999999999999716, -0.05953894067806887042 ) ) ;
#3175 = CARTESIAN_POINT ( 'NONE',  ( 2.147837517059509427, 3.679999999999997939, 0.1813333426727402331 ) ) ;
#3176 = PRESENTATION_LAYER_ASSIGNMENT (  '', '', ( #2962 ) ) ;
#3177 = CARTESIAN_POINT ( 'NONE',  ( -0.1356148659961414205, 3.679999999999997495, -0.2670601040317101549 ) ) ;
#3178 = AXIS2_PLACEMENT_3D ( 'NONE', #6308, #5747, #4809 ) ;
#3179 =( NAMED_UNIT ( * ) SI_UNIT ( $, .STERADIAN. ) SOLID_ANGLE_UNIT ( ) );
#3180 = MECHANICAL_DESIGN_GEOMETRIC_PRESENTATION_REPRESENTATION (  '', ( #1358 ), #6059 ) ;
#3181 = CARTESIAN_POINT ( 'NONE',  ( -2.375462135012945009, 3.630000000000000338, -0.3096144555824672517 ) ) ;
#3182 = VECTOR ( 'NONE', #2978, 1000.000000000000000 ) ;
#3183 = CARTESIAN_POINT ( 'NONE',  ( -1.330524783269958267, 3.629999999999999893, 0.4061763847147297768 ) ) ;
#3184 = CARTESIAN_POINT ( 'NONE',  ( -0.9496707115884888140, 3.679999999999997051, 0.3458017785468924798 ) ) ;
#3185 = CARTESIAN_POINT ( 'NONE',  ( 1.159859832114657596, 3.629999999999999893, -0.1124534229775779742 ) ) ;
#3186 = UNCERTAINTY_MEASURE_WITH_UNIT (LENGTH_MEASURE( 1.000000000000000082E-05 ), #2488, 'distance_accuracy_value', 'NONE');
#3187 = DIRECTION ( 'NONE',  ( 0.0000000000000000000, -1.000000000000000000, 0.0000000000000000000 ) ) ;
#3188 = MECHANICAL_DESIGN_GEOMETRIC_PRESENTATION_REPRESENTATION (  '', ( #290 ), #4456 ) ;
#3189 = CARTESIAN_POINT ( 'NONE',  ( -0.7106020285763623434, 3.679999999999999716, 0.6291298927570958543 ) ) ;
#3190 = LINE ( 'NONE', #5223, #4747 ) ;
#3191 = ORIENTED_EDGE ( 'NONE', *, *, #6268, .F. ) ;
#3192 = ORIENTED_EDGE ( 'NONE', *, *, #2532, .F. ) ;
#3193 = CARTESIAN_POINT ( 'NONE',  ( 0.7449215882619855122, 3.629999999999999449, 0.5063086653902781897 ) ) ;
#3194 = PRESENTATION_STYLE_ASSIGNMENT (( #5153 ) ) ;
#3195 = CARTESIAN_POINT ( 'NONE',  ( -0.6479949598788840026, 3.629999999999999893, -0.8808014643199169047 ) ) ;
#3196 = MECHANICAL_DESIGN_GEOMETRIC_PRESENTATION_REPRESENTATION (  '', ( #2438 ), #6394 ) ;
#3197 = DIRECTION ( 'NONE',  ( 0.0000000000000000000, 0.0000000000000000000, -1.000000000000000000 ) ) ;
#3198 = CARTESIAN_POINT ( 'NONE',  ( 2.179090601345426315, 3.629999999999999893, -0.1130543845160394689 ) ) ;
#3199 = CARTESIAN_POINT ( 'NONE',  ( 1.092156819488414143, 3.629999999999999893, -0.5642831114839580442 ) ) ;
#3200 = ORIENTED_EDGE ( 'NONE', *, *, #4878, .T. ) ;
#3201 = ORIENTED_EDGE ( 'NONE', *, *, #5991, .F. ) ;
#3202 = CARTESIAN_POINT ( 'NONE',  ( -2.155444160989984148, 3.680000000000000160, 0.6737834801961255504 ) ) ;
#3203 = CARTESIAN_POINT ( 'NONE',  ( 0.3838530225374678362, 3.629999999999999005, 0.5930743968738464433 ) ) ;
#3204 = CARTESIAN_POINT ( 'NONE',  ( 0.2585598744594709841, 3.680000000000000604, -0.6823670154693972645 ) ) ;
#3205 = PRESENTATION_STYLE_ASSIGNMENT (( #4765 ) ) ;
#3206 = CARTESIAN_POINT ( 'NONE',  ( -2.043366350268128073, 3.630000000000000782, -0.8724524523665482256 ) ) ;
#3207 = CARTESIAN_POINT ( 'NONE',  ( -0.5072074755776505572, 3.629999999999999893, 0.5215610000993451401 ) ) ;
#3208 = CARTESIAN_POINT ( 'NONE',  ( 1.800484832114657374, 3.680000000000000160, -0.7476697691314242444 ) ) ;
#3209 = CARTESIAN_POINT ( 'NONE',  ( 1.025008652113729157, 3.630000000000000338, -0.1310833441666291177 ) ) ;
#3210 = B_SPLINE_SURFACE_WITH_KNOTS ( 'NONE', 3, 1, ( 
 ( #2669, #1680 ),
 ( #517, #3722 ),
 ( #4788, #2649 ),
 ( #5224, #2067 ),
 ( #4144, #4682 ),
 ( #2609, #3624 ),
 ( #4713, #6248 ),
 ( #2823, #6403 ),
 ( #2478, #2324 ),
 ( #2448, #4479 ),
 ( #5907, #6020 ),
 ( #3866, #1446 ),
 ( #1961, #4903 ),
 ( #610, #1705 ),
 ( #2221, #3741 ),
 ( #4261, #6425 ),
 ( #1857, #2647 ),
 ( #451, #1589 ),
 ( #6085, #3555 ),
 ( #993, #6608 ),
 ( #1064, #4077 ),
 ( #1547, #5422 ),
 ( #4918, #475 ) ),
 .UNSPECIFIED., .F., .F., .F.,
 ( 4, 1, 1, 1, 1, 1, 1, 1, 1, 1, 1, 1, 1, 1, 1, 1, 1, 1, 1, 1, 4 ),
 ( 2, 2 ),
 ( 0.0000000000000000000, 0.06568119799063874831, 0.1284864641740647850, 0.1881751303280076448, 0.2451061306699861830, 0.2994484245294751767, 0.3508229360093821358, 0.3999416805337775438, 0.4466717436323718315, 0.4912545333734980035, 0.5333763442704363422, 0.5738527549682236328, 0.6125263117194525986, 0.6495971364453287933, 0.6855320415538498358, 0.7201057860682003042, 0.7538376629736494028, 0.8189254160467132060, 0.8804934616501637334, 0.9403113338460566961, 0.9999999999999998890 ),
 ( 0.0000000000000000000, 1.000000000000000000 ),
 .UNSPECIFIED. ) ;
#3211 = CARTESIAN_POINT ( 'NONE',  ( -2.446178298239459092, 3.629999999999999449, -0.2081777331552921440 ) ) ;
#3212 = PRESENTATION_STYLE_ASSIGNMENT (( #6379 ) ) ;
#3213 = CARTESIAN_POINT ( 'NONE',  ( -1.705804456125958435, 3.680000000000000604, 0.1897242430358999921 ) ) ;
#3214 = SURFACE_STYLE_USAGE ( .BOTH. , #1813 ) ;
#3215 = DIRECTION ( 'NONE',  ( 0.0000000000000000000, -1.000000000000000000, 0.0000000000000000000 ) ) ;
#3216 = CARTESIAN_POINT ( 'NONE',  ( -2.268783095639371528, 3.629999999999998561, 0.5203699271968980078 ) ) ;
#3217 = SURFACE_STYLE_FILL_AREA ( #1783 ) ;
#3218 = CARTESIAN_POINT ( 'NONE',  ( 1.784146957805758493, 3.680000000000000160, -0.9013173374551021189 ) ) ;
#3219 = CARTESIAN_POINT ( 'NONE',  ( -0.9647344245234538151, 3.630000000000000782, 0.3024496666069836914 ) ) ;
#3220 = CARTESIAN_POINT ( 'NONE',  ( -0.8939976895645604937, 3.630000000000000338, 0.4576970189226609587 ) ) ;
#3221 = CARTESIAN_POINT ( 'NONE',  ( -1.705524783269958489, 3.630000000000000338, 0.2000465770224221229 ) ) ;
#3222 = CARTESIAN_POINT ( 'NONE',  ( 0.9130098170861389306, 3.679999999999998828, 0.3767878714466541545 ) ) ;
#3223 = EDGE_CURVE ( 'NONE', #5234, #2744, #6051, .T. ) ;
#3224 = CARTESIAN_POINT ( 'NONE',  ( 0.6421314667300419554, 3.629999999999999893, -0.9015159229775778771 ) ) ;
#3225 = ORIENTED_EDGE ( 'NONE', *, *, #1270, .T. ) ;
#3226 = CARTESIAN_POINT ( 'NONE',  ( -2.490563513711050447, 3.679999999999997051, -0.4243150480952017078 ) ) ;
#3227 = CARTESIAN_POINT ( 'NONE',  ( 1.588572818437191225, 3.680000000000000604, -0.6653433644798524282 ) ) ;
#3228 = CARTESIAN_POINT ( 'NONE',  ( 1.474455677329439274, 3.679999999999997051, 0.2623444497358973782 ) ) ;
#3229 = CARTESIAN_POINT ( 'NONE',  ( -2.583761897486414050, 3.629999999999999449, 0.1529145278306952016 ) ) ;
#3230 =( NAMED_UNIT ( * ) PLANE_ANGLE_UNIT ( ) SI_UNIT ( $, .RADIAN. ) );
#3231 = CARTESIAN_POINT ( 'NONE',  ( 0.9869806569593405632, 3.629999999999999449, -0.7423212791278962497 ) ) ;
#3232 = EDGE_LOOP ( 'NONE', ( #5295, #4109, #2477, #4544 ) ) ;
#3233 = VERTEX_POINT ( 'NONE', #3441 ) ;
#3234 = CARTESIAN_POINT ( 'NONE',  ( -1.840396706224930679, 3.630000000000000338, 0.2132868646379733335 ) ) ;
#3235 = CARTESIAN_POINT ( 'NONE',  ( -1.338883512710896895, 3.680000000000001048, 0.4066563398990388212 ) ) ;
#3236 = CARTESIAN_POINT ( 'NONE',  ( -1.838383481086142357, 3.630000000000000782, -0.09506657707821634939 ) ) ;
#3237 = CARTESIAN_POINT ( 'NONE',  ( -1.993512469426660605, 3.630000000000000338, -0.6756913524032903684 ) ) ;
#3238 = CARTESIAN_POINT ( 'NONE',  ( 0.1406290628838879619, 3.680000000000000604, -0.1124534229775779742 ) ) ;
#3239 = EDGE_CURVE ( 'NONE', #844, #3005, #2547, .T. ) ;
#3240 = CARTESIAN_POINT ( 'NONE',  ( -0.08000419514856704772, 3.679999999999996163, -0.6050747405586921479 ) ) ;
#3241 = CARTESIAN_POINT ( 'NONE',  ( -2.590298739429234498, 3.629999999999999893, -0.09085791037234981771 ) ) ;
#3242 = DIRECTION ( 'NONE',  ( -0.0000000000000000000, 1.000000000000000000, -0.0000000000000000000 ) ) ;
#3243 = CARTESIAN_POINT ( 'NONE',  ( -0.1912600742176329971, 3.630000000000000338, 0.5427442978721668254 ) ) ;
#3244 = FACE_OUTER_BOUND ( 'NONE', #1592, .T. ) ;
#3245 = CARTESIAN_POINT ( 'NONE',  ( 1.849692883663440535, 3.680000000000002824, -0.7450596256095286529 ) ) ;
#3246 = CARTESIAN_POINT ( 'NONE',  ( -1.744283000219326585, 3.630000000000001226, 0.02706807883765867048 ) ) ;
#3247 = CARTESIAN_POINT ( 'NONE',  ( 1.982374561403711155, 3.629999999999999005, -0.6878514479104985702 ) ) ;
#3248 = CARTESIAN_POINT ( 'NONE',  ( -1.945945747797891867, 3.629999999999999005, -0.2267474779939108731 ) ) ;
#3249 = SURFACE_STYLE_USAGE ( .BOTH. , #4880 ) ;
#3250 = ORIENTED_EDGE ( 'NONE', *, *, #6184, .T. ) ;
#3251 = CARTESIAN_POINT ( 'NONE',  ( -1.013217090962265976, 3.629999999999999893, -0.1124534229775779742 ) ) ;
#3252 = CARTESIAN_POINT ( 'NONE',  ( -2.399712439255192287, 3.630000000000000338, -0.3252029619390430226 ) ) ;
#3253 = CARTESIAN_POINT ( 'NONE',  ( -2.562879493495023198, 3.679999999999999272, 0.09280515378988116182 ) ) ;
#3254 = LINE ( 'NONE', #5891, #2958 ) ;
#3255 = CARTESIAN_POINT ( 'NONE',  ( -0.5235450216812214119, 3.630000000000000338, 0.6752072873202952241 ) ) ;
#3256 =( NAMED_UNIT ( * ) PLANE_ANGLE_UNIT ( ) SI_UNIT ( $, .RADIAN. ) );
#3257 = CARTESIAN_POINT ( 'NONE',  ( -2.590298739429234498, 3.629999999999999893, -0.09085791037234981771 ) ) ;
#3258 = ORIENTED_EDGE ( 'NONE', *, *, #4251, .T. ) ;
#3259 = CARTESIAN_POINT ( 'NONE',  ( -2.462253013258070666, 3.679999999999997051, -0.3823262144370115911 ) ) ;
#3260 = CARTESIAN_POINT ( 'NONE',  ( -2.646149024680669815, 3.629999999999999005, -0.4696623460748623469 ) ) ;
#3261 = EDGE_CURVE ( 'NONE', #5841, #5020, #283, .T. ) ;
#3262 = CARTESIAN_POINT ( 'NONE',  ( -1.945945747797891867, 3.679999999999999272, -0.2267474779939108731 ) ) ;
#3263 = CARTESIAN_POINT ( 'NONE',  ( 0.6777849613214811386, 3.629999999999999893, -0.9008910975147441658 ) ) ;
#3264 = ORIENTED_EDGE ( 'NONE', *, *, #5613, .T. ) ;
#3265 = CARTESIAN_POINT ( 'NONE',  ( 0.9939913632133565713, 3.630000000000000338, 0.1813333426727405107 ) ) ;
#3266 = CARTESIAN_POINT ( 'NONE',  ( -1.330524783269958267, 3.680000000000000160, 0.6561763847147297213 ) ) ;
#3267 = MECHANICAL_DESIGN_GEOMETRIC_PRESENTATION_REPRESENTATION (  '', ( #1332 ), #686 ) ;
#3268 = CARTESIAN_POINT ( 'NONE',  ( -0.7392977864165821700, 3.680000000000001048, -0.6458920270262255015 ) ) ;
#3269 = CARTESIAN_POINT ( 'NONE',  ( 0.1756946919211344882, 3.629999999999999893, -0.4812613761502044785 ) ) ;
#3270 = CARTESIAN_POINT ( 'NONE',  ( 1.329651722548815362, 3.629999999999998117, 0.2552428758202031633 ) ) ;
#3271 = FILL_AREA_STYLE ('',( #4225 ) ) ;
#3272 = CARTESIAN_POINT ( 'NONE',  ( -2.724755552500727429, 3.629999999999999893, 0.2123662885608836037 ) ) ;
#3273 = PRESENTATION_STYLE_ASSIGNMENT (( #2228 ) ) ;
#3274 = CARTESIAN_POINT ( 'NONE',  ( 1.654618573231384060, 3.679999999999999272, -0.7113250861540980630 ) ) ;
#3275 = CARTESIAN_POINT ( 'NONE',  ( -0.6479949598788840026, 3.680000000000000160, -0.8808014643199169047 ) ) ;
#3276 = CARTESIAN_POINT ( 'NONE',  ( -1.995488725577650557, 3.680000000000000160, -0.1986914037468087424 ) ) ;
#3277 = CARTESIAN_POINT ( 'NONE',  ( -1.854687850217318967, 3.629999999999999449, 0.1135529213146722477 ) ) ;
#3278 = CARTESIAN_POINT ( 'NONE',  ( 2.115983643282222548, 3.630000000000000338, -0.5095091075989407470 ) ) ;
#3279 = AXIS2_PLACEMENT_3D ( 'NONE', #2395, #5914, #6461 ) ;
#3280 = CARTESIAN_POINT ( 'NONE',  ( 2.439999999999999947, 0.0000000000000000000, 0.3000000000000000999 ) ) ;
#3281 = CARTESIAN_POINT ( 'NONE',  ( 0.4424992130727553041, 3.680000000000001048, -0.8546199058411396710 ) ) ;
#3282 = SURFACE_STYLE_FILL_AREA ( #2239 ) ;
#3283 = CARTESIAN_POINT ( 'NONE',  ( 1.297926767772279000, 3.680000000000001048, -0.2512471432840847063 ) ) ;
#3284 = VECTOR ( 'NONE', #2552, 1000.000000000000000 ) ;
#3285 = CIRCLE ( 'NONE', #4123, 1.899999999999999689 ) ;
#3286 = CARTESIAN_POINT ( 'NONE',  ( -1.009744508499838656, 3.679999999999997051, 0.02543742790927537578 ) ) ;
#3287 = CARTESIAN_POINT ( 'NONE',  ( 2.276109717702806012, 3.629999999999999449, 0.2458128376699938444 ) ) ;
#3288 = CARTESIAN_POINT ( 'NONE',  ( 0.2752444474992724599, 3.629999999999999893, -0.1130543845160394689 ) ) ;
#3289 = MECHANICAL_DESIGN_GEOMETRIC_PRESENTATION_REPRESENTATION (  '', ( #6149 ), #5624 ) ;
#3290 = VERTEX_POINT ( 'NONE', #5406 ) ;
#3291 = VECTOR ( 'NONE', #2331, 1000.000000000000000 ) ;
#3292 = CARTESIAN_POINT ( 'NONE',  ( -2.210332475577650779, 3.629999999999999893, -0.2669005383621932959 ) ) ;
#3293 = SURFACE_STYLE_FILL_AREA ( #800 ) ;
#3294 = CIRCLE ( 'NONE', #2432, 0.3000000000000000999 ) ;
#3295 = CARTESIAN_POINT ( 'NONE',  ( -1.454116325931278819, 3.680000000000000160, 0.5557545880812321260 ) ) ;
#3296 = CARTESIAN_POINT ( 'NONE',  ( -2.482266223252636017, 3.679999999999999716, 0.6200904887076408301 ) ) ;
#3297 = CARTESIAN_POINT ( 'NONE',  ( 2.178583368947930143, 3.630000000000000338, -0.05953894067806887735 ) ) ;
#3298 = CARTESIAN_POINT ( 'NONE',  ( 0.6777849613214811386, 3.679999999999997495, -0.9008910975147441658 ) ) ;
#3299 = ADVANCED_FACE ( 'NONE', ( #2869 ), #5064, .T. ) ;
#3300 = ORIENTED_EDGE ( 'NONE', *, *, #1092, .F. ) ;
#3301 = CARTESIAN_POINT ( 'NONE',  ( -2.528452020050040883, 3.679999999999999272, 0.03687025574661762645 ) ) ;
#3302 = PRESENTATION_LAYER_ASSIGNMENT (  '', '', ( #4460 ) ) ;
#3303 = EDGE_LOOP ( 'NONE', ( #6534, #3529, #3767, #2946 ) ) ;
#3304 = CARTESIAN_POINT ( 'NONE',  ( 0.9821577456687533569, 3.629999999999999449, 0.2234891935643789906 ) ) ;
#3305 = CARTESIAN_POINT ( 'NONE',  ( -1.854016991522239977, 3.680000000000000604, 0.2942139283488416912 ) ) ;
#3306 = FILL_AREA_STYLE_COLOUR ( '', #5212 ) ;
#3307 = CARTESIAN_POINT ( 'NONE',  ( 2.166477034327281892, 3.680000000000000160, 0.4845116065617087742 ) ) ;
#3308 = CARTESIAN_POINT ( 'NONE',  ( 0.1756946919211344882, 3.680000000000000604, -0.4812613761502044785 ) ) ;
#3309 = CARTESIAN_POINT ( 'NONE',  ( 1.393599172419497156, 3.630000000000000782, 0.4230134304746235863 ) ) ;
#3310 = PRESENTATION_LAYER_ASSIGNMENT (  '', '', ( #5641 ) ) ;
#3311 = CARTESIAN_POINT ( 'NONE',  ( 2.439999999999999947, 0.05000000000000012768, 0.2149999999999999412 ) ) ;
#3312 = CARTESIAN_POINT ( 'NONE',  ( -0.6151224350690187581, 3.630000000000000338, -0.8903203986510360712 ) ) ;
#3313 = LINE ( 'NONE', #246, #4892 ) ;
#3314 = FACE_OUTER_BOUND ( 'NONE', #995, .T. ) ;
#3315 = CARTESIAN_POINT ( 'NONE',  ( -1.840140167885343070, 3.630000000000000338, 0.2027509039454990225 ) ) ;
#3316 = CARTESIAN_POINT ( 'NONE',  ( 1.800484832114657374, 3.629999999999999893, -0.7476697691314242444 ) ) ;
#3317 = CARTESIAN_POINT ( 'NONE',  ( 0.7128594078554456592, 3.680000000000001492, -0.8968951221427710063 ) ) ;
#3318 = CARTESIAN_POINT ( 'NONE',  ( 1.435237865696624482, 3.629999999999998561, -0.2817076304389611319 ) ) ;
#3319 = FILL_AREA_STYLE_COLOUR ( '', #5423 ) ;
#3320 = CARTESIAN_POINT ( 'NONE',  ( -1.921472256521083777, 3.630000000000001670, -0.5596603581296194507 ) ) ;
#3321 = CARTESIAN_POINT ( 'NONE',  ( -1.004792654791966333, 3.630000000000000782, 0.08899704713222963970 ) ) ;
#3322 = CARTESIAN_POINT ( 'NONE',  ( -0.5117146871161122323, 3.629999999999999893, 0.6754071539454989948 ) ) ;
#3323 = ADVANCED_FACE ( 'NONE', ( #5094 ), #4961, .T. ) ;
#3324 = FACE_OUTER_BOUND ( 'NONE', #1792, .T. ) ;
#3325 = CARTESIAN_POINT ( 'NONE',  ( 1.133742048311195294, 3.629999999999999005, -0.4213105659790586377 ) ) ;
#3326 = ORIENTED_EDGE ( 'NONE', *, *, #6122, .T. ) ;
#3327 = CARTESIAN_POINT ( 'NONE',  ( 1.474757649570213935, 3.679999999999999272, -0.4890562694957943379 ) ) ;
#3328 = CARTESIAN_POINT ( 'NONE',  ( -2.593740174699394441, 3.629999999999999005, -0.3369735288511468418 ) ) ;
#3329 = CARTESIAN_POINT ( 'NONE',  ( -1.866399591729243079, 3.680000000000001492, 0.08533149020506698712 ) ) ;
#3330 = B_SPLINE_CURVE_WITH_KNOTS ( 'NONE', 3,
 ( #4940, #5541, #5949, #945, #912, #3942, #6411, #854, #340, #4497, #2401, #6464, #5983, #6496, #1402, #3443, #1936, #5481, #879, #2467, #2934, #6011, #1437, #6525, #1964, #4002, #6040 ),
 .UNSPECIFIED., .F., .F.,
 ( 4, 1, 1, 1, 1, 1, 1, 1, 1, 1, 1, 1, 1, 1, 1, 1, 1, 1, 1, 1, 1, 1, 1, 1, 4 ),
 ( 0.0000000000000000000, 0.06506328961727915472, 0.1267731664665230074, 0.1855157632260791833, 0.2407646791677150455, 0.2929797960235981935, 0.3422503727797676087, 0.3889192861856605732, 0.4327756640583106384, 0.4746284326311179802, 0.5147746906379536691, 0.5536058934984426916, 0.5914264064311732794, 0.6280281199460676644, 0.6638036341103207283, 0.6989843361316641079, 0.7335914893067053688, 0.7676284691511401359, 0.8012083477865923342, 0.8342638397266236572, 0.8669806947287764798, 0.8997197415181610314, 0.9327019124985386211, 0.9661758834327499601, 1.000000000000000000 ),
 .UNSPECIFIED. ) ;
#3331 = CARTESIAN_POINT ( 'NONE',  ( -1.435166812300173067, 3.680000000000001492, 0.6007474025870125356 ) ) ;
#3332 = ADVANCED_FACE ( 'NONE', ( #5203 ), #1673, .T. ) ;
#3333 = CARTESIAN_POINT ( 'NONE',  ( -0.1364282959825924568, 3.630000000000000338, 0.04287580767244306146 ) ) ;
#3334 = VERTEX_POINT ( 'NONE', #6418 ) ;
#3335 = CARTESIAN_POINT ( 'NONE',  ( -2.575484521520200687, 3.680000000000000604, 0.1221398441549085834 ) ) ;
#3336 = FACE_OUTER_BOUND ( 'NONE', #2282, .T. ) ;
#3337 = CARTESIAN_POINT ( 'NONE',  ( -1.435258673329490531, 3.680000000000000604, 0.4610298848402036853 ) ) ;
#3338 = CARTESIAN_POINT ( 'NONE',  ( 1.760820175397295406, 3.679999999999998828, 0.6748131893471163156 ) ) ;
#3339 = CARTESIAN_POINT ( 'NONE',  ( -0.6530737344609240935, 3.629999999999999893, -0.7113250861540982850 ) ) ;
#3340 = CARTESIAN_POINT ( 'NONE',  ( 1.784147286011085853, 3.629999999999999005, 0.6752072873202951131 ) ) ;
#3341 = CARTESIAN_POINT ( 'NONE',  ( 1.760820175397295406, 3.629999999999998561, 0.6748131893471163156 ) ) ;
#3342 = CARTESIAN_POINT ( 'NONE',  ( 1.446406019123311459, 3.679999999999999716, -0.3759940567165692138 ) ) ;
#3343 = CARTESIAN_POINT ( 'NONE',  ( 2.082909860507245803, 3.629999999999999893, 0.3515568068007470792 ) ) ;
#3344 = CARTESIAN_POINT ( 'NONE',  ( -0.3730386307189619277, 3.679999999999998828, 0.6545537366480596031 ) ) ;
#3345 = CARTESIAN_POINT ( 'NONE',  ( -1.840528388685476191, 3.629999999999999893, 0.1925177579791082505 ) ) ;
#3346 = CARTESIAN_POINT ( 'NONE',  ( 2.172077441696166122, 3.629999999999999005, -0.2670601040317101549 ) ) ;
#3347 = CARTESIAN_POINT ( 'NONE',  ( 1.457144164543447973, 3.629999999999999893, -0.7440990805603756586 ) ) ;
#3348 = CARTESIAN_POINT ( 'NONE',  ( 0.2753863095269755701, 3.629999999999999893, -0.1722754738825201248 ) ) ;
#3349 = CARTESIAN_POINT ( 'NONE',  ( 0.2032797983891919957, 3.679999999999999272, -0.5713049426169530820 ) ) ;
#3350 = CARTESIAN_POINT ( 'NONE',  ( 1.457144164543447973, 3.680000000000000160, -0.7440990805603756586 ) ) ;
#3351 = CARTESIAN_POINT ( 'NONE',  ( -0.1785042091823280108, 3.629999999999999893, -0.4753088270986000063 ) ) ;
#3352 = CARTESIAN_POINT ( 'NONE',  ( -0.8491656107875314996, 3.629999999999999449, 0.5194846612542903808 ) ) ;
#3353 =( NAMED_UNIT ( * ) PLANE_ANGLE_UNIT ( ) SI_UNIT ( $, .RADIAN. ) );
#3354 = CARTESIAN_POINT ( 'NONE',  ( -2.724507889202685718, 3.679999999999999272, 0.2018409205451058563 ) ) ;
#3355 = ORIENTED_EDGE ( 'NONE', *, *, #4305, .F. ) ;
#3356 = CARTESIAN_POINT ( 'NONE',  ( -2.443614858444271842, 3.629999999999999893, -0.3623353352100456282 ) ) ;
#3357 = CARTESIAN_POINT ( 'NONE',  ( 1.429090601345426537, 3.629999999999999893, -0.1130543845160394689 ) ) ;
#3358 = CARTESIAN_POINT ( 'NONE',  ( 1.294475216730041733, 3.629999999999999893, -0.1124534229775779742 ) ) ;
#3359 = CARTESIAN_POINT ( 'NONE',  ( -1.338893028549337227, 3.629999999999999893, 0.6557291287823703296 ) ) ;
#3360 = CARTESIAN_POINT ( 'NONE',  ( -2.151546138131541053, 3.680000000000000160, -0.8996737657128773824 ) ) ;
#3361 = CARTESIAN_POINT ( 'NONE',  ( -0.1421510342243152147, 3.629999999999999893, 0.09106425096286438481 ) ) ;
#3362 = ORIENTED_EDGE ( 'NONE', *, *, #1473, .F. ) ;
#3363 = CARTESIAN_POINT ( 'NONE',  ( -1.419399218332847212, 3.630000000000001226, 0.4420027790729385564 ) ) ;
#3364 = VERTEX_POINT ( 'NONE', #4407 ) ;
#3365 = CARTESIAN_POINT ( 'NONE',  ( 0.2925598652771584929, 3.629999999999999449, -0.3759940567165691583 ) ) ;
#3366 = CARTESIAN_POINT ( 'NONE',  ( -2.210332475577650779, 3.629999999999999893, -0.2669005383621932959 ) ) ;
#3367 = CARTESIAN_POINT ( 'NONE',  ( -0.6060575837570830737, 3.630000000000000338, -0.7327592144130753438 ) ) ;
#3368 = CARTESIAN_POINT ( 'NONE',  ( 1.294615062568520880, 3.629999999999999005, -0.08861185062333415408 ) ) ;
#3369 = CARTESIAN_POINT ( 'NONE',  ( -2.428781994808419942, 3.680000000000000160, -0.1986914037468087424 ) ) ;
#3370 = LINE ( 'NONE', #6033, #1146 ) ;
#3371 = AXIS2_PLACEMENT_3D ( 'NONE', #662, #794, #1850 ) ;
#3372 = VECTOR ( 'NONE', #3798, 1000.000000000000000 ) ;
#3373 = CARTESIAN_POINT ( 'NONE',  ( -0.1412152733650254843, 3.679999999999995719, 0.4845116065617086631 ) ) ;
#3374 = DIRECTION ( 'NONE',  ( -0.0000000000000000000, 1.000000000000000000, -0.0000000000000000000 ) ) ;
#3375 = LINE ( 'NONE', #6495, #2183 ) ;
#3376 = CARTESIAN_POINT ( 'NONE',  ( -1.241611414391632362, 3.629999999999999005, 0.4419735545729195358 ) ) ;
#3377 = CARTESIAN_POINT ( 'NONE',  ( -2.428781994808419942, 3.680000000000000160, -0.1986914037468087424 ) ) ;
#3378 = COLOUR_RGB ( '',0.7686274509803920907, 0.7686274509803920907, 0.7686274509803920907 ) ;
#3379 = ADVANCED_FACE ( 'NONE', ( #4975 ), #4754, .T. ) ;
#3380 = CARTESIAN_POINT ( 'NONE',  ( 1.654618573231384060, 3.629999999999999005, -0.7113250861540980630 ) ) ;
#3381 = CARTESIAN_POINT ( 'NONE',  ( -1.355173486316931131, 3.629999999999999893, 0.4075917042196233187 ) ) ;
#3382 = CARTESIAN_POINT ( 'NONE',  ( -0.1669671627649059742, 3.629999999999999449, -0.4385118635079116589 ) ) ;
#3383 = CARTESIAN_POINT ( 'NONE',  ( 0.6303008039596048606, 3.629999999999999449, -0.9013173374551021189 ) ) ;
#3384 = VECTOR ( 'NONE', #907, 1000.000000000000000 ) ;
#3385 = CARTESIAN_POINT ( 'NONE',  ( -2.215741129423804523, 3.680000000000000160, -0.7476697691314242444 ) ) ;
#3386 = CARTESIAN_POINT ( 'NONE',  ( -1.706509790942744687, 3.630000000000001226, 0.2430743724875501222 ) ) ;
#3387 = CARTESIAN_POINT ( 'NONE',  ( -2.671545042645773638, 3.679999999999998828, 0.008680484647062154321 ) ) ;
#3388 = ORIENTED_EDGE ( 'NONE', *, *, #6027, .F. ) ;
#3389 = STYLED_ITEM ( 'NONE', ( #2471 ), #1349 ) ;
#3390 = CARTESIAN_POINT ( 'NONE',  ( -1.900353520019287368, 3.679999999999999272, 0.03189758075712711971 ) ) ;
#3391 = CARTESIAN_POINT ( 'NONE',  ( 1.515721740326751554, 3.629999999999999449, -0.5762433685113895754 ) ) ;
#3392 = CARTESIAN_POINT ( 'NONE',  ( 0.3004481917034749205, 3.679999999999998828, 0.1905737149566111011 ) ) ;
#3393 = PLANE ( 'NONE',  #3071 ) ;
#3394 = UNCERTAINTY_MEASURE_WITH_UNIT (LENGTH_MEASURE( 1.000000000000000082E-05 ), #2160, 'distance_accuracy_value', 'NONE');
#3395 = CARTESIAN_POINT ( 'NONE',  ( -1.419507467333823492, 3.629999999999999005, 0.6200331783280239595 ) ) ;
#3396 = AXIS2_PLACEMENT_3D ( 'NONE', #3014, #6028, #455 ) ;
#3397 = CARTESIAN_POINT ( 'NONE',  ( -0.4905970448680454510, 3.629999999999999893, 0.5208762368943952170 ) ) ;
#3398 = ORIENTED_EDGE ( 'NONE', *, *, #5588, .F. ) ;
#3399 = CARTESIAN_POINT ( 'NONE',  ( 2.179090601345426315, 3.629999999999999893, -0.1130543845160394689 ) ) ;
#3400 = CARTESIAN_POINT ( 'NONE',  ( -2.134802845712507668, 3.680000000000000160, -0.2749410329134977515 ) ) ;
#3401 = B_SPLINE_CURVE_WITH_KNOTS ( 'NONE', 3,
 ( #229, #193, #4243, #6290, #5893, #5386, #3787, #5827, #733, #1725, #1241, #793, #766, #3760, #5800 ),
 .UNSPECIFIED., .F., .F.,
 ( 4, 1, 1, 1, 1, 1, 1, 1, 1, 1, 1, 1, 4 ),
 ( 0.0000000000000000000, 0.07489820792759543933, 0.1485962943439403383, 0.2244712347857281409, 0.3023227423595716279, 0.3819186179896837396, 0.4611486955215898242, 0.5424171227241532112, 0.6267160830665704507, 0.7145968311855375177, 0.8049029203553207390, 0.9001272540718597837, 1.000000000000000000 ),
 .UNSPECIFIED. ) ;
#3402 = CARTESIAN_POINT ( 'NONE',  ( -2.215741129423804523, 3.679999999999998828, -0.7476697691314242444 ) ) ;
#3403 = CARTESIAN_POINT ( 'NONE',  ( 2.089144839859539360, 3.679999999999999716, 0.5681031572849437605 ) ) ;
#3404 = CARTESIAN_POINT ( 'NONE',  ( 1.509836821652265293, 3.629999999999999893, 0.5710793898188222251 ) ) ;
#3405 = CARTESIAN_POINT ( 'NONE',  ( 1.509836821652265293, 3.680000000000002380, 0.5710793898188222251 ) ) ;
#3406 = ADVANCED_FACE ( 'NONE', ( #1156 ), #5242, .T. ) ;
#3407 =( GEOMETRIC_REPRESENTATION_CONTEXT ( 3 ) GLOBAL_UNCERTAINTY_ASSIGNED_CONTEXT ( ( #6 ) ) GLOBAL_UNIT_ASSIGNED_CONTEXT ( ( #2782, #4389, #2710 ) ) REPRESENTATION_CONTEXT ( 'NONE', 'WORKASPACE' ) );
#3408 = CARTESIAN_POINT ( 'NONE',  ( -2.174358877918535882, 3.630000000000000338, 0.5207664591597714887 ) ) ;
#3409 = CARTESIAN_POINT ( 'NONE',  ( 0.4347266645910369820, 3.680000000000000160, -0.6653433644798522062 ) ) ;
#3410 = ORIENTED_EDGE ( 'NONE', *, *, #238, .T. ) ;
#3411 = CARTESIAN_POINT ( 'NONE',  ( -0.3405045081206015678, 3.679999999999996607, 0.6423244333718797217 ) ) ;
#3412 = CARTESIAN_POINT ( 'NONE',  ( 1.850281829903422048, 3.630000000000000782, 0.5195081242649454145 ) ) ;
#3413 = AXIS2_PLACEMENT_3D ( 'NONE', #2161, #1165, #4229 ) ;
#3414 = CARTESIAN_POINT ( 'NONE',  ( -0.01012996317891356503, 3.680000000000000604, 0.1404690945410504432 ) ) ;
#3415 = CARTESIAN_POINT ( 'NONE',  ( -1.213603916397895333, 3.679999999999997939, 0.4823842282300511153 ) ) ;
#3416 = B_SPLINE_CURVE_WITH_KNOTS ( 'NONE', 3,
 ( #3553, #390, #5015, #3430, #5496, #2452, #2920, #957, #6480, #3989, #3486, #1481, #2006, #354, #3524, #4953, #1450, #6538, #2509, #5555, #2482, #867, #6513 ),
 .UNSPECIFIED., .F., .F.,
 ( 4, 1, 1, 1, 1, 1, 1, 1, 1, 1, 1, 1, 1, 1, 1, 1, 1, 1, 1, 1, 4 ),
 ( 0.0000000000000000000, 0.06038661931106212993, 0.1208832485859962502, 0.1827546186251397808, 0.2478110297583512034, 0.2812991000432488176, 0.3150876241506569420, 0.3497023955502751580, 0.3848565811185556407, 0.4209661972261025120, 0.4585111882611390688, 0.4971747221273120632, 0.5376020478662693058, 0.5805030184200116183, 0.6274675400267046843, 0.6783882095592433936, 0.7339832205925604924, 0.7937467045508348473, 0.8577136721607320213, 0.9266978643613859035, 1.000000000000000000 ),
 .UNSPECIFIED. ) ;
#3417 = CARTESIAN_POINT ( 'NONE',  ( 0.8130563250922404617, 3.679999999999999272, -0.8692146474260492583 ) ) ;
#3418 = VECTOR ( 'NONE', #5086, 1000.000000000000000 ) ;
#3419 = CARTESIAN_POINT ( 'NONE',  ( -0.9653745465186062136, 3.679999999999999272, -0.5282583504129449992 ) ) ;
#3420 = CARTESIAN_POINT ( 'NONE',  ( 1.500729877794305889, 3.630000000000001226, -0.5492481836291357444 ) ) ;
#3421 = FILL_AREA_STYLE_COLOUR ( '', #1686 ) ;
#3422 = CARTESIAN_POINT ( 'NONE',  ( 1.024737215101775956, 3.629999999999999449, -0.05953894067806887042 ) ) ;
#3423 = CARTESIAN_POINT ( 'NONE',  ( -2.465892675926477651, 3.680000000000000160, -0.6430840287946906209 ) ) ;
#3424 = FILL_AREA_STYLE_COLOUR ( '', #4534 ) ;
#3425 = VERTEX_POINT ( 'NONE', #5402 ) ;
#3426 = CARTESIAN_POINT ( 'NONE',  ( -2.217243533269958267, 3.629999999999999893, 0.6754071539454989948 ) ) ;
#3427 = CARTESIAN_POINT ( 'NONE',  ( 1.783981154715078787, 3.679999999999995719, 0.5207344913679609055 ) ) ;
#3428 = CARTESIAN_POINT ( 'NONE',  ( -3.249999999999999556, 0.5000000000000000000, 2.500000000000000444 ) ) ;
#3429 = EDGE_CURVE ( 'NONE', #3364, #2564, #1683, .T. ) ;
#3430 = CARTESIAN_POINT ( 'NONE',  ( -0.6060575837570830737, 3.630000000000000338, -0.7327592144130753438 ) ) ;
#3431 = CARTESIAN_POINT ( 'NONE',  ( -2.189156046625445828, 3.629999999999999893, -0.9008960616447421188 ) ) ;
#3432 = SURFACE_SIDE_STYLE ('',( #5305 ) ) ;
#3433 = CARTESIAN_POINT ( 'NONE',  ( -0.1421510342243152147, 3.680000000000000160, 0.09106425096286438481 ) ) ;
#3434 = ORIENTED_EDGE ( 'NONE', *, *, #1816, .F. ) ;
#3435 = CARTESIAN_POINT ( 'NONE',  ( -1.955281257697915276, 3.680000000000000160, -0.3956960450078201297 ) ) ;
#3436 = CARTESIAN_POINT ( 'NONE',  ( -2.215741129423804523, 3.629999999999999893, -0.7476697691314242444 ) ) ;
#3437 = CARTESIAN_POINT ( 'NONE',  ( -0.6905268518600514716, 3.630000000000000782, 0.4615438759613894604 ) ) ;
#3438 = CARTESIAN_POINT ( 'NONE',  ( 0.3468837239481524781, 3.680000000000001048, -0.5492481836291354114 ) ) ;
#3439 = VERTEX_POINT ( 'NONE', #4807 ) ;
#3440 = CARTESIAN_POINT ( 'NONE',  ( -0.4065222161967995129, 3.629999999999999893, 0.6638967874564071225 ) ) ;
#3441 = CARTESIAN_POINT ( 'NONE',  ( 1.159859832114657596, 3.680000000000000160, -0.1124534229775779742 ) ) ;
#3442 = CARTESIAN_POINT ( 'NONE',  ( -0.04588062575520715503, 3.630000000000000338, -0.5200272577096725080 ) ) ;
#3443 = CARTESIAN_POINT ( 'NONE',  ( 0.9625860796285204968, 3.679999999999999716, 0.5427442978721668254 ) ) ;
#3444 = PLANE ( 'NONE',  #3065 ) ;
#3445 = CARTESIAN_POINT ( 'NONE',  ( -2.647131579535740187, 3.630000000000000338, -0.5325847254708087064 ) ) ;
#3446 = CARTESIAN_POINT ( 'NONE',  ( -1.330524783269958267, 3.680000000000000160, 0.4061763847147297768 ) ) ;
#3447 = CARTESIAN_POINT ( 'NONE',  ( 0.3293769798144667860, 3.629999999999999893, 0.5467518375246118723 ) ) ;
#3448 = CARTESIAN_POINT ( 'NONE',  ( 0.5724124616448313940, 3.680000000000001936, -0.8968299476424234085 ) ) ;
#3449 = DIRECTION ( 'NONE',  ( 0.0000000000000000000, 0.0000000000000000000, -1.000000000000000000 ) ) ;
#3450 = ORIENTED_EDGE ( 'NONE', *, *, #5774, .F. ) ;
#3451 = EDGE_LOOP ( 'NONE', ( #6007, #4179, #478, #4714 ) ) ;
#3452 = CARTESIAN_POINT ( 'NONE',  ( 0.7129326273538786340, 3.629999999999999449, 0.6703570112509497081 ) ) ;
#3453 = CARTESIAN_POINT ( 'NONE',  ( 1.750916333249251444, 3.679999999999995275, 0.5190785959586220466 ) ) ;
#3454 = CARTESIAN_POINT ( 'NONE',  ( 1.297926767772279000, 3.630000000000000782, -0.2512471432840847063 ) ) ;
#3455 = CARTESIAN_POINT ( 'NONE',  ( 1.807907111355198770, 3.629999999999999893, -0.9013068593308644072 ) ) ;
#3456 = CARTESIAN_POINT ( 'NONE',  ( -2.674623704300273186, 3.679999999999997939, 0.4186975878224958314 ) ) ;
#3457 = CARTESIAN_POINT ( 'NONE',  ( 1.092912799457406825, 3.629999999999999005, 0.3371752162165861377 ) ) ;
#3458 = CARTESIAN_POINT ( 'NONE',  ( -0.1318220902897739022, 3.629999999999999449, -0.007312642577163078889 ) ) ;
#3459 = ORIENTED_EDGE ( 'NONE', *, *, #5519, .F. ) ;
#3460 = EDGE_CURVE ( 'NONE', #3005, #844, #1164, .T. ) ;
#3461 = SURFACE_SIDE_STYLE ('',( #4454 ) ) ;
#3462 = DIRECTION ( 'NONE',  ( 0.0000000000000000000, -1.711596276510265966E-12, 1.000000000000000000 ) ) ;
#3463 = CARTESIAN_POINT ( 'NONE',  ( -2.478210609296662259, 3.630000000000000782, -0.8214828575408577027 ) ) ;
#3464 = CARTESIAN_POINT ( 'NONE',  ( 1.660005765575723213, 3.680000000000001936, 0.6550021155792762340 ) ) ;
#3465 = CARTESIAN_POINT ( 'NONE',  ( -1.983210776799113839, 3.629999999999999893, -0.1922894226216811386 ) ) ;
#3466 = CARTESIAN_POINT ( 'NONE',  ( -0.8207913031228150080, 3.630000000000000782, 0.2934797648053329988 ) ) ;
#3467 = STYLED_ITEM ( 'NONE', ( #3824 ), #4041 ) ;
#3468 = ORIENTED_EDGE ( 'NONE', *, *, #6389, .T. ) ;
#3469 = CARTESIAN_POINT ( 'NONE',  ( -0.4997811554965366776, 3.629999999999999005, 0.6752334376781266023 ) ) ;
#3470 = CARTESIAN_POINT ( 'NONE',  ( 2.030897060951781352, 3.629999999999999893, 0.4212972271129387658 ) ) ;
#3471 = CARTESIAN_POINT ( 'NONE',  ( 0.002370873744302458546, 3.680000000000001492, 0.02055116350221649832 ) ) ;
#3472 = CIRCLE ( 'NONE', #457, 0.2149999999999999412 ) ;
#3473 = CARTESIAN_POINT ( 'NONE',  ( -1.205524783269958267, 3.629999999999999893, 0.5311763847147297213 ) ) ;
#3474 = SURFACE_STYLE_FILL_AREA ( #2496 ) ;
#3475 = CARTESIAN_POINT ( 'NONE',  ( -2.266420757962833488, 3.679999999999998828, -0.8997290165674642903 ) ) ;
#3476 = CIRCLE ( 'NONE', #4326, 1.400000000000000577 ) ;
#3477 = CARTESIAN_POINT ( 'NONE',  ( 3.250000000000000000, 0.5000000000000000000, 8.673617379884035472E-16 ) ) ;
#3478 = FILL_AREA_STYLE ('',( #3421 ) ) ;
#3479 = CARTESIAN_POINT ( 'NONE',  ( 0.5058511939672701851, 3.630000000000000338, -0.8808014643199167937 ) ) ;
#3480 = FACE_OUTER_BOUND ( 'NONE', #3875, .T. ) ;
#3481 = EDGE_LOOP ( 'NONE', ( #2821, #4865, #4323, #3957 ) ) ;
#3482 = CARTESIAN_POINT ( 'NONE',  ( 1.075165352165737165, 3.630000000000000338, 0.3778688117300686988 ) ) ;
#3483 = CARTESIAN_POINT ( 'NONE',  ( -2.647131579535740187, 3.680000000000000604, -0.5325847254708087064 ) ) ;
#3484 = CIRCLE ( 'NONE', #584, 1.399999999999999689 ) ;
#3485 = CARTESIAN_POINT ( 'NONE',  ( 1.357125952235345823, 3.679999999999999716, -0.5713049426169535261 ) ) ;
#3486 = CARTESIAN_POINT ( 'NONE',  ( -0.7919705673655568212, 3.629999999999999893, -0.5762433685113901305 ) ) ;
#3487 = CARTESIAN_POINT ( 'NONE',  ( 1.143716190667240618, 3.629999999999999449, 0.1404690945410504710 ) ) ;
#3488 = CARTESIAN_POINT ( 'NONE',  ( -2.490563513711050447, 3.680000000000000160, -0.4243150480952017078 ) ) ;
#3489 = PRESENTATION_LAYER_ASSIGNMENT (  '', '', ( #4976 ) ) ;
#3490 = ORIENTED_EDGE ( 'NONE', *, *, #6219, .T. ) ;
#3491 = CARTESIAN_POINT ( 'NONE',  ( -2.589780901671448810, 3.680000000000001048, 0.2060347613911190923 ) ) ;
#3492 = SURFACE_STYLE_USAGE ( .BOTH. , #6578 ) ;
#3493 = CARTESIAN_POINT ( 'NONE',  ( 1.358021596103819340, 3.680000000000000604, 0.3458017785468927019 ) ) ;
#3494 = CARTESIAN_POINT ( 'NONE',  ( -0.6060575837570830737, 3.680000000000000604, -0.7327592144130753438 ) ) ;
#3495 = MECHANICAL_DESIGN_GEOMETRIC_PRESENTATION_REPRESENTATION (  '', ( #3389 ), #2316 ) ;
#3496 = PRESENTATION_LAYER_ASSIGNMENT (  '', '', ( #53 ) ) ;
#3497 = CARTESIAN_POINT ( 'NONE',  ( 2.312891014473193785, 3.629999999999999893, -0.1803889511128611844 ) ) ;
#3498 = ADVANCED_FACE ( 'NONE', ( #309 ), #754, .F. ) ;
#3499 = CARTESIAN_POINT ( 'NONE',  ( -0.09799017146986548077, 3.629999999999998561, 0.4158690181570810496 ) ) ;
#3500 = COLOUR_RGB ( '',0.7686274509803920907, 0.7686274509803920907, 0.7686274509803920907 ) ;
#3501 = AXIS2_PLACEMENT_3D ( 'NONE', #4200, #3215, #5247 ) ;
#3502 = CARTESIAN_POINT ( 'NONE',  ( 2.116432233474674796, 3.679999999999997495, 0.5427442978721668254 ) ) ;
#3503 = CARTESIAN_POINT ( 'NONE',  ( 1.750916333249251444, 3.680000000000000160, 0.5190785959586220466 ) ) ;
#3504 = CARTESIAN_POINT ( 'NONE',  ( -2.386862511122025854, 3.679999999999998828, 0.6560282762668864232 ) ) ;
#3505 =( GEOMETRIC_REPRESENTATION_CONTEXT ( 3 ) GLOBAL_UNCERTAINTY_ASSIGNED_CONTEXT ( ( #6570 ) ) GLOBAL_UNIT_ASSIGNED_CONTEXT ( ( #5760, #1751, #3724 ) ) REPRESENTATION_CONTEXT ( 'NONE', 'WORKASPACE' ) );
#3506 = EDGE_CURVE ( 'NONE', #5197, #1556, #2875, .T. ) ;
#3507 = CARTESIAN_POINT ( 'NONE',  ( -1.206020389102500534, 3.679999999999999716, 0.5227262000337605796 ) ) ;
#3508 = CARTESIAN_POINT ( 'NONE',  ( 0.7804313308917658620, 3.680000000000000604, -0.8808699374229448376 ) ) ;
#3509 = CARTESIAN_POINT ( 'NONE',  ( 0.4347266645910369820, 3.680000000000000160, -0.6653433644798522062 ) ) ;
#3510 = COLOUR_RGB ( '',0.7686274509803920907, 0.7686274509803920907, 0.7686274509803920907 ) ;
#3511 = CARTESIAN_POINT ( 'NONE',  ( -1.975771140830850703, 3.680000000000000160, -0.6574532601830143097 ) ) ;
#3512 = CARTESIAN_POINT ( 'NONE',  ( -1.865327085811269603, 3.680000000000000160, -0.2947803200899464238 ) ) ;
#3513 = CARTESIAN_POINT ( 'NONE',  ( 0.6421314667300419554, 3.679999999999997939, 0.6754071539454989948 ) ) ;
#3514 = CARTESIAN_POINT ( 'NONE',  ( 0.6421314667300419554, 3.680000000000000604, -0.9015159229775778771 ) ) ;
#3515 = CARTESIAN_POINT ( 'NONE',  ( -2.492622343216793102, 3.679999999999999716, -0.6035767066027705186 ) ) ;
#3516 =( GEOMETRIC_REPRESENTATION_CONTEXT ( 3 ) GLOBAL_UNCERTAINTY_ASSIGNED_CONTEXT ( ( #5437 ) ) GLOBAL_UNIT_ASSIGNED_CONTEXT ( ( #4437, #5927, #3978 ) ) REPRESENTATION_CONTEXT ( 'NONE', 'WORKASPACE' ) );
#3517 = LINE ( 'NONE', #6078, #1574 ) ;
#3518 = EDGE_LOOP ( 'NONE', ( #4614, #1101, #906, #5027, #3732 ) ) ;
#3519 = EDGE_LOOP ( 'NONE', ( #2077, #2587 ) ) ;
#3520 = CARTESIAN_POINT ( 'NONE',  ( 0.9352986860133853941, 3.630000000000000338, 0.5681031572849434275 ) ) ;
#3521 = DIRECTION ( 'NONE',  ( 0.0000000000000000000, 1.000000000000000000, 0.0000000000000000000 ) ) ;
#3522 = EDGE_CURVE ( 'NONE', #4385, #4848, #3626, .T. ) ;
#3523 = CARTESIAN_POINT ( 'NONE',  ( 1.457144164543447973, 3.629999999999999893, -0.7440990805603756586 ) ) ;
#3524 = CARTESIAN_POINT ( 'NONE',  ( -0.8438944244190464961, 3.630000000000001670, -0.4549501504519901651 ) ) ;
#3525 = EDGE_CURVE ( 'NONE', #4826, #424, #5740, .T. ) ;
#3526 = CARTESIAN_POINT ( 'NONE',  ( 1.134094349392914092, 3.679999999999997495, 0.1949223597551754950 ) ) ;
#3527 = CARTESIAN_POINT ( 'NONE',  ( -0.2484439244077995823, 3.680000000000000604, -0.8176189923859366049 ) ) ;
#3528 = VERTEX_POINT ( 'NONE', #427 ) ;
#3529 = ORIENTED_EDGE ( 'NONE', *, *, #3261, .F. ) ;
#3530 =( LENGTH_UNIT ( ) NAMED_UNIT ( * ) SI_UNIT ( .MILLI., .METRE. ) );
#3531 = DIRECTION ( 'NONE',  ( -1.022331788530326375E-13, 1.000000000000000000, 1.711596276510265966E-12 ) ) ;
#3532 = CARTESIAN_POINT ( 'NONE',  ( -3.249999999999999556, 0.5000000000000000000, 2.500000000000000444 ) ) ;
#3533 = CARTESIAN_POINT ( 'NONE',  ( 0.6466386782685031864, 3.629999999999999893, 0.5215610000993451401 ) ) ;
#3534 = CARTESIAN_POINT ( 'NONE',  ( 0.4633825730942918719, 3.680000000000001492, -0.6877740693834174524 ) ) ;
#3535 = ORIENTED_EDGE ( 'NONE', *, *, #2942, .T. ) ;
#3536 = CARTESIAN_POINT ( 'NONE',  ( 2.304509482360011408, 3.679999999999997939, 0.08226461063017143083 ) ) ;
#3537 = CARTESIAN_POINT ( 'NONE',  ( -2.446178298239459092, 3.679999999999999716, -0.2081777331552921440 ) ) ;
#3538 = CARTESIAN_POINT ( 'NONE',  ( -2.207027187116112010, 3.629999999999999893, -0.1130543845160394689 ) ) ;
#3539 = CARTESIAN_POINT ( 'NONE',  ( -0.4089245655841682314, 3.679999999999999716, 0.5063086653902783008 ) ) ;
#3540 = EDGE_CURVE ( 'NONE', #4478, #3425, #3931, .T. ) ;
#3541 = CARTESIAN_POINT ( 'NONE',  ( -1.978628984746512609, 3.679999999999999716, -0.2082390361609942064 ) ) ;
#3542 = CARTESIAN_POINT ( 'NONE',  ( 2.178854805959883123, 3.680000000000002380, -0.1310833441666291177 ) ) ;
#3543 = DIRECTION ( 'NONE',  ( -0.0000000000000000000, 1.000000000000000000, -0.0000000000000000000 ) ) ;
#3544 = CARTESIAN_POINT ( 'NONE',  ( -2.189156046625445828, 3.679999999999999272, -0.9008960616447421188 ) ) ;
#3545 = CARTESIAN_POINT ( 'NONE',  ( -0.1292987679133706935, 3.679999999999997051, -0.1663518433583049405 ) ) ;
#3546 = CARTESIAN_POINT ( 'NONE',  ( -2.428781994808419942, 3.629999999999999893, -0.1986914037468087424 ) ) ;
#3547 = B_SPLINE_CURVE_WITH_KNOTS ( 'NONE', 3,
 ( #4766, #3677, #5205, #5848, #4729, #681, #1119, #4808, #2723, #137, #213, #2227, #3241, #1157, #3167, #4302, #2662, #3776, #4697 ),
 .UNSPECIFIED., .F., .F.,
 ( 4, 1, 1, 1, 1, 1, 1, 1, 1, 1, 1, 1, 1, 1, 1, 1, 4 ),
 ( 0.0000000000000000000, 0.05885358602866799099, 0.1163154589633510205, 0.1726748434114561415, 0.2287803868808989116, 0.2845803591252746845, 0.3402565063845451321, 0.3966298050124565377, 0.4535072628751918855, 0.5123181897799952145, 0.5726484440568309076, 0.6360219358218005548, 0.7023629463891930547, 0.7714830560569292395, 0.8441844774899007753, 0.9200697939721534935, 1.000000000000000000 ),
 .UNSPECIFIED. ) ;
#3548 = ORIENTED_EDGE ( 'NONE', *, *, #5072, .T. ) ;
#3549 = CARTESIAN_POINT ( 'NONE',  ( -2.099528255407584254, 3.629999999999999005, -0.1001434751858403249 ) ) ;
#3550 = FACE_OUTER_BOUND ( 'NONE', #1623, .T. ) ;
#3551 = CARTESIAN_POINT ( 'NONE',  ( 1.294888873082746583, 3.629999999999999449, -0.1831965823983131847 ) ) ;
#3552 = CARTESIAN_POINT ( 'NONE',  ( -2.333666909759781749, 3.679999999999999716, 0.6674402191289918740 ) ) ;
#3553 = CARTESIAN_POINT ( 'NONE',  ( -0.5072074755776505572, 3.629999999999999893, -0.7476697691314242444 ) ) ;
#3554 = CARTESIAN_POINT ( 'NONE',  ( 0.8133416457255524534, 3.679999999999997939, 0.6423244333718797217 ) ) ;
#3555 = CARTESIAN_POINT ( 'NONE',  ( 0.7910394262145316047, 3.680000000000002380, -0.7112136031175657624 ) ) ;
#3556 = CARTESIAN_POINT ( 'NONE',  ( 2.172077441696166122, 3.679999999999999272, -0.2670601040317101549 ) ) ;
#3557 = EDGE_LOOP ( 'NONE', ( #5424, #6180, #5811, #3889 ) ) ;
#3558 = CARTESIAN_POINT ( 'NONE',  ( 0.5388590777456861991, 3.680000000000000160, 0.6641806601897407569 ) ) ;
#3559 = CARTESIAN_POINT ( 'NONE',  ( 1.393599172419497156, 3.680000000000001048, 0.4230134304746235863 ) ) ;
#3560 = FACE_BOUND ( 'NONE', #3518, .T. ) ;
#3561 = CARTESIAN_POINT ( 'NONE',  ( 2.313429600704624889, 3.630000000000000338, -0.1354927300369349608 ) ) ;
#3562 = CARTESIAN_POINT ( 'NONE',  ( -1.454116325931278819, 3.630000000000000338, 0.5557545880812321260 ) ) ;
#3563 = CARTESIAN_POINT ( 'NONE',  ( 0.2860868761276009198, 3.680000000000000160, 0.1040367025673503004 ) ) ;
#3564 = CARTESIAN_POINT ( 'NONE',  ( 2.246758953303561235, 3.679999999999998384, 0.3371752162165859712 ) ) ;
#3565 = UNCERTAINTY_MEASURE_WITH_UNIT (LENGTH_MEASURE( 1.000000000000000082E-05 ), #3843, 'distance_accuracy_value', 'NONE');
#3566 = CARTESIAN_POINT ( 'NONE',  ( 3.250000000000001332, 3.680000000000000160, 1.400000000000001465 ) ) ;
#3567 = CARTESIAN_POINT ( 'NONE',  ( -0.8785505147465176856, 3.680000000000001492, -0.09301922788581651336 ) ) ;
#3568 = VERTEX_POINT ( 'NONE', #2489 ) ;
#3569 = CARTESIAN_POINT ( 'NONE',  ( -0.7992392859769851254, 3.630000000000000782, -0.7957648289813763487 ) ) ;
#3570 = CARTESIAN_POINT ( 'NONE',  ( -0.01975180445324029033, 3.679999999999995719, 0.1949223597551754117 ) ) ;
#3571 =( NAMED_UNIT ( * ) PLANE_ANGLE_UNIT ( ) SI_UNIT ( $, .RADIAN. ) );
#3572 = CARTESIAN_POINT ( 'NONE',  ( 0.1406290628838879619, 3.679999999999997939, -0.1124534229775779742 ) ) ;
#3573 = CARTESIAN_POINT ( 'NONE',  ( -2.197582431094012190, 3.680000000000000160, -0.2672746242833871078 ) ) ;
#3574 = CARTESIAN_POINT ( 'NONE',  ( -0.3253177462885963322, 3.679999999999999272, -0.6878514479104982371 ) ) ;
#3575 = CARTESIAN_POINT ( 'NONE',  ( 2.246002973334568775, 3.680000000000000604, -0.5642831114839580442 ) ) ;
#3576 = ORIENTED_EDGE ( 'NONE', *, *, #1270, .F. ) ;
#3577 = B_SPLINE_CURVE_WITH_KNOTS ( 'NONE', 3,
 ( #3436, #5474, #2928, #2421, #4457, #3737, #2683, #97, #5193, #2144, #3155, #4721, #6151, #2655, #58, #127, #6216, #6119, #2583 ),
 .UNSPECIFIED., .F., .F.,
 ( 4, 1, 1, 1, 1, 1, 1, 1, 1, 1, 1, 1, 1, 1, 1, 1, 4 ),
 ( 0.0000000000000000000, 0.07524330859112909886, 0.1472088117202523805, 0.2164470898547694033, 0.2840250416193521033, 0.3506554491966468179, 0.4150313178410256487, 0.4796298309645127267, 0.5446516341371369085, 0.6080442396977421282, 0.6678275650288177934, 0.7251142466493386562, 0.7809917079106403204, 0.8355270040618589800, 0.8894381545415830370, 0.9440720891799447845, 1.000000000000000000 ),
 .UNSPECIFIED. ) ;
#3578 = CARTESIAN_POINT ( 'NONE',  ( 3.249999999999999112, 0.5000000000000000000, -1.899999999999999689 ) ) ;
#3579 = CARTESIAN_POINT ( 'NONE',  ( -2.505995605787725289, 3.680000000000000160, 0.01052934068867093266 ) ) ;
#3580 = CARTESIAN_POINT ( 'NONE',  ( -0.8244691740316866246, 3.679999999999996607, 0.5467518375246119833 ) ) ;
#3581 = DIRECTION ( 'NONE',  ( 0.0000000000000000000, 0.0000000000000000000, -1.000000000000000000 ) ) ;
#3582 = CARTESIAN_POINT ( 'NONE',  ( 2.287588202157348594, 3.679999999999999716, -0.4213105659790583601 ) ) ;
#3583 = CARTESIAN_POINT ( 'NONE',  ( 0.8770509071056269423, 3.679999999999999272, 0.4212972271129389878 ) ) ;
#3584 = CARTESIAN_POINT ( 'NONE',  ( -0.09902078196356542406, 3.680000000000000604, -0.6435308254703240305 ) ) ;
#3585 = ORIENTED_EDGE ( 'NONE', *, *, #787, .F. ) ;
#3586 = CARTESIAN_POINT ( 'NONE',  ( 2.122299735960810896, 3.680000000000000160, 0.2640489808685759221 ) ) ;
#3587 = CARTESIAN_POINT ( 'NONE',  ( 0.9684535821146570411, 3.629999999999999893, 0.2640489808685759221 ) ) ;
#3588 = CARTESIAN_POINT ( 'NONE',  ( 1.310152959918983395, 3.680000000000000604, 0.1484287315833060505 ) ) ;
#3589 = CARTESIAN_POINT ( 'NONE',  ( -0.5117146871161122323, 3.629999999999999893, -0.9015159229775778771 ) ) ;
#3590 = CARTESIAN_POINT ( 'NONE',  ( -2.547522385972382342, 3.629999999999999893, 0.06417991267025646707 ) ) ;
#3591 = CARTESIAN_POINT ( 'NONE',  ( 1.795977620576195255, 3.629999999999999893, 0.6754071539454989948 ) ) ;
#3592 = VERTEX_POINT ( 'NONE', #1987 ) ;
#3593 = ORIENTED_EDGE ( 'NONE', *, *, #2226, .T. ) ;
#3594 = ORIENTED_EDGE ( 'NONE', *, *, #928, .F. ) ;
#3595 = CARTESIAN_POINT ( 'NONE',  ( -1.782447860193035138, 3.629999999999999893, -0.5123933268237318428 ) ) ;
#3596 = SURFACE_STYLE_FILL_AREA ( #2622 ) ;
#3597 = STYLED_ITEM ( 'NONE', ( #5218 ), #1439 ) ;
#3598 = STYLED_ITEM ( 'NONE', ( #6591 ), #4356 ) ;
#3599 = CARTESIAN_POINT ( 'NONE',  ( 2.297562344513394361, 3.679999999999996607, 0.1404690945410504432 ) ) ;
#3600 = CARTESIAN_POINT ( 'NONE',  ( -1.988318764303742103, 3.629999999999999449, 0.6353617061726231086 ) ) ;
#3601 = CARTESIAN_POINT ( 'NONE',  ( -0.5072074755776505572, 3.629999999999999893, 0.5215610000993451401 ) ) ;
#3602 = CARTESIAN_POINT ( 'NONE',  ( -0.8609865854931146867, 3.629999999999999449, 0.1491009936429824878 ) ) ;
#3603 = SURFACE_SIDE_STYLE ('',( #1565 ) ) ;
#3604 =( GEOMETRIC_REPRESENTATION_CONTEXT ( 3 ) GLOBAL_UNCERTAINTY_ASSIGNED_CONTEXT ( ( #4691 ) ) GLOBAL_UNIT_ASSIGNED_CONTEXT ( ( #2752, #4853, #235 ) ) REPRESENTATION_CONTEXT ( 'NONE', 'WORKASPACE' ) );
#3605 = CARTESIAN_POINT ( 'NONE',  ( 1.159859832114657596, 3.629999999999999893, -0.1124534229775779742 ) ) ;
#3606 =( GEOMETRIC_REPRESENTATION_CONTEXT ( 3 ) GLOBAL_UNCERTAINTY_ASSIGNED_CONTEXT ( ( #3186 ) ) GLOBAL_UNIT_ASSIGNED_CONTEXT ( ( #2488, #2957, #4958 ) ) REPRESENTATION_CONTEXT ( 'NONE', 'WORKASPACE' ) );
#3607 = STYLED_ITEM ( 'NONE', ( #376 ), #5750 ) ;
#3608 = CARTESIAN_POINT ( 'NONE',  ( 2.176630402192736735, 3.680000000000002380, -0.2180024922135022358 ) ) ;
#3609 = CARTESIAN_POINT ( 'NONE',  ( -1.976512947793773733, 3.630000000000000338, -0.3673662582495010875 ) ) ;
#3610 =( NAMED_UNIT ( * ) SI_UNIT ( $, .STERADIAN. ) SOLID_ANGLE_UNIT ( ) );
#3611 = PRESENTATION_STYLE_ASSIGNMENT (( #1573 ) ) ;
#3612 = CARTESIAN_POINT ( 'NONE',  ( 2.312891014473193785, 3.680000000000000160, -0.1803889511128611844 ) ) ;
#3613 = MECHANICAL_DESIGN_GEOMETRIC_PRESENTATION_REPRESENTATION (  '', ( #930 ), #4362 ) ;
#3614 = VERTEX_POINT ( 'NONE', #3532 ) ;
#3615 = CARTESIAN_POINT ( 'NONE',  ( 0.1884716073275469472, 3.630000000000000782, -0.5282583504129454433 ) ) ;
#3616 = CARTESIAN_POINT ( 'NONE',  ( -2.505995605787725289, 3.630000000000000782, 0.01052934068867093266 ) ) ;
#3617 = CARTESIAN_POINT ( 'NONE',  ( -0.9780405851434912368, 3.679999999999996163, 0.2552428758202029413 ) ) ;
#3618 = CARTESIAN_POINT ( 'NONE',  ( -1.793412609895912002, 3.679999999999999272, -0.04834410500571763303 ) ) ;
#3619 = COLOUR_RGB ( '',0.7686274509803920907, 0.7686274509803920907, 0.7686274509803920907 ) ;
#3620 = LINE ( 'NONE', #1062, #4468 ) ;
#3621 = CARTESIAN_POINT ( 'NONE',  ( -2.717252559310745497, 3.629999999999999005, 0.2974750730579978630 ) ) ;
#3622 = CARTESIAN_POINT ( 'NONE',  ( -2.215741129423804523, 3.679999999999998828, -0.7476697691314242444 ) ) ;
#3623 = CARTESIAN_POINT ( 'NONE',  ( 2.129188098509981142, 3.680000000000000160, -0.4753088270986003394 ) ) ;
#3624 = CARTESIAN_POINT ( 'NONE',  ( 1.013174522622368956, 3.680000000000001936, -0.3137360208878448020 ) ) ;
#3625 = ORIENTED_EDGE ( 'NONE', *, *, #2796, .F. ) ;
#3626 = CIRCLE ( 'NONE', #6291, 0.2149999999999999412 ) ;
#3627 = DIRECTION ( 'NONE',  ( 0.0000000000000000000, 0.0000000000000000000, -1.000000000000000000 ) ) ;
#3628 =( NAMED_UNIT ( * ) SI_UNIT ( $, .STERADIAN. ) SOLID_ANGLE_UNIT ( ) );
#3629 = CARTESIAN_POINT ( 'NONE',  ( -1.013217090962265976, 3.629999999999999893, -0.1124534229775779742 ) ) ;
#3630 = EDGE_CURVE ( 'NONE', #3005, #4385, #999, .T. ) ;
#3631 = DIRECTION ( 'NONE',  ( -1.000000000000000000, 0.0000000000000000000, 0.0000000000000000000 ) ) ;
#3632 = CARTESIAN_POINT ( 'NONE',  ( 0.2752926819429384886, 3.680000000000000160, -0.1331901202385291638 ) ) ;
#3633 = CARTESIAN_POINT ( 'NONE',  ( 0.3953694794477489727, 3.680000000000000160, 0.3977910179525212531 ) ) ;
#3634 = ORIENTED_EDGE ( 'NONE', *, *, #5421, .F. ) ;
#3635 = ORIENTED_EDGE ( 'NONE', *, *, #2871, .F. ) ;
#3636 = CARTESIAN_POINT ( 'NONE',  ( -2.215741129423804523, 3.679999999999999716, 0.5215610000993451401 ) ) ;
#3637 = CARTESIAN_POINT ( 'NONE',  ( -0.1716884081774001924, 3.629999999999999893, 0.2234891935643790462 ) ) ;
#3638 = CARTESIAN_POINT ( 'NONE',  ( -2.215741129423804967, 3.680000000000000604, -0.7476697691314243555 ) ) ;
#3639 = CARTESIAN_POINT ( 'NONE',  ( 2.142454142957385788, 3.630000000000000782, 0.5151024595929388772 ) ) ;
#3640 = UNCERTAINTY_MEASURE_WITH_UNIT (LENGTH_MEASURE( 1.000000000000000082E-05 ), #4095, 'distance_accuracy_value', 'NONE');
#3641 = CARTESIAN_POINT ( 'NONE',  ( 1.025244447499272793, 3.680000000000000160, -0.1130543845160394689 ) ) ;
#3642 = CARTESIAN_POINT ( 'NONE',  ( -0.8533979621426793782, 3.629999999999999893, 0.1905737149566111288 ) ) ;
#3643 = CARTESIAN_POINT ( 'NONE',  ( -0.9781514619250195608, 3.629999999999999449, -0.4812613761502044785 ) ) ;
#3644 = CARTESIAN_POINT ( 'NONE',  ( 0.2752926819429384886, 3.680000000000000160, -0.1331901202385291638 ) ) ;
#3645 = EDGE_CURVE ( 'NONE', #2485, #6473, #6616, .T. ) ;
#3646 = CARTESIAN_POINT ( 'NONE',  ( 0.3468837239481524781, 3.680000000000001048, -0.5492481836291354114 ) ) ;
#3647 = EDGE_CURVE ( 'NONE', #528, #5930, #3577, .T. ) ;
#3648 = CARTESIAN_POINT ( 'NONE',  ( -0.01975180445324029033, 3.629999999999999449, 0.1949223597551754117 ) ) ;
#3649 = CARTESIAN_POINT ( 'NONE',  ( -1.282173600035393823, 3.679999999999999272, 0.6476473621480141052 ) ) ;
#3650 = B_SPLINE_CURVE_WITH_KNOTS ( 'NONE', 3,
 ( #1880, #952, #4531, #6444, #3004, #3914, #5959, #4948, #5038, #3954, #443, #6106, #6133, #113, #6237, #549, #1575, #3575, #2601, #2029, #626, #82, #3653, #1644, #3612, #1057, #6170 ),
 .UNSPECIFIED., .F., .F.,
 ( 4, 1, 1, 1, 1, 1, 1, 1, 1, 1, 1, 1, 1, 1, 1, 1, 1, 1, 1, 1, 1, 1, 1, 1, 4 ),
 ( 0.0000000000000000000, 0.03378811616271087948, 0.06719393237388013307, 0.09986241085682558138, 0.1325666121262589203, 0.1651511732547863709, 0.1979131873557920807, 0.2313190035669617783, 0.2650832782673738230, 0.2992553087581151239, 0.3343985665049786782, 0.3699428235093080719, 0.4062835607000611637, 0.4440638196985083885, 0.4829977068727756007, 0.5233544466133045470, 0.5655365896041493201, 0.6096129240658194615, 0.6563908113764173047, 0.7058854949364572473, 0.7583245002617312602, 0.8138317829411502169, 0.8727945590393899611, 0.9347222295400741121, 1.000000000000000000 ),
 .UNSPECIFIED. ) ;
#3651 = CARTESIAN_POINT ( 'NONE',  ( -2.439999999999999947, 0.0000000000000000000, 0.0000000000000000000 ) ) ;
#3652 = FILL_AREA_STYLE_COLOUR ( '', #1978 ) ;
#3653 = CARTESIAN_POINT ( 'NONE',  ( 2.304617131421812459, 3.680000000000001048, -0.3080975394639433040 ) ) ;
#3654 = VERTEX_POINT ( 'NONE', #4609 ) ;
#3655 = CARTESIAN_POINT ( 'NONE',  ( -1.947542112073701537, 3.629999999999999449, -0.01739222236046925399 ) ) ;
#3656 = DIRECTION ( 'NONE',  ( -0.0000000000000000000, 1.000000000000000000, -0.0000000000000000000 ) ) ;
#3657 = SURFACE_STYLE_USAGE ( .BOTH. , #5610 ) ;
#3658 = CARTESIAN_POINT ( 'NONE',  ( -2.693192459448333409, 3.679999999999999716, 0.3793520018856800791 ) ) ;
#3659 = UNCERTAINTY_MEASURE_WITH_UNIT (LENGTH_MEASURE( 1.000000000000000082E-05 ), #6102, 'distance_accuracy_value', 'NONE');
#3660 = CARTESIAN_POINT ( 'NONE',  ( 3.250000000000001332, 0.5000000000000000000, 1.900000000000001465 ) ) ;
#3661 = CARTESIAN_POINT ( 'NONE',  ( -0.7978554860400427495, 3.679999999999999716, 0.5710793898188217810 ) ) ;
#3662 = CARTESIAN_POINT ( 'NONE',  ( -2.375462135012945009, 3.680000000000000604, -0.3096144555824672517 ) ) ;
#3663 = ORIENTED_EDGE ( 'NONE', *, *, #3506, .T. ) ;
#3664 = ORIENTED_EDGE ( 'NONE', *, *, #4469, .F. ) ;
#3665 = CARTESIAN_POINT ( 'NONE',  ( 0.9569836289069625357, 3.679999999999999272, 0.2949889125815163271 ) ) ;
#3666 = CARTESIAN_POINT ( 'NONE',  ( 1.701634723935224969, 3.679999999999998828, -0.7327592144130747887 ) ) ;
#3667 = CARTESIAN_POINT ( 'NONE',  ( -2.207027187116112010, 3.629999999999999893, -0.1130543845160394689 ) ) ;
#3668 = FILL_AREA_STYLE ('',( #5699 ) ) ;
#3669 = CARTESIAN_POINT ( 'NONE',  ( 0.2752956390996363356, 3.629999999999999893, -0.09301922788581651336 ) ) ;
#3670 = EDGE_CURVE ( 'NONE', #2947, #2457, #1627, .T. ) ;
#3671 = PRODUCT_DEFINITION ( 'UNKNOWN', '', #2510, #1769 ) ;
#3672 = CARTESIAN_POINT ( 'NONE',  ( -2.001797330440802991, 3.629999999999999005, -0.3418096451623114373 ) ) ;
#3673 = CARTESIAN_POINT ( 'NONE',  ( -1.895370100108894285, 3.680000000000000604, 0.5837525824689020482 ) ) ;
#3674 = CARTESIAN_POINT ( 'NONE',  ( -2.147740677925883634, 3.629999999999999449, -0.7437050135391845007 ) ) ;
#3675 = CARTESIAN_POINT ( 'NONE',  ( 0.2032797983891919957, 3.679999999999999716, -0.5713049426169530820 ) ) ;
#3676 = CARTESIAN_POINT ( 'NONE',  ( -0.3091027969057772440, 3.679999999999996607, -0.8546058829506907317 ) ) ;
#3677 = CARTESIAN_POINT ( 'NONE',  ( -2.724507889202685718, 3.630000000000000338, 0.2018409205451058563 ) ) ;
#3678 = DIRECTION ( 'NONE',  ( -0.0000000000000000000, 1.000000000000000000, -0.0000000000000000000 ) ) ;
#3679 = CARTESIAN_POINT ( 'NONE',  ( -0.8952862793866824820, 3.629999999999999449, -0.6823670154693969314 ) ) ;
#3680 = CARTESIAN_POINT ( 'NONE',  ( -2.428781994808419942, 3.629999999999999893, -0.1986914037468087424 ) ) ;
#3681 = CARTESIAN_POINT ( 'NONE',  ( 2.172077441696166122, 3.680000000000001492, -0.2670601040317101549 ) ) ;
#3682 = CARTESIAN_POINT ( 'NONE',  ( -3.249999999999999556, 0.0000000000000000000, 2.500000000000000444 ) ) ;
#3683 = CARTESIAN_POINT ( 'NONE',  ( -0.2217675899929087979, 3.629999999999999449, -0.5707513266498392968 ) ) ;
#3684 = DIRECTION ( 'NONE',  ( 0.0000000000000000000, 0.0000000000000000000, -1.000000000000000000 ) ) ;
#3685 = CARTESIAN_POINT ( 'NONE',  ( 0.9684535821146570411, 3.629999999999999893, 0.2640489808685759221 ) ) ;
#3686 = CYLINDRICAL_SURFACE ( 'NONE', #3936, 1.899999999999999689 ) ;
#3687 = CARTESIAN_POINT ( 'NONE',  ( -0.7407253215866512752, 3.630000000000000338, 0.6122724346331109846 ) ) ;
#3688 = CARTESIAN_POINT ( 'NONE',  ( -1.814750161289286678, 3.680000000000000160, -0.07190951013192811714 ) ) ;
#3689 = EDGE_CURVE ( 'NONE', #6541, #2485, #2048, .T. ) ;
#3690 = CARTESIAN_POINT ( 'NONE',  ( 2.261811681937100360, 3.630000000000001226, -0.5200272577096723969 ) ) ;
#3691 = CARTESIAN_POINT ( 'NONE',  ( 0.6964356760572678606, 3.679999999999999716, 0.5195081242649455255 ) ) ;
#3692 = MECHANICAL_DESIGN_GEOMETRIC_PRESENTATION_REPRESENTATION (  '', ( #4427 ), #998 ) ;
#3693 = CARTESIAN_POINT ( 'NONE',  ( 2.165541273467992411, 3.679999999999999272, 0.09106425096286435705 ) ) ;
#3694 = ORIENTED_EDGE ( 'NONE', *, *, #1154, .F. ) ;
#3695 = CARTESIAN_POINT ( 'NONE',  ( 0.8955060707198780889, 3.680000000000001048, 0.3998875696959026116 ) ) ;
#3696 = LINE ( 'NONE', #5623, #6274 ) ;
#3697 = AXIS2_PLACEMENT_3D ( 'NONE', #6546, #5536, #2040 ) ;
#3698 = CARTESIAN_POINT ( 'NONE',  ( -2.356794478033635176, 3.629999999999999449, -0.08901603482747726115 ) ) ;
#3699 = SURFACE_STYLE_FILL_AREA ( #4084 ) ;
#3700 = FILL_AREA_STYLE_COLOUR ( '', #5393 ) ;
#3701 = CARTESIAN_POINT ( 'NONE',  ( 0.9342084931581020601, 3.679999999999997495, -0.7953408740158950385 ) ) ;
#3702 = CIRCLE ( 'NONE', #6364, 0.3000000000000000999 ) ;
#3703 = ORIENTED_EDGE ( 'NONE', *, *, #5420, .T. ) ;
#3704 = EDGE_LOOP ( 'NONE', ( #526, #3200, #1462, #2970 ) ) ;
#3705 = CARTESIAN_POINT ( 'NONE',  ( -2.096016666882061674, 3.629999999999999893, 0.6663595819604554160 ) ) ;
#3706 = UNCERTAINTY_MEASURE_WITH_UNIT (LENGTH_MEASURE( 1.000000000000000082E-05 ), #1610, 'distance_accuracy_value', 'NONE');
#3707 = LINE ( 'NONE', #5161, #1475 ) ;
#3708 = CARTESIAN_POINT ( 'NONE',  ( 2.313705985960811340, 3.680000000000000160, -0.1124534229775779742 ) ) ;
#3709 = CARTESIAN_POINT ( 'NONE',  ( 0.1440806139261243124, 3.629999999999998561, -0.2512471432840845953 ) ) ;
#3710 = ADVANCED_FACE ( 'NONE', ( #561 ), #5626, .F. ) ;
#3711 = CARTESIAN_POINT ( 'NONE',  ( -0.03162366349564469520, 3.679999999999996163, -0.4725566460590626128 ) ) ;
#3712 = CARTESIAN_POINT ( 'NONE',  ( -2.439999999999999947, 0.05000000000000000278, -0.2149999999999999412 ) ) ;
#3713 = CARTESIAN_POINT ( 'NONE',  ( -0.6054910248637002113, 3.630000000000000338, 0.5060575432019170927 ) ) ;
#3714 = CARTESIAN_POINT ( 'NONE',  ( -3.249999999999998668, 3.680000000000000160, 1.899999999999999689 ) ) ;
#3715 = VECTOR ( 'NONE', #1496, 1000.000000000000000 ) ;
#3716 = CARTESIAN_POINT ( 'NONE',  ( 0.2866476071769180067, 3.629999999999999449, -0.3306856961686311935 ) ) ;
#3717 = SURFACE_STYLE_FILL_AREA ( #1297 ) ;
#3718 = CARTESIAN_POINT ( 'NONE',  ( -1.854748845416255509, 3.629999999999999893, 0.5499165210442359397 ) ) ;
#3719 = SURFACE_STYLE_FILL_AREA ( #622 ) ;
#3720 = CARTESIAN_POINT ( 'NONE',  ( -1.322171835195826706, 3.630000000000000782, 0.4066727418660643911 ) ) ;
#3721 = CARTESIAN_POINT ( 'NONE',  ( -1.282173600035393823, 3.679999999999999716, 0.6476473621480141052 ) ) ;
#3722 = CARTESIAN_POINT ( 'NONE',  ( 1.025008652113729157, 3.680000000000002824, -0.1310833441666291177 ) ) ;
#3723 = MECHANICAL_DESIGN_GEOMETRIC_PRESENTATION_REPRESENTATION (  '', ( #1145 ), #924 ) ;
#3724 =( NAMED_UNIT ( * ) SI_UNIT ( $, .STERADIAN. ) SOLID_ANGLE_UNIT ( ) );
#3725 = CARTESIAN_POINT ( 'NONE',  ( 1.726258615490984916, 3.680000000000000160, -0.8968299476424232974 ) ) ;
#3726 = CARTESIAN_POINT ( 'NONE',  ( 2.189015067900009104, 3.630000000000000782, 0.4515117150197843210 ) ) ;
#3727 = DIRECTION ( 'NONE',  ( -0.0000000000000000000, -1.000000000000000000, -0.0000000000000000000 ) ) ;
#3728 = CARTESIAN_POINT ( 'NONE',  ( 0.8756892490726827516, 3.630000000000000782, -0.8376006540887755980 ) ) ;
#3729 =( NAMED_UNIT ( * ) PLANE_ANGLE_UNIT ( ) SI_UNIT ( $, .RADIAN. ) );
#3730 = ORIENTED_EDGE ( 'NONE', *, *, #6433, .F. ) ;
#3731 = EDGE_CURVE ( 'NONE', #5630, #953, #5061, .T. ) ;
#3732 = ORIENTED_EDGE ( 'NONE', *, *, #156, .F. ) ;
#3733 =( NAMED_UNIT ( * ) SI_UNIT ( $, .STERADIAN. ) SOLID_ANGLE_UNIT ( ) );
#3734 = CARTESIAN_POINT ( 'NONE',  ( 1.025073536989490330, 3.630000000000000782, -0.09502250833317600620 ) ) ;
#3735 = CARTESIAN_POINT ( 'NONE',  ( -1.012803434609561126, 3.630000000000000782, -0.1831965823983132402 ) ) ;
#3736 = EDGE_CURVE ( 'NONE', #4108, #5117, #4255, .T. ) ;
#3737 = CARTESIAN_POINT ( 'NONE',  ( -2.333255310609881228, 3.630000000000000782, -0.7310512655050013242 ) ) ;
#3738 = CARTESIAN_POINT ( 'NONE',  ( -1.995488725577650557, 3.680000000000000160, -0.1986914037468087424 ) ) ;
#3739 = PRESENTATION_LAYER_ASSIGNMENT (  '', '', ( #5978 ) ) ;
#3740 = CARTESIAN_POINT ( 'NONE',  ( 0.7128594078554456592, 3.630000000000001226, -0.8968951221427710063 ) ) ;
#3741 = CARTESIAN_POINT ( 'NONE',  ( 0.8972194537713007456, 3.680000000000002380, -0.6227368200016885069 ) ) ;
#3742 = CARTESIAN_POINT ( 'NONE',  ( -1.993512469426660605, 3.680000000000000604, -0.6756913524032903684 ) ) ;
#3743 = SURFACE_STYLE_FILL_AREA ( #3271 ) ;
#3744 = CARTESIAN_POINT ( 'NONE',  ( -0.5072074755776505572, 3.629999999999999893, -0.7476697691314242444 ) ) ;
#3745 = CARTESIAN_POINT ( 'NONE',  ( -2.590140167885343292, 3.629999999999999893, 0.2168735000993451401 ) ) ;
#3746 = CARTESIAN_POINT ( 'NONE',  ( 1.783894578363168781, 3.680000000000000160, -0.7467991491397442116 ) ) ;
#3747 = CARTESIAN_POINT ( 'NONE',  ( 0.9476021747542543450, 3.629999999999999893, -0.5412721588969224840 ) ) ;
#3748 = CARTESIAN_POINT ( 'NONE',  ( 2.122299735960810896, 3.629999999999999893, 0.2640489808685759221 ) ) ;
#3749 = CARTESIAN_POINT ( 'NONE',  ( 1.800484832114657374, 3.680000000000000160, -0.7476697691314242444 ) ) ;
#3750 = FILL_AREA_STYLE_COLOUR ( '', #918 ) ;
#3751 = CARTESIAN_POINT ( 'NONE',  ( -1.893992300769540060, 3.630000000000000782, -0.1385097959973927984 ) ) ;
#3752 = CARTESIAN_POINT ( 'NONE',  ( 1.302973343049352195, 3.629999999999998561, -0.3150872671391601321 ) ) ;
#3753 = EDGE_CURVE ( 'NONE', #3993, #4013, #1070, .T. ) ;
#3754 = CARTESIAN_POINT ( 'NONE',  ( 1.800484832114657374, 3.629999999999999893, 0.5215610000993451401 ) ) ;
#3755 = CARTESIAN_POINT ( 'NONE',  ( -2.512340361243434295, 3.629999999999999005, -0.4911800825697023032 ) ) ;
#3756 = B_SPLINE_SURFACE_WITH_KNOTS ( 'NONE', 3, 1, ( 
 ( #1421, #991 ),
 ( #3455, #4510 ),
 ( #931, #449 ),
 ( #2983, #1979 ),
 ( #4019, #6058 ),
 ( #4536, #6571 ),
 ( #3037, #4413 ),
 ( #6450, #1890 ),
 ( #5146, #2644 ),
 ( #1027, #631 ),
 ( #89, #3076 ),
 ( #591, #2063 ),
 ( #6209, #6140 ),
 ( #2606, #1688 ),
 ( #3147, #1544 ),
 ( #554, #5114 ),
 ( #4602, #2098 ),
 ( #1651, #119 ),
 ( #3690, #523 ),
 ( #4680, #2676 ),
 ( #5182, #3582 ),
 ( #5653, #4643 ),
 ( #4573, #47 ),
 ( #4141, #6176 ),
 ( #6245, #4710 ),
 ( #1586, #2136 ),
 ( #4206, #2170 ) ),
 .UNSPECIFIED., .F., .F., .F.,
 ( 4, 1, 1, 1, 1, 1, 1, 1, 1, 1, 1, 1, 1, 1, 1, 1, 1, 1, 1, 1, 1, 1, 1, 1, 4 ),
 ( 2, 2 ),
 ( 0.0000000000000000000, 0.03378811616271087948, 0.06719393237388013307, 0.09986241085682558138, 0.1325666121262589203, 0.1651511732547863709, 0.1979131873557920807, 0.2313190035669617783, 0.2650832782673738230, 0.2992553087581151239, 0.3343985665049786782, 0.3699428235093080719, 0.4062835607000611637, 0.4440638196985083885, 0.4829977068727756007, 0.5233544466133045470, 0.5655365896041493201, 0.6096129240658194615, 0.6563908113764173047, 0.7058854949364572473, 0.7583245002617312602, 0.8138317829411502169, 0.8727945590393899611, 0.9347222295400741121, 1.000000000000000000 ),
 ( 0.0000000000000000000, 1.000000000000000000 ),
 .UNSPECIFIED. ) ;
#3757 = CARTESIAN_POINT ( 'NONE',  ( 1.294475216730041733, 3.680000000000000160, -0.1124534229775779742 ) ) ;
#3758 = CARTESIAN_POINT ( 'NONE',  ( 2.097508348090905361, 3.680000000000000160, 0.3243157031153131031 ) ) ;
#3759 = CARTESIAN_POINT ( 'NONE',  ( 1.800484832114657374, 3.630000000000000782, 0.5215610000993451401 ) ) ;
#3760 = CARTESIAN_POINT ( 'NONE',  ( -2.233700413242374339, 3.680000000000000604, 0.5211577191158176525 ) ) ;
#3761 = CARTESIAN_POINT ( 'NONE',  ( -2.636237961622950543, 3.630000000000000338, -0.04259311248076955853 ) ) ;
#3762 = CARTESIAN_POINT ( 'NONE',  ( -2.296893460166121503, 3.680000000000000160, -0.2772772616116063737 ) ) ;
#3763 = VERTEX_POINT ( 'NONE', #160 ) ;
#3764 = CARTESIAN_POINT ( 'NONE',  ( 0.1407689087223674140, 3.679999999999999272, -0.08861185062333415408 ) ) ;
#3765 = CARTESIAN_POINT ( 'NONE',  ( 0.3206095234832841978, 3.629999999999999893, 0.2623444497358974337 ) ) ;
#3766 = CARTESIAN_POINT ( 'NONE',  ( 2.157156973861095395, 3.630000000000001226, 0.1371035866993395302 ) ) ;
#3767 = ORIENTED_EDGE ( 'NONE', *, *, #251, .T. ) ;
#3768 = CARTESIAN_POINT ( 'NONE',  ( -3.249999999999999112, 3.680000000000000160, 0.0000000000000000000 ) ) ;
#3769 = CARTESIAN_POINT ( 'NONE',  ( -2.134802845712507668, 3.629999999999999893, -0.2749410329134977515 ) ) ;
#3770 = CARTESIAN_POINT ( 'NONE',  ( 0.9976795106342022379, 3.679999999999999272, -0.3995362814424762155 ) ) ;
#3771 = CARTESIAN_POINT ( 'NONE',  ( 2.010789779477819117, 3.630000000000001670, 0.4404177906756158722 ) ) ;
#3772 = CARTESIAN_POINT ( 'NONE',  ( -2.465892675926477651, 3.680000000000000160, -0.6430840287946906209 ) ) ;
#3773 = CARTESIAN_POINT ( 'NONE',  ( 2.313426735441986626, 3.680000000000000160, -0.08951460528861865384 ) ) ;
#3774 = CARTESIAN_POINT ( 'NONE',  ( 0.1644594833777143494, 3.680000000000000160, -0.4301607659489332103 ) ) ;
#3775 = CARTESIAN_POINT ( 'NONE',  ( -0.4409867459907084175, 3.679999999999998384, -0.8968951221427712284 ) ) ;
#3776 = CARTESIAN_POINT ( 'NONE',  ( -2.441490424179494578, 3.629999999999999449, -0.1921380893207659257 ) ) ;
#3777 = DIRECTION ( 'NONE',  ( 0.0000000000000000000, 0.0000000000000000000, -1.000000000000000000 ) ) ;
#3778 = CARTESIAN_POINT ( 'NONE',  ( -0.6801661811208543629, 3.630000000000000782, -0.8692769918086845626 ) ) ;
#3779 = CARTESIAN_POINT ( 'NONE',  ( 1.800484832114657374, 3.629999999999999893, -0.7476697691314242444 ) ) ;
#3780 = CARTESIAN_POINT ( 'NONE',  ( 1.025073536989490330, 3.680000000000001048, -0.09502250833317600620 ) ) ;
#3781 = CARTESIAN_POINT ( 'NONE',  ( -0.4908166186397386332, 3.629999999999999893, -0.7468003486258714130 ) ) ;
#3782 = CARTESIAN_POINT ( 'NONE',  ( -2.533717797272354577, 3.679999999999999272, -0.1366715098307865472 ) ) ;
#3783 = CARTESIAN_POINT ( 'NONE',  ( 0.1440806139261243124, 3.679999999999998828, -0.2512471432840845953 ) ) ;
#3784 = FACE_BOUND ( 'NONE', #2621, .T. ) ;
#3785 = CARTESIAN_POINT ( 'NONE',  ( 1.373835004671778215, 3.679999999999999716, -0.6109811010550229016 ) ) ;
#3786 = CARTESIAN_POINT ( 'NONE',  ( 2.082909860507245803, 3.680000000000000160, 0.3515568068007470792 ) ) ;
#3787 = CARTESIAN_POINT ( 'NONE',  ( -2.518374641394644620, 3.679999999999999272, 0.4057343320919005181 ) ) ;
#3788 = CYLINDRICAL_SURFACE ( 'NONE', #3371, 0.2149999999999999412 ) ;
#3789 =( NAMED_UNIT ( * ) SI_UNIT ( $, .STERADIAN. ) SOLID_ANGLE_UNIT ( ) );
#3790 = ORIENTED_EDGE ( 'NONE', *, *, #1962, .T. ) ;
#3791 = CARTESIAN_POINT ( 'NONE',  ( -2.220259507354688466, 3.679999999999997051, -0.2671254053871540690 ) ) ;
#3792 = CARTESIAN_POINT ( 'NONE',  ( 0.2815263201911104018, 3.680000000000000160, 0.05507090122515055641 ) ) ;
#3793 = B_SPLINE_SURFACE_WITH_KNOTS ( 'NONE', 3, 1, ( 
 ( #2407, #4007 ),
 ( #346, #1912 ),
 ( #4973, #6014 ),
 ( #4435, #5455 ),
 ( #3949, #3885 ),
 ( #4472, #827 ),
 ( #2344, #5987 ),
 ( #1407, #4378 ),
 ( #3381, #2880 ),
 ( #6442, #1876 ),
 ( #4944, #3446 ) ),
 .UNSPECIFIED., .F., .F., .F.,
 ( 4, 1, 1, 1, 1, 1, 1, 1, 4 ),
 ( 2, 2 ),
 ( 0.0000000000000000000, 0.1290969581672246347, 0.2520459672599794088, 0.3739049644019969976, 0.5010378352202026209, 0.6281707060384095209, 0.7513764634091928407, 0.8724260133704554443, 1.000000000000000000 ),
 ( 0.0000000000000000000, 1.000000000000000000 ),
 .UNSPECIFIED. ) ;
#3794 = CARTESIAN_POINT ( 'NONE',  ( -2.194592780020842238, 3.679999999999999716, -0.1127784654068359482 ) ) ;
#3795 = CARTESIAN_POINT ( 'NONE',  ( -2.647832475577650779, 3.629999999999999893, -0.5166000575929625693 ) ) ;
#3796 = CARTESIAN_POINT ( 'NONE',  ( -2.524044695183853992, 3.629999999999999893, 0.5948011706730297332 ) ) ;
#3797 = B_SPLINE_CURVE_WITH_KNOTS ( 'NONE', 3,
 ( #5266, #1603, #3637, #2588, #2719, #5668, #2112, #1078, #5779, #4761, #3125 ),
 .UNSPECIFIED., .F., .F.,
 ( 4, 1, 1, 1, 1, 1, 1, 1, 4 ),
 ( 0.0000000000000000000, 0.1105883385953362746, 0.2245417540535959711, 0.3425034940501040515, 0.4643240984173579444, 0.5907560327017664648, 0.7222274753555143478, 0.8588428362087242585, 1.000000000000000000 ),
 .UNSPECIFIED. ) ;
#3798 = DIRECTION ( 'NONE',  ( -0.0000000000000000000, 1.000000000000000000, -0.0000000000000000000 ) ) ;
#3799 = CARTESIAN_POINT ( 'NONE',  ( 1.150770977575658272, 3.629999999999998561, -0.3080975394639433040 ) ) ;
#3800 = EDGE_LOOP ( 'NONE', ( #1388, #5592, #3663, #6577 ) ) ;
#3801 = CARTESIAN_POINT ( 'NONE',  ( -1.854016991522239977, 3.630000000000000782, 0.2942139283488416912 ) ) ;
#3802 = B_SPLINE_CURVE_WITH_KNOTS ( 'NONE', 3,
 ( #850, #4461, #3408, #4399, #336, #4425, #2393, #3901, #1901, #1393, #2991, #5506, #1864, #1432, #5943, #3937, #4997, #5025, #1357 ),
 .UNSPECIFIED., .F., .F.,
 ( 4, 1, 1, 1, 1, 1, 1, 1, 1, 1, 1, 1, 1, 1, 1, 1, 4 ),
 ( 0.0000000000000000000, 0.07655893299404790964, 0.1491613519791145925, 0.2188268461269945453, 0.2855671390889786831, 0.3503131057192116482, 0.4141251538580797420, 0.4771791613162270074, 0.5403680185081837228, 0.6022023899907495981, 0.6620336537315640868, 0.7199344070495792280, 0.7759074326823269807, 0.8311148643832974026, 0.8866674470119630946, 0.9425523618334882281, 1.000000000000000000 ),
 .UNSPECIFIED. ) ;
#3803 = DIRECTION ( 'NONE',  ( -0.0000000000000000000, 1.000000000000000000, -0.0000000000000000000 ) ) ;
#3804 =( NAMED_UNIT ( * ) SI_UNIT ( $, .STERADIAN. ) SOLID_ANGLE_UNIT ( ) );
#3805 = CARTESIAN_POINT ( 'NONE',  ( 1.967187799571705309, 3.679999999999995719, 0.6423244333718793886 ) ) ;
#3806 = CARTESIAN_POINT ( 'NONE',  ( 1.358021596103819340, 3.630000000000000338, 0.3458017785468927019 ) ) ;
#3807 = CARTESIAN_POINT ( 'NONE',  ( -1.993039422155069351, 3.629999999999999893, -0.8493536423683283321 ) ) ;
#3808 =( GEOMETRIC_REPRESENTATION_CONTEXT ( 3 ) GLOBAL_UNCERTAINTY_ASSIGNED_CONTEXT ( ( #2624 ) ) GLOBAL_UNIT_ASSIGNED_CONTEXT ( ( #2975, #922, #5008 ) ) REPRESENTATION_CONTEXT ( 'NONE', 'WORKASPACE' ) );
#3809 = ADVANCED_FACE ( 'NONE', ( #2213 ), #4161, .T. ) ;
#3810 = CARTESIAN_POINT ( 'NONE',  ( -2.647832475577650779, 3.680000000000000160, -0.5166000575929625693 ) ) ;
#3811 = CARTESIAN_POINT ( 'NONE',  ( 1.800484832114657374, 3.680000000000002380, -0.7476697691314242444 ) ) ;
#3812 = CARTESIAN_POINT ( 'NONE',  ( -1.814750161289286678, 3.629999999999999893, -0.07190951013192811714 ) ) ;
#3813 = CARTESIAN_POINT ( 'NONE',  ( -0.5072074755776505572, 3.679999999999997495, -0.7476697691314242444 ) ) ;
#3814 = VECTOR ( 'NONE', #5673, 1000.000000000000000 ) ;
#3815 = CARTESIAN_POINT ( 'NONE',  ( 0.6540609575090451377, 3.679999999999999716, -0.9013068593308644072 ) ) ;
#3816 = CARTESIAN_POINT ( 'NONE',  ( -1.009765539920029154, 3.679999999999998828, -0.2512471432840845953 ) ) ;
#3817 = CARTESIAN_POINT ( 'NONE',  ( 0.6303008039596048606, 3.679999999999999716, -0.9013173374551021189 ) ) ;
#3818 = CARTESIAN_POINT ( 'NONE',  ( 1.302973343049352195, 3.679999999999998828, -0.3150872671391601321 ) ) ;
#3819 =( GEOMETRIC_REPRESENTATION_CONTEXT ( 3 ) GLOBAL_UNCERTAINTY_ASSIGNED_CONTEXT ( ( #539 ) ) GLOBAL_UNIT_ASSIGNED_CONTEXT ( ( #3910, #859, #1441 ) ) REPRESENTATION_CONTEXT ( 'NONE', 'WORKASPACE' ) );
#3820 =( GEOMETRIC_REPRESENTATION_CONTEXT ( 3 ) GLOBAL_UNCERTAINTY_ASSIGNED_CONTEXT ( ( #3706 ) ) GLOBAL_UNIT_ASSIGNED_CONTEXT ( ( #1610, #6554, #5570 ) ) REPRESENTATION_CONTEXT ( 'NONE', 'WORKASPACE' ) );
#3821 = EDGE_CURVE ( 'NONE', #2947, #1130, #2535, .T. ) ;
#3822 = CARTESIAN_POINT ( 'NONE',  ( -0.3628067276316220835, 3.629999999999999005, -0.7112136031175656514 ) ) ;
#3823 = CARTESIAN_POINT ( 'NONE',  ( -2.439999999999999947, 0.05000000000000000278, 0.0000000000000000000 ) ) ;
#3824 = PRESENTATION_STYLE_ASSIGNMENT (( #5801 ) ) ;
#3825 =( NAMED_UNIT ( * ) SI_UNIT ( $, .STERADIAN. ) SOLID_ANGLE_UNIT ( ) );
#3826 = EDGE_LOOP ( 'NONE', ( #5776, #6522, #6586, #4578 ) ) ;
#3827 = VECTOR ( 'NONE', #3242, 1000.000000000000000 ) ;
#3828 = CARTESIAN_POINT ( 'NONE',  ( -2.324055651908746523, 3.679999999999998384, -0.2857158061871724053 ) ) ;
#3829 = CARTESIAN_POINT ( 'NONE',  ( 1.487222450790286032, 3.629999999999999893, -0.5201775989611071571 ) ) ;
#3830 = CARTESIAN_POINT ( 'NONE',  ( 1.431836660323202226, 3.629999999999999005, 0.002369331732083174158 ) ) ;
#3831 = AXIS2_PLACEMENT_3D ( 'NONE', #2838, #3975, #5924 ) ;
#3832 = PRESENTATION_STYLE_ASSIGNMENT (( #4822 ) ) ;
#3833 = EDGE_LOOP ( 'NONE', ( #634, #2464, #6134, #393 ) ) ;
#3834 = VERTEX_POINT ( 'NONE', #4924 ) ;
#3835 = VECTOR ( 'NONE', #3656, 1000.000000000000000 ) ;
#3836 = EDGE_LOOP ( 'NONE', ( #4585, #4410, #267, #6071 ) ) ;
#3837 = DIRECTION ( 'NONE',  ( 0.0000000000000000000, -0.0000000000000000000, 1.000000000000000000 ) ) ;
#3838 = CARTESIAN_POINT ( 'NONE',  ( 0.8285284075575581886, 3.680000000000001048, -0.6878514479104987922 ) ) ;
#3839 = UNCERTAINTY_MEASURE_WITH_UNIT (LENGTH_MEASURE( 1.000000000000000082E-05 ), #1090, 'distance_accuracy_value', 'NONE');
#3840 = CARTESIAN_POINT ( 'NONE',  ( -0.5237977293291389280, 3.629999999999999005, -0.7467991491397438786 ) ) ;
#3841 = CARTESIAN_POINT ( 'NONE',  ( 1.310152959918983395, 3.630000000000000338, 0.1484287315833060505 ) ) ;
#3842 = CARTESIAN_POINT ( 'NONE',  ( 1.726254850208960301, 3.630000000000000782, 0.6707358758521787534 ) ) ;
#3843 =( LENGTH_UNIT ( ) NAMED_UNIT ( * ) SI_UNIT ( .MILLI., .METRE. ) );
#3844 = CARTESIAN_POINT ( 'NONE',  ( 1.429090601345426537, 3.680000000000001048, -0.1130543845160394689 ) ) ;
#3845 = CARTESIAN_POINT ( 'NONE',  ( -0.1968625249391909582, 3.680000000000000160, 0.2949889125815164936 ) ) ;
#3846 = CARTESIAN_POINT ( 'NONE',  ( 1.429141792945790579, 3.679999999999999716, -0.09301922788581649948 ) ) ;
#3847 = CARTESIAN_POINT ( 'NONE',  ( 2.167020676468522922, 3.630000000000000338, -0.3137360208878448020 ) ) ;
#3848 = CARTESIAN_POINT ( 'NONE',  ( -1.783062671892674977, 3.629999999999999893, -0.4961176137422604882 ) ) ;
#3849 = CARTESIAN_POINT ( 'NONE',  ( -0.9781514619250195608, 3.679999999999999716, -0.4812613761502044785 ) ) ;
#3850 = FILL_AREA_STYLE_COLOUR ( '', #3378 ) ;
#3851 = CARTESIAN_POINT ( 'NONE',  ( -2.477892217283591769, 3.630000000000000782, -0.4029621798716759851 ) ) ;
#3852 = CARTESIAN_POINT ( 'NONE',  ( 1.318305637223867732, 3.679999999999999716, -0.4301607659489332103 ) ) ;
#3853 = CARTESIAN_POINT ( 'NONE',  ( -0.4579994240288677854, 3.629999999999998561, -0.7450596256095280978 ) ) ;
#3854 = CARTESIAN_POINT ( 'NONE',  ( 3.249999999999999112, 0.5000000000000000000, 8.673617379884039416E-16 ) ) ;
#3855 = FILL_AREA_STYLE ('',( #3424 ) ) ;
#3856 = CARTESIAN_POINT ( 'NONE',  ( 1.054825371882588403, 3.630000000000000782, -0.6435308254703238084 ) ) ;
#3857 = ORIENTED_EDGE ( 'NONE', *, *, #4274, .F. ) ;
#3858 = PRESENTATION_STYLE_ASSIGNMENT (( #6358 ) ) ;
#3859 = CARTESIAN_POINT ( 'NONE',  ( -2.524463599955291571, 3.629999999999999893, -0.2602945532917109728 ) ) ;
#3860 = CARTESIAN_POINT ( 'NONE',  ( -1.900353520019287368, 3.680000000000000160, 0.03189758075712711971 ) ) ;
#3861 = CARTESIAN_POINT ( 'NONE',  ( -1.355230035385591503, 3.629999999999999005, 0.6548559680442980202 ) ) ;
#3862 = CARTESIAN_POINT ( 'NONE',  ( -0.1287726168566639129, 3.629999999999999449, -0.09502250833317595069 ) ) ;
#3863 = VERTEX_POINT ( 'NONE', #1761 ) ;
#3864 = CARTESIAN_POINT ( 'NONE',  ( 0.9729757683119849565, 3.629999999999999893, 0.2506648068115773786 ) ) ;
#3865 = LINE ( 'NONE', #2220, #1258 ) ;
#3866 = CARTESIAN_POINT ( 'NONE',  ( 0.9476021747542543450, 3.629999999999999893, -0.5412721588969224840 ) ) ;
#3867 = CARTESIAN_POINT ( 'NONE',  ( -1.355173486316931131, 3.680000000000000160, 0.4075917042196233187 ) ) ;
#3868 = CARTESIAN_POINT ( 'NONE',  ( 0.9476021747542543450, 3.680000000000000160, -0.5412721588969224840 ) ) ;
#3869 = CARTESIAN_POINT ( 'NONE',  ( -2.512708291583273024, 3.679999999999999716, -0.5378179337188607745 ) ) ;
#3870 = CARTESIAN_POINT ( 'NONE',  ( 1.627988687682715208, 3.629999999999999449, 0.6437671857298029598 ) ) ;
#3871 = CARTESIAN_POINT ( 'NONE',  ( 1.310152959918983395, 3.680000000000002824, 0.1484287315833060505 ) ) ;
#3872 = EDGE_CURVE ( 'NONE', #5197, #3528, #2852, .T. ) ;
#3873 = SURFACE_SIDE_STYLE ('',( #5343 ) ) ;
#3874 = CARTESIAN_POINT ( 'NONE',  ( 0.8776090755437722102, 3.629999999999999893, -0.6448659319547209723 ) ) ;
#3875 = EDGE_LOOP ( 'NONE', ( #5738, #2058, #2954, #6445 ) ) ;
#3876 = CARTESIAN_POINT ( 'NONE',  ( 2.439999999999999947, -3.499999999999999556, 0.0000000000000000000 ) ) ;
#3877 = CARTESIAN_POINT ( 'NONE',  ( -1.330524783269958267, 3.680000000000000160, 0.4061763847147297768 ) ) ;
#3878 = CARTESIAN_POINT ( 'NONE',  ( -0.3084544866860521317, 3.680000000000000604, 0.6280818497790877641 ) ) ;
#3879 = LINE ( 'NONE', #5921, #1355 ) ;
#3880 = CARTESIAN_POINT ( 'NONE',  ( 1.726258615490984916, 3.629999999999999893, -0.8968299476424232974 ) ) ;
#3881 = CARTESIAN_POINT ( 'NONE',  ( -1.013217090962265976, 3.680000000000000160, -0.1124534229775779742 ) ) ;
#3882 = PRESENTATION_STYLE_ASSIGNMENT (( #2342 ) ) ;
#3883 = CARTESIAN_POINT ( 'NONE',  ( -2.590512205924369926, 3.679999999999999272, -0.7054245817841691135 ) ) ;
#3884 = CARTESIAN_POINT ( 'NONE',  ( 0.3953694794477489727, 3.680000000000000160, 0.3977910179525212531 ) ) ;
#3885 = CARTESIAN_POINT ( 'NONE',  ( -1.435258673329490531, 3.680000000000000604, 0.4610298848402036853 ) ) ;
#3886 = CARTESIAN_POINT ( 'NONE',  ( -0.1481275831203970328, 3.630000000000002114, -0.3577718649040553811 ) ) ;
#3887 = SURFACE_STYLE_USAGE ( .BOTH. , #1442 ) ;
#3888 = CARTESIAN_POINT ( 'NONE',  ( 1.159859832114657596, 3.629999999999999893, -0.1124534229775779742 ) ) ;
#3889 = ORIENTED_EDGE ( 'NONE', *, *, #176, .T. ) ;
#3890 = CARTESIAN_POINT ( 'NONE',  ( 0.6778085262415839418, 3.629999999999999893, 0.6748878034458535291 ) ) ;
#3891 = CARTESIAN_POINT ( 'NONE',  ( 1.487222450790286032, 3.679999999999999716, -0.5201775989611071571 ) ) ;
#3892 = CARTESIAN_POINT ( 'NONE',  ( -2.647832475577650779, 3.629999999999999893, -0.5166000575929625693 ) ) ;
#3893 = CARTESIAN_POINT ( 'NONE',  ( 1.463529241100720801, 3.679999999999993054, 0.2282353880053845097 ) ) ;
#3894 = CARTESIAN_POINT ( 'NONE',  ( -1.330524783269958267, 3.679999999999999716, 0.6561763847147297213 ) ) ;
#3895 = CARTESIAN_POINT ( 'NONE',  ( -0.5072074755776505572, 3.629999999999999005, 0.5215610000993451401 ) ) ;
#3896 = VERTEX_POINT ( 'NONE', #2783 ) ;
#3897 = CARTESIAN_POINT ( 'NONE',  ( 0.6466386782685031864, 3.680000000000000160, -0.7476697691314242444 ) ) ;
#3898 = CARTESIAN_POINT ( 'NONE',  ( -0.5570084603027566361, 3.629999999999999893, -0.7450563230951846583 ) ) ;
#3899 = SURFACE_STYLE_USAGE ( .BOTH. , #2360 ) ;
#3900 = CARTESIAN_POINT ( 'NONE',  ( 1.025244447499272793, 3.629999999999999893, -0.1130543845160394689 ) ) ;
#3901 = CARTESIAN_POINT ( 'NONE',  ( -1.997170096579097054, 3.629999999999999893, 0.4682538064985831694 ) ) ;
#3902 = CARTESIAN_POINT ( 'NONE',  ( -2.063487896203243910, 3.630000000000000338, -0.3007264117602208020 ) ) ;
#3903 = CARTESIAN_POINT ( 'NONE',  ( 2.030897060951781352, 3.679999999999999716, 0.4212972271129387658 ) ) ;
#3904 = COLOUR_RGB ( '',0.7686274509803920907, 0.7686274509803920907, 0.7686274509803920907 ) ;
#3905 = CARTESIAN_POINT ( 'NONE',  ( -0.2474385031901756571, 3.679999999999999716, 0.5906681404830103066 ) ) ;
#3906 = CARTESIAN_POINT ( 'NONE',  ( -1.813033403998234316, 3.680000000000001492, -0.6588394298476638600 ) ) ;
#3907 = SURFACE_STYLE_USAGE ( .BOTH. , #1438 ) ;
#3908 = CARTESIAN_POINT ( 'NONE',  ( 1.549474733182426789, 3.630000000000000338, -0.6246150608697390583 ) ) ;
#3909 = CARTESIAN_POINT ( 'NONE',  ( -2.521326307934118383, 3.679999999999999272, -0.7874922221901123898 ) ) ;
#3910 =( LENGTH_UNIT ( ) NAMED_UNIT ( * ) SI_UNIT ( .MILLI., .METRE. ) );
#3911 = CARTESIAN_POINT ( 'NONE',  ( 1.003310820014940985, 3.680000000000002380, 0.1371035866993394470 ) ) ;
#3912 = MECHANICAL_DESIGN_GEOMETRIC_PRESENTATION_REPRESENTATION (  '', ( #5846 ), #2731 ) ;
#3913 = CARTESIAN_POINT ( 'NONE',  ( -2.333255310609881228, 3.630000000000000782, -0.7310512655050013242 ) ) ;
#3914 = CARTESIAN_POINT ( 'NONE',  ( 1.934277484737920050, 3.680000000000000604, -0.8808699374229455037 ) ) ;
#3915 = EDGE_LOOP ( 'NONE', ( #6261, #4920, #4185, #6189 ) ) ;
#3916 = COLOUR_RGB ( '',0.7686274509803920907, 0.7686274509803920907, 0.7686274509803920907 ) ;
#3917 = CARTESIAN_POINT ( 'NONE',  ( 1.156217027590455970, 3.629999999999999893, 0.02055116350221647056 ) ) ;
#3918 = VECTOR ( 'NONE', #3678, 1000.000000000000000 ) ;
#3919 = CARTESIAN_POINT ( 'NONE',  ( -1.791835750984262621, 3.630000000000000782, 0.4772980182875624644 ) ) ;
#3920 = DIRECTION ( 'NONE',  ( -0.0000000000000000000, 1.000000000000000000, -0.0000000000000000000 ) ) ;
#3921 = CARTESIAN_POINT ( 'NONE',  ( 1.412406028305625449, 3.629999999999999893, -0.6823670154693968204 ) ) ;
#3922 = CARTESIAN_POINT ( 'NONE',  ( 0.5970701794030977005, 3.629999999999999893, 0.5190785959586221576 ) ) ;
#3923 = SURFACE_STYLE_FILL_AREA ( #2692 ) ;
#3924 = MECHANICAL_DESIGN_GEOMETRIC_PRESENTATION_REPRESENTATION (  '', ( #4665 ), #815 ) ;
#3925 = CARTESIAN_POINT ( 'NONE',  ( -0.1853925717314967025, 3.680000000000000160, 0.2640489808685759221 ) ) ;
#3926 = EDGE_CURVE ( 'NONE', #1185, #6116, #2363, .T. ) ;
#3927 = EDGE_LOOP ( 'NONE', ( #1414, #3434, #4857, #775 ) ) ;
#3928 = ORIENTED_EDGE ( 'NONE', *, *, #928, .T. ) ;
#3929 = CARTESIAN_POINT ( 'NONE',  ( -2.063487896203243910, 3.680000000000000604, -0.3007264117602208020 ) ) ;
#3930 = CARTESIAN_POINT ( 'NONE',  ( 1.784147286011085853, 3.679999999999999272, 0.6752072873202951131 ) ) ;
#3931 = CIRCLE ( 'NONE', #1029, 1.900000000000000577 ) ;
#3932 = CARTESIAN_POINT ( 'NONE',  ( -0.7582175745098806985, 3.679999999999999716, -0.6246150608697387252 ) ) ;
#3933 = VECTOR ( 'NONE', #5122, 1000.000000000000000 ) ;
#3934 = CARTESIAN_POINT ( 'NONE',  ( 0.006013678268503453578, 3.629999999999999893, -0.1124534229775779742 ) ) ;
#3935 = CARTESIAN_POINT ( 'NONE',  ( 1.294615062568520880, 3.629999999999999005, -0.08861185062333415408 ) ) ;
#3936 = AXIS2_PLACEMENT_3D ( 'NONE', #1095, #3073, #2096 ) ;
#3937 = CARTESIAN_POINT ( 'NONE',  ( -1.845906896655078455, 3.629999999999998561, 0.2647129949474436583 ) ) ;
#3938 = CARTESIAN_POINT ( 'NONE',  ( -0.2247824471850627670, 3.679999999999999272, 0.3515568068007467462 ) ) ;
#3939 = CARTESIAN_POINT ( 'NONE',  ( 1.898767742108139034, 3.679999999999998828, 0.5063086653902783008 ) ) ;
#3940 = MECHANICAL_DESIGN_GEOMETRIC_PRESENTATION_REPRESENTATION (  '', ( #5102 ), #74 ) ;
#3941 = CARTESIAN_POINT ( 'NONE',  ( -0.1202665386358931637, 3.630000000000000782, -0.6790097296763862866 ) ) ;
#3942 = CARTESIAN_POINT ( 'NONE',  ( 1.143716190667240618, 3.679999999999999716, 0.1404690945410504710 ) ) ;
#3943 = VERTEX_POINT ( 'NONE', #5465 ) ;
#3944 = CARTESIAN_POINT ( 'NONE',  ( 0.9342084931581020601, 3.680000000000000160, -0.7953408740158950385 ) ) ;
#3945 = CARTESIAN_POINT ( 'NONE',  ( -2.210332475577650779, 3.629999999999999893, -0.2669005383621932959 ) ) ;
#3946 = VECTOR ( 'NONE', #4253, 1000.000000000000000 ) ;
#3947 = CARTESIAN_POINT ( 'NONE',  ( 0.5968376935433973296, 3.630000000000000338, -0.7450563230951847693 ) ) ;
#3948 = LINE ( 'NONE', #2439, #2536 ) ;
#3949 = CARTESIAN_POINT ( 'NONE',  ( -1.435258673329490531, 3.630000000000000338, 0.4610298848402036853 ) ) ;
#3950 = CARTESIAN_POINT ( 'NONE',  ( -1.967950727819316903, 3.680000000000001492, 0.4491599537631996708 ) ) ;
#3951 = CARTESIAN_POINT ( 'NONE',  ( 0.5387237187771352076, 3.680000000000000160, -0.8903203986510361823 ) ) ;
#3952 = CARTESIAN_POINT ( 'NONE',  ( -0.1406716312237847877, 3.679999999999999716, -0.3137360208878448575 ) ) ;
#3953 = CARTESIAN_POINT ( 'NONE',  ( -1.733206565851625580, 3.680000000000001048, 0.3659948228766123357 ) ) ;
#3954 = CARTESIAN_POINT ( 'NONE',  ( 2.059248383284508321, 3.679999999999999272, -0.8176189923859367159 ) ) ;
#3955 = EDGE_CURVE ( 'NONE', #4418, #1034, #3416, .T. ) ;
#3956 = ADVANCED_FACE ( 'NONE', ( #6083 ), #3756, .T. ) ;
#3957 = ORIENTED_EDGE ( 'NONE', *, *, #4332, .T. ) ;
#3958 = CARTESIAN_POINT ( 'NONE',  ( -1.841293892287302336, 3.679999999999999272, 0.1723397817022250811 ) ) ;
#3959 = DIRECTION ( 'NONE',  ( 0.0000000000000000000, -0.0000000000000000000, 1.000000000000000000 ) ) ;
#3960 = CARTESIAN_POINT ( 'NONE',  ( 1.294475216730041733, 3.679999999999999272, -0.1124534229775779742 ) ) ;
#3961 =( NAMED_UNIT ( * ) SI_UNIT ( $, .STERADIAN. ) SOLID_ANGLE_UNIT ( ) );
#3962 = CARTESIAN_POINT ( 'NONE',  ( -1.205524783269958267, 3.629999999999999893, 0.5311763847147297213 ) ) ;
#3963 =( NAMED_UNIT ( * ) SI_UNIT ( $, .STERADIAN. ) SOLID_ANGLE_UNIT ( ) );
#3964 = ORIENTED_EDGE ( 'NONE', *, *, #1294, .T. ) ;
#3965 = B_SPLINE_CURVE_WITH_KNOTS ( 'NONE', 3,
 ( #3881, #343, #1368, #3816, #1330, #1817, #823, #3849, #3419, #2877, #2533, #6099, #1053, #684, #2727, #5676, #3132, #6230, #5345, #5944, #4272, #3275, #131, #5159, #2858, #5877, #1288 ),
 .UNSPECIFIED., .F., .F.,
 ( 4, 1, 1, 1, 1, 1, 1, 1, 1, 1, 1, 1, 1, 1, 1, 1, 1, 1, 1, 1, 1, 1, 1, 1, 4 ),
 ( 0.0000000000000000000, 0.06859462225874239649, 0.1332460424433008772, 0.1943125864682561099, 0.2512792231169660440, 0.3045134392563466630, 0.3542349066533249102, 0.4004805887739887882, 0.4434107549384916358, 0.4840148686163448510, 0.5232523007732028386, 0.5610423727283599948, 0.5979002393643998436, 0.6335184888561953276, 0.6683143511696512107, 0.7024956712863814623, 0.7366853535134583186, 0.7702931693607885100, 0.8034372550192491191, 0.8359129516660287473, 0.8684602457892905969, 0.9008465382431825041, 0.9334665246307076725, 0.9662575752981230615, 1.000000000000000000 ),
 .UNSPECIFIED. ) ;
#3966 = CARTESIAN_POINT ( 'NONE',  ( -0.8671985466692352373, 3.629999999999999449, -0.3306856961686310825 ) ) ;
#3967 = CARTESIAN_POINT ( 'NONE',  ( -2.647832475577650779, 3.629999999999999893, -0.5166000575929625693 ) ) ;
#3968 = CARTESIAN_POINT ( 'NONE',  ( -0.8785505147465176856, 3.629999999999999893, -0.09301922788581651336 ) ) ;
#3969 = CARTESIAN_POINT ( 'NONE',  ( -0.4760376276045700239, 3.630000000000000338, 0.6748878034458538622 ) ) ;
#3970 = SURFACE_STYLE_USAGE ( .BOTH. , #5000 ) ;
#3971 = CARTESIAN_POINT ( 'NONE',  ( -0.4997811554965366776, 3.679999999999999272, 0.6752334376781266023 ) ) ;
#3972 = CARTESIAN_POINT ( 'NONE',  ( -2.170140692546939309, 3.629999999999999449, -0.1122358743413936627 ) ) ;
#3973 = CARTESIAN_POINT ( 'NONE',  ( -1.305796857027121005, 3.680000000000000604, 0.4076457920328858675 ) ) ;
#3974 = CARTESIAN_POINT ( 'NONE',  ( 1.159044860627039819, 3.679999999999998384, -0.1803889511128611012 ) ) ;
#3975 = DIRECTION ( 'NONE',  ( 0.0000000000000000000, -1.000000000000000000, 0.0000000000000000000 ) ) ;
#3976 = CYLINDRICAL_SURFACE ( 'NONE', #1911, 2.500000000000000000 ) ;
#3977 = CARTESIAN_POINT ( 'NONE',  ( -1.840396706224930679, 3.680000000000000604, 0.2132868646379733335 ) ) ;
#3978 =( NAMED_UNIT ( * ) SI_UNIT ( $, .STERADIAN. ) SOLID_ANGLE_UNIT ( ) );
#3979 = CARTESIAN_POINT ( 'NONE',  ( -2.407102692009173595, 3.629999999999998561, -0.6950559528380712004 ) ) ;
#3980 = CYLINDRICAL_SURFACE ( 'NONE', #6383, 0.3000000000000000999 ) ;
#3981 = VERTEX_POINT ( 'NONE', #4176 ) ;
#3982 = ORIENTED_EDGE ( 'NONE', *, *, #5794, .T. ) ;
#3983 =( LENGTH_UNIT ( ) NAMED_UNIT ( * ) SI_UNIT ( .MILLI., .METRE. ) );
#3984 = CARTESIAN_POINT ( 'NONE',  ( 1.617165455832255905, 3.629999999999999893, 0.4615438759613893493 ) ) ;
#3985 = EDGE_CURVE ( 'NONE', #350, #595, #3620, .T. ) ;
#3986 = CARTESIAN_POINT ( 'NONE',  ( 1.294615795940383673, 3.630000000000000338, -0.1364951605779704535 ) ) ;
#3987 = B_SPLINE_SURFACE_WITH_KNOTS ( 'NONE', 3, 1, ( 
 ( #4791, #5501 ),
 ( #901, #5885 ),
 ( #5408, #689 ),
 ( #4907, #2769 ),
 ( #2234, #3504 ),
 ( #1495, #466 ),
 ( #4939, #3296 ),
 ( #3796, #1562 ),
 ( #4321, #2119 ),
 ( #1084, #2592 ),
 ( #5838, #2815 ),
 ( #4414, #5903 ),
 ( #1422, #3456 ),
 ( #1343, #840 ),
 ( #1545, #5614 ),
 ( #3621, #1028 ),
 ( #5654, #6514 ),
 ( #3990, #5285 ),
 ( #90, #2203 ) ),
 .UNSPECIFIED., .F., .F., .F.,
 ( 4, 1, 1, 1, 1, 1, 1, 1, 1, 1, 1, 1, 1, 1, 1, 1, 4 ),
 ( 2, 2 ),
 ( 0.0000000000000000000, 0.07855643335270223737, 0.1528628401420924487, 0.2235596934382873269, 0.2903749439782084552, 0.3554030728222039581, 0.4182911570440926430, 0.4803885637756457050, 0.5430726152062789192, 0.6049239444620945205, 0.6643983091132993346, 0.7219425547367022133, 0.7783748910546741673, 0.8338299406509399603, 0.8888612363188848065, 0.9440889395778864213, 1.000000000000000000 ),
 ( 0.0000000000000000000, 1.000000000000000000 ),
 .UNSPECIFIED. ) ;
#3988 = UNCERTAINTY_MEASURE_WITH_UNIT (LENGTH_MEASURE( 1.000000000000000082E-05 ), #379, 'distance_accuracy_value', 'NONE');
#3989 = CARTESIAN_POINT ( 'NONE',  ( -0.7756465888545878151, 3.629999999999999449, -0.6012999545053008266 ) ) ;
#3990 = CARTESIAN_POINT ( 'NONE',  ( -2.724337037430417663, 3.629999999999999893, 0.2267107318610907807 ) ) ;
#3991 = CARTESIAN_POINT ( 'NONE',  ( 1.035168914053854694, 3.679999999999998384, 0.4515117150197843765 ) ) ;
#3992 = CARTESIAN_POINT ( 'NONE',  ( -0.1505353338312132028, 3.629999999999999893, 0.1371035866993394192 ) ) ;
#3993 = VERTEX_POINT ( 'NONE', #2577 ) ;
#3994 = FILL_AREA_STYLE_COLOUR ( '', #170 ) ;
#3995 = CARTESIAN_POINT ( 'NONE',  ( -0.8758321625466505278, 3.680000000000000160, -0.2288744940549596874 ) ) ;
#3996 = CARTESIAN_POINT ( 'NONE',  ( -2.559060541861656102, 3.630000000000000782, -0.7486889594965148165 ) ) ;
#3997 = CARTESIAN_POINT ( 'NONE',  ( -0.8786017063468812838, 3.629999999999999893, -0.1130543845160394689 ) ) ;
#3998 = CARTESIAN_POINT ( 'NONE',  ( -0.4409135264922751651, 3.630000000000000338, 0.6703570112509498191 ) ) ;
#3999 = VERTEX_POINT ( 'NONE', #5726 ) ;
#4000 = CARTESIAN_POINT ( 'NONE',  ( 2.010789779477819117, 3.680000000000001492, 0.4404177906756158722 ) ) ;
#4001 =( NAMED_UNIT ( * ) PLANE_ANGLE_UNIT ( ) SI_UNIT ( $, .RADIAN. ) );
#4002 = CARTESIAN_POINT ( 'NONE',  ( 0.6540649983496172881, 3.680000000000000604, 0.6752334376781268244 ) ) ;
#4003 = AXIS2_PLACEMENT_3D ( 'NONE', #5332, #4322, #5232 ) ;
#4004 = EDGE_CURVE ( 'NONE', #898, #4317, #1137, .T. ) ;
#4005 = MECHANICAL_DESIGN_GEOMETRIC_PRESENTATION_REPRESENTATION (  '', ( #140 ), #3808 ) ;
#4006 = CARTESIAN_POINT ( 'NONE',  ( -1.935974647839606488, 3.680000000000001048, -0.6001791527998338038 ) ) ;
#4007 = CARTESIAN_POINT ( 'NONE',  ( -1.455524783269958267, 3.680000000000000160, 0.5311763847147297213 ) ) ;
#4008 = CARTESIAN_POINT ( 'NONE',  ( 0.6421314667300419554, 3.629999999999999893, 0.6754071539454989948 ) ) ;
#4009 = CARTESIAN_POINT ( 'NONE',  ( 0.9821577456687533569, 3.679999999999999716, 0.2234891935643789906 ) ) ;
#4010 = CARTESIAN_POINT ( 'NONE',  ( -2.305734253186059846, 3.629999999999999449, -0.7384392847446272778 ) ) ;
#4011 = AXIS2_PLACEMENT_3D ( 'NONE', #4543, #4054, #6239 ) ;
#4012 =( LENGTH_UNIT ( ) NAMED_UNIT ( * ) SI_UNIT ( .MILLI., .METRE. ) );
#4013 = VERTEX_POINT ( 'NONE', #3660 ) ;
#4014 =( NAMED_UNIT ( * ) PLANE_ANGLE_UNIT ( ) SI_UNIT ( $, .RADIAN. ) );
#4015 = EDGE_CURVE ( 'NONE', #5664, #4391, #1364, .T. ) ;
#4016 = CARTESIAN_POINT ( 'NONE',  ( -1.917063244808419720, 3.629999999999999893, -0.5175014999006547489 ) ) ;
#4017 =( GEOMETRIC_REPRESENTATION_CONTEXT ( 3 ) GLOBAL_UNCERTAINTY_ASSIGNED_CONTEXT ( ( #5707 ) ) GLOBAL_UNIT_ASSIGNED_CONTEXT ( ( #1183, #1249, #1830 ) ) REPRESENTATION_CONTEXT ( 'NONE', 'WORKASPACE' ) );
#4018 = CARTESIAN_POINT ( 'NONE',  ( 1.357125952235345823, 3.630000000000000338, -0.5713049426169535261 ) ) ;
#4019 = CARTESIAN_POINT ( 'NONE',  ( 1.900969711007855834, 3.629999999999999893, -0.8902646408155133750 ) ) ;
#4020 = CARTESIAN_POINT ( 'NONE',  ( -1.975771140830850703, 3.680000000000000160, -0.6574532601830143097 ) ) ;
#4021 = CARTESIAN_POINT ( 'NONE',  ( -0.4997851963371088835, 3.680000000000000604, -0.9013068593308645182 ) ) ;
#4022 =( GEOMETRIC_REPRESENTATION_CONTEXT ( 3 ) GLOBAL_UNCERTAINTY_ASSIGNED_CONTEXT ( ( #1560 ) ) GLOBAL_UNIT_ASSIGNED_CONTEXT ( ( #5490, #2808, #1879 ) ) REPRESENTATION_CONTEXT ( 'NONE', 'WORKASPACE' ) );
#4023 = ADVANCED_FACE ( 'NONE', ( #3111 ), #5221, .T. ) ;
#4024 = ORIENTED_EDGE ( 'NONE', *, *, #6412, .T. ) ;
#4025 = CARTESIAN_POINT ( 'NONE',  ( -3.249999999999999112, 3.680000000000000160, 0.0000000000000000000 ) ) ;
#4026 =( NAMED_UNIT ( * ) SI_UNIT ( $, .STERADIAN. ) SOLID_ANGLE_UNIT ( ) );
#4027 =( GEOMETRIC_REPRESENTATION_CONTEXT ( 3 ) GLOBAL_UNCERTAINTY_ASSIGNED_CONTEXT ( ( #3640 ) ) GLOBAL_UNIT_ASSIGNED_CONTEXT ( ( #4095, #2162, #2025 ) ) REPRESENTATION_CONTEXT ( 'NONE', 'WORKASPACE' ) );
#4028 = CARTESIAN_POINT ( 'NONE',  ( -2.645722656257900596, 3.630000000000001226, -0.5647166955704554514 ) ) ;
#4029 = FACE_OUTER_BOUND ( 'NONE', #1703, .T. ) ;
#4030 = ADVANCED_FACE ( 'NONE', ( #3324 ), #5356, .T. ) ;
#4031 = CARTESIAN_POINT ( 'NONE',  ( -0.06093335438874673132, 3.629999999999999449, 0.3371752162165860822 ) ) ;
#4032 = MECHANICAL_DESIGN_GEOMETRIC_PRESENTATION_REPRESENTATION (  '', ( #5534 ), #3606 ) ;
#4033 =( GEOMETRIC_REPRESENTATION_CONTEXT ( 3 ) GLOBAL_UNCERTAINTY_ASSIGNED_CONTEXT ( ( #4089 ) ) GLOBAL_UNIT_ASSIGNED_CONTEXT ( ( #4622, #543, #72 ) ) REPRESENTATION_CONTEXT ( 'NONE', 'WORKASPACE' ) );
#4034 = CARTESIAN_POINT ( 'NONE',  ( 2.116432233474674796, 3.630000000000000338, 0.5427442978721668254 ) ) ;
#4035 = CARTESIAN_POINT ( 'NONE',  ( -2.590140167885343292, 3.680000000000000604, 0.2168735000993451401 ) ) ;
#4036 = CARTESIAN_POINT ( 'NONE',  ( -2.099528255407584254, 3.629999999999999005, -0.1001434751858403249 ) ) ;
#4037 = CARTESIAN_POINT ( 'NONE',  ( -0.8332366303628698789, 3.629999999999999893, 0.2623444497358974337 ) ) ;
#4038 = CARTESIAN_POINT ( 'NONE',  ( -0.4574104777888859941, 3.630000000000000782, 0.5195081242649456366 ) ) ;
#4039 = CIRCLE ( 'NONE', #1370, 0.3000000000000000999 ) ;
#4040 = CARTESIAN_POINT ( 'NONE',  ( 0.5061596117295695807, 3.629999999999999893, 0.6550021155792764560 ) ) ;
#4041 = ADVANCED_FACE ( 'NONE', ( #2807 ), #3788, .T. ) ;
#4042 = CARTESIAN_POINT ( 'NONE',  ( -2.492622343216793102, 3.629999999999999449, -0.6035767066027705186 ) ) ;
#4043 =( GEOMETRIC_REPRESENTATION_CONTEXT ( 3 ) GLOBAL_UNCERTAINTY_ASSIGNED_CONTEXT ( ( #750 ) ) GLOBAL_UNIT_ASSIGNED_CONTEXT ( ( #2627, #4265, #136 ) ) REPRESENTATION_CONTEXT ( 'NONE', 'WORKASPACE' ) );
#4044 = CARTESIAN_POINT ( 'NONE',  ( -2.428781994808419942, 3.679999999999998828, -0.1986914037468087424 ) ) ;
#4045 = CARTESIAN_POINT ( 'NONE',  ( -2.066244302863889271, 3.630000000000000338, -0.08952027390430183917 ) ) ;
#4046 = CARTESIAN_POINT ( 'NONE',  ( 1.750916333249251444, 3.629999999999999893, 0.5190785959586220466 ) ) ;
#4047 = FACE_OUTER_BOUND ( 'NONE', #1285, .T. ) ;
#4048 = CARTESIAN_POINT ( 'NONE',  ( -2.724337037430417663, 3.680000000000000160, 0.2267107318610907807 ) ) ;
#4049 = UNCERTAINTY_MEASURE_WITH_UNIT (LENGTH_MEASURE( 1.000000000000000082E-05 ), #5413, 'distance_accuracy_value', 'NONE');
#4050 = FILL_AREA_STYLE ('',( #2381 ) ) ;
#4051 = CARTESIAN_POINT ( 'NONE',  ( 1.055855982376287860, 3.629999999999998561, 0.4158690181570811051 ) ) ;
#4052 = CARTESIAN_POINT ( 'NONE',  ( -0.3091027969057772440, 3.679999999999999716, -0.8546058829506907317 ) ) ;
#4053 = EDGE_LOOP ( 'NONE', ( #2173, #4656, #2714, #5278 ) ) ;
#4054 = DIRECTION ( 'NONE',  ( 0.0000000000000000000, 1.000000000000000000, 0.0000000000000000000 ) ) ;
#4055 = CARTESIAN_POINT ( 'NONE',  ( 0.2211655096870343007, 3.680000000000001048, 0.3857951688362202813 ) ) ;
#4056 = CARTESIAN_POINT ( 'NONE',  ( -0.8786017063468812838, 3.629999999999999893, -0.1130543845160394689 ) ) ;
#4057 = CARTESIAN_POINT ( 'NONE',  ( 2.261811681937100360, 3.630000000000001226, -0.5200272577096723969 ) ) ;
#4058 = CARTESIAN_POINT ( 'NONE',  ( 1.934653676973346226, 3.630000000000000782, 0.6545537366480599362 ) ) ;
#4059 = EDGE_LOOP ( 'NONE', ( #3191, #2319, #1801, #6506 ) ) ;
#4060 =( NAMED_UNIT ( * ) SI_UNIT ( $, .STERADIAN. ) SOLID_ANGLE_UNIT ( ) );
#4061 = CARTESIAN_POINT ( 'NONE',  ( -2.593740174699394441, 3.679999999999999272, -0.3369735288511468418 ) ) ;
#4062 = CARTESIAN_POINT ( 'NONE',  ( -0.8072030758356451008, 3.679999999999999272, 0.3224517141456209046 ) ) ;
#4063 = CARTESIAN_POINT ( 'NONE',  ( -0.8786017063468812838, 3.680000000000001492, -0.1130543845160394689 ) ) ;
#4064 = CARTESIAN_POINT ( 'NONE',  ( -0.8259915186628964401, 3.629999999999999449, -0.7713745073540293484 ) ) ;
#4065 = SURFACE_SIDE_STYLE ('',( #4128 ) ) ;
#4066 = CARTESIAN_POINT ( 'NONE',  ( 2.176630402192736735, 3.629999999999999893, -0.2180024922135022358 ) ) ;
#4067 = CARTESIAN_POINT ( 'NONE',  ( -2.210332475577650779, 3.680000000000000160, -0.2669005383621932959 ) ) ;
#4068 = CARTESIAN_POINT ( 'NONE',  ( -0.1785042091823280108, 3.680000000000000160, -0.4753088270986000063 ) ) ;
#4069 = DIRECTION ( 'NONE',  ( -0.0000000000000000000, 1.000000000000000000, -0.0000000000000000000 ) ) ;
#4070 = ORIENTED_EDGE ( 'NONE', *, *, #3630, .T. ) ;
#4071 = ORIENTED_EDGE ( 'NONE', *, *, #490, .F. ) ;
#4072 = CARTESIAN_POINT ( 'NONE',  ( 0.3278546351832568040, 3.629999999999999005, -0.7713745073540296815 ) ) ;
#4073 = DIRECTION ( 'NONE',  ( 0.0000000000000000000, 1.000000000000000000, 0.0000000000000000000 ) ) ;
#4074 = CARTESIAN_POINT ( 'NONE',  ( -0.5468721322950118591, 3.679999999999997051, 0.6748131893471167597 ) ) ;
#4075 = DIRECTION ( 'NONE',  ( -0.0000000000000000000, 1.000000000000000000, -0.0000000000000000000 ) ) ;
#4076 = CARTESIAN_POINT ( 'NONE',  ( 0.7808075231271917049, 3.629999999999999005, 0.6545537366480597141 ) ) ;
#4077 = CARTESIAN_POINT ( 'NONE',  ( 0.6958467298172861248, 3.680000000000002824, -0.7450596256095285419 ) ) ;
#4078 = CARTESIAN_POINT ( 'NONE',  ( -0.4409867459907084175, 3.680000000000001492, -0.8968951221427712284 ) ) ;
#4079 = ORIENTED_EDGE ( 'NONE', *, *, #1660, .F. ) ;
#4080 = EDGE_CURVE ( 'NONE', #3150, #3151, #3472, .T. ) ;
#4081 = CARTESIAN_POINT ( 'NONE',  ( 0.1490534990541879656, 3.680000000000000160, 0.08899704713222957031 ) ) ;
#4082 = CARTESIAN_POINT ( 'NONE',  ( -0.8259915186628964401, 3.629999999999999449, -0.7713745073540293484 ) ) ;
#4083 = DIRECTION ( 'NONE',  ( -0.0000000000000000000, 1.000000000000000000, -0.0000000000000000000 ) ) ;
#4084 = FILL_AREA_STYLE ('',( #4610 ) ) ;
#4085 = CARTESIAN_POINT ( 'NONE',  ( -1.213588747263981027, 3.630000000000000338, 0.5793788230313414722 ) ) ;
#4086 = CARTESIAN_POINT ( 'NONE',  ( 0.3330548507233386246, 3.630000000000000338, 0.2934797648053331098 ) ) ;
#4087 = ORIENTED_EDGE ( 'NONE', *, *, #88, .F. ) ;
#4088 = CARTESIAN_POINT ( 'NONE',  ( -1.865299671710039853, 3.629999999999999893, 0.3226654631765430992 ) ) ;
#4089 = UNCERTAINTY_MEASURE_WITH_UNIT (LENGTH_MEASURE( 1.000000000000000082E-05 ), #4622, 'distance_accuracy_value', 'NONE');
#4090 = EDGE_CURVE ( 'NONE', #3041, #3233, #2703, .T. ) ;
#4091 = FILL_AREA_STYLE_COLOUR ( '', #3619 ) ;
#4092 = CARTESIAN_POINT ( 'NONE',  ( 3.249999999999999112, 3.680000000000000160, 8.673617379884039416E-16 ) ) ;
#4093 = CARTESIAN_POINT ( 'NONE',  ( -0.1853925717314967025, 3.629999999999999893, 0.2640489808685759221 ) ) ;
#4094 = CARTESIAN_POINT ( 'NONE',  ( -1.995488725577650557, 3.680000000000000160, -0.1986914037468087424 ) ) ;
#4095 =( LENGTH_UNIT ( ) NAMED_UNIT ( * ) SI_UNIT ( .MILLI., .METRE. ) );
#4096 = CARTESIAN_POINT ( 'NONE',  ( -1.938819894942310329, 3.630000000000001226, -0.4258467256898012532 ) ) ;
#4097 = CARTESIAN_POINT ( 'NONE',  ( -0.2762370783023815335, 3.680000000000001048, -0.6448659319547211943 ) ) ;
#4098 = DIRECTION ( 'NONE',  ( -0.0000000000000000000, 1.000000000000000000, -0.0000000000000000000 ) ) ;
#4099 = B_SPLINE_CURVE_WITH_KNOTS ( 'NONE', 3,
 ( #6161, #504, #2021, #5636, #2628, #3600, #4589, #4556, #2996, #6069, #1608 ),
 .UNSPECIFIED., .F., .F.,
 ( 4, 1, 1, 1, 1, 1, 1, 1, 4 ),
 ( 0.0000000000000000000, 0.1192834503733711249, 0.2370928820686308280, 0.3547960442151273375, 0.4745763009408493494, 0.5974600658149763488, 0.7249261546156139380, 0.8588831991927642351, 1.000000000000000000 ),
 .UNSPECIFIED. ) ;
#4100 = STYLED_ITEM ( 'NONE', ( #185 ), #6296 ) ;
#4101 = CARTESIAN_POINT ( 'NONE',  ( -2.134146874797579141, 3.680000000000000160, -0.1075646159804556218 ) ) ;
#4102 = CARTESIAN_POINT ( 'NONE',  ( -2.207027187116112010, 3.679999999999999272, -0.1130543845160394689 ) ) ;
#4103 = CARTESIAN_POINT ( 'NONE',  ( -0.7978554860400427495, 3.679999999999996163, 0.5710793898188217810 ) ) ;
#4104 = CARTESIAN_POINT ( 'NONE',  ( -2.626305647902317908, 3.680000000000000160, 0.4950711452367149157 ) ) ;
#4105 = FILL_AREA_STYLE_COLOUR ( '', #2553 ) ;
#4106 = LINE ( 'NONE', #2204, #4659 ) ;
#4107 = CARTESIAN_POINT ( 'NONE',  ( -2.512922505142648699, 3.679999999999999716, -0.5066621881262221017 ) ) ;
#4108 = VERTEX_POINT ( 'NONE', #4744 ) ;
#4109 = ORIENTED_EDGE ( 'NONE', *, *, #4294, .F. ) ;
#4110 = CARTESIAN_POINT ( 'NONE',  ( 0.7919917040115268536, 3.680000000000001048, 0.4863931484772730518 ) ) ;
#4111 = B_SPLINE_CURVE_WITH_KNOTS ( 'NONE', 3,
 ( #4856, #4759, #165, #5775, #1316, #3363, #2686, #5364, #6303, #1186, #2820 ),
 .UNSPECIFIED., .F., .F.,
 ( 4, 1, 1, 1, 1, 1, 1, 1, 4 ),
 ( 0.0000000000000000000, 0.1290969581672246347, 0.2520459672599794088, 0.3739049644019969976, 0.5010378352202026209, 0.6281707060384095209, 0.7513764634091928407, 0.8724260133704554443, 1.000000000000000000 ),
 .UNSPECIFIED. ) ;
#4112 = CARTESIAN_POINT ( 'NONE',  ( -0.9156711912825006294, 3.630000000000000338, -0.6480204730380642042 ) ) ;
#4113 = CARTESIAN_POINT ( 'NONE',  ( -2.422176812035625737, 3.630000000000000338, -0.05767416473304813607 ) ) ;
#4114 = ADVANCED_FACE ( 'NONE', ( #152 ), #2726, .T. ) ;
#4115 = COLOUR_RGB ( '',0.7686274509803920907, 0.7686274509803920907, 0.7686274509803920907 ) ;
#4116 = CARTESIAN_POINT ( 'NONE',  ( 0.6466386782685031864, 3.629999999999999893, -0.7476697691314242444 ) ) ;
#4117 = CARTESIAN_POINT ( 'NONE',  ( 0.3096830872545680013, 3.680000000000000160, 0.2282353880053845652 ) ) ;
#4118 = VERTEX_POINT ( 'NONE', #1999 ) ;
#4119 = CARTESIAN_POINT ( 'NONE',  ( -1.988318764303742103, 3.629999999999999449, 0.6353617061726231086 ) ) ;
#4120 = CARTESIAN_POINT ( 'NONE',  ( -1.706356804743639488, 3.629999999999998117, 0.1693378280285405546 ) ) ;
#4121 = CARTESIAN_POINT ( 'NONE',  ( -1.917291200914217342, 3.679999999999999716, -0.5246278010085893007 ) ) ;
#4122 = PRESENTATION_LAYER_ASSIGNMENT (  '', '', ( #3597 ) ) ;
#4123 = AXIS2_PLACEMENT_3D ( 'NONE', #4476, #1972, #1444 ) ;
#4124 = CARTESIAN_POINT ( 'NONE',  ( 2.229011506011892241, 3.679999999999997495, 0.3778688117300690874 ) ) ;
#4125 = CARTESIAN_POINT ( 'NONE',  ( -0.2484439244077995823, 3.630000000000000338, -0.8176189923859366049 ) ) ;
#4126 = CARTESIAN_POINT ( 'NONE',  ( -0.7396309919109046449, 3.680000000000000160, 0.4193193746620746953 ) ) ;
#4127 = AXIS2_PLACEMENT_3D ( 'NONE', #3768, #1802, #3837 ) ;
#4128 = SURFACE_STYLE_FILL_AREA ( #6594 ) ;
#4129 = CIRCLE ( 'NONE', #3831, 0.3000000000000000999 ) ;
#4130 = CARTESIAN_POINT ( 'NONE',  ( 0.1891117293227000951, 3.679999999999997495, 0.3024496666069836359 ) ) ;
#4131 = CARTESIAN_POINT ( 'NONE',  ( -1.926004834460362636, 3.629999999999998561, -0.4561039940412952021 ) ) ;
#4132 = CARTESIAN_POINT ( 'NONE',  ( -0.2062439790918992877, 3.680000000000000160, -0.5412721588969223729 ) ) ;
#4133 = CARTESIAN_POINT ( 'NONE',  ( 2.439999999999999947, 0.05000000000000000278, 0.0000000000000000000 ) ) ;
#4134 = MECHANICAL_DESIGN_GEOMETRIC_PRESENTATION_REPRESENTATION (  '', ( #2218 ), #3407 ) ;
#4135 = DIRECTION ( 'NONE',  ( -1.000000000000000000, 0.0000000000000000000, 0.0000000000000000000 ) ) ;
#4136 = SURFACE_STYLE_USAGE ( .BOTH. , #2060 ) ;
#4137 = CARTESIAN_POINT ( 'NONE',  ( -0.5468721322950118591, 3.630000000000000338, 0.6748131893471167597 ) ) ;
#4138 = CARTESIAN_POINT ( 'NONE',  ( -2.096016666882061674, 3.680000000000000160, 0.6663595819604554160 ) ) ;
#4139 = COLOUR_RGB ( '',0.7686274509803920907, 0.7686274509803920907, 0.7686274509803920907 ) ;
#4140 = EDGE_CURVE ( 'NONE', #953, #453, #6264, .T. ) ;
#4141 = CARTESIAN_POINT ( 'NONE',  ( 2.310031120884048939, 3.630000000000000338, -0.2460548328160465370 ) ) ;
#4142 = CARTESIAN_POINT ( 'NONE',  ( -1.013217090962265976, 3.680000000000000160, -0.1124534229775779742 ) ) ;
#4143 = CARTESIAN_POINT ( 'NONE',  ( 0.005198706780885681625, 3.679999999999999272, -0.1803889511128611012 ) ) ;
#4144 = CARTESIAN_POINT ( 'NONE',  ( 1.018231287850013267, 3.630000000000001226, -0.2670601040317102659 ) ) ;
#4145 = ORIENTED_EDGE ( 'NONE', *, *, #1346, .T. ) ;
#4146 = CARTESIAN_POINT ( 'NONE',  ( 0.7919917040115268536, 3.630000000000000782, 0.4863931484772730518 ) ) ;
#4147 = FILL_AREA_STYLE ('',( #96 ) ) ;
#4148 = DIRECTION ( 'NONE',  ( -0.0000000000000000000, -1.000000000000000000, -0.0000000000000000000 ) ) ;
#4149 = SURFACE_STYLE_USAGE ( .BOTH. , #5589 ) ;
#4150 = CARTESIAN_POINT ( 'NONE',  ( 0.2752956390996363356, 3.680000000000000160, -0.09301922788581651336 ) ) ;
#4151 = ORIENTED_EDGE ( 'NONE', *, *, #2507, .T. ) ;
#4152 = EDGE_LOOP ( 'NONE', ( #1005, #3158, #608, #122 ) ) ;
#4153 = CARTESIAN_POINT ( 'NONE',  ( -2.061488893931911370, 3.679999999999999716, 0.4980918313847539913 ) ) ;
#4154 = CARTESIAN_POINT ( 'NONE',  ( -1.946950274170215378, 3.679999999999998828, -0.6196966094081515219 ) ) ;
#4155 = CARTESIAN_POINT ( 'NONE',  ( 2.313705985960811340, 3.629999999999999893, -0.1124534229775779742 ) ) ;
#4156 = CARTESIAN_POINT ( 'NONE',  ( -0.4760611925246728826, 3.679999999999997051, -0.9008910975147440547 ) ) ;
#4157 = CARTESIAN_POINT ( 'NONE',  ( 1.784147286011085853, 3.629999999999999005, 0.6752072873202951131 ) ) ;
#4158 = CARTESIAN_POINT ( 'NONE',  ( -3.249999999999999112, 0.0000000000000000000, 0.0000000000000000000 ) ) ;
#4159 = CARTESIAN_POINT ( 'NONE',  ( -0.7396309919109046449, 3.680000000000001492, 0.4193193746620746953 ) ) ;
#4160 = CARTESIAN_POINT ( 'NONE',  ( -0.9653745465186062136, 3.629999999999999005, -0.5282583504129449992 ) ) ;
#4161 = B_SPLINE_SURFACE_WITH_KNOTS ( 'NONE', 3, 1, ( 
 ( #2616, #3894 ),
 ( #3359, #202 ),
 ( #3861, #4390 ),
 ( #6362, #1856 ),
 ( #1248, #5871 ),
 ( #3395, #1213 ),
 ( #5837, #3331 ),
 ( #5902, #5430 ),
 ( #2280, #3295 ),
 ( #5331, #1342 ),
 ( #2249, #839 ) ),
 .UNSPECIFIED., .F., .F., .F.,
 ( 4, 1, 1, 1, 1, 1, 1, 1, 4 ),
 ( 2, 2 ),
 ( 0.0000000000000000000, 0.1277566033101289467, 0.2494143553365296972, 0.3727964764553964860, 0.5001113325158565992, 0.6286099407651081217, 0.7506433738258059263, 0.8737683791425153723, 1.000000000000000000 ),
 ( 0.0000000000000000000, 1.000000000000000000 ),
 .UNSPECIFIED. ) ;
#4162 = CARTESIAN_POINT ( 'NONE',  ( 2.110829782753117279, 3.629999999999999893, 0.2949889125815164936 ) ) ;
#4163 = CARTESIAN_POINT ( 'NONE',  ( 0.3099517294271078027, 3.680000000000000604, -0.4549501504519899986 ) ) ;
#4164 = FILL_AREA_STYLE ('',( #4593 ) ) ;
#4165 = CARTESIAN_POINT ( 'NONE',  ( -1.955281257697915276, 3.680000000000000160, -0.3956960450078201297 ) ) ;
#4166 = DIRECTION ( 'NONE',  ( 0.0000000000000000000, 0.0000000000000000000, 1.000000000000000000 ) ) ;
#4167 = CARTESIAN_POINT ( 'NONE',  ( -0.1292987679133706935, 3.629999999999999449, -0.1663518433583049405 ) ) ;
#4168 = LINE ( 'NONE', #1679, #1579 ) ;
#4169 = ORIENTED_EDGE ( 'NONE', *, *, #3429, .F. ) ;
#4170 = CARTESIAN_POINT ( 'NONE',  ( -3.249999999999999112, 3.680000000000000160, 0.0000000000000000000 ) ) ;
#4171 = CARTESIAN_POINT ( 'NONE',  ( -2.034319498199139264, 3.630000000000000338, -0.07601320446763121241 ) ) ;
#4172 = CARTESIAN_POINT ( 'NONE',  ( -2.220366809498420579, 3.629999999999999893, -0.1128171096443464083 ) ) ;
#4173 = CARTESIAN_POINT ( 'NONE',  ( -0.6476865421165846071, 3.630000000000000782, 0.6550021155792764560 ) ) ;
#4174 = CARTESIAN_POINT ( 'NONE',  ( -2.724755552500727429, 3.680000000000000160, 0.2123662885608836037 ) ) ;
#4175 = B_SPLINE_CURVE_WITH_KNOTS ( 'NONE', 3,
 ( #104, #2186, #4266, #6270, #3206, #3807, #1634, #6227, #5785, #6195, #1710, #1742, #1262, #2259, #5239 ),
 .UNSPECIFIED., .F., .F.,
 ( 4, 1, 1, 1, 1, 1, 1, 1, 1, 1, 1, 1, 4 ),
 ( 0.0000000000000000000, 0.08940971111013541750, 0.1763057644831057535, 0.2626259021834186913, 0.3494457264756541948, 0.4354982637429555825, 0.5189281301037151906, 0.6013546565787410980, 0.6842564217184169406, 0.7658067397968333356, 0.8448768657103882251, 0.9222797948488749009, 1.000000000000000000 ),
 .UNSPECIFIED. ) ;
#4176 = CARTESIAN_POINT ( 'NONE',  ( -3.250000000000001332, 0.5000000000000000000, -2.499999999999999112 ) ) ;
#4177 = CARTESIAN_POINT ( 'NONE',  ( 0.9290637066610912820, 3.680000000000000160, 0.3515568068007469127 ) ) ;
#4178 = CARTESIAN_POINT ( 'NONE',  ( -2.210332475577650779, 3.680000000000000160, -0.2669005383621932959 ) ) ;
#4179 = ORIENTED_EDGE ( 'NONE', *, *, #5794, .F. ) ;
#4180 = ADVANCED_FACE ( 'NONE', ( #3104 ), #694, .T. ) ;
#4181 = CARTESIAN_POINT ( 'NONE',  ( 0.3046805430586224106, 3.680000000000000160, 0.5194846612542902697 ) ) ;
#4182 = CARTESIAN_POINT ( 'NONE',  ( -2.528452020050040883, 3.629999999999999005, 0.03687025574661762645 ) ) ;
#4183 = B_SPLINE_CURVE_WITH_KNOTS ( 'NONE', 3,
 ( #5833, #1310, #2813, #4851, #3792, #2312, #1340, #3392, #5428, #837, #4922, #4377, #5320, #5860, #3884, #1273, #254, #5889, #2699, #5797, #378, #2050, #5782 ),
 .UNSPECIFIED., .F., .F.,
 ( 4, 1, 1, 1, 1, 1, 1, 1, 1, 1, 1, 1, 1, 1, 1, 1, 1, 1, 1, 1, 4 ),
 ( 0.0000000000000000000, 0.07295106587586659697, 0.1415836941865451504, 0.2059264601708670761, 0.2653013571846054575, 0.3205972327139284261, 0.3718165030988104802, 0.4187897697094520866, 0.4616987286157646087, 0.5021335821035656233, 0.5408043152926482744, 0.5781805253279663770, 0.6142968652075148084, 0.6496782432647875138, 0.6842994600896377122, 0.7183589527723610590, 0.7520808646475968251, 0.8176524386023859003, 0.8797220764054376474, 0.9399655597309876098, 1.000000000000000000 ),
 .UNSPECIFIED. ) ;
#4184 = CARTESIAN_POINT ( 'NONE',  ( 0.6540609575090451377, 3.679999999999997051, -0.9013068593308644072 ) ) ;
#4185 = ORIENTED_EDGE ( 'NONE', *, *, #31, .T. ) ;
#4186 = CARTESIAN_POINT ( 'NONE',  ( -2.134464899798821591, 3.679999999999998828, 0.5161317615993739061 ) ) ;
#4187 = CARTESIAN_POINT ( 'NONE',  ( 0.9753419446638262880, 3.680000000000000160, -0.4753088270986000619 ) ) ;
#4188 = CARTESIAN_POINT ( 'NONE',  ( -2.087681621405824473, 3.630000000000000782, -0.7302570003594037740 ) ) ;
#4189 = CARTESIAN_POINT ( 'NONE',  ( -0.1286017063468814781, 3.680000000000000160, -0.1130543845160394689 ) ) ;
#4190 = CARTESIAN_POINT ( 'NONE',  ( -0.06168933435774014151, 3.679999999999997939, -0.5642831114839579332 ) ) ;
#4191 =( LENGTH_UNIT ( ) NAMED_UNIT ( * ) SI_UNIT ( .MILLI., .METRE. ) );
#4192 = CARTESIAN_POINT ( 'NONE',  ( -1.330524783269958267, 3.629999999999999893, 0.6561763847147297213 ) ) ;
#4193 = CARTESIAN_POINT ( 'NONE',  ( -0.5237111529772287000, 3.680000000000001048, 0.5207344913679607945 ) ) ;
#4194 = CARTESIAN_POINT ( 'NONE',  ( -0.8738676024179227175, 3.630000000000001226, -0.7145689256493737984 ) ) ;
#4195 = CARTESIAN_POINT ( 'NONE',  ( 0.2925598652771584929, 3.679999999999999716, -0.3759940567165691583 ) ) ;
#4196 = CARTESIAN_POINT ( 'NONE',  ( -0.07868080168041668987, 3.630000000000001226, 0.3778688117300688654 ) ) ;
#4197 = DIRECTION ( 'NONE',  ( -0.0000000000000000000, -1.000000000000000000, -0.0000000000000000000 ) ) ;
#4198 = CARTESIAN_POINT ( 'NONE',  ( -0.2386285501897363881, 3.679999999999998384, -0.5978657301826300063 ) ) ;
#4199 = EDGE_CURVE ( 'NONE', #41, #3011, #1247, .T. ) ;
#4200 = CARTESIAN_POINT ( 'NONE',  ( -2.439999999999999947, -3.499999999999999556, 0.0000000000000000000 ) ) ;
#4201 = CARTESIAN_POINT ( 'NONE',  ( -2.487034726546631713, 3.630000000000000338, 0.4356009502053674876 ) ) ;
#4202 = CARTESIAN_POINT ( 'NONE',  ( -2.239879756257872501, 3.629999999999999893, -0.2675698430699318675 ) ) ;
#4203 = CARTESIAN_POINT ( 'NONE',  ( 1.627526126571453124, 3.680000000000000160, -0.8692769918086846737 ) ) ;
#4204 = CARTESIAN_POINT ( 'NONE',  ( -0.9496707115884888140, 3.630000000000000338, 0.3458017785468924798 ) ) ;
#4205 = B_SPLINE_SURFACE_WITH_KNOTS ( 'NONE', 3, 1, ( 
 ( #3745, #581 ),
 ( #6088, #3042 ),
 ( #489, #1171 ),
 ( #4235, #4577 ),
 ( #627, #190 ),
 ( #1681, #1517 ),
 ( #5720, #114 ),
 ( #4201, #2165 ),
 ( #692, #2734 ),
 ( #2670, #2237 ),
 ( #4281, #4705 ),
 ( #6285, #6238 ),
 ( #3216, #5248 ),
 ( #656, #2514 ),
 ( #1720, #6316 ) ),
 .UNSPECIFIED., .F., .F., .F.,
 ( 4, 1, 1, 1, 1, 1, 1, 1, 1, 1, 1, 1, 4 ),
 ( 2, 2 ),
 ( 0.0000000000000000000, 0.07489820792759543933, 0.1485962943439403383, 0.2244712347857281409, 0.3023227423595716279, 0.3819186179896837396, 0.4611486955215898242, 0.5424171227241532112, 0.6267160830665704507, 0.7145968311855375177, 0.8049029203553207390, 0.9001272540718597837, 1.000000000000000000 ),
 ( 0.0000000000000000000, 1.000000000000000000 ),
 .UNSPECIFIED. ) ;
#4206 = CARTESIAN_POINT ( 'NONE',  ( 2.313705985960811340, 3.629999999999999893, -0.1124534229775779742 ) ) ;
#4207 = VECTOR ( 'NONE', #5928, 1000.000000000000000 ) ;
#4208 = CARTESIAN_POINT ( 'NONE',  ( 0.6777849613214811386, 3.629999999999999893, -0.9008910975147441658 ) ) ;
#4209 = AXIS2_PLACEMENT_3D ( 'NONE', #3651, #2539, #6596 ) ;
#4210 = ORIENTED_EDGE ( 'NONE', *, *, #1461, .T. ) ;
#4211 = CARTESIAN_POINT ( 'NONE',  ( -2.399712439255192287, 3.679999999999997495, -0.3252029619390430226 ) ) ;
#4212 = CARTESIAN_POINT ( 'NONE',  ( -0.8204698569020218990, 3.680000000000001492, -0.5201775989611073792 ) ) ;
#4213 = CARTESIAN_POINT ( 'NONE',  ( -0.1421510342243152147, 3.680000000000000160, 0.09106425096286438481 ) ) ;
#4214 = ADVANCED_FACE ( 'NONE', ( #2235 ), #4252, .T. ) ;
#4215 = CARTESIAN_POINT ( 'NONE',  ( -1.865327085811269603, 3.680000000000000160, -0.2947803200899464238 ) ) ;
#4216 = CARTESIAN_POINT ( 'NONE',  ( 0.7128594078554456592, 3.679999999999998828, -0.8968951221427710063 ) ) ;
#4217 = STYLED_ITEM ( 'NONE', ( #3882 ), #219 ) ;
#4218 = ORIENTED_EDGE ( 'NONE', *, *, #4904, .T. ) ;
#4219 = CARTESIAN_POINT ( 'NONE',  ( -2.579201065969933371, 3.629999999999998561, 0.2965672832810952730 ) ) ;
#4220 = CARTESIAN_POINT ( 'NONE',  ( -2.040344379191924684, 3.679999999999999716, 0.6533985028547378837 ) ) ;
#4221 = UNCERTAINTY_MEASURE_WITH_UNIT (LENGTH_MEASURE( 1.000000000000000082E-05 ), #4722, 'distance_accuracy_value', 'NONE');
#4222 = CARTESIAN_POINT ( 'NONE',  ( 0.3046805430586224106, 3.629999999999999893, 0.5194846612542902697 ) ) ;
#4223 = PRESENTATION_STYLE_ASSIGNMENT (( #613 ) ) ;
#4224 = VECTOR ( 'NONE', #312, 1000.000000000000000 ) ;
#4225 = FILL_AREA_STYLE_COLOUR ( '', #3904 ) ;
#4226 = EDGE_CURVE ( 'NONE', #3568, #2715, #5482, .T. ) ;
#4227 = CARTESIAN_POINT ( 'NONE',  ( -0.7416223691204859580, 3.680000000000001048, -0.8374630178629562938 ) ) ;
#4228 = AXIS2_PLACEMENT_3D ( 'NONE', #2199, #2701, #5826 ) ;
#4229 = DIRECTION ( 'NONE',  ( 0.0000000000000000000, 7.316535296081919236E-13, 1.000000000000000000 ) ) ;
#4230 = SURFACE_STYLE_FILL_AREA ( #5852 ) ;
#4231 =( LENGTH_UNIT ( ) NAMED_UNIT ( * ) SI_UNIT ( .MILLI., .METRE. ) );
#4232 = CARTESIAN_POINT ( 'NONE',  ( -0.2966818095070309913, 3.679999999999997495, -0.6649389182869539505 ) ) ;
#4233 = AXIS2_PLACEMENT_3D ( 'NONE', #5010, #5550, #3449 ) ;
#4234 = CARTESIAN_POINT ( 'NONE',  ( -2.655224543337770804, 3.679999999999998828, -0.01744475009675720487 ) ) ;
#4235 = CARTESIAN_POINT ( 'NONE',  ( -2.579201065969933371, 3.629999999999998561, 0.2965672832810952730 ) ) ;
#4236 = CARTESIAN_POINT ( 'NONE',  ( 1.783894578363168781, 3.629999999999999893, -0.7467991491397442116 ) ) ;
#4237 = COLOUR_RGB ( '',0.8313725490196077761, 0.6705882352941175961, 0.1294117647058823373 ) ;
#4238 = COLOUR_RGB ( '',0.0000000000000000000, 0.0000000000000000000, 0.0000000000000000000 ) ;
#4239 = DIRECTION ( 'NONE',  ( -1.032952017841874519E-13, 1.000000000000000000, -3.901954910096105477E-15 ) ) ;
#4240 = PRESENTATION_LAYER_ASSIGNMENT (  '', '', ( #2751 ) ) ;
#4241 = CARTESIAN_POINT ( 'NONE',  ( -1.917743661110502762, 3.629999999999999005, -0.5387724872708751223 ) ) ;
#4242 = CARTESIAN_POINT ( 'NONE',  ( 1.982725832262917320, 3.679999999999999716, 0.4628442175833042960 ) ) ;
#4243 = CARTESIAN_POINT ( 'NONE',  ( -2.588396768308254270, 3.680000000000000160, 0.2570688241593929724 ) ) ;
#4244 = CARTESIAN_POINT ( 'NONE',  ( 0.6540609575090451377, 3.629999999999999449, -0.9013068593308644072 ) ) ;
#4245 = CARTESIAN_POINT ( 'NONE',  ( 0.6466386782685031864, 3.630000000000000782, 0.5215610000993451401 ) ) ;
#4246 = ORIENTED_EDGE ( 'NONE', *, *, #4140, .T. ) ;
#4247 = CARTESIAN_POINT ( 'NONE',  ( -2.239879756257872501, 3.679999999999997051, -0.2675698430699318675 ) ) ;
#4248 = CARTESIAN_POINT ( 'NONE',  ( 1.025244447499272793, 3.629999999999999893, -0.1130543845160394689 ) ) ;
#4249 = CARTESIAN_POINT ( 'NONE',  ( 1.446705722199193023, 3.679999999999995719, 0.1491009936429824323 ) ) ;
#4250 = COLOUR_RGB ( '',0.7686274509803920907, 0.7686274509803920907, 0.7686274509803920907 ) ;
#4251 = EDGE_CURVE ( 'NONE', #3233, #5126, #3330, .T. ) ;
#4252 = B_SPLINE_SURFACE_WITH_KNOTS ( 'NONE', 3, 1, ( 
 ( #4279, #287 ),
 ( #3720, #5756 ),
 ( #1168, #3973 ),
 ( #4968, #1465 ),
 ( #1366, #819 ),
 ( #3376, #4908 ),
 ( #2368, #316 ),
 ( #5453, #3415 ),
 ( #4466, #1327 ),
 ( #4432, #3507 ),
 ( #3473, #5409 ) ),
 .UNSPECIFIED., .F., .F., .F.,
 ( 4, 1, 1, 1, 1, 1, 1, 1, 4 ),
 ( 2, 2 ),
 ( 0.0000000000000000000, 0.1275189266999433302, 0.2499859477488059756, 0.3717923515057519612, 0.4988703527764725698, 0.6259483540471936225, 0.7484917380160556188, 0.8709587590649183753, 1.000000000000000000 ),
 ( 0.0000000000000000000, 1.000000000000000000 ),
 .UNSPECIFIED. ) ;
#4253 = DIRECTION ( 'NONE',  ( -0.0000000000000000000, 1.000000000000000000, -0.0000000000000000000 ) ) ;
#4254 = CARTESIAN_POINT ( 'NONE',  ( -1.834887591174417132, 3.629999999999998117, -0.3327438190655423456 ) ) ;
#4255 = CIRCLE ( 'NONE', #1047, 0.5000000000000000000 ) ;
#4256 = CARTESIAN_POINT ( 'NONE',  ( 1.133742048311195294, 3.629999999999999005, -0.4213105659790586377 ) ) ;
#4257 = EDGE_LOOP ( 'NONE', ( #3258, #1389, #2139, #4417 ) ) ;
#4258 = B_SPLINE_SURFACE_WITH_KNOTS ( 'NONE', 3, 1, ( 
 ( #3018, #6218 ),
 ( #2215, #4184 ),
 ( #3263, #3298 ),
 ( #3740, #4216 ),
 ( #6260, #5333 ),
 ( #4797, #6301 ),
 ( #1734, #204 ),
 ( #1702, #2754 ),
 ( #2785, #129 ),
 ( #2179, #5773 ),
 ( #5809, #3701 ),
 ( #2146, #1215 ),
 ( #3231, #1662 ),
 ( #672, #5294 ),
 ( #5262, #2251 ),
 ( #5233, #4824 ),
 ( #2712, #642 ),
 ( #3199, #706 ),
 ( #4293, #743 ),
 ( #5736, #4687 ),
 ( #4256, #1253 ),
 ( #6333, #1763 ),
 ( #3799, #2685 ),
 ( #5840, #4756 ),
 ( #163, #237 ),
 ( #4723, #99 ),
 ( #3185, #5688 ) ),
 .UNSPECIFIED., .F., .F., .F.,
 ( 4, 1, 1, 1, 1, 1, 1, 1, 1, 1, 1, 1, 1, 1, 1, 1, 1, 1, 1, 1, 1, 1, 1, 1, 4 ),
 ( 2, 2 ),
 ( 0.0000000000000000000, 0.03378811616271007456, 0.06719393237387977225, 0.09986241085682522056, 0.1325666121262581987, 0.1651511732547864264, 0.1979131873557917753, 0.2313190035669615285, 0.2650832782673732679, 0.2992553087581145688, 0.3343985665049784561, 0.3699428235093078499, 0.4062835607000609972, 0.4440638196985082775, 0.4829977068727754896, 0.5233544466133043249, 0.5655365896041490981, 0.6096129240658193504, 0.6563908113764169716, 0.7058854949364571363, 0.7583245002617310382, 0.8138317829411501059, 0.8727945590393898501, 0.9347222295400740011, 1.000000000000000000 ),
 ( 0.0000000000000000000, 1.000000000000000000 ),
 .UNSPECIFIED. ) ;
#4259 = DIRECTION ( 'NONE',  ( 0.0000000000000000000, 0.0000000000000000000, -1.000000000000000000 ) ) ;
#4260 = CARTESIAN_POINT ( 'NONE',  ( -1.840140167885343070, 3.630000000000000338, 0.2027509039454990225 ) ) ;
#4261 = CARTESIAN_POINT ( 'NONE',  ( 0.8776090755437722102, 3.629999999999999893, -0.6448659319547209723 ) ) ;
#4262 = CARTESIAN_POINT ( 'NONE',  ( 1.018231287850013267, 3.680000000000001492, -0.2670601040317102659 ) ) ;
#4263 = CARTESIAN_POINT ( 'NONE',  ( -2.480347582011864116, 3.679999999999999716, -0.6236374321984260449 ) ) ;
#4264 =( NAMED_UNIT ( * ) PLANE_ANGLE_UNIT ( ) SI_UNIT ( $, .RADIAN. ) );
#4265 =( NAMED_UNIT ( * ) PLANE_ANGLE_UNIT ( ) SI_UNIT ( $, .RADIAN. ) );
#4266 = CARTESIAN_POINT ( 'NONE',  ( -2.151546138131541053, 3.630000000000000782, -0.8996737657128773824 ) ) ;
#4267 =( NAMED_UNIT ( * ) PLANE_ANGLE_UNIT ( ) SI_UNIT ( $, .RADIAN. ) );
#4268 = B_SPLINE_CURVE_WITH_KNOTS ( 'NONE', 3,
 ( #2066, #4021, #452, #4078, #3010, #6540, #2512, #4052, #4538, #3527, #6573, #5583, #556, #3078, #4512, #3584, #1982, #6086, #5616, #4645, #6061, #2100, #50, #6114, #4143, #994, #6609 ),
 .UNSPECIFIED., .F., .F.,
 ( 4, 1, 1, 1, 1, 1, 1, 1, 1, 1, 1, 1, 1, 1, 1, 1, 1, 1, 1, 1, 1, 1, 1, 1, 4 ),
 ( 0.0000000000000000000, 0.03378811616271047702, 0.06719393237388016082, 0.09986241085682519281, 0.1325666121262585317, 0.1651511732547863709, 0.1979131873557920807, 0.2313190035669618339, 0.2650832782673732124, 0.2992553087581149018, 0.3343985665049787337, 0.3699428235093078499, 0.4062835607000609417, 0.4440638196985081665, 0.4829977068727756007, 0.5233544466133044359, 0.5655365896041489870, 0.6096129240658193504, 0.6563908113764171937, 0.7058854949364572473, 0.7583245002617311492, 0.8138317829411501059, 0.8727945590393899611, 0.9347222295400741121, 1.000000000000000000 ),
 .UNSPECIFIED. ) ;
#4269 = CARTESIAN_POINT ( 'NONE',  ( -0.5814336922013229048, 3.630000000000000338, -0.8968299476424231864 ) ) ;
#4270 = CARTESIAN_POINT ( 'NONE',  ( 1.018231287850013267, 3.630000000000001226, -0.2670601040317102659 ) ) ;
#4271 = CARTESIAN_POINT ( 'NONE',  ( -0.4905970448680454510, 3.680000000000000160, 0.5208762368943952170 ) ) ;
#4272 = CARTESIAN_POINT ( 'NONE',  ( -0.6801661811208543629, 3.680000000000001048, -0.8692769918086845626 ) ) ;
#4273 = B_SPLINE_SURFACE_WITH_KNOTS ( 'NONE', 3, 1, ( 
 ( #1770, #2286 ),
 ( #3840, #1291 ),
 ( #3898, #5401 ),
 ( #3367, #1220 ),
 ( #3339, #5369 ),
 ( #2359, #778 ),
 ( #1861, #5939 ),
 ( #2826, #3268 ),
 ( #1351, #2224 ),
 ( #6305, #333 ),
 ( #6579, #936 ),
 ( #4993, #872 ),
 ( #4455, #1955 ),
 ( #6064, #2013 ),
 ( #1487, #2926 ),
 ( #4516, #456 ),
 ( #3015, #5502 ),
 ( #3966, #6091 ),
 ( #6457, #2460 ),
 ( #4490, #3995 ),
 ( #360, #4547 ),
 ( #6003, #426 ),
 ( #4056, #5022 ) ),
 .UNSPECIFIED., .F., .F., .F.,
 ( 4, 1, 1, 1, 1, 1, 1, 1, 1, 1, 1, 1, 1, 1, 1, 1, 1, 1, 1, 1, 4 ),
 ( 2, 2 ),
 ( 0.0000000000000000000, 0.06038661931106212993, 0.1208832485859962502, 0.1827546186251397808, 0.2478110297583512034, 0.2812991000432488176, 0.3150876241506569420, 0.3497023955502751580, 0.3848565811185556407, 0.4209661972261025120, 0.4585111882611390688, 0.4971747221273120632, 0.5376020478662693058, 0.5805030184200116183, 0.6274675400267046843, 0.6783882095592433936, 0.7339832205925604924, 0.7937467045508348473, 0.8577136721607320213, 0.9266978643613859035, 1.000000000000000000 ),
 ( 0.0000000000000000000, 1.000000000000000000 ),
 .UNSPECIFIED. ) ;
#4274 = EDGE_CURVE ( 'NONE', #4418, #453, #1841, .T. ) ;
#4275 = CARTESIAN_POINT ( 'NONE',  ( -2.479862410898534097, 3.629999999999999449, -0.2265459221089470565 ) ) ;
#4276 = CARTESIAN_POINT ( 'NONE',  ( 1.898237445485355446, 3.629999999999999893, -0.7327132144862829044 ) ) ;
#4277 = CARTESIAN_POINT ( 'NONE',  ( -1.706356804743639488, 3.679999999999998384, 0.1693378280285405546 ) ) ;
#4278 = DIRECTION ( 'NONE',  ( 0.0000000000000000000, 0.0000000000000000000, 1.000000000000000000 ) ) ;
#4279 = CARTESIAN_POINT ( 'NONE',  ( -1.330524783269958267, 3.629999999999999893, 0.4061763847147297768 ) ) ;
#4280 = CARTESIAN_POINT ( 'NONE',  ( -2.636237961622950543, 3.680000000000000604, -0.04259311248076955853 ) ) ;
#4281 = CARTESIAN_POINT ( 'NONE',  ( -2.367374516045908983, 3.629999999999999449, 0.5007424646636254861 ) ) ;
#4282 = CARTESIAN_POINT ( 'NONE',  ( 1.750683847389551184, 3.629999999999999893, -0.7450563230951849913 ) ) ;
#4283 = CARTESIAN_POINT ( 'NONE',  ( -2.060773785701520033, 3.629999999999999005, -0.7200189625974382501 ) ) ;
#4284 = CARTESIAN_POINT ( 'NONE',  ( -1.013217090962265976, 3.679999999999996607, -0.1124534229775779742 ) ) ;
#4285 = CARTESIAN_POINT ( 'NONE',  ( 2.310063181436609714, 3.630000000000000338, 0.02055116350221643934 ) ) ;
#4286 = CARTESIAN_POINT ( 'NONE',  ( -2.636237961622950543, 3.679999999999999272, -0.04259311248076955853 ) ) ;
#4287 = ORIENTED_EDGE ( 'NONE', *, *, #5485, .T. ) ;
#4288 = CARTESIAN_POINT ( 'NONE',  ( -2.477892217283591769, 3.630000000000000782, -0.4029621798716759851 ) ) ;
#4289 = CARTESIAN_POINT ( 'NONE',  ( 1.440493761023071917, 3.680000000000000160, -0.3306856961686311935 ) ) ;
#4290 = CARTESIAN_POINT ( 'NONE',  ( -2.003824728744388217, 3.680000000000000160, -0.05940515464120257189 ) ) ;
#4291 = PRODUCT_DEFINITION_SHAPE ( 'NONE', 'NONE',  #3671 ) ;
#4292 = CARTESIAN_POINT ( 'NONE',  ( 0.6421314667300419554, 3.629999999999999893, 0.6754071539454989948 ) ) ;
#4293 = CARTESIAN_POINT ( 'NONE',  ( 1.107965528090947060, 3.629999999999999449, -0.5200272577096726190 ) ) ;
#4294 = EDGE_CURVE ( 'NONE', #528, #5263, #3879, .T. ) ;
#4295 = ORIENTED_EDGE ( 'NONE', *, *, #3036, .T. ) ;
#4296 = DIRECTION ( 'NONE',  ( -0.0000000000000000000, 1.000000000000000000, -0.0000000000000000000 ) ) ;
#4297 = CARTESIAN_POINT ( 'NONE',  ( 0.3781995649915665392, 3.630000000000001670, -0.6012999545053008266 ) ) ;
#4298 = CARTESIAN_POINT ( 'NONE',  ( 1.692705231591840054, 3.679999999999999716, 0.6641806601897408679 ) ) ;
#4299 = UNCERTAINTY_MEASURE_WITH_UNIT (LENGTH_MEASURE( 1.000000000000000082E-05 ), #1708, 'distance_accuracy_value', 'NONE');
#4300 = CARTESIAN_POINT ( 'NONE',  ( 0.1560432061390311653, 3.629999999999999449, -0.3747200097270573793 ) ) ;
#4301 =( NAMED_UNIT ( * ) PLANE_ANGLE_UNIT ( ) SI_UNIT ( $, .RADIAN. ) );
#4302 = CARTESIAN_POINT ( 'NONE',  ( -2.501121712778688000, 3.630000000000000782, -0.1579953935213113947 ) ) ;
#4303 = PRESENTATION_STYLE_ASSIGNMENT (( #682 ) ) ;
#4304 = CARTESIAN_POINT ( 'NONE',  ( -0.5235453498865491051, 3.680000000000000160, -0.9013173374551021189 ) ) ;
#4305 = EDGE_CURVE ( 'NONE', #3030, #4108, #5098, .T. ) ;
#4306 = CARTESIAN_POINT ( 'NONE',  ( -2.428781994808419942, 3.680000000000000160, -0.1986914037468087424 ) ) ;
#4307 = CARTESIAN_POINT ( 'NONE',  ( 2.101448328600408200, 3.630000000000000782, -0.5412721588969223729 ) ) ;
#4308 = CARTESIAN_POINT ( 'NONE',  ( -1.732189913291030559, 3.629999999999999893, 0.05374379331078437544 ) ) ;
#4309 = CARTESIAN_POINT ( 'NONE',  ( 2.129188098509981142, 3.629999999999999893, -0.4753088270986003394 ) ) ;
#4310 = CARTESIAN_POINT ( 'NONE',  ( -2.466264169439788656, 3.679999999999999716, -0.1793630927054551405 ) ) ;
#4311 = SURFACE_SIDE_STYLE ('',( #3282 ) ) ;
#4312 = CARTESIAN_POINT ( 'NONE',  ( -1.917063244808419720, 3.629999999999999893, -0.5175014999006547489 ) ) ;
#4313 = CARTESIAN_POINT ( 'NONE',  ( -0.1561666432119514225, 3.629999999999999449, -0.3995362814424763265 ) ) ;
#4314 = DIRECTION ( 'NONE',  ( 0.0000000000000000000, 0.0000000000000000000, -1.000000000000000000 ) ) ;
#4315 = CARTESIAN_POINT ( 'NONE',  ( -1.712209784096069054, 3.629999999999999449, 0.2852655631293491423 ) ) ;
#4316 = CARTESIAN_POINT ( 'NONE',  ( -2.715184143595785304, 3.679999999999999272, 0.1203938798563165130 ) ) ;
#4317 = VERTEX_POINT ( 'NONE', #1530 ) ;
#4318 = CARTESIAN_POINT ( 'NONE',  ( -2.422603098324667137, 3.679999999999996607, -0.3431595746918016387 ) ) ;
#4319 = CARTESIAN_POINT ( 'NONE',  ( 1.431860145145656737, 3.629999999999999893, -0.2288744940549597706 ) ) ;
#4320 = CARTESIAN_POINT ( 'NONE',  ( 0.2752444474992724599, 3.629999999999999893, -0.1130543845160394689 ) ) ;
#4321 = CARTESIAN_POINT ( 'NONE',  ( -2.562433540435495427, 3.630000000000000782, 0.5655591240325550384 ) ) ;
#4322 = DIRECTION ( 'NONE',  ( 0.0000000000000000000, 1.000000000000000000, -0.0000000000000000000 ) ) ;
#4323 = ORIENTED_EDGE ( 'NONE', *, *, #1324, .T. ) ;
#4324 = ORIENTED_EDGE ( 'NONE', *, *, #1493, .T. ) ;
#4325 = LINE ( 'NONE', #1737, #2427 ) ;
#4326 = AXIS2_PLACEMENT_3D ( 'NONE', #4092, #5095, #2525 ) ;
#4327 = CARTESIAN_POINT ( 'NONE',  ( -1.330524783269958267, 3.680000000000000160, 0.4061763847147297768 ) ) ;
#4328 = CARTESIAN_POINT ( 'NONE',  ( 0.9152176036564174666, 3.680000000000001048, -0.5978657301826298953 ) ) ;
#4329 = CARTESIAN_POINT ( 'NONE',  ( -2.246848093860319917, 3.680000000000000604, -0.7468443649355502867 ) ) ;
#4330 = CARTESIAN_POINT ( 'NONE',  ( 2.287940503239068057, 3.680000000000001048, 0.1949223597551754950 ) ) ;
#4331 = DIRECTION ( 'NONE',  ( -0.0000000000000000000, -1.000000000000000000, -0.0000000000000000000 ) ) ;
#4332 = EDGE_CURVE ( 'NONE', #2651, #2140, #5206, .T. ) ;
#4333 = CARTESIAN_POINT ( 'NONE',  ( 0.005198706780885681625, 3.679999999999996163, -0.1803889511128611012 ) ) ;
#4334 = CARTESIAN_POINT ( 'NONE',  ( -0.5117146871161122323, 3.679999999999999716, -0.9015159229775778771 ) ) ;
#4335 = COLOUR_RGB ( '',0.7686274509803920907, 0.7686274509803920907, 0.7686274509803920907 ) ;
#4336 = PRESENTATION_STYLE_ASSIGNMENT (( #2231 ) ) ;
#4337 = SURFACE_SIDE_STYLE ('',( #4230 ) ) ;
#4338 = CARTESIAN_POINT ( 'NONE',  ( -1.925160158448424141, 3.680000000000000160, -0.1596987809401858582 ) ) ;
#4339 = CARTESIAN_POINT ( 'NONE',  ( 1.898237445485355446, 3.629999999999999893, -0.7327132144862829044 ) ) ;
#4340 = MECHANICAL_DESIGN_GEOMETRIC_PRESENTATION_REPRESENTATION (  '', ( #4976 ), #1463 ) ;
#4341 = CARTESIAN_POINT ( 'NONE',  ( -1.995488725577650557, 3.629999999999999893, -0.1986914037468087424 ) ) ;
#4342 = CARTESIAN_POINT ( 'NONE',  ( 0.3826452999863595994, 3.680000000000001492, -0.8179846728606954276 ) ) ;
#4343 = CARTESIAN_POINT ( 'NONE',  ( 0.5387237187771352076, 3.629999999999999449, -0.8903203986510361823 ) ) ;
#4344 = CARTESIAN_POINT ( 'NONE',  ( -1.935974647839606488, 3.630000000000000782, -0.6001791527998338038 ) ) ;
#4345 = PRESENTATION_LAYER_ASSIGNMENT (  '', '', ( #3389 ) ) ;
#4346 =( GEOMETRIC_REPRESENTATION_CONTEXT ( 3 ) GLOBAL_UNCERTAINTY_ASSIGNED_CONTEXT ( ( #3839 ) ) GLOBAL_UNIT_ASSIGNED_CONTEXT ( ( #1090, #4632, #5214 ) ) REPRESENTATION_CONTEXT ( 'NONE', 'WORKASPACE' ) );
#4347 = B_SPLINE_CURVE_WITH_KNOTS ( 'NONE', 3,
 ( #1289, #3930, #3338, #5938, #4298, #5843, #5908, #1256, #5298, #6337, #777, #5338, #749, #4828, #2824, #3559, #6615, #3493, #638, #1105, #601, #3588, #2681, #1594, #6359, #234, #2887 ),
 .UNSPECIFIED., .F., .F.,
 ( 4, 1, 1, 1, 1, 1, 1, 1, 1, 1, 1, 1, 1, 1, 1, 1, 1, 1, 1, 1, 1, 1, 1, 1, 4 ),
 ( 0.0000000000000000000, 0.03378714634699078040, 0.06662165772429391730, 0.09928487809597173752, 0.1313611650426502186, 0.1635851875953429624, 0.1961039269870677726, 0.2289022543238165286, 0.2621580559050069592, 0.2959912222583162555, 0.3302178457247994525, 0.3650598258919535710, 0.4009507373401072772, 0.4376203820767372021, 0.4757075294370917695, 0.5153806916250479597, 0.5564135414931639101, 0.5997648298727307203, 0.6464241555840870568, 0.6964314445175664448, 0.7497815178015573290, 0.8065733069755322004, 0.8674355315653993204, 0.9318867532508740004, 0.9999999999999998890 ),
 .UNSPECIFIED. ) ;
#4348 = CARTESIAN_POINT ( 'NONE',  ( 2.049352224566031389, 3.679999999999999716, 0.3998875696959025561 ) ) ;
#4349 = CARTESIAN_POINT ( 'NONE',  ( 2.142454142957385788, 3.630000000000000782, 0.5151024595929388772 ) ) ;
#4350 = DIRECTION ( 'NONE',  ( -0.0000000000000000000, 1.000000000000000000, -0.0000000000000000000 ) ) ;
#4351 = FACE_OUTER_BOUND ( 'NONE', #701, .T. ) ;
#4352 = VERTEX_POINT ( 'NONE', #3129 ) ;
#4353 = CARTESIAN_POINT ( 'NONE',  ( -2.513217090962266198, 3.629999999999999893, -0.5144966922083471506 ) ) ;
#4354 = CARTESIAN_POINT ( 'NONE',  ( 1.435237865696624482, 3.629999999999998561, -0.2817076304389611319 ) ) ;
#4355 = CARTESIAN_POINT ( 'NONE',  ( 1.439933029973754719, 3.679999999999996163, 0.1040367025673501894 ) ) ;
#4356 = ADVANCED_FACE ( 'NONE', ( #6628 ), #1712, .T. ) ;
#4357 = PRESENTATION_LAYER_ASSIGNMENT (  '', '', ( #1264 ) ) ;
#4358 = CARTESIAN_POINT ( 'NONE',  ( 0.3466430780105092535, 3.629999999999999893, 0.3224517141456206826 ) ) ;
#4359 = CARTESIAN_POINT ( 'NONE',  ( -0.3618544498346272231, 3.630000000000000782, 0.4863931484772732183 ) ) ;
#4360 = ORIENTED_EDGE ( 'NONE', *, *, #3017, .F. ) ;
#4361 = CARTESIAN_POINT ( 'NONE',  ( -2.547522385972382342, 3.680000000000000160, 0.06417991267025646707 ) ) ;
#4362 =( GEOMETRIC_REPRESENTATION_CONTEXT ( 3 ) GLOBAL_UNCERTAINTY_ASSIGNED_CONTEXT ( ( #4641 ) ) GLOBAL_UNIT_ASSIGNED_CONTEXT ( ( #1639, #3571, #33 ) ) REPRESENTATION_CONTEXT ( 'NONE', 'WORKASPACE' ) );
#4363 = DIRECTION ( 'NONE',  ( -0.0000000000000000000, 1.000000000000000000, -0.0000000000000000000 ) ) ;
#4364 = UNCERTAINTY_MEASURE_WITH_UNIT (LENGTH_MEASURE( 1.000000000000000082E-05 ), #5475, 'distance_accuracy_value', 'NONE');
#4365 = CARTESIAN_POINT ( 'NONE',  ( -2.277031810053887106, 3.680000000000000604, -0.7439906633649611134 ) ) ;
#4366 = FILL_AREA_STYLE ('',( #5440 ) ) ;
#4367 = CARTESIAN_POINT ( 'NONE',  ( 1.302899652900341376, 3.629999999999999449, 0.08899704713222963970 ) ) ;
#4368 = STYLED_ITEM ( 'NONE', ( #3205 ), #3406 ) ;
#4369 = FACE_OUTER_BOUND ( 'NONE', #1831, .T. ) ;
#4370 = CARTESIAN_POINT ( 'NONE',  ( -1.782447860193035138, 3.629999999999999893, -0.5123933268237318428 ) ) ;
#4371 = CARTESIAN_POINT ( 'NONE',  ( 1.817095262824262258, 3.680000000000000160, 0.5208762368943951060 ) ) ;
#4372 = CARTESIAN_POINT ( 'NONE',  ( -0.1186772397922994521, 3.680000000000001048, 0.4515117150197842655 ) ) ;
#4373 = CARTESIAN_POINT ( 'NONE',  ( -2.151546138131541053, 3.680000000000001048, -0.8996737657128773824 ) ) ;
#4374 = CARTESIAN_POINT ( 'NONE',  ( -2.715184143595785304, 3.680000000000000604, 0.1203938798563165130 ) ) ;
#4375 = CARTESIAN_POINT ( 'NONE',  ( 0.1884716073275469472, 3.680000000000001048, -0.5282583504129454433 ) ) ;
#4376 = CARTESIAN_POINT ( 'NONE',  ( 2.439999999999999947, 0.05000000000000000278, 0.0000000000000000000 ) ) ;
#4377 = CARTESIAN_POINT ( 'NONE',  ( 0.3466430780105092535, 3.680000000000000160, 0.3224517141456206826 ) ) ;
#4378 = CARTESIAN_POINT ( 'NONE',  ( -1.378761860732932831, 3.680000000000000604, 0.4144661665849020404 ) ) ;
#4379 = CARTESIAN_POINT ( 'NONE',  ( -2.134464899798821591, 3.679999999999999272, 0.5161317615993739061 ) ) ;
#4380 = FILL_AREA_STYLE ('',( #228 ) ) ;
#4381 = CARTESIAN_POINT ( 'NONE',  ( 0.3546068678691693954, 3.680000000000000160, -0.7957648289813760156 ) ) ;
#4382 = FILL_AREA_STYLE ('',( #698 ) ) ;
#4383 = CARTESIAN_POINT ( 'NONE',  ( -1.705855392072608279, 3.630000000000000782, 0.2144884624334778278 ) ) ;
#4384 = CARTESIAN_POINT ( 'NONE',  ( -2.685658736564516591, 3.630000000000000338, 0.03541652705168494425 ) ) ;
#4385 = VERTEX_POINT ( 'NONE', #3311 ) ;
#4386 = ORIENTED_EDGE ( 'NONE', *, *, #4983, .T. ) ;
#4387 = CARTESIAN_POINT ( 'NONE',  ( -3.249999999999998668, 3.680000000000000160, 1.899999999999999689 ) ) ;
#4388 = CARTESIAN_POINT ( 'NONE',  ( -1.705855392072608279, 3.630000000000000782, 0.2144884624334778278 ) ) ;
#4389 =( NAMED_UNIT ( * ) PLANE_ANGLE_UNIT ( ) SI_UNIT ( $, .RADIAN. ) );
#4390 = CARTESIAN_POINT ( 'NONE',  ( -1.355230035385591503, 3.679999999999998828, 0.6548559680442980202 ) ) ;
#4391 = VERTEX_POINT ( 'NONE', #215 ) ;
#4392 = CARTESIAN_POINT ( 'NONE',  ( -1.917545356310643045, 3.629999999999999449, -0.5073479346678404500 ) ) ;
#4393 = DIRECTION ( 'NONE',  ( 0.0000000000000000000, 0.0000000000000000000, 1.000000000000000000 ) ) ;
#4394 = CARTESIAN_POINT ( 'NONE',  ( 0.2866476071769180067, 3.629999999999999449, -0.3306856961686311935 ) ) ;
#4395 = CARTESIAN_POINT ( 'NONE',  ( 0.8972194537713007456, 3.680000000000000160, -0.6227368200016885069 ) ) ;
#4396 = CARTESIAN_POINT ( 'NONE',  ( -2.513046173021549201, 3.680000000000000160, -0.5223308577724518065 ) ) ;
#4397 = CARTESIAN_POINT ( 'NONE',  ( 1.597090279115944922, 3.629999999999999005, 0.6291298927570958543 ) ) ;
#4398 = CARTESIAN_POINT ( 'NONE',  ( 1.413694618127748104, 3.630000000000000338, 0.4576970189226607366 ) ) ;
#4399 = CARTESIAN_POINT ( 'NONE',  ( -2.134464899798821591, 3.629999999999999005, 0.5161317615993739061 ) ) ;
#4400 = CARTESIAN_POINT ( 'NONE',  ( -0.5117146871161122323, 3.629999999999999893, 0.6754071539454989948 ) ) ;
#4401 = CARTESIAN_POINT ( 'NONE',  ( 0.006013678268503453578, 3.629999999999999893, -0.1124534229775779742 ) ) ;
#4402 = CARTESIAN_POINT ( 'NONE',  ( -0.003075176270495634349, 3.630000000000000338, -0.3080975394639431930 ) ) ;
#4403 = LINE ( 'NONE', #6438, #2842 ) ;
#4404 = CARTESIAN_POINT ( 'NONE',  ( -2.096262726312092983, 3.680000000000000160, -0.8894793894006082224 ) ) ;
#4405 = CARTESIAN_POINT ( 'NONE',  ( -0.2408363367600146465, 3.629999999999998561, 0.3767878714466541545 ) ) ;
#4406 = CARTESIAN_POINT ( 'NONE',  ( 0.3032980106972943957, 3.680000000000000160, -0.7440990805603756586 ) ) ;
#4407 = CARTESIAN_POINT ( 'NONE',  ( 1.795977620576195255, 3.629999999999999893, 0.6754071539454989948 ) ) ;
#4408 = ADVANCED_FACE ( 'NONE', ( #1159 ), #617, .T. ) ;
#4409 = FILL_AREA_STYLE_COLOUR ( '', #3029 ) ;
#4410 = ORIENTED_EDGE ( 'NONE', *, *, #2694, .F. ) ;
#4411 = CARTESIAN_POINT ( 'NONE',  ( -2.377970279552167110, 3.680000000000001492, -0.8732370710562478155 ) ) ;
#4412 = CARTESIAN_POINT ( 'NONE',  ( 1.446705722199193023, 3.630000000000000338, 0.1491009936429824323 ) ) ;
#4413 = CARTESIAN_POINT ( 'NONE',  ( 1.966902478938393761, 3.679999999999999716, -0.8692146474260487032 ) ) ;
#4414 = CARTESIAN_POINT ( 'NONE',  ( -2.652691956359805037, 3.630000000000000338, 0.4574633124820900454 ) ) ;
#4415 = CARTESIAN_POINT ( 'NONE',  ( -0.6528997913913163753, 3.629999999999999005, 0.4853377904169314250 ) ) ;
#4416 = CARTESIAN_POINT ( 'NONE',  ( -2.513217090962266198, 3.629999999999998561, -0.5144966922083471506 ) ) ;
#4417 = ORIENTED_EDGE ( 'NONE', *, *, #5101, .T. ) ;
#4418 = VERTEX_POINT ( 'NONE', #3744 ) ;
#4419 = FILL_AREA_STYLE ('',( #6063 ) ) ;
#4420 = LINE ( 'NONE', #2256, #2518 ) ;
#4421 = FILL_AREA_STYLE ('',( #1521 ) ) ;
#4422 = B_SPLINE_CURVE_WITH_KNOTS ( 'NONE', 3,
 ( #1282, #1730, #299, #3859, #772, #3328, #1854, #5806, #3260, #2748, #3892 ),
 .UNSPECIFIED., .F., .F.,
 ( 4, 1, 1, 1, 1, 1, 1, 1, 4 ),
 ( 0.0000000000000000000, 0.1458600603916661020, 0.2824259030758192179, 0.4108504003575529362, 0.5350294213479310779, 0.6547010781259416934, 0.7701334325965031313, 0.8845558441988612408, 1.000000000000000000 ),
 .UNSPECIFIED. ) ;
#4423 = CARTESIAN_POINT ( 'NONE',  ( 1.537699176383621857, 3.629999999999999893, 0.5930743968738461103 ) ) ;
#4424 = CARTESIAN_POINT ( 'NONE',  ( 1.566966986105657433, 3.680000000000003268, 0.6122724346331112066 ) ) ;
#4425 = CARTESIAN_POINT ( 'NONE',  ( -2.061488893931911370, 3.629999999999999893, 0.4980918313847539913 ) ) ;
#4426 = B_SPLINE_CURVE_WITH_KNOTS ( 'NONE', 3,
 ( #1089, #2125, #3135, #5171, #2634, #3003, #1197, #4773, #3174, #3780, #5245 ),
 .UNSPECIFIED., .F., .F.,
 ( 4, 1, 1, 1, 1, 1, 1, 1, 4 ),
 ( 0.0000000000000000000, 0.1105883385953362469, 0.2245417540535959433, 0.3425034940501039959, 0.4643240984173578889, 0.5907560327017664648, 0.7222274753555143478, 0.8588428362087241474, 0.9999999999999998890 ),
 .UNSPECIFIED. ) ;
#4427 = STYLED_ITEM ( 'NONE', ( #2684 ), #5894 ) ;
#4428 = CARTESIAN_POINT ( 'NONE',  ( -0.1186772397922994521, 3.630000000000000782, 0.4515117150197842655 ) ) ;
#4429 = CARTESIAN_POINT ( 'NONE',  ( -1.260696662157369863, 3.680000000000001492, 0.4261752209892741283 ) ) ;
#4430 = ADVANCED_FACE ( 'NONE', ( #5786 ), #2925, .T. ) ;
#4431 = CARTESIAN_POINT ( 'NONE',  ( -0.4067225966844515983, 3.629999999999998561, -0.8902646408155131530 ) ) ;
#4432 = CARTESIAN_POINT ( 'NONE',  ( -1.206020389102500534, 3.629999999999999449, 0.5227262000337605796 ) ) ;
#4433 = CARTESIAN_POINT ( 'NONE',  ( -0.5072074755776505572, 3.629999999999999893, 0.5215610000993451401 ) ) ;
#4434 = DIRECTION ( 'NONE',  ( 8.424463484782412426E-13, 1.000000000000000000, 1.477821454068292394E-13 ) ) ;
#4435 = CARTESIAN_POINT ( 'NONE',  ( -1.446991335574393522, 3.629999999999999893, 0.4825306445187934057 ) ) ;
#4436 = CARTESIAN_POINT ( 'NONE',  ( 0.6069740215511425507, 3.630000000000000338, 0.6748131893471166487 ) ) ;
#4437 =( LENGTH_UNIT ( ) NAMED_UNIT ( * ) SI_UNIT ( .MILLI., .METRE. ) );
#4438 = AXIS2_PLACEMENT_3D ( 'NONE', #6381, #4278, #5378 ) ;
#4439 = CARTESIAN_POINT ( 'NONE',  ( -0.1310619054995703636, 3.680000000000002380, -0.2180024922135024024 ) ) ;
#4440 = SURFACE_SIDE_STYLE ('',( #1788 ) ) ;
#4441 = PRESENTATION_STYLE_ASSIGNMENT (( #2913 ) ) ;
#4442 = VERTEX_POINT ( 'NONE', #3962 ) ;
#4443 = EDGE_CURVE ( 'NONE', #2140, #5263, #22, .T. ) ;
#4444 = STYLED_ITEM ( 'NONE', ( #463 ), #1361 ) ;
#4445 = DIRECTION ( 'NONE',  ( -1.000000000000000000, 0.0000000000000000000, -2.668805347656626678E-16 ) ) ;
#4446 =( GEOMETRIC_REPRESENTATION_CONTEXT ( 3 ) GLOBAL_UNCERTAINTY_ASSIGNED_CONTEXT ( ( #133 ) ) GLOBAL_UNIT_ASSIGNED_CONTEXT ( ( #5357, #5325, #3825 ) ) REPRESENTATION_CONTEXT ( 'NONE', 'WORKASPACE' ) );
#4447 = CARTESIAN_POINT ( 'NONE',  ( 1.654792516300990890, 3.679999999999994387, 0.4853377904169315360 ) ) ;
#4448 = CARTESIAN_POINT ( 'NONE',  ( 1.566069938571821529, 3.629999999999999005, -0.8374630178629555166 ) ) ;
#4449 = MECHANICAL_DESIGN_GEOMETRIC_PRESENTATION_REPRESENTATION (  '', ( #280 ), #1577 ) ;
#4450 = CARTESIAN_POINT ( 'NONE',  ( 0.7129326273538786340, 3.629999999999999449, 0.6703570112509497081 ) ) ;
#4451 = CIRCLE ( 'NONE', #1904, 0.3000000000000000999 ) ;
#4452 = CARTESIAN_POINT ( 'NONE',  ( -0.1598547906327971446, 3.630000000000000338, 0.1813333426727404551 ) ) ;
#4453 = ORIENTED_EDGE ( 'NONE', *, *, #2314, .F. ) ;
#4454 = SURFACE_STYLE_FILL_AREA ( #4419 ) ;
#4455 = CARTESIAN_POINT ( 'NONE',  ( -0.8204698569020218990, 3.630000000000001226, -0.5201775989611073792 ) ) ;
#4456 =( GEOMETRIC_REPRESENTATION_CONTEXT ( 3 ) GLOBAL_UNCERTAINTY_ASSIGNED_CONTEXT ( ( #6244 ) ) GLOBAL_UNIT_ASSIGNED_CONTEXT ( ( #5192, #5697, #2556 ) ) REPRESENTATION_CONTEXT ( 'NONE', 'WORKASPACE' ) );
#4457 = CARTESIAN_POINT ( 'NONE',  ( -2.305734253186059846, 3.629999999999999449, -0.7384392847446272778 ) ) ;
#4458 = CARTESIAN_POINT ( 'NONE',  ( 1.435540655925922504, 3.629999999999999893, 0.4897084084938399529 ) ) ;
#4459 = CARTESIAN_POINT ( 'NONE',  ( -1.959264676252791659, 3.629999999999999893, -0.1798034213780571322 ) ) ;
#4460 = STYLED_ITEM ( 'NONE', ( #5686 ), #2861 ) ;
#4461 = CARTESIAN_POINT ( 'NONE',  ( -2.201705257457262199, 3.629999999999999893, 0.5212915107773682388 ) ) ;
#4462 = CARTESIAN_POINT ( 'NONE',  ( 0.005190319501894647899, 3.629999999999998561, -0.04481925449197889794 ) ) ;
#4463 = CARTESIAN_POINT ( 'NONE',  ( -1.206986351307053118, 3.680000000000001048, 0.5062563393353259888 ) ) ;
#4464 = PRESENTATION_LAYER_ASSIGNMENT (  '', '', ( #2340 ) ) ;
#4465 = CARTESIAN_POINT ( 'NONE',  ( 0.006013678268503453578, 3.629999999999999893, -0.1124534229775779742 ) ) ;
#4466 = CARTESIAN_POINT ( 'NONE',  ( -1.206986351307053118, 3.630000000000000782, 0.5062563393353259888 ) ) ;
#4467 = CARTESIAN_POINT ( 'NONE',  ( -1.330524783269958267, 3.629999999999999893, 0.6561763847147297213 ) ) ;
#4468 = VECTOR ( 'NONE', #3727, 1000.000000000000000 ) ;
#4469 = EDGE_CURVE ( 'NONE', #2456, #2377, #6030, .T. ) ;
#4470 = CARTESIAN_POINT ( 'NONE',  ( 0.4633825730942918719, 3.680000000000001492, -0.6877740693834174524 ) ) ;
#4471 = CARTESIAN_POINT ( 'NONE',  ( -2.429928666295170903, 3.679999999999999272, -0.8500155030044750371 ) ) ;
#4472 = CARTESIAN_POINT ( 'NONE',  ( -1.419399218332847212, 3.630000000000001226, 0.4420027790729385564 ) ) ;
#4473 = CARTESIAN_POINT ( 'NONE',  ( 0.4131208322595029125, 3.629999999999999449, 0.6122724346331106515 ) ) ;
#4474 = FILL_AREA_STYLE_COLOUR ( '', #6284 ) ;
#4475 = CARTESIAN_POINT ( 'NONE',  ( -2.383973896378004831, 3.680000000000000160, -0.7093299809070584550 ) ) ;
#4476 = CARTESIAN_POINT ( 'NONE',  ( -3.249999999999999112, 3.180000000000000160, 0.0000000000000000000 ) ) ;
#4477 = VERTEX_POINT ( 'NONE', #1099 ) ;
#4478 = VERTEX_POINT ( 'NONE', #2704 ) ;
#4479 = CARTESIAN_POINT ( 'NONE',  ( 0.9753419446638262880, 3.680000000000002380, -0.4753088270986000619 ) ) ;
#4480 = CARTESIAN_POINT ( 'NONE',  ( 0.8133416457255524534, 3.630000000000000782, 0.6423244333718797217 ) ) ;
#4481 = CARTESIAN_POINT ( 'NONE',  ( -2.647832475577650779, 3.680000000000000160, -0.5166000575929625693 ) ) ;
#4482 = CARTESIAN_POINT ( 'NONE',  ( 1.536491453832514065, 3.630000000000000782, -0.8179846728606954276 ) ) ;
#4483 = CARTESIAN_POINT ( 'NONE',  ( 0.6301350008689250437, 3.630000000000000782, 0.5207344913679610166 ) ) ;
#4484 = CARTESIAN_POINT ( 'NONE',  ( 0.9352986860133853941, 3.679999999999997495, 0.5681031572849434275 ) ) ;
#4485 = CARTESIAN_POINT ( 'NONE',  ( -0.2101839596014025147, 3.629999999999999893, 0.3243157031153132142 ) ) ;
#4486 = ORIENTED_EDGE ( 'NONE', *, *, #2335, .F. ) ;
#4487 = CARTESIAN_POINT ( 'NONE',  ( -2.589068345303973118, 3.680000000000001492, 0.1845375763421287230 ) ) ;
#4488 = ORIENTED_EDGE ( 'NONE', *, *, #2694, .T. ) ;
#4489 = PRESENTATION_STYLE_ASSIGNMENT (( #2988 ) ) ;
#4490 = CARTESIAN_POINT ( 'NONE',  ( -0.8758321625466505278, 3.629999999999999893, -0.2288744940549596874 ) ) ;
#4491 = CARTESIAN_POINT ( 'NONE',  ( -2.590512205924369926, 3.629999999999999893, -0.7054245817841691135 ) ) ;
#4492 = PRESENTATION_STYLE_ASSIGNMENT (( #2463 ) ) ;
#4493 = CARTESIAN_POINT ( 'NONE',  ( -0.4065222161967995129, 3.629999999999999893, 0.6638967874564071225 ) ) ;
#4494 = B_SPLINE_CURVE_WITH_KNOTS ( 'NONE', 3,
 ( #1483, #525, #1515, #1590, #3556, #1453, #3040, #1032, #2484, #3623, #5116, #5077, #5656, #2579, #2036, #487, #5557, #1065, #959, #4604, #2550, #421, #4575 ),
 .UNSPECIFIED., .F., .F.,
 ( 4, 1, 1, 1, 1, 1, 1, 1, 1, 1, 1, 1, 1, 1, 1, 1, 1, 1, 1, 1, 4 ),
 ( 0.0000000000000000000, 0.06568119799063876219, 0.1284864641740648683, 0.1881751303280077003, 0.2451061306699862108, 0.2994484245294752323, 0.3508229360093821914, 0.3999416805337777658, 0.4466717436323718871, 0.4912545333734982256, 0.5333763442704366753, 0.5738527549682239659, 0.6125263117194529316, 0.6495971364453289043, 0.6855320415538503909, 0.7201057860682004153, 0.7538376629736495138, 0.8189254160467143162, 0.8804934616501642886, 0.9403113338460568071, 1.000000000000000000 ),
 .UNSPECIFIED. ) ;
#4495 = CARTESIAN_POINT ( 'NONE',  ( 0.005737293012316786560, 3.629999999999999449, -0.1354927300369349608 ) ) ;
#4496 = CARTESIAN_POINT ( 'NONE',  ( -2.194592780020842238, 3.629999999999999449, -0.1127784654068359482 ) ) ;
#4497 = CARTESIAN_POINT ( 'NONE',  ( 1.092912799457406825, 3.679999999999999272, 0.3371752162165861377 ) ) ;
#4498 = ORIENTED_EDGE ( 'NONE', *, *, #2291, .F. ) ;
#4499 = CARTESIAN_POINT ( 'NONE',  ( -0.2969025282144888700, 3.629999999999999449, 0.4404177906756157612 ) ) ;
#4500 = CARTESIAN_POINT ( 'NONE',  ( 0.4347266645910369820, 3.629999999999999893, -0.6653433644798522062 ) ) ;
#4501 = CARTESIAN_POINT ( 'NONE',  ( -2.266420757962833488, 3.629999999999999449, -0.8997290165674642903 ) ) ;
#4502 = CARTESIAN_POINT ( 'NONE',  ( -1.794427244066944871, 3.679999999999999272, -0.4175559581089231531 ) ) ;
#4503 = CARTESIAN_POINT ( 'NONE',  ( 0.9684535821146570411, 3.629999999999999893, 0.2640489808685759221 ) ) ;
#4504 = SURFACE_SIDE_STYLE ('',( #6503 ) ) ;
#4505 = ORIENTED_EDGE ( 'NONE', *, *, #4226, .T. ) ;
#4506 = FILL_AREA_STYLE_COLOUR ( '', #5414 ) ;
#4507 = CARTESIAN_POINT ( 'NONE',  ( 1.654792516300990890, 3.629999999999999005, 0.4853377904169315360 ) ) ;
#4508 = CARTESIAN_POINT ( 'NONE',  ( 1.297926767772279000, 3.680000000000000160, -0.2512471432840847063 ) ) ;
#4509 = EDGE_CURVE ( 'NONE', #4606, #5618, #4106, .T. ) ;
#4510 = CARTESIAN_POINT ( 'NONE',  ( 1.807907111355198770, 3.680000000000000160, -0.9013068593308644072 ) ) ;
#4511 = CARTESIAN_POINT ( 'NONE',  ( -1.917291200914217342, 3.679999999999999716, -0.5246278010085893007 ) ) ;
#4512 = CARTESIAN_POINT ( 'NONE',  ( -0.1202665386358931637, 3.680000000000001048, -0.6790097296763862866 ) ) ;
#4513 = ORIENTED_EDGE ( 'NONE', *, *, #871, .F. ) ;
#4514 = ORIENTED_EDGE ( 'NONE', *, *, #5681, .F. ) ;
#4515 = CARTESIAN_POINT ( 'NONE',  ( -1.918521456448081253, 3.680000000000000604, -0.4867906644647453929 ) ) ;
#4516 = CARTESIAN_POINT ( 'NONE',  ( -0.8529346943747548870, 3.629999999999998561, -0.4173348674833634031 ) ) ;
#4517 = CARTESIAN_POINT ( 'NONE',  ( 1.807907111355198770, 3.629999999999999893, -0.9013068593308644072 ) ) ;
#4518 =( NAMED_UNIT ( * ) SI_UNIT ( $, .STERADIAN. ) SOLID_ANGLE_UNIT ( ) );
#4519 = CARTESIAN_POINT ( 'NONE',  ( 0.5477885700890710030, 3.680000000000000604, -0.7327592144130750107 ) ) ;
#4520 = CARTESIAN_POINT ( 'NONE',  ( 2.209702136222441382, 3.629999999999998561, 0.4158690181570808275 ) ) ;
#4521 = CARTESIAN_POINT ( 'NONE',  ( 1.531423463338617452, 3.679999999999999716, 0.3746883762070082335 ) ) ;
#4522 = CARTESIAN_POINT ( 'NONE',  ( -0.8441630665915856868, 3.680000000000001492, 0.2282353880053845374 ) ) ;
#4523 = VECTOR ( 'NONE', #5047, 1000.000000000000000 ) ;
#4524 = FACE_OUTER_BOUND ( 'NONE', #1601, .T. ) ;
#4525 = CARTESIAN_POINT ( 'NONE',  ( 0.9869806569593405632, 3.679999999999999716, -0.7423212791278962497 ) ) ;
#4526 = CARTESIAN_POINT ( 'NONE',  ( 0.3618755864805973665, 3.629999999999999893, -0.5762433685113901305 ) ) ;
#4527 = CARTESIAN_POINT ( 'NONE',  ( -2.147740677925883634, 3.679999999999999716, -0.7437050135391845007 ) ) ;
#4528 = CARTESIAN_POINT ( 'NONE',  ( 0.3293769798144667860, 3.679999999999997939, 0.5467518375246118723 ) ) ;
#4529 = CARTESIAN_POINT ( 'NONE',  ( -2.172208273534007361, 3.680000000000001048, -0.2680191013020776780 ) ) ;
#4530 = CARTESIAN_POINT ( 'NONE',  ( -2.513046173021549201, 3.680000000000000160, -0.5223308577724518065 ) ) ;
#4531 = CARTESIAN_POINT ( 'NONE',  ( 1.831631115167634549, 3.680000000000000160, -0.9008910975147438327 ) ) ;
#4532 = CARTESIAN_POINT ( 'NONE',  ( -2.207027187116112010, 3.629999999999999893, -0.1130543845160394689 ) ) ;
#4533 = CARTESIAN_POINT ( 'NONE',  ( -2.208229110193035361, 3.680000000000000160, -0.9015159229775778771 ) ) ;
#4534 = COLOUR_RGB ( '',0.7686274509803920907, 0.7686274509803920907, 0.7686274509803920907 ) ;
#4535 = CARTESIAN_POINT ( 'NONE',  ( 1.795977620576195255, 3.679999999999999272, -0.9015159229775778771 ) ) ;
#4536 = CARTESIAN_POINT ( 'NONE',  ( 1.934277484737920050, 3.630000000000000338, -0.8808699374229455037 ) ) ;
#4537 = CARTESIAN_POINT ( 'NONE',  ( 1.109127711218751422, 3.679999999999997495, 0.2933602969551767914 ) ) ;
#4538 = CARTESIAN_POINT ( 'NONE',  ( -0.2781569047734712696, 3.680000000000001048, -0.8376006540887754870 ) ) ;
#4539 = AXIS2_PLACEMENT_3D ( 'NONE', #5281, #1303, #4782 ) ;
#4540 = ORIENTED_EDGE ( 'NONE', *, *, #3926, .F. ) ;
#4541 = COLOUR_RGB ( '',0.7686274509803920907, 0.7686274509803920907, 0.7686274509803920907 ) ;
#4542 = CARTESIAN_POINT ( 'NONE',  ( -1.435166812300173067, 3.680000000000001936, 0.6007474025870125356 ) ) ;
#4543 = CARTESIAN_POINT ( 'NONE',  ( -3.249999999999999112, 0.5000000000000000000, 0.0000000000000000000 ) ) ;
#4544 = ORIENTED_EDGE ( 'NONE', *, *, #2889, .T. ) ;
#4545 = EDGE_CURVE ( 'NONE', #941, #1434, #6141, .T. ) ;
#4546 = FILL_AREA_STYLE ('',( #3994 ) ) ;
#4547 = CARTESIAN_POINT ( 'NONE',  ( -0.8784598443191784511, 3.679999999999999272, -0.1722754738825201803 ) ) ;
#4548 = COLOUR_RGB ( '',0.7686274509803920907, 0.7686274509803920907, 0.7686274509803920907 ) ;
#4549 = CARTESIAN_POINT ( 'NONE',  ( 2.227688112543740662, 3.629999999999999449, -0.6050747405586921479 ) ) ;
#4550 = SURFACE_SIDE_STYLE ('',( #5053 ) ) ;
#4551 = SURFACE_STYLE_USAGE ( .BOTH. , #2042 ) ;
#4552 = ORIENTED_EDGE ( 'NONE', *, *, #2942, .F. ) ;
#4553 = STYLED_ITEM ( 'NONE', ( #6351 ), #2307 ) ;
#4554 = ORIENTED_EDGE ( 'NONE', *, *, #2414, .F. ) ;
#4555 = CARTESIAN_POINT ( 'NONE',  ( 1.999237821006256022, 3.679999999999998384, 0.6280818497790879862 ) ) ;
#4556 = CARTESIAN_POINT ( 'NONE',  ( -2.096016666882061674, 3.629999999999999893, 0.6663595819604554160 ) ) ;
#4557 = VECTOR ( 'NONE', #2003, 1000.000000000000000 ) ;
#4558 = CARTESIAN_POINT ( 'NONE',  ( -0.7190284558071410315, 3.629999999999999893, 0.4385180809487588260 ) ) ;
#4559 = CARTESIAN_POINT ( 'NONE',  ( -0.8505481431488596256, 3.679999999999999272, -0.7440990805603757696 ) ) ;
#4560 = CARTESIAN_POINT ( 'NONE',  ( 0.5477885700890710030, 3.680000000000000604, -0.7327592144130750107 ) ) ;
#4561 =( NAMED_UNIT ( * ) PLANE_ANGLE_UNIT ( ) SI_UNIT ( $, .RADIAN. ) );
#4562 = CARTESIAN_POINT ( 'NONE',  ( 0.1563068060728300124, 3.679999999999999272, 0.1484287315833060228 ) ) ;
#4563 =( LENGTH_UNIT ( ) NAMED_UNIT ( * ) SI_UNIT ( .MILLI., .METRE. ) );
#4564 = CARTESIAN_POINT ( 'NONE',  ( -0.1669671627649059742, 3.629999999999999449, -0.4385118635079116589 ) ) ;
#4565 = AXIS2_PLACEMENT_3D ( 'NONE', #5698, #1107, #3197 ) ;
#4566 = EDGE_CURVE ( 'NONE', #2364, #2733, #2196, .T. ) ;
#4567 = CARTESIAN_POINT ( 'NONE',  ( -3.249999999999999556, 0.0000000000000000000, 2.500000000000000444 ) ) ;
#4568 = CARTESIAN_POINT ( 'NONE',  ( 0.6632491089781084037, 3.629999999999999449, 0.5208762368943952170 ) ) ;
#4569 = B_SPLINE_CURVE_WITH_KNOTS ( 'NONE', 3,
 ( #425, #5532, #1457, #3400, #5471, #3929, #1896, #6519, #1954, #3435, #2987, #2487, #4515, #1427, #2458 ),
 .UNSPECIFIED., .F., .F.,
 ( 4, 1, 1, 1, 1, 1, 1, 1, 1, 1, 1, 1, 4 ),
 ( 0.0000000000000000000, 0.08968993624739336756, 0.1784940104960778262, 0.2668377532994885004, 0.3565581760610172513, 0.4453342496549777541, 0.5308058350374912360, 0.6140762174402836227, 0.6977070858228028305, 0.7791419498114611208, 0.8553535905869756872, 0.9285568200856554322, 1.000000000000000000 ),
 .UNSPECIFIED. ) ;
#4570 = CARTESIAN_POINT ( 'NONE',  ( -0.9975393477733239811, 3.679999999999996607, 0.1484287315833060783 ) ) ;
#4571 = CARTESIAN_POINT ( 'NONE',  ( -1.864896345717588444, 3.679999999999999272, -0.1172372848205787271 ) ) ;
#4572 = B_SPLINE_CURVE_WITH_KNOTS ( 'NONE', 3,
 ( #4783, #5282, #2741, #4285, #6322, #2841, #2806, #3287, #6354, #2777, #4817, #1786, #3726, #258, #4349, #6392, #4582, #1554, #6466, #532, #1938, #4058, #2585, #2106, #4970, #342, #3591 ),
 .UNSPECIFIED., .F., .F.,
 ( 4, 1, 1, 1, 1, 1, 1, 1, 1, 1, 1, 1, 1, 1, 1, 1, 1, 1, 1, 1, 1, 1, 1, 1, 4 ),
 ( 0.0000000000000000000, 0.06506328961727909921, 0.1267731664665229241, 0.1855157632260790446, 0.2407646791677148790, 0.2929797960235979715, 0.3422503727797672757, 0.3889192861856602956, 0.4327756640583103054, 0.4746284326311174251, 0.5147746906379533360, 0.5536058934984421365, 0.5914264064311726132, 0.6280281199460669983, 0.6638036341103202842, 0.6989843361316633308, 0.7335914893067053688, 0.7676284691511398028, 0.8012083477865920011, 0.8342638397266233241, 0.8669806947287757026, 0.8997197415181601432, 0.9327019124985381771, 0.9661758834327490719, 1.000000000000000000 ),
 .UNSPECIFIED. ) ;
#4573 = CARTESIAN_POINT ( 'NONE',  ( 2.304617131421812459, 3.630000000000000782, -0.3080975394639433040 ) ) ;
#4574 = CARTESIAN_POINT ( 'NONE',  ( -1.959963497371361774, 3.680000000000001048, -0.6389322185550636579 ) ) ;
#4575 = CARTESIAN_POINT ( 'NONE',  ( 1.800484832114657374, 3.680000000000000160, -0.7476697691314242444 ) ) ;
#4576 = EDGE_LOOP ( 'NONE', ( #4246, #4151, #2679, #1766, #4758 ) ) ;
#4577 = CARTESIAN_POINT ( 'NONE',  ( -2.579201065969933371, 3.679999999999997495, 0.2965672832810952730 ) ) ;
#4578 = ORIENTED_EDGE ( 'NONE', *, *, #2532, .T. ) ;
#4579 = DIRECTION ( 'NONE',  ( 0.0000000000000000000, -1.000000000000000000, 0.0000000000000000000 ) ) ;
#4580 = CARTESIAN_POINT ( 'NONE',  ( -0.7919705673655568212, 3.680000000000000160, -0.5762433685113901305 ) ) ;
#4581 = CARTESIAN_POINT ( 'NONE',  ( 1.900969711007855834, 3.629999999999999893, -0.8902646408155133750 ) ) ;
#4582 = CARTESIAN_POINT ( 'NONE',  ( 2.089144839859539360, 3.629999999999999449, 0.5681031572849437605 ) ) ;
#4583 = CARTESIAN_POINT ( 'NONE',  ( 0.3206095234832841978, 3.629999999999999893, 0.2623444497358974337 ) ) ;
#4584 = ORIENTED_EDGE ( 'NONE', *, *, #3955, .F. ) ;
#4585 = ORIENTED_EDGE ( 'NONE', *, *, #5539, .F. ) ;
#4586 = CARTESIAN_POINT ( 'NONE',  ( -2.196289362896724828, 3.679999999999999716, 0.6748566186387521260 ) ) ;
#4587 = B_SPLINE_CURVE_WITH_KNOTS ( 'NONE', 3,
 ( #3070, #5648, #4633, #3106, #6635, #5140, #2093, #3721, #6203, #1019, #2129 ),
 .UNSPECIFIED., .F., .F.,
 ( 4, 1, 1, 1, 1, 1, 1, 1, 4 ),
 ( 0.0000000000000000000, 0.1261777183170036398, 0.2488206074857944872, 0.3715399692351531447, 0.4999837069108847287, 0.6272441978753720004, 0.7492255210762668316, 0.8722979504176522347, 1.000000000000000000 ),
 .UNSPECIFIED. ) ;
#4588 = CARTESIAN_POINT ( 'NONE',  ( 2.313426735441986626, 3.629999999999999893, -0.08951460528861865384 ) ) ;
#4589 = CARTESIAN_POINT ( 'NONE',  ( -2.040344379191924684, 3.629999999999999893, 0.6533985028547378837 ) ) ;
#4590 = CARTESIAN_POINT ( 'NONE',  ( -0.7926056231621096959, 3.680000000000001936, 0.3496025440466696832 ) ) ;
#4591 = CARTESIAN_POINT ( 'NONE',  ( -0.9338573030205296055, 3.679999999999999716, -0.6109811010550231236 ) ) ;
#4592 = FILL_AREA_STYLE_COLOUR ( '', #69 ) ;
#4593 = FILL_AREA_STYLE_COLOUR ( '', #1798 ) ;
#4594 = CARTESIAN_POINT ( 'NONE',  ( -2.001797330440802991, 3.679999999999999272, -0.3418096451623114373 ) ) ;
#4595 = CARTESIAN_POINT ( 'NONE',  ( 2.157156973861095395, 3.680000000000001048, 0.1371035866993395302 ) ) ;
#4596 = CARTESIAN_POINT ( 'NONE',  ( -0.2966818095070309913, 3.680000000000000160, -0.6649389182869539505 ) ) ;
#4597 = VERTEX_POINT ( 'NONE', #9 ) ;
#4598 = CARTESIAN_POINT ( 'NONE',  ( -2.134146874797579141, 3.630000000000000782, -0.1075646159804556218 ) ) ;
#4599 = CARTESIAN_POINT ( 'NONE',  ( -2.284874577186091660, 3.630000000000000338, -0.1071704197681786763 ) ) ;
#4600 = CARTESIAN_POINT ( 'NONE',  ( -0.8721516517663859824, 3.679999999999997939, 0.4897084084938399529 ) ) ;
#4601 = CARTESIAN_POINT ( 'NONE',  ( -2.436495354678606340, 3.679999999999999272, 0.6404091579860122785 ) ) ;
#4602 = CARTESIAN_POINT ( 'NONE',  ( 2.227688112543740662, 3.629999999999999449, -0.6050747405586921479 ) ) ;
#4603 = CARTESIAN_POINT ( 'NONE',  ( -1.012805072086593094, 3.679999999999999272, -0.04221051877335934427 ) ) ;
#4604 = CARTESIAN_POINT ( 'NONE',  ( 1.898237445485355446, 3.680000000000000160, -0.7327132144862829044 ) ) ;
#4605 = ORIENTED_EDGE ( 'NONE', *, *, #1428, .T. ) ;
#4606 = VERTEX_POINT ( 'NONE', #1063 ) ;
#4607 = CARTESIAN_POINT ( 'NONE',  ( 0.2598484642815935275, 3.680000000000000160, 0.4576970189226607921 ) ) ;
#4608 = CARTESIAN_POINT ( 'NONE',  ( -1.009765539920029154, 3.629999999999998561, -0.2512471432840845953 ) ) ;
#4609 = CARTESIAN_POINT ( 'NONE',  ( -0.5117146871161122323, 3.629999999999999893, 0.6754071539454989948 ) ) ;
#4610 = FILL_AREA_STYLE_COLOUR ( '', #6137 ) ;
#4611 = FACE_OUTER_BOUND ( 'NONE', #665, .T. ) ;
#4612 = CARTESIAN_POINT ( 'NONE',  ( 0.3330548507233386246, 3.680000000000000604, 0.2934797648053331098 ) ) ;
#4613 = EDGE_LOOP ( 'NONE', ( #3388, #1991, #5048, #3250 ) ) ;
#4614 = ORIENTED_EDGE ( 'NONE', *, *, #4199, .F. ) ;
#4615 = CARTESIAN_POINT ( 'NONE',  ( -2.196289362896724828, 3.629999999999999893, 0.6748566186387521260 ) ) ;
#4616 = CARTESIAN_POINT ( 'NONE',  ( -1.814750161289286678, 3.629999999999999893, -0.07190951013192811714 ) ) ;
#4617 = UNCERTAINTY_MEASURE_WITH_UNIT (LENGTH_MEASURE( 1.000000000000000082E-05 ), #1716, 'distance_accuracy_value', 'NONE');
#4618 = CARTESIAN_POINT ( 'NONE',  ( -0.1924456765571521677, 3.679999999999996607, -0.7701568731001783297 ) ) ;
#4619 = PRESENTATION_STYLE_ASSIGNMENT (( #2591 ) ) ;
#4620 = CARTESIAN_POINT ( 'NONE',  ( -0.8677592777185525463, 3.680000000000001048, 0.1040367025673501200 ) ) ;
#4621 = CARTESIAN_POINT ( 'NONE',  ( -0.8072030758356451008, 3.629999999999999005, 0.3224517141456209046 ) ) ;
#4622 =( LENGTH_UNIT ( ) NAMED_UNIT ( * ) SI_UNIT ( .MILLI., .METRE. ) );
#4623 = CARTESIAN_POINT ( 'NONE',  ( 0.3209114957240594701, 3.629999999999999893, -0.4890562694957944490 ) ) ;
#4624 = B_SPLINE_SURFACE_WITH_KNOTS ( 'NONE', 3, 1, ( 
 ( #1676, #652 ),
 ( #2695, #2263 ),
 ( #3718, #1665 ),
 ( #21, #3673 ),
 ( #6124, #2079 ),
 ( #4119, #3092 ),
 ( #4725, #4220 ),
 ( #3705, #1704 ),
 ( #5739, #3202 ),
 ( #4615, #4586 ),
 ( #609, #1558 ) ),
 .UNSPECIFIED., .F., .F., .F.,
 ( 4, 1, 1, 1, 1, 1, 1, 1, 4 ),
 ( 2, 2 ),
 ( 0.0000000000000000000, 0.1192834503733711249, 0.2370928820686308280, 0.3547960442151273375, 0.4745763009408493494, 0.5974600658149763488, 0.7249261546156139380, 0.8588831991927642351, 1.000000000000000000 ),
 ( 0.0000000000000000000, 1.000000000000000000 ),
 .UNSPECIFIED. ) ;
#4625 = EDGE_CURVE ( 'NONE', #6087, #3041, #278, .T. ) ;
#4626 = ADVANCED_FACE ( 'NONE', ( #4351 ), #75, .T. ) ;
#4627 = CARTESIAN_POINT ( 'NONE',  ( -0.03158258998950137092, 3.629999999999999449, 0.2458128376699937889 ) ) ;
#4628 = CARTESIAN_POINT ( 'NONE',  ( -1.260701380139944261, 3.680000000000000160, 0.6358945001198813562 ) ) ;
#4629 = CARTESIAN_POINT ( 'NONE',  ( 2.151525664480356426, 3.629999999999999449, -0.3995362814424763265 ) ) ;
#4630 = CARTESIAN_POINT ( 'NONE',  ( -2.098433140963559040, 3.629999999999999449, -0.2858292833374591058 ) ) ;
#4631 = CARTESIAN_POINT ( 'NONE',  ( 2.157156973861095395, 3.630000000000001226, 0.1371035866993395302 ) ) ;
#4632 =( NAMED_UNIT ( * ) PLANE_ANGLE_UNIT ( ) SI_UNIT ( $, .RADIAN. ) );
#4633 = CARTESIAN_POINT ( 'NONE',  ( -1.207047629494421237, 3.680000000000000160, 0.5556867676210953677 ) ) ;
#4634 = ORIENTED_EDGE ( 'NONE', *, *, #3460, .F. ) ;
#4635 =( GEOMETRIC_REPRESENTATION_CONTEXT ( 3 ) GLOBAL_UNCERTAINTY_ASSIGNED_CONTEXT ( ( #2825 ) ) GLOBAL_UNIT_ASSIGNED_CONTEXT ( ( #4231, #759, #6312 ) ) REPRESENTATION_CONTEXT ( 'NONE', 'WORKASPACE' ) );
#4636 = ORIENTED_EDGE ( 'NONE', *, *, #2707, .F. ) ;
#4637 = CARTESIAN_POINT ( 'NONE',  ( 0.3826452999863595994, 3.630000000000001226, -0.8179846728606954276 ) ) ;
#4638 = CARTESIAN_POINT ( 'NONE',  ( -2.246535893694914243, 3.679999999999998384, -0.1123516342420378955 ) ) ;
#4639 =( NAMED_UNIT ( * ) SI_UNIT ( $, .STERADIAN. ) SOLID_ANGLE_UNIT ( ) );
#4640 = CARTESIAN_POINT ( 'NONE',  ( -2.717252559310745497, 3.679999999999999272, 0.2974750730579978630 ) ) ;
#4641 = UNCERTAINTY_MEASURE_WITH_UNIT (LENGTH_MEASURE( 1.000000000000000082E-05 ), #1639, 'distance_accuracy_value', 'NONE');
#4642 = STYLED_ITEM ( 'NONE', ( #3611 ), #4180 ) ;
#4643 = CARTESIAN_POINT ( 'NONE',  ( 2.297183604587980543, 3.680000000000000604, -0.3665578894240124064 ) ) ;
#4644 = CARTESIAN_POINT ( 'NONE',  ( -0.9496707115884888140, 3.680000000000000604, 0.3458017785468924798 ) ) ;
#4645 = CARTESIAN_POINT ( 'NONE',  ( -0.03162366349564469520, 3.679999999999999272, -0.4725566460590626128 ) ) ;
#4646 = ORIENTED_EDGE ( 'NONE', *, *, #156, .T. ) ;
#4647 = ORIENTED_EDGE ( 'NONE', *, *, #1518, .T. ) ;
#4648 = CARTESIAN_POINT ( 'NONE',  ( 0.9130098170861389306, 3.629999999999998561, 0.3767878714466541545 ) ) ;
#4649 = CARTESIAN_POINT ( 'NONE',  ( -0.8784598443191784511, 3.679999999999999272, -0.1722754738825201803 ) ) ;
#4650 = CARTESIAN_POINT ( 'NONE',  ( -2.590140167885343292, 3.629999999999999005, 0.2168735000993451401 ) ) ;
#4651 = STYLED_ITEM ( 'NONE', ( #1700 ), #371 ) ;
#4652 = CARTESIAN_POINT ( 'NONE',  ( -2.208229110193035361, 3.629999999999999893, -0.9015159229775778771 ) ) ;
#4653 = CARTESIAN_POINT ( 'NONE',  ( 0.3466430780105092535, 3.629999999999999893, 0.3224517141456206826 ) ) ;
#4654 = EDGE_CURVE ( 'NONE', #2309, #5079, #3517, .T. ) ;
#4655 = ORIENTED_EDGE ( 'NONE', *, *, #6419, .T. ) ;
#4656 = ORIENTED_EDGE ( 'NONE', *, *, #2357, .F. ) ;
#4657 =( NAMED_UNIT ( * ) SI_UNIT ( $, .STERADIAN. ) SOLID_ANGLE_UNIT ( ) );
#4658 = CARTESIAN_POINT ( 'NONE',  ( -1.917743661110502762, 3.629999999999999005, -0.5387724872708751223 ) ) ;
#4659 = VECTOR ( 'NONE', #2607, 1000.000000000000000 ) ;
#4660 = SURFACE_SIDE_STYLE ('',( #5131 ) ) ;
#4661 = CARTESIAN_POINT ( 'NONE',  ( -0.09902078196356542406, 3.679999999999997495, -0.6435308254703240305 ) ) ;
#4662 = SURFACE_SIDE_STYLE ('',( #6163 ) ) ;
#4663 = VECTOR ( 'NONE', #2296, 1000.000000000000000 ) ;
#4664 = CARTESIAN_POINT ( 'NONE',  ( -1.009765539920029154, 3.679999999999998384, -0.2512471432840845953 ) ) ;
#4665 = STYLED_ITEM ( 'NONE', ( #4492 ), #5444 ) ;
#4666 = CARTESIAN_POINT ( 'NONE',  ( 2.082909860507245803, 3.629999999999999893, 0.3515568068007470792 ) ) ;
#4667 =( NAMED_UNIT ( * ) SI_UNIT ( $, .STERADIAN. ) SOLID_ANGLE_UNIT ( ) );
#4668 = PRESENTATION_STYLE_ASSIGNMENT (( #5678 ) ) ;
#4669 = VECTOR ( 'NONE', #4135, 1000.000000000000000 ) ;
#4670 = CARTESIAN_POINT ( 'NONE',  ( 2.129188098509981142, 3.629999999999999893, -0.4753088270986003394 ) ) ;
#4671 = CARTESIAN_POINT ( 'NONE',  ( -2.134802845712507668, 3.680000000000000160, -0.2749410329134977515 ) ) ;
#4672 = CARTESIAN_POINT ( 'NONE',  ( -0.1561666432119514225, 3.679999999999997051, -0.3995362814424763265 ) ) ;
#4673 = PLANE ( 'NONE',  #3501 ) ;
#4674 = VECTOR ( 'NONE', #2303, 1000.000000000000000 ) ;
#4675 = ORIENTED_EDGE ( 'NONE', *, *, #4566, .F. ) ;
#4676 = CARTESIAN_POINT ( 'NONE',  ( 0.3546068678691693954, 3.629999999999999449, -0.7957648289813760156 ) ) ;
#4677 =( LENGTH_UNIT ( ) NAMED_UNIT ( * ) SI_UNIT ( .MILLI., .METRE. ) );
#4678 = CARTESIAN_POINT ( 'NONE',  ( -0.7699931313086856299, 3.679999999999996163, 0.5930743968738463323 ) ) ;
#4679 = CARTESIAN_POINT ( 'NONE',  ( -1.895370100108894285, 3.680000000000001048, 0.5837525824689020482 ) ) ;
#4680 = CARTESIAN_POINT ( 'NONE',  ( 2.276068644196663993, 3.629999999999999893, -0.4725566460590628903 ) ) ;
#4681 = CARTESIAN_POINT ( 'NONE',  ( 0.8955060707198780889, 3.680000000000001048, 0.3998875696959026116 ) ) ;
#4682 = CARTESIAN_POINT ( 'NONE',  ( 1.018231287850013267, 3.680000000000003713, -0.2670601040317102659 ) ) ;
#4683 = VERTEX_POINT ( 'NONE', #2475 ) ;
#4684 = EDGE_LOOP ( 'NONE', ( #1242, #1539, #5019, #3326 ) ) ;
#4685 = CARTESIAN_POINT ( 'NONE',  ( 0.6632491089781084037, 3.679999999999999716, 0.5208762368943952170 ) ) ;
#4686 = CARTESIAN_POINT ( 'NONE',  ( -2.220366809498420579, 3.629999999999999893, -0.1128171096443464083 ) ) ;
#4687 = CARTESIAN_POINT ( 'NONE',  ( 1.122222490350509361, 3.679999999999999272, -0.4725566460590626128 ) ) ;
#4688 = ORIENTED_EDGE ( 'NONE', *, *, #6447, .F. ) ;
#4689 = ORIENTED_EDGE ( 'NONE', *, *, #4443, .F. ) ;
#4690 =( LENGTH_UNIT ( ) NAMED_UNIT ( * ) SI_UNIT ( .MILLI., .METRE. ) );
#4691 = UNCERTAINTY_MEASURE_WITH_UNIT (LENGTH_MEASURE( 1.000000000000000082E-05 ), #2752, 'distance_accuracy_value', 'NONE');
#4692 = CARTESIAN_POINT ( 'NONE',  ( 0.4741425338365615194, 3.630000000000000338, 0.6437671857298028488 ) ) ;
#4693 = B_SPLINE_SURFACE_WITH_KNOTS ( 'NONE', 3, 1, ( 
 ( #688, #3276 ),
 ( #1268, #6280 ),
 ( #5821, #1717 ),
 ( #2666, #4338 ),
 ( #3751, #6346 ),
 ( #1746, #110 ),
 ( #1779, #2297 ),
 ( #3812, #5790 ),
 ( #1233, #5312 ),
 ( #2163, #222 ),
 ( #5347, #2264 ),
 ( #3246, #5275 ),
 ( #4308, #2729 ),
 ( #6235, #1677 ),
 ( #2799, #2233 ),
 ( #724, #5755 ),
 ( #2768, #4277 ),
 ( #1167, #3213 ),
 ( #4837, #248 ) ),
 .UNSPECIFIED., .F., .F., .F.,
 ( 4, 1, 1, 1, 1, 1, 1, 1, 1, 1, 1, 1, 1, 1, 1, 1, 4 ),
 ( 2, 2 ),
 ( 0.0000000000000000000, 0.07952482958501388977, 0.1550999763495364558, 0.2272198200732688522, 0.2959105041914710243, 0.3620558809471787765, 0.4255201169126362482, 0.4858127192253080540, 0.5444947060018106022, 0.6014596357222256051, 0.6578405937966487205, 0.7139744721931380322, 0.7694679515974511830, 0.8261299671813289169, 0.8828853593090688623, 0.9407008816662020267, 1.000000000000000000 ),
 ( 0.0000000000000000000, 1.000000000000000000 ),
 .UNSPECIFIED. ) ;
#4694 = EDGE_CURVE ( 'NONE', #6087, #1004, #6563, .T. ) ;
#4695 = UNCERTAINTY_MEASURE_WITH_UNIT (LENGTH_MEASURE( 1.000000000000000082E-05 ), #2437, 'distance_accuracy_value', 'NONE');
#4696 = CARTESIAN_POINT ( 'NONE',  ( -0.5117146871161122323, 3.679999999999997051, -0.9015159229775778771 ) ) ;
#4697 = CARTESIAN_POINT ( 'NONE',  ( -2.428781994808419942, 3.629999999999999893, -0.1986914037468087424 ) ) ;
#4698 = LINE ( 'NONE', #3601, #3814 ) ;
#4699 = B_SPLINE_CURVE_WITH_KNOTS ( 'NONE', 3,
 ( #4738, #2166, #3755, #5216, #1722, #2671, #3851, #1132, #5352, #1203, #3252, #3181, #5250, #4707, #2269, #2736, #4202, #6240, #1172 ),
 .UNSPECIFIED., .F., .F.,
 ( 4, 1, 1, 1, 1, 1, 1, 1, 1, 1, 1, 1, 1, 1, 1, 1, 4 ),
 ( 0.0000000000000000000, 0.05456394950705870106, 0.1078262027811417584, 0.1619237085214015048, 0.2175097010530397112, 0.2744983327961385555, 0.3348147646240164366, 0.3975549470643525707, 0.4647545773562002935, 0.5329012097695255967, 0.6000972138233283681, 0.6653541614565463558, 0.7310836277242082071, 0.7968834939590081490, 0.8632915901470219477, 0.9308312175092471330, 1.000000000000000000 ),
 .UNSPECIFIED. ) ;
#4700 = CARTESIAN_POINT ( 'NONE',  ( -0.003182825332297029106, 3.629999999999999005, 0.08226461063017137532 ) ) ;
#4701 = CARTESIAN_POINT ( 'NONE',  ( 2.140725144927401402, 3.629999999999999449, -0.4385118635079115479 ) ) ;
#4702 = SURFACE_STYLE_USAGE ( .BOTH. , #653 ) ;
#4703 = CARTESIAN_POINT ( 'NONE',  ( -0.2062439790918992877, 3.629999999999999893, -0.5412721588969223729 ) ) ;
#4704 = EDGE_CURVE ( 'NONE', #2993, #5117, #3285, .T. ) ;
#4705 = CARTESIAN_POINT ( 'NONE',  ( -2.367374516045908983, 3.679999999999998384, 0.5007424646636254861 ) ) ;
#4706 = CARTESIAN_POINT ( 'NONE',  ( -2.596267743392460137, 3.629999999999999449, 0.5315245190892164961 ) ) ;
#4707 = CARTESIAN_POINT ( 'NONE',  ( -2.324055651908746523, 3.630000000000001226, -0.2857158061871724053 ) ) ;
#4708 = CARTESIAN_POINT ( 'NONE',  ( -0.6149870761004676556, 3.679999999999997495, 0.6641806601897408679 ) ) ;
#4709 = CARTESIAN_POINT ( 'NONE',  ( -2.596267743392460137, 3.679999999999999716, 0.5315245190892164961 ) ) ;
#4710 = CARTESIAN_POINT ( 'NONE',  ( 2.312891014473193785, 3.680000000000000160, -0.1803889511128611844 ) ) ;
#4711 = CARTESIAN_POINT ( 'NONE',  ( -0.8939976895645604937, 3.680000000000000604, 0.4576970189226609587 ) ) ;
#4712 = CARTESIAN_POINT ( 'NONE',  ( -2.268836400115286533, 3.680000000000000160, -0.2712906988522665874 ) ) ;
#4713 = CARTESIAN_POINT ( 'NONE',  ( 1.005718570725756766, 3.630000000000001226, -0.3577718649040553811 ) ) ;
#4714 = ORIENTED_EDGE ( 'NONE', *, *, #5316, .T. ) ;
#4715 = ORIENTED_EDGE ( 'NONE', *, *, #5420, .F. ) ;
#4716 = SURFACE_STYLE_FILL_AREA ( #2141 ) ;
#4717 = CARTESIAN_POINT ( 'NONE',  ( 0.6632491089781084037, 3.629999999999999449, 0.5208762368943952170 ) ) ;
#4718 = CARTESIAN_POINT ( 'NONE',  ( -0.9505663554569625529, 3.630000000000000338, -0.5713049426169536371 ) ) ;
#4719 = EDGE_CURVE ( 'NONE', #1130, #3981, #5460, .T. ) ;
#4720 = ADVANCED_FACE ( 'NONE', ( #3480 ), #3980, .F. ) ;
#4721 = CARTESIAN_POINT ( 'NONE',  ( -2.465892675926477651, 3.629999999999999893, -0.6430840287946906209 ) ) ;
#4722 =( LENGTH_UNIT ( ) NAMED_UNIT ( * ) SI_UNIT ( .MILLI., .METRE. ) );
#4723 = CARTESIAN_POINT ( 'NONE',  ( 1.159583446858470923, 3.629999999999999449, -0.1354927300369349330 ) ) ;
#4724 = CARTESIAN_POINT ( 'NONE',  ( -2.356794478033635176, 3.679999999999999716, -0.08901603482747726115 ) ) ;
#4725 = CARTESIAN_POINT ( 'NONE',  ( -2.040344379191924684, 3.629999999999999893, 0.6533985028547378837 ) ) ;
#4726 = CARTESIAN_POINT ( 'NONE',  ( -1.732189913291030559, 3.629999999999999893, 0.05374379331078437544 ) ) ;
#4727 = CARTESIAN_POINT ( 'NONE',  ( -1.917743661110502762, 3.679999999999999272, -0.5387724872708751223 ) ) ;
#4728 = CARTESIAN_POINT ( 'NONE',  ( 1.795977620576195255, 3.629999999999999893, 0.6754071539454989948 ) ) ;
#4729 = CARTESIAN_POINT ( 'NONE',  ( -2.715184143595785304, 3.630000000000000338, 0.1203938798563165130 ) ) ;
#4730 = SURFACE_SIDE_STYLE ('',( #3923 ) ) ;
#4731 = CARTESIAN_POINT ( 'NONE',  ( 1.750683847389551184, 3.680000000000000160, -0.7450563230951849913 ) ) ;
#4732 = CARTESIAN_POINT ( 'NONE',  ( 2.097508348090905361, 3.629999999999999893, 0.3243157031153131031 ) ) ;
#4733 = CARTESIAN_POINT ( 'NONE',  ( -2.618113986730316700, 3.630000000000000782, -0.3794221892671238994 ) ) ;
#4734 = CARTESIAN_POINT ( 'NONE',  ( 2.085924717699398911, 3.680000000000002380, -0.5707513266498394078 ) ) ;
#4735 = CARTESIAN_POINT ( 'NONE',  ( -2.720630627011500824, 3.680000000000001492, 0.1503065090453127028 ) ) ;
#4736 = ORIENTED_EDGE ( 'NONE', *, *, #448, .T. ) ;
#4737 = PLANE ( 'NONE',  #4011 ) ;
#4738 = CARTESIAN_POINT ( 'NONE',  ( -2.513217090962266198, 3.629999999999998561, -0.5144966922083471506 ) ) ;
#4739 = CARTESIAN_POINT ( 'NONE',  ( -2.583761897486414050, 3.629999999999999449, 0.1529145278306952016 ) ) ;
#4740 = B_SPLINE_CURVE_WITH_KNOTS ( 'NONE', 3,
 ( #146, #4236, #4282, #5559, #3380, #5351, #2404, #5923, #3908, #2268, #728, #3420, #5953, #2837, #6414, #5857, #1844, #1301, #3318, #2878, #5412, #1750, #1782 ),
 .UNSPECIFIED., .F., .F.,
 ( 4, 1, 1, 1, 1, 1, 1, 1, 1, 1, 1, 1, 1, 1, 1, 1, 1, 1, 1, 1, 4 ),
 ( 0.0000000000000000000, 0.06038661931106264341, 0.1208832485859957367, 0.1827546186251392535, 0.2478110297583515642, 0.2812991000432491506, 0.3150876241506568864, 0.3497023955502754355, 0.3848565811185559182, 0.4209661972261021790, 0.4585111882611392353, 0.4971747221273122297, 0.5376020478662693058, 0.5805030184200117294, 0.6274675400267046843, 0.6783882095592433936, 0.7339832205925604924, 0.7937467045508348473, 0.8577136721607321324, 0.9266978643613860145, 1.000000000000000000 ),
 .UNSPECIFIED. ) ;
#4741 = CARTESIAN_POINT ( 'NONE',  ( 2.118419373874656397, 3.680000000000001048, 0.2745161672461610691 ) ) ;
#4742 = CARTESIAN_POINT ( 'NONE',  ( -0.9975393477733239811, 3.629999999999999893, 0.1484287315833060783 ) ) ;
#4743 = B_SPLINE_SURFACE_WITH_KNOTS ( 'NONE', 3, 1, ( 
 ( #658, #6498 ),
 ( #3445, #1941 ),
 ( #2470, #6415 ),
 ( #5986, #883 ),
 ( #1331, #5382 ),
 ( #826, #3883 ),
 ( #4912, #6013 ),
 ( #407, #3909 ),
 ( #2343, #2371 ),
 ( #1845, #4471 ),
 ( #857, #345 ),
 ( #5516, #5454 ),
 ( #4501, #3475 ),
 ( #2908, #1967 ),
 ( #2937, #2879 ) ),
 .UNSPECIFIED., .F., .F., .F.,
 ( 4, 1, 1, 1, 1, 1, 1, 1, 1, 1, 1, 1, 4 ),
 ( 2, 2 ),
 ( 0.0000000000000000000, 0.07405842627338261874, 0.1488703523168776466, 0.2266676683691787597, 0.3077347594511131157, 0.3911572038059790146, 0.4739293555425533322, 0.5579277515150559141, 0.6449892900513592986, 0.7333640555176179632, 0.8210920421841606531, 0.9092872149973380003, 1.000000000000000000 ),
 ( 0.0000000000000000000, 1.000000000000000000 ),
 .UNSPECIFIED. ) ;
#4744 = CARTESIAN_POINT ( 'NONE',  ( -3.250000000000000888, 3.680000000000000160, -1.399999999999999689 ) ) ;
#4745 = CARTESIAN_POINT ( 'NONE',  ( -0.9975393477733239811, 3.680000000000000160, 0.1484287315833060783 ) ) ;
#4746 = B_SPLINE_CURVE_WITH_KNOTS ( 'NONE', 3,
 ( #786, #1329, #6384, #4735, #4374, #145, #1781, #5277, #5886, #4234, #4280, #2339, #6413, #5317, #3782, #188, #4310, #2194, #3377 ),
 .UNSPECIFIED., .F., .F.,
 ( 4, 1, 1, 1, 1, 1, 1, 1, 1, 1, 1, 1, 1, 1, 1, 1, 4 ),
 ( 0.0000000000000000000, 0.05885358602866799099, 0.1163154589633510205, 0.1726748434114561415, 0.2287803868808989116, 0.2845803591252746845, 0.3402565063845451321, 0.3966298050124565377, 0.4535072628751918855, 0.5123181897799952145, 0.5726484440568309076, 0.6360219358218005548, 0.7023629463891930547, 0.7714830560569292395, 0.8441844774899007753, 0.9200697939721534935, 1.000000000000000000 ),
 .UNSPECIFIED. ) ;
#4747 = VECTOR ( 'NONE', #5803, 1000.000000000000000 ) ;
#4748 = CARTESIAN_POINT ( 'NONE',  ( 2.175870217402535278, 3.679999999999999716, -0.007312642577163001693 ) ) ;
#4749 = ORIENTED_EDGE ( 'NONE', *, *, #4332, .F. ) ;
#4750 = CARTESIAN_POINT ( 'NONE',  ( -2.507838163519016117, 3.630000000000000782, -0.4683175685767943519 ) ) ;
#4751 = CARTESIAN_POINT ( 'NONE',  ( 1.568394521275725984, 3.680000000000000160, -0.6458920270262250574 ) ) ;
#4752 = CARTESIAN_POINT ( 'NONE',  ( 1.429090601345426537, 3.629999999999999893, -0.1130543845160394689 ) ) ;
#4753 = DIRECTION ( 'NONE',  ( 1.000000000000000000, 0.0000000000000000000, 2.668805347656626678E-16 ) ) ;
#4754 = B_SPLINE_SURFACE_WITH_KNOTS ( 'NONE', 3, 1, ( 
 ( #4503, #4915 ),
 ( #1914, #6530 ),
 ( #860, #4009 ),
 ( #1472, #5007 ),
 ( #1970, #3911 ),
 ( #2910, #411 ),
 ( #1848, #2474 ),
 ( #5957, #5548 ),
 ( #3422, #1048 ),
 ( #4946, #1410 ),
 ( #294, #3641 ) ),
 .UNSPECIFIED., .F., .F., .F.,
 ( 4, 1, 1, 1, 1, 1, 1, 1, 4 ),
 ( 2, 2 ),
 ( 0.0000000000000000000, 0.1105883385953362469, 0.2245417540535959433, 0.3425034940501039959, 0.4643240984173578889, 0.5907560327017664648, 0.7222274753555143478, 0.8588428362087241474, 0.9999999999999998890 ),
 ( 0.0000000000000000000, 1.000000000000000000 ),
 .UNSPECIFIED. ) ;
#4755 = CARTESIAN_POINT ( 'NONE',  ( 2.147837517059509427, 3.629999999999998117, 0.1813333426727402331 ) ) ;
#4756 = CARTESIAN_POINT ( 'NONE',  ( 1.156184967037895417, 3.679999999999999272, -0.2460548328160465925 ) ) ;
#4757 = EDGE_CURVE ( 'NONE', #3091, #4391, #923, .T. ) ;
#4758 = ORIENTED_EDGE ( 'NONE', *, *, #3731, .T. ) ;
#4759 = CARTESIAN_POINT ( 'NONE',  ( -1.455069597874754539, 3.630000000000000782, 0.5227123648656802901 ) ) ;
#4760 = LINE ( 'NONE', #6428, #1140 ) ;
#4761 = CARTESIAN_POINT ( 'NONE',  ( -0.1287726168566639129, 3.629999999999999449, -0.09502250833317595069 ) ) ;
#4762 = CARTESIAN_POINT ( 'NONE',  ( 0.1891117293227000951, 3.629999999999999449, 0.3024496666069836359 ) ) ;
#4763 = CARTESIAN_POINT ( 'NONE',  ( 1.429090601345426537, 3.629999999999999893, -0.1130543845160394689 ) ) ;
#4764 = CARTESIAN_POINT ( 'NONE',  ( 0.2381749625636538081, 3.629999999999999893, -0.6480204730380638711 ) ) ;
#4765 = SURFACE_STYLE_USAGE ( .BOTH. , #3166 ) ;
#4766 = CARTESIAN_POINT ( 'NONE',  ( -2.724755552500727429, 3.629999999999999893, 0.2123662885608836037 ) ) ;
#4767 = CARTESIAN_POINT ( 'NONE',  ( -0.6054910248637002113, 3.680000000000001936, 0.5060575432019170927 ) ) ;
#4768 = SURFACE_STYLE_USAGE ( .BOTH. , #3873 ) ;
#4769 = CARTESIAN_POINT ( 'NONE',  ( -0.5468731076571843319, 3.629999999999999449, -0.9009257655664466569 ) ) ;
#4770 = CARTESIAN_POINT ( 'NONE',  ( -0.8786017063468812838, 3.629999999999999893, -0.1130543845160394689 ) ) ;
#4771 = FILL_AREA_STYLE_COLOUR ( '', #5096 ) ;
#4772 = CARTESIAN_POINT ( 'NONE',  ( 2.115983643282222548, 3.680000000000002824, -0.5095091075989407470 ) ) ;
#4773 = CARTESIAN_POINT ( 'NONE',  ( 1.022024063556380424, 3.680000000000000604, -0.007312642577163052000 ) ) ;
#4774 = CARTESIAN_POINT ( 'NONE',  ( 2.176630402192736735, 3.629999999999999893, -0.2180024922135022358 ) ) ;
#4775 = COLOUR_RGB ( '',0.8313725490196077761, 0.6705882352941175961, 0.1294117647058823373 ) ;
#4776 = CARTESIAN_POINT ( 'NONE',  ( -1.782447860193035138, 3.629999999999999893, -0.5123933268237318428 ) ) ;
#4777 = CARTESIAN_POINT ( 'NONE',  ( -2.674623704300273186, 3.629999999999999005, 0.4186975878224958314 ) ) ;
#4778 = AXIS2_PLACEMENT_3D ( 'NONE', #5392, #6331, #2891 ) ;
#4779 =( GEOMETRIC_REPRESENTATION_CONTEXT ( 3 ) GLOBAL_UNCERTAINTY_ASSIGNED_CONTEXT ( ( #4049 ) ) GLOBAL_UNIT_ASSIGNED_CONTEXT ( ( #5413, #4873, #2405 ) ) REPRESENTATION_CONTEXT ( 'NONE', 'WORKASPACE' ) );
#4780 = FACE_OUTER_BOUND ( 'NONE', #3800, .T. ) ;
#4781 = CARTESIAN_POINT ( 'NONE',  ( -2.575484521520200687, 3.630000000000000338, 0.1221398441549085834 ) ) ;
#4782 = DIRECTION ( 'NONE',  ( 0.0000000000000000000, 0.0000000000000000000, 1.000000000000000000 ) ) ;
#4783 = CARTESIAN_POINT ( 'NONE',  ( 2.313705985960811340, 3.629999999999999893, -0.1124534229775779742 ) ) ;
#4784 = ADVANCED_FACE ( 'NONE', ( #413 ), #6471, .T. ) ;
#4785 = STYLED_ITEM ( 'NONE', ( #6416 ), #2966 ) ;
#4786 = CARTESIAN_POINT ( 'NONE',  ( -2.590298739429234498, 3.679999999999998828, -0.09085791037234981771 ) ) ;
#4787 =( NAMED_UNIT ( * ) SI_UNIT ( $, .STERADIAN. ) SOLID_ANGLE_UNIT ( ) );
#4788 = CARTESIAN_POINT ( 'NONE',  ( 1.024547385932782939, 3.630000000000000782, -0.1663518433583049683 ) ) ;
#4789 = EDGE_LOOP ( 'NONE', ( #5768, #934 ) ) ;
#4790 = ORIENTED_EDGE ( 'NONE', *, *, #2830, .T. ) ;
#4791 = CARTESIAN_POINT ( 'NONE',  ( -2.217243533269958711, 3.630000000000000338, 0.6754071539454991058 ) ) ;
#4792 = CARTESIAN_POINT ( 'NONE',  ( -1.705524783269958489, 3.630000000000000338, 0.2000465770224221229 ) ) ;
#4793 = DIRECTION ( 'NONE',  ( 0.0000000000000000000, -1.000000000000000000, 0.0000000000000000000 ) ) ;
#4794 = SURFACE_SIDE_STYLE ('',( #6424 ) ) ;
#4795 = CARTESIAN_POINT ( 'NONE',  ( -1.783062671892674977, 3.680000000000000160, -0.4961176137422604882 ) ) ;
#4796 =( GEOMETRIC_REPRESENTATION_CONTEXT ( 3 ) GLOBAL_UNCERTAINTY_ASSIGNED_CONTEXT ( ( #6369 ) ) GLOBAL_UNIT_ASSIGNED_CONTEXT ( ( #6112, #3353, #2778 ) ) REPRESENTATION_CONTEXT ( 'NONE', 'WORKASPACE' ) );
#4797 = CARTESIAN_POINT ( 'NONE',  ( 0.7804313308917658620, 3.630000000000000338, -0.8808699374229448376 ) ) ;
#4798 = ORIENTED_EDGE ( 'NONE', *, *, #5539, .T. ) ;
#4799 = CARTESIAN_POINT ( 'NONE',  ( -2.246535893694914243, 3.679999999999999272, -0.1123516342420378955 ) ) ;
#4800 = EDGE_LOOP ( 'NONE', ( #4675, #1693, #4990, #862 ) ) ;
#4801 = CARTESIAN_POINT ( 'NONE',  ( 1.003310820014940985, 3.630000000000002114, 0.1371035866993394470 ) ) ;
#4802 = CARTESIAN_POINT ( 'NONE',  ( -1.840902804402204884, 3.630000000000000782, 0.2340721808244929647 ) ) ;
#4803 = CARTESIAN_POINT ( 'NONE',  ( 0.7443912916392018131, 3.679999999999999716, -0.7327132144862826824 ) ) ;
#4804 = SURFACE_STYLE_USAGE ( .BOTH. , #1257 ) ;
#4805 = CARTESIAN_POINT ( 'NONE',  ( 0.2381749625636538081, 3.680000000000000604, -0.6480204730380638711 ) ) ;
#4806 = EDGE_CURVE ( 'NONE', #5150, #6334, #3650, .T. ) ;
#4807 = CARTESIAN_POINT ( 'NONE',  ( 2.179090601345426315, 3.680000000000000160, -0.1130543845160394689 ) ) ;
#4808 = CARTESIAN_POINT ( 'NONE',  ( -2.685658736564516591, 3.630000000000000338, 0.03541652705168494425 ) ) ;
#4809 = DIRECTION ( 'NONE',  ( 0.0000000000000000000, 0.0000000000000000000, 1.000000000000000000 ) ) ;
#4810 = CARTESIAN_POINT ( 'NONE',  ( -0.6479949598788840026, 3.629999999999999893, -0.8808014643199169047 ) ) ;
#4811 = CARTESIAN_POINT ( 'NONE',  ( -2.634836245821774003, 3.680000000000000604, -0.4239268688582733535 ) ) ;
#4812 = FACE_OUTER_BOUND ( 'NONE', #5011, .T. ) ;
#4813 = CARTESIAN_POINT ( 'NONE',  ( 1.692569872623289173, 3.629999999999999893, -0.8903203986510359602 ) ) ;
#4814 = CARTESIAN_POINT ( 'NONE',  ( 0.6069730461889697448, 3.679999999999999272, -0.9009257655664462128 ) ) ;
#4815 = CARTESIAN_POINT ( 'NONE',  ( 1.508453021715323139, 3.679999999999999272, -0.7957648289813755715 ) ) ;
#4816 = CARTESIAN_POINT ( 'NONE',  ( -1.012805072086593094, 3.679999999999995719, -0.04221051877335934427 ) ) ;
#4817 = CARTESIAN_POINT ( 'NONE',  ( 2.229011506011892241, 3.630000000000000338, 0.3778688117300690874 ) ) ;
#4818 = CARTESIAN_POINT ( 'NONE',  ( 1.122222490350509361, 3.630000000000001670, -0.4725566460590626128 ) ) ;
#4819 = ORIENTED_EDGE ( 'NONE', *, *, #4226, .F. ) ;
#4820 =( NAMED_UNIT ( * ) PLANE_ANGLE_UNIT ( ) SI_UNIT ( $, .RADIAN. ) );
#4821 = APPLICATION_CONTEXT ( 'automotive_design' ) ;
#4822 = SURFACE_STYLE_USAGE ( .BOTH. , #4794 ) ;
#4823 = CARTESIAN_POINT ( 'NONE',  ( 1.800484832114657374, 3.680000000000001048, 0.5215610000993451401 ) ) ;
#4824 = CARTESIAN_POINT ( 'NONE',  ( 1.054825371882588403, 3.679999999999998384, -0.6435308254703238084 ) ) ;
#4825 = ORIENTED_EDGE ( 'NONE', *, *, #1816, .T. ) ;
#4826 = VERTEX_POINT ( 'NONE', #585 ) ;
#4827 = CARTESIAN_POINT ( 'NONE',  ( 0.4633825730942918719, 3.630000000000001226, -0.6877740693834174524 ) ) ;
#4828 = CARTESIAN_POINT ( 'NONE',  ( 1.435540655925922504, 3.680000000000000160, 0.4897084084938399529 ) ) ;
#4829 = FILL_AREA_STYLE ('',( #3306 ) ) ;
#4830 = CARTESIAN_POINT ( 'NONE',  ( -0.003075176270495634349, 3.679999999999997495, -0.3080975394639431930 ) ) ;
#4831 = CARTESIAN_POINT ( 'NONE',  ( 1.302899652900341376, 3.680000000000001936, 0.08899704713222963970 ) ) ;
#4832 = CARTESIAN_POINT ( 'NONE',  ( 1.429138835789092843, 3.680000000000000160, -0.1331901202385291916 ) ) ;
#4833 = CARTESIAN_POINT ( 'NONE',  ( 0.9976795106342022379, 3.629999999999999005, -0.3995362814424762155 ) ) ;
#4834 = CARTESIAN_POINT ( 'NONE',  ( -0.1412152733650254843, 3.629999999999999449, 0.4845116065617086631 ) ) ;
#4835 = CARTESIAN_POINT ( 'NONE',  ( -2.215741129423804967, 3.630000000000000338, 0.5215610000993452511 ) ) ;
#4836 = CARTESIAN_POINT ( 'NONE',  ( 1.944885580060685903, 3.680000000000003268, -0.7112136031175655404 ) ) ;
#4837 = CARTESIAN_POINT ( 'NONE',  ( -1.705524783269958489, 3.630000000000000338, 0.2000465770224221229 ) ) ;
#4838 = CARTESIAN_POINT ( 'NONE',  ( 2.101448328600408200, 3.630000000000000782, -0.5412721588969223729 ) ) ;
#4839 = CARTESIAN_POINT ( 'NONE',  ( 1.627526126571453124, 3.629999999999999893, -0.8692769918086846737 ) ) ;
#4840 = EDGE_CURVE ( 'NONE', #595, #5079, #5855, .T. ) ;
#4841 = EDGE_CURVE ( 'NONE', #2744, #1728, #4587, .T. ) ;
#4842 = DIRECTION ( 'NONE',  ( -0.0000000000000000000, 1.000000000000000000, -0.0000000000000000000 ) ) ;
#4843 = FACE_OUTER_BOUND ( 'NONE', #3079, .T. ) ;
#4844 = CARTESIAN_POINT ( 'NONE',  ( -2.575484521520200687, 3.679999999999999716, 0.1221398441549085834 ) ) ;
#4845 = CARTESIAN_POINT ( 'NONE',  ( 2.010789779477819117, 3.680000000000001936, 0.4404177906756158722 ) ) ;
#4846 = CARTESIAN_POINT ( 'NONE',  ( -0.9647344245234538151, 3.630000000000000782, 0.3024496666069836914 ) ) ;
#4847 = SURFACE_STYLE_FILL_AREA ( #4382 ) ;
#4848 = VERTEX_POINT ( 'NONE', #38 ) ;
#4849 = CARTESIAN_POINT ( 'NONE',  ( -2.296893460166121503, 3.629999999999999893, -0.2772772616116063737 ) ) ;
#4850 = CARTESIAN_POINT ( 'NONE',  ( 1.446406019123311459, 3.629999999999999449, -0.3759940567165692138 ) ) ;
#4851 = CARTESIAN_POINT ( 'NONE',  ( 0.2779905064770488710, 3.680000000000001492, 0.002369331732083175459 ) ) ;
#4852 = SURFACE_SIDE_STYLE ('',( #3293 ) ) ;
#4853 =( NAMED_UNIT ( * ) PLANE_ANGLE_UNIT ( ) SI_UNIT ( $, .RADIAN. ) );
#4854 = CARTESIAN_POINT ( 'NONE',  ( -0.3249664754293913882, 3.630000000000000782, 0.4628442175833039074 ) ) ;
#4855 = ORIENTED_EDGE ( 'NONE', *, *, #1518, .F. ) ;
#4856 = CARTESIAN_POINT ( 'NONE',  ( -1.455524783269958267, 3.629999999999999893, 0.5311763847147297213 ) ) ;
#4857 = ORIENTED_EDGE ( 'NONE', *, *, #5395, .T. ) ;
#4858 = CARTESIAN_POINT ( 'NONE',  ( 0.2752926819429384886, 3.629999999999999893, -0.1331901202385291638 ) ) ;
#4859 = FACE_OUTER_BOUND ( 'NONE', #5433, .T. ) ;
#4860 = CARTESIAN_POINT ( 'NONE',  ( 1.435540655925922504, 3.629999999999999893, 0.4897084084938399529 ) ) ;
#4861 = CARTESIAN_POINT ( 'NONE',  ( 1.342957883168854449, 3.629999999999999893, 0.3024496666069834139 ) ) ;
#4862 = AXIS2_PLACEMENT_3D ( 'NONE', #4170, #1646, #5249 ) ;
#4863 = LINE ( 'NONE', #277, #3291 ) ;
#4864 = CARTESIAN_POINT ( 'NONE',  ( 0.9621374894360690266, 3.629999999999999893, -0.5095091075989407470 ) ) ;
#4865 = ORIENTED_EDGE ( 'NONE', *, *, #6184, .F. ) ;
#4866 = DIRECTION ( 'NONE',  ( -0.0000000000000000000, 0.0000000000000000000, -1.000000000000000000 ) ) ;
#4867 = CARTESIAN_POINT ( 'NONE',  ( 2.097508348090905361, 3.679999999999999716, 0.3243157031153131031 ) ) ;
#4868 = CARTESIAN_POINT ( 'NONE',  ( -0.1412152733650254843, 3.679999999999999716, 0.4845116065617086631 ) ) ;
#4869 = CARTESIAN_POINT ( 'NONE',  ( -1.866399591729243079, 3.630000000000001226, 0.08533149020506698712 ) ) ;
#4870 = STYLED_ITEM ( 'NONE', ( #2130 ), #1378 ) ;
#4871 = CARTESIAN_POINT ( 'NONE',  ( -1.794427244066944871, 3.629999999999999005, -0.4175559581089231531 ) ) ;
#4872 = SURFACE_SIDE_STYLE ('',( #788 ) ) ;
#4873 =( NAMED_UNIT ( * ) PLANE_ANGLE_UNIT ( ) SI_UNIT ( $, .RADIAN. ) );
#4874 = CARTESIAN_POINT ( 'NONE',  ( 1.596345366918909381, 3.680000000000001048, -0.8546199058411397820 ) ) ;
#4875 =( GEOMETRIC_REPRESENTATION_CONTEXT ( 3 ) GLOBAL_UNCERTAINTY_ASSIGNED_CONTEXT ( ( #1081 ) ) GLOBAL_UNIT_ASSIGNED_CONTEXT ( ( #3530, #1986, #4026 ) ) REPRESENTATION_CONTEXT ( 'NONE', 'WORKASPACE' ) );
#4876 = CARTESIAN_POINT ( 'NONE',  ( -0.1406716312237847877, 3.629999999999999449, -0.3137360208878448575 ) ) ;
#4877 = CARTESIAN_POINT ( 'NONE',  ( -0.6797036200095925018, 3.629999999999999449, 0.6437671857298028488 ) ) ;
#4878 = EDGE_CURVE ( 'NONE', #2309, #350, #4451, .T. ) ;
#4879 = SURFACE_STYLE_FILL_AREA ( #5324 ) ;
#4880 = SURFACE_SIDE_STYLE ('',( #5895 ) ) ;
#4881 = CARTESIAN_POINT ( 'NONE',  ( -2.715184143595785304, 3.630000000000000338, 0.1203938798563165130 ) ) ;
#4882 = AXIS2_PLACEMENT_3D ( 'NONE', #1237, #4239, #1819 ) ;
#4883 = ORIENTED_EDGE ( 'NONE', *, *, #4719, .T. ) ;
#4884 = TOROIDAL_SURFACE ( 'NONE', #6150, 1.400000000000000577, 0.5000000000000000000 ) ;
#4885 = CARTESIAN_POINT ( 'NONE',  ( 1.429138835789092843, 3.629999999999999893, -0.1331901202385291916 ) ) ;
#4886 = FACE_OUTER_BOUND ( 'NONE', #1075, .T. ) ;
#4887 = COLOUR_RGB ( '',0.7686274509803920907, 0.7686274509803920907, 0.7686274509803920907 ) ;
#4888 = CARTESIAN_POINT ( 'NONE',  ( 0.3096830872545680013, 3.629999999999999893, 0.2282353880053845652 ) ) ;
#4889 = CARTESIAN_POINT ( 'NONE',  ( -2.208229110193035361, 3.679999999999999272, -0.9015159229775778771 ) ) ;
#4890 = CARTESIAN_POINT ( 'NONE',  ( -1.205524783269958267, 3.629999999999999893, 0.5311763847147297213 ) ) ;
#4891 = ORIENTED_EDGE ( 'NONE', *, *, #3540, .T. ) ;
#4892 = VECTOR ( 'NONE', #651, 1000.000000000000000 ) ;
#4893 = CARTESIAN_POINT ( 'NONE',  ( 0.3468837239481524781, 3.630000000000000782, -0.5492481836291354114 ) ) ;
#4894 = CARTESIAN_POINT ( 'NONE',  ( -1.455524783269958267, 3.680000000000000160, 0.5311763847147297213 ) ) ;
#4895 = UNCERTAINTY_MEASURE_WITH_UNIT (LENGTH_MEASURE( 1.000000000000000082E-05 ), #4012, 'distance_accuracy_value', 'NONE');
#4896 = CARTESIAN_POINT ( 'NONE',  ( 0.1406290628838879619, 3.629999999999999893, -0.1124534229775779742 ) ) ;
#4897 = CARTESIAN_POINT ( 'NONE',  ( 2.246758953303561235, 3.680000000000001492, 0.3371752162165859712 ) ) ;
#4898 = CARTESIAN_POINT ( 'NONE',  ( 0.005737293012316786560, 3.679999999999996607, -0.1354927300369349608 ) ) ;
#4899 = CARTESIAN_POINT ( 'NONE',  ( 1.358021596103819340, 3.630000000000000338, 0.3458017785468927019 ) ) ;
#4900 = COLOUR_RGB ( '',0.8313725490196077761, 0.6705882352941175961, 0.1294117647058823373 ) ;
#4901 = CARTESIAN_POINT ( 'NONE',  ( -0.8723198336550441745, 3.629999999999999005, 0.05507090122515065356 ) ) ;
#4902 = CARTESIAN_POINT ( 'NONE',  ( 2.179090601345426315, 3.629999999999999893, -0.1130543845160394689 ) ) ;
#4903 = CARTESIAN_POINT ( 'NONE',  ( 0.9320785638532449457, 3.680000000000001048, -0.5707513266498392968 ) ) ;
#4904 = EDGE_CURVE ( 'NONE', #707, #6517, #4168, .T. ) ;
#4905 = SURFACE_STYLE_FILL_AREA ( #1905 ) ;
#4906 = CARTESIAN_POINT ( 'NONE',  ( -0.4997851963371088835, 3.630000000000000338, -0.9013068593308645182 ) ) ;
#4907 = CARTESIAN_POINT ( 'NONE',  ( -2.333666909759781749, 3.629999999999999449, 0.6674402191289918740 ) ) ;
#4908 = CARTESIAN_POINT ( 'NONE',  ( -1.241611414391632362, 3.679999999999999272, 0.4419735545729195358 ) ) ;
#4909 = CARTESIAN_POINT ( 'NONE',  ( 0.7471235571617022009, 3.679999999999999716, -0.8902646408155138191 ) ) ;
#4910 = CARTESIAN_POINT ( 'NONE',  ( 0.1410427192365931726, 3.680000000000001048, -0.1831965823983132402 ) ) ;
#4911 = PRESENTATION_STYLE_ASSIGNMENT (( #825 ) ) ;
#4912 = CARTESIAN_POINT ( 'NONE',  ( -2.559060541861656102, 3.630000000000000782, -0.7486889594965148165 ) ) ;
#4913 = SURFACE_SIDE_STYLE ('',( #1372 ) ) ;
#4914 = CARTESIAN_POINT ( 'NONE',  ( -2.028084391168263334, 3.680000000000000160, 0.4850418414320563087 ) ) ;
#4915 = CARTESIAN_POINT ( 'NONE',  ( 0.9684535821146570411, 3.680000000000000160, 0.2640489808685759221 ) ) ;
#4916 = CARTESIAN_POINT ( 'NONE',  ( -2.407102692009173595, 3.679999999999998828, -0.6950559528380712004 ) ) ;
#4917 = SURFACE_STYLE_USAGE ( .BOTH. , #6324 ) ;
#4918 = CARTESIAN_POINT ( 'NONE',  ( 0.6466386782685031864, 3.629999999999999893, -0.7476697691314242444 ) ) ;
#4919 =( NAMED_UNIT ( * ) PLANE_ANGLE_UNIT ( ) SI_UNIT ( $, .RADIAN. ) );
#4920 = ORIENTED_EDGE ( 'NONE', *, *, #2562, .T. ) ;
#4921 = PRESENTATION_STYLE_ASSIGNMENT (( #1338 ) ) ;
#4922 = CARTESIAN_POINT ( 'NONE',  ( 0.3330548507233386246, 3.680000000000000604, 0.2934797648053331098 ) ) ;
#4923 = CARTESIAN_POINT ( 'NONE',  ( -3.250000000000001332, 0.0000000000000000000, -2.499999999999999112 ) ) ;
#4924 = CARTESIAN_POINT ( 'NONE',  ( -2.215741129423804967, 3.680000000000000604, 0.5215610000993452511 ) ) ;
#4925 = CARTESIAN_POINT ( 'NONE',  ( 1.159036473348048935, 3.679999999999997051, -0.04481925449197888406 ) ) ;
#4926 = CARTESIAN_POINT ( 'NONE',  ( -0.1968625249391909582, 3.629999999999999893, 0.2949889125815164936 ) ) ;
#4927 = ORIENTED_EDGE ( 'NONE', *, *, #5693, .T. ) ;
#4928 = EDGE_LOOP ( 'NONE', ( #4486, #2349 ) ) ;
#4929 = ADVANCED_FACE ( 'NONE', ( #5108 ), #4673, .T. ) ;
#4930 = CARTESIAN_POINT ( 'NONE',  ( -2.508199123800502583, 3.679999999999999716, -0.5604788126045798791 ) ) ;
#4931 = CARTESIAN_POINT ( 'NONE',  ( 1.760820175397295406, 3.629999999999998561, 0.6748131893471163156 ) ) ;
#4932 = CARTESIAN_POINT ( 'NONE',  ( 1.413694618127748104, 3.680000000000002824, 0.4576970189226607366 ) ) ;
#4933 =( NAMED_UNIT ( * ) PLANE_ANGLE_UNIT ( ) SI_UNIT ( $, .RADIAN. ) );
#4934 = CARTESIAN_POINT ( 'NONE',  ( -0.6528997913913163753, 3.629999999999999005, 0.4853377904169314250 ) ) ;
#4935 = ORIENTED_EDGE ( 'NONE', *, *, #3670, .F. ) ;
#4936 = CARTESIAN_POINT ( 'NONE',  ( -1.282122944891726180, 3.679999999999998828, 0.4143215093585778108 ) ) ;
#4937 = CARTESIAN_POINT ( 'NONE',  ( 1.568061315781402953, 3.629999999999999449, 0.4193193746620743623 ) ) ;
#4938 = CARTESIAN_POINT ( 'NONE',  ( -0.4409867459907084175, 3.630000000000001226, -0.8968951221427712284 ) ) ;
#4939 = CARTESIAN_POINT ( 'NONE',  ( -2.482266223252636017, 3.630000000000000782, 0.6200904887076408301 ) ) ;
#4940 = CARTESIAN_POINT ( 'NONE',  ( 1.159859832114657596, 3.680000000000000160, -0.1124534229775779742 ) ) ;
#4941 = CARTESIAN_POINT ( 'NONE',  ( 1.011270073553440785, 3.680000000000001492, -0.7121319088907785977 ) ) ;
#4942 = CARTESIAN_POINT ( 'NONE',  ( 0.3278546351832568040, 3.679999999999999272, -0.7713745073540296815 ) ) ;
#4943 = DIRECTION ( 'NONE',  ( -0.0000000000000000000, 1.000000000000000000, -0.0000000000000000000 ) ) ;
#4944 = CARTESIAN_POINT ( 'NONE',  ( -1.330524783269958267, 3.629999999999999893, 0.4061763847147297768 ) ) ;
#4945 = CARTESIAN_POINT ( 'NONE',  ( 2.122299735960811340, 3.680000000000000160, 0.2640489808685759776 ) ) ;
#4946 = CARTESIAN_POINT ( 'NONE',  ( 1.025073536989490330, 3.630000000000000782, -0.09502250833317600620 ) ) ;
#4947 = CARTESIAN_POINT ( 'NONE',  ( -0.1288375017324251692, 3.679999999999999716, -0.1310833441666290899 ) ) ;
#4948 = CARTESIAN_POINT ( 'NONE',  ( 1.998589510786530132, 3.680000000000000160, -0.8546058829506907317 ) ) ;
#4949 = VERTEX_POINT ( 'NONE', #4567 ) ;
#4950 = SURFACE_STYLE_FILL_AREA ( #2886 ) ;
#4951 = CARTESIAN_POINT ( 'NONE',  ( -2.217243533269958267, 3.629999999999999893, 0.6754071539454989948 ) ) ;
#4952 = CARTESIAN_POINT ( 'NONE',  ( 1.627526126571453124, 3.629999999999999893, -0.8692769918086846737 ) ) ;
#4953 = CARTESIAN_POINT ( 'NONE',  ( -0.8529346943747548870, 3.629999999999998561, -0.4173348674833634031 ) ) ;
#4954 = CARTESIAN_POINT ( 'NONE',  ( 0.6421314667300419554, 3.679999999999997051, 0.6754071539454989948 ) ) ;
#4955 = CARTESIAN_POINT ( 'NONE',  ( -0.4089245655841682314, 3.629999999999999449, 0.5063086653902783008 ) ) ;
#4956 = EDGE_LOOP ( 'NONE', ( #322, #3192, #4324, #6295 ) ) ;
#4957 = PLANE ( 'NONE',  #3058 ) ;
#4958 =( NAMED_UNIT ( * ) SI_UNIT ( $, .STERADIAN. ) SOLID_ANGLE_UNIT ( ) );
#4959 = CARTESIAN_POINT ( 'NONE',  ( 1.866705561701599736, 3.629999999999999893, -0.8968951221427711173 ) ) ;
#4960 =( NAMED_UNIT ( * ) PLANE_ANGLE_UNIT ( ) SI_UNIT ( $, .RADIAN. ) );
#4961 = B_SPLINE_SURFACE_WITH_KNOTS ( 'NONE', 3, 1, ( 
 ( #4155, #1527 ),
 ( #4588, #538 ),
 ( #66, #6587 ),
 ( #3094, #5635 ),
 ( #3020, #3536 ),
 ( #6125, #3599 ),
 ( #25, #2082 ),
 ( #5594, #6624 ),
 ( #1046, #5058 ),
 ( #1606, #3564 ),
 ( #1007, #4124 ),
 ( #4520, #2565 ),
 ( #6157, #3054 ),
 ( #2524, #2114 ),
 ( #3639, #1080 ),
 ( #4034, #3502 ),
 ( #5538, #2995 ),
 ( #5028, #464 ),
 ( #432, #6552 ),
 ( #973, #4555 ),
 ( #2020, #3805 ),
 ( #5237, #6306 ),
 ( #1771, #2690 ),
 ( #5845, #135 ),
 ( #172, #211 ),
 ( #6225, #1191 ),
 ( #4728, #5301 ) ),
 .UNSPECIFIED., .F., .F., .F.,
 ( 4, 1, 1, 1, 1, 1, 1, 1, 1, 1, 1, 1, 1, 1, 1, 1, 1, 1, 1, 1, 1, 1, 1, 1, 4 ),
 ( 2, 2 ),
 ( 0.0000000000000000000, 0.06506328961727909921, 0.1267731664665229241, 0.1855157632260790446, 0.2407646791677148790, 0.2929797960235979715, 0.3422503727797672757, 0.3889192861856602956, 0.4327756640583103054, 0.4746284326311174251, 0.5147746906379533360, 0.5536058934984421365, 0.5914264064311726132, 0.6280281199460669983, 0.6638036341103202842, 0.6989843361316633308, 0.7335914893067053688, 0.7676284691511398028, 0.8012083477865920011, 0.8342638397266233241, 0.8669806947287757026, 0.8997197415181601432, 0.9327019124985381771, 0.9661758834327490719, 1.000000000000000000 ),
 ( 0.0000000000000000000, 1.000000000000000000 ),
 .UNSPECIFIED. ) ;
#4962 = SURFACE_SIDE_STYLE ('',( #2930 ) ) ;
#4963 = ORIENTED_EDGE ( 'NONE', *, *, #5499, .T. ) ;
#4964 = CARTESIAN_POINT ( 'NONE',  ( -0.4409135264922751651, 3.630000000000000338, 0.6703570112509498191 ) ) ;
#4965 = CARTESIAN_POINT ( 'NONE',  ( 1.982725832262917320, 3.679999999999999272, 0.4628442175833042960 ) ) ;
#4966 = CARTESIAN_POINT ( 'NONE',  ( 1.531423463338617452, 3.629999999999999449, 0.3746883762070082335 ) ) ;
#4967 = DIRECTION ( 'NONE',  ( -0.0000000000000000000, 1.000000000000000000, -0.0000000000000000000 ) ) ;
#4968 = CARTESIAN_POINT ( 'NONE',  ( -1.282122944891726180, 3.629999999999998561, 0.4143215093585778108 ) ) ;
#4969 = FILL_AREA_STYLE_COLOUR ( '', #5085 ) ;
#4970 = CARTESIAN_POINT ( 'NONE',  ( 1.831654680087737574, 3.629999999999999005, 0.6748878034458535291 ) ) ;
#4971 = PRESENTATION_STYLE_ASSIGNMENT (( #6527 ) ) ;
#4972 = SURFACE_STYLE_FILL_AREA ( #2973 ) ;
#4973 = CARTESIAN_POINT ( 'NONE',  ( -1.454180904253730588, 3.629999999999999893, 0.5061874048662510228 ) ) ;
#4974 = CARTESIAN_POINT ( 'NONE',  ( -2.061488893931911370, 3.680000000000000160, 0.4980918313847539913 ) ) ;
#4975 = FACE_OUTER_BOUND ( 'NONE', #4059, .T. ) ;
#4976 = STYLED_ITEM ( 'NONE', ( #4911 ), #985 ) ;
#4977 = CARTESIAN_POINT ( 'NONE',  ( -2.508199123800502583, 3.629999999999999449, -0.5604788126045798791 ) ) ;
#4978 = ORIENTED_EDGE ( 'NONE', *, *, #1419, .T. ) ;
#4979 = CARTESIAN_POINT ( 'NONE',  ( 0.8453916671601016120, 3.629999999999999893, 0.6280818497790880972 ) ) ;
#4980 =( GEOMETRIC_REPRESENTATION_CONTEXT ( 3 ) GLOBAL_UNCERTAINTY_ASSIGNED_CONTEXT ( ( #1706 ) ) GLOBAL_UNIT_ASSIGNED_CONTEXT ( ( #2187, #4267, #1743 ) ) REPRESENTATION_CONTEXT ( 'NONE', 'WORKASPACE' ) );
#4981 = B_SPLINE_CURVE_WITH_KNOTS ( 'NONE', 3,
 ( #940, #337, #4462, #905, #1433, #2992, #2426, #1990, #4998, #4031, #2394, #3499, #4428, #430, #5055, #1960, #365, #5537, #461, #1931, #5566, #1865, #4493, #3998, #1491, #5026, #4400 ),
 .UNSPECIFIED., .F., .F.,
 ( 4, 1, 1, 1, 1, 1, 1, 1, 1, 1, 1, 1, 1, 1, 1, 1, 1, 1, 1, 1, 1, 1, 1, 1, 4 ),
 ( 0.0000000000000000000, 0.06506328961727912696, 0.1267731664665229241, 0.1855157632260791001, 0.2407646791677149622, 0.2929797960235980825, 0.3422503727797673867, 0.3889192861856603511, 0.4327756640583103609, 0.4746284326311177026, 0.5147746906379534471, 0.5536058934984423585, 0.5914264064311729463, 0.6280281199460673314, 0.6638036341103203952, 0.6989843361316636638, 0.7335914893067054798, 0.7676284691511398028, 0.8012083477865921122, 0.8342638397266234351, 0.8669806947287765908, 0.8997197415181606983, 0.9327019124985382881, 0.9661758834327496270, 1.000000000000000000 ),
 .UNSPECIFIED. ) ;
#4982 = FACE_BOUND ( 'NONE', #5831, .T. ) ;
#4983 = EDGE_CURVE ( 'NONE', #2564, #4826, #1488, .T. ) ;
#4984 = CARTESIAN_POINT ( 'NONE',  ( 1.309889359985185298, 3.680000000000000160, -0.3747200097270574348 ) ) ;
#4985 =( NAMED_UNIT ( * ) PLANE_ANGLE_UNIT ( ) SI_UNIT ( $, .RADIAN. ) );
#4986 = VECTOR ( 'NONE', #1318, 1000.000000000000000 ) ;
#4987 = CARTESIAN_POINT ( 'NONE',  ( -2.203915334222900313, 3.680000000000000160, -0.7474248579425204486 ) ) ;
#4988 = VECTOR ( 'NONE', #1235, 1000.000000000000000 ) ;
#4989 = LINE ( 'NONE', #6516, #790 ) ;
#4990 = ORIENTED_EDGE ( 'NONE', *, *, #5591, .T. ) ;
#4991 = EDGE_LOOP ( 'NONE', ( #1691, #564, #3090, #4145 ) ) ;
#4992 = FACE_OUTER_BOUND ( 'NONE', #261, .T. ) ;
#4993 = CARTESIAN_POINT ( 'NONE',  ( -0.8069624298980017096, 3.629999999999998561, -0.5492481836291351893 ) ) ;
#4994 = MECHANICAL_DESIGN_GEOMETRIC_PRESENTATION_REPRESENTATION (  '', ( #1264 ), #4779 ) ;
#4995 = CARTESIAN_POINT ( 'NONE',  ( 2.088054647004256470, 3.630000000000000338, -0.7953408740158951495 ) ) ;
#4996 = PRESENTATION_LAYER_ASSIGNMENT (  '', '', ( #4785 ) ) ;
#4997 = CARTESIAN_POINT ( 'NONE',  ( -1.840902804402204884, 3.630000000000000782, 0.2340721808244929647 ) ) ;
#4998 = CARTESIAN_POINT ( 'NONE',  ( -0.04471844262740230086, 3.630000000000000338, 0.2933602969551767914 ) ) ;
#4999 = CARTESIAN_POINT ( 'NONE',  ( -0.3084544866860521317, 3.679999999999996607, 0.6280818497790877641 ) ) ;
#5000 = SURFACE_SIDE_STYLE ('',( #4905 ) ) ;
#5001 = CARTESIAN_POINT ( 'NONE',  ( -0.07868080168041668987, 3.680000000000001492, 0.3778688117300688654 ) ) ;
#5002 = CARTESIAN_POINT ( 'NONE',  ( -1.783150730029857245, 3.680000000000001048, -0.5289781797072989900 ) ) ;
#5003 = CARTESIAN_POINT ( 'NONE',  ( -0.3249664754293913882, 3.630000000000000782, 0.4628442175833039074 ) ) ;
#5004 = FACE_OUTER_BOUND ( 'NONE', #2276, .T. ) ;
#5005 = CARTESIAN_POINT ( 'NONE',  ( -1.783062671892674977, 3.680000000000000160, -0.4961176137422604882 ) ) ;
#5006 = CARTESIAN_POINT ( 'NONE',  ( -1.854016991522239977, 3.680000000000001048, 0.2942139283488416912 ) ) ;
#5007 = CARTESIAN_POINT ( 'NONE',  ( 0.9939913632133565713, 3.680000000000000604, 0.1813333426727405107 ) ) ;
#5008 =( NAMED_UNIT ( * ) SI_UNIT ( $, .STERADIAN. ) SOLID_ANGLE_UNIT ( ) );
#5009 = CARTESIAN_POINT ( 'NONE',  ( -1.769288091635662585, 3.680000000000000160, 0.4412040286416352153 ) ) ;
#5010 = CARTESIAN_POINT ( 'NONE',  ( 3.249999999999999112, 3.680000000000000160, 8.673617379884039416E-16 ) ) ;
#5011 = EDGE_LOOP ( 'NONE', ( #890, #6612, #2650, #4488 ) ) ;
#5012 = CARTESIAN_POINT ( 'NONE',  ( 0.8762312715564839483, 3.630000000000000782, 0.6104187710414503698 ) ) ;
#5013 = DIRECTION ( 'NONE',  ( -1.000000000000000000, 8.673617379884035472E-16, 8.673617379884035472E-16 ) ) ;
#5014 = CARTESIAN_POINT ( 'NONE',  ( 1.318305637223867732, 3.629999999999999449, -0.4301607659489332103 ) ) ;
#5015 = CARTESIAN_POINT ( 'NONE',  ( -0.5570084603027566361, 3.629999999999999893, -0.7450563230951846583 ) ) ;
#5016 = CARTESIAN_POINT ( 'NONE',  ( 0.9886079891112311557, 3.679999999999997939, 0.5151024595929387662 ) ) ;
#5017 = CARTESIAN_POINT ( 'NONE',  ( -2.462253013258070666, 3.680000000000000160, -0.3823262144370115911 ) ) ;
#5018 = EDGE_CURVE ( 'NONE', #5334, #4606, #6564, .T. ) ;
#5019 = ORIENTED_EDGE ( 'NONE', *, *, #515, .F. ) ;
#5020 = VERTEX_POINT ( 'NONE', #1842 ) ;
#5021 = CARTESIAN_POINT ( 'NONE',  ( 1.024737215101775956, 3.629999999999999449, -0.05953894067806887042 ) ) ;
#5022 = CARTESIAN_POINT ( 'NONE',  ( -0.8786017063468812838, 3.680000000000000160, -0.1130543845160394689 ) ) ;
#5023 = CARTESIAN_POINT ( 'NONE',  ( 3.249999999999999112, 3.180000000000000160, 8.673617379884039416E-16 ) ) ;
#5024 = PRODUCT_CONTEXT ( 'NONE', #4821, 'mechanical' ) ;
#5025 = CARTESIAN_POINT ( 'NONE',  ( -1.840396706224930679, 3.630000000000000338, 0.2132868646379733335 ) ) ;
#5026 = CARTESIAN_POINT ( 'NONE',  ( -0.4997811554965366776, 3.629999999999999005, 0.6752334376781266023 ) ) ;
#5027 = ORIENTED_EDGE ( 'NONE', *, *, #301, .F. ) ;
#5028 = CARTESIAN_POINT ( 'NONE',  ( 2.060253804502131914, 3.629999999999999893, 0.5906681404830101956 ) ) ;
#5029 = CARTESIAN_POINT ( 'NONE',  ( 1.783981154715078787, 3.680000000000000604, 0.5207344913679609055 ) ) ;
#5030 = DIRECTION ( 'NONE',  ( -0.0000000000000000000, 1.000000000000000000, -0.0000000000000000000 ) ) ;
#5031 = ORIENTED_EDGE ( 'NONE', *, *, #5774, .T. ) ;
#5032 = CARTESIAN_POINT ( 'NONE',  ( 0.9054022294383544667, 3.680000000000000160, -0.8176189923859368269 ) ) ;
#5033 = CARTESIAN_POINT ( 'NONE',  ( -1.927633327809246566, 3.629999999999999005, -0.5800730367822115596 ) ) ;
#5034 = LINE ( 'NONE', #5573, #5201 ) ;
#5035 =( NAMED_UNIT ( * ) SI_UNIT ( $, .STERADIAN. ) SOLID_ANGLE_UNIT ( ) );
#5036 = CARTESIAN_POINT ( 'NONE',  ( 0.5388590777456861991, 3.629999999999999893, 0.6641806601897407569 ) ) ;
#5037 = CARTESIAN_POINT ( 'NONE',  ( -2.359217658704392484, 3.680000000000000604, -0.7210706991617041872 ) ) ;
#5038 = CARTESIAN_POINT ( 'NONE',  ( 2.029535402918836606, 3.680000000000000604, -0.8376006540887752649 ) ) ;
#5039 = EDGE_CURVE ( 'NONE', #4352, #6610, #4746, .T. ) ;
#5040 = ORIENTED_EDGE ( 'NONE', *, *, #5463, .F. ) ;
#5041 = CARTESIAN_POINT ( 'NONE',  ( 0.1406290628838879619, 3.629999999999999893, -0.1124534229775779742 ) ) ;
#5042 = FILL_AREA_STYLE ('',( #198 ) ) ;
#5043 = CARTESIAN_POINT ( 'NONE',  ( -2.513217090962266198, 3.680000000000000160, -0.5144966922083471506 ) ) ;
#5044 = CARTESIAN_POINT ( 'NONE',  ( 1.318305637223867732, 3.679999999999998828, -0.4301607659489332103 ) ) ;
#5045 = SURFACE_STYLE_FILL_AREA ( #4050 ) ;
#5046 = CARTESIAN_POINT ( 'NONE',  ( 0.9625860796285204968, 3.629999999999999449, 0.5427442978721668254 ) ) ;
#5047 = DIRECTION ( 'NONE',  ( 1.000000000000000000, 0.0000000000000000000, 0.0000000000000000000 ) ) ;
#5048 = ORIENTED_EDGE ( 'NONE', *, *, #2291, .T. ) ;
#5049 = CARTESIAN_POINT ( 'NONE',  ( -1.400312733732264503, 3.680000000000001492, 0.6360047109634058282 ) ) ;
#5050 = CARTESIAN_POINT ( 'NONE',  ( -0.5072074755776505572, 3.679999999999999716, 0.5215610000993451401 ) ) ;
#5051 = CARTESIAN_POINT ( 'NONE',  ( -0.6904635807518620938, 3.680000000000000160, -0.6877740693834172303 ) ) ;
#5052 = CARTESIAN_POINT ( 'NONE',  ( 1.998589510786530132, 3.629999999999999893, -0.8546058829506907317 ) ) ;
#5053 = SURFACE_STYLE_FILL_AREA ( #2462 ) ;
#5054 = FILL_AREA_STYLE_COLOUR ( '', #4548 ) ;
#5055 = CARTESIAN_POINT ( 'NONE',  ( -0.1652381647349229210, 3.630000000000000782, 0.5151024595929387662 ) ) ;
#5056 = B_SPLINE_CURVE_WITH_KNOTS ( 'NONE', 3,
 ( #3161, #5160, #2223, #5199, #4262, #2623, #1739, #3770, #2150, #4187, #5814, #3868, #1768, #4328, #4395, #5436, #1803, #3838, #269, #4803, #5878, #5367, #3897 ),
 .UNSPECIFIED., .F., .F.,
 ( 4, 1, 1, 1, 1, 1, 1, 1, 1, 1, 1, 1, 1, 1, 1, 1, 1, 1, 1, 1, 4 ),
 ( 0.0000000000000000000, 0.06568119799063874831, 0.1284864641740647850, 0.1881751303280076448, 0.2451061306699861830, 0.2994484245294751767, 0.3508229360093821358, 0.3999416805337775438, 0.4466717436323718315, 0.4912545333734980035, 0.5333763442704363422, 0.5738527549682236328, 0.6125263117194525986, 0.6495971364453287933, 0.6855320415538498358, 0.7201057860682003042, 0.7538376629736494028, 0.8189254160467132060, 0.8804934616501637334, 0.9403113338460566961, 0.9999999999999998890 ),
 .UNSPECIFIED. ) ;
#5057 = B_SPLINE_SURFACE_WITH_KNOTS ( 'NONE', 3, 1, ( 
 ( #68, #2117 ),
 ( #4157, #648 ),
 ( #3341, #2289 ),
 ( #3842, #5504 ),
 ( #2828, #780 ),
 ( #849, #3464 ),
 ( #2898, #1430 ),
 ( #1356, #1807 ),
 ( #5403, #4424 ),
 ( #5977, #2793 ),
 ( #2423, #3405 ),
 ( #5441, #811 ),
 ( #2863, #5882 ),
 ( #4458, #6487 ),
 ( #4398, #4932 ),
 ( #2361, #6005 ),
 ( #5371, #1293 ),
 ( #4899, #310 ),
 ( #4861, #276 ),
 ( #6432, #2392 ),
 ( #362, #2329 ),
 ( #335, #3871 ),
 ( #4367, #4831 ),
 ( #6459, #1900 ),
 ( #6407, #1836 ),
 ( #3935, #5911 ),
 ( #874, #1321 ) ),
 .UNSPECIFIED., .F., .F., .F.,
 ( 4, 1, 1, 1, 1, 1, 1, 1, 1, 1, 1, 1, 1, 1, 1, 1, 1, 1, 1, 1, 1, 1, 1, 1, 4 ),
 ( 2, 2 ),
 ( 0.0000000000000000000, 0.03378714634699078040, 0.06662165772429391730, 0.09928487809597173752, 0.1313611650426502186, 0.1635851875953429624, 0.1961039269870677726, 0.2289022543238165286, 0.2621580559050069592, 0.2959912222583162555, 0.3302178457247994525, 0.3650598258919535710, 0.4009507373401072772, 0.4376203820767372021, 0.4757075294370917695, 0.5153806916250479597, 0.5564135414931639101, 0.5997648298727307203, 0.6464241555840870568, 0.6964314445175664448, 0.7497815178015573290, 0.8065733069755322004, 0.8674355315653993204, 0.9318867532508740004, 0.9999999999999998890 ),
 ( 0.0000000000000000000, 1.000000000000000000 ),
 .UNSPECIFIED. ) ;
#5058 = CARTESIAN_POINT ( 'NONE',  ( 2.262973865064904277, 3.679999999999996607, 0.2933602969551767359 ) ) ;
#5059 = CARTESIAN_POINT ( 'NONE',  ( 1.617165455832255905, 3.680000000000000160, 0.4615438759613893493 ) ) ;
#5060 = CARTESIAN_POINT ( 'NONE',  ( -0.8207913031228150080, 3.680000000000002380, 0.2934797648053329988 ) ) ;
#5061 = B_SPLINE_CURVE_WITH_KNOTS ( 'NONE', 3,
 ( #5231, #640, #2176, #1037, #1597, #4213, #6254, #2104, #1699, #2073, #5261 ),
 .UNSPECIFIED., .F., .F.,
 ( 4, 1, 1, 1, 1, 1, 1, 1, 4 ),
 ( 0.0000000000000000000, 0.1105883385953362746, 0.2245417540535959711, 0.3425034940501040515, 0.4643240984173579444, 0.5907560327017664648, 0.7222274753555143478, 0.8588428362087242585, 1.000000000000000000 ),
 .UNSPECIFIED. ) ;
#5062 = PRESENTATION_LAYER_ASSIGNMENT (  '', '', ( #1332 ) ) ;
#5063 = CARTESIAN_POINT ( 'NONE',  ( -0.1892729338176515896, 3.680000000000000160, 0.2745161672461610136 ) ) ;
#5064 = B_SPLINE_SURFACE_WITH_KNOTS ( 'NONE', 3, 1, ( 
 ( #338, #6523 ),
 ( #1398, #4371 ),
 ( #3412, #6436 ),
 ( #1866, #3939 ),
 ( #2465, #1963 ),
 ( #5479, #4965 ),
 ( #1435, #4000 ),
 ( #3470, #3903 ),
 ( #5947, #6037 ),
 ( #2831, #5511 ),
 ( #3343, #5376 ),
 ( #783, #4867 ),
 ( #6409, #1839 ),
 ( #5162, #5671 ),
 ( #2045, #502 ) ),
 .UNSPECIFIED., .F., .F., .F.,
 ( 4, 1, 1, 1, 1, 1, 1, 1, 1, 1, 1, 1, 4 ),
 ( 2, 2 ),
 ( 0.0000000000000000000, 0.1128134007444571152, 0.2253938839207284550, 0.3395948145627000758, 0.4596754102248642448, 0.5217351900879331206, 0.5839258387389155702, 0.6481741447653694976, 0.7138810381130669125, 0.7810044549073899001, 0.8514509275565556035, 0.9240506926641781638, 1.000000000000000000 ),
 ( 0.0000000000000000000, 1.000000000000000000 ),
 .UNSPECIFIED. ) ;
#5065 = CARTESIAN_POINT ( 'NONE',  ( -1.282173600035393823, 3.629999999999999449, 0.6476473621480141052 ) ) ;
#5066 = CARTESIAN_POINT ( 'NONE',  ( 0.1490534990541879656, 3.679999999999997939, 0.08899704713222957031 ) ) ;
#5067 = CARTESIAN_POINT ( 'NONE',  ( -1.993039422155069351, 3.679999999999999272, -0.8493536423683283321 ) ) ;
#5068 = CARTESIAN_POINT ( 'NONE',  ( -0.1561666432119514225, 3.679999999999999716, -0.3995362814424763265 ) ) ;
#5069 = CARTESIAN_POINT ( 'NONE',  ( 2.439999999999999947, 0.05000000000000000278, 0.0000000000000000000 ) ) ;
#5070 = CARTESIAN_POINT ( 'NONE',  ( 0.2381749625636538081, 3.629999999999999893, -0.6480204730380638711 ) ) ;
#5071 = MECHANICAL_DESIGN_GEOMETRIC_PRESENTATION_REPRESENTATION (  '', ( #469 ), #4022 ) ;
#5072 = EDGE_CURVE ( 'NONE', #4826, #5150, #5823, .T. ) ;
#5073 = DIRECTION ( 'NONE',  ( 0.0000000000000000000, -0.0000000000000000000, 1.000000000000000000 ) ) ;
#5074 = CARTESIAN_POINT ( 'NONE',  ( -1.744283000219326585, 3.680000000000001492, 0.02706807883765867048 ) ) ;
#5075 = SURFACE_SIDE_STYLE ('',( #5045 ) ) ;
#5076 = CARTESIAN_POINT ( 'NONE',  ( -1.921472256521083777, 3.680000000000001936, -0.5596603581296194507 ) ) ;
#5077 = CARTESIAN_POINT ( 'NONE',  ( 2.101448328600408200, 3.680000000000001048, -0.5412721588969223729 ) ) ;
#5078 = STYLED_ITEM ( 'NONE', ( #2373 ), #1584 ) ;
#5079 = VERTEX_POINT ( 'NONE', #3280 ) ;
#5080 = STYLED_ITEM ( 'NONE', ( #3273 ), #4430 ) ;
#5081 = LINE ( 'NONE', #3754, #3284 ) ;
#5082 = ORIENTED_EDGE ( 'NONE', *, *, #6361, .F. ) ;
#5083 = CARTESIAN_POINT ( 'NONE',  ( 0.1652995012154906684, 3.679999999999998828, 0.2037647460570419788 ) ) ;
#5084 = CARTESIAN_POINT ( 'NONE',  ( -0.8785534719032154216, 3.680000000000000160, -0.1331901202385292193 ) ) ;
#5085 = COLOUR_RGB ( '',0.7686274509803920907, 0.7686274509803920907, 0.7686274509803920907 ) ;
#5086 = DIRECTION ( 'NONE',  ( -0.0000000000000000000, 1.000000000000000000, -0.0000000000000000000 ) ) ;
#5087 = CARTESIAN_POINT ( 'NONE',  ( -0.1853925717314967025, 3.680000000000000160, 0.2640489808685759221 ) ) ;
#5088 =( LENGTH_UNIT ( ) NAMED_UNIT ( * ) SI_UNIT ( .MILLI., .METRE. ) );
#5089 = STYLED_ITEM ( 'NONE', ( #6292 ), #4030 ) ;
#5090 = ORIENTED_EDGE ( 'NONE', *, *, #3429, .T. ) ;
#5091 = COLOUR_RGB ( '',0.7686274509803920907, 0.7686274509803920907, 0.7686274509803920907 ) ;
#5092 = CARTESIAN_POINT ( 'NONE',  ( -1.897394746111483288, 3.680000000000000160, 0.3766766561604546482 ) ) ;
#5093 =( GEOMETRIC_REPRESENTATION_CONTEXT ( 3 ) GLOBAL_UNCERTAINTY_ASSIGNED_CONTEXT ( ( #807 ) ) GLOBAL_UNIT_ASSIGNED_CONTEXT ( ( #5985, #5156, #3088 ) ) REPRESENTATION_CONTEXT ( 'NONE', 'WORKASPACE' ) );
#5094 = FACE_OUTER_BOUND ( 'NONE', #833, .T. ) ;
#5095 = DIRECTION ( 'NONE',  ( 0.0000000000000000000, 1.000000000000000000, 0.0000000000000000000 ) ) ;
#5096 = COLOUR_RGB ( '',0.7686274509803920907, 0.7686274509803920907, 0.7686274509803920907 ) ;
#5097 = CARTESIAN_POINT ( 'NONE',  ( -0.6054910248637002113, 3.680000000000000604, 0.5060575432019170927 ) ) ;
#5098 = LINE ( 'NONE', #506, #3715 ) ;
#5099 = CARTESIAN_POINT ( 'NONE',  ( -0.7712008538597939777, 3.629999999999999449, -0.8179846728606947615 ) ) ;
#5100 = CARTESIAN_POINT ( 'NONE',  ( 0.2752444474992724599, 3.680000000000000160, -0.1130543845160394689 ) ) ;
#5101 = EDGE_CURVE ( 'NONE', #1004, #3233, #1328, .T. ) ;
#5102 = STYLED_ITEM ( 'NONE', ( #2932 ), #3299 ) ;
#5103 = CARTESIAN_POINT ( 'NONE',  ( -2.439999999999999947, -3.499999999999999556, -0.2149999999999999412 ) ) ;
#5104 = CARTESIAN_POINT ( 'NONE',  ( 0.1410410817595609267, 3.629999999999999893, -0.04221051877335942060 ) ) ;
#5105 = CARTESIAN_POINT ( 'NONE',  ( -2.098433140963559040, 3.679999999999999716, -0.2858292833374591058 ) ) ;
#5106 = CARTESIAN_POINT ( 'NONE',  ( -1.784553600388644412, 3.629999999999999005, -0.5620801813814902959 ) ) ;
#5107 = CARTESIAN_POINT ( 'NONE',  ( -0.1481275831203970328, 3.679999999999999716, -0.3577718649040553811 ) ) ;
#5108 = FACE_OUTER_BOUND ( 'NONE', #6575, .T. ) ;
#5109 = ORIENTED_EDGE ( 'NONE', *, *, #5421, .T. ) ;
#5110 = CARTESIAN_POINT ( 'NONE',  ( 0.9436621942447516176, 3.630000000000001226, 0.3243157031153132142 ) ) ;
#5111 = CARTESIAN_POINT ( 'NONE',  ( -2.422176812035625737, 3.630000000000000338, -0.05767416473304813607 ) ) ;
#5112 = FILL_AREA_STYLE_COLOUR ( '', #1134 ) ;
#5113 = CARTESIAN_POINT ( 'NONE',  ( -2.155444160989984148, 3.680000000000000604, 0.6737834801961255504 ) ) ;
#5114 = CARTESIAN_POINT ( 'NONE',  ( 2.208671525728742147, 3.680000000000000604, -0.6435308254703236974 ) ) ;
#5115 = CARTESIAN_POINT ( 'NONE',  ( -0.5814374574833480747, 3.680000000000000160, 0.6707358758521785314 ) ) ;
#5116 = CARTESIAN_POINT ( 'NONE',  ( 2.115983643282222548, 3.680000000000000604, -0.5095091075989407470 ) ) ;
#5117 = VERTEX_POINT ( 'NONE', #881 ) ;
#5118 = ORIENTED_EDGE ( 'NONE', *, *, #5272, .F. ) ;
#5119 = CARTESIAN_POINT ( 'NONE',  ( 0.5724086963628061131, 3.680000000000000160, 0.6707358758521786424 ) ) ;
#5120 = CARTESIAN_POINT ( 'NONE',  ( -0.7113469407733983285, 3.629999999999998561, -0.8546199058411392269 ) ) ;
#5121 = CARTESIAN_POINT ( 'NONE',  ( 3.250000000000001776, 0.5000000000000000000, 2.500000000000001332 ) ) ;
#5122 = DIRECTION ( 'NONE',  ( -0.0000000000000000000, 1.000000000000000000, -0.0000000000000000000 ) ) ;
#5123 =( NAMED_UNIT ( * ) SI_UNIT ( $, .STERADIAN. ) SOLID_ANGLE_UNIT ( ) );
#5124 = ADVANCED_FACE ( 'NONE', ( #2998 ), #400, .T. ) ;
#5125 = ADVANCED_FACE ( 'NONE', ( #977 ), #736, .T. ) ;
#5126 = VERTEX_POINT ( 'NONE', #6408 ) ;
#5127 = ORIENTED_EDGE ( 'NONE', *, *, #5507, .T. ) ;
#5128 = CARTESIAN_POINT ( 'NONE',  ( -2.588396768308254270, 3.629999999999999893, 0.2570688241593929724 ) ) ;
#5129 = CARTESIAN_POINT ( 'NONE',  ( -1.918109014325420913, 3.680000000000000160, 0.4023009603648702859 ) ) ;
#5130 = CARTESIAN_POINT ( 'NONE',  ( -1.758431058163708149, 3.629999999999998117, 0.001144104676676612050 ) ) ;
#5131 = SURFACE_STYLE_FILL_AREA ( #943 ) ;
#5132 = FILL_AREA_STYLE_COLOUR ( '', #620 ) ;
#5133 = FILL_AREA_STYLE ('',( #6039 ) ) ;
#5134 = CARTESIAN_POINT ( 'NONE',  ( -0.8072030758356451008, 3.680000000000000604, 0.3224517141456209046 ) ) ;
#5135 = CARTESIAN_POINT ( 'NONE',  ( -0.1892729338176515896, 3.629999999999999893, 0.2745161672461610136 ) ) ;
#5136 = B_SPLINE_CURVE_WITH_KNOTS ( 'NONE', 3,
 ( #262, #2310, #6397, #3917, #863, #5964, #323, #6054, #1975, #1477, #3482, #5524, #5552, #2449, #926, #386, #3520, #5426, #5012, #4979, #4480, #2980, #2412, #3452, #3890, #6509, #1884 ),
 .UNSPECIFIED., .F., .F.,
 ( 4, 1, 1, 1, 1, 1, 1, 1, 1, 1, 1, 1, 1, 1, 1, 1, 1, 1, 1, 1, 1, 1, 1, 1, 4 ),
 ( 0.0000000000000000000, 0.06506328961727915472, 0.1267731664665230074, 0.1855157632260791833, 0.2407646791677150455, 0.2929797960235981935, 0.3422503727797676087, 0.3889192861856605732, 0.4327756640583106384, 0.4746284326311179802, 0.5147746906379536691, 0.5536058934984426916, 0.5914264064311732794, 0.6280281199460676644, 0.6638036341103207283, 0.6989843361316641079, 0.7335914893067053688, 0.7676284691511401359, 0.8012083477865923342, 0.8342638397266236572, 0.8669806947287764798, 0.8997197415181610314, 0.9327019124985386211, 0.9661758834327499601, 1.000000000000000000 ),
 .UNSPECIFIED. ) ;
#5137 = FILL_AREA_STYLE_COLOUR ( '', #1596 ) ;
#5138 = CARTESIAN_POINT ( 'NONE',  ( 0.1652995012154906684, 3.679999999999996607, 0.2037647460570419788 ) ) ;
#5139 = SURFACE_STYLE_FILL_AREA ( #2056 ) ;
#5140 = CARTESIAN_POINT ( 'NONE',  ( -1.241502908614998901, 3.680000000000000604, 0.6200626984306603084 ) ) ;
#5141 = ORIENTED_EDGE ( 'NONE', *, *, #3926, .T. ) ;
#5142 = CARTESIAN_POINT ( 'NONE',  ( 0.3032980106972943957, 3.629999999999999893, -0.7440990805603756586 ) ) ;
#5143 = SURFACE_STYLE_FILL_AREA ( #1648 ) ;
#5144 = CARTESIAN_POINT ( 'NONE',  ( -0.9326806441591195540, 3.629999999999998561, 0.3857951688362201703 ) ) ;
#5145 = CARTESIAN_POINT ( 'NONE',  ( -2.217243533269958267, 3.680000000000000160, 0.6754071539454989948 ) ) ;
#5146 = CARTESIAN_POINT ( 'NONE',  ( 2.029535402918836606, 3.630000000000000338, -0.8376006540887752649 ) ) ;
#5147 = CARTESIAN_POINT ( 'NONE',  ( 0.7804313308917658620, 3.630000000000000338, -0.8808699374229448376 ) ) ;
#5148 = CARTESIAN_POINT ( 'NONE',  ( -0.5117146871161122323, 3.629999999999999893, -0.9015159229775778771 ) ) ;
#5149 = ORIENTED_EDGE ( 'NONE', *, *, #1117, .F. ) ;
#5150 = VERTEX_POINT ( 'NONE', #1744 ) ;
#5151 = CARTESIAN_POINT ( 'NONE',  ( -3.249999999999999112, 3.680000000000000160, 0.0000000000000000000 ) ) ;
#5152 = CARTESIAN_POINT ( 'NONE',  ( 0.9290637066610912820, 3.680000000000000160, 0.3515568068007469127 ) ) ;
#5153 = SURFACE_STYLE_USAGE ( .BOTH. , #6214 ) ;
#5154 = CARTESIAN_POINT ( 'NONE',  ( -0.9338573030205296055, 3.629999999999999893, -0.6109811010550231236 ) ) ;
#5155 = FILL_AREA_STYLE ('',( #3086 ) ) ;
#5156 =( NAMED_UNIT ( * ) PLANE_ANGLE_UNIT ( ) SI_UNIT ( $, .RADIAN. ) );
#5157 = CARTESIAN_POINT ( 'NONE',  ( 0.2779905064770488710, 3.630000000000001226, 0.002369331732083175459 ) ) ;
#5158 = ORIENTED_EDGE ( 'NONE', *, *, #2675, .T. ) ;
#5159 = CARTESIAN_POINT ( 'NONE',  ( -0.5814336922013229048, 3.680000000000000604, -0.8968299476424231864 ) ) ;
#5160 = CARTESIAN_POINT ( 'NONE',  ( 1.025008652113729157, 3.680000000000000604, -0.1310833441666291177 ) ) ;
#5161 = CARTESIAN_POINT ( 'NONE',  ( 2.122299735960810896, 3.629999999999999893, 0.2640489808685759221 ) ) ;
#5162 = CARTESIAN_POINT ( 'NONE',  ( 2.118419373874656397, 3.630000000000000782, 0.2745161672461610691 ) ) ;
#5163 = CARTESIAN_POINT ( 'NONE',  ( -0.3407898287539133930, 3.679999999999997495, -0.8692146474260489253 ) ) ;
#5164 = CARTESIAN_POINT ( 'NONE',  ( 1.463529241100720801, 3.679999999999997939, 0.2282353880053845097 ) ) ;
#5165 = CARTESIAN_POINT ( 'NONE',  ( -0.6905268518600514716, 3.680000000000001048, 0.4615438759613894604 ) ) ;
#5166 = CARTESIAN_POINT ( 'NONE',  ( -0.8441630665915856868, 3.629999999999999893, 0.2282353880053845374 ) ) ;
#5167 = CARTESIAN_POINT ( 'NONE',  ( -0.9781514619250195608, 3.679999999999999272, -0.4812613761502044785 ) ) ;
#5168 = PRESENTATION_LAYER_ASSIGNMENT (  '', '', ( #3467 ) ) ;
#5169 = CARTESIAN_POINT ( 'NONE',  ( 0.3209114957240594701, 3.680000000000000160, -0.4890562694957944490 ) ) ;
#5170 = CARTESIAN_POINT ( 'NONE',  ( -1.213588747263981027, 3.630000000000000338, 0.5793788230313414722 ) ) ;
#5171 = CARTESIAN_POINT ( 'NONE',  ( 0.9939913632133565713, 3.680000000000000604, 0.1813333426727405107 ) ) ;
#5172 = CARTESIAN_POINT ( 'NONE',  ( -1.813033403998234316, 3.680000000000000604, -0.6588394298476638600 ) ) ;
#5173 = CARTESIAN_POINT ( 'NONE',  ( -0.1288375017324251692, 3.629999999999999449, -0.1310833441666290899 ) ) ;
#5174 =( NAMED_UNIT ( * ) PLANE_ANGLE_UNIT ( ) SI_UNIT ( $, .RADIAN. ) );
#5175 = PRESENTATION_LAYER_ASSIGNMENT (  '', '', ( #4642 ) ) ;
#5176 = STYLED_ITEM ( 'NONE', ( #4619 ), #6544 ) ;
#5177 = CARTESIAN_POINT ( 'NONE',  ( -2.724337037430417663, 3.629999999999999893, 0.2267107318610907807 ) ) ;
#5178 = CARTESIAN_POINT ( 'NONE',  ( 0.1560432061390311653, 3.629999999999999449, -0.3747200097270573793 ) ) ;
#5179 = DIRECTION ( 'NONE',  ( 0.0000000000000000000, 0.0000000000000000000, -1.000000000000000000 ) ) ;
#5180 = CARTESIAN_POINT ( 'NONE',  ( -0.6797036200095925018, 3.679999999999996163, 0.6437671857298028488 ) ) ;
#5181 = CARTESIAN_POINT ( 'NONE',  ( -1.854748845416255509, 3.680000000000000160, 0.5499165210442359397 ) ) ;
#5182 = CARTESIAN_POINT ( 'NONE',  ( 2.287588202157348594, 3.629999999999999449, -0.4213105659790583601 ) ) ;
#5183 = PRESENTATION_LAYER_ASSIGNMENT (  '', '', ( #5400 ) ) ;
#5184 = CARTESIAN_POINT ( 'NONE',  ( -0.9780405851434912368, 3.679999999999999716, 0.2552428758202029413 ) ) ;
#5185 = CARTESIAN_POINT ( 'NONE',  ( 2.136003899514908877, 3.680000000000001492, 0.2234891935643792404 ) ) ;
#5186 = VERTEX_POINT ( 'NONE', #6375 ) ;
#5187 = ADVANCED_FACE ( 'NONE', ( #5818 ), #4884, .T. ) ;
#5188 = STYLED_ITEM ( 'NONE', ( #4489 ), #1184 ) ;
#5189 = EDGE_LOOP ( 'NONE', ( #5515, #52, #4070, #1484 ) ) ;
#5190 = DIRECTION ( 'NONE',  ( -1.000000000000000000, 0.0000000000000000000, -2.668805347656626678E-16 ) ) ;
#5191 = CARTESIAN_POINT ( 'NONE',  ( 1.617228726940445505, 3.679999999999999272, -0.6877740693834173413 ) ) ;
#5192 =( LENGTH_UNIT ( ) NAMED_UNIT ( * ) SI_UNIT ( .MILLI., .METRE. ) );
#5193 = CARTESIAN_POINT ( 'NONE',  ( -2.407102692009173595, 3.629999999999998561, -0.6950559528380712004 ) ) ;
#5194 = VECTOR ( 'NONE', #4331, 1000.000000000000000 ) ;
#5195 = FILL_AREA_STYLE ('',( #3700 ) ) ;
#5196 = CARTESIAN_POINT ( 'NONE',  ( 0.3612405306840436592, 3.629999999999999893, 0.3496025440466699608 ) ) ;
#5197 = VERTEX_POINT ( 'NONE', #5849 ) ;
#5198 = CARTESIAN_POINT ( 'NONE',  ( -2.028084391168263334, 3.629999999999999893, 0.4850418414320563087 ) ) ;
#5199 = CARTESIAN_POINT ( 'NONE',  ( 1.022784248346583658, 3.679999999999998828, -0.2180024922135022913 ) ) ;
#5200 = CARTESIAN_POINT ( 'NONE',  ( 0.5724086963628061131, 3.629999999999999893, 0.6707358758521786424 ) ) ;
#5201 = VECTOR ( 'NONE', #4943, 1000.000000000000000 ) ;
#5202 = EDGE_CURVE ( 'NONE', #3123, #1434, #431, .T. ) ;
#5203 = FACE_OUTER_BOUND ( 'NONE', #5358, .T. ) ;
#5204 = CARTESIAN_POINT ( 'NONE',  ( -0.06168933435774014151, 3.630000000000000782, -0.5642831114839579332 ) ) ;
#5205 = CARTESIAN_POINT ( 'NONE',  ( -2.724018419110477929, 3.629999999999999893, 0.1810390783104283974 ) ) ;
#5206 = LINE ( 'NONE', #975, #3918 ) ;
#5207 = PRESENTATION_LAYER_ASSIGNMENT (  '', '', ( #1358 ) ) ;
#5208 = CARTESIAN_POINT ( 'NONE',  ( -0.9156711912825006294, 3.630000000000000338, -0.6480204730380642042 ) ) ;
#5209 = VECTOR ( 'NONE', #756, 1000.000000000000000 ) ;
#5210 = CARTESIAN_POINT ( 'NONE',  ( 0.005734427749679269458, 3.629999999999999893, -0.08951460528861866772 ) ) ;
#5211 = DIRECTION ( 'NONE',  ( -0.0000000000000000000, 1.000000000000000000, -0.0000000000000000000 ) ) ;
#5212 = COLOUR_RGB ( '',0.7686274509803920907, 0.7686274509803920907, 0.7686274509803920907 ) ;
#5213 = CARTESIAN_POINT ( 'NONE',  ( 2.165541273467992411, 3.629999999999999005, 0.09106425096286435705 ) ) ;
#5214 =( NAMED_UNIT ( * ) SI_UNIT ( $, .STERADIAN. ) SOLID_ANGLE_UNIT ( ) );
#5215 = AXIS2_PLACEMENT_3D ( 'NONE', #5723, #4073, #2641 ) ;
#5216 = CARTESIAN_POINT ( 'NONE',  ( -2.507838163519016117, 3.630000000000000782, -0.4683175685767943519 ) ) ;
#5217 = CARTESIAN_POINT ( 'NONE',  ( -3.249999999999999112, 3.180000000000000160, -1.399999999999999689 ) ) ;
#5218 = PRESENTATION_STYLE_ASSIGNMENT (( #3657 ) ) ;
#5219 = CARTESIAN_POINT ( 'NONE',  ( -2.482266223252636017, 3.680000000000001048, 0.6200904887076408301 ) ) ;
#5220 = PRESENTATION_LAYER_ASSIGNMENT (  '', '', ( #727 ) ) ;
#5221 = CYLINDRICAL_SURFACE ( 'NONE', #484, 0.2149999999999999412 ) ;
#5222 = CARTESIAN_POINT ( 'NONE',  ( -0.8491656107875314996, 3.679999999999999716, 0.5194846612542903808 ) ) ;
#5223 = CARTESIAN_POINT ( 'NONE',  ( -3.250000000000001332, 0.5000000000000000000, -2.499999999999999112 ) ) ;
#5224 = CARTESIAN_POINT ( 'NONE',  ( 1.022784248346583658, 3.629999999999998561, -0.2180024922135022913 ) ) ;
#5225 = ORIENTED_EDGE ( 'NONE', *, *, #4806, .T. ) ;
#5226 = ORIENTED_EDGE ( 'NONE', *, *, #6008, .F. ) ;
#5227 = CARTESIAN_POINT ( 'NONE',  ( 0.6466386782685031864, 3.680000000000000160, 0.5215610000993451401 ) ) ;
#5228 = CARTESIAN_POINT ( 'NONE',  ( 1.654618573231384060, 3.679999999999998828, -0.7113250861540980630 ) ) ;
#5229 = FACE_BOUND ( 'NONE', #205, .T. ) ;
#5230 = B_SPLINE_CURVE_WITH_KNOTS ( 'NONE', 3,
 ( #5691, #6178, #5185, #1622, #700, #3693, #5728, #4748, #154, #1100, #593 ),
 .UNSPECIFIED., .F., .F.,
 ( 4, 1, 1, 1, 1, 1, 1, 1, 4 ),
 ( 0.0000000000000000000, 0.1105883385953366077, 0.2245417540535959988, 0.3425034940501042735, 0.4643240984173581665, 0.5907560327017666868, 0.7222274753555146809, 0.8588428362087243695, 1.000000000000000000 ),
 .UNSPECIFIED. ) ;
#5231 = CARTESIAN_POINT ( 'NONE',  ( -0.1853925717314967025, 3.680000000000000160, 0.2640489808685759221 ) ) ;
#5232 = DIRECTION ( 'NONE',  ( 0.0000000000000000000, 0.0000000000000000000, -1.000000000000000000 ) ) ;
#5233 = CARTESIAN_POINT ( 'NONE',  ( 1.054825371882588403, 3.630000000000000782, -0.6435308254703238084 ) ) ;
#5234 = VERTEX_POINT ( 'NONE', #2765 ) ;
#5235 = PRESENTATION_STYLE_ASSIGNMENT (( #565 ) ) ;
#5236 = CARTESIAN_POINT ( 'NONE',  ( 0.4131208322595029125, 3.629999999999999449, 0.6122724346331106515 ) ) ;
#5237 = CARTESIAN_POINT ( 'NONE',  ( 1.934653676973346226, 3.630000000000000782, 0.6545537366480599362 ) ) ;
#5238 = CARTESIAN_POINT ( 'NONE',  ( -0.2484439244077995823, 3.679999999999997495, -0.8176189923859366049 ) ) ;
#5239 = CARTESIAN_POINT ( 'NONE',  ( -1.782447860193035138, 3.629999999999999893, -0.5123933268237318428 ) ) ;
#5240 = CARTESIAN_POINT ( 'NONE',  ( 1.159036473348048935, 3.629999999999999893, -0.04481925449197888406 ) ) ;
#5241 = CARTESIAN_POINT ( 'NONE',  ( -0.6479949598788840026, 3.679999999999999716, -0.8808014643199169047 ) ) ;
#5242 = B_SPLINE_SURFACE_WITH_KNOTS ( 'NONE', 3, 1, ( 
 ( #67, #4696 ),
 ( #6269, #1741 ),
 ( #5708, #4156 ),
 ( #6194, #3775 ),
 ( #1082, #680 ),
 ( #2691, #5745 ),
 ( #540, #5163 ),
 ( #1709, #3676 ),
 ( #3128, #5784 ),
 ( #4125, #5238 ),
 ( #2661, #5816 ),
 ( #173, #4618 ),
 ( #2154, #647 ),
 ( #568, #1223 ),
 ( #1633, #1118 ),
 ( #2590, #4661 ),
 ( #2116, #3240 ),
 ( #5204, #4190 ),
 ( #1668, #26 ),
 ( #6160, #3711 ),
 ( #5269, #2722 ),
 ( #2084, #1607 ),
 ( #5910, #4830 ),
 ( #2288, #5881 ),
 ( #5340, #4333 ),
 ( #2391, #4898 ),
 ( #3934, #810 ) ),
 .UNSPECIFIED., .F., .F., .F.,
 ( 4, 1, 1, 1, 1, 1, 1, 1, 1, 1, 1, 1, 1, 1, 1, 1, 1, 1, 1, 1, 1, 1, 1, 1, 4 ),
 ( 2, 2 ),
 ( 0.0000000000000000000, 0.03378811616271047702, 0.06719393237388016082, 0.09986241085682519281, 0.1325666121262585317, 0.1651511732547863709, 0.1979131873557920807, 0.2313190035669618339, 0.2650832782673732124, 0.2992553087581149018, 0.3343985665049787337, 0.3699428235093078499, 0.4062835607000609417, 0.4440638196985081665, 0.4829977068727756007, 0.5233544466133044359, 0.5655365896041489870, 0.6096129240658193504, 0.6563908113764171937, 0.7058854949364572473, 0.7583245002617311492, 0.8138317829411501059, 0.8727945590393899611, 0.9347222295400741121, 1.000000000000000000 ),
 ( 0.0000000000000000000, 1.000000000000000000 ),
 .UNSPECIFIED. ) ;
#5243 = CARTESIAN_POINT ( 'NONE',  ( -0.3249664754293913882, 3.680000000000001048, 0.4628442175833039074 ) ) ;
#5244 = CARTESIAN_POINT ( 'NONE',  ( 0.2813917118504707937, 3.679999999999998828, -0.2817076304389611319 ) ) ;
#5245 = CARTESIAN_POINT ( 'NONE',  ( 1.025244447499272793, 3.680000000000000160, -0.1130543845160394689 ) ) ;
#5246 = CARTESIAN_POINT ( 'NONE',  ( -0.2762370783023815335, 3.679999999999998384, -0.6448659319547211943 ) ) ;
#5247 = DIRECTION ( 'NONE',  ( 0.0000000000000000000, -0.0000000000000000000, -1.000000000000000000 ) ) ;
#5248 = CARTESIAN_POINT ( 'NONE',  ( -2.268783095639371528, 3.679999999999997495, 0.5203699271968980078 ) ) ;
#5249 = DIRECTION ( 'NONE',  ( 0.0000000000000000000, -0.0000000000000000000, 1.000000000000000000 ) ) ;
#5250 = CARTESIAN_POINT ( 'NONE',  ( -2.350156538711331233, 3.629999999999999893, -0.2965712653762402895 ) ) ;
#5251 = CARTESIAN_POINT ( 'NONE',  ( -2.547522385972382342, 3.679999999999999272, 0.06417991267025646707 ) ) ;
#5252 = DIRECTION ( 'NONE',  ( -0.0000000000000000000, -1.000000000000000000, -0.0000000000000000000 ) ) ;
#5253 = EDGE_CURVE ( 'NONE', #2993, #3993, #1711, .T. ) ;
#5254 = DIRECTION ( 'NONE',  ( -0.0000000000000000000, 1.000000000000000000, -0.0000000000000000000 ) ) ;
#5255 = CARTESIAN_POINT ( 'NONE',  ( 0.8288796784167625775, 3.679999999999999716, 0.4628442175833041294 ) ) ;
#5256 = CARTESIAN_POINT ( 'NONE',  ( 2.439999999999999947, 0.05000000000000000278, 0.0000000000000000000 ) ) ;
#5257 = ORIENTED_EDGE ( 'NONE', *, *, #3239, .F. ) ;
#5258 = SURFACE_STYLE_FILL_AREA ( #1280 ) ;
#5259 = FACE_OUTER_BOUND ( 'NONE', #164, .T. ) ;
#5260 = CARTESIAN_POINT ( 'NONE',  ( 1.429090601345426537, 3.679999999999995275, -0.1130543845160394689 ) ) ;
#5261 = CARTESIAN_POINT ( 'NONE',  ( -0.1286017063468814781, 3.680000000000000160, -0.1130543845160394689 ) ) ;
#5262 = CARTESIAN_POINT ( 'NONE',  ( 1.033579615210260760, 3.629999999999998561, -0.6790097296763861756 ) ) ;
#5263 = VERTEX_POINT ( 'NONE', #2261 ) ;
#5264 = ORIENTED_EDGE ( 'NONE', *, *, #5101, .F. ) ;
#5265 = CARTESIAN_POINT ( 'NONE',  ( -1.809943853501160049, 3.680000000000000604, 0.4995063332687882385 ) ) ;
#5266 = CARTESIAN_POINT ( 'NONE',  ( -0.1853925717314967025, 3.629999999999999893, 0.2640489808685759221 ) ) ;
#5267 = CARTESIAN_POINT ( 'NONE',  ( 0.2211655096870343007, 3.630000000000000782, 0.3857951688362202813 ) ) ;
#5268 = CARTESIAN_POINT ( 'NONE',  ( 0.1560432061390311653, 3.680000000000000160, -0.3747200097270573793 ) ) ;
#5269 = CARTESIAN_POINT ( 'NONE',  ( -0.02010410553495802638, 3.630000000000000338, -0.4213105659790586932 ) ) ;
#5270 = CARTESIAN_POINT ( 'NONE',  ( -0.5567759744430561542, 3.680000000000001492, 0.5190785959586219356 ) ) ;
#5271 = LINE ( 'NONE', #683, #380 ) ;
#5272 = EDGE_CURVE ( 'NONE', #6541, #5186, #5372, .T. ) ;
#5273 = DIRECTION ( 'NONE',  ( 0.0000000000000000000, 0.0000000000000000000, -1.000000000000000000 ) ) ;
#5274 = CARTESIAN_POINT ( 'NONE',  ( 1.849692883663440535, 3.630000000000000338, -0.7450596256095286529 ) ) ;
#5275 = CARTESIAN_POINT ( 'NONE',  ( -1.744283000219326585, 3.680000000000001492, 0.02706807883765867048 ) ) ;
#5276 = CARTESIAN_POINT ( 'NONE',  ( -0.2566267000748529425, 3.679999999999998384, -0.6227368200016885069 ) ) ;
#5277 = CARTESIAN_POINT ( 'NONE',  ( -2.685658736564516591, 3.680000000000000604, 0.03541652705168494425 ) ) ;
#5278 = ORIENTED_EDGE ( 'NONE', *, *, #1092, .T. ) ;
#5279 = CARTESIAN_POINT ( 'NONE',  ( 0.5058511939672701851, 3.630000000000000338, -0.8808014643199167937 ) ) ;
#5280 = CARTESIAN_POINT ( 'NONE',  ( -2.589780901671448810, 3.630000000000000782, 0.2060347613911190923 ) ) ;
#5281 = CARTESIAN_POINT ( 'NONE',  ( 3.250000000000000000, 0.0000000000000000000, 8.673617379884035472E-16 ) ) ;
#5282 = CARTESIAN_POINT ( 'NONE',  ( 2.313426735441986626, 3.629999999999999893, -0.08951460528861865384 ) ) ;
#5283 = B_SPLINE_SURFACE_WITH_KNOTS ( 'NONE', 3, 1, ( 
 ( #789, #102 ),
 ( #646, #4121 ),
 ( #4658, #4727 ),
 ( #1707, #1605 ),
 ( #5033, #2660 ),
 ( #5544, #4006 ),
 ( #3000, #4154 ),
 ( #438, #65 ),
 ( #566, #3511 ),
 ( #3237, #3742 ),
 ( #2113, #1190 ),
 ( #2152, #2498 ),
 ( #6043, #6192 ),
 ( #4188, #23 ),
 ( #6224, #1079 ),
 ( #3674, #4527 ),
 ( #1666, #2081 ),
 ( #6156, #3127 ),
 ( #5669, #3638 ) ),
 .UNSPECIFIED., .F., .F., .F.,
 ( 4, 1, 1, 1, 1, 1, 1, 1, 1, 1, 1, 1, 1, 1, 1, 1, 4 ),
 ( 2, 2 ),
 ( 0.0000000000000000000, 0.05090243768365524529, 0.1010340427826156157, 0.1510838170086599708, 0.2030619875551391285, 0.2562484343627556838, 0.3108467145046019398, 0.3687690999693262195, 0.4300150403860049653, 0.4925196472738483933, 0.5560487215256779692, 0.6219956829149515531, 0.6901923690829543379, 0.7613848549885006145, 0.8363562199507224015, 0.9154870053271091379, 1.000000000000000000 ),
 ( 0.0000000000000000000, 1.000000000000000000 ),
 .UNSPECIFIED. ) ;
#5284 =( NAMED_UNIT ( * ) PLANE_ANGLE_UNIT ( ) SI_UNIT ( $, .RADIAN. ) );
#5285 = CARTESIAN_POINT ( 'NONE',  ( -2.724337037430417663, 3.679999999999998828, 0.2267107318610907807 ) ) ;
#5286 =( GEOMETRIC_REPRESENTATION_CONTEXT ( 3 ) GLOBAL_UNCERTAINTY_ASSIGNED_CONTEXT ( ( #1290 ) ) GLOBAL_UNIT_ASSIGNED_CONTEXT ( ( #6323, #3256, #1823 ) ) REPRESENTATION_CONTEXT ( 'NONE', 'WORKASPACE' ) );
#5287 = CARTESIAN_POINT ( 'NONE',  ( -2.563188314186138683, 3.629999999999999449, -0.1138818067652100224 ) ) ;
#5288 = AXIS2_PLACEMENT_3D ( 'NONE', #1661, #203, #2250 ) ;
#5289 = ORIENTED_EDGE ( 'NONE', *, *, #4251, .F. ) ;
#5290 = CARTESIAN_POINT ( 'NONE',  ( 0.1410410817595609267, 3.680000000000000160, -0.04221051877335942060 ) ) ;
#5291 = CARTESIAN_POINT ( 'NONE',  ( -2.170140692546939309, 3.679999999999999716, -0.1122358743413936627 ) ) ;
#5292 = CARTESIAN_POINT ( 'NONE',  ( 0.4142151619352489877, 3.629999999999999893, 0.4193193746620746953 ) ) ;
#5293 = CARTESIAN_POINT ( 'NONE',  ( -1.794427244066944871, 3.629999999999999005, -0.4175559581089231531 ) ) ;
#5294 = CARTESIAN_POINT ( 'NONE',  ( 1.011270073553440785, 3.679999999999998828, -0.7121319088907785977 ) ) ;
#5295 = ORIENTED_EDGE ( 'NONE', *, *, #2422, .F. ) ;
#5296 = ORIENTED_EDGE ( 'NONE', *, *, #5039, .T. ) ;
#5297 = CARTESIAN_POINT ( 'NONE',  ( -1.769288091635662585, 3.679999999999999716, 0.4412040286416352153 ) ) ;
#5298 = CARTESIAN_POINT ( 'NONE',  ( 1.566966986105657433, 3.680000000000001048, 0.6122724346331112066 ) ) ;
#5299 = UNCERTAINTY_MEASURE_WITH_UNIT (LENGTH_MEASURE( 1.000000000000000082E-05 ), #5822, 'distance_accuracy_value', 'NONE');
#5300 = CARTESIAN_POINT ( 'NONE',  ( 2.310063181436609714, 3.680000000000000604, 0.02055116350221643934 ) ) ;
#5301 = CARTESIAN_POINT ( 'NONE',  ( 1.795977620576195255, 3.679999999999997051, 0.6754071539454989948 ) ) ;
#5302 = COLOUR_RGB ( '',0.8313725490196077761, 0.6705882352941175961, 0.1294117647058823373 ) ;
#5303 = CARTESIAN_POINT ( 'NONE',  ( 1.294887235605714171, 3.629999999999999893, -0.04221051877335942060 ) ) ;
#5304 = SURFACE_STYLE_USAGE ( .BOTH. , #1192 ) ;
#5305 = SURFACE_STYLE_FILL_AREA ( #6341 ) ;
#5306 = CARTESIAN_POINT ( 'NONE',  ( 1.532045718837719672, 3.680000000000000604, -0.6012999545053011596 ) ) ;
#5307 = CARTESIAN_POINT ( 'NONE',  ( 0.9868789910812482136, 3.629999999999999893, -0.4385118635079118810 ) ) ;
#5308 = CIRCLE ( 'NONE', #4228, 0.2149999999999999412 ) ;
#5309 = PRESENTATION_LAYER_ASSIGNMENT (  '', '', ( #3598 ) ) ;
#5310 = CARTESIAN_POINT ( 'NONE',  ( -2.647269664884050577, 3.630000000000000338, -0.5009078588938991050 ) ) ;
#5311 = CARTESIAN_POINT ( 'NONE',  ( 2.031455229389925954, 3.680000000000002380, -0.6448659319547207502 ) ) ;
#5312 = CARTESIAN_POINT ( 'NONE',  ( -1.793412609895912002, 3.679999999999999272, -0.04834410500571763303 ) ) ;
#5313 = STYLED_ITEM ( 'NONE', ( #846 ), #1939 ) ;
#5314 = CARTESIAN_POINT ( 'NONE',  ( 2.140725144927401402, 3.629999999999999449, -0.4385118635079115479 ) ) ;
#5315 = PRESENTATION_LAYER_ASSIGNMENT (  '', '', ( #2531 ) ) ;
#5316 = EDGE_CURVE ( 'NONE', #3943, #6621, #4863, .T. ) ;
#5317 = CARTESIAN_POINT ( 'NONE',  ( -2.563188314186138683, 3.679999999999999716, -0.1138818067652100224 ) ) ;
#5318 = CARTESIAN_POINT ( 'NONE',  ( 0.2199888508256238884, 3.679999999999999716, -0.6109811010550234567 ) ) ;
#5319 = MECHANICAL_DESIGN_GEOMETRIC_PRESENTATION_REPRESENTATION (  '', ( #4553 ), #2750 ) ;
#5320 = CARTESIAN_POINT ( 'NONE',  ( 0.3612405306840436592, 3.680000000000000160, 0.3496025440466699608 ) ) ;
#5321 = CARTESIAN_POINT ( 'NONE',  ( -2.203915334222900313, 3.629999999999999893, -0.7474248579425204486 ) ) ;
#5322 = CARTESIAN_POINT ( 'NONE',  ( 2.110829782753117279, 3.680000000000000160, 0.2949889125815164936 ) ) ;
#5323 = CARTESIAN_POINT ( 'NONE',  ( -0.7699931313086856299, 3.629999999999999449, 0.5930743968738463323 ) ) ;
#5324 = FILL_AREA_STYLE ('',( #6355 ) ) ;
#5325 =( NAMED_UNIT ( * ) PLANE_ANGLE_UNIT ( ) SI_UNIT ( $, .RADIAN. ) );
#5326 = EDGE_LOOP ( 'NONE', ( #4513, #6089, #5090, #6518 ) ) ;
#5327 = CARTESIAN_POINT ( 'NONE',  ( -2.210332475577650779, 3.679999999999997051, -0.2669005383621932959 ) ) ;
#5328 = CARTESIAN_POINT ( 'NONE',  ( 1.549474733182426789, 3.680000000000000160, -0.6246150608697390583 ) ) ;
#5329 = PRESENTATION_STYLE_ASSIGNMENT (( #263 ) ) ;
#5330 = AXIS2_PLACEMENT_3D ( 'NONE', #6494, #6462, #2333 ) ;
#5331 = CARTESIAN_POINT ( 'NONE',  ( -1.455051414217078731, 3.629999999999999893, 0.5394368840068091142 ) ) ;
#5332 = CARTESIAN_POINT ( 'NONE',  ( -3.250000000000001332, 0.0000000000000000000, -4.336808689942015764E-16 ) ) ;
#5333 = CARTESIAN_POINT ( 'NONE',  ( 0.7471235571617022009, 3.679999999999997051, -0.8902646408155138191 ) ) ;
#5334 = VERTEX_POINT ( 'NONE', #4370 ) ;
#5335 = CARTESIAN_POINT ( 'NONE',  ( 2.439999999999999947, 0.0000000000000000000, 0.0000000000000000000 ) ) ;
#5336 = CARTESIAN_POINT ( 'NONE',  ( 1.011695119621838668, 3.630000000000000338, 0.09106425096286435705 ) ) ;
#5337 = CARTESIAN_POINT ( 'NONE',  ( 0.3209114957240594701, 3.629999999999999893, -0.4890562694957944490 ) ) ;
#5338 = CARTESIAN_POINT ( 'NONE',  ( 1.483223133660620752, 3.679999999999999272, 0.5467518375246115392 ) ) ;
#5339 = CARTESIAN_POINT ( 'NONE',  ( 0.2199888508256238884, 3.680000000000000160, -0.6109811010550234567 ) ) ;
#5340 = CARTESIAN_POINT ( 'NONE',  ( 0.005198706780885681625, 3.629999999999999005, -0.1803889511128611012 ) ) ;
#5341 = EDGE_CURVE ( 'NONE', #5117, #4478, #5271, .T. ) ;
#5342 = CARTESIAN_POINT ( 'NONE',  ( 1.159580581595833548, 3.629999999999999893, -0.08951460528861863997 ) ) ;
#5343 = SURFACE_STYLE_FILL_AREA ( #2156 ) ;
#5344 = CARTESIAN_POINT ( 'NONE',  ( 1.617228726940445505, 3.679999999999999716, -0.6877740693834173413 ) ) ;
#5345 = CARTESIAN_POINT ( 'NONE',  ( -0.7416223691204859580, 3.680000000000001492, -0.8374630178629562938 ) ) ;
#5346 = LINE ( 'NONE', #4835, #2001 ) ;
#5347 = CARTESIAN_POINT ( 'NONE',  ( -1.758431058163708149, 3.629999999999998117, 0.001144104676676612050 ) ) ;
#5348 = CARTESIAN_POINT ( 'NONE',  ( -1.900353520019287368, 3.629999999999999893, 0.03189758075712711971 ) ) ;
#5349 = CARTESIAN_POINT ( 'NONE',  ( -0.4579994240288677854, 3.679999999999996163, -0.7450596256095280978 ) ) ;
#5350 = CARTESIAN_POINT ( 'NONE',  ( 1.357125952235345823, 3.630000000000000338, -0.5713049426169535261 ) ) ;
#5351 = CARTESIAN_POINT ( 'NONE',  ( 1.617228726940445505, 3.629999999999999449, -0.6877740693834173413 ) ) ;
#5352 = CARTESIAN_POINT ( 'NONE',  ( -2.443614858444271842, 3.629999999999999893, -0.3623353352100456282 ) ) ;
#5353 = CARTESIAN_POINT ( 'NONE',  ( -2.528452020050040883, 3.679999999999998384, 0.03687025574661762645 ) ) ;
#5354 = CARTESIAN_POINT ( 'NONE',  ( -1.013077245123786607, 3.629999999999999893, -0.08861185062333414020 ) ) ;
#5355 = CARTESIAN_POINT ( 'NONE',  ( -1.012805072086593094, 3.629999999999999005, -0.04221051877335934427 ) ) ;
#5356 = CYLINDRICAL_SURFACE ( 'NONE', #2064, 0.2149999999999999412 ) ;
#5357 =( LENGTH_UNIT ( ) NAMED_UNIT ( * ) SI_UNIT ( .MILLI., .METRE. ) );
#5358 = EDGE_LOOP ( 'NONE', ( #3122, #3019, #3593, #5973 ) ) ;
#5359 = CARTESIAN_POINT ( 'NONE',  ( -2.443614858444271842, 3.679999999999997051, -0.3623353352100456282 ) ) ;
#5360 = CARTESIAN_POINT ( 'NONE',  ( 0.2779905064770488710, 3.630000000000001226, 0.002369331732083175459 ) ) ;
#5361 = CARTESIAN_POINT ( 'NONE',  ( -1.904781917844940331, 3.630000000000000338, -0.7864445788490245226 ) ) ;
#5362 = CARTESIAN_POINT ( 'NONE',  ( -0.1291089387443772607, 3.630000000000000338, -0.05953894067806884266 ) ) ;
#5363 = ORIENTED_EDGE ( 'NONE', *, *, #3670, .T. ) ;
#5364 = CARTESIAN_POINT ( 'NONE',  ( -1.378761860732932831, 3.630000000000000338, 0.4144661665849020404 ) ) ;
#5365 = ORIENTED_EDGE ( 'NONE', *, *, #4841, .T. ) ;
#5366 = CARTESIAN_POINT ( 'NONE',  ( -1.840140167885343070, 3.680000000000000160, 0.2027509039454990225 ) ) ;
#5367 = CARTESIAN_POINT ( 'NONE',  ( 0.6630295352064152770, 3.680000000000001048, -0.7468003486258716350 ) ) ;
#5368 = UNCERTAINTY_MEASURE_WITH_UNIT (LENGTH_MEASURE( 1.000000000000000082E-05 ), #5717, 'distance_accuracy_value', 'NONE');
#5369 = CARTESIAN_POINT ( 'NONE',  ( -0.6530737344609240935, 3.680000000000000160, -0.7113250861540982850 ) ) ;
#5370 = CARTESIAN_POINT ( 'NONE',  ( 1.319145655061645606, 3.630000000000000782, 0.2037647460570417568 ) ) ;
#5371 = CARTESIAN_POINT ( 'NONE',  ( 1.375011663533188377, 3.629999999999999005, 0.3857951688362199483 ) ) ;
#5372 = LINE ( 'NONE', #1193, #3827 ) ;
#5373 = CARTESIAN_POINT ( 'NONE',  ( 1.005718570725756766, 3.630000000000001226, -0.3577718649040553811 ) ) ;
#5374 = CYLINDRICAL_SURFACE ( 'NONE', #3279, 2.499999999999998668 ) ;
#5375 = CARTESIAN_POINT ( 'NONE',  ( -0.1652381647349229210, 3.630000000000000782, 0.5151024595929387662 ) ) ;
#5376 = CARTESIAN_POINT ( 'NONE',  ( 2.082909860507245803, 3.679999999999999716, 0.3515568068007470792 ) ) ;
#5377 = CARTESIAN_POINT ( 'NONE',  ( -0.4760611925246728826, 3.629999999999999893, -0.9008910975147440547 ) ) ;
#5378 = DIRECTION ( 'NONE',  ( 1.000000000000000000, 0.0000000000000000000, -0.0000000000000000000 ) ) ;
#5379 = CARTESIAN_POINT ( 'NONE',  ( -0.4908166186397386332, 3.679999999999997495, -0.7468003486258714130 ) ) ;
#5380 = CARTESIAN_POINT ( 'NONE',  ( 1.318305637223867732, 3.629999999999999449, -0.4301607659489332103 ) ) ;
#5381 = FILL_AREA_STYLE ('',( #3850 ) ) ;
#5382 = CARTESIAN_POINT ( 'NONE',  ( -2.615764061787169137, 3.679999999999999716, -0.6595264191468130921 ) ) ;
#5383 = CARTESIAN_POINT ( 'NONE',  ( -1.959963497371361774, 3.630000000000000782, -0.6389322185550636579 ) ) ;
#5384 = CARTESIAN_POINT ( 'NONE',  ( -2.215741129423804967, 3.680000000000000604, 0.5215610000993452511 ) ) ;
#5385 = SURFACE_SIDE_STYLE ('',( #2272 ) ) ;
#5386 = CARTESIAN_POINT ( 'NONE',  ( -2.543860743911949829, 3.680000000000000604, 0.3714700008124587338 ) ) ;
#5387 = CARTESIAN_POINT ( 'NONE',  ( 1.092156819488414143, 3.629999999999999893, -0.5642831114839580442 ) ) ;
#5388 = ORIENTED_EDGE ( 'NONE', *, *, #1170, .T. ) ;
#5389 = B_SPLINE_CURVE_WITH_KNOTS ( 'NONE', 3,
 ( #2123, #3209, #508, #2795, #4270, #1227, #5373, #4833, #5307, #5913, #4864, #3747, #1810, #279, #812, #3874, #720, #2866, #217, #1266, #245, #2294, #2931 ),
 .UNSPECIFIED., .F., .F.,
 ( 4, 1, 1, 1, 1, 1, 1, 1, 1, 1, 1, 1, 1, 1, 1, 1, 1, 1, 1, 1, 4 ),
 ( 0.0000000000000000000, 0.06568119799063874831, 0.1284864641740647850, 0.1881751303280076448, 0.2451061306699861830, 0.2994484245294751767, 0.3508229360093821358, 0.3999416805337775438, 0.4466717436323718315, 0.4912545333734980035, 0.5333763442704363422, 0.5738527549682236328, 0.6125263117194525986, 0.6495971364453287933, 0.6855320415538498358, 0.7201057860682003042, 0.7538376629736494028, 0.8189254160467132060, 0.8804934616501637334, 0.9403113338460566961, 0.9999999999999998890 ),
 .UNSPECIFIED. ) ;
#5390 = CARTESIAN_POINT ( 'NONE',  ( 1.500729877794305889, 3.680000000000001048, -0.5492481836291357444 ) ) ;
#5391 = CARTESIAN_POINT ( 'NONE',  ( 1.429141792945790579, 3.629999999999999449, -0.09301922788581649948 ) ) ;
#5392 = CARTESIAN_POINT ( 'NONE',  ( 3.249999999999999112, 0.5000000000000000000, 8.673617379884039416E-16 ) ) ;
#5393 = COLOUR_RGB ( '',0.7686274509803920907, 0.7686274509803920907, 0.7686274509803920907 ) ;
#5394 = CARTESIAN_POINT ( 'NONE',  ( -0.1286017063468814781, 3.629999999999999893, -0.1130543845160394689 ) ) ;
#5395 = EDGE_CURVE ( 'NONE', #1034, #6453, #6093, .T. ) ;
#5396 = EDGE_LOOP ( 'NONE', ( #330, #2011, #2356, #155 ) ) ;
#5397 = DIRECTION ( 'NONE',  ( 0.0000000000000000000, 1.000000000000000000, 0.0000000000000000000 ) ) ;
#5398 = ORIENTED_EDGE ( 'NONE', *, *, #1735, .T. ) ;
#5399 = CARTESIAN_POINT ( 'NONE',  ( 0.6300484245170148156, 3.630000000000000338, -0.7467991491397442116 ) ) ;
#5400 = STYLED_ITEM ( 'NONE', ( #2558 ), #5942 ) ;
#5401 = CARTESIAN_POINT ( 'NONE',  ( -0.5570084603027566361, 3.680000000000000160, -0.7450563230951846583 ) ) ;
#5402 = CARTESIAN_POINT ( 'NONE',  ( 3.250000000000001332, 3.180000000000000604, 1.900000000000001465 ) ) ;
#5403 = CARTESIAN_POINT ( 'NONE',  ( 1.566966986105657433, 3.630000000000000782, 0.6122724346331112066 ) ) ;
#5404 = CARTESIAN_POINT ( 'NONE',  ( -0.5567759744430561542, 3.629999999999999893, 0.5190785959586219356 ) ) ;
#5405 = MECHANICAL_DESIGN_GEOMETRIC_PRESENTATION_REPRESENTATION (  '', ( #4651 ), #4017 ) ;
#5406 = CARTESIAN_POINT ( 'NONE',  ( -1.455524783269958267, 3.629999999999999893, 0.5311763847147297213 ) ) ;
#5407 = CARTESIAN_POINT ( 'NONE',  ( -0.3091027969057772440, 3.629999999999999449, -0.8546058829506907317 ) ) ;
#5408 = CARTESIAN_POINT ( 'NONE',  ( -2.276599247956587302, 3.630000000000000782, 0.6739521183764456413 ) ) ;
#5409 = CARTESIAN_POINT ( 'NONE',  ( -1.205524783269958267, 3.680000000000000160, 0.5311763847147297213 ) ) ;
#5410 = CARTESIAN_POINT ( 'NONE',  ( 1.309889359985185298, 3.630000000000000782, -0.3747200097270574348 ) ) ;
#5411 = COLOUR_RGB ( '',0.7686274509803920907, 0.7686274509803920907, 0.7686274509803920907 ) ;
#5412 = CARTESIAN_POINT ( 'NONE',  ( 1.429232463373130146, 3.629999999999999005, -0.1722754738825201803 ) ) ;
#5413 =( LENGTH_UNIT ( ) NAMED_UNIT ( * ) SI_UNIT ( .MILLI., .METRE. ) );
#5414 = COLOUR_RGB ( '',0.7686274509803920907, 0.7686274509803920907, 0.7686274509803920907 ) ;
#5415 = MECHANICAL_DESIGN_GEOMETRIC_PRESENTATION_REPRESENTATION (  '', ( #1692 ), #1023 ) ;
#5416 = CARTESIAN_POINT ( 'NONE',  ( 0.5724086963628061131, 3.679999999999997939, 0.6707358758521786424 ) ) ;
#5417 = CARTESIAN_POINT ( 'NONE',  ( -2.226262903372974389, 3.629999999999999449, -0.7473905803220047828 ) ) ;
#5418 = CARTESIAN_POINT ( 'NONE',  ( -1.706509790942744687, 3.680000000000001936, 0.2430743724875501222 ) ) ;
#5419 = CARTESIAN_POINT ( 'NONE',  ( 1.150770977575658272, 3.629999999999998561, -0.3080975394639433040 ) ) ;
#5420 = EDGE_CURVE ( 'NONE', #1654, #6610, #3370, .T. ) ;
#5421 = EDGE_CURVE ( 'NONE', #4477, #4683, #3802, .T. ) ;
#5422 = CARTESIAN_POINT ( 'NONE',  ( 0.6630295352064152770, 3.680000000000003268, -0.7468003486258716350 ) ) ;
#5423 = COLOUR_RGB ( '',0.7686274509803920907, 0.7686274509803920907, 0.7686274509803920907 ) ;
#5424 = ORIENTED_EDGE ( 'NONE', *, *, #273, .F. ) ;
#5425 = CIRCLE ( 'NONE', #2537, 1.900000000000000577 ) ;
#5426 = CARTESIAN_POINT ( 'NONE',  ( 0.9064076506559779478, 3.629999999999998561, 0.5906681404830106397 ) ) ;
#5427 = CARTESIAN_POINT ( 'NONE',  ( -1.720743917732169503, 3.629999999999999893, 0.3262420410986950348 ) ) ;
#5428 = CARTESIAN_POINT ( 'NONE',  ( 0.3096830872545680013, 3.680000000000000160, 0.2282353880053845652 ) ) ;
#5429 = CARTESIAN_POINT ( 'NONE',  ( 1.515086684530197569, 3.679999999999995275, 0.3496025440466700163 ) ) ;
#5430 = CARTESIAN_POINT ( 'NONE',  ( -1.447006262094307383, 3.679999999999999272, 0.5792323469733505759 ) ) ;
#5431 = CARTESIAN_POINT ( 'NONE',  ( -2.043366350268128073, 3.680000000000000160, -0.8724524523665482256 ) ) ;
#5432 = CARTESIAN_POINT ( 'NONE',  ( -0.2969025282144888700, 3.629999999999999449, 0.4404177906756157612 ) ) ;
#5433 = EDGE_LOOP ( 'NONE', ( #358, #3857, #897, #4825 ) ) ;
#5434 = PRESENTATION_LAYER_ASSIGNMENT (  '', '', ( #4368 ) ) ;
#5435 = PRESENTATION_STYLE_ASSIGNMENT (( #2924 ) ) ;
#5436 = CARTESIAN_POINT ( 'NONE',  ( 0.8776090755437722102, 3.680000000000000160, -0.6448659319547209723 ) ) ;
#5437 = UNCERTAINTY_MEASURE_WITH_UNIT (LENGTH_MEASURE( 1.000000000000000082E-05 ), #4437, 'distance_accuracy_value', 'NONE');
#5438 = CARTESIAN_POINT ( 'NONE',  ( 0.1563068060728300124, 3.630000000000001226, 0.1484287315833060228 ) ) ;
#5439 = CARTESIAN_POINT ( 'NONE',  ( 2.060253804502131914, 3.680000000000000160, 0.5906681404830101956 ) ) ;
#5440 = FILL_AREA_STYLE_COLOUR ( '', #4900 ) ;
#5441 = CARTESIAN_POINT ( 'NONE',  ( 1.483223133660620752, 3.629999999999999005, 0.5467518375246115392 ) ) ;
#5442 = PRESENTATION_LAYER_ASSIGNMENT (  '', '', ( #6273 ) ) ;
#5443 = CARTESIAN_POINT ( 'NONE',  ( -1.995488725577650557, 3.629999999999999893, -0.1986914037468087424 ) ) ;
#5444 = ADVANCED_FACE ( 'NONE', ( #5476 ), #1824, .T. ) ;
#5445 = CARTESIAN_POINT ( 'NONE',  ( 0.2752444474992724599, 3.629999999999999893, -0.1130543845160394689 ) ) ;
#5446 = CARTESIAN_POINT ( 'NONE',  ( 0.2925598652771584929, 3.679999999999999716, -0.3759940567165691583 ) ) ;
#5447 = CARTESIAN_POINT ( 'NONE',  ( -0.1853925717314967025, 3.680000000000000160, 0.2640489808685759221 ) ) ;
#5448 = CARTESIAN_POINT ( 'NONE',  ( 0.6421314667300419554, 3.680000000000000160, -0.9015159229775778771 ) ) ;
#5449 = CARTESIAN_POINT ( 'NONE',  ( -0.3730386307189619277, 3.629999999999998561, 0.6545537366480596031 ) ) ;
#5450 = CARTESIAN_POINT ( 'NONE',  ( 1.549215633293902661, 3.630000000000000338, 0.3977910179525214751 ) ) ;
#5451 = ADVANCED_FACE ( 'NONE', ( #4029 ), #4258, .T. ) ;
#5452 = CARTESIAN_POINT ( 'NONE',  ( -0.01975180445324029033, 3.679999999999999716, 0.1949223597551754117 ) ) ;
#5453 = CARTESIAN_POINT ( 'NONE',  ( -1.213603916397895333, 3.629999999999997673, 0.4823842282300511153 ) ) ;
#5454 = CARTESIAN_POINT ( 'NONE',  ( -2.323149255030706239, 3.679999999999999272, -0.8892563951214083051 ) ) ;
#5455 = CARTESIAN_POINT ( 'NONE',  ( -1.446991335574393522, 3.680000000000000160, 0.4825306445187934057 ) ) ;
#5456 = SURFACE_STYLE_FILL_AREA ( #3478 ) ;
#5457 = CARTESIAN_POINT ( 'NONE',  ( 0.4736799727252993808, 3.680000000000000160, -0.8692769918086844516 ) ) ;
#5458 = CARTESIAN_POINT ( 'NONE',  ( -2.501528707849575817, 3.630000000000000338, -0.5823064596343272559 ) ) ;
#5459 = CARTESIAN_POINT ( 'NONE',  ( -1.720743917732169503, 3.629999999999999893, 0.3262420410986950348 ) ) ;
#5460 = LINE ( 'NONE', #3028, #1251 ) ;
#5461 = ORIENTED_EDGE ( 'NONE', *, *, #3105, .F. ) ;
#5462 = FACE_BOUND ( 'NONE', #2979, .T. ) ;
#5463 = EDGE_CURVE ( 'NONE', #5618, #4317, #2832, .T. ) ;
#5464 = LINE ( 'NONE', #866, #473 ) ;
#5465 = CARTESIAN_POINT ( 'NONE',  ( 0.1406290628838879619, 3.629999999999999893, -0.1124534229775779742 ) ) ;
#5466 = CARTESIAN_POINT ( 'NONE',  ( -2.096262726312092983, 3.679999999999999272, -0.8894793894006082224 ) ) ;
#5467 = CARTESIAN_POINT ( 'NONE',  ( -1.935974647839606488, 3.680000000000001048, -0.6001791527998338038 ) ) ;
#5468 = B_SPLINE_CURVE_WITH_KNOTS ( 'NONE', 3,
 ( #5384, #792, #192, #4379, #5956, #4974, #4914, #828, #3950, #2408, #6074, #2974, #949, #5988, #5006, #6016, #6045, #3977, #1943 ),
 .UNSPECIFIED., .F., .F.,
 ( 4, 1, 1, 1, 1, 1, 1, 1, 1, 1, 1, 1, 1, 1, 1, 1, 4 ),
 ( 0.0000000000000000000, 0.07655893299404790964, 0.1491613519791145925, 0.2188268461269945453, 0.2855671390889786831, 0.3503131057192116482, 0.4141251538580797420, 0.4771791613162270074, 0.5403680185081837228, 0.6022023899907495981, 0.6620336537315640868, 0.7199344070495792280, 0.7759074326823269807, 0.8311148643832974026, 0.8866674470119630946, 0.9425523618334882281, 1.000000000000000000 ),
 .UNSPECIFIED. ) ;
#5469 =( LENGTH_UNIT ( ) NAMED_UNIT ( * ) SI_UNIT ( .MILLI., .METRE. ) );
#5470 = EDGE_LOOP ( 'NONE', ( #2434, #5149, #2217, #5558 ) ) ;
#5471 = CARTESIAN_POINT ( 'NONE',  ( -2.098433140963559040, 3.679999999999999716, -0.2858292833374591058 ) ) ;
#5472 = CARTESIAN_POINT ( 'NONE',  ( -0.7756465888545878151, 3.679999999999999716, -0.6012999545053008266 ) ) ;
#5473 = CARTESIAN_POINT ( 'NONE',  ( 1.967187799571705309, 3.679999999999998828, 0.6423244333718793886 ) ) ;
#5474 = CARTESIAN_POINT ( 'NONE',  ( -2.226262903372974389, 3.629999999999999449, -0.7473905803220047828 ) ) ;
#5475 =( LENGTH_UNIT ( ) NAMED_UNIT ( * ) SI_UNIT ( .MILLI., .METRE. ) );
#5476 = FACE_OUTER_BOUND ( 'NONE', #2914, .T. ) ;
#5477 = CARTESIAN_POINT ( 'NONE',  ( 0.3099517294271078027, 3.680000000000000604, -0.4549501504519899986 ) ) ;
#5478 = VERTEX_POINT ( 'NONE', #6208 ) ;
#5479 = CARTESIAN_POINT ( 'NONE',  ( 1.982725832262917320, 3.629999999999999449, 0.4628442175833042960 ) ) ;
#5480 = CARTESIAN_POINT ( 'NONE',  ( -0.03162366349564469520, 3.629999999999999005, -0.4725566460590626128 ) ) ;
#5481 = CARTESIAN_POINT ( 'NONE',  ( 0.9064076506559779478, 3.679999999999998828, 0.5906681404830106397 ) ) ;
#5482 = B_SPLINE_CURVE_WITH_KNOTS ( 'NONE', 3,
 ( #2905, #2874, #4373, #4404, #434, #404, #6439, #1871, #373, #2433, #3906, #5513, #2969, #5002, #1907 ),
 .UNSPECIFIED., .F., .F.,
 ( 4, 1, 1, 1, 1, 1, 1, 1, 1, 1, 1, 1, 4 ),
 ( 0.0000000000000000000, 0.08940971111013541750, 0.1763057644831057535, 0.2626259021834186913, 0.3494457264756541948, 0.4354982637429555825, 0.5189281301037151906, 0.6013546565787410980, 0.6842564217184169406, 0.7658067397968333356, 0.8448768657103882251, 0.9222797948488749009, 1.000000000000000000 ),
 .UNSPECIFIED. ) ;
#5483 = CARTESIAN_POINT ( 'NONE',  ( 1.159859832114657596, 3.680000000000000160, -0.1124534229775779742 ) ) ;
#5484 = CARTESIAN_POINT ( 'NONE',  ( -1.419010360452738206, 3.630000000000000782, 0.4426791443235477130 ) ) ;
#5485 = EDGE_CURVE ( 'NONE', #534, #804, #2212, .T. ) ;
#5486 = CARTESIAN_POINT ( 'NONE',  ( 2.122299735960810896, 3.629999999999999893, 0.2640489808685759221 ) ) ;
#5487 = CARTESIAN_POINT ( 'NONE',  ( 0.4741425338365615194, 3.679999999999998384, 0.6437671857298028488 ) ) ;
#5488 = CARTESIAN_POINT ( 'NONE',  ( 0.6421314667300419554, 3.629999999999999893, -0.9015159229775778771 ) ) ;
#5489 = CARTESIAN_POINT ( 'NONE',  ( -2.448490725218204656, 3.629999999999999005, -0.6614327654149808611 ) ) ;
#5490 =( LENGTH_UNIT ( ) NAMED_UNIT ( * ) SI_UNIT ( .MILLI., .METRE. ) );
#5491 = CARTESIAN_POINT ( 'NONE',  ( -2.441490424179494578, 3.629999999999999449, -0.1921380893207659257 ) ) ;
#5492 = ORIENTED_EDGE ( 'NONE', *, *, #5952, .T. ) ;
#5493 = CARTESIAN_POINT ( 'NONE',  ( -1.854687850217318967, 3.629999999999999449, 0.1135529213146722477 ) ) ;
#5494 = CARTESIAN_POINT ( 'NONE',  ( 1.800484832114657374, 3.629999999999999893, 0.5215610000993451401 ) ) ;
#5495 = CARTESIAN_POINT ( 'NONE',  ( 1.294615795940383673, 3.679999999999999716, -0.1364951605779704535 ) ) ;
#5496 = CARTESIAN_POINT ( 'NONE',  ( -0.6530737344609240935, 3.629999999999999893, -0.7113250861540982850 ) ) ;
#5497 = CARTESIAN_POINT ( 'NONE',  ( 0.9625860796285204968, 3.679999999999996607, 0.5427442978721668254 ) ) ;
#5498 = CARTESIAN_POINT ( 'NONE',  ( -1.260696662157369863, 3.630000000000001226, 0.4261752209892741283 ) ) ;
#5499 = EDGE_CURVE ( 'NONE', #3999, #5523, #6490, .T. ) ;
#5500 = ORIENTED_EDGE ( 'NONE', *, *, #2226, .F. ) ;
#5501 = CARTESIAN_POINT ( 'NONE',  ( -2.217243533269958711, 3.679999999999999272, 0.6754071539454991058 ) ) ;
#5502 = CARTESIAN_POINT ( 'NONE',  ( -0.8612862885689963610, 3.680000000000001936, -0.3759940567165693803 ) ) ;
#5503 = CARTESIAN_POINT ( 'NONE',  ( 2.304617131421812459, 3.630000000000000782, -0.3080975394639433040 ) ) ;
#5504 = CARTESIAN_POINT ( 'NONE',  ( 1.726254850208960301, 3.680000000000003268, 0.6707358758521787534 ) ) ;
#5505 = CARTESIAN_POINT ( 'NONE',  ( -1.864896345717588444, 3.629999999999999005, -0.1172372848205787271 ) ) ;
#5506 = CARTESIAN_POINT ( 'NONE',  ( -1.897394746111483288, 3.630000000000000338, 0.3766766561604546482 ) ) ;
#5507 = EDGE_CURVE ( 'NONE', #1279, #1728, #2674, .T. ) ;
#5508 = VECTOR ( 'NONE', #4967, 1000.000000000000000 ) ;
#5509 = ORIENTED_EDGE ( 'NONE', *, *, #5591, .F. ) ;
#5510 = CARTESIAN_POINT ( 'NONE',  ( -0.2776148822896700730, 3.679999999999995719, 0.6104187710414504808 ) ) ;
#5511 = CARTESIAN_POINT ( 'NONE',  ( 2.066855970932293562, 3.679999999999999272, 0.3767878714466541545 ) ) ;
#5512 = CARTESIAN_POINT ( 'NONE',  ( -0.06168933435774014151, 3.630000000000000782, -0.5642831114839579332 ) ) ;
#5513 = CARTESIAN_POINT ( 'NONE',  ( -1.795675874948240658, 3.680000000000000604, -0.6110012066078391868 ) ) ;
#5514 = CARTESIAN_POINT ( 'NONE',  ( -1.819106514039189104, 3.680000000000000604, 0.5107436924070374307 ) ) ;
#5515 = ORIENTED_EDGE ( 'NONE', *, *, #1685, .F. ) ;
#5516 = CARTESIAN_POINT ( 'NONE',  ( -2.323149255030706239, 3.629999999999999893, -0.8892563951214083051 ) ) ;
#5517 = DIRECTION ( 'NONE',  ( 0.0000000000000000000, 0.0000000000000000000, -1.000000000000000000 ) ) ;
#5518 = SURFACE_SIDE_STYLE ('',( #5456 ) ) ;
#5519 = EDGE_CURVE ( 'NONE', #6116, #2456, #1619, .T. ) ;
#5520 = STYLED_ITEM ( 'NONE', ( #5926 ), #348 ) ;
#5521 = FILL_AREA_STYLE ('',( #4409 ) ) ;
#5522 = DIRECTION ( 'NONE',  ( 0.0000000000000000000, 0.0000000000000000000, -1.000000000000000000 ) ) ;
#5523 = VERTEX_POINT ( 'NONE', #5145 ) ;
#5524 = CARTESIAN_POINT ( 'NONE',  ( 1.055855982376287860, 3.629999999999998561, 0.4158690181570811051 ) ) ;
#5525 = MECHANICAL_DESIGN_GEOMETRIC_PRESENTATION_REPRESENTATION (  '', ( #5080 ), #4980 ) ;
#5526 = CARTESIAN_POINT ( 'NONE',  ( -2.478210609296662259, 3.680000000000001048, -0.8214828575408577027 ) ) ;
#5527 = CARTESIAN_POINT ( 'NONE',  ( 1.508453021715323139, 3.629999999999999005, -0.7957648289813755715 ) ) ;
#5528 = PRESENTATION_STYLE_ASSIGNMENT (( #1513 ) ) ;
#5529 = CARTESIAN_POINT ( 'NONE',  ( 1.012630880481127926, 3.629999999999999449, 0.4845116065617086076 ) ) ;
#5530 = CARTESIAN_POINT ( 'NONE',  ( -3.249999999999999556, 0.5000000000000000000, 2.500000000000000444 ) ) ;
#5531 = ORIENTED_EDGE ( 'NONE', *, *, #1346, .F. ) ;
#5532 = CARTESIAN_POINT ( 'NONE',  ( -2.197582431094012190, 3.680000000000000160, -0.2672746242833871078 ) ) ;
#5533 = PLANE ( 'NONE',  #2330 ) ;
#5534 = STYLED_ITEM ( 'NONE', ( #2989 ), #2476 ) ;
#5535 = CARTESIAN_POINT ( 'NONE',  ( -2.377970279552167110, 3.630000000000001226, -0.8732370710562478155 ) ) ;
#5536 = DIRECTION ( 'NONE',  ( 0.0000000000000000000, 0.0000000000000000000, 1.000000000000000000 ) ) ;
#5537 = CARTESIAN_POINT ( 'NONE',  ( -0.2474385031901756571, 3.629999999999999449, 0.5906681404830103066 ) ) ;
#5538 = CARTESIAN_POINT ( 'NONE',  ( 2.089144839859539360, 3.629999999999999449, 0.5681031572849437605 ) ) ;
#5539 = EDGE_CURVE ( 'NONE', #5523, #4352, #1069, .T. ) ;
#5540 = CARTESIAN_POINT ( 'NONE',  ( 1.486901004569491702, 3.679999999999999272, 0.2934797648053331653 ) ) ;
#5541 = CARTESIAN_POINT ( 'NONE',  ( 1.159580581595833548, 3.680000000000000160, -0.08951460528861863997 ) ) ;
#5542 = CARTESIAN_POINT ( 'NONE',  ( -0.2767952467405265793, 3.680000000000000160, 0.4212972271129389323 ) ) ;
#5543 = CARTESIAN_POINT ( 'NONE',  ( 0.3956285793362728787, 3.680000000000000160, -0.6246150608697390583 ) ) ;
#5544 = CARTESIAN_POINT ( 'NONE',  ( -1.935974647839606488, 3.630000000000000782, -0.6001791527998338038 ) ) ;
#5545 = CARTESIAN_POINT ( 'NONE',  ( -1.902445114259875059, 3.680000000000000604, -0.2595446901364977799 ) ) ;
#5546 = CARTESIAN_POINT ( 'NONE',  ( 0.3559906678061113272, 3.679999999999997495, 0.5710793898188217810 ) ) ;
#5547 =( NAMED_UNIT ( * ) SI_UNIT ( $, .STERADIAN. ) SOLID_ANGLE_UNIT ( ) );
#5548 = CARTESIAN_POINT ( 'NONE',  ( 1.022024063556380424, 3.680000000000000604, -0.007312642577163052000 ) ) ;
#5549 = CARTESIAN_POINT ( 'NONE',  ( -2.512708291583273024, 3.679999999999999716, -0.5378179337188607745 ) ) ;
#5550 = DIRECTION ( 'NONE',  ( -0.0000000000000000000, -1.000000000000000000, -0.0000000000000000000 ) ) ;
#5551 = ORIENTED_EDGE ( 'NONE', *, *, #1796, .T. ) ;
#5552 = CARTESIAN_POINT ( 'NONE',  ( 1.035168914053854694, 3.630000000000001226, 0.4515117150197843765 ) ) ;
#5553 = CARTESIAN_POINT ( 'NONE',  ( 1.549215633293902661, 3.679999999999995719, 0.3977910179525214751 ) ) ;
#5554 = CARTESIAN_POINT ( 'NONE',  ( 1.784146957805758493, 3.629999999999999893, -0.9013173374551021189 ) ) ;
#5555 = CARTESIAN_POINT ( 'NONE',  ( -0.8758321625466505278, 3.629999999999999893, -0.2288744940549596874 ) ) ;
#5556 = CARTESIAN_POINT ( 'NONE',  ( 0.8453916671601016120, 3.629999999999999893, 0.6280818497790880972 ) ) ;
#5557 = CARTESIAN_POINT ( 'NONE',  ( 2.011010498185277662, 3.680000000000000604, -0.6649389182869539505 ) ) ;
#5558 = ORIENTED_EDGE ( 'NONE', *, *, #4509, .T. ) ;
#5559 = CARTESIAN_POINT ( 'NONE',  ( 1.701634723935224969, 3.629999999999999005, -0.7327592144130747887 ) ) ;
#5560 = ADVANCED_FACE ( 'NONE', ( #5581 ), #990, .F. ) ;
#5561 = ORIENTED_EDGE ( 'NONE', *, *, #4983, .F. ) ;
#5562 = CARTESIAN_POINT ( 'NONE',  ( -2.590140167885343292, 3.629999999999999005, 0.2168735000993451401 ) ) ;
#5563 = CARTESIAN_POINT ( 'NONE',  ( 2.439999999999999947, 0.05000000000000012768, 0.0000000000000000000 ) ) ;
#5564 = CARTESIAN_POINT ( 'NONE',  ( -1.447006262094307383, 3.629999999999999449, 0.5792323469733505759 ) ) ;
#5565 = CARTESIAN_POINT ( 'NONE',  ( 0.3466430780105092535, 3.680000000000000160, 0.3224517141456206826 ) ) ;
#5566 = CARTESIAN_POINT ( 'NONE',  ( -0.3405045081206015678, 3.630000000000000338, 0.6423244333718797217 ) ) ;
#5567 = ORIENTED_EDGE ( 'NONE', *, *, #6027, .T. ) ;
#5568 = PLANE ( 'NONE',  #2953 ) ;
#5569 = CARTESIAN_POINT ( 'NONE',  ( 1.431836660323202226, 3.679999999999999272, 0.002369331732083174158 ) ) ;
#5570 =( NAMED_UNIT ( * ) SI_UNIT ( $, .STERADIAN. ) SOLID_ANGLE_UNIT ( ) );
#5571 = B_SPLINE_SURFACE_WITH_KNOTS ( 'NONE', 3, 1, ( 
 ( #1818, #3024 ),
 ( #2469, #5599 ),
 ( #3947, #6557 ),
 ( #3061, #4560 ),
 ( #6593, #1498 ),
 ( #509, #4470 ),
 ( #4500, #3509 ),
 ( #6042, #1940 ),
 ( #1468, #5543 ),
 ( #947, #2999 ),
 ( #4526, #437 ),
 ( #1994, #3646 ),
 ( #73, #5712 ),
 ( #4623, #5169 ),
 ( #32, #4163 ),
 ( #573, #3171 ),
 ( #619, #4195 ),
 ( #3716, #6277 ),
 ( #1162, #5244 ),
 ( #2868, #2572 ),
 ( #3348, #2158 ),
 ( #6165, #3644 ),
 ( #1566, #5100 ) ),
 .UNSPECIFIED., .F., .F., .F.,
 ( 4, 1, 1, 1, 1, 1, 1, 1, 1, 1, 1, 1, 1, 1, 1, 1, 1, 1, 1, 1, 4 ),
 ( 2, 2 ),
 ( 0.0000000000000000000, 0.06038661931106212993, 0.1208832485859957645, 0.1827546186251392812, 0.2478110297583511756, 0.2812991000432487620, 0.3150876241506569420, 0.3497023955502751580, 0.3848565811185553076, 0.4209661972261021790, 0.4585111882611387357, 0.4971747221273119521, 0.5376020478662691948, 0.5805030184200115073, 0.6274675400267044623, 0.6783882095592432826, 0.7339832205925603814, 0.7937467045508347363, 0.8577136721607320213, 0.9266978643613859035, 1.000000000000000000 ),
 ( 0.0000000000000000000, 1.000000000000000000 ),
 .UNSPECIFIED. ) ;
#5572 = CARTESIAN_POINT ( 'NONE',  ( -0.9978029477071220787, 3.629999999999998117, -0.3747200097270572683 ) ) ;
#5573 = CARTESIAN_POINT ( 'NONE',  ( -1.330524783269958267, 3.629999999999999893, 0.4061763847147297768 ) ) ;
#5574 = CARTESIAN_POINT ( 'NONE',  ( 2.151525664480356426, 3.680000000000001936, -0.3995362814424763265 ) ) ;
#5575 = CARTESIAN_POINT ( 'NONE',  ( -2.043366350268128073, 3.630000000000000782, -0.8724524523665482256 ) ) ;
#5576 = CARTESIAN_POINT ( 'NONE',  ( -0.1356148659961414205, 3.629999999999999893, -0.2670601040317101549 ) ) ;
#5577 = CARTESIAN_POINT ( 'NONE',  ( -2.466264169439788656, 3.629999999999999449, -0.1793630927054551405 ) ) ;
#5578 = CARTESIAN_POINT ( 'NONE',  ( -2.194592780020842238, 3.629999999999999449, -0.1127784654068359482 ) ) ;
#5579 = CARTESIAN_POINT ( 'NONE',  ( -2.390236805214726701, 3.629999999999999449, -0.07478896756802796975 ) ) ;
#5580 = CARTESIAN_POINT ( 'NONE',  ( 3.249999999999999112, 3.680000000000000160, -1.899999999999999689 ) ) ;
#5581 = FACE_OUTER_BOUND ( 'NONE', #2043, .T. ) ;
#5582 = CARTESIAN_POINT ( 'NONE',  ( 1.134094349392914092, 3.630000000000000338, 0.1949223597551754950 ) ) ;
#5583 = CARTESIAN_POINT ( 'NONE',  ( -0.1924456765571521677, 3.679999999999999716, -0.7701568731001783297 ) ) ;
#5584 = EDGE_LOOP ( 'NONE', ( #1307, #498, #5388, #94 ) ) ;
#5585 = CARTESIAN_POINT ( 'NONE',  ( 0.1758055687026628400, 3.679999999999999716, 0.2552428758202027193 ) ) ;
#5586 = FACE_OUTER_BOUND ( 'NONE', #2411, .T. ) ;
#5587 = DIRECTION ( 'NONE',  ( -1.826024711554533223E-15, 0.0000000000000000000, 1.000000000000000000 ) ) ;
#5588 = EDGE_CURVE ( 'NONE', #4013, #4597, #5425, .T. ) ;
#5589 = SURFACE_SIDE_STYLE ('',( #1524 ) ) ;
#5590 = B_SPLINE_SURFACE_WITH_KNOTS ( 'NONE', 3, 1, ( 
 ( #2665, #6234 ),
 ( #6199, #3542 ),
 ( #1640, #3173 ),
 ( #4066, #3608 ),
 ( #2124, #3681 ),
 ( #5679, #1055 ),
 ( #2598, #578 ),
 ( #4629, #5574 ),
 ( #4701, #2633 ),
 ( #4670, #77 ),
 ( #221, #4772 ),
 ( #4307, #2798 ),
 ( #6345, #4734 ),
 ( #5789, #1166 ),
 ( #2232, #758 ),
 ( #1196, #5311 ),
 ( #723, #2767 ),
 ( #184, #1745 ),
 ( #2191, #4836 ),
 ( #4276, #5754 ),
 ( #5274, #3245 ),
 ( #247, #687 ),
 ( #3779, #3811 ) ),
 .UNSPECIFIED., .F., .F., .F.,
 ( 4, 1, 1, 1, 1, 1, 1, 1, 1, 1, 1, 1, 1, 1, 1, 1, 1, 1, 1, 1, 4 ),
 ( 2, 2 ),
 ( 0.0000000000000000000, 0.06568119799063876219, 0.1284864641740648683, 0.1881751303280077003, 0.2451061306699862108, 0.2994484245294752323, 0.3508229360093821914, 0.3999416805337777658, 0.4466717436323718871, 0.4912545333734982256, 0.5333763442704366753, 0.5738527549682239659, 0.6125263117194529316, 0.6495971364453289043, 0.6855320415538503909, 0.7201057860682004153, 0.7538376629736495138, 0.8189254160467143162, 0.8804934616501642886, 0.9403113338460568071, 1.000000000000000000 ),
 ( 0.0000000000000000000, 1.000000000000000000 ),
 .UNSPECIFIED. ) ;
#5591 = EDGE_CURVE ( 'NONE', #3654, #3592, #899, .T. ) ;
#5592 = ORIENTED_EDGE ( 'NONE', *, *, #3872, .F. ) ;
#5593 = ORIENTED_EDGE ( 'NONE', *, *, #2201, .T. ) ;
#5594 = CARTESIAN_POINT ( 'NONE',  ( 2.276109717702806012, 3.629999999999999449, 0.2458128376699938444 ) ) ;
#5595 = CARTESIAN_POINT ( 'NONE',  ( -2.207027187116112010, 3.629999999999999893, -0.1130543845160394689 ) ) ;
#5596 = CARTESIAN_POINT ( 'NONE',  ( -0.8758556473691045952, 3.630000000000000782, 0.002369331732083141632 ) ) ;
#5597 = PRESENTATION_LAYER_ASSIGNMENT (  '', '', ( #2938 ) ) ;
#5598 = CARTESIAN_POINT ( 'NONE',  ( -0.1968625249391909582, 3.629999999999999893, 0.2949889125815164936 ) ) ;
#5599 = CARTESIAN_POINT ( 'NONE',  ( 0.6300484245170148156, 3.680000000000000604, -0.7467991491397442116 ) ) ;
#5600 =( NAMED_UNIT ( * ) PLANE_ANGLE_UNIT ( ) SI_UNIT ( $, .RADIAN. ) );
#5601 = DIRECTION ( 'NONE',  ( -0.0000000000000000000, 1.000000000000000000, -0.0000000000000000000 ) ) ;
#5602 = FACE_OUTER_BOUND ( 'NONE', #1894, .T. ) ;
#5603 = CARTESIAN_POINT ( 'NONE',  ( -1.819106514039189104, 3.629999999999999893, 0.5107436924070374307 ) ) ;
#5604 = CARTESIAN_POINT ( 'NONE',  ( 2.136003899514908877, 3.680000000000001048, 0.2234891935643792404 ) ) ;
#5605 = CARTESIAN_POINT ( 'NONE',  ( -0.2062439790918992877, 3.679999999999997495, -0.5412721588969223729 ) ) ;
#5606 = DIRECTION ( 'NONE',  ( 0.0000000000000000000, 0.0000000000000000000, -1.000000000000000000 ) ) ;
#5607 = ORIENTED_EDGE ( 'NONE', *, *, #1883, .F. ) ;
#5608 = CARTESIAN_POINT ( 'NONE',  ( 0.7449215882619855122, 3.629999999999999449, 0.5063086653902781897 ) ) ;
#5609 = FACE_OUTER_BOUND ( 'NONE', #738, .T. ) ;
#5610 = SURFACE_SIDE_STYLE ('',( #2604 ) ) ;
#5611 = CARTESIAN_POINT ( 'NONE',  ( -1.819106514039189104, 3.680000000000000160, 0.5107436924070374307 ) ) ;
#5612 = EDGE_CURVE ( 'NONE', #6473, #3834, #3401, .T. ) ;
#5613 = EDGE_CURVE ( 'NONE', #424, #3364, #4572, .T. ) ;
#5614 = CARTESIAN_POINT ( 'NONE',  ( -2.707407326312829099, 3.679999999999999716, 0.3388750786866200904 ) ) ;
#5615 = CARTESIAN_POINT ( 'NONE',  ( -0.6149870761004676556, 3.680000000000001048, 0.6641806601897408679 ) ) ;
#5616 = CARTESIAN_POINT ( 'NONE',  ( -0.04588062575520715503, 3.680000000000000604, -0.5200272577096725080 ) ) ;
#5617 =( GEOMETRIC_REPRESENTATION_CONTEXT ( 3 ) GLOBAL_UNCERTAINTY_ASSIGNED_CONTEXT ( ( #3565 ) ) GLOBAL_UNIT_ASSIGNED_CONTEXT ( ( #3843, #4933, #3610 ) ) REPRESENTATION_CONTEXT ( 'NONE', 'WORKASPACE' ) );
#5618 = VERTEX_POINT ( 'NONE', #6618 ) ;
#5619 = STYLED_ITEM ( 'NONE', ( #6395 ), #4626 ) ;
#5620 = ORIENTED_EDGE ( 'NONE', *, *, #6048, .T. ) ;
#5621 = CARTESIAN_POINT ( 'NONE',  ( 0.6964356760572678606, 3.679999999999999716, 0.5195081242649455255 ) ) ;
#5622 =( NAMED_UNIT ( * ) PLANE_ANGLE_UNIT ( ) SI_UNIT ( $, .RADIAN. ) );
#5623 = CARTESIAN_POINT ( 'NONE',  ( -0.1286017063468814781, 3.629999999999999893, -0.1130543845160394689 ) ) ;
#5624 =( GEOMETRIC_REPRESENTATION_CONTEXT ( 3 ) GLOBAL_UNCERTAINTY_ASSIGNED_CONTEXT ( ( #4617 ) ) GLOBAL_UNIT_ASSIGNED_CONTEXT ( ( #1716, #5820, #1232 ) ) REPRESENTATION_CONTEXT ( 'NONE', 'WORKASPACE' ) );
#5625 = PRESENTATION_LAYER_ASSIGNMENT (  '', '', ( #1259 ) ) ;
#5626 = CYLINDRICAL_SURFACE ( 'NONE', #4565, 0.3000000000000000999 ) ;
#5627 = CARTESIAN_POINT ( 'NONE',  ( -1.282173600035393823, 3.629999999999999449, 0.6476473621480141052 ) ) ;
#5628 = CARTESIAN_POINT ( 'NONE',  ( 0.2753949919439548366, 3.680000000000000604, -0.05413492297189157615 ) ) ;
#5629 =( GEOMETRIC_REPRESENTATION_CONTEXT ( 3 ) GLOBAL_UNCERTAINTY_ASSIGNED_CONTEXT ( ( #270 ) ) GLOBAL_UNIT_ASSIGNED_CONTEXT ( ( #894, #4985, #3961 ) ) REPRESENTATION_CONTEXT ( 'NONE', 'WORKASPACE' ) );
#5630 = VERTEX_POINT ( 'NONE', #5087 ) ;
#5631 = FACE_OUTER_BOUND ( 'NONE', #4576, .T. ) ;
#5632 = VECTOR ( 'NONE', #4075, 1000.000000000000000 ) ;
#5633 = UNCERTAINTY_MEASURE_WITH_UNIT (LENGTH_MEASURE( 1.000000000000000082E-05 ), #4563, 'distance_accuracy_value', 'NONE');
#5634 = ADVANCED_FACE ( 'NONE', ( #4611 ), #3444, .T. ) ;
#5635 = CARTESIAN_POINT ( 'NONE',  ( 2.310063181436609714, 3.679999999999997495, 0.02055116350221643934 ) ) ;
#5636 = CARTESIAN_POINT ( 'NONE',  ( -1.895370100108894285, 3.630000000000000782, 0.5837525824689020482 ) ) ;
#5637 = VECTOR ( 'NONE', #5601, 1000.000000000000000 ) ;
#5638 = CARTESIAN_POINT ( 'NONE',  ( -0.8784511619021994067, 3.680000000000000604, -0.05413492297189156921 ) ) ;
#5639 = CARTESIAN_POINT ( 'NONE',  ( -0.8332366303628698789, 3.680000000000001492, 0.2623444497358974337 ) ) ;
#5640 = CARTESIAN_POINT ( 'NONE',  ( -1.012803434609561126, 3.680000000000000604, -0.1831965823983132402 ) ) ;
#5641 = STYLED_ITEM ( 'NONE', ( #4336 ), #3172 ) ;
#5642 = CARTESIAN_POINT ( 'NONE',  ( 0.002370873744302458546, 3.630000000000001226, 0.02055116350221649832 ) ) ;
#5643 = SURFACE_STYLE_FILL_AREA ( #6558 ) ;
#5644 = CARTESIAN_POINT ( 'NONE',  ( 0.1441016453463153657, 3.630000000000000338, 0.02543742790927546599 ) ) ;
#5645 = FILL_AREA_STYLE ('',( #1501 ) ) ;
#5646 = CARTESIAN_POINT ( 'NONE',  ( 2.178919690835643852, 3.680000000000000604, -0.09502250833317596457 ) ) ;
#5647 = CARTESIAN_POINT ( 'NONE',  ( -0.4094548622069522081, 3.680000000000001048, -0.7327132144862829044 ) ) ;
#5648 = CARTESIAN_POINT ( 'NONE',  ( -1.206037183589450557, 3.680000000000000160, 0.5394235260415090050 ) ) ;
#5649 = CARTESIAN_POINT ( 'NONE',  ( -1.840140167885343070, 3.680000000000000604, 0.2027509039454990225 ) ) ;
#5650 = CARTESIAN_POINT ( 'NONE',  ( -2.528452020050040883, 3.629999999999999005, 0.03687025574661762645 ) ) ;
#5651 = CARTESIAN_POINT ( 'NONE',  ( -0.8939976895645604937, 3.630000000000000338, 0.4576970189226609587 ) ) ;
#5652 = CARTESIAN_POINT ( 'NONE',  ( -1.774801131043326707, 3.680000000000000604, -0.02397131636367434704 ) ) ;
#5653 = CARTESIAN_POINT ( 'NONE',  ( 2.297183604587980543, 3.630000000000000338, -0.3665578894240124064 ) ) ;
#5654 = CARTESIAN_POINT ( 'NONE',  ( -2.723505122472178464, 3.630000000000000782, 0.2552242975499352529 ) ) ;
#5655 = CARTESIAN_POINT ( 'NONE',  ( 1.429090601345426537, 3.629999999999999893, -0.1130543845160394689 ) ) ;
#5656 = CARTESIAN_POINT ( 'NONE',  ( 2.085924717699398911, 3.680000000000000160, -0.5707513266498394078 ) ) ;
#5657 = EDGE_LOOP ( 'NONE', ( #6601, #3694, #2788, #4540, #4079 ) ) ;
#5658 = CARTESIAN_POINT ( 'NONE',  ( 0.9130098170861389306, 3.679999999999998828, 0.3767878714466541545 ) ) ;
#5659 = CARTESIAN_POINT ( 'NONE',  ( -0.8529346943747548870, 3.679999999999998828, -0.4173348674833634031 ) ) ;
#5660 = DIRECTION ( 'NONE',  ( 0.0000000000000000000, 0.0000000000000000000, 1.000000000000000000 ) ) ;
#5661 = CARTESIAN_POINT ( 'NONE',  ( -1.322162563537663482, 3.629999999999999893, 0.6557123380100852161 ) ) ;
#5662 = CARTESIAN_POINT ( 'NONE',  ( 0.4348176980390127122, 3.680000000000000160, 0.4385180809487588816 ) ) ;
#5663 = VERTEX_POINT ( 'NONE', #1001 ) ;
#5664 = VERTEX_POINT ( 'NONE', #497 ) ;
#5665 = EDGE_CURVE ( 'NONE', #4442, #1279, #1881, .T. ) ;
#5666 = CARTESIAN_POINT ( 'NONE',  ( -2.589555914122058322, 3.629999999999999893, 0.2303438884470139780 ) ) ;
#5667 = CARTESIAN_POINT ( 'NONE',  ( -2.174358877918535882, 3.680000000000000160, 0.5207664591597714887 ) ) ;
#5668 = CARTESIAN_POINT ( 'NONE',  ( -0.1421510342243152147, 3.629999999999999893, 0.09106425096286438481 ) ) ;
#5669 = CARTESIAN_POINT ( 'NONE',  ( -2.215741129423804967, 3.630000000000000338, -0.7476697691314243555 ) ) ;
#5670 = FACE_OUTER_BOUND ( 'NONE', #1947, .T. ) ;
#5671 = CARTESIAN_POINT ( 'NONE',  ( 2.118419373874656397, 3.680000000000000604, 0.2745161672461610691 ) ) ;
#5672 = CARTESIAN_POINT ( 'NONE',  ( -0.5072074755776505572, 3.629999999999999005, 0.5215610000993451401 ) ) ;
#5673 = DIRECTION ( 'NONE',  ( -0.0000000000000000000, 1.000000000000000000, -0.0000000000000000000 ) ) ;
#5674 = CARTESIAN_POINT ( 'NONE',  ( -0.8609865854931146867, 3.680000000000001048, 0.1491009936429824878 ) ) ;
#5675 = CARTESIAN_POINT ( 'NONE',  ( -0.2101839596014025147, 3.629999999999999893, 0.3243157031153132142 ) ) ;
#5676 = CARTESIAN_POINT ( 'NONE',  ( -0.8259915186628964401, 3.679999999999999716, -0.7713745073540293484 ) ) ;
#5677 = CARTESIAN_POINT ( 'NONE',  ( -0.03158258998950137092, 3.679999999999995719, 0.2458128376699937889 ) ) ;
#5678 = SURFACE_STYLE_USAGE ( .BOTH. , #4065 ) ;
#5679 = CARTESIAN_POINT ( 'NONE',  ( 2.167020676468522922, 3.630000000000000338, -0.3137360208878448020 ) ) ;
#5680 =( NAMED_UNIT ( * ) PLANE_ANGLE_UNIT ( ) SI_UNIT ( $, .RADIAN. ) );
#5681 = EDGE_CURVE ( 'NONE', #1556, #3568, #1039, .T. ) ;
#5682 = SURFACE_STYLE_FILL_AREA ( #516 ) ;
#5683 = CARTESIAN_POINT ( 'NONE',  ( -2.562433540435495427, 3.630000000000000782, 0.5655591240325550384 ) ) ;
#5684 = VERTEX_POINT ( 'NONE', #3945 ) ;
#5685 = CARTESIAN_POINT ( 'NONE',  ( 0.2032797983891919957, 3.629999999999999005, -0.5713049426169530820 ) ) ;
#5686 = PRESENTATION_STYLE_ASSIGNMENT (( #4136 ) ) ;
#5687 = CARTESIAN_POINT ( 'NONE',  ( -0.5117146871161122323, 3.679999999999996607, 0.6754071539454989948 ) ) ;
#5688 = CARTESIAN_POINT ( 'NONE',  ( 1.159859832114657596, 3.679999999999997495, -0.1124534229775779742 ) ) ;
#5689 = SURFACE_STYLE_USAGE ( .BOTH. , #2548 ) ;
#5690 = CARTESIAN_POINT ( 'NONE',  ( 0.9436621942447516176, 3.680000000000001492, 0.3243157031153132142 ) ) ;
#5691 = CARTESIAN_POINT ( 'NONE',  ( 2.122299735960810896, 3.680000000000000160, 0.2640489808685759221 ) ) ;
#5692 = ORIENTED_EDGE ( 'NONE', *, *, #880, .T. ) ;
#5693 = EDGE_CURVE ( 'NONE', #5663, #2206, #60, .T. ) ;
#5694 = PLANE ( 'NONE',  #6250 ) ;
#5695 = CARTESIAN_POINT ( 'NONE',  ( 0.6964356760572678606, 3.629999999999999449, 0.5195081242649455255 ) ) ;
#5696 = CARTESIAN_POINT ( 'NONE',  ( 1.783894578363168781, 3.679999999999999716, -0.7467991491397442116 ) ) ;
#5697 =( NAMED_UNIT ( * ) PLANE_ANGLE_UNIT ( ) SI_UNIT ( $, .RADIAN. ) );
#5698 = CARTESIAN_POINT ( 'NONE',  ( -2.439999999999999947, 0.05000000000000000278, 0.0000000000000000000 ) ) ;
#5699 = FILL_AREA_STYLE_COLOUR ( '', #1908 ) ;
#5700 = CARTESIAN_POINT ( 'NONE',  ( 0.2928595683530394456, 3.679999999999999716, 0.1491009936429822935 ) ) ;
#5701 = B_SPLINE_CURVE_WITH_KNOTS ( 'NONE', 3,
 ( #1812, #3846, #6524, #5569, #974, #27, #2494, #944, #5164, #2046, #5540, #433, #2566, #4521, #6553, #1049, #3021, #5059, #1993, #6626, #3503, #5029, #465 ),
 .UNSPECIFIED., .F., .F.,
 ( 4, 1, 1, 1, 1, 1, 1, 1, 1, 1, 1, 1, 1, 1, 1, 1, 1, 1, 1, 1, 4 ),
 ( 0.0000000000000000000, 0.07295106587586656921, 0.1415836941865450671, 0.2059264601708669651, 0.2653013571846053464, 0.3205972327139281486, 0.3718165030988102027, 0.4187897697094519200, 0.4616987286157646087, 0.5021335821035654012, 0.5408043152926481634, 0.5781805253279662660, 0.6142968652075146974, 0.6496782432647871808, 0.6842994600896377122, 0.7183589527723606150, 0.7520808646475963810, 0.8176524386023850122, 0.8797220764054366482, 0.9399655597309871657, 1.000000000000000000 ),
 .UNSPECIFIED. ) ;
#5702 = EDGE_LOOP ( 'NONE', ( #100, #5995 ) ) ;
#5703 = ORIENTED_EDGE ( 'NONE', *, *, #6315, .F. ) ;
#5704 = CARTESIAN_POINT ( 'NONE',  ( -1.744283000219326585, 3.630000000000001226, 0.02706807883765867048 ) ) ;
#5705 = CARTESIAN_POINT ( 'NONE',  ( -0.5117146871161122323, 3.680000000000000604, 0.6754071539454989948 ) ) ;
#5706 = CARTESIAN_POINT ( 'NONE',  ( 0.1410427192365931726, 3.630000000000000782, -0.1831965823983132402 ) ) ;
#5707 = UNCERTAINTY_MEASURE_WITH_UNIT (LENGTH_MEASURE( 1.000000000000000082E-05 ), #1183, 'distance_accuracy_value', 'NONE');
#5708 = CARTESIAN_POINT ( 'NONE',  ( -0.4760611925246728826, 3.629999999999999893, -0.9008910975147440547 ) ) ;
#5709 = DIRECTION ( 'NONE',  ( 0.0000000000000000000, 1.000000000000000000, 0.0000000000000000000 ) ) ;
#5710 = CARTESIAN_POINT ( 'NONE',  ( 2.118419373874656397, 3.630000000000000782, 0.2745161672461610691 ) ) ;
#5711 = B_SPLINE_CURVE_WITH_KNOTS ( 'NONE', 3,
 ( #1201, #1749, #962, #3012, #5049, #454, #4542, #6611, #1843, #2341, #2300 ),
 .UNSPECIFIED., .F., .F.,
 ( 4, 1, 1, 1, 1, 1, 1, 1, 4 ),
 ( 0.0000000000000000000, 0.1277566033101289467, 0.2494143553365296972, 0.3727964764553964860, 0.5001113325158565992, 0.6286099407651081217, 0.7506433738258059263, 0.8737683791425153723, 1.000000000000000000 ),
 .UNSPECIFIED. ) ;
#5712 = CARTESIAN_POINT ( 'NONE',  ( 0.3333762969441319002, 3.679999999999999272, -0.5201775989611071571 ) ) ;
#5713 = B_SPLINE_SURFACE_WITH_KNOTS ( 'NONE', 3, 1, ( 
 ( #4008, #3513 ),
 ( #920, #6443 ),
 ( #4436, #410 ),
 ( #1913, #5416 ),
 ( #5036, #2473 ),
 ( #4040, #1877 ),
 ( #1969, #5487 ),
 ( #1408, #440 ),
 ( #4473, #6500 ),
 ( #3002, #1997 ),
 ( #2881, #5546 ),
 ( #3447, #4528 ),
 ( #1373, #886 ),
 ( #2940, #2499 ),
 ( #6559, #1126 ),
 ( #3101, #3026 ),
 ( #2053, #512 ),
 ( #1088, #5715 ),
 ( #3134, #4130 ),
 ( #2090, #34 ),
 ( #6167, #5138 ),
 ( #6103, #4562 ),
 ( #109, #5066 ),
 ( #5644, #471 ),
 ( #5104, #2538 ),
 ( #981, #6595 ),
 ( #546, #3572 ) ),
 .UNSPECIFIED., .F., .F., .F.,
 ( 4, 1, 1, 1, 1, 1, 1, 1, 1, 1, 1, 1, 1, 1, 1, 1, 1, 1, 1, 1, 1, 1, 1, 1, 4 ),
 ( 2, 2 ),
 ( 0.0000000000000000000, 0.03378714634699117592, 0.06662165772429388955, 0.09928487809597251468, 0.1313611650426505517, 0.1635851875953432677, 0.1961039269870680779, 0.2289022543238168061, 0.2621580559050075698, 0.2959912222583165331, 0.3302178457248000076, 0.3650598258919541816, 0.4009507373401078878, 0.4376203820767377572, 0.4757075294370921026, 0.5153806916250485148, 0.5564135414931643542, 0.5997648298727311644, 0.6464241555840871678, 0.6964314445175667778, 0.7497815178015575510, 0.8065733069755323115, 0.8674355315653994314, 0.9318867532508741114, 1.000000000000000000 ),
 ( 0.0000000000000000000, 1.000000000000000000 ),
 .UNSPECIFIED. ) ;
#5714 = PRESENTATION_LAYER_ASSIGNMENT (  '', '', ( #5176 ) ) ;
#5715 = CARTESIAN_POINT ( 'NONE',  ( 0.2041754422576649575, 3.679999999999998384, 0.3458017785468925354 ) ) ;
#5716 = CARTESIAN_POINT ( 'NONE',  ( -0.1917086644100846893, 3.679999999999998828, -0.5095091075989410800 ) ) ;
#5717 =( LENGTH_UNIT ( ) NAMED_UNIT ( * ) SI_UNIT ( .MILLI., .METRE. ) );
#5718 = EDGE_LOOP ( 'NONE', ( #3576, #296, #2057, #4790 ) ) ;
#5719 = PRESENTATION_LAYER_ASSIGNMENT (  '', '', ( #1003 ) ) ;
#5720 = CARTESIAN_POINT ( 'NONE',  ( -2.518374641394644620, 3.629999999999999005, 0.4057343320919005181 ) ) ;
#5721 = CARTESIAN_POINT ( 'NONE',  ( -2.524044695183853992, 3.629999999999999893, 0.5948011706730297332 ) ) ;
#5722 = CARTESIAN_POINT ( 'NONE',  ( 0.1440806139261243124, 3.629999999999998561, -0.2512471432840845953 ) ) ;
#5723 = CARTESIAN_POINT ( 'NONE',  ( -3.249999999999999112, 3.680000000000000160, 0.0000000000000000000 ) ) ;
#5724 = CARTESIAN_POINT ( 'NONE',  ( -0.8721516517663859824, 3.630000000000001226, 0.4897084084938399529 ) ) ;
#5725 = CARTESIAN_POINT ( 'NONE',  ( -1.838383481086142357, 3.680000000000001048, -0.09506657707821634939 ) ) ;
#5726 = CARTESIAN_POINT ( 'NONE',  ( -1.819106514039189104, 3.680000000000000160, 0.5107436924070374307 ) ) ;
#5727 = CARTESIAN_POINT ( 'NONE',  ( 0.7919917040115268536, 3.680000000000001048, 0.4863931484772730518 ) ) ;
#5728 = CARTESIAN_POINT ( 'NONE',  ( 2.171264011709715280, 3.680000000000001048, 0.04287580767244304758 ) ) ;
#5729 = ORIENTED_EDGE ( 'NONE', *, *, #3261, .T. ) ;
#5730 = PRESENTATION_LAYER_ASSIGNMENT (  '', '', ( #5520 ) ) ;
#5731 = CARTESIAN_POINT ( 'NONE',  ( 0.8770509071056269423, 3.679999999999999272, 0.4212972271129389878 ) ) ;
#5732 = CARTESIAN_POINT ( 'NONE',  ( -0.8505481431488596256, 3.629999999999999449, -0.7440990805603757696 ) ) ;
#5733 = CARTESIAN_POINT ( 'NONE',  ( -2.575484521520200687, 3.630000000000000338, 0.1221398441549085834 ) ) ;
#5734 = MECHANICAL_DESIGN_GEOMETRIC_PRESENTATION_REPRESENTATION (  '', ( #4870 ), #274 ) ;
#5735 = CARTESIAN_POINT ( 'NONE',  ( -1.902445114259875059, 3.680000000000000604, -0.2595446901364977799 ) ) ;
#5736 = CARTESIAN_POINT ( 'NONE',  ( 1.122222490350509361, 3.630000000000001670, -0.4725566460590626128 ) ) ;
#5737 = ORIENTED_EDGE ( 'NONE', *, *, #3017, .T. ) ;
#5738 = ORIENTED_EDGE ( 'NONE', *, *, #2335, .T. ) ;
#5739 = CARTESIAN_POINT ( 'NONE',  ( -2.155444160989984148, 3.630000000000000338, 0.6737834801961255504 ) ) ;
#5740 = B_SPLINE_CURVE_WITH_KNOTS ( 'NONE', 3,
 ( #2557, #4517, #459, #4959, #4581, #6031, #361, #5052, #965, #873, #4995, #1429, #6004, #6066, #1489, #902, #4549, #6582, #4057, #938, #6545, #1459, #5503, #6092, #3497, #3561, #2990 ),
 .UNSPECIFIED., .F., .F.,
 ( 4, 1, 1, 1, 1, 1, 1, 1, 1, 1, 1, 1, 1, 1, 1, 1, 1, 1, 1, 1, 1, 1, 1, 1, 4 ),
 ( 0.0000000000000000000, 0.03378811616271087948, 0.06719393237388013307, 0.09986241085682558138, 0.1325666121262589203, 0.1651511732547863709, 0.1979131873557920807, 0.2313190035669617783, 0.2650832782673738230, 0.2992553087581151239, 0.3343985665049786782, 0.3699428235093080719, 0.4062835607000611637, 0.4440638196985083885, 0.4829977068727756007, 0.5233544466133045470, 0.5655365896041493201, 0.6096129240658194615, 0.6563908113764173047, 0.7058854949364572473, 0.7583245002617312602, 0.8138317829411502169, 0.8727945590393899611, 0.9347222295400741121, 1.000000000000000000 ),
 .UNSPECIFIED. ) ;
#5741 = CARTESIAN_POINT ( 'NONE',  ( 0.5061596117295695807, 3.629999999999999893, 0.6550021155792764560 ) ) ;
#5742 = PRESENTATION_LAYER_ASSIGNMENT (  '', '', ( #280 ) ) ;
#5743 = COLOUR_RGB ( '',0.8313725490196077761, 0.6705882352941175961, 0.1294117647058823373 ) ;
#5744 = CARTESIAN_POINT ( 'NONE',  ( 0.1491271892031990898, 3.630000000000000338, -0.3150872671391601321 ) ) ;
#5745 = CARTESIAN_POINT ( 'NONE',  ( -0.3734148229543879371, 3.679999999999997051, -0.8808699374229450596 ) ) ;
#5746 = CARTESIAN_POINT ( 'NONE',  ( -0.1853925717314967025, 3.629999999999999893, 0.2640489808685759221 ) ) ;
#5747 = DIRECTION ( 'NONE',  ( -0.0000000000000000000, 1.000000000000000000, -0.0000000000000000000 ) ) ;
#5748 = CARTESIAN_POINT ( 'NONE',  ( 1.500729877794305889, 3.680000000000001492, -0.5492481836291357444 ) ) ;
#5749 = CARTESIAN_POINT ( 'NONE',  ( -0.3618544498346272231, 3.680000000000001048, 0.4863931484772732183 ) ) ;
#5750 = ADVANCED_FACE ( 'NONE', ( #882 ), #2348, .T. ) ;
#5751 = CARTESIAN_POINT ( 'NONE',  ( -0.04471844262740230086, 3.630000000000000338, 0.2933602969551767914 ) ) ;
#5752 =( NAMED_UNIT ( * ) SI_UNIT ( $, .STERADIAN. ) SOLID_ANGLE_UNIT ( ) );
#5753 =( GEOMETRIC_REPRESENTATION_CONTEXT ( 3 ) GLOBAL_UNCERTAINTY_ASSIGNED_CONTEXT ( ( #1583 ) ) GLOBAL_UNIT_ASSIGNED_CONTEXT ( ( #4677, #2133, #988 ) ) REPRESENTATION_CONTEXT ( 'NONE', 'WORKASPACE' ) );
#5754 = CARTESIAN_POINT ( 'NONE',  ( 1.898237445485355446, 3.680000000000002380, -0.7327132144862829044 ) ) ;
#5755 = CARTESIAN_POINT ( 'NONE',  ( -1.709278340951161601, 3.680000000000001492, 0.1391731105018843007 ) ) ;
#5756 = CARTESIAN_POINT ( 'NONE',  ( -1.322171835195826706, 3.680000000000001048, 0.4066727418660643911 ) ) ;
#5757 = SURFACE_STYLE_USAGE ( .BOTH. , #1091 ) ;
#5758 = PRESENTATION_LAYER_ASSIGNMENT (  '', '', ( #2005 ) ) ;
#5759 = CARTESIAN_POINT ( 'NONE',  ( -2.724755552500727429, 3.629999999999999893, 0.2123662885608836037 ) ) ;
#5760 =( LENGTH_UNIT ( ) NAMED_UNIT ( * ) SI_UNIT ( .MILLI., .METRE. ) );
#5761 = CARTESIAN_POINT ( 'NONE',  ( 1.760819200035123933, 3.680000000000001048, -0.9009257655664468789 ) ) ;
#5762 = CARTESIAN_POINT ( 'NONE',  ( -0.5235450216812214119, 3.679999999999997051, 0.6752072873202952241 ) ) ;
#5763 = CARTESIAN_POINT ( 'NONE',  ( -0.6476865421165846071, 3.630000000000000782, 0.6550021155792764560 ) ) ;
#5764 = FILL_AREA_STYLE ('',( #4105 ) ) ;
#5765 = CARTESIAN_POINT ( 'NONE',  ( 0.9054022294383544667, 3.629999999999999893, -0.8176189923859368269 ) ) ;
#5766 = FILL_AREA_STYLE ('',( #664 ) ) ;
#5767 = ORIENTED_EDGE ( 'NONE', *, *, #5931, .T. ) ;
#5768 = ORIENTED_EDGE ( 'NONE', *, *, #4015, .F. ) ;
#5769 = CARTESIAN_POINT ( 'NONE',  ( 1.654618573231384060, 3.629999999999999005, -0.7113250861540980630 ) ) ;
#5770 = CARTESIAN_POINT ( 'NONE',  ( -1.004718964642955070, 3.630000000000000782, -0.3150872671391601876 ) ) ;
#5771 = CARTESIAN_POINT ( 'NONE',  ( -2.505995605787725289, 3.630000000000000782, 0.01052934068867093266 ) ) ;
#5772 = CARTESIAN_POINT ( 'NONE',  ( -1.784270127126682981, 3.680000000000000604, -0.4641530383138203764 ) ) ;
#5773 = CARTESIAN_POINT ( 'NONE',  ( 0.9054022294383544667, 3.679999999999997495, -0.8176189923859368269 ) ) ;
#5774 = EDGE_CURVE ( 'NONE', #2320, #3993, #141, .T. ) ;
#5775 = CARTESIAN_POINT ( 'NONE',  ( -1.446991335574393522, 3.629999999999999893, 0.4825306445187934057 ) ) ;
#5776 = ORIENTED_EDGE ( 'NONE', *, *, #3731, .F. ) ;
#5777 = CARTESIAN_POINT ( 'NONE',  ( -2.451788653225174919, 3.629999999999999449, 0.4621387267324993942 ) ) ;
#5778 = CARTESIAN_POINT ( 'NONE',  ( 0.5477885700890710030, 3.630000000000000338, -0.7327592144130750107 ) ) ;
#5779 = CARTESIAN_POINT ( 'NONE',  ( -0.1291089387443772607, 3.630000000000000338, -0.05953894067806884266 ) ) ;
#5780 = UNCERTAINTY_MEASURE_WITH_UNIT (LENGTH_MEASURE( 1.000000000000000082E-05 ), #5984, 'distance_accuracy_value', 'NONE');
#5781 = CARTESIAN_POINT ( 'NONE',  ( 0.2397530185733434682, 3.630000000000001226, 0.4230134304746234752 ) ) ;
#5782 = CARTESIAN_POINT ( 'NONE',  ( 0.6466386782685031864, 3.679999999999999272, 0.5215610000993451401 ) ) ;
#5783 = FILL_AREA_STYLE_COLOUR ( '', #4250 ) ;
#5784 = CARTESIAN_POINT ( 'NONE',  ( -0.2781569047734712696, 3.679999999999997939, -0.8376006540887754870 ) ) ;
#5785 = CARTESIAN_POINT ( 'NONE',  ( -1.868210811288339990, 3.629999999999999449, -0.7478124856829629907 ) ) ;
#5786 = FACE_OUTER_BOUND ( 'NONE', #2181, .T. ) ;
#5787 = CARTESIAN_POINT ( 'NONE',  ( 1.588572818437191225, 3.680000000000001048, -0.6653433644798524282 ) ) ;
#5788 = CARTESIAN_POINT ( 'NONE',  ( -2.646149024680669815, 3.679999999999999272, -0.4696623460748623469 ) ) ;
#5789 = CARTESIAN_POINT ( 'NONE',  ( 2.069063757502570766, 3.629999999999999893, -0.5978657301826297843 ) ) ;
#5790 = CARTESIAN_POINT ( 'NONE',  ( -1.814750161289286678, 3.680000000000000160, -0.07190951013192811714 ) ) ;
#5791 =( NAMED_UNIT ( * ) PLANE_ANGLE_UNIT ( ) SI_UNIT ( $, .RADIAN. ) );
#5792 = B_SPLINE_CURVE_WITH_KNOTS ( 'NONE', 3,
 ( #95, #2555, #1067, #5119, #3558, #3117, #559, #1656, #2142, #529, #2102, #6182, #4181, #2012, #4607, #14, #4055, #2070, #6090, #5585, #5083, #6613, #4081, #2174, #5290, #3764, #798 ),
 .UNSPECIFIED., .F., .F.,
 ( 4, 1, 1, 1, 1, 1, 1, 1, 1, 1, 1, 1, 1, 1, 1, 1, 1, 1, 1, 1, 1, 1, 1, 1, 4 ),
 ( 0.0000000000000000000, 0.03378714634699117592, 0.06662165772429388955, 0.09928487809597251468, 0.1313611650426505517, 0.1635851875953432677, 0.1961039269870680779, 0.2289022543238168061, 0.2621580559050075698, 0.2959912222583165331, 0.3302178457248000076, 0.3650598258919541816, 0.4009507373401078878, 0.4376203820767377572, 0.4757075294370921026, 0.5153806916250485148, 0.5564135414931643542, 0.5997648298727311644, 0.6464241555840871678, 0.6964314445175667778, 0.7497815178015575510, 0.8065733069755323115, 0.8674355315653994314, 0.9318867532508741114, 1.000000000000000000 ),
 .UNSPECIFIED. ) ;
#5793 = CARTESIAN_POINT ( 'NONE',  ( 1.536491453832514065, 3.630000000000000782, -0.8179846728606954276 ) ) ;
#5794 = EDGE_CURVE ( 'NONE', #5478, #5126, #671, .T. ) ;
#5795 = VERTEX_POINT ( 'NONE', #4823 ) ;
#5796 = B_SPLINE_CURVE_WITH_KNOTS ( 'NONE', 3,
 ( #5872, #5839, #1284, #4755, #3766, #6217, #1252, #1733, #3297, #236, #3198 ),
 .UNSPECIFIED., .F., .F.,
 ( 4, 1, 1, 1, 1, 1, 1, 1, 4 ),
 ( 0.0000000000000000000, 0.1105883385953366077, 0.2245417540535959988, 0.3425034940501042735, 0.4643240984173581665, 0.5907560327017666868, 0.7222274753555146809, 0.8588428362087243695, 1.000000000000000000 ),
 .UNSPECIFIED. ) ;
#5797 = CARTESIAN_POINT ( 'NONE',  ( 0.5483551289824538655, 3.679999999999999716, 0.5060575432019168707 ) ) ;
#5798 = CARTESIAN_POINT ( 'NONE',  ( -1.917291200914217342, 3.629999999999999449, -0.5246278010085893007 ) ) ;
#5799 = CARTESIAN_POINT ( 'NONE',  ( 2.122299735960810896, 3.680000000000000160, 0.2640489808685759221 ) ) ;
#5800 = CARTESIAN_POINT ( 'NONE',  ( -2.215741129423804967, 3.680000000000000604, 0.5215610000993452511 ) ) ;
#5801 = SURFACE_STYLE_USAGE ( .BOTH. , #6393 ) ;
#5802 = CARTESIAN_POINT ( 'NONE',  ( -2.614739254571424087, 3.629999999999999449, -0.06719139588495316728 ) ) ;
#5803 = DIRECTION ( 'NONE',  ( -0.0000000000000000000, -1.000000000000000000, -0.0000000000000000000 ) ) ;
#5804 = ORIENTED_EDGE ( 'NONE', *, *, #3143, .T. ) ;
#5805 = CARTESIAN_POINT ( 'NONE',  ( -2.501128082893667504, 3.679999999999996163, -0.4458511528336422391 ) ) ;
#5806 = CARTESIAN_POINT ( 'NONE',  ( -2.634836245821774003, 3.630000000000000338, -0.4239268688582733535 ) ) ;
#5807 = CARTESIAN_POINT ( 'NONE',  ( -1.922508142294848454, 3.680000000000000604, 0.006716247358594484677 ) ) ;
#5808 = CARTESIAN_POINT ( 'NONE',  ( 0.3953694794477489727, 3.629999999999999893, 0.3977910179525212531 ) ) ;
#5809 = CARTESIAN_POINT ( 'NONE',  ( 0.9342084931581020601, 3.629999999999999893, -0.7953408740158950385 ) ) ;
#5810 = ORIENTED_EDGE ( 'NONE', *, *, #1117, .T. ) ;
#5811 = ORIENTED_EDGE ( 'NONE', *, *, #1660, .T. ) ;
#5812 = CARTESIAN_POINT ( 'NONE',  ( -2.268783095639371528, 3.629999999999998561, 0.5203699271968980078 ) ) ;
#5813 = CARTESIAN_POINT ( 'NONE',  ( -1.840396706224930679, 3.680000000000000160, 0.2132868646379733335 ) ) ;
#5814 = CARTESIAN_POINT ( 'NONE',  ( 0.9621374894360690266, 3.680000000000000160, -0.5095091075989407470 ) ) ;
#5815 = FILL_AREA_STYLE ('',( #5783 ) ) ;
#5816 = CARTESIAN_POINT ( 'NONE',  ( -0.2196376606880518778, 3.679999999999997051, -0.7953408740158949275 ) ) ;
#5817 = PRESENTATION_STYLE_ASSIGNMENT (( #5304 ) ) ;
#5818 = FACE_OUTER_BOUND ( 'NONE', #597, .T. ) ;
#5819 =( NAMED_UNIT ( * ) PLANE_ANGLE_UNIT ( ) SI_UNIT ( $, .RADIAN. ) );
#5820 =( NAMED_UNIT ( * ) PLANE_ANGLE_UNIT ( ) SI_UNIT ( $, .RADIAN. ) );
#5821 = CARTESIAN_POINT ( 'NONE',  ( -1.959264676252791659, 3.629999999999999893, -0.1798034213780571322 ) ) ;
#5822 =( LENGTH_UNIT ( ) NAMED_UNIT ( * ) SI_UNIT ( .MILLI., .METRE. ) );
#5823 = LINE ( 'NONE', #6283, #4988 ) ;
#5824 = CARTESIAN_POINT ( 'NONE',  ( 0.3546068678691693954, 3.679999999999999716, -0.7957648289813760156 ) ) ;
#5825 = CARTESIAN_POINT ( 'NONE',  ( -2.181016869480822962, 3.630000000000000782, -0.7469506327315486027 ) ) ;
#5826 = DIRECTION ( 'NONE',  ( 0.0000000000000000000, 0.0000000000000000000, -1.000000000000000000 ) ) ;
#5827 = CARTESIAN_POINT ( 'NONE',  ( -2.487034726546631713, 3.680000000000000604, 0.4356009502053674876 ) ) ;
#5828 = CARTESIAN_POINT ( 'NONE',  ( -2.439999999999999947, -3.499999999999999556, 0.0000000000000000000 ) ) ;
#5829 = CARTESIAN_POINT ( 'NONE',  ( 1.143337450741826355, 3.630000000000001226, -0.3665578894240122398 ) ) ;
#5830 = VECTOR ( 'NONE', #1178, 1000.000000000000000 ) ;
#5831 = EDGE_LOOP ( 'NONE', ( #3225, #1379, #558, #5365 ) ) ;
#5832 = CARTESIAN_POINT ( 'NONE',  ( -2.220259507354688466, 3.629999999999999893, -0.2671254053871540690 ) ) ;
#5833 = CARTESIAN_POINT ( 'NONE',  ( 0.2752444474992724599, 3.680000000000001048, -0.1130543845160394689 ) ) ;
#5834 = CARTESIAN_POINT ( 'NONE',  ( -2.099528255407584254, 3.679999999999999272, -0.1001434751858403249 ) ) ;
#5835 = EDGE_CURVE ( 'NONE', #3013, #41, #5796, .T. ) ;
#5836 = EDGE_CURVE ( 'NONE', #769, #4949, #2406, .T. ) ;
#5837 = CARTESIAN_POINT ( 'NONE',  ( -1.435166812300173067, 3.630000000000001670, 0.6007474025870125356 ) ) ;
#5838 = CARTESIAN_POINT ( 'NONE',  ( -2.626305647902317908, 3.629999999999999893, 0.4950711452367149157 ) ) ;
#5839 = CARTESIAN_POINT ( 'NONE',  ( 2.126821922158139255, 3.630000000000000782, 0.2506648068115774897 ) ) ;
#5840 = CARTESIAN_POINT ( 'NONE',  ( 1.156184967037895417, 3.630000000000001670, -0.2460548328160465925 ) ) ;
#5841 = VERTEX_POINT ( 'NONE', #6363 ) ;
#5842 = CARTESIAN_POINT ( 'NONE',  ( 0.3956285793362728787, 3.629999999999999893, -0.6246150608697390583 ) ) ;
#5843 = CARTESIAN_POINT ( 'NONE',  ( 1.660005765575723213, 3.679999999999999716, 0.6550021155792762340 ) ) ;
#5844 = CARTESIAN_POINT ( 'NONE',  ( -2.501528707849575817, 3.680000000000000604, -0.5823064596343272559 ) ) ;
#5845 = CARTESIAN_POINT ( 'NONE',  ( 1.866778781200032489, 3.629999999999999893, 0.6703570112509497081 ) ) ;
#5846 = STYLED_ITEM ( 'NONE', ( #3194 ), #1169 ) ;
#5847 = DIRECTION ( 'NONE',  ( -0.0000000000000000000, 1.000000000000000000, -0.0000000000000000000 ) ) ;
#5848 = CARTESIAN_POINT ( 'NONE',  ( -2.720630627011500824, 3.630000000000001226, 0.1503065090453127028 ) ) ;
#5849 = CARTESIAN_POINT ( 'NONE',  ( -2.647832475577650779, 3.629999999999999893, -0.5166000575929625693 ) ) ;
#5850 = MECHANICAL_DESIGN_GEOMETRIC_PRESENTATION_REPRESENTATION (  '', ( #4444 ), #6046 ) ;
#5851 = VECTOR ( 'NONE', #6210, 1000.000000000000000 ) ;
#5852 = FILL_AREA_STYLE ('',( #3750 ) ) ;
#5853 = COLOUR_RGB ( '',0.7686274509803920907, 0.7686274509803920907, 0.7686274509803920907 ) ;
#5854 = CARTESIAN_POINT ( 'NONE',  ( 2.178393539778936905, 3.629999999999999449, -0.1663518433583049683 ) ) ;
#5855 = CIRCLE ( 'NONE', #1360, 0.3000000000000000999 ) ;
#5856 = CARTESIAN_POINT ( 'NONE',  ( 0.6777849613214811386, 3.680000000000000160, -0.9008910975147441658 ) ) ;
#5857 = CARTESIAN_POINT ( 'NONE',  ( 1.454757613317552822, 3.630000000000001226, -0.4173348674833634586 ) ) ;
#5858 = CARTESIAN_POINT ( 'NONE',  ( 1.795977620576195255, 3.679999999999999716, 0.6754071539454989948 ) ) ;
#5859 =( NAMED_UNIT ( * ) PLANE_ANGLE_UNIT ( ) SI_UNIT ( $, .RADIAN. ) );
#5860 = CARTESIAN_POINT ( 'NONE',  ( 0.3775773094924635975, 3.680000000000000160, 0.3746883762070084001 ) ) ;
#5861 = CARTESIAN_POINT ( 'NONE',  ( 1.357125952235345823, 3.680000000000000604, -0.5713049426169535261 ) ) ;
#5862 = CARTESIAN_POINT ( 'NONE',  ( -0.4094548622069522081, 3.630000000000000782, -0.7327132144862829044 ) ) ;
#5863 = CARTESIAN_POINT ( 'NONE',  ( -1.013217090962265976, 3.629999999999999893, -0.1124534229775779742 ) ) ;
#5864 = SURFACE_STYLE_USAGE ( .BOTH. , #1277 ) ;
#5865 = CARTESIAN_POINT ( 'NONE',  ( 0.9869806569593405632, 3.629999999999999449, -0.7423212791278962497 ) ) ;
#5866 = ORIENTED_EDGE ( 'NONE', *, *, #2075, .T. ) ;
#5867 = ORIENTED_EDGE ( 'NONE', *, *, #3082, .T. ) ;
#5868 = CARTESIAN_POINT ( 'NONE',  ( -2.462253013258070666, 3.629999999999999893, -0.3823262144370115911 ) ) ;
#5869 = CARTESIAN_POINT ( 'NONE',  ( -1.974824523806857801, 3.680000000000000160, -0.03968468095184284061 ) ) ;
#5870 =( GEOMETRIC_REPRESENTATION_CONTEXT ( 3 ) GLOBAL_UNCERTAINTY_ASSIGNED_CONTEXT ( ( #209 ) ) GLOBAL_UNIT_ASSIGNED_CONTEXT ( ( #1675, #5819, #5752 ) ) REPRESENTATION_CONTEXT ( 'NONE', 'WORKASPACE' ) );
#5871 = CARTESIAN_POINT ( 'NONE',  ( -1.400312733732264503, 3.680000000000001048, 0.6360047109634058282 ) ) ;
#5872 = CARTESIAN_POINT ( 'NONE',  ( 2.122299735960810896, 3.629999999999999893, 0.2640489808685759221 ) ) ;
#5873 = ORIENTED_EDGE ( 'NONE', *, *, #1294, .F. ) ;
#5874 = CARTESIAN_POINT ( 'NONE',  ( -2.220366809498420579, 3.680000000000000160, -0.1128171096443464083 ) ) ;
#5875 = VERTEX_POINT ( 'NONE', #1800 ) ;
#5876 = CARTESIAN_POINT ( 'NONE',  ( -1.705855392072608279, 3.680000000000001048, 0.2144884624334778278 ) ) ;
#5877 = CARTESIAN_POINT ( 'NONE',  ( -0.5235453498865491051, 3.680000000000000604, -0.9013173374551021189 ) ) ;
#5878 = CARTESIAN_POINT ( 'NONE',  ( 0.6958467298172861248, 3.680000000000000604, -0.7450596256095285419 ) ) ;
#5879 = CARTESIAN_POINT ( 'NONE',  ( -2.333255310609881228, 3.680000000000001048, -0.7310512655050013242 ) ) ;
#5880 = CARTESIAN_POINT ( 'NONE',  ( 2.297562344513394361, 3.679999999999999716, 0.1404690945410504432 ) ) ;
#5881 = CARTESIAN_POINT ( 'NONE',  ( 0.002338813191741381803, 3.679999999999997939, -0.2460548328160466480 ) ) ;
#5882 = CARTESIAN_POINT ( 'NONE',  ( 1.458526696904776543, 3.680000000000004157, 0.5194846612542903808 ) ) ;
#5883 = CARTESIAN_POINT ( 'NONE',  ( 1.474757649570213935, 3.679999999999999716, -0.4890562694957943379 ) ) ;
#5884 = CARTESIAN_POINT ( 'NONE',  ( 1.800484832114657374, 3.629999999999999893, -0.7476697691314242444 ) ) ;
#5885 = CARTESIAN_POINT ( 'NONE',  ( -2.237392128391129553, 3.679999999999999716, 0.6749132348220827637 ) ) ;
#5886 = CARTESIAN_POINT ( 'NONE',  ( -2.671545042645773638, 3.680000000000000160, 0.008680484647062154321 ) ) ;
#5887 = CARTESIAN_POINT ( 'NONE',  ( 0.1491271892031990898, 3.680000000000000604, -0.3150872671391601321 ) ) ;
#5888 = DIRECTION ( 'NONE',  ( -0.0000000000000000000, 1.000000000000000000, -0.0000000000000000000 ) ) ;
#5889 = CARTESIAN_POINT ( 'NONE',  ( 0.4633193019861024387, 3.679999999999999716, 0.4615438759613894604 ) ) ;
#5890 = CARTESIAN_POINT ( 'NONE',  ( -2.547522385972382342, 3.629999999999999893, 0.06417991267025646707 ) ) ;
#5891 = CARTESIAN_POINT ( 'NONE',  ( -3.250000000000000888, 3.680000000000000160, -1.899999999999999689 ) ) ;
#5892 = SURFACE_STYLE_USAGE ( .BOTH. , #5385 ) ;
#5893 = CARTESIAN_POINT ( 'NONE',  ( -2.564442979324326632, 3.680000000000000604, 0.3348048782082747032 ) ) ;
#5894 = ADVANCED_FACE ( 'NONE', ( #98 ), #195, .T. ) ;
#5895 = SURFACE_STYLE_FILL_AREA ( #37 ) ;
#5896 = APPLICATION_CONTEXT ( 'automotive_design' ) ;
#5897 = CARTESIAN_POINT ( 'NONE',  ( -2.724755552500727429, 3.629999999999999893, 0.2123662885608836037 ) ) ;
#5898 = ORIENTED_EDGE ( 'NONE', *, *, #5919, .F. ) ;
#5899 = CARTESIAN_POINT ( 'NONE',  ( -2.477892217283591769, 3.679999999999997939, -0.4029621798716759851 ) ) ;
#5900 = CARTESIAN_POINT ( 'NONE',  ( 1.463797883273260547, 3.679999999999997939, -0.4549501504519899431 ) ) ;
#5901 = FILL_AREA_STYLE_COLOUR ( '', #3510 ) ;
#5902 = CARTESIAN_POINT ( 'NONE',  ( -1.447006262094307383, 3.629999999999999449, 0.5792323469733505759 ) ) ;
#5903 = CARTESIAN_POINT ( 'NONE',  ( -2.652691956359805037, 3.679999999999999272, 0.4574633124820900454 ) ) ;
#5904 = CARTESIAN_POINT ( 'NONE',  ( -0.1318220902897739022, 3.679999999999999716, -0.007312642577163078889 ) ) ;
#5905 = ORIENTED_EDGE ( 'NONE', *, *, #6361, .T. ) ;
#5906 = CARTESIAN_POINT ( 'NONE',  ( -0.8786017063468812838, 3.629999999999999893, -0.1130543845160394689 ) ) ;
#5907 = CARTESIAN_POINT ( 'NONE',  ( 0.9621374894360690266, 3.629999999999999893, -0.5095091075989407470 ) ) ;
#5908 = CARTESIAN_POINT ( 'NONE',  ( 1.627988687682715208, 3.679999999999999716, 0.6437671857298029598 ) ) ;
#5909 = B_SPLINE_CURVE_WITH_KNOTS ( 'NONE', 3,
 ( #2720, #3162, #134, #5200, #612, #5741, #4692, #1152, #5236, #3203, #2689, #2184, #4222, #6265, #169, #5781, #5267, #677, #4762, #1469, #710, #5438, #808, #2859, #2897, #6405, #4896 ),
 .UNSPECIFIED., .F., .F.,
 ( 4, 1, 1, 1, 1, 1, 1, 1, 1, 1, 1, 1, 1, 1, 1, 1, 1, 1, 1, 1, 1, 1, 1, 1, 4 ),
 ( 0.0000000000000000000, 0.03378714634699117592, 0.06662165772429388955, 0.09928487809597251468, 0.1313611650426505517, 0.1635851875953432677, 0.1961039269870680779, 0.2289022543238168061, 0.2621580559050075698, 0.2959912222583165331, 0.3302178457248000076, 0.3650598258919541816, 0.4009507373401078878, 0.4376203820767377572, 0.4757075294370921026, 0.5153806916250485148, 0.5564135414931643542, 0.5997648298727311644, 0.6464241555840871678, 0.6964314445175667778, 0.7497815178015575510, 0.8065733069755323115, 0.8674355315653994314, 0.9318867532508741114, 1.000000000000000000 ),
 .UNSPECIFIED. ) ;
#5910 = CARTESIAN_POINT ( 'NONE',  ( -0.003075176270495634349, 3.630000000000000338, -0.3080975394639431930 ) ) ;
#5911 = CARTESIAN_POINT ( 'NONE',  ( 1.294615062568520880, 3.680000000000001492, -0.08861185062333415408 ) ) ;
#5912 = DIRECTION ( 'NONE',  ( 1.000000000000000000, -0.0000000000000000000, -0.0000000000000000000 ) ) ;
#5913 = CARTESIAN_POINT ( 'NONE',  ( 0.9753419446638262880, 3.629999999999999893, -0.4753088270986000619 ) ) ;
#5914 = DIRECTION ( 'NONE',  ( -0.0000000000000000000, -1.000000000000000000, -0.0000000000000000000 ) ) ;
#5915 =( LENGTH_UNIT ( ) NAMED_UNIT ( * ) SI_UNIT ( .MILLI., .METRE. ) );
#5916 = DIRECTION ( 'NONE',  ( 0.0000000000000000000, -1.000000000000000000, -0.0000000000000000000 ) ) ;
#5917 = CARTESIAN_POINT ( 'NONE',  ( -1.206020389102500534, 3.679999999999999716, 0.5227262000337605796 ) ) ;
#5918 = EDGE_CURVE ( 'NONE', #2786, #4442, #1645, .T. ) ;
#5919 = EDGE_CURVE ( 'NONE', #6453, #2610, #105, .T. ) ;
#5920 = CARTESIAN_POINT ( 'NONE',  ( -0.2781569047734712696, 3.630000000000000782, -0.8376006540887754870 ) ) ;
#5921 = CARTESIAN_POINT ( 'NONE',  ( -2.215741129423804523, 3.629999999999999893, -0.7476697691314242444 ) ) ;
#5922 = CARTESIAN_POINT ( 'NONE',  ( -1.834887591174417132, 3.629999999999998117, -0.3327438190655423456 ) ) ;
#5923 = CARTESIAN_POINT ( 'NONE',  ( 1.568394521275725984, 3.630000000000000338, -0.6458920270262250574 ) ) ;
#5924 = DIRECTION ( 'NONE',  ( 0.0000000000000000000, 0.0000000000000000000, -1.000000000000000000 ) ) ;
#5925 = DIRECTION ( 'NONE',  ( -0.0000000000000000000, 1.000000000000000000, -0.0000000000000000000 ) ) ;
#5926 = PRESENTATION_STYLE_ASSIGNMENT (( #5892 ) ) ;
#5927 =( NAMED_UNIT ( * ) PLANE_ANGLE_UNIT ( ) SI_UNIT ( $, .RADIAN. ) );
#5928 = DIRECTION ( 'NONE',  ( -0.0000000000000000000, 1.000000000000000000, -0.0000000000000000000 ) ) ;
#5929 = CARTESIAN_POINT ( 'NONE',  ( -2.724507889202685718, 3.630000000000000338, 0.2018409205451058563 ) ) ;
#5930 = VERTEX_POINT ( 'NONE', #4416 ) ;
#5931 = EDGE_CURVE ( 'NONE', #4683, #2219, #4989, .T. ) ;
#5932 = CARTESIAN_POINT ( 'NONE',  ( -1.900353520019287368, 3.629999999999999893, 0.03189758075712711971 ) ) ;
#5933 = CARTESIAN_POINT ( 'NONE',  ( -1.712209784096069054, 3.629999999999999449, 0.2852655631293491423 ) ) ;
#5934 = CARTESIAN_POINT ( 'NONE',  ( 1.474455677329439274, 3.630000000000001670, 0.2623444497358973782 ) ) ;
#5935 = COLOUR_RGB ( '',0.0000000000000000000, 0.0000000000000000000, 0.0000000000000000000 ) ;
#5936 = CARTESIAN_POINT ( 'NONE',  ( -1.904781917844940331, 3.679999999999999716, -0.7864445788490245226 ) ) ;
#5937 = VERTEX_POINT ( 'NONE', #357 ) ;
#5938 = CARTESIAN_POINT ( 'NONE',  ( 1.726254850208960301, 3.680000000000001048, 0.6707358758521787534 ) ) ;
#5939 = CARTESIAN_POINT ( 'NONE',  ( -0.7191194892551165951, 3.679999999999999716, -0.6653433644798518731 ) ) ;
#5940 = DIRECTION ( 'NONE',  ( -0.0000000000000000000, 1.000000000000000000, -0.0000000000000000000 ) ) ;
#5941 = VECTOR ( 'NONE', #4842, 1000.000000000000000 ) ;
#5942 = ADVANCED_BREP_SHAPE_REPRESENTATION ( 'Crystal Resonator HC-49S', ( #6544, #3697 ), #796 ) ;
#5943 = CARTESIAN_POINT ( 'NONE',  ( -1.854016991522239977, 3.630000000000000782, 0.2942139283488416912 ) ) ;
#5944 = CARTESIAN_POINT ( 'NONE',  ( -0.7113469407733983285, 3.679999999999998828, -0.8546199058411392269 ) ) ;
#5945 = CARTESIAN_POINT ( 'NONE',  ( 1.800484832114657374, 3.630000000000000782, 0.5215610000993451401 ) ) ;
#5946 = CARTESIAN_POINT ( 'NONE',  ( -0.3405045081206015678, 3.630000000000000338, 0.6423244333718797217 ) ) ;
#5947 = CARTESIAN_POINT ( 'NONE',  ( 2.049352224566031389, 3.629999999999999449, 0.3998875696959025561 ) ) ;
#5948 = CARTESIAN_POINT ( 'NONE',  ( -0.1652381647349229210, 3.680000000000001048, 0.5151024595929387662 ) ) ;
#5949 = CARTESIAN_POINT ( 'NONE',  ( 1.159036473348048935, 3.680000000000000160, -0.04481925449197888406 ) ) ;
#5950 = MECHANICAL_DESIGN_GEOMETRIC_PRESENTATION_REPRESENTATION (  '', ( #5078 ), #3819 ) ;
#5951 = COLOUR_RGB ( '',0.7686274509803920907, 0.7686274509803920907, 0.7686274509803920907 ) ;
#5952 = EDGE_CURVE ( 'NONE', #1729, #5020, #4268, .T. ) ;
#5953 = CARTESIAN_POINT ( 'NONE',  ( 1.487222450790286032, 3.629999999999999893, -0.5201775989611071571 ) ) ;
#5954 = DIRECTION ( 'NONE',  ( 0.0000000000000000000, 0.0000000000000000000, -1.000000000000000000 ) ) ;
#5955 = CARTESIAN_POINT ( 'NONE',  ( -3.249999999999998668, 3.180000000000000604, 1.899999999999999689 ) ) ;
#5956 = CARTESIAN_POINT ( 'NONE',  ( -2.096817236107183291, 3.680000000000001048, 0.5087819224558502995 ) ) ;
#5957 = CARTESIAN_POINT ( 'NONE',  ( 1.022024063556380424, 3.630000000000000338, -0.007312642577163052000 ) ) ;
#5958 = CARTESIAN_POINT ( 'NONE',  ( -2.480347582011864116, 3.629999999999999449, -0.6236374321984260449 ) ) ;
#5959 = CARTESIAN_POINT ( 'NONE',  ( 1.966902478938393761, 3.679999999999999716, -0.8692146474260487032 ) ) ;
#5960 = MECHANICAL_DESIGN_GEOMETRIC_PRESENTATION_REPRESENTATION (  '', ( #6588 ), #4796 ) ;
#5961 = COLOUR_RGB ( '',0.7686274509803920907, 0.7686274509803920907, 0.7686274509803920907 ) ;
#5962 = ORIENTED_EDGE ( 'NONE', *, *, #5979, .F. ) ;
#5963 = VECTOR ( 'NONE', #2546, 1000.000000000000000 ) ;
#5964 = CARTESIAN_POINT ( 'NONE',  ( 1.143716190667240618, 3.629999999999999449, 0.1404690945410504710 ) ) ;
#5965 = CARTESIAN_POINT ( 'NONE',  ( -1.809943853501160049, 3.630000000000000338, 0.4995063332687882385 ) ) ;
#5966 = CARTESIAN_POINT ( 'NONE',  ( 1.617165455832255905, 3.679999999999995275, 0.4615438759613893493 ) ) ;
#5967 = CARTESIAN_POINT ( 'NONE',  ( 1.373835004671778215, 3.679999999999998828, -0.6109811010550229016 ) ) ;
#5968 = AXIS2_PLACEMENT_3D ( 'NONE', #5217, #2603, #5179 ) ;
#5969 = CARTESIAN_POINT ( 'NONE',  ( 0.6466386782685031864, 3.630000000000000782, 0.5215610000993451401 ) ) ;
#5970 = CARTESIAN_POINT ( 'NONE',  ( 1.156217027590455970, 3.679999999999997051, 0.02055116350221647056 ) ) ;
#5971 = EDGE_LOOP ( 'NONE', ( #2110, #5867 ) ) ;
#5972 =( GEOMETRIC_REPRESENTATION_CONTEXT ( 3 ) GLOBAL_UNCERTAINTY_ASSIGNED_CONTEXT ( ( #6429 ) ) GLOBAL_UNIT_ASSIGNED_CONTEXT ( ( #848, #4301, #1261 ) ) REPRESENTATION_CONTEXT ( 'NONE', 'WORKASPACE' ) );
#5973 = ORIENTED_EDGE ( 'NONE', *, *, #4694, .T. ) ;
#5974 =( LENGTH_UNIT ( ) NAMED_UNIT ( * ) SI_UNIT ( .MILLI., .METRE. ) );
#5975 = CARTESIAN_POINT ( 'NONE',  ( 1.382554199464394395, 3.629999999999999893, 0.4006249492654504474 ) ) ;
#5976 = CARTESIAN_POINT ( 'NONE',  ( 1.999237821006256022, 3.680000000000001492, 0.6280818497790879862 ) ) ;
#5977 = CARTESIAN_POINT ( 'NONE',  ( 1.537699176383621857, 3.629999999999999893, 0.5930743968738461103 ) ) ;
#5978 = STYLED_ITEM ( 'NONE', ( #3832 ), #3809 ) ;
#5979 = EDGE_CURVE ( 'NONE', #3614, #2947, #2608, .T. ) ;
#5980 = CARTESIAN_POINT ( 'NONE',  ( -0.7926056231621096959, 3.630000000000000338, 0.3496025440466696832 ) ) ;
#5981 = CARTESIAN_POINT ( 'NONE',  ( 0.4145483674295716847, 3.680000000000000160, -0.6458920270262251684 ) ) ;
#5982 = CARTESIAN_POINT ( 'NONE',  ( -0.09902078196356542406, 3.630000000000000338, -0.6435308254703240305 ) ) ;
#5983 = CARTESIAN_POINT ( 'NONE',  ( 1.035168914053854694, 3.680000000000001492, 0.4515117150197843765 ) ) ;
#5984 =( LENGTH_UNIT ( ) NAMED_UNIT ( * ) SI_UNIT ( .MILLI., .METRE. ) );
#5985 =( LENGTH_UNIT ( ) NAMED_UNIT ( * ) SI_UNIT ( .MILLI., .METRE. ) );
#5986 = CARTESIAN_POINT ( 'NONE',  ( -2.634329804578487089, 3.629999999999999005, -0.6125478912792907682 ) ) ;
#5987 = CARTESIAN_POINT ( 'NONE',  ( -1.400317377237780381, 3.679999999999999272, 0.4260653636447729875 ) ) ;
#5988 = CARTESIAN_POINT ( 'NONE',  ( -1.865299671710039853, 3.680000000000000160, 0.3226654631765430992 ) ) ;
#5989 = CARTESIAN_POINT ( 'NONE',  ( 2.126821922158139255, 3.630000000000000782, 0.2506648068115774897 ) ) ;
#5990 = CARTESIAN_POINT ( 'NONE',  ( 0.6303008039596048606, 3.680000000000000160, -0.9013173374551021189 ) ) ;
#5991 = EDGE_CURVE ( 'NONE', #385, #1729, #2008, .T. ) ;
#5992 = CARTESIAN_POINT ( 'NONE',  ( -0.1481275831203970328, 3.680000000000002380, -0.3577718649040553811 ) ) ;
#5993 = CARTESIAN_POINT ( 'NONE',  ( -1.749369447644333331, 3.680000000000000160, 0.4043045543088994997 ) ) ;
#5994 = CARTESIAN_POINT ( 'NONE',  ( -2.533717797272354577, 3.679999999999997939, -0.1366715098307865472 ) ) ;
#5995 = ORIENTED_EDGE ( 'NONE', *, *, #12, .T. ) ;
#5996 = CARTESIAN_POINT ( 'NONE',  ( -1.846152474304852298, 3.630000000000000782, 0.1424398416825520541 ) ) ;
#5997 = CARTESIAN_POINT ( 'NONE',  ( -2.559060541861656102, 3.680000000000001048, -0.7486889594965148165 ) ) ;
#5998 = CARTESIAN_POINT ( 'NONE',  ( 1.342317761173701385, 3.679999999999999716, -0.5282583504129452212 ) ) ;
#5999 = CARTESIAN_POINT ( 'NONE',  ( 1.055855982376287860, 3.679999999999995719, 0.4158690181570811051 ) ) ;
#6000 = CARTESIAN_POINT ( 'NONE',  ( -0.1505353338312132028, 3.680000000000000160, 0.1371035866993394192 ) ) ;
#6001 = ORIENTED_EDGE ( 'NONE', *, *, #5613, .F. ) ;
#6002 = FACE_OUTER_BOUND ( 'NONE', #3116, .T. ) ;
#6003 = CARTESIAN_POINT ( 'NONE',  ( -0.8785534719032154216, 3.629999999999999893, -0.1331901202385292193 ) ) ;
#6004 = CARTESIAN_POINT ( 'NONE',  ( 2.140826810805494418, 3.630000000000000338, -0.7423212791278964717 ) ) ;
#6005 = CARTESIAN_POINT ( 'NONE',  ( 1.393599172419497156, 3.680000000000003268, 0.4230134304746235863 ) ) ;
#6006 = CARTESIAN_POINT ( 'NONE',  ( -0.7190284558071410315, 3.629999999999999893, 0.4385180809487588260 ) ) ;
#6007 = ORIENTED_EDGE ( 'NONE', *, *, #2015, .F. ) ;
#6008 = EDGE_CURVE ( 'NONE', #3439, #3123, #4494, .T. ) ;
#6009 = CARTESIAN_POINT ( 'NONE',  ( -0.4760376276045700239, 3.679999999999996607, 0.6748878034458538622 ) ) ;
#6010 = CARTESIAN_POINT ( 'NONE',  ( -0.1924456765571521677, 3.629999999999999449, -0.7701568731001783297 ) ) ;
#6011 = CARTESIAN_POINT ( 'NONE',  ( 0.7808075231271917049, 3.679999999999999272, 0.6545537366480597141 ) ) ;
#6012 = CARTESIAN_POINT ( 'NONE',  ( 0.8447433569403766107, 3.680000000000000604, -0.8546058829506907317 ) ) ;
#6013 = CARTESIAN_POINT ( 'NONE',  ( -2.559060541861656102, 3.680000000000000160, -0.7486889594965148165 ) ) ;
#6014 = CARTESIAN_POINT ( 'NONE',  ( -1.454180904253730588, 3.680000000000000160, 0.5061874048662510228 ) ) ;
#6015 = CARTESIAN_POINT ( 'NONE',  ( 1.515086684530197569, 3.629999999999999893, 0.3496025440466700163 ) ) ;
#6016 = CARTESIAN_POINT ( 'NONE',  ( -1.845906896655078455, 3.679999999999998828, 0.2647129949474436583 ) ) ;
#6017 = CARTESIAN_POINT ( 'NONE',  ( -2.246848093860319917, 3.680000000000000604, -0.7468443649355502867 ) ) ;
#6018 = CARTESIAN_POINT ( 'NONE',  ( -2.501121712778688000, 3.630000000000000782, -0.1579953935213113947 ) ) ;
#6019 = ORIENTED_EDGE ( 'NONE', *, *, #1473, .T. ) ;
#6020 = CARTESIAN_POINT ( 'NONE',  ( 0.9621374894360690266, 3.680000000000002380, -0.5095091075989407470 ) ) ;
#6021 = FACE_OUTER_BOUND ( 'NONE', #2659, .T. ) ;
#6022 = CARTESIAN_POINT ( 'NONE',  ( 1.342317761173701385, 3.630000000000000338, -0.5282583504129452212 ) ) ;
#6023 =( NAMED_UNIT ( * ) SI_UNIT ( $, .STERADIAN. ) SOLID_ANGLE_UNIT ( ) );
#6024 = CARTESIAN_POINT ( 'NONE',  ( 0.9352986860133853941, 3.630000000000000338, 0.5681031572849434275 ) ) ;
#6025 = ORIENTED_EDGE ( 'NONE', *, *, #301, .T. ) ;
#6026 = B_SPLINE_CURVE_WITH_KNOTS ( 'NONE', 3,
 ( #3366, #2222, #1738, #3769, #2387, #3902, #2108, #3672, #643, #6585, #745, #6401, #1984, #4392, #6454 ),
 .UNSPECIFIED., .F., .F.,
 ( 4, 1, 1, 1, 1, 1, 1, 1, 1, 1, 1, 1, 4 ),
 ( 0.0000000000000000000, 0.08968993624739336756, 0.1784940104960778262, 0.2668377532994885004, 0.3565581760610172513, 0.4453342496549777541, 0.5308058350374912360, 0.6140762174402836227, 0.6977070858228028305, 0.7791419498114611208, 0.8553535905869756872, 0.9285568200856554322, 1.000000000000000000 ),
 .UNSPECIFIED. ) ;
#6027 = EDGE_CURVE ( 'NONE', #2757, #3334, #7, .T. ) ;
#6028 = DIRECTION ( 'NONE',  ( 0.0000000000000000000, -1.000000000000000000, 0.0000000000000000000 ) ) ;
#6029 = CARTESIAN_POINT ( 'NONE',  ( 0.6466386782685031864, 3.679999999999999272, 0.5215610000993451401 ) ) ;
#6030 = B_SPLINE_CURVE_WITH_KNOTS ( 'NONE', 3,
 ( #2137, #2578, #3691, #555, #5727, #5255, #1588, #3583, #4681, #3222, #4177, #5690, #2677, #6293, #632 ),
 .UNSPECIFIED., .F., .F.,
 ( 4, 1, 1, 1, 1, 1, 1, 1, 1, 1, 1, 1, 4 ),
 ( 0.0000000000000000000, 0.1128134007444590026, 0.2253938839207293432, 0.3395948145627008530, 0.4596754102248640783, 0.5217351900879328985, 0.5839258387389161253, 0.6481741447653692756, 0.7138810381130666904, 0.7810044549073896780, 0.8514509275565552704, 0.9240506926641778307, 0.9999999999999998890 ),
 .UNSPECIFIED. ) ;
#6031 = CARTESIAN_POINT ( 'NONE',  ( 1.934277484737920050, 3.630000000000000338, -0.8808699374229455037 ) ) ;
#6032 = CARTESIAN_POINT ( 'NONE',  ( -1.435166812300173067, 3.630000000000001670, 0.6007474025870125356 ) ) ;
#6033 = CARTESIAN_POINT ( 'NONE',  ( -2.428781994808419942, 3.629999999999999893, -0.1986914037468087424 ) ) ;
#6034 = MECHANICAL_DESIGN_GEOMETRIC_PRESENTATION_REPRESENTATION (  '', ( #4642 ), #4346 ) ;
#6035 = CARTESIAN_POINT ( 'NONE',  ( 0.6466386782685031864, 3.680000000000000160, -0.7476697691314242444 ) ) ;
#6036 = ORIENTED_EDGE ( 'NONE', *, *, #3736, .T. ) ;
#6037 = CARTESIAN_POINT ( 'NONE',  ( 2.049352224566031389, 3.679999999999999272, 0.3998875696959025561 ) ) ;
#6038 = MECHANICAL_DESIGN_GEOMETRIC_PRESENTATION_REPRESENTATION (  '', ( #1003 ), #900 ) ;
#6039 = FILL_AREA_STYLE_COLOUR ( '', #1451 ) ;
#6040 = CARTESIAN_POINT ( 'NONE',  ( 0.6421314667300419554, 3.680000000000000604, 0.6754071539454989948 ) ) ;
#6041 = CARTESIAN_POINT ( 'NONE',  ( -0.4089245655841682314, 3.629999999999999449, 0.5063086653902783008 ) ) ;
#6042 = CARTESIAN_POINT ( 'NONE',  ( 0.4145483674295716847, 3.629999999999999893, -0.6458920270262251684 ) ) ;
#6043 = CARTESIAN_POINT ( 'NONE',  ( -2.060773785701520033, 3.629999999999999005, -0.7200189625974382501 ) ) ;
#6044 = DIRECTION ( 'NONE',  ( -0.0000000000000000000, -1.000000000000000000, -0.0000000000000000000 ) ) ;
#6045 = CARTESIAN_POINT ( 'NONE',  ( -1.840902804402204884, 3.680000000000001048, 0.2340721808244929647 ) ) ;
#6046 =( GEOMETRIC_REPRESENTATION_CONTEXT ( 3 ) GLOBAL_UNCERTAINTY_ASSIGNED_CONTEXT ( ( #6449 ) ) GLOBAL_UNIT_ASSIGNED_CONTEXT ( ( #327, #4919, #3789 ) ) REPRESENTATION_CONTEXT ( 'NONE', 'WORKASPACE' ) );
#6047 = SURFACE_STYLE_USAGE ( .BOTH. , #1878 ) ;
#6048 = EDGE_CURVE ( 'NONE', #1130, #1630, #2138, .T. ) ;
#6049 = DIRECTION ( 'NONE',  ( -0.0000000000000000000, 1.000000000000000000, -0.0000000000000000000 ) ) ;
#6050 = ORIENTED_EDGE ( 'NONE', *, *, #5253, .T. ) ;
#6051 = B_SPLINE_CURVE_WITH_KNOTS ( 'NONE', 3,
 ( #3877, #1934, #817, #4936, #4429, #2430, #2965, #1325, #4463, #5917, #2397 ),
 .UNSPECIFIED., .F., .F.,
 ( 4, 1, 1, 1, 1, 1, 1, 1, 4 ),
 ( 0.0000000000000000000, 0.1275189266999433302, 0.2499859477488059756, 0.3717923515057519612, 0.4988703527764725698, 0.6259483540471936225, 0.7484917380160556188, 0.8709587590649183753, 1.000000000000000000 ),
 .UNSPECIFIED. ) ;
#6052 = COLOUR_RGB ( '',0.7686274509803920907, 0.7686274509803920907, 0.7686274509803920907 ) ;
#6053 = ORIENTED_EDGE ( 'NONE', *, *, #3689, .T. ) ;
#6054 = CARTESIAN_POINT ( 'NONE',  ( 1.122263563856652269, 3.629999999999999449, 0.2458128376699937334 ) ) ;
#6055 = COLOUR_RGB ( '',0.8313725490196077761, 0.6705882352941175961, 0.1294117647058823373 ) ;
#6056 = CARTESIAN_POINT ( 'NONE',  ( -2.521326307934118383, 3.680000000000000160, -0.7874922221901123898 ) ) ;
#6057 = CARTESIAN_POINT ( 'NONE',  ( 1.627526126571453124, 3.679999999999999272, -0.8692769918086846737 ) ) ;
#6058 = CARTESIAN_POINT ( 'NONE',  ( 1.900969711007855834, 3.680000000000000160, -0.8902646408155133750 ) ) ;
#6059 =( GEOMETRIC_REPRESENTATION_CONTEXT ( 3 ) GLOBAL_UNCERTAINTY_ASSIGNED_CONTEXT ( ( #6159 ) ) GLOBAL_UNIT_ASSIGNED_CONTEXT ( ( #4690, #499, #4657 ) ) REPRESENTATION_CONTEXT ( 'NONE', 'WORKASPACE' ) );
#6060 = CARTESIAN_POINT ( 'NONE',  ( 0.8762312715564839483, 3.679999999999997939, 0.6104187710414503698 ) ) ;
#6061 = CARTESIAN_POINT ( 'NONE',  ( -0.02010410553495802638, 3.680000000000000604, -0.4213105659790586932 ) ) ;
#6062 = ORIENTED_EDGE ( 'NONE', *, *, #6447, .T. ) ;
#6063 = FILL_AREA_STYLE_COLOUR ( '', #5853 ) ;
#6064 = CARTESIAN_POINT ( 'NONE',  ( -0.8329346581220937740, 3.629999999999997673, -0.4890562694957942269 ) ) ;
#6065 = PRESENTATION_LAYER_ASSIGNMENT (  '', '', ( #290 ) ) ;
#6066 = CARTESIAN_POINT ( 'NONE',  ( 2.165116227399594084, 3.629999999999999893, -0.7121319088907783756 ) ) ;
#6067 = CIRCLE ( 'NONE', #1811, 0.5000000000000000000 ) ;
#6068 = CARTESIAN_POINT ( 'NONE',  ( 0.3096830872545680013, 3.629999999999999893, 0.2282353880053845652 ) ) ;
#6069 = CARTESIAN_POINT ( 'NONE',  ( -2.196289362896724828, 3.629999999999999893, 0.6748566186387521260 ) ) ;
#6070 = CARTESIAN_POINT ( 'NONE',  ( -0.8786017063468812838, 3.629999999999999893, -0.1130543845160394689 ) ) ;
#6071 = ORIENTED_EDGE ( 'NONE', *, *, #1454, .T. ) ;
#6072 = CARTESIAN_POINT ( 'NONE',  ( -0.3249664754293913882, 3.680000000000001048, 0.4628442175833039074 ) ) ;
#6073 = SURFACE_STYLE_USAGE ( .BOTH. , #545 ) ;
#6074 = CARTESIAN_POINT ( 'NONE',  ( -1.918109014325420913, 3.680000000000000604, 0.4023009603648702859 ) ) ;
#6075 = DIRECTION ( 'NONE',  ( -0.0000000000000000000, 0.0000000000000000000, -1.000000000000000000 ) ) ;
#6076 = CARTESIAN_POINT ( 'NONE',  ( -2.151546138131541053, 3.630000000000000782, -0.8996737657128773824 ) ) ;
#6077 = SURFACE_STYLE_FILL_AREA ( #5521 ) ;
#6078 = CARTESIAN_POINT ( 'NONE',  ( 2.439999999999999947, 0.05000000000000000278, 0.3000000000000000999 ) ) ;
#6079 = CARTESIAN_POINT ( 'NONE',  ( 0.6964356760572678606, 3.629999999999999449, 0.5195081242649455255 ) ) ;
#6080 = CARTESIAN_POINT ( 'NONE',  ( -2.321668790966290530, 3.679999999999999272, -0.09995782274533832057 ) ) ;
#6081 = PLANE ( 'NONE',  #1016 ) ;
#6082 = CARTESIAN_POINT ( 'NONE',  ( -2.386862511122025854, 3.680000000000000160, 0.6560282762668864232 ) ) ;
#6083 = FACE_OUTER_BOUND ( 'NONE', #5396, .T. ) ;
#6084 = CARTESIAN_POINT ( 'NONE',  ( 0.8762312715564839483, 3.630000000000000782, 0.6104187710414503698 ) ) ;
#6085 = CARTESIAN_POINT ( 'NONE',  ( 0.7910394262145316047, 3.629999999999999893, -0.7112136031175657624 ) ) ;
#6086 = CARTESIAN_POINT ( 'NONE',  ( -0.06168933435774014151, 3.680000000000001048, -0.5642831114839579332 ) ) ;
#6087 = VERTEX_POINT ( 'NONE', #3224 ) ;
#6088 = CARTESIAN_POINT ( 'NONE',  ( -2.589555914122058322, 3.629999999999999893, 0.2303438884470139780 ) ) ;
#6089 = ORIENTED_EDGE ( 'NONE', *, *, #1772, .F. ) ;
#6090 = CARTESIAN_POINT ( 'NONE',  ( 0.1891117293227000951, 3.679999999999999716, 0.3024496666069836359 ) ) ;
#6091 = CARTESIAN_POINT ( 'NONE',  ( -0.8671985466692352373, 3.679999999999999716, -0.3306856961686310825 ) ) ;
#6092 = CARTESIAN_POINT ( 'NONE',  ( 2.310031120884048939, 3.630000000000000338, -0.2460548328160465370 ) ) ;
#6093 = B_SPLINE_CURVE_WITH_KNOTS ( 'NONE', 3,
 ( #3997, #3968, #364, #2899, #4901, #1460, #6434, #904, #2362, #2961, #3466, #1322, #5980, #6489, #2865, #6460, #6006, #3437, #4934, #939, #5404, #311, #1930 ),
 .UNSPECIFIED., .F., .F.,
 ( 4, 1, 1, 1, 1, 1, 1, 1, 1, 1, 1, 1, 1, 1, 1, 1, 1, 1, 1, 1, 4 ),
 ( 0.0000000000000000000, 0.07295106587586659697, 0.1415836941865451504, 0.2059264601708670483, 0.2653013571846055130, 0.3205972327139283151, 0.3718165030988104802, 0.4187897697094521976, 0.4616987286157647752, 0.5021335821035657343, 0.5408043152926481634, 0.5781805253279664880, 0.6142968652075145863, 0.6496782432647875138, 0.6842994600896377122, 0.7183589527723610590, 0.7520808646475968251, 0.8176524386023854563, 0.8797220764054370923, 0.9399655597309876098, 1.000000000000000000 ),
 .UNSPECIFIED. ) ;
#6094 = CARTESIAN_POINT ( 'NONE',  ( -2.634836245821774003, 3.680000000000000604, -0.4239268688582733535 ) ) ;
#6095 = CARTESIAN_POINT ( 'NONE',  ( -0.7926056231621096959, 3.680000000000000604, 0.3496025440466696832 ) ) ;
#6096 = CARTESIAN_POINT ( 'NONE',  ( -0.6905268518600514716, 3.630000000000000782, 0.4615438759613894604 ) ) ;
#6097 = ORIENTED_EDGE ( 'NONE', *, *, #3223, .F. ) ;
#6098 = CARTESIAN_POINT ( 'NONE',  ( -1.013076511751924036, 3.630000000000000338, -0.1364951605779704813 ) ) ;
#6099 = CARTESIAN_POINT ( 'NONE',  ( -0.9156711912825006294, 3.680000000000000604, -0.6480204730380642042 ) ) ;
#6100 = EDGE_CURVE ( 'NONE', #1254, #3439, #5230, .T. ) ;
#6101 = CARTESIAN_POINT ( 'NONE',  ( -0.06093335438874673132, 3.629999999999999449, 0.3371752162165860822 ) ) ;
#6102 =( LENGTH_UNIT ( ) NAMED_UNIT ( * ) SI_UNIT ( .MILLI., .METRE. ) );
#6103 = CARTESIAN_POINT ( 'NONE',  ( 0.1563068060728300124, 3.630000000000001226, 0.1484287315833060228 ) ) ;
#6104 = CARTESIAN_POINT ( 'NONE',  ( -0.1286017063468814781, 3.629999999999999893, -0.1130543845160394689 ) ) ;
#6105 = CARTESIAN_POINT ( 'NONE',  ( -0.1286017063468814781, 3.679999999999997495, -0.1130543845160394689 ) ) ;
#6106 = CARTESIAN_POINT ( 'NONE',  ( 2.115246631135155209, 3.679999999999999716, -0.7701568731001778856 ) ) ;
#6107 = VERTEX_POINT ( 'NONE', #2743 ) ;
#6108 = CARTESIAN_POINT ( 'NONE',  ( -2.066244302863889271, 3.679999999999999716, -0.08952027390430183917 ) ) ;
#6109 = CARTESIAN_POINT ( 'NONE',  ( -2.246535893694914243, 3.629999999999999005, -0.1123516342420378955 ) ) ;
#6110 = CARTESIAN_POINT ( 'NONE',  ( -0.9140931352728103310, 3.630000000000000338, 0.4230134304746231977 ) ) ;
#6111 = CARTESIAN_POINT ( 'NONE',  ( -2.237392128391129553, 3.680000000000001048, 0.6749132348220827637 ) ) ;
#6112 =( LENGTH_UNIT ( ) NAMED_UNIT ( * ) SI_UNIT ( .MILLI., .METRE. ) );
#6113 = CARTESIAN_POINT ( 'NONE',  ( -2.060773785701520033, 3.679999999999999272, -0.7200189625974382501 ) ) ;
#6114 = CARTESIAN_POINT ( 'NONE',  ( 0.002338813191741381803, 3.680000000000001048, -0.2460548328160466480 ) ) ;
#6115 = ORIENTED_EDGE ( 'NONE', *, *, #1008, .T. ) ;
#6116 = VERTEX_POINT ( 'NONE', #4245 ) ;
#6117 = DIRECTION ( 'NONE',  ( 1.000000000000000000, -0.0000000000000000000, 0.0000000000000000000 ) ) ;
#6118 = CARTESIAN_POINT ( 'NONE',  ( -0.9653745465186062136, 3.629999999999999005, -0.5282583504129449992 ) ) ;
#6119 = CARTESIAN_POINT ( 'NONE',  ( -2.513046173021549201, 3.629999999999999893, -0.5223308577724518065 ) ) ;
#6120 = CARTESIAN_POINT ( 'NONE',  ( -1.241502908614998901, 3.630000000000000338, 0.6200626984306603084 ) ) ;
#6121 =( NAMED_UNIT ( * ) PLANE_ANGLE_UNIT ( ) SI_UNIT ( $, .RADIAN. ) );
#6122 = EDGE_CURVE ( 'NONE', #3981, #769, #3190, .T. ) ;
#6123 = EDGE_LOOP ( 'NONE', ( #2894, #6357, #3928, #1425, #6365 ) ) ;
#6124 = CARTESIAN_POINT ( 'NONE',  ( -1.939950907458583007, 3.630000000000001226, 0.6121880370802704752 ) ) ;
#6125 = CARTESIAN_POINT ( 'NONE',  ( 2.297562344513394361, 3.629999999999999449, 0.1404690945410504432 ) ) ;
#6126 = CARTESIAN_POINT ( 'NONE',  ( -2.524463599955291571, 3.680000000000000160, -0.2602945532917109728 ) ) ;
#6127 = FACE_BOUND ( 'NONE', #4789, .T. ) ;
#6128 = CARTESIAN_POINT ( 'NONE',  ( -0.8785505147465176856, 3.629999999999999893, -0.09301922788581651336 ) ) ;
#6129 = CARTESIAN_POINT ( 'NONE',  ( 0.006013678268503453578, 3.679999999999996163, -0.1124534229775779742 ) ) ;
#6130 = CARTESIAN_POINT ( 'NONE',  ( -1.330524783269958267, 3.679999999999999716, 0.6561763847147297213 ) ) ;
#6131 = CARTESIAN_POINT ( 'NONE',  ( -1.918521456448081253, 3.630000000000000338, -0.4867906644647453929 ) ) ;
#6132 = SURFACE_SIDE_STYLE ('',( #5139 ) ) ;
#6133 = CARTESIAN_POINT ( 'NONE',  ( 2.140826810805494418, 3.680000000000000604, -0.7423212791278964717 ) ) ;
#6134 = ORIENTED_EDGE ( 'NONE', *, *, #5919, .T. ) ;
#6135 = CARTESIAN_POINT ( 'NONE',  ( 0.1407696420942300963, 3.630000000000000338, -0.1364951605779704813 ) ) ;
#6136 = CYLINDRICAL_SURFACE ( 'NONE', #5968, 0.5000000000000000000 ) ;
#6137 = COLOUR_RGB ( '',0.7686274509803920907, 0.7686274509803920907, 0.7686274509803920907 ) ;
#6138 = CARTESIAN_POINT ( 'NONE',  ( -0.5814374574833480747, 3.679999999999996607, 0.6707358758521785314 ) ) ;
#6139 = CARTESIAN_POINT ( 'NONE',  ( -2.674623704300273186, 3.679999999999999272, 0.4186975878224958314 ) ) ;
#6140 = CARTESIAN_POINT ( 'NONE',  ( 2.140826810805494418, 3.680000000000000604, -0.7423212791278964717 ) ) ;
#6141 = LINE ( 'NONE', #5655, #5851 ) ;
#6142 = CARTESIAN_POINT ( 'NONE',  ( -2.512340361243434295, 3.679999999999999272, -0.4911800825697023032 ) ) ;
#6143 = CIRCLE ( 'NONE', #4539, 2.500000000000000000 ) ;
#6144 = ORIENTED_EDGE ( 'NONE', *, *, #5341, .F. ) ;
#6145 =( GEOMETRIC_REPRESENTATION_CONTEXT ( 3 ) GLOBAL_UNCERTAINTY_ASSIGNED_CONTEXT ( ( #2688 ) ) GLOBAL_UNIT_ASSIGNED_CONTEXT ( ( #1891, #1671, #2764 ) ) REPRESENTATION_CONTEXT ( 'NONE', 'WORKASPACE' ) );
#6146 = CARTESIAN_POINT ( 'NONE',  ( 0.9684535821146570411, 3.629999999999999893, 0.2640489808685759221 ) ) ;
#6147 =( LENGTH_UNIT ( ) NAMED_UNIT ( * ) SI_UNIT ( .MILLI., .METRE. ) );
#6148 = CARTESIAN_POINT ( 'NONE',  ( -0.5814336922013229048, 3.630000000000000338, -0.8968299476424231864 ) ) ;
#6149 = STYLED_ITEM ( 'NONE', ( #3212 ), #1643 ) ;
#6150 = AXIS2_PLACEMENT_3D ( 'NONE', #216, #2794, #650 ) ;
#6151 = CARTESIAN_POINT ( 'NONE',  ( -2.480347582011864116, 3.629999999999999449, -0.6236374321984260449 ) ) ;
#6152 = DIRECTION ( 'NONE',  ( -1.000000000000000000, 8.424463484782412426E-13, 0.0000000000000000000 ) ) ;
#6153 = CARTESIAN_POINT ( 'NONE',  ( 0.3775773094924635975, 3.680000000000000160, 0.3746883762070084001 ) ) ;
#6154 = ORIENTED_EDGE ( 'NONE', *, *, #6567, .T. ) ;
#6155 = CARTESIAN_POINT ( 'NONE',  ( -1.705804456125958435, 3.630000000000000338, 0.1897242430358999921 ) ) ;
#6156 = CARTESIAN_POINT ( 'NONE',  ( -2.203915334222900313, 3.629999999999999893, -0.7474248579425204486 ) ) ;
#6157 = CARTESIAN_POINT ( 'NONE',  ( 2.189015067900009104, 3.630000000000000782, 0.4515117150197843210 ) ) ;
#6158 = ADVANCED_FACE ( 'NONE', ( #92, #1727 ), #1756, .T. ) ;
#6159 = UNCERTAINTY_MEASURE_WITH_UNIT (LENGTH_MEASURE( 1.000000000000000082E-05 ), #4690, 'distance_accuracy_value', 'NONE');
#6160 = CARTESIAN_POINT ( 'NONE',  ( -0.03162366349564469520, 3.629999999999999005, -0.4725566460590626128 ) ) ;
#6161 = CARTESIAN_POINT ( 'NONE',  ( -1.819106514039189104, 3.629999999999999893, 0.5107436924070374307 ) ) ;
#6162 = CARTESIAN_POINT ( 'NONE',  ( -0.5237111529772287000, 3.679999999999999716, 0.5207344913679607945 ) ) ;
#6163 = SURFACE_STYLE_FILL_AREA ( #2567 ) ;
#6164 = FILL_AREA_STYLE ('',( #618 ) ) ;
#6165 = CARTESIAN_POINT ( 'NONE',  ( 0.2752926819429384886, 3.629999999999999893, -0.1331901202385291638 ) ) ;
#6166 =( GEOMETRIC_REPRESENTATION_CONTEXT ( 3 ) GLOBAL_UNCERTAINTY_ASSIGNED_CONTEXT ( ( #4299 ) ) GLOBAL_UNIT_ASSIGNED_CONTEXT ( ( #1708, #4264, #2185 ) ) REPRESENTATION_CONTEXT ( 'NONE', 'WORKASPACE' ) );
#6167 = CARTESIAN_POINT ( 'NONE',  ( 0.1652995012154906684, 3.629999999999998561, 0.2037647460570419788 ) ) ;
#6168 = PRESENTATION_STYLE_ASSIGNMENT (( #2026 ) ) ;
#6169 = CARTESIAN_POINT ( 'NONE',  ( -0.5117146871161122323, 3.629999999999999893, -0.9015159229775778771 ) ) ;
#6170 = CARTESIAN_POINT ( 'NONE',  ( 2.313705985960811340, 3.680000000000000160, -0.1124534229775779742 ) ) ;
#6171 = CARTESIAN_POINT ( 'NONE',  ( -2.436495354678606340, 3.629999999999999005, 0.6404091579860122785 ) ) ;
#6172 = CARTESIAN_POINT ( 'NONE',  ( 0.6466386782685031864, 3.680000000000000160, -0.7476697691314242444 ) ) ;
#6173 = CARTESIAN_POINT ( 'NONE',  ( 3.250000000000001332, 3.680000000000000160, 1.900000000000001465 ) ) ;
#6174 = DIRECTION ( 'NONE',  ( 0.0000000000000000000, -1.000000000000000000, 0.0000000000000000000 ) ) ;
#6175 = B_SPLINE_SURFACE_WITH_KNOTS ( 'NONE', 3, 1, ( 
 ( #2149, #3636 ),
 ( #63, #1112 ),
 ( #536, #5667 ),
 ( #1077, #4186 ),
 ( #644, #2111 ),
 ( #3160, #4153 ),
 ( #5198, #1631 ),
 ( #6190, #6222 ),
 ( #1151, #1044 ),
 ( #2687, #130 ),
 ( #1006, #5129 ),
 ( #3051, #5092 ),
 ( #6622, #2044 ),
 ( #4088, #805 ),
 ( #3801, #3305 ),
 ( #2822, #268 ),
 ( #4802, #2255 ),
 ( #3234, #5813 ),
 ( #4260, #5366 ) ),
 .UNSPECIFIED., .F., .F., .F.,
 ( 4, 1, 1, 1, 1, 1, 1, 1, 1, 1, 1, 1, 1, 1, 1, 1, 4 ),
 ( 2, 2 ),
 ( 0.0000000000000000000, 0.07655893299404790964, 0.1491613519791145925, 0.2188268461269945453, 0.2855671390889786831, 0.3503131057192116482, 0.4141251538580797420, 0.4771791613162270074, 0.5403680185081837228, 0.6022023899907495981, 0.6620336537315640868, 0.7199344070495792280, 0.7759074326823269807, 0.8311148643832974026, 0.8866674470119630946, 0.9425523618334882281, 1.000000000000000000 ),
 ( 0.0000000000000000000, 1.000000000000000000 ),
 .UNSPECIFIED. ) ;
#6176 = CARTESIAN_POINT ( 'NONE',  ( 2.310031120884048939, 3.680000000000000604, -0.2460548328160465370 ) ) ;
#6177 = CARTESIAN_POINT ( 'NONE',  ( 0.8130563250922404617, 3.629999999999999005, -0.8692146474260492583 ) ) ;
#6178 = CARTESIAN_POINT ( 'NONE',  ( 2.126821922158139255, 3.680000000000001048, 0.2506648068115774897 ) ) ;
#6179 = ORIENTED_EDGE ( 'NONE', *, *, #1962, .F. ) ;
#6180 = ORIENTED_EDGE ( 'NONE', *, *, #5693, .F. ) ;
#6181 = DIRECTION ( 'NONE',  ( 0.0000000000000000000, 1.000000000000000000, 0.0000000000000000000 ) ) ;
#6182 = CARTESIAN_POINT ( 'NONE',  ( 0.3293769798144667860, 3.680000000000000160, 0.5467518375246118723 ) ) ;
#6183 = CARTESIAN_POINT ( 'NONE',  ( 1.800484832114657596, 3.680000000000000160, -0.7476697691314243555 ) ) ;
#6184 = EDGE_CURVE ( 'NONE', #5684, #3334, #1998, .T. ) ;
#6185 = CARTESIAN_POINT ( 'NONE',  ( -2.589780901671448810, 3.630000000000000782, 0.2060347613911190923 ) ) ;
#6186 = DIRECTION ( 'NONE',  ( -0.0000000000000000000, 1.000000000000000000, -0.0000000000000000000 ) ) ;
#6187 = CARTESIAN_POINT ( 'NONE',  ( 0.4633193019861024387, 3.629999999999999449, 0.4615438759613894604 ) ) ;
#6188 = ORIENTED_EDGE ( 'NONE', *, *, #251, .F. ) ;
#6189 = ORIENTED_EDGE ( 'NONE', *, *, #5612, .T. ) ;
#6190 = CARTESIAN_POINT ( 'NONE',  ( -1.997170096579097054, 3.629999999999999893, 0.4682538064985831694 ) ) ;
#6191 = CARTESIAN_POINT ( 'NONE',  ( -1.774801131043326707, 3.630000000000000338, -0.02397131636367434704 ) ) ;
#6192 = CARTESIAN_POINT ( 'NONE',  ( -2.060773785701520033, 3.679999999999999272, -0.7200189625974382501 ) ) ;
#6193 = SURFACE_SIDE_STYLE ('',( #1260 ) ) ;
#6194 = CARTESIAN_POINT ( 'NONE',  ( -0.4409867459907084175, 3.630000000000001226, -0.8968951221427712284 ) ) ;
#6195 = CARTESIAN_POINT ( 'NONE',  ( -1.837960356606177514, 3.629999999999999449, -0.7045612271199888088 ) ) ;
#6196 = CARTESIAN_POINT ( 'NONE',  ( -0.8723198336550441745, 3.629999999999999005, 0.05507090122515065356 ) ) ;
#6197 = CARTESIAN_POINT ( 'NONE',  ( -0.9653745465186062136, 3.679999999999998828, -0.5282583504129449992 ) ) ;
#6198 = CARTESIAN_POINT ( 'NONE',  ( -1.206037183589450557, 3.679999999999999716, 0.5394235260415090050 ) ) ;
#6199 = CARTESIAN_POINT ( 'NONE',  ( 2.178854805959883123, 3.629999999999999893, -0.1310833441666291177 ) ) ;
#6200 = CARTESIAN_POINT ( 'NONE',  ( -1.976512947793773733, 3.680000000000000604, -0.3673662582495010875 ) ) ;
#6201 = CARTESIAN_POINT ( 'NONE',  ( -0.1310619054995703636, 3.630000000000002114, -0.2180024922135024024 ) ) ;
#6202 = CARTESIAN_POINT ( 'NONE',  ( -1.819106514039189104, 3.629999999999999893, 0.5107436924070374307 ) ) ;
#6203 = CARTESIAN_POINT ( 'NONE',  ( -1.305741282102712342, 3.680000000000001492, 0.6548010678234743587 ) ) ;
#6204 = CARTESIAN_POINT ( 'NONE',  ( -2.386862511122025854, 3.629999999999999893, 0.6560282762668864232 ) ) ;
#6205 = CARTESIAN_POINT ( 'NONE',  ( 0.8770509071056269423, 3.629999999999999005, 0.4212972271129389878 ) ) ;
#6206 = CARTESIAN_POINT ( 'NONE',  ( -2.220366809498420579, 3.679999999999999272, -0.1128171096443464083 ) ) ;
#6207 = CARTESIAN_POINT ( 'NONE',  ( -0.7407253215866512752, 3.679999999999997051, 0.6122724346331109846 ) ) ;
#6208 = CARTESIAN_POINT ( 'NONE',  ( 0.6421314667300419554, 3.629999999999999893, 0.6754071539454989948 ) ) ;
#6209 = CARTESIAN_POINT ( 'NONE',  ( 2.140826810805494418, 3.630000000000000338, -0.7423212791278964717 ) ) ;
#6210 = DIRECTION ( 'NONE',  ( -0.0000000000000000000, 1.000000000000000000, -0.0000000000000000000 ) ) ;
#6211 = CARTESIAN_POINT ( 'NONE',  ( -2.239879756257872501, 3.680000000000000160, -0.2675698430699318675 ) ) ;
#6212 = VERTEX_POINT ( 'NONE', #6104 ) ;
#6213 = FACE_OUTER_BOUND ( 'NONE', #6396, .T. ) ;
#6214 = SURFACE_SIDE_STYLE ('',( #2071 ) ) ;
#6215 = CARTESIAN_POINT ( 'NONE',  ( -0.8758321625466505278, 3.680000000000000160, -0.2288744940549596874 ) ) ;
#6216 = CARTESIAN_POINT ( 'NONE',  ( -2.512708291583273024, 3.629999999999999449, -0.5378179337188607745 ) ) ;
#6217 = CARTESIAN_POINT ( 'NONE',  ( 2.165541273467992411, 3.629999999999999005, 0.09106425096286435705 ) ) ;
#6218 = CARTESIAN_POINT ( 'NONE',  ( 0.6421314667300419554, 3.679999999999997495, -0.9015159229775778771 ) ) ;
#6219 = EDGE_CURVE ( 'NONE', #4391, #5664, #6233, .T. ) ;
#6220 = VERTEX_POINT ( 'NONE', #5603 ) ;
#6221 = CARTESIAN_POINT ( 'NONE',  ( -2.518374641394644620, 3.629999999999999005, 0.4057343320919005181 ) ) ;
#6222 = CARTESIAN_POINT ( 'NONE',  ( -1.997170096579097054, 3.679999999999999716, 0.4682538064985831694 ) ) ;
#6223 = UNCERTAINTY_MEASURE_WITH_UNIT (LENGTH_MEASURE( 1.000000000000000082E-05 ), #1959, 'distance_accuracy_value', 'NONE');
#6224 = CARTESIAN_POINT ( 'NONE',  ( -2.116715160305886911, 3.629999999999999893, -0.7379465787762776730 ) ) ;
#6225 = CARTESIAN_POINT ( 'NONE',  ( 1.807911152195770699, 3.629999999999999893, 0.6752334376781268244 ) ) ;
#6226 = SURFACE_STYLE_FILL_AREA ( #6307 ) ;
#6227 = CARTESIAN_POINT ( 'NONE',  ( -1.904781917844940331, 3.630000000000000338, -0.7864445788490245226 ) ) ;
#6228 = CARTESIAN_POINT ( 'NONE',  ( -0.6528997913913163753, 3.680000000000000604, 0.4853377904169314250 ) ) ;
#6229 = CARTESIAN_POINT ( 'NONE',  ( -0.8738676024179227175, 3.680000000000001048, -0.7145689256493737984 ) ) ;
#6230 = CARTESIAN_POINT ( 'NONE',  ( -0.7712008538597939777, 3.679999999999999716, -0.8179846728606947615 ) ) ;
#6231 = CARTESIAN_POINT ( 'NONE',  ( -0.07868080168041668987, 3.679999999999997495, 0.3778688117300688654 ) ) ;
#6232 = FACE_BOUND ( 'NONE', #11, .T. ) ;
#6233 = CIRCLE ( 'NONE', #4209, 0.3000000000000000999 ) ;
#6234 = CARTESIAN_POINT ( 'NONE',  ( 2.179090601345426315, 3.680000000000002380, -0.1130543845160394689 ) ) ;
#6235 = CARTESIAN_POINT ( 'NONE',  ( -1.722605796693732261, 3.629999999999999449, 0.08146243471174477446 ) ) ;
#6236 = CARTESIAN_POINT ( 'NONE',  ( 1.944885580060685903, 3.630000000000000782, -0.7112136031175655404 ) ) ;
#6237 = CARTESIAN_POINT ( 'NONE',  ( 2.187425769056414726, 3.679999999999998828, -0.6790097296763862866 ) ) ;
#6238 = CARTESIAN_POINT ( 'NONE',  ( -2.319592346509955938, 3.679999999999999272, 0.5125521629563491999 ) ) ;
#6239 = DIRECTION ( 'NONE',  ( 0.0000000000000000000, -0.0000000000000000000, 1.000000000000000000 ) ) ;
#6240 = CARTESIAN_POINT ( 'NONE',  ( -2.220259507354688466, 3.629999999999999893, -0.2671254053871540690 ) ) ;
#6241 = CARTESIAN_POINT ( 'NONE',  ( 1.659697347813423596, 3.679999999999999716, -0.8808014643199166827 ) ) ;
#6242 =( LENGTH_UNIT ( ) NAMED_UNIT ( * ) SI_UNIT ( .MILLI., .METRE. ) );
#6243 = CARTESIAN_POINT ( 'NONE',  ( -1.009744508499838656, 3.630000000000000338, 0.02543742790927537578 ) ) ;
#6244 = UNCERTAINTY_MEASURE_WITH_UNIT (LENGTH_MEASURE( 1.000000000000000082E-05 ), #5192, 'distance_accuracy_value', 'NONE');
#6245 = CARTESIAN_POINT ( 'NONE',  ( 2.312891014473193785, 3.629999999999999893, -0.1803889511128611844 ) ) ;
#6246 = CARTESIAN_POINT ( 'NONE',  ( 0.6421314667300419554, 3.629999999999999893, -0.9015159229775778771 ) ) ;
#6247 = PRESENTATION_STYLE_ASSIGNMENT (( #6294 ) ) ;
#6248 = CARTESIAN_POINT ( 'NONE',  ( 1.005718570725756766, 3.680000000000003713, -0.3577718649040553811 ) ) ;
#6249 = ORIENTED_EDGE ( 'NONE', *, *, #4080, .T. ) ;
#6250 = AXIS2_PLACEMENT_3D ( 'NONE', #3876, #5916, #4866 ) ;
#6251 = ORIENTED_EDGE ( 'NONE', *, *, #3821, .F. ) ;
#6252 = CARTESIAN_POINT ( 'NONE',  ( 1.800484832114657596, 3.630000000000000338, -0.7476697691314243555 ) ) ;
#6253 = CARTESIAN_POINT ( 'NONE',  ( -0.8724544419956837826, 3.680000000000000604, -0.2817076304389612984 ) ) ;
#6254 = CARTESIAN_POINT ( 'NONE',  ( -0.1364282959825924568, 3.680000000000000604, 0.04287580767244306146 ) ) ;
#6255 = STYLED_ITEM ( 'NONE', ( #2292 ), #1239 ) ;
#6256 = PRESENTATION_LAYER_ASSIGNMENT (  '', '', ( #2854 ) ) ;
#6257 = B_SPLINE_CURVE_WITH_KNOTS ( 'NONE', 3,
 ( #2155, #6590, #5638, #2593, #467, #4620, #1085, #28, #1670, #2526, #2022, #4062, #6095, #1529, #1010, #4126, #3056, #5165, #2120, #5097, #505, #6162, #1609 ),
 .UNSPECIFIED., .F., .F.,
 ( 4, 1, 1, 1, 1, 1, 1, 1, 1, 1, 1, 1, 1, 1, 1, 1, 1, 1, 1, 1, 4 ),
 ( 0.0000000000000000000, 0.07295106587586659697, 0.1415836941865451504, 0.2059264601708670483, 0.2653013571846055130, 0.3205972327139283151, 0.3718165030988104802, 0.4187897697094521976, 0.4616987286157647752, 0.5021335821035657343, 0.5408043152926481634, 0.5781805253279664880, 0.6142968652075145863, 0.6496782432647875138, 0.6842994600896377122, 0.7183589527723610590, 0.7520808646475968251, 0.8176524386023854563, 0.8797220764054370923, 0.9399655597309876098, 1.000000000000000000 ),
 .UNSPECIFIED. ) ;
#6258 = ADVANCED_FACE ( 'NONE', ( #35 ), #2502, .T. ) ;
#6259 = CARTESIAN_POINT ( 'NONE',  ( -1.794427244066944871, 3.679999999999999272, -0.4175559581089231531 ) ) ;
#6260 = CARTESIAN_POINT ( 'NONE',  ( 0.7471235571617022009, 3.629999999999999449, -0.8902646408155138191 ) ) ;
#6261 = ORIENTED_EDGE ( 'NONE', *, *, #1553, .T. ) ;
#6262 = EDGE_LOOP ( 'NONE', ( #2076, #3114, #963, #239, #1736, #4087, #2563, #1549, #1076 ) ) ;
#6263 = SURFACE_SIDE_STYLE ('',( #3596 ) ) ;
#6264 = B_SPLINE_CURVE_WITH_KNOTS ( 'NONE', 3,
 ( #320, #4947, #2410, #4439, #6470, #3952, #5992, #5068, #2127, #4068, #514, #4132, #3068, #6599, #2571, #4097, #4596, #3574, #6634, #5647, #625, #1502, #2540 ),
 .UNSPECIFIED., .F., .F.,
 ( 4, 1, 1, 1, 1, 1, 1, 1, 1, 1, 1, 1, 1, 1, 1, 1, 1, 1, 1, 1, 4 ),
 ( 0.0000000000000000000, 0.06568119799063874831, 0.1284864641740648128, 0.1881751303280077003, 0.2451061306699861830, 0.2994484245294751767, 0.3508229360093821358, 0.3999416805337777103, 0.4466717436323719426, 0.4912545333734978925, 0.5333763442704362312, 0.5738527549682235218, 0.6125263117194524876, 0.6495971364453289043, 0.6855320415538499468, 0.7201057860682004153, 0.7538376629736499579, 0.8189254160467137611, 0.8804934616501637334, 0.9403113338460572512, 1.000000000000000000 ),
 .UNSPECIFIED. ) ;
#6265 = CARTESIAN_POINT ( 'NONE',  ( 0.2816945020797679833, 3.629999999999999449, 0.4897084084938399529 ) ) ;
#6266 = PRESENTATION_LAYER_ASSIGNMENT (  '', '', ( #2529 ) ) ;
#6267 = PRESENTATION_LAYER_ASSIGNMENT (  '', '', ( #1692 ) ) ;
#6268 = EDGE_CURVE ( 'NONE', #2377, #6107, #4426, .T. ) ;
#6269 = CARTESIAN_POINT ( 'NONE',  ( -0.4997851963371088835, 3.630000000000000338, -0.9013068593308645182 ) ) ;
#6270 = CARTESIAN_POINT ( 'NONE',  ( -2.096262726312092983, 3.629999999999999893, -0.8894793894006082224 ) ) ;
#6271 = PLANE ( 'NONE',  #1678 ) ;
#6272 = CARTESIAN_POINT ( 'NONE',  ( -0.5072074755776505572, 3.680000000000001492, 0.5215610000993451401 ) ) ;
#6273 = STYLED_ITEM ( 'NONE', ( #5528 ), #3956 ) ;
#6274 = VECTOR ( 'NONE', #2613, 1000.000000000000000 ) ;
#6275 = CARTESIAN_POINT ( 'NONE',  ( 1.549474733182426789, 3.680000000000000604, -0.6246150608697390583 ) ) ;
#6276 = COLOUR_RGB ( '',0.7686274509803920907, 0.7686274509803920907, 0.7686274509803920907 ) ;
#6277 = CARTESIAN_POINT ( 'NONE',  ( 0.2866476071769180067, 3.679999999999999716, -0.3306856961686311935 ) ) ;
#6278 = CARTESIAN_POINT ( 'NONE',  ( -2.634836245821774003, 3.630000000000000338, -0.4239268688582733535 ) ) ;
#6279 = CIRCLE ( 'NONE', #6479, 0.5000000000000000000 ) ;
#6280 = CARTESIAN_POINT ( 'NONE',  ( -1.983210776799113839, 3.680000000000000160, -0.1922894226216811386 ) ) ;
#6281 = CARTESIAN_POINT ( 'NONE',  ( 2.085924717699398911, 3.629999999999999893, -0.5707513266498394078 ) ) ;
#6282 = CARTESIAN_POINT ( 'NONE',  ( -1.809943853501160049, 3.630000000000000338, 0.4995063332687882385 ) ) ;
#6283 = CARTESIAN_POINT ( 'NONE',  ( 1.795977620576195255, 3.629999999999999893, -0.9015159229775778771 ) ) ;
#6284 = COLOUR_RGB ( '',0.7686274509803920907, 0.7686274509803920907, 0.7686274509803920907 ) ;
#6285 = CARTESIAN_POINT ( 'NONE',  ( -2.319592346509955938, 3.630000000000000338, 0.5125521629563491999 ) ) ;
#6286 = CARTESIAN_POINT ( 'NONE',  ( -2.717252559310745497, 3.629999999999999005, 0.2974750730579978630 ) ) ;
#6287 = CARTESIAN_POINT ( 'NONE',  ( 0.5724124616448313940, 3.630000000000001226, -0.8968299476424234085 ) ) ;
#6288 = CARTESIAN_POINT ( 'NONE',  ( -2.087681621405824473, 3.630000000000000782, -0.7302570003594037740 ) ) ;
#6289 = CARTESIAN_POINT ( 'NONE',  ( 1.898767742108139034, 3.679999999999999272, 0.5063086653902783008 ) ) ;
#6290 = CARTESIAN_POINT ( 'NONE',  ( -2.579201065969933371, 3.679999999999998828, 0.2965672832810952730 ) ) ;
#6291 = AXIS2_PLACEMENT_3D ( 'NONE', #5563, #1523, #2517 ) ;
#6292 = PRESENTATION_STYLE_ASSIGNMENT (( #5864 ) ) ;
#6293 = CARTESIAN_POINT ( 'NONE',  ( 0.9645732200285018765, 3.679999999999999272, 0.2745161672461609581 ) ) ;
#6294 = SURFACE_STYLE_USAGE ( .BOTH. , #121 ) ;
#6295 = ORIENTED_EDGE ( 'NONE', *, *, #4274, .T. ) ;
#6296 = ADVANCED_FACE ( 'NONE', ( #3314 ), #4693, .T. ) ;
#6297 = CARTESIAN_POINT ( 'NONE',  ( -2.375462135012945009, 3.630000000000000338, -0.3096144555824672517 ) ) ;
#6298 = CARTESIAN_POINT ( 'NONE',  ( -1.846152474304852298, 3.680000000000001048, 0.1424398416825520541 ) ) ;
#6299 = CARTESIAN_POINT ( 'NONE',  ( 0.2752956390996363356, 3.629999999999999893, -0.09301922788581651336 ) ) ;
#6300 = CARTESIAN_POINT ( 'NONE',  ( -1.782447860193035138, 3.680000000000000160, -0.5123933268237318428 ) ) ;
#6301 = CARTESIAN_POINT ( 'NONE',  ( 0.7804313308917658620, 3.679999999999997939, -0.8808699374229448376 ) ) ;
#6302 = ORIENTED_EDGE ( 'NONE', *, *, #5918, .F. ) ;
#6303 = CARTESIAN_POINT ( 'NONE',  ( -1.355173486316931131, 3.629999999999999893, 0.4075917042196233187 ) ) ;
#6304 = CARTESIAN_POINT ( 'NONE',  ( -1.712209784096069054, 3.679999999999999716, 0.2852655631293491423 ) ) ;
#6305 = CARTESIAN_POINT ( 'NONE',  ( -0.7756465888545878151, 3.629999999999999449, -0.6012999545053008266 ) ) ;
#6306 = CARTESIAN_POINT ( 'NONE',  ( 1.934653676973346226, 3.679999999999997939, 0.6545537366480599362 ) ) ;
#6307 = FILL_AREA_STYLE ('',( #5132 ) ) ;
#6308 = CARTESIAN_POINT ( 'NONE',  ( 2.439999999999999947, -3.499999999999999556, 0.0000000000000000000 ) ) ;
#6309 = CARTESIAN_POINT ( 'NONE',  ( 1.487222450790286032, 3.680000000000000160, -0.5201775989611071571 ) ) ;
#6310 = CARTESIAN_POINT ( 'NONE',  ( -2.593740174699394441, 3.629999999999999005, -0.3369735288511468418 ) ) ;
#6311 = LINE ( 'NONE', #1778, #4663 ) ;
#6312 =( NAMED_UNIT ( * ) SI_UNIT ( $, .STERADIAN. ) SOLID_ANGLE_UNIT ( ) );
#6313 = CARTESIAN_POINT ( 'NONE',  ( -0.4094548622069522081, 3.679999999999998384, -0.7327132144862829044 ) ) ;
#6314 = CARTESIAN_POINT ( 'NONE',  ( 1.596345366918909381, 3.630000000000000782, -0.8546199058411397820 ) ) ;
#6315 = EDGE_CURVE ( 'NONE', #4949, #2457, #6380, .T. ) ;
#6316 = CARTESIAN_POINT ( 'NONE',  ( -2.215741129423804967, 3.679999999999999272, 0.5215610000993452511 ) ) ;
#6317 = FACE_OUTER_BOUND ( 'NONE', #1591, .T. ) ;
#6318 = PRESENTATION_STYLE_ASSIGNMENT (( #628 ) ) ;
#6319 = CARTESIAN_POINT ( 'NONE',  ( -1.946950274170215378, 3.629999999999998561, -0.6196966094081515219 ) ) ;
#6320 = CARTESIAN_POINT ( 'NONE',  ( -1.009744508499838656, 3.630000000000000338, 0.02543742790927537578 ) ) ;
#6321 = FACE_OUTER_BOUND ( 'NONE', #4053, .T. ) ;
#6322 = CARTESIAN_POINT ( 'NONE',  ( 2.304509482360011408, 3.630000000000000782, 0.08226461063017143083 ) ) ;
#6323 =( LENGTH_UNIT ( ) NAMED_UNIT ( * ) SI_UNIT ( .MILLI., .METRE. ) );
#6324 = SURFACE_SIDE_STYLE ('',( #1306 ) ) ;
#6325 = DIRECTION ( 'NONE',  ( 0.0000000000000000000, -1.000000000000000000, -0.0000000000000000000 ) ) ;
#6326 = ORIENTED_EDGE ( 'NONE', *, *, #6419, .F. ) ;
#6327 = SURFACE_SIDE_STYLE ('',( #5258 ) ) ;
#6328 = CARTESIAN_POINT ( 'NONE',  ( -1.769288091635662585, 3.629999999999999449, 0.4412040286416352153 ) ) ;
#6329 = CARTESIAN_POINT ( 'NONE',  ( -2.066244302863889271, 3.680000000000000604, -0.08952027390430183917 ) ) ;
#6330 = SURFACE_SIDE_STYLE ('',( #1115 ) ) ;
#6331 = DIRECTION ( 'NONE',  ( 0.0000000000000000000, 1.000000000000000000, -0.0000000000000000000 ) ) ;
#6332 = CARTESIAN_POINT ( 'NONE',  ( -1.902445114259875059, 3.630000000000000338, -0.2595446901364977799 ) ) ;
#6333 = CARTESIAN_POINT ( 'NONE',  ( 1.143337450741826355, 3.630000000000001226, -0.3665578894240122398 ) ) ;
#6334 = VERTEX_POINT ( 'NONE', #2399 ) ;
#6335 = CARTESIAN_POINT ( 'NONE',  ( -2.480399893145880164, 3.680000000000000160, -0.01435328243755207463 ) ) ;
#6336 = CARTESIAN_POINT ( 'NONE',  ( -1.705524783269958489, 3.680000000000000604, 0.2000465770224221229 ) ) ;
#6337 = CARTESIAN_POINT ( 'NONE',  ( 1.537699176383621857, 3.680000000000000160, 0.5930743968738461103 ) ) ;
#6338 = CARTESIAN_POINT ( 'NONE',  ( 1.866778781200032489, 3.680000000000000160, 0.6703570112509497081 ) ) ;
#6339 = B_SPLINE_CURVE_WITH_KNOTS ( 'NONE', 3,
 ( #5041, #6135, #6602, #5722, #550, #5178, #1578, #2602, #3615, #5685, #3006, #5070, #1058, #1094, #5142, #4072, #4676, #4637, #42, #1508, #6566, #5279, #4343, #6287, #252, #2698, #115 ),
 .UNSPECIFIED., .F., .F.,
 ( 4, 1, 1, 1, 1, 1, 1, 1, 1, 1, 1, 1, 1, 1, 1, 1, 1, 1, 1, 1, 1, 1, 1, 1, 4 ),
 ( 0.0000000000000000000, 0.06859462225874239649, 0.1332460424433008772, 0.1943125864682561099, 0.2512792231169660440, 0.3045134392563467185, 0.3542349066533249102, 0.4004805887739887327, 0.4434107549384917468, 0.4840148686163448510, 0.5232523007732029496, 0.5610423727283598838, 0.5979002393643998436, 0.6335184888561953276, 0.6683143511696512107, 0.7024956712863815733, 0.7366853535134582076, 0.7702931693607887320, 0.8034372550192488971, 0.8359129516660285253, 0.8684602457892907079, 0.9008465382431822821, 0.9334665246307076725, 0.9662575752981230615, 1.000000000000000000 ),
 .UNSPECIFIED. ) ;
#6340 = CARTESIAN_POINT ( 'NONE',  ( 0.2799785514282313037, 3.630000000000000782, -0.7145689256493737984 ) ) ;
#6341 = FILL_AREA_STYLE ('',( #755 ) ) ;
#6342 = B_SPLINE_CURVE_WITH_KNOTS ( 'NONE', 3,
 ( #6437, #784, #2336, #3471, #1436, #3414, #5452, #339, #2833, #852, #5001, #372, #4372, #4868, #5948, #314, #1869, #3905, #1298, #3878, #285, #3344, #2904, #1400, #911, #3971, #2367 ),
 .UNSPECIFIED., .F., .F.,
 ( 4, 1, 1, 1, 1, 1, 1, 1, 1, 1, 1, 1, 1, 1, 1, 1, 1, 1, 1, 1, 1, 1, 1, 1, 4 ),
 ( 0.0000000000000000000, 0.06506328961727912696, 0.1267731664665229241, 0.1855157632260791001, 0.2407646791677149622, 0.2929797960235980825, 0.3422503727797673867, 0.3889192861856603511, 0.4327756640583103609, 0.4746284326311177026, 0.5147746906379534471, 0.5536058934984423585, 0.5914264064311729463, 0.6280281199460673314, 0.6638036341103203952, 0.6989843361316636638, 0.7335914893067054798, 0.7676284691511398028, 0.8012083477865921122, 0.8342638397266234351, 0.8669806947287765908, 0.8997197415181606983, 0.9327019124985382881, 0.9661758834327496270, 1.000000000000000000 ),
 .UNSPECIFIED. ) ;
#6343 = CARTESIAN_POINT ( 'NONE',  ( -0.5117146871161122323, 3.629999999999999893, -0.9015159229775778771 ) ) ;
#6344 = CARTESIAN_POINT ( 'NONE',  ( -2.446178298239459092, 3.679999999999999716, -0.2081777331552921440 ) ) ;
#6345 = CARTESIAN_POINT ( 'NONE',  ( 2.085924717699398911, 3.629999999999999893, -0.5707513266498394078 ) ) ;
#6346 = CARTESIAN_POINT ( 'NONE',  ( -1.893992300769540060, 3.680000000000001048, -0.1385097959973927984 ) ) ;
#6347 = CARTESIAN_POINT ( 'NONE',  ( -0.2762370783023815335, 3.630000000000000782, -0.6448659319547211943 ) ) ;
#6348 = CARTESIAN_POINT ( 'NONE',  ( 0.6421314667300419554, 3.680000000000000160, -0.9015159229775778771 ) ) ;
#6349 = B_SPLINE_CURVE_WITH_KNOTS ( 'NONE', 3,
 ( #5443, #3465, #4459, #1431, #2490, #5505, #3236, #4616, #64, #6191, #5130, #5704, #4726, #1113, #168, #1189, #4120, #6155, #1219 ),
 .UNSPECIFIED., .F., .F.,
 ( 4, 1, 1, 1, 1, 1, 1, 1, 1, 1, 1, 1, 1, 1, 1, 1, 4 ),
 ( 0.0000000000000000000, 0.07952482958501388977, 0.1550999763495364558, 0.2272198200732688522, 0.2959105041914710243, 0.3620558809471787765, 0.4255201169126362482, 0.4858127192253080540, 0.5444947060018106022, 0.6014596357222256051, 0.6578405937966487205, 0.7139744721931380322, 0.7694679515974511830, 0.8261299671813289169, 0.8828853593090688623, 0.9407008816662020267, 1.000000000000000000 ),
 .UNSPECIFIED. ) ;
#6350 = CARTESIAN_POINT ( 'NONE',  ( 0.4736799727252993808, 3.679999999999999716, -0.8692769918086844516 ) ) ;
#6351 = PRESENTATION_STYLE_ASSIGNMENT (( #729 ) ) ;
#6352 = CARTESIAN_POINT ( 'NONE',  ( 1.392021116409806636, 3.680000000000001492, -0.6480204730380644262 ) ) ;
#6353 = CARTESIAN_POINT ( 'NONE',  ( 1.850281829903422048, 3.680000000000001048, 0.5195081242649454145 ) ) ;
#6354 = CARTESIAN_POINT ( 'NONE',  ( 2.262973865064904277, 3.629999999999999449, 0.2933602969551767359 ) ) ;
#6355 = FILL_AREA_STYLE_COLOUR ( '', #4237 ) ;
#6356 = CARTESIAN_POINT ( 'NONE',  ( 0.9614004772890013539, 3.629999999999999449, -0.7701568731001781076 ) ) ;
#6357 = ORIENTED_EDGE ( 'NONE', *, *, #273, .T. ) ;
#6358 = SURFACE_STYLE_USAGE ( .BOTH. , #6327 ) ;
#6359 = CARTESIAN_POINT ( 'NONE',  ( 1.294887235605714171, 3.680000000000000160, -0.04221051877335942060 ) ) ;
#6360 = CARTESIAN_POINT ( 'NONE',  ( 1.429141792945790579, 3.679999999999994831, -0.09301922788581649948 ) ) ;
#6361 = EDGE_CURVE ( 'NONE', #3011, #3123, #1363, .T. ) ;
#6362 = CARTESIAN_POINT ( 'NONE',  ( -1.378709747198519908, 3.630000000000000782, 0.6475004796393282192 ) ) ;
#6363 = CARTESIAN_POINT ( 'NONE',  ( 0.006013678268503453578, 3.629999999999999893, -0.1124534229775779742 ) ) ;
#6364 = AXIS2_PLACEMENT_3D ( 'NONE', #5335, #4296, #4259 ) ;
#6365 = ORIENTED_EDGE ( 'NONE', *, *, #6268, .T. ) ;
#6366 = CARTESIAN_POINT ( 'NONE',  ( -2.207027187116112010, 3.679999999999999272, -0.1130543845160394689 ) ) ;
#6367 = ORIENTED_EDGE ( 'NONE', *, *, #2180, .T. ) ;
#6368 = CARTESIAN_POINT ( 'NONE',  ( 0.5968376935433973296, 3.630000000000000338, -0.7450563230951847693 ) ) ;
#6369 = UNCERTAINTY_MEASURE_WITH_UNIT (LENGTH_MEASURE( 1.000000000000000082E-05 ), #6112, 'distance_accuracy_value', 'NONE');
#6370 = CARTESIAN_POINT ( 'NONE',  ( -2.305734253186059846, 3.679999999999999716, -0.7384392847446272778 ) ) ;
#6371 = CARTESIAN_POINT ( 'NONE',  ( 1.329540845767288593, 3.679999999999998828, -0.4812613761502044230 ) ) ;
#6372 = AXIS2_PLACEMENT_3D ( 'NONE', #5151, #6181, #3083 ) ;
#6373 = CARTESIAN_POINT ( 'NONE',  ( 1.483223133660620752, 3.629999999999999005, 0.5467518375246115392 ) ) ;
#6374 =( NAMED_UNIT ( * ) SI_UNIT ( $, .STERADIAN. ) SOLID_ANGLE_UNIT ( ) );
#6375 = CARTESIAN_POINT ( 'NONE',  ( -2.207027187116112010, 3.679999999999999272, -0.1130543845160394689 ) ) ;
#6376 = CARTESIAN_POINT ( 'NONE',  ( -0.2101839596014025147, 3.680000000000000160, 0.3243157031153132142 ) ) ;
#6377 = VECTOR ( 'NONE', #6049, 1000.000000000000000 ) ;
#6378 = LINE ( 'NONE', #2728, #1158 ) ;
#6379 = SURFACE_STYLE_USAGE ( .BOTH. , #4337 ) ;
#6380 = LINE ( 'NONE', #3682, #1777 ) ;
#6381 = CARTESIAN_POINT ( 'NONE',  ( -3.250000000000001332, 0.5000000000000000000, -2.499999999999999112 ) ) ;
#6382 = SURFACE_STYLE_FILL_AREA ( #1747 ) ;
#6383 = AXIS2_PLACEMENT_3D ( 'NONE', #5069, #476, #5522 ) ;
#6384 = CARTESIAN_POINT ( 'NONE',  ( -2.724018419110477929, 3.680000000000000160, 0.1810390783104283974 ) ) ;
#6385 = CARTESIAN_POINT ( 'NONE',  ( -1.330524783269958267, 3.629999999999999893, 0.6561763847147297213 ) ) ;
#6386 = CARTESIAN_POINT ( 'NONE',  ( 0.4122237847256682852, 3.679999999999999272, -0.8374630178629554056 ) ) ;
#6387 = FACE_OUTER_BOUND ( 'NONE', #6262, .T. ) ;
#6388 = CARTESIAN_POINT ( 'NONE',  ( 1.294615795940383673, 3.680000000000000604, -0.1364951605779704535 ) ) ;
#6389 = EDGE_CURVE ( 'NONE', #4442, #2744, #3375, .T. ) ;
#6390 = CARTESIAN_POINT ( 'NONE',  ( -0.2062439790918992877, 3.629999999999999893, -0.5412721588969223729 ) ) ;
#6391 =( NAMED_UNIT ( * ) PLANE_ANGLE_UNIT ( ) SI_UNIT ( $, .RADIAN. ) );
#6392 = CARTESIAN_POINT ( 'NONE',  ( 2.116432233474674796, 3.630000000000000338, 0.5427442978721668254 ) ) ;
#6393 = SURFACE_SIDE_STYLE ('',( #4847 ) ) ;
#6394 =( GEOMETRIC_REPRESENTATION_CONTEXT ( 3 ) GLOBAL_UNCERTAINTY_ASSIGNED_CONTEXT ( ( #3659 ) ) GLOBAL_UNIT_ASSIGNED_CONTEXT ( ( #6102, #470, #1533 ) ) REPRESENTATION_CONTEXT ( 'NONE', 'WORKASPACE' ) );
#6395 = PRESENTATION_STYLE_ASSIGNMENT (( #4917 ) ) ;
#6396 = EDGE_LOOP ( 'NONE', ( #5737, #4071, #2923, #2252 ) ) ;
#6397 = CARTESIAN_POINT ( 'NONE',  ( 1.159036473348048935, 3.629999999999999893, -0.04481925449197888406 ) ) ;
#6398 = STYLED_ITEM ( 'NONE', ( #1374 ), #3379 ) ;
#6399 = CARTESIAN_POINT ( 'NONE',  ( 0.4633193019861024387, 3.629999999999999449, 0.4615438759613894604 ) ) ;
#6400 = ORIENTED_EDGE ( 'NONE', *, *, #871, .T. ) ;
#6401 = CARTESIAN_POINT ( 'NONE',  ( -1.926004834460362636, 3.629999999999998561, -0.4561039940412952021 ) ) ;
#6402 = LINE ( 'NONE', #5906, #4986 ) ;
#6403 = CARTESIAN_POINT ( 'NONE',  ( 0.9976795106342022379, 3.680000000000001492, -0.3995362814424762155 ) ) ;
#6404 = CARTESIAN_POINT ( 'NONE',  ( -1.378761860732932831, 3.680000000000000604, 0.4144661665849020404 ) ) ;
#6405 = CARTESIAN_POINT ( 'NONE',  ( 0.1407689087223674140, 3.629999999999999005, -0.08861185062333415408 ) ) ;
#6406 = SURFACE_STYLE_FILL_AREA ( #4366 ) ;
#6407 = CARTESIAN_POINT ( 'NONE',  ( 1.294887235605714171, 3.629999999999999893, -0.04221051877335942060 ) ) ;
#6408 = CARTESIAN_POINT ( 'NONE',  ( 0.6421314667300419554, 3.680000000000000604, 0.6754071539454989948 ) ) ;
#6409 = CARTESIAN_POINT ( 'NONE',  ( 2.110829782753117279, 3.629999999999999893, 0.2949889125815164936 ) ) ;
#6410 = CARTESIAN_POINT ( 'NONE',  ( -0.3734148229543879371, 3.629999999999999893, -0.8808699374229450596 ) ) ;
#6411 = CARTESIAN_POINT ( 'NONE',  ( 1.134094349392914092, 3.680000000000000604, 0.1949223597551754950 ) ) ;
#6412 = EDGE_CURVE ( 'NONE', #5020, #2364, #6342, .T. ) ;
#6413 = CARTESIAN_POINT ( 'NONE',  ( -2.590298739429234498, 3.680000000000000160, -0.09085791037234981771 ) ) ;
#6414 = CARTESIAN_POINT ( 'NONE',  ( 1.463797883273260547, 3.629999999999998117, -0.4549501504519899431 ) ) ;
#6415 = CARTESIAN_POINT ( 'NONE',  ( -2.645722656257900596, 3.680000000000000604, -0.5647166955704554514 ) ) ;
#6416 = PRESENTATION_STYLE_ASSIGNMENT (( #948 ) ) ;
#6417 = CARTESIAN_POINT ( 'NONE',  ( -0.2386285501897363881, 3.630000000000000782, -0.5978657301826300063 ) ) ;
#6418 = CARTESIAN_POINT ( 'NONE',  ( -2.210332475577650779, 3.680000000000000160, -0.2669005383621932959 ) ) ;
#6419 = EDGE_CURVE ( 'NONE', #385, #5841, #575, .T. ) ;
#6420 = CARTESIAN_POINT ( 'NONE',  ( -2.685658736564516591, 3.679999999999999272, 0.03541652705168494425 ) ) ;
#6421 = ORIENTED_EDGE ( 'NONE', *, *, #5485, .F. ) ;
#6422 = CARTESIAN_POINT ( 'NONE',  ( -1.881991432876809922, 3.629999999999999005, 0.05834736846272516042 ) ) ;
#6423 = CARTESIAN_POINT ( 'NONE',  ( 1.454294345549628220, 3.679999999999997051, 0.1905737149566112676 ) ) ;
#6424 = SURFACE_STYLE_FILL_AREA ( #5155 ) ;
#6425 = CARTESIAN_POINT ( 'NONE',  ( 0.8776090755437722102, 3.680000000000002380, -0.6448659319547209723 ) ) ;
#6426 = CARTESIAN_POINT ( 'NONE',  ( -1.213603916397895333, 3.629999999999997673, 0.4823842282300511153 ) ) ;
#6427 = ORIENTED_EDGE ( 'NONE', *, *, #4090, .F. ) ;
#6428 = CARTESIAN_POINT ( 'NONE',  ( 2.439999999999999947, -3.499999999999999556, -0.2149999999999999412 ) ) ;
#6429 = UNCERTAINTY_MEASURE_WITH_UNIT (LENGTH_MEASURE( 1.000000000000000082E-05 ), #848, 'distance_accuracy_value', 'NONE');
#6430 = CARTESIAN_POINT ( 'NONE',  ( -2.407102692009173595, 3.679999999999998828, -0.6950559528380712004 ) ) ;
#6431 = CARTESIAN_POINT ( 'NONE',  ( 1.302899652900341376, 3.629999999999999449, 0.08899704713222963970 ) ) ;
#6432 = CARTESIAN_POINT ( 'NONE',  ( 1.329651722548815362, 3.629999999999998117, 0.2552428758202031633 ) ) ;
#6433 = EDGE_CURVE ( 'NONE', #1434, #5795, #5701, .T. ) ;
#6434 = CARTESIAN_POINT ( 'NONE',  ( -0.8609865854931146867, 3.629999999999999449, 0.1491009936429824878 ) ) ;
#6435 = CARTESIAN_POINT ( 'NONE',  ( 0.3781995649915665392, 3.680000000000001936, -0.6012999545053008266 ) ) ;
#6436 = CARTESIAN_POINT ( 'NONE',  ( 1.850281829903422048, 3.680000000000000604, 0.5195081242649454145 ) ) ;
#6437 = CARTESIAN_POINT ( 'NONE',  ( 0.006013678268503453578, 3.680000000000000160, -0.1124534229775779742 ) ) ;
#6438 = CARTESIAN_POINT ( 'NONE',  ( -3.249999999999998668, 3.180000000000000160, 1.899999999999999689 ) ) ;
#6439 = CARTESIAN_POINT ( 'NONE',  ( -1.946182907525115580, 3.680000000000000160, -0.8209020963081442579 ) ) ;
#6440 = CARTESIAN_POINT ( 'NONE',  ( 0.5724124616448313940, 3.680000000000001492, -0.8968299476424234085 ) ) ;
#6441 = CARTESIAN_POINT ( 'NONE',  ( -3.250000000000000888, 0.5000000000000000000, -1.899999999999999689 ) ) ;
#6442 = CARTESIAN_POINT ( 'NONE',  ( -1.338883512710896895, 3.630000000000000782, 0.4066563398990388212 ) ) ;
#6443 = CARTESIAN_POINT ( 'NONE',  ( 0.6303011321649328869, 3.679999999999997939, 0.6752072873202952241 ) ) ;
#6444 = CARTESIAN_POINT ( 'NONE',  ( 1.866705561701599736, 3.680000000000000160, -0.8968951221427711173 ) ) ;
#6445 = ORIENTED_EDGE ( 'NONE', *, *, #3985, .F. ) ;
#6446 = CARTESIAN_POINT ( 'NONE',  ( -2.266420757962833488, 3.679999999999999716, -0.8997290165674642903 ) ) ;
#6447 = EDGE_CURVE ( 'NONE', #6517, #3030, #3476, .T. ) ;
#6448 = CARTESIAN_POINT ( 'NONE',  ( 1.439933029973754719, 3.630000000000000782, 0.1040367025673501894 ) ) ;
#6449 = UNCERTAINTY_MEASURE_WITH_UNIT (LENGTH_MEASURE( 1.000000000000000082E-05 ), #327, 'distance_accuracy_value', 'NONE');
#6450 = CARTESIAN_POINT ( 'NONE',  ( 1.998589510786530132, 3.629999999999999893, -0.8546058829506907317 ) ) ;
#6451 = COLOUR_RGB ( '',0.7686274509803920907, 0.7686274509803920907, 0.7686274509803920907 ) ;
#6452 = CARTESIAN_POINT ( 'NONE',  ( -0.2583400831262760433, 3.630000000000000782, 0.3998875696959027226 ) ) ;
#6453 = VERTEX_POINT ( 'NONE', #5672 ) ;
#6454 = CARTESIAN_POINT ( 'NONE',  ( -1.917063244808419720, 3.629999999999999893, -0.5175014999006547489 ) ) ;
#6455 =( NAMED_UNIT ( * ) PLANE_ANGLE_UNIT ( ) SI_UNIT ( $, .RADIAN. ) );
#6456 = CARTESIAN_POINT ( 'NONE',  ( 2.439999999999999947, -3.499999999999999556, -0.2149999999999999412 ) ) ;
#6457 = CARTESIAN_POINT ( 'NONE',  ( -0.8724544419956837826, 3.630000000000000338, -0.2817076304389612984 ) ) ;
#6458 = CARTESIAN_POINT ( 'NONE',  ( 2.116432233474674796, 3.680000000000000604, 0.5427442978721668254 ) ) ;
#6459 = CARTESIAN_POINT ( 'NONE',  ( 1.297947799192470164, 3.630000000000000782, 0.02543742790927546252 ) ) ;
#6460 = CARTESIAN_POINT ( 'NONE',  ( -0.7396309919109046449, 3.629999999999999893, 0.4193193746620746953 ) ) ;
#6461 = DIRECTION ( 'NONE',  ( 0.0000000000000000000, 0.0000000000000000000, -1.000000000000000000 ) ) ;
#6462 = DIRECTION ( 'NONE',  ( -0.0000000000000000000, 1.000000000000000000, -0.0000000000000000000 ) ) ;
#6463 = CARTESIAN_POINT ( 'NONE',  ( -0.1668654968868137634, 3.630000000000000338, -0.7423212791278962497 ) ) ;
#6464 = CARTESIAN_POINT ( 'NONE',  ( 1.055855982376287860, 3.679999999999998828, 0.4158690181570811051 ) ) ;
#6465 = CARTESIAN_POINT ( 'NONE',  ( 1.107965528090947060, 3.679999999999999716, -0.5200272577096726190 ) ) ;
#6466 = CARTESIAN_POINT ( 'NONE',  ( 2.030077425402637470, 3.629999999999999449, 0.6104187710414505919 ) ) ;
#6467 = VECTOR ( 'NONE', #5030, 1000.000000000000000 ) ;
#6468 =( GEOMETRIC_REPRESENTATION_CONTEXT ( 3 ) GLOBAL_UNCERTAINTY_ASSIGNED_CONTEXT ( ( #5368 ) ) GLOBAL_UNIT_ASSIGNED_CONTEXT ( ( #5717, #5174, #3179 ) ) REPRESENTATION_CONTEXT ( 'NONE', 'WORKASPACE' ) );
#6469 = CARTESIAN_POINT ( 'NONE',  ( 0.4424992130727553041, 3.680000000000001492, -0.8546199058411396710 ) ) ;
#6470 = CARTESIAN_POINT ( 'NONE',  ( -0.1356148659961414205, 3.680000000000000160, -0.2670601040317101549 ) ) ;
#6471 = CYLINDRICAL_SURFACE ( 'NONE', #4233, 1.900000000000000577 ) ;
#6472 = MECHANICAL_DESIGN_GEOMETRIC_PRESENTATION_REPRESENTATION (  '', ( #5089 ), #670 ) ;
#6473 = VERTEX_POINT ( 'NONE', #4035 ) ;
#6474 = MECHANICAL_DESIGN_GEOMETRIC_PRESENTATION_REPRESENTATION (  '', ( #2751 ), #5093 ) ;
#6475 = ORIENTED_EDGE ( 'NONE', *, *, #1142, .T. ) ;
#6476 = FACE_OUTER_BOUND ( 'NONE', #1505, .T. ) ;
#6477 = CARTESIAN_POINT ( 'NONE',  ( 1.783981154715078787, 3.630000000000000338, 0.5207344913679609055 ) ) ;
#6478 = DIRECTION ( 'NONE',  ( 1.000000000000000000, 0.0000000000000000000, -0.0000000000000000000 ) ) ;
#6479 = AXIS2_PLACEMENT_3D ( 'NONE', #2888, #5013, #955 ) ;
#6480 = CARTESIAN_POINT ( 'NONE',  ( -0.7582175745098806985, 3.629999999999999449, -0.6246150608697387252 ) ) ;
#6481 = CARTESIAN_POINT ( 'NONE',  ( -2.013631930271527093, 3.679999999999998828, -0.6925702196910963337 ) ) ;
#6482 = CARTESIAN_POINT ( 'NONE',  ( -0.1286017063468814781, 3.680000000000000160, -0.1130543845160394689 ) ) ;
#6483 = ORIENTED_EDGE ( 'NONE', *, *, #3647, .F. ) ;
#6484 = PRESENTATION_LAYER_ASSIGNMENT (  '', '', ( #5102 ) ) ;
#6485 = CARTESIAN_POINT ( 'NONE',  ( 3.250000000000001776, 0.0000000000000000000, 2.500000000000001332 ) ) ;
#6486 = CARTESIAN_POINT ( 'NONE',  ( -2.615764061787169137, 3.630000000000000338, -0.6595264191468130921 ) ) ;
#6487 = CARTESIAN_POINT ( 'NONE',  ( 1.435540655925922504, 3.680000000000002380, 0.4897084084938399529 ) ) ;
#6488 = COLOUR_RGB ( '',0.7686274509803920907, 0.7686274509803920907, 0.7686274509803920907 ) ;
#6489 = CARTESIAN_POINT ( 'NONE',  ( -0.7762688443536908123, 3.629999999999999449, 0.3746883762070087887 ) ) ;
#6490 = B_SPLINE_CURVE_WITH_KNOTS ( 'NONE', 3,
 ( #5611, #3075, #5181, #4679, #2033, #46, #1026, #4138, #5113, #1136, #3110 ),
 .UNSPECIFIED., .F., .F.,
 ( 4, 1, 1, 1, 1, 1, 1, 1, 4 ),
 ( 0.0000000000000000000, 0.1192834503733711249, 0.2370928820686308280, 0.3547960442151273375, 0.4745763009408493494, 0.5974600658149763488, 0.7249261546156139380, 0.8588831991927642351, 1.000000000000000000 ),
 .UNSPECIFIED. ) ;
#6491 = CARTESIAN_POINT ( 'NONE',  ( 0.3009114594713983570, 3.680000000000000604, -0.4173348674833634586 ) ) ;
#6492 = CARTESIAN_POINT ( 'NONE',  ( 3.249999999999998224, 0.5000000000000000000, -2.499999999999999112 ) ) ;
#6493 = CARTESIAN_POINT ( 'NONE',  ( -0.2474385031901756571, 3.629999999999999449, 0.5906681404830103066 ) ) ;
#6494 = CARTESIAN_POINT ( 'NONE',  ( 2.439999999999999947, -3.499999999999999556, 0.0000000000000000000 ) ) ;
#6495 = CARTESIAN_POINT ( 'NONE',  ( -1.205524783269958267, 3.629999999999999893, 0.5311763847147297213 ) ) ;
#6496 = CARTESIAN_POINT ( 'NONE',  ( 1.012630880481127926, 3.679999999999999716, 0.4845116065617086076 ) ) ;
#6497 = CARTESIAN_POINT ( 'NONE',  ( -1.260701380139944261, 3.630000000000000338, 0.6358945001198813562 ) ) ;
#6498 = CARTESIAN_POINT ( 'NONE',  ( -2.647832475577650779, 3.679999999999999272, -0.5166000575929625693 ) ) ;
#6499 = FACE_OUTER_BOUND ( 'NONE', #2963, .T. ) ;
#6500 = CARTESIAN_POINT ( 'NONE',  ( 0.4131208322595029125, 3.679999999999997495, 0.6122724346331106515 ) ) ;
#6501 = CARTESIAN_POINT ( 'NONE',  ( 0.4122237847256682852, 3.629999999999999005, -0.8374630178629554056 ) ) ;
#6502 = CARTESIAN_POINT ( 'NONE',  ( -2.480347582011864116, 3.679999999999999716, -0.6236374321984260449 ) ) ;
#6503 = SURFACE_STYLE_FILL_AREA ( #349 ) ;
#6504 = EDGE_CURVE ( 'NONE', #6220, #1179, #4099, .T. ) ;
#6505 = EDGE_CURVE ( 'NONE', #6610, #3528, #2353, .T. ) ;
#6506 = ORIENTED_EDGE ( 'NONE', *, *, #6625, .T. ) ;
#6507 = PRODUCT ( 'Crystal Resonator HC-49S', 'Crystal Resonator HC-49S', '', ( #5024 ) ) ;
#6508 = ORIENTED_EDGE ( 'NONE', *, *, #2562, .F. ) ;
#6509 = CARTESIAN_POINT ( 'NONE',  ( 0.6540649983496172881, 3.630000000000000338, 0.6752334376781268244 ) ) ;
#6510 = CARTESIAN_POINT ( 'NONE',  ( -2.645722656257900596, 3.680000000000001492, -0.5647166955704554514 ) ) ;
#6511 = CARTESIAN_POINT ( 'NONE',  ( 1.454294345549628220, 3.630000000000001670, 0.1905737149566112676 ) ) ;
#6512 = CARTESIAN_POINT ( 'NONE',  ( 1.760819200035123933, 3.630000000000000782, -0.9009257655664468789 ) ) ;
#6513 = CARTESIAN_POINT ( 'NONE',  ( -0.8786017063468812838, 3.629999999999999893, -0.1130543845160394689 ) ) ;
#6514 = CARTESIAN_POINT ( 'NONE',  ( -2.723505122472178464, 3.679999999999999716, 0.2552242975499352529 ) ) ;
#6515 = CARTESIAN_POINT ( 'NONE',  ( 0.9064076506559779478, 3.629999999999998561, 0.5906681404830106397 ) ) ;
#6516 = CARTESIAN_POINT ( 'NONE',  ( -1.840140167885343070, 3.630000000000000338, 0.2027509039454990225 ) ) ;
#6517 = VERTEX_POINT ( 'NONE', #3566 ) ;
#6518 = ORIENTED_EDGE ( 'NONE', *, *, #3115, .T. ) ;
#6519 = CARTESIAN_POINT ( 'NONE',  ( -2.001797330440802991, 3.679999999999999272, -0.3418096451623114373 ) ) ;
#6520 = CARTESIAN_POINT ( 'NONE',  ( -2.521326307934118383, 3.629999999999999893, -0.7874922221901123898 ) ) ;
#6521 = CARTESIAN_POINT ( 'NONE',  ( -1.419507467333823492, 3.629999999999999005, 0.6200331783280239595 ) ) ;
#6522 = ORIENTED_EDGE ( 'NONE', *, *, #6556, .F. ) ;
#6523 = CARTESIAN_POINT ( 'NONE',  ( 1.800484832114657596, 3.680000000000000160, 0.5215610000993452511 ) ) ;
#6524 = CARTESIAN_POINT ( 'NONE',  ( 1.429241145790109080, 3.680000000000000160, -0.05413492297189157615 ) ) ;
#6525 = CARTESIAN_POINT ( 'NONE',  ( 0.7129326273538786340, 3.679999999999999716, 0.6703570112509497081 ) ) ;
#6526 = CARTESIAN_POINT ( 'NONE',  ( 1.156184967037895417, 3.680000000000001936, -0.2460548328160465925 ) ) ;
#6527 = SURFACE_STYLE_USAGE ( .BOTH. , #1405 ) ;
#6528 = CARTESIAN_POINT ( 'NONE',  ( -1.811532949895933386, 3.680000000000001492, -0.3739179414241479149 ) ) ;
#6529 = SURFACE_STYLE_USAGE ( .BOTH. , #5518 ) ;
#6530 = CARTESIAN_POINT ( 'NONE',  ( 0.9729757683119849565, 3.680000000000000160, 0.2506648068115773786 ) ) ;
#6531 = CARTESIAN_POINT ( 'NONE',  ( -2.277031810053887106, 3.680000000000000604, -0.7439906633649611134 ) ) ;
#6532 = FACE_OUTER_BOUND ( 'NONE', #1507, .T. ) ;
#6533 = CARTESIAN_POINT ( 'NONE',  ( -2.441490424179494578, 3.679999999999998384, -0.1921380893207659257 ) ) ;
#6534 = ORIENTED_EDGE ( 'NONE', *, *, #6412, .F. ) ;
#6535 = PLANE ( 'NONE',  #2853 ) ;
#6536 = CARTESIAN_POINT ( 'NONE',  ( -2.634329804578487089, 3.679999999999999272, -0.6125478912792907682 ) ) ;
#6537 = CARTESIAN_POINT ( 'NONE',  ( 1.373835004671778215, 3.629999999999999449, -0.6109811010550229016 ) ) ;
#6538 = CARTESIAN_POINT ( 'NONE',  ( -0.8671985466692352373, 3.629999999999999449, -0.3306856961686310825 ) ) ;
#6539 = CARTESIAN_POINT ( 'NONE',  ( 1.109127711218751422, 3.630000000000000338, 0.2933602969551767914 ) ) ;
#6540 = CARTESIAN_POINT ( 'NONE',  ( -0.3734148229543879371, 3.680000000000000160, -0.8808699374229450596 ) ) ;
#6541 = VERTEX_POINT ( 'NONE', #5595 ) ;
#6542 = EDGE_LOOP ( 'NONE', ( #3450, #3050, #3398, #518 ) ) ;
#6543 =( GEOMETRIC_REPRESENTATION_CONTEXT ( 3 ) GLOBAL_UNCERTAINTY_ASSIGNED_CONTEXT ( ( #2080 ) ) GLOBAL_UNIT_ASSIGNED_CONTEXT ( ( #1209, #3729, #4787 ) ) REPRESENTATION_CONTEXT ( 'NONE', 'WORKASPACE' ) );
#6544 = MANIFOLD_SOLID_BREP ( 'Cut-Extrude2', #264 ) ;
#6545 = CARTESIAN_POINT ( 'NONE',  ( 2.287588202157348594, 3.629999999999999449, -0.4213105659790583601 ) ) ;
#6546 = CARTESIAN_POINT ( 'NONE',  ( 0.0000000000000000000, 0.0000000000000000000, 0.0000000000000000000 ) ) ;
#6547 = CARTESIAN_POINT ( 'NONE',  ( 0.4348176980390127122, 3.629999999999999893, 0.4385180809487588816 ) ) ;
#6548 = VECTOR ( 'NONE', #5940, 1000.000000000000000 ) ;
#6549 = CARTESIAN_POINT ( 'NONE',  ( 0.3209114957240594701, 3.680000000000000160, -0.4890562694957944490 ) ) ;
#6550 = ORIENTED_EDGE ( 'NONE', *, *, #4545, .T. ) ;
#6551 = CARTESIAN_POINT ( 'NONE',  ( -0.2776148822896700730, 3.629999999999999449, 0.6104187710414504808 ) ) ;
#6552 = CARTESIAN_POINT ( 'NONE',  ( 2.030077425402637470, 3.679999999999996607, 0.6104187710414505919 ) ) ;
#6553 = CARTESIAN_POINT ( 'NONE',  ( 1.549215633293902661, 3.680000000000000604, 0.3977910179525214751 ) ) ;
#6554 =( NAMED_UNIT ( * ) PLANE_ANGLE_UNIT ( ) SI_UNIT ( $, .RADIAN. ) );
#6555 = CARTESIAN_POINT ( 'NONE',  ( 1.033579615210260760, 3.679999999999998828, -0.6790097296763861756 ) ) ;
#6556 = EDGE_CURVE ( 'NONE', #2610, #5630, #1009, .T. ) ;
#6557 = CARTESIAN_POINT ( 'NONE',  ( 0.5968376935433973296, 3.680000000000000604, -0.7450563230951847693 ) ) ;
#6558 = FILL_AREA_STYLE ('',( #4592 ) ) ;
#6559 = CARTESIAN_POINT ( 'NONE',  ( 0.2598484642815935275, 3.629999999999999893, 0.4576970189226607921 ) ) ;
#6560 = CARTESIAN_POINT ( 'NONE',  ( -2.030871645394669134, 3.629999999999999893, -0.3194240659811376504 ) ) ;
#6561 = CARTESIAN_POINT ( 'NONE',  ( -2.513217090962266198, 3.629999999999999893, -0.5144966922083471506 ) ) ;
#6562 =( GEOMETRIC_REPRESENTATION_CONTEXT ( 3 ) GLOBAL_UNCERTAINTY_ASSIGNED_CONTEXT ( ( #4895 ) ) GLOBAL_UNIT_ASSIGNED_CONTEXT ( ( #4012, #984, #2445 ) ) REPRESENTATION_CONTEXT ( 'NONE', 'WORKASPACE' ) );
#6563 = LINE ( 'NONE', #1413, #6377 ) ;
#6564 = B_SPLINE_CURVE_WITH_KNOTS ( 'NONE', 3,
 ( #4776, #3848, #1748, #4871, #2266, #5922, #2772, #2299, #3248, #288, #4341 ),
 .UNSPECIFIED., .F., .F.,
 ( 4, 1, 1, 1, 1, 1, 1, 1, 4 ),
 ( 0.0000000000000000000, 0.1219040408698847389, 0.2394126076020045568, 0.3554101042801772747, 0.4720907288033016624, 0.5928589821563581275, 0.7187034677136839855, 0.8548923829515272521, 1.000000000000000000 ),
 .UNSPECIFIED. ) ;
#6565 = MECHANICAL_DESIGN_GEOMETRIC_PRESENTATION_REPRESENTATION (  '', ( #2523 ), #4027 ) ;
#6566 = CARTESIAN_POINT ( 'NONE',  ( 0.4736799727252993808, 3.629999999999999449, -0.8692769918086844516 ) ) ;
#6567 = EDGE_CURVE ( 'NONE', #674, #1654, #3547, .T. ) ;
#6568 = CARTESIAN_POINT ( 'NONE',  ( 1.568061315781402953, 3.679999999999994831, 0.4193193746620743623 ) ) ;
#6569 = CARTESIAN_POINT ( 'NONE',  ( 1.294888873082746583, 3.679999999999998828, -0.1831965823983131847 ) ) ;
#6570 = UNCERTAINTY_MEASURE_WITH_UNIT (LENGTH_MEASURE( 1.000000000000000082E-05 ), #5760, 'distance_accuracy_value', 'NONE');
#6571 = CARTESIAN_POINT ( 'NONE',  ( 1.934277484737920050, 3.680000000000000604, -0.8808699374229455037 ) ) ;
#6572 = CARTESIAN_POINT ( 'NONE',  ( 1.092912799457406825, 3.679999999999996163, 0.3371752162165861377 ) ) ;
#6573 = CARTESIAN_POINT ( 'NONE',  ( -0.2196376606880518778, 3.680000000000000160, -0.7953408740158949275 ) ) ;
#6574 = EDGE_CURVE ( 'NONE', #1556, #5334, #4175, .T. ) ;
#6575 = EDGE_LOOP ( 'NONE', ( #4210, #6249 ) ) ;
#6576 = CARTESIAN_POINT ( 'NONE',  ( -2.276599247956587302, 3.630000000000000782, 0.6739521183764456413 ) ) ;
#6577 = ORIENTED_EDGE ( 'NONE', *, *, #5681, .T. ) ;
#6578 = SURFACE_SIDE_STYLE ('',( #2956 ) ) ;
#6579 = CARTESIAN_POINT ( 'NONE',  ( -0.7919705673655568212, 3.629999999999999893, -0.5762433685113901305 ) ) ;
#6580 = VECTOR ( 'NONE', #520, 1000.000000000000000 ) ;
#6581 = CARTESIAN_POINT ( 'NONE',  ( 1.831654680087737574, 3.679999999999999272, 0.6748878034458535291 ) ) ;
#6582 = CARTESIAN_POINT ( 'NONE',  ( 2.246002973334568775, 3.630000000000000338, -0.5642831114839580442 ) ) ;
#6583 = CARTESIAN_POINT ( 'NONE',  ( 0.3775773094924635975, 3.629999999999999893, 0.3746883762070084001 ) ) ;
#6584 = ADVANCED_FACE ( 'NONE', ( #1669 ), #5057, .T. ) ;
#6585 = CARTESIAN_POINT ( 'NONE',  ( -1.955281257697915276, 3.629999999999999893, -0.3956960450078201297 ) ) ;
#6586 = ORIENTED_EDGE ( 'NONE', *, *, #770, .T. ) ;
#6587 = CARTESIAN_POINT ( 'NONE',  ( 2.312882627194202900, 3.679999999999997939, -0.04481925449197887018 ) ) ;
#6588 = STYLED_ITEM ( 'NONE', ( #6606 ), #4023 ) ;
#6589 = CARTESIAN_POINT ( 'NONE',  ( -2.562773867149978457, 3.679999999999999716, -0.2968464739268013020 ) ) ;
#6590 = CARTESIAN_POINT ( 'NONE',  ( -0.8785505147465176856, 3.680000000000000160, -0.09301922788581651336 ) ) ;
#6591 = PRESENTATION_STYLE_ASSIGNMENT (( #2086 ) ) ;
#6592 = B_SPLINE_CURVE_WITH_KNOTS ( 'NONE', 3,
 ( #917, #5005, #409, #4502, #6528, #1968, #3512, #5545, #3001, #3541, #4094 ),
 .UNSPECIFIED., .F., .F.,
 ( 4, 1, 1, 1, 1, 1, 1, 1, 4 ),
 ( 0.0000000000000000000, 0.1219040408698847389, 0.2394126076020045568, 0.3554101042801772747, 0.4720907288033016624, 0.5928589821563581275, 0.7187034677136839855, 0.8548923829515272521, 1.000000000000000000 ),
 .UNSPECIFIED. ) ;
#6593 = CARTESIAN_POINT ( 'NONE',  ( 0.5007724193852303163, 3.630000000000000782, -0.7113250861540983960 ) ) ;
#6594 = FILL_AREA_STYLE ('',( #5137 ) ) ;
#6595 = CARTESIAN_POINT ( 'NONE',  ( 0.1407689087223674140, 3.679999999999997051, -0.08861185062333415408 ) ) ;
#6596 = DIRECTION ( 'NONE',  ( 0.0000000000000000000, 0.0000000000000000000, -1.000000000000000000 ) ) ;
#6597 = CARTESIAN_POINT ( 'NONE',  ( 2.175870217402535278, 3.629999999999999449, -0.007312642577163001693 ) ) ;
#6598 = CARTESIAN_POINT ( 'NONE',  ( -1.946182907525115580, 3.629999999999999893, -0.8209020963081442579 ) ) ;
#6599 = CARTESIAN_POINT ( 'NONE',  ( -0.2386285501897363881, 3.680000000000001048, -0.5978657301826300063 ) ) ;
#6600 = CARTESIAN_POINT ( 'NONE',  ( 1.294475216730041733, 3.629999999999999893, -0.1124534229775779742 ) ) ;
#6601 = ORIENTED_EDGE ( 'NONE', *, *, #238, .F. ) ;
#6602 = CARTESIAN_POINT ( 'NONE',  ( 0.1410427192365931726, 3.630000000000000782, -0.1831965823983132402 ) ) ;
#6603 = LINE ( 'NONE', #6173, #6580 ) ;
#6604 = CARTESIAN_POINT ( 'NONE',  ( -0.8491656107875314996, 3.629999999999999449, 0.5194846612542903808 ) ) ;
#6605 = CARTESIAN_POINT ( 'NONE',  ( -1.709278340951161601, 3.680000000000001492, 0.1391731105018843007 ) ) ;
#6606 = PRESENTATION_STYLE_ASSIGNMENT (( #5689 ) ) ;
#6607 = CARTESIAN_POINT ( 'NONE',  ( -1.993512469426660605, 3.680000000000000604, -0.6756913524032903684 ) ) ;
#6608 = CARTESIAN_POINT ( 'NONE',  ( 0.7443912916392018131, 3.680000000000001936, -0.7327132144862826824 ) ) ;
#6609 = CARTESIAN_POINT ( 'NONE',  ( 0.006013678268503453578, 3.680000000000000160, -0.1124534229775779742 ) ) ;
#6610 = VERTEX_POINT ( 'NONE', #3369 ) ;
#6611 = CARTESIAN_POINT ( 'NONE',  ( -1.447006262094307383, 3.679999999999999716, 0.5792323469733505759 ) ) ;
#6612 = ORIENTED_EDGE ( 'NONE', *, *, #822, .F. ) ;
#6613 = CARTESIAN_POINT ( 'NONE',  ( 0.1563068060728300124, 3.680000000000001492, 0.1484287315833060228 ) ) ;
#6614 =( NAMED_UNIT ( * ) SI_UNIT ( $, .STERADIAN. ) SOLID_ANGLE_UNIT ( ) );
#6615 = CARTESIAN_POINT ( 'NONE',  ( 1.375011663533188377, 3.679999999999999272, 0.3857951688362199483 ) ) ;
#6616 = LINE ( 'NONE', #1392, #734 ) ;
#6617 = APPLICATION_PROTOCOL_DEFINITION ( 'draft international standard', 'automotive_design', 1998, #4821 ) ;
#6618 = CARTESIAN_POINT ( 'NONE',  ( -1.995488725577650557, 3.680000000000000160, -0.1986914037468087424 ) ) ;
#6619 = CARTESIAN_POINT ( 'NONE',  ( 0.4633193019861024387, 3.679999999999999716, 0.4615438759613894604 ) ) ;
#6620 = ORIENTED_EDGE ( 'NONE', *, *, #5665, .F. ) ;
#6621 = VERTEX_POINT ( 'NONE', #1929 ) ;
#6622 = CARTESIAN_POINT ( 'NONE',  ( -1.879412938462171834, 3.629999999999999449, 0.3503299566142772381 ) ) ;
#6623 = UNCERTAINTY_MEASURE_WITH_UNIT (LENGTH_MEASURE( 1.000000000000000082E-05 ), #230, 'distance_accuracy_value', 'NONE');
#6624 = CARTESIAN_POINT ( 'NONE',  ( 2.276109717702806012, 3.679999999999996607, 0.2458128376699938444 ) ) ;
#6625 = EDGE_CURVE ( 'NONE', #3763, #6107, #1863, .T. ) ;
#6626 = CARTESIAN_POINT ( 'NONE',  ( 1.702201282828607498, 3.680000000000001048, 0.5060575432019169817 ) ) ;
#6627 = PLANE ( 'NONE',  #1567 ) ;
#6628 = FACE_OUTER_BOUND ( 'NONE', #3927, .T. ) ;
#6629 = CARTESIAN_POINT ( 'NONE',  ( -1.013217090962265976, 3.679999999999999716, -0.1124534229775779742 ) ) ;
#6630 = CARTESIAN_POINT ( 'NONE',  ( -1.206037183589450557, 3.629999999999999893, 0.5394235260415090050 ) ) ;
#6631 = PRESENTATION_STYLE_ASSIGNMENT (( #1015 ) ) ;
#6632 = CARTESIAN_POINT ( 'NONE',  ( -1.938819894942310329, 3.680000000000001492, -0.4258467256898012532 ) ) ;
#6633 = CARTESIAN_POINT ( 'NONE',  ( 2.165541273467992411, 3.679999999999998828, 0.09106425096286435705 ) ) ;
#6634 = CARTESIAN_POINT ( 'NONE',  ( -0.3628067276316220835, 3.679999999999999272, -0.7112136031175656514 ) ) ;
#6635 = CARTESIAN_POINT ( 'NONE',  ( -1.225973625934000388, 3.679999999999999716, 0.6006474963756576191 ) ) ;
ENDSEC;
END-ISO-10303-21;
