ISO-10303-21;
HEADER;
FILE_DESCRIPTION (( 'STEP AP214' ),
    '1' );
FILE_NAME ('XH2.54 4P.STEP',
    '2024-02-17T19:28:03',
    ( '' ),
    ( '' ),
    'SwSTEP 2.0',
    'SolidWorks 2021',
    '' );
FILE_SCHEMA (( 'AUTOMOTIVE_DESIGN' ));
ENDSEC;

DATA;
#1 = CARTESIAN_POINT ( 'NONE',  ( 5.741930000000004419, 2.750000000000002220, 0.8500000000000005329 ) ) ;
#2 = FILL_AREA_STYLE ('',( #4622 ) ) ;
#3 = ORIENTED_EDGE ( 'NONE', *, *, #1937, .F. ) ;
#4 =( NAMED_UNIT ( * ) PLANE_ANGLE_UNIT ( ) SI_UNIT ( $, .RADIAN. ) );
#6 = CARTESIAN_POINT ( 'NONE',  ( 0.000000000000000000, 0.000000000000000000, 0.8500000000000005329 ) ) ;
#5 = CARTESIAN_POINT ( 'NONE',  ( 4.257270000000006327, 3.250000000000002220, 6.009999999999997122 ) ) ;
#7 = CARTESIAN_POINT ( 'NONE',  ( 8.843715570000004078, -3.964604623047941333E-15, 5.500000000000000000 ) ) ;
#8 = SURFACE_STYLE_USAGE ( .BOTH. , #3302 ) ;
#9 = FILL_AREA_STYLE_COLOUR ( '', #235 ) ;
#10 = CARTESIAN_POINT ( 'NONE',  ( 10.00000000000000000, 3.450000000000001510, 0.000000000000000000 ) ) ;
#11 = CARTESIAN_POINT ( 'NONE',  ( 8.843715570000004078, 4.150000000000001243, 6.000000000000000000 ) ) ;
#12 =( LENGTH_UNIT ( ) NAMED_UNIT ( * ) SI_UNIT ( .MILLI., .METRE. ) );
#13 = ORIENTED_EDGE ( 'NONE', *, *, #4230, .F. ) ;
#14 = PRESENTATION_STYLE_ASSIGNMENT (( #2848 ) ) ;
#15 = STYLED_ITEM ( 'NONE', ( #1282 ), #4404 ) ;
#16 = ORIENTED_EDGE ( 'NONE', *, *, #2107, .F. ) ;
#17 = CARTESIAN_POINT ( 'NONE',  ( 0.000000000000000000, 4.150000000000001243, 0.000000000000000000 ) ) ;
#18 = AXIS2_PLACEMENT_3D ( 'NONE', #1753, #3157, #577 ) ;
#19 = FILL_AREA_STYLE_COLOUR ( '', #242 ) ;
#20 = VECTOR ( 'NONE', #3150, 1000.000000000000000 ) ;
#21 = ORIENTED_EDGE ( 'NONE', *, *, #2322, .T. ) ;
#22 = LINE ( 'NONE', #1894, #2017 ) ;
#23 = CARTESIAN_POINT ( 'NONE',  ( 6.241930000000005307, 2.750000000000002220, 6.750000000000000888 ) ) ;
#24 = FILL_AREA_STYLE ('',( #4020 ) ) ;
#25 = CARTESIAN_POINT ( 'NONE',  ( 10.00000000000000000, 2.450000000000001066, 2.694222958124176513E-16 ) ) ;
#26 = PRESENTATION_LAYER_ASSIGNMENT (  '', '', ( #3734 ) ) ;
#27 = PRESENTATION_LAYER_ASSIGNMENT (  '', '', ( #874 ) ) ;
#28 = CARTESIAN_POINT ( 'NONE',  ( 0.000000000000000000, 0.000000000000000000, 5.500000000000000000 ) ) ;
#29 = DIRECTION ( 'NONE',  ( 0.000000000000000000, -1.000000000000000000, 0.000000000000000000 ) ) ;
#30 = DIRECTION ( 'NONE',  ( -0.000000000000000000, -0.000000000000000000, 1.000000000000000000 ) ) ;
#31 = EDGE_CURVE ( 'NONE', #1055, #2032, #2217, .T. ) ;
#32 = FACE_OUTER_BOUND ( 'NONE', #2738, .T. ) ;
#33 = VERTEX_POINT ( 'NONE', #407 ) ;
#34 = AXIS2_PLACEMENT_3D ( 'NONE', #3565, #4654, #1432 ) ;
#35 =( NAMED_UNIT ( * ) SI_UNIT ( $, .STERADIAN. ) SOLID_ANGLE_UNIT ( ) );
#36 = VERTEX_POINT ( 'NONE', #682 ) ;
#37 = SURFACE_STYLE_FILL_AREA ( #4417 ) ;
#38 = CARTESIAN_POINT ( 'NONE',  ( 1.772600000000004838, 0.000000000000000000, 5.500000000000000000 ) ) ;
#39 = EDGE_CURVE ( 'NONE', #351, #662, #2234, .T. ) ;
#40 = FILL_AREA_STYLE_COLOUR ( '', #246 ) ;
#41 = EDGE_CURVE ( 'NONE', #745, #1113, #2174, .T. ) ;
#42 = ORIENTED_EDGE ( 'NONE', *, *, #617, .T. ) ;
#43 = CARTESIAN_POINT ( 'NONE',  ( 0.000000000000000000, 4.650000000000001243, 6.000000000000000000 ) ) ;
#45 = FILL_AREA_STYLE_COLOUR ( '', #1482 ) ;
#44 = PRESENTATION_STYLE_ASSIGNMENT (( #1848 ) ) ;
#46 = DIRECTION ( 'NONE',  ( -0.000000000000000000, -0.000000000000000000, 1.000000000000000000 ) ) ;
#47 = VECTOR ( 'NONE', #1777, 1000.000000000000000 ) ;
#48 = EDGE_CURVE ( 'NONE', #4375, #2453, #1873, .T. ) ;
#49 = LINE ( 'NONE', #1579, #1395 ) ;
#50 = ADVANCED_FACE ( 'NONE', ( #729 ), #4021, .F. ) ;
#51 = CARTESIAN_POINT ( 'NONE',  ( 0.5000000000000004441, 4.150000000000001243, 0.000000000000000000 ) ) ;
#52 = CARTESIAN_POINT ( 'NONE',  ( 0.000000000000000000, 4.650000000000001243, 4.599999999999999645 ) ) ;
#53 = UNCERTAINTY_MEASURE_WITH_UNIT (LENGTH_MEASURE( 1.000000000000000082E-05 ), #2733, 'distance_accuracy_value', 'NONE');
#54 = CARTESIAN_POINT ( 'NONE',  ( 4.874800000000004907, 0.000000000000000000, 5.500000000000000000 ) ) ;
#55 = LINE ( 'NONE', #4354, #2729 ) ;
#56 = FILL_AREA_STYLE ('',( #1505 ) ) ;
#57 = EDGE_LOOP ( 'NONE', ( #2364, #2126, #2564, #3816 ) ) ;
#58 = DIRECTION ( 'NONE',  ( 1.000000000000000000, 0.000000000000000000, 0.000000000000000000 ) ) ;
#59 = AXIS2_PLACEMENT_3D ( 'NONE', #4135, #904, #1744 ) ;
#60 = EDGE_CURVE ( 'NONE', #3711, #1644, #2537, .T. ) ;
#61 = ADVANCED_FACE ( 'NONE', ( #2195 ), #3615, .T. ) ;
#62 = SURFACE_STYLE_USAGE ( .BOTH. , #2571 ) ;
#63 = ORIENTED_EDGE ( 'NONE', *, *, #1059, .T. ) ;
#64 = DIRECTION ( 'NONE',  ( 0.000000000000000000, 0.000000000000000000, 1.000000000000000000 ) ) ;
#65 = DIRECTION ( 'NONE',  ( -0.000000000000000000, 1.000000000000000000, -0.000000000000000000 ) ) ;
#66 = PLANE ( 'NONE',  #212 ) ;
#67 = FILL_AREA_STYLE ('',( #1515 ) ) ;
#68 = AXIS2_PLACEMENT_3D ( 'NONE', #2920, #1757, #674 ) ;
#69 = SURFACE_STYLE_FILL_AREA ( #4406 ) ;
#70 = DIRECTION ( 'NONE',  ( 0.000000000000000000, 0.000000000000000000, -1.000000000000000000 ) ) ;
#72 = DIRECTION ( 'NONE',  ( 1.000000000000000000, 0.000000000000000000, 2.168404344971003346E-15 ) ) ;
#71 = SURFACE_STYLE_USAGE ( .BOTH. , #1538 ) ;
#73 = VECTOR ( 'NONE', #2504, 1000.000000000000000 ) ;
#74 = LINE ( 'NONE', #4044, #3863 ) ;
#75 = SURFACE_STYLE_FILL_AREA ( #3372 ) ;
#76 = APPLICATION_CONTEXT ( 'automotive_design' ) ;
#77 = FILL_AREA_STYLE_COLOUR ( '', #940 ) ;
#78 = PLANE ( 'NONE',  #3548 ) ;
#79 = FACE_OUTER_BOUND ( 'NONE', #3912, .T. ) ;
#80 = ORIENTED_EDGE ( 'NONE', *, *, #1418, .T. ) ;
#81 = FILL_AREA_STYLE ('',( #2294 ) ) ;
#82 = VECTOR ( 'NONE', #3954, 1000.000000000000000 ) ;
#83 = EDGE_CURVE ( 'NONE', #4172, #351, #2258, .T. ) ;
#84 = PRESENTATION_LAYER_ASSIGNMENT (  '', '', ( #635 ) ) ;
#85 = ORIENTED_EDGE ( 'NONE', *, *, #2502, .F. ) ;
#86 = FILL_AREA_STYLE ('',( #4420 ) ) ;
#87 = CARTESIAN_POINT ( 'NONE',  ( 4.874800000000004907, 0.000000000000000000, 6.000000000000000000 ) ) ;
#88 =( NAMED_UNIT ( * ) PLANE_ANGLE_UNIT ( ) SI_UNIT ( $, .RADIAN. ) );
#89 = MECHANICAL_DESIGN_GEOMETRIC_PRESENTATION_REPRESENTATION (  '', ( #1249 ), #2907 ) ;
#90 = FILL_AREA_STYLE_COLOUR ( '', #4520 ) ;
#91 = SURFACE_STYLE_FILL_AREA ( #67 ) ;
#92 = VECTOR ( 'NONE', #2746, 1000.000000000000000 ) ;
#93 = ADVANCED_FACE ( 'NONE', ( #3391 ), #4103, .T. ) ;
#94 = PRESENTATION_STYLE_ASSIGNMENT (( #3014 ) ) ;
#95 = AXIS2_PLACEMENT_3D ( 'NONE', #1492, #1121, #2925 ) ;
#96 =( NAMED_UNIT ( * ) PLANE_ANGLE_UNIT ( ) SI_UNIT ( $, .RADIAN. ) );
#97 = FACE_OUTER_BOUND ( 'NONE', #1726, .T. ) ;
#98 = PRESENTATION_LAYER_ASSIGNMENT (  '', '', ( #398 ) ) ;
#99 = VECTOR ( 'NONE', #1225, 1000.000000000000000 ) ;
#100 = SURFACE_STYLE_USAGE ( .BOTH. , #3663 ) ;
#101 = SURFACE_STYLE_USAGE ( .BOTH. , #1989 ) ;
#102 = VECTOR ( 'NONE', #780, 1000.000000000000000 ) ;
#103 =( NAMED_UNIT ( * ) PLANE_ANGLE_UNIT ( ) SI_UNIT ( $, .RADIAN. ) );
#104 = EDGE_CURVE ( 'NONE', #3764, #4398, #1229, .T. ) ;
#105 = MECHANICAL_DESIGN_GEOMETRIC_PRESENTATION_REPRESENTATION (  '', ( #578 ), #1801 ) ;
#106 = ADVANCED_FACE ( 'NONE', ( #1206 ), #1995, .F. ) ;
#107 = EDGE_LOOP ( 'NONE', ( #3917, #955, #3316, #2224, #3868, #3038, #2296, #3420, #4563, #4515, #1605, #4551 ) ) ;
#108 = CARTESIAN_POINT ( 'NONE',  ( 3.000000000000000888, 4.650000000000001243, 4.000000000000000888 ) ) ;
#109 = VECTOR ( 'NONE', #1787, 1000.000000000000000 ) ;
#110 =( LENGTH_UNIT ( ) NAMED_UNIT ( * ) SI_UNIT ( .MILLI., .METRE. ) );
#111 = ORIENTED_EDGE ( 'NONE', *, *, #3831, .F. ) ;
#112 = CARTESIAN_POINT ( 'NONE',  ( 8.500000000000000000, 4.150000000000001243, 3.700000000000006839 ) ) ;
#113 = AXIS2_PLACEMENT_3D ( 'NONE', #4488, #1349, #3108 ) ;
#114 = DIRECTION ( 'NONE',  ( -0.000000000000000000, 1.000000000000000000, -0.000000000000000000 ) ) ;
#115 =( NAMED_UNIT ( * ) SI_UNIT ( $, .STERADIAN. ) SOLID_ANGLE_UNIT ( ) );
#116 = STYLED_ITEM ( 'NONE', ( #1561 ), #3981 ) ;
#117 = CARTESIAN_POINT ( 'NONE',  ( 1.772600000000004838, 2.750000000000002220, 6.000000000000000000 ) ) ;
#119 = PRESENTATION_STYLE_ASSIGNMENT (( #3750 ) ) ;
#118 = CARTESIAN_POINT ( 'NONE',  ( 10.00000000000000000, 2.450000000000001066, 2.000000000000000888 ) ) ;
#120 = VERTEX_POINT ( 'NONE', #3063 ) ;
#121 =( NAMED_UNIT ( * ) SI_UNIT ( $, .STERADIAN. ) SOLID_ANGLE_UNIT ( ) );
#122 = PRESENTATION_STYLE_ASSIGNMENT (( #2695 ) ) ;
#123 = ORIENTED_EDGE ( 'NONE', *, *, #3756, .F. ) ;
#124 = PRESENTATION_LAYER_ASSIGNMENT (  '', '', ( #2563 ) ) ;
#125 = ADVANCED_FACE ( 'NONE', ( #980 ), #926, .F. ) ;
#126 = EDGE_CURVE ( 'NONE', #623, #3508, #2092, .T. ) ;
#127 = ORIENTED_EDGE ( 'NONE', *, *, #4032, .F. ) ;
#128 = LINE ( 'NONE', #1595, #3790 ) ;
#129 = MECHANICAL_DESIGN_GEOMETRIC_PRESENTATION_REPRESENTATION (  '', ( #1373 ), #3935 ) ;
#130 = ORIENTED_EDGE ( 'NONE', *, *, #3701, .T. ) ;
#131 =( LENGTH_UNIT ( ) NAMED_UNIT ( * ) SI_UNIT ( .MILLI., .METRE. ) );
#132 = FACE_OUTER_BOUND ( 'NONE', #1798, .T. ) ;
#133 = FILL_AREA_STYLE_COLOUR ( '', #2968 ) ;
#134 = UNCERTAINTY_MEASURE_WITH_UNIT (LENGTH_MEASURE( 1.000000000000000082E-05 ), #1361, 'distance_accuracy_value', 'NONE');
#135 = CARTESIAN_POINT ( 'NONE',  ( 1.772600000000004838, 2.750000000000002220, 5.500000000000000000 ) ) ;
#136 =( LENGTH_UNIT ( ) NAMED_UNIT ( * ) SI_UNIT ( .MILLI., .METRE. ) );
#137 = VECTOR ( 'NONE', #4673, 1000.000000000000000 ) ;
#138 = ORIENTED_EDGE ( 'NONE', *, *, #2750, .F. ) ;
#139 = LINE ( 'NONE', #870, #4410 ) ;
#140 =( LENGTH_UNIT ( ) NAMED_UNIT ( * ) SI_UNIT ( .MILLI., .METRE. ) );
#141 = VERTEX_POINT ( 'NONE', #4595 ) ;
#142 = DIRECTION ( 'NONE',  ( -0.000000000000000000, -1.000000000000000000, -0.000000000000000000 ) ) ;
#143 = PLANE ( 'NONE',  #522 ) ;
#144 = PRESENTATION_LAYER_ASSIGNMENT (  '', '', ( #4387 ) ) ;
#145 =( LENGTH_UNIT ( ) NAMED_UNIT ( * ) SI_UNIT ( .MILLI., .METRE. ) );
#146 = DIRECTION ( 'NONE',  ( -1.084202172485504434E-16, 0.000000000000000000, -1.000000000000000000 ) ) ;
#147 = ORIENTED_EDGE ( 'NONE', *, *, #2244, .T. ) ;
#148 = FILL_AREA_STYLE ('',( #2361 ) ) ;
#149 = VERTEX_POINT ( 'NONE', #3850 ) ;
#150 = FILL_AREA_STYLE_COLOUR ( '', #734 ) ;
#151 = ORIENTED_EDGE ( 'NONE', *, *, #3490, .T. ) ;
#152 = CARTESIAN_POINT ( 'NONE',  ( 6.241930000000005307, 3.250000000000001332, 0.8500000000000005329 ) ) ;
#153 = AXIS2_PLACEMENT_3D ( 'NONE', #3367, #3303, #2236 ) ;
#154 = ORIENTED_EDGE ( 'NONE', *, *, #1139, .F. ) ;
#155 = CARTESIAN_POINT ( 'NONE',  ( 10.00000000000000000, 2.450000000000001066, 2.694222958124176513E-16 ) ) ;
#156 = UNCERTAINTY_MEASURE_WITH_UNIT (LENGTH_MEASURE( 1.000000000000000082E-05 ), #110, 'distance_accuracy_value', 'NONE');
#157 = DIRECTION ( 'NONE',  ( 0.000000000000000000, -1.000000000000000000, 0.000000000000000000 ) ) ;
#158 = PRESENTATION_STYLE_ASSIGNMENT (( #2068 ) ) ;
#159 =( NAMED_UNIT ( * ) SI_UNIT ( $, .STERADIAN. ) SOLID_ANGLE_UNIT ( ) );
#160 = ORIENTED_EDGE ( 'NONE', *, *, #2160, .F. ) ;
#161 = CARTESIAN_POINT ( 'NONE',  ( 8.226600000000006574, 2.750000000000001776, 0.8500000000000005329 ) ) ;
#162 = ORIENTED_EDGE ( 'NONE', *, *, #2249, .F. ) ;
#163 = VERTEX_POINT ( 'NONE', #1372 ) ;
#164 = COLOUR_RGB ( '',1.000000000000000000, 0.8941176470588234615, 0.1058823529411764691 ) ;
#165 = COLOUR_RGB ( '',1.000000000000000000, 1.000000000000000000, 1.000000000000000000 ) ;
#166 = VECTOR ( 'NONE', #3347, 1000.000000000000000 ) ;
#167 = EDGE_CURVE ( 'NONE', #2453, #1652, #2742, .T. ) ;
#168 = DIRECTION ( 'NONE',  ( -0.000000000000000000, 1.000000000000000000, -0.000000000000000000 ) ) ;
#169 = CARTESIAN_POINT ( 'NONE',  ( 10.00000000000000000, 4.650000000000001243, 6.000000000000000000 ) ) ;
#170 = CARTESIAN_POINT ( 'NONE',  ( 6.241930000000005307, 3.250000000000001332, 4.250000000000000000 ) ) ;
#171 = ORIENTED_EDGE ( 'NONE', *, *, #2830, .T. ) ;
#172 = SURFACE_SIDE_STYLE ('',( #3429 ) ) ;
#173 = EDGE_LOOP ( 'NONE', ( #2745, #1760, #468, #589 ) ) ;
#174 = SURFACE_STYLE_FILL_AREA ( #1296 ) ;
#175 = ORIENTED_EDGE ( 'NONE', *, *, #1462, .F. ) ;
#176 = ORIENTED_EDGE ( 'NONE', *, *, #733, .F. ) ;
#177 = DIRECTION ( 'NONE',  ( -0.000000000000000000, -0.000000000000000000, 1.000000000000000000 ) ) ;
#178 = UNCERTAINTY_MEASURE_WITH_UNIT (LENGTH_MEASURE( 1.000000000000000082E-05 ), #2858, 'distance_accuracy_value', 'NONE');
#179 = DIRECTION ( 'NONE',  ( -1.000000000000000000, 0.000000000000000000, -0.000000000000000000 ) ) ;
#180 = CARTESIAN_POINT ( 'NONE',  ( 4.257270000000004551, -3.249999999999998224, 6.000000000000000000 ) ) ;
#181 = STYLED_ITEM ( 'NONE', ( #3967 ), #3738 ) ;
#182 = EDGE_LOOP ( 'NONE', ( #2385, #1506, #1985, #219 ) ) ;
#183 =( GEOMETRIC_REPRESENTATION_CONTEXT ( 3 ) GLOBAL_UNCERTAINTY_ASSIGNED_CONTEXT ( ( #178 ) ) GLOBAL_UNIT_ASSIGNED_CONTEXT ( ( #2858, #4671, #2096 ) ) REPRESENTATION_CONTEXT ( 'NONE', 'WORKASPACE' ) );
#185 = DIRECTION ( 'NONE',  ( 0.000000000000000000, -1.000000000000000000, 0.000000000000000000 ) ) ;
#184 = DIRECTION ( 'NONE',  ( 0.000000000000000000, -1.000000000000000000, -0.000000000000000000 ) ) ;
#186 = ORIENTED_EDGE ( 'NONE', *, *, #733, .T. ) ;
#187 = PRESENTATION_STYLE_ASSIGNMENT (( #4224 ) ) ;
#188 = PRESENTATION_STYLE_ASSIGNMENT (( #1718 ) ) ;
#189 = EDGE_LOOP ( 'NONE', ( #2435, #1679, #4147, #4118 ) ) ;
#190 = COLOUR_RGB ( '',1.000000000000000000, 1.000000000000000000, 1.000000000000000000 ) ;
#191 = EDGE_CURVE ( 'NONE', #1271, #4462, #2768, .T. ) ;
#192 = ADVANCED_FACE ( 'NONE', ( #1631 ), #1280, .F. ) ;
#193 = AXIS2_PLACEMENT_3D ( 'NONE', #1068, #2323, #2686 ) ;
#194 = SURFACE_STYLE_FILL_AREA ( #4532 ) ;
#195 = LINE ( 'NONE', #2781, #793 ) ;
#196 = LINE ( 'NONE', #943, #2947 ) ;
#197 = ORIENTED_EDGE ( 'NONE', *, *, #1177, .T. ) ;
#198 = STYLED_ITEM ( 'NONE', ( #2274 ), #3558 ) ;
#199 = ORIENTED_EDGE ( 'NONE', *, *, #126, .T. ) ;
#200 =( NAMED_UNIT ( * ) SI_UNIT ( $, .STERADIAN. ) SOLID_ANGLE_UNIT ( ) );
#201 = EDGE_LOOP ( 'NONE', ( #3080, #2759, #3491, #2109, #2070, #3608, #3243 ) ) ;
#202 = EDGE_CURVE ( 'NONE', #2113, #296, #211, .T. ) ;
#203 = EDGE_CURVE ( 'NONE', #3356, #4109, #653, .T. ) ;
#204 = ORIENTED_EDGE ( 'NONE', *, *, #2459, .F. ) ;
#205 = SURFACE_STYLE_USAGE ( .BOTH. , #2065 ) ;
#206 = EDGE_CURVE ( 'NONE', #163, #2751, #2570, .T. ) ;
#207 = FACE_BOUND ( 'NONE', #4120, .T. ) ;
#208 = PRESENTATION_LAYER_ASSIGNMENT (  '', '', ( #4439 ) ) ;
#209 = UNCERTAINTY_MEASURE_WITH_UNIT (LENGTH_MEASURE( 1.000000000000000082E-05 ), #3040, 'distance_accuracy_value', 'NONE');
#210 = PLANE ( 'NONE',  #1069 ) ;
#211 = LINE ( 'NONE', #2816, #4050 ) ;
#212 = AXIS2_PLACEMENT_3D ( 'NONE', #3488, #157, #3390 ) ;
#213 = LINE ( 'NONE', #2397, #388 ) ;
#214 = ORIENTED_EDGE ( 'NONE', *, *, #299, .T. ) ;
#215 = CARTESIAN_POINT ( 'NONE',  ( 3.757270000000005439, 2.760000000000002007, 6.010000000000000675 ) ) ;
#216 = VERTEX_POINT ( 'NONE', #720 ) ;
#217 = DIRECTION ( 'NONE',  ( 0.000000000000000000, -0.000000000000000000, -1.000000000000000000 ) ) ;
#218 = DIRECTION ( 'NONE',  ( -0.000000000000000000, 0.000000000000000000, -1.000000000000000000 ) ) ;
#219 = ORIENTED_EDGE ( 'NONE', *, *, #1080, .F. ) ;
#220 = FILL_AREA_STYLE_COLOUR ( '', #3212 ) ;
#221 = CARTESIAN_POINT ( 'NONE',  ( 5.741930000000004419, 2.750000000000002220, 4.250000000000000000 ) ) ;
#222 = MECHANICAL_DESIGN_GEOMETRIC_PRESENTATION_REPRESENTATION (  '', ( #2736 ), #3706 ) ;
#223 =( NAMED_UNIT ( * ) SI_UNIT ( $, .STERADIAN. ) SOLID_ANGLE_UNIT ( ) );
#224 = ORIENTED_EDGE ( 'NONE', *, *, #934, .T. ) ;
#225 = PRESENTATION_STYLE_ASSIGNMENT (( #545 ) ) ;
#226 = ORIENTED_EDGE ( 'NONE', *, *, #4392, .T. ) ;
#227 = DIRECTION ( 'NONE',  ( 0.000000000000000000, -1.000000000000000000, 4.336808689942016257E-16 ) ) ;
#228 = ADVANCED_FACE ( 'NONE', ( #4336 ), #4357, .F. ) ;
#229 = ORIENTED_EDGE ( 'NONE', *, *, #4405, .T. ) ;
#230 = SURFACE_SIDE_STYLE ('',( #1276 ) ) ;
#231 = FACE_OUTER_BOUND ( 'NONE', #3766, .T. ) ;
#232 = EDGE_CURVE ( 'NONE', #2376, #3760, #4646, .T. ) ;
#233 = FILL_AREA_STYLE_COLOUR ( '', #3694 ) ;
#234 = FILL_AREA_STYLE_COLOUR ( '', #1152 ) ;
#235 = COLOUR_RGB ( '',0.9607843137254902244, 0.9098039215686274384, 0.000000000000000000 ) ;
#236 = CARTESIAN_POINT ( 'NONE',  ( 0.000000000000000000, 2.450000000000001066, 2.694222958124176513E-16 ) ) ;
#237 = VERTEX_POINT ( 'NONE', #1 ) ;
#238 = CARTESIAN_POINT ( 'NONE',  ( 9.500000000000008882, 4.150000000000001243, 0.000000000000000000 ) ) ;
#239 = CARTESIAN_POINT ( 'NONE',  ( 4.257270000000004551, 3.250000000000001776, 4.250000000000000000 ) ) ;
#241 = CARTESIAN_POINT ( 'NONE',  ( 6.859265000000005053, -3.074982852451793896E-15, 6.000000000000000000 ) ) ;
#240 = DIRECTION ( 'NONE',  ( -0.000000000000000000, 0.000000000000000000, 1.000000000000000000 ) ) ;
#242 = COLOUR_RGB ( '',0.9607843137254902244, 0.9098039215686274384, 0.000000000000000000 ) ;
#243 = ORIENTED_EDGE ( 'NONE', *, *, #2087, .T. ) ;
#244 = CARTESIAN_POINT ( 'NONE',  ( 0.5000000000000004441, 4.150000000000001243, 4.250000000000000000 ) ) ;
#245 = ORIENTED_EDGE ( 'NONE', *, *, #2743, .T. ) ;
#246 = COLOUR_RGB ( '',0.7921568627450980005, 0.8196078431372548767, 0.9333333333333333481 ) ;
#247 = FACE_OUTER_BOUND ( 'NONE', #1347, .T. ) ;
#248 = SURFACE_STYLE_FILL_AREA ( #1750 ) ;
#249 = ORIENTED_EDGE ( 'NONE', *, *, #2250, .F. ) ;
#250 =( GEOMETRIC_REPRESENTATION_CONTEXT ( 3 ) GLOBAL_UNCERTAINTY_ASSIGNED_CONTEXT ( ( #4084 ) ) GLOBAL_UNIT_ASSIGNED_CONTEXT ( ( #3382, #519, #1958 ) ) REPRESENTATION_CONTEXT ( 'NONE', 'WORKASPACE' ) );
#251 = STYLED_ITEM ( 'NONE', ( #2054 ), #3132 ) ;
#252 =( NAMED_UNIT ( * ) SI_UNIT ( $, .STERADIAN. ) SOLID_ANGLE_UNIT ( ) );
#253 = VERTEX_POINT ( 'NONE', #2527 ) ;
#254 = SURFACE_STYLE_USAGE ( .BOTH. , #3819 ) ;
#255 = VECTOR ( 'NONE', #4298, 1000.000000000000000 ) ;
#256 = COLOUR_RGB ( '',1.000000000000000000, 1.000000000000000000, 1.000000000000000000 ) ;
#257 = EDGE_CURVE ( 'NONE', #3253, #4145, #4669, .T. ) ;
#258 = ORIENTED_EDGE ( 'NONE', *, *, #391, .T. ) ;
#259 = SURFACE_SIDE_STYLE ('',( #1661 ) ) ;
#260 = ORIENTED_EDGE ( 'NONE', *, *, #3047, .T. ) ;
#261 = CARTESIAN_POINT ( 'NONE',  ( 7.109265000000005053, 4.150000000000001243, 5.500000000000000000 ) ) ;
#262 = DIRECTION ( 'NONE',  ( 0.000000000000000000, 0.000000000000000000, -1.000000000000000000 ) ) ;
#264 = CARTESIAN_POINT ( 'NONE',  ( 2.272600000000004616, 2.750000000000002220, 6.750000000000000888 ) ) ;
#263 = SURFACE_STYLE_USAGE ( .BOTH. , #4222 ) ;
#265 = VECTOR ( 'NONE', #3928, 1000.000000000000000 ) ;
#266 = CARTESIAN_POINT ( 'NONE',  ( 8.272600000000004172, 2.760000000000002007, 6.010000000000000675 ) ) ;
#267 = PRESENTATION_STYLE_ASSIGNMENT (( #4204 ) ) ;
#268 = VERTEX_POINT ( 'NONE', #4621 ) ;
#269 = EDGE_CURVE ( 'NONE', #3691, #840, #3250, .T. ) ;
#270 = FACE_BOUND ( 'NONE', #3124, .T. ) ;
#271 = CARTESIAN_POINT ( 'NONE',  ( 8.843715570000004078, 4.150000000000001243, 5.500000000000000000 ) ) ;
#272 = ADVANCED_FACE ( 'NONE', ( #4014 ), #1044, .F. ) ;
#273 =( NAMED_UNIT ( * ) PLANE_ANGLE_UNIT ( ) SI_UNIT ( $, .RADIAN. ) );
#274 = PRESENTATION_LAYER_ASSIGNMENT (  '', '', ( #3083 ) ) ;
#275 = ORIENTED_EDGE ( 'NONE', *, *, #998, .T. ) ;
#276 = FILL_AREA_STYLE ('',( #3546 ) ) ;
#277 = MECHANICAL_DESIGN_GEOMETRIC_PRESENTATION_REPRESENTATION (  '', ( #198 ), #2934 ) ;
#278 = EDGE_LOOP ( 'NONE', ( #288, #1729, #4504, #2850, #4353, #3459, #21, #4099, #3747, #2039, #2316, #4539, #2134, #1745, #2161, #3886, #631, #970, #4226, #1656 ) ) ;
#279 =( LENGTH_UNIT ( ) NAMED_UNIT ( * ) SI_UNIT ( .MILLI., .METRE. ) );
#280 = UNCERTAINTY_MEASURE_WITH_UNIT (LENGTH_MEASURE( 1.000000000000000082E-05 ), #1422, 'distance_accuracy_value', 'NONE');
#281 = SURFACE_STYLE_USAGE ( .BOTH. , #2485 ) ;
#282 = VERTEX_POINT ( 'NONE', #328 ) ;
#283 = CARTESIAN_POINT ( 'NONE',  ( 10.00000000000000888, -4.482962609626241747E-15, 0.000000000000000000 ) ) ;
#285 = CARTESIAN_POINT ( 'NONE',  ( 0.5000000000000004441, 2.450000000000001066, 4.250000000000000000 ) ) ;
#284 = DIRECTION ( 'NONE',  ( 1.000000000000000000, -0.000000000000000000, -0.000000000000000000 ) ) ;
#286 = CARTESIAN_POINT ( 'NONE',  ( 1.772600000000004838, 2.750000000000002220, 6.000000000000000000 ) ) ;
#287 = CARTESIAN_POINT ( 'NONE',  ( 1.500000000000000222, 4.150000000000001243, 3.700000000000000178 ) ) ;
#288 = ORIENTED_EDGE ( 'NONE', *, *, #963, .T. ) ;
#289 = COLOUR_RGB ( '',1.000000000000000000, 1.000000000000000000, 1.000000000000000000 ) ;
#290 = ORIENTED_EDGE ( 'NONE', *, *, #1756, .F. ) ;
#291 =( NAMED_UNIT ( * ) SI_UNIT ( $, .STERADIAN. ) SOLID_ANGLE_UNIT ( ) );
#292 =( NAMED_UNIT ( * ) SI_UNIT ( $, .STERADIAN. ) SOLID_ANGLE_UNIT ( ) );
#293 = DIRECTION ( 'NONE',  ( 0.000000000000000000, 0.000000000000000000, 1.000000000000000000 ) ) ;
#294 = PRESENTATION_LAYER_ASSIGNMENT (  '', '', ( #4309 ) ) ;
#295 = FILL_AREA_STYLE ('',( #2476 ) ) ;
#296 = VERTEX_POINT ( 'NONE', #4076 ) ;
#297 = SURFACE_STYLE_USAGE ( .BOTH. , #2454 ) ;
#298 = VECTOR ( 'NONE', #1160, 1000.000000000000000 ) ;
#299 = EDGE_CURVE ( 'NONE', #2376, #694, #768, .T. ) ;
#300 = EDGE_LOOP ( 'NONE', ( #2136, #3960, #3852, #4236 ) ) ;
#301 = AXIS2_PLACEMENT_3D ( 'NONE', #3758, #3688, #2634 ) ;
#302 = SURFACE_STYLE_FILL_AREA ( #3870 ) ;
#303 = PRESENTATION_STYLE_ASSIGNMENT (( #1489 ) ) ;
#304 = ORIENTED_EDGE ( 'NONE', *, *, #907, .F. ) ;
#305 = LINE ( 'NONE', #4291, #4486 ) ;
#307 = SURFACE_STYLE_FILL_AREA ( #2148 ) ;
#306 = CARTESIAN_POINT ( 'NONE',  ( 0.000000000000000000, 3.450000000000001510, 2.000000000000000444 ) ) ;
#308 = DIRECTION ( 'NONE',  ( -0.000000000000000000, -0.000000000000000000, -1.000000000000000000 ) ) ;
#309 = DIRECTION ( 'NONE',  ( 1.000000000000000000, -0.000000000000000000, -0.000000000000000000 ) ) ;
#310 = EDGE_CURVE ( 'NONE', #3818, #621, #4319, .T. ) ;
#311 = PRESENTATION_LAYER_ASSIGNMENT (  '', '', ( #2603 ) ) ;
#312 = CARTESIAN_POINT ( 'NONE',  ( 4.257270000000004551, -3.249999999999998224, 6.500000000000000888 ) ) ;
#313 = SURFACE_STYLE_USAGE ( .BOTH. , #2105 ) ;
#314 = SURFACE_STYLE_USAGE ( .BOTH. , #2154 ) ;
#315 = VECTOR ( 'NONE', #3680, 1000.000000000000000 ) ;
#316 = PLANE ( 'NONE',  #2632 ) ;
#317 = VERTEX_POINT ( 'NONE', #1889 ) ;
#318 =( GEOMETRIC_REPRESENTATION_CONTEXT ( 3 ) GLOBAL_UNCERTAINTY_ASSIGNED_CONTEXT ( ( #3414 ) ) GLOBAL_UNIT_ASSIGNED_CONTEXT ( ( #2545, #1135, #1840 ) ) REPRESENTATION_CONTEXT ( 'NONE', 'WORKASPACE' ) );
#319 = PRESENTATION_STYLE_ASSIGNMENT (( #3598 ) ) ;
#320 = DIRECTION ( 'NONE',  ( 0.000000000000000000, 0.000000000000000000, 1.000000000000000000 ) ) ;
#321 = VECTOR ( 'NONE', #1512, 1000.000000000000000 ) ;
#322 = VECTOR ( 'NONE', #2513, 1000.000000000000000 ) ;
#323 = EDGE_LOOP ( 'NONE', ( #3097, #154, #138, #176 ) ) ;
#324 = DIRECTION ( 'NONE',  ( -0.000000000000000000, 1.000000000000000000, -0.000000000000000000 ) ) ;
#326 = CARTESIAN_POINT ( 'NONE',  ( 6.859265000000005053, 4.150000000000001243, 5.500000000000000000 ) ) ;
#325 = VECTOR ( 'NONE', #3015, 1000.000000000000000 ) ;
#327 = UNCERTAINTY_MEASURE_WITH_UNIT (LENGTH_MEASURE( 1.000000000000000082E-05 ), #4430, 'distance_accuracy_value', 'NONE');
#328 = CARTESIAN_POINT ( 'NONE',  ( 5.741930000000004419, 3.250000000000001332, 5.500000000000000000 ) ) ;
#329 = MECHANICAL_DESIGN_GEOMETRIC_PRESENTATION_REPRESENTATION (  '', ( #1557 ), #721 ) ;
#330 = ORIENTED_EDGE ( 'NONE', *, *, #2497, .T. ) ;
#331 = PRESENTATION_STYLE_ASSIGNMENT (( #1429 ) ) ;
#332 = DIRECTION ( 'NONE',  ( 0.000000000000000000, -0.000000000000000000, -1.000000000000000000 ) ) ;
#333 = UNCERTAINTY_MEASURE_WITH_UNIT (LENGTH_MEASURE( 1.000000000000000082E-05 ), #2325, 'distance_accuracy_value', 'NONE');
#334 = DIRECTION ( 'NONE',  ( 1.000000000000000000, -0.000000000000000000, 2.168404344971003346E-15 ) ) ;
#335 = CARTESIAN_POINT ( 'NONE',  ( 3.757270000000004995, 2.750000000000002220, 0.8500000000000005329 ) ) ;
#336 = PRESENTATION_LAYER_ASSIGNMENT (  '', '', ( #1192 ) ) ;
#337 = CARTESIAN_POINT ( 'NONE',  ( 10.00000000000000000, 4.650000000000001243, 4.599999999999999645 ) ) ;
#338 = FACE_OUTER_BOUND ( 'NONE', #1328, .T. ) ;
#339 = LINE ( 'NONE', #1456, #4409 ) ;
#340 = FILL_AREA_STYLE_COLOUR ( '', #4606 ) ;
#341 = STYLED_ITEM ( 'NONE', ( #1507 ), #3784 ) ;
#342 = SURFACE_STYLE_USAGE ( .BOTH. , #2108 ) ;
#343 = ORIENTED_EDGE ( 'NONE', *, *, #4384, .T. ) ;
#344 =( GEOMETRIC_REPRESENTATION_CONTEXT ( 3 ) GLOBAL_UNCERTAINTY_ASSIGNED_CONTEXT ( ( #2449 ) ) GLOBAL_UNIT_ASSIGNED_CONTEXT ( ( #4457, #2409, #200 ) ) REPRESENTATION_CONTEXT ( 'NONE', 'WORKASPACE' ) );
#345 = ORIENTED_EDGE ( 'NONE', *, *, #1444, .T. ) ;
#346 = EDGE_CURVE ( 'NONE', #317, #4172, #4053, .T. ) ;
#347 = LINE ( 'NONE', #3624, #3687 ) ;
#348 = MECHANICAL_DESIGN_GEOMETRIC_PRESENTATION_REPRESENTATION (  '', ( #2563 ), #1140 ) ;
#349 = CARTESIAN_POINT ( 'NONE',  ( 4.257270000000004551, 2.750000000000002220, 0.8500000000000005329 ) ) ;
#350 = CARTESIAN_POINT ( 'NONE',  ( 10.00000000000000000, 3.450000000000001510, 2.000000000000000444 ) ) ;
#351 = VERTEX_POINT ( 'NONE', #2618 ) ;
#352 = DIRECTION ( 'NONE',  ( -0.000000000000000000, -0.000000000000000000, 1.000000000000000000 ) ) ;
#354 =( NAMED_UNIT ( * ) PLANE_ANGLE_UNIT ( ) SI_UNIT ( $, .RADIAN. ) );
#353 = LINE ( 'NONE', #3926, #1748 ) ;
#355 = DIRECTION ( 'NONE',  ( 1.000000000000000000, 0.000000000000000000, 0.000000000000000000 ) ) ;
#356 = DIRECTION ( 'NONE',  ( -1.000000000000000000, -0.000000000000000000, -0.000000000000000000 ) ) ;
#357 = PLANE ( 'NONE',  #1853 ) ;
#358 = FILL_AREA_STYLE_COLOUR ( '', #3887 ) ;
#359 = CARTESIAN_POINT ( 'NONE',  ( 1.772600000000004838, -3.249999999999998224, 6.000000000000000000 ) ) ;
#360 = DIRECTION ( 'NONE',  ( 1.734723475976807094E-15, -0.000000000000000000, -1.000000000000000000 ) ) ;
#361 = AXIS2_PLACEMENT_3D ( 'NONE', #3013, #3323, #895 ) ;
#362 = VECTOR ( 'NONE', #1921, 1000.000000000000000 ) ;
#363 = COLOUR_RGB ( '',1.000000000000000000, 0.8941176470588234615, 0.1058823529411764691 ) ;
#364 = VERTEX_POINT ( 'NONE', #3358 ) ;
#365 = FILL_AREA_STYLE ('',( #3667 ) ) ;
#366 = SURFACE_STYLE_FILL_AREA ( #56 ) ;
#367 = VECTOR ( 'NONE', #3587, 1000.000000000000000 ) ;
#368 = ORIENTED_EDGE ( 'NONE', *, *, #1909, .T. ) ;
#369 = SURFACE_SIDE_STYLE ('',( #1799 ) ) ;
#370 = EDGE_CURVE ( 'NONE', #4462, #1224, #128, .T. ) ;
#371 = VECTOR ( 'NONE', #1993, 1000.000000000000000 ) ;
#372 = EDGE_CURVE ( 'NONE', #253, #2293, #2597, .T. ) ;
#373 = ORIENTED_EDGE ( 'NONE', *, *, #2641, .T. ) ;
#374 = CARTESIAN_POINT ( 'NONE',  ( 7.109265000000005053, 0.000000000000000000, 6.000000000000000000 ) ) ;
#375 =( NAMED_UNIT ( * ) SI_UNIT ( $, .STERADIAN. ) SOLID_ANGLE_UNIT ( ) );
#377 = DIRECTION ( 'NONE',  ( 1.865294060190114485E-16, -1.000000000000000000, 0.000000000000000000 ) ) ;
#376 = LINE ( 'NONE', #306, #2637 ) ;
#378 = UNCERTAINTY_MEASURE_WITH_UNIT (LENGTH_MEASURE( 1.000000000000000082E-05 ), #1789, 'distance_accuracy_value', 'NONE');
#379 = LINE ( 'NONE', #1763, #265 ) ;
#380 = SURFACE_SIDE_STYLE ('',( #2838 ) ) ;
#381 = DIRECTION ( 'NONE',  ( -1.000000000000000000, 0.000000000000000000, -0.000000000000000000 ) ) ;
#382 = DIRECTION ( 'NONE',  ( -0.000000000000000000, -0.000000000000000000, -1.000000000000000000 ) ) ;
#383 = CARTESIAN_POINT ( 'NONE',  ( 1.500000000000000000, 4.150000000000001243, 1.699999999999999956 ) ) ;
#384 = PRESENTATION_STYLE_ASSIGNMENT (( #314 ) ) ;
#385 = VECTOR ( 'NONE', #594, 1000.000000000000000 ) ;
#386 = ORIENTED_EDGE ( 'NONE', *, *, #4616, .T. ) ;
#387 = LINE ( 'NONE', #1056, #4638 ) ;
#388 = VECTOR ( 'NONE', #531, 1000.000000000000000 ) ;
#389 = ADVANCED_FACE ( 'NONE', ( #2942, #3030, #1915 ), #1960, .F. ) ;
#390 = SURFACE_STYLE_USAGE ( .BOTH. , #1460 ) ;
#391 = EDGE_CURVE ( 'NONE', #3356, #2428, #1547, .T. ) ;
#392 = ORIENTED_EDGE ( 'NONE', *, *, #552, .F. ) ;
#393 = PRESENTATION_STYLE_ASSIGNMENT (( #3647 ) ) ;
#394 = DIRECTION ( 'NONE',  ( -1.000000000000000000, -0.000000000000000000, -0.000000000000000000 ) ) ;
#395 = EDGE_CURVE ( 'NONE', #4682, #976, #1199, .T. ) ;
#396 = MECHANICAL_DESIGN_GEOMETRIC_PRESENTATION_REPRESENTATION (  '', ( #4478 ), #3731 ) ;
#397 = APPLICATION_PROTOCOL_DEFINITION ( 'draft international standard', 'automotive_design', 1998, #3175 ) ;
#398 = STYLED_ITEM ( 'NONE', ( #2198 ), #1896 ) ;
#399 = VECTOR ( 'NONE', #3786, 1000.000000000000000 ) ;
#400 = VERTEX_POINT ( 'NONE', #3713 ) ;
#401 = SURFACE_STYLE_FILL_AREA ( #2963 ) ;
#402 = CARTESIAN_POINT ( 'NONE',  ( 3.757270000000004995, 3.250000000000001776, 0.8500000000000005329 ) ) ;
#404 = DIRECTION ( 'NONE',  ( -1.000000000000000000, 0.000000000000000000, 0.000000000000000000 ) ) ;
#403 =( NAMED_UNIT ( * ) PLANE_ANGLE_UNIT ( ) SI_UNIT ( $, .RADIAN. ) );
#405 = SURFACE_SIDE_STYLE ('',( #1402 ) ) ;
#406 = DIRECTION ( 'NONE',  ( 1.000000000000000000, 0.000000000000000000, 0.000000000000000000 ) ) ;
#407 = CARTESIAN_POINT ( 'NONE',  ( 8.226600000000006574, 2.750000000000001776, 4.250000000000000000 ) ) ;
#408 = PRESENTATION_LAYER_ASSIGNMENT (  '', '', ( #4265 ) ) ;
#409 = PRESENTATION_LAYER_ASSIGNMENT (  '', '', ( #3513 ) ) ;
#410 = DIRECTION ( 'NONE',  ( 0.000000000000000000, 1.000000000000000000, -4.336808689942015764E-16 ) ) ;
#411 = CARTESIAN_POINT ( 'NONE',  ( 4.257270000000004551, 3.250000000000001776, 6.750000000000000888 ) ) ;
#412 =( NAMED_UNIT ( * ) SI_UNIT ( $, .STERADIAN. ) SOLID_ANGLE_UNIT ( ) );
#413 = EDGE_CURVE ( 'NONE', #3409, #3356, #860, .T. ) ;
#414 = EDGE_CURVE ( 'NONE', #2684, #1315, #534, .T. ) ;
#415 = EDGE_CURVE ( 'NONE', #933, #3736, #3293, .T. ) ;
#416 =( NAMED_UNIT ( * ) SI_UNIT ( $, .STERADIAN. ) SOLID_ANGLE_UNIT ( ) );
#417 = DIRECTION ( 'NONE',  ( 0.000000000000000000, 0.000000000000000000, 1.000000000000000000 ) ) ;
#418 = STYLED_ITEM ( 'NONE', ( #1381 ), #740 ) ;
#419 = SURFACE_SIDE_STYLE ('',( #1603 ) ) ;
#420 = PRESENTATION_LAYER_ASSIGNMENT (  '', '', ( #2630 ) ) ;
#421 = PRESENTATION_LAYER_ASSIGNMENT (  '', '', ( #4424 ) ) ;
#422 = EDGE_LOOP ( 'NONE', ( #1312, #2320, #3783, #1368 ) ) ;
#423 = DIRECTION ( 'NONE',  ( -0.000000000000000000, -1.000000000000000000, -0.000000000000000000 ) ) ;
#424 = CARTESIAN_POINT ( 'NONE',  ( 5.124814430000005139, 4.150000000000001243, 5.500000000000000000 ) ) ;
#425 = VERTEX_POINT ( 'NONE', #4374 ) ;
#426 = AXIS2_PLACEMENT_3D ( 'NONE', #1398, #184, #3654 ) ;
#427 =( LENGTH_UNIT ( ) NAMED_UNIT ( * ) SI_UNIT ( .MILLI., .METRE. ) );
#428 = CARTESIAN_POINT ( 'NONE',  ( 0.5000000000000004441, 0.5000000000000000000, 4.250000000000000000 ) ) ;
#429 = SURFACE_STYLE_FILL_AREA ( #1248 ) ;
#430 = UNCERTAINTY_MEASURE_WITH_UNIT (LENGTH_MEASURE( 1.000000000000000082E-05 ), #1680, 'distance_accuracy_value', 'NONE');
#431 = FACE_OUTER_BOUND ( 'NONE', #4579, .T. ) ;
#432 = PRESENTATION_LAYER_ASSIGNMENT (  '', '', ( #4070 ) ) ;
#433 = SURFACE_SIDE_STYLE ('',( #2350 ) ) ;
#434 = CARTESIAN_POINT ( 'NONE',  ( 9.500000000000003553, 4.150000000000001243, 3.700000000000009059 ) ) ;
#435 = FILL_AREA_STYLE_COLOUR ( '', #1298 ) ;
#436 = FILL_AREA_STYLE ('',( #4411 ) ) ;
#437 =( NAMED_UNIT ( * ) PLANE_ANGLE_UNIT ( ) SI_UNIT ( $, .RADIAN. ) );
#438 = DIRECTION ( 'NONE',  ( -0.000000000000000000, -0.000000000000000000, -1.000000000000000000 ) ) ;
#439 =( LENGTH_UNIT ( ) NAMED_UNIT ( * ) SI_UNIT ( .MILLI., .METRE. ) );
#440 = PRESENTATION_LAYER_ASSIGNMENT (  '', '', ( #3171 ) ) ;
#441 = MECHANICAL_DESIGN_GEOMETRIC_PRESENTATION_REPRESENTATION (  '', ( #3543 ), #4678 ) ;
#442 = PRESENTATION_LAYER_ASSIGNMENT (  '', '', ( #1075 ) ) ;
#443 = ORIENTED_EDGE ( 'NONE', *, *, #754, .T. ) ;
#444 = CARTESIAN_POINT ( 'NONE',  ( 3.000000000000000888, 4.150000000000001243, 0.000000000000000000 ) ) ;
#445 = VECTOR ( 'NONE', #2872, 1000.000000000000000 ) ;
#446 = ADVANCED_FACE ( 'NONE', ( #2961, #815, #4396, #3693, #2341 ), #520, .T. ) ;
#447 = PRESENTATION_STYLE_ASSIGNMENT (( #838 ) ) ;
#448 = DIRECTION ( 'NONE',  ( 0.000000000000000000, 0.000000000000000000, -1.000000000000000000 ) ) ;
#449 = ORIENTED_EDGE ( 'NONE', *, *, #2930, .F. ) ;
#450 = LINE ( 'NONE', #469, #99 ) ;
#451 = PRESENTATION_LAYER_ASSIGNMENT (  '', '', ( #928 ) ) ;
#452 = PLANE ( 'NONE',  #4461 ) ;
#453 = DIRECTION ( 'NONE',  ( 0.000000000000000000, -0.000000000000000000, -1.000000000000000000 ) ) ;
#454 = DIRECTION ( 'NONE',  ( -0.000000000000000000, -0.000000000000000000, 1.000000000000000000 ) ) ;
#456 = CARTESIAN_POINT ( 'NONE',  ( 4.874800000000004907, -2.185354612940600371E-15, 6.000000000000000000 ) ) ;
#455 = CARTESIAN_POINT ( 'NONE',  ( 9.500000000000008882, 0.5000000000000000000, 4.250000000000000000 ) ) ;
#457 = STYLED_ITEM ( 'NONE', ( #1362 ), #1675 ) ;
#458 = EDGE_CURVE ( 'NONE', #1200, #4199, #2001, .T. ) ;
#459 = SURFACE_SIDE_STYLE ('',( #3704 ) ) ;
#460 = CARTESIAN_POINT ( 'NONE',  ( 3.757270000000004995, 2.750000000000002220, 4.250000000000000000 ) ) ;
#461 = PRESENTATION_STYLE_ASSIGNMENT (( #101 ) ) ;
#462 = EDGE_CURVE ( 'NONE', #3541, #3053, #4136, .T. ) ;
#463 = SURFACE_STYLE_FILL_AREA ( #3708 ) ;
#464 = DIRECTION ( 'NONE',  ( 0.000000000000000000, -0.000000000000000000, 1.000000000000000000 ) ) ;
#465 = VERTEX_POINT ( 'NONE', #3373 ) ;
#466 = PRESENTATION_LAYER_ASSIGNMENT (  '', '', ( #4182 ) ) ;
#467 = SURFACE_STYLE_FILL_AREA ( #3383 ) ;
#468 = ORIENTED_EDGE ( 'NONE', *, *, #2731, .F. ) ;
#469 = CARTESIAN_POINT ( 'NONE',  ( 10.00000000000000888, -4.482962609626241747E-15, 6.000000000000000000 ) ) ;
#470 = CARTESIAN_POINT ( 'NONE',  ( 2.272600000000004616, 2.750000000000002220, 0.8500000000000005329 ) ) ;
#471 = ADVANCED_FACE ( 'NONE', ( #2284 ), #4431, .F. ) ;
#472 = FILL_AREA_STYLE ('',( #2345 ) ) ;
#473 = UNCERTAINTY_MEASURE_WITH_UNIT (LENGTH_MEASURE( 1.000000000000000082E-05 ), #664, 'distance_accuracy_value', 'NONE');
#474 = STYLED_ITEM ( 'NONE', ( #2679 ), #2287 ) ;
#475 = SURFACE_STYLE_FILL_AREA ( #3719 ) ;
#476 = SURFACE_STYLE_FILL_AREA ( #2967 ) ;
#477 = ADVANCED_FACE ( 'NONE', ( #2309 ), #2283, .F. ) ;
#478 = PLANE ( 'NONE',  #153 ) ;
#479 = PRESENTATION_LAYER_ASSIGNMENT (  '', '', ( #2766 ) ) ;
#480 =( GEOMETRIC_REPRESENTATION_CONTEXT ( 3 ) GLOBAL_UNCERTAINTY_ASSIGNED_CONTEXT ( ( #1495 ) ) GLOBAL_UNIT_ASSIGNED_CONTEXT ( ( #3586, #354, #2900 ) ) REPRESENTATION_CONTEXT ( 'NONE', 'WORKASPACE' ) );
#481 = FACE_OUTER_BOUND ( 'NONE', #182, .T. ) ;
#482 = DIRECTION ( 'NONE',  ( 0.000000000000000000, 0.000000000000000000, 1.000000000000000000 ) ) ;
#483 = ORIENTED_EDGE ( 'NONE', *, *, #2265, .F. ) ;
#484 = VECTOR ( 'NONE', #4340, 1000.000000000000000 ) ;
#485 = FILL_AREA_STYLE ('',( #4389 ) ) ;
#486 = CARTESIAN_POINT ( 'NONE',  ( 1.772600000000004838, 2.750000000000002220, 4.250000000000000000 ) ) ;
#487 = DIRECTION ( 'NONE',  ( -1.000000000000000000, 0.000000000000000000, 0.000000000000000000 ) ) ;
#488 = CARTESIAN_POINT ( 'NONE',  ( 1.155484430000005780, -5.179993495695310825E-16, 6.000000000000000000 ) ) ;
#489 = PRESENTATION_STYLE_ASSIGNMENT (( #1588 ) ) ;
#490 = DIRECTION ( 'NONE',  ( 1.000000000000000000, 0.000000000000000000, -0.000000000000000000 ) ) ;
#491 = VERTEX_POINT ( 'NONE', #1879 ) ;
#492 = SURFACE_STYLE_USAGE ( .BOTH. , #1197 ) ;
#493 = DIRECTION ( 'NONE',  ( 1.000000000000000000, 0.000000000000000000, 0.000000000000000000 ) ) ;
#494 = ORIENTED_EDGE ( 'NONE', *, *, #3408, .T. ) ;
#495 = CARTESIAN_POINT ( 'NONE',  ( 0.000000000000000000, 4.150000000000001243, 4.599999999999999645 ) ) ;
#496 = CARTESIAN_POINT ( 'NONE',  ( 10.00000000000000888, -4.482962609626241747E-15, 6.000000000000000000 ) ) ;
#497 = PRESENTATION_LAYER_ASSIGNMENT (  '', '', ( #814 ) ) ;
#498 = SURFACE_STYLE_FILL_AREA ( #472 ) ;
#499 = UNCERTAINTY_MEASURE_WITH_UNIT (LENGTH_MEASURE( 1.000000000000000082E-05 ), #2219, 'distance_accuracy_value', 'NONE');
#500 = COLOUR_RGB ( '',1.000000000000000000, 0.8941176470588234615, 0.1058823529411764691 ) ;
#501 = DIRECTION ( 'NONE',  ( 0.000000000000000000, 0.000000000000000000, -1.000000000000000000 ) ) ;
#502 = CARTESIAN_POINT ( 'NONE',  ( 7.726600000000005686, -3.249999999999998224, 6.000000000000000000 ) ) ;
#503 = ORIENTED_EDGE ( 'NONE', *, *, #1909, .F. ) ;
#504 = DIRECTION ( 'NONE',  ( -0.000000000000000000, -0.000000000000000000, -1.000000000000000000 ) ) ;
#506 = LINE ( 'NONE', #1949, #1795 ) ;
#505 = CARTESIAN_POINT ( 'NONE',  ( 5.741930000000004419, -3.249999999999998224, 6.500000000000000888 ) ) ;
#507 = ORIENTED_EDGE ( 'NONE', *, *, #2980, .T. ) ;
#508 = SURFACE_STYLE_USAGE ( .BOTH. , #1172 ) ;
#509 = PRESENTATION_STYLE_ASSIGNMENT (( #4067 ) ) ;
#510 = CARTESIAN_POINT ( 'NONE',  ( 10.00000000000000000, 4.650000000000001243, 0.000000000000000000 ) ) ;
#511 = VERTEX_POINT ( 'NONE', #460 ) ;
#512 = STYLED_ITEM ( 'NONE', ( #3471 ), #4090 ) ;
#513 = SURFACE_STYLE_FILL_AREA ( #3808 ) ;
#514 = ORIENTED_EDGE ( 'NONE', *, *, #1774, .F. ) ;
#515 = PLANE ( 'NONE',  #1434 ) ;
#516 = ORIENTED_EDGE ( 'NONE', *, *, #2111, .F. ) ;
#517 = PLANE ( 'NONE',  #2118 ) ;
#518 = VERTEX_POINT ( 'NONE', #3727 ) ;
#519 =( NAMED_UNIT ( * ) PLANE_ANGLE_UNIT ( ) SI_UNIT ( $, .RADIAN. ) );
#520 = PLANE ( 'NONE',  #1299 ) ;
#521 = CIRCLE ( 'NONE', #2725, 0.4899999999999999911 ) ;
#522 = AXIS2_PLACEMENT_3D ( 'NONE', #1173, #4476, #2589 ) ;
#523 = ORIENTED_EDGE ( 'NONE', *, *, #1761, .T. ) ;
#524 = CARTESIAN_POINT ( 'NONE',  ( 0.000000000000000000, 4.150000000000001243, 5.299999999999999822 ) ) ;
#525 = PLANE ( 'NONE',  #2448 ) ;
#526 = COLOUR_RGB ( '',1.000000000000000000, 1.000000000000000000, 1.000000000000000000 ) ;
#527 = SURFACE_STYLE_USAGE ( .BOTH. , #893 ) ;
#528 = UNCERTAINTY_MEASURE_WITH_UNIT (LENGTH_MEASURE( 1.000000000000000082E-05 ), #1846, 'distance_accuracy_value', 'NONE');
#529 = CARTESIAN_POINT ( 'NONE',  ( 7.109265000000005053, 4.150000000000001243, 6.000000000000000000 ) ) ;
#530 = ADVANCED_FACE ( 'NONE', ( #1974 ), #143, .F. ) ;
#531 = DIRECTION ( 'NONE',  ( -1.000000000000000000, 0.000000000000000000, -1.734723475976805517E-15 ) ) ;
#532 = AXIS2_PLACEMENT_3D ( 'NONE', #960, #3421, #217 ) ;
#533 = VERTEX_POINT ( 'NONE', #3684 ) ;
#534 = CIRCLE ( 'NONE', #3182, 0.4899999999999999911 ) ;
#535 = DIRECTION ( 'NONE',  ( -0.000000000000000000, 1.000000000000000000, -0.000000000000000000 ) ) ;
#536 = ORIENTED_EDGE ( 'NONE', *, *, #3359, .T. ) ;
#537 = SURFACE_STYLE_FILL_AREA ( #4528 ) ;
#538 = SURFACE_STYLE_FILL_AREA ( #3521 ) ;
#539 = AXIS2_PLACEMENT_3D ( 'NONE', #3025, #879, #1239 ) ;
#540 = LINE ( 'NONE', #4413, #3401 ) ;
#541 = EDGE_LOOP ( 'NONE', ( #2402, #663, #3800, #613, #4334, #1012, #1755, #3496, #1459, #1142, #1154, #3239 ) ) ;
#542 = CARTESIAN_POINT ( 'NONE',  ( 7.726600000000005686, -3.249999999999998224, 6.000000000000000000 ) ) ;
#543 = ORIENTED_EDGE ( 'NONE', *, *, #1059, .F. ) ;
#544 = EDGE_CURVE ( 'NONE', #1360, #4205, #4390, .T. ) ;
#545 = SURFACE_STYLE_USAGE ( .BOTH. , #2363 ) ;
#546 = EDGE_LOOP ( 'NONE', ( #3829, #4015, #1179, #597 ) ) ;
#547 = EDGE_CURVE ( 'NONE', #2064, #1987, #3329, .T. ) ;
#548 =( GEOMETRIC_REPRESENTATION_CONTEXT ( 3 ) GLOBAL_UNCERTAINTY_ASSIGNED_CONTEXT ( ( #1602 ) ) GLOBAL_UNIT_ASSIGNED_CONTEXT ( ( #2948, #88, #1556 ) ) REPRESENTATION_CONTEXT ( 'NONE', 'WORKASPACE' ) );
#549 = VERTEX_POINT ( 'NONE', #486 ) ;
#550 = FACE_OUTER_BOUND ( 'NONE', #3456, .T. ) ;
#551 =( NAMED_UNIT ( * ) PLANE_ANGLE_UNIT ( ) SI_UNIT ( $, .RADIAN. ) );
#552 = EDGE_CURVE ( 'NONE', #2863, #3098, #2609, .T. ) ;
#553 = ADVANCED_FACE ( 'NONE', ( #3752 ), #2997, .T. ) ;
#554 =( LENGTH_UNIT ( ) NAMED_UNIT ( * ) SI_UNIT ( .MILLI., .METRE. ) );
#555 = PRESENTATION_LAYER_ASSIGNMENT (  '', '', ( #2674 ) ) ;
#556 = DIRECTION ( 'NONE',  ( -2.602085213965210642E-15, 0.000000000000000000, 1.000000000000000000 ) ) ;
#557 = ORIENTED_EDGE ( 'NONE', *, *, #2982, .F. ) ;
#558 =( NAMED_UNIT ( * ) PLANE_ANGLE_UNIT ( ) SI_UNIT ( $, .RADIAN. ) );
#559 = COLOUR_RGB ( '',1.000000000000000000, 1.000000000000000000, 1.000000000000000000 ) ;
#561 = CARTESIAN_POINT ( 'NONE',  ( 8.843715570000004078, -3.964604623047941333E-15, 5.500000000000000000 ) ) ;
#560 = DIRECTION ( 'NONE',  ( -0.000000000000000000, 1.000000000000000000, -0.000000000000000000 ) ) ;
#562 = ORIENTED_EDGE ( 'NONE', *, *, #1832, .F. ) ;
#563 = SURFACE_SIDE_STYLE ('',( #2375 ) ) ;
#564 = SURFACE_STYLE_FILL_AREA ( #4529 ) ;
#565 = VERTEX_POINT ( 'NONE', #2354 ) ;
#566 = PRESENTATION_LAYER_ASSIGNMENT (  '', '', ( #4478 ) ) ;
#567 = PRESENTATION_LAYER_ASSIGNMENT (  '', '', ( #1722 ) ) ;
#568 = EDGE_CURVE ( 'NONE', #3764, #2700, #1669, .T. ) ;
#569 = VECTOR ( 'NONE', #656, 1000.000000000000000 ) ;
#570 = FILL_AREA_STYLE_COLOUR ( '', #2245 ) ;
#571 = VERTEX_POINT ( 'NONE', #3474 ) ;
#572 = VECTOR ( 'NONE', #4549, 1000.000000000000000 ) ;
#573 = EDGE_CURVE ( 'NONE', #2075, #3177, #1642, .T. ) ;
#574 = ADVANCED_FACE ( 'NONE', ( #3857 ), #615, .F. ) ;
#575 = ORIENTED_EDGE ( 'NONE', *, *, #1571, .T. ) ;
#576 = ORIENTED_EDGE ( 'NONE', *, *, #3218, .T. ) ;
#577 = DIRECTION ( 'NONE',  ( 0.000000000000000000, 0.000000000000000000, 1.000000000000000000 ) ) ;
#578 = STYLED_ITEM ( 'NONE', ( #303 ), #228 ) ;
#579 = ORIENTED_EDGE ( 'NONE', *, *, #2730, .T. ) ;
#580 = CARTESIAN_POINT ( 'NONE',  ( 7.726600000000005686, 3.250000000000001332, 0.8500000000000005329 ) ) ;
#581 = UNCERTAINTY_MEASURE_WITH_UNIT (LENGTH_MEASURE( 1.000000000000000082E-05 ), #2368, 'distance_accuracy_value', 'NONE');
#582 = LINE ( 'NONE', #2043, #4228 ) ;
#583 = DIRECTION ( 'NONE',  ( 0.000000000000000000, 0.000000000000000000, 1.000000000000000000 ) ) ;
#584 = PRESENTATION_LAYER_ASSIGNMENT (  '', '', ( #2483 ) ) ;
#585 = EDGE_LOOP ( 'NONE', ( #2230, #4419, #2805, #2719, #4470, #2716, #2826 ) ) ;
#586 = CARTESIAN_POINT ( 'NONE',  ( 8.272600000000004172, 2.759999999999998455, 6.500000000000000888 ) ) ;
#588 = CARTESIAN_POINT ( 'NONE',  ( 0.000000000000000000, 0.000000000000000000, 0.000000000000000000 ) ) ;
#587 = CARTESIAN_POINT ( 'NONE',  ( 6.859265000000005053, 4.150000000000001243, 6.000000000000000000 ) ) ;
#589 = ORIENTED_EDGE ( 'NONE', *, *, #3359, .F. ) ;
#590 = CARTESIAN_POINT ( 'NONE',  ( 0.000000000000000000, 4.650000000000001243, 6.000000000000000000 ) ) ;
#591 = FILL_AREA_STYLE_COLOUR ( '', #4105 ) ;
#592 = ORIENTED_EDGE ( 'NONE', *, *, #3781, .F. ) ;
#593 = PRESENTATION_LAYER_ASSIGNMENT (  '', '', ( #2044 ) ) ;
#594 = DIRECTION ( 'NONE',  ( -0.000000000000000000, 1.000000000000000000, -0.000000000000000000 ) ) ;
#595 = CARTESIAN_POINT ( 'NONE',  ( 8.226600000000006574, 2.759999999999998455, 6.500000000000000888 ) ) ;
#596 = SURFACE_STYLE_USAGE ( .BOTH. , #1015 ) ;
#597 = ORIENTED_EDGE ( 'NONE', *, *, #2263, .T. ) ;
#598 =( GEOMETRIC_REPRESENTATION_CONTEXT ( 3 ) GLOBAL_UNCERTAINTY_ASSIGNED_CONTEXT ( ( #2390 ) ) GLOBAL_UNIT_ASSIGNED_CONTEXT ( ( #1683, #2763, #1329 ) ) REPRESENTATION_CONTEXT ( 'NONE', 'WORKASPACE' ) );
#599 = ADVANCED_FACE ( 'NONE', ( #2718 ), #4161, .F. ) ;
#600 =( LENGTH_UNIT ( ) NAMED_UNIT ( * ) SI_UNIT ( .MILLI., .METRE. ) );
#601 = VERTEX_POINT ( 'NONE', #1695 ) ;
#602 = FILL_AREA_STYLE ('',( #2085 ) ) ;
#603 = VERTEX_POINT ( 'NONE', #3878 ) ;
#604 = LINE ( 'NONE', #3410, #3676 ) ;
#605 = CARTESIAN_POINT ( 'NONE',  ( 8.226600000000006574, 2.750000000000001776, 4.250000000000000000 ) ) ;
#606 = FACE_OUTER_BOUND ( 'NONE', #1481, .T. ) ;
#607 = PRESENTATION_LAYER_ASSIGNMENT (  '', '', ( #2651 ) ) ;
#608 = PLANE ( 'NONE',  #707 ) ;
#609 = EDGE_LOOP ( 'NONE', ( #4523, #3833, #1860, #959 ) ) ;
#610 = PLANE ( 'NONE',  #2472 ) ;
#612 = PRESENTATION_STYLE_ASSIGNMENT (( #3832 ) ) ;
#611 = DIRECTION ( 'NONE',  ( -1.000000000000000000, 0.000000000000000000, -0.000000000000000000 ) ) ;
#613 = ORIENTED_EDGE ( 'NONE', *, *, #4071, .F. ) ;
#614 = FILL_AREA_STYLE ('',( #1339 ) ) ;
#615 = PLANE ( 'NONE',  #2528 ) ;
#616 = EDGE_LOOP ( 'NONE', ( #557, #1466, #4142, #249 ) ) ;
#617 = EDGE_CURVE ( 'NONE', #1972, #2337, #3148, .T. ) ;
#618 = CARTESIAN_POINT ( 'NONE',  ( 10.00000000000000000, 2.450000000000001066, 2.000000000000000888 ) ) ;
#619 = DIRECTION ( 'NONE',  ( 0.000000000000000000, -0.000000000000000000, -1.000000000000000000 ) ) ;
#620 = LINE ( 'NONE', #170, #4154 ) ;
#621 = VERTEX_POINT ( 'NONE', #4225 ) ;
#622 = LINE ( 'NONE', #2059, #2042 ) ;
#623 = VERTEX_POINT ( 'NONE', #2446 ) ;
#624 = VERTEX_POINT ( 'NONE', #4274 ) ;
#625 = SURFACE_SIDE_STYLE ('',( #302 ) ) ;
#626 = DIRECTION ( 'NONE',  ( 0.000000000000000000, -1.000000000000000000, 0.000000000000000000 ) ) ;
#627 = STYLED_ITEM ( 'NONE', ( #2649 ), #4370 ) ;
#628 = EDGE_CURVE ( 'NONE', #141, #3550, #3614, .T. ) ;
#629 = PRESENTATION_STYLE_ASSIGNMENT (( #3922 ) ) ;
#630 = EDGE_CURVE ( 'NONE', #4145, #3247, #1809, .T. ) ;
#631 = ORIENTED_EDGE ( 'NONE', *, *, #2429, .T. ) ;
#632 = CARTESIAN_POINT ( 'NONE',  ( 2.889935000000004806, 4.150000000000001243, 6.000000000000000000 ) ) ;
#634 = LINE ( 'NONE', #2024, #4485 ) ;
#633 = CARTESIAN_POINT ( 'NONE',  ( 3.139935000000005250, 4.150000000000001243, 6.000000000000000000 ) ) ;
#635 = STYLED_ITEM ( 'NONE', ( #4218 ), #4537 ) ;
#636 =( LENGTH_UNIT ( ) NAMED_UNIT ( * ) SI_UNIT ( .MILLI., .METRE. ) );
#637 = DIRECTION ( 'NONE',  ( 0.000000000000000000, -1.000000000000000000, 0.000000000000000000 ) ) ;
#638 = EDGE_LOOP ( 'NONE', ( #3143, #990, #2209, #2014 ) ) ;
#639 = EDGE_CURVE ( 'NONE', #2398, #1667, #2491, .T. ) ;
#640 = PRESENTATION_LAYER_ASSIGNMENT (  '', '', ( #861 ) ) ;
#641 = SURFACE_STYLE_USAGE ( .BOTH. , #1290 ) ;
#642 = LINE ( 'NONE', #271, #3211 ) ;
#643 = CARTESIAN_POINT ( 'NONE',  ( 1.772600000000004838, 3.250000000000002220, 0.8500000000000005329 ) ) ;
#644 = VECTOR ( 'NONE', #3298, 1000.000000000000000 ) ;
#645 = PRODUCT_DEFINITION_SHAPE ( 'NONE', 'NONE',  #2319 ) ;
#646 = STYLED_ITEM ( 'NONE', ( #1899 ), #3288 ) ;
#647 = ORIENTED_EDGE ( 'NONE', *, *, #821, .F. ) ;
#648 = PLANE ( 'NONE',  #867 ) ;
#649 = AXIS2_PLACEMENT_3D ( 'NONE', #1646, #2697, #619 ) ;
#650 = ORIENTED_EDGE ( 'NONE', *, *, #60, .T. ) ;
#651 = CARTESIAN_POINT ( 'NONE',  ( 6.241930000000005307, 3.250000000000001332, 4.250000000000000000 ) ) ;
#652 = DIRECTION ( 'NONE',  ( -0.000000000000000000, 0.000000000000000000, -1.000000000000000000 ) ) ;
#653 = LINE ( 'NONE', #1305, #1421 ) ;
#654 =( LENGTH_UNIT ( ) NAMED_UNIT ( * ) SI_UNIT ( .MILLI., .METRE. ) );
#655 = ORIENTED_EDGE ( 'NONE', *, *, #3709, .F. ) ;
#656 = DIRECTION ( 'NONE',  ( 0.000000000000000000, 0.000000000000000000, 1.000000000000000000 ) ) ;
#658 = CARTESIAN_POINT ( 'NONE',  ( 5.741930000000005307, 2.759999999999998455, 6.500000000000000888 ) ) ;
#657 = CARTESIAN_POINT ( 'NONE',  ( 9.500000000000008882, 0.5000000000000000000, 4.250000000000000000 ) ) ;
#659 = VECTOR ( 'NONE', #2904, 1000.000000000000000 ) ;
#660 = CARTESIAN_POINT ( 'NONE',  ( 4.257270000000004551, 2.750000000000002220, 6.000000000000000000 ) ) ;
#661 = SURFACE_STYLE_USAGE ( .BOTH. , #2216 ) ;
#662 = VERTEX_POINT ( 'NONE', #1071 ) ;
#663 = ORIENTED_EDGE ( 'NONE', *, *, #3831, .T. ) ;
#664 =( LENGTH_UNIT ( ) NAMED_UNIT ( * ) SI_UNIT ( .MILLI., .METRE. ) );
#665 = MECHANICAL_DESIGN_GEOMETRIC_PRESENTATION_REPRESENTATION (  '', ( #341 ), #3994 ) ;
#666 = LINE ( 'NONE', #2754, #1521 ) ;
#667 =( GEOMETRIC_REPRESENTATION_CONTEXT ( 3 ) GLOBAL_UNCERTAINTY_ASSIGNED_CONTEXT ( ( #750 ) ) GLOBAL_UNIT_ASSIGNED_CONTEXT ( ( #3951, #3585, #2553 ) ) REPRESENTATION_CONTEXT ( 'NONE', 'WORKASPACE' ) );
#668 = ORIENTED_EDGE ( 'NONE', *, *, #2585, .T. ) ;
#669 = DIRECTION ( 'NONE',  ( -0.000000000000000000, 4.336808689942016257E-16, 1.000000000000000000 ) ) ;
#670 = COLOUR_RGB ( '',1.000000000000000000, 0.8941176470588234615, 0.1058823529411764691 ) ;
#671 = ORIENTED_EDGE ( 'NONE', *, *, #1278, .F. ) ;
#672 = PLANE ( 'NONE',  #1814 ) ;
#673 = PRESENTATION_STYLE_ASSIGNMENT (( #2814 ) ) ;
#674 = DIRECTION ( 'NONE',  ( 0.000000000000000000, -0.000000000000000000, -1.000000000000000000 ) ) ;
#675 =( NAMED_UNIT ( * ) SI_UNIT ( $, .STERADIAN. ) SOLID_ANGLE_UNIT ( ) );
#676 = ORIENTED_EDGE ( 'NONE', *, *, #1774, .T. ) ;
#677 = DIRECTION ( 'NONE',  ( 0.000000000000000000, -1.000000000000000000, 0.000000000000000000 ) ) ;
#678 = DIRECTION ( 'NONE',  ( 4.482962609626237803E-16, 1.000000000000000000, -0.000000000000000000 ) ) ;
#679 = STYLED_ITEM ( 'NONE', ( #3223 ), #981 ) ;
#680 = CARTESIAN_POINT ( 'NONE',  ( 8.226600000000006574, 3.250000000000001332, 4.250000000000000000 ) ) ;
#681 = CARTESIAN_POINT ( 'NONE',  ( 6.241930000000005307, 3.250000000000001332, 0.8500000000000005329 ) ) ;
#682 = CARTESIAN_POINT ( 'NONE',  ( 4.257270000000004551, 3.250000000000001776, 4.250000000000000000 ) ) ;
#683 = MECHANICAL_DESIGN_GEOMETRIC_PRESENTATION_REPRESENTATION (  '', ( #1150 ), #2358 ) ;
#684 = AXIS2_PLACEMENT_3D ( 'NONE', #1214, #4091, #852 ) ;
#685 = DIRECTION ( 'NONE',  ( -0.000000000000000000, -0.000000000000000000, -1.000000000000000000 ) ) ;
#686 = STYLED_ITEM ( 'NONE', ( #1610 ), #530 ) ;
#687 =( LENGTH_UNIT ( ) NAMED_UNIT ( * ) SI_UNIT ( .MILLI., .METRE. ) );
#688 = MECHANICAL_DESIGN_GEOMETRIC_PRESENTATION_REPRESENTATION (  '', ( #1759 ), #3106 ) ;
#689 = SURFACE_STYLE_USAGE ( .BOTH. , #1436 ) ;
#690 = VECTOR ( 'NONE', #308, 1000.000000000000000 ) ;
#691 = ORIENTED_EDGE ( 'NONE', *, *, #1425, .T. ) ;
#692 = FACE_OUTER_BOUND ( 'NONE', #609, .T. ) ;
#693 = CARTESIAN_POINT ( 'NONE',  ( 2.272600000000004616, 3.250000000000001776, 4.250000000000000000 ) ) ;
#694 = VERTEX_POINT ( 'NONE', #2469 ) ;
#695 = VECTOR ( 'NONE', #438, 1000.000000000000000 ) ;
#696 = DIRECTION ( 'NONE',  ( 1.000000000000000000, -0.000000000000000000, -0.000000000000000000 ) ) ;
#697 = DIRECTION ( 'NONE',  ( 0.000000000000000000, 0.000000000000000000, -1.000000000000000000 ) ) ;
#698 = CARTESIAN_POINT ( 'NONE',  ( 5.124814430000005139, 4.150000000000001243, 5.500000000000000000 ) ) ;
#699 = VERTEX_POINT ( 'NONE', #4629 ) ;
#700 = EDGE_CURVE ( 'NONE', #662, #491, #1049, .T. ) ;
#701 = SURFACE_STYLE_USAGE ( .BOTH. , #4016 ) ;
#702 = DIRECTION ( 'NONE',  ( 1.000000000000000000, 0.000000000000000000, 0.000000000000000000 ) ) ;
#703 = CARTESIAN_POINT ( 'NONE',  ( 9.500000000000008882, 4.150000000000000355, 2.000000000000000000 ) ) ;
#704 = DIRECTION ( 'NONE',  ( -0.000000000000000000, -0.000000000000000000, -1.000000000000000000 ) ) ;
#705 = MECHANICAL_DESIGN_GEOMETRIC_PRESENTATION_REPRESENTATION (  '', ( #3345 ), #1927 ) ;
#706 =( NAMED_UNIT ( * ) PLANE_ANGLE_UNIT ( ) SI_UNIT ( $, .RADIAN. ) );
#707 = AXIS2_PLACEMENT_3D ( 'NONE', #4596, #1424, #1443 ) ;
#708 = EDGE_CURVE ( 'NONE', #2615, #4238, #379, .T. ) ;
#709 = EDGE_LOOP ( 'NONE', ( #3515, #123, #160, #4489, #4501, #3275, #1934, #929, #4614, #3621, #3461, #766 ) ) ;
#710 = CIRCLE ( 'NONE', #3349, 0.4899999999999999911 ) ;
#711 =( NAMED_UNIT ( * ) SI_UNIT ( $, .STERADIAN. ) SOLID_ANGLE_UNIT ( ) );
#712 = LINE ( 'NONE', #4355, #759 ) ;
#713 = EDGE_CURVE ( 'NONE', #999, #2376, #2173, .T. ) ;
#714 = VECTOR ( 'NONE', #4178, 1000.000000000000000 ) ;
#715 = VECTOR ( 'NONE', #352, 1000.000000000000000 ) ;
#716 = VECTOR ( 'NONE', #1607, 1000.000000000000000 ) ;
#717 = ORIENTED_EDGE ( 'NONE', *, *, #3756, .T. ) ;
#718 = STYLED_ITEM ( 'NONE', ( #1836 ), #1754 ) ;
#719 = CARTESIAN_POINT ( 'NONE',  ( 8.272600000000004172, 2.760000000000002007, 6.010000000000000675 ) ) ;
#720 = CARTESIAN_POINT ( 'NONE',  ( 10.00000000000000000, 4.150000000000001243, 5.299999999999999822 ) ) ;
#721 =( GEOMETRIC_REPRESENTATION_CONTEXT ( 3 ) GLOBAL_UNCERTAINTY_ASSIGNED_CONTEXT ( ( #4446 ) ) GLOBAL_UNIT_ASSIGNED_CONTEXT ( ( #3019, #4065, #412 ) ) REPRESENTATION_CONTEXT ( 'NONE', 'WORKASPACE' ) );
#722 = DIRECTION ( 'NONE',  ( 0.000000000000000000, 0.000000000000000000, 1.000000000000000000 ) ) ;
#723 = ORIENTED_EDGE ( 'NONE', *, *, #2107, .T. ) ;
#724 = DIRECTION ( 'NONE',  ( 1.000000000000000000, 0.000000000000000000, 0.000000000000000000 ) ) ;
#725 = CARTESIAN_POINT ( 'NONE',  ( 5.124814430000005139, 4.150000000000001243, 6.000000000000000000 ) ) ;
#726 = UNCERTAINTY_MEASURE_WITH_UNIT (LENGTH_MEASURE( 1.000000000000000082E-05 ), #2574, 'distance_accuracy_value', 'NONE');
#727 = PLANE ( 'NONE',  #2517 ) ;
#728 = SURFACE_STYLE_FILL_AREA ( #1851 ) ;
#729 = FACE_OUTER_BOUND ( 'NONE', #2128, .T. ) ;
#730 =( NAMED_UNIT ( * ) PLANE_ANGLE_UNIT ( ) SI_UNIT ( $, .RADIAN. ) );
#731 = DIRECTION ( 'NONE',  ( 0.000000000000000000, -0.000000000000000000, -1.000000000000000000 ) ) ;
#732 = LINE ( 'NONE', #1769, #3249 ) ;
#733 = EDGE_CURVE ( 'NONE', #3991, #603, #3900, .T. ) ;
#734 = COLOUR_RGB ( '',1.000000000000000000, 0.8941176470588234615, 0.1058823529411764691 ) ;
#735 = DIRECTION ( 'NONE',  ( -8.673617379884035472E-16, -1.000000000000000000, 0.000000000000000000 ) ) ;
#736 = VECTOR ( 'NONE', #3561, 1000.000000000000000 ) ;
#737 = EDGE_LOOP ( 'NONE', ( #3406, #1699, #949, #4129 ) ) ;
#738 = LINE ( 'NONE', #4662, #445 ) ;
#739 = PRESENTATION_STYLE_ASSIGNMENT (( #786 ) ) ;
#740 = ADVANCED_FACE ( 'NONE', ( #2125 ), #1831, .F. ) ;
#741 = VERTEX_POINT ( 'NONE', #2862 ) ;
#742 = FILL_AREA_STYLE ('',( #2526 ) ) ;
#743 = AXIS2_PLACEMENT_3D ( 'NONE', #2280, #3265, #482 ) ;
#744 =( LENGTH_UNIT ( ) NAMED_UNIT ( * ) SI_UNIT ( .MILLI., .METRE. ) );
#745 = VERTEX_POINT ( 'NONE', #2883 ) ;
#746 = DIRECTION ( 'NONE',  ( 0.000000000000000000, -1.000000000000000000, 0.000000000000000000 ) ) ;
#747 = FILL_AREA_STYLE_COLOUR ( '', #1548 ) ;
#749 = CARTESIAN_POINT ( 'NONE',  ( 4.874800000000004907, 4.150000000000001243, 6.000000000000000000 ) ) ;
#748 = DIRECTION ( 'NONE',  ( -0.000000000000000000, -0.000000000000000000, 1.000000000000000000 ) ) ;
#750 = UNCERTAINTY_MEASURE_WITH_UNIT (LENGTH_MEASURE( 1.000000000000000082E-05 ), #3951, 'distance_accuracy_value', 'NONE');
#751 = CARTESIAN_POINT ( 'NONE',  ( 0.000000000000000000, 0.000000000000000000, 5.500000000000000000 ) ) ;
#752 =( LENGTH_UNIT ( ) NAMED_UNIT ( * ) SI_UNIT ( .MILLI., .METRE. ) );
#753 = SURFACE_STYLE_FILL_AREA ( #2884 ) ;
#754 = EDGE_CURVE ( 'NONE', #2698, #1693, #3259, .T. ) ;
#755 =( NAMED_UNIT ( * ) SI_UNIT ( $, .STERADIAN. ) SOLID_ANGLE_UNIT ( ) );
#756 = CARTESIAN_POINT ( 'NONE',  ( 2.272600000000004616, 3.250000000000001776, 0.8500000000000005329 ) ) ;
#757 = LINE ( 'NONE', #383, #4348 ) ;
#758 = VECTOR ( 'NONE', #1563, 1000.000000000000000 ) ;
#759 = VECTOR ( 'NONE', #1109, 1000.000000000000000 ) ;
#760 = VECTOR ( 'NONE', #3161, 1000.000000000000000 ) ;
#761 = PRESENTATION_LAYER_ASSIGNMENT (  '', '', ( #1375 ) ) ;
#762 = EDGE_CURVE ( 'NONE', #902, #2690, #1451, .T. ) ;
#763 = ORIENTED_EDGE ( 'NONE', *, *, #31, .T. ) ;
#764 = FILL_AREA_STYLE ('',( #4008 ) ) ;
#765 = MECHANICAL_DESIGN_GEOMETRIC_PRESENTATION_REPRESENTATION (  '', ( #928 ), #1306 ) ;
#766 = ORIENTED_EDGE ( 'NONE', *, *, #1601, .T. ) ;
#767 = SURFACE_SIDE_STYLE ('',( #2569 ) ) ;
#768 = LINE ( 'NONE', #3338, #2518 ) ;
#769 = VECTOR ( 'NONE', #1370, 1000.000000000000000 ) ;
#770 = ORIENTED_EDGE ( 'NONE', *, *, #2567, .F. ) ;
#771 = LINE ( 'NONE', #4034, #2833 ) ;
#773 =( NAMED_UNIT ( * ) PLANE_ANGLE_UNIT ( ) SI_UNIT ( $, .RADIAN. ) );
#772 = CARTESIAN_POINT ( 'NONE',  ( 9.500000000000008882, 4.150000000000001243, 0.000000000000000000 ) ) ;
#774 = UNCERTAINTY_MEASURE_WITH_UNIT (LENGTH_MEASURE( 1.000000000000000082E-05 ), #3506, 'distance_accuracy_value', 'NONE');
#775 = EDGE_LOOP ( 'NONE', ( #2758, #2879, #4188, #4535 ) ) ;
#776 = EDGE_CURVE ( 'NONE', #601, #2523, #4248, .T. ) ;
#777 = EDGE_CURVE ( 'NONE', #4398, #1818, #2515, .T. ) ;
#778 = CARTESIAN_POINT ( 'NONE',  ( 0.000000000000000000, 2.450000000000001066, 2.000000000000000888 ) ) ;
#779 =( LENGTH_UNIT ( ) NAMED_UNIT ( * ) SI_UNIT ( .MILLI., .METRE. ) );
#780 = DIRECTION ( 'NONE',  ( -0.000000000000000000, -0.000000000000000000, 1.000000000000000000 ) ) ;
#781 = DIRECTION ( 'NONE',  ( 0.000000000000000000, 1.000000000000000000, -0.000000000000000000 ) ) ;
#782 = CARTESIAN_POINT ( 'NONE',  ( 2.385244779468114882E-15, 2.750000000000008438, 5.500000000000000000 ) ) ;
#783 = LINE ( 'NONE', #3003, #1530 ) ;
#784 = ORIENTED_EDGE ( 'NONE', *, *, #3813, .T. ) ;
#785 =( GEOMETRIC_REPRESENTATION_CONTEXT ( 3 ) GLOBAL_UNCERTAINTY_ASSIGNED_CONTEXT ( ( #3824 ) ) GLOBAL_UNIT_ASSIGNED_CONTEXT ( ( #2348, #3799, #3772 ) ) REPRESENTATION_CONTEXT ( 'NONE', 'WORKASPACE' ) );
#786 = SURFACE_STYLE_USAGE ( .BOTH. , #419 ) ;
#787 = VECTOR ( 'NONE', #4589, 1000.000000000000000 ) ;
#788 = ORIENTED_EDGE ( 'NONE', *, *, #700, .F. ) ;
#789 = CARTESIAN_POINT ( 'NONE',  ( 1.772600000000004838, 2.750000000000002220, 0.8500000000000005329 ) ) ;
#790 = DIRECTION ( 'NONE',  ( -0.000000000000000000, 1.000000000000000000, -0.000000000000000000 ) ) ;
#791 = MECHANICAL_DESIGN_GEOMETRIC_PRESENTATION_REPRESENTATION (  '', ( #4639 ), #3138 ) ;
#792 = CARTESIAN_POINT ( 'NONE',  ( 2.889935000000004806, 0.000000000000000000, 5.500000000000000000 ) ) ;
#793 = VECTOR ( 'NONE', #2724, 1000.000000000000000 ) ;
#794 = VECTOR ( 'NONE', #504, 1000.000000000000000 ) ;
#795 = ORIENTED_EDGE ( 'NONE', *, *, #414, .F. ) ;
#796 =( NAMED_UNIT ( * ) SI_UNIT ( $, .STERADIAN. ) SOLID_ANGLE_UNIT ( ) );
#797 = DIRECTION ( 'NONE',  ( 1.000000000000000000, 0.000000000000000000, 0.000000000000000000 ) ) ;
#799 = SURFACE_SIDE_STYLE ('',( #2735 ) ) ;
#798 = SURFACE_STYLE_FILL_AREA ( #1946 ) ;
#800 = FACE_OUTER_BOUND ( 'NONE', #3872, .T. ) ;
#801 = FILL_AREA_STYLE_COLOUR ( '', #1824 ) ;
#802 = VECTOR ( 'NONE', #3146, 1000.000000000000000 ) ;
#803 = CARTESIAN_POINT ( 'NONE',  ( 0.5000000000000004441, 0.5000000000000000000, 0.000000000000000000 ) ) ;
#804 = PLANE ( 'NONE',  #1253 ) ;
#805 = FACE_OUTER_BOUND ( 'NONE', #3117, .T. ) ;
#806 = VECTOR ( 'NONE', #1464, 1000.000000000000000 ) ;
#807 =( NAMED_UNIT ( * ) PLANE_ANGLE_UNIT ( ) SI_UNIT ( $, .RADIAN. ) );
#808 = ADVANCED_FACE ( 'NONE', ( #1099 ), #1403, .F. ) ;
#809 = LINE ( 'NONE', #3333, #2594 ) ;
#810 = FILL_AREA_STYLE_COLOUR ( '', #2038 ) ;
#811 = PRESENTATION_LAYER_ASSIGNMENT (  '', '', ( #181 ) ) ;
#812 = AXIS2_PLACEMENT_3D ( 'NONE', #3874, #4244, #4573 ) ;
#813 = ORIENTED_EDGE ( 'NONE', *, *, #370, .T. ) ;
#814 = STYLED_ITEM ( 'NONE', ( #225 ), #3905 ) ;
#815 = FACE_BOUND ( 'NONE', #1293, .T. ) ;
#816 = DIRECTION ( 'NONE',  ( -0.000000000000000000, -0.000000000000000000, 1.000000000000000000 ) ) ;
#817 = ADVANCED_FACE ( 'NONE', ( #431 ), #3700, .F. ) ;
#818 = ORIENTED_EDGE ( 'NONE', *, *, #628, .T. ) ;
#819 = COLOUR_RGB ( '',1.000000000000000000, 0.8941176470588234615, 0.1058823529411764691 ) ;
#820 = SURFACE_STYLE_USAGE ( .BOTH. , #2945 ) ;
#821 = EDGE_CURVE ( 'NONE', #4359, #4375, #1228, .T. ) ;
#822 = CARTESIAN_POINT ( 'NONE',  ( 0.5000000000000004441, 2.450000000000001066, 2.694222958124176513E-16 ) ) ;
#823 = SURFACE_STYLE_USAGE ( .BOTH. , #433 ) ;
#825 = CARTESIAN_POINT ( 'NONE',  ( 5.124814430000006027, -2.297435147096302602E-15, 5.500000000000000000 ) ) ;
#824 =( NAMED_UNIT ( * ) PLANE_ANGLE_UNIT ( ) SI_UNIT ( $, .RADIAN. ) );
#826 =( LENGTH_UNIT ( ) NAMED_UNIT ( * ) SI_UNIT ( .MILLI., .METRE. ) );
#827 =( LENGTH_UNIT ( ) NAMED_UNIT ( * ) SI_UNIT ( .MILLI., .METRE. ) );
#828 = DIRECTION ( 'NONE',  ( 1.000000000000000000, -0.000000000000000000, 2.168404344971003346E-15 ) ) ;
#829 = STYLED_ITEM ( 'NONE', ( #4004 ), #61 ) ;
#830 = LINE ( 'NONE', #54, #2744 ) ;
#831 = LINE ( 'NONE', #3353, #4013 ) ;
#832 =( GEOMETRIC_REPRESENTATION_CONTEXT ( 3 ) GLOBAL_UNCERTAINTY_ASSIGNED_CONTEXT ( ( #2902 ) ) GLOBAL_UNIT_ASSIGNED_CONTEXT ( ( #3825, #4281, #3797 ) ) REPRESENTATION_CONTEXT ( 'NONE', 'WORKASPACE' ) );
#833 = EDGE_CURVE ( 'NONE', #2673, #3508, #3343, .T. ) ;
#834 = STYLED_ITEM ( 'NONE', ( #3726 ), #2809 ) ;
#835 = ORIENTED_EDGE ( 'NONE', *, *, #4397, .T. ) ;
#836 = CARTESIAN_POINT ( 'NONE',  ( 5.124814430000006027, 9.559285915855599245E-16, 5.500000000000000000 ) ) ;
#837 = ADVANCED_FACE ( 'NONE', ( #800 ), #66, .F. ) ;
#838 = SURFACE_STYLE_USAGE ( .BOTH. , #4438 ) ;
#839 = LINE ( 'NONE', #792, #4107 ) ;
#840 = VERTEX_POINT ( 'NONE', #3036 ) ;
#841 = SURFACE_SIDE_STYLE ('',( #2643 ) ) ;
#842 = VECTOR ( 'NONE', #2717, 1000.000000000000000 ) ;
#843 = CARTESIAN_POINT ( 'NONE',  ( 5.741930000000004419, 2.750000000000002220, 5.500000000000000000 ) ) ;
#844 = UNCERTAINTY_MEASURE_WITH_UNIT (LENGTH_MEASURE( 1.000000000000000082E-05 ), #4636, 'distance_accuracy_value', 'NONE');
#845 = CARTESIAN_POINT ( 'NONE',  ( 0.000000000000000000, 4.650000000000001243, 6.000000000000000000 ) ) ;
#846 = DIRECTION ( 'NONE',  ( 0.000000000000000000, -0.000000000000000000, 1.000000000000000000 ) ) ;
#847 = CARTESIAN_POINT ( 'NONE',  ( 10.00000000000000000, 4.650000000000001243, 6.000000000000000000 ) ) ;
#849 = PLANE ( 'NONE',  #3591 ) ;
#848 = SURFACE_SIDE_STYLE ('',( #1210 ) ) ;
#850 = CARTESIAN_POINT ( 'NONE',  ( 0.000000000000000000, 0.000000000000000000, 5.500000000000000000 ) ) ;
#851 =( NAMED_UNIT ( * ) PLANE_ANGLE_UNIT ( ) SI_UNIT ( $, .RADIAN. ) );
#852 = DIRECTION ( 'NONE',  ( -1.000000000000000000, 0.000000000000000000, -0.000000000000000000 ) ) ;
#853 = LINE ( 'NONE', #1906, #3335 ) ;
#854 = DIRECTION ( 'NONE',  ( -0.000000000000000000, 1.000000000000000000, -0.000000000000000000 ) ) ;
#855 = PRESENTATION_LAYER_ASSIGNMENT (  '', '', ( #948 ) ) ;
#856 = ORIENTED_EDGE ( 'NONE', *, *, #1892, .F. ) ;
#857 = STYLED_ITEM ( 'NONE', ( #629 ), #4552 ) ;
#858 = DIRECTION ( 'NONE',  ( -1.000000000000000000, -1.865294060190114485E-16, 0.000000000000000000 ) ) ;
#859 = VECTOR ( 'NONE', #4347, 1000.000000000000000 ) ;
#860 = LINE ( 'NONE', #3648, #2590 ) ;
#861 = STYLED_ITEM ( 'NONE', ( #4097 ), #1062 ) ;
#862 = PRODUCT_CONTEXT ( 'NONE', #3175, 'mechanical' ) ;
#863 = ORIENTED_EDGE ( 'NONE', *, *, #1238, .T. ) ;
#864 = DIRECTION ( 'NONE',  ( -1.000000000000000000, 0.000000000000000000, 0.000000000000000000 ) ) ;
#865 = CARTESIAN_POINT ( 'NONE',  ( 0.000000000000000000, -3.249999999999998224, 0.000000000000000000 ) ) ;
#866 = UNCERTAINTY_MEASURE_WITH_UNIT (LENGTH_MEASURE( 1.000000000000000082E-05 ), #2867, 'distance_accuracy_value', 'NONE');
#867 = AXIS2_PLACEMENT_3D ( 'NONE', #1108, #4028, #1439 ) ;
#868 =( NAMED_UNIT ( * ) PLANE_ANGLE_UNIT ( ) SI_UNIT ( $, .RADIAN. ) );
#869 = STYLED_ITEM ( 'NONE', ( #3830 ), #3332 ) ;
#870 = CARTESIAN_POINT ( 'NONE',  ( 5.124814430000006027, 9.559285915855599245E-16, 5.500000000000000000 ) ) ;
#871 = DIRECTION ( 'NONE',  ( -0.000000000000000000, 1.000000000000000000, -0.000000000000000000 ) ) ;
#872 = VECTOR ( 'NONE', #4006, 1000.000000000000000 ) ;
#873 = VERTEX_POINT ( 'NONE', #1630 ) ;
#874 = STYLED_ITEM ( 'NONE', ( #2880 ), #3467 ) ;
#875 = DIRECTION ( 'NONE',  ( 1.000000000000000000, 0.000000000000000000, 0.000000000000000000 ) ) ;
#876 =( NAMED_UNIT ( * ) SI_UNIT ( $, .STERADIAN. ) SOLID_ANGLE_UNIT ( ) );
#877 =( NAMED_UNIT ( * ) PLANE_ANGLE_UNIT ( ) SI_UNIT ( $, .RADIAN. ) );
#878 = ORIENTED_EDGE ( 'NONE', *, *, #1571, .F. ) ;
#879 = DIRECTION ( 'NONE',  ( 0.000000000000000000, 1.000000000000000000, -0.000000000000000000 ) ) ;
#880 =( NAMED_UNIT ( * ) SI_UNIT ( $, .STERADIAN. ) SOLID_ANGLE_UNIT ( ) );
#881 = ORIENTED_EDGE ( 'NONE', *, *, #4112, .F. ) ;
#882 = DIRECTION ( 'NONE',  ( -0.000000000000000000, 1.000000000000000000, -0.000000000000000000 ) ) ;
#883 = EDGE_CURVE ( 'NONE', #425, #216, #1250, .T. ) ;
#884 = ORIENTED_EDGE ( 'NONE', *, *, #3273, .F. ) ;
#885 = PRESENTATION_STYLE_ASSIGNMENT (( #2083 ) ) ;
#886 =( GEOMETRIC_REPRESENTATION_CONTEXT ( 3 ) GLOBAL_UNCERTAINTY_ASSIGNED_CONTEXT ( ( #2124 ) ) GLOBAL_UNIT_ASSIGNED_CONTEXT ( ( #752, #4604, #2194 ) ) REPRESENTATION_CONTEXT ( 'NONE', 'WORKASPACE' ) );
#887 = ORIENTED_EDGE ( 'NONE', *, *, #3232, .F. ) ;
#888 = EDGE_CURVE ( 'NONE', #1842, #351, #4518, .T. ) ;
#889 = FILL_AREA_STYLE ('',( #4119 ) ) ;
#890 = ORIENTED_EDGE ( 'NONE', *, *, #1689, .F. ) ;
#891 = DIRECTION ( 'NONE',  ( 0.000000000000000000, 0.000000000000000000, 1.000000000000000000 ) ) ;
#892 =( GEOMETRIC_REPRESENTATION_CONTEXT ( 3 ) GLOBAL_UNCERTAINTY_ASSIGNED_CONTEXT ( ( #2646 ) ) GLOBAL_UNIT_ASSIGNED_CONTEXT ( ( #3937, #1817, #3525 ) ) REPRESENTATION_CONTEXT ( 'NONE', 'WORKASPACE' ) );
#893 = SURFACE_SIDE_STYLE ('',( #429 ) ) ;
#894 = PRODUCT_DEFINITION_CONTEXT ( 'detailed design', #76, 'design' ) ;
#895 = DIRECTION ( 'NONE',  ( -1.000000000000000000, 0.000000000000000000, -0.000000000000000000 ) ) ;
#896 = MECHANICAL_DESIGN_GEOMETRIC_PRESENTATION_REPRESENTATION (  '', ( #512 ), #3757 ) ;
#897 = FACE_OUTER_BOUND ( 'NONE', #2205, .T. ) ;
#898 = ORIENTED_EDGE ( 'NONE', *, *, #2906, .T. ) ;
#899 = FILL_AREA_STYLE_COLOUR ( '', #3590 ) ;
#901 = SURFACE_STYLE_FILL_AREA ( #2775 ) ;
#900 =( NAMED_UNIT ( * ) PLANE_ANGLE_UNIT ( ) SI_UNIT ( $, .RADIAN. ) );
#902 = VERTEX_POINT ( 'NONE', #1660 ) ;
#903 = LINE ( 'NONE', #2353, #3554 ) ;
#904 = DIRECTION ( 'NONE',  ( 0.000000000000000000, -1.000000000000000000, 0.000000000000000000 ) ) ;
#905 = PRESENTATION_STYLE_ASSIGNMENT (( #4412 ) ) ;
#906 = ORIENTED_EDGE ( 'NONE', *, *, #2460, .F. ) ;
#907 = EDGE_CURVE ( 'NONE', #3067, #2424, #2741, .T. ) ;
#908 = ADVANCED_FACE ( 'NONE', ( #2711 ), #210, .F. ) ;
#909 = SURFACE_STYLE_FILL_AREA ( #942 ) ;
#910 = LINE ( 'NONE', #2359, #1905 ) ;
#911 = VERTEX_POINT ( 'NONE', #1685 ) ;
#912 = CARTESIAN_POINT ( 'NONE',  ( 8.272600000000004172, 2.759999999999998455, 6.500000000000000888 ) ) ;
#913 = EDGE_CURVE ( 'NONE', #2424, #662, #4175, .T. ) ;
#914 = EDGE_CURVE ( 'NONE', #3789, #549, #582, .T. ) ;
#915 = ORIENTED_EDGE ( 'NONE', *, *, #3001, .T. ) ;
#916 =( NAMED_UNIT ( * ) PLANE_ANGLE_UNIT ( ) SI_UNIT ( $, .RADIAN. ) );
#917 = VERTEX_POINT ( 'NONE', #3115 ) ;
#918 = LINE ( 'NONE', #4018, #3507 ) ;
#919 = AXIS2_PLACEMENT_3D ( 'NONE', #1149, #781, #293 ) ;
#920 = COLOUR_RGB ( '',1.000000000000000000, 1.000000000000000000, 1.000000000000000000 ) ;
#921 = ORIENTED_EDGE ( 'NONE', *, *, #2263, .F. ) ;
#922 = FILL_AREA_STYLE_COLOUR ( '', #3533 ) ;
#923 = STYLED_ITEM ( 'NONE', ( #4534 ), #2633 ) ;
#924 = UNCERTAINTY_MEASURE_WITH_UNIT (LENGTH_MEASURE( 1.000000000000000082E-05 ), #2514, 'distance_accuracy_value', 'NONE');
#925 = SURFACE_STYLE_USAGE ( .BOTH. , #4126 ) ;
#926 = PLANE ( 'NONE',  #4607 ) ;
#927 = SURFACE_STYLE_USAGE ( .BOTH. , #1254 ) ;
#928 = STYLED_ITEM ( 'NONE', ( #2798 ), #2885 ) ;
#929 = ORIENTED_EDGE ( 'NONE', *, *, #458, .T. ) ;
#930 = DIRECTION ( 'NONE',  ( -1.000000000000000000, -0.000000000000000000, -0.000000000000000000 ) ) ;
#931 = COLOUR_RGB ( '',1.000000000000000000, 1.000000000000000000, 1.000000000000000000 ) ;
#932 = CARTESIAN_POINT ( 'NONE',  ( 0.000000000000000000, 4.150000000000001243, 5.299999999999999822 ) ) ;
#933 = VERTEX_POINT ( 'NONE', #135 ) ;
#934 = EDGE_CURVE ( 'NONE', #1644, #2349, #979, .T. ) ;
#935 = FACE_OUTER_BOUND ( 'NONE', #3835, .T. ) ;
#936 = DIRECTION ( 'NONE',  ( 0.000000000000000000, 0.000000000000000000, 1.000000000000000000 ) ) ;
#937 = ORIENTED_EDGE ( 'NONE', *, *, #4388, .T. ) ;
#938 = EDGE_CURVE ( 'NONE', #3736, #518, #2414, .T. ) ;
#939 = ADVANCED_FACE ( 'NONE', ( #606 ), #2500, .F. ) ;
#940 = COLOUR_RGB ( '',0.9607843137254902244, 0.9098039215686274384, 0.000000000000000000 ) ;
#941 = LINE ( 'NONE', #1319, #1792 ) ;
#942 = FILL_AREA_STYLE ('',( #4140 ) ) ;
#943 = CARTESIAN_POINT ( 'NONE',  ( 5.741930000000004419, 3.250000000000001332, 4.250000000000000000 ) ) ;
#944 = ORIENTED_EDGE ( 'NONE', *, *, #2730, .F. ) ;
#945 = ORIENTED_EDGE ( 'NONE', *, *, #4384, .F. ) ;
#946 = ORIENTED_EDGE ( 'NONE', *, *, #3781, .T. ) ;
#947 = PLANE ( 'NONE',  #3729 ) ;
#948 = STYLED_ITEM ( 'NONE', ( #2539 ), #4299 ) ;
#949 = ORIENTED_EDGE ( 'NONE', *, *, #913, .T. ) ;
#950 = DIRECTION ( 'NONE',  ( -1.000000000000000000, -0.000000000000000000, -0.000000000000000000 ) ) ;
#951 = UNCERTAINTY_MEASURE_WITH_UNIT (LENGTH_MEASURE( 1.000000000000000082E-05 ), #4022, 'distance_accuracy_value', 'NONE');
#952 = CARTESIAN_POINT ( 'NONE',  ( 7.109265000000005053, 0.000000000000000000, 5.500000000000000000 ) ) ;
#953 = FILL_AREA_STYLE ('',( #3445 ) ) ;
#954 = AXIS2_PLACEMENT_3D ( 'NONE', #350, #3894, #2896 ) ;
#955 = ORIENTED_EDGE ( 'NONE', *, *, #3073, .T. ) ;
#956 = LINE ( 'NONE', #586, #92 ) ;
#957 = MECHANICAL_DESIGN_GEOMETRIC_PRESENTATION_REPRESENTATION (  '', ( #474 ), #1034 ) ;
#958 = FACE_OUTER_BOUND ( 'NONE', #1321, .T. ) ;
#959 = ORIENTED_EDGE ( 'NONE', *, *, #1423, .T. ) ;
#960 = CARTESIAN_POINT ( 'NONE',  ( 10.00000000000000000, 2.450000000000001066, 2.694222958124176513E-16 ) ) ;
#961 =( NAMED_UNIT ( * ) SI_UNIT ( $, .STERADIAN. ) SOLID_ANGLE_UNIT ( ) );
#962 = ORIENTED_EDGE ( 'NONE', *, *, #4454, .T. ) ;
#963 = EDGE_CURVE ( 'NONE', #3340, #1670, #1136, .T. ) ;
#964 = VECTOR ( 'NONE', #2794, 1000.000000000000000 ) ;
#965 = STYLED_ITEM ( 'NONE', ( #612 ), #2146 ) ;
#966 = COLOUR_RGB ( '',1.000000000000000000, 1.000000000000000000, 1.000000000000000000 ) ;
#967 = VECTOR ( 'NONE', #2691, 1000.000000000000000 ) ;
#968 = SURFACE_SIDE_STYLE ('',( #4185 ) ) ;
#969 = PRESENTATION_STYLE_ASSIGNMENT (( #1724 ) ) ;
#970 = ORIENTED_EDGE ( 'NONE', *, *, #4207, .T. ) ;
#971 = VECTOR ( 'NONE', #30, 1000.000000000000000 ) ;
#972 = EDGE_CURVE ( 'NONE', #1113, #2673, #712, .T. ) ;
#973 = VERTEX_POINT ( 'NONE', #2204 ) ;
#974 = FILL_AREA_STYLE ('',( #2110 ) ) ;
#975 = AXIS2_PLACEMENT_3D ( 'NONE', #4519, #626, #2019 ) ;
#976 = VERTEX_POINT ( 'NONE', #4305 ) ;
#977 = PLANE ( 'NONE',  #1207 ) ;
#978 = CARTESIAN_POINT ( 'NONE',  ( 2.272600000000004616, -3.249999999999998224, 6.500000000000000888 ) ) ;
#979 = LINE ( 'NONE', #2347, #3477 ) ;
#980 = FACE_OUTER_BOUND ( 'NONE', #1737, .T. ) ;
#981 = ADVANCED_FACE ( 'NONE', ( #4663 ), #4681, .F. ) ;
#982 = DIRECTION ( 'NONE',  ( -0.000000000000000000, -0.000000000000000000, -1.000000000000000000 ) ) ;
#983 = VERTEX_POINT ( 'NONE', #693 ) ;
#984 =( NAMED_UNIT ( * ) SI_UNIT ( $, .STERADIAN. ) SOLID_ANGLE_UNIT ( ) );
#985 = EDGE_CURVE ( 'NONE', #699, #3949, #2159, .T. ) ;
#986 = CARTESIAN_POINT ( 'NONE',  ( 0.000000000000000000, 0.000000000000000000, 5.500000000000000000 ) ) ;
#987 = ORIENTED_EDGE ( 'NONE', *, *, #4092, .T. ) ;
#988 = UNCERTAINTY_MEASURE_WITH_UNIT (LENGTH_MEASURE( 1.000000000000000082E-05 ), #827, 'distance_accuracy_value', 'NONE');
#989 =( LENGTH_UNIT ( ) NAMED_UNIT ( * ) SI_UNIT ( .MILLI., .METRE. ) );
#990 = ORIENTED_EDGE ( 'NONE', *, *, #3915, .F. ) ;
#991 = VECTOR ( 'NONE', #3749, 1000.000000000000000 ) ;
#992 = LINE ( 'NONE', #3101, #2910 ) ;
#993 = CARTESIAN_POINT ( 'NONE',  ( 0.000000000000000000, 0.000000000000000000, 6.000000000000000000 ) ) ;
#994 = DIRECTION ( 'NONE',  ( 1.000000000000000000, 0.000000000000000000, 0.000000000000000000 ) ) ;
#995 = ORIENTED_EDGE ( 'NONE', *, *, #972, .F. ) ;
#996 =( LENGTH_UNIT ( ) NAMED_UNIT ( * ) SI_UNIT ( .MILLI., .METRE. ) );
#997 = ORIENTED_EDGE ( 'NONE', *, *, #1043, .F. ) ;
#998 = EDGE_CURVE ( 'NONE', #1388, #911, #1796, .T. ) ;
#999 = VERTEX_POINT ( 'NONE', #1820 ) ;
#1000 = EDGE_CURVE ( 'NONE', #1752, #282, #3963, .T. ) ;
#1001 = SURFACE_STYLE_USAGE ( .BOTH. , #1732 ) ;
#1002 = COLOUR_RGB ( '',1.000000000000000000, 1.000000000000000000, 1.000000000000000000 ) ;
#1003 = DIRECTION ( 'NONE',  ( 0.000000000000000000, 0.000000000000000000, -1.000000000000000000 ) ) ;
#1004 = MECHANICAL_DESIGN_GEOMETRIC_PRESENTATION_REPRESENTATION (  '', ( #834 ), #3319 ) ;
#1005 = ORIENTED_EDGE ( 'NONE', *, *, #3225, .F. ) ;
#1006 = CARTESIAN_POINT ( 'NONE',  ( 0.000000000000000000, 0.000000000000000000, 6.000000000000000000 ) ) ;
#1008 = LINE ( 'NONE', #1715, #716 ) ;
#1007 = SURFACE_STYLE_USAGE ( .BOTH. , #3493 ) ;
#1009 = ORIENTED_EDGE ( 'NONE', *, *, #4569, .T. ) ;
#1010 = PRESENTATION_STYLE_ASSIGNMENT (( #2050 ) ) ;
#1011 =( LENGTH_UNIT ( ) NAMED_UNIT ( * ) SI_UNIT ( .MILLI., .METRE. ) );
#1012 = ORIENTED_EDGE ( 'NONE', *, *, #2229, .T. ) ;
#1013 = LINE ( 'NONE', #3425, #4338 ) ;
#1014 = SURFACE_STYLE_USAGE ( .BOTH. , #4231 ) ;
#1015 = SURFACE_SIDE_STYLE ('',( #463 ) ) ;
#1016 = PRESENTATION_LAYER_ASSIGNMENT (  '', '', ( #1385 ) ) ;
#1017 = SHAPE_DEFINITION_REPRESENTATION ( #645, #1062 ) ;
#1018 = SURFACE_STYLE_USAGE ( .BOTH. , #3242 ) ;
#1019 = ORIENTED_EDGE ( 'NONE', *, *, #3735, .F. ) ;
#1020 = VERTEX_POINT ( 'NONE', #3989 ) ;
#1021 = FACE_OUTER_BOUND ( 'NONE', #422, .T. ) ;
#1022 =( NAMED_UNIT ( * ) PLANE_ANGLE_UNIT ( ) SI_UNIT ( $, .RADIAN. ) );
#1023 = CARTESIAN_POINT ( 'NONE',  ( 0.000000000000000000, 0.000000000000000000, 0.000000000000000000 ) ) ;
#1024 = ORIENTED_EDGE ( 'NONE', *, *, #1141, .F. ) ;
#1025 = SURFACE_STYLE_FILL_AREA ( #3897 ) ;
#1027 = CARTESIAN_POINT ( 'NONE',  ( 5.741930000000004419, 3.250000000000001332, 0.8500000000000005329 ) ) ;
#1026 =( NAMED_UNIT ( * ) SI_UNIT ( $, .STERADIAN. ) SOLID_ANGLE_UNIT ( ) );
#1028 =( NAMED_UNIT ( * ) SI_UNIT ( $, .STERADIAN. ) SOLID_ANGLE_UNIT ( ) );
#1029 = DIRECTION ( 'NONE',  ( 1.000000000000000000, -0.000000000000000000, -0.000000000000000000 ) ) ;
#1030 = ORIENTED_EDGE ( 'NONE', *, *, #4388, .F. ) ;
#1031 = ORIENTED_EDGE ( 'NONE', *, *, #3600, .F. ) ;
#1032 = CARTESIAN_POINT ( 'NONE',  ( 5.741930000000004419, 2.750000000000002220, 0.8500000000000005329 ) ) ;
#1033 = DIRECTION ( 'NONE',  ( -1.000000000000000000, -1.865294060190112759E-15, 0.000000000000000000 ) ) ;
#1034 =( GEOMETRIC_REPRESENTATION_CONTEXT ( 3 ) GLOBAL_UNCERTAINTY_ASSIGNED_CONTEXT ( ( #2577 ) ) GLOBAL_UNIT_ASSIGNED_CONTEXT ( ( #1165, #773, #3437 ) ) REPRESENTATION_CONTEXT ( 'NONE', 'WORKASPACE' ) );
#1035 = VECTOR ( 'NONE', #3903, 1000.000000000000000 ) ;
#1036 = VECTOR ( 'NONE', #1664, 1000.000000000000000 ) ;
#1037 = SURFACE_STYLE_FILL_AREA ( #4255 ) ;
#1038 = ORIENTED_EDGE ( 'NONE', *, *, #972, .T. ) ;
#1039 = MECHANICAL_DESIGN_GEOMETRIC_PRESENTATION_REPRESENTATION (  '', ( #4117 ), #2104 ) ;
#1040 = ORIENTED_EDGE ( 'NONE', *, *, #2887, .F. ) ;
#1041 = CARTESIAN_POINT ( 'NONE',  ( 6.241930000000005307, 2.750000000000002220, 4.250000000000000000 ) ) ;
#1042 = CARTESIAN_POINT ( 'NONE',  ( 9.500000000000008882, 4.150000000000001243, 0.000000000000000000 ) ) ;
#1043 = EDGE_CURVE ( 'NONE', #1614, #4183, #3599, .T. ) ;
#1044 = PLANE ( 'NONE',  #68 ) ;
#1045 = ORIENTED_EDGE ( 'NONE', *, *, #1444, .F. ) ;
#1046 = FILL_AREA_STYLE ('',( #1378 ) ) ;
#1047 = VECTOR ( 'NONE', #1029, 1000.000000000000000 ) ;
#1048 = CARTESIAN_POINT ( 'NONE',  ( 0.000000000000000000, 0.000000000000000000, 6.000000000000000000 ) ) ;
#1049 = LINE ( 'NONE', #703, #3503 ) ;
#1050 = DIRECTION ( 'NONE',  ( 1.000000000000000000, 0.000000000000000000, 0.000000000000000000 ) ) ;
#1051 = VECTOR ( 'NONE', #1992, 1000.000000000000000 ) ;
#1052 = DIRECTION ( 'NONE',  ( 0.000000000000000000, -0.000000000000000000, -1.000000000000000000 ) ) ;
#1053 = PRESENTATION_LAYER_ASSIGNMENT (  '', '', ( #341 ) ) ;
#1054 = CARTESIAN_POINT ( 'NONE',  ( 10.00000000000000000, 4.650000000000001243, 0.000000000000000000 ) ) ;
#1055 = VERTEX_POINT ( 'NONE', #2335 ) ;
#1056 = CARTESIAN_POINT ( 'NONE',  ( 10.00000000000000888, -4.482962609626241747E-15, 6.000000000000000000 ) ) ;
#1057 = CARTESIAN_POINT ( 'NONE',  ( 10.00000000000000000, 2.450000000000001066, 2.000000000000000888 ) ) ;
#1058 = ADVANCED_FACE ( 'NONE', ( #79 ), #2006, .F. ) ;
#1059 = EDGE_CURVE ( 'NONE', #364, #465, #3026, .T. ) ;
#1060 = ORIENTED_EDGE ( 'NONE', *, *, #1976, .T. ) ;
#1061 = CARTESIAN_POINT ( 'NONE',  ( 0.000000000000000000, 2.750000000000002220, 5.500000000000000000 ) ) ;
#1062 = ADVANCED_BREP_SHAPE_REPRESENTATION ( 'XH2.54 4P', ( #2146, #1171 ), #3278 ) ;
#1063 = UNCERTAINTY_MEASURE_WITH_UNIT (LENGTH_MEASURE( 1.000000000000000082E-05 ), #4111, 'distance_accuracy_value', 'NONE');
#1064 = CARTESIAN_POINT ( 'NONE',  ( 3.000000000000000888, 4.650000000000001243, 0.000000000000000000 ) ) ;
#1065 = ORIENTED_EDGE ( 'NONE', *, *, #1541, .F. ) ;
#1066 = VECTOR ( 'NONE', #4425, 1000.000000000000000 ) ;
#1067 = LINE ( 'NONE', #1356, #2463 ) ;
#1068 = CARTESIAN_POINT ( 'NONE',  ( 6.859265000000005053, 0.000000000000000000, 5.500000000000000000 ) ) ;
#1069 = AXIS2_PLACEMENT_3D ( 'NONE', #952, #179, #1304 ) ;
#1070 = FILL_AREA_STYLE_COLOUR ( '', #4234 ) ;
#1071 = CARTESIAN_POINT ( 'NONE',  ( 9.500000000000008882, 3.450000000000001510, 2.000000000000000444 ) ) ;
#1072 = CARTESIAN_POINT ( 'NONE',  ( 9.500000000000008882, 3.450000000000001510, 4.250000000000000000 ) ) ;
#1073 = ADVANCED_FACE ( 'NONE', ( #1649 ), #515, .F. ) ;
#1074 = VECTOR ( 'NONE', #3641, 1000.000000000000000 ) ;
#1075 = STYLED_ITEM ( 'NONE', ( #122 ), #477 ) ;
#1076 = FILL_AREA_STYLE ('',( #2886 ) ) ;
#1077 = EDGE_CURVE ( 'NONE', #3053, #603, #1242, .T. ) ;
#1078 = SURFACE_SIDE_STYLE ('',( #3215 ) ) ;
#1079 = PRESENTATION_STYLE_ASSIGNMENT (( #313 ) ) ;
#1080 = EDGE_CURVE ( 'NONE', #2499, #3855, #1953, .T. ) ;
#1081 = COLOUR_RGB ( '',1.000000000000000000, 1.000000000000000000, 1.000000000000000000 ) ;
#1082 = DIRECTION ( 'NONE',  ( 1.000000000000000000, -0.000000000000000000, -0.000000000000000000 ) ) ;
#1083 = DIRECTION ( 'NONE',  ( 1.000000000000000000, -8.673617379884035472E-16, 0.000000000000000000 ) ) ;
#1084 = ORIENTED_EDGE ( 'NONE', *, *, #762, .F. ) ;
#1085 = CARTESIAN_POINT ( 'NONE',  ( 4.257270000000006327, 2.759999999999998455, 6.500000000000000888 ) ) ;
#1086 = CARTESIAN_POINT ( 'NONE',  ( 10.00000000000000000, 2.450000000000001066, 2.000000000000000888 ) ) ;
#1087 = ORIENTED_EDGE ( 'NONE', *, *, #3575, .F. ) ;
#1088 = VECTOR ( 'NONE', #2066, 1000.000000000000000 ) ;
#1089 = LINE ( 'NONE', #3529, #1440 ) ;
#1090 =( NAMED_UNIT ( * ) PLANE_ANGLE_UNIT ( ) SI_UNIT ( $, .RADIAN. ) );
#1091 = LINE ( 'NONE', #2529, #3424 ) ;
#1092 =( GEOMETRIC_REPRESENTATION_CONTEXT ( 3 ) GLOBAL_UNCERTAINTY_ASSIGNED_CONTEXT ( ( #3718 ) ) GLOBAL_UNIT_ASSIGNED_CONTEXT ( ( #600, #1961, #2057 ) ) REPRESENTATION_CONTEXT ( 'NONE', 'WORKASPACE' ) );
#1093 = VERTEX_POINT ( 'NONE', #4116 ) ;
#1094 = SURFACE_STYLE_FILL_AREA ( #2144 ) ;
#1095 = LINE ( 'NONE', #43, #321 ) ;
#1097 = SURFACE_STYLE_USAGE ( .BOTH. , #1380 ) ;
#1096 = CARTESIAN_POINT ( 'NONE',  ( 6.859265000000005053, 4.150000000000001243, 5.500000000000000000 ) ) ;
#1098 = UNCERTAINTY_MEASURE_WITH_UNIT (LENGTH_MEASURE( 1.000000000000000082E-05 ), #654, 'distance_accuracy_value', 'NONE');
#1099 = FACE_OUTER_BOUND ( 'NONE', #2619, .T. ) ;
#1100 = EDGE_LOOP ( 'NONE', ( #214, #368, #784, #1553 ) ) ;
#1101 = ADVANCED_FACE ( 'NONE', ( #3379 ), #3145, .F. ) ;
#1102 = CARTESIAN_POINT ( 'NONE',  ( 8.843715570000004078, 0.000000000000000000, 6.000000000000000000 ) ) ;
#1103 = EDGE_CURVE ( 'NONE', #4456, #36, #2145, .T. ) ;
#1104 = VECTOR ( 'NONE', #4547, 1000.000000000000000 ) ;
#1105 = DIRECTION ( 'NONE',  ( 0.000000000000000000, 0.000000000000000000, -1.000000000000000000 ) ) ;
#1106 = VERTEX_POINT ( 'NONE', #2121 ) ;
#1107 = VECTOR ( 'NONE', #4490, 1000.000000000000000 ) ;
#1108 = CARTESIAN_POINT ( 'NONE',  ( 1.155484430000005558, -5.388295609802925378E-17, 5.500000000000000000 ) ) ;
#1109 = DIRECTION ( 'NONE',  ( -0.000000000000000000, -0.000000000000000000, -1.000000000000000000 ) ) ;
#1110 = AXIS2_PLACEMENT_3D ( 'NONE', #3118, #930, #2418 ) ;
#1111 = AXIS2_PLACEMENT_3D ( 'NONE', #402, #797, #2899 ) ;
#1112 = COLOUR_RGB ( '',0.7921568627450980005, 0.8196078431372548767, 0.9333333333333333481 ) ;
#1113 = VERTEX_POINT ( 'NONE', #1397 ) ;
#1114 =( GEOMETRIC_REPRESENTATION_CONTEXT ( 3 ) GLOBAL_UNCERTAINTY_ASSIGNED_CONTEXT ( ( #2212 ) ) GLOBAL_UNIT_ASSIGNED_CONTEXT ( ( #687, #4633, #2909 ) ) REPRESENTATION_CONTEXT ( 'NONE', 'WORKASPACE' ) );
#1115 = CARTESIAN_POINT ( 'NONE',  ( 6.241930000000005307, -3.249999999999998224, 6.500000000000000888 ) ) ;
#1116 = AXIS2_PLACEMENT_3D ( 'NONE', #2620, #1598, #3362 ) ;
#1117 = SURFACE_SIDE_STYLE ('',( #1802 ) ) ;
#1118 = CARTESIAN_POINT ( 'NONE',  ( 6.241930000000005307, 2.750000000000002220, 5.500000000000000000 ) ) ;
#1119 = ORIENTED_EDGE ( 'NONE', *, *, #202, .F. ) ;
#1120 = FILL_AREA_STYLE_COLOUR ( '', #256 ) ;
#1121 = DIRECTION ( 'NONE',  ( 0.000000000000000000, -0.000000000000000000, 1.000000000000000000 ) ) ;
#1123 = PLANE ( 'NONE',  #4040 ) ;
#1122 = CARTESIAN_POINT ( 'NONE',  ( 9.500000000000008882, 0.5000000000000000000, 0.000000000000000000 ) ) ;
#1124 = UNCERTAINTY_MEASURE_WITH_UNIT (LENGTH_MEASURE( 1.000000000000000082E-05 ), #3443, 'distance_accuracy_value', 'NONE');
#1125 = DIRECTION ( 'NONE',  ( 1.000000000000000000, -0.000000000000000000, -0.000000000000000000 ) ) ;
#1126 = CARTESIAN_POINT ( 'NONE',  ( 0.000000000000000000, 3.250000000000001332, 5.500000000000000000 ) ) ;
#1127 = PRESENTATION_STYLE_ASSIGNMENT (( #8 ) ) ;
#1128 = ADVANCED_FACE ( 'NONE', ( #3206 ), #2819, .F. ) ;
#1129 =( NAMED_UNIT ( * ) SI_UNIT ( $, .STERADIAN. ) SOLID_ANGLE_UNIT ( ) );
#1130 = VECTOR ( 'NONE', #334, 1000.000000000000000 ) ;
#1131 = DIRECTION ( 'NONE',  ( -0.000000000000000000, -0.000000000000000000, -1.000000000000000000 ) ) ;
#1132 = COLOUR_RGB ( '',1.000000000000000000, 0.8509803921568627194, 0.1529411764705882470 ) ;
#1133 = PRESENTATION_LAYER_ASSIGNMENT (  '', '', ( #3605 ) ) ;
#1134 = ORIENTED_EDGE ( 'NONE', *, *, #4391, .T. ) ;
#1135 =( NAMED_UNIT ( * ) PLANE_ANGLE_UNIT ( ) SI_UNIT ( $, .RADIAN. ) );
#1136 = LINE ( 'NONE', #3268, #2804 ) ;
#1137 = VERTEX_POINT ( 'NONE', #2419 ) ;
#1138 = FILL_AREA_STYLE ('',( #4437 ) ) ;
#1139 = EDGE_CURVE ( 'NONE', #400, #120, #1067, .T. ) ;
#1140 =( GEOMETRIC_REPRESENTATION_CONTEXT ( 3 ) GLOBAL_UNCERTAINTY_ASSIGNED_CONTEXT ( ( #3062 ) ) GLOBAL_UNIT_ASSIGNED_CONTEXT ( ( #1379, #2466, #1026 ) ) REPRESENTATION_CONTEXT ( 'NONE', 'WORKASPACE' ) );
#1141 = EDGE_CURVE ( 'NONE', #3104, #33, #3517, .T. ) ;
#1142 = ORIENTED_EDGE ( 'NONE', *, *, #346, .T. ) ;
#1143 = CARTESIAN_POINT ( 'NONE',  ( 2.889935000000004806, -1.295547054925022377E-15, 6.000000000000000000 ) ) ;
#1144 = CARTESIAN_POINT ( 'NONE',  ( 1.155484430000005780, 4.150000000000001243, 6.000000000000000000 ) ) ;
#1145 = PRESENTATION_STYLE_ASSIGNMENT (( #4019 ) ) ;
#1146 = ORIENTED_EDGE ( 'NONE', *, *, #2243, .T. ) ;
#1147 = CARTESIAN_POINT ( 'NONE',  ( 6.241930000000006196, 3.250000000000002220, 6.009999999999997122 ) ) ;
#1148 = SURFACE_STYLE_USAGE ( .BOTH. , #2653 ) ;
#1149 = CARTESIAN_POINT ( 'NONE',  ( 2.272600000000004616, 2.750000000000002220, 6.750000000000000888 ) ) ;
#1150 = STYLED_ITEM ( 'NONE', ( #384 ), #2752 ) ;
#1151 = COLOUR_RGB ( '',1.000000000000000000, 1.000000000000000000, 1.000000000000000000 ) ;
#1152 = COLOUR_RGB ( '',0.9607843137254902244, 0.9098039215686274384, 0.000000000000000000 ) ;
#1153 = PRESENTATION_LAYER_ASSIGNMENT (  '', '', ( #923 ) ) ;
#1154 = ORIENTED_EDGE ( 'NONE', *, *, #83, .T. ) ;
#1155 = CARTESIAN_POINT ( 'NONE',  ( 2.889935000000004806, -1.295547054925022377E-15, 5.500000000000000000 ) ) ;
#1156 = VECTOR ( 'NONE', #2555, 1000.000000000000000 ) ;
#1157 = ORIENTED_EDGE ( 'NONE', *, *, #2408, .T. ) ;
#1158 = VECTOR ( 'NONE', #1508, 1000.000000000000000 ) ;
#1159 =( LENGTH_UNIT ( ) NAMED_UNIT ( * ) SI_UNIT ( .MILLI., .METRE. ) );
#1160 = DIRECTION ( 'NONE',  ( -0.000000000000000000, -0.000000000000000000, -1.000000000000000000 ) ) ;
#1161 = CARTESIAN_POINT ( 'NONE',  ( 0.5000000000000004441, 4.150000000000000355, 2.000000000000000000 ) ) ;
#1162 = VECTOR ( 'NONE', #3530, 1000.000000000000000 ) ;
#1163 = ORIENTED_EDGE ( 'NONE', *, *, #31, .F. ) ;
#1164 = SURFACE_STYLE_FILL_AREA ( #1468 ) ;
#1165 =( LENGTH_UNIT ( ) NAMED_UNIT ( * ) SI_UNIT ( .MILLI., .METRE. ) );
#1166 = UNCERTAINTY_MEASURE_WITH_UNIT (LENGTH_MEASURE( 1.000000000000000082E-05 ), #2090, 'distance_accuracy_value', 'NONE');
#1167 = PRESENTATION_STYLE_ASSIGNMENT (( #2257 ) ) ;
#1168 = EDGE_CURVE ( 'NONE', #3416, #3691, #3185, .T. ) ;
#1169 = LINE ( 'NONE', #2607, #315 ) ;
#1170 = FACE_OUTER_BOUND ( 'NONE', #2547, .T. ) ;
#1171 = AXIS2_PLACEMENT_3D ( 'NONE', #1364, #3865, #2133 ) ;
#1172 = SURFACE_SIDE_STYLE ('',( #3328 ) ) ;
#1173 = CARTESIAN_POINT ( 'NONE',  ( 8.500000000000005329, 4.150000000000001243, 1.700000000000006839 ) ) ;
#1174 =( GEOMETRIC_REPRESENTATION_CONTEXT ( 3 ) GLOBAL_UNCERTAINTY_ASSIGNED_CONTEXT ( ( #1227 ) ) GLOBAL_UNIT_ASSIGNED_CONTEXT ( ( #1994, #3364, #4445 ) ) REPRESENTATION_CONTEXT ( 'NONE', 'WORKASPACE' ) );
#1175 = FILL_AREA_STYLE ('',( #77 ) ) ;
#1176 = SURFACE_STYLE_FILL_AREA ( #4049 ) ;
#1177 = EDGE_CURVE ( 'NONE', #4307, #1752, #2169, .T. ) ;
#1178 = PRESENTATION_LAYER_ASSIGNMENT (  '', '', ( #3201 ) ) ;
#1179 = ORIENTED_EDGE ( 'NONE', *, *, #713, .F. ) ;
#1180 = DIRECTION ( 'NONE',  ( 1.000000000000000000, 0.000000000000000000, 0.000000000000000000 ) ) ;
#1181 = VECTOR ( 'NONE', #2820, 1000.000000000000000 ) ;
#1182 = DIRECTION ( 'NONE',  ( -1.000000000000000000, -0.000000000000000000, -0.000000000000000000 ) ) ;
#1183 = PRESENTATION_LAYER_ASSIGNMENT (  '', '', ( #869 ) ) ;
#1184 = ORIENTED_EDGE ( 'NONE', *, *, #346, .F. ) ;
#1185 =( NAMED_UNIT ( * ) PLANE_ANGLE_UNIT ( ) SI_UNIT ( $, .RADIAN. ) );
#1186 =( NAMED_UNIT ( * ) SI_UNIT ( $, .STERADIAN. ) SOLID_ANGLE_UNIT ( ) );
#1187 = DIRECTION ( 'NONE',  ( 0.000000000000000000, 0.000000000000000000, -1.000000000000000000 ) ) ;
#1188 =( GEOMETRIC_REPRESENTATION_CONTEXT ( 3 ) GLOBAL_UNCERTAINTY_ASSIGNED_CONTEXT ( ( #866 ) ) GLOBAL_UNIT_ASSIGNED_CONTEXT ( ( #2867, #706, #3241 ) ) REPRESENTATION_CONTEXT ( 'NONE', 'WORKASPACE' ) );
#1189 = DIRECTION ( 'NONE',  ( 0.000000000000000000, 1.000000000000000000, -0.000000000000000000 ) ) ;
#1190 = CARTESIAN_POINT ( 'NONE',  ( 4.257270000000004551, 3.250000000000001776, 0.8500000000000005329 ) ) ;
#1191 = FILL_AREA_STYLE_COLOUR ( '', #2025 ) ;
#1192 = STYLED_ITEM ( 'NONE', ( #4286 ), #272 ) ;
#1193 = DIRECTION ( 'NONE',  ( 0.000000000000000000, 0.000000000000000000, -1.000000000000000000 ) ) ;
#1194 = FILL_AREA_STYLE ('',( #4451 ) ) ;
#1195 = MECHANICAL_DESIGN_GEOMETRIC_PRESENTATION_REPRESENTATION (  '', ( #3995 ), #1812 ) ;
#1196 = ORIENTED_EDGE ( 'NONE', *, *, #4649, .T. ) ;
#1197 = SURFACE_SIDE_STYLE ('',( #37 ) ) ;
#1198 = STYLED_ITEM ( 'NONE', ( #393 ), #3827 ) ;
#1199 = LINE ( 'NONE', #108, #3947 ) ;
#1200 = VERTEX_POINT ( 'NONE', #283 ) ;
#1201 = MECHANICAL_DESIGN_GEOMETRIC_PRESENTATION_REPRESENTATION (  '', ( #3843 ), #2791 ) ;
#1202 = CARTESIAN_POINT ( 'NONE',  ( 6.241930000000005307, 2.750000000000002220, 0.8500000000000005329 ) ) ;
#1203 = LINE ( 'NONE', #4122, #371 ) ;
#1204 = SURFACE_SIDE_STYLE ('',( #798 ) ) ;
#1205 = UNCERTAINTY_MEASURE_WITH_UNIT (LENGTH_MEASURE( 1.000000000000000082E-05 ), #3618, 'distance_accuracy_value', 'NONE');
#1206 = FACE_OUTER_BOUND ( 'NONE', #1730, .T. ) ;
#1207 = AXIS2_PLACEMENT_3D ( 'NONE', #524, #4121, #3466 ) ;
#1208 = SURFACE_SIDE_STYLE ('',( #2970 ) ) ;
#1209 = ADVANCED_FACE ( 'NONE', ( #4600 ), #4625, .F. ) ;
#1211 = SURFACE_STYLE_FILL_AREA ( #2303 ) ;
#1210 = SURFACE_STYLE_FILL_AREA ( #4088 ) ;
#1212 =( NAMED_UNIT ( * ) PLANE_ANGLE_UNIT ( ) SI_UNIT ( $, .RADIAN. ) );
#1213 =( NAMED_UNIT ( * ) PLANE_ANGLE_UNIT ( ) SI_UNIT ( $, .RADIAN. ) );
#1214 = CARTESIAN_POINT ( 'NONE',  ( 5.741930000000004419, -3.249999999999998224, 6.500000000000000888 ) ) ;
#1215 = CARTESIAN_POINT ( 'NONE',  ( 7.000000000000000888, 4.150000000000001243, 4.000000000000000888 ) ) ;
#1216 = DIRECTION ( 'NONE',  ( -1.000000000000000000, -0.000000000000000000, -0.000000000000000000 ) ) ;
#1217 =( GEOMETRIC_REPRESENTATION_CONTEXT ( 3 ) GLOBAL_UNCERTAINTY_ASSIGNED_CONTEXT ( ( #4316 ) ) GLOBAL_UNIT_ASSIGNED_CONTEXT ( ( #2917, #1841, #3668 ) ) REPRESENTATION_CONTEXT ( 'NONE', 'WORKASPACE' ) );
#1218 =( LENGTH_UNIT ( ) NAMED_UNIT ( * ) SI_UNIT ( .MILLI., .METRE. ) );
#1219 = COLOUR_RGB ( '',1.000000000000000000, 1.000000000000000000, 1.000000000000000000 ) ;
#1220 = STYLED_ITEM ( 'NONE', ( #2496 ), #2722 ) ;
#1221 = ORIENTED_EDGE ( 'NONE', *, *, #3431, .F. ) ;
#1222 =( NAMED_UNIT ( * ) PLANE_ANGLE_UNIT ( ) SI_UNIT ( $, .RADIAN. ) );
#1223 =( LENGTH_UNIT ( ) NAMED_UNIT ( * ) SI_UNIT ( .MILLI., .METRE. ) );
#1224 = VERTEX_POINT ( 'NONE', #2621 ) ;
#1225 = DIRECTION ( 'NONE',  ( 1.000000000000000000, -4.482962609626237803E-16, -0.000000000000000000 ) ) ;
#1226 = SURFACE_STYLE_FILL_AREA ( #1945 ) ;
#1227 = UNCERTAINTY_MEASURE_WITH_UNIT (LENGTH_MEASURE( 1.000000000000000082E-05 ), #1994, 'distance_accuracy_value', 'NONE');
#1228 = LINE ( 'NONE', #2299, #362 ) ;
#1229 = LINE ( 'NONE', #529, #2214 ) ;
#1230 = LINE ( 'NONE', #28, #2313 ) ;
#1231 = CYLINDRICAL_SURFACE ( 'NONE', #1110, 0.4899999999999999911 ) ;
#1233 =( NAMED_UNIT ( * ) PLANE_ANGLE_UNIT ( ) SI_UNIT ( $, .RADIAN. ) );
#1232 = FILL_AREA_STYLE_COLOUR ( '', #4590 ) ;
#1234 = ORIENTED_EDGE ( 'NONE', *, *, #1274, .F. ) ;
#1235 = EDGE_CURVE ( 'NONE', #1438, #699, #3653, .T. ) ;
#1236 =( NAMED_UNIT ( * ) SI_UNIT ( $, .STERADIAN. ) SOLID_ANGLE_UNIT ( ) );
#1237 = ORIENTED_EDGE ( 'NONE', *, *, #547, .F. ) ;
#1238 = EDGE_CURVE ( 'NONE', #549, #4183, #771, .T. ) ;
#1239 = DIRECTION ( 'NONE',  ( 0.000000000000000000, 0.000000000000000000, 1.000000000000000000 ) ) ;
#1240 = FILL_AREA_STYLE_COLOUR ( '', #1081 ) ;
#1241 = ORIENTED_EDGE ( 'NONE', *, *, #3154, .F. ) ;
#1242 = LINE ( 'NONE', #4143, #3000 ) ;
#1243 = ORIENTED_EDGE ( 'NONE', *, *, #4661, .T. ) ;
#1244 = VECTOR ( 'NONE', #4312, 1000.000000000000000 ) ;
#1245 = VECTOR ( 'NONE', #4418, 1000.000000000000000 ) ;
#1246 = ORIENTED_EDGE ( 'NONE', *, *, #370, .F. ) ;
#1247 = SURFACE_STYLE_USAGE ( .BOTH. , #3717 ) ;
#1248 = FILL_AREA_STYLE ('',( #133 ) ) ;
#1249 = STYLED_ITEM ( 'NONE', ( #3842 ), #2407 ) ;
#1250 = LINE ( 'NONE', #3444, #1900 ) ;
#1251 = SURFACE_SIDE_STYLE ('',( #476 ) ) ;
#1252 = ADVANCED_FACE ( 'NONE', ( #3255 ), #4377, .F. ) ;
#1253 = AXIS2_PLACEMENT_3D ( 'NONE', #4448, #3395, #2327 ) ;
#1254 = SURFACE_SIDE_STYLE ('',( #4176 ) ) ;
#1255 = ORIENTED_EDGE ( 'NONE', *, *, #2658, .T. ) ;
#1256 = CARTESIAN_POINT ( 'NONE',  ( 8.500000000000005329, 4.150000000000001243, 1.700000000000006839 ) ) ;
#1257 = SURFACE_STYLE_FILL_AREA ( #1638 ) ;
#1258 = MECHANICAL_DESIGN_GEOMETRIC_PRESENTATION_REPRESENTATION (  '', ( #457 ), #3355 ) ;
#1259 = ORIENTED_EDGE ( 'NONE', *, *, #776, .T. ) ;
#1260 = VECTOR ( 'NONE', #677, 1000.000000000000000 ) ;
#1261 = LINE ( 'NONE', #2261, #758 ) ;
#1262 =( NAMED_UNIT ( * ) PLANE_ANGLE_UNIT ( ) SI_UNIT ( $, .RADIAN. ) );
#1263 = EDGE_CURVE ( 'NONE', #2788, #4554, #1095, .T. ) ;
#1264 =( NAMED_UNIT ( * ) SI_UNIT ( $, .STERADIAN. ) SOLID_ANGLE_UNIT ( ) );
#1265 = DIRECTION ( 'NONE',  ( 0.000000000000000000, -0.000000000000000000, -1.000000000000000000 ) ) ;
#1266 = EDGE_LOOP ( 'NONE', ( #2720, #2026, #3669, #1334 ) ) ;
#1267 = SURFACE_SIDE_STYLE ('',( #4484 ) ) ;
#1268 = ORIENTED_EDGE ( 'NONE', *, *, #2131, .F. ) ;
#1269 = DIRECTION ( 'NONE',  ( 0.000000000000000000, -0.000000000000000000, 1.000000000000000000 ) ) ;
#1270 = MECHANICAL_DESIGN_GEOMETRIC_PRESENTATION_REPRESENTATION (  '', ( #4127 ), #2479 ) ;
#1271 = VERTEX_POINT ( 'NONE', #1918 ) ;
#1272 = DIRECTION ( 'NONE',  ( 1.000000000000000000, 0.000000000000000000, 0.000000000000000000 ) ) ;
#1273 = VECTOR ( 'NONE', #1483, 1000.000000000000000 ) ;
#1274 = EDGE_CURVE ( 'NONE', #4183, #983, #3610, .T. ) ;
#1275 = VERTEX_POINT ( 'NONE', #4342 ) ;
#1276 = SURFACE_STYLE_FILL_AREA ( #3059 ) ;
#1277 = EDGE_CURVE ( 'NONE', #1943, #2663, #2275, .T. ) ;
#1278 = EDGE_CURVE ( 'NONE', #745, #4359, #3675, .T. ) ;
#1279 =( NAMED_UNIT ( * ) SI_UNIT ( $, .STERADIAN. ) SOLID_ANGLE_UNIT ( ) );
#1280 = PLANE ( 'NONE',  #975 ) ;
#1281 =( GEOMETRIC_REPRESENTATION_CONTEXT ( 3 ) GLOBAL_UNCERTAINTY_ASSIGNED_CONTEXT ( ( #2740 ) ) GLOBAL_UNIT_ASSIGNED_CONTEXT ( ( #1493, #403, #2147 ) ) REPRESENTATION_CONTEXT ( 'NONE', 'WORKASPACE' ) );
#1282 = PRESENTATION_STYLE_ASSIGNMENT (( #927 ) ) ;
#1283 = EDGE_LOOP ( 'NONE', ( #507, #4565, #3058, #1390 ) ) ;
#1284 = FACE_OUTER_BOUND ( 'NONE', #3902, .T. ) ;
#1286 = CARTESIAN_POINT ( 'NONE',  ( 1.772600000000004838, -3.249999999999998224, 6.500000000000000888 ) ) ;
#1285 = LINE ( 'NONE', #3777, #1747 ) ;
#1287 = ORIENTED_EDGE ( 'NONE', *, *, #4677, .F. ) ;
#1288 = LINE ( 'NONE', #3122, #842 ) ;
#1289 = ORIENTED_EDGE ( 'NONE', *, *, #985, .F. ) ;
#1290 = SURFACE_SIDE_STYLE ('',( #194 ) ) ;
#1291 = SURFACE_STYLE_USAGE ( .BOTH. , #3102 ) ;
#1292 = SURFACE_SIDE_STYLE ('',( #248 ) ) ;
#1293 = EDGE_LOOP ( 'NONE', ( #906, #1441, #4259, #3233 ) ) ;
#1294 =( NAMED_UNIT ( * ) SI_UNIT ( $, .STERADIAN. ) SOLID_ANGLE_UNIT ( ) );
#1295 = ORIENTED_EDGE ( 'NONE', *, *, #458, .F. ) ;
#1296 = FILL_AREA_STYLE ('',( #2701 ) ) ;
#1297 = ORIENTED_EDGE ( 'NONE', *, *, #2605, .F. ) ;
#1298 = COLOUR_RGB ( '',1.000000000000000000, 1.000000000000000000, 1.000000000000000000 ) ;
#1299 = AXIS2_PLACEMENT_3D ( 'NONE', #3753, #3685, #487 ) ;
#1300 = ORIENTED_EDGE ( 'NONE', *, *, #3482, .F. ) ;
#1301 = SURFACE_STYLE_USAGE ( .BOTH. , #230 ) ;
#1302 = DIRECTION ( 'NONE',  ( 1.000000000000000000, 0.000000000000000000, 0.000000000000000000 ) ) ;
#1303 = UNCERTAINTY_MEASURE_WITH_UNIT (LENGTH_MEASURE( 1.000000000000000082E-05 ), #131, 'distance_accuracy_value', 'NONE');
#1304 = DIRECTION ( 'NONE',  ( -0.000000000000000000, 0.000000000000000000, 1.000000000000000000 ) ) ;
#1305 = CARTESIAN_POINT ( 'NONE',  ( 3.139935000000005250, 4.150000000000001243, 6.000000000000000000 ) ) ;
#1306 =( GEOMETRIC_REPRESENTATION_CONTEXT ( 3 ) GLOBAL_UNCERTAINTY_ASSIGNED_CONTEXT ( ( #3035 ) ) GLOBAL_UNIT_ASSIGNED_CONTEXT ( ( #1743, #1313, #3782 ) ) REPRESENTATION_CONTEXT ( 'NONE', 'WORKASPACE' ) );
#1307 = ORIENTED_EDGE ( 'NONE', *, *, #3549, .F. ) ;
#1308 = DIRECTION ( 'NONE',  ( 0.000000000000000000, -1.000000000000000000, 4.336808689942016257E-16 ) ) ;
#1309 = VECTOR ( 'NONE', #3671, 1000.000000000000000 ) ;
#1311 = LINE ( 'NONE', #2421, #3213 ) ;
#1310 = LINE ( 'NONE', #587, #3686 ) ;
#1312 = ORIENTED_EDGE ( 'NONE', *, *, #2624, .F. ) ;
#1313 =( NAMED_UNIT ( * ) PLANE_ANGLE_UNIT ( ) SI_UNIT ( $, .RADIAN. ) );
#1314 =( NAMED_UNIT ( * ) PLANE_ANGLE_UNIT ( ) SI_UNIT ( $, .RADIAN. ) );
#1315 = VERTEX_POINT ( 'NONE', #3342 ) ;
#1316 = EDGE_CURVE ( 'NONE', #2675, #1106, #22, .T. ) ;
#1317 = UNCERTAINTY_MEASURE_WITH_UNIT (LENGTH_MEASURE( 1.000000000000000082E-05 ), #279, 'distance_accuracy_value', 'NONE');
#1318 = COLOUR_RGB ( '',1.000000000000000000, 1.000000000000000000, 1.000000000000000000 ) ;
#1319 = CARTESIAN_POINT ( 'NONE',  ( 7.726600000000005686, 2.750000000000002220, 6.000000000000000000 ) ) ;
#1320 =( NAMED_UNIT ( * ) PLANE_ANGLE_UNIT ( ) SI_UNIT ( $, .RADIAN. ) );
#1321 = EDGE_LOOP ( 'NONE', ( #1243, #4571, #4660, #946 ) ) ;
#1322 = ORIENTED_EDGE ( 'NONE', *, *, #3709, .T. ) ;
#1323 = VERTEX_POINT ( 'NONE', #1555 ) ;
#1324 =( NAMED_UNIT ( * ) PLANE_ANGLE_UNIT ( ) SI_UNIT ( $, .RADIAN. ) );
#1325 = EDGE_CURVE ( 'NONE', #3475, #3416, #1533, .T. ) ;
#1326 = EDGE_CURVE ( 'NONE', #1597, #873, #3975, .T. ) ;
#1327 = PRESENTATION_LAYER_ASSIGNMENT (  '', '', ( #2756 ) ) ;
#1328 = EDGE_LOOP ( 'NONE', ( #1146, #4527, #3754, #884 ) ) ;
#1329 =( NAMED_UNIT ( * ) SI_UNIT ( $, .STERADIAN. ) SOLID_ANGLE_UNIT ( ) );
#1330 = CARTESIAN_POINT ( 'NONE',  ( 0.000000000000000000, 2.750000000000002220, 5.500000000000000000 ) ) ;
#1331 = DIRECTION ( 'NONE',  ( -0.000000000000000000, -1.000000000000000000, -0.000000000000000000 ) ) ;
#1332 = VECTOR ( 'NONE', #2508, 1000.000000000000000 ) ;
#1333 = CARTESIAN_POINT ( 'NONE',  ( 6.241930000000005307, 3.250000000000001332, 6.750000000000000888 ) ) ;
#1334 = ORIENTED_EDGE ( 'NONE', *, *, #3152, .F. ) ;
#1335 = LINE ( 'NONE', #3516, #4192 ) ;
#1337 = CARTESIAN_POINT ( 'NONE',  ( 6.241930000000005307, 0.000000000000000000, 5.500000000000000000 ) ) ;
#1336 = DIRECTION ( 'NONE',  ( -0.000000000000000000, 0.000000000000000000, 1.000000000000000000 ) ) ;
#1338 = VERTEX_POINT ( 'NONE', #2708 ) ;
#1339 = FILL_AREA_STYLE_COLOUR ( '', #1525 ) ;
#1340 = ORIENTED_EDGE ( 'NONE', *, *, #1484, .F. ) ;
#1341 = VECTOR ( 'NONE', #2253, 1000.000000000000000 ) ;
#1342 = VECTOR ( 'NONE', #1430, 1000.000000000000000 ) ;
#1343 = AXIS2_PLACEMENT_3D ( 'NONE', #1963, #1944, #3296 ) ;
#1344 =( NAMED_UNIT ( * ) SI_UNIT ( $, .STERADIAN. ) SOLID_ANGLE_UNIT ( ) );
#1345 = ADVANCED_FACE ( 'NONE', ( #3363 ), #2665, .F. ) ;
#1346 = CARTESIAN_POINT ( 'NONE',  ( 10.00000000000000000, 4.650000000000001243, 6.000000000000000000 ) ) ;
#1347 = EDGE_LOOP ( 'NONE', ( #4280, #3774, #514, #3582 ) ) ;
#1348 = EDGE_CURVE ( 'NONE', #873, #549, #3770, .T. ) ;
#1349 = DIRECTION ( 'NONE',  ( -0.000000000000000000, 1.000000000000000000, 0.000000000000000000 ) ) ;
#1350 = ORIENTED_EDGE ( 'NONE', *, *, #41, .F. ) ;
#1351 = ORIENTED_EDGE ( 'NONE', *, *, #4455, .T. ) ;
#1352 = DIRECTION ( 'NONE',  ( -0.000000000000000000, -0.000000000000000000, 1.000000000000000000 ) ) ;
#1353 = COLOUR_RGB ( '',1.000000000000000000, 0.8941176470588234615, 0.1058823529411764691 ) ;
#1354 = SURFACE_STYLE_USAGE ( .BOTH. , #3489 ) ;
#1355 = ORIENTED_EDGE ( 'NONE', *, *, #3133, .T. ) ;
#1356 = CARTESIAN_POINT ( 'NONE',  ( 9.500000000000007105, 4.650000000000001243, 1.700000000000008615 ) ) ;
#1357 = ORIENTED_EDGE ( 'NONE', *, *, #1326, .F. ) ;
#1358 = FACE_BOUND ( 'NONE', #4115, .T. ) ;
#1359 =( NAMED_UNIT ( * ) PLANE_ANGLE_UNIT ( ) SI_UNIT ( $, .RADIAN. ) );
#1360 = VERTEX_POINT ( 'NONE', #3387 ) ;
#1361 =( LENGTH_UNIT ( ) NAMED_UNIT ( * ) SI_UNIT ( .MILLI., .METRE. ) );
#1362 = PRESENTATION_STYLE_ASSIGNMENT (( #1291 ) ) ;
#1363 = CARTESIAN_POINT ( 'NONE',  ( 1.155484430000005780, -5.179993495695310825E-16, 5.500000000000000000 ) ) ;
#1364 = CARTESIAN_POINT ( 'NONE',  ( 0.000000000000000000, 0.000000000000000000, 0.000000000000000000 ) ) ;
#1365 = DIRECTION ( 'NONE',  ( -0.000000000000000000, -0.000000000000000000, 1.000000000000000000 ) ) ;
#1366 = ORIENTED_EDGE ( 'NONE', *, *, #2497, .F. ) ;
#1367 =( LENGTH_UNIT ( ) NAMED_UNIT ( * ) SI_UNIT ( .MILLI., .METRE. ) );
#1368 = ORIENTED_EDGE ( 'NONE', *, *, #3405, .F. ) ;
#1369 = CARTESIAN_POINT ( 'NONE',  ( 7.000000000000000888, 4.150000000000001243, 4.000000000000000888 ) ) ;
#1370 = DIRECTION ( 'NONE',  ( -0.000000000000000000, -0.000000000000000000, 1.000000000000000000 ) ) ;
#1371 = PRESENTATION_LAYER_ASSIGNMENT (  '', '', ( #2802 ) ) ;
#1372 = CARTESIAN_POINT ( 'NONE',  ( 4.257270000000004551, -3.249999999999998224, 6.500000000000000888 ) ) ;
#1373 = STYLED_ITEM ( 'NONE', ( #1167 ), #817 ) ;
#1374 = AXIS2_PLACEMENT_3D ( 'NONE', #2648, #4086, #846 ) ;
#1375 = STYLED_ITEM ( 'NONE', ( #489 ), #2591 ) ;
#1376 = EDGE_LOOP ( 'NONE', ( #494, #2772, #1485, #878 ) ) ;
#1377 = CARTESIAN_POINT ( 'NONE',  ( 5.741930000000004419, 2.750000000000002220, 4.250000000000000000 ) ) ;
#1378 = FILL_AREA_STYLE_COLOUR ( '', #164 ) ;
#1380 = SURFACE_SIDE_STYLE ('',( #3898 ) ) ;
#1379 =( LENGTH_UNIT ( ) NAMED_UNIT ( * ) SI_UNIT ( .MILLI., .METRE. ) );
#1381 = PRESENTATION_STYLE_ASSIGNMENT (( #661 ) ) ;
#1382 = ORIENTED_EDGE ( 'NONE', *, *, #1410, .T. ) ;
#1383 = PRESENTATION_LAYER_ASSIGNMENT (  '', '', ( #2292 ) ) ;
#1384 =( NAMED_UNIT ( * ) PLANE_ANGLE_UNIT ( ) SI_UNIT ( $, .RADIAN. ) );
#1385 = STYLED_ITEM ( 'NONE', ( #3848 ), #1479 ) ;
#1386 = EDGE_CURVE ( 'NONE', #1693, #4155, #4341, .T. ) ;
#1387 = SURFACE_STYLE_FILL_AREA ( #295 ) ;
#1388 = VERTEX_POINT ( 'NONE', #3742 ) ;
#1389 = CARTESIAN_POINT ( 'NONE',  ( 7.000000000000000888, 4.650000000000001243, 4.000000000000000888 ) ) ;
#1390 = ORIENTED_EDGE ( 'NONE', *, *, #1756, .T. ) ;
#1391 = DIRECTION ( 'NONE',  ( 0.000000000000000000, 0.000000000000000000, 1.000000000000000000 ) ) ;
#1392 = LINE ( 'NONE', #1042, #1604 ) ;
#1393 = UNCERTAINTY_MEASURE_WITH_UNIT (LENGTH_MEASURE( 1.000000000000000082E-05 ), #1223, 'distance_accuracy_value', 'NONE');
#1394 = CARTESIAN_POINT ( 'NONE',  ( 6.241930000000005307, 3.250000000000001332, 0.8500000000000005329 ) ) ;
#1395 = VECTOR ( 'NONE', #3326, 1000.000000000000000 ) ;
#1396 = VERTEX_POINT ( 'NONE', #496 ) ;
#1397 = CARTESIAN_POINT ( 'NONE',  ( 0.5000000000000004441, 4.150000000000001243, 4.250000000000000000 ) ) ;
#1399 = DIRECTION ( 'NONE',  ( -1.000000000000000000, -0.000000000000000000, -0.000000000000000000 ) ) ;
#1398 = CARTESIAN_POINT ( 'NONE',  ( 8.226600000000006574, 3.250000000000001332, 0.8500000000000005329 ) ) ;
#1400 = VECTOR ( 'NONE', #583, 1000.000000000000000 ) ;
#1401 = ADVANCED_FACE ( 'NONE', ( #132, #207 ), #525, .T. ) ;
#1402 = SURFACE_STYLE_FILL_AREA ( #2468 ) ;
#1403 = PLANE ( 'NONE',  #3672 ) ;
#1404 = DIRECTION ( 'NONE',  ( -0.000000000000000000, 1.000000000000000000, 0.000000000000000000 ) ) ;
#1405 = EDGE_CURVE ( 'NONE', #3177, #1999, #1203, .T. ) ;
#1406 = DIRECTION ( 'NONE',  ( 0.000000000000000000, 0.000000000000000000, -1.000000000000000000 ) ) ;
#1407 = PRESENTATION_STYLE_ASSIGNMENT (( #2888 ) ) ;
#1408 = FILL_AREA_STYLE ('',( #4352 ) ) ;
#1409 = EDGE_CURVE ( 'NONE', #253, #4487, #2644, .T. ) ;
#1410 = EDGE_CURVE ( 'NONE', #33, #699, #2852, .T. ) ;
#1411 = VECTOR ( 'NONE', #1806, 1000.000000000000000 ) ;
#1412 = STYLED_ITEM ( 'NONE', ( #3419 ), #2175 ) ;
#1413 = MECHANICAL_DESIGN_GEOMETRIC_PRESENTATION_REPRESENTATION (  '', ( #1632 ), #1188 ) ;
#1414 = CARTESIAN_POINT ( 'NONE',  ( 7.726600000000005686, -3.249999999999998224, 6.500000000000000888 ) ) ;
#1415 = ORIENTED_EDGE ( 'NONE', *, *, #3993, .T. ) ;
#1416 = PLANE ( 'NONE',  #18 ) ;
#1417 = ORIENTED_EDGE ( 'NONE', *, *, #1043, .T. ) ;
#1418 = EDGE_CURVE ( 'NONE', #2032, #3818, #1392, .T. ) ;
#1419 = DIRECTION ( 'NONE',  ( 0.000000000000000000, 1.000000000000000000, 0.000000000000000000 ) ) ;
#1420 =( NAMED_UNIT ( * ) SI_UNIT ( $, .STERADIAN. ) SOLID_ANGLE_UNIT ( ) );
#1421 = VECTOR ( 'NONE', #4310, 1000.000000000000000 ) ;
#1422 =( LENGTH_UNIT ( ) NAMED_UNIT ( * ) SI_UNIT ( .MILLI., .METRE. ) );
#1423 = EDGE_CURVE ( 'NONE', #317, #400, #2413, .T. ) ;
#1424 = DIRECTION ( 'NONE',  ( -0.000000000000000000, 0.000000000000000000, 1.000000000000000000 ) ) ;
#1425 = EDGE_CURVE ( 'NONE', #4597, #4238, #4593, .T. ) ;
#1426 = EDGE_CURVE ( 'NONE', #1224, #2046, #3889, .T. ) ;
#1427 = EDGE_LOOP ( 'NONE', ( #863, #997, #1497, #2079 ) ) ;
#1428 = FILL_AREA_STYLE ('',( #2832 ) ) ;
#1429 = SURFACE_STYLE_USAGE ( .BOTH. , #2464 ) ;
#1430 = DIRECTION ( 'NONE',  ( -0.000000000000000000, -0.000000000000000000, 1.000000000000000000 ) ) ;
#1431 = LINE ( 'NONE', #1048, #137 ) ;
#1432 = DIRECTION ( 'NONE',  ( -1.000000000000000000, 0.000000000000000000, -0.000000000000000000 ) ) ;
#1433 = FILL_AREA_STYLE_COLOUR ( '', #1353 ) ;
#1434 = AXIS2_PLACEMENT_3D ( 'NONE', #2291, #464, #490 ) ;
#1435 = FILL_AREA_STYLE_COLOUR ( '', #165 ) ;
#1436 = SURFACE_SIDE_STYLE ('',( #4634 ) ) ;
#1437 = VECTOR ( 'NONE', #4423, 1000.000000000000000 ) ;
#1438 = VERTEX_POINT ( 'NONE', #3179 ) ;
#1439 = DIRECTION ( 'NONE',  ( -4.663235150475285595E-17, -1.000000000000000000, 0.000000000000000000 ) ) ;
#1440 = VECTOR ( 'NONE', #1419, 1000.000000000000000 ) ;
#1441 = ORIENTED_EDGE ( 'NONE', *, *, #3433, .F. ) ;
#1442 = CARTESIAN_POINT ( 'NONE',  ( 3.000000000000000888, 4.150000000000001243, 4.000000000000000888 ) ) ;
#1443 = DIRECTION ( 'NONE',  ( 1.000000000000000000, 0.000000000000000000, 0.000000000000000000 ) ) ;
#1444 = EDGE_CURVE ( 'NONE', #1804, #4219, #4544, .T. ) ;
#1445 = EDGE_LOOP ( 'NONE', ( #63, #2252, #2009, #1567 ) ) ;
#1446 = AXIS2_PLACEMENT_3D ( 'NONE', #3366, #501, #1536 ) ;
#1447 = SURFACE_STYLE_USAGE ( .BOTH. , #3235 ) ;
#1448 = UNCERTAINTY_MEASURE_WITH_UNIT (LENGTH_MEASURE( 1.000000000000000082E-05 ), #1218, 'distance_accuracy_value', 'NONE');
#1449 = COLOUR_RGB ( '',1.000000000000000000, 1.000000000000000000, 1.000000000000000000 ) ;
#1450 = FILL_AREA_STYLE ('',( #1070 ) ) ;
#1451 = LINE ( 'NONE', #287, #2922 ) ;
#1452 = DIRECTION ( 'NONE',  ( 0.000000000000000000, -0.000000000000000000, 1.000000000000000000 ) ) ;
#1453 =( GEOMETRIC_REPRESENTATION_CONTEXT ( 3 ) GLOBAL_UNCERTAINTY_ASSIGNED_CONTEXT ( ( #1871 ) ) GLOBAL_UNIT_ASSIGNED_CONTEXT ( ( #2671, #1212, #1236 ) ) REPRESENTATION_CONTEXT ( 'NONE', 'WORKASPACE' ) );
#1454 = VECTOR ( 'NONE', #828, 1000.000000000000000 ) ;
#1455 = PLANE ( 'NONE',  #3715 ) ;
#1456 = CARTESIAN_POINT ( 'NONE',  ( 2.272600000000004616, 2.750000000000002220, 0.8500000000000005329 ) ) ;
#1457 = CARTESIAN_POINT ( 'NONE',  ( 8.272600000000004172, 2.760000000000002007, 6.010000000000000675 ) ) ;
#1458 = PLANE ( 'NONE',  #2486 ) ;
#1459 = ORIENTED_EDGE ( 'NONE', *, *, #1423, .F. ) ;
#1460 = SURFACE_SIDE_STYLE ('',( #366 ) ) ;
#1461 = ORIENTED_EDGE ( 'NONE', *, *, #2249, .T. ) ;
#1462 = EDGE_CURVE ( 'NONE', #601, #2698, #3487, .T. ) ;
#1463 = DIRECTION ( 'NONE',  ( 0.000000000000000000, -1.000000000000000000, 0.000000000000000000 ) ) ;
#1464 = DIRECTION ( 'NONE',  ( -1.000000000000000000, -0.000000000000000000, -0.000000000000000000 ) ) ;
#1465 = SURFACE_STYLE_FILL_AREA ( #2166 ) ;
#1466 = ORIENTED_EDGE ( 'NONE', *, *, #3890, .T. ) ;
#1467 = DIRECTION ( 'NONE',  ( 0.000000000000000000, -0.000000000000000000, -1.000000000000000000 ) ) ;
#1468 = FILL_AREA_STYLE ('',( #747 ) ) ;
#1469 = PRESENTATION_STYLE_ASSIGNMENT (( #1447 ) ) ;
#1470 = DIRECTION ( 'NONE',  ( -0.000000000000000000, -0.000000000000000000, 1.000000000000000000 ) ) ;
#1471 = DIRECTION ( 'NONE',  ( -0.000000000000000000, 1.000000000000000000, -0.000000000000000000 ) ) ;
#1472 = VECTOR ( 'NONE', #29, 1000.000000000000000 ) ;
#1473 = VECTOR ( 'NONE', #3360, 1000.000000000000000 ) ;
#1474 = SURFACE_STYLE_USAGE ( .BOTH. , #4655 ) ;
#1475 = PRESENTATION_LAYER_ASSIGNMENT (  '', '', ( #3345 ) ) ;
#1476 = DIRECTION ( 'NONE',  ( 0.000000000000000000, -0.000000000000000000, 1.000000000000000000 ) ) ;
#1477 = LINE ( 'NONE', #3881, #872 ) ;
#1478 = CARTESIAN_POINT ( 'NONE',  ( 9.500000000000007105, 4.650000000000001243, 1.700000000000008615 ) ) ;
#1479 = ADVANCED_FACE ( 'NONE', ( #2163 ), #4645, .F. ) ;
#1480 = EDGE_CURVE ( 'NONE', #518, #3769, #4284, .T. ) ;
#1481 = EDGE_LOOP ( 'NONE', ( #1196, #1546, #1287, #3403 ) ) ;
#1482 = COLOUR_RGB ( '',1.000000000000000000, 1.000000000000000000, 1.000000000000000000 ) ;
#1483 = DIRECTION ( 'NONE',  ( -0.000000000000000000, 1.000000000000000000, -0.000000000000000000 ) ) ;
#1484 = EDGE_CURVE ( 'NONE', #2082, #1093, #3553, .T. ) ;
#1485 = ORIENTED_EDGE ( 'NONE', *, *, #2567, .T. ) ;
#1486 = MECHANICAL_DESIGN_GEOMETRIC_PRESENTATION_REPRESENTATION (  '', ( #398 ), #4480 ) ;
#1487 =( LENGTH_UNIT ( ) NAMED_UNIT ( * ) SI_UNIT ( .MILLI., .METRE. ) );
#1488 = COLOUR_RGB ( '',1.000000000000000000, 0.8509803921568627194, 0.1529411764705882470 ) ;
#1489 = SURFACE_STYLE_USAGE ( .BOTH. , #1117 ) ;
#1490 = ORIENTED_EDGE ( 'NONE', *, *, #1274, .T. ) ;
#1491 =( NAMED_UNIT ( * ) SI_UNIT ( $, .STERADIAN. ) SOLID_ANGLE_UNIT ( ) );
#1492 = CARTESIAN_POINT ( 'NONE',  ( 0.000000000000000000, 0.000000000000000000, 0.8500000000000005329 ) ) ;
#1494 = FACE_OUTER_BOUND ( 'NONE', #1531, .T. ) ;
#1493 =( LENGTH_UNIT ( ) NAMED_UNIT ( * ) SI_UNIT ( .MILLI., .METRE. ) );
#1495 = UNCERTAINTY_MEASURE_WITH_UNIT (LENGTH_MEASURE( 1.000000000000000082E-05 ), #3586, 'distance_accuracy_value', 'NONE');
#1496 = DIRECTION ( 'NONE',  ( 1.000000000000000000, 0.000000000000000000, 0.000000000000000000 ) ) ;
#1497 = ORIENTED_EDGE ( 'NONE', *, *, #2585, .F. ) ;
#1498 = FILL_AREA_STYLE_COLOUR ( '', #2086 ) ;
#1499 = CARTESIAN_POINT ( 'NONE',  ( 1.772600000000004838, 2.750000000000002220, 0.8500000000000005329 ) ) ;
#1500 = VECTOR ( 'NONE', #1471, 1000.000000000000000 ) ;
#1501 = FILL_AREA_STYLE_COLOUR ( '', #1639 ) ;
#1502 = FACE_OUTER_BOUND ( 'NONE', #616, .T. ) ;
#1503 = STYLED_ITEM ( 'NONE', ( #2870 ), #3930 ) ;
#1504 = ORIENTED_EDGE ( 'NONE', *, *, #2606, .T. ) ;
#1505 = FILL_AREA_STYLE_COLOUR ( '', #1151 ) ;
#1506 = ORIENTED_EDGE ( 'NONE', *, *, #2911, .T. ) ;
#1507 = PRESENTATION_STYLE_ASSIGNMENT (( #2248 ) ) ;
#1508 = DIRECTION ( 'NONE',  ( 0.000000000000000000, 1.000000000000000000, -0.000000000000000000 ) ) ;
#1509 = LINE ( 'NONE', #1551, #1855 ) ;
#1510 = ORIENTED_EDGE ( 'NONE', *, *, #2771, .T. ) ;
#1511 = FILL_AREA_STYLE_COLOUR ( '', #670 ) ;
#1512 = DIRECTION ( 'NONE',  ( -0.000000000000000000, -0.000000000000000000, -1.000000000000000000 ) ) ;
#1514 = LINE ( 'NONE', #4516, #1629 ) ;
#1513 = FILL_AREA_STYLE_COLOUR ( '', #3531 ) ;
#1515 = FILL_AREA_STYLE_COLOUR ( '', #363 ) ;
#1516 = DIRECTION ( 'NONE',  ( -1.000000000000000000, 0.000000000000000000, 0.000000000000000000 ) ) ;
#1517 =( NAMED_UNIT ( * ) PLANE_ANGLE_UNIT ( ) SI_UNIT ( $, .RADIAN. ) );
#1518 = DIRECTION ( 'NONE',  ( -0.000000000000000000, 1.000000000000000000, -0.000000000000000000 ) ) ;
#1519 = PRESENTATION_LAYER_ASSIGNMENT (  '', '', ( #2728 ) ) ;
#1520 = VECTOR ( 'NONE', #1540, 1000.000000000000000 ) ;
#1521 = VECTOR ( 'NONE', #4611, 1000.000000000000000 ) ;
#1522 = CARTESIAN_POINT ( 'NONE',  ( 3.757270000000004995, 3.250000000000001776, 6.750000000000000888 ) ) ;
#1523 = CARTESIAN_POINT ( 'NONE',  ( 0.000000000000000000, 0.000000000000000000, 5.500000000000000000 ) ) ;
#1524 = CARTESIAN_POINT ( 'NONE',  ( 0.5000000000000000000, 4.150000000000001243, 1.699999999999999956 ) ) ;
#1525 = COLOUR_RGB ( '',1.000000000000000000, 1.000000000000000000, 1.000000000000000000 ) ;
#1526 = ORIENTED_EDGE ( 'NONE', *, *, #3959, .T. ) ;
#1527 = STYLED_ITEM ( 'NONE', ( #447 ), #389 ) ;
#1528 = DIRECTION ( 'NONE',  ( 0.000000000000000000, 0.000000000000000000, -1.000000000000000000 ) ) ;
#1529 = DIRECTION ( 'NONE',  ( 1.000000000000000000, 0.000000000000000000, 0.000000000000000000 ) ) ;
#1530 = VECTOR ( 'NONE', #1800, 1000.000000000000000 ) ;
#1531 = EDGE_LOOP ( 'NONE', ( #3130, #1676, #4210, #2352 ) ) ;
#1532 = FACE_OUTER_BOUND ( 'NONE', #2306, .T. ) ;
#1533 = LINE ( 'NONE', #4399, #3434 ) ;
#1534 = UNCERTAINTY_MEASURE_WITH_UNIT (LENGTH_MEASURE( 1.000000000000000082E-05 ), #1668, 'distance_accuracy_value', 'NONE');
#1535 = SURFACE_STYLE_USAGE ( .BOTH. , #1577 ) ;
#1536 = DIRECTION ( 'NONE',  ( -1.000000000000000000, 0.000000000000000000, -0.000000000000000000 ) ) ;
#1537 = DIRECTION ( 'NONE',  ( -0.000000000000000000, -0.000000000000000000, 1.000000000000000000 ) ) ;
#1539 = CARTESIAN_POINT ( 'NONE',  ( 2.272600000000004616, 3.250000000000001776, 0.8500000000000005329 ) ) ;
#1538 = SURFACE_SIDE_STYLE ('',( #2714 ) ) ;
#1540 = DIRECTION ( 'NONE',  ( 1.000000000000000000, 0.000000000000000000, 0.000000000000000000 ) ) ;
#1541 = EDGE_CURVE ( 'NONE', #2480, #33, #2115, .T. ) ;
#1542 = LINE ( 'NONE', #3351, #4618 ) ;
#1543 = MECHANICAL_DESIGN_GEOMETRIC_PRESENTATION_REPRESENTATION (  '', ( #857 ), #3196 ) ;
#1544 = SURFACE_STYLE_FILL_AREA ( #2267 ) ;
#1545 = AXIS2_PLACEMENT_3D ( 'NONE', #2232, #2340, #1272 ) ;
#1546 = ORIENTED_EDGE ( 'NONE', *, *, #4325, .F. ) ;
#1547 = LINE ( 'NONE', #2662, #1309 ) ;
#1548 = COLOUR_RGB ( '',1.000000000000000000, 0.8941176470588234615, 0.1058823529411764691 ) ;
#1549 = STYLED_ITEM ( 'NONE', ( #3793 ), #2264 ) ;
#1550 = ADVANCED_FACE ( 'NONE', ( #231 ), #1707, .F. ) ;
#1551 = CARTESIAN_POINT ( 'NONE',  ( 5.741930000000004419, 2.750000000000002220, 0.8500000000000005329 ) ) ;
#1552 = PRESENTATION_LAYER_ASSIGNMENT (  '', '', ( #718 ) ) ;
#1553 = ORIENTED_EDGE ( 'NONE', *, *, #713, .T. ) ;
#1554 = SURFACE_SIDE_STYLE ('',( #401 ) ) ;
#1555 = CARTESIAN_POINT ( 'NONE',  ( 6.241930000000005307, 2.750000000000002220, 6.000000000000000000 ) ) ;
#1556 =( NAMED_UNIT ( * ) SI_UNIT ( $, .STERADIAN. ) SOLID_ANGLE_UNIT ( ) );
#1557 = STYLED_ITEM ( 'NONE', ( #119 ), #1973 ) ;
#1558 = ADVANCED_FACE ( 'NONE', ( #1587 ), #4048, .F. ) ;
#1559 = DIRECTION ( 'NONE',  ( 0.000000000000000000, 0.000000000000000000, 1.000000000000000000 ) ) ;
#1560 = CARTESIAN_POINT ( 'NONE',  ( 5.124814430000005139, 4.150000000000001243, 6.000000000000000000 ) ) ;
#1561 = PRESENTATION_STYLE_ASSIGNMENT (( #2668 ) ) ;
#1562 =( GEOMETRIC_REPRESENTATION_CONTEXT ( 3 ) GLOBAL_UNCERTAINTY_ASSIGNED_CONTEXT ( ( #4594 ) ) GLOBAL_UNIT_ASSIGNED_CONTEXT ( ( #554, #2394, #2439 ) ) REPRESENTATION_CONTEXT ( 'NONE', 'WORKASPACE' ) );
#1563 = DIRECTION ( 'NONE',  ( -0.000000000000000000, -0.000000000000000000, -1.000000000000000000 ) ) ;
#1564 = DIRECTION ( 'NONE',  ( -1.000000000000000000, 8.673617379884026597E-16, 0.000000000000000000 ) ) ;
#1565 = DIRECTION ( 'NONE',  ( 1.000000000000000000, -4.482962609626237803E-16, 0.000000000000000000 ) ) ;
#1566 = MECHANICAL_DESIGN_GEOMETRIC_PRESENTATION_REPRESENTATION (  '', ( #4581 ), #2874 ) ;
#1567 = ORIENTED_EDGE ( 'NONE', *, *, #3154, .T. ) ;
#1568 = DIRECTION ( 'NONE',  ( 0.000000000000000000, 0.000000000000000000, -1.000000000000000000 ) ) ;
#1569 = PRESENTATION_LAYER_ASSIGNMENT (  '', '', ( #116 ) ) ;
#1570 = CARTESIAN_POINT ( 'NONE',  ( 3.000000000000000888, 4.150000000000001243, 0.000000000000000000 ) ) ;
#1571 = EDGE_CURVE ( 'NONE', #3184, #2056, #1542, .T. ) ;
#1572 = ORIENTED_EDGE ( 'NONE', *, *, #2982, .T. ) ;
#1573 = FILL_AREA_STYLE_COLOUR ( '', #1942 ) ;
#1574 =( NAMED_UNIT ( * ) SI_UNIT ( $, .STERADIAN. ) SOLID_ANGLE_UNIT ( ) );
#1575 = FILL_AREA_STYLE_COLOUR ( '', #2382 ) ;
#1576 = UNCERTAINTY_MEASURE_WITH_UNIT (LENGTH_MEASURE( 1.000000000000000082E-05 ), #4209, 'distance_accuracy_value', 'NONE');
#1577 = SURFACE_SIDE_STYLE ('',( #475 ) ) ;
#1578 = EDGE_CURVE ( 'NONE', #1644, #976, #783, .T. ) ;
#1579 = CARTESIAN_POINT ( 'NONE',  ( 7.726600000000005686, 2.750000000000002220, 0.8500000000000005329 ) ) ;
#1580 = LINE ( 'NONE', #3723, #2541 ) ;
#1582 = LINE ( 'NONE', #825, #971 ) ;
#1581 = FACE_OUTER_BOUND ( 'NONE', #4007, .T. ) ;
#1583 = ORIENTED_EDGE ( 'NONE', *, *, #4392, .F. ) ;
#1584 = PLANE ( 'NONE',  #2810 ) ;
#1585 =( NAMED_UNIT ( * ) SI_UNIT ( $, .STERADIAN. ) SOLID_ANGLE_UNIT ( ) );
#1586 = ORIENTED_EDGE ( 'NONE', *, *, #3595, .F. ) ;
#1587 = FACE_OUTER_BOUND ( 'NONE', #3470, .T. ) ;
#1588 = SURFACE_STYLE_USAGE ( .BOTH. , #3689 ) ;
#1589 = VECTOR ( 'NONE', #4467, 1000.000000000000000 ) ;
#1590 = CARTESIAN_POINT ( 'NONE',  ( 9.500000000000008882, 4.150000000000001243, 4.250000000000000000 ) ) ;
#1591 = MECHANICAL_DESIGN_GEOMETRIC_PRESENTATION_REPRESENTATION (  '', ( #1982 ), #3017 ) ;
#1592 = AXIS2_PLACEMENT_3D ( 'NONE', #850, #4110, #875 ) ;
#1593 = ORIENTED_EDGE ( 'NONE', *, *, #1734, .T. ) ;
#1594 =( NAMED_UNIT ( * ) SI_UNIT ( $, .STERADIAN. ) SOLID_ANGLE_UNIT ( ) );
#1595 = CARTESIAN_POINT ( 'NONE',  ( 1.772600000000004838, -3.249999999999998224, 6.000000000000000000 ) ) ;
#1596 = PRESENTATION_LAYER_ASSIGNMENT (  '', '', ( #2736 ) ) ;
#1597 = VERTEX_POINT ( 'NONE', #4433 ) ;
#1598 = DIRECTION ( 'NONE',  ( 8.673617379884027583E-16, 1.000000000000000000, 0.000000000000000000 ) ) ;
#1599 = FILL_AREA_STYLE_COLOUR ( '', #3974 ) ;
#1600 = DIRECTION ( 'NONE',  ( -0.000000000000000000, -0.000000000000000000, -1.000000000000000000 ) ) ;
#1601 = EDGE_CURVE ( 'NONE', #1842, #2749, #809, .T. ) ;
#1602 = UNCERTAINTY_MEASURE_WITH_UNIT (LENGTH_MEASURE( 1.000000000000000082E-05 ), #2948, 'distance_accuracy_value', 'NONE');
#1603 = SURFACE_STYLE_FILL_AREA ( #3771 ) ;
#1604 = VECTOR ( 'NONE', #696, 1000.000000000000000 ) ;
#1605 = ORIENTED_EDGE ( 'NONE', *, *, #4615, .T. ) ;
#1606 = LINE ( 'NONE', #3327, #166 ) ;
#1607 = DIRECTION ( 'NONE',  ( 0.000000000000000000, 0.000000000000000000, -1.000000000000000000 ) ) ;
#1608 = VERTEX_POINT ( 'NONE', #2935 ) ;
#1609 = CARTESIAN_POINT ( 'NONE',  ( 3.757270000000004995, 3.250000000000001776, 5.500000000000000000 ) ) ;
#1610 = PRESENTATION_STYLE_ASSIGNMENT (( #100 ) ) ;
#1611 =( NAMED_UNIT ( * ) PLANE_ANGLE_UNIT ( ) SI_UNIT ( $, .RADIAN. ) );
#1612 = ORIENTED_EDGE ( 'NONE', *, *, #1898, .F. ) ;
#1613 = DIRECTION ( 'NONE',  ( 1.000000000000000000, 0.000000000000000000, 0.000000000000000000 ) ) ;
#1614 = VERTEX_POINT ( 'NONE', #4368 ) ;
#1615 = DIRECTION ( 'NONE',  ( 0.000000000000000000, 0.000000000000000000, 1.000000000000000000 ) ) ;
#1616 =( GEOMETRIC_REPRESENTATION_CONTEXT ( 3 ) GLOBAL_UNCERTAINTY_ASSIGNED_CONTEXT ( ( #951 ) ) GLOBAL_UNIT_ASSIGNED_CONTEXT ( ( #4022, #2584, #2300 ) ) REPRESENTATION_CONTEXT ( 'NONE', 'WORKASPACE' ) );
#1617 = EDGE_CURVE ( 'NONE', #1987, #2398, #3666, .T. ) ;
#1618 = EDGE_CURVE ( 'NONE', #149, #3409, #830, .T. ) ;
#1619 = ORIENTED_EDGE ( 'NONE', *, *, #1601, .F. ) ;
#1620 = COLOUR_RGB ( '',1.000000000000000000, 1.000000000000000000, 1.000000000000000000 ) ;
#1621 = PLANE ( 'NONE',  #2855 ) ;
#1622 = ORIENTED_EDGE ( 'NONE', *, *, #3289, .T. ) ;
#1623 = DIRECTION ( 'NONE',  ( 0.000000000000000000, 0.000000000000000000, 1.000000000000000000 ) ) ;
#1624 = ORIENTED_EDGE ( 'NONE', *, *, #191, .T. ) ;
#1625 = FACE_OUTER_BOUND ( 'NONE', #173, .T. ) ;
#1626 = CARTESIAN_POINT ( 'NONE',  ( 0.000000000000000000, 0.000000000000000000, 5.500000000000000000 ) ) ;
#1627 = UNCERTAINTY_MEASURE_WITH_UNIT (LENGTH_MEASURE( 1.000000000000000082E-05 ), #1673, 'distance_accuracy_value', 'NONE');
#1628 = COLOUR_RGB ( '',1.000000000000000000, 0.8941176470588234615, 0.1058823529411764691 ) ;
#1629 = VECTOR ( 'NONE', #377, 1000.000000000000000 ) ;
#1630 = CARTESIAN_POINT ( 'NONE',  ( 2.272600000000004616, 2.750000000000002220, 4.250000000000000000 ) ) ;
#1631 = FACE_OUTER_BOUND ( 'NONE', #3399, .T. ) ;
#1632 = STYLED_ITEM ( 'NONE', ( #1407 ), #1913 ) ;
#1633 = VECTOR ( 'NONE', #4498, 1000.000000000000000 ) ;
#1634 = PLANE ( 'NONE',  #2971 ) ;
#1635 = ORIENTED_EDGE ( 'NONE', *, *, #3915, .T. ) ;
#1636 = FILL_AREA_STYLE_COLOUR ( '', #4114 ) ;
#1638 = FILL_AREA_STYLE ('',( #1666 ) ) ;
#1637 =( NAMED_UNIT ( * ) SI_UNIT ( $, .STERADIAN. ) SOLID_ANGLE_UNIT ( ) );
#1639 = COLOUR_RGB ( '',1.000000000000000000, 1.000000000000000000, 1.000000000000000000 ) ;
#1640 = ORIENTED_EDGE ( 'NONE', *, *, #639, .T. ) ;
#1641 =( GEOMETRIC_REPRESENTATION_CONTEXT ( 3 ) GLOBAL_UNCERTAINTY_ASSIGNED_CONTEXT ( ( #1303 ) ) GLOBAL_UNIT_ASSIGNED_CONTEXT ( ( #131, #1185, #3652 ) ) REPRESENTATION_CONTEXT ( 'NONE', 'WORKASPACE' ) );
#1642 = LINE ( 'NONE', #2028, #2757 ) ;
#1643 = SURFACE_SIDE_STYLE ('',( #1925 ) ) ;
#1644 = VERTEX_POINT ( 'NONE', #1215 ) ;
#1645 = CARTESIAN_POINT ( 'NONE',  ( 0.000000000000000000, 0.000000000000000000, 5.500000000000000000 ) ) ;
#1646 = CARTESIAN_POINT ( 'NONE',  ( 0.000000000000000000, 4.150000000000001243, 0.000000000000000000 ) ) ;
#1647 = CARTESIAN_POINT ( 'NONE',  ( 8.226600000000006574, -3.249999999999998224, 6.500000000000000888 ) ) ;
#1648 = ORIENTED_EDGE ( 'NONE', *, *, #3640, .T. ) ;
#1649 = FACE_OUTER_BOUND ( 'NONE', #1100, .T. ) ;
#1650 = ORIENTED_EDGE ( 'NONE', *, *, #630, .F. ) ;
#1651 =( NAMED_UNIT ( * ) SI_UNIT ( $, .STERADIAN. ) SOLID_ANGLE_UNIT ( ) );
#1652 = VERTEX_POINT ( 'NONE', #3707 ) ;
#1653 = CARTESIAN_POINT ( 'NONE',  ( 3.757270000000004995, 2.750000000000002220, 6.000000000000000000 ) ) ;
#1654 = COLOUR_RGB ( '',1.000000000000000000, 0.8588235294117646523, 0.05882352941176470507 ) ;
#1655 = AXIS2_PLACEMENT_3D ( 'NONE', #1712, #1782, #262 ) ;
#1656 = ORIENTED_EDGE ( 'NONE', *, *, #3712, .T. ) ;
#1657 = CARTESIAN_POINT ( 'NONE',  ( 8.272600000000004172, 3.250000000000002220, 6.009999999999997122 ) ) ;
#1658 = COLOUR_RGB ( '',1.000000000000000000, 0.8941176470588234615, 0.1058823529411764691 ) ;
#1659 = EDGE_CURVE ( 'NONE', #533, #2863, #2956, .T. ) ;
#1660 = CARTESIAN_POINT ( 'NONE',  ( 1.500000000000000222, 4.150000000000001243, 3.700000000000000178 ) ) ;
#1661 = SURFACE_STYLE_FILL_AREA ( #1733 ) ;
#1662 = LINE ( 'NONE', #3116, #1104 ) ;
#1663 = ORIENTED_EDGE ( 'NONE', *, *, #203, .F. ) ;
#1664 = DIRECTION ( 'NONE',  ( -1.000000000000000000, -0.000000000000000000, -0.000000000000000000 ) ) ;
#1666 = FILL_AREA_STYLE_COLOUR ( '', #3976 ) ;
#1665 = LINE ( 'NONE', #657, #4506 ) ;
#1667 = VERTEX_POINT ( 'NONE', #4093 ) ;
#1668 =( LENGTH_UNIT ( ) NAMED_UNIT ( * ) SI_UNIT ( .MILLI., .METRE. ) );
#1669 = LINE ( 'NONE', #2000, #3129 ) ;
#1670 = VERTEX_POINT ( 'NONE', #488 ) ;
#1671 = EDGE_CURVE ( 'NONE', #2337, #2480, #853, .T. ) ;
#1672 = DIRECTION ( 'NONE',  ( 8.673617379884027583E-16, 1.000000000000000000, -0.000000000000000000 ) ) ;
#1673 =( LENGTH_UNIT ( ) NAMED_UNIT ( * ) SI_UNIT ( .MILLI., .METRE. ) );
#1674 = ORIENTED_EDGE ( 'NONE', *, *, #2244, .F. ) ;
#1675 = ADVANCED_FACE ( 'NONE', ( #247 ), #3479, .T. ) ;
#1676 = ORIENTED_EDGE ( 'NONE', *, *, #1578, .F. ) ;
#1677 = FACE_OUTER_BOUND ( 'NONE', #1845, .T. ) ;
#1678 = VECTOR ( 'NONE', #2393, 1000.000000000000000 ) ;
#1679 = ORIENTED_EDGE ( 'NONE', *, *, #2624, .T. ) ;
#1680 =( LENGTH_UNIT ( ) NAMED_UNIT ( * ) SI_UNIT ( .MILLI., .METRE. ) );
#1681 = VECTOR ( 'NONE', #2132, 1000.000000000000000 ) ;
#1682 = ORIENTED_EDGE ( 'NONE', *, *, #4246, .T. ) ;
#1683 =( LENGTH_UNIT ( ) NAMED_UNIT ( * ) SI_UNIT ( .MILLI., .METRE. ) );
#1684 = UNCERTAINTY_MEASURE_WITH_UNIT (LENGTH_MEASURE( 1.000000000000000082E-05 ), #3826, 'distance_accuracy_value', 'NONE');
#1685 = CARTESIAN_POINT ( 'NONE',  ( 0.000000000000000000, 2.450000000000001066, 2.000000000000000888 ) ) ;
#1686 = SURFACE_STYLE_FILL_AREA ( #953 ) ;
#1687 = LINE ( 'NONE', #1333, #3502 ) ;
#1688 =( GEOMETRIC_REPRESENTATION_CONTEXT ( 3 ) GLOBAL_UNCERTAINTY_ASSIGNED_CONTEXT ( ( #924 ) ) GLOBAL_UNIT_ASSIGNED_CONTEXT ( ( #2514, #1808, #1028 ) ) REPRESENTATION_CONTEXT ( 'NONE', 'WORKASPACE' ) );
#1689 = EDGE_CURVE ( 'NONE', #4155, #1667, #3455, .T. ) ;
#1690 = ORIENTED_EDGE ( 'NONE', *, *, #2087, .F. ) ;
#1691 = CARTESIAN_POINT ( 'NONE',  ( 2.889935000000004806, 4.150000000000001243, 6.000000000000000000 ) ) ;
#1692 = DIRECTION ( 'NONE',  ( -0.000000000000000000, -0.000000000000000000, 1.000000000000000000 ) ) ;
#1693 = VERTEX_POINT ( 'NONE', #595 ) ;
#1694 = SURFACE_SIDE_STYLE ('',( #537 ) ) ;
#1695 = CARTESIAN_POINT ( 'NONE',  ( 8.226600000000006574, -3.249999999999998224, 6.000000000000000000 ) ) ;
#1696 = ORIENTED_EDGE ( 'NONE', *, *, #4071, .T. ) ;
#1697 = MECHANICAL_DESIGN_GEOMETRIC_PRESENTATION_REPRESENTATION (  '', ( #3710 ), #1770 ) ;
#1698 = DIRECTION ( 'NONE',  ( 1.000000000000000000, 0.000000000000000000, 0.000000000000000000 ) ) ;
#1699 = ORIENTED_EDGE ( 'NONE', *, *, #3932, .F. ) ;
#1700 = FILL_AREA_STYLE ('',( #40 ) ) ;
#1701 = VERTEX_POINT ( 'NONE', #169 ) ;
#1702 = SURFACE_STYLE_FILL_AREA ( #276 ) ;
#1703 = VECTOR ( 'NONE', #2931, 1000.000000000000000 ) ;
#1704 = VECTOR ( 'NONE', #3209, 1000.000000000000000 ) ;
#1705 = ORIENTED_EDGE ( 'NONE', *, *, #2658, .F. ) ;
#1706 = DIRECTION ( 'NONE',  ( 0.000000000000000000, 0.000000000000000000, -1.000000000000000000 ) ) ;
#1707 = PLANE ( 'NONE',  #539 ) ;
#1708 = PRESENTATION_STYLE_ASSIGNMENT (( #925 ) ) ;
#1709 = VECTOR ( 'NONE', #2792, 1000.000000000000000 ) ;
#1710 = ORIENTED_EDGE ( 'NONE', *, *, #998, .F. ) ;
#1711 = CARTESIAN_POINT ( 'NONE',  ( 0.000000000000000000, 3.450000000000001510, 0.000000000000000000 ) ) ;
#1712 = CARTESIAN_POINT ( 'NONE',  ( 4.257270000000004551, 3.250000000000001776, 0.8500000000000005329 ) ) ;
#1713 = PRESENTATION_LAYER_ASSIGNMENT (  '', '', ( #1861 ) ) ;
#1715 = CARTESIAN_POINT ( 'NONE',  ( 10.00000000000000000, 4.150000000000001243, 5.299999999999999822 ) ) ;
#1714 = DIRECTION ( 'NONE',  ( 1.000000000000000000, 0.000000000000000000, 0.000000000000000000 ) ) ;
#1716 = ORIENTED_EDGE ( 'NONE', *, *, #3248, .T. ) ;
#1717 = FILL_AREA_STYLE_COLOUR ( '', #2223 ) ;
#1718 = SURFACE_STYLE_USAGE ( .BOTH. , #3166 ) ;
#1719 = VERTEX_POINT ( 'NONE', #221 ) ;
#1720 = STYLED_ITEM ( 'NONE', ( #3168 ), #3088 ) ;
#1721 = VECTOR ( 'NONE', #950, 1000.000000000000000 ) ;
#1722 = STYLED_ITEM ( 'NONE', ( #3611 ), #2190 ) ;
#1723 = MECHANICAL_DESIGN_GEOMETRIC_PRESENTATION_REPRESENTATION (  '', ( #3734 ), #3512 ) ;
#1724 = SURFACE_STYLE_USAGE ( .BOTH. , #4508 ) ;
#1725 = LINE ( 'NONE', #3524, #3773 ) ;
#1726 = EDGE_LOOP ( 'NONE', ( #260, #1357, #3134, #2101 ) ) ;
#1727 = SURFACE_STYLE_FILL_AREA ( #1700 ) ;
#1728 = DIRECTION ( 'NONE',  ( 0.000000000000000000, 0.000000000000000000, -1.000000000000000000 ) ) ;
#1729 = ORIENTED_EDGE ( 'NONE', *, *, #2389, .F. ) ;
#1730 = EDGE_LOOP ( 'NONE', ( #2732, #3725, #503, #4588 ) ) ;
#1731 =( NAMED_UNIT ( * ) SI_UNIT ( $, .STERADIAN. ) SOLID_ANGLE_UNIT ( ) );
#1732 = SURFACE_SIDE_STYLE ('',( #3919 ) ) ;
#1733 = FILL_AREA_STYLE ('',( #234 ) ) ;
#1734 = EDGE_CURVE ( 'NONE', #1701, #3484, #195, .T. ) ;
#1735 = LINE ( 'NONE', #1161, #1473 ) ;
#1736 = MECHANICAL_DESIGN_GEOMETRIC_PRESENTATION_REPRESENTATION (  '', ( #1198 ), #344 ) ;
#1737 = EDGE_LOOP ( 'NONE', ( #1031, #2355, #4538, #562 ) ) ;
#1738 = DIRECTION ( 'NONE',  ( -0.000000000000000000, 1.000000000000000000, -0.000000000000000000 ) ) ;
#1739 = COLOUR_RGB ( '',0.9607843137254902244, 0.9098039215686274384, 0.000000000000000000 ) ;
#1740 = DIRECTION ( 'NONE',  ( -0.000000000000000000, -0.000000000000000000, -1.000000000000000000 ) ) ;
#1742 =( NAMED_UNIT ( * ) PLANE_ANGLE_UNIT ( ) SI_UNIT ( $, .RADIAN. ) );
#1741 = SURFACE_STYLE_FILL_AREA ( #3119 ) ;
#1743 =( LENGTH_UNIT ( ) NAMED_UNIT ( * ) SI_UNIT ( .MILLI., .METRE. ) );
#1744 = DIRECTION ( 'NONE',  ( 0.000000000000000000, -0.000000000000000000, -1.000000000000000000 ) ) ;
#1745 = ORIENTED_EDGE ( 'NONE', *, *, #3478, .F. ) ;
#1746 = ADVANCED_FACE ( 'NONE', ( #4533 ), #3151, .F. ) ;
#1747 = VECTOR ( 'NONE', #1838, 1000.000000000000000 ) ;
#1748 = VECTOR ( 'NONE', #4000, 1000.000000000000000 ) ;
#1749 = LINE ( 'NONE', #3807, #1936 ) ;
#1750 = FILL_AREA_STYLE ('',( #3103 ) ) ;
#1751 = FACE_OUTER_BOUND ( 'NONE', #3501, .T. ) ;
#1752 = VERTEX_POINT ( 'NONE', #4165 ) ;
#1753 = CARTESIAN_POINT ( 'NONE',  ( 8.226600000000006574, 3.250000000000001332, 6.750000000000000888 ) ) ;
#1754 = ADVANCED_FACE ( 'NONE', ( #3426 ), #2426, .T. ) ;
#1755 = ORIENTED_EDGE ( 'NONE', *, *, #1077, .T. ) ;
#1756 = EDGE_CURVE ( 'NONE', #1972, #3949, #4351, .T. ) ;
#1757 = DIRECTION ( 'NONE',  ( 0.000000000000000000, -1.000000000000000000, 0.000000000000000000 ) ) ;
#1758 = AXIS2_PLACEMENT_3D ( 'NONE', #2308, #2241, #3705 ) ;
#1759 = STYLED_ITEM ( 'NONE', ( #14 ), #2542 ) ;
#1760 = ORIENTED_EDGE ( 'NONE', *, *, #1316, .T. ) ;
#1761 = EDGE_CURVE ( 'NONE', #1999, #571, #3216, .T. ) ;
#1762 = DIRECTION ( 'NONE',  ( -0.000000000000000000, -1.000000000000000000, -0.000000000000000000 ) ) ;
#1763 = CARTESIAN_POINT ( 'NONE',  ( 5.741930000000004419, 2.750000000000002220, 6.750000000000000888 ) ) ;
#1764 = ORIENTED_EDGE ( 'NONE', *, *, #3114, .T. ) ;
#1765 =( GEOMETRIC_REPRESENTATION_CONTEXT ( 3 ) GLOBAL_UNCERTAINTY_ASSIGNED_CONTEXT ( ( #1393 ) ) GLOBAL_UNIT_ASSIGNED_CONTEXT ( ( #1223, #3739, #2681 ) ) REPRESENTATION_CONTEXT ( 'NONE', 'WORKASPACE' ) );
#1766 = ORIENTED_EDGE ( 'NONE', *, *, #2830, .F. ) ;
#1767 = DIRECTION ( 'NONE',  ( -0.000000000000000000, -0.000000000000000000, 1.000000000000000000 ) ) ;
#1768 = PLANE ( 'NONE',  #2682 ) ;
#1769 = CARTESIAN_POINT ( 'NONE',  ( 0.000000000000000000, 0.000000000000000000, 5.500000000000000000 ) ) ;
#1770 =( GEOMETRIC_REPRESENTATION_CONTEXT ( 3 ) GLOBAL_UNCERTAINTY_ASSIGNED_CONTEXT ( ( #3744 ) ) GLOBAL_UNIT_ASSIGNED_CONTEXT ( ( #2656, #1928, #2289 ) ) REPRESENTATION_CONTEXT ( 'NONE', 'WORKASPACE' ) );
#1771 = ORIENTED_EDGE ( 'NONE', *, *, #888, .T. ) ;
#1772 =( NAMED_UNIT ( * ) SI_UNIT ( $, .STERADIAN. ) SOLID_ANGLE_UNIT ( ) );
#1773 = EDGE_CURVE ( 'NONE', #1224, #741, #2130, .T. ) ;
#1774 = EDGE_CURVE ( 'NONE', #1818, #3184, #642, .T. ) ;
#1775 = ADVANCED_FACE ( 'NONE', ( #4656 ), #1768, .F. ) ;
#1776 = ORIENTED_EDGE ( 'NONE', *, *, #2562, .T. ) ;
#1777 = DIRECTION ( 'NONE',  ( 0.000000000000000000, -1.000000000000000000, 0.000000000000000000 ) ) ;
#1778 = MECHANICAL_DESIGN_GEOMETRIC_PRESENTATION_REPRESENTATION (  '', ( #3962 ), #1174 ) ;
#1779 = DIRECTION ( 'NONE',  ( 0.000000000000000000, 1.000000000000000000, 0.000000000000000000 ) ) ;
#1780 = ORIENTED_EDGE ( 'NONE', *, *, #2941, .T. ) ;
#1781 =( NAMED_UNIT ( * ) PLANE_ANGLE_UNIT ( ) SI_UNIT ( $, .RADIAN. ) );
#1782 = DIRECTION ( 'NONE',  ( 0.000000000000000000, -1.000000000000000000, -0.000000000000000000 ) ) ;
#1784 = DIRECTION ( 'NONE',  ( 1.000000000000000000, 0.000000000000000000, -0.000000000000000000 ) ) ;
#1783 = CARTESIAN_POINT ( 'NONE',  ( 6.241930000000005307, -3.249999999999998224, 6.500000000000000888 ) ) ;
#1785 =( GEOMETRIC_REPRESENTATION_CONTEXT ( 3 ) GLOBAL_UNCERTAINTY_ASSIGNED_CONTEXT ( ( #2687 ) ) GLOBAL_UNIT_ASSIGNED_CONTEXT ( ( #3714, #2272, #3996 ) ) REPRESENTATION_CONTEXT ( 'NONE', 'WORKASPACE' ) );
#1786 = LINE ( 'NONE', #3208, #367 ) ;
#1787 = DIRECTION ( 'NONE',  ( 0.000000000000000000, 0.000000000000000000, 1.000000000000000000 ) ) ;
#1788 = FILL_AREA_STYLE ('',( #1435 ) ) ;
#1789 =( LENGTH_UNIT ( ) NAMED_UNIT ( * ) SI_UNIT ( .MILLI., .METRE. ) );
#1790 = AXIS2_PLACEMENT_3D ( 'NONE', #580, #4444, #4173 ) ;
#1791 = MECHANICAL_DESIGN_GEOMETRIC_PRESENTATION_REPRESENTATION (  '', ( #2103 ), #3438 ) ;
#1792 = VECTOR ( 'NONE', #3075, 1000.000000000000000 ) ;
#1793 =( NAMED_UNIT ( * ) PLANE_ANGLE_UNIT ( ) SI_UNIT ( $, .RADIAN. ) );
#1794 = ORIENTED_EDGE ( 'NONE', *, *, #776, .F. ) ;
#1795 = VECTOR ( 'NONE', #3370, 1000.000000000000000 ) ;
#1796 = LINE ( 'NONE', #1086, #3911 ) ;
#1797 = EDGE_CURVE ( 'NONE', #2113, #1804, #4676, .T. ) ;
#1798 = EDGE_LOOP ( 'NONE', ( #2273, #258, #937, #3534 ) ) ;
#1799 = SURFACE_STYLE_FILL_AREA ( #742 ) ;
#1800 = DIRECTION ( 'NONE',  ( -0.000000000000000000, 1.000000000000000000, -0.000000000000000000 ) ) ;
#1801 =( GEOMETRIC_REPRESENTATION_CONTEXT ( 3 ) GLOBAL_UNCERTAINTY_ASSIGNED_CONTEXT ( ( #280 ) ) GLOBAL_UNIT_ASSIGNED_CONTEXT ( ( #1422, #1090, #3272 ) ) REPRESENTATION_CONTEXT ( 'NONE', 'WORKASPACE' ) );
#1802 = SURFACE_STYLE_FILL_AREA ( #3920 ) ;
#1803 = EDGE_CURVE ( 'NONE', #3189, #1597, #339, .T. ) ;
#1804 = VERTEX_POINT ( 'NONE', #4322 ) ;
#1805 = LINE ( 'NONE', #4080, #3893 ) ;
#1806 = DIRECTION ( 'NONE',  ( -1.000000000000000000, -0.000000000000000000, -0.000000000000000000 ) ) ;
#1807 = FILL_AREA_STYLE_COLOUR ( '', #3352 ) ;
#1808 =( NAMED_UNIT ( * ) PLANE_ANGLE_UNIT ( ) SI_UNIT ( $, .RADIAN. ) );
#1809 = LINE ( 'NONE', #2556, #859 ) ;
#1810 = CARTESIAN_POINT ( 'NONE',  ( 0.5000000000000004441, 4.150000000000001243, 4.250000000000000000 ) ) ;
#1811 = MECHANICAL_DESIGN_GEOMETRIC_PRESENTATION_REPRESENTATION (  '', ( #2483 ), #2866 ) ;
#1812 =( GEOMETRIC_REPRESENTATION_CONTEXT ( 3 ) GLOBAL_UNCERTAINTY_ASSIGNED_CONTEXT ( ( #1448 ) ) GLOBAL_UNIT_ASSIGNED_CONTEXT ( ( #1218, #4511, #1294 ) ) REPRESENTATION_CONTEXT ( 'NONE', 'WORKASPACE' ) );
#1813 = FACE_OUTER_BOUND ( 'NONE', #4029, .T. ) ;
#1814 = AXIS2_PLACEMENT_3D ( 'NONE', #836, #858, #1957 ) ;
#1815 = CARTESIAN_POINT ( 'NONE',  ( 3.757270000000004995, -3.249999999999998224, 6.500000000000000888 ) ) ;
#1816 = EDGE_CURVE ( 'NONE', #4462, #4372, #2199, .T. ) ;
#1817 =( NAMED_UNIT ( * ) PLANE_ANGLE_UNIT ( ) SI_UNIT ( $, .RADIAN. ) );
#1818 = VERTEX_POINT ( 'NONE', #11 ) ;
#1819 = EDGE_CURVE ( 'NONE', #1396, #1200, #1477, .T. ) ;
#1820 = CARTESIAN_POINT ( 'NONE',  ( 5.741930000000004419, 3.250000000000001332, 0.8500000000000005329 ) ) ;
#1821 = ORIENTED_EDGE ( 'NONE', *, *, #1103, .T. ) ;
#1822 = FILL_AREA_STYLE_COLOUR ( '', #4197 ) ;
#1823 = ORIENTED_EDGE ( 'NONE', *, *, #2941, .F. ) ;
#1824 = COLOUR_RGB ( '',1.000000000000000000, 1.000000000000000000, 1.000000000000000000 ) ;
#1825 = CARTESIAN_POINT ( 'NONE',  ( 0.000000000000000000, -3.249999999999998224, 0.000000000000000000 ) ) ;
#1826 = PLANE ( 'NONE',  #193 ) ;
#1827 = UNCERTAINTY_MEASURE_WITH_UNIT (LENGTH_MEASURE( 1.000000000000000082E-05 ), #2266, 'distance_accuracy_value', 'NONE');
#1828 = VECTOR ( 'NONE', #2067, 1000.000000000000000 ) ;
#1829 =( GEOMETRIC_REPRESENTATION_CONTEXT ( 3 ) GLOBAL_UNCERTAINTY_ASSIGNED_CONTEXT ( ( #1684 ) ) GLOBAL_UNIT_ASSIGNED_CONTEXT ( ( #3826, #4153, #3140 ) ) REPRESENTATION_CONTEXT ( 'NONE', 'WORKASPACE' ) );
#1830 = CARTESIAN_POINT ( 'NONE',  ( 6.859265000000005053, 0.000000000000000000, 5.500000000000000000 ) ) ;
#1831 = PLANE ( 'NONE',  #34 ) ;
#1832 = EDGE_CURVE ( 'NONE', #2684, #2398, #2560, .T. ) ;
#1833 = PRESENTATION_LAYER_ASSIGNMENT (  '', '', ( #834 ) ) ;
#1834 = CARTESIAN_POINT ( 'NONE',  ( 0.000000000000000000, 0.000000000000000000, 0.000000000000000000 ) ) ;
#1835 = CARTESIAN_POINT ( 'NONE',  ( 10.00000000000000000, 3.450000000000001510, 2.000000000000000444 ) ) ;
#1836 = PRESENTATION_STYLE_ASSIGNMENT (( #1014 ) ) ;
#1837 = EDGE_CURVE ( 'NONE', #3107, #4290, #757, .T. ) ;
#1838 = DIRECTION ( 'NONE',  ( -1.000000000000000000, -0.000000000000000000, -0.000000000000000000 ) ) ;
#1839 = ORIENTED_EDGE ( 'NONE', *, *, #1235, .T. ) ;
#1840 =( NAMED_UNIT ( * ) SI_UNIT ( $, .STERADIAN. ) SOLID_ANGLE_UNIT ( ) );
#1841 =( NAMED_UNIT ( * ) PLANE_ANGLE_UNIT ( ) SI_UNIT ( $, .RADIAN. ) );
#1842 = VERTEX_POINT ( 'NONE', #10 ) ;
#1843 =( NAMED_UNIT ( * ) SI_UNIT ( $, .STERADIAN. ) SOLID_ANGLE_UNIT ( ) );
#1844 = DIRECTION ( 'NONE',  ( -1.000000000000000000, -0.000000000000000000, -0.000000000000000000 ) ) ;
#1845 = EDGE_LOOP ( 'NONE', ( #2817, #2457, #2157, #245 ) ) ;
#1846 =( LENGTH_UNIT ( ) NAMED_UNIT ( * ) SI_UNIT ( .MILLI., .METRE. ) );
#1847 =( NAMED_UNIT ( * ) PLANE_ANGLE_UNIT ( ) SI_UNIT ( $, .RADIAN. ) );
#1849 = LINE ( 'NONE', #3277, #1107 ) ;
#1848 = SURFACE_STYLE_USAGE ( .BOTH. , #2859 ) ;
#1850 = FACE_OUTER_BOUND ( 'NONE', #2777, .T. ) ;
#1851 = FILL_AREA_STYLE ('',( #2536 ) ) ;
#1852 = ORIENTED_EDGE ( 'NONE', *, *, #1977, .T. ) ;
#1853 = AXIS2_PLACEMENT_3D ( 'NONE', #1834, #1406, #381 ) ;
#1854 = FACE_OUTER_BOUND ( 'NONE', #3923, .T. ) ;
#1855 = VECTOR ( 'NONE', #816, 1000.000000000000000 ) ;
#1856 =( NAMED_UNIT ( * ) PLANE_ANGLE_UNIT ( ) SI_UNIT ( $, .RADIAN. ) );
#1857 = FILL_AREA_STYLE ('',( #358 ) ) ;
#1858 =( NAMED_UNIT ( * ) PLANE_ANGLE_UNIT ( ) SI_UNIT ( $, .RADIAN. ) );
#1859 = PRESENTATION_LAYER_ASSIGNMENT (  '', '', ( #2391 ) ) ;
#1860 = ORIENTED_EDGE ( 'NONE', *, *, #4442, .F. ) ;
#1861 = STYLED_ITEM ( 'NONE', ( #3194 ), #2404 ) ;
#1862 =( GEOMETRIC_REPRESENTATION_CONTEXT ( 3 ) GLOBAL_UNCERTAINTY_ASSIGNED_CONTEXT ( ( #2346 ) ) GLOBAL_UNIT_ASSIGNED_CONTEXT ( ( #2818, #558, #984 ) ) REPRESENTATION_CONTEXT ( 'NONE', 'WORKASPACE' ) );
#1863 = ORIENTED_EDGE ( 'NONE', *, *, #3384, .F. ) ;
#1864 = PRESENTATION_LAYER_ASSIGNMENT (  '', '', ( #1557 ) ) ;
#1865 =( GEOMETRIC_REPRESENTATION_CONTEXT ( 3 ) GLOBAL_UNCERTAINTY_ASSIGNED_CONTEXT ( ( #3091 ) ) GLOBAL_UNIT_ASSIGNED_CONTEXT ( ( #3629, #1781, #1491 ) ) REPRESENTATION_CONTEXT ( 'NONE', 'WORKASPACE' ) );
#1866 = CARTESIAN_POINT ( 'NONE',  ( 7.726600000000005686, 2.760000000000002007, 6.010000000000000675 ) ) ;
#1867 = CARTESIAN_POINT ( 'NONE',  ( 0.000000000000000000, 4.650000000000001243, 6.000000000000000000 ) ) ;
#1868 = ORIENTED_EDGE ( 'NONE', *, *, #1263, .F. ) ;
#1869 = PLANE ( 'NONE',  #1116 ) ;
#1870 = PLANE ( 'NONE',  #1545 ) ;
#1871 = UNCERTAINTY_MEASURE_WITH_UNIT (LENGTH_MEASURE( 1.000000000000000082E-05 ), #2671, 'distance_accuracy_value', 'NONE');
#1872 =( NAMED_UNIT ( * ) PLANE_ANGLE_UNIT ( ) SI_UNIT ( $, .RADIAN. ) );
#1873 = LINE ( 'NONE', #25, #3990 ) ;
#1874 = CARTESIAN_POINT ( 'NONE',  ( 6.241930000000005307, 2.760000000000002007, 6.010000000000000675 ) ) ;
#1875 = SURFACE_SIDE_STYLE ('',( #2238 ) ) ;
#1876 = CARTESIAN_POINT ( 'NONE',  ( 0.5000000000000004441, 4.150000000000001243, 0.000000000000000000 ) ) ;
#1877 = EDGE_CURVE ( 'NONE', #4205, #4359, #2220, .T. ) ;
#1878 = SURFACE_STYLE_FILL_AREA ( #3662 ) ;
#1879 = CARTESIAN_POINT ( 'NONE',  ( 9.500000000000008882, 2.450000000000001066, 2.000000000000000888 ) ) ;
#1880 = VECTOR ( 'NONE', #2187, 1000.000000000000000 ) ;
#1881 = AXIS2_PLACEMENT_3D ( 'NONE', #1590, #1981, #1615 ) ;
#1882 = PRESENTATION_LAYER_ASSIGNMENT (  '', '', ( #1503 ) ) ;
#1883 = DIRECTION ( 'NONE',  ( 0.000000000000000000, -1.000000000000000000, 0.000000000000000000 ) ) ;
#1884 = SURFACE_STYLE_FILL_AREA ( #365 ) ;
#1885 = VECTOR ( 'NONE', #748, 1000.000000000000000 ) ;
#1886 = ORIENTED_EDGE ( 'NONE', *, *, #3413, .F. ) ;
#1887 = FACE_OUTER_BOUND ( 'NONE', #300, .T. ) ;
#1888 = PRESENTATION_LAYER_ASSIGNMENT (  '', '', ( #198 ) ) ;
#1889 = CARTESIAN_POINT ( 'NONE',  ( 9.500000000000007105, 4.150000000000001243, 1.700000000000008615 ) ) ;
#1890 = EDGE_CURVE ( 'NONE', #3247, #511, #4276, .T. ) ;
#1891 = LINE ( 'NONE', #2208, #1245 ) ;
#1892 = EDGE_CURVE ( 'NONE', #1106, #3736, #2823, .T. ) ;
#1893 = ORIENTED_EDGE ( 'NONE', *, *, #2091, .T. ) ;
#1894 = CARTESIAN_POINT ( 'NONE',  ( 8.272600000000004172, 3.250000000000002220, 6.009999999999997122 ) ) ;
#1895 =( LENGTH_UNIT ( ) NAMED_UNIT ( * ) SI_UNIT ( .MILLI., .METRE. ) );
#1896 = ADVANCED_FACE ( 'NONE', ( #3638 ), #3593, .F. ) ;
#1897 = CARTESIAN_POINT ( 'NONE',  ( 4.257270000000004551, 2.750000000000002220, 6.750000000000000888 ) ) ;
#1898 = EDGE_CURVE ( 'NONE', #163, #2499, #4251, .T. ) ;
#1899 = PRESENTATION_STYLE_ASSIGNMENT (( #823 ) ) ;
#1900 = VECTOR ( 'NONE', #4495, 1000.000000000000000 ) ;
#1901 =( NAMED_UNIT ( * ) SI_UNIT ( $, .STERADIAN. ) SOLID_ANGLE_UNIT ( ) );
#1902 = STYLED_ITEM ( 'NONE', ( #2996 ), #2813 ) ;
#1903 = PRESENTATION_LAYER_ASSIGNMENT (  '', '', ( #2878 ) ) ;
#1904 = MECHANICAL_DESIGN_GEOMETRIC_PRESENTATION_REPRESENTATION (  '', ( #686 ), #3324 ) ;
#1905 = VECTOR ( 'NONE', #1216, 1000.000000000000000 ) ;
#1906 = CARTESIAN_POINT ( 'NONE',  ( 8.226600000000006574, 3.250000000000001332, 0.8500000000000005329 ) ) ;
#1907 = FACE_OUTER_BOUND ( 'NONE', #709, .T. ) ;
#1908 =( NAMED_UNIT ( * ) SI_UNIT ( $, .STERADIAN. ) SOLID_ANGLE_UNIT ( ) );
#1909 = EDGE_CURVE ( 'NONE', #694, #237, #4005, .T. ) ;
#1910 = ORIENTED_EDGE ( 'NONE', *, *, #544, .F. ) ;
#1911 = VECTOR ( 'NONE', #4460, 1000.000000000000000 ) ;
#1912 = DIRECTION ( 'NONE',  ( -0.000000000000000000, 1.000000000000000000, -0.000000000000000000 ) ) ;
#1913 = ADVANCED_FACE ( 'NONE', ( #338 ), #3984, .F. ) ;
#1914 = EDGE_CURVE ( 'NONE', #3189, #983, #3262, .T. ) ;
#1915 = FACE_OUTER_BOUND ( 'NONE', #2412, .T. ) ;
#1916 = LINE ( 'NONE', #1867, #3883 ) ;
#1917 = ORIENTED_EDGE ( 'NONE', *, *, #2808, .F. ) ;
#1918 = CARTESIAN_POINT ( 'NONE',  ( 1.772600000000004838, -3.249999999999998224, 6.500000000000000888 ) ) ;
#1919 = FACE_OUTER_BOUND ( 'NONE', #546, .T. ) ;
#1920 = UNCERTAINTY_MEASURE_WITH_UNIT (LENGTH_MEASURE( 1.000000000000000082E-05 ), #2938, 'distance_accuracy_value', 'NONE');
#1921 = DIRECTION ( 'NONE',  ( -0.000000000000000000, 1.000000000000000000, -0.000000000000000000 ) ) ;
#1922 =( NAMED_UNIT ( * ) SI_UNIT ( $, .STERADIAN. ) SOLID_ANGLE_UNIT ( ) );
#1923 = SURFACE_SIDE_STYLE ('',( #69 ) ) ;
#1924 =( LENGTH_UNIT ( ) NAMED_UNIT ( * ) SI_UNIT ( .MILLI., .METRE. ) );
#1925 = SURFACE_STYLE_FILL_AREA ( #1194 ) ;
#1926 = MECHANICAL_DESIGN_GEOMETRIC_PRESENTATION_REPRESENTATION (  '', ( #2603 ), #3042 ) ;
#1927 =( GEOMETRIC_REPRESENTATION_CONTEXT ( 3 ) GLOBAL_UNCERTAINTY_ASSIGNED_CONTEXT ( ( #3856 ) ) GLOBAL_UNIT_ASSIGNED_CONTEXT ( ( #989, #1359, #3422 ) ) REPRESENTATION_CONTEXT ( 'NONE', 'WORKASPACE' ) );
#1928 =( NAMED_UNIT ( * ) PLANE_ANGLE_UNIT ( ) SI_UNIT ( $, .RADIAN. ) );
#1929 = DIRECTION ( 'NONE',  ( -0.000000000000000000, 1.000000000000000000, -0.000000000000000000 ) ) ;
#1930 = VECTOR ( 'NONE', #1529, 1000.000000000000000 ) ;
#1931 = DIRECTION ( 'NONE',  ( -1.000000000000000000, -0.000000000000000000, -0.000000000000000000 ) ) ;
#1932 = ADVANCED_FACE ( 'NONE', ( #805 ), #849, .F. ) ;
#1933 = VECTOR ( 'NONE', #2937, 1000.000000000000000 ) ;
#1934 = ORIENTED_EDGE ( 'NONE', *, *, #1819, .T. ) ;
#1935 = PLANE ( 'NONE',  #3002 ) ;
#1936 = VECTOR ( 'NONE', #3880, 1000.000000000000000 ) ;
#1937 = EDGE_CURVE ( 'NONE', #4313, #2788, #506, .T. ) ;
#1938 = DIRECTION ( 'NONE',  ( 0.000000000000000000, -1.000000000000000000, 0.000000000000000000 ) ) ;
#1939 = PRESENTATION_LAYER_ASSIGNMENT (  '', '', ( #1412 ) ) ;
#1940 = CARTESIAN_POINT ( 'NONE',  ( 3.000000000000000888, 4.650000000000001243, 4.000000000000000888 ) ) ;
#1941 = VECTOR ( 'NONE', #3263, 1000.000000000000000 ) ;
#1942 = COLOUR_RGB ( '',1.000000000000000000, 0.8941176470588234615, 0.1058823529411764691 ) ;
#1943 = VERTEX_POINT ( 'NONE', #456 ) ;
#1944 = DIRECTION ( 'NONE',  ( -1.000000000000000000, 0.000000000000000000, 0.000000000000000000 ) ) ;
#1945 = FILL_AREA_STYLE ('',( #2041 ) ) ;
#1946 = FILL_AREA_STYLE ('',( #1575 ) ) ;
#1947 = SURFACE_STYLE_FILL_AREA ( #24 ) ;
#1948 = FILL_AREA_STYLE ('',( #899 ) ) ;
#1949 = CARTESIAN_POINT ( 'NONE',  ( 10.00000000000000000, 4.650000000000001243, 4.599999999999999645 ) ) ;
#1950 = ORIENTED_EDGE ( 'NONE', *, *, #821, .T. ) ;
#1951 = DIRECTION ( 'NONE',  ( -1.865294060190113153E-15, 1.000000000000000000, -0.000000000000000000 ) ) ;
#1952 = SURFACE_SIDE_STYLE ('',( #2333 ) ) ;
#1953 = LINE ( 'NONE', #912, #4060 ) ;
#1954 = VECTOR ( 'NONE', #2338, 1000.000000000000000 ) ;
#1955 = VECTOR ( 'NONE', #3245, 1000.000000000000000 ) ;
#1956 = EDGE_LOOP ( 'NONE', ( #1771, #4095, #1863, #1716, #1674, #1619 ) ) ;
#1957 = DIRECTION ( 'NONE',  ( 1.865294060190114485E-16, -1.000000000000000000, 0.000000000000000000 ) ) ;
#1958 =( NAMED_UNIT ( * ) SI_UNIT ( $, .STERADIAN. ) SOLID_ANGLE_UNIT ( ) );
#1959 = VECTOR ( 'NONE', #1728, 1000.000000000000000 ) ;
#1960 = PLANE ( 'NONE',  #2737 ) ;
#1961 =( NAMED_UNIT ( * ) PLANE_ANGLE_UNIT ( ) SI_UNIT ( $, .RADIAN. ) );
#1962 = ORIENTED_EDGE ( 'NONE', *, *, #883, .T. ) ;
#1963 = CARTESIAN_POINT ( 'NONE',  ( 2.272600000000004616, 2.760000000000002007, 6.010000000000000675 ) ) ;
#1964 = PLANE ( 'NONE',  #3803 ) ;
#1965 = UNCERTAINTY_MEASURE_WITH_UNIT (LENGTH_MEASURE( 1.000000000000000082E-05 ), #2657, 'distance_accuracy_value', 'NONE');
#1966 =( NAMED_UNIT ( * ) SI_UNIT ( $, .STERADIAN. ) SOLID_ANGLE_UNIT ( ) );
#1967 = CARTESIAN_POINT ( 'NONE',  ( 9.500000000000008882, 4.150000000000001243, 0.000000000000000000 ) ) ;
#1968 = CARTESIAN_POINT ( 'NONE',  ( 8.500000000000005329, 4.650000000000001243, 1.700000000000006839 ) ) ;
#1969 = ORIENTED_EDGE ( 'NONE', *, *, #2326, .F. ) ;
#1970 = LINE ( 'NONE', #1560, #3971 ) ;
#1971 = DIRECTION ( 'NONE',  ( -2.168404344971003346E-15, 0.000000000000000000, 1.000000000000000000 ) ) ;
#1972 = VERTEX_POINT ( 'NONE', #3348 ) ;
#1973 = ADVANCED_FACE ( 'NONE', ( #1170 ), #3682, .F. ) ;
#1974 = FACE_OUTER_BOUND ( 'NONE', #3380, .T. ) ;
#1975 = ORIENTED_EDGE ( 'NONE', *, *, #203, .T. ) ;
#1976 = EDGE_CURVE ( 'NONE', #3394, #4282, #1582, .T. ) ;
#1977 = EDGE_CURVE ( 'NONE', #1614, #3189, #2239, .T. ) ;
#1978 =( LENGTH_UNIT ( ) NAMED_UNIT ( * ) SI_UNIT ( .MILLI., .METRE. ) );
#1979 = PRESENTATION_LAYER_ASSIGNMENT (  '', '', ( #1220 ) ) ;
#1980 = ORIENTED_EDGE ( 'NONE', *, *, #4674, .F. ) ;
#1981 = DIRECTION ( 'NONE',  ( 0.000000000000000000, 1.000000000000000000, -0.000000000000000000 ) ) ;
#1982 = STYLED_ITEM ( 'NONE', ( #2602 ), #106 ) ;
#1983 = UNCERTAINTY_MEASURE_WITH_UNIT (LENGTH_MEASURE( 1.000000000000000082E-05 ), #996, 'distance_accuracy_value', 'NONE');
#1984 = VECTOR ( 'NONE', #1613, 1000.000000000000000 ) ;
#1985 = ORIENTED_EDGE ( 'NONE', *, *, #2053, .T. ) ;
#1986 = SURFACE_STYLE_FILL_AREA ( #2384 ) ;
#1987 = VERTEX_POINT ( 'NONE', #2281 ) ;
#1988 = CARTESIAN_POINT ( 'NONE',  ( 7.000000000000000888, 4.150000000000001243, 0.000000000000000000 ) ) ;
#1989 = SURFACE_SIDE_STYLE ('',( #3767 ) ) ;
#1990 = MECHANICAL_DESIGN_GEOMETRIC_PRESENTATION_REPRESENTATION (  '', ( #2292 ), #1688 ) ;
#1991 = ORIENTED_EDGE ( 'NONE', *, *, #3114, .F. ) ;
#1992 = DIRECTION ( 'NONE',  ( 1.000000000000000000, 0.000000000000000000, 0.000000000000000000 ) ) ;
#1993 = DIRECTION ( 'NONE',  ( 0.000000000000000000, 0.000000000000000000, -1.000000000000000000 ) ) ;
#1994 =( LENGTH_UNIT ( ) NAMED_UNIT ( * ) SI_UNIT ( .MILLI., .METRE. ) );
#1995 = PLANE ( 'NONE',  #1374 ) ;
#1996 = ORIENTED_EDGE ( 'NONE', *, *, #1238, .F. ) ;
#1998 = SURFACE_SIDE_STYLE ('',( #1257 ) ) ;
#1997 = PLANE ( 'NONE',  #743 ) ;
#1999 = VERTEX_POINT ( 'NONE', #2995 ) ;
#2000 = CARTESIAN_POINT ( 'NONE',  ( 7.109265000000005053, 0.000000000000000000, 5.500000000000000000 ) ) ;
#2001 = LINE ( 'NONE', #510, #3698 ) ;
#2002 =( NAMED_UNIT ( * ) SI_UNIT ( $, .STERADIAN. ) SOLID_ANGLE_UNIT ( ) );
#2003 = DIRECTION ( 'NONE',  ( 0.000000000000000000, 0.000000000000000000, -1.000000000000000000 ) ) ;
#2004 = DIRECTION ( 'NONE',  ( 1.000000000000000000, 0.000000000000000000, -1.084202172485504434E-16 ) ) ;
#2005 = ORIENTED_EDGE ( 'NONE', *, *, #938, .T. ) ;
#2006 = PLANE ( 'NONE',  #1881 ) ;
#2007 = COLOUR_RGB ( '',0.9607843137254902244, 0.9098039215686274384, 0.000000000000000000 ) ;
#2008 = EDGE_CURVE ( 'NONE', #3938, #2032, #3660, .T. ) ;
#2009 = ORIENTED_EDGE ( 'NONE', *, *, #1462, .T. ) ;
#2010 = MECHANICAL_DESIGN_GEOMETRIC_PRESENTATION_REPRESENTATION (  '', ( #3649 ), #1785 ) ;
#2011 =( NAMED_UNIT ( * ) PLANE_ANGLE_UNIT ( ) SI_UNIT ( $, .RADIAN. ) );
#2012 = ORIENTED_EDGE ( 'NONE', *, *, #4591, .T. ) ;
#2013 = PRESENTATION_LAYER_ASSIGNMENT (  '', '', ( #4037 ) ) ;
#2014 = ORIENTED_EDGE ( 'NONE', *, *, #3933, .T. ) ;
#2015 =( NAMED_UNIT ( * ) PLANE_ANGLE_UNIT ( ) SI_UNIT ( $, .RADIAN. ) );
#2016 = UNCERTAINTY_MEASURE_WITH_UNIT (LENGTH_MEASURE( 1.000000000000000082E-05 ), #4435, 'distance_accuracy_value', 'NONE');
#2017 = VECTOR ( 'NONE', #3318, 1000.000000000000000 ) ;
#2018 = VECTOR ( 'NONE', #1399, 1000.000000000000000 ) ;
#2019 = DIRECTION ( 'NONE',  ( 0.000000000000000000, -0.000000000000000000, -1.000000000000000000 ) ) ;
#2020 = PRESENTATION_LAYER_ASSIGNMENT (  '', '', ( #646 ) ) ;
#2021 = FACE_OUTER_BOUND ( 'NONE', #3673, .T. ) ;
#2022 = ORIENTED_EDGE ( 'NONE', *, *, #2930, .T. ) ;
#2024 = CARTESIAN_POINT ( 'NONE',  ( 4.257270000000004551, -3.249999999999998224, 6.000000000000000000 ) ) ;
#2023 = FACE_OUTER_BOUND ( 'NONE', #1283, .T. ) ;
#2025 = COLOUR_RGB ( '',1.000000000000000000, 1.000000000000000000, 1.000000000000000000 ) ;
#2026 = ORIENTED_EDGE ( 'NONE', *, *, #3600, .T. ) ;
#2027 = DIRECTION ( 'NONE',  ( -1.000000000000000000, -0.000000000000000000, -0.000000000000000000 ) ) ;
#2028 = CARTESIAN_POINT ( 'NONE',  ( 5.741930000000004419, -3.249999999999998224, 6.500000000000000888 ) ) ;
#2029 = ORIENTED_EDGE ( 'NONE', *, *, #3993, .F. ) ;
#2030 = AXIS2_PLACEMENT_3D ( 'NONE', #2207, #2117, #697 ) ;
#2031 = CARTESIAN_POINT ( 'NONE',  ( 7.726600000000005686, 3.250000000000002220, 6.009999999999997122 ) ) ;
#2032 = VERTEX_POINT ( 'NONE', #51 ) ;
#2033 = ORIENTED_EDGE ( 'NONE', *, *, #1914, .F. ) ;
#2034 = CARTESIAN_POINT ( 'NONE',  ( 3.757270000000007215, 2.759999999999998455, 6.500000000000000888 ) ) ;
#2035 = ORIENTED_EDGE ( 'NONE', *, *, #762, .T. ) ;
#2036 = LINE ( 'NONE', #1389, #787 ) ;
#2037 = VECTOR ( 'NONE', #3888, 1000.000000000000000 ) ;
#2038 = COLOUR_RGB ( '',1.000000000000000000, 1.000000000000000000, 1.000000000000000000 ) ;
#2039 = ORIENTED_EDGE ( 'NONE', *, *, #2310, .F. ) ;
#2040 = DIRECTION ( 'NONE',  ( 1.000000000000000000, 0.000000000000000000, 0.000000000000000000 ) ) ;
#2041 = FILL_AREA_STYLE_COLOUR ( '', #1628 ) ;
#2042 = VECTOR ( 'NONE', #3817, 1000.000000000000000 ) ;
#2043 = CARTESIAN_POINT ( 'NONE',  ( 1.772600000000004838, 2.750000000000002220, 0.8500000000000005329 ) ) ;
#2044 = STYLED_ITEM ( 'NONE', ( #4083 ), #4253 ) ;
#2045 = CARTESIAN_POINT ( 'NONE',  ( 1.772600000000004838, -3.249999999999998224, 6.000000000000000000 ) ) ;
#2046 = VERTEX_POINT ( 'NONE', #3120 ) ;
#2047 = LINE ( 'NONE', #4156, #569 ) ;
#2048 = CARTESIAN_POINT ( 'NONE',  ( 8.843715570000004078, 0.000000000000000000, 5.500000000000000000 ) ) ;
#2049 = ORIENTED_EDGE ( 'NONE', *, *, #1797, .T. ) ;
#2050 = SURFACE_STYLE_USAGE ( .BOTH. , #3305 ) ;
#2051 = CARTESIAN_POINT ( 'NONE',  ( 9.500000000000008882, 4.150000000000001243, 4.250000000000000000 ) ) ;
#2052 = ORIENTED_EDGE ( 'NONE', *, *, #1816, .T. ) ;
#2053 = EDGE_CURVE ( 'NONE', #533, #3855, #2247, .T. ) ;
#2054 = PRESENTATION_STYLE_ASSIGNMENT (( #4582 ) ) ;
#2055 = FILL_AREA_STYLE_COLOUR ( '', #1318 ) ;
#2056 = VERTEX_POINT ( 'NONE', #561 ) ;
#2057 =( NAMED_UNIT ( * ) SI_UNIT ( $, .STERADIAN. ) SOLID_ANGLE_UNIT ( ) );
#2058 = MECHANICAL_DESIGN_GEOMETRIC_PRESENTATION_REPRESENTATION (  '', ( #829 ), #3099 ) ;
#2059 = CARTESIAN_POINT ( 'NONE',  ( 9.500000000000008882, 2.450000000000001066, 4.250000000000000000 ) ) ;
#2060 = ORIENTED_EDGE ( 'NONE', *, *, #3813, .F. ) ;
#2061 = EDGE_CURVE ( 'NONE', #4554, #3290, #2400, .T. ) ;
#2062 = MECHANICAL_DESIGN_GEOMETRIC_PRESENTATION_REPRESENTATION (  '', ( #2802 ), #4612 ) ;
#2063 = EDGE_CURVE ( 'NONE', #571, #1323, #2692, .T. ) ;
#2064 = VERTEX_POINT ( 'NONE', #4202 ) ;
#2065 = SURFACE_SIDE_STYLE ('',( #2739 ) ) ;
#2066 = DIRECTION ( 'NONE',  ( -0.000000000000000000, -1.000000000000000000, -0.000000000000000000 ) ) ;
#2067 = DIRECTION ( 'NONE',  ( 0.000000000000000000, 1.000000000000000000, -4.336808689942015764E-16 ) ) ;
#2068 = SURFACE_STYLE_USAGE ( .BOTH. , #259 ) ;
#2069 = SURFACE_STYLE_FILL_AREA ( #3447 ) ;
#2070 = ORIENTED_EDGE ( 'NONE', *, *, #2250, .T. ) ;
#2071 = DIRECTION ( 'NONE',  ( -0.000000000000000000, -0.000000000000000000, 1.000000000000000000 ) ) ;
#2072 =( LENGTH_UNIT ( ) NAMED_UNIT ( * ) SI_UNIT ( .MILLI., .METRE. ) );
#2074 = SURFACE_SIDE_STYLE ('',( #901 ) ) ;
#2073 = LINE ( 'NONE', #932, #4215 ) ;
#2075 = VERTEX_POINT ( 'NONE', #3398 ) ;
#2076 = UNCERTAINTY_MEASURE_WITH_UNIT (LENGTH_MEASURE( 1.000000000000000082E-05 ), #1011, 'distance_accuracy_value', 'NONE');
#2077 =( NAMED_UNIT ( * ) PLANE_ANGLE_UNIT ( ) SI_UNIT ( $, .RADIAN. ) );
#2078 = DIRECTION ( 'NONE',  ( -1.000000000000000000, 0.000000000000000000, 0.000000000000000000 ) ) ;
#2079 = ORIENTED_EDGE ( 'NONE', *, *, #914, .T. ) ;
#2080 = LINE ( 'NONE', #4164, #20 ) ;
#2081 = CARTESIAN_POINT ( 'NONE',  ( 1.500000000000000222, 4.650000000000001243, 3.700000000000000178 ) ) ;
#2082 = VERTEX_POINT ( 'NONE', #3778 ) ;
#2083 = SURFACE_STYLE_USAGE ( .BOTH. , #2431 ) ;
#2084 = ORIENTED_EDGE ( 'NONE', *, *, #985, .T. ) ;
#2085 = FILL_AREA_STYLE_COLOUR ( '', #3969 ) ;
#2086 = COLOUR_RGB ( '',1.000000000000000000, 0.8941176470588234615, 0.1058823529411764691 ) ;
#2087 = EDGE_CURVE ( 'NONE', #4487, #3009, #634, .T. ) ;
#2088 = COLOUR_RGB ( '',1.000000000000000000, 0.8509803921568627194, 0.1529411764705882470 ) ;
#2089 = ORIENTED_EDGE ( 'NONE', *, *, #3065, .T. ) ;
#2090 =( LENGTH_UNIT ( ) NAMED_UNIT ( * ) SI_UNIT ( .MILLI., .METRE. ) );
#2091 = EDGE_CURVE ( 'NONE', #1271, #917, #3450, .T. ) ;
#2092 = LINE ( 'NONE', #4545, #760 ) ;
#2093 =( LENGTH_UNIT ( ) NAMED_UNIT ( * ) SI_UNIT ( .MILLI., .METRE. ) );
#2094 = ORIENTED_EDGE ( 'NONE', *, *, #3090, .T. ) ;
#2095 = LINE ( 'NONE', #261, #1036 ) ;
#2096 =( NAMED_UNIT ( * ) SI_UNIT ( $, .STERADIAN. ) SOLID_ANGLE_UNIT ( ) );
#2097 =( GEOMETRIC_REPRESENTATION_CONTEXT ( 3 ) GLOBAL_UNCERTAINTY_ASSIGNED_CONTEXT ( ( #2991 ) ) GLOBAL_UNIT_ASSIGNED_CONTEXT ( ( #1367, #2807, #2478 ) ) REPRESENTATION_CONTEXT ( 'NONE', 'WORKASPACE' ) );
#2099 = LINE ( 'NONE', #285, #4640 ) ;
#2098 = CARTESIAN_POINT ( 'NONE',  ( 7.726600000000005686, -3.249999999999998224, 6.500000000000000888 ) ) ;
#2100 = FILL_AREA_STYLE_COLOUR ( '', #2311 ) ;
#2101 = ORIENTED_EDGE ( 'NONE', *, *, #1914, .T. ) ;
#2102 = MECHANICAL_DESIGN_GEOMETRIC_PRESENTATION_REPRESENTATION (  '', ( #869 ), #1862 ) ;
#2103 = STYLED_ITEM ( 'NONE', ( #969 ), #1746 ) ;
#2104 =( GEOMETRIC_REPRESENTATION_CONTEXT ( 3 ) GLOBAL_UNCERTAINTY_ASSIGNED_CONTEXT ( ( #528 ) ) GLOBAL_UNIT_ASSIGNED_CONTEXT ( ( #1846, #4, #3609 ) ) REPRESENTATION_CONTEXT ( 'NONE', 'WORKASPACE' ) );
#2105 = SURFACE_SIDE_STYLE ('',( #3958 ) ) ;
#2106 = LINE ( 'NONE', #4166, #1681 ) ;
#2107 = EDGE_CURVE ( 'NONE', #4670, #4597, #2748, .T. ) ;
#2108 = SURFACE_SIDE_STYLE ('',( #1037 ) ) ;
#2109 = ORIENTED_EDGE ( 'NONE', *, *, #1773, .T. ) ;
#2110 = FILL_AREA_STYLE_COLOUR ( '', #3430 ) ;
#2111 = EDGE_CURVE ( 'NONE', #3394, #2727, #3096, .T. ) ;
#2112 = MECHANICAL_DESIGN_GEOMETRIC_PRESENTATION_REPRESENTATION (  '', ( #418 ), #886 ) ;
#2113 = VERTEX_POINT ( 'NONE', #241 ) ;
#2114 = LINE ( 'NONE', #2503, #2129 ) ;
#2115 = LINE ( 'NONE', #605, #1088 ) ;
#2116 = UNCERTAINTY_MEASURE_WITH_UNIT (LENGTH_MEASURE( 1.000000000000000082E-05 ), #3955, 'distance_accuracy_value', 'NONE');
#2117 = DIRECTION ( 'NONE',  ( 1.000000000000000000, 0.000000000000000000, 0.000000000000000000 ) ) ;
#2118 = AXIS2_PLACEMENT_3D ( 'NONE', #3220, #2181, #1083 ) ;
#2119 = ORIENTED_EDGE ( 'NONE', *, *, #4591, .F. ) ;
#2120 = CARTESIAN_POINT ( 'NONE',  ( 0.5000000000000004441, 3.450000000000001510, 2.000000000000000444 ) ) ;
#2121 = CARTESIAN_POINT ( 'NONE',  ( 1.772600000000004838, 3.250000000000002220, 6.009999999999997122 ) ) ;
#2123 = FACE_OUTER_BOUND ( 'NONE', #4256, .T. ) ;
#2122 = FILL_AREA_STYLE_COLOUR ( '', #2933 ) ;
#2124 = UNCERTAINTY_MEASURE_WITH_UNIT (LENGTH_MEASURE( 1.000000000000000082E-05 ), #752, 'distance_accuracy_value', 'NONE');
#2125 = FACE_OUTER_BOUND ( 'NONE', #775, .T. ) ;
#2126 = ORIENTED_EDGE ( 'NONE', *, *, #4092, .F. ) ;
#2127 = VECTOR ( 'NONE', #2328, 1000.000000000000000 ) ;
#2128 = EDGE_LOOP ( 'NONE', ( #2677, #3545, #1650, #1635 ) ) ;
#2129 = VECTOR ( 'NONE', #1463, 1000.000000000000000 ) ;
#2130 = LINE ( 'NONE', #2843, #4191 ) ;
#2131 = EDGE_CURVE ( 'NONE', #2428, #565, #1311, .T. ) ;
#2132 = DIRECTION ( 'NONE',  ( -0.000000000000000000, 1.000000000000000000, -0.000000000000000000 ) ) ;
#2133 = DIRECTION ( 'NONE',  ( 1.000000000000000000, 0.000000000000000000, 0.000000000000000000 ) ) ;
#2134 = ORIENTED_EDGE ( 'NONE', *, *, #202, .T. ) ;
#2135 = SURFACE_STYLE_USAGE ( .BOTH. , #4540 ) ;
#2136 = ORIENTED_EDGE ( 'NONE', *, *, #1277, .T. ) ;
#2137 = PRESENTATION_LAYER_ASSIGNMENT (  '', '', ( #1150 ) ) ;
#2138 = SURFACE_STYLE_FILL_AREA ( #3532 ) ;
#2139 = COLOUR_RGB ( '',1.000000000000000000, 1.000000000000000000, 1.000000000000000000 ) ;
#2140 =( GEOMETRIC_REPRESENTATION_CONTEXT ( 3 ) GLOBAL_UNCERTAINTY_ASSIGNED_CONTEXT ( ( #988 ) ) GLOBAL_UNIT_ASSIGNED_CONTEXT ( ( #827, #851, #1585 ) ) REPRESENTATION_CONTEXT ( 'NONE', 'WORKASPACE' ) );
#2141 = PLANE ( 'NONE',  #954 ) ;
#2142 = AXIS2_PLACEMENT_3D ( 'NONE', #3378, #2979, #1265 ) ;
#2143 = ORIENTED_EDGE ( 'NONE', *, *, #4311, .T. ) ;
#2144 = FILL_AREA_STYLE ('',( #1120 ) ) ;
#2145 = LINE ( 'NONE', #239, #736 ) ;
#2146 = MANIFOLD_SOLID_BREP ( 'Saliente-Extruir6', #2193 ) ;
#2148 = FILL_AREA_STYLE ('',( #3927 ) ) ;
#2147 =( NAMED_UNIT ( * ) SI_UNIT ( $, .STERADIAN. ) SOLID_ANGLE_UNIT ( ) );
#2149 = SURFACE_SIDE_STYLE ('',( #2172 ) ) ;
#2150 =( LENGTH_UNIT ( ) NAMED_UNIT ( * ) SI_UNIT ( .MILLI., .METRE. ) );
#2151 = CARTESIAN_POINT ( 'NONE',  ( 5.124814430000006027, -2.297435147096302602E-15, 6.000000000000000000 ) ) ;
#2152 = CARTESIAN_POINT ( 'NONE',  ( 3.757270000000004995, 2.750000000000002220, 0.8500000000000005329 ) ) ;
#2153 = DIRECTION ( 'NONE',  ( 0.000000000000000000, 1.000000000000000000, -0.000000000000000000 ) ) ;
#2154 = SURFACE_SIDE_STYLE ('',( #2521 ) ) ;
#2155 = COLOUR_RGB ( '',0.9607843137254902244, 0.9098039215686274384, 0.000000000000000000 ) ;
#2156 = LINE ( 'NONE', #3504, #1959 ) ;
#2157 = ORIENTED_EDGE ( 'NONE', *, *, #3907, .T. ) ;
#2158 = DIRECTION ( 'NONE',  ( -1.000000000000000000, 0.000000000000000000, 0.000000000000000000 ) ) ;
#2159 = LINE ( 'NONE', #3574, #1273 ) ;
#2160 = EDGE_CURVE ( 'NONE', #216, #141, #1008, .T. ) ;
#2161 = ORIENTED_EDGE ( 'NONE', *, *, #777, .T. ) ;
#2162 = SURFACE_STYLE_USAGE ( .BOTH. , #369 ) ;
#2163 = FACE_OUTER_BOUND ( 'NONE', #3043, .T. ) ;
#2164 = DIRECTION ( 'NONE',  ( -0.000000000000000000, -1.000000000000000000, -0.000000000000000000 ) ) ;
#2165 = AXIS2_PLACEMENT_3D ( 'NONE', #2051, #2423, #218 ) ;
#2166 = FILL_AREA_STYLE ('',( #3514 ) ) ;
#2167 = EDGE_LOOP ( 'NONE', ( #576, #2831, #3385, #2035 ) ) ;
#2168 = SURFACE_SIDE_STYLE ('',( #1094 ) ) ;
#2169 = LINE ( 'NONE', #3536, #1411 ) ;
#2170 = DIRECTION ( 'NONE',  ( 0.000000000000000000, -1.000000000000000000, 0.000000000000000000 ) ) ;
#2171 = VECTOR ( 'NONE', #556, 1000.000000000000000 ) ;
#2172 = SURFACE_STYLE_FILL_AREA ( #1450 ) ;
#2173 = LINE ( 'NONE', #681, #3906 ) ;
#2174 = LINE ( 'NONE', #2516, #3368 ) ;
#2175 = ADVANCED_FACE ( 'NONE', ( #2715 ), #3041, .T. ) ;
#2176 = EDGE_CURVE ( 'NONE', #465, #601, #3562, .T. ) ;
#2177 = DIRECTION ( 'NONE',  ( 1.000000000000000000, 0.000000000000000000, 0.000000000000000000 ) ) ;
#2178 = DIRECTION ( 'NONE',  ( -1.000000000000000000, -0.000000000000000000, -0.000000000000000000 ) ) ;
#2179 = VECTOR ( 'NONE', #1767, 1000.000000000000000 ) ;
#2180 = AXIS2_PLACEMENT_3D ( 'NONE', #4609, #1672, #3125 ) ;
#2181 = DIRECTION ( 'NONE',  ( -8.673617379884035472E-16, -1.000000000000000000, 0.000000000000000000 ) ) ;
#2182 = EDGE_LOOP ( 'NONE', ( #4203, #2143, #668, #1852 ) ) ;
#2183 = SURFACE_SIDE_STYLE ('',( #3939 ) ) ;
#2184 = VECTOR ( 'NONE', #3304, 1000.000000000000000 ) ;
#2185 = CARTESIAN_POINT ( 'NONE',  ( 5.741930000000004419, 3.250000000000001332, 6.750000000000000888 ) ) ;
#2186 = VERTEX_POINT ( 'NONE', #658 ) ;
#2187 = DIRECTION ( 'NONE',  ( -0.000000000000000000, -1.000000000000000000, -0.000000000000000000 ) ) ;
#2188 = PRESENTATION_LAYER_ASSIGNMENT (  '', '', ( #578 ) ) ;
#2189 = EDGE_CURVE ( 'NONE', #2642, #1670, #4602, .T. ) ;
#2190 = ADVANCED_FACE ( 'NONE', ( #2554 ), #1123, .F. ) ;
#2191 = ORIENTED_EDGE ( 'NONE', *, *, #2743, .F. ) ;
#2192 = DIRECTION ( 'NONE',  ( -0.000000000000000000, -0.000000000000000000, -1.000000000000000000 ) ) ;
#2193 = CLOSED_SHELL ( 'NONE', ( #272, #3132, #1128, #3930, #4308, #228, #4267, #1558, #4657, #125, #2404, #2998, #3064, #1550, #2752, #4332, #446, #4171, #817, #389, #4299, #61, #2633, #477, #1746, #93, #599, #1058, #574, #837, #3559, #2287, #981, #1913, #192, #2407, #3332, #2885, #4546, #1479, #3571, #4552, #4054, #908, #3088, #1932, #3784, #1401, #3763, #4233, #2813, #1896, #2425, #2921, #939, #2591, #3467, #2451, #1973, #530, #4370, #50, #1252, #1101, #3844, #3981, #3827, #2704, #3905, #2190, #3558, #106, #808, #4253, #1073, #2264, #3540, #1345, #4123, #1209, #4537, #740, #3432, #1775, #2809, #2542, #4090, #471, #2175, #4404, #3916, #4266, #2873, #2722, #3619, #3288, #3738, #1754, #553, #1675 ) ) ;
#2194 =( NAMED_UNIT ( * ) SI_UNIT ( $, .STERADIAN. ) SOLID_ANGLE_UNIT ( ) );
#2195 = FACE_OUTER_BOUND ( 'NONE', #3077, .T. ) ;
#2196 = PRESENTATION_LAYER_ASSIGNMENT (  '', '', ( #3604 ) ) ;
#2197 = SURFACE_STYLE_USAGE ( .BOTH. , #1875 ) ;
#2198 = PRESENTATION_STYLE_ASSIGNMENT (( #4321 ) ) ;
#2199 = LINE ( 'NONE', #359, #1941 ) ;
#2200 = VECTOR ( 'NONE', #1365, 1000.000000000000000 ) ;
#2201 = DIRECTION ( 'NONE',  ( 1.000000000000000000, -4.482962609626237803E-16, 0.000000000000000000 ) ) ;
#2202 = ORIENTED_EDGE ( 'NONE', *, *, #4268, .T. ) ;
#2203 = FACE_OUTER_BOUND ( 'NONE', #3485, .T. ) ;
#2204 = CARTESIAN_POINT ( 'NONE',  ( 3.757270000000004995, 3.250000000000001776, 0.8500000000000005329 ) ) ;
#2205 = EDGE_LOOP ( 'NONE', ( #2094, #1794, #4055, #1776 ) ) ;
#2206 = CARTESIAN_POINT ( 'NONE',  ( 7.726600000000005686, 2.750000000000002220, 6.750000000000000888 ) ) ;
#2207 = CARTESIAN_POINT ( 'NONE',  ( 1.772600000000004838, 2.750000000000002220, 6.750000000000000888 ) ) ;
#2208 = CARTESIAN_POINT ( 'NONE',  ( 0.5000000000000000000, 4.150000000000001243, 1.699999999999999956 ) ) ;
#2209 = ORIENTED_EDGE ( 'NONE', *, *, #257, .F. ) ;
#2211 = CARTESIAN_POINT ( 'NONE',  ( 8.226600000000006574, 3.250000000000001332, 0.8500000000000005329 ) ) ;
#2210 = FILL_AREA_STYLE_COLOUR ( '', #4360 ) ;
#2212 = UNCERTAINTY_MEASURE_WITH_UNIT (LENGTH_MEASURE( 1.000000000000000082E-05 ), #687, 'distance_accuracy_value', 'NONE');
#2213 = MECHANICAL_DESIGN_GEOMETRIC_PRESENTATION_REPRESENTATION (  '', ( #2651 ), #1217 ) ;
#2214 = VECTOR ( 'NONE', #46, 1000.000000000000000 ) ;
#2215 = DIRECTION ( 'NONE',  ( 0.000000000000000000, 0.000000000000000000, -1.000000000000000000 ) ) ;
#2216 = SURFACE_SIDE_STYLE ('',( #728 ) ) ;
#2217 = LINE ( 'NONE', #1810, #4206 ) ;
#2218 = PRESENTATION_LAYER_ASSIGNMENT (  '', '', ( #3543 ) ) ;
#2219 =( LENGTH_UNIT ( ) NAMED_UNIT ( * ) SI_UNIT ( .MILLI., .METRE. ) );
#2220 = LINE ( 'NONE', #2559, #2318 ) ;
#2221 = CARTESIAN_POINT ( 'NONE',  ( 7.726600000000005686, 3.250000000000001332, 6.750000000000000888 ) ) ;
#2222 = CARTESIAN_POINT ( 'NONE',  ( 6.859265000000005053, -3.074982852451793896E-15, 5.500000000000000000 ) ) ;
#2223 = COLOUR_RGB ( '',1.000000000000000000, 1.000000000000000000, 1.000000000000000000 ) ;
#2224 = ORIENTED_EDGE ( 'NONE', *, *, #2061, .T. ) ;
#2225 =( GEOMETRIC_REPRESENTATION_CONTEXT ( 3 ) GLOBAL_UNCERTAINTY_ASSIGNED_CONTEXT ( ( #1827 ) ) GLOBAL_UNIT_ASSIGNED_CONTEXT ( ( #2266, #103, #416 ) ) REPRESENTATION_CONTEXT ( 'NONE', 'WORKASPACE' ) );
#2226 = ORIENTED_EDGE ( 'NONE', *, *, #2605, .T. ) ;
#2227 = CARTESIAN_POINT ( 'NONE',  ( 0.000000000000000000, 4.650000000000001243, 6.000000000000000000 ) ) ;
#2228 = DIRECTION ( 'NONE',  ( 0.000000000000000000, 1.000000000000000000, -0.000000000000000000 ) ) ;
#2229 = EDGE_CURVE ( 'NONE', #1137, #3053, #4345, .T. ) ;
#2230 = ORIENTED_EDGE ( 'NONE', *, *, #2053, .F. ) ;
#2232 = CARTESIAN_POINT ( 'NONE',  ( 3.000000000000000888, 4.150000000000001243, 4.000000000000000888 ) ) ;
#2231 = FILL_AREA_STYLE ('',( #2210 ) ) ;
#2233 =( NAMED_UNIT ( * ) PLANE_ANGLE_UNIT ( ) SI_UNIT ( $, .RADIAN. ) );
#2234 = LINE ( 'NONE', #1072, #109 ) ;
#2235 =( GEOMETRIC_REPRESENTATION_CONTEXT ( 3 ) GLOBAL_UNCERTAINTY_ASSIGNED_CONTEXT ( ( #4101 ) ) GLOBAL_UNIT_ASSIGNED_CONTEXT ( ( #4038, #4366, #3346 ) ) REPRESENTATION_CONTEXT ( 'NONE', 'WORKASPACE' ) );
#2236 = DIRECTION ( 'NONE',  ( 0.000000000000000000, 0.000000000000000000, 1.000000000000000000 ) ) ;
#2237 = PRESENTATION_LAYER_ASSIGNMENT (  '', '', ( #3649 ) ) ;
#2238 = SURFACE_STYLE_FILL_AREA ( #1076 ) ;
#2239 = LINE ( 'NONE', #1539, #4047 ) ;
#2240 = FILL_AREA_STYLE ('',( #435 ) ) ;
#2241 = DIRECTION ( 'NONE',  ( 1.000000000000000000, 0.000000000000000000, 0.000000000000000000 ) ) ;
#2242 = LINE ( 'NONE', #2916, #4560 ) ;
#2243 = EDGE_CURVE ( 'NONE', #3451, #1275, #3186, .T. ) ;
#2244 = EDGE_CURVE ( 'NONE', #2749, #1020, #2489, .T. ) ;
#2245 = COLOUR_RGB ( '',0.9607843137254902244, 0.9098039215686274384, 0.000000000000000000 ) ;
#2246 = EDGE_LOOP ( 'NONE', ( #2049, #345, #4356, #1764 ) ) ;
#2247 = CIRCLE ( 'NONE', #3892, 0.4899999999999999911 ) ;
#2248 = SURFACE_STYLE_USAGE ( .BOTH. , #3381 ) ;
#2249 = EDGE_CURVE ( 'NONE', #4375, #1388, #2099, .T. ) ;
#2250 = EDGE_CURVE ( 'NONE', #741, #3769, #3519, .T. ) ;
#2251 = LINE ( 'NONE', #2986, #1930 ) ;
#2252 = ORIENTED_EDGE ( 'NONE', *, *, #2176, .T. ) ;
#2253 = DIRECTION ( 'NONE',  ( 1.000000000000000000, -8.673617379884035472E-16, -0.000000000000000000 ) ) ;
#2255 = CARTESIAN_POINT ( 'NONE',  ( 4.874800000000004907, 4.150000000000001243, 5.500000000000000000 ) ) ;
#2254 = LINE ( 'NONE', #2645, #2864 ) ;
#2256 = UNCERTAINTY_MEASURE_WITH_UNIT (LENGTH_MEASURE( 1.000000000000000082E-05 ), #4158, 'distance_accuracy_value', 'NONE');
#2257 = SURFACE_STYLE_USAGE ( .BOTH. , #4402 ) ;
#2258 = LINE ( 'NONE', #1967, #1066 ) ;
#2259 = DIRECTION ( 'NONE',  ( 1.000000000000000000, -4.482962609626237803E-16, 0.000000000000000000 ) ) ;
#2260 = LINE ( 'NONE', #2972, #2396 ) ;
#2261 = CARTESIAN_POINT ( 'NONE',  ( 3.757270000000004995, 2.750000000000002220, 6.750000000000000888 ) ) ;
#2262 = SURFACE_SIDE_STYLE ('',( #3330 ) ) ;
#2263 = EDGE_CURVE ( 'NONE', #999, #3005, #2836, .T. ) ;
#2264 = ADVANCED_FACE ( 'NONE', ( #2123 ), #4273, .F. ) ;
#2265 = EDGE_CURVE ( 'NONE', #621, #4554, #918, .T. ) ;
#2266 =( LENGTH_UNIT ( ) NAMED_UNIT ( * ) SI_UNIT ( .MILLI., .METRE. ) );
#2267 = FILL_AREA_STYLE ('',( #2676 ) ) ;
#2268 = MECHANICAL_DESIGN_GEOMETRIC_PRESENTATION_REPRESENTATION (  '', ( #2492 ), #667 ) ;
#2269 = ORIENTED_EDGE ( 'NONE', *, *, #4325, .T. ) ;
#2270 =( NAMED_UNIT ( * ) PLANE_ANGLE_UNIT ( ) SI_UNIT ( $, .RADIAN. ) );
#2271 = COLOUR_RGB ( '',1.000000000000000000, 1.000000000000000000, 1.000000000000000000 ) ;
#2272 =( NAMED_UNIT ( * ) PLANE_ANGLE_UNIT ( ) SI_UNIT ( $, .RADIAN. ) );
#2273 = ORIENTED_EDGE ( 'NONE', *, *, #413, .T. ) ;
#2274 = PRESENTATION_STYLE_ASSIGNMENT (( #820 ) ) ;
#2275 = LINE ( 'NONE', #87, #3583 ) ;
#2276 = DIRECTION ( 'NONE',  ( 0.000000000000000000, -0.000000000000000000, 1.000000000000000000 ) ) ;
#2277 =( NAMED_UNIT ( * ) PLANE_ANGLE_UNIT ( ) SI_UNIT ( $, .RADIAN. ) );
#2278 =( GEOMETRIC_REPRESENTATION_CONTEXT ( 3 ) GLOBAL_UNCERTAINTY_ASSIGNED_CONTEXT ( ( #2438 ) ) GLOBAL_UNIT_ASSIGNED_CONTEXT ( ( #4468, #868, #2689 ) ) REPRESENTATION_CONTEXT ( 'NONE', 'WORKASPACE' ) );
#2279 = CARTESIAN_POINT ( 'NONE',  ( 3.757270000000004995, 2.750000000000002220, 0.8500000000000005329 ) ) ;
#2281 = CARTESIAN_POINT ( 'NONE',  ( 7.726600000000005686, 2.750000000000002220, 5.500000000000000000 ) ) ;
#2280 = CARTESIAN_POINT ( 'NONE',  ( 2.272600000000004616, 2.750000000000002220, 0.8500000000000005329 ) ) ;
#2282 = FACE_OUTER_BOUND ( 'NONE', #3804, .T. ) ;
#2283 = PLANE ( 'NONE',  #1758 ) ;
#2284 = FACE_OUTER_BOUND ( 'NONE', #2470, .T. ) ;
#2285 = AXIS2_PLACEMENT_3D ( 'NONE', #1457, #2178, #3217 ) ;
#2286 = MECHANICAL_DESIGN_GEOMETRIC_PRESENTATION_REPRESENTATION (  '', ( #2878 ), #3481 ) ;
#2287 = ADVANCED_FACE ( 'NONE', ( #1494 ), #1870, .F. ) ;
#2288 =( GEOMETRIC_REPRESENTATION_CONTEXT ( 3 ) GLOBAL_UNCERTAINTY_ASSIGNED_CONTEXT ( ( #3656 ) ) GLOBAL_UNIT_ASSIGNED_CONTEXT ( ( #439, #3788, #880 ) ) REPRESENTATION_CONTEXT ( 'NONE', 'WORKASPACE' ) );
#2289 =( NAMED_UNIT ( * ) SI_UNIT ( $, .STERADIAN. ) SOLID_ANGLE_UNIT ( ) );
#2290 = FILL_AREA_STYLE_COLOUR ( '', #526 ) ;
#2291 = CARTESIAN_POINT ( 'NONE',  ( 0.000000000000000000, 0.000000000000000000, 0.8500000000000005329 ) ) ;
#2292 = STYLED_ITEM ( 'NONE', ( #2535 ), #2998 ) ;
#2293 = VERTEX_POINT ( 'NONE', #1653 ) ;
#2294 = FILL_AREA_STYLE_COLOUR ( '', #190 ) ;
#2295 = FILL_AREA_STYLE ('',( #19 ) ) ;
#2296 = ORIENTED_EDGE ( 'NONE', *, *, #4454, .F. ) ;
#2297 = SURFACE_STYLE_USAGE ( .BOTH. , #841 ) ;
#2298 = SURFACE_STYLE_USAGE ( .BOTH. , #1204 ) ;
#2299 = CARTESIAN_POINT ( 'NONE',  ( 0.5000000000000004441, 4.150000000000001243, 0.000000000000000000 ) ) ;
#2300 =( NAMED_UNIT ( * ) SI_UNIT ( $, .STERADIAN. ) SOLID_ANGLE_UNIT ( ) );
#2301 = LINE ( 'NONE', #2994, #325 ) ;
#2303 = FILL_AREA_STYLE ('',( #1191 ) ) ;
#2302 =( NAMED_UNIT ( * ) SI_UNIT ( $, .STERADIAN. ) SOLID_ANGLE_UNIT ( ) );
#2304 = VECTOR ( 'NONE', #685, 1000.000000000000000 ) ;
#2305 = EDGE_CURVE ( 'NONE', #2663, #3409, #3055, .T. ) ;
#2306 = EDGE_LOOP ( 'NONE', ( #1157, #2755, #3436, #3081 ) ) ;
#2307 = UNCERTAINTY_MEASURE_WITH_UNIT (LENGTH_MEASURE( 1.000000000000000082E-05 ), #3279, 'distance_accuracy_value', 'NONE');
#2308 = CARTESIAN_POINT ( 'NONE',  ( 0.000000000000000000, 0.000000000000000000, 6.000000000000000000 ) ) ;
#2309 = FACE_OUTER_BOUND ( 'NONE', #107, .T. ) ;
#2310 = EDGE_CURVE ( 'NONE', #4168, #4282, #1514, .T. ) ;
#2311 = COLOUR_RGB ( '',1.000000000000000000, 1.000000000000000000, 1.000000000000000000 ) ;
#2312 = FACE_OUTER_BOUND ( 'NONE', #2167, .T. ) ;
#2313 = VECTOR ( 'NONE', #2259, 1000.000000000000000 ) ;
#2314 = SURFACE_SIDE_STYLE ('',( #1544 ) ) ;
#2315 = PRESENTATION_LAYER_ASSIGNMENT (  '', '', ( #1549 ) ) ;
#2316 = ORIENTED_EDGE ( 'NONE', *, *, #4063, .T. ) ;
#2317 = CARTESIAN_POINT ( 'NONE',  ( 3.757270000000004995, -3.249999999999998224, 6.000000000000000000 ) ) ;
#2318 = VECTOR ( 'NONE', #4350, 1000.000000000000000 ) ;
#2319 = PRODUCT_DEFINITION ( 'UNKNOWN', '', #3645, #894 ) ;
#2320 = ORIENTED_EDGE ( 'NONE', *, *, #269, .F. ) ;
#2321 = DIRECTION ( 'NONE',  ( 0.000000000000000000, 0.000000000000000000, 1.000000000000000000 ) ) ;
#2322 = EDGE_CURVE ( 'NONE', #4109, #2663, #3028, .T. ) ;
#2323 = DIRECTION ( 'NONE',  ( 1.000000000000000000, 0.000000000000000000, 0.000000000000000000 ) ) ;
#2324 = UNCERTAINTY_MEASURE_WITH_UNIT (LENGTH_MEASURE( 1.000000000000000082E-05 ), #4179, 'distance_accuracy_value', 'NONE');
#2325 =( LENGTH_UNIT ( ) NAMED_UNIT ( * ) SI_UNIT ( .MILLI., .METRE. ) );
#2326 = EDGE_CURVE ( 'NONE', #216, #3484, #4458, .T. ) ;
#2327 = DIRECTION ( 'NONE',  ( 0.000000000000000000, 0.000000000000000000, 1.000000000000000000 ) ) ;
#2328 = DIRECTION ( 'NONE',  ( -0.000000000000000000, 1.000000000000000000, -0.000000000000000000 ) ) ;
#2329 = ORIENTED_EDGE ( 'NONE', *, *, #4442, .T. ) ;
#2330 = LINE ( 'NONE', #3683, #4081 ) ;
#2331 = CARTESIAN_POINT ( 'NONE',  ( 9.500000000000008882, 4.150000000000001243, 0.000000000000000000 ) ) ;
#2332 = ORIENTED_EDGE ( 'NONE', *, *, #4032, .T. ) ;
#2333 = SURFACE_STYLE_FILL_AREA ( #1175 ) ;
#2334 = ORIENTED_EDGE ( 'NONE', *, *, #963, .F. ) ;
#2335 = CARTESIAN_POINT ( 'NONE',  ( 0.5000000000000000000, 4.150000000000001243, 1.699999999999999956 ) ) ;
#2336 = VECTOR ( 'NONE', #3765, 1000.000000000000000 ) ;
#2337 = VERTEX_POINT ( 'NONE', #2211 ) ;
#2338 = DIRECTION ( 'NONE',  ( -4.663235150475285595E-17, -1.000000000000000000, 0.000000000000000000 ) ) ;
#2339 = ORIENTED_EDGE ( 'NONE', *, *, #3273, .T. ) ;
#2340 = DIRECTION ( 'NONE',  ( -0.000000000000000000, 0.000000000000000000, 1.000000000000000000 ) ) ;
#2341 = FACE_BOUND ( 'NONE', #3716, .T. ) ;
#2342 = COLOUR_RGB ( '',1.000000000000000000, 0.8941176470588234615, 0.1058823529411764691 ) ;
#2343 = ORIENTED_EDGE ( 'NONE', *, *, #3231, .T. ) ;
#2344 = CARTESIAN_POINT ( 'NONE',  ( 0.000000000000000000, 3.250000000000001332, 5.500000000000000000 ) ) ;
#2345 = FILL_AREA_STYLE_COLOUR ( '', #819 ) ;
#2346 = UNCERTAINTY_MEASURE_WITH_UNIT (LENGTH_MEASURE( 1.000000000000000082E-05 ), #2818, 'distance_accuracy_value', 'NONE');
#2347 = CARTESIAN_POINT ( 'NONE',  ( 7.000000000000000888, 4.150000000000001243, 4.000000000000000888 ) ) ;
#2348 =( LENGTH_UNIT ( ) NAMED_UNIT ( * ) SI_UNIT ( .MILLI., .METRE. ) );
#2349 = VERTEX_POINT ( 'NONE', #1988 ) ;
#2350 = SURFACE_STYLE_FILL_AREA ( #1948 ) ;
#2351 = CARTESIAN_POINT ( 'NONE',  ( 1.500000000000000000, 4.150000000000001243, 1.699999999999999956 ) ) ;
#2352 = ORIENTED_EDGE ( 'NONE', *, *, #2647, .T. ) ;
#2353 = CARTESIAN_POINT ( 'NONE',  ( 0.5000000000000000000, 4.150000000000001243, 3.700000000000000178 ) ) ;
#2354 = CARTESIAN_POINT ( 'NONE',  ( 3.139935000000005250, -1.407621120165678322E-15, 6.000000000000000000 ) ) ;
#2355 = ORIENTED_EDGE ( 'NONE', *, *, #1689, .T. ) ;
#2356 =( LENGTH_UNIT ( ) NAMED_UNIT ( * ) SI_UNIT ( .MILLI., .METRE. ) );
#2357 = DIRECTION ( 'NONE',  ( -0.000000000000000000, -0.000000000000000000, -1.000000000000000000 ) ) ;
#2358 =( GEOMETRIC_REPRESENTATION_CONTEXT ( 3 ) GLOBAL_UNCERTAINTY_ASSIGNED_CONTEXT ( ( #4494 ) ) GLOBAL_UNIT_ASSIGNED_CONTEXT ( ( #12, #1858, #3986 ) ) REPRESENTATION_CONTEXT ( 'NONE', 'WORKASPACE' ) );
#2359 = CARTESIAN_POINT ( 'NONE',  ( 1.772600000000004838, -3.249999999999998224, 6.500000000000000888 ) ) ;
#2360 = ORIENTED_EDGE ( 'NONE', *, *, #1077, .F. ) ;
#2361 = FILL_AREA_STYLE_COLOUR ( '', #2631 ) ;
#2362 = ORIENTED_EDGE ( 'NONE', *, *, #3576, .T. ) ;
#2363 = SURFACE_SIDE_STYLE ('',( #1986 ) ) ;
#2364 = ORIENTED_EDGE ( 'NONE', *, *, #3497, .T. ) ;
#2365 = VECTOR ( 'NONE', #2027, 1000.000000000000000 ) ;
#2366 =( GEOMETRIC_REPRESENTATION_CONTEXT ( 3 ) GLOBAL_UNCERTAINTY_ASSIGNED_CONTEXT ( ( #3180 ) ) GLOBAL_UNIT_ASSIGNED_CONTEXT ( ( #744, #2549, #3626 ) ) REPRESENTATION_CONTEXT ( 'NONE', 'WORKASPACE' ) );
#2367 = ORIENTED_EDGE ( 'NONE', *, *, #1877, .F. ) ;
#2368 =( LENGTH_UNIT ( ) NAMED_UNIT ( * ) SI_UNIT ( .MILLI., .METRE. ) );
#2369 = SURFACE_STYLE_FILL_AREA ( #2688 ) ;
#2370 = DIRECTION ( 'NONE',  ( 0.000000000000000000, -0.000000000000000000, -1.000000000000000000 ) ) ;
#2371 = VECTOR ( 'NONE', #3944, 1000.000000000000000 ) ;
#2372 = DIRECTION ( 'NONE',  ( 1.000000000000000000, 0.000000000000000000, 0.000000000000000000 ) ) ;
#2373 = ORIENTED_EDGE ( 'NONE', *, *, #833, .T. ) ;
#2374 = ORIENTED_EDGE ( 'NONE', *, *, #2771, .F. ) ;
#2375 = SURFACE_STYLE_FILL_AREA ( #614 ) ;
#2376 = VERTEX_POINT ( 'NONE', #152 ) ;
#2377 = FACE_OUTER_BOUND ( 'NONE', #4213, .T. ) ;
#2378 = FILL_AREA_STYLE_COLOUR ( '', #966 ) ;
#2379 = DIRECTION ( 'NONE',  ( -0.000000000000000000, 1.000000000000000000, -0.000000000000000000 ) ) ;
#2380 = ORIENTED_EDGE ( 'NONE', *, *, #1278, .T. ) ;
#2381 = PRESENTATION_STYLE_ASSIGNMENT (( #2699 ) ) ;
#2382 = COLOUR_RGB ( '',1.000000000000000000, 0.8509803921568627194, 0.1529411764705882470 ) ;
#2383 = EDGE_LOOP ( 'NONE', ( #2734, #2962, #1980, #229 ) ) ;
#2384 = FILL_AREA_STYLE ('',( #150 ) ) ;
#2385 = ORIENTED_EDGE ( 'NONE', *, *, #2459, .T. ) ;
#2386 = ORIENTED_EDGE ( 'NONE', *, *, #310, .F. ) ;
#2387 = PRESENTATION_STYLE_ASSIGNMENT (( #205 ) ) ;
#2388 = CARTESIAN_POINT ( 'NONE',  ( 8.226600000000006574, 2.760000000000002007, 6.010000000000000675 ) ) ;
#2389 = EDGE_CURVE ( 'NONE', #4137, #1670, #1849, .T. ) ;
#2390 = UNCERTAINTY_MEASURE_WITH_UNIT (LENGTH_MEASURE( 1.000000000000000082E-05 ), #1683, 'distance_accuracy_value', 'NONE');
#2391 = STYLED_ITEM ( 'NONE', ( #4493 ), #1401 ) ;
#2392 = VECTOR ( 'NONE', #2467, 1000.000000000000000 ) ;
#2393 = DIRECTION ( 'NONE',  ( -1.000000000000000000, -0.000000000000000000, -0.000000000000000000 ) ) ;
#2394 =( NAMED_UNIT ( * ) PLANE_ANGLE_UNIT ( ) SI_UNIT ( $, .RADIAN. ) );
#2395 = VECTOR ( 'NONE', #382, 1000.000000000000000 ) ;
#2396 = VECTOR ( 'NONE', #3039, 1000.000000000000000 ) ;
#2397 = CARTESIAN_POINT ( 'NONE',  ( 9.500000000000007105, 4.150000000000001243, 1.700000000000008615 ) ) ;
#2398 = VERTEX_POINT ( 'NONE', #2703 ) ;
#2399 = LINE ( 'NONE', #1377, #3661 ) ;
#2400 = LINE ( 'NONE', #588, #2841 ) ;
#2401 = ORIENTED_EDGE ( 'NONE', *, *, #1484, .T. ) ;
#2402 = ORIENTED_EDGE ( 'NONE', *, *, #700, .T. ) ;
#2403 = UNCERTAINTY_MEASURE_WITH_UNIT (LENGTH_MEASURE( 1.000000000000000082E-05 ), #1159, 'distance_accuracy_value', 'NONE');
#2404 = ADVANCED_FACE ( 'NONE', ( #4148 ), #1416, .F. ) ;
#2405 = COLOUR_RGB ( '',0.9607843137254902244, 0.9098039215686274384, 0.000000000000000000 ) ;
#2406 = ORIENTED_EDGE ( 'NONE', *, *, #2160, .T. ) ;
#2407 = ADVANCED_FACE ( 'NONE', ( #3913 ), #947, .F. ) ;
#2408 = EDGE_CURVE ( 'NONE', #976, #1020, #2036, .T. ) ;
#2409 =( NAMED_UNIT ( * ) PLANE_ANGLE_UNIT ( ) SI_UNIT ( $, .RADIAN. ) );
#2410 = ORIENTED_EDGE ( 'NONE', *, *, #2229, .F. ) ;
#2411 = MECHANICAL_DESIGN_GEOMETRIC_PRESENTATION_REPRESENTATION (  '', ( #4424 ), #2787 ) ;
#2412 = EDGE_LOOP ( 'NONE', ( #1868, #3, #2343, #147, #2811, #3987, #4592, #4452 ) ) ;
#2413 = LINE ( 'NONE', #3510, #3407 ) ;
#2414 = LINE ( 'NONE', #2849, #4301 ) ;
#2415 = VECTOR ( 'NONE', #560, 1000.000000000000000 ) ;
#2416 = CARTESIAN_POINT ( 'NONE',  ( 0.000000000000000000, 4.650000000000001243, 6.000000000000000000 ) ) ;
#2417 = ORIENTED_EDGE ( 'NONE', *, *, #3225, .T. ) ;
#2418 = DIRECTION ( 'NONE',  ( 0.000000000000000000, 0.000000000000000000, 1.000000000000000000 ) ) ;
#2419 = CARTESIAN_POINT ( 'NONE',  ( 9.500000000000008882, 4.150000000000001243, 4.250000000000000000 ) ) ;
#2421 = CARTESIAN_POINT ( 'NONE',  ( 3.139935000000005250, -1.407621120165678322E-15, 5.500000000000000000 ) ) ;
#2420 = CARTESIAN_POINT ( 'NONE',  ( 5.741930000000004419, -3.249999999999998224, 6.000000000000000000 ) ) ;
#2422 = ORIENTED_EDGE ( 'NONE', *, *, #4580, .F. ) ;
#2423 = DIRECTION ( 'NONE',  ( 1.000000000000000000, 0.000000000000000000, -0.000000000000000000 ) ) ;
#2424 = VERTEX_POINT ( 'NONE', #2785 ) ;
#2425 = ADVANCED_FACE ( 'NONE', ( #4214 ), #648, .F. ) ;
#2426 = PLANE ( 'NONE',  #3820 ) ;
#2427 = DIRECTION ( 'NONE',  ( 0.000000000000000000, 0.000000000000000000, -1.000000000000000000 ) ) ;
#2428 = VERTEX_POINT ( 'NONE', #3961 ) ;
#2429 = EDGE_CURVE ( 'NONE', #1608, #1396, #387, .T. ) ;
#2430 = VECTOR ( 'NONE', #1050, 1000.000000000000000 ) ;
#2431 = SURFACE_SIDE_STYLE ('',( #174 ) ) ;
#2432 = AXIS2_PLACEMENT_3D ( 'NONE', #1524, #2958, #4009 ) ;
#2433 = ORIENTED_EDGE ( 'NONE', *, *, #2911, .F. ) ;
#2434 = PRESENTATION_LAYER_ASSIGNMENT (  '', '', ( #3396 ) ) ;
#2435 = ORIENTED_EDGE ( 'NONE', *, *, #3847, .F. ) ;
#2436 = DIRECTION ( 'NONE',  ( -1.000000000000000000, -0.000000000000000000, -0.000000000000000000 ) ) ;
#2437 = DIRECTION ( 'NONE',  ( -0.000000000000000000, 1.000000000000000000, -0.000000000000000000 ) ) ;
#2438 = UNCERTAINTY_MEASURE_WITH_UNIT (LENGTH_MEASURE( 1.000000000000000082E-05 ), #4468, 'distance_accuracy_value', 'NONE');
#2439 =( NAMED_UNIT ( * ) SI_UNIT ( $, .STERADIAN. ) SOLID_ANGLE_UNIT ( ) );
#2440 = FILL_AREA_STYLE_COLOUR ( '', #2608 ) ;
#2441 = ORIENTED_EDGE ( 'NONE', *, *, #3576, .F. ) ;
#2442 = LINE ( 'NONE', #3873, #3057 ) ;
#2443 =( NAMED_UNIT ( * ) SI_UNIT ( $, .STERADIAN. ) SOLID_ANGLE_UNIT ( ) );
#2444 =( NAMED_UNIT ( * ) SI_UNIT ( $, .STERADIAN. ) SOLID_ANGLE_UNIT ( ) );
#2445 = ORIENTED_EDGE ( 'NONE', *, *, #1405, .T. ) ;
#2446 = CARTESIAN_POINT ( 'NONE',  ( 0.5000000000000000000, 4.650000000000001243, 1.699999999999999956 ) ) ;
#2447 = ORIENTED_EDGE ( 'NONE', *, *, #3478, .T. ) ;
#2448 = AXIS2_PLACEMENT_3D ( 'NONE', #1626, #4421, #1302 ) ;
#2449 = UNCERTAINTY_MEASURE_WITH_UNIT (LENGTH_MEASURE( 1.000000000000000082E-05 ), #4457, 'distance_accuracy_value', 'NONE');
#2450 = LINE ( 'NONE', #2801, #399 ) ;
#2451 = ADVANCED_FACE ( 'NONE', ( #692 ), #3244, .F. ) ;
#2452 = FACE_OUTER_BOUND ( 'NONE', #3623, .T. ) ;
#2453 = VERTEX_POINT ( 'NONE', #4304 ) ;
#2454 = SURFACE_SIDE_STYLE ('',( #3867 ) ) ;
#2455 =( GEOMETRIC_REPRESENTATION_CONTEXT ( 3 ) GLOBAL_UNCERTAINTY_ASSIGNED_CONTEXT ( ( #3677 ) ) GLOBAL_UNIT_ASSIGNED_CONTEXT ( ( #779, #4349, #1129 ) ) REPRESENTATION_CONTEXT ( 'NONE', 'WORKASPACE' ) );
#2456 = VECTOR ( 'NONE', #1182, 1000.000000000000000 ) ;
#2457 = ORIENTED_EDGE ( 'NONE', *, *, #630, .T. ) ;
#2458 = DIRECTION ( 'NONE',  ( -0.000000000000000000, -0.000000000000000000, -1.000000000000000000 ) ) ;
#2459 = EDGE_CURVE ( 'NONE', #2499, #4159, #710, .T. ) ;
#2460 = EDGE_CURVE ( 'NONE', #4517, #511, #3988, .T. ) ;
#2461 = ORIENTED_EDGE ( 'NONE', *, *, #833, .F. ) ;
#2462 = CARTESIAN_POINT ( 'NONE',  ( 4.874800000000004907, 4.150000000000001243, 5.500000000000000000 ) ) ;
#2463 = VECTOR ( 'NONE', #4271, 1000.000000000000000 ) ;
#2464 = SURFACE_SIDE_STYLE ('',( #1025 ) ) ;
#2465 = COLOUR_RGB ( '',0.9607843137254902244, 0.9098039215686274384, 0.000000000000000000 ) ;
#2467 = DIRECTION ( 'NONE',  ( -0.000000000000000000, -0.000000000000000000, 1.000000000000000000 ) ) ;
#2466 =( NAMED_UNIT ( * ) PLANE_ANGLE_UNIT ( ) SI_UNIT ( $, .RADIAN. ) );
#2468 = FILL_AREA_STYLE ('',( #4628 ) ) ;
#2469 = CARTESIAN_POINT ( 'NONE',  ( 6.241930000000005307, 2.750000000000002220, 0.8500000000000005329 ) ) ;
#2470 = EDGE_LOOP ( 'NONE', ( #1322, #3071, #2029, #4242 ) ) ;
#2471 = AXIS2_PLACEMENT_3D ( 'NONE', #3569, #3617, #2494 ) ;
#2472 = AXIS2_PLACEMENT_3D ( 'NONE', #4525, #3144, #1308 ) ;
#2473 = CIRCLE ( 'NONE', #3982, 0.4899999999999999911 ) ;
#2474 = ORIENTED_EDGE ( 'NONE', *, *, #1177, .F. ) ;
#2475 = CARTESIAN_POINT ( 'NONE',  ( 1.772600000000004838, 3.250000000000002220, 6.750000000000000888 ) ) ;
#2476 = FILL_AREA_STYLE_COLOUR ( '', #3527 ) ;
#2477 = EDGE_LOOP ( 'NONE', ( #1622, #536, #3751, #3822 ) ) ;
#2478 =( NAMED_UNIT ( * ) SI_UNIT ( $, .STERADIAN. ) SOLID_ANGLE_UNIT ( ) );
#2479 =( GEOMETRIC_REPRESENTATION_CONTEXT ( 3 ) GLOBAL_UNCERTAINTY_ASSIGNED_CONTEXT ( ( #3563 ) ) GLOBAL_UNIT_ASSIGNED_CONTEXT ( ( #2992, #1872, #4102 ) ) REPRESENTATION_CONTEXT ( 'NONE', 'WORKASPACE' ) );
#2480 = VERTEX_POINT ( 'NONE', #3573 ) ;
#2481 = CARTESIAN_POINT ( 'NONE',  ( 9.500000000000008882, 4.150000000000001243, 4.250000000000000000 ) ) ;
#2482 = DIRECTION ( 'NONE',  ( 0.000000000000000000, -1.000000000000000000, 0.000000000000000000 ) ) ;
#2483 = STYLED_ITEM ( 'NONE', ( #2387 ), #3571 ) ;
#2484 =( GEOMETRIC_REPRESENTATION_CONTEXT ( 3 ) GLOBAL_UNCERTAINTY_ASSIGNED_CONTEXT ( ( #1920 ) ) GLOBAL_UNIT_ASSIGNED_CONTEXT ( ( #2938, #2566, #35 ) ) REPRESENTATION_CONTEXT ( 'NONE', 'WORKASPACE' ) );
#2485 = SURFACE_SIDE_STYLE ('',( #1465 ) ) ;
#2486 = AXIS2_PLACEMENT_3D ( 'NONE', #2498, #735, #2890 ) ;
#2487 = ORIENTED_EDGE ( 'NONE', *, *, #1409, .F. ) ;
#2488 = SURFACE_SIDE_STYLE ('',( #2881 ) ) ;
#2489 = LINE ( 'NONE', #4001, #322 ) ;
#2490 = DIRECTION ( 'NONE',  ( -0.000000000000000000, 0.000000000000000000, 1.000000000000000000 ) ) ;
#2491 = LINE ( 'NONE', #1126, #82 ) ;
#2492 = STYLED_ITEM ( 'NONE', ( #1469 ), #4171 ) ;
#2493 = MECHANICAL_DESIGN_GEOMETRIC_PRESENTATION_REPRESENTATION (  '', ( #2630 ), #598 ) ;
#2494 = DIRECTION ( 'NONE',  ( 0.000000000000000000, 0.000000000000000000, -1.000000000000000000 ) ) ;
#2495 = CARTESIAN_POINT ( 'NONE',  ( 1.772600000000004838, -3.249999999999998224, 6.000000000000000000 ) ) ;
#2497 = EDGE_CURVE ( 'NONE', #2293, #3009, #2242, .T. ) ;
#2496 = PRESENTATION_STYLE_ASSIGNMENT (( #689 ) ) ;
#2498 = CARTESIAN_POINT ( 'NONE',  ( 1.772600000000004838, 3.250000000000002220, 6.750000000000000888 ) ) ;
#2499 = VERTEX_POINT ( 'NONE', #1085 ) ;
#2500 = PLANE ( 'NONE',  #2432 ) ;
#2501 = VERTEX_POINT ( 'NONE', #1155 ) ;
#2502 = EDGE_CURVE ( 'NONE', #1338, #3484, #55, .T. ) ;
#2503 = CARTESIAN_POINT ( 'NONE',  ( 4.257270000000004551, 0.000000000000000000, 5.500000000000000000 ) ) ;
#2504 = DIRECTION ( 'NONE',  ( -1.000000000000000000, 0.000000000000000000, -0.000000000000000000 ) ) ;
#2505 = PRESENTATION_LAYER_ASSIGNMENT (  '', '', ( #1902 ) ) ;
#2506 =( GEOMETRIC_REPRESENTATION_CONTEXT ( 3 ) GLOBAL_UNCERTAINTY_ASSIGNED_CONTEXT ( ( #1063 ) ) GLOBAL_UNIT_ASSIGNED_CONTEXT ( ( #4111, #877, #2655 ) ) REPRESENTATION_CONTEXT ( 'NONE', 'WORKASPACE' ) );
#2507 = EDGE_CURVE ( 'NONE', #1652, #1200, #738, .T. ) ;
#2508 = DIRECTION ( 'NONE',  ( 0.000000000000000000, 0.000000000000000000, 1.000000000000000000 ) ) ;
#2509 = ORIENTED_EDGE ( 'NONE', *, *, #4426, .T. ) ;
#2510 = DIRECTION ( 'NONE',  ( 0.000000000000000000, -1.000000000000000000, 0.000000000000000000 ) ) ;
#2511 = CARTESIAN_POINT ( 'NONE',  ( 8.226600000000006574, 2.750000000000001776, 0.8500000000000005329 ) ) ;
#2513 = DIRECTION ( 'NONE',  ( -1.000000000000000000, -0.000000000000000000, -0.000000000000000000 ) ) ;
#2512 = FACE_OUTER_BOUND ( 'NONE', #3602, .T. ) ;
#2514 =( LENGTH_UNIT ( ) NAMED_UNIT ( * ) SI_UNIT ( .MILLI., .METRE. ) );
#2515 = LINE ( 'NONE', #3188, #1047 ) ;
#2516 = CARTESIAN_POINT ( 'NONE',  ( 0.5000000000000004441, 4.150000000000001243, 4.250000000000000000 ) ) ;
#2517 = AXIS2_PLACEMENT_3D ( 'NONE', #3613, #355, #2215 ) ;
#2518 = VECTOR ( 'NONE', #423, 1000.000000000000000 ) ;
#2519 = CARTESIAN_POINT ( 'NONE',  ( 1.500000000000000000, 4.650000000000001243, 1.699999999999999956 ) ) ;
#2520 = DIRECTION ( 'NONE',  ( 1.000000000000000000, 0.000000000000000000, 0.000000000000000000 ) ) ;
#2521 = SURFACE_STYLE_FILL_AREA ( #1408 ) ;
#2522 = AXIS2_PLACEMENT_3D ( 'NONE', #4620, #652, #4262 ) ;
#2523 = VERTEX_POINT ( 'NONE', #4328 ) ;
#2524 = DIRECTION ( 'NONE',  ( -1.000000000000000000, -0.000000000000000000, -0.000000000000000000 ) ) ;
#2525 = ORIENTED_EDGE ( 'NONE', *, *, #1480, .T. ) ;
#2526 = FILL_AREA_STYLE_COLOUR ( '', #2271 ) ;
#2527 = CARTESIAN_POINT ( 'NONE',  ( 3.757270000000004995, -3.249999999999998224, 6.000000000000000000 ) ) ;
#2528 = AXIS2_PLACEMENT_3D ( 'NONE', #244, #2078, #936 ) ;
#2529 = CARTESIAN_POINT ( 'NONE',  ( 3.000000000000000888, 4.150000000000001243, 0.000000000000000000 ) ) ;
#2530 = ORIENTED_EDGE ( 'NONE', *, *, #391, .F. ) ;
#2531 = CARTESIAN_POINT ( 'NONE',  ( 0.5000000000000000000, 4.150000000000001243, 3.700000000000000178 ) ) ;
#2532 = DIRECTION ( 'NONE',  ( 0.000000000000000000, 1.000000000000000000, -0.000000000000000000 ) ) ;
#2533 = FACE_OUTER_BOUND ( 'NONE', #2246, .T. ) ;
#2534 = UNCERTAINTY_MEASURE_WITH_UNIT (LENGTH_MEASURE( 1.000000000000000082E-05 ), #3811, 'distance_accuracy_value', 'NONE');
#2535 = PRESENTATION_STYLE_ASSIGNMENT (( #3953 ) ) ;
#2536 = FILL_AREA_STYLE_COLOUR ( '', #3746 ) ;
#2537 = LINE ( 'NONE', #3979, #2430 ) ;
#2538 = MECHANICAL_DESIGN_GEOMETRIC_PRESENTATION_REPRESENTATION (  '', ( #4037 ), #2761 ) ;
#2539 = PRESENTATION_STYLE_ASSIGNMENT (( #2197 ) ) ;
#2540 = CARTESIAN_POINT ( 'NONE',  ( 7.726600000000005686, 3.250000000000001332, 0.8500000000000005329 ) ) ;
#2541 = VECTOR ( 'NONE', #1537, 1000.000000000000000 ) ;
#2542 = ADVANCED_FACE ( 'NONE', ( #2203 ), #3622, .T. ) ;
#2543 = AXIS2_PLACEMENT_3D ( 'NONE', #1825, #746, #1467 ) ;
#2544 = ORIENTED_EDGE ( 'NONE', *, *, #4598, .F. ) ;
#2545 =( LENGTH_UNIT ( ) NAMED_UNIT ( * ) SI_UNIT ( .MILLI., .METRE. ) );
#2546 = CARTESIAN_POINT ( 'NONE',  ( 1.772600000000004838, 3.250000000000002220, 0.8500000000000005329 ) ) ;
#2547 = EDGE_LOOP ( 'NONE', ( #186, #2360, #3266, #3111 ) ) ;
#2548 = DIRECTION ( 'NONE',  ( -0.000000000000000000, -0.000000000000000000, 1.000000000000000000 ) ) ;
#2549 =( NAMED_UNIT ( * ) PLANE_ANGLE_UNIT ( ) SI_UNIT ( $, .RADIAN. ) );
#2550 =( NAMED_UNIT ( * ) SI_UNIT ( $, .STERADIAN. ) SOLID_ANGLE_UNIT ( ) );
#2551 = ORIENTED_EDGE ( 'NONE', *, *, #1410, .F. ) ;
#2552 = SURFACE_STYLE_USAGE ( .BOTH. , #2168 ) ;
#2554 = FACE_OUTER_BOUND ( 'NONE', #2182, .T. ) ;
#2553 =( NAMED_UNIT ( * ) SI_UNIT ( $, .STERADIAN. ) SOLID_ANGLE_UNIT ( ) );
#2555 = DIRECTION ( 'NONE',  ( -0.000000000000000000, -1.000000000000000000, -0.000000000000000000 ) ) ;
#2556 = CARTESIAN_POINT ( 'NONE',  ( 3.757270000000004995, 2.750000000000002220, 0.8500000000000005329 ) ) ;
#2557 =( GEOMETRIC_REPRESENTATION_CONTEXT ( 3 ) GLOBAL_UNCERTAINTY_ASSIGNED_CONTEXT ( ( #2403 ) ) GLOBAL_UNIT_ASSIGNED_CONTEXT ( ( #1159, #1222, #4075 ) ) REPRESENTATION_CONTEXT ( 'NONE', 'WORKASPACE' ) );
#2558 = MECHANICAL_DESIGN_GEOMETRIC_PRESENTATION_REPRESENTATION (  '', ( #679 ), #2484 ) ;
#2559 = CARTESIAN_POINT ( 'NONE',  ( 9.500000000000008882, 0.5000000000000000000, 0.000000000000000000 ) ) ;
#2560 = LINE ( 'NONE', #2221, #3286 ) ;
#2561 = CYLINDRICAL_SURFACE ( 'NONE', #2285, 0.4899999999999999911 ) ;
#2562 = EDGE_CURVE ( 'NONE', #465, #624, #831, .T. ) ;
#2563 = STYLED_ITEM ( 'NONE', ( #4601 ), #4123 ) ;
#2564 = ORIENTED_EDGE ( 'NONE', *, *, #3907, .F. ) ;
#2565 = CARTESIAN_POINT ( 'NONE',  ( 4.257270000000004551, 2.760000000000002007, 6.010000000000000675 ) ) ;
#2566 =( NAMED_UNIT ( * ) PLANE_ANGLE_UNIT ( ) SI_UNIT ( $, .RADIAN. ) );
#2567 = EDGE_CURVE ( 'NONE', #2700, #2056, #4094, .T. ) ;
#2568 = ORIENTED_EDGE ( 'NONE', *, *, #1617, .T. ) ;
#2569 = SURFACE_STYLE_FILL_AREA ( #1138 ) ;
#2570 = LINE ( 'NONE', #3229, #3446 ) ;
#2571 = SURFACE_SIDE_STYLE ('',( #2640 ) ) ;
#2572 = EDGE_LOOP ( 'NONE', ( #1821, #4327, #2191, #987 ) ) ;
#2573 = LINE ( 'NONE', #374, #1260 ) ;
#2574 =( LENGTH_UNIT ( ) NAMED_UNIT ( * ) SI_UNIT ( .MILLI., .METRE. ) );
#2575 = COLOUR_RGB ( '',1.000000000000000000, 0.8941176470588234615, 0.1058823529411764691 ) ;
#2576 = LINE ( 'NONE', #1783, #1885 ) ;
#2577 = UNCERTAINTY_MEASURE_WITH_UNIT (LENGTH_MEASURE( 1.000000000000000082E-05 ), #1165, 'distance_accuracy_value', 'NONE');
#2578 = PRESENTATION_LAYER_ASSIGNMENT (  '', '', ( #4440 ) ) ;
#2579 = MECHANICAL_DESIGN_GEOMETRIC_PRESENTATION_REPRESENTATION (  '', ( #3860 ), #1829 ) ;
#2580 = CARTESIAN_POINT ( 'NONE',  ( 5.741930000000004419, 3.250000000000001332, 0.8500000000000005329 ) ) ;
#2581 = ORIENTED_EDGE ( 'NONE', *, *, #3084, .F. ) ;
#2582 = VECTOR ( 'NONE', #1564, 1000.000000000000000 ) ;
#2583 = VECTOR ( 'NONE', #2611, 1000.000000000000000 ) ;
#2584 =( NAMED_UNIT ( * ) PLANE_ANGLE_UNIT ( ) SI_UNIT ( $, .RADIAN. ) );
#2585 = EDGE_CURVE ( 'NONE', #3789, #1614, #540, .T. ) ;
#2586 = CARTESIAN_POINT ( 'NONE',  ( 0.5000000000000000000, 4.150000000000001243, 1.699999999999999956 ) ) ;
#2587 = FILL_AREA_STYLE ('',( #1501 ) ) ;
#2588 = EDGE_CURVE ( 'NONE', #2046, #1271, #910, .T. ) ;
#2589 = DIRECTION ( 'NONE',  ( -2.602085213965210642E-15, 0.000000000000000000, 1.000000000000000000 ) ) ;
#2590 = VECTOR ( 'NONE', #394, 1000.000000000000000 ) ;
#2591 = ADVANCED_FACE ( 'NONE', ( #2312 ), #3733, .F. ) ;
#2592 = EDGE_LOOP ( 'NONE', ( #2362, #723, #691, #1648 ) ) ;
#2593 = DIRECTION ( 'NONE',  ( 1.000000000000000000, 0.000000000000000000, 0.000000000000000000 ) ) ;
#2594 = VECTOR ( 'NONE', #3227, 1000.000000000000000 ) ;
#2595 = ORIENTED_EDGE ( 'NONE', *, *, #3636, .T. ) ;
#2596 = PRESENTATION_STYLE_ASSIGNMENT (( #492 ) ) ;
#2597 = LINE ( 'NONE', #2317, #1911 ) ;
#2598 = ORIENTED_EDGE ( 'NONE', *, *, #3073, .F. ) ;
#2599 = DIRECTION ( 'NONE',  ( 0.000000000000000000, 1.000000000000000000, -0.000000000000000000 ) ) ;
#2600 = SURFACE_STYLE_USAGE ( .BOTH. , #799 ) ;
#2601 = DIRECTION ( 'NONE',  ( 0.000000000000000000, 0.000000000000000000, -1.000000000000000000 ) ) ;
#2602 = PRESENTATION_STYLE_ASSIGNMENT (( #4381 ) ) ;
#2603 = STYLED_ITEM ( 'NONE', ( #3412 ), #4267 ) ;
#2604 = PRODUCT_RELATED_PRODUCT_CATEGORY ( 'part', '', ( #4300 ) ) ;
#2605 = EDGE_CURVE ( 'NONE', #3508, #2690, #4073, .T. ) ;
#2606 = EDGE_CURVE ( 'NONE', #3769, #933, #4482, .T. ) ;
#2607 = CARTESIAN_POINT ( 'NONE',  ( 9.500000000000008882, 0.5000000000000000000, 4.250000000000000000 ) ) ;
#2608 = COLOUR_RGB ( '',1.000000000000000000, 0.8509803921568627194, 0.1529411764705882470 ) ;
#2609 = LINE ( 'NONE', #3021, #1520 ) ;
#2610 = VECTOR ( 'NONE', #3630, 1000.000000000000000 ) ;
#2611 = DIRECTION ( 'NONE',  ( -0.000000000000000000, -0.000000000000000000, 1.000000000000000000 ) ) ;
#2612 = DIRECTION ( 'NONE',  ( -1.000000000000000000, 0.000000000000000000, 0.000000000000000000 ) ) ;
#2613 = AXIS2_PLACEMENT_3D ( 'NONE', #993, #2003, #3048 ) ;
#2614 =( GEOMETRIC_REPRESENTATION_CONTEXT ( 3 ) GLOBAL_UNCERTAINTY_ASSIGNED_CONTEXT ( ( #4125 ) ) GLOBAL_UNIT_ASSIGNED_CONTEXT ( ( #1924, #1517, #2713 ) ) REPRESENTATION_CONTEXT ( 'NONE', 'WORKASPACE' ) );
#2615 = VERTEX_POINT ( 'NONE', #4394 ) ;
#2616 =( GEOMETRIC_REPRESENTATION_CONTEXT ( 3 ) GLOBAL_UNCERTAINTY_ASSIGNED_CONTEXT ( ( #3699 ) ) GLOBAL_UNIT_ASSIGNED_CONTEXT ( ( #3724, #1233, #4108 ) ) REPRESENTATION_CONTEXT ( 'NONE', 'WORKASPACE' ) );
#2617 = CARTESIAN_POINT ( 'NONE',  ( 5.741930000000004419, 3.250000000000001332, 0.8500000000000005329 ) ) ;
#2618 = CARTESIAN_POINT ( 'NONE',  ( 9.500000000000008882, 3.450000000000001510, 0.000000000000000000 ) ) ;
#2619 = EDGE_LOOP ( 'NONE', ( #1255, #921, #2060, #386 ) ) ;
#2620 = CARTESIAN_POINT ( 'NONE',  ( 7.726600000000005686, 2.750000000000002220, 0.8500000000000005329 ) ) ;
#2621 = CARTESIAN_POINT ( 'NONE',  ( 2.272600000000004616, -3.249999999999998224, 6.000000000000000000 ) ) ;
#2622 = SURFACE_STYLE_USAGE ( .BOTH. , #3321 ) ;
#2623 = UNCERTAINTY_MEASURE_WITH_UNIT (LENGTH_MEASURE( 1.000000000000000082E-05 ), #2356, 'distance_accuracy_value', 'NONE');
#2624 = EDGE_CURVE ( 'NONE', #840, #4137, #2635, .T. ) ;
#2625 = PLANE ( 'NONE',  #3498 ) ;
#2627 = CARTESIAN_POINT ( 'NONE',  ( 3.139935000000005250, 0.000000000000000000, 5.500000000000000000 ) ) ;
#2626 = LINE ( 'NONE', #2351, #991 ) ;
#2628 = DIRECTION ( 'NONE',  ( -1.000000000000000000, 0.000000000000000000, -0.000000000000000000 ) ) ;
#2629 = SURFACE_SIDE_STYLE ('',( #4045 ) ) ;
#2630 = STYLED_ITEM ( 'NONE', ( #4194 ), #3559 ) ;
#2631 = COLOUR_RGB ( '',1.000000000000000000, 0.8941176470588234615, 0.1058823529411764691 ) ;
#2632 = AXIS2_PLACEMENT_3D ( 'NONE', #1414, #1105, #3596 ) ;
#2633 = ADVANCED_FACE ( 'NONE', ( #1907 ), #78, .F. ) ;
#2634 = DIRECTION ( 'NONE',  ( 0.000000000000000000, 0.000000000000000000, 1.000000000000000000 ) ) ;
#2635 = LINE ( 'NONE', #4434, #2583 ) ;
#2636 = PRESENTATION_STYLE_ASSIGNMENT (( #3334 ) ) ;
#2637 = VECTOR ( 'NONE', #3977, 1000.000000000000000 ) ;
#2638 = ORIENTED_EDGE ( 'NONE', *, *, #3431, .T. ) ;
#2639 = COLOUR_RGB ( '',1.000000000000000000, 1.000000000000000000, 1.000000000000000000 ) ;
#2640 = SURFACE_STYLE_FILL_AREA ( #2295 ) ;
#2641 = EDGE_CURVE ( 'NONE', #2751, #253, #666, .T. ) ;
#2642 = VERTEX_POINT ( 'NONE', #1363 ) ;
#2643 = SURFACE_STYLE_FILL_AREA ( #86 ) ;
#2644 = LINE ( 'NONE', #3411, #3190 ) ;
#2645 = CARTESIAN_POINT ( 'NONE',  ( 2.272600000000004616, 3.250000000000001776, 6.750000000000000888 ) ) ;
#2646 = UNCERTAINTY_MEASURE_WITH_UNIT (LENGTH_MEASURE( 1.000000000000000082E-05 ), #3937, 'distance_accuracy_value', 'NONE');
#2647 = EDGE_CURVE ( 'NONE', #3711, #4682, #2106, .T. ) ;
#2648 = CARTESIAN_POINT ( 'NONE',  ( 5.741930000000004419, 2.750000000000002220, 0.8500000000000005329 ) ) ;
#2649 = PRESENTATION_STYLE_ASSIGNMENT (( #2952 ) ) ;
#2650 = LINE ( 'NONE', #1256, #967 ) ;
#2651 = STYLED_ITEM ( 'NONE', ( #739 ), #939 ) ;
#2653 = SURFACE_SIDE_STYLE ('',( #1211 ) ) ;
#2652 = CARTESIAN_POINT ( 'NONE',  ( 8.226600000000006574, 0.000000000000000000, 5.500000000000000000 ) ) ;
#2654 = SURFACE_STYLE_USAGE ( .BOTH. , #459 ) ;
#2655 =( NAMED_UNIT ( * ) SI_UNIT ( $, .STERADIAN. ) SOLID_ANGLE_UNIT ( ) );
#2656 =( LENGTH_UNIT ( ) NAMED_UNIT ( * ) SI_UNIT ( .MILLI., .METRE. ) );
#2657 =( LENGTH_UNIT ( ) NAMED_UNIT ( * ) SI_UNIT ( .MILLI., .METRE. ) );
#2658 = EDGE_CURVE ( 'NONE', #1719, #3005, #196, .T. ) ;
#2659 = ORIENTED_EDGE ( 'NONE', *, *, #552, .T. ) ;
#2660 = FILL_AREA_STYLE_COLOUR ( '', #4658 ) ;
#2661 = EDGE_CURVE ( 'NONE', #3005, #3760, #620, .T. ) ;
#2662 = CARTESIAN_POINT ( 'NONE',  ( 3.139935000000005250, 0.000000000000000000, 5.500000000000000000 ) ) ;
#2663 = VERTEX_POINT ( 'NONE', #2825 ) ;
#2664 = PRESENTATION_STYLE_ASSIGNMENT (( #4463 ) ) ;
#2665 = PLANE ( 'NONE',  #1790 ) ;
#2666 = UNCERTAINTY_MEASURE_WITH_UNIT (LENGTH_MEASURE( 1.000000000000000082E-05 ), #145, 'distance_accuracy_value', 'NONE');
#2667 = CARTESIAN_POINT ( 'NONE',  ( 8.843715570000004078, 4.150000000000001243, 5.500000000000000000 ) ) ;
#2668 = SURFACE_STYLE_USAGE ( .BOTH. , #848 ) ;
#2669 = STYLED_ITEM ( 'NONE', ( #94 ), #4332 ) ;
#2670 = ORIENTED_EDGE ( 'NONE', *, *, #2322, .F. ) ;
#2671 =( LENGTH_UNIT ( ) NAMED_UNIT ( * ) SI_UNIT ( .MILLI., .METRE. ) );
#2672 =( LENGTH_UNIT ( ) NAMED_UNIT ( * ) SI_UNIT ( .MILLI., .METRE. ) );
#2673 = VERTEX_POINT ( 'NONE', #3809 ) ;
#2674 = STYLED_ITEM ( 'NONE', ( #3581 ), #4546 ) ;
#2675 = VERTEX_POINT ( 'NONE', #4585 ) ;
#2676 = FILL_AREA_STYLE_COLOUR ( '', #500 ) ;
#2677 = ORIENTED_EDGE ( 'NONE', *, *, #2460, .T. ) ;
#2678 = CARTESIAN_POINT ( 'NONE',  ( 1.155484430000005558, -5.388295609802925378E-17, 5.500000000000000000 ) ) ;
#2679 = PRESENTATION_STYLE_ASSIGNMENT (( #2600 ) ) ;
#2680 = MECHANICAL_DESIGN_GEOMETRIC_PRESENTATION_REPRESENTATION (  '', ( #251 ), #2981 ) ;
#2681 =( NAMED_UNIT ( * ) SI_UNIT ( $, .STERADIAN. ) SOLID_ANGLE_UNIT ( ) );
#2682 = AXIS2_PLACEMENT_3D ( 'NONE', #2495, #3985, #2177 ) ;
#2683 = MECHANICAL_DESIGN_GEOMETRIC_PRESENTATION_REPRESENTATION (  '', ( #874 ), #1865 ) ;
#2684 = VERTEX_POINT ( 'NONE', #2031 ) ;
#2685 = SURFACE_STYLE_USAGE ( .BOTH. , #4464 ) ;
#2686 = DIRECTION ( 'NONE',  ( 0.000000000000000000, 0.000000000000000000, -1.000000000000000000 ) ) ;
#2687 = UNCERTAINTY_MEASURE_WITH_UNIT (LENGTH_MEASURE( 1.000000000000000082E-05 ), #3714, 'distance_accuracy_value', 'NONE');
#2688 = FILL_AREA_STYLE ('',( #233 ) ) ;
#2689 =( NAMED_UNIT ( * ) SI_UNIT ( $, .STERADIAN. ) SOLID_ANGLE_UNIT ( ) );
#2690 = VERTEX_POINT ( 'NONE', #2081 ) ;
#2691 = DIRECTION ( 'NONE',  ( -2.602085213965210642E-15, 0.000000000000000000, 1.000000000000000000 ) ) ;
#2692 = LINE ( 'NONE', #3802, #802 ) ;
#2693 = ORIENTED_EDGE ( 'NONE', *, *, #4598, .T. ) ;
#2694 = FILL_AREA_STYLE_COLOUR ( '', #4232 ) ;
#2695 = SURFACE_STYLE_USAGE ( .BOTH. , #2262 ) ;
#2696 = PRESENTATION_LAYER_ASSIGNMENT (  '', '', ( #418 ) ) ;
#2697 = DIRECTION ( 'NONE',  ( 0.000000000000000000, -1.000000000000000000, 0.000000000000000000 ) ) ;
#2698 = VERTEX_POINT ( 'NONE', #1647 ) ;
#2699 = SURFACE_STYLE_USAGE ( .BOTH. , #1267 ) ;
#2700 = VERTEX_POINT ( 'NONE', #3076 ) ;
#2701 = FILL_AREA_STYLE_COLOUR ( '', #1658 ) ;
#2702 = ORIENTED_EDGE ( 'NONE', *, *, #1976, .F. ) ;
#2703 = CARTESIAN_POINT ( 'NONE',  ( 7.726600000000005686, 3.250000000000001332, 5.500000000000000000 ) ) ;
#2704 = ADVANCED_FACE ( 'NONE', ( #3500 ), #2782, .F. ) ;
#2705 = PRESENTATION_LAYER_ASSIGNMENT (  '', '', ( #2492 ) ) ;
#2706 = ORIENTED_EDGE ( 'NONE', *, *, #4580, .T. ) ;
#2707 = MECHANICAL_DESIGN_GEOMETRIC_PRESENTATION_REPRESENTATION (  '', ( #181 ), #4058 ) ;
#2708 = CARTESIAN_POINT ( 'NONE',  ( 0.000000000000000000, 4.650000000000001243, 5.299999999999999822 ) ) ;
#2709 =( LENGTH_UNIT ( ) NAMED_UNIT ( * ) SI_UNIT ( .MILLI., .METRE. ) );
#2710 = UNCERTAINTY_MEASURE_WITH_UNIT (LENGTH_MEASURE( 1.000000000000000082E-05 ), #636, 'distance_accuracy_value', 'NONE');
#2711 = FACE_OUTER_BOUND ( 'NONE', #3792, .T. ) ;
#2712 = EDGE_LOOP ( 'NONE', ( #3480, #3866, #2778, #4623, #4186, #4416, #1893 ) ) ;
#2713 =( NAMED_UNIT ( * ) SI_UNIT ( $, .STERADIAN. ) SOLID_ANGLE_UNIT ( ) );
#2715 = FACE_OUTER_BOUND ( 'NONE', #3528, .T. ) ;
#2714 = SURFACE_STYLE_FILL_AREA ( #4500 ) ;
#2716 = ORIENTED_EDGE ( 'NONE', *, *, #2641, .F. ) ;
#2717 = DIRECTION ( 'NONE',  ( -1.000000000000000000, -0.000000000000000000, -0.000000000000000000 ) ) ;
#2718 = FACE_OUTER_BOUND ( 'NONE', #541, .T. ) ;
#2719 = ORIENTED_EDGE ( 'NONE', *, *, #2779, .F. ) ;
#2720 = ORIENTED_EDGE ( 'NONE', *, *, #1386, .T. ) ;
#2721 = EDGE_CURVE ( 'NONE', #1943, #4282, #1725, .T. ) ;
#2722 = ADVANCED_FACE ( 'NONE', ( #32 ), #2561, .T. ) ;
#2723 = CARTESIAN_POINT ( 'NONE',  ( 8.500000000000005329, 4.150000000000001243, 1.700000000000006839 ) ) ;
#2724 = DIRECTION ( 'NONE',  ( -0.000000000000000000, -0.000000000000000000, -1.000000000000000000 ) ) ;
#2725 = AXIS2_PLACEMENT_3D ( 'NONE', #4277, #3285, #2932 ) ;
#2726 = SURFACE_STYLE_USAGE ( .BOTH. , #1292 ) ;
#2727 = VERTEX_POINT ( 'NONE', #2222 ) ;
#2728 = STYLED_ITEM ( 'NONE', ( #905 ), #471 ) ;
#2729 = VECTOR ( 'NONE', #2593, 1000.000000000000000 ) ;
#2730 = EDGE_CURVE ( 'NONE', #1438, #1972, #4323, .T. ) ;
#2731 = EDGE_CURVE ( 'NONE', #917, #1106, #521, .T. ) ;
#2732 = ORIENTED_EDGE ( 'NONE', *, *, #3413, .T. ) ;
#2733 =( LENGTH_UNIT ( ) NAMED_UNIT ( * ) SI_UNIT ( .MILLI., .METRE. ) );
#2734 = ORIENTED_EDGE ( 'NONE', *, *, #1325, .T. ) ;
#2735 = SURFACE_STYLE_FILL_AREA ( #4361 ) ;
#2736 = STYLED_ITEM ( 'NONE', ( #187 ), #2921 ) ;
#2737 = AXIS2_PLACEMENT_3D ( 'NONE', #2227, #1938, #2985 ) ;
#2738 = EDGE_LOOP ( 'NONE', ( #226, #197, #3578, #1586 ) ) ;
#2739 = SURFACE_STYLE_FILL_AREA ( #3112 ) ;
#2740 = UNCERTAINTY_MEASURE_WITH_UNIT (LENGTH_MEASURE( 1.000000000000000082E-05 ), #1493, 'distance_accuracy_value', 'NONE');
#2741 = LINE ( 'NONE', #1057, #1828 ) ;
#2742 = LINE ( 'NONE', #1023, #3173 ) ;
#2743 = EDGE_CURVE ( 'NONE', #973, #3253, #2869, .T. ) ;
#2744 = VECTOR ( 'NONE', #4072, 1000.000000000000000 ) ;
#2745 = ORIENTED_EDGE ( 'NONE', *, *, #3552, .T. ) ;
#2746 = DIRECTION ( 'NONE',  ( -1.000000000000000000, -0.000000000000000000, -0.000000000000000000 ) ) ;
#2748 = LINE ( 'NONE', #1337, #4647 ) ;
#2747 = DIRECTION ( 'NONE',  ( -0.000000000000000000, -0.000000000000000000, -1.000000000000000000 ) ) ;
#2749 = VERTEX_POINT ( 'NONE', #1054 ) ;
#2750 = EDGE_CURVE ( 'NONE', #603, #400, #3594, .T. ) ;
#2751 = VERTEX_POINT ( 'NONE', #1815 ) ;
#2752 = ADVANCED_FACE ( 'NONE', ( #1502 ), #3934, .F. ) ;
#2753 = CARTESIAN_POINT ( 'NONE',  ( 1.500000000000000000, 4.150000000000001243, 1.699999999999999956 ) ) ;
#2754 = CARTESIAN_POINT ( 'NONE',  ( 3.757270000000004995, -3.249999999999998224, 6.500000000000000888 ) ) ;
#2755 = ORIENTED_EDGE ( 'NONE', *, *, #3248, .F. ) ;
#2756 = STYLED_ITEM ( 'NONE', ( #2908 ), #4308 ) ;
#2757 = VECTOR ( 'NONE', #2799, 1000.000000000000000 ) ;
#2758 = ORIENTED_EDGE ( 'NONE', *, *, #1898, .T. ) ;
#2759 = ORIENTED_EDGE ( 'NONE', *, *, #3289, .F. ) ;
#2760 = PRESENTATION_STYLE_ASSIGNMENT (( #2135 ) ) ;
#2761 =( GEOMETRIC_REPRESENTATION_CONTEXT ( 3 ) GLOBAL_UNCERTAINTY_ASSIGNED_CONTEXT ( ( #430 ) ) GLOBAL_UNIT_ASSIGNED_CONTEXT ( ( #1680, #1324, #711 ) ) REPRESENTATION_CONTEXT ( 'NONE', 'WORKASPACE' ) );
#2762 = ORIENTED_EDGE ( 'NONE', *, *, #310, .T. ) ;
#2763 =( NAMED_UNIT ( * ) PLANE_ANGLE_UNIT ( ) SI_UNIT ( $, .RADIAN. ) );
#2764 = FILL_AREA_STYLE_COLOUR ( '', #3869 ) ;
#2765 = UNCERTAINTY_MEASURE_WITH_UNIT (LENGTH_MEASURE( 1.000000000000000082E-05 ), #1895, 'distance_accuracy_value', 'NONE');
#2766 = STYLED_ITEM ( 'NONE', ( #4314 ), #1209 ) ;
#2767 =( GEOMETRIC_REPRESENTATION_CONTEXT ( 3 ) GLOBAL_UNCERTAINTY_ASSIGNED_CONTEXT ( ( #2256 ) ) GLOBAL_UNIT_ASSIGNED_CONTEXT ( ( #4158, #1742, #4627 ) ) REPRESENTATION_CONTEXT ( 'NONE', 'WORKASPACE' ) );
#2768 = LINE ( 'NONE', #3469, #3776 ) ;
#2769 = PRESENTATION_LAYER_ASSIGNMENT (  '', '', ( #457 ) ) ;
#2770 = CIRCLE ( 'NONE', #1343, 0.4899999999999999911 ) ;
#2771 = EDGE_CURVE ( 'NONE', #2642, #2501, #732, .T. ) ;
#2772 = ORIENTED_EDGE ( 'NONE', *, *, #568, .T. ) ;
#2773 = FILL_AREA_STYLE ('',( #1636 ) ) ;
#2775 = FILL_AREA_STYLE ('',( #4180 ) ) ;
#2774 =( NAMED_UNIT ( * ) PLANE_ANGLE_UNIT ( ) SI_UNIT ( $, .RADIAN. ) );
#2776 = AXIS2_PLACEMENT_3D ( 'NONE', #1835, #4632, #1476 ) ;
#2777 = EDGE_LOOP ( 'NONE', ( #3336, #3280, #1237, #4497 ) ) ;
#2778 = ORIENTED_EDGE ( 'NONE', *, *, #415, .F. ) ;
#2779 = EDGE_CURVE ( 'NONE', #2293, #1093, #1261, .T. ) ;
#2780 = FACE_OUTER_BOUND ( 'NONE', #1376, .T. ) ;
#2781 = CARTESIAN_POINT ( 'NONE',  ( 10.00000000000000000, 4.650000000000001243, 6.000000000000000000 ) ) ;
#2782 = PLANE ( 'NONE',  #4302 ) ;
#2783 = ORIENTED_EDGE ( 'NONE', *, *, #2507, .F. ) ;
#2784 = EDGE_LOOP ( 'NONE', ( #2474, #3221, #2441, #3795 ) ) ;
#2785 = CARTESIAN_POINT ( 'NONE',  ( 10.00000000000000000, 3.450000000000001510, 2.000000000000000444 ) ) ;
#2786 =( GEOMETRIC_REPRESENTATION_CONTEXT ( 3 ) GLOBAL_UNCERTAINTY_ASSIGNED_CONTEXT ( ( #1983 ) ) GLOBAL_UNIT_ASSIGNED_CONTEXT ( ( #996, #916, #1594 ) ) REPRESENTATION_CONTEXT ( 'NONE', 'WORKASPACE' ) );
#2787 =( GEOMETRIC_REPRESENTATION_CONTEXT ( 3 ) GLOBAL_UNCERTAINTY_ASSIGNED_CONTEXT ( ( #2534 ) ) GLOBAL_UNIT_ASSIGNED_CONTEXT ( ( #3811, #1611, #2443 ) ) REPRESENTATION_CONTEXT ( 'NONE', 'WORKASPACE' ) );
#2788 = VERTEX_POINT ( 'NONE', #52 ) ;
#2789 = FILL_AREA_STYLE ('',( #2764 ) ) ;
#2790 =( GEOMETRIC_REPRESENTATION_CONTEXT ( 3 ) GLOBAL_UNCERTAINTY_ASSIGNED_CONTEXT ( ( #209 ) ) GLOBAL_UNIT_ASSIGNED_CONTEXT ( ( #3040, #824, #2302 ) ) REPRESENTATION_CONTEXT ( 'NONE', 'WORKASPACE' ) );
#2791 =( GEOMETRIC_REPRESENTATION_CONTEXT ( 3 ) GLOBAL_UNCERTAINTY_ASSIGNED_CONTEXT ( ( #2965 ) ) GLOBAL_UNIT_ASSIGNED_CONTEXT ( ( #140, #900, #1637 ) ) REPRESENTATION_CONTEXT ( 'NONE', 'WORKASPACE' ) );
#2792 = DIRECTION ( 'NONE',  ( -1.000000000000000000, -0.000000000000000000, -0.000000000000000000 ) ) ;
#2793 = ORIENTED_EDGE ( 'NONE', *, *, #2243, .F. ) ;
#2794 = DIRECTION ( 'NONE',  ( -0.000000000000000000, -0.000000000000000000, 1.000000000000000000 ) ) ;
#2796 =( NAMED_UNIT ( * ) SI_UNIT ( $, .STERADIAN. ) SOLID_ANGLE_UNIT ( ) );
#2795 = SURFACE_STYLE_FILL_AREA ( #3537 ) ;
#2797 = ORIENTED_EDGE ( 'NONE', *, *, #4250, .T. ) ;
#2798 = PRESENTATION_STYLE_ASSIGNMENT (( #4603 ) ) ;
#2799 = DIRECTION ( 'NONE',  ( -1.000000000000000000, -0.000000000000000000, -0.000000000000000000 ) ) ;
#2800 = ORIENTED_EDGE ( 'NONE', *, *, #48, .T. ) ;
#2801 = CARTESIAN_POINT ( 'NONE',  ( 3.757270000000004995, 0.000000000000000000, 5.500000000000000000 ) ) ;
#2802 = STYLED_ITEM ( 'NONE', ( #1010 ), #2873 ) ;
#2803 = CARTESIAN_POINT ( 'NONE',  ( 0.5000000000000004441, 3.450000000000001510, 0.000000000000000000 ) ) ;
#2804 = VECTOR ( 'NONE', #3644, 1000.000000000000000 ) ;
#2805 = ORIENTED_EDGE ( 'NONE', *, *, #3072, .F. ) ;
#2806 = PRESENTATION_LAYER_ASSIGNMENT (  '', '', ( #1982 ) ) ;
#2807 =( NAMED_UNIT ( * ) PLANE_ANGLE_UNIT ( ) SI_UNIT ( $, .RADIAN. ) );
#2808 = EDGE_CURVE ( 'NONE', #3541, #3991, #74, .T. ) ;
#2809 = ADVANCED_FACE ( 'NONE', ( #2954 ), #1584, .F. ) ;
#2810 = AXIS2_PLACEMENT_3D ( 'NONE', #4134, #1193, #2628 ) ;
#2811 = ORIENTED_EDGE ( 'NONE', *, *, #2408, .F. ) ;
#2812 = DIRECTION ( 'NONE',  ( 0.000000000000000000, -1.000000000000000000, 0.000000000000000000 ) ) ;
#2813 = ADVANCED_FACE ( 'NONE', ( #2282, #4066 ), #2975, .T. ) ;
#2814 = SURFACE_STYLE_USAGE ( .BOTH. , #625 ) ;
#2815 = AXIS2_PLACEMENT_3D ( 'NONE', #751, #2490, #4317 ) ;
#2816 = CARTESIAN_POINT ( 'NONE',  ( 10.00000000000000888, -4.482962609626241747E-15, 6.000000000000000000 ) ) ;
#2817 = ORIENTED_EDGE ( 'NONE', *, *, #257, .T. ) ;
#2818 =( LENGTH_UNIT ( ) NAMED_UNIT ( * ) SI_UNIT ( .MILLI., .METRE. ) );
#2819 = PLANE ( 'NONE',  #812 ) ;
#2820 = DIRECTION ( 'NONE',  ( -0.000000000000000000, -0.000000000000000000, -1.000000000000000000 ) ) ;
#2821 = ORIENTED_EDGE ( 'NONE', *, *, #1235, .F. ) ;
#2822 =( GEOMETRIC_REPRESENTATION_CONTEXT ( 3 ) GLOBAL_UNCERTAINTY_ASSIGNED_CONTEXT ( ( #1124 ) ) GLOBAL_UNIT_ASSIGNED_CONTEXT ( ( #3443, #3089, #3060 ) ) REPRESENTATION_CONTEXT ( 'NONE', 'WORKASPACE' ) );
#2823 = LINE ( 'NONE', #2475, #2395 ) ;
#2824 = CARTESIAN_POINT ( 'NONE',  ( 0.000000000000000000, 4.150000000000001243, 0.000000000000000000 ) ) ;
#2825 = CARTESIAN_POINT ( 'NONE',  ( 4.874800000000004907, 4.150000000000001243, 6.000000000000000000 ) ) ;
#2826 = ORIENTED_EDGE ( 'NONE', *, *, #3997, .T. ) ;
#2827 = AXIS2_PLACEMENT_3D ( 'NONE', #3695, #3339, #448 ) ;
#2828 = EDGE_LOOP ( 'NONE', ( #2638, #343, #579, #42 ) ) ;
#2829 =( NAMED_UNIT ( * ) PLANE_ANGLE_UNIT ( ) SI_UNIT ( $, .RADIAN. ) );
#2830 = EDGE_CURVE ( 'NONE', #3760, #3657, #2330, .T. ) ;
#2831 = ORIENTED_EDGE ( 'NONE', *, *, #1837, .F. ) ;
#2832 = FILL_AREA_STYLE_COLOUR ( '', #1488 ) ;
#2833 = VECTOR ( 'NONE', #65, 1000.000000000000000 ) ;
#2834 = PRESENTATION_LAYER_ASSIGNMENT (  '', '', ( #1249 ) ) ;
#2836 = LINE ( 'NONE', #1027, #2392 ) ;
#2835 = PLANE ( 'NONE',  #4285 ) ;
#2837 = DIRECTION ( 'NONE',  ( -0.000000000000000000, 1.000000000000000000, -0.000000000000000000 ) ) ;
#2838 = SURFACE_STYLE_FILL_AREA ( #3260 ) ;
#2839 = PRESENTATION_LAYER_ASSIGNMENT (  '', '', ( #1632 ) ) ;
#2840 = VECTOR ( 'NONE', #3702, 1000.000000000000000 ) ;
#2841 = VECTOR ( 'NONE', #3472, 1000.000000000000000 ) ;
#2842 = SURFACE_STYLE_FILL_AREA ( #3929 ) ;
#2843 = CARTESIAN_POINT ( 'NONE',  ( 2.272600000000004616, -3.249999999999998224, 6.000000000000000000 ) ) ;
#2844 = CARTESIAN_POINT ( 'NONE',  ( 4.257270000000004551, 3.250000000000001776, 0.8500000000000005329 ) ) ;
#2845 = VECTOR ( 'NONE', #2164, 1000.000000000000000 ) ;
#2846 = LINE ( 'NONE', #4659, #4062 ) ;
#2847 = ORIENTED_EDGE ( 'NONE', *, *, #4397, .F. ) ;
#2848 = SURFACE_STYLE_USAGE ( .BOTH. , #3309 ) ;
#2849 = CARTESIAN_POINT ( 'NONE',  ( 2.818925648462314684E-15, 3.250000000000003553, 5.500000000000000000 ) ) ;
#2850 = ORIENTED_EDGE ( 'NONE', *, *, #1325, .F. ) ;
#2851 = CARTESIAN_POINT ( 'NONE',  ( 2.889935000000004806, 4.150000000000001243, 5.500000000000000000 ) ) ;
#2852 = LINE ( 'NONE', #4240, #2371 ) ;
#2853 = DIRECTION ( 'NONE',  ( -0.000000000000000000, -0.000000000000000000, 1.000000000000000000 ) ) ;
#2854 = FACE_OUTER_BOUND ( 'NONE', #3505, .T. ) ;
#2855 = AXIS2_PLACEMENT_3D ( 'NONE', #4562, #1269, #4514 ) ;
#2856 = ORIENTED_EDGE ( 'NONE', *, *, #167, .F. ) ;
#2857 = DIRECTION ( 'NONE',  ( 0.000000000000000000, 0.000000000000000000, -1.000000000000000000 ) ) ;
#2858 =( LENGTH_UNIT ( ) NAMED_UNIT ( * ) SI_UNIT ( .MILLI., .METRE. ) );
#2860 = DIRECTION ( 'NONE',  ( 0.000000000000000000, -0.000000000000000000, 1.000000000000000000 ) ) ;
#2859 = SURFACE_SIDE_STYLE ('',( #3631 ) ) ;
#2861 = LINE ( 'NONE', #680, #3181 ) ;
#2862 = CARTESIAN_POINT ( 'NONE',  ( 2.272600000000004616, 2.750000000000002220, 6.000000000000000000 ) ) ;
#2863 = VERTEX_POINT ( 'NONE', #1609 ) ;
#2864 = VECTOR ( 'NONE', #1600, 1000.000000000000000 ) ;
#2865 = UNCERTAINTY_MEASURE_WITH_UNIT (LENGTH_MEASURE( 1.000000000000000082E-05 ), #4566, 'distance_accuracy_value', 'NONE');
#2866 =( GEOMETRIC_REPRESENTATION_CONTEXT ( 3 ) GLOBAL_UNCERTAINTY_ASSIGNED_CONTEXT ( ( #581 ) ) GLOBAL_UNIT_ASSIGNED_CONTEXT ( ( #2368, #4543, #1731 ) ) REPRESENTATION_CONTEXT ( 'NONE', 'WORKASPACE' ) );
#2867 =( LENGTH_UNIT ( ) NAMED_UNIT ( * ) SI_UNIT ( .MILLI., .METRE. ) );
#2868 = DIRECTION ( 'NONE',  ( 0.000000000000000000, -1.000000000000000000, 0.000000000000000000 ) ) ;
#2869 = LINE ( 'NONE', #2844, #3170 ) ;
#2870 = PRESENTATION_STYLE_ASSIGNMENT (( #1018 ) ) ;
#2871 = ORIENTED_EDGE ( 'NONE', *, *, #413, .F. ) ;
#2872 = DIRECTION ( 'NONE',  ( 1.000000000000000000, -4.482962609626237803E-16, -0.000000000000000000 ) ) ;
#2873 = ADVANCED_FACE ( 'NONE', ( #3044 ), #4475, .T. ) ;
#2874 =( GEOMETRIC_REPRESENTATION_CONTEXT ( 3 ) GLOBAL_UNCERTAINTY_ASSIGNED_CONTEXT ( ( #2116 ) ) GLOBAL_UNIT_ASSIGNED_CONTEXT ( ( #3955, #3566, #2929 ) ) REPRESENTATION_CONTEXT ( 'NONE', 'WORKASPACE' ) );
#2875 = AXIS2_PLACEMENT_3D ( 'NONE', #845, #2928, #453 ) ;
#2876 = ORIENTED_EDGE ( 'NONE', *, *, #4311, .F. ) ;
#2877 = FILL_AREA_STYLE_COLOUR ( '', #2405 ) ;
#2878 = STYLED_ITEM ( 'NONE', ( #461 ), #446 ) ;
#2879 = ORIENTED_EDGE ( 'NONE', *, *, #1080, .T. ) ;
#2880 = PRESENTATION_STYLE_ASSIGNMENT (( #2552 ) ) ;
#2881 = SURFACE_STYLE_FILL_AREA ( #1046 ) ;
#2882 = DIRECTION ( 'NONE',  ( -1.000000000000000000, 4.482962609626237803E-16, 0.000000000000000000 ) ) ;
#2883 = CARTESIAN_POINT ( 'NONE',  ( 0.5000000000000004441, 0.5000000000000000000, 4.250000000000000000 ) ) ;
#2884 = FILL_AREA_STYLE ('',( #1433 ) ) ;
#2885 = ADVANCED_FACE ( 'NONE', ( #3877 ), #4502, .F. ) ;
#2886 = FILL_AREA_STYLE_COLOUR ( '', #3344 ) ;
#2887 = EDGE_CURVE ( 'NONE', #1701, #4483, #3834, .T. ) ;
#2888 = SURFACE_STYLE_USAGE ( .BOTH. , #1078 ) ;
#2889 = DIRECTION ( 'NONE',  ( -0.000000000000000000, -1.000000000000000000, -0.000000000000000000 ) ) ;
#2890 = DIRECTION ( 'NONE',  ( 1.000000000000000000, -8.673617379884035472E-16, 0.000000000000000000 ) ) ;
#2891 = ORIENTED_EDGE ( 'NONE', *, *, #1425, .F. ) ;
#2892 = DIRECTION ( 'NONE',  ( -1.000000000000000000, 0.000000000000000000, -1.734723475976805517E-15 ) ) ;
#2893 = CARTESIAN_POINT ( 'NONE',  ( 3.000000000000000888, 4.150000000000001243, 0.000000000000000000 ) ) ;
#2894 = EDGE_LOOP ( 'NONE', ( #4190, #3779, #1234, #1996 ) ) ;
#2895 = MECHANICAL_DESIGN_GEOMETRIC_PRESENTATION_REPRESENTATION (  '', ( #4182 ), #4330 ) ;
#2896 = DIRECTION ( 'NONE',  ( 0.000000000000000000, -0.000000000000000000, 1.000000000000000000 ) ) ;
#2897 = EDGE_LOOP ( 'NONE', ( #2084, #290, #944, #1839 ) ) ;
#2898 = LINE ( 'NONE', #3234, #484 ) ;
#2899 = DIRECTION ( 'NONE',  ( 0.000000000000000000, 0.000000000000000000, -1.000000000000000000 ) ) ;
#2900 =( NAMED_UNIT ( * ) SI_UNIT ( $, .STERADIAN. ) SOLID_ANGLE_UNIT ( ) );
#2901 = MECHANICAL_DESIGN_GEOMETRIC_PRESENTATION_REPRESENTATION (  '', ( #861 ), #1092 ) ;
#2902 = UNCERTAINTY_MEASURE_WITH_UNIT (LENGTH_MEASURE( 1.000000000000000082E-05 ), #3825, 'distance_accuracy_value', 'NONE');
#2903 = DIRECTION ( 'NONE',  ( 0.000000000000000000, 1.000000000000000000, -0.000000000000000000 ) ) ;
#2904 = DIRECTION ( 'NONE',  ( -0.000000000000000000, 1.000000000000000000, -0.000000000000000000 ) ) ;
#2905 = FILL_AREA_STYLE_COLOUR ( '', #1002 ) ;
#2906 = EDGE_CURVE ( 'NONE', #2673, #902, #903, .T. ) ;
#2907 =( GEOMETRIC_REPRESENTATION_CONTEXT ( 3 ) GLOBAL_UNCERTAINTY_ASSIGNED_CONTEXT ( ( #774 ) ) GLOBAL_UNIT_ASSIGNED_CONTEXT ( ( #3506, #4237, #1772 ) ) REPRESENTATION_CONTEXT ( 'NONE', 'WORKASPACE' ) );
#2908 = PRESENTATION_STYLE_ASSIGNMENT (( #1474 ) ) ;
#2909 =( NAMED_UNIT ( * ) SI_UNIT ( $, .STERADIAN. ) SOLID_ANGLE_UNIT ( ) );
#2910 = VECTOR ( 'NONE', #168, 1000.000000000000000 ) ;
#2911 = EDGE_CURVE ( 'NONE', #4159, #533, #1288, .T. ) ;
#2912 = FILL_AREA_STYLE ('',( #340 ) ) ;
#2913 = VECTOR ( 'NONE', #702, 1000.000000000000000 ) ;
#2914 = PRESENTATION_LAYER_ASSIGNMENT (  '', '', ( #4117 ) ) ;
#2915 = ORIENTED_EDGE ( 'NONE', *, *, #4268, .F. ) ;
#2916 = CARTESIAN_POINT ( 'NONE',  ( 3.757270000000004995, 2.750000000000002220, 6.000000000000000000 ) ) ;
#2917 =( LENGTH_UNIT ( ) NAMED_UNIT ( * ) SI_UNIT ( .MILLI., .METRE. ) );
#2918 = ORIENTED_EDGE ( 'NONE', *, *, #2940, .T. ) ;
#2919 = CARTESIAN_POINT ( 'NONE',  ( 4.874800000000004907, 0.000000000000000000, 5.500000000000000000 ) ) ;
#2920 = CARTESIAN_POINT ( 'NONE',  ( 3.757270000000004995, 3.250000000000001776, 6.750000000000000888 ) ) ;
#2921 = ADVANCED_FACE ( 'NONE', ( #935, #1358 ), #4553, .T. ) ;
#2922 = VECTOR ( 'NONE', #2837, 1000.000000000000000 ) ;
#2923 = ORIENTED_EDGE ( 'NONE', *, *, #4455, .F. ) ;
#2924 = FACE_OUTER_BOUND ( 'NONE', #4177, .T. ) ;
#2925 = DIRECTION ( 'NONE',  ( 1.000000000000000000, 0.000000000000000000, -0.000000000000000000 ) ) ;
#2926 = SURFACE_STYLE_USAGE ( .BOTH. , #3952 ) ;
#2927 =( NAMED_UNIT ( * ) PLANE_ANGLE_UNIT ( ) SI_UNIT ( $, .RADIAN. ) );
#2928 = DIRECTION ( 'NONE',  ( 0.000000000000000000, -1.000000000000000000, 0.000000000000000000 ) ) ;
#2929 =( NAMED_UNIT ( * ) SI_UNIT ( $, .STERADIAN. ) SOLID_ANGLE_UNIT ( ) );
#2930 = EDGE_CURVE ( 'NONE', #1323, #4597, #3899, .T. ) ;
#2931 = DIRECTION ( 'NONE',  ( -1.000000000000000000, -0.000000000000000000, -0.000000000000000000 ) ) ;
#2932 = DIRECTION ( 'NONE',  ( 0.000000000000000000, 0.000000000000000000, 1.000000000000000000 ) ) ;
#2933 = COLOUR_RGB ( '',1.000000000000000000, 0.8509803921568627194, 0.1529411764705882470 ) ;
#2934 =( GEOMETRIC_REPRESENTATION_CONTEXT ( 3 ) GLOBAL_UNCERTAINTY_ASSIGNED_CONTEXT ( ( #4174 ) ) GLOBAL_UNIT_ASSIGNED_CONTEXT ( ( #427, #4376, #796 ) ) REPRESENTATION_CONTEXT ( 'NONE', 'WORKASPACE' ) );
#2935 = CARTESIAN_POINT ( 'NONE',  ( 8.843715570000004078, -3.964604623047941333E-15, 6.000000000000000000 ) ) ;
#2936 = EDGE_LOOP ( 'NONE', ( #1300, #3435, #3295, #4162, #592, #3895, #1415 ) ) ;
#2937 = DIRECTION ( 'NONE',  ( -1.000000000000000000, -0.000000000000000000, -0.000000000000000000 ) ) ;
#2938 =( LENGTH_UNIT ( ) NAMED_UNIT ( * ) SI_UNIT ( .MILLI., .METRE. ) );
#2939 = ORIENTED_EDGE ( 'NONE', *, *, #4289, .F. ) ;
#2940 = EDGE_CURVE ( 'NONE', #3340, #1652, #1431, .T. ) ;
#2941 = EDGE_CURVE ( 'NONE', #1113, #1137, #1786, .T. ) ;
#2942 = FACE_BOUND ( 'NONE', #3628, .T. ) ;
#2943 = LINE ( 'NONE', #3274, #2456 ) ;
#2944 = ORIENTED_EDGE ( 'NONE', *, *, #3312, .T. ) ;
#2945 = SURFACE_SIDE_STYLE ('',( #3033 ) ) ;
#2946 = PRESENTATION_STYLE_ASSIGNMENT (( #3697 ) ) ;
#2947 = VECTOR ( 'NONE', #2379, 1000.000000000000000 ) ;
#2948 =( LENGTH_UNIT ( ) NAMED_UNIT ( * ) SI_UNIT ( .MILLI., .METRE. ) );
#2949 = FILL_AREA_STYLE_COLOUR ( '', #3074 ) ;
#2950 = SURFACE_SIDE_STYLE ('',( #91 ) ) ;
#2951 =( GEOMETRIC_REPRESENTATION_CONTEXT ( 3 ) GLOBAL_UNCERTAINTY_ASSIGNED_CONTEXT ( ( #1576 ) ) GLOBAL_UNIT_ASSIGNED_CONTEXT ( ( #4209, #273, #4558 ) ) REPRESENTATION_CONTEXT ( 'NONE', 'WORKASPACE' ) );
#2952 = SURFACE_STYLE_USAGE ( .BOTH. , #1208 ) ;
#2953 = CARTESIAN_POINT ( 'NONE',  ( 0.5000000000000004441, 3.450000000000001510, 4.250000000000000000 ) ) ;
#2954 = FACE_OUTER_BOUND ( 'NONE', #2477, .T. ) ;
#2955 = MECHANICAL_DESIGN_GEOMETRIC_PRESENTATION_REPRESENTATION (  '', ( #4309 ), #3136 ) ;
#2956 = LINE ( 'NONE', #1522, #695 ) ;
#2957 = CARTESIAN_POINT ( 'NONE',  ( 0.000000000000000000, 2.750000000000002220, 5.500000000000000000 ) ) ;
#2958 = DIRECTION ( 'NONE',  ( 0.000000000000000000, 0.000000000000000000, -1.000000000000000000 ) ) ;
#2959 = VECTOR ( 'NONE', #2482, 1000.000000000000000 ) ;
#2960 = ORIENTED_EDGE ( 'NONE', *, *, #2429, .F. ) ;
#2961 = FACE_OUTER_BOUND ( 'NONE', #4530, .T. ) ;
#2962 = ORIENTED_EDGE ( 'NONE', *, *, #1168, .T. ) ;
#2963 = FILL_AREA_STYLE ('',( #1573 ) ) ;
#2964 = CARTESIAN_POINT ( 'NONE',  ( 6.241930000000005307, 3.250000000000001332, 0.8500000000000005329 ) ) ;
#2965 = UNCERTAINTY_MEASURE_WITH_UNIT (LENGTH_MEASURE( 1.000000000000000082E-05 ), #140, 'distance_accuracy_value', 'NONE');
#2966 = FILL_AREA_STYLE ('',( #2949 ) ) ;
#2967 = FILL_AREA_STYLE ('',( #801 ) ) ;
#2968 = COLOUR_RGB ( '',0.9607843137254902244, 0.9098039215686274384, 0.000000000000000000 ) ;
#2969 = EDGE_CURVE ( 'NONE', #2727, #4219, #3237, .T. ) ;
#2970 = SURFACE_STYLE_FILL_AREA ( #4106 ) ;
#2971 = AXIS2_PLACEMENT_3D ( 'NONE', #502, #4198, #2372 ) ;
#2972 = CARTESIAN_POINT ( 'NONE',  ( 1.500000000000000000, 4.650000000000001243, 1.699999999999999956 ) ) ;
#2974 = SURFACE_STYLE_FILL_AREA ( #2587 ) ;
#2973 = PRESENTATION_STYLE_ASSIGNMENT (( #71 ) ) ;
#2975 = PLANE ( 'NONE',  #1592 ) ;
#2976 = AXIS2_PLACEMENT_3D ( 'NONE', #3643, #4680, #2892 ) ;
#2977 = MECHANICAL_DESIGN_GEOMETRIC_PRESENTATION_REPRESENTATION (  '', ( #2391 ), #2822 ) ;
#2978 =( GEOMETRIC_REPRESENTATION_CONTEXT ( 3 ) GLOBAL_UNCERTAINTY_ASSIGNED_CONTEXT ( ( #3365 ) ) GLOBAL_UNIT_ASSIGNED_CONTEXT ( ( #3494, #4575, #2796 ) ) REPRESENTATION_CONTEXT ( 'NONE', 'WORKASPACE' ) );
#2979 = DIRECTION ( 'NONE',  ( 0.000000000000000000, -1.000000000000000000, 0.000000000000000000 ) ) ;
#2980 = EDGE_CURVE ( 'NONE', #3949, #2480, #2861, .T. ) ;
#2981 =( GEOMETRIC_REPRESENTATION_CONTEXT ( 3 ) GLOBAL_UNCERTAINTY_ASSIGNED_CONTEXT ( ( #134 ) ) GLOBAL_UNIT_ASSIGNED_CONTEXT ( ( #1361, #96, #4087 ) ) REPRESENTATION_CONTEXT ( 'NONE', 'WORKASPACE' ) );
#2982 = EDGE_CURVE ( 'NONE', #4372, #741, #4294, .T. ) ;
#2983 = ORIENTED_EDGE ( 'NONE', *, *, #4063, .F. ) ;
#2984 = MECHANICAL_DESIGN_GEOMETRIC_PRESENTATION_REPRESENTATION (  '', ( #4265 ), #2616 ) ;
#2985 = DIRECTION ( 'NONE',  ( 0.000000000000000000, -0.000000000000000000, -1.000000000000000000 ) ) ;
#2986 = CARTESIAN_POINT ( 'NONE',  ( 5.741930000000004419, 2.750000000000002220, 6.000000000000000000 ) ) ;
#2987 = MECHANICAL_DESIGN_GEOMETRIC_PRESENTATION_REPRESENTATION (  '', ( #1192 ), #2366 ) ;
#2988 = ORIENTED_EDGE ( 'NONE', *, *, #1418, .F. ) ;
#2989 = FACE_OUTER_BOUND ( 'NONE', #4074, .T. ) ;
#2990 = CARTESIAN_POINT ( 'NONE',  ( 7.726600000000005686, 2.750000000000002220, 0.8500000000000005329 ) ) ;
#2991 = UNCERTAINTY_MEASURE_WITH_UNIT (LENGTH_MEASURE( 1.000000000000000082E-05 ), #1367, 'distance_accuracy_value', 'NONE');
#2992 =( LENGTH_UNIT ( ) NAMED_UNIT ( * ) SI_UNIT ( .MILLI., .METRE. ) );
#2993 = FACE_OUTER_BOUND ( 'NONE', #638, .T. ) ;
#2994 = CARTESIAN_POINT ( 'NONE',  ( 7.000000000000000888, 4.150000000000001243, 0.000000000000000000 ) ) ;
#2995 = CARTESIAN_POINT ( 'NONE',  ( 5.741930000000004419, -3.249999999999998224, 6.000000000000000000 ) ) ;
#2996 = PRESENTATION_STYLE_ASSIGNMENT (( #2654 ) ) ;
#2997 = PLANE ( 'NONE',  #59 ) ;
#2998 = ADVANCED_FACE ( 'NONE', ( #3564 ), #727, .F. ) ;
#2999 = MECHANICAL_DESIGN_GEOMETRIC_PRESENTATION_REPRESENTATION (  '', ( #3604 ), #2786 ) ;
#3000 = VECTOR ( 'NONE', #3690, 1000.000000000000000 ) ;
#3001 = EDGE_CURVE ( 'NONE', #2056, #1608, #3258, .T. ) ;
#3002 = AXIS2_PLACEMENT_3D ( 'NONE', #2919, #58, #1568 ) ;
#3003 = CARTESIAN_POINT ( 'NONE',  ( 7.000000000000000888, 4.150000000000001243, 4.000000000000000888 ) ) ;
#3004 = DIRECTION ( 'NONE',  ( -1.000000000000000000, 0.000000000000000000, 0.000000000000000000 ) ) ;
#3005 = VERTEX_POINT ( 'NONE', #3187 ) ;
#3006 = FACE_OUTER_BOUND ( 'NONE', #3526, .T. ) ;
#3007 = FILL_AREA_STYLE_COLOUR ( '', #931 ) ;
#3008 = DIRECTION ( 'NONE',  ( -0.000000000000000000, -0.000000000000000000, -1.000000000000000000 ) ) ;
#3009 = VERTEX_POINT ( 'NONE', #660 ) ;
#3010 = DIRECTION ( 'NONE',  ( -0.000000000000000000, 1.000000000000000000, -0.000000000000000000 ) ) ;
#3011 =( LENGTH_UNIT ( ) NAMED_UNIT ( * ) SI_UNIT ( .MILLI., .METRE. ) );
#3012 = PRESENTATION_STYLE_ASSIGNMENT (( #1535 ) ) ;
#3013 = CARTESIAN_POINT ( 'NONE',  ( 0.000000000000000000, 0.000000000000000000, 0.000000000000000000 ) ) ;
#3014 = SURFACE_STYLE_USAGE ( .BOTH. , #1923 ) ;
#3015 = DIRECTION ( 'NONE',  ( -0.000000000000000000, 1.000000000000000000, -0.000000000000000000 ) ) ;
#3016 = MECHANICAL_DESIGN_GEOMETRIC_PRESENTATION_REPRESENTATION (  '', ( #3171 ), #3775 ) ;
#3017 =( GEOMETRIC_REPRESENTATION_CONTEXT ( 3 ) GLOBAL_UNCERTAINTY_ASSIGNED_CONTEXT ( ( #2765 ) ) GLOBAL_UNIT_ASSIGNED_CONTEXT ( ( #1895, #2277, #1922 ) ) REPRESENTATION_CONTEXT ( 'NONE', 'WORKASPACE' ) );
#3019 =( LENGTH_UNIT ( ) NAMED_UNIT ( * ) SI_UNIT ( .MILLI., .METRE. ) );
#3018 = PLANE ( 'NONE',  #3463 ) ;
#3020 = ORIENTED_EDGE ( 'NONE', *, *, #3635, .F. ) ;
#3021 = CARTESIAN_POINT ( 'NONE',  ( 0.000000000000000000, 3.250000000000001776, 5.500000000000000000 ) ) ;
#3022 = CARTESIAN_POINT ( 'NONE',  ( 9.500000000000003553, 4.150000000000001243, 3.700000000000009059 ) ) ;
#3023 = ORIENTED_EDGE ( 'NONE', *, *, #4615, .F. ) ;
#3024 = MECHANICAL_DESIGN_GEOMETRIC_PRESENTATION_REPRESENTATION (  '', ( #1902 ), #1453 ) ;
#3025 = CARTESIAN_POINT ( 'NONE',  ( 6.241930000000005307, 2.750000000000002220, 6.750000000000000888 ) ) ;
#3026 = LINE ( 'NONE', #542, #4211 ) ;
#3027 = ORIENTED_EDGE ( 'NONE', *, *, #2721, .F. ) ;
#3028 = LINE ( 'NONE', #749, #644 ) ;
#3029 = VECTOR ( 'NONE', #1352, 1000.000000000000000 ) ;
#3030 = FACE_BOUND ( 'NONE', #323, .T. ) ;
#3031 = SURFACE_STYLE_USAGE ( .BOTH. , #3768 ) ;
#3032 = EDGE_LOOP ( 'NONE', ( #1382, #2821, #945, #3557 ) ) ;
#3033 = SURFACE_STYLE_FILL_AREA ( #3386 ) ;
#3034 = SURFACE_STYLE_FILL_AREA ( #4150 ) ;
#3035 = UNCERTAINTY_MEASURE_WITH_UNIT (LENGTH_MEASURE( 1.000000000000000082E-05 ), #1743, 'distance_accuracy_value', 'NONE');
#3036 = CARTESIAN_POINT ( 'NONE',  ( 1.155484430000005780, 4.150000000000001243, 5.500000000000000000 ) ) ;
#3037 = SURFACE_STYLE_USAGE ( .BOTH. , #1251 ) ;
#3038 = ORIENTED_EDGE ( 'NONE', *, *, #4391, .F. ) ;
#3039 = DIRECTION ( 'NONE',  ( -1.084202172485504434E-16, -0.000000000000000000, -1.000000000000000000 ) ) ;
#3041 = PLANE ( 'NONE',  #4561 ) ;
#3040 =( LENGTH_UNIT ( ) NAMED_UNIT ( * ) SI_UNIT ( .MILLI., .METRE. ) );
#3042 =( GEOMETRIC_REPRESENTATION_CONTEXT ( 3 ) GLOBAL_UNCERTAINTY_ASSIGNED_CONTEXT ( ( #4466 ) ) GLOBAL_UNIT_ASSIGNED_CONTEXT ( ( #2709, #2015, #1279 ) ) REPRESENTATION_CONTEXT ( 'NONE', 'WORKASPACE' ) );
#3043 = EDGE_LOOP ( 'NONE', ( #4665, #2598, #4450, #717 ) ) ;
#3044 = FACE_OUTER_BOUND ( 'NONE', #1266, .T. ) ;
#3045 = FILL_AREA_STYLE_COLOUR ( '', #2139 ) ;
#3046 = ORIENTED_EDGE ( 'NONE', *, *, #2310, .T. ) ;
#3047 = EDGE_CURVE ( 'NONE', #983, #873, #4346, .T. ) ;
#3048 = DIRECTION ( 'NONE',  ( -1.000000000000000000, 0.000000000000000000, -0.000000000000000000 ) ) ;
#3049 = ORIENTED_EDGE ( 'NONE', *, *, #206, .T. ) ;
#3050 = FILL_AREA_STYLE ('',( #810 ) ) ;
#3051 = VECTOR ( 'NONE', #1740, 1000.000000000000000 ) ;
#3052 = AXIS2_PLACEMENT_3D ( 'NONE', #3632, #404, #1623 ) ;
#3053 = VERTEX_POINT ( 'NONE', #3633 ) ;
#3054 = ORIENTED_EDGE ( 'NONE', *, *, #2562, .F. ) ;
#3055 = LINE ( 'NONE', #2255, #4479 ) ;
#3056 = VECTOR ( 'NONE', #3191, 1000.000000000000000 ) ;
#3057 = VECTOR ( 'NONE', #2071, 1000.000000000000000 ) ;
#3058 = ORIENTED_EDGE ( 'NONE', *, *, #617, .F. ) ;
#3059 = FILL_AREA_STYLE ('',( #3442 ) ) ;
#3060 =( NAMED_UNIT ( * ) SI_UNIT ( $, .STERADIAN. ) SOLID_ANGLE_UNIT ( ) );
#3061 = CARTESIAN_POINT ( 'NONE',  ( 5.741930000000004419, 3.250000000000001332, 6.750000000000000888 ) ) ;
#3062 = UNCERTAINTY_MEASURE_WITH_UNIT (LENGTH_MEASURE( 1.000000000000000082E-05 ), #1379, 'distance_accuracy_value', 'NONE');
#3063 = CARTESIAN_POINT ( 'NONE',  ( 8.500000000000005329, 4.650000000000001243, 1.700000000000006173 ) ) ;
#3064 = ADVANCED_FACE ( 'NONE', ( #1850 ), #4247, .F. ) ;
#3065 = EDGE_CURVE ( 'NONE', #3109, #120, #1013, .T. ) ;
#3066 = FILL_AREA_STYLE ('',( #3828 ) ) ;
#3067 = VERTEX_POINT ( 'NONE', #618 ) ;
#3068 = ORIENTED_EDGE ( 'NONE', *, *, #4405, .F. ) ;
#3069 = DIRECTION ( 'NONE',  ( 1.000000000000000000, 0.000000000000000000, 0.000000000000000000 ) ) ;
#3070 = FILL_AREA_STYLE ('',( #3045 ) ) ;
#3071 = ORIENTED_EDGE ( 'NONE', *, *, #3595, .T. ) ;
#3072 = EDGE_CURVE ( 'NONE', #1093, #2863, #2450, .T. ) ;
#3073 = EDGE_CURVE ( 'NONE', #3550, #2788, #992, .T. ) ;
#3074 = COLOUR_RGB ( '',1.000000000000000000, 0.8941176470588234615, 0.1058823529411764691 ) ;
#3075 = DIRECTION ( 'NONE',  ( 1.000000000000000000, 0.000000000000000000, 0.000000000000000000 ) ) ;
#3076 = CARTESIAN_POINT ( 'NONE',  ( 7.109265000000005053, -3.187056917692449644E-15, 5.500000000000000000 ) ) ;
#3077 = EDGE_LOOP ( 'NONE', ( #4477, #3901, #483, #2386, #2988, #3864 ) ) ;
#3078 = MECHANICAL_DESIGN_GEOMETRIC_PRESENTATION_REPRESENTATION (  '', ( #3299 ), #183 ) ;
#3079 = PRESENTATION_STYLE_ASSIGNMENT (( #3354 ) ) ;
#3080 = ORIENTED_EDGE ( 'NONE', *, *, #3552, .F. ) ;
#3081 = ORIENTED_EDGE ( 'NONE', *, *, #1578, .T. ) ;
#3082 = DIRECTION ( 'NONE',  ( -0.000000000000000000, 1.000000000000000000, -0.000000000000000000 ) ) ;
#3083 = STYLED_ITEM ( 'NONE', ( #44 ), #4233 ) ;
#3084 = EDGE_CURVE ( 'NONE', #3009, #2082, #1749, .T. ) ;
#3085 = ORIENTED_EDGE ( 'NONE', *, *, #1877, .T. ) ;
#3086 = MECHANICAL_DESIGN_GEOMETRIC_PRESENTATION_REPRESENTATION (  '', ( #4070 ), #4144 ) ;
#3087 = CYLINDRICAL_SURFACE ( 'NONE', #3465, 0.4899999999999999911 ) ;
#3088 = ADVANCED_FACE ( 'NONE', ( #2780, #270 ), #3499, .T. ) ;
#3089 =( NAMED_UNIT ( * ) PLANE_ANGLE_UNIT ( ) SI_UNIT ( $, .RADIAN. ) );
#3090 = EDGE_CURVE ( 'NONE', #624, #2523, #941, .T. ) ;
#3091 = UNCERTAINTY_MEASURE_WITH_UNIT (LENGTH_MEASURE( 1.000000000000000082E-05 ), #3629, 'distance_accuracy_value', 'NONE');
#3092 = CARTESIAN_POINT ( 'NONE',  ( 7.726600000000005686, 3.250000000000001332, 6.750000000000000888 ) ) ;
#3093 = LINE ( 'NONE', #1968, #2171 ) ;
#3094 = ORIENTED_EDGE ( 'NONE', *, *, #3392, .F. ) ;
#3095 = SURFACE_STYLE_FILL_AREA ( #2773 ) ;
#3096 = LINE ( 'NONE', #986, #572 ) ;
#3097 = ORIENTED_EDGE ( 'NONE', *, *, #4426, .F. ) ;
#3098 = VERTEX_POINT ( 'NONE', #4507 ) ;
#3099 =( GEOMETRIC_REPRESENTATION_CONTEXT ( 3 ) GLOBAL_UNCERTAINTY_ASSIGNED_CONTEXT ( ( #4217 ) ) GLOBAL_UNIT_ASSIGNED_CONTEXT ( ( #2150, #4403, #115 ) ) REPRESENTATION_CONTEXT ( 'NONE', 'WORKASPACE' ) );
#3100 = MECHANICAL_DESIGN_GEOMETRIC_PRESENTATION_REPRESENTATION (  '', ( #4440 ), #832 ) ;
#3101 = CARTESIAN_POINT ( 'NONE',  ( 0.000000000000000000, 4.150000000000001243, 4.599999999999999645 ) ) ;
#3102 = SURFACE_SIDE_STYLE ('',( #513 ) ) ;
#3103 = FILL_AREA_STYLE_COLOUR ( '', #2575 ) ;
#3104 = VERTEX_POINT ( 'NONE', #3861 ) ;
#3105 = MECHANICAL_DESIGN_GEOMETRIC_PRESENTATION_REPRESENTATION (  '', ( #2728 ), #2506 ) ;
#3106 =( GEOMETRIC_REPRESENTATION_CONTEXT ( 3 ) GLOBAL_UNCERTAINTY_ASSIGNED_CONTEXT ( ( #1965 ) ) GLOBAL_UNIT_ASSIGNED_CONTEXT ( ( #2657, #4453, #4141 ) ) REPRESENTATION_CONTEXT ( 'NONE', 'WORKASPACE' ) );
#3107 = VERTEX_POINT ( 'NONE', #2753 ) ;
#3108 = DIRECTION ( 'NONE',  ( 0.000000000000000000, -0.000000000000000000, 1.000000000000000000 ) ) ;
#3109 = VERTEX_POINT ( 'NONE', #2723 ) ;
#3110 = VECTOR ( 'NONE', #1470, 1000.000000000000000 ) ;
#3111 = ORIENTED_EDGE ( 'NONE', *, *, #2808, .T. ) ;
#3112 = FILL_AREA_STYLE ('',( #922 ) ) ;
#3113 = DIRECTION ( 'NONE',  ( 1.000000000000000000, 0.000000000000000000, 0.000000000000000000 ) ) ;
#3114 = EDGE_CURVE ( 'NONE', #2727, #2113, #2080, .T. ) ;
#3115 = CARTESIAN_POINT ( 'NONE',  ( 1.772600000000004838, 2.759999999999998455, 6.500000000000000888 ) ) ;
#3116 = CARTESIAN_POINT ( 'NONE',  ( 2.889935000000004806, -1.295547054925022377E-15, 5.500000000000000000 ) ) ;
#3117 = EDGE_LOOP ( 'NONE', ( #2530, #1975, #151, #1268 ) ) ;
#3118 = CARTESIAN_POINT ( 'NONE',  ( 8.272600000000004172, 2.760000000000002007, 6.010000000000000675 ) ) ;
#3120 = CARTESIAN_POINT ( 'NONE',  ( 2.272600000000004616, -3.249999999999998224, 6.500000000000000888 ) ) ;
#3119 = FILL_AREA_STYLE ('',( #3518 ) ) ;
#3121 = EDGE_LOOP ( 'NONE', ( #1886, #1766, #3879, #1705 ) ) ;
#3122 = CARTESIAN_POINT ( 'NONE',  ( 8.272600000000004172, 3.250000000000002220, 6.009999999999997122 ) ) ;
#3123 = CARTESIAN_POINT ( 'NONE',  ( 8.226600000000006574, 3.250000000000001332, 0.8500000000000005329 ) ) ;
#3124 = EDGE_LOOP ( 'NONE', ( #1640, #1526, #3423, #2568 ) ) ;
#3125 = DIRECTION ( 'NONE',  ( -1.000000000000000000, 8.673617379884027583E-16, 0.000000000000000000 ) ) ;
#3126 = PRESENTATION_STYLE_ASSIGNMENT (( #2726 ) ) ;
#3127 = ORIENTED_EDGE ( 'NONE', *, *, #2980, .F. ) ;
#3128 = AXIS2_PLACEMENT_3D ( 'NONE', #3061, #4675, #1052 ) ;
#3129 = VECTOR ( 'NONE', #637, 1000.000000000000000 ) ;
#3130 = ORIENTED_EDGE ( 'NONE', *, *, #395, .T. ) ;
#3131 = CARTESIAN_POINT ( 'NONE',  ( 10.00000000000000000, 2.450000000000001066, 2.000000000000000888 ) ) ;
#3132 = ADVANCED_FACE ( 'NONE', ( #2377 ), #804, .F. ) ;
#3133 = EDGE_CURVE ( 'NONE', #4679, #3394, #139, .T. ) ;
#3134 = ORIENTED_EDGE ( 'NONE', *, *, #1803, .F. ) ;
#3135 = PRESENTATION_STYLE_ASSIGNMENT (( #1301 ) ) ;
#3137 = DIRECTION ( 'NONE',  ( -1.000000000000000000, 0.000000000000000000, 0.000000000000000000 ) ) ;
#3136 =( GEOMETRIC_REPRESENTATION_CONTEXT ( 3 ) GLOBAL_UNCERTAINTY_ASSIGNED_CONTEXT ( ( #4401 ) ) GLOBAL_UNIT_ASSIGNED_CONTEXT ( ( #3300, #2927, #4363 ) ) REPRESENTATION_CONTEXT ( 'NONE', 'WORKASPACE' ) );
#3138 =( GEOMETRIC_REPRESENTATION_CONTEXT ( 3 ) GLOBAL_UNCERTAINTY_ASSIGNED_CONTEXT ( ( #726 ) ) GLOBAL_UNIT_ASSIGNED_CONTEXT ( ( #2574, #1847, #375 ) ) REPRESENTATION_CONTEXT ( 'NONE', 'WORKASPACE' ) );
#3139 = VECTOR ( 'NONE', #2192, 1000.000000000000000 ) ;
#3140 =( NAMED_UNIT ( * ) SI_UNIT ( $, .STERADIAN. ) SOLID_ANGLE_UNIT ( ) );
#3141 = MECHANICAL_DESIGN_GEOMETRIC_PRESENTATION_REPRESENTATION (  '', ( #3513 ), #1641 ) ;
#3142 = LINE ( 'NONE', #236, #1400 ) ;
#3143 = ORIENTED_EDGE ( 'NONE', *, *, #3433, .T. ) ;
#3144 = DIRECTION ( 'NONE',  ( -0.000000000000000000, 4.336808689942016257E-16, 1.000000000000000000 ) ) ;
#3145 = PLANE ( 'NONE',  #1655 ) ;
#3146 = DIRECTION ( 'NONE',  ( -0.000000000000000000, 1.000000000000000000, -0.000000000000000000 ) ) ;
#3147 = ORIENTED_EDGE ( 'NONE', *, *, #48, .F. ) ;
#3148 = LINE ( 'NONE', #3123, #3721 ) ;
#3149 = ORIENTED_EDGE ( 'NONE', *, *, #914, .F. ) ;
#3150 = DIRECTION ( 'NONE',  ( -0.000000000000000000, -0.000000000000000000, 1.000000000000000000 ) ) ;
#3151 = PLANE ( 'NONE',  #2613 ) ;
#3152 = EDGE_CURVE ( 'NONE', #1693, #1315, #1606, .T. ) ;
#3153 = ORIENTED_EDGE ( 'NONE', *, *, #3959, .F. ) ;
#3154 = EDGE_CURVE ( 'NONE', #2698, #364, #3748, .T. ) ;
#3155 = LINE ( 'NONE', #4587, #2200 ) ;
#3156 = ORIENTED_EDGE ( 'NONE', *, *, #3458, .T. ) ;
#3157 = DIRECTION ( 'NONE',  ( -1.000000000000000000, 0.000000000000000000, 0.000000000000000000 ) ) ;
#3158 = PRESENTATION_LAYER_ASSIGNMENT (  '', '', ( #4664 ) ) ;
#3159 = PRESENTATION_LAYER_ASSIGNMENT (  '', '', ( #3995 ) ) ;
#3160 = ORIENTED_EDGE ( 'NONE', *, *, #299, .F. ) ;
#3161 = DIRECTION ( 'NONE',  ( 0.000000000000000000, 0.000000000000000000, 1.000000000000000000 ) ) ;
#3162 = PRESENTATION_LAYER_ASSIGNMENT (  '', '', ( #512 ) ) ;
#3163 = EDGE_LOOP ( 'NONE', ( #795, #3845, #3428, #1019, #3054, #543, #4559 ) ) ;
#3164 = CARTESIAN_POINT ( 'NONE',  ( 1.155484430000005780, -5.179993495695310825E-16, 5.500000000000000000 ) ) ;
#3165 =( NAMED_UNIT ( * ) PLANE_ANGLE_UNIT ( ) SI_UNIT ( $, .RADIAN. ) );
#3166 = SURFACE_SIDE_STYLE ('',( #564 ) ) ;
#3167 = ORIENTED_EDGE ( 'NONE', *, *, #1326, .T. ) ;
#3168 = PRESENTATION_STYLE_ASSIGNMENT (( #641 ) ) ;
#3169 = DIRECTION ( 'NONE',  ( 1.000000000000000000, -4.482962609626237803E-16, -0.000000000000000000 ) ) ;
#3170 = VECTOR ( 'NONE', #1082, 1000.000000000000000 ) ;
#3171 = STYLED_ITEM ( 'NONE', ( #3012 ), #837 ) ;
#3172 = ORIENTED_EDGE ( 'NONE', *, *, #1819, .F. ) ;
#3173 = VECTOR ( 'NONE', #1331, 1000.000000000000000 ) ;
#3174 = MECHANICAL_DESIGN_GEOMETRIC_PRESENTATION_REPRESENTATION (  '', ( #3780 ), #2140 ) ;
#3175 = APPLICATION_CONTEXT ( 'automotive_design' ) ;
#3176 = AXIS2_PLACEMENT_3D ( 'NONE', #3759, #2004, #146 ) ;
#3177 = VERTEX_POINT ( 'NONE', #4385 ) ;
#3178 = LINE ( 'NONE', #4239, #2037 ) ;
#3179 = CARTESIAN_POINT ( 'NONE',  ( 7.726600000000005686, 2.750000000000002220, 0.8500000000000005329 ) ) ;
#3180 = UNCERTAINTY_MEASURE_WITH_UNIT (LENGTH_MEASURE( 1.000000000000000082E-05 ), #744, 'distance_accuracy_value', 'NONE');
#3181 = VECTOR ( 'NONE', #1125, 1000.000000000000000 ) ;
#3182 = AXIS2_PLACEMENT_3D ( 'NONE', #1866, #1180, #1528 ) ;
#3183 =( NAMED_UNIT ( * ) PLANE_ANGLE_UNIT ( ) SI_UNIT ( $, .RADIAN. ) );
#3184 = VERTEX_POINT ( 'NONE', #2667 ) ;
#3185 = LINE ( 'NONE', #4221, #3051 ) ;
#3186 = LINE ( 'NONE', #4293, #2018 ) ;
#3187 = CARTESIAN_POINT ( 'NONE',  ( 5.741930000000004419, 3.250000000000001332, 4.250000000000000000 ) ) ;
#3188 = CARTESIAN_POINT ( 'NONE',  ( 8.843715570000004078, 4.150000000000001243, 6.000000000000000000 ) ) ;
#3189 = VERTEX_POINT ( 'NONE', #4471 ) ;
#3190 = VECTOR ( 'NONE', #3113, 1000.000000000000000 ) ;
#3191 = DIRECTION ( 'NONE',  ( -0.000000000000000000, 1.000000000000000000, -0.000000000000000000 ) ) ;
#3192 = FILL_AREA_STYLE_COLOUR ( '', #3980 ) ;
#3193 = ORIENTED_EDGE ( 'NONE', *, *, #754, .F. ) ;
#3194 = PRESENTATION_STYLE_ASSIGNMENT (( #254 ) ) ;
#3195 = PRESENTATION_LAYER_ASSIGNMENT (  '', '', ( #3962 ) ) ;
#3196 =( GEOMETRIC_REPRESENTATION_CONTEXT ( 3 ) GLOBAL_UNCERTAINTY_ASSIGNED_CONTEXT ( ( #1098 ) ) GLOBAL_UNIT_ASSIGNED_CONTEXT ( ( #654, #3183, #675 ) ) REPRESENTATION_CONTEXT ( 'NONE', 'WORKASPACE' ) );
#3197 = ORIENTED_EDGE ( 'NONE', *, *, #1426, .T. ) ;
#3198 = DIRECTION ( 'NONE',  ( -1.000000000000000000, -0.000000000000000000, -0.000000000000000000 ) ) ;
#3199 = CARTESIAN_POINT ( 'NONE',  ( 8.226600000000006574, -3.249999999999998224, 6.500000000000000888 ) ) ;
#3200 = CARTESIAN_POINT ( 'NONE',  ( 1.155484430000005780, 4.150000000000001243, 5.500000000000000000 ) ) ;
#3201 = STYLED_ITEM ( 'NONE', ( #319 ), #2451 ) ;
#3202 = DIRECTION ( 'NONE',  ( 0.000000000000000000, -0.000000000000000000, 1.000000000000000000 ) ) ;
#3203 = ORIENTED_EDGE ( 'NONE', *, *, #1409, .T. ) ;
#3204 = DIRECTION ( 'NONE',  ( 1.000000000000000000, 0.000000000000000000, 0.000000000000000000 ) ) ;
#3205 = MECHANICAL_DESIGN_GEOMETRIC_PRESENTATION_REPRESENTATION (  '', ( #2766 ), #3814 ) ;
#3206 = FACE_OUTER_BOUND ( 'NONE', #585, .T. ) ;
#3207 = CARTESIAN_POINT ( 'NONE',  ( 9.500000000000008882, 4.150000000000001243, 4.250000000000000000 ) ) ;
#3208 = CARTESIAN_POINT ( 'NONE',  ( 9.500000000000008882, 4.150000000000001243, 4.250000000000000000 ) ) ;
#3209 = DIRECTION ( 'NONE',  ( -1.000000000000000000, 0.000000000000000000, 0.000000000000000000 ) ) ;
#3210 = EDGE_LOOP ( 'NONE', ( #1572, #3805, #1246, #2052 ) ) ;
#3211 = VECTOR ( 'NONE', #1131, 1000.000000000000000 ) ;
#3212 = COLOUR_RGB ( '',1.000000000000000000, 1.000000000000000000, 1.000000000000000000 ) ;
#3213 = VECTOR ( 'NONE', #4473, 1000.000000000000000 ) ;
#3214 = CARTESIAN_POINT ( 'NONE',  ( 2.272600000000004616, 3.250000000000001776, 6.750000000000000888 ) ) ;
#3215 = SURFACE_STYLE_FILL_AREA ( #1788 ) ;
#3216 = LINE ( 'NONE', #3523, #3284 ) ;
#3217 = DIRECTION ( 'NONE',  ( 0.000000000000000000, 0.000000000000000000, 1.000000000000000000 ) ) ;
#3218 = EDGE_CURVE ( 'NONE', #2690, #4290, #2260, .T. ) ;
#3219 = VECTOR ( 'NONE', #2853, 1000.000000000000000 ) ;
#3220 = CARTESIAN_POINT ( 'NONE',  ( 2.272600000000004616, 3.250000000000001776, 0.8500000000000005329 ) ) ;
#3221 = ORIENTED_EDGE ( 'NONE', *, *, #4459, .T. ) ;
#3222 = DIRECTION ( 'NONE',  ( 1.000000000000000000, 0.000000000000000000, 0.000000000000000000 ) ) ;
#3223 = PRESENTATION_STYLE_ASSIGNMENT (( #390 ) ) ;
#3224 = ORIENTED_EDGE ( 'NONE', *, *, #126, .F. ) ;
#3225 = EDGE_CURVE ( 'NONE', #3109, #3541, #2650, .T. ) ;
#3226 = LINE ( 'NONE', #2206, #4287 ) ;
#3227 = DIRECTION ( 'NONE',  ( -1.865294060190113153E-15, 1.000000000000000000, -0.000000000000000000 ) ) ;
#3228 = PRESENTATION_LAYER_ASSIGNMENT (  '', '', ( #3838 ) ) ;
#3229 = CARTESIAN_POINT ( 'NONE',  ( 3.757270000000004995, -3.249999999999998224, 6.500000000000000888 ) ) ;
#3230 = VECTOR ( 'NONE', #4331, 1000.000000000000000 ) ;
#3231 = EDGE_CURVE ( 'NONE', #4313, #2749, #4130, .T. ) ;
#3232 = EDGE_CURVE ( 'NONE', #4679, #4168, #1970, .T. ) ;
#3233 = ORIENTED_EDGE ( 'NONE', *, *, #3497, .F. ) ;
#3234 = CARTESIAN_POINT ( 'NONE',  ( 8.226600000000006574, 2.750000000000001776, 6.750000000000000888 ) ) ;
#3236 = FILL_AREA_STYLE ('',( #1807 ) ) ;
#3235 = SURFACE_SIDE_STYLE ('',( #4672 ) ) ;
#3237 = LINE ( 'NONE', #1830, #3402 ) ;
#3238 = CARTESIAN_POINT ( 'NONE',  ( 10.00000000000000000, 4.150000000000001243, 4.599999999999999645 ) ) ;
#3239 = ORIENTED_EDGE ( 'NONE', *, *, #39, .T. ) ;
#3240 = MECHANICAL_DESIGN_GEOMETRIC_PRESENTATION_REPRESENTATION (  '', ( #2044 ), #548 ) ;
#3241 =( NAMED_UNIT ( * ) SI_UNIT ( $, .STERADIAN. ) SOLID_ANGLE_UNIT ( ) );
#3242 = SURFACE_SIDE_STYLE ('',( #1387 ) ) ;
#3243 = ORIENTED_EDGE ( 'NONE', *, *, #4246, .F. ) ;
#3244 = PLANE ( 'NONE',  #2976 ) ;
#3245 = DIRECTION ( 'NONE',  ( -0.000000000000000000, -0.000000000000000000, 1.000000000000000000 ) ) ;
#3246 = PRESENTATION_LAYER_ASSIGNMENT (  '', '', ( #829 ) ) ;
#3247 = VERTEX_POINT ( 'NONE', #2279 ) ;
#3248 = EDGE_CURVE ( 'NONE', #2349, #1020, #2301, .T. ) ;
#3249 = VECTOR ( 'NONE', #2201, 1000.000000000000000 ) ;
#3250 = LINE ( 'NONE', #3200, #806 ) ;
#3251 = FACE_OUTER_BOUND ( 'NONE', #737, .T. ) ;
#3252 = EDGE_CURVE ( 'NONE', #4487, #163, #1580, .T. ) ;
#3253 = VERTEX_POINT ( 'NONE', #1190 ) ;
#3254 = LINE ( 'NONE', #4624, #3665 ) ;
#3255 = FACE_OUTER_BOUND ( 'NONE', #57, .T. ) ;
#3257 = CARTESIAN_POINT ( 'NONE',  ( 7.726600000000005686, -3.249999999999998224, 6.000000000000000000 ) ) ;
#3256 = CARTESIAN_POINT ( 'NONE',  ( 4.257270000000004551, 2.750000000000002220, 0.8500000000000005329 ) ) ;
#3258 = LINE ( 'NONE', #7, #3110 ) ;
#3259 = LINE ( 'NONE', #4295, #1500 ) ;
#3260 = FILL_AREA_STYLE ('',( #2905 ) ) ;
#3261 = CARTESIAN_POINT ( 'NONE',  ( 6.241930000000006196, 2.759999999999998455, 6.500000000000000888 ) ) ;
#3262 = LINE ( 'NONE', #756, #102 ) ;
#3263 = DIRECTION ( 'NONE',  ( -0.000000000000000000, 1.000000000000000000, -0.000000000000000000 ) ) ;
#3264 =( NAMED_UNIT ( * ) PLANE_ANGLE_UNIT ( ) SI_UNIT ( $, .RADIAN. ) );
#3265 = DIRECTION ( 'NONE',  ( -1.000000000000000000, 0.000000000000000000, 0.000000000000000000 ) ) ;
#3266 = ORIENTED_EDGE ( 'NONE', *, *, #462, .F. ) ;
#3267 = DIRECTION ( 'NONE',  ( 1.000000000000000000, -4.482962609626237803E-16, -0.000000000000000000 ) ) ;
#3268 = CARTESIAN_POINT ( 'NONE',  ( 10.00000000000000888, -4.482962609626241747E-15, 6.000000000000000000 ) ) ;
#3269 = EDGE_LOOP ( 'NONE', ( #1950, #1461, #2693, #2339, #4079, #1163, #2269, #199, #2461, #995, #1350, #2380 ) ) ;
#3270 = MECHANICAL_DESIGN_GEOMETRIC_PRESENTATION_REPRESENTATION (  '', ( #627 ), #1616 ) ;
#3271 = PLANE ( 'NONE',  #3921 ) ;
#3272 =( NAMED_UNIT ( * ) SI_UNIT ( $, .STERADIAN. ) SOLID_ANGLE_UNIT ( ) );
#3273 = EDGE_CURVE ( 'NONE', #3451, #3938, #4429, .T. ) ;
#3274 = CARTESIAN_POINT ( 'NONE',  ( 0.5000000000000000000, 4.650000000000001243, 1.699999999999999956 ) ) ;
#3275 = ORIENTED_EDGE ( 'NONE', *, *, #4207, .F. ) ;
#3276 = CARTESIAN_POINT ( 'NONE',  ( 2.272600000000004616, 3.250000000000001776, 4.250000000000000000 ) ) ;
#3277 = CARTESIAN_POINT ( 'NONE',  ( 1.155484430000005558, -5.388295609802925378E-17, 6.000000000000000000 ) ) ;
#3278 =( GEOMETRIC_REPRESENTATION_CONTEXT ( 3 ) GLOBAL_UNCERTAINTY_ASSIGNED_CONTEXT ( ( #156 ) ) GLOBAL_UNIT_ASSIGNED_CONTEXT ( ( #110, #3650, #2550 ) ) REPRESENTATION_CONTEXT ( 'NONE', 'WORKASPACE' ) );
#3279 =( LENGTH_UNIT ( ) NAMED_UNIT ( * ) SI_UNIT ( .MILLI., .METRE. ) );
#3280 = ORIENTED_EDGE ( 'NONE', *, *, #3735, .T. ) ;
#3281 = MECHANICAL_DESIGN_GEOMETRIC_PRESENTATION_REPRESENTATION (  '', ( #1549 ), #250 ) ;
#3282 = DIRECTION ( 'NONE',  ( 0.000000000000000000, 0.000000000000000000, 1.000000000000000000 ) ) ;
#3283 = SURFACE_SIDE_STYLE ('',( #3957 ) ) ;
#3284 = VECTOR ( 'NONE', #2520, 1000.000000000000000 ) ;
#3285 = DIRECTION ( 'NONE',  ( -1.000000000000000000, 0.000000000000000000, 0.000000000000000000 ) ) ;
#3286 = VECTOR ( 'NONE', #3639, 1000.000000000000000 ) ;
#3287 = AXIS2_PLACEMENT_3D ( 'NONE', #2531, #3535, #724 ) ;
#3288 = ADVANCED_FACE ( 'NONE', ( #481 ), #1231, .T. ) ;
#3289 = EDGE_CURVE ( 'NONE', #2046, #268, #1335, .T. ) ;
#3290 = VERTEX_POINT ( 'NONE', #1711 ) ;
#3291 = CARTESIAN_POINT ( 'NONE',  ( 3.757270000000004995, 2.750000000000002220, 4.250000000000000000 ) ) ;
#3292 = ORIENTED_EDGE ( 'NONE', *, *, #269, .T. ) ;
#3293 = LINE ( 'NONE', #38, #1158 ) ;
#3294 = PRESENTATION_LAYER_ASSIGNMENT (  '', '', ( #4127 ) ) ;
#3295 = ORIENTED_EDGE ( 'NONE', *, *, #3640, .F. ) ;
#3296 = DIRECTION ( 'NONE',  ( 0.000000000000000000, 0.000000000000000000, 1.000000000000000000 ) ) ;
#3298 = DIRECTION ( 'NONE',  ( 1.000000000000000000, -0.000000000000000000, -0.000000000000000000 ) ) ;
#3297 = CARTESIAN_POINT ( 'NONE',  ( 1.772600000000004838, 3.250000000000002220, 4.250000000000000000 ) ) ;
#3299 = STYLED_ITEM ( 'NONE', ( #331 ), #1128 ) ;
#3300 =( LENGTH_UNIT ( ) NAMED_UNIT ( * ) SI_UNIT ( .MILLI., .METRE. ) );
#3301 = PRESENTATION_STYLE_ASSIGNMENT (( #4380 ) ) ;
#3302 = SURFACE_SIDE_STYLE ('',( #753 ) ) ;
#3303 = DIRECTION ( 'NONE',  ( -1.000000000000000000, 0.000000000000000000, 0.000000000000000000 ) ) ;
#3304 = DIRECTION ( 'NONE',  ( -0.000000000000000000, 1.000000000000000000, -0.000000000000000000 ) ) ;
#3305 = SURFACE_SIDE_STYLE ('',( #1878 ) ) ;
#3306 = MECHANICAL_DESIGN_GEOMETRIC_PRESENTATION_REPRESENTATION (  '', ( #3083 ), #1281 ) ;
#3307 = VECTOR ( 'NONE', #2436, 1000.000000000000000 ) ;
#3308 = CARTESIAN_POINT ( 'NONE',  ( 7.726600000000005686, 0.000000000000000000, 5.500000000000000000 ) ) ;
#3309 = SURFACE_SIDE_STYLE ('',( #1884 ) ) ;
#3310 = EDGE_LOOP ( 'NONE', ( #3810, #304, #2332, #788 ) ) ;
#3311 = LINE ( 'NONE', #4373, #3375 ) ;
#3312 = EDGE_CURVE ( 'NONE', #3550, #425, #2047, .T. ) ;
#3313 = CARTESIAN_POINT ( 'NONE',  ( 9.500000000000008882, 4.150000000000001243, 4.250000000000000000 ) ) ;
#3314 = PRESENTATION_LAYER_ASSIGNMENT (  '', '', ( #679 ) ) ;
#3315 = FACE_OUTER_BOUND ( 'NONE', #2936, .T. ) ;
#3316 = ORIENTED_EDGE ( 'NONE', *, *, #1263, .T. ) ;
#3317 = PLANE ( 'NONE',  #4512 ) ;
#3318 = DIRECTION ( 'NONE',  ( -1.000000000000000000, -0.000000000000000000, -0.000000000000000000 ) ) ;
#3319 =( GEOMETRIC_REPRESENTATION_CONTEXT ( 3 ) GLOBAL_UNCERTAINTY_ASSIGNED_CONTEXT ( ( #3322 ) ) GLOBAL_UNIT_ASSIGNED_CONTEXT ( ( #826, #807, #121 ) ) REPRESENTATION_CONTEXT ( 'NONE', 'WORKASPACE' ) );
#3320 = MECHANICAL_DESIGN_GEOMETRIC_PRESENTATION_REPRESENTATION (  '', ( #1075 ), #3940 ) ;
#3321 = SURFACE_SIDE_STYLE ('',( #498 ) ) ;
#3322 = UNCERTAINTY_MEASURE_WITH_UNIT (LENGTH_MEASURE( 1.000000000000000082E-05 ), #826, 'distance_accuracy_value', 'NONE');
#3323 = DIRECTION ( 'NONE',  ( 0.000000000000000000, 0.000000000000000000, -1.000000000000000000 ) ) ;
#3324 =( GEOMETRIC_REPRESENTATION_CONTEXT ( 3 ) GLOBAL_UNCERTAINTY_ASSIGNED_CONTEXT ( ( #327 ) ) GLOBAL_UNIT_ASSIGNED_CONTEXT ( ( #4430, #1213, #876 ) ) REPRESENTATION_CONTEXT ( 'NONE', 'WORKASPACE' ) );
#3325 = PRESENTATION_LAYER_ASSIGNMENT (  '', '', ( #1759 ) ) ;
#3326 = DIRECTION ( 'NONE',  ( -1.000000000000000000, 8.673617379884027583E-16, -0.000000000000000000 ) ) ;
#3327 = CARTESIAN_POINT ( 'NONE',  ( 8.272600000000004172, 2.759999999999998455, 6.500000000000000888 ) ) ;
#3328 = SURFACE_STYLE_FILL_AREA ( #485 ) ;
#3329 = LINE ( 'NONE', #782, #2582 ) ;
#3330 = SURFACE_STYLE_FILL_AREA ( #3070 ) ;
#3331 = AXIS2_PLACEMENT_3D ( 'NONE', #266, #3520, #4577 ) ;
#3332 = ADVANCED_FACE ( 'NONE', ( #3801 ), #610, .F. ) ;
#3333 = CARTESIAN_POINT ( 'NONE',  ( 10.00000000000000000, 4.650000000000001243, 0.000000000000000000 ) ) ;
#3334 = SURFACE_STYLE_USAGE ( .BOTH. , #172 ) ;
#3335 = VECTOR ( 'NONE', #3837, 1000.000000000000000 ) ;
#3336 = ORIENTED_EDGE ( 'NONE', *, *, #3090, .F. ) ;
#3337 =( NAMED_UNIT ( * ) SI_UNIT ( $, .STERADIAN. ) SOLID_ANGLE_UNIT ( ) );
#3338 = CARTESIAN_POINT ( 'NONE',  ( 6.241930000000005307, 2.750000000000002220, 0.8500000000000005329 ) ) ;
#3339 = DIRECTION ( 'NONE',  ( 1.000000000000000000, 0.000000000000000000, 0.000000000000000000 ) ) ;
#3340 = VERTEX_POINT ( 'NONE', #1006 ) ;
#3341 = PLANE ( 'NONE',  #4365 ) ;
#3342 = CARTESIAN_POINT ( 'NONE',  ( 7.726600000000005686, 2.759999999999998455, 6.500000000000000888 ) ) ;
#3343 = LINE ( 'NONE', #3745, #3859 ) ;
#3344 = COLOUR_RGB ( '',1.000000000000000000, 1.000000000000000000, 1.000000000000000000 ) ;
#3345 = STYLED_ITEM ( 'NONE', ( #267 ), #574 ) ;
#3346 =( NAMED_UNIT ( * ) SI_UNIT ( $, .STERADIAN. ) SOLID_ANGLE_UNIT ( ) );
#3347 = DIRECTION ( 'NONE',  ( -1.000000000000000000, -0.000000000000000000, -0.000000000000000000 ) ) ;
#3348 = CARTESIAN_POINT ( 'NONE',  ( 7.726600000000005686, 3.250000000000001332, 0.8500000000000005329 ) ) ;
#3349 = AXIS2_PLACEMENT_3D ( 'NONE', #2565, #2158, #417 ) ;
#3350 = VECTOR ( 'NONE', #4243, 1000.000000000000000 ) ;
#3351 = CARTESIAN_POINT ( 'NONE',  ( 8.843715570000004078, 0.000000000000000000, 5.500000000000000000 ) ) ;
#3352 = COLOUR_RGB ( '',1.000000000000000000, 0.8941176470588234615, 0.1058823529411764691 ) ;
#3353 = CARTESIAN_POINT ( 'NONE',  ( 7.726600000000005686, -3.249999999999998224, 6.000000000000000000 ) ) ;
#3354 = SURFACE_STYLE_USAGE ( .BOTH. , #2314 ) ;
#3355 =( GEOMETRIC_REPRESENTATION_CONTEXT ( 3 ) GLOBAL_UNCERTAINTY_ASSIGNED_CONTEXT ( ( #2666 ) ) GLOBAL_UNIT_ASSIGNED_CONTEXT ( ( #145, #4481, #1264 ) ) REPRESENTATION_CONTEXT ( 'NONE', 'WORKASPACE' ) );
#3356 = VERTEX_POINT ( 'NONE', #4572 ) ;
#3357 = SURFACE_STYLE_FILL_AREA ( #81 ) ;
#3358 = CARTESIAN_POINT ( 'NONE',  ( 7.726600000000005686, -3.249999999999998224, 6.500000000000000888 ) ) ;
#3359 = EDGE_CURVE ( 'NONE', #268, #917, #956, .T. ) ;
#3360 = DIRECTION ( 'NONE',  ( 0.000000000000000000, 1.000000000000000000, -4.336808689942016257E-16 ) ) ;
#3361 = ORIENTED_EDGE ( 'NONE', *, *, #4459, .F. ) ;
#3362 = DIRECTION ( 'NONE',  ( -1.000000000000000000, 8.673617379884027583E-16, 0.000000000000000000 ) ) ;
#3363 = FACE_OUTER_BOUND ( 'NONE', #2897, .T. ) ;
#3364 =( NAMED_UNIT ( * ) PLANE_ANGLE_UNIT ( ) SI_UNIT ( $, .RADIAN. ) );
#3365 = UNCERTAINTY_MEASURE_WITH_UNIT (LENGTH_MEASURE( 1.000000000000000082E-05 ), #3494, 'distance_accuracy_value', 'NONE');
#3366 = CARTESIAN_POINT ( 'NONE',  ( 0.000000000000000000, 0.000000000000000000, 0.000000000000000000 ) ) ;
#3367 = CARTESIAN_POINT ( 'NONE',  ( 4.257270000000004551, 2.750000000000002220, 0.8500000000000005329 ) ) ;
#3368 = VECTOR ( 'NONE', #3634, 1000.000000000000000 ) ;
#3370 = DIRECTION ( 'NONE',  ( -1.000000000000000000, 0.000000000000000000, 0.000000000000000000 ) ) ;
#3369 = LINE ( 'NONE', #3703, #2127 ) ;
#3371 = ORIENTED_EDGE ( 'NONE', *, *, #2111, .T. ) ;
#3372 = FILL_AREA_STYLE ('',( #3400 ) ) ;
#3373 = CARTESIAN_POINT ( 'NONE',  ( 7.726600000000005686, -3.249999999999998224, 6.000000000000000000 ) ) ;
#3374 = ORIENTED_EDGE ( 'NONE', *, *, #4230, .T. ) ;
#3375 = VECTOR ( 'NONE', #1912, 1000.000000000000000 ) ;
#3376 = COLOUR_RGB ( '',1.000000000000000000, 0.8941176470588234615, 0.1058823529411764691 ) ;
#3377 = SURFACE_STYLE_USAGE ( .BOTH. , #1952 ) ;
#3378 = CARTESIAN_POINT ( 'NONE',  ( 0.000000000000000000, -3.249999999999998224, 0.000000000000000000 ) ) ;
#3379 = FACE_OUTER_BOUND ( 'NONE', #2572, .T. ) ;
#3380 = EDGE_LOOP ( 'NONE', ( #2509, #1917, #1005, #2089 ) ) ;
#3381 = SURFACE_SIDE_STYLE ('',( #3357 ) ) ;
#3382 =( LENGTH_UNIT ( ) NAMED_UNIT ( * ) SI_UNIT ( .MILLI., .METRE. ) );
#3383 = FILL_AREA_STYLE ('',( #3007 ) ) ;
#3384 = EDGE_CURVE ( 'NONE', #2349, #4172, #3492, .T. ) ;
#3385 = ORIENTED_EDGE ( 'NONE', *, *, #3964, .F. ) ;
#3386 = FILL_AREA_STYLE ('',( #1511 ) ) ;
#3387 = CARTESIAN_POINT ( 'NONE',  ( 9.500000000000008882, 2.450000000000001066, 2.694222958124176513E-16 ) ) ;
#3388 = FACE_OUTER_BOUND ( 'NONE', #2784, .T. ) ;
#3389 = UNCERTAINTY_MEASURE_WITH_UNIT (LENGTH_MEASURE( 1.000000000000000082E-05 ), #136, 'distance_accuracy_value', 'NONE');
#3390 = DIRECTION ( 'NONE',  ( 0.000000000000000000, -0.000000000000000000, -1.000000000000000000 ) ) ;
#3391 = FACE_OUTER_BOUND ( 'NONE', #1956, .T. ) ;
#3392 = EDGE_CURVE ( 'NONE', #149, #1943, #2442, .T. ) ;
#3393 =( GEOMETRIC_REPRESENTATION_CONTEXT ( 3 ) GLOBAL_UNCERTAINTY_ASSIGNED_CONTEXT ( ( #1205 ) ) GLOBAL_UNIT_ASSIGNED_CONTEXT ( ( #3618, #3264, #3542 ) ) REPRESENTATION_CONTEXT ( 'NONE', 'WORKASPACE' ) );
#3394 = VERTEX_POINT ( 'NONE', #3449 ) ;
#3395 = DIRECTION ( 'NONE',  ( -1.000000000000000000, 0.000000000000000000, 0.000000000000000000 ) ) ;
#3396 = STYLED_ITEM ( 'NONE', ( #4196 ), #192 ) ;
#3398 = CARTESIAN_POINT ( 'NONE',  ( 6.241930000000005307, -3.249999999999998224, 6.500000000000000888 ) ) ;
#3397 = LINE ( 'NONE', #118, #4668 ) ;
#3399 = EDGE_LOOP ( 'NONE', ( #2800, #962, #1710, #162 ) ) ;
#3400 = FILL_AREA_STYLE_COLOUR ( '', #920 ) ;
#3401 = VECTOR ( 'NONE', #854, 1000.000000000000000 ) ;
#3402 = VECTOR ( 'NONE', #2903, 1000.000000000000000 ) ;
#3403 = ORIENTED_EDGE ( 'NONE', *, *, #1837, .T. ) ;
#3404 = ORIENTED_EDGE ( 'NONE', *, *, #415, .T. ) ;
#3405 = EDGE_CURVE ( 'NONE', #4137, #3416, #4599, .T. ) ;
#3406 = ORIENTED_EDGE ( 'NONE', *, *, #888, .F. ) ;
#3407 = VECTOR ( 'NONE', #2437, 1000.000000000000000 ) ;
#3408 = EDGE_CURVE ( 'NONE', #3184, #3764, #2095, .T. ) ;
#3409 = VERTEX_POINT ( 'NONE', #2462 ) ;
#3410 = CARTESIAN_POINT ( 'NONE',  ( 8.272600000000004172, 2.759999999999998455, 6.500000000000000888 ) ) ;
#3411 = CARTESIAN_POINT ( 'NONE',  ( 3.757270000000004995, -3.249999999999998224, 6.000000000000000000 ) ) ;
#3412 = PRESENTATION_STYLE_ASSIGNMENT (( #527 ) ) ;
#3413 = EDGE_CURVE ( 'NONE', #3657, #1719, #2399, .T. ) ;
#3414 = UNCERTAINTY_MEASURE_WITH_UNIT (LENGTH_MEASURE( 1.000000000000000082E-05 ), #2545, 'distance_accuracy_value', 'NONE');
#3415 = DIRECTION ( 'NONE',  ( 0.000000000000000000, 0.000000000000000000, -1.000000000000000000 ) ) ;
#3416 = VERTEX_POINT ( 'NONE', #1691 ) ;
#3417 = LINE ( 'NONE', #161, #1633 ) ;
#3419 = PRESENTATION_STYLE_ASSIGNMENT (( #4132 ) ) ;
#3418 = LINE ( 'NONE', #505, #3616 ) ;
#3420 = ORIENTED_EDGE ( 'NONE', *, *, #167, .T. ) ;
#3421 = DIRECTION ( 'NONE',  ( 0.000000000000000000, -1.000000000000000000, 0.000000000000000000 ) ) ;
#3422 =( NAMED_UNIT ( * ) SI_UNIT ( $, .STERADIAN. ) SOLID_ANGLE_UNIT ( ) );
#3423 = ORIENTED_EDGE ( 'NONE', *, *, #547, .T. ) ;
#3424 = VECTOR ( 'NONE', #722, 1000.000000000000000 ) ;
#3425 = CARTESIAN_POINT ( 'NONE',  ( 8.500000000000005329, 4.150000000000001243, 1.700000000000006839 ) ) ;
#3426 = FACE_OUTER_BOUND ( 'NONE', #3740, .T. ) ;
#3427 = CARTESIAN_POINT ( 'NONE',  ( 0.5000000000000000000, 4.650000000000001243, 3.700000000000000178 ) ) ;
#3428 = ORIENTED_EDGE ( 'NONE', *, *, #1617, .F. ) ;
#3429 = SURFACE_STYLE_FILL_AREA ( #3050 ) ;
#3430 = COLOUR_RGB ( '',1.000000000000000000, 1.000000000000000000, 1.000000000000000000 ) ;
#3431 = EDGE_CURVE ( 'NONE', #2337, #3104, #3417, .T. ) ;
#3432 = ADVANCED_FACE ( 'NONE', ( #1284 ), #4651, .T. ) ;
#3433 = EDGE_CURVE ( 'NONE', #36, #4517, #305, .T. ) ;
#3434 = VECTOR ( 'NONE', #2532, 1000.000000000000000 ) ;
#3435 = ORIENTED_EDGE ( 'NONE', *, *, #1000, .T. ) ;
#3436 = ORIENTED_EDGE ( 'NONE', *, *, #934, .F. ) ;
#3437 =( NAMED_UNIT ( * ) SI_UNIT ( $, .STERADIAN. ) SOLID_ANGLE_UNIT ( ) );
#3438 =( GEOMETRIC_REPRESENTATION_CONTEXT ( 3 ) GLOBAL_UNCERTAINTY_ASSIGNED_CONTEXT ( ( #4002 ) ) GLOBAL_UNIT_ASSIGNED_CONTEXT ( ( #1978, #1320, #1344 ) ) REPRESENTATION_CONTEXT ( 'NONE', 'WORKASPACE' ) );
#3439 = VECTOR ( 'NONE', #70, 1000.000000000000000 ) ;
#3440 = VECTOR ( 'NONE', #535, 1000.000000000000000 ) ;
#3441 = EDGE_LOOP ( 'NONE', ( #1009, #4169, #2119, #2762 ) ) ;
#3442 = FILL_AREA_STYLE_COLOUR ( '', #1654 ) ;
#3443 =( LENGTH_UNIT ( ) NAMED_UNIT ( * ) SI_UNIT ( .MILLI., .METRE. ) );
#3444 = CARTESIAN_POINT ( 'NONE',  ( 0.000000000000000000, 4.150000000000001243, 5.299999999999999822 ) ) ;
#3445 = FILL_AREA_STYLE_COLOUR ( '', #1219 ) ;
#3446 = VECTOR ( 'NONE', #1844, 1000.000000000000000 ) ;
#3447 = FILL_AREA_STYLE ('',( #2440 ) ) ;
#3448 = ORIENTED_EDGE ( 'NONE', *, *, #4661, .F. ) ;
#3449 = CARTESIAN_POINT ( 'NONE',  ( 5.124814430000006027, -2.297435147096302602E-15, 5.500000000000000000 ) ) ;
#3450 = LINE ( 'NONE', #1286, #3440 ) ;
#3451 = VERTEX_POINT ( 'NONE', #2120 ) ;
#3452 =( NAMED_UNIT ( * ) SI_UNIT ( $, .STERADIAN. ) SOLID_ANGLE_UNIT ( ) );
#3453 = ORIENTED_EDGE ( 'NONE', *, *, #1977, .F. ) ;
#3454 = FILL_AREA_STYLE ('',( #570 ) ) ;
#3455 = LINE ( 'NONE', #4557, #4042 ) ;
#3456 = EDGE_LOOP ( 'NONE', ( #4542, #1969, #3972, #3572 ) ) ;
#3457 =( GEOMETRIC_REPRESENTATION_CONTEXT ( 3 ) GLOBAL_UNCERTAINTY_ASSIGNED_CONTEXT ( ( #2016 ) ) GLOBAL_UNIT_ASSIGNED_CONTEXT ( ( #4435, #4414, #1908 ) ) REPRESENTATION_CONTEXT ( 'NONE', 'WORKASPACE' ) );
#3458 = EDGE_CURVE ( 'NONE', #2523, #2064, #2898, .T. ) ;
#3459 = ORIENTED_EDGE ( 'NONE', *, *, #3490, .F. ) ;
#3460 = CARTESIAN_POINT ( 'NONE',  ( 1.772600000000004838, 2.750000000000002220, 6.750000000000000888 ) ) ;
#3461 = ORIENTED_EDGE ( 'NONE', *, *, #3932, .T. ) ;
#3462 = SURFACE_STYLE_FILL_AREA ( #974 ) ;
#3463 = AXIS2_PLACEMENT_3D ( 'NONE', #2048, #611, #1336 ) ;
#3464 = ORIENTED_EDGE ( 'NONE', *, *, #1659, .F. ) ;
#3465 = AXIS2_PLACEMENT_3D ( 'NONE', #719, #3198, #1391 ) ;
#3466 = DIRECTION ( 'NONE',  ( 1.000000000000000000, 0.000000000000000000, 0.000000000000000000 ) ) ;
#3467 = ADVANCED_FACE ( 'NONE', ( #2924 ), #3924, .F. ) ;
#3468 = DIRECTION ( 'NONE',  ( -0.000000000000000000, -0.000000000000000000, 1.000000000000000000 ) ) ;
#3469 = CARTESIAN_POINT ( 'NONE',  ( 1.772600000000004838, -3.249999999999998224, 6.500000000000000888 ) ) ;
#3470 = EDGE_LOOP ( 'NONE', ( #1583, #655, #13, #4395, #2022, #16, #3361 ) ) ;
#3472 = DIRECTION ( 'NONE',  ( -0.000000000000000000, -1.000000000000000000, -0.000000000000000000 ) ) ;
#3471 = PRESENTATION_STYLE_ASSIGNMENT (( #1007 ) ) ;
#3473 = ORIENTED_EDGE ( 'NONE', *, *, #3001, .F. ) ;
#3474 = CARTESIAN_POINT ( 'NONE',  ( 6.241930000000005307, -3.249999999999998224, 6.000000000000000000 ) ) ;
#3475 = VERTEX_POINT ( 'NONE', #1143 ) ;
#3476 = MECHANICAL_DESIGN_GEOMETRIC_PRESENTATION_REPRESENTATION (  '', ( #4439 ), #2278 ) ;
#3477 = VECTOR ( 'NONE', #3415, 1000.000000000000000 ) ;
#3478 = EDGE_CURVE ( 'NONE', #4398, #296, #2573, .T. ) ;
#3479 = PLANE ( 'NONE',  #649 ) ;
#3480 = ORIENTED_EDGE ( 'NONE', *, *, #2731, .T. ) ;
#3481 =( GEOMETRIC_REPRESENTATION_CONTEXT ( 3 ) GLOBAL_UNCERTAINTY_ASSIGNED_CONTEXT ( ( #4263 ) ) GLOBAL_UNIT_ASSIGNED_CONTEXT ( ( #4046, #437, #3728 ) ) REPRESENTATION_CONTEXT ( 'NONE', 'WORKASPACE' ) );
#3482 = EDGE_CURVE ( 'NONE', #1752, #2186, #2473, .T. ) ;
#3483 = LINE ( 'NONE', #2678, #1954 ) ;
#3484 = VERTEX_POINT ( 'NONE', #3973 ) ;
#3485 = EDGE_LOOP ( 'NONE', ( #1624, #813, #3197, #4369 ) ) ;
#3486 = DIRECTION ( 'NONE',  ( -1.000000000000000000, -0.000000000000000000, -0.000000000000000000 ) ) ;
#3487 = LINE ( 'NONE', #3199, #769 ) ;
#3488 = CARTESIAN_POINT ( 'NONE',  ( 9.500000000000008882, 0.5000000000000000000, 4.250000000000000000 ) ) ;
#3489 = SURFACE_SIDE_STYLE ('',( #2069 ) ) ;
#3490 = EDGE_CURVE ( 'NONE', #4109, #565, #3254, .T. ) ;
#3491 = ORIENTED_EDGE ( 'NONE', *, *, #1426, .F. ) ;
#3492 = LINE ( 'NONE', #238, #714 ) ;
#3494 =( LENGTH_UNIT ( ) NAMED_UNIT ( * ) SI_UNIT ( .MILLI., .METRE. ) );
#3493 = SURFACE_SIDE_STYLE ('',( #2795 ) ) ;
#3495 = EDGE_LOOP ( 'NONE', ( #2433, #2202, #392, #3464 ) ) ;
#3496 = ORIENTED_EDGE ( 'NONE', *, *, #2750, .T. ) ;
#3497 = EDGE_CURVE ( 'NONE', #511, #4456, #1805, .T. ) ;
#3498 = AXIS2_PLACEMENT_3D ( 'NONE', #1897, #1189, #1559 ) ;
#3499 = PLANE ( 'NONE',  #3509 ) ;
#3500 = FACE_OUTER_BOUND ( 'NONE', #1427, .T. ) ;
#3501 = EDGE_LOOP ( 'NONE', ( #3651, #1682, #4474, #856 ) ) ;
#3502 = VECTOR ( 'NONE', #982, 1000.000000000000000 ) ;
#3503 = VECTOR ( 'NONE', #3588, 1000.000000000000000 ) ;
#3504 = CARTESIAN_POINT ( 'NONE',  ( 10.00000000000000000, 3.450000000000001510, 2.000000000000000444 ) ) ;
#3505 = EDGE_LOOP ( 'NONE', ( #2944, #1962, #2406, #818 ) ) ;
#3506 =( LENGTH_UNIT ( ) NAMED_UNIT ( * ) SI_UNIT ( .MILLI., .METRE. ) );
#3507 = VECTOR ( 'NONE', #4036, 1000.000000000000000 ) ;
#3508 = VERTEX_POINT ( 'NONE', #3674 ) ;
#3510 = CARTESIAN_POINT ( 'NONE',  ( 9.500000000000007105, 4.150000000000001243, 1.700000000000008615 ) ) ;
#3509 = AXIS2_PLACEMENT_3D ( 'NONE', #1645, #4139, #1698 ) ;
#3511 = SURFACE_SIDE_STYLE ('',( #1686 ) ) ;
#3512 =( GEOMETRIC_REPRESENTATION_CONTEXT ( 3 ) GLOBAL_UNCERTAINTY_ASSIGNED_CONTEXT ( ( #378 ) ) GLOBAL_UNIT_ASSIGNED_CONTEXT ( ( #1789, #3904, #292 ) ) REPRESENTATION_CONTEXT ( 'NONE', 'WORKASPACE' ) );
#3513 = STYLED_ITEM ( 'NONE', ( #2664 ), #3540 ) ;
#3514 = FILL_AREA_STYLE_COLOUR ( '', #1620 ) ;
#3515 = ORIENTED_EDGE ( 'NONE', *, *, #3231, .F. ) ;
#3516 = CARTESIAN_POINT ( 'NONE',  ( 2.272600000000004616, -3.249999999999998224, 6.500000000000000888 ) ) ;
#3517 = LINE ( 'NONE', #2511, #964 ) ;
#3519 = LINE ( 'NONE', #264, #1181 ) ;
#3518 = FILL_AREA_STYLE_COLOUR ( '', #2342 ) ;
#3520 = DIRECTION ( 'NONE',  ( -1.000000000000000000, -0.000000000000000000, -0.000000000000000000 ) ) ;
#3521 = FILL_AREA_STYLE ('',( #2100 ) ) ;
#3522 = ORIENTED_EDGE ( 'NONE', *, *, #573, .T. ) ;
#3523 = CARTESIAN_POINT ( 'NONE',  ( 5.741930000000004419, -3.249999999999998224, 6.000000000000000000 ) ) ;
#3524 = CARTESIAN_POINT ( 'NONE',  ( 10.00000000000000888, -4.482962609626241747E-15, 6.000000000000000000 ) ) ;
#3525 =( NAMED_UNIT ( * ) SI_UNIT ( $, .STERADIAN. ) SOLID_ANGLE_UNIT ( ) );
#3526 = EDGE_LOOP ( 'NONE', ( #4181, #3149, #2876, #3167 ) ) ;
#3527 = COLOUR_RGB ( '',0.9607843137254902244, 0.9098039215686274384, 0.000000000000000000 ) ;
#3528 = EDGE_LOOP ( 'NONE', ( #2445, #523, #3374, #3522 ) ) ;
#3529 = CARTESIAN_POINT ( 'NONE',  ( 5.741930000000004419, 0.000000000000000000, 5.500000000000000000 ) ) ;
#3530 = DIRECTION ( 'NONE',  ( -0.000000000000000000, -0.000000000000000000, -1.000000000000000000 ) ) ;
#3531 = COLOUR_RGB ( '',1.000000000000000000, 1.000000000000000000, 1.000000000000000000 ) ;
#3532 = FILL_AREA_STYLE ('',( #2877 ) ) ;
#3533 = COLOUR_RGB ( '',1.000000000000000000, 1.000000000000000000, 1.000000000000000000 ) ;
#3534 = ORIENTED_EDGE ( 'NONE', *, *, #1618, .T. ) ;
#3535 = DIRECTION ( 'NONE',  ( -0.000000000000000000, 0.000000000000000000, 1.000000000000000000 ) ) ;
#3536 = CARTESIAN_POINT ( 'NONE',  ( 8.272600000000004172, 3.250000000000002220, 6.009999999999997122 ) ) ;
#3537 = FILL_AREA_STYLE ('',( #2122 ) ) ;
#3538 = CARTESIAN_POINT ( 'NONE',  ( 2.272600000000004616, 2.750000000000002220, 4.250000000000000000 ) ) ;
#3539 = ORIENTED_EDGE ( 'NONE', *, *, #462, .T. ) ;
#3540 = ADVANCED_FACE ( 'NONE', ( #3741 ), #1869, .F. ) ;
#3541 = VERTEX_POINT ( 'NONE', #112 ) ;
#3542 =( NAMED_UNIT ( * ) SI_UNIT ( $, .STERADIAN. ) SOLID_ANGLE_UNIT ( ) );
#3543 = STYLED_ITEM ( 'NONE', ( #3126 ), #2704 ) ;
#3544 = DIRECTION ( 'NONE',  ( -0.000000000000000000, -0.000000000000000000, 1.000000000000000000 ) ) ;
#3545 = ORIENTED_EDGE ( 'NONE', *, *, #1890, .F. ) ;
#3546 = FILL_AREA_STYLE_COLOUR ( '', #2465 ) ;
#3547 = PRESENTATION_LAYER_ASSIGNMENT (  '', '', ( #686 ) ) ;
#3548 = AXIS2_PLACEMENT_3D ( 'NONE', #1346, #1033, #3882 ) ;
#3549 = EDGE_CURVE ( 'NONE', #3475, #565, #450, .T. ) ;
#3550 = VERTEX_POINT ( 'NONE', #495 ) ;
#3551 = LINE ( 'NONE', #1115, #4278 ) ;
#3552 = EDGE_CURVE ( 'NONE', #268, #2675, #2770, .T. ) ;
#3553 = LINE ( 'NONE', #1061, #73 ) ;
#3554 = VECTOR ( 'NONE', #3069, 1000.000000000000000 ) ;
#3555 = PRESENTATION_LAYER_ASSIGNMENT (  '', '', ( #1527 ) ) ;
#3556 = CARTESIAN_POINT ( 'NONE',  ( 0.000000000000000000, 4.150000000000001243, 0.000000000000000000 ) ) ;
#3557 = ORIENTED_EDGE ( 'NONE', *, *, #1141, .T. ) ;
#3558 = ADVANCED_FACE ( 'NONE', ( #2989 ), #3317, .F. ) ;
#3559 = ADVANCED_FACE ( 'NONE', ( #1532 ), #3341, .F. ) ;
#3560 = CARTESIAN_POINT ( 'NONE',  ( 5.741930000000004419, 2.760000000000002007, 6.010000000000000675 ) ) ;
#3561 = DIRECTION ( 'NONE',  ( 1.000000000000000000, -0.000000000000000000, -0.000000000000000000 ) ) ;
#3562 = LINE ( 'NONE', #3257, #2913 ) ;
#3563 = UNCERTAINTY_MEASURE_WITH_UNIT (LENGTH_MEASURE( 1.000000000000000082E-05 ), #2992, 'distance_accuracy_value', 'NONE');
#3564 = FACE_OUTER_BOUND ( 'NONE', #3163, .T. ) ;
#3565 = CARTESIAN_POINT ( 'NONE',  ( 3.757270000000004995, -3.249999999999998224, 6.500000000000000888 ) ) ;
#3566 =( NAMED_UNIT ( * ) PLANE_ANGLE_UNIT ( ) SI_UNIT ( $, .RADIAN. ) );
#3567 =( GEOMETRIC_REPRESENTATION_CONTEXT ( 3 ) GLOBAL_UNCERTAINTY_ASSIGNED_CONTEXT ( ( #1166 ) ) GLOBAL_UNIT_ASSIGNED_CONTEXT ( ( #2090, #1022, #1420 ) ) REPRESENTATION_CONTEXT ( 'NONE', 'WORKASPACE' ) );
#3568 = LINE ( 'NONE', #1102, #1472 ) ;
#3569 = CARTESIAN_POINT ( 'NONE',  ( 2.889935000000004806, 0.000000000000000000, 5.500000000000000000 ) ) ;
#3570 = FILL_AREA_STYLE ('',( #3192 ) ) ;
#3571 = ADVANCED_FACE ( 'NONE', ( #550 ), #977, .F. ) ;
#3572 = ORIENTED_EDGE ( 'NONE', *, *, #4069, .T. ) ;
#3573 = CARTESIAN_POINT ( 'NONE',  ( 8.226600000000006574, 3.250000000000001332, 4.250000000000000000 ) ) ;
#3574 = CARTESIAN_POINT ( 'NONE',  ( 7.726600000000005686, 3.250000000000001332, 4.250000000000000000 ) ) ;
#3575 = EDGE_CURVE ( 'NONE', #4199, #3067, #3823, .T. ) ;
#3576 = EDGE_CURVE ( 'NONE', #282, #4670, #3846, .T. ) ;
#3577 = COLOUR_RGB ( '',1.000000000000000000, 1.000000000000000000, 1.000000000000000000 ) ;
#3578 = ORIENTED_EDGE ( 'NONE', *, *, #3482, .T. ) ;
#3579 = CARTESIAN_POINT ( 'NONE',  ( 2.272600000000004616, 0.000000000000000000, 5.500000000000000000 ) ) ;
#3580 = PRESENTATION_LAYER_ASSIGNMENT (  '', '', ( #474 ) ) ;
#3581 = PRESENTATION_STYLE_ASSIGNMENT (( #281 ) ) ;
#3582 = ORIENTED_EDGE ( 'NONE', *, *, #777, .F. ) ;
#3583 = VECTOR ( 'NONE', #2599, 1000.000000000000000 ) ;
#3584 = COLOUR_RGB ( '',1.000000000000000000, 0.8941176470588234615, 0.1058823529411764691 ) ;
#3586 =( LENGTH_UNIT ( ) NAMED_UNIT ( * ) SI_UNIT ( .MILLI., .METRE. ) );
#3585 =( NAMED_UNIT ( * ) PLANE_ANGLE_UNIT ( ) SI_UNIT ( $, .RADIAN. ) );
#3587 = DIRECTION ( 'NONE',  ( 1.000000000000000000, -0.000000000000000000, -0.000000000000000000 ) ) ;
#3588 = DIRECTION ( 'NONE',  ( 0.000000000000000000, -1.000000000000000000, 4.336808689942016257E-16 ) ) ;
#3589 = PRESENTATION_LAYER_ASSIGNMENT (  '', '', ( #2103 ) ) ;
#3590 = COLOUR_RGB ( '',1.000000000000000000, 0.8588235294117646523, 0.05882352941176470507 ) ;
#3591 = AXIS2_PLACEMENT_3D ( 'NONE', #2627, #4089, #4367 ) ;
#3592 = LINE ( 'NONE', #1499, #1703 ) ;
#3593 = PLANE ( 'NONE',  #2471 ) ;
#3594 = LINE ( 'NONE', #1478, #3936 ) ;
#3595 = EDGE_CURVE ( 'NONE', #4303, #2186, #604, .T. ) ;
#3596 = DIRECTION ( 'NONE',  ( -1.000000000000000000, 0.000000000000000000, -0.000000000000000000 ) ) ;
#3597 = ORIENTED_EDGE ( 'NONE', *, *, #372, .T. ) ;
#3598 = SURFACE_STYLE_USAGE ( .BOTH. , #2183 ) ;
#3599 = LINE ( 'NONE', #2546, #1955 ) ;
#3600 = EDGE_CURVE ( 'NONE', #4155, #2684, #4492, .T. ) ;
#3601 = PRESENTATION_LAYER_ASSIGNMENT (  '', '', ( #4581 ) ) ;
#3602 = EDGE_LOOP ( 'NONE', ( #3473, #770, #2797, #1119, #1991, #516, #1060, #3027, #3094, #1030, #4491, #1307, #3068, #2374, #3841, #2334, #2918, #4650, #3172, #2960 ) ) ;
#3603 = CARTESIAN_POINT ( 'NONE',  ( 0.000000000000000000, 0.000000000000000000, 6.000000000000000000 ) ) ;
#3604 = STYLED_ITEM ( 'NONE', ( #885 ), #3844 ) ;
#3605 = STYLED_ITEM ( 'NONE', ( #2636 ), #1058 ) ;
#3606 = PLANE ( 'NONE',  #4031 ) ;
#3607 = VECTOR ( 'NONE', #4131, 1000.000000000000000 ) ;
#3608 = ORIENTED_EDGE ( 'NONE', *, *, #1480, .F. ) ;
#3609 =( NAMED_UNIT ( * ) SI_UNIT ( $, .STERADIAN. ) SOLID_ANGLE_UNIT ( ) );
#3610 = LINE ( 'NONE', #3276, #1341 ) ;
#3611 = PRESENTATION_STYLE_ASSIGNMENT (( #1097 ) ) ;
#3612 = UNCERTAINTY_MEASURE_WITH_UNIT (LENGTH_MEASURE( 1.000000000000000082E-05 ), #3011, 'distance_accuracy_value', 'NONE');
#3613 = CARTESIAN_POINT ( 'NONE',  ( 7.726600000000005686, 2.750000000000002220, 6.750000000000000888 ) ) ;
#3614 = LINE ( 'NONE', #3238, #1704 ) ;
#3615 = PLANE ( 'NONE',  #361 ) ;
#3616 = VECTOR ( 'NONE', #871, 1000.000000000000000 ) ;
#3617 = DIRECTION ( 'NONE',  ( 1.000000000000000000, 0.000000000000000000, 0.000000000000000000 ) ) ;
#3618 =( LENGTH_UNIT ( ) NAMED_UNIT ( * ) SI_UNIT ( .MILLI., .METRE. ) );
#3619 = ADVANCED_FACE ( 'NONE', ( #1625 ), #3087, .T. ) ;
#3620 = CARTESIAN_POINT ( 'NONE',  ( 8.500000000000000000, 4.650000000000001243, 3.700000000000006839 ) ) ;
#3621 = ORIENTED_EDGE ( 'NONE', *, *, #907, .T. ) ;
#3622 = PLANE ( 'NONE',  #2142 ) ;
#3623 = EDGE_LOOP ( 'NONE', ( #443, #4051, #881, #1241 ) ) ;
#3624 = CARTESIAN_POINT ( 'NONE',  ( 6.241930000000005307, 2.750000000000002220, 0.8500000000000005329 ) ) ;
#3625 = COLOUR_RGB ( '',1.000000000000000000, 0.8509803921568627194, 0.1529411764705882470 ) ;
#3626 =( NAMED_UNIT ( * ) SI_UNIT ( $, .STERADIAN. ) SOLID_ANGLE_UNIT ( ) );
#3627 = PRESENTATION_STYLE_ASSIGNMENT (( #62 ) ) ;
#3628 = EDGE_LOOP ( 'NONE', ( #1297, #3224, #4605, #3858 ) ) ;
#3629 =( LENGTH_UNIT ( ) NAMED_UNIT ( * ) SI_UNIT ( .MILLI., .METRE. ) );
#3630 = DIRECTION ( 'NONE',  ( -0.000000000000000000, -0.000000000000000000, -1.000000000000000000 ) ) ;
#3632 = CARTESIAN_POINT ( 'NONE',  ( 8.226600000000006574, 2.750000000000001776, 0.8500000000000005329 ) ) ;
#3631 = SURFACE_STYLE_FILL_AREA ( #2231 ) ;
#3633 = CARTESIAN_POINT ( 'NONE',  ( 9.500000000000003553, 4.150000000000001243, 3.700000000000009059 ) ) ;
#3634 = DIRECTION ( 'NONE',  ( -0.000000000000000000, 1.000000000000000000, -0.000000000000000000 ) ) ;
#3635 = EDGE_CURVE ( 'NONE', #694, #3657, #347, .T. ) ;
#3636 = EDGE_CURVE ( 'NONE', #3098, #2082, #2114, .T. ) ;
#3637 = DIRECTION ( 'NONE',  ( -1.000000000000000000, 0.000000000000000000, 0.000000000000000000 ) ) ;
#3638 = FACE_OUTER_BOUND ( 'NONE', #2383, .T. ) ;
#3639 = DIRECTION ( 'NONE',  ( -0.000000000000000000, -0.000000000000000000, -1.000000000000000000 ) ) ;
#3640 = EDGE_CURVE ( 'NONE', #4238, #282, #1089, .T. ) ;
#3641 = DIRECTION ( 'NONE',  ( -0.000000000000000000, 1.000000000000000000, -0.000000000000000000 ) ) ;
#3642 = ORIENTED_EDGE ( 'NONE', *, *, #3133, .F. ) ;
#3643 = CARTESIAN_POINT ( 'NONE',  ( 9.500000000000007105, 4.150000000000001243, 1.700000000000008615 ) ) ;
#3644 = DIRECTION ( 'NONE',  ( 1.000000000000000000, -4.482962609626237803E-16, -0.000000000000000000 ) ) ;
#3645 = PRODUCT_DEFINITION_FORMATION_WITH_SPECIFIED_SOURCE ( 'ANY', '', #4300, .NOT_KNOWN. ) ;
#3646 = EDGE_LOOP ( 'NONE', ( #4133, #3193, #175, #1259, #3156, #3153, #890 ) ) ;
#3647 = SURFACE_STYLE_USAGE ( .BOTH. , #767 ) ;
#3648 = CARTESIAN_POINT ( 'NONE',  ( 3.139935000000005250, 4.150000000000001243, 5.500000000000000000 ) ) ;
#3649 = STYLED_ITEM ( 'NONE', ( #3627 ), #4657 ) ;
#3650 =( NAMED_UNIT ( * ) PLANE_ANGLE_UNIT ( ) SI_UNIT ( $, .RADIAN. ) );
#3651 = ORIENTED_EDGE ( 'NONE', *, *, #1316, .F. ) ;
#3652 =( NAMED_UNIT ( * ) SI_UNIT ( $, .STERADIAN. ) SOLID_ANGLE_UNIT ( ) );
#3653 = LINE ( 'NONE', #2990, #715 ) ;
#3655 = DIRECTION ( 'NONE',  ( -0.000000000000000000, -0.000000000000000000, -1.000000000000000000 ) ) ;
#3654 = DIRECTION ( 'NONE',  ( 0.000000000000000000, 0.000000000000000000, -1.000000000000000000 ) ) ;
#3656 = UNCERTAINTY_MEASURE_WITH_UNIT (LENGTH_MEASURE( 1.000000000000000082E-05 ), #439, 'distance_accuracy_value', 'NONE');
#3657 = VERTEX_POINT ( 'NONE', #1041 ) ;
#3658 = LINE ( 'NONE', #778, #3965 ) ;
#3659 = LINE ( 'NONE', #411, #2304 ) ;
#3660 = LINE ( 'NONE', #1876, #2184 ) ;
#3661 = VECTOR ( 'NONE', #3896, 1000.000000000000000 ) ;
#3662 = FILL_AREA_STYLE ('',( #2694 ) ) ;
#3663 = SURFACE_SIDE_STYLE ('',( #75 ) ) ;
#3664 = AXIS2_PLACEMENT_3D ( 'NONE', #434, #1971, #72 ) ;
#3665 = VECTOR ( 'NONE', #2510, 1000.000000000000000 ) ;
#3666 = LINE ( 'NONE', #3308, #4541 ) ;
#3667 = FILL_AREA_STYLE_COLOUR ( '', #4306 ) ;
#3668 =( NAMED_UNIT ( * ) SI_UNIT ( $, .STERADIAN. ) SOLID_ANGLE_UNIT ( ) );
#3669 = ORIENTED_EDGE ( 'NONE', *, *, #414, .T. ) ;
#3670 = LINE ( 'NONE', #2617, #4427 ) ;
#3671 = DIRECTION ( 'NONE',  ( 0.000000000000000000, -1.000000000000000000, 0.000000000000000000 ) ) ;
#3672 = AXIS2_PLACEMENT_3D ( 'NONE', #2580, #406, #2601 ) ;
#3673 = EDGE_LOOP ( 'NONE', ( #330, #1690, #2487, #3597 ) ) ;
#3674 = CARTESIAN_POINT ( 'NONE',  ( 0.5000000000000000000, 4.650000000000001243, 3.700000000000000178 ) ) ;
#3675 = LINE ( 'NONE', #428, #2610 ) ;
#3676 = VECTOR ( 'NONE', #3486, 1000.000000000000000 ) ;
#3677 = UNCERTAINTY_MEASURE_WITH_UNIT (LENGTH_MEASURE( 1.000000000000000082E-05 ), #779, 'distance_accuracy_value', 'NONE');
#3678 = SURFACE_SIDE_STYLE ('',( #4085 ) ) ;
#3679 = PRESENTATION_LAYER_ASSIGNMENT (  '', '', ( #1198 ) ) ;
#3680 = DIRECTION ( 'NONE',  ( -1.000000000000000000, 0.000000000000000000, 0.000000000000000000 ) ) ;
#3681 = DIRECTION ( 'NONE',  ( 1.865294060190114485E-16, -1.000000000000000000, 0.000000000000000000 ) ) ;
#3682 = PLANE ( 'NONE',  #3664 ) ;
#3683 = CARTESIAN_POINT ( 'NONE',  ( 6.241930000000005307, 2.750000000000002220, 4.250000000000000000 ) ) ;
#3684 = CARTESIAN_POINT ( 'NONE',  ( 3.757270000000007215, 3.250000000000002220, 6.009999999999997122 ) ) ;
#3685 = DIRECTION ( 'NONE',  ( -0.000000000000000000, 0.000000000000000000, -1.000000000000000000 ) ) ;
#3686 = VECTOR ( 'NONE', #284, 1000.000000000000000 ) ;
#3687 = VECTOR ( 'NONE', #2548, 1000.000000000000000 ) ;
#3688 = DIRECTION ( 'NONE',  ( -1.000000000000000000, 0.000000000000000000, 0.000000000000000000 ) ) ;
#3689 = SURFACE_SIDE_STYLE ('',( #1176 ) ) ;
#3690 = DIRECTION ( 'NONE',  ( -0.000000000000000000, 1.000000000000000000, -0.000000000000000000 ) ) ;
#3691 = VERTEX_POINT ( 'NONE', #2851 ) ;
#3692 = DIRECTION ( 'NONE',  ( -0.000000000000000000, 1.000000000000000000, -0.000000000000000000 ) ) ;
#3693 = FACE_BOUND ( 'NONE', #3121, .T. ) ;
#3694 = COLOUR_RGB ( '',1.000000000000000000, 1.000000000000000000, 1.000000000000000000 ) ;
#3695 = CARTESIAN_POINT ( 'NONE',  ( 5.741930000000004419, 2.750000000000002220, 6.750000000000000888 ) ) ;
#3696 = ORIENTED_EDGE ( 'NONE', *, *, #2969, .T. ) ;
#3697 = SURFACE_STYLE_USAGE ( .BOTH. , #4057 ) ;
#3698 = VECTOR ( 'NONE', #1951, 1000.000000000000000 ) ;
#3699 = UNCERTAINTY_MEASURE_WITH_UNIT (LENGTH_MEASURE( 1.000000000000000082E-05 ), #3724, 'distance_accuracy_value', 'NONE');
#3700 = PLANE ( 'NONE',  #2875 ) ;
#3701 = EDGE_CURVE ( 'NONE', #1137, #4027, #4335, .T. ) ;
#3702 = DIRECTION ( 'NONE',  ( -1.000000000000000000, -0.000000000000000000, -0.000000000000000000 ) ) ;
#3703 = CARTESIAN_POINT ( 'NONE',  ( 3.757270000000004995, -3.249999999999998224, 6.500000000000000888 ) ) ;
#3704 = SURFACE_STYLE_FILL_AREA ( #2240 ) ;
#3705 = DIRECTION ( 'NONE',  ( 0.000000000000000000, 0.000000000000000000, -1.000000000000000000 ) ) ;
#3706 =( GEOMETRIC_REPRESENTATION_CONTEXT ( 3 ) GLOBAL_UNCERTAINTY_ASSIGNED_CONTEXT ( ( #1534 ) ) GLOBAL_UNIT_ASSIGNED_CONTEXT ( ( #1668, #2077, #4003 ) ) REPRESENTATION_CONTEXT ( 'NONE', 'WORKASPACE' ) );
#3707 = CARTESIAN_POINT ( 'NONE',  ( 0.000000000000000000, 0.000000000000000000, 0.000000000000000000 ) ) ;
#3708 = FILL_AREA_STYLE ('',( #2290 ) ) ;
#3709 = EDGE_CURVE ( 'NONE', #2075, #4303, #3551, .T. ) ;
#3710 = STYLED_ITEM ( 'NONE', ( #673 ), #1550 ) ;
#3711 = VERTEX_POINT ( 'NONE', #1442 ) ;
#3712 = EDGE_CURVE ( 'NONE', #4483, #3340, #4643, .T. ) ;
#3713 = CARTESIAN_POINT ( 'NONE',  ( 9.500000000000007105, 4.650000000000001243, 1.700000000000008615 ) ) ;
#3714 =( LENGTH_UNIT ( ) NAMED_UNIT ( * ) SI_UNIT ( .MILLI., .METRE. ) );
#3715 = AXIS2_PLACEMENT_3D ( 'NONE', #3214, #3637, #3282 ) ;
#3716 = EDGE_LOOP ( 'NONE', ( #2551, #1065, #3127, #1289 ) ) ;
#3717 = SURFACE_SIDE_STYLE ('',( #1226 ) ) ;
#3718 = UNCERTAINTY_MEASURE_WITH_UNIT (LENGTH_MEASURE( 1.000000000000000082E-05 ), #600, 'distance_accuracy_value', 'NONE');
#3719 = FILL_AREA_STYLE ('',( #90 ) ) ;
#3720 =( GEOMETRIC_REPRESENTATION_CONTEXT ( 3 ) GLOBAL_UNCERTAINTY_ASSIGNED_CONTEXT ( ( #499 ) ) GLOBAL_UNIT_ASSIGNED_CONTEXT ( ( #2219, #1856, #755 ) ) REPRESENTATION_CONTEXT ( 'NONE', 'WORKASPACE' ) );
#3721 = VECTOR ( 'NONE', #4578, 1000.000000000000000 ) ;
#3722 = PRESENTATION_LAYER_ASSIGNMENT (  '', '', ( #15 ) ) ;
#3723 = CARTESIAN_POINT ( 'NONE',  ( 4.257270000000004551, -3.249999999999998224, 6.500000000000000888 ) ) ;
#3724 =( LENGTH_UNIT ( ) NAMED_UNIT ( * ) SI_UNIT ( .MILLI., .METRE. ) );
#3725 = ORIENTED_EDGE ( 'NONE', *, *, #4616, .F. ) ;
#3726 = PRESENTATION_STYLE_ASSIGNMENT (( #508 ) ) ;
#3727 = CARTESIAN_POINT ( 'NONE',  ( 2.272600000000004616, 3.250000000000001776, 5.500000000000000000 ) ) ;
#3728 =( NAMED_UNIT ( * ) SI_UNIT ( $, .STERADIAN. ) SOLID_ANGLE_UNIT ( ) );
#3729 = AXIS2_PLACEMENT_3D ( 'NONE', #3131, #669, #227 ) ;
#3730 = PRESENTATION_LAYER_ASSIGNMENT (  '', '', ( #251 ) ) ;
#3731 =( GEOMETRIC_REPRESENTATION_CONTEXT ( 3 ) GLOBAL_UNCERTAINTY_ASSIGNED_CONTEXT ( ( #3612 ) ) GLOBAL_UNIT_ASSIGNED_CONTEXT ( ( #3011, #551, #1574 ) ) REPRESENTATION_CONTEXT ( 'NONE', 'WORKASPACE' ) );
#3732 = MECHANICAL_DESIGN_GEOMETRIC_PRESENTATION_REPRESENTATION (  '', ( #1722 ), #480 ) ;
#3733 = PLANE ( 'NONE',  #3176 ) ;
#3734 = STYLED_ITEM ( 'NONE', ( #1079 ), #1775 ) ;
#3735 = EDGE_CURVE ( 'NONE', #624, #1987, #3226, .T. ) ;
#3736 = VERTEX_POINT ( 'NONE', #4283 ) ;
#3737 = CARTESIAN_POINT ( 'NONE',  ( 2.272600000000004616, 2.750000000000002220, 5.500000000000000000 ) ) ;
#3738 = ADVANCED_FACE ( 'NONE', ( #1021 ), #3271, .T. ) ;
#3739 =( NAMED_UNIT ( * ) PLANE_ANGLE_UNIT ( ) SI_UNIT ( $, .RADIAN. ) );
#3740 = EDGE_LOOP ( 'NONE', ( #1663, #2871, #4548, #2670 ) ) ;
#3741 = FACE_OUTER_BOUND ( 'NONE', #3032, .T. ) ;
#3742 = CARTESIAN_POINT ( 'NONE',  ( 0.5000000000000004441, 2.450000000000001066, 2.000000000000000888 ) ) ;
#3743 = DIRECTION ( 'NONE',  ( 0.000000000000000000, 1.000000000000000000, 0.000000000000000000 ) ) ;
#3744 = UNCERTAINTY_MEASURE_WITH_UNIT (LENGTH_MEASURE( 1.000000000000000082E-05 ), #2656, 'distance_accuracy_value', 'NONE');
#3745 = CARTESIAN_POINT ( 'NONE',  ( 0.5000000000000000000, 4.150000000000001243, 3.700000000000000178 ) ) ;
#3746 = COLOUR_RGB ( '',1.000000000000000000, 0.8509803921568627194, 0.1529411764705882470 ) ;
#3747 = ORIENTED_EDGE ( 'NONE', *, *, #2721, .T. ) ;
#3748 = LINE ( 'NONE', #4408, #2840 ) ;
#3750 = SURFACE_STYLE_USAGE ( .BOTH. , #4041 ) ;
#3749 = DIRECTION ( 'NONE',  ( -1.084202172485504434E-16, -0.000000000000000000, -1.000000000000000000 ) ) ;
#3751 = ORIENTED_EDGE ( 'NONE', *, *, #2091, .F. ) ;
#3752 = FACE_OUTER_BOUND ( 'NONE', #3885, .T. ) ;
#3753 = CARTESIAN_POINT ( 'NONE',  ( 0.000000000000000000, 0.000000000000000000, 4.250000000000000000 ) ) ;
#3754 = ORIENTED_EDGE ( 'NONE', *, *, #3983, .F. ) ;
#3755 = MECHANICAL_DESIGN_GEOMETRIC_PRESENTATION_REPRESENTATION (  '', ( #4664 ), #892 ) ;
#3756 = EDGE_CURVE ( 'NONE', #141, #4313, #3178, .T. ) ;
#3757 =( GEOMETRIC_REPRESENTATION_CONTEXT ( 3 ) GLOBAL_UNCERTAINTY_ASSIGNED_CONTEXT ( ( #2324 ) ) GLOBAL_UNIT_ASSIGNED_CONTEXT ( ( #4179, #2774, #2444 ) ) REPRESENTATION_CONTEXT ( 'NONE', 'WORKASPACE' ) );
#3758 = CARTESIAN_POINT ( 'NONE',  ( 6.241930000000005307, 3.250000000000001332, 6.750000000000000888 ) ) ;
#3759 = CARTESIAN_POINT ( 'NONE',  ( 1.500000000000000000, 4.150000000000001243, 1.699999999999999956 ) ) ;
#3760 = VERTEX_POINT ( 'NONE', #651 ) ;
#3761 = DIRECTION ( 'NONE',  ( -0.000000000000000000, -0.000000000000000000, -1.000000000000000000 ) ) ;
#3762 = AXIS2_PLACEMENT_3D ( 'NONE', #4292, #678, #2882 ) ;
#3763 = ADVANCED_FACE ( 'NONE', ( #4619 ), #672, .F. ) ;
#3764 = VERTEX_POINT ( 'NONE', #4052 ) ;
#3765 = DIRECTION ( 'NONE',  ( -0.000000000000000000, -0.000000000000000000, -1.000000000000000000 ) ) ;
#3766 = EDGE_LOOP ( 'NONE', ( #3448, #3791, #2891, #449 ) ) ;
#3767 = SURFACE_STYLE_FILL_AREA ( #889 ) ;
#3768 = SURFACE_SIDE_STYLE ('',( #1727 ) ) ;
#3769 = VERTEX_POINT ( 'NONE', #3737 ) ;
#3770 = LINE ( 'NONE', #4100, #1721 ) ;
#3771 = FILL_AREA_STYLE ('',( #3941 ) ) ;
#3772 =( NAMED_UNIT ( * ) SI_UNIT ( $, .STERADIAN. ) SOLID_ANGLE_UNIT ( ) );
#3773 = VECTOR ( 'NONE', #3169, 1000.000000000000000 ) ;
#3774 = ORIENTED_EDGE ( 'NONE', *, *, #3408, .F. ) ;
#3775 =( GEOMETRIC_REPRESENTATION_CONTEXT ( 3 ) GLOBAL_UNCERTAINTY_ASSIGNED_CONTEXT ( ( #2307 ) ) GLOBAL_UNIT_ASSIGNED_CONTEXT ( ( #3279, #2233, #1966 ) ) REPRESENTATION_CONTEXT ( 'NONE', 'WORKASPACE' ) );
#3776 = VECTOR ( 'NONE', #1003, 1000.000000000000000 ) ;
#3778 = CARTESIAN_POINT ( 'NONE',  ( 4.257270000000004551, 2.750000000000002220, 5.500000000000000000 ) ) ;
#3777 = CARTESIAN_POINT ( 'NONE',  ( 10.00000000000000000, 3.450000000000001510, 0.000000000000000000 ) ) ;
#3779 = ORIENTED_EDGE ( 'NONE', *, *, #3047, .F. ) ;
#3780 = STYLED_ITEM ( 'NONE', ( #509 ), #553 ) ;
#3781 = EDGE_CURVE ( 'NONE', #1999, #2615, #3311, .T. ) ;
#3782 =( NAMED_UNIT ( * ) SI_UNIT ( $, .STERADIAN. ) SOLID_ANGLE_UNIT ( ) );
#3783 = ORIENTED_EDGE ( 'NONE', *, *, #1168, .F. ) ;
#3784 = ADVANCED_FACE ( 'NONE', ( #1887 ), #1935, .F. ) ;
#3785 = MECHANICAL_DESIGN_GEOMETRIC_PRESENTATION_REPRESENTATION (  '', ( #923 ), #2951 ) ;
#3786 = DIRECTION ( 'NONE',  ( 0.000000000000000000, 1.000000000000000000, 0.000000000000000000 ) ) ;
#3787 = COLOUR_RGB ( '',0.9607843137254902244, 0.9098039215686274384, 0.000000000000000000 ) ;
#3788 =( NAMED_UNIT ( * ) PLANE_ANGLE_UNIT ( ) SI_UNIT ( $, .RADIAN. ) );
#3789 = VERTEX_POINT ( 'NONE', #789 ) ;
#3790 = VECTOR ( 'NONE', #493, 1000.000000000000000 ) ;
#3791 = ORIENTED_EDGE ( 'NONE', *, *, #708, .T. ) ;
#3792 = EDGE_LOOP ( 'NONE', ( #3943, #4249, #2447, #4339 ) ) ;
#3793 = PRESENTATION_STYLE_ASSIGNMENT (( #2926 ) ) ;
#3794 = PRESENTATION_LAYER_ASSIGNMENT (  '', '', ( #3710 ) ) ;
#3795 = ORIENTED_EDGE ( 'NONE', *, *, #1000, .F. ) ;
#3796 = PRESENTATION_STYLE_ASSIGNMENT (( #1247 ) ) ;
#3797 =( NAMED_UNIT ( * ) SI_UNIT ( $, .STERADIAN. ) SOLID_ANGLE_UNIT ( ) );
#3798 = SURFACE_STYLE_USAGE ( .BOTH. , #3511 ) ;
#3799 =( NAMED_UNIT ( * ) PLANE_ANGLE_UNIT ( ) SI_UNIT ( $, .RADIAN. ) );
#3800 = ORIENTED_EDGE ( 'NONE', *, *, #544, .T. ) ;
#3801 = FACE_OUTER_BOUND ( 'NONE', #3310, .T. ) ;
#3802 = CARTESIAN_POINT ( 'NONE',  ( 6.241930000000005307, -3.249999999999998224, 6.000000000000000000 ) ) ;
#3803 = AXIS2_PLACEMENT_3D ( 'NONE', #865, #3743, #2276 ) ;
#3804 = EDGE_LOOP ( 'NONE', ( #2706, #1355, #3371, #3696 ) ) ;
#3805 = ORIENTED_EDGE ( 'NONE', *, *, #1773, .F. ) ;
#3806 =( GEOMETRIC_REPRESENTATION_CONTEXT ( 3 ) GLOBAL_UNCERTAINTY_ASSIGNED_CONTEXT ( ( #3389 ) ) GLOBAL_UNIT_ASSIGNED_CONTEXT ( ( #136, #4128, #159 ) ) REPRESENTATION_CONTEXT ( 'NONE', 'WORKASPACE' ) );
#3807 = CARTESIAN_POINT ( 'NONE',  ( 4.257270000000004551, 2.750000000000002220, 6.750000000000000888 ) ) ;
#3808 = FILL_AREA_STYLE ('',( #2055 ) ) ;
#3809 = CARTESIAN_POINT ( 'NONE',  ( 0.5000000000000004441, 4.150000000000001243, 3.700000000000000178 ) ) ;
#3810 = ORIENTED_EDGE ( 'NONE', *, *, #913, .F. ) ;
#3811 =( LENGTH_UNIT ( ) NAMED_UNIT ( * ) SI_UNIT ( .MILLI., .METRE. ) );
#3812 = MECHANICAL_DESIGN_GEOMETRIC_PRESENTATION_REPRESENTATION (  '', ( #3201 ), #318 ) ;
#3813 = EDGE_CURVE ( 'NONE', #237, #999, #3670, .T. ) ;
#3814 =( GEOMETRIC_REPRESENTATION_CONTEXT ( 3 ) GLOBAL_UNCERTAINTY_ASSIGNED_CONTEXT ( ( #4362 ) ) GLOBAL_UNIT_ASSIGNED_CONTEXT ( ( #2072, #3999, #1186 ) ) REPRESENTATION_CONTEXT ( 'NONE', 'WORKASPACE' ) );
#3815 = PRESENTATION_LAYER_ASSIGNMENT (  '', '', ( #965 ) ) ;
#3816 = ORIENTED_EDGE ( 'NONE', *, *, #1890, .T. ) ;
#3817 = DIRECTION ( 'NONE',  ( 0.000000000000000000, 0.000000000000000000, -1.000000000000000000 ) ) ;
#3818 = VERTEX_POINT ( 'NONE', #444 ) ;
#3819 = SURFACE_SIDE_STYLE ('',( #1702 ) ) ;
#3820 = AXIS2_PLACEMENT_3D ( 'NONE', #2824, #2868, #731 ) ;
#3821 =( GEOMETRIC_REPRESENTATION_CONTEXT ( 3 ) GLOBAL_UNCERTAINTY_ASSIGNED_CONTEXT ( ( #2623 ) ) GLOBAL_UNIT_ASSIGNED_CONTEXT ( ( #2356, #3836, #2002 ) ) REPRESENTATION_CONTEXT ( 'NONE', 'WORKASPACE' ) );
#3822 = ORIENTED_EDGE ( 'NONE', *, *, #2588, .F. ) ;
#3823 = LINE ( 'NONE', #155, #3909 ) ;
#3824 = UNCERTAINTY_MEASURE_WITH_UNIT (LENGTH_MEASURE( 1.000000000000000082E-05 ), #2348, 'distance_accuracy_value', 'NONE');
#3825 =( LENGTH_UNIT ( ) NAMED_UNIT ( * ) SI_UNIT ( .MILLI., .METRE. ) );
#3826 =( LENGTH_UNIT ( ) NAMED_UNIT ( * ) SI_UNIT ( .MILLI., .METRE. ) );
#3827 = ADVANCED_FACE ( 'NONE', ( #3006 ), #4012, .F. ) ;
#3828 = FILL_AREA_STYLE_COLOUR ( '', #2088 ) ;
#3829 = ORIENTED_EDGE ( 'NONE', *, *, #2661, .T. ) ;
#3830 = PRESENTATION_STYLE_ASSIGNMENT (( #4220 ) ) ;
#3831 = EDGE_CURVE ( 'NONE', #491, #1360, #622, .T. ) ;
#3832 = SURFACE_STYLE_USAGE ( .BOTH. , #2074 ) ;
#3833 = ORIENTED_EDGE ( 'NONE', *, *, #3065, .F. ) ;
#3834 = LINE ( 'NONE', #590, #2365 ) ;
#3835 = EDGE_LOOP ( 'NONE', ( #3292, #4149, #1510, #3998 ) ) ;
#3836 =( NAMED_UNIT ( * ) PLANE_ANGLE_UNIT ( ) SI_UNIT ( $, .RADIAN. ) );
#3837 = DIRECTION ( 'NONE',  ( -0.000000000000000000, -0.000000000000000000, 1.000000000000000000 ) ) ;
#3838 = STYLED_ITEM ( 'NONE', ( #2596 ), #3763 ) ;
#3839 = ORIENTED_EDGE ( 'NONE', *, *, #232, .T. ) ;
#3840 =( GEOMETRIC_REPRESENTATION_CONTEXT ( 3 ) GLOBAL_UNCERTAINTY_ASSIGNED_CONTEXT ( ( #53 ) ) GLOBAL_UNIT_ASSIGNED_CONTEXT ( ( #2733, #2011, #1651 ) ) REPRESENTATION_CONTEXT ( 'NONE', 'WORKASPACE' ) );
#3841 = ORIENTED_EDGE ( 'NONE', *, *, #2189, .T. ) ;
#3842 = PRESENTATION_STYLE_ASSIGNMENT (( #297 ) ) ;
#3843 = STYLED_ITEM ( 'NONE', ( #2973 ), #4054 ) ;
#3844 = ADVANCED_FACE ( 'NONE', ( #1677 ), #1621, .F. ) ;
#3845 = ORIENTED_EDGE ( 'NONE', *, *, #1832, .T. ) ;
#3846 = LINE ( 'NONE', #2344, #1051 ) ;
#3847 = EDGE_CURVE ( 'NONE', #840, #2642, #3483, .T. ) ;
#3848 = PRESENTATION_STYLE_ASSIGNMENT (( #1001 ) ) ;
#3849 = DIRECTION ( 'NONE',  ( 1.000000000000000000, -8.673617379884035472E-16, 0.000000000000000000 ) ) ;
#3850 = CARTESIAN_POINT ( 'NONE',  ( 4.874800000000004907, -2.185354612940600371E-15, 5.500000000000000000 ) ) ;
#3851 = CARTESIAN_POINT ( 'NONE',  ( 4.257270000000004551, 2.750000000000002220, 4.250000000000000000 ) ) ;
#3852 = ORIENTED_EDGE ( 'NONE', *, *, #1618, .F. ) ;
#3854 = DIRECTION ( 'NONE',  ( 1.000000000000000000, 0.000000000000000000, 0.000000000000000000 ) ) ;
#3853 = LINE ( 'NONE', #3875, #4432 ) ;
#3855 = VERTEX_POINT ( 'NONE', #2034 ) ;
#3856 = UNCERTAINTY_MEASURE_WITH_UNIT (LENGTH_MEASURE( 1.000000000000000082E-05 ), #989, 'distance_accuracy_value', 'NONE');
#3857 = FACE_OUTER_BOUND ( 'NONE', #3269, .T. ) ;
#3858 = ORIENTED_EDGE ( 'NONE', *, *, #3218, .F. ) ;
#3859 = VECTOR ( 'NONE', #114, 1000.000000000000000 ) ;
#3860 = STYLED_ITEM ( 'NONE', ( #158 ), #125 ) ;
#3861 = CARTESIAN_POINT ( 'NONE',  ( 8.226600000000006574, 2.750000000000001776, 0.8500000000000005329 ) ) ;
#3862 = FILL_AREA_STYLE ('',( #2378 ) ) ;
#3863 = VECTOR ( 'NONE', #1518, 1000.000000000000000 ) ;
#3864 = ORIENTED_EDGE ( 'NONE', *, *, #2008, .F. ) ;
#3865 = DIRECTION ( 'NONE',  ( 0.000000000000000000, 0.000000000000000000, 1.000000000000000000 ) ) ;
#3866 = ORIENTED_EDGE ( 'NONE', *, *, #1892, .T. ) ;
#3867 = SURFACE_STYLE_FILL_AREA ( #602 ) ;
#3868 = ORIENTED_EDGE ( 'NONE', *, *, #4163, .F. ) ;
#3869 = COLOUR_RGB ( '',1.000000000000000000, 1.000000000000000000, 1.000000000000000000 ) ;
#3870 = FILL_AREA_STYLE ('',( #4567 ) ) ;
#3871 =( NAMED_UNIT ( * ) PLANE_ANGLE_UNIT ( ) SI_UNIT ( $, .RADIAN. ) );
#3872 = EDGE_LOOP ( 'NONE', ( #3085, #671, #2847, #1696 ) ) ;
#3873 = CARTESIAN_POINT ( 'NONE',  ( 4.874800000000004907, -2.185354612940600371E-15, 5.500000000000000000 ) ) ;
#3874 = CARTESIAN_POINT ( 'NONE',  ( 3.757270000000004995, 2.750000000000002220, 6.750000000000000888 ) ) ;
#3876 = DIRECTION ( 'NONE',  ( 0.000000000000000000, 0.000000000000000000, -1.000000000000000000 ) ) ;
#3875 = CARTESIAN_POINT ( 'NONE',  ( 3.757270000000004995, 3.250000000000001776, 0.8500000000000005329 ) ) ;
#3877 = FACE_OUTER_BOUND ( 'NONE', #4510, .T. ) ;
#3878 = CARTESIAN_POINT ( 'NONE',  ( 9.500000000000003553, 4.650000000000001243, 3.700000000000009059 ) ) ;
#3879 = ORIENTED_EDGE ( 'NONE', *, *, #2661, .F. ) ;
#3880 = DIRECTION ( 'NONE',  ( -0.000000000000000000, -0.000000000000000000, -1.000000000000000000 ) ) ;
#3881 = CARTESIAN_POINT ( 'NONE',  ( 10.00000000000000888, -4.482962609626241747E-15, 6.000000000000000000 ) ) ;
#3882 = DIRECTION ( 'NONE',  ( 1.865294060190112759E-15, -1.000000000000000000, 0.000000000000000000 ) ) ;
#3883 = VECTOR ( 'NONE', #3008, 1000.000000000000000 ) ;
#3884 = FILL_AREA_STYLE_COLOUR ( '', #1132 ) ;
#3885 = EDGE_LOOP ( 'NONE', ( #887, #2422, #1045, #2983 ) ) ;
#3886 = ORIENTED_EDGE ( 'NONE', *, *, #4289, .T. ) ;
#3887 = COLOUR_RGB ( '',1.000000000000000000, 1.000000000000000000, 1.000000000000000000 ) ;
#3888 = DIRECTION ( 'NONE',  ( -0.000000000000000000, 1.000000000000000000, -0.000000000000000000 ) ) ;
#3889 = LINE ( 'NONE', #978, #3029 ) ;
#3890 = EDGE_CURVE ( 'NONE', #4372, #933, #4146, .T. ) ;
#3891 = DIRECTION ( 'NONE',  ( 1.000000000000000000, -4.482962609626237803E-16, -0.000000000000000000 ) ) ;
#3892 = AXIS2_PLACEMENT_3D ( 'NONE', #215, #3854, #3876 ) ;
#3893 = VECTOR ( 'NONE', #3010, 1000.000000000000000 ) ;
#3894 = DIRECTION ( 'NONE',  ( -0.000000000000000000, 1.000000000000000000, 0.000000000000000000 ) ) ;
#3895 = ORIENTED_EDGE ( 'NONE', *, *, #1405, .F. ) ;
#3896 = DIRECTION ( 'NONE',  ( -1.000000000000000000, -0.000000000000000000, -0.000000000000000000 ) ) ;
#3897 = FILL_AREA_STYLE ('',( #4652 ) ) ;
#3898 = SURFACE_STYLE_FILL_AREA ( #3236 ) ;
#3899 = LINE ( 'NONE', #23, #690 ) ;
#3900 = LINE ( 'NONE', #3978, #1130 ) ;
#3901 = ORIENTED_EDGE ( 'NONE', *, *, #2061, .F. ) ;
#3902 = EDGE_LOOP ( 'NONE', ( #373, #3203, #4641, #3049 ) ) ;
#3903 = DIRECTION ( 'NONE',  ( -1.000000000000000000, -0.000000000000000000, -0.000000000000000000 ) ) ;
#3904 =( NAMED_UNIT ( * ) PLANE_ANGLE_UNIT ( ) SI_UNIT ( $, .RADIAN. ) );
#3905 = ADVANCED_FACE ( 'NONE', ( #4189 ), #517, .F. ) ;
#3906 = VECTOR ( 'NONE', #309, 1000.000000000000000 ) ;
#3907 = EDGE_CURVE ( 'NONE', #3247, #973, #4613, .T. ) ;
#3908 = APPLICATION_PROTOCOL_DEFINITION ( 'draft international standard', 'automotive_design', 1998, #76 ) ;
#3909 = VECTOR ( 'NONE', #891, 1000.000000000000000 ) ;
#3910 = DIRECTION ( 'NONE',  ( -0.000000000000000000, 1.000000000000000000, -0.000000000000000000 ) ) ;
#3911 = VECTOR ( 'NONE', #2524, 1000.000000000000000 ) ;
#3912 = EDGE_LOOP ( 'NONE', ( #4269, #4216, #763, #80, #2012, #650, #224, #4296, #1184, #2329, #2417, #3539, #2410, #1823, #1038, #898 ) ) ;
#3913 = FACE_OUTER_BOUND ( 'NONE', #4167, .T. ) ;
#3914 = COLOUR_RGB ( '',1.000000000000000000, 0.8941176470588234615, 0.1058823529411764691 ) ;
#3915 = EDGE_CURVE ( 'NONE', #4145, #4517, #2846, .T. ) ;
#3916 = ADVANCED_FACE ( 'NONE', ( #2452 ), #316, .F. ) ;
#3917 = ORIENTED_EDGE ( 'NONE', *, *, #3312, .F. ) ;
#3918 = DIRECTION ( 'NONE',  ( 0.000000000000000000, -0.000000000000000000, -1.000000000000000000 ) ) ;
#3919 = SURFACE_STYLE_FILL_AREA ( #2789 ) ;
#3920 = FILL_AREA_STYLE ('',( #1822 ) ) ;
#3921 = AXIS2_PLACEMENT_3D ( 'NONE', #17, #2812, #3918 ) ;
#3922 = SURFACE_STYLE_USAGE ( .BOTH. , #3970 ) ;
#3923 = EDGE_LOOP ( 'NONE', ( #1366, #3966, #1340, #2581 ) ) ;
#3924 = PLANE ( 'NONE',  #3287 ) ;
#3925 = SURFACE_STYLE_USAGE ( .BOTH. , #2488 ) ;
#3927 = FILL_AREA_STYLE_COLOUR ( '', #3584 ) ;
#3926 = CARTESIAN_POINT ( 'NONE',  ( 10.00000000000000000, 4.650000000000001243, 6.000000000000000000 ) ) ;
#3928 = DIRECTION ( 'NONE',  ( -0.000000000000000000, -0.000000000000000000, -1.000000000000000000 ) ) ;
#3929 = FILL_AREA_STYLE ('',( #9 ) ) ;
#3930 = ADVANCED_FACE ( 'NONE', ( #1751 ), #1458, .F. ) ;
#3931 = CARTESIAN_POINT ( 'NONE',  ( 6.859265000000005053, 0.000000000000000000, 6.000000000000000000 ) ) ;
#3932 = EDGE_CURVE ( 'NONE', #2424, #1842, #2156, .T. ) ;
#3933 = EDGE_CURVE ( 'NONE', #3253, #36, #3155, .T. ) ;
#3934 = PLANE ( 'NONE',  #919 ) ;
#3935 =( GEOMETRIC_REPRESENTATION_CONTEXT ( 3 ) GLOBAL_UNCERTAINTY_ASSIGNED_CONTEXT ( ( #333 ) ) GLOBAL_UNIT_ASSIGNED_CONTEXT ( ( #2325, #4364, #4061 ) ) REPRESENTATION_CONTEXT ( 'NONE', 'WORKASPACE' ) );
#3936 = VECTOR ( 'NONE', #360, 1000.000000000000000 ) ;
#3937 =( LENGTH_UNIT ( ) NAMED_UNIT ( * ) SI_UNIT ( .MILLI., .METRE. ) );
#3938 = VERTEX_POINT ( 'NONE', #2803 ) ;
#3939 = SURFACE_STYLE_FILL_AREA ( #764 ) ;
#3940 =( GEOMETRIC_REPRESENTATION_CONTEXT ( 3 ) GLOBAL_UNCERTAINTY_ASSIGNED_CONTEXT ( ( #3945 ) ) GLOBAL_UNIT_ASSIGNED_CONTEXT ( ( #2672, #1262, #1901 ) ) REPRESENTATION_CONTEXT ( 'NONE', 'WORKASPACE' ) );
#3941 = FILL_AREA_STYLE_COLOUR ( '', #1449 ) ;
#3942 = VECTOR ( 'NONE', #1565, 1000.000000000000000 ) ;
#3943 = ORIENTED_EDGE ( 'NONE', *, *, #568, .F. ) ;
#3944 = DIRECTION ( 'NONE',  ( -1.000000000000000000, 8.673617379884027583E-16, -0.000000000000000000 ) ) ;
#3945 = UNCERTAINTY_MEASURE_WITH_UNIT (LENGTH_MEASURE( 1.000000000000000082E-05 ), #2672, 'distance_accuracy_value', 'NONE');
#3946 = VECTOR ( 'NONE', #1496, 1000.000000000000000 ) ;
#3947 = VECTOR ( 'NONE', #4096, 1000.000000000000000 ) ;
#3948 = LINE ( 'NONE', #698, #1244 ) ;
#3949 = VERTEX_POINT ( 'NONE', #4449 ) ;
#3950 = PRESENTATION_STYLE_ASSIGNMENT (( #701 ) ) ;
#3952 = SURFACE_SIDE_STYLE ('',( #307 ) ) ;
#3951 =( LENGTH_UNIT ( ) NAMED_UNIT ( * ) SI_UNIT ( .MILLI., .METRE. ) );
#3953 = SURFACE_STYLE_USAGE ( .BOTH. , #2149 ) ;
#3954 = DIRECTION ( 'NONE',  ( 1.000000000000000000, 0.000000000000000000, 0.000000000000000000 ) ) ;
#3955 =( LENGTH_UNIT ( ) NAMED_UNIT ( * ) SI_UNIT ( .MILLI., .METRE. ) );
#3956 = MECHANICAL_DESIGN_GEOMETRIC_PRESENTATION_REPRESENTATION (  '', ( #1385 ), #3567 ) ;
#3957 = SURFACE_STYLE_FILL_AREA ( #1857 ) ;
#3958 = SURFACE_STYLE_FILL_AREA ( #3570 ) ;
#3959 = EDGE_CURVE ( 'NONE', #1667, #2064, #4064, .T. ) ;
#3960 = ORIENTED_EDGE ( 'NONE', *, *, #2305, .T. ) ;
#3961 = CARTESIAN_POINT ( 'NONE',  ( 3.139935000000005250, -1.407621120165678322E-15, 5.500000000000000000 ) ) ;
#3962 = STYLED_ITEM ( 'NONE', ( #4124 ), #4266 ) ;
#3963 = LINE ( 'NONE', #2185, #3230 ) ;
#3964 = EDGE_CURVE ( 'NONE', #902, #3107, #2626, .T. ) ;
#3965 = VECTOR ( 'NONE', #410, 1000.000000000000000 ) ;
#3966 = ORIENTED_EDGE ( 'NONE', *, *, #2779, .T. ) ;
#3967 = PRESENTATION_STYLE_ASSIGNMENT (( #2162 ) ) ;
#3968 = SURFACE_STYLE_USAGE ( .BOTH. , #4264 ) ;
#3969 = COLOUR_RGB ( '',1.000000000000000000, 1.000000000000000000, 1.000000000000000000 ) ;
#3970 = SURFACE_SIDE_STYLE ('',( #4337 ) ) ;
#3971 = VECTOR ( 'NONE', #454, 1000.000000000000000 ) ;
#3972 = ORIENTED_EDGE ( 'NONE', *, *, #883, .F. ) ;
#3973 = CARTESIAN_POINT ( 'NONE',  ( 10.00000000000000000, 4.650000000000001243, 5.299999999999999822 ) ) ;
#3974 = COLOUR_RGB ( '',1.000000000000000000, 1.000000000000000000, 1.000000000000000000 ) ;
#3975 = LINE ( 'NONE', #470, #4039 ) ;
#3976 = COLOUR_RGB ( '',1.000000000000000000, 0.8509803921568627194, 0.1529411764705882470 ) ;
#3977 = DIRECTION ( 'NONE',  ( 0.000000000000000000, 0.000000000000000000, -1.000000000000000000 ) ) ;
#3978 = CARTESIAN_POINT ( 'NONE',  ( 9.500000000000003553, 4.650000000000001243, 3.700000000000009059 ) ) ;
#3979 = CARTESIAN_POINT ( 'NONE',  ( 3.000000000000000888, 4.150000000000001243, 4.000000000000000888 ) ) ;
#3980 = COLOUR_RGB ( '',1.000000000000000000, 0.8509803921568627194, 0.1529411764705882470 ) ;
#3981 = ADVANCED_FACE ( 'NONE', ( #97 ), #1997, .F. ) ;
#3982 = AXIS2_PLACEMENT_3D ( 'NONE', #3560, #3204, #2857 ) ;
#3983 = EDGE_CURVE ( 'NONE', #3938, #3290, #1285, .T. ) ;
#3984 = PLANE ( 'NONE',  #2776 ) ;
#3985 = DIRECTION ( 'NONE',  ( -0.000000000000000000, 0.000000000000000000, 1.000000000000000000 ) ) ;
#3986 =( NAMED_UNIT ( * ) SI_UNIT ( $, .STERADIAN. ) SOLID_ANGLE_UNIT ( ) );
#3987 = ORIENTED_EDGE ( 'NONE', *, *, #395, .F. ) ;
#3988 = LINE ( 'NONE', #3291, #1933 ) ;
#3989 = CARTESIAN_POINT ( 'NONE',  ( 7.000000000000000888, 4.650000000000001243, 0.000000000000000000 ) ) ;
#3990 = VECTOR ( 'NONE', #356, 1000.000000000000000 ) ;
#3991 = VERTEX_POINT ( 'NONE', #3620 ) ;
#3992 =( NAMED_UNIT ( * ) SI_UNIT ( $, .STERADIAN. ) SOLID_ANGLE_UNIT ( ) );
#3993 = EDGE_CURVE ( 'NONE', #3177, #2186, #3418, .T. ) ;
#3994 =( GEOMETRIC_REPRESENTATION_CONTEXT ( 3 ) GLOBAL_UNCERTAINTY_ASSIGNED_CONTEXT ( ( #4227 ) ) GLOBAL_UNIT_ASSIGNED_CONTEXT ( ( #1487, #2270, #3337 ) ) REPRESENTATION_CONTEXT ( 'NONE', 'WORKASPACE' ) );
#3995 = STYLED_ITEM ( 'NONE', ( #3079 ), #1073 ) ;
#3996 =( NAMED_UNIT ( * ) SI_UNIT ( $, .STERADIAN. ) SOLID_ANGLE_UNIT ( ) );
#3997 = EDGE_CURVE ( 'NONE', #2751, #3855, #3369, .T. ) ;
#3998 = ORIENTED_EDGE ( 'NONE', *, *, #4674, .T. ) ;
#3999 =( NAMED_UNIT ( * ) PLANE_ANGLE_UNIT ( ) SI_UNIT ( $, .RADIAN. ) );
#4001 = CARTESIAN_POINT ( 'NONE',  ( 0.000000000000000000, 4.650000000000001243, 0.000000000000000000 ) ) ;
#4000 = DIRECTION ( 'NONE',  ( -1.865294060190113153E-15, 1.000000000000000000, -0.000000000000000000 ) ) ;
#4002 = UNCERTAINTY_MEASURE_WITH_UNIT (LENGTH_MEASURE( 1.000000000000000082E-05 ), #1978, 'distance_accuracy_value', 'NONE');
#4003 =( NAMED_UNIT ( * ) SI_UNIT ( $, .STERADIAN. ) SOLID_ANGLE_UNIT ( ) );
#4004 = PRESENTATION_STYLE_ASSIGNMENT (( #4275 ) ) ;
#4005 = LINE ( 'NONE', #1032, #1035 ) ;
#4006 = DIRECTION ( 'NONE',  ( -0.000000000000000000, -0.000000000000000000, -1.000000000000000000 ) ) ;
#4007 = EDGE_LOOP ( 'NONE', ( #676, #575, #915, #2939 ) ) ;
#4008 = FILL_AREA_STYLE_COLOUR ( '', #559 ) ;
#4009 = DIRECTION ( 'NONE',  ( -1.000000000000000000, 0.000000000000000000, -0.000000000000000000 ) ) ;
#4010 = COLOUR_RGB ( '',1.000000000000000000, 1.000000000000000000, 1.000000000000000000 ) ;
#4011 = ORIENTED_EDGE ( 'NONE', *, *, #1671, .T. ) ;
#4012 = PLANE ( 'NONE',  #113 ) ;
#4013 = VECTOR ( 'NONE', #1929, 1000.000000000000000 ) ;
#4014 = FACE_OUTER_BOUND ( 'NONE', #3495, .T. ) ;
#4015 = ORIENTED_EDGE ( 'NONE', *, *, #232, .F. ) ;
#4016 = SURFACE_SIDE_STYLE ('',( #4270 ) ) ;
#4018 = CARTESIAN_POINT ( 'NONE',  ( 0.000000000000000000, 4.650000000000001243, 0.000000000000000000 ) ) ;
#4017 = PLANE ( 'NONE',  #3762 ) ;
#4019 = SURFACE_STYLE_USAGE ( .BOTH. , #405 ) ;
#4020 = FILL_AREA_STYLE_COLOUR ( '', #4010 ) ;
#4021 = PLANE ( 'NONE',  #4077 ) ;
#4022 =( LENGTH_UNIT ( ) NAMED_UNIT ( * ) SI_UNIT ( .MILLI., .METRE. ) );
#4023 = DIRECTION ( 'NONE',  ( 1.000000000000000000, -8.673617379884035472E-16, -0.000000000000000000 ) ) ;
#4024 = MECHANICAL_DESIGN_GEOMETRIC_PRESENTATION_REPRESENTATION (  '', ( #4387 ), #2225 ) ;
#4025 = CARTESIAN_POINT ( 'NONE',  ( 7.726600000000005686, 3.250000000000001332, 0.8500000000000005329 ) ) ;
#4026 = DIRECTION ( 'NONE',  ( 0.000000000000000000, -1.000000000000000000, 0.000000000000000000 ) ) ;
#4027 = VERTEX_POINT ( 'NONE', #455 ) ;
#4028 = DIRECTION ( 'NONE',  ( -1.000000000000000000, 4.663235150475285595E-17, 0.000000000000000000 ) ) ;
#4029 = EDGE_LOOP ( 'NONE', ( #2923, #1295, #2783, #2856, #3147, #647, #2367, #1910 ) ) ;
#4030 = PRESENTATION_LAYER_ASSIGNMENT (  '', '', ( #627 ) ) ;
#4031 = AXIS2_PLACEMENT_3D ( 'NONE', #3556, #1779, #3202 ) ;
#4032 = EDGE_CURVE ( 'NONE', #3067, #491, #3397, .T. ) ;
#4033 = ORIENTED_EDGE ( 'NONE', *, *, #3232, .T. ) ;
#4034 = CARTESIAN_POINT ( 'NONE',  ( 1.772600000000004838, 3.250000000000002220, 4.250000000000000000 ) ) ;
#4036 = DIRECTION ( 'NONE',  ( -1.000000000000000000, -0.000000000000000000, -0.000000000000000000 ) ) ;
#4035 = PLANE ( 'NONE',  #3128 ) ;
#4037 = STYLED_ITEM ( 'NONE', ( #2760 ), #2425 ) ;
#4038 =( LENGTH_UNIT ( ) NAMED_UNIT ( * ) SI_UNIT ( .MILLI., .METRE. ) );
#4039 = VECTOR ( 'NONE', #177, 1000.000000000000000 ) ;
#4040 = AXIS2_PLACEMENT_3D ( 'NONE', #6, #2860, #1784 ) ;
#4041 = SURFACE_SIDE_STYLE ('',( #2974 ) ) ;
#4042 = VECTOR ( 'NONE', #2357, 1000.000000000000000 ) ;
#4043 = MECHANICAL_DESIGN_GEOMETRIC_PRESENTATION_REPRESENTATION (  '', ( #1720 ), #3821 ) ;
#4044 = CARTESIAN_POINT ( 'NONE',  ( 8.500000000000000000, 4.150000000000001243, 3.700000000000006839 ) ) ;
#4045 = SURFACE_STYLE_FILL_AREA ( #436 ) ;
#4046 =( LENGTH_UNIT ( ) NAMED_UNIT ( * ) SI_UNIT ( .MILLI., .METRE. ) );
#4047 = VECTOR ( 'NONE', #4023, 1000.000000000000000 ) ;
#4048 = PLANE ( 'NONE',  #301 ) ;
#4049 = FILL_AREA_STYLE ('',( #1240 ) ) ;
#4050 = VECTOR ( 'NONE', #3891, 1000.000000000000000 ) ;
#4051 = ORIENTED_EDGE ( 'NONE', *, *, #3152, .T. ) ;
#4052 = CARTESIAN_POINT ( 'NONE',  ( 7.109265000000005053, 4.150000000000001243, 5.500000000000000000 ) ) ;
#4053 = LINE ( 'NONE', #3313, #298 ) ;
#4054 = ADVANCED_FACE ( 'NONE', ( #1581 ), #3018, .T. ) ;
#4055 = ORIENTED_EDGE ( 'NONE', *, *, #2176, .F. ) ;
#4056 = DIRECTION ( 'NONE',  ( -1.000000000000000000, 0.000000000000000000, 0.000000000000000000 ) ) ;
#4057 = SURFACE_SIDE_STYLE ('',( #1164 ) ) ;
#4058 =( GEOMETRIC_REPRESENTATION_CONTEXT ( 3 ) GLOBAL_UNCERTAINTY_ASSIGNED_CONTEXT ( ( #1317 ) ) GLOBAL_UNIT_ASSIGNED_CONTEXT ( ( #279, #4666, #1843 ) ) REPRESENTATION_CONTEXT ( 'NONE', 'WORKASPACE' ) );
#4059 = FACE_OUTER_BOUND ( 'NONE', #1445, .T. ) ;
#4060 = VECTOR ( 'NONE', #1931, 1000.000000000000000 ) ;
#4061 =( NAMED_UNIT ( * ) SI_UNIT ( $, .STERADIAN. ) SOLID_ANGLE_UNIT ( ) );
#4062 = VECTOR ( 'NONE', #3544, 1000.000000000000000 ) ;
#4063 = EDGE_CURVE ( 'NONE', #4168, #1804, #1310, .T. ) ;
#4065 =( NAMED_UNIT ( * ) PLANE_ANGLE_UNIT ( ) SI_UNIT ( $, .RADIAN. ) );
#4064 = LINE ( 'NONE', #2652, #3607 ) ;
#4066 = FACE_BOUND ( 'NONE', #2592, .T. ) ;
#4067 = SURFACE_STYLE_USAGE ( .BOTH. , #2629 ) ;
#4068 = PRESENTATION_LAYER_ASSIGNMENT (  '', '', ( #3843 ) ) ;
#4069 = EDGE_CURVE ( 'NONE', #425, #1338, #2073, .T. ) ;
#4070 = STYLED_ITEM ( 'NONE', ( #3135 ), #3619 ) ;
#4071 = EDGE_CURVE ( 'NONE', #4027, #4205, #1665, .T. ) ;
#4072 = DIRECTION ( 'NONE',  ( 0.000000000000000000, 1.000000000000000000, -0.000000000000000000 ) ) ;
#4073 = LINE ( 'NONE', #3427, #1984 ) ;
#4074 = EDGE_LOOP ( 'NONE', ( #171, #3020, #3160, #3839 ) ) ;
#4075 =( NAMED_UNIT ( * ) SI_UNIT ( $, .STERADIAN. ) SOLID_ANGLE_UNIT ( ) );
#4076 = CARTESIAN_POINT ( 'NONE',  ( 7.109265000000005053, -3.187056917692449644E-15, 6.000000000000000000 ) ) ;
#4077 = AXIS2_PLACEMENT_3D ( 'NONE', #335, #1404, #1452 ) ;
#4078 = PRESENTATION_LAYER_ASSIGNMENT (  '', '', ( #1373 ) ) ;
#4079 = ORIENTED_EDGE ( 'NONE', *, *, #2008, .T. ) ;
#4080 = CARTESIAN_POINT ( 'NONE',  ( 3.757270000000004995, 3.250000000000001776, 4.250000000000000000 ) ) ;
#4081 = VECTOR ( 'NONE', #142, 1000.000000000000000 ) ;
#4082 = COLOUR_RGB ( '',1.000000000000000000, 1.000000000000000000, 1.000000000000000000 ) ;
#4083 = PRESENTATION_STYLE_ASSIGNMENT (( #2622 ) ) ;
#4084 = UNCERTAINTY_MEASURE_WITH_UNIT (LENGTH_MEASURE( 1.000000000000000082E-05 ), #3382, 'distance_accuracy_value', 'NONE');
#4085 = SURFACE_STYLE_FILL_AREA ( #2966 ) ;
#4086 = DIRECTION ( 'NONE',  ( -0.000000000000000000, 1.000000000000000000, 0.000000000000000000 ) ) ;
#4087 =( NAMED_UNIT ( * ) SI_UNIT ( $, .STERADIAN. ) SOLID_ANGLE_UNIT ( ) );
#4089 = DIRECTION ( 'NONE',  ( -1.000000000000000000, 0.000000000000000000, -0.000000000000000000 ) ) ;
#4088 = FILL_AREA_STYLE ('',( #4157 ) ) ;
#4090 = ADVANCED_FACE ( 'NONE', ( #958 ), #2835, .F. ) ;
#4091 = DIRECTION ( 'NONE',  ( 0.000000000000000000, 0.000000000000000000, -1.000000000000000000 ) ) ;
#4092 = EDGE_CURVE ( 'NONE', #973, #4456, #3853, .T. ) ;
#4093 = CARTESIAN_POINT ( 'NONE',  ( 8.226600000000006574, 3.250000000000001332, 5.500000000000000000 ) ) ;
#4094 = LINE ( 'NONE', #1523, #3942 ) ;
#4095 = ORIENTED_EDGE ( 'NONE', *, *, #83, .F. ) ;
#4096 = DIRECTION ( 'NONE',  ( 1.000000000000000000, 0.000000000000000000, 0.000000000000000000 ) ) ;
#4097 = PRESENTATION_STYLE_ASSIGNMENT (( #3031 ) ) ;
#4098 = MECHANICAL_DESIGN_GEOMETRIC_PRESENTATION_REPRESENTATION (  '', ( #2669 ), #2235 ) ;
#4099 = ORIENTED_EDGE ( 'NONE', *, *, #1277, .F. ) ;
#4100 = CARTESIAN_POINT ( 'NONE',  ( 1.772600000000004838, 2.750000000000002220, 4.250000000000000000 ) ) ;
#4101 = UNCERTAINTY_MEASURE_WITH_UNIT (LENGTH_MEASURE( 1.000000000000000082E-05 ), #4038, 'distance_accuracy_value', 'NONE');
#4102 =( NAMED_UNIT ( * ) SI_UNIT ( $, .STERADIAN. ) SOLID_ANGLE_UNIT ( ) );
#4103 = PLANE ( 'NONE',  #1446 ) ;
#4104 = AXIS2_PLACEMENT_3D ( 'NONE', #1874, #1516, #4383 ) ;
#4105 = COLOUR_RGB ( '',1.000000000000000000, 1.000000000000000000, 1.000000000000000000 ) ;
#4106 = FILL_AREA_STYLE ('',( #1498 ) ) ;
#4107 = VECTOR ( 'NONE', #2228, 1000.000000000000000 ) ;
#4108 =( NAMED_UNIT ( * ) SI_UNIT ( $, .STERADIAN. ) SOLID_ANGLE_UNIT ( ) );
#4109 = VERTEX_POINT ( 'NONE', #633 ) ;
#4110 = DIRECTION ( 'NONE',  ( -0.000000000000000000, 0.000000000000000000, 1.000000000000000000 ) ) ;
#4111 =( LENGTH_UNIT ( ) NAMED_UNIT ( * ) SI_UNIT ( .MILLI., .METRE. ) );
#4112 = EDGE_CURVE ( 'NONE', #364, #1315, #4574, .T. ) ;
#4113 = VECTOR ( 'NONE', #3082, 1000.000000000000000 ) ;
#4114 = COLOUR_RGB ( '',1.000000000000000000, 1.000000000000000000, 1.000000000000000000 ) ;
#4115 = EDGE_LOOP ( 'NONE', ( #2005, #2525, #1504, #3404 ) ) ;
#4116 = CARTESIAN_POINT ( 'NONE',  ( 3.757270000000004995, 2.750000000000002220, 5.500000000000000000 ) ) ;
#4117 = STYLED_ITEM ( 'NONE', ( #3950 ), #3432 ) ;
#4118 = ORIENTED_EDGE ( 'NONE', *, *, #2189, .F. ) ;
#4119 = FILL_AREA_STYLE_COLOUR ( '', #4082 ) ;
#4120 = EDGE_LOOP ( 'NONE', ( #2401, #4443, #2659, #2595 ) ) ;
#4121 = DIRECTION ( 'NONE',  ( -0.000000000000000000, 0.000000000000000000, 1.000000000000000000 ) ) ;
#4122 = CARTESIAN_POINT ( 'NONE',  ( 5.741930000000004419, -3.249999999999998224, 6.500000000000000888 ) ) ;
#4123 = ADVANCED_FACE ( 'NONE', ( #2023 ), #4626, .F. ) ;
#4124 = PRESENTATION_STYLE_ASSIGNMENT (( #2298 ) ) ;
#4125 = UNCERTAINTY_MEASURE_WITH_UNIT (LENGTH_MEASURE( 1.000000000000000082E-05 ), #1924, 'distance_accuracy_value', 'NONE');
#4126 = SURFACE_SIDE_STYLE ('',( #2369 ) ) ;
#4127 = STYLED_ITEM ( 'NONE', ( #3301 ), #808 ) ;
#4128 =( NAMED_UNIT ( * ) PLANE_ANGLE_UNIT ( ) SI_UNIT ( $, .RADIAN. ) );
#4129 = ORIENTED_EDGE ( 'NONE', *, *, #39, .F. ) ;
#4130 = LINE ( 'NONE', #847, #794 ) ;
#4132 = SURFACE_STYLE_USAGE ( .BOTH. , #1998 ) ;
#4131 = DIRECTION ( 'NONE',  ( 0.000000000000000000, -1.000000000000000000, 0.000000000000000000 ) ) ;
#4133 = ORIENTED_EDGE ( 'NONE', *, *, #1386, .F. ) ;
#4134 = CARTESIAN_POINT ( 'NONE',  ( 1.772600000000004838, -3.249999999999998224, 6.500000000000000888 ) ) ;
#4135 = CARTESIAN_POINT ( 'NONE',  ( 0.000000000000000000, 4.150000000000001243, 0.000000000000000000 ) ) ;
#4136 = LINE ( 'NONE', #3022, #1454 ) ;
#4137 = VERTEX_POINT ( 'NONE', #1144 ) ;
#4138 = MECHANICAL_DESIGN_GEOMETRIC_PRESENTATION_REPRESENTATION (  '', ( #1503 ), #4505 ) ;
#4139 = DIRECTION ( 'NONE',  ( -0.000000000000000000, 0.000000000000000000, 1.000000000000000000 ) ) ;
#4140 = FILL_AREA_STYLE_COLOUR ( '', #4642 ) ;
#4141 =( NAMED_UNIT ( * ) SI_UNIT ( $, .STERADIAN. ) SOLID_ANGLE_UNIT ( ) );
#4142 = ORIENTED_EDGE ( 'NONE', *, *, #2606, .F. ) ;
#4143 = CARTESIAN_POINT ( 'NONE',  ( 9.500000000000003553, 4.150000000000001243, 3.700000000000009059 ) ) ;
#4144 =( GEOMETRIC_REPRESENTATION_CONTEXT ( 3 ) GLOBAL_UNCERTAINTY_ASSIGNED_CONTEXT ( ( #2865 ) ) GLOBAL_UNIT_ASSIGNED_CONTEXT ( ( #4566, #2829, #3992 ) ) REPRESENTATION_CONTEXT ( 'NONE', 'WORKASPACE' ) );
#4145 = VERTEX_POINT ( 'NONE', #3256 ) ;
#4146 = LINE ( 'NONE', #3460, #2336 ) ;
#4147 = ORIENTED_EDGE ( 'NONE', *, *, #2389, .T. ) ;
#4148 = FACE_OUTER_BOUND ( 'NONE', #3646, .T. ) ;
#4149 = ORIENTED_EDGE ( 'NONE', *, *, #3847, .T. ) ;
#4150 = FILL_AREA_STYLE ('',( #1599 ) ) ;
#4151 = UNCERTAINTY_MEASURE_WITH_UNIT (LENGTH_MEASURE( 1.000000000000000082E-05 ), #2093, 'distance_accuracy_value', 'NONE');
#4152 = CARTESIAN_POINT ( 'NONE',  ( 10.00000000000000000, 3.450000000000001510, 2.000000000000000444 ) ) ;
#4153 =( NAMED_UNIT ( * ) PLANE_ANGLE_UNIT ( ) SI_UNIT ( $, .RADIAN. ) );
#4154 = VECTOR ( 'NONE', #4509, 1000.000000000000000 ) ;
#4155 = VERTEX_POINT ( 'NONE', #4344 ) ;
#4156 = CARTESIAN_POINT ( 'NONE',  ( 0.000000000000000000, 4.150000000000001243, 4.599999999999999645 ) ) ;
#4158 =( LENGTH_UNIT ( ) NAMED_UNIT ( * ) SI_UNIT ( .MILLI., .METRE. ) );
#4157 = FILL_AREA_STYLE_COLOUR ( '', #3376 ) ;
#4159 = VERTEX_POINT ( 'NONE', #5 ) ;
#4160 = PRESENTATION_LAYER_ASSIGNMENT (  '', '', ( #3780 ) ) ;
#4161 = PLANE ( 'NONE',  #2165 ) ;
#4162 = ORIENTED_EDGE ( 'NONE', *, *, #708, .F. ) ;
#4163 = EDGE_CURVE ( 'NONE', #1275, #3290, #376, .T. ) ;
#4164 = CARTESIAN_POINT ( 'NONE',  ( 6.859265000000005053, -3.074982852451793896E-15, 5.500000000000000000 ) ) ;
#4165 = CARTESIAN_POINT ( 'NONE',  ( 5.741930000000005307, 3.250000000000002220, 6.009999999999997122 ) ) ;
#4166 = CARTESIAN_POINT ( 'NONE',  ( 3.000000000000000888, 4.150000000000001243, 4.000000000000000888 ) ) ;
#4167 = EDGE_LOOP ( 'NONE', ( #275, #1134, #2793, #2544 ) ) ;
#4168 = VERTEX_POINT ( 'NONE', #725 ) ;
#4169 = ORIENTED_EDGE ( 'NONE', *, *, #2647, .F. ) ;
#4170 = VECTOR ( 'NONE', #3137, 1000.000000000000000 ) ;
#4171 = ADVANCED_FACE ( 'NONE', ( #2512 ), #4017, .F. ) ;
#4172 = VERTEX_POINT ( 'NONE', #772 ) ;
#4173 = DIRECTION ( 'NONE',  ( 0.000000000000000000, 0.000000000000000000, -1.000000000000000000 ) ) ;
#4174 = UNCERTAINTY_MEASURE_WITH_UNIT (LENGTH_MEASURE( 1.000000000000000082E-05 ), #427, 'distance_accuracy_value', 'NONE');
#4175 = LINE ( 'NONE', #4152, #1678 ) ;
#4176 = SURFACE_STYLE_FILL_AREA ( #3066 ) ;
#4177 = EDGE_LOOP ( 'NONE', ( #2226, #1084, #4630, #2373 ) ) ;
#4178 = DIRECTION ( 'NONE',  ( 1.000000000000000000, -0.000000000000000000, -0.000000000000000000 ) ) ;
#4180 = FILL_AREA_STYLE_COLOUR ( '', #1112 ) ;
#4179 =( LENGTH_UNIT ( ) NAMED_UNIT ( * ) SI_UNIT ( .MILLI., .METRE. ) );
#4181 = ORIENTED_EDGE ( 'NONE', *, *, #1348, .T. ) ;
#4182 = STYLED_ITEM ( 'NONE', ( #188 ), #599 ) ;
#4183 = VERTEX_POINT ( 'NONE', #3297 ) ;
#4184 = CIRCLE ( 'NONE', #4104, 0.4899999999999999911 ) ;
#4185 = SURFACE_STYLE_FILL_AREA ( #3454 ) ;
#4186 = ORIENTED_EDGE ( 'NONE', *, *, #1816, .F. ) ;
#4187 = MECHANICAL_DESIGN_GEOMETRIC_PRESENTATION_REPRESENTATION (  '', ( #1412 ), #2767 ) ;
#4188 = ORIENTED_EDGE ( 'NONE', *, *, #3997, .F. ) ;
#4189 = FACE_OUTER_BOUND ( 'NONE', #4513, .T. ) ;
#4190 = ORIENTED_EDGE ( 'NONE', *, *, #1348, .F. ) ;
#4191 = VECTOR ( 'NONE', #4252, 1000.000000000000000 ) ;
#4192 = VECTOR ( 'NONE', #1738, 1000.000000000000000 ) ;
#4193 = ORIENTED_EDGE ( 'NONE', *, *, #3252, .F. ) ;
#4194 = PRESENTATION_STYLE_ASSIGNMENT (( #2297 ) ) ;
#4195 = CARTESIAN_POINT ( 'NONE',  ( 10.00000000000000000, 3.450000000000001510, 0.000000000000000000 ) ) ;
#4196 = PRESENTATION_STYLE_ASSIGNMENT (( #3798 ) ) ;
#4197 = COLOUR_RGB ( '',0.9607843137254902244, 0.9098039215686274384, 0.000000000000000000 ) ;
#4198 = DIRECTION ( 'NONE',  ( -0.000000000000000000, 0.000000000000000000, 1.000000000000000000 ) ) ;
#4199 = VERTEX_POINT ( 'NONE', #4315 ) ;
#4200 = SURFACE_SIDE_STYLE ('',( #3095 ) ) ;
#4202 = CARTESIAN_POINT ( 'NONE',  ( 8.226600000000006574, 2.750000000000001776, 5.500000000000000000 ) ) ;
#4201 = DIRECTION ( 'NONE',  ( -0.000000000000000000, 1.000000000000000000, -0.000000000000000000 ) ) ;
#4203 = ORIENTED_EDGE ( 'NONE', *, *, #1803, .T. ) ;
#4204 = SURFACE_STYLE_USAGE ( .BOTH. , #4503 ) ;
#4205 = VERTEX_POINT ( 'NONE', #1122 ) ;
#4206 = VECTOR ( 'NONE', #704, 1000.000000000000000 ) ;
#4207 = EDGE_CURVE ( 'NONE', #1396, #1701, #353, .T. ) ;
#4208 = MECHANICAL_DESIGN_GEOMETRIC_PRESENTATION_REPRESENTATION (  '', ( #814 ), #3840 ) ;
#4209 =( LENGTH_UNIT ( ) NAMED_UNIT ( * ) SI_UNIT ( .MILLI., .METRE. ) );
#4210 = ORIENTED_EDGE ( 'NONE', *, *, #60, .F. ) ;
#4211 = VECTOR ( 'NONE', #3761, 1000.000000000000000 ) ;
#4212 = MECHANICAL_DESIGN_GEOMETRIC_PRESENTATION_REPRESENTATION (  '', ( #116 ), #2790 ) ;
#4213 = EDGE_LOOP ( 'NONE', ( #204, #1612, #4193, #243, #4223, #4576, #2915 ) ) ;
#4214 = FACE_OUTER_BOUND ( 'NONE', #189, .T. ) ;
#4215 = VECTOR ( 'NONE', #4201, 1000.000000000000000 ) ;
#4216 = ORIENTED_EDGE ( 'NONE', *, *, #4677, .T. ) ;
#4217 = UNCERTAINTY_MEASURE_WITH_UNIT (LENGTH_MEASURE( 1.000000000000000082E-05 ), #2150, 'distance_accuracy_value', 'NONE');
#4218 = PRESENTATION_STYLE_ASSIGNMENT (( #1354 ) ) ;
#4219 = VERTEX_POINT ( 'NONE', #1096 ) ;
#4220 = SURFACE_STYLE_USAGE ( .BOTH. , #4200 ) ;
#4221 = CARTESIAN_POINT ( 'NONE',  ( 2.889935000000004806, 4.150000000000001243, 5.500000000000000000 ) ) ;
#4222 = SURFACE_SIDE_STYLE ('',( #1741 ) ) ;
#4223 = ORIENTED_EDGE ( 'NONE', *, *, #3084, .T. ) ;
#4224 = SURFACE_STYLE_USAGE ( .BOTH. , #563 ) ;
#4225 = CARTESIAN_POINT ( 'NONE',  ( 3.000000000000000888, 4.650000000000001243, 0.000000000000000000 ) ) ;
#4226 = ORIENTED_EDGE ( 'NONE', *, *, #2887, .T. ) ;
#4227 = UNCERTAINTY_MEASURE_WITH_UNIT (LENGTH_MEASURE( 1.000000000000000082E-05 ), #1487, 'distance_accuracy_value', 'NONE');
#4228 = VECTOR ( 'NONE', #3468, 1000.000000000000000 ) ;
#4229 = PRESENTATION_LAYER_ASSIGNMENT (  '', '', ( #3860 ) ) ;
#4230 = EDGE_CURVE ( 'NONE', #571, #2075, #2576, .T. ) ;
#4231 = SURFACE_SIDE_STYLE ('',( #4583 ) ) ;
#4232 = COLOUR_RGB ( '',1.000000000000000000, 0.8588235294117646523, 0.05882352941176470507 ) ;
#4233 = ADVANCED_FACE ( 'NONE', ( #2533 ), #1826, .F. ) ;
#4234 = COLOUR_RGB ( '',0.9607843137254902244, 0.9098039215686274384, 0.000000000000000000 ) ;
#4235 = PRESENTATION_STYLE_ASSIGNMENT (( #342 ) ) ;
#4236 = ORIENTED_EDGE ( 'NONE', *, *, #3392, .T. ) ;
#4237 =( NAMED_UNIT ( * ) PLANE_ANGLE_UNIT ( ) SI_UNIT ( $, .RADIAN. ) );
#4238 = VERTEX_POINT ( 'NONE', #843 ) ;
#4239 = CARTESIAN_POINT ( 'NONE',  ( 10.00000000000000000, 4.150000000000001243, 4.599999999999999645 ) ) ;
#4240 = CARTESIAN_POINT ( 'NONE',  ( 7.726600000000005686, 2.750000000000002220, 4.250000000000000000 ) ) ;
#4241 =( NAMED_UNIT ( * ) SI_UNIT ( $, .STERADIAN. ) SOLID_ANGLE_UNIT ( ) );
#4242 = ORIENTED_EDGE ( 'NONE', *, *, #573, .F. ) ;
#4243 = DIRECTION ( 'NONE',  ( 1.000000000000000000, -0.000000000000000000, -0.000000000000000000 ) ) ;
#4244 = DIRECTION ( 'NONE',  ( 1.000000000000000000, 0.000000000000000000, 0.000000000000000000 ) ) ;
#4245 = DIRECTION ( 'NONE',  ( 0.000000000000000000, 0.000000000000000000, 1.000000000000000000 ) ) ;
#4246 = EDGE_CURVE ( 'NONE', #2675, #518, #2254, .T. ) ;
#4247 = PLANE ( 'NONE',  #2180 ) ;
#4248 = LINE ( 'NONE', #4318, #659 ) ;
#4249 = ORIENTED_EDGE ( 'NONE', *, *, #104, .T. ) ;
#4250 = EDGE_CURVE ( 'NONE', #2700, #296, #4400, .T. ) ;
#4251 = LINE ( 'NONE', #312, #3056 ) ;
#4252 = DIRECTION ( 'NONE',  ( -0.000000000000000000, 1.000000000000000000, -0.000000000000000000 ) ) ;
#4253 = ADVANCED_FACE ( 'NONE', ( #1919 ), #452, .F. ) ;
#4254 = MECHANICAL_DESIGN_GEOMETRIC_PRESENTATION_REPRESENTATION (  '', ( #2674 ), #4333 ) ;
#4255 = FILL_AREA_STYLE ('',( #3884 ) ) ;
#4256 = EDGE_LOOP ( 'NONE', ( #4637, #1024, #1221, #4011 ) ) ;
#4257 = AXIS2_PLACEMENT_3D ( 'NONE', #2388, #864, #2321 ) ;
#4258 = MECHANICAL_DESIGN_GEOMETRIC_PRESENTATION_REPRESENTATION (  '', ( #1861 ), #2097 ) ;
#4259 = ORIENTED_EDGE ( 'NONE', *, *, #1103, .F. ) ;
#4260 = VECTOR ( 'NONE', #2153, 1000.000000000000000 ) ;
#4262 = DIRECTION ( 'NONE',  ( -1.000000000000000000, 0.000000000000000000, 0.000000000000000000 ) ) ;
#4261 = PRESENTATION_LAYER_ASSIGNMENT (  '', '', ( #1720 ) ) ;
#4263 = UNCERTAINTY_MEASURE_WITH_UNIT (LENGTH_MEASURE( 1.000000000000000082E-05 ), #4046, 'distance_accuracy_value', 'NONE');
#4264 = SURFACE_SIDE_STYLE ('',( #2138 ) ) ;
#4265 = STYLED_ITEM ( 'NONE', ( #4386 ), #1932 ) ;
#4266 = ADVANCED_FACE ( 'NONE', ( #4059 ), #1964, .F. ) ;
#4267 = ADVANCED_FACE ( 'NONE', ( #3388 ), #4035, .F. ) ;
#4268 = EDGE_CURVE ( 'NONE', #4159, #3098, #3659, .T. ) ;
#4269 = ORIENTED_EDGE ( 'NONE', *, *, #3964, .T. ) ;
#4270 = SURFACE_STYLE_FILL_AREA ( #1428 ) ;
#4271 = DIRECTION ( 'NONE',  ( -1.000000000000000000, 0.000000000000000000, -1.734723475976805517E-15 ) ) ;
#4273 = PLANE ( 'NONE',  #3052 ) ;
#4272 = FILL_AREA_STYLE ('',( #1513 ) ) ;
#4274 = CARTESIAN_POINT ( 'NONE',  ( 7.726600000000005686, 2.750000000000002220, 6.000000000000000000 ) ) ;
#4275 = SURFACE_STYLE_USAGE ( .BOTH. , #380 ) ;
#4276 = LINE ( 'NONE', #2152, #2179 ) ;
#4277 = CARTESIAN_POINT ( 'NONE',  ( 1.772600000000004838, 2.760000000000002007, 6.010000000000000675 ) ) ;
#4278 = VECTOR ( 'NONE', #324, 1000.000000000000000 ) ;
#4279 = AXIS2_PLACEMENT_3D ( 'NONE', #2893, #2612, #320 ) ;
#4280 = ORIENTED_EDGE ( 'NONE', *, *, #104, .F. ) ;
#4281 =( NAMED_UNIT ( * ) PLANE_ANGLE_UNIT ( ) SI_UNIT ( $, .RADIAN. ) );
#4282 = VERTEX_POINT ( 'NONE', #2151 ) ;
#4283 = CARTESIAN_POINT ( 'NONE',  ( 1.772600000000004838, 3.250000000000002220, 5.500000000000000000 ) ) ;
#4284 = LINE ( 'NONE', #3579, #2959 ) ;
#4285 = AXIS2_PLACEMENT_3D ( 'NONE', #2420, #240, #1714 ) ;
#4286 = PRESENTATION_STYLE_ASSIGNMENT (( #3968 ) ) ;
#4287 = VECTOR ( 'NONE', #2458, 1000.000000000000000 ) ;
#4288 = LINE ( 'NONE', #1064, #1332 ) ;
#4289 = EDGE_CURVE ( 'NONE', #1818, #1608, #3568, .T. ) ;
#4290 = VERTEX_POINT ( 'NONE', #2519 ) ;
#4291 = CARTESIAN_POINT ( 'NONE',  ( 4.257270000000004551, 2.750000000000002220, 4.250000000000000000 ) ) ;
#4293 = CARTESIAN_POINT ( 'NONE',  ( 10.00000000000000000, 3.450000000000001510, 2.000000000000000444 ) ) ;
#4292 = CARTESIAN_POINT ( 'NONE',  ( 10.00000000000000888, -4.482962609626241747E-15, 6.000000000000000000 ) ) ;
#4294 = LINE ( 'NONE', #286, #3946 ) ;
#4295 = CARTESIAN_POINT ( 'NONE',  ( 8.226600000000006574, -3.249999999999998224, 6.500000000000000888 ) ) ;
#4296 = ORIENTED_EDGE ( 'NONE', *, *, #3384, .T. ) ;
#4297 = FACE_OUTER_BOUND ( 'NONE', #201, .T. ) ;
#4298 = DIRECTION ( 'NONE',  ( -0.000000000000000000, -0.000000000000000000, 1.000000000000000000 ) ) ;
#4299 = ADVANCED_FACE ( 'NONE', ( #1813 ), #357, .T. ) ;
#4300 = PRODUCT ( 'XH2.54 4P', 'XH2.54 4P', '', ( #862 ) ) ;
#4301 = VECTOR ( 'NONE', #3849, 1000.000000000000000 ) ;
#4302 = AXIS2_PLACEMENT_3D ( 'NONE', #643, #994, #2427 ) ;
#4303 = VERTEX_POINT ( 'NONE', #3261 ) ;
#4304 = CARTESIAN_POINT ( 'NONE',  ( 0.000000000000000000, 2.450000000000001066, 2.694222958124176513E-16 ) ) ;
#4305 = CARTESIAN_POINT ( 'NONE',  ( 7.000000000000000888, 4.650000000000001243, 4.000000000000000888 ) ) ;
#4306 = COLOUR_RGB ( '',1.000000000000000000, 0.8509803921568627194, 0.1529411764705882470 ) ;
#4307 = VERTEX_POINT ( 'NONE', #1147 ) ;
#4308 = ADVANCED_FACE ( 'NONE', ( #4297 ), #1455, .F. ) ;
#4309 = STYLED_ITEM ( 'NONE', ( #1145 ), #3064 ) ;
#4310 = DIRECTION ( 'NONE',  ( -0.000000000000000000, -0.000000000000000000, 1.000000000000000000 ) ) ;
#4311 = EDGE_CURVE ( 'NONE', #1597, #3789, #3592, .T. ) ;
#4312 = DIRECTION ( 'NONE',  ( -1.000000000000000000, -0.000000000000000000, -0.000000000000000000 ) ) ;
#4313 = VERTEX_POINT ( 'NONE', #337 ) ;
#4314 = PRESENTATION_STYLE_ASSIGNMENT (( #3925 ) ) ;
#4315 = CARTESIAN_POINT ( 'NONE',  ( 10.00000000000000000, 2.450000000000001066, 2.694222958124176513E-16 ) ) ;
#4316 = UNCERTAINTY_MEASURE_WITH_UNIT (LENGTH_MEASURE( 1.000000000000000082E-05 ), #2917, 'distance_accuracy_value', 'NONE');
#4317 = DIRECTION ( 'NONE',  ( 1.000000000000000000, 0.000000000000000000, 0.000000000000000000 ) ) ;
#4318 = CARTESIAN_POINT ( 'NONE',  ( 8.226600000000006574, -3.249999999999998224, 6.000000000000000000 ) ) ;
#4319 = LINE ( 'NONE', #1570, #4382 ) ;
#4320 = LINE ( 'NONE', #2586, #385 ) ;
#4321 = SURFACE_STYLE_USAGE ( .BOTH. , #3283 ) ;
#4322 = CARTESIAN_POINT ( 'NONE',  ( 6.859265000000005053, 4.150000000000001243, 6.000000000000000000 ) ) ;
#4323 = LINE ( 'NONE', #4025, #1074 ) ;
#4324 = PRESENTATION_LAYER_ASSIGNMENT (  '', '', ( #2669 ) ) ;
#4325 = EDGE_CURVE ( 'NONE', #1055, #623, #4320, .T. ) ;
#4326 = CARTESIAN_POINT ( 'NONE',  ( 3.757270000000004995, 3.250000000000001776, 0.8500000000000005329 ) ) ;
#4327 = ORIENTED_EDGE ( 'NONE', *, *, #3933, .F. ) ;
#4328 = CARTESIAN_POINT ( 'NONE',  ( 8.226600000000006574, 2.750000000000001776, 6.000000000000000000 ) ) ;
#4329 = PRESENTATION_LAYER_ASSIGNMENT (  '', '', ( #857 ) ) ;
#4330 =( GEOMETRIC_REPRESENTATION_CONTEXT ( 3 ) GLOBAL_UNCERTAINTY_ASSIGNED_CONTEXT ( ( #2076 ) ) GLOBAL_UNIT_ASSIGNED_CONTEXT ( ( #1011, #1314, #961 ) ) REPRESENTATION_CONTEXT ( 'NONE', 'WORKASPACE' ) );
#4331 = DIRECTION ( 'NONE',  ( -0.000000000000000000, -0.000000000000000000, -1.000000000000000000 ) ) ;
#4332 = ADVANCED_FACE ( 'NONE', ( #1854 ), #2625, .F. ) ;
#4333 =( GEOMETRIC_REPRESENTATION_CONTEXT ( 3 ) GLOBAL_UNCERTAINTY_ASSIGNED_CONTEXT ( ( #4151 ) ) GLOBAL_UNIT_ASSIGNED_CONTEXT ( ( #2093, #3871, #4241 ) ) REPRESENTATION_CONTEXT ( 'NONE', 'WORKASPACE' ) );
#4334 = ORIENTED_EDGE ( 'NONE', *, *, #3701, .F. ) ;
#4335 = LINE ( 'NONE', #2481, #47 ) ;
#4336 = FACE_OUTER_BOUND ( 'NONE', #2712, .T. ) ;
#4337 = SURFACE_STYLE_FILL_AREA ( #2 ) ;
#4338 = VECTOR ( 'NONE', #4556, 1000.000000000000000 ) ;
#4339 = ORIENTED_EDGE ( 'NONE', *, *, #4250, .F. ) ;
#4340 = DIRECTION ( 'NONE',  ( -0.000000000000000000, -0.000000000000000000, -1.000000000000000000 ) ) ;
#4341 = CIRCLE ( 'NONE', #4257, 0.4899999999999999911 ) ;
#4342 = CARTESIAN_POINT ( 'NONE',  ( 0.000000000000000000, 3.450000000000001510, 2.000000000000000444 ) ) ;
#4343 = MECHANICAL_DESIGN_GEOMETRIC_PRESENTATION_REPRESENTATION (  '', ( #965 ), #2978 ) ;
#4345 = LINE ( 'NONE', #3207, #3139 ) ;
#4344 = CARTESIAN_POINT ( 'NONE',  ( 8.226600000000006574, 3.250000000000002220, 6.009999999999997122 ) ) ;
#4346 = LINE ( 'NONE', #3538, #1156 ) ;
#4347 = DIRECTION ( 'NONE',  ( -1.000000000000000000, -0.000000000000000000, -0.000000000000000000 ) ) ;
#4348 = VECTOR ( 'NONE', #882, 1000.000000000000000 ) ;
#4349 =( NAMED_UNIT ( * ) PLANE_ANGLE_UNIT ( ) SI_UNIT ( $, .RADIAN. ) );
#4350 = DIRECTION ( 'NONE',  ( -1.000000000000000000, 0.000000000000000000, 0.000000000000000000 ) ) ;
#4351 = LINE ( 'NONE', #2540, #255 ) ;
#4352 = FILL_AREA_STYLE_COLOUR ( '', #4371 ) ;
#4353 = ORIENTED_EDGE ( 'NONE', *, *, #3549, .T. ) ;
#4354 = CARTESIAN_POINT ( 'NONE',  ( 0.000000000000000000, 4.650000000000001243, 5.299999999999999822 ) ) ;
#4355 = CARTESIAN_POINT ( 'NONE',  ( 0.5000000000000004441, 4.150000000000001243, 4.250000000000000000 ) ) ;
#4356 = ORIENTED_EDGE ( 'NONE', *, *, #2969, .F. ) ;
#4357 = PLANE ( 'NONE',  #2030 ) ;
#4358 = CARTESIAN_POINT ( 'NONE',  ( 6.241930000000005307, 3.250000000000001332, 5.500000000000000000 ) ) ;
#4359 = VERTEX_POINT ( 'NONE', #803 ) ;
#4360 = COLOUR_RGB ( '',1.000000000000000000, 1.000000000000000000, 1.000000000000000000 ) ;
#4361 = FILL_AREA_STYLE ('',( #45 ) ) ;
#4362 = UNCERTAINTY_MEASURE_WITH_UNIT (LENGTH_MEASURE( 1.000000000000000082E-05 ), #2072, 'distance_accuracy_value', 'NONE');
#4363 =( NAMED_UNIT ( * ) SI_UNIT ( $, .STERADIAN. ) SOLID_ANGLE_UNIT ( ) );
#4364 =( NAMED_UNIT ( * ) PLANE_ANGLE_UNIT ( ) SI_UNIT ( $, .RADIAN. ) );
#4365 = AXIS2_PLACEMENT_3D ( 'NONE', #1369, #2040, #1706 ) ;
#4366 =( NAMED_UNIT ( * ) PLANE_ANGLE_UNIT ( ) SI_UNIT ( $, .RADIAN. ) );
#4367 = DIRECTION ( 'NONE',  ( -0.000000000000000000, 0.000000000000000000, 1.000000000000000000 ) ) ;
#4368 = CARTESIAN_POINT ( 'NONE',  ( 1.772600000000004838, 3.250000000000002220, 0.8500000000000005329 ) ) ;
#4369 = ORIENTED_EDGE ( 'NONE', *, *, #2588, .T. ) ;
#4370 = ADVANCED_FACE ( 'NONE', ( #2993 ), #478, .F. ) ;
#4371 = COLOUR_RGB ( '',0.9607843137254902244, 0.9098039215686274384, 0.000000000000000000 ) ;
#4372 = VERTEX_POINT ( 'NONE', #117 ) ;
#4373 = CARTESIAN_POINT ( 'NONE',  ( 5.741930000000004419, -3.249999999999998224, 6.000000000000000000 ) ) ;
#4374 = CARTESIAN_POINT ( 'NONE',  ( 0.000000000000000000, 4.150000000000001243, 5.299999999999999822 ) ) ;
#4375 = VERTEX_POINT ( 'NONE', #822 ) ;
#4376 =( NAMED_UNIT ( * ) PLANE_ANGLE_UNIT ( ) SI_UNIT ( $, .RADIAN. ) );
#4377 = PLANE ( 'NONE',  #1111 ) ;
#4379 = CARTESIAN_POINT ( 'NONE',  ( 10.00000000000000000, 4.150000000000001243, 5.299999999999999822 ) ) ;
#4378 = DIRECTION ( 'NONE',  ( 0.000000000000000000, -1.000000000000000000, -0.000000000000000000 ) ) ;
#4380 = SURFACE_STYLE_USAGE ( .BOTH. , #3678 ) ;
#4381 = SURFACE_STYLE_USAGE ( .BOTH. , #2950 ) ;
#4382 = VECTOR ( 'NONE', #790, 1000.000000000000000 ) ;
#4383 = DIRECTION ( 'NONE',  ( 0.000000000000000000, 0.000000000000000000, 1.000000000000000000 ) ) ;
#4384 = EDGE_CURVE ( 'NONE', #3104, #1438, #49, .T. ) ;
#4385 = CARTESIAN_POINT ( 'NONE',  ( 5.741930000000004419, -3.249999999999998224, 6.500000000000000888 ) ) ;
#4386 = PRESENTATION_STYLE_ASSIGNMENT (( #1148 ) ) ;
#4387 = STYLED_ITEM ( 'NONE', ( #4667 ), #1558 ) ;
#4388 = EDGE_CURVE ( 'NONE', #2428, #149, #1230, .T. ) ;
#4389 = FILL_AREA_STYLE_COLOUR ( '', #3625 ) ;
#4390 = LINE ( 'NONE', #2331, #4608 ) ;
#4391 = EDGE_CURVE ( 'NONE', #911, #1275, #3658, .T. ) ;
#4392 = EDGE_CURVE ( 'NONE', #4303, #4307, #4184, .T. ) ;
#4393 = DIRECTION ( 'NONE',  ( 0.000000000000000000, 1.000000000000000000, 0.000000000000000000 ) ) ;
#4394 = CARTESIAN_POINT ( 'NONE',  ( 5.741930000000004419, 2.750000000000002220, 6.000000000000000000 ) ) ;
#4395 = ORIENTED_EDGE ( 'NONE', *, *, #2063, .T. ) ;
#4396 = FACE_BOUND ( 'NONE', #2894, .T. ) ;
#4397 = EDGE_CURVE ( 'NONE', #4027, #745, #1169, .T. ) ;
#4398 = VERTEX_POINT ( 'NONE', #4469 ) ;
#4399 = CARTESIAN_POINT ( 'NONE',  ( 2.889935000000004806, 0.000000000000000000, 6.000000000000000000 ) ) ;
#4400 = LINE ( 'NONE', #4465, #1437 ) ;
#4401 = UNCERTAINTY_MEASURE_WITH_UNIT (LENGTH_MEASURE( 1.000000000000000082E-05 ), #3300, 'distance_accuracy_value', 'NONE');
#4402 = SURFACE_SIDE_STYLE ('',( #1947 ) ) ;
#4403 =( NAMED_UNIT ( * ) PLANE_ANGLE_UNIT ( ) SI_UNIT ( $, .RADIAN. ) );
#4404 = ADVANCED_FACE ( 'NONE', ( #897 ), #1634, .F. ) ;
#4405 = EDGE_CURVE ( 'NONE', #2501, #3475, #1662, .T. ) ;
#4406 = FILL_AREA_STYLE ('',( #4428 ) ) ;
#4407 = PRESENTATION_LAYER_ASSIGNMENT (  '', '', ( #4639 ) ) ;
#4408 = CARTESIAN_POINT ( 'NONE',  ( 7.726600000000005686, -3.249999999999998224, 6.500000000000000888 ) ) ;
#4409 = VECTOR ( 'NONE', #2889, 1000.000000000000000 ) ;
#4410 = VECTOR ( 'NONE', #3681, 1000.000000000000000 ) ;
#4411 = FILL_AREA_STYLE_COLOUR ( '', #289 ) ;
#4412 = SURFACE_STYLE_USAGE ( .BOTH. , #1643 ) ;
#4413 = CARTESIAN_POINT ( 'NONE',  ( 1.772600000000004838, 3.250000000000002220, 0.8500000000000005329 ) ) ;
#4414 =( NAMED_UNIT ( * ) PLANE_ANGLE_UNIT ( ) SI_UNIT ( $, .RADIAN. ) );
#4415 = MECHANICAL_DESIGN_GEOMETRIC_PRESENTATION_REPRESENTATION (  '', ( #3396 ), #1562 ) ;
#4416 = ORIENTED_EDGE ( 'NONE', *, *, #191, .F. ) ;
#4417 = FILL_AREA_STYLE ('',( #2660 ) ) ;
#4418 = DIRECTION ( 'NONE',  ( -1.000000000000000000, -0.000000000000000000, -0.000000000000000000 ) ) ;
#4419 = ORIENTED_EDGE ( 'NONE', *, *, #1659, .T. ) ;
#4420 = FILL_AREA_STYLE_COLOUR ( '', #2639 ) ;
#4421 = DIRECTION ( 'NONE',  ( -0.000000000000000000, 0.000000000000000000, 1.000000000000000000 ) ) ;
#4422 = MECHANICAL_DESIGN_GEOMETRIC_PRESENTATION_REPRESENTATION (  '', ( #3838 ), #2557 ) ;
#4423 = DIRECTION ( 'NONE',  ( -0.000000000000000000, -0.000000000000000000, 1.000000000000000000 ) ) ;
#4424 = STYLED_ITEM ( 'NONE', ( #2381 ), #1101 ) ;
#4425 = DIRECTION ( 'NONE',  ( 0.000000000000000000, -1.000000000000000000, 0.000000000000000000 ) ) ;
#4426 = EDGE_CURVE ( 'NONE', #120, #3991, #3093, .T. ) ;
#4427 = VECTOR ( 'NONE', #3692, 1000.000000000000000 ) ;
#4428 = FILL_AREA_STYLE_COLOUR ( '', #2007 ) ;
#4429 = LINE ( 'NONE', #2953, #3439 ) ;
#4430 =( LENGTH_UNIT ( ) NAMED_UNIT ( * ) SI_UNIT ( .MILLI., .METRE. ) );
#4431 = PLANE ( 'NONE',  #684 ) ;
#4432 = VECTOR ( 'NONE', #1692, 1000.000000000000000 ) ;
#4433 = CARTESIAN_POINT ( 'NONE',  ( 2.272600000000004616, 2.750000000000002220, 0.8500000000000005329 ) ) ;
#4434 = CARTESIAN_POINT ( 'NONE',  ( 1.155484430000005780, 4.150000000000001243, 6.000000000000000000 ) ) ;
#4435 =( LENGTH_UNIT ( ) NAMED_UNIT ( * ) SI_UNIT ( .MILLI., .METRE. ) );
#4436 = EDGE_LOOP ( 'NONE', ( #3642, #4033, #3046, #2702 ) ) ;
#4437 = FILL_AREA_STYLE_COLOUR ( '', #3914 ) ;
#4438 = SURFACE_SIDE_STYLE ('',( #467 ) ) ;
#4439 = STYLED_ITEM ( 'NONE', ( #4447 ), #93 ) ;
#4440 = STYLED_ITEM ( 'NONE', ( #1708 ), #908 ) ;
#4441 = PLANE ( 'NONE',  #2827 ) ;
#4442 = EDGE_CURVE ( 'NONE', #317, #3109, #213, .T. ) ;
#4443 = ORIENTED_EDGE ( 'NONE', *, *, #3072, .T. ) ;
#4444 = DIRECTION ( 'NONE',  ( 1.000000000000000000, 0.000000000000000000, 0.000000000000000000 ) ) ;
#4445 =( NAMED_UNIT ( * ) SI_UNIT ( $, .STERADIAN. ) SOLID_ANGLE_UNIT ( ) );
#4446 = UNCERTAINTY_MEASURE_WITH_UNIT (LENGTH_MEASURE( 1.000000000000000082E-05 ), #3019, 'distance_accuracy_value', 'NONE');
#4447 = PRESENTATION_STYLE_ASSIGNMENT (( #3037 ) ) ;
#4448 = CARTESIAN_POINT ( 'NONE',  ( 4.257270000000004551, 3.250000000000001776, 6.750000000000000888 ) ) ;
#4449 = CARTESIAN_POINT ( 'NONE',  ( 7.726600000000005686, 3.250000000000001332, 4.250000000000000000 ) ) ;
#4450 = ORIENTED_EDGE ( 'NONE', *, *, #628, .F. ) ;
#4451 = FILL_AREA_STYLE_COLOUR ( '', #4524 ) ;
#4452 = ORIENTED_EDGE ( 'NONE', *, *, #2265, .T. ) ;
#4453 =( NAMED_UNIT ( * ) PLANE_ANGLE_UNIT ( ) SI_UNIT ( $, .RADIAN. ) );
#4454 = EDGE_CURVE ( 'NONE', #2453, #911, #3142, .T. ) ;
#4455 = EDGE_CURVE ( 'NONE', #4199, #1360, #4496, .T. ) ;
#4456 = VERTEX_POINT ( 'NONE', #4570 ) ;
#4457 =( LENGTH_UNIT ( ) NAMED_UNIT ( * ) SI_UNIT ( .MILLI., .METRE. ) );
#4458 = LINE ( 'NONE', #4379, #4113 ) ;
#4459 = EDGE_CURVE ( 'NONE', #4307, #4670, #1687, .T. ) ;
#4460 = DIRECTION ( 'NONE',  ( -0.000000000000000000, 1.000000000000000000, -0.000000000000000000 ) ) ;
#4461 = AXIS2_PLACEMENT_3D ( 'NONE', #2964, #4378, #1187 ) ;
#4462 = VERTEX_POINT ( 'NONE', #2045 ) ;
#4463 = SURFACE_STYLE_USAGE ( .BOTH. , #1554 ) ;
#4464 = SURFACE_SIDE_STYLE ('',( #3034 ) ) ;
#4465 = CARTESIAN_POINT ( 'NONE',  ( 7.109265000000005053, -3.187056917692449644E-15, 5.500000000000000000 ) ) ;
#4466 = UNCERTAINTY_MEASURE_WITH_UNIT (LENGTH_MEASURE( 1.000000000000000082E-05 ), #2709, 'distance_accuracy_value', 'NONE');
#4467 = DIRECTION ( 'NONE',  ( -1.000000000000000000, -0.000000000000000000, -0.000000000000000000 ) ) ;
#4468 =( LENGTH_UNIT ( ) NAMED_UNIT ( * ) SI_UNIT ( .MILLI., .METRE. ) );
#4469 = CARTESIAN_POINT ( 'NONE',  ( 7.109265000000005053, 4.150000000000001243, 6.000000000000000000 ) ) ;
#4470 = ORIENTED_EDGE ( 'NONE', *, *, #372, .F. ) ;
#4471 = CARTESIAN_POINT ( 'NONE',  ( 2.272600000000004616, 3.250000000000001776, 0.8500000000000005329 ) ) ;
#4473 = DIRECTION ( 'NONE',  ( -0.000000000000000000, -0.000000000000000000, 1.000000000000000000 ) ) ;
#4472 = DIRECTION ( 'NONE',  ( -1.000000000000000000, -0.000000000000000000, -0.000000000000000000 ) ) ;
#4474 = ORIENTED_EDGE ( 'NONE', *, *, #938, .F. ) ;
#4475 = CYLINDRICAL_SURFACE ( 'NONE', #3331, 0.4899999999999999911 ) ;
#4476 = DIRECTION ( 'NONE',  ( -1.000000000000000000, 0.000000000000000000, -2.602085213965210642E-15 ) ) ;
#4477 = ORIENTED_EDGE ( 'NONE', *, *, #3983, .T. ) ;
#4478 = STYLED_ITEM ( 'NONE', ( #3796 ), #1345 ) ;
#4479 = VECTOR ( 'NONE', #3655, 1000.000000000000000 ) ;
#4480 =( GEOMETRIC_REPRESENTATION_CONTEXT ( 3 ) GLOBAL_UNCERTAINTY_ASSIGNED_CONTEXT ( ( #473 ) ) GLOBAL_UNIT_ASSIGNED_CONTEXT ( ( #664, #730, #291 ) ) REPRESENTATION_CONTEXT ( 'NONE', 'WORKASPACE' ) );
#4481 =( NAMED_UNIT ( * ) PLANE_ANGLE_UNIT ( ) SI_UNIT ( $, .RADIAN. ) );
#4482 = LINE ( 'NONE', #2957, #4610 ) ;
#4483 = VERTEX_POINT ( 'NONE', #2416 ) ;
#4484 = SURFACE_STYLE_FILL_AREA ( #148 ) ;
#4485 = VECTOR ( 'NONE', #4526, 1000.000000000000000 ) ;
#4486 = VECTOR ( 'NONE', #1762, 1000.000000000000000 ) ;
#4487 = VERTEX_POINT ( 'NONE', #180 ) ;
#4488 = CARTESIAN_POINT ( 'NONE',  ( 1.772600000000004838, 2.750000000000002220, 0.8500000000000005329 ) ) ;
#4489 = ORIENTED_EDGE ( 'NONE', *, *, #2326, .T. ) ;
#4490 = DIRECTION ( 'NONE',  ( -4.663235150475285595E-17, -1.000000000000000000, 0.000000000000000000 ) ) ;
#4491 = ORIENTED_EDGE ( 'NONE', *, *, #2131, .T. ) ;
#4492 = LINE ( 'NONE', #1657, #3307 ) ;
#4493 = PRESENTATION_STYLE_ASSIGNMENT (( #2685 ) ) ;
#4494 = UNCERTAINTY_MEASURE_WITH_UNIT (LENGTH_MEASURE( 1.000000000000000082E-05 ), #12, 'distance_accuracy_value', 'NONE');
#4495 = DIRECTION ( 'NONE',  ( 1.000000000000000000, 0.000000000000000000, 0.000000000000000000 ) ) ;
#4496 = LINE ( 'NONE', #4521, #1709 ) ;
#4497 = ORIENTED_EDGE ( 'NONE', *, *, #3458, .F. ) ;
#4498 = DIRECTION ( 'NONE',  ( -0.000000000000000000, -1.000000000000000000, -0.000000000000000000 ) ) ;
#4499 = PRESENTATION_LAYER_ASSIGNMENT (  '', '', ( #3299 ) ) ;
#4500 = FILL_AREA_STYLE ('',( #1232 ) ) ;
#4501 = ORIENTED_EDGE ( 'NONE', *, *, #1734, .F. ) ;
#4502 = PLANE ( 'NONE',  #532 ) ;
#4503 = SURFACE_SIDE_STYLE ('',( #538 ) ) ;
#4504 = ORIENTED_EDGE ( 'NONE', *, *, #3405, .T. ) ;
#4505 =( GEOMETRIC_REPRESENTATION_CONTEXT ( 3 ) GLOBAL_UNCERTAINTY_ASSIGNED_CONTEXT ( ( #844 ) ) GLOBAL_UNIT_ASSIGNED_CONTEXT ( ( #4636, #1793, #252 ) ) REPRESENTATION_CONTEXT ( 'NONE', 'WORKASPACE' ) );
#4506 = VECTOR ( 'NONE', #2747, 1000.000000000000000 ) ;
#4507 = CARTESIAN_POINT ( 'NONE',  ( 4.257270000000004551, 3.250000000000001776, 5.500000000000000000 ) ) ;
#4508 = SURFACE_SIDE_STYLE ('',( #909 ) ) ;
#4509 = DIRECTION ( 'NONE',  ( 1.000000000000000000, -0.000000000000000000, -0.000000000000000000 ) ) ;
#4510 = EDGE_LOOP ( 'NONE', ( #127, #1087, #1351, #111 ) ) ;
#4511 =( NAMED_UNIT ( * ) PLANE_ANGLE_UNIT ( ) SI_UNIT ( $, .RADIAN. ) );
#4512 = AXIS2_PLACEMENT_3D ( 'NONE', #1202, #4056, #64 ) ;
#4513 = EDGE_LOOP ( 'NONE', ( #1490, #2033, #3453, #1417 ) ) ;
#4514 = DIRECTION ( 'NONE',  ( 1.000000000000000000, 0.000000000000000000, -0.000000000000000000 ) ) ;
#4515 = ORIENTED_EDGE ( 'NONE', *, *, #3712, .F. ) ;
#4516 = CARTESIAN_POINT ( 'NONE',  ( 5.124814430000006027, 9.559285915855599245E-16, 6.000000000000000000 ) ) ;
#4517 = VERTEX_POINT ( 'NONE', #3851 ) ;
#4518 = LINE ( 'NONE', #4195, #1589 ) ;
#4519 = CARTESIAN_POINT ( 'NONE',  ( 10.00000000000000000, 2.450000000000001066, 2.694222958124176513E-16 ) ) ;
#4520 = COLOUR_RGB ( '',1.000000000000000000, 1.000000000000000000, 1.000000000000000000 ) ;
#4521 = CARTESIAN_POINT ( 'NONE',  ( 10.00000000000000000, 2.450000000000001066, 2.694222958124176513E-16 ) ) ;
#4522 = MECHANICAL_DESIGN_GEOMETRIC_PRESENTATION_REPRESENTATION (  '', ( #1220 ), #3393 ) ;
#4523 = ORIENTED_EDGE ( 'NONE', *, *, #1139, .T. ) ;
#4524 = COLOUR_RGB ( '',1.000000000000000000, 0.8509803921568627194, 0.1529411764705882470 ) ;
#4525 = CARTESIAN_POINT ( 'NONE',  ( 10.00000000000000000, 2.450000000000001066, 2.000000000000000888 ) ) ;
#4526 = DIRECTION ( 'NONE',  ( -0.000000000000000000, 1.000000000000000000, -0.000000000000000000 ) ) ;
#4527 = ORIENTED_EDGE ( 'NONE', *, *, #4163, .T. ) ;
#4528 = FILL_AREA_STYLE ('',( #1717 ) ) ;
#4529 = FILL_AREA_STYLE ('',( #591 ) ) ;
#4530 = EDGE_LOOP ( 'NONE', ( #130, #835, #4617, #1780 ) ) ;
#4531 = MECHANICAL_DESIGN_GEOMETRIC_PRESENTATION_REPRESENTATION (  '', ( #1375 ), #2288 ) ;
#4532 = FILL_AREA_STYLE ('',( #220 ) ) ;
#4533 = FACE_OUTER_BOUND ( 'NONE', #278, .T. ) ;
#4534 = PRESENTATION_STYLE_ASSIGNMENT (( #596 ) ) ;
#4535 = ORIENTED_EDGE ( 'NONE', *, *, #206, .F. ) ;
#4536 = MECHANICAL_DESIGN_GEOMETRIC_PRESENTATION_REPRESENTATION (  '', ( #1527 ), #1765 ) ;
#4537 = ADVANCED_FACE ( 'NONE', ( #2021 ), #608, .F. ) ;
#4538 = ORIENTED_EDGE ( 'NONE', *, *, #639, .F. ) ;
#4539 = ORIENTED_EDGE ( 'NONE', *, *, #1797, .F. ) ;
#4540 = SURFACE_SIDE_STYLE ('',( #3462 ) ) ;
#4541 = VECTOR ( 'NONE', #4393, 1000.000000000000000 ) ;
#4542 = ORIENTED_EDGE ( 'NONE', *, *, #2502, .T. ) ;
#4543 =( NAMED_UNIT ( * ) PLANE_ANGLE_UNIT ( ) SI_UNIT ( $, .RADIAN. ) );
#4544 = LINE ( 'NONE', #326, #1162 ) ;
#4545 = CARTESIAN_POINT ( 'NONE',  ( 0.5000000000000000000, 4.650000000000001243, 1.699999999999999956 ) ) ;
#4546 = ADVANCED_FACE ( 'NONE', ( #3251 ), #2141, .F. ) ;
#4547 = DIRECTION ( 'NONE',  ( -0.000000000000000000, -0.000000000000000000, 1.000000000000000000 ) ) ;
#4548 = ORIENTED_EDGE ( 'NONE', *, *, #2305, .F. ) ;
#4549 = DIRECTION ( 'NONE',  ( 1.000000000000000000, -4.482962609626237803E-16, 0.000000000000000000 ) ) ;
#4550 = MECHANICAL_DESIGN_GEOMETRIC_PRESENTATION_REPRESENTATION (  '', ( #2756 ), #3720 ) ;
#4551 = ORIENTED_EDGE ( 'NONE', *, *, #4069, .F. ) ;
#4552 = ADVANCED_FACE ( 'NONE', ( #2854 ), #3606, .T. ) ;
#4553 = PLANE ( 'NONE',  #2815 ) ;
#4554 = VERTEX_POINT ( 'NONE', #4648 ) ;
#4555 = MECHANICAL_DESIGN_GEOMETRIC_PRESENTATION_REPRESENTATION (  '', ( #635 ), #3806 ) ;
#4556 = DIRECTION ( 'NONE',  ( -0.000000000000000000, 1.000000000000000000, -0.000000000000000000 ) ) ;
#4557 = CARTESIAN_POINT ( 'NONE',  ( 8.226600000000006574, 3.250000000000001332, 6.750000000000000888 ) ) ;
#4558 =( NAMED_UNIT ( * ) SI_UNIT ( $, .STERADIAN. ) SOLID_ANGLE_UNIT ( ) );
#4559 = ORIENTED_EDGE ( 'NONE', *, *, #4112, .T. ) ;
#4560 = VECTOR ( 'NONE', #3222, 1000.000000000000000 ) ;
#4561 = AXIS2_PLACEMENT_3D ( 'NONE', #4653, #2170, #332 ) ;
#4562 = CARTESIAN_POINT ( 'NONE',  ( 0.000000000000000000, 0.000000000000000000, 0.8500000000000005329 ) ) ;
#4563 = ORIENTED_EDGE ( 'NONE', *, *, #2940, .F. ) ;
#4564 = MECHANICAL_DESIGN_GEOMETRIC_PRESENTATION_REPRESENTATION (  '', ( #718 ), #1114 ) ;
#4565 = ORIENTED_EDGE ( 'NONE', *, *, #1671, .F. ) ;
#4566 =( LENGTH_UNIT ( ) NAMED_UNIT ( * ) SI_UNIT ( .MILLI., .METRE. ) );
#4567 = FILL_AREA_STYLE_COLOUR ( '', #2155 ) ;
#4568 = DIRECTION ( 'NONE',  ( 0.000000000000000000, -1.000000000000000000, 0.000000000000000000 ) ) ;
#4569 = EDGE_CURVE ( 'NONE', #621, #4682, #4288, .T. ) ;
#4570 = CARTESIAN_POINT ( 'NONE',  ( 3.757270000000004995, 3.250000000000001776, 4.250000000000000000 ) ) ;
#4571 = ORIENTED_EDGE ( 'NONE', *, *, #2063, .F. ) ;
#4572 = CARTESIAN_POINT ( 'NONE',  ( 3.139935000000005250, 4.150000000000001243, 5.500000000000000000 ) ) ;
#4573 = DIRECTION ( 'NONE',  ( 0.000000000000000000, 0.000000000000000000, -1.000000000000000000 ) ) ;
#4575 =( NAMED_UNIT ( * ) PLANE_ANGLE_UNIT ( ) SI_UNIT ( $, .RADIAN. ) );
#4574 = LINE ( 'NONE', #2098, #2415 ) ;
#4576 = ORIENTED_EDGE ( 'NONE', *, *, #3636, .F. ) ;
#4577 = DIRECTION ( 'NONE',  ( 0.000000000000000000, 0.000000000000000000, 1.000000000000000000 ) ) ;
#4578 = DIRECTION ( 'NONE',  ( 1.000000000000000000, -0.000000000000000000, -0.000000000000000000 ) ) ;
#4579 = EDGE_LOOP ( 'NONE', ( #3023, #1040, #1593, #85 ) ) ;
#4580 = EDGE_CURVE ( 'NONE', #4219, #4679, #3948, .T. ) ;
#4581 = STYLED_ITEM ( 'NONE', ( #1127 ), #50 ) ;
#4582 = SURFACE_STYLE_USAGE ( .BOTH. , #968 ) ;
#4583 = SURFACE_STYLE_FILL_AREA ( #3862 ) ;
#4584 = VECTOR ( 'NONE', #3910, 1000.000000000000000 ) ;
#4585 = CARTESIAN_POINT ( 'NONE',  ( 2.272600000000006393, 3.250000000000002220, 6.009999999999997122 ) ) ;
#4586 = MECHANICAL_DESIGN_GEOMETRIC_PRESENTATION_REPRESENTATION (  '', ( #3605 ), #3457 ) ;
#4587 = CARTESIAN_POINT ( 'NONE',  ( 4.257270000000004551, 3.250000000000001776, 0.8500000000000005329 ) ) ;
#4588 = ORIENTED_EDGE ( 'NONE', *, *, #3635, .T. ) ;
#4589 = DIRECTION ( 'NONE',  ( 0.000000000000000000, 0.000000000000000000, -1.000000000000000000 ) ) ;
#4590 = COLOUR_RGB ( '',1.000000000000000000, 1.000000000000000000, 1.000000000000000000 ) ;
#4591 = EDGE_CURVE ( 'NONE', #3818, #3711, #1091, .T. ) ;
#4592 = ORIENTED_EDGE ( 'NONE', *, *, #4569, .F. ) ;
#4593 = LINE ( 'NONE', #1330, #4170 ) ;
#4594 = UNCERTAINTY_MEASURE_WITH_UNIT (LENGTH_MEASURE( 1.000000000000000082E-05 ), #554, 'distance_accuracy_value', 'NONE');
#4595 = CARTESIAN_POINT ( 'NONE',  ( 10.00000000000000000, 4.150000000000001243, 4.599999999999999645 ) ) ;
#4596 = CARTESIAN_POINT ( 'NONE',  ( 3.757270000000004995, -3.249999999999998224, 6.000000000000000000 ) ) ;
#4597 = VERTEX_POINT ( 'NONE', #1118 ) ;
#4598 = EDGE_CURVE ( 'NONE', #1388, #3451, #1735, .T. ) ;
#4599 = LINE ( 'NONE', #632, #3350 ) ;
#4600 = FACE_OUTER_BOUND ( 'NONE', #2828, .T. ) ;
#4602 = LINE ( 'NONE', #3164, #1342 ) ;
#4601 = PRESENTATION_STYLE_ASSIGNMENT (( #263 ) ) ;
#4603 = SURFACE_STYLE_USAGE ( .BOTH. , #1694 ) ;
#4604 =( NAMED_UNIT ( * ) PLANE_ANGLE_UNIT ( ) SI_UNIT ( $, .RADIAN. ) );
#4605 = ORIENTED_EDGE ( 'NONE', *, *, #4649, .F. ) ;
#4606 = COLOUR_RGB ( '',1.000000000000000000, 0.8588235294117646523, 0.05882352941176470507 ) ;
#4607 = AXIS2_PLACEMENT_3D ( 'NONE', #3092, #4568, #2370 ) ;
#4608 = VECTOR ( 'NONE', #4026, 1000.000000000000000 ) ;
#4609 = CARTESIAN_POINT ( 'NONE',  ( 8.226600000000006574, 2.750000000000001776, 6.750000000000000888 ) ) ;
#4610 = VECTOR ( 'NONE', #3004, 1000.000000000000000 ) ;
#4611 = DIRECTION ( 'NONE',  ( 0.000000000000000000, 0.000000000000000000, -1.000000000000000000 ) ) ;
#4612 =( GEOMETRIC_REPRESENTATION_CONTEXT ( 3 ) GLOBAL_UNCERTAINTY_ASSIGNED_CONTEXT ( ( #2710 ) ) GLOBAL_UNIT_ASSIGNED_CONTEXT ( ( #636, #3165, #3452 ) ) REPRESENTATION_CONTEXT ( 'NONE', 'WORKASPACE' ) );
#4613 = LINE ( 'NONE', #4326, #4584 ) ;
#4614 = ORIENTED_EDGE ( 'NONE', *, *, #3575, .T. ) ;
#4615 = EDGE_CURVE ( 'NONE', #4483, #1338, #1916, .T. ) ;
#4616 = EDGE_CURVE ( 'NONE', #237, #1719, #1509, .T. ) ;
#4617 = ORIENTED_EDGE ( 'NONE', *, *, #41, .T. ) ;
#4618 = VECTOR ( 'NONE', #1883, 1000.000000000000000 ) ;
#4619 = FACE_OUTER_BOUND ( 'NONE', #4436, .T. ) ;
#4620 = CARTESIAN_POINT ( 'NONE',  ( 10.00000000000000000, 4.150000000000001243, 4.599999999999999645 ) ) ;
#4621 = CARTESIAN_POINT ( 'NONE',  ( 2.272600000000006393, 2.759999999999998455, 6.500000000000000888 ) ) ;
#4622 = FILL_AREA_STYLE_COLOUR ( '', #3577 ) ;
#4623 = ORIENTED_EDGE ( 'NONE', *, *, #3890, .F. ) ;
#4624 = CARTESIAN_POINT ( 'NONE',  ( 3.139935000000005250, 0.000000000000000000, 6.000000000000000000 ) ) ;
#4625 = PLANE ( 'NONE',  #95 ) ;
#4627 =( NAMED_UNIT ( * ) SI_UNIT ( $, .STERADIAN. ) SOLID_ANGLE_UNIT ( ) );
#4626 = PLANE ( 'NONE',  #426 ) ;
#4628 = FILL_AREA_STYLE_COLOUR ( '', #3787 ) ;
#4629 = CARTESIAN_POINT ( 'NONE',  ( 7.726600000000005686, 2.750000000000002220, 4.250000000000000000 ) ) ;
#4630 = ORIENTED_EDGE ( 'NONE', *, *, #2906, .F. ) ;
#4631 = MECHANICAL_DESIGN_GEOMETRIC_PRESENTATION_REPRESENTATION (  '', ( #948 ), #2455 ) ;
#4632 = DIRECTION ( 'NONE',  ( -0.000000000000000000, 1.000000000000000000, 0.000000000000000000 ) ) ;
#4633 =( NAMED_UNIT ( * ) PLANE_ANGLE_UNIT ( ) SI_UNIT ( $, .RADIAN. ) );
#4634 = SURFACE_STYLE_FILL_AREA ( #2912 ) ;
#4635 = MECHANICAL_DESIGN_GEOMETRIC_PRESENTATION_REPRESENTATION (  '', ( #15 ), #785 ) ;
#4636 =( LENGTH_UNIT ( ) NAMED_UNIT ( * ) SI_UNIT ( .MILLI., .METRE. ) );
#4637 = ORIENTED_EDGE ( 'NONE', *, *, #1541, .T. ) ;
#4638 = VECTOR ( 'NONE', #3267, 1000.000000000000000 ) ;
#4639 = STYLED_ITEM ( 'NONE', ( #2946 ), #1252 ) ;
#4640 = VECTOR ( 'NONE', #4245, 1000.000000000000000 ) ;
#4641 = ORIENTED_EDGE ( 'NONE', *, *, #3252, .T. ) ;
#4642 = COLOUR_RGB ( '',1.000000000000000000, 1.000000000000000000, 1.000000000000000000 ) ;
#4643 = LINE ( 'NONE', #3603, #1880 ) ;
#4645 = PLANE ( 'NONE',  #2522 ) ;
#4644 = MECHANICAL_DESIGN_GEOMETRIC_PRESENTATION_REPRESENTATION (  '', ( #646 ), #2614 ) ;
#4646 = LINE ( 'NONE', #1394, #3219 ) ;
#4647 = VECTOR ( 'NONE', #185, 1000.000000000000000 ) ;
#4648 = CARTESIAN_POINT ( 'NONE',  ( 0.000000000000000000, 4.650000000000001243, 0.000000000000000000 ) ) ;
#4649 = EDGE_CURVE ( 'NONE', #4290, #623, #2943, .T. ) ;
#4650 = ORIENTED_EDGE ( 'NONE', *, *, #2507, .T. ) ;
#4651 = PLANE ( 'NONE',  #2543 ) ;
#4652 = FILL_AREA_STYLE_COLOUR ( '', #1739 ) ;
#4653 = CARTESIAN_POINT ( 'NONE',  ( 0.000000000000000000, -3.249999999999998224, 0.000000000000000000 ) ) ;
#4654 = DIRECTION ( 'NONE',  ( 0.000000000000000000, 0.000000000000000000, -1.000000000000000000 ) ) ;
#4655 = SURFACE_SIDE_STYLE ('',( #2842 ) ) ;
#4656 = FACE_OUTER_BOUND ( 'NONE', #3210, .T. ) ;
#4657 = ADVANCED_FACE ( 'NONE', ( #3315 ), #4441, .F. ) ;
#4658 = COLOUR_RGB ( '',1.000000000000000000, 1.000000000000000000, 1.000000000000000000 ) ;
#4659 = CARTESIAN_POINT ( 'NONE',  ( 4.257270000000004551, 2.750000000000002220, 0.8500000000000005329 ) ) ;
#4660 = ORIENTED_EDGE ( 'NONE', *, *, #1761, .F. ) ;
#4661 = EDGE_CURVE ( 'NONE', #2615, #1323, #2251, .T. ) ;
#4662 = CARTESIAN_POINT ( 'NONE',  ( 10.00000000000000888, -4.482962609626241747E-15, 0.000000000000000000 ) ) ;
#4663 = FACE_OUTER_BOUND ( 'NONE', #3441, .T. ) ;
#4664 = STYLED_ITEM ( 'NONE', ( #4235 ), #3916 ) ;
#4665 = ORIENTED_EDGE ( 'NONE', *, *, #1937, .T. ) ;
#4666 =( NAMED_UNIT ( * ) PLANE_ANGLE_UNIT ( ) SI_UNIT ( $, .RADIAN. ) );
#4667 = PRESENTATION_STYLE_ASSIGNMENT (( #3377 ) ) ;
#4668 = VECTOR ( 'NONE', #4472, 1000.000000000000000 ) ;
#4669 = LINE ( 'NONE', #349, #2845 ) ;
#4670 = VERTEX_POINT ( 'NONE', #4358 ) ;
#4671 =( NAMED_UNIT ( * ) PLANE_ANGLE_UNIT ( ) SI_UNIT ( $, .RADIAN. ) );
#4672 = SURFACE_STYLE_FILL_AREA ( #4272 ) ;
#4673 = DIRECTION ( 'NONE',  ( -0.000000000000000000, -0.000000000000000000, -1.000000000000000000 ) ) ;
#4674 = EDGE_CURVE ( 'NONE', #2501, #3691, #839, .T. ) ;
#4675 = DIRECTION ( 'NONE',  ( 0.000000000000000000, -1.000000000000000000, 0.000000000000000000 ) ) ;
#4676 = LINE ( 'NONE', #3931, #4260 ) ;
#4677 = EDGE_CURVE ( 'NONE', #3107, #1055, #1891, .T. ) ;
#4678 =( GEOMETRIC_REPRESENTATION_CONTEXT ( 3 ) GLOBAL_UNCERTAINTY_ASSIGNED_CONTEXT ( ( #1627 ) ) GLOBAL_UNIT_ASSIGNED_CONTEXT ( ( #1673, #1384, #223 ) ) REPRESENTATION_CONTEXT ( 'NONE', 'WORKASPACE' ) );
#4679 = VERTEX_POINT ( 'NONE', #424 ) ;
#4680 = DIRECTION ( 'NONE',  ( 1.734723475976805517E-15, 0.000000000000000000, -1.000000000000000000 ) ) ;
#4681 = PLANE ( 'NONE',  #4279 ) ;
#4682 = VERTEX_POINT ( 'NONE', #1940 ) ;
ENDSEC;
END-ISO-10303-21;
