ISO-10303-21;
HEADER;
/* Generated by software containing ST-Developer
 * from STEP Tools, Inc. (www.steptools.com) 
 */
/* OPTION: strings as raw bytes, not using required /X/ escapes */

FILE_DESCRIPTION(
/* description */ ('Unknown'),
/* implementation_level */ '2;1');

FILE_NAME(
/* name */ 'KEYST_1042',
/* time_stamp */ '2025-10-17T13:18:39+03:00',
/* author */ ('Unknown'),
/* organization */ ('Unknown'),
/* preprocessor_version */ 'ST-DEVELOPER v19.4',
/* originating_system */ 'Solid Edge',
/* authorisation */ 'Unknown');

FILE_SCHEMA (('AUTOMOTIVE_DESIGN {1 0 10303 214 3 1 1}'));
ENDSEC;

DATA;
#10=PROPERTY_DEFINITION_REPRESENTATION(#14,#12);
#11=PROPERTY_DEFINITION_REPRESENTATION(#15,#13);
#12=REPRESENTATION('',(#16),#7005);
#13=REPRESENTATION('',(#17),#7005);
#14=PROPERTY_DEFINITION('pmi validation property','',#7014);
#15=PROPERTY_DEFINITION('pmi validation property','',#7014);
#16=VALUE_REPRESENTATION_ITEM('number of annotations',COUNT_MEASURE(0.));
#17=VALUE_REPRESENTATION_ITEM('number of views',COUNT_MEASURE(0.));
#18=CONTEXT_DEPENDENT_SHAPE_REPRESENTATION(#24,#7016);
#19=CONTEXT_DEPENDENT_SHAPE_REPRESENTATION(#25,#7018);
#20=CONTEXT_DEPENDENT_SHAPE_REPRESENTATION(#26,#7019);
#21=NEXT_ASSEMBLY_USAGE_OCCURRENCE('1043P_body','1043P_body',
'1043P_body',#7020,#7021,'');
#22=NEXT_ASSEMBLY_USAGE_OCCURRENCE('1042P_pin_type2','1042P_pin_type2',
'1042P_pin_type2',#7020,#7022,'');
#23=NEXT_ASSEMBLY_USAGE_OCCURRENCE('1042P_pin_type2','1042P_pin_type2',
'1042P_pin_type2',#7020,#7022,'');
#24=(
REPRESENTATION_RELATIONSHIP(' ',' ',#4653,#4654)
REPRESENTATION_RELATIONSHIP_WITH_TRANSFORMATION(#27)
SHAPE_REPRESENTATION_RELATIONSHIP()
);
#25=(
REPRESENTATION_RELATIONSHIP(' ',' ',#4655,#4654)
REPRESENTATION_RELATIONSHIP_WITH_TRANSFORMATION(#28)
SHAPE_REPRESENTATION_RELATIONSHIP()
);
#26=(
REPRESENTATION_RELATIONSHIP(' ',' ',#4655,#4654)
REPRESENTATION_RELATIONSHIP_WITH_TRANSFORMATION(#29)
SHAPE_REPRESENTATION_RELATIONSHIP()
);
#27=ITEM_DEFINED_TRANSFORMATION(' ',' ',#4656,#4872);
#28=ITEM_DEFINED_TRANSFORMATION(' ',' ',#4656,#4916);
#29=ITEM_DEFINED_TRANSFORMATION(' ',' ',#4656,#4917);
#30=SHAPE_REPRESENTATION_RELATIONSHIP('','',#4653,#32);
#31=SHAPE_REPRESENTATION_RELATIONSHIP('','',#4655,#33);
#32=ADVANCED_BREP_SHAPE_REPRESENTATION('',(#4648),#7006);
#33=ADVANCED_BREP_SHAPE_REPRESENTATION('',(#4649),#7007);
#34=(
BOUNDED_CURVE()
B_SPLINE_CURVE(3,(#6259,#6260,#6261,#6262),.UNSPECIFIED.,.F.,.F.)
B_SPLINE_CURVE_WITH_KNOTS((4,4),(1.58824961931485,3.14159265358979),
 .UNSPECIFIED.)
CURVE()
GEOMETRIC_REPRESENTATION_ITEM()
RATIONAL_B_SPLINE_CURVE((1.,0.808833632769456,0.808833632769456,1.))
REPRESENTATION_ITEM('')
);
#35=(
BOUNDED_CURVE()
B_SPLINE_CURVE(3,(#6276,#6277,#6278,#6279),.UNSPECIFIED.,.F.,.F.)
B_SPLINE_CURVE_WITH_KNOTS((4,4),(0.,1.55334303427495),.UNSPECIFIED.)
CURVE()
GEOMETRIC_REPRESENTATION_ITEM()
RATIONAL_B_SPLINE_CURVE((1.,0.808833632769456,0.808833632769456,1.))
REPRESENTATION_ITEM('')
);
#36=(
BOUNDED_CURVE()
B_SPLINE_CURVE(3,(#6288,#6289,#6290,#6291),.UNSPECIFIED.,.F.,.F.)
B_SPLINE_CURVE_WITH_KNOTS((4,4),(0.,1.55334303427495),.UNSPECIFIED.)
CURVE()
GEOMETRIC_REPRESENTATION_ITEM()
RATIONAL_B_SPLINE_CURVE((1.,0.808833632769456,0.808833632769456,1.))
REPRESENTATION_ITEM('')
);
#37=(
BOUNDED_CURVE()
B_SPLINE_CURVE(3,(#6295,#6296,#6297,#6298),.UNSPECIFIED.,.F.,.F.)
B_SPLINE_CURVE_WITH_KNOTS((4,4),(1.58824961931485,3.14159265358979),
 .UNSPECIFIED.)
CURVE()
GEOMETRIC_REPRESENTATION_ITEM()
RATIONAL_B_SPLINE_CURVE((1.,0.808833632769456,0.808833632769456,1.))
REPRESENTATION_ITEM('')
);
#38=(
BOUNDED_CURVE()
B_SPLINE_CURVE(3,(#6485,#6486,#6487,#6488),.UNSPECIFIED.,.F.,.F.)
B_SPLINE_CURVE_WITH_KNOTS((4,4),(4.71238898038469,5.16296470434473),
 .UNSPECIFIED.)
CURVE()
GEOMETRIC_REPRESENTATION_ITEM()
RATIONAL_B_SPLINE_CURVE((1.,0.983153228561833,0.983153228561833,1.))
REPRESENTATION_ITEM('')
);
#39=(
BOUNDED_CURVE()
B_SPLINE_CURVE(3,(#6524,#6525,#6526,#6527),.UNSPECIFIED.,.F.,.F.)
B_SPLINE_CURVE_WITH_KNOTS((4,4),(4.26181325642465,4.71238898038469),
 .UNSPECIFIED.)
CURVE()
GEOMETRIC_REPRESENTATION_ITEM()
RATIONAL_B_SPLINE_CURVE((1.,0.983153228561833,0.983153228561833,1.))
REPRESENTATION_ITEM('')
);
#40=(
BOUNDED_CURVE()
B_SPLINE_CURVE(3,(#6551,#6552,#6553,#6554),.UNSPECIFIED.,.F.,.F.)
B_SPLINE_CURVE_WITH_KNOTS((4,4),(1.5707963267949,2.02137205075493),
 .UNSPECIFIED.)
CURVE()
GEOMETRIC_REPRESENTATION_ITEM()
RATIONAL_B_SPLINE_CURVE((1.,0.983153228561833,0.983153228561833,1.))
REPRESENTATION_ITEM('')
);
#41=(
BOUNDED_CURVE()
B_SPLINE_CURVE(3,(#6576,#6577,#6578,#6579),.UNSPECIFIED.,.F.,.F.)
B_SPLINE_CURVE_WITH_KNOTS((4,4),(1.12022060283486,1.5707963267949),
 .UNSPECIFIED.)
CURVE()
GEOMETRIC_REPRESENTATION_ITEM()
RATIONAL_B_SPLINE_CURVE((1.,0.983153228561833,0.983153228561833,1.))
REPRESENTATION_ITEM('')
);
#42=DEGENERATE_TOROIDAL_SURFACE('',#4718,0.526821530363151,1.3208,.T.);
#43=DEGENERATE_TOROIDAL_SURFACE('',#4730,0.520700000000002,1.3208,.T.);
#44=DEGENERATE_TOROIDAL_SURFACE('',#4859,0.526821530363151,1.3208,.T.);
#45=DEGENERATE_TOROIDAL_SURFACE('',#4865,0.520700000000002,1.3208,.T.);
#46=B_SPLINE_CURVE_WITH_KNOTS('',3,(#6040,#6041,#6042,#6043,#6044),
 .UNSPECIFIED.,.F.,.F.,(4,1,4),(0.,0.5,1.),.UNSPECIFIED.);
#47=B_SPLINE_CURVE_WITH_KNOTS('',3,(#6048,#6049,#6050,#6051,#6052),
 .UNSPECIFIED.,.F.,.F.,(4,1,4),(0.,0.5,1.),.UNSPECIFIED.);
#48=B_SPLINE_CURVE_WITH_KNOTS('',3,(#6068,#6069,#6070,#6071,#6072),
 .UNSPECIFIED.,.F.,.F.,(4,1,4),(0.,0.5,1.),.UNSPECIFIED.);
#49=B_SPLINE_CURVE_WITH_KNOTS('',3,(#6076,#6077,#6078,#6079,#6080),
 .UNSPECIFIED.,.F.,.F.,(4,1,4),(0.,0.5,1.),.UNSPECIFIED.);
#50=B_SPLINE_CURVE_WITH_KNOTS('',3,(#6101,#6102,#6103,#6104,#6105),
 .UNSPECIFIED.,.F.,.F.,(4,1,4),(0.,0.5,1.),.UNSPECIFIED.);
#51=B_SPLINE_CURVE_WITH_KNOTS('',3,(#6109,#6110,#6111,#6112),
 .UNSPECIFIED.,.F.,.F.,(4,4),(0.,1.),.UNSPECIFIED.);
#52=B_SPLINE_CURVE_WITH_KNOTS('',3,(#6128,#6129,#6130,#6131,#6132),
 .UNSPECIFIED.,.F.,.F.,(4,1,4),(0.,0.5,1.),.UNSPECIFIED.);
#53=B_SPLINE_CURVE_WITH_KNOTS('',3,(#6136,#6137,#6138,#6139),
 .UNSPECIFIED.,.F.,.F.,(4,4),(0.,1.),.UNSPECIFIED.);
#54=B_SPLINE_CURVE_WITH_KNOTS('',3,(#6147,#6148,#6149,#6150,#6151),
 .UNSPECIFIED.,.F.,.F.,(4,1,4),(0.,0.5,1.),.UNSPECIFIED.);
#55=B_SPLINE_CURVE_WITH_KNOTS('',3,(#6155,#6156,#6157,#6158,#6159),
 .UNSPECIFIED.,.F.,.F.,(4,1,4),(0.,0.5,1.),.UNSPECIFIED.);
#56=B_SPLINE_CURVE_WITH_KNOTS('',3,(#6177,#6178,#6179,#6180,#6181),
 .UNSPECIFIED.,.F.,.F.,(4,1,4),(0.,0.5,1.),.UNSPECIFIED.);
#57=B_SPLINE_CURVE_WITH_KNOTS('',3,(#6185,#6186,#6187,#6188,#6189),
 .UNSPECIFIED.,.F.,.F.,(4,1,4),(0.,0.5,1.),.UNSPECIFIED.);
#58=B_SPLINE_CURVE_WITH_KNOTS('',3,(#6493,#6494,#6495,#6496,#6497,#6498,
#6499,#6500,#6501,#6502,#6503,#6504),.UNSPECIFIED.,.F.,.F.,(4,1,1,1,1,1,
1,1,1,4),(0.,0.125,0.25,0.3125,0.375,0.5,0.625,0.75,0.875,1.),
 .UNSPECIFIED.);
#59=B_SPLINE_CURVE_WITH_KNOTS('',3,(#6510,#6511,#6512,#6513,#6514,#6515,
#6516,#6517,#6518,#6519),.UNSPECIFIED.,.F.,.F.,(4,1,1,1,1,1,1,4),(0.,0.125,
0.25,0.375,0.5,0.625,0.75,1.),.UNSPECIFIED.);
#60=B_SPLINE_CURVE_WITH_KNOTS('',3,(#6533,#6534,#6535,#6536,#6537,#6538,
#6539,#6540,#6541,#6542,#6543,#6544),.UNSPECIFIED.,.F.,.F.,(4,1,1,1,1,1,
1,1,1,4),(0.,0.125,0.25,0.3125,0.375,0.5,0.625,0.75,0.875,1.),
 .UNSPECIFIED.);
#61=B_SPLINE_CURVE_WITH_KNOTS('',3,(#6563,#6564,#6565,#6566,#6567,#6568,
#6569,#6570,#6571,#6572),.UNSPECIFIED.,.F.,.F.,(4,1,1,1,1,1,1,4),(0.,0.125,
0.25,0.375,0.5,0.625,0.75,1.),.UNSPECIFIED.);
#62=B_SPLINE_CURVE_WITH_KNOTS('',3,(#6785,#6786,#6787,#6788,#6789),
 .UNSPECIFIED.,.F.,.F.,(4,1,4),(0.,0.5,1.),.UNSPECIFIED.);
#63=B_SPLINE_CURVE_WITH_KNOTS('',3,(#6793,#6794,#6795,#6796,#6797),
 .UNSPECIFIED.,.F.,.F.,(4,1,4),(0.,0.5,1.),.UNSPECIFIED.);
#64=B_SPLINE_CURVE_WITH_KNOTS('',3,(#6803,#6804,#6805,#6806,#6807),
 .UNSPECIFIED.,.F.,.F.,(4,1,4),(0.,0.5,1.),.UNSPECIFIED.);
#65=B_SPLINE_CURVE_WITH_KNOTS('',3,(#6811,#6812,#6813,#6814,#6815),
 .UNSPECIFIED.,.F.,.F.,(4,1,4),(0.,0.5,1.),.UNSPECIFIED.);
#66=TOROIDAL_SURFACE('',#4698,1.9605,0.5);
#67=TOROIDAL_SURFACE('',#4701,1.9605,0.5);
#68=SPHERICAL_SURFACE('',#4694,0.7874);
#69=CYLINDRICAL_SURFACE('',#4669,10.3251);
#70=CYLINDRICAL_SURFACE('',#4677,10.3251);
#71=CYLINDRICAL_SURFACE('',#4684,10.3251);
#72=CYLINDRICAL_SURFACE('',#4693,10.3251);
#73=CYLINDRICAL_SURFACE('',#4696,0.787399999999999);
#74=CYLINDRICAL_SURFACE('',#4720,1.8415);
#75=CYLINDRICAL_SURFACE('',#4724,1.4605);
#76=CYLINDRICAL_SURFACE('',#4732,1.8415);
#77=CYLINDRICAL_SURFACE('',#4736,1.4605);
#78=CYLINDRICAL_SURFACE('',#4746,1.016);
#79=CYLINDRICAL_SURFACE('',#4748,1.016);
#80=CYLINDRICAL_SURFACE('',#4750,1.016);
#81=CYLINDRICAL_SURFACE('',#4752,1.016);
#82=CYLINDRICAL_SURFACE('',#4790,1.5748);
#83=CYLINDRICAL_SURFACE('',#4792,1.5748);
#84=CYLINDRICAL_SURFACE('',#4794,1.5748);
#85=CYLINDRICAL_SURFACE('',#4796,1.5748);
#86=CYLINDRICAL_SURFACE('',#4830,9.144);
#87=CYLINDRICAL_SURFACE('',#4848,9.144);
#88=CYLINDRICAL_SURFACE('',#4849,1.8415);
#89=CYLINDRICAL_SURFACE('',#4852,1.8415);
#90=CYLINDRICAL_SURFACE('',#4873,0.3048);
#91=CYLINDRICAL_SURFACE('',#4876,0.304800000000001);
#92=CYLINDRICAL_SURFACE('',#4885,0.939800000000005);
#93=CYLINDRICAL_SURFACE('',#4889,0.634999999999997);
#94=CYLINDRICAL_SURFACE('',#4914,1.10682422229153);
#95=CYLINDRICAL_SURFACE('',#4915,0.802024222291538);
#96=CIRCLE('',#4663,9.144);
#97=CIRCLE('',#4664,10.3251);
#98=CIRCLE('',#4666,9.144);
#99=CIRCLE('',#4667,10.3251);
#100=CIRCLE('',#4671,10.3251);
#101=CIRCLE('',#4672,9.144);
#102=CIRCLE('',#4674,10.3251);
#103=CIRCLE('',#4675,9.144);
#104=CIRCLE('',#4679,9.144);
#105=CIRCLE('',#4680,10.3251);
#106=CIRCLE('',#4682,9.144);
#107=CIRCLE('',#4683,10.3251);
#108=CIRCLE('',#4687,10.3251);
#109=CIRCLE('',#4688,9.144);
#110=CIRCLE('',#4690,10.3251);
#111=CIRCLE('',#4691,9.144);
#112=CIRCLE('',#4695,0.787399999999999);
#113=CIRCLE('',#4697,0.787399999999999);
#114=CIRCLE('',#4699,1.9605);
#115=CIRCLE('',#4700,1.4605);
#116=CIRCLE('',#4702,1.9605);
#117=CIRCLE('',#4703,1.4605);
#118=CIRCLE('',#4705,1.4605);
#119=CIRCLE('',#4706,1.4605);
#120=CIRCLE('',#4710,1.4605);
#121=CIRCLE('',#4711,1.4605);
#122=CIRCLE('',#4717,0.5334);
#123=CIRCLE('',#4719,1.8415);
#124=CIRCLE('',#4721,1.8415);
#125=CIRCLE('',#4723,1.4605);
#126=CIRCLE('',#4725,1.4605);
#127=CIRCLE('',#4729,0.520700000000002);
#128=CIRCLE('',#4731,1.8415);
#129=CIRCLE('',#4733,1.8415);
#130=CIRCLE('',#4735,1.4605);
#131=CIRCLE('',#4737,1.4605);
#132=CIRCLE('',#4747,1.016);
#133=CIRCLE('',#4749,1.016);
#134=CIRCLE('',#4751,1.016);
#135=CIRCLE('',#4753,1.016);
#136=CIRCLE('',#4763,9.144);
#137=CIRCLE('',#4766,9.144);
#138=CIRCLE('',#4769,9.144);
#139=CIRCLE('',#4772,9.144);
#140=CIRCLE('',#4775,9.144);
#141=CIRCLE('',#4778,9.144);
#142=CIRCLE('',#4781,9.144);
#143=CIRCLE('',#4784,9.144);
#144=CIRCLE('',#4791,1.5748);
#145=CIRCLE('',#4793,1.5748);
#146=CIRCLE('',#4795,1.5748);
#147=CIRCLE('',#4797,1.5748);
#148=CIRCLE('',#4827,9.144);
#149=CIRCLE('',#4828,9.144);
#150=CIRCLE('',#4831,9.144);
#151=CIRCLE('',#4841,9.144);
#152=CIRCLE('',#4850,1.8415);
#153=CIRCLE('',#4851,1.8415);
#154=CIRCLE('',#4853,1.8415);
#155=CIRCLE('',#4854,1.8415);
#156=CIRCLE('',#4858,0.5334);
#157=CIRCLE('',#4864,0.520700000000002);
#158=CIRCLE('',#4874,0.3048);
#159=CIRCLE('',#4875,0.304800000000001);
#160=CIRCLE('',#4877,0.304800000000001);
#161=CIRCLE('',#4878,0.304800000000001);
#162=CIRCLE('',#4886,0.939800000000005);
#163=CIRCLE('',#4887,0.939800000000005);
#164=CIRCLE('',#4890,0.634999999999997);
#165=CIRCLE('',#4891,0.634999999999997);
#166=CIRCLE('',#4904,0.802024222291538);
#167=CIRCLE('',#4905,1.10682422229153);
#168=CIRCLE('',#4910,1.10682422229153);
#169=CIRCLE('',#4911,0.802024222291538);
#170=ORIENTED_EDGE('',*,*,#1184,.T.);
#171=ORIENTED_EDGE('',*,*,#1185,.F.);
#172=ORIENTED_EDGE('',*,*,#1186,.F.);
#173=ORIENTED_EDGE('',*,*,#1187,.T.);
#174=ORIENTED_EDGE('',*,*,#1188,.F.);
#175=ORIENTED_EDGE('',*,*,#1189,.F.);
#176=ORIENTED_EDGE('',*,*,#1190,.T.);
#177=ORIENTED_EDGE('',*,*,#1191,.T.);
#178=ORIENTED_EDGE('',*,*,#1192,.T.);
#179=ORIENTED_EDGE('',*,*,#1193,.F.);
#180=ORIENTED_EDGE('',*,*,#1194,.F.);
#181=ORIENTED_EDGE('',*,*,#1195,.T.);
#182=ORIENTED_EDGE('',*,*,#1196,.T.);
#183=ORIENTED_EDGE('',*,*,#1186,.T.);
#184=ORIENTED_EDGE('',*,*,#1197,.T.);
#185=ORIENTED_EDGE('',*,*,#1198,.T.);
#186=ORIENTED_EDGE('',*,*,#1199,.T.);
#187=ORIENTED_EDGE('',*,*,#1200,.T.);
#188=ORIENTED_EDGE('',*,*,#1201,.T.);
#189=ORIENTED_EDGE('',*,*,#1202,.T.);
#190=ORIENTED_EDGE('',*,*,#1203,.T.);
#191=ORIENTED_EDGE('',*,*,#1194,.T.);
#192=ORIENTED_EDGE('',*,*,#1204,.T.);
#193=ORIENTED_EDGE('',*,*,#1205,.F.);
#194=ORIENTED_EDGE('',*,*,#1206,.F.);
#195=ORIENTED_EDGE('',*,*,#1207,.F.);
#196=ORIENTED_EDGE('',*,*,#1208,.T.);
#197=ORIENTED_EDGE('',*,*,#1209,.T.);
#198=ORIENTED_EDGE('',*,*,#1210,.T.);
#199=ORIENTED_EDGE('',*,*,#1211,.T.);
#200=ORIENTED_EDGE('',*,*,#1212,.F.);
#201=ORIENTED_EDGE('',*,*,#1213,.T.);
#202=ORIENTED_EDGE('',*,*,#1214,.T.);
#203=ORIENTED_EDGE('',*,*,#1215,.T.);
#204=ORIENTED_EDGE('',*,*,#1189,.T.);
#205=ORIENTED_EDGE('',*,*,#1216,.F.);
#206=ORIENTED_EDGE('',*,*,#1217,.T.);
#207=ORIENTED_EDGE('',*,*,#1218,.T.);
#208=ORIENTED_EDGE('',*,*,#1219,.T.);
#209=ORIENTED_EDGE('',*,*,#1220,.T.);
#210=ORIENTED_EDGE('',*,*,#1221,.F.);
#211=ORIENTED_EDGE('',*,*,#1222,.F.);
#212=ORIENTED_EDGE('',*,*,#1223,.F.);
#213=ORIENTED_EDGE('',*,*,#1224,.F.);
#214=ORIENTED_EDGE('',*,*,#1218,.F.);
#215=ORIENTED_EDGE('',*,*,#1225,.F.);
#216=ORIENTED_EDGE('',*,*,#1224,.T.);
#217=ORIENTED_EDGE('',*,*,#1226,.T.);
#218=ORIENTED_EDGE('',*,*,#1219,.F.);
#219=ORIENTED_EDGE('',*,*,#1226,.F.);
#220=ORIENTED_EDGE('',*,*,#1223,.T.);
#221=ORIENTED_EDGE('',*,*,#1227,.T.);
#222=ORIENTED_EDGE('',*,*,#1228,.F.);
#223=ORIENTED_EDGE('',*,*,#1229,.F.);
#224=ORIENTED_EDGE('',*,*,#1230,.F.);
#225=ORIENTED_EDGE('',*,*,#1231,.F.);
#226=ORIENTED_EDGE('',*,*,#1232,.T.);
#227=ORIENTED_EDGE('',*,*,#1233,.T.);
#228=ORIENTED_EDGE('',*,*,#1234,.T.);
#229=ORIENTED_EDGE('',*,*,#1235,.T.);
#230=ORIENTED_EDGE('',*,*,#1231,.T.);
#231=ORIENTED_EDGE('',*,*,#1236,.F.);
#232=ORIENTED_EDGE('',*,*,#1233,.F.);
#233=ORIENTED_EDGE('',*,*,#1237,.T.);
#234=ORIENTED_EDGE('',*,*,#1228,.T.);
#235=ORIENTED_EDGE('',*,*,#1237,.F.);
#236=ORIENTED_EDGE('',*,*,#1232,.F.);
#237=ORIENTED_EDGE('',*,*,#1238,.T.);
#238=ORIENTED_EDGE('',*,*,#1239,.F.);
#239=ORIENTED_EDGE('',*,*,#1240,.F.);
#240=ORIENTED_EDGE('',*,*,#1241,.F.);
#241=ORIENTED_EDGE('',*,*,#1242,.F.);
#242=ORIENTED_EDGE('',*,*,#1243,.T.);
#243=ORIENTED_EDGE('',*,*,#1244,.T.);
#244=ORIENTED_EDGE('',*,*,#1245,.T.);
#245=ORIENTED_EDGE('',*,*,#1246,.T.);
#246=ORIENTED_EDGE('',*,*,#1241,.T.);
#247=ORIENTED_EDGE('',*,*,#1247,.F.);
#248=ORIENTED_EDGE('',*,*,#1245,.F.);
#249=ORIENTED_EDGE('',*,*,#1248,.T.);
#250=ORIENTED_EDGE('',*,*,#1242,.T.);
#251=ORIENTED_EDGE('',*,*,#1248,.F.);
#252=ORIENTED_EDGE('',*,*,#1244,.F.);
#253=ORIENTED_EDGE('',*,*,#1249,.T.);
#254=ORIENTED_EDGE('',*,*,#1250,.T.);
#255=ORIENTED_EDGE('',*,*,#1251,.T.);
#256=ORIENTED_EDGE('',*,*,#1252,.T.);
#257=ORIENTED_EDGE('',*,*,#1253,.T.);
#258=ORIENTED_EDGE('',*,*,#1254,.F.);
#259=ORIENTED_EDGE('',*,*,#1255,.F.);
#260=ORIENTED_EDGE('',*,*,#1256,.F.);
#261=ORIENTED_EDGE('',*,*,#1257,.F.);
#262=ORIENTED_EDGE('',*,*,#1251,.F.);
#263=ORIENTED_EDGE('',*,*,#1258,.F.);
#264=ORIENTED_EDGE('',*,*,#1257,.T.);
#265=ORIENTED_EDGE('',*,*,#1259,.T.);
#266=ORIENTED_EDGE('',*,*,#1250,.F.);
#267=ORIENTED_EDGE('',*,*,#1260,.F.);
#268=ORIENTED_EDGE('',*,*,#1254,.T.);
#269=ORIENTED_EDGE('',*,*,#1258,.T.);
#270=ORIENTED_EDGE('',*,*,#1261,.F.);
#271=ORIENTED_EDGE('',*,*,#1262,.T.);
#272=ORIENTED_EDGE('',*,*,#1261,.T.);
#273=ORIENTED_EDGE('',*,*,#1263,.F.);
#274=ORIENTED_EDGE('',*,*,#1264,.F.);
#275=ORIENTED_EDGE('',*,*,#1265,.F.);
#276=ORIENTED_EDGE('',*,*,#1266,.F.);
#277=ORIENTED_EDGE('',*,*,#1267,.T.);
#278=ORIENTED_EDGE('',*,*,#1268,.F.);
#279=ORIENTED_EDGE('',*,*,#1269,.T.);
#280=ORIENTED_EDGE('',*,*,#1270,.F.);
#281=ORIENTED_EDGE('',*,*,#1271,.T.);
#282=ORIENTED_EDGE('',*,*,#1272,.T.);
#283=ORIENTED_EDGE('',*,*,#1273,.F.);
#284=ORIENTED_EDGE('',*,*,#1274,.T.);
#285=ORIENTED_EDGE('',*,*,#1275,.T.);
#286=ORIENTED_EDGE('',*,*,#1276,.T.);
#287=ORIENTED_EDGE('',*,*,#1277,.F.);
#288=ORIENTED_EDGE('',*,*,#1278,.T.);
#289=ORIENTED_EDGE('',*,*,#1279,.T.);
#290=ORIENTED_EDGE('',*,*,#1269,.F.);
#291=ORIENTED_EDGE('',*,*,#1280,.T.);
#292=ORIENTED_EDGE('',*,*,#1267,.F.);
#293=ORIENTED_EDGE('',*,*,#1281,.T.);
#294=ORIENTED_EDGE('',*,*,#1282,.T.);
#295=ORIENTED_EDGE('',*,*,#1283,.F.);
#296=ORIENTED_EDGE('',*,*,#1284,.T.);
#297=ORIENTED_EDGE('',*,*,#1285,.T.);
#298=ORIENTED_EDGE('',*,*,#1286,.T.);
#299=ORIENTED_EDGE('',*,*,#1287,.F.);
#300=ORIENTED_EDGE('',*,*,#1288,.T.);
#301=ORIENTED_EDGE('',*,*,#1289,.T.);
#302=ORIENTED_EDGE('',*,*,#1290,.T.);
#303=ORIENTED_EDGE('',*,*,#1291,.T.);
#304=ORIENTED_EDGE('',*,*,#1292,.T.);
#305=ORIENTED_EDGE('',*,*,#1293,.T.);
#306=ORIENTED_EDGE('',*,*,#1294,.T.);
#307=ORIENTED_EDGE('',*,*,#1295,.F.);
#308=ORIENTED_EDGE('',*,*,#1296,.T.);
#309=ORIENTED_EDGE('',*,*,#1297,.T.);
#310=ORIENTED_EDGE('',*,*,#1298,.T.);
#311=ORIENTED_EDGE('',*,*,#1299,.F.);
#312=ORIENTED_EDGE('',*,*,#1300,.T.);
#313=ORIENTED_EDGE('',*,*,#1301,.T.);
#314=ORIENTED_EDGE('',*,*,#1290,.F.);
#315=ORIENTED_EDGE('',*,*,#1302,.T.);
#316=ORIENTED_EDGE('',*,*,#1292,.F.);
#317=ORIENTED_EDGE('',*,*,#1303,.T.);
#318=ORIENTED_EDGE('',*,*,#1304,.T.);
#319=ORIENTED_EDGE('',*,*,#1305,.F.);
#320=ORIENTED_EDGE('',*,*,#1306,.T.);
#321=ORIENTED_EDGE('',*,*,#1307,.T.);
#322=ORIENTED_EDGE('',*,*,#1308,.T.);
#323=ORIENTED_EDGE('',*,*,#1309,.F.);
#324=ORIENTED_EDGE('',*,*,#1310,.T.);
#325=ORIENTED_EDGE('',*,*,#1311,.T.);
#326=ORIENTED_EDGE('',*,*,#1299,.T.);
#327=ORIENTED_EDGE('',*,*,#1312,.T.);
#328=ORIENTED_EDGE('',*,*,#1313,.T.);
#329=ORIENTED_EDGE('',*,*,#1314,.T.);
#330=ORIENTED_EDGE('',*,*,#1295,.T.);
#331=ORIENTED_EDGE('',*,*,#1315,.T.);
#332=ORIENTED_EDGE('',*,*,#1316,.T.);
#333=ORIENTED_EDGE('',*,*,#1297,.F.);
#334=ORIENTED_EDGE('',*,*,#1317,.F.);
#335=ORIENTED_EDGE('',*,*,#1298,.F.);
#336=ORIENTED_EDGE('',*,*,#1317,.T.);
#337=ORIENTED_EDGE('',*,*,#1296,.F.);
#338=ORIENTED_EDGE('',*,*,#1314,.F.);
#339=ORIENTED_EDGE('',*,*,#1318,.F.);
#340=ORIENTED_EDGE('',*,*,#1312,.F.);
#341=ORIENTED_EDGE('',*,*,#1313,.F.);
#342=ORIENTED_EDGE('',*,*,#1318,.T.);
#343=ORIENTED_EDGE('',*,*,#1316,.F.);
#344=ORIENTED_EDGE('',*,*,#1319,.F.);
#345=ORIENTED_EDGE('',*,*,#1300,.F.);
#346=ORIENTED_EDGE('',*,*,#1311,.F.);
#347=ORIENTED_EDGE('',*,*,#1319,.T.);
#348=ORIENTED_EDGE('',*,*,#1315,.F.);
#349=ORIENTED_EDGE('',*,*,#1294,.F.);
#350=ORIENTED_EDGE('',*,*,#1320,.F.);
#351=ORIENTED_EDGE('',*,*,#1302,.F.);
#352=ORIENTED_EDGE('',*,*,#1321,.T.);
#353=ORIENTED_EDGE('',*,*,#1303,.F.);
#354=ORIENTED_EDGE('',*,*,#1291,.F.);
#355=ORIENTED_EDGE('',*,*,#1301,.F.);
#356=ORIENTED_EDGE('',*,*,#1320,.T.);
#357=ORIENTED_EDGE('',*,*,#1293,.F.);
#358=ORIENTED_EDGE('',*,*,#1289,.F.);
#359=ORIENTED_EDGE('',*,*,#1266,.T.);
#360=ORIENTED_EDGE('',*,*,#1322,.T.);
#361=ORIENTED_EDGE('',*,*,#1277,.T.);
#362=ORIENTED_EDGE('',*,*,#1323,.T.);
#363=ORIENTED_EDGE('',*,*,#1324,.T.);
#364=ORIENTED_EDGE('',*,*,#1325,.T.);
#365=ORIENTED_EDGE('',*,*,#1273,.T.);
#366=ORIENTED_EDGE('',*,*,#1326,.T.);
#367=ORIENTED_EDGE('',*,*,#1327,.T.);
#368=ORIENTED_EDGE('',*,*,#1275,.F.);
#369=ORIENTED_EDGE('',*,*,#1328,.F.);
#370=ORIENTED_EDGE('',*,*,#1276,.F.);
#371=ORIENTED_EDGE('',*,*,#1328,.T.);
#372=ORIENTED_EDGE('',*,*,#1274,.F.);
#373=ORIENTED_EDGE('',*,*,#1325,.F.);
#374=ORIENTED_EDGE('',*,*,#1329,.F.);
#375=ORIENTED_EDGE('',*,*,#1323,.F.);
#376=ORIENTED_EDGE('',*,*,#1324,.F.);
#377=ORIENTED_EDGE('',*,*,#1329,.T.);
#378=ORIENTED_EDGE('',*,*,#1327,.F.);
#379=ORIENTED_EDGE('',*,*,#1330,.F.);
#380=ORIENTED_EDGE('',*,*,#1278,.F.);
#381=ORIENTED_EDGE('',*,*,#1322,.F.);
#382=ORIENTED_EDGE('',*,*,#1330,.T.);
#383=ORIENTED_EDGE('',*,*,#1326,.F.);
#384=ORIENTED_EDGE('',*,*,#1272,.F.);
#385=ORIENTED_EDGE('',*,*,#1331,.F.);
#386=ORIENTED_EDGE('',*,*,#1281,.F.);
#387=ORIENTED_EDGE('',*,*,#1270,.T.);
#388=ORIENTED_EDGE('',*,*,#1279,.F.);
#389=ORIENTED_EDGE('',*,*,#1331,.T.);
#390=ORIENTED_EDGE('',*,*,#1271,.F.);
#391=ORIENTED_EDGE('',*,*,#1268,.T.);
#392=ORIENTED_EDGE('',*,*,#1280,.F.);
#393=ORIENTED_EDGE('',*,*,#1332,.T.);
#394=ORIENTED_EDGE('',*,*,#1264,.T.);
#395=ORIENTED_EDGE('',*,*,#1333,.F.);
#396=ORIENTED_EDGE('',*,*,#1334,.F.);
#397=ORIENTED_EDGE('',*,*,#1335,.F.);
#398=ORIENTED_EDGE('',*,*,#1336,.F.);
#399=ORIENTED_EDGE('',*,*,#1337,.F.);
#400=ORIENTED_EDGE('',*,*,#1338,.F.);
#401=ORIENTED_EDGE('',*,*,#1339,.F.);
#402=ORIENTED_EDGE('',*,*,#1333,.T.);
#403=ORIENTED_EDGE('',*,*,#1340,.T.);
#404=ORIENTED_EDGE('',*,*,#1341,.T.);
#405=ORIENTED_EDGE('',*,*,#1342,.F.);
#406=ORIENTED_EDGE('',*,*,#1340,.F.);
#407=ORIENTED_EDGE('',*,*,#1336,.T.);
#408=ORIENTED_EDGE('',*,*,#1343,.T.);
#409=ORIENTED_EDGE('',*,*,#1344,.F.);
#410=ORIENTED_EDGE('',*,*,#1345,.F.);
#411=ORIENTED_EDGE('',*,*,#1334,.T.);
#412=ORIENTED_EDGE('',*,*,#1339,.T.);
#413=ORIENTED_EDGE('',*,*,#1346,.F.);
#414=ORIENTED_EDGE('',*,*,#1347,.F.);
#415=ORIENTED_EDGE('',*,*,#1348,.F.);
#416=ORIENTED_EDGE('',*,*,#1349,.F.);
#417=ORIENTED_EDGE('',*,*,#1350,.F.);
#418=ORIENTED_EDGE('',*,*,#1351,.F.);
#419=ORIENTED_EDGE('',*,*,#1352,.F.);
#420=ORIENTED_EDGE('',*,*,#1347,.T.);
#421=ORIENTED_EDGE('',*,*,#1353,.T.);
#422=ORIENTED_EDGE('',*,*,#1354,.F.);
#423=ORIENTED_EDGE('',*,*,#1355,.T.);
#424=ORIENTED_EDGE('',*,*,#1353,.F.);
#425=ORIENTED_EDGE('',*,*,#1346,.T.);
#426=ORIENTED_EDGE('',*,*,#1356,.T.);
#427=ORIENTED_EDGE('',*,*,#1357,.F.);
#428=ORIENTED_EDGE('',*,*,#1358,.F.);
#429=ORIENTED_EDGE('',*,*,#1348,.T.);
#430=ORIENTED_EDGE('',*,*,#1352,.T.);
#431=ORIENTED_EDGE('',*,*,#1359,.F.);
#432=ORIENTED_EDGE('',*,*,#1360,.F.);
#433=ORIENTED_EDGE('',*,*,#1361,.F.);
#434=ORIENTED_EDGE('',*,*,#1362,.F.);
#435=ORIENTED_EDGE('',*,*,#1363,.F.);
#436=ORIENTED_EDGE('',*,*,#1364,.F.);
#437=ORIENTED_EDGE('',*,*,#1365,.F.);
#438=ORIENTED_EDGE('',*,*,#1366,.F.);
#439=ORIENTED_EDGE('',*,*,#1367,.F.);
#440=ORIENTED_EDGE('',*,*,#1368,.F.);
#441=ORIENTED_EDGE('',*,*,#1369,.F.);
#442=ORIENTED_EDGE('',*,*,#1370,.F.);
#443=ORIENTED_EDGE('',*,*,#1371,.F.);
#444=ORIENTED_EDGE('',*,*,#1372,.F.);
#445=ORIENTED_EDGE('',*,*,#1373,.F.);
#446=ORIENTED_EDGE('',*,*,#1374,.F.);
#447=ORIENTED_EDGE('',*,*,#1375,.F.);
#448=ORIENTED_EDGE('',*,*,#1360,.T.);
#449=ORIENTED_EDGE('',*,*,#1376,.F.);
#450=ORIENTED_EDGE('',*,*,#1377,.F.);
#451=ORIENTED_EDGE('',*,*,#1378,.F.);
#452=ORIENTED_EDGE('',*,*,#1379,.F.);
#453=ORIENTED_EDGE('',*,*,#1368,.T.);
#454=ORIENTED_EDGE('',*,*,#1380,.F.);
#455=ORIENTED_EDGE('',*,*,#1381,.F.);
#456=ORIENTED_EDGE('',*,*,#1382,.F.);
#457=ORIENTED_EDGE('',*,*,#1383,.F.);
#458=ORIENTED_EDGE('',*,*,#1364,.T.);
#459=ORIENTED_EDGE('',*,*,#1384,.F.);
#460=ORIENTED_EDGE('',*,*,#1385,.F.);
#461=ORIENTED_EDGE('',*,*,#1386,.F.);
#462=ORIENTED_EDGE('',*,*,#1387,.F.);
#463=ORIENTED_EDGE('',*,*,#1372,.T.);
#464=ORIENTED_EDGE('',*,*,#1388,.F.);
#465=ORIENTED_EDGE('',*,*,#1389,.F.);
#466=ORIENTED_EDGE('',*,*,#1390,.F.);
#467=ORIENTED_EDGE('',*,*,#1391,.T.);
#468=ORIENTED_EDGE('',*,*,#1206,.T.);
#469=ORIENTED_EDGE('',*,*,#1392,.F.);
#470=ORIENTED_EDGE('',*,*,#1393,.F.);
#471=ORIENTED_EDGE('',*,*,#1394,.T.);
#472=ORIENTED_EDGE('',*,*,#1205,.T.);
#473=ORIENTED_EDGE('',*,*,#1395,.F.);
#474=ORIENTED_EDGE('',*,*,#1396,.F.);
#475=ORIENTED_EDGE('',*,*,#1397,.F.);
#476=ORIENTED_EDGE('',*,*,#1398,.F.);
#477=ORIENTED_EDGE('',*,*,#1399,.F.);
#478=ORIENTED_EDGE('',*,*,#1400,.F.);
#479=ORIENTED_EDGE('',*,*,#1401,.T.);
#480=ORIENTED_EDGE('',*,*,#1402,.F.);
#481=ORIENTED_EDGE('',*,*,#1398,.T.);
#482=ORIENTED_EDGE('',*,*,#1403,.T.);
#483=ORIENTED_EDGE('',*,*,#1404,.T.);
#484=ORIENTED_EDGE('',*,*,#1405,.F.);
#485=ORIENTED_EDGE('',*,*,#1399,.T.);
#486=ORIENTED_EDGE('',*,*,#1402,.T.);
#487=ORIENTED_EDGE('',*,*,#1406,.T.);
#488=ORIENTED_EDGE('',*,*,#1407,.F.);
#489=ORIENTED_EDGE('',*,*,#1400,.T.);
#490=ORIENTED_EDGE('',*,*,#1405,.T.);
#491=ORIENTED_EDGE('',*,*,#1408,.T.);
#492=ORIENTED_EDGE('',*,*,#1403,.F.);
#493=ORIENTED_EDGE('',*,*,#1397,.T.);
#494=ORIENTED_EDGE('',*,*,#1407,.T.);
#495=ORIENTED_EDGE('',*,*,#1409,.F.);
#496=ORIENTED_EDGE('',*,*,#1410,.F.);
#497=ORIENTED_EDGE('',*,*,#1411,.F.);
#498=ORIENTED_EDGE('',*,*,#1412,.F.);
#499=ORIENTED_EDGE('',*,*,#1413,.F.);
#500=ORIENTED_EDGE('',*,*,#1414,.F.);
#501=ORIENTED_EDGE('',*,*,#1415,.F.);
#502=ORIENTED_EDGE('',*,*,#1416,.F.);
#503=ORIENTED_EDGE('',*,*,#1417,.F.);
#504=ORIENTED_EDGE('',*,*,#1418,.F.);
#505=ORIENTED_EDGE('',*,*,#1419,.F.);
#506=ORIENTED_EDGE('',*,*,#1420,.F.);
#507=ORIENTED_EDGE('',*,*,#1421,.T.);
#508=ORIENTED_EDGE('',*,*,#1422,.F.);
#509=ORIENTED_EDGE('',*,*,#1410,.T.);
#510=ORIENTED_EDGE('',*,*,#1423,.T.);
#511=ORIENTED_EDGE('',*,*,#1424,.T.);
#512=ORIENTED_EDGE('',*,*,#1425,.F.);
#513=ORIENTED_EDGE('',*,*,#1411,.T.);
#514=ORIENTED_EDGE('',*,*,#1422,.T.);
#515=ORIENTED_EDGE('',*,*,#1426,.T.);
#516=ORIENTED_EDGE('',*,*,#1427,.F.);
#517=ORIENTED_EDGE('',*,*,#1412,.T.);
#518=ORIENTED_EDGE('',*,*,#1425,.T.);
#519=ORIENTED_EDGE('',*,*,#1428,.T.);
#520=ORIENTED_EDGE('',*,*,#1429,.F.);
#521=ORIENTED_EDGE('',*,*,#1413,.T.);
#522=ORIENTED_EDGE('',*,*,#1427,.T.);
#523=ORIENTED_EDGE('',*,*,#1430,.T.);
#524=ORIENTED_EDGE('',*,*,#1431,.F.);
#525=ORIENTED_EDGE('',*,*,#1414,.T.);
#526=ORIENTED_EDGE('',*,*,#1429,.T.);
#527=ORIENTED_EDGE('',*,*,#1432,.T.);
#528=ORIENTED_EDGE('',*,*,#1433,.F.);
#529=ORIENTED_EDGE('',*,*,#1415,.T.);
#530=ORIENTED_EDGE('',*,*,#1431,.T.);
#531=ORIENTED_EDGE('',*,*,#1434,.T.);
#532=ORIENTED_EDGE('',*,*,#1435,.F.);
#533=ORIENTED_EDGE('',*,*,#1416,.T.);
#534=ORIENTED_EDGE('',*,*,#1433,.T.);
#535=ORIENTED_EDGE('',*,*,#1436,.T.);
#536=ORIENTED_EDGE('',*,*,#1437,.F.);
#537=ORIENTED_EDGE('',*,*,#1417,.T.);
#538=ORIENTED_EDGE('',*,*,#1435,.T.);
#539=ORIENTED_EDGE('',*,*,#1438,.T.);
#540=ORIENTED_EDGE('',*,*,#1439,.F.);
#541=ORIENTED_EDGE('',*,*,#1418,.T.);
#542=ORIENTED_EDGE('',*,*,#1437,.T.);
#543=ORIENTED_EDGE('',*,*,#1440,.T.);
#544=ORIENTED_EDGE('',*,*,#1441,.F.);
#545=ORIENTED_EDGE('',*,*,#1419,.T.);
#546=ORIENTED_EDGE('',*,*,#1439,.T.);
#547=ORIENTED_EDGE('',*,*,#1442,.T.);
#548=ORIENTED_EDGE('',*,*,#1443,.F.);
#549=ORIENTED_EDGE('',*,*,#1420,.T.);
#550=ORIENTED_EDGE('',*,*,#1441,.T.);
#551=ORIENTED_EDGE('',*,*,#1444,.T.);
#552=ORIENTED_EDGE('',*,*,#1423,.F.);
#553=ORIENTED_EDGE('',*,*,#1409,.T.);
#554=ORIENTED_EDGE('',*,*,#1443,.T.);
#555=ORIENTED_EDGE('',*,*,#1445,.T.);
#556=ORIENTED_EDGE('',*,*,#1446,.T.);
#557=ORIENTED_EDGE('',*,*,#1447,.T.);
#558=ORIENTED_EDGE('',*,*,#1448,.T.);
#559=ORIENTED_EDGE('',*,*,#1449,.T.);
#560=ORIENTED_EDGE('',*,*,#1450,.T.);
#561=ORIENTED_EDGE('',*,*,#1451,.T.);
#562=ORIENTED_EDGE('',*,*,#1452,.T.);
#563=ORIENTED_EDGE('',*,*,#1453,.F.);
#564=ORIENTED_EDGE('',*,*,#1454,.T.);
#565=ORIENTED_EDGE('',*,*,#1455,.T.);
#566=ORIENTED_EDGE('',*,*,#1456,.F.);
#567=ORIENTED_EDGE('',*,*,#1457,.F.);
#568=ORIENTED_EDGE('',*,*,#1458,.T.);
#569=ORIENTED_EDGE('',*,*,#1459,.T.);
#570=ORIENTED_EDGE('',*,*,#1460,.F.);
#571=ORIENTED_EDGE('',*,*,#1461,.F.);
#572=ORIENTED_EDGE('',*,*,#1462,.F.);
#573=ORIENTED_EDGE('',*,*,#1463,.F.);
#574=ORIENTED_EDGE('',*,*,#1464,.F.);
#575=ORIENTED_EDGE('',*,*,#1465,.F.);
#576=ORIENTED_EDGE('',*,*,#1466,.F.);
#577=ORIENTED_EDGE('',*,*,#1467,.F.);
#578=ORIENTED_EDGE('',*,*,#1468,.F.);
#579=ORIENTED_EDGE('',*,*,#1469,.F.);
#580=ORIENTED_EDGE('',*,*,#1470,.F.);
#581=ORIENTED_EDGE('',*,*,#1471,.F.);
#582=ORIENTED_EDGE('',*,*,#1472,.F.);
#583=ORIENTED_EDGE('',*,*,#1473,.F.);
#584=ORIENTED_EDGE('',*,*,#1474,.F.);
#585=ORIENTED_EDGE('',*,*,#1475,.F.);
#586=ORIENTED_EDGE('',*,*,#1476,.F.);
#587=ORIENTED_EDGE('',*,*,#1477,.F.);
#588=ORIENTED_EDGE('',*,*,#1478,.F.);
#589=ORIENTED_EDGE('',*,*,#1479,.F.);
#590=ORIENTED_EDGE('',*,*,#1480,.F.);
#591=ORIENTED_EDGE('',*,*,#1481,.T.);
#592=ORIENTED_EDGE('',*,*,#1212,.T.);
#593=ORIENTED_EDGE('',*,*,#1482,.T.);
#594=ORIENTED_EDGE('',*,*,#1483,.T.);
#595=ORIENTED_EDGE('',*,*,#1484,.T.);
#596=ORIENTED_EDGE('',*,*,#1485,.F.);
#597=ORIENTED_EDGE('',*,*,#1483,.F.);
#598=ORIENTED_EDGE('',*,*,#1486,.T.);
#599=ORIENTED_EDGE('',*,*,#1487,.F.);
#600=ORIENTED_EDGE('',*,*,#1488,.F.);
#601=ORIENTED_EDGE('',*,*,#1489,.F.);
#602=ORIENTED_EDGE('',*,*,#1200,.F.);
#603=ORIENTED_EDGE('',*,*,#1490,.F.);
#604=ORIENTED_EDGE('',*,*,#1491,.F.);
#605=ORIENTED_EDGE('',*,*,#1488,.T.);
#606=ORIENTED_EDGE('',*,*,#1492,.T.);
#607=ORIENTED_EDGE('',*,*,#1493,.T.);
#608=ORIENTED_EDGE('',*,*,#1190,.F.);
#609=ORIENTED_EDGE('',*,*,#1215,.F.);
#610=ORIENTED_EDGE('',*,*,#1494,.T.);
#611=ORIENTED_EDGE('',*,*,#1447,.F.);
#612=ORIENTED_EDGE('',*,*,#1495,.T.);
#613=ORIENTED_EDGE('',*,*,#1496,.T.);
#614=ORIENTED_EDGE('',*,*,#1361,.T.);
#615=ORIENTED_EDGE('',*,*,#1375,.T.);
#616=ORIENTED_EDGE('',*,*,#1497,.T.);
#617=ORIENTED_EDGE('',*,*,#1392,.T.);
#618=ORIENTED_EDGE('',*,*,#1216,.T.);
#619=ORIENTED_EDGE('',*,*,#1188,.T.);
#620=ORIENTED_EDGE('',*,*,#1384,.T.);
#621=ORIENTED_EDGE('',*,*,#1363,.T.);
#622=ORIENTED_EDGE('',*,*,#1498,.T.);
#623=ORIENTED_EDGE('',*,*,#1499,.F.);
#624=ORIENTED_EDGE('',*,*,#1207,.T.);
#625=ORIENTED_EDGE('',*,*,#1391,.F.);
#626=ORIENTED_EDGE('',*,*,#1500,.T.);
#627=ORIENTED_EDGE('',*,*,#1208,.F.);
#628=ORIENTED_EDGE('',*,*,#1499,.T.);
#629=ORIENTED_EDGE('',*,*,#1501,.T.);
#630=ORIENTED_EDGE('',*,*,#1502,.F.);
#631=ORIENTED_EDGE('',*,*,#1503,.T.);
#632=ORIENTED_EDGE('',*,*,#1504,.F.);
#633=ORIENTED_EDGE('',*,*,#1451,.F.);
#634=ORIENTED_EDGE('',*,*,#1505,.F.);
#635=ORIENTED_EDGE('',*,*,#1209,.F.);
#636=ORIENTED_EDGE('',*,*,#1502,.T.);
#637=ORIENTED_EDGE('',*,*,#1506,.T.);
#638=ORIENTED_EDGE('',*,*,#1507,.F.);
#639=ORIENTED_EDGE('',*,*,#1458,.F.);
#640=ORIENTED_EDGE('',*,*,#1508,.F.);
#641=ORIENTED_EDGE('',*,*,#1197,.F.);
#642=ORIENTED_EDGE('',*,*,#1185,.T.);
#643=ORIENTED_EDGE('',*,*,#1508,.T.);
#644=ORIENTED_EDGE('',*,*,#1457,.T.);
#645=ORIENTED_EDGE('',*,*,#1509,.F.);
#646=ORIENTED_EDGE('',*,*,#1198,.F.);
#647=ORIENTED_EDGE('',*,*,#1509,.T.);
#648=ORIENTED_EDGE('',*,*,#1460,.T.);
#649=ORIENTED_EDGE('',*,*,#1510,.F.);
#650=ORIENTED_EDGE('',*,*,#1492,.F.);
#651=ORIENTED_EDGE('',*,*,#1487,.T.);
#652=ORIENTED_EDGE('',*,*,#1199,.F.);
#653=ORIENTED_EDGE('',*,*,#1511,.T.);
#654=ORIENTED_EDGE('',*,*,#1453,.T.);
#655=ORIENTED_EDGE('',*,*,#1512,.F.);
#656=ORIENTED_EDGE('',*,*,#1201,.F.);
#657=ORIENTED_EDGE('',*,*,#1489,.T.);
#658=ORIENTED_EDGE('',*,*,#1491,.T.);
#659=ORIENTED_EDGE('',*,*,#1512,.T.);
#660=ORIENTED_EDGE('',*,*,#1456,.T.);
#661=ORIENTED_EDGE('',*,*,#1513,.F.);
#662=ORIENTED_EDGE('',*,*,#1202,.F.);
#663=ORIENTED_EDGE('',*,*,#1514,.T.);
#664=ORIENTED_EDGE('',*,*,#1195,.F.);
#665=ORIENTED_EDGE('',*,*,#1203,.F.);
#666=ORIENTED_EDGE('',*,*,#1513,.T.);
#667=ORIENTED_EDGE('',*,*,#1455,.F.);
#668=ORIENTED_EDGE('',*,*,#1515,.T.);
#669=ORIENTED_EDGE('',*,*,#1516,.T.);
#670=ORIENTED_EDGE('',*,*,#1373,.T.);
#671=ORIENTED_EDGE('',*,*,#1387,.T.);
#672=ORIENTED_EDGE('',*,*,#1517,.T.);
#673=ORIENTED_EDGE('',*,*,#1395,.T.);
#674=ORIENTED_EDGE('',*,*,#1204,.F.);
#675=ORIENTED_EDGE('',*,*,#1193,.T.);
#676=ORIENTED_EDGE('',*,*,#1380,.T.);
#677=ORIENTED_EDGE('',*,*,#1367,.T.);
#678=ORIENTED_EDGE('',*,*,#1518,.T.);
#679=ORIENTED_EDGE('',*,*,#1187,.F.);
#680=ORIENTED_EDGE('',*,*,#1196,.F.);
#681=ORIENTED_EDGE('',*,*,#1394,.F.);
#682=ORIENTED_EDGE('',*,*,#1519,.T.);
#683=ORIENTED_EDGE('',*,*,#1520,.T.);
#684=ORIENTED_EDGE('',*,*,#1521,.T.);
#685=ORIENTED_EDGE('',*,*,#1522,.T.);
#686=ORIENTED_EDGE('',*,*,#1523,.T.);
#687=ORIENTED_EDGE('',*,*,#1524,.T.);
#688=ORIENTED_EDGE('',*,*,#1525,.F.);
#689=ORIENTED_EDGE('',*,*,#1521,.F.);
#690=ORIENTED_EDGE('',*,*,#1526,.T.);
#691=ORIENTED_EDGE('',*,*,#1527,.T.);
#692=ORIENTED_EDGE('',*,*,#1528,.F.);
#693=ORIENTED_EDGE('',*,*,#1522,.F.);
#694=ORIENTED_EDGE('',*,*,#1525,.T.);
#695=ORIENTED_EDGE('',*,*,#1529,.T.);
#696=ORIENTED_EDGE('',*,*,#1530,.F.);
#697=ORIENTED_EDGE('',*,*,#1523,.F.);
#698=ORIENTED_EDGE('',*,*,#1528,.T.);
#699=ORIENTED_EDGE('',*,*,#1531,.T.);
#700=ORIENTED_EDGE('',*,*,#1532,.T.);
#701=ORIENTED_EDGE('',*,*,#1533,.T.);
#702=ORIENTED_EDGE('',*,*,#1534,.T.);
#703=ORIENTED_EDGE('',*,*,#1535,.T.);
#704=ORIENTED_EDGE('',*,*,#1536,.F.);
#705=ORIENTED_EDGE('',*,*,#1533,.F.);
#706=ORIENTED_EDGE('',*,*,#1537,.T.);
#707=ORIENTED_EDGE('',*,*,#1538,.T.);
#708=ORIENTED_EDGE('',*,*,#1539,.F.);
#709=ORIENTED_EDGE('',*,*,#1534,.F.);
#710=ORIENTED_EDGE('',*,*,#1536,.T.);
#711=ORIENTED_EDGE('',*,*,#1540,.T.);
#712=ORIENTED_EDGE('',*,*,#1541,.F.);
#713=ORIENTED_EDGE('',*,*,#1531,.F.);
#714=ORIENTED_EDGE('',*,*,#1539,.T.);
#715=ORIENTED_EDGE('',*,*,#1388,.T.);
#716=ORIENTED_EDGE('',*,*,#1371,.T.);
#717=ORIENTED_EDGE('',*,*,#1542,.T.);
#718=ORIENTED_EDGE('',*,*,#1543,.F.);
#719=ORIENTED_EDGE('',*,*,#1461,.T.);
#720=ORIENTED_EDGE('',*,*,#1544,.F.);
#721=ORIENTED_EDGE('',*,*,#1518,.F.);
#722=ORIENTED_EDGE('',*,*,#1370,.T.);
#723=ORIENTED_EDGE('',*,*,#1545,.T.);
#724=ORIENTED_EDGE('',*,*,#1546,.F.);
#725=ORIENTED_EDGE('',*,*,#1506,.F.);
#726=ORIENTED_EDGE('',*,*,#1184,.F.);
#727=ORIENTED_EDGE('',*,*,#1545,.F.);
#728=ORIENTED_EDGE('',*,*,#1369,.T.);
#729=ORIENTED_EDGE('',*,*,#1379,.T.);
#730=ORIENTED_EDGE('',*,*,#1547,.T.);
#731=ORIENTED_EDGE('',*,*,#1468,.T.);
#732=ORIENTED_EDGE('',*,*,#1548,.F.);
#733=ORIENTED_EDGE('',*,*,#1335,.T.);
#734=ORIENTED_EDGE('',*,*,#1345,.T.);
#735=ORIENTED_EDGE('',*,*,#1549,.F.);
#736=ORIENTED_EDGE('',*,*,#1462,.T.);
#737=ORIENTED_EDGE('',*,*,#1543,.T.);
#738=ORIENTED_EDGE('',*,*,#1550,.T.);
#739=ORIENTED_EDGE('',*,*,#1515,.F.);
#740=ORIENTED_EDGE('',*,*,#1454,.F.);
#741=ORIENTED_EDGE('',*,*,#1511,.F.);
#742=ORIENTED_EDGE('',*,*,#1490,.T.);
#743=ORIENTED_EDGE('',*,*,#1510,.T.);
#744=ORIENTED_EDGE('',*,*,#1459,.F.);
#745=ORIENTED_EDGE('',*,*,#1507,.T.);
#746=ORIENTED_EDGE('',*,*,#1546,.T.);
#747=ORIENTED_EDGE('',*,*,#1548,.T.);
#748=ORIENTED_EDGE('',*,*,#1467,.T.);
#749=ORIENTED_EDGE('',*,*,#1551,.F.);
#750=ORIENTED_EDGE('',*,*,#1343,.F.);
#751=ORIENTED_EDGE('',*,*,#1552,.T.);
#752=ORIENTED_EDGE('',*,*,#1338,.T.);
#753=ORIENTED_EDGE('',*,*,#1553,.F.);
#754=ORIENTED_EDGE('',*,*,#1354,.T.);
#755=ORIENTED_EDGE('',*,*,#1549,.T.);
#756=ORIENTED_EDGE('',*,*,#1344,.T.);
#757=ORIENTED_EDGE('',*,*,#1552,.F.);
#758=ORIENTED_EDGE('',*,*,#1355,.F.);
#759=ORIENTED_EDGE('',*,*,#1554,.F.);
#760=ORIENTED_EDGE('',*,*,#1478,.T.);
#761=ORIENTED_EDGE('',*,*,#1555,.T.);
#762=ORIENTED_EDGE('',*,*,#1252,.F.);
#763=ORIENTED_EDGE('',*,*,#1259,.F.);
#764=ORIENTED_EDGE('',*,*,#1256,.T.);
#765=ORIENTED_EDGE('',*,*,#1556,.T.);
#766=ORIENTED_EDGE('',*,*,#1221,.T.);
#767=ORIENTED_EDGE('',*,*,#1225,.T.);
#768=ORIENTED_EDGE('',*,*,#1217,.F.);
#769=ORIENTED_EDGE('',*,*,#1557,.T.);
#770=ORIENTED_EDGE('',*,*,#1463,.T.);
#771=ORIENTED_EDGE('',*,*,#1558,.T.);
#772=ORIENTED_EDGE('',*,*,#1253,.F.);
#773=ORIENTED_EDGE('',*,*,#1555,.F.);
#774=ORIENTED_EDGE('',*,*,#1477,.T.);
#775=ORIENTED_EDGE('',*,*,#1376,.T.);
#776=ORIENTED_EDGE('',*,*,#1359,.T.);
#777=ORIENTED_EDGE('',*,*,#1559,.T.);
#778=ORIENTED_EDGE('',*,*,#1560,.T.);
#779=ORIENTED_EDGE('',*,*,#1474,.T.);
#780=ORIENTED_EDGE('',*,*,#1561,.F.);
#781=ORIENTED_EDGE('',*,*,#1559,.F.);
#782=ORIENTED_EDGE('',*,*,#1362,.T.);
#783=ORIENTED_EDGE('',*,*,#1496,.F.);
#784=ORIENTED_EDGE('',*,*,#1191,.F.);
#785=ORIENTED_EDGE('',*,*,#1493,.F.);
#786=ORIENTED_EDGE('',*,*,#1562,.T.);
#787=ORIENTED_EDGE('',*,*,#1563,.F.);
#788=ORIENTED_EDGE('',*,*,#1365,.T.);
#789=ORIENTED_EDGE('',*,*,#1383,.T.);
#790=ORIENTED_EDGE('',*,*,#1564,.T.);
#791=ORIENTED_EDGE('',*,*,#1480,.T.);
#792=ORIENTED_EDGE('',*,*,#1565,.T.);
#793=ORIENTED_EDGE('',*,*,#1566,.T.);
#794=ORIENTED_EDGE('',*,*,#1389,.T.);
#795=ORIENTED_EDGE('',*,*,#1544,.T.);
#796=ORIENTED_EDGE('',*,*,#1465,.T.);
#797=ORIENTED_EDGE('',*,*,#1567,.F.);
#798=ORIENTED_EDGE('',*,*,#1227,.F.);
#799=ORIENTED_EDGE('',*,*,#1568,.F.);
#800=ORIENTED_EDGE('',*,*,#1260,.T.);
#801=ORIENTED_EDGE('',*,*,#1558,.F.);
#802=ORIENTED_EDGE('',*,*,#1476,.T.);
#803=ORIENTED_EDGE('',*,*,#1564,.F.);
#804=ORIENTED_EDGE('',*,*,#1386,.T.);
#805=ORIENTED_EDGE('',*,*,#1569,.T.);
#806=ORIENTED_EDGE('',*,*,#1537,.F.);
#807=ORIENTED_EDGE('',*,*,#1532,.F.);
#808=ORIENTED_EDGE('',*,*,#1541,.T.);
#809=ORIENTED_EDGE('',*,*,#1547,.F.);
#810=ORIENTED_EDGE('',*,*,#1382,.T.);
#811=ORIENTED_EDGE('',*,*,#1570,.F.);
#812=ORIENTED_EDGE('',*,*,#1526,.F.);
#813=ORIENTED_EDGE('',*,*,#1520,.F.);
#814=ORIENTED_EDGE('',*,*,#1530,.T.);
#815=ORIENTED_EDGE('',*,*,#1571,.F.);
#816=ORIENTED_EDGE('',*,*,#1377,.T.);
#817=ORIENTED_EDGE('',*,*,#1561,.T.);
#818=ORIENTED_EDGE('',*,*,#1473,.T.);
#819=ORIENTED_EDGE('',*,*,#1572,.T.);
#820=ORIENTED_EDGE('',*,*,#1238,.F.);
#821=ORIENTED_EDGE('',*,*,#1573,.T.);
#822=ORIENTED_EDGE('',*,*,#1247,.T.);
#823=ORIENTED_EDGE('',*,*,#1574,.T.);
#824=ORIENTED_EDGE('',*,*,#1469,.T.);
#825=ORIENTED_EDGE('',*,*,#1575,.T.);
#826=ORIENTED_EDGE('',*,*,#1229,.T.);
#827=ORIENTED_EDGE('',*,*,#1572,.F.);
#828=ORIENTED_EDGE('',*,*,#1472,.T.);
#829=ORIENTED_EDGE('',*,*,#1576,.T.);
#830=ORIENTED_EDGE('',*,*,#1341,.F.);
#831=ORIENTED_EDGE('',*,*,#1577,.F.);
#832=ORIENTED_EDGE('',*,*,#1351,.T.);
#833=ORIENTED_EDGE('',*,*,#1554,.T.);
#834=ORIENTED_EDGE('',*,*,#1356,.F.);
#835=ORIENTED_EDGE('',*,*,#1349,.T.);
#836=ORIENTED_EDGE('',*,*,#1358,.T.);
#837=ORIENTED_EDGE('',*,*,#1578,.T.);
#838=ORIENTED_EDGE('',*,*,#1475,.T.);
#839=ORIENTED_EDGE('',*,*,#1560,.F.);
#840=ORIENTED_EDGE('',*,*,#1562,.F.);
#841=ORIENTED_EDGE('',*,*,#1495,.F.);
#842=ORIENTED_EDGE('',*,*,#1446,.F.);
#843=ORIENTED_EDGE('',*,*,#1579,.F.);
#844=ORIENTED_EDGE('',*,*,#1484,.F.);
#845=ORIENTED_EDGE('',*,*,#1580,.T.);
#846=ORIENTED_EDGE('',*,*,#1452,.F.);
#847=ORIENTED_EDGE('',*,*,#1504,.T.);
#848=ORIENTED_EDGE('',*,*,#1581,.F.);
#849=ORIENTED_EDGE('',*,*,#1565,.F.);
#850=ORIENTED_EDGE('',*,*,#1479,.T.);
#851=ORIENTED_EDGE('',*,*,#1542,.F.);
#852=ORIENTED_EDGE('',*,*,#1374,.T.);
#853=ORIENTED_EDGE('',*,*,#1516,.F.);
#854=ORIENTED_EDGE('',*,*,#1192,.F.);
#855=ORIENTED_EDGE('',*,*,#1514,.F.);
#856=ORIENTED_EDGE('',*,*,#1550,.F.);
#857=ORIENTED_EDGE('',*,*,#1498,.F.);
#858=ORIENTED_EDGE('',*,*,#1366,.T.);
#859=ORIENTED_EDGE('',*,*,#1563,.T.);
#860=ORIENTED_EDGE('',*,*,#1581,.T.);
#861=ORIENTED_EDGE('',*,*,#1503,.F.);
#862=ORIENTED_EDGE('',*,*,#1501,.F.);
#863=ORIENTED_EDGE('',*,*,#1450,.F.);
#864=ORIENTED_EDGE('',*,*,#1582,.F.);
#865=ORIENTED_EDGE('',*,*,#1210,.F.);
#866=ORIENTED_EDGE('',*,*,#1505,.T.);
#867=ORIENTED_EDGE('',*,*,#1448,.F.);
#868=ORIENTED_EDGE('',*,*,#1494,.F.);
#869=ORIENTED_EDGE('',*,*,#1214,.F.);
#870=ORIENTED_EDGE('',*,*,#1583,.T.);
#871=ORIENTED_EDGE('',*,*,#1449,.F.);
#872=ORIENTED_EDGE('',*,*,#1580,.F.);
#873=ORIENTED_EDGE('',*,*,#1486,.F.);
#874=ORIENTED_EDGE('',*,*,#1482,.F.);
#875=ORIENTED_EDGE('',*,*,#1211,.F.);
#876=ORIENTED_EDGE('',*,*,#1582,.T.);
#877=ORIENTED_EDGE('',*,*,#1445,.F.);
#878=ORIENTED_EDGE('',*,*,#1583,.F.);
#879=ORIENTED_EDGE('',*,*,#1213,.F.);
#880=ORIENTED_EDGE('',*,*,#1481,.F.);
#881=ORIENTED_EDGE('',*,*,#1485,.T.);
#882=ORIENTED_EDGE('',*,*,#1579,.T.);
#883=ORIENTED_EDGE('',*,*,#1408,.F.);
#884=ORIENTED_EDGE('',*,*,#1406,.F.);
#885=ORIENTED_EDGE('',*,*,#1404,.F.);
#886=ORIENTED_EDGE('',*,*,#1401,.F.);
#887=ORIENTED_EDGE('',*,*,#1551,.T.);
#888=ORIENTED_EDGE('',*,*,#1466,.T.);
#889=ORIENTED_EDGE('',*,*,#1584,.F.);
#890=ORIENTED_EDGE('',*,*,#1239,.T.);
#891=ORIENTED_EDGE('',*,*,#1249,.F.);
#892=ORIENTED_EDGE('',*,*,#1243,.F.);
#893=ORIENTED_EDGE('',*,*,#1585,.F.);
#894=ORIENTED_EDGE('',*,*,#1234,.F.);
#895=ORIENTED_EDGE('',*,*,#1236,.T.);
#896=ORIENTED_EDGE('',*,*,#1230,.T.);
#897=ORIENTED_EDGE('',*,*,#1575,.F.);
#898=ORIENTED_EDGE('',*,*,#1471,.T.);
#899=ORIENTED_EDGE('',*,*,#1578,.F.);
#900=ORIENTED_EDGE('',*,*,#1357,.T.);
#901=ORIENTED_EDGE('',*,*,#1577,.T.);
#902=ORIENTED_EDGE('',*,*,#1342,.T.);
#903=ORIENTED_EDGE('',*,*,#1444,.F.);
#904=ORIENTED_EDGE('',*,*,#1442,.F.);
#905=ORIENTED_EDGE('',*,*,#1440,.F.);
#906=ORIENTED_EDGE('',*,*,#1438,.F.);
#907=ORIENTED_EDGE('',*,*,#1436,.F.);
#908=ORIENTED_EDGE('',*,*,#1434,.F.);
#909=ORIENTED_EDGE('',*,*,#1432,.F.);
#910=ORIENTED_EDGE('',*,*,#1430,.F.);
#911=ORIENTED_EDGE('',*,*,#1428,.F.);
#912=ORIENTED_EDGE('',*,*,#1426,.F.);
#913=ORIENTED_EDGE('',*,*,#1424,.F.);
#914=ORIENTED_EDGE('',*,*,#1421,.F.);
#915=ORIENTED_EDGE('',*,*,#1586,.F.);
#916=ORIENTED_EDGE('',*,*,#1587,.F.);
#917=ORIENTED_EDGE('',*,*,#1588,.F.);
#918=ORIENTED_EDGE('',*,*,#1589,.T.);
#919=ORIENTED_EDGE('',*,*,#1590,.F.);
#920=ORIENTED_EDGE('',*,*,#1591,.F.);
#921=ORIENTED_EDGE('',*,*,#1592,.F.);
#922=ORIENTED_EDGE('',*,*,#1593,.T.);
#923=ORIENTED_EDGE('',*,*,#1594,.T.);
#924=ORIENTED_EDGE('',*,*,#1305,.T.);
#925=ORIENTED_EDGE('',*,*,#1595,.T.);
#926=ORIENTED_EDGE('',*,*,#1590,.T.);
#927=ORIENTED_EDGE('',*,*,#1596,.T.);
#928=ORIENTED_EDGE('',*,*,#1309,.T.);
#929=ORIENTED_EDGE('',*,*,#1597,.T.);
#930=ORIENTED_EDGE('',*,*,#1592,.T.);
#931=ORIENTED_EDGE('',*,*,#1307,.F.);
#932=ORIENTED_EDGE('',*,*,#1598,.F.);
#933=ORIENTED_EDGE('',*,*,#1308,.F.);
#934=ORIENTED_EDGE('',*,*,#1598,.T.);
#935=ORIENTED_EDGE('',*,*,#1306,.F.);
#936=ORIENTED_EDGE('',*,*,#1594,.F.);
#937=ORIENTED_EDGE('',*,*,#1593,.F.);
#938=ORIENTED_EDGE('',*,*,#1597,.F.);
#939=ORIENTED_EDGE('',*,*,#1310,.F.);
#940=ORIENTED_EDGE('',*,*,#1596,.F.);
#941=ORIENTED_EDGE('',*,*,#1591,.T.);
#942=ORIENTED_EDGE('',*,*,#1595,.F.);
#943=ORIENTED_EDGE('',*,*,#1304,.F.);
#944=ORIENTED_EDGE('',*,*,#1321,.F.);
#945=ORIENTED_EDGE('',*,*,#1599,.T.);
#946=ORIENTED_EDGE('',*,*,#1283,.T.);
#947=ORIENTED_EDGE('',*,*,#1600,.T.);
#948=ORIENTED_EDGE('',*,*,#1586,.T.);
#949=ORIENTED_EDGE('',*,*,#1601,.T.);
#950=ORIENTED_EDGE('',*,*,#1287,.T.);
#951=ORIENTED_EDGE('',*,*,#1602,.T.);
#952=ORIENTED_EDGE('',*,*,#1588,.T.);
#953=ORIENTED_EDGE('',*,*,#1285,.F.);
#954=ORIENTED_EDGE('',*,*,#1603,.F.);
#955=ORIENTED_EDGE('',*,*,#1286,.F.);
#956=ORIENTED_EDGE('',*,*,#1603,.T.);
#957=ORIENTED_EDGE('',*,*,#1284,.F.);
#958=ORIENTED_EDGE('',*,*,#1599,.F.);
#959=ORIENTED_EDGE('',*,*,#1589,.F.);
#960=ORIENTED_EDGE('',*,*,#1602,.F.);
#961=ORIENTED_EDGE('',*,*,#1288,.F.);
#962=ORIENTED_EDGE('',*,*,#1601,.F.);
#963=ORIENTED_EDGE('',*,*,#1587,.T.);
#964=ORIENTED_EDGE('',*,*,#1600,.F.);
#965=ORIENTED_EDGE('',*,*,#1282,.F.);
#966=ORIENTED_EDGE('',*,*,#1332,.F.);
#967=ORIENTED_EDGE('',*,*,#1262,.F.);
#968=ORIENTED_EDGE('',*,*,#1265,.T.);
#969=ORIENTED_EDGE('',*,*,#1263,.T.);
#970=ORIENTED_EDGE('',*,*,#1553,.T.);
#971=ORIENTED_EDGE('',*,*,#1337,.T.);
#972=ORIENTED_EDGE('',*,*,#1576,.F.);
#973=ORIENTED_EDGE('',*,*,#1350,.T.);
#974=ORIENTED_EDGE('',*,*,#1517,.F.);
#975=ORIENTED_EDGE('',*,*,#1390,.T.);
#976=ORIENTED_EDGE('',*,*,#1566,.F.);
#977=ORIENTED_EDGE('',*,*,#1540,.F.);
#978=ORIENTED_EDGE('',*,*,#1538,.F.);
#979=ORIENTED_EDGE('',*,*,#1535,.F.);
#980=ORIENTED_EDGE('',*,*,#1569,.F.);
#981=ORIENTED_EDGE('',*,*,#1385,.T.);
#982=ORIENTED_EDGE('',*,*,#1500,.F.);
#983=ORIENTED_EDGE('',*,*,#1393,.T.);
#984=ORIENTED_EDGE('',*,*,#1497,.F.);
#985=ORIENTED_EDGE('',*,*,#1378,.T.);
#986=ORIENTED_EDGE('',*,*,#1571,.T.);
#987=ORIENTED_EDGE('',*,*,#1529,.F.);
#988=ORIENTED_EDGE('',*,*,#1527,.F.);
#989=ORIENTED_EDGE('',*,*,#1524,.F.);
#990=ORIENTED_EDGE('',*,*,#1570,.T.);
#991=ORIENTED_EDGE('',*,*,#1381,.T.);
#992=ORIENTED_EDGE('',*,*,#1519,.F.);
#993=ORIENTED_EDGE('',*,*,#1396,.T.);
#994=ORIENTED_EDGE('',*,*,#1568,.T.);
#995=ORIENTED_EDGE('',*,*,#1222,.T.);
#996=ORIENTED_EDGE('',*,*,#1556,.F.);
#997=ORIENTED_EDGE('',*,*,#1255,.T.);
#998=ORIENTED_EDGE('',*,*,#1240,.T.);
#999=ORIENTED_EDGE('',*,*,#1584,.T.);
#1000=ORIENTED_EDGE('',*,*,#1470,.T.);
#1001=ORIENTED_EDGE('',*,*,#1574,.F.);
#1002=ORIENTED_EDGE('',*,*,#1235,.F.);
#1003=ORIENTED_EDGE('',*,*,#1585,.T.);
#1004=ORIENTED_EDGE('',*,*,#1246,.F.);
#1005=ORIENTED_EDGE('',*,*,#1573,.F.);
#1006=ORIENTED_EDGE('',*,*,#1220,.F.);
#1007=ORIENTED_EDGE('',*,*,#1567,.T.);
#1008=ORIENTED_EDGE('',*,*,#1464,.T.);
#1009=ORIENTED_EDGE('',*,*,#1557,.F.);
#1010=ORIENTED_EDGE('',*,*,#1604,.F.);
#1011=ORIENTED_EDGE('',*,*,#1605,.T.);
#1012=ORIENTED_EDGE('',*,*,#1606,.F.);
#1013=ORIENTED_EDGE('',*,*,#1607,.F.);
#1014=ORIENTED_EDGE('',*,*,#1608,.F.);
#1015=ORIENTED_EDGE('',*,*,#1609,.F.);
#1016=ORIENTED_EDGE('',*,*,#1610,.F.);
#1017=ORIENTED_EDGE('',*,*,#1611,.F.);
#1018=ORIENTED_EDGE('',*,*,#1612,.T.);
#1019=ORIENTED_EDGE('',*,*,#1613,.T.);
#1020=ORIENTED_EDGE('',*,*,#1614,.F.);
#1021=ORIENTED_EDGE('',*,*,#1615,.F.);
#1022=ORIENTED_EDGE('',*,*,#1616,.T.);
#1023=ORIENTED_EDGE('',*,*,#1617,.F.);
#1024=ORIENTED_EDGE('',*,*,#1618,.F.);
#1025=ORIENTED_EDGE('',*,*,#1619,.T.);
#1026=ORIENTED_EDGE('',*,*,#1620,.T.);
#1027=ORIENTED_EDGE('',*,*,#1621,.F.);
#1028=ORIENTED_EDGE('',*,*,#1622,.F.);
#1029=ORIENTED_EDGE('',*,*,#1623,.T.);
#1030=ORIENTED_EDGE('',*,*,#1624,.T.);
#1031=ORIENTED_EDGE('',*,*,#1623,.F.);
#1032=ORIENTED_EDGE('',*,*,#1625,.F.);
#1033=ORIENTED_EDGE('',*,*,#1626,.T.);
#1034=ORIENTED_EDGE('',*,*,#1627,.T.);
#1035=ORIENTED_EDGE('',*,*,#1626,.F.);
#1036=ORIENTED_EDGE('',*,*,#1628,.F.);
#1037=ORIENTED_EDGE('',*,*,#1629,.T.);
#1038=ORIENTED_EDGE('',*,*,#1630,.T.);
#1039=ORIENTED_EDGE('',*,*,#1631,.F.);
#1040=ORIENTED_EDGE('',*,*,#1632,.F.);
#1041=ORIENTED_EDGE('',*,*,#1633,.T.);
#1042=ORIENTED_EDGE('',*,*,#1634,.T.);
#1043=ORIENTED_EDGE('',*,*,#1633,.F.);
#1044=ORIENTED_EDGE('',*,*,#1635,.F.);
#1045=ORIENTED_EDGE('',*,*,#1636,.T.);
#1046=ORIENTED_EDGE('',*,*,#1637,.F.);
#1047=ORIENTED_EDGE('',*,*,#1638,.T.);
#1048=ORIENTED_EDGE('',*,*,#1636,.F.);
#1049=ORIENTED_EDGE('',*,*,#1639,.F.);
#1050=ORIENTED_EDGE('',*,*,#1640,.T.);
#1051=ORIENTED_EDGE('',*,*,#1641,.T.);
#1052=ORIENTED_EDGE('',*,*,#1642,.F.);
#1053=ORIENTED_EDGE('',*,*,#1617,.T.);
#1054=ORIENTED_EDGE('',*,*,#1643,.T.);
#1055=ORIENTED_EDGE('',*,*,#1644,.F.);
#1056=ORIENTED_EDGE('',*,*,#1645,.F.);
#1057=ORIENTED_EDGE('',*,*,#1646,.T.);
#1058=ORIENTED_EDGE('',*,*,#1647,.T.);
#1059=ORIENTED_EDGE('',*,*,#1648,.F.);
#1060=ORIENTED_EDGE('',*,*,#1649,.F.);
#1061=ORIENTED_EDGE('',*,*,#1644,.T.);
#1062=ORIENTED_EDGE('',*,*,#1650,.T.);
#1063=ORIENTED_EDGE('',*,*,#1651,.F.);
#1064=ORIENTED_EDGE('',*,*,#1652,.F.);
#1065=ORIENTED_EDGE('',*,*,#1648,.T.);
#1066=ORIENTED_EDGE('',*,*,#1653,.T.);
#1067=ORIENTED_EDGE('',*,*,#1646,.F.);
#1068=ORIENTED_EDGE('',*,*,#1654,.F.);
#1069=ORIENTED_EDGE('',*,*,#1651,.T.);
#1070=ORIENTED_EDGE('',*,*,#1609,.T.);
#1071=ORIENTED_EDGE('',*,*,#1655,.F.);
#1072=ORIENTED_EDGE('',*,*,#1656,.F.);
#1073=ORIENTED_EDGE('',*,*,#1657,.F.);
#1074=ORIENTED_EDGE('',*,*,#1658,.F.);
#1075=ORIENTED_EDGE('',*,*,#1659,.F.);
#1076=ORIENTED_EDGE('',*,*,#1660,.F.);
#1077=ORIENTED_EDGE('',*,*,#1661,.F.);
#1078=ORIENTED_EDGE('',*,*,#1654,.T.);
#1079=ORIENTED_EDGE('',*,*,#1645,.T.);
#1080=ORIENTED_EDGE('',*,*,#1649,.T.);
#1081=ORIENTED_EDGE('',*,*,#1652,.T.);
#1082=ORIENTED_EDGE('',*,*,#1662,.F.);
#1083=ORIENTED_EDGE('',*,*,#1663,.F.);
#1084=ORIENTED_EDGE('',*,*,#1658,.T.);
#1085=ORIENTED_EDGE('',*,*,#1664,.T.);
#1086=ORIENTED_EDGE('',*,*,#1665,.F.);
#1087=ORIENTED_EDGE('',*,*,#1664,.F.);
#1088=ORIENTED_EDGE('',*,*,#1657,.T.);
#1089=ORIENTED_EDGE('',*,*,#1666,.T.);
#1090=ORIENTED_EDGE('',*,*,#1667,.F.);
#1091=ORIENTED_EDGE('',*,*,#1666,.F.);
#1092=ORIENTED_EDGE('',*,*,#1656,.T.);
#1093=ORIENTED_EDGE('',*,*,#1668,.T.);
#1094=ORIENTED_EDGE('',*,*,#1669,.F.);
#1095=ORIENTED_EDGE('',*,*,#1670,.F.);
#1096=ORIENTED_EDGE('',*,*,#1660,.T.);
#1097=ORIENTED_EDGE('',*,*,#1671,.T.);
#1098=ORIENTED_EDGE('',*,*,#1672,.F.);
#1099=ORIENTED_EDGE('',*,*,#1671,.F.);
#1100=ORIENTED_EDGE('',*,*,#1659,.T.);
#1101=ORIENTED_EDGE('',*,*,#1663,.T.);
#1102=ORIENTED_EDGE('',*,*,#1673,.F.);
#1103=ORIENTED_EDGE('',*,*,#1613,.F.);
#1104=ORIENTED_EDGE('',*,*,#1674,.F.);
#1105=ORIENTED_EDGE('',*,*,#1641,.F.);
#1106=ORIENTED_EDGE('',*,*,#1675,.F.);
#1107=ORIENTED_EDGE('',*,*,#1676,.F.);
#1108=ORIENTED_EDGE('',*,*,#1677,.T.);
#1109=ORIENTED_EDGE('',*,*,#1606,.T.);
#1110=ORIENTED_EDGE('',*,*,#1678,.T.);
#1111=ORIENTED_EDGE('',*,*,#1675,.T.);
#1112=ORIENTED_EDGE('',*,*,#1640,.F.);
#1113=ORIENTED_EDGE('',*,*,#1616,.F.);
#1114=ORIENTED_EDGE('',*,*,#1679,.F.);
#1115=ORIENTED_EDGE('',*,*,#1620,.F.);
#1116=ORIENTED_EDGE('',*,*,#1624,.F.);
#1117=ORIENTED_EDGE('',*,*,#1627,.F.);
#1118=ORIENTED_EDGE('',*,*,#1680,.F.);
#1119=ORIENTED_EDGE('',*,*,#1630,.F.);
#1120=ORIENTED_EDGE('',*,*,#1634,.F.);
#1121=ORIENTED_EDGE('',*,*,#1638,.F.);
#1122=ORIENTED_EDGE('',*,*,#1681,.F.);
#1123=ORIENTED_EDGE('',*,*,#1682,.T.);
#1124=ORIENTED_EDGE('',*,*,#1607,.T.);
#1125=ORIENTED_EDGE('',*,*,#1677,.F.);
#1126=ORIENTED_EDGE('',*,*,#1683,.F.);
#1127=ORIENTED_EDGE('',*,*,#1684,.F.);
#1128=ORIENTED_EDGE('',*,*,#1610,.T.);
#1129=ORIENTED_EDGE('',*,*,#1661,.T.);
#1130=ORIENTED_EDGE('',*,*,#1670,.T.);
#1131=ORIENTED_EDGE('',*,*,#1655,.T.);
#1132=ORIENTED_EDGE('',*,*,#1608,.T.);
#1133=ORIENTED_EDGE('',*,*,#1685,.F.);
#1134=ORIENTED_EDGE('',*,*,#1614,.T.);
#1135=ORIENTED_EDGE('',*,*,#1673,.T.);
#1136=ORIENTED_EDGE('',*,*,#1605,.F.);
#1137=ORIENTED_EDGE('',*,*,#1686,.T.);
#1138=ORIENTED_EDGE('',*,*,#1668,.F.);
#1139=ORIENTED_EDGE('',*,*,#1683,.T.);
#1140=ORIENTED_EDGE('',*,*,#1676,.T.);
#1141=ORIENTED_EDGE('',*,*,#1678,.F.);
#1142=ORIENTED_EDGE('',*,*,#1687,.F.);
#1143=ORIENTED_EDGE('',*,*,#1642,.T.);
#1144=ORIENTED_EDGE('',*,*,#1674,.T.);
#1145=ORIENTED_EDGE('',*,*,#1612,.F.);
#1146=ORIENTED_EDGE('',*,*,#1688,.F.);
#1147=ORIENTED_EDGE('',*,*,#1639,.T.);
#1148=ORIENTED_EDGE('',*,*,#1635,.T.);
#1149=ORIENTED_EDGE('',*,*,#1632,.T.);
#1150=ORIENTED_EDGE('',*,*,#1689,.T.);
#1151=ORIENTED_EDGE('',*,*,#1628,.T.);
#1152=ORIENTED_EDGE('',*,*,#1625,.T.);
#1153=ORIENTED_EDGE('',*,*,#1622,.T.);
#1154=ORIENTED_EDGE('',*,*,#1690,.T.);
#1155=ORIENTED_EDGE('',*,*,#1618,.T.);
#1156=ORIENTED_EDGE('',*,*,#1615,.T.);
#1157=ORIENTED_EDGE('',*,*,#1685,.T.);
#1158=ORIENTED_EDGE('',*,*,#1611,.T.);
#1159=ORIENTED_EDGE('',*,*,#1684,.T.);
#1160=ORIENTED_EDGE('',*,*,#1687,.T.);
#1161=ORIENTED_EDGE('',*,*,#1681,.T.);
#1162=ORIENTED_EDGE('',*,*,#1637,.T.);
#1163=ORIENTED_EDGE('',*,*,#1688,.T.);
#1164=ORIENTED_EDGE('',*,*,#1643,.F.);
#1165=ORIENTED_EDGE('',*,*,#1653,.F.);
#1166=ORIENTED_EDGE('',*,*,#1650,.F.);
#1167=ORIENTED_EDGE('',*,*,#1647,.F.);
#1168=ORIENTED_EDGE('',*,*,#1686,.F.);
#1169=ORIENTED_EDGE('',*,*,#1604,.T.);
#1170=ORIENTED_EDGE('',*,*,#1682,.F.);
#1171=ORIENTED_EDGE('',*,*,#1669,.T.);
#1172=ORIENTED_EDGE('',*,*,#1672,.T.);
#1173=ORIENTED_EDGE('',*,*,#1662,.T.);
#1174=ORIENTED_EDGE('',*,*,#1665,.T.);
#1175=ORIENTED_EDGE('',*,*,#1667,.T.);
#1176=ORIENTED_EDGE('',*,*,#1689,.F.);
#1177=ORIENTED_EDGE('',*,*,#1631,.T.);
#1178=ORIENTED_EDGE('',*,*,#1680,.T.);
#1179=ORIENTED_EDGE('',*,*,#1629,.F.);
#1180=ORIENTED_EDGE('',*,*,#1690,.F.);
#1181=ORIENTED_EDGE('',*,*,#1621,.T.);
#1182=ORIENTED_EDGE('',*,*,#1679,.T.);
#1183=ORIENTED_EDGE('',*,*,#1619,.F.);
#1184=EDGE_CURVE('',#1691,#1692,#2027,.T.);
#1185=EDGE_CURVE('',#1693,#1692,#2028,.T.);
#1186=EDGE_CURVE('',#1694,#1693,#2029,.T.);
#1187=EDGE_CURVE('',#1694,#1691,#2030,.T.);
#1188=EDGE_CURVE('',#1695,#1696,#2031,.T.);
#1189=EDGE_CURVE('',#1697,#1695,#2032,.T.);
#1190=EDGE_CURVE('',#1697,#1698,#2033,.T.);
#1191=EDGE_CURVE('',#1698,#1696,#2034,.T.);
#1192=EDGE_CURVE('',#1699,#1700,#2035,.T.);
#1193=EDGE_CURVE('',#1701,#1700,#2036,.T.);
#1194=EDGE_CURVE('',#1702,#1701,#2037,.T.);
#1195=EDGE_CURVE('',#1702,#1699,#2038,.T.);
#1196=EDGE_CURVE('',#1703,#1694,#2039,.T.);
#1197=EDGE_CURVE('',#1693,#1704,#2040,.T.);
#1198=EDGE_CURVE('',#1704,#1705,#2041,.T.);
#1199=EDGE_CURVE('',#1705,#1706,#2042,.T.);
#1200=EDGE_CURVE('',#1706,#1707,#2043,.T.);
#1201=EDGE_CURVE('',#1707,#1708,#2044,.T.);
#1202=EDGE_CURVE('',#1708,#1709,#2045,.T.);
#1203=EDGE_CURVE('',#1709,#1702,#2046,.T.);
#1204=EDGE_CURVE('',#1701,#1710,#2047,.T.);
#1205=EDGE_CURVE('',#1703,#1710,#2048,.T.);
#1206=EDGE_CURVE('',#1711,#1712,#2049,.T.);
#1207=EDGE_CURVE('',#1713,#1711,#2050,.T.);
#1208=EDGE_CURVE('',#1713,#1714,#2051,.T.);
#1209=EDGE_CURVE('',#1714,#1715,#2052,.T.);
#1210=EDGE_CURVE('',#1715,#1716,#2053,.T.);
#1211=EDGE_CURVE('',#1716,#1717,#2054,.T.);
#1212=EDGE_CURVE('',#1718,#1717,#2055,.T.);
#1213=EDGE_CURVE('',#1718,#1719,#2056,.T.);
#1214=EDGE_CURVE('',#1719,#1720,#2057,.T.);
#1215=EDGE_CURVE('',#1720,#1697,#2058,.T.);
#1216=EDGE_CURVE('',#1712,#1695,#2059,.T.);
#1217=EDGE_CURVE('',#1721,#1722,#96,.T.);
#1218=EDGE_CURVE('',#1722,#1723,#2060,.T.);
#1219=EDGE_CURVE('',#1723,#1724,#97,.T.);
#1220=EDGE_CURVE('',#1724,#1721,#2061,.T.);
#1221=EDGE_CURVE('',#1725,#1726,#98,.T.);
#1222=EDGE_CURVE('',#1727,#1725,#2062,.T.);
#1223=EDGE_CURVE('',#1728,#1727,#99,.T.);
#1224=EDGE_CURVE('',#1726,#1728,#2063,.T.);
#1225=EDGE_CURVE('',#1726,#1722,#2064,.T.);
#1226=EDGE_CURVE('',#1728,#1723,#2065,.T.);
#1227=EDGE_CURVE('',#1727,#1724,#2066,.T.);
#1228=EDGE_CURVE('',#1729,#1730,#100,.T.);
#1229=EDGE_CURVE('',#1731,#1729,#2067,.T.);
#1230=EDGE_CURVE('',#1732,#1731,#101,.T.);
#1231=EDGE_CURVE('',#1730,#1732,#2068,.T.);
#1232=EDGE_CURVE('',#1733,#1734,#102,.T.);
#1233=EDGE_CURVE('',#1734,#1735,#2069,.T.);
#1234=EDGE_CURVE('',#1735,#1736,#103,.T.);
#1235=EDGE_CURVE('',#1736,#1733,#2070,.T.);
#1236=EDGE_CURVE('',#1735,#1732,#2071,.T.);
#1237=EDGE_CURVE('',#1734,#1730,#2072,.T.);
#1238=EDGE_CURVE('',#1733,#1729,#2073,.T.);
#1239=EDGE_CURVE('',#1737,#1738,#104,.T.);
#1240=EDGE_CURVE('',#1739,#1737,#2074,.T.);
#1241=EDGE_CURVE('',#1740,#1739,#105,.T.);
#1242=EDGE_CURVE('',#1738,#1740,#2075,.T.);
#1243=EDGE_CURVE('',#1741,#1742,#106,.T.);
#1244=EDGE_CURVE('',#1742,#1743,#2076,.T.);
#1245=EDGE_CURVE('',#1743,#1744,#107,.T.);
#1246=EDGE_CURVE('',#1744,#1741,#2077,.T.);
#1247=EDGE_CURVE('',#1744,#1739,#2078,.T.);
#1248=EDGE_CURVE('',#1743,#1740,#2079,.T.);
#1249=EDGE_CURVE('',#1742,#1738,#2080,.T.);
#1250=EDGE_CURVE('',#1745,#1746,#108,.T.);
#1251=EDGE_CURVE('',#1746,#1747,#2081,.T.);
#1252=EDGE_CURVE('',#1747,#1748,#109,.T.);
#1253=EDGE_CURVE('',#1748,#1745,#2082,.T.);
#1254=EDGE_CURVE('',#1749,#1750,#110,.T.);
#1255=EDGE_CURVE('',#1751,#1749,#2083,.T.);
#1256=EDGE_CURVE('',#1752,#1751,#111,.T.);
#1257=EDGE_CURVE('',#1750,#1752,#2084,.T.);
#1258=EDGE_CURVE('',#1750,#1746,#2085,.T.);
#1259=EDGE_CURVE('',#1752,#1747,#2086,.T.);
#1260=EDGE_CURVE('',#1749,#1745,#2087,.T.);
#1261=EDGE_CURVE('',#1753,#1753,#112,.T.);
#1262=EDGE_CURVE('',#1754,#1754,#113,.T.);
#1263=EDGE_CURVE('',#1755,#1755,#114,.T.);
#1264=EDGE_CURVE('',#1756,#1756,#115,.F.);
#1265=EDGE_CURVE('',#1757,#1757,#116,.T.);
#1266=EDGE_CURVE('',#1758,#1758,#117,.F.);
#1267=EDGE_CURVE('',#1759,#1760,#2088,.T.);
#1268=EDGE_CURVE('',#1761,#1760,#118,.T.);
#1269=EDGE_CURVE('',#1761,#1762,#2089,.T.);
#1270=EDGE_CURVE('',#1759,#1762,#119,.T.);
#1271=EDGE_CURVE('',#1761,#1763,#2090,.T.);
#1272=EDGE_CURVE('',#1763,#1764,#2091,.T.);
#1273=EDGE_CURVE('',#1765,#1764,#2092,.T.);
#1274=EDGE_CURVE('',#1765,#1766,#46,.T.);
#1275=EDGE_CURVE('',#1766,#1767,#2093,.T.);
#1276=EDGE_CURVE('',#1767,#1768,#47,.T.);
#1277=EDGE_CURVE('',#1769,#1768,#2094,.T.);
#1278=EDGE_CURVE('',#1769,#1770,#2095,.T.);
#1279=EDGE_CURVE('',#1770,#1762,#2096,.T.);
#1280=EDGE_CURVE('',#1771,#1760,#2097,.T.);
#1281=EDGE_CURVE('',#1759,#1772,#2098,.T.);
#1282=EDGE_CURVE('',#1772,#1773,#2099,.T.);
#1283=EDGE_CURVE('',#1774,#1773,#2100,.T.);
#1284=EDGE_CURVE('',#1774,#1775,#48,.T.);
#1285=EDGE_CURVE('',#1775,#1776,#2101,.T.);
#1286=EDGE_CURVE('',#1776,#1777,#49,.T.);
#1287=EDGE_CURVE('',#1778,#1777,#2102,.T.);
#1288=EDGE_CURVE('',#1778,#1771,#2103,.T.);
#1289=EDGE_CURVE('',#1779,#1780,#120,.T.);
#1290=EDGE_CURVE('',#1780,#1781,#2104,.T.);
#1291=EDGE_CURVE('',#1781,#1782,#121,.T.);
#1292=EDGE_CURVE('',#1782,#1779,#2105,.T.);
#1293=EDGE_CURVE('',#1780,#1783,#2106,.T.);
#1294=EDGE_CURVE('',#1783,#1784,#2107,.T.);
#1295=EDGE_CURVE('',#1785,#1784,#2108,.T.);
#1296=EDGE_CURVE('',#1785,#1786,#50,.T.);
#1297=EDGE_CURVE('',#1786,#1787,#2109,.T.);
#1298=EDGE_CURVE('',#1787,#1788,#51,.T.);
#1299=EDGE_CURVE('',#1789,#1788,#2110,.T.);
#1300=EDGE_CURVE('',#1789,#1790,#2111,.T.);
#1301=EDGE_CURVE('',#1790,#1781,#2112,.T.);
#1302=EDGE_CURVE('',#1791,#1779,#2113,.T.);
#1303=EDGE_CURVE('',#1782,#1792,#2114,.T.);
#1304=EDGE_CURVE('',#1792,#1793,#2115,.T.);
#1305=EDGE_CURVE('',#1794,#1793,#2116,.T.);
#1306=EDGE_CURVE('',#1794,#1795,#52,.T.);
#1307=EDGE_CURVE('',#1795,#1796,#2117,.T.);
#1308=EDGE_CURVE('',#1796,#1797,#53,.T.);
#1309=EDGE_CURVE('',#1798,#1797,#2118,.T.);
#1310=EDGE_CURVE('',#1798,#1791,#2119,.T.);
#1311=EDGE_CURVE('',#1799,#1789,#2120,.T.);
#1312=EDGE_CURVE('',#1788,#1800,#54,.T.);
#1313=EDGE_CURVE('',#1800,#1799,#2121,.T.);
#1314=EDGE_CURVE('',#1801,#1785,#55,.T.);
#1315=EDGE_CURVE('',#1784,#1802,#2122,.T.);
#1316=EDGE_CURVE('',#1802,#1801,#2123,.T.);
#1317=EDGE_CURVE('',#1787,#1786,#122,.T.);
#1318=EDGE_CURVE('',#1800,#1801,#123,.T.);
#1319=EDGE_CURVE('',#1799,#1802,#124,.T.);
#1320=EDGE_CURVE('',#1790,#1783,#125,.T.);
#1321=EDGE_CURVE('',#1791,#1792,#126,.T.);
#1322=EDGE_CURVE('',#1803,#1769,#2124,.T.);
#1323=EDGE_CURVE('',#1768,#1804,#56,.T.);
#1324=EDGE_CURVE('',#1804,#1803,#2125,.T.);
#1325=EDGE_CURVE('',#1805,#1765,#57,.T.);
#1326=EDGE_CURVE('',#1764,#1806,#2126,.T.);
#1327=EDGE_CURVE('',#1806,#1805,#2127,.T.);
#1328=EDGE_CURVE('',#1767,#1766,#127,.T.);
#1329=EDGE_CURVE('',#1804,#1805,#128,.T.);
#1330=EDGE_CURVE('',#1803,#1806,#129,.T.);
#1331=EDGE_CURVE('',#1770,#1763,#130,.T.);
#1332=EDGE_CURVE('',#1771,#1772,#131,.T.);
#1333=EDGE_CURVE('',#1807,#1808,#2128,.T.);
#1334=EDGE_CURVE('',#1809,#1807,#2129,.T.);
#1335=EDGE_CURVE('',#1810,#1809,#2130,.T.);
#1336=EDGE_CURVE('',#1808,#1810,#2131,.T.);
#1337=EDGE_CURVE('',#1811,#1812,#2132,.T.);
#1338=EDGE_CURVE('',#1813,#1811,#2133,.T.);
#1339=EDGE_CURVE('',#1807,#1813,#2134,.T.);
#1340=EDGE_CURVE('',#1808,#1814,#2135,.T.);
#1341=EDGE_CURVE('',#1814,#1812,#2136,.T.);
#1342=EDGE_CURVE('',#1814,#1815,#2137,.T.);
#1343=EDGE_CURVE('',#1810,#1815,#2138,.T.);
#1344=EDGE_CURVE('',#1816,#1813,#2139,.T.);
#1345=EDGE_CURVE('',#1809,#1816,#2140,.T.);
#1346=EDGE_CURVE('',#1817,#1818,#2141,.T.);
#1347=EDGE_CURVE('',#1819,#1817,#2142,.T.);
#1348=EDGE_CURVE('',#1820,#1819,#2143,.T.);
#1349=EDGE_CURVE('',#1818,#1820,#2144,.T.);
#1350=EDGE_CURVE('',#1821,#1822,#2145,.T.);
#1351=EDGE_CURVE('',#1823,#1821,#2146,.T.);
#1352=EDGE_CURVE('',#1819,#1823,#2147,.T.);
#1353=EDGE_CURVE('',#1817,#1824,#2148,.T.);
#1354=EDGE_CURVE('',#1822,#1824,#2149,.T.);
#1355=EDGE_CURVE('',#1825,#1824,#2150,.T.);
#1356=EDGE_CURVE('',#1818,#1825,#2151,.T.);
#1357=EDGE_CURVE('',#1826,#1823,#2152,.T.);
#1358=EDGE_CURVE('',#1820,#1826,#2153,.T.);
#1359=EDGE_CURVE('',#1827,#1828,#34,.T.);
#1360=EDGE_CURVE('',#1829,#1827,#2154,.T.);
#1361=EDGE_CURVE('',#1830,#1829,#132,.T.);
#1362=EDGE_CURVE('',#1828,#1830,#2155,.T.);
#1363=EDGE_CURVE('',#1831,#1832,#133,.T.);
#1364=EDGE_CURVE('',#1833,#1831,#2156,.T.);
#1365=EDGE_CURVE('',#1834,#1833,#35,.T.);
#1366=EDGE_CURVE('',#1832,#1834,#2157,.T.);
#1367=EDGE_CURVE('',#1835,#1836,#134,.T.);
#1368=EDGE_CURVE('',#1837,#1835,#2158,.T.);
#1369=EDGE_CURVE('',#1838,#1837,#36,.T.);
#1370=EDGE_CURVE('',#1836,#1838,#2159,.T.);
#1371=EDGE_CURVE('',#1839,#1840,#37,.T.);
#1372=EDGE_CURVE('',#1841,#1839,#2160,.T.);
#1373=EDGE_CURVE('',#1842,#1841,#135,.T.);
#1374=EDGE_CURVE('',#1840,#1842,#2161,.T.);
#1375=EDGE_CURVE('',#1829,#1843,#2162,.T.);
#1376=EDGE_CURVE('',#1844,#1827,#2163,.T.);
#1377=EDGE_CURVE('',#1845,#1844,#2164,.T.);
#1378=EDGE_CURVE('',#1843,#1845,#2165,.T.);
#1379=EDGE_CURVE('',#1837,#1846,#2166,.T.);
#1380=EDGE_CURVE('',#1847,#1835,#2167,.T.);
#1381=EDGE_CURVE('',#1848,#1847,#2168,.T.);
#1382=EDGE_CURVE('',#1846,#1848,#2169,.T.);
#1383=EDGE_CURVE('',#1833,#1849,#2170,.T.);
#1384=EDGE_CURVE('',#1850,#1831,#2171,.T.);
#1385=EDGE_CURVE('',#1851,#1850,#2172,.T.);
#1386=EDGE_CURVE('',#1849,#1851,#2173,.T.);
#1387=EDGE_CURVE('',#1841,#1852,#2174,.T.);
#1388=EDGE_CURVE('',#1853,#1839,#2175,.T.);
#1389=EDGE_CURVE('',#1854,#1853,#2176,.T.);
#1390=EDGE_CURVE('',#1852,#1854,#2177,.T.);
#1391=EDGE_CURVE('',#1855,#1711,#2178,.T.);
#1392=EDGE_CURVE('',#1856,#1712,#2179,.T.);
#1393=EDGE_CURVE('',#1855,#1856,#2180,.T.);
#1394=EDGE_CURVE('',#1857,#1703,#2181,.T.);
#1395=EDGE_CURVE('',#1858,#1710,#2182,.T.);
#1396=EDGE_CURVE('',#1857,#1858,#2183,.T.);
#1397=EDGE_CURVE('',#1859,#1860,#2184,.T.);
#1398=EDGE_CURVE('',#1861,#1859,#2185,.T.);
#1399=EDGE_CURVE('',#1862,#1861,#2186,.T.);
#1400=EDGE_CURVE('',#1860,#1862,#2187,.T.);
#1401=EDGE_CURVE('',#1863,#1864,#2188,.T.);
#1402=EDGE_CURVE('',#1861,#1864,#2189,.T.);
#1403=EDGE_CURVE('',#1859,#1863,#2190,.T.);
#1404=EDGE_CURVE('',#1864,#1865,#136,.T.);
#1405=EDGE_CURVE('',#1862,#1865,#2191,.T.);
#1406=EDGE_CURVE('',#1865,#1866,#2192,.T.);
#1407=EDGE_CURVE('',#1860,#1866,#2193,.T.);
#1408=EDGE_CURVE('',#1866,#1863,#137,.T.);
#1409=EDGE_CURVE('',#1867,#1868,#2194,.T.);
#1410=EDGE_CURVE('',#1869,#1867,#2195,.T.);
#1411=EDGE_CURVE('',#1870,#1869,#2196,.T.);
#1412=EDGE_CURVE('',#1871,#1870,#2197,.T.);
#1413=EDGE_CURVE('',#1872,#1871,#2198,.T.);
#1414=EDGE_CURVE('',#1873,#1872,#2199,.T.);
#1415=EDGE_CURVE('',#1874,#1873,#2200,.T.);
#1416=EDGE_CURVE('',#1875,#1874,#2201,.T.);
#1417=EDGE_CURVE('',#1876,#1875,#2202,.T.);
#1418=EDGE_CURVE('',#1877,#1876,#2203,.T.);
#1419=EDGE_CURVE('',#1878,#1877,#2204,.T.);
#1420=EDGE_CURVE('',#1868,#1878,#2205,.T.);
#1421=EDGE_CURVE('',#1879,#1880,#138,.T.);
#1422=EDGE_CURVE('',#1869,#1880,#2206,.T.);
#1423=EDGE_CURVE('',#1867,#1879,#2207,.T.);
#1424=EDGE_CURVE('',#1880,#1881,#2208,.T.);
#1425=EDGE_CURVE('',#1870,#1881,#2209,.T.);
#1426=EDGE_CURVE('',#1881,#1882,#139,.T.);
#1427=EDGE_CURVE('',#1871,#1882,#2210,.T.);
#1428=EDGE_CURVE('',#1882,#1883,#2211,.T.);
#1429=EDGE_CURVE('',#1872,#1883,#2212,.T.);
#1430=EDGE_CURVE('',#1883,#1884,#140,.T.);
#1431=EDGE_CURVE('',#1873,#1884,#2213,.T.);
#1432=EDGE_CURVE('',#1884,#1885,#2214,.T.);
#1433=EDGE_CURVE('',#1874,#1885,#2215,.T.);
#1434=EDGE_CURVE('',#1885,#1886,#141,.T.);
#1435=EDGE_CURVE('',#1875,#1886,#2216,.T.);
#1436=EDGE_CURVE('',#1886,#1887,#2217,.T.);
#1437=EDGE_CURVE('',#1876,#1887,#2218,.T.);
#1438=EDGE_CURVE('',#1887,#1888,#142,.T.);
#1439=EDGE_CURVE('',#1877,#1888,#2219,.T.);
#1440=EDGE_CURVE('',#1888,#1889,#2220,.T.);
#1441=EDGE_CURVE('',#1878,#1889,#2221,.T.);
#1442=EDGE_CURVE('',#1889,#1890,#143,.T.);
#1443=EDGE_CURVE('',#1868,#1890,#2222,.T.);
#1444=EDGE_CURVE('',#1890,#1879,#2223,.T.);
#1445=EDGE_CURVE('',#1891,#1892,#2224,.T.);
#1446=EDGE_CURVE('',#1892,#1893,#2225,.T.);
#1447=EDGE_CURVE('',#1893,#1894,#2226,.T.);
#1448=EDGE_CURVE('',#1894,#1891,#2227,.T.);
#1449=EDGE_CURVE('',#1895,#1896,#2228,.T.);
#1450=EDGE_CURVE('',#1896,#1897,#2229,.T.);
#1451=EDGE_CURVE('',#1897,#1898,#2230,.T.);
#1452=EDGE_CURVE('',#1898,#1895,#2231,.T.);
#1453=EDGE_CURVE('',#1899,#1900,#2232,.T.);
#1454=EDGE_CURVE('',#1899,#1901,#2233,.T.);
#1455=EDGE_CURVE('',#1901,#1902,#2234,.T.);
#1456=EDGE_CURVE('',#1900,#1902,#2235,.T.);
#1457=EDGE_CURVE('',#1903,#1904,#2236,.T.);
#1458=EDGE_CURVE('',#1903,#1905,#2237,.T.);
#1459=EDGE_CURVE('',#1905,#1906,#2238,.T.);
#1460=EDGE_CURVE('',#1904,#1906,#2239,.T.);
#1461=EDGE_CURVE('',#1907,#1908,#38,.T.);
#1462=EDGE_CURVE('',#1909,#1907,#2240,.T.);
#1463=EDGE_CURVE('',#1910,#1909,#58,.F.);
#1464=EDGE_CURVE('',#1911,#1910,#2241,.T.);
#1465=EDGE_CURVE('',#1908,#1911,#144,.T.);
#1466=EDGE_CURVE('',#1912,#1913,#59,.F.);
#1467=EDGE_CURVE('',#1914,#1912,#2242,.T.);
#1468=EDGE_CURVE('',#1915,#1914,#39,.T.);
#1469=EDGE_CURVE('',#1916,#1915,#145,.T.);
#1470=EDGE_CURVE('',#1913,#1916,#2243,.T.);
#1471=EDGE_CURVE('',#1917,#1918,#60,.F.);
#1472=EDGE_CURVE('',#1919,#1917,#2244,.T.);
#1473=EDGE_CURVE('',#1920,#1919,#146,.T.);
#1474=EDGE_CURVE('',#1921,#1920,#40,.T.);
#1475=EDGE_CURVE('',#1918,#1921,#2245,.T.);
#1476=EDGE_CURVE('',#1922,#1923,#147,.T.);
#1477=EDGE_CURVE('',#1924,#1922,#2246,.T.);
#1478=EDGE_CURVE('',#1925,#1924,#61,.F.);
#1479=EDGE_CURVE('',#1926,#1925,#2247,.T.);
#1480=EDGE_CURVE('',#1923,#1926,#41,.T.);
#1481=EDGE_CURVE('',#1927,#1718,#2248,.T.);
#1482=EDGE_CURVE('',#1717,#1928,#2249,.T.);
#1483=EDGE_CURVE('',#1928,#1927,#2250,.T.);
#1484=EDGE_CURVE('',#1929,#1930,#2251,.T.);
#1485=EDGE_CURVE('',#1927,#1930,#2252,.T.);
#1486=EDGE_CURVE('',#1928,#1929,#2253,.T.);
#1487=EDGE_CURVE('',#1931,#1706,#2254,.T.);
#1488=EDGE_CURVE('',#1932,#1931,#2255,.T.);
#1489=EDGE_CURVE('',#1707,#1932,#2256,.T.);
#1490=EDGE_CURVE('',#1933,#1934,#2257,.T.);
#1491=EDGE_CURVE('',#1932,#1933,#2258,.T.);
#1492=EDGE_CURVE('',#1931,#1934,#2259,.T.);
#1493=EDGE_CURVE('',#1935,#1698,#2260,.T.);
#1494=EDGE_CURVE('',#1720,#1894,#2261,.T.);
#1495=EDGE_CURVE('',#1893,#1935,#2262,.T.);
#1496=EDGE_CURVE('',#1696,#1830,#2263,.T.);
#1497=EDGE_CURVE('',#1843,#1856,#2264,.T.);
#1498=EDGE_CURVE('',#1832,#1936,#2265,.T.);
#1499=EDGE_CURVE('',#1713,#1936,#2266,.T.);
#1500=EDGE_CURVE('',#1855,#1850,#2267,.T.);
#1501=EDGE_CURVE('',#1936,#1937,#2268,.T.);
#1502=EDGE_CURVE('',#1714,#1937,#2269,.T.);
#1503=EDGE_CURVE('',#1937,#1938,#2270,.T.);
#1504=EDGE_CURVE('',#1898,#1938,#2271,.T.);
#1505=EDGE_CURVE('',#1715,#1897,#2272,.T.);
#1506=EDGE_CURVE('',#1692,#1939,#2273,.T.);
#1507=EDGE_CURVE('',#1905,#1939,#2274,.T.);
#1508=EDGE_CURVE('',#1704,#1903,#2275,.T.);
#1509=EDGE_CURVE('',#1705,#1904,#2276,.T.);
#1510=EDGE_CURVE('',#1934,#1906,#2277,.T.);
#1511=EDGE_CURVE('',#1933,#1899,#2278,.T.);
#1512=EDGE_CURVE('',#1708,#1900,#2279,.T.);
#1513=EDGE_CURVE('',#1709,#1902,#2280,.T.);
#1514=EDGE_CURVE('',#1940,#1699,#2281,.T.);
#1515=EDGE_CURVE('',#1901,#1940,#2282,.T.);
#1516=EDGE_CURVE('',#1700,#1842,#2283,.T.);
#1517=EDGE_CURVE('',#1852,#1858,#2284,.T.);
#1518=EDGE_CURVE('',#1836,#1691,#2285,.T.);
#1519=EDGE_CURVE('',#1857,#1847,#2286,.T.);
#1520=EDGE_CURVE('',#1941,#1942,#2287,.T.);
#1521=EDGE_CURVE('',#1942,#1943,#2288,.T.);
#1522=EDGE_CURVE('',#1943,#1944,#2289,.T.);
#1523=EDGE_CURVE('',#1944,#1941,#2290,.T.);
#1524=EDGE_CURVE('',#1945,#1946,#2291,.T.);
#1525=EDGE_CURVE('',#1943,#1946,#2292,.T.);
#1526=EDGE_CURVE('',#1942,#1945,#2293,.T.);
#1527=EDGE_CURVE('',#1946,#1947,#2294,.T.);
#1528=EDGE_CURVE('',#1944,#1947,#2295,.T.);
#1529=EDGE_CURVE('',#1947,#1948,#2296,.T.);
#1530=EDGE_CURVE('',#1941,#1948,#2297,.T.);
#1531=EDGE_CURVE('',#1949,#1950,#2298,.T.);
#1532=EDGE_CURVE('',#1950,#1951,#2299,.T.);
#1533=EDGE_CURVE('',#1951,#1952,#2300,.T.);
#1534=EDGE_CURVE('',#1952,#1949,#2301,.T.);
#1535=EDGE_CURVE('',#1953,#1954,#2302,.T.);
#1536=EDGE_CURVE('',#1952,#1954,#2303,.T.);
#1537=EDGE_CURVE('',#1951,#1953,#2304,.T.);
#1538=EDGE_CURVE('',#1954,#1955,#2305,.T.);
#1539=EDGE_CURVE('',#1949,#1955,#2306,.T.);
#1540=EDGE_CURVE('',#1955,#1956,#2307,.T.);
#1541=EDGE_CURVE('',#1950,#1956,#2308,.T.);
#1542=EDGE_CURVE('',#1840,#1957,#2309,.T.);
#1543=EDGE_CURVE('',#1907,#1957,#2310,.T.);
#1544=EDGE_CURVE('',#1853,#1908,#2311,.T.);
#1545=EDGE_CURVE('',#1838,#1958,#2312,.T.);
#1546=EDGE_CURVE('',#1939,#1958,#2313,.T.);
#1547=EDGE_CURVE('',#1846,#1915,#2314,.T.);
#1548=EDGE_CURVE('',#1958,#1914,#2315,.T.);
#1549=EDGE_CURVE('',#1909,#1816,#148,.T.);
#1550=EDGE_CURVE('',#1957,#1940,#2316,.T.);
#1551=EDGE_CURVE('',#1815,#1912,#149,.T.);
#1552=EDGE_CURVE('',#1824,#1813,#2317,.T.);
#1553=EDGE_CURVE('',#1822,#1811,#2318,.T.);
#1554=EDGE_CURVE('',#1925,#1825,#150,.T.);
#1555=EDGE_CURVE('',#1924,#1748,#2319,.T.);
#1556=EDGE_CURVE('',#1751,#1725,#2320,.T.);
#1557=EDGE_CURVE('',#1721,#1910,#2321,.T.);
#1558=EDGE_CURVE('',#1922,#1745,#2322,.T.);
#1559=EDGE_CURVE('',#1828,#1959,#2323,.T.);
#1560=EDGE_CURVE('',#1959,#1921,#2324,.T.);
#1561=EDGE_CURVE('',#1844,#1920,#2325,.T.);
#1562=EDGE_CURVE('',#1935,#1959,#2326,.T.);
#1563=EDGE_CURVE('',#1834,#1960,#2327,.T.);
#1564=EDGE_CURVE('',#1849,#1923,#2328,.T.);
#1565=EDGE_CURVE('',#1926,#1960,#2329,.T.);
#1566=EDGE_CURVE('',#1956,#1854,#2330,.T.);
#1567=EDGE_CURVE('',#1724,#1911,#2331,.T.);
#1568=EDGE_CURVE('',#1749,#1727,#2332,.T.);
#1569=EDGE_CURVE('',#1851,#1953,#2333,.T.);
#1570=EDGE_CURVE('',#1945,#1848,#2334,.T.);
#1571=EDGE_CURVE('',#1845,#1948,#2335,.T.);
#1572=EDGE_CURVE('',#1919,#1729,#2336,.T.);
#1573=EDGE_CURVE('',#1733,#1744,#2337,.T.);
#1574=EDGE_CURVE('',#1739,#1916,#2338,.T.);
#1575=EDGE_CURVE('',#1917,#1731,#2339,.T.);
#1576=EDGE_CURVE('',#1821,#1812,#2340,.T.);
#1577=EDGE_CURVE('',#1823,#1814,#2341,.T.);
#1578=EDGE_CURVE('',#1826,#1918,#151,.T.);
#1579=EDGE_CURVE('',#1930,#1892,#2342,.T.);
#1580=EDGE_CURVE('',#1929,#1895,#2343,.T.);
#1581=EDGE_CURVE('',#1960,#1938,#2344,.T.);
#1582=EDGE_CURVE('',#1716,#1896,#2345,.T.);
#1583=EDGE_CURVE('',#1719,#1891,#2346,.T.);
#1584=EDGE_CURVE('',#1737,#1913,#2347,.T.);
#1585=EDGE_CURVE('',#1736,#1741,#2348,.T.);
#1586=EDGE_CURVE('',#1961,#1962,#2349,.T.);
#1587=EDGE_CURVE('',#1963,#1961,#152,.T.);
#1588=EDGE_CURVE('',#1964,#1963,#2350,.T.);
#1589=EDGE_CURVE('',#1964,#1962,#153,.T.);
#1590=EDGE_CURVE('',#1965,#1966,#2351,.T.);
#1591=EDGE_CURVE('',#1967,#1965,#154,.T.);
#1592=EDGE_CURVE('',#1968,#1967,#2352,.T.);
#1593=EDGE_CURVE('',#1968,#1966,#155,.T.);
#1594=EDGE_CURVE('',#1966,#1794,#62,.T.);
#1595=EDGE_CURVE('',#1793,#1965,#2353,.T.);
#1596=EDGE_CURVE('',#1967,#1798,#2354,.T.);
#1597=EDGE_CURVE('',#1797,#1968,#63,.T.);
#1598=EDGE_CURVE('',#1796,#1795,#156,.T.);
#1599=EDGE_CURVE('',#1962,#1774,#64,.T.);
#1600=EDGE_CURVE('',#1773,#1961,#2355,.T.);
#1601=EDGE_CURVE('',#1963,#1778,#2356,.T.);
#1602=EDGE_CURVE('',#1777,#1964,#65,.T.);
#1603=EDGE_CURVE('',#1776,#1775,#157,.T.);
#1604=EDGE_CURVE('',#1969,#1970,#2357,.T.);
#1605=EDGE_CURVE('',#1969,#1971,#158,.F.);
#1606=EDGE_CURVE('',#1972,#1971,#2358,.T.);
#1607=EDGE_CURVE('',#1970,#1972,#159,.T.);
#1608=EDGE_CURVE('',#1973,#1974,#160,.F.);
#1609=EDGE_CURVE('',#1975,#1973,#2359,.T.);
#1610=EDGE_CURVE('',#1976,#1975,#161,.T.);
#1611=EDGE_CURVE('',#1974,#1976,#2360,.T.);
#1612=EDGE_CURVE('',#1977,#1978,#2361,.T.);
#1613=EDGE_CURVE('',#1978,#1979,#2362,.T.);
#1614=EDGE_CURVE('',#1980,#1979,#2363,.T.);
#1615=EDGE_CURVE('',#1977,#1980,#2364,.T.);
#1616=EDGE_CURVE('',#1981,#1982,#2365,.T.);
#1617=EDGE_CURVE('',#1983,#1982,#2366,.T.);
#1618=EDGE_CURVE('',#1984,#1983,#2367,.T.);
#1619=EDGE_CURVE('',#1984,#1981,#2368,.T.);
#1620=EDGE_CURVE('',#1985,#1986,#2369,.T.);
#1621=EDGE_CURVE('',#1987,#1986,#2370,.T.);
#1622=EDGE_CURVE('',#1988,#1987,#2371,.T.);
#1623=EDGE_CURVE('',#1988,#1985,#2372,.T.);
#1624=EDGE_CURVE('',#1989,#1985,#2373,.T.);
#1625=EDGE_CURVE('',#1990,#1988,#2374,.T.);
#1626=EDGE_CURVE('',#1990,#1989,#2375,.T.);
#1627=EDGE_CURVE('',#1991,#1989,#2376,.T.);
#1628=EDGE_CURVE('',#1992,#1990,#2377,.T.);
#1629=EDGE_CURVE('',#1992,#1991,#2378,.T.);
#1630=EDGE_CURVE('',#1993,#1994,#2379,.T.);
#1631=EDGE_CURVE('',#1995,#1994,#2380,.T.);
#1632=EDGE_CURVE('',#1996,#1995,#2381,.T.);
#1633=EDGE_CURVE('',#1996,#1993,#2382,.T.);
#1634=EDGE_CURVE('',#1997,#1993,#162,.T.);
#1635=EDGE_CURVE('',#1998,#1996,#163,.T.);
#1636=EDGE_CURVE('',#1998,#1997,#2383,.T.);
#1637=EDGE_CURVE('',#1999,#2000,#2384,.T.);
#1638=EDGE_CURVE('',#1999,#1997,#2385,.T.);
#1639=EDGE_CURVE('',#2000,#1998,#2386,.T.);
#1640=EDGE_CURVE('',#1982,#2001,#164,.T.);
#1641=EDGE_CURVE('',#2001,#2002,#2387,.T.);
#1642=EDGE_CURVE('',#1983,#2002,#165,.T.);
#1643=EDGE_CURVE('',#2003,#2004,#2388,.T.);
#1644=EDGE_CURVE('',#2005,#2004,#2389,.T.);
#1645=EDGE_CURVE('',#2006,#2005,#2390,.T.);
#1646=EDGE_CURVE('',#2006,#2003,#2391,.T.);
#1647=EDGE_CURVE('',#2004,#2007,#2392,.T.);
#1648=EDGE_CURVE('',#2008,#2007,#2393,.T.);
#1649=EDGE_CURVE('',#2005,#2008,#2394,.T.);
#1650=EDGE_CURVE('',#2007,#2009,#2395,.T.);
#1651=EDGE_CURVE('',#2010,#2009,#2396,.T.);
#1652=EDGE_CURVE('',#2008,#2010,#2397,.T.);
#1653=EDGE_CURVE('',#2009,#2003,#2398,.T.);
#1654=EDGE_CURVE('',#2010,#2006,#2399,.T.);
#1655=EDGE_CURVE('',#2011,#1973,#2400,.T.);
#1656=EDGE_CURVE('',#2012,#2011,#2401,.T.);
#1657=EDGE_CURVE('',#2013,#2012,#2402,.T.);
#1658=EDGE_CURVE('',#2014,#2013,#2403,.T.);
#1659=EDGE_CURVE('',#2015,#2014,#2404,.T.);
#1660=EDGE_CURVE('',#2016,#2015,#2405,.T.);
#1661=EDGE_CURVE('',#1975,#2016,#2406,.T.);
#1662=EDGE_CURVE('',#2017,#2018,#2407,.T.);
#1663=EDGE_CURVE('',#2014,#2017,#2408,.T.);
#1664=EDGE_CURVE('',#2013,#2018,#2409,.T.);
#1665=EDGE_CURVE('',#2018,#2019,#2410,.T.);
#1666=EDGE_CURVE('',#2012,#2019,#2411,.T.);
#1667=EDGE_CURVE('',#2019,#2020,#2412,.T.);
#1668=EDGE_CURVE('',#2011,#2020,#2413,.T.);
#1669=EDGE_CURVE('',#2021,#2022,#2414,.T.);
#1670=EDGE_CURVE('',#2016,#2021,#2415,.T.);
#1671=EDGE_CURVE('',#2015,#2022,#2416,.T.);
#1672=EDGE_CURVE('',#2022,#2017,#2417,.T.);
#1673=EDGE_CURVE('',#1979,#1971,#2418,.T.);
#1674=EDGE_CURVE('',#2002,#1978,#2419,.T.);
#1675=EDGE_CURVE('',#2023,#2001,#2420,.T.);
#1676=EDGE_CURVE('',#2024,#2023,#2421,.T.);
#1677=EDGE_CURVE('',#2024,#1972,#2422,.T.);
#1678=EDGE_CURVE('',#2025,#2023,#2423,.T.);
#1679=EDGE_CURVE('',#1986,#1981,#166,.T.);
#1680=EDGE_CURVE('',#1994,#1991,#167,.T.);
#1681=EDGE_CURVE('',#2025,#1999,#2424,.T.);
#1682=EDGE_CURVE('',#2021,#1970,#2425,.T.);
#1683=EDGE_CURVE('',#2026,#2024,#2426,.T.);
#1684=EDGE_CURVE('',#1976,#2026,#2427,.T.);
#1685=EDGE_CURVE('',#1980,#1974,#2428,.T.);
#1686=EDGE_CURVE('',#1969,#2020,#2429,.T.);
#1687=EDGE_CURVE('',#2026,#2025,#2430,.T.);
#1688=EDGE_CURVE('',#2000,#1977,#2431,.T.);
#1689=EDGE_CURVE('',#1995,#1992,#168,.T.);
#1690=EDGE_CURVE('',#1987,#1984,#169,.T.);
#1691=VERTEX_POINT('',#5850);
#1692=VERTEX_POINT('',#5851);
#1693=VERTEX_POINT('',#5853);
#1694=VERTEX_POINT('',#5855);
#1695=VERTEX_POINT('',#5859);
#1696=VERTEX_POINT('',#5860);
#1697=VERTEX_POINT('',#5862);
#1698=VERTEX_POINT('',#5864);
#1699=VERTEX_POINT('',#5868);
#1700=VERTEX_POINT('',#5869);
#1701=VERTEX_POINT('',#5871);
#1702=VERTEX_POINT('',#5873);
#1703=VERTEX_POINT('',#5877);
#1704=VERTEX_POINT('',#5879);
#1705=VERTEX_POINT('',#5881);
#1706=VERTEX_POINT('',#5883);
#1707=VERTEX_POINT('',#5885);
#1708=VERTEX_POINT('',#5887);
#1709=VERTEX_POINT('',#5889);
#1710=VERTEX_POINT('',#5892);
#1711=VERTEX_POINT('',#5896);
#1712=VERTEX_POINT('',#5897);
#1713=VERTEX_POINT('',#5899);
#1714=VERTEX_POINT('',#5901);
#1715=VERTEX_POINT('',#5903);
#1716=VERTEX_POINT('',#5905);
#1717=VERTEX_POINT('',#5907);
#1718=VERTEX_POINT('',#5909);
#1719=VERTEX_POINT('',#5911);
#1720=VERTEX_POINT('',#5913);
#1721=VERTEX_POINT('',#5918);
#1722=VERTEX_POINT('',#5919);
#1723=VERTEX_POINT('',#5921);
#1724=VERTEX_POINT('',#5923);
#1725=VERTEX_POINT('',#5927);
#1726=VERTEX_POINT('',#5928);
#1727=VERTEX_POINT('',#5930);
#1728=VERTEX_POINT('',#5932);
#1729=VERTEX_POINT('',#5941);
#1730=VERTEX_POINT('',#5942);
#1731=VERTEX_POINT('',#5944);
#1732=VERTEX_POINT('',#5946);
#1733=VERTEX_POINT('',#5950);
#1734=VERTEX_POINT('',#5951);
#1735=VERTEX_POINT('',#5953);
#1736=VERTEX_POINT('',#5955);
#1737=VERTEX_POINT('',#5964);
#1738=VERTEX_POINT('',#5965);
#1739=VERTEX_POINT('',#5967);
#1740=VERTEX_POINT('',#5969);
#1741=VERTEX_POINT('',#5973);
#1742=VERTEX_POINT('',#5974);
#1743=VERTEX_POINT('',#5976);
#1744=VERTEX_POINT('',#5978);
#1745=VERTEX_POINT('',#5987);
#1746=VERTEX_POINT('',#5988);
#1747=VERTEX_POINT('',#5990);
#1748=VERTEX_POINT('',#5992);
#1749=VERTEX_POINT('',#5996);
#1750=VERTEX_POINT('',#5997);
#1751=VERTEX_POINT('',#5999);
#1752=VERTEX_POINT('',#6001);
#1753=VERTEX_POINT('',#6010);
#1754=VERTEX_POINT('',#6013);
#1755=VERTEX_POINT('',#6016);
#1756=VERTEX_POINT('',#6018);
#1757=VERTEX_POINT('',#6021);
#1758=VERTEX_POINT('',#6023);
#1759=VERTEX_POINT('',#6026);
#1760=VERTEX_POINT('',#6027);
#1761=VERTEX_POINT('',#6029);
#1762=VERTEX_POINT('',#6031);
#1763=VERTEX_POINT('',#6035);
#1764=VERTEX_POINT('',#6037);
#1765=VERTEX_POINT('',#6039);
#1766=VERTEX_POINT('',#6045);
#1767=VERTEX_POINT('',#6047);
#1768=VERTEX_POINT('',#6053);
#1769=VERTEX_POINT('',#6055);
#1770=VERTEX_POINT('',#6057);
#1771=VERTEX_POINT('',#6061);
#1772=VERTEX_POINT('',#6063);
#1773=VERTEX_POINT('',#6065);
#1774=VERTEX_POINT('',#6067);
#1775=VERTEX_POINT('',#6073);
#1776=VERTEX_POINT('',#6075);
#1777=VERTEX_POINT('',#6081);
#1778=VERTEX_POINT('',#6083);
#1779=VERTEX_POINT('',#6087);
#1780=VERTEX_POINT('',#6088);
#1781=VERTEX_POINT('',#6090);
#1782=VERTEX_POINT('',#6092);
#1783=VERTEX_POINT('',#6096);
#1784=VERTEX_POINT('',#6098);
#1785=VERTEX_POINT('',#6100);
#1786=VERTEX_POINT('',#6106);
#1787=VERTEX_POINT('',#6108);
#1788=VERTEX_POINT('',#6113);
#1789=VERTEX_POINT('',#6115);
#1790=VERTEX_POINT('',#6117);
#1791=VERTEX_POINT('',#6121);
#1792=VERTEX_POINT('',#6123);
#1793=VERTEX_POINT('',#6125);
#1794=VERTEX_POINT('',#6127);
#1795=VERTEX_POINT('',#6133);
#1796=VERTEX_POINT('',#6135);
#1797=VERTEX_POINT('',#6140);
#1798=VERTEX_POINT('',#6142);
#1799=VERTEX_POINT('',#6146);
#1800=VERTEX_POINT('',#6152);
#1801=VERTEX_POINT('',#6160);
#1802=VERTEX_POINT('',#6162);
#1803=VERTEX_POINT('',#6176);
#1804=VERTEX_POINT('',#6182);
#1805=VERTEX_POINT('',#6190);
#1806=VERTEX_POINT('',#6192);
#1807=VERTEX_POINT('',#6206);
#1808=VERTEX_POINT('',#6207);
#1809=VERTEX_POINT('',#6209);
#1810=VERTEX_POINT('',#6211);
#1811=VERTEX_POINT('',#6215);
#1812=VERTEX_POINT('',#6216);
#1813=VERTEX_POINT('',#6218);
#1814=VERTEX_POINT('',#6221);
#1815=VERTEX_POINT('',#6225);
#1816=VERTEX_POINT('',#6229);
#1817=VERTEX_POINT('',#6233);
#1818=VERTEX_POINT('',#6234);
#1819=VERTEX_POINT('',#6236);
#1820=VERTEX_POINT('',#6238);
#1821=VERTEX_POINT('',#6242);
#1822=VERTEX_POINT('',#6243);
#1823=VERTEX_POINT('',#6245);
#1824=VERTEX_POINT('',#6248);
#1825=VERTEX_POINT('',#6252);
#1826=VERTEX_POINT('',#6256);
#1827=VERTEX_POINT('',#6263);
#1828=VERTEX_POINT('',#6264);
#1829=VERTEX_POINT('',#6266);
#1830=VERTEX_POINT('',#6268);
#1831=VERTEX_POINT('',#6272);
#1832=VERTEX_POINT('',#6273);
#1833=VERTEX_POINT('',#6275);
#1834=VERTEX_POINT('',#6280);
#1835=VERTEX_POINT('',#6284);
#1836=VERTEX_POINT('',#6285);
#1837=VERTEX_POINT('',#6287);
#1838=VERTEX_POINT('',#6292);
#1839=VERTEX_POINT('',#6299);
#1840=VERTEX_POINT('',#6300);
#1841=VERTEX_POINT('',#6302);
#1842=VERTEX_POINT('',#6304);
#1843=VERTEX_POINT('',#6308);
#1844=VERTEX_POINT('',#6310);
#1845=VERTEX_POINT('',#6312);
#1846=VERTEX_POINT('',#6316);
#1847=VERTEX_POINT('',#6318);
#1848=VERTEX_POINT('',#6320);
#1849=VERTEX_POINT('',#6324);
#1850=VERTEX_POINT('',#6326);
#1851=VERTEX_POINT('',#6328);
#1852=VERTEX_POINT('',#6332);
#1853=VERTEX_POINT('',#6334);
#1854=VERTEX_POINT('',#6336);
#1855=VERTEX_POINT('',#6340);
#1856=VERTEX_POINT('',#6342);
#1857=VERTEX_POINT('',#6346);
#1858=VERTEX_POINT('',#6348);
#1859=VERTEX_POINT('',#6352);
#1860=VERTEX_POINT('',#6353);
#1861=VERTEX_POINT('',#6355);
#1862=VERTEX_POINT('',#6357);
#1863=VERTEX_POINT('',#6361);
#1864=VERTEX_POINT('',#6362);
#1865=VERTEX_POINT('',#6367);
#1866=VERTEX_POINT('',#6371);
#1867=VERTEX_POINT('',#6377);
#1868=VERTEX_POINT('',#6378);
#1869=VERTEX_POINT('',#6380);
#1870=VERTEX_POINT('',#6382);
#1871=VERTEX_POINT('',#6384);
#1872=VERTEX_POINT('',#6386);
#1873=VERTEX_POINT('',#6388);
#1874=VERTEX_POINT('',#6390);
#1875=VERTEX_POINT('',#6392);
#1876=VERTEX_POINT('',#6394);
#1877=VERTEX_POINT('',#6396);
#1878=VERTEX_POINT('',#6398);
#1879=VERTEX_POINT('',#6402);
#1880=VERTEX_POINT('',#6403);
#1881=VERTEX_POINT('',#6408);
#1882=VERTEX_POINT('',#6412);
#1883=VERTEX_POINT('',#6416);
#1884=VERTEX_POINT('',#6420);
#1885=VERTEX_POINT('',#6424);
#1886=VERTEX_POINT('',#6428);
#1887=VERTEX_POINT('',#6432);
#1888=VERTEX_POINT('',#6436);
#1889=VERTEX_POINT('',#6440);
#1890=VERTEX_POINT('',#6444);
#1891=VERTEX_POINT('',#6450);
#1892=VERTEX_POINT('',#6451);
#1893=VERTEX_POINT('',#6453);
#1894=VERTEX_POINT('',#6455);
#1895=VERTEX_POINT('',#6459);
#1896=VERTEX_POINT('',#6460);
#1897=VERTEX_POINT('',#6462);
#1898=VERTEX_POINT('',#6464);
#1899=VERTEX_POINT('',#6468);
#1900=VERTEX_POINT('',#6469);
#1901=VERTEX_POINT('',#6471);
#1902=VERTEX_POINT('',#6473);
#1903=VERTEX_POINT('',#6477);
#1904=VERTEX_POINT('',#6478);
#1905=VERTEX_POINT('',#6480);
#1906=VERTEX_POINT('',#6482);
#1907=VERTEX_POINT('',#6489);
#1908=VERTEX_POINT('',#6490);
#1909=VERTEX_POINT('',#6492);
#1910=VERTEX_POINT('',#6505);
#1911=VERTEX_POINT('',#6507);
#1912=VERTEX_POINT('',#6520);
#1913=VERTEX_POINT('',#6521);
#1914=VERTEX_POINT('',#6523);
#1915=VERTEX_POINT('',#6528);
#1916=VERTEX_POINT('',#6530);
#1917=VERTEX_POINT('',#6545);
#1918=VERTEX_POINT('',#6546);
#1919=VERTEX_POINT('',#6548);
#1920=VERTEX_POINT('',#6550);
#1921=VERTEX_POINT('',#6555);
#1922=VERTEX_POINT('',#6559);
#1923=VERTEX_POINT('',#6560);
#1924=VERTEX_POINT('',#6562);
#1925=VERTEX_POINT('',#6573);
#1926=VERTEX_POINT('',#6575);
#1927=VERTEX_POINT('',#6582);
#1928=VERTEX_POINT('',#6584);
#1929=VERTEX_POINT('',#6588);
#1930=VERTEX_POINT('',#6589);
#1931=VERTEX_POINT('',#6594);
#1932=VERTEX_POINT('',#6596);
#1933=VERTEX_POINT('',#6600);
#1934=VERTEX_POINT('',#6601);
#1935=VERTEX_POINT('',#6606);
#1936=VERTEX_POINT('',#6614);
#1937=VERTEX_POINT('',#6619);
#1938=VERTEX_POINT('',#6623);
#1939=VERTEX_POINT('',#6628);
#1940=VERTEX_POINT('',#6642);
#1941=VERTEX_POINT('',#6652);
#1942=VERTEX_POINT('',#6653);
#1943=VERTEX_POINT('',#6655);
#1944=VERTEX_POINT('',#6657);
#1945=VERTEX_POINT('',#6661);
#1946=VERTEX_POINT('',#6662);
#1947=VERTEX_POINT('',#6667);
#1948=VERTEX_POINT('',#6671);
#1949=VERTEX_POINT('',#6675);
#1950=VERTEX_POINT('',#6676);
#1951=VERTEX_POINT('',#6678);
#1952=VERTEX_POINT('',#6680);
#1953=VERTEX_POINT('',#6684);
#1954=VERTEX_POINT('',#6685);
#1955=VERTEX_POINT('',#6690);
#1956=VERTEX_POINT('',#6694);
#1957=VERTEX_POINT('',#6698);
#1958=VERTEX_POINT('',#6703);
#1959=VERTEX_POINT('',#6724);
#1960=VERTEX_POINT('',#6731);
#1961=VERTEX_POINT('',#6768);
#1962=VERTEX_POINT('',#6769);
#1963=VERTEX_POINT('',#6771);
#1964=VERTEX_POINT('',#6773);
#1965=VERTEX_POINT('',#6777);
#1966=VERTEX_POINT('',#6778);
#1967=VERTEX_POINT('',#6780);
#1968=VERTEX_POINT('',#6782);
#1969=VERTEX_POINT('',#6828);
#1970=VERTEX_POINT('',#6829);
#1971=VERTEX_POINT('',#6831);
#1972=VERTEX_POINT('',#6833);
#1973=VERTEX_POINT('',#6837);
#1974=VERTEX_POINT('',#6838);
#1975=VERTEX_POINT('',#6840);
#1976=VERTEX_POINT('',#6842);
#1977=VERTEX_POINT('',#6846);
#1978=VERTEX_POINT('',#6847);
#1979=VERTEX_POINT('',#6849);
#1980=VERTEX_POINT('',#6851);
#1981=VERTEX_POINT('',#6855);
#1982=VERTEX_POINT('',#6856);
#1983=VERTEX_POINT('',#6858);
#1984=VERTEX_POINT('',#6860);
#1985=VERTEX_POINT('',#6864);
#1986=VERTEX_POINT('',#6865);
#1987=VERTEX_POINT('',#6867);
#1988=VERTEX_POINT('',#6869);
#1989=VERTEX_POINT('',#6873);
#1990=VERTEX_POINT('',#6875);
#1991=VERTEX_POINT('',#6879);
#1992=VERTEX_POINT('',#6881);
#1993=VERTEX_POINT('',#6885);
#1994=VERTEX_POINT('',#6886);
#1995=VERTEX_POINT('',#6888);
#1996=VERTEX_POINT('',#6890);
#1997=VERTEX_POINT('',#6894);
#1998=VERTEX_POINT('',#6896);
#1999=VERTEX_POINT('',#6900);
#2000=VERTEX_POINT('',#6901);
#2001=VERTEX_POINT('',#6906);
#2002=VERTEX_POINT('',#6908);
#2003=VERTEX_POINT('',#6912);
#2004=VERTEX_POINT('',#6913);
#2005=VERTEX_POINT('',#6915);
#2006=VERTEX_POINT('',#6917);
#2007=VERTEX_POINT('',#6921);
#2008=VERTEX_POINT('',#6923);
#2009=VERTEX_POINT('',#6927);
#2010=VERTEX_POINT('',#6929);
#2011=VERTEX_POINT('',#6936);
#2012=VERTEX_POINT('',#6938);
#2013=VERTEX_POINT('',#6940);
#2014=VERTEX_POINT('',#6942);
#2015=VERTEX_POINT('',#6944);
#2016=VERTEX_POINT('',#6946);
#2017=VERTEX_POINT('',#6950);
#2018=VERTEX_POINT('',#6951);
#2019=VERTEX_POINT('',#6956);
#2020=VERTEX_POINT('',#6960);
#2021=VERTEX_POINT('',#6964);
#2022=VERTEX_POINT('',#6965);
#2023=VERTEX_POINT('',#6974);
#2024=VERTEX_POINT('',#6976);
#2025=VERTEX_POINT('',#6980);
#2026=VERTEX_POINT('',#6987);
#2027=LINE('',#5849,#2432);
#2028=LINE('',#5852,#2433);
#2029=LINE('',#5854,#2434);
#2030=LINE('',#5856,#2435);
#2031=LINE('',#5858,#2436);
#2032=LINE('',#5861,#2437);
#2033=LINE('',#5863,#2438);
#2034=LINE('',#5865,#2439);
#2035=LINE('',#5867,#2440);
#2036=LINE('',#5870,#2441);
#2037=LINE('',#5872,#2442);
#2038=LINE('',#5874,#2443);
#2039=LINE('',#5876,#2444);
#2040=LINE('',#5878,#2445);
#2041=LINE('',#5880,#2446);
#2042=LINE('',#5882,#2447);
#2043=LINE('',#5884,#2448);
#2044=LINE('',#5886,#2449);
#2045=LINE('',#5888,#2450);
#2046=LINE('',#5890,#2451);
#2047=LINE('',#5891,#2452);
#2048=LINE('',#5893,#2453);
#2049=LINE('',#5895,#2454);
#2050=LINE('',#5898,#2455);
#2051=LINE('',#5900,#2456);
#2052=LINE('',#5902,#2457);
#2053=LINE('',#5904,#2458);
#2054=LINE('',#5906,#2459);
#2055=LINE('',#5908,#2460);
#2056=LINE('',#5910,#2461);
#2057=LINE('',#5912,#2462);
#2058=LINE('',#5914,#2463);
#2059=LINE('',#5915,#2464);
#2060=LINE('',#5920,#2465);
#2061=LINE('',#5924,#2466);
#2062=LINE('',#5929,#2467);
#2063=LINE('',#5933,#2468);
#2064=LINE('',#5935,#2469);
#2065=LINE('',#5936,#2470);
#2066=LINE('',#5938,#2471);
#2067=LINE('',#5943,#2472);
#2068=LINE('',#5947,#2473);
#2069=LINE('',#5952,#2474);
#2070=LINE('',#5956,#2475);
#2071=LINE('',#5958,#2476);
#2072=LINE('',#5959,#2477);
#2073=LINE('',#5961,#2478);
#2074=LINE('',#5966,#2479);
#2075=LINE('',#5970,#2480);
#2076=LINE('',#5975,#2481);
#2077=LINE('',#5979,#2482);
#2078=LINE('',#5981,#2483);
#2079=LINE('',#5982,#2484);
#2080=LINE('',#5984,#2485);
#2081=LINE('',#5989,#2486);
#2082=LINE('',#5993,#2487);
#2083=LINE('',#5998,#2488);
#2084=LINE('',#6002,#2489);
#2085=LINE('',#6004,#2490);
#2086=LINE('',#6005,#2491);
#2087=LINE('',#6007,#2492);
#2088=LINE('',#6025,#2493);
#2089=LINE('',#6030,#2494);
#2090=LINE('',#6034,#2495);
#2091=LINE('',#6036,#2496);
#2092=LINE('',#6038,#2497);
#2093=LINE('',#6046,#2498);
#2094=LINE('',#6054,#2499);
#2095=LINE('',#6056,#2500);
#2096=LINE('',#6058,#2501);
#2097=LINE('',#6060,#2502);
#2098=LINE('',#6062,#2503);
#2099=LINE('',#6064,#2504);
#2100=LINE('',#6066,#2505);
#2101=LINE('',#6074,#2506);
#2102=LINE('',#6082,#2507);
#2103=LINE('',#6084,#2508);
#2104=LINE('',#6089,#2509);
#2105=LINE('',#6093,#2510);
#2106=LINE('',#6095,#2511);
#2107=LINE('',#6097,#2512);
#2108=LINE('',#6099,#2513);
#2109=LINE('',#6107,#2514);
#2110=LINE('',#6114,#2515);
#2111=LINE('',#6116,#2516);
#2112=LINE('',#6118,#2517);
#2113=LINE('',#6120,#2518);
#2114=LINE('',#6122,#2519);
#2115=LINE('',#6124,#2520);
#2116=LINE('',#6126,#2521);
#2117=LINE('',#6134,#2522);
#2118=LINE('',#6141,#2523);
#2119=LINE('',#6143,#2524);
#2120=LINE('',#6145,#2525);
#2121=LINE('',#6153,#2526);
#2122=LINE('',#6161,#2527);
#2123=LINE('',#6163,#2528);
#2124=LINE('',#6175,#2529);
#2125=LINE('',#6183,#2530);
#2126=LINE('',#6191,#2531);
#2127=LINE('',#6193,#2532);
#2128=LINE('',#6205,#2533);
#2129=LINE('',#6208,#2534);
#2130=LINE('',#6210,#2535);
#2131=LINE('',#6212,#2536);
#2132=LINE('',#6214,#2537);
#2133=LINE('',#6217,#2538);
#2134=LINE('',#6219,#2539);
#2135=LINE('',#6220,#2540);
#2136=LINE('',#6222,#2541);
#2137=LINE('',#6224,#2542);
#2138=LINE('',#6226,#2543);
#2139=LINE('',#6228,#2544);
#2140=LINE('',#6230,#2545);
#2141=LINE('',#6232,#2546);
#2142=LINE('',#6235,#2547);
#2143=LINE('',#6237,#2548);
#2144=LINE('',#6239,#2549);
#2145=LINE('',#6241,#2550);
#2146=LINE('',#6244,#2551);
#2147=LINE('',#6246,#2552);
#2148=LINE('',#6247,#2553);
#2149=LINE('',#6249,#2554);
#2150=LINE('',#6251,#2555);
#2151=LINE('',#6253,#2556);
#2152=LINE('',#6255,#2557);
#2153=LINE('',#6257,#2558);
#2154=LINE('',#6265,#2559);
#2155=LINE('',#6269,#2560);
#2156=LINE('',#6274,#2561);
#2157=LINE('',#6281,#2562);
#2158=LINE('',#6286,#2563);
#2159=LINE('',#6293,#2564);
#2160=LINE('',#6301,#2565);
#2161=LINE('',#6305,#2566);
#2162=LINE('',#6307,#2567);
#2163=LINE('',#6309,#2568);
#2164=LINE('',#6311,#2569);
#2165=LINE('',#6313,#2570);
#2166=LINE('',#6315,#2571);
#2167=LINE('',#6317,#2572);
#2168=LINE('',#6319,#2573);
#2169=LINE('',#6321,#2574);
#2170=LINE('',#6323,#2575);
#2171=LINE('',#6325,#2576);
#2172=LINE('',#6327,#2577);
#2173=LINE('',#6329,#2578);
#2174=LINE('',#6331,#2579);
#2175=LINE('',#6333,#2580);
#2176=LINE('',#6335,#2581);
#2177=LINE('',#6337,#2582);
#2178=LINE('',#6339,#2583);
#2179=LINE('',#6341,#2584);
#2180=LINE('',#6343,#2585);
#2181=LINE('',#6345,#2586);
#2182=LINE('',#6347,#2587);
#2183=LINE('',#6349,#2588);
#2184=LINE('',#6351,#2589);
#2185=LINE('',#6354,#2590);
#2186=LINE('',#6356,#2591);
#2187=LINE('',#6358,#2592);
#2188=LINE('',#6360,#2593);
#2189=LINE('',#6363,#2594);
#2190=LINE('',#6364,#2595);
#2191=LINE('',#6368,#2596);
#2192=LINE('',#6370,#2597);
#2193=LINE('',#6372,#2598);
#2194=LINE('',#6376,#2599);
#2195=LINE('',#6379,#2600);
#2196=LINE('',#6381,#2601);
#2197=LINE('',#6383,#2602);
#2198=LINE('',#6385,#2603);
#2199=LINE('',#6387,#2604);
#2200=LINE('',#6389,#2605);
#2201=LINE('',#6391,#2606);
#2202=LINE('',#6393,#2607);
#2203=LINE('',#6395,#2608);
#2204=LINE('',#6397,#2609);
#2205=LINE('',#6399,#2610);
#2206=LINE('',#6404,#2611);
#2207=LINE('',#6405,#2612);
#2208=LINE('',#6407,#2613);
#2209=LINE('',#6409,#2614);
#2210=LINE('',#6413,#2615);
#2211=LINE('',#6415,#2616);
#2212=LINE('',#6417,#2617);
#2213=LINE('',#6421,#2618);
#2214=LINE('',#6423,#2619);
#2215=LINE('',#6425,#2620);
#2216=LINE('',#6429,#2621);
#2217=LINE('',#6431,#2622);
#2218=LINE('',#6433,#2623);
#2219=LINE('',#6437,#2624);
#2220=LINE('',#6439,#2625);
#2221=LINE('',#6441,#2626);
#2222=LINE('',#6445,#2627);
#2223=LINE('',#6447,#2628);
#2224=LINE('',#6449,#2629);
#2225=LINE('',#6452,#2630);
#2226=LINE('',#6454,#2631);
#2227=LINE('',#6456,#2632);
#2228=LINE('',#6458,#2633);
#2229=LINE('',#6461,#2634);
#2230=LINE('',#6463,#2635);
#2231=LINE('',#6465,#2636);
#2232=LINE('',#6467,#2637);
#2233=LINE('',#6470,#2638);
#2234=LINE('',#6472,#2639);
#2235=LINE('',#6474,#2640);
#2236=LINE('',#6476,#2641);
#2237=LINE('',#6479,#2642);
#2238=LINE('',#6481,#2643);
#2239=LINE('',#6483,#2644);
#2240=LINE('',#6491,#2645);
#2241=LINE('',#6506,#2646);
#2242=LINE('',#6522,#2647);
#2243=LINE('',#6531,#2648);
#2244=LINE('',#6547,#2649);
#2245=LINE('',#6556,#2650);
#2246=LINE('',#6561,#2651);
#2247=LINE('',#6574,#2652);
#2248=LINE('',#6581,#2653);
#2249=LINE('',#6583,#2654);
#2250=LINE('',#6585,#2655);
#2251=LINE('',#6587,#2656);
#2252=LINE('',#6590,#2657);
#2253=LINE('',#6591,#2658);
#2254=LINE('',#6593,#2659);
#2255=LINE('',#6595,#2660);
#2256=LINE('',#6597,#2661);
#2257=LINE('',#6599,#2662);
#2258=LINE('',#6602,#2663);
#2259=LINE('',#6603,#2664);
#2260=LINE('',#6605,#2665);
#2261=LINE('',#6607,#2666);
#2262=LINE('',#6608,#2667);
#2263=LINE('',#6610,#2668);
#2264=LINE('',#6611,#2669);
#2265=LINE('',#6613,#2670);
#2266=LINE('',#6615,#2671);
#2267=LINE('',#6616,#2672);
#2268=LINE('',#6618,#2673);
#2269=LINE('',#6620,#2674);
#2270=LINE('',#6622,#2675);
#2271=LINE('',#6624,#2676);
#2272=LINE('',#6625,#2677);
#2273=LINE('',#6627,#2678);
#2274=LINE('',#6629,#2679);
#2275=LINE('',#6630,#2680);
#2276=LINE('',#6632,#2681);
#2277=LINE('',#6634,#2682);
#2278=LINE('',#6636,#2683);
#2279=LINE('',#6637,#2684);
#2280=LINE('',#6639,#2685);
#2281=LINE('',#6641,#2686);
#2282=LINE('',#6643,#2687);
#2283=LINE('',#6645,#2688);
#2284=LINE('',#6646,#2689);
#2285=LINE('',#6648,#2690);
#2286=LINE('',#6649,#2691);
#2287=LINE('',#6651,#2692);
#2288=LINE('',#6654,#2693);
#2289=LINE('',#6656,#2694);
#2290=LINE('',#6658,#2695);
#2291=LINE('',#6660,#2696);
#2292=LINE('',#6663,#2697);
#2293=LINE('',#6664,#2698);
#2294=LINE('',#6666,#2699);
#2295=LINE('',#6668,#2700);
#2296=LINE('',#6670,#2701);
#2297=LINE('',#6672,#2702);
#2298=LINE('',#6674,#2703);
#2299=LINE('',#6677,#2704);
#2300=LINE('',#6679,#2705);
#2301=LINE('',#6681,#2706);
#2302=LINE('',#6683,#2707);
#2303=LINE('',#6686,#2708);
#2304=LINE('',#6687,#2709);
#2305=LINE('',#6689,#2710);
#2306=LINE('',#6691,#2711);
#2307=LINE('',#6693,#2712);
#2308=LINE('',#6695,#2713);
#2309=LINE('',#6697,#2714);
#2310=LINE('',#6699,#2715);
#2311=LINE('',#6700,#2716);
#2312=LINE('',#6702,#2717);
#2313=LINE('',#6704,#2718);
#2314=LINE('',#6706,#2719);
#2315=LINE('',#6707,#2720);
#2316=LINE('',#6710,#2721);
#2317=LINE('',#6713,#2722);
#2318=LINE('',#6714,#2723);
#2319=LINE('',#6717,#2724);
#2320=LINE('',#6718,#2725);
#2321=LINE('',#6719,#2726);
#2322=LINE('',#6721,#2727);
#2323=LINE('',#6723,#2728);
#2324=LINE('',#6725,#2729);
#2325=LINE('',#6726,#2730);
#2326=LINE('',#6728,#2731);
#2327=LINE('',#6730,#2732);
#2328=LINE('',#6732,#2733);
#2329=LINE('',#6733,#2734);
#2330=LINE('',#6735,#2735);
#2331=LINE('',#6736,#2736);
#2332=LINE('',#6737,#2737);
#2333=LINE('',#6738,#2738);
#2334=LINE('',#6740,#2739);
#2335=LINE('',#6741,#2740);
#2336=LINE('',#6742,#2741);
#2337=LINE('',#6743,#2742);
#2338=LINE('',#6744,#2743);
#2339=LINE('',#6746,#2744);
#2340=LINE('',#6748,#2745);
#2341=LINE('',#6749,#2746);
#2342=LINE('',#6752,#2747);
#2343=LINE('',#6753,#2748);
#2344=LINE('',#6754,#2749);
#2345=LINE('',#6758,#2750);
#2346=LINE('',#6760,#2751);
#2347=LINE('',#6764,#2752);
#2348=LINE('',#6765,#2753);
#2349=LINE('',#6767,#2754);
#2350=LINE('',#6772,#2755);
#2351=LINE('',#6776,#2756);
#2352=LINE('',#6781,#2757);
#2353=LINE('',#6790,#2758);
#2354=LINE('',#6792,#2759);
#2355=LINE('',#6808,#2760);
#2356=LINE('',#6810,#2761);
#2357=LINE('',#6827,#2762);
#2358=LINE('',#6832,#2763);
#2359=LINE('',#6839,#2764);
#2360=LINE('',#6843,#2765);
#2361=LINE('',#6845,#2766);
#2362=LINE('',#6848,#2767);
#2363=LINE('',#6850,#2768);
#2364=LINE('',#6852,#2769);
#2365=LINE('',#6854,#2770);
#2366=LINE('',#6857,#2771);
#2367=LINE('',#6859,#2772);
#2368=LINE('',#6861,#2773);
#2369=LINE('',#6863,#2774);
#2370=LINE('',#6866,#2775);
#2371=LINE('',#6868,#2776);
#2372=LINE('',#6870,#2777);
#2373=LINE('',#6872,#2778);
#2374=LINE('',#6874,#2779);
#2375=LINE('',#6876,#2780);
#2376=LINE('',#6878,#2781);
#2377=LINE('',#6880,#2782);
#2378=LINE('',#6882,#2783);
#2379=LINE('',#6884,#2784);
#2380=LINE('',#6887,#2785);
#2381=LINE('',#6889,#2786);
#2382=LINE('',#6891,#2787);
#2383=LINE('',#6897,#2788);
#2384=LINE('',#6899,#2789);
#2385=LINE('',#6902,#2790);
#2386=LINE('',#6903,#2791);
#2387=LINE('',#6907,#2792);
#2388=LINE('',#6911,#2793);
#2389=LINE('',#6914,#2794);
#2390=LINE('',#6916,#2795);
#2391=LINE('',#6918,#2796);
#2392=LINE('',#6920,#2797);
#2393=LINE('',#6922,#2798);
#2394=LINE('',#6924,#2799);
#2395=LINE('',#6926,#2800);
#2396=LINE('',#6928,#2801);
#2397=LINE('',#6930,#2802);
#2398=LINE('',#6932,#2803);
#2399=LINE('',#6933,#2804);
#2400=LINE('',#6935,#2805);
#2401=LINE('',#6937,#2806);
#2402=LINE('',#6939,#2807);
#2403=LINE('',#6941,#2808);
#2404=LINE('',#6943,#2809);
#2405=LINE('',#6945,#2810);
#2406=LINE('',#6947,#2811);
#2407=LINE('',#6949,#2812);
#2408=LINE('',#6952,#2813);
#2409=LINE('',#6953,#2814);
#2410=LINE('',#6955,#2815);
#2411=LINE('',#6957,#2816);
#2412=LINE('',#6959,#2817);
#2413=LINE('',#6961,#2818);
#2414=LINE('',#6963,#2819);
#2415=LINE('',#6966,#2820);
#2416=LINE('',#6967,#2821);
#2417=LINE('',#6969,#2822);
#2418=LINE('',#6971,#2823);
#2419=LINE('',#6972,#2824);
#2420=LINE('',#6973,#2825);
#2421=LINE('',#6975,#2826);
#2422=LINE('',#6977,#2827);
#2423=LINE('',#6979,#2828);
#2424=LINE('',#6983,#2829);
#2425=LINE('',#6985,#2830);
#2426=LINE('',#6986,#2831);
#2427=LINE('',#6988,#2832);
#2428=LINE('',#6990,#2833);
#2429=LINE('',#6991,#2834);
#2430=LINE('',#6993,#2835);
#2431=LINE('',#6995,#2836);
#2432=VECTOR('',#4922,1000.);
#2433=VECTOR('',#4923,1000.);
#2434=VECTOR('',#4924,1000.);
#2435=VECTOR('',#4925,1000.);
#2436=VECTOR('',#4928,1000.);
#2437=VECTOR('',#4929,1000.);
#2438=VECTOR('',#4930,1000.);
#2439=VECTOR('',#4931,1000.);
#2440=VECTOR('',#4934,1000.);
#2441=VECTOR('',#4935,1000.);
#2442=VECTOR('',#4936,1000.);
#2443=VECTOR('',#4937,1000.);
#2444=VECTOR('',#4940,1000.);
#2445=VECTOR('',#4941,1000.);
#2446=VECTOR('',#4942,1000.);
#2447=VECTOR('',#4943,1000.);
#2448=VECTOR('',#4944,1000.);
#2449=VECTOR('',#4945,1000.);
#2450=VECTOR('',#4946,1000.);
#2451=VECTOR('',#4947,1000.);
#2452=VECTOR('',#4948,1000.);
#2453=VECTOR('',#4949,1000.);
#2454=VECTOR('',#4952,1000.);
#2455=VECTOR('',#4953,1000.);
#2456=VECTOR('',#4954,1000.);
#2457=VECTOR('',#4955,1000.);
#2458=VECTOR('',#4956,1000.);
#2459=VECTOR('',#4957,1000.);
#2460=VECTOR('',#4958,1000.);
#2461=VECTOR('',#4959,1000.);
#2462=VECTOR('',#4960,1000.);
#2463=VECTOR('',#4961,1000.);
#2464=VECTOR('',#4962,1000.);
#2465=VECTOR('',#4967,1000.);
#2466=VECTOR('',#4970,1000.);
#2467=VECTOR('',#4975,1000.);
#2468=VECTOR('',#4978,1000.);
#2469=VECTOR('',#4981,1000.);
#2470=VECTOR('',#4982,1000.);
#2471=VECTOR('',#4985,1000.);
#2472=VECTOR('',#4990,1000.);
#2473=VECTOR('',#4993,1000.);
#2474=VECTOR('',#4998,1000.);
#2475=VECTOR('',#5001,1000.);
#2476=VECTOR('',#5004,1000.);
#2477=VECTOR('',#5005,1000.);
#2478=VECTOR('',#5008,1000.);
#2479=VECTOR('',#5013,1000.);
#2480=VECTOR('',#5016,1000.);
#2481=VECTOR('',#5021,1000.);
#2482=VECTOR('',#5024,1000.);
#2483=VECTOR('',#5027,1000.);
#2484=VECTOR('',#5028,1000.);
#2485=VECTOR('',#5031,1000.);
#2486=VECTOR('',#5036,1000.);
#2487=VECTOR('',#5039,1000.);
#2488=VECTOR('',#5044,1000.);
#2489=VECTOR('',#5047,1000.);
#2490=VECTOR('',#5050,1000.);
#2491=VECTOR('',#5051,1000.);
#2492=VECTOR('',#5054,1000.);
#2493=VECTOR('',#5077,1000.);
#2494=VECTOR('',#5080,1000.);
#2495=VECTOR('',#5085,1000.);
#2496=VECTOR('',#5086,1000.);
#2497=VECTOR('',#5087,1000.);
#2498=VECTOR('',#5088,1000.);
#2499=VECTOR('',#5089,1000.);
#2500=VECTOR('',#5090,1000.);
#2501=VECTOR('',#5091,1000.);
#2502=VECTOR('',#5094,1000.);
#2503=VECTOR('',#5095,1000.);
#2504=VECTOR('',#5096,1000.);
#2505=VECTOR('',#5097,1000.);
#2506=VECTOR('',#5098,1000.);
#2507=VECTOR('',#5099,1000.);
#2508=VECTOR('',#5100,1000.);
#2509=VECTOR('',#5105,1000.);
#2510=VECTOR('',#5108,1000.);
#2511=VECTOR('',#5111,1000.);
#2512=VECTOR('',#5112,1000.);
#2513=VECTOR('',#5113,1000.);
#2514=VECTOR('',#5114,1000.);
#2515=VECTOR('',#5115,1000.);
#2516=VECTOR('',#5116,1000.);
#2517=VECTOR('',#5117,1000.);
#2518=VECTOR('',#5120,1000.);
#2519=VECTOR('',#5121,1000.);
#2520=VECTOR('',#5122,1000.);
#2521=VECTOR('',#5123,1000.);
#2522=VECTOR('',#5124,1000.);
#2523=VECTOR('',#5125,1000.);
#2524=VECTOR('',#5126,1000.);
#2525=VECTOR('',#5129,1000.);
#2526=VECTOR('',#5130,1000.);
#2527=VECTOR('',#5133,1000.);
#2528=VECTOR('',#5134,1000.);
#2529=VECTOR('',#5157,1000.);
#2530=VECTOR('',#5158,1000.);
#2531=VECTOR('',#5161,1000.);
#2532=VECTOR('',#5162,1000.);
#2533=VECTOR('',#5185,1000.);
#2534=VECTOR('',#5186,1000.);
#2535=VECTOR('',#5187,1000.);
#2536=VECTOR('',#5188,1000.);
#2537=VECTOR('',#5191,1000.);
#2538=VECTOR('',#5192,1000.);
#2539=VECTOR('',#5193,1000.);
#2540=VECTOR('',#5194,1000.);
#2541=VECTOR('',#5195,1000.);
#2542=VECTOR('',#5198,1000.);
#2543=VECTOR('',#5199,1000.);
#2544=VECTOR('',#5202,1000.);
#2545=VECTOR('',#5203,1000.);
#2546=VECTOR('',#5206,1000.);
#2547=VECTOR('',#5207,1000.);
#2548=VECTOR('',#5208,1000.);
#2549=VECTOR('',#5209,1000.);
#2550=VECTOR('',#5212,1000.);
#2551=VECTOR('',#5213,1000.);
#2552=VECTOR('',#5214,1000.);
#2553=VECTOR('',#5215,1000.);
#2554=VECTOR('',#5216,1000.);
#2555=VECTOR('',#5219,1000.);
#2556=VECTOR('',#5220,1000.);
#2557=VECTOR('',#5223,1000.);
#2558=VECTOR('',#5224,1000.);
#2559=VECTOR('',#5227,1000.);
#2560=VECTOR('',#5230,1000.);
#2561=VECTOR('',#5235,1000.);
#2562=VECTOR('',#5236,1000.);
#2563=VECTOR('',#5241,1000.);
#2564=VECTOR('',#5242,1000.);
#2565=VECTOR('',#5245,1000.);
#2566=VECTOR('',#5248,1000.);
#2567=VECTOR('',#5251,1000.);
#2568=VECTOR('',#5252,1000.);
#2569=VECTOR('',#5253,1000.);
#2570=VECTOR('',#5254,1000.);
#2571=VECTOR('',#5257,1000.);
#2572=VECTOR('',#5258,1000.);
#2573=VECTOR('',#5259,1000.);
#2574=VECTOR('',#5260,1000.);
#2575=VECTOR('',#5263,1000.);
#2576=VECTOR('',#5264,1000.);
#2577=VECTOR('',#5265,1000.);
#2578=VECTOR('',#5266,1000.);
#2579=VECTOR('',#5269,1000.);
#2580=VECTOR('',#5270,1000.);
#2581=VECTOR('',#5271,1000.);
#2582=VECTOR('',#5272,1000.);
#2583=VECTOR('',#5275,1000.);
#2584=VECTOR('',#5276,1000.);
#2585=VECTOR('',#5277,1000.);
#2586=VECTOR('',#5280,1000.);
#2587=VECTOR('',#5281,1000.);
#2588=VECTOR('',#5282,1000.);
#2589=VECTOR('',#5285,1000.);
#2590=VECTOR('',#5286,1000.);
#2591=VECTOR('',#5287,1000.);
#2592=VECTOR('',#5288,1000.);
#2593=VECTOR('',#5291,1000.);
#2594=VECTOR('',#5292,1000.);
#2595=VECTOR('',#5293,1000.);
#2596=VECTOR('',#5298,1000.);
#2597=VECTOR('',#5301,1000.);
#2598=VECTOR('',#5302,1000.);
#2599=VECTOR('',#5309,1000.);
#2600=VECTOR('',#5310,1000.);
#2601=VECTOR('',#5311,1000.);
#2602=VECTOR('',#5312,1000.);
#2603=VECTOR('',#5313,1000.);
#2604=VECTOR('',#5314,1000.);
#2605=VECTOR('',#5315,1000.);
#2606=VECTOR('',#5316,1000.);
#2607=VECTOR('',#5317,1000.);
#2608=VECTOR('',#5318,1000.);
#2609=VECTOR('',#5319,1000.);
#2610=VECTOR('',#5320,1000.);
#2611=VECTOR('',#5325,1000.);
#2612=VECTOR('',#5326,1000.);
#2613=VECTOR('',#5329,1000.);
#2614=VECTOR('',#5330,1000.);
#2615=VECTOR('',#5335,1000.);
#2616=VECTOR('',#5338,1000.);
#2617=VECTOR('',#5339,1000.);
#2618=VECTOR('',#5344,1000.);
#2619=VECTOR('',#5347,1000.);
#2620=VECTOR('',#5348,1000.);
#2621=VECTOR('',#5353,1000.);
#2622=VECTOR('',#5356,1000.);
#2623=VECTOR('',#5357,1000.);
#2624=VECTOR('',#5362,1000.);
#2625=VECTOR('',#5365,1000.);
#2626=VECTOR('',#5366,1000.);
#2627=VECTOR('',#5371,1000.);
#2628=VECTOR('',#5374,1000.);
#2629=VECTOR('',#5377,1000.);
#2630=VECTOR('',#5378,1000.);
#2631=VECTOR('',#5379,1000.);
#2632=VECTOR('',#5380,1000.);
#2633=VECTOR('',#5383,1000.);
#2634=VECTOR('',#5384,1000.);
#2635=VECTOR('',#5385,1000.);
#2636=VECTOR('',#5386,1000.);
#2637=VECTOR('',#5389,1000.);
#2638=VECTOR('',#5390,1000.);
#2639=VECTOR('',#5391,1000.);
#2640=VECTOR('',#5392,1000.);
#2641=VECTOR('',#5395,1000.);
#2642=VECTOR('',#5396,1000.);
#2643=VECTOR('',#5397,1000.);
#2644=VECTOR('',#5398,1000.);
#2645=VECTOR('',#5401,1000.);
#2646=VECTOR('',#5402,1000.);
#2647=VECTOR('',#5407,1000.);
#2648=VECTOR('',#5410,1000.);
#2649=VECTOR('',#5413,1000.);
#2650=VECTOR('',#5416,1000.);
#2651=VECTOR('',#5421,1000.);
#2652=VECTOR('',#5422,1000.);
#2653=VECTOR('',#5425,1000.);
#2654=VECTOR('',#5426,1000.);
#2655=VECTOR('',#5427,1000.);
#2656=VECTOR('',#5430,1000.);
#2657=VECTOR('',#5431,1000.);
#2658=VECTOR('',#5432,1000.);
#2659=VECTOR('',#5435,1000.);
#2660=VECTOR('',#5436,1000.);
#2661=VECTOR('',#5437,1000.);
#2662=VECTOR('',#5440,1000.);
#2663=VECTOR('',#5441,1000.);
#2664=VECTOR('',#5442,1000.);
#2665=VECTOR('',#5445,1000.);
#2666=VECTOR('',#5446,1000.);
#2667=VECTOR('',#5447,1000.);
#2668=VECTOR('',#5450,1000.);
#2669=VECTOR('',#5451,1000.);
#2670=VECTOR('',#5454,1000.);
#2671=VECTOR('',#5455,1000.);
#2672=VECTOR('',#5456,1000.);
#2673=VECTOR('',#5459,1000.);
#2674=VECTOR('',#5460,1000.);
#2675=VECTOR('',#5463,1000.);
#2676=VECTOR('',#5464,1000.);
#2677=VECTOR('',#5465,1000.);
#2678=VECTOR('',#5468,1000.);
#2679=VECTOR('',#5469,1000.);
#2680=VECTOR('',#5470,1000.);
#2681=VECTOR('',#5473,1000.);
#2682=VECTOR('',#5476,1000.);
#2683=VECTOR('',#5479,1000.);
#2684=VECTOR('',#5480,1000.);
#2685=VECTOR('',#5483,1000.);
#2686=VECTOR('',#5486,1000.);
#2687=VECTOR('',#5487,1000.);
#2688=VECTOR('',#5490,1000.);
#2689=VECTOR('',#5491,1000.);
#2690=VECTOR('',#5494,1000.);
#2691=VECTOR('',#5495,1000.);
#2692=VECTOR('',#5498,1000.);
#2693=VECTOR('',#5499,1000.);
#2694=VECTOR('',#5500,1000.);
#2695=VECTOR('',#5501,1000.);
#2696=VECTOR('',#5504,1000.);
#2697=VECTOR('',#5505,1000.);
#2698=VECTOR('',#5506,1000.);
#2699=VECTOR('',#5509,1000.);
#2700=VECTOR('',#5510,1000.);
#2701=VECTOR('',#5513,1000.);
#2702=VECTOR('',#5514,1000.);
#2703=VECTOR('',#5517,1000.);
#2704=VECTOR('',#5518,1000.);
#2705=VECTOR('',#5519,1000.);
#2706=VECTOR('',#5520,1000.);
#2707=VECTOR('',#5523,1000.);
#2708=VECTOR('',#5524,1000.);
#2709=VECTOR('',#5525,1000.);
#2710=VECTOR('',#5528,1000.);
#2711=VECTOR('',#5529,1000.);
#2712=VECTOR('',#5532,1000.);
#2713=VECTOR('',#5533,1000.);
#2714=VECTOR('',#5536,1000.);
#2715=VECTOR('',#5537,1000.);
#2716=VECTOR('',#5538,1000.);
#2717=VECTOR('',#5541,1000.);
#2718=VECTOR('',#5542,1000.);
#2719=VECTOR('',#5545,1000.);
#2720=VECTOR('',#5546,1000.);
#2721=VECTOR('',#5551,1000.);
#2722=VECTOR('',#5556,1000.);
#2723=VECTOR('',#5557,1000.);
#2724=VECTOR('',#5562,1000.);
#2725=VECTOR('',#5563,1000.);
#2726=VECTOR('',#5564,1000.);
#2727=VECTOR('',#5567,1000.);
#2728=VECTOR('',#5570,1000.);
#2729=VECTOR('',#5571,1000.);
#2730=VECTOR('',#5572,1000.);
#2731=VECTOR('',#5575,1000.);
#2732=VECTOR('',#5578,1000.);
#2733=VECTOR('',#5579,1000.);
#2734=VECTOR('',#5580,1000.);
#2735=VECTOR('',#5583,1000.);
#2736=VECTOR('',#5584,1000.);
#2737=VECTOR('',#5585,1000.);
#2738=VECTOR('',#5586,1000.);
#2739=VECTOR('',#5589,1000.);
#2740=VECTOR('',#5590,1000.);
#2741=VECTOR('',#5591,1000.);
#2742=VECTOR('',#5592,1000.);
#2743=VECTOR('',#5593,1000.);
#2744=VECTOR('',#5596,1000.);
#2745=VECTOR('',#5599,1000.);
#2746=VECTOR('',#5600,1000.);
#2747=VECTOR('',#5605,1000.);
#2748=VECTOR('',#5606,1000.);
#2749=VECTOR('',#5607,1000.);
#2750=VECTOR('',#5614,1000.);
#2751=VECTOR('',#5617,1000.);
#2752=VECTOR('',#5624,1000.);
#2753=VECTOR('',#5625,1000.);
#2754=VECTOR('',#5628,1000.);
#2755=VECTOR('',#5631,1000.);
#2756=VECTOR('',#5636,1000.);
#2757=VECTOR('',#5639,1000.);
#2758=VECTOR('',#5644,1000.);
#2759=VECTOR('',#5647,1000.);
#2760=VECTOR('',#5658,1000.);
#2761=VECTOR('',#5661,1000.);
#2762=VECTOR('',#5684,1000.);
#2763=VECTOR('',#5687,1000.);
#2764=VECTOR('',#5694,1000.);
#2765=VECTOR('',#5697,1000.);
#2766=VECTOR('',#5700,1000.);
#2767=VECTOR('',#5701,1000.);
#2768=VECTOR('',#5702,1000.);
#2769=VECTOR('',#5703,1000.);
#2770=VECTOR('',#5706,1000.);
#2771=VECTOR('',#5707,1000.);
#2772=VECTOR('',#5708,1000.);
#2773=VECTOR('',#5709,1000.);
#2774=VECTOR('',#5712,1000.);
#2775=VECTOR('',#5713,1000.);
#2776=VECTOR('',#5714,1000.);
#2777=VECTOR('',#5715,1000.);
#2778=VECTOR('',#5718,1000.);
#2779=VECTOR('',#5719,1000.);
#2780=VECTOR('',#5720,1000.);
#2781=VECTOR('',#5723,1000.);
#2782=VECTOR('',#5724,1000.);
#2783=VECTOR('',#5725,1000.);
#2784=VECTOR('',#5728,1000.);
#2785=VECTOR('',#5729,1000.);
#2786=VECTOR('',#5730,1000.);
#2787=VECTOR('',#5731,1000.);
#2788=VECTOR('',#5738,1000.);
#2789=VECTOR('',#5741,1000.);
#2790=VECTOR('',#5742,1000.);
#2791=VECTOR('',#5743,1000.);
#2792=VECTOR('',#5748,1000.);
#2793=VECTOR('',#5753,1000.);
#2794=VECTOR('',#5754,1000.);
#2795=VECTOR('',#5755,1000.);
#2796=VECTOR('',#5756,1000.);
#2797=VECTOR('',#5759,1000.);
#2798=VECTOR('',#5760,1000.);
#2799=VECTOR('',#5761,1000.);
#2800=VECTOR('',#5764,1000.);
#2801=VECTOR('',#5765,1000.);
#2802=VECTOR('',#5766,1000.);
#2803=VECTOR('',#5769,1000.);
#2804=VECTOR('',#5770,1000.);
#2805=VECTOR('',#5773,1000.);
#2806=VECTOR('',#5774,1000.);
#2807=VECTOR('',#5775,1000.);
#2808=VECTOR('',#5776,1000.);
#2809=VECTOR('',#5777,1000.);
#2810=VECTOR('',#5778,1000.);
#2811=VECTOR('',#5779,1000.);
#2812=VECTOR('',#5782,1000.);
#2813=VECTOR('',#5783,1000.);
#2814=VECTOR('',#5784,1000.);
#2815=VECTOR('',#5787,1000.);
#2816=VECTOR('',#5788,1000.);
#2817=VECTOR('',#5791,1000.);
#2818=VECTOR('',#5792,1000.);
#2819=VECTOR('',#5795,1000.);
#2820=VECTOR('',#5796,1000.);
#2821=VECTOR('',#5797,1000.);
#2822=VECTOR('',#5800,1000.);
#2823=VECTOR('',#5803,1000.);
#2824=VECTOR('',#5804,1000.);
#2825=VECTOR('',#5805,1000.);
#2826=VECTOR('',#5806,1000.);
#2827=VECTOR('',#5807,1000.);
#2828=VECTOR('',#5810,1000.);
#2829=VECTOR('',#5815,1000.);
#2830=VECTOR('',#5818,1000.);
#2831=VECTOR('',#5819,1000.);
#2832=VECTOR('',#5820,1000.);
#2833=VECTOR('',#5823,1000.);
#2834=VECTOR('',#5824,1000.);
#2835=VECTOR('',#5827,1000.);
#2836=VECTOR('',#5830,1000.);
#2837=EDGE_LOOP('',(#170,#171,#172,#173));
#2838=EDGE_LOOP('',(#174,#175,#176,#177));
#2839=EDGE_LOOP('',(#178,#179,#180,#181));
#2840=EDGE_LOOP('',(#182,#183,#184,#185,#186,#187,#188,#189,#190,#191,#192,
#193));
#2841=EDGE_LOOP('',(#194,#195,#196,#197,#198,#199,#200,#201,#202,#203,#204,
#205));
#2842=EDGE_LOOP('',(#206,#207,#208,#209));
#2843=EDGE_LOOP('',(#210,#211,#212,#213));
#2844=EDGE_LOOP('',(#214,#215,#216,#217));
#2845=EDGE_LOOP('',(#218,#219,#220,#221));
#2846=EDGE_LOOP('',(#222,#223,#224,#225));
#2847=EDGE_LOOP('',(#226,#227,#228,#229));
#2848=EDGE_LOOP('',(#230,#231,#232,#233));
#2849=EDGE_LOOP('',(#234,#235,#236,#237));
#2850=EDGE_LOOP('',(#238,#239,#240,#241));
#2851=EDGE_LOOP('',(#242,#243,#244,#245));
#2852=EDGE_LOOP('',(#246,#247,#248,#249));
#2853=EDGE_LOOP('',(#250,#251,#252,#253));
#2854=EDGE_LOOP('',(#254,#255,#256,#257));
#2855=EDGE_LOOP('',(#258,#259,#260,#261));
#2856=EDGE_LOOP('',(#262,#263,#264,#265));
#2857=EDGE_LOOP('',(#266,#267,#268,#269));
#2858=EDGE_LOOP('',(#270));
#2859=EDGE_LOOP('',(#271));
#2860=EDGE_LOOP('',(#272));
#2861=EDGE_LOOP('',(#273));
#2862=EDGE_LOOP('',(#274));
#2863=EDGE_LOOP('',(#275));
#2864=EDGE_LOOP('',(#276));
#2865=EDGE_LOOP('',(#277,#278,#279,#280));
#2866=EDGE_LOOP('',(#281,#282,#283,#284,#285,#286,#287,#288,#289,#290));
#2867=EDGE_LOOP('',(#291,#292,#293,#294,#295,#296,#297,#298,#299,#300));
#2868=EDGE_LOOP('',(#301,#302,#303,#304));
#2869=EDGE_LOOP('',(#305,#306,#307,#308,#309,#310,#311,#312,#313,#314));
#2870=EDGE_LOOP('',(#315,#316,#317,#318,#319,#320,#321,#322,#323,#324));
#2871=EDGE_LOOP('',(#325,#326,#327,#328));
#2872=EDGE_LOOP('',(#329,#330,#331,#332));
#2873=EDGE_LOOP('',(#333,#334));
#2874=EDGE_LOOP('',(#335,#336,#337,#338,#339,#340));
#2875=EDGE_LOOP('',(#341,#342,#343,#344));
#2876=EDGE_LOOP('',(#345,#346,#347,#348,#349,#350));
#2877=EDGE_LOOP('',(#351,#352,#353,#354,#355,#356,#357,#358));
#2878=EDGE_LOOP('',(#359));
#2879=EDGE_LOOP('',(#360,#361,#362,#363));
#2880=EDGE_LOOP('',(#364,#365,#366,#367));
#2881=EDGE_LOOP('',(#368,#369));
#2882=EDGE_LOOP('',(#370,#371,#372,#373,#374,#375));
#2883=EDGE_LOOP('',(#376,#377,#378,#379));
#2884=EDGE_LOOP('',(#380,#381,#382,#383,#384,#385));
#2885=EDGE_LOOP('',(#386,#387,#388,#389,#390,#391,#392,#393));
#2886=EDGE_LOOP('',(#394));
#2887=EDGE_LOOP('',(#395,#396,#397,#398));
#2888=EDGE_LOOP('',(#399,#400,#401,#402,#403,#404));
#2889=EDGE_LOOP('',(#405,#406,#407,#408));
#2890=EDGE_LOOP('',(#409,#410,#411,#412));
#2891=EDGE_LOOP('',(#413,#414,#415,#416));
#2892=EDGE_LOOP('',(#417,#418,#419,#420,#421,#422));
#2893=EDGE_LOOP('',(#423,#424,#425,#426));
#2894=EDGE_LOOP('',(#427,#428,#429,#430));
#2895=EDGE_LOOP('',(#431,#432,#433,#434));
#2896=EDGE_LOOP('',(#435,#436,#437,#438));
#2897=EDGE_LOOP('',(#439,#440,#441,#442));
#2898=EDGE_LOOP('',(#443,#444,#445,#446));
#2899=EDGE_LOOP('',(#447,#448,#449,#450,#451));
#2900=EDGE_LOOP('',(#452,#453,#454,#455,#456));
#2901=EDGE_LOOP('',(#457,#458,#459,#460,#461));
#2902=EDGE_LOOP('',(#462,#463,#464,#465,#466));
#2903=EDGE_LOOP('',(#467,#468,#469,#470));
#2904=EDGE_LOOP('',(#471,#472,#473,#474));
#2905=EDGE_LOOP('',(#475,#476,#477,#478));
#2906=EDGE_LOOP('',(#479,#480,#481,#482));
#2907=EDGE_LOOP('',(#483,#484,#485,#486));
#2908=EDGE_LOOP('',(#487,#488,#489,#490));
#2909=EDGE_LOOP('',(#491,#492,#493,#494));
#2910=EDGE_LOOP('',(#495,#496,#497,#498,#499,#500,#501,#502,#503,#504,#505,
#506));
#2911=EDGE_LOOP('',(#507,#508,#509,#510));
#2912=EDGE_LOOP('',(#511,#512,#513,#514));
#2913=EDGE_LOOP('',(#515,#516,#517,#518));
#2914=EDGE_LOOP('',(#519,#520,#521,#522));
#2915=EDGE_LOOP('',(#523,#524,#525,#526));
#2916=EDGE_LOOP('',(#527,#528,#529,#530));
#2917=EDGE_LOOP('',(#531,#532,#533,#534));
#2918=EDGE_LOOP('',(#535,#536,#537,#538));
#2919=EDGE_LOOP('',(#539,#540,#541,#542));
#2920=EDGE_LOOP('',(#543,#544,#545,#546));
#2921=EDGE_LOOP('',(#547,#548,#549,#550));
#2922=EDGE_LOOP('',(#551,#552,#553,#554));
#2923=EDGE_LOOP('',(#555,#556,#557,#558));
#2924=EDGE_LOOP('',(#559,#560,#561,#562));
#2925=EDGE_LOOP('',(#563,#564,#565,#566));
#2926=EDGE_LOOP('',(#567,#568,#569,#570));
#2927=EDGE_LOOP('',(#571,#572,#573,#574,#575));
#2928=EDGE_LOOP('',(#576,#577,#578,#579,#580));
#2929=EDGE_LOOP('',(#581,#582,#583,#584,#585));
#2930=EDGE_LOOP('',(#586,#587,#588,#589,#590));
#2931=EDGE_LOOP('',(#591,#592,#593,#594));
#2932=EDGE_LOOP('',(#595,#596,#597,#598));
#2933=EDGE_LOOP('',(#599,#600,#601,#602));
#2934=EDGE_LOOP('',(#603,#604,#605,#606));
#2935=EDGE_LOOP('',(#607,#608,#609,#610,#611,#612));
#2936=EDGE_LOOP('',(#613,#614,#615,#616,#617,#618,#619));
#2937=EDGE_LOOP('',(#620,#621,#622,#623,#624,#625,#626));
#2938=EDGE_LOOP('',(#627,#628,#629,#630));
#2939=EDGE_LOOP('',(#631,#632,#633,#634,#635,#636));
#2940=EDGE_LOOP('',(#637,#638,#639,#640,#641,#642));
#2941=EDGE_LOOP('',(#643,#644,#645,#646));
#2942=EDGE_LOOP('',(#647,#648,#649,#650,#651,#652));
#2943=EDGE_LOOP('',(#653,#654,#655,#656,#657,#658));
#2944=EDGE_LOOP('',(#659,#660,#661,#662));
#2945=EDGE_LOOP('',(#663,#664,#665,#666,#667,#668));
#2946=EDGE_LOOP('',(#669,#670,#671,#672,#673,#674,#675));
#2947=EDGE_LOOP('',(#676,#677,#678,#679,#680,#681,#682));
#2948=EDGE_LOOP('',(#683,#684,#685,#686));
#2949=EDGE_LOOP('',(#687,#688,#689,#690));
#2950=EDGE_LOOP('',(#691,#692,#693,#694));
#2951=EDGE_LOOP('',(#695,#696,#697,#698));
#2952=EDGE_LOOP('',(#699,#700,#701,#702));
#2953=EDGE_LOOP('',(#703,#704,#705,#706));
#2954=EDGE_LOOP('',(#707,#708,#709,#710));
#2955=EDGE_LOOP('',(#711,#712,#713,#714));
#2956=EDGE_LOOP('',(#715,#716,#717,#718,#719,#720));
#2957=EDGE_LOOP('',(#721,#722,#723,#724,#725,#726));
#2958=EDGE_LOOP('',(#727,#728,#729,#730,#731,#732));
#2959=EDGE_LOOP('',(#733,#734,#735,#736,#737,#738,#739,#740,#741,#742,#743,
#744,#745,#746,#747,#748,#749,#750));
#2960=EDGE_LOOP('',(#751,#752,#753,#754));
#2961=EDGE_LOOP('',(#755,#756,#757,#758,#759,#760,#761,#762,#763,#764,#765,
#766,#767,#768,#769,#770));
#2962=EDGE_LOOP('',(#771,#772,#773,#774));
#2963=EDGE_LOOP('',(#775,#776,#777,#778,#779,#780));
#2964=EDGE_LOOP('',(#781,#782,#783,#784,#785,#786));
#2965=EDGE_LOOP('',(#787,#788,#789,#790,#791,#792));
#2966=EDGE_LOOP('',(#793,#794,#795,#796,#797,#798,#799,#800,#801,#802,#803,
#804,#805,#806,#807,#808));
#2967=EDGE_LOOP('',(#809,#810,#811,#812,#813,#814,#815,#816,#817,#818,#819,
#820,#821,#822,#823,#824));
#2968=EDGE_LOOP('',(#825,#826,#827,#828));
#2969=EDGE_LOOP('',(#829,#830,#831,#832));
#2970=EDGE_LOOP('',(#833,#834,#835,#836,#837,#838,#839,#840,#841,#842,#843,
#844,#845,#846,#847,#848,#849,#850));
#2971=EDGE_LOOP('',(#851,#852,#853,#854,#855,#856));
#2972=EDGE_LOOP('',(#857,#858,#859,#860,#861,#862));
#2973=EDGE_LOOP('',(#863,#864,#865,#866));
#2974=EDGE_LOOP('',(#867,#868,#869,#870));
#2975=EDGE_LOOP('',(#871,#872,#873,#874,#875,#876));
#2976=EDGE_LOOP('',(#877,#878,#879,#880,#881,#882));
#2977=EDGE_LOOP('',(#883,#884,#885,#886));
#2978=EDGE_LOOP('',(#887,#888,#889,#890,#891,#892,#893,#894,#895,#896,#897,
#898,#899,#900,#901,#902));
#2979=EDGE_LOOP('',(#903,#904,#905,#906,#907,#908,#909,#910,#911,#912,#913,
#914));
#2980=EDGE_LOOP('',(#915,#916,#917,#918));
#2981=EDGE_LOOP('',(#919,#920,#921,#922));
#2982=EDGE_LOOP('',(#923,#924,#925,#926));
#2983=EDGE_LOOP('',(#927,#928,#929,#930));
#2984=EDGE_LOOP('',(#931,#932));
#2985=EDGE_LOOP('',(#933,#934,#935,#936,#937,#938));
#2986=EDGE_LOOP('',(#939,#940,#941,#942,#943,#944));
#2987=EDGE_LOOP('',(#945,#946,#947,#948));
#2988=EDGE_LOOP('',(#949,#950,#951,#952));
#2989=EDGE_LOOP('',(#953,#954));
#2990=EDGE_LOOP('',(#955,#956,#957,#958,#959,#960));
#2991=EDGE_LOOP('',(#961,#962,#963,#964,#965,#966));
#2992=EDGE_LOOP('',(#967));
#2993=EDGE_LOOP('',(#968));
#2994=EDGE_LOOP('',(#969));
#2995=EDGE_LOOP('',(#970,#971,#972,#973));
#2996=EDGE_LOOP('',(#974,#975,#976,#977,#978,#979,#980,#981,#982,#983,#984,
#985,#986,#987,#988,#989,#990,#991,#992,#993));
#2997=EDGE_LOOP('',(#994,#995,#996,#997));
#2998=EDGE_LOOP('',(#998,#999,#1000,#1001));
#2999=EDGE_LOOP('',(#1002,#1003,#1004,#1005));
#3000=EDGE_LOOP('',(#1006,#1007,#1008,#1009));
#3001=EDGE_LOOP('',(#1010,#1011,#1012,#1013));
#3002=EDGE_LOOP('',(#1014,#1015,#1016,#1017));
#3003=EDGE_LOOP('',(#1018,#1019,#1020,#1021));
#3004=EDGE_LOOP('',(#1022,#1023,#1024,#1025));
#3005=EDGE_LOOP('',(#1026,#1027,#1028,#1029));
#3006=EDGE_LOOP('',(#1030,#1031,#1032,#1033));
#3007=EDGE_LOOP('',(#1034,#1035,#1036,#1037));
#3008=EDGE_LOOP('',(#1038,#1039,#1040,#1041));
#3009=EDGE_LOOP('',(#1042,#1043,#1044,#1045));
#3010=EDGE_LOOP('',(#1046,#1047,#1048,#1049));
#3011=EDGE_LOOP('',(#1050,#1051,#1052,#1053));
#3012=EDGE_LOOP('',(#1054,#1055,#1056,#1057));
#3013=EDGE_LOOP('',(#1058,#1059,#1060,#1061));
#3014=EDGE_LOOP('',(#1062,#1063,#1064,#1065));
#3015=EDGE_LOOP('',(#1066,#1067,#1068,#1069));
#3016=EDGE_LOOP('',(#1070,#1071,#1072,#1073,#1074,#1075,#1076,#1077));
#3017=EDGE_LOOP('',(#1078,#1079,#1080,#1081));
#3018=EDGE_LOOP('',(#1082,#1083,#1084,#1085));
#3019=EDGE_LOOP('',(#1086,#1087,#1088,#1089));
#3020=EDGE_LOOP('',(#1090,#1091,#1092,#1093));
#3021=EDGE_LOOP('',(#1094,#1095,#1096,#1097));
#3022=EDGE_LOOP('',(#1098,#1099,#1100,#1101));
#3023=EDGE_LOOP('',(#1102,#1103,#1104,#1105,#1106,#1107,#1108,#1109));
#3024=EDGE_LOOP('',(#1110,#1111,#1112,#1113,#1114,#1115,#1116,#1117,#1118,
#1119,#1120,#1121,#1122));
#3025=EDGE_LOOP('',(#1123,#1124,#1125,#1126,#1127,#1128,#1129,#1130));
#3026=EDGE_LOOP('',(#1131,#1132,#1133,#1134,#1135,#1136,#1137,#1138));
#3027=EDGE_LOOP('',(#1139,#1140,#1141,#1142));
#3028=EDGE_LOOP('',(#1143,#1144,#1145,#1146,#1147,#1148,#1149,#1150,#1151,
#1152,#1153,#1154,#1155));
#3029=EDGE_LOOP('',(#1156,#1157,#1158,#1159,#1160,#1161,#1162,#1163));
#3030=EDGE_LOOP('',(#1164,#1165,#1166,#1167));
#3031=EDGE_LOOP('',(#1168,#1169,#1170,#1171,#1172,#1173,#1174,#1175));
#3032=EDGE_LOOP('',(#1176,#1177,#1178,#1179));
#3033=EDGE_LOOP('',(#1180,#1181,#1182,#1183));
#3034=FACE_BOUND('',#2837,.T.);
#3035=FACE_BOUND('',#2838,.T.);
#3036=FACE_BOUND('',#2839,.T.);
#3037=FACE_BOUND('',#2840,.T.);
#3038=FACE_BOUND('',#2841,.T.);
#3039=FACE_BOUND('',#2842,.T.);
#3040=FACE_BOUND('',#2843,.T.);
#3041=FACE_BOUND('',#2844,.T.);
#3042=FACE_BOUND('',#2845,.T.);
#3043=FACE_BOUND('',#2846,.T.);
#3044=FACE_BOUND('',#2847,.T.);
#3045=FACE_BOUND('',#2848,.T.);
#3046=FACE_BOUND('',#2849,.T.);
#3047=FACE_BOUND('',#2850,.T.);
#3048=FACE_BOUND('',#2851,.T.);
#3049=FACE_BOUND('',#2852,.T.);
#3050=FACE_BOUND('',#2853,.T.);
#3051=FACE_BOUND('',#2854,.T.);
#3052=FACE_BOUND('',#2855,.T.);
#3053=FACE_BOUND('',#2856,.T.);
#3054=FACE_BOUND('',#2857,.T.);
#3055=FACE_BOUND('',#2858,.T.);
#3056=FACE_BOUND('',#2859,.T.);
#3057=FACE_BOUND('',#2860,.T.);
#3058=FACE_BOUND('',#2861,.T.);
#3059=FACE_BOUND('',#2862,.T.);
#3060=FACE_BOUND('',#2863,.T.);
#3061=FACE_BOUND('',#2864,.T.);
#3062=FACE_BOUND('',#2865,.T.);
#3063=FACE_BOUND('',#2866,.T.);
#3064=FACE_BOUND('',#2867,.T.);
#3065=FACE_BOUND('',#2868,.T.);
#3066=FACE_BOUND('',#2869,.T.);
#3067=FACE_BOUND('',#2870,.T.);
#3068=FACE_BOUND('',#2871,.T.);
#3069=FACE_BOUND('',#2872,.T.);
#3070=FACE_BOUND('',#2873,.T.);
#3071=FACE_BOUND('',#2874,.T.);
#3072=FACE_BOUND('',#2875,.T.);
#3073=FACE_BOUND('',#2876,.T.);
#3074=FACE_BOUND('',#2877,.T.);
#3075=FACE_BOUND('',#2878,.T.);
#3076=FACE_BOUND('',#2879,.T.);
#3077=FACE_BOUND('',#2880,.T.);
#3078=FACE_BOUND('',#2881,.T.);
#3079=FACE_BOUND('',#2882,.T.);
#3080=FACE_BOUND('',#2883,.T.);
#3081=FACE_BOUND('',#2884,.T.);
#3082=FACE_BOUND('',#2885,.T.);
#3083=FACE_BOUND('',#2886,.T.);
#3084=FACE_BOUND('',#2887,.T.);
#3085=FACE_BOUND('',#2888,.T.);
#3086=FACE_BOUND('',#2889,.T.);
#3087=FACE_BOUND('',#2890,.T.);
#3088=FACE_BOUND('',#2891,.T.);
#3089=FACE_BOUND('',#2892,.T.);
#3090=FACE_BOUND('',#2893,.T.);
#3091=FACE_BOUND('',#2894,.T.);
#3092=FACE_BOUND('',#2895,.T.);
#3093=FACE_BOUND('',#2896,.T.);
#3094=FACE_BOUND('',#2897,.T.);
#3095=FACE_BOUND('',#2898,.T.);
#3096=FACE_BOUND('',#2899,.T.);
#3097=FACE_BOUND('',#2900,.T.);
#3098=FACE_BOUND('',#2901,.T.);
#3099=FACE_BOUND('',#2902,.T.);
#3100=FACE_BOUND('',#2903,.T.);
#3101=FACE_BOUND('',#2904,.T.);
#3102=FACE_BOUND('',#2905,.T.);
#3103=FACE_BOUND('',#2906,.T.);
#3104=FACE_BOUND('',#2907,.T.);
#3105=FACE_BOUND('',#2908,.T.);
#3106=FACE_BOUND('',#2909,.T.);
#3107=FACE_BOUND('',#2910,.T.);
#3108=FACE_BOUND('',#2911,.T.);
#3109=FACE_BOUND('',#2912,.T.);
#3110=FACE_BOUND('',#2913,.T.);
#3111=FACE_BOUND('',#2914,.T.);
#3112=FACE_BOUND('',#2915,.T.);
#3113=FACE_BOUND('',#2916,.T.);
#3114=FACE_BOUND('',#2917,.T.);
#3115=FACE_BOUND('',#2918,.T.);
#3116=FACE_BOUND('',#2919,.T.);
#3117=FACE_BOUND('',#2920,.T.);
#3118=FACE_BOUND('',#2921,.T.);
#3119=FACE_BOUND('',#2922,.T.);
#3120=FACE_BOUND('',#2923,.T.);
#3121=FACE_BOUND('',#2924,.T.);
#3122=FACE_BOUND('',#2925,.T.);
#3123=FACE_BOUND('',#2926,.T.);
#3124=FACE_BOUND('',#2927,.T.);
#3125=FACE_BOUND('',#2928,.T.);
#3126=FACE_BOUND('',#2929,.T.);
#3127=FACE_BOUND('',#2930,.T.);
#3128=FACE_BOUND('',#2931,.T.);
#3129=FACE_BOUND('',#2932,.T.);
#3130=FACE_BOUND('',#2933,.T.);
#3131=FACE_BOUND('',#2934,.T.);
#3132=FACE_BOUND('',#2935,.T.);
#3133=FACE_BOUND('',#2936,.T.);
#3134=FACE_BOUND('',#2937,.T.);
#3135=FACE_BOUND('',#2938,.T.);
#3136=FACE_BOUND('',#2939,.T.);
#3137=FACE_BOUND('',#2940,.T.);
#3138=FACE_BOUND('',#2941,.T.);
#3139=FACE_BOUND('',#2942,.T.);
#3140=FACE_BOUND('',#2943,.T.);
#3141=FACE_BOUND('',#2944,.T.);
#3142=FACE_BOUND('',#2945,.T.);
#3143=FACE_BOUND('',#2946,.T.);
#3144=FACE_BOUND('',#2947,.T.);
#3145=FACE_BOUND('',#2948,.T.);
#3146=FACE_BOUND('',#2949,.T.);
#3147=FACE_BOUND('',#2950,.T.);
#3148=FACE_BOUND('',#2951,.T.);
#3149=FACE_BOUND('',#2952,.T.);
#3150=FACE_BOUND('',#2953,.T.);
#3151=FACE_BOUND('',#2954,.T.);
#3152=FACE_BOUND('',#2955,.T.);
#3153=FACE_BOUND('',#2956,.T.);
#3154=FACE_BOUND('',#2957,.T.);
#3155=FACE_BOUND('',#2958,.T.);
#3156=FACE_BOUND('',#2959,.T.);
#3157=FACE_BOUND('',#2960,.T.);
#3158=FACE_BOUND('',#2961,.T.);
#3159=FACE_BOUND('',#2962,.T.);
#3160=FACE_BOUND('',#2963,.T.);
#3161=FACE_BOUND('',#2964,.T.);
#3162=FACE_BOUND('',#2965,.T.);
#3163=FACE_BOUND('',#2966,.T.);
#3164=FACE_BOUND('',#2967,.T.);
#3165=FACE_BOUND('',#2968,.T.);
#3166=FACE_BOUND('',#2969,.T.);
#3167=FACE_BOUND('',#2970,.T.);
#3168=FACE_BOUND('',#2971,.T.);
#3169=FACE_BOUND('',#2972,.T.);
#3170=FACE_BOUND('',#2973,.T.);
#3171=FACE_BOUND('',#2974,.T.);
#3172=FACE_BOUND('',#2975,.T.);
#3173=FACE_BOUND('',#2976,.T.);
#3174=FACE_BOUND('',#2977,.T.);
#3175=FACE_BOUND('',#2978,.T.);
#3176=FACE_BOUND('',#2979,.T.);
#3177=FACE_BOUND('',#2980,.T.);
#3178=FACE_BOUND('',#2981,.T.);
#3179=FACE_BOUND('',#2982,.T.);
#3180=FACE_BOUND('',#2983,.T.);
#3181=FACE_BOUND('',#2984,.T.);
#3182=FACE_BOUND('',#2985,.T.);
#3183=FACE_BOUND('',#2986,.T.);
#3184=FACE_BOUND('',#2987,.T.);
#3185=FACE_BOUND('',#2988,.T.);
#3186=FACE_BOUND('',#2989,.T.);
#3187=FACE_BOUND('',#2990,.T.);
#3188=FACE_BOUND('',#2991,.T.);
#3189=FACE_BOUND('',#2992,.T.);
#3190=FACE_BOUND('',#2993,.T.);
#3191=FACE_BOUND('',#2994,.T.);
#3192=FACE_BOUND('',#2995,.T.);
#3193=FACE_BOUND('',#2996,.T.);
#3194=FACE_BOUND('',#2997,.T.);
#3195=FACE_BOUND('',#2998,.T.);
#3196=FACE_BOUND('',#2999,.T.);
#3197=FACE_BOUND('',#3000,.T.);
#3198=FACE_BOUND('',#3001,.T.);
#3199=FACE_BOUND('',#3002,.T.);
#3200=FACE_BOUND('',#3003,.T.);
#3201=FACE_BOUND('',#3004,.T.);
#3202=FACE_BOUND('',#3005,.T.);
#3203=FACE_BOUND('',#3006,.T.);
#3204=FACE_BOUND('',#3007,.T.);
#3205=FACE_BOUND('',#3008,.T.);
#3206=FACE_BOUND('',#3009,.T.);
#3207=FACE_BOUND('',#3010,.T.);
#3208=FACE_BOUND('',#3011,.T.);
#3209=FACE_BOUND('',#3012,.T.);
#3210=FACE_BOUND('',#3013,.T.);
#3211=FACE_BOUND('',#3014,.T.);
#3212=FACE_BOUND('',#3015,.T.);
#3213=FACE_BOUND('',#3016,.T.);
#3214=FACE_BOUND('',#3017,.T.);
#3215=FACE_BOUND('',#3018,.T.);
#3216=FACE_BOUND('',#3019,.T.);
#3217=FACE_BOUND('',#3020,.T.);
#3218=FACE_BOUND('',#3021,.T.);
#3219=FACE_BOUND('',#3022,.T.);
#3220=FACE_BOUND('',#3023,.T.);
#3221=FACE_BOUND('',#3024,.T.);
#3222=FACE_BOUND('',#3025,.T.);
#3223=FACE_BOUND('',#3026,.T.);
#3224=FACE_BOUND('',#3027,.T.);
#3225=FACE_BOUND('',#3028,.T.);
#3226=FACE_BOUND('',#3029,.T.);
#3227=FACE_BOUND('',#3030,.T.);
#3228=FACE_BOUND('',#3031,.T.);
#3229=FACE_BOUND('',#3032,.T.);
#3230=FACE_BOUND('',#3033,.T.);
#3231=PLANE('',#4657);
#3232=PLANE('',#4658);
#3233=PLANE('',#4659);
#3234=PLANE('',#4660);
#3235=PLANE('',#4661);
#3236=PLANE('',#4662);
#3237=PLANE('',#4665);
#3238=PLANE('',#4668);
#3239=PLANE('',#4670);
#3240=PLANE('',#4673);
#3241=PLANE('',#4676);
#3242=PLANE('',#4678);
#3243=PLANE('',#4681);
#3244=PLANE('',#4685);
#3245=PLANE('',#4686);
#3246=PLANE('',#4689);
#3247=PLANE('',#4692);
#3248=PLANE('',#4704);
#3249=PLANE('',#4707);
#3250=PLANE('',#4708);
#3251=PLANE('',#4709);
#3252=PLANE('',#4712);
#3253=PLANE('',#4713);
#3254=PLANE('',#4714);
#3255=PLANE('',#4715);
#3256=PLANE('',#4716);
#3257=PLANE('',#4722);
#3258=PLANE('',#4726);
#3259=PLANE('',#4727);
#3260=PLANE('',#4728);
#3261=PLANE('',#4734);
#3262=PLANE('',#4738);
#3263=PLANE('',#4739);
#3264=PLANE('',#4740);
#3265=PLANE('',#4741);
#3266=PLANE('',#4742);
#3267=PLANE('',#4743);
#3268=PLANE('',#4744);
#3269=PLANE('',#4745);
#3270=PLANE('',#4754);
#3271=PLANE('',#4755);
#3272=PLANE('',#4756);
#3273=PLANE('',#4757);
#3274=PLANE('',#4758);
#3275=PLANE('',#4759);
#3276=PLANE('',#4760);
#3277=PLANE('',#4761);
#3278=PLANE('',#4762);
#3279=PLANE('',#4764);
#3280=PLANE('',#4765);
#3281=PLANE('',#4767);
#3282=PLANE('',#4768);
#3283=PLANE('',#4770);
#3284=PLANE('',#4771);
#3285=PLANE('',#4773);
#3286=PLANE('',#4774);
#3287=PLANE('',#4776);
#3288=PLANE('',#4777);
#3289=PLANE('',#4779);
#3290=PLANE('',#4780);
#3291=PLANE('',#4782);
#3292=PLANE('',#4783);
#3293=PLANE('',#4785);
#3294=PLANE('',#4786);
#3295=PLANE('',#4787);
#3296=PLANE('',#4788);
#3297=PLANE('',#4789);
#3298=PLANE('',#4798);
#3299=PLANE('',#4799);
#3300=PLANE('',#4800);
#3301=PLANE('',#4801);
#3302=PLANE('',#4802);
#3303=PLANE('',#4803);
#3304=PLANE('',#4804);
#3305=PLANE('',#4805);
#3306=PLANE('',#4806);
#3307=PLANE('',#4807);
#3308=PLANE('',#4808);
#3309=PLANE('',#4809);
#3310=PLANE('',#4810);
#3311=PLANE('',#4811);
#3312=PLANE('',#4812);
#3313=PLANE('',#4813);
#3314=PLANE('',#4814);
#3315=PLANE('',#4815);
#3316=PLANE('',#4816);
#3317=PLANE('',#4817);
#3318=PLANE('',#4818);
#3319=PLANE('',#4819);
#3320=PLANE('',#4820);
#3321=PLANE('',#4821);
#3322=PLANE('',#4822);
#3323=PLANE('',#4823);
#3324=PLANE('',#4824);
#3325=PLANE('',#4825);
#3326=PLANE('',#4826);
#3327=PLANE('',#4829);
#3328=PLANE('',#4832);
#3329=PLANE('',#4833);
#3330=PLANE('',#4834);
#3331=PLANE('',#4835);
#3332=PLANE('',#4836);
#3333=PLANE('',#4837);
#3334=PLANE('',#4838);
#3335=PLANE('',#4839);
#3336=PLANE('',#4840);
#3337=PLANE('',#4842);
#3338=PLANE('',#4843);
#3339=PLANE('',#4844);
#3340=PLANE('',#4845);
#3341=PLANE('',#4846);
#3342=PLANE('',#4847);
#3343=PLANE('',#4855);
#3344=PLANE('',#4856);
#3345=PLANE('',#4857);
#3346=PLANE('',#4860);
#3347=PLANE('',#4861);
#3348=PLANE('',#4862);
#3349=PLANE('',#4863);
#3350=PLANE('',#4866);
#3351=PLANE('',#4867);
#3352=PLANE('',#4868);
#3353=PLANE('',#4869);
#3354=PLANE('',#4870);
#3355=PLANE('',#4871);
#3356=PLANE('',#4879);
#3357=PLANE('',#4880);
#3358=PLANE('',#4881);
#3359=PLANE('',#4882);
#3360=PLANE('',#4883);
#3361=PLANE('',#4884);
#3362=PLANE('',#4888);
#3363=PLANE('',#4892);
#3364=PLANE('',#4893);
#3365=PLANE('',#4894);
#3366=PLANE('',#4895);
#3367=PLANE('',#4896);
#3368=PLANE('',#4897);
#3369=PLANE('',#4898);
#3370=PLANE('',#4899);
#3371=PLANE('',#4900);
#3372=PLANE('',#4901);
#3373=PLANE('',#4902);
#3374=PLANE('',#4903);
#3375=PLANE('',#4906);
#3376=PLANE('',#4907);
#3377=PLANE('',#4908);
#3378=PLANE('',#4909);
#3379=PLANE('',#4912);
#3380=PLANE('',#4913);
#3381=STYLED_ITEM('',(#3535),#4462);
#3382=STYLED_ITEM('',(#3536),#4463);
#3383=STYLED_ITEM('',(#3537),#4464);
#3384=STYLED_ITEM('',(#3538),#4465);
#3385=STYLED_ITEM('',(#3539),#4466);
#3386=STYLED_ITEM('',(#3540),#4467);
#3387=STYLED_ITEM('',(#3541),#4468);
#3388=STYLED_ITEM('',(#3542),#4469);
#3389=STYLED_ITEM('',(#3543),#4470);
#3390=STYLED_ITEM('',(#3544),#4471);
#3391=STYLED_ITEM('',(#3545),#4472);
#3392=STYLED_ITEM('',(#3546),#4473);
#3393=STYLED_ITEM('',(#3547),#4474);
#3394=STYLED_ITEM('',(#3548),#4475);
#3395=STYLED_ITEM('',(#3549),#4476);
#3396=STYLED_ITEM('',(#3550),#4477);
#3397=STYLED_ITEM('',(#3551),#4478);
#3398=STYLED_ITEM('',(#3552),#4479);
#3399=STYLED_ITEM('',(#3553),#4480);
#3400=STYLED_ITEM('',(#3554),#4481);
#3401=STYLED_ITEM('',(#3555),#4482);
#3402=STYLED_ITEM('',(#3556),#4483);
#3403=STYLED_ITEM('',(#3557),#4484);
#3404=STYLED_ITEM('',(#3558),#4485);
#3405=STYLED_ITEM('',(#3559),#4486);
#3406=STYLED_ITEM('',(#3560),#4487);
#3407=STYLED_ITEM('',(#3561),#4488);
#3408=STYLED_ITEM('',(#3562),#4489);
#3409=STYLED_ITEM('',(#3563),#4490);
#3410=STYLED_ITEM('',(#3564),#4491);
#3411=STYLED_ITEM('',(#3565),#4492);
#3412=STYLED_ITEM('',(#3566),#4493);
#3413=STYLED_ITEM('',(#3567),#4494);
#3414=STYLED_ITEM('',(#3568),#4495);
#3415=STYLED_ITEM('',(#3569),#4496);
#3416=STYLED_ITEM('',(#3570),#4497);
#3417=STYLED_ITEM('',(#3571),#4498);
#3418=STYLED_ITEM('',(#3572),#4499);
#3419=STYLED_ITEM('',(#3573),#4500);
#3420=STYLED_ITEM('',(#3574),#4501);
#3421=STYLED_ITEM('',(#3575),#4502);
#3422=STYLED_ITEM('',(#3576),#4503);
#3423=STYLED_ITEM('',(#3577),#4504);
#3424=STYLED_ITEM('',(#3578),#4505);
#3425=STYLED_ITEM('',(#3579),#4506);
#3426=STYLED_ITEM('',(#3580),#4507);
#3427=STYLED_ITEM('',(#3581),#4508);
#3428=STYLED_ITEM('',(#3582),#4509);
#3429=STYLED_ITEM('',(#3583),#4510);
#3430=STYLED_ITEM('',(#3584),#4511);
#3431=STYLED_ITEM('',(#3585),#4512);
#3432=STYLED_ITEM('',(#3586),#4513);
#3433=STYLED_ITEM('',(#3587),#4514);
#3434=STYLED_ITEM('',(#3588),#4515);
#3435=STYLED_ITEM('',(#3589),#4516);
#3436=STYLED_ITEM('',(#3590),#4517);
#3437=STYLED_ITEM('',(#3591),#4518);
#3438=STYLED_ITEM('',(#3592),#4519);
#3439=STYLED_ITEM('',(#3593),#4520);
#3440=STYLED_ITEM('',(#3594),#4521);
#3441=STYLED_ITEM('',(#3595),#4522);
#3442=STYLED_ITEM('',(#3596),#4523);
#3443=STYLED_ITEM('',(#3597),#4524);
#3444=STYLED_ITEM('',(#3598),#4525);
#3445=STYLED_ITEM('',(#3599),#4526);
#3446=STYLED_ITEM('',(#3600),#4527);
#3447=STYLED_ITEM('',(#3601),#4528);
#3448=STYLED_ITEM('',(#3602),#4529);
#3449=STYLED_ITEM('',(#3603),#4530);
#3450=STYLED_ITEM('',(#3604),#4531);
#3451=STYLED_ITEM('',(#3605),#4532);
#3452=STYLED_ITEM('',(#3606),#4533);
#3453=STYLED_ITEM('',(#3607),#4534);
#3454=STYLED_ITEM('',(#3608),#4535);
#3455=STYLED_ITEM('',(#3609),#4536);
#3456=STYLED_ITEM('',(#3610),#4537);
#3457=STYLED_ITEM('',(#3611),#4538);
#3458=STYLED_ITEM('',(#3612),#4539);
#3459=STYLED_ITEM('',(#3613),#4540);
#3460=STYLED_ITEM('',(#3614),#4541);
#3461=STYLED_ITEM('',(#3615),#4542);
#3462=STYLED_ITEM('',(#3616),#4543);
#3463=STYLED_ITEM('',(#3617),#4544);
#3464=STYLED_ITEM('',(#3618),#4545);
#3465=STYLED_ITEM('',(#3619),#4546);
#3466=STYLED_ITEM('',(#3620),#4547);
#3467=STYLED_ITEM('',(#3621),#4548);
#3468=STYLED_ITEM('',(#3622),#4549);
#3469=STYLED_ITEM('',(#3623),#4550);
#3470=STYLED_ITEM('',(#3624),#4551);
#3471=STYLED_ITEM('',(#3625),#4552);
#3472=STYLED_ITEM('',(#3626),#4553);
#3473=STYLED_ITEM('',(#3627),#4554);
#3474=STYLED_ITEM('',(#3628),#4555);
#3475=STYLED_ITEM('',(#3629),#4556);
#3476=STYLED_ITEM('',(#3630),#4557);
#3477=STYLED_ITEM('',(#3631),#4558);
#3478=STYLED_ITEM('',(#3632),#4559);
#3479=STYLED_ITEM('',(#3633),#4560);
#3480=STYLED_ITEM('',(#3634),#4561);
#3481=STYLED_ITEM('',(#3635),#4562);
#3482=STYLED_ITEM('',(#3636),#4563);
#3483=STYLED_ITEM('',(#3637),#4564);
#3484=STYLED_ITEM('',(#3638),#4565);
#3485=STYLED_ITEM('',(#3639),#4566);
#3486=STYLED_ITEM('',(#3640),#4567);
#3487=STYLED_ITEM('',(#3641),#4568);
#3488=STYLED_ITEM('',(#3642),#4569);
#3489=STYLED_ITEM('',(#3643),#4570);
#3490=STYLED_ITEM('',(#3644),#4571);
#3491=STYLED_ITEM('',(#3645),#4572);
#3492=STYLED_ITEM('',(#3646),#4573);
#3493=STYLED_ITEM('',(#3647),#4574);
#3494=STYLED_ITEM('',(#3648),#4575);
#3495=STYLED_ITEM('',(#3649),#4576);
#3496=STYLED_ITEM('',(#3650),#4577);
#3497=STYLED_ITEM('',(#3651),#4578);
#3498=STYLED_ITEM('',(#3652),#4579);
#3499=STYLED_ITEM('',(#3653),#4580);
#3500=STYLED_ITEM('',(#3654),#4581);
#3501=STYLED_ITEM('',(#3655),#4582);
#3502=STYLED_ITEM('',(#3656),#4583);
#3503=STYLED_ITEM('',(#3657),#4584);
#3504=STYLED_ITEM('',(#3658),#4585);
#3505=STYLED_ITEM('',(#3659),#4586);
#3506=STYLED_ITEM('',(#3660),#4587);
#3507=STYLED_ITEM('',(#3661),#4588);
#3508=STYLED_ITEM('',(#3662),#4589);
#3509=STYLED_ITEM('',(#3663),#4590);
#3510=STYLED_ITEM('',(#3664),#4591);
#3511=STYLED_ITEM('',(#3665),#4592);
#3512=STYLED_ITEM('',(#3666),#4593);
#3513=STYLED_ITEM('',(#3667),#4594);
#3514=STYLED_ITEM('',(#3668),#4595);
#3515=STYLED_ITEM('',(#3669),#4596);
#3516=STYLED_ITEM('',(#3670),#4597);
#3517=STYLED_ITEM('',(#3671),#4598);
#3518=STYLED_ITEM('',(#3672),#4599);
#3519=STYLED_ITEM('',(#3673),#4600);
#3520=STYLED_ITEM('',(#3674),#4601);
#3521=STYLED_ITEM('',(#3675),#4602);
#3522=STYLED_ITEM('',(#3676),#4603);
#3523=STYLED_ITEM('',(#3677),#4604);
#3524=STYLED_ITEM('',(#3678),#4605);
#3525=STYLED_ITEM('',(#3679),#4606);
#3526=STYLED_ITEM('',(#3680),#4607);
#3527=STYLED_ITEM('',(#3681),#4608);
#3528=STYLED_ITEM('',(#3682),#4609);
#3529=STYLED_ITEM('',(#3683),#4610);
#3530=STYLED_ITEM('',(#3684),#4611);
#3531=STYLED_ITEM('',(#3685),#4612);
#3532=STYLED_ITEM('',(#3686),#4613);
#3533=STYLED_ITEM('',(#3687),#4614);
#3534=STYLED_ITEM('',(#3688),#4649);
#3535=PRESENTATION_STYLE_ASSIGNMENT((#3689));
#3536=PRESENTATION_STYLE_ASSIGNMENT((#3690));
#3537=PRESENTATION_STYLE_ASSIGNMENT((#3691));
#3538=PRESENTATION_STYLE_ASSIGNMENT((#3692));
#3539=PRESENTATION_STYLE_ASSIGNMENT((#3693));
#3540=PRESENTATION_STYLE_ASSIGNMENT((#3694));
#3541=PRESENTATION_STYLE_ASSIGNMENT((#3695));
#3542=PRESENTATION_STYLE_ASSIGNMENT((#3696));
#3543=PRESENTATION_STYLE_ASSIGNMENT((#3697));
#3544=PRESENTATION_STYLE_ASSIGNMENT((#3698));
#3545=PRESENTATION_STYLE_ASSIGNMENT((#3699));
#3546=PRESENTATION_STYLE_ASSIGNMENT((#3700));
#3547=PRESENTATION_STYLE_ASSIGNMENT((#3701));
#3548=PRESENTATION_STYLE_ASSIGNMENT((#3702));
#3549=PRESENTATION_STYLE_ASSIGNMENT((#3703));
#3550=PRESENTATION_STYLE_ASSIGNMENT((#3704));
#3551=PRESENTATION_STYLE_ASSIGNMENT((#3705));
#3552=PRESENTATION_STYLE_ASSIGNMENT((#3706));
#3553=PRESENTATION_STYLE_ASSIGNMENT((#3707));
#3554=PRESENTATION_STYLE_ASSIGNMENT((#3708));
#3555=PRESENTATION_STYLE_ASSIGNMENT((#3709));
#3556=PRESENTATION_STYLE_ASSIGNMENT((#3710));
#3557=PRESENTATION_STYLE_ASSIGNMENT((#3711));
#3558=PRESENTATION_STYLE_ASSIGNMENT((#3712));
#3559=PRESENTATION_STYLE_ASSIGNMENT((#3713));
#3560=PRESENTATION_STYLE_ASSIGNMENT((#3714));
#3561=PRESENTATION_STYLE_ASSIGNMENT((#3715));
#3562=PRESENTATION_STYLE_ASSIGNMENT((#3716));
#3563=PRESENTATION_STYLE_ASSIGNMENT((#3717));
#3564=PRESENTATION_STYLE_ASSIGNMENT((#3718));
#3565=PRESENTATION_STYLE_ASSIGNMENT((#3719));
#3566=PRESENTATION_STYLE_ASSIGNMENT((#3720));
#3567=PRESENTATION_STYLE_ASSIGNMENT((#3721));
#3568=PRESENTATION_STYLE_ASSIGNMENT((#3722));
#3569=PRESENTATION_STYLE_ASSIGNMENT((#3723));
#3570=PRESENTATION_STYLE_ASSIGNMENT((#3724));
#3571=PRESENTATION_STYLE_ASSIGNMENT((#3725));
#3572=PRESENTATION_STYLE_ASSIGNMENT((#3726));
#3573=PRESENTATION_STYLE_ASSIGNMENT((#3727));
#3574=PRESENTATION_STYLE_ASSIGNMENT((#3728));
#3575=PRESENTATION_STYLE_ASSIGNMENT((#3729));
#3576=PRESENTATION_STYLE_ASSIGNMENT((#3730));
#3577=PRESENTATION_STYLE_ASSIGNMENT((#3731));
#3578=PRESENTATION_STYLE_ASSIGNMENT((#3732));
#3579=PRESENTATION_STYLE_ASSIGNMENT((#3733));
#3580=PRESENTATION_STYLE_ASSIGNMENT((#3734));
#3581=PRESENTATION_STYLE_ASSIGNMENT((#3735));
#3582=PRESENTATION_STYLE_ASSIGNMENT((#3736));
#3583=PRESENTATION_STYLE_ASSIGNMENT((#3737));
#3584=PRESENTATION_STYLE_ASSIGNMENT((#3738));
#3585=PRESENTATION_STYLE_ASSIGNMENT((#3739));
#3586=PRESENTATION_STYLE_ASSIGNMENT((#3740));
#3587=PRESENTATION_STYLE_ASSIGNMENT((#3741));
#3588=PRESENTATION_STYLE_ASSIGNMENT((#3742));
#3589=PRESENTATION_STYLE_ASSIGNMENT((#3743));
#3590=PRESENTATION_STYLE_ASSIGNMENT((#3744));
#3591=PRESENTATION_STYLE_ASSIGNMENT((#3745));
#3592=PRESENTATION_STYLE_ASSIGNMENT((#3746));
#3593=PRESENTATION_STYLE_ASSIGNMENT((#3747));
#3594=PRESENTATION_STYLE_ASSIGNMENT((#3748));
#3595=PRESENTATION_STYLE_ASSIGNMENT((#3749));
#3596=PRESENTATION_STYLE_ASSIGNMENT((#3750));
#3597=PRESENTATION_STYLE_ASSIGNMENT((#3751));
#3598=PRESENTATION_STYLE_ASSIGNMENT((#3752));
#3599=PRESENTATION_STYLE_ASSIGNMENT((#3753));
#3600=PRESENTATION_STYLE_ASSIGNMENT((#3754));
#3601=PRESENTATION_STYLE_ASSIGNMENT((#3755));
#3602=PRESENTATION_STYLE_ASSIGNMENT((#3756));
#3603=PRESENTATION_STYLE_ASSIGNMENT((#3757));
#3604=PRESENTATION_STYLE_ASSIGNMENT((#3758));
#3605=PRESENTATION_STYLE_ASSIGNMENT((#3759));
#3606=PRESENTATION_STYLE_ASSIGNMENT((#3760));
#3607=PRESENTATION_STYLE_ASSIGNMENT((#3761));
#3608=PRESENTATION_STYLE_ASSIGNMENT((#3762));
#3609=PRESENTATION_STYLE_ASSIGNMENT((#3763));
#3610=PRESENTATION_STYLE_ASSIGNMENT((#3764));
#3611=PRESENTATION_STYLE_ASSIGNMENT((#3765));
#3612=PRESENTATION_STYLE_ASSIGNMENT((#3766));
#3613=PRESENTATION_STYLE_ASSIGNMENT((#3767));
#3614=PRESENTATION_STYLE_ASSIGNMENT((#3768));
#3615=PRESENTATION_STYLE_ASSIGNMENT((#3769));
#3616=PRESENTATION_STYLE_ASSIGNMENT((#3770));
#3617=PRESENTATION_STYLE_ASSIGNMENT((#3771));
#3618=PRESENTATION_STYLE_ASSIGNMENT((#3772));
#3619=PRESENTATION_STYLE_ASSIGNMENT((#3773));
#3620=PRESENTATION_STYLE_ASSIGNMENT((#3774));
#3621=PRESENTATION_STYLE_ASSIGNMENT((#3775));
#3622=PRESENTATION_STYLE_ASSIGNMENT((#3776));
#3623=PRESENTATION_STYLE_ASSIGNMENT((#3777));
#3624=PRESENTATION_STYLE_ASSIGNMENT((#3778));
#3625=PRESENTATION_STYLE_ASSIGNMENT((#3779));
#3626=PRESENTATION_STYLE_ASSIGNMENT((#3780));
#3627=PRESENTATION_STYLE_ASSIGNMENT((#3781));
#3628=PRESENTATION_STYLE_ASSIGNMENT((#3782));
#3629=PRESENTATION_STYLE_ASSIGNMENT((#3783));
#3630=PRESENTATION_STYLE_ASSIGNMENT((#3784));
#3631=PRESENTATION_STYLE_ASSIGNMENT((#3785));
#3632=PRESENTATION_STYLE_ASSIGNMENT((#3786));
#3633=PRESENTATION_STYLE_ASSIGNMENT((#3787));
#3634=PRESENTATION_STYLE_ASSIGNMENT((#3788));
#3635=PRESENTATION_STYLE_ASSIGNMENT((#3789));
#3636=PRESENTATION_STYLE_ASSIGNMENT((#3790));
#3637=PRESENTATION_STYLE_ASSIGNMENT((#3791));
#3638=PRESENTATION_STYLE_ASSIGNMENT((#3792));
#3639=PRESENTATION_STYLE_ASSIGNMENT((#3793));
#3640=PRESENTATION_STYLE_ASSIGNMENT((#3794));
#3641=PRESENTATION_STYLE_ASSIGNMENT((#3795));
#3642=PRESENTATION_STYLE_ASSIGNMENT((#3796));
#3643=PRESENTATION_STYLE_ASSIGNMENT((#3797));
#3644=PRESENTATION_STYLE_ASSIGNMENT((#3798));
#3645=PRESENTATION_STYLE_ASSIGNMENT((#3799));
#3646=PRESENTATION_STYLE_ASSIGNMENT((#3800));
#3647=PRESENTATION_STYLE_ASSIGNMENT((#3801));
#3648=PRESENTATION_STYLE_ASSIGNMENT((#3802));
#3649=PRESENTATION_STYLE_ASSIGNMENT((#3803));
#3650=PRESENTATION_STYLE_ASSIGNMENT((#3804));
#3651=PRESENTATION_STYLE_ASSIGNMENT((#3805));
#3652=PRESENTATION_STYLE_ASSIGNMENT((#3806));
#3653=PRESENTATION_STYLE_ASSIGNMENT((#3807));
#3654=PRESENTATION_STYLE_ASSIGNMENT((#3808));
#3655=PRESENTATION_STYLE_ASSIGNMENT((#3809));
#3656=PRESENTATION_STYLE_ASSIGNMENT((#3810));
#3657=PRESENTATION_STYLE_ASSIGNMENT((#3811));
#3658=PRESENTATION_STYLE_ASSIGNMENT((#3812));
#3659=PRESENTATION_STYLE_ASSIGNMENT((#3813));
#3660=PRESENTATION_STYLE_ASSIGNMENT((#3814));
#3661=PRESENTATION_STYLE_ASSIGNMENT((#3815));
#3662=PRESENTATION_STYLE_ASSIGNMENT((#3816));
#3663=PRESENTATION_STYLE_ASSIGNMENT((#3817));
#3664=PRESENTATION_STYLE_ASSIGNMENT((#3818));
#3665=PRESENTATION_STYLE_ASSIGNMENT((#3819));
#3666=PRESENTATION_STYLE_ASSIGNMENT((#3820));
#3667=PRESENTATION_STYLE_ASSIGNMENT((#3821));
#3668=PRESENTATION_STYLE_ASSIGNMENT((#3822));
#3669=PRESENTATION_STYLE_ASSIGNMENT((#3823));
#3670=PRESENTATION_STYLE_ASSIGNMENT((#3824));
#3671=PRESENTATION_STYLE_ASSIGNMENT((#3825));
#3672=PRESENTATION_STYLE_ASSIGNMENT((#3826));
#3673=PRESENTATION_STYLE_ASSIGNMENT((#3827));
#3674=PRESENTATION_STYLE_ASSIGNMENT((#3828));
#3675=PRESENTATION_STYLE_ASSIGNMENT((#3829));
#3676=PRESENTATION_STYLE_ASSIGNMENT((#3830));
#3677=PRESENTATION_STYLE_ASSIGNMENT((#3831));
#3678=PRESENTATION_STYLE_ASSIGNMENT((#3832));
#3679=PRESENTATION_STYLE_ASSIGNMENT((#3833));
#3680=PRESENTATION_STYLE_ASSIGNMENT((#3834));
#3681=PRESENTATION_STYLE_ASSIGNMENT((#3835));
#3682=PRESENTATION_STYLE_ASSIGNMENT((#3836));
#3683=PRESENTATION_STYLE_ASSIGNMENT((#3837));
#3684=PRESENTATION_STYLE_ASSIGNMENT((#3838));
#3685=PRESENTATION_STYLE_ASSIGNMENT((#3839));
#3686=PRESENTATION_STYLE_ASSIGNMENT((#3840));
#3687=PRESENTATION_STYLE_ASSIGNMENT((#3841));
#3688=PRESENTATION_STYLE_ASSIGNMENT((#3842));
#3689=SURFACE_STYLE_USAGE(.BOTH.,#3843);
#3690=SURFACE_STYLE_USAGE(.BOTH.,#3844);
#3691=SURFACE_STYLE_USAGE(.BOTH.,#3845);
#3692=SURFACE_STYLE_USAGE(.BOTH.,#3846);
#3693=SURFACE_STYLE_USAGE(.BOTH.,#3847);
#3694=SURFACE_STYLE_USAGE(.BOTH.,#3848);
#3695=SURFACE_STYLE_USAGE(.BOTH.,#3849);
#3696=SURFACE_STYLE_USAGE(.BOTH.,#3850);
#3697=SURFACE_STYLE_USAGE(.BOTH.,#3851);
#3698=SURFACE_STYLE_USAGE(.BOTH.,#3852);
#3699=SURFACE_STYLE_USAGE(.BOTH.,#3853);
#3700=SURFACE_STYLE_USAGE(.BOTH.,#3854);
#3701=SURFACE_STYLE_USAGE(.BOTH.,#3855);
#3702=SURFACE_STYLE_USAGE(.BOTH.,#3856);
#3703=SURFACE_STYLE_USAGE(.BOTH.,#3857);
#3704=SURFACE_STYLE_USAGE(.BOTH.,#3858);
#3705=SURFACE_STYLE_USAGE(.BOTH.,#3859);
#3706=SURFACE_STYLE_USAGE(.BOTH.,#3860);
#3707=SURFACE_STYLE_USAGE(.BOTH.,#3861);
#3708=SURFACE_STYLE_USAGE(.BOTH.,#3862);
#3709=SURFACE_STYLE_USAGE(.BOTH.,#3863);
#3710=SURFACE_STYLE_USAGE(.BOTH.,#3864);
#3711=SURFACE_STYLE_USAGE(.BOTH.,#3865);
#3712=SURFACE_STYLE_USAGE(.BOTH.,#3866);
#3713=SURFACE_STYLE_USAGE(.BOTH.,#3867);
#3714=SURFACE_STYLE_USAGE(.BOTH.,#3868);
#3715=SURFACE_STYLE_USAGE(.BOTH.,#3869);
#3716=SURFACE_STYLE_USAGE(.BOTH.,#3870);
#3717=SURFACE_STYLE_USAGE(.BOTH.,#3871);
#3718=SURFACE_STYLE_USAGE(.BOTH.,#3872);
#3719=SURFACE_STYLE_USAGE(.BOTH.,#3873);
#3720=SURFACE_STYLE_USAGE(.BOTH.,#3874);
#3721=SURFACE_STYLE_USAGE(.BOTH.,#3875);
#3722=SURFACE_STYLE_USAGE(.BOTH.,#3876);
#3723=SURFACE_STYLE_USAGE(.BOTH.,#3877);
#3724=SURFACE_STYLE_USAGE(.BOTH.,#3878);
#3725=SURFACE_STYLE_USAGE(.BOTH.,#3879);
#3726=SURFACE_STYLE_USAGE(.BOTH.,#3880);
#3727=SURFACE_STYLE_USAGE(.BOTH.,#3881);
#3728=SURFACE_STYLE_USAGE(.BOTH.,#3882);
#3729=SURFACE_STYLE_USAGE(.BOTH.,#3883);
#3730=SURFACE_STYLE_USAGE(.BOTH.,#3884);
#3731=SURFACE_STYLE_USAGE(.BOTH.,#3885);
#3732=SURFACE_STYLE_USAGE(.BOTH.,#3886);
#3733=SURFACE_STYLE_USAGE(.BOTH.,#3887);
#3734=SURFACE_STYLE_USAGE(.BOTH.,#3888);
#3735=SURFACE_STYLE_USAGE(.BOTH.,#3889);
#3736=SURFACE_STYLE_USAGE(.BOTH.,#3890);
#3737=SURFACE_STYLE_USAGE(.BOTH.,#3891);
#3738=SURFACE_STYLE_USAGE(.BOTH.,#3892);
#3739=SURFACE_STYLE_USAGE(.BOTH.,#3893);
#3740=SURFACE_STYLE_USAGE(.BOTH.,#3894);
#3741=SURFACE_STYLE_USAGE(.BOTH.,#3895);
#3742=SURFACE_STYLE_USAGE(.BOTH.,#3896);
#3743=SURFACE_STYLE_USAGE(.BOTH.,#3897);
#3744=SURFACE_STYLE_USAGE(.BOTH.,#3898);
#3745=SURFACE_STYLE_USAGE(.BOTH.,#3899);
#3746=SURFACE_STYLE_USAGE(.BOTH.,#3900);
#3747=SURFACE_STYLE_USAGE(.BOTH.,#3901);
#3748=SURFACE_STYLE_USAGE(.BOTH.,#3902);
#3749=SURFACE_STYLE_USAGE(.BOTH.,#3903);
#3750=SURFACE_STYLE_USAGE(.BOTH.,#3904);
#3751=SURFACE_STYLE_USAGE(.BOTH.,#3905);
#3752=SURFACE_STYLE_USAGE(.BOTH.,#3906);
#3753=SURFACE_STYLE_USAGE(.BOTH.,#3907);
#3754=SURFACE_STYLE_USAGE(.BOTH.,#3908);
#3755=SURFACE_STYLE_USAGE(.BOTH.,#3909);
#3756=SURFACE_STYLE_USAGE(.BOTH.,#3910);
#3757=SURFACE_STYLE_USAGE(.BOTH.,#3911);
#3758=SURFACE_STYLE_USAGE(.BOTH.,#3912);
#3759=SURFACE_STYLE_USAGE(.BOTH.,#3913);
#3760=SURFACE_STYLE_USAGE(.BOTH.,#3914);
#3761=SURFACE_STYLE_USAGE(.BOTH.,#3915);
#3762=SURFACE_STYLE_USAGE(.BOTH.,#3916);
#3763=SURFACE_STYLE_USAGE(.BOTH.,#3917);
#3764=SURFACE_STYLE_USAGE(.BOTH.,#3918);
#3765=SURFACE_STYLE_USAGE(.BOTH.,#3919);
#3766=SURFACE_STYLE_USAGE(.BOTH.,#3920);
#3767=SURFACE_STYLE_USAGE(.BOTH.,#3921);
#3768=SURFACE_STYLE_USAGE(.BOTH.,#3922);
#3769=SURFACE_STYLE_USAGE(.BOTH.,#3923);
#3770=SURFACE_STYLE_USAGE(.BOTH.,#3924);
#3771=SURFACE_STYLE_USAGE(.BOTH.,#3925);
#3772=SURFACE_STYLE_USAGE(.BOTH.,#3926);
#3773=SURFACE_STYLE_USAGE(.BOTH.,#3927);
#3774=SURFACE_STYLE_USAGE(.BOTH.,#3928);
#3775=SURFACE_STYLE_USAGE(.BOTH.,#3929);
#3776=SURFACE_STYLE_USAGE(.BOTH.,#3930);
#3777=SURFACE_STYLE_USAGE(.BOTH.,#3931);
#3778=SURFACE_STYLE_USAGE(.BOTH.,#3932);
#3779=SURFACE_STYLE_USAGE(.BOTH.,#3933);
#3780=SURFACE_STYLE_USAGE(.BOTH.,#3934);
#3781=SURFACE_STYLE_USAGE(.BOTH.,#3935);
#3782=SURFACE_STYLE_USAGE(.BOTH.,#3936);
#3783=SURFACE_STYLE_USAGE(.BOTH.,#3937);
#3784=SURFACE_STYLE_USAGE(.BOTH.,#3938);
#3785=SURFACE_STYLE_USAGE(.BOTH.,#3939);
#3786=SURFACE_STYLE_USAGE(.BOTH.,#3940);
#3787=SURFACE_STYLE_USAGE(.BOTH.,#3941);
#3788=SURFACE_STYLE_USAGE(.BOTH.,#3942);
#3789=SURFACE_STYLE_USAGE(.BOTH.,#3943);
#3790=SURFACE_STYLE_USAGE(.BOTH.,#3944);
#3791=SURFACE_STYLE_USAGE(.BOTH.,#3945);
#3792=SURFACE_STYLE_USAGE(.BOTH.,#3946);
#3793=SURFACE_STYLE_USAGE(.BOTH.,#3947);
#3794=SURFACE_STYLE_USAGE(.BOTH.,#3948);
#3795=SURFACE_STYLE_USAGE(.BOTH.,#3949);
#3796=SURFACE_STYLE_USAGE(.BOTH.,#3950);
#3797=SURFACE_STYLE_USAGE(.BOTH.,#3951);
#3798=SURFACE_STYLE_USAGE(.BOTH.,#3952);
#3799=SURFACE_STYLE_USAGE(.BOTH.,#3953);
#3800=SURFACE_STYLE_USAGE(.BOTH.,#3954);
#3801=SURFACE_STYLE_USAGE(.BOTH.,#3955);
#3802=SURFACE_STYLE_USAGE(.BOTH.,#3956);
#3803=SURFACE_STYLE_USAGE(.BOTH.,#3957);
#3804=SURFACE_STYLE_USAGE(.BOTH.,#3958);
#3805=SURFACE_STYLE_USAGE(.BOTH.,#3959);
#3806=SURFACE_STYLE_USAGE(.BOTH.,#3960);
#3807=SURFACE_STYLE_USAGE(.BOTH.,#3961);
#3808=SURFACE_STYLE_USAGE(.BOTH.,#3962);
#3809=SURFACE_STYLE_USAGE(.BOTH.,#3963);
#3810=SURFACE_STYLE_USAGE(.BOTH.,#3964);
#3811=SURFACE_STYLE_USAGE(.BOTH.,#3965);
#3812=SURFACE_STYLE_USAGE(.BOTH.,#3966);
#3813=SURFACE_STYLE_USAGE(.BOTH.,#3967);
#3814=SURFACE_STYLE_USAGE(.BOTH.,#3968);
#3815=SURFACE_STYLE_USAGE(.BOTH.,#3969);
#3816=SURFACE_STYLE_USAGE(.BOTH.,#3970);
#3817=SURFACE_STYLE_USAGE(.BOTH.,#3971);
#3818=SURFACE_STYLE_USAGE(.BOTH.,#3972);
#3819=SURFACE_STYLE_USAGE(.BOTH.,#3973);
#3820=SURFACE_STYLE_USAGE(.BOTH.,#3974);
#3821=SURFACE_STYLE_USAGE(.BOTH.,#3975);
#3822=SURFACE_STYLE_USAGE(.BOTH.,#3976);
#3823=SURFACE_STYLE_USAGE(.BOTH.,#3977);
#3824=SURFACE_STYLE_USAGE(.BOTH.,#3978);
#3825=SURFACE_STYLE_USAGE(.BOTH.,#3979);
#3826=SURFACE_STYLE_USAGE(.BOTH.,#3980);
#3827=SURFACE_STYLE_USAGE(.BOTH.,#3981);
#3828=SURFACE_STYLE_USAGE(.BOTH.,#3982);
#3829=SURFACE_STYLE_USAGE(.BOTH.,#3983);
#3830=SURFACE_STYLE_USAGE(.BOTH.,#3984);
#3831=SURFACE_STYLE_USAGE(.BOTH.,#3985);
#3832=SURFACE_STYLE_USAGE(.BOTH.,#3986);
#3833=SURFACE_STYLE_USAGE(.BOTH.,#3987);
#3834=SURFACE_STYLE_USAGE(.BOTH.,#3988);
#3835=SURFACE_STYLE_USAGE(.BOTH.,#3989);
#3836=SURFACE_STYLE_USAGE(.BOTH.,#3990);
#3837=SURFACE_STYLE_USAGE(.BOTH.,#3991);
#3838=SURFACE_STYLE_USAGE(.BOTH.,#3992);
#3839=SURFACE_STYLE_USAGE(.BOTH.,#3993);
#3840=SURFACE_STYLE_USAGE(.BOTH.,#3994);
#3841=SURFACE_STYLE_USAGE(.BOTH.,#3995);
#3842=SURFACE_STYLE_USAGE(.BOTH.,#3996);
#3843=SURFACE_SIDE_STYLE('',(#3997));
#3844=SURFACE_SIDE_STYLE('',(#3998));
#3845=SURFACE_SIDE_STYLE('',(#3999));
#3846=SURFACE_SIDE_STYLE('',(#4000));
#3847=SURFACE_SIDE_STYLE('',(#4001));
#3848=SURFACE_SIDE_STYLE('',(#4002));
#3849=SURFACE_SIDE_STYLE('',(#4003));
#3850=SURFACE_SIDE_STYLE('',(#4004));
#3851=SURFACE_SIDE_STYLE('',(#4005));
#3852=SURFACE_SIDE_STYLE('',(#4006));
#3853=SURFACE_SIDE_STYLE('',(#4007));
#3854=SURFACE_SIDE_STYLE('',(#4008));
#3855=SURFACE_SIDE_STYLE('',(#4009));
#3856=SURFACE_SIDE_STYLE('',(#4010));
#3857=SURFACE_SIDE_STYLE('',(#4011));
#3858=SURFACE_SIDE_STYLE('',(#4012));
#3859=SURFACE_SIDE_STYLE('',(#4013));
#3860=SURFACE_SIDE_STYLE('',(#4014));
#3861=SURFACE_SIDE_STYLE('',(#4015));
#3862=SURFACE_SIDE_STYLE('',(#4016));
#3863=SURFACE_SIDE_STYLE('',(#4017));
#3864=SURFACE_SIDE_STYLE('',(#4018));
#3865=SURFACE_SIDE_STYLE('',(#4019));
#3866=SURFACE_SIDE_STYLE('',(#4020));
#3867=SURFACE_SIDE_STYLE('',(#4021));
#3868=SURFACE_SIDE_STYLE('',(#4022));
#3869=SURFACE_SIDE_STYLE('',(#4023));
#3870=SURFACE_SIDE_STYLE('',(#4024));
#3871=SURFACE_SIDE_STYLE('',(#4025));
#3872=SURFACE_SIDE_STYLE('',(#4026));
#3873=SURFACE_SIDE_STYLE('',(#4027));
#3874=SURFACE_SIDE_STYLE('',(#4028));
#3875=SURFACE_SIDE_STYLE('',(#4029));
#3876=SURFACE_SIDE_STYLE('',(#4030));
#3877=SURFACE_SIDE_STYLE('',(#4031));
#3878=SURFACE_SIDE_STYLE('',(#4032));
#3879=SURFACE_SIDE_STYLE('',(#4033));
#3880=SURFACE_SIDE_STYLE('',(#4034));
#3881=SURFACE_SIDE_STYLE('',(#4035));
#3882=SURFACE_SIDE_STYLE('',(#4036));
#3883=SURFACE_SIDE_STYLE('',(#4037));
#3884=SURFACE_SIDE_STYLE('',(#4038));
#3885=SURFACE_SIDE_STYLE('',(#4039));
#3886=SURFACE_SIDE_STYLE('',(#4040));
#3887=SURFACE_SIDE_STYLE('',(#4041));
#3888=SURFACE_SIDE_STYLE('',(#4042));
#3889=SURFACE_SIDE_STYLE('',(#4043));
#3890=SURFACE_SIDE_STYLE('',(#4044));
#3891=SURFACE_SIDE_STYLE('',(#4045));
#3892=SURFACE_SIDE_STYLE('',(#4046));
#3893=SURFACE_SIDE_STYLE('',(#4047));
#3894=SURFACE_SIDE_STYLE('',(#4048));
#3895=SURFACE_SIDE_STYLE('',(#4049));
#3896=SURFACE_SIDE_STYLE('',(#4050));
#3897=SURFACE_SIDE_STYLE('',(#4051));
#3898=SURFACE_SIDE_STYLE('',(#4052));
#3899=SURFACE_SIDE_STYLE('',(#4053));
#3900=SURFACE_SIDE_STYLE('',(#4054));
#3901=SURFACE_SIDE_STYLE('',(#4055));
#3902=SURFACE_SIDE_STYLE('',(#4056));
#3903=SURFACE_SIDE_STYLE('',(#4057));
#3904=SURFACE_SIDE_STYLE('',(#4058));
#3905=SURFACE_SIDE_STYLE('',(#4059));
#3906=SURFACE_SIDE_STYLE('',(#4060));
#3907=SURFACE_SIDE_STYLE('',(#4061));
#3908=SURFACE_SIDE_STYLE('',(#4062));
#3909=SURFACE_SIDE_STYLE('',(#4063));
#3910=SURFACE_SIDE_STYLE('',(#4064));
#3911=SURFACE_SIDE_STYLE('',(#4065));
#3912=SURFACE_SIDE_STYLE('',(#4066));
#3913=SURFACE_SIDE_STYLE('',(#4067));
#3914=SURFACE_SIDE_STYLE('',(#4068));
#3915=SURFACE_SIDE_STYLE('',(#4069));
#3916=SURFACE_SIDE_STYLE('',(#4070));
#3917=SURFACE_SIDE_STYLE('',(#4071));
#3918=SURFACE_SIDE_STYLE('',(#4072));
#3919=SURFACE_SIDE_STYLE('',(#4073));
#3920=SURFACE_SIDE_STYLE('',(#4074));
#3921=SURFACE_SIDE_STYLE('',(#4075));
#3922=SURFACE_SIDE_STYLE('',(#4076));
#3923=SURFACE_SIDE_STYLE('',(#4077));
#3924=SURFACE_SIDE_STYLE('',(#4078));
#3925=SURFACE_SIDE_STYLE('',(#4079));
#3926=SURFACE_SIDE_STYLE('',(#4080));
#3927=SURFACE_SIDE_STYLE('',(#4081));
#3928=SURFACE_SIDE_STYLE('',(#4082));
#3929=SURFACE_SIDE_STYLE('',(#4083));
#3930=SURFACE_SIDE_STYLE('',(#4084));
#3931=SURFACE_SIDE_STYLE('',(#4085));
#3932=SURFACE_SIDE_STYLE('',(#4086));
#3933=SURFACE_SIDE_STYLE('',(#4087));
#3934=SURFACE_SIDE_STYLE('',(#4088));
#3935=SURFACE_SIDE_STYLE('',(#4089));
#3936=SURFACE_SIDE_STYLE('',(#4090));
#3937=SURFACE_SIDE_STYLE('',(#4091));
#3938=SURFACE_SIDE_STYLE('',(#4092));
#3939=SURFACE_SIDE_STYLE('',(#4093));
#3940=SURFACE_SIDE_STYLE('',(#4094));
#3941=SURFACE_SIDE_STYLE('',(#4095));
#3942=SURFACE_SIDE_STYLE('',(#4096));
#3943=SURFACE_SIDE_STYLE('',(#4097));
#3944=SURFACE_SIDE_STYLE('',(#4098));
#3945=SURFACE_SIDE_STYLE('',(#4099));
#3946=SURFACE_SIDE_STYLE('',(#4100));
#3947=SURFACE_SIDE_STYLE('',(#4101));
#3948=SURFACE_SIDE_STYLE('',(#4102));
#3949=SURFACE_SIDE_STYLE('',(#4103));
#3950=SURFACE_SIDE_STYLE('',(#4104));
#3951=SURFACE_SIDE_STYLE('',(#4105));
#3952=SURFACE_SIDE_STYLE('',(#4106));
#3953=SURFACE_SIDE_STYLE('',(#4107));
#3954=SURFACE_SIDE_STYLE('',(#4108));
#3955=SURFACE_SIDE_STYLE('',(#4109));
#3956=SURFACE_SIDE_STYLE('',(#4110));
#3957=SURFACE_SIDE_STYLE('',(#4111));
#3958=SURFACE_SIDE_STYLE('',(#4112));
#3959=SURFACE_SIDE_STYLE('',(#4113));
#3960=SURFACE_SIDE_STYLE('',(#4114));
#3961=SURFACE_SIDE_STYLE('',(#4115));
#3962=SURFACE_SIDE_STYLE('',(#4116));
#3963=SURFACE_SIDE_STYLE('',(#4117));
#3964=SURFACE_SIDE_STYLE('',(#4118));
#3965=SURFACE_SIDE_STYLE('',(#4119));
#3966=SURFACE_SIDE_STYLE('',(#4120));
#3967=SURFACE_SIDE_STYLE('',(#4121));
#3968=SURFACE_SIDE_STYLE('',(#4122));
#3969=SURFACE_SIDE_STYLE('',(#4123));
#3970=SURFACE_SIDE_STYLE('',(#4124));
#3971=SURFACE_SIDE_STYLE('',(#4125));
#3972=SURFACE_SIDE_STYLE('',(#4126));
#3973=SURFACE_SIDE_STYLE('',(#4127));
#3974=SURFACE_SIDE_STYLE('',(#4128));
#3975=SURFACE_SIDE_STYLE('',(#4129));
#3976=SURFACE_SIDE_STYLE('',(#4130));
#3977=SURFACE_SIDE_STYLE('',(#4131));
#3978=SURFACE_SIDE_STYLE('',(#4132));
#3979=SURFACE_SIDE_STYLE('',(#4133));
#3980=SURFACE_SIDE_STYLE('',(#4134));
#3981=SURFACE_SIDE_STYLE('',(#4135));
#3982=SURFACE_SIDE_STYLE('',(#4136));
#3983=SURFACE_SIDE_STYLE('',(#4137));
#3984=SURFACE_SIDE_STYLE('',(#4138));
#3985=SURFACE_SIDE_STYLE('',(#4139));
#3986=SURFACE_SIDE_STYLE('',(#4140));
#3987=SURFACE_SIDE_STYLE('',(#4141));
#3988=SURFACE_SIDE_STYLE('',(#4142));
#3989=SURFACE_SIDE_STYLE('',(#4143));
#3990=SURFACE_SIDE_STYLE('',(#4144));
#3991=SURFACE_SIDE_STYLE('',(#4145));
#3992=SURFACE_SIDE_STYLE('',(#4146));
#3993=SURFACE_SIDE_STYLE('',(#4147));
#3994=SURFACE_SIDE_STYLE('',(#4148));
#3995=SURFACE_SIDE_STYLE('',(#4149));
#3996=SURFACE_SIDE_STYLE('',(#4150));
#3997=SURFACE_STYLE_FILL_AREA(#4151);
#3998=SURFACE_STYLE_FILL_AREA(#4152);
#3999=SURFACE_STYLE_FILL_AREA(#4153);
#4000=SURFACE_STYLE_FILL_AREA(#4154);
#4001=SURFACE_STYLE_FILL_AREA(#4155);
#4002=SURFACE_STYLE_FILL_AREA(#4156);
#4003=SURFACE_STYLE_FILL_AREA(#4157);
#4004=SURFACE_STYLE_FILL_AREA(#4158);
#4005=SURFACE_STYLE_FILL_AREA(#4159);
#4006=SURFACE_STYLE_FILL_AREA(#4160);
#4007=SURFACE_STYLE_FILL_AREA(#4161);
#4008=SURFACE_STYLE_FILL_AREA(#4162);
#4009=SURFACE_STYLE_FILL_AREA(#4163);
#4010=SURFACE_STYLE_FILL_AREA(#4164);
#4011=SURFACE_STYLE_FILL_AREA(#4165);
#4012=SURFACE_STYLE_FILL_AREA(#4166);
#4013=SURFACE_STYLE_FILL_AREA(#4167);
#4014=SURFACE_STYLE_FILL_AREA(#4168);
#4015=SURFACE_STYLE_FILL_AREA(#4169);
#4016=SURFACE_STYLE_FILL_AREA(#4170);
#4017=SURFACE_STYLE_FILL_AREA(#4171);
#4018=SURFACE_STYLE_FILL_AREA(#4172);
#4019=SURFACE_STYLE_FILL_AREA(#4173);
#4020=SURFACE_STYLE_FILL_AREA(#4174);
#4021=SURFACE_STYLE_FILL_AREA(#4175);
#4022=SURFACE_STYLE_FILL_AREA(#4176);
#4023=SURFACE_STYLE_FILL_AREA(#4177);
#4024=SURFACE_STYLE_FILL_AREA(#4178);
#4025=SURFACE_STYLE_FILL_AREA(#4179);
#4026=SURFACE_STYLE_FILL_AREA(#4180);
#4027=SURFACE_STYLE_FILL_AREA(#4181);
#4028=SURFACE_STYLE_FILL_AREA(#4182);
#4029=SURFACE_STYLE_FILL_AREA(#4183);
#4030=SURFACE_STYLE_FILL_AREA(#4184);
#4031=SURFACE_STYLE_FILL_AREA(#4185);
#4032=SURFACE_STYLE_FILL_AREA(#4186);
#4033=SURFACE_STYLE_FILL_AREA(#4187);
#4034=SURFACE_STYLE_FILL_AREA(#4188);
#4035=SURFACE_STYLE_FILL_AREA(#4189);
#4036=SURFACE_STYLE_FILL_AREA(#4190);
#4037=SURFACE_STYLE_FILL_AREA(#4191);
#4038=SURFACE_STYLE_FILL_AREA(#4192);
#4039=SURFACE_STYLE_FILL_AREA(#4193);
#4040=SURFACE_STYLE_FILL_AREA(#4194);
#4041=SURFACE_STYLE_FILL_AREA(#4195);
#4042=SURFACE_STYLE_FILL_AREA(#4196);
#4043=SURFACE_STYLE_FILL_AREA(#4197);
#4044=SURFACE_STYLE_FILL_AREA(#4198);
#4045=SURFACE_STYLE_FILL_AREA(#4199);
#4046=SURFACE_STYLE_FILL_AREA(#4200);
#4047=SURFACE_STYLE_FILL_AREA(#4201);
#4048=SURFACE_STYLE_FILL_AREA(#4202);
#4049=SURFACE_STYLE_FILL_AREA(#4203);
#4050=SURFACE_STYLE_FILL_AREA(#4204);
#4051=SURFACE_STYLE_FILL_AREA(#4205);
#4052=SURFACE_STYLE_FILL_AREA(#4206);
#4053=SURFACE_STYLE_FILL_AREA(#4207);
#4054=SURFACE_STYLE_FILL_AREA(#4208);
#4055=SURFACE_STYLE_FILL_AREA(#4209);
#4056=SURFACE_STYLE_FILL_AREA(#4210);
#4057=SURFACE_STYLE_FILL_AREA(#4211);
#4058=SURFACE_STYLE_FILL_AREA(#4212);
#4059=SURFACE_STYLE_FILL_AREA(#4213);
#4060=SURFACE_STYLE_FILL_AREA(#4214);
#4061=SURFACE_STYLE_FILL_AREA(#4215);
#4062=SURFACE_STYLE_FILL_AREA(#4216);
#4063=SURFACE_STYLE_FILL_AREA(#4217);
#4064=SURFACE_STYLE_FILL_AREA(#4218);
#4065=SURFACE_STYLE_FILL_AREA(#4219);
#4066=SURFACE_STYLE_FILL_AREA(#4220);
#4067=SURFACE_STYLE_FILL_AREA(#4221);
#4068=SURFACE_STYLE_FILL_AREA(#4222);
#4069=SURFACE_STYLE_FILL_AREA(#4223);
#4070=SURFACE_STYLE_FILL_AREA(#4224);
#4071=SURFACE_STYLE_FILL_AREA(#4225);
#4072=SURFACE_STYLE_FILL_AREA(#4226);
#4073=SURFACE_STYLE_FILL_AREA(#4227);
#4074=SURFACE_STYLE_FILL_AREA(#4228);
#4075=SURFACE_STYLE_FILL_AREA(#4229);
#4076=SURFACE_STYLE_FILL_AREA(#4230);
#4077=SURFACE_STYLE_FILL_AREA(#4231);
#4078=SURFACE_STYLE_FILL_AREA(#4232);
#4079=SURFACE_STYLE_FILL_AREA(#4233);
#4080=SURFACE_STYLE_FILL_AREA(#4234);
#4081=SURFACE_STYLE_FILL_AREA(#4235);
#4082=SURFACE_STYLE_FILL_AREA(#4236);
#4083=SURFACE_STYLE_FILL_AREA(#4237);
#4084=SURFACE_STYLE_FILL_AREA(#4238);
#4085=SURFACE_STYLE_FILL_AREA(#4239);
#4086=SURFACE_STYLE_FILL_AREA(#4240);
#4087=SURFACE_STYLE_FILL_AREA(#4241);
#4088=SURFACE_STYLE_FILL_AREA(#4242);
#4089=SURFACE_STYLE_FILL_AREA(#4243);
#4090=SURFACE_STYLE_FILL_AREA(#4244);
#4091=SURFACE_STYLE_FILL_AREA(#4245);
#4092=SURFACE_STYLE_FILL_AREA(#4246);
#4093=SURFACE_STYLE_FILL_AREA(#4247);
#4094=SURFACE_STYLE_FILL_AREA(#4248);
#4095=SURFACE_STYLE_FILL_AREA(#4249);
#4096=SURFACE_STYLE_FILL_AREA(#4250);
#4097=SURFACE_STYLE_FILL_AREA(#4251);
#4098=SURFACE_STYLE_FILL_AREA(#4252);
#4099=SURFACE_STYLE_FILL_AREA(#4253);
#4100=SURFACE_STYLE_FILL_AREA(#4254);
#4101=SURFACE_STYLE_FILL_AREA(#4255);
#4102=SURFACE_STYLE_FILL_AREA(#4256);
#4103=SURFACE_STYLE_FILL_AREA(#4257);
#4104=SURFACE_STYLE_FILL_AREA(#4258);
#4105=SURFACE_STYLE_FILL_AREA(#4259);
#4106=SURFACE_STYLE_FILL_AREA(#4260);
#4107=SURFACE_STYLE_FILL_AREA(#4261);
#4108=SURFACE_STYLE_FILL_AREA(#4262);
#4109=SURFACE_STYLE_FILL_AREA(#4263);
#4110=SURFACE_STYLE_FILL_AREA(#4264);
#4111=SURFACE_STYLE_FILL_AREA(#4265);
#4112=SURFACE_STYLE_FILL_AREA(#4266);
#4113=SURFACE_STYLE_FILL_AREA(#4267);
#4114=SURFACE_STYLE_FILL_AREA(#4268);
#4115=SURFACE_STYLE_FILL_AREA(#4269);
#4116=SURFACE_STYLE_FILL_AREA(#4270);
#4117=SURFACE_STYLE_FILL_AREA(#4271);
#4118=SURFACE_STYLE_FILL_AREA(#4272);
#4119=SURFACE_STYLE_FILL_AREA(#4273);
#4120=SURFACE_STYLE_FILL_AREA(#4274);
#4121=SURFACE_STYLE_FILL_AREA(#4275);
#4122=SURFACE_STYLE_FILL_AREA(#4276);
#4123=SURFACE_STYLE_FILL_AREA(#4277);
#4124=SURFACE_STYLE_FILL_AREA(#4278);
#4125=SURFACE_STYLE_FILL_AREA(#4279);
#4126=SURFACE_STYLE_FILL_AREA(#4280);
#4127=SURFACE_STYLE_FILL_AREA(#4281);
#4128=SURFACE_STYLE_FILL_AREA(#4282);
#4129=SURFACE_STYLE_FILL_AREA(#4283);
#4130=SURFACE_STYLE_FILL_AREA(#4284);
#4131=SURFACE_STYLE_FILL_AREA(#4285);
#4132=SURFACE_STYLE_FILL_AREA(#4286);
#4133=SURFACE_STYLE_FILL_AREA(#4287);
#4134=SURFACE_STYLE_FILL_AREA(#4288);
#4135=SURFACE_STYLE_FILL_AREA(#4289);
#4136=SURFACE_STYLE_FILL_AREA(#4290);
#4137=SURFACE_STYLE_FILL_AREA(#4291);
#4138=SURFACE_STYLE_FILL_AREA(#4292);
#4139=SURFACE_STYLE_FILL_AREA(#4293);
#4140=SURFACE_STYLE_FILL_AREA(#4294);
#4141=SURFACE_STYLE_FILL_AREA(#4295);
#4142=SURFACE_STYLE_FILL_AREA(#4296);
#4143=SURFACE_STYLE_FILL_AREA(#4297);
#4144=SURFACE_STYLE_FILL_AREA(#4298);
#4145=SURFACE_STYLE_FILL_AREA(#4299);
#4146=SURFACE_STYLE_FILL_AREA(#4300);
#4147=SURFACE_STYLE_FILL_AREA(#4301);
#4148=SURFACE_STYLE_FILL_AREA(#4302);
#4149=SURFACE_STYLE_FILL_AREA(#4303);
#4150=SURFACE_STYLE_FILL_AREA(#4304);
#4151=FILL_AREA_STYLE('',(#4305));
#4152=FILL_AREA_STYLE('',(#4306));
#4153=FILL_AREA_STYLE('',(#4307));
#4154=FILL_AREA_STYLE('',(#4308));
#4155=FILL_AREA_STYLE('',(#4309));
#4156=FILL_AREA_STYLE('',(#4310));
#4157=FILL_AREA_STYLE('',(#4311));
#4158=FILL_AREA_STYLE('',(#4312));
#4159=FILL_AREA_STYLE('',(#4313));
#4160=FILL_AREA_STYLE('',(#4314));
#4161=FILL_AREA_STYLE('',(#4315));
#4162=FILL_AREA_STYLE('',(#4316));
#4163=FILL_AREA_STYLE('',(#4317));
#4164=FILL_AREA_STYLE('',(#4318));
#4165=FILL_AREA_STYLE('',(#4319));
#4166=FILL_AREA_STYLE('',(#4320));
#4167=FILL_AREA_STYLE('',(#4321));
#4168=FILL_AREA_STYLE('',(#4322));
#4169=FILL_AREA_STYLE('',(#4323));
#4170=FILL_AREA_STYLE('',(#4324));
#4171=FILL_AREA_STYLE('',(#4325));
#4172=FILL_AREA_STYLE('',(#4326));
#4173=FILL_AREA_STYLE('',(#4327));
#4174=FILL_AREA_STYLE('',(#4328));
#4175=FILL_AREA_STYLE('',(#4329));
#4176=FILL_AREA_STYLE('',(#4330));
#4177=FILL_AREA_STYLE('',(#4331));
#4178=FILL_AREA_STYLE('',(#4332));
#4179=FILL_AREA_STYLE('',(#4333));
#4180=FILL_AREA_STYLE('',(#4334));
#4181=FILL_AREA_STYLE('',(#4335));
#4182=FILL_AREA_STYLE('',(#4336));
#4183=FILL_AREA_STYLE('',(#4337));
#4184=FILL_AREA_STYLE('',(#4338));
#4185=FILL_AREA_STYLE('',(#4339));
#4186=FILL_AREA_STYLE('',(#4340));
#4187=FILL_AREA_STYLE('',(#4341));
#4188=FILL_AREA_STYLE('',(#4342));
#4189=FILL_AREA_STYLE('',(#4343));
#4190=FILL_AREA_STYLE('',(#4344));
#4191=FILL_AREA_STYLE('',(#4345));
#4192=FILL_AREA_STYLE('',(#4346));
#4193=FILL_AREA_STYLE('',(#4347));
#4194=FILL_AREA_STYLE('',(#4348));
#4195=FILL_AREA_STYLE('',(#4349));
#4196=FILL_AREA_STYLE('',(#4350));
#4197=FILL_AREA_STYLE('',(#4351));
#4198=FILL_AREA_STYLE('',(#4352));
#4199=FILL_AREA_STYLE('',(#4353));
#4200=FILL_AREA_STYLE('',(#4354));
#4201=FILL_AREA_STYLE('',(#4355));
#4202=FILL_AREA_STYLE('',(#4356));
#4203=FILL_AREA_STYLE('',(#4357));
#4204=FILL_AREA_STYLE('',(#4358));
#4205=FILL_AREA_STYLE('',(#4359));
#4206=FILL_AREA_STYLE('',(#4360));
#4207=FILL_AREA_STYLE('',(#4361));
#4208=FILL_AREA_STYLE('',(#4362));
#4209=FILL_AREA_STYLE('',(#4363));
#4210=FILL_AREA_STYLE('',(#4364));
#4211=FILL_AREA_STYLE('',(#4365));
#4212=FILL_AREA_STYLE('',(#4366));
#4213=FILL_AREA_STYLE('',(#4367));
#4214=FILL_AREA_STYLE('',(#4368));
#4215=FILL_AREA_STYLE('',(#4369));
#4216=FILL_AREA_STYLE('',(#4370));
#4217=FILL_AREA_STYLE('',(#4371));
#4218=FILL_AREA_STYLE('',(#4372));
#4219=FILL_AREA_STYLE('',(#4373));
#4220=FILL_AREA_STYLE('',(#4374));
#4221=FILL_AREA_STYLE('',(#4375));
#4222=FILL_AREA_STYLE('',(#4376));
#4223=FILL_AREA_STYLE('',(#4377));
#4224=FILL_AREA_STYLE('',(#4378));
#4225=FILL_AREA_STYLE('',(#4379));
#4226=FILL_AREA_STYLE('',(#4380));
#4227=FILL_AREA_STYLE('',(#4381));
#4228=FILL_AREA_STYLE('',(#4382));
#4229=FILL_AREA_STYLE('',(#4383));
#4230=FILL_AREA_STYLE('',(#4384));
#4231=FILL_AREA_STYLE('',(#4385));
#4232=FILL_AREA_STYLE('',(#4386));
#4233=FILL_AREA_STYLE('',(#4387));
#4234=FILL_AREA_STYLE('',(#4388));
#4235=FILL_AREA_STYLE('',(#4389));
#4236=FILL_AREA_STYLE('',(#4390));
#4237=FILL_AREA_STYLE('',(#4391));
#4238=FILL_AREA_STYLE('',(#4392));
#4239=FILL_AREA_STYLE('',(#4393));
#4240=FILL_AREA_STYLE('',(#4394));
#4241=FILL_AREA_STYLE('',(#4395));
#4242=FILL_AREA_STYLE('',(#4396));
#4243=FILL_AREA_STYLE('',(#4397));
#4244=FILL_AREA_STYLE('',(#4398));
#4245=FILL_AREA_STYLE('',(#4399));
#4246=FILL_AREA_STYLE('',(#4400));
#4247=FILL_AREA_STYLE('',(#4401));
#4248=FILL_AREA_STYLE('',(#4402));
#4249=FILL_AREA_STYLE('',(#4403));
#4250=FILL_AREA_STYLE('',(#4404));
#4251=FILL_AREA_STYLE('',(#4405));
#4252=FILL_AREA_STYLE('',(#4406));
#4253=FILL_AREA_STYLE('',(#4407));
#4254=FILL_AREA_STYLE('',(#4408));
#4255=FILL_AREA_STYLE('',(#4409));
#4256=FILL_AREA_STYLE('',(#4410));
#4257=FILL_AREA_STYLE('',(#4411));
#4258=FILL_AREA_STYLE('',(#4412));
#4259=FILL_AREA_STYLE('',(#4413));
#4260=FILL_AREA_STYLE('',(#4414));
#4261=FILL_AREA_STYLE('',(#4415));
#4262=FILL_AREA_STYLE('',(#4416));
#4263=FILL_AREA_STYLE('',(#4417));
#4264=FILL_AREA_STYLE('',(#4418));
#4265=FILL_AREA_STYLE('',(#4419));
#4266=FILL_AREA_STYLE('',(#4420));
#4267=FILL_AREA_STYLE('',(#4421));
#4268=FILL_AREA_STYLE('',(#4422));
#4269=FILL_AREA_STYLE('',(#4423));
#4270=FILL_AREA_STYLE('',(#4424));
#4271=FILL_AREA_STYLE('',(#4425));
#4272=FILL_AREA_STYLE('',(#4426));
#4273=FILL_AREA_STYLE('',(#4427));
#4274=FILL_AREA_STYLE('',(#4428));
#4275=FILL_AREA_STYLE('',(#4429));
#4276=FILL_AREA_STYLE('',(#4430));
#4277=FILL_AREA_STYLE('',(#4431));
#4278=FILL_AREA_STYLE('',(#4432));
#4279=FILL_AREA_STYLE('',(#4433));
#4280=FILL_AREA_STYLE('',(#4434));
#4281=FILL_AREA_STYLE('',(#4435));
#4282=FILL_AREA_STYLE('',(#4436));
#4283=FILL_AREA_STYLE('',(#4437));
#4284=FILL_AREA_STYLE('',(#4438));
#4285=FILL_AREA_STYLE('',(#4439));
#4286=FILL_AREA_STYLE('',(#4440));
#4287=FILL_AREA_STYLE('',(#4441));
#4288=FILL_AREA_STYLE('',(#4442));
#4289=FILL_AREA_STYLE('',(#4443));
#4290=FILL_AREA_STYLE('',(#4444));
#4291=FILL_AREA_STYLE('',(#4445));
#4292=FILL_AREA_STYLE('',(#4446));
#4293=FILL_AREA_STYLE('',(#4447));
#4294=FILL_AREA_STYLE('',(#4448));
#4295=FILL_AREA_STYLE('',(#4449));
#4296=FILL_AREA_STYLE('',(#4450));
#4297=FILL_AREA_STYLE('',(#4451));
#4298=FILL_AREA_STYLE('',(#4452));
#4299=FILL_AREA_STYLE('',(#4453));
#4300=FILL_AREA_STYLE('',(#4454));
#4301=FILL_AREA_STYLE('',(#4455));
#4302=FILL_AREA_STYLE('',(#4456));
#4303=FILL_AREA_STYLE('',(#4457));
#4304=FILL_AREA_STYLE('',(#4458));
#4305=FILL_AREA_STYLE_COLOUR('',#4459);
#4306=FILL_AREA_STYLE_COLOUR('',#4459);
#4307=FILL_AREA_STYLE_COLOUR('',#4459);
#4308=FILL_AREA_STYLE_COLOUR('',#4459);
#4309=FILL_AREA_STYLE_COLOUR('',#4459);
#4310=FILL_AREA_STYLE_COLOUR('',#4459);
#4311=FILL_AREA_STYLE_COLOUR('',#4459);
#4312=FILL_AREA_STYLE_COLOUR('',#4459);
#4313=FILL_AREA_STYLE_COLOUR('',#4459);
#4314=FILL_AREA_STYLE_COLOUR('',#4459);
#4315=FILL_AREA_STYLE_COLOUR('',#4459);
#4316=FILL_AREA_STYLE_COLOUR('',#4459);
#4317=FILL_AREA_STYLE_COLOUR('',#4459);
#4318=FILL_AREA_STYLE_COLOUR('',#4459);
#4319=FILL_AREA_STYLE_COLOUR('',#4459);
#4320=FILL_AREA_STYLE_COLOUR('',#4459);
#4321=FILL_AREA_STYLE_COLOUR('',#4459);
#4322=FILL_AREA_STYLE_COLOUR('',#4459);
#4323=FILL_AREA_STYLE_COLOUR('',#4459);
#4324=FILL_AREA_STYLE_COLOUR('',#4459);
#4325=FILL_AREA_STYLE_COLOUR('',#4459);
#4326=FILL_AREA_STYLE_COLOUR('',#4459);
#4327=FILL_AREA_STYLE_COLOUR('',#4459);
#4328=FILL_AREA_STYLE_COLOUR('',#4459);
#4329=FILL_AREA_STYLE_COLOUR('',#4459);
#4330=FILL_AREA_STYLE_COLOUR('',#4459);
#4331=FILL_AREA_STYLE_COLOUR('',#4459);
#4332=FILL_AREA_STYLE_COLOUR('',#4459);
#4333=FILL_AREA_STYLE_COLOUR('',#4459);
#4334=FILL_AREA_STYLE_COLOUR('',#4459);
#4335=FILL_AREA_STYLE_COLOUR('',#4459);
#4336=FILL_AREA_STYLE_COLOUR('',#4459);
#4337=FILL_AREA_STYLE_COLOUR('',#4459);
#4338=FILL_AREA_STYLE_COLOUR('',#4459);
#4339=FILL_AREA_STYLE_COLOUR('',#4459);
#4340=FILL_AREA_STYLE_COLOUR('',#4459);
#4341=FILL_AREA_STYLE_COLOUR('',#4459);
#4342=FILL_AREA_STYLE_COLOUR('',#4459);
#4343=FILL_AREA_STYLE_COLOUR('',#4459);
#4344=FILL_AREA_STYLE_COLOUR('',#4459);
#4345=FILL_AREA_STYLE_COLOUR('',#4459);
#4346=FILL_AREA_STYLE_COLOUR('',#4459);
#4347=FILL_AREA_STYLE_COLOUR('',#4459);
#4348=FILL_AREA_STYLE_COLOUR('',#4459);
#4349=FILL_AREA_STYLE_COLOUR('',#4459);
#4350=FILL_AREA_STYLE_COLOUR('',#4459);
#4351=FILL_AREA_STYLE_COLOUR('',#4459);
#4352=FILL_AREA_STYLE_COLOUR('',#4459);
#4353=FILL_AREA_STYLE_COLOUR('',#4459);
#4354=FILL_AREA_STYLE_COLOUR('',#4459);
#4355=FILL_AREA_STYLE_COLOUR('',#4459);
#4356=FILL_AREA_STYLE_COLOUR('',#4459);
#4357=FILL_AREA_STYLE_COLOUR('',#4459);
#4358=FILL_AREA_STYLE_COLOUR('',#4459);
#4359=FILL_AREA_STYLE_COLOUR('',#4459);
#4360=FILL_AREA_STYLE_COLOUR('',#4459);
#4361=FILL_AREA_STYLE_COLOUR('',#4459);
#4362=FILL_AREA_STYLE_COLOUR('',#4459);
#4363=FILL_AREA_STYLE_COLOUR('',#4459);
#4364=FILL_AREA_STYLE_COLOUR('',#4459);
#4365=FILL_AREA_STYLE_COLOUR('',#4459);
#4366=FILL_AREA_STYLE_COLOUR('',#4459);
#4367=FILL_AREA_STYLE_COLOUR('',#4459);
#4368=FILL_AREA_STYLE_COLOUR('',#4460);
#4369=FILL_AREA_STYLE_COLOUR('',#4459);
#4370=FILL_AREA_STYLE_COLOUR('',#4459);
#4371=FILL_AREA_STYLE_COLOUR('',#4459);
#4372=FILL_AREA_STYLE_COLOUR('',#4459);
#4373=FILL_AREA_STYLE_COLOUR('',#4460);
#4374=FILL_AREA_STYLE_COLOUR('',#4459);
#4375=FILL_AREA_STYLE_COLOUR('',#4459);
#4376=FILL_AREA_STYLE_COLOUR('',#4459);
#4377=FILL_AREA_STYLE_COLOUR('',#4459);
#4378=FILL_AREA_STYLE_COLOUR('',#4459);
#4379=FILL_AREA_STYLE_COLOUR('',#4459);
#4380=FILL_AREA_STYLE_COLOUR('',#4459);
#4381=FILL_AREA_STYLE_COLOUR('',#4459);
#4382=FILL_AREA_STYLE_COLOUR('',#4459);
#4383=FILL_AREA_STYLE_COLOUR('',#4459);
#4384=FILL_AREA_STYLE_COLOUR('',#4459);
#4385=FILL_AREA_STYLE_COLOUR('',#4459);
#4386=FILL_AREA_STYLE_COLOUR('',#4459);
#4387=FILL_AREA_STYLE_COLOUR('',#4459);
#4388=FILL_AREA_STYLE_COLOUR('',#4459);
#4389=FILL_AREA_STYLE_COLOUR('',#4459);
#4390=FILL_AREA_STYLE_COLOUR('',#4459);
#4391=FILL_AREA_STYLE_COLOUR('',#4459);
#4392=FILL_AREA_STYLE_COLOUR('',#4459);
#4393=FILL_AREA_STYLE_COLOUR('',#4459);
#4394=FILL_AREA_STYLE_COLOUR('',#4459);
#4395=FILL_AREA_STYLE_COLOUR('',#4459);
#4396=FILL_AREA_STYLE_COLOUR('',#4459);
#4397=FILL_AREA_STYLE_COLOUR('',#4459);
#4398=FILL_AREA_STYLE_COLOUR('',#4459);
#4399=FILL_AREA_STYLE_COLOUR('',#4459);
#4400=FILL_AREA_STYLE_COLOUR('',#4459);
#4401=FILL_AREA_STYLE_COLOUR('',#4459);
#4402=FILL_AREA_STYLE_COLOUR('',#4459);
#4403=FILL_AREA_STYLE_COLOUR('',#4459);
#4404=FILL_AREA_STYLE_COLOUR('',#4459);
#4405=FILL_AREA_STYLE_COLOUR('',#4459);
#4406=FILL_AREA_STYLE_COLOUR('',#4459);
#4407=FILL_AREA_STYLE_COLOUR('',#4459);
#4408=FILL_AREA_STYLE_COLOUR('',#4459);
#4409=FILL_AREA_STYLE_COLOUR('',#4459);
#4410=FILL_AREA_STYLE_COLOUR('',#4459);
#4411=FILL_AREA_STYLE_COLOUR('',#4459);
#4412=FILL_AREA_STYLE_COLOUR('',#4459);
#4413=FILL_AREA_STYLE_COLOUR('',#4459);
#4414=FILL_AREA_STYLE_COLOUR('',#4459);
#4415=FILL_AREA_STYLE_COLOUR('',#4459);
#4416=FILL_AREA_STYLE_COLOUR('',#4459);
#4417=FILL_AREA_STYLE_COLOUR('',#4459);
#4418=FILL_AREA_STYLE_COLOUR('',#4459);
#4419=FILL_AREA_STYLE_COLOUR('',#4459);
#4420=FILL_AREA_STYLE_COLOUR('',#4459);
#4421=FILL_AREA_STYLE_COLOUR('',#4459);
#4422=FILL_AREA_STYLE_COLOUR('',#4459);
#4423=FILL_AREA_STYLE_COLOUR('',#4459);
#4424=FILL_AREA_STYLE_COLOUR('',#4459);
#4425=FILL_AREA_STYLE_COLOUR('',#4459);
#4426=FILL_AREA_STYLE_COLOUR('',#4459);
#4427=FILL_AREA_STYLE_COLOUR('',#4459);
#4428=FILL_AREA_STYLE_COLOUR('',#4459);
#4429=FILL_AREA_STYLE_COLOUR('',#4459);
#4430=FILL_AREA_STYLE_COLOUR('',#4459);
#4431=FILL_AREA_STYLE_COLOUR('',#4459);
#4432=FILL_AREA_STYLE_COLOUR('',#4459);
#4433=FILL_AREA_STYLE_COLOUR('',#4459);
#4434=FILL_AREA_STYLE_COLOUR('',#4459);
#4435=FILL_AREA_STYLE_COLOUR('',#4459);
#4436=FILL_AREA_STYLE_COLOUR('',#4459);
#4437=FILL_AREA_STYLE_COLOUR('',#4459);
#4438=FILL_AREA_STYLE_COLOUR('',#4459);
#4439=FILL_AREA_STYLE_COLOUR('',#4459);
#4440=FILL_AREA_STYLE_COLOUR('',#4459);
#4441=FILL_AREA_STYLE_COLOUR('',#4459);
#4442=FILL_AREA_STYLE_COLOUR('',#4459);
#4443=FILL_AREA_STYLE_COLOUR('',#4459);
#4444=FILL_AREA_STYLE_COLOUR('',#4459);
#4445=FILL_AREA_STYLE_COLOUR('',#4459);
#4446=FILL_AREA_STYLE_COLOUR('',#4459);
#4447=FILL_AREA_STYLE_COLOUR('',#4459);
#4448=FILL_AREA_STYLE_COLOUR('',#4459);
#4449=FILL_AREA_STYLE_COLOUR('',#4459);
#4450=FILL_AREA_STYLE_COLOUR('',#4459);
#4451=FILL_AREA_STYLE_COLOUR('',#4459);
#4452=FILL_AREA_STYLE_COLOUR('',#4459);
#4453=FILL_AREA_STYLE_COLOUR('',#4459);
#4454=FILL_AREA_STYLE_COLOUR('',#4459);
#4455=FILL_AREA_STYLE_COLOUR('',#4459);
#4456=FILL_AREA_STYLE_COLOUR('',#4459);
#4457=FILL_AREA_STYLE_COLOUR('',#4459);
#4458=FILL_AREA_STYLE_COLOUR('',#4461);
#4459=COLOUR_RGB('',0.200000002980232,0.200000002980232,0.200000002980232);
#4460=COLOUR_RGB('',0.5,0.5,0.5);
#4461=COLOUR_RGB('',0.87058824300766,0.633254885673523,0.172549024224281);
#4462=ADVANCED_FACE('',(#3034),#3231,.T.);
#4463=ADVANCED_FACE('',(#3035),#3232,.F.);
#4464=ADVANCED_FACE('',(#3036),#3233,.F.);
#4465=ADVANCED_FACE('',(#3037),#3234,.F.);
#4466=ADVANCED_FACE('',(#3038),#3235,.T.);
#4467=ADVANCED_FACE('',(#3039),#3236,.F.);
#4468=ADVANCED_FACE('',(#3040),#3237,.T.);
#4469=ADVANCED_FACE('',(#3041),#3238,.T.);
#4470=ADVANCED_FACE('',(#3042),#69,.T.);
#4471=ADVANCED_FACE('',(#3043),#3239,.T.);
#4472=ADVANCED_FACE('',(#3044),#3240,.F.);
#4473=ADVANCED_FACE('',(#3045),#3241,.F.);
#4474=ADVANCED_FACE('',(#3046),#70,.T.);
#4475=ADVANCED_FACE('',(#3047),#3242,.F.);
#4476=ADVANCED_FACE('',(#3048),#3243,.T.);
#4477=ADVANCED_FACE('',(#3049),#71,.T.);
#4478=ADVANCED_FACE('',(#3050),#3244,.F.);
#4479=ADVANCED_FACE('',(#3051),#3245,.T.);
#4480=ADVANCED_FACE('',(#3052),#3246,.F.);
#4481=ADVANCED_FACE('',(#3053),#3247,.T.);
#4482=ADVANCED_FACE('',(#3054),#72,.T.);
#4483=ADVANCED_FACE('',(#3055),#68,.T.);
#4484=ADVANCED_FACE('',(#3056,#3057),#73,.T.);
#4485=ADVANCED_FACE('',(#3058,#3059),#66,.F.);
#4486=ADVANCED_FACE('',(#3060,#3061),#67,.F.);
#4487=ADVANCED_FACE('',(#3062),#3248,.T.);
#4488=ADVANCED_FACE('',(#3063),#3249,.F.);
#4489=ADVANCED_FACE('',(#3064),#3250,.F.);
#4490=ADVANCED_FACE('',(#3065),#3251,.F.);
#4491=ADVANCED_FACE('',(#3066),#3252,.F.);
#4492=ADVANCED_FACE('',(#3067),#3253,.F.);
#4493=ADVANCED_FACE('',(#3068),#3254,.F.);
#4494=ADVANCED_FACE('',(#3069),#3255,.F.);
#4495=ADVANCED_FACE('',(#3070),#3256,.T.);
#4496=ADVANCED_FACE('',(#3071),#42,.T.);
#4497=ADVANCED_FACE('',(#3072),#74,.T.);
#4498=ADVANCED_FACE('',(#3073),#3257,.T.);
#4499=ADVANCED_FACE('',(#3074,#3075),#75,.T.);
#4500=ADVANCED_FACE('',(#3076),#3258,.F.);
#4501=ADVANCED_FACE('',(#3077),#3259,.F.);
#4502=ADVANCED_FACE('',(#3078),#3260,.T.);
#4503=ADVANCED_FACE('',(#3079),#43,.T.);
#4504=ADVANCED_FACE('',(#3080),#76,.T.);
#4505=ADVANCED_FACE('',(#3081),#3261,.T.);
#4506=ADVANCED_FACE('',(#3082,#3083),#77,.T.);
#4507=ADVANCED_FACE('',(#3084),#3262,.T.);
#4508=ADVANCED_FACE('',(#3085),#3263,.T.);
#4509=ADVANCED_FACE('',(#3086),#3264,.T.);
#4510=ADVANCED_FACE('',(#3087),#3265,.T.);
#4511=ADVANCED_FACE('',(#3088),#3266,.F.);
#4512=ADVANCED_FACE('',(#3089),#3267,.T.);
#4513=ADVANCED_FACE('',(#3090),#3268,.T.);
#4514=ADVANCED_FACE('',(#3091),#3269,.T.);
#4515=ADVANCED_FACE('',(#3092),#78,.T.);
#4516=ADVANCED_FACE('',(#3093),#79,.T.);
#4517=ADVANCED_FACE('',(#3094),#80,.T.);
#4518=ADVANCED_FACE('',(#3095),#81,.T.);
#4519=ADVANCED_FACE('',(#3096),#3270,.T.);
#4520=ADVANCED_FACE('',(#3097),#3271,.F.);
#4521=ADVANCED_FACE('',(#3098),#3272,.T.);
#4522=ADVANCED_FACE('',(#3099),#3273,.F.);
#4523=ADVANCED_FACE('',(#3100),#3274,.F.);
#4524=ADVANCED_FACE('',(#3101),#3275,.F.);
#4525=ADVANCED_FACE('',(#3102),#3276,.F.);
#4526=ADVANCED_FACE('',(#3103),#3277,.T.);
#4527=ADVANCED_FACE('',(#3104),#3278,.T.);
#4528=ADVANCED_FACE('',(#3105),#3279,.T.);
#4529=ADVANCED_FACE('',(#3106),#3280,.T.);
#4530=ADVANCED_FACE('',(#3107),#3281,.T.);
#4531=ADVANCED_FACE('',(#3108),#3282,.T.);
#4532=ADVANCED_FACE('',(#3109),#3283,.T.);
#4533=ADVANCED_FACE('',(#3110),#3284,.T.);
#4534=ADVANCED_FACE('',(#3111),#3285,.T.);
#4535=ADVANCED_FACE('',(#3112),#3286,.T.);
#4536=ADVANCED_FACE('',(#3113),#3287,.T.);
#4537=ADVANCED_FACE('',(#3114),#3288,.T.);
#4538=ADVANCED_FACE('',(#3115),#3289,.T.);
#4539=ADVANCED_FACE('',(#3116),#3290,.T.);
#4540=ADVANCED_FACE('',(#3117),#3291,.T.);
#4541=ADVANCED_FACE('',(#3118),#3292,.T.);
#4542=ADVANCED_FACE('',(#3119),#3293,.T.);
#4543=ADVANCED_FACE('',(#3120),#3294,.T.);
#4544=ADVANCED_FACE('',(#3121),#3295,.T.);
#4545=ADVANCED_FACE('',(#3122),#3296,.F.);
#4546=ADVANCED_FACE('',(#3123),#3297,.F.);
#4547=ADVANCED_FACE('',(#3124),#82,.F.);
#4548=ADVANCED_FACE('',(#3125),#83,.F.);
#4549=ADVANCED_FACE('',(#3126),#84,.F.);
#4550=ADVANCED_FACE('',(#3127),#85,.F.);
#4551=ADVANCED_FACE('',(#3128),#3298,.F.);
#4552=ADVANCED_FACE('',(#3129),#3299,.F.);
#4553=ADVANCED_FACE('',(#3130),#3300,.F.);
#4554=ADVANCED_FACE('',(#3131),#3301,.T.);
#4555=ADVANCED_FACE('',(#3132),#3302,.F.);
#4556=ADVANCED_FACE('',(#3133),#3303,.F.);
#4557=ADVANCED_FACE('',(#3134),#3304,.F.);
#4558=ADVANCED_FACE('',(#3135),#3305,.F.);
#4559=ADVANCED_FACE('',(#3136),#3306,.F.);
#4560=ADVANCED_FACE('',(#3137),#3307,.F.);
#4561=ADVANCED_FACE('',(#3138),#3308,.F.);
#4562=ADVANCED_FACE('',(#3139),#3309,.F.);
#4563=ADVANCED_FACE('',(#3140),#3310,.F.);
#4564=ADVANCED_FACE('',(#3141),#3311,.F.);
#4565=ADVANCED_FACE('',(#3142),#3312,.F.);
#4566=ADVANCED_FACE('',(#3143),#3313,.F.);
#4567=ADVANCED_FACE('',(#3144),#3314,.F.);
#4568=ADVANCED_FACE('',(#3145),#3315,.F.);
#4569=ADVANCED_FACE('',(#3146),#3316,.F.);
#4570=ADVANCED_FACE('',(#3147),#3317,.F.);
#4571=ADVANCED_FACE('',(#3148),#3318,.F.);
#4572=ADVANCED_FACE('',(#3149),#3319,.T.);
#4573=ADVANCED_FACE('',(#3150),#3320,.F.);
#4574=ADVANCED_FACE('',(#3151),#3321,.F.);
#4575=ADVANCED_FACE('',(#3152),#3322,.F.);
#4576=ADVANCED_FACE('',(#3153),#3323,.T.);
#4577=ADVANCED_FACE('',(#3154),#3324,.T.);
#4578=ADVANCED_FACE('',(#3155),#3325,.T.);
#4579=ADVANCED_FACE('',(#3156),#3326,.F.);
#4580=ADVANCED_FACE('',(#3157),#3327,.F.);
#4581=ADVANCED_FACE('',(#3158),#86,.F.);
#4582=ADVANCED_FACE('',(#3159),#3328,.F.);
#4583=ADVANCED_FACE('',(#3160),#3329,.F.);
#4584=ADVANCED_FACE('',(#3161),#3330,.F.);
#4585=ADVANCED_FACE('',(#3162),#3331,.F.);
#4586=ADVANCED_FACE('',(#3163),#3332,.F.);
#4587=ADVANCED_FACE('',(#3164),#3333,.F.);
#4588=ADVANCED_FACE('',(#3165),#3334,.F.);
#4589=ADVANCED_FACE('',(#3166),#3335,.F.);
#4590=ADVANCED_FACE('',(#3167),#3336,.F.);
#4591=ADVANCED_FACE('',(#3168),#3337,.T.);
#4592=ADVANCED_FACE('',(#3169),#3338,.F.);
#4593=ADVANCED_FACE('',(#3170),#3339,.F.);
#4594=ADVANCED_FACE('',(#3171),#3340,.F.);
#4595=ADVANCED_FACE('',(#3172),#3341,.F.);
#4596=ADVANCED_FACE('',(#3173),#3342,.F.);
#4597=ADVANCED_FACE('',(#3174,#3175,#3176),#87,.F.);
#4598=ADVANCED_FACE('',(#3177),#88,.T.);
#4599=ADVANCED_FACE('',(#3178),#89,.T.);
#4600=ADVANCED_FACE('',(#3179),#3343,.F.);
#4601=ADVANCED_FACE('',(#3180),#3344,.F.);
#4602=ADVANCED_FACE('',(#3181),#3345,.T.);
#4603=ADVANCED_FACE('',(#3182),#44,.T.);
#4604=ADVANCED_FACE('',(#3183),#3346,.T.);
#4605=ADVANCED_FACE('',(#3184),#3347,.F.);
#4606=ADVANCED_FACE('',(#3185),#3348,.F.);
#4607=ADVANCED_FACE('',(#3186),#3349,.T.);
#4608=ADVANCED_FACE('',(#3187),#45,.T.);
#4609=ADVANCED_FACE('',(#3188),#3350,.T.);
#4610=ADVANCED_FACE('',(#3189,#3190,#3191,#3192,#3193),#3351,.F.);
#4611=ADVANCED_FACE('',(#3194),#3352,.F.);
#4612=ADVANCED_FACE('',(#3195),#3353,.F.);
#4613=ADVANCED_FACE('',(#3196),#3354,.F.);
#4614=ADVANCED_FACE('',(#3197),#3355,.F.);
#4615=ADVANCED_FACE('',(#3198),#90,.T.);
#4616=ADVANCED_FACE('',(#3199),#91,.F.);
#4617=ADVANCED_FACE('',(#3200),#3356,.F.);
#4618=ADVANCED_FACE('',(#3201),#3357,.F.);
#4619=ADVANCED_FACE('',(#3202),#3358,.F.);
#4620=ADVANCED_FACE('',(#3203),#3359,.F.);
#4621=ADVANCED_FACE('',(#3204),#3360,.F.);
#4622=ADVANCED_FACE('',(#3205),#3361,.F.);
#4623=ADVANCED_FACE('',(#3206),#92,.T.);
#4624=ADVANCED_FACE('',(#3207),#3362,.F.);
#4625=ADVANCED_FACE('',(#3208),#93,.F.);
#4626=ADVANCED_FACE('',(#3209),#3363,.F.);
#4627=ADVANCED_FACE('',(#3210),#3364,.F.);
#4628=ADVANCED_FACE('',(#3211),#3365,.F.);
#4629=ADVANCED_FACE('',(#3212),#3366,.F.);
#4630=ADVANCED_FACE('',(#3213,#3214),#3367,.T.);
#4631=ADVANCED_FACE('',(#3215),#3368,.T.);
#4632=ADVANCED_FACE('',(#3216),#3369,.T.);
#4633=ADVANCED_FACE('',(#3217),#3370,.T.);
#4634=ADVANCED_FACE('',(#3218),#3371,.T.);
#4635=ADVANCED_FACE('',(#3219),#3372,.T.);
#4636=ADVANCED_FACE('',(#3220),#3373,.F.);
#4637=ADVANCED_FACE('',(#3221),#3374,.F.);
#4638=ADVANCED_FACE('',(#3222),#3375,.F.);
#4639=ADVANCED_FACE('',(#3223),#3376,.F.);
#4640=ADVANCED_FACE('',(#3224),#3377,.F.);
#4641=ADVANCED_FACE('',(#3225),#3378,.F.);
#4642=ADVANCED_FACE('',(#3226),#3379,.T.);
#4643=ADVANCED_FACE('',(#3227,#3228),#3380,.F.);
#4644=ADVANCED_FACE('',(#3229),#94,.T.);
#4645=ADVANCED_FACE('',(#3230),#95,.F.);
#4646=CLOSED_SHELL('',(#4462,#4463,#4464,#4465,#4466,#4467,#4468,#4469,
#4470,#4471,#4472,#4473,#4474,#4475,#4476,#4477,#4478,#4479,#4480,#4481,
#4482,#4483,#4484,#4485,#4486,#4487,#4488,#4489,#4490,#4491,#4492,#4493,
#4494,#4495,#4496,#4497,#4498,#4499,#4500,#4501,#4502,#4503,#4504,#4505,
#4506,#4507,#4508,#4509,#4510,#4511,#4512,#4513,#4514,#4515,#4516,#4517,
#4518,#4519,#4520,#4521,#4522,#4523,#4524,#4525,#4526,#4527,#4528,#4529,
#4530,#4531,#4532,#4533,#4534,#4535,#4536,#4537,#4538,#4539,#4540,#4541,
#4542,#4543,#4544,#4545,#4546,#4547,#4548,#4549,#4550,#4551,#4552,#4553,
#4554,#4555,#4556,#4557,#4558,#4559,#4560,#4561,#4562,#4563,#4564,#4565,
#4566,#4567,#4568,#4569,#4570,#4571,#4572,#4573,#4574,#4575,#4576,#4577,
#4578,#4579,#4580,#4581,#4582,#4583,#4584,#4585,#4586,#4587,#4588,#4589,
#4590,#4591,#4592,#4593,#4594,#4595,#4596,#4597,#4598,#4599,#4600,#4601,
#4602,#4603,#4604,#4605,#4606,#4607,#4608,#4609,#4610,#4611,#4612,#4613,
#4614));
#4647=CLOSED_SHELL('',(#4615,#4616,#4617,#4618,#4619,#4620,#4621,#4622,
#4623,#4624,#4625,#4626,#4627,#4628,#4629,#4630,#4631,#4632,#4633,#4634,
#4635,#4636,#4637,#4638,#4639,#4640,#4641,#4642,#4643,#4644,#4645));
#4648=MANIFOLD_SOLID_BREP('F1043_rev.A-1-solid1',#4646);
#4649=MANIFOLD_SOLID_BREP('Revolve3',#4647);
#4650=SHAPE_DEFINITION_REPRESENTATION(#7015,#4653);
#4651=SHAPE_DEFINITION_REPRESENTATION(#7014,#4654);
#4652=SHAPE_DEFINITION_REPRESENTATION(#7017,#4655);
#4653=SHAPE_REPRESENTATION('1043P_body',(#4656),#7006);
#4654=SHAPE_REPRESENTATION('KEYST_1042',(#4656,#4872,#4916,#4917),#7005);
#4655=SHAPE_REPRESENTATION('1042P_pin_type2',(#4656),#7007);
#4656=AXIS2_PLACEMENT_3D('',#5847,#4918,#4919);
#4657=AXIS2_PLACEMENT_3D('',#5848,#4920,#4921);
#4658=AXIS2_PLACEMENT_3D('',#5857,#4926,#4927);
#4659=AXIS2_PLACEMENT_3D('',#5866,#4932,#4933);
#4660=AXIS2_PLACEMENT_3D('',#5875,#4938,#4939);
#4661=AXIS2_PLACEMENT_3D('',#5894,#4950,#4951);
#4662=AXIS2_PLACEMENT_3D('',#5916,#4963,#4964);
#4663=AXIS2_PLACEMENT_3D('',#5917,#4965,#4966);
#4664=AXIS2_PLACEMENT_3D('',#5922,#4968,#4969);
#4665=AXIS2_PLACEMENT_3D('',#5925,#4971,#4972);
#4666=AXIS2_PLACEMENT_3D('',#5926,#4973,#4974);
#4667=AXIS2_PLACEMENT_3D('',#5931,#4976,#4977);
#4668=AXIS2_PLACEMENT_3D('',#5934,#4979,#4980);
#4669=AXIS2_PLACEMENT_3D('',#5937,#4983,#4984);
#4670=AXIS2_PLACEMENT_3D('',#5939,#4986,#4987);
#4671=AXIS2_PLACEMENT_3D('',#5940,#4988,#4989);
#4672=AXIS2_PLACEMENT_3D('',#5945,#4991,#4992);
#4673=AXIS2_PLACEMENT_3D('',#5948,#4994,#4995);
#4674=AXIS2_PLACEMENT_3D('',#5949,#4996,#4997);
#4675=AXIS2_PLACEMENT_3D('',#5954,#4999,#5000);
#4676=AXIS2_PLACEMENT_3D('',#5957,#5002,#5003);
#4677=AXIS2_PLACEMENT_3D('',#5960,#5006,#5007);
#4678=AXIS2_PLACEMENT_3D('',#5962,#5009,#5010);
#4679=AXIS2_PLACEMENT_3D('',#5963,#5011,#5012);
#4680=AXIS2_PLACEMENT_3D('',#5968,#5014,#5015);
#4681=AXIS2_PLACEMENT_3D('',#5971,#5017,#5018);
#4682=AXIS2_PLACEMENT_3D('',#5972,#5019,#5020);
#4683=AXIS2_PLACEMENT_3D('',#5977,#5022,#5023);
#4684=AXIS2_PLACEMENT_3D('',#5980,#5025,#5026);
#4685=AXIS2_PLACEMENT_3D('',#5983,#5029,#5030);
#4686=AXIS2_PLACEMENT_3D('',#5985,#5032,#5033);
#4687=AXIS2_PLACEMENT_3D('',#5986,#5034,#5035);
#4688=AXIS2_PLACEMENT_3D('',#5991,#5037,#5038);
#4689=AXIS2_PLACEMENT_3D('',#5994,#5040,#5041);
#4690=AXIS2_PLACEMENT_3D('',#5995,#5042,#5043);
#4691=AXIS2_PLACEMENT_3D('',#6000,#5045,#5046);
#4692=AXIS2_PLACEMENT_3D('',#6003,#5048,#5049);
#4693=AXIS2_PLACEMENT_3D('',#6006,#5052,#5053);
#4694=AXIS2_PLACEMENT_3D('',#6008,#5055,#5056);
#4695=AXIS2_PLACEMENT_3D('',#6009,#5057,#5058);
#4696=AXIS2_PLACEMENT_3D('',#6011,#5059,#5060);
#4697=AXIS2_PLACEMENT_3D('',#6012,#5061,#5062);
#4698=AXIS2_PLACEMENT_3D('',#6014,#5063,#5064);
#4699=AXIS2_PLACEMENT_3D('',#6015,#5065,#5066);
#4700=AXIS2_PLACEMENT_3D('',#6017,#5067,#5068);
#4701=AXIS2_PLACEMENT_3D('',#6019,#5069,#5070);
#4702=AXIS2_PLACEMENT_3D('',#6020,#5071,#5072);
#4703=AXIS2_PLACEMENT_3D('',#6022,#5073,#5074);
#4704=AXIS2_PLACEMENT_3D('',#6024,#5075,#5076);
#4705=AXIS2_PLACEMENT_3D('',#6028,#5078,#5079);
#4706=AXIS2_PLACEMENT_3D('',#6032,#5081,#5082);
#4707=AXIS2_PLACEMENT_3D('',#6033,#5083,#5084);
#4708=AXIS2_PLACEMENT_3D('',#6059,#5092,#5093);
#4709=AXIS2_PLACEMENT_3D('',#6085,#5101,#5102);
#4710=AXIS2_PLACEMENT_3D('',#6086,#5103,#5104);
#4711=AXIS2_PLACEMENT_3D('',#6091,#5106,#5107);
#4712=AXIS2_PLACEMENT_3D('',#6094,#5109,#5110);
#4713=AXIS2_PLACEMENT_3D('',#6119,#5118,#5119);
#4714=AXIS2_PLACEMENT_3D('',#6144,#5127,#5128);
#4715=AXIS2_PLACEMENT_3D('',#6154,#5131,#5132);
#4716=AXIS2_PLACEMENT_3D('',#6164,#5135,#5136);
#4717=AXIS2_PLACEMENT_3D('',#6165,#5137,#5138);
#4718=AXIS2_PLACEMENT_3D('',#6166,#5139,#5140);
#4719=AXIS2_PLACEMENT_3D('',#6167,#5141,#5142);
#4720=AXIS2_PLACEMENT_3D('',#6168,#5143,#5144);
#4721=AXIS2_PLACEMENT_3D('',#6169,#5145,#5146);
#4722=AXIS2_PLACEMENT_3D('',#6170,#5147,#5148);
#4723=AXIS2_PLACEMENT_3D('',#6171,#5149,#5150);
#4724=AXIS2_PLACEMENT_3D('',#6172,#5151,#5152);
#4725=AXIS2_PLACEMENT_3D('',#6173,#5153,#5154);
#4726=AXIS2_PLACEMENT_3D('',#6174,#5155,#5156);
#4727=AXIS2_PLACEMENT_3D('',#6184,#5159,#5160);
#4728=AXIS2_PLACEMENT_3D('',#6194,#5163,#5164);
#4729=AXIS2_PLACEMENT_3D('',#6195,#5165,#5166);
#4730=AXIS2_PLACEMENT_3D('',#6196,#5167,#5168);
#4731=AXIS2_PLACEMENT_3D('',#6197,#5169,#5170);
#4732=AXIS2_PLACEMENT_3D('',#6198,#5171,#5172);
#4733=AXIS2_PLACEMENT_3D('',#6199,#5173,#5174);
#4734=AXIS2_PLACEMENT_3D('',#6200,#5175,#5176);
#4735=AXIS2_PLACEMENT_3D('',#6201,#5177,#5178);
#4736=AXIS2_PLACEMENT_3D('',#6202,#5179,#5180);
#4737=AXIS2_PLACEMENT_3D('',#6203,#5181,#5182);
#4738=AXIS2_PLACEMENT_3D('',#6204,#5183,#5184);
#4739=AXIS2_PLACEMENT_3D('',#6213,#5189,#5190);
#4740=AXIS2_PLACEMENT_3D('',#6223,#5196,#5197);
#4741=AXIS2_PLACEMENT_3D('',#6227,#5200,#5201);
#4742=AXIS2_PLACEMENT_3D('',#6231,#5204,#5205);
#4743=AXIS2_PLACEMENT_3D('',#6240,#5210,#5211);
#4744=AXIS2_PLACEMENT_3D('',#6250,#5217,#5218);
#4745=AXIS2_PLACEMENT_3D('',#6254,#5221,#5222);
#4746=AXIS2_PLACEMENT_3D('',#6258,#5225,#5226);
#4747=AXIS2_PLACEMENT_3D('',#6267,#5228,#5229);
#4748=AXIS2_PLACEMENT_3D('',#6270,#5231,#5232);
#4749=AXIS2_PLACEMENT_3D('',#6271,#5233,#5234);
#4750=AXIS2_PLACEMENT_3D('',#6282,#5237,#5238);
#4751=AXIS2_PLACEMENT_3D('',#6283,#5239,#5240);
#4752=AXIS2_PLACEMENT_3D('',#6294,#5243,#5244);
#4753=AXIS2_PLACEMENT_3D('',#6303,#5246,#5247);
#4754=AXIS2_PLACEMENT_3D('',#6306,#5249,#5250);
#4755=AXIS2_PLACEMENT_3D('',#6314,#5255,#5256);
#4756=AXIS2_PLACEMENT_3D('',#6322,#5261,#5262);
#4757=AXIS2_PLACEMENT_3D('',#6330,#5267,#5268);
#4758=AXIS2_PLACEMENT_3D('',#6338,#5273,#5274);
#4759=AXIS2_PLACEMENT_3D('',#6344,#5278,#5279);
#4760=AXIS2_PLACEMENT_3D('',#6350,#5283,#5284);
#4761=AXIS2_PLACEMENT_3D('',#6359,#5289,#5290);
#4762=AXIS2_PLACEMENT_3D('',#6365,#5294,#5295);
#4763=AXIS2_PLACEMENT_3D('',#6366,#5296,#5297);
#4764=AXIS2_PLACEMENT_3D('',#6369,#5299,#5300);
#4765=AXIS2_PLACEMENT_3D('',#6373,#5303,#5304);
#4766=AXIS2_PLACEMENT_3D('',#6374,#5305,#5306);
#4767=AXIS2_PLACEMENT_3D('',#6375,#5307,#5308);
#4768=AXIS2_PLACEMENT_3D('',#6400,#5321,#5322);
#4769=AXIS2_PLACEMENT_3D('',#6401,#5323,#5324);
#4770=AXIS2_PLACEMENT_3D('',#6406,#5327,#5328);
#4771=AXIS2_PLACEMENT_3D('',#6410,#5331,#5332);
#4772=AXIS2_PLACEMENT_3D('',#6411,#5333,#5334);
#4773=AXIS2_PLACEMENT_3D('',#6414,#5336,#5337);
#4774=AXIS2_PLACEMENT_3D('',#6418,#5340,#5341);
#4775=AXIS2_PLACEMENT_3D('',#6419,#5342,#5343);
#4776=AXIS2_PLACEMENT_3D('',#6422,#5345,#5346);
#4777=AXIS2_PLACEMENT_3D('',#6426,#5349,#5350);
#4778=AXIS2_PLACEMENT_3D('',#6427,#5351,#5352);
#4779=AXIS2_PLACEMENT_3D('',#6430,#5354,#5355);
#4780=AXIS2_PLACEMENT_3D('',#6434,#5358,#5359);
#4781=AXIS2_PLACEMENT_3D('',#6435,#5360,#5361);
#4782=AXIS2_PLACEMENT_3D('',#6438,#5363,#5364);
#4783=AXIS2_PLACEMENT_3D('',#6442,#5367,#5368);
#4784=AXIS2_PLACEMENT_3D('',#6443,#5369,#5370);
#4785=AXIS2_PLACEMENT_3D('',#6446,#5372,#5373);
#4786=AXIS2_PLACEMENT_3D('',#6448,#5375,#5376);
#4787=AXIS2_PLACEMENT_3D('',#6457,#5381,#5382);
#4788=AXIS2_PLACEMENT_3D('',#6466,#5387,#5388);
#4789=AXIS2_PLACEMENT_3D('',#6475,#5393,#5394);
#4790=AXIS2_PLACEMENT_3D('',#6484,#5399,#5400);
#4791=AXIS2_PLACEMENT_3D('',#6508,#5403,#5404);
#4792=AXIS2_PLACEMENT_3D('',#6509,#5405,#5406);
#4793=AXIS2_PLACEMENT_3D('',#6529,#5408,#5409);
#4794=AXIS2_PLACEMENT_3D('',#6532,#5411,#5412);
#4795=AXIS2_PLACEMENT_3D('',#6549,#5414,#5415);
#4796=AXIS2_PLACEMENT_3D('',#6557,#5417,#5418);
#4797=AXIS2_PLACEMENT_3D('',#6558,#5419,#5420);
#4798=AXIS2_PLACEMENT_3D('',#6580,#5423,#5424);
#4799=AXIS2_PLACEMENT_3D('',#6586,#5428,#5429);
#4800=AXIS2_PLACEMENT_3D('',#6592,#5433,#5434);
#4801=AXIS2_PLACEMENT_3D('',#6598,#5438,#5439);
#4802=AXIS2_PLACEMENT_3D('',#6604,#5443,#5444);
#4803=AXIS2_PLACEMENT_3D('',#6609,#5448,#5449);
#4804=AXIS2_PLACEMENT_3D('',#6612,#5452,#5453);
#4805=AXIS2_PLACEMENT_3D('',#6617,#5457,#5458);
#4806=AXIS2_PLACEMENT_3D('',#6621,#5461,#5462);
#4807=AXIS2_PLACEMENT_3D('',#6626,#5466,#5467);
#4808=AXIS2_PLACEMENT_3D('',#6631,#5471,#5472);
#4809=AXIS2_PLACEMENT_3D('',#6633,#5474,#5475);
#4810=AXIS2_PLACEMENT_3D('',#6635,#5477,#5478);
#4811=AXIS2_PLACEMENT_3D('',#6638,#5481,#5482);
#4812=AXIS2_PLACEMENT_3D('',#6640,#5484,#5485);
#4813=AXIS2_PLACEMENT_3D('',#6644,#5488,#5489);
#4814=AXIS2_PLACEMENT_3D('',#6647,#5492,#5493);
#4815=AXIS2_PLACEMENT_3D('',#6650,#5496,#5497);
#4816=AXIS2_PLACEMENT_3D('',#6659,#5502,#5503);
#4817=AXIS2_PLACEMENT_3D('',#6665,#5507,#5508);
#4818=AXIS2_PLACEMENT_3D('',#6669,#5511,#5512);
#4819=AXIS2_PLACEMENT_3D('',#6673,#5515,#5516);
#4820=AXIS2_PLACEMENT_3D('',#6682,#5521,#5522);
#4821=AXIS2_PLACEMENT_3D('',#6688,#5526,#5527);
#4822=AXIS2_PLACEMENT_3D('',#6692,#5530,#5531);
#4823=AXIS2_PLACEMENT_3D('',#6696,#5534,#5535);
#4824=AXIS2_PLACEMENT_3D('',#6701,#5539,#5540);
#4825=AXIS2_PLACEMENT_3D('',#6705,#5543,#5544);
#4826=AXIS2_PLACEMENT_3D('',#6708,#5547,#5548);
#4827=AXIS2_PLACEMENT_3D('',#6709,#5549,#5550);
#4828=AXIS2_PLACEMENT_3D('',#6711,#5552,#5553);
#4829=AXIS2_PLACEMENT_3D('',#6712,#5554,#5555);
#4830=AXIS2_PLACEMENT_3D('',#6715,#5558,#5559);
#4831=AXIS2_PLACEMENT_3D('',#6716,#5560,#5561);
#4832=AXIS2_PLACEMENT_3D('',#6720,#5565,#5566);
#4833=AXIS2_PLACEMENT_3D('',#6722,#5568,#5569);
#4834=AXIS2_PLACEMENT_3D('',#6727,#5573,#5574);
#4835=AXIS2_PLACEMENT_3D('',#6729,#5576,#5577);
#4836=AXIS2_PLACEMENT_3D('',#6734,#5581,#5582);
#4837=AXIS2_PLACEMENT_3D('',#6739,#5587,#5588);
#4838=AXIS2_PLACEMENT_3D('',#6745,#5594,#5595);
#4839=AXIS2_PLACEMENT_3D('',#6747,#5597,#5598);
#4840=AXIS2_PLACEMENT_3D('',#6750,#5601,#5602);
#4841=AXIS2_PLACEMENT_3D('',#6751,#5603,#5604);
#4842=AXIS2_PLACEMENT_3D('',#6755,#5608,#5609);
#4843=AXIS2_PLACEMENT_3D('',#6756,#5610,#5611);
#4844=AXIS2_PLACEMENT_3D('',#6757,#5612,#5613);
#4845=AXIS2_PLACEMENT_3D('',#6759,#5615,#5616);
#4846=AXIS2_PLACEMENT_3D('',#6761,#5618,#5619);
#4847=AXIS2_PLACEMENT_3D('',#6762,#5620,#5621);
#4848=AXIS2_PLACEMENT_3D('',#6763,#5622,#5623);
#4849=AXIS2_PLACEMENT_3D('',#6766,#5626,#5627);
#4850=AXIS2_PLACEMENT_3D('',#6770,#5629,#5630);
#4851=AXIS2_PLACEMENT_3D('',#6774,#5632,#5633);
#4852=AXIS2_PLACEMENT_3D('',#6775,#5634,#5635);
#4853=AXIS2_PLACEMENT_3D('',#6779,#5637,#5638);
#4854=AXIS2_PLACEMENT_3D('',#6783,#5640,#5641);
#4855=AXIS2_PLACEMENT_3D('',#6784,#5642,#5643);
#4856=AXIS2_PLACEMENT_3D('',#6791,#5645,#5646);
#4857=AXIS2_PLACEMENT_3D('',#6798,#5648,#5649);
#4858=AXIS2_PLACEMENT_3D('',#6799,#5650,#5651);
#4859=AXIS2_PLACEMENT_3D('',#6800,#5652,#5653);
#4860=AXIS2_PLACEMENT_3D('',#6801,#5654,#5655);
#4861=AXIS2_PLACEMENT_3D('',#6802,#5656,#5657);
#4862=AXIS2_PLACEMENT_3D('',#6809,#5659,#5660);
#4863=AXIS2_PLACEMENT_3D('',#6816,#5662,#5663);
#4864=AXIS2_PLACEMENT_3D('',#6817,#5664,#5665);
#4865=AXIS2_PLACEMENT_3D('',#6818,#5666,#5667);
#4866=AXIS2_PLACEMENT_3D('',#6819,#5668,#5669);
#4867=AXIS2_PLACEMENT_3D('',#6820,#5670,#5671);
#4868=AXIS2_PLACEMENT_3D('',#6821,#5672,#5673);
#4869=AXIS2_PLACEMENT_3D('',#6822,#5674,#5675);
#4870=AXIS2_PLACEMENT_3D('',#6823,#5676,#5677);
#4871=AXIS2_PLACEMENT_3D('',#6824,#5678,#5679);
#4872=AXIS2_PLACEMENT_3D('',#6825,#5680,#5681);
#4873=AXIS2_PLACEMENT_3D('',#6826,#5682,#5683);
#4874=AXIS2_PLACEMENT_3D('',#6830,#5685,#5686);
#4875=AXIS2_PLACEMENT_3D('',#6834,#5688,#5689);
#4876=AXIS2_PLACEMENT_3D('',#6835,#5690,#5691);
#4877=AXIS2_PLACEMENT_3D('',#6836,#5692,#5693);
#4878=AXIS2_PLACEMENT_3D('',#6841,#5695,#5696);
#4879=AXIS2_PLACEMENT_3D('',#6844,#5698,#5699);
#4880=AXIS2_PLACEMENT_3D('',#6853,#5704,#5705);
#4881=AXIS2_PLACEMENT_3D('',#6862,#5710,#5711);
#4882=AXIS2_PLACEMENT_3D('',#6871,#5716,#5717);
#4883=AXIS2_PLACEMENT_3D('',#6877,#5721,#5722);
#4884=AXIS2_PLACEMENT_3D('',#6883,#5726,#5727);
#4885=AXIS2_PLACEMENT_3D('',#6892,#5732,#5733);
#4886=AXIS2_PLACEMENT_3D('',#6893,#5734,#5735);
#4887=AXIS2_PLACEMENT_3D('',#6895,#5736,#5737);
#4888=AXIS2_PLACEMENT_3D('',#6898,#5739,#5740);
#4889=AXIS2_PLACEMENT_3D('',#6904,#5744,#5745);
#4890=AXIS2_PLACEMENT_3D('',#6905,#5746,#5747);
#4891=AXIS2_PLACEMENT_3D('',#6909,#5749,#5750);
#4892=AXIS2_PLACEMENT_3D('',#6910,#5751,#5752);
#4893=AXIS2_PLACEMENT_3D('',#6919,#5757,#5758);
#4894=AXIS2_PLACEMENT_3D('',#6925,#5762,#5763);
#4895=AXIS2_PLACEMENT_3D('',#6931,#5767,#5768);
#4896=AXIS2_PLACEMENT_3D('',#6934,#5771,#5772);
#4897=AXIS2_PLACEMENT_3D('',#6948,#5780,#5781);
#4898=AXIS2_PLACEMENT_3D('',#6954,#5785,#5786);
#4899=AXIS2_PLACEMENT_3D('',#6958,#5789,#5790);
#4900=AXIS2_PLACEMENT_3D('',#6962,#5793,#5794);
#4901=AXIS2_PLACEMENT_3D('',#6968,#5798,#5799);
#4902=AXIS2_PLACEMENT_3D('',#6970,#5801,#5802);
#4903=AXIS2_PLACEMENT_3D('',#6978,#5808,#5809);
#4904=AXIS2_PLACEMENT_3D('',#6981,#5811,#5812);
#4905=AXIS2_PLACEMENT_3D('',#6982,#5813,#5814);
#4906=AXIS2_PLACEMENT_3D('',#6984,#5816,#5817);
#4907=AXIS2_PLACEMENT_3D('',#6989,#5821,#5822);
#4908=AXIS2_PLACEMENT_3D('',#6992,#5825,#5826);
#4909=AXIS2_PLACEMENT_3D('',#6994,#5828,#5829);
#4910=AXIS2_PLACEMENT_3D('',#6996,#5831,#5832);
#4911=AXIS2_PLACEMENT_3D('',#6997,#5833,#5834);
#4912=AXIS2_PLACEMENT_3D('',#6998,#5835,#5836);
#4913=AXIS2_PLACEMENT_3D('',#6999,#5837,#5838);
#4914=AXIS2_PLACEMENT_3D('',#7000,#5839,#5840);
#4915=AXIS2_PLACEMENT_3D('',#7001,#5841,#5842);
#4916=AXIS2_PLACEMENT_3D('',#7002,#5843,#5844);
#4917=AXIS2_PLACEMENT_3D('',#7003,#5845,#5846);
#4918=DIRECTION('',(0.,0.,1.));
#4919=DIRECTION('',(1.,0.,0.));
#4920=DIRECTION('',(-1.,-2.77555756156289E-17,0.));
#4921=DIRECTION('',(2.77555756156289E-17,-1.,0.));
#4922=DIRECTION('',(-2.77555756156289E-17,1.,0.));
#4923=DIRECTION('',(0.,0.,1.));
#4924=DIRECTION('',(-2.77555756156289E-17,1.,0.));
#4925=DIRECTION('',(0.,0.,1.));
#4926=DIRECTION('',(-1.,-2.77555756156289E-17,0.));
#4927=DIRECTION('',(2.77555756156289E-17,-1.,0.));
#4928=DIRECTION('',(0.,0.,1.));
#4929=DIRECTION('',(2.77555756156289E-17,-1.,0.));
#4930=DIRECTION('',(0.,0.,1.));
#4931=DIRECTION('',(2.77555756156289E-17,-1.,0.));
#4932=DIRECTION('',(1.,2.77555756156289E-17,0.));
#4933=DIRECTION('',(-2.77555756156289E-17,1.,0.));
#4934=DIRECTION('',(-2.77555756156289E-17,1.,0.));
#4935=DIRECTION('',(0.,0.,1.));
#4936=DIRECTION('',(-2.77555756156289E-17,1.,0.));
#4937=DIRECTION('',(0.,0.,1.));
#4938=DIRECTION('',(0.,0.,-1.));
#4939=DIRECTION('',(1.,2.77555756156289E-17,0.));
#4940=DIRECTION('',(1.,-7.39945615715909E-15,0.));
#4941=DIRECTION('',(-1.,-2.77555756156289E-17,0.));
#4942=DIRECTION('',(-1.36314843927054E-14,-1.,0.));
#4943=DIRECTION('',(-1.,6.26268388347975E-15,0.));
#4944=DIRECTION('',(2.77555756156289E-17,-1.,0.));
#4945=DIRECTION('',(1.,6.31819503471101E-15,0.));
#4946=DIRECTION('',(1.36869955439367E-14,-1.,0.));
#4947=DIRECTION('',(1.,2.77555756156289E-17,0.));
#4948=DIRECTION('',(-1.,-3.69236574823662E-16,0.));
#4949=DIRECTION('',(1.84898757139181E-15,-1.,0.));
#4950=DIRECTION('',(0.,0.,1.));
#4951=DIRECTION('',(-1.,-2.77555756156289E-17,0.));
#4952=DIRECTION('',(1.79347642016055E-15,1.,0.));
#4953=DIRECTION('',(1.,-7.74093715636712E-15,0.));
#4954=DIRECTION('',(2.77555756156289E-17,-1.,0.));
#4955=DIRECTION('',(1.,2.77555756156289E-17,0.));
#4956=DIRECTION('',(-2.77555756156289E-17,1.,0.));
#4957=DIRECTION('',(1.,-6.26268388347975E-15,0.));
#4958=DIRECTION('',(2.77555756156289E-17,-1.,0.));
#4959=DIRECTION('',(-1.,-6.31819503471101E-15,0.));
#4960=DIRECTION('',(-1.36869955439367E-14,1.,0.));
#4961=DIRECTION('',(-1.,-2.77555756156289E-17,0.));
#4962=DIRECTION('',(-1.,-7.45496730839034E-15,0.));
#4963=DIRECTION('',(-1.,-2.77555756156289E-17,0.));
#4964=DIRECTION('',(-2.77555756156289E-17,1.,0.));
#4965=DIRECTION('',(-1.,-2.77555756156289E-17,0.));
#4966=DIRECTION('',(-2.77555756156289E-17,1.,0.));
#4967=DIRECTION('',(2.58470676438322E-17,-0.931238753675062,0.364409637158126));
#4968=DIRECTION('',(1.,2.77555756156289E-17,0.));
#4969=DIRECTION('',(2.77555756156289E-17,-1.,0.));
#4970=DIRECTION('',(-2.77555756156289E-17,1.,0.));
#4971=DIRECTION('',(-1.,-2.77555756156289E-17,0.));
#4972=DIRECTION('',(-2.77555756156289E-17,1.,0.));
#4973=DIRECTION('',(-1.,-2.77555756156289E-17,0.));
#4974=DIRECTION('',(-2.77555756156289E-17,1.,0.));
#4975=DIRECTION('',(-2.77555756156289E-17,1.,0.));
#4976=DIRECTION('',(1.,2.77555756156289E-17,0.));
#4977=DIRECTION('',(2.77555756156289E-17,-1.,0.));
#4978=DIRECTION('',(2.58470676438322E-17,-0.931238753675062,0.364409637158126));
#4979=DIRECTION('',(-1.01143992392063E-17,0.364409637158126,0.931238753675062));
#4980=DIRECTION('',(-2.58470676438322E-17,0.931238753675062,-0.364409637158126));
#4981=DIRECTION('',(1.,2.77555756156289E-17,0.));
#4982=DIRECTION('',(1.,2.77555756156289E-17,0.));
#4983=DIRECTION('',(1.,2.77555756156289E-17,0.));
#4984=DIRECTION('',(-2.77555756156289E-17,1.,0.));
#4985=DIRECTION('',(1.,2.77555756156289E-17,0.));
#4986=DIRECTION('',(-1.,-2.77555756156289E-17,0.));
#4987=DIRECTION('',(-2.77555756156289E-17,1.,0.));
#4988=DIRECTION('',(1.,2.77555756156289E-17,0.));
#4989=DIRECTION('',(-2.77555756156289E-17,1.,0.));
#4990=DIRECTION('',(-2.77555756156289E-17,1.,0.));
#4991=DIRECTION('',(-1.,-2.77555756156289E-17,0.));
#4992=DIRECTION('',(-2.77555756156289E-17,1.,0.));
#4993=DIRECTION('',(2.58037118597936E-17,-0.929676696932338,-0.368376491080766));
#4994=DIRECTION('',(-1.,-2.77555756156289E-17,0.));
#4995=DIRECTION('',(-2.77555756156289E-17,1.,0.));
#4996=DIRECTION('',(1.,2.77555756156289E-17,0.));
#4997=DIRECTION('',(-2.77555756156289E-17,1.,0.));
#4998=DIRECTION('',(2.58037118597936E-17,-0.929676696932338,-0.368376491080766));
#4999=DIRECTION('',(-1.,-2.77555756156289E-17,0.));
#5000=DIRECTION('',(-2.77555756156289E-17,1.,0.));
#5001=DIRECTION('',(-2.77555756156289E-17,1.,0.));
#5002=DIRECTION('',(-1.02245015532122E-17,0.368376491080766,-0.929676696932338));
#5003=DIRECTION('',(2.58037118597936E-17,-0.929676696932338,-0.368376491080766));
#5004=DIRECTION('',(-1.,-2.77555756156289E-17,0.));
#5005=DIRECTION('',(-1.,-2.77555756156289E-17,0.));
#5006=DIRECTION('',(-1.,-2.77555756156289E-17,0.));
#5007=DIRECTION('',(2.77555756156289E-17,-1.,0.));
#5008=DIRECTION('',(-1.,-2.77555756156289E-17,0.));
#5009=DIRECTION('',(-1.,-2.77555756156289E-17,0.));
#5010=DIRECTION('',(2.77555756156289E-17,-1.,0.));
#5011=DIRECTION('',(1.,2.77555756156289E-17,0.));
#5012=DIRECTION('',(2.77555756156289E-17,-1.,0.));
#5013=DIRECTION('',(2.77555756156289E-17,-1.,0.));
#5014=DIRECTION('',(-1.,-2.77555756156289E-17,0.));
#5015=DIRECTION('',(-2.77555756156289E-17,1.,0.));
#5016=DIRECTION('',(-2.58470676438322E-17,0.931238753675062,0.364409637158126));
#5017=DIRECTION('',(-1.,-2.77555756156289E-17,0.));
#5018=DIRECTION('',(2.77555756156289E-17,-1.,0.));
#5019=DIRECTION('',(1.,2.77555756156289E-17,0.));
#5020=DIRECTION('',(2.77555756156289E-17,-1.,0.));
#5021=DIRECTION('',(-2.58470676438322E-17,0.931238753675062,0.364409637158126));
#5022=DIRECTION('',(-1.,-2.77555756156289E-17,0.));
#5023=DIRECTION('',(-2.77555756156289E-17,1.,0.));
#5024=DIRECTION('',(2.77555756156289E-17,-1.,0.));
#5025=DIRECTION('',(1.,2.77555756156289E-17,0.));
#5026=DIRECTION('',(-2.77555756156289E-17,1.,0.));
#5027=DIRECTION('',(1.,2.77555756156289E-17,0.));
#5028=DIRECTION('',(1.,2.77555756156289E-17,0.));
#5029=DIRECTION('',(-1.01143992392063E-17,0.364409637158126,-0.931238753675062));
#5030=DIRECTION('',(2.58470676438322E-17,-0.931238753675062,-0.364409637158126));
#5031=DIRECTION('',(1.,2.77555756156289E-17,0.));
#5032=DIRECTION('',(-1.,-2.77555756156289E-17,0.));
#5033=DIRECTION('',(2.77555756156289E-17,-1.,0.));
#5034=DIRECTION('',(-1.,-2.77555756156289E-17,0.));
#5035=DIRECTION('',(2.77555756156289E-17,-1.,0.));
#5036=DIRECTION('',(-2.58037118597936E-17,0.929676696932338,-0.368376491080766));
#5037=DIRECTION('',(1.,2.77555756156289E-17,0.));
#5038=DIRECTION('',(2.77555756156289E-17,-1.,0.));
#5039=DIRECTION('',(2.77555756156289E-17,-1.,0.));
#5040=DIRECTION('',(-1.,-2.77555756156289E-17,0.));
#5041=DIRECTION('',(2.77555756156289E-17,-1.,0.));
#5042=DIRECTION('',(-1.,-2.77555756156289E-17,0.));
#5043=DIRECTION('',(2.77555756156289E-17,-1.,0.));
#5044=DIRECTION('',(2.77555756156289E-17,-1.,0.));
#5045=DIRECTION('',(1.,2.77555756156289E-17,0.));
#5046=DIRECTION('',(2.77555756156289E-17,-1.,0.));
#5047=DIRECTION('',(-2.58037118597936E-17,0.929676696932338,-0.368376491080766));
#5048=DIRECTION('',(-1.02245015532122E-17,0.368376491080766,0.929676696932338));
#5049=DIRECTION('',(-2.58037118597936E-17,0.929676696932338,-0.368376491080766));
#5050=DIRECTION('',(-1.,-2.77555756156289E-17,0.));
#5051=DIRECTION('',(-1.,-2.77555756156289E-17,0.));
#5052=DIRECTION('',(-1.,-2.77555756156289E-17,0.));
#5053=DIRECTION('',(2.77555756156289E-17,-1.,0.));
#5054=DIRECTION('',(-1.,-2.77555756156289E-17,0.));
#5055=DIRECTION('',(0.,0.,1.));
#5056=DIRECTION('',(2.77555756156289E-17,-1.,0.));
#5057=DIRECTION('',(-6.79815536723445E-33,2.44929359829471E-16,1.));
#5058=DIRECTION('',(-2.77555756156289E-17,1.,0.));
#5059=DIRECTION('',(-6.79815536723445E-33,2.44929359829471E-16,1.));
#5060=DIRECTION('',(-2.77555756156289E-17,1.,0.));
#5061=DIRECTION('',(6.79815536723445E-33,-2.44929359829471E-16,-1.));
#5062=DIRECTION('',(-2.77555756156289E-17,1.,0.));
#5063=DIRECTION('',(-6.79815536723445E-33,2.44929359829471E-16,1.));
#5064=DIRECTION('',(0.,-1.,2.44929359829471E-16));
#5065=DIRECTION('',(-6.79815536723445E-33,2.44929359829471E-16,1.));
#5066=DIRECTION('',(0.,-1.,2.44929359829471E-16));
#5067=DIRECTION('',(-6.79815536723445E-33,2.44929359829471E-16,1.));
#5068=DIRECTION('',(0.,-1.,2.44929359829471E-16));
#5069=DIRECTION('',(-6.79815536723445E-33,2.44929359829471E-16,1.));
#5070=DIRECTION('',(0.,-1.,2.44929359829471E-16));
#5071=DIRECTION('',(-6.79815536723445E-33,2.44929359829471E-16,1.));
#5072=DIRECTION('',(0.,-1.,2.44929359829471E-16));
#5073=DIRECTION('',(-6.79815536723445E-33,2.44929359829471E-16,1.));
#5074=DIRECTION('',(0.,-1.,2.44929359829471E-16));
#5075=DIRECTION('',(0.,0.,-1.));
#5076=DIRECTION('',(1.,2.77555756156289E-17,0.));
#5077=DIRECTION('',(-6.19833902019611E-16,-1.,0.));
#5078=DIRECTION('',(0.,0.,1.));
#5079=DIRECTION('',(1.,-7.09880440785636E-15,0.));
#5080=DIRECTION('',(-6.75345053250869E-16,1.,0.));
#5081=DIRECTION('',(0.,0.,1.));
#5082=DIRECTION('',(1.,-2.34776441887503E-15,0.));
#5083=DIRECTION('',(-1.,-6.75345053250869E-16,0.));
#5084=DIRECTION('',(6.75345053250869E-16,-1.,0.));
#5085=DIRECTION('',(0.,0.,-1.));
#5086=DIRECTION('',(6.75345053250869E-16,-1.,0.));
#5087=DIRECTION('',(-3.5479615937586E-31,5.25355383396974E-16,1.));
#5088=DIRECTION('',(-6.75345053250869E-16,1.,0.));
#5089=DIRECTION('',(3.5479615937586E-31,-5.25355383396974E-16,-1.));
#5090=DIRECTION('',(6.75345053250869E-16,-1.,0.));
#5091=DIRECTION('',(0.,0.,1.));
#5092=DIRECTION('',(1.,-6.19833902019611E-16,0.));
#5093=DIRECTION('',(6.19833902019611E-16,1.,0.));
#5094=DIRECTION('',(0.,0.,1.));
#5095=DIRECTION('',(0.,0.,-1.));
#5096=DIRECTION('',(6.19833902019611E-16,1.,0.));
#5097=DIRECTION('',(3.25633077237955E-31,5.25355383396974E-16,1.));
#5098=DIRECTION('',(-6.19833902019611E-16,-1.,0.));
#5099=DIRECTION('',(-3.25633077237955E-31,-5.25355383396974E-16,-1.));
#5100=DIRECTION('',(6.19833902019611E-16,1.,0.));
#5101=DIRECTION('',(-1.38487567282795E-32,4.98954045128195E-16,1.));
#5102=DIRECTION('',(-2.77555756156289E-17,1.,-4.98954045128195E-16));
#5103=DIRECTION('',(1.38487567282795E-32,-4.98954045128195E-16,-1.));
#5104=DIRECTION('',(-2.77555756156289E-17,1.,0.));
#5105=DIRECTION('',(-2.77555756156289E-17,1.,-4.98954045128195E-16));
#5106=DIRECTION('',(1.38487567282795E-32,-4.98954045128195E-16,-1.));
#5107=DIRECTION('',(-2.77555756156289E-17,1.,0.));
#5108=DIRECTION('',(2.77555756156289E-17,-1.,4.98954045128195E-16));
#5109=DIRECTION('',(-1.,-2.77555756156289E-17,-2.40860049012572E-33));
#5110=DIRECTION('',(2.40860049012572E-33,6.68520930315252E-50,-1.));
#5111=DIRECTION('',(0.,0.,-1.));
#5112=DIRECTION('',(2.77555756156289E-17,-1.,0.));
#5113=DIRECTION('',(-1.69901415590782E-32,5.25355383396974E-16,1.));
#5114=DIRECTION('',(-2.77555756156289E-17,1.,-4.98954045128195E-16));
#5115=DIRECTION('',(1.69901415590782E-32,-5.25355383396974E-16,-1.));
#5116=DIRECTION('',(2.77555756156289E-17,-1.,0.));
#5117=DIRECTION('',(0.,0.,1.));
#5118=DIRECTION('',(1.,2.77555756156289E-17,2.40860049012572E-33));
#5119=DIRECTION('',(-2.40860049012572E-33,-6.68520930315252E-50,1.));
#5120=DIRECTION('',(0.,0.,1.));
#5121=DIRECTION('',(0.,0.,-1.));
#5122=DIRECTION('',(-2.77555756156289E-17,1.,0.));
#5123=DIRECTION('',(-1.69901415590782E-32,5.25355383396974E-16,1.));
#5124=DIRECTION('',(2.77555756156289E-17,-1.,4.98954045128195E-16));
#5125=DIRECTION('',(1.69901415590782E-32,-5.25355383396974E-16,-1.));
#5126=DIRECTION('',(-2.77555756156289E-17,1.,0.));
#5127=DIRECTION('',(2.77555756156289E-17,-1.,5.25355383396974E-16));
#5128=DIRECTION('',(-1.45815410689524E-32,5.25355383396974E-16,1.));
#5129=DIRECTION('',(1.,2.77555756156289E-17,0.));
#5130=DIRECTION('',(0.,0.,1.));
#5131=DIRECTION('',(1.44943620412416E-16,1.,-5.25355383396974E-16));
#5132=DIRECTION('',(1.45815410689524E-32,-5.25355383396974E-16,-1.));
#5133=DIRECTION('',(-1.,1.44943620412416E-16,0.));
#5134=DIRECTION('',(0.,0.,-1.));
#5135=DIRECTION('',(0.,0.,-1.));
#5136=DIRECTION('',(1.,2.77555756156289E-17,0.));
#5137=DIRECTION('',(0.,0.,1.));
#5138=DIRECTION('',(-1.,-2.77555756156289E-17,0.));
#5139=DIRECTION('',(0.,0.,1.));
#5140=DIRECTION('',(-1.,-2.77555756156289E-17,0.));
#5141=DIRECTION('',(0.,0.,1.));
#5142=DIRECTION('',(-1.,-2.77555756156289E-17,0.));
#5143=DIRECTION('',(0.,0.,1.));
#5144=DIRECTION('',(-1.,-2.77555756156289E-17,0.));
#5145=DIRECTION('',(0.,0.,1.));
#5146=DIRECTION('',(-1.,-2.77555756156289E-17,0.));
#5147=DIRECTION('',(0.,0.,1.));
#5148=DIRECTION('',(-1.,-2.77555756156289E-17,0.));
#5149=DIRECTION('',(0.,0.,1.));
#5150=DIRECTION('',(-1.,-2.77555756156289E-17,0.));
#5151=DIRECTION('',(0.,0.,1.));
#5152=DIRECTION('',(-1.,-2.77555756156289E-17,0.));
#5153=DIRECTION('',(0.,0.,1.));
#5154=DIRECTION('',(-1.,-2.77555756156289E-17,0.));
#5155=DIRECTION('',(2.77555756156289E-17,-1.,5.25355383396974E-16));
#5156=DIRECTION('',(-1.45815410689524E-32,5.25355383396974E-16,1.));
#5157=DIRECTION('',(1.,2.77555756156289E-17,0.));
#5158=DIRECTION('',(0.,0.,1.));
#5159=DIRECTION('',(-2.77555756156289E-17,1.,-5.25355383396974E-16));
#5160=DIRECTION('',(1.45815410689524E-32,-5.25355383396974E-16,-1.));
#5161=DIRECTION('',(-1.,-2.77555756156289E-17,0.));
#5162=DIRECTION('',(0.,0.,-1.));
#5163=DIRECTION('',(0.,0.,-1.));
#5164=DIRECTION('',(1.,2.77555756156289E-17,0.));
#5165=DIRECTION('',(0.,0.,1.));
#5166=DIRECTION('',(-1.,-2.77555756156289E-17,0.));
#5167=DIRECTION('',(0.,0.,1.));
#5168=DIRECTION('',(-1.,-2.77555756156289E-17,0.));
#5169=DIRECTION('',(0.,0.,1.));
#5170=DIRECTION('',(-1.,-2.77555756156289E-17,0.));
#5171=DIRECTION('',(0.,0.,1.));
#5172=DIRECTION('',(-1.,-2.77555756156289E-17,0.));
#5173=DIRECTION('',(0.,0.,1.));
#5174=DIRECTION('',(-1.,-2.77555756156289E-17,0.));
#5175=DIRECTION('',(0.,0.,1.));
#5176=DIRECTION('',(-1.,-2.77555756156289E-17,0.));
#5177=DIRECTION('',(0.,0.,1.));
#5178=DIRECTION('',(-1.,-2.77555756156289E-17,0.));
#5179=DIRECTION('',(0.,0.,1.));
#5180=DIRECTION('',(-1.,-2.77555756156289E-17,0.));
#5181=DIRECTION('',(0.,0.,1.));
#5182=DIRECTION('',(-1.,-2.77555756156289E-17,0.));
#5183=DIRECTION('',(-2.63349277957316E-32,2.44929359829471E-16,1.));
#5184=DIRECTION('',(-2.77555756156289E-17,1.,-2.44929359829471E-16));
#5185=DIRECTION('',(-2.77555756156289E-17,1.,-2.44929359829471E-16));
#5186=DIRECTION('',(-1.,-8.81458073635709E-16,1.89560033896381E-31));
#5187=DIRECTION('',(2.77555756156289E-17,-1.,2.44929359829471E-16));
#5188=DIRECTION('',(1.,2.77555756156289E-17,0.));
#5189=DIRECTION('',(-1.,-2.77555756156289E-17,0.));
#5190=DIRECTION('',(2.77555756156289E-17,-1.,0.));
#5191=DIRECTION('',(-2.77555756156289E-17,1.,-2.44929359829471E-16));
#5192=DIRECTION('',(6.79815536723445E-33,-2.44929359829471E-16,-1.));
#5193=DIRECTION('',(6.79815536723445E-33,-2.44929359829471E-16,-1.));
#5194=DIRECTION('',(6.79815536723445E-33,-2.44929359829471E-16,-1.));
#5195=DIRECTION('',(6.79815536723445E-33,-2.44929359829471E-16,-1.));
#5196=DIRECTION('',(-2.77555756156289E-17,1.,-2.44929359829471E-16));
#5197=DIRECTION('',(6.79815536723445E-33,-2.44929359829471E-16,-1.));
#5198=DIRECTION('',(1.,2.77555756156289E-17,0.));
#5199=DIRECTION('',(6.79815536723445E-33,-2.44929359829471E-16,-1.));
#5200=DIRECTION('',(8.81458073635709E-16,-1.,2.44929359829471E-16));
#5201=DIRECTION('',(1.,8.81458073635709E-16,0.));
#5202=DIRECTION('',(-1.,-2.77555756156289E-17,0.));
#5203=DIRECTION('',(6.79815536723445E-33,-2.44929359829471E-16,-1.));
#5204=DIRECTION('',(-1.27386170612627E-32,-2.44929359829471E-16,-1.));
#5205=DIRECTION('',(2.77555756156289E-17,-1.,2.44929359829471E-16));
#5206=DIRECTION('',(-1.,8.25946922404451E-16,-1.89560033896381E-31));
#5207=DIRECTION('',(2.77555756156289E-17,-1.,2.44929359829471E-16));
#5208=DIRECTION('',(1.,2.77555756156289E-17,0.));
#5209=DIRECTION('',(-2.77555756156289E-17,1.,-2.44929359829471E-16));
#5210=DIRECTION('',(1.,2.77555756156289E-17,0.));
#5211=DIRECTION('',(-2.77555756156289E-17,1.,0.));
#5212=DIRECTION('',(2.77555756156289E-17,-1.,2.44929359829471E-16));
#5213=DIRECTION('',(6.79815536723445E-33,-2.44929359829471E-16,-1.));
#5214=DIRECTION('',(6.79815536723445E-33,-2.44929359829471E-16,-1.));
#5215=DIRECTION('',(6.79815536723445E-33,-2.44929359829471E-16,-1.));
#5216=DIRECTION('',(0.,0.,1.));
#5217=DIRECTION('',(-8.25946922404451E-16,-1.,2.44929359829471E-16));
#5218=DIRECTION('',(1.,-8.25946922404451E-16,0.));
#5219=DIRECTION('',(1.,2.77555756156289E-17,0.));
#5220=DIRECTION('',(6.79815536723445E-33,-2.44929359829471E-16,-1.));
#5221=DIRECTION('',(-2.77555756156289E-17,1.,-2.44929359829471E-16));
#5222=DIRECTION('',(6.79815536723445E-33,-2.44929359829471E-16,-1.));
#5223=DIRECTION('',(1.,2.77555756156289E-17,0.));
#5224=DIRECTION('',(6.79815536723445E-33,-2.44929359829471E-16,-1.));
#5225=DIRECTION('',(-2.77555756156289E-17,1.,0.));
#5226=DIRECTION('',(-1.,-2.77555756156289E-17,0.));
#5227=DIRECTION('',(-2.77555756156289E-17,1.,0.));
#5228=DIRECTION('',(-3.86133358203141E-15,-1.,0.));
#5229=DIRECTION('',(-1.,4.24075691448477E-15,8.5370249802008E-16));
#5230=DIRECTION('',(2.77555756156289E-17,-1.,0.));
#5231=DIRECTION('',(-2.77555756156289E-17,1.,0.));
#5232=DIRECTION('',(-1.,-2.77555756156289E-17,0.));
#5233=DIRECTION('',(-3.91684473326266E-15,1.,0.));
#5234=DIRECTION('',(1.,3.44256556769595E-15,0.));
#5235=DIRECTION('',(-2.77555756156289E-17,1.,0.));
#5236=DIRECTION('',(2.77555756156289E-17,-1.,0.));
#5237=DIRECTION('',(2.77555756156289E-17,-1.,0.));
#5238=DIRECTION('',(1.,2.77555756156289E-17,0.));
#5239=DIRECTION('',(3.91684473326266E-15,-1.,0.));
#5240=DIRECTION('',(-1.,-4.29626806571603E-15,0.));
#5241=DIRECTION('',(2.77555756156289E-17,-1.,0.));
#5242=DIRECTION('',(-2.77555756156289E-17,1.,0.));
#5243=DIRECTION('',(2.77555756156289E-17,-1.,0.));
#5244=DIRECTION('',(1.,2.77555756156289E-17,0.));
#5245=DIRECTION('',(2.77555756156289E-17,-1.,0.));
#5246=DIRECTION('',(3.86133358203141E-15,1.,0.));
#5247=DIRECTION('',(1.,-3.38705441646469E-15,8.5370249802008E-16));
#5248=DIRECTION('',(-2.77555756156289E-17,1.,0.));
#5249=DIRECTION('',(-0.999847695156391,-2.77513483070255E-17,0.0174524064372905));
#5250=DIRECTION('',(-0.0174524064372905,-4.84401586544904E-19,-0.999847695156391));
#5251=DIRECTION('',(-0.0174524064372905,6.73895630635708E-17,-0.999847695156391));
#5252=DIRECTION('',(0.0165018408546077,-0.325523823584592,0.945389829396994));
#5253=DIRECTION('',(0.0174524064372905,2.44362251585011E-16,0.999847695156391));
#5254=DIRECTION('',(-3.20308334942808E-17,1.,-2.44929359829471E-16));
#5255=DIRECTION('',(-0.999847695156391,-2.77513483070255E-17,-0.0174524064372905));
#5256=DIRECTION('',(0.0174524064372905,4.84401586544904E-19,-0.999847695156391));
#5257=DIRECTION('',(0.0165018408546076,0.325523823584592,-0.945389829396994));
#5258=DIRECTION('',(-0.0174524064372905,-6.83583662366606E-17,0.999847695156391));
#5259=DIRECTION('',(2.3480317736977E-17,-1.,2.44929359829471E-16));
#5260=DIRECTION('',(0.0174524064372905,-2.43393448411922E-16,-0.999847695156391));
#5261=DIRECTION('',(-0.999847695156391,-2.77513483070255E-17,0.0174524064372905));
#5262=DIRECTION('',(-0.0174524064372905,-4.84401586544904E-19,-0.999847695156391));
#5263=DIRECTION('',(-0.0165018408546076,-0.325523823584592,-0.945389829396994));
#5264=DIRECTION('',(0.0174524064372905,6.83583662366606E-17,0.999847695156391));
#5265=DIRECTION('',(-3.20308334942808E-17,1.,-2.44929359829471E-16));
#5266=DIRECTION('',(-0.0174524064372905,-4.84401586544904E-19,-0.999847695156391));
#5267=DIRECTION('',(-0.999847695156391,-2.77513483070255E-17,-0.0174524064372905));
#5268=DIRECTION('',(0.0174524064372905,4.84401586544904E-19,-0.999847695156391));
#5269=DIRECTION('',(0.0174524064372905,-6.73895630635708E-17,-0.999847695156391));
#5270=DIRECTION('',(-0.0165018408546077,0.325523823584592,0.945389829396994));
#5271=DIRECTION('',(-0.0174524064372905,-4.84401586544904E-19,0.999847695156391));
#5272=DIRECTION('',(2.3480317736977E-17,-1.,2.44929359829471E-16));
#5273=DIRECTION('',(1.,-1.79347642016055E-15,0.));
#5274=DIRECTION('',(1.79347642016055E-15,1.,0.));
#5275=DIRECTION('',(0.,0.,1.));
#5276=DIRECTION('',(0.,0.,1.));
#5277=DIRECTION('',(1.79347642016055E-15,1.,-2.44929359829471E-16));
#5278=DIRECTION('',(-1.,-1.84898757139181E-15,0.));
#5279=DIRECTION('',(1.84898757139181E-15,-1.,0.));
#5280=DIRECTION('',(0.,0.,1.));
#5281=DIRECTION('',(0.,0.,1.));
#5282=DIRECTION('',(1.84898757139181E-15,-1.,2.44929359829471E-16));
#5283=DIRECTION('',(-2.18706839874442E-17,0.787974434049534,-0.615707959412835));
#5284=DIRECTION('',(1.70893288246275E-17,-0.615707959412835,-0.787974434049534));
#5285=DIRECTION('',(-1.70893288246275E-17,0.615707959412835,0.787974434049534));
#5286=DIRECTION('',(-1.,-2.77555756156289E-17,0.));
#5287=DIRECTION('',(1.70893288246275E-17,-0.615707959412835,-0.787974434049534));
#5288=DIRECTION('',(1.,2.77555756156289E-17,0.));
#5289=DIRECTION('',(-1.70893288246275E-17,0.615707959412834,0.787974434049534));
#5290=DIRECTION('',(-2.18706839874442E-17,0.787974434049534,-0.615707959412834));
#5291=DIRECTION('',(1.,2.77555756156289E-17,0.));
#5292=DIRECTION('',(2.23124852501294E-17,-0.787974434049534,0.615707959412834));
#5293=DIRECTION('',(2.23124852501294E-17,-0.787974434049534,0.615707959412834));
#5294=DIRECTION('',(-1.,-2.81037037155556E-17,2.72020553913884E-19));
#5295=DIRECTION('',(2.81037037155556E-17,-1.,0.));
#5296=DIRECTION('',(1.,2.81037037155556E-17,-2.72020553913884E-19));
#5297=DIRECTION('',(2.77555756156289E-17,-1.,0.));
#5298=DIRECTION('',(2.23124852501294E-17,-0.787974434049534,0.615707959412834));
#5299=DIRECTION('',(1.70893288246275E-17,-0.615707959412834,-0.787974434049534));
#5300=DIRECTION('',(2.18706839874442E-17,-0.787974434049534,0.615707959412834));
#5301=DIRECTION('',(-1.,-2.77555756156289E-17,0.));
#5302=DIRECTION('',(2.23124852501294E-17,-0.787974434049534,0.615707959412834));
#5303=DIRECTION('',(1.,2.81037037155556E-17,-2.72020553913884E-19));
#5304=DIRECTION('',(-2.81037037155556E-17,1.,0.));
#5305=DIRECTION('',(-1.,-2.81037037155556E-17,2.72020553913884E-19));
#5306=DIRECTION('',(-2.77555756156289E-17,1.,0.));
#5307=DIRECTION('',(2.18706839874442E-17,-0.787974434049535,0.615707959412834));
#5308=DIRECTION('',(-1.70893288246275E-17,0.615707959412834,0.787974434049535));
#5309=DIRECTION('',(1.,2.77555756156289E-17,0.));
#5310=DIRECTION('',(-1.70893288246275E-17,0.615707959412833,0.787974434049535));
#5311=DIRECTION('',(-1.,-2.77555756156289E-17,0.));
#5312=DIRECTION('',(-1.70893288246275E-17,0.615707959412834,0.787974434049534));
#5313=DIRECTION('',(-1.,-2.77555756156289E-17,0.));
#5314=DIRECTION('',(1.70893288246275E-17,-0.615707959412834,-0.787974434049534));
#5315=DIRECTION('',(-1.,-2.77555756156289E-17,0.));
#5316=DIRECTION('',(1.70893288246275E-17,-0.615707959412833,-0.787974434049535));
#5317=DIRECTION('',(1.,2.77555756156289E-17,0.));
#5318=DIRECTION('',(1.70893288246275E-17,-0.615707959412834,-0.787974434049535));
#5319=DIRECTION('',(1.,2.77555756156289E-17,0.));
#5320=DIRECTION('',(-1.70893288246275E-17,0.615707959412834,0.787974434049535));
#5321=DIRECTION('',(1.,2.81037037155556E-17,-2.72020553913883E-19));
#5322=DIRECTION('',(-2.81037037155556E-17,1.,0.));
#5323=DIRECTION('',(-1.,-2.81037037155556E-17,2.72020553913883E-19));
#5324=DIRECTION('',(-2.77555756156289E-17,1.,-1.77854687087517E-15));
#5325=DIRECTION('',(2.23124852501294E-17,-0.787974434049534,0.615707959412834));
#5326=DIRECTION('',(2.23124852501294E-17,-0.787974434049534,0.615707959412834));
#5327=DIRECTION('',(-1.70893288246275E-17,0.615707959412834,0.787974434049534));
#5328=DIRECTION('',(-2.18706839874442E-17,0.787974434049534,-0.615707959412834));
#5329=DIRECTION('',(1.,2.77555756156289E-17,0.));
#5330=DIRECTION('',(2.23124852501294E-17,-0.787974434049534,0.615707959412834));
#5331=DIRECTION('',(1.,2.81037037155556E-17,-2.72020553913884E-19));
#5332=DIRECTION('',(-2.81037037155556E-17,1.,0.));
#5333=DIRECTION('',(-1.,-2.81037037155556E-17,2.72020553913884E-19));
#5334=DIRECTION('',(-2.77555756156289E-17,1.,8.77416456298418E-16));
#5335=DIRECTION('',(2.23124852501294E-17,-0.787974434049534,0.615707959412834));
#5336=DIRECTION('',(-1.70893288246275E-17,0.615707959412834,0.787974434049534));
#5337=DIRECTION('',(-2.18706839874442E-17,0.787974434049534,-0.615707959412834));
#5338=DIRECTION('',(1.,2.77555756156289E-17,0.));
#5339=DIRECTION('',(2.23124852501294E-17,-0.787974434049534,0.615707959412834));
#5340=DIRECTION('',(-1.,-2.81037037155556E-17,2.72020553913884E-19));
#5341=DIRECTION('',(2.81037037155556E-17,-1.,0.));
#5342=DIRECTION('',(1.,2.81037037155556E-17,-2.72020553913884E-19));
#5343=DIRECTION('',(2.77555756156289E-17,-1.,-8.89273435437586E-15));
#5344=DIRECTION('',(2.23124852501294E-17,-0.787974434049534,0.615707959412834));
#5345=DIRECTION('',(-1.70893288246275E-17,0.615707959412834,0.787974434049534));
#5346=DIRECTION('',(-2.18706839874442E-17,0.787974434049534,-0.615707959412834));
#5347=DIRECTION('',(1.,2.77555756156289E-17,0.));
#5348=DIRECTION('',(2.23124852501294E-17,-0.787974434049534,0.615707959412834));
#5349=DIRECTION('',(-1.,-2.81037037155556E-17,2.72020553913883E-19));
#5350=DIRECTION('',(2.81037037155556E-17,-1.,0.));
#5351=DIRECTION('',(1.,2.81037037155556E-17,-2.72020553913883E-19));
#5352=DIRECTION('',(2.77555756156289E-17,-1.,3.37449626300716E-14));
#5353=DIRECTION('',(2.23124852501294E-17,-0.787974434049534,0.615707959412834));
#5354=DIRECTION('',(1.70893288246275E-17,-0.615707959412834,-0.787974434049534));
#5355=DIRECTION('',(2.18706839874442E-17,-0.787974434049534,0.615707959412834));
#5356=DIRECTION('',(-1.,-2.77555756156289E-17,0.));
#5357=DIRECTION('',(2.23124852501294E-17,-0.787974434049534,0.615707959412834));
#5358=DIRECTION('',(-1.,-2.81037037155556E-17,2.72020553913884E-19));
#5359=DIRECTION('',(2.81037037155556E-17,-1.,0.));
#5360=DIRECTION('',(1.,2.81037037155556E-17,-2.72020553913884E-19));
#5361=DIRECTION('',(2.77555756156289E-17,-1.,0.));
#5362=DIRECTION('',(2.23124852501294E-17,-0.787974434049534,0.615707959412834));
#5363=DIRECTION('',(1.70893288246275E-17,-0.615707959412834,-0.787974434049534));
#5364=DIRECTION('',(2.18706839874442E-17,-0.787974434049534,0.615707959412834));
#5365=DIRECTION('',(-1.,-2.77555756156289E-17,0.));
#5366=DIRECTION('',(2.23124852501294E-17,-0.787974434049534,0.615707959412834));
#5367=DIRECTION('',(1.,2.81037037155556E-17,-2.72020553913884E-19));
#5368=DIRECTION('',(-2.81037037155556E-17,1.,0.));
#5369=DIRECTION('',(-1.,-2.81037037155556E-17,2.72020553913884E-19));
#5370=DIRECTION('',(-2.77555756156289E-17,1.,8.77416456298418E-16));
#5371=DIRECTION('',(2.23124852501294E-17,-0.787974434049534,0.615707959412834));
#5372=DIRECTION('',(1.70893288246275E-17,-0.615707959412834,-0.787974434049534));
#5373=DIRECTION('',(2.18706839874442E-17,-0.787974434049534,0.615707959412834));
#5374=DIRECTION('',(-1.,-2.77555756156289E-17,0.));
#5375=DIRECTION('',(0.,0.,1.));
#5376=DIRECTION('',(-1.,-2.77555756156289E-17,0.));
#5377=DIRECTION('',(1.,6.31819503471101E-15,0.));
#5378=DIRECTION('',(-2.77555756156289E-17,1.,0.));
#5379=DIRECTION('',(-1.,-2.77555756156289E-17,0.));
#5380=DIRECTION('',(1.36869955439367E-14,-1.,0.));
#5381=DIRECTION('',(0.,0.,1.));
#5382=DIRECTION('',(-1.,-2.77555756156289E-17,0.));
#5383=DIRECTION('',(-1.,6.26268388347975E-15,0.));
#5384=DIRECTION('',(2.77555756156289E-17,-1.,0.));
#5385=DIRECTION('',(1.,2.77555756156289E-17,0.));
#5386=DIRECTION('',(-2.77555756156289E-17,1.,0.));
#5387=DIRECTION('',(0.,0.,-1.));
#5388=DIRECTION('',(1.,2.77555756156289E-17,0.));
#5389=DIRECTION('',(1.,6.31819503471101E-15,0.));
#5390=DIRECTION('',(2.77555756156289E-17,-1.,0.));
#5391=DIRECTION('',(1.,2.77555756156289E-17,0.));
#5392=DIRECTION('',(1.36869955439367E-14,-1.,0.));
#5393=DIRECTION('',(0.,0.,-1.));
#5394=DIRECTION('',(1.,2.77555756156289E-17,0.));
#5395=DIRECTION('',(-1.36314843927054E-14,-1.,0.));
#5396=DIRECTION('',(-1.,-2.77555756156289E-17,0.));
#5397=DIRECTION('',(2.77555756156289E-17,-1.,0.));
#5398=DIRECTION('',(-1.,6.26268388347975E-15,0.));
#5399=DIRECTION('',(2.77555756156289E-17,-1.,-6.15265287797223E-16));
#5400=DIRECTION('',(0.,0.,1.));
#5401=DIRECTION('',(2.77555756156289E-17,-1.,-6.15265287797223E-16));
#5402=DIRECTION('',(-2.77555756156289E-17,1.,6.15265287797223E-16));
#5403=DIRECTION('',(-2.77555756156289E-17,1.,0.));
#5404=DIRECTION('',(-1.,-2.77555756156289E-17,0.));
#5405=DIRECTION('',(2.77555756156289E-17,-1.,6.15265287797223E-16));
#5406=DIRECTION('',(-1.71979869462443E-32,6.19622780821027E-16,1.));
#5407=DIRECTION('',(2.77555756156289E-17,-1.,6.15265287797223E-16));
#5408=DIRECTION('',(2.77555756156289E-17,-1.,2.43914999434309E-16));
#5409=DIRECTION('',(-7.64354975388635E-33,2.75387902587123E-16,1.));
#5410=DIRECTION('',(-2.77555756156289E-17,1.,-6.15265287797223E-16));
#5411=DIRECTION('',(2.77555756156289E-17,-1.,6.15265287797223E-16));
#5412=DIRECTION('',(-1.52870995077727E-32,5.50775805174247E-16,1.));
#5413=DIRECTION('',(2.77555756156289E-17,-1.,6.15265287797223E-16));
#5414=DIRECTION('',(2.77555756156289E-17,-1.,2.43914999434309E-16));
#5415=DIRECTION('',(-7.64354975388635E-33,2.75387902587123E-16,1.));
#5416=DIRECTION('',(-2.77555756156289E-17,1.,-6.15265287797223E-16));
#5417=DIRECTION('',(2.77555756156289E-17,-1.,-6.15265287797223E-16));
#5418=DIRECTION('',(1.52870995077727E-32,-5.50775805174247E-16,1.));
#5419=DIRECTION('',(-2.77555756156289E-17,1.,0.));
#5420=DIRECTION('',(-1.,-2.77555756156289E-17,0.));
#5421=DIRECTION('',(2.77555756156289E-17,-1.,-6.15265287797223E-16));
#5422=DIRECTION('',(-2.77555756156289E-17,1.,6.15265287797223E-16));
#5423=DIRECTION('',(1.,2.77555756156289E-17,0.));
#5424=DIRECTION('',(2.77555756156289E-17,-1.,0.));
#5425=DIRECTION('',(0.,0.,-1.));
#5426=DIRECTION('',(0.,0.,1.));
#5427=DIRECTION('',(-2.77555756156289E-17,1.,-3.10437272007303E-16));
#5428=DIRECTION('',(8.61636517710825E-33,-3.10437272007303E-16,-1.));
#5429=DIRECTION('',(2.77555756156289E-17,-1.,3.10437272007303E-16));
#5430=DIRECTION('',(-2.77555756156289E-17,1.,-3.10437272007303E-16));
#5431=DIRECTION('',(1.,2.77555756156289E-17,0.));
#5432=DIRECTION('',(1.,2.77555756156289E-17,0.));
#5433=DIRECTION('',(-1.,-2.77555756156289E-17,0.));
#5434=DIRECTION('',(2.77555756156289E-17,-1.,0.));
#5435=DIRECTION('',(0.,0.,-1.));
#5436=DIRECTION('',(-2.77555756156289E-17,1.,-3.10437272007303E-16));
#5437=DIRECTION('',(0.,0.,1.));
#5438=DIRECTION('',(-8.61636517710825E-33,3.10437272007303E-16,1.));
#5439=DIRECTION('',(-2.77555756156289E-17,1.,-3.10437272007303E-16));
#5440=DIRECTION('',(-2.77555756156289E-17,1.,-3.10437272007303E-16));
#5441=DIRECTION('',(-1.,-2.77555756156289E-17,0.));
#5442=DIRECTION('',(-1.,-2.77555756156289E-17,0.));
#5443=DIRECTION('',(-2.77555756156289E-17,1.,0.));
#5444=DIRECTION('',(-1.,-2.77555756156289E-17,0.));
#5445=DIRECTION('',(-1.,-2.77555756156289E-17,0.));
#5446=DIRECTION('',(0.,0.,1.));
#5447=DIRECTION('',(0.,0.,1.));
#5448=DIRECTION('',(3.86133358203141E-15,1.,0.));
#5449=DIRECTION('',(-1.,3.86133358203141E-15,0.));
#5450=DIRECTION('',(-1.,3.86133358203141E-15,0.));
#5451=DIRECTION('',(1.,7.45496730839034E-15,-1.81977632540526E-30));
#5452=DIRECTION('',(3.91684473326266E-15,-1.,0.));
#5453=DIRECTION('',(1.,3.91684473326266E-15,0.));
#5454=DIRECTION('',(1.,3.91684473326266E-15,0.));
#5455=DIRECTION('',(0.,0.,1.));
#5456=DIRECTION('',(-1.,7.74093715636712E-15,-1.89560033896381E-30));
#5457=DIRECTION('',(-1.,-2.77555756156289E-17,0.));
#5458=DIRECTION('',(2.77555756156289E-17,-1.,0.));
#5459=DIRECTION('',(2.77555756156289E-17,-1.,0.));
#5460=DIRECTION('',(0.,0.,1.));
#5461=DIRECTION('',(2.77555756156289E-17,-1.,0.));
#5462=DIRECTION('',(1.,2.77555756156289E-17,0.));
#5463=DIRECTION('',(1.,2.77555756156289E-17,0.));
#5464=DIRECTION('',(0.,0.,1.));
#5465=DIRECTION('',(0.,0.,1.));
#5466=DIRECTION('',(-2.77555756156289E-17,1.,0.));
#5467=DIRECTION('',(-1.,-2.77555756156289E-17,0.));
#5468=DIRECTION('',(-1.,-2.77555756156289E-17,0.));
#5469=DIRECTION('',(0.,0.,1.));
#5470=DIRECTION('',(0.,0.,1.));
#5471=DIRECTION('',(-1.,1.36314843927054E-14,0.));
#5472=DIRECTION('',(-1.36314843927054E-14,-1.,0.));
#5473=DIRECTION('',(0.,0.,1.));
#5474=DIRECTION('',(6.26268388347975E-15,1.,0.));
#5475=DIRECTION('',(-1.,6.26268388347975E-15,0.));
#5476=DIRECTION('',(0.,0.,1.));
#5477=DIRECTION('',(6.31819503471101E-15,-1.,0.));
#5478=DIRECTION('',(1.,6.31819503471101E-15,0.));
#5479=DIRECTION('',(0.,0.,1.));
#5480=DIRECTION('',(0.,0.,1.));
#5481=DIRECTION('',(-1.,-1.36869955439367E-14,0.));
#5482=DIRECTION('',(1.36869955439367E-14,-1.,0.));
#5483=DIRECTION('',(0.,0.,1.));
#5484=DIRECTION('',(2.77555756156289E-17,-1.,0.));
#5485=DIRECTION('',(1.,2.77555756156289E-17,0.));
#5486=DIRECTION('',(1.,2.77555756156289E-17,0.));
#5487=DIRECTION('',(0.,0.,1.));
#5488=DIRECTION('',(-3.86133358203141E-15,-1.,0.));
#5489=DIRECTION('',(1.,-3.86133358203141E-15,0.));
#5490=DIRECTION('',(1.,-3.86133358203141E-15,0.));
#5491=DIRECTION('',(-1.,-3.69236574823662E-16,7.58240135585526E-32));
#5492=DIRECTION('',(-3.91684473326266E-15,1.,0.));
#5493=DIRECTION('',(-1.,-3.91684473326266E-15,0.));
#5494=DIRECTION('',(-1.,-3.91684473326266E-15,0.));
#5495=DIRECTION('',(1.,-7.39945615715909E-15,1.81977632540526E-30));
#5496=DIRECTION('',(-6.79815536723445E-33,2.44929359829471E-16,1.));
#5497=DIRECTION('',(-2.77555756156289E-17,1.,-2.44929359829471E-16));
#5498=DIRECTION('',(1.,2.77555756156289E-17,0.));
#5499=DIRECTION('',(4.5460682462567E-16,-1.,2.44929359829471E-16));
#5500=DIRECTION('',(-1.,-2.77555756156289E-17,0.));
#5501=DIRECTION('',(3.99095673394412E-16,1.,-2.44929359829471E-16));
#5502=DIRECTION('',(1.,4.5460682462567E-16,-1.04548403162439E-31));
#5503=DIRECTION('',(-4.5460682462567E-16,1.,0.));
#5504=DIRECTION('',(4.5460682462567E-16,-1.,2.44929359829471E-16));
#5505=DIRECTION('',(6.79815536723446E-33,-2.44929359829471E-16,-1.));
#5506=DIRECTION('',(6.79815536723446E-33,-2.44929359829471E-16,-1.));
#5507=DIRECTION('',(2.77555756156289E-17,-1.,2.44929359829471E-16));
#5508=DIRECTION('',(-6.79815536723446E-33,2.44929359829471E-16,1.));
#5509=DIRECTION('',(-1.,-2.77555756156289E-17,0.));
#5510=DIRECTION('',(6.79815536723446E-33,-2.44929359829471E-16,-1.));
#5511=DIRECTION('',(-1.,3.99095673394412E-16,-1.04548403162439E-31));
#5512=DIRECTION('',(-3.99095673394412E-16,-1.,0.));
#5513=DIRECTION('',(3.99095673394412E-16,1.,-2.44929359829471E-16));
#5514=DIRECTION('',(6.79815536723446E-33,-2.44929359829471E-16,-1.));
#5515=DIRECTION('',(6.79815536723445E-33,-2.44929359829471E-16,-1.));
#5516=DIRECTION('',(2.77555756156289E-17,-1.,2.44929359829471E-16));
#5517=DIRECTION('',(-3.99095673394412E-16,-1.,2.44929359829471E-16));
#5518=DIRECTION('',(-1.,-2.77555756156289E-17,0.));
#5519=DIRECTION('',(-4.5460682462567E-16,1.,-2.44929359829471E-16));
#5520=DIRECTION('',(1.,2.77555756156289E-17,0.));
#5521=DIRECTION('',(-1.,-4.5460682462567E-16,1.04548403162439E-31));
#5522=DIRECTION('',(4.5460682462567E-16,-1.,0.));
#5523=DIRECTION('',(-4.5460682462567E-16,1.,-2.44929359829471E-16));
#5524=DIRECTION('',(6.79815536723446E-33,-2.44929359829471E-16,-1.));
#5525=DIRECTION('',(6.79815536723446E-33,-2.44929359829471E-16,-1.));
#5526=DIRECTION('',(-2.77555756156289E-17,1.,-2.44929359829471E-16));
#5527=DIRECTION('',(6.79815536723446E-33,-2.44929359829471E-16,-1.));
#5528=DIRECTION('',(1.,2.77555756156289E-17,0.));
#5529=DIRECTION('',(6.79815536723446E-33,-2.44929359829471E-16,-1.));
#5530=DIRECTION('',(1.,-3.99095673394412E-16,1.04548403162439E-31));
#5531=DIRECTION('',(3.99095673394412E-16,1.,0.));
#5532=DIRECTION('',(-3.99095673394412E-16,-1.,2.44929359829471E-16));
#5533=DIRECTION('',(6.79815536723446E-33,-2.44929359829471E-16,-1.));
#5534=DIRECTION('',(2.62434123210286E-17,-0.945518575599317,0.325568154457157));
#5535=DIRECTION('',(-9.03633152907639E-18,0.325568154457157,0.945518575599317));
#5536=DIRECTION('',(-1.,-2.77555756156289E-17,0.));
#5537=DIRECTION('',(-9.03633152907639E-18,0.325568154457157,0.945518575599317));
#5538=DIRECTION('',(-1.,-2.77555756156289E-17,0.));
#5539=DIRECTION('',(0.,0.,1.));
#5540=DIRECTION('',(-1.,-2.77555756156289E-17,0.));
#5541=DIRECTION('',(-1.,-2.77555756156289E-17,0.));
#5542=DIRECTION('',(-2.77555756156289E-17,1.,0.));
#5543=DIRECTION('',(-2.62434123210286E-17,0.945518575599317,0.325568154457157));
#5544=DIRECTION('',(-9.03633152907639E-18,0.325568154457157,-0.945518575599317));
#5545=DIRECTION('',(-1.,-2.77555756156289E-17,0.));
#5546=DIRECTION('',(-9.03633152907639E-18,0.325568154457157,-0.945518575599317));
#5547=DIRECTION('',(1.,2.77555756156289E-17,0.));
#5548=DIRECTION('',(2.77555756156289E-17,-1.,0.));
#5549=DIRECTION('',(1.,2.77555756156289E-17,0.));
#5550=DIRECTION('',(2.77555756156289E-17,-1.,0.));
#5551=DIRECTION('',(-2.77555756156289E-17,1.,0.));
#5552=DIRECTION('',(1.,2.77555756156289E-17,0.));
#5553=DIRECTION('',(2.77555756156289E-17,-1.,0.));
#5554=DIRECTION('',(2.77555756156289E-17,-1.,0.));
#5555=DIRECTION('',(1.,2.77555756156289E-17,0.));
#5556=DIRECTION('',(1.,2.77555756156289E-17,0.));
#5557=DIRECTION('',(1.,2.77555756156289E-17,0.));
#5558=DIRECTION('',(1.,2.77555756156289E-17,0.));
#5559=DIRECTION('',(-2.77555756156289E-17,1.,0.));
#5560=DIRECTION('',(1.,2.77555756156289E-17,0.));
#5561=DIRECTION('',(2.77555756156289E-17,-1.,0.));
#5562=DIRECTION('',(1.,2.77555756156289E-17,0.));
#5563=DIRECTION('',(1.,2.77555756156289E-17,0.));
#5564=DIRECTION('',(1.,2.77555756156289E-17,0.));
#5565=DIRECTION('',(-1.70770422191275E-32,6.15265287797223E-16,-1.));
#5566=DIRECTION('',(2.77555756156289E-17,-1.,-6.15265287797223E-16));
#5567=DIRECTION('',(1.,2.77555756156289E-17,0.));
#5568=DIRECTION('',(2.62434123210286E-17,-0.945518575599317,-0.325568154457157));
#5569=DIRECTION('',(9.03633152907639E-18,-0.325568154457157,0.945518575599317));
#5570=DIRECTION('',(1.,2.77555756156289E-17,0.));
#5571=DIRECTION('',(-9.03633152907639E-18,0.325568154457157,-0.945518575599317));
#5572=DIRECTION('',(1.,2.77555756156289E-17,0.));
#5573=DIRECTION('',(0.,0.,-1.));
#5574=DIRECTION('',(1.,2.77555756156289E-17,0.));
#5575=DIRECTION('',(-2.77555756156289E-17,1.,0.));
#5576=DIRECTION('',(-2.62434123210286E-17,0.945518575599317,-0.325568154457157));
#5577=DIRECTION('',(9.03633152907639E-18,-0.325568154457157,-0.945518575599317));
#5578=DIRECTION('',(1.,2.77555756156289E-17,0.));
#5579=DIRECTION('',(1.,2.77555756156289E-17,0.));
#5580=DIRECTION('',(-9.03633152907639E-18,0.325568154457157,0.945518575599317));
#5581=DIRECTION('',(-2.77555756156289E-17,1.,0.));
#5582=DIRECTION('',(-1.,-2.77555756156289E-17,0.));
#5583=DIRECTION('',(1.,2.77555756156289E-17,0.));
#5584=DIRECTION('',(1.,2.77555756156289E-17,0.));
#5585=DIRECTION('',(1.,2.77555756156289E-17,0.));
#5586=DIRECTION('',(1.,2.77555756156289E-17,0.));
#5587=DIRECTION('',(2.77555756156289E-17,-1.,2.43914999434309E-16));
#5588=DIRECTION('',(-6.77000121058505E-33,2.43914999434309E-16,1.));
#5589=DIRECTION('',(1.,2.77555756156289E-17,0.));
#5590=DIRECTION('',(1.,2.77555756156289E-17,0.));
#5591=DIRECTION('',(1.,2.77555756156289E-17,0.));
#5592=DIRECTION('',(1.,2.77555756156289E-17,0.));
#5593=DIRECTION('',(1.,2.77555756156289E-17,0.));
#5594=DIRECTION('',(1.70770422191275E-32,-6.15265287797223E-16,-1.));
#5595=DIRECTION('',(2.77555756156289E-17,-1.,6.15265287797223E-16));
#5596=DIRECTION('',(1.,2.77555756156289E-17,0.));
#5597=DIRECTION('',(-2.77555756156289E-17,1.,0.));
#5598=DIRECTION('',(-1.,-2.77555756156289E-17,0.));
#5599=DIRECTION('',(1.,2.77555756156289E-17,0.));
#5600=DIRECTION('',(1.,2.77555756156289E-17,0.));
#5601=DIRECTION('',(-1.,-2.77555756156289E-17,0.));
#5602=DIRECTION('',(2.77555756156289E-17,-1.,0.));
#5603=DIRECTION('',(1.,2.77555756156289E-17,0.));
#5604=DIRECTION('',(2.77555756156289E-17,-1.,0.));
#5605=DIRECTION('',(0.,0.,1.));
#5606=DIRECTION('',(0.,0.,1.));
#5607=DIRECTION('',(-2.77555756156289E-17,1.,0.));
#5608=DIRECTION('',(0.,0.,1.));
#5609=DIRECTION('',(-1.,-2.77555756156289E-17,0.));
#5610=DIRECTION('',(0.,0.,-1.));
#5611=DIRECTION('',(1.,2.77555756156289E-17,0.));
#5612=DIRECTION('',(1.,2.77555756156289E-17,0.));
#5613=DIRECTION('',(-2.77555756156289E-17,1.,0.));
#5614=DIRECTION('',(0.,0.,1.));
#5615=DIRECTION('',(1.,1.36869955439367E-14,0.));
#5616=DIRECTION('',(-1.36869955439367E-14,1.,0.));
#5617=DIRECTION('',(0.,0.,1.));
#5618=DIRECTION('',(-6.26268388347975E-15,-1.,0.));
#5619=DIRECTION('',(1.,-6.26268388347975E-15,0.));
#5620=DIRECTION('',(-6.31819503471101E-15,1.,0.));
#5621=DIRECTION('',(-1.,-6.31819503471101E-15,0.));
#5622=DIRECTION('',(1.,2.77555756156289E-17,0.));
#5623=DIRECTION('',(-2.77555756156289E-17,1.,0.));
#5624=DIRECTION('',(1.,2.77555756156289E-17,0.));
#5625=DIRECTION('',(1.,2.77555756156289E-17,0.));
#5626=DIRECTION('',(0.,0.,1.));
#5627=DIRECTION('',(-1.,-2.77555756156289E-17,0.));
#5628=DIRECTION('',(0.,0.,-1.));
#5629=DIRECTION('',(0.,0.,1.));
#5630=DIRECTION('',(-1.,-2.77555756156289E-17,0.));
#5631=DIRECTION('',(0.,0.,1.));
#5632=DIRECTION('',(0.,0.,1.));
#5633=DIRECTION('',(-1.,-2.77555756156289E-17,0.));
#5634=DIRECTION('',(0.,0.,1.));
#5635=DIRECTION('',(-1.,-2.77555756156289E-17,0.));
#5636=DIRECTION('',(0.,0.,-1.));
#5637=DIRECTION('',(0.,0.,1.));
#5638=DIRECTION('',(-1.,-2.77555756156289E-17,0.));
#5639=DIRECTION('',(0.,0.,1.));
#5640=DIRECTION('',(0.,0.,1.));
#5641=DIRECTION('',(-1.,-2.77555756156289E-17,0.));
#5642=DIRECTION('',(2.77555756156289E-17,-1.,5.25355383396974E-16));
#5643=DIRECTION('',(-1.45815410689524E-32,5.25355383396974E-16,1.));
#5644=DIRECTION('',(1.,2.77555756156289E-17,0.));
#5645=DIRECTION('',(1.44943620412416E-16,1.,-5.25355383396974E-16));
#5646=DIRECTION('',(1.45815410689524E-32,-5.25355383396974E-16,-1.));
#5647=DIRECTION('',(-1.,1.44943620412416E-16,0.));
#5648=DIRECTION('',(0.,0.,-1.));
#5649=DIRECTION('',(1.,2.77555756156289E-17,0.));
#5650=DIRECTION('',(0.,0.,1.));
#5651=DIRECTION('',(-1.,-2.77555756156289E-17,0.));
#5652=DIRECTION('',(0.,0.,1.));
#5653=DIRECTION('',(-1.,-2.77555756156289E-17,0.));
#5654=DIRECTION('',(0.,0.,1.));
#5655=DIRECTION('',(-1.,-2.77555756156289E-17,0.));
#5656=DIRECTION('',(2.77555756156289E-17,-1.,5.25355383396974E-16));
#5657=DIRECTION('',(-1.45815410689524E-32,5.25355383396974E-16,1.));
#5658=DIRECTION('',(1.,2.77555756156289E-17,0.));
#5659=DIRECTION('',(-2.77555756156289E-17,1.,-5.25355383396974E-16));
#5660=DIRECTION('',(1.45815410689524E-32,-5.25355383396974E-16,-1.));
#5661=DIRECTION('',(-1.,-2.77555756156289E-17,0.));
#5662=DIRECTION('',(0.,0.,-1.));
#5663=DIRECTION('',(1.,2.77555756156289E-17,0.));
#5664=DIRECTION('',(0.,0.,1.));
#5665=DIRECTION('',(-1.,-2.77555756156289E-17,0.));
#5666=DIRECTION('',(0.,0.,1.));
#5667=DIRECTION('',(-1.,-2.77555756156289E-17,0.));
#5668=DIRECTION('',(0.,0.,1.));
#5669=DIRECTION('',(-1.,-2.77555756156289E-17,0.));
#5670=DIRECTION('',(-6.79815536723445E-33,2.44929359829471E-16,1.));
#5671=DIRECTION('',(-2.77555756156289E-17,1.,-2.44929359829471E-16));
#5672=DIRECTION('',(-1.70770422191275E-32,6.15265287797223E-16,-1.));
#5673=DIRECTION('',(2.77555756156289E-17,-1.,-6.15265287797223E-16));
#5674=DIRECTION('',(1.70770422191275E-32,-6.15265287797223E-16,-1.));
#5675=DIRECTION('',(2.77555756156289E-17,-1.,6.15265287797223E-16));
#5676=DIRECTION('',(1.70770422191275E-32,-6.15265287797223E-16,-1.));
#5677=DIRECTION('',(2.77555756156289E-17,-1.,6.15265287797223E-16));
#5678=DIRECTION('',(-1.70770422191275E-32,6.15265287797223E-16,-1.));
#5679=DIRECTION('',(2.77555756156289E-17,-1.,-6.15265287797223E-16));
#5680=DIRECTION('',(0.,0.,1.));
#5681=DIRECTION('',(1.,0.,0.));
#5682=DIRECTION('',(2.77555756156289E-17,-1.,2.44929359829471E-16));
#5683=DIRECTION('',(0.,0.,1.));
#5684=DIRECTION('',(-2.77555756156289E-17,1.,-2.44929359829471E-16));
#5685=DIRECTION('',(-5.47382212626882E-48,-1.,2.44929359829471E-16));
#5686=DIRECTION('',(0.,-2.44929359829471E-16,-1.));
#5687=DIRECTION('',(2.77555756156289E-17,-1.,2.44929359829471E-16));
#5688=DIRECTION('',(1.36314843927055E-14,1.,-3.04893749292886E-16));
#5689=DIRECTION('',(1.,-1.34892006430356E-14,0.));
#5690=DIRECTION('',(1.48732334807349E-14,1.,-2.44929359829471E-16));
#5691=DIRECTION('',(-1.,1.42006193913857E-14,0.));
#5692=DIRECTION('',(-5.47382212626882E-48,-1.,2.44929359829471E-16));
#5693=DIRECTION('',(0.,-2.44929359829471E-16,-1.));
#5694=DIRECTION('',(-1.48732334807349E-14,-1.,2.44929359829471E-16));
#5695=DIRECTION('',(-1.36314843927055E-14,-1.,3.04893749292886E-16));
#5696=DIRECTION('',(1.,-1.34892006430356E-14,0.));
#5697=DIRECTION('',(1.48732334807349E-14,1.,-2.44929359829471E-16));
#5698=DIRECTION('',(-4.23172082828161E-30,-3.10437272007303E-16,1.));
#5699=DIRECTION('',(-2.77555756156289E-17,1.,3.10437272007303E-16));
#5700=DIRECTION('',(-1.,1.36314843927055E-14,0.));
#5701=DIRECTION('',(1.48732334807349E-14,1.,3.10437272007303E-16));
#5702=DIRECTION('',(-1.,6.96989354416238E-32,2.84567499340017E-16));
#5703=DIRECTION('',(1.48732334807349E-14,1.,3.10437272007303E-16));
#5704=DIRECTION('',(-0.878447242083771,-2.43818088519968E-17,0.477839348395898));
#5705=DIRECTION('',(-0.477839348395898,-1.32627061665252E-17,-0.878447242083771));
#5706=DIRECTION('',(0.477839348395898,1.32627061665252E-17,0.878447242083771));
#5707=DIRECTION('',(-2.77555756156289E-17,1.,0.));
#5708=DIRECTION('',(0.477839348395898,1.32627061665252E-17,0.878447242083771));
#5709=DIRECTION('',(-2.77555756156289E-17,1.,0.));
#5710=DIRECTION('',(-0.998629534754574,-2.77175375638809E-17,-0.0523359562429359));
#5711=DIRECTION('',(0.0523359562429359,1.45261459091705E-18,-0.998629534754574));
#5712=DIRECTION('',(-0.0523359562429359,-1.45261459091705E-18,0.998629534754574));
#5713=DIRECTION('',(-2.77555756156289E-17,1.,0.));
#5714=DIRECTION('',(-0.0523359562429359,-1.45261459091705E-18,0.998629534754574));
#5715=DIRECTION('',(-2.77555756156289E-17,1.,0.));
#5716=DIRECTION('',(-0.0523359562429363,-1.45261459091707E-18,0.998629534754574));
#5717=DIRECTION('',(-0.998629534754574,-2.77175375638809E-17,-0.0523359562429363));
#5718=DIRECTION('',(0.998629534754574,2.77175375638809E-17,0.0523359562429363));
#5719=DIRECTION('',(0.998629534754574,2.77175375638809E-17,0.0523359562429363));
#5720=DIRECTION('',(-2.77555756156289E-17,1.,0.));
#5721=DIRECTION('',(0.998629534754574,2.77175375638809E-17,0.0523359562429359));
#5722=DIRECTION('',(-0.0523359562429359,-1.45261459091705E-18,0.998629534754574));
#5723=DIRECTION('',(0.0523359562429359,1.45261459091705E-18,-0.998629534754574));
#5724=DIRECTION('',(0.0523359562429359,1.45261459091705E-18,-0.998629534754574));
#5725=DIRECTION('',(-2.77555756156289E-17,1.,0.));
#5726=DIRECTION('',(0.878447242083773,2.43818088519968E-17,-0.477839348395895));
#5727=DIRECTION('',(0.477839348395895,1.32627061665251E-17,0.878447242083773));
#5728=DIRECTION('',(-0.477839348395895,-1.32627061665251E-17,-0.878447242083773));
#5729=DIRECTION('',(-2.77555756156289E-17,1.,0.));
#5730=DIRECTION('',(-0.477839348395895,-1.32627061665251E-17,-0.878447242083773));
#5731=DIRECTION('',(-2.77555756156289E-17,1.,0.));
#5732=DIRECTION('',(-2.77555756156289E-17,1.,0.));
#5733=DIRECTION('',(-1.,-2.77555756156289E-17,0.));
#5734=DIRECTION('',(2.77555756156289E-17,-1.,0.));
#5735=DIRECTION('',(1.,2.77555756156289E-17,0.));
#5736=DIRECTION('',(2.77555756156289E-17,-1.,0.));
#5737=DIRECTION('',(1.,2.77555756156289E-17,0.));
#5738=DIRECTION('',(-2.77555756156289E-17,1.,0.));
#5739=DIRECTION('',(0.,0.,1.));
#5740=DIRECTION('',(-1.,-2.77555756156289E-17,0.));
#5741=DIRECTION('',(-1.30851147939728E-14,-1.,-1.09273919746571E-15));
#5742=DIRECTION('',(1.,2.77555756156289E-17,0.));
#5743=DIRECTION('',(1.,2.77555756156289E-17,0.));
#5744=DIRECTION('',(-2.77555756156289E-17,1.,0.));
#5745=DIRECTION('',(-1.,-2.77555756156289E-17,0.));
#5746=DIRECTION('',(-2.77555756156289E-17,1.,0.));
#5747=DIRECTION('',(1.,2.77555756156289E-17,0.));
#5748=DIRECTION('',(-1.30851147939728E-14,-1.,-1.09273919746571E-15));
#5749=DIRECTION('',(-2.77555756156289E-17,1.,0.));
#5750=DIRECTION('',(1.,2.77555756156289E-17,0.));
#5751=DIRECTION('',(-1.,-2.77555756156289E-17,0.));
#5752=DIRECTION('',(2.77555756156289E-17,-1.,0.));
#5753=DIRECTION('',(-2.77555756156289E-17,1.,-2.44929359829471E-16));
#5754=DIRECTION('',(6.79815536723445E-33,-2.44929359829471E-16,-1.));
#5755=DIRECTION('',(-2.77555756156289E-17,1.,-2.44929359829471E-16));
#5756=DIRECTION('',(6.79815536723445E-33,-2.44929359829471E-16,-1.));
#5757=DIRECTION('',(3.16479302618275E-16,1.,-2.44929359829471E-16));
#5758=DIRECTION('',(-1.,3.16479302618275E-16,0.));
#5759=DIRECTION('',(1.,-3.16479302618275E-16,8.40790472927498E-32));
#5760=DIRECTION('',(6.79815536723445E-33,-2.44929359829471E-16,-1.));
#5761=DIRECTION('',(1.,-3.16479302618275E-16,8.40790472927498E-32));
#5762=DIRECTION('',(1.,2.77555756156289E-17,0.));
#5763=DIRECTION('',(-2.77555756156289E-17,1.,0.));
#5764=DIRECTION('',(2.77555756156289E-17,-1.,2.44929359829471E-16));
#5765=DIRECTION('',(6.79815536723445E-33,-2.44929359829471E-16,-1.));
#5766=DIRECTION('',(2.77555756156289E-17,-1.,2.44929359829471E-16));
#5767=DIRECTION('',(9.66025512624097E-17,-1.,2.44929359829471E-16));
#5768=DIRECTION('',(-6.79815536723445E-33,2.44929359829471E-16,1.));
#5769=DIRECTION('',(-1.,-9.66025512624097E-17,1.52870995077727E-32));
#5770=DIRECTION('',(-1.,-9.66025512624097E-17,1.52870995077727E-32));
#5771=DIRECTION('',(-2.20126773699982E-33,2.44929359829471E-16,1.));
#5772=DIRECTION('',(-2.77555756156289E-17,1.,-2.44929359829471E-16));
#5773=DIRECTION('',(-1.,-2.77555756156289E-17,0.));
#5774=DIRECTION('',(-2.77555756156289E-17,1.,-2.44929359829471E-16));
#5775=DIRECTION('',(-1.,-2.77555756156289E-17,0.));
#5776=DIRECTION('',(2.77555756156289E-17,-1.,2.44929359829471E-16));
#5777=DIRECTION('',(1.,-1.73115600389096E-16,4.46023609167956E-32));
#5778=DIRECTION('',(-2.77555756156289E-17,1.,-2.44929359829471E-16));
#5779=DIRECTION('',(1.,-2.56811923724406E-16,6.31866779654622E-32));
#5780=DIRECTION('',(1.,2.77555756156289E-17,0.));
#5781=DIRECTION('',(-2.77555756156289E-17,1.,0.));
#5782=DIRECTION('',(2.77555756156289E-17,-1.,2.44929359829471E-16));
#5783=DIRECTION('',(6.79815536723445E-33,-2.44929359829471E-16,-1.));
#5784=DIRECTION('',(6.79815536723445E-33,-2.44929359829471E-16,-1.));
#5785=DIRECTION('',(2.77555756156289E-17,-1.,2.44929359829471E-16));
#5786=DIRECTION('',(-6.79815536723445E-33,2.44929359829471E-16,1.));
#5787=DIRECTION('',(-1.,-2.77555756156289E-17,0.));
#5788=DIRECTION('',(6.79815536723445E-33,-2.44929359829471E-16,-1.));
#5789=DIRECTION('',(-1.,-2.77555756156289E-17,0.));
#5790=DIRECTION('',(2.77555756156289E-17,-1.,0.));
#5791=DIRECTION('',(-2.77555756156289E-17,1.,-2.44929359829471E-16));
#5792=DIRECTION('',(6.79815536723445E-33,-2.44929359829471E-16,-1.));
#5793=DIRECTION('',(-1.,-2.77555756156289E-17,0.));
#5794=DIRECTION('',(2.77555756156289E-17,-1.,0.));
#5795=DIRECTION('',(-2.77555756156289E-17,1.,-2.44929359829471E-16));
#5796=DIRECTION('',(6.79815536723445E-33,-2.44929359829471E-16,-1.));
#5797=DIRECTION('',(6.79815536723445E-33,-2.44929359829471E-16,-1.));
#5798=DIRECTION('',(1.73115600389096E-16,1.,-2.44929359829471E-16));
#5799=DIRECTION('',(6.79815536723445E-33,-2.44929359829471E-16,-1.));
#5800=DIRECTION('',(1.,-1.73115600389096E-16,4.46023609167956E-32));
#5801=DIRECTION('',(1.,2.77555756156289E-17,0.));
#5802=DIRECTION('',(-2.77555756156289E-17,1.,0.));
#5803=DIRECTION('',(6.79815536723445E-33,-2.44929359829471E-16,-1.));
#5804=DIRECTION('',(9.45908352776355E-34,-3.40799400407219E-17,-1.));
#5805=DIRECTION('',(9.45908352776355E-34,-3.40799400407219E-17,1.));
#5806=DIRECTION('',(1.48732334807349E-14,1.,3.10437272007303E-16));
#5807=DIRECTION('',(-4.02693110646187E-30,-3.04893749292886E-16,-1.));
#5808=DIRECTION('',(-1.36314843927055E-14,-1.,-3.40799400407219E-17));
#5809=DIRECTION('',(1.,-1.36314843927055E-14,0.));
#5810=DIRECTION('',(-1.,1.36314843927055E-14,0.));
#5811=DIRECTION('',(-2.77555756156289E-17,1.,0.));
#5812=DIRECTION('',(1.,2.77555756156289E-17,0.));
#5813=DIRECTION('',(2.77555756156289E-17,-1.,0.));
#5814=DIRECTION('',(1.,2.77555756156289E-17,0.));
#5815=DIRECTION('',(9.45908352776355E-34,-3.40799400407219E-17,1.));
#5816=DIRECTION('',(-1.36314843927055E-14,-1.,3.04893749292886E-16));
#5817=DIRECTION('',(1.,-1.36314843927055E-14,0.));
#5818=DIRECTION('',(-1.,-2.77555756156289E-17,0.));
#5819=DIRECTION('',(-1.,1.36314843927055E-14,0.));
#5820=DIRECTION('',(-8.46250151323131E-33,3.04893749292886E-16,1.));
#5821=DIRECTION('',(1.36314843927055E-14,1.,3.04893749292886E-16));
#5822=DIRECTION('',(-1.,1.36314843927055E-14,0.));
#5823=DIRECTION('',(-3.13506674144277E-30,-2.44929359829471E-16,-1.));
#5824=DIRECTION('',(1.,2.77555756156289E-17,0.));
#5825=DIRECTION('',(-4.23172082828161E-30,-3.10437272007303E-16,1.));
#5826=DIRECTION('',(-2.77555756156289E-17,1.,3.10437272007303E-16));
#5827=DIRECTION('',(1.48732334807349E-14,1.,-3.10437272007303E-16));
#5828=DIRECTION('',(1.36314843927055E-14,1.,-3.40799400407219E-17));
#5829=DIRECTION('',(-1.,1.36314843927055E-14,0.));
#5830=DIRECTION('',(9.45908352776355E-34,-3.40799400407219E-17,-1.));
#5831=DIRECTION('',(2.77555756156289E-17,-1.,0.));
#5832=DIRECTION('',(1.,2.77555756156289E-17,0.));
#5833=DIRECTION('',(-2.77555756156289E-17,1.,0.));
#5834=DIRECTION('',(1.,2.77555756156289E-17,0.));
#5835=DIRECTION('',(1.,-1.48732334807349E-14,5.07824813587879E-31));
#5836=DIRECTION('',(1.48732334807349E-14,1.,0.));
#5837=DIRECTION('',(-6.79815536723445E-33,2.44929359829471E-16,1.));
#5838=DIRECTION('',(-2.77555756156289E-17,1.,-2.44929359829471E-16));
#5839=DIRECTION('',(-2.77555756156289E-17,1.,0.));
#5840=DIRECTION('',(-1.,-2.77555756156289E-17,0.));
#5841=DIRECTION('',(-2.77555756156289E-17,1.,0.));
#5842=DIRECTION('',(-1.,-2.77555756156289E-17,0.));
#5843=DIRECTION('',(0.,0.,1.));
#5844=DIRECTION('',(1.,0.,0.));
#5845=DIRECTION('',(0.,0.,1.));
#5846=DIRECTION('',(-1.,1.22464679914735E-16,0.));
#5847=CARTESIAN_POINT('',(0.,0.,0.));
#5848=CARTESIAN_POINT('',(36.2712006308082,-3.17499998042708,-3.60612389732292));
#5849=CARTESIAN_POINT('',(36.2712006308082,1.90500001957291,14.8596761026771));
#5850=CARTESIAN_POINT('',(36.2712006308082,1.90500001957291,14.8596761026771));
#5851=CARTESIAN_POINT('',(36.2712006308082,3.30200001957292,14.8596761026771));
#5852=CARTESIAN_POINT('',(36.2712006308082,3.30200001957292,0.711876102677077));
#5853=CARTESIAN_POINT('',(36.2712006308082,3.30200001957292,0.711876102677077));
#5854=CARTESIAN_POINT('',(36.2712006308082,1.90500001957291,0.711876102677077));
#5855=CARTESIAN_POINT('',(36.2712006308082,1.90500001957291,0.711876102677075));
#5856=CARTESIAN_POINT('',(36.2712006308082,1.90500001957291,0.711876102677077));
#5857=CARTESIAN_POINT('',(-36.2711993691918,1.90500001957291,0.711876102677077));
#5858=CARTESIAN_POINT('',(-36.2711993691918,1.90500001957291,0.711876102677077));
#5859=CARTESIAN_POINT('',(-36.2711993691918,1.90500001957291,0.711876102677077));
#5860=CARTESIAN_POINT('',(-36.2711993691918,1.90500001957291,14.8596761026771));
#5861=CARTESIAN_POINT('',(-36.2711993691918,1.90500001957291,0.711876102677077));
#5862=CARTESIAN_POINT('',(-36.2711993691918,3.30200001957291,0.711876102677077));
#5863=CARTESIAN_POINT('',(-36.2711993691918,3.30200001957291,0.711876102677077));
#5864=CARTESIAN_POINT('',(-36.2711993691918,3.30200001957291,14.8596761026771));
#5865=CARTESIAN_POINT('',(-36.2711993691918,1.90500001957291,14.8596761026771));
#5866=CARTESIAN_POINT('',(36.2712006308082,-1.90499998042707,0.711876102677077));
#5867=CARTESIAN_POINT('',(36.2712006308082,-1.90499998042707,14.8596761026771));
#5868=CARTESIAN_POINT('',(36.2712006308082,-3.30199998042708,14.8596761026771));
#5869=CARTESIAN_POINT('',(36.2712006308082,-1.90499998042707,14.8596761026771));
#5870=CARTESIAN_POINT('',(36.2712006308082,-1.90499998042707,0.711876102677077));
#5871=CARTESIAN_POINT('',(36.2712006308082,-1.90499998042708,0.711876102677075));
#5872=CARTESIAN_POINT('',(36.2712006308082,-1.90499998042707,0.711876102677077));
#5873=CARTESIAN_POINT('',(36.2712006308082,-3.30199998042708,0.711876102677077));
#5874=CARTESIAN_POINT('',(36.2712006308082,-3.30199998042708,0.711876102677077));
#5875=CARTESIAN_POINT('',(36.2712006308082,1.90500001957291,0.711876102677077));
#5876=CARTESIAN_POINT('',(36.2712006308082,1.90500001957292,0.711876102677077));
#5877=CARTESIAN_POINT('',(35.8902006308082,1.90500001957292,0.711876102677077));
#5878=CARTESIAN_POINT('',(36.2712006308082,3.30200001957292,0.711876102677077));
#5879=CARTESIAN_POINT('',(35.8902006308082,3.30200001957292,0.711876102677077));
#5880=CARTESIAN_POINT('',(35.8902006308082,3.30200001957292,0.711876102677077));
#5881=CARTESIAN_POINT('',(35.8902006308082,2.79400001957291,0.711876102677077));
#5882=CARTESIAN_POINT('',(35.8902006308082,2.79400001957291,0.711876102677077));
#5883=CARTESIAN_POINT('',(35.6362006308082,2.79400001957291,0.711876102677077));
#5884=CARTESIAN_POINT('',(35.6362006308082,2.79400001957292,0.711876102677079));
#5885=CARTESIAN_POINT('',(35.6362006308082,-2.79399998042708,0.711876102677077));
#5886=CARTESIAN_POINT('',(35.8902006308082,-2.79399998042707,0.711876102677077));
#5887=CARTESIAN_POINT('',(35.8902006308082,-2.79399998042707,0.711876102677077));
#5888=CARTESIAN_POINT('',(35.8902006308082,-3.30199998042708,0.711876102677077));
#5889=CARTESIAN_POINT('',(35.8902006308082,-3.30199998042708,0.711876102677077));
#5890=CARTESIAN_POINT('',(36.2712006308082,-3.30199998042708,0.711876102677077));
#5891=CARTESIAN_POINT('',(36.2712006308082,-1.90499998042708,0.711876102677077));
#5892=CARTESIAN_POINT('',(35.8902006308082,-1.90499998042708,0.711876102677077));
#5893=CARTESIAN_POINT('',(35.8902006308082,1.90500001957292,0.711876102677077));
#5894=CARTESIAN_POINT('',(-35.8901993691917,2.79400001957291,0.711876102677077));
#5895=CARTESIAN_POINT('',(-35.8901993691917,1.90500001957292,0.711876102677077));
#5896=CARTESIAN_POINT('',(-35.8901993691918,-1.90499998042708,0.711876102677077));
#5897=CARTESIAN_POINT('',(-35.8901993691917,1.90500001957292,0.711876102677077));
#5898=CARTESIAN_POINT('',(-35.8901993691918,-1.90499998042708,0.711876102677077));
#5899=CARTESIAN_POINT('',(-36.2711993691918,-1.90499998042708,0.711876102677077));
#5900=CARTESIAN_POINT('',(-36.2711993691918,-1.90499998042707,0.711876102677077));
#5901=CARTESIAN_POINT('',(-36.2711993691918,-3.30199998042708,0.711876102677077));
#5902=CARTESIAN_POINT('',(-36.2711993691918,-3.30199998042708,0.711876102677077));
#5903=CARTESIAN_POINT('',(-35.8901993691917,-3.30199998042708,0.711876102677077));
#5904=CARTESIAN_POINT('',(-35.8901993691917,-3.30199998042708,0.711876102677077));
#5905=CARTESIAN_POINT('',(-35.8901993691917,-2.79399998042708,0.711876102677077));
#5906=CARTESIAN_POINT('',(-35.8901993691917,-2.79399998042708,0.711876102677077));
#5907=CARTESIAN_POINT('',(-35.6361993691918,-2.79399998042708,0.711876102677077));
#5908=CARTESIAN_POINT('',(-35.6361993691918,2.79400001957291,0.711876102677079));
#5909=CARTESIAN_POINT('',(-35.6361993691918,2.79400001957291,0.711876102677077));
#5910=CARTESIAN_POINT('',(-35.8901993691917,2.79400001957291,0.711876102677077));
#5911=CARTESIAN_POINT('',(-35.8901993691917,2.79400001957291,0.711876102677077));
#5912=CARTESIAN_POINT('',(-35.8901993691918,3.30200001957291,0.711876102677077));
#5913=CARTESIAN_POINT('',(-35.8901993691918,3.30200001957291,0.711876102677077));
#5914=CARTESIAN_POINT('',(-36.2711993691918,3.30200001957291,0.711876102677077));
#5915=CARTESIAN_POINT('',(-35.8901993691917,1.90500001957292,0.711876102677077));
#5916=CARTESIAN_POINT('',(25.8064006308082,1.95729169207404E-8,9.14467610267708));
#5917=CARTESIAN_POINT('',(25.8064006308082,1.95729169207404E-8,9.14467610267708));
#5918=CARTESIAN_POINT('',(25.8064006308082,-8.91536379801748,7.11267610267708));
#5919=CARTESIAN_POINT('',(25.8064006308082,-8.51524714403183,12.476837824851));
#5920=CARTESIAN_POINT('',(25.8064006308082,-8.76271468592789,12.5736761026771));
#5921=CARTESIAN_POINT('',(25.8064006308082,-8.76271468592789,12.5736761026771));
#5922=CARTESIAN_POINT('',(25.8064006308082,1.95729151860169E-8,7.11267610267708));
#5923=CARTESIAN_POINT('',(25.8064006308082,-10.3250999804271,7.11267610267708));
#5924=CARTESIAN_POINT('',(25.8064006308082,-8.91536379801748,7.11267610267708));
#5925=CARTESIAN_POINT('',(13.1064006308082,1.95729165682446E-8,9.14467610267708));
#5926=CARTESIAN_POINT('',(13.1064006308082,1.95729165682446E-8,9.14467610267708));
#5927=CARTESIAN_POINT('',(13.1064006308082,-8.91536379801748,7.11267610267708));
#5928=CARTESIAN_POINT('',(13.1064006308082,-8.51524714403183,12.476837824851));
#5929=CARTESIAN_POINT('',(13.1064006308082,-8.91536379801748,7.11267610267708));
#5930=CARTESIAN_POINT('',(13.1064006308082,-10.3250999804271,7.11267610267708));
#5931=CARTESIAN_POINT('',(13.1064006308082,1.95729148335211E-8,7.11267610267708));
#5932=CARTESIAN_POINT('',(13.1064006308082,-8.76271468592789,12.5736761026771));
#5933=CARTESIAN_POINT('',(13.1064006308082,-8.76271468592789,12.5736761026771));
#5934=CARTESIAN_POINT('',(13.1064006308082,-8.76271468592789,12.5736761026771));
#5935=CARTESIAN_POINT('',(13.1064006308082,-8.51524714403183,12.476837824851));
#5936=CARTESIAN_POINT('',(13.1064006308082,-8.76271468592789,12.5736761026771));
#5937=CARTESIAN_POINT('',(13.1064006308082,1.95729183029681E-8,7.11267610267708));
#5938=CARTESIAN_POINT('',(13.1064006308082,-10.3250999804271,7.11267610267708));
#5939=CARTESIAN_POINT('',(-25.8571993691918,1.95729172215109E-8,7.11267610267708));
#5940=CARTESIAN_POINT('',(-25.8571993691918,1.95729172215109E-8,7.11267610267708));
#5941=CARTESIAN_POINT('',(-25.8571993691918,10.3251000195729,7.11267610267708));
#5942=CARTESIAN_POINT('',(-25.8571993691918,8.76271472507372,12.5736761026771));
#5943=CARTESIAN_POINT('',(-25.8571993691918,8.91536383716331,7.11267610267708));
#5944=CARTESIAN_POINT('',(-25.8571993691918,8.91536383716331,7.11267610267708));
#5945=CARTESIAN_POINT('',(-25.8571993691918,1.95729154867874E-8,9.14467610267708));
#5946=CARTESIAN_POINT('',(-25.8571993691918,8.51565997391929,12.47578275692));
#5947=CARTESIAN_POINT('',(-25.8571993691918,8.51565997391929,12.47578275692));
#5948=CARTESIAN_POINT('',(-13.1571993691918,1.95729175740067E-8,7.11267610267708));
#5949=CARTESIAN_POINT('',(-13.1571993691918,1.95729175740067E-8,7.11267610267708));
#5950=CARTESIAN_POINT('',(-13.1571993691918,10.3251000195729,7.11267610267708));
#5951=CARTESIAN_POINT('',(-13.1571993691918,8.76271472507372,12.5736761026771));
#5952=CARTESIAN_POINT('',(-13.1571993691918,8.51565997391929,12.47578275692));
#5953=CARTESIAN_POINT('',(-13.1571993691918,8.51565997391929,12.47578275692));
#5954=CARTESIAN_POINT('',(-13.1571993691918,1.95729158392832E-8,9.14467610267708));
#5955=CARTESIAN_POINT('',(-13.1571993691918,8.91536383716331,7.11267610267708));
#5956=CARTESIAN_POINT('',(-13.1571993691918,8.91536383716331,7.11267610267708));
#5957=CARTESIAN_POINT('',(-13.1571993691918,8.51565997391929,12.47578275692));
#5958=CARTESIAN_POINT('',(-13.1571993691918,8.51565997391929,12.47578275692));
#5959=CARTESIAN_POINT('',(-13.1571993691918,8.76271472507372,12.5736761026771));
#5960=CARTESIAN_POINT('',(-13.1571993691918,1.95729175740067E-8,7.11267610267708));
#5961=CARTESIAN_POINT('',(-13.1571993691918,10.3251000195729,7.11267610267708));
#5962=CARTESIAN_POINT('',(25.8064006308082,1.95729169207404E-8,9.14467610267708));
#5963=CARTESIAN_POINT('',(25.8064006308082,1.95729169207404E-8,9.14467610267708));
#5964=CARTESIAN_POINT('',(25.8064006308082,8.91536383716331,7.11267610267708));
#5965=CARTESIAN_POINT('',(25.8064006308082,8.51524718317766,12.476837824851));
#5966=CARTESIAN_POINT('',(25.8064006308082,8.91536383716331,7.11267610267708));
#5967=CARTESIAN_POINT('',(25.8064006308082,10.3251000195729,7.11267610267708));
#5968=CARTESIAN_POINT('',(25.8064006308082,1.95729186554639E-8,7.11267610267708));
#5969=CARTESIAN_POINT('',(25.8064006308082,8.76271472507372,12.5736761026771));
#5970=CARTESIAN_POINT('',(25.8064006308082,8.76271472507372,12.5736761026771));
#5971=CARTESIAN_POINT('',(13.1064006308082,1.95729165682446E-8,9.14467610267708));
#5972=CARTESIAN_POINT('',(13.1064006308082,1.95729165682446E-8,9.14467610267708));
#5973=CARTESIAN_POINT('',(13.1064006308082,8.91536383716331,7.11267610267708));
#5974=CARTESIAN_POINT('',(13.1064006308082,8.51524718317766,12.476837824851));
#5975=CARTESIAN_POINT('',(13.1064006308082,8.76271472507372,12.5736761026771));
#5976=CARTESIAN_POINT('',(13.1064006308082,8.76271472507372,12.5736761026771));
#5977=CARTESIAN_POINT('',(13.1064006308082,1.95729183029681E-8,7.11267610267708));
#5978=CARTESIAN_POINT('',(13.1064006308082,10.3251000195729,7.11267610267708));
#5979=CARTESIAN_POINT('',(13.1064006308082,8.91536383716331,7.11267610267708));
#5980=CARTESIAN_POINT('',(13.1064006308082,1.95729183029681E-8,7.11267610267708));
#5981=CARTESIAN_POINT('',(13.1064006308082,10.3251000195729,7.11267610267708));
#5982=CARTESIAN_POINT('',(13.1064006308082,8.76271472507372,12.5736761026771));
#5983=CARTESIAN_POINT('',(13.1064006308082,8.76271472507372,12.5736761026771));
#5984=CARTESIAN_POINT('',(13.1064006308082,8.51524718317766,12.476837824851));
#5985=CARTESIAN_POINT('',(-25.8571993691918,1.9572913752064E-8,7.11267610267708));
#5986=CARTESIAN_POINT('',(-25.8571993691918,1.9572913752064E-8,7.11267610267708));
#5987=CARTESIAN_POINT('',(-25.8571993691918,-10.3250999804271,7.11267610267708));
#5988=CARTESIAN_POINT('',(-25.8571993691918,-8.76271468592789,12.5736761026771));
#5989=CARTESIAN_POINT('',(-25.8571993691918,-8.51565993477346,12.47578275692));
#5990=CARTESIAN_POINT('',(-25.8571993691918,-8.51565993477346,12.47578275692));
#5991=CARTESIAN_POINT('',(-25.8571993691918,1.95729154867874E-8,9.14467610267708));
#5992=CARTESIAN_POINT('',(-25.8571993691918,-8.91536379801748,7.11267610267708));
#5993=CARTESIAN_POINT('',(-25.8571993691918,-8.91536379801748,7.11267610267708));
#5994=CARTESIAN_POINT('',(-13.1571993691918,1.95729141045598E-8,7.11267610267708));
#5995=CARTESIAN_POINT('',(-13.1571993691918,1.95729141045598E-8,7.11267610267708));
#5996=CARTESIAN_POINT('',(-13.1571993691918,-10.3250999804271,7.11267610267708));
#5997=CARTESIAN_POINT('',(-13.1571993691918,-8.76271468592789,12.5736761026771));
#5998=CARTESIAN_POINT('',(-13.1571993691918,-8.91536379801748,7.11267610267708));
#5999=CARTESIAN_POINT('',(-13.1571993691918,-8.91536379801748,7.11267610267708));
#6000=CARTESIAN_POINT('',(-13.1571993691918,1.95729158392832E-8,9.14467610267708));
#6001=CARTESIAN_POINT('',(-13.1571993691918,-8.51565993477346,12.47578275692));
#6002=CARTESIAN_POINT('',(-13.1571993691918,-8.51565993477346,12.47578275692));
#6003=CARTESIAN_POINT('',(-13.1571993691918,-8.51565993477346,12.47578275692));
#6004=CARTESIAN_POINT('',(-13.1571993691918,-8.76271468592789,12.5736761026771));
#6005=CARTESIAN_POINT('',(-13.1571993691918,-8.51565993477346,12.47578275692));
#6006=CARTESIAN_POINT('',(-13.1571993691918,1.95729175740067E-8,7.11267610267708));
#6007=CARTESIAN_POINT('',(-13.1571993691918,-10.3250999804271,7.11267610267708));
#6008=CARTESIAN_POINT('',(-35.8346509810477,7.93750001957291,-0.786723897322924));
#6009=CARTESIAN_POINT('',(-35.8346509810477,7.93750001957291,-0.786723897322924));
#6010=CARTESIAN_POINT('',(-35.8346509810477,8.72490001957291,-0.786723897322924));
#6011=CARTESIAN_POINT('',(-35.8346509810477,7.93750001957291,-1.57412389732292));
#6012=CARTESIAN_POINT('',(-35.8346509810477,7.93750001957291,0.000676102677076712));
#6013=CARTESIAN_POINT('',(-35.8346509810477,8.72490001957291,0.000676102677076712));
#6014=CARTESIAN_POINT('',(-27.6224993691918,-8.00099998042709,-0.499323897322919));
#6015=CARTESIAN_POINT('',(-27.6224993691918,-8.00099998042709,0.000676102677081157));
#6016=CARTESIAN_POINT('',(-27.6224993691918,-9.96149998042709,0.000676102677081637));
#6017=CARTESIAN_POINT('',(-27.6224993691918,-8.00099998042709,-0.499323897322919));
#6018=CARTESIAN_POINT('',(-27.6224993691918,-9.46149998042709,-0.499323897322918));
#6019=CARTESIAN_POINT('',(27.6225006308082,8.00100001957292,-0.499323897322923));
#6020=CARTESIAN_POINT('',(27.6225006308082,8.00100001957292,0.000676102677077254));
#6021=CARTESIAN_POINT('',(27.6225006308082,6.04050001957292,0.000676102677077734));
#6022=CARTESIAN_POINT('',(27.6225006308082,8.00100001957292,-0.499323897322923));
#6023=CARTESIAN_POINT('',(27.6225006308082,6.54050001957292,-0.499323897322922));
#6024=CARTESIAN_POINT('',(-27.2414993691918,-5.49489119626711,-0.888323897322921));
#6025=CARTESIAN_POINT('',(-27.2414993691918,-10.8523700803014,-0.888323897322921));
#6026=CARTESIAN_POINT('',(-27.2414993691918,-6.5910711701675,-0.888323897322921));
#6027=CARTESIAN_POINT('',(-27.2414993691918,-9.41092879068666,-0.888323897322921));
#6028=CARTESIAN_POINT('',(-27.6224993691918,-8.00099998042709,-0.888323897322921));
#6029=CARTESIAN_POINT('',(-28.0034993691918,-9.41092879068666,-0.888323897322921));
#6030=CARTESIAN_POINT('',(-28.0034993691918,-10.8523700803014,-0.888323897322921));
#6031=CARTESIAN_POINT('',(-28.0034993691918,-6.5910711701675,-0.888323897322921));
#6032=CARTESIAN_POINT('',(-27.6224993691918,-8.00099998042709,-0.888323897322921));
#6033=CARTESIAN_POINT('',(-28.0034993691918,-10.8523700803014,-0.888323897322921));
#6034=CARTESIAN_POINT('',(-28.0034993691918,-9.41092879068666,0.000676102677078447));
#6035=CARTESIAN_POINT('',(-28.0034993691918,-9.41092879068666,-1.77732389732292));
#6036=CARTESIAN_POINT('',(-28.0034993691918,-6.54049998042708,-1.77732389732292));
#6037=CARTESIAN_POINT('',(-28.0034993691918,-9.51229998042708,-1.77732389732292));
#6038=CARTESIAN_POINT('',(-28.0034993691918,-9.51229998042708,-0.939123897322916));
#6039=CARTESIAN_POINT('',(-28.0034993691918,-9.51229998042709,-2.92441212470985));
#6040=CARTESIAN_POINT('',(-28.0034993691918,-9.51229998042709,-2.92441212470985));
#6041=CARTESIAN_POINT('',(-28.0034993691918,-9.37582244298829,-3.09255095917523));
#6042=CARTESIAN_POINT('',(-28.0034993691918,-9.00231586686498,-3.36313319636735));
#6043=CARTESIAN_POINT('',(-28.0034993691918,-8.59374771738247,-3.42832389732292));
#6044=CARTESIAN_POINT('',(-28.0034993691918,-8.35591897118413,-3.42832389732292));
#6045=CARTESIAN_POINT('',(-28.0034993691918,-8.35591897118413,-3.42832389732292));
#6046=CARTESIAN_POINT('',(-28.0034993691918,-10.8523700803014,-3.42832389732292));
#6047=CARTESIAN_POINT('',(-28.0034993691918,-7.64608098967004,-3.42832389732292));
#6048=CARTESIAN_POINT('',(-28.0034993691918,-7.64608098967004,-3.42832389732292));
#6049=CARTESIAN_POINT('',(-28.0034993691918,-7.41133342235991,-3.42832389732292));
#6050=CARTESIAN_POINT('',(-28.0034993691918,-6.99117923617042,-3.35972592020934));
#6051=CARTESIAN_POINT('',(-28.0034993691918,-6.63072599987392,-3.09815463929081));
#6052=CARTESIAN_POINT('',(-28.0034993691918,-6.48969998042708,-2.92441212471354));
#6053=CARTESIAN_POINT('',(-28.0034993691799,-6.48969998042708,-2.92441212471354));
#6054=CARTESIAN_POINT('',(-28.0034993691918,-6.48969998042708,-0.939123897322917));
#6055=CARTESIAN_POINT('',(-28.0034993691918,-6.48969998042708,-1.77732389732292));
#6056=CARTESIAN_POINT('',(-28.0034993691918,-6.54049998042708,-1.77732389732292));
#6057=CARTESIAN_POINT('',(-28.0034993691918,-6.5910711701675,-1.77732389732292));
#6058=CARTESIAN_POINT('',(-28.0034993691918,-6.5910711701675,0.000676102677078447));
#6059=CARTESIAN_POINT('',(-27.2414993691918,-10.8523700803014,-0.888323897322921));
#6060=CARTESIAN_POINT('',(-27.2414993691918,-9.41092879068666,0.000676102677078447));
#6061=CARTESIAN_POINT('',(-27.2414993691918,-9.41092879068666,-1.77732389732292));
#6062=CARTESIAN_POINT('',(-27.2414993691918,-6.5910711701675,0.000676102677078447));
#6063=CARTESIAN_POINT('',(-27.2414993691918,-6.5910711701675,-1.77732389732292));
#6064=CARTESIAN_POINT('',(-27.2414993691918,-6.54049998042708,-1.77732389732292));
#6065=CARTESIAN_POINT('',(-27.2414993691918,-6.48969998042708,-1.77732389732292));
#6066=CARTESIAN_POINT('',(-27.2414993691918,-6.48969998042708,-0.939123897322917));
#6067=CARTESIAN_POINT('',(-27.2414993691918,-6.48969998042708,-2.92441212470985));
#6068=CARTESIAN_POINT('',(-27.2414993691918,-6.48969998042708,-2.92441212470985));
#6069=CARTESIAN_POINT('',(-27.2414993691918,-6.6261775178692,-3.09255095917932));
#6070=CARTESIAN_POINT('',(-27.2414993691918,-6.99968409398695,-3.36313319636531));
#6071=CARTESIAN_POINT('',(-27.2414993691918,-7.40825224347289,-3.42832389732292));
#6072=CARTESIAN_POINT('',(-27.2414993691918,-7.64608098967004,-3.42832389732292));
#6073=CARTESIAN_POINT('',(-27.2414993691918,-7.64608098967004,-3.42832389732292));
#6074=CARTESIAN_POINT('',(-27.2414993691918,-10.8523700803014,-3.42832389732292));
#6075=CARTESIAN_POINT('',(-27.2414993691918,-8.35591897118413,-3.42832389732292));
#6076=CARTESIAN_POINT('',(-27.2414993691918,-8.35591897118413,-3.42832389732292));
#6077=CARTESIAN_POINT('',(-27.2414993691918,-8.59066653849417,-3.42832389732292));
#6078=CARTESIAN_POINT('',(-27.2414993691918,-9.01082072468379,-3.35972592020934));
#6079=CARTESIAN_POINT('',(-27.2414993691918,-9.37127396098025,-3.09815463929083));
#6080=CARTESIAN_POINT('',(-27.2414993691918,-9.51229998042709,-2.92441212471354));
#6081=CARTESIAN_POINT('',(-27.2414993691918,-9.51229998042709,-2.92441212471354));
#6082=CARTESIAN_POINT('',(-27.2414993691918,-9.51229998042708,-0.939123897322916));
#6083=CARTESIAN_POINT('',(-27.2414993691918,-9.51229998042708,-1.77732389732292));
#6084=CARTESIAN_POINT('',(-27.2414993691918,-6.54049998042708,-1.77732389732292));
#6085=CARTESIAN_POINT('',(28.0289006308082,5.41406433485842,-0.888323897322924));
#6086=CARTESIAN_POINT('',(27.6225006308082,8.00100001957292,-0.888323897322926));
#6087=CARTESIAN_POINT('',(28.0289006308082,6.59818168136943,-0.888323897322926));
#6088=CARTESIAN_POINT('',(27.2161006308082,6.59818168136943,-0.888323897322926));
#6089=CARTESIAN_POINT('',(27.2161006308082,11.4983242233206,-0.888323897322928));
#6090=CARTESIAN_POINT('',(27.2161006308082,9.4038183577764,-0.888323897322926));
#6091=CARTESIAN_POINT('',(27.6225006308082,8.00100001957292,-0.888323897322926));
#6092=CARTESIAN_POINT('',(28.0289006308082,9.4038183577764,-0.888323897322926));
#6093=CARTESIAN_POINT('',(28.0289006308082,11.4983242233206,-0.888323897322928));
#6094=CARTESIAN_POINT('',(27.2161006308082,11.4983242233206,-0.888323897322928));
#6095=CARTESIAN_POINT('',(27.2161006308082,6.59818168136943,0.000676102677074977));
#6096=CARTESIAN_POINT('',(27.2161006308082,6.59818168136943,-1.77732389732293));
#6097=CARTESIAN_POINT('',(27.2161006308082,9.46150001957291,-1.77732389732293));
#6098=CARTESIAN_POINT('',(27.2161006308082,6.47700001957292,-1.77732389732293));
#6099=CARTESIAN_POINT('',(27.2161006308082,6.47700001957292,-0.939123897322926));
#6100=CARTESIAN_POINT('',(27.2161006308082,6.47700001957292,-2.90822732979302));
#6101=CARTESIAN_POINT('',(27.2161006308082,6.47700001957292,-2.90822732979302));
#6102=CARTESIAN_POINT('',(27.2161006308082,6.61402608459185,-3.08192426111303));
#6103=CARTESIAN_POINT('',(27.2161006308082,6.99459052622233,-3.36108367895475));
#6104=CARTESIAN_POINT('',(27.2161006308082,7.40795640903857,-3.42752525701469));
#6105=CARTESIAN_POINT('',(27.2161006308082,7.65552266865103,-3.42832389732292));
#6106=CARTESIAN_POINT('',(27.2161006308082,7.65552266865103,-3.42832389732292));
#6107=CARTESIAN_POINT('',(27.2161006308082,11.4983242233206,-3.42832389732293));
#6108=CARTESIAN_POINT('',(27.2161006308082,8.3464773704948,-3.42832389732292));
#6109=CARTESIAN_POINT('',(27.2161006308082,8.3464773704948,-3.42832389732292));
#6110=CARTESIAN_POINT('',(27.2161006308082,8.85993659283018,-3.4266674953874));
#6111=CARTESIAN_POINT('',(27.2161006308082,9.25277747585622,-3.25330197287743));
#6112=CARTESIAN_POINT('',(27.2161006308082,9.52500001957291,-2.90822732979302));
#6113=CARTESIAN_POINT('',(27.2161006308082,9.52500001957291,-2.90822732979302));
#6114=CARTESIAN_POINT('',(27.2161006308082,9.52500001957292,-0.939123897322926));
#6115=CARTESIAN_POINT('',(27.2161006308082,9.52500001957292,-1.77732389732293));
#6116=CARTESIAN_POINT('',(27.2161006308082,9.46150001957291,-1.77732389732293));
#6117=CARTESIAN_POINT('',(27.2161006308082,9.4038183577764,-1.77732389732293));
#6118=CARTESIAN_POINT('',(27.2161006308082,9.4038183577764,0.000676102677074977));
#6119=CARTESIAN_POINT('',(28.0289006308082,11.4983242233206,-0.888323897322928));
#6120=CARTESIAN_POINT('',(28.0289006308082,6.59818168136943,0.000676102677074977));
#6121=CARTESIAN_POINT('',(28.0289006308082,6.59818168136943,-1.77732389732293));
#6122=CARTESIAN_POINT('',(28.0289006308082,9.4038183577764,0.000676102677074977));
#6123=CARTESIAN_POINT('',(28.0289006308082,9.4038183577764,-1.77732389732293));
#6124=CARTESIAN_POINT('',(28.0289006308082,9.46150001957291,-1.77732389732293));
#6125=CARTESIAN_POINT('',(28.0289006308082,9.52500001957292,-1.77732389732293));
#6126=CARTESIAN_POINT('',(28.0289006308082,9.52500001957292,-0.939123897322926));
#6127=CARTESIAN_POINT('',(28.0289006308082,9.52500001957291,-2.90822732979302));
#6128=CARTESIAN_POINT('',(28.0289006308082,9.52500001957291,-2.90822732979302));
#6129=CARTESIAN_POINT('',(28.0289006308082,9.38797395455417,-3.08192426111279));
#6130=CARTESIAN_POINT('',(28.0289006308082,9.00740951292397,-3.3610836789538));
#6131=CARTESIAN_POINT('',(28.0289006308082,8.5940436301094,-3.42752525701468));
#6132=CARTESIAN_POINT('',(28.0289006308082,8.3464773704948,-3.42832389732292));
#6133=CARTESIAN_POINT('',(28.0289006308082,8.3464773704948,-3.42832389732292));
#6134=CARTESIAN_POINT('',(28.0289006308082,11.4983242233206,-3.42832389732293));
#6135=CARTESIAN_POINT('',(28.0289006308082,7.65552266865103,-3.42832389732292));
#6136=CARTESIAN_POINT('',(28.0289006308082,7.65552266865103,-3.42832389732292));
#6137=CARTESIAN_POINT('',(28.0289006308082,7.14206344631565,-3.42666749538741));
#6138=CARTESIAN_POINT('',(28.0289006308082,6.74922256328961,-3.25330197287744));
#6139=CARTESIAN_POINT('',(28.0289006308082,6.47700001957292,-2.90822732979302));
#6140=CARTESIAN_POINT('',(28.0289006308082,6.47700001957292,-2.90822732979302));
#6141=CARTESIAN_POINT('',(28.0289006308082,6.47700001957292,-0.939123897322926));
#6142=CARTESIAN_POINT('',(28.0289006308082,6.47700001957292,-1.77732389732293));
#6143=CARTESIAN_POINT('',(28.0289006308082,9.46150001957291,-1.77732389732293));
#6144=CARTESIAN_POINT('',(25.315856884658,9.52500001957292,-0.939123897322926));
#6145=CARTESIAN_POINT('',(27.6225006308082,9.52500001957292,-1.77732389732293));
#6146=CARTESIAN_POINT('',(26.5887955229559,9.52500001957292,-1.77732389732293));
#6147=CARTESIAN_POINT('',(27.2161006308082,9.52500001957291,-2.90822732979302));
#6148=CARTESIAN_POINT('',(27.0165515677114,9.52500001957291,-2.84077338001297));
#6149=CARTESIAN_POINT('',(26.6682652998856,9.52500001957292,-2.60689789417162));
#6150=CARTESIAN_POINT('',(26.5536736039247,9.52500001957292,-2.18458629566397));
#6151=CARTESIAN_POINT('',(26.5887955229537,9.52500001957292,-1.98052389732148));
#6152=CARTESIAN_POINT('',(26.5887955229537,9.52500001957292,-1.98052389732148));
#6153=CARTESIAN_POINT('',(26.5887955229559,9.52500001957292,0.000676102677074977));
#6154=CARTESIAN_POINT('',(25.315856884658,6.47700001957292,-0.939123897322926));
#6155=CARTESIAN_POINT('',(26.5887955229559,6.47700001957292,-1.98052389732292));
#6156=CARTESIAN_POINT('',(26.5539102836931,6.47700001957292,-2.18321115898372));
#6157=CARTESIAN_POINT('',(26.667614792972,6.47700001957292,-2.60640419584124));
#6158=CARTESIAN_POINT('',(27.0157155525653,6.47700001957292,-2.84049078022195));
#6159=CARTESIAN_POINT('',(27.2161006308082,6.47700001957292,-2.90822732979302));
#6160=CARTESIAN_POINT('',(26.5887955229559,6.47700001957292,-1.98052389732292));
#6161=CARTESIAN_POINT('',(27.6225006308082,6.47700001957292,-1.77732389732293));
#6162=CARTESIAN_POINT('',(26.5887955229559,6.47700001957292,-1.77732389732293));
#6163=CARTESIAN_POINT('',(26.5887955229559,6.47700001957292,0.000676102677076712));
#6164=CARTESIAN_POINT('',(27.6225006308082,8.53440001957292,-3.42832389732292));
#6165=CARTESIAN_POINT('',(27.6225006308082,8.00100001957292,-3.42832389732292));
#6166=CARTESIAN_POINT('',(27.6225006308082,8.00100001957292,-2.10754028001945));
#6167=CARTESIAN_POINT('',(27.6225006308082,8.00100001957292,-1.98052389732292));
#6168=CARTESIAN_POINT('',(27.6225006308082,8.00100001957292,0.000676102677074977));
#6169=CARTESIAN_POINT('',(27.6225006308082,8.00100001957292,-1.77732389732293));
#6170=CARTESIAN_POINT('',(27.6225006308082,9.46150001957291,-1.77732389732293));
#6171=CARTESIAN_POINT('',(27.6225006308082,8.00100001957292,-1.77732389732293));
#6172=CARTESIAN_POINT('',(27.6225006308082,8.00100001957292,0.000676102677074977));
#6173=CARTESIAN_POINT('',(27.6225006308082,8.00100001957292,-1.77732389732293));
#6174=CARTESIAN_POINT('',(-30.6997803524723,-6.48969998042708,-0.939123897322917));
#6175=CARTESIAN_POINT('',(-27.6224993691918,-6.48969998042708,-1.77732389732292));
#6176=CARTESIAN_POINT('',(-28.6746849801939,-6.48969998042708,-1.77732389732292));
#6177=CARTESIAN_POINT('',(-28.0034993691799,-6.48969998042708,-2.92441212471354));
#6178=CARTESIAN_POINT('',(-28.197067309005,-6.48969998042708,-2.86429273324192));
#6179=CARTESIAN_POINT('',(-28.5165864879963,-6.48969998042708,-2.6704593137188));
#6180=CARTESIAN_POINT('',(-28.6746849801995,-6.48969998042708,-2.29611818381778));
#6181=CARTESIAN_POINT('',(-28.6746849801995,-6.48969998042708,-2.10752389732516));
#6182=CARTESIAN_POINT('',(-28.6746849801995,-6.48969998042708,-2.10752389732516));
#6183=CARTESIAN_POINT('',(-28.6746849801939,-6.48969998042708,0.000676102677078447));
#6184=CARTESIAN_POINT('',(-30.6997803524723,-9.51229998042708,-0.939123897322916));
#6185=CARTESIAN_POINT('',(-28.6746849801939,-9.51229998042708,-2.10752389732292));
#6186=CARTESIAN_POINT('',(-28.6746849801939,-9.51229998042708,-2.29694631327576));
#6187=CARTESIAN_POINT('',(-28.5198869167648,-9.51229998042709,-2.66924515909554));
#6188=CARTESIAN_POINT('',(-28.1899328860073,-9.51229998042708,-2.86650858141911));
#6189=CARTESIAN_POINT('',(-28.0034993691918,-9.51229998042708,-2.92441212470985));
#6190=CARTESIAN_POINT('',(-28.6746849801939,-9.51229998042708,-2.10752389732292));
#6191=CARTESIAN_POINT('',(-27.6224993691918,-9.51229998042708,-1.77732389732292));
#6192=CARTESIAN_POINT('',(-28.6746849801939,-9.51229998042708,-1.77732389732292));
#6193=CARTESIAN_POINT('',(-28.6746849801939,-9.51229998042708,0.000676102677078447));
#6194=CARTESIAN_POINT('',(-27.6224993691918,-7.48029998042708,-3.42832389732292));
#6195=CARTESIAN_POINT('',(-27.6224993691918,-8.00099998042709,-3.42832389732292));
#6196=CARTESIAN_POINT('',(-27.6224993691918,-8.00099998042709,-2.10752389732292));
#6197=CARTESIAN_POINT('',(-27.6224993691918,-8.00099998042709,-2.10752389732292));
#6198=CARTESIAN_POINT('',(-27.6224993691918,-8.00099998042709,0.000676102677078447));
#6199=CARTESIAN_POINT('',(-27.6224993691918,-8.00099998042709,-1.77732389732292));
#6200=CARTESIAN_POINT('',(-27.6224993691918,-6.54049998042708,-1.77732389732292));
#6201=CARTESIAN_POINT('',(-27.6224993691918,-8.00099998042709,-1.77732389732292));
#6202=CARTESIAN_POINT('',(-27.6224993691918,-8.00099998042709,0.000676102677078447));
#6203=CARTESIAN_POINT('',(-27.6224993691918,-8.00099998042709,-1.77732389732292));
#6204=CARTESIAN_POINT('',(33.4264006308082,-4.12749998042708,0.99127610267708));
#6205=CARTESIAN_POINT('',(33.4264006308082,4.12750001957292,0.991276102677078));
#6206=CARTESIAN_POINT('',(33.4264006308082,-4.12749998042708,0.99127610267708));
#6207=CARTESIAN_POINT('',(33.4264006308082,4.12750001957292,0.991276102677078));
#6208=CARTESIAN_POINT('',(33.4264006308082,-4.12749998042708,0.99127610267708));
#6209=CARTESIAN_POINT('',(34.4424006308082,-4.12749998042708,0.99127610267708));
#6210=CARTESIAN_POINT('',(34.4424006308082,-4.12749998042708,0.99127610267708));
#6211=CARTESIAN_POINT('',(34.4424006308082,4.12750001957292,0.991276102677078));
#6212=CARTESIAN_POINT('',(34.4424006308082,4.12750001957292,0.991276102677078));
#6213=CARTESIAN_POINT('',(33.4264006308082,4.12750001957292,0.991276102677078));
#6214=CARTESIAN_POINT('',(33.4264006308082,4.12750001957292,0.000676102677076712));
#6215=CARTESIAN_POINT('',(33.4264006308082,-4.12749998042708,0.000676102677076712));
#6216=CARTESIAN_POINT('',(33.4264006308082,4.12750001957292,0.000676102677076712));
#6217=CARTESIAN_POINT('',(33.4264006308082,-4.12749998042708,0.99127610267708));
#6218=CARTESIAN_POINT('',(33.4264006308082,-4.12749998042708,0.985234960662508));
#6219=CARTESIAN_POINT('',(33.4264006308082,-4.12749998042708,0.99127610267708));
#6220=CARTESIAN_POINT('',(33.4264006308082,4.12750001957292,0.991276102677078));
#6221=CARTESIAN_POINT('',(33.4264006308082,4.12750001957292,0.985234960662509));
#6222=CARTESIAN_POINT('',(33.4264006308082,4.12750001957292,0.991276102677078));
#6223=CARTESIAN_POINT('',(34.4424006308082,4.12750001957292,0.991276102677078));
#6224=CARTESIAN_POINT('',(-34.4423993691918,4.12750001957292,0.985234960662509));
#6225=CARTESIAN_POINT('',(34.4424006308082,4.12750001957292,0.985234960662509));
#6226=CARTESIAN_POINT('',(34.4424006308082,4.12750001957292,0.991276102677078));
#6227=CARTESIAN_POINT('',(33.4264006308082,-4.12749998042708,0.99127610267708));
#6228=CARTESIAN_POINT('',(-34.4423993691918,-4.12749998042714,0.985234960662541));
#6229=CARTESIAN_POINT('',(34.4424006308082,-4.12749998042708,0.985234960662508));
#6230=CARTESIAN_POINT('',(34.4424006308082,-4.12749998042708,0.99127610267708));
#6231=CARTESIAN_POINT('',(-34.4423993691918,-4.12749998042708,0.99127610267708));
#6232=CARTESIAN_POINT('',(-33.4263993691918,-4.12749998042709,0.99127610267708));
#6233=CARTESIAN_POINT('',(-33.4263993691918,-4.12749998042709,0.99127610267708));
#6234=CARTESIAN_POINT('',(-34.4423993691918,-4.12749998042708,0.99127610267708));
#6235=CARTESIAN_POINT('',(-33.4263993691918,4.12750001957292,0.991276102677078));
#6236=CARTESIAN_POINT('',(-33.4263993691918,4.12750001957292,0.991276102677078));
#6237=CARTESIAN_POINT('',(-34.4423993691918,4.12750001957292,0.991276102677078));
#6238=CARTESIAN_POINT('',(-34.4423993691918,4.12750001957292,0.991276102677078));
#6239=CARTESIAN_POINT('',(-34.4423993691918,-4.12749998042708,0.99127610267708));
#6240=CARTESIAN_POINT('',(-33.4263993691918,4.12750001957292,0.991276102677078));
#6241=CARTESIAN_POINT('',(-33.4263993691918,4.12750001957292,0.000676102677076712));
#6242=CARTESIAN_POINT('',(-33.4263993691918,4.12750001957292,0.000676102677076712));
#6243=CARTESIAN_POINT('',(-33.4263993691918,-4.12749998042708,0.000676102677076712));
#6244=CARTESIAN_POINT('',(-33.4263993691918,4.12750001957292,0.991276102677078));
#6245=CARTESIAN_POINT('',(-33.4263993691918,4.12750001957292,0.985234960662509));
#6246=CARTESIAN_POINT('',(-33.4263993691918,4.12750001957292,0.991276102677078));
#6247=CARTESIAN_POINT('',(-33.4263993691918,-4.12749998042709,0.99127610267708));
#6248=CARTESIAN_POINT('',(-33.4263993691918,-4.12749998042709,0.985234960662508));
#6249=CARTESIAN_POINT('',(-33.4263993691918,-4.12749998042708,0.000676102677076712));
#6250=CARTESIAN_POINT('',(-33.4263993691918,-4.12749998042709,0.99127610267708));
#6251=CARTESIAN_POINT('',(-34.4423993691918,-4.12749998042708,0.985234960662508));
#6252=CARTESIAN_POINT('',(-34.4423993691918,-4.12749998042708,0.985234960662508));
#6253=CARTESIAN_POINT('',(-34.4423993691918,-4.12749998042708,0.99127610267708));
#6254=CARTESIAN_POINT('',(-34.4423993691918,4.12750001957292,0.991276102677078));
#6255=CARTESIAN_POINT('',(-34.4423993691918,4.12750001957292,0.985234960662509));
#6256=CARTESIAN_POINT('',(-34.4423993691918,4.12750001957292,0.985234960662509));
#6257=CARTESIAN_POINT('',(-34.4423993691918,4.12750001957292,0.991276102677078));
#6258=CARTESIAN_POINT('',(-37.2692657519537,-7.96370120848655,13.8436761026771));
#6259=CARTESIAN_POINT('',(-38.2851110102326,8.30743260775269,13.8614077476174));
#6260=CARTESIAN_POINT('',(-38.2748672273281,8.1053584629089,14.4482736771698));
#6261=CARTESIAN_POINT('',(-37.8562210776452,7.96370124763239,14.8596761026771));
#6262=CARTESIAN_POINT('',(-37.2692657519537,7.96370124763238,14.8596761026771));
#6263=CARTESIAN_POINT('',(-38.2851110102326,8.30743260775269,13.8614077476174));
#6264=CARTESIAN_POINT('',(-37.2692657519537,7.96370124763238,14.8596761026771));
#6265=CARTESIAN_POINT('',(-38.2851110102326,7.96370124763238,13.8614077476174));
#6266=CARTESIAN_POINT('',(-38.2851110102326,1.90500001957291,13.8614077476174));
#6267=CARTESIAN_POINT('',(-37.2692657519537,1.90500001957291,13.8436761026771));
#6268=CARTESIAN_POINT('',(-37.2692657519537,1.90500001957291,14.8596761026771));
#6269=CARTESIAN_POINT('',(-37.2692657519537,1.90500001957291,14.8596761026771));
#6270=CARTESIAN_POINT('',(-37.2692657519537,-7.96370120848655,13.8436761026771));
#6271=CARTESIAN_POINT('',(-37.2692657519537,-1.90499998042708,13.8436761026771));
#6272=CARTESIAN_POINT('',(-38.2851110102326,-1.90499998042708,13.8614077476174));
#6273=CARTESIAN_POINT('',(-37.2692657519537,-1.90499998042708,14.8596761026771));
#6274=CARTESIAN_POINT('',(-38.2851110102326,-1.90499998042708,13.8614077476174));
#6275=CARTESIAN_POINT('',(-38.2851110102326,-8.30743256860687,13.8614077476174));
#6276=CARTESIAN_POINT('',(-37.2692657519537,-7.96370120848655,14.8596761026771));
#6277=CARTESIAN_POINT('',(-37.8562210776452,-7.96370120848655,14.8596761026771));
#6278=CARTESIAN_POINT('',(-38.2748672273281,-8.10535842376306,14.4482736771698));
#6279=CARTESIAN_POINT('',(-38.2851110102326,-8.30743256860687,13.8614077476174));
#6280=CARTESIAN_POINT('',(-37.2692657519537,-7.96370120848655,14.8596761026771));
#6281=CARTESIAN_POINT('',(-37.2692657519537,-7.96370120848655,14.8596761026771));
#6282=CARTESIAN_POINT('',(37.2692670135702,-7.96370120848655,13.8436761026771));
#6283=CARTESIAN_POINT('',(37.2692670135702,1.90500001957291,13.8436761026771));
#6284=CARTESIAN_POINT('',(38.2851122718491,1.90500001957292,13.8614077476174));
#6285=CARTESIAN_POINT('',(37.2692670135702,1.90500001957291,14.8596761026771));
#6286=CARTESIAN_POINT('',(38.2851122718491,-7.96370120848655,13.8614077476174));
#6287=CARTESIAN_POINT('',(38.2851122718491,8.3074326077527,13.8614077476174));
#6288=CARTESIAN_POINT('',(37.2692670135702,7.96370124763239,14.8596761026771));
#6289=CARTESIAN_POINT('',(37.8562223392617,7.96370124763239,14.8596761026771));
#6290=CARTESIAN_POINT('',(38.2748684889446,8.1053584629089,14.4482736771698));
#6291=CARTESIAN_POINT('',(38.2851122718491,8.3074326077527,13.8614077476174));
#6292=CARTESIAN_POINT('',(37.2692670135702,7.96370124763239,14.8596761026771));
#6293=CARTESIAN_POINT('',(37.2692670135702,-7.96370120848655,14.8596761026771));
#6294=CARTESIAN_POINT('',(37.2692670135702,-7.96370120848655,13.8436761026771));
#6295=CARTESIAN_POINT('',(38.2851122718491,-8.30743256860686,13.8614077476174));
#6296=CARTESIAN_POINT('',(38.2748684889446,-8.10535842376305,14.4482736771698));
#6297=CARTESIAN_POINT('',(37.8562223392617,-7.96370120848655,14.8596761026771));
#6298=CARTESIAN_POINT('',(37.2692670135702,-7.96370120848655,14.8596761026771));
#6299=CARTESIAN_POINT('',(38.2851122718491,-8.30743256860686,13.8614077476174));
#6300=CARTESIAN_POINT('',(37.2692670135702,-7.96370120848655,14.8596761026771));
#6301=CARTESIAN_POINT('',(38.2851122718491,-7.96370120848655,13.8614077476174));
#6302=CARTESIAN_POINT('',(38.2851122718491,-1.90499998042708,13.8614077476174));
#6303=CARTESIAN_POINT('',(37.2692670135702,-1.90499998042708,13.8436761026771));
#6304=CARTESIAN_POINT('',(37.2692670135702,-1.90499998042708,14.8596761026771));
#6305=CARTESIAN_POINT('',(37.2692670135702,-7.96370120848655,14.8596761026771));
#6306=CARTESIAN_POINT('',(-38.5571993691918,10.3251000195729,-1.72652389732292));
#6307=CARTESIAN_POINT('',(-38.5571993691918,1.90500001957292,-1.72652389732292));
#6308=CARTESIAN_POINT('',(-38.5270509810477,1.90500001957291,0.000676102677078447));
#6309=CARTESIAN_POINT('',(-38.5392057089697,13.3198356853388,-0.695667793603806));
#6310=CARTESIAN_POINT('',(-38.387393006557,10.3251000195729,8.00167610267708));
#6311=CARTESIAN_POINT('',(-38.5571993691918,10.3251000195729,-1.72652389732292));
#6312=CARTESIAN_POINT('',(-38.5270509810477,10.3251000195729,0.000676102677076712));
#6313=CARTESIAN_POINT('',(-38.5270509810477,10.3251000195729,0.000676102677074977));
#6314=CARTESIAN_POINT('',(38.2676874328957,-7.96370120848655,14.8596761026771));
#6315=CARTESIAN_POINT('',(38.3874405082717,10.3260121755992,7.99902700922345));
#6316=CARTESIAN_POINT('',(38.3873942681735,10.3251000195729,8.00167610267708));
#6317=CARTESIAN_POINT('',(38.2676874328957,1.90500001957292,14.8596761026771));
#6318=CARTESIAN_POINT('',(38.5270522426642,1.90500001957291,0.000676102677074977));
#6319=CARTESIAN_POINT('',(38.5270522426642,-7.96370120848655,0.000676102677081916));
#6320=CARTESIAN_POINT('',(38.5270522426642,10.3251000195729,0.000676102677076712));
#6321=CARTESIAN_POINT('',(38.2676874328957,10.3251000195729,14.8596761026771));
#6322=CARTESIAN_POINT('',(-38.5571993691918,10.3251000195729,-1.72652389732292));
#6323=CARTESIAN_POINT('',(-38.4282781554824,-11.1316215147996,5.65936748947263));
#6324=CARTESIAN_POINT('',(-38.387393006557,-10.3250999804271,8.00167610267708));
#6325=CARTESIAN_POINT('',(-38.5571993691918,-1.90499998042709,-1.72652389732292));
#6326=CARTESIAN_POINT('',(-38.5270509810477,-1.90499998042707,0.000676102677078447));
#6327=CARTESIAN_POINT('',(-38.5270509810477,10.3251000195729,0.000676102677074977));
#6328=CARTESIAN_POINT('',(-38.5270509810477,-10.3250999804271,0.000676102677076712));
#6329=CARTESIAN_POINT('',(-38.5571993691918,-10.3250999804271,-1.72652389732292));
#6330=CARTESIAN_POINT('',(38.2676874328957,-7.96370120848655,14.8596761026771));
#6331=CARTESIAN_POINT('',(38.2676874328957,-1.90499998042708,14.8596761026771));
#6332=CARTESIAN_POINT('',(38.5270522426642,-1.90499998042708,0.000676102677078447));
#6333=CARTESIAN_POINT('',(38.3874405082717,-10.3260121364533,7.99902700922345));
#6334=CARTESIAN_POINT('',(38.3873942681735,-10.3250999804271,8.00167610267708));
#6335=CARTESIAN_POINT('',(38.2676874328957,-10.3250999804271,14.8596761026771));
#6336=CARTESIAN_POINT('',(38.5270522426642,-10.3250999804271,0.000676102677073243));
#6337=CARTESIAN_POINT('',(38.5270522426642,-7.96370120848655,0.000676102677081916));
#6338=CARTESIAN_POINT('',(-35.8901993691917,1.90500001957292,-0.812123897322922));
#6339=CARTESIAN_POINT('',(-35.8901993691918,-1.90499998042708,-0.812123897322922));
#6340=CARTESIAN_POINT('',(-35.8901993691918,-1.90499998042708,0.000676102677078447));
#6341=CARTESIAN_POINT('',(-35.8901993691917,1.90500001957292,-0.812123897322922));
#6342=CARTESIAN_POINT('',(-35.8901993691917,1.90500001957292,0.000676102677078447));
#6343=CARTESIAN_POINT('',(-35.8901993691917,10.3251000195729,0.000676102677076712));
#6344=CARTESIAN_POINT('',(35.8902006308082,1.90500001957292,-0.812123897322922));
#6345=CARTESIAN_POINT('',(35.8902006308082,1.90500001957292,-0.812123897322922));
#6346=CARTESIAN_POINT('',(35.8902006308082,1.90500001957292,0.000676102677078447));
#6347=CARTESIAN_POINT('',(35.8902006308082,-1.90499998042708,-0.812123897322922));
#6348=CARTESIAN_POINT('',(35.8902006308082,-1.90499998042708,0.000676102677078447));
#6349=CARTESIAN_POINT('',(35.8902006308082,10.325100019573,0.000676102677076712));
#6350=CARTESIAN_POINT('',(18.2100558993467,7.62676543117582,3.81341292340562));
#6351=CARTESIAN_POINT('',(18.2100558993467,7.40574206113018,3.5305503060545));
#6352=CARTESIAN_POINT('',(18.2100558993467,7.40574206113018,3.5305503060545));
#6353=CARTESIAN_POINT('',(18.2100558993467,7.62676543117582,3.81341292340562));
#6354=CARTESIAN_POINT('',(19.5562097455005,7.40574206113018,3.5305503060545));
#6355=CARTESIAN_POINT('',(19.5562097455005,7.40574206113018,3.5305503060545));
#6356=CARTESIAN_POINT('',(19.5562097455005,7.62676543117582,3.81341292340562));
#6357=CARTESIAN_POINT('',(19.5562097455005,7.62676543117582,3.81341292340562));
#6358=CARTESIAN_POINT('',(18.2100558993467,7.62676543117582,3.81341292340562));
#6359=CARTESIAN_POINT('',(19.5562097455005,7.40574206113018,3.5305503060545));
#6360=CARTESIAN_POINT('',(-34.4423993691918,7.28816952729977,3.62241920656653));
#6361=CARTESIAN_POINT('',(18.2100558993467,7.28816952729977,3.62241920656653));
#6362=CARTESIAN_POINT('',(19.5562097455005,7.28816952729977,3.62241920656653));
#6363=CARTESIAN_POINT('',(19.5562097455005,7.40574206113018,3.5305503060545));
#6364=CARTESIAN_POINT('',(18.2100558993467,7.40574206113018,3.5305503060545));
#6365=CARTESIAN_POINT('',(19.5562097455005,7.62676543117582,3.81341292340562));
#6366=CARTESIAN_POINT('',(19.5562097455005,1.95729167472627E-8,9.14467610267708));
#6367=CARTESIAN_POINT('',(19.5562097455005,7.49942625506351,3.91291328901328));
#6368=CARTESIAN_POINT('',(19.5562097455005,7.62676543117582,3.81341292340562));
#6369=CARTESIAN_POINT('',(18.2100558993467,7.62676543117582,3.81341292340562));
#6370=CARTESIAN_POINT('',(-34.4423993691918,7.49942625506351,3.91291328901328));
#6371=CARTESIAN_POINT('',(18.2100558993467,7.49942625506351,3.91291328901328));
#6372=CARTESIAN_POINT('',(18.2100558993467,7.62676543117582,3.81341292340562));
#6373=CARTESIAN_POINT('',(18.2100558993467,7.40574206113018,3.5305503060545));
#6374=CARTESIAN_POINT('',(18.2100558993467,1.95729167098995E-8,9.14467610267708));
#6375=CARTESIAN_POINT('',(-20.5104213119174,7.90086812607073,4.16420571823524));
#6376=CARTESIAN_POINT('',(-21.5424725939687,7.90086812607073,4.16420571823524));
#6377=CARTESIAN_POINT('',(-21.5424725939687,7.90086812607073,4.16420571823524));
#6378=CARTESIAN_POINT('',(-20.5104213119174,7.90086812607073,4.16420571823524));
#6379=CARTESIAN_POINT('',(-21.5424725939687,7.7074726772808,3.91670092805301));
#6380=CARTESIAN_POINT('',(-21.5424725939687,7.7074726772808,3.91670092805301));
#6381=CARTESIAN_POINT('',(-20.5104213119174,7.7074726772808,3.91670092805301));
#6382=CARTESIAN_POINT('',(-20.5104213119174,7.7074726772808,3.91670092805301));
#6383=CARTESIAN_POINT('',(-20.5104213119174,7.0720304883996,3.10347090316855));
#6384=CARTESIAN_POINT('',(-20.5104213119174,7.0720304883996,3.10347090316855));
#6385=CARTESIAN_POINT('',(-20.1963187478149,7.0720304883996,3.10347090316855));
#6386=CARTESIAN_POINT('',(-20.1963187478149,7.0720304883996,3.10347090316855));
#6387=CARTESIAN_POINT('',(-20.1963187478149,7.7074726772808,3.91670092805301));
#6388=CARTESIAN_POINT('',(-20.1963187478149,7.7074726772808,3.91670092805301));
#6389=CARTESIAN_POINT('',(-19.1642674657636,7.7074726772808,3.91670092805301));
#6390=CARTESIAN_POINT('',(-19.1642674657636,7.7074726772808,3.91670092805301));
#6391=CARTESIAN_POINT('',(-19.1642674657636,7.90086812607073,4.16420571823524));
#6392=CARTESIAN_POINT('',(-19.1642674657636,7.90086812607073,4.16420571823524));
#6393=CARTESIAN_POINT('',(-20.1963187478149,7.90086812607073,4.16420571823524));
#6394=CARTESIAN_POINT('',(-20.1963187478149,7.90086812607073,4.16420571823524));
#6395=CARTESIAN_POINT('',(-20.1963187478149,8.53631031495192,4.97743574311969));
#6396=CARTESIAN_POINT('',(-20.1963187478149,8.53631031495192,4.97743574311969));
#6397=CARTESIAN_POINT('',(-20.5104213119174,8.53631031495192,4.97743574311969));
#6398=CARTESIAN_POINT('',(-20.5104213119174,8.53631031495192,4.97743574311969));
#6399=CARTESIAN_POINT('',(-20.5104213119174,7.90086812607073,4.16420571823524));
#6400=CARTESIAN_POINT('',(-21.5424725939687,7.7074726772808,3.91670092805301));
#6401=CARTESIAN_POINT('',(-21.5424725939687,1.95729156065452E-8,9.14467610267708));
#6402=CARTESIAN_POINT('',(-21.5424725939687,7.74590792463814,4.28528861799878));
#6403=CARTESIAN_POINT('',(-21.5424725939687,7.57379014708216,4.02115786767064));
#6404=CARTESIAN_POINT('',(-21.5424725939687,7.7074726772808,3.91670092805301));
#6405=CARTESIAN_POINT('',(-21.5424725939687,7.90086812607073,4.16420571823524));
#6406=CARTESIAN_POINT('',(-20.5104213119174,7.7074726772808,3.91670092805301));
#6407=CARTESIAN_POINT('',(-34.4423993691918,7.57379014708216,4.02115786767064));
#6408=CARTESIAN_POINT('',(-20.5104213119174,7.57379014708216,4.02115786767064));
#6409=CARTESIAN_POINT('',(-20.5104213119174,7.7074726772808,3.91670092805301));
#6410=CARTESIAN_POINT('',(-20.5104213119174,7.0720304883996,3.10347090316855));
#6411=CARTESIAN_POINT('',(-20.5104213119174,1.95729156351903E-8,9.14467610267708));
#6412=CARTESIAN_POINT('',(-20.5104213119174,6.94814864939545,3.20026977252979));
#6413=CARTESIAN_POINT('',(-20.5104213119174,7.0720304883996,3.10347090316855));
#6414=CARTESIAN_POINT('',(-20.1963187478149,7.0720304883996,3.10347090316855));
#6415=CARTESIAN_POINT('',(-34.4423993691918,6.94814864939545,3.20026977252979));
#6416=CARTESIAN_POINT('',(-20.1963187478149,6.94814864939545,3.20026977252979));
#6417=CARTESIAN_POINT('',(-20.1963187478149,7.0720304883996,3.10347090316855));
#6418=CARTESIAN_POINT('',(-20.1963187478149,7.7074726772808,3.91670092805301));
#6419=CARTESIAN_POINT('',(-20.1963187478149,1.95729156439084E-8,9.14467610267708));
#6420=CARTESIAN_POINT('',(-20.1963187478149,7.57379014708216,4.02115786767064));
#6421=CARTESIAN_POINT('',(-20.1963187478149,7.7074726772808,3.91670092805301));
#6422=CARTESIAN_POINT('',(-19.1642674657636,7.7074726772808,3.91670092805301));
#6423=CARTESIAN_POINT('',(-34.4423993691918,7.57379014708216,4.02115786767064));
#6424=CARTESIAN_POINT('',(-19.1642674657636,7.57379014708216,4.02115786767064));
#6425=CARTESIAN_POINT('',(-19.1642674657636,7.7074726772808,3.91670092805301));
#6426=CARTESIAN_POINT('',(-19.1642674657636,7.90086812607073,4.16420571823524));
#6427=CARTESIAN_POINT('',(-19.1642674657636,1.95729156725536E-8,9.14467610267708));
#6428=CARTESIAN_POINT('',(-19.1642674657636,7.74590792463814,4.28528861799878));
#6429=CARTESIAN_POINT('',(-19.1642674657636,7.90086812607073,4.16420571823524));
#6430=CARTESIAN_POINT('',(-20.1963187478149,7.90086812607073,4.16420571823524));
#6431=CARTESIAN_POINT('',(-34.4423993691918,7.74590792463814,4.28528861799878));
#6432=CARTESIAN_POINT('',(-20.1963187478149,7.74590792463814,4.28528861799878));
#6433=CARTESIAN_POINT('',(-20.1963187478149,7.90086812607073,4.16420571823524));
#6434=CARTESIAN_POINT('',(-20.1963187478149,8.53631031495192,4.97743574311969));
#6435=CARTESIAN_POINT('',(-20.1963187478149,1.95729156439084E-8,9.14467610267708));
#6436=CARTESIAN_POINT('',(-20.1963187478149,8.24994980612999,5.20119229780518));
#6437=CARTESIAN_POINT('',(-20.1963187478149,8.53631031495192,4.97743574311969));
#6438=CARTESIAN_POINT('',(-20.5104213119174,8.53631031495192,4.97743574311969));
#6439=CARTESIAN_POINT('',(-34.4423993691918,8.24994980612998,5.20119229780518));
#6440=CARTESIAN_POINT('',(-20.5104213119174,8.24994980612999,5.20119229780518));
#6441=CARTESIAN_POINT('',(-20.5104213119174,8.53631031495192,4.97743574311969));
#6442=CARTESIAN_POINT('',(-20.5104213119174,7.90086812607073,4.16420571823524));
#6443=CARTESIAN_POINT('',(-20.5104213119174,1.95729156351903E-8,9.14467610267708));
#6444=CARTESIAN_POINT('',(-20.5104213119174,7.74590792463814,4.28528861799878));
#6445=CARTESIAN_POINT('',(-20.5104213119174,7.90086812607073,4.16420571823524));
#6446=CARTESIAN_POINT('',(-21.5424725939687,7.90086812607073,4.16420571823524));
#6447=CARTESIAN_POINT('',(-34.4423993691918,7.74590792463814,4.28528861799878));
#6448=CARTESIAN_POINT('',(-36.0171993691918,-3.30199998042708,11.6846761026771));
#6449=CARTESIAN_POINT('',(-35.8901993691917,2.79400001957291,11.6846761026771));
#6450=CARTESIAN_POINT('',(-35.8901993691917,2.79400001957291,11.6846761026771));
#6451=CARTESIAN_POINT('',(-34.4423993691918,2.79400001957291,11.6846761026771));
#6452=CARTESIAN_POINT('',(-34.4423993691918,-3.30199998042708,11.6846761026771));
#6453=CARTESIAN_POINT('',(-34.4423993691918,3.30200001957291,11.6846761026771));
#6454=CARTESIAN_POINT('',(-36.0171993691918,3.30200001957291,11.6846761026771));
#6455=CARTESIAN_POINT('',(-35.8901993691918,3.30200001957291,11.6846761026771));
#6456=CARTESIAN_POINT('',(-35.8901993691918,3.30200001957291,11.6846761026771));
#6457=CARTESIAN_POINT('',(-36.0171993691918,-3.30199998042708,11.6846761026771));
#6458=CARTESIAN_POINT('',(-35.8901993691917,-2.79399998042708,11.6846761026771));
#6459=CARTESIAN_POINT('',(-34.4423993691918,-2.79399998042708,11.6846761026771));
#6460=CARTESIAN_POINT('',(-35.8901993691917,-2.79399998042708,11.6846761026771));
#6461=CARTESIAN_POINT('',(-35.8901993691917,-3.30199998042708,11.6846761026771));
#6462=CARTESIAN_POINT('',(-35.8901993691917,-3.30199998042708,11.6846761026771));
#6463=CARTESIAN_POINT('',(-36.0171993691918,-3.30199998042708,11.6846761026771));
#6464=CARTESIAN_POINT('',(-34.4423993691918,-3.30199998042708,11.6846761026771));
#6465=CARTESIAN_POINT('',(-34.4423993691918,-3.30199998042708,11.6846761026771));
#6466=CARTESIAN_POINT('',(34.4424006308082,3.30200001957292,11.6846761026771));
#6467=CARTESIAN_POINT('',(35.8902006308082,-2.79399998042707,11.6846761026771));
#6468=CARTESIAN_POINT('',(34.4424006308082,-2.79399998042708,11.6846761026771));
#6469=CARTESIAN_POINT('',(35.8902006308082,-2.79399998042707,11.6846761026771));
#6470=CARTESIAN_POINT('',(34.4424006308082,-3.30199998042708,11.6846761026771));
#6471=CARTESIAN_POINT('',(34.4424006308082,-3.30199998042708,11.6846761026771));
#6472=CARTESIAN_POINT('',(36.0172006308082,-3.30199998042708,11.6846761026771));
#6473=CARTESIAN_POINT('',(35.8902006308082,-3.30199998042708,11.6846761026771));
#6474=CARTESIAN_POINT('',(35.8902006308082,-3.30199998042708,11.6846761026771));
#6475=CARTESIAN_POINT('',(34.4424006308082,3.30200001957292,11.6846761026771));
#6476=CARTESIAN_POINT('',(35.8902006308082,3.30200001957292,11.6846761026771));
#6477=CARTESIAN_POINT('',(35.8902006308082,3.30200001957292,11.6846761026771));
#6478=CARTESIAN_POINT('',(35.8902006308082,2.79400001957291,11.6846761026771));
#6479=CARTESIAN_POINT('',(36.0172006308082,3.30200001957292,11.6846761026771));
#6480=CARTESIAN_POINT('',(34.4424006308082,3.30200001957292,11.6846761026771));
#6481=CARTESIAN_POINT('',(34.4424006308082,-3.30199998042708,11.6846761026771));
#6482=CARTESIAN_POINT('',(34.4424006308082,2.79400001957291,11.6846761026771));
#6483=CARTESIAN_POINT('',(35.8902006308082,2.79400001957291,11.6846761026771));
#6484=CARTESIAN_POINT('',(32.8676006308082,-8.91536379801748,8.68747610267708));
#6485=CARTESIAN_POINT('',(34.4424006308082,-10.088960103233,8.68747610267708));
#6486=CARTESIAN_POINT('',(34.4424006308082,-10.1710978161058,8.44893086348448));
#6487=CARTESIAN_POINT('',(34.3891127352301,-10.2511598960658,8.21641369997539));
#6488=CARTESIAN_POINT('',(34.2852301310656,-10.3250999804271,8.00167610267708));
#6489=CARTESIAN_POINT('',(34.4424006308082,-10.088960103233,8.68747610267708));
#6490=CARTESIAN_POINT('',(34.2852301310656,-10.3250999804271,8.00167610267708));
#6491=CARTESIAN_POINT('',(34.4424006308082,-10.3250999804271,8.68747610267708));
#6492=CARTESIAN_POINT('',(34.4424006308082,-9.13256282773341,8.68747610267708));
#6493=CARTESIAN_POINT('',(34.4424006308082,-9.13256282773341,8.68747610267708));
#6494=CARTESIAN_POINT('',(34.4424006308082,-9.12778840078933,8.59210699916281));
#6495=CARTESIAN_POINT('',(34.4285356131106,-9.11549617123175,8.40000985782434));
#6496=CARTESIAN_POINT('',(34.3398372935947,-9.08665398956854,8.11538785700717));
#6497=CARTESIAN_POINT('',(34.2679338475529,-9.06740732738507,7.96140363421476));
#6498=CARTESIAN_POINT('',(34.1454703514622,-9.03871444123836,7.75509296852783));
#6499=CARTESIAN_POINT('',(34.0005651517577,-9.00959714646875,7.57735345215541));
#6500=CARTESIAN_POINT('',(33.7129691688047,-8.96602586336163,7.34625935613583));
#6501=CARTESIAN_POINT('',(33.4889057870752,-8.9416859415741,7.23126426916957));
#6502=CARTESIAN_POINT('',(33.1640408217118,-8.91926087996703,7.12860582788186));
#6503=CARTESIAN_POINT('',(32.9661865297342,-8.91536379801748,7.11267610267708));
#6504=CARTESIAN_POINT('',(32.8676006308082,-8.91536379801748,7.11267610267708));
#6505=CARTESIAN_POINT('',(32.8676006308082,-8.91536379801748,7.11267610267708));
#6506=CARTESIAN_POINT('',(32.8676006308082,-8.91536379801748,7.11267610267708));
#6507=CARTESIAN_POINT('',(32.8676006308082,-10.3250999804271,7.11267610267708));
#6508=CARTESIAN_POINT('',(32.8676006308082,-10.3250999804271,8.68747610267708));
#6509=CARTESIAN_POINT('',(32.8676006308082,8.91536383716332,8.68747610267708));
#6510=CARTESIAN_POINT('',(32.8676006308082,8.91536383716331,7.11267610267708));
#6511=CARTESIAN_POINT('',(32.9663605440781,8.91536383716331,7.11267610267708));
#6512=CARTESIAN_POINT('',(33.1634773168746,8.91917332867899,7.12800194965037));
#6513=CARTESIAN_POINT('',(33.4940979583315,8.94215517804903,7.23405662804074));
#6514=CARTESIAN_POINT('',(33.7000773021893,8.96488722686712,7.33873760145642));
#6515=CARTESIAN_POINT('',(34.0026881731051,9.00951732122462,7.57616773039711));
#6516=CARTESIAN_POINT('',(34.182773734351,9.04668067013278,7.80683363317294));
#6517=CARTESIAN_POINT('',(34.3819789720822,9.09553329073023,8.16815426292041));
#6518=CARTESIAN_POINT('',(34.4424006308082,9.12302976307006,8.49705250322966));
#6519=CARTESIAN_POINT('',(34.4424006308082,9.13256286687925,8.68747610267708));
#6520=CARTESIAN_POINT('',(34.4424006308082,9.13256286687925,8.68747610267708));
#6521=CARTESIAN_POINT('',(32.8676006308082,8.91536383716331,7.11267610267708));
#6522=CARTESIAN_POINT('',(34.4424006308082,8.91536383716332,8.68747610267708));
#6523=CARTESIAN_POINT('',(34.4424006308082,10.0889601423789,8.68747610267708));
#6524=CARTESIAN_POINT('',(34.2852301310656,10.3251000195729,8.00167610267708));
#6525=CARTESIAN_POINT('',(34.3891127352301,10.2511599352116,8.21641369997539));
#6526=CARTESIAN_POINT('',(34.4424006308082,10.1710978552517,8.44893086348448));
#6527=CARTESIAN_POINT('',(34.4424006308082,10.0889601423789,8.68747610267708));
#6528=CARTESIAN_POINT('',(34.2852301310656,10.3251000195729,8.00167610267708));
#6529=CARTESIAN_POINT('',(32.8676006308082,10.3251000195729,8.68747610267708));
#6530=CARTESIAN_POINT('',(32.8676006308082,10.3251000195729,7.11267610267708));
#6531=CARTESIAN_POINT('',(32.8676006308082,10.3251000195729,7.11267610267708));
#6532=CARTESIAN_POINT('',(-32.8675993691918,10.3251000195729,8.68747610267708));
#6533=CARTESIAN_POINT('',(-34.4423993691918,9.13256286687925,8.68747610267708));
#6534=CARTESIAN_POINT('',(-34.4423993691918,9.12778843993632,8.5921069991859));
#6535=CARTESIAN_POINT('',(-34.4285343515386,9.11549621038807,8.40000985793944));
#6536=CARTESIAN_POINT('',(-34.3398360318884,9.08665402869275,8.11538785683187));
#6537=CARTESIAN_POINT('',(-34.2679325860891,9.06740736656773,7.96140363450724));
#6538=CARTESIAN_POINT('',(-34.1454690897626,9.03871448036345,7.75509296836217));
#6539=CARTESIAN_POINT('',(-34.000563890126,9.00959718561708,7.5773534521836));
#6540=CARTESIAN_POINT('',(-33.7129679073461,8.96602590252285,7.34625935622738));
#6541=CARTESIAN_POINT('',(-33.4889045254123,8.9416859807158,7.23126426914398));
#6542=CARTESIAN_POINT('',(-33.1640395601234,8.91926091911404,7.12860582789264));
#6543=CARTESIAN_POINT('',(-32.9661852681248,8.91536383716331,7.11267610267708));
#6544=CARTESIAN_POINT('',(-32.8675993691918,8.91536383716331,7.11267610267708));
#6545=CARTESIAN_POINT('',(-32.8675993691918,8.91536383716331,7.11267610267708));
#6546=CARTESIAN_POINT('',(-34.4423993691918,9.13256286687925,8.68747610267708));
#6547=CARTESIAN_POINT('',(-32.8675993691918,8.91536383716331,7.11267610267708));
#6548=CARTESIAN_POINT('',(-32.8675993691918,10.3251000195729,7.11267610267708));
#6549=CARTESIAN_POINT('',(-32.8675993691918,10.3251000195729,8.68747610267708));
#6550=CARTESIAN_POINT('',(-34.2852288694491,10.3251000195729,8.00167610267708));
#6551=CARTESIAN_POINT('',(-34.4423993691918,10.0889601423789,8.68747610267708));
#6552=CARTESIAN_POINT('',(-34.4423993691918,10.1710978552517,8.44893086348448));
#6553=CARTESIAN_POINT('',(-34.3891114736137,10.2511599352116,8.21641369997539));
#6554=CARTESIAN_POINT('',(-34.2852288694491,10.3251000195729,8.00167610267708));
#6555=CARTESIAN_POINT('',(-34.4423993691918,10.0889601423789,8.68747610267708));
#6556=CARTESIAN_POINT('',(-34.4423993691918,10.3251000195729,8.68747610267708));
#6557=CARTESIAN_POINT('',(-32.8675993691918,10.3251000195729,8.68747610267709));
#6558=CARTESIAN_POINT('',(-32.8675993691918,-10.3250999804271,8.68747610267708));
#6559=CARTESIAN_POINT('',(-32.8675993691918,-10.3250999804271,7.11267610267708));
#6560=CARTESIAN_POINT('',(-34.2852288694491,-10.3250999804271,8.00167610267708));
#6561=CARTESIAN_POINT('',(-32.8675993691918,-10.3250999804271,7.11267610267708));
#6562=CARTESIAN_POINT('',(-32.8675993691918,-8.91536379801748,7.11267610267708));
#6563=CARTESIAN_POINT('',(-32.8675993691918,-8.91536379801748,7.11267610267708));
#6564=CARTESIAN_POINT('',(-32.9663592824703,-8.91536379801748,7.11267610267708));
#6565=CARTESIAN_POINT('',(-33.1634760552815,-8.91917328953362,7.12800194965735));
#6566=CARTESIAN_POINT('',(-33.494096696697,-8.94215513890158,7.23405662803131));
#6567=CARTESIAN_POINT('',(-33.7000760406215,-8.96488718772728,7.33873760148718));
#6568=CARTESIAN_POINT('',(-34.0026869114756,-9.00951728207715,7.57616773038812));
#6569=CARTESIAN_POINT('',(-34.1827724727379,-9.0466806309875,7.80683363317806));
#6570=CARTESIAN_POINT('',(-34.3819777104636,-9.09553325158336,8.16815426290334));
#6571=CARTESIAN_POINT('',(-34.4423993691918,-9.12302972392773,8.49705250329955));
#6572=CARTESIAN_POINT('',(-34.4423993691918,-9.13256282773342,8.68747610267707));
#6573=CARTESIAN_POINT('',(-34.4423993691918,-9.13256282773342,8.68747610267708));
#6574=CARTESIAN_POINT('',(-34.4423993691918,-8.91536379801748,8.68747610267708));
#6575=CARTESIAN_POINT('',(-34.4423993691918,-10.088960103233,8.68747610267708));
#6576=CARTESIAN_POINT('',(-34.2852288694491,-10.3250999804271,8.00167610267708));
#6577=CARTESIAN_POINT('',(-34.3891114736137,-10.2511598960658,8.21641369997539));
#6578=CARTESIAN_POINT('',(-34.4423993691918,-10.1710978161058,8.44893086348448));
#6579=CARTESIAN_POINT('',(-34.4423993691918,-10.088960103233,8.68747610267708));
#6580=CARTESIAN_POINT('',(-35.6361993691918,2.79400001957291,3.81067610267708));
#6581=CARTESIAN_POINT('',(-35.6361993691918,2.79400001957291,0.711876102677079));
#6582=CARTESIAN_POINT('',(-35.6361993691918,2.79400001957291,3.81067610267708));
#6583=CARTESIAN_POINT('',(-35.6361993691918,-2.79399998042708,0.711876102677079));
#6584=CARTESIAN_POINT('',(-35.6361993691918,-2.79399998042708,3.81067610267708));
#6585=CARTESIAN_POINT('',(-35.6361993691918,-2.79399998042708,3.81067610267708));
#6586=CARTESIAN_POINT('',(-35.6361993691918,-2.79399998042708,3.81067610267708));
#6587=CARTESIAN_POINT('',(-34.4423993691918,-2.79399998042708,3.81067610267708));
#6588=CARTESIAN_POINT('',(-34.4423993691918,-2.79399998042708,3.81067610267708));
#6589=CARTESIAN_POINT('',(-34.4423993691918,2.79400001957291,3.81067610267708));
#6590=CARTESIAN_POINT('',(-35.6361993691918,2.79400001957291,3.81067610267708));
#6591=CARTESIAN_POINT('',(-35.6361993691918,-2.79399998042708,3.81067610267708));
#6592=CARTESIAN_POINT('',(35.6362006308082,2.79400001957292,3.81067610267708));
#6593=CARTESIAN_POINT('',(35.6362006308082,2.79400001957292,0.711876102677079));
#6594=CARTESIAN_POINT('',(35.6362006308082,2.79400001957291,3.81067610267708));
#6595=CARTESIAN_POINT('',(35.6362006308082,-2.79399998042708,3.81067610267708));
#6596=CARTESIAN_POINT('',(35.6362006308082,-2.79399998042708,3.81067610267708));
#6597=CARTESIAN_POINT('',(35.6362006308082,-2.79399998042708,0.711876102677079));
#6598=CARTESIAN_POINT('',(35.6362006308082,-2.79399998042708,3.81067610267708));
#6599=CARTESIAN_POINT('',(34.4424006308082,-2.79399998042708,3.81067610267708));
#6600=CARTESIAN_POINT('',(34.4424006308082,-2.79399998042708,3.81067610267708));
#6601=CARTESIAN_POINT('',(34.4424006308082,2.79400001957292,3.81067610267708));
#6602=CARTESIAN_POINT('',(35.6362006308082,-2.79399998042708,3.81067610267708));
#6603=CARTESIAN_POINT('',(35.6362006308082,2.79400001957292,3.81067610267708));
#6604=CARTESIAN_POINT('',(-36.2711993691918,3.30200001957291,0.711876102677077));
#6605=CARTESIAN_POINT('',(-36.2711993691918,3.30200001957291,14.8596761026771));
#6606=CARTESIAN_POINT('',(-34.4423993691918,3.30200001957291,14.8596761026771));
#6607=CARTESIAN_POINT('',(-35.8901993691918,3.30200001957291,0.711876102677077));
#6608=CARTESIAN_POINT('',(-34.4423993691918,3.30200001957291,11.6846761026771));
#6609=CARTESIAN_POINT('',(-38.5571993691918,1.90500001957291,0.711876102677077));
#6610=CARTESIAN_POINT('',(-38.5571993691918,1.90500001957291,14.8596761026771));
#6611=CARTESIAN_POINT('',(-38.5571993691918,1.9050000195729,0.000676102677078447));
#6612=CARTESIAN_POINT('',(-38.5571993691918,-1.90499998042709,0.711876102677077));
#6613=CARTESIAN_POINT('',(-38.5571993691918,-1.90499998042709,14.8596761026771));
#6614=CARTESIAN_POINT('',(-36.2711993691918,-1.90499998042707,14.8596761026771));
#6615=CARTESIAN_POINT('',(-36.2711993691918,-1.90499998042707,0.711876102677077));
#6616=CARTESIAN_POINT('',(-38.5571993691918,-1.90499998042706,0.000676102677078447));
#6617=CARTESIAN_POINT('',(-36.2711993691918,-1.90499998042707,0.711876102677077));
#6618=CARTESIAN_POINT('',(-36.2711993691918,-1.90499998042707,14.8596761026771));
#6619=CARTESIAN_POINT('',(-36.2711993691918,-3.30199998042708,14.8596761026771));
#6620=CARTESIAN_POINT('',(-36.2711993691918,-3.30199998042708,0.711876102677077));
#6621=CARTESIAN_POINT('',(-36.2711993691918,-3.30199998042708,0.711876102677077));
#6622=CARTESIAN_POINT('',(-36.2711993691918,-3.30199998042708,14.8596761026771));
#6623=CARTESIAN_POINT('',(-34.4423993691918,-3.30199998042708,14.8596761026771));
#6624=CARTESIAN_POINT('',(-34.4423993691918,-3.30199998042708,11.6846761026771));
#6625=CARTESIAN_POINT('',(-35.8901993691917,-3.30199998042708,0.711876102677077));
#6626=CARTESIAN_POINT('',(36.2712006308082,3.30200001957292,0.711876102677077));
#6627=CARTESIAN_POINT('',(36.2712006308082,3.30200001957292,14.8596761026771));
#6628=CARTESIAN_POINT('',(34.4424006308082,3.30200001957292,14.8596761026771));
#6629=CARTESIAN_POINT('',(34.4424006308082,3.30200001957292,11.6846761026771));
#6630=CARTESIAN_POINT('',(35.8902006308082,3.30200001957292,0.711876102677077));
#6631=CARTESIAN_POINT('',(35.8902006308082,3.30200001957292,0.711876102677077));
#6632=CARTESIAN_POINT('',(35.8902006308082,2.79400001957291,0.711876102677077));
#6633=CARTESIAN_POINT('',(35.8902006308082,2.79400001957291,0.711876102677077));
#6634=CARTESIAN_POINT('',(34.4424006308082,2.79400001957292,0.711876102677077));
#6635=CARTESIAN_POINT('',(35.8902006308082,-2.79399998042707,0.711876102677077));
#6636=CARTESIAN_POINT('',(34.4424006308082,-2.79399998042708,0.711876102677077));
#6637=CARTESIAN_POINT('',(35.8902006308082,-2.79399998042707,0.711876102677077));
#6638=CARTESIAN_POINT('',(35.8902006308082,-3.30199998042708,0.711876102677077));
#6639=CARTESIAN_POINT('',(35.8902006308082,-3.30199998042708,0.711876102677077));
#6640=CARTESIAN_POINT('',(36.2712006308082,-3.30199998042708,0.711876102677077));
#6641=CARTESIAN_POINT('',(36.2712006308082,-3.30199998042708,14.8596761026771));
#6642=CARTESIAN_POINT('',(34.4424006308082,-3.30199998042708,14.8596761026771));
#6643=CARTESIAN_POINT('',(34.4424006308082,-3.30199998042708,11.6846761026771));
#6644=CARTESIAN_POINT('',(38.5572006308082,-1.90499998042708,0.711876102677077));
#6645=CARTESIAN_POINT('',(38.5572006308082,-1.90499998042708,14.8596761026771));
#6646=CARTESIAN_POINT('',(38.5572006308082,-1.90499998042708,0.000676102677078447));
#6647=CARTESIAN_POINT('',(38.5572006308082,1.90500001957292,0.711876102677077));
#6648=CARTESIAN_POINT('',(38.5572006308082,1.90500001957292,14.8596761026771));
#6649=CARTESIAN_POINT('',(38.5572006308082,1.9050000195729,0.000676102677078447));
#6650=CARTESIAN_POINT('',(-2.53999936919176,10.3251000195729,4.19167610267708));
#6651=CARTESIAN_POINT('',(2.54000063080824,10.3251000195729,4.19167610267708));
#6652=CARTESIAN_POINT('',(-2.53999936919176,10.3251000195729,4.19167610267708));
#6653=CARTESIAN_POINT('',(2.54000063080824,10.3251000195729,4.19167610267708));
#6654=CARTESIAN_POINT('',(2.54000063080824,10.3251000195729,4.19167610267708));
#6655=CARTESIAN_POINT('',(2.54000063080824,9.30910001957291,4.19167610267708));
#6656=CARTESIAN_POINT('',(-2.53999936919176,9.30910001957291,4.19167610267708));
#6657=CARTESIAN_POINT('',(-2.53999936919176,9.30910001957291,4.19167610267708));
#6658=CARTESIAN_POINT('',(-2.53999936919176,10.3251000195729,4.19167610267708));
#6659=CARTESIAN_POINT('',(2.54000063080824,10.3251000195729,4.19167610267708));
#6660=CARTESIAN_POINT('',(2.54000063080824,10.3251000195729,0.000676102677076712));
#6661=CARTESIAN_POINT('',(2.54000063080824,10.3251000195729,0.000676102677076712));
#6662=CARTESIAN_POINT('',(2.54000063080824,9.30910001957291,0.000676102677076712));
#6663=CARTESIAN_POINT('',(2.54000063080824,9.30910001957291,4.19167610267708));
#6664=CARTESIAN_POINT('',(2.54000063080824,10.3251000195729,4.19167610267708));
#6665=CARTESIAN_POINT('',(-2.53999936919176,9.30910001957291,4.19167610267708));
#6666=CARTESIAN_POINT('',(-2.53999936919176,9.30910001957291,0.000676102677076712));
#6667=CARTESIAN_POINT('',(-2.53999936919176,9.30910001957291,0.000676102677076712));
#6668=CARTESIAN_POINT('',(-2.53999936919176,9.30910001957291,4.19167610267708));
#6669=CARTESIAN_POINT('',(-2.53999936919176,10.3251000195729,4.19167610267708));
#6670=CARTESIAN_POINT('',(-2.53999936919176,10.3251000195729,0.000676102677076712));
#6671=CARTESIAN_POINT('',(-2.53999936919176,10.3251000195729,0.000676102677076712));
#6672=CARTESIAN_POINT('',(-2.53999936919176,10.3251000195729,4.19167610267708));
#6673=CARTESIAN_POINT('',(2.54000063080824,-9.30909998042708,4.19167610267708));
#6674=CARTESIAN_POINT('',(2.54000063080824,-10.3250999804271,4.19167610267708));
#6675=CARTESIAN_POINT('',(2.54000063080824,-9.30909998042708,4.19167610267708));
#6676=CARTESIAN_POINT('',(2.54000063080824,-10.3250999804271,4.19167610267708));
#6677=CARTESIAN_POINT('',(2.54000063080824,-10.3250999804271,4.19167610267708));
#6678=CARTESIAN_POINT('',(-2.53999936919176,-10.3250999804271,4.19167610267708));
#6679=CARTESIAN_POINT('',(-2.53999936919176,-10.3250999804271,4.19167610267708));
#6680=CARTESIAN_POINT('',(-2.53999936919176,-9.30909998042708,4.19167610267708));
#6681=CARTESIAN_POINT('',(-2.53999936919176,-9.30909998042708,4.19167610267708));
#6682=CARTESIAN_POINT('',(-2.53999936919176,-10.3250999804271,4.19167610267708));
#6683=CARTESIAN_POINT('',(-2.53999936919176,-10.3250999804271,0.000676102677080181));
#6684=CARTESIAN_POINT('',(-2.53999936919176,-10.3250999804271,0.000676102677080181));
#6685=CARTESIAN_POINT('',(-2.53999936919176,-9.30909998042708,0.000676102677080181));
#6686=CARTESIAN_POINT('',(-2.53999936919176,-9.30909998042708,4.19167610267708));
#6687=CARTESIAN_POINT('',(-2.53999936919176,-10.3250999804271,4.19167610267708));
#6688=CARTESIAN_POINT('',(-2.53999936919176,-9.30909998042708,4.19167610267708));
#6689=CARTESIAN_POINT('',(-2.53999936919176,-9.30909998042708,0.000676102677080181));
#6690=CARTESIAN_POINT('',(2.54000063080824,-9.30909998042708,0.000676102677080181));
#6691=CARTESIAN_POINT('',(2.54000063080824,-9.30909998042708,4.19167610267708));
#6692=CARTESIAN_POINT('',(2.54000063080824,-10.3250999804271,4.19167610267708));
#6693=CARTESIAN_POINT('',(2.54000063080824,-10.3250999804271,0.000676102677080181));
#6694=CARTESIAN_POINT('',(2.54000063080824,-10.3250999804271,0.000676102677080181));
#6695=CARTESIAN_POINT('',(2.54000063080824,-10.3250999804271,4.19167610267708));
#6696=CARTESIAN_POINT('',(38.5572006308082,-10.3250999804271,8.00167610267708));
#6697=CARTESIAN_POINT('',(38.5572006308082,-7.96370120848655,14.8596761026771));
#6698=CARTESIAN_POINT('',(34.4424006308082,-7.96370120848655,14.8596761026771));
#6699=CARTESIAN_POINT('',(34.4424006308082,-10.3250999804271,8.00167610267708));
#6700=CARTESIAN_POINT('',(38.5572006308082,-10.3250999804271,8.00167610267708));
#6701=CARTESIAN_POINT('',(38.5572006308082,-7.96370120848655,14.8596761026771));
#6702=CARTESIAN_POINT('',(38.5572006308082,7.96370124763239,14.8596761026771));
#6703=CARTESIAN_POINT('',(34.4424006308082,7.96370124763239,14.8596761026771));
#6704=CARTESIAN_POINT('',(34.4424006308082,-7.96370120848655,14.8596761026771));
#6705=CARTESIAN_POINT('',(38.5572006308082,10.3251000195729,8.00167610267708));
#6706=CARTESIAN_POINT('',(38.5572006308082,10.3251000195729,8.00167610267708));
#6707=CARTESIAN_POINT('',(34.4424006308082,10.3251000195729,8.00167610267708));
#6708=CARTESIAN_POINT('',(34.4424006308082,10.3251000195729,14.8596761026771));
#6709=CARTESIAN_POINT('',(34.4424006308082,1.95729171604375E-8,9.14467610267708));
#6710=CARTESIAN_POINT('',(34.4424006308082,-7.96370120848655,14.8596761026771));
#6711=CARTESIAN_POINT('',(34.4424006308082,1.95729171604375E-8,9.14467610267708));
#6712=CARTESIAN_POINT('',(-34.4423993691918,-4.12749998042708,0.000676102677076712));
#6713=CARTESIAN_POINT('',(-34.4423993691918,-4.12749998042708,0.985234960662508));
#6714=CARTESIAN_POINT('',(-34.4423993691918,-4.12749998042708,0.000676102677076712));
#6715=CARTESIAN_POINT('',(-34.4423993691918,1.95729152485003E-8,9.14467610267708));
#6716=CARTESIAN_POINT('',(-34.4423993691918,1.95729152485003E-8,9.14467610267708));
#6717=CARTESIAN_POINT('',(-34.4423993691918,-8.91536379801748,7.11267610267708));
#6718=CARTESIAN_POINT('',(-34.4423993691918,-8.91536379801748,7.11267610267708));
#6719=CARTESIAN_POINT('',(-34.4423993691918,-8.91536379801748,7.11267610267708));
#6720=CARTESIAN_POINT('',(-34.4423993691918,-8.91536379801748,7.11267610267708));
#6721=CARTESIAN_POINT('',(-34.4423993691918,-10.3250999804271,7.11267610267708));
#6722=CARTESIAN_POINT('',(-38.5571993691918,10.3251000195729,8.00167610267708));
#6723=CARTESIAN_POINT('',(-38.5571993691918,7.96370124763238,14.8596761026771));
#6724=CARTESIAN_POINT('',(-34.4423993691918,7.96370124763238,14.8596761026771));
#6725=CARTESIAN_POINT('',(-34.4423993691918,10.3251000195729,8.00167610267708));
#6726=CARTESIAN_POINT('',(-38.5571993691918,10.3251000195729,8.00167610267708));
#6727=CARTESIAN_POINT('',(-38.5571993691918,-7.96370120848655,14.8596761026771));
#6728=CARTESIAN_POINT('',(-34.4423993691918,-7.96370120848655,14.8596761026771));
#6729=CARTESIAN_POINT('',(-38.5571993691918,-10.3250999804271,8.00167610267708));
#6730=CARTESIAN_POINT('',(-38.5571993691918,-7.96370120848655,14.8596761026771));
#6731=CARTESIAN_POINT('',(-34.4423993691918,-7.96370120848655,14.8596761026771));
#6732=CARTESIAN_POINT('',(-38.5571993691918,-10.3250999804271,8.00167610267708));
#6733=CARTESIAN_POINT('',(-34.4423993691918,-10.3250999804271,8.00167610267708));
#6734=CARTESIAN_POINT('',(-38.5571993691918,-10.3250999804271,0.000676102677076712));
#6735=CARTESIAN_POINT('',(-38.5571993691918,-10.3250999804271,0.000676102677076712));
#6736=CARTESIAN_POINT('',(-34.4423993691918,-10.3250999804271,7.11267610267708));
#6737=CARTESIAN_POINT('',(-34.4423993691918,-10.3250999804271,7.11267610267708));
#6738=CARTESIAN_POINT('',(-38.5571993691918,-10.3250999804271,0.000676102677076712));
#6739=CARTESIAN_POINT('',(-34.4423993691918,10.3251000195729,7.11267610267708));
#6740=CARTESIAN_POINT('',(-34.4423993691918,10.3251000195729,0.000676102677076712));
#6741=CARTESIAN_POINT('',(-34.4423993691918,10.3251000195729,0.000676102677076712));
#6742=CARTESIAN_POINT('',(-34.4423993691918,10.3251000195729,7.11267610267708));
#6743=CARTESIAN_POINT('',(-34.4423993691918,10.3251000195729,7.11267610267708));
#6744=CARTESIAN_POINT('',(-34.4423993691918,10.3251000195729,7.11267610267708));
#6745=CARTESIAN_POINT('',(-34.4423993691918,8.91536383716331,7.11267610267708));
#6746=CARTESIAN_POINT('',(-34.4423993691918,8.91536383716331,7.11267610267708));
#6747=CARTESIAN_POINT('',(-34.4423993691918,4.12750001957292,0.000676102677076712));
#6748=CARTESIAN_POINT('',(-34.4423993691918,4.12750001957292,0.000676102677076712));
#6749=CARTESIAN_POINT('',(-34.4423993691918,4.12750001957292,0.985234960662509));
#6750=CARTESIAN_POINT('',(-34.4423993691918,10.3251000195729,14.8596761026771));
#6751=CARTESIAN_POINT('',(-34.4423993691918,1.95729152485003E-8,9.14467610267708));
#6752=CARTESIAN_POINT('',(-34.4423993691918,2.79400001957291,0.711876102677077));
#6753=CARTESIAN_POINT('',(-34.4423993691918,-2.79399998042708,0.711876102677077));
#6754=CARTESIAN_POINT('',(-34.4423993691918,-7.96370120848655,14.8596761026771));
#6755=CARTESIAN_POINT('',(38.5572006308082,-7.96370120848655,14.8596761026771));
#6756=CARTESIAN_POINT('',(-38.5571993691918,-7.96370120848655,14.8596761026771));
#6757=CARTESIAN_POINT('',(-35.8901993691917,-3.30199998042708,0.711876102677077));
#6758=CARTESIAN_POINT('',(-35.8901993691917,-2.79399998042708,0.711876102677077));
#6759=CARTESIAN_POINT('',(-35.8901993691918,3.30200001957291,0.711876102677077));
#6760=CARTESIAN_POINT('',(-35.8901993691917,2.79400001957291,0.711876102677077));
#6761=CARTESIAN_POINT('',(-35.8901993691917,-2.79399998042708,0.711876102677077));
#6762=CARTESIAN_POINT('',(-35.8901993691917,2.79400001957291,0.711876102677077));
#6763=CARTESIAN_POINT('',(-34.4423993691918,1.95729152485003E-8,9.14467610267708));
#6764=CARTESIAN_POINT('',(-34.4423993691918,8.91536383716331,7.11267610267708));
#6765=CARTESIAN_POINT('',(-34.4423993691918,8.91536383716331,7.11267610267708));
#6766=CARTESIAN_POINT('',(-27.6224993691918,-8.00099998042709,0.000676102677078447));
#6767=CARTESIAN_POINT('',(-26.5703137581896,-6.48969998042708,0.000676102677078447));
#6768=CARTESIAN_POINT('',(-26.5703137581896,-6.48969998042708,-1.77732389732292));
#6769=CARTESIAN_POINT('',(-26.5703137581896,-6.48969998042708,-2.10752389732292));
#6770=CARTESIAN_POINT('',(-27.6224993691918,-8.00099998042709,-1.77732389732292));
#6771=CARTESIAN_POINT('',(-26.5703137581896,-9.51229998042708,-1.77732389732292));
#6772=CARTESIAN_POINT('',(-26.5703137581896,-9.51229998042708,0.000676102677078447));
#6773=CARTESIAN_POINT('',(-26.570313758184,-9.51229998042708,-2.10752389732516));
#6774=CARTESIAN_POINT('',(-27.6224993691918,-8.00099998042709,-2.10752389732292));
#6775=CARTESIAN_POINT('',(27.6225006308082,8.00100001957292,0.000676102677074977));
#6776=CARTESIAN_POINT('',(28.6562057386606,9.52500001957292,0.000676102677074977));
#6777=CARTESIAN_POINT('',(28.6562057386606,9.52500001957292,-1.77732389732293));
#6778=CARTESIAN_POINT('',(28.6562057386606,9.52500001957292,-1.98052389732292));
#6779=CARTESIAN_POINT('',(27.6225006308082,8.00100001957292,-1.77732389732293));
#6780=CARTESIAN_POINT('',(28.6562057386606,6.47700001957292,-1.77732389732293));
#6781=CARTESIAN_POINT('',(28.6562057386606,6.47700001957292,0.000676102677076712));
#6782=CARTESIAN_POINT('',(28.6562057386627,6.47700001957292,-1.98052389732148));
#6783=CARTESIAN_POINT('',(27.6225006308082,8.00100001957292,-1.98052389732292));
#6784=CARTESIAN_POINT('',(25.315856884658,9.52500001957292,-0.939123897322926));
#6785=CARTESIAN_POINT('',(28.6562057386606,9.52500001957292,-1.98052389732292));
#6786=CARTESIAN_POINT('',(28.6910909779242,9.52500001957292,-2.18321115898882));
#6787=CARTESIAN_POINT('',(28.5773864686438,9.52500001957292,-2.60640419583878));
#6788=CARTESIAN_POINT('',(28.2292857090515,9.52500001957291,-2.8404907802218));
#6789=CARTESIAN_POINT('',(28.0289006308082,9.52500001957291,-2.90822732979302));
#6790=CARTESIAN_POINT('',(27.6225006308082,9.52500001957292,-1.77732389732293));
#6791=CARTESIAN_POINT('',(25.315856884658,6.47700001957292,-0.939123897322926));
#6792=CARTESIAN_POINT('',(27.6225006308082,6.47700001957292,-1.77732389732293));
#6793=CARTESIAN_POINT('',(28.0289006308082,6.47700001957292,-2.90822732979302));
#6794=CARTESIAN_POINT('',(28.2284496939043,6.47700001957292,-2.84077338001324));
#6795=CARTESIAN_POINT('',(28.5767359617313,6.47700001957292,-2.60689789417126));
#6796=CARTESIAN_POINT('',(28.6913276576918,6.47700001957292,-2.18458629566441));
#6797=CARTESIAN_POINT('',(28.6562057386627,6.47700001957292,-1.98052389732148));
#6798=CARTESIAN_POINT('',(27.6225006308082,8.53440001957292,-3.42832389732292));
#6799=CARTESIAN_POINT('',(27.6225006308082,8.00100001957292,-3.42832389732292));
#6800=CARTESIAN_POINT('',(27.6225006308082,8.00100001957292,-2.10754028001945));
#6801=CARTESIAN_POINT('',(27.6225006308082,9.46150001957291,-1.77732389732293));
#6802=CARTESIAN_POINT('',(-30.6997803524723,-6.48969998042708,-0.939123897322917));
#6803=CARTESIAN_POINT('',(-26.5703137581896,-6.48969998042708,-2.10752389732292));
#6804=CARTESIAN_POINT('',(-26.5703137581896,-6.48969998042708,-2.2969463132745));
#6805=CARTESIAN_POINT('',(-26.7251118216195,-6.48969998042708,-2.66924515909642));
#6806=CARTESIAN_POINT('',(-27.0550658523745,-6.48969998042708,-2.86650858141858));
#6807=CARTESIAN_POINT('',(-27.2414993691918,-6.48969998042708,-2.92441212470985));
#6808=CARTESIAN_POINT('',(-27.6224993691918,-6.48969998042708,-1.77732389732292));
#6809=CARTESIAN_POINT('',(-30.6997803524723,-9.51229998042708,-0.939123897322916));
#6810=CARTESIAN_POINT('',(-27.6224993691918,-9.51229998042708,-1.77732389732292));
#6811=CARTESIAN_POINT('',(-27.2414993691918,-9.51229998042708,-2.92441212471354));
#6812=CARTESIAN_POINT('',(-27.0479314293632,-9.51229998042708,-2.86429273323086));
#6813=CARTESIAN_POINT('',(-26.7284122503871,-9.51229998042709,-2.6704593137161));
#6814=CARTESIAN_POINT('',(-26.570313758184,-9.51229998042708,-2.29611818381657));
#6815=CARTESIAN_POINT('',(-26.570313758184,-9.51229998042708,-2.10752389732516));
#6816=CARTESIAN_POINT('',(-27.6224993691918,-7.48029998042708,-3.42832389732292));
#6817=CARTESIAN_POINT('',(-27.6224993691918,-8.00099998042709,-3.42832389732292));
#6818=CARTESIAN_POINT('',(-27.6224993691918,-8.00099998042709,-2.10752389732292));
#6819=CARTESIAN_POINT('',(-27.6224993691918,-6.54049998042708,-1.77732389732292));
#6820=CARTESIAN_POINT('',(-34.4423993691918,10.3251000195729,0.000676102677076712));
#6821=CARTESIAN_POINT('',(-34.4423993691918,-8.91536379801748,7.11267610267708));
#6822=CARTESIAN_POINT('',(-34.4423993691918,8.91536383716331,7.11267610267708));
#6823=CARTESIAN_POINT('',(-34.4423993691918,8.91536383716331,7.11267610267708));
#6824=CARTESIAN_POINT('',(-34.4423993691918,-8.91536379801748,7.11267610267708));
#6825=CARTESIAN_POINT('',(0.,0.,0.));
#6826=CARTESIAN_POINT('',(35.9410000000001,-1.778,0.3048));
#6827=CARTESIAN_POINT('',(35.9410000000001,10.3251,-2.52892013317527E-15));
#6828=CARTESIAN_POINT('',(35.9410000000001,-1.87500000000049,-1.30422547082965E-16));
#6829=CARTESIAN_POINT('',(35.9410000000001,1.87500000000012,-4.59242549680286E-16));
#6830=CARTESIAN_POINT('',(35.9410000000001,-1.87500000000049,0.3048));
#6831=CARTESIAN_POINT('',(35.6362000000001,-1.87500000000049,0.304799999999999));
#6832=CARTESIAN_POINT('',(35.6362,-1.77799999999999,0.3048));
#6833=CARTESIAN_POINT('',(35.6362000000001,1.87500000000013,0.304799999999998));
#6834=CARTESIAN_POINT('',(35.9410000000001,1.87500000000012,0.304799999999998));
#6835=CARTESIAN_POINT('',(36.2458000000001,3.17500000000004,0.609599999999999));
#6836=CARTESIAN_POINT('',(36.2458,-1.87500000000049,0.6096));
#6837=CARTESIAN_POINT('',(36.2458,-1.87500000000049,0.304799999999999));
#6838=CARTESIAN_POINT('',(35.941,-1.87500000000049,0.609599999999998));
#6839=CARTESIAN_POINT('',(36.2458,-1.77800000000049,0.3048));
#6840=CARTESIAN_POINT('',(36.2458000000001,1.87500000000012,0.3048));
#6841=CARTESIAN_POINT('',(36.2458000000001,1.87500000000012,0.609599999999998));
#6842=CARTESIAN_POINT('',(35.9410000000001,1.87500000000012,0.609599999999999));
#6843=CARTESIAN_POINT('',(35.9410000000001,1.77799999999951,0.609599999999999));
#6844=CARTESIAN_POINT('',(35.941,-3.17500000000049,1.016));
#6845=CARTESIAN_POINT('',(35.941,-3.17500000000049,1.016));
#6846=CARTESIAN_POINT('',(35.941,-3.17500000000049,1.016));
#6847=CARTESIAN_POINT('',(35.6362,-3.17500000000049,1.016));
#6848=CARTESIAN_POINT('',(35.6362,-3.17500000000049,1.016));
#6849=CARTESIAN_POINT('',(35.6362,-1.8750000000011,1.016));
#6850=CARTESIAN_POINT('',(37.4650000000001,-1.87500000000049,1.016));
#6851=CARTESIAN_POINT('',(35.941,-1.8750000000011,1.016));
#6852=CARTESIAN_POINT('',(35.941,-3.17500000000049,1.016));
#6853=CARTESIAN_POINT('',(34.4437835020275,-3.175,14.0672928019751));
#6854=CARTESIAN_POINT('',(34.4437835020275,3.175,14.0672928019751));
#6855=CARTESIAN_POINT('',(32.3610435873728,3.175,10.2384387317775));
#6856=CARTESIAN_POINT('',(34.4437835020275,3.175,14.0672928019751));
#6857=CARTESIAN_POINT('',(34.4437835020275,-3.175,14.0672928019751));
#6858=CARTESIAN_POINT('',(34.4437835020275,-3.175,14.0672928019751));
#6859=CARTESIAN_POINT('',(34.4437835020275,-3.175,14.0672928019751));
#6860=CARTESIAN_POINT('',(32.3610435873728,-3.175,10.2384387317775));
#6861=CARTESIAN_POINT('',(32.3610435873728,-3.175,10.2384387317775));
#6862=CARTESIAN_POINT('',(32.2646544775603,-3.175,9.81322529539637));
#6863=CARTESIAN_POINT('',(32.2646544775603,3.175,9.81322529539637));
#6864=CARTESIAN_POINT('',(32.4088820118228,3.175,7.0612));
#6865=CARTESIAN_POINT('',(32.2646544775603,3.175,9.81322529539637));
#6866=CARTESIAN_POINT('',(32.2646544775603,-3.175,9.81322529539637));
#6867=CARTESIAN_POINT('',(32.2646544775603,-3.175,9.81322529539637));
#6868=CARTESIAN_POINT('',(32.2646544775603,-3.175,9.81322529539637));
#6869=CARTESIAN_POINT('',(32.4088820118228,-3.175,7.0612));
#6870=CARTESIAN_POINT('',(32.4088820118228,-3.175,7.0612));
#6871=CARTESIAN_POINT('',(32.1044997296296,-3.175,7.04524800053715));
#6872=CARTESIAN_POINT('',(32.1044997296296,3.175,7.04524800053715));
#6873=CARTESIAN_POINT('',(32.1044997296296,3.175,7.04524800053715));
#6874=CARTESIAN_POINT('',(32.1044997296296,-3.175,7.04524800053715));
#6875=CARTESIAN_POINT('',(32.1044997296296,-3.175,7.04524800053715));
#6876=CARTESIAN_POINT('',(32.1044997296296,-3.175,7.04524800053715));
#6877=CARTESIAN_POINT('',(31.9602721953671,-3.175,9.79727329593353));
#6878=CARTESIAN_POINT('',(31.9602721953671,3.175,9.79727329593353));
#6879=CARTESIAN_POINT('',(31.9602721953671,3.175,9.79727329593353));
#6880=CARTESIAN_POINT('',(31.9602721953671,-3.175,9.79727329593353));
#6881=CARTESIAN_POINT('',(31.9602721953671,-3.175,9.79727329593353));
#6882=CARTESIAN_POINT('',(31.9602721953671,-3.175,9.79727329593353));
#6883=CARTESIAN_POINT('',(34.1760327826403,-3.175,14.2129382353661));
#6884=CARTESIAN_POINT('',(34.1760327826403,3.175,14.2129382353661));
#6885=CARTESIAN_POINT('',(34.1760327826403,3.175,14.2129382353661));
#6886=CARTESIAN_POINT('',(32.0932928679857,3.175,10.3840841651686));
#6887=CARTESIAN_POINT('',(32.0932928679857,-3.175,10.3840841651686));
#6888=CARTESIAN_POINT('',(32.0932928679857,-3.175,10.3840841651686));
#6889=CARTESIAN_POINT('',(34.1760327826403,-3.175,14.2129382353661));
#6890=CARTESIAN_POINT('',(34.1760327826403,-3.175,14.2129382353661));
#6891=CARTESIAN_POINT('',(34.1760327826403,-3.175,14.2129382353661));
#6892=CARTESIAN_POINT('',(35.0015975007507,-3.175,13.7638648157437));
#6893=CARTESIAN_POINT('',(35.0015975007507,3.175,13.7638648157437));
#6894=CARTESIAN_POINT('',(35.9411289648612,3.175,13.7414));
#6895=CARTESIAN_POINT('',(35.0015975007507,-3.175,13.7638648157437));
#6896=CARTESIAN_POINT('',(35.9411289648612,-3.175,13.7414));
#6897=CARTESIAN_POINT('',(35.9411289648612,-3.175,13.7414));
#6898=CARTESIAN_POINT('',(35.6362000000001,-3.175,13.7414));
#6899=CARTESIAN_POINT('',(35.941,-3.17500000000049,13.7414));
#6900=CARTESIAN_POINT('',(35.9410000000001,3.17499999999967,13.7414));
#6901=CARTESIAN_POINT('',(35.941,-3.17500000000033,13.7414));
#6902=CARTESIAN_POINT('',(35.6362000000001,3.175,13.7414));
#6903=CARTESIAN_POINT('',(35.6362000000001,-3.175,13.7414));
#6904=CARTESIAN_POINT('',(35.0015975007507,-3.175,13.7638648157437));
#6905=CARTESIAN_POINT('',(35.0015975007507,3.175,13.7638648157437));
#6906=CARTESIAN_POINT('',(35.6362000000001,3.175,13.7414));
#6907=CARTESIAN_POINT('',(35.6362,-3.17500000000049,13.7414));
#6908=CARTESIAN_POINT('',(35.6362,-3.17500000000049,13.7414));
#6909=CARTESIAN_POINT('',(35.0015975007507,-3.175,13.7638648157437));
#6910=CARTESIAN_POINT('',(40.259,-0.4064,0.3048));
#6911=CARTESIAN_POINT('',(40.259,-0.4064,9.95392918346971E-17));
#6912=CARTESIAN_POINT('',(40.259,-0.4064,9.95392918346972E-17));
#6913=CARTESIAN_POINT('',(40.259,0.406400000000001,-9.95392918346968E-17));
#6914=CARTESIAN_POINT('',(40.259,0.406400000000001,0.3048));
#6915=CARTESIAN_POINT('',(40.259,0.406400000000001,0.3048));
#6916=CARTESIAN_POINT('',(40.259,-0.4064,0.3048));
#6917=CARTESIAN_POINT('',(40.259,-0.4064,0.3048));
#6918=CARTESIAN_POINT('',(40.259,-0.4064,0.3048));
#6919=CARTESIAN_POINT('',(41.8338,0.4064,0.3048));
#6920=CARTESIAN_POINT('',(41.8338,0.4064,-9.95392918346967E-17));
#6921=CARTESIAN_POINT('',(41.8338,0.4064,-9.95392918346967E-17));
#6922=CARTESIAN_POINT('',(41.8338,0.4064,0.3048));
#6923=CARTESIAN_POINT('',(41.8338,0.4064,0.3048));
#6924=CARTESIAN_POINT('',(41.8338,0.4064,0.3048));
#6925=CARTESIAN_POINT('',(41.8338,0.4064,0.3048));
#6926=CARTESIAN_POINT('',(41.8338,0.4064,-9.95392918346967E-17));
#6927=CARTESIAN_POINT('',(41.8338,-0.4064,9.95392918346971E-17));
#6928=CARTESIAN_POINT('',(41.8338,-0.4064,0.3048));
#6929=CARTESIAN_POINT('',(41.8338,-0.4064,0.3048));
#6930=CARTESIAN_POINT('',(41.8338,0.4064,0.3048));
#6931=CARTESIAN_POINT('',(41.8338,-0.4064,0.3048));
#6932=CARTESIAN_POINT('',(41.8338,-0.4064,9.95392918346971E-17));
#6933=CARTESIAN_POINT('',(41.8338,-0.4064,0.3048));
#6934=CARTESIAN_POINT('',(38.6842,3.175,0.304799999999999));
#6935=CARTESIAN_POINT('',(35.6362000000001,-1.87500000000061,0.3048));
#6936=CARTESIAN_POINT('',(38.6842,-1.87500000000114,0.3048));
#6937=CARTESIAN_POINT('',(38.6842,-3.175,0.304800000000001));
#6938=CARTESIAN_POINT('',(38.6842,-3.175,0.304800000000001));
#6939=CARTESIAN_POINT('',(43.0022,-3.175,0.304800000000001));
#6940=CARTESIAN_POINT('',(43.0022,-3.175,0.304800000000001));
#6941=CARTESIAN_POINT('',(43.0022,3.175,0.304799999999999));
#6942=CARTESIAN_POINT('',(43.0022,3.175,0.304799999999999));
#6943=CARTESIAN_POINT('',(43.0022,3.175,0.304799999999999));
#6944=CARTESIAN_POINT('',(38.6842,3.175,0.304799999999999));
#6945=CARTESIAN_POINT('',(38.6842,3.175,0.304799999999999));
#6946=CARTESIAN_POINT('',(38.6842,1.87500000000008,0.3048));
#6947=CARTESIAN_POINT('',(35.6362000000001,1.87500000000061,0.304799999999998));
#6948=CARTESIAN_POINT('',(43.0022,3.175,0.304799999999999));
#6949=CARTESIAN_POINT('',(43.0022,3.175,-7.77650717458569E-16));
#6950=CARTESIAN_POINT('',(43.0022,3.175,-7.77650717458569E-16));
#6951=CARTESIAN_POINT('',(43.0022,-3.175,7.77650717458569E-16));
#6952=CARTESIAN_POINT('',(43.0022,3.175,0.304799999999999));
#6953=CARTESIAN_POINT('',(43.0022,-3.175,0.304800000000001));
#6954=CARTESIAN_POINT('',(43.0022,-3.175,0.304800000000001));
#6955=CARTESIAN_POINT('',(43.0022,-3.175,7.77650717458569E-16));
#6956=CARTESIAN_POINT('',(38.6842,-3.175,7.77650717458569E-16));
#6957=CARTESIAN_POINT('',(38.6842,-3.175,0.304800000000001));
#6958=CARTESIAN_POINT('',(38.6842,-3.175,0.304800000000001));
#6959=CARTESIAN_POINT('',(38.6842,-3.175,7.77650717458569E-16));
#6960=CARTESIAN_POINT('',(38.6842,-1.87500000000061,-2.27659502935266E-16));
#6961=CARTESIAN_POINT('',(38.6842,-1.87500000000061,0.3048));
#6962=CARTESIAN_POINT('',(38.6842,3.175,0.304799999999999));
#6963=CARTESIAN_POINT('',(38.6842,3.175,-7.77650717458569E-16));
#6964=CARTESIAN_POINT('',(38.6842,1.87500000000061,-1.7365270087594E-15));
#6965=CARTESIAN_POINT('',(38.6842,3.175,-7.77650717458569E-16));
#6966=CARTESIAN_POINT('',(38.6842,1.87500000000061,0.304799999999998));
#6967=CARTESIAN_POINT('',(38.6842,3.175,0.304799999999999));
#6968=CARTESIAN_POINT('',(43.0022,3.175,0.304799999999999));
#6969=CARTESIAN_POINT('',(43.0022,3.175,-7.77650717458569E-16));
#6970=CARTESIAN_POINT('',(35.6362000000001,-1.778,1.016));
#6971=CARTESIAN_POINT('',(35.6362000000001,-1.87500000000049,1.016));
#6972=CARTESIAN_POINT('',(35.6362,-3.17500000000049,13.7414));
#6973=CARTESIAN_POINT('',(35.6362000000001,3.17499999999951,13.7414));
#6974=CARTESIAN_POINT('',(35.6362000000001,3.17499999999952,1.016));
#6975=CARTESIAN_POINT('',(35.6362,-3.17500000000049,1.016));
#6976=CARTESIAN_POINT('',(35.6362000000001,1.87500000000013,1.016));
#6977=CARTESIAN_POINT('',(35.6362000000001,1.87500000000013,1.016));
#6978=CARTESIAN_POINT('',(35.9410000000001,3.17499999999951,13.7414));
#6979=CARTESIAN_POINT('',(35.9410000000001,3.17499999999951,1.016));
#6980=CARTESIAN_POINT('',(35.9410000000001,3.17499999999951,1.016));
#6981=CARTESIAN_POINT('',(33.0655795535292,3.175,9.8552));
#6982=CARTESIAN_POINT('',(33.0655795535292,3.175,9.8552));
#6983=CARTESIAN_POINT('',(35.9410000000001,3.17499999999951,13.7414));
#6984=CARTESIAN_POINT('',(35.9410000000001,1.87500000000012,1.016));
#6985=CARTESIAN_POINT('',(35.9410000000001,1.87500000000061,-1.7365270087594E-15));
#6986=CARTESIAN_POINT('',(35.9410000000001,1.87500000000012,1.016));
#6987=CARTESIAN_POINT('',(35.9410000000001,1.87500000000012,1.016));
#6988=CARTESIAN_POINT('',(35.9410000000001,1.87500000000012,1.016));
#6989=CARTESIAN_POINT('',(35.941,-1.8750000000011,1.016));
#6990=CARTESIAN_POINT('',(35.941,-1.87500000000049,1.016));
#6991=CARTESIAN_POINT('',(35.9410000000001,-1.87500000000061,-2.27659502935266E-16));
#6992=CARTESIAN_POINT('',(35.941,-3.17500000000049,1.016));
#6993=CARTESIAN_POINT('',(35.9410000000001,3.17499999999951,1.016));
#6994=CARTESIAN_POINT('',(35.941,-3.17500000000049,13.7414));
#6995=CARTESIAN_POINT('',(35.941,-3.17500000000049,13.7414));
#6996=CARTESIAN_POINT('',(33.0655795535292,-3.175,9.8552));
#6997=CARTESIAN_POINT('',(33.0655795535292,-3.175,9.8552));
#6998=CARTESIAN_POINT('',(35.941,-3.17500000000049,1.016));
#6999=CARTESIAN_POINT('',(-34.4424,10.3251,-2.52892013317527E-15));
#7000=CARTESIAN_POINT('',(33.0655795535292,-3.175,9.8552));
#7001=CARTESIAN_POINT('',(33.0655795535292,-3.175,9.8552));
#7002=CARTESIAN_POINT('',(0.32,0.,0.));
#7003=CARTESIAN_POINT('',(-0.32,0.,0.));
#7004=MECHANICAL_DESIGN_GEOMETRIC_PRESENTATION_REPRESENTATION('',(#3381,
#3382,#3383,#3384,#3385,#3386,#3387,#3388,#3389,#3390,#3391,#3392,#3393,
#3394,#3395,#3396,#3397,#3398,#3399,#3400,#3401,#3402,#3403,#3404,#3405,
#3406,#3407,#3408,#3409,#3410,#3411,#3412,#3413,#3414,#3415,#3416,#3417,
#3418,#3419,#3420,#3421,#3422,#3423,#3424,#3425,#3426,#3427,#3428,#3429,
#3430,#3431,#3432,#3433,#3434,#3435,#3436,#3437,#3438,#3439,#3440,#3441,
#3442,#3443,#3444,#3445,#3446,#3447,#3448,#3449,#3450,#3451,#3452,#3453,
#3454,#3455,#3456,#3457,#3458,#3459,#3460,#3461,#3462,#3463,#3464,#3465,
#3466,#3467,#3468,#3469,#3470,#3471,#3472,#3473,#3474,#3475,#3476,#3477,
#3478,#3479,#3480,#3481,#3482,#3483,#3484,#3485,#3486,#3487,#3488,#3489,
#3490,#3491,#3492,#3493,#3494,#3495,#3496,#3497,#3498,#3499,#3500,#3501,
#3502,#3503,#3504,#3505,#3506,#3507,#3508,#3509,#3510,#3511,#3512,#3513,
#3514,#3515,#3516,#3517,#3518,#3519,#3520,#3521,#3522,#3523,#3524,#3525,
#3526,#3527,#3528,#3529,#3530,#3531,#3532,#3533,#3534),#7005);
#7005=(
GEOMETRIC_REPRESENTATION_CONTEXT(3)
GLOBAL_UNCERTAINTY_ASSIGNED_CONTEXT((#7008))
GLOBAL_UNIT_ASSIGNED_CONTEXT((#7013,#7012,#7011))
REPRESENTATION_CONTEXT('KEYST_1042','TOP_LEVEL_ASSEMBLY_PART')
);
#7006=(
GEOMETRIC_REPRESENTATION_CONTEXT(3)
GLOBAL_UNCERTAINTY_ASSIGNED_CONTEXT((#7009))
GLOBAL_UNIT_ASSIGNED_CONTEXT((#7013,#7012,#7011))
REPRESENTATION_CONTEXT('1043P_body','COMPONENT_PART')
);
#7007=(
GEOMETRIC_REPRESENTATION_CONTEXT(3)
GLOBAL_UNCERTAINTY_ASSIGNED_CONTEXT((#7010))
GLOBAL_UNIT_ASSIGNED_CONTEXT((#7013,#7012,#7011))
REPRESENTATION_CONTEXT('1042P_pin_type2','COMPONENT_PART')
);
#7008=UNCERTAINTY_MEASURE_WITH_UNIT(LENGTH_MEASURE(0.005),#7013,
'DISTANCE_ACCURACY_VALUE','Maximum Tolerance applied to model');
#7009=UNCERTAINTY_MEASURE_WITH_UNIT(LENGTH_MEASURE(0.005),#7013,
'DISTANCE_ACCURACY_VALUE','Maximum Tolerance applied to model');
#7010=UNCERTAINTY_MEASURE_WITH_UNIT(LENGTH_MEASURE(0.005),#7013,
'DISTANCE_ACCURACY_VALUE','Maximum Tolerance applied to model');
#7011=(
NAMED_UNIT(*)
SI_UNIT($,.STERADIAN.)
SOLID_ANGLE_UNIT()
);
#7012=(
NAMED_UNIT(*)
PLANE_ANGLE_UNIT()
SI_UNIT($,.RADIAN.)
);
#7013=(
LENGTH_UNIT()
NAMED_UNIT(*)
SI_UNIT(.MILLI.,.METRE.)
);
#7014=PRODUCT_DEFINITION_SHAPE('','',#7020);
#7015=PRODUCT_DEFINITION_SHAPE('','',#7021);
#7016=PRODUCT_DEFINITION_SHAPE(' ','NAUO PRDDFN',#21);
#7017=PRODUCT_DEFINITION_SHAPE('','',#7022);
#7018=PRODUCT_DEFINITION_SHAPE(' ','NAUO PRDDFN',#22);
#7019=PRODUCT_DEFINITION_SHAPE(' ','NAUO PRDDFN',#23);
#7020=PRODUCT_DEFINITION('','',#7026,#7023);
#7021=PRODUCT_DEFINITION('','',#7027,#7024);
#7022=PRODUCT_DEFINITION('','',#7028,#7025);
#7023=PRODUCT_DEFINITION_CONTEXT('',#7042,'design');
#7024=PRODUCT_DEFINITION_CONTEXT('',#7042,'design');
#7025=PRODUCT_DEFINITION_CONTEXT('',#7042,'design');
#7026=PRODUCT_DEFINITION_FORMATION_WITH_SPECIFIED_SOURCE('','',#7032,
 .NOT_KNOWN.);
#7027=PRODUCT_DEFINITION_FORMATION_WITH_SPECIFIED_SOURCE('','',#7033,
 .NOT_KNOWN.);
#7028=PRODUCT_DEFINITION_FORMATION_WITH_SPECIFIED_SOURCE('','',#7034,
 .NOT_KNOWN.);
#7029=PRODUCT_RELATED_PRODUCT_CATEGORY('','',(#7032));
#7030=PRODUCT_RELATED_PRODUCT_CATEGORY('','',(#7033));
#7031=PRODUCT_RELATED_PRODUCT_CATEGORY('','',(#7034));
#7032=PRODUCT('KEYST_1042','KEYST_1042','KEYST_1042',(#7038));
#7033=PRODUCT('1043P_body','1043P_body','1043P_body',(#7039));
#7034=PRODUCT('1042P_pin_type2','1042P_pin_type2','1042P_pin_type2',(#7040));
#7035=PRODUCT_CATEGORY('','');
#7036=PRODUCT_CATEGORY('','');
#7037=PRODUCT_CATEGORY('','');
#7038=PRODUCT_CONTEXT('',#7042,'mechanical');
#7039=PRODUCT_CONTEXT('',#7042,'mechanical');
#7040=PRODUCT_CONTEXT('',#7042,'mechanical');
#7041=APPLICATION_PROTOCOL_DEFINITION('international standard',
'automotive_design',2010,#7042);
#7042=APPLICATION_CONTEXT(
'core data for automotive mechanical design processes');
ENDSEC;
END-ISO-10303-21;
