ISO-10303-21;
HEADER;
FILE_DESCRIPTION (( 'STEP AP214' ),
    '1' );
FILE_NAME ('LED GREEN.STEP',
    '2025-10-10T08:26:10',
    ( '' ),
    ( '' ),
    'SwSTEP 2.0',
    'SolidWorks 2020',
    '' );
FILE_SCHEMA (( 'AUTOMOTIVE_DESIGN' ));
ENDSEC;

DATA;
#1 = CARTESIAN_POINT ( 'NONE',  ( -0.08858267716535432601, 0.09842519685039370636, 0.000000000000000000 ) ) ;
#2 = CARTESIAN_POINT ( 'NONE',  ( -0.02952755905511811330, -0.1377952755905511861, 0.04921259842519685318 ) ) ;
#3 = ORIENTED_EDGE ( 'NONE', *, *, #171, .T. ) ;
#4 = LINE ( 'NONE', #260, #1120 ) ;
#5 = VECTOR ( 'NONE', #713, 39.37007874015748143 ) ;
#6 = ORIENTED_EDGE ( 'NONE', *, *, #1419, .F. ) ;
#7 = CARTESIAN_POINT ( 'NONE',  ( -0.08858267716535432601, 0.1732283464566929387, 0.2201114643568452822 ) ) ;
#8 = EDGE_CURVE ( 'NONE', #1626, #558, #1391, .T. ) ;
#9 = VERTEX_POINT ( 'NONE', #263 ) ;
#10 = SHAPE_REPRESENTATION ( 'LED2.stp', ( #1361 ), #306 ) ;
#11 = FACE_OUTER_BOUND ( 'NONE', #492, .T. ) ;
#12 = DIRECTION ( 'NONE',  ( -1.000000000000000000, 0.000000000000000000, 0.000000000000000000 ) ) ;
#13 = EDGE_LOOP ( 'NONE', ( #240, #245, #949, #284 ) ) ;
#14 = CARTESIAN_POINT ( 'NONE',  ( -0.1082677165354330728, 0.1771653543307086520, 0.1807413856166878163 ) ) ;
#15 = CARTESIAN_POINT ( 'NONE',  ( -0.1082677165354330728, 0.1023622047244094474, 0.2201114643568452822 ) ) ;
#16 = VERTEX_POINT ( 'NONE', #1512 ) ;
#17 = CARTESIAN_POINT ( 'NONE',  ( -0.05905511811023622659, -0.1377952755905511861, 0.04921259842519685318 ) ) ;
#18 = CARTESIAN_POINT ( 'NONE',  ( -0.08858267716535432601, 0.09842519685039370636, -0.02156427486375125935 ) ) ;
#19 = VECTOR ( 'NONE', #1220, 39.37007874015748143 ) ;
#20 = LINE ( 'NONE', #274, #534 ) ;
#21 = LENGTH_MEASURE_WITH_UNIT ( LENGTH_MEASURE( 0.02539999999999999897 ), #1159 );
#22 = ORIENTED_EDGE ( 'NONE', *, *, #597, .F. ) ;
#23 = DIRECTION ( 'NONE',  ( -1.000000000000000000, -1.387778780781449866E-16, 0.000000000000000000 ) ) ;
#24 = LINE ( 'NONE', #1634, #593 ) ;
#25 = ORIENTED_EDGE ( 'NONE', *, *, #1454, .F. ) ;
#26 = CARTESIAN_POINT ( 'NONE',  ( 0.05905511811023622659, -0.05905511811023622659, 0.04921259842519685318 ) ) ;
#27 = FACE_OUTER_BOUND ( 'NONE', #1137, .T. ) ;
#28 = MECHANICAL_DESIGN_GEOMETRIC_PRESENTATION_REPRESENTATION (  '', ( #1598 ), #1170 ) ;
#29 =( NAMED_UNIT ( * ) PLANE_ANGLE_UNIT ( ) SI_UNIT ( $, .RADIAN. ) );
#30 = ORIENTED_EDGE ( 'NONE', *, *, #499, .T. ) ;
#31 = CARTESIAN_POINT ( 'NONE',  ( -0.1082677165354330728, 0.1968503937007874127, -0.07874015748031495954 ) ) ;
#32 = FACE_OUTER_BOUND ( 'NONE', #121, .T. ) ;
#33 = VERTEX_POINT ( 'NONE', #1007 ) ;
#34 = CARTESIAN_POINT ( 'NONE',  ( -0.09842519685039370636, 0.07874015748031495954, 0.1807413856166878163 ) ) ;
#35 = VECTOR ( 'NONE', #148, 39.37007874015748143 ) ;
#36 = LINE ( 'NONE', #1424, #740 ) ;
#37 = ORIENTED_EDGE ( 'NONE', *, *, #748, .F. ) ;
#38 = PLANE ( 'NONE',  #167 ) ;
#39 = EDGE_CURVE ( 'NONE', #108, #33, #760, .T. ) ;
#40 = ORIENTED_EDGE ( 'NONE', *, *, #39, .F. ) ;
#41 = PRESENTATION_STYLE_ASSIGNMENT (( #1319 ) ) ;
#42 = CARTESIAN_POINT ( 'NONE',  ( 0.09842519685039370636, -0.1377952755905511861, 0.000000000000000000 ) ) ;
#43 = AXIS2_PLACEMENT_3D ( 'NONE', #907, #282, #543 ) ;
#44 = VECTOR ( 'NONE', #1376, 39.37007874015748854 ) ;
#45 = FACE_OUTER_BOUND ( 'NONE', #337, .T. ) ;
#46 = VECTOR ( 'NONE', #1349, 39.37007874015748143 ) ;
#47 = ORIENTED_EDGE ( 'NONE', *, *, #1469, .F. ) ;
#48 = CLOSED_SHELL ( 'NONE', ( #1522, #1267, #67, #716, #845, #1218, #611, #251, #220, #1191, #298, #242, #477, #1190, #1472, #1292, #1212 ) ) ;
#49 = PLANE ( 'NONE',  #1254 ) ;
#50 = DIRECTION ( 'NONE',  ( -1.000000000000000000, 0.000000000000000000, 0.000000000000000000 ) ) ;
#51 = ORIENTED_EDGE ( 'NONE', *, *, #171, .F. ) ;
#52 = SURFACE_SIDE_STYLE ('',( #906 ) ) ;
#53 = DIRECTION ( 'NONE',  ( 0.000000000000000000, 0.000000000000000000, -1.000000000000000000 ) ) ;
#54 = CARTESIAN_POINT ( 'NONE',  ( 0.09842519685039370636, 0.1377952755905511861, 0.000000000000000000 ) ) ;
#55 = ORIENTED_EDGE ( 'NONE', *, *, #822, .T. ) ;
#56 = CARTESIAN_POINT ( 'NONE',  ( -0.1082677165354330728, 0.09842519685039370636, 0.6299212598425196763 ) ) ;
#57 = ORIENTED_EDGE ( 'NONE', *, *, #1465, .T. ) ;
#58 = LENGTH_MEASURE_WITH_UNIT ( LENGTH_MEASURE( 0.02539999999999999897 ), #1055 );
#59 = DIRECTION ( 'NONE',  ( 0.000000000000000000, -1.000000000000000000, 0.000000000000000000 ) ) ;
#60 = EDGE_CURVE ( 'NONE', #1507, #1363, #1371, .T. ) ;
#61 = PLANE ( 'NONE',  #491 ) ;
#62 = VECTOR ( 'NONE', #617, 39.37007874015748143 ) ;
#63 = CARTESIAN_POINT ( 'NONE',  ( -0.08858267716535432601, 0.2007874015748031815, 0.1807413856166878163 ) ) ;
#64 = CARTESIAN_POINT ( 'NONE',  ( -0.08858267716535432601, 0.1023622047244094474, 0.2201114643568452822 ) ) ;
#65 = ORIENTED_EDGE ( 'NONE', *, *, #1051, .F. ) ;
#66 = PLANE ( 'NONE',  #1100 ) ;
#67 = ADVANCED_FACE ( 'NONE', ( #1529 ), #235, .T. ) ;
#68 = DIRECTION ( 'NONE',  ( 1.000000000000000000, 0.000000000000000000, 0.000000000000000000 ) ) ;
#69 = LINE ( 'NONE', #479, #464 ) ;
#70 = EDGE_LOOP ( 'NONE', ( #494, #1635, #1060, #1616 ) ) ;
#71 = COLOUR_RGB ( '',0.7490196078431372584, 0.7490196078431372584, 0.7490196078431372584 ) ;
#72 = CARTESIAN_POINT ( 'NONE',  ( -0.1082677165354330728, 0.2007874015748031815, 0.2201114643568452822 ) ) ;
#73 = DIRECTION ( 'NONE',  ( 0.000000000000000000, 0.000000000000000000, -1.000000000000000000 ) ) ;
#74 = APPLICATION_CONTEXT ( 'automotive_design' ) ;
#75 = PRODUCT_DEFINITION_SHAPE ( 'NONE', 'NONE',  #1411 ) ;
#76 = CARTESIAN_POINT ( 'NONE',  ( -0.08858267716535432601, 0.1496705953167503933, -0.02166048669840204763 ) ) ;
#77 = FACE_OUTER_BOUND ( 'NONE', #511, .T. ) ;
#78 = ORIENTED_EDGE ( 'NONE', *, *, #1056, .T. ) ;
#79 = DIRECTION ( 'NONE',  ( -1.000000000000000000, -1.110223024625159992E-16, 0.000000000000000000 ) ) ;
#80 = DIRECTION ( 'NONE',  ( 0.000000000000000000, -1.000000000000000000, 0.000000000000000000 ) ) ;
#81 = ORIENTED_EDGE ( 'NONE', *, *, #1597, .T. ) ;
#82 = VECTOR ( 'NONE', #426, 39.37007874015748143 ) ;
#83 = CARTESIAN_POINT ( 'NONE',  ( -0.08858267716535432601, 0.07874015748031495954, 0.6299212598425196763 ) ) ;
#84 = CARTESIAN_POINT ( 'NONE',  ( 0.05905511811023622659, -0.05905511811023622659, 0.04921259842519685318 ) ) ;
#85 = AXIS2_PLACEMENT_3D ( 'NONE', #1453, #1321, #843 ) ;
#86 = EDGE_CURVE ( 'NONE', #354, #150, #645, .T. ) ;
#87 =( NAMED_UNIT ( * ) SI_UNIT ( $, .STERADIAN. ) SOLID_ANGLE_UNIT ( ) );
#88 = ORIENTED_EDGE ( 'NONE', *, *, #1304, .F. ) ;
#89 = DIRECTION ( 'NONE',  ( 0.000000000000000000, 0.000000000000000000, -1.000000000000000000 ) ) ;
#90 = CARTESIAN_POINT ( 'NONE',  ( -0.08858267716535432601, 0.1732283464566929387, 0.1807413856166878163 ) ) ;
#91 = ORIENTED_EDGE ( 'NONE', *, *, #577, .T. ) ;
#92 = CARTESIAN_POINT ( 'NONE',  ( 0.09842519685039370636, 0.1377952755905511861, 0.07874015748031495954 ) ) ;
#93 = ORIENTED_EDGE ( 'NONE', *, *, #182, .F. ) ;
#94 = CARTESIAN_POINT ( 'NONE',  ( -0.08858267716535432601, 0.07480314960629921850, 0.2201114643568452822 ) ) ;
#95 = ORIENTED_EDGE ( 'NONE', *, *, #822, .F. ) ;
#96 = VECTOR ( 'NONE', #154, 39.37007874015748143 ) ;
#97 = EDGE_CURVE ( 'NONE', #1409, #150, #1237, .T. ) ;
#98 = DIRECTION ( 'NONE',  ( 1.000000000000000000, 1.110223024625159992E-16, 0.000000000000000000 ) ) ;
#99 = DIRECTION ( 'NONE',  ( -1.000000000000000000, -5.551115123125780730E-16, 0.000000000000000000 ) ) ;
#100 = DIRECTION ( 'NONE',  ( 1.000000000000000000, 0.000000000000000000, 2.986001803740414824E-15 ) ) ;
#101 = ADVANCED_FACE ( 'NONE', ( #612 ), #289, .T. ) ;
#102 = VERTEX_POINT ( 'NONE', #923 ) ;
#103 = DIRECTION ( 'NONE',  ( -1.387778780781449866E-16, 1.000000000000000000, 0.000000000000000000 ) ) ;
#104 = ITEM_DEFINED_TRANSFORMATION ( 'NONE', 'NONE', #697,  #1361 ) ;
#105 = EDGE_LOOP ( 'NONE', ( #1172, #1276, #900, #47 ) ) ;
#106 = PRODUCT_DEFINITION_CONTEXT ( 'detailed design', #567, 'design' ) ;
#107 = CARTESIAN_POINT ( 'NONE',  ( -0.1082677165354330728, 0.1496705953167503933, -0.02166048669840204763 ) ) ;
#108 = VERTEX_POINT ( 'NONE', #305 ) ;
#109 = LINE ( 'NONE', #381, #1098 ) ;
#110 = ORIENTED_EDGE ( 'NONE', *, *, #552, .F. ) ;
#111 = AXIS2_PLACEMENT_3D ( 'NONE', #1466, #831, #326 ) ;
#112 = CARTESIAN_POINT ( 'NONE',  ( -0.08858267716535432601, 0.1732283464566929387, 0.2201114643568452822 ) ) ;
#113 = EDGE_CURVE ( 'NONE', #1041, #257, #793, .T. ) ;
#114 = EDGE_LOOP ( 'NONE', ( #549, #563, #1331, #1160 ) ) ;
#115 = DIRECTION ( 'NONE',  ( -1.387778780781449866E-16, 1.000000000000000000, 0.000000000000000000 ) ) ;
#116 = VERTEX_POINT ( 'NONE', #1302 ) ;
#117 = ADVANCED_FACE ( 'NONE', ( #168 ), #1311, .T. ) ;
#118 = VECTOR ( 'NONE', #1554, 39.37007874015748143 ) ;
#119 = CARTESIAN_POINT ( 'NONE',  ( -0.08858267716535432601, 0.1773732323054330595, -0.09988794216075354282 ) ) ;
#120 =( CONVERSION_BASED_UNIT ( 'INCH', #648 ) LENGTH_UNIT ( ) NAMED_UNIT ( #579 ) );
#121 = EDGE_LOOP ( 'NONE', ( #401, #1397, #1524, #444 ) ) ;
#122 = DIRECTION ( 'NONE',  ( 5.551115123125780730E-16, -1.000000000000000000, 0.000000000000000000 ) ) ;
#123 = ORIENTED_EDGE ( 'NONE', *, *, #1281, .F. ) ;
#124 = DIRECTION ( 'NONE',  ( 1.000000000000000000, 0.000000000000000000, 0.000000000000000000 ) ) ;
#125 = AXIS2_PLACEMENT_3D ( 'NONE', #721, #608, #1609 ) ;
#126 = ORIENTED_EDGE ( 'NONE', *, *, #1604, .F. ) ;
#127 = VECTOR ( 'NONE', #1280, 39.37007874015748143 ) ;
#128 = PLANE ( 'NONE',  #397 ) ;
#129 = DIRECTION ( 'NONE',  ( 0.000000000000000000, -0.3963480172632411480, 0.9181003481164232705 ) ) ;
#130 = EDGE_CURVE ( 'NONE', #257, #1071, #404, .T. ) ;
#131 = ORIENTED_EDGE ( 'NONE', *, *, #777, .F. ) ;
#132 = PLANE ( 'NONE',  #1422 ) ;
#133 = CARTESIAN_POINT ( 'NONE',  ( -0.1082677165354330728, 0.1496705953167503933, -0.02166048669840204763 ) ) ;
#134 = VERTEX_POINT ( 'NONE', #1564 ) ;
#135 = EDGE_CURVE ( 'NONE', #667, #434, #1289, .T. ) ;
#136 = ORIENTED_EDGE ( 'NONE', *, *, #1205, .F. ) ;
#137 = LINE ( 'NONE', #1147, #233 ) ;
#138 = ORIENTED_EDGE ( 'NONE', *, *, #942, .F. ) ;
#139 = CARTESIAN_POINT ( 'NONE',  ( -0.08858267716535432601, 0.09842519685039370636, 0.000000000000000000 ) ) ;
#140 = CARTESIAN_POINT ( 'NONE',  ( -0.08858267716535432601, 0.1773732323054330595, -0.1706758145772331037 ) ) ;
#141 = VECTOR ( 'NONE', #1408, 39.37007874015748143 ) ;
#142 = ORIENTED_EDGE ( 'NONE', *, *, #763, .F. ) ;
#143 = EDGE_CURVE ( 'NONE', #944, #16, #1556, .T. ) ;
#144 = PLANE ( 'NONE',  #1338 ) ;
#145 = LINE ( 'NONE', #1158, #1317 ) ;
#146 = LINE ( 'NONE', #1617, #46 ) ;
#147 = VERTEX_POINT ( 'NONE', #1173 ) ;
#148 = DIRECTION ( 'NONE',  ( 5.551115123125780730E-16, -1.000000000000000000, 0.000000000000000000 ) ) ;
#149 = CARTESIAN_POINT ( 'NONE',  ( 0.05905511811023622659, -0.05905511811023622659, 0.02952755905511811330 ) ) ;
#150 = VERTEX_POINT ( 'NONE', #929 ) ;
#151 = DIRECTION ( 'NONE',  ( -1.586032892321649771E-16, 1.000000000000000000, 0.000000000000000000 ) ) ;
#152 = CARTESIAN_POINT ( 'NONE',  ( -0.1082677165354330728, 0.1707522616179326658, -0.1705796027425822980 ) ) ;
#153 = VECTOR ( 'NONE', #705, 39.37007874015748143 ) ;
#154 = DIRECTION ( 'NONE',  ( 5.551115123125780730E-16, -1.000000000000000000, 0.000000000000000000 ) ) ;
#155 = SURFACE_STYLE_USAGE ( .BOTH. , #1028 ) ;
#156 = ORIENTED_EDGE ( 'NONE', *, *, #254, .T. ) ;
#157 = FACE_OUTER_BOUND ( 'NONE', #1195, .T. ) ;
#158 = DIRECTION ( 'NONE',  ( -5.551115123125780730E-16, 1.000000000000000000, 0.000000000000000000 ) ) ;
#159 = ORIENTED_EDGE ( 'NONE', *, *, #431, .F. ) ;
#160 = CARTESIAN_POINT ( 'NONE',  ( -0.1082677165354330728, 0.1968503937007874127, 0.1807413856166878163 ) ) ;
#161 = DIRECTION ( 'NONE',  ( 0.000000000000000000, 0.000000000000000000, -1.000000000000000000 ) ) ;
#162 = DIRECTION ( 'NONE',  ( 1.000000000000000000, 0.000000000000000000, 0.000000000000000000 ) ) ;
#163 = EDGE_LOOP ( 'NONE', ( #364, #984, #1590, #1188 ) ) ;
#164 = LINE ( 'NONE', #1323, #1527 ) ;
#165 = ORIENTED_EDGE ( 'NONE', *, *, #922, .F. ) ;
#166 =( NAMED_UNIT ( * ) PLANE_ANGLE_UNIT ( ) SI_UNIT ( $, .RADIAN. ) );
#167 = AXIS2_PLACEMENT_3D ( 'NONE', #1045, #796, #1456 ) ;
#168 = FACE_OUTER_BOUND ( 'NONE', #13, .T. ) ;
#169 = COLOUR_RGB ( '',0.7490196078431372584, 0.7490196078431372584, 0.7490196078431372584 ) ;
#170 = DIRECTION ( 'NONE',  ( 1.019296145395220024E-15, -0.9181003481164231594, -0.3963480172632410925 ) ) ;
#171 = EDGE_CURVE ( 'NONE', #1095, #1553, #1192, .T. ) ;
#172 = ORIENTED_EDGE ( 'NONE', *, *, #408, .T. ) ;
#173 = CARTESIAN_POINT ( 'NONE',  ( -0.08858267716535432601, 0.07480314960629921850, 0.1807413856166878163 ) ) ;
#174 = LINE ( 'NONE', #56, #1581 ) ;
#175 = EDGE_LOOP ( 'NONE', ( #138, #415, #207, #808 ) ) ;
#176 = DIRECTION ( 'NONE',  ( -5.551115123125780730E-16, 1.000000000000000000, 0.000000000000000000 ) ) ;
#177 = EDGE_CURVE ( 'NONE', #1487, #1632, #560, .T. ) ;
#178 = VECTOR ( 'NONE', #490, 39.37007874015748143 ) ;
#179 = VERTEX_POINT ( 'NONE', #152 ) ;
#180 = VECTOR ( 'NONE', #387, 39.37007874015748143 ) ;
#181 = PLANE ( 'NONE',  #1102 ) ;
#182 = EDGE_CURVE ( 'NONE', #147, #1129, #915, .T. ) ;
#183 = DIRECTION ( 'NONE',  ( 1.000000000000000000, 5.551115123125780730E-16, 0.000000000000000000 ) ) ;
#184 = VERTEX_POINT ( 'NONE', #663 ) ;
#185 = DIRECTION ( 'NONE',  ( -1.000000000000000000, -5.551115123125780730E-16, 0.000000000000000000 ) ) ;
#186 = CARTESIAN_POINT ( 'NONE',  ( -0.08858267716535432601, 0.1023622047244094474, 0.1807413856166878163 ) ) ;
#187 = CARTESIAN_POINT ( 'NONE',  ( -0.08858267716535432601, 0.1968503937007874127, 0.000000000000000000 ) ) ;
#188 = DIRECTION ( 'NONE',  ( 0.000000000000000000, 0.000000000000000000, 1.000000000000000000 ) ) ;
#189 = VERTEX_POINT ( 'NONE', #1049 ) ;
#190 = PRODUCT_DEFINITION_FORMATION_WITH_SPECIFIED_SOURCE ( 'ANY', '', #1334, .NOT_KNOWN. ) ;
#191 =( NAMED_UNIT ( * ) PLANE_ANGLE_UNIT ( ) SI_UNIT ( $, .RADIAN. ) );
#192 = CARTESIAN_POINT ( 'NONE',  ( -0.08858267716535432601, 0.1023622047244094474, 0.2201114643568452822 ) ) ;
#193 = AXIS2_PLACEMENT_3D ( 'NONE', #1286, #615, #500 ) ;
#194 = ADVANCED_FACE ( 'NONE', ( #1438 ), #144, .T. ) ;
#195 = DIRECTION ( 'NONE',  ( -1.019296145395220024E-15, 0.9181003481164231594, 0.3963480172632410925 ) ) ;
#196 = ORIENTED_EDGE ( 'NONE', *, *, #288, .T. ) ;
#197 = CARTESIAN_POINT ( 'NONE',  ( -0.08858267716535432601, 0.09842519685039370636, -0.02156427486375125935 ) ) ;
#198 = ORIENTED_EDGE ( 'NONE', *, *, #1414, .T. ) ;
#199 = VECTOR ( 'NONE', #170, 39.37007874015748854 ) ;
#200 = CARTESIAN_POINT ( 'NONE',  ( -0.03937007874015747977, -0.1377952755905511861, 0.02952755905511811330 ) ) ;
#201 = CONTEXT_DEPENDENT_SHAPE_REPRESENTATION ( #211, #565 ) ;
#202 = DIRECTION ( 'NONE',  ( 5.551115123125780730E-16, -1.000000000000000000, 0.000000000000000000 ) ) ;
#203 = ORIENTED_EDGE ( 'NONE', *, *, #536, .F. ) ;
#204 = EDGE_CURVE ( 'NONE', #790, #1425, #670, .T. ) ;
#205 = FACE_OUTER_BOUND ( 'NONE', #1169, .T. ) ;
#206 = DIRECTION ( 'NONE',  ( -5.551115123125780730E-16, 1.000000000000000000, 0.000000000000000000 ) ) ;
#207 = ORIENTED_EDGE ( 'NONE', *, *, #748, .T. ) ;
#208 = FACE_OUTER_BOUND ( 'NONE', #114, .T. ) ;
#209 = DIRECTION ( 'NONE',  ( 0.000000000000000000, 0.000000000000000000, 1.000000000000000000 ) ) ;
#210 = FACE_OUTER_BOUND ( 'NONE', #105, .T. ) ;
#211 =( REPRESENTATION_RELATIONSHIP ('NONE','NONE', #418, #10 ) REPRESENTATION_RELATIONSHIP_WITH_TRANSFORMATION ( #104 )SHAPE_REPRESENTATION_RELATIONSHIP( ) );
#212 = ORIENTED_EDGE ( 'NONE', *, *, #1051, .T. ) ;
#213 = EDGE_CURVE ( 'NONE', #835, #541, #1166, .T. ) ;
#214 = PLANE ( 'NONE',  #1175 ) ;
#215 = EDGE_LOOP ( 'NONE', ( #924, #1288, #649, #1450 ) ) ;
#216 = AXIS2_PLACEMENT_3D ( 'NONE', #1356, #331, #829 ) ;
#217 = CARTESIAN_POINT ( 'NONE',  ( -0.1082677165354330728, 0.07874015748031495954, 0.1807413856166878163 ) ) ;
#218 = PLANE ( 'NONE',  #1314 ) ;
#219 = VECTOR ( 'NONE', #1109, 39.37007874015748143 ) ;
#220 = ADVANCED_FACE ( 'NONE', ( #27 ), #569, .T. ) ;
#221 = DIRECTION ( 'NONE',  ( 0.000000000000000000, 0.000000000000000000, -1.000000000000000000 ) ) ;
#222 = DIRECTION ( 'NONE',  ( 1.000000000000000000, 0.000000000000000000, 0.000000000000000000 ) ) ;
#223 = ORIENTED_EDGE ( 'NONE', *, *, #423, .F. ) ;
#224 = DIRECTION ( 'NONE',  ( -1.000000000000000000, 0.000000000000000000, 0.000000000000000000 ) ) ;
#225 = AXIS2_PLACEMENT_3D ( 'NONE', #834, #1342, #73 ) ;
#226 = EDGE_LOOP ( 'NONE', ( #810, #1374, #1296, #142 ) ) ;
#227 = EDGE_CURVE ( 'NONE', #1126, #346, #1421, .T. ) ;
#228 = CARTESIAN_POINT ( 'NONE',  ( -0.09842519685039370636, 0.1771653543307086520, 0.2201114643568452822 ) ) ;
#229 = VERTEX_POINT ( 'NONE', #535 ) ;
#230 = DIRECTION ( 'NONE',  ( -1.000000000000000000, -1.387778780781449866E-16, 0.000000000000000000 ) ) ;
#231 = PRODUCT_CONTEXT ( 'NONE', #389, 'mechanical' ) ;
#232 = ORIENTED_EDGE ( 'NONE', *, *, #1345, .F. ) ;
#233 = VECTOR ( 'NONE', #854, 39.37007874015748143 ) ;
#234 = LINE ( 'NONE', #862, #281 ) ;
#235 = PLANE ( 'NONE',  #1405 ) ;
#236 = CARTESIAN_POINT ( 'NONE',  ( -0.08858267716535432601, 0.1496705953167503933, -0.02166048669840204763 ) ) ;
#237 = LINE ( 'NONE', #139, #909 ) ;
#238 = CARTESIAN_POINT ( 'NONE',  ( -0.1082677165354330728, 0.1968503937007874127, -0.07874015748031495954 ) ) ;
#239 = COLOUR_RGB ( '',0.000000000000000000, 1.000000000000000000, 0.000000000000000000 ) ;
#240 = ORIENTED_EDGE ( 'NONE', *, *, #1281, .T. ) ;
#241 = CARTESIAN_POINT ( 'NONE',  ( -0.03937007874015747977, -0.1377952755905511861, 0.02952755905511811330 ) ) ;
#242 = ADVANCED_FACE ( 'NONE', ( #1026 ), #1550, .T. ) ;
#243 = DIRECTION ( 'NONE',  ( 1.000000000000000000, 2.220446049250309876E-16, 0.000000000000000000 ) ) ;
#244 = LENGTH_MEASURE_WITH_UNIT ( LENGTH_MEASURE( 0.02539999999999999897 ), #1256 );
#245 = ORIENTED_EDGE ( 'NONE', *, *, #499, .F. ) ;
#246 = EDGE_CURVE ( 'NONE', #179, #1135, #1210, .T. ) ;
#247 = VECTOR ( 'NONE', #475, 39.37007874015748143 ) ;
#248 = AXIS2_PLACEMENT_3D ( 'NONE', #841, #450, #950 ) ;
#249 = CARTESIAN_POINT ( 'NONE',  ( -0.08858267716535432601, 0.07874015748031495954, 0.000000000000000000 ) ) ;
#250 = ORIENTED_EDGE ( 'NONE', *, *, #805, .T. ) ;
#251 = ADVANCED_FACE ( 'NONE', ( #455 ), #1089, .T. ) ;
#252 = ORIENTED_EDGE ( 'NONE', *, *, #1047, .T. ) ;
#253 = EDGE_CURVE ( 'NONE', #1440, #835, #945, .T. ) ;
#254 = EDGE_CURVE ( 'NONE', #682, #886, #964, .T. ) ;
#255 = DIRECTION ( 'NONE',  ( -7.521270076181175264E-16, 0.6774557822488496139, 0.7355635003842966313 ) ) ;
#256 = CARTESIAN_POINT ( 'NONE',  ( -0.08858267716535432601, 0.2007874015748031815, 0.2201114643568452822 ) ) ;
#257 = VERTEX_POINT ( 'NONE', #322 ) ;
#258 = VECTOR ( 'NONE', #202, 39.37007874015748143 ) ;
#259 = PLANE ( 'NONE',  #457 ) ;
#260 = CARTESIAN_POINT ( 'NONE',  ( 0.09842519685039370636, 0.1377952755905511861, 0.000000000000000000 ) ) ;
#261 = EDGE_LOOP ( 'NONE', ( #599, #954, #1268, #136 ) ) ;
#262 = VECTOR ( 'NONE', #1030, 39.37007874015748143 ) ;
#263 = CARTESIAN_POINT ( 'NONE',  ( -0.1082677165354330728, 0.1773732323054330595, -0.09988794216075354282 ) ) ;
#264 = VECTOR ( 'NONE', #1381, 39.37007874015748143 ) ;
#265 = LINE ( 'NONE', #236, #946 ) ;
#266 =( LENGTH_UNIT ( ) NAMED_UNIT ( * ) SI_UNIT ( $, .METRE. ) );
#267 = ADVANCED_FACE ( 'NONE', ( #1066, #1097, #210 ), #813, .T. ) ;
#268 = ORIENTED_EDGE ( 'NONE', *, *, #177, .F. ) ;
#269 = CARTESIAN_POINT ( 'NONE',  ( -0.05905511811023622659, -0.05905511811023622659, 0.04921259842519685318 ) ) ;
#270 = CARTESIAN_POINT ( 'NONE',  ( -0.1082677165354330728, 0.1968503937007874127, 0.2201114643568452822 ) ) ;
#271 = ORIENTED_EDGE ( 'NONE', *, *, #1235, .F. ) ;
#272 = DIRECTION ( 'NONE',  ( 1.000000000000000000, 0.000000000000000000, 0.000000000000000000 ) ) ;
#273 = DIRECTION ( 'NONE',  ( 1.000000000000000000, 0.000000000000000000, 0.000000000000000000 ) ) ;
#274 = CARTESIAN_POINT ( 'NONE',  ( -0.1082677165354330728, 0.1023622047244094474, 0.2201114643568452822 ) ) ;
#275 = ORIENTED_EDGE ( 'NONE', *, *, #253, .T. ) ;
#276 = CARTESIAN_POINT ( 'NONE',  ( -0.1082677165354330728, 0.1771653543307086520, 0.000000000000000000 ) ) ;
#277 = EDGE_CURVE ( 'NONE', #424, #1487, #723, .T. ) ;
#278 = DIRECTION ( 'NONE',  ( 5.551115123125780730E-16, -1.000000000000000000, 0.000000000000000000 ) ) ;
#279 = VERTEX_POINT ( 'NONE', #585 ) ;
#280 = DIRECTION ( 'NONE',  ( -1.586032892321649771E-16, 1.000000000000000000, 0.000000000000000000 ) ) ;
#281 = VECTOR ( 'NONE', #601, 39.37007874015748143 ) ;
#282 = DIRECTION ( 'NONE',  ( 5.551115123125780730E-16, -1.000000000000000000, 0.000000000000000000 ) ) ;
#283 =( CONVERSION_BASED_UNIT ( 'INCH', #21 ) LENGTH_UNIT ( ) NAMED_UNIT ( #1156 ) );
#284 = ORIENTED_EDGE ( 'NONE', *, *, #922, .T. ) ;
#285 = CARTESIAN_POINT ( 'NONE',  ( -0.08858267716535432601, 0.1023622047244094474, 0.2201114643568452822 ) ) ;
#286 = ORIENTED_EDGE ( 'NONE', *, *, #1001, .T. ) ;
#287 =( CONVERSION_BASED_UNIT ( 'INCH', #1398 ) LENGTH_UNIT ( ) NAMED_UNIT ( #1193 ) );
#288 = EDGE_CURVE ( 'NONE', #1360, #520, #1460, .T. ) ;
#289 = PLANE ( 'NONE',  #420 ) ;
#290 = MECHANICAL_DESIGN_GEOMETRIC_PRESENTATION_REPRESENTATION (  '', ( #368 ), #1434 ) ;
#291 = DIRECTION ( 'NONE',  ( 1.000000000000000000, 0.000000000000000000, 0.000000000000000000 ) ) ;
#292 = ORIENTED_EDGE ( 'NONE', *, *, #204, .T. ) ;
#293 = EDGE_CURVE ( 'NONE', #541, #666, #600, .T. ) ;
#294 = DIRECTION ( 'NONE',  ( 1.000000000000000000, 0.000000000000000000, 0.000000000000000000 ) ) ;
#295 = CARTESIAN_POINT ( 'NONE',  ( -0.08858267716535432601, 0.07874015748031495954, -0.02156427486375125935 ) ) ;
#296 = ORIENTED_EDGE ( 'NONE', *, *, #478, .T. ) ;
#297 = CARTESIAN_POINT ( 'NONE',  ( -0.08858267716535432601, 0.1732283464566929387, 0.2201114643568452822 ) ) ;
#298 = ADVANCED_FACE ( 'NONE', ( #694 ), #1199, .T. ) ;
#299 = CARTESIAN_POINT ( 'NONE',  ( -0.08858267716535432601, 0.1771653543307086520, -0.009790876537954526851 ) ) ;
#300 = ORIENTED_EDGE ( 'NONE', *, *, #356, .F. ) ;
#301 = LINE ( 'NONE', #31, #752 ) ;
#302 = DIRECTION ( 'NONE',  ( 0.000000000000000000, 0.000000000000000000, -1.000000000000000000 ) ) ;
#303 = VERTEX_POINT ( 'NONE', #445 ) ;
#304 = VECTOR ( 'NONE', #345, 39.37007874015748143 ) ;
#305 = CARTESIAN_POINT ( 'NONE',  ( -0.08858267716535432601, 0.1732283464566929387, 0.1807413856166878163 ) ) ;
#306 =( GEOMETRIC_REPRESENTATION_CONTEXT ( 3 ) GLOBAL_UNCERTAINTY_ASSIGNED_CONTEXT ( ( #1351 ) ) GLOBAL_UNIT_ASSIGNED_CONTEXT ( ( #428, #166, #920 ) ) REPRESENTATION_CONTEXT ( 'NONE', 'WORKASPACE' ) );
#307 = APPLICATION_CONTEXT ( 'automotive_design' ) ;
#308 = CARTESIAN_POINT ( 'NONE',  ( -0.08858267716535432601, 0.1968503937007874127, 0.7086614173228346081 ) ) ;
#309 = VERTEX_POINT ( 'NONE', #823 ) ;
#310 = EDGE_CURVE ( 'NONE', #583, #354, #1327, .T. ) ;
#311 = LINE ( 'NONE', #917, #262 ) ;
#312 = DIRECTION ( 'NONE',  ( -1.387778780781449866E-16, 1.000000000000000000, 0.000000000000000000 ) ) ;
#313 = ADVANCED_FACE ( 'NONE', ( #1204 ), #66, .T. ) ;
#314 = AXIS2_PLACEMENT_3D ( 'NONE', #1073, #59, #1587 ) ;
#315 = ORIENTED_EDGE ( 'NONE', *, *, #1499, .F. ) ;
#316 = LINE ( 'NONE', #1253, #853 ) ;
#317 = VECTOR ( 'NONE', #362, 39.37007874015748143 ) ;
#318 = CARTESIAN_POINT ( 'NONE',  ( -0.08858267716535432601, 0.07874015748031495954, 0.6299212598425196763 ) ) ;
#319 = CARTESIAN_POINT ( 'NONE',  ( -0.08858267716535432601, 0.09842519685039370636, -0.02156427486375125935 ) ) ;
#320 = EDGE_CURVE ( 'NONE', #867, #398, #977, .T. ) ;
#321 = ORIENTED_EDGE ( 'NONE', *, *, #512, .F. ) ;
#322 = CARTESIAN_POINT ( 'NONE',  ( -0.08858267716535432601, 0.1430496246292499996, -0.02156427486375125935 ) ) ;
#323 = CARTESIAN_POINT ( 'NONE',  ( -0.08858267716535432601, 0.1773732323054330595, -0.1706758145772331037 ) ) ;
#324 = ORIENTED_EDGE ( 'NONE', *, *, #966, .T. ) ;
#325 = EDGE_CURVE ( 'NONE', #1241, #1553, #407, .T. ) ;
#326 = DIRECTION ( 'NONE',  ( -5.552148365760355418E-16, 0.9999948781095919781, -0.003200586599687729652 ) ) ;
#327 = DIRECTION ( 'NONE',  ( 0.000000000000000000, 0.000000000000000000, 1.000000000000000000 ) ) ;
#328 = VECTOR ( 'NONE', #1003, 39.37007874015748143 ) ;
#329 = AXIS2_PLACEMENT_3D ( 'NONE', #112, #1151, #633 ) ;
#330 = CARTESIAN_POINT ( 'NONE',  ( -0.08858267716535432601, 0.1023622047244094474, 0.1807413856166878163 ) ) ;
#331 = DIRECTION ( 'NONE',  ( 1.000000000000000000, 4.758098676964960405E-16, 0.000000000000000000 ) ) ;
#332 = ORIENTED_EDGE ( 'NONE', *, *, #1186, .F. ) ;
#333 = DIRECTION ( 'NONE',  ( -5.552148365760355418E-16, 0.9999948781095919781, -0.003200586599687729652 ) ) ;
#334 = CONTEXT_DEPENDENT_SHAPE_REPRESENTATION ( #925, #359 ) ;
#335 = VECTOR ( 'NONE', #1535, 39.37007874015748143 ) ;
#336 = EDGE_CURVE ( 'NONE', #1307, #867, #1014, .T. ) ;
#337 = EDGE_LOOP ( 'NONE', ( #1002, #732, #778, #1473 ) ) ;
#338 = CARTESIAN_POINT ( 'NONE',  ( -0.08858267716535432601, 0.1968503937007874127, 0.2201114643568452822 ) ) ;
#339 = DIRECTION ( 'NONE',  ( 1.000000000000000000, 0.000000000000000000, 0.000000000000000000 ) ) ;
#340 = VECTOR ( 'NONE', #826, 39.37007874015748143 ) ;
#341 = CARTESIAN_POINT ( 'NONE',  ( -0.03937007874015747977, -0.05905511811023622659, 0.04921259842519685318 ) ) ;
#342 = VERTEX_POINT ( 'NONE', #238 ) ;
#343 = EDGE_CURVE ( 'NONE', #147, #508, #749, .T. ) ;
#344 = CARTESIAN_POINT ( 'NONE',  ( -0.08858267716535432601, 0.07480314960629921850, 0.1807413856166878163 ) ) ;
#345 = DIRECTION ( 'NONE',  ( 1.000000000000000000, 5.551115123125780730E-16, 0.000000000000000000 ) ) ;
#346 = VERTEX_POINT ( 'NONE', #904 ) ;
#347 = DIRECTION ( 'NONE',  ( 1.000000000000000000, 0.000000000000000000, 0.000000000000000000 ) ) ;
#348 = EDGE_CURVE ( 'NONE', #1126, #1241, #1004, .T. ) ;
#349 = LINE ( 'NONE', #1582, #62 ) ;
#350 = EDGE_LOOP ( 'NONE', ( #840, #844, #1012, #848 ) ) ;
#351 = DIRECTION ( 'NONE',  ( 0.000000000000000000, 0.000000000000000000, -1.000000000000000000 ) ) ;
#352 = DIRECTION ( 'NONE',  ( 0.000000000000000000, 0.000000000000000000, -1.000000000000000000 ) ) ;
#353 = VECTOR ( 'NONE', #504, 39.37007874015748143 ) ;
#354 = VERTEX_POINT ( 'NONE', #15 ) ;
#355 = DIRECTION ( 'NONE',  ( 1.000000000000000000, 0.000000000000000000, 0.000000000000000000 ) ) ;
#356 = EDGE_CURVE ( 'NONE', #1116, #1135, #1251, .T. ) ;
#357 = APPLICATION_PROTOCOL_DEFINITION ( 'draft international standard', 'automotive_design', 1998, #307 ) ;
#358 = ORIENTED_EDGE ( 'NONE', *, *, #182, .T. ) ;
#359 = PRODUCT_DEFINITION_SHAPE ( 'NONE', 'NONE',  #1648 ) ;
#360 = CARTESIAN_POINT ( 'NONE',  ( -0.09842519685039370636, -0.1377952755905511861, 0.000000000000000000 ) ) ;
#361 = ORIENTED_EDGE ( 'NONE', *, *, #204, .F. ) ;
#362 = DIRECTION ( 'NONE',  ( -1.387778780781449866E-16, 1.000000000000000000, 0.000000000000000000 ) ) ;
#363 = PLANE ( 'NONE',  #1539 ) ;
#364 = ORIENTED_EDGE ( 'NONE', *, *, #1336, .T. ) ;
#365 = FACE_OUTER_BOUND ( 'NONE', #782, .T. ) ;
#366 = EDGE_CURVE ( 'NONE', #1071, #1116, #757, .T. ) ;
#367 = ORIENTED_EDGE ( 'NONE', *, *, #671, .T. ) ;
#368 = STYLED_ITEM ( 'NONE', ( #991 ), #1297 ) ;
#369 = LINE ( 'NONE', #1099, #783 ) ;
#370 = CARTESIAN_POINT ( 'NONE',  ( -0.09842519685039370636, 0.1377952755905511861, 0.000000000000000000 ) ) ;
#371 = CARTESIAN_POINT ( 'NONE',  ( -0.08858267716535432601, 0.1968503937007874127, -0.07874015748031495954 ) ) ;
#372 = ORIENTED_EDGE ( 'NONE', *, *, #375, .T. ) ;
#373 = LINE ( 'NONE', #276, #550 ) ;
#374 = CARTESIAN_POINT ( 'NONE',  ( -0.09842519685039370636, -0.1377952755905511861, 0.000000000000000000 ) ) ;
#375 = EDGE_CURVE ( 'NONE', #944, #33, #1417, .T. ) ;
#376 = PRODUCT_DEFINITION_CONTEXT ( 'detailed design', #74, 'design' ) ;
#377 = CARTESIAN_POINT ( 'NONE',  ( 0.05905511811023622659, -0.05905511811023622659, 0.02952755905511811330 ) ) ;
#378 = DIRECTION ( 'NONE',  ( -1.000000000000000000, -1.110223024625159992E-16, 2.775557561562890365E-16 ) ) ;
#379 = DIRECTION ( 'NONE',  ( 0.000000000000000000, 0.000000000000000000, -1.000000000000000000 ) ) ;
#380 = AXIS2_PLACEMENT_3D ( 'NONE', #1287, #660, #1163 ) ;
#381 = CARTESIAN_POINT ( 'NONE',  ( 0.03937007874015747977, -0.1377952755905511861, 0.04921259842519685318 ) ) ;
#382 = ORIENTED_EDGE ( 'NONE', *, *, #227, .T. ) ;
#383 = PRESENTATION_LAYER_ASSIGNMENT (  '', '', ( #1088 ) ) ;
#384 = DIRECTION ( 'NONE',  ( 1.000000000000000000, 1.110223024625159992E-16, 0.000000000000000000 ) ) ;
#385 = DIRECTION ( 'NONE',  ( -1.110223024625160090E-15, 1.000000000000000000, 0.000000000000000000 ) ) ;
#386 = DIRECTION ( 'NONE',  ( -1.387778780781449866E-16, 1.000000000000000000, 0.000000000000000000 ) ) ;
#387 = DIRECTION ( 'NONE',  ( 0.000000000000000000, 0.000000000000000000, -1.000000000000000000 ) ) ;
#388 = ADVANCED_FACE ( 'NONE', ( #1547 ), #1031, .T. ) ;
#389 = APPLICATION_CONTEXT ( 'automotive_design' ) ;
#390 = CARTESIAN_POINT ( 'NONE',  ( -0.05905511811023622659, -0.1377952755905511861, 0.02952755905511811330 ) ) ;
#391 = FACE_OUTER_BOUND ( 'NONE', #1642, .T. ) ;
#392 = ORIENTED_EDGE ( 'NONE', *, *, #1419, .T. ) ;
#393 = LINE ( 'NONE', #509, #328 ) ;
#394 = CARTESIAN_POINT ( 'NONE',  ( -0.1082677165354330728, 0.09842519685039370636, 0.000000000000000000 ) ) ;
#395 = VECTOR ( 'NONE', #352, 39.37007874015748143 ) ;
#396 = ORIENTED_EDGE ( 'NONE', *, *, #856, .T. ) ;
#397 = AXIS2_PLACEMENT_3D ( 'NONE', #516, #1124, #100 ) ;
#398 = VERTEX_POINT ( 'NONE', #1134 ) ;
#399 = DIRECTION ( 'NONE',  ( -1.000000000000000000, -5.551115123125780730E-16, 0.000000000000000000 ) ) ;
#400 = SURFACE_STYLE_USAGE ( .BOTH. , #1265 ) ;
#401 = ORIENTED_EDGE ( 'NONE', *, *, #743, .F. ) ;
#402 = CARTESIAN_POINT ( 'NONE',  ( -0.1082677165354330728, 0.1968503937007874127, 0.7086614173228346081 ) ) ;
#403 = VERTEX_POINT ( 'NONE', #1526 ) ;
#404 = LINE ( 'NONE', #806, #837 ) ;
#405 = DIRECTION ( 'NONE',  ( 0.000000000000000000, 0.000000000000000000, -1.000000000000000000 ) ) ;
#406 = ORIENTED_EDGE ( 'NONE', *, *, #113, .T. ) ;
#407 = LINE ( 'NONE', #133, #44 ) ;
#408 = EDGE_CURVE ( 'NONE', #279, #682, #1517, .T. ) ;
#409 = ORIENTED_EDGE ( 'NONE', *, *, #293, .F. ) ;
#410 = VECTOR ( 'NONE', #221, 39.37007874015748143 ) ;
#411 = DIRECTION ( 'NONE',  ( -1.000000000000000000, 0.000000000000000000, 0.000000000000000000 ) ) ;
#412 = CARTESIAN_POINT ( 'NONE',  ( -0.1082677165354330728, 0.2007874015748031815, 0.1807413856166878163 ) ) ;
#413 = VERTEX_POINT ( 'NONE', #1396 ) ;
#414 = LINE ( 'NONE', #1569, #647 ) ;
#415 = ORIENTED_EDGE ( 'NONE', *, *, #1198, .T. ) ;
#416 = EDGE_CURVE ( 'NONE', #1363, #667, #4, .T. ) ;
#417 =( LENGTH_UNIT ( ) NAMED_UNIT ( * ) SI_UNIT ( $, .METRE. ) );
#418 = SHAPE_REPRESENTATION ( 'LED GREEN', ( #1578, #1583, #697 ), #484 ) ;
#419 = DIRECTION ( 'NONE',  ( -5.551115123125780730E-16, 1.000000000000000000, 0.000000000000000000 ) ) ;
#420 = AXIS2_PLACEMENT_3D ( 'NONE', #551, #1443, #798 ) ;
#421 = VECTOR ( 'NONE', #399, 39.37007874015748143 ) ;
#422 = CARTESIAN_POINT ( 'NONE',  ( -0.08858267716535432601, 0.07874015748031495954, 0.2201114643568452822 ) ) ;
#423 = EDGE_CURVE ( 'NONE', #1603, #1626, #523, .T. ) ;
#424 = VERTEX_POINT ( 'NONE', #1125 ) ;
#425 = CARTESIAN_POINT ( 'NONE',  ( 0.03937007874015747977, -0.1377952755905511861, 0.02952755905511811330 ) ) ;
#426 = DIRECTION ( 'NONE',  ( -1.000000000000000000, 0.000000000000000000, 0.000000000000000000 ) ) ;
#427 = ORIENTED_EDGE ( 'NONE', *, *, #602, .F. ) ;
#428 =( CONVERSION_BASED_UNIT ( 'INCH', #58 ) LENGTH_UNIT ( ) NAMED_UNIT ( #1067 ) );
#429 = ADVANCED_FACE ( 'NONE', ( #784 ), #641, .T. ) ;
#430 = CARTESIAN_POINT ( 'NONE',  ( -0.1082677165354330728, 0.1771653543307086520, 0.000000000000000000 ) ) ;
#431 = EDGE_CURVE ( 'NONE', #116, #1442, #769, .T. ) ;
#432 = DIRECTION ( 'NONE',  ( -1.014594376359810115E-16, 0.1827730742122490037, -0.9831551267948530626 ) ) ;
#433 = VERTEX_POINT ( 'NONE', #270 ) ;
#434 = VERTEX_POINT ( 'NONE', #374 ) ;
#435 = AXIS2_PLACEMENT_3D ( 'NONE', #1040, #548, #1561 ) ;
#436 = DIRECTION ( 'NONE',  ( 0.000000000000000000, -1.000000000000000000, 0.000000000000000000 ) ) ;
#437 =( GEOMETRIC_REPRESENTATION_CONTEXT ( 3 ) GLOBAL_UNCERTAINTY_ASSIGNED_CONTEXT ( ( #1496 ) ) GLOBAL_UNIT_ASSIGNED_CONTEXT ( ( #821, #191, #701 ) ) REPRESENTATION_CONTEXT ( 'NONE', 'WORKASPACE' ) );
#438 = ADVANCED_FACE ( 'NONE', ( #885 ), #776, .T. ) ;
#439 = CARTESIAN_POINT ( 'NONE',  ( -0.04921259842519685318, -0.05905511811023622659, 0.03937007874015747977 ) ) ;
#440 = ORIENTED_EDGE ( 'NONE', *, *, #336, .T. ) ;
#441 = DIRECTION ( 'NONE',  ( -5.551115123125780730E-16, 1.000000000000000000, 0.000000000000000000 ) ) ;
#442 = DIRECTION ( 'NONE',  ( 1.586032892321649771E-16, -1.000000000000000000, 0.000000000000000000 ) ) ;
#443 = VECTOR ( 'NONE', #89, 39.37007874015748143 ) ;
#444 = ORIENTED_EDGE ( 'NONE', *, *, #640, .F. ) ;
#445 = CARTESIAN_POINT ( 'NONE',  ( -0.08858267716535432601, 0.1732283464566929387, 0.2201114643568452822 ) ) ;
#446 = DIRECTION ( 'NONE',  ( 0.000000000000000000, 0.000000000000000000, 1.000000000000000000 ) ) ;
#447 = VECTOR ( 'NONE', #351, 39.37007874015748143 ) ;
#448 = EDGE_CURVE ( 'NONE', #189, #279, #24, .T. ) ;
#449 = ORIENTED_EDGE ( 'NONE', *, *, #883, .F. ) ;
#450 = DIRECTION ( 'NONE',  ( 1.000000000000000000, 1.387778780781449866E-16, 0.000000000000000000 ) ) ;
#451 = DIRECTION ( 'NONE',  ( 0.000000000000000000, 0.000000000000000000, -1.000000000000000000 ) ) ;
#452 = FACE_OUTER_BOUND ( 'NONE', #1032, .T. ) ;
#453 = ORIENTED_EDGE ( 'NONE', *, *, #1560, .T. ) ;
#454 = CARTESIAN_POINT ( 'NONE',  ( -0.08858267716535432601, 0.1707522616179326658, -0.1705796027425822980 ) ) ;
#455 = FACE_OUTER_BOUND ( 'NONE', #1262, .T. ) ;
#456 = VECTOR ( 'NONE', #495, 39.37007874015748143 ) ;
#457 = AXIS2_PLACEMENT_3D ( 'NONE', #631, #1269, #1643 ) ;
#458 = PLANE ( 'NONE',  #1513 ) ;
#459 = PLANE ( 'NONE',  #216 ) ;
#460 = ORIENTED_EDGE ( 'NONE', *, *, #664, .F. ) ;
#461 = APPLICATION_PROTOCOL_DEFINITION ( 'draft international standard', 'automotive_design', 1998, #567 ) ;
#462 = CARTESIAN_POINT ( 'NONE',  ( -0.08858267716535432601, 0.1023622047244094474, 0.2201114643568452822 ) ) ;
#463 = ORIENTED_EDGE ( 'NONE', *, *, #86, .T. ) ;
#464 = VECTOR ( 'NONE', #195, 39.37007874015748854 ) ;
#465 = VECTOR ( 'NONE', #897, 39.37007874015748143 ) ;
#466 = CARTESIAN_POINT ( 'NONE',  ( -0.08858267716535432601, 0.07850168863883072445, -0.1705796027425822980 ) ) ;
#467 = EDGE_CURVE ( 'NONE', #987, #1271, #996, .T. ) ;
#468 = DIRECTION ( 'NONE',  ( 0.000000000000000000, 0.000000000000000000, -1.000000000000000000 ) ) ;
#469 = AXIS2_PLACEMENT_3D ( 'NONE', #1239, #1530, #1514 ) ;
#470 = ORIENTED_EDGE ( 'NONE', *, *, #253, .F. ) ;
#471 = VECTOR ( 'NONE', #243, 39.37007874015748143 ) ;
#472 = FACE_OUTER_BOUND ( 'NONE', #803, .T. ) ;
#473 = DIRECTION ( 'NONE',  ( 0.000000000000000000, 0.000000000000000000, 1.000000000000000000 ) ) ;
#474 = UNCERTAINTY_MEASURE_WITH_UNIT (LENGTH_MEASURE( 1.000000000000000082E-05 ), #669, 'distance_accuracy_value', 'NONE');
#475 = DIRECTION ( 'NONE',  ( -1.000000000000000000, -5.551115123125780730E-16, 0.000000000000000000 ) ) ;
#476 = ORIENTED_EDGE ( 'NONE', *, *, #1295, .F. ) ;
#477 = ADVANCED_FACE ( 'NONE', ( #927 ), #1202, .T. ) ;
#478 = EDGE_CURVE ( 'NONE', #1149, #1575, #691, .T. ) ;
#479 = CARTESIAN_POINT ( 'NONE',  ( -0.1082677165354330728, 0.1771653543307086520, -0.009790876537954526851 ) ) ;
#480 = ORIENTED_EDGE ( 'NONE', *, *, #448, .F. ) ;
#481 = CARTESIAN_POINT ( 'NONE',  ( -0.1082677165354330728, 0.2007874015748031815, 0.1807413856166878163 ) ) ;
#482 = SHAPE_DEFINITION_REPRESENTATION ( #586, #418 ) ;
#483 = DIRECTION ( 'NONE',  ( 0.000000000000000000, -1.000000000000000000, 0.000000000000000000 ) ) ;
#484 =( GEOMETRIC_REPRESENTATION_CONTEXT ( 3 ) GLOBAL_UNCERTAINTY_ASSIGNED_CONTEXT ( ( #998 ) ) GLOBAL_UNIT_ASSIGNED_CONTEXT ( ( #609, #1493, #87 ) ) REPRESENTATION_CONTEXT ( 'NONE', 'WORKASPACE' ) );
#485 = DIRECTION ( 'NONE',  ( -1.387778780781449866E-16, 1.000000000000000000, 0.000000000000000000 ) ) ;
#486 = ORIENTED_EDGE ( 'NONE', *, *, #1295, .T. ) ;
#487 = EDGE_CURVE ( 'NONE', #346, #9, #1179, .T. ) ;
#488 = VECTOR ( 'NONE', #775, 39.37007874015748143 ) ;
#489 = DIRECTION ( 'NONE',  ( 0.000000000000000000, 0.000000000000000000, -1.000000000000000000 ) ) ;
#490 = DIRECTION ( 'NONE',  ( 0.000000000000000000, 0.000000000000000000, 1.000000000000000000 ) ) ;
#491 = AXIS2_PLACEMENT_3D ( 'NONE', #575, #1068, #386 ) ;
#492 = EDGE_LOOP ( 'NONE', ( #476, #961, #529, #1038 ) ) ;
#493 = CARTESIAN_POINT ( 'NONE',  ( -0.03937007874015747977, -0.05905511811023622659, 0.02952755905511811330 ) ) ;
#494 = ORIENTED_EDGE ( 'NONE', *, *, #536, .T. ) ;
#495 = DIRECTION ( 'NONE',  ( 0.000000000000000000, 0.000000000000000000, 1.000000000000000000 ) ) ;
#496 = ORIENTED_EDGE ( 'NONE', *, *, #1247, .F. ) ;
#497 = DIRECTION ( 'NONE',  ( 0.000000000000000000, 0.000000000000000000, 1.000000000000000000 ) ) ;
#498 = CARTESIAN_POINT ( 'NONE',  ( 0.09842519685039370636, -0.1377952755905511861, 0.07874015748031495954 ) ) ;
#499 = EDGE_CURVE ( 'NONE', #413, #1606, #557, .T. ) ;
#500 = DIRECTION ( 'NONE',  ( 0.000000000000000000, -1.000000000000000000, 0.000000000000000000 ) ) ;
#501 = DIRECTION ( 'NONE',  ( -5.551115123125780730E-16, 1.000000000000000000, 0.000000000000000000 ) ) ;
#502 = ORIENTED_EDGE ( 'NONE', *, *, #97, .F. ) ;
#503 = AXIS2_PLACEMENT_3D ( 'NONE', #1, #773, #621 ) ;
#504 = DIRECTION ( 'NONE',  ( 0.000000000000000000, 0.000000000000000000, -1.000000000000000000 ) ) ;
#505 = ORIENTED_EDGE ( 'NONE', *, *, #814, .F. ) ;
#506 = CARTESIAN_POINT ( 'NONE',  ( -0.1082677165354330728, 0.07874015748031495954, 0.000000000000000000 ) ) ;
#507 = LINE ( 'NONE', #2, #951 ) ;
#508 = VERTEX_POINT ( 'NONE', #295 ) ;
#509 = CARTESIAN_POINT ( 'NONE',  ( -0.09842519685039370636, 0.07874015748031495954, 0.2201114643568452822 ) ) ;
#510 = DIRECTION ( 'NONE',  ( 0.000000000000000000, 0.000000000000000000, -1.000000000000000000 ) ) ;
#511 = EDGE_LOOP ( 'NONE', ( #546, #825, #1559, #1226 ) ) ;
#512 = EDGE_CURVE ( 'NONE', #1041, #116, #1441, .T. ) ;
#513 =( LENGTH_UNIT ( ) NAMED_UNIT ( * ) SI_UNIT ( $, .METRE. ) );
#514 = ORIENTED_EDGE ( 'NONE', *, *, #1542, .T. ) ;
#515 = ADVANCED_BREP_SHAPE_REPRESENTATION ( '', ( #753, #1361 ), #521 ) ;
#516 = CARTESIAN_POINT ( 'NONE',  ( -0.08858267716535432601, 0.1430496246292499996, -0.02156427486375125935 ) ) ;
#517 = VECTOR ( 'NONE', #442, 39.37007874015748143 ) ;
#518 = ADVANCED_FACE ( 'NONE', ( #1427 ), #38, .T. ) ;
#519 = CARTESIAN_POINT ( 'NONE',  ( -0.1082677165354330728, 0.07874015748031495954, 0.2201114643568452822 ) ) ;
#520 = VERTEX_POINT ( 'NONE', #1435 ) ;
#521 =( GEOMETRIC_REPRESENTATION_CONTEXT ( 3 ) GLOBAL_UNCERTAINTY_ASSIGNED_CONTEXT ( ( #1117 ) ) GLOBAL_UNIT_ASSIGNED_CONTEXT ( ( #287, #1410, #914 ) ) REPRESENTATION_CONTEXT ( 'NONE', 'WORKASPACE' ) );
#522 = CARTESIAN_POINT ( 'NONE',  ( -0.07874015748031495954, -0.1377952755905511861, 0.04921259842519685318 ) ) ;
#523 = LINE ( 'NONE', #149, #1357 ) ;
#524 = ORIENTED_EDGE ( 'NONE', *, *, #1143, .F. ) ;
#525 = EDGE_CURVE ( 'NONE', #905, #997, #414, .T. ) ;
#526 = VERTEX_POINT ( 'NONE', #1053 ) ;
#527 = PLANE ( 'NONE',  #1611 ) ;
#528 = DIRECTION ( 'NONE',  ( -1.000000000000000000, -1.110223024625159992E-16, 2.775557561562890365E-16 ) ) ;
#529 = ORIENTED_EDGE ( 'NONE', *, *, #310, .T. ) ;
#530 = EDGE_CURVE ( 'NONE', #583, #882, #1062, .T. ) ;
#531 = CARTESIAN_POINT ( 'NONE',  ( -0.08858267716535432601, 0.07850168863883072445, -0.1705796027425822980 ) ) ;
#532 = ORIENTED_EDGE ( 'NONE', *, *, #277, .F. ) ;
#533 = LINE ( 'NONE', #7, #353 ) ;
#534 = VECTOR ( 'NONE', #537, 39.37007874015748143 ) ;
#535 = CARTESIAN_POINT ( 'NONE',  ( 0.03937007874015747977, -0.05905511811023622659, 0.04921259842519685318 ) ) ;
#536 = EDGE_CURVE ( 'NONE', #1339, #1487, #174, .T. ) ;
#537 = DIRECTION ( 'NONE',  ( -5.551115123125780730E-16, 1.000000000000000000, 0.000000000000000000 ) ) ;
#538 = PRESENTATION_STYLE_ASSIGNMENT (( #155 ) ) ;
#539 = ORIENTED_EDGE ( 'NONE', *, *, #525, .F. ) ;
#540 = CARTESIAN_POINT ( 'NONE',  ( -0.08858267716535432601, 0.1707522616179326658, -0.1705796027425822980 ) ) ;
#541 = VERTEX_POINT ( 'NONE', #789 ) ;
#542 = CARTESIAN_POINT ( 'NONE',  ( -0.09842519685039370636, 0.1377952755905511861, 0.000000000000000000 ) ) ;
#543 = DIRECTION ( 'NONE',  ( 0.000000000000000000, 0.000000000000000000, -1.000000000000000000 ) ) ;
#544 = CARTESIAN_POINT ( 'NONE',  ( -0.08858267716535432601, 0.1023622047244094474, 0.1807413856166878163 ) ) ;
#545 = EDGE_CURVE ( 'NONE', #33, #790, #1171, .T. ) ;
#546 = ORIENTED_EDGE ( 'NONE', *, *, #366, .T. ) ;
#547 = LINE ( 'NONE', #173, #1074 ) ;
#548 = DIRECTION ( 'NONE',  ( 0.000000000000000000, 0.000000000000000000, 1.000000000000000000 ) ) ;
#549 = ORIENTED_EDGE ( 'NONE', *, *, #1540, .T. ) ;
#550 = VECTOR ( 'NONE', #1250, 39.37007874015748143 ) ;
#551 = CARTESIAN_POINT ( 'NONE',  ( -0.08858267716535432601, 0.1968503937007874127, 0.000000000000000000 ) ) ;
#552 = EDGE_CURVE ( 'NONE', #184, #1626, #1187, .T. ) ;
#553 = DIRECTION ( 'NONE',  ( 1.000000000000000000, 0.000000000000000000, 0.000000000000000000 ) ) ;
#554 = ORIENTED_EDGE ( 'NONE', *, *, #336, .F. ) ;
#555 = FACE_OUTER_BOUND ( 'NONE', #1432, .T. ) ;
#556 = EDGE_CURVE ( 'NONE', #558, #229, #164, .T. ) ;
#557 = LINE ( 'NONE', #1070, #932 ) ;
#558 = VERTEX_POINT ( 'NONE', #918 ) ;
#559 = VECTOR ( 'NONE', #278, 39.37007874015748143 ) ;
#560 = LINE ( 'NONE', #938, #1399 ) ;
#561 = CLOSED_SHELL ( 'NONE', ( #518, #827, #267, #581, #948, #1647, #1488, #1586, #1580, #943, #868, #1621, #568, #872, #656, #1006 ) ) ;
#562 = PLANE ( 'NONE',  #1162 ) ;
#563 = ORIENTED_EDGE ( 'NONE', *, *, #143, .T. ) ;
#564 = CARTESIAN_POINT ( 'NONE',  ( 0.05905511811023622659, -0.1377952755905511861, 0.02952755905511811330 ) ) ;
#565 = PRODUCT_DEFINITION_SHAPE ( 'NONE', 'NONE',  #1649 ) ;
#566 = ORIENTED_EDGE ( 'NONE', *, *, #1186, .T. ) ;
#567 = APPLICATION_CONTEXT ( 'automotive_design' ) ;
#568 = ADVANCED_FACE ( 'NONE', ( #32 ), #699, .F. ) ;
#569 = PLANE ( 'NONE',  #1096 ) ;
#570 = ORIENTED_EDGE ( 'NONE', *, *, #1304, .T. ) ;
#571 = CARTESIAN_POINT ( 'NONE',  ( -0.08858267716535432601, 0.2007874015748031815, 0.2201114643568452822 ) ) ;
#572 = DIRECTION ( 'NONE',  ( -1.000000000000000000, 0.000000000000000000, 0.000000000000000000 ) ) ;
#573 = ORIENTED_EDGE ( 'NONE', *, *, #246, .T. ) ;
#574 = EDGE_CURVE ( 'NONE', #108, #1360, #674, .T. ) ;
#575 = CARTESIAN_POINT ( 'NONE',  ( -0.03937007874015747977, -0.1377952755905511861, 0.04921259842519685318 ) ) ;
#576 = ORIENTED_EDGE ( 'NONE', *, *, #952, .T. ) ;
#577 = EDGE_CURVE ( 'NONE', #1197, #508, #960, .T. ) ;
#578 = CARTESIAN_POINT ( 'NONE',  ( -0.08858267716535432601, 0.1771653543307086520, 0.000000000000000000 ) ) ;
#579 = DIMENSIONAL_EXPONENTS ( 1.000000000000000000, 0.000000000000000000, 0.000000000000000000, 0.000000000000000000, 0.000000000000000000, 0.000000000000000000, 0.000000000000000000 ) ;
#580 = VECTOR ( 'NONE', #605, 39.37007874015748143 ) ;
#581 = ADVANCED_FACE ( 'NONE', ( #1607 ), #459, .T. ) ;
#582 = CARTESIAN_POINT ( 'NONE',  ( -0.1082677165354330728, 0.07850168863883072445, -0.1705796027425822980 ) ) ;
#583 = VERTEX_POINT ( 'NONE', #1221 ) ;
#584 = LINE ( 'NONE', #956, #340 ) ;
#585 = CARTESIAN_POINT ( 'NONE',  ( -0.08858267716535432601, 0.2007874015748031815, 0.1807413856166878163 ) ) ;
#586 = PRODUCT_DEFINITION_SHAPE ( 'NONE', 'NONE',  #1182 ) ;
#587 = PLANE ( 'NONE',  #1372 ) ;
#588 = LINE ( 'NONE', #1462, #1401 ) ;
#589 = EDGE_CURVE ( 'NONE', #398, #413, #1479, .T. ) ;
#590 = ORIENTED_EDGE ( 'NONE', *, *, #1454, .T. ) ;
#591 = DIRECTION ( 'NONE',  ( -1.000000000000000000, -5.551115123125780730E-16, 0.000000000000000000 ) ) ;
#592 = DIRECTION ( 'NONE',  ( 0.000000000000000000, 0.000000000000000000, 1.000000000000000000 ) ) ;
#593 = VECTOR ( 'NONE', #501, 39.37007874015748143 ) ;
#594 = ORIENTED_EDGE ( 'NONE', *, *, #1205, .T. ) ;
#595 = VECTOR ( 'NONE', #744, 39.37007874015748143 ) ;
#596 = CARTESIAN_POINT ( 'NONE',  ( -0.08858267716535432601, 0.1707522616179326658, -0.1705796027425822980 ) ) ;
#597 = EDGE_CURVE ( 'NONE', #229, #1603, #839, .T. ) ;
#598 = CARTESIAN_POINT ( 'NONE',  ( 0.000000000000000000, 0.000000000000000000, 0.000000000000000000 ) ) ;
#599 = ORIENTED_EDGE ( 'NONE', *, *, #1392, .F. ) ;
#600 = LINE ( 'NONE', #1467, #887 ) ;
#601 = DIRECTION ( 'NONE',  ( -5.551115123125780730E-16, 1.000000000000000000, 0.000000000000000000 ) ) ;
#602 = EDGE_CURVE ( 'NONE', #736, #618, #1347, .T. ) ;
#603 = ORIENTED_EDGE ( 'NONE', *, *, #1245, .T. ) ;
#604 = AXIS2_PLACEMENT_3D ( 'NONE', #1214, #1240, #947 ) ;
#605 = DIRECTION ( 'NONE',  ( -5.551115123125780730E-16, 1.000000000000000000, 0.000000000000000000 ) ) ;
#606 = VECTOR ( 'NONE', #1478, 39.37007874015748143 ) ;
#607 = EDGE_LOOP ( 'NONE', ( #324, #795, #898, #396 ) ) ;
#608 = DIRECTION ( 'NONE',  ( 0.000000000000000000, -1.000000000000000000, 0.000000000000000000 ) ) ;
#609 =( CONVERSION_BASED_UNIT ( 'INCH', #1094 ) LENGTH_UNIT ( ) NAMED_UNIT ( #1468 ) );
#610 = LINE ( 'NONE', #1200, #1389 ) ;
#611 = ADVANCED_FACE ( 'NONE', ( #77 ), #218, .T. ) ;
#612 = FACE_OUTER_BOUND ( 'NONE', #1610, .T. ) ;
#613 = SURFACE_STYLE_FILL_AREA ( #1248 ) ;
#614 = ORIENTED_EDGE ( 'NONE', *, *, #525, .T. ) ;
#615 = DIRECTION ( 'NONE',  ( 0.000000000000000000, 0.000000000000000000, -1.000000000000000000 ) ) ;
#616 = ORIENTED_EDGE ( 'NONE', *, *, #710, .F. ) ;
#617 = DIRECTION ( 'NONE',  ( -1.000000000000000000, -1.110223024625160090E-15, 0.000000000000000000 ) ) ;
#618 = VERTEX_POINT ( 'NONE', #92 ) ;
#619 = EDGE_CURVE ( 'NONE', #1553, #16, #69, .T. ) ;
#620 = AXIS2_PLACEMENT_3D ( 'NONE', #1592, #1358, #355 ) ;
#621 = DIRECTION ( 'NONE',  ( 1.000000000000000000, 0.000000000000000000, 0.000000000000000000 ) ) ;
#622 = SURFACE_STYLE_FILL_AREA ( #1284 ) ;
#623 = ORIENTED_EDGE ( 'NONE', *, *, #1155, .F. ) ;
#624 = DIRECTION ( 'NONE',  ( 4.758098676964960405E-16, -1.000000000000000000, 0.000000000000000000 ) ) ;
#625 = PLANE ( 'NONE',  #85 ) ;
#626 = VECTOR ( 'NONE', #1278, 39.37007874015748143 ) ;
#627 = ORIENTED_EDGE ( 'NONE', *, *, #654, .T. ) ;
#628 = PLANE ( 'NONE',  #866 ) ;
#629 =( NAMED_UNIT ( * ) PLANE_ANGLE_UNIT ( ) SI_UNIT ( $, .RADIAN. ) );
#630 = ORIENTED_EDGE ( 'NONE', *, *, #1308, .F. ) ;
#631 = CARTESIAN_POINT ( 'NONE',  ( -0.08858267716535432601, 0.1771653543307086520, 0.000000000000000000 ) ) ;
#632 = VECTOR ( 'NONE', #980, 39.37007874015748143 ) ;
#633 = DIRECTION ( 'NONE',  ( 1.000000000000000000, 0.000000000000000000, 0.000000000000000000 ) ) ;
#634 = ORIENTED_EDGE ( 'NONE', *, *, #530, .T. ) ;
#635 = CARTESIAN_POINT ( 'NONE',  ( -0.08858267716535432601, 0.07874015748031495954, 0.000000000000000000 ) ) ;
#636 = FACE_OUTER_BOUND ( 'NONE', #999, .T. ) ;
#637 = PRESENTATION_STYLE_ASSIGNMENT (( #400 ) ) ;
#638 = EDGE_LOOP ( 'NONE', ( #675, #1208, #1395, #367 ) ) ;
#639 = FACE_OUTER_BOUND ( 'NONE', #261, .T. ) ;
#640 = EDGE_CURVE ( 'NONE', #916, #1603, #972, .T. ) ;
#641 = PLANE ( 'NONE',  #849 ) ;
#642 = ORIENTED_EDGE ( 'NONE', *, *, #487, .T. ) ;
#643 = UNCERTAINTY_MEASURE_WITH_UNIT (LENGTH_MEASURE( 1.000000000000000082E-05 ), #120, 'distance_accuracy_value', 'NONE');
#644 = CARTESIAN_POINT ( 'NONE',  ( -0.08858267716535432601, 0.1968503937007874127, 0.1807413856166878163 ) ) ;
#645 = LINE ( 'NONE', #751, #180 ) ;
#646 = CARTESIAN_POINT ( 'NONE',  ( -0.08858267716535432601, 0.07480314960629921850, 0.2201114643568452822 ) ) ;
#647 = VECTOR ( 'NONE', #1196, 39.37007874015748143 ) ;
#648 = LENGTH_MEASURE_WITH_UNIT ( LENGTH_MEASURE( 0.02539999999999999897 ), #266 );
#649 = ORIENTED_EDGE ( 'NONE', *, *, #39, .T. ) ;
#650 = AXIS2_PLACEMENT_3D ( 'NONE', #598, #209, #832 ) ;
#651 = CARTESIAN_POINT ( 'NONE',  ( -0.1082677165354330728, 0.1732283464566929387, 0.1807413856166878163 ) ) ;
#652 = ORIENTED_EDGE ( 'NONE', *, *, #60, .T. ) ;
#653 = CARTESIAN_POINT ( 'NONE',  ( -0.1082677165354330728, 0.07874015748031495954, 0.6299212598425196763 ) ) ;
#654 = EDGE_CURVE ( 'NONE', #1024, #1440, #1092, .T. ) ;
#655 = DIRECTION ( 'NONE',  ( 1.000000000000000000, 0.000000000000000000, 0.000000000000000000 ) ) ;
#656 = ADVANCED_FACE ( 'NONE', ( #855 ), #1365, .F. ) ;
#657 = VECTOR ( 'NONE', #702, 39.37007874015748143 ) ;
#658 = CARTESIAN_POINT ( 'NONE',  ( -0.1082677165354330728, 0.09842519685039370636, 0.000000000000000000 ) ) ;
#659 = ORIENTED_EDGE ( 'NONE', *, *, #1367, .F. ) ;
#660 = DIRECTION ( 'NONE',  ( -1.000000000000000000, 0.000000000000000000, 0.000000000000000000 ) ) ;
#661 = ORIENTED_EDGE ( 'NONE', *, *, #556, .F. ) ;
#662 = AXIS2_PLACEMENT_3D ( 'NONE', #330, #489, #1010 ) ;
#663 = CARTESIAN_POINT ( 'NONE',  ( 0.05905511811023622659, -0.1377952755905511861, 0.02952755905511811330 ) ) ;
#664 = EDGE_CURVE ( 'NONE', #916, #184, #588, .T. ) ;
#665 = CARTESIAN_POINT ( 'NONE',  ( -0.08858267716535432601, 0.1773732323054330595, -0.09988794216075354282 ) ) ;
#666 = VERTEX_POINT ( 'NONE', #1083 ) ;
#667 = VERTEX_POINT ( 'NONE', #1077 ) ;
#668 = VECTOR ( 'NONE', #992, 39.37007874015748143 ) ;
#669 =( CONVERSION_BASED_UNIT ( 'INCH', #1065 ) LENGTH_UNIT ( ) NAMED_UNIT ( #683 ) );
#670 = LINE ( 'NONE', #1572, #762 ) ;
#671 = EDGE_CURVE ( 'NONE', #184, #102, #1596, .T. ) ;
#672 = CARTESIAN_POINT ( 'NONE',  ( -0.06889763779527559306, -0.1377952755905511861, 0.02952755905511811330 ) ) ;
#673 = ORIENTED_EDGE ( 'NONE', *, *, #1429, .T. ) ;
#674 = LINE ( 'NONE', #1298, #1223 ) ;
#675 = ORIENTED_EDGE ( 'NONE', *, *, #1081, .T. ) ;
#676 = VECTOR ( 'NONE', #272, 39.37007874015748143 ) ;
#677 = CARTESIAN_POINT ( 'NONE',  ( -0.1082677165354330728, 0.1771653543307086520, 0.000000000000000000 ) ) ;
#678 = CARTESIAN_POINT ( 'NONE',  ( -0.1082677165354330728, 0.1771653543307086520, 0.2201114643568452822 ) ) ;
#679 = ORIENTED_EDGE ( 'NONE', *, *, #734, .T. ) ;
#680 = DIRECTION ( 'NONE',  ( 0.000000000000000000, 0.000000000000000000, 1.000000000000000000 ) ) ;
#681 = ADVANCED_FACE ( 'NONE', ( #391 ), #363, .T. ) ;
#682 = VERTEX_POINT ( 'NONE', #256 ) ;
#683 = DIMENSIONAL_EXPONENTS ( 1.000000000000000000, 0.000000000000000000, 0.000000000000000000, 0.000000000000000000, 0.000000000000000000, 0.000000000000000000, 0.000000000000000000 ) ;
#684 = SURFACE_SIDE_STYLE ('',( #1563 ) ) ;
#685 = VECTOR ( 'NONE', #528, 39.37007874015748143 ) ;
#686 = CARTESIAN_POINT ( 'NONE',  ( -0.08858267716535432601, 0.07480314960629921850, 0.2201114643568452822 ) ) ;
#687 = VECTOR ( 'NONE', #1500, 39.37007874015748143 ) ;
#688 = LINE ( 'NONE', #794, #1132 ) ;
#689 = ORIENTED_EDGE ( 'NONE', *, *, #213, .T. ) ;
#690 = CARTESIAN_POINT ( 'NONE',  ( -0.08858267716535432601, 0.1707522616179326658, -0.1705796027425822980 ) ) ;
#691 = LINE ( 'NONE', #1589, #879 ) ;
#692 = EDGE_LOOP ( 'NONE', ( #1348, #1203, #902, #1279, #1538, #630, #212, #514, #634, #1313, #524, #627, #275, #689, #1105 ) ) ;
#693 = EDGE_CURVE ( 'NONE', #134, #229, #109, .T. ) ;
#694 = FACE_OUTER_BOUND ( 'NONE', #607, .T. ) ;
#695 = LINE ( 'NONE', #869, #1146 ) ;
#696 = PRODUCT_RELATED_PRODUCT_CATEGORY ( 'part', '', ( #1573 ) ) ;
#697 = AXIS2_PLACEMENT_3D ( 'NONE', #735, #80, #592 ) ;
#698 = LINE ( 'NONE', #1329, #1211 ) ;
#699 = PLANE ( 'NONE',  #435 ) ;
#700 = ORIENTED_EDGE ( 'NONE', *, *, #912, .T. ) ;
#701 =( NAMED_UNIT ( * ) SI_UNIT ( $, .STERADIAN. ) SOLID_ANGLE_UNIT ( ) );
#702 = DIRECTION ( 'NONE',  ( -1.000000000000000000, -5.551115123125780730E-16, 0.000000000000000000 ) ) ;
#703 = VECTOR ( 'NONE', #384, 39.37007874015748143 ) ;
#704 = VECTOR ( 'NONE', #446, 39.37007874015748143 ) ;
#705 = DIRECTION ( 'NONE',  ( 0.000000000000000000, 0.000000000000000000, 1.000000000000000000 ) ) ;
#706 = DIRECTION ( 'NONE',  ( 0.000000000000000000, 0.000000000000000000, -1.000000000000000000 ) ) ;
#707 = ORIENTED_EDGE ( 'NONE', *, *, #1047, .F. ) ;
#708 = LINE ( 'NONE', #1209, #828 ) ;
#709 = PRODUCT_CONTEXT ( 'NONE', #1318, 'mechanical' ) ;
#710 = EDGE_CURVE ( 'NONE', #413, #1307, #881, .T. ) ;
#711 = VECTOR ( 'NONE', #162, 39.37007874015748143 ) ;
#712 = LINE ( 'NONE', #1213, #447 ) ;
#713 = DIRECTION ( 'NONE',  ( -4.758098676964960405E-16, 1.000000000000000000, 0.000000000000000000 ) ) ;
#714 = VERTEX_POINT ( 'NONE', #371 ) ;
#715 = LINE ( 'NONE', #1474, #1048 ) ;
#716 = ADVANCED_FACE ( 'NONE', ( #1641 ), #1404, .T. ) ;
#717 = ORIENTED_EDGE ( 'NONE', *, *, #1133, .F. ) ;
#718 = LINE ( 'NONE', #338, #1023 ) ;
#719 = EDGE_CURVE ( 'NONE', #1377, #1021, #755, .T. ) ;
#720 = ORIENTED_EDGE ( 'NONE', *, *, #805, .F. ) ;
#721 = CARTESIAN_POINT ( 'NONE',  ( -0.1082677165354330728, 0.1771653543307086520, 0.000000000000000000 ) ) ;
#722 = VERTEX_POINT ( 'NONE', #519 ) ;
#723 = LINE ( 'NONE', #1320, #1153 ) ;
#724 = VECTOR ( 'NONE', #1337, 39.37007874015748143 ) ;
#725 = DIMENSIONAL_EXPONENTS ( 1.000000000000000000, 0.000000000000000000, 0.000000000000000000, 0.000000000000000000, 0.000000000000000000, 0.000000000000000000, 0.000000000000000000 ) ;
#726 = PRODUCT_DEFINITION_CONTEXT ( 'detailed design', #307, 'design' ) ;
#727 = CARTESIAN_POINT ( 'NONE',  ( -0.08858267716535432601, 0.07480314960629921850, 0.2201114643568452822 ) ) ;
#728 = ORIENTED_EDGE ( 'NONE', *, *, #86, .F. ) ;
#729 = MECHANICAL_DESIGN_GEOMETRIC_PRESENTATION_REPRESENTATION (  '', ( #1122 ), #1009 ) ;
#730 = CARTESIAN_POINT ( 'NONE',  ( -0.1082677165354330728, 0.2007874015748031815, 0.2201114643568452822 ) ) ;
#731 = CARTESIAN_POINT ( 'NONE',  ( -0.08858267716535432601, 0.07874015748031613915, -0.02156427486700858084 ) ) ;
#732 = ORIENTED_EDGE ( 'NONE', *, *, #348, .T. ) ;
#733 = CARTESIAN_POINT ( 'NONE',  ( -0.1082677165354330728, 0.1968503937007874127, 0.7086614173228346081 ) ) ;
#734 = EDGE_CURVE ( 'NONE', #1307, #309, #1139, .T. ) ;
#735 = CARTESIAN_POINT ( 'NONE',  ( -0.1173811593503543277, -0.3054826455035826727, 0.09842519685039370636 ) ) ;
#736 = VERTEX_POINT ( 'NONE', #498 ) ;
#737 = CARTESIAN_POINT ( 'NONE',  ( -0.08858267716535432601, 0.1732283464566929387, 0.1807413856166878163 ) ) ;
#738 = FILL_AREA_STYLE_COLOUR ( '', #71 ) ;
#739 = CARTESIAN_POINT ( 'NONE',  ( -0.08858267716535432601, 0.1771653543307086520, 0.7086614173228346081 ) ) ;
#740 = VECTOR ( 'NONE', #1183, 39.37007874015748143 ) ;
#741 =( NAMED_UNIT ( * ) PLANE_ANGLE_UNIT ( ) SI_UNIT ( $, .RADIAN. ) );
#742 = EDGE_LOOP ( 'NONE', ( #460, #990, #1448, #110 ) ) ;
#743 = EDGE_CURVE ( 'NONE', #134, #916, #507, .T. ) ;
#744 = DIRECTION ( 'NONE',  ( 0.000000000000000000, 0.000000000000000000, 1.000000000000000000 ) ) ;
#745 = DIRECTION ( 'NONE',  ( -5.551115123125780730E-16, 1.000000000000000000, 0.000000000000000000 ) ) ;
#746 = PRESENTATION_LAYER_ASSIGNMENT (  '', '', ( #1598 ) ) ;
#747 = SURFACE_STYLE_USAGE ( .BOTH. , #1113 ) ;
#748 = EDGE_CURVE ( 'NONE', #997, #1520, #1394, .T. ) ;
#749 = LINE ( 'NONE', #249, #1260 ) ;
#750 = FACE_OUTER_BOUND ( 'NONE', #1400, .T. ) ;
#751 = CARTESIAN_POINT ( 'NONE',  ( -0.1082677165354330728, 0.1023622047244094474, 0.1807413856166878163 ) ) ;
#752 = VECTOR ( 'NONE', #933, 39.37007874015748143 ) ;
#753 = MANIFOLD_SOLID_BREP ( 'LED GREEN cuadrado.stp', #561 ) ;
#754 = DIRECTION ( 'NONE',  ( -2.029188752719609875E-16, 0.1827730742122490037, -0.9831551267948530626 ) ) ;
#755 = LINE ( 'NONE', #1622, #178 ) ;
#756 = FACE_OUTER_BOUND ( 'NONE', #1516, .T. ) ;
#757 = LINE ( 'NONE', #540, #1263 ) ;
#758 = ORIENTED_EDGE ( 'NONE', *, *, #1018, .T. ) ;
#759 = CARTESIAN_POINT ( 'NONE',  ( 0.000000000000000000, 0.000000000000000000, 0.000000000000000000 ) ) ;
#760 = LINE ( 'NONE', #737, #264 ) ;
#761 = MANIFOLD_SOLID_BREP ( 'LED GREEN cuadrado.stp[1]', #48 ) ;
#762 = VECTOR ( 'NONE', #176, 39.37007874015748143 ) ;
#763 = EDGE_CURVE ( 'NONE', #102, #558, #146, .T. ) ;
#764 = DIRECTION ( 'NONE',  ( 1.000000000000000000, 0.000000000000000000, 0.000000000000000000 ) ) ;
#765 = CARTESIAN_POINT ( 'NONE',  ( -0.03937007874015747977, -0.05905511811023622659, 0.04921259842519685318 ) ) ;
#766 = ORIENTED_EDGE ( 'NONE', *, *, #408, .F. ) ;
#767 = LINE ( 'NONE', #1624, #1390 ) ;
#768 = MECHANICAL_DESIGN_GEOMETRIC_PRESENTATION_REPRESENTATION (  '', ( #836 ), #969 ) ;
#769 = LINE ( 'NONE', #394, #141 ) ;
#770 = ORIENTED_EDGE ( 'NONE', *, *, #1133, .T. ) ;
#771 = FILL_AREA_STYLE_COLOUR ( '', #1306 ) ;
#772 = ORIENTED_EDGE ( 'NONE', *, *, #1475, .F. ) ;
#773 = DIRECTION ( 'NONE',  ( -0.000000000000000000, 1.000000000000000000, 0.000000000000000000 ) ) ;
#774 = ORIENTED_EDGE ( 'NONE', *, *, #1354, .F. ) ;
#775 = DIRECTION ( 'NONE',  ( 0.000000000000000000, 0.000000000000000000, -1.000000000000000000 ) ) ;
#776 = PLANE ( 'NONE',  #380 ) ;
#777 = EDGE_CURVE ( 'NONE', #1575, #931, #1249, .T. ) ;
#778 = ORIENTED_EDGE ( 'NONE', *, *, #1087, .F. ) ;
#779 = DIRECTION ( 'NONE',  ( -1.000000000000000000, 0.000000000000000000, 0.000000000000000000 ) ) ;
#780 = CARTESIAN_POINT ( 'NONE',  ( -0.05905511811023622659, -0.1377952755905511861, 0.02952755905511811330 ) ) ;
#781 = FILL_AREA_STYLE_COLOUR ( '', #1380 ) ;
#782 = EDGE_LOOP ( 'NONE', ( #1623, #3, #1310, #1481 ) ) ;
#783 = VECTOR ( 'NONE', #224, 39.37007874015748143 ) ;
#784 = FACE_OUTER_BOUND ( 'NONE', #1164, .T. ) ;
#785 = ORIENTED_EDGE ( 'NONE', *, *, #143, .F. ) ;
#786 = ADVANCED_FACE ( 'NONE', ( #208 ), #1086, .T. ) ;
#787 = DIRECTION ( 'NONE',  ( -1.014594376359810115E-16, 0.1827730742122490037, -0.9831551267948530626 ) ) ;
#788 = EDGE_LOOP ( 'NONE', ( #941, #758, #427, #1115 ) ) ;
#789 = CARTESIAN_POINT ( 'NONE',  ( -0.08858267716535432601, 0.07480314960629921850, 0.1807413856166878163 ) ) ;
#790 = VERTEX_POINT ( 'NONE', #1072 ) ;
#791 = DIRECTION ( 'NONE',  ( 1.000000000000000000, 1.387778780781449866E-16, 0.000000000000000000 ) ) ;
#792 = VECTOR ( 'NONE', #1201, 39.37007874015748143 ) ;
#793 = LINE ( 'NONE', #18, #1343 ) ;
#794 = CARTESIAN_POINT ( 'NONE',  ( -0.1082677165354330728, 0.1773732323054330595, -0.09988794216075354282 ) ) ;
#795 = ORIENTED_EDGE ( 'NONE', *, *, #654, .F. ) ;
#796 = DIRECTION ( 'NONE',  ( 0.000000000000000000, 0.000000000000000000, 1.000000000000000000 ) ) ;
#797 = ORIENTED_EDGE ( 'NONE', *, *, #97, .T. ) ;
#798 = DIRECTION ( 'NONE',  ( 1.000000000000000000, 0.000000000000000000, 0.000000000000000000 ) ) ;
#799 = CARTESIAN_POINT ( 'NONE',  ( -0.1082677165354330728, 0.1732283464566929387, 0.1807413856166878163 ) ) ;
#800 = VERTEX_POINT ( 'NONE', #481 ) ;
#801 = AXIS2_PLACEMENT_3D ( 'NONE', #64, #158, #183 ) ;
#802 = DIRECTION ( 'NONE',  ( 5.551115123125780730E-16, -1.000000000000000000, 0.000000000000000000 ) ) ;
#803 = EDGE_LOOP ( 'NONE', ( #406, #1412, #772, #321 ) ) ;
#804 = SURFACE_STYLE_USAGE ( .BOTH. , #52 ) ;
#805 = EDGE_CURVE ( 'NONE', #303, #790, #715, .T. ) ;
#806 = CARTESIAN_POINT ( 'NONE',  ( -0.08858267716535432601, 0.1430496246292499996, -0.02156427486375125935 ) ) ;
#807 = FACE_OUTER_BOUND ( 'NONE', #830, .T. ) ;
#808 = ORIENTED_EDGE ( 'NONE', *, *, #1560, .F. ) ;
#809 = CARTESIAN_POINT ( 'NONE',  ( -0.09842519685039370636, -0.1377952755905511861, 0.07874015748031495954 ) ) ;
#810 = ORIENTED_EDGE ( 'NONE', *, *, #671, .F. ) ;
#811 = FILL_AREA_STYLE ('',( #1593 ) ) ;
#812 = AXIS2_PLACEMENT_3D ( 'NONE', #658, #12, #873 ) ;
#813 = PLANE ( 'NONE',  #225 ) ;
#814 = EDGE_CURVE ( 'NONE', #1606, #303, #584, .T. ) ;
#815 = VECTOR ( 'NONE', #291, 39.37007874015748143 ) ;
#816 = DIRECTION ( 'NONE',  ( 0.000000000000000000, 0.000000000000000000, -1.000000000000000000 ) ) ;
#817 = LINE ( 'NONE', #926, #1119 ) ;
#818 = CARTESIAN_POINT ( 'NONE',  ( -0.1082677165354330728, 0.1732283464566929387, 0.2201114643568452822 ) ) ;
#819 = ORIENTED_EDGE ( 'NONE', *, *, #1176, .T. ) ;
#820 = SHAPE_REPRESENTATION ( 'LED.stp', ( #1361 ), #521 ) ;
#821 =( CONVERSION_BASED_UNIT ( 'INCH', #1459 ) LENGTH_UNIT ( ) NAMED_UNIT ( #725 ) );
#822 = EDGE_CURVE ( 'NONE', #1135, #1197, #1330, .T. ) ;
#823 = CARTESIAN_POINT ( 'NONE',  ( -0.08858267716535432601, 0.1968503937007874127, 0.2201114643568452822 ) ) ;
#824 = CARTESIAN_POINT ( 'NONE',  ( -0.08858267716535432601, 0.09842519685039370636, 0.6299212598425196763 ) ) ;
#825 = ORIENTED_EDGE ( 'NONE', *, *, #356, .T. ) ;
#826 = DIRECTION ( 'NONE',  ( 5.551115123125780730E-16, -1.000000000000000000, 0.000000000000000000 ) ) ;
#827 = ADVANCED_FACE ( 'NONE', ( #1492 ), #1106, .F. ) ;
#828 = VECTOR ( 'NONE', #79, 39.37007874015748143 ) ;
#829 = DIRECTION ( 'NONE',  ( -4.758098676964960405E-16, 1.000000000000000000, 0.000000000000000000 ) ) ;
#830 = EDGE_LOOP ( 'NONE', ( #496, #642, #1353, #1215 ) ) ;
#831 = DIRECTION ( 'NONE',  ( -1.000000000000000000, -5.551115123125780730E-16, 1.155208118694129976E-33 ) ) ;
#832 = DIRECTION ( 'NONE',  ( 1.000000000000000000, 0.000000000000000000, 0.000000000000000000 ) ) ;
#833 = VECTOR ( 'NONE', #53, 39.37007874015748143 ) ;
#834 = CARTESIAN_POINT ( 'NONE',  ( -0.09842519685039370636, -0.1377952755905511861, 0.000000000000000000 ) ) ;
#835 = VERTEX_POINT ( 'NONE', #94 ) ;
#836 = STYLED_ITEM ( 'NONE', ( #538 ), #761 ) ;
#837 = VECTOR ( 'NONE', #787, 39.37007874015748854 ) ;
#838 = LINE ( 'NONE', #824, #968 ) ;
#839 = LINE ( 'NONE', #84, #724 ) ;
#840 = ORIENTED_EDGE ( 'NONE', *, *, #60, .F. ) ;
#841 = CARTESIAN_POINT ( 'NONE',  ( 0.05905511811023622659, -0.1377952755905511861, 0.04921259842519685318 ) ) ;
#842 = DIRECTION ( 'NONE',  ( -1.000000000000000000, -5.551115123125780730E-16, 8.664060890205969689E-34 ) ) ;
#843 = DIRECTION ( 'NONE',  ( 1.000000000000000000, 0.000000000000000000, 0.000000000000000000 ) ) ;
#844 = ORIENTED_EDGE ( 'NONE', *, *, #1486, .T. ) ;
#845 = ADVANCED_FACE ( 'NONE', ( #472 ), #974, .T. ) ;
#846 = CARTESIAN_POINT ( 'NONE',  ( -0.08858267716535432601, 0.1771653543307086520, 0.2201114643568452822 ) ) ;
#847 = LINE ( 'NONE', #1502, #410 ) ;
#848 = ORIENTED_EDGE ( 'NONE', *, *, #1018, .F. ) ;
#849 = AXIS2_PLACEMENT_3D ( 'NONE', #1386, #385, #875 ) ;
#850 = UNCERTAINTY_MEASURE_WITH_UNIT (LENGTH_MEASURE( 1.000000000000000082E-05 ), #908, 'distance_accuracy_value', 'NONE');
#851 = LINE ( 'NONE', #360, #704 ) ;
#852 = ORIENTED_EDGE ( 'NONE', *, *, #545, .T. ) ;
#853 = VECTOR ( 'NONE', #1511, 39.37007874015748143 ) ;
#854 = DIRECTION ( 'NONE',  ( -1.000000000000000000, 0.000000000000000000, 0.000000000000000000 ) ) ;
#855 = FACE_OUTER_BOUND ( 'NONE', #226, .T. ) ;
#856 = EDGE_CURVE ( 'NONE', #1632, #722, #847, .T. ) ;
#857 = PRODUCT ( 'LED.stp', 'LED.stp', '', ( #1217 ) ) ;
#858 = ORIENTED_EDGE ( 'NONE', *, *, #894, .T. ) ;
#859 = PLANE ( 'NONE',  #1557 ) ;
#860 = SHAPE_DEFINITION_REPRESENTATION ( #75, #820 ) ;
#861 = ORIENTED_EDGE ( 'NONE', *, *, #1056, .F. ) ;
#862 = CARTESIAN_POINT ( 'NONE',  ( -0.1082677165354330728, 0.09842519685039370636, -0.02156427486375125935 ) ) ;
#863 = ORIENTED_EDGE ( 'NONE', *, *, #1486, .F. ) ;
#864 = CARTESIAN_POINT ( 'NONE',  ( -0.09842519685039370636, -0.1377952755905511861, 0.07874015748031495954 ) ) ;
#865 = DIRECTION ( 'NONE',  ( -1.000000000000000000, 0.000000000000000000, 0.000000000000000000 ) ) ;
#866 = AXIS2_PLACEMENT_3D ( 'NONE', #646, #497, #764 ) ;
#867 = VERTEX_POINT ( 'NONE', #733 ) ;
#868 = ADVANCED_FACE ( 'NONE', ( #1232 ), #859, .F. ) ;
#869 = CARTESIAN_POINT ( 'NONE',  ( 0.09842519685039370636, -0.1377952755905511861, 0.07874015748031495954 ) ) ;
#870 = ORIENTED_EDGE ( 'NONE', *, *, #467, .T. ) ;
#871 = DIRECTION ( 'NONE',  ( -1.387778780781449866E-16, 1.000000000000000000, 0.000000000000000000 ) ) ;
#872 = ADVANCED_FACE ( 'NONE', ( #962 ), #1366, .F. ) ;
#873 = DIRECTION ( 'NONE',  ( 0.000000000000000000, 0.000000000000000000, 1.000000000000000000 ) ) ;
#874 = ORIENTED_EDGE ( 'NONE', *, *, #1167, .F. ) ;
#875 = DIRECTION ( 'NONE',  ( 1.000000000000000000, 1.110223024625160090E-15, 0.000000000000000000 ) ) ;
#876 = DIRECTION ( 'NONE',  ( 0.000000000000000000, 0.000000000000000000, 1.000000000000000000 ) ) ;
#877 = EDGE_CURVE ( 'NONE', #1116, #508, #1471, .T. ) ;
#878 = ORIENTED_EDGE ( 'NONE', *, *, #310, .F. ) ;
#879 = VECTOR ( 'NONE', #1309, 39.37007874015748143 ) ;
#880 = LINE ( 'NONE', #228, #1402 ) ;
#881 = LINE ( 'NONE', #1148, #1608 ) ;
#882 = VERTEX_POINT ( 'NONE', #1332 ) ;
#883 = EDGE_CURVE ( 'NONE', #931, #905, #708, .T. ) ;
#884 = DIRECTION ( 'NONE',  ( -2.220446049250309876E-16, 1.000000000000000000, 0.000000000000000000 ) ) ;
#885 = FACE_OUTER_BOUND ( 'NONE', #935, .T. ) ;
#886 = VERTEX_POINT ( 'NONE', #72 ) ;
#887 = VECTOR ( 'NONE', #185, 39.37007874015748143 ) ;
#888 = CARTESIAN_POINT ( 'NONE',  ( 0.09842519685039370636, -0.1377952755905511861, 0.000000000000000000 ) ) ;
#889 = ORIENTED_EDGE ( 'NONE', *, *, #1176, .F. ) ;
#890 = VECTOR ( 'NONE', #411, 39.37007874015748143 ) ;
#891 = VECTOR ( 'NONE', #1490, 39.37007874015748143 ) ;
#892 = CARTESIAN_POINT ( 'NONE',  ( -0.1082677165354330728, 0.07480314960629921850, 0.1807413856166878163 ) ) ;
#893 = CARTESIAN_POINT ( 'NONE',  ( -0.08858267716535432601, 0.1496705953167503933, -0.02166048669840204763 ) ) ;
#894 = EDGE_CURVE ( 'NONE', #1071, #179, #1600, .T. ) ;
#895 = ORIENTED_EDGE ( 'NONE', *, *, #1155, .T. ) ;
#896 = CARTESIAN_POINT ( 'NONE',  ( -0.08858267716535432601, 0.1773732323054330595, -0.1706758145772331037 ) ) ;
#897 = DIRECTION ( 'NONE',  ( -1.000000000000000000, 0.000000000000000000, 0.000000000000000000 ) ) ;
#898 = ORIENTED_EDGE ( 'NONE', *, *, #1075, .F. ) ;
#899 = PLANE ( 'NONE',  #1447 ) ;
#900 = ORIENTED_EDGE ( 'NONE', *, *, #1552, .F. ) ;
#901 = DIRECTION ( 'NONE',  ( 7.521270076181175264E-16, -0.6774557822488496139, -0.7355635003842966313 ) ) ;
#902 = ORIENTED_EDGE ( 'NONE', *, *, #366, .F. ) ;
#903 = CARTESIAN_POINT ( 'NONE',  ( -0.09842519685039370636, 0.1377952755905511861, 0.07874015748031495954 ) ) ;
#904 = CARTESIAN_POINT ( 'NONE',  ( -0.08858267716535432601, 0.1773732323054330595, -0.09988794216075354282 ) ) ;
#905 = VERTEX_POINT ( 'NONE', #1482 ) ;
#906 = SURFACE_STYLE_FILL_AREA ( #1272 ) ;
#907 = CARTESIAN_POINT ( 'NONE',  ( -0.08858267716535432601, 0.07480314960629921850, 0.1807413856166878163 ) ) ;
#908 =( CONVERSION_BASED_UNIT ( 'INCH', #244 ) LENGTH_UNIT ( ) NAMED_UNIT ( #1335 ) );
#909 = VECTOR ( 'NONE', #1426, 39.37007874015748143 ) ;
#910 = ORIENTED_EDGE ( 'NONE', *, *, #952, .F. ) ;
#911 = VECTOR ( 'NONE', #1645, 39.37007874015748143 ) ;
#912 = EDGE_CURVE ( 'NONE', #150, #1442, #767, .T. ) ;
#913 = ORIENTED_EDGE ( 'NONE', *, *, #1034, .F. ) ;
#914 =( NAMED_UNIT ( * ) SI_UNIT ( $, .STERADIAN. ) SOLID_ANGLE_UNIT ( ) );
#915 = LINE ( 'NONE', #34, #1480 ) ;
#916 = VERTEX_POINT ( 'NONE', #1385 ) ;
#917 = CARTESIAN_POINT ( 'NONE',  ( -0.1082677165354330728, 0.07480314960629921850, 0.2201114643568452822 ) ) ;
#918 = CARTESIAN_POINT ( 'NONE',  ( 0.03937007874015747977, -0.05905511811023622659, 0.02952755905511811330 ) ) ;
#919 = ORIENTED_EDGE ( 'NONE', *, *, #693, .F. ) ;
#920 =( NAMED_UNIT ( * ) SI_UNIT ( $, .STERADIAN. ) SOLID_ANGLE_UNIT ( ) );
#921 = VECTOR ( 'NONE', #255, 39.37007874015748854 ) ;
#922 = EDGE_CURVE ( 'NONE', #398, #1425, #373, .T. ) ;
#923 = CARTESIAN_POINT ( 'NONE',  ( 0.03937007874015747977, -0.1377952755905511861, 0.02952755905511811330 ) ) ;
#924 = ORIENTED_EDGE ( 'NONE', *, *, #1540, .F. ) ;
#925 =( REPRESENTATION_RELATIONSHIP ('NONE','NONE', #418, #820 ) REPRESENTATION_RELATIONSHIP_WITH_TRANSFORMATION ( #1341 )SHAPE_REPRESENTATION_RELATIONSHIP( ) );
#926 = CARTESIAN_POINT ( 'NONE',  ( 0.09842519685039370636, 0.1377952755905511861, 0.000000000000000000 ) ) ;
#927 = FACE_OUTER_BOUND ( 'NONE', #1219, .T. ) ;
#928 = EDGE_LOOP ( 'NONE', ( #1464, #1548, #25, #480 ) ) ;
#929 = CARTESIAN_POINT ( 'NONE',  ( -0.1082677165354330728, 0.1023622047244094474, 0.1807413856166878163 ) ) ;
#930 =( NAMED_UNIT ( * ) SI_UNIT ( $, .STERADIAN. ) SOLID_ANGLE_UNIT ( ) );
#931 = VERTEX_POINT ( 'NONE', #493 ) ;
#932 = VECTOR ( 'NONE', #302, 39.37007874015748143 ) ;
#933 = DIRECTION ( 'NONE',  ( 1.000000000000000000, 0.000000000000000000, 0.000000000000000000 ) ) ;
#934 = CARTESIAN_POINT ( 'NONE',  ( -0.08858267716535432601, 0.1773732323054330595, -0.09988794216075354282 ) ) ;
#935 = EDGE_LOOP ( 'NONE', ( #623, #1620, #1584, #1510, #1121, #785, #372, #852, #292, #165, #1293, #315, #1252, #392, #1436 ) ) ;
#936 = PRESENTATION_LAYER_ASSIGNMENT (  '', '', ( #1122 ) ) ;
#937 = PRESENTATION_STYLE_ASSIGNMENT (( #804 ) ) ;
#938 = CARTESIAN_POINT ( 'NONE',  ( -0.1082677165354330728, 0.07874015748031495954, 0.6299212598425196763 ) ) ;
#939 = FACE_OUTER_BOUND ( 'NONE', #1291, .T. ) ;
#940 = VECTOR ( 'NONE', #1350, 39.37007874015748143 ) ;
#941 = ORIENTED_EDGE ( 'NONE', *, *, #416, .F. ) ;
#942 = EDGE_CURVE ( 'NONE', #1021, #1149, #1546, .T. ) ;
#943 = ADVANCED_FACE ( 'NONE', ( #639 ), #1416, .F. ) ;
#944 = VERTEX_POINT ( 'NONE', #14 ) ;
#945 = LINE ( 'NONE', #462, #1533 ) ;
#946 = VECTOR ( 'NONE', #754, 39.37007874015748854 ) ;
#947 = DIRECTION ( 'NONE',  ( -1.000000000000000000, 0.000000000000000000, 2.775557561562890365E-16 ) ) ;
#948 = ADVANCED_FACE ( 'NONE', ( #1013 ), #1375, .T. ) ;
#949 = ORIENTED_EDGE ( 'NONE', *, *, #589, .F. ) ;
#950 = DIRECTION ( 'NONE',  ( -1.387778780781449866E-16, 1.000000000000000000, 0.000000000000000000 ) ) ;
#951 = VECTOR ( 'NONE', #1020, 39.37007874015748143 ) ;
#952 = EDGE_CURVE ( 'NONE', #189, #714, #1525, .T. ) ;
#953 = LINE ( 'NONE', #83, #19 ) ;
#954 = ORIENTED_EDGE ( 'NONE', *, *, #777, .T. ) ;
#955 = ADVANCED_FACE ( 'NONE', ( #756 ), #259, .T. ) ;
#956 = CARTESIAN_POINT ( 'NONE',  ( -0.08858267716535432601, 0.2007874015748031815, 0.2201114643568452822 ) ) ;
#957 = CARTESIAN_POINT ( 'NONE',  ( -0.08858267716538031911, 46.63725685351102612, -0.1705796027425822980 ) ) ;
#958 = AXIS2_PLACEMENT_3D ( 'NONE', #197, #1242, #347 ) ;
#959 = LINE ( 'NONE', #730, #606 ) ;
#960 = LINE ( 'NONE', #731, #304 ) ;
#961 = ORIENTED_EDGE ( 'NONE', *, *, #530, .F. ) ;
#962 = FACE_OUTER_BOUND ( 'NONE', #742, .T. ) ;
#963 = DIRECTION ( 'NONE',  ( 1.000000000000000000, 0.000000000000000000, 0.000000000000000000 ) ) ;
#964 = LINE ( 'NONE', #1484, #940 ) ;
#965 = DIRECTION ( 'NONE',  ( 0.000000000000000000, 0.000000000000000000, 1.000000000000000000 ) ) ;
#966 = EDGE_CURVE ( 'NONE', #722, #1440, #393, .T. ) ;
#967 = EDGE_LOOP ( 'NONE', ( #717, #707, #156, #1185 ) ) ;
#968 = VECTOR ( 'NONE', #1489, 39.37007874015748143 ) ;
#969 =( GEOMETRIC_REPRESENTATION_CONTEXT ( 3 ) GLOBAL_UNCERTAINTY_ASSIGNED_CONTEXT ( ( #1476 ) ) GLOBAL_UNIT_ASSIGNED_CONTEXT ( ( #283, #741, #1224 ) ) REPRESENTATION_CONTEXT ( 'NONE', 'WORKASPACE' ) );
#970 = VECTOR ( 'NONE', #378, 39.37007874015748143 ) ;
#971 = CARTESIAN_POINT ( 'NONE',  ( -0.1082677165354330728, 0.1968503937007874127, 0.000000000000000000 ) ) ;
#972 = LINE ( 'NONE', #1114, #891 ) ;
#973 = ORIENTED_EDGE ( 'NONE', *, *, #1445, .F. ) ;
#974 = PLANE ( 'NONE',  #958 ) ;
#975 =( LENGTH_UNIT ( ) NAMED_UNIT ( * ) SI_UNIT ( $, .METRE. ) );
#976 = ORIENTED_EDGE ( 'NONE', *, *, #254, .F. ) ;
#977 = LINE ( 'NONE', #1495, #118 ) ;
#978 = DIRECTION ( 'NONE',  ( 1.110223024625160090E-15, -1.000000000000000000, 0.000000000000000000 ) ) ;
#979 = ORIENTED_EDGE ( 'NONE', *, *, #293, .T. ) ;
#980 = DIRECTION ( 'NONE',  ( -1.387778780781449866E-16, 1.000000000000000000, 0.000000000000000000 ) ) ;
#981 = APPLICATION_PROTOCOL_DEFINITION ( 'draft international standard', 'automotive_design', 1998, #1318 ) ;
#982 = PRODUCT_DEFINITION ( 'UNKNOWN', '', #1141, #376 ) ;
#983 = CARTESIAN_POINT ( 'NONE',  ( -0.1082677165354330728, 0.09842519685039370636, 0.6299212598425196763 ) ) ;
#984 = ORIENTED_EDGE ( 'NONE', *, *, #1308, .T. ) ;
#985 = AXIS2_PLACEMENT_3D ( 'NONE', #1033, #1165, #791 ) ;
#986 = FACE_OUTER_BOUND ( 'NONE', #1344, .T. ) ;
#987 = VERTEX_POINT ( 'NONE', #903 ) ;
#988 = VERTEX_POINT ( 'NONE', #1508 ) ;
#989 = CARTESIAN_POINT ( 'NONE',  ( -0.1082677165354330728, 0.1968503937007874127, 0.000000000000000000 ) ) ;
#990 = ORIENTED_EDGE ( 'NONE', *, *, #640, .T. ) ;
#991 = PRESENTATION_STYLE_ASSIGNMENT (( #747 ) ) ;
#992 = DIRECTION ( 'NONE',  ( 1.000000000000000000, 1.110223024625159992E-16, 0.000000000000000000 ) ) ;
#993 = PRESENTATION_LAYER_ASSIGNMENT (  '', '', ( #368 ) ) ;
#994 = ORIENTED_EDGE ( 'NONE', *, *, #966, .F. ) ;
#995 = ADVANCED_FACE ( 'NONE', ( #365 ), #132, .T. ) ;
#996 = LINE ( 'NONE', #809, #517 ) ;
#997 = VERTEX_POINT ( 'NONE', #269 ) ;
#998 = UNCERTAINTY_MEASURE_WITH_UNIT (LENGTH_MEASURE( 1.000000000000000082E-05 ), #609, 'distance_accuracy_value', 'NONE');
#999 = EDGE_LOOP ( 'NONE', ( #358, #819, #91, #1646 ) ) ;
#1000 = DIRECTION ( 'NONE',  ( 0.000000000000000000, -1.000000000000000000, 0.000000000000000000 ) ) ;
#1001 = EDGE_CURVE ( 'NONE', #1339, #882, #237, .T. ) ;
#1002 = ORIENTED_EDGE ( 'NONE', *, *, #227, .F. ) ;
#1003 = DIRECTION ( 'NONE',  ( 1.000000000000000000, 0.000000000000000000, 0.000000000000000000 ) ) ;
#1004 = LINE ( 'NONE', #140, #626 ) ;
#1005 = LINE ( 'NONE', #644, #676 ) ;
#1006 = ADVANCED_FACE ( 'NONE', ( #555 ), #49, .F. ) ;
#1007 = CARTESIAN_POINT ( 'NONE',  ( -0.1082677165354330728, 0.1732283464566929387, 0.1807413856166878163 ) ) ;
#1008 = VECTOR ( 'NONE', #802, 39.37007874015748143 ) ;
#1009 =( GEOMETRIC_REPRESENTATION_CONTEXT ( 3 ) GLOBAL_UNCERTAINTY_ASSIGNED_CONTEXT ( ( #474 ) ) GLOBAL_UNIT_ASSIGNED_CONTEXT ( ( #669, #1571, #1326 ) ) REPRESENTATION_CONTEXT ( 'NONE', 'WORKASPACE' ) );
#1010 = DIRECTION ( 'NONE',  ( 0.000000000000000000, -1.000000000000000000, 0.000000000000000000 ) ) ;
#1011 = FILL_AREA_STYLE_COLOUR ( '', #239 ) ;
#1012 = ORIENTED_EDGE ( 'NONE', *, *, #1429, .F. ) ;
#1013 = FACE_OUTER_BOUND ( 'NONE', #350, .T. ) ;
#1014 = LINE ( 'NONE', #402, #465 ) ;
#1015 = ORIENTED_EDGE ( 'NONE', *, *, #763, .T. ) ;
#1016 = DIRECTION ( 'NONE',  ( 0.000000000000000000, 0.000000000000000000, 1.000000000000000000 ) ) ;
#1017 = ORIENTED_EDGE ( 'NONE', *, *, #448, .T. ) ;
#1018 = EDGE_CURVE ( 'NONE', #1363, #618, #817, .T. ) ;
#1019 = LINE ( 'NONE', #1393, #1591 ) ;
#1020 = DIRECTION ( 'NONE',  ( 1.000000000000000000, 1.110223024625159992E-16, 0.000000000000000000 ) ) ;
#1021 = VERTEX_POINT ( 'NONE', #1315 ) ;
#1022 = DIRECTION ( 'NONE',  ( 0.000000000000000000, 0.1827730742122490315, -0.9831551267948531736 ) ) ;
#1023 = VECTOR ( 'NONE', #1355, 39.37007874015748143 ) ;
#1024 = VERTEX_POINT ( 'NONE', #318 ) ;
#1025 = PLANE ( 'NONE',  #985 ) ;
#1026 = FACE_OUTER_BOUND ( 'NONE', #1494, .T. ) ;
#1027 = CARTESIAN_POINT ( 'NONE',  ( -0.08858267716535432601, 0.09842519685039370636, 0.1807413856166878163 ) ) ;
#1028 = SURFACE_SIDE_STYLE ('',( #622 ) ) ;
#1029 = ORIENTED_EDGE ( 'NONE', *, *, #1552, .T. ) ;
#1030 = DIRECTION ( 'NONE',  ( 0.000000000000000000, 0.000000000000000000, 1.000000000000000000 ) ) ;
#1031 = PLANE ( 'NONE',  #329 ) ;
#1032 = EDGE_LOOP ( 'NONE', ( #93, #874, #979, #271 ) ) ;
#1033 = CARTESIAN_POINT ( 'NONE',  ( 0.04921259842519685318, -0.05905511811023622659, 0.03937007874015747977 ) ) ;
#1034 = EDGE_CURVE ( 'NONE', #342, #714, #301, .T. ) ;
#1035 = CARTESIAN_POINT ( 'NONE',  ( -0.08858267716535432601, 0.1773732323054330595, -0.1706758145772331037 ) ) ;
#1036 = LINE ( 'NONE', #1027, #815 ) ;
#1037 = VECTOR ( 'NONE', #591, 39.37007874015748143 ) ;
#1038 = ORIENTED_EDGE ( 'NONE', *, *, #1414, .F. ) ;
#1039 = APPLICATION_CONTEXT ( 'automotive_design' ) ;
#1040 = CARTESIAN_POINT ( 'NONE',  ( 0.03937007874015747977, -0.1377952755905511861, 0.04921259842519685318 ) ) ;
#1041 = VERTEX_POINT ( 'NONE', #1449 ) ;
#1042 = CARTESIAN_POINT ( 'NONE',  ( -0.08858267716535432601, 0.1496705953167503933, -0.02166048669840204763 ) ) ;
#1043 = CARTESIAN_POINT ( 'NONE',  ( -0.09842519685039370636, 0.1771653543307086520, -0.009790876537954566750 ) ) ;
#1044 = ORIENTED_EDGE ( 'NONE', *, *, #1081, .F. ) ;
#1045 = CARTESIAN_POINT ( 'NONE',  ( 0.000000000000000000, -4.370956789862834215E-17, 0.07874015748031495954 ) ) ;
#1046 = ORIENTED_EDGE ( 'NONE', *, *, #1499, .T. ) ;
#1047 = EDGE_CURVE ( 'NONE', #682, #309, #1061, .T. ) ;
#1048 = VECTOR ( 'NONE', #1093, 39.37007874015748143 ) ;
#1049 = CARTESIAN_POINT ( 'NONE',  ( -0.08858267716535432601, 0.1968503937007874127, 0.1807413856166878163 ) ) ;
#1050 = LINE ( 'NONE', #799, #96 ) ;
#1051 = EDGE_CURVE ( 'NONE', #988, #1409, #547, .T. ) ;
#1052 = ORIENTED_EDGE ( 'NONE', *, *, #734, .F. ) ;
#1053 = CARTESIAN_POINT ( 'NONE',  ( -0.1082677165354330728, 0.1430496246292499996, -0.02156427486375125935 ) ) ;
#1054 = EDGE_LOOP ( 'NONE', ( #1477, #594, #614, #1231 ) ) ;
#1055 =( LENGTH_UNIT ( ) NAMED_UNIT ( * ) SI_UNIT ( $, .METRE. ) );
#1056 = EDGE_CURVE ( 'NONE', #666, #403, #311, .T. ) ;
#1057 = CARTESIAN_POINT ( 'NONE',  ( -0.08858267716535432601, 0.09842519685039370636, 0.000000000000000000 ) ) ;
#1058 = ADVANCED_FACE ( 'NONE', ( #157 ), #181, .T. ) ;
#1059 = PLANE ( 'NONE',  #1541 ) ;
#1060 = ORIENTED_EDGE ( 'NONE', *, *, #1075, .T. ) ;
#1061 = LINE ( 'NONE', #571, #35 ) ;
#1062 = LINE ( 'NONE', #285, #1008 ) ;
#1063 = ORIENTED_EDGE ( 'NONE', *, *, #589, .T. ) ;
#1064 = AXIS2_PLACEMENT_3D ( 'NONE', #439, #115, #1362 ) ;
#1065 = LENGTH_MEASURE_WITH_UNIT ( LENGTH_MEASURE( 0.02539999999999999897 ), #1333 );
#1066 = FACE_BOUND ( 'NONE', #1285, .T. ) ;
#1067 = DIMENSIONAL_EXPONENTS ( 1.000000000000000000, 0.000000000000000000, 0.000000000000000000, 0.000000000000000000, 0.000000000000000000, 0.000000000000000000, 0.000000000000000000 ) ;
#1068 = DIRECTION ( 'NONE',  ( 1.000000000000000000, 1.387778780781449866E-16, 0.000000000000000000 ) ) ;
#1069 = LINE ( 'NONE', #1082, #153 ) ;
#1070 = CARTESIAN_POINT ( 'NONE',  ( -0.08858267716535432601, 0.1771653543307086520, 0.000000000000000000 ) ) ;
#1071 = VERTEX_POINT ( 'NONE', #690 ) ;
#1072 = CARTESIAN_POINT ( 'NONE',  ( -0.1082677165354330728, 0.1732283464566929387, 0.2201114643568452822 ) ) ;
#1073 = CARTESIAN_POINT ( 'NONE',  ( -0.1082677165354330728, 0.07874015748031495954, 0.000000000000000000 ) ) ;
#1074 = VECTOR ( 'NONE', #441, 39.37007874015748143 ) ;
#1075 = EDGE_CURVE ( 'NONE', #1632, #1024, #953, .T. ) ;
#1076 = CARTESIAN_POINT ( 'NONE',  ( -0.03937007874015747977, -0.1377952755905511861, 0.04921259842519685318 ) ) ;
#1077 = CARTESIAN_POINT ( 'NONE',  ( 0.09842519685039370636, -0.1377952755905511861, 0.000000000000000000 ) ) ;
#1078 = ORIENTED_EDGE ( 'NONE', *, *, #213, .F. ) ;
#1079 = CARTESIAN_POINT ( 'NONE',  ( -0.05905511811023622659, -0.1377952755905511861, 0.02952755905511811330 ) ) ;
#1080 = APPLICATION_PROTOCOL_DEFINITION ( 'draft international standard', 'automotive_design', 1998, #74 ) ;
#1081 = EDGE_CURVE ( 'NONE', #102, #134, #1069, .T. ) ;
#1082 = CARTESIAN_POINT ( 'NONE',  ( 0.03937007874015747977, -0.1377952755905511861, 0.01476377952755905665 ) ) ;
#1083 = CARTESIAN_POINT ( 'NONE',  ( -0.1082677165354330728, 0.07480314960629921850, 0.1807413856166878163 ) ) ;
#1084 = EDGE_LOOP ( 'NONE', ( #1418, #453, #566, #131 ) ) ;
#1085 = VECTOR ( 'NONE', #680, 39.37007874015748143 ) ;
#1086 = PLANE ( 'NONE',  #125 ) ;
#1087 = EDGE_CURVE ( 'NONE', #9, #1241, #712, .T. ) ;
#1088 = STYLED_ITEM ( 'NONE', ( #41 ), #1184 ) ;
#1089 = CYLINDRICAL_SURFACE ( 'NONE', #1452, 46.55875516487205346 ) ;
#1090 = ORIENTED_EDGE ( 'NONE', *, *, #1644, .T. ) ;
#1091 = DIRECTION ( 'NONE',  ( 0.000000000000000000, 0.000000000000000000, -1.000000000000000000 ) ) ;
#1092 = LINE ( 'NONE', #1501, #395 ) ;
#1093 = DIRECTION ( 'NONE',  ( -1.000000000000000000, -1.110223024625160090E-15, 0.000000000000000000 ) ) ;
#1094 = LENGTH_MEASURE_WITH_UNIT ( LENGTH_MEASURE( 0.02539999999999999897 ), #975 );
#1095 = VERTEX_POINT ( 'NONE', #76 ) ;
#1096 = AXIS2_PLACEMENT_3D ( 'NONE', #1057, #1579, #655 ) ;
#1097 = FACE_BOUND ( 'NONE', #638, .T. ) ;
#1098 = VECTOR ( 'NONE', #1515, 39.37007874015748143 ) ;
#1099 = CARTESIAN_POINT ( 'NONE',  ( -0.09842519685039370636, 0.1771653543307086520, 0.1807413856166878163 ) ) ;
#1100 = AXIS2_PLACEMENT_3D ( 'NONE', #1594, #451, #483 ) ;
#1101 = ORIENTED_EDGE ( 'NONE', *, *, #416, .T. ) ;
#1102 = AXIS2_PLACEMENT_3D ( 'NONE', #1433, #1161, #294 ) ;
#1103 = LINE ( 'NONE', #1322, #792 ) ;
#1104 = PRODUCT_RELATED_PRODUCT_CATEGORY ( 'part', '', ( #857 ) ) ;
#1105 = ORIENTED_EDGE ( 'NONE', *, *, #1167, .T. ) ;
#1106 = PLANE ( 'NONE',  #620 ) ;
#1107 = ORIENTED_EDGE ( 'NONE', *, *, #1392, .T. ) ;
#1108 = PRODUCT_DEFINITION_SHAPE ( 'NONE', 'NONE',  #982 ) ;
#1109 = DIRECTION ( 'NONE',  ( 0.000000000000000000, 0.000000000000000000, 1.000000000000000000 ) ) ;
#1110 = ADVANCED_FACE ( 'NONE', ( #205 ), #587, .T. ) ;
#1111 = ORIENTED_EDGE ( 'NONE', *, *, #130, .T. ) ;
#1112 = ADVANCED_FACE ( 'NONE', ( #1601 ), #458, .T. ) ;
#1113 = SURFACE_SIDE_STYLE ('',( #613 ) ) ;
#1114 = CARTESIAN_POINT ( 'NONE',  ( 0.05905511811023622659, -0.1377952755905511861, 0.04921259842519685318 ) ) ;
#1115 = ORIENTED_EDGE ( 'NONE', *, *, #1638, .F. ) ;
#1116 = VERTEX_POINT ( 'NONE', #466 ) ;
#1117 = UNCERTAINTY_MEASURE_WITH_UNIT (LENGTH_MEASURE( 1.000000000000000082E-05 ), #287, 'distance_accuracy_value', 'NONE');
#1118 = CARTESIAN_POINT ( 'NONE',  ( -0.08858267716535432601, 0.07480314960629921850, 0.2201114643568452822 ) ) ;
#1119 = VECTOR ( 'NONE', #1576, 39.37007874015748143 ) ;
#1120 = VECTOR ( 'NONE', #624, 39.37007874015748143 ) ;
#1121 = ORIENTED_EDGE ( 'NONE', *, *, #619, .T. ) ;
#1122 = STYLED_ITEM ( 'NONE', ( #937 ), #515 ) ;
#1123 = EDGE_CURVE ( 'NONE', #433, #886, #959, .T. ) ;
#1124 = DIRECTION ( 'NONE',  ( -5.457607292729562905E-16, 0.9831551267948531736, 0.1827730742122490315 ) ) ;
#1125 = CARTESIAN_POINT ( 'NONE',  ( -0.1082677165354330728, 0.09842519685039370636, 0.2201114643568452822 ) ) ;
#1126 = VERTEX_POINT ( 'NONE', #323 ) ;
#1127 = FACE_OUTER_BOUND ( 'NONE', #175, .T. ) ;
#1128 = VECTOR ( 'NONE', #1157, 39.37007874015748143 ) ;
#1129 = VERTEX_POINT ( 'NONE', #217 ) ;
#1130 = LINE ( 'NONE', #119, #921 ) ;
#1131 = VECTOR ( 'NONE', #99, 39.37007874015748143 ) ;
#1132 = VECTOR ( 'NONE', #901, 39.37007874015748854 ) ;
#1133 = EDGE_CURVE ( 'NONE', #309, #433, #718, .T. ) ;
#1134 = CARTESIAN_POINT ( 'NONE',  ( -0.1082677165354330728, 0.1771653543307086520, 0.7086614173228346081 ) ) ;
#1135 = VERTEX_POINT ( 'NONE', #582 ) ;
#1136 = LINE ( 'NONE', #888, #1602 ) ;
#1137 = EDGE_LOOP ( 'NONE', ( #486, #1229, #203, #286 ) ) ;
#1138 = LINE ( 'NONE', #892, #1189 ) ;
#1139 = LINE ( 'NONE', #1383, #1463 ) ;
#1140 = ORIENTED_EDGE ( 'NONE', *, *, #1247, .T. ) ;
#1141 = PRODUCT_DEFINITION_FORMATION_WITH_SPECIFIED_SOURCE ( 'ANY', '', #1573, .NOT_KNOWN. ) ;
#1142 = ORIENTED_EDGE ( 'NONE', *, *, #467, .F. ) ;
#1143 = EDGE_CURVE ( 'NONE', #1024, #1339, #838, .T. ) ;
#1144 = CARTESIAN_POINT ( 'NONE',  ( -0.08858267716535432601, 0.1023622047244094474, 0.1807413856166878163 ) ) ;
#1145 = VECTOR ( 'NONE', #50, 39.37007874015748143 ) ;
#1146 = VECTOR ( 'NONE', #98, 39.37007874015748143 ) ;
#1147 = CARTESIAN_POINT ( 'NONE',  ( -0.08858267716535432601, 0.09842519685039370636, 0.2201114643568452822 ) ) ;
#1148 = CARTESIAN_POINT ( 'NONE',  ( -0.08858267716535432601, 0.1968503937007874127, 0.7086614173228346081 ) ) ;
#1149 = VERTEX_POINT ( 'NONE', #1076 ) ;
#1150 = DIRECTION ( 'NONE',  ( 1.000000000000000000, 2.220446049250309876E-16, 0.000000000000000000 ) ) ;
#1151 = DIRECTION ( 'NONE',  ( 0.000000000000000000, 0.000000000000000000, 1.000000000000000000 ) ) ;
#1152 = EDGE_LOOP ( 'NONE', ( #1029, #1457, #673, #870 ) ) ;
#1153 = VECTOR ( 'NONE', #327, 39.37007874015748143 ) ;
#1154 = PLANE ( 'NONE',  #1423 ) ;
#1155 = EDGE_CURVE ( 'NONE', #342, #1585, #1346, .T. ) ;
#1156 = DIMENSIONAL_EXPONENTS ( 1.000000000000000000, 0.000000000000000000, 0.000000000000000000, 0.000000000000000000, 0.000000000000000000, 0.000000000000000000, 0.000000000000000000 ) ;
#1157 = DIRECTION ( 'NONE',  ( 0.000000000000000000, 0.000000000000000000, 1.000000000000000000 ) ) ;
#1158 = CARTESIAN_POINT ( 'NONE',  ( -0.08858267716535432601, 0.09842519685039370636, 0.000000000000000000 ) ) ;
#1159 =( LENGTH_UNIT ( ) NAMED_UNIT ( * ) SI_UNIT ( $, .METRE. ) );
#1160 = ORIENTED_EDGE ( 'NONE', *, *, #288, .F. ) ;
#1161 = DIRECTION ( 'NONE',  ( 0.000000000000000000, 0.000000000000000000, 1.000000000000000000 ) ) ;
#1162 = AXIS2_PLACEMENT_3D ( 'NONE', #665, #1168, #553 ) ;
#1163 = DIRECTION ( 'NONE',  ( 0.000000000000000000, 0.000000000000000000, 1.000000000000000000 ) ) ;
#1164 = EDGE_LOOP ( 'NONE', ( #766, #590, #6, #976 ) ) ;
#1165 = DIRECTION ( 'NONE',  ( -1.387778780781449866E-16, 1.000000000000000000, 0.000000000000000000 ) ) ;
#1166 = LINE ( 'NONE', #686, #833 ) ;
#1167 = EDGE_CURVE ( 'NONE', #541, #147, #1230, .T. ) ;
#1168 = DIRECTION ( 'NONE',  ( -0.000000000000000000, 1.000000000000000000, 0.000000000000000000 ) ) ;
#1169 = EDGE_LOOP ( 'NONE', ( #81, #576, #913, #895 ) ) ;
#1170 =( GEOMETRIC_REPRESENTATION_CONTEXT ( 3 ) GLOBAL_UNCERTAINTY_ASSIGNED_CONTEXT ( ( #643 ) ) GLOBAL_UNIT_ASSIGNED_CONTEXT ( ( #120, #629, #1275 ) ) REPRESENTATION_CONTEXT ( 'NONE', 'WORKASPACE' ) );
#1171 = LINE ( 'NONE', #818, #1085 ) ;
#1172 = ORIENTED_EDGE ( 'NONE', *, *, #135, .F. ) ;
#1173 = CARTESIAN_POINT ( 'NONE',  ( -0.08858267716535432601, 0.07874015748031495954, 0.1807413856166878163 ) ) ;
#1174 = LINE ( 'NONE', #412, #1458 ) ;
#1175 = AXIS2_PLACEMENT_3D ( 'NONE', #727, #965, #1628 ) ;
#1176 = EDGE_CURVE ( 'NONE', #1129, #1197, #1103, .T. ) ;
#1177 = AXIS2_PLACEMENT_3D ( 'NONE', #1534, #884, #1150 ) ;
#1178 = ORIENTED_EDGE ( 'NONE', *, *, #719, .T. ) ;
#1179 = LINE ( 'NONE', #934, #1145 ) ;
#1180 = EDGE_LOOP ( 'NONE', ( #159, #1577, #570, #573, #55, #889, #1518, #78, #1562, #1505, #268, #532, #198, #463, #700 ) ) ;
#1181 = DIRECTION ( 'NONE',  ( 0.000000000000000000, 0.000000000000000000, -1.000000000000000000 ) ) ;
#1182 = PRODUCT_DEFINITION ( 'UNKNOWN', '', #190, #106 ) ;
#1183 = DIRECTION ( 'NONE',  ( -1.000000000000000000, -2.220446049250309876E-16, 0.000000000000000000 ) ) ;
#1184 = ADVANCED_BREP_SHAPE_REPRESENTATION ( '', ( #761, #1297, #1361 ), #306 ) ;
#1185 = ORIENTED_EDGE ( 'NONE', *, *, #1123, .F. ) ;
#1186 = EDGE_CURVE ( 'NONE', #1520, #931, #698, .T. ) ;
#1187 = LINE ( 'NONE', #564, #1303 ) ;
#1188 = ORIENTED_EDGE ( 'NONE', *, *, #431, .T. ) ;
#1189 = VECTOR ( 'NONE', #1382, 39.37007874015748143 ) ;
#1190 = ADVANCED_FACE ( 'NONE', ( #452 ), #1470, .T. ) ;
#1191 = ADVANCED_FACE ( 'NONE', ( #636 ), #527, .T. ) ;
#1192 = LINE ( 'NONE', #1042, #890 ) ;
#1193 = DIMENSIONAL_EXPONENTS ( 1.000000000000000000, 0.000000000000000000, 0.000000000000000000, 0.000000000000000000, 0.000000000000000000, 0.000000000000000000, 0.000000000000000000 ) ;
#1194 = CARTESIAN_POINT ( 'NONE',  ( -0.08858267716535432601, 0.1771653543307086520, 0.1807413856166878163 ) ) ;
#1195 = EDGE_LOOP ( 'NONE', ( #440, #1532, #1063, #1234 ) ) ;
#1196 = DIRECTION ( 'NONE',  ( 0.000000000000000000, 0.000000000000000000, 1.000000000000000000 ) ) ;
#1197 = VERTEX_POINT ( 'NONE', #1264 ) ;
#1198 = EDGE_CURVE ( 'NONE', #1021, #997, #1019, .T. ) ;
#1199 = PLANE ( 'NONE',  #314 ) ;
#1200 = CARTESIAN_POINT ( 'NONE',  ( -0.03937007874015747977, -0.1377952755905511861, 0.04921259842519685318 ) ) ;
#1201 = DIRECTION ( 'NONE',  ( 0.000000000000000000, 0.000000000000000000, -1.000000000000000000 ) ) ;
#1202 = PLANE ( 'NONE',  #801 ) ;
#1203 = ORIENTED_EDGE ( 'NONE', *, *, #877, .F. ) ;
#1204 = FACE_OUTER_BOUND ( 'NONE', #215, .T. ) ;
#1205 = EDGE_CURVE ( 'NONE', #1377, #905, #1630, .T. ) ;
#1206 = DIRECTION ( 'NONE',  ( -0.000000000000000000, 1.000000000000000000, 0.000000000000000000 ) ) ;
#1207 = DIRECTION ( 'NONE',  ( 0.000000000000000000, -1.000000000000000000, 0.000000000000000000 ) ) ;
#1208 = ORIENTED_EDGE ( 'NONE', *, *, #743, .T. ) ;
#1209 = CARTESIAN_POINT ( 'NONE',  ( -0.05905511811023622659, -0.05905511811023622659, 0.02952755905511811330 ) ) ;
#1210 = LINE ( 'NONE', #1227, #258 ) ;
#1211 = VECTOR ( 'NONE', #1595, 39.37007874015748143 ) ;
#1212 = ADVANCED_FACE ( 'NONE', ( #1373 ), #1521, .T. ) ;
#1213 = CARTESIAN_POINT ( 'NONE',  ( -0.1082677165354330728, 0.1773732323054330595, -0.1706758145772331037 ) ) ;
#1214 = CARTESIAN_POINT ( 'NONE',  ( 0.05905511811023622659, -0.1377952755905511861, 0.02952755905511811330 ) ) ;
#1215 = ORIENTED_EDGE ( 'NONE', *, *, #1034, .T. ) ;
#1216 = DIRECTION ( 'NONE',  ( -1.000000000000000000, -5.551115123125780730E-16, 1.155208118694129976E-33 ) ) ;
#1217 = PRODUCT_CONTEXT ( 'NONE', #1039, 'mechanical' ) ;
#1218 = ADVANCED_FACE ( 'NONE', ( #986 ), #128, .T. ) ;
#1219 = EDGE_LOOP ( 'NONE', ( #1299, #797, #728, #878 ) ) ;
#1220 = DIRECTION ( 'NONE',  ( 1.000000000000000000, 0.000000000000000000, 0.000000000000000000 ) ) ;
#1221 = CARTESIAN_POINT ( 'NONE',  ( -0.08858267716535432601, 0.1023622047244094474, 0.2201114643568452822 ) ) ;
#1222 = ORIENTED_EDGE ( 'NONE', *, *, #135, .T. ) ;
#1223 = VECTOR ( 'NONE', #206, 39.37007874015748143 ) ;
#1224 =( NAMED_UNIT ( * ) SI_UNIT ( $, .STERADIAN. ) SOLID_ANGLE_UNIT ( ) );
#1225 = CARTESIAN_POINT ( 'NONE',  ( -0.2551764349409055277, -0.1676873699130315143, -0.03937007874015747977 ) ) ;
#1226 = ORIENTED_EDGE ( 'NONE', *, *, #894, .F. ) ;
#1227 = CARTESIAN_POINT ( 'NONE',  ( -0.1082677165354330728, 0.1707522616179326658, -0.1705796027425822980 ) ) ;
#1228 = FACE_OUTER_BOUND ( 'NONE', #1536, .T. ) ;
#1229 = ORIENTED_EDGE ( 'NONE', *, *, #277, .T. ) ;
#1230 = LINE ( 'NONE', #344, #580 ) ;
#1231 = ORIENTED_EDGE ( 'NONE', *, *, #1198, .F. ) ;
#1232 = FACE_OUTER_BOUND ( 'NONE', #1054, .T. ) ;
#1233 = SHAPE_REPRESENTATION_RELATIONSHIP ( 'NONE' , 'NONE' ,  #10, #1184 ) ;
#1234 = ORIENTED_EDGE ( 'NONE', *, *, #710, .T. ) ;
#1235 = EDGE_CURVE ( 'NONE', #1129, #666, #1138, .T. ) ;
#1236 = CARTESIAN_POINT ( 'NONE',  ( -0.09842519685039370636, 0.1377952755905511861, 0.000000000000000000 ) ) ;
#1237 = LINE ( 'NONE', #1144, #1131 ) ;
#1238 = VECTOR ( 'NONE', #1413, 39.37007874015748143 ) ;
#1239 = CARTESIAN_POINT ( 'NONE',  ( -0.08858267716535432601, 0.1023622047244094474, 0.1807413856166878163 ) ) ;
#1240 = DIRECTION ( 'NONE',  ( -2.775557561562890365E-16, -3.851859888774470064E-32, -1.000000000000000000 ) ) ;
#1241 = VERTEX_POINT ( 'NONE', #1640 ) ;
#1242 = DIRECTION ( 'NONE',  ( 0.000000000000000000, 0.000000000000000000, 1.000000000000000000 ) ) ;
#1243 = ORIENTED_EDGE ( 'NONE', *, *, #577, .F. ) ;
#1244 = PLANE ( 'NONE',  #1627 ) ;
#1245 = EDGE_CURVE ( 'NONE', #1095, #1126, #265, .T. ) ;
#1246 = CARTESIAN_POINT ( 'NONE',  ( 0.03937007874015747977, -0.05905511811023622659, 0.02952755905511811330 ) ) ;
#1247 = EDGE_CURVE ( 'NONE', #346, #714, #1130, .T. ) ;
#1248 = FILL_AREA_STYLE ('',( #738 ) ) ;
#1249 = LINE ( 'NONE', #200, #632 ) ;
#1250 = DIRECTION ( 'NONE',  ( 0.000000000000000000, 0.000000000000000000, -1.000000000000000000 ) ) ;
#1251 = LINE ( 'NONE', #531, #335 ) ;
#1252 = ORIENTED_EDGE ( 'NONE', *, *, #1123, .T. ) ;
#1253 = CARTESIAN_POINT ( 'NONE',  ( -0.1082677165354330728, 0.1023622047244094474, 0.2201114643568452822 ) ) ;
#1254 = AXIS2_PLACEMENT_3D ( 'NONE', #425, #23, #1455 ) ;
#1255 = EDGE_LOOP ( 'NONE', ( #1369, #1316, #1142, #863 ) ) ;
#1256 =( LENGTH_UNIT ( ) NAMED_UNIT ( * ) SI_UNIT ( $, .METRE. ) );
#1257 = DIRECTION ( 'NONE',  ( 0.000000000000000000, 0.000000000000000000, -1.000000000000000000 ) ) ;
#1258 = ORIENTED_EDGE ( 'NONE', *, *, #619, .F. ) ;
#1259 = DIRECTION ( 'NONE',  ( 0.000000000000000000, 0.000000000000000000, -1.000000000000000000 ) ) ;
#1260 = VECTOR ( 'NONE', #1259, 39.37007874015748143 ) ;
#1261 = DIRECTION ( 'NONE',  ( 0.000000000000000000, 0.000000000000000000, 1.000000000000000000 ) ) ;
#1262 = EDGE_LOOP ( 'NONE', ( #1324, #1243, #95, #300 ) ) ;
#1263 = VECTOR ( 'NONE', #122, 39.37007874015748143 ) ;
#1264 = CARTESIAN_POINT ( 'NONE',  ( -0.1082677165354330728, 0.07874015748031495954, -0.02156427486375125935 ) ) ;
#1265 = SURFACE_SIDE_STYLE ('',( #1544 ) ) ;
#1266 = CLOSED_SHELL ( 'NONE', ( #1058, #1110, #438, #786, #1325, #1437, #995, #681, #117, #955, #101, #1506, #388, #429, #194, #1112, #313 ) ) ;
#1267 = ADVANCED_FACE ( 'NONE', ( #1403 ), #1364, .T. ) ;
#1268 = ORIENTED_EDGE ( 'NONE', *, *, #883, .T. ) ;
#1269 = DIRECTION ( 'NONE',  ( 1.000000000000000000, 1.110223024625150032E-15, 0.000000000000000000 ) ) ;
#1270 = CARTESIAN_POINT ( 'NONE',  ( -0.08858267716535432601, 0.2007874015748031815, 0.1807413856166878163 ) ) ;
#1271 = VERTEX_POINT ( 'NONE', #864 ) ;
#1272 = FILL_AREA_STYLE ('',( #771 ) ) ;
#1273 = DIRECTION ( 'NONE',  ( 1.000000000000000000, 5.551115123125780730E-16, 0.000000000000000000 ) ) ;
#1274 = DIRECTION ( 'NONE',  ( 1.000000000000000000, 0.000000000000000000, 0.000000000000000000 ) ) ;
#1275 =( NAMED_UNIT ( * ) SI_UNIT ( $, .STERADIAN. ) SOLID_ANGLE_UNIT ( ) );
#1276 = ORIENTED_EDGE ( 'NONE', *, *, #1638, .T. ) ;
#1277 = DIRECTION ( 'NONE',  ( 5.551115123125780730E-16, -1.000000000000000000, 0.000000000000000000 ) ) ;
#1278 = DIRECTION ( 'NONE',  ( -1.000000000000000000, 0.000000000000000000, 0.000000000000000000 ) ) ;
#1279 = ORIENTED_EDGE ( 'NONE', *, *, #130, .F. ) ;
#1280 = DIRECTION ( 'NONE',  ( -1.000000000000000000, -1.110223024625159992E-16, 0.000000000000000000 ) ) ;
#1281 = EDGE_CURVE ( 'NONE', #1425, #1606, #880, .T. ) ;
#1282 = VECTOR ( 'NONE', #151, 39.37007874015748143 ) ;
#1283 = LINE ( 'NONE', #672, #1238 ) ;
#1284 = FILL_AREA_STYLE ('',( #781 ) ) ;
#1285 = EDGE_LOOP ( 'NONE', ( #1178, #1545, #296, #1107 ) ) ;
#1286 = CARTESIAN_POINT ( 'NONE',  ( -0.03937007874015747977, -0.1377952755905511861, 0.02952755905511811330 ) ) ;
#1287 = CARTESIAN_POINT ( 'NONE',  ( -0.1082677165354330728, 0.1968503937007874127, 0.000000000000000000 ) ) ;
#1288 = ORIENTED_EDGE ( 'NONE', *, *, #574, .F. ) ;
#1289 = LINE ( 'NONE', #42, #127 ) ;
#1290 = CARTESIAN_POINT ( 'NONE',  ( -0.1082677165354330728, 0.1430496246292499996, -0.02156427486375125935 ) ) ;
#1291 = EDGE_LOOP ( 'NONE', ( #37, #539, #449, #332 ) ) ;
#1292 = ADVANCED_FACE ( 'NONE', ( #11 ), #628, .T. ) ;
#1293 = ORIENTED_EDGE ( 'NONE', *, *, #320, .F. ) ;
#1294 = DIRECTION ( 'NONE',  ( 0.000000000000000000, -1.000000000000000000, 0.000000000000000000 ) ) ;
#1295 = EDGE_CURVE ( 'NONE', #882, #424, #137, .T. ) ;
#1296 = ORIENTED_EDGE ( 'NONE', *, *, #8, .T. ) ;
#1297 = MANIFOLD_SOLID_BREP ( 'LED GREEN cuadrado.stp[2]', #1266 ) ;
#1298 = CARTESIAN_POINT ( 'NONE',  ( -0.08858267716535432601, 0.1732283464566929387, 0.1807413856166878163 ) ) ;
#1299 = ORIENTED_EDGE ( 'NONE', *, *, #1542, .F. ) ;
#1300 = PRODUCT_RELATED_PRODUCT_CATEGORY ( 'part', '', ( #1334 ) ) ;
#1301 = SHAPE_REPRESENTATION_RELATIONSHIP ( 'NONE' , 'NONE' ,  #820, #515 ) ;
#1302 = CARTESIAN_POINT ( 'NONE',  ( -0.1082677165354330728, 0.09842519685039370636, -0.02156427486375125935 ) ) ;
#1303 = VECTOR ( 'NONE', #312, 39.37007874015748143 ) ;
#1304 = EDGE_CURVE ( 'NONE', #526, #179, #1543, .T. ) ;
#1305 = CARTESIAN_POINT ( 'NONE',  ( -0.08858267716535432601, 0.1430496246292499996, -0.02156427486375125935 ) ) ;
#1306 = COLOUR_RGB ( '',0.000000000000000000, 1.000000000000000000, 0.000000000000000000 ) ;
#1307 = VERTEX_POINT ( 'NONE', #308 ) ;
#1308 = EDGE_CURVE ( 'NONE', #988, #1041, #145, .T. ) ;
#1309 = DIRECTION ( 'NONE',  ( 0.000000000000000000, 0.000000000000000000, -1.000000000000000000 ) ) ;
#1310 = ORIENTED_EDGE ( 'NONE', *, *, #325, .F. ) ;
#1311 = PLANE ( 'NONE',  #1568 ) ;
#1312 = DIRECTION ( 'NONE',  ( 0.000000000000000000, 0.7355635003842966313, -0.6774557822488497250 ) ) ;
#1313 = ORIENTED_EDGE ( 'NONE', *, *, #1001, .F. ) ;
#1314 = AXIS2_PLACEMENT_3D ( 'NONE', #596, #468, #1207 ) ;
#1315 = CARTESIAN_POINT ( 'NONE',  ( -0.05905511811023622659, -0.1377952755905511861, 0.04921259842519685318 ) ) ;
#1316 = ORIENTED_EDGE ( 'NONE', *, *, #1469, .T. ) ;
#1317 = VECTOR ( 'NONE', #1566, 39.37007874015748143 ) ;
#1318 = APPLICATION_CONTEXT ( 'automotive_design' ) ;
#1319 = SURFACE_STYLE_USAGE ( .BOTH. , #684 ) ;
#1320 = CARTESIAN_POINT ( 'NONE',  ( -0.1082677165354330728, 0.09842519685039370636, 0.000000000000000000 ) ) ;
#1321 = DIRECTION ( 'NONE',  ( 0.000000000000000000, 0.000000000000000000, 1.000000000000000000 ) ) ;
#1322 = CARTESIAN_POINT ( 'NONE',  ( -0.1082677165354330728, 0.07874015748031495954, 0.000000000000000000 ) ) ;
#1323 = CARTESIAN_POINT ( 'NONE',  ( 0.03937007874015747977, -0.05905511811023622659, 0.04921259842519685318 ) ) ;
#1324 = ORIENTED_EDGE ( 'NONE', *, *, #877, .T. ) ;
#1325 = ADVANCED_FACE ( 'NONE', ( #807 ), #1059, .T. ) ;
#1326 =( NAMED_UNIT ( * ) SI_UNIT ( $, .STERADIAN. ) SOLID_ANGLE_UNIT ( ) );
#1327 = LINE ( 'NONE', #192, #657 ) ;
#1328 = PRODUCT_DEFINITION_FORMATION_WITH_SPECIFIED_SOURCE ( 'ANY', '', #857, .NOT_KNOWN. ) ;
#1329 = CARTESIAN_POINT ( 'NONE',  ( -0.03937007874015747977, -0.05905511811023622659, 0.02952755905511811330 ) ) ;
#1330 = CIRCLE ( 'NONE', #1625, 46.55875516487205346 ) ;
#1331 = ORIENTED_EDGE ( 'NONE', *, *, #1354, .T. ) ;
#1332 = CARTESIAN_POINT ( 'NONE',  ( -0.08858267716535432601, 0.09842519685039370636, 0.2201114643568452822 ) ) ;
#1333 =( LENGTH_UNIT ( ) NAMED_UNIT ( * ) SI_UNIT ( $, .METRE. ) );
#1334 = PRODUCT ( 'LED GREEN', 'LED GREEN', '', ( #231 ) ) ;
#1335 = DIMENSIONAL_EXPONENTS ( 1.000000000000000000, 0.000000000000000000, 0.000000000000000000, 0.000000000000000000, 0.000000000000000000, 0.000000000000000000, 0.000000000000000000 ) ;
#1336 = EDGE_CURVE ( 'NONE', #1442, #988, #1036, .T. ) ;
#1337 = DIRECTION ( 'NONE',  ( 1.000000000000000000, 1.110223024625159992E-16, 0.000000000000000000 ) ) ;
#1338 = AXIS2_PLACEMENT_3D ( 'NONE', #297, #1430, #273 ) ;
#1339 = VERTEX_POINT ( 'NONE', #1551 ) ;
#1340 = EDGE_CURVE ( 'NONE', #800, #1585, #1050, .T. ) ;
#1341 = ITEM_DEFINED_TRANSFORMATION ( 'NONE', 'NONE', #1583,  #1361 ) ;
#1342 = DIRECTION ( 'NONE',  ( 1.110223024625159992E-16, -1.000000000000000000, 0.000000000000000000 ) ) ;
#1343 = VECTOR ( 'NONE', #419, 39.37007874015748143 ) ;
#1344 = EDGE_LOOP ( 'NONE', ( #1111, #858, #88, #659 ) ) ;
#1345 = EDGE_CURVE ( 'NONE', #520, #1095, #1558, .T. ) ;
#1346 = LINE ( 'NONE', #971, #687 ) ;
#1347 = LINE ( 'NONE', #1615, #5 ) ;
#1348 = ORIENTED_EDGE ( 'NONE', *, *, #343, .T. ) ;
#1349 = DIRECTION ( 'NONE',  ( -1.387778780781449866E-16, 1.000000000000000000, 0.000000000000000000 ) ) ;
#1350 = DIRECTION ( 'NONE',  ( -1.000000000000000000, -1.110223024625160090E-15, 0.000000000000000000 ) ) ;
#1351 = UNCERTAINTY_MEASURE_WITH_UNIT (LENGTH_MEASURE( 1.000000000000000082E-05 ), #428, 'distance_accuracy_value', 'NONE');
#1352 = LINE ( 'NONE', #989, #595 ) ;
#1353 = ORIENTED_EDGE ( 'NONE', *, *, #1378, .F. ) ;
#1354 = EDGE_CURVE ( 'NONE', #16, #520, #1431, .T. ) ;
#1355 = DIRECTION ( 'NONE',  ( -1.000000000000000000, 0.000000000000000000, 0.000000000000000000 ) ) ;
#1356 = CARTESIAN_POINT ( 'NONE',  ( 0.09842519685039370636, -0.1377952755905511861, 0.000000000000000000 ) ) ;
#1357 = VECTOR ( 'NONE', #510, 39.37007874015748143 ) ;
#1358 = DIRECTION ( 'NONE',  ( 0.000000000000000000, 0.000000000000000000, 1.000000000000000000 ) ) ;
#1359 = CARTESIAN_POINT ( 'NONE',  ( 0.000000000000000000, 0.000000000000000000, 0.000000000000000000 ) ) ;
#1360 = VERTEX_POINT ( 'NONE', #1194 ) ;
#1361 = AXIS2_PLACEMENT_3D ( 'NONE', #759, #1261, #124 ) ;
#1362 = DIRECTION ( 'NONE',  ( 1.000000000000000000, 1.387778780781449866E-16, 0.000000000000000000 ) ) ;
#1363 = VERTEX_POINT ( 'NONE', #54 ) ;
#1364 = PLANE ( 'NONE',  #503 ) ;
#1365 = PLANE ( 'NONE',  #604 ) ;
#1366 = PLANE ( 'NONE',  #248 ) ;
#1367 = EDGE_CURVE ( 'NONE', #257, #526, #1446, .T. ) ;
#1368 = DIRECTION ( 'NONE',  ( 0.000000000000000000, 0.000000000000000000, 1.000000000000000000 ) ) ;
#1369 = ORIENTED_EDGE ( 'NONE', *, *, #1644, .F. ) ;
#1370 = LINE ( 'NONE', #1118, #247 ) ;
#1371 = LINE ( 'NONE', #370, #471 ) ;
#1372 = AXIS2_PLACEMENT_3D ( 'NONE', #187, #1206, #68 ) ;
#1373 = FACE_OUTER_BOUND ( 'NONE', #1567, .T. ) ;
#1374 = ORIENTED_EDGE ( 'NONE', *, *, #552, .T. ) ;
#1375 = PLANE ( 'NONE',  #1177 ) ;
#1376 = DIRECTION ( 'NONE',  ( 2.029188752719609875E-16, -0.1827730742122490037, 0.9831551267948530626 ) ) ;
#1377 = VERTEX_POINT ( 'NONE', #780 ) ;
#1378 = EDGE_CURVE ( 'NONE', #342, #9, #688, .T. ) ;
#1379 = LINE ( 'NONE', #186, #219 ) ;
#1380 = COLOUR_RGB ( '',0.7490196078431372584, 0.7490196078431372584, 0.7490196078431372584 ) ;
#1381 = DIRECTION ( 'NONE',  ( -1.000000000000000000, -1.110223024625160090E-15, 0.000000000000000000 ) ) ;
#1382 = DIRECTION ( 'NONE',  ( 5.551115123125780730E-16, -1.000000000000000000, 0.000000000000000000 ) ) ;
#1383 = CARTESIAN_POINT ( 'NONE',  ( -0.08858267716535432601, 0.1968503937007874127, 0.000000000000000000 ) ) ;
#1384 = ORIENTED_EDGE ( 'NONE', *, *, #574, .T. ) ;
#1385 = CARTESIAN_POINT ( 'NONE',  ( 0.05905511811023622659, -0.1377952755905511861, 0.04921259842519685318 ) ) ;
#1386 = CARTESIAN_POINT ( 'NONE',  ( -0.08858267716535432601, 0.2007874015748031815, 0.2201114643568452822 ) ) ;
#1387 = ORIENTED_EDGE ( 'NONE', *, *, #1345, .T. ) ;
#1388 = DIRECTION ( 'NONE',  ( -1.000000000000000000, -1.586032892321649771E-16, 0.000000000000000000 ) ) ;
#1389 = VECTOR ( 'NONE', #485, 39.37007874015748143 ) ;
#1390 = VECTOR ( 'NONE', #1277, 39.37007874015748143 ) ;
#1391 = LINE ( 'NONE', #1246, #970 ) ;
#1392 = EDGE_CURVE ( 'NONE', #1575, #1377, #1283, .T. ) ;
#1393 = CARTESIAN_POINT ( 'NONE',  ( -0.05905511811023622659, -0.1377952755905511861, 0.04921259842519685318 ) ) ;
#1394 = LINE ( 'NONE', #765, #668 ) ;
#1395 = ORIENTED_EDGE ( 'NONE', *, *, #664, .T. ) ;
#1396 = CARTESIAN_POINT ( 'NONE',  ( -0.08858267716535432601, 0.1771653543307086520, 0.7086614173228346081 ) ) ;
#1397 = ORIENTED_EDGE ( 'NONE', *, *, #693, .T. ) ;
#1398 = LENGTH_MEASURE_WITH_UNIT ( LENGTH_MEASURE( 0.02539999999999999897 ), #513 );
#1399 = VECTOR ( 'NONE', #1294, 39.37007874015748143 ) ;
#1400 = EDGE_LOOP ( 'NONE', ( #994, #973, #1428, #470 ) ) ;
#1401 = VECTOR ( 'NONE', #706, 39.37007874015748143 ) ;
#1402 = VECTOR ( 'NONE', #1274, 39.37007874015748143 ) ;
#1403 = FACE_OUTER_BOUND ( 'NONE', #163, .T. ) ;
#1404 = PLANE ( 'NONE',  #812 ) ;
#1405 = AXIS2_PLACEMENT_3D ( 'NONE', #635, #1273, #745 ) ;
#1406 = ORIENTED_EDGE ( 'NONE', *, *, #1604, .T. ) ;
#1407 = DIRECTION ( 'NONE',  ( 0.000000000000000000, -0.9831551267948531736, -0.1827730742122490315 ) ) ;
#1408 = DIRECTION ( 'NONE',  ( 0.000000000000000000, 0.000000000000000000, 1.000000000000000000 ) ) ;
#1409 = VERTEX_POINT ( 'NONE', #544 ) ;
#1410 =( NAMED_UNIT ( * ) PLANE_ANGLE_UNIT ( ) SI_UNIT ( $, .RADIAN. ) );
#1411 = PRODUCT_DEFINITION ( 'UNKNOWN', '', #1328, #726 ) ;
#1412 = ORIENTED_EDGE ( 'NONE', *, *, #1367, .T. ) ;
#1413 = DIRECTION ( 'NONE',  ( -1.000000000000000000, -1.110223024625159992E-16, 0.000000000000000000 ) ) ;
#1414 = EDGE_CURVE ( 'NONE', #424, #354, #20, .T. ) ;
#1415 = ORIENTED_EDGE ( 'NONE', *, *, #912, .F. ) ;
#1416 = PLANE ( 'NONE',  #193 ) ;
#1417 = LINE ( 'NONE', #651, #559 ) ;
#1418 = ORIENTED_EDGE ( 'NONE', *, *, #478, .F. ) ;
#1419 = EDGE_CURVE ( 'NONE', #886, #800, #1174, .T. ) ;
#1420 = FACE_OUTER_BOUND ( 'NONE', #1255, .T. ) ;
#1421 = LINE ( 'NONE', #1035, #1128 ) ;
#1422 = AXIS2_PLACEMENT_3D ( 'NONE', #896, #1407, #1022 ) ;
#1423 = AXIS2_PLACEMENT_3D ( 'NONE', #542, #1388, #280 ) ;
#1424 = CARTESIAN_POINT ( 'NONE',  ( -0.09842519685039370636, 0.1377952755905511861, 0.07874015748031495954 ) ) ;
#1425 = VERTEX_POINT ( 'NONE', #678 ) ;
#1426 = DIRECTION ( 'NONE',  ( 0.000000000000000000, 0.000000000000000000, -1.000000000000000000 ) ) ;
#1427 = FACE_OUTER_BOUND ( 'NONE', #1152, .T. ) ;
#1428 = ORIENTED_EDGE ( 'NONE', *, *, #1465, .F. ) ;
#1429 = EDGE_CURVE ( 'NONE', #618, #987, #36, .T. ) ;
#1430 = DIRECTION ( 'NONE',  ( 0.000000000000000000, 0.000000000000000000, 1.000000000000000000 ) ) ;
#1431 = LINE ( 'NONE', #1043, #711 ) ;
#1432 = EDGE_LOOP ( 'NONE', ( #1044, #1015, #1614, #919 ) ) ;
#1433 = CARTESIAN_POINT ( 'NONE',  ( -0.09842519685039370636, 0.1870078740157480324, 0.7086614173228346081 ) ) ;
#1434 =( GEOMETRIC_REPRESENTATION_CONTEXT ( 3 ) GLOBAL_UNCERTAINTY_ASSIGNED_CONTEXT ( ( #850 ) ) GLOBAL_UNIT_ASSIGNED_CONTEXT ( ( #908, #29, #930 ) ) REPRESENTATION_CONTEXT ( 'NONE', 'WORKASPACE' ) );
#1435 = CARTESIAN_POINT ( 'NONE',  ( -0.08858267716535432601, 0.1771653543307086520, -0.009790876537954526851 ) ) ;
#1436 = ORIENTED_EDGE ( 'NONE', *, *, #1340, .T. ) ;
#1437 = ADVANCED_FACE ( 'NONE', ( #45 ), #562, .T. ) ;
#1438 = FACE_OUTER_BOUND ( 'NONE', #1629, .T. ) ;
#1439 = CARTESIAN_POINT ( 'NONE',  ( -0.08858267716535432601, 0.1968503937007874127, -0.07874015748031495954 ) ) ;
#1440 = VERTEX_POINT ( 'NONE', #422 ) ;
#1441 = LINE ( 'NONE', #319, #82 ) ;
#1442 = VERTEX_POINT ( 'NONE', #1485 ) ;
#1443 = DIRECTION ( 'NONE',  ( -0.000000000000000000, 1.000000000000000000, 0.000000000000000000 ) ) ;
#1444 = VECTOR ( 'NONE', #339, 39.37007874015748143 ) ;
#1445 = EDGE_CURVE ( 'NONE', #403, #722, #316, .T. ) ;
#1446 = LINE ( 'NONE', #1305, #421 ) ;
#1447 = AXIS2_PLACEMENT_3D ( 'NONE', #17, #1016, #1519 ) ;
#1448 = ORIENTED_EDGE ( 'NONE', *, *, #423, .T. ) ;
#1449 = CARTESIAN_POINT ( 'NONE',  ( -0.08858267716535432601, 0.09842519685039370636, -0.02156427486375125935 ) ) ;
#1450 = ORIENTED_EDGE ( 'NONE', *, *, #375, .F. ) ;
#1451 = DIRECTION ( 'NONE',  ( 5.551115123125780730E-16, -1.000000000000000000, 0.000000000000000000 ) ) ;
#1452 = AXIS2_PLACEMENT_3D ( 'NONE', #957, #842, #1612 ) ;
#1453 = CARTESIAN_POINT ( 'NONE',  ( -0.09842519685039370636, 0.08858267716535432601, 0.6299212598425196763 ) ) ;
#1454 = EDGE_CURVE ( 'NONE', #279, #800, #349, .T. ) ;
#1455 = DIRECTION ( 'NONE',  ( -1.387778780781449866E-16, 1.000000000000000000, 0.000000000000000000 ) ) ;
#1456 = DIRECTION ( 'NONE',  ( 1.000000000000000000, 0.000000000000000000, 0.000000000000000000 ) ) ;
#1457 = ORIENTED_EDGE ( 'NONE', *, *, #602, .T. ) ;
#1458 = VECTOR ( 'NONE', #405, 39.37007874015748143 ) ;
#1459 = LENGTH_MEASURE_WITH_UNIT ( LENGTH_MEASURE( 0.02539999999999999897 ), #417 );
#1460 = LINE ( 'NONE', #578, #443 ) ;
#1461 = DIRECTION ( 'NONE',  ( 0.000000000000000000, -1.000000000000000000, 0.000000000000000000 ) ) ;
#1462 = CARTESIAN_POINT ( 'NONE',  ( 0.05905511811023622659, -0.1377952755905511861, 0.02460629921259842659 ) ) ;
#1463 = VECTOR ( 'NONE', #1257, 39.37007874015748143 ) ;
#1464 = ORIENTED_EDGE ( 'NONE', *, *, #1597, .F. ) ;
#1465 = EDGE_CURVE ( 'NONE', #835, #403, #1370, .T. ) ;
#1466 = CARTESIAN_POINT ( 'NONE',  ( -0.08858267716538031911, 46.63725685351102612, -0.1705796027425822980 ) ) ;
#1467 = CARTESIAN_POINT ( 'NONE',  ( -0.08858267716535432601, 0.07480314960629921850, 0.1807413856166878163 ) ) ;
#1468 = DIMENSIONAL_EXPONENTS ( 1.000000000000000000, 0.000000000000000000, 0.000000000000000000, 0.000000000000000000, 0.000000000000000000, 0.000000000000000000, 0.000000000000000000 ) ;
#1469 = EDGE_CURVE ( 'NONE', #434, #1271, #851, .T. ) ;
#1470 = PLANE ( 'NONE',  #662 ) ;
#1471 = CIRCLE ( 'NONE', #111, 46.55875516487205346 ) ;
#1472 = ADVANCED_FACE ( 'NONE', ( #750 ), #214, .T. ) ;
#1473 = ORIENTED_EDGE ( 'NONE', *, *, #487, .F. ) ;
#1474 = CARTESIAN_POINT ( 'NONE',  ( -0.08858267716535432601, 0.1732283464566929387, 0.2201114643568452822 ) ) ;
#1475 = EDGE_CURVE ( 'NONE', #116, #526, #234, .T. ) ;
#1476 = UNCERTAINTY_MEASURE_WITH_UNIT (LENGTH_MEASURE( 1.000000000000000082E-05 ), #283, 'distance_accuracy_value', 'NONE');
#1477 = ORIENTED_EDGE ( 'NONE', *, *, #719, .F. ) ;
#1478 = DIRECTION ( 'NONE',  ( -5.551115123125780730E-16, 1.000000000000000000, 0.000000000000000000 ) ) ;
#1479 = LINE ( 'NONE', #739, #1444 ) ;
#1480 = VECTOR ( 'NONE', #779, 39.37007874015748143 ) ;
#1481 = ORIENTED_EDGE ( 'NONE', *, *, #348, .F. ) ;
#1482 = CARTESIAN_POINT ( 'NONE',  ( -0.05905511811023622659, -0.05905511811023622659, 0.02952755905511811330 ) ) ;
#1483 = PRESENTATION_LAYER_ASSIGNMENT (  '', '', ( #836 ) ) ;
#1484 = CARTESIAN_POINT ( 'NONE',  ( -0.08858267716535432601, 0.2007874015748031815, 0.2201114643568452822 ) ) ;
#1485 = CARTESIAN_POINT ( 'NONE',  ( -0.1082677165354330728, 0.09842519685039370636, 0.1807413856166878163 ) ) ;
#1486 = EDGE_CURVE ( 'NONE', #1507, #987, #1588, .T. ) ;
#1487 = VERTEX_POINT ( 'NONE', #983 ) ;
#1488 = ADVANCED_FACE ( 'NONE', ( #939 ), #1613, .F. ) ;
#1489 = DIRECTION ( 'NONE',  ( -5.551115123125780730E-16, 1.000000000000000000, 0.000000000000000000 ) ) ;
#1490 = DIRECTION ( 'NONE',  ( -1.387778780781449866E-16, 1.000000000000000000, 0.000000000000000000 ) ) ;
#1491 = ORIENTED_EDGE ( 'NONE', *, *, #1336, .F. ) ;
#1492 = FACE_OUTER_BOUND ( 'NONE', #1570, .T. ) ;
#1493 =( NAMED_UNIT ( * ) PLANE_ANGLE_UNIT ( ) SI_UNIT ( $, .RADIAN. ) );
#1494 = EDGE_LOOP ( 'NONE', ( #1078, #57, #861, #409 ) ) ;
#1495 = CARTESIAN_POINT ( 'NONE',  ( -0.1082677165354330728, 0.1771653543307086520, 0.7086614173228346081 ) ) ;
#1496 = UNCERTAINTY_MEASURE_WITH_UNIT (LENGTH_MEASURE( 1.000000000000000082E-05 ), #821, 'distance_accuracy_value', 'NONE');
#1497 = CARTESIAN_POINT ( 'NONE',  ( -0.09842519685039370636, 0.1377952755905511861, 0.000000000000000000 ) ) ;
#1498 = ORIENTED_EDGE ( 'NONE', *, *, #8, .F. ) ;
#1499 = EDGE_CURVE ( 'NONE', #433, #867, #1352, .T. ) ;
#1500 = DIRECTION ( 'NONE',  ( 0.000000000000000000, 0.000000000000000000, 1.000000000000000000 ) ) ;
#1501 = CARTESIAN_POINT ( 'NONE',  ( -0.08858267716535432601, 0.07874015748031495954, 0.000000000000000000 ) ) ;
#1502 = CARTESIAN_POINT ( 'NONE',  ( -0.1082677165354330728, 0.07874015748031495954, 0.000000000000000000 ) ) ;
#1503 = SHAPE_DEFINITION_REPRESENTATION ( #1108, #10 ) ;
#1504 = FACE_OUTER_BOUND ( 'NONE', #1084, .T. ) ;
#1505 = ORIENTED_EDGE ( 'NONE', *, *, #856, .F. ) ;
#1506 = ADVANCED_FACE ( 'NONE', ( #1228 ), #1244, .T. ) ;
#1507 = VERTEX_POINT ( 'NONE', #1236 ) ;
#1508 = CARTESIAN_POINT ( 'NONE',  ( -0.08858267716535432601, 0.09842519685039370636, 0.1807413856166878163 ) ) ;
#1509 = APPLICATION_PROTOCOL_DEFINITION ( 'draft international standard', 'automotive_design', 1998, #1039 ) ;
#1510 = ORIENTED_EDGE ( 'NONE', *, *, #325, .T. ) ;
#1511 = DIRECTION ( 'NONE',  ( -5.551115123125780730E-16, 1.000000000000000000, 0.000000000000000000 ) ) ;
#1512 = CARTESIAN_POINT ( 'NONE',  ( -0.1082677165354330728, 0.1771653543307086520, -0.009790876537954526851 ) ) ;
#1513 = AXIS2_PLACEMENT_3D ( 'NONE', #63, #1091, #1461 ) ;
#1514 = DIRECTION ( 'NONE',  ( 0.000000000000000000, -1.000000000000000000, 0.000000000000000000 ) ) ;
#1515 = DIRECTION ( 'NONE',  ( -1.387778780781449866E-16, 1.000000000000000000, 0.000000000000000000 ) ) ;
#1516 = EDGE_LOOP ( 'NONE', ( #196, #1387, #603, #382, #1140, #910, #1017, #172, #252, #1052, #616, #30, #1637, #1406, #1384 ) ) ;
#1517 = LINE ( 'NONE', #1270, #911 ) ;
#1518 = ORIENTED_EDGE ( 'NONE', *, *, #1235, .T. ) ;
#1519 = DIRECTION ( 'NONE',  ( 1.000000000000000000, 0.000000000000000000, 0.000000000000000000 ) ) ;
#1520 = VERTEX_POINT ( 'NONE', #341 ) ;
#1521 = PLANE ( 'NONE',  #469 ) ;
#1522 = ADVANCED_FACE ( 'NONE', ( #1619 ), #625, .T. ) ;
#1523 = CARTESIAN_POINT ( 'NONE',  ( -0.01968503937007873988, -0.1377952755905511861, 0.02952755905511811330 ) ) ;
#1524 = ORIENTED_EDGE ( 'NONE', *, *, #597, .T. ) ;
#1525 = LINE ( 'NONE', #1633, #488 ) ;
#1526 = CARTESIAN_POINT ( 'NONE',  ( -0.1082677165354330728, 0.07480314960629921850, 0.2201114643568452822 ) ) ;
#1527 = VECTOR ( 'NONE', #188, 39.37007874015748143 ) ;
#1528 = MECHANICAL_DESIGN_GEOMETRIC_PRESENTATION_REPRESENTATION (  '', ( #1088 ), #437 ) ;
#1529 = FACE_OUTER_BOUND ( 'NONE', #692, .T. ) ;
#1530 = DIRECTION ( 'NONE',  ( 0.000000000000000000, 0.000000000000000000, -1.000000000000000000 ) ) ;
#1531 = FILL_AREA_STYLE ('',( #1011 ) ) ;
#1532 = ORIENTED_EDGE ( 'NONE', *, *, #320, .T. ) ;
#1533 = VECTOR ( 'NONE', #1451, 39.37007874015748143 ) ;
#1534 = CARTESIAN_POINT ( 'NONE',  ( 0.09842519685039370636, 0.1377952755905511861, 0.000000000000000000 ) ) ;
#1535 = DIRECTION ( 'NONE',  ( -1.000000000000000000, -5.551115123125780730E-16, 0.000000000000000000 ) ) ;
#1536 = EDGE_LOOP ( 'NONE', ( #126, #250, #1599, #40 ) ) ;
#1537 = LINE ( 'NONE', #1549, #1282 ) ;
#1538 = ORIENTED_EDGE ( 'NONE', *, *, #113, .F. ) ;
#1539 = AXIS2_PLACEMENT_3D ( 'NONE', #893, #129, #865 ) ;
#1540 = EDGE_CURVE ( 'NONE', #1360, #944, #369, .T. ) ;
#1541 = AXIS2_PLACEMENT_3D ( 'NONE', #1439, #1312, #1574 ) ;
#1542 = EDGE_CURVE ( 'NONE', #1409, #583, #1379, .T. ) ;
#1543 = LINE ( 'NONE', #1290, #1639 ) ;
#1544 = SURFACE_STYLE_FILL_AREA ( #1531 ) ;
#1545 = ORIENTED_EDGE ( 'NONE', *, *, #942, .T. ) ;
#1546 = LINE ( 'NONE', #522, #703 ) ;
#1547 = FACE_OUTER_BOUND ( 'NONE', #967, .T. ) ;
#1548 = ORIENTED_EDGE ( 'NONE', *, *, #1340, .F. ) ;
#1549 = CARTESIAN_POINT ( 'NONE',  ( -0.09842519685039370636, -0.1377952755905511861, 0.000000000000000000 ) ) ;
#1550 = PLANE ( 'NONE',  #43 ) ;
#1551 = CARTESIAN_POINT ( 'NONE',  ( -0.08858267716535432601, 0.09842519685039370636, 0.6299212598425196763 ) ) ;
#1552 = EDGE_CURVE ( 'NONE', #1271, #736, #695, .T. ) ;
#1553 = VERTEX_POINT ( 'NONE', #107 ) ;
#1554 = DIRECTION ( 'NONE',  ( 0.000000000000000000, -1.000000000000000000, 0.000000000000000000 ) ) ;
#1555 = EDGE_LOOP ( 'NONE', ( #22, #661, #1498, #223 ) ) ;
#1556 = LINE ( 'NONE', #430, #1565 ) ;
#1557 = AXIS2_PLACEMENT_3D ( 'NONE', #1079, #230, #103 ) ;
#1558 = LINE ( 'NONE', #299, #199 ) ;
#1559 = ORIENTED_EDGE ( 'NONE', *, *, #246, .F. ) ;
#1560 = EDGE_CURVE ( 'NONE', #1149, #1520, #610, .T. ) ;
#1561 = DIRECTION ( 'NONE',  ( 1.000000000000000000, 0.000000000000000000, 0.000000000000000000 ) ) ;
#1562 = ORIENTED_EDGE ( 'NONE', *, *, #1445, .T. ) ;
#1563 = SURFACE_STYLE_FILL_AREA ( #811 ) ;
#1564 = CARTESIAN_POINT ( 'NONE',  ( 0.03937007874015747977, -0.1377952755905511861, 0.04921259842519685318 ) ) ;
#1565 = VECTOR ( 'NONE', #161, 39.37007874015748143 ) ;
#1566 = DIRECTION ( 'NONE',  ( 0.000000000000000000, 0.000000000000000000, -1.000000000000000000 ) ) ;
#1567 = EDGE_LOOP ( 'NONE', ( #1491, #1415, #502, #65 ) ) ;
#1568 = AXIS2_PLACEMENT_3D ( 'NONE', #677, #436, #1181 ) ;
#1569 = CARTESIAN_POINT ( 'NONE',  ( -0.05905511811023622659, -0.05905511811023622659, 0.04921259842519685318 ) ) ;
#1570 = EDGE_LOOP ( 'NONE', ( #1222, #1090, #652, #1101 ) ) ;
#1571 =( NAMED_UNIT ( * ) PLANE_ANGLE_UNIT ( ) SI_UNIT ( $, .RADIAN. ) );
#1572 = CARTESIAN_POINT ( 'NONE',  ( -0.1082677165354330728, 0.2007874015748031815, 0.2201114643568452822 ) ) ;
#1573 = PRODUCT ( 'LED2.stp', 'LED2.stp', '', ( #709 ) ) ;
#1574 = DIRECTION ( 'NONE',  ( -1.000000000000000000, 0.000000000000000000, 0.000000000000000000 ) ) ;
#1575 = VERTEX_POINT ( 'NONE', #241 ) ;
#1576 = DIRECTION ( 'NONE',  ( 0.000000000000000000, 0.000000000000000000, 1.000000000000000000 ) ) ;
#1577 = ORIENTED_EDGE ( 'NONE', *, *, #1475, .T. ) ;
#1578 = AXIS2_PLACEMENT_3D ( 'NONE', #1359, #1368, #222 ) ;
#1579 = DIRECTION ( 'NONE',  ( -0.000000000000000000, 1.000000000000000000, 0.000000000000000000 ) ) ;
#1580 = ADVANCED_FACE ( 'NONE', ( #1504 ), #61, .F. ) ;
#1581 = VECTOR ( 'NONE', #572, 39.37007874015748143 ) ;
#1582 = CARTESIAN_POINT ( 'NONE',  ( -0.08858267716535432601, 0.2007874015748031815, 0.1807413856166878163 ) ) ;
#1583 = AXIS2_PLACEMENT_3D ( 'NONE', #1225, #473, #963 ) ;
#1584 = ORIENTED_EDGE ( 'NONE', *, *, #1087, .T. ) ;
#1585 = VERTEX_POINT ( 'NONE', #160 ) ;
#1586 = ADVANCED_FACE ( 'NONE', ( #1127 ), #899, .F. ) ;
#1587 = DIRECTION ( 'NONE',  ( 0.000000000000000000, 0.000000000000000000, -1.000000000000000000 ) ) ;
#1588 = LINE ( 'NONE', #1497, #456 ) ;
#1589 = CARTESIAN_POINT ( 'NONE',  ( -0.03937007874015747977, -0.1377952755905511861, 0.02460629921259842659 ) ) ;
#1590 = ORIENTED_EDGE ( 'NONE', *, *, #512, .T. ) ;
#1591 = VECTOR ( 'NONE', #871, 39.37007874015748143 ) ;
#1592 = CARTESIAN_POINT ( 'NONE',  ( 3.414809992080330564E-18, -5.418165187434133636E-17, 0.000000000000000000 ) ) ;
#1593 = FILL_AREA_STYLE_COLOUR ( '', #169 ) ;
#1594 = CARTESIAN_POINT ( 'NONE',  ( -0.08858267716535432601, 0.2007874015748031815, 0.1807413856166878163 ) ) ;
#1595 = DIRECTION ( 'NONE',  ( 0.000000000000000000, 0.000000000000000000, -1.000000000000000000 ) ) ;
#1596 = LINE ( 'NONE', #1523, #685 ) ;
#1597 = EDGE_CURVE ( 'NONE', #1585, #189, #1005, .T. ) ;
#1598 = STYLED_ITEM ( 'NONE', ( #637 ), #753 ) ;
#1599 = ORIENTED_EDGE ( 'NONE', *, *, #545, .F. ) ;
#1600 = LINE ( 'NONE', #454, #1037 ) ;
#1601 = FACE_OUTER_BOUND ( 'NONE', #928, .T. ) ;
#1602 = VECTOR ( 'NONE', #876, 39.37007874015748143 ) ;
#1603 = VERTEX_POINT ( 'NONE', #26 ) ;
#1604 = EDGE_CURVE ( 'NONE', #303, #108, #533, .T. ) ;
#1605 = CARTESIAN_POINT ( 'NONE',  ( -0.1082677165354590521, 46.63725685351102612, -0.1705796027425822980 ) ) ;
#1606 = VERTEX_POINT ( 'NONE', #846 ) ;
#1607 = FACE_OUTER_BOUND ( 'NONE', #788, .T. ) ;
#1608 = VECTOR ( 'NONE', #1631, 39.37007874015748143 ) ;
#1609 = DIRECTION ( 'NONE',  ( 0.000000000000000000, 0.000000000000000000, -1.000000000000000000 ) ) ;
#1610 = EDGE_LOOP ( 'NONE', ( #770, #1046, #554, #679 ) ) ;
#1611 = AXIS2_PLACEMENT_3D ( 'NONE', #506, #1000, #379 ) ;
#1612 = DIRECTION ( 'NONE',  ( -5.552148365760355418E-16, 0.9999948781095919781, -0.003200586599687729652 ) ) ;
#1613 = PLANE ( 'NONE',  #1064 ) ;
#1614 = ORIENTED_EDGE ( 'NONE', *, *, #556, .T. ) ;
#1615 = CARTESIAN_POINT ( 'NONE',  ( 0.09842519685039370636, 0.1377952755905511861, 0.07874015748031495954 ) ) ;
#1616 = ORIENTED_EDGE ( 'NONE', *, *, #1143, .T. ) ;
#1617 = CARTESIAN_POINT ( 'NONE',  ( 0.03937007874015747977, -0.1377952755905511861, 0.02952755905511811330 ) ) ;
#1618 = APPLICATION_PROTOCOL_DEFINITION ( 'draft international standard', 'automotive_design', 1998, #389 ) ;
#1619 = FACE_OUTER_BOUND ( 'NONE', #70, .T. ) ;
#1620 = ORIENTED_EDGE ( 'NONE', *, *, #1378, .T. ) ;
#1621 = ADVANCED_FACE ( 'NONE', ( #1636 ), #1025, .F. ) ;
#1622 = CARTESIAN_POINT ( 'NONE',  ( -0.05905511811023622659, -0.1377952755905511861, 0.01476377952755905665 ) ) ;
#1623 = ORIENTED_EDGE ( 'NONE', *, *, #1245, .F. ) ;
#1624 = CARTESIAN_POINT ( 'NONE',  ( -0.1082677165354330728, 0.07480314960629921850, 0.1807413856166878163 ) ) ;
#1625 = AXIS2_PLACEMENT_3D ( 'NONE', #1605, #1216, #333 ) ;
#1626 = VERTEX_POINT ( 'NONE', #377 ) ;
#1627 = AXIS2_PLACEMENT_3D ( 'NONE', #90, #978, #816 ) ;
#1628 = DIRECTION ( 'NONE',  ( 1.000000000000000000, 0.000000000000000000, 0.000000000000000000 ) ) ;
#1629 = EDGE_LOOP ( 'NONE', ( #123, #361, #720, #505 ) ) ;
#1630 = LINE ( 'NONE', #390, #317 ) ;
#1631 = DIRECTION ( 'NONE',  ( -1.110223024625150032E-15, 1.000000000000000000, 0.000000000000000000 ) ) ;
#1632 = VERTEX_POINT ( 'NONE', #653 ) ;
#1633 = CARTESIAN_POINT ( 'NONE',  ( -0.08858267716535432601, 0.1968503937007874127, 0.000000000000000000 ) ) ;
#1634 = CARTESIAN_POINT ( 'NONE',  ( -0.08858267716535432601, 0.1732283464566929387, 0.1807413856166878163 ) ) ;
#1635 = ORIENTED_EDGE ( 'NONE', *, *, #177, .T. ) ;
#1636 = FACE_OUTER_BOUND ( 'NONE', #1555, .T. ) ;
#1637 = ORIENTED_EDGE ( 'NONE', *, *, #814, .T. ) ;
#1638 = EDGE_CURVE ( 'NONE', #667, #736, #1136, .T. ) ;
#1639 = VECTOR ( 'NONE', #432, 39.37007874015748854 ) ;
#1640 = CARTESIAN_POINT ( 'NONE',  ( -0.1082677165354330728, 0.1773732323054330595, -0.1706758145772331037 ) ) ;
#1641 = FACE_OUTER_BOUND ( 'NONE', #1180, .T. ) ;
#1642 = EDGE_LOOP ( 'NONE', ( #232, #774, #1258, #51 ) ) ;
#1643 = DIRECTION ( 'NONE',  ( -1.110223024625150032E-15, 1.000000000000000000, 0.000000000000000000 ) ) ;
#1644 = EDGE_CURVE ( 'NONE', #434, #1507, #1537, .T. ) ;
#1645 = DIRECTION ( 'NONE',  ( 0.000000000000000000, 0.000000000000000000, 1.000000000000000000 ) ) ;
#1646 = ORIENTED_EDGE ( 'NONE', *, *, #343, .F. ) ;
#1647 = ADVANCED_FACE ( 'NONE', ( #1420 ), #1154, .T. ) ;
#1648 = NEXT_ASSEMBLY_USAGE_OCCURRENCE ( 'NAUO1', ' ', ' ', #1182, #1411, $ ) ;
#1649 = NEXT_ASSEMBLY_USAGE_OCCURRENCE ( 'NAUO2', ' ', ' ', #1182, #982, $ ) ;
ENDSEC;
END-ISO-10303-21;
