ISO-10303-21;
HEADER;
FILE_DESCRIPTION(('FreeCAD Model'),'2;1');
FILE_NAME('Open CASCADE Shape Model','2025-09-16T16:30:09',(
    'kicad StepUp'),('ksu MCAD'),'Open CASCADE STEP processor 7.6',
  'FreeCAD','Unknown');
FILE_SCHEMA(('AUTOMOTIVE_DESIGN { 1 0 10303 214 1 1 1 1 }'));
ENDSEC;
DATA;
#1 = APPLICATION_PROTOCOL_DEFINITION('international standard',
  'automotive_design',2000,#2);
#2 = APPLICATION_CONTEXT(
  'core data for automotive mechanical design processes');
#3 = SHAPE_DEFINITION_REPRESENTATION(#4,#10);
#4 = PRODUCT_DEFINITION_SHAPE('','',#5);
#5 = PRODUCT_DEFINITION('design','',#6,#9);
#6 = PRODUCT_DEFINITION_FORMATION('','',#7);
#7 = PRODUCT('R_D2.5_P15.24_0.25W_330_Ohm_MKV_Horizontal',
  'R_D2.5_P15.24_0.25W_330_Ohm_MKV_Horizontal','',(#8));
#8 = PRODUCT_CONTEXT('',#2,'mechanical');
#9 = PRODUCT_DEFINITION_CONTEXT('part definition',#2,'design');
#10 = SHAPE_REPRESENTATION('',(#11,#15,#19,#23,#27,#31,#35,#39,#43,#47,
    #51,#55,#59,#63),#67);
#11 = AXIS2_PLACEMENT_3D('',#12,#13,#14);
#12 = CARTESIAN_POINT('',(0.,0.,0.));
#13 = DIRECTION('',(0.,0.,1.));
#14 = DIRECTION('',(1.,0.,-0.));
#15 = AXIS2_PLACEMENT_3D('',#16,#17,#18);
#16 = CARTESIAN_POINT('',(0.,0.,0.));
#17 = DIRECTION('',(0.,0.,1.));
#18 = DIRECTION('',(1.,0.,0.));
#19 = AXIS2_PLACEMENT_3D('',#20,#21,#22);
#20 = CARTESIAN_POINT('',(0.,0.,0.));
#21 = DIRECTION('',(0.,0.,1.));
#22 = DIRECTION('',(1.,0.,0.));
#23 = AXIS2_PLACEMENT_3D('',#24,#25,#26);
#24 = CARTESIAN_POINT('',(0.,0.,0.));
#25 = DIRECTION('',(0.,0.,1.));
#26 = DIRECTION('',(1.,0.,0.));
#27 = AXIS2_PLACEMENT_3D('',#28,#29,#30);
#28 = CARTESIAN_POINT('',(0.,0.,0.));
#29 = DIRECTION('',(0.,0.,1.));
#30 = DIRECTION('',(1.,0.,0.));
#31 = AXIS2_PLACEMENT_3D('',#32,#33,#34);
#32 = CARTESIAN_POINT('',(0.,0.,0.));
#33 = DIRECTION('',(0.,0.,1.));
#34 = DIRECTION('',(1.,0.,0.));
#35 = AXIS2_PLACEMENT_3D('',#36,#37,#38);
#36 = CARTESIAN_POINT('',(0.,0.,0.));
#37 = DIRECTION('',(0.,0.,1.));
#38 = DIRECTION('',(1.,0.,0.));
#39 = AXIS2_PLACEMENT_3D('',#40,#41,#42);
#40 = CARTESIAN_POINT('',(0.,0.,0.));
#41 = DIRECTION('',(0.,0.,1.));
#42 = DIRECTION('',(1.,0.,0.));
#43 = AXIS2_PLACEMENT_3D('',#44,#45,#46);
#44 = CARTESIAN_POINT('',(0.,0.,0.));
#45 = DIRECTION('',(0.,0.,1.));
#46 = DIRECTION('',(1.,0.,0.));
#47 = AXIS2_PLACEMENT_3D('',#48,#49,#50);
#48 = CARTESIAN_POINT('',(0.,0.,0.));
#49 = DIRECTION('',(0.,0.,1.));
#50 = DIRECTION('',(1.,0.,0.));
#51 = AXIS2_PLACEMENT_3D('',#52,#53,#54);
#52 = CARTESIAN_POINT('',(0.,0.,0.));
#53 = DIRECTION('',(0.,0.,1.));
#54 = DIRECTION('',(1.,0.,0.));
#55 = AXIS2_PLACEMENT_3D('',#56,#57,#58);
#56 = CARTESIAN_POINT('',(0.,0.,0.));
#57 = DIRECTION('',(0.,0.,1.));
#58 = DIRECTION('',(1.,0.,0.));
#59 = AXIS2_PLACEMENT_3D('',#60,#61,#62);
#60 = CARTESIAN_POINT('',(0.,0.,0.));
#61 = DIRECTION('',(0.,0.,1.));
#62 = DIRECTION('',(1.,0.,0.));
#63 = AXIS2_PLACEMENT_3D('',#64,#65,#66);
#64 = CARTESIAN_POINT('',(15.24,0.,0.));
#65 = DIRECTION('',(0.,0.,1.));
#66 = DIRECTION('',(-1.,0.,0.));
#67 = ( GEOMETRIC_REPRESENTATION_CONTEXT(3) 
GLOBAL_UNCERTAINTY_ASSIGNED_CONTEXT((#71)) GLOBAL_UNIT_ASSIGNED_CONTEXT(
(#68,#69,#70)) REPRESENTATION_CONTEXT('Context #1',
  '3D Context with UNIT and UNCERTAINTY') );
#68 = ( LENGTH_UNIT() NAMED_UNIT(*) SI_UNIT(.MILLI.,.METRE.) );
#69 = ( NAMED_UNIT(*) PLANE_ANGLE_UNIT() SI_UNIT($,.RADIAN.) );
#70 = ( NAMED_UNIT(*) SI_UNIT($,.STERADIAN.) SOLID_ANGLE_UNIT() );
#71 = UNCERTAINTY_MEASURE_WITH_UNIT(LENGTH_MEASURE(1.E-06),#68,
  'distance_accuracy_value','confusion accuracy');
#72 = PRODUCT_RELATED_PRODUCT_CATEGORY('part',$,(#7));
#73 = SHAPE_DEFINITION_REPRESENTATION(#74,#80);
#74 = PRODUCT_DEFINITION_SHAPE('','',#75);
#75 = PRODUCT_DEFINITION('design','',#76,#79);
#76 = PRODUCT_DEFINITION_FORMATION('','',#77);
#77 = PRODUCT('Nose_MKV','Nose_MKV','',(#78));
#78 = PRODUCT_CONTEXT('',#2,'mechanical');
#79 = PRODUCT_DEFINITION_CONTEXT('part definition',#2,'design');
#80 = ADVANCED_BREP_SHAPE_REPRESENTATION('',(#11,#81),#194);
#81 = MANIFOLD_SOLID_BREP('',#82);
#82 = CLOSED_SHELL('',(#83,#121,#130,#160,#185));
#83 = ADVANCED_FACE('',(#84),#112,.F.);
#84 = FACE_BOUND('',#85,.F.);
#85 = EDGE_LOOP('',(#86,#95,#104,#111));
#86 = ORIENTED_EDGE('',*,*,#87,.T.);
#87 = EDGE_CURVE('',#88,#88,#90,.T.);
#88 = VERTEX_POINT('',#89);
#89 = CARTESIAN_POINT('',(4.47,-2.22044604925E-16,0.85));
#90 = CIRCLE('',#91,0.3);
#91 = AXIS2_PLACEMENT_3D('',#92,#93,#94);
#92 = CARTESIAN_POINT('',(4.47,0.,1.15));
#93 = DIRECTION('',(-1.,-0.,0.));
#94 = DIRECTION('',(0.,-4.440892098501E-16,-1.));
#95 = ORIENTED_EDGE('',*,*,#96,.T.);
#96 = EDGE_CURVE('',#88,#97,#99,.T.);
#97 = VERTEX_POINT('',#98);
#98 = CARTESIAN_POINT('',(4.67,-4.440892098501E-16,0.245756045582));
#99 = CIRCLE('',#100,1.5);
#100 = AXIS2_PLACEMENT_3D('',#101,#102,#103);
#101 = CARTESIAN_POINT('',(5.961603694938,-6.284399274936E-17,
    1.008487908836));
#102 = DIRECTION('',(0.,-1.,4.440892098501E-16));
#103 = DIRECTION('',(1.,0.,0.));
#104 = ORIENTED_EDGE('',*,*,#105,.F.);
#105 = EDGE_CURVE('',#97,#97,#106,.T.);
#106 = CIRCLE('',#107,0.904243954418);
#107 = AXIS2_PLACEMENT_3D('',#108,#109,#110);
#108 = CARTESIAN_POINT('',(4.67,0.,1.15));
#109 = DIRECTION('',(-1.,-0.,0.));
#110 = DIRECTION('',(0.,-4.440892098501E-16,-1.));
#111 = ORIENTED_EDGE('',*,*,#96,.F.);
#112 = SURFACE_OF_REVOLUTION('',#113,#118);
#113 = CIRCLE('',#114,1.5);
#114 = AXIS2_PLACEMENT_3D('',#115,#116,#117);
#115 = CARTESIAN_POINT('',(5.961603694938,-6.284399274936E-17,
    1.008487908836));
#116 = DIRECTION('',(0.,-1.,4.440892098501E-16));
#117 = DIRECTION('',(1.,0.,0.));
#118 = AXIS1_PLACEMENT('',#119,#120);
#119 = CARTESIAN_POINT('',(0.,0.,1.15));
#120 = DIRECTION('',(-1.,0.,-0.));
#121 = ADVANCED_FACE('',(#122),#125,.T.);
#122 = FACE_BOUND('',#123,.T.);
#123 = EDGE_LOOP('',(#124));
#124 = ORIENTED_EDGE('',*,*,#87,.T.);
#125 = PLANE('',#126);
#126 = AXIS2_PLACEMENT_3D('',#127,#128,#129);
#127 = CARTESIAN_POINT('',(4.47,0.,1.15));
#128 = DIRECTION('',(-1.,0.,-0.));
#129 = DIRECTION('',(0.,-4.440892098501E-16,-1.));
#130 = ADVANCED_FACE('',(#131),#151,.F.);
#131 = FACE_BOUND('',#132,.F.);
#132 = EDGE_LOOP('',(#133,#134,#143,#150));
#133 = ORIENTED_EDGE('',*,*,#105,.T.);
#134 = ORIENTED_EDGE('',*,*,#135,.T.);
#135 = EDGE_CURVE('',#97,#136,#138,.T.);
#136 = VERTEX_POINT('',#137);
#137 = CARTESIAN_POINT('',(5.100534564979,-4.440892098501E-16,0.));
#138 = CIRCLE('',#139,0.5);
#139 = AXIS2_PLACEMENT_3D('',#140,#141,#142);
#140 = CARTESIAN_POINT('',(5.100534564979,-2.886579864025E-16,0.5));
#141 = DIRECTION('',(0.,-1.,4.440892098501E-16));
#142 = DIRECTION('',(1.,0.,0.));
#143 = ORIENTED_EDGE('',*,*,#144,.F.);
#144 = EDGE_CURVE('',#136,#136,#145,.T.);
#145 = CIRCLE('',#146,1.15);
#146 = AXIS2_PLACEMENT_3D('',#147,#148,#149);
#147 = CARTESIAN_POINT('',(5.100534564979,0.,1.15));
#148 = DIRECTION('',(-1.,-0.,0.));
#149 = DIRECTION('',(0.,-4.440892098501E-16,-1.));
#150 = ORIENTED_EDGE('',*,*,#135,.F.);
#151 = SURFACE_OF_REVOLUTION('',#152,#157);
#152 = CIRCLE('',#153,0.5);
#153 = AXIS2_PLACEMENT_3D('',#154,#155,#156);
#154 = CARTESIAN_POINT('',(5.100534564979,-2.886579864025E-16,0.5));
#155 = DIRECTION('',(0.,-1.,4.440892098501E-16));
#156 = DIRECTION('',(1.,0.,0.));
#157 = AXIS1_PLACEMENT('',#158,#159);
#158 = CARTESIAN_POINT('',(0.,0.,1.15));
#159 = DIRECTION('',(-1.,0.,-0.));
#160 = ADVANCED_FACE('',(#161),#180,.T.);
#161 = FACE_BOUND('',#162,.F.);
#162 = EDGE_LOOP('',(#163,#171,#172,#173));
#163 = ORIENTED_EDGE('',*,*,#164,.F.);
#164 = EDGE_CURVE('',#136,#165,#167,.T.);
#165 = VERTEX_POINT('',#166);
#166 = CARTESIAN_POINT('',(5.589465,-4.440892098501E-16,0.));
#167 = LINE('',#168,#169);
#168 = CARTESIAN_POINT('',(5.100534564979,-5.107025913276E-16,
    1.133987551255E-31));
#169 = VECTOR('',#170,1.);
#170 = DIRECTION('',(1.,0.,0.));
#171 = ORIENTED_EDGE('',*,*,#144,.T.);
#172 = ORIENTED_EDGE('',*,*,#164,.T.);
#173 = ORIENTED_EDGE('',*,*,#174,.T.);
#174 = EDGE_CURVE('',#165,#165,#175,.T.);
#175 = CIRCLE('',#176,1.15);
#176 = AXIS2_PLACEMENT_3D('',#177,#178,#179);
#177 = CARTESIAN_POINT('',(5.589465,0.,1.15));
#178 = DIRECTION('',(1.,0.,0.));
#179 = DIRECTION('',(0.,-4.440892098501E-16,-1.));
#180 = CYLINDRICAL_SURFACE('',#181,1.15);
#181 = AXIS2_PLACEMENT_3D('',#182,#183,#184);
#182 = CARTESIAN_POINT('',(5.100534564979,0.,1.15));
#183 = DIRECTION('',(1.,0.,0.));
#184 = DIRECTION('',(0.,-4.440892098501E-16,-1.));
#185 = ADVANCED_FACE('',(#186),#189,.T.);
#186 = FACE_BOUND('',#187,.T.);
#187 = EDGE_LOOP('',(#188));
#188 = ORIENTED_EDGE('',*,*,#174,.T.);
#189 = PLANE('',#190);
#190 = AXIS2_PLACEMENT_3D('',#191,#192,#193);
#191 = CARTESIAN_POINT('',(5.589465,-2.5,-0.35));
#192 = DIRECTION('',(1.,0.,0.));
#193 = DIRECTION('',(0.,-1.110223024625E-16,1.));
#194 = ( GEOMETRIC_REPRESENTATION_CONTEXT(3) 
GLOBAL_UNCERTAINTY_ASSIGNED_CONTEXT((#198)) GLOBAL_UNIT_ASSIGNED_CONTEXT
((#195,#196,#197)) REPRESENTATION_CONTEXT('Context #1',
  '3D Context with UNIT and UNCERTAINTY') );
#195 = ( LENGTH_UNIT() NAMED_UNIT(*) SI_UNIT(.MILLI.,.METRE.) );
#196 = ( NAMED_UNIT(*) PLANE_ANGLE_UNIT() SI_UNIT($,.RADIAN.) );
#197 = ( NAMED_UNIT(*) SI_UNIT($,.STERADIAN.) SOLID_ANGLE_UNIT() );
#198 = UNCERTAINTY_MEASURE_WITH_UNIT(LENGTH_MEASURE(1.E-07),#195,
  'distance_accuracy_value','confusion accuracy');
#199 = CONTEXT_DEPENDENT_SHAPE_REPRESENTATION(#200,#202);
#200 = ( REPRESENTATION_RELATIONSHIP('','',#80,#10) 
REPRESENTATION_RELATIONSHIP_WITH_TRANSFORMATION(#201) 
SHAPE_REPRESENTATION_RELATIONSHIP() );
#201 = ITEM_DEFINED_TRANSFORMATION('','',#11,#15);
#202 = PRODUCT_DEFINITION_SHAPE('Placement','Placement of an item',#203
  );
#203 = NEXT_ASSEMBLY_USAGE_OCCURRENCE('27','Nose_MKV','',#5,#75,$);
#204 = PRODUCT_RELATED_PRODUCT_CATEGORY('part',$,(#77));
#205 = SHAPE_DEFINITION_REPRESENTATION(#206,#212);
#206 = PRODUCT_DEFINITION_SHAPE('','',#207);
#207 = PRODUCT_DEFINITION('design','',#208,#211);
#208 = PRODUCT_DEFINITION_FORMATION('','',#209);
#209 = PRODUCT('Band_1_MKV','Band_1_MKV','',(#210));
#210 = PRODUCT_CONTEXT('',#2,'mechanical');
#211 = PRODUCT_DEFINITION_CONTEXT('part definition',#2,'design');
#212 = ADVANCED_BREP_SHAPE_REPRESENTATION('',(#11,#213),#449);
#213 = MANIFOLD_SOLID_BREP('',#214);
#214 = CLOSED_SHELL('',(#215,#248,#257,#440));
#215 = ADVANCED_FACE('',(#216),#243,.T.);
#216 = FACE_BOUND('',#217,.F.);
#217 = EDGE_LOOP('',(#218,#227,#235,#242));
#218 = ORIENTED_EDGE('',*,*,#219,.F.);
#219 = EDGE_CURVE('',#220,#220,#222,.T.);
#220 = VERTEX_POINT('',#221);
#221 = CARTESIAN_POINT('',(5.589465,-4.440892098501E-16,0.));
#222 = CIRCLE('',#223,1.15);
#223 = AXIS2_PLACEMENT_3D('',#224,#225,#226);
#224 = CARTESIAN_POINT('',(5.589465,0.,1.15));
#225 = DIRECTION('',(1.,0.,0.));
#226 = DIRECTION('',(0.,-4.440892098501E-16,-1.));
#227 = ORIENTED_EDGE('',*,*,#228,.T.);
#228 = EDGE_CURVE('',#220,#229,#231,.T.);
#229 = VERTEX_POINT('',#230);
#230 = CARTESIAN_POINT('',(6.000534564979,-4.440892098501E-16,0.));
#231 = LINE('',#232,#233);
#232 = CARTESIAN_POINT('',(5.100534564979,-5.107025913276E-16,
    1.133987551255E-31));
#233 = VECTOR('',#234,1.);
#234 = DIRECTION('',(1.,0.,0.));
#235 = ORIENTED_EDGE('',*,*,#236,.F.);
#236 = EDGE_CURVE('',#229,#229,#237,.T.);
#237 = CIRCLE('',#238,1.15);
#238 = AXIS2_PLACEMENT_3D('',#239,#240,#241);
#239 = CARTESIAN_POINT('',(6.000534564979,0.,1.15));
#240 = DIRECTION('',(-1.,-0.,0.));
#241 = DIRECTION('',(0.,-4.440892098501E-16,-1.));
#242 = ORIENTED_EDGE('',*,*,#228,.F.);
#243 = CYLINDRICAL_SURFACE('',#244,1.15);
#244 = AXIS2_PLACEMENT_3D('',#245,#246,#247);
#245 = CARTESIAN_POINT('',(5.100534564979,0.,1.15));
#246 = DIRECTION('',(1.,0.,0.));
#247 = DIRECTION('',(0.,-4.440892098501E-16,-1.));
#248 = ADVANCED_FACE('',(#249),#252,.T.);
#249 = FACE_BOUND('',#250,.T.);
#250 = EDGE_LOOP('',(#251));
#251 = ORIENTED_EDGE('',*,*,#219,.F.);
#252 = PLANE('',#253);
#253 = AXIS2_PLACEMENT_3D('',#254,#255,#256);
#254 = CARTESIAN_POINT('',(5.589465,-2.5,2.65));
#255 = DIRECTION('',(-1.,0.,0.));
#256 = DIRECTION('',(0.,1.110223024625E-16,-1.));
#257 = ADVANCED_FACE('',(#258),#431,.F.);
#258 = FACE_BOUND('',#259,.F.);
#259 = EDGE_LOOP('',(#260,#269,#270,#271));
#260 = ORIENTED_EDGE('',*,*,#261,.F.);
#261 = EDGE_CURVE('',#229,#262,#264,.T.);
#262 = VERTEX_POINT('',#263);
#263 = CARTESIAN_POINT('',(6.089465,-4.440892098501E-16,
    7.972177893324E-03));
#264 = CIRCLE('',#265,0.5);
#265 = AXIS2_PLACEMENT_3D('',#266,#267,#268);
#266 = CARTESIAN_POINT('',(6.000534564979,-2.886579864025E-16,0.5));
#267 = DIRECTION('',(0.,-1.,4.440892098501E-16));
#268 = DIRECTION('',(1.,0.,0.));
#269 = ORIENTED_EDGE('',*,*,#236,.T.);
#270 = ORIENTED_EDGE('',*,*,#261,.T.);
#271 = ORIENTED_EDGE('',*,*,#272,.T.);
#272 = EDGE_CURVE('',#262,#262,#273,.T.);
#273 = B_SPLINE_CURVE_WITH_KNOTS('',6,(#274,#275,#276,#277,#278,#279,
    #280,#281,#282,#283,#284,#285,#286,#287,#288,#289,#290,#291,#292,
    #293,#294,#295,#296,#297,#298,#299,#300,#301,#302,#303,#304,#305,
    #306,#307,#308,#309,#310,#311,#312,#313,#314,#315,#316,#317,#318,
    #319,#320,#321,#322,#323,#324,#325,#326,#327,#328,#329,#330,#331,
    #332,#333,#334,#335,#336,#337,#338,#339,#340,#341,#342,#343,#344,
    #345,#346,#347,#348,#349,#350,#351,#352,#353,#354,#355,#356,#357,
    #358,#359,#360,#361,#362,#363,#364,#365,#366,#367,#368,#369,#370,
    #371,#372,#373,#374,#375,#376,#377,#378,#379,#380,#381,#382,#383,
    #384,#385,#386,#387,#388,#389,#390,#391,#392,#393,#394,#395,#396,
    #397,#398,#399,#400,#401,#402,#403,#404,#405,#406,#407,#408,#409,
    #410,#411,#412,#413,#414,#415,#416,#417,#418,#419,#420,#421,#422,
    #423,#424,#425,#426,#427,#428,#429,#430),.UNSPECIFIED.,.T.,.F.,(7,5,
    5,5,5,5,5,5,5,5,5,5,5,5,5,5,5,5,5,5,5,5,5,5,5,5,5,5,5,5,5,7),(0.,
    2.90007491206E-02,5.800149824121E-02,8.700224736182E-02,
    0.11500297065,0.144003719771,0.173004468891,0.202005218012,
    0.231005967132,0.260006716253,0.289007465374,0.318008214494,
    0.347008963615,0.376009712735,0.405010461856,0.434011210977,
    0.463011960097,0.492012709218,0.521013458338,0.550014207459,
    0.57901495658,0.6080157057,0.637016454821,0.666017203941,
    0.695017953062,0.724018702183,0.753019451303,0.782020200424,
    0.811020949544,0.840021698665,0.865022344457,1.),.UNSPECIFIED.);
#274 = CARTESIAN_POINT('',(6.089465,-2.535811165731E-16,
    7.972177893324E-03));
#275 = CARTESIAN_POINT('',(6.089465,3.468190694072E-02,
    7.972176141661E-03));
#276 = CARTESIAN_POINT('',(6.089465,6.936390921871E-02,9.2360762073E-03)
  );
#277 = CARTESIAN_POINT('',(6.089465,0.10398822587,1.176386529154E-02));
#278 = CARTESIAN_POINT('',(6.089465,0.138497394008,1.555204897627E-02));
#279 = CARTESIAN_POINT('',(6.089465,0.172834268825,2.059365122402E-02));
#280 = CARTESIAN_POINT('',(6.089465,0.241049778987,3.31627740865E-02));
#281 = CARTESIAN_POINT('',(6.089465,0.27492860185,4.069032925255E-02));
#282 = CARTESIAN_POINT('',(6.089465,0.308521670086,4.945039704554E-02));
#283 = CARTESIAN_POINT('',(6.089465,0.341773105302,5.942912829057E-02));
#284 = CARTESIAN_POINT('',(6.089465,0.37462797281,7.06093074683E-02));
#285 = CARTESIAN_POINT('',(6.089465,0.439436591678,9.53313946885E-02));
#286 = CARTESIAN_POINT('',(6.089465,0.471390521192,0.10887337069));
#287 = CARTESIAN_POINT('',(6.089465,0.502840088296,0.123575674938));
#288 = CARTESIAN_POINT('',(6.089465,0.533732849203,0.139414562043));
#289 = CARTESIAN_POINT('',(6.089465,0.564017898209,0.156363147002));
#290 = CARTESIAN_POINT('',(6.089465,0.622252187518,0.191797998406));
#291 = CARTESIAN_POINT('',(6.089465,0.650246107018,0.210211175554));
#292 = CARTESIAN_POINT('',(6.089465,0.677583213602,0.229603899992));
#293 = CARTESIAN_POINT('',(6.089465,0.70422089597,0.249946688287));
#294 = CARTESIAN_POINT('',(6.089465,0.730118344107,0.271207610225));
#295 = CARTESIAN_POINT('',(6.089465,0.781251832759,0.31628784407));
#296 = CARTESIAN_POINT('',(6.089465,0.806431354475,0.34017152912));
#297 = CARTESIAN_POINT('',(6.089465,0.830731780759,0.364965123124));
#298 = CARTESIAN_POINT('',(6.089465,0.854112318965,0.390628003992));
#299 = CARTESIAN_POINT('',(6.089465,0.876534717474,0.417117148381));
#300 = CARTESIAN_POINT('',(6.089465,0.919391816682,0.471657112844));
#301 = CARTESIAN_POINT('',(6.089465,0.939826635189,0.499708082844));
#302 = CARTESIAN_POINT('',(6.089465,0.959232030763,0.528494601284));
#303 = CARTESIAN_POINT('',(6.089465,0.977575247027,0.557969326699));
#304 = CARTESIAN_POINT('',(6.089465,0.994826461689,0.588083016577));
#305 = CARTESIAN_POINT('',(6.089465,1.027091114495,0.649486036498));
#306 = CARTESIAN_POINT('',(6.089465,1.042104641332,0.680775535333));
#307 = CARTESIAN_POINT('',(6.089465,1.055972501505,0.712601868384));
#308 = CARTESIAN_POINT('',(6.089465,1.068671059457,0.744912542273));
#309 = CARTESIAN_POINT('',(6.089465,1.080179909627,0.777653725714));
#310 = CARTESIAN_POINT('',(6.089465,1.100783846606,0.843886772278));
#311 = CARTESIAN_POINT('',(6.089465,1.109878990054,0.877378817468));
#312 = CARTESIAN_POINT('',(6.089465,1.11775015566,0.911191208292));
#313 = CARTESIAN_POINT('',(6.089465,1.124383611254,0.945268037489));
#314 = CARTESIAN_POINT('',(6.089465,1.12976904362,0.979552667334));
#315 = CARTESIAN_POINT('',(6.089465,1.138030076867,1.048422791524));
#316 = CARTESIAN_POINT('',(6.089465,1.140905700456,1.083008475186));
#317 = CARTESIAN_POINT('',(6.089465,1.142519560429,1.117687409385));
#318 = CARTESIAN_POINT('',(6.089465,1.142868282668,1.152402124047));
#319 = CARTESIAN_POINT('',(6.089465,1.141951987774,1.187095050257));
#320 = CARTESIAN_POINT('',(6.089465,1.137596597864,1.256321990497));
#321 = CARTESIAN_POINT('',(6.089465,1.134157490875,1.290856194824));
#322 = CARTESIAN_POINT('',(6.089465,1.129460610975,1.325253467105));
#323 = CARTESIAN_POINT('',(6.089465,1.123513053809,1.359456677262));
#324 = CARTESIAN_POINT('',(6.089465,1.116325369803,1.393409231275));
#325 = CARTESIAN_POINT('',(6.089465,1.09949776191,1.460700911955));
#326 = CARTESIAN_POINT('',(6.089465,1.089857791766,1.494040223601));
#327 = CARTESIAN_POINT('',(6.089465,1.079005683759,1.527016954382));
#328 = CARTESIAN_POINT('',(6.089465,1.066958768368,1.559576205768));
#329 = CARTESIAN_POINT('',(6.089465,1.05373767652,1.59166423244));
#330 = CARTESIAN_POINT('',(6.089465,1.024995005843,1.654792653603));
#331 = CARTESIAN_POINT('',(6.089465,1.009473348003,1.685833221628));
#332 = CARTESIAN_POINT('',(6.089465,0.992825320736,1.716297564872));
#333 = CARTESIAN_POINT('',(6.089465,0.97507791555,1.746134834023));
#334 = CARTESIAN_POINT('',(6.089465,0.956261160791,1.775295911948));
#335 = CARTESIAN_POINT('',(6.089465,0.916555085371,1.832170917451));
#336 = CARTESIAN_POINT('',(6.089465,0.895665655563,1.859885001373));
#337 = CARTESIAN_POINT('',(6.089465,0.873772918393,1.886828295167));
#338 = CARTESIAN_POINT('',(6.089465,0.85091263272,1.912955682334));
#339 = CARTESIAN_POINT('',(6.089465,0.827123230086,1.938224300176));
#340 = CARTESIAN_POINT('',(6.089465,0.777768401802,1.986962781905));
#341 = CARTESIAN_POINT('',(6.089465,0.752202840481,2.010432779769));
#342 = CARTESIAN_POINT('',(6.089465,0.725790252961,2.032962942701));
#343 = CARTESIAN_POINT('',(6.089465,0.698573981488,2.054515380807));
#344 = CARTESIAN_POINT('',(6.089465,0.670599588345,2.075054904991));
#345 = CARTESIAN_POINT('',(6.089465,0.613230125326,2.114043151798));
#346 = CARTESIAN_POINT('',(6.089465,0.583834897747,2.132491981597));
#347 = CARTESIAN_POINT('',(6.089465,0.55377696982,2.149863049209));
#348 = CARTESIAN_POINT('',(6.089465,0.523105832137,2.166126945865));
#349 = CARTESIAN_POINT('',(6.089465,0.491872669174,2.181257321165));
#350 = CARTESIAN_POINT('',(6.089465,0.42838805082,2.209204448183));
#351 = CARTESIAN_POINT('',(6.089465,0.396136420915,2.222021276726));
#352 = CARTESIAN_POINT('',(6.089465,0.363428358252,2.233658100092));
#353 = CARTESIAN_POINT('',(6.089465,0.330317863153,2.244094964348));
#354 = CARTESIAN_POINT('',(6.089465,0.29686004759,2.253315230241));
#355 = CARTESIAN_POINT('',(6.089465,0.229362223586,2.269295919553));
#356 = CARTESIAN_POINT('',(6.089465,0.195322029599,2.276056386902));
#357 = CARTESIAN_POINT('',(6.089465,0.161046782744,2.28157367557));
#358 = CARTESIAN_POINT('',(6.089465,0.126593205147,2.28583794713));
#359 = CARTESIAN_POINT('',(6.089465,9.201851153951E-02,2.288842824392));
#360 = CARTESIAN_POINT('',(6.089465,2.274230716497E-02,2.292327961927));
#361 = CARTESIAN_POINT('',(6.089465,-1.19593940362E-02,2.29280823178));
#362 = CARTESIAN_POINT('',(6.089465,-4.666698571212E-02,2.292023310585)
  );
#363 = CARTESIAN_POINT('',(6.089465,-8.132290197991E-02,2.289973801165)
  );
#364 = CARTESIAN_POINT('',(6.089465,-0.115869719701,2.286663799543));
#365 = CARTESIAN_POINT('',(6.089465,-0.184630597722,2.277537993826));
#366 = CARTESIAN_POINT('',(6.089465,-0.218844847039,2.271722164644));
#367 = CARTESIAN_POINT('',(6.089465,-0.252835629405,2.264661022006));
#368 = CARTESIAN_POINT('',(6.089465,-0.286546441163,2.256365590022));
#369 = CARTESIAN_POINT('',(6.089465,-0.319921552028,2.246850302313));
#370 = CARTESIAN_POINT('',(6.089465,-0.385890459215,2.225415705029));
#371 = CARTESIAN_POINT('',(6.089465,-0.41848443688,2.213496336533));
#372 = CARTESIAN_POINT('',(6.089465,-0.450632989068,2.200392763988));
#373 = CARTESIAN_POINT('',(6.089465,-0.482282545161,2.186126067794));
#374 = CARTESIAN_POINT('',(6.089465,-0.513380912931,2.170720541271));
#375 = CARTESIAN_POINT('',(6.089465,-0.574373645814,2.137686843149));
#376 = CARTESIAN_POINT('',(6.089465,-0.604268178591,2.120058580742));
#377 = CARTESIAN_POINT('',(6.089465,-0.633510075219,2.101346432207));
#378 = CARTESIAN_POINT('',(6.089465,-0.662050471821,2.081580836262));
#379 = CARTESIAN_POINT('',(6.089465,-0.68984244229,2.060795141594));
#380 = CARTESIAN_POINT('',(6.089465,-0.743839556489,2.017256074835));
#381 = CARTESIAN_POINT('',(6.089465,-0.770044848653,1.994502583058));
#382 = CARTESIAN_POINT('',(6.089465,-0.795411902512,1.970801410097));
#383 = CARTESIAN_POINT('',(6.089465,-0.819898178792,1.946191345182));
#384 = CARTESIAN_POINT('',(6.089465,-0.843463571212,1.920713688196));
#385 = CARTESIAN_POINT('',(6.089465,-0.888677244416,1.86811081345));
#386 = CARTESIAN_POINT('',(6.089465,-0.910325649487,1.840985451088));
#387 = CARTESIAN_POINT('',(6.089465,-0.930977967825,1.813079989821));
#388 = CARTESIAN_POINT('',(6.089465,-0.950599393215,1.784440285093));
#389 = CARTESIAN_POINT('',(6.089465,-0.969157967105,1.755114220568));
#390 = CARTESIAN_POINT('',(6.089465,-1.004091193129,1.69518919745));
#391 = CARTESIAN_POINT('',(6.089465,-1.020465941292,1.664590074129));
#392 = CARTESIAN_POINT('',(6.089465,-1.035719734315,1.633404262938));
#393 = CARTESIAN_POINT('',(6.089465,-1.049826651464,1.60168316728));
#394 = CARTESIAN_POINT('',(6.089465,-1.062763940052,1.569479669187));
#395 = CARTESIAN_POINT('',(6.089465,-1.086260094106,1.504216590645));
#396 = CARTESIAN_POINT('',(6.089465,-1.096819024162,1.471156830793));
#397 = CARTESIAN_POINT('',(6.089465,-1.106169245037,1.437723219101));
#398 = CARTESIAN_POINT('',(6.089465,-1.114294579703,1.403971004984));
#399 = CARTESIAN_POINT('',(6.089465,-1.121182234667,1.369956317943));
#400 = CARTESIAN_POINT('',(6.089465,-1.132463368724,1.301516017749));
#401 = CARTESIAN_POINT('',(6.089465,-1.136856878828,1.267090216461));
#402 = CARTESIAN_POINT('',(6.089465,-1.139993945575,1.232515777442));
#403 = CARTESIAN_POINT('',(6.089465,-1.141868671259,1.197849966838));
#404 = CARTESIAN_POINT('',(6.089465,-1.142478645167,1.163150303191));
#405 = CARTESIAN_POINT('',(6.089465,-1.141171245502,1.093798811626));
#406 = CARTESIAN_POINT('',(6.089465,-1.139253868336,1.059146793068));
#407 = CARTESIAN_POINT('',(6.089465,-1.136073913963,1.024576272224));
#408 = CARTESIAN_POINT('',(6.089465,-1.131635959264,0.990144635909));
#409 = CARTESIAN_POINT('',(6.089465,-1.12594805613,0.955908887293));
#410 = CARTESIAN_POINT('',(6.089465,-1.112095410212,0.887942403808));
#411 = CARTESIAN_POINT('',(6.089465,-1.103930629348,0.854211482107));
#412 = CARTESIAN_POINT('',(6.089465,-1.094538940838,0.82078949521));
#413 = CARTESIAN_POINT('',(6.089465,-1.083935244619,0.787732050546));
#414 = CARTESIAN_POINT('',(6.089465,-1.072137788584,0.75509374856));
#415 = CARTESIAN_POINT('',(6.089465,-1.046198551838,0.690762615559));
#416 = CARTESIAN_POINT('',(6.089465,-1.032056699822,0.659069607703));
#417 = CARTESIAN_POINT('',(6.089465,-1.016764232133,0.627902743035));
#418 = CARTESIAN_POINT('',(6.089465,-1.000345878427,0.597314008462));
#419 = CARTESIAN_POINT('',(6.089465,-0.982829478424,0.567353793905));
#420 = CARTESIAN_POINT('',(6.089465,-0.948225722696,0.512827001797));
#421 = CARTESIAN_POINT('',(6.089465,-0.931412376421,0.48808636585));
#422 = CARTESIAN_POINT('',(6.089465,-0.91382576447,0.463880208169));
#423 = CARTESIAN_POINT('',(6.089465,-0.895487252414,0.440238593056));
#424 = CARTESIAN_POINT('',(6.089465,-0.876419750008,0.417190425406));
#425 = CARTESIAN_POINT('',(6.089465,-0.749900135388,0.273681621765));
#426 = CARTESIAN_POINT('',(6.089465,-0.622534154985,0.170616936484));
#427 = CARTESIAN_POINT('',(6.089465,-0.47852854492,9.017675280799E-02));
#428 = CARTESIAN_POINT('',(6.089465,-0.322956854091,3.53525985223E-02));
#429 = CARTESIAN_POINT('',(6.089465,-0.161418258695,7.97186600015E-03));
#430 = CARTESIAN_POINT('',(6.089465,-2.535811165731E-16,
    7.972177893324E-03));
#431 = SURFACE_OF_REVOLUTION('',#432,#437);
#432 = CIRCLE('',#433,0.5);
#433 = AXIS2_PLACEMENT_3D('',#434,#435,#436);
#434 = CARTESIAN_POINT('',(6.000534564979,-2.886579864025E-16,0.5));
#435 = DIRECTION('',(0.,-1.,4.440892098501E-16));
#436 = DIRECTION('',(1.,0.,0.));
#437 = AXIS1_PLACEMENT('',#438,#439);
#438 = CARTESIAN_POINT('',(0.,0.,1.15));
#439 = DIRECTION('',(-1.,0.,-0.));
#440 = ADVANCED_FACE('',(#441),#444,.T.);
#441 = FACE_BOUND('',#442,.T.);
#442 = EDGE_LOOP('',(#443));
#443 = ORIENTED_EDGE('',*,*,#272,.T.);
#444 = PLANE('',#445);
#445 = AXIS2_PLACEMENT_3D('',#446,#447,#448);
#446 = CARTESIAN_POINT('',(6.089465,-2.5,-0.35));
#447 = DIRECTION('',(1.,0.,0.));
#448 = DIRECTION('',(0.,-1.110223024625E-16,1.));
#449 = ( GEOMETRIC_REPRESENTATION_CONTEXT(3) 
GLOBAL_UNCERTAINTY_ASSIGNED_CONTEXT((#453)) GLOBAL_UNIT_ASSIGNED_CONTEXT
((#450,#451,#452)) REPRESENTATION_CONTEXT('Context #1',
  '3D Context with UNIT and UNCERTAINTY') );
#450 = ( LENGTH_UNIT() NAMED_UNIT(*) SI_UNIT(.MILLI.,.METRE.) );
#451 = ( NAMED_UNIT(*) PLANE_ANGLE_UNIT() SI_UNIT($,.RADIAN.) );
#452 = ( NAMED_UNIT(*) SI_UNIT($,.STERADIAN.) SOLID_ANGLE_UNIT() );
#453 = UNCERTAINTY_MEASURE_WITH_UNIT(LENGTH_MEASURE(1.E-06),#450,
  'distance_accuracy_value','confusion accuracy');
#454 = CONTEXT_DEPENDENT_SHAPE_REPRESENTATION(#455,#457);
#455 = ( REPRESENTATION_RELATIONSHIP('','',#212,#10) 
REPRESENTATION_RELATIONSHIP_WITH_TRANSFORMATION(#456) 
SHAPE_REPRESENTATION_RELATIONSHIP() );
#456 = ITEM_DEFINED_TRANSFORMATION('','',#11,#19);
#457 = PRODUCT_DEFINITION_SHAPE('Placement','Placement of an item',#458
  );
#458 = NEXT_ASSEMBLY_USAGE_OCCURRENCE('28','Band_1_MKV','',#5,#207,$);
#459 = PRODUCT_RELATED_PRODUCT_CATEGORY('part',$,(#209));
#460 = SHAPE_DEFINITION_REPRESENTATION(#461,#467);
#461 = PRODUCT_DEFINITION_SHAPE('','',#462);
#462 = PRODUCT_DEFINITION('design','',#463,#466);
#463 = PRODUCT_DEFINITION_FORMATION('','',#464);
#464 = PRODUCT('Segment_1_MKV','Segment_1_MKV','',(#465));
#465 = PRODUCT_CONTEXT('',#2,'mechanical');
#466 = PRODUCT_DEFINITION_CONTEXT('part definition',#2,'design');
#467 = ADVANCED_BREP_SHAPE_REPRESENTATION('',(#11,#468),#867);
#468 = MANIFOLD_SOLID_BREP('',#469);
#469 = CLOSED_SHELL('',(#470,#666,#675,#858));
#470 = ADVANCED_FACE('',(#471),#657,.F.);
#471 = FACE_BOUND('',#472,.F.);
#472 = EDGE_LOOP('',(#473,#640,#649,#656));
#473 = ORIENTED_EDGE('',*,*,#474,.F.);
#474 = EDGE_CURVE('',#475,#475,#477,.T.);
#475 = VERTEX_POINT('',#476);
#476 = CARTESIAN_POINT('',(6.089465,-4.440892098501E-16,
    7.972177893324E-03));
#477 = B_SPLINE_CURVE_WITH_KNOTS('',6,(#478,#479,#480,#481,#482,#483,
    #484,#485,#486,#487,#488,#489,#490,#491,#492,#493,#494,#495,#496,
    #497,#498,#499,#500,#501,#502,#503,#504,#505,#506,#507,#508,#509,
    #510,#511,#512,#513,#514,#515,#516,#517,#518,#519,#520,#521,#522,
    #523,#524,#525,#526,#527,#528,#529,#530,#531,#532,#533,#534,#535,
    #536,#537,#538,#539,#540,#541,#542,#543,#544,#545,#546,#547,#548,
    #549,#550,#551,#552,#553,#554,#555,#556,#557,#558,#559,#560,#561,
    #562,#563,#564,#565,#566,#567,#568,#569,#570,#571,#572,#573,#574,
    #575,#576,#577,#578,#579,#580,#581,#582,#583,#584,#585,#586,#587,
    #588,#589,#590,#591,#592,#593,#594,#595,#596,#597,#598,#599,#600,
    #601,#602,#603,#604,#605,#606,#607,#608,#609,#610,#611,#612,#613,
    #614,#615,#616,#617,#618,#619,#620,#621,#622,#623,#624,#625,#626,
    #627,#628,#629,#630,#631,#632,#633,#634,#635,#636,#637,#638,#639),
  .UNSPECIFIED.,.T.,.F.,(7,5,5,5,5,5,5,5,5,5,5,5,5,5,5,5,5,5,5,5,5,5,5,5
    ,5,5,5,5,5,5,5,5,7),(0.,2.900038777918E-02,5.800077555835E-02,
    8.700116333751E-02,0.116001551117,0.145001938896,0.173002313303,
    0.202002701082,0.230003075489,0.257003436523,0.286003824303,
    0.315004212082,0.344004599861,0.37300498764,0.402005375419,
    0.430005749826,0.459006137605,0.488006525384,0.517006913163,
    0.546007300942,0.575007688722,0.602008049756,0.630008424163,
    0.659008811942,0.687009186349,0.716009574128,0.745009961907,
    0.774010349686,0.803010737466,0.832011125245,0.858011472907,
    0.882011793826,1.),.UNSPECIFIED.);
#478 = CARTESIAN_POINT('',(6.089465,-2.535811165731E-16,
    7.972177893324E-03));
#479 = CARTESIAN_POINT('',(6.089465,3.468190694074E-02,
    7.972176141663E-03));
#480 = CARTESIAN_POINT('',(6.089465,6.936390921871E-02,9.2360762073E-03)
  );
#481 = CARTESIAN_POINT('',(6.089465,0.10398822587,1.176386529153E-02));
#482 = CARTESIAN_POINT('',(6.089465,0.138497394008,1.555204897627E-02));
#483 = CARTESIAN_POINT('',(6.089465,0.172834268825,2.059365122403E-02));
#484 = CARTESIAN_POINT('',(6.089465,0.241049778987,3.316277408651E-02));
#485 = CARTESIAN_POINT('',(6.089465,0.27492860185,4.069032925255E-02));
#486 = CARTESIAN_POINT('',(6.089465,0.308521670086,4.945039704554E-02));
#487 = CARTESIAN_POINT('',(6.089465,0.341773105302,5.942912829057E-02));
#488 = CARTESIAN_POINT('',(6.089465,0.37462797281,7.060930746831E-02));
#489 = CARTESIAN_POINT('',(6.089465,0.439436591678,9.53313946885E-02));
#490 = CARTESIAN_POINT('',(6.089465,0.471390521192,0.10887337069));
#491 = CARTESIAN_POINT('',(6.089465,0.502840088296,0.123575674938));
#492 = CARTESIAN_POINT('',(6.089465,0.533732849203,0.139414562043));
#493 = CARTESIAN_POINT('',(6.089465,0.564017898209,0.156363147002));
#494 = CARTESIAN_POINT('',(6.089465,0.623273838985,0.192419660408));
#495 = CARTESIAN_POINT('',(6.089465,0.652244893643,0.211527687971));
#496 = CARTESIAN_POINT('',(6.089465,0.680509677342,0.231685441409));
#497 = CARTESIAN_POINT('',(6.089465,0.708020917293,0.252860065316));
#498 = CARTESIAN_POINT('',(6.089465,0.734733422241,0.275015895357));
#499 = CARTESIAN_POINT('',(6.089465,0.786474745019,0.321213018573));
#500 = CARTESIAN_POINT('',(6.089465,0.81150370508,0.345254438739));
#501 = CARTESIAN_POINT('',(6.089465,0.835647869974,0.370200226415));
#502 = CARTESIAN_POINT('',(6.089465,0.858866703093,0.396009504007));
#503 = CARTESIAN_POINT('',(6.089465,0.881122223896,0.422639008681));
#504 = CARTESIAN_POINT('',(6.089465,0.922902803879,0.476502208378));
#505 = CARTESIAN_POINT('',(6.089465,0.942495658022,0.503683538151));
#506 = CARTESIAN_POINT('',(6.089465,0.961125710556,0.531545991383));
#507 = CARTESIAN_POINT('',(6.089465,0.978763656757,0.560046833674));
#508 = CARTESIAN_POINT('',(6.089465,0.995382746956,0.589141686529));
#509 = CARTESIAN_POINT('',(6.089465,1.027091114495,0.649486036498));
#510 = CARTESIAN_POINT('',(6.089465,1.042104641332,0.680775535333));
#511 = CARTESIAN_POINT('',(6.089465,1.055972501505,0.712601868384));
#512 = CARTESIAN_POINT('',(6.089465,1.068671059457,0.744912542273));
#513 = CARTESIAN_POINT('',(6.089465,1.080179909627,0.777653725714));
#514 = CARTESIAN_POINT('',(6.089465,1.100428606989,0.842744826491));
#515 = CARTESIAN_POINT('',(6.089465,1.109250303363,0.87506946562));
#516 = CARTESIAN_POINT('',(6.089465,1.116931530852,0.907694515838));
#517 = CARTESIAN_POINT('',(6.089465,1.123459823992,0.94056968194));
#518 = CARTESIAN_POINT('',(6.089465,1.128825686569,0.973644024571));
#519 = CARTESIAN_POINT('',(6.089465,1.137069610062,1.038901400757));
#520 = CARTESIAN_POINT('',(6.089465,1.140029695252,1.071074220129));
#521 = CARTESIAN_POINT('',(6.089465,1.141897013729,1.10333817521));
#522 = CARTESIAN_POINT('',(6.089465,1.142668356853,1.135646915599));
#523 = CARTESIAN_POINT('',(6.089465,1.142343140808,1.167953983637));
#524 = CARTESIAN_POINT('',(6.089465,1.139398510165,1.234861181753));
#525 = CARTESIAN_POINT('',(6.089465,1.136610929994,1.269454072961));
#526 = CARTESIAN_POINT('',(6.089465,1.132563219396,1.303933763507));
#527 = CARTESIAN_POINT('',(6.089465,1.127261395944,1.338242999717));
#528 = CARTESIAN_POINT('',(6.089465,1.120714941481,1.372324998769));
#529 = CARTESIAN_POINT('',(6.089465,1.105158666159,1.439921899395));
#530 = CARTESIAN_POINT('',(6.089465,1.096148802539,1.473436986788));
#531 = CARTESIAN_POINT('',(6.089465,1.085920182305,1.506612404635));
#532 = CARTESIAN_POINT('',(6.089465,1.074489098107,1.539392937505));
#533 = CARTESIAN_POINT('',(6.089465,1.061875164191,1.571724460769));
#534 = CARTESIAN_POINT('',(6.089465,1.034327471821,1.635383421814));
#535 = CARTESIAN_POINT('',(6.089465,1.019393637642,1.666711034587));
#536 = CARTESIAN_POINT('',(6.089465,1.003322773194,1.697483755252));
#537 = CARTESIAN_POINT('',(6.089465,0.986140906761,1.72765023478));
#538 = CARTESIAN_POINT('',(6.089465,0.967877135573,1.757160798776));
#539 = CARTESIAN_POINT('',(6.089465,0.929250118956,1.814774098139));
#540 = CARTESIAN_POINT('',(6.089465,0.908886767345,1.842876991879));
#541 = CARTESIAN_POINT('',(6.089465,0.887505758417,1.870228143197));
#542 = CARTESIAN_POINT('',(6.089465,0.865141994301,1.896781769613));
#543 = CARTESIAN_POINT('',(6.089465,0.841833091817,1.922494291667));
#544 = CARTESIAN_POINT('',(6.089465,0.793405675636,1.972154376626));
#545 = CARTESIAN_POINT('',(6.089465,0.768287028816,1.996102076042));
#546 = CARTESIAN_POINT('',(6.089465,0.742303791847,2.019126072607));
#547 = CARTESIAN_POINT('',(6.089465,0.71549858511,2.041187666227));
#548 = CARTESIAN_POINT('',(6.089465,0.687916299535,2.062250815275));
#549 = CARTESIAN_POINT('',(6.089465,0.632268175587,2.101622727171));
#550 = CARTESIAN_POINT('',(6.089465,0.604251671006,2.12000152182));
#551 = CARTESIAN_POINT('',(6.089465,0.575597034232,2.137388498236));
#552 = CARTESIAN_POINT('',(6.089465,0.546348246812,2.153756258985));
#553 = CARTESIAN_POINT('',(6.089465,0.516550820456,2.169080031506));
#554 = CARTESIAN_POINT('',(6.089465,0.454870670159,2.198104507463));
#555 = CARTESIAN_POINT('',(6.089465,0.42295131379,2.211727774852));
#556 = CARTESIAN_POINT('',(6.089465,0.390546015165,2.224182879921));
#557 = CARTESIAN_POINT('',(6.089465,0.35770825611,2.235448518005));
#558 = CARTESIAN_POINT('',(6.089465,0.324492713045,2.245506670138));
#559 = CARTESIAN_POINT('',(6.089465,0.257417801825,2.263178539336));
#560 = CARTESIAN_POINT('',(6.089465,0.223558249287,2.270792304981));
#561 = CARTESIAN_POINT('',(6.089465,0.189432476913,2.277169191455));
#562 = CARTESIAN_POINT('',(6.089465,0.155096941675,2.282297938006));
#563 = CARTESIAN_POINT('',(6.089465,0.120608679979,2.286170731646));
#564 = CARTESIAN_POINT('',(6.089465,5.144193561147E-02,2.291395686165));
#565 = CARTESIAN_POINT('',(6.089465,1.676326280666E-02,2.292747861406));
#566 = CARTESIAN_POINT('',(6.089465,-1.795309298439E-02,2.29283539319));
#567 = CARTESIAN_POINT('',(6.089465,-5.264956890977E-02,2.29165743751));
#568 = CARTESIAN_POINT('',(6.089465,-8.726865703221E-02,2.289216646049)
  );
#569 = CARTESIAN_POINT('',(6.089465,-0.156237151999,2.281821689786));
#570 = CARTESIAN_POINT('',(6.089465,-0.190586748432,2.276867504657));
#571 = CARTESIAN_POINT('',(6.089465,-0.224744243333,2.270662783608));
#572 = CARTESIAN_POINT('',(6.089465,-0.258652873854,2.263217127328));
#573 = CARTESIAN_POINT('',(6.089465,-0.292256564589,2.25454356437));
#574 = CARTESIAN_POINT('',(6.089465,-0.358743291564,2.234773541295));
#575 = CARTESIAN_POINT('',(6.089465,-0.391626510569,2.223677026833));
#576 = CARTESIAN_POINT('',(6.089465,-0.424094203929,2.211385488722));
#577 = CARTESIAN_POINT('',(6.089465,-0.45609228819,2.197918654468));
#578 = CARTESIAN_POINT('',(6.089465,-0.487567977114,2.183299498126));
#579 = CARTESIAN_POINT('',(6.089465,-0.547240434014,2.152894862017));
#580 = CARTESIAN_POINT('',(6.089465,-0.575513762618,2.137259283988));
#581 = CARTESIAN_POINT('',(6.089465,-0.603248241792,2.120668673972));
#582 = CARTESIAN_POINT('',(6.089465,-0.630403732496,2.103146430954));
#583 = CARTESIAN_POINT('',(6.089465,-0.656941482349,2.08471818515));
#584 = CARTESIAN_POINT('',(6.089465,-0.709665384472,2.045390363367));
#585 = CARTESIAN_POINT('',(6.089465,-0.735802232923,2.024424444004));
#586 = CARTESIAN_POINT('',(6.089465,-0.761192999873,2.002545136172));
#587 = CARTESIAN_POINT('',(6.089465,-0.785798037768,1.979785802534));
#588 = CARTESIAN_POINT('',(6.089465,-0.809579722611,1.956182072156));
#589 = CARTESIAN_POINT('',(6.089465,-0.856243854259,1.906489819613));
#590 = CARTESIAN_POINT('',(6.089465,-0.879063975051,1.880342528885));
#591 = CARTESIAN_POINT('',(6.089465,-0.90092327187,1.853372097598));
#592 = CARTESIAN_POINT('',(6.089465,-0.921784955986,1.825622806488));
#593 = CARTESIAN_POINT('',(6.089465,-0.941614994397,1.797141087756));
#594 = CARTESIAN_POINT('',(6.089465,-0.978502087785,1.739815670298));
#595 = CARTESIAN_POINT('',(6.089465,-0.995631275951,1.711018178489));
#596 = CARTESIAN_POINT('',(6.089465,-1.011741547565,1.681626779985));
#597 = CARTESIAN_POINT('',(6.089465,-1.026807465474,1.651686618411));
#598 = CARTESIAN_POINT('',(6.089465,-1.040806282138,1.62124425067));
#599 = CARTESIAN_POINT('',(6.089465,-1.067090729385,1.558347597514));
#600 = CARTESIAN_POINT('',(6.089465,-1.079297388147,1.525860119815));
#601 = CARTESIAN_POINT('',(6.089465,-1.090315648311,1.492938531698));
#602 = CARTESIAN_POINT('',(6.089465,-1.100126577313,1.459637199992));
#603 = CARTESIAN_POINT('',(6.089465,-1.108714577628,1.426011540505));
#604 = CARTESIAN_POINT('',(6.089465,-1.123420199342,1.358224496269));
#605 = CARTESIAN_POINT('',(6.089465,-1.129537861166,1.324062925181));
#606 = CARTESIAN_POINT('',(6.089465,-1.134408134777,1.289689774959));
#607 = CARTESIAN_POINT('',(6.089465,-1.138022252618,1.255161943092));
#608 = CARTESIAN_POINT('',(6.089465,-1.140374917043,1.220536754349));
#609 = CARTESIAN_POINT('',(6.089465,-1.14255368709,1.151207167323));
#610 = CARTESIAN_POINT('',(6.089465,-1.142379798701,1.116502578459));
#611 = CARTESIAN_POINT('',(6.089465,-1.140940832996,1.081815947044));
#612 = CARTESIAN_POINT('',(6.089465,-1.138238477718,1.047204817372));
#613 = CARTESIAN_POINT('',(6.089465,-1.134277910499,1.012726525177));
#614 = CARTESIAN_POINT('',(6.089465,-1.123857690695,0.944149869561));
#615 = CARTESIAN_POINT('',(6.089465,-1.117398009466,0.91005131763));
#616 = CARTESIAN_POINT('',(6.089465,-1.10969744801,0.876199665166));
#617 = CARTESIAN_POINT('',(6.089465,-1.100768093487,0.842651198003));
#618 = CARTESIAN_POINT('',(6.089465,-1.090625427381,0.809461364474));
#619 = CARTESIAN_POINT('',(6.089465,-1.067951226932,0.743908185221));
#620 = CARTESIAN_POINT('',(6.089465,-1.05541963026,0.711544659297));
#621 = CARTESIAN_POINT('',(6.089465,-1.041712435486,0.67964880012));
#622 = CARTESIAN_POINT('',(6.089465,-1.026851728986,0.648273771458));
#623 = CARTESIAN_POINT('',(6.089465,-1.010862783509,0.617471298377));
#624 = CARTESIAN_POINT('',(6.089465,-0.978453130041,0.560234058383));
#625 = CARTESIAN_POINT('',(6.089465,-0.96224812995,0.533676977338));
#626 = CARTESIAN_POINT('',(6.089465,-0.945179566492,0.507656629916));
#627 = CARTESIAN_POINT('',(6.089465,-0.927269816593,0.48220795221));
#628 = CARTESIAN_POINT('',(6.089465,-0.908543125513,0.45736461059));
#629 = CARTESIAN_POINT('',(6.089465,-0.871009434436,0.410815358844));
#630 = CARTESIAN_POINT('',(6.089465,-0.852319368561,0.389015043588));
#631 = CARTESIAN_POINT('',(6.089465,-0.832975946821,0.367783520093));
#632 = CARTESIAN_POINT('',(6.089465,-0.813000902388,0.347145129786));
#633 = CARTESIAN_POINT('',(6.089465,-0.792417164021,0.327123091367));
#634 = CARTESIAN_POINT('',(6.089465,-0.667183535302,0.212447862464));
#635 = CARTESIAN_POINT('',(6.089465,-0.548943994844,0.13254487951));
#636 = CARTESIAN_POINT('',(6.089465,-0.419474350209,7.076591405443E-02)
  );
#637 = CARTESIAN_POINT('',(6.089465,-0.282267426764,2.889361277572E-02)
  );
#638 = CARTESIAN_POINT('',(6.089465,-0.141103108832,7.972069932883E-03)
  );
#639 = CARTESIAN_POINT('',(6.089465,-2.535811165731E-16,
    7.972177893324E-03));
#640 = ORIENTED_EDGE('',*,*,#641,.T.);
#641 = EDGE_CURVE('',#475,#642,#644,.T.);
#642 = VERTEX_POINT('',#643);
#643 = CARTESIAN_POINT('',(6.275763722861,-4.440892098501E-16,
    8.256867552626E-02));
#644 = CIRCLE('',#645,0.5);
#645 = AXIS2_PLACEMENT_3D('',#646,#647,#648);
#646 = CARTESIAN_POINT('',(6.000534564979,-2.886579864025E-16,0.5));
#647 = DIRECTION('',(0.,-1.,4.440892098501E-16));
#648 = DIRECTION('',(1.,0.,0.));
#649 = ORIENTED_EDGE('',*,*,#650,.F.);
#650 = EDGE_CURVE('',#642,#642,#651,.T.);
#651 = CIRCLE('',#652,1.067431324474);
#652 = AXIS2_PLACEMENT_3D('',#653,#654,#655);
#653 = CARTESIAN_POINT('',(6.275763722861,0.,1.15));
#654 = DIRECTION('',(-1.,-0.,0.));
#655 = DIRECTION('',(0.,-4.440892098501E-16,-1.));
#656 = ORIENTED_EDGE('',*,*,#641,.F.);
#657 = SURFACE_OF_REVOLUTION('',#658,#663);
#658 = CIRCLE('',#659,0.5);
#659 = AXIS2_PLACEMENT_3D('',#660,#661,#662);
#660 = CARTESIAN_POINT('',(6.000534564979,-2.886579864025E-16,0.5));
#661 = DIRECTION('',(0.,-1.,4.440892098501E-16));
#662 = DIRECTION('',(1.,0.,0.));
#663 = AXIS1_PLACEMENT('',#664,#665);
#664 = CARTESIAN_POINT('',(0.,0.,1.15));
#665 = DIRECTION('',(-1.,0.,-0.));
#666 = ADVANCED_FACE('',(#667),#670,.T.);
#667 = FACE_BOUND('',#668,.T.);
#668 = EDGE_LOOP('',(#669));
#669 = ORIENTED_EDGE('',*,*,#474,.F.);
#670 = PLANE('',#671);
#671 = AXIS2_PLACEMENT_3D('',#672,#673,#674);
#672 = CARTESIAN_POINT('',(6.089465,-2.5,2.65));
#673 = DIRECTION('',(-1.,0.,0.));
#674 = DIRECTION('',(0.,1.110223024625E-16,-1.));
#675 = ADVANCED_FACE('',(#676),#849,.T.);
#676 = FACE_BOUND('',#677,.T.);
#677 = EDGE_LOOP('',(#678,#840,#847,#848));
#678 = ORIENTED_EDGE('',*,*,#679,.F.);
#679 = EDGE_CURVE('',#680,#680,#682,.T.);
#680 = VERTEX_POINT('',#681);
#681 = CARTESIAN_POINT('',(6.489465,-4.440892098501E-16,0.149849917972)
  );
#682 = B_SPLINE_CURVE_WITH_KNOTS('',6,(#683,#684,#685,#686,#687,#688,
    #689,#690,#691,#692,#693,#694,#695,#696,#697,#698,#699,#700,#701,
    #702,#703,#704,#705,#706,#707,#708,#709,#710,#711,#712,#713,#714,
    #715,#716,#717,#718,#719,#720,#721,#722,#723,#724,#725,#726,#727,
    #728,#729,#730,#731,#732,#733,#734,#735,#736,#737,#738,#739,#740,
    #741,#742,#743,#744,#745,#746,#747,#748,#749,#750,#751,#752,#753,
    #754,#755,#756,#757,#758,#759,#760,#761,#762,#763,#764,#765,#766,
    #767,#768,#769,#770,#771,#772,#773,#774,#775,#776,#777,#778,#779,
    #780,#781,#782,#783,#784,#785,#786,#787,#788,#789,#790,#791,#792,
    #793,#794,#795,#796,#797,#798,#799,#800,#801,#802,#803,#804,#805,
    #806,#807,#808,#809,#810,#811,#812,#813,#814,#815,#816,#817,#818,
    #819,#820,#821,#822,#823,#824,#825,#826,#827,#828,#829,#830,#831,
    #832,#833,#834,#835,#836,#837,#838,#839),.UNSPECIFIED.,.T.,.F.,(7,5,
    5,5,5,5,5,5,5,5,5,5,5,5,5,5,5,5,5,5,5,5,5,5,5,5,5,5,5,5,5,7),(0.,
    2.900068794766E-02,5.800137589531E-02,8.700206384295E-02,
    0.116002751791,0.145003439738,0.174004127686,0.203004815633,
    0.232005503581,0.261006191529,0.290006879476,0.319007567424,
    0.348008255372,0.37700894332,0.406009631267,0.435010319215,
    0.464011007163,0.49301169511,0.522012383058,0.551013071006,
    0.580013758954,0.609014446901,0.638015134849,0.667015822797,
    0.696016510745,0.725017198692,0.75401788664,0.783018574588,
    0.812019262536,0.841019950483,0.864020496095,1.),.UNSPECIFIED.);
#683 = CARTESIAN_POINT('',(6.489465,-2.220779298296E-16,0.149849917972)
  );
#684 = CARTESIAN_POINT('',(6.489465,3.03732635959E-02,0.1498499164));
#685 = CARTESIAN_POINT('',(6.489465,6.074661067813E-02,0.150956798198));
#686 = CARTESIAN_POINT('',(6.489465,9.106943860441E-02,0.153170552051));
#687 = CARTESIAN_POINT('',(6.489465,0.121291423288,0.156488117629));
#688 = CARTESIAN_POINT('',(6.489465,0.151362519197,0.160903385584));
#689 = CARTESIAN_POINT('',(6.489465,0.211103400084,0.171911006432));
#690 = CARTESIAN_POINT('',(6.489465,0.24077334927,0.178503389581));
#691 = CARTESIAN_POINT('',(6.489465,0.270193044039,0.186175166382));
#692 = CARTESIAN_POINT('',(6.489465,0.299313547957,0.194914208155));
#693 = CARTESIAN_POINT('',(6.489465,0.328086751036,0.204705438152));
#694 = CARTESIAN_POINT('',(6.489465,0.384843989545,0.226356222033));
#695 = CARTESIAN_POINT('',(6.489465,0.412828180983,0.238215835429));
#696 = CARTESIAN_POINT('',(6.489465,0.440370668561,0.251091625795));
#697 = CARTESIAN_POINT('',(6.489465,0.467425523769,0.264962797672));
#698 = CARTESIAN_POINT('',(6.489465,0.493948165062,0.279805806099));
#699 = CARTESIAN_POINT('',(6.489465,0.545842552296,0.311382904438));
#700 = CARTESIAN_POINT('',(6.489465,0.571214440878,0.328117081144));
#701 = CARTESIAN_POINT('',(6.489465,0.595967800796,0.345770572934));
#702 = CARTESIAN_POINT('',(6.489465,0.62006123213,0.364314606102));
#703 = CARTESIAN_POINT('',(6.489465,0.643455157856,0.383717947036));
#704 = CARTESIAN_POINT('',(6.489465,0.68876849193,0.424175855051));
#705 = CARTESIAN_POINT('',(6.489465,0.710688024829,0.445230533338));
#706 = CARTESIAN_POINT('',(6.489465,0.731832683487,0.467077226676));
#707 = CARTESIAN_POINT('',(6.489465,0.752166967313,0.489680135799));
#708 = CARTESIAN_POINT('',(6.489465,0.771657614184,0.513001372578));
#709 = CARTESIAN_POINT('',(6.489465,0.808889589185,0.561000545523));
#710 = CARTESIAN_POINT('',(6.489465,0.826631019654,0.585678613624));
#711 = CARTESIAN_POINT('',(6.489465,0.843466886073,0.610995173451));
#712 = CARTESIAN_POINT('',(6.489465,0.859368762591,0.636908585476));
#713 = CARTESIAN_POINT('',(6.489465,0.874310803279,0.66337556151));
#714 = CARTESIAN_POINT('',(6.489465,0.902228683779,0.717326766448));
#715 = CARTESIAN_POINT('',(6.489465,0.915204600328,0.744811143646));
#716 = CARTESIAN_POINT('',(6.489465,0.927174245874,0.772759349046));
#717 = CARTESIAN_POINT('',(6.489465,0.938117210472,0.801125281525));
#718 = CARTESIAN_POINT('',(6.489465,0.948015920136,0.829861686089));
#719 = CARTESIAN_POINT('',(6.489465,0.965695356558,0.887978620743));
#720 = CARTESIAN_POINT('',(6.489465,0.973476131911,0.917359310579));
#721 = CARTESIAN_POINT('',(6.489465,0.980183246528,0.947013807929));
#722 = CARTESIAN_POINT('',(6.489465,0.985804982134,0.976893076467));
#723 = CARTESIAN_POINT('',(6.489465,0.990332618556,1.006947458988));
#724 = CARTESIAN_POINT('',(6.489465,0.997188252008,1.06730589548));
#725 = CARTESIAN_POINT('',(6.489465,0.999516267883,1.097610115358));
#726 = CARTESIAN_POINT('',(6.489465,1.000738781754,1.127989056409));
#727 = CARTESIAN_POINT('',(6.489465,1.000853155008,1.158392370675));
#728 = CARTESIAN_POINT('',(6.489465,0.999859810002,1.188769642869));
#729 = CARTESIAN_POINT('',(6.489465,0.995664653272,1.249371138114));
#730 = CARTESIAN_POINT('',(6.489465,0.992462830017,1.279595527738));
#731 = CARTESIAN_POINT('',(6.489465,0.988160266211,1.309693078207));
#732 = CARTESIAN_POINT('',(6.489465,0.98276349026,1.33961379693));
#733 = CARTESIAN_POINT('',(6.489465,0.976282053073,1.369308179771));
#734 = CARTESIAN_POINT('',(6.489465,0.96117500608,1.428146243106));
#735 = CARTESIAN_POINT('',(6.489465,0.95254935475,1.457290085327));
#736 = CARTESIAN_POINT('',(6.489465,0.942864169389,1.486109727658));
#737 = CARTESIAN_POINT('',(6.489465,0.932134929274,1.51455718811));
#738 = CARTESIAN_POINT('',(6.489465,0.920379997632,1.542585512754));
#739 = CARTESIAN_POINT('',(6.489465,0.894861248508,1.597712040026));
#740 = CARTESIAN_POINT('',(6.489465,0.881097360884,1.624810394178));
#741 = CARTESIAN_POINT('',(6.489465,0.866350226485,1.651397921829));
#742 = CARTESIAN_POINT('',(6.489465,0.850643762946,1.677430240256));
#743 = CARTESIAN_POINT('',(6.489465,0.834004537817,1.702864500367));
#744 = CARTESIAN_POINT('',(6.489465,0.798919001884,1.752454274858));
#745 = CARTESIAN_POINT('',(6.489465,0.78047259464,1.776609925545));
#746 = CARTESIAN_POINT('',(6.489465,0.761151782777,1.800085036376));
#747 = CARTESIAN_POINT('',(6.489465,0.740988130383,1.822840293388));
#748 = CARTESIAN_POINT('',(6.489465,0.72001552969,1.844838371042));
#749 = CARTESIAN_POINT('',(6.489465,0.676524874656,1.887249495651));
#750 = CARTESIAN_POINT('',(6.489465,0.654006700774,1.907662659181));
#751 = CARTESIAN_POINT('',(6.489465,0.630751915607,1.927248101898));
#752 = CARTESIAN_POINT('',(6.489465,0.606798684621,1.945972880265));
#753 = CARTESIAN_POINT('',(6.489465,0.582187102573,1.963806428128));
#754 = CARTESIAN_POINT('',(6.489465,0.531731286197,1.997634687908));
#755 = CARTESIAN_POINT('',(6.489465,0.505886913183,2.013629492807));
#756 = CARTESIAN_POINT('',(6.489465,0.479468111113,2.02867680143));
#757 = CARTESIAN_POINT('',(6.489465,0.452518383193,2.042751131418));
#758 = CARTESIAN_POINT('',(6.489465,0.425082699182,2.055829688033));
#759 = CARTESIAN_POINT('',(6.489465,0.369332292858,2.079955043171));
#760 = CARTESIAN_POINT('',(6.489465,0.341017417304,2.091001908006));
#761 = CARTESIAN_POINT('',(6.489465,0.312309314038,2.101012872316));
#762 = CARTESIAN_POINT('',(6.489465,0.283255383626,2.109970758629));
#763 = CARTESIAN_POINT('',(6.489465,0.253903981901,2.117861298348));
#764 = CARTESIAN_POINT('',(6.489465,0.194704858724,2.131484968227));
#765 = CARTESIAN_POINT('',(6.489465,0.164856974553,2.137218135832));
#766 = CARTESIAN_POINT('',(6.489465,0.134810083619,2.141861296906));
#767 = CARTESIAN_POINT('',(6.489465,0.104613914439,2.145406147601));
#768 = CARTESIAN_POINT('',(6.489465,7.431860787745E-02,2.14784741789));
#769 = CARTESIAN_POINT('',(6.489465,1.36308265455E-02,2.150518328385));
#770 = CARTESIAN_POINT('',(6.489465,-1.676181503592E-02,2.150747975932)
  );
#771 = CARTESIAN_POINT('',(6.489465,-4.715265339819E-02,2.149869600609)
  );
#772 = CARTESIAN_POINT('',(6.489465,-7.749127856414E-02,2.147884047133)
  );
#773 = CARTESIAN_POINT('',(6.489465,-0.107727424783,2.144795218533));
#774 = CARTESIAN_POINT('',(6.489465,-0.167894516712,2.136424936893));
#775 = CARTESIAN_POINT('',(6.489465,-0.197825627801,2.131143460846));
#776 = CARTESIAN_POINT('',(6.489465,-0.227554185393,2.124772631774));
#777 = CARTESIAN_POINT('',(6.489465,-0.257030767105,2.117322414987));
#778 = CARTESIAN_POINT('',(6.489465,-0.286206646576,2.108805757347));
#779 = CARTESIAN_POINT('',(6.489465,-0.343860941356,2.089671420166));
#780 = CARTESIAN_POINT('',(6.489465,-0.372339515137,2.079053688031));
#781 = CARTESIAN_POINT('',(6.489465,-0.400421491605,2.067401340748));
#782 = CARTESIAN_POINT('',(6.489465,-0.428060072327,2.054733134275));
#783 = CARTESIAN_POINT('',(6.489465,-0.455209683643,2.041070630637));
#784 = CARTESIAN_POINT('',(6.489465,-0.508442271211,2.011805767973));
#785 = CARTESIAN_POINT('',(6.489465,-0.534525393782,1.996203328508));
#786 = CARTESIAN_POINT('',(6.489465,-0.560031006399,1.979655267456));
#787 = CARTESIAN_POINT('',(6.489465,-0.584916484055,1.962188510419));
#788 = CARTESIAN_POINT('',(6.489465,-0.609140914717,1.943832520677));
#789 = CARTESIAN_POINT('',(6.489465,-0.656189285923,1.905406080135));
#790 = CARTESIAN_POINT('',(6.489465,-0.679013355789,1.885335523714));
#791 = CARTESIAN_POINT('',(6.489465,-0.701098124178,1.864439648409));
#792 = CARTESIAN_POINT('',(6.489465,-0.722406550806,1.842752657972));
#793 = CARTESIAN_POINT('',(6.489465,-0.742903739846,1.820310941421));
#794 = CARTESIAN_POINT('',(6.489465,-0.78221014241,1.773995206694));
#795 = CARTESIAN_POINT('',(6.489465,-0.801019463975,1.75012106121));
#796 = CARTESIAN_POINT('',(6.489465,-0.81895217051,1.725569225517));
#797 = CARTESIAN_POINT('',(6.489465,-0.83597803284,1.700380049042));
#798 = CARTESIAN_POINT('',(6.489465,-0.852069326732,1.674595641716));
#799 = CARTESIAN_POINT('',(6.489465,-0.88233234178,1.621924107791));
#800 = CARTESIAN_POINT('',(6.489465,-0.89650414612,1.595036836414));
#801 = CARTESIAN_POINT('',(6.489465,-0.909691046238,1.567641941546));
#802 = CARTESIAN_POINT('',(6.489465,-0.92187062495,1.53978458234));
#803 = CARTESIAN_POINT('',(6.489465,-0.933023247551,1.511511195394));
#804 = CARTESIAN_POINT('',(6.489465,-0.953240879063,1.454227795163));
#805 = CARTESIAN_POINT('',(6.489465,-0.962305943544,1.425217624426));
#806 = CARTESIAN_POINT('',(6.489465,-0.970310424391,1.39588670412));
#807 = CARTESIAN_POINT('',(6.489465,-0.977240458626,1.366283507924));
#808 = CARTESIAN_POINT('',(6.489465,-0.983085151174,1.336457261607));
#809 = CARTESIAN_POINT('',(6.489465,-0.992588001659,1.276458624968));
#810 = CARTESIAN_POINT('',(6.489465,-0.996246185715,1.246286069729));
#811 = CARTESIAN_POINT('',(6.489465,-0.99880322221,1.215990258732));
#812 = CARTESIAN_POINT('',(6.489465,-1.000254261376,1.185621375234));
#813 = CARTESIAN_POINT('',(6.489465,-1.000597508498,1.155229804335));
#814 = CARTESIAN_POINT('',(6.489465,-0.999070942472,1.094502461548));
#815 = CARTESIAN_POINT('',(6.489465,-0.997201125128,1.064166522739));
#816 = CARTESIAN_POINT('',(6.489465,-0.994226054842,1.033908902933));
#817 = CARTESIAN_POINT('',(6.489465,-0.990150055628,1.003779833416));
#818 = CARTESIAN_POINT('',(6.489465,-0.984980492551,0.973829190386));
#819 = CARTESIAN_POINT('',(6.489465,-0.972475053989,0.914383798872));
#820 = CARTESIAN_POINT('',(6.489465,-0.965139144131,0.884888886991));
#821 = CARTESIAN_POINT('',(6.489465,-0.956730470421,0.855671275761));
#822 = CARTESIAN_POINT('',(6.489465,-0.947262387489,0.826779581363));
#823 = CARTESIAN_POINT('',(6.489465,-0.936751176328,0.798261519714));
#824 = CARTESIAN_POINT('',(6.489465,-0.913680915175,0.742066292015));
#825 = CARTESIAN_POINT('',(6.489465,-0.90112180177,0.714388971502));
#826 = CARTESIAN_POINT('',(6.489465,-0.887557932376,0.687178751977));
#827 = CARTESIAN_POINT('',(6.489465,-0.87301125007,0.660481024855));
#828 = CARTESIAN_POINT('',(6.489465,-0.857506412716,0.634339765916));
#829 = CARTESIAN_POINT('',(6.489465,-0.828035641635,0.588539893893));
#830 = CARTESIAN_POINT('',(6.489465,-0.814414975196,0.568658981765));
#831 = CARTESIAN_POINT('',(6.489465,-0.80022243813,0.549175998297));
#832 = CARTESIAN_POINT('',(6.489465,-0.785472643741,0.530111415462));
#833 = CARTESIAN_POINT('',(6.489465,-0.770181174154,0.511484977822));
#834 = CARTESIAN_POINT('',(6.489465,-0.660857504151,0.385899266395));
#835 = CARTESIAN_POINT('',(6.489465,-0.54893091451,0.294388945559));
#836 = CARTESIAN_POINT('',(6.489465,-0.422108677244,0.222909589612));
#837 = CARTESIAN_POINT('',(6.489465,-0.284925599825,0.174186068992));
#838 = CARTESIAN_POINT('',(6.489465,-0.142414409535,0.149849657379));
#839 = CARTESIAN_POINT('',(6.489465,-2.220779298296E-16,0.149849917972)
  );
#840 = ORIENTED_EDGE('',*,*,#841,.T.);
#841 = EDGE_CURVE('',#680,#642,#842,.T.);
#842 = CIRCLE('',#843,0.408334783403);
#843 = AXIS2_PLACEMENT_3D('',#844,#845,#846);
#844 = CARTESIAN_POINT('',(6.500535,-6.254262811657E-16,-0.258334783403)
  );
#845 = DIRECTION('',(0.,-1.,4.440892098501E-16));
#846 = DIRECTION('',(1.,0.,0.));
#847 = ORIENTED_EDGE('',*,*,#650,.F.);
#848 = ORIENTED_EDGE('',*,*,#841,.F.);
#849 = SURFACE_OF_REVOLUTION('',#850,#855);
#850 = CIRCLE('',#851,0.408334783403);
#851 = AXIS2_PLACEMENT_3D('',#852,#853,#854);
#852 = CARTESIAN_POINT('',(6.500535,-6.254262811657E-16,-0.258334783403)
  );
#853 = DIRECTION('',(0.,-1.,4.440892098501E-16));
#854 = DIRECTION('',(1.,0.,0.));
#855 = AXIS1_PLACEMENT('',#856,#857);
#856 = CARTESIAN_POINT('',(0.,0.,1.15));
#857 = DIRECTION('',(-1.,0.,-0.));
#858 = ADVANCED_FACE('',(#859),#862,.T.);
#859 = FACE_BOUND('',#860,.T.);
#860 = EDGE_LOOP('',(#861));
#861 = ORIENTED_EDGE('',*,*,#679,.T.);
#862 = PLANE('',#863);
#863 = AXIS2_PLACEMENT_3D('',#864,#865,#866);
#864 = CARTESIAN_POINT('',(6.489465,-2.5,-0.35));
#865 = DIRECTION('',(1.,0.,0.));
#866 = DIRECTION('',(0.,-1.110223024625E-16,1.));
#867 = ( GEOMETRIC_REPRESENTATION_CONTEXT(3) 
GLOBAL_UNCERTAINTY_ASSIGNED_CONTEXT((#871)) GLOBAL_UNIT_ASSIGNED_CONTEXT
((#868,#869,#870)) REPRESENTATION_CONTEXT('Context #1',
  '3D Context with UNIT and UNCERTAINTY') );
#868 = ( LENGTH_UNIT() NAMED_UNIT(*) SI_UNIT(.MILLI.,.METRE.) );
#869 = ( NAMED_UNIT(*) PLANE_ANGLE_UNIT() SI_UNIT($,.RADIAN.) );
#870 = ( NAMED_UNIT(*) SI_UNIT($,.STERADIAN.) SOLID_ANGLE_UNIT() );
#871 = UNCERTAINTY_MEASURE_WITH_UNIT(LENGTH_MEASURE(2.E-06),#868,
  'distance_accuracy_value','confusion accuracy');
#872 = CONTEXT_DEPENDENT_SHAPE_REPRESENTATION(#873,#875);
#873 = ( REPRESENTATION_RELATIONSHIP('','',#467,#10) 
REPRESENTATION_RELATIONSHIP_WITH_TRANSFORMATION(#874) 
SHAPE_REPRESENTATION_RELATIONSHIP() );
#874 = ITEM_DEFINED_TRANSFORMATION('','',#11,#23);
#875 = PRODUCT_DEFINITION_SHAPE('Placement','Placement of an item',#876
  );
#876 = NEXT_ASSEMBLY_USAGE_OCCURRENCE('29','Segment_1_MKV','',#5,#462,$
  );
#877 = PRODUCT_RELATED_PRODUCT_CATEGORY('part',$,(#464));
#878 = SHAPE_DEFINITION_REPRESENTATION(#879,#885);
#879 = PRODUCT_DEFINITION_SHAPE('','',#880);
#880 = PRODUCT_DEFINITION('design','',#881,#884);
#881 = PRODUCT_DEFINITION_FORMATION('','',#882);
#882 = PRODUCT('Band_2_MKV','Band_2_MKV','',(#883));
#883 = PRODUCT_CONTEXT('',#2,'mechanical');
#884 = PRODUCT_DEFINITION_CONTEXT('part definition',#2,'design');
#885 = ADVANCED_BREP_SHAPE_REPRESENTATION('',(#11,#886),#1027);
#886 = MANIFOLD_SOLID_BREP('',#887);
#887 = CLOSED_SHELL('',(#888,#984,#993,#1018));
#888 = ADVANCED_FACE('',(#889),#975,.T.);
#889 = FACE_BOUND('',#890,.T.);
#890 = EDGE_LOOP('',(#891,#902,#909,#910));
#891 = ORIENTED_EDGE('',*,*,#892,.F.);
#892 = EDGE_CURVE('',#893,#895,#897,.T.);
#893 = VERTEX_POINT('',#894);
#894 = CARTESIAN_POINT('',(6.500535,-4.440892098501E-16,0.15));
#895 = VERTEX_POINT('',#896);
#896 = CARTESIAN_POINT('',(6.489465,-4.440892098501E-16,0.149849917972)
  );
#897 = CIRCLE('',#898,0.408334783403);
#898 = AXIS2_PLACEMENT_3D('',#899,#900,#901);
#899 = CARTESIAN_POINT('',(6.500535,-6.254262811657E-16,-0.258334783403)
  );
#900 = DIRECTION('',(0.,-1.,4.440892098501E-16));
#901 = DIRECTION('',(1.,0.,0.));
#902 = ORIENTED_EDGE('',*,*,#903,.T.);
#903 = EDGE_CURVE('',#893,#893,#904,.T.);
#904 = CIRCLE('',#905,1.);
#905 = AXIS2_PLACEMENT_3D('',#906,#907,#908);
#906 = CARTESIAN_POINT('',(6.500535,0.,1.15));
#907 = DIRECTION('',(-1.,-0.,0.));
#908 = DIRECTION('',(0.,-4.440892098501E-16,-1.));
#909 = ORIENTED_EDGE('',*,*,#892,.T.);
#910 = ORIENTED_EDGE('',*,*,#911,.T.);
#911 = EDGE_CURVE('',#895,#895,#912,.T.);
#912 = B_SPLINE_CURVE_WITH_KNOTS('',7,(#913,#914,#915,#916,#917,#918,
    #919,#920,#921,#922,#923,#924,#925,#926,#927,#928,#929,#930,#931,
    #932,#933,#934,#935,#936,#937,#938,#939,#940,#941,#942,#943,#944,
    #945,#946,#947,#948,#949,#950,#951,#952,#953,#954,#955,#956,#957,
    #958,#959,#960,#961,#962,#963,#964,#965,#966,#967,#968,#969,#970,
    #971,#972,#973,#974),.UNSPECIFIED.,.T.,.F.,(8,6,6,6,6,6,6,6,6,6,8),(
    0.,3.900592180713E-02,5.800882912767E-02,8.00121942636E-02,
    0.184021797822,0.325015361448,0.467008098678,0.608001662304,
    0.749994399534,0.883993044314,1.),.UNSPECIFIED.);
#913 = CARTESIAN_POINT('',(6.489465,-2.220779298296E-16,0.149849917972)
  );
#914 = CARTESIAN_POINT('',(6.489465,3.50115283363E-02,0.149849917972));
#915 = CARTESIAN_POINT('',(6.489465,7.002327507571E-02,0.151279828921));
#916 = CARTESIAN_POINT('',(6.489465,0.104964725663,0.154139619365));
#917 = CARTESIAN_POINT('',(6.489465,0.139765890263,0.158424996648));
#918 = CARTESIAN_POINT('',(6.489465,0.174357303759,0.164127406914));
#919 = CARTESIAN_POINT('',(6.489465,0.208670025757,0.1712340351));
#920 = CARTESIAN_POINT('',(6.489465,0.259183010842,0.183865800244));
#921 = CARTESIAN_POINT('',(6.489465,0.275648054213,0.18833303615));
#922 = CARTESIAN_POINT('',(6.489465,0.292022898188,0.193127543553));
#923 = CARTESIAN_POINT('',(6.489465,0.308299742826,0.198247122649));
#924 = CARTESIAN_POINT('',(6.489465,0.324470860748,0.203689342933));
#925 = CARTESIAN_POINT('',(6.489465,0.340528597135,0.209451543204));
#926 = CARTESIAN_POINT('',(6.489465,0.374918473806,0.222570007158));
#927 = CARTESIAN_POINT('',(6.489465,0.393209418424,0.230034316677));
#928 = CARTESIAN_POINT('',(6.489465,0.411326427452,0.237919266874));
#929 = CARTESIAN_POINT('',(6.489465,0.429257907376,0.246219970006));
#930 = CARTESIAN_POINT('',(6.489465,0.446992447301,0.25493114383));
#931 = CARTESIAN_POINT('',(6.489465,0.464518818951,0.2640471116));
#932 = CARTESIAN_POINT('',(6.489465,0.563636672533,0.318537612722));
#933 = CARTESIAN_POINT('',(6.489465,0.640564861673,0.372431354592));
#934 = CARTESIAN_POINT('',(6.489465,0.71141481658,0.434592916026));
#935 = CARTESIAN_POINT('',(6.489465,0.775139683445,0.50418515951));
#936 = CARTESIAN_POINT('',(6.489465,0.830836650674,0.580222148351));
#937 = CARTESIAN_POINT('',(6.489465,0.877763784807,0.661587532753));
#938 = CARTESIAN_POINT('',(6.489465,0.966368416864,0.862861575942));
#939 = CARTESIAN_POINT('',(6.489465,1.000290860033,0.986290063249));
#940 = CARTESIAN_POINT('',(6.489465,1.015716302338,1.114172968631));
#941 = CARTESIAN_POINT('',(6.489465,1.012067839417,1.243176560512));
#942 = CARTESIAN_POINT('',(6.489465,0.989439299511,1.369983228085));
#943 = CARTESIAN_POINT('',(6.489465,0.948595082452,1.491297174366));
#944 = CARTESIAN_POINT('',(6.489465,0.833278251118,1.717619199004));
#945 = CARTESIAN_POINT('',(6.489465,0.75849560851,1.822650392511));
#946 = CARTESIAN_POINT('',(6.489465,0.66835730832,1.915986550721));
#947 = CARTESIAN_POINT('',(6.489465,0.565134024618,1.995020959319));
#948 = CARTESIAN_POINT('',(6.489465,0.451517201247,2.057692875181));
#949 = CARTESIAN_POINT('',(6.489465,0.330615598388,2.102490170535));
#950 = CARTESIAN_POINT('',(6.489465,8.204905535198E-02,2.154780744341));
#951 = CARTESIAN_POINT('',(6.489465,-4.571906802008E-02,2.16256728906));
#952 = CARTESIAN_POINT('',(6.489465,-0.174038359015,2.151336023822));
#953 = CARTESIAN_POINT('',(6.489465,-0.29952772852,2.121208691713));
#954 = CARTESIAN_POINT('',(6.489465,-0.418959941694,2.072960083271));
#955 = CARTESIAN_POINT('',(6.489465,-0.529267155874,2.008016706944));
#956 = CARTESIAN_POINT('',(6.489465,-0.72700214368,1.848578615439));
#957 = CARTESIAN_POINT('',(6.489465,-0.814388714108,1.75377575391));
#958 = CARTESIAN_POINT('',(6.489465,-0.887169590587,1.646353709575));
#959 = CARTESIAN_POINT('',(6.489465,-0.943261339158,1.529071145724));
#960 = CARTESIAN_POINT('',(6.489465,-0.981201423597,1.404986087869));
#961 = CARTESIAN_POINT('',(6.489465,-1.000150082028,1.27745199992));
#962 = CARTESIAN_POINT('',(6.489465,-1.000150082028,1.029723459122));
#963 = CARTESIAN_POINT('',(6.489465,-0.983274994368,0.909385368508));
#964 = CARTESIAN_POINT('',(6.489465,-0.949494481949,0.791939073355));
#965 = CARTESIAN_POINT('',(6.489465,-0.899466970796,0.680205824971));
#966 = CARTESIAN_POINT('',(6.489465,-0.834357169021,0.576786924486));
#967 = CARTESIAN_POINT('',(6.489465,-0.755831044516,0.484052505815));
#968 = CARTESIAN_POINT('',(6.489465,-0.588438996082,0.334596893325));
#969 = CARTESIAN_POINT('',(6.489465,-0.502319778815,0.274661142041));
#970 = CARTESIAN_POINT('',(6.489465,-0.409163544676,0.225414040138));
#971 = CARTESIAN_POINT('',(6.489465,-0.31057329855,0.187805513581));
#972 = CARTESIAN_POINT('',(6.489465,-0.208285076248,0.162497795722));
#973 = CARTESIAN_POINT('',(6.489465,-0.104127287039,0.149849917972));
#974 = CARTESIAN_POINT('',(6.489465,-2.220779298296E-16,0.149849917972)
  );
#975 = SURFACE_OF_REVOLUTION('',#976,#981);
#976 = CIRCLE('',#977,0.408334783403);
#977 = AXIS2_PLACEMENT_3D('',#978,#979,#980);
#978 = CARTESIAN_POINT('',(6.500535,-6.254262811657E-16,-0.258334783403)
  );
#979 = DIRECTION('',(0.,-1.,4.440892098501E-16));
#980 = DIRECTION('',(1.,0.,0.));
#981 = AXIS1_PLACEMENT('',#982,#983);
#982 = CARTESIAN_POINT('',(0.,0.,1.15));
#983 = DIRECTION('',(-1.,0.,-0.));
#984 = ADVANCED_FACE('',(#985),#988,.T.);
#985 = FACE_BOUND('',#986,.T.);
#986 = EDGE_LOOP('',(#987));
#987 = ORIENTED_EDGE('',*,*,#911,.F.);
#988 = PLANE('',#989);
#989 = AXIS2_PLACEMENT_3D('',#990,#991,#992);
#990 = CARTESIAN_POINT('',(6.489465,-2.5,2.65));
#991 = DIRECTION('',(-1.,0.,0.));
#992 = DIRECTION('',(0.,1.110223024625E-16,-1.));
#993 = ADVANCED_FACE('',(#994),#1013,.T.);
#994 = FACE_BOUND('',#995,.T.);
#995 = EDGE_LOOP('',(#996,#1005,#1011,#1012));
#996 = ORIENTED_EDGE('',*,*,#997,.T.);
#997 = EDGE_CURVE('',#998,#998,#1000,.T.);
#998 = VERTEX_POINT('',#999);
#999 = CARTESIAN_POINT('',(6.989465,-4.440892098501E-16,0.15));
#1000 = CIRCLE('',#1001,1.);
#1001 = AXIS2_PLACEMENT_3D('',#1002,#1003,#1004);
#1002 = CARTESIAN_POINT('',(6.989465,0.,1.15));
#1003 = DIRECTION('',(-1.,-0.,0.));
#1004 = DIRECTION('',(0.,-4.440892098501E-16,-1.));
#1005 = ORIENTED_EDGE('',*,*,#1006,.T.);
#1006 = EDGE_CURVE('',#998,#893,#1007,.T.);
#1007 = LINE('',#1008,#1009);
#1008 = CARTESIAN_POINT('',(8.739465,-4.440892098501E-16,0.15));
#1009 = VECTOR('',#1010,1.);
#1010 = DIRECTION('',(-1.,0.,0.));
#1011 = ORIENTED_EDGE('',*,*,#903,.F.);
#1012 = ORIENTED_EDGE('',*,*,#1006,.F.);
#1013 = CYLINDRICAL_SURFACE('',#1014,1.);
#1014 = AXIS2_PLACEMENT_3D('',#1015,#1016,#1017);
#1015 = CARTESIAN_POINT('',(8.739465,0.,1.15));
#1016 = DIRECTION('',(-1.,0.,-0.));
#1017 = DIRECTION('',(0.,-4.440892098501E-16,-1.));
#1018 = ADVANCED_FACE('',(#1019),#1022,.T.);
#1019 = FACE_BOUND('',#1020,.T.);
#1020 = EDGE_LOOP('',(#1021));
#1021 = ORIENTED_EDGE('',*,*,#997,.F.);
#1022 = PLANE('',#1023);
#1023 = AXIS2_PLACEMENT_3D('',#1024,#1025,#1026);
#1024 = CARTESIAN_POINT('',(6.989465,-2.5,-0.35));
#1025 = DIRECTION('',(1.,0.,0.));
#1026 = DIRECTION('',(0.,-1.110223024625E-16,1.));
#1027 = ( GEOMETRIC_REPRESENTATION_CONTEXT(3) 
GLOBAL_UNCERTAINTY_ASSIGNED_CONTEXT((#1031)) 
GLOBAL_UNIT_ASSIGNED_CONTEXT((#1028,#1029,#1030)) REPRESENTATION_CONTEXT
('Context #1','3D Context with UNIT and UNCERTAINTY') );
#1028 = ( LENGTH_UNIT() NAMED_UNIT(*) SI_UNIT(.MILLI.,.METRE.) );
#1029 = ( NAMED_UNIT(*) PLANE_ANGLE_UNIT() SI_UNIT($,.RADIAN.) );
#1030 = ( NAMED_UNIT(*) SI_UNIT($,.STERADIAN.) SOLID_ANGLE_UNIT() );
#1031 = UNCERTAINTY_MEASURE_WITH_UNIT(LENGTH_MEASURE(1.E-06),#1028,
  'distance_accuracy_value','confusion accuracy');
#1032 = CONTEXT_DEPENDENT_SHAPE_REPRESENTATION(#1033,#1035);
#1033 = ( REPRESENTATION_RELATIONSHIP('','',#885,#10) 
REPRESENTATION_RELATIONSHIP_WITH_TRANSFORMATION(#1034) 
SHAPE_REPRESENTATION_RELATIONSHIP() );
#1034 = ITEM_DEFINED_TRANSFORMATION('','',#11,#27);
#1035 = PRODUCT_DEFINITION_SHAPE('Placement','Placement of an item',
  #1036);
#1036 = NEXT_ASSEMBLY_USAGE_OCCURRENCE('30','Band_2_MKV','',#5,#880,$);
#1037 = PRODUCT_RELATED_PRODUCT_CATEGORY('part',$,(#882));
#1038 = SHAPE_DEFINITION_REPRESENTATION(#1039,#1045);
#1039 = PRODUCT_DEFINITION_SHAPE('','',#1040);
#1040 = PRODUCT_DEFINITION('design','',#1041,#1044);
#1041 = PRODUCT_DEFINITION_FORMATION('','',#1042);
#1042 = PRODUCT('Segment_2_MKV','Segment_2_MKV','',(#1043));
#1043 = PRODUCT_CONTEXT('',#2,'mechanical');
#1044 = PRODUCT_DEFINITION_CONTEXT('part definition',#2,'design');
#1045 = ADVANCED_BREP_SHAPE_REPRESENTATION('',(#11,#1046),#1099);
#1046 = MANIFOLD_SOLID_BREP('',#1047);
#1047 = CLOSED_SHELL('',(#1048,#1081,#1090));
#1048 = ADVANCED_FACE('',(#1049),#1076,.T.);
#1049 = FACE_BOUND('',#1050,.T.);
#1050 = EDGE_LOOP('',(#1051,#1060,#1068,#1075));
#1051 = ORIENTED_EDGE('',*,*,#1052,.T.);
#1052 = EDGE_CURVE('',#1053,#1053,#1055,.T.);
#1053 = VERTEX_POINT('',#1054);
#1054 = CARTESIAN_POINT('',(7.389465,-4.440892098501E-16,0.15));
#1055 = CIRCLE('',#1056,1.);
#1056 = AXIS2_PLACEMENT_3D('',#1057,#1058,#1059);
#1057 = CARTESIAN_POINT('',(7.389465,0.,1.15));
#1058 = DIRECTION('',(-1.,-0.,0.));
#1059 = DIRECTION('',(0.,-4.440892098501E-16,-1.));
#1060 = ORIENTED_EDGE('',*,*,#1061,.T.);
#1061 = EDGE_CURVE('',#1053,#1062,#1064,.T.);
#1062 = VERTEX_POINT('',#1063);
#1063 = CARTESIAN_POINT('',(6.989465,-4.440892098501E-16,0.15));
#1064 = LINE('',#1065,#1066);
#1065 = CARTESIAN_POINT('',(8.739465,-4.440892098501E-16,0.15));
#1066 = VECTOR('',#1067,1.);
#1067 = DIRECTION('',(-1.,0.,0.));
#1068 = ORIENTED_EDGE('',*,*,#1069,.F.);
#1069 = EDGE_CURVE('',#1062,#1062,#1070,.T.);
#1070 = CIRCLE('',#1071,1.);
#1071 = AXIS2_PLACEMENT_3D('',#1072,#1073,#1074);
#1072 = CARTESIAN_POINT('',(6.989465,0.,1.15));
#1073 = DIRECTION('',(-1.,-0.,0.));
#1074 = DIRECTION('',(0.,-4.440892098501E-16,-1.));
#1075 = ORIENTED_EDGE('',*,*,#1061,.F.);
#1076 = CYLINDRICAL_SURFACE('',#1077,1.);
#1077 = AXIS2_PLACEMENT_3D('',#1078,#1079,#1080);
#1078 = CARTESIAN_POINT('',(8.739465,0.,1.15));
#1079 = DIRECTION('',(-1.,0.,-0.));
#1080 = DIRECTION('',(0.,-4.440892098501E-16,-1.));
#1081 = ADVANCED_FACE('',(#1082),#1085,.F.);
#1082 = FACE_BOUND('',#1083,.F.);
#1083 = EDGE_LOOP('',(#1084));
#1084 = ORIENTED_EDGE('',*,*,#1052,.T.);
#1085 = PLANE('',#1086);
#1086 = AXIS2_PLACEMENT_3D('',#1087,#1088,#1089);
#1087 = CARTESIAN_POINT('',(7.389465,-2.5,2.65));
#1088 = DIRECTION('',(-1.,0.,0.));
#1089 = DIRECTION('',(0.,1.110223024625E-16,-1.));
#1090 = ADVANCED_FACE('',(#1091),#1094,.T.);
#1091 = FACE_BOUND('',#1092,.T.);
#1092 = EDGE_LOOP('',(#1093));
#1093 = ORIENTED_EDGE('',*,*,#1069,.T.);
#1094 = PLANE('',#1095);
#1095 = AXIS2_PLACEMENT_3D('',#1096,#1097,#1098);
#1096 = CARTESIAN_POINT('',(6.989465,-2.5,2.65));
#1097 = DIRECTION('',(-1.,0.,0.));
#1098 = DIRECTION('',(0.,1.110223024625E-16,-1.));
#1099 = ( GEOMETRIC_REPRESENTATION_CONTEXT(3) 
GLOBAL_UNCERTAINTY_ASSIGNED_CONTEXT((#1103)) 
GLOBAL_UNIT_ASSIGNED_CONTEXT((#1100,#1101,#1102)) REPRESENTATION_CONTEXT
('Context #1','3D Context with UNIT and UNCERTAINTY') );
#1100 = ( LENGTH_UNIT() NAMED_UNIT(*) SI_UNIT(.MILLI.,.METRE.) );
#1101 = ( NAMED_UNIT(*) PLANE_ANGLE_UNIT() SI_UNIT($,.RADIAN.) );
#1102 = ( NAMED_UNIT(*) SI_UNIT($,.STERADIAN.) SOLID_ANGLE_UNIT() );
#1103 = UNCERTAINTY_MEASURE_WITH_UNIT(LENGTH_MEASURE(1.E-07),#1100,
  'distance_accuracy_value','confusion accuracy');
#1104 = CONTEXT_DEPENDENT_SHAPE_REPRESENTATION(#1105,#1107);
#1105 = ( REPRESENTATION_RELATIONSHIP('','',#1045,#10) 
REPRESENTATION_RELATIONSHIP_WITH_TRANSFORMATION(#1106) 
SHAPE_REPRESENTATION_RELATIONSHIP() );
#1106 = ITEM_DEFINED_TRANSFORMATION('','',#11,#31);
#1107 = PRODUCT_DEFINITION_SHAPE('Placement','Placement of an item',
  #1108);
#1108 = NEXT_ASSEMBLY_USAGE_OCCURRENCE('31','Segment_2_MKV','',#5,#1040,
  $);
#1109 = PRODUCT_RELATED_PRODUCT_CATEGORY('part',$,(#1042));
#1110 = SHAPE_DEFINITION_REPRESENTATION(#1111,#1117);
#1111 = PRODUCT_DEFINITION_SHAPE('','',#1112);
#1112 = PRODUCT_DEFINITION('design','',#1113,#1116);
#1113 = PRODUCT_DEFINITION_FORMATION('','',#1114);
#1114 = PRODUCT('Band_3_MKV','Band_3_MKV','',(#1115));
#1115 = PRODUCT_CONTEXT('',#2,'mechanical');
#1116 = PRODUCT_DEFINITION_CONTEXT('part definition',#2,'design');
#1117 = ADVANCED_BREP_SHAPE_REPRESENTATION('',(#11,#1118),#1171);
#1118 = MANIFOLD_SOLID_BREP('',#1119);
#1119 = CLOSED_SHELL('',(#1120,#1153,#1162));
#1120 = ADVANCED_FACE('',(#1121),#1148,.T.);
#1121 = FACE_BOUND('',#1122,.T.);
#1122 = EDGE_LOOP('',(#1123,#1132,#1140,#1147));
#1123 = ORIENTED_EDGE('',*,*,#1124,.T.);
#1124 = EDGE_CURVE('',#1125,#1125,#1127,.T.);
#1125 = VERTEX_POINT('',#1126);
#1126 = CARTESIAN_POINT('',(7.889465,-4.440892098501E-16,0.15));
#1127 = CIRCLE('',#1128,1.);
#1128 = AXIS2_PLACEMENT_3D('',#1129,#1130,#1131);
#1129 = CARTESIAN_POINT('',(7.889465,0.,1.15));
#1130 = DIRECTION('',(-1.,-0.,0.));
#1131 = DIRECTION('',(0.,-4.440892098501E-16,-1.));
#1132 = ORIENTED_EDGE('',*,*,#1133,.T.);
#1133 = EDGE_CURVE('',#1125,#1134,#1136,.T.);
#1134 = VERTEX_POINT('',#1135);
#1135 = CARTESIAN_POINT('',(7.389465,-4.440892098501E-16,0.15));
#1136 = LINE('',#1137,#1138);
#1137 = CARTESIAN_POINT('',(8.739465,-4.440892098501E-16,0.15));
#1138 = VECTOR('',#1139,1.);
#1139 = DIRECTION('',(-1.,0.,0.));
#1140 = ORIENTED_EDGE('',*,*,#1141,.F.);
#1141 = EDGE_CURVE('',#1134,#1134,#1142,.T.);
#1142 = CIRCLE('',#1143,1.);
#1143 = AXIS2_PLACEMENT_3D('',#1144,#1145,#1146);
#1144 = CARTESIAN_POINT('',(7.389465,0.,1.15));
#1145 = DIRECTION('',(-1.,-0.,0.));
#1146 = DIRECTION('',(0.,-4.440892098501E-16,-1.));
#1147 = ORIENTED_EDGE('',*,*,#1133,.F.);
#1148 = CYLINDRICAL_SURFACE('',#1149,1.);
#1149 = AXIS2_PLACEMENT_3D('',#1150,#1151,#1152);
#1150 = CARTESIAN_POINT('',(8.739465,0.,1.15));
#1151 = DIRECTION('',(-1.,0.,-0.));
#1152 = DIRECTION('',(0.,-4.440892098501E-16,-1.));
#1153 = ADVANCED_FACE('',(#1154),#1157,.T.);
#1154 = FACE_BOUND('',#1155,.T.);
#1155 = EDGE_LOOP('',(#1156));
#1156 = ORIENTED_EDGE('',*,*,#1124,.F.);
#1157 = PLANE('',#1158);
#1158 = AXIS2_PLACEMENT_3D('',#1159,#1160,#1161);
#1159 = CARTESIAN_POINT('',(7.889465,-2.5,-0.35));
#1160 = DIRECTION('',(1.,0.,0.));
#1161 = DIRECTION('',(0.,-1.110223024625E-16,1.));
#1162 = ADVANCED_FACE('',(#1163),#1166,.T.);
#1163 = FACE_BOUND('',#1164,.T.);
#1164 = EDGE_LOOP('',(#1165));
#1165 = ORIENTED_EDGE('',*,*,#1141,.T.);
#1166 = PLANE('',#1167);
#1167 = AXIS2_PLACEMENT_3D('',#1168,#1169,#1170);
#1168 = CARTESIAN_POINT('',(7.389465,-2.5,2.65));
#1169 = DIRECTION('',(-1.,0.,0.));
#1170 = DIRECTION('',(0.,1.110223024625E-16,-1.));
#1171 = ( GEOMETRIC_REPRESENTATION_CONTEXT(3) 
GLOBAL_UNCERTAINTY_ASSIGNED_CONTEXT((#1175)) 
GLOBAL_UNIT_ASSIGNED_CONTEXT((#1172,#1173,#1174)) REPRESENTATION_CONTEXT
('Context #1','3D Context with UNIT and UNCERTAINTY') );
#1172 = ( LENGTH_UNIT() NAMED_UNIT(*) SI_UNIT(.MILLI.,.METRE.) );
#1173 = ( NAMED_UNIT(*) PLANE_ANGLE_UNIT() SI_UNIT($,.RADIAN.) );
#1174 = ( NAMED_UNIT(*) SI_UNIT($,.STERADIAN.) SOLID_ANGLE_UNIT() );
#1175 = UNCERTAINTY_MEASURE_WITH_UNIT(LENGTH_MEASURE(1.E-07),#1172,
  'distance_accuracy_value','confusion accuracy');
#1176 = CONTEXT_DEPENDENT_SHAPE_REPRESENTATION(#1177,#1179);
#1177 = ( REPRESENTATION_RELATIONSHIP('','',#1117,#10) 
REPRESENTATION_RELATIONSHIP_WITH_TRANSFORMATION(#1178) 
SHAPE_REPRESENTATION_RELATIONSHIP() );
#1178 = ITEM_DEFINED_TRANSFORMATION('','',#11,#35);
#1179 = PRODUCT_DEFINITION_SHAPE('Placement','Placement of an item',
  #1180);
#1180 = NEXT_ASSEMBLY_USAGE_OCCURRENCE('32','Band_3_MKV','',#5,#1112,$);
#1181 = PRODUCT_RELATED_PRODUCT_CATEGORY('part',$,(#1114));
#1182 = SHAPE_DEFINITION_REPRESENTATION(#1183,#1189);
#1183 = PRODUCT_DEFINITION_SHAPE('','',#1184);
#1184 = PRODUCT_DEFINITION('design','',#1185,#1188);
#1185 = PRODUCT_DEFINITION_FORMATION('','',#1186);
#1186 = PRODUCT('Segment_3_MKV','Segment_3_MKV','',(#1187));
#1187 = PRODUCT_CONTEXT('',#2,'mechanical');
#1188 = PRODUCT_DEFINITION_CONTEXT('part definition',#2,'design');
#1189 = ADVANCED_BREP_SHAPE_REPRESENTATION('',(#11,#1190),#1243);
#1190 = MANIFOLD_SOLID_BREP('',#1191);
#1191 = CLOSED_SHELL('',(#1192,#1225,#1234));
#1192 = ADVANCED_FACE('',(#1193),#1220,.T.);
#1193 = FACE_BOUND('',#1194,.T.);
#1194 = EDGE_LOOP('',(#1195,#1204,#1212,#1219));
#1195 = ORIENTED_EDGE('',*,*,#1196,.T.);
#1196 = EDGE_CURVE('',#1197,#1197,#1199,.T.);
#1197 = VERTEX_POINT('',#1198);
#1198 = CARTESIAN_POINT('',(8.289465,-4.440892098501E-16,0.15));
#1199 = CIRCLE('',#1200,1.);
#1200 = AXIS2_PLACEMENT_3D('',#1201,#1202,#1203);
#1201 = CARTESIAN_POINT('',(8.289465,0.,1.15));
#1202 = DIRECTION('',(-1.,-0.,0.));
#1203 = DIRECTION('',(0.,-4.440892098501E-16,-1.));
#1204 = ORIENTED_EDGE('',*,*,#1205,.T.);
#1205 = EDGE_CURVE('',#1197,#1206,#1208,.T.);
#1206 = VERTEX_POINT('',#1207);
#1207 = CARTESIAN_POINT('',(7.889465,-4.440892098501E-16,0.15));
#1208 = LINE('',#1209,#1210);
#1209 = CARTESIAN_POINT('',(8.739465,-4.440892098501E-16,0.15));
#1210 = VECTOR('',#1211,1.);
#1211 = DIRECTION('',(-1.,0.,0.));
#1212 = ORIENTED_EDGE('',*,*,#1213,.F.);
#1213 = EDGE_CURVE('',#1206,#1206,#1214,.T.);
#1214 = CIRCLE('',#1215,1.);
#1215 = AXIS2_PLACEMENT_3D('',#1216,#1217,#1218);
#1216 = CARTESIAN_POINT('',(7.889465,0.,1.15));
#1217 = DIRECTION('',(-1.,-0.,0.));
#1218 = DIRECTION('',(0.,-4.440892098501E-16,-1.));
#1219 = ORIENTED_EDGE('',*,*,#1205,.F.);
#1220 = CYLINDRICAL_SURFACE('',#1221,1.);
#1221 = AXIS2_PLACEMENT_3D('',#1222,#1223,#1224);
#1222 = CARTESIAN_POINT('',(8.739465,0.,1.15));
#1223 = DIRECTION('',(-1.,0.,-0.));
#1224 = DIRECTION('',(0.,-4.440892098501E-16,-1.));
#1225 = ADVANCED_FACE('',(#1226),#1229,.T.);
#1226 = FACE_BOUND('',#1227,.T.);
#1227 = EDGE_LOOP('',(#1228));
#1228 = ORIENTED_EDGE('',*,*,#1196,.F.);
#1229 = PLANE('',#1230);
#1230 = AXIS2_PLACEMENT_3D('',#1231,#1232,#1233);
#1231 = CARTESIAN_POINT('',(8.289465,-2.5,-0.35));
#1232 = DIRECTION('',(1.,0.,0.));
#1233 = DIRECTION('',(0.,-1.110223024625E-16,1.));
#1234 = ADVANCED_FACE('',(#1235),#1238,.T.);
#1235 = FACE_BOUND('',#1236,.T.);
#1236 = EDGE_LOOP('',(#1237));
#1237 = ORIENTED_EDGE('',*,*,#1213,.T.);
#1238 = PLANE('',#1239);
#1239 = AXIS2_PLACEMENT_3D('',#1240,#1241,#1242);
#1240 = CARTESIAN_POINT('',(7.889465,-2.5,2.65));
#1241 = DIRECTION('',(-1.,0.,0.));
#1242 = DIRECTION('',(0.,1.110223024625E-16,-1.));
#1243 = ( GEOMETRIC_REPRESENTATION_CONTEXT(3) 
GLOBAL_UNCERTAINTY_ASSIGNED_CONTEXT((#1247)) 
GLOBAL_UNIT_ASSIGNED_CONTEXT((#1244,#1245,#1246)) REPRESENTATION_CONTEXT
('Context #1','3D Context with UNIT and UNCERTAINTY') );
#1244 = ( LENGTH_UNIT() NAMED_UNIT(*) SI_UNIT(.MILLI.,.METRE.) );
#1245 = ( NAMED_UNIT(*) PLANE_ANGLE_UNIT() SI_UNIT($,.RADIAN.) );
#1246 = ( NAMED_UNIT(*) SI_UNIT($,.STERADIAN.) SOLID_ANGLE_UNIT() );
#1247 = UNCERTAINTY_MEASURE_WITH_UNIT(LENGTH_MEASURE(1.E-07),#1244,
  'distance_accuracy_value','confusion accuracy');
#1248 = CONTEXT_DEPENDENT_SHAPE_REPRESENTATION(#1249,#1251);
#1249 = ( REPRESENTATION_RELATIONSHIP('','',#1189,#10) 
REPRESENTATION_RELATIONSHIP_WITH_TRANSFORMATION(#1250) 
SHAPE_REPRESENTATION_RELATIONSHIP() );
#1250 = ITEM_DEFINED_TRANSFORMATION('','',#11,#39);
#1251 = PRODUCT_DEFINITION_SHAPE('Placement','Placement of an item',
  #1252);
#1252 = NEXT_ASSEMBLY_USAGE_OCCURRENCE('33','Segment_3_MKV','',#5,#1184,
  $);
#1253 = PRODUCT_RELATED_PRODUCT_CATEGORY('part',$,(#1186));
#1254 = SHAPE_DEFINITION_REPRESENTATION(#1255,#1261);
#1255 = PRODUCT_DEFINITION_SHAPE('','',#1256);
#1256 = PRODUCT_DEFINITION('design','',#1257,#1260);
#1257 = PRODUCT_DEFINITION_FORMATION('','',#1258);
#1258 = PRODUCT('Band_4_MKV','Band_4_MKV','',(#1259));
#1259 = PRODUCT_CONTEXT('',#2,'mechanical');
#1260 = PRODUCT_DEFINITION_CONTEXT('part definition',#2,'design');
#1261 = ADVANCED_BREP_SHAPE_REPRESENTATION('',(#11,#1262),#1529);
#1262 = MANIFOLD_SOLID_BREP('',#1263);
#1263 = CLOSED_SHELL('',(#1264,#1297,#1306,#1520));
#1264 = ADVANCED_FACE('',(#1265),#1292,.T.);
#1265 = FACE_BOUND('',#1266,.T.);
#1266 = EDGE_LOOP('',(#1267,#1277,#1284,#1285));
#1267 = ORIENTED_EDGE('',*,*,#1268,.F.);
#1268 = EDGE_CURVE('',#1269,#1271,#1273,.T.);
#1269 = VERTEX_POINT('',#1270);
#1270 = CARTESIAN_POINT('',(8.739465,-4.440892098501E-16,0.15));
#1271 = VERTEX_POINT('',#1272);
#1272 = CARTESIAN_POINT('',(8.289465,-4.440892098501E-16,0.15));
#1273 = LINE('',#1274,#1275);
#1274 = CARTESIAN_POINT('',(8.739465,-4.440892098501E-16,0.15));
#1275 = VECTOR('',#1276,1.);
#1276 = DIRECTION('',(-1.,0.,0.));
#1277 = ORIENTED_EDGE('',*,*,#1278,.T.);
#1278 = EDGE_CURVE('',#1269,#1269,#1279,.T.);
#1279 = CIRCLE('',#1280,1.);
#1280 = AXIS2_PLACEMENT_3D('',#1281,#1282,#1283);
#1281 = CARTESIAN_POINT('',(8.739465,0.,1.15));
#1282 = DIRECTION('',(-1.,-0.,0.));
#1283 = DIRECTION('',(0.,-4.440892098501E-16,-1.));
#1284 = ORIENTED_EDGE('',*,*,#1268,.T.);
#1285 = ORIENTED_EDGE('',*,*,#1286,.F.);
#1286 = EDGE_CURVE('',#1271,#1271,#1287,.T.);
#1287 = CIRCLE('',#1288,1.);
#1288 = AXIS2_PLACEMENT_3D('',#1289,#1290,#1291);
#1289 = CARTESIAN_POINT('',(8.289465,0.,1.15));
#1290 = DIRECTION('',(-1.,-0.,0.));
#1291 = DIRECTION('',(0.,-4.440892098501E-16,-1.));
#1292 = CYLINDRICAL_SURFACE('',#1293,1.);
#1293 = AXIS2_PLACEMENT_3D('',#1294,#1295,#1296);
#1294 = CARTESIAN_POINT('',(8.739465,0.,1.15));
#1295 = DIRECTION('',(-1.,0.,-0.));
#1296 = DIRECTION('',(0.,-4.440892098501E-16,-1.));
#1297 = ADVANCED_FACE('',(#1298),#1301,.T.);
#1298 = FACE_BOUND('',#1299,.T.);
#1299 = EDGE_LOOP('',(#1300));
#1300 = ORIENTED_EDGE('',*,*,#1286,.T.);
#1301 = PLANE('',#1302);
#1302 = AXIS2_PLACEMENT_3D('',#1303,#1304,#1305);
#1303 = CARTESIAN_POINT('',(8.289465,-2.5,2.65));
#1304 = DIRECTION('',(-1.,0.,0.));
#1305 = DIRECTION('',(0.,1.110223024625E-16,-1.));
#1306 = ADVANCED_FACE('',(#1307),#1511,.T.);
#1307 = FACE_BOUND('',#1308,.T.);
#1308 = EDGE_LOOP('',(#1309,#1502,#1509,#1510));
#1309 = ORIENTED_EDGE('',*,*,#1310,.F.);
#1310 = EDGE_CURVE('',#1311,#1311,#1313,.T.);
#1311 = VERTEX_POINT('',#1312);
#1312 = CARTESIAN_POINT('',(8.789465,-4.440892098501E-16,0.146927224854)
  );
#1313 = B_SPLINE_CURVE_WITH_KNOTS('',7,(#1314,#1315,#1316,#1317,#1318,
    #1319,#1320,#1321,#1322,#1323,#1324,#1325,#1326,#1327,#1328,#1329,
    #1330,#1331,#1332,#1333,#1334,#1335,#1336,#1337,#1338,#1339,#1340,
    #1341,#1342,#1343,#1344,#1345,#1346,#1347,#1348,#1349,#1350,#1351,
    #1352,#1353,#1354,#1355,#1356,#1357,#1358,#1359,#1360,#1361,#1362,
    #1363,#1364,#1365,#1366,#1367,#1368,#1369,#1370,#1371,#1372,#1373,
    #1374,#1375,#1376,#1377,#1378,#1379,#1380,#1381,#1382,#1383,#1384,
    #1385,#1386,#1387,#1388,#1389,#1390,#1391,#1392,#1393,#1394,#1395,
    #1396,#1397,#1398,#1399,#1400,#1401,#1402,#1403,#1404,#1405,#1406,
    #1407,#1408,#1409,#1410,#1411,#1412,#1413,#1414,#1415,#1416,#1417,
    #1418,#1419,#1420,#1421,#1422,#1423,#1424,#1425,#1426,#1427,#1428,
    #1429,#1430,#1431,#1432,#1433,#1434,#1435,#1436,#1437,#1438,#1439,
    #1440,#1441,#1442,#1443,#1444,#1445,#1446,#1447,#1448,#1449,#1450,
    #1451,#1452,#1453,#1454,#1455,#1456,#1457,#1458,#1459,#1460,#1461,
    #1462,#1463,#1464,#1465,#1466,#1467,#1468,#1469,#1470,#1471,#1472,
    #1473,#1474,#1475,#1476,#1477,#1478,#1479,#1480,#1481,#1482,#1483,
    #1484,#1485,#1486,#1487,#1488,#1489,#1490,#1491,#1492,#1493,#1494,
    #1495,#1496,#1497,#1498,#1499,#1500,#1501),.UNSPECIFIED.,.T.,.F.,(8,
    6,6,6,6,6,6,6,6,6,6,6,6,6,6,6,6,6,6,6,6,6,6,6,6,6,6,6,6,6,6,8),(0.,
    2.90009002494E-02,5.800180049879E-02,8.70027007482E-02,
    0.116003600998,0.145004501247,0.174005401496,0.203006301746,
    0.232007201995,0.261008102245,0.290009002494,0.319009902743,
    0.348010802993,0.377011703242,0.406012603492,0.435013503741,
    0.464014403991,0.49301530424,0.522016204489,0.551017104739,
    0.579017973945,0.608018874194,0.637019774444,0.666020674693,
    0.695021574942,0.724022475192,0.753023375441,0.782024275691,
    0.81102517594,0.84002607619,0.857026603921,1.),.UNSPECIFIED.);
#1314 = CARTESIAN_POINT('',(8.789465,-2.227268980683E-16,0.146927224854)
  );
#1315 = CARTESIAN_POINT('',(8.789465,2.611030457425E-02,0.146927223504)
  );
#1316 = CARTESIAN_POINT('',(8.789465,5.222066895595E-02,0.147720163555)
  );
#1317 = CARTESIAN_POINT('',(8.789465,7.830209285009E-02,0.149306038526)
  );
#1318 = CARTESIAN_POINT('',(8.789465,0.104325695691,0.151683531392));
#1319 = CARTESIAN_POINT('',(8.789465,0.130262716645,0.15485001459));
#1320 = CARTESIAN_POINT('',(8.789465,0.156084514604,0.158801550015));
#1321 = CARTESIAN_POINT('',(8.789465,0.207440622273,0.168264225372));
#1322 = CARTESIAN_POINT('',(8.789465,0.232975049617,0.17377538698));
#1323 = CARTESIAN_POINT('',(8.789465,0.258337331201,0.180061112449));
#1324 = CARTESIAN_POINT('',(8.789465,0.283499303221,0.187114873233));
#1325 = CARTESIAN_POINT('',(8.789465,0.308433157104,0.194928873639));
#1326 = CARTESIAN_POINT('',(8.789465,0.333111439497,0.203494050822));
#1327 = CARTESIAN_POINT('',(8.789465,0.381902666017,0.222106096236));
#1328 = CARTESIAN_POINT('',(8.789465,0.406015721904,0.232153007099));
#1329 = CARTESIAN_POINT('',(8.789465,0.429819126431,0.242930465273));
#1330 = CARTESIAN_POINT('',(8.789465,0.453286365053,0.254426946848));
#1331 = CARTESIAN_POINT('',(8.789465,0.476391502186,0.266629746111));
#1332 = CARTESIAN_POINT('',(8.789465,0.499109181201,0.279524975549));
#1333 = CARTESIAN_POINT('',(8.789465,0.543720069066,0.306670153826));
#1334 = CARTESIAN_POINT('',(8.789465,0.5656133801,0.320920164845));
#1335 = CARTESIAN_POINT('',(8.789465,0.587069786607,0.335832518502));
#1336 = CARTESIAN_POINT('',(8.789465,0.608065301182,0.351391077076));
#1337 = CARTESIAN_POINT('',(8.789465,0.628576719946,0.367578645517));
#1338 = CARTESIAN_POINT('',(8.789465,0.648581622545,0.384376971448));
#1339 = CARTESIAN_POINT('',(8.789465,0.687535123548,0.419156516865));
#1340 = CARTESIAN_POINT('',(8.789465,0.706483811178,0.437137816017));
#1341 = CARTESIAN_POINT('',(8.789465,0.724882806841,0.455691323242));
#1342 = CARTESIAN_POINT('',(8.789465,0.742711444489,0.474796821319));
#1343 = CARTESIAN_POINT('',(8.789465,0.75995002022,0.494433195184));
#1344 = CARTESIAN_POINT('',(8.789465,0.776579792279,0.514578431924));
#1345 = CARTESIAN_POINT('',(8.789465,0.808586171973,0.555840807992));
#1346 = CARTESIAN_POINT('',(8.789465,0.823962852919,0.576958041834));
#1347 = CARTESIAN_POINT('',(8.789465,0.838695254536,0.598538403609));
#1348 = CARTESIAN_POINT('',(8.789465,0.852766716374,0.620558265982));
#1349 = CARTESIAN_POINT('',(8.789465,0.866161686897,0.642993292982));
#1350 = CARTESIAN_POINT('',(8.789465,0.878865723482,0.665818440003));
#1351 = CARTESIAN_POINT('',(8.789465,0.902865263756,0.712197466367));
#1352 = CARTESIAN_POINT('',(8.789465,0.914160822418,0.735751451944));
#1353 = CARTESIAN_POINT('',(8.789465,0.924738846211,0.759644151339));
#1354 = CARTESIAN_POINT('',(8.789465,0.934587231907,0.783849309392));
#1355 = CARTESIAN_POINT('',(8.789465,0.943695095239,0.808340174981));
#1356 = CARTESIAN_POINT('',(8.789465,0.952052770906,0.833089501023));
#1357 = CARTESIAN_POINT('',(8.789465,0.967250856822,0.883049587135));
#1358 = CARTESIAN_POINT('',(8.789465,0.974091301883,0.908260461642));
#1359 = CARTESIAN_POINT('',(8.789465,0.980164713822,0.933674421176));
#1360 = CARTESIAN_POINT('',(8.789465,0.985463947363,0.95926345205));
#1361 = CARTESIAN_POINT('',(8.789465,0.989983145884,0.98499927371));
#1362 = CARTESIAN_POINT('',(8.789465,0.993717741419,1.010853338733));
#1363 = CARTESIAN_POINT('',(8.789465,0.999611170584,1.062740326626));
#1364 = CARTESIAN_POINT('',(8.789465,1.001770017712,1.088773368345));
#1365 = CARTESIAN_POINT('',(8.789465,1.003137729617,1.114867142236));
#1366 = CARTESIAN_POINT('',(8.789465,1.003712355553,1.14099280361));
#1367 = CARTESIAN_POINT('',(8.789465,1.003493260452,1.167121478837));
#1368 = CARTESIAN_POINT('',(8.789465,1.002481124928,1.19322426535));
#1369 = CARTESIAN_POINT('',(8.789465,0.998874768318,1.245320198126));
#1370 = CARTESIAN_POINT('',(8.789465,0.99628053897,1.271313463719));
#1371 = CARTESIAN_POINT('',(8.789465,0.992897266461,1.297223097813));
#1372 = CARTESIAN_POINT('',(8.789465,0.988728259163,1.32302037975));
#1373 = CARTESIAN_POINT('',(8.789465,0.983778124589,1.348676798819));
#1374 = CARTESIAN_POINT('',(8.789465,0.978052769399,1.374164054262));
#1375 = CARTESIAN_POINT('',(8.789465,0.965066032002,1.424744056947));
#1376 = CARTESIAN_POINT('',(8.789465,0.957804620049,1.449836920047));
#1377 = CARTESIAN_POINT('',(8.789465,0.949782381891,1.474704556981));
#1378 = CARTESIAN_POINT('',(8.789465,0.941007775481,1.499319322053));
#1379 = CARTESIAN_POINT('',(8.789465,0.931490498362,1.523654011449));
#1380 = CARTESIAN_POINT('',(8.789465,0.921241487668,1.547681863243));
#1381 = CARTESIAN_POINT('',(8.789465,0.899304355035,1.595071252686));
#1382 = CARTESIAN_POINT('',(8.789465,0.887616182849,1.618432898882));
#1383 = CARTESIAN_POINT('',(8.789465,0.875220592059,1.641435181393));
#1384 = CARTESIAN_POINT('',(8.789465,0.862130910158,1.66405244482));
#1385 = CARTESIAN_POINT('',(8.789465,0.848361603636,1.686259692953));
#1386 = CARTESIAN_POINT('',(8.789465,0.83392827798,1.708032588778));
#1387 = CARTESIAN_POINT('',(8.789465,0.80376707958,1.750662321722));
#1388 = CARTESIAN_POINT('',(8.789465,0.788039137749,1.771519256488));
#1389 = CARTESIAN_POINT('',(8.789465,0.771680607256,1.791894588434));
#1390 = CARTESIAN_POINT('',(8.789465,0.754709243865,1.811765501896));
#1391 = CARTESIAN_POINT('',(8.789465,0.737143804034,1.831110035886));
#1392 = CARTESIAN_POINT('',(8.789465,0.719004044911,1.849907084086));
#1393 = CARTESIAN_POINT('',(8.789465,0.681617405656,1.886365707553));
#1394 = CARTESIAN_POINT('',(8.789465,0.662370439887,1.90402736633));
#1395 = CARTESIAN_POINT('',(8.789465,0.642590593929,1.921101128822));
#1396 = CARTESIAN_POINT('',(8.789465,0.622299463932,1.937567774522));
#1397 = CARTESIAN_POINT('',(8.789465,0.601519475302,1.953409104779));
#1398 = CARTESIAN_POINT('',(8.789465,0.5802738827,1.968607942796));
#1399 = CARTESIAN_POINT('',(8.789465,0.536899658888,1.997688326709));
#1400 = CARTESIAN_POINT('',(8.789465,0.514770928326,2.011569939216));
#1401 = CARTESIAN_POINT('',(8.789465,0.492224669492,2.024776826979));
#1402 = CARTESIAN_POINT('',(8.789465,0.469285603884,2.037294001029));
#1403 = CARTESIAN_POINT('',(8.789465,0.445979083361,2.049107627603));
#1404 = CARTESIAN_POINT('',(8.789465,0.42233109014,2.060205028142));
#1405 = CARTESIAN_POINT('',(8.789465,0.374405384538,2.080944332913));
#1406 = CARTESIAN_POINT('',(8.789465,0.350127562379,2.09058628465));
#1407 = CARTESIAN_POINT('',(8.789465,0.325561388057,2.099489023045));
#1408 = CARTESIAN_POINT('',(8.789465,0.300733889895,2.107642286944));
#1409 = CARTESIAN_POINT('',(8.789465,0.275672506816,2.115037065503));
#1410 = CARTESIAN_POINT('',(8.789465,0.250405088337,2.121665598181));
#1411 = CARTESIAN_POINT('',(8.789465,0.199514701408,2.133377153932));
#1412 = CARTESIAN_POINT('',(8.789465,0.173891616391,2.138460203832));
#1413 = CARTESIAN_POINT('',(8.789465,0.14811890254,2.142764026839));
#1414 = CARTESIAN_POINT('',(8.789465,0.12222500011,2.146283429363));
#1415 = CARTESIAN_POINT('',(8.789465,9.623852659446E-02,2.149014521821)
  );
#1416 = CARTESIAN_POINT('',(8.789465,7.018827672271E-02,2.150954718638)
  );
#1417 = CARTESIAN_POINT('',(8.789465,1.80181683144E-02,2.15325076056));
#1418 = CARTESIAN_POINT('',(8.789465,-8.101809721368E-03,2.153606610923)
  );
#1419 = CARTESIAN_POINT('',(8.789465,-3.422773911327E-02,2.153169020729)
  );
#1420 = CARTESIAN_POINT('',(8.789465,-6.033070931843E-02,2.151938035903)
  );
#1421 = CARTESIAN_POINT('',(8.789465,-8.638187178599E-02,2.149915016907)
  );
#1422 = CARTESIAN_POINT('',(8.789465,-0.112352439957,2.147102638743));
#1423 = CARTESIAN_POINT('',(8.789465,-0.164074938945,2.139907145829));
#1424 = CARTESIAN_POINT('',(8.789465,-0.189826988236,2.135524014597));
#1425 = CARTESIAN_POINT('',(8.789465,-0.215441114357,2.130359499633));
#1426 = CARTESIAN_POINT('',(8.789465,-0.240888893696,2.124418884859));
#1427 = CARTESIAN_POINT('',(8.789465,-0.266142201807,2.11770873574));
#1428 = CARTESIAN_POINT('',(8.789465,-0.291173213413,2.110236899282));
#1429 = CARTESIAN_POINT('',(8.789465,-0.339881070781,2.094071710108));
#1430 = CARTESIAN_POINT('',(8.789465,-0.363574949342,2.085429330255));
#1431 = CARTESIAN_POINT('',(8.789465,-0.387011271926,2.076093589417));
#1432 = CARTESIAN_POINT('',(8.789465,-0.410165726582,2.066073762147));
#1433 = CARTESIAN_POINT('',(8.789465,-0.433014455565,2.055380172613));
#1434 = CARTESIAN_POINT('',(8.789465,-0.455534055342,2.044024194597));
#1435 = CARTESIAN_POINT('',(8.789465,-0.500660793903,2.019583528134));
#1436 = CARTESIAN_POINT('',(8.789465,-0.523242434823,2.006451529983));
#1437 = CARTESIAN_POINT('',(8.789465,-0.545421001999,1.992636073791));
#1438 = CARTESIAN_POINT('',(8.789465,-0.567171727495,1.978152071666));
#1439 = CARTESIAN_POINT('',(8.789465,-0.588470572787,1.963015531078));
#1440 = CARTESIAN_POINT('',(8.789465,-0.609294228759,1.947243554852));
#1441 = CARTESIAN_POINT('',(8.789465,-0.649946004346,1.914465129609));
#1442 = CARTESIAN_POINT('',(8.789465,-0.669774217077,1.897458605509));
#1443 = CARTESIAN_POINT('',(8.789465,-0.689082182331,1.879852977161));
#1444 = CARTESIAN_POINT('',(8.789465,-0.70784824436,1.861667397899));
#1445 = CARTESIAN_POINT('',(8.789465,-0.726051663238,1.842921966111));
#1446 = CARTESIAN_POINT('',(8.789465,-0.743672614858,1.823637725237));
#1447 = CARTESIAN_POINT('',(8.789465,-0.777711769057,1.784035604066));
#1448 = CARTESIAN_POINT('',(8.789465,-0.794130049605,1.763717633057));
#1449 = CARTESIAN_POINT('',(8.789465,-0.809928134123,1.742904747689));
#1450 = CARTESIAN_POINT('',(8.789465,-0.825088196065,1.721619708364));
#1451 = CARTESIAN_POINT('',(8.789465,-0.839593480794,1.699886038938));
#1452 = CARTESIAN_POINT('',(8.789465,-0.853428305578,1.677728026725));
#1453 = CARTESIAN_POINT('',(8.789465,-0.879727815949,1.632613419621));
#1454 = CARTESIAN_POINT('',(8.789465,-0.892192561776,1.609656721393));
#1455 = CARTESIAN_POINT('',(8.789465,-0.903957697457,1.586325685107));
#1456 = CARTESIAN_POINT('',(8.789465,-0.915009815877,1.562645924643));
#1457 = CARTESIAN_POINT('',(8.789465,-0.925336702425,1.538643610464));
#1458 = CARTESIAN_POINT('',(8.789465,-0.934927334998,1.514345469611));
#1459 = CARTESIAN_POINT('',(8.789465,-0.952616435535,1.46521210272));
#1460 = CARTESIAN_POINT('',(8.789465,-0.960714944017,1.440376764139));
#1461 = CARTESIAN_POINT('',(8.789465,-0.968057592043,1.41530005798));
#1462 = CARTESIAN_POINT('',(8.789465,-0.97463583583,1.390009603539));
#1463 = CARTESIAN_POINT('',(8.789465,-0.980442405219,1.364533351387));
#1464 = CARTESIAN_POINT('',(8.789465,-0.985471303668,1.338899583376));
#1465 = CARTESIAN_POINT('',(8.789465,-0.993964315505,1.287374242331));
#1466 = CARTESIAN_POINT('',(8.789465,-0.997428448347,1.261482551276));
#1467 = CARTESIAN_POINT('',(8.789465,-1.00010549665,1.235490454705));
#1468 = CARTESIAN_POINT('',(8.789465,-1.001992062851,1.209426662863));
#1469 = CARTESIAN_POINT('',(8.789465,-1.003086061949,1.183319981003));
#1470 = CARTESIAN_POINT('',(8.789465,-1.003386721507,1.157199309383));
#1471 = CARTESIAN_POINT('',(8.789465,-1.002402444504,1.104987977101));
#1472 = CARTESIAN_POINT('',(8.789465,-1.001117505687,1.078897196846));
#1473 = CARTESIAN_POINT('',(8.789465,-0.999040318298,1.052850297524));
#1474 = CARTESIAN_POINT('',(8.789465,-0.996172743478,1.026876129745));
#1475 = CARTESIAN_POINT('',(8.789465,-0.992517950423,1.001003399709));
#1476 = CARTESIAN_POINT('',(8.789465,-0.988080416377,0.975260669208));
#1477 = CARTESIAN_POINT('',(8.789465,-0.977651439541,0.924092041495));
#1478 = CARTESIAN_POINT('',(8.789465,-0.971659972864,0.898666027078));
#1479 = CARTESIAN_POINT('',(8.789465,-0.964897324604,0.873426727162));
#1480 = CARTESIAN_POINT('',(8.789465,-0.95737055299,0.84840217749));
#1481 = CARTESIAN_POINT('',(8.789465,-0.949087976482,0.823620034763));
#1482 = CARTESIAN_POINT('',(8.789465,-0.940059173764,0.799107576634));
#1483 = CARTESIAN_POINT('',(8.789465,-0.920530796243,0.750675825775));
#1484 = CARTESIAN_POINT('',(8.789465,-0.91003117671,0.726756422109));
#1485 = CARTESIAN_POINT('',(8.789465,-0.898806976091,0.703160384471));
#1486 = CARTESIAN_POINT('',(8.789465,-0.886870216006,0.679914005487));
#1487 = CARTESIAN_POINT('',(8.789465,-0.874234088756,0.657042976654));
#1488 = CARTESIAN_POINT('',(8.789465,-0.860912957323,0.634572388335));
#1489 = CARTESIAN_POINT('',(8.789465,-0.838720963207,0.599603403517));
#1490 = CARTESIAN_POINT('',(8.789465,-0.830289502981,0.586826077992));
#1491 = CARTESIAN_POINT('',(8.789465,-0.821631097825,0.574199673974));
#1492 = CARTESIAN_POINT('',(8.789465,-0.812748997475,0.561729022075));
#1493 = CARTESIAN_POINT('',(8.789465,-0.803646578266,0.549418862741));
#1494 = CARTESIAN_POINT('',(8.789465,-0.794327343134,0.537273846247));
#1495 = CARTESIAN_POINT('',(8.789465,-0.704627864722,0.424586842195));
#1496 = CARTESIAN_POINT('',(8.789465,-0.609328824258,0.335810488444));
#1497 = CARTESIAN_POINT('',(8.789465,-0.501116437268,0.261828453836));
#1498 = CARTESIAN_POINT('',(8.789465,-0.382808062202,0.204788718525));
#1499 = CARTESIAN_POINT('',(8.789465,-0.257531845862,0.166199448483));
#1500 = CARTESIAN_POINT('',(8.789465,-0.128722964598,0.146927183279));
#1501 = CARTESIAN_POINT('',(8.789465,-2.227268980683E-16,0.146927224854)
  );
#1502 = ORIENTED_EDGE('',*,*,#1503,.T.);
#1503 = EDGE_CURVE('',#1311,#1269,#1504,.T.);
#1504 = CIRCLE('',#1505,0.408334783403);
#1505 = AXIS2_PLACEMENT_3D('',#1506,#1507,#1508);
#1506 = CARTESIAN_POINT('',(8.739465,-6.254262811657E-16,-0.258334783403
    ));
#1507 = DIRECTION('',(0.,-1.,4.440892098501E-16));
#1508 = DIRECTION('',(1.,0.,0.));
#1509 = ORIENTED_EDGE('',*,*,#1278,.F.);
#1510 = ORIENTED_EDGE('',*,*,#1503,.F.);
#1511 = SURFACE_OF_REVOLUTION('',#1512,#1517);
#1512 = CIRCLE('',#1513,0.408334783403);
#1513 = AXIS2_PLACEMENT_3D('',#1514,#1515,#1516);
#1514 = CARTESIAN_POINT('',(8.739465,-6.254262811657E-16,-0.258334783403
    ));
#1515 = DIRECTION('',(0.,-1.,4.440892098501E-16));
#1516 = DIRECTION('',(1.,0.,0.));
#1517 = AXIS1_PLACEMENT('',#1518,#1519);
#1518 = CARTESIAN_POINT('',(0.,0.,1.15));
#1519 = DIRECTION('',(-1.,0.,-0.));
#1520 = ADVANCED_FACE('',(#1521),#1524,.T.);
#1521 = FACE_BOUND('',#1522,.T.);
#1522 = EDGE_LOOP('',(#1523));
#1523 = ORIENTED_EDGE('',*,*,#1310,.T.);
#1524 = PLANE('',#1525);
#1525 = AXIS2_PLACEMENT_3D('',#1526,#1527,#1528);
#1526 = CARTESIAN_POINT('',(8.789465,-2.5,-0.35));
#1527 = DIRECTION('',(1.,0.,0.));
#1528 = DIRECTION('',(0.,-1.110223024625E-16,1.));
#1529 = ( GEOMETRIC_REPRESENTATION_CONTEXT(3) 
GLOBAL_UNCERTAINTY_ASSIGNED_CONTEXT((#1533)) 
GLOBAL_UNIT_ASSIGNED_CONTEXT((#1530,#1531,#1532)) REPRESENTATION_CONTEXT
('Context #1','3D Context with UNIT and UNCERTAINTY') );
#1530 = ( LENGTH_UNIT() NAMED_UNIT(*) SI_UNIT(.MILLI.,.METRE.) );
#1531 = ( NAMED_UNIT(*) PLANE_ANGLE_UNIT() SI_UNIT($,.RADIAN.) );
#1532 = ( NAMED_UNIT(*) SI_UNIT($,.STERADIAN.) SOLID_ANGLE_UNIT() );
#1533 = UNCERTAINTY_MEASURE_WITH_UNIT(LENGTH_MEASURE(1.E-06),#1530,
  'distance_accuracy_value','confusion accuracy');
#1534 = CONTEXT_DEPENDENT_SHAPE_REPRESENTATION(#1535,#1537);
#1535 = ( REPRESENTATION_RELATIONSHIP('','',#1261,#10) 
REPRESENTATION_RELATIONSHIP_WITH_TRANSFORMATION(#1536) 
SHAPE_REPRESENTATION_RELATIONSHIP() );
#1536 = ITEM_DEFINED_TRANSFORMATION('','',#11,#43);
#1537 = PRODUCT_DEFINITION_SHAPE('Placement','Placement of an item',
  #1538);
#1538 = NEXT_ASSEMBLY_USAGE_OCCURRENCE('34','Band_4_MKV','',#5,#1256,$);
#1539 = PRODUCT_RELATED_PRODUCT_CATEGORY('part',$,(#1258));
#1540 = SHAPE_DEFINITION_REPRESENTATION(#1541,#1547);
#1541 = PRODUCT_DEFINITION_SHAPE('','',#1542);
#1542 = PRODUCT_DEFINITION('design','',#1543,#1546);
#1543 = PRODUCT_DEFINITION_FORMATION('','',#1544);
#1544 = PRODUCT('Segment_4_MKIV','Segment_4_MKIV','',(#1545));
#1545 = PRODUCT_CONTEXT('',#2,'mechanical');
#1546 = PRODUCT_DEFINITION_CONTEXT('part definition',#2,'design');
#1547 = ADVANCED_BREP_SHAPE_REPRESENTATION('',(#11,#1548),#1845);
#1548 = MANIFOLD_SOLID_BREP('',#1549);
#1549 = CLOSED_SHELL('',(#1550,#1772,#1781,#1811,#1836));
#1550 = ADVANCED_FACE('',(#1551),#1763,.T.);
#1551 = FACE_BOUND('',#1552,.T.);
#1552 = EDGE_LOOP('',(#1553,#1564,#1571,#1572));
#1553 = ORIENTED_EDGE('',*,*,#1554,.F.);
#1554 = EDGE_CURVE('',#1555,#1557,#1559,.T.);
#1555 = VERTEX_POINT('',#1556);
#1556 = CARTESIAN_POINT('',(8.964236277139,-4.440892098501E-16,
    8.256867552626E-02));
#1557 = VERTEX_POINT('',#1558);
#1558 = CARTESIAN_POINT('',(8.789465,-4.440892098501E-16,0.146927224854)
  );
#1559 = CIRCLE('',#1560,0.408334783403);
#1560 = AXIS2_PLACEMENT_3D('',#1561,#1562,#1563);
#1561 = CARTESIAN_POINT('',(8.739465,-6.254262811657E-16,-0.258334783403
    ));
#1562 = DIRECTION('',(0.,-1.,4.440892098501E-16));
#1563 = DIRECTION('',(1.,0.,0.));
#1564 = ORIENTED_EDGE('',*,*,#1565,.T.);
#1565 = EDGE_CURVE('',#1555,#1555,#1566,.T.);
#1566 = CIRCLE('',#1567,1.067431324474);
#1567 = AXIS2_PLACEMENT_3D('',#1568,#1569,#1570);
#1568 = CARTESIAN_POINT('',(8.964236277139,0.,1.15));
#1569 = DIRECTION('',(-1.,-0.,0.));
#1570 = DIRECTION('',(0.,-4.440892098501E-16,-1.));
#1571 = ORIENTED_EDGE('',*,*,#1554,.T.);
#1572 = ORIENTED_EDGE('',*,*,#1573,.T.);
#1573 = EDGE_CURVE('',#1557,#1557,#1574,.T.);
#1574 = B_SPLINE_CURVE_WITH_KNOTS('',7,(#1575,#1576,#1577,#1578,#1579,
    #1580,#1581,#1582,#1583,#1584,#1585,#1586,#1587,#1588,#1589,#1590,
    #1591,#1592,#1593,#1594,#1595,#1596,#1597,#1598,#1599,#1600,#1601,
    #1602,#1603,#1604,#1605,#1606,#1607,#1608,#1609,#1610,#1611,#1612,
    #1613,#1614,#1615,#1616,#1617,#1618,#1619,#1620,#1621,#1622,#1623,
    #1624,#1625,#1626,#1627,#1628,#1629,#1630,#1631,#1632,#1633,#1634,
    #1635,#1636,#1637,#1638,#1639,#1640,#1641,#1642,#1643,#1644,#1645,
    #1646,#1647,#1648,#1649,#1650,#1651,#1652,#1653,#1654,#1655,#1656,
    #1657,#1658,#1659,#1660,#1661,#1662,#1663,#1664,#1665,#1666,#1667,
    #1668,#1669,#1670,#1671,#1672,#1673,#1674,#1675,#1676,#1677,#1678,
    #1679,#1680,#1681,#1682,#1683,#1684,#1685,#1686,#1687,#1688,#1689,
    #1690,#1691,#1692,#1693,#1694,#1695,#1696,#1697,#1698,#1699,#1700,
    #1701,#1702,#1703,#1704,#1705,#1706,#1707,#1708,#1709,#1710,#1711,
    #1712,#1713,#1714,#1715,#1716,#1717,#1718,#1719,#1720,#1721,#1722,
    #1723,#1724,#1725,#1726,#1727,#1728,#1729,#1730,#1731,#1732,#1733,
    #1734,#1735,#1736,#1737,#1738,#1739,#1740,#1741,#1742,#1743,#1744,
    #1745,#1746,#1747,#1748,#1749,#1750,#1751,#1752,#1753,#1754,#1755,
    #1756,#1757,#1758,#1759,#1760,#1761,#1762),.UNSPECIFIED.,.T.,.F.,(8,
    6,6,6,6,6,6,6,6,6,6,6,6,6,6,6,6,6,6,6,6,6,6,6,6,6,6,6,6,6,6,8),(0.,
    2.900099678227E-02,5.700195919225E-02,8.600295597456E-02,
    0.114003918385,0.143004915167,0.172005911949,0.201006908732,
    0.230007905514,0.259008902296,0.288009899079,0.317010895861,
    0.346011892643,0.375012889426,0.404013886208,0.433014882991,
    0.462015879773,0.489016807811,0.518017804593,0.547018801376,
    0.576019798158,0.605020794941,0.630021654235,0.657022582273,
    0.686023579055,0.714024541465,0.743025538248,0.771026500658,
    0.799027463068,0.825028356734,0.854029353516,1.),.UNSPECIFIED.);
#1575 = CARTESIAN_POINT('',(8.789465,-2.227268980683E-16,0.146927224854)
  );
#1576 = CARTESIAN_POINT('',(8.789465,2.611030457425E-02,0.146927223504)
  );
#1577 = CARTESIAN_POINT('',(8.789465,5.222066895595E-02,0.147720163555)
  );
#1578 = CARTESIAN_POINT('',(8.789465,7.830209285009E-02,0.149306038526)
  );
#1579 = CARTESIAN_POINT('',(8.789465,0.104325695691,0.151683531392));
#1580 = CARTESIAN_POINT('',(8.789465,0.130262716645,0.15485001459));
#1581 = CARTESIAN_POINT('',(8.789465,0.156084514604,0.158801550015));
#1582 = CARTESIAN_POINT('',(8.789465,0.20655517457,0.168101076505));
#1583 = CARTESIAN_POINT('',(8.789465,0.231213883342,0.173396233962));
#1584 = CARTESIAN_POINT('',(8.789465,0.255713031266,0.179413627441));
#1585 = CARTESIAN_POINT('',(8.789465,0.280027260347,0.186147420806));
#1586 = CARTESIAN_POINT('',(8.789465,0.304131517842,0.193590675733));
#1587 = CARTESIAN_POINT('',(8.789465,0.328001056254,0.20173535171));
#1588 = CARTESIAN_POINT('',(8.789465,0.376065036603,0.219724862636));
#1589 = CARTESIAN_POINT('',(8.789465,0.400240742706,0.22962006938));
#1590 = CARTESIAN_POINT('',(8.789465,0.424111393696,0.240247754598));
#1591 = CARTESIAN_POINT('',(8.789465,0.447650403144,0.251596561204));
#1592 = CARTESIAN_POINT('',(8.789465,0.470831756145,0.263653946692));
#1593 = CARTESIAN_POINT('',(8.789465,0.493630009316,0.27640618314));
#1594 = CARTESIAN_POINT('',(8.789465,0.537638496995,0.302807352103));
#1595 = CARTESIAN_POINT('',(8.789465,0.558876473483,0.316410254935));
#1596 = CARTESIAN_POINT('',(8.789465,0.579711844764,0.330633636279));
#1597 = CARTESIAN_POINT('',(8.789465,0.600122907577,0.345463141455));
#1598 = CARTESIAN_POINT('',(8.789465,0.620088630898,0.360883490528));
#1599 = CARTESIAN_POINT('',(8.789465,0.639588655938,0.376878478312));
#1600 = CARTESIAN_POINT('',(8.789465,0.678297030308,0.410574627411));
#1601 = CARTESIAN_POINT('',(8.789465,0.697470175551,0.42831639687));
#1602 = CARTESIAN_POINT('',(8.789465,0.716100862619,0.446637236675));
#1603 = CARTESIAN_POINT('',(8.789465,0.734168173043,0.465517190891));
#1604 = CARTESIAN_POINT('',(8.789465,0.751652139146,0.484935393719));
#1605 = CARTESIAN_POINT('',(8.789465,0.768533744036,0.504870069498));
#1606 = CARTESIAN_POINT('',(8.789465,0.801056101304,0.545726994218));
#1607 = CARTESIAN_POINT('',(8.789465,0.816696928175,0.566649336746));
#1608 = CARTESIAN_POINT('',(8.789465,0.831699346271,0.58804286668));
#1609 = CARTESIAN_POINT('',(8.789465,0.846046399554,0.609884167907));
#1610 = CARTESIAN_POINT('',(8.789465,0.85972223191,0.632149101797));
#1611 = CARTESIAN_POINT('',(8.789465,0.872712087145,0.65481280721));
#1612 = CARTESIAN_POINT('',(8.789465,0.897292533211,0.700886592501));
#1613 = CARTESIAN_POINT('',(8.789465,0.908883180346,0.724296777914));
#1614 = CARTESIAN_POINT('',(8.789465,0.919760605556,0.748054666973));
#1615 = CARTESIAN_POINT('',(8.789465,0.929912376646,0.772134158681));
#1616 = CARTESIAN_POINT('',(8.789465,0.939327274054,0.7965086408));
#1617 = CARTESIAN_POINT('',(8.789465,0.947995290852,0.821150989853));
#1618 = CARTESIAN_POINT('',(8.789465,0.963819977226,0.870916151573));
#1619 = CARTESIAN_POINT('',(8.789465,0.970976683049,0.896039078231));
#1620 = CARTESIAN_POINT('',(8.789465,0.977368968286,0.921374712448));
#1621 = CARTESIAN_POINT('',(8.789465,0.982989336203,0.94689513254));
#1622 = CARTESIAN_POINT('',(8.789465,0.987831575269,0.972572133778));
#1623 = CARTESIAN_POINT('',(8.789465,0.991890759149,0.998377228397));
#1624 = CARTESIAN_POINT('',(8.789465,0.998435736952,1.050186062445));
#1625 = CARTESIAN_POINT('',(8.789465,1.000921545867,1.076189920546));
#1626 = CARTESIAN_POINT('',(8.789465,1.002617045187,1.10226444746));
#1627 = CARTESIAN_POINT('',(8.789465,1.003519921855,1.128380825289));
#1628 = CARTESIAN_POINT('',(8.789465,1.003629178028,1.154510190663));
#1629 = CARTESIAN_POINT('',(8.789465,1.002945131075,1.180623634746));
#1630 = CARTESIAN_POINT('',(8.789465,0.999993698777,1.232760771867));
#1631 = CARTESIAN_POINT('',(8.789465,0.99772630667,1.25878458433));
#1632 = CARTESIAN_POINT('',(8.789465,0.994668882786,1.284734687046));
#1633 = CARTESIAN_POINT('',(8.789465,0.990824374328,1.310582320049));
#1634 = CARTESIAN_POINT('',(8.789465,0.986197030182,1.336298916985));
#1635 = CARTESIAN_POINT('',(8.789465,0.98079240091,1.361856105103));
#1636 = CARTESIAN_POINT('',(8.789465,0.968442279223,1.412595306063));
#1637 = CARTESIAN_POINT('',(8.789465,0.961496758518,1.437777435128));
#1638 = CARTESIAN_POINT('',(8.789465,0.953787641481,1.462743916383));
#1639 = CARTESIAN_POINT('',(8.789465,0.945323037996,1.48746700003));
#1640 = CARTESIAN_POINT('',(8.789465,0.936112302998,1.511919362545));
#1641 = CARTESIAN_POINT('',(8.789465,0.926166036467,1.536074106679));
#1642 = CARTESIAN_POINT('',(8.789465,0.904826132856,1.583735417338));
#1643 = CARTESIAN_POINT('',(8.789465,0.893432446896,1.607242093035));
#1644 = CARTESIAN_POINT('',(8.789465,0.88132688241,1.630398322871));
#1645 = CARTESIAN_POINT('',(8.789465,0.868522443449,1.653178285998));
#1646 = CARTESIAN_POINT('',(8.789465,0.855033281259,1.675556806396));
#1647 = CARTESIAN_POINT('',(8.789465,0.840874694276,1.69750935287));
#1648 = CARTESIAN_POINT('',(8.789465,0.811251564201,1.740514726771));
#1649 = CARTESIAN_POINT('',(8.789465,0.795786953257,1.761567652706));
#1650 = CARTESIAN_POINT('',(8.789465,0.779685751599,1.782146937847));
#1651 = CARTESIAN_POINT('',(8.789465,0.762965426886,1.802229545215));
#1652 = CARTESIAN_POINT('',(8.789465,0.745644458134,1.82179327986));
#1653 = CARTESIAN_POINT('',(8.789465,0.727742335707,1.840816788861));
#1654 = CARTESIAN_POINT('',(8.789465,0.690816788861,1.877742335707));
#1655 = CARTESIAN_POINT('',(8.789465,0.67179327986,1.895644458133));
#1656 = CARTESIAN_POINT('',(8.789465,0.652229545216,1.912965426886));
#1657 = CARTESIAN_POINT('',(8.789465,0.632146937848,1.929685751598));
#1658 = CARTESIAN_POINT('',(8.789465,0.611567652706,1.945786953256));
#1659 = CARTESIAN_POINT('',(8.789465,0.590514726772,1.961251564201));
#1660 = CARTESIAN_POINT('',(8.789465,0.54750935287,1.990874694275));
#1661 = CARTESIAN_POINT('',(8.789465,0.525556806396,2.005033281259));
#1662 = CARTESIAN_POINT('',(8.789465,0.503178285999,2.018522443449));
#1663 = CARTESIAN_POINT('',(8.789465,0.480398322871,2.03132688241));
#1664 = CARTESIAN_POINT('',(8.789465,0.457242093035,2.043432446896));
#1665 = CARTESIAN_POINT('',(8.789465,0.433735417338,2.054826132856));
#1666 = CARTESIAN_POINT('',(8.789465,0.386074106679,2.076166036467));
#1667 = CARTESIAN_POINT('',(8.789465,0.361919362545,2.086112302998));
#1668 = CARTESIAN_POINT('',(8.789465,0.33746700003,2.095323037996));
#1669 = CARTESIAN_POINT('',(8.789465,0.312743916383,2.10378764148));
#1670 = CARTESIAN_POINT('',(8.789465,0.287777435128,2.111496758518));
#1671 = CARTESIAN_POINT('',(8.789465,0.262595306064,2.118442279223));
#1672 = CARTESIAN_POINT('',(8.789465,0.213605728133,2.130366535278));
#1673 = CARTESIAN_POINT('',(8.789465,0.189823154942,2.135447899638));
#1674 = CARTESIAN_POINT('',(8.789465,0.165900716457,2.139855903424));
#1675 = CARTESIAN_POINT('',(8.789465,0.141861295065,2.143585995386));
#1676 = CARTESIAN_POINT('',(8.789465,0.117727924775,2.146634601437));
#1677 = CARTESIAN_POINT('',(8.789465,9.35237912169E-02,2.148999124654));
#1678 = CARTESIAN_POINT('',(8.789465,4.322426535022E-02,2.152481124928)
  );
#1679 = CARTESIAN_POINT('',(8.789465,1.712147883703E-02,2.153493260452)
  );
#1680 = CARTESIAN_POINT('',(8.789465,-9.007196389721E-03,2.153712355553)
  );
#1681 = CARTESIAN_POINT('',(8.789465,-3.513285776333E-02,2.153137729617)
  );
#1682 = CARTESIAN_POINT('',(8.789465,-6.122663165505E-02,2.151770017712)
  );
#1683 = CARTESIAN_POINT('',(8.789465,-8.725967337413E-02,2.149611170584)
  );
#1684 = CARTESIAN_POINT('',(8.789465,-0.139146661266,2.143717741419));
#1685 = CARTESIAN_POINT('',(8.789465,-0.16500072629,2.139983145884));
#1686 = CARTESIAN_POINT('',(8.789465,-0.19073654795,2.135463947363));
#1687 = CARTESIAN_POINT('',(8.789465,-0.216325578824,2.130164713822));
#1688 = CARTESIAN_POINT('',(8.789465,-0.241739538357,2.124091301883));
#1689 = CARTESIAN_POINT('',(8.789465,-0.266950412865,2.117250856823));
#1690 = CARTESIAN_POINT('',(8.789465,-0.316910498977,2.102052770907));
#1691 = CARTESIAN_POINT('',(8.789465,-0.341659825019,2.093695095239));
#1692 = CARTESIAN_POINT('',(8.789465,-0.366150690607,2.084587231907));
#1693 = CARTESIAN_POINT('',(8.789465,-0.39035584866,2.074738846211));
#1694 = CARTESIAN_POINT('',(8.789465,-0.414248548056,2.064160822418));
#1695 = CARTESIAN_POINT('',(8.789465,-0.437802533633,2.052865263756));
#1696 = CARTESIAN_POINT('',(8.789465,-0.484181559997,2.028865723482));
#1697 = CARTESIAN_POINT('',(8.789465,-0.507006707018,2.016161686897));
#1698 = CARTESIAN_POINT('',(8.789465,-0.529441734018,2.002766716375));
#1699 = CARTESIAN_POINT('',(8.789465,-0.55146159639,1.988695254537));
#1700 = CARTESIAN_POINT('',(8.789465,-0.573041958166,1.97396285292));
#1701 = CARTESIAN_POINT('',(8.789465,-0.594159192008,1.958586171973));
#1702 = CARTESIAN_POINT('',(8.789465,-0.632575892553,1.92878712347));
#1703 = CARTESIAN_POINT('',(8.789465,-0.650000252522,1.91452562327));
#1704 = CARTESIAN_POINT('',(8.789465,-0.667048793714,1.899809859482));
#1705 = CARTESIAN_POINT('',(8.789465,-0.683707339907,1.884651748741));
#1706 = CARTESIAN_POINT('',(8.789465,-0.69996220407,1.869063745288));
#1707 = CARTESIAN_POINT('',(8.789465,-0.715800188355,1.853058840975));
#1708 = CARTESIAN_POINT('',(8.789465,-0.747849650058,1.818929631196));
#1709 = CARTESIAN_POINT('',(8.789465,-0.763989694839,1.800738149514));
#1710 = CARTESIAN_POINT('',(8.789465,-0.779612707642,1.782093176159));
#1711 = CARTESIAN_POINT('',(8.789465,-0.794703453266,1.763012380488));
#1712 = CARTESIAN_POINT('',(8.789465,-0.809247472112,1.743514045271));
#1713 = CARTESIAN_POINT('',(8.789465,-0.823231080185,1.723617066692));
#1714 = CARTESIAN_POINT('',(8.789465,-0.851045011919,1.681562913154));
#1715 = CARTESIAN_POINT('',(8.789465,-0.864787312415,1.659347399224));
#1716 = CARTESIAN_POINT('',(8.789465,-0.877852278095,1.636718604657));
#1717 = CARTESIAN_POINT('',(8.789465,-0.890225075615,1.61370134464));
#1718 = CARTESIAN_POINT('',(8.789465,-0.901892030775,1.59032105745));
#1719 = CARTESIAN_POINT('',(8.789465,-0.912840628514,1.566603804456));
#1720 = CARTESIAN_POINT('',(8.789465,-0.932926025183,1.51937727006));
#1721 = CARTESIAN_POINT('',(8.789465,-0.942112323415,1.495888921128));
#1722 = CARTESIAN_POINT('',(8.789465,-0.950608199074,1.472135239938));
#1723 = CARTESIAN_POINT('',(8.789465,-0.958404531322,1.448140596527));
#1724 = CARTESIAN_POINT('',(8.789465,-0.965493287023,1.423929714348));
#1725 = CARTESIAN_POINT('',(8.789465,-0.971867520741,1.399527670268));
#1726 = CARTESIAN_POINT('',(8.789465,-0.983377153932,1.349514701408));
#1727 = CARTESIAN_POINT('',(8.789465,-0.988460203832,1.323891616391));
#1728 = CARTESIAN_POINT('',(8.789465,-0.992764026839,1.29811890254));
#1729 = CARTESIAN_POINT('',(8.789465,-0.996283429363,1.27222500011));
#1730 = CARTESIAN_POINT('',(8.789465,-0.999014521821,1.246238526594));
#1731 = CARTESIAN_POINT('',(8.789465,-1.000954718638,1.220188276723));
#1732 = CARTESIAN_POINT('',(8.789465,-1.003211173484,1.168917650416));
#1733 = CARTESIAN_POINT('',(8.789465,-1.003581127628,1.143699527078));
#1734 = CARTESIAN_POINT('',(8.789465,-1.003211458526,1.118474923651));
#1735 = CARTESIAN_POINT('',(8.789465,-1.002102166594,1.093269861058));
#1736 = CARTESIAN_POINT('',(8.789465,-1.000254394817,1.068110309934));
#1737 = CARTESIAN_POINT('',(8.789465,-0.997670428751,1.043022190631));
#1738 = CARTESIAN_POINT('',(8.789465,-0.991036966458,0.993040555511));
#1739 = CARTESIAN_POINT('',(8.789465,-0.986987457025,0.968146940183));
#1740 = CARTESIAN_POINT('',(8.789465,-0.982208606758,0.943376395913));
#1741 = CARTESIAN_POINT('',(8.789465,-0.976704970329,0.918754541901));
#1742 = CARTESIAN_POINT('',(8.789465,-0.970482218539,0.894306747861));
#1743 = CARTESIAN_POINT('',(8.789465,-0.963547138324,0.87005813402));
#1744 = CARTESIAN_POINT('',(8.789465,-0.94881380658,0.823725044118));
#1745 = CARTESIAN_POINT('',(8.789465,-0.941112570307,0.801609629401));
#1746 = CARTESIAN_POINT('',(8.789465,-0.932810255885,0.779707228457));
#1747 = CARTESIAN_POINT('',(8.789465,-0.923913981871,0.75803741984));
#1748 = CARTESIAN_POINT('',(8.789465,-0.914431653423,0.736619459174));
#1749 = CARTESIAN_POINT('',(8.789465,-0.904371962307,0.715472279152));
#1750 = CARTESIAN_POINT('',(8.789465,-0.881890557872,0.671350037199));
#1751 = CARTESIAN_POINT('',(8.789465,-0.869330185739,0.648445519436));
#1752 = CARTESIAN_POINT('',(8.789465,-0.856076442126,0.625926772757));
#1753 = CARTESIAN_POINT('',(8.789465,-0.842143612012,0.603818932017));
#1754 = CARTESIAN_POINT('',(8.789465,-0.82754709372,0.582146430419));
#1755 = CARTESIAN_POINT('',(8.789465,-0.812303398916,0.560932999513));
#1756 = CARTESIAN_POINT('',(8.789465,-0.716535361328,0.435854598843));
#1757 = CARTESIAN_POINT('',(8.789465,-0.620632431316,0.343644464752));
#1758 = CARTESIAN_POINT('',(8.789465,-0.511026722525,0.266665299736));
#1759 = CARTESIAN_POINT('',(8.789465,-0.390690643248,0.207243761568));
#1760 = CARTESIAN_POINT('',(8.789465,-0.262937294155,0.167015847854));
#1761 = CARTESIAN_POINT('',(8.789465,-0.131421036236,0.146927176492));
#1762 = CARTESIAN_POINT('',(8.789465,-2.227268980683E-16,0.146927224854)
  );
#1763 = SURFACE_OF_REVOLUTION('',#1764,#1769);
#1764 = CIRCLE('',#1765,0.408334783403);
#1765 = AXIS2_PLACEMENT_3D('',#1766,#1767,#1768);
#1766 = CARTESIAN_POINT('',(8.739465,-6.254262811657E-16,-0.258334783403
    ));
#1767 = DIRECTION('',(0.,-1.,4.440892098501E-16));
#1768 = DIRECTION('',(1.,0.,0.));
#1769 = AXIS1_PLACEMENT('',#1770,#1771);
#1770 = CARTESIAN_POINT('',(0.,0.,1.15));
#1771 = DIRECTION('',(-1.,0.,-0.));
#1772 = ADVANCED_FACE('',(#1773),#1776,.T.);
#1773 = FACE_BOUND('',#1774,.T.);
#1774 = EDGE_LOOP('',(#1775));
#1775 = ORIENTED_EDGE('',*,*,#1573,.F.);
#1776 = PLANE('',#1777);
#1777 = AXIS2_PLACEMENT_3D('',#1778,#1779,#1780);
#1778 = CARTESIAN_POINT('',(8.789465,-2.5,2.65));
#1779 = DIRECTION('',(-1.,0.,0.));
#1780 = DIRECTION('',(0.,1.110223024625E-16,-1.));
#1781 = ADVANCED_FACE('',(#1782),#1802,.F.);
#1782 = FACE_BOUND('',#1783,.F.);
#1783 = EDGE_LOOP('',(#1784,#1785,#1794,#1801));
#1784 = ORIENTED_EDGE('',*,*,#1565,.T.);
#1785 = ORIENTED_EDGE('',*,*,#1786,.T.);
#1786 = EDGE_CURVE('',#1555,#1787,#1789,.T.);
#1787 = VERTEX_POINT('',#1788);
#1788 = CARTESIAN_POINT('',(9.239465435021,-4.440892098501E-16,0.));
#1789 = CIRCLE('',#1790,0.5);
#1790 = AXIS2_PLACEMENT_3D('',#1791,#1792,#1793);
#1791 = CARTESIAN_POINT('',(9.239465435021,-2.886579864025E-16,0.5));
#1792 = DIRECTION('',(0.,-1.,4.440892098501E-16));
#1793 = DIRECTION('',(1.,0.,0.));
#1794 = ORIENTED_EDGE('',*,*,#1795,.F.);
#1795 = EDGE_CURVE('',#1787,#1787,#1796,.T.);
#1796 = CIRCLE('',#1797,1.15);
#1797 = AXIS2_PLACEMENT_3D('',#1798,#1799,#1800);
#1798 = CARTESIAN_POINT('',(9.239465435021,0.,1.15));
#1799 = DIRECTION('',(-1.,-0.,0.));
#1800 = DIRECTION('',(0.,-4.440892098501E-16,-1.));
#1801 = ORIENTED_EDGE('',*,*,#1786,.F.);
#1802 = SURFACE_OF_REVOLUTION('',#1803,#1808);
#1803 = CIRCLE('',#1804,0.5);
#1804 = AXIS2_PLACEMENT_3D('',#1805,#1806,#1807);
#1805 = CARTESIAN_POINT('',(9.239465435021,-2.886579864025E-16,0.5));
#1806 = DIRECTION('',(0.,-1.,4.440892098501E-16));
#1807 = DIRECTION('',(1.,0.,0.));
#1808 = AXIS1_PLACEMENT('',#1809,#1810);
#1809 = CARTESIAN_POINT('',(0.,0.,1.15));
#1810 = DIRECTION('',(-1.,0.,-0.));
#1811 = ADVANCED_FACE('',(#1812),#1831,.T.);
#1812 = FACE_BOUND('',#1813,.F.);
#1813 = EDGE_LOOP('',(#1814,#1822,#1823,#1824));
#1814 = ORIENTED_EDGE('',*,*,#1815,.F.);
#1815 = EDGE_CURVE('',#1787,#1816,#1818,.T.);
#1816 = VERTEX_POINT('',#1817);
#1817 = CARTESIAN_POINT('',(9.589465,-4.440892098501E-16,0.));
#1818 = LINE('',#1819,#1820);
#1819 = CARTESIAN_POINT('',(9.239465435021,-5.107025913276E-16,
    1.133987551255E-31));
#1820 = VECTOR('',#1821,1.);
#1821 = DIRECTION('',(1.,0.,0.));
#1822 = ORIENTED_EDGE('',*,*,#1795,.T.);
#1823 = ORIENTED_EDGE('',*,*,#1815,.T.);
#1824 = ORIENTED_EDGE('',*,*,#1825,.T.);
#1825 = EDGE_CURVE('',#1816,#1816,#1826,.T.);
#1826 = CIRCLE('',#1827,1.15);
#1827 = AXIS2_PLACEMENT_3D('',#1828,#1829,#1830);
#1828 = CARTESIAN_POINT('',(9.589465,0.,1.15));
#1829 = DIRECTION('',(1.,0.,0.));
#1830 = DIRECTION('',(0.,-4.440892098501E-16,-1.));
#1831 = CYLINDRICAL_SURFACE('',#1832,1.15);
#1832 = AXIS2_PLACEMENT_3D('',#1833,#1834,#1835);
#1833 = CARTESIAN_POINT('',(9.239465435021,0.,1.15));
#1834 = DIRECTION('',(1.,0.,0.));
#1835 = DIRECTION('',(0.,-4.440892098501E-16,-1.));
#1836 = ADVANCED_FACE('',(#1837),#1840,.T.);
#1837 = FACE_BOUND('',#1838,.T.);
#1838 = EDGE_LOOP('',(#1839));
#1839 = ORIENTED_EDGE('',*,*,#1825,.T.);
#1840 = PLANE('',#1841);
#1841 = AXIS2_PLACEMENT_3D('',#1842,#1843,#1844);
#1842 = CARTESIAN_POINT('',(9.589465,-2.5,-0.35));
#1843 = DIRECTION('',(1.,0.,0.));
#1844 = DIRECTION('',(0.,-1.110223024625E-16,1.));
#1845 = ( GEOMETRIC_REPRESENTATION_CONTEXT(3) 
GLOBAL_UNCERTAINTY_ASSIGNED_CONTEXT((#1849)) 
GLOBAL_UNIT_ASSIGNED_CONTEXT((#1846,#1847,#1848)) REPRESENTATION_CONTEXT
('Context #1','3D Context with UNIT and UNCERTAINTY') );
#1846 = ( LENGTH_UNIT() NAMED_UNIT(*) SI_UNIT(.MILLI.,.METRE.) );
#1847 = ( NAMED_UNIT(*) PLANE_ANGLE_UNIT() SI_UNIT($,.RADIAN.) );
#1848 = ( NAMED_UNIT(*) SI_UNIT($,.STERADIAN.) SOLID_ANGLE_UNIT() );
#1849 = UNCERTAINTY_MEASURE_WITH_UNIT(LENGTH_MEASURE(1.E-06),#1846,
  'distance_accuracy_value','confusion accuracy');
#1850 = CONTEXT_DEPENDENT_SHAPE_REPRESENTATION(#1851,#1853);
#1851 = ( REPRESENTATION_RELATIONSHIP('','',#1547,#10) 
REPRESENTATION_RELATIONSHIP_WITH_TRANSFORMATION(#1852) 
SHAPE_REPRESENTATION_RELATIONSHIP() );
#1852 = ITEM_DEFINED_TRANSFORMATION('','',#11,#47);
#1853 = PRODUCT_DEFINITION_SHAPE('Placement','Placement of an item',
  #1854);
#1854 = NEXT_ASSEMBLY_USAGE_OCCURRENCE('35','Segment_4_MKIV','',#5,#1542
  ,$);
#1855 = PRODUCT_RELATED_PRODUCT_CATEGORY('part',$,(#1544));
#1856 = SHAPE_DEFINITION_REPRESENTATION(#1857,#1863);
#1857 = PRODUCT_DEFINITION_SHAPE('','',#1858);
#1858 = PRODUCT_DEFINITION('design','',#1859,#1862);
#1859 = PRODUCT_DEFINITION_FORMATION('','',#1860);
#1860 = PRODUCT('Band_5_MKV','Band_5_MKV','',(#1861));
#1861 = PRODUCT_CONTEXT('',#2,'mechanical');
#1862 = PRODUCT_DEFINITION_CONTEXT('part definition',#2,'design');
#1863 = ADVANCED_BREP_SHAPE_REPRESENTATION('',(#11,#1864),#2131);
#1864 = MANIFOLD_SOLID_BREP('',#1865);
#1865 = CLOSED_SHELL('',(#1866,#1899,#1908,#2122));
#1866 = ADVANCED_FACE('',(#1867),#1894,.T.);
#1867 = FACE_BOUND('',#1868,.F.);
#1868 = EDGE_LOOP('',(#1869,#1878,#1886,#1893));
#1869 = ORIENTED_EDGE('',*,*,#1870,.F.);
#1870 = EDGE_CURVE('',#1871,#1871,#1873,.T.);
#1871 = VERTEX_POINT('',#1872);
#1872 = CARTESIAN_POINT('',(9.589465,-4.440892098501E-16,0.));
#1873 = CIRCLE('',#1874,1.15);
#1874 = AXIS2_PLACEMENT_3D('',#1875,#1876,#1877);
#1875 = CARTESIAN_POINT('',(9.589465,0.,1.15));
#1876 = DIRECTION('',(1.,0.,0.));
#1877 = DIRECTION('',(0.,-4.440892098501E-16,-1.));
#1878 = ORIENTED_EDGE('',*,*,#1879,.T.);
#1879 = EDGE_CURVE('',#1871,#1880,#1882,.T.);
#1880 = VERTEX_POINT('',#1881);
#1881 = CARTESIAN_POINT('',(10.139465435021,-4.440892098501E-16,0.));
#1882 = LINE('',#1883,#1884);
#1883 = CARTESIAN_POINT('',(9.239465435021,-5.107025913276E-16,
    1.133987551255E-31));
#1884 = VECTOR('',#1885,1.);
#1885 = DIRECTION('',(1.,0.,0.));
#1886 = ORIENTED_EDGE('',*,*,#1887,.F.);
#1887 = EDGE_CURVE('',#1880,#1880,#1888,.T.);
#1888 = CIRCLE('',#1889,1.15);
#1889 = AXIS2_PLACEMENT_3D('',#1890,#1891,#1892);
#1890 = CARTESIAN_POINT('',(10.139465435021,0.,1.15));
#1891 = DIRECTION('',(-1.,-0.,0.));
#1892 = DIRECTION('',(0.,-4.440892098501E-16,-1.));
#1893 = ORIENTED_EDGE('',*,*,#1879,.F.);
#1894 = CYLINDRICAL_SURFACE('',#1895,1.15);
#1895 = AXIS2_PLACEMENT_3D('',#1896,#1897,#1898);
#1896 = CARTESIAN_POINT('',(9.239465435021,0.,1.15));
#1897 = DIRECTION('',(1.,0.,0.));
#1898 = DIRECTION('',(0.,-4.440892098501E-16,-1.));
#1899 = ADVANCED_FACE('',(#1900),#1903,.T.);
#1900 = FACE_BOUND('',#1901,.T.);
#1901 = EDGE_LOOP('',(#1902));
#1902 = ORIENTED_EDGE('',*,*,#1870,.F.);
#1903 = PLANE('',#1904);
#1904 = AXIS2_PLACEMENT_3D('',#1905,#1906,#1907);
#1905 = CARTESIAN_POINT('',(9.589465,-2.5,2.65));
#1906 = DIRECTION('',(-1.,0.,0.));
#1907 = DIRECTION('',(0.,1.110223024625E-16,-1.));
#1908 = ADVANCED_FACE('',(#1909),#2113,.F.);
#1909 = FACE_BOUND('',#1910,.F.);
#1910 = EDGE_LOOP('',(#1911,#1920,#1921,#1922));
#1911 = ORIENTED_EDGE('',*,*,#1912,.F.);
#1912 = EDGE_CURVE('',#1880,#1913,#1915,.T.);
#1913 = VERTEX_POINT('',#1914);
#1914 = CARTESIAN_POINT('',(10.189465,-4.440892098501E-16,
    2.506237725662E-03));
#1915 = CIRCLE('',#1916,0.5);
#1916 = AXIS2_PLACEMENT_3D('',#1917,#1918,#1919);
#1917 = CARTESIAN_POINT('',(10.139465435021,-2.886579864025E-16,0.5));
#1918 = DIRECTION('',(0.,-1.,4.440892098501E-16));
#1919 = DIRECTION('',(1.,0.,0.));
#1920 = ORIENTED_EDGE('',*,*,#1887,.T.);
#1921 = ORIENTED_EDGE('',*,*,#1912,.T.);
#1922 = ORIENTED_EDGE('',*,*,#1923,.T.);
#1923 = EDGE_CURVE('',#1913,#1913,#1924,.T.);
#1924 = B_SPLINE_CURVE_WITH_KNOTS('',7,(#1925,#1926,#1927,#1928,#1929,
    #1930,#1931,#1932,#1933,#1934,#1935,#1936,#1937,#1938,#1939,#1940,
    #1941,#1942,#1943,#1944,#1945,#1946,#1947,#1948,#1949,#1950,#1951,
    #1952,#1953,#1954,#1955,#1956,#1957,#1958,#1959,#1960,#1961,#1962,
    #1963,#1964,#1965,#1966,#1967,#1968,#1969,#1970,#1971,#1972,#1973,
    #1974,#1975,#1976,#1977,#1978,#1979,#1980,#1981,#1982,#1983,#1984,
    #1985,#1986,#1987,#1988,#1989,#1990,#1991,#1992,#1993,#1994,#1995,
    #1996,#1997,#1998,#1999,#2000,#2001,#2002,#2003,#2004,#2005,#2006,
    #2007,#2008,#2009,#2010,#2011,#2012,#2013,#2014,#2015,#2016,#2017,
    #2018,#2019,#2020,#2021,#2022,#2023,#2024,#2025,#2026,#2027,#2028,
    #2029,#2030,#2031,#2032,#2033,#2034,#2035,#2036,#2037,#2038,#2039,
    #2040,#2041,#2042,#2043,#2044,#2045,#2046,#2047,#2048,#2049,#2050,
    #2051,#2052,#2053,#2054,#2055,#2056,#2057,#2058,#2059,#2060,#2061,
    #2062,#2063,#2064,#2065,#2066,#2067,#2068,#2069,#2070,#2071,#2072,
    #2073,#2074,#2075,#2076,#2077,#2078,#2079,#2080,#2081,#2082,#2083,
    #2084,#2085,#2086,#2087,#2088,#2089,#2090,#2091,#2092,#2093,#2094,
    #2095,#2096,#2097,#2098,#2099,#2100,#2101,#2102,#2103,#2104,#2105,
    #2106,#2107,#2108,#2109,#2110,#2111,#2112),.UNSPECIFIED.,.T.,.F.,(8,
    6,6,6,6,6,6,6,6,6,6,6,6,6,6,6,6,6,6,6,6,6,6,6,6,6,6,6,6,6,6,8),(0.,
    2.300089584052E-02,5.200202538097E-02,8.100315492143E-02,
    0.110004284462,0.138005375052,0.167006504593,0.196007634133,
    0.225008763674,0.254009893214,0.283011022754,0.312012152295,
    0.340013242885,0.369014372426,0.398015501966,0.427016631507,
    0.456017761047,0.484018851637,0.513019981178,0.542021110719,
    0.571022240259,0.599023330849,0.62702442144,0.65502551203,
    0.684026641571,0.713027771111,0.738028744851,0.767029874392,
    0.796031003932,0.825032133473,0.854033263014,1.),.UNSPECIFIED.);
#1925 = CARTESIAN_POINT('',(10.189465,-2.547947990981E-16,
    2.506237725662E-03));
#1926 = CARTESIAN_POINT('',(10.189465,2.368971666207E-02,
    2.506237350366E-03));
#1927 = CARTESIAN_POINT('',(10.189465,4.737945481627E-02,
    3.076817984026E-03));
#1928 = CARTESIAN_POINT('',(10.189465,7.105268593302E-02,
    4.217977797766E-03));
#1929 = CARTESIAN_POINT('',(10.189465,9.469292448973E-02,
    5.929120800762E-03));
#1930 = CARTESIAN_POINT('',(10.189465,0.118283727971,8.20905684024E-03)
  );
#1931 = CARTESIAN_POINT('',(10.189465,0.141808696868,1.105600160148E-02)
  );
#1932 = CARTESIAN_POINT('',(10.189465,0.1948097464,1.87691237593E-02));
#1933 = CARTESIAN_POINT('',(10.189465,0.224237452513,2.396833308207E-02)
  );
#1934 = CARTESIAN_POINT('',(10.189465,0.253501764174,3.006041964491E-02)
  );
#1935 = CARTESIAN_POINT('',(10.189465,0.282570203991,3.703913460474E-02)
  );
#1936 = CARTESIAN_POINT('',(10.189465,0.31141064603,4.489676520666E-02)
  );
#1937 = CARTESIAN_POINT('',(10.189465,0.339991315807,5.362413478391E-02)
  );
#1938 = CARTESIAN_POINT('',(10.189465,0.396570265751,7.279706787684E-02)
  );
#1939 = CARTESIAN_POINT('',(10.189465,0.424568675527,8.324267531311E-02)
  );
#1940 = CARTESIAN_POINT('',(10.189465,0.452244601309,9.453677057323E-02)
  );
#1941 = CARTESIAN_POINT('',(10.189465,0.479567235691,0.106667323172));
#1942 = CARTESIAN_POINT('',(10.189465,0.50650638217,0.119620926633));
#1943 = CARTESIAN_POINT('',(10.189465,0.53303245515,0.133382798488));
#1944 = CARTESIAN_POINT('',(10.189465,0.585200506194,0.162490759434));
#1945 = CARTESIAN_POINT('',(10.189465,0.610842603763,0.177836915204));
#1946 = CARTESIAN_POINT('',(10.189465,0.636013805111,0.193959076298));
#1947 = CARTESIAN_POINT('',(10.189465,0.660685992835,0.210839828913));
#1948 = CARTESIAN_POINT('',(10.189465,0.68483189966,0.228460516733));
#1949 = CARTESIAN_POINT('',(10.189465,0.70842510844,0.246801240931));
#1950 = CARTESIAN_POINT('',(10.189465,0.753661381057,0.284223940579));
#1951 = CARTESIAN_POINT('',(10.189465,0.775343731398,0.303258624234));
#1952 = CARTESIAN_POINT('',(10.189465,0.796464104448,0.322925877201));
#1953 = CARTESIAN_POINT('',(10.189465,0.817000420801,0.343205734596));
#1954 = CARTESIAN_POINT('',(10.189465,0.836931520374,0.364077300585));
#1955 = CARTESIAN_POINT('',(10.189465,0.85623716241,0.385518748384));
#1956 = CARTESIAN_POINT('',(10.189465,0.894225348125,0.430281194199));
#1957 = CARTESIAN_POINT('',(10.189465,0.912861097419,0.453642069887));
#1958 = CARTESIAN_POINT('',(10.189465,0.930783812412,0.477564647987));
#1959 = CARTESIAN_POINT('',(10.189465,0.947973263888,0.502022763488));
#1960 = CARTESIAN_POINT('',(10.189465,0.964410454364,0.526989385705));
#1961 = CARTESIAN_POINT('',(10.189465,0.980077618087,0.552436618276));
#1962 = CARTESIAN_POINT('',(10.189465,1.009838826601,0.604234778552));
#1963 = CARTESIAN_POINT('',(10.189465,1.023932939567,0.630585824913));
#1964 = CARTESIAN_POINT('',(10.189465,1.037224038655,0.657360068893));
#1965 = CARTESIAN_POINT('',(10.189465,1.04969697079,0.684528112987));
#1966 = CARTESIAN_POINT('',(10.189465,1.061337951103,0.712059931543));
#1967 = CARTESIAN_POINT('',(10.189465,1.072134562932,0.739924870762));
#1968 = CARTESIAN_POINT('',(10.189465,1.092016955552,0.796258425628));
#1969 = CARTESIAN_POINT('',(10.189465,1.101102781889,0.824727170322));
#1970 = CARTESIAN_POINT('',(10.189465,1.109322202231,0.853466595941));
#1971 = CARTESIAN_POINT('',(10.189465,1.116665641355,0.882445045826));
#1972 = CARTESIAN_POINT('',(10.189465,1.123124983419,0.911630493497));
#1973 = CARTESIAN_POINT('',(10.189465,1.128693571963,0.94099054265));
#1974 = CARTESIAN_POINT('',(10.189465,1.138038850822,0.999994311201));
#1975 = CARTESIAN_POINT('',(10.189465,1.141815562545,1.029638165762));
#1976 = CARTESIAN_POINT('',(10.189465,1.144691162502,1.059391222421));
#1977 = CARTESIAN_POINT('',(10.189465,1.146661970357,1.089220613503));
#1978 = CARTESIAN_POINT('',(10.189465,1.147725808006,1.119093372082));
#1979 = CARTESIAN_POINT('',(10.189465,1.147881999581,1.148976431979));
#1980 = CARTESIAN_POINT('',(10.189465,1.146380746327,1.208696823629));
#1981 = CARTESIAN_POINT('',(10.189465,1.144723298059,1.238534292186));
#1982 = CARTESIAN_POINT('',(10.189465,1.142159867696,1.268315868378));
#1983 = CARTESIAN_POINT('',(10.189465,1.138692791641,1.298008561747));
#1984 = CARTESIAN_POINT('',(10.189465,1.134325901646,1.327579556445));
#1985 = CARTESIAN_POINT('',(10.189465,1.129064524813,1.356996211226));
#1986 = CARTESIAN_POINT('',(10.189465,1.116766445326,1.415455908292));
#1987 = CARTESIAN_POINT('',(10.189465,1.1097297145,1.444499084495));
#1988 = CARTESIAN_POINT('',(10.189465,1.101812127945,1.473323124441));
#1989 = CARTESIAN_POINT('',(10.189465,1.093021961447,1.501896007195));
#1990 = CARTESIAN_POINT('',(10.189465,1.083368929745,1.530186154501));
#1991 = CARTESIAN_POINT('',(10.189465,1.072864186534,1.558162430785));
#1992 = CARTESIAN_POINT('',(10.189465,1.050567631435,1.612473041534));
#1993 = CARTESIAN_POINT('',(10.189465,1.038832646529,1.638830841659));
#1994 = CARTESIAN_POINT('',(10.189465,1.026326712993,1.664839928983));
#1995 = CARTESIAN_POINT('',(10.189465,1.013062336083,1.690473290263));
#1996 = CARTESIAN_POINT('',(10.189465,0.999053183066,1.715704513555));
#1997 = CARTESIAN_POINT('',(10.189465,0.984314083219,1.740507788214));
#1998 = CARTESIAN_POINT('',(10.189465,0.95285608154,1.790077667572));
#1999 = CARTESIAN_POINT('',(10.189465,0.936085202055,1.814811435299));
#2000 = CARTESIAN_POINT('',(10.189465,0.918566172017,1.839031200826));
#2001 = CARTESIAN_POINT('',(10.189465,0.900317966547,1.862709875895));
#2002 = CARTESIAN_POINT('',(10.189465,0.881360753245,1.885821291246));
#2003 = CARTESIAN_POINT('',(10.189465,0.861715892192,1.908340196611));
#2004 = CARTESIAN_POINT('',(10.189465,0.821095981908,1.952144326881));
#2005 = CARTESIAN_POINT('',(10.189465,0.800120839627,1.97342965213));
#2006 = CARTESIAN_POINT('',(10.189465,0.778503072432,1.994073915187));
#2007 = CARTESIAN_POINT('',(10.189465,0.756266249865,2.014053914637));
#2008 = CARTESIAN_POINT('',(10.189465,0.733434947677,2.033347568932));
#2009 = CARTESIAN_POINT('',(10.189465,0.710034747828,2.051933916387));
#2010 = CARTESIAN_POINT('',(10.189465,0.662149730957,2.087652316398));
#2011 = CARTESIAN_POINT('',(10.189465,0.637664804241,2.104784450776));
#2012 = CARTESIAN_POINT('',(10.189465,0.612664055298,2.121169688278));
#2013 = CARTESIAN_POINT('',(10.189465,0.587174867713,2.13678948252));
#2014 = CARTESIAN_POINT('',(10.189465,0.561225411692,2.151626570775));
#2015 = CARTESIAN_POINT('',(10.189465,0.534844644072,2.165664973975));
#2016 = CARTESIAN_POINT('',(10.189465,0.481279973889,2.192115022148));
#2017 = CARTESIAN_POINT('',(10.189465,0.454095948622,2.204526727711));
#2018 = CARTESIAN_POINT('',(10.189465,0.42653998248,2.216110431161));
#2019 = CARTESIAN_POINT('',(10.189465,0.398642366427,2.22685285521));
#2020 = CARTESIAN_POINT('',(10.189465,0.370433932424,2.236742127517));
#2021 = CARTESIAN_POINT('',(10.189465,0.341946053431,2.245767780689));
#2022 = CARTESIAN_POINT('',(10.189465,0.28546610755,2.261792590281));
#2023 = CARTESIAN_POINT('',(10.189465,0.257490700982,2.268850927586));
#2024 = CARTESIAN_POINT('',(10.189465,0.229313145233,2.275087621344));
#2025 = CARTESIAN_POINT('',(10.189465,0.200962406996,2.280495813903));
#2026 = CARTESIAN_POINT('',(10.189465,0.172467698131,2.285069932803));
#2027 = CARTESIAN_POINT('',(10.189465,0.143858475658,2.288805690777));
#2028 = CARTESIAN_POINT('',(10.189465,8.544562418999E-02,2.29469785444)
  );
#2029 = CARTESIAN_POINT('',(10.189465,5.563569963353E-02,2.296793102062)
  );
#2030 = CARTESIAN_POINT('',(10.189465,2.576767704953E-02,2.297982506358)
  );
#2031 = CARTESIAN_POINT('',(10.189465,-4.125420417303E-03,2.298264250507
    ));
#2032 = CARTESIAN_POINT('',(10.189465,-3.401055543337E-02,2.297638023129
    ));
#2033 = CARTESIAN_POINT('',(10.189465,-6.38546764762E-02,2.296105018288)
  );
#2034 = CARTESIAN_POINT('',(10.189465,-0.123394759439,2.291230855697));
#2035 = CARTESIAN_POINT('',(10.189465,-0.15309085775,2.287889686782));
#2036 = CARTESIAN_POINT('',(10.189465,-0.182679948257,2.283647142893));
#2037 = CARTESIAN_POINT('',(10.189465,-0.212129225287,2.278507421271));
#2038 = CARTESIAN_POINT('',(10.189465,-0.241406142009,2.272476202248));
#2039 = CARTESIAN_POINT('',(10.189465,-0.270478410433,2.265560649244));
#2040 = CARTESIAN_POINT('',(10.189465,-0.328149593173,2.249978171217));
#2041 = CARTESIAN_POINT('',(10.189465,-0.3567486396,2.241311210496));
#2042 = CARTESIAN_POINT('',(10.189465,-0.385079115374,2.231777187312));
#2043 = CARTESIAN_POINT('',(10.189465,-0.413109518478,2.221386173995));
#2044 = CARTESIAN_POINT('',(10.189465,-0.440808870196,2.210149654515));
#2045 = CARTESIAN_POINT('',(10.189465,-0.468146715114,2.198080524474));
#2046 = CARTESIAN_POINT('',(10.189465,-0.521110344454,2.172750053174));
#2047 = CARTESIAN_POINT('',(10.189465,-0.546762768807,2.159544121818));
#2048 = CARTESIAN_POINT('',(10.189465,-0.572023464873,2.145588182892));
#2049 = CARTESIAN_POINT('',(10.189465,-0.596866169365,2.13089624841));
#2050 = CARTESIAN_POINT('',(10.189465,-0.621265285013,2.115483456559));
#2051 = CARTESIAN_POINT('',(10.189465,-0.645195880558,2.09936607169));
#2052 = CARTESIAN_POINT('',(10.189465,-0.692071502378,2.065756898943));
#2053 = CARTESIAN_POINT('',(10.189465,-0.715016621987,2.048265044145));
#2054 = CARTESIAN_POINT('',(10.189465,-0.737444791277,2.030103320126));
#2055 = CARTESIAN_POINT('',(10.189465,-0.759332604778,2.011290119297));
#2056 = CARTESIAN_POINT('',(10.189465,-0.780657509862,1.991844826288));
#2057 = CARTESIAN_POINT('',(10.189465,-0.801397806737,1.971787817944));
#2058 = CARTESIAN_POINT('',(10.189465,-0.841667491916,1.930493110422));
#2059 = CARTESIAN_POINT('',(10.189465,-0.861196960401,1.909255329021));
#2060 = CARTESIAN_POINT('',(10.189465,-0.880100215478,1.887448496502));
#2061 = CARTESIAN_POINT('',(10.189465,-0.898357432055,1.865094817874));
#2062 = CARTESIAN_POINT('',(10.189465,-0.915949798372,1.842217325783));
#2063 = CARTESIAN_POINT('',(10.189465,-0.932859516008,1.818839880507));
#2064 = CARTESIAN_POINT('',(10.189465,-0.965859023074,1.770282580926));
#2065 = CARTESIAN_POINT('',(10.189465,-0.981898033404,1.745068065022));
#2066 = CARTESIAN_POINT('',(10.189465,-0.997168189423,1.719371065376));
#2067 = CARTESIAN_POINT('',(10.189465,-1.011652166688,1.693219754538));
#2068 = CARTESIAN_POINT('',(10.189465,-1.025333957757,1.666643034485));
#2069 = CARTESIAN_POINT('',(10.189465,-1.038198872193,1.639670536617));
#2070 = CARTESIAN_POINT('',(10.189465,-1.062268203685,1.584994708121));
#2071 = CARTESIAN_POINT('',(10.189465,-1.073472675878,1.557291252244));
#2072 = CARTESIAN_POINT('',(10.189465,-1.083833593151,1.529252620878));
#2073 = CARTESIAN_POINT('',(10.189465,-1.093339022891,1.500909659469));
#2074 = CARTESIAN_POINT('',(10.189465,-1.101978459862,1.47229369217));
#2075 = CARTESIAN_POINT('',(10.189465,-1.109742826203,1.443436521831));
#2076 = CARTESIAN_POINT('',(10.189465,-1.122556928106,1.389313446178));
#2077 = CARTESIAN_POINT('',(10.189465,-1.127833399893,1.364101118795));
#2078 = CARTESIAN_POINT('',(10.189465,-1.132448997456,1.3387541121));
#2079 = CARTESIAN_POINT('',(10.189465,-1.136399653152,1.313293217832));
#2080 = CARTESIAN_POINT('',(10.189465,-1.139682121034,1.28773935523));
#2081 = CARTESIAN_POINT('',(10.189465,-1.142293976851,1.262113571032));
#2082 = CARTESIAN_POINT('',(10.189465,-1.146483603281,1.20665227321));
#2083 = CARTESIAN_POINT('',(10.189465,-1.147829062953,1.176799109175));
#2084 = CARTESIAN_POINT('',(10.189465,-1.148267505364,1.146910629389));
#2085 = CARTESIAN_POINT('',(10.189465,-1.147797944142,1.117019892225));
#2086 = CARTESIAN_POINT('',(10.189465,-1.146420898238,1.087159932409));
#2087 = CARTESIAN_POINT('',(10.189465,-1.144138391926,1.057363761017));
#2088 = CARTESIAN_POINT('',(10.189465,-1.137769520681,0.997964969622));
#2089 = CARTESIAN_POINT('',(10.189465,-1.133683141158,0.96836221355));
#2090 = CARTESIAN_POINT('',(10.189465,-1.128698360441,0.938889083128));
#2091 = CARTESIAN_POINT('',(10.189465,-1.122820198856,0.909578268191));
#2092 = CARTESIAN_POINT('',(10.189465,-1.116055152844,0.880462162543));
#2093 = CARTESIAN_POINT('',(10.189465,-1.108411194967,0.851572863959));
#2094 = CARTESIAN_POINT('',(10.189465,-1.091384355726,0.794311483557));
#2095 = CARTESIAN_POINT('',(10.189465,-1.082001435358,0.765939270565));
#2096 = CARTESIAN_POINT('',(10.189465,-1.07175847556,0.737857332772));
#2097 = CARTESIAN_POINT('',(10.189465,-1.060666337132,0.710096909126));
#2098 = CARTESIAN_POINT('',(10.189465,-1.048737278912,0.682688679967));
#2099 = CARTESIAN_POINT('',(10.189465,-1.03598495778,0.655662767024));
#2100 = CARTESIAN_POINT('',(10.189465,-1.00886390221,0.602434698442));
#2101 = CARTESIAN_POINT('',(10.189465,-0.994495105645,0.576232420871));
#2102 = CARTESIAN_POINT('',(10.189465,-0.979333106964,0.550471457153));
#2103 = CARTESIAN_POINT('',(10.189465,-0.963394247848,0.525180561044));
#2104 = CARTESIAN_POINT('',(10.189465,-0.946696143648,0.500387683604));
#2105 = CARTESIAN_POINT('',(10.189465,-0.929257683385,0.476119973198));
#2106 = CARTESIAN_POINT('',(10.189465,-0.819703992652,0.333036672226));
#2107 = CARTESIAN_POINT('',(10.189465,-0.709987889706,0.227541543945));
#2108 = CARTESIAN_POINT('',(10.189465,-0.584599629081,0.13948392249));
#2109 = CARTESIAN_POINT('',(10.189465,-0.446944236684,7.151016763041E-02
    ));
#2110 = CARTESIAN_POINT('',(10.189465,-0.300800008111,2.548598861666E-02
    ));
#2111 = CARTESIAN_POINT('',(10.189465,-0.150338146026,2.506141041506E-03
    ));
#2112 = CARTESIAN_POINT('',(10.189465,-2.547947990981E-16,
    2.506237725662E-03));
#2113 = SURFACE_OF_REVOLUTION('',#2114,#2119);
#2114 = CIRCLE('',#2115,0.5);
#2115 = AXIS2_PLACEMENT_3D('',#2116,#2117,#2118);
#2116 = CARTESIAN_POINT('',(10.139465435021,-2.886579864025E-16,0.5));
#2117 = DIRECTION('',(0.,-1.,4.440892098501E-16));
#2118 = DIRECTION('',(1.,0.,0.));
#2119 = AXIS1_PLACEMENT('',#2120,#2121);
#2120 = CARTESIAN_POINT('',(0.,0.,1.15));
#2121 = DIRECTION('',(-1.,0.,-0.));
#2122 = ADVANCED_FACE('',(#2123),#2126,.T.);
#2123 = FACE_BOUND('',#2124,.T.);
#2124 = EDGE_LOOP('',(#2125));
#2125 = ORIENTED_EDGE('',*,*,#1923,.T.);
#2126 = PLANE('',#2127);
#2127 = AXIS2_PLACEMENT_3D('',#2128,#2129,#2130);
#2128 = CARTESIAN_POINT('',(10.189465,-2.5,-0.35));
#2129 = DIRECTION('',(1.,0.,0.));
#2130 = DIRECTION('',(0.,-1.110223024625E-16,1.));
#2131 = ( GEOMETRIC_REPRESENTATION_CONTEXT(3) 
GLOBAL_UNCERTAINTY_ASSIGNED_CONTEXT((#2135)) 
GLOBAL_UNIT_ASSIGNED_CONTEXT((#2132,#2133,#2134)) REPRESENTATION_CONTEXT
('Context #1','3D Context with UNIT and UNCERTAINTY') );
#2132 = ( LENGTH_UNIT() NAMED_UNIT(*) SI_UNIT(.MILLI.,.METRE.) );
#2133 = ( NAMED_UNIT(*) PLANE_ANGLE_UNIT() SI_UNIT($,.RADIAN.) );
#2134 = ( NAMED_UNIT(*) SI_UNIT($,.STERADIAN.) SOLID_ANGLE_UNIT() );
#2135 = UNCERTAINTY_MEASURE_WITH_UNIT(LENGTH_MEASURE(1.E-06),#2132,
  'distance_accuracy_value','confusion accuracy');
#2136 = CONTEXT_DEPENDENT_SHAPE_REPRESENTATION(#2137,#2139);
#2137 = ( REPRESENTATION_RELATIONSHIP('','',#1863,#10) 
REPRESENTATION_RELATIONSHIP_WITH_TRANSFORMATION(#2138) 
SHAPE_REPRESENTATION_RELATIONSHIP() );
#2138 = ITEM_DEFINED_TRANSFORMATION('','',#11,#51);
#2139 = PRODUCT_DEFINITION_SHAPE('Placement','Placement of an item',
  #2140);
#2140 = NEXT_ASSEMBLY_USAGE_OCCURRENCE('36','Band_5_MKV','',#5,#1858,$);
#2141 = PRODUCT_RELATED_PRODUCT_CATEGORY('part',$,(#1860));
#2142 = SHAPE_DEFINITION_REPRESENTATION(#2143,#2149);
#2143 = PRODUCT_DEFINITION_SHAPE('','',#2144);
#2144 = PRODUCT_DEFINITION('design','',#2145,#2148);
#2145 = PRODUCT_DEFINITION_FORMATION('','',#2146);
#2146 = PRODUCT('Butt_MKV','Butt_MKV','',(#2147));
#2147 = PRODUCT_CONTEXT('',#2,'mechanical');
#2148 = PRODUCT_DEFINITION_CONTEXT('part definition',#2,'design');
#2149 = ADVANCED_BREP_SHAPE_REPRESENTATION('',(#11,#2150),#2422);
#2150 = MANIFOLD_SOLID_BREP('',#2151);
#2151 = CLOSED_SHELL('',(#2152,#2374,#2383,#2413));
#2152 = ADVANCED_FACE('',(#2153),#2365,.F.);
#2153 = FACE_BOUND('',#2154,.F.);
#2154 = EDGE_LOOP('',(#2155,#2348,#2357,#2364));
#2155 = ORIENTED_EDGE('',*,*,#2156,.F.);
#2156 = EDGE_CURVE('',#2157,#2157,#2159,.T.);
#2157 = VERTEX_POINT('',#2158);
#2158 = CARTESIAN_POINT('',(10.189465,-4.440892098501E-16,
    2.506237725662E-03));
#2159 = B_SPLINE_CURVE_WITH_KNOTS('',7,(#2160,#2161,#2162,#2163,#2164,
    #2165,#2166,#2167,#2168,#2169,#2170,#2171,#2172,#2173,#2174,#2175,
    #2176,#2177,#2178,#2179,#2180,#2181,#2182,#2183,#2184,#2185,#2186,
    #2187,#2188,#2189,#2190,#2191,#2192,#2193,#2194,#2195,#2196,#2197,
    #2198,#2199,#2200,#2201,#2202,#2203,#2204,#2205,#2206,#2207,#2208,
    #2209,#2210,#2211,#2212,#2213,#2214,#2215,#2216,#2217,#2218,#2219,
    #2220,#2221,#2222,#2223,#2224,#2225,#2226,#2227,#2228,#2229,#2230,
    #2231,#2232,#2233,#2234,#2235,#2236,#2237,#2238,#2239,#2240,#2241,
    #2242,#2243,#2244,#2245,#2246,#2247,#2248,#2249,#2250,#2251,#2252,
    #2253,#2254,#2255,#2256,#2257,#2258,#2259,#2260,#2261,#2262,#2263,
    #2264,#2265,#2266,#2267,#2268,#2269,#2270,#2271,#2272,#2273,#2274,
    #2275,#2276,#2277,#2278,#2279,#2280,#2281,#2282,#2283,#2284,#2285,
    #2286,#2287,#2288,#2289,#2290,#2291,#2292,#2293,#2294,#2295,#2296,
    #2297,#2298,#2299,#2300,#2301,#2302,#2303,#2304,#2305,#2306,#2307,
    #2308,#2309,#2310,#2311,#2312,#2313,#2314,#2315,#2316,#2317,#2318,
    #2319,#2320,#2321,#2322,#2323,#2324,#2325,#2326,#2327,#2328,#2329,
    #2330,#2331,#2332,#2333,#2334,#2335,#2336,#2337,#2338,#2339,#2340,
    #2341,#2342,#2343,#2344,#2345,#2346,#2347),.UNSPECIFIED.,.T.,.F.,(8,
    6,6,6,6,6,6,6,6,6,6,6,6,6,6,6,6,6,6,6,6,6,6,6,6,6,6,6,6,6,6,8),(0.,
    2.300086696165E-02,5.200195248154E-02,8.100303800141E-02,
    0.110004123521,0.1380051732,0.16700625872,0.19600734424,
    0.22500842976,0.25400951528,0.283010600799,0.312011686319,
    0.341012771839,0.369013821518,0.398014907038,0.427015992558,
    0.456017078077,0.485018163597,0.514019249117,0.543020334637,
    0.572021420157,0.601022505677,0.627023482894,0.655024532572,
    0.684025618092,0.713026703612,0.738027644261,0.767028729781,
    0.796029815301,0.825030900821,0.854031986341,1.),.UNSPECIFIED.);
#2160 = CARTESIAN_POINT('',(10.189465,-2.547947990981E-16,
    2.506237725662E-03));
#2161 = CARTESIAN_POINT('',(10.189465,2.368971975323E-02,
    2.506237725662E-03));
#2162 = CARTESIAN_POINT('',(10.189465,4.737945791653E-02,
    3.076818233639E-03));
#2163 = CARTESIAN_POINT('',(10.189465,7.10526871815E-02,
    4.217977781959E-03));
#2164 = CARTESIAN_POINT('',(10.189465,9.469292325655E-02,
    5.929120605326E-03));
#2165 = CARTESIAN_POINT('',(10.189465,0.118283724867,8.20905664078E-03)
  );
#2166 = CARTESIAN_POINT('',(10.189465,0.141808693755,1.10560015277E-02)
  );
#2167 = CARTESIAN_POINT('',(10.189465,0.194809755918,1.876912666766E-02)
  );
#2168 = CARTESIAN_POINT('',(10.189465,0.22423746215,2.396833549912E-02)
  );
#2169 = CARTESIAN_POINT('',(10.189465,0.253501768137,3.006042015957E-02)
  );
#2170 = CARTESIAN_POINT('',(10.189465,0.282570200227,3.703913326408E-02)
  );
#2171 = CARTESIAN_POINT('',(10.189465,0.311410636347,4.489676298542E-02)
  );
#2172 = CARTESIAN_POINT('',(10.189465,0.339991306006,5.3624133054E-02));
#2173 = CARTESIAN_POINT('',(10.189465,0.396570274585,7.279707246185E-02)
  );
#2174 = CARTESIAN_POINT('',(10.189465,0.424568684565,8.324267943631E-02)
  );
#2175 = CARTESIAN_POINT('',(10.189465,0.452244605113,9.45367717975E-02)
  );
#2176 = CARTESIAN_POINT('',(10.189465,0.479567232231,0.106667321171));
#2177 = CARTESIAN_POINT('',(10.189465,0.50650637305,0.119620922694));
#2178 = CARTESIAN_POINT('',(10.189465,0.533032445824,0.133382795011));
#2179 = CARTESIAN_POINT('',(10.189465,0.58520051405,0.162490765544));
#2180 = CARTESIAN_POINT('',(10.189465,0.610842611905,0.177836920897));
#2181 = CARTESIAN_POINT('',(10.189465,0.63601380863,0.193959078191));
#2182 = CARTESIAN_POINT('',(10.189465,0.660685989795,0.210839826318));
#2183 = CARTESIAN_POINT('',(10.189465,0.684831891404,0.228460511206));
#2184 = CARTESIAN_POINT('',(10.189465,0.708425099899,0.246801235821));
#2185 = CARTESIAN_POINT('',(10.189465,0.753661386641,0.284223946783));
#2186 = CARTESIAN_POINT('',(10.189465,0.775343737269,0.303258630147));
#2187 = CARTESIAN_POINT('',(10.189465,0.796464107062,0.322925879298));
#2188 = CARTESIAN_POINT('',(10.189465,0.817000418672,0.343205732009));
#2189 = CARTESIAN_POINT('',(10.189465,0.836931514388,0.364077294789));
#2190 = CARTESIAN_POINT('',(10.189465,0.856237156137,0.385518742879));
#2191 = CARTESIAN_POINT('',(10.189465,0.894225353342,0.430281202675));
#2192 = CARTESIAN_POINT('',(10.189465,0.912861103049,0.453642078073));
#2193 = CARTESIAN_POINT('',(10.189465,0.930783815044,0.477564650994));
#2194 = CARTESIAN_POINT('',(10.189465,0.947973261951,0.502022759993));
#2195 = CARTESIAN_POINT('',(10.189465,0.96441044857,0.526989377635));
#2196 = CARTESIAN_POINT('',(10.189465,0.980077611879,0.552436610497));
#2197 = CARTESIAN_POINT('',(10.189465,1.009838830195,0.604234787833));
#2198 = CARTESIAN_POINT('',(10.189465,1.023932943621,0.630585833984));
#2199 = CARTESIAN_POINT('',(10.189465,1.037224040699,0.657360072327));
#2200 = CARTESIAN_POINT('',(10.189465,1.049696969518,0.684528109199));
#2201 = CARTESIAN_POINT('',(10.189465,1.061337946867,0.712059922557));
#2202 = CARTESIAN_POINT('',(10.189465,1.072134558236,0.739924861987));
#2203 = CARTESIAN_POINT('',(10.189465,1.092016957405,0.796258435407));
#2204 = CARTESIAN_POINT('',(10.189465,1.101102784232,0.824727179976));
#2205 = CARTESIAN_POINT('',(10.189465,1.109322203619,0.853466599688));
#2206 = CARTESIAN_POINT('',(10.189465,1.11666564079,0.88244504187));
#2207 = CARTESIAN_POINT('',(10.189465,1.123124980882,0.911630483892));
#2208 = CARTESIAN_POINT('',(10.189465,1.128693568936,0.940990533169));
#2209 = CARTESIAN_POINT('',(10.189465,1.138038850872,0.999994321154));
#2210 = CARTESIAN_POINT('',(10.189465,1.1418155631,1.029638175681));
#2211 = CARTESIAN_POINT('',(10.189465,1.144691163188,1.059391226358));
#2212 = CARTESIAN_POINT('',(10.189465,1.146661970518,1.08922060951));
#2213 = CARTESIAN_POINT('',(10.189465,1.14772580725,1.119093362176));
#2214 = CARTESIAN_POINT('',(10.189465,1.147881998321,1.148976422107));
#2215 = CARTESIAN_POINT('',(10.189465,1.146380744573,1.208696833426));
#2216 = CARTESIAN_POINT('',(10.189465,1.144723296807,1.238534302042));
#2217 = CARTESIAN_POINT('',(10.189465,1.142159867657,1.268315872374));
#2218 = CARTESIAN_POINT('',(10.189465,1.138692792523,1.29800855785));
#2219 = CARTESIAN_POINT('',(10.189465,1.134325902698,1.327579546566));
#2220 = CARTESIAN_POINT('',(10.189465,1.129064525363,1.356996201288));
#2221 = CARTESIAN_POINT('',(10.189465,1.116766441825,1.415455917609));
#2222 = CARTESIAN_POINT('',(10.189465,1.109729711482,1.444499093961));
#2223 = CARTESIAN_POINT('',(10.189465,1.101812127183,1.473323128364));
#2224 = CARTESIAN_POINT('',(10.189465,1.093021963021,1.501896003522));
#2225 = CARTESIAN_POINT('',(10.189465,1.08336893257,1.530186144976));
#2226 = CARTESIAN_POINT('',(10.189465,1.072864188876,1.558162421112));
#2227 = CARTESIAN_POINT('',(10.189465,1.050176460053,1.613425865195));
#2228 = CARTESIAN_POINT('',(10.189465,1.037993430389,1.64071314162));
#2229 = CARTESIAN_POINT('',(10.189465,1.02498383891,1.667625288133));
#2230 = CARTESIAN_POINT('',(10.189465,1.011161624453,1.694132316791));
#2231 = CARTESIAN_POINT('',(10.189465,0.996542061256,1.720204935999));
#2232 = CARTESIAN_POINT('',(10.189465,0.98114175896,1.745814550515));
#2233 = CARTESIAN_POINT('',(10.189465,0.949372913515,1.795185811315));
#2234 = CARTESIAN_POINT('',(10.189465,0.933056013903,1.818980816812));
#2235 = CARTESIAN_POINT('',(10.189465,0.916044120404,1.842293178102));
#2236 = CARTESIAN_POINT('',(10.189465,0.898354423815,1.865098597527));
#2237 = CARTESIAN_POINT('',(10.189465,0.880005149098,1.887373579607));
#2238 = CARTESIAN_POINT('',(10.189465,0.861015555379,1.909095431045));
#2239 = CARTESIAN_POINT('',(10.189465,0.821095974113,1.95214433307));
#2240 = CARTESIAN_POINT('',(10.189465,0.80012083217,1.973429658694));
#2241 = CARTESIAN_POINT('',(10.189465,0.77850306976,1.994073918159));
#2242 = CARTESIAN_POINT('',(10.189465,0.756266253105,2.014053912297));
#2243 = CARTESIAN_POINT('',(10.189465,0.733434954999,2.033347562217));
#2244 = CARTESIAN_POINT('',(10.189465,0.710034754813,2.051933909297));
#2245 = CARTESIAN_POINT('',(10.189465,0.66214972217,2.087652321072));
#2246 = CARTESIAN_POINT('',(10.189465,0.637664795717,2.104784455881));
#2247 = CARTESIAN_POINT('',(10.189465,0.612664052132,2.121169690717));
#2248 = CARTESIAN_POINT('',(10.189465,0.587174871323,2.136789480806));
#2249 = CARTESIAN_POINT('',(10.189465,0.56122542011,2.151626565498));
#2250 = CARTESIAN_POINT('',(10.189465,0.534844652226,2.165664968268));
#2251 = CARTESIAN_POINT('',(10.189465,0.4812799644,2.192115025152));
#2252 = CARTESIAN_POINT('',(10.189465,0.454095939315,2.204526731187));
#2253 = CARTESIAN_POINT('',(10.189465,0.426539978925,2.216110432986));
#2254 = CARTESIAN_POINT('',(10.189465,0.398642370288,2.226852854179));
#2255 = CARTESIAN_POINT('',(10.189465,0.370433941658,2.236742123853));
#2256 = CARTESIAN_POINT('',(10.189465,0.341946062484,2.245767776553));
#2257 = CARTESIAN_POINT('',(10.189465,0.28447522433,2.262073728007));
#2258 = CARTESIAN_POINT('',(10.189465,0.255492152538,2.269354058769));
#2259 = CARTESIAN_POINT('',(10.189465,0.226293341892,2.275752695914));
#2260 = CARTESIAN_POINT('',(10.189465,0.196910983812,2.28126207105));
#2261 = CARTESIAN_POINT('',(10.189465,0.167377547273,2.285876096042));
#2262 = CARTESIAN_POINT('',(10.189465,0.137725778809,2.289590163012));
#2263 = CARTESIAN_POINT('',(10.189465,7.825162621375E-02,2.295212125668)
  );
#2264 = CARTESIAN_POINT('',(10.189465,4.842912533881E-02,2.297120032389)
  );
#2265 = CARTESIAN_POINT('',(10.189465,1.855422508785E-02,2.298121748628)
  );
#2266 = CARTESIAN_POINT('',(10.189465,-1.134004460639E-02,2.298215664555
    ));
#2267 = CARTESIAN_POINT('',(10.189465,-4.122064907975E-02,2.297401676389
    ));
#2268 = CARTESIAN_POINT('',(10.189465,-7.105454893666E-02,2.295681186394
    ));
#2269 = CARTESIAN_POINT('',(10.189465,-0.130562851164,2.290433019373));
#2270 = CARTESIAN_POINT('',(10.189465,-0.160237370345,2.286905332046));
#2271 = CARTESIAN_POINT('',(10.189465,-0.189799214502,2.282476960965));
#2272 = CARTESIAN_POINT('',(10.189465,-0.219215608797,2.277152308165));
#2273 = CARTESIAN_POINT('',(10.189465,-0.248454046641,2.270937257654));
#2274 = CARTESIAN_POINT('',(10.189465,-0.277482289699,2.263839175413));
#2275 = CARTESIAN_POINT('',(10.189465,-0.335054446069,2.247894643375));
#2276 = CARTESIAN_POINT('',(10.189465,-0.363598472392,2.23904816228));
#2277 = CARTESIAN_POINT('',(10.189465,-0.391868479916,2.229336325429));
#2278 = CARTESIAN_POINT('',(10.189465,-0.419833034057,2.218769400973));
#2279 = CARTESIAN_POINT('',(10.189465,-0.447461232582,2.207359065893));
#2280 = CARTESIAN_POINT('',(10.189465,-0.474722705614,2.195118405998));
#2281 = CARTESIAN_POINT('',(10.189465,-0.528452525633,2.16900542586));
#2282 = CARTESIAN_POINT('',(10.189465,-0.55492097809,2.155133054359));
#2283 = CARTESIAN_POINT('',(10.189465,-0.580963140622,2.140459306676));
#2284 = CARTESIAN_POINT('',(10.189465,-0.606549959686,2.124999977101));
#2285 = CARTESIAN_POINT('',(10.189465,-0.631653160568,2.108772148967));
#2286 = CARTESIAN_POINT('',(10.189465,-0.656245247378,2.091794194649));
#2287 = CARTESIAN_POINT('',(10.189465,-0.701865390769,2.058209259464));
#2288 = CARTESIAN_POINT('',(10.189465,-0.722999032873,2.041745544633));
#2289 = CARTESIAN_POINT('',(10.189465,-0.743681193031,2.024708796406));
#2290 = CARTESIAN_POINT('',(10.189465,-0.763893273793,2.007113914034));
#2291 = CARTESIAN_POINT('',(10.189465,-0.783617316591,1.988976530688));
#2292 = CARTESIAN_POINT('',(10.189465,-0.802836001743,1.970313013452));
#2293 = CARTESIAN_POINT('',(10.189465,-0.841667496806,1.930493103658));
#2294 = CARTESIAN_POINT('',(10.189465,-0.861196965608,1.909255322517));
#2295 = CARTESIAN_POINT('',(10.189465,-0.880100217853,1.887448494139));
#2296 = CARTESIAN_POINT('',(10.189465,-0.898357430213,1.865094820673));
#2297 = CARTESIAN_POINT('',(10.189465,-0.915949793038,1.842217332184));
#2298 = CARTESIAN_POINT('',(10.189465,-0.932859510357,1.81883988665));
#2299 = CARTESIAN_POINT('',(10.189465,-0.965859027357,1.770282571942));
#2300 = CARTESIAN_POINT('',(10.189465,-0.981898038129,1.745068056282));
#2301 = CARTESIAN_POINT('',(10.189465,-0.99716819172,1.719371062105));
#2302 = CARTESIAN_POINT('',(10.189465,-1.011652165134,1.69321975822));
#2303 = CARTESIAN_POINT('',(10.189465,-1.025333952856,1.666643043126));
#2304 = CARTESIAN_POINT('',(10.189465,-1.038198866849,1.639670545014));
#2305 = CARTESIAN_POINT('',(10.189465,-1.062268206269,1.58499469851));
#2306 = CARTESIAN_POINT('',(10.189465,-1.073472678941,1.557291242793));
#2307 = CARTESIAN_POINT('',(10.189465,-1.083833594817,1.529252617245));
#2308 = CARTESIAN_POINT('',(10.189465,-1.09333902203,1.500909663372));
#2309 = CARTESIAN_POINT('',(10.189465,-1.101978456607,1.472293701557));
#2310 = CARTESIAN_POINT('',(10.189465,-1.109742822469,1.443436531057));
#2311 = CARTESIAN_POINT('',(10.189465,-1.122556928584,1.389313441473));
#2312 = CARTESIAN_POINT('',(10.189465,-1.127833400577,1.364101114123));
#2313 = CARTESIAN_POINT('',(10.189465,-1.132448997918,1.33875411026));
#2314 = CARTESIAN_POINT('',(10.189465,-1.136399653035,1.313293219725));
#2315 = CARTESIAN_POINT('',(10.189465,-1.139682120269,1.28773935989));
#2316 = CARTESIAN_POINT('',(10.189465,-1.142293975881,1.262113575661));
#2317 = CARTESIAN_POINT('',(10.189465,-1.146483602519,1.206652263287));
#2318 = CARTESIAN_POINT('',(10.189465,-1.147829062696,1.176799099243));
#2319 = CARTESIAN_POINT('',(10.189465,-1.148267505726,1.146910625409));
#2320 = CARTESIAN_POINT('',(10.189465,-1.147797944629,1.117019896192));
#2321 = CARTESIAN_POINT('',(10.189465,-1.146420898293,1.087159942344));
#2322 = CARTESIAN_POINT('',(10.189465,-1.144138391477,1.05736377096));
#2323 = CARTESIAN_POINT('',(10.189465,-1.137769518133,0.997964960001));
#2324 = CARTESIAN_POINT('',(10.189465,-1.133683139106,0.96836220383));
#2325 = CARTESIAN_POINT('',(10.189465,-1.128698360076,0.938889079149));
#2326 = CARTESIAN_POINT('',(10.189465,-1.122820200054,0.909578272003));
#2327 = CARTESIAN_POINT('',(10.189465,-1.116055154699,0.880462172303));
#2328 = CARTESIAN_POINT('',(10.189465,-1.108411196326,0.851572873819));
#2329 = CARTESIAN_POINT('',(10.189465,-1.091384351477,0.794311474557));
#2330 = CARTESIAN_POINT('',(10.189465,-1.082001431579,0.765939261377));
#2331 = CARTESIAN_POINT('',(10.189465,-1.07175847448,0.737857328924));
#2332 = CARTESIAN_POINT('',(10.189465,-1.060666339001,0.710096912658));
#2333 = CARTESIAN_POINT('',(10.189465,-1.048737282505,0.682688689229));
#2334 = CARTESIAN_POINT('',(10.189465,-1.035984960903,0.655662776474));
#2335 = CARTESIAN_POINT('',(10.189465,-1.008863896401,0.602434690361));
#2336 = CARTESIAN_POINT('',(10.189465,-0.994495100263,0.57623241252));
#2337 = CARTESIAN_POINT('',(10.189465,-0.979333105205,0.550471453565));
#2338 = CARTESIAN_POINT('',(10.189465,-0.963394250326,0.525180564179));
#2339 = CARTESIAN_POINT('',(10.189465,-0.946696148859,0.500387692062));
#2340 = CARTESIAN_POINT('',(10.189465,-0.929257688169,0.476119981926));
#2341 = CARTESIAN_POINT('',(10.189465,-0.819703026742,0.333035569732));
#2342 = CARTESIAN_POINT('',(10.189465,-0.709986875158,0.227540636511));
#2343 = CARTESIAN_POINT('',(10.189465,-0.584598927766,0.139483958545));
#2344 = CARTESIAN_POINT('',(10.189465,-0.446944634406,7.15107463871E-02)
  );
#2345 = CARTESIAN_POINT('',(10.189465,-0.300801345379,2.54862425022E-02)
  );
#2346 = CARTESIAN_POINT('',(10.189465,-0.150339608602,2.506237725662E-03
    ));
#2347 = CARTESIAN_POINT('',(10.189465,-2.547947990981E-16,
    2.506237725662E-03));
#2348 = ORIENTED_EDGE('',*,*,#2349,.T.);
#2349 = EDGE_CURVE('',#2157,#2350,#2352,.T.);
#2350 = VERTEX_POINT('',#2351);
#2351 = CARTESIAN_POINT('',(10.57,-4.440892098501E-16,0.245756045582));
#2352 = CIRCLE('',#2353,0.5);
#2353 = AXIS2_PLACEMENT_3D('',#2354,#2355,#2356);
#2354 = CARTESIAN_POINT('',(10.139465435021,-2.886579864025E-16,0.5));
#2355 = DIRECTION('',(0.,-1.,4.440892098501E-16));
#2356 = DIRECTION('',(1.,0.,0.));
#2357 = ORIENTED_EDGE('',*,*,#2358,.F.);
#2358 = EDGE_CURVE('',#2350,#2350,#2359,.T.);
#2359 = CIRCLE('',#2360,0.904243954418);
#2360 = AXIS2_PLACEMENT_3D('',#2361,#2362,#2363);
#2361 = CARTESIAN_POINT('',(10.57,0.,1.15));
#2362 = DIRECTION('',(-1.,-0.,0.));
#2363 = DIRECTION('',(0.,-4.440892098501E-16,-1.));
#2364 = ORIENTED_EDGE('',*,*,#2349,.F.);
#2365 = SURFACE_OF_REVOLUTION('',#2366,#2371);
#2366 = CIRCLE('',#2367,0.5);
#2367 = AXIS2_PLACEMENT_3D('',#2368,#2369,#2370);
#2368 = CARTESIAN_POINT('',(10.139465435021,-2.886579864025E-16,0.5));
#2369 = DIRECTION('',(0.,-1.,4.440892098501E-16));
#2370 = DIRECTION('',(1.,0.,0.));
#2371 = AXIS1_PLACEMENT('',#2372,#2373);
#2372 = CARTESIAN_POINT('',(0.,0.,1.15));
#2373 = DIRECTION('',(-1.,0.,-0.));
#2374 = ADVANCED_FACE('',(#2375),#2378,.F.);
#2375 = FACE_BOUND('',#2376,.F.);
#2376 = EDGE_LOOP('',(#2377));
#2377 = ORIENTED_EDGE('',*,*,#2156,.T.);
#2378 = PLANE('',#2379);
#2379 = AXIS2_PLACEMENT_3D('',#2380,#2381,#2382);
#2380 = CARTESIAN_POINT('',(10.189465,-2.5,-0.35));
#2381 = DIRECTION('',(1.,0.,0.));
#2382 = DIRECTION('',(0.,-1.110223024625E-16,1.));
#2383 = ADVANCED_FACE('',(#2384),#2404,.F.);
#2384 = FACE_BOUND('',#2385,.F.);
#2385 = EDGE_LOOP('',(#2386,#2387,#2396,#2403));
#2386 = ORIENTED_EDGE('',*,*,#2358,.T.);
#2387 = ORIENTED_EDGE('',*,*,#2388,.T.);
#2388 = EDGE_CURVE('',#2350,#2389,#2391,.T.);
#2389 = VERTEX_POINT('',#2390);
#2390 = CARTESIAN_POINT('',(10.77,-2.22044604925E-16,0.85));
#2391 = CIRCLE('',#2392,1.5);
#2392 = AXIS2_PLACEMENT_3D('',#2393,#2394,#2395);
#2393 = CARTESIAN_POINT('',(9.278396305062,-6.284399274936E-17,
    1.008487908836));
#2394 = DIRECTION('',(0.,-1.,4.440892098501E-16));
#2395 = DIRECTION('',(1.,0.,0.));
#2396 = ORIENTED_EDGE('',*,*,#2397,.F.);
#2397 = EDGE_CURVE('',#2389,#2389,#2398,.T.);
#2398 = CIRCLE('',#2399,0.3);
#2399 = AXIS2_PLACEMENT_3D('',#2400,#2401,#2402);
#2400 = CARTESIAN_POINT('',(10.77,0.,1.15));
#2401 = DIRECTION('',(-1.,-0.,0.));
#2402 = DIRECTION('',(0.,-4.440892098501E-16,-1.));
#2403 = ORIENTED_EDGE('',*,*,#2388,.F.);
#2404 = SURFACE_OF_REVOLUTION('',#2405,#2410);
#2405 = CIRCLE('',#2406,1.5);
#2406 = AXIS2_PLACEMENT_3D('',#2407,#2408,#2409);
#2407 = CARTESIAN_POINT('',(9.278396305062,-6.284399274936E-17,
    1.008487908836));
#2408 = DIRECTION('',(0.,-1.,4.440892098501E-16));
#2409 = DIRECTION('',(1.,0.,0.));
#2410 = AXIS1_PLACEMENT('',#2411,#2412);
#2411 = CARTESIAN_POINT('',(0.,0.,1.15));
#2412 = DIRECTION('',(-1.,0.,-0.));
#2413 = ADVANCED_FACE('',(#2414),#2417,.F.);
#2414 = FACE_BOUND('',#2415,.T.);
#2415 = EDGE_LOOP('',(#2416));
#2416 = ORIENTED_EDGE('',*,*,#2397,.F.);
#2417 = PLANE('',#2418);
#2418 = AXIS2_PLACEMENT_3D('',#2419,#2420,#2421);
#2419 = CARTESIAN_POINT('',(10.77,0.,1.15));
#2420 = DIRECTION('',(-1.,0.,-0.));
#2421 = DIRECTION('',(-0.,-4.440892098501E-16,-1.));
#2422 = ( GEOMETRIC_REPRESENTATION_CONTEXT(3) 
GLOBAL_UNCERTAINTY_ASSIGNED_CONTEXT((#2426)) 
GLOBAL_UNIT_ASSIGNED_CONTEXT((#2423,#2424,#2425)) REPRESENTATION_CONTEXT
('Context #1','3D Context with UNIT and UNCERTAINTY') );
#2423 = ( LENGTH_UNIT() NAMED_UNIT(*) SI_UNIT(.MILLI.,.METRE.) );
#2424 = ( NAMED_UNIT(*) PLANE_ANGLE_UNIT() SI_UNIT($,.RADIAN.) );
#2425 = ( NAMED_UNIT(*) SI_UNIT($,.STERADIAN.) SOLID_ANGLE_UNIT() );
#2426 = UNCERTAINTY_MEASURE_WITH_UNIT(LENGTH_MEASURE(1.E-06),#2423,
  'distance_accuracy_value','confusion accuracy');
#2427 = CONTEXT_DEPENDENT_SHAPE_REPRESENTATION(#2428,#2430);
#2428 = ( REPRESENTATION_RELATIONSHIP('','',#2149,#10) 
REPRESENTATION_RELATIONSHIP_WITH_TRANSFORMATION(#2429) 
SHAPE_REPRESENTATION_RELATIONSHIP() );
#2429 = ITEM_DEFINED_TRANSFORMATION('','',#11,#55);
#2430 = PRODUCT_DEFINITION_SHAPE('Placement','Placement of an item',
  #2431);
#2431 = NEXT_ASSEMBLY_USAGE_OCCURRENCE('37','Butt_MKV','',#5,#2144,$);
#2432 = PRODUCT_RELATED_PRODUCT_CATEGORY('part',$,(#2146));
#2433 = SHAPE_DEFINITION_REPRESENTATION(#2434,#2440);
#2434 = PRODUCT_DEFINITION_SHAPE('','',#2435);
#2435 = PRODUCT_DEFINITION('design','',#2436,#2439);
#2436 = PRODUCT_DEFINITION_FORMATION('','',#2437);
#2437 = PRODUCT('Leg_MedianRadius0.6_MKV','Leg_MedianRadius0.6_MKV','',(
    #2438));
#2438 = PRODUCT_CONTEXT('',#2,'mechanical');
#2439 = PRODUCT_DEFINITION_CONTEXT('part definition',#2,'design');
#2440 = ADVANCED_BREP_SHAPE_REPRESENTATION('',(#11,#2441),#2545);
#2441 = MANIFOLD_SOLID_BREP('',#2442);
#2442 = CLOSED_SHELL('',(#2443,#2460,#2485,#2511,#2536));
#2443 = ADVANCED_FACE('',(#2444),#2455,.T.);
#2444 = FACE_BOUND('',#2445,.T.);
#2445 = EDGE_LOOP('',(#2446));
#2446 = ORIENTED_EDGE('',*,*,#2447,.T.);
#2447 = EDGE_CURVE('',#2448,#2448,#2450,.T.);
#2448 = VERTEX_POINT('',#2449);
#2449 = CARTESIAN_POINT('',(4.47,-9.214851104389E-16,0.85));
#2450 = CIRCLE('',#2451,0.3);
#2451 = AXIS2_PLACEMENT_3D('',#2452,#2453,#2454);
#2452 = CARTESIAN_POINT('',(4.47,-9.214851104389E-16,1.15));
#2453 = DIRECTION('',(1.,2.22044604925E-16,-4.966292080234E-17));
#2454 = DIRECTION('',(-4.966292080234E-17,4.680600690656E-48,-1.));
#2455 = PLANE('',#2456);
#2456 = AXIS2_PLACEMENT_3D('',#2457,#2458,#2459);
#2457 = CARTESIAN_POINT('',(4.47,-9.314513522729E-16,1.15));
#2458 = DIRECTION('',(1.,0.,0.));
#2459 = DIRECTION('',(0.,0.,1.));
#2460 = ADVANCED_FACE('',(#2461),#2480,.T.);
#2461 = FACE_BOUND('',#2462,.T.);
#2462 = EDGE_LOOP('',(#2463,#2471,#2478,#2479));
#2463 = ORIENTED_EDGE('',*,*,#2464,.T.);
#2464 = EDGE_CURVE('',#2448,#2465,#2467,.T.);
#2465 = VERTEX_POINT('',#2466);
#2466 = CARTESIAN_POINT('',(0.6,-8.881784197001E-16,0.85));
#2467 = LINE('',#2468,#2469);
#2468 = CARTESIAN_POINT('',(4.47,-8.4800630249E-16,0.85));
#2469 = VECTOR('',#2470,1.);
#2470 = DIRECTION('',(-1.,-4.930380657631E-32,2.22044604925E-16));
#2471 = ORIENTED_EDGE('',*,*,#2472,.F.);
#2472 = EDGE_CURVE('',#2465,#2465,#2473,.T.);
#2473 = CIRCLE('',#2474,0.3);
#2474 = AXIS2_PLACEMENT_3D('',#2475,#2476,#2477);
#2475 = CARTESIAN_POINT('',(0.6,-9.214851104389E-16,1.15));
#2476 = DIRECTION('',(-1.,-4.930380657631E-32,2.22044604925E-16));
#2477 = DIRECTION('',(-2.22044604925E-16,-3.818472520628E-48,-1.));
#2478 = ORIENTED_EDGE('',*,*,#2464,.F.);
#2479 = ORIENTED_EDGE('',*,*,#2447,.F.);
#2480 = CYLINDRICAL_SURFACE('',#2481,0.3);
#2481 = AXIS2_PLACEMENT_3D('',#2482,#2483,#2484);
#2482 = CARTESIAN_POINT('',(4.47,-9.214851104389E-16,1.15));
#2483 = DIRECTION('',(-1.,-4.930380657631E-32,2.22044604925E-16));
#2484 = DIRECTION('',(-2.22044604925E-16,-3.818472520628E-48,-1.));
#2485 = ADVANCED_FACE('',(#2486),#2506,.T.);
#2486 = FACE_BOUND('',#2487,.T.);
#2487 = EDGE_LOOP('',(#2488,#2497,#2504,#2505));
#2488 = ORIENTED_EDGE('',*,*,#2489,.T.);
#2489 = EDGE_CURVE('',#2465,#2490,#2492,.T.);
#2490 = VERTEX_POINT('',#2491);
#2491 = CARTESIAN_POINT('',(0.3,-7.882583474839E-16,0.55));
#2492 = CIRCLE('',#2493,0.3);
#2493 = AXIS2_PLACEMENT_3D('',#2494,#2495,#2496);
#2494 = CARTESIAN_POINT('',(0.6,-8.249977514583E-16,0.55));
#2495 = DIRECTION('',(0.,-1.,-2.22044604925E-16));
#2496 = DIRECTION('',(1.,0.,0.));
#2497 = ORIENTED_EDGE('',*,*,#2498,.T.);
#2498 = EDGE_CURVE('',#2490,#2490,#2499,.T.);
#2499 = CIRCLE('',#2500,0.3);
#2500 = AXIS2_PLACEMENT_3D('',#2501,#2502,#2503);
#2501 = CARTESIAN_POINT('',(0.,-7.882583474839E-16,0.55));
#2502 = DIRECTION('',(1.224646799147E-16,-2.22044604925E-16,1.));
#2503 = DIRECTION('',(-1.,-2.719262146894E-32,1.224646799147E-16));
#2504 = ORIENTED_EDGE('',*,*,#2489,.F.);
#2505 = ORIENTED_EDGE('',*,*,#2472,.T.);
#2506 = TOROIDAL_SURFACE('',#2507,0.6,0.3);
#2507 = AXIS2_PLACEMENT_3D('',#2508,#2509,#2510);
#2508 = CARTESIAN_POINT('',(0.6,-7.882583474839E-16,0.55));
#2509 = DIRECTION('',(0.,-1.,-2.22044604925E-16));
#2510 = DIRECTION('',(1.,0.,0.));
#2511 = ADVANCED_FACE('',(#2512),#2531,.T.);
#2512 = FACE_BOUND('',#2513,.T.);
#2513 = EDGE_LOOP('',(#2514,#2522,#2529,#2530));
#2514 = ORIENTED_EDGE('',*,*,#2515,.T.);
#2515 = EDGE_CURVE('',#2490,#2516,#2518,.T.);
#2516 = VERTEX_POINT('',#2517);
#2517 = CARTESIAN_POINT('',(0.3,0.,-3.));
#2518 = LINE('',#2519,#2520);
#2519 = CARTESIAN_POINT('',(0.3,-7.14779539535E-16,0.55));
#2520 = VECTOR('',#2521,1.);
#2521 = DIRECTION('',(0.,2.22044604925E-16,-1.));
#2522 = ORIENTED_EDGE('',*,*,#2523,.T.);
#2523 = EDGE_CURVE('',#2516,#2516,#2524,.T.);
#2524 = CIRCLE('',#2525,0.3);
#2525 = AXIS2_PLACEMENT_3D('',#2526,#2527,#2528);
#2526 = CARTESIAN_POINT('',(0.,0.,-3.));
#2527 = DIRECTION('',(0.,0.,1.));
#2528 = DIRECTION('',(1.,0.,0.));
#2529 = ORIENTED_EDGE('',*,*,#2515,.F.);
#2530 = ORIENTED_EDGE('',*,*,#2498,.F.);
#2531 = CYLINDRICAL_SURFACE('',#2532,0.3);
#2532 = AXIS2_PLACEMENT_3D('',#2533,#2534,#2535);
#2533 = CARTESIAN_POINT('',(0.,-7.882583474839E-16,0.55));
#2534 = DIRECTION('',(0.,2.22044604925E-16,-1.));
#2535 = DIRECTION('',(1.,0.,0.));
#2536 = ADVANCED_FACE('',(#2537),#2540,.F.);
#2537 = FACE_BOUND('',#2538,.F.);
#2538 = EDGE_LOOP('',(#2539));
#2539 = ORIENTED_EDGE('',*,*,#2523,.T.);
#2540 = PLANE('',#2541);
#2541 = AXIS2_PLACEMENT_3D('',#2542,#2543,#2544);
#2542 = CARTESIAN_POINT('',(-3.561042011821E-17,5.558742067634E-18,-3.)
  );
#2543 = DIRECTION('',(-9.130334551169E-32,-5.260771644819E-32,1.));
#2544 = DIRECTION('',(1.,0.,9.130334551169E-32));
#2545 = ( GEOMETRIC_REPRESENTATION_CONTEXT(3) 
GLOBAL_UNCERTAINTY_ASSIGNED_CONTEXT((#2549)) 
GLOBAL_UNIT_ASSIGNED_CONTEXT((#2546,#2547,#2548)) REPRESENTATION_CONTEXT
('Context #1','3D Context with UNIT and UNCERTAINTY') );
#2546 = ( LENGTH_UNIT() NAMED_UNIT(*) SI_UNIT(.MILLI.,.METRE.) );
#2547 = ( NAMED_UNIT(*) PLANE_ANGLE_UNIT() SI_UNIT($,.RADIAN.) );
#2548 = ( NAMED_UNIT(*) SI_UNIT($,.STERADIAN.) SOLID_ANGLE_UNIT() );
#2549 = UNCERTAINTY_MEASURE_WITH_UNIT(LENGTH_MEASURE(1.E-07),#2546,
  'distance_accuracy_value','confusion accuracy');
#2550 = CONTEXT_DEPENDENT_SHAPE_REPRESENTATION(#2551,#2553);
#2551 = ( REPRESENTATION_RELATIONSHIP('','',#2440,#10) 
REPRESENTATION_RELATIONSHIP_WITH_TRANSFORMATION(#2552) 
SHAPE_REPRESENTATION_RELATIONSHIP() );
#2552 = ITEM_DEFINED_TRANSFORMATION('','',#11,#59);
#2553 = PRODUCT_DEFINITION_SHAPE('Placement','Placement of an item',
  #2554);
#2554 = NEXT_ASSEMBLY_USAGE_OCCURRENCE('38','Leg_MedianRadius0.6_MKV',''
  ,#5,#2435,$);
#2555 = PRODUCT_RELATED_PRODUCT_CATEGORY('part',$,(#2437));
#2556 = SHAPE_DEFINITION_REPRESENTATION(#2557,#2563);
#2557 = PRODUCT_DEFINITION_SHAPE('','',#2558);
#2558 = PRODUCT_DEFINITION('design','',#2559,#2562);
#2559 = PRODUCT_DEFINITION_FORMATION('','',#2560);
#2560 = PRODUCT('Leg_MedianRadius0.6_clone_MKV',
  'Leg_MedianRadius0.6_clone_MKV','',(#2561));
#2561 = PRODUCT_CONTEXT('',#2,'mechanical');
#2562 = PRODUCT_DEFINITION_CONTEXT('part definition',#2,'design');
#2563 = ADVANCED_BREP_SHAPE_REPRESENTATION('',(#11,#2564),#2668);
#2564 = MANIFOLD_SOLID_BREP('',#2565);
#2565 = CLOSED_SHELL('',(#2566,#2583,#2608,#2634,#2659));
#2566 = ADVANCED_FACE('',(#2567),#2578,.T.);
#2567 = FACE_BOUND('',#2568,.T.);
#2568 = EDGE_LOOP('',(#2569));
#2569 = ORIENTED_EDGE('',*,*,#2570,.T.);
#2570 = EDGE_CURVE('',#2571,#2571,#2573,.T.);
#2571 = VERTEX_POINT('',#2572);
#2572 = CARTESIAN_POINT('',(4.47,-9.214851104389E-16,0.85));
#2573 = CIRCLE('',#2574,0.3);
#2574 = AXIS2_PLACEMENT_3D('',#2575,#2576,#2577);
#2575 = CARTESIAN_POINT('',(4.47,-9.214851104389E-16,1.15));
#2576 = DIRECTION('',(1.,2.22044604925E-16,-4.966292080234E-17));
#2577 = DIRECTION('',(-4.966292080234E-17,4.680600690656E-48,-1.));
#2578 = PLANE('',#2579);
#2579 = AXIS2_PLACEMENT_3D('',#2580,#2581,#2582);
#2580 = CARTESIAN_POINT('',(4.47,-9.314513522729E-16,1.15));
#2581 = DIRECTION('',(1.,0.,0.));
#2582 = DIRECTION('',(0.,0.,1.));
#2583 = ADVANCED_FACE('',(#2584),#2603,.T.);
#2584 = FACE_BOUND('',#2585,.T.);
#2585 = EDGE_LOOP('',(#2586,#2594,#2601,#2602));
#2586 = ORIENTED_EDGE('',*,*,#2587,.T.);
#2587 = EDGE_CURVE('',#2571,#2588,#2590,.T.);
#2588 = VERTEX_POINT('',#2589);
#2589 = CARTESIAN_POINT('',(0.6,-8.881784197001E-16,0.85));
#2590 = LINE('',#2591,#2592);
#2591 = CARTESIAN_POINT('',(4.47,-8.4800630249E-16,0.85));
#2592 = VECTOR('',#2593,1.);
#2593 = DIRECTION('',(-1.,-4.930380657631E-32,2.22044604925E-16));
#2594 = ORIENTED_EDGE('',*,*,#2595,.F.);
#2595 = EDGE_CURVE('',#2588,#2588,#2596,.T.);
#2596 = CIRCLE('',#2597,0.3);
#2597 = AXIS2_PLACEMENT_3D('',#2598,#2599,#2600);
#2598 = CARTESIAN_POINT('',(0.6,-9.214851104389E-16,1.15));
#2599 = DIRECTION('',(-1.,-4.930380657631E-32,2.22044604925E-16));
#2600 = DIRECTION('',(-2.22044604925E-16,-3.818472520628E-48,-1.));
#2601 = ORIENTED_EDGE('',*,*,#2587,.F.);
#2602 = ORIENTED_EDGE('',*,*,#2570,.F.);
#2603 = CYLINDRICAL_SURFACE('',#2604,0.3);
#2604 = AXIS2_PLACEMENT_3D('',#2605,#2606,#2607);
#2605 = CARTESIAN_POINT('',(4.47,-9.214851104389E-16,1.15));
#2606 = DIRECTION('',(-1.,-4.930380657631E-32,2.22044604925E-16));
#2607 = DIRECTION('',(-2.22044604925E-16,-3.818472520628E-48,-1.));
#2608 = ADVANCED_FACE('',(#2609),#2629,.T.);
#2609 = FACE_BOUND('',#2610,.T.);
#2610 = EDGE_LOOP('',(#2611,#2620,#2627,#2628));
#2611 = ORIENTED_EDGE('',*,*,#2612,.T.);
#2612 = EDGE_CURVE('',#2588,#2613,#2615,.T.);
#2613 = VERTEX_POINT('',#2614);
#2614 = CARTESIAN_POINT('',(0.3,-7.882583474839E-16,0.55));
#2615 = CIRCLE('',#2616,0.3);
#2616 = AXIS2_PLACEMENT_3D('',#2617,#2618,#2619);
#2617 = CARTESIAN_POINT('',(0.6,-8.249977514583E-16,0.55));
#2618 = DIRECTION('',(0.,-1.,-2.22044604925E-16));
#2619 = DIRECTION('',(1.,0.,0.));
#2620 = ORIENTED_EDGE('',*,*,#2621,.T.);
#2621 = EDGE_CURVE('',#2613,#2613,#2622,.T.);
#2622 = CIRCLE('',#2623,0.3);
#2623 = AXIS2_PLACEMENT_3D('',#2624,#2625,#2626);
#2624 = CARTESIAN_POINT('',(0.,-7.882583474839E-16,0.55));
#2625 = DIRECTION('',(1.224646799147E-16,-2.22044604925E-16,1.));
#2626 = DIRECTION('',(-1.,-2.719262146894E-32,1.224646799147E-16));
#2627 = ORIENTED_EDGE('',*,*,#2612,.F.);
#2628 = ORIENTED_EDGE('',*,*,#2595,.T.);
#2629 = TOROIDAL_SURFACE('',#2630,0.6,0.3);
#2630 = AXIS2_PLACEMENT_3D('',#2631,#2632,#2633);
#2631 = CARTESIAN_POINT('',(0.6,-7.882583474839E-16,0.55));
#2632 = DIRECTION('',(0.,-1.,-2.22044604925E-16));
#2633 = DIRECTION('',(1.,0.,0.));
#2634 = ADVANCED_FACE('',(#2635),#2654,.T.);
#2635 = FACE_BOUND('',#2636,.T.);
#2636 = EDGE_LOOP('',(#2637,#2645,#2652,#2653));
#2637 = ORIENTED_EDGE('',*,*,#2638,.T.);
#2638 = EDGE_CURVE('',#2613,#2639,#2641,.T.);
#2639 = VERTEX_POINT('',#2640);
#2640 = CARTESIAN_POINT('',(0.3,0.,-3.));
#2641 = LINE('',#2642,#2643);
#2642 = CARTESIAN_POINT('',(0.3,-7.14779539535E-16,0.55));
#2643 = VECTOR('',#2644,1.);
#2644 = DIRECTION('',(0.,2.22044604925E-16,-1.));
#2645 = ORIENTED_EDGE('',*,*,#2646,.T.);
#2646 = EDGE_CURVE('',#2639,#2639,#2647,.T.);
#2647 = CIRCLE('',#2648,0.3);
#2648 = AXIS2_PLACEMENT_3D('',#2649,#2650,#2651);
#2649 = CARTESIAN_POINT('',(0.,0.,-3.));
#2650 = DIRECTION('',(0.,0.,1.));
#2651 = DIRECTION('',(1.,0.,0.));
#2652 = ORIENTED_EDGE('',*,*,#2638,.F.);
#2653 = ORIENTED_EDGE('',*,*,#2621,.F.);
#2654 = CYLINDRICAL_SURFACE('',#2655,0.3);
#2655 = AXIS2_PLACEMENT_3D('',#2656,#2657,#2658);
#2656 = CARTESIAN_POINT('',(0.,-7.882583474839E-16,0.55));
#2657 = DIRECTION('',(0.,2.22044604925E-16,-1.));
#2658 = DIRECTION('',(1.,0.,0.));
#2659 = ADVANCED_FACE('',(#2660),#2663,.F.);
#2660 = FACE_BOUND('',#2661,.F.);
#2661 = EDGE_LOOP('',(#2662));
#2662 = ORIENTED_EDGE('',*,*,#2646,.T.);
#2663 = PLANE('',#2664);
#2664 = AXIS2_PLACEMENT_3D('',#2665,#2666,#2667);
#2665 = CARTESIAN_POINT('',(-3.561042011821E-17,5.558742067634E-18,-3.)
  );
#2666 = DIRECTION('',(-9.130334551169E-32,-5.260771644819E-32,1.));
#2667 = DIRECTION('',(1.,0.,9.130334551169E-32));
#2668 = ( GEOMETRIC_REPRESENTATION_CONTEXT(3) 
GLOBAL_UNCERTAINTY_ASSIGNED_CONTEXT((#2672)) 
GLOBAL_UNIT_ASSIGNED_CONTEXT((#2669,#2670,#2671)) REPRESENTATION_CONTEXT
('Context #1','3D Context with UNIT and UNCERTAINTY') );
#2669 = ( LENGTH_UNIT() NAMED_UNIT(*) SI_UNIT(.MILLI.,.METRE.) );
#2670 = ( NAMED_UNIT(*) PLANE_ANGLE_UNIT() SI_UNIT($,.RADIAN.) );
#2671 = ( NAMED_UNIT(*) SI_UNIT($,.STERADIAN.) SOLID_ANGLE_UNIT() );
#2672 = UNCERTAINTY_MEASURE_WITH_UNIT(LENGTH_MEASURE(1.E-07),#2669,
  'distance_accuracy_value','confusion accuracy');
#2673 = CONTEXT_DEPENDENT_SHAPE_REPRESENTATION(#2674,#2676);
#2674 = ( REPRESENTATION_RELATIONSHIP('','',#2563,#10) 
REPRESENTATION_RELATIONSHIP_WITH_TRANSFORMATION(#2675) 
SHAPE_REPRESENTATION_RELATIONSHIP() );
#2675 = ITEM_DEFINED_TRANSFORMATION('','',#11,#63);
#2676 = PRODUCT_DEFINITION_SHAPE('Placement','Placement of an item',
  #2677);
#2677 = NEXT_ASSEMBLY_USAGE_OCCURRENCE('39',
  'Leg_MedianRadius0.6_clone_MKV','',#5,#2558,$);
#2678 = PRODUCT_RELATED_PRODUCT_CATEGORY('part',$,(#2560));
#2679 = MECHANICAL_DESIGN_GEOMETRIC_PRESENTATION_REPRESENTATION('',(
    #2680),#2131);
#2680 = STYLED_ITEM('color',(#2681),#1864);
#2681 = PRESENTATION_STYLE_ASSIGNMENT((#2682,#2688));
#2682 = SURFACE_STYLE_USAGE(.BOTH.,#2683);
#2683 = SURFACE_SIDE_STYLE('',(#2684));
#2684 = SURFACE_STYLE_FILL_AREA(#2685);
#2685 = FILL_AREA_STYLE('',(#2686));
#2686 = FILL_AREA_STYLE_COLOUR('',#2687);
#2687 = COLOUR_RGB('',0.538,0.318,0.161);
#2688 = CURVE_STYLE('',#2689,POSITIVE_LENGTH_MEASURE(0.1),#2690);
#2689 = DRAUGHTING_PRE_DEFINED_CURVE_FONT('continuous');
#2690 = COLOUR_RGB('',9.803921802644E-02,9.803921802644E-02,
  9.803921802644E-02);
#2691 = MECHANICAL_DESIGN_GEOMETRIC_PRESENTATION_REPRESENTATION('',(
    #2692),#449);
#2692 = STYLED_ITEM('color',(#2693),#213);
#2693 = PRESENTATION_STYLE_ASSIGNMENT((#2694,#2700));
#2694 = SURFACE_STYLE_USAGE(.BOTH.,#2695);
#2695 = SURFACE_SIDE_STYLE('',(#2696));
#2696 = SURFACE_STYLE_FILL_AREA(#2697);
#2697 = FILL_AREA_STYLE('',(#2698));
#2698 = FILL_AREA_STYLE_COLOUR('',#2699);
#2699 = COLOUR_RGB('',1.0,0.491,0.138);
#2700 = CURVE_STYLE('',#2701,POSITIVE_LENGTH_MEASURE(0.1),#2690);
#2701 = DRAUGHTING_PRE_DEFINED_CURVE_FONT('continuous');
#2702 = MECHANICAL_DESIGN_GEOMETRIC_PRESENTATION_REPRESENTATION('',(
    #2703),#2545);
#2703 = STYLED_ITEM('color',(#2704),#2441);
#2704 = PRESENTATION_STYLE_ASSIGNMENT((#2705,#2711));
#2705 = SURFACE_STYLE_USAGE(.BOTH.,#2706);
#2706 = SURFACE_SIDE_STYLE('',(#2707));
#2707 = SURFACE_STYLE_FILL_AREA(#2708);
#2708 = FILL_AREA_STYLE('',(#2709));
#2709 = FILL_AREA_STYLE_COLOUR('',#2710);
#2710 = COLOUR_RGB('',0.824,0.820,0.781);
#2711 = CURVE_STYLE('',#2712,POSITIVE_LENGTH_MEASURE(0.1),#2713);
#2712 = DRAUGHTING_PRE_DEFINED_CURVE_FONT('continuous');
#2713 = COLOUR_RGB('',0.824,0.820,0.781);
#2714 = MECHANICAL_DESIGN_GEOMETRIC_PRESENTATION_REPRESENTATION('',(
    #2715),#1171);
#2715 = STYLED_ITEM('color',(#2716),#1118);
#2716 = PRESENTATION_STYLE_ASSIGNMENT((#2717,#2723));
#2717 = SURFACE_STYLE_USAGE(.BOTH.,#2718);
#2718 = SURFACE_SIDE_STYLE('',(#2719));
#2719 = SURFACE_STYLE_FILL_AREA(#2720);
#2720 = FILL_AREA_STYLE('',(#2721));
#2721 = FILL_AREA_STYLE_COLOUR('',#2722);
#2722 = COLOUR_RGB('',0.02,0.02,0.02);
#2723 = CURVE_STYLE('',#2724,POSITIVE_LENGTH_MEASURE(0.1),#2690);
#2724 = DRAUGHTING_PRE_DEFINED_CURVE_FONT('continuous');
#2725 = MECHANICAL_DESIGN_GEOMETRIC_PRESENTATION_REPRESENTATION('',(
    #2726),#1529);
#2726 = STYLED_ITEM('color',(#2727),#1262);
#2727 = PRESENTATION_STYLE_ASSIGNMENT((#2728,#2734));
#2728 = SURFACE_STYLE_USAGE(.BOTH.,#2729);
#2729 = SURFACE_SIDE_STYLE('',(#2730));
#2730 = SURFACE_STYLE_FILL_AREA(#2731);
#2731 = FILL_AREA_STYLE('',(#2732));
#2732 = FILL_AREA_STYLE_COLOUR('',#2733);
#2733 = COLOUR_RGB('',0.02,0.02,0.02);
#2734 = CURVE_STYLE('',#2735,POSITIVE_LENGTH_MEASURE(0.1),#2690);
#2735 = DRAUGHTING_PRE_DEFINED_CURVE_FONT('continuous');
#2736 = MECHANICAL_DESIGN_GEOMETRIC_PRESENTATION_REPRESENTATION('',(
    #2737),#1845);
#2737 = STYLED_ITEM('color',(#2738),#1548);
#2738 = PRESENTATION_STYLE_ASSIGNMENT((#2739,#2745));
#2739 = SURFACE_STYLE_USAGE(.BOTH.,#2740);
#2740 = SURFACE_SIDE_STYLE('',(#2741));
#2741 = SURFACE_STYLE_FILL_AREA(#2742);
#2742 = FILL_AREA_STYLE('',(#2743));
#2743 = FILL_AREA_STYLE_COLOUR('',#2744);
#2744 = COLOUR_RGB('',0.364,0.596,0.823);
#2745 = CURVE_STYLE('',#2746,POSITIVE_LENGTH_MEASURE(0.1),#2690);
#2746 = DRAUGHTING_PRE_DEFINED_CURVE_FONT('continuous');
#2747 = MECHANICAL_DESIGN_GEOMETRIC_PRESENTATION_REPRESENTATION('',(
    #2748),#1243);
#2748 = STYLED_ITEM('color',(#2749),#1190);
#2749 = PRESENTATION_STYLE_ASSIGNMENT((#2750,#2755));
#2750 = SURFACE_STYLE_USAGE(.BOTH.,#2751);
#2751 = SURFACE_SIDE_STYLE('',(#2752));
#2752 = SURFACE_STYLE_FILL_AREA(#2753);
#2753 = FILL_AREA_STYLE('',(#2754));
#2754 = FILL_AREA_STYLE_COLOUR('',#2744);
#2755 = CURVE_STYLE('',#2756,POSITIVE_LENGTH_MEASURE(0.1),#2690);
#2756 = DRAUGHTING_PRE_DEFINED_CURVE_FONT('continuous');
#2757 = MECHANICAL_DESIGN_GEOMETRIC_PRESENTATION_REPRESENTATION('',(
    #2758),#867);
#2758 = STYLED_ITEM('color',(#2759),#468);
#2759 = PRESENTATION_STYLE_ASSIGNMENT((#2760,#2765));
#2760 = SURFACE_STYLE_USAGE(.BOTH.,#2761);
#2761 = SURFACE_SIDE_STYLE('',(#2762));
#2762 = SURFACE_STYLE_FILL_AREA(#2763);
#2763 = FILL_AREA_STYLE('',(#2764));
#2764 = FILL_AREA_STYLE_COLOUR('',#2744);
#2765 = CURVE_STYLE('',#2766,POSITIVE_LENGTH_MEASURE(0.1),#2690);
#2766 = DRAUGHTING_PRE_DEFINED_CURVE_FONT('continuous');
#2767 = MECHANICAL_DESIGN_GEOMETRIC_PRESENTATION_REPRESENTATION('',(
    #2768),#194);
#2768 = STYLED_ITEM('color',(#2769),#81);
#2769 = PRESENTATION_STYLE_ASSIGNMENT((#2770,#2775));
#2770 = SURFACE_STYLE_USAGE(.BOTH.,#2771);
#2771 = SURFACE_SIDE_STYLE('',(#2772));
#2772 = SURFACE_STYLE_FILL_AREA(#2773);
#2773 = FILL_AREA_STYLE('',(#2774));
#2774 = FILL_AREA_STYLE_COLOUR('',#2744);
#2775 = CURVE_STYLE('',#2776,POSITIVE_LENGTH_MEASURE(0.1),#2690);
#2776 = DRAUGHTING_PRE_DEFINED_CURVE_FONT('continuous');
#2777 = MECHANICAL_DESIGN_GEOMETRIC_PRESENTATION_REPRESENTATION('',(
    #2778),#1099);
#2778 = STYLED_ITEM('color',(#2779),#1046);
#2779 = PRESENTATION_STYLE_ASSIGNMENT((#2780,#2785));
#2780 = SURFACE_STYLE_USAGE(.BOTH.,#2781);
#2781 = SURFACE_SIDE_STYLE('',(#2782));
#2782 = SURFACE_STYLE_FILL_AREA(#2783);
#2783 = FILL_AREA_STYLE('',(#2784));
#2784 = FILL_AREA_STYLE_COLOUR('',#2744);
#2785 = CURVE_STYLE('',#2786,POSITIVE_LENGTH_MEASURE(0.1),#2690);
#2786 = DRAUGHTING_PRE_DEFINED_CURVE_FONT('continuous');
#2787 = MECHANICAL_DESIGN_GEOMETRIC_PRESENTATION_REPRESENTATION('',(
    #2788),#2422);
#2788 = STYLED_ITEM('color',(#2789),#2150);
#2789 = PRESENTATION_STYLE_ASSIGNMENT((#2790,#2795));
#2790 = SURFACE_STYLE_USAGE(.BOTH.,#2791);
#2791 = SURFACE_SIDE_STYLE('',(#2792));
#2792 = SURFACE_STYLE_FILL_AREA(#2793);
#2793 = FILL_AREA_STYLE('',(#2794));
#2794 = FILL_AREA_STYLE_COLOUR('',#2744);
#2795 = CURVE_STYLE('',#2796,POSITIVE_LENGTH_MEASURE(0.1),#2690);
#2796 = DRAUGHTING_PRE_DEFINED_CURVE_FONT('continuous');
#2797 = MECHANICAL_DESIGN_GEOMETRIC_PRESENTATION_REPRESENTATION('',(
    #2798),#2668);
#2798 = STYLED_ITEM('color',(#2799),#2564);
#2799 = PRESENTATION_STYLE_ASSIGNMENT((#2800,#2805));
#2800 = SURFACE_STYLE_USAGE(.BOTH.,#2801);
#2801 = SURFACE_SIDE_STYLE('',(#2802));
#2802 = SURFACE_STYLE_FILL_AREA(#2803);
#2803 = FILL_AREA_STYLE('',(#2804));
#2804 = FILL_AREA_STYLE_COLOUR('',#2710);
#2805 = CURVE_STYLE('',#2806,POSITIVE_LENGTH_MEASURE(0.1),#2690);
#2806 = DRAUGHTING_PRE_DEFINED_CURVE_FONT('continuous');
#2807 = MECHANICAL_DESIGN_GEOMETRIC_PRESENTATION_REPRESENTATION('',(
    #2808),#1027);
#2808 = STYLED_ITEM('color',(#2809),#886);
#2809 = PRESENTATION_STYLE_ASSIGNMENT((#2810,#2816));
#2810 = SURFACE_STYLE_USAGE(.BOTH.,#2811);
#2811 = SURFACE_SIDE_STYLE('',(#2812));
#2812 = SURFACE_STYLE_FILL_AREA(#2813);
#2813 = FILL_AREA_STYLE('',(#2814));
#2814 = FILL_AREA_STYLE_COLOUR('',#2815);
#2815 = COLOUR_RGB('',1.0,0.491,0.138);
#2816 = CURVE_STYLE('',#2817,POSITIVE_LENGTH_MEASURE(0.1),#2690);
#2817 = DRAUGHTING_PRE_DEFINED_CURVE_FONT('continuous');
ENDSEC;
END-ISO-10303-21;
